구,법정동,아파트명,전용면적,층,건축년도,보증금,월세,년,월,일
종로구,창신동,창신쌍용1,54.7,11,1992,45000,0,2026,8,27
종로구,숭인동,리마크빌종로,19.53,5,2026,1000,131,2026,8,26
종로구,홍파동,경희궁자이(2단지),116.9383,19,2017,170000,0,2026,8,25
종로구,숭인동,리마크빌종로,19.53,5,2026,1000,123,2026,8,18
종로구,숭인동,리마크빌종로,26.6,8,2026,2000,199,2026,8,12
종로구,창신동,창신쌍용1,54.7,11,1992,45000,0,2026,8,27
종로구,창신동,두산,59.95,16,1999,44000,0,2026,8,15
종로구,인의동,효성쥬얼리시티,84.64,15,2006,30000,160,2026,8,29
종로구,숭인동,삼전솔하임2차,16.67,6,2012,1000,65,2026,8,28
종로구,평창동,갑을아파트,30.46,5,1997,1000,60,2026,8,26
종로구,숭인동,숭인모범101동,59.65,6,2000,24000,20,2026,8,25
종로구,무악동,현대,84.92,4,2000,59600,0,2026,8,27
종로구,무악동,현대,84.92,11,2000,50000,70,2026,8,27
종로구,연건동,이화에수풀,16.98,6,2014,1000,78,2026,8,27
종로구,창신동,두산,59.95,1,1999,55000,0,2026,8,24
종로구,숭인동,영하우스,20.27,14,2015,2000,58,2026,8,19
종로구,숭인동,리마크빌종로,19.53,5,2026,1000,123,2026,8,19
종로구,숭인동,숭인모범102동,59.8,2,2000,28000,10,2026,8,25
종로구,무악동,현대,60,2,2000,10000,180,2026,8,25
종로구,창신동,창신쌍용1,54.7,13,1992,45000,0,2026,8,25
종로구,무악동,현대,84.92,16,2000,78000,0,2026,8,26
종로구,창신동,창신쌍용2,64.66,1,1993,30000,35,2026,8,22
종로구,평창동,밀레니엄,137.88,5,2017,78000,0,2026,8,26
종로구,홍파동,경희궁자이(2단지),116.9862,21,2017,173000,0,2026,8,17
종로구,홍파동,경희궁자이(2단지),84.9443,15,2017,80000,190,2026,8,22
종로구,숭인동,삼전솔하임2차,15,7,2012,1000,60,2026,8,2
종로구,평동,경희궁자이(3단지),59.8547,6,2017,50000,200,2026,8,25
종로구,숭인동,삼전솔하임2차,15,8,2012,1000,70,2026,8,5
종로구,평창동,그린나래,36.83,2,2026,6618,20,2026,8,11
종로구,평동,경희궁자이(3단지),59.8547,11,2017,95000,18,2026,8,22
종로구,홍파동,경희궁자이(2단지),84.9895,10,2017,30000,380,2026,8,22
종로구,명륜2가,명륜동주상복합아남아파트,65.78,7,1999,66000,0,2026,8,25
종로구,무악동,현대,114.9,10,2000,85000,0,2026,8,24
종로구,숭인동,블루버드숭인,28.21,13,2023,30000,20,2026,8,20
종로구,내수동,경희궁파크팰리스,146.39,4,2003,127000,0,2026,8,25
종로구,효제동,포레스트힐시티,14.4835,13,2017,1000,85,2026,8,3
종로구,숭인동,리마크빌종로,19.53,8,2026,1000,135,2026,8,7
종로구,효제동,이지마루종로,26.33,8,2021,5000,135,2026,8,19
종로구,숭인동,리마크빌종로,19.53,5,2026,1000,123,2026,8,19
종로구,충신동,힐스테이트창경궁,84.96,9,2022,5000,399,2026,8,23
종로구,명륜2가,아남1,84.9,3,1995,77000,0,2026,8,22
종로구,숭인동,영하우스,16.59,17,2015,3000,49,2026,8,22
종로구,숭인동,종로센트레빌,59.92,2,2008,27000,66,2026,8,22
종로구,홍파동,경희궁자이(2단지),84.614,5,2017,130000,0,2026,8,21
종로구,사직동,광화문스페이스본(101동~105동),131.44,12,2008,160000,0,2026,8,18
종로구,창신동,창신쌍용1,79.87,7,1992,47000,0,2026,8,21
종로구,숭인동,COZY빌딩,15.306,6,2013,1000,60,2026,8,20
종로구,숭인동,종로중흥S클래스,19.466,5,2013,525,63,2026,8,19
종로구,효제동,이지마루종로,26.64,10,2021,1000,157,2026,8,18
종로구,숭인동,종로중흥S클래스,19.466,16,2013,1000,68,2026,8,14
종로구,무악동,현대,60,5,2000,6000,200,2026,8,19
종로구,창신동,두산,59.95,3,1999,52500,0,2026,8,17
종로구,숭인동,맹그로브숭인,72.64,3,2020,300,64,2026,8,3
종로구,평동,경희궁자이(3단지),84.614,3,2017,120000,0,2026,8,18
종로구,숭인동,종로청계힐스테이트,59.9426,1,2009,46000,0,2026,8,4
종로구,창신동,창신쌍용2,64.66,12,1993,39900,0,2026,8,17
종로구,충신동,힐스테이트창경궁,84.97,13,2022,5000,380,2026,8,15
종로구,홍파동,경희궁자이(2단지),84.9895,3,2017,110000,60,2026,8,8
종로구,평동,경희궁자이(3단지),84.614,18,2017,50000,280,2026,8,14
종로구,신문로2가,디팰리스,148.111,10,2020,280000,0,2026,8,11
종로구,숭인동,종로센트레빌,114.67,9,2008,80000,0,2026,8,6
종로구,익선동,운현신화타워,57.18,10,1998,3000,140,2026,8,3
종로구,사직동,광화문스페이스본(101동~105동),94.51,3,2008,40000,240,2026,8,13
종로구,신영동,대아파크빌,59.22,4,1998,4000,130,2026,8,8
종로구,숭인동,청계로벤하임,34.791,13,2023,25610,2,2026,8,12
종로구,숭인동,삼전솔하임4차,15.09,16,2014,1000,55,2026,8,4
종로구,숭인동,청계로벤하임,30.96,7,2023,13400,50,2026,8,12
종로구,평동,경희궁자이(3단지),84.614,3,2017,110000,0,2026,8,11
종로구,창신동,창신쌍용1,79.87,12,1992,50000,35,2026,8,11
종로구,숭인동,삼전솔하임4차,15.09,16,2014,1000,65,2026,8,5
종로구,교북동,동아,84.28,11,1995,44000,45,2026,8,8
종로구,창신동,창신쌍용2,115.53,3,1993,20000,210,2026,8,6
종로구,명륜3가,(1-102),70.05,1,1997,8000,40,2026,8,8
종로구,창신동,두산,84.9,12,1999,65000,0,2026,8,9
종로구,홍파동,경희궁자이(2단지),59.895,15,2017,114000,0,2026,8,9
종로구,숭인동,종로센트레빌,59.92,2,2008,28000,46,2026,8,8
종로구,내수동,경희궁의아침4단지,124.17,13,2004,115000,50,2026,8,6
종로구,숭인동,종로센트레빌,114.67,9,2008,80000,0,2026,8,6
종로구,평동,경희궁자이(3단지),84.8359,5,2017,130000,0,2026,8,1
종로구,창신동,창신쌍용2,79.87,14,1993,45000,0,2026,8,5
종로구,익선동,현대뜨레비앙,48.54,7,2003,26000,40,2026,8,4
종로구,충신동,힐스테이트창경궁,76.82,14,2022,44000,180,2026,8,1
종로구,교북동,경희궁자이(4단지),45.879,13,2017,14269,166,2026,8,1
종로구,교북동,경희궁자이(4단지),37.2635,13,2017,5000,200,2026,8,1
종로구,창신동,창신쌍용1,79.87,4,1992,58000,0,2026,8,1
종로구,창신동,창신쌍용1,79.87,4,1992,37000,0,2026,8,3
종로구,익선동,현대뜨레비앙,46.64,4,2003,30000,0,2026,8,1
중구,순화동,덕수궁롯데캐슬,56.2897,10,2016,50700,59,2026,8,18
중구,인현동2가,세운푸르지오헤리시티,29.4564,25,2023,2000,150,2026,8,15
중구,흥인동,리마크빌동대문,24.96,14,2016,1000,92,2026,8,26
중구,신당동,청구e편한세상,59.89,9,2011,80000,0,2026,8,27
중구,중림동,브라운스톤서울,84.878,34,2006,0,410,2026,8,24
중구,황학동,롯데캐슬,84.97,11,2008,500,231,2026,8,4
중구,신당동,남산타운,84.88,16,2002,73500,0,2026,8,27
중구,신당동,신당아르브,16.87,5,2014,3000,70,2026,8,29
중구,회현동1가,삼풍,66.16,9,1975,29400,0,2026,8,31
중구,흥인동,동대문와이즈캐슬,16.3,13,2014,1000,87,2026,8,8
중구,신당동,약수하이츠,84.88,11,1999,73500,0,2026,8,29
중구,신당동,신당KCC스위첸,72.9906,11,2019,88000,0,2026,8,30
중구,정동,삼정아트테라스정동,18.6574,6,2020,2000,150,2026,8,29
중구,순화동,덕수궁롯데캐슬,56.2897,10,2016,50700,59,2026,8,18
중구,중림동,삼성사이버빌리지,84.93,12,2001,38000,48,2026,8,29
중구,중림동,삼성사이버빌리지,59.7,1,2001,10000,169,2026,8,12
중구,을지로5가,삼성파크빌,84.85,8,2006,54600,0,2026,8,27
중구,묵정동,힐스테이트남산,49.41,7,2024,5000,250,2026,8,5
중구,신당동,약수하이츠,57.63,5,1999,57000,0,2026,8,26
중구,정동,삼정아트테라스정동,22.4734,5,2020,3000,145,2026,8,27
중구,신당동,남산타운,84.88,18,2002,40000,144,2026,8,11
중구,황학동,롯데캐슬,59.91,21,2008,60900,0,2026,8,27
중구,묵정동,힐스테이트남산,46.46,6,2024,5000,240,2026,8,4
중구,흥인동,청계천두산위브더제니스,147.3212,5,2014,145000,0,2026,8,24
중구,황학동,롯데캐슬,59.91,28,2008,20000,200,2026,8,22
중구,황학동,롯데캐슬,84.97,16,2008,75000,60,2026,8,13
중구,흥인동,동대문와이즈캐슬,16.3,13,2014,1000,87,2026,8,15
중구,신당동,청구e편한세상,84.95,9,2011,98000,0,2026,8,10
중구,만리동2가,서울역센트럴자이,84.9791,2,2017,40000,270,2026,8,28
중구,황학동,황학아크로타워,84.893,11,2010,75000,0,2026,8,21
중구,입정동,힐스테이트세운센트럴1단지,46.6997,18,2023,61000,0,2026,8,27
중구,만리동2가,서울역센트럴자이,59.9707,15,2017,82000,0,2026,8,27
중구,신당동,남산타운,59.94,3,2002,10000,220,2026,8,27
중구,흥인동,리마크빌동대문,24.96,19,2016,1000,95,2026,8,11
중구,신당동,삼성,59.97,15,1999,25000,100,2026,8,21
중구,만리동2가,서울역센트럴자이,72.9965,12,2017,40000,175,2026,8,3
중구,만리동2가,서울역센트럴자이,72.9965,22,2017,92000,0,2026,8,22
중구,만리동2가,서울역센트럴자이,84.972,20,2017,70000,100,2026,8,17
중구,을지로5가,삼성파크빌,84.65,8,2006,60000,0,2026,8,25
중구,황학동,롯데캐슬,84.9,13,2008,75000,0,2026,8,17
중구,신당동,래미안하이베르,84.85,6,2011,30000,173,2026,8,26
중구,신당동,하이1(113-5),56.1,5,2000,5000,120,2026,8,24
중구,신당동,래미안하이베르,84.85,6,2011,30000,170,2026,8,26
중구,순화동,덕수궁롯데캐슬,56.2897,8,2016,10000,260,2026,8,13
중구,정동,삼정아트테라스정동,17.7034,6,2020,28000,0,2026,8,4
중구,만리동2가,서울역센트럴자이,59.943,18,2017,71000,0,2026,8,22
중구,흥인동,동대문솔하임,19.6,20,2016,1000,95,2026,8,26
중구,만리동2가,서울역센트럴자이,59.943,7,2017,75000,0,2026,8,14
중구,순화동,덕수궁롯데캐슬,31.7571,9,2016,2000,156,2026,8,18
중구,신당동,청구e편한세상,84.96,5,2011,40000,190,2026,8,18
중구,신당동,청구드림,84.94,1,2002,70000,0,2026,8,12
중구,묵정동,충무,54.18,6,1982,28000,0,2026,8,25
중구,신당동,남산타운,84.88,18,2002,10000,300,2026,8,7
중구,묵정동,힐스테이트남산,44.55,2,2024,61950,0,2026,8,25
중구,신당동,삼성,84.96,16,1999,68250,0,2026,8,8
중구,충무로4가,진양상가,71.93,9,1970,500,48,2026,8,20
중구,회현동1가,SK리더스뷰남산,145.79,16,2010,155000,0,2026,8,25
중구,신당동,삼성,84.96,2,1999,75000,0,2026,8,11
중구,신당동,남산타운,84.88,13,2002,75000,0,2026,8,21
중구,중림동,삼성사이버빌리지,84.93,2,2001,73000,30,2026,8,13
중구,신당동,신당파인힐하나유보라,24.3931,8,2019,1028,74,2026,8,12
중구,신당동,한스아파트,16.64,2,2011,14000,0,2026,8,24
중구,흥인동,동대문와이즈캐슬,15.55,10,2014,1000,75,2026,8,6
중구,흥인동,동대문와이즈캐슬,15.55,10,2014,1000,75,2026,8,6
중구,신당동,남산타운,84.88,11,2002,20000,210,2026,8,24
중구,인현동2가,세운푸르지오헤리시티,29.4564,16,2023,3000,150,2026,8,21
중구,황학동,롯데캐슬,59.91,18,2008,10000,200,2026,8,24
중구,만리동2가,서울역한라비발디센트럴,71.9832,9,2018,76662,0,2026,8,22
중구,충무로5가,이지마루충무로,27.8,10,2020,24600,20,2026,8,23
중구,남대문로5가,남산트라팰리스,116.11,10,2010,118500,0,2026,8,8
중구,입정동,힐스테이트세운센트럴2단지,49.2134,24,2023,64000,0,2026,8,21
중구,신당동,남산타운,59.94,13,2002,62000,0,2026,8,11
중구,황학동,롯데캐슬,59.94,22,2008,55000,0,2026,8,20
중구,신당동,삼성홈타운,83.94,6,2004,10000,230,2026,8,21
중구,신당동,청구e편한세상,84.96,4,2011,97000,0,2026,8,11
중구,입정동,힐스테이트세운센트럴1단지,49.9668,6,2023,71000,0,2026,8,22
중구,신당동,남산타운,59.94,18,2002,53550,0,2026,8,21
중구,신당동,약수역더시티,19.06,4,2021,22000,0,2026,8,21
중구,신당동,신당아르브,16.87,7,2014,11000,40,2026,8,20
중구,신당동,수산타운(2차),32.86,1,2001,9600,0,2026,8,20
중구,중림동,삼성사이버빌리지,76.83,1,2001,41000,20,2026,8,21
중구,신당동,남산타운,84.88,6,2002,80000,0,2026,8,11
중구,신당동,남산타운,114.88,18,2002,31000,280,2026,8,19
중구,신당동,삼성,84.96,6,1999,10000,240,2026,8,19
중구,회현동1가,SK리더스뷰남산,137.53,25,2010,150000,0,2026,8,21
중구,신당동,신당아르브,16.87,7,2014,11,40,2026,8,20
중구,인현동2가,세운푸르지오헤리시티,29.4564,22,2023,5000,140,2026,8,21
중구,신당동,남산타운,114.88,2,2002,77700,0,2026,8,8
중구,중림동,더플레이스충정로,17.68,4,2012,1000,73,2026,8,14
중구,정동,정동,46.26,5,1965,39000,0,2026,8,6
중구,신당동,신당파인힐하나유보라,32.5619,15,2019,4112,83,2026,8,5
중구,정동,삼정아트테라스정동,14.2664,5,2020,16000,32,2026,8,11
중구,신당동,남산타운,84.88,2,2002,30000,180,2026,8,20
중구,입정동,힐스테이트세운센트럴2단지,45.9844,19,2023,5000,250,2026,8,20
중구,입정동,힐스테이트세운센트럴1단지,59.6641,7,2023,12000,410,2026,8,10
중구,황학동,(1546-0),29.35,7,2015,1000,130,2026,8,15
중구,신당동,삼성,59.98,15,1999,62000,0,2026,8,15
중구,신당동,동평화패션타운,66.32,6,1968,1000,110,2026,8,17
중구,신당동,약수하이츠,65.37,3,1999,21000,90,2026,8,15
중구,신당동,래미안하이베르,59.74,15,2011,10000,250,2026,8,15
중구,인현동2가,세운푸르지오헤리시티,28.4064,12,2023,33000,0,2026,8,19
중구,입정동,힐스테이트세운센트럴1단지,59.6641,16,2023,5000,440,2026,8,13
중구,묵정동,힐스테이트남산,44.55,2,2024,5000,250,2026,8,12
중구,회현동2가,쌍용남산플래티넘,139.8,16,2010,1000,690,2026,8,12
중구,황학동,롯데캐슬,59.94,19,2008,63000,0,2026,8,18
중구,중림동,삼성사이버빌리지,84.95,12,2001,69010,0,2026,8,15
중구,신당동,남산타운,59.94,12,2002,57750,0,2026,8,17
중구,신당동,약수하이츠,65.37,12,1999,64000,0,2026,8,12
중구,만리동2가,서울역센트럴자이,59.9707,15,2017,5000,340,2026,8,13
중구,만리동2가,서울역센트럴자이,84.972,6,2017,95000,0,2026,8,17
중구,신당동,남산타운,84.88,7,2002,72000,0,2026,8,15
중구,신당동,남산타운,59.94,5,2002,47000,29,2026,8,15
중구,신당동,남산타운,59.94,18,2002,60000,0,2026,8,14
중구,신당동,삼성,59.97,4,1999,54000,0,2026,8,15
중구,황학동,황학아크로타워,84.965,16,2010,85000,0,2026,8,17
중구,만리동2가,서울역센트럴자이,84.972,20,2017,99750,0,2026,8,13
중구,신당동,남산타운,59.94,11,2002,53250,0,2026,8,8
중구,정동,삼정아트테라스정동,20.0525,9,2020,34000,0,2026,8,11
중구,만리동2가,서울역한라비발디센트럴,84.9774,2,2018,94500,0,2026,8,14
중구,중림동,리하우스(LEEHAUS),43.056,1,2011,10000,69,2026,8,10
중구,신당동,남산타운,114.88,14,2002,95000,0,2026,8,11
중구,신당동,약수하이츠,57.63,18,1999,65000,0,2026,8,11
중구,정동,삼정아트테라스정동,28.1974,4,2020,36500,0,2026,8,13
중구,신당동,청구드림,84.94,1,2002,70000,0,2026,8,12
중구,신당동,삼성,84.96,15,1999,70000,0,2026,8,12
중구,오장동,오렌지카운티을지로,12.43,14,2020,12800,14,2026,8,13
중구,정동,삼정아트테라스정동,22.7536,3,2020,5000,145,2026,8,12
중구,흥인동,청계천두산위브더제니스,124.2215,20,2014,1000,50,2026,8,10
중구,황학동,청계리버팰리스B,26.94,8,2018,3000,130,2026,8,9
중구,황학동,황학아크로타워,111.224,11,2010,110000,0,2026,8,12
중구,흥인동,동대문와이즈캐슬,15.55,9,2014,1000,75,2026,8,10
중구,황학동,롯데캐슬,59.91,10,2008,5000,168,2026,8,8
중구,황학동,롯데캐슬,59.91,13,2008,63000,0,2026,8,6
중구,신당동,신당푸르지오,84.39,14,2005,75000,10,2026,8,7
중구,신당동,남산타운,59.94,4,2002,60000,0,2026,8,11
중구,만리동2가,서울역센트럴자이,59.9808,21,2017,92000,0,2026,8,6
중구,신당동,남산타운,59.94,10,2002,10000,127,2026,8,6
중구,충무로5가,충무로엘크루메크로시티2차,22.75,9,2016,19000,0,2026,8,7
중구,신당동,신당동파라다이스,59.9,9,2000,27000,80,2026,8,11
중구,회현동1가,SK리더스뷰남산,122.7,14,2010,120000,0,2026,8,10
중구,신당동,약수하이츠,84.88,3,1999,75000,30,2026,8,11
중구,인현동2가,세운푸르지오헤리시티,24.5533,10,2023,500,155,2026,8,7
중구,황학동,롯데캐슬,84.92,23,2008,78000,0,2026,8,7
중구,인현동2가,세운푸르지오헤리시티,40.7637,25,2023,10000,180,2026,8,8
중구,신당동,남산타운,84.88,6,2002,75000,0,2026,8,6
중구,신당동,현대,139.275,4,1993,40000,70,2026,8,1
중구,황학동,황학아크로타워,134.301,12,2010,30000,350,2026,8,3
중구,신당동,약수하이츠,57.63,3,1999,64500,0,2026,8,8
중구,충무로5가,충무로헤센스마트,31.02,3,2018,32000,0,2026,8,8
중구,신당동,현대,139.275,4,1993,40000,70,2026,8,1
중구,황학동,한양I-Class,16.37,15,2013,1000,70,2026,8,7
중구,만리동1가,서울역디오빌,73.86,12,2005,64000,0,2026,8,8
중구,신당동,남산타운,59.94,8,2002,25000,111,2026,8,8
중구,필동3가,미주,130.95,4,1976,30000,0,2026,8,7
중구,오장동,오렌지카운티을지로,14.54,15,2020,16400,0,2026,8,1
중구,만리동2가,서울역센트럴자이,84.9791,12,2017,3000,400,2026,8,7
중구,신당동,남산타운,114.88,7,2002,95000,0,2026,8,7
중구,입정동,힐스테이트세운센트럴2단지,42.998,16,2023,46200,0,2026,8,7
중구,황학동,롯데캐슬,84.97,23,2008,68000,12,2026,8,7
중구,오장동,오렌지카운티을지로,14.54,14,2020,17000,0,2026,8,6
중구,만리동2가,서울역센트럴자이,59.9707,20,2017,75000,0,2026,8,5
중구,신당동,신당파인힐하나유보라,30.4927,9,2019,4112,76,2026,8,1
중구,흥인동,동대문와이즈캐슬,22.07,8,2014,17700,10,2026,8,5
중구,묵정동,힐스테이트남산,46.65,6,2024,5000,260,2026,8,3
중구,정동,삼정아트테라스정동,36.7834,2,2020,35000,60,2026,8,5
중구,묵정동,힐스테이트남산,44.55,7,2024,2000,280,2026,8,6
중구,만리동2가,서울역센트럴자이,72.8899,13,2017,84000,0,2026,8,5
중구,순화동,바비엥3,65.71,13,2006,55000,0,2026,8,5
중구,신당동,청구e편한세상,84.96,11,2011,89000,0,2026,8,5
중구,묵정동,힐스테이트남산,21.05,3,2024,3000,145,2026,8,3
중구,만리동2가,서울역센트럴자이,59.943,9,2017,83000,0,2026,8,4
중구,신당동,약수하이츠,114.92,9,1999,20000,240,2026,8,1
중구,황학동,롯데캐슬,114.9,29,2008,50000,100,2026,8,3
중구,정동,삼정아트테라스정동,27.2434,3,2020,36500,0,2026,8,4
중구,신당동,청구e편한세상,84.95,3,2011,70000,80,2026,8,1
중구,인현동2가,세운푸르지오헤리시티,28.4064,7,2023,3000,150,2026,8,3
중구,황학동,DUO302,15.97,13,2014,1000,74,2026,8,3
중구,신당동,현대,139.275,2,1993,20000,210,2026,8,1
중구,신당동,청구e편한세상,84.96,8,2011,85000,0,2026,8,1
용산구,이촌동,우성,58.2,6,1995,59850,0,2026,8,24
용산구,산천동,리버힐삼성,59.55,20,2001,35000,100,2026,8,9
용산구,효창동,효창한신,71.77,3,1987,46000,0,2026,8,9
용산구,한강로3가,쌍용스윗닷홈,84.98,8,2003,72000,0,2026,8,8
용산구,도원동,삼성래미안,59.94,19,2001,48000,0,2026,8,8
용산구,원효로4가,산호,40.46,4,1977,16000,0,2026,8,1
용산구,한강로3가,용산시티파크(1단지),146.53,33,2007,140000,0,2026,8,28
용산구,용산동5가,용산파크타워(24-1),140.31,13,2009,5000,740,2026,8,31
용산구,이촌동,강촌,59.12,15,1998,3000,100,2026,8,8
용산구,서빙고동,그린파크(코오롱하늘채),84.99,4,2000,71600,0,2026,8,28
용산구,한남동,형우베스트빌3차,228.21,3,2000,300000,400,2026,8,31
용산구,문배동,CJ나인파크,123.47,26,2007,25000,380,2026,8,19
용산구,이촌동,현대한강,59.55,7,1997,10000,210,2026,8,28
용산구,신계동,용산e편한세상,84.89,4,2011,70000,120,2026,8,22
용산구,산천동,한강타운,59.69,10,2001,38500,0,2026,8,22
용산구,서빙고동,신동아,140.81,4,1984,100000,130,2026,8,31
용산구,서빙고동,신동아,140.81,4,1984,100000,130,2026,8,31
용산구,한남동,대림아르빌,84.64,5,2005,1000,341,2026,8,31
용산구,한남동,한남더힐,233.062,5,2011,540000,0,2026,8,27
용산구,이촌동,북한강(성원),59.55,17,2001,63000,0,2026,8,25
용산구,한강로2가,한강로대우아이빌,28.22,11,2004,25300,0,2026,8,29
용산구,이촌동,현대한강,59.55,14,1997,65000,0,2026,8,28
용산구,원효로1가,시온캐슬용산,23.673,18,2021,33000,0,2026,8,29
용산구,도원동,삼성래미안,59.94,22,2001,3010,139,2026,8,13
용산구,이촌동,한강(대우),84.98,6,2000,90000,0,2026,8,29
용산구,이태원동,남산대림,59.92,4,1994,3000,250,2026,8,31
용산구,한강로2가,벽산메가트리움,84.97,13,2005,10000,320,2026,8,7
용산구,문배동,용산KCC웰츠타워,84.03,18,2015,85000,0,2026,8,30
용산구,용산동5가,용산파크타워(24-1),205.29,31,2009,150000,250,2026,8,29
용산구,이촌동,한가람,84.96,17,1998,70000,14,2026,8,25
용산구,이촌동,한강(대우),60,19,2000,33800,111,2026,8,28
용산구,원효로1가,용산원효루미니,29.9626,22,2022,2622,25,2026,8,18
용산구,이촌동,한가람,84.89,13,1998,105000,0,2026,8,19
용산구,이태원동,청화1,106.12,6,1982,50000,0,2026,8,27
용산구,한강로2가,벽산메가트리움,84.97,24,2005,0,360,2026,8,28
용산구,이촌동,시범(중산1차),59.5,3,1970,1500,105,2026,8,26
용산구,한강로2가,용산베르디움프렌즈,19.6951,20,2021,8316,15,2026,8,28
용산구,한강로2가,아스테리움용산,171.28,12,2012,200000,330,2026,8,28
용산구,이촌동,왕궁,102.48,3,1974,73500,0,2026,8,26
용산구,효창동,효창로즈,84.76,8,2001,10000,200,2026,8,28
용산구,원효로2가,리버파크뷰,25.11,18,2024,41000,10,2026,8,26
용산구,원효로1가,용산더프라임,123.673,18,2014,128000,0,2026,8,25
용산구,한남동,한남동리첸시아,73.39,2,2004,79800,0,2026,8,27
용산구,산천동,리버힐삼성,84.98,13,2001,71000,0,2026,8,26
용산구,이촌동,삼익,145.19,7,1979,73000,0,2026,8,25
용산구,이촌동,이촌코오롱(A),59.82,4,1999,54000,0,2026,8,7
용산구,동자동,센트레빌아스테리움서울,208.39,30,2013,0,1080,2026,8,26
용산구,이촌동,한강(대우),60,7,2000,65985,50,2026,8,21
용산구,이촌동,강촌,106.645,6,1998,10000,365,2026,8,1
용산구,이촌동,강촌,114.595,10,1998,110250,0,2026,8,22
용산구,이촌동,한가람,59.88,10,1998,81000,0,2026,8,16
용산구,한강로3가,용산시티파크(1단지),177.52,40,2007,2000,1000,2026,8,14
용산구,효창동,효창파크푸르지오,84.45,2,2010,92000,0,2026,8,23
용산구,원효로1가,용산원효루미니,33.9588,28,2022,13533,60,2026,8,27
용산구,한강로2가,벽산메가트리움,84.74,24,2005,90000,0,2026,8,26
용산구,서빙고동,아페르파크,194.8731,6,2026,560000,0,2026,8,27
용산구,이촌동,한가람,84.89,1,1998,100000,0,2026,8,22
용산구,용산동5가,용산파크타워(24-0),131.53,16,2009,170000,0,2026,8,27
용산구,문배동,용산KCC웰츠타워,84.03,26,2015,84000,0,2026,8,25
용산구,원효로1가,용산원효루미니,33.9588,20,2022,13533,62,2026,8,27
용산구,서빙고동,신동아,140.81,4,1984,47500,125,2026,8,25
용산구,이촌동,한강맨숀,120.56,3,1971,10000,168,2026,8,27
용산구,동빙고동,SOD빌,82.35,1,2004,1000,280,2026,8,24
용산구,이촌동,한가람,59.88,18,1998,3000,182,2026,8,12
용산구,이촌동,대림,84.78,10,1994,65000,0,2026,8,26
용산구,한강로2가,용산파크e-편한세상,113.31,23,2007,60000,240,2026,8,10
용산구,원효로1가,용산원효루미니,29.9626,19,2022,7165,10,2026,8,19
용산구,한강로3가,용산시티파크(1단지),177.52,30,2007,20000,1200,2026,8,9
용산구,한남동,한남해피트리,66.46,4,2016,90000,0,2026,8,26
용산구,한강로3가,센트럴파크,114.5011,20,2020,199500,0,2026,8,26
용산구,이촌동,한강맨숀,120.56,2,1971,40000,0,2026,8,26
용산구,이촌동,시범(중산1차),59.5,4,1970,10000,45,2026,8,11
용산구,용산동5가,용산파크타워(24-0),149.92,32,2009,100000,0,2026,8,26
용산구,한강로2가,한강로대우아이빌,28.22,14,2004,26000,0,2026,8,13
용산구,한남동,한남아이파크애비뉴,49.9061,13,2017,5000,310,2026,8,2
용산구,이촌동,한가람,59.88,5,1998,74000,0,2026,8,13
용산구,이촌동,한가람,114.96,9,1998,117000,0,2026,8,23
용산구,도원동,삼성래미안,114.99,8,2001,85050,0,2026,8,25
용산구,한남동,효성빌리지,84.94,1,2000,7000,480,2026,8,25
용산구,한강로2가,벽산메가트리움,84.87,24,2005,84000,0,2026,8,25
용산구,이태원동,창덕아파트,84.75,4,1996,15000,140,2026,8,15
용산구,이촌동,강촌,59.12,14,1998,10000,250,2026,8,18
용산구,원효로4가,산호,40.46,4,1977,16000,0,2026,8,1
용산구,한남동,한남동리첸시아,84.64,5,2004,130000,0,2026,8,12
용산구,도원동,제일1,45.26,3,1971,17520,0,2026,8,11
용산구,원효로1가,용산원효루미니,43.9656,3,2022,17344,80,2026,8,20
용산구,동자동,센트레빌아스테리움서울,149.05,6,2013,153000,0,2026,8,22
용산구,이촌동,한가람,59.88,14,1998,63000,0,2026,8,22
용산구,원효로1가,용산원효루미니,15.965,29,2022,6543,30,2026,8,24
용산구,신계동,용산e편한세상,84.21,8,2011,105000,0,2026,8,24
용산구,산천동,리버힐삼성,114.48,19,2001,90000,0,2026,8,24
용산구,신계동,용산e편한세상,84.89,4,2011,70000,120,2026,8,22
용산구,원효로1가,용산원효루미니,43.9656,14,2022,17344,80,2026,8,20
용산구,원효로1가,리첸시아용산A,122.54,21,2010,80000,150,2026,8,24
용산구,효창동,용산데시앙포레,84.9956,1,2022,84000,0,2026,8,5
용산구,문배동,CJ나인파크,123.47,6,2007,95000,0,2026,8,22
용산구,한강로1가,용산파크자이,99.85,33,2005,110000,0,2026,8,22
용산구,한강로2가,용산베르디움프렌즈,39.8036,21,2021,11530,43,2026,8,24
용산구,서빙고동,신동아,95.66,3,1984,57750,0,2026,8,6
용산구,한강로3가,우림필유,84.99,10,2006,10000,300,2026,8,21
용산구,원효로3가,용산소미글로벌리버파크,18.69,16,2022,23500,0,2026,8,14
용산구,문배동,리첸시아용산B,84.98,20,2010,90000,0,2026,8,22
용산구,한강로3가,용산시티파크(1단지),144.95,32,2007,100000,250,2026,8,22
용산구,이촌동,동아그린,84.82,15,1999,25000,220,2026,8,22
용산구,문배동,용산KCC웰츠타워,97.83,14,2015,110000,0,2026,8,1
용산구,후암동,몬테피오레,82.1,5,2012,54000,24,2026,8,8
용산구,한남동,한남힐스테이트,151.071,12,2003,41600,380,2026,8,20
용산구,한남동,한남힐스테이트,130.898,3,2003,13000,375,2026,8,21
용산구,원효로1가,용산더프라임,114.218,33,2014,20000,500,2026,8,5
용산구,이태원동,청화1,142.71,10,1982,60000,0,2026,8,10
용산구,용문동,브라운스톤,59.94,10,2011,68000,0,2026,8,19
용산구,원효로1가,용산원효루미니,17.9822,9,2022,4671,7,2026,8,19
용산구,한강로2가,용산푸르지오써밋(420),189.6783,36,2017,10000,1500,2026,8,12
용산구,한남동,한남힐스테이트,127.2,11,2003,10000,450,2026,8,3
용산구,이촌동,한가람,84.96,10,1998,10000,320,2026,8,9
용산구,원효로1가,용산더프라임,84.976,22,2014,94500,0,2026,8,13
용산구,동자동,센트레빌아스테리움서울,166.6,34,2013,0,950,2026,8,14
용산구,원효로1가,용산원효루미니,17.9822,6,2022,4671,7,2026,8,21
용산구,보광동,신동아1,84.93,11,1992,40000,50,2026,8,1
용산구,한강로3가,센트럴파크,114.8905,41,2020,120000,348,2026,8,20
용산구,원효로1가,용산원효루미니,29.9626,11,2022,5245,19,2026,8,20
용산구,문배동,이안용산프리미어,109.74,13,2007,95000,0,2026,8,19
용산구,이촌동,한강(대우),60,12,2000,5000,250,2026,8,6
용산구,원효로1가,용산원효루미니,17.9822,7,2022,4671,7,2026,8,20
용산구,원효로1가,용산원효루미니,29.9626,19,2022,5245,19,2026,8,19
용산구,한강로2가,용산베르디움프렌즈,39.8036,37,2021,5342,18,2026,8,19
용산구,원효로1가,용산원효루미니,29.9626,6,2022,2622,25,2026,8,18
용산구,보광동,리버빌(삼성),84.74,8,2000,70000,0,2026,8,19
용산구,한남동,한성1,55.37,4,1974,2000,90,2026,8,14
용산구,동자동,센트레빌아스테리움서울,128.06,28,2013,89250,0,2026,8,19
용산구,한강로2가,용산아이피아대주피오레,84.6,14,2007,20000,150,2026,8,14
용산구,도원동,삼성래미안,59.94,5,2001,1000,350,2026,8,15
용산구,원효로1가,용산원효루미니,29.9626,9,2022,5245,19,2026,8,19
용산구,이촌동,점보,217.36,13,1974,10000,480,2026,8,19
용산구,한강로3가,센트럴파크,114.5011,12,2020,10000,950,2026,8,19
용산구,산천동,리버힐삼성,84.98,13,2001,20000,220,2026,8,17
용산구,문배동,CJ나인파크,97.24,6,2007,93000,0,2026,8,1
용산구,문배동,용산KCC웰츠타워,97.83,14,2015,110000,0,2026,8,1
용산구,원효로1가,용산원효루미니,29.9626,22,2022,5245,19,2026,8,18
용산구,원효로1가,용산원효루미니,17.9822,14,2022,4671,7,2026,8,18
용산구,원효로4가,강변삼성스위트,84.94,18,1999,10000,185,2026,8,18
용산구,이촌동,래미안첼리투스,124.02,5,2015,180100,150,2026,8,17
용산구,원효로1가,용산원효루미니,29.9626,13,2022,7075,10,2026,8,18
용산구,효창동,아이딜,79.06,2,2005,45000,0,2026,8,8
용산구,이촌동,래미안첼리투스,124.02,5,2015,180100,150,2026,8,17
용산구,한강로2가,용산베르디움프렌즈,39.8036,33,2021,16080,29,2026,8,18
용산구,한강로2가,용산베르디움프렌즈,19.6951,16,2021,3564,29,2026,8,18
용산구,한강로3가,센트럴파크,102.8617,35,2020,30000,800,2026,8,7
용산구,이태원동,남산대림,59.92,2,1994,5000,250,2026,8,17
용산구,원효로1가,용산원효루미니,29.9626,24,2022,5245,19,2026,8,18
용산구,서계동,어반허브서울스테이션(UrbanHubSeoulStation),22.0266,4,2025,3570,16,2026,8,18
용산구,이촌동,이촌코오롱(A),114.69,7,1999,115500,0,2026,8,8
용산구,원효로1가,용산원효루미니,29.9626,6,2022,5245,19,2026,8,18
용산구,원효로1가,용산원효루미니,29.9626,18,2022,5245,19,2026,8,18
용산구,한남동,대림아르빌,72.25,6,2005,15000,330,2026,8,7
용산구,문배동,지오베르크,84.99,11,2004,50000,130,2026,8,18
용산구,이촌동,한가람,84.89,12,1998,40000,196,2026,8,14
용산구,원효로4가,산호,40.46,4,1977,1000,45,2026,8,15
용산구,도원동,삼성래미안,59.94,21,2001,50000,80,2026,8,15
용산구,서빙고동,그린파크(코오롱하늘채),117.77,14,2000,93000,0,2026,8,1
용산구,문배동,아크로타워,126.3,25,2007,50000,270,2026,8,14
용산구,이촌동,한가람,59.88,15,1998,52500,70,2026,8,13
용산구,서빙고동,아페르파크,243.0392,5,2026,400000,0,2026,8,12
용산구,갈월동,용산남영역롯데캐슬헤리티지,49.7596,11,2025,23300,91,2026,8,13
용산구,동자동,센트레빌아스테리움서울,208.39,31,2013,178000,0,2026,8,11
용산구,이촌동,한가람,59.88,20,1998,50000,80,2026,8,14
용산구,이촌동,강변,66.08,6,1971,25000,0,2026,8,14
용산구,한강로2가,용산베르디움프렌즈,49.9933,7,2021,19707,36,2026,8,14
용산구,신계동,용산e편한세상,84.89,21,2011,104000,0,2026,8,14
용산구,문배동,이안용산1차(103동),84.96,7,2005,68000,0,2026,8,13
용산구,이촌동,한가람,59.88,14,1998,84000,0,2026,8,14
용산구,한남동,한남더힐,59.7,7,2011,178500,0,2026,8,13
용산구,이촌동,이촌시범,59.5,6,1970,20000,0,2026,8,13
용산구,보광동,리버빌(삼성),84.96,12,2000,67000,0,2026,8,13
용산구,이촌동,강촌,59.12,9,1998,5000,211,2026,8,8
용산구,효창동,용산롯데캐슬센터포레,59.9525,17,2019,90000,0,2026,8,11
용산구,원효로1가,리첸시아용산A,122.85,19,2010,20000,423,2026,8,6
용산구,한남동,나인원한남,244.3478,5,2019,650000,2000,2026,8,13
용산구,이촌동,대림,114.96,8,1994,10000,320,2026,8,13
용산구,원효로1가,용산더프라임,84.976,35,2014,96000,0,2026,8,8
용산구,이촌동,현대한강,59.55,3,1997,20000,150,2026,8,4
용산구,이태원동,남산대림,59.92,2,1994,3000,250,2026,8,10
용산구,신계동,용산e편한세상,84.89,18,2011,100000,0,2026,8,12
용산구,이촌동,동아그린,59.58,12,1999,53000,0,2026,8,11
용산구,효창동,용산케이씨씨스위첸,59.98,4,2018,30000,270,2026,8,10
용산구,원효로1가,시온캐슬용산,19.33,17,2021,30000,0,2026,8,11
용산구,용문동,브라운스톤,84.91,9,2011,77000,0,2026,8,12
용산구,원효로1가,용산원효루미니,43.9656,8,2022,13875,97,2026,8,12
용산구,이촌동,한가람,59.88,12,1998,5000,230,2026,8,11
용산구,이촌동,한가람,84.96,21,1998,80000,0,2026,8,11
용산구,이촌동,한강(대우),60,10,2000,10000,280,2026,8,11
용산구,이촌동,시범(중산1차),59.5,5,1970,20000,0,2026,8,11
용산구,이촌동,대림,59.22,6,1994,52000,0,2026,8,4
용산구,이촌동,한강(대우),60,11,2000,73000,30,2026,8,11
용산구,갈월동,용산남영역롯데캐슬헤리티지,39.8291,19,2025,19900,79,2026,8,10
용산구,이촌동,동아그린,59.58,15,1999,8000,200,2026,8,8
용산구,이촌동,한가람,84.96,3,1998,103000,0,2026,8,8
용산구,원효로1가,용산원효루미니,43.9656,25,2022,13875,95,2026,8,10
용산구,원효로1가,용산원효루미니,17.9822,13,2022,4671,0,2026,8,11
용산구,원효로1가,용산원효루미니,33.9588,23,2022,13533,64,2026,8,10
용산구,동자동,센트레빌아스테리움서울,128.06,13,2013,102000,0,2026,8,1
용산구,원효로1가,용산원효루미니,33.9588,19,2022,13533,63,2026,8,10
용산구,이촌동,한가람,84.96,14,1998,110000,0,2026,8,8
용산구,효창동,효창한신,71.77,3,1987,46000,0,2026,8,9
용산구,한강로3가,센트럴파크,114.5011,18,2020,126000,220,2026,8,11
용산구,이촌동,한강(대우),84.98,18,2000,105000,0,2026,8,10
용산구,원효로4가,강변삼성스위트,59.94,17,1999,66150,0,2026,8,10
용산구,원효로1가,용산원효루미니,43.9656,22,2022,17344,80,2026,8,10
용산구,문배동,프라임펠리스,13.69,16,2012,14400,0,2026,8,10
용산구,이태원동,어반메시남산,55.781,3,2021,85000,0,2026,8,7
용산구,이촌동,두산위브트레지움,89.09,3,1976,80850,0,2026,8,6
용산구,산천동,리버힐삼성,84.98,10,2001,65000,0,2026,8,8
용산구,이촌동,두산위브트레지움,89.09,3,1976,80850,0,2026,8,6
용산구,원효로1가,용산파크뷰(46-3),27.57,9,2018,10000,120,2026,8,10
용산구,효창동,용산롯데캐슬센터포레,59.9525,5,2019,50000,160,2026,8,8
용산구,이촌동,대림,59.22,9,1994,39350,0,2026,8,10
용산구,한남동,한남동리첸시아,84.64,3,2004,10000,472,2026,8,10
용산구,한남동,한남아이파크애비뉴,46.2439,7,2017,70000,0,2026,8,8
용산구,한강로3가,센트럴파크,92.9164,21,2020,142500,0,2026,8,8
용산구,이촌동,한가람,59.88,12,1998,30000,150,2026,8,8
용산구,신계동,용산e편한세상,84.89,11,2011,10000,327,2026,8,3
용산구,도원동,삼성래미안,84.69,12,2001,77000,0,2026,8,3
용산구,도원동,삼성래미안,59.94,19,2001,48000,0,2026,8,8
용산구,효창동,용산롯데캐슬센터포레,84.9204,17,2019,95000,19,2026,8,8
용산구,이촌동,우성,114.74,8,1995,60000,260,2026,8,7
용산구,신계동,용산e편한세상,84.21,6,2011,100000,0,2026,8,7
용산구,한남동,한남파라곤,82.624,2,2011,20000,440,2026,8,6
용산구,용문동,대호드림빌(38-213),82.34,5,2002,49000,0,2026,8,7
용산구,문배동,G&P용산파크,27.04,13,2018,33500,0,2026,8,3
용산구,이촌동,동원베네스트,84.973,13,2005,55000,80,2026,8,7
용산구,갈월동,용산남영역롯데캐슬헤리티지,39.8291,19,2025,19900,79,2026,8,6
용산구,도원동,삼성래미안,59.94,6,2001,67000,0,2026,8,4
용산구,원효로4가,강변삼성스위트,59.94,15,1999,52000,0,2026,8,1
용산구,원효로1가,용산원효루미니,17.9822,20,2022,4671,7,2026,8,6
용산구,한남동,한남더힐,208.478,3,2011,50000,2400,2026,8,5
용산구,보광동,신동아1,84.93,14,1992,60000,0,2026,8,5
용산구,이촌동,한강맨숀,101.95,4,1971,48000,0,2026,8,6
용산구,신계동,용산e편한세상,59.66,15,2011,52000,150,2026,8,2
용산구,한강로3가,센트럴파크,114.8905,15,2020,194250,0,2026,8,1
용산구,한강로1가,대우월드마크용산,133.085,14,2007,125000,0,2026,8,1
용산구,용산동5가,용산파크타워(24-0),131.53,12,2009,145000,27,2026,8,1
용산구,이태원동,청화1,174.38,9,1982,100000,0,2026,8,4
용산구,이촌동,한가람,84.89,11,1998,2000,378,2026,8,4
용산구,이촌동,한가람,59.88,7,1998,32000,166,2026,8,1
용산구,한강로2가,용산베르디움프렌즈,44.9009,34,2021,17729,33,2026,8,5
용산구,이촌동,한가람,84.96,5,1998,105000,0,2026,8,5
용산구,원효로1가,용산더프라임,55.325,6,2014,65000,50,2026,8,3
용산구,한남동,한남아이파크애비뉴,46.2439,13,2017,66000,0,2026,8,4
용산구,도원동,삼성래미안,59.94,19,2001,5000,240,2026,8,4
용산구,신계동,용산e편한세상,84.89,3,2011,95000,0,2026,8,3
용산구,문배동,G&P용산파크,27.04,13,2018,33500,0,2026,8,3
용산구,효창동,용산롯데캐슬센터포레,84.909,8,2019,110000,0,2026,8,4
용산구,한강로1가,용산파크자이,99.85,17,2005,105000,0,2026,8,3
용산구,도원동,삼성래미안,114.99,12,2001,95000,0,2026,8,1
용산구,효창동,효창파크푸르지오,84.45,14,2010,10000,400,2026,8,1
용산구,문배동,G&P용산파크,28.28,12,2018,33510,0,2026,8,1
용산구,문배동,아크로타워,126.3,17,2007,30000,250,2026,8,1
성동구,성수동1가,동아,53.14,3,1983,33000,0,2026,8,18
성동구,행당동,대림e-편한세상,59.96,5,2000,35000,105,2026,8,3
성동구,금호동4가,서울숲2차푸르지오,59.862,6,2012,40000,200,2026,8,22
성동구,금호동4가,힐스테이트서울숲리버,84.88,6,2018,125000,0,2026,8,19
성동구,옥수동,옥수파크힐스117동~125동,59.78,7,2016,89000,0,2026,8,1
성동구,성수동1가,트리마제,49.6683,12,2017,115500,0,2026,8,5
성동구,옥수동,극동,148.23,11,1986,76500,0,2026,8,5
성동구,성수동1가,트리마제,84.8111,5,2017,150000,80,2026,8,21
성동구,옥수동,옥수하이츠,84.86,2,1998,10000,280,2026,8,31
성동구,행당동,대림e-편한세상,59.96,15,2000,57000,0,2026,8,29
성동구,행당동,신동아,76.71,14,1995,55000,0,2026,8,26
성동구,성수동1가,금호,84.98,14,2003,90000,0,2026,8,29
성동구,행당동,서울숲더샵,84.18,9,2014,100000,0,2026,8,29
성동구,하왕십리동,벽산,84.94,9,1996,70000,0,2026,8,29
성동구,행당동,행당브라운스톤,84.94,10,2005,75600,0,2026,8,29
성동구,마장동,세림,72.84,3,1986,32000,0,2026,8,31
성동구,행당동,서울숲 한신 더 휴,59.94,15,2003,5000,242,2026,8,15
성동구,옥수동,옥수파크힐스117동~125동,59.59,12,2016,92000,0,2026,8,29
성동구,금호동2가,금호자이1차,84.97,5,2012,85000,0,2026,8,31
성동구,금호동3가,금호자이2차,84.9796,15,2012,75000,0,2026,8,29
성동구,옥수동,옥수파크힐스101동~116동,59.88,17,2016,30000,260,2026,8,29
성동구,옥수동,극동,148.23,3,1986,10000,300,2026,8,29
성동구,금호동2가,신금호파크자이,84.98,11,2016,65000,100,2026,8,21
성동구,사근동,중앙하이츠,71.85,4,1989,25000,110,2026,8,30
성동구,옥수동,옥수하이츠,84.86,8,1998,85000,0,2026,8,29
성동구,마장동,세림,72.84,12,1986,42000,0,2026,8,29
성동구,금호동3가,두산,116.81,13,1994,10000,264,2026,8,29
성동구,금호동1가,이편한세상금호파크힐스,59.949,13,2019,30000,126,2026,8,31
성동구,옥수동,풍림아이원,84.767,14,2004,99750,0,2026,8,31
성동구,응봉동,금호현대,120,2,1990,55913,0,2026,8,29
성동구,하왕십리동,왕십리지음재,13.72,10,2020,11680,21,2026,8,3
성동구,옥수동,옥수파크힐스117동~125동,84.3,10,2016,110000,0,2026,8,25
성동구,옥수동,래미안 옥수 리버젠,59.25,11,2012,80000,0,2026,8,26
성동구,옥수동,옥수파크힐스101동~116동,84.64,2,2016,104000,0,2026,8,28
성동구,하왕십리동,벽산,114.46,5,1996,20000,240,2026,8,31
성동구,하왕십리동,센트라스,84.96,12,2016,108000,0,2026,8,28
성동구,마장동,삼성홈타운,14.45,2,2015,1000,75,2026,8,17
성동구,홍익동,THE청아진,18.2205,12,2026,8000,53,2026,8,9
성동구,금호동3가,금호1차푸르지오,59.97,6,2005,10000,230,2026,8,31
성동구,금호동1가,이편한세상금호파크힐스,59.949,15,2019,86000,0,2026,8,29
성동구,옥수동,옥수삼성,59.7,16,1999,50000,100,2026,8,29
성동구,상왕십리동,텐즈힐(2단지),84.9,12,2014,102000,0,2026,8,27
성동구,금호동1가,금호삼성래미안,59.95,5,2001,52000,0,2026,8,28
성동구,마장동,대성유니드,59.7,9,2004,55000,10,2026,8,29
성동구,금호동4가,대우,84.71,22,2001,55125,0,2026,8,31
성동구,사근동,중앙하이츠,71.85,12,1989,37000,10,2026,8,31
성동구,옥수동,옥수파크힐스117동~125동,59.78,1,2016,91500,0,2026,8,21
성동구,성수동1가,쌍용,59.76,22,1997,50000,70,2026,8,29
성동구,성수동1가,동아그린,58.32,15,1999,65000,0,2026,8,28
성동구,행당동,대림e-편한세상,84.87,6,2000,69000,0,2026,8,29
성동구,응봉동,금호현대,79.8,13,1990,45000,50,2026,8,29
성동구,행당동,대림e-편한세상,59.96,10,2000,66000,0,2026,8,29
성동구,옥수동,래미안 옥수 리버젠,84.73,9,2012,100000,0,2026,8,29
성동구,상왕십리동,텐즈힐(2단지),127.44,21,2014,115500,0,2026,8,29
성동구,하왕십리동,센트라스,59.95,8,2016,80000,0,2026,8,14
성동구,홍익동,THE청아진,18.2205,10,2026,7000,47,2026,8,7
성동구,옥수동,래미안 옥수 리버젠,59.25,11,2012,30000,235,2026,8,27
성동구,금호동2가,신금호파크자이,84.98,1,2016,89250,0,2026,8,22
성동구,옥수동,극동,148.23,5,1986,75000,0,2026,8,28
성동구,행당동,대림e-편한세상,59.96,9,2000,58800,0,2026,8,4
성동구,행당동,행당한진타운,84.71,2,2000,10000,264,2026,8,22
성동구,행당동,행당한진타운,59.96,15,2000,61000,0,2026,8,27
성동구,성수동1가,트리마제,69.7244,5,2017,30000,600,2026,8,24
성동구,금호동1가,이편한세상금호파크힐스,59.983,3,2019,85000,0,2026,8,28
성동구,하왕십리동,센트라스,40.94,18,2016,66000,0,2026,8,28
성동구,옥수동,옥수삼성,84.822,14,1999,80000,0,2026,8,15
성동구,마장동,현대,84.91,2,1998,60000,40,2026,8,19
성동구,응봉동,신동아,59.97,10,1996,37800,0,2026,8,28
성동구,옥수동,래미안 옥수 리버젠,59.25,20,2012,84000,0,2026,8,8
성동구,성수동2가,이화102동,89.81,2,2004,65000,0,2026,8,8
성동구,하왕십리동,센트라스,59.94,3,2016,88000,0,2026,8,8
성동구,옥수동,옥수삼성,114.666,18,1999,37000,160,2026,8,28
성동구,마장동,현대,84.91,26,1998,43000,100,2026,8,28
성동구,행당동,지웰홈스왕십리,21.81,7,2020,3000,106,2026,8,14
성동구,하왕십리동,왕십리자이,84.99,13,2017,10000,350,2026,8,27
성동구,하왕십리동,텐즈힐(1단지),84.96,11,2015,100000,0,2026,8,17
성동구,성수동1가,쌍용,59.76,16,1997,38000,52,2026,8,22
성동구,상왕십리동,텐즈힐(2단지),84.9,13,2014,91300,0,2026,8,21
성동구,금호동4가,서울숲2차푸르지오,59.862,5,2012,80300,0,2026,8,27
성동구,하왕십리동,센트라스,84.99,16,2016,105000,0,2026,8,27
성동구,옥수동,래미안 옥수 리버젠,84.81,10,2012,115000,0,2026,8,1
성동구,금호동1가,벽산,114.57,18,2001,70000,0,2026,8,1
성동구,금호동4가,서울숲2차푸르지오,59.862,5,2012,80300,0,2026,8,27
성동구,마장동,왕십리금호어울림,84.97,24,2006,85000,0,2026,8,20
성동구,하왕십리동,텐즈힐(1단지),84.96,4,2015,92500,0,2026,8,26
성동구,금호동4가,서울숲2차푸르지오,59.907,5,2012,40000,160,2026,8,12
성동구,옥수동,래미안 옥수 리버젠,84.73,12,2012,100000,0,2026,8,26
성동구,금호동3가,금호자이2차,59.9167,1,2012,60000,50,2026,8,24
성동구,금호동3가,두산,59.97,12,1994,10000,0,2026,8,26
성동구,옥수동,옥수파크힐스117동~125동,59.59,4,2016,95000,0,2026,8,14
성동구,금호동4가,대우,59.97,9,2001,51950,0,2026,8,22
성동구,금호동3가,두산,59.97,9,1994,55000,0,2026,8,22
성동구,금호동4가,서울숲2차푸르지오,59.907,7,2012,73500,0,2026,8,23
성동구,금호동2가,래미안하이리버,59.98,15,2012,60655,0,2026,8,22
성동구,하왕십리동,왕십리풍림아이원,59.936,17,2004,22000,130,2026,8,18
성동구,행당동,서울숲더샵,84.18,27,2014,107000,0,2026,8,5
성동구,금호동3가,금호1차푸르지오,114.76,5,2005,75600,0,2026,8,26
성동구,옥수동,래미안 옥수 리버젠,59.25,10,2012,82000,0,2026,8,26
성동구,옥수동,래미안 옥수 리버젠,84.81,2,2012,89250,0,2026,8,21
성동구,마장동,왕십리삼성아파트,59.76,13,1996,60000,0,2026,8,22
성동구,응봉동,대림강변타운,114.88,20,2001,100000,0,2026,8,25
성동구,마장동,세림,40.86,14,1986,30000,0,2026,8,22
성동구,옥수동,래미안 옥수 리버젠,59.25,6,2012,95000,0,2026,8,15
성동구,금호동1가,이편한세상금호파크힐스,84.932,4,2019,10000,390,2026,8,25
성동구,하왕십리동,센트라스,84.77,10,2016,118000,0,2026,8,14
성동구,금호동4가,대우,84.96,3,2001,65000,0,2026,8,12
성동구,금호동4가,서울숲푸르지오,114.8,5,2007,20000,390,2026,8,13
성동구,상왕십리동,센트럴큐브,19.42,12,2019,1000,100,2026,8,8
성동구,도선동,삼성쉐르빌,84.99,13,2006,5000,200,2026,8,22
성동구,행당동,서울숲리버뷰자이,59.97,7,2018,55000,150,2026,8,25
성동구,금호동4가,서울숲푸르지오,59.9,7,2007,70000,0,2026,8,14
성동구,옥수동,모닝빌아파트,208.14,5,2000,30000,1050,2026,8,5
성동구,홍익동,THE청아진,18.2205,3,2026,8000,53,2026,8,8
성동구,옥수동,옥수파크힐스101동~116동,59.91,5,2016,10000,300,2026,8,21
성동구,금호동4가,서울숲푸르지오,59.99,6,2007,77000,0,2026,8,24
성동구,행당동,대림e-편한세상,59.96,11,2000,58000,0,2026,8,18
성동구,행당동,서울숲삼부아파트,84.09,4,1998,57000,53,2026,8,14
성동구,금호동1가,금호삼성래미안,59.95,7,2001,73500,0,2026,8,10
성동구,금호동1가,벽산,114.57,19,2001,40000,140,2026,8,24
성동구,홍익동,THE청아진,18.2205,11,2026,8000,53,2026,8,8
성동구,금호동1가,이편한세상금호파크힐스,84.932,11,2019,30000,294,2026,8,13
성동구,금호동2가,신금호파크자이,59.98,1,2016,65000,80,2026,8,20
성동구,금호동2가,신금호파크자이,59.98,4,2016,65000,75,2026,8,22
성동구,하왕십리동,센트라스,59.66,23,2016,10000,274,2026,8,22
성동구,하왕십리동,센트라스,40.94,7,2016,20000,136,2026,8,18
성동구,금호동1가,이편한세상금호파크힐스,59.983,13,2019,86100,0,2026,8,22
성동구,성수동1가,서울숲아이파크리버포레1차,59.9925,22,2024,90000,0,2026,8,19
성동구,홍익동,THE청아진,18.2205,15,2026,7000,47,2026,8,8
성동구,홍익동,THE청아진,18.2205,15,2026,6000,62,2026,8,21
성동구,홍익동,THE청아진,18.2205,12,2026,8000,53,2026,8,18
성동구,행당동,서울숲리버뷰자이,84.9,16,2018,105000,0,2026,8,22
성동구,행당동,서울숲삼부아파트,84.09,3,1998,79000,0,2026,8,20
성동구,금호동4가,대우,59.97,14,2001,58000,0,2026,8,23
성동구,하왕십리동,센트라스,59.99,20,2016,70000,0,2026,8,22
성동구,하왕십리동,극동미라주,114.63,7,2001,74000,0,2026,8,22
성동구,옥수동,옥수하이츠,114.78,2,1998,100000,0,2026,8,7
성동구,옥수동,옥수하이츠,84.86,8,1998,72000,0,2026,8,22
성동구,응봉동,서울숲리버그린동아아파트,59.98,11,2003,60000,0,2026,8,22
성동구,행당동,행당한진타운,59.96,25,2000,20000,200,2026,8,21
성동구,금호동4가,대우,59.97,11,2001,63000,0,2026,8,22
성동구,하왕십리동,센트라스,84.77,10,2016,118000,0,2026,8,14
성동구,상왕십리동,텐즈힐(2단지),59.96,12,2014,78700,0,2026,8,22
성동구,응봉동,대림(2차),84.53,4,1989,60900,0,2026,8,21
성동구,응봉동,대림강변타운,84.42,19,2001,75000,0,2026,8,22
성동구,옥수동,래미안 옥수 리버젠,84.81,4,2012,70000,100,2026,8,22
성동구,행당동,서울숲리버뷰자이,84.96,12,2018,107000,0,2026,8,22
성동구,금호동4가,대우,59.97,3,2001,10000,180,2026,8,11
성동구,홍익동,THE청아진,18.2205,11,2026,8000,53,2026,8,21
성동구,홍익동,THE청아진,18.2205,13,2026,8000,53,2026,8,21
성동구,하왕십리동,텐즈힐(1단지),59.88,16,2015,75000,45,2026,8,21
성동구,홍익동,THE청아진,18.2205,11,2026,6000,62,2026,8,21
성동구,옥수동,래미안 옥수 리버젠,59.84,2,2012,35000,220,2026,8,21
성동구,홍익동,THE청아진,18.2205,8,2026,8000,53,2026,8,9
성동구,금호동2가,신금호파크자이,59.98,11,2016,10000,300,2026,8,20
성동구,금호동4가,대우,59.97,24,2001,65000,0,2026,8,14
성동구,옥수동,풍림아이원,84.767,1,2004,50000,200,2026,8,13
성동구,옥수동,동인샤인빌,57.16,8,2003,15000,160,2026,8,18
성동구,홍익동,THE청아진,18.2205,4,2026,3500,60,2026,8,8
성동구,옥수동,극동,57.78,8,1986,50000,0,2026,8,8
성동구,금호동2가,신금호파크자이,84.98,19,2016,115000,0,2026,8,21
성동구,행당동,서울숲리버뷰자이,84.9,2,2018,106000,0,2026,8,21
성동구,옥수동,옥수파크힐스101동~116동,59.91,3,2016,5000,400,2026,8,15
성동구,옥수동,옥수파크힐스117동~125동,59.91,12,2016,20000,165,2026,8,21
성동구,금호동4가,힐스테이트서울숲리버,59.98,3,2018,20000,300,2026,8,20
성동구,금호동4가,서울숲2차푸르지오,84.776,15,2012,30000,320,2026,8,21
성동구,마장동,라봄성동,18.7962,8,2025,1342,15,2026,8,20
성동구,마장동,우성에비뉴,70.88,5,2017,10000,200,2026,8,21
성동구,성수동1가,한진타운,84.21,7,1994,20000,180,2026,8,18
성동구,홍익동,THE청아진,18.2205,15,2026,8000,53,2026,8,9
성동구,홍익동,THE청아진,18.2205,6,2026,8000,53,2026,8,8
성동구,성수동1가,동아그린,58.32,13,1999,65000,0,2026,8,20
성동구,금호동4가,힐스테이트서울숲리버,84.88,6,2018,125000,0,2026,8,19
성동구,마장동,라봄성동,18.1338,11,2025,2595,12,2026,8,20
성동구,금호동2가,래미안하이리버,114.32,5,2012,50000,305,2026,8,18
성동구,마장동,마장에스에이치빌,49.95,8,2006,6387,14,2026,8,19
성동구,옥수동,극동,57.78,6,1986,44000,0,2026,8,4
성동구,마장동,라봄성동,18.7962,8,2025,2685,12,2026,8,20
성동구,금호동2가,신금호파크자이,34.31,4,2016,6326,0,2026,8,20
성동구,옥수동,현대,63.13,2,1990,60000,0,2026,8,17
성동구,하왕십리동,센트라스,59.59,18,2016,30000,240,2026,8,20
성동구,금호동2가,래미안하이리버,59.99,4,2012,65000,50,2026,8,19
성동구,홍익동,THE청아진,18.2205,9,2026,7000,47,2026,8,7
성동구,금호동3가,두산,84.99,4,1994,31000,115,2026,8,20
성동구,상왕십리동,텐즈힐(2단지),55.2,5,2014,10000,270,2026,8,11
성동구,마장동,라봄성동,18.7962,4,2025,1342,15,2026,8,18
성동구,금호동2가,래미안하이리버,59.99,11,2012,75000,0,2026,8,20
성동구,송정동,서울숲아이파크,84.87,2,2009,50700,0,2026,8,19
성동구,행당동,서울숲리버뷰자이,84.96,18,2018,70000,112,2026,8,8
성동구,송정동,서울숲아이파크,84.88,1,2009,50700,0,2026,8,19
성동구,홍익동,THE청아진,18.2205,5,2026,8000,53,2026,8,19
성동구,마장동,라봄성동,18.7962,13,2025,2685,12,2026,8,19
성동구,마장동,현대,59.91,17,1998,56000,0,2026,8,19
성동구,홍익동,THE청아진,18.2205,16,2026,8000,53,2026,8,19
성동구,하왕십리동,센트라스,59.99,3,2016,62475,0,2026,8,14
성동구,홍익동,THE청아진,18.2205,10,2026,8000,53,2026,8,19
성동구,행당동,라체르보푸르지오써밋,59.9398,25,2025,100000,0,2026,8,13
성동구,금호동2가,신금호파크자이,59.98,9,2016,85000,0,2026,8,15
성동구,마장동,라봄성동,18.7962,12,2025,2685,12,2026,8,19
성동구,용답동,청계SKVIEW,44.9812,34,2025,34398,0,2026,8,19
성동구,금호동1가,이편한세상금호파크힐스,84.982,3,2019,90000,50,2026,8,19
성동구,금호동4가,대우,84.96,2,2001,4000,225,2026,8,15
성동구,마장동,라봄성동,18.7962,16,2025,2685,12,2026,8,19
성동구,금호동2가,래미안하이리버,84.98,8,2012,93000,0,2026,8,1
성동구,마장동,라봄성동,18.1338,5,2025,2595,12,2026,8,19
성동구,옥수동,옥수삼성,84.822,4,1999,70000,40,2026,8,19
성동구,행당동,행당한진타운,59.96,17,2000,59850,0,2026,8,8
성동구,마장동,세림,40.86,11,1986,1000,110,2026,8,12
성동구,홍익동,THE청아진,18.2205,5,2026,8000,53,2026,8,14
성동구,행당동,서울숲리버뷰자이,59.97,4,2018,93000,0,2026,8,1
성동구,성수동1가,강변건영아파트,84.952,12,2002,84000,0,2026,8,15
성동구,마장동,라봄성동,18.7962,13,2025,2685,12,2026,8,18
성동구,성수동2가,현대I-PARK,84.98,13,2003,83000,16,2026,8,13
성동구,마장동,라봄성동,18.7962,13,2025,1342,15,2026,8,18
성동구,마장동,라봄성동,18.7962,8,2025,2685,12,2026,8,18
성동구,마장동,라봄성동,18.7962,10,2025,2685,12,2026,8,18
성동구,마장동,라봄성동,18.7962,11,2025,2685,12,2026,8,18
성동구,마장동,라봄성동,18.7962,7,2025,2685,12,2026,8,18
성동구,마장동,라봄성동,18.7962,4,2025,2685,12,2026,8,18
성동구,금호동3가,두산,84.99,14,1994,10000,200,2026,8,15
성동구,성수동1가,대우2,84.97,6,1999,83000,0,2026,8,8
성동구,홍익동,THE청아진,18.2205,10,2026,8000,53,2026,8,6
성동구,마장동,라봄성동,39.467,12,2025,15200,77,2026,8,18
성동구,하왕십리동,왕십리모노퍼스주상복합,90.409,9,2009,41920,0,2026,8,14
성동구,상왕십리동,텐즈힐(2단지),59.96,12,2014,68250,0,2026,8,18
성동구,홍익동,THE청아진,18.2205,8,2026,4000,71,2026,8,18
성동구,금호동3가,두산,84.99,4,1994,58000,0,2026,8,15
성동구,하왕십리동,센트라스,84.96,8,2016,20000,370,2026,8,18
성동구,옥수동,풍림아이원,84.767,9,2004,10000,400,2026,8,18
성동구,하왕십리동,벽산,71.33,6,1996,5000,220,2026,8,18
성동구,상왕십리동,텐즈힐(2단지),84.92,9,2014,40000,260,2026,8,8
성동구,행당동,서울숲리버뷰자이,108.82,6,2018,131250,0,2026,8,9
성동구,마장동,라봄성동,18.7962,12,2025,2685,12,2026,8,18
성동구,용답동,YM프라젠,59.94,14,2007,50000,0,2026,8,17
성동구,성수동1가,트리마제,69.7244,15,2017,40000,600,2026,8,15
성동구,옥수동,래미안 옥수 리버젠,59.25,9,2012,10000,300,2026,8,1
성동구,마장동,세림,72.84,6,1986,49500,0,2026,8,18
성동구,하왕십리동,센트라스,59.94,6,2016,90000,0,2026,8,14
성동구,마장동,라봄성동,18.7962,8,2025,2685,12,2026,8,18
성동구,행당동,서울숲리버뷰자이,59.97,11,2018,30000,160,2026,8,13
성동구,마장동,라봄성동,18.7962,6,2025,2685,12,2026,8,18
성동구,금호동2가,신금호파크자이,34.31,16,2016,3538,16,2026,8,18
성동구,금호동4가,서울숲2차푸르지오,59.862,6,2012,60000,80,2026,8,8
성동구,마장동,라봄성동,18.7962,13,2025,2685,12,2026,8,18
성동구,홍익동,THE청아진,18.2205,16,2026,8000,53,2026,8,18
성동구,행당동,대림e-편한세상,84.87,6,2000,75000,0,2026,8,10
성동구,마장동,라봄성동,18.7962,16,2025,2685,12,2026,8,18
성동구,마장동,라봄성동,18.7962,12,2025,2685,12,2026,8,18
성동구,홍익동,THE청아진,18.2205,6,2026,4000,71,2026,8,8
성동구,마장동,라봄성동,18.7962,12,2025,2685,12,2026,8,18
성동구,상왕십리동,텐즈힐(2단지),59.96,8,2014,80000,0,2026,8,15
성동구,홍익동,THE청아진,18.2205,9,2026,4000,71,2026,8,9
성동구,하왕십리동,금호베스트빌,59.79,6,2001,40000,85,2026,8,14
성동구,마장동,라봄성동,18.7962,12,2025,2685,12,2026,8,18
성동구,성수동1가,쌍용,59.76,2,1997,66000,0,2026,8,15
성동구,금호동1가,이편한세상금호파크힐스,59.983,4,2019,84000,0,2026,8,15
성동구,응봉동,대림(1차),75.51,3,1986,41300,0,2026,8,15
성동구,하왕십리동,왕십리자이,59.99,2,2017,69300,0,2026,8,15
성동구,하왕십리동,센트라스,59.94,6,2016,90000,0,2026,8,14
성동구,홍익동,THE청아진,18.2205,9,2026,8000,53,2026,8,13
성동구,홍익동,THE청아진,18.2205,9,2026,8000,53,2026,8,8
성동구,성수동2가,현대I-PARK,104.56,8,2003,72000,0,2026,8,14
성동구,성수동1가,트리마제,69.7244,13,2017,20000,740,2026,8,12
성동구,홍익동,THE청아진,18.2205,14,2026,8000,53,2026,8,14
성동구,성수동2가,서울숲금강아미움,80.89,11,2004,68000,0,2026,8,14
성동구,행당동,서울숲더샵,92.08,11,2014,10000,439,2026,8,10
성동구,금호동2가,신금호파크자이,34.31,3,2016,3538,16,2026,8,14
성동구,성수동1가,서울숲아이파크리버포레1차,59.949,5,2024,20000,400,2026,8,11
성동구,옥수동,옥수파크힐스101동~116동,84.51,11,2016,80000,160,2026,8,14
성동구,홍익동,THE청아진,18.2205,11,2026,8000,53,2026,8,8
성동구,성수동1가,서울숲아이파크리버포레1차,59.9925,12,2024,80000,75,2026,8,10
성동구,옥수동,래미안 옥수 리버젠,59.98,6,2012,10000,250,2026,8,6
성동구,행당동,행당한진타운,114.62,6,2000,67000,0,2026,8,14
성동구,홍익동,THE청아진,18.2205,9,2026,8000,53,2026,8,6
성동구,성수동1가,트리마제,84.8213,39,2017,205000,0,2026,8,6
성동구,금호동1가,벽산,114.57,14,2001,10000,280,2026,8,14
성동구,응봉동,대림(1차),75.51,11,1986,22000,160,2026,8,14
성동구,행당동,지웰홈스왕십리,21.81,3,2020,3000,110,2026,8,13
성동구,행당동,서울숲행당푸르지오,59.68,2,2011,70000,0,2026,8,8
성동구,금호동2가,신금호파크자이,59.98,7,2016,87000,0,2026,8,13
성동구,행당동,서울숲리버뷰자이,84.96,25,2018,110000,0,2026,8,13
성동구,하왕십리동,센트라스,59.95,8,2016,80000,0,2026,8,14
성동구,하왕십리동,센트라스,115.99,10,2016,125000,0,2026,8,13
성동구,성수동1가,대우2,59.83,11,1999,40000,140,2026,8,6
성동구,금호동2가,금호자이1차,84.97,4,2012,95000,0,2026,8,13
성동구,옥수동,현대,71.05,14,1990,10000,260,2026,8,11
성동구,금호동1가,금호삼성래미안,84.45,14,2001,77000,0,2026,8,8
성동구,금호동2가,신금호파크자이,59.98,10,2016,5000,270,2026,8,6
성동구,금호동2가,래미안하이리버,59.99,3,2012,20000,220,2026,8,12
성동구,행당동,서울숲행당푸르지오,59.68,2,2011,40000,135,2026,8,10
성동구,상왕십리동,센트럴큐브,24.76,18,2019,24000,10,2026,8,13
성동구,성수동1가,동아그린,58.32,4,1999,56000,0,2026,8,13
성동구,하왕십리동,왕십리풍림아이원,59.936,13,2004,60900,0,2026,8,13
성동구,성수동1가,트리마제,84.8111,9,2017,10000,850,2026,8,12
성동구,마장동,라봄성동,39.467,5,2025,19000,65,2026,8,13
성동구,하왕십리동,센트라스,59.93,25,2016,86100,0,2026,8,11
성동구,금호동2가,신금호파크자이,34.31,9,2016,6326,0,2026,8,13
성동구,마장동,우성에비뉴,70.88,5,2017,1000,70,2026,8,13
성동구,홍익동,THE청아진,18.2205,14,2026,3500,60,2026,8,13
성동구,성수동2가,서울숲힐스테이트,117.13,14,2009,140000,0,2026,8,11
성동구,행당동,대림e-편한세상,59.96,3,2000,5000,220,2026,8,12
성동구,금호동2가,신금호파크자이,34.31,15,2016,6326,0,2026,8,13
성동구,성수동2가,청구강변1,84.87,14,1994,78000,0,2026,8,2
성동구,금호동2가,금호자이1차,84.98,5,2012,90000,0,2026,8,5
성동구,마장동,신성미소지움,84.99,11,2004,71000,0,2026,8,13
성동구,상왕십리동,텐즈힐(2단지),84.9,18,2014,10000,320,2026,8,13
성동구,홍익동,THE청아진,18.2205,10,2026,3500,60,2026,8,9
성동구,응봉동,금호현대,79.8,5,1990,52500,0,2026,8,13
성동구,홍익동,THE청아진,18.2205,7,2026,8000,53,2026,8,13
성동구,행당동,행당한진타운,114.62,19,2000,92000,0,2026,8,12
성동구,홍익동,THE청아진,18.2205,10,2026,8000,53,2026,8,8
성동구,홍익동,THE청아진,18.2205,8,2026,8000,53,2026,8,13
성동구,금호동4가,서울숲푸르지오,84.55,10,2007,10000,300,2026,8,12
성동구,행당동,대림e-편한세상,59.96,2,2000,20000,170,2026,8,12
성동구,금호동2가,신금호파크자이,34.31,12,2016,3819,14,2026,8,13
성동구,금호동3가,금호한신,59.99,10,2005,10000,180,2026,8,10
성동구,옥수동,한남하이츠,177.16,10,1982,69000,0,2026,8,12
성동구,금호동3가,두산,116.81,12,1994,10000,320,2026,8,8
성동구,응봉동,대림(2차),84.53,13,1989,4000,164,2026,8,12
성동구,옥수동,한남하이츠,177.16,10,1982,69000,0,2026,8,12
성동구,금호동1가,이편한세상금호파크힐스,59.983,3,2019,81900,0,2026,8,8
성동구,금호동1가,이편한세상금호파크힐스,84.932,6,2019,60000,200,2026,8,12
성동구,금호동2가,래미안하이리버,59.99,19,2012,70000,0,2026,8,12
성동구,옥수동,래미안 옥수 리버젠,84.81,6,2012,20000,400,2026,8,7
성동구,홍익동,THE청아진,18.2205,9,2026,8000,53,2026,8,12
성동구,성수동2가,현대I-PARK,84.98,8,2003,75000,0,2026,8,9
성동구,옥수동,래미안 옥수 리버젠,84.81,13,2012,122000,0,2026,8,12
성동구,옥수동,극동,68.58,11,1986,55000,0,2026,8,11
성동구,금호동3가,금호자이2차,59.9167,12,2012,61000,12,2026,8,12
성동구,행당동,행당한진타운,84.71,7,2000,78500,0,2026,8,11
성동구,금호동1가,이편한세상금호파크힐스,84.957,9,2019,93450,0,2026,8,5
성동구,금호동4가,서울숲2차푸르지오,59.862,13,2012,83500,0,2026,8,12
성동구,금호동4가,대우,114.71,6,2001,15000,185,2026,8,12
성동구,마장동,장원,77.6,9,2002,47000,0,2026,8,12
성동구,홍익동,THE청아진,18.2205,4,2026,7000,47,2026,8,9
성동구,홍익동,THE청아진,18.2205,6,2026,8000,53,2026,8,8
성동구,하왕십리동,극동미라주,59.4,15,2001,54600,0,2026,8,11
성동구,금호동4가,힐스테이트서울숲리버,84.69,10,2018,10000,410,2026,8,10
성동구,홍익동,THE청아진,18.2205,10,2026,4000,71,2026,8,9
성동구,금호동4가,힐스테이트서울숲리버(임대),38.2,3,2018,13760,68,2026,8,7
성동구,응봉동,대림(2차),59.91,6,1989,20000,109,2026,8,8
성동구,성수동1가,금호,84.98,10,2003,10000,300,2026,8,11
성동구,하왕십리동,왕십리자이,84.99,9,2017,74000,90,2026,8,10
성동구,홍익동,THE청아진,18.2205,16,2026,8000,53,2026,8,9
성동구,홍익동,THE청아진,18.2205,11,2026,3500,60,2026,8,9
성동구,성수동1가,동아,52.5,3,1983,41000,0,2026,8,10
성동구,홍익동,THE청아진,18.2205,14,2026,6000,62,2026,8,9
성동구,행당동,서울숲리버뷰자이,84.96,14,2018,107000,0,2026,8,5
성동구,홍익동,THE청아진,18.2205,14,2026,8000,53,2026,8,8
성동구,행당동,서울숲리버뷰자이,84.96,11,2018,110000,0,2026,8,8
성동구,홍익동,THE청아진,18.2205,12,2026,7000,47,2026,8,8
성동구,홍익동,THE청아진,18.2205,10,2026,8000,53,2026,8,8
성동구,행당동,서울숲 한신 더 휴,84.95,9,2003,68250,0,2026,8,2
성동구,홍익동,THE청아진,18.2205,15,2026,8000,53,2026,8,9
성동구,홍익동,THE청아진,18.2205,16,2026,4000,71,2026,8,8
성동구,홍익동,THE청아진,18.2205,11,2026,8000,53,2026,8,9
성동구,성수동1가,서울숲아이파크리버포레1차,59.9925,12,2024,80000,75,2026,8,10
성동구,하왕십리동,텐즈힐(1단지),148.8,5,2015,141700,0,2026,8,11
성동구,홍익동,THE청아진,18.2205,16,2026,4000,71,2026,8,8
성동구,옥수동,극동,68.58,3,1986,55000,0,2026,8,10
성동구,옥수동,극동,57.78,6,1986,30000,80,2026,8,8
성동구,금호동1가,이편한세상금호파크힐스,84.932,3,2019,55000,168,2026,8,10
성동구,마장동,마장동중앙하이츠,60,21,1999,54000,0,2026,8,7
성동구,금호동2가,래미안하이리버,84.98,7,2012,50000,205,2026,8,5
성동구,홍익동,THE청아진,18.2205,4,2026,7000,47,2026,8,9
성동구,홍익동,THE청아진,18.2205,13,2026,6000,62,2026,8,9
성동구,행당동,대림e-편한세상,114.94,10,2000,10000,315,2026,8,10
성동구,금호동1가,벽산,59.9,6,2001,50000,0,2026,8,5
성동구,금호동1가,이편한세상금호파크힐스,59.983,1,2019,80000,0,2026,8,5
성동구,금호동1가,벽산,84.82,17,2001,57000,0,2026,8,8
성동구,옥수동,옥수하이츠,114.78,8,1998,80000,0,2026,8,8
성동구,하왕십리동,왕십리풍림아이원,84.417,9,2004,75000,0,2026,8,8
성동구,홍익동,THE청아진,18.2205,14,2026,3500,60,2026,8,6
성동구,금호동1가,금호삼성래미안,84.45,15,2001,20000,300,2026,8,10
성동구,옥수동,래미안 옥수 리버젠,59.84,3,2012,10000,320,2026,8,10
성동구,홍익동,THE청아진,18.2205,16,2026,8000,53,2026,8,9
성동구,행당동,행당한진타운,59.96,15,2000,60375,0,2026,8,8
성동구,행당동,서울숲 한신 더 휴,59.94,21,2003,65000,0,2026,8,7
성동구,성수동1가,쌍용,59.76,8,1997,69500,0,2026,8,8
성동구,홍익동,THE청아진,18.2205,10,2026,8000,53,2026,8,9
성동구,홍익동,THE청아진,18.2205,3,2026,6000,62,2026,8,7
성동구,성수동1가,서울숲대림,59.885,3,2000,35000,130,2026,8,1
성동구,홍익동,THE청아진,18.2205,16,2026,6000,62,2026,8,6
성동구,금호동2가,래미안하이리버,84.98,17,2012,81900,35,2026,8,7
성동구,하왕십리동,왕십리자이,59.99,12,2017,78000,0,2026,8,8
성동구,홍익동,THE청아진,18.2205,13,2026,8000,53,2026,8,8
성동구,금호동2가,래미안하이리버,59.99,5,2012,80000,0,2026,8,8
성동구,도선동,제니스빌,12.68,9,2014,500,56,2026,8,6
성동구,홍익동,THE청아진,18.2205,13,2026,4000,71,2026,8,9
성동구,성수동2가,서울숲금강아미움,80.89,4,2004,57750,0,2026,8,7
성동구,성수동1가,뚝섬현대,84.22,11,1992,54000,0,2026,8,8
성동구,홍익동,THE청아진,18.2205,10,2026,8000,53,2026,8,9
성동구,홍익동,THE청아진,18.2205,5,2026,7000,47,2026,8,8
성동구,행당동,서울숲 한신 더 휴,59.91,2,2003,66000,0,2026,8,8
성동구,옥수동,옥수삼성,84.822,4,1999,71400,0,2026,8,9
성동구,용답동,YM프라젠,84.95,3,2007,40000,60,2026,8,8
성동구,홍익동,THE청아진,18.2205,14,2026,8000,53,2026,8,9
성동구,홍익동,THE청아진,18.2205,15,2026,7000,47,2026,8,7
성동구,홍익동,THE청아진,18.2205,7,2026,6000,62,2026,8,6
성동구,홍익동,THE청아진,18.2205,8,2026,8000,53,2026,8,7
성동구,홍익동,THE청아진,18.2205,7,2026,6000,62,2026,8,7
성동구,사근동,중앙하이츠,71.85,15,1989,47200,0,2026,8,7
성동구,홍익동,THE청아진,18.2205,6,2026,8000,53,2026,8,7
성동구,홍익동,THE청아진,18.2205,6,2026,7000,47,2026,8,6
성동구,홍익동,THE청아진,18.2205,8,2026,7000,47,2026,8,7
성동구,홍익동,THE청아진,18.2205,4,2026,8000,53,2026,8,7
성동구,홍익동,THE청아진,18.2205,8,2026,3500,60,2026,8,7
성동구,홍익동,THE청아진,18.2205,7,2026,3500,60,2026,8,7
성동구,하왕십리동,왕십리KCC스위첸,59.851,10,2016,66000,0,2026,8,7
성동구,옥수동,옥수삼성,59.7,11,1999,64000,0,2026,8,7
성동구,하왕십리동,왕십리자이,59.99,10,2017,40000,160,2026,8,1
성동구,홍익동,THE청아진,18.2205,14,2026,6000,62,2026,8,7
성동구,홍익동,THE청아진,18.2205,12,2026,7000,47,2026,8,7
성동구,홍익동,THE청아진,18.2205,4,2026,6000,62,2026,8,7
성동구,홍익동,THE청아진,18.2205,13,2026,8000,53,2026,8,7
성동구,성수동2가,롯데캐슬파크,101.995,6,2003,99750,0,2026,8,7
성동구,홍익동,THE청아진,18.2205,15,2026,8000,53,2026,8,7
성동구,홍익동,THE청아진,18.2205,3,2026,4000,71,2026,8,7
성동구,홍익동,THE청아진,18.2205,7,2026,8000,53,2026,8,7
성동구,응봉동,서울숲리버그린동아아파트,84.83,24,2003,78000,0,2026,8,7
성동구,성수동1가,현대그린,56.97,13,1994,60000,0,2026,8,7
성동구,사근동,중앙하이츠,71.85,5,1989,56000,0,2026,8,7
성동구,성수동2가,금호타운2차아파트,59.94,5,1997,60000,0,2026,8,6
성동구,홍익동,THE청아진,18.2205,4,2026,8000,53,2026,8,7
성동구,행당동,서울숲 한신 더 휴,59.91,3,2003,53604,0,2026,8,6
성동구,홍익동,THE청아진,18.2205,14,2026,8000,53,2026,8,6
성동구,행당동,서울숲더샵,84.18,27,2014,107000,0,2026,8,5
성동구,홍익동,THE청아진,18.2205,8,2026,8000,53,2026,8,6
성동구,행당동,서울숲리버뷰자이,59.97,4,2018,93000,0,2026,8,1
성동구,홍익동,THE청아진,18.2205,15,2026,8000,53,2026,8,6
성동구,하왕십리동,센트라스,84.99,17,2016,20000,360,2026,8,6
성동구,홍익동,THE청아진,18.2205,5,2026,8000,53,2026,8,6
성동구,금호동1가,이편한세상금호파크힐스,59.983,11,2019,70700,0,2026,8,6
성동구,홍익동,THE청아진,18.2205,13,2026,6000,62,2026,8,6
성동구,옥수동,옥수어울림,84.699,12,2011,70000,85,2026,8,6
성동구,금호동4가,힐스테이트서울숲리버,59.98,9,2018,5000,370,2026,8,1
성동구,홍익동,THE청아진,18.2205,8,2026,8000,53,2026,8,6
성동구,홍익동,THE청아진,18.2205,7,2026,6000,62,2026,8,6
성동구,응봉동,대림(1차),63.18,1,1986,36000,0,2026,8,6
성동구,금호동1가,이편한세상금호파크힐스,59.949,11,2019,80850,0,2026,8,5
성동구,홍익동,THE청아진,18.2205,16,2026,8000,53,2026,8,6
성동구,행당동,서울숲삼부아파트,67.92,8,1998,10000,180,2026,8,6
성동구,홍익동,THE청아진,18.2205,11,2026,8000,53,2026,8,6
성동구,성수동1가,금호,84.98,16,2003,10000,280,2026,8,6
성동구,마장동,현대,59.91,7,1998,57000,0,2026,8,4
성동구,하왕십리동,센트라스,84.99,14,2016,30000,300,2026,8,6
성동구,홍익동,THE청아진,18.2205,5,2026,7000,47,2026,8,6
성동구,응봉동,대림강변타운,84.42,15,2001,78750,0,2026,8,6
성동구,금호동2가,신금호파크자이,34.31,4,2016,6326,16,2026,8,5
성동구,홍익동,THE청아진,18.2205,13,2026,6000,62,2026,8,6
성동구,행당동,대림e-편한세상,59.96,3,2000,66000,0,2026,8,1
성동구,행당동,서울숲 한신 더 휴,59.94,10,2003,65000,0,2026,8,5
성동구,옥수동,극동,68.58,1,1986,10000,200,2026,8,4
성동구,응봉동,대림강변타운,84.42,4,2001,76650,0,2026,8,3
성동구,행당동,행당한진타운,84.71,2,2000,68250,0,2026,8,5
성동구,행당동,서울숲더샵,150.2,26,2014,168000,0,2026,8,5
성동구,금호동1가,벽산,59.9,17,2001,54000,0,2026,8,4
성동구,마장동,현대,84.91,8,1998,60500,0,2026,8,5
성동구,행당동,대림e-편한세상,59.96,9,2000,10000,185,2026,8,4
성동구,행당동,서울숲행당푸르지오,84.74,12,2011,30000,170,2026,8,2
성동구,옥수동,옥수파크힐스117동~125동,59.77,9,2016,95000,0,2026,8,1
성동구,하왕십리동,극동미라주,114.63,10,2001,20000,240,2026,8,4
성동구,마장동,왕십리금호어울림,59.97,7,2006,65000,0,2026,8,4
성동구,행당동,행당한진타운,59.96,8,2000,17000,120,2026,8,1
성동구,금호동1가,이편한세상금호파크힐스,59.983,1,2019,20000,270,2026,8,1
성동구,응봉동,서울숲리버그린동아아파트,59.98,15,2003,63000,0,2026,8,4
성동구,성수동1가,트리마제,35.4442,17,2017,70000,140,2026,8,4
성동구,금호동4가,대우,114.6,19,2001,84000,0,2026,8,4
성동구,마장동,왕십리삼성아파트,59.76,16,1996,56700,0,2026,8,1
성동구,금호동1가,금호삼성래미안,59.95,7,2001,59850,0,2026,8,2
성동구,행당동,서울숲리버뷰자이,84.9,19,2018,64000,160,2026,8,4
성동구,옥수동,옥수파크힐스101동~116동,84.3,3,2016,105000,0,2026,8,3
성동구,금호동3가,금호자이2차,84.7313,11,2012,73500,0,2026,8,1
성동구,성수동1가,현대그린,56.97,12,1994,40000,70,2026,8,1
성동구,금호동4가,대우,84.71,2,2001,10000,300,2026,8,3
성동구,마장동,왕십리삼성아파트,84.93,17,1996,80000,0,2026,8,1
성동구,행당동,서울숲삼부아파트,84.93,10,1998,53050,23,2026,8,1
성동구,옥수동,풍림아이원,84.767,4,2004,50000,180,2026,8,1
성동구,마장동,왕십리삼성아파트,59.76,16,1996,10000,150,2026,8,1
성동구,옥수동,래미안 옥수 리버젠,84.81,10,2012,115000,0,2026,8,1
성동구,행당동,서울숲리버뷰자이,84.95,23,2018,70200,165,2026,8,1
성동구,행당동,대림e-편한세상,114.94,14,2000,100000,0,2026,8,1
성동구,행당동,서울숲리버뷰자이,59.97,17,2018,68250,0,2026,8,3
성동구,응봉동,대림(1차),75.51,5,1986,52500,15,2026,8,1
성동구,성수동1가,강변건영아파트,84.941,22,2002,100000,0,2026,8,1
성동구,행당동,서울숲 한신 더 휴,59.91,6,2003,67000,0,2026,8,3
성동구,금호동4가,서울숲푸르지오,59.99,13,2007,73500,0,2026,8,1
성동구,하왕십리동,센트라스,40.94,27,2016,30000,150,2026,8,1
성동구,행당동,신동아,59.94,15,1995,50000,0,2026,8,1
성동구,행당동,서울숲행당푸르지오,84.74,9,2011,89000,0,2026,8,1
성동구,금호동1가,이편한세상금호파크힐스,84.932,5,2019,94500,0,2026,8,2
성동구,금호동2가,래미안하이리버,84.99,11,2012,95000,0,2026,8,1
성동구,금호동2가,금호자이1차,59.99,3,2012,74550,0,2026,8,1
성동구,마장동,현대,59.94,5,1998,57000,0,2026,8,1
광진구,자양동,우성3,84.91,7,1989,10000,280,2026,8,3
광진구,자양동,금강KCC,84.98,8,2002,20000,213,2026,8,3
광진구,자양동,우성1,79.75,4,1988,57700,0,2026,8,22
광진구,자양동,한강현대,83.45,16,1993,66000,0,2026,8,29
광진구,구의동,구의현대2단지,84.91,12,1996,63900,90,2026,8,11
광진구,군자동,에피소드1,17.81,10,2014,1000,100,2026,8,20
광진구,군자동,에피소드1,17.81,10,2014,1000,90,2026,8,20
광진구,광장동,현대파크빌,59.76,25,2000,40000,150,2026,8,29
광진구,광장동,청구,84.86,19,1996,76150,50,2026,8,29
광진구,광장동,현대파크빌,59.76,17,2000,66100,0,2026,8,29
광진구,자양동,한강우성,84.72,15,1993,73500,0,2026,8,26
광진구,자양동,우성3,72.34,9,1989,42800,65,2026,8,29
광진구,광장동,청구,84.86,15,1996,100000,0,2026,8,14
광진구,광장동,청구,59.95,21,1996,80000,0,2026,8,28
광진구,자양동,더포디엄830,20.4009,15,2025,9300,64,2026,8,28
광진구,자양동,더포디엄830,42.167,18,2025,14100,98,2026,8,28
광진구,구의동,래미안파크스위트,84.98,15,2018,20000,360,2026,8,19
광진구,구의동,광남캐스빌,64,2,2003,35000,0,2026,8,20
광진구,구의동,구의현대2단지,84.91,6,1996,52400,0,2026,8,28
광진구,광장동,현대파크빌,84.81,5,2000,30000,320,2026,8,27
광진구,자양동,우방리버파크,84.96,1,2003,73500,0,2026,8,14
광진구,자양동,자양7차현대홈타운,59.94,2,2001,70000,0,2026,8,17
광진구,자양동,래미안프리미어팰리스,84.92,15,2017,80000,15,2026,8,27
광진구,구의동,e편한세상광진그랜드파크,115.9843,17,2021,150000,0,2026,8,27
광진구,광장동,포제스한강,84.3536,4,2025,17000,770,2026,8,25
광진구,화양동,화양현대,59.99,8,1999,30000,90,2026,8,22
광진구,자양동,이튼타워리버2차,84.73,10,2006,92000,0,2026,8,3
광진구,자양동,자양동현대,84.55,10,1993,67000,0,2026,8,27
광진구,광장동,극동2,75.55,5,1989,50000,70,2026,8,15
광진구,자양동,한양,124.93,1,1983,47000,45,2026,8,27
광진구,화양동,광진코지웰,13.83,3,2014,1000,69,2026,8,21
광진구,자양동,한강극동,84.45,9,1991,68000,0,2026,8,24
광진구,자양동,자양우성7,84.93,3,1998,50000,160,2026,8,27
광진구,자양동,롯데캐슬리버파크시그니쳐,84.99,5,2023,150000,0,2026,8,3
광진구,구의동,현대프라임,84.99,7,1997,40000,128,2026,8,1
광진구,군자동,에피소드1,17.81,2,2014,1000,100,2026,8,25
광진구,구의동,구의현대2단지,84.91,13,1996,80000,0,2026,8,27
광진구,구의동,새한,84.91,8,2000,70000,0,2026,8,17
광진구,구의동,현대프라임,84.99,20,1997,80000,64,2026,8,26
광진구,화양동,광진청년생활,19.0747,12,2024,100,30,2026,8,26
광진구,군자동,일성파크,59.96,16,1996,50000,0,2026,8,26
광진구,구의동,래미안파크스위트,84.98,2,2018,100000,0,2026,8,25
광진구,광장동,워커힐,166.91,8,1978,120000,0,2026,8,26
광진구,광장동,동북아스위트힐(리버리치빌),83.61,4,2008,50000,0,2026,8,24
광진구,구의동,래미안파크스위트,59.98,18,2018,60000,0,2026,8,17
광진구,광장동,현대파크빌,59.76,5,2000,68250,0,2026,8,24
광진구,자양동,더샵스타시티,163.53,36,2007,193000,0,2026,8,25
광진구,자양동,자양우성7,59.94,6,1998,10000,250,2026,8,15
광진구,자양동,이튼타워리버3차,137.71,9,2007,70000,450,2026,8,11
광진구,자양동,우성1,79.75,11,1988,49300,0,2026,8,25
광진구,자양동,현대강변,82.08,2,1991,60000,0,2026,8,22
광진구,화양동,아스하임(111-102),14.11,13,2018,17500,35,2026,8,22
광진구,자양동,로얄동아,59.91,7,1999,52000,0,2026,8,25
광진구,자양동,자양삼성,84.96,6,1999,75000,0,2026,8,25
광진구,자양동,우성1,51.57,13,1988,44000,0,2026,8,22
광진구,광장동,유진스웰,142.431,15,2011,190000,0,2026,8,24
광진구,구의동,래미안파크스위트,59.98,11,2018,70500,0,2026,8,22
광진구,구의동,세양,84.32,4,2002,10000,300,2026,8,19
광진구,구의동,래미안파크스위트,59.98,6,2018,80000,0,2026,8,22
광진구,자양동,더샵스타시티,163.53,34,2007,182500,0,2026,8,21
광진구,자양동,한강현대,83.45,16,1993,70000,0,2026,8,22
광진구,광장동,"현대8(801동,802동)",84.92,21,1995,50000,180,2026,8,22
광진구,구의동,래미안파크스위트,59.98,7,2018,83000,0,2026,8,24
광진구,광장동,광나루현대,84.92,9,1996,20000,250,2026,8,3
광진구,광장동,워커힐푸르지오,69,2,1987,77000,40,2026,8,22
광진구,자양동,자양7차현대홈타운,84.7,3,2001,50000,100,2026,8,19
광진구,구의동,e편한세상광진그랜드파크,84.9716,10,2021,103000,0,2026,8,22
광진구,자양동,더샵스타시티,100.32,25,2007,30000,330,2026,8,1
광진구,중곡동,백악관타워,44.7511,8,2025,20800,74,2026,8,20
광진구,자양동,우성1,51.57,9,1988,5000,130,2026,8,21
광진구,군자동,일성파크,59.96,1,1996,42000,0,2026,8,21
광진구,중곡동,백악관타워,18.849,9,2025,8600,52,2026,8,21
광진구,자양동,한강성원,84.12,5,1997,20000,230,2026,8,21
광진구,구의동,광남캐스빌,64,3,2003,29650,0,2026,8,19
광진구,구의동,e편한세상광진그랜드파크,84.9716,17,2021,20000,400,2026,8,8
광진구,자양동,경남아너스빌,59.79,7,1997,46000,0,2026,8,21
광진구,화양동,씨즈건대힐스,14.23,7,2017,1000,80,2026,8,20
광진구,구의동,현대프라임,59.82,14,1997,5000,179,2026,8,19
광진구,자양동,우성3,84.91,3,1989,60000,80,2026,8,20
광진구,중곡동,백악관타워,18.849,6,2025,8600,52,2026,8,20
광진구,광장동,광장현대9단지,59.97,6,1999,50000,50,2026,8,20
광진구,화양동,광진코지웰,15.63,6,2014,1000,66,2026,8,19
광진구,구의동,현대프라임,84.99,11,1997,60000,130,2026,8,20
광진구,화양동,광진코지웰,14,5,2014,1000,75,2026,8,19
광진구,구의동,래미안파크스위트,84.98,5,2018,95000,17,2026,8,8
광진구,중곡동,백악관타워,18.5334,9,2025,8500,52,2026,8,19
광진구,자양동,이튼타워리버3차,84.96,10,2007,10000,275,2026,8,8
광진구,구의동,현대프라임,59.82,18,1997,40000,76,2026,8,5
광진구,능동,이듬빌,25.86,5,2021,5000,70,2026,8,19
광진구,구의동,현대프라임,59.82,23,1997,10000,220,2026,8,18
광진구,자양동,현대3,84.9,17,1996,59850,0,2026,8,13
광진구,광장동,청구,84.86,8,1996,79800,0,2026,8,8
광진구,자양동,우성1,51.57,9,1988,49000,0,2026,8,14
광진구,자양동,우성3,51.39,11,1989,42000,50,2026,8,4
광진구,자양동,한강극동,84.48,2,1991,57750,0,2026,8,18
광진구,구의동,현대프라임,59.82,27,1997,70000,0,2026,8,17
광진구,자양동,한양,124.93,12,1983,73000,0,2026,8,18
광진구,광장동,워커힐,226.45,1,1978,60000,140,2026,8,18
광진구,자양동,대동,84.65,13,1999,72000,0,2026,8,17
광진구,광장동,광장자이,158.26,13,2008,169000,0,2026,8,13
광진구,자양동,한솔리베르,83.37,10,2002,50000,70,2026,8,10
광진구,자양동,자양현대6,84.97,14,1999,78000,0,2026,8,14
광진구,자양동,우방리버파크,59.87,19,2003,75000,0,2026,8,17
광진구,화양동,광진코지웰,15.63,8,2014,1000,72,2026,8,16
광진구,자양동,우성1,51.57,2,1988,43000,0,2026,8,15
광진구,화양동,아스하임(111-102),14.11,20,2018,5000,80,2026,8,9
광진구,자양동,한솔리베르,83.31,22,2002,75000,0,2026,8,17
광진구,자양동,대원리버빌,78.8,6,2001,40000,100,2026,8,14
광진구,광장동,현대파크빌,59.55,13,2000,65000,60,2026,8,14
광진구,광장동,워커힐,162.41,10,1978,30000,200,2026,8,3
광진구,구의동,래미안파크스위트,59.98,11,2018,74500,0,2026,8,13
광진구,자양동,자양8차현대홈타운,80.47,2,2002,37000,140,2026,8,14
광진구,자양동,우성1,79.75,4,1988,63000,0,2026,8,14
광진구,자양동,우성3,51.39,12,1989,46000,0,2026,8,13
광진구,광장동,워커힐푸르지오,69,4,1987,5000,275,2026,8,13
광진구,자양동,더샵스타시티,139.54,11,2007,160000,0,2026,8,13
광진구,구의동,래미안파크스위트,84.98,14,2018,50000,220,2026,8,12
광진구,광장동,워커힐,196,11,1978,100000,0,2026,8,6
광진구,광장동,현대파크빌,84.81,2,2000,110000,0,2026,8,10
광진구,구의동,래미안파크스위트,84.98,3,2018,105000,0,2026,8,8
광진구,군자동,에피소드1,17.81,3,2014,17500,40,2026,8,13
광진구,구의동,구의현대2단지,84.91,19,1996,97000,0,2026,8,13
광진구,자양동,더샵스타시티,163.53,54,2007,145000,90,2026,8,13
광진구,구의동,e편한세상광진그랜드파크,84.9716,15,2021,70000,130,2026,8,12
광진구,광장동,극동1,126.94,9,1985,105000,0,2026,8,12
광진구,화양동,광진코지웰,15.63,12,2014,2000,80,2026,8,13
광진구,자양동,한강우성,84.72,16,1993,77000,0,2026,8,12
광진구,구의동,구의강변우성아파트,84.76,1,1992,60000,40,2026,8,12
광진구,구의동,구의강변우성아파트,84.76,3,1992,70000,0,2026,8,12
광진구,광장동,워커힐푸르지오,69,9,1987,67000,0,2026,8,5
광진구,구의동,구의현대6단지,84.92,20,1994,80000,0,2026,8,11
광진구,자양동,자양호반써밋,84.0374,7,2021,125000,0,2026,8,11
광진구,광장동,광장현대9단지,84.96,1,1999,10000,370,2026,8,12
광진구,자양동,우성3,84.91,9,1989,84000,0,2026,8,12
광진구,자양동,로얄동아,84.83,10,1999,70000,0,2026,8,8
광진구,중곡동,백악관타워,23.5809,14,2025,12900,49,2026,8,7
광진구,중곡동,중곡2단지,55.87,4,1976,22000,0,2026,8,7
광진구,자양동,우성1,59.91,3,1988,48000,9,2026,8,6
광진구,광장동,"현대8(801동,802동)",84.92,2,1995,25000,230,2026,8,1
광진구,광장동,현대5,74.88,3,1989,74000,0,2026,8,6
광진구,구의동,현대프라임,126.66,2,1997,105000,0,2026,8,11
광진구,자양동,우성2,51.57,7,1989,42000,0,2026,8,8
광진구,자양동,자양삼성,59.76,14,1999,20000,160,2026,8,10
광진구,구의동,현대프라임,84.99,8,1997,10000,255,2026,8,7
광진구,광장동,현대3,59.67,12,1990,48000,0,2026,8,6
광진구,구의동,래미안파크스위트,59.98,9,2018,50000,140,2026,8,10
광진구,구의동,구의현대2단지,84.86,19,1996,78750,0,2026,8,8
광진구,자양동,경남,59.96,8,1999,40100,25,2026,8,10
광진구,광장동,현대5,84.56,19,1989,37000,154,2026,8,10
광진구,구의동,래미안파크스위트,59.98,5,2018,77700,0,2026,8,10
광진구,자양동,자양강변I-Park,84.95,17,2006,89250,0,2026,8,8
광진구,자양동,테라팰리스건대2차,84.13,13,2018,85000,0,2026,8,10
광진구,자양동,이튼타워리버5차,128.39,11,2009,90000,150,2026,8,7
광진구,화양동,광진코지웰,18.63,4,2014,2000,76,2026,8,10
광진구,광장동,현대파크빌,59.76,4,2000,42000,57,2026,8,10
광진구,구의동,구의현대2단지,84.75,9,1996,42000,136,2026,8,8
광진구,광장동,현대파크빌,59.76,12,2000,65000,0,2026,8,8
광진구,자양동,자양10차현대홈타운,111.88,1,2002,60000,140,2026,8,7
광진구,구의동,구의현대2단지,84.88,10,1996,63900,60,2026,8,6
광진구,중곡동,욱현하이브Ⅲ,15.01,7,2012,13000,7,2026,8,7
광진구,구의동,래미안파크스위트,59.98,3,2018,78750,0,2026,8,3
광진구,자양동,더포디엄830,20.4009,7,2025,9300,64,2026,8,6
광진구,구의동,구의현대7단지현대홈타운,84.99,10,1997,5000,180,2026,8,5
광진구,화양동,아스하임(111-102),14.11,19,2018,1000,91,2026,8,6
광진구,광장동,현대8(803동),59.94,7,1996,47200,50,2026,8,5
광진구,자양동,한강아남,59.87,10,1995,41500,0,2026,8,5
광진구,자양동,자양현대5,59.72,11,1998,47250,0,2026,8,5
광진구,자양동,우성3,72.34,8,1989,65000,0,2026,8,4
광진구,자양동,한강극동,84.45,5,1991,65000,0,2026,8,4
광진구,구의동,강변아파트,96.6,8,2004,55000,0,2026,8,4
광진구,자양동,우성1,59.91,12,1988,46800,0,2026,8,3
광진구,자양동,대동,59.54,13,1999,40000,60,2026,8,1
광진구,광장동,극동2,84.55,5,1989,56700,0,2026,8,1
광진구,구의동,비바힐스강변,15.87,12,2021,6840,45,2026,8,1
광진구,자양동,우성3,51.39,8,1989,4000,120,2026,8,3
광진구,화양동,화양현대,59.99,8,1999,40000,39,2026,8,1
광진구,광장동,현대5,84.56,10,1989,60000,105,2026,8,1
광진구,광장동,청구,59.95,6,1996,54600,0,2026,8,1
동대문구,답십리동,답십리파크자이,49.27,14,2019,60000,0,2026,8,24
동대문구,용두동,래미안 허브리츠,84.97,7,2011,10000,190,2026,8,24
동대문구,답십리동,두산위브,59.91,14,2007,55000,0,2026,8,22
동대문구,휘경동,휘경리오포레아파트(2단지),39.98,10,2001,27000,0,2026,8,17
동대문구,답십리동,래미안미드카운티,84.99,14,2019,68250,0,2026,8,8
동대문구,답십리동,답십리파크자이,59.91,3,2019,10000,190,2026,8,1
동대문구,휘경동,이문휘경지웰에스테이트,14.1448,9,2021,1000,80,2026,8,4
동대문구,휘경동,그린타워,12.35,8,2013,1000,52,2026,8,26
동대문구,답십리동,청계한신휴플러스,90.62,5,2010,12000,300,2026,8,1
동대문구,답십리동,한신휴플러스그린파크,59.92,10,2010,60000,0,2026,8,29
동대문구,휘경동,휘경해모로프레스티지,84.88,2,2021,70000,35,2026,8,29
동대문구,회기동,베라체캠퍼스,24.011,11,2013,7000,85,2026,8,10
동대문구,휘경동,서울휘경행복아파트,14.97,1,2021,4870,14,2026,8,26
동대문구,답십리동,래미안위브,59.97,9,2014,60000,0,2026,8,29
동대문구,답십리동,청계푸르지오시티,18.92,9,2015,1000,70,2026,8,29
동대문구,장안동,현대썬앤빌601,18.35,17,2015,500,70,2026,8,15
동대문구,장안동,스마트트라움,48.02,13,2018,32000,15,2026,8,31
동대문구,용두동,용두롯데캐슬리치,59.988,12,2015,10000,240,2026,8,26
동대문구,용두동,롯데캐슬피렌체,26.08,8,2009,3000,80,2026,8,29
동대문구,답십리동,래미안위브,59.97,7,2014,70000,0,2026,8,7
동대문구,답십리동,청계푸르지오시티,30.42,4,2015,2000,130,2026,8,5
동대문구,장안동,장안동하트리움,20.8393,23,2025,12500,38,2026,8,31
동대문구,용두동,래미안엘리니티,84.99,18,2022,20000,265,2026,8,27
동대문구,제기동,안암골벽산,84.98,22,2003,5000,189,2026,8,21
동대문구,답십리동,동답한신,35.45,7,1992,2000,90,2026,8,5
동대문구,청량리동,미주,86.78,8,1978,43000,0,2026,8,30
동대문구,답십리동,현대썬앤빌청계,14.82,7,2016,10000,25,2026,8,6
동대문구,답십리동,청계지웰에스테이트,19.525,13,2012,1000,70,2026,8,24
동대문구,장안동,한강훼미리주상복합아파트,83.43,9,2009,20000,110,2026,8,26
동대문구,용두동,래미안엘리니티,84.92,19,2022,20000,260,2026,8,10
동대문구,이문동,민족통일MJ캠퍼스외대3차,18.54,11,2022,1000,150,2026,8,27
동대문구,장안동,장안푸르미에,12.9463,6,2013,9600,20,2026,8,28
동대문구,용두동,KYTOWER,19.93,5,2017,1000,72,2026,8,26
동대문구,장안동,장안푸르미에,12.6512,7,2013,9600,10,2026,8,31
동대문구,전농동,동대문롯데캐슬노블레스,84.98,10,2018,85000,0,2026,8,31
동대문구,휘경동,브라운스톤휘경,114.61,12,2013,15000,250,2026,8,29
동대문구,용두동,청량리역한양수자인그라시엘,84.97,17,2023,10000,390,2026,8,2
동대문구,청량리동,한신,84.92,9,1997,10000,210,2026,8,6
동대문구,휘경동,휘경제이스카이아파트,84.43,8,2016,45000,0,2026,8,8
동대문구,전농동,래미안크레시티,84.96,4,2014,86000,0,2026,8,29
동대문구,휘경동,휘경제이스카이아파트,84.43,8,2016,45000,0,2026,8,8
동대문구,이문동,래미안라그란데,55.99,10,2025,65000,0,2026,8,29
동대문구,용두동,청량리역한양수자인그라시엘,84.98,53,2023,100000,0,2026,8,30
동대문구,회기동,신현대,84.96,11,1989,5000,170,2026,8,29
동대문구,답십리동,동답한신,44.35,3,1992,23100,50,2026,8,31
동대문구,장안동,현대썬앤빌601,18.35,6,2015,500,70,2026,8,21
동대문구,용두동,래미안엘리니티,84.98,17,2022,98000,0,2026,8,28
동대문구,장안동,동대문더퍼스트데시앙,59.9942,2,2019,20000,145,2026,8,28
동대문구,전농동,청량리역롯데캐슬 SKY-L65,84.981,39,2023,10000,345,2026,8,6
동대문구,제기동,한신아파트,84.76,5,2004,500,300,2026,8,30
동대문구,이문동,대림e-편한세상,59.958,11,2003,10000,150,2026,8,29
동대문구,장안동,다우하임,29.98,12,2018,19400,14,2026,8,28
동대문구,휘경동,휘경리오포레아파트(2단지),39.97,4,2001,32000,0,2026,8,28
동대문구,회기동,베라체캠퍼스,54.526,10,2013,15000,120,2026,8,28
동대문구,용두동,KYTOWER,19.93,9,2017,1000,86,2026,8,24
동대문구,장안동,현대썬앤빌601,18.35,6,2015,500,68,2026,8,26
동대문구,용두동,동대문푸르지오시티(도시형생활주택),36.99,3,2016,5000,140,2026,8,28
동대문구,전농동,퀸즈W청량리역,20.0021,7,2025,8800,54,2026,8,6
동대문구,장안동,장안푸르미에,12.6512,3,2013,100,50,2026,8,20
동대문구,회기동,민족통일MJ캠퍼스경희대2차,17.31,14,2021,700,120,2026,8,22
동대문구,용두동,동대문푸르지오시티(도시형생활주택),30.11,11,2016,3000,128,2026,8,21
동대문구,휘경동,이문휘경지웰에스테이트,14.1448,18,2021,500,83,2026,8,25
동대문구,이문동,민족통일MJ캠퍼스외대3차,18.24,8,2022,1000,110,2026,8,18
동대문구,청량리동,미주,127.11,13,1978,39500,0,2026,8,27
동대문구,휘경동,서울휘경행복아파트,14.97,5,2021,672,24,2026,8,24
동대문구,답십리동,동아,84.72,17,2001,60000,0,2026,8,27
동대문구,장안동,장안현대홈타운(336),84.87,2,2003,10000,205,2026,8,18
동대문구,답십리동,래미안위브,84.99,8,2014,5000,160,2026,8,28
동대문구,답십리동,센시티16,43.185,4,2013,20000,0,2026,8,28
동대문구,이문동,대림e-편한세상,114.937,9,2003,63000,0,2026,8,28
동대문구,답십리동,센시티16,14.244,11,2013,1000,70,2026,8,23
동대문구,휘경동,휘경해모로프레스티지,59.77,14,2021,60900,0,2026,8,27
동대문구,제기동,한신아파트,114.885,10,2004,45000,100,2026,8,26
동대문구,장안동,프라하임장안1,21.34,5,2020,19000,10,2026,8,21
동대문구,장안동,래미안장안2차,81.05,12,2007,31000,100,2026,8,21
동대문구,용두동,동대문베네스트,18.36,18,2020,1000,81,2026,8,27
동대문구,휘경동,이문휘경지웰에스테이트,14.1448,19,2021,1000,90,2026,8,5
동대문구,휘경동,휘경SK뷰,59.39,3,2019,30000,58,2026,8,11
동대문구,이문동,대우,84.891,11,2001,52500,0,2026,8,27
동대문구,휘경동,회기역하트리움역세권청년주택,33.7442,24,2023,22200,17,2026,8,28
동대문구,장안동,장안현대홈타운(336),84.78,1,2003,65000,0,2026,8,26
동대문구,전농동,퀸즈W청량리역,20.0021,9,2025,11000,45,2026,8,27
동대문구,회기동,회기동에이치21,15.18,4,2021,16000,0,2026,8,26
동대문구,장안동,장안현대홈타운(336),112.78,10,2003,54000,35,2026,8,8
동대문구,청량리동,미주,152.17,8,1978,52500,0,2026,8,27
동대문구,전농동,전농SK,59.34,5,2000,30000,85,2026,8,8
동대문구,답십리동,힐스테이트청계,84.85,17,2018,50000,160,2026,8,27
동대문구,회기동,회기동에이치21,11.38,4,2021,5000,50,2026,8,27
동대문구,휘경동,휘경리오포레아파트(2단지),39.97,16,2001,26250,0,2026,8,27
동대문구,휘경동,서울휘경행복아파트,14.97,3,2021,2972,17,2026,8,24
동대문구,회기동,회기동에이치21,11.38,3,2021,11500,3,2026,8,25
동대문구,제기동,안암골벽산,84.98,16,2003,40000,80,2026,8,5
동대문구,답십리동,래미안위브,84.99,16,2014,74000,0,2026,8,21
동대문구,전농동,아코모회기바이홈즈,11.56,13,2024,500,204,2026,8,18
동대문구,제기동,리스트안암,20.125,4,2024,5800,37,2026,8,20
동대문구,이문동,래미안라그란데,74.98,12,2025,62000,0,2026,8,20
동대문구,전농동,전농동신성미소지움,112.874,8,2005,63000,0,2026,8,1
동대문구,전농동,전농동신성미소지움,55.371,11,2005,50400,0,2026,8,19
동대문구,용두동,래미안엘리니티,84.92,17,2022,81000,0,2026,8,5
동대문구,회기동,회기동에이치21,11.38,3,2021,11500,3,2026,8,25
동대문구,용두동,신동아,58.59,3,1994,52000,0,2026,8,27
동대문구,전농동,청량리역롯데캐슬 SKY-L65,84.983,16,2023,90000,0,2026,8,27
동대문구,장안동,래미안장안,84.774,15,2003,75000,0,2026,8,23
동대문구,휘경동,롯데낙천대,112.03,9,2003,45000,0,2026,8,26
동대문구,장안동,래미안장안2차,81.05,6,2007,67000,0,2026,8,8
동대문구,제기동,한신아파트,84.76,15,2004,50000,23,2026,8,15
동대문구,답십리동,e편한세상답십리아르테포레,84.8648,7,2025,35000,130,2026,8,21
동대문구,장안동,신부파스카(563),84.99,13,2005,42000,0,2026,8,26
동대문구,전농동,동대문롯데캐슬노블레스,59.98,12,2018,73000,0,2026,8,24
동대문구,답십리동,래미안위브,84.98,3,2014,83000,0,2026,8,26
동대문구,전농동,퀸즈W청량리역,20.0021,8,2025,9900,50,2026,8,26
동대문구,답십리동,래미안미드카운티,59.98,5,2019,66000,0,2026,8,10
동대문구,답십리동,청계푸르지오시티,18.92,12,2015,5000,57,2026,8,17
동대문구,전농동,동대문롯데캐슬노블레스,59.98,5,2018,55800,0,2026,8,26
동대문구,제기동,어진재,15.64,5,2014,1000,75,2026,8,26
동대문구,전농동,전농SK,84.95,4,2000,10000,240,2026,8,11
동대문구,용두동,청계한양아이클래스,14.22,17,2019,16000,0,2026,8,21
동대문구,장안동,월튼파크뷰(342-21),46.405,9,2016,25000,35,2026,8,25
동대문구,답십리동,힐스테이트청계,59.86,24,2018,55000,90,2026,8,25
동대문구,답십리동,래미안위브,59.96,3,2014,20000,150,2026,8,19
동대문구,장안동,프라하임장안1,17.84,8,2020,18500,34,2026,8,25
동대문구,용두동,용두두산위브,84.99,16,2009,67000,0,2026,8,25
동대문구,답십리동,동서울한양,76.41,7,1989,48000,0,2026,8,25
동대문구,전농동,퀸즈W청량리역,41.1229,19,2025,20200,84,2026,8,19
동대문구,휘경동,롯데,84.89,12,2000,40000,0,2026,8,10
동대문구,용두동,한양아이클래스,16.57,2,2014,1000,75,2026,8,1
동대문구,전농동,전농우성,126.63,1,1992,30000,90,2026,8,22
동대문구,장안동,양우내안애애플,15.3388,4,2014,500,60,2026,8,20
동대문구,장안동,현대썬앤빌601,18.35,7,2015,500,68,2026,8,25
동대문구,청량리동,현대,82.18,10,1987,5000,180,2026,8,25
동대문구,이문동,래미안이문2차,59.79,9,2004,20000,150,2026,8,17
동대문구,용두동,신동아,71.01,4,1994,10000,175,2026,8,25
동대문구,답십리동,답십리청솔우성,114.76,16,2000,40000,120,2026,8,22
동대문구,전농동,동대문롯데캐슬노블레스,84.98,2,2018,68250,0,2026,8,21
동대문구,전농동,전농SK,59.34,24,2000,42000,0,2026,8,3
동대문구,답십리동,청계한신휴플러스,84.73,9,2010,30000,150,2026,8,21
동대문구,답십리동,래미안위브,84.98,5,2014,78000,0,2026,8,22
동대문구,장안동,래미안장안2차,81.05,10,2007,63000,0,2026,8,7
동대문구,장안동,장안평월드메르디앙2차,84.5,6,2007,55000,0,2026,8,22
동대문구,휘경동,휘경SK뷰,59.39,17,2019,58800,0,2026,8,8
동대문구,답십리동,래미안위브,59.96,8,2014,52500,0,2026,8,23
동대문구,답십리동,래미안위브,59.96,2,2014,30000,160,2026,8,22
동대문구,답십리동,래미안미드카운티,59.98,8,2019,73000,0,2026,8,24
동대문구,이문동,세진빌딩,14.63,6,2020,1000,95,2026,8,5
동대문구,용두동,래미안엘리니티,59.96,8,2022,77000,0,2026,8,14
동대문구,답십리동,힐스테이트청계,84.85,10,2018,50000,160,2026,8,8
동대문구,전농동,전농SK,84.95,16,2000,65000,0,2026,8,21
동대문구,이문동,쌍용,114.35,4,2000,80000,0,2026,8,13
동대문구,청량리동,미주,101.62,3,1978,42000,0,2026,8,8
동대문구,답십리동,동아,84.72,4,2001,65000,0,2026,8,15
동대문구,회기동,회기동에이치21,15.12,7,2021,12000,20,2026,8,20
동대문구,장안동,래미안장안2차,112.92,17,2007,81000,0,2026,8,24
동대문구,용두동,이편한세상청계센트럴포레,74.98,16,2021,76000,0,2026,8,22
동대문구,답십리동,답십리파크자이,59.91,9,2019,72000,0,2026,8,22
동대문구,휘경동,휘경자이디센시아,59.93,10,2025,15000,240,2026,8,22
동대문구,답십리동,두산위브,59.91,14,2007,55000,0,2026,8,22
동대문구,답십리동,보광타워,14.69,13,2019,500,65,2026,8,17
동대문구,제기동,현대,90.95,1,1999,50000,0,2026,8,22
동대문구,전농동,CNHHome,43.84,4,2013,19000,4,2026,8,10
동대문구,용두동,래미안엘리니티,84.98,9,2022,70000,50,2026,8,22
동대문구,회기동,민족통일MJ캠퍼스경희대,20.34,7,2017,16000,25,2026,8,23
동대문구,휘경동,회기역하트리움역세권청년주택,33.7442,5,2023,22200,17,2026,8,24
동대문구,답십리동,래미안위브,121.66,13,2014,90000,20,2026,8,22
동대문구,신설동,신설동지웰홈스,13.75,12,2017,500,69,2026,8,14
동대문구,휘경동,휘경리오포레아파트(2단지),59.79,6,2001,54000,0,2026,8,22
동대문구,답십리동,힐스테이트청계,59.94,25,2018,72000,0,2026,8,22
동대문구,이문동,래미안라그란데,74.98,12,2025,62000,0,2026,8,20
동대문구,이문동,대림e-편한세상,59.958,8,2003,46000,0,2026,8,22
동대문구,전농동,퀸즈W청량리역,41.1229,14,2025,16200,100,2026,8,19
동대문구,전농동,래미안크레시티,84.96,6,2014,40000,170,2026,8,4
동대문구,제기동,어진재,15.61,6,2014,1000,84,2026,8,4
동대문구,이문동,대림e-편한세상,59.958,9,2003,47000,0,2026,8,22
동대문구,전농동,전농SK,84.84,16,2000,66000,0,2026,8,14
동대문구,장안동,형인허브빌(450-4),84.68,6,2005,40000,30,2026,8,18
동대문구,장안동,JS아파트,61.25,2,2008,31603,0,2026,8,17
동대문구,장안동,장안힐스테이트,59.928,24,2007,47000,40,2026,8,2
동대문구,전농동,래미안크레시티,59.99,7,2014,54600,0,2026,8,1
동대문구,용두동,KYTOWER,19.93,6,2017,1000,74,2026,8,19
동대문구,회기동,신현대,72.27,4,1989,36800,0,2026,8,16
동대문구,답십리동,힐스테이트청계,84.85,25,2018,75600,0,2026,8,21
동대문구,휘경동,휘경해모로프레스티지,59.77,20,2021,57000,0,2026,8,4
동대문구,답십리동,동서울한양,59.67,12,1989,39000,0,2026,8,20
동대문구,전농동,전농우성,59.78,7,1992,40000,0,2026,8,20
동대문구,휘경동,동일스위트리버,59.732,7,2007,46000,11,2026,8,20
동대문구,용두동,리안빌딩,44.22,5,2014,24308,0,2026,8,20
동대문구,용두동,동대문베네스트,18.36,15,2020,1000,85,2026,8,20
동대문구,용두동,청계한양아이클래스,24.81,15,2019,23000,20,2026,8,10
동대문구,이문동,쌍용,114.35,11,2000,15000,180,2026,8,20
동대문구,청량리동,현대,66.91,5,1987,18000,120,2026,8,1
동대문구,전농동,전농우성,44.24,9,1992,27300,0,2026,8,20
동대문구,답십리동,청계한신휴플러스,90.62,19,2010,79000,0,2026,8,20
동대문구,휘경동,휘경미소지움,59.84,16,1999,38800,0,2026,8,10
동대문구,답십리동,두산위브,59.91,10,2007,28400,70,2026,8,7
동대문구,답십리동,동아,84.72,19,2001,65000,0,2026,8,17
동대문구,휘경동,회기역하트리움역세권청년주택,15.8871,12,2023,1500,16,2026,8,20
동대문구,답십리동,래미안위브,84.98,15,2014,30000,210,2026,8,20
동대문구,장안동,공감대5차(334-5),114.21,6,2004,45000,50,2026,8,18
동대문구,답십리동,래미안미드카운티,84.99,18,2019,85000,0,2026,8,19
동대문구,이문동,현대,114.6,14,2000,44000,0,2026,8,17
동대문구,용두동,청계한양아이클래스,14.22,20,2019,16600,10,2026,8,7
동대문구,이문동,현대,59.92,25,2000,45000,0,2026,8,18
동대문구,이문동,대우,84.891,13,2001,52500,0,2026,8,19
동대문구,이문동,민족통일MJ캠퍼스외대,21.65,12,2016,15000,47,2026,8,16
동대문구,용두동,LOFT129,22.1739,2,2025,100,41,2026,8,19
동대문구,회기동,회기동에이치21,11.38,3,2021,11500,3,2026,8,19
동대문구,제기동,한신아파트,114.885,11,2004,59500,50,2026,8,12
동대문구,휘경동,회기역하트리움역세권청년주택,15.8871,18,2023,9500,24,2026,8,12
동대문구,용두동,LOFT129,22.1739,3,2025,100,41,2026,8,19
동대문구,이문동,래미안라그란데,99.98,5,2025,104000,0,2026,8,18
동대문구,이문동,대림e-편한세상,84.972,18,2003,65000,0,2026,8,17
동대문구,청량리동,홍릉동부,84.91,14,2001,43000,50,2026,8,18
동대문구,답십리동,래미안미드카운티,84.99,16,2019,53600,105,2026,8,19
동대문구,답십리동,힐스테이트청계,59.86,7,2018,69000,0,2026,8,18
동대문구,신설동,포레스트힐시티,14.75,18,2018,1000,85,2026,8,19
동대문구,장안동,장안현대홈타운(336),133.72,12,2003,85000,0,2026,8,6
동대문구,이문동,대림e-편한세상,84.972,6,2003,66000,0,2026,8,19
동대문구,답십리동,래미안미드카운티,84.99,16,2019,53600,105,2026,8,19
동대문구,전농동,퀸즈W청량리역,20.0021,4,2025,11000,45,2026,8,3
동대문구,휘경동,이문휘경지웰에스테이트,14.1448,8,2021,1000,87,2026,8,19
동대문구,제기동,한신아파트,59.84,20,2004,43000,0,2026,8,18
동대문구,휘경동,회기역하트리움역세권청년주택,15.8871,21,2023,9500,24,2026,8,12
동대문구,장안동,현대홈타운3차,84.3,9,2006,27000,70,2026,8,15
동대문구,장안동,장안동하트리움,36.2645,15,2025,20500,50,2026,8,18
동대문구,휘경동,회기역하트리움역세권청년주택,33.7442,9,2023,6237,28,2026,8,18
동대문구,답십리동,동답한신,59.22,15,1992,35700,0,2026,8,12
동대문구,휘경동,이문휘경지웰에스테이트,14.1448,10,2021,1000,85,2026,8,18
동대문구,휘경동,회기역하트리움역세권청년주택,33.7442,13,2023,6237,28,2026,8,18
동대문구,전농동,전농SK,84.84,16,2000,66000,0,2026,8,14
동대문구,전농동,래미안아름숲,84.96,3,2012,75000,0,2026,8,18
동대문구,용두동,용두롯데캐슬리치,114.7715,13,2015,50000,114,2026,8,4
동대문구,장안동,장안현대홈타운(336),59.54,8,2003,41895,0,2026,8,15
동대문구,장안동,양우내안애애플,15.3388,7,2014,500,65,2026,8,14
동대문구,용두동,래미안엘리니티,74.94,7,2022,90000,0,2026,8,1
동대문구,답십리동,답십리파크자이,84.62,15,2019,20000,250,2026,8,14
동대문구,답십리동,동서울한양,76.41,6,1989,40000,0,2026,8,18
동대문구,답십리동,답십리파크자이,49.27,3,2019,42730,0,2026,8,18
동대문구,장안동,래미안장안2차,81.05,6,2007,63000,0,2026,8,18
동대문구,전농동,래미안크레시티,59.99,11,2014,10000,210,2026,8,4
동대문구,전농동,래미안크레시티,84.96,8,2014,10000,320,2026,8,15
동대문구,답십리동,래미안위브,59.99,7,2014,67200,0,2026,8,11
동대문구,답십리동,보광타워,22.96,9,2019,5000,100,2026,8,1
동대문구,전농동,전농SK,59.34,8,2000,3000,200,2026,8,13
동대문구,이문동,이문아이파크자이,59.91,32,2025,75000,0,2026,8,13
동대문구,전농동,래미안크레시티,121.95,4,2014,99750,0,2026,8,1
동대문구,제기동,안암골벽산,84.98,19,2003,60500,0,2026,8,18
동대문구,회기동,신현대,60.48,4,1989,10000,110,2026,8,15
동대문구,이문동,이문아이파크자이,102.99,34,2025,130000,0,2026,8,15
동대문구,장안동,장안힐스테이트,84.568,13,2007,70000,20,2026,8,5
동대문구,장안동,다우하임,29.98,12,2018,22800,0,2026,8,17
동대문구,이문동,이문아이파크자이,102.93,18,2025,20000,400,2026,8,15
동대문구,이문동,래미안라그란데,114.98,16,2025,30000,390,2026,8,15
동대문구,답십리동,청계한신휴플러스,90.62,4,2010,62000,0,2026,8,10
동대문구,전농동,전농동삼성래미안,59.93,14,2000,44000,0,2026,8,13
동대문구,답십리동,한일노벨리아,22.345,13,2016,20000,12,2026,8,4
동대문구,용두동,청량리역해링턴플레이스,84.873,26,2023,78000,0,2026,8,14
동대문구,답십리동,동답한신,35.45,12,1992,1000,65,2026,8,14
동대문구,전농동,퀸즈W청량리역,41.4768,18,2025,20200,84,2026,8,13
동대문구,장안동,장안현대홈타운(336),58.42,17,2003,62000,0,2026,8,10
동대문구,답십리동,청계푸르지오시티,18.92,14,2015,13000,24,2026,8,14
동대문구,답십리동,힐스테이트청계,84.85,22,2018,73000,30,2026,8,14
동대문구,전농동,퀸즈W청량리역,41.3847,14,2025,17000,70,2026,8,13
동대문구,장안동,글로벌팰리스,27.08,11,2019,25700,0,2026,8,13
동대문구,장안동,래미안장안2차,81.05,16,2007,65000,0,2026,8,13
동대문구,장안동,장안동하트리움,18.1438,8,2025,7600,51,2026,8,11
동대문구,전농동,래미안크레시티,121.93,12,2014,105000,0,2026,8,10
동대문구,전농동,퀸즈W청량리역,41.1229,14,2025,13600,84,2026,8,12
동대문구,전농동,래미안크레시티,84.98,9,2014,83000,0,2026,8,12
동대문구,용두동,리더스캐슬,44.72,7,2019,3000,125,2026,8,5
동대문구,답십리동,두산위브,114.96,11,2007,78500,0,2026,8,12
동대문구,답십리동,래미안위브,84.99,16,2014,82000,0,2026,8,6
동대문구,제기동,한신아파트,84.76,1,2004,40000,80,2026,8,8
동대문구,휘경동,휘경SK뷰,59.39,20,2019,61950,0,2026,8,11
동대문구,답십리동,래미안미드카운티,59.98,6,2019,60000,50,2026,8,12
동대문구,전농동,청량리역롯데캐슬 SKY-L65,84.993,31,2023,80000,100,2026,8,11
동대문구,청량리동,한신,59.97,5,1997,48000,0,2026,8,12
동대문구,전농동,퀸즈W청량리역,41.4097,15,2025,17000,70,2026,8,12
동대문구,청량리동,미주,170.35,4,1978,59000,0,2026,8,5
동대문구,전농동,퀸즈W청량리역,41.1229,15,2025,18200,92,2026,8,12
동대문구,휘경동,브라운스톤휘경,59.78,7,2013,55600,0,2026,8,12
동대문구,장안동,래미안장안,84.774,10,2003,63000,0,2026,8,12
동대문구,답십리동,래미안미드카운티,84.99,13,2019,85000,0,2026,8,10
동대문구,장안동,태솔아파트3차,50.51,7,2018,36900,0,2026,8,12
동대문구,답십리동,두산,59.96,7,2000,46200,0,2026,8,12
동대문구,용두동,래미안 허브리츠,59.98,11,2011,68000,0,2026,8,12
동대문구,전농동,래미안크레시티,59.99,11,2014,10000,230,2026,8,12
동대문구,휘경동,이문휘경지웰에스테이트,14.1448,12,2021,1000,90,2026,8,9
동대문구,용두동,청량리역한양수자인그라시엘,84.96,49,2023,100000,0,2026,8,11
동대문구,이문동,래미안이문2차,114.5,13,2004,73500,0,2026,8,10
동대문구,휘경동,이문휘경지웰에스테이트,14.1448,6,2021,15000,10,2026,8,10
동대문구,전농동,퀸즈W청량리역,20.0021,5,2025,8300,42,2026,8,11
동대문구,전농동,퀸즈W청량리역,20.0021,5,2025,8300,42,2026,8,11
동대문구,장안동,장안동하트리움,20.8393,23,2025,8400,56,2026,8,11
동대문구,용두동,청량리역한양수자인그라시엘,84.97,22,2023,10000,385,2026,8,11
동대문구,제기동,한신아파트,114.885,20,2004,51000,0,2026,8,8
동대문구,장안동,래미안장안2차,81.05,7,2007,49900,50,2026,8,4
동대문구,청량리동,한신,59.97,16,1997,40000,40,2026,8,7
동대문구,휘경동,휘경SK뷰,59.39,13,2019,60900,0,2026,8,8
동대문구,답십리동,e편한세상답십리아르테포레,84.987,1,2025,50000,25,2026,8,11
동대문구,장안동,래미안장안2차,81.05,5,2007,63000,0,2026,8,8
동대문구,답십리동,두산,59.96,3,2000,10000,170,2026,8,10
동대문구,답십리동,래미안엘파인아파트,114.82,10,2011,55000,40,2026,8,8
동대문구,휘경동,휘경해모로프레스티지,59.77,15,2021,5000,168,2026,8,9
동대문구,용두동,래미안허브리츠(임대),39.94,10,2011,5972,10,2026,8,11
동대문구,장안동,장안동하트리움,36.2514,14,2025,20500,50,2026,8,11
동대문구,답십리동,답십리청솔우성,84.94,12,2000,52500,0,2026,8,11
동대문구,용두동,래미안엘리니티,59.96,3,2022,70000,0,2026,8,5
동대문구,장안동,장안힐스테이트,114.958,6,2007,78500,0,2026,8,11
동대문구,장안동,장안동하트리움,18.1438,8,2025,7600,51,2026,8,11
동대문구,용두동,래미안엘리니티,84.99,6,2022,60000,80,2026,8,10
동대문구,답십리동,청계한신휴플러스,73.96,21,2010,10000,290,2026,8,8
동대문구,이문동,래미안라그란데,59.95,24,2025,75000,0,2026,8,10
동대문구,이문동,래미안이문2차,59.79,2,2004,20000,150,2026,8,6
동대문구,회기동,신현대,84.96,1,1989,55000,0,2026,8,8
동대문구,답십리동,두산,59.96,9,2000,48000,0,2026,8,8
동대문구,답십리동,답십리파크자이,59.91,7,2019,20000,200,2026,8,8
동대문구,답십리동,동서울한양,59.67,10,1989,45000,0,2026,8,7
동대문구,답십리동,답십리파크자이,84.62,11,2019,78000,0,2026,8,7
동대문구,전농동,전농동삼성래미안,59.93,6,2000,53000,0,2026,8,8
동대문구,휘경동,휘경해모로프레스티지,59.77,15,2021,5000,170,2026,8,9
동대문구,장안동,프라하임장안1,17.84,6,2020,2000,100,2026,8,4
동대문구,이문동,대림e-편한세상,59.958,22,2003,35000,44,2026,8,10
동대문구,답십리동,래미안위브,84.99,13,2014,40000,145,2026,8,8
동대문구,답십리동,청계푸르지오시티,18.92,21,2015,1000,70,2026,8,1
동대문구,답십리동,래미안미드카운티,59.98,7,2019,65000,0,2026,8,7
동대문구,답십리동,래미안엘파인아파트,84.83,4,2011,60000,30,2026,8,10
동대문구,제기동,한신아파트,84.76,5,2004,58000,0,2026,8,1
동대문구,전농동,동대문롯데캐슬노블레스,84.98,14,2018,77700,0,2026,8,10
동대문구,청량리동,미주,102.15,11,1978,4000,90,2026,8,8
동대문구,휘경동,휘경자이디센시아,59.96,4,2025,73000,0,2026,8,7
동대문구,전농동,래미안크레시티,59.99,9,2014,30000,170,2026,8,7
동대문구,장안동,프라하임장안1,22.12,10,2020,21200,13,2026,8,8
동대문구,이문동,현대,59.92,1,2000,3000,105,2026,8,8
동대문구,전농동,동대문롯데캐슬노블레스,42.21,19,2018,1146,21,2026,8,7
동대문구,이문동,대우,84.891,25,2001,58000,0,2026,8,7
동대문구,장안동,래미안장안2차,81.05,18,2007,20000,190,2026,8,6
동대문구,전농동,래미안크레시티,84.98,17,2014,50400,110,2026,8,7
동대문구,전농동,동대문롯데캐슬노블레스,84.98,24,2018,85000,0,2026,8,4
동대문구,용두동,청량리역한양수자인그라시엘,84.96,44,2023,10000,400,2026,8,6
동대문구,답십리동,힐스테이트청계,84.85,24,2018,50000,150,2026,8,7
동대문구,전농동,전농SK,84.84,14,2000,55650,0,2026,8,7
동대문구,장안동,천강(332-6),105.83,6,1996,10000,170,2026,8,7
동대문구,신설동,포레스트힐시티,14.7,15,2018,15000,15,2026,8,7
동대문구,답십리동,래미안엘파인아파트,59.95,8,2011,20000,150,2026,8,3
동대문구,답십리동,힐스테이트청계,84.85,11,2018,82000,0,2026,8,7
동대문구,전농동,동대문롯데캐슬노블레스,84.98,10,2018,83000,0,2026,8,7
동대문구,답십리동,래미안위브,84.98,14,2014,42500,150,2026,8,6
동대문구,전농동,전농SK,114.3,4,2000,30000,132,2026,8,6
동대문구,답십리동,래미안위브,84.99,2,2014,72000,30,2026,8,6
동대문구,장안동,형인허브빌아파트301동,97.36,13,2005,52500,0,2026,8,6
동대문구,이문동,신이문금호어울림,84.84,1,2008,49300,0,2026,8,6
동대문구,청량리동,한신,84.92,17,1997,55000,0,2026,8,5
동대문구,전농동,퀸즈W청량리역,20.0021,6,2025,11000,45,2026,8,6
동대문구,이문동,이문아이파크자이,59.91,38,2025,75000,0,2026,8,6
동대문구,답십리동,청계한신휴플러스,84.73,18,2010,63000,0,2026,8,1
동대문구,답십리동,답십리파크자이,59.91,11,2019,70000,0,2026,8,4
동대문구,답십리동,답십리파크자이,59.85,4,2019,65000,0,2026,8,4
동대문구,용두동,청량리역한양수자인그라시엘,84.97,35,2023,84000,0,2026,8,4
동대문구,장안동,홍해오크펠리스3차,84.47,6,2012,50000,0,2026,8,4
동대문구,답십리동,엘림스퀘어3,14.76,2,2020,60,25,2026,8,5
동대문구,답십리동,엘림스퀘어3,14.76,3,2020,60,25,2026,8,5
동대문구,이문동,이문삼성래미안아파트,59.919,7,2001,42000,0,2026,8,4
동대문구,휘경동,휘경리오포레아파트(1단지),114.73,1,2001,70000,0,2026,8,5
동대문구,휘경동,휘경리오포레아파트(1단지),114.73,21,2001,1000,50,2026,8,5
동대문구,답십리동,래미안미드카운티,84.99,1,2019,65800,0,2026,8,1
동대문구,용두동,래미안 허브리츠,84.97,17,2011,85000,0,2026,8,4
동대문구,답십리동,답십리파크자이,49.27,9,2019,29000,135,2026,8,1
동대문구,전농동,퀸즈W청량리역,20.0021,8,2025,7400,46,2026,8,4
동대문구,장안동,래미안장안2차,112.92,14,2007,57000,65,2026,8,4
동대문구,제기동,이수브라운스톤,59.73,6,2005,5000,147,2026,8,4
동대문구,이문동,래미안라그란데,59.95,18,2025,10000,240,2026,8,4
동대문구,휘경동,휘경자이디센시아,59.96,13,2025,15000,240,2026,8,3
동대문구,용두동,래미안엘리니티,51.91,5,2022,63900,0,2026,8,1
동대문구,휘경동,휘경베스트빌현대,114.88,19,2000,54600,0,2026,8,4
동대문구,휘경동,회기역하트리움역세권청년주택,33.8253,14,2023,12300,57,2026,8,4
동대문구,장안동,래미안장안2차,81.05,24,2007,74000,0,2026,8,4
동대문구,장안동,우성3차(562),84.26,4,2005,5000,168,2026,8,3
동대문구,전농동,동대문롯데캐슬노블레스,59.98,15,2018,72000,0,2026,8,1
동대문구,답십리동,힐스테이트청계,59.94,8,2018,80000,0,2026,8,3
동대문구,용두동,LOFT129,22.1739,8,2025,100,43,2026,8,3
동대문구,휘경동,회기역하트리움역세권청년주택,15.8871,22,2023,8900,39,2026,8,3
동대문구,용두동,LOFT129,22.1159,2,2025,100,40,2026,8,3
동대문구,용두동,LOFT129,22.1159,3,2025,100,41,2026,8,3
동대문구,용두동,LOFT129,21.7596,2,2025,100,40,2026,8,3
동대문구,용두동,LOFT129,22.1159,6,2025,100,42,2026,8,3
동대문구,용두동,LOFT129,22.1739,3,2025,100,41,2026,8,3
동대문구,용두동,LOFT129,21.7596,3,2025,100,41,2026,8,3
동대문구,용두동,LOFT129,22.1739,3,2025,100,42,2026,8,3
동대문구,용두동,LOFT129,22.1739,4,2025,100,42,2026,8,3
동대문구,용두동,LOFT129,22.0665,3,2025,100,42,2026,8,3
동대문구,용두동,LOFT129,22.1159,4,2025,100,41,2026,8,3
동대문구,용두동,LOFT129,21.7596,3,2025,100,40,2026,8,3
동대문구,용두동,래미안엘리니티,59.92,5,2022,40000,160,2026,8,3
동대문구,용두동,LOFT129,22.1739,3,2025,100,41,2026,8,3
동대문구,용두동,LOFT129,22.1739,2,2025,100,41,2026,8,3
동대문구,용두동,LOFT129,21.7596,4,2025,100,41,2026,8,3
동대문구,용두동,LOFT129,21.7596,6,2025,100,41,2026,8,3
동대문구,용두동,LOFT129,22.1159,7,2025,100,42,2026,8,3
동대문구,장안동,에스아이팰리스장안센텀,26.537,17,2020,30000,5,2026,8,1
동대문구,용두동,청계한양아이클래스,14.22,15,2019,17000,0,2026,8,1
동대문구,용두동,리안빌딩,44.22,6,2014,18000,23,2026,8,1
동대문구,용두동,LOFT129,22.1159,5,2025,100,42,2026,8,3
동대문구,전농동,전농동신성미소지움,55.371,15,2005,52500,0,2026,8,1
동대문구,답십리동,동서울한양,76.41,9,1989,50000,0,2026,8,1
동대문구,용두동,래미안엘리니티,74.94,19,2022,84000,0,2026,8,1
동대문구,용두동,이편한세상청계센트럴포레,74.98,14,2021,88000,0,2026,8,2
동대문구,용두동,용두롯데캐슬리치,50.8003,6,2015,6000,180,2026,8,1
동대문구,전농동,동대문롯데캐슬노블레스,59.98,6,2018,65000,0,2026,8,1
동대문구,답십리동,청계한신휴플러스,84.73,18,2010,63000,0,2026,8,1
동대문구,답십리동,래미안위브,84.98,7,2014,85000,0,2026,8,2
중랑구,묵동,에이트플레이스,18.29,12,2026,5600,47,2026,8,26
중랑구,신내동,신내우디안1단지,59.49,4,2014,15121,0,2026,8,24
중랑구,묵동,브라운스톤태릉,59.4364,2,2004,44100,0,2026,8,17
중랑구,면목동,늘푸른동아,59.65,17,2002,33200,0,2026,8,18
중랑구,망우동,금호어울림(580),84.93,2,2006,48300,0,2026,8,14
중랑구,묵동,에이트플레이스,39.91,9,2026,21550,33,2026,8,7
중랑구,묵동,신내두산아파트,102.7,9,1995,66000,0,2026,8,8
중랑구,면목동,두원,59.31,9,1998,36750,0,2026,8,2
중랑구,상봉동,한일써너스빌,84.642,8,2003,36000,75,2026,8,28
중랑구,묵동,신내대림아파트,126.28,4,1995,40290,81,2026,8,10
중랑구,상봉동,상봉생활,59.9741,9,2026,37870,56,2026,8,31
중랑구,중화동,한신아파트상가동유치원동(103~109),84.69,6,1997,62000,0,2026,8,29
중랑구,면목동,용마한신,82.39,11,1990,42000,0,2026,8,14
중랑구,신내동,신내우디안1단지,101.65,10,2014,25454,0,2026,8,31
중랑구,상봉동,주함해븐타워,15.73,8,2015,1000,60,2026,8,10
중랑구,신내동,신내우디안1단지,59.88,7,2014,15121,0,2026,8,31
중랑구,신내동,경남아너스빌,84.98,7,2007,57000,0,2026,8,29
중랑구,신내동,동성3,59.4,7,1997,27000,0,2026,8,31
중랑구,신내동,동성7,84.78,4,1999,7000,70,2026,8,29
중랑구,묵동,에이트플레이스,39.76,24,2026,21550,33,2026,8,19
중랑구,신내동,신내우디안1단지,59.6,9,2014,15121,0,2026,8,31
중랑구,신내동,신내우디안1단지,59.47,16,2014,15121,0,2026,8,31
중랑구,신내동,신내우디안1단지,59.6,5,2014,18145,0,2026,8,31
중랑구,면목동,용마산하늘채,84.7961,2,2015,64050,0,2026,8,29
중랑구,신내동,신내우디안1단지,59.6,14,2014,15121,0,2026,8,30
중랑구,신내동,신내11대명,49.77,10,1996,31500,0,2026,8,24
중랑구,면목동,사가정센트럴아이파크,84.956,1,2020,67000,0,2026,8,27
중랑구,상봉동,상봉생활,44.4648,13,2026,30570,46,2026,8,31
중랑구,신내동,신내11대명,49.77,3,1996,31500,0,2026,8,22
중랑구,묵동,에이트플레이스,20.46,28,2026,6000,49,2026,8,26
중랑구,면목동,면목루브루,55.35,6,2021,10000,130,2026,8,31
중랑구,신내동,진로아파트,101.86,12,1995,60000,0,2026,8,27
중랑구,상봉동,상봉타워,18.546,12,2019,19000,10,2026,8,31
중랑구,상봉동,세이지움상봉,23.9838,7,2025,9500,55,2026,8,14
중랑구,묵동,신내,39.84,3,1996,26250,0,2026,8,28
중랑구,신내동,경원,55.89,3,1989,18000,0,2026,8,28
중랑구,상봉동,상봉생활,59.774,18,2026,37870,56,2026,8,31
중랑구,면목동,사가정센트럴아이파크,84.956,1,2020,63000,0,2026,8,30
중랑구,면목동,사가정센트럴아이파크,59.78,21,2020,21000,179,2026,8,20
중랑구,망우동,LH서울양원1단지,14.96,10,2022,563,22,2026,8,13
중랑구,면목동,주함해븐타워원(면목동),14.87,5,2020,13000,27,2026,8,14
중랑구,신내동,신내우디안1단지,101.65,16,2014,25454,0,2026,8,28
중랑구,상봉동,주함해븐타워,14.4,18,2015,1000,60,2026,8,8
중랑구,상봉동,동부아파트,54,10,1999,36000,25,2026,8,28
중랑구,상봉동,와이센트럴시티상봉,20.06,4,2025,9100,53,2026,8,28
중랑구,신내동,동성아파트,59.4,12,1997,10000,125,2026,8,28
중랑구,면목동,면목한신,35.3,2,1987,22000,0,2026,8,28
중랑구,상봉동,상봉타워,15.525,15,2019,15600,16,2026,8,22
중랑구,묵동,칼튼테라스,16.8132,14,2021,4140,30,2026,8,5
중랑구,상봉동,상봉생활,59.9741,9,2026,37870,56,2026,8,28
중랑구,상봉동,세이지움상봉,23.9838,5,2025,9500,55,2026,8,25
중랑구,묵동,신내대림아파트,102.7,7,1995,15000,140,2026,8,22
중랑구,묵동,공감대,59.959,12,2005,39600,0,2026,8,28
중랑구,묵동,신안2,59.845,9,2000,35700,0,2026,8,28
중랑구,묵동,에이트플레이스,39.76,21,2026,21550,33,2026,8,21
중랑구,면목동,늘푸른동아,84.97,19,2002,45146,0,2026,8,27
중랑구,신내동,신내우디안1단지,39.93,6,2014,7951,0,2026,8,11
중랑구,면목동,주함해븐타워원(면목동),14.87,6,2020,14600,7,2026,8,28
중랑구,신내동,데시앙,114.48,1,2010,65000,0,2026,8,6
중랑구,신내동,신내우디안1단지,49.77,4,2014,8381,13,2026,8,7
중랑구,상봉동,상봉생활,59.774,14,2026,27050,94,2026,8,28
중랑구,면목동,면목동금호어울림아파트,84.8726,15,2005,13000,170,2026,8,27
중랑구,신내동,동성1,59.4,17,1993,43000,0,2026,8,27
중랑구,신내동,신내우디안1단지,59.81,14,2014,15121,0,2026,8,27
중랑구,신내동,신내우디안1단지,59.99,1,2014,15121,0,2026,8,27
중랑구,신내동,신내우디안1단지,59.6,8,2014,15121,0,2026,8,27
중랑구,신내동,신내우디안1단지,59.6,8,2014,18145,0,2026,8,27
중랑구,상봉동,레지던스아침,18.83,4,2013,1000,53,2026,8,10
중랑구,면목동,신영,14.43,8,2013,500,50,2026,8,12
중랑구,상봉동,주함해븐타워,14.55,15,2015,1000,65,2026,8,19
중랑구,신내동,신내우디안1단지,101.65,15,2014,25454,0,2026,8,26
중랑구,면목동,면목한신,35.3,15,1987,1000,75,2026,8,26
중랑구,묵동,신내대림아파트,126.28,11,1995,69000,0,2026,8,21
중랑구,상봉동,한일써너스빌,61.468,1,2003,25000,100,2026,8,4
중랑구,상봉동,세이지움상봉,23.9838,18,2025,9500,55,2026,8,27
중랑구,신내동,신내우디안1단지,59.88,7,2014,18145,0,2026,8,26
중랑구,묵동,이편한세상화랑대,84.956,16,2017,48000,120,2026,8,27
중랑구,상봉동,상봉베스트원,13.265,5,2019,11000,15,2026,8,27
중랑구,묵동,동구햇살,84.85,3,2004,45000,0,2026,8,24
중랑구,묵동,(174-26),27.66,7,2016,17000,0,2026,8,22
중랑구,상봉동,건영캐스빌,84.6475,5,2006,55500,0,2026,8,20
중랑구,신내동,신내우디안1단지,101.65,17,2014,25454,0,2026,8,26
중랑구,면목동,늘푸른동아,84.97,3,2002,48000,0,2026,8,26
중랑구,신내동,신내우디안1단지,59.6,12,2014,15121,0,2026,8,26
중랑구,묵동,에이트플레이스,39.91,28,2026,21550,33,2026,8,13
중랑구,묵동,에이트플레이스,39.76,28,2026,21550,33,2026,8,13
중랑구,신내동,신내6대주,39.84,7,1996,6000,85,2026,8,13
중랑구,상봉동,상봉생활,44.4648,22,2026,30570,46,2026,8,26
중랑구,신내동,신내우디안1단지,59.6,18,2014,15121,0,2026,8,26
중랑구,신내동,건영2차,74.25,12,1996,50000,0,2026,8,21
중랑구,신내동,신내우디안1단지,59.81,10,2014,15121,0,2026,8,26
중랑구,묵동,금호어울림,101.97,6,2003,30000,100,2026,8,24
중랑구,상봉동,상봉타워,15.309,17,2019,15600,25,2026,8,25
중랑구,신내동,신내우디안1단지,59.6,16,2014,18145,0,2026,8,24
중랑구,신내동,신내우디안1단지,59.69,2,2014,15121,0,2026,8,26
중랑구,상봉동,세이지움상봉,23.9838,15,2025,4700,74,2026,8,14
중랑구,신내동,신내우디안1단지,49.69,13,2014,10509,2,2026,8,26
중랑구,면목동,사가정센트럴아이파크,84.87,13,2020,40000,200,2026,8,23
중랑구,신내동,신내우디안1단지,59.6,6,2014,15121,0,2026,8,26
중랑구,신내동,신내6대주,59.76,3,1996,25000,40,2026,8,13
중랑구,신내동,신내우디안1단지,59.49,15,2014,18145,0,2026,8,26
중랑구,신내동,신내우디안1단지,59.6,3,2014,15121,0,2026,8,24
중랑구,묵동,신내대림아파트,126.28,5,1995,55800,0,2026,8,26
중랑구,신내동,신내9진흥,33.18,8,1996,12000,50,2026,8,24
중랑구,상봉동,상봉생활,20.2034,24,2026,14000,24,2026,8,25
중랑구,신내동,신내우디안1단지,84.65,15,2014,47250,0,2026,8,19
중랑구,상봉동,한일써너스빌,84.848,25,2003,41000,70,2026,8,26
중랑구,신내동,신내우디안1단지,59.6,15,2014,15121,0,2026,8,25
중랑구,신내동,신내우디안1단지,59.6,3,2014,15121,0,2026,8,24
중랑구,신내동,신내우디안1단지,59.71,15,2014,15121,0,2026,8,25
중랑구,신내동,신내우디안1단지,101.65,3,2014,25454,0,2026,8,24
중랑구,신내동,신내우디안1단지,59.6,14,2014,15877,0,2026,8,24
중랑구,묵동,효산센터빌,81.46,3,2008,20000,150,2026,8,22
중랑구,신내동,신내우디안1단지,59.6,4,2014,15121,0,2026,8,20
중랑구,면목동,늘푸른동아,59.65,17,2002,33200,0,2026,8,18
중랑구,상봉동,세이지움상봉,23.9838,17,2025,9500,55,2026,8,25
중랑구,신내동,화성.두산아파트,84.99,1,1995,35000,55,2026,8,24
중랑구,상봉동,건영1,84.96,8,1997,21000,75,2026,8,24
중랑구,면목동,사가정센트럴아이파크,84.956,23,2020,82000,0,2026,8,25
중랑구,신내동,신내우디안1단지,59.71,9,2014,15121,0,2026,8,25
중랑구,신내동,다우훼밀리,84.87,13,1999,18000,120,2026,8,22
중랑구,신내동,신내우디안1단지,84.65,21,2014,23673,0,2026,8,25
중랑구,신내동,화성.두산아파트,84.99,1,1995,35000,0,2026,8,24
중랑구,묵동,이편한세상화랑대,59.953,9,2017,60000,0,2026,8,15
중랑구,묵동,이편한세상화랑대,59.953,9,2017,60000,0,2026,8,15
중랑구,묵동,에이트플레이스,39.91,11,2026,15390,55,2026,8,5
중랑구,신내동,동성7,84.78,4,1999,7000,70,2026,8,22
중랑구,신내동,신내우디안1단지,39.93,9,2014,3259,26,2026,8,25
중랑구,상봉동,상봉힐스테이,14.47,3,2021,100,28,2026,8,25
중랑구,면목동,면목한신,35.3,13,1987,21000,0,2026,8,24
중랑구,신내동,신내9진흥,33.18,13,1996,24000,0,2026,8,22
중랑구,상봉동,상봉생활,20.2034,24,2026,14000,24,2026,8,25
중랑구,묵동,에이트플레이스,39.76,28,2026,21550,33,2026,8,13
중랑구,신내동,신내우디안1단지,39.93,6,2014,3584,29,2026,8,25
중랑구,상봉동,동부아파트,54,7,1999,36500,0,2026,8,17
중랑구,신내동,데시앙,84.99,5,2010,32422,0,2026,8,25
중랑구,묵동,이편한세상화랑대,84.956,2,2017,72000,0,2026,8,24
중랑구,신내동,신내우디안1단지,39.93,6,2014,3259,26,2026,8,24
중랑구,신내동,신내우디안1단지,49.77,3,2014,12698,13,2026,8,24
중랑구,신내동,신내우디안1단지,59.81,12,2014,16633,0,2026,8,24
중랑구,신내동,동성1,65.56,6,1993,31500,0,2026,8,22
중랑구,신내동,신내우디안1단지,39.93,14,2014,4147,21,2026,8,24
중랑구,신내동,신내우디안1단지,59.88,12,2014,15121,0,2026,8,24
중랑구,상봉동,태영데시앙1,59.6772,5,2003,38100,0,2026,8,24
중랑구,면목동,사가정센트럴아이파크,84.87,14,2020,57500,45,2026,8,13
중랑구,신내동,신내우디안1단지,84.65,13,2014,23673,0,2026,8,23
중랑구,신내동,신내우디안1단지,59.88,10,2014,15121,0,2026,8,23
중랑구,신내동,신내우디안1단지,59.49,19,2014,15121,0,2026,8,24
중랑구,상봉동,상봉생활,20.2034,3,2026,14000,24,2026,8,24
중랑구,신내동,신내우디안1단지,59.6,9,2014,15121,0,2026,8,24
중랑구,신내동,신내우디안1단지,59.6,4,2014,15121,0,2026,8,24
중랑구,신내동,신내우디안1단지,84.65,19,2014,23673,0,2026,8,24
중랑구,신내동,신내 데시앙포레,59.6,13,2013,2341,46,2026,8,19
중랑구,신내동,신내우디안1단지,39.93,14,2014,3259,26,2026,8,24
중랑구,신내동,신내우디안1단지,59.47,6,2014,15121,0,2026,8,24
중랑구,신내동,동성1,125.48,8,1993,50000,30,2026,8,22
중랑구,신내동,신내우디안1단지,101.65,4,2014,25454,0,2026,8,24
중랑구,신내동,신내우디안1단지,59.81,13,2014,15121,0,2026,8,23
중랑구,신내동,신내우디안1단지,84.65,5,2014,23673,0,2026,8,24
중랑구,묵동,장미,103.8,5,1983,15000,40,2026,8,20
중랑구,망우동,금호어울림(580),84.93,2,2006,48300,0,2026,8,14
중랑구,신내동,신내우디안1단지,59.88,4,2014,15121,0,2026,8,22
중랑구,신내동,데시앙,59.99,5,2010,18292,0,2026,8,22
중랑구,신내동,신내우디안1단지,59.71,12,2014,16633,0,2026,8,24
중랑구,신내동,신내우디안1단지,84.65,16,2014,23673,0,2026,8,24
중랑구,신내동,신내 데시앙포레,49.77,2,2013,10941,3,2026,8,24
중랑구,신내동,신내우디안1단지,59.47,13,2014,15121,0,2026,8,24
중랑구,신내동,신내우디안1단지,59.81,3,2014,15121,0,2026,8,24
중랑구,상봉동,상봉생활,59.9741,15,2026,37870,56,2026,8,24
중랑구,신내동,동성아파트,59.4,5,1997,37000,0,2026,8,24
중랑구,망우동,(506-14),15.5,13,2012,1000,55,2026,8,12
중랑구,망우동,중랑숲리가,84.956,6,2012,40000,65,2026,8,22
중랑구,신내동,동성아파트,59.4,6,1997,34650,0,2026,8,22
중랑구,신내동,신내6대주,49.77,7,1996,27000,30,2026,8,1
중랑구,상봉동,상봉생활,59.9741,7,2026,37870,56,2026,8,24
중랑구,상봉동,상봉생활,59.774,14,2026,27050,94,2026,8,24
중랑구,상봉동,상봉생활,59.774,3,2026,37870,56,2026,8,22
중랑구,신내동,신내우디안1단지,59.6,4,2014,15121,0,2026,8,24
중랑구,신내동,신내우디안1단지,59.81,8,2014,15121,0,2026,8,22
중랑구,상봉동,상봉생활,44.4648,15,2026,30570,46,2026,8,22
중랑구,상봉동,건영1,84.96,10,1997,45000,0,2026,8,22
중랑구,신내동,신내우디안1단지,59.6,6,2014,16633,0,2026,8,24
중랑구,상봉동,상봉생활,20.2034,8,2026,14000,24,2026,8,22
중랑구,상봉동,상봉생활,59.774,7,2026,37870,56,2026,8,22
중랑구,신내동,신내우디안1단지,59.6,4,2014,15121,0,2026,8,22
중랑구,상봉동,상봉생활,39.668,12,2026,16380,58,2026,8,22
중랑구,묵동,우성,47.11,4,1975,20000,0,2026,8,19
중랑구,신내동,데시앙,59.99,2,2010,2032,39,2026,8,19
중랑구,묵동,신내두산아파트,126.28,12,1995,55000,0,2026,8,20
중랑구,묵동,신내두산아파트,126.28,12,1995,55000,0,2026,8,20
중랑구,신내동,신내우디안1단지,59.49,11,2014,15121,0,2026,8,21
중랑구,신내동,신내우디안1단지,49.69,8,2014,10509,2,2026,8,21
중랑구,묵동,신내두산아파트,126.28,12,1995,55000,0,2026,8,20
중랑구,신내동,신내우디안1단지,59.46,1,2014,15121,0,2026,8,21
중랑구,신내동,신내우디안1단지,49.77,3,2014,10984,5,2026,8,21
중랑구,상봉동,상봉생활,59.9741,6,2026,37870,56,2026,8,19
중랑구,묵동,에이트플레이스,39.91,9,2026,21550,33,2026,8,7
중랑구,신내동,신내우디안1단지,59.47,5,2014,16633,0,2026,8,21
중랑구,신내동,신내우디안1단지,59.6,6,2014,15877,0,2026,8,21
중랑구,신내동,신내우디안1단지,101.65,3,2014,25454,0,2026,8,21
중랑구,상봉동,상봉생활,20.2034,21,2026,10000,40,2026,8,21
중랑구,신내동,신내우디안1단지,39.93,10,2014,5444,14,2026,8,20
중랑구,신내동,데시앙,59.98,4,2010,17421,0,2026,8,21
중랑구,상봉동,상봉동양엔파트,18.0282,12,2024,5400,52,2026,8,21
중랑구,신내동,신내우디안1단지,101.65,4,2014,25454,0,2026,8,21
중랑구,면목동,미래한건아파트101동,84.81,7,2005,50000,0,2026,8,10
중랑구,신내동,데시앙,59.7,9,2010,15117,0,2026,8,21
중랑구,신내동,데시앙,84.81,11,2010,36750,0,2026,8,21
중랑구,신내동,신내우디안1단지,59.49,18,2014,44000,0,2026,8,12
중랑구,신내동,데시앙,59.98,6,2010,5080,33,2026,8,21
중랑구,신내동,데시앙,84.81,12,2010,36750,0,2026,8,21
중랑구,신내동,신내우디안1단지,59.47,5,2014,16633,0,2026,8,20
중랑구,상봉동,상봉생활,44.4648,6,2026,30570,46,2026,8,21
중랑구,면목동,라온프라이빗,84.9672,27,2020,77000,0,2026,8,19
중랑구,신내동,신내우디안1단지,59.6,15,2014,15121,0,2026,8,20
중랑구,신내동,신내우디안1단지,39.93,12,2014,5938,11,2026,8,21
중랑구,신내동,신내우디안1단지,59.81,5,2014,15121,0,2026,8,19
중랑구,상봉동,상봉생활,59.9741,23,2026,37870,56,2026,8,21
중랑구,묵동,브라운스톤태릉,83.5358,1,2004,10000,160,2026,8,20
중랑구,상봉동,상봉생활,20.2034,10,2026,10000,40,2026,8,20
중랑구,망우동,신내역금강펜테리움센트럴파크,84.9871,25,2021,59300,0,2026,8,20
중랑구,묵동,로프트원태릉입구역,14.09,13,2020,3000,51,2026,8,14
중랑구,신내동,데시앙,114.71,7,2010,44160,0,2026,8,20
중랑구,신내동,신내우디안1단지,39.93,11,2014,7951,0,2026,8,20
중랑구,신내동,새한,59.77,3,1998,10000,160,2026,8,15
중랑구,면목동,사가정센트럴아이파크,84.87,15,2020,78750,0,2026,8,19
중랑구,상봉동,세이지움상봉,23.9838,11,2025,9500,55,2026,8,11
중랑구,묵동,묵동자이(1단지),114.43,18,2010,82000,0,2026,8,4
중랑구,상봉동,상봉생활,20.2034,10,2026,10000,40,2026,8,20
중랑구,묵동,묵동포레시타,15.07,6,2013,1000,53,2026,8,15
중랑구,상봉동,스마트트라움,58.21,11,2022,4999,52,2026,8,20
중랑구,상봉동,상봉생활,43.6123,21,2026,10790,90,2026,8,20
중랑구,신내동,신내우디안1단지,59.6,12,2014,16633,0,2026,8,20
중랑구,신내동,신내우디안1단지,49.51,2,2014,4758,34,2026,8,20
중랑구,신내동,데시앙,59.7,14,2010,2032,39,2026,8,19
중랑구,묵동,칼튼테라스,16.8132,9,2021,4140,31,2026,8,20
중랑구,신내동,신내우디안1단지,39.93,4,2014,7729,1,2026,8,20
중랑구,신내동,신내우디안1단지,39.93,13,2014,7951,0,2026,8,20
중랑구,묵동,칼튼테라스,16.8132,9,2021,4140,31,2026,8,20
중랑구,신내동,신내우디안1단지,59.88,15,2014,15121,0,2026,8,19
중랑구,신내동,신내우디안1단지,39.93,4,2014,7729,1,2026,8,20
중랑구,상봉동,상봉생활,20.2034,4,2026,14000,24,2026,8,20
중랑구,묵동,에이트플레이스,18.29,7,2026,5600,47,2026,8,13
중랑구,신내동,신내우디안1단지,59.81,6,2014,15121,0,2026,8,20
중랑구,면목동,사가정센트럴아이파크,59.78,28,2020,63000,0,2026,8,17
중랑구,신내동,데시앙,59.99,12,2010,5080,33,2026,8,19
중랑구,상봉동,상봉힐스테이,16.94,10,2021,24300,0,2026,8,18
중랑구,신내동,신내우디안1단지,39.93,12,2014,3386,27,2026,8,19
중랑구,신내동,신내 데시앙포레,59.6,13,2013,5854,39,2026,8,19
중랑구,신내동,신내우디안1단지,49.69,1,2014,10509,2,2026,8,19
중랑구,상봉동,세이지움상봉,23.9838,14,2025,9500,55,2026,8,13
중랑구,신내동,신내우디안1단지,59.81,12,2014,15121,0,2026,8,19
중랑구,상봉동,스마트트라움,54.57,6,2022,4583,47,2026,8,19
중랑구,상봉동,상봉동양엔파트,38.559,8,2024,9400,80,2026,8,19
중랑구,면목동,글로벌파크,93.94,6,2007,43000,85,2026,8,2
중랑구,상봉동,상봉생활,59.9741,6,2026,37870,56,2026,8,19
중랑구,신내동,신내우디안1단지,49.64,13,2014,10795,0,2026,8,19
중랑구,상봉동,와이센트럴시티상봉,20.06,15,2025,9100,53,2026,8,19
중랑구,신내동,신내 데시앙포레,49.69,3,2013,6616,22,2026,8,19
중랑구,신내동,신내우디안1단지,49.64,13,2014,10795,0,2026,8,19
중랑구,신내동,신내우디안1단지,49.64,12,2014,8209,14,2026,8,19
중랑구,신내동,신내우디안1단지,59.47,9,2014,15121,0,2026,8,19
중랑구,신내동,신내우디안1단지,49.53,2,2014,10795,0,2026,8,19
중랑구,상봉동,상봉생활,20.2034,17,2026,16620,29,2026,8,19
중랑구,신내동,신내 데시앙포레,59.6,14,2013,5854,39,2026,8,19
중랑구,상봉동,상봉동양엔파트,18.2127,14,2024,18000,2,2026,8,19
중랑구,신내동,신내 데시앙포레,84.68,5,2013,27122,0,2026,8,19
중랑구,면목동,사가정센트럴아이파크,84.87,19,2020,15000,158,2026,8,12
중랑구,신내동,신내우디안1단지,59.49,8,2014,15121,0,2026,8,19
중랑구,상봉동,상봉듀오트리스,117.07,23,2016,15000,275,2026,8,19
중랑구,면목동,아이쉐르빌,74.14,2,2004,34000,0,2026,8,1
중랑구,묵동,월드메르디앙,83.51,5,2009,38064,0,2026,8,19
중랑구,신내동,신내우디안1단지,49.64,10,2014,10509,34,2026,8,19
중랑구,신내동,데시앙,59.99,2,2010,5080,33,2026,8,19
중랑구,신내동,신내 데시앙포레,59.6,4,2013,5854,39,2026,8,19
중랑구,신내동,동성7,59.34,13,1999,33390,0,2026,8,19
중랑구,신내동,신내9진흥,39.84,12,1996,25200,0,2026,8,8
중랑구,면목동,라온프라이빗,84.9814,7,2020,75000,0,2026,8,18
중랑구,신내동,데시앙,59.7,14,2010,5080,33,2026,8,19
중랑구,면목동,주함해븐타워원(면목동),16.6,8,2020,16000,5,2026,8,19
중랑구,묵동,에이트플레이스,39.18,27,2026,18150,27,2026,8,4
중랑구,신내동,신내우디안1단지,59.6,9,2014,15121,0,2026,8,18
중랑구,신내동,신내우디안1단지,101.65,2,2014,25454,0,2026,8,18
중랑구,신내동,신내 데시앙포레,49.64,4,2013,10474,0,2026,8,19
중랑구,신내동,신내우디안1단지,39.93,16,2014,6296,9,2026,8,19
중랑구,신내동,신내우디안1단지,49.69,18,2014,5233,37,2026,8,18
중랑구,신내동,신내우디안1단지,59.71,3,2014,15877,0,2026,8,18
중랑구,상봉동,레그노시티,26.908,14,2020,24000,30,2026,8,11
중랑구,신내동,신내우디안1단지,101.65,7,2014,25454,0,2026,8,19
중랑구,면목동,용마산모아엘가파크포레,57.37,5,2023,50000,0,2026,8,4
중랑구,상봉동,상봉동양엔파트,38.6354,13,2024,18800,50,2026,8,18
중랑구,상봉동,세이지움상봉,23.9838,9,2025,9500,55,2026,8,12
중랑구,신내동,신내우디안1단지,59.6,8,2014,16633,0,2026,8,18
중랑구,상봉동,상봉생활,20.2034,24,2026,16620,29,2026,8,18
중랑구,상봉동,상봉생활,20.2034,18,2026,16620,29,2026,8,18
중랑구,신내동,신내우디안1단지,59.56,1,2014,15121,0,2026,8,18
중랑구,신내동,신내우디안1단지,59.47,7,2014,15121,0,2026,8,18
중랑구,신내동,신내우디안1단지,59.49,10,2014,15121,0,2026,8,18
중랑구,신내동,신내9진흥,49.93,14,1996,10000,50,2026,8,7
중랑구,신내동,신내우디안1단지,59.81,14,2014,15121,0,2026,8,18
중랑구,묵동,에이트플레이스,39.91,8,2026,9300,77,2026,8,7
중랑구,망우동,대보,44.01,5,1988,14000,0,2026,8,15
중랑구,상봉동,"엘지,쌍용아파트",68.12,12,1996,20000,76,2026,8,18
중랑구,상봉동,상봉생활,43.6123,4,2026,25190,38,2026,8,18
중랑구,신내동,신내우디안1단지,49.77,3,2014,10509,2,2026,8,18
중랑구,신내동,신내우디안1단지,59.6,8,2014,15121,0,2026,8,18
중랑구,상봉동,상봉생활,20.2034,17,2026,16620,29,2026,8,18
중랑구,신내동,신내우디안1단지,101.65,19,2014,25454,0,2026,8,18
중랑구,신내동,신내9진흥,39.84,8,1996,23000,0,2026,8,1
중랑구,묵동,신안3,59.86,6,2000,37000,0,2026,8,17
중랑구,신내동,신내우디안1단지,39.93,8,2014,3259,26,2026,8,18
중랑구,신내동,신내우디안1단지,59.71,5,2014,15121,0,2026,8,18
중랑구,신내동,신내우디안1단지,59.56,1,2014,15121,0,2026,8,18
중랑구,면목동,사가정센트럴아이파크,84.87,16,2020,80000,0,2026,8,17
중랑구,신내동,신내우디안1단지,59.6,3,2014,15121,0,2026,8,17
중랑구,묵동,에이트플레이스,39.18,23,2026,15390,55,2026,8,13
중랑구,신내동,신내우디안1단지,49.77,4,2014,10509,2,2026,8,17
중랑구,신내동,신내 데시앙포레,49.77,16,2013,10198,2,2026,8,17
중랑구,신내동,신내우디안1단지,59.49,10,2014,15121,0,2026,8,17
중랑구,신내동,신내우디안1단지,59.6,10,2014,15121,0,2026,8,17
중랑구,신내동,신내우디안1단지,39.93,9,2014,6074,10,2026,8,15
중랑구,신내동,신내우디안1단지,59.6,12,2014,15121,0,2026,8,18
중랑구,신내동,신내우디안1단지,59.49,22,2014,15121,0,2026,8,15
중랑구,신내동,신내우디안1단지,59.47,3,2014,15121,0,2026,8,15
중랑구,신내동,신내우디안1단지,59.49,9,2014,18145,0,2026,8,18
중랑구,신내동,신내우디안1단지,59.6,12,2014,15121,0,2026,8,17
중랑구,신내동,신내우디안1단지,49.77,3,2014,2038,39,2026,8,15
중랑구,신내동,신내우디안1단지,59.71,1,2014,15121,0,2026,8,15
중랑구,신내동,신내우디안1단지,59.56,2,2014,15121,0,2026,8,16
중랑구,신내동,신내우디안1단지,84.65,17,2014,23673,0,2026,8,14
중랑구,상봉동,상봉생활,43.6123,9,2026,21350,76,2026,8,18
중랑구,신내동,신내우디안1단지,59.47,4,2014,18145,0,2026,8,17
중랑구,신내동,신내우디안1단지,59.71,8,2014,15121,0,2026,8,14
중랑구,묵동,신내,39.84,3,1996,3000,80,2026,8,13
중랑구,신내동,신내우디안1단지,59.69,1,2014,15121,0,2026,8,18
중랑구,신내동,신내우디안1단지,59.6,6,2014,15121,0,2026,8,16
중랑구,신내동,신내우디안1단지,39.93,5,2014,7951,0,2026,8,18
중랑구,상봉동,상봉생활,20.2034,5,2026,7120,67,2026,8,15
중랑구,신내동,신내우디안1단지,84.65,18,2014,23673,0,2026,8,18
중랑구,신내동,신내우디안1단지,101.65,11,2014,25454,0,2026,8,15
중랑구,신내동,신내우디안1단지,84.65,10,2014,23673,0,2026,8,15
중랑구,신내동,신내우디안1단지,59.88,14,2014,15121,0,2026,8,14
중랑구,신내동,신내9진흥,49.82,7,1996,24200,0,2026,8,8
중랑구,상봉동,상봉생활,43.6123,3,2026,17990,64,2026,8,15
중랑구,신내동,신내6대주,59.76,12,1996,34300,0,2026,8,15
중랑구,신내동,신내우디안1단지,39.93,5,2014,5938,11,2026,8,17
중랑구,신내동,신내우디안1단지,39.93,13,2014,3259,26,2026,8,15
중랑구,신내동,신내우디안1단지,59.88,12,2014,15121,0,2026,8,14
중랑구,신내동,신내우디안1단지,39.93,4,2014,7729,1,2026,8,14
중랑구,신내동,신내우디안1단지,59.88,15,2014,18145,0,2026,8,14
중랑구,상봉동,상봉생활,59.9741,5,2026,37870,56,2026,8,14
중랑구,신내동,신내우디안1단지,59.6,4,2014,15121,0,2026,8,14
중랑구,상봉동,상봉생활,44.4648,23,2026,30570,46,2026,8,14
중랑구,신내동,신내우디안1단지,59.88,14,2014,15121,0,2026,8,14
중랑구,신내동,신내우디안1단지,59.6,15,2014,15121,0,2026,8,14
중랑구,신내동,신내우디안1단지,84.65,3,2014,23673,0,2026,8,14
중랑구,면목동,라온프라이빗,68.1667,29,2020,30000,60,2026,8,14
중랑구,신내동,신내우디안1단지,84.65,11,2014,23673,0,2026,8,14
중랑구,묵동,신내,59.76,1,1996,28300,0,2026,8,8
중랑구,상봉동,상봉동양엔파트,38.559,14,2024,25100,25,2026,8,14
중랑구,신내동,신내우디안1단지,59.6,11,2014,15121,0,2026,8,14
중랑구,신내동,신내우디안1단지,101.65,14,2014,25454,0,2026,8,14
중랑구,신내동,신내우디안1단지,101.65,8,2014,25454,0,2026,8,14
중랑구,신내동,신내우디안1단지,59.56,2,2014,15121,0,2026,8,14
중랑구,신내동,신내우디안1단지,59.6,7,2014,15121,0,2026,8,14
중랑구,신내동,신내6대주,39.84,7,1996,4000,80,2026,8,8
중랑구,신내동,신내우디안1단지,59.6,20,2014,15121,0,2026,8,14
중랑구,신내동,신내우디안1단지,59.49,19,2014,15121,0,2026,8,14
중랑구,신내동,신내우디안1단지,59.6,13,2014,15121,0,2026,8,14
중랑구,상봉동,상봉생활,20.2034,4,2026,14000,24,2026,8,14
중랑구,상봉동,상봉생활,43.6123,7,2026,12810,107,2026,8,14
중랑구,신내동,신내우디안1단지,49.69,1,2014,4758,34,2026,8,13
중랑구,면목동,사가정센트럴아이파크,84.87,14,2020,85000,0,2026,8,14
중랑구,신내동,신내우디안1단지,59.71,5,2014,15121,0,2026,8,13
중랑구,신내동,신내우디안1단지,59.6,14,2014,15121,0,2026,8,13
중랑구,신내동,신내우디안1단지,59.6,12,2014,15121,0,2026,8,14
중랑구,신내동,신내우디안1단지,59.6,18,2014,15877,0,2026,8,14
중랑구,신내동,신내우디안1단지,59.6,13,2014,15121,0,2026,8,14
중랑구,묵동,신내,39.84,4,1996,4000,70,2026,8,9
중랑구,상봉동,한일써너스빌,125.677,1,2003,61000,0,2026,8,13
중랑구,신내동,신내 데시앙포레,39.93,5,2013,3119,25,2026,8,13
중랑구,상봉동,상봉생활,20.2034,20,2026,16620,29,2026,8,13
중랑구,묵동,칼튼테라스,16.8132,11,2021,4140,31,2026,8,12
중랑구,신내동,신내우디안1단지,59.46,2,2014,15121,0,2026,8,13
중랑구,상봉동,상봉생활,20.2034,17,2026,16620,29,2026,8,13
중랑구,상봉동,건영2차아파트,84.96,3,1996,10000,135,2026,8,6
중랑구,신내동,신내우디안1단지,101.65,7,2014,25454,0,2026,8,13
중랑구,신내동,신내우디안1단지,59.49,18,2014,16633,0,2026,8,13
중랑구,중화동,한솔e(B동),54.54,6,2004,30000,0,2026,8,13
중랑구,묵동,에이트플레이스,20.46,16,2026,13700,21,2026,8,6
중랑구,상봉동,봄작시티24,16.93,16,2023,14760,33,2026,8,6
중랑구,면목동,용마동아,84.88,8,1993,48000,0,2026,8,5
중랑구,묵동,칼튼테라스,16.8132,14,2021,3705,27,2026,8,13
중랑구,신내동,신내우디안1단지,59.69,1,2014,15121,0,2026,8,13
중랑구,묵동,우성,50.25,3,1975,2000,70,2026,8,6
중랑구,면목동,신영,14.43,7,2013,500,50,2026,8,13
중랑구,묵동,에이트플레이스,18.29,24,2026,5600,47,2026,8,5
중랑구,상봉동,태영데시앙2(1411동),84.6,1,2003,46000,0,2026,8,12
중랑구,신내동,동성1,125.48,16,1993,60000,0,2026,8,13
중랑구,중화동,한신아파트상가동유치원동(103~109),50.37,15,1997,32000,5,2026,8,7
중랑구,신내동,신내 데시앙포레,49.77,10,2013,10941,3,2026,8,12
중랑구,신내동,신내우디안1단지,49.69,8,2014,1903,40,2026,8,13
중랑구,신내동,신내11대명,39.76,4,1996,22000,0,2026,8,12
중랑구,신내동,신내우디안1단지,59.49,17,2014,15121,0,2026,8,12
중랑구,면목동,현대,84.81,12,1994,46200,0,2026,8,12
중랑구,신내동,신내우디안1단지,59.6,9,2014,15121,0,2026,8,12
중랑구,신내동,신내우디안1단지,84.65,20,2014,23673,0,2026,8,12
중랑구,신내동,신내우디안1단지,59.88,11,2014,15121,0,2026,8,12
중랑구,신내동,신내우디안1단지,59.47,20,2014,15121,0,2026,8,12
중랑구,신내동,신내 데시앙포레,49.77,4,2013,2377,37,2026,8,12
중랑구,신내동,신내 데시앙포레,49.64,3,2013,2004,39,2026,8,12
중랑구,상봉동,상봉생활,43.6123,13,2026,21350,76,2026,8,12
중랑구,신내동,신내우디안1단지,39.93,3,2014,8276,3,2026,8,12
중랑구,신내동,신내우디안1단지,39.93,9,2014,3259,26,2026,8,12
중랑구,면목동,용마금호타운,84.9,5,1992,35000,75,2026,8,11
중랑구,망우동,예원캐슬,30.14,7,2012,3000,70,2026,8,12
중랑구,상봉동,상봉생활,59.9741,22,2026,37870,56,2026,8,12
중랑구,신내동,신내우디안1단지,39.93,14,2014,8054,4,2026,8,12
중랑구,상봉동,상봉생활,20.2034,6,2026,14000,24,2026,8,12
중랑구,신내동,신내우디안1단지,49.69,1,2014,7747,17,2026,8,12
중랑구,신내동,신내 데시앙포레,49.74,19,2013,5721,27,2026,8,12
중랑구,상봉동,상봉생활,43.6123,17,2026,25190,38,2026,8,12
중랑구,신내동,신내(10단지),39.59,15,1996,2724,3,2026,8,12
중랑구,신내동,건영2차,74.25,7,1996,42000,10,2026,8,11
중랑구,신내동,신내우디안1단지,39.93,11,2014,4684,18,2026,8,12
중랑구,신내동,신내우디안1단지,59.71,3,2014,15121,0,2026,8,12
중랑구,신내동,신내우디안1단지,59.6,5,2014,15121,0,2026,8,12
중랑구,신내동,신내9진흥,33.18,3,1996,21500,0,2026,8,11
중랑구,신내동,신내우디안1단지,84.65,13,2014,38500,60,2026,8,12
중랑구,면목동,한양수자인사가정파크,23.1074,2,2019,24000,0,2026,8,6
중랑구,상봉동,상봉생활,20.2034,18,2026,16620,29,2026,8,12
중랑구,신내동,신내9진흥,49.93,7,1996,5000,95,2026,8,8
중랑구,상봉동,상봉동양엔파트,18.2202,8,2024,14400,16,2026,8,12
중랑구,신내동,신내6대주,59.76,4,1996,5000,120,2026,8,12
중랑구,상봉동,와이센트럴시티상봉,36.61,12,2025,12900,72,2026,8,12
중랑구,신내동,신내(10단지),39.59,3,1996,1062,12,2026,8,12
중랑구,상봉동,상봉생활,20.2034,13,2026,14000,24,2026,8,12
중랑구,상봉동,상봉생활,44.4648,20,2026,30570,46,2026,8,12
중랑구,면목동,면목한신,27,12,1987,18000,0,2026,8,12
중랑구,신내동,신내우디안1단지,84.65,18,2014,23673,0,2026,8,11
중랑구,신내동,신내우디안1단지,59.6,3,2014,15121,0,2026,8,11
중랑구,신내동,신내우디안1단지,39.93,16,2014,7729,1,2026,8,11
중랑구,신내동,신내우디안1단지,59.88,6,2014,15877,0,2026,8,12
중랑구,신내동,신내우디안1단지,84.65,14,2014,23673,0,2026,8,12
중랑구,신내동,신내우디안1단지,84.65,4,2014,23673,0,2026,8,11
중랑구,신내동,신내우디안1단지,59.6,17,2014,16633,0,2026,8,11
중랑구,신내동,신내우디안1단지,59.49,7,2014,16633,0,2026,8,12
중랑구,신내동,진로아파트,101.86,12,1995,31500,50,2026,8,12
중랑구,신내동,신내6대주,39.84,11,1996,3000,100,2026,8,11
중랑구,신내동,신내 데시앙포레,84.94,6,2013,55000,0,2026,8,11
중랑구,신내동,신내우디안1단지,84.65,1,2014,23673,0,2026,8,12
중랑구,신내동,신내우디안1단지,59.71,10,2014,15121,0,2026,8,11
중랑구,신내동,신내우디안1단지,59.71,7,2014,15121,0,2026,8,11
중랑구,상봉동,태영데시앙2(1411동),84.6,1,2003,42000,0,2026,8,12
중랑구,신내동,신내우디안1단지,59.69,2,2014,15121,0,2026,8,11
중랑구,신내동,신내우디안1단지,39.93,10,2014,7729,1,2026,8,11
중랑구,신내동,신내우디안1단지,39.93,7,2014,7951,0,2026,8,11
중랑구,신내동,대성유니트,95.89,8,2005,48000,0,2026,8,11
중랑구,신내동,신내우디안1단지,59.81,5,2014,15121,0,2026,8,11
중랑구,면목동,현대휴온,35.5,9,2013,515,32,2026,8,11
중랑구,면목동,면목한신,27,5,1987,1000,63,2026,8,4
중랑구,묵동,에이트플레이스,39.76,25,2026,15390,55,2026,8,7
중랑구,상봉동,상봉생활,44.4648,13,2026,30570,46,2026,8,11
중랑구,신내동,신내우디안1단지,59.6,9,2014,15121,0,2026,8,11
중랑구,신내동,신내우디안1단지,39.93,9,2014,7729,1,2026,8,10
중랑구,상봉동,와이센트럴시티상봉,20.06,13,2025,9100,53,2026,8,11
중랑구,신내동,신내우디안1단지,59.6,4,2014,15121,0,2026,8,11
중랑구,신내동,신내우디안1단지,39.93,7,2014,7729,1,2026,8,10
중랑구,상봉동,상봉생활,43.6123,21,2026,10790,90,2026,8,11
중랑구,신내동,신내우디안1단지,59.81,4,2014,15121,0,2026,8,11
중랑구,신내동,동성3,59.4,3,1997,2000,120,2026,8,2
중랑구,신내동,신내우디안1단지,59.47,17,2014,15121,0,2026,8,11
중랑구,면목동,주함해븐타워원(면목동),27.4,4,2020,20600,4,2026,8,11
중랑구,상봉동,역세권청년주택,17.75,3,2021,5300,43,2026,8,11
중랑구,신내동,신내우디안1단지,59.6,14,2014,15121,0,2026,8,11
중랑구,신내동,신내우디안1단지,49.77,8,2014,10509,2,2026,8,11
중랑구,면목동,용마금호타운,84.9,12,1992,25000,83,2026,8,8
중랑구,신내동,신내우디안1단지,39.93,10,2014,1396,30,2026,8,11
중랑구,신내동,동성3,105.93,6,1997,50400,0,2026,8,11
중랑구,신내동,신내우디안1단지,49.77,4,2014,10509,2,2026,8,11
중랑구,면목동,두원,59.31,9,1998,36750,0,2026,8,2
중랑구,상봉동,상봉생활,20.2034,21,2026,10000,40,2026,8,11
중랑구,묵동,신도브래뉴,51.86,12,2004,5000,110,2026,8,10
중랑구,묵동,에이트플레이스,18.29,28,2026,5600,47,2026,8,7
중랑구,상봉동,태영데시앙2(1411동),84.6,10,2003,49500,0,2026,8,6
중랑구,상봉동,우정아파트,81.783,23,2002,52500,0,2026,8,8
중랑구,묵동,에이트플레이스,20.46,17,2026,13700,21,2026,8,11
중랑구,상봉동,상봉동양엔파트,18.2202,8,2024,18000,2,2026,8,11
중랑구,신내동,신내우디안1단지,49.69,3,2014,1903,40,2026,8,10
중랑구,신내동,신내우디안1단지,39.93,6,2014,9254,10,2026,8,10
중랑구,신내동,신내우디안1단지,49.69,9,2014,11270,3,2026,8,10
중랑구,신내동,신내우디안1단지,101.65,6,2014,25454,0,2026,8,10
중랑구,신내동,신내우디안1단지,39.93,7,2014,1396,30,2026,8,10
중랑구,신내동,신내우디안1단지,101.65,9,2014,25454,0,2026,8,10
중랑구,신내동,데시앙,84.3,2,2010,25000,160,2026,8,4
중랑구,묵동,신도,84.89,4,1998,55000,0,2026,8,8
중랑구,상봉동,상봉동양엔파트,38.6354,4,2024,21100,24,2026,8,10
중랑구,상봉동,와이센트럴시티상봉,20.06,4,2025,9100,53,2026,8,10
중랑구,상봉동,상봉생활,20.2034,17,2026,16620,29,2026,8,10
중랑구,면목동,라온프라이빗,84.9672,30,2020,68250,0,2026,8,10
중랑구,신내동,신내우디안1단지,49.69,5,2014,10509,2,2026,8,7
중랑구,신내동,신내우디안1단지,49.69,2,2014,2038,39,2026,8,7
중랑구,신내동,신내우디안1단지,49.69,12,2014,8381,13,2026,8,10
중랑구,신내동,신내우디안1단지,49.69,2,2014,11460,8,2026,8,8
중랑구,신내동,신내우디안1단지,39.93,8,2014,7729,1,2026,8,7
중랑구,신내동,신내우디안1단지,49.69,10,2014,8718,12,2026,8,8
중랑구,신내동,신내우디안1단지,49.77,8,2014,10509,2,2026,8,8
중랑구,면목동,용마한신,59.22,1,1990,31500,0,2026,8,8
중랑구,신내동,신내9진흥,39.84,10,1996,22050,0,2026,8,8
중랑구,면목동,용마한신,59.22,1,1990,31500,0,2026,8,8
중랑구,묵동,에이트플레이스,39.76,11,2026,15390,55,2026,8,7
중랑구,신내동,신내우디안1단지,84.65,17,2014,23673,0,2026,8,7
중랑구,상봉동,상봉생활,59.774,23,2026,37870,56,2026,8,8
중랑구,묵동,신내,39.84,3,1996,20000,0,2026,8,8
중랑구,신내동,신내우디안1단지,39.93,12,2014,6074,10,2026,8,7
중랑구,신내동,신내우디안1단지,59.88,8,2014,15121,0,2026,8,8
중랑구,신내동,신내우디안1단지,49.69,6,2014,8209,14,2026,8,9
중랑구,상봉동,상봉생활,59.774,22,2026,16230,132,2026,8,8
중랑구,상봉동,상봉생활,59.774,18,2026,37870,56,2026,8,8
중랑구,상봉동,상봉생활,59.774,21,2026,37870,56,2026,8,8
중랑구,신내동,신내우디안1단지,49.64,6,2014,4758,34,2026,8,7
중랑구,신내동,신내우디안1단지,39.93,6,2014,7729,1,2026,8,10
중랑구,상봉동,상봉생활,20.2034,7,2026,16620,29,2026,8,8
중랑구,면목동,늘푸른동아,47.81,12,2002,33600,0,2026,8,8
중랑구,상봉동,상봉생활,43.6123,19,2026,29890,45,2026,8,8
중랑구,신내동,신내우디안1단지,39.93,3,2014,4147,21,2026,8,10
중랑구,상봉동,상봉동양엔파트,38.6022,8,2024,12500,69,2026,8,10
중랑구,신내동,신내9진흥,39.84,11,1996,14000,27,2026,8,6
중랑구,상봉동,상봉생활,20.2034,7,2026,16620,29,2026,8,10
중랑구,신내동,신내우디안1단지,39.93,16,2014,5941,11,2026,8,8
중랑구,면목동,현대,84.99,10,1994,45100,0,2026,8,6
중랑구,신내동,신내우디안1단지,39.93,7,2014,3421,28,2026,8,7
중랑구,신내동,신내우디안1단지,39.93,15,2014,7729,1,2026,8,7
중랑구,상봉동,상봉동양엔파트,18.2202,8,2024,14400,16,2026,8,7
중랑구,상봉동,상봉생활,43.6123,4,2026,25190,38,2026,8,7
중랑구,신내동,신내우디안1단지,39.93,8,2014,5938,11,2026,8,7
중랑구,신내동,신내9진흥,33.18,8,1996,18000,15,2026,8,7
중랑구,망우동,EGSoulLeader,13.55,5,2012,500,55,2026,8,6
중랑구,신내동,신내우디안1단지,49.77,4,2014,10509,2,2026,8,7
중랑구,신내동,신내우디안1단지,39.93,11,2014,7729,1,2026,8,7
중랑구,신내동,신내우디안1단지,101.65,5,2014,25454,0,2026,8,7
중랑구,신내동,신내우디안1단지,49.69,7,2014,10509,2,2026,8,7
중랑구,신내동,신내우디안1단지,59.6,7,2014,15121,0,2026,8,7
중랑구,신내동,신내우디안1단지,39.93,10,2014,7729,1,2026,8,7
중랑구,신내동,신내우디안1단지,49.51,2,2014,4758,34,2026,8,6
중랑구,신내동,신내우디안1단지,49.64,12,2014,10509,2,2026,8,7
중랑구,신내동,신내우디안1단지,39.93,15,2014,7729,1,2026,8,7
중랑구,면목동,사가정센트럴아이파크,114.853,4,2020,84000,0,2026,8,5
중랑구,상봉동,상봉동양엔파트,38.5912,20,2024,25100,29,2026,8,7
중랑구,신내동,신내우디안1단지,101.65,8,2014,25454,0,2026,8,7
중랑구,묵동,에이트플레이스,39.18,18,2026,21550,33,2026,8,7
중랑구,신내동,신내우디안1단지,39.93,5,2014,7729,1,2026,8,7
중랑구,신내동,신내우디안1단지,101.65,11,2014,25454,0,2026,8,7
중랑구,신내동,신내 데시앙포레,84.65,9,2013,20000,130,2026,8,7
중랑구,신내동,신내우디안1단지,49.77,2,2014,5494,30,2026,8,7
중랑구,신내동,신내우디안1단지,49.69,8,2014,10509,2,2026,8,7
중랑구,신내동,신내우디안1단지,49.64,5,2014,2038,39,2026,8,7
중랑구,신내동,신내우디안1단지,101.65,9,2014,25454,0,2026,8,7
중랑구,신내동,신내우디안1단지,49.69,7,2014,10509,2,2026,8,7
중랑구,신내동,신내우디안1단지,59.88,3,2014,15121,0,2026,8,7
중랑구,상봉동,상봉생활,20.2034,10,2026,14000,24,2026,8,7
중랑구,신내동,신내우디안1단지,39.93,7,2014,3259,26,2026,8,7
중랑구,상봉동,상봉생활,59.774,8,2026,22770,79,2026,8,6
중랑구,묵동,에이트플레이스,39.76,5,2026,9300,77,2026,8,6
중랑구,신내동,신내6대주,39.84,9,1996,30000,0,2026,8,6
중랑구,상봉동,상봉타워,15.525,9,2019,15400,17,2026,8,6
중랑구,상봉동,상봉생활,59.774,10,2026,37870,56,2026,8,6
중랑구,묵동,에이트플레이스,18.29,26,2026,13100,20,2026,8,6
중랑구,면목동,사가정센트럴아이파크,84.956,18,2020,15000,200,2026,8,6
중랑구,묵동,에이트플레이스,39.18,22,2026,9300,77,2026,8,6
중랑구,상봉동,상봉생활,20.2034,4,2026,14000,24,2026,8,6
중랑구,망우동,LH서울양원1단지,14.96,9,2022,3489,7,2026,8,6
중랑구,묵동,에이트플레이스,39.18,8,2026,9300,77,2026,8,5
중랑구,상봉동,상봉생활,20.2034,21,2026,6000,57,2026,8,5
중랑구,상봉동,상봉생활,44.4648,21,2026,21830,78,2026,8,5
중랑구,묵동,에이트플레이스,20.46,8,2026,13700,21,2026,8,5
중랑구,묵동,공감대,59.959,4,2005,10000,88,2026,8,5
중랑구,묵동,에이트플레이스,18.29,7,2026,5600,47,2026,8,5
중랑구,상봉동,상봉동양엔파트,18.2202,14,2024,14400,17,2026,8,5
중랑구,면목동,사가정센트럴아이파크,84.87,13,2020,40000,140,2026,8,4
중랑구,묵동,신안1,59.96,11,1999,18000,100,2026,8,5
중랑구,면목동,두산4,84.86,5,2000,51400,0,2026,8,3
중랑구,상봉동,"엘지,쌍용아파트",68.12,1,1996,40000,0,2026,8,3
중랑구,면목동,킴스아파트,38.91,7,2018,5000,100,2026,8,5
중랑구,면목동,경남아너스빌,84.961,15,2006,55500,0,2026,8,1
중랑구,중화동,리버센SKVIEW롯데캐슬,59.99,25,2025,20000,180,2026,8,4
중랑구,상봉동,상봉생활,43.6123,15,2026,29890,45,2026,8,4
중랑구,상봉동,상봉생활,44.4648,17,2026,30570,46,2026,8,4
중랑구,면목동,사가정센트럴아이파크,114.853,17,2020,105000,0,2026,8,3
중랑구,묵동,문수해오름,84.62,3,2004,54000,0,2026,8,1
중랑구,신내동,대성유니트,59.96,5,2005,39600,0,2026,8,1
중랑구,상봉동,"엘지,쌍용아파트",68.12,1,1996,40000,0,2026,8,3
중랑구,묵동,문수해오름,84.62,3,2004,54000,0,2026,8,1
중랑구,신내동,신내 데시앙포레,84.91,20,2013,50000,0,2026,8,4
중랑구,상봉동,상봉생활,20.2034,4,2026,14000,24,2026,8,4
중랑구,상봉동,상봉생활,43.6123,7,2026,29890,45,2026,8,4
중랑구,상봉동,상봉생활,20.2034,14,2026,10000,40,2026,8,4
중랑구,망우동,신내역금강펜테리움센트럴파크,84.9871,1,2021,47000,0,2026,8,2
중랑구,신내동,성원,84.32,21,1994,50000,0,2026,8,3
중랑구,상봉동,상봉생활,39.668,8,2026,27240,41,2026,8,3
중랑구,상봉동,상봉생활,59.9741,19,2026,37870,56,2026,8,2
중랑구,상봉동,상봉타워,15.309,13,2019,15600,25,2026,8,3
중랑구,묵동,문수해오름,84.62,8,2004,50000,0,2026,8,3
중랑구,면목동,용마산하늘채,84.7961,10,2015,72000,0,2026,8,1
중랑구,상봉동,프레미어스엠코,107.12,34,2013,73500,0,2026,8,1
중랑구,상봉동,상봉생활,20.2034,3,2026,6000,57,2026,8,2
중랑구,상봉동,상봉생활,59.774,15,2026,37870,56,2026,8,2
중랑구,상봉동,상봉생활,59.774,16,2026,37870,56,2026,8,2
중랑구,상봉동,상봉생활,44.4648,7,2026,13100,109,2026,8,2
중랑구,상봉동,동부아파트,54,14,1999,42000,0,2026,8,1
중랑구,상봉동,상봉생활,44.4648,15,2026,21830,78,2026,8,2
중랑구,상봉동,상봉생활,20.2034,7,2026,16620,29,2026,8,1
중랑구,상봉동,상봉생활,43.6123,18,2026,21350,76,2026,8,1
중랑구,상봉동,상봉생활,43.6123,15,2026,29890,45,2026,8,1
중랑구,상봉동,상봉생활,44.4648,19,2026,21830,78,2026,8,2
중랑구,상봉동,상봉생활,59.9741,19,2026,37870,56,2026,8,2
중랑구,상봉동,상봉생활,44.4648,11,2026,30570,46,2026,8,2
중랑구,상봉동,상봉생활,39.668,13,2026,27240,41,2026,8,1
중랑구,상봉동,상봉생활,43.6123,21,2026,29890,45,2026,8,1
중랑구,상봉동,상봉생활,20.2034,18,2026,16620,29,2026,8,1
중랑구,상봉동,상봉생활,39.668,23,2026,19460,69,2026,8,1
중랑구,상봉동,상봉생활,59.9741,17,2026,37870,56,2026,8,2
중랑구,상봉동,상봉생활,44.4648,4,2026,21830,78,2026,8,1
중랑구,상봉동,상봉생활,20.2034,10,2026,14000,24,2026,8,1
중랑구,상봉동,상봉생활,43.6123,18,2026,21350,76,2026,8,2
중랑구,상봉동,상봉생활,20.2034,6,2026,14000,24,2026,8,1
중랑구,상봉동,상봉생활,44.4648,8,2026,21830,78,2026,8,1
중랑구,상봉동,상봉생활,59.9741,9,2026,37870,56,2026,8,2
중랑구,상봉동,상봉생활,43.6123,9,2026,29890,45,2026,8,2
중랑구,상봉동,상봉생활,39.668,6,2026,22940,35,2026,8,2
중랑구,상봉동,상봉생활,43.6123,18,2026,29890,45,2026,8,1
중랑구,상봉동,상봉생활,44.4648,5,2026,21830,78,2026,8,1
중랑구,신내동,다우훼밀리,84.87,4,1999,50000,0,2026,8,1
중랑구,면목동,현대,84.09,14,1994,44100,0,2026,8,1
중랑구,상봉동,상봉생활,20.2034,24,2026,10000,40,2026,8,1
성북구,종암동,극동,59.67,6,2000,47000,0,2026,8,21
성북구,보문동6가,보문파크뷰자이,59.19,12,2017,60900,0,2026,8,1
성북구,길음동,길음뉴타운6단지(래미안),59.373,17,2007,64000,0,2026,8,19
성북구,장위동,우방아파트,84.97,8,2001,31500,0,2026,8,1
성북구,길음동,길음뉴타운7단지(두산위브),59.98,14,2010,20000,140,2026,8,26
성북구,안암동1가,안암동삼성래미안,84.8681,3,2005,25000,160,2026,8,27
성북구,동선동4가,한양수자인,68.03,6,2008,30000,75,2026,8,28
성북구,길음동,길음뉴타운신안파크아파트,79.87,12,1988,37800,0,2026,8,29
성북구,길음동,길음뉴타운1단지(래미안길음1차),59.99,19,2003,40000,70,2026,8,23
성북구,장위동,꿈의숲아이파크,84.48,23,2022,66950,0,2026,8,28
성북구,하월곡동,월곡래미안루나밸리,84.88,7,2007,59800,0,2026,8,27
성북구,정릉동,대우,43.11,2,2001,26000,0,2026,8,31
성북구,종암동,래미안크리시엘,84.95,6,2004,10000,149,2026,8,28
성북구,돈암동,길음역금호어울림센터힐,59.5,10,2014,28000,75,2026,8,29
성북구,종암동,아이파크종암동1차,59.73,7,2004,49613,0,2026,8,27
성북구,돈암동,범양,114.93,2,1998,20000,200,2026,8,30
성북구,장위동,꿈의숲아이파크,84.48,29,2022,70000,35,2026,8,29
성북구,돈암동,돈암동삼성,59.4,8,1999,35000,0,2026,8,29
성북구,하월곡동,샹그레빌아파트,79.248,21,2004,54000,0,2026,8,29
성북구,장위동,장위지웰에스테이트,39.975,12,2022,34000,0,2026,8,1
성북구,동소문동6가,시티플레이스,14.02,20,2015,1000,85,2026,8,3
성북구,길음동,래미안길음센터피스,59.97,16,2019,35000,40,2026,8,30
성북구,정릉동,정릉2차e-편한세상,84.09,4,2009,54500,0,2026,8,13
성북구,길음동,길음뉴타운4단지(e편한세상),84.64,9,2005,59850,0,2026,8,29
성북구,정릉동,정릉e-편한세상,59.77,11,2006,10000,170,2026,8,20
성북구,장위동,래미안포레카운티,59.92,8,2021,50000,0,2026,8,29
성북구,길음동,래미안길음센터피스,84.95,9,2019,92000,0,2026,8,30
성북구,정릉동,정릉중앙하이츠아파트,84.31,8,1999,35000,0,2026,8,30
성북구,삼선동2가,삼선현대힐스테이트,84.71,10,2009,40000,120,2026,8,29
성북구,길음동,길음뉴타운8단지(래미안),114.98,6,2010,35000,240,2026,8,14
성북구,장위동,"장월에스에이치빌1단지(국민임대,SH소유",39.34,12,2006,579,24,2026,8,19
성북구,장위동,석계역한일노벨리아시티,14.7145,5,2019,1000,70,2026,8,2
성북구,하월곡동,래미안월곡,59.754,4,2006,45000,10,2026,8,27
성북구,정릉동,정릉성원상떼빌,114.96,11,2000,20000,170,2026,8,27
성북구,보문동4가,보문하우스토리,82.388,2,2011,20000,200,2026,8,28
성북구,길음동,삼부컨비니언,84.13,15,1998,46000,0,2026,8,28
성북구,길음동,삼부컨비니언,59.94,15,1998,47220,0,2026,8,28
성북구,돈암동,범양,114.93,5,1998,57750,0,2026,8,28
성북구,돈암동,한진(609-1),59.58,13,1998,9000,83,2026,8,28
성북구,길음동,길음뉴타운4단지(e편한세상),59.97,13,2005,52500,0,2026,8,26
성북구,종암동,아이파크종암동2차,59.61,5,2005,43050,0,2026,8,27
성북구,종암동,종암에스케이,84.72,25,1999,60000,0,2026,8,15
성북구,종암동,종암2차SKVIEW,59.98,14,2010,62000,0,2026,8,19
성북구,삼선동4가,코오롱,59.94,9,1999,50000,0,2026,8,28
성북구,종암동,종암에스케이,84.72,9,1999,30000,50,2026,8,28
성북구,석관동,두산,84.9,8,1998,40000,50,2026,8,27
성북구,동소문동6가,보미리즌빌,14.18,15,2012,10000,45,2026,8,11
성북구,종암동,아이파크종암동1차,84.98,9,2004,52500,0,2026,8,27
성북구,길음동,롯데캐슬클라시아,112.5059,12,2022,120000,0,2026,8,27
성북구,돈암동,한진(609-1),59.58,7,1998,2000,145,2026,8,27
성북구,장위동,꿈의숲아이파크,59.1,17,2022,69000,0,2026,8,27
성북구,정릉동,정릉힐스테이트1차,84.853,10,2007,51400,0,2026,8,18
성북구,돈암동,돈암동삼성,114.66,5,1999,65000,0,2026,8,27
성북구,정릉동,정릉풍림아이원,59.88,9,2005,39000,0,2026,8,26
성북구,장위동,꿈의숲아이파크,84.47,9,2022,86000,0,2026,8,21
성북구,길음동,길음동동부센트레빌(1278-0),59.998,13,2003,60000,0,2026,8,27
성북구,돈암동,범양,59.79,11,1998,35700,65,2026,8,27
성북구,하월곡동,꿈의숲푸르지오,59.65,12,2010,57000,0,2026,8,27
성북구,석관동,두산,54.55,11,1998,40000,0,2026,8,25
성북구,종암동,종암라온프라이빗,23.952,11,2025,8900,40,2026,8,21
성북구,장위동,래미안포레카운티,59.92,6,2021,52500,0,2026,8,12
성북구,돈암동,한진(609-1),84.87,6,1998,70000,0,2026,8,27
성북구,장위동,래미안장위퍼스트하이,36.14,21,2020,11448,31,2026,8,27
성북구,돈암동,한신,68.13,16,1998,53000,0,2026,8,19
성북구,정릉동,길음뉴타운경남아너스빌,114.63,7,1999,43000,0,2026,8,8
성북구,하월곡동,월곡두산위브,84.843,19,2003,20000,170,2026,8,25
성북구,길음동,롯데캐슬클라시아,84.7694,3,2022,1000,80,2026,8,26
성북구,장위동,래미안장위퍼스트하이,84.94,14,2020,80000,0,2026,8,26
성북구,장위동,"장월에스에이치빌1단지(국민임대,SH소유",49.33,11,2006,1881,25,2026,8,26
성북구,길음동,길음뉴타운7단지(두산위브),84.99,15,2010,63000,0,2026,8,26
성북구,길음동,길음뉴타운4단지(e편한세상),59.97,11,2005,52500,0,2026,8,25
성북구,종암동,종암에스케이,84.72,23,1999,5000,158,2026,8,26
성북구,길음동,길음뉴타운8단지(래미안),59.9,3,2010,5000,200,2026,8,15
성북구,정릉동,길음뉴타운데시앙,59.42,13,1999,25000,80,2026,8,21
성북구,하월곡동,꿈의숲푸르지오,114.61,6,2010,70000,0,2026,8,26
성북구,석관동,신동아파밀리에,59.93,2,2011,37900,60,2026,8,10
성북구,장위동,래미안장위퍼스트하이,59.99,12,2020,52500,0,2026,8,22
성북구,정릉동,정릉힐스테이트3차,84.97,8,2008,56170,0,2026,8,25
성북구,길음동,길음뉴타운1단지(래미안길음1차),59.99,3,2003,52000,0,2026,8,8
성북구,장위동,꿈의숲아이파크,59.1,3,2022,65000,0,2026,8,24
성북구,돈암동,한신,68.13,10,1998,45000,0,2026,8,21
성북구,장위동,꿈의숲아이파크,84.48,2,2022,70000,60,2026,8,25
성북구,정릉동,정릉e-편한세상,59.77,9,2006,21600,50,2026,8,25
성북구,장위동,래미안장위퍼스트하이,84.94,27,2020,63000,0,2026,8,25
성북구,동소문동5가,성신여대역솔하임,14.093,12,2018,15000,30,2026,8,25
성북구,길음동,길음뉴타운6단지(래미안),59.373,15,2007,6000,235,2026,8,11
성북구,하월곡동,월곡두산위브,59.855,19,2003,8000,100,2026,8,22
성북구,종암동,래미안라센트,84.99,20,2011,2000,210,2026,8,20
성북구,하월곡동,샹그레빌아파트,79.248,13,2004,10000,165,2026,8,22
성북구,상월곡동,동아에코빌,59.95,9,2003,47000,0,2026,8,25
성북구,길음동,삼부컨비니언,59.94,15,1998,47220,0,2026,8,25
성북구,상월곡동,동아에코빌,59.95,4,2003,40500,0,2026,8,22
성북구,장위동,래미안포레카운티,84.97,18,2021,62500,0,2026,8,22
성북구,석관동,래미안아트리치,84.98,2,2019,1000,68,2026,8,13
성북구,정릉동,정릉2차e-편한세상,84.4,7,2009,66000,0,2026,8,22
성북구,장위동,래미안장위퍼스트하이,84.94,6,2020,40000,130,2026,8,20
성북구,하월곡동,꿈의숲푸르지오,84.73,12,2010,50000,0,2026,8,22
성북구,장위동,꿈의숲아이파크,39,5,2022,14684,39,2026,8,24
성북구,장위동,꿈의숲아이파크,59.1,14,2022,66000,0,2026,8,24
성북구,석관동,래미안아트리치,59.98,16,2019,67000,0,2026,8,24
성북구,돈암동,돈암동 풍림아파트 101~105동,114.41,5,1999,65000,0,2026,8,17
성북구,길음동,길음뉴타운8단지(래미안),59.99,6,2010,61200,0,2026,8,13
성북구,정릉동,중앙하이츠빌2단지,59.99,1,2005,20000,50,2026,8,21
성북구,하월곡동,성북펠릭스,16.46,25,2025,5600,38,2026,8,24
성북구,하월곡동,월곡두산위브,114.752,8,2003,52500,0,2026,8,24
성북구,길음동,길음뉴타운2단지푸르지오,84.97,10,2005,72000,0,2026,8,22
성북구,길음동,래미안길음센터피스,33.46,14,2019,22417,0,2026,8,24
성북구,돈암동,한진(609-1),59.58,14,1998,37800,0,2026,8,21
성북구,장위동,래미안장위퍼스트하이,59.99,16,2020,65000,0,2026,8,22
성북구,종암동,래미안세레니티,59.97,2,2009,65000,0,2026,8,22
성북구,돈암동,한진(609-1),59.58,9,1998,36750,0,2026,8,24
성북구,하월곡동,꿈의숲푸르지오,59.65,4,2010,7000,158,2026,8,24
성북구,종암동,래미안라센트,84.99,16,2011,40000,150,2026,8,22
성북구,돈암동,돈암현대아파트,68.76,6,1991,45000,0,2026,8,22
성북구,종암동,래미안세레니티,59.97,3,2009,52000,0,2026,8,18
성북구,장위동,래미안포레카운티,84.97,21,2021,20000,200,2026,8,23
성북구,종암동,종암에스케이,84.72,25,1999,65000,0,2026,8,22
성북구,종암동,래미안크리시엘,59.99,20,2004,44000,0,2026,8,22
성북구,돈암동,길음역금호어울림센터힐,59.5,8,2014,61000,0,2026,8,22
성북구,길음동,래미안길음센터피스,33.46,11,2019,22417,0,2026,8,24
성북구,안암동3가,해링턴플레이스안암,49.56,6,2024,40000,49,2026,8,22
성북구,장위동,석계역한일노벨리아시티,15.2144,9,2019,500,63,2026,8,1
성북구,종암동,래미안세레니티,59.97,2,2009,65000,0,2026,8,22
성북구,종암동,래미안라센트,59.98,6,2011,59800,0,2026,8,22
성북구,길음동,래미안길음센터피스,33.46,12,2019,22417,0,2026,8,24
성북구,정릉동,정릉2차대주피오레,59.9627,4,2008,10000,85,2026,8,21
성북구,보문동3가,이편한세상보문,84.904,10,2013,40000,150,2026,8,22
성북구,정릉동,피오레,94.59,9,2004,52000,0,2026,8,24
성북구,석관동,코오롱,59.94,20,1999,50000,0,2026,8,23
성북구,장위동,장위자이레디언트(2단지),59.99,24,2025,75000,0,2026,8,22
성북구,보문동1가,보문리슈빌하우트,59.7918,9,2022,70000,0,2026,8,20
성북구,돈암동,동부센트레빌,80.54,7,2003,66000,0,2026,8,22
성북구,길음동,길음뉴타운8단지(래미안),59.99,2,2010,70000,0,2026,8,22
성북구,장위동,래미안장위퍼스트하이,84.94,14,2020,69300,0,2026,8,22
성북구,길음동,롯데캐슬클라시아,59.7812,1,2022,20000,210,2026,8,22
성북구,하월곡동,꿈의숲푸르지오,59.65,2,2010,44100,0,2026,8,22
성북구,삼선동2가,삼선푸르지오,84.82,3,2008,59800,0,2026,8,10
성북구,길음동,길음뉴타운9단지(래미안),59.98,3,2010,55000,60,2026,8,21
성북구,길음동,길음뉴타운7단지(두산위브),84.99,10,2010,70000,0,2026,8,22
성북구,돈암동,길음역금호어울림센터힐,59.5,3,2014,5000,200,2026,8,21
성북구,돈암동,일신건영휴먼빌아파트,84.98,13,2005,30000,130,2026,8,15
성북구,종암동,종암라온프라이빗,29.9699,7,2025,10900,48,2026,8,21
성북구,길음동,길음뉴타운신안파크아파트,68.14,10,1988,40000,0,2026,8,21
성북구,돈암동,한신,84.87,3,1998,74000,0,2026,8,17
성북구,장위동,래미안장위퍼스트하이,36.14,19,2020,9384,37,2026,8,21
성북구,길음동,길음뉴타운4단지(e편한세상),84.64,16,2005,61950,0,2026,8,15
성북구,삼선동3가,삼선에스케이뷰,84.95,10,2012,75600,0,2026,8,21
성북구,장위동,"장월에스에이치빌1단지(국민임대,SH소유",39.34,3,2006,579,24,2026,8,19
성북구,종암동,래미안라센트,59.98,7,2011,63000,0,2026,8,21
성북구,길음동,길음뉴타운4단지(e편한세상),84.64,1,2005,57000,0,2026,8,20
성북구,정릉동,정릉풍림아이원,84.09,1,2005,40000,0,2026,8,11
성북구,장위동,꿈의숲아이파크,39,12,2022,13952,37,2026,8,20
성북구,정릉동,정릉힐스테이트3차,59.98,9,2008,44000,0,2026,8,10
성북구,정릉동,정릉풍림아이원,84.09,1,2005,40000,0,2026,8,11
성북구,장위동,래미안장위퍼스트하이,36.14,11,2020,10744,30,2026,8,21
성북구,하월곡동,래미안월곡,84.589,13,2006,55000,0,2026,8,8
성북구,장위동,래미안포레카운티,84.98,9,2021,60900,0,2026,8,15
성북구,길음동,래미안길음센터피스,59.99,12,2019,83000,0,2026,8,19
성북구,하월곡동,월곡두산위브,84.843,8,2003,20000,165,2026,8,1
성북구,길음동,길음뉴타운6단지(래미안),84.049,11,2007,85000,0,2026,8,15
성북구,장위동,래미안장위퍼스트하이,46.35,6,2020,12935,36,2026,8,20
성북구,길음동,길음동동부센트레빌(1278-0),84.844,7,2003,57750,0,2026,8,19
성북구,길음동,래미안길음센터피스,84.95,31,2019,85000,0,2026,8,13
성북구,하월곡동,성북펠릭스,38.39,27,2025,9800,68,2026,8,20
성북구,정릉동,정릉힐스테이트3차,59.98,6,2008,41000,0,2026,8,20
성북구,장위동,꿈의숲아이파크,84.48,5,2022,66150,0,2026,8,20
성북구,돈암동,성일우리미,84.95,14,2004,46000,0,2026,8,20
성북구,길음동,래미안길음센터피스,84.66,12,2019,79000,0,2026,8,20
성북구,정릉동,정릉풍림아이원,84.09,12,2005,43000,0,2026,8,20
성북구,종암동,우림카이저팰리스,84.98,19,2008,52500,0,2026,8,18
성북구,길음동,길음뉴타운6단지(래미안),59.373,17,2007,64000,0,2026,8,19
성북구,보문동3가,이편한세상보문,116.721,2,2013,25000,160,2026,8,18
성북구,장위동,꿈의숲아이파크,76.15,10,2022,58000,0,2026,8,6
성북구,길음동,래미안길음센터피스,59.99,16,2019,79000,0,2026,8,20
성북구,돈암동,한신,132.96,4,1998,80000,0,2026,8,20
성북구,정릉동,정릉힐스테이트3차,59.98,10,2008,53000,0,2026,8,17
성북구,길음동,길음뉴타운1단지(래미안길음1차),84.96,11,2003,53000,100,2026,8,7
성북구,장위동,래미안장위퍼스트하이,46.35,6,2020,12935,36,2026,8,20
성북구,석관동,두산,134.97,14,1998,0,50,2026,8,14
성북구,동소문동7가,브라운스톤동선,59.95,14,2010,62000,20,2026,8,19
성북구,장위동,"장월에스에이치빌1단지(국민임대,SH소유",49.33,3,2006,1954,26,2026,8,19
성북구,보문동1가,보문리슈빌하우트,59.7918,10,2022,67000,0,2026,8,19
성북구,정릉동,정릉꿈에그린,51.57,1,2015,7161,1,2026,8,19
성북구,하월곡동,월곡두산위브,59.855,20,2003,40200,0,2026,8,12
성북구,길음동,길음동동부센트레빌(1278-0),84.844,19,2003,62000,0,2026,8,19
성북구,돈암동,한신,113.67,14,1998,68250,0,2026,8,19
성북구,종암동,종암2차SKVIEW,119.87,8,2010,50000,120,2026,8,14
성북구,길음동,길음뉴타운8단지(래미안),84.82,7,2010,20000,220,2026,8,19
성북구,장위동,H하우스장위,33.0366,4,2020,1500,76,2026,8,18
성북구,장위동,"장월에스에이치빌1단지(국민임대,SH소유",39.34,12,2006,1449,22,2026,8,19
성북구,길음동,롯데캐슬골든힐스,59.9284,16,2019,47250,0,2026,8,18
성북구,장위동,"장월에스에이치빌1단지(국민임대,SH소유",39.34,3,2006,1449,22,2026,8,19
성북구,장위동,꿈의숲아이파크,40.47,11,2022,14448,38,2026,8,18
성북구,동소문동7가,한신플러스C,84.95,8,2004,55650,0,2026,8,14
성북구,정릉동,대우,43.11,8,2001,20000,20,2026,8,15
성북구,돈암동,한진(609-1),59.58,4,1998,50000,0,2026,8,17
성북구,안암동1가,안암동삼성래미안,59.6983,1,2005,53000,0,2026,8,17
성북구,길음동,길음뉴타운1단지(래미안길음1차),59.99,4,2003,49500,0,2026,8,18
성북구,석관동,중앙하이츠,84.85,15,1994,20000,150,2026,8,15
성북구,정릉동,정릉풍림아이원,84.24,16,2005,29000,60,2026,8,18
성북구,돈암동,돈암현대아파트,41.58,4,1991,30450,0,2026,8,12
성북구,정릉동,대우,43.11,11,2001,7000,70,2026,8,17
성북구,동소문동4가,송산아파트,58.59,16,1998,42000,0,2026,8,12
성북구,돈암동,돈암동더샵아파트,84.817,13,2006,5000,250,2026,8,18
성북구,장위동,꿈의숲아이파크,39,2,2022,13952,37,2026,8,18
성북구,석관동,래미안아트리치,59.98,18,2019,59000,0,2026,8,15
성북구,석관동,석관래미안,59.9,6,2009,51450,0,2026,8,14
성북구,정릉동,정릉2차e-편한세상,59.37,10,2009,50400,0,2026,8,15
성북구,돈암동,범양,84.92,20,1998,50000,20,2026,8,15
성북구,돈암동,길음역금호어울림센터힐,59.5,20,2014,10000,200,2026,8,14
성북구,종암동,아이파크종암동1차,59.73,6,2004,47000,0,2026,8,18
성북구,정릉동,대우,43.11,9,2001,25500,0,2026,8,15
성북구,길음동,롯데캐슬클라시아,84.7694,18,2022,110000,0,2026,8,15
성북구,하월곡동,월곡두산위브,59.855,8,2003,5000,150,2026,8,14
성북구,장위동,래미안장위퍼스트하이,84.94,28,2020,5000,300,2026,8,15
성북구,동소문동4가,송산아파트,58.59,16,1998,42000,0,2026,8,12
성북구,길음동,롯데캐슬클라시아,59.8745,22,2022,66150,0,2026,8,15
성북구,길음동,길음뉴타운2단지푸르지오,84.97,8,2005,30000,200,2026,8,15
성북구,삼선동2가,삼선푸르지오,84.83,9,2008,57750,0,2026,8,15
성북구,보문동1가,보문리슈빌하우트,59.7918,12,2022,74000,0,2026,8,16
성북구,석관동,두산,59.97,15,1998,45200,0,2026,8,14
성북구,정릉동,정릉e-편한세상,59.77,7,2006,42000,0,2026,8,17
성북구,정릉동,정릉스카이쌍용아파트,59.9,8,1999,45000,0,2026,8,14
성북구,보문동3가,이편한세상보문,84.904,13,2013,63000,0,2026,8,11
성북구,길음동,길음뉴타운4단지(e편한세상),84.64,10,2005,64050,0,2026,8,14
성북구,돈암동,한신,68.13,13,1998,53000,0,2026,8,14
성북구,종암동,아이파크종암동2차,59.675,6,2005,15000,160,2026,8,14
성북구,정릉동,대우,59.98,14,2001,9000,150,2026,8,13
성북구,돈암동,한신,68.13,16,1998,5000,180,2026,8,10
성북구,보문동1가,보문리슈빌하우트,59.7918,3,2022,60900,0,2026,8,7
성북구,하월곡동,월곡두산위브,59.855,15,2003,42000,0,2026,8,14
성북구,길음동,롯데캐슬클라시아,84.9757,9,2022,84000,0,2026,8,8
성북구,종암동,종암2차SKVIEW,84.97,10,2010,30000,140,2026,8,14
성북구,돈암동,동부센트레빌,80.54,9,2003,5000,180,2026,8,14
성북구,하월곡동,월곡두산위브,59.855,9,2003,36000,80,2026,8,14
성북구,장위동,래미안포레카운티,59.92,3,2021,51450,0,2026,8,14
성북구,종암동,종암2차SKVIEW,59.98,19,2010,10000,160,2026,8,8
성북구,길음동,래미안길음센터피스,59.97,13,2019,50000,78,2026,8,8
성북구,길음동,길음뉴타운신안파크아파트,68.14,6,1988,35000,0,2026,8,14
성북구,하월곡동,성북펠릭스,39.13,7,2025,11000,76,2026,8,14
성북구,길음동,길음뉴타운4단지(e편한세상),84.64,9,2005,10000,300,2026,8,11
성북구,석관동,코오롱,84.87,8,1999,50400,0,2026,8,13
성북구,길음동,길음동동부센트레빌(1278-0),84.844,16,2003,50000,60,2026,8,13
성북구,정릉동,대우,59.98,4,2001,26000,45,2026,8,12
성북구,길음동,길음뉴타운6단지(래미안),84.049,10,2007,66150,0,2026,8,11
성북구,하월곡동,월곡두산위브,84.843,14,2003,20000,140,2026,8,13
성북구,하월곡동,월곡두산위브,59.855,17,2003,20000,130,2026,8,12
성북구,보문동6가,보문파크뷰자이,45.81,2,2017,58000,0,2026,8,11
성북구,돈암동,한신,132.96,2,1998,31500,168,2026,8,9
성북구,돈암동,이수브라운스톤돈암,84.97,16,2004,57700,0,2026,8,12
성북구,길음동,길음뉴타운2단지푸르지오,84.97,1,2005,75000,0,2026,8,13
성북구,하월곡동,베로니스,52.58,10,2020,43000,0,2026,8,13
성북구,상월곡동,동아에코빌,84.97,15,2003,65000,0,2026,8,3
성북구,하월곡동,월곡래미안루나밸리,84.88,14,2007,62000,0,2026,8,12
성북구,종암동,종암에스케이,114.75,21,1999,70000,0,2026,8,12
성북구,돈암동,일신건영휴먼빌아파트,84.98,16,2005,58000,0,2026,8,10
성북구,보문동4가,보문하우스토리,82.028,2,2011,35000,150,2026,8,12
성북구,하월곡동,꿈의숲푸르지오,59.65,13,2010,15000,130,2026,8,8
성북구,길음동,길음뉴타운2단지푸르지오,59.99,9,2005,9000,200,2026,8,7
성북구,길음동,길음뉴타운5단지(래미안),59.75,14,2006,51450,0,2026,8,12
성북구,길음동,길음동동부센트레빌(1278-0),59.998,16,2003,47250,0,2026,8,8
성북구,상월곡동,우남푸르미아,84.51,9,1994,43000,0,2026,8,12
성북구,정릉동,정릉풍림아이원,59.88,4,2005,37000,0,2026,8,12
성북구,장위동,우방아파트,84.97,8,2001,31500,0,2026,8,1
성북구,길음동,길음뉴타운5단지(래미안),84.96,2,2006,15000,250,2026,8,12
성북구,하월곡동,월곡두산위브,59.855,16,2003,3700,150,2026,8,8
성북구,삼선동2가,삼선푸르지오,114.65,5,2008,68250,0,2026,8,12
성북구,하월곡동,래미안월곡,59.754,16,2006,60000,0,2026,8,12
성북구,정릉동,우방,59.94,10,1999,40000,0,2026,8,12
성북구,종암동,래미안세레니티,59.97,17,2009,52500,0,2026,8,12
성북구,하월곡동,동신,59.88,20,1998,10000,140,2026,8,10
성북구,삼선동2가,삼선푸르지오,114.65,3,2008,66150,0,2026,8,4
성북구,돈암동,한신,132.96,3,1998,67500,0,2026,8,12
성북구,정릉동,길음뉴타운경남아너스빌,59.59,6,1999,42000,0,2026,8,11
성북구,길음동,길음뉴타운8단지(래미안),84.92,14,2010,20000,213,2026,8,8
성북구,길음동,래미안길음센터피스,84.95,19,2019,20000,310,2026,8,11
성북구,길음동,길음뉴타운2단지푸르지오,84.97,18,2005,55650,0,2026,8,11
성북구,정릉동,정릉스카이쌍용아파트,59.9,13,1999,43000,0,2026,8,11
성북구,석관동,두산,54.55,9,1998,42000,0,2026,8,10
성북구,종암동,아이파크종암동1차,114.99,6,2004,70000,0,2026,8,8
성북구,종암동,아이파크종암동2차,59.61,12,2005,48300,0,2026,8,11
성북구,장위동,꿈의숲아이파크,84.47,7,2022,70300,0,2026,8,8
성북구,길음동,길음뉴타운6단지(래미안),84.049,10,2007,66150,0,2026,8,11
성북구,길음동,길음뉴타운7단지(두산위브),84.96,16,2010,58500,0,2026,8,1
성북구,정릉동,길음뉴타운경남아너스빌,114.63,7,1999,43000,0,2026,8,8
성북구,길음동,길음뉴타운1단지(래미안길음1차),84.96,4,2003,65000,0,2026,8,11
성북구,길음동,길음뉴타운8단지(래미안),59.99,11,2010,54600,0,2026,8,8
성북구,석관동,두산,59.97,7,1998,5000,170,2026,8,5
성북구,정릉동,피오레,94.59,6,2004,52000,0,2026,8,8
성북구,길음동,길음뉴타운2단지푸르지오,84.97,6,2005,56070,0,2026,8,8
성북구,돈암동,한신,68.13,10,1998,48000,0,2026,8,7
성북구,돈암동,한신,68.13,6,1998,44000,0,2026,8,8
성북구,장위동,래미안포레카운티,59.92,18,2021,67000,0,2026,8,8
성북구,정릉동,정릉푸르지오,59.98,7,2005,30000,130,2026,8,8
성북구,종암동,래미안라센트,114.98,22,2011,85000,0,2026,8,10
성북구,장위동,꿈의숲아이파크,84.48,21,2022,78000,20,2026,8,10
성북구,장위동,래미안장위퍼스트하이,59.99,21,2020,65000,0,2026,8,8
성북구,보문동3가,현대I-PARK,114.55,4,2003,6000,225,2026,8,10
성북구,정릉동,정릉풍림아이원,60,15,2005,34500,0,2026,8,7
성북구,장위동,래미안장위퍼스트하이,84.94,17,2020,30000,220,2026,8,7
성북구,정릉동,정릉풍림아이원,59.88,12,2005,36000,0,2026,8,8
성북구,장위동,석계역한일노벨리아시티,14.7145,6,2019,8500,25,2026,8,8
성북구,길음동,길음뉴타운6단지(래미안),59.373,16,2007,5000,250,2026,8,8
성북구,길음동,길음뉴타운6단지(래미안),84.049,4,2007,20000,245,2026,8,8
성북구,길음동,롯데캐슬클라시아,84.7694,2,2022,105000,0,2026,8,8
성북구,길음동,길음뉴타운4단지(e편한세상),59.97,1,2005,44100,0,2026,8,8
성북구,길음동,길음뉴타운4단지(e편한세상),114.88,13,2005,95000,0,2026,8,8
성북구,돈암동,돈암동삼성,84.59,9,1999,42000,31,2026,8,8
성북구,하월곡동,꿈의숲푸르지오,59.65,6,2010,35000,54,2026,8,10
성북구,길음동,길음뉴타운1단지(래미안길음1차),84.96,11,2003,53000,100,2026,8,7
성북구,길음동,길음뉴타운2단지푸르지오,84.97,7,2005,66500,0,2026,8,8
성북구,장위동,래미안포레카운티,84.97,5,2021,60900,0,2026,8,7
성북구,석관동,래미안아트리치,59.98,7,2019,68000,0,2026,8,1
성북구,장위동,꿈의숲아이파크,59.1,20,2022,73000,0,2026,8,8
성북구,길음동,길음동동부센트레빌(1278-0),114.912,13,2003,75000,0,2026,8,8
성북구,종암동,래미안라센트,84.99,13,2011,10000,165,2026,8,5
성북구,정릉동,정릉성원상떼빌,59.94,4,2000,33000,0,2026,8,8
성북구,종암동,래미안세레니티,84.92,11,2009,20000,200,2026,8,7
성북구,정릉동,정릉우성아파트 101~105동,84.96,18,2000,48300,0,2026,8,7
성북구,보문동3가,현대I-PARK,84.3,11,2003,65000,0,2026,8,10
성북구,종암동,래미안크리시엘,84.95,10,2004,52000,0,2026,8,3
성북구,장위동,우방아파트,59.98,2,2001,15000,100,2026,8,7
성북구,길음동,길음뉴타운8단지(래미안),84.82,19,2010,78000,0,2026,8,7
성북구,삼선동2가,삼선현대힐스테이트,56.83,9,2009,46500,0,2026,8,8
성북구,석관동,석관래미안,84.84,1,2009,52500,0,2026,8,6
성북구,길음동,래미안길음센터피스,59.9,14,2019,61200,0,2026,8,7
성북구,정릉동,대우,43.11,4,2001,26000,0,2026,8,6
성북구,정릉동,정릉푸르지오,59.98,2,2005,49000,20,2026,8,6
성북구,종암동,래미안크리시엘,59.99,20,2004,47200,0,2026,8,6
성북구,길음동,길음뉴타운신안파크아파트,79.87,4,1988,37800,0,2026,8,7
성북구,정릉동,정릉2차e-편한세상,59.37,6,2009,50400,0,2026,8,7
성북구,석관동,장위아트포레,31.99,11,2025,2000,140,2026,8,3
성북구,돈암동,돈암현대아파트,55.89,8,1991,39000,0,2026,8,6
성북구,장위동,래미안포레카운티,84.97,8,2021,20000,200,2026,8,5
성북구,장위동,꿈의숲코오롱하늘채,84.84,17,2017,50000,0,2026,8,4
성북구,돈암동,돈암코오롱하늘채,59.9342,9,2016,67000,0,2026,8,5
성북구,길음동,길음뉴타운4단지(e편한세상),84.64,16,2005,90000,0,2026,8,6
성북구,정릉동,정릉꿈에그린,31.22,13,2015,3565,5,2026,8,6
성북구,정릉동,정릉우성아파트 101~105동,59.97,11,2000,17000,90,2026,8,5
성북구,안암동5가,(160-16),37.36,4,2017,1000,65,2026,8,5
성북구,석관동,두산,54.55,7,1998,37000,0,2026,8,5
성북구,하월곡동,월곡두산위브,59.855,1,2003,53000,0,2026,8,5
성북구,안암동3가,해링턴플레이스안암,75.65,9,2024,5000,242,2026,8,4
성북구,길음동,길음역롯데캐슬트윈골드,59.87,10,2024,61400,0,2026,8,5
성북구,석관동,두산,59.97,9,1998,20000,100,2026,8,5
성북구,하월곡동,동일하이빌뉴시티,126.6,17,2011,80000,0,2026,8,4
성북구,동소문동6가,하이얀,12.4,4,2013,5000,39,2026,8,4
성북구,하월곡동,월곡두산위브,84.843,20,2003,3000,150,2026,8,4
성북구,장위동,꿈의숲아이파크,59.1,18,2022,10000,270,2026,8,4
성북구,보문동6가,보문파크뷰자이,59.19,12,2017,60900,0,2026,8,1
성북구,하월곡동,동일하이빌뉴시티,133.74,22,2011,68000,80,2026,8,1
성북구,장위동,꿈의숲아이파크,59.49,20,2022,31500,89,2026,8,2
성북구,길음동,삼부컨비니언,84.52,14,1998,2000,140,2026,8,2
성북구,정릉동,정릉꿈에그린,84.56,9,2015,50000,85,2026,8,1
성북구,길음동,길음뉴타운신안파크아파트,79.87,6,1988,40000,0,2026,8,1
성북구,하월곡동,월곡래미안루나밸리,59.98,12,2007,10000,160,2026,8,1
성북구,하월곡동,래미안월곡,84.589,2,2006,60000,20,2026,8,1
강북구,미아동,삼각산아이원,84.705,3,2003,58000,0,2026,8,20
강북구,미아동,북서울자이폴라리스(1단지),59.95,20,2024,51400,0,2026,8,14
강북구,미아동,에스케이북한산시티,84.71,1,2004,44100,0,2026,8,29
강북구,수유동,에피소드수유838,19.7563,4,2021,1000,100,2026,8,11
강북구,수유동,대원쉐르빌(47-13),50.16,8,2017,28300,0,2026,8,6
강북구,미아동,두산위브트레지움,84.99,12,2011,60000,30,2026,8,22
강북구,미아동,엘리프미아역1단지,59.651,14,2026,10000,240,2026,8,28
강북구,미아동,에스케이북한산시티,84.92,6,2004,57000,0,2026,8,29
강북구,미아동,삼성래미안트리베라2단지,84.29,18,2010,40000,81,2026,8,27
강북구,수유동,비젼캐슬,18.58,6,2022,500,110,2026,8,28
강북구,번동,주공4단지,44.89,10,1991,23000,0,2026,8,11
강북구,미아동,두산위브트레지움,84.97,17,2011,10000,200,2026,8,29
강북구,미아동,삼각산아이원,84.705,6,2003,47250,0,2026,8,21
강북구,미아동,올집네스트미아2차(374-11),14.37,4,2021,5000,39,2026,8,12
강북구,미아동,꿈의숲해링턴플레이스,84.67,4,2019,55000,10,2026,8,28
강북구,미아동,에스케이북한산시티,84.71,20,2004,58000,0,2026,8,15
강북구,수유동,수유아름채,11.75,14,2025,1000,110,2026,8,25
강북구,미아동,삼성래미안트리베라2단지,84.29,22,2010,61950,0,2026,8,25
강북구,수유동,비젼캐슬,18.58,5,2022,500,110,2026,8,11
강북구,수유동,비젼캐슬,18.58,9,2022,1000,90,2026,8,27
강북구,미아동,두산위브트레지움,84.97,11,2011,8000,230,2026,8,25
강북구,미아동,엘리프미아역1단지,59.651,24,2026,54000,0,2026,8,8
강북구,번동,유경와이케이라이마,18.47,14,2021,22000,0,2026,8,27
강북구,미아동,삼성래미안트리베라2단지,84.29,5,2010,73000,0,2026,8,26
강북구,미아동,경남아너스빌(1356-0),59.964,10,2003,46000,0,2026,8,9
강북구,미아동,두산위브트레지움,59.99,3,2011,40000,8,2026,8,26
강북구,미아동,한일,54.99,4,1990,14700,10,2026,8,25
강북구,미아동,북서울자이폴라리스(1단지),59.83,11,2024,49300,0,2026,8,22
강북구,수유동,수유벽산1차,84.92,3,1993,35000,55,2026,8,27
강북구,번동,주공1단지,49.94,14,1991,26250,0,2026,8,26
강북구,수유동,에피소드수유838,20.827,12,2021,1000,93,2026,8,18
강북구,미아동,래미안트리베라1단지,84.97,4,2010,10000,175,2026,8,25
강북구,수유동,비젼캐슬,18.58,4,2022,500,110,2026,8,24
강북구,미아동,엘리프미아역2단지,49.684,4,2026,48000,0,2026,8,5
강북구,미아동,삼각산아이원,114.88,15,2003,45000,0,2026,8,7
강북구,미아동,래미안트리베라1단지,84.97,5,2010,10000,195,2026,8,25
강북구,미아동,미아에스하임,33.35,7,2023,990,29,2026,8,26
강북구,미아동,에스케이북한산시티,84.76,22,2004,3000,170,2026,8,19
강북구,수유동,수유아름채,12.93,20,2025,1000,120,2026,8,24
강북구,수유동,비젼캐슬,16.33,13,2022,500,130,2026,8,19
강북구,미아동,경남아너스빌,62.7103,4,2008,40000,0,2026,8,25
강북구,번동,한진,58.65,1,2000,27300,0,2026,8,22
강북구,번동,주공4단지,44.89,1,1991,3000,90,2026,8,18
강북구,미아동,에스케이북한산시티(임대),32.79,16,2004,2388,6,2026,8,20
강북구,미아동,삼각산아이원,84.705,10,2003,10000,200,2026,8,24
강북구,번동,주공1단지,41.3,11,1991,23000,0,2026,8,24
강북구,번동,주공1단지,41.3,3,1991,18000,0,2026,8,24
강북구,번동,번동한양아파트,84.67,6,1992,37000,0,2026,8,24
강북구,번동,주공1단지,49.94,14,1991,22550,0,2026,8,24
강북구,미아동,은진스톤하우스21차,74.34,4,2000,28000,0,2026,8,25
강북구,미아동,래미안트리베라1단지,59.6,11,2010,48400,0,2026,8,18
강북구,미아동,두산위브트레지움,59.54,20,2011,30000,40,2026,8,20
강북구,미아동,에스케이북한산시티,114.85,22,2004,67000,0,2026,8,22
강북구,번동,훼밀리힐,59.16,11,1996,23000,0,2026,8,24
강북구,번동,번동솔그린,59.82,8,1999,10000,105,2026,8,24
강북구,미아동,미아신구,84.9,2,2000,37800,0,2026,8,22
강북구,미아동,꿈의숲롯데캐슬,59.97,5,2017,60000,0,2026,8,22
강북구,수유동,수유아름채,16.01,8,2025,5000,0,2026,8,13
강북구,번동,주공1단지,49.94,9,1991,27500,0,2026,8,18
강북구,미아동,송천센트레빌,114.475,3,2010,78750,0,2026,8,18
강북구,미아동,에스케이북한산시티,59.98,17,2004,55000,0,2026,8,6
강북구,미아동,미아1차래미안,84.58,3,2006,59000,0,2026,8,19
강북구,수유동,에피소드수유838,16.4482,11,2021,1000,71,2026,8,3
강북구,미아동,경남아너스빌(1356-0),59.964,17,2003,42000,0,2026,8,21
강북구,미아동,두산위브트레지움,84.97,15,2011,57750,0,2026,8,21
강북구,미아동,꿈의숲해링턴플레이스,59.36,5,2019,49300,30,2026,8,13
강북구,수유동,극동,84.99,1,1992,33600,0,2026,8,21
강북구,미아동,삼각산아이원,84.705,3,2003,58000,0,2026,8,20
강북구,미아동,두산위브트레지움,84.99,2,2011,3000,135,2026,8,20
강북구,번동,번동솔그린,84.6,7,1999,30000,0,2026,8,10
강북구,번동,스카이캐슬,14.13,6,2021,1000,90,2026,8,11
강북구,미아동,한화포레나미아,53.985,13,2025,31434,0,2026,8,20
강북구,미아동,미아한일유앤아이,116.912,1,2002,53000,0,2026,8,20
강북구,미아동,한화포레나미아,53.985,18,2025,31434,0,2026,8,20
강북구,미아동,북서울자이폴라리스(1단지),84.87,20,2024,70000,0,2026,8,20
강북구,수유동,수유벽산1차,84.92,3,1993,30000,55,2026,8,1
강북구,미아동,에스케이북한산시티,84.76,12,2004,42000,0,2026,8,20
강북구,미아동,삼성래미안트리베라2단지,59.38,15,2010,63000,0,2026,8,19
강북구,미아동,한화포레나미아,53.985,16,2025,31434,0,2026,8,19
강북구,번동,주공1단지,49.94,15,1991,7000,90,2026,8,19
강북구,미아동,에스케이북한산시티(임대),32.79,3,2004,3100,5,2026,8,19
강북구,미아동,북서울자이폴라리스(1단지),84.87,21,2024,40000,120,2026,8,18
강북구,번동,장원(503),71.1,7,2001,33500,0,2026,8,17
강북구,미아동,송천센트레빌,59.818,11,2010,57700,0,2026,8,18
강북구,번동,주공4단지,49.94,12,1991,27000,0,2026,8,17
강북구,미아동,푸르지오시티,18.6479,7,2014,1000,70,2026,8,18
강북구,미아동,북서울자이폴라리스(1단지),38.92,10,2024,35000,0,2026,8,15
강북구,미아동,래미안트리베라1단지,114.98,24,2010,66000,0,2026,8,15
강북구,번동,주공1단지,49.94,9,1991,27500,0,2026,8,18
강북구,미아동,요진,59.42,7,2005,20000,50,2026,8,17
강북구,미아동,경남아너스빌(1356-0),114.922,18,2003,50000,0,2026,8,18
강북구,미아동,북서울자이폴라리스(1단지),59.97,12,2024,52500,0,2026,8,17
강북구,미아동,요진,84.85,2,2005,20000,80,2026,8,1
강북구,미아동,인성,81.9,1,2004,29000,10,2026,8,15
강북구,미아동,벽산라이브파크,60,15,2004,5000,170,2026,8,14
강북구,미아동,삼성래미안트리베라2단지,84.29,3,2010,10000,220,2026,8,15
강북구,번동,주공1단지,41.3,10,1991,2000,90,2026,8,7
강북구,미아동,벽산라이브파크,59.67,6,2004,35700,0,2026,8,15
강북구,미아동,북서울자이폴라리스(1단지),84.87,8,2024,35000,160,2026,8,15
강북구,미아동,벽산라이브파크,84.89,16,2004,7000,200,2026,8,14
강북구,수유동,예도팔라티움,13.47,12,2020,3000,65,2026,8,7
강북구,번동,스카이캐슬,14.13,12,2021,1000,95,2026,8,13
강북구,미아동,에스케이북한산시티,59.98,20,2004,5000,30,2026,8,8
강북구,번동,기산그린,84.94,14,2000,5000,150,2026,8,14
강북구,미아동,푸르지오시티,18.6479,8,2014,1000,70,2026,8,1
강북구,미아동,북서울자이폴라리스(1단지),84.87,17,2024,80000,0,2026,8,8
강북구,미아동,미아동부센트레빌,84.92,2,2006,68000,0,2026,8,13
강북구,미아동,삼성래미안트리베라2단지,84.15,3,2010,30000,160,2026,8,8
강북구,미아동,래미안트리베라1단지,84.97,4,2010,72000,0,2026,8,12
강북구,미아동,두예파크빌,48.88,3,2005,12500,32,2026,8,11
강북구,번동,주공1단지,49.94,15,1991,20000,0,2026,8,12
강북구,미아동,삼성래미안트리베라2단지,84.29,3,2010,65000,0,2026,8,11
강북구,번동,스카이캐슬,17.35,9,2021,16000,0,2026,8,4
강북구,미아동,에스케이북한산시티,59.98,8,2004,38000,40,2026,8,8
강북구,미아동,푸르지오시티,18.6479,7,2014,4000,49,2026,8,7
강북구,미아동,두산위브트레지움,84.99,5,2011,51000,0,2026,8,11
강북구,번동,주공1단지,49.94,13,1991,22000,0,2026,8,10
강북구,미아동,래미안트리베라1단지,84.97,7,2010,30000,110,2026,8,11
강북구,미아동,래미안트리베라1단지,84.97,20,2010,20000,200,2026,8,8
강북구,미아동,북서울자이폴라리스(1단지),59.64,9,2024,49350,0,2026,8,11
강북구,미아동,에스케이북한산시티,59.98,11,2004,15000,108,2026,8,7
강북구,미아동,에스케이북한산시티,114.85,22,2004,53550,0,2026,8,7
강북구,미아동,에스케이북한산시티,84.86,21,2004,20000,160,2026,8,8
강북구,미아동,요진,84.85,8,2005,36750,0,2026,8,10
강북구,미아동,송천센트레빌,59.818,9,2010,15000,140,2026,8,8
강북구,수유동,칸타빌수유팰리스,78.1719,6,2022,47500,10,2026,8,1
강북구,미아동,꿈의숲롯데캐슬,84.98,9,2017,57750,0,2026,8,8
강북구,미아동,에스케이북한산시티,84.76,20,2004,50000,0,2026,8,8
강북구,미아동,경남아너스빌(1356-0),114.922,22,2003,55000,0,2026,8,8
강북구,번동,유경와이케이라이마,18.47,5,2021,21000,0,2026,8,7
강북구,번동,주공4단지,49.94,6,1991,24150,0,2026,8,7
강북구,수유동,수유벽산1차,63.78,6,1993,10000,65,2026,8,5
강북구,미아동,에스케이북한산시티,84.86,2,2004,47250,0,2026,8,4
강북구,번동,기산그린,59.94,17,2000,5000,140,2026,8,6
강북구,미아동,미아한일유앤아이,129.784,3,2002,40000,100,2026,8,1
강북구,미아동,북서울자이폴라리스(1단지),84.87,13,2024,55000,60,2026,8,5
강북구,미아동,에스케이북한산시티,84.76,9,2004,43000,0,2026,8,6
강북구,미아동,에스케이북한산시티,84.71,22,2004,50400,0,2026,8,5
강북구,미아동,에스케이북한산시티,59.98,3,2004,7000,190,2026,8,1
강북구,미아동,삼성래미안트리베라2단지,58.99,3,2010,57000,0,2026,8,4
강북구,번동,주공1단지,41.3,9,1991,16275,0,2026,8,4
강북구,수유동,칸타빌수유팰리스,26.6863,8,2022,10000,75,2026,8,1
강북구,미아동,포르투나,17.18,6,2022,100,19,2026,8,3
강북구,미아동,두산위브트레지움,114.88,5,2011,10000,210,2026,8,1
강북구,미아동,포르투나,23.34,5,2022,100,25,2026,8,3
강북구,번동,드림타워,21.72,10,2012,2000,65,2026,8,1
강북구,번동,해모로아파트,59.98,2,2003,24300,0,2026,8,3
강북구,번동,주공1단지,49.94,3,1991,30000,0,2026,8,1
도봉구,도봉동,한신,84.94,10,1995,40000,0,2026,8,11
도봉구,창동,상아1차아파트,58.59,9,1987,25930,25,2026,8,4
도봉구,방학동,퍼스티안,13.6794,6,2013,500,65,2026,8,10
도봉구,창동,동아그린,84.94,4,1996,45000,0,2026,8,19
도봉구,창동,창동주공1단지,58.01,4,1990,18000,51,2026,8,19
도봉구,창동,창동주공4단지,36.16,3,1991,3000,70,2026,8,11
도봉구,창동,동아,88.23,4,1988,46000,0,2026,8,28
도봉구,창동,주공17단지,36.16,7,1989,2000,80,2026,8,23
도봉구,창동,동아그린,84.94,10,1996,52000,0,2026,8,28
도봉구,창동,삼성래미안,84.87,1,1992,55000,0,2026,8,20
도봉구,창동,창동주공18단지,41.34,2,1988,12600,20,2026,8,29
도봉구,창동,창동2차현대,84.504,8,2001,55000,0,2026,8,31
도봉구,방학동,신동아아파트1,84.87,2,1986,20000,90,2026,8,28
도봉구,도봉동,서원,49.77,1,1996,21000,0,2026,8,28
도봉구,창동,창동주공4단지,36.16,12,1991,2000,80,2026,8,29
도봉구,창동,신창,49.77,9,1998,21000,0,2026,8,29
도봉구,창동,삼성래미안,66.48,16,1992,39900,0,2026,8,29
도봉구,창동,창동2차현대,84.504,8,2001,49350,0,2026,8,26
도봉구,쌍문동,삼익세라믹,79.98,11,1988,33000,0,2026,8,30
도봉구,창동,태영데시앙,84.995,4,2003,47250,0,2026,8,29
도봉구,창동,창동주공3단지(해등마을),49.94,8,1990,29000,0,2026,8,30
도봉구,창동,주공17단지,36.16,5,1989,1000,63,2026,8,24
도봉구,방학동,금광포란재아파트,59.611,15,2005,33600,0,2026,8,28
도봉구,창동,LIG건영캐스빌,80.1498,17,2002,45000,0,2026,8,28
도봉구,도봉동,한신,84.94,14,1995,39900,0,2026,8,22
도봉구,창동,창동주공4단지,49.94,14,1991,3000,79,2026,8,22
도봉구,창동,상아1차아파트,45.54,7,1987,20000,0,2026,8,28
도봉구,쌍문동,금호1,36.36,3,1990,20000,0,2026,8,26
도봉구,방학동,신동아아파트2,84.86,9,1992,45000,0,2026,8,24
도봉구,방학동,청구아파트,84.97,2,1994,38000,0,2026,8,21
도봉구,쌍문동,한양7,84.93,5,1993,40400,0,2026,8,28
도봉구,창동,창동주공2단지,36.34,4,1990,800,60,2026,8,4
도봉구,쌍문동,삼익세라믹,40.11,13,1988,22800,0,2026,8,10
도봉구,창동,창동그린아파트,74.1,3,2004,5000,140,2026,8,23
도봉구,도봉동,한신,84.94,13,1995,43000,0,2026,8,23
도봉구,쌍문동,한양2,35.1,12,1988,1500,70,2026,8,27
도봉구,창동,대동,84.95,13,1999,10000,160,2026,8,27
도봉구,쌍문동,한양6,83.86,6,2002,45000,0,2026,8,10
도봉구,창동,창동주공3단지(해등마을),61.52,2,1990,40000,0,2026,8,24
도봉구,쌍문동,한양2,28.71,6,1988,1000,65,2026,8,19
도봉구,쌍문동,현대1,44.55,11,1990,22000,0,2026,8,12
도봉구,쌍문동,한양2,28.71,13,1988,1000,60,2026,8,20
도봉구,창동,북한산아이파크5차,101.9176,6,2004,67000,0,2026,8,27
도봉구,방학동,신동아아파트1,43.35,6,1986,20000,0,2026,8,24
도봉구,창동,주공17단지,36.16,14,1989,20000,0,2026,8,27
도봉구,창동,창동주공18단지,45.77,2,1988,2000,60,2026,8,27
도봉구,방학동,방학동삼성래미안1,118.381,7,2002,75000,0,2026,8,14
도봉구,쌍문동,삼익세라믹,58.77,6,1988,25000,0,2026,8,20
도봉구,방학동,삼익세라믹아파트,42.93,4,1988,21000,0,2026,8,27
도봉구,창동,상아1차아파트,58.59,2,1987,32000,0,2026,8,26
도봉구,창동,쌍용,84.76,23,1997,45150,0,2026,8,26
도봉구,방학동,신동아아파트1,51.27,9,1986,3000,90,2026,8,24
도봉구,창동,창동주공1단지,41.3,3,1990,21000,0,2026,8,19
도봉구,방학동,방학지음재힐스,14.79,11,2018,500,70,2026,8,21
도봉구,창동,쌍용,135,17,1997,75000,0,2026,8,17
도봉구,창동,창동주공2단지,49.94,5,1990,30000,0,2026,8,13
도봉구,창동,스마트트라움,16.42,10,2021,14100,0,2026,8,21
도봉구,창동,상아2차아파트,58.59,11,1988,3500,85,2026,8,20
도봉구,방학동,신동아아파트1,70.62,2,1986,23000,0,2026,8,25
도봉구,창동,대우,59.86,6,1995,30000,40,2026,8,25
도봉구,창동,창동주공2단지,45.55,3,1990,2000,80,2026,8,24
도봉구,창동,창동주공3단지(해등마을),84.41,2,1990,42000,0,2026,8,14
도봉구,방학동,신동아아파트1,43.35,2,1986,18000,0,2026,8,21
도봉구,쌍문동,한양2,59.67,9,1988,2000,115,2026,8,18
도봉구,창동,동아,109.5,10,1988,5000,150,2026,8,25
도봉구,창동,주공19단지(창동리버타운),60.5,2,1988,2000,105,2026,8,3
도봉구,쌍문동,한양6,83.86,12,2002,47000,0,2026,8,25
도봉구,쌍문동,한양6,83.86,9,2002,45000,0,2026,8,20
도봉구,창동,대림아파트,65.5,5,2002,17000,0,2026,8,10
도봉구,도봉동,한신,84.94,16,1995,28000,35,2026,8,10
도봉구,창동,초안산신도브래뉴,84.9991,1,2005,11839,32,2026,8,25
도봉구,도봉동,한신,84.94,7,1995,2000,135,2026,8,24
도봉구,창동,동아청솔,59.445,10,1997,5000,135,2026,8,21
도봉구,창동,동아청솔,59.76,9,1997,45000,0,2026,8,15
도봉구,도봉동,한신,84.94,1,1995,10000,100,2026,8,24
도봉구,창동,창동주공3단지(해등마을),49.94,11,1990,27300,0,2026,8,21
도봉구,창동,창동주공3단지(해등마을),66.56,6,1990,45000,0,2026,8,24
도봉구,창동,상아1차아파트,45.54,12,1987,3000,90,2026,8,18
도봉구,방학동,신동아아파트1,53.16,10,1986,22000,0,2026,8,24
도봉구,창동,창동주공18단지,45.9,15,1988,2000,35,2026,8,24
도봉구,방학동,대원그린아파트,46.86,8,1987,2000,93,2026,8,7
도봉구,창동,동아그린,59.96,8,1996,15000,130,2026,8,22
도봉구,창동,주공19단지(창동리버타운),84.9,6,1988,39000,0,2026,8,15
도봉구,창동,창동2차현대,59.499,10,2001,45000,0,2026,8,14
도봉구,창동,동아청솔,59.76,3,1997,38850,0,2026,8,21
도봉구,창동,창동주공4단지,36.16,9,1991,19000,0,2026,8,23
도봉구,창동,삼성래미안,84.87,7,1992,58000,0,2026,8,21
도봉구,창동,창동주공18단지,32.34,6,1988,1000,60,2026,8,14
도봉구,방학동,대상타운현대아파트,84.78,6,2001,24000,90,2026,8,15
도봉구,도봉동,한신,84.94,7,1995,33000,0,2026,8,21
도봉구,창동,동아,89.45,12,1988,47000,0,2026,8,21
도봉구,도봉동,한신,84.94,6,1995,41000,0,2026,8,20
도봉구,쌍문동,한양2,48.96,12,1988,3000,90,2026,8,19
도봉구,쌍문동,현대1,84.66,13,1990,32340,0,2026,8,21
도봉구,창동,북한산아이파크5차,84.4516,12,2004,64000,0,2026,8,17
도봉구,창동,신창,49.77,3,1998,21500,0,2026,8,10
도봉구,쌍문동,한양2,35.1,6,1988,500,90,2026,8,10
도봉구,도봉동,한신,84.94,12,1995,20000,100,2026,8,20
도봉구,쌍문동,한양2,35.1,3,1988,20000,0,2026,8,18
도봉구,쌍문동,현대1,84.66,10,1990,10000,130,2026,8,6
도봉구,도봉동,한신,84.94,4,1995,40900,0,2026,8,19
도봉구,방학동,우성아파트1,83.85,1,1992,35000,0,2026,8,19
도봉구,도봉동,삼환도봉,83.97,4,1987,3000,120,2026,8,15
도봉구,창동,창동주공18단지,84.41,4,1988,5000,106,2026,8,20
도봉구,창동,주공19단지(창동리버타운),99.75,5,1988,25000,68,2026,8,20
도봉구,창동,주공17단지,36.16,13,1989,13500,0,2026,8,20
도봉구,창동,주공17단지,41.3,10,1989,2000,90,2026,8,20
도봉구,창동,동아그린,84.94,4,1996,45000,0,2026,8,19
도봉구,쌍문동,삼익세라믹,58.77,3,1988,3000,90,2026,8,19
도봉구,쌍문동,신원2,60,14,1998,6000,100,2026,8,19
도봉구,창동,창동주공18단지,32.34,11,1988,1000,53,2026,8,19
도봉구,창동,창동주공3단지(해등마을),49.94,5,1990,15000,55,2026,8,4
도봉구,창동,삼성래미안,73.92,6,1992,20000,120,2026,8,19
도봉구,도봉동,현대성우,84.39,16,1998,5000,116,2026,8,14
도봉구,방학동,신동아아파트1,84.87,11,1986,34000,0,2026,8,19
도봉구,창동,상아1차아파트,45.54,8,1987,23000,0,2026,8,12
도봉구,쌍문동,한양2,84.9,3,1988,17000,110,2026,8,19
도봉구,쌍문동,쌍문동삼성래미안,84.9383,1,2002,45000,0,2026,8,19
도봉구,쌍문동,쌍문동삼성래미안,59.9899,6,2002,32500,0,2026,8,12
도봉구,쌍문동,한양1,50.58,4,1986,26000,5,2026,8,13
도봉구,방학동,벽산아파트1,63.38,2,1991,29500,0,2026,8,13
도봉구,방학동,신동아아파트3,84.86,2,1992,35000,0,2026,8,18
도봉구,방학동,브라운스톤방학아파트,84.9,7,2003,35000,60,2026,8,18
도봉구,창동,창동주공4단지,49.94,9,1991,15000,60,2026,8,11
도봉구,도봉동,래미안도봉,84.55,13,2005,47000,0,2026,8,15
도봉구,창동,상아1차아파트,84.99,5,1987,50000,0,2026,8,18
도봉구,창동,창동주공3단지(해등마을),45.77,3,1990,1000,70,2026,8,13
도봉구,창동,삼성래미안,84.87,8,1992,10000,130,2026,8,18
도봉구,창동,동아청솔,84.97,15,1997,25000,110,2026,8,15
도봉구,쌍문동,삼익세라믹,58.77,5,1988,1500,75,2026,8,18
도봉구,방학동,신동아아파트1,53.16,12,1986,24000,0,2026,8,14
도봉구,창동,북한산아이파크5차,101.9176,5,2004,63000,0,2026,8,18
도봉구,도봉동,한신,84.94,11,1995,48000,0,2026,8,17
도봉구,창동,창동주공18단지,45.77,10,1988,26000,0,2026,8,17
도봉구,쌍문동,풀내음아파트,46.55,7,2007,20000,0,2026,8,16
도봉구,창동,창동주공1단지,41.3,3,1990,3000,90,2026,8,17
도봉구,창동,상아1차아파트,58.59,9,1987,25930,25,2026,8,4
도봉구,창동,주공19단지(창동리버타운),84.9,1,1988,44000,0,2026,8,14
도봉구,창동,상아2차아파트,58.59,1,1988,1000,100,2026,8,18
도봉구,창동,동아그린,59.96,7,1996,5000,120,2026,8,15
도봉구,방학동,동부센트레빌아파트,131.336,7,2005,25000,200,2026,8,15
도봉구,쌍문동,삼익세라믹,42.93,13,1988,2000,80,2026,8,13
도봉구,방학동,퍼스티안,13.6794,5,2013,500,65,2026,8,3
도봉구,창동,창동주공3단지(해등마을),49.94,13,1990,30000,0,2026,8,10
도봉구,창동,미소애,45.466,2,2005,26500,0,2026,8,17
도봉구,창동,창동주공1단지,45.77,4,1990,10600,35,2026,8,17
도봉구,도봉동,한신,84.94,16,1995,40950,0,2026,8,15
도봉구,창동,주공17단지,36.16,5,1989,14700,0,2026,8,15
도봉구,쌍문동,한양6,83.86,5,2002,43000,0,2026,8,15
도봉구,방학동,대상타운현대아파트,84.78,20,2001,56000,0,2026,8,17
도봉구,창동,북한산아이파크5차,84.4516,18,2004,56700,0,2026,8,17
도봉구,창동,창동주공18단지,32.34,5,1988,12500,10,2026,8,13
도봉구,방학동,한화성원아파트,84.98,4,1996,32300,0,2026,8,11
도봉구,도봉동,현대성우,114.79,7,1998,3000,169,2026,8,14
도봉구,창동,동아청솔,59.445,19,1997,31500,0,2026,8,11
도봉구,도봉동,동아에코빌,84.967,2,2003,39900,0,2026,8,8
도봉구,쌍문동,신원2,60,15,1998,9000,90,2026,8,11
도봉구,도봉동,양우내안애,84.92,7,2005,43000,0,2026,8,12
도봉구,방학동,벽산아파트1,63.38,8,1991,30000,0,2026,8,12
도봉구,도봉동,중흥에스-클래스,84.989,9,2004,39900,0,2026,8,13
도봉구,쌍문동,현대1,84.66,3,1990,38000,0,2026,8,12
도봉구,쌍문동,쌍문리버뷰,46.84,7,2019,17405,19,2026,8,13
도봉구,방학동,신동아아파트1,70.62,1,1986,15000,65,2026,8,12
도봉구,쌍문동,한양2,84.9,2,1988,38000,0,2026,8,13
도봉구,방학동,청구아파트,84.97,8,1994,43000,0,2026,8,13
도봉구,창동,창동주공3단지(해등마을),44.89,14,1990,2000,76,2026,8,13
도봉구,창동,창동주공2단지,36.16,2,1990,18900,0,2026,8,10
도봉구,도봉동,한신,84.94,15,1995,50000,0,2026,8,7
도봉구,도봉동,중흥에스-클래스,84.996,2,2004,48000,0,2026,8,12
도봉구,쌍문동,파라다이스빌,59.33,13,2004,21000,75,2026,8,7
도봉구,도봉동,한신,84.94,10,1995,40000,0,2026,8,11
도봉구,창동,상아1차아파트,84.99,14,1987,36000,0,2026,8,12
도봉구,창동,창동주공4단지,41.3,12,1991,10000,50,2026,8,6
도봉구,방학동,우성아파트2,84.98,9,1993,38000,0,2026,8,11
도봉구,창동,북한산한신휴플러스,111.2248,15,2007,62400,0,2026,8,11
도봉구,쌍문동,현대1,70.3,3,1990,29400,0,2026,8,7
도봉구,쌍문동,에드가쌍문,23.1866,3,2022,4189,5,2026,8,11
도봉구,창동,대우그린,59.97,6,2000,38850,0,2026,8,10
도봉구,도봉동,현대성우,114.79,8,1998,42000,0,2026,8,11
도봉구,방학동,방학동삼성래미안2,84.937,2,2002,51000,0,2026,8,10
도봉구,창동,창동주공18단지,32.34,1,1988,1000,70,2026,8,10
도봉구,방학동,우암쎈스뷰아파트,68.841,6,2003,38000,0,2026,8,10
도봉구,방학동,성원아파트,59.94,4,1996,5000,90,2026,8,10
도봉구,창동,주공17단지,36.16,10,1989,20000,0,2026,8,10
도봉구,창동,삼성래미안,84.87,19,1992,100,50,2026,8,1
도봉구,쌍문동,삼익세라믹,40.11,13,1988,22800,0,2026,8,10
도봉구,창동,창동주공2단지,45.9,2,1990,22050,0,2026,8,1
도봉구,쌍문동,한양5,84.635,1,1991,41000,0,2026,8,10
도봉구,쌍문동,솔밭노블리안,58.25,2,2019,33600,0,2026,8,8
도봉구,쌍문동,금호1,36.36,4,1990,20000,15,2026,8,7
도봉구,방학동,이에스에이아파트2,84.98,18,2003,55000,0,2026,8,7
도봉구,창동,상아1차아파트,69.03,6,1987,31500,0,2026,8,7
도봉구,방학동,삼익세라믹아파트,58.77,8,1988,24000,0,2026,8,6
도봉구,창동,창동주공4단지,36.16,8,1991,8000,38,2026,8,5
도봉구,도봉동,양우내안애,84.92,2,2005,39500,0,2026,8,4
도봉구,방학동,방학지음재힐스,14.86,7,2018,10000,20,2026,8,3
도봉구,도봉동,도봉파크빌3,84.336,3,2002,40000,0,2026,8,6
도봉구,창동,창동주공18단지,59.39,1,1988,23000,0,2026,8,4
도봉구,창동,호신빌딩,25.29,11,2017,12900,0,2026,8,5
도봉구,방학동,퍼스티안,13.6794,10,2013,150,70,2026,8,3
도봉구,도봉동,럭키,84.86,4,1992,8000,120,2026,8,5
도봉구,창동,창동주공4단지,41.3,2,1991,2000,90,2026,8,1
도봉구,창동,창동주공4단지,41.3,9,1991,20000,0,2026,8,3
도봉구,도봉동,한신,84.94,11,1995,10000,100,2026,8,3
도봉구,방학동,신동아아파트1,43.35,1,1986,3500,53,2026,8,1
도봉구,도봉동,유원도봉,84.93,13,1990,31000,0,2026,8,3
도봉구,창동,동아청솔,84.97,1,1997,22400,110,2026,8,3
도봉구,창동,창동주공4단지,41.3,4,1991,17850,0,2026,8,1
도봉구,쌍문동,북한산코오롱하늘채,59.98,13,2014,5000,150,2026,8,2
도봉구,창동,주공17단지,36.34,3,1989,19000,0,2026,8,1
노원구,상계동,포레나노원,84.9084,27,2020,20000,260,2026,8,28
노원구,상계동,상계주공11(고층),49.94,3,1988,27300,0,2026,8,21
노원구,공릉동,효성아파트,84.66,4,1995,33000,0,2026,8,11
노원구,월계동,주공2,44.94,13,1992,4500,30,2026,8,11
노원구,상계동,상계주공12(고층),41.3,8,1988,20475,0,2026,8,8
노원구,중계동,건영2,84.96,4,1991,45000,10,2026,8,6
노원구,상계동,상계주공16(고층),45.77,4,1988,20000,0,2026,8,8
노원구,상계동,대림,93.75,7,1988,40000,60,2026,8,8
노원구,상계동,상계주공9(고층),49.94,4,1988,23000,0,2026,8,7
노원구,상계동,상계주공11(고층),79.07,9,1988,48000,0,2026,8,5
노원구,상계동,상계주공4(고층),32.39,10,1988,13000,16,2026,8,31
노원구,월계동,삼호4,50.18,7,1987,1000,100,2026,8,22
노원구,하계동,한신동성,112.24,13,1993,60000,30,2026,8,31
노원구,하계동,하계2현대,75.35,5,1997,60000,0,2026,8,13
노원구,상계동,상계주공7(고층),41.3,11,1988,3000,120,2026,8,31
노원구,공릉동,67디벨리움,17.27,16,2016,2000,68,2026,8,14
노원구,상계동,상계주공2(고층),59.2,11,1987,8500,90,2026,8,13
노원구,월계동,월계센트럴아이파크,84.99,18,2020,63000,0,2026,8,28
노원구,상계동,보람아파트,68.99,3,1988,40000,0,2026,8,29
노원구,상계동,상계주공4(고층),32.39,10,1988,13000,16,2026,8,31
노원구,상계동,상계주공11(고층),58.01,10,1988,30450,0,2026,8,31
노원구,월계동,미성,50.14,5,1986,7000,85,2026,8,29
노원구,상계동,상계주공7(고층),49.94,11,1988,25000,0,2026,8,31
노원구,상계동,상계주공10(고층),58.01,5,1988,35000,0,2026,8,31
노원구,공릉동,시영2단지(라이프)아파트,39.6,13,1994,2000,80,2026,8,25
노원구,상계동,상계주공6(고층),58.01,6,1988,31500,0,2026,8,31
노원구,중계동,중계그린1단지,39.91,3,1990,23500,0,2026,8,29
노원구,상계동,상계주공3(고층),37.46,4,1987,25000,0,2026,8,31
노원구,공릉동,한일휴니스빌,12.42,7,2013,6000,33,2026,8,1
노원구,상계동,상계주공10(고층),49.94,6,1988,20000,60,2026,8,29
노원구,공릉동,태릉해링턴플레이스,84.98,16,2022,73500,0,2026,8,28
노원구,상계동,상계주공6(고층),58.01,7,1988,26000,0,2026,8,11
노원구,중계동,주공2,44.52,8,1992,2000,90,2026,8,19
노원구,월계동,삼창,94.36,6,1984,50000,0,2026,8,28
노원구,공릉동,태강아파트(아이파크),49.6,10,1999,24000,65,2026,8,29
노원구,상계동,상계대림e편한세상,55.77,6,2002,33600,0,2026,8,25
노원구,상계동,"상계주공15(고층,공무원임대)",41.3,3,1988,2778,32,2026,8,31
노원구,상계동,"상계주공15(고층,공무원임대)",49.94,9,1988,13682,10,2026,8,28
노원구,중계동,중계무지개,59.26,6,1991,5000,200,2026,8,15
노원구,상계동,상계주공4(고층),59.39,8,1988,6000,70,2026,8,28
노원구,상계동,상계주공13(고층),41.3,3,1989,23000,0,2026,8,29
노원구,하계동,장미(시영6),59.69,8,1989,10000,80,2026,8,31
노원구,상계동,상계주공1(고층),41.3,5,1988,2000,110,2026,8,22
노원구,중계동,중계현대2,84.34,8,1991,47000,0,2026,8,29
노원구,하계동,장미(시영6),39.78,4,1989,1000,70,2026,8,29
노원구,중계동,주공8,49.72,8,1993,29900,0,2026,8,29
노원구,월계동,주공2,44.52,4,1992,24000,0,2026,8,15
노원구,상계동,"상계주공15(고층,공무원임대)",49.94,14,1988,13476,7,2026,8,31
노원구,상계동,상계주공14(고층),49.94,9,1989,23000,0,2026,8,22
노원구,상계동,"상계주공15(고층,공무원임대)",41.3,15,1988,9382,9,2026,8,31
노원구,월계동,롯데캐슬루나,84.9852,11,2006,54000,0,2026,8,28
노원구,상계동,상계주공12(고층),49.94,1,1988,32000,0,2026,8,28
노원구,공릉동,태릉해링턴플레이스,59.98,18,2022,60000,0,2026,8,19
노원구,상계동,벽산,46.8,11,1989,10000,90,2026,8,29
노원구,상계동,상계주공6(고층),41.3,3,1988,1000,60,2026,8,29
노원구,상계동,상계주공3(고층),58.01,9,1987,2000,90,2026,8,31
노원구,상계동,상계주공14(고층),41.3,12,1989,27000,0,2026,8,23
노원구,상계동,상계주공6(고층),58.01,5,1988,31500,0,2026,8,29
노원구,하계동,한신1,27,3,1988,2000,80,2026,8,29
노원구,중계동,주공6,44.1,11,1993,1000,70,2026,8,22
노원구,상계동,상계주공3(고층),58.01,9,1987,2000,90,2026,8,31
노원구,중계동,주공5,38.64,11,1992,1000,100,2026,8,19
노원구,상계동,은빛2단지,49.77,11,1998,26200,0,2026,8,28
노원구,상계동,비콘드림힐2,80.14,9,2005,48500,0,2026,8,29
노원구,상계동,수락리버시티4단지,84.69,14,2009,50000,0,2026,8,29
노원구,상계동,상계주공6(고층),37.46,4,1988,2000,95,2026,8,30
노원구,중계동,주공5,44.52,3,1992,4000,70,2026,8,29
노원구,중계동,중계그린1단지,49.5,8,1990,34000,0,2026,8,29
노원구,상계동,상계주공7(고층),45.9,4,1988,17500,0,2026,8,7
노원구,공릉동,태릉입구역이니티움,44.94,15,2024,15200,54,2026,8,30
노원구,상계동,상계주공1(고층),41.3,1,1988,20000,0,2026,8,15
노원구,상계동,보람아파트,68.99,11,1988,35000,0,2026,8,31
노원구,상계동,상계주공3(고층),58.01,7,1987,31000,0,2026,8,29
노원구,중계동,중계그린1단지,49.5,3,1990,35000,0,2026,8,29
노원구,월계동,한진한화그랑빌,59.94,9,2002,44000,0,2026,8,29
노원구,상계동,상계주공14(고층),41.3,1,1989,23000,0,2026,8,28
노원구,상계동,상계주공2(고층),32.39,2,1987,5000,40,2026,8,16
노원구,상계동,"상계주공15(고층,공무원임대)",41.3,4,1988,13890,0,2026,8,31
노원구,월계동,한진한화그랑빌,59.94,7,2002,36220,0,2026,8,30
노원구,상계동,"상계주공15(고층,공무원임대)",49.94,13,1988,17103,0,2026,8,18
노원구,월계동,녹천역두산위브아파트,84.8218,1,2017,52500,0,2026,8,8
노원구,하계동,장미(시영6),39.78,10,1989,1000,84,2026,8,24
노원구,상계동,상계주공3(고층),58.01,4,1987,30000,0,2026,8,10
노원구,상계동,상계주공2(고층),60.5,8,1987,34000,0,2026,8,29
노원구,상계동,"상계주공15(고층,공무원임대)",49.94,1,1988,15392,0,2026,8,31
노원구,상계동,상계주공14(고층),41.3,8,1989,2000,100,2026,8,17
노원구,상계동,"상계주공15(고층,공무원임대)",49.94,15,1988,13682,10,2026,8,30
노원구,상계동,"상계주공15(고층,공무원임대)",49.94,4,1988,17103,0,2026,8,29
노원구,상계동,"상계주공15(고층,공무원임대)",49.94,7,1988,11972,15,2026,8,28
노원구,월계동,삼호3,59.22,6,1986,23000,0,2026,8,29
노원구,상계동,상계주공3(고층),73.94,3,1987,50000,0,2026,8,13
노원구,중계동,금호타운(583),59.52,13,1997,37800,0,2026,8,19
노원구,상계동,보람아파트,44.33,1,1988,21000,0,2026,8,26
노원구,공릉동,풍림아파트A,84.99,9,2001,30000,120,2026,8,22
노원구,상계동,상계주공4(고층),32.39,6,1988,23000,0,2026,8,22
노원구,하계동,벽산,57.71,5,1988,38000,0,2026,8,26
노원구,중계동,성원1,59.75,13,1996,60000,0,2026,8,28
노원구,월계동,삼호3,59.22,1,1986,10000,70,2026,8,28
노원구,중계동,중계3우성,59.94,1,1999,39900,0,2026,8,12
노원구,상계동,청암2단지,49.77,13,2001,13000,45,2026,8,21
노원구,공릉동,태릉입구역이니티움,47.02,8,2024,18700,67,2026,8,23
노원구,월계동,주공2,44.52,5,1992,20000,0,2026,8,28
노원구,월계동,미륭,51.48,13,1986,14500,0,2026,8,28
노원구,상계동,보람아파트,79.25,4,1988,30000,0,2026,8,20
노원구,상계동,보람아파트,79.25,2,1988,12000,140,2026,8,8
노원구,공릉동,비선아파트,48.6,1,1999,1000,116,2026,8,22
노원구,월계동,미성,50.14,4,1986,22000,0,2026,8,27
노원구,중계동,주공4,45.77,10,1991,2000,100,2026,8,25
노원구,상계동,상계주공10(고층),58.01,2,1988,5000,120,2026,8,17
노원구,중계동,중계그린1단지,49.5,11,1990,35000,0,2026,8,27
노원구,하계동,한신1,27,15,1988,15500,0,2026,8,27
노원구,상계동,포레나노원,84.9084,27,2020,20000,260,2026,8,28
노원구,중계동,롯데우성,115.26,3,1993,93000,0,2026,8,22
노원구,상계동,상계주공2(고층),32.39,15,1987,1000,90,2026,8,8
노원구,월계동,미성,33.28,2,1986,20000,0,2026,8,26
노원구,상계동,벽산,43.35,1,1989,23000,0,2026,8,27
노원구,상계동,상계주공3(고층),58.01,10,1987,30000,0,2026,8,27
노원구,상계동,상계주공13(고층),41.3,4,1989,13800,0,2026,8,6
노원구,공릉동,화랑타운아파트,84.65,9,2000,20000,140,2026,8,24
노원구,중계동,상아,84.97,15,1989,58000,0,2026,8,22
노원구,상계동,상계불암대림,84.96,7,2000,63000,0,2026,8,27
노원구,공릉동,풍림아파트B,31.32,3,2001,1000,58,2026,8,28
노원구,월계동,삼호3,59.22,10,1986,32000,0,2026,8,25
노원구,월계동,삼호4,50.18,3,1987,2000,120,2026,8,26
노원구,월계동,미성,33.28,5,1986,13860,0,2026,8,28
노원구,월계동,미륭,51.48,13,1986,18522,0,2026,8,28
노원구,중계동,중계그린1단지,39.78,8,1990,2000,110,2026,8,20
노원구,상계동,상계주공1(고층),41.3,7,1988,10000,30,2026,8,22
노원구,월계동,성원(사슴4),49.92,2,1995,2000,75,2026,8,3
노원구,중계동,주공5,58.46,4,1992,28350,0,2026,8,28
노원구,상계동,상계주공5(저층),31.98,4,1987,1000,50,2026,8,27
노원구,월계동,초안산쌍용스윗닷홈,84.69,10,2006,42000,0,2026,8,15
노원구,상계동,상계주공5(저층),31.98,3,1987,1000,50,2026,8,28
노원구,월계동,삼호4,59.49,1,1987,6000,90,2026,8,28
노원구,상계동,상계주공10(고층),45.9,11,1988,18000,0,2026,8,28
노원구,상계동,상계주공10(고층),45.9,8,1988,22000,0,2026,8,28
노원구,상계동,상계주공11(고층),41.3,3,1988,25000,0,2026,8,27
노원구,중계동,주공5,44.52,15,1992,2000,100,2026,8,25
노원구,중계동,중계그린1단지,39.78,3,1990,2000,79,2026,8,22
노원구,상계동,상계주공11(고층),58.01,12,1988,17000,25,2026,8,8
노원구,월계동,미성,50.14,1,1986,28000,0,2026,8,27
노원구,중계동,대림벽산(363),141.45,6,1993,93000,0,2026,8,25
노원구,상계동,상계주공10(고층),49.94,11,1988,3000,84,2026,8,23
노원구,상계동,은빛2단지,59.95,9,1998,5000,105,2026,8,27
노원구,상계동,상계주공6(고층),49.94,15,1988,21994,0,2026,8,24
노원구,중계동,주공5,76.51,1,1992,64000,0,2026,8,22
노원구,중계동,주공5,38.64,13,1992,1000,70,2026,8,17
노원구,월계동,한진한화그랑빌,84.97,3,2002,70000,0,2026,8,12
노원구,중계동,중계무지개,59.26,10,1991,45000,0,2026,8,25
노원구,중계동,중계그린1단지,39.91,11,1990,29000,0,2026,8,27
노원구,중계동,중계무지개,59.26,7,1991,3000,115,2026,8,25
노원구,하계동,청솔(시영7),49.5,2,1989,36000,0,2026,8,27
노원구,공릉동,태강아파트(아이파크),49.6,6,1999,30000,23,2026,8,27
노원구,월계동,대동,114.45,12,1997,55000,0,2026,8,27
노원구,상계동,상계주공11(고층),68.86,9,1988,44000,0,2026,8,27
노원구,월계동,한진한화그랑빌,59.94,11,2002,15000,160,2026,8,13
노원구,상계동,상계주공16(고층),59.39,7,1988,26000,0,2026,8,22
노원구,중계동,중계그린1단지,59.22,14,1990,35700,0,2026,8,25
노원구,상계동,상계주공3(고층),58.01,15,1987,10000,100,2026,8,27
노원구,상계동,수락리버시티3단지,49.93,10,2009,7471,31,2026,8,20
노원구,상계동,상계주공4(고층),32.39,6,1988,23000,0,2026,8,22
노원구,월계동,주공2,38.64,9,1992,22000,0,2026,8,27
노원구,상계동,상계주공4(고층),32.39,14,1988,16800,0,2026,8,25
노원구,월계동,한진한화그랑빌,59.94,8,2002,41000,50,2026,8,24
노원구,중계동,주공5,44.52,9,1992,2000,70,2026,8,10
노원구,상계동,상계주공10(고층),66.56,5,1988,5000,110,2026,8,13
노원구,상계동,상계주공10(고층),49.94,2,1988,5000,110,2026,8,26
노원구,하계동,한신1,27,8,1988,20000,0,2026,8,22
노원구,월계동,미성,50.14,10,1986,30000,0,2026,8,26
노원구,상계동,한신1차,53.96,4,1987,5000,85,2026,8,7
노원구,중계동,주공6,44.1,7,1993,2000,62,2026,8,25
노원구,월계동,미륭,51.48,5,1986,20000,0,2026,8,22
노원구,중계동,주공6,44.1,2,1993,1000,75,2026,8,22
노원구,월계동,한진한화그랑빌,59.94,16,2002,50000,0,2026,8,6
노원구,월계동,녹천역두산위브아파트,39.6161,4,2017,3233,5,2026,8,26
노원구,상계동,상계주공2(저층),59.18,4,1987,26250,0,2026,8,26
노원구,월계동,미륭,51.48,9,1986,19400,0,2026,8,14
노원구,상계동,상계주공7(고층),41.3,7,1988,1000,95,2026,8,21
노원구,상계동,한신1차,53.96,3,1987,15000,40,2026,8,26
노원구,월계동,주공2,44.94,9,1992,1000,80,2026,8,20
노원구,상계동,상계주공3(고층),58.01,10,1987,31000,25,2026,8,26
노원구,공릉동,풍림아파트A,59.94,17,2001,40950,0,2026,8,22
노원구,상계동,희락,59.73,10,1997,29000,0,2026,8,25
노원구,중계동,진로유통조합대림,84.94,2,1992,50000,0,2026,8,25
노원구,상계동,상계주공6(고층),58.01,2,1988,15000,100,2026,8,23
노원구,상계동,상계주공14(고층),49.94,2,1989,30000,0,2026,8,26
노원구,월계동,미륭,51.48,9,1986,2000,90,2026,8,22
노원구,월계동,사슴3,49.5,8,1995,8000,60,2026,8,24
노원구,중계동,청구3,84.77,14,1996,2000,178,2026,8,26
노원구,중계동,주공5,38.64,4,1992,2000,85,2026,8,19
노원구,중계동,중계현대2,84.34,2,1991,49000,0,2026,8,26
노원구,월계동,삼호3,59.22,12,1986,37000,0,2026,8,22
노원구,월계동,한진한화그랑빌,59.94,16,2002,55000,0,2026,8,24
노원구,하계동,학여울청구,59.4,13,1999,20000,95,2026,8,26
노원구,월계동,주공2,44.94,5,1992,22000,0,2026,8,24
노원구,월계동,녹천역두산위브아파트,59.7828,5,2017,43050,0,2026,8,24
노원구,월계동,미륭,51.48,1,1986,2000,100,2026,8,24
노원구,월계동,미륭,51.48,7,1986,23000,0,2026,8,13
노원구,월계동,주공2,38.64,15,1992,17850,0,2026,8,5
노원구,상계동,미도,87.57,4,1988,20000,100,2026,8,26
노원구,월계동,성원(사슴4),49.92,5,1995,30000,0,2026,8,26
노원구,월계동,미성,33.28,4,1986,1000,70,2026,8,26
노원구,상계동,상계주공6(고층),49.94,9,1988,2000,120,2026,8,26
노원구,월계동,청백(774),39.84,11,1998,451,15,2026,8,26
노원구,중계동,주공8,49.72,6,1993,25460,0,2026,8,25
노원구,중계동,주공7,44.1,1,1993,3000,90,2026,8,1
노원구,상계동,동양엔파트,84.98,9,2003,47000,40,2026,8,14
노원구,중계동,염광,84.5,18,1996,65000,0,2026,8,8
노원구,상계동,소담빌,14.65,9,2014,500,60,2026,8,7
노원구,상계동,상계주공9(고층),41.3,14,1988,2000,81,2026,8,26
노원구,공릉동,삼익4단지아파트,49.5,8,1994,29400,0,2026,8,26
노원구,월계동,삼호4,59.49,13,1987,2000,89,2026,8,26
노원구,상계동,상계주공9(고층),45.9,7,1988,19500,0,2026,8,25
노원구,공릉동,(683-30),20,5,2019,15400,0,2026,8,24
노원구,공릉동,현대성우아파트,84.96,6,2000,27000,80,2026,8,21
노원구,중계동,주공2,44.52,13,1992,2000,100,2026,8,25
노원구,월계동,동원베네스트,59.854,12,2005,40000,0,2026,8,19
노원구,중계동,롯데우성,115.26,8,1993,70000,0,2026,8,12
노원구,하계동,건영,45.55,9,1988,1000,80,2026,8,22
노원구,상계동,상계주공2(고층),32.39,12,1987,23000,0,2026,8,25
노원구,상계동,은빛2단지,39.7,4,1998,2000,90,2026,8,24
노원구,월계동,초안산쌍용스윗닷홈,84.69,10,2006,43000,0,2026,8,19
노원구,상계동,상계주공14(고층),45.9,2,1989,15000,0,2026,8,22
노원구,중계동,주공5,44.52,15,1992,2000,100,2026,8,25
노원구,월계동,삼호3,59.22,1,1986,3000,130,2026,8,25
노원구,상계동,상계주공10(고층),68.86,1,1988,29169,0,2026,8,1
노원구,상계동,상계주공12(고층),61.52,3,1988,33000,0,2026,8,25
노원구,상계동,상계주공9(고층),58.01,2,1988,15000,100,2026,8,11
노원구,상계동,포레나노원,84.9084,9,2020,70000,0,2026,8,5
노원구,월계동,세양청마루,84.957,5,2005,23000,50,2026,8,16
노원구,월계동,주공2,38.64,1,1992,22000,0,2026,8,11
노원구,상계동,보람아파트,44.33,14,1988,2500,84,2026,8,20
노원구,하계동,장미(시영6),49.5,9,1989,3000,80,2026,8,25
노원구,상계동,상계주공14(고층),41.3,3,1989,7000,50,2026,8,15
노원구,공릉동,시영3차(라이프)아파트,39.6,10,1994,17850,4,2026,8,21
노원구,상계동,상계주공1(고층),68.86,5,1988,5000,127,2026,8,7
노원구,월계동,미성,33.28,2,1986,2000,60,2026,8,25
노원구,월계동,사슴3,39.6,6,1995,18500,0,2026,8,22
노원구,하계동,한신1,27,2,1988,1000,75,2026,8,18
노원구,상계동,상계주공7(고층),49.94,11,1988,3000,120,2026,8,21
노원구,월계동,풍림아이원,84.303,7,2005,64000,0,2026,8,24
노원구,하계동,장미(시영6),49.5,5,1989,5000,90,2026,8,20
노원구,월계동,삼호4,50.18,2,1987,28000,0,2026,8,24
노원구,중계동,신동아(366),115.35,13,1993,51500,150,2026,8,22
노원구,상계동,대림,93.75,15,1988,42200,0,2026,8,23
노원구,월계동,사슴3,39.6,7,1995,2000,90,2026,8,1
노원구,중계동,주공4,59.39,10,1991,42000,0,2026,8,14
노원구,상계동,상계주공6(고층),58.01,7,1988,5250,95,2026,8,18
노원구,상계동,상계주공9(고층),49.94,12,1988,23000,50,2026,8,13
노원구,하계동,미성,57.97,9,1989,38000,0,2026,8,22
노원구,공릉동,풍림아파트A,84.99,20,2001,9000,170,2026,8,21
노원구,중계동,중계그린1단지,44.1,11,1990,31000,0,2026,8,19
노원구,공릉동,태릉해링턴플레이스,74.95,20,2022,20000,150,2026,8,22
노원구,상계동,상계주공13(고층),45.9,14,1989,20000,27,2026,8,19
노원구,상계동,상계주공6(고층),58.01,13,1988,26250,0,2026,8,24
노원구,월계동,미성,33.28,5,1986,1000,68,2026,8,22
노원구,하계동,장미(시영6),49.5,7,1989,5000,70,2026,8,22
노원구,하계동,미성,57.97,11,1989,2000,140,2026,8,24
노원구,상계동,상계주공7(고층),45.9,5,1988,3000,79,2026,8,22
노원구,상계동,상계주공12(고층),41.3,9,1988,2000,100,2026,8,12
노원구,공릉동,한일휴니스빌,13.62,12,2013,1000,65,2026,8,21
노원구,공릉동,한일휴니스빌,13.2195,11,2013,10000,0,2026,8,21
노원구,중계동,현대(6차),84.98,6,2018,64000,0,2026,8,1
노원구,월계동,풍림아이원,84.303,6,2005,65000,0,2026,8,24
노원구,월계동,현대,114.99,6,2000,70000,0,2026,8,24
노원구,상계동,벽산,46.8,13,1989,1000,90,2026,8,24
노원구,상계동,보람아파트,44.33,9,1988,25000,0,2026,8,20
노원구,월계동,한진한화그랑빌,59.94,9,2002,5000,147,2026,8,15
노원구,월계동,주공2,38.64,1,1992,22000,0,2026,8,11
노원구,월계동,삼호4,50.18,1,1987,22000,0,2026,8,22
노원구,중계동,주공2,44.52,12,1992,500,100,2026,8,6
노원구,상계동,상계주공10(고층),68.86,4,1988,2000,110,2026,8,24
노원구,중계동,주공7,44.1,14,1993,1000,68,2026,8,21
노원구,중계동,중계그린1단지,39.78,6,1990,2000,79,2026,8,22
노원구,월계동,미성,33.28,4,1986,16000,0,2026,8,14
노원구,상계동,상계대림,59.67,2,1989,24100,0,2026,8,24
노원구,중계동,금호타운(583),59.81,3,1997,43000,0,2026,8,22
노원구,중계동,중계무지개,39.82,4,1991,20000,0,2026,8,22
노원구,공릉동,태릉해링턴플레이스,74.95,13,2022,65000,0,2026,8,21
노원구,공릉동,삼익4단지아파트,49.5,12,1994,26000,0,2026,8,22
노원구,월계동,한진한화그랑빌,59.94,6,2002,10000,150,2026,8,6
노원구,월계동,한진한화그랑빌,139.08,6,2002,65000,0,2026,8,22
노원구,중계동,주공4,59.39,13,1991,39000,0,2026,8,11
노원구,상계동,상계주공6(고층),58.01,6,1988,5000,150,2026,8,24
노원구,상계동,상계주공6(고층),59.39,6,1988,34000,0,2026,8,24
노원구,상계동,상계주공10(고층),61.52,10,1988,3000,145,2026,8,19
노원구,월계동,미성,33.28,4,1986,1000,80,2026,8,16
노원구,중계동,삼성,59.9,14,1999,40500,0,2026,8,22
노원구,상계동,상계주공4(고층),41.3,7,1988,3000,90,2026,8,24
노원구,중계동,주공2,44.52,4,1992,1000,80,2026,8,17
노원구,상계동,두산,84.09,1,1994,20000,30,2026,8,24
노원구,상계동,상계주공2(고층),60.5,9,1987,24675,0,2026,8,24
노원구,중계동,건영2,75.02,14,1991,30000,50,2026,8,22
노원구,상계동,성원상떼빌,59.93,9,1999,30000,0,2026,8,22
노원구,월계동,미성,33.28,1,1986,11000,20,2026,8,23
노원구,상계동,상계주공6(고층),58.01,11,1988,5000,130,2026,8,24
노원구,상계동,"상계주공15(고층,공무원임대)",49.94,1,1988,15392,0,2026,8,21
노원구,상계동,상계주공2(고층),32.39,15,1987,12000,26,2026,8,20
노원구,중계동,성원1,59.75,10,1996,48300,0,2026,8,22
노원구,상계동,상계주공11(고층),49.94,3,1988,27300,0,2026,8,21
노원구,상계동,상계주공13(고층),45.9,15,1989,18600,0,2026,8,22
노원구,상계동,수락산벨리체,114.92,7,2000,60000,50,2026,8,22
노원구,하계동,현대,84.95,3,1988,52500,0,2026,8,22
노원구,상계동,상계주공3(고층),59.2,7,1987,3000,90,2026,8,22
노원구,상계동,대림,93.75,13,1988,6500,200,2026,8,22
노원구,하계동,우성,84.91,8,1988,73000,0,2026,8,22
노원구,중계동,주공4,45.77,8,1991,13000,80,2026,8,7
노원구,월계동,미성,33.28,4,1986,1000,67,2026,8,22
노원구,월계동,미성,33.28,1,1986,11000,20,2026,8,23
노원구,하계동,한신1,44.52,5,1988,12000,70,2026,8,19
노원구,상계동,상계주공1(고층),49.94,12,1988,3000,150,2026,8,22
노원구,중계동,중계무지개,49.54,12,1991,3000,130,2026,8,21
노원구,상계동,상계주공1(고층),49.94,8,1988,18522,0,2026,8,22
노원구,중계동,금호타운(583),59.52,14,1997,10000,95,2026,8,22
노원구,상계동,상계주공1(고층),41.3,10,1988,25000,0,2026,8,22
노원구,중계동,주공5,38.64,7,1992,28000,0,2026,8,14
노원구,상계동,상계주공16(고층),45.77,12,1988,3000,110,2026,8,22
노원구,상계동,은빛2단지,39.7,14,1998,20000,25,2026,8,22
노원구,상계동,상계주공2(고층),59.28,10,1987,25000,50,2026,8,12
노원구,공릉동,태릉우성아파트,84.97,7,1985,43000,0,2026,8,23
노원구,중계동,건영3,84.9,3,1995,83470,0,2026,8,22
노원구,중계동,라이프,115.65,13,1993,90000,0,2026,8,21
노원구,상계동,수락리버시티3단지,49.93,11,2009,1784,33,2026,8,23
노원구,하계동,한신1,35.28,10,1988,2000,90,2026,8,8
노원구,상계동,상계주공1(고층),59.39,10,1988,34000,0,2026,8,20
노원구,상계동,"상계주공15(고층,공무원임대)",49.94,15,1988,17103,0,2026,8,23
노원구,중계동,중계현대2,71.76,3,1991,32150,0,2026,8,19
노원구,상계동,"상계주공15(고층,공무원임대)",49.94,3,1988,8551,25,2026,8,22
노원구,상계동,상계주공14(고층),41.3,9,1989,2000,100,2026,8,21
노원구,상계동,포레나노원,84.9014,10,2020,6000,280,2026,8,20
노원구,하계동,한신동성,112.24,2,1993,45000,140,2026,8,21
노원구,공릉동,삼익4단지아파트,49.5,5,1994,31000,0,2026,8,11
노원구,하계동,벽산,84.85,9,1988,60000,40,2026,8,21
노원구,공릉동,풍림아파트B,31.32,5,2001,1000,58,2026,8,13
노원구,공릉동,시영3차(라이프)아파트,34.44,7,1994,15750,0,2026,8,21
노원구,상계동,상계주공3(고층),58.01,8,1987,5000,140,2026,8,11
노원구,월계동,청백(774),34.44,3,1998,2246,5,2026,8,21
노원구,상계동,"상계주공15(고층,공무원임대)",49.94,12,1988,17103,0,2026,8,21
노원구,상계동,수락한신,59.95,3,1997,25000,0,2026,8,17
노원구,공릉동,공릉해링턴플레이스,99.917,12,2000,20000,180,2026,8,7
노원구,상계동,상계주공4(고층),41.3,1,1988,3000,90,2026,8,20
노원구,상계동,상계주공7(고층),49.94,7,1988,3000,130,2026,8,21
노원구,상계동,상계주공7(고층),58.01,6,1988,5000,110,2026,8,19
노원구,월계동,미성,50.14,2,1986,16000,50,2026,8,21
노원구,상계동,상계주공13(고층),49.94,6,1989,29000,0,2026,8,21
노원구,공릉동,공릉해링턴플레이스,99.917,12,2000,20000,180,2026,8,7
노원구,상계동,상계주공7(고층),41.3,5,1988,3000,120,2026,8,21
노원구,월계동,미성,33.28,4,1986,17000,0,2026,8,21
노원구,상계동,상계주공3(고층),59.39,7,1987,31500,0,2026,8,15
노원구,중계동,주공2,44.52,11,1992,25000,0,2026,8,8
노원구,하계동,청솔(시영7),59.87,4,1989,10000,105,2026,8,21
노원구,월계동,초안1,49.6,1,1998,23000,0,2026,8,20
노원구,상계동,노원센트럴푸르지오,84.999,6,2021,76000,0,2026,8,14
노원구,중계동,주공4,84.79,8,1991,15000,200,2026,8,11
노원구,상계동,상계주공7(고층),59.39,13,1988,39000,0,2026,8,21
노원구,상계동,동양엔파트,84.88,18,2003,55000,0,2026,8,20
노원구,상계동,상계주공12(고층),41.3,6,1988,3000,95,2026,8,21
노원구,상계동,벽산,43.35,7,1989,2000,100,2026,8,21
노원구,월계동,청백(774),34.44,5,1998,2246,5,2026,8,21
노원구,상계동,상계1차중앙하이츠,84.6,2,1997,41000,0,2026,8,14
노원구,월계동,사슴3,39.6,15,1995,18500,0,2026,8,21
노원구,상계동,불암현대,114.24,15,1999,65000,0,2026,8,12
노원구,상계동,상계주공3(고층),75.2,14,1987,45000,0,2026,8,13
노원구,중계동,주공5,38.64,14,1992,1000,100,2026,8,13
노원구,상계동,보람아파트,79.25,6,1988,6000,165,2026,8,21
노원구,월계동,한진한화그랑빌,59.94,10,2002,39900,0,2026,8,13
노원구,월계동,미륭,51.48,2,1986,26000,0,2026,8,15
노원구,중계동,주공2,44.52,15,1992,25000,0,2026,8,18
노원구,월계동,삼호4,50.18,13,1987,30000,0,2026,8,21
노원구,상계동,상계주공7(고층),41.3,14,1988,2000,90,2026,8,11
노원구,상계동,상계대림,59.67,11,1989,31500,0,2026,8,19
노원구,상계동,"상계주공15(고층,공무원임대)",49.94,8,1988,17103,0,2026,8,7
노원구,상계동,보람아파트,68.99,6,1988,37800,0,2026,8,19
노원구,월계동,미성,33.28,5,1986,10000,0,2026,8,21
노원구,월계동,삼호4,50.18,13,1987,30000,0,2026,8,21
노원구,중계동,롯데우성,101.88,1,1993,44000,145,2026,8,21
노원구,중계동,주공5,38.64,9,1992,6000,70,2026,8,10
노원구,중계동,주공5,38.64,14,1992,500,57,2026,8,13
노원구,하계동,건영,45.55,7,1988,6000,85,2026,8,7
노원구,공릉동,대동아파트2,84.81,6,1999,10000,123,2026,8,18
노원구,상계동,극동늘푸른,84.514,1,2000,47250,0,2026,8,21
노원구,상계동,수락리버시티3단지,49.93,6,2009,7032,13,2026,8,21
노원구,월계동,성원(사슴4),39.6,5,1995,18000,0,2026,8,20
노원구,하계동,한신1,27,8,1988,500,80,2026,8,21
노원구,월계동,삼호3,59.22,7,1986,3000,130,2026,8,9
노원구,상계동,상계주공2(고층),41.3,3,1987,5000,80,2026,8,20
노원구,월계동,삼호4,50.18,8,1987,20000,0,2026,8,13
노원구,중계동,주공7,44.1,12,1993,2000,90,2026,8,19
노원구,상계동,상계주공3(고층),75.2,6,1987,37800,0,2026,8,18
노원구,중계동,중계3벽산,59.88,15,1999,34608,0,2026,8,6
노원구,상계동,상계주공7(고층),41.3,14,1988,8000,60,2026,8,20
노원구,중계동,금호타운(583),84.98,10,1997,61900,0,2026,8,19
노원구,상계동,수락리버시티3단지,49.93,5,2009,7084,12,2026,8,20
노원구,공릉동,공릉해링턴플레이스,99.917,7,2000,65000,0,2026,8,19
노원구,상계동,상계주공9(고층),41.3,4,1988,1500,100,2026,8,20
노원구,월계동,미성,50.14,1,1986,31000,0,2026,8,19
노원구,상계동,"상계주공15(고층,공무원임대)",49.94,6,1988,3369,31,2026,8,18
노원구,상계동,건영,59.76,15,2003,26250,0,2026,8,14
노원구,월계동,청백(774),39.84,3,1998,1128,14,2026,8,20
노원구,중계동,중계그린1단지,49.5,7,1990,28000,0,2026,8,20
노원구,월계동,미륭,51.48,13,1986,4000,80,2026,8,20
노원구,상계동,상계주공13(고층),45.9,3,1989,18000,3,2026,8,3
노원구,공릉동,태강아파트(아이파크),59.34,8,1999,45000,0,2026,8,19
노원구,중계동,양지마을(대림)2,84.88,8,1999,58800,0,2026,8,20
노원구,상계동,상계주공4(고층),32.39,15,1988,10000,50,2026,8,18
노원구,상계동,상계주공14(고층),41.3,9,1989,2000,100,2026,8,8
노원구,중계동,양지마을(대림)2,84.88,8,1999,58800,0,2026,8,20
노원구,상계동,수락리버시티3단지,39.81,3,2009,5258,9,2026,8,20
노원구,상계동,상계주공5(저층),31.98,5,1987,1000,45,2026,8,19
노원구,상계동,수락리버시티4단지,39.81,10,2009,5258,9,2026,8,20
노원구,상계동,"상계주공15(고층,공무원임대)",41.3,14,1988,6077,13,2026,8,11
노원구,중계동,동진,38.79,4,1988,13000,30,2026,8,19
노원구,월계동,청백(774),34.44,15,1998,390,13,2026,8,20
노원구,중계동,한화꿈에그린TheFIRST,84.97,4,2014,22000,140,2026,8,15
노원구,중계동,주공2,44.52,15,1992,14000,0,2026,8,20
노원구,월계동,월계역신도브래뉴,84.5133,4,2005,47250,0,2026,8,20
노원구,공릉동,태강아파트(아이파크),49.6,15,1999,34650,0,2026,8,1
노원구,상계동,동아불암(1286-0),27,21,1999,939,14,2026,8,20
노원구,상계동,수락리버시티3단지,49.93,5,2009,4165,29,2026,8,20
노원구,상계동,노원센트럴푸르지오,39.016,6,2021,10343,28,2026,8,20
노원구,공릉동,진명비베레,14.1326,1,2012,500,44,2026,8,6
노원구,상계동,극동늘푸른,84.514,11,2000,50000,0,2026,8,18
노원구,하계동,미성,84.94,15,1989,47200,0,2026,8,18
노원구,상계동,상계주공9(고층),49.94,12,1988,33000,0,2026,8,18
노원구,공릉동,삼익포레스트아파트,84.6,15,1995,44500,0,2026,8,19
노원구,상계동,상계주공14(고층),49.94,15,1989,2500,90,2026,8,3
노원구,상계동,수락리버시티3단지,49.93,4,2009,7084,12,2026,8,19
노원구,중계동,중계무지개,59.26,5,1991,33600,0,2026,8,19
노원구,월계동,동원베네스트,59.854,12,2005,40000,0,2026,8,19
노원구,월계동,월계역신도브래뉴,84.5133,4,2005,47250,0,2026,8,20
노원구,상계동,중계센트럴파크,49.9,6,2016,6385,38,2026,8,20
노원구,상계동,"상계주공15(고층,공무원임대)",49.94,5,1988,3420,40,2026,8,19
노원구,상계동,"상계주공15(고층,공무원임대)",49.94,6,1988,13682,10,2026,8,19
노원구,상계동,"상계주공15(고층,공무원임대)",49.94,11,1988,17103,0,2026,8,19
노원구,상계동,상계주공6(고층),41.3,11,1988,28000,0,2026,8,14
노원구,상계동,상계주공7(고층),58.01,10,1988,23500,50,2026,8,19
노원구,상계동,상계주공12(고층),41.3,14,1988,16200,35,2026,8,11
노원구,공릉동,풍림아파트A,84.99,1,2001,45000,0,2026,8,19
노원구,상계동,수락리버시티3단지,114.69,1,2009,40880,0,2026,8,19
노원구,상계동,은빛1단지,59.95,13,1998,5000,120,2026,8,14
노원구,상계동,상계주공2(고층),32.39,12,1987,500,61,2026,8,6
노원구,상계동,보람아파트,54.59,4,1988,26250,0,2026,8,7
노원구,상계동,상계주공14(고층),49.94,4,1989,3000,120,2026,8,13
노원구,하계동,장미(시영6),49.5,9,1989,3000,75,2026,8,18
노원구,하계동,장미(시영6),59.22,10,1989,37500,0,2026,8,17
노원구,상계동,"상계주공15(고층,공무원임대)",49.94,13,1988,3420,40,2026,8,7
노원구,월계동,꿈의숲SKVIEW,84.96,9,2016,52500,0,2026,8,18
노원구,상계동,보람아파트,79.25,1,1988,42000,0,2026,8,19
노원구,하계동,건영,45.55,10,1988,19000,0,2026,8,12
노원구,공릉동,남광미르빌,73.38,4,2003,30000,0,2026,8,4
노원구,월계동,주공2,44.94,5,1992,2000,95,2026,8,15
노원구,중계동,대림벽산(363),141.45,7,1993,94500,0,2026,8,19
노원구,공릉동,진명비베레,13.9092,2,2012,7850,20,2026,8,19
노원구,상계동,상계1차중앙하이츠,59.82,9,1997,20000,85,2026,8,19
노원구,상계동,포레나노원,84.9728,9,2020,15000,220,2026,8,11
노원구,상계동,상계주공10(고층),49.94,1,1988,1500,85,2026,8,19
노원구,월계동,미성,50.14,9,1986,17364,0,2026,8,19
노원구,중계동,염광,59.34,18,1996,42000,0,2026,8,13
노원구,월계동,사슴3,39.6,15,1995,19677,0,2026,8,18
노원구,상계동,상계주공12(고층),49.94,10,1988,33000,0,2026,8,17
노원구,상계동,중계센트럴파크,49.9,10,2016,6385,38,2026,8,19
노원구,상계동,수락리버시티3단지,49.93,6,2009,7229,11,2026,8,19
노원구,월계동,꿈의숲SKVIEW,59.92,6,2016,40000,60,2026,8,11
노원구,상계동,상계주공10(고층),45.9,5,1988,19950,0,2026,8,15
노원구,상계동,동아불암(1286-0),27,1,1999,939,14,2026,8,19
노원구,월계동,월계역신도브래뉴,84.5133,4,2005,47250,0,2026,8,18
노원구,월계동,삼호4,59.49,8,1987,26618,0,2026,8,18
노원구,상계동,은빛3단지,33.87,14,1998,1073,12,2026,8,19
노원구,상계동,은빛3단지,33.87,8,1998,2314,5,2026,8,19
노원구,월계동,미륭,51.48,6,1986,3660,61,2026,8,8
노원구,공릉동,남광미르빌,73.38,4,2003,30000,0,2026,8,5
노원구,상계동,보람아파트,54.59,9,1988,27000,35,2026,8,19
노원구,상계동,수락리버시티3단지,114.69,13,2009,40880,0,2026,8,19
노원구,월계동,미성,50.14,14,1986,2000,115,2026,8,11
노원구,월계동,한진한화그랑빌,59.94,7,2002,36220,0,2026,8,19
노원구,중계동,신동아(366),115.35,14,1993,95000,0,2026,8,18
노원구,상계동,동아불암(1286-0),27,9,1999,939,14,2026,8,18
노원구,상계동,불암대림(207동),33,11,2000,1365,16,2026,8,19
노원구,상계동,불암대림(207동),33,6,2000,1365,16,2026,8,18
노원구,월계동,사슴3,39.6,15,1995,19677,0,2026,8,18
노원구,공릉동,비선아파트,59.74,11,1999,32414,0,2026,8,14
노원구,월계동,주공2,59.97,3,1992,25200,0,2026,8,18
노원구,월계동,미성,50.14,1,1986,25200,0,2026,8,18
노원구,공릉동,(683-30),20,9,2019,15500,0,2026,8,18
노원구,상계동,상계주공12(고층),41.3,14,1988,16200,35,2026,8,11
노원구,상계동,보람아파트,54.59,2,1988,34000,0,2026,8,17
노원구,상계동,은빛1단지,39.7,14,1998,18500,0,2026,8,12
노원구,상계동,은빛2단지,39.7,2,1998,13000,30,2026,8,14
노원구,하계동,청솔(시영7),39.78,7,1989,23100,0,2026,8,6
노원구,상계동,상계주공12(고층),41.3,5,1988,2000,110,2026,8,15
노원구,월계동,서광,84.61,3,1994,20000,150,2026,8,14
노원구,상계동,상계주공6(고층),32.39,9,1988,18000,35,2026,8,9
노원구,상계동,한신3차,60.44,11,1990,4000,105,2026,8,18
노원구,상계동,동아불암(1286-0),27,14,1999,939,14,2026,8,18
노원구,상계동,상계주공3(고층),58.01,14,1987,5000,84,2026,8,18
노원구,상계동,상계주공3(고층),68.86,7,1987,32500,0,2026,8,14
노원구,상계동,상계주공6(고층),58.01,11,1988,30000,0,2026,8,7
노원구,상계동,상계주공4(고층),49.94,5,1988,33000,0,2026,8,18
노원구,중계동,롯데우성,101.88,5,1993,93000,0,2026,8,14
노원구,중계동,주공2,44.52,9,1992,2000,90,2026,8,8
노원구,상계동,수락현대,84.74,2,1995,35000,30,2026,8,7
노원구,상계동,상계주공6(고층),58.01,7,1988,29000,0,2026,8,8
노원구,중계동,주공5,44.52,12,1992,26000,0,2026,8,18
노원구,중계동,중계그린1단지,59.87,11,1990,40000,0,2026,8,14
노원구,공릉동,풍림아파트A,84.99,9,2001,20000,170,2026,8,18
노원구,중계동,주공2,44.52,1,1992,2000,95,2026,8,17
노원구,월계동,성원(사슴4),39.6,9,1995,2000,85,2026,8,14
노원구,상계동,상계주공7(고층),45.55,14,1988,13000,30,2026,8,9
노원구,상계동,상계주공7(고층),41.3,6,1988,1000,100,2026,8,12
노원구,상계동,상계주공14(고층),49.94,7,1989,3000,75,2026,8,18
노원구,상계동,노원센트럴푸르지오,59.996,18,2021,54600,0,2026,8,17
노원구,중계동,양지마을(대림)2,114.81,2,1999,40000,100,2026,8,14
노원구,상계동,보람아파트,68.99,14,1988,35000,0,2026,8,14
노원구,상계동,소담빌,14.65,8,2014,500,60,2026,8,5
노원구,월계동,삼호4,50.18,1,1987,22000,0,2026,8,17
노원구,공릉동,태강아파트(아이파크),49.6,3,1999,36500,0,2026,8,15
노원구,상계동,상계주공11(고층),49.94,15,1988,2000,120,2026,8,15
노원구,상계동,상계주공2(고층),59.2,14,1987,31500,0,2026,8,17
노원구,중계동,현대(6차),59.84,10,2018,33600,0,2026,8,18
노원구,하계동,장미(시영6),49.5,13,1989,31500,0,2026,8,17
노원구,중계동,동진,38.79,4,1988,14700,0,2026,8,17
노원구,월계동,미성,33.28,1,1986,15200,20,2026,8,14
노원구,월계동,미륭,51.48,13,1986,22900,0,2026,8,16
노원구,상계동,상계주공2(고층),68.86,9,1987,13000,110,2026,8,15
노원구,상계동,불암대림(207동),33,2,2000,1365,16,2026,8,18
노원구,공릉동,공릉우성아파트,109.4,13,1995,60000,0,2026,8,10
노원구,상계동,은빛2단지,59.92,8,1998,38500,0,2026,8,17
노원구,공릉동,태강아파트(아이파크),49.6,13,1999,35700,0,2026,8,14
노원구,상계동,상계주공14(고층),45.9,9,1989,21000,0,2026,8,13
노원구,상계동,대망드림힐1,70.8818,11,2003,45000,0,2026,8,17
노원구,하계동,한신1,27,9,1988,20000,0,2026,8,13
노원구,월계동,월계흥화브라운빌,59.79,14,2004,38000,0,2026,8,17
노원구,중계동,중계무지개,49.54,15,1991,32000,0,2026,8,14
노원구,월계동,미성,50.14,9,1986,30000,0,2026,8,15
노원구,월계동,삼호4,50.18,8,1987,26000,0,2026,8,18
노원구,상계동,상계주공7(고층),45.77,1,1988,4000,90,2026,8,14
노원구,중계동,건영2,75.02,2,1991,25000,100,2026,8,14
노원구,상계동,상계주공1(고층),58.01,11,1988,5000,145,2026,8,17
노원구,월계동,미성,50.14,9,1986,30000,0,2026,8,15
노원구,월계동,삼호3,59.22,11,1986,22000,40,2026,8,12
노원구,상계동,"상계주공15(고층,공무원임대)",49.94,4,1988,16846,0,2026,8,18
노원구,상계동,"상계주공15(고층,공무원임대)",41.3,7,1988,10904,6,2026,8,7
노원구,월계동,월계센트럴아이파크,84.99,2,2020,50000,120,2026,8,17
노원구,상계동,노원롯데캐슬시그니처,59.996,25,2023,40000,90,2026,8,15
노원구,월계동,주공2,58.65,5,1992,30000,0,2026,8,15
노원구,상계동,상계주공4(고층),59.2,3,1988,33000,0,2026,8,17
노원구,상계동,"상계주공15(고층,공무원임대)",41.3,9,1988,13890,0,2026,8,18
노원구,상계동,"상계주공15(고층,공무원임대)",49.94,12,1988,17103,0,2026,8,18
노원구,상계동,"상계주공15(고층,공무원임대)",41.3,5,1988,2778,32,2026,8,15
노원구,월계동,미륭,51.48,4,1986,2000,65,2026,8,15
노원구,상계동,"상계주공15(고층,공무원임대)",41.3,9,1988,2778,32,2026,8,17
노원구,월계동,미성,50.14,14,1986,32000,0,2026,8,15
노원구,월계동,미성,33.28,1,1986,17000,0,2026,8,14
노원구,중계동,신동아(366),115.35,5,1993,100000,0,2026,8,14
노원구,중계동,주공7,44.1,4,1993,2000,105,2026,8,14
노원구,하계동,청솔(시영7),59.22,10,1989,31500,0,2026,8,10
노원구,상계동,상계주공3(고층),38,8,1987,15000,0,2026,8,14
노원구,중계동,상아,51.29,4,1989,40000,0,2026,8,14
노원구,상계동,상계주공14(고층),49.94,5,1989,25200,0,2026,8,12
노원구,상계동,상계주공10(고층),49.94,6,1988,24150,0,2026,8,12
노원구,상계동,상계주공4(고층),32.39,14,1988,22000,0,2026,8,14
노원구,중계동,중계무지개,49.54,11,1991,2000,70,2026,8,14
노원구,상계동,상계주공4(고층),32.39,11,1988,3000,63,2026,8,14
노원구,상계동,상계대림,59.67,5,1989,15000,70,2026,8,11
노원구,중계동,금호타운(583),84.98,9,1997,63000,0,2026,8,14
노원구,상계동,상계주공13(고층),49.94,15,1989,19360,0,2026,8,7
노원구,공릉동,풍림아파트B,31.32,12,2001,1000,70,2026,8,11
노원구,하계동,한신2,35.28,9,1988,2000,70,2026,8,14
노원구,공릉동,남광미르빌,73.38,4,2003,30000,0,2026,8,14
노원구,중계동,중계무지개,49.54,7,1991,30000,40,2026,8,14
노원구,상계동,보람아파트,54.59,4,1988,27000,0,2026,8,14
노원구,상계동,상계주공11(고층),60.5,6,1988,25000,0,2026,8,12
노원구,중계동,주공2,44.52,2,1992,17850,0,2026,8,11
노원구,중계동,비콘드림힐(602),84.986,2,2005,58000,0,2026,8,14
노원구,중계동,성원1,59.75,13,1996,43500,0,2026,8,13
노원구,상계동,상계주공14(고층),45.9,14,1989,10000,60,2026,8,14
노원구,월계동,삼호4,50.18,5,1987,14700,0,2026,8,11
노원구,중계동,주공8,49.72,12,1993,29400,0,2026,8,8
노원구,중계동,주공8,49.72,12,1993,29400,0,2026,8,8
노원구,월계동,한진한화그랑빌,84.97,10,2002,57881,0,2026,8,14
노원구,상계동,상계주공1(고층),58.01,11,1988,3000,66,2026,8,14
노원구,상계동,상계주공2(고층),58.01,4,1987,3000,85,2026,8,6
노원구,상계동,상계주공3(고층),68.86,3,1987,48000,0,2026,8,10
노원구,월계동,삼호3,59.22,5,1986,32500,0,2026,8,2
노원구,상계동,불암현대아파트(106동),27,19,1999,856,13,2026,8,14
노원구,상계동,상계주공3(고층),75.2,7,1987,36700,0,2026,8,8
노원구,상계동,한양,86.62,3,1988,25000,140,2026,8,7
노원구,상계동,상계주공4(고층),32.39,3,1988,22000,0,2026,8,13
노원구,중계동,중계그린1단지,49.5,4,1990,2000,82,2026,8,14
노원구,중계동,중계무지개,49.54,10,1991,34500,0,2026,8,13
노원구,공릉동,태강아파트(아이파크),49.6,15,1999,34650,0,2026,8,10
노원구,상계동,"상계주공15(고층,공무원임대)",49.94,13,1988,17103,0,2026,8,13
노원구,하계동,우성,84.91,1,1988,39000,100,2026,8,8
노원구,중계동,동진,38.79,3,1988,12000,0,2026,8,13
노원구,상계동,상계주공9(고층),45.55,2,1988,16800,0,2026,8,13
노원구,중계동,염광,131.25,8,1996,40000,150,2026,8,8
노원구,하계동,한신2,44.52,4,1988,2000,100,2026,8,13
노원구,상계동,상계주공4(고층),32.39,15,1988,1000,75,2026,8,12
노원구,하계동,하계2현대,75.35,5,1997,60000,0,2026,8,13
노원구,월계동,미성,33.28,3,1986,1000,58,2026,8,13
노원구,중계동,주공5,44.94,4,1992,17357,0,2026,8,12
노원구,하계동,연해피빌,21.22,2,2019,9000,8,2026,8,13
노원구,월계동,삼호3,59.22,7,1986,34000,0,2026,8,13
노원구,중계동,주공6,44.1,3,1993,2000,100,2026,8,13
노원구,상계동,상계주공9(고층),45.9,10,1988,20000,0,2026,8,6
노원구,중계동,중계그린1단지,49.5,6,1990,2000,130,2026,8,9
노원구,하계동,한신1,27,10,1988,1000,75,2026,8,13
노원구,공릉동,대동아파트2,59.34,7,1999,2000,115,2026,8,4
노원구,중계동,청구3,84.77,9,1996,76650,0,2026,8,13
노원구,하계동,한신1,27,10,1988,1000,75,2026,8,13
노원구,상계동,상계우방유쉘,84.94,1,2000,43000,0,2026,8,13
노원구,상계동,소담빌,14.65,3,2014,500,60,2026,8,12
노원구,하계동,장미(시영6),39.78,5,1989,18680,0,2026,8,10
노원구,중계동,주공10,58.14,2,1995,5000,120,2026,8,8
노원구,하계동,미성,57.97,11,1989,40000,0,2026,8,11
노원구,상계동,상계주공6(고층),37.46,3,1988,19950,0,2026,8,13
노원구,중계동,건영3,84.9,2,1995,80000,0,2026,8,10
노원구,중계동,목화(4단지),39.96,1,1991,736,11,2026,8,13
노원구,상계동,상계주공6(고층),58.01,7,1988,13000,110,2026,8,13
노원구,상계동,상계주공3(고층),59.2,8,1987,19700,45,2026,8,13
노원구,상계동,상계주공2(고층),32.39,7,1987,1000,53,2026,8,13
노원구,상계동,상계주공4(고층),32.39,10,1988,1000,90,2026,8,12
노원구,공릉동,미라쉘,16.69,6,2018,1000,66,2026,8,11
노원구,중계동,주공5,44.52,15,1992,2000,120,2026,8,11
노원구,중계동,주공4,76.51,6,1991,45000,0,2026,8,12
노원구,공릉동,진명비베레,13.9092,2,2012,8050,20,2026,8,11
노원구,공릉동,한일휴니스빌,13.92,6,2013,1000,68,2026,8,12
노원구,상계동,노원센트럴푸르지오,84.999,17,2021,67000,0,2026,8,12
노원구,중계동,중계그린1단지,39.78,12,1990,34000,0,2026,8,11
노원구,상계동,동양엔파트,84.98,7,2003,13000,170,2026,8,1
노원구,상계동,상계주공14(고층),59.39,9,1989,42000,0,2026,8,12
노원구,상계동,상계주공14(고층),41.3,3,1989,4000,100,2026,8,12
노원구,상계동,상계주공2(고층),37.46,4,1987,18520,0,2026,8,13
노원구,월계동,현대,59.95,22,2000,46000,0,2026,8,13
노원구,상계동,상계주공10(고층),49.94,11,1988,17000,65,2026,8,6
노원구,공릉동,공릉아파트,39.84,9,1999,3402,8,2026,8,12
노원구,상계동,상계주공4(고층),41.3,8,1988,3000,95,2026,8,8
노원구,월계동,삼호3,59.22,14,1986,24150,0,2026,8,12
노원구,상계동,상계주공4(고층),41.3,2,1988,25000,0,2026,8,11
노원구,공릉동,태강아파트(아이파크),49.6,12,1999,4000,84,2026,8,12
노원구,상계동,한일유앤아이,114.882,10,2005,70000,0,2026,8,12
노원구,상계동,상계2차중앙하이츠,84.6,10,1998,25000,115,2026,8,11
노원구,하계동,장미(시영6),39.92,12,1989,22000,0,2026,8,12
노원구,중계동,건영3,84.9,1,1995,73500,0,2026,8,11
노원구,상계동,보람아파트,54.59,2,1988,2000,100,2026,8,12
노원구,상계동,한일유앤아이,59.877,17,2005,41000,0,2026,8,11
노원구,월계동,월계센트럴아이파크,59.99,11,2020,42400,0,2026,8,11
노원구,하계동,학여울청구,59.4,4,1999,33400,0,2026,8,8
노원구,상계동,은빛1단지,39.7,14,1998,18500,0,2026,8,12
노원구,상계동,한신4차,84.84,6,1995,42000,0,2026,8,12
노원구,상계동,상계주공14(고층),45.9,6,1989,18900,0,2026,8,11
노원구,상계동,비콘드림힐2,70.4,5,2005,8000,150,2026,8,7
노원구,상계동,보람아파트,68.99,6,1988,40000,0,2026,8,1
노원구,상계동,포레나노원,74.9561,10,2020,73500,0,2026,8,11
노원구,공릉동,비선아파트,59.74,3,1999,40000,0,2026,8,11
노원구,상계동,상계주공7(고층),45.9,1,1988,10000,70,2026,8,12
노원구,상계동,비콘드림힐2,70.4,5,2005,8000,150,2026,8,7
노원구,상계동,"상계주공15(고층,공무원임대)",49.94,10,1988,5130,35,2026,8,12
노원구,월계동,미성,33.28,4,1986,16000,0,2026,8,8
노원구,하계동,장미(시영6),49.5,5,1989,2000,86,2026,8,11
노원구,상계동,"상계주공15(고층,공무원임대)",49.94,4,1988,17103,0,2026,8,12
노원구,월계동,주공2,58.65,7,1992,40000,0,2026,8,11
노원구,중계동,건영3,84.9,8,1995,65000,80,2026,8,12
노원구,공릉동,주완위즈빌2,77.43,4,2005,29000,0,2026,8,11
노원구,상계동,보람아파트,68.99,10,1988,40000,0,2026,8,12
노원구,월계동,주공2,38.64,1,1992,22000,0,2026,8,11
노원구,상계동,상계주공4(고층),41.3,6,1988,2000,95,2026,8,11
노원구,상계동,보람아파트,54.59,8,1988,30000,0,2026,8,7
노원구,상계동,"상계주공15(고층,공무원임대)",41.3,3,1988,9541,9,2026,8,11
노원구,상계동,"상계주공15(고층,공무원임대)",41.3,15,1988,2778,32,2026,8,11
노원구,공릉동,청솔아파트8,84.65,5,2000,48000,0,2026,8,11
노원구,월계동,초안2,39.6,5,1997,14300,0,2026,8,10
노원구,상계동,상계주공7(고층),58.01,14,1988,3000,150,2026,8,11
노원구,월계동,꿈의숲SKVIEW,84.93,10,2016,69000,0,2026,8,8
노원구,상계동,보람아파트,44.33,6,1988,1500,90,2026,8,8
노원구,상계동,상계주공9(고층),49.94,6,1988,2000,69,2026,8,11
노원구,상계동,상계주공2(고층),58.01,6,1987,25000,65,2026,8,10
노원구,중계동,주공2,44.52,4,1992,10000,0,2026,8,3
노원구,공릉동,효성아파트,73.18,2,1995,30000,0,2026,8,8
노원구,상계동,상계주공11(고층),59.2,8,1988,10000,60,2026,8,1
노원구,상계동,삼성,68.71,3,2003,20000,7,2026,8,10
노원구,상계동,상계주공11(고층),60.5,11,1988,23140,0,2026,8,10
노원구,월계동,미륭,51.48,3,1986,35000,0,2026,8,11
노원구,중계동,주공2,44.52,6,1992,22050,0,2026,8,7
노원구,공릉동,비선아파트,48.6,15,1999,3000,130,2026,8,8
노원구,상계동,상계주공13(고층),45.9,3,1989,18000,3,2026,8,3
노원구,중계동,주공2,44.52,10,1992,2000,73,2026,8,1
노원구,공릉동,공릉1단지아파트,24.79,11,1994,178,4,2026,8,11
노원구,상계동,"상계주공15(고층,공무원임대)",49.94,9,1988,17103,0,2026,8,11
노원구,하계동,한신1,27,1,1988,1500,62,2026,8,11
노원구,월계동,미성,50.14,10,1986,26250,0,2026,8,8
노원구,중계동,주공5,38.64,11,1992,20000,0,2026,8,8
노원구,상계동,상계주공2(고층),68.86,6,1987,35700,0,2026,8,8
노원구,상계동,상계주공10(고층),45.9,15,1988,17850,0,2026,8,8
노원구,하계동,청구,70.69,4,1988,57000,0,2026,8,10
노원구,하계동,청솔(시영7),39.92,7,1989,26500,0,2026,8,7
노원구,중계동,주공7,44.1,4,1993,13000,35,2026,8,8
노원구,상계동,두산,67.43,5,1994,42000,0,2026,8,10
노원구,상계동,"상계주공15(고층,공무원임대)",49.94,14,1988,5130,35,2026,8,10
노원구,공릉동,공릉1단지아파트,24.79,8,1994,534,7,2026,8,11
노원구,상계동,상계주공9(고층),45.9,15,1988,25000,0,2026,8,11
노원구,상계동,노원롯데캐슬시그니처,43.593,12,2023,4756,7,2026,8,10
노원구,공릉동,한일휴니스빌,14.925,19,2013,10500,10,2026,8,8
노원구,공릉동,태릉입구역청년주택YNTOWER,16.3,15,2021,4630,36,2026,8,7
노원구,상계동,상계주공7(고층),41.3,4,1988,23000,0,2026,8,10
노원구,하계동,청솔(시영7),59.22,10,1989,31500,0,2026,8,10
노원구,공릉동,한일휴니스빌,15.555,16,2013,1000,60,2026,8,10
노원구,공릉동,태강아파트(아이파크),59.34,8,1999,45000,0,2026,8,8
노원구,공릉동,우방아파트,60.502,3,2000,42000,0,2026,8,8
노원구,상계동,상계주공10(고층),49.94,2,1988,32000,0,2026,8,10
노원구,중계동,주공2,44.52,12,1992,500,100,2026,8,6
노원구,상계동,노원롯데캐슬시그니처,39.038,12,2023,4271,7,2026,8,10
노원구,월계동,현대,59.95,8,2000,43000,0,2026,8,10
노원구,중계동,주공5,58.46,14,1992,38000,0,2026,8,4
노원구,상계동,노원롯데캐슬시그니처,43.593,3,2023,4756,7,2026,8,10
노원구,상계동,상계주공13(고층),41.3,4,1989,13800,0,2026,8,6
노원구,상계동,상계주공7(고층),49.94,10,1988,5000,130,2026,8,10
노원구,상계동,상계주공13(고층),49.94,6,1989,28000,0,2026,8,8
노원구,중계동,중앙하이츠,84.21,14,1998,20000,140,2026,8,8
노원구,중계동,주공5,44.52,14,1992,2000,90,2026,8,7
노원구,중계동,주공5,58.46,8,1992,36750,0,2026,8,10
노원구,상계동,노원센트럴푸르지오,59.996,11,2021,55000,50,2026,8,8
노원구,하계동,하계2현대,75.35,2,1997,52500,0,2026,8,8
노원구,중계동,양지마을(대림)2,84.88,12,1999,65000,20,2026,8,8
노원구,상계동,불암현대,84.9,17,1999,45500,0,2026,8,8
노원구,상계동,청암2단지,49.77,1,2001,30000,0,2026,8,7
노원구,공릉동,현대성우아파트,59.98,3,2000,13100,60,2026,8,8
노원구,상계동,상계주공6(고층),59.2,10,1988,36000,0,2026,8,8
노원구,상계동,상계주공7(고층),79.07,4,1988,20000,60,2026,8,10
노원구,중계동,삼성,59.9,8,1999,40000,0,2026,8,8
노원구,상계동,상계주공6(고층),59.2,5,1988,19900,0,2026,8,8
노원구,상계동,상계주공7(고층),45.55,13,1988,25000,0,2026,8,8
노원구,공릉동,공릉1단지아파트,24.79,8,1994,534,7,2026,8,10
노원구,월계동,한진한화그랑빌,59.94,20,2002,47250,0,2026,8,8
노원구,월계동,한진한화그랑빌,59.94,20,2002,47250,0,2026,8,8
노원구,상계동,상계주공4(고층),41.3,1,1988,20000,0,2026,8,8
노원구,월계동,주공2,38.64,9,1992,17850,0,2026,8,8
노원구,상계동,상계1차현대아파트,83.92,3,1993,30000,55,2026,8,8
노원구,상계동,두산,58.65,11,1994,32500,0,2026,8,8
노원구,월계동,대동,59.76,5,1997,43000,0,2026,8,9
노원구,월계동,청백4,59.4,14,1998,26000,0,2026,8,8
노원구,공릉동,삼익4단지아파트,49.5,6,1994,32500,0,2026,8,9
노원구,상계동,상계주공4(고층),38,9,1988,23000,0,2026,8,8
노원구,상계동,상계주공6(고층),41.3,8,1988,26500,0,2026,8,8
노원구,중계동,건영2,84.96,9,1991,57000,0,2026,8,8
노원구,중계동,경남,84.97,10,1989,55000,0,2026,8,6
노원구,하계동,한신동성,138.29,9,1993,75000,30,2026,8,8
노원구,상계동,상계주공1(고층),59.2,6,1988,32000,0,2026,8,7
노원구,공릉동,공릉아파트,33.18,10,1999,2864,6,2026,8,10
노원구,상계동,상계주공10(고층),45.9,8,1988,27000,0,2026,8,7
노원구,상계동,"상계주공15(고층,공무원임대)",49.94,5,1988,17103,0,2026,8,7
노원구,상계동,상계주공16(고층),58.01,7,1988,15000,80,2026,8,8
노원구,월계동,성원(사슴4),39.6,6,1995,3000,90,2026,8,2
노원구,월계동,우남그랜드,84.73,2,2001,55000,0,2026,8,6
노원구,중계동,주공2,44.52,2,1992,2000,95,2026,8,7
노원구,공릉동,시영2단지(라이프)아파트,34.44,2,1994,22000,0,2026,8,1
노원구,상계동,"상계주공15(고층,공무원임대)",49.94,4,1988,16846,0,2026,8,7
노원구,중계동,건영3,84.9,13,1995,60000,40,2026,8,7
노원구,중계동,건영3,84.9,13,1995,60000,40,2026,8,7
노원구,하계동,장미(시영6),39.92,5,1989,2000,80,2026,8,6
노원구,상계동,"상계주공15(고층,공무원임대)",41.3,13,1988,9541,9,2026,8,7
노원구,중계동,주공5,44.94,12,1992,940,100,2026,8,7
노원구,상계동,"상계주공15(고층,공무원임대)",41.3,13,1988,9724,5,2026,8,7
노원구,중계동,주공6,44.1,1,1993,1000,100,2026,8,6
노원구,상계동,청암2단지,59.4,7,2001,34500,0,2026,8,7
노원구,상계동,"상계주공15(고층,공무원임대)",49.94,10,1988,11972,15,2026,8,7
노원구,중계동,중계그린1단지,39.91,1,1990,3000,90,2026,8,1
노원구,중계동,중계그린1단지,39.78,8,1990,4000,64,2026,8,7
노원구,공릉동,태강아파트(아이파크),59.34,2,1999,500,30,2026,8,6
노원구,중계동,금호타운(583),84.98,14,1997,48000,10,2026,8,7
노원구,월계동,꿈의숲SKVIEW,59.96,13,2016,50000,0,2026,8,6
노원구,중계동,주공5,44.94,1,1992,20000,10,2026,8,7
노원구,상계동,은빛1단지,59.95,1,1998,31500,0,2026,8,7
노원구,월계동,미륭,51.48,14,1986,2000,100,2026,8,7
노원구,월계동,대동,59.76,4,1997,28000,0,2026,8,7
노원구,공릉동,태릉우성아파트,84.97,3,1985,45000,0,2026,8,7
노원구,월계동,현대,59.95,13,2000,36750,0,2026,8,7
노원구,중계동,중계무지개,39.82,6,1991,20000,20,2026,8,7
노원구,월계동,삼호3,59.22,1,1986,36000,0,2026,8,7
노원구,상계동,상계주공14(고층),45.9,8,1989,20000,0,2026,8,6
노원구,상계동,"상계주공15(고층,공무원임대)",41.3,12,1988,11112,8,2026,8,7
노원구,공릉동,풍림아파트A,59.94,19,2001,15000,71,2026,8,7
노원구,중계동,주공2,44.52,11,1992,21000,0,2026,8,7
노원구,상계동,상계주공9(고층),58.01,5,1988,31500,0,2026,8,6
노원구,중계동,중계그린1단지,59.22,12,1990,3000,89,2026,8,7
노원구,공릉동,진명비베레,13.7456,1,2012,500,45,2026,8,7
노원구,월계동,미성,50.14,14,1986,28000,0,2026,8,4
노원구,상계동,벽산,46.8,12,1989,2000,80,2026,8,6
노원구,상계동,상계주공2(고층),60.5,3,1987,21210,0,2026,8,7
노원구,상계동,"상계주공15(고층,공무원임대)",49.94,15,1988,5130,35,2026,8,6
노원구,상계동,"상계주공15(고층,공무원임대)",41.3,5,1988,11112,8,2026,8,1
노원구,상계동,"상계주공15(고층,공무원임대)",49.94,1,1988,15392,0,2026,8,6
노원구,상계동,"상계주공15(고층,공무원임대)",49.94,13,1988,17103,0,2026,8,6
노원구,상계동,"상계주공15(고층,공무원임대)",49.94,15,1988,16846,0,2026,8,4
노원구,상계동,"상계주공15(고층,공무원임대)",49.94,12,1988,17103,0,2026,8,4
노원구,상계동,상계현대3차,84.96,13,1999,17000,110,2026,8,5
노원구,중계동,상아,114.57,8,1989,63000,0,2026,8,6
노원구,공릉동,풍림아파트B,31.32,8,2001,1000,65,2026,8,4
노원구,상계동,상계주공14(고층),49.94,11,1989,3000,80,2026,8,6
노원구,상계동,은빛2단지,59.95,3,1998,30000,40,2026,8,5
노원구,중계동,한화꿈에그린TheFIRST,84.97,4,2014,70350,0,2026,8,3
노원구,중계동,중계무지개,49.54,2,1991,32000,0,2026,8,6
노원구,상계동,상계주공13(고층),45.9,9,1989,16800,0,2026,8,6
노원구,상계동,상계주공9(고층),45.9,7,1988,24500,0,2026,8,6
노원구,월계동,미성,50.14,13,1986,23100,0,2026,8,6
노원구,상계동,중계센트럴파크,84.55,10,2016,71000,0,2026,8,2
노원구,상계동,상계주공1(고층),41.3,9,1988,2000,95,2026,8,6
노원구,중계동,중계그린1단지,44.1,9,1990,22438,0,2026,8,6
노원구,중계동,주공5,44.94,9,1992,21000,0,2026,8,6
노원구,중계동,중계그린1단지,49.85,12,1990,27800,0,2026,8,6
노원구,중계동,중계그린1단지,39.92,15,1990,20000,25,2026,8,5
노원구,중계동,중계무지개,39.82,2,1991,21000,0,2026,8,6
노원구,상계동,상계주공2(고층),41.3,15,1987,500,64,2026,8,5
노원구,월계동,삼호3,59.22,11,1986,21890,0,2026,8,6
노원구,상계동,상계주공9(고층),45.9,12,1988,28000,0,2026,8,6
노원구,상계동,중계센트럴파크,84.55,10,2016,71000,0,2026,8,2
노원구,상계동,상계주공16(고층),58.01,10,1988,23100,0,2026,8,5
노원구,하계동,하계2현대,84.51,13,1997,50000,80,2026,8,5
노원구,상계동,"상계주공15(고층,공무원임대)",49.94,4,1988,13682,10,2026,8,5
노원구,월계동,주공2,44.52,10,1992,14110,35,2026,8,4
노원구,상계동,상계대림e편한세상,83.68,12,2002,45000,0,2026,8,5
노원구,상계동,한신3차,84.59,7,1990,43000,0,2026,8,5
노원구,공릉동,태릉입구역청년주택YNTOWER,16.3,15,2021,5400,44,2026,8,5
노원구,상계동,"상계주공15(고층,공무원임대)",49.94,1,1988,3078,36,2026,8,4
노원구,상계동,"상계주공15(고층,공무원임대)",49.94,7,1988,13476,8,2026,8,4
노원구,상계동,상계주공10(고층),59.39,8,1988,18000,50,2026,8,5
노원구,상계동,"상계주공15(고층,공무원임대)",41.3,7,1988,13890,0,2026,8,5
노원구,상계동,보람아파트,79.25,6,1988,50000,0,2026,8,3
노원구,상계동,대망드림힐1,67.239,13,2003,45000,0,2026,8,4
노원구,상계동,상계주공1(고층),59.2,10,1988,32000,0,2026,8,3
노원구,하계동,현대,71.68,5,1988,15000,160,2026,8,4
노원구,상계동,상계주공1(고층),59.28,13,1988,26250,0,2026,8,1
노원구,공릉동,(683-30),20,8,2019,15500,0,2026,8,3
노원구,하계동,청솔(시영7),49.85,1,1989,6000,60,2026,8,1
노원구,중계동,중계그린1단지,39.78,11,1990,4000,63,2026,8,4
노원구,상계동,노원센트럴푸르지오,59.996,1,2021,35000,60,2026,8,2
노원구,상계동,한신1차,84.92,5,1987,40000,0,2026,8,3
노원구,상계동,"상계주공15(고층,공무원임대)",41.3,3,1988,4167,28,2026,8,2
노원구,상계동,"상계주공15(고층,공무원임대)",49.94,12,1988,3420,40,2026,8,3
노원구,상계동,상계주공9(고층),49.94,1,1988,26250,0,2026,8,4
노원구,상계동,벽산,59.9,12,1989,10000,53,2026,8,3
노원구,상계동,상계주공9(고층),49.94,9,1988,9000,41,2026,8,1
노원구,월계동,삼호3,59.22,14,1986,28350,0,2026,8,1
노원구,중계동,진로유통조합대림,84.94,1,1992,50000,0,2026,8,1
노원구,상계동,벽산,46.8,11,1989,22500,0,2026,8,1
노원구,공릉동,공릉2신도브래뉴아파트,72.73,17,2002,46725,0,2026,8,1
노원구,공릉동,공릉동한보에센시티아파트,59.4,7,2000,37000,0,2026,8,1
노원구,상계동,한양,86.62,5,1988,47700,0,2026,8,1
노원구,중계동,삼성,59.9,15,1999,25000,60,2026,8,3
노원구,상계동,상계주공13(고층),41.3,12,1989,300,40,2026,8,1
노원구,상계동,상계주공7(고층),45.9,15,1988,19090,0,2026,8,3
노원구,상계동,"상계주공15(고층,공무원임대)",41.3,5,1988,2778,32,2026,8,2
노원구,중계동,중계그린1단지,44.1,6,1990,31500,0,2026,8,1
노원구,상계동,상계주공4(고층),84.2,4,1988,49000,0,2026,8,1
노원구,상계동,상계주공4(고층),84.2,4,1988,49000,0,2026,8,1
노원구,상계동,"상계주공15(고층,공무원임대)",49.94,15,1988,17103,0,2026,8,3
노원구,상계동,상계주공9(고층),41.3,14,1988,23600,0,2026,8,1
노원구,중계동,건영2,84.96,8,1991,10000,160,2026,8,1
노원구,상계동,"상계주공15(고층,공무원임대)",41.3,5,1988,11112,8,2026,8,1
노원구,상계동,"상계주공15(고층,공무원임대)",49.94,14,1988,3420,40,2026,8,2
은평구,수색동,DMC롯데캐슬더퍼스트,84.87,6,2021,74000,0,2026,8,22
은평구,수색동,DMC아트포레자이,59.9,8,2026,63000,0,2026,8,19
은평구,신사동,응암역효성해링턴플레이스,59.99,2,2019,10000,150,2026,8,22
은평구,불광동,북한산힐스테이트1차아파트,59.817,5,2009,48000,0,2026,8,5
은평구,진관동,박석고개1단지힐스테이트(112~115동)BL2-13,101.76,6,2008,75000,0,2026,8,1
은평구,응암동,녹번역e편한세상캐슬,59.97,8,2021,53445,0,2026,8,10
은평구,응암동,백련산에스케이뷰아이파크,59.9335,7,2020,59000,0,2026,8,4
은평구,응암동,녹번역e편한세상캐슬,59.96,5,2021,52000,0,2026,8,5
은평구,녹번동,래미안베라힐즈,84.95,18,2019,78000,0,2026,8,1
은평구,대조동,베르디움STAY1,36.2275,7,2022,21200,12,2026,8,31
은평구,불광동,북한산힐스테이트1차아파트,59.817,5,2009,49000,0,2026,8,31
은평구,증산동,DMC센트럴자이(2단지),59.97,19,2023,80000,0,2026,8,5
은평구,진관동,은평뉴타운꿈에그린,59.92,8,2018,60000,0,2026,8,30
은평구,불광동,북한산한양수자인아파트,59.69,3,2006,42000,0,2026,8,28
은평구,응암동,녹번역e편한세상캐슬,59.94,4,2021,10000,211,2026,8,29
은평구,증산동,DMC센트럴자이(2단지),39.48,9,2023,8810,30,2026,8,31
은평구,구산동,구산주택,17.7,15,2022,5300,39,2026,8,31
은평구,증산동,DMC우방,84.99,9,2000,56700,0,2026,8,29
은평구,증산동,DMC센트럴자이(2단지),39.48,1,2023,10762,29,2026,8,29
은평구,수색동,DMC아트포레자이,59.9,14,2026,5000,170,2026,8,29
은평구,수색동,청구,84.76,6,2000,36600,95,2026,8,16
은평구,응암동,녹번역e편한세상캐슬,59.96,13,2021,10000,211,2026,8,22
은평구,응암동,녹번역e편한세상캐슬,44.85,7,2021,54600,0,2026,8,8
은평구,응암동,힐스테이트녹번역,59.99,16,2022,70000,0,2026,8,29
은평구,응암동,신동아,52.71,12,1990,34000,0,2026,8,24
은평구,증산동,DMC센트럴자이(2단지),39.48,5,2023,9684,26,2026,8,28
은평구,응암동,녹번역e편한세상캐슬,59.96,4,2021,20000,171,2026,8,20
은평구,증산동,DMC센트럴자이(4단지),40.21,13,2023,10954,29,2026,8,30
은평구,불광동,북한산한양수자인아파트,59.69,5,2006,20000,100,2026,8,29
은평구,대조동,메트하임,14.03,10,2020,1000,80,2026,8,30
은평구,갈현동,THESTUDIO163,17.89,13,2024,7800,36,2026,8,31
은평구,대조동,대조동아트캐슬주상복합,84.8,6,2010,50400,0,2026,8,28
은평구,진관동,폭포동4단지힐스테이트(401~407동)임대BL2-10,84.97,5,2010,21748,0,2026,8,31
은평구,구산동,경향파크,84.06,11,1989,20000,60,2026,8,29
은평구,역촌동,청운퀸즈,76.705,5,2001,39000,0,2026,8,31
은평구,신사동,현대1,84.17,9,1997,5000,200,2026,8,10
은평구,진관동,은평뉴타운 제각말 푸르지오(5-1단지),84.89,1,2010,51000,0,2026,8,22
은평구,진관동,구파발9단지래미안(901~915동)임대BL3-3,49.89,4,2010,10980,6,2026,8,31
은평구,갈현동,호림리슈리안아파트,56.7496,6,2022,44000,0,2026,8,11
은평구,녹번동,힐스테이트녹번,84.9,19,2019,45000,72,2026,8,29
은평구,진관동,은평뉴타운엘크루,59.98,7,2017,20000,140,2026,8,15
은평구,불광동,대호프라자아파트,84.65,6,2000,50000,0,2026,8,29
은평구,수색동,DMC롯데캐슬더퍼스트,84.87,5,2021,62400,0,2026,8,29
은평구,진관동,상림마을6단지푸르지오(601~605동)BL1-8,84.79,3,2008,10000,210,2026,8,30
은평구,진관동,구파발10단지어울림(1011~1019동)BL3-1,166.19,4,2010,60500,0,2026,8,26
은평구,응암동,백련산힐스테이트2차,84.59,9,2011,57000,0,2026,8,29
은평구,진관동,폭포동4단지힐스테이트(401~407동)임대BL2-10,84.95,19,2010,21748,0,2026,8,31
은평구,응암동,e편한세상백련산,84.72,14,2022,69000,0,2026,8,29
은평구,진관동,힐데스하임,42.24,9,2017,3000,142,2026,8,30
은평구,진관동,상림마을7단지아이파크(702~705동)BL1-4,59.8,5,2008,16189,0,2026,8,21
은평구,진관동,마고정3단지센트레빌(301~309동)BL2-11,134.96,8,2009,84000,0,2026,8,28
은평구,녹번동,힐스테이트녹번,59.938,6,2019,60000,40,2026,8,26
은평구,대조동,서경아파트(15-58),24.98,7,2020,25700,0,2026,8,15
은평구,대조동,DasHaus,20.05,7,2013,2000,52,2026,8,10
은평구,구산동,갈현현대,84.83,2,1998,20000,80,2026,8,7
은평구,증산동,DMC센트럴자이(4단지),40.21,17,2023,11018,29,2026,8,28
은평구,녹번동,래미안베라힐즈,59.98,3,2019,20000,190,2026,8,28
은평구,대조동,DasHaus,16.7,6,2013,1000,55,2026,8,6
은평구,불광동,라이프미성,66.7,15,1988,30000,0,2026,8,21
은평구,불광동,극동메트로타워,108.36,22,2001,57000,0,2026,8,27
은평구,신사동,신사동한신휴플러스,59.76,9,2003,40000,0,2026,8,28
은평구,증산동,DMC우방,59.91,4,2000,45000,0,2026,8,26
은평구,응암동,백련산힐스테이트2차,59.63,12,2011,10000,190,2026,8,21
은평구,진관동,상림마을6단지푸르지오(606~614동)BL1-7,84.95,12,2008,55000,0,2026,8,27
은평구,녹번동,힐스테이트녹번,59.9,5,2019,20000,190,2026,8,22
은평구,불광동,북한산현대힐스테이트3차아파트,84.96,13,2010,25000,140,2026,8,22
은평구,진관동,우물골2단지두산위브(245~255동)BL2-6,84.51,2,2009,10000,120,2026,8,12
은평구,진관동,우물골2단지두산위브(245~255동)BL2-6,84.51,4,2009,10000,120,2026,8,12
은평구,수색동,DMCSKVIEW,38.7353,18,2023,8334,31,2026,8,27
은평구,대조동,베르디움STAY1,36.4302,14,2022,21300,13,2026,8,27
은평구,응암동,녹번역e편한세상캐슬,59.97,11,2021,63000,0,2026,8,27
은평구,증산동,DMC센트럴자이(2단지),74.78,1,2023,78750,0,2026,8,14
은평구,역촌동,역촌센트레빌,84.89,14,2011,54075,0,2026,8,23
은평구,불광동,북한산현대힐스테이트3차아파트,59.96,7,2010,47000,0,2026,8,19
은평구,불광동,연신내역루체스테이션,17.051,12,2024,7388,32,2026,8,26
은평구,불광동,연신내역루체스테이션,17.051,14,2024,6323,26,2026,8,26
은평구,대조동,서경아파트(15-58),28.39,11,2020,26000,0,2026,8,27
은평구,불광동,북한산래미안아파트(2단지),59.9932,15,2010,45000,0,2026,8,27
은평구,진관동,폭포동4단지힐스테이트(401~407동)임대BL2-10,84.95,14,2010,21748,0,2026,8,20
은평구,수색동,DMC아트포레자이,84.99,14,2026,71400,0,2026,8,18
은평구,응암동,백련산힐스테이트1차,114.66,10,2011,10000,250,2026,8,26
은평구,수색동,DMC롯데캐슬더퍼스트,84.93,5,2021,66000,0,2026,8,7
은평구,녹번동,힐스테이트녹번,59.938,8,2019,58000,0,2026,8,17
은평구,수색동,DMCSKVIEW,38.7353,13,2023,10553,27,2026,8,26
은평구,응암동,응암아네스트,13.5298,16,2014,1000,60,2026,8,17
은평구,수색동,DMC파인시티자이,84.97,12,2025,10000,300,2026,8,22
은평구,대조동,서경아파트(15-58),28.39,12,2020,25500,8,2026,8,26
은평구,불광동,북한산현대힐스테이트3차아파트,84.96,10,2010,5000,150,2026,8,15
은평구,구산동,구산주택,17.6,9,2022,5300,39,2026,8,26
은평구,대조동,주주베B,13.35,7,2014,9200,0,2026,8,6
은평구,진관동,구파발9단지래미안(916~928동)BL3-2,84.96,6,2010,40000,70,2026,8,26
은평구,진관동,우물골2단지두산위브(245~255동)BL2-6,134.43,9,2009,60000,100,2026,8,17
은평구,진관동,우물골2단지두산위브(245~255동)BL2-6,84.71,2,2009,32340,115,2026,8,20
은평구,진관동,우물골2단지두산위브(245~255동)BL2-6,101.42,11,2009,75000,0,2026,8,26
은평구,신사동,라이프씨티,83.04,3,1992,32550,0,2026,8,22
은평구,수색동,DMC파인시티자이,84.98,18,2025,69000,0,2026,8,14
은평구,진관동,상림마을8단지롯데캐슬(801~809동)BL1-2,39.99,4,2008,2872,21,2026,8,25
은평구,진관동,상림마을6단지푸르지오(615~621동)BL1-6,49.32,8,2008,9166,0,2026,8,25
은평구,불광동,연신내역루체스테이션,17.051,5,2024,7356,32,2026,8,25
은평구,불광동,북한산힐스테이트7차,84.891,13,2011,40000,100,2026,8,24
은평구,불광동,라이프미성,66.7,11,1988,38000,0,2026,8,25
은평구,진관동,폭포동4단지힐스테이트(426~428동)BL3-11,134.87,13,2010,40000,160,2026,8,1
은평구,불광동,라이프미성,66.7,10,1988,37000,0,2026,8,22
은평구,대조동,유성아이비아파트,40.76,10,2014,20000,0,2026,8,7
은평구,진관동,폭포동4단지힐스테이트(401~407동)임대BL2-10,84.96,2,2010,21748,0,2026,8,25
은평구,진관동,상림마을6단지푸르지오(601~605동)BL1-8,39.99,3,2008,2872,21,2026,8,25
은평구,녹번동,래미안베라힐즈,84.95,3,2019,55920,0,2026,8,24
은평구,녹번동,래미안베라힐즈,43.74,1,2019,10187,36,2026,8,25
은평구,역촌동,역촌센트레빌,113.92,11,2011,62000,0,2026,8,22
은평구,불광동,북한산힐스테이트7차,114.844,10,2011,80000,0,2026,8,22
은평구,응암동,녹번역e편한세상캐슬,44.85,4,2021,5203,8,2026,8,25
은평구,녹번동,힐스테이트녹번,84.9,11,2019,57700,38,2026,8,25
은평구,신사동,응암역효성해링턴플레이스,59.99,9,2019,55000,0,2026,8,22
은평구,응암동,신동아,52.71,12,1990,34000,0,2026,8,24
은평구,진관동,폭포동4단지힐스테이트(401~407동)임대BL2-10,84.95,8,2010,21748,0,2026,8,21
은평구,진관동,폭포동4단지힐스테이트(401~407동)임대BL2-10,84.96,15,2010,21748,0,2026,8,25
은평구,응암동,녹번역e편한세상캐슬,84.94,21,2021,67000,0,2026,8,21
은평구,불광동,라이프미성,66.7,6,1988,24000,55,2026,8,14
은평구,응암동,e편한세상백련산,59.98,12,2022,20000,150,2026,8,24
은평구,진관동,폭포동4단지힐스테이트(401~407동)임대BL2-10,84.95,10,2010,21748,0,2026,8,25
은평구,신사동,신성수정,84.8,11,1996,40000,0,2026,8,20
은평구,불광동,연신내역루체스테이션,35.606,15,2024,11563,47,2026,8,24
은평구,갈현동,플라잉캐슬,55.7,8,2019,35000,0,2026,8,24
은평구,대조동,주주베에이,12.4,9,2014,1000,63,2026,8,23
은평구,진관동,상림마을8단지롯데캐슬(810~820동)BL1-1,39.83,1,2008,1230,25,2026,8,24
은평구,응암동,녹번역e편한세상캐슬,84.94,6,2021,87000,0,2026,8,22
은평구,수색동,DMC롯데캐슬더퍼스트,59.96,5,2021,56000,0,2026,8,24
은평구,대조동,주주베에이,12.9,9,2014,1000,68,2026,8,24
은평구,응암동,녹번역e편한세상캐슬,59.96,3,2021,20000,190,2026,8,23
은평구,응암동,힐스테이트녹번역,84.99,10,2022,80000,0,2026,8,22
은평구,불광동,북한산힐스테이트1차아파트,114.942,3,2009,5000,220,2026,8,22
은평구,응암동,백련산에스케이뷰아이파크,59.9335,25,2020,10500,163,2026,8,20
은평구,증산동,DMC센트럴자이(2단지),39.48,4,2023,12661,35,2026,8,21
은평구,녹번동,녹번JR아파트,59.866,17,2002,42000,0,2026,8,1
은평구,불광동,극동메트로타워,83.72,19,2001,38000,0,2026,8,8
은평구,신사동,현대1,84.17,1,1997,39000,0,2026,8,8
은평구,대조동,정익제이원6차,29.17,11,2017,23600,0,2026,8,22
은평구,갈현동,행운,65.15,5,2002,29000,0,2026,8,24
은평구,응암동,녹번역e편한세상캐슬,84.94,15,2021,76000,0,2026,8,24
은평구,진관동,폭포동4단지힐스테이트(401~407동)임대BL2-10,84.95,5,2010,21748,0,2026,8,24
은평구,불광동,LUMINO816,35.14,16,2024,9200,59,2026,8,24
은평구,증산동,DMC센트럴자이(4단지),40.21,12,2023,10954,29,2026,8,21
은평구,녹번동,힐스테이트녹번,59.938,1,2019,20000,180,2026,8,7
은평구,진관동,은평뉴타운솔하임,45.034,4,2017,37044,0,2026,8,22
은평구,진관동,폭포동4단지힐스테이트(401~407동)임대BL2-10,84.97,13,2010,21748,0,2026,8,24
은평구,응암동,백련산힐스테이트4차,84.98,5,2018,60000,0,2026,8,22
은평구,불광동,북한산현대홈타운,59.9765,4,2004,50000,0,2026,8,22
은평구,진관동,은평뉴타운기자촌11단지,59.88,5,2015,5000,230,2026,8,24
은평구,진관동,폭포동4단지힐스테이트(401~407동)임대BL2-10,84.96,7,2010,21748,0,2026,8,21
은평구,응암동,백련산에스케이뷰아이파크,100.9852,18,2020,55000,100,2026,8,22
은평구,수색동,DMC파인시티자이,84.97,14,2025,10000,310,2026,8,24
은평구,녹번동,래미안베라힐즈,84.93,8,2019,50000,120,2026,8,24
은평구,진관동,상림마을8단지롯데캐슬(801~809동)BL1-2,59.21,8,2008,60000,0,2026,8,21
은평구,수색동,DMCSKVIEW,38.7353,7,2023,8971,23,2026,8,24
은평구,녹번동,제니더클래식,56.35,14,2022,50000,0,2026,8,23
은평구,응암동,대주피오레,67.02,6,2003,38000,30,2026,8,24
은평구,진관동,상림마을8단지롯데캐슬(801~809동)BL1-2,59.93,2,2008,15419,0,2026,8,24
은평구,진관동,은평뉴타운솔하임,14.235,18,2017,1000,68,2026,8,1
은평구,신사동,현대1,84.17,8,1997,43000,0,2026,8,22
은평구,신사동,응암역효성해링턴플레이스,59.99,2,2019,10000,150,2026,8,22
은평구,응암동,백련산힐스테이트4차,84.98,18,2018,10000,210,2026,8,22
은평구,신사동,응암역효성해링턴플레이스,71.93,3,2019,44000,0,2026,8,21
은평구,응암동,백련산힐스테이트4차,84.98,13,2018,63000,0,2026,8,15
은평구,증산동,DMC센트럴자이(1단지),84.92,8,2023,87000,0,2026,8,22
은평구,응암동,백련산힐스테이트3차,114.71,7,2011,65000,0,2026,8,22
은평구,불광동,라이프미성,66.7,9,1988,38000,0,2026,8,20
은평구,불광동,라이프미성,66.7,11,1988,39000,0,2026,8,21
은평구,신사동,미성,63.53,5,1987,35000,0,2026,8,23
은평구,수색동,DMCSK뷰아이파크포레,59.96,6,2025,10000,150,2026,8,22
은평구,녹번동,래미안베라힐즈,59.99,20,2019,65000,0,2026,8,22
은평구,응암동,힐스테이트녹번역,41.5,5,2022,14920,37,2026,8,1
은평구,수색동,DMC아트포레자이,59.9,4,2026,62000,0,2026,8,22
은평구,응암동,진흥펠리체,57.89,8,2015,36700,0,2026,8,23
은평구,불광동,불광롯데캐슬,59.99,13,2018,53000,0,2026,8,21
은평구,불광동,불광롯데캐슬,59.99,9,2018,5000,190,2026,8,15
은평구,불광동,북한산힐스테이트1차아파트,59.817,5,2009,48000,0,2026,8,5
은평구,대조동,베르디움STAY1,36.2275,20,2022,21200,13,2026,8,21
은평구,진관동,은평뉴타운 제각말 푸르지오(5-4단지),84.89,4,2010,63000,0,2026,8,21
은평구,진관동,폭포동4단지힐스테이트(401~407동)임대BL2-10,84.95,10,2010,21748,0,2026,8,21
은평구,진관동,박석고개1단지힐스테이트(101~111동)BL2-12,84.49,10,2009,61500,0,2026,8,11
은평구,진관동,마고정3단지센트레빌(301~309동)BL2-11,39.18,1,2009,3836,16,2026,8,21
은평구,불광동,연신내역루체스테이션,17.051,15,2024,7356,32,2026,8,21
은평구,진관동,폭포동4단지힐스테이트(401~407동)임대BL2-10,84.95,15,2010,21748,0,2026,8,20
은평구,진관동,우물골2단지두산위브(209~222동)BL2-8,84.51,7,2009,49000,0,2026,8,21
은평구,수색동,DMC롯데캐슬더퍼스트,84.87,3,2021,75000,0,2026,8,13
은평구,녹번동,청록MS(91-9),84.61,1,2004,5000,80,2026,8,16
은평구,진관동,마고정3단지센트레빌(310~322동)BL2-3,84.17,3,2009,65000,0,2026,8,21
은평구,역촌동,신아굿모닝(40-55),60.98,4,2006,20000,70,2026,8,18
은평구,신사동,뉴신사신성,84.42,5,1993,37000,0,2026,8,20
은평구,불광동,라이프미성,84.65,7,1988,31500,0,2026,8,21
은평구,불광동,연신내역루체스테이션,17.051,16,2024,7000,33,2026,8,21
은평구,신사동,현대1,84.17,3,1997,30000,0,2026,8,19
은평구,진관동,박석고개1단지힐스테이트(112~115동)BL2-13,134.84,3,2008,10000,300,2026,8,20
은평구,진관동,박석고개1단지힐스테이트(101~111동)임대BL2-12,49.74,6,2009,4446,27,2026,8,21
은평구,불광동,북한산동호스카이,59.99,1,2013,26000,60,2026,8,8
은평구,대조동,제이타워4,12.2,9,2013,8500,0,2026,8,21
은평구,대조동,디와이빌,19.51,5,2013,12500,0,2026,8,16
은평구,진관동,마고정3단지센트레빌(301~309동)BL2-11,39.18,12,2009,5036,9,2026,8,21
은평구,진관동,우물골2단지두산위브(204~208동)BL2-5,59.37,1,2009,16220,0,2026,8,21
은평구,진관동,박석고개1단지힐스테이트(101~111동)임대BL2-12,49.74,2,2009,4446,27,2026,8,20
은평구,진관동,박석고개1단지힐스테이트(116~131동)임대BL2-1,49.74,12,2009,8198,16,2026,8,20
은평구,응암동,신동아,52.71,1,1990,30000,0,2026,8,8
은평구,갈현동,대한웰빙홈,25.07,6,2018,18500,0,2026,8,20
은평구,불광동,북한산현대힐스테이트3차아파트,59.99,10,2010,46500,0,2026,8,19
은평구,녹번동,녹번JR아파트,59.866,8,2002,5000,140,2026,8,19
은평구,진관동,구파발10단지어울림(1011~1019동)BL3-1,101.84,7,2010,72000,0,2026,8,11
은평구,대조동,베르디움STAY1,21.9733,19,2022,11500,23,2026,8,20
은평구,진관동,폭포동4단지힐스테이트(401~407동)임대BL2-10,84.98,1,2010,21748,0,2026,8,20
은평구,불광동,연신내역루체스테이션,17.051,6,2024,7000,33,2026,8,20
은평구,진관동,폭포동4단지힐스테이트(401~407동)임대BL2-10,84.95,11,2010,21748,0,2026,8,20
은평구,진관동,은평뉴타운엘크루,59.98,12,2017,22000,81,2026,8,20
은평구,응암동,명남더블레스,84.96,13,2009,45000,10,2026,8,12
은평구,진관동,폭포동4단지힐스테이트(408~422동)BL3-9,166.96,19,2010,84000,0,2026,8,8
은평구,진관동,폭포동4단지힐스테이트(401~407동)임대BL2-10,84.95,13,2010,21748,0,2026,8,20
은평구,진관동,폭포동4단지힐스테이트(401~407동)임대BL2-10,84.95,16,2010,21748,0,2026,8,20
은평구,응암동,녹번역e편한세상캐슬,59.97,5,2021,52000,0,2026,8,19
은평구,진관동,상림마을7단지아이파크(701동)임대BL1-9,84.98,5,2008,41340,0,2026,8,20
은평구,진관동,마고정3단지센트레빌(323~335동)BL2-2,49.01,5,2009,4316,29,2026,8,20
은평구,신사동,은평자이더스타,49.9714,19,2026,30342,0,2026,8,20
은평구,응암동,백련산힐스테이트4차,59.98,9,2018,50000,9,2026,8,19
은평구,응암동,백련산힐스테이트4차,59.98,1,2018,37440,0,2026,8,19
은평구,응암동,녹번역e편한세상캐슬,59.96,4,2021,35000,140,2026,8,18
은평구,진관동,폭포동4단지힐스테이트(401~407동)임대BL2-10,84.96,2,2010,21748,0,2026,8,20
은평구,진관동,폭포동4단지힐스테이트(401~407동)임대BL2-10,84.97,7,2010,21748,0,2026,8,20
은평구,불광동,연신내역루체스테이션,17.051,14,2024,7000,33,2026,8,19
은평구,진관동,폭포동4단지힐스테이트(401~407동)임대BL2-10,84.95,9,2010,21748,0,2026,8,20
은평구,응암동,백련산힐스테이트4차,59.98,8,2018,10000,170,2026,8,15
은평구,진관동,상림마을7단지아이파크(701동)임대BL1-9,84.98,6,2008,41340,0,2026,8,19
은평구,진관동,상림마을7단지아이파크(713~718동)BL1-11,84.79,6,2008,41340,0,2026,8,19
은평구,진관동,폭포동4단지힐스테이트(401~407동)임대BL2-10,84.98,9,2010,21748,0,2026,8,20
은평구,신사동,은평자이더스타,49.9714,10,2026,51000,0,2026,8,11
은평구,진관동,폭포동4단지힐스테이트(401~407동)임대BL2-10,84.96,10,2010,21748,0,2026,8,20
은평구,진관동,구파발9단지래미안(901~915동)임대BL3-3,39.96,2,2010,3222,25,2026,8,20
은평구,진관동,구파발9단지래미안(901~915동)임대BL3-3,39.96,2,2010,3222,25,2026,8,19
은평구,수색동,DMC아트포레자이,49.53,7,2026,1343,26,2026,8,19
은평구,신사동,응암역효성해링턴플레이스,59.99,8,2019,43800,0,2026,8,8
은평구,진관동,우물골2단지두산위브(201~203동)BL2-4,84.49,7,2009,73000,0,2026,8,19
은평구,대조동,서교아르체빌,32.11,10,2013,5000,60,2026,8,19
은평구,진관동,폭포동4단지힐스테이트(401~407동)임대BL2-10,84.96,16,2010,21748,0,2026,8,19
은평구,진관동,폭포동4단지힐스테이트(401~407동)임대BL2-10,84.96,5,2010,21748,0,2026,8,19
은평구,진관동,폭포동4단지힐스테이트(401~407동)임대BL2-10,84.95,3,2010,21748,0,2026,8,19
은평구,역촌동,라움,45.23,4,2019,2296,30,2026,8,19
은평구,대조동,뉴캐슬,14.66,10,2014,8900,0,2026,8,18
은평구,진관동,폭포동4단지힐스테이트(401~407동)임대BL2-10,84.96,13,2010,21748,0,2026,8,19
은평구,진관동,상림마을8단지롯데캐슬(810~820동)BL1-1,39.94,4,2008,2872,21,2026,8,18
은평구,진관동,구파발10단지어울림(1020~1028동)임대BL3-5,84.78,9,2012,35105,0,2026,8,19
은평구,진관동,상림마을7단지아이파크(701동)임대BL1-9,49.8,6,2008,9166,0,2026,8,19
은평구,수색동,DMC롯데캐슬더퍼스트,59.96,5,2021,63000,0,2026,8,19
은평구,진관동,박석고개1단지힐스테이트(101~111동)임대BL2-12,49.74,8,2009,4446,27,2026,8,19
은평구,응암동,경남,63.86,10,1995,12000,75,2026,8,8
은평구,불광동,극동메트로타워,94.96,13,2001,36500,0,2026,8,18
은평구,진관동,상림마을6단지푸르지오(606~614동)BL1-7,39.83,3,2008,2872,21,2026,8,19
은평구,응암동,백련산힐스테이트1차,59.63,11,2011,49000,30,2026,8,19
은평구,신사동,응암역효성해링턴플레이스,59.94,9,2019,50000,0,2026,8,12
은평구,진관동,상림마을7단지아이파크(719~729동)BL1-13,134.75,4,2008,75000,0,2026,8,18
은평구,진관동,박석고개1단지힐스테이트(116~131동)임대BL2-1,84.49,4,2009,42997,0,2026,8,19
은평구,진관동,은뜨락,39.624,9,2019,10566,29,2026,8,18
은평구,진관동,우물골2단지두산위브(204~208동)BL2-5,59.14,2,2009,51450,0,2026,8,15
은평구,불광동,북한산힐스테이트1차아파트,114.942,3,2009,75000,0,2026,8,18
은평구,신사동,응암역효성해링턴플레이스,71.99,9,2019,53000,11,2026,8,18
은평구,진관동,은평뉴타운 제각말 푸르지오(5-1단지),101.9,6,2010,65000,0,2026,8,18
은평구,진관동,마고정3단지센트레빌(301~309동)BL2-11,39.18,14,2009,6707,0,2026,8,19
은평구,진관동,마고정3단지센트레빌(301~309동)BL2-11,39.18,5,2009,6707,0,2026,8,19
은평구,수색동,DMCSKVIEW,84.9965,5,2023,68000,0,2026,8,18
은평구,진관동,박석고개1단지힐스테이트(101~111동)임대BL2-12,39.72,5,2009,2891,21,2026,8,18
은평구,진관동,은뜨락,39.487,10,2019,12572,34,2026,8,18
은평구,갈현동,라이프시티,79.11,6,1991,5000,150,2026,8,18
은평구,불광동,삼익(217-9),84.71,6,1992,40000,0,2026,8,8
은평구,진관동,상림마을8단지롯데캐슬(810~820동)BL1-1,84.79,3,2008,56300,0,2026,8,17
은평구,진관동,은뜨락,39.487,8,2019,11116,31,2026,8,18
은평구,진관동,은뜨락,39.487,4,2019,11186,31,2026,8,18
은평구,대조동,효민아크로뷰,27.57,7,2018,22800,10,2026,8,18
은평구,대조동,미소세상,29.8,9,2015,20900,15,2026,8,14
은평구,증산동,DMC센트럴자이(2단지),39.48,9,2023,10762,29,2026,8,16
은평구,진관동,폭포동4단지힐스테이트(401~407동)임대BL2-10,84.98,17,2010,21748,0,2026,8,17
은평구,진관동,상림마을8단지롯데캐슬(810~820동)BL1-1,39.83,5,2008,2872,21,2026,8,18
은평구,응암동,녹번역e편한세상캐슬,84.98,14,2021,67000,0,2026,8,18
은평구,진관동,상림마을8단지롯데캐슬(810~820동)BL1-1,39.83,2,2008,6647,0,2026,8,18
은평구,진관동,구파발10단지어울림(1020~1028동)임대BL3-5,39.83,3,2012,6817,0,2026,8,18
은평구,진관동,상림마을8단지롯데캐슬(810~820동)BL1-1,84.79,4,2008,25000,120,2026,8,15
은평구,갈현동,갈현동현대,84.87,3,1997,42000,0,2026,8,18
은평구,증산동,DMC센트럴자이(2단지),59.97,10,2023,70000,0,2026,8,10
은평구,녹번동,래미안베라힐즈,59.98,11,2019,63000,0,2026,8,15
은평구,진관동,구파발9단지래미안(901~915동)임대BL3-3,39.96,2,2010,1901,26,2026,8,18
은평구,응암동,백련산에스케이뷰아이파크,59.8545,3,2020,52000,0,2026,8,15
은평구,증산동,DMC센트럴자이(2단지),39.48,8,2023,9149,24,2026,8,16
은평구,갈현동,호림리슈리안아파트,56.7496,13,2022,47800,0,2026,8,10
은평구,역촌동,미랜드,84.94,12,2006,52000,0,2026,8,17
은평구,증산동,DMC센트럴자이(2단지),39.66,6,2023,6608,33,2026,8,15
은평구,불광동,북한산래미안아파트(2단지),59.9932,7,2010,53900,0,2026,8,14
은평구,대조동,베르디움STAY1,48.9148,18,2022,26100,16,2026,8,14
은평구,불광동,한화생명불광동사옥,17.12,7,2021,1000,70,2026,8,17
은평구,진관동,마고정3단지센트레빌(301~309동)BL2-11,39.18,9,2009,6707,0,2026,8,18
은평구,불광동,불광롯데캐슬,84.99,5,2018,71000,0,2026,8,15
은평구,녹번동,래미안베라힐즈,84.95,13,2019,71400,0,2026,8,15
은평구,수색동,DMCSKVIEW,38.7353,3,2023,9040,27,2026,8,17
은평구,수색동,DMCSK뷰아이파크포레,76.65,6,2025,50000,80,2026,8,14
은평구,진관동,마고정3단지센트레빌(301~309동)BL2-11,39.18,5,2009,2805,22,2026,8,18
은평구,진관동,마고정3단지센트레빌(301~309동)BL2-11,39.18,9,2009,6707,0,2026,8,18
은평구,진관동,우물골2단지두산위브(223~244동)BL2-7,134.43,4,2010,73500,0,2026,8,18
은평구,진관동,구파발10단지어울림(1001~1010동)장기전세BL3-4,84.78,2,2010,40057,0,2026,8,18
은평구,신사동,은평자이더스타,49.9714,23,2026,25000,150,2026,8,16
은평구,응암동,녹번역e편한세상캐슬,59.96,7,2021,45000,80,2026,8,14
은평구,대조동,베르디움STAY1,21.9733,18,2022,9000,34,2026,8,14
은평구,진관동,구파발9단지래미안(901~915동)임대BL3-3,84.91,9,2010,40057,0,2026,8,14
은평구,진관동,상림마을8단지롯데캐슬(810~820동)BL1-1,39.83,7,2008,2872,21,2026,8,14
은평구,응암동,녹번역e편한세상캐슬,44.85,14,2021,5203,8,2026,8,13
은평구,진관동,폭포동4단지힐스테이트(401~407동)임대BL2-10,84.98,8,2010,21748,0,2026,8,14
은평구,진관동,우물골2단지두산위브(201~203동)BL2-4,59.94,7,2009,57750,0,2026,8,12
은평구,진관동,상림마을7단지아이파크(730~742동)BL1-14,134.75,6,2008,65100,0,2026,8,12
은평구,응암동,백련산힐스테이트4차,84.98,14,2018,63000,0,2026,8,14
은평구,녹번동,굿모닝기룡아파트(96-6),113.49,2,2001,40000,0,2026,8,14
은평구,진관동,상림마을8단지롯데캐슬(810~820동)BL1-1,59.42,7,2008,18615,0,2026,8,14
은평구,응암동,녹번역e편한세상캐슬,59.96,1,2021,58800,0,2026,8,13
은평구,불광동,북한산현대홈타운,84.9956,8,2004,20000,119,2026,8,14
은평구,대조동,정익제이원,41.08,7,2014,29000,20,2026,8,8
은평구,대조동,베르디움STAY1,36.2275,21,2022,21200,12,2026,8,14
은평구,증산동,DMC센트럴자이(4단지),39.29,11,2023,8548,31,2026,8,13
은평구,증산동,DMC센트럴자이(2단지),39.66,8,2023,10223,27,2026,8,14
은평구,증산동,DMC센트럴자이(4단지),40.21,12,2023,10954,29,2026,8,13
은평구,증산동,DMC센트럴자이(2단지),39.48,9,2023,9684,26,2026,8,13
은평구,수색동,DMC파인시티자이,84.97,16,2025,50000,110,2026,8,13
은평구,불광동,LUMINO816,35.84,16,2024,7800,50,2026,8,13
은평구,불광동,LUMINO816,17.02,16,2024,5700,41,2026,8,13
은평구,증산동,DMC센트럴자이(4단지),40.21,13,2023,13853,40,2026,8,13
은평구,증산동,DMC센트럴자이(4단지),40.21,6,2023,10954,29,2026,8,14
은평구,증산동,DMC센트럴자이(2단지),39.48,5,2023,10762,29,2026,8,14
은평구,응암동,녹번역e편한세상캐슬,59.96,5,2021,10000,220,2026,8,14
은평구,수색동,DMCSKVIEW,38.7353,7,2023,9442,25,2026,8,14
은평구,수색동,DMCSKVIEW,38.7353,1,2023,10493,28,2026,8,14
은평구,수색동,DMCSKVIEW,38.7353,1,2023,8334,31,2026,8,13
은평구,진관동,상림마을8단지롯데캐슬(821~830동)BL1-12,84.83,7,2008,54900,0,2026,8,13
은평구,응암동,e편한세상백련산,84.72,15,2022,20000,170,2026,8,8
은평구,응암동,백련산에스케이뷰아이파크,59.9335,18,2020,61000,0,2026,8,13
은평구,증산동,DMC센트럴자이(1단지),84.96,14,2023,50000,190,2026,8,3
은평구,녹번동,힐스테이트녹번,84.9,3,2019,75000,0,2026,8,13
은평구,진관동,폭포동4단지힐스테이트(401~407동)임대BL2-10,84.97,3,2010,21748,0,2026,8,13
은평구,진관동,폭포동4단지힐스테이트(401~407동)임대BL2-10,84.96,12,2010,21748,0,2026,8,13
은평구,응암동,녹번역e편한세상캐슬,84.94,5,2021,74500,0,2026,8,13
은평구,증산동,DMC센트럴자이(2단지),39.66,4,2023,9684,26,2026,8,13
은평구,구산동,구산주택,17.6,11,2022,5300,39,2026,8,13
은평구,증산동,DMC센트럴자이(2단지),39.66,5,2023,11711,32,2026,8,13
은평구,녹번동,래미안베라힐즈,38.28,7,2019,9531,25,2026,8,12
은평구,증산동,DMC센트럴자이(4단지),40.21,16,2023,10954,29,2026,8,12
은평구,증산동,DMC센트럴자이(4단지),39.29,14,2023,9684,26,2026,8,13
은평구,증산동,DMC센트럴자이(2단지),39.66,7,2023,10762,29,2026,8,12
은평구,진관동,폭포동4단지힐스테이트(401~407동)임대BL2-10,84.96,4,2010,21748,0,2026,8,13
은평구,불광동,LUMINO816,35.84,6,2024,7800,50,2026,8,13
은평구,증산동,DMC우방,59.91,9,2000,45000,0,2026,8,12
은평구,증산동,DMC센트럴자이(4단지),55.93,8,2023,70000,0,2026,8,12
은평구,구산동,구산주택,17.7,10,2022,5300,39,2026,8,13
은평구,진관동,폭포동4단지힐스테이트(401~407동)임대BL2-10,84.98,1,2010,21748,0,2026,8,12
은평구,진관동,상림마을8단지롯데캐슬(810~820동)BL1-1,39.83,6,2008,6647,0,2026,8,13
은평구,증산동,DMC센트럴자이(2단지),39.48,5,2023,13611,39,2026,8,12
은평구,증산동,DMC센트럴자이(2단지),39.48,12,2023,10762,29,2026,8,12
은평구,증산동,DMC센트럴자이(2단지),39.48,6,2023,10762,29,2026,8,12
은평구,증산동,DMC센트럴자이(2단지),39.48,11,2023,9974,37,2026,8,12
은평구,응암동,백련산힐스테이트3차,59.63,11,2011,49350,0,2026,8,13
은평구,진관동,상림마을7단지아이파크(702~705동)BL1-4,59.8,7,2008,16189,0,2026,8,12
은평구,대조동,대조동아트캐슬주상복합,84.8,10,2010,65000,0,2026,8,11
은평구,진관동,상림마을7단지아이파크(709~712동)BL1-10,59.8,6,2008,15419,0,2026,8,12
은평구,수색동,DMCSKVIEW,38.7353,15,2023,8334,31,2026,8,13
은평구,진관동,폭포동4단지힐스테이트(401~407동)임대BL2-10,84.96,9,2010,21748,0,2026,8,13
은평구,응암동,백련산에스케이뷰아이파크,36.082,21,2020,10116,26,2026,8,12
은평구,수색동,DMCSK뷰아이파크포레,84.95,3,2025,50000,0,2026,8,11
은평구,수색동,DMCSKVIEW,38.7353,12,2023,9556,24,2026,8,12
은평구,대조동,베르디움STAY1,36.2415,24,2022,12870,20,2026,8,12
은평구,증산동,DMC센트럴자이(4단지),40.21,13,2023,12795,36,2026,8,12
은평구,진관동,마고정3단지센트레빌(301~309동)BL2-11,39.18,5,2009,2805,22,2026,8,12
은평구,응암동,응암푸르지오,114.92,5,2008,10000,110,2026,8,12
은평구,진관동,힐데스하임,42.24,10,2017,45000,0,2026,8,12
은평구,진관동,은평스카이뷰자이,84.7488,26,2019,76650,0,2026,8,8
은평구,증산동,DMC센트럴자이(2단지),39.48,3,2023,7386,36,2026,8,12
은평구,대조동,삼성타운,59.4,9,1997,10000,120,2026,8,4
은평구,증산동,DMC센트럴자이(4단지),40.21,19,2023,10954,29,2026,8,12
은평구,신사동,미성,63.53,6,1987,33000,0,2026,8,8
은평구,대조동,베르디움STAY1,17.7316,21,2022,10800,22,2026,8,12
은평구,증산동,DMC센트럴자이(2단지),59.67,3,2023,78000,0,2026,8,12
은평구,대조동,베르디움STAY1,38.9758,17,2022,22200,14,2026,8,12
은평구,녹번동,힐스테이트녹번,39.006,6,2019,11808,47,2026,8,12
은평구,불광동,북한산힐스테이트7차,114.977,2,2011,85000,0,2026,8,12
은평구,증산동,DMC센트럴자이(2단지),39.48,3,2023,9684,26,2026,8,12
은평구,증산동,DMC센트럴자이(2단지),39.66,2,2023,9257,24,2026,8,12
은평구,증산동,DMC센트럴자이(2단지),39.66,9,2023,9684,26,2026,8,12
은평구,진관동,상림마을7단지아이파크(719~729동)BL1-13,101.94,5,2008,5000,230,2026,8,12
은평구,신사동,응암역효성해링턴플레이스,75.72,14,2019,42700,0,2026,8,12
은평구,증산동,DMC센트럴자이(2단지),39.48,3,2023,10762,29,2026,8,12
은평구,증산동,DMC센트럴자이(4단지),40.21,16,2023,10954,29,2026,8,12
은평구,증산동,DMC센트럴자이(4단지),40.21,15,2023,10954,29,2026,8,12
은평구,증산동,DMC센트럴자이(4단지),40.21,11,2023,10706,30,2026,8,12
은평구,증산동,DMC센트럴자이(2단지),39.66,9,2023,9498,35,2026,8,12
은평구,증산동,DMC센트럴자이(2단지),39.66,1,2023,9684,26,2026,8,12
은평구,수색동,DMCSKVIEW,38.7353,6,2023,9442,25,2026,8,11
은평구,수색동,DMCSKVIEW,38.7353,18,2023,9442,25,2026,8,11
은평구,증산동,DMC센트럴자이(2단지),39.48,3,2023,9023,33,2026,8,12
은평구,증산동,DMC센트럴자이(2단지),39.48,4,2023,10762,29,2026,8,12
은평구,증산동,DMC센트럴자이(2단지),39.48,10,2023,9684,26,2026,8,12
은평구,증산동,DMC센트럴자이(2단지),39.48,11,2023,9684,26,2026,8,11
은평구,신사동,현대2,84.83,17,1994,42000,0,2026,8,3
은평구,응암동,녹번역e편한세상캐슬,84.98,10,2021,77000,0,2026,8,8
은평구,신사동,은평자이더스타,49.9714,20,2026,45000,0,2026,8,5
은평구,대조동,베르디움STAY1,36.2415,26,2022,12870,20,2026,8,12
은평구,진관동,구파발10단지어울림(1020~1028동)임대BL3-5,84.78,11,2012,29593,0,2026,8,11
은평구,증산동,DMC센트럴자이(2단지),59.97,9,2023,79000,0,2026,8,12
은평구,진관동,마고정3단지센트레빌(301~309동)BL2-11,39.18,12,2009,2805,22,2026,8,11
은평구,불광동,북한산대창센시티,59.85,3,2004,37000,0,2026,8,11
은평구,진관동,폭포동4단지힐스테이트(401~407동)임대BL2-10,84.95,15,2010,21748,0,2026,8,11
은평구,진관동,폭포동4단지힐스테이트(401~407동)임대BL2-10,84.97,6,2010,21748,0,2026,8,11
은평구,수색동,DMCSKVIEW,38.7353,15,2023,9442,25,2026,8,11
은평구,수색동,DMCSKVIEW,38.7353,15,2023,10619,27,2026,8,11
은평구,신사동,은평자이더스타,49.9714,10,2026,51000,0,2026,8,11
은평구,진관동,폭포동4단지힐스테이트(401~407동)임대BL2-10,84.98,7,2010,21748,0,2026,8,11
은평구,녹번동,래미안베라힐즈,38.28,13,2019,8056,28,2026,8,11
은평구,응암동,녹번역e편한세상캐슬,59.96,4,2021,50010,55,2026,8,8
은평구,수색동,DMCSKVIEW,38.7353,7,2023,10619,27,2026,8,11
은평구,진관동,상림마을6단지푸르지오(622~629동)BL1-5,39.83,4,2008,2872,21,2026,8,11
은평구,진관동,박석고개1단지힐스테이트(116~131동)임대BL2-1,39.72,2,2009,4540,12,2026,8,11
은평구,수색동,DMCSKVIEW,38.7353,16,2023,9442,25,2026,8,11
은평구,수색동,DMC롯데캐슬더퍼스트,49.86,7,2021,36000,105,2026,8,8
은평구,녹번동,래미안베라힐즈,38.28,13,2019,8056,28,2026,8,11
은평구,불광동,라이프미성,66.7,4,1988,40000,0,2026,8,1
은평구,응암동,백련산에스케이뷰아이파크,36.082,6,2020,9316,34,2026,8,11
은평구,진관동,우물골2단지두산위브(223~244동)BL2-7,134.46,-4,2010,65000,0,2026,8,6
은평구,응암동,녹번역e편한세상캐슬,44.85,11,2021,41895,0,2026,8,8
은평구,진관동,구파발10단지어울림(1020~1028동)임대BL3-5,59.99,11,2012,19463,0,2026,8,11
은평구,진관동,상림마을6단지푸르지오(622~629동)BL1-5,84.97,5,2008,25183,0,2026,8,11
은평구,진관동,폭포동4단지힐스테이트(401~407동)임대BL2-10,84.96,9,2010,21748,0,2026,8,11
은평구,응암동,녹번역e편한세상캐슬,59.96,8,2021,43700,90,2026,8,8
은평구,응암동,백련산에스케이뷰아이파크,36.082,4,2020,10746,29,2026,8,11
은평구,응암동,녹번역e편한세상캐슬,59.96,10,2021,59850,0,2026,8,5
은평구,녹번동,래미안베라힐즈,59.98,2,2019,42000,0,2026,8,5
은평구,대조동,베르디움STAY1,21.9733,10,2022,11500,23,2026,8,11
은평구,구산동,브라운스톤구산,84.89,6,2006,49000,0,2026,8,11
은평구,수색동,DMCSKVIEW,38.7353,16,2023,9498,25,2026,8,11
은평구,진관동,은평뉴타운솔하임,14.235,15,2017,1000,68,2026,8,4
은평구,갈현동,대한웰빙홈,25.07,4,2018,17600,0,2026,8,9
은평구,진관동,폭포동4단지힐스테이트(401~407동)임대BL2-10,84.95,13,2010,21748,0,2026,8,10
은평구,대조동,베르디움STAY1,36.2415,5,2022,12870,20,2026,8,8
은평구,증산동,DMC센트럴자이(2단지),39.66,11,2023,7386,36,2026,8,10
은평구,응암동,녹번역e편한세상캐슬,59.96,5,2021,52000,0,2026,8,5
은평구,대조동,베르디움STAY1,36.2275,8,2022,9200,14,2026,8,10
은평구,대조동,베르디움STAY1,38.9758,20,2022,17200,34,2026,8,10
은평구,대조동,베르디움STAY1,38.9758,21,2022,22200,14,2026,8,10
은평구,대조동,삼성타운,59.4,21,1997,42000,0,2026,8,8
은평구,녹번동,북한산푸르지오,114.98,17,2015,84000,0,2026,8,1
은평구,진관동,상림마을6단지푸르지오(606~614동)BL1-7,84.79,3,2008,7000,170,2026,8,6
은평구,수색동,DMCSK뷰아이파크포레,76.65,4,2025,63000,0,2026,8,10
은평구,수색동,DMC자이1단지,205.96,19,2009,30000,400,2026,8,8
은평구,응암동,백련산에스케이뷰아이파크,59.9335,7,2020,59000,0,2026,8,4
은평구,불광동,북한산힐스테이트1차아파트,84.369,5,2009,58000,0,2026,8,6
은평구,진관동,은평뉴타운솔하임,14.235,16,2017,1000,67,2026,8,10
은평구,신사동,은평자이더스타,49.9714,13,2026,23000,0,2026,8,8
은평구,신사동,현대1,84.17,1,1997,38000,0,2026,8,7
은평구,갈현동,갈현동현대,59.25,7,1997,30450,0,2026,8,9
은평구,녹번동,래미안베라힐즈,84.95,8,2019,75000,0,2026,8,8
은평구,진관동,우물골2단지두산위브(223~244동)BL2-7,101.49,1,2010,50000,10,2026,8,8
은평구,신사동,현대1,84.17,11,1997,35000,0,2026,8,8
은평구,녹번동,래미안베라힐즈,59.98,11,2019,20000,200,2026,8,8
은평구,대조동,서경아파트(15-58),24.98,6,2020,28225,0,2026,8,9
은평구,증산동,DMC센트럴자이(4단지),40.21,4,2023,9666,35,2026,8,10
은평구,증산동,DMC센트럴자이(3단지),84.88,11,2023,89250,0,2026,8,8
은평구,수색동,DMC파인시티자이,84.98,11,2025,78000,0,2026,8,8
은평구,신사동,이랜드타운아파트,59.982,6,2004,44500,0,2026,8,8
은평구,신사동,은평신사두산위브,84.997,9,2006,50000,0,2026,8,8
은평구,대조동,베르디움STAY1,36.2275,15,2022,21200,12,2026,8,7
은평구,수색동,DMC롯데캐슬더퍼스트,39.83,4,2021,40480,0,2026,8,7
은평구,구산동,구산주택,33.95,16,2022,9100,63,2026,8,7
은평구,신사동,은평신사두산위브,84.958,9,2006,500,30,2026,8,3
은평구,증산동,DMC센트럴자이(3단지),84.97,12,2023,20000,255,2026,8,1
은평구,대조동,유진아이디움,14.03,10,2019,1000,80,2026,8,2
은평구,불광동,그린라이프,84.54,4,2005,35000,0,2026,8,6
은평구,증산동,DMC센트럴자이(2단지),39.48,11,2023,10762,29,2026,8,6
은평구,증산동,DMC센트럴자이(2단지),39.66,5,2023,6997,35,2026,8,6
은평구,응암동,녹번역e편한세상캐슬,59.96,5,2021,52000,0,2026,8,5
은평구,수색동,DMCSK뷰아이파크포레,49.92,3,2025,56000,0,2026,8,6
은평구,진관동,힐데스하임,39.3,11,2017,43000,0,2026,8,5
은평구,응암동,힐스테이트녹번역,59.99,14,2022,61000,0,2026,8,6
은평구,대조동,베르디움STAY1,48.9148,25,2022,26100,16,2026,8,6
은평구,진관동,우물골2단지두산위브(204~208동)BL2-5,59.36,3,2009,15000,100,2026,8,6
은평구,녹번동,힐스테이트녹번,59.938,12,2019,61950,0,2026,8,6
은평구,수색동,DMC롯데캐슬더퍼스트,59.96,15,2021,30000,121,2026,8,5
은평구,대조동,베르디움STAY1,36.2275,10,2022,21200,12,2026,8,6
은평구,구산동,경향파크,124.81,2,1989,41000,0,2026,8,5
은평구,진관동,은평뉴타운 제각말 푸르지오(5-1단지),101.83,10,2010,65000,0,2026,8,6
은평구,응암동,힐스테이트녹번역,84.99,3,2022,73000,0,2026,8,6
은평구,수색동,DMC아트포레자이,59.9,10,2026,25000,130,2026,8,5
은평구,대조동,베르디움STAY1,36.2275,26,2022,21200,12,2026,8,6
은평구,응암동,녹번역e편한세상캐슬,59.97,9,2021,63000,0,2026,8,6
은평구,갈현동,천지홈타운,71.31,4,2003,15000,100,2026,8,6
은평구,갈현동,천지홈타운,71.31,4,2003,15000,100,2026,8,6
은평구,갈현동,대한웰빙홈,25.07,3,2018,17500,0,2026,8,5
은평구,대조동,베르디움STAY1,36.2275,6,2022,8584,22,2026,8,5
은평구,응암동,백련산에스케이뷰아이파크,84.9039,25,2020,73000,0,2026,8,4
은평구,응암동,백련산힐스테이트2차,59.85,6,2011,53000,0,2026,8,3
은평구,불광동,LUMINO816,17.65,15,2024,5900,41,2026,8,5
은평구,진관동,마고정3단지센트레빌(301~309동)BL2-11,134.96,2,2009,78000,0,2026,8,5
은평구,진관동,마고정3단지센트레빌(310~322동)BL2-3,167.14,6,2009,71400,0,2026,8,5
은평구,신사동,형진,68.54,7,1997,35000,0,2026,8,3
은평구,응암동,녹번역e편한세상캐슬,59.96,4,2021,50000,55,2026,8,1
은평구,증산동,DMC센트럴자이(4단지),40.21,17,2023,10898,29,2026,8,4
은평구,불광동,북한산힐스테이트7차,84.99,8,2011,30000,110,2026,8,3
은평구,불광동,북한산힐스테이트1차아파트,59.817,11,2009,52000,0,2026,8,1
은평구,불광동,북한산래미안아파트(2단지),59.9932,11,2010,52500,0,2026,8,1
은평구,응암동,힐스테이트녹번역,84.99,8,2022,83000,0,2026,8,1
은평구,응암동,힐스테이트녹번역,59.99,1,2022,65000,0,2026,8,2
은평구,응암동,녹번역e편한세상캐슬,59.96,9,2021,61000,12,2026,8,1
은평구,녹번동,힐스테이트녹번,59.938,7,2019,50000,50,2026,8,3
은평구,증산동,DMC월드,80.931,6,2002,52000,0,2026,8,1
은평구,응암동,녹번역e편한세상캐슬,84.98,2,2021,81000,0,2026,8,3
은평구,증산동,DMC센트럴자이(3단지),84.85,29,2023,84000,0,2026,8,3
은평구,진관동,우물골2단지두산위브(204~208동)BL2-5,59.71,3,2009,47000,0,2026,8,1
은평구,진관동,구파발9단지래미안(916~928동)BL3-2,84.98,7,2010,5000,170,2026,8,3
은평구,응암동,녹번역센트레빌,42.3,7,2013,710,22,2026,8,3
은평구,대조동,YS홈타운,16.52,6,2013,500,53,2026,8,4
은평구,응암동,녹번역센트레빌,42.3,7,2013,1777,19,2026,8,3
은평구,증산동,DMC센트럴자이(2단지),39.66,6,2023,9498,35,2026,8,3
은평구,응암동,백련산에스케이뷰아이파크,59.8545,17,2020,65000,0,2026,8,1
은평구,녹번동,북한산푸르지오,84.99,2,2015,63000,0,2026,8,2
은평구,진관동,폭포동4단지힐스테이트(426~428동)BL3-11,134.87,13,2010,40000,160,2026,8,1
은평구,수색동,DMC 진흥,57.5033,5,2003,42000,0,2026,8,1
은평구,진관동,우물골2단지두산위브(209~222동)BL2-8,84.49,8,2009,56700,0,2026,8,2
은평구,증산동,청록,84.9,4,2004,30000,50,2026,8,3
은평구,응암동,힐스테이트녹번역,41.5,5,2022,13088,46,2026,8,1
은평구,진관동,힐데스하임,40.63,11,2017,42000,0,2026,8,1
은평구,불광동,북한산힐스테이트7차,59.981,11,2011,50000,35,2026,8,1
은평구,응암동,백련산해모로,74.94,19,2020,65000,0,2026,8,1
은평구,응암동,백련산해모로,74.94,19,2020,65000,0,2026,8,1
은평구,진관동,힐데스하임,39.3,13,2017,43000,0,2026,8,1
은평구,수색동,DMCSK뷰아이파크포레,59.96,7,2025,59850,0,2026,8,1
은평구,불광동,북한산힐스테이트7차,59.981,1,2011,40000,80,2026,8,1
은평구,불광동,북한산래미안아파트(2단지),59.9932,13,2010,20000,105,2026,8,1
서대문구,영천동,독립문삼호,84.78,8,1995,20000,170,2026,8,22
서대문구,홍제동,홍제센트럴IPARK,84.9728,9,2020,82950,0,2026,8,20
서대문구,남가좌동,디엠씨엘가,13.03,9,2017,10500,23,2026,8,20
서대문구,홍제동,홍제역해링턴플레이스,84.99,11,2024,22000,0,2026,8,6
서대문구,북가좌동,DMC한양,105.88,12,1987,25000,120,2026,8,31
서대문구,대현동,이대경우타운,15.32,6,2018,1000,80,2026,8,14
서대문구,북가좌동,DMC한양,65.34,6,1987,38800,0,2026,8,31
서대문구,홍제동,청구1차,84.78,10,1994,5000,250,2026,8,1
서대문구,충정로3가,더스타일하우스디센트럴,21.056,19,2020,4695,48,2026,8,31
서대문구,북아현동,두산,59.96,15,1999,57000,0,2026,8,31
서대문구,북아현동,e편한세상신촌3단지,59.97,12,2018,82900,0,2026,8,15
서대문구,북아현동,e편한세상신촌1단지,84.98,12,2018,50000,220,2026,8,29
서대문구,대현동,신촌럭키,83.38,12,1999,73000,0,2026,8,30
서대문구,충정로3가,더스타일하우스디센트럴,16.0626,9,2020,3650,38,2026,8,31
서대문구,연희동,연희에스엠,68.06,3,2011,10000,0,2026,8,27
서대문구,홍은동,힐스테이트홍은포레스트,72.79,7,2023,60000,12,2026,8,22
서대문구,남가좌동,DMC파크뷰자이2단지,84.968,6,2015,30000,200,2026,8,31
서대문구,남가좌동,남가좌동현대,59.4,16,1999,50000,0,2026,8,31
서대문구,남가좌동,DMC래미안클라시스,59.97,1,2000,25000,110,2026,8,29
서대문구,영천동,독립문삼호,84.78,4,1995,30000,155,2026,8,28
서대문구,천연동,천연뜨란채,56.08,3,2006,4500,158,2026,8,21
서대문구,홍은동,홍은동벽산,142.98,4,1997,59300,0,2026,8,29
서대문구,남가좌동,DMC파크뷰자이1단지,121.614,7,2015,125000,0,2026,8,31
서대문구,홍제동,서대문푸르지오센트럴파크,55.25,7,2023,52500,0,2026,8,29
서대문구,연희동,연희자이엘라,13.642,9,2014,13000,10,2026,8,19
서대문구,북아현동,힐스테이트신촌,59.8404,18,2023,60000,49,2026,8,29
서대문구,남가좌동,DMC래미안클라시스,59.93,3,2000,51000,0,2026,8,17
서대문구,천연동,천연뜨란채,55.85,8,2006,15000,140,2026,8,20
서대문구,홍제동,서대문푸르지오센트럴파크,59.94,10,2023,30000,170,2026,8,29
서대문구,냉천동,돈의문센트레빌,84.99,11,2011,87000,0,2026,8,30
서대문구,홍제동,홍제원현대(459-0),59.93,15,2000,50000,0,2026,8,30
서대문구,홍제동,홍제역해링턴플레이스,59.96,18,2024,40000,150,2026,8,29
서대문구,북아현동,힐스테이트신촌,119.958,6,2023,90000,0,2026,8,30
서대문구,홍제동,홍제한양,60.06,14,1993,42000,0,2026,8,29
서대문구,북아현동,힐스테이트신촌,84.9876,9,2023,85000,0,2026,8,29
서대문구,북아현동,힐스테이트신촌,59.8404,9,2023,78000,0,2026,8,14
서대문구,충정로2가,현대,83.63,7,1992,30000,100,2026,8,8
서대문구,홍은동,서강2차(2동),151.2,1,1989,40425,0,2026,8,28
서대문구,북아현동,두산,59.96,11,1999,25000,120,2026,8,27
서대문구,북가좌동,DMC래미안e편한세상,84.92,6,2012,65000,50,2026,8,20
서대문구,현저동,독립문극동(200-0),59.58,21,1998,57000,0,2026,8,28
서대문구,창천동,(72-31),16.93,17,2023,1000,149,2026,8,19
서대문구,홍제동,인왕산현대,84.9,17,2000,65000,0,2026,8,28
서대문구,냉천동,동부센트레빌,59.86,16,2002,55000,0,2026,8,22
서대문구,냉천동,돈의문센트레빌,59.98,8,2011,65000,0,2026,8,27
서대문구,홍제동,서대문푸르지오센트럴파크,55.25,8,2023,51000,0,2026,8,27
서대문구,연희동,연희자이엘라,13.642,7,2014,1000,77,2026,8,19
서대문구,남가좌동,남가좌동현대,114.9,15,1999,55000,0,2026,8,26
서대문구,북가좌동,DMC래미안e편한세상,84.92,13,2012,80000,0,2026,8,28
서대문구,북아현동,힐스테이트신촌,84.9876,7,2023,68200,0,2026,8,27
서대문구,충정로3가,더스타일하우스디센트럴,36.1962,3,2020,7720,80,2026,8,19
서대문구,북가좌동,DMC래미안e편한세상,84.95,10,2012,35000,200,2026,8,22
서대문구,남가좌동,DMC금호리첸시아,59.8295,9,2024,30000,177,2026,8,27
서대문구,연희동,연희웨스트팰리스,13.12,6,2014,3000,61,2026,8,20
서대문구,현저동,독립문파크빌,59.4,2,2000,5000,140,2026,8,24
서대문구,북아현동,힐스테이트신촌,59.8404,3,2023,20000,240,2026,8,5
서대문구,남가좌동,DMC래미안클라시스,59.59,3,2000,50400,0,2026,8,23
서대문구,홍제동,인왕산현대,59.93,11,2000,15000,150,2026,8,26
서대문구,북아현동,힐스테이트신촌,52.8449,19,2023,63000,0,2026,8,26
서대문구,남가좌동,DMC파크뷰자이1단지,84.971,9,2015,79800,0,2026,8,1
서대문구,남가좌동,DMC금호리첸시아,74.343,5,2024,85000,0,2026,8,26
서대문구,충정로3가,더스타일하우스디센트럴,35.3732,12,2020,7550,80,2026,8,27
서대문구,현저동,독립문극동(200-0),84.87,20,1998,65000,10,2026,8,27
서대문구,홍제동,현대그린,84.96,12,1996,45500,0,2026,8,20
서대문구,북아현동,신촌푸르지오,84.9559,4,2015,91000,0,2026,8,11
서대문구,충정로3가,더스타일하우스디센트럴,17.6626,7,2020,5310,36,2026,8,26
서대문구,대현동,신촌자이엘라,29.63,23,2014,1000,145,2026,8,7
서대문구,홍제동,홍제원현대(459-0),84.9,13,2000,64000,0,2026,8,26
서대문구,북아현동,신촌푸르지오,84.9892,8,2015,82500,0,2026,8,8
서대문구,북아현동,신촌푸르지오,59.993,4,2015,52000,60,2026,8,25
서대문구,북아현동,두산,59.96,14,1999,5000,180,2026,8,24
서대문구,충정로3가,더스타일하우스디센트럴,17.6626,9,2020,4650,39,2026,8,26
서대문구,북아현동,e편한세상신촌4단지,59.9,12,2018,50000,120,2026,8,25
서대문구,충정로3가,더스타일하우스디센트럴,36.1962,16,2020,8980,75,2026,8,25
서대문구,홍제동,홍제한양,60.06,3,1993,20000,85,2026,8,21
서대문구,영천동,독립문삼호,75.66,4,1995,22000,74,2026,8,19
서대문구,홍은동,e편한세상서대문,59.991,25,2023,65000,0,2026,8,21
서대문구,남가좌동,DMC파크뷰자이1단지,59.981,8,2015,60100,0,2026,8,22
서대문구,홍제동,홍제삼성래미안,32.76,10,2001,33600,0,2026,8,24
서대문구,홍제동,성원,55.35,5,1998,3000,145,2026,8,1
서대문구,홍제동,홍제센트럴IPARK,84.9728,13,2020,69195,0,2026,8,26
서대문구,홍은동,홍은동아더프라임,74.8918,3,2014,58000,0,2026,8,25
서대문구,연희동,연희자이엘라,13.642,4,2014,1000,80,2026,8,18
서대문구,북가좌동,DMC래미안e편한세상,59.97,5,2012,73000,0,2026,8,25
서대문구,충정로3가,더스타일하우스디센트럴,26.5236,11,2020,5914,61,2026,8,18
서대문구,충정로3가,더스타일하우스디센트럴,16.0626,21,2020,4870,34,2026,8,21
서대문구,충정로3가,더스타일하우스디센트럴,17.6626,18,2020,3990,42,2026,8,25
서대문구,홍은동,"현대(1,2차)",59.96,10,1988,10000,120,2026,8,22
서대문구,남가좌동,디엠씨엘가,13.03,9,2017,10500,23,2026,8,20
서대문구,홍제동,태영으뜸(데시앙),48.97,8,1998,39000,0,2026,8,1
서대문구,대현동,신촌럭키,83.38,2,1999,20000,180,2026,8,18
서대문구,대현동,신촌럭키,83.38,6,1999,3500,200,2026,8,15
서대문구,충정로3가,더스타일하우스디센트럴,26.5236,13,2020,6900,57,2026,8,21
서대문구,북아현동,힐스테이트신촌,59.8404,17,2023,25000,220,2026,8,22
서대문구,홍제동,서대문푸르지오센트럴파크,84.95,14,2023,95000,0,2026,8,22
서대문구,냉천동,동부센트레빌,59.86,13,2002,55000,0,2026,8,23
서대문구,충정로3가,더스타일하우스디센트럴,21.056,14,2020,6260,43,2026,8,19
서대문구,홍제동,문화촌현대,59.94,4,2002,10000,158,2026,8,15
서대문구,북아현동,e편한세상신촌4단지,84.82,16,2018,80000,130,2026,8,8
서대문구,남가좌동,디엠씨엘가,30.36,10,2017,29000,0,2026,8,24
서대문구,대현동,신촌럭키,59.7,10,1999,50000,0,2026,8,22
서대문구,홍제동,유원하나,72.34,11,1996,40000,0,2026,8,22
서대문구,홍제동,제니스뷰아파트,57.62,10,2022,39900,0,2026,8,5
서대문구,천연동,천연뜨란채,56.08,6,2006,15000,140,2026,8,24
서대문구,북가좌동,DMC한양,65.34,13,1987,40000,0,2026,8,22
서대문구,현저동,독립문극동(200-0),84.87,1,1998,69000,0,2026,8,14
서대문구,홍제동,홍제역해링턴플레이스,84.95,15,2024,85000,0,2026,8,24
서대문구,남가좌동,DMC센트럴아이파크,84.95,12,2018,80000,0,2026,8,21
서대문구,남가좌동,DMC에코자이,59.79,3,2019,68000,0,2026,8,24
서대문구,북가좌동,DMC아이파크,59.96,13,2009,40000,100,2026,8,10
서대문구,홍은동,홍은센트레빌,84.84,13,2009,45000,20,2026,8,23
서대문구,홍제동,서대문푸르지오센트럴파크,84.95,14,2023,95000,0,2026,8,22
서대문구,연희동,대정이오스,29.76,2,2023,300,33,2026,8,22
서대문구,홍제동,서대문푸르지오센트럴파크,84.95,13,2023,77500,0,2026,8,22
서대문구,남가좌동,DMC래미안클라시스,114.88,13,2000,68000,0,2026,8,22
서대문구,대현동,신촌럭키,83.38,10,1999,20000,132,2026,8,22
서대문구,북아현동,힐스테이트신촌,55.9706,16,2023,67000,0,2026,8,21
서대문구,북아현동,힐스테이트신촌,59.8404,4,2023,77000,0,2026,8,21
서대문구,북가좌동,DMC래미안e편한세상,59.97,18,2012,10000,235,2026,8,22
서대문구,홍은동,e편한세상서대문,59.991,17,2023,63000,0,2026,8,21
서대문구,천연동,천연뜨란채,55.85,10,2006,59500,0,2026,8,21
서대문구,홍은동,극동,84.92,6,1995,38110,0,2026,8,21
서대문구,북아현동,힐스테이트신촌,84.9557,16,2023,80000,0,2026,8,23
서대문구,홍제동,서대문푸르지오센트럴파크,55.25,12,2023,56700,0,2026,8,22
서대문구,북아현동,두산,59.96,10,1999,55000,0,2026,8,22
서대문구,홍제동,서대문푸르지오센트럴파크,75.49,5,2023,55650,110,2026,8,21
서대문구,천연동,천연뜨란채,55.82,11,2006,45000,60,2026,8,23
서대문구,남가좌동,DMC센트레빌,114.85,5,2009,30000,150,2026,8,21
서대문구,홍은동,e편한세상서대문,59.991,25,2023,65000,0,2026,8,21
서대문구,북아현동,힐스테이트신촌,84.968,5,2023,88000,0,2026,8,22
서대문구,천연동,천연뜨란채,30.17,11,2006,35000,0,2026,8,22
서대문구,연희동,대정이오스,29.76,3,2023,300,34,2026,8,24
서대문구,현저동,독립문극동(200-0),84.87,4,1998,10000,260,2026,8,17
서대문구,홍제동,홍제센트럴IPARK,84.9728,8,2020,83000,0,2026,8,22
서대문구,홍은동,"현대(1,2차)",84.77,2,1988,51000,0,2026,8,23
서대문구,북아현동,e편한세상신촌2단지,84.93,7,2018,95000,0,2026,8,18
서대문구,현저동,독립문극동(200-0),84.87,1,1998,69000,0,2026,8,14
서대문구,남가좌동,디엠씨엘가,13.03,9,2017,10500,23,2026,8,20
서대문구,북아현동,신촌푸르지오,84.9892,11,2015,94000,0,2026,8,15
서대문구,남가좌동,DMC금호리첸시아,84.9901,4,2024,63000,50,2026,8,21
서대문구,남가좌동,DMC센트럴아이파크,84.9,4,2018,75000,0,2026,8,21
서대문구,남가좌동,남가좌동현대,59.4,5,1999,5000,157,2026,8,20
서대문구,홍제동,서대문푸르지오센트럴파크,49.5,12,2023,60000,0,2026,8,21
서대문구,현저동,독립문극동(200-0),59.58,21,1998,56000,36,2026,8,8
서대문구,홍제동,금호어울림,59.18,3,2016,26841,0,2026,8,20
서대문구,홍은동,힐스테이트홍은포레스트,72.79,5,2023,64050,0,2026,8,20
서대문구,홍은동,힐스테이트홍은포레스트,72.97,14,2023,70000,0,2026,8,19
서대문구,홍은동,극동,84.92,14,1995,35000,10,2026,8,20
서대문구,남가좌동,DMC파크뷰자이1단지,84.968,12,2015,82000,16,2026,8,8
서대문구,북아현동,신촌푸르지오,84.9572,2,2015,30000,230,2026,8,5
서대문구,북가좌동,DMC래미안e편한세상,84.97,16,2012,84000,0,2026,8,20
서대문구,북가좌동,DMC래미안e편한세상,84.97,12,2012,75000,0,2026,8,20
서대문구,남가좌동,DMC금호리첸시아,74.343,12,2024,81000,0,2026,8,8
서대문구,연희동,연희웨스트팰리스,13.12,5,2014,100,80,2026,8,13
서대문구,북아현동,힐스테이트신촌,37.969,8,2023,15270,39,2026,8,20
서대문구,홍제동,인왕산한신휴플러스,84.925,6,2009,70000,0,2026,8,6
서대문구,남가좌동,DMC에코자이,59.79,21,2019,71000,0,2026,8,18
서대문구,북가좌동,요진,59.04,8,1998,34000,0,2026,8,20
서대문구,홍은동,북한산두산위브,33.05,3,2020,9586,24,2026,8,19
서대문구,북아현동,신촌푸르지오,84.9559,8,2015,15000,300,2026,8,6
서대문구,남가좌동,DMC금호리첸시아,84.9901,15,2024,60000,120,2026,8,18
서대문구,현저동,독립문극동(201-0),27,7,1998,2139,5,2026,8,19
서대문구,북아현동,힐스테이트신촌,84.6043,11,2023,76300,0,2026,8,18
서대문구,남가좌동,DMC금호리첸시아,59.8295,6,2024,75000,0,2026,8,19
서대문구,연희동,대정이오스,29.76,3,2023,300,34,2026,8,19
서대문구,홍제동,홍제센트럴IPARK,59.9728,8,2020,57700,0,2026,8,8
서대문구,홍은동,북한산두산위브,84.98,12,2020,10000,200,2026,8,19
서대문구,연희동,대우푸르지오,59.584,1,2002,3000,200,2026,8,11
서대문구,홍제동,서대문푸르지오센트럴파크,59.94,4,2023,78000,0,2026,8,18
서대문구,남가좌동,디엠씨엘가,13.03,13,2017,14500,0,2026,8,8
서대문구,현저동,독립문극동(201-0),27,3,1998,3101,0,2026,8,19
서대문구,남가좌동,DMC금호리첸시아,84.9901,16,2024,62500,40,2026,8,10
서대문구,홍제동,인왕산현대,114.72,12,2000,20000,150,2026,8,18
서대문구,북가좌동,북가좌삼호,84.57,6,1996,50400,0,2026,8,19
서대문구,홍제동,문화촌현대,84.99,1,2002,20000,100,2026,8,16
서대문구,홍은동,북한산더샵,59.899,16,2017,50000,30,2026,8,18
서대문구,현저동,독립문극동(200-0),59.58,13,1998,10000,200,2026,8,18
서대문구,홍제동,홍제비콘드림힐,84.946,8,2006,52500,0,2026,8,18
서대문구,남가좌동,DMC파크뷰자이3단지,59.981,9,2015,72000,0,2026,8,18
서대문구,홍제동,청구1차,84.78,12,1994,61950,0,2026,8,18
서대문구,연희동,대정이오스,29.76,2,2023,300,33,2026,8,18
서대문구,북아현동,e편한세상신촌2단지,84.98,15,2018,92500,0,2026,8,14
서대문구,홍은동,홍은동벽산,84.96,9,1997,50000,0,2026,8,15
서대문구,대현동,파라타워,14.44,6,2020,20900,0,2026,8,14
서대문구,연희동,연희웨스트팰리스,13.12,5,2014,100,80,2026,8,13
서대문구,북아현동,신촌푸르지오,34.25,1,2015,43500,0,2026,8,18
서대문구,남가좌동,DMC래미안클라시스,84.9,2,2000,20000,150,2026,8,18
서대문구,북가좌동,DMC래미안e편한세상,84.94,6,2012,80000,0,2026,8,17
서대문구,홍제동,인왕산현대,59.93,9,2000,48000,0,2026,8,15
서대문구,북가좌동,DMC한양,84.33,12,1987,10000,125,2026,8,10
서대문구,북가좌동,DMC래미안e편한세상,59.97,5,2012,63000,0,2026,8,8
서대문구,연희동,대정이오스,29.76,3,2023,300,34,2026,8,18
서대문구,홍제동,홍제센트럴IPARK,84.9728,17,2020,56000,100,2026,8,13
서대문구,대현동,신촌럭키,59.7,13,1999,47000,0,2026,8,15
서대문구,홍제동,홍제한양,60.06,5,1993,39000,0,2026,8,17
서대문구,남가좌동,래미안루센티아,84.83,3,2020,76650,0,2026,8,8
서대문구,북가좌동,DMC휴먼빌아파트,84.99,8,2008,45000,50,2026,8,15
서대문구,홍은동,홍은동풍림아이원,116.101,7,2002,48000,0,2026,8,17
서대문구,남가좌동,래미안남가좌2차,59.788,11,2005,56700,0,2026,8,17
서대문구,북가좌동,DMC두산위브,84.9923,10,2007,58000,0,2026,8,3
서대문구,충정로3가,더스타일하우스디센트럴,35.3732,6,2020,7550,78,2026,8,14
서대문구,북가좌동,북가좌삼호,84.57,3,1996,58000,0,2026,8,8
서대문구,연희동,대정이오스,29.76,3,2023,300,34,2026,8,18
서대문구,홍제동,광산,53.45,6,1973,14000,0,2026,8,17
서대문구,홍제동,성원,41.5,11,1998,25000,30,2026,8,17
서대문구,충정로3가,더스타일하우스디센트럴,17.6626,6,2020,3990,42,2026,8,14
서대문구,남가좌동,디엠씨엘가,13.03,8,2017,1000,70,2026,8,15
서대문구,남가좌동,DMC금호리첸시아,59.9772,12,2024,30000,180,2026,8,8
서대문구,홍은동,북한산두산위브2차,59.7501,12,2021,44100,0,2026,8,15
서대문구,남가좌동,남가좌동현대,84.78,20,1999,53550,0,2026,8,14
서대문구,홍은동,e편한세상서대문,59.991,24,2023,63000,0,2026,8,15
서대문구,남가좌동,DMC에코자이,59.656,9,2019,66000,0,2026,8,15
서대문구,충정로3가,더스타일하우스디센트럴,36.1962,17,2020,7720,81,2026,8,10
서대문구,홍제동,서대문푸르지오센트럴파크,59.94,9,2023,75000,0,2026,8,15
서대문구,홍은동,홍은센트레빌,114.83,12,2009,69000,0,2026,8,15
서대문구,홍제동,서대문푸르지오센트럴파크,49.5,13,2023,52500,0,2026,8,17
서대문구,홍은동,e편한세상서대문,59.991,5,2023,71000,0,2026,8,15
서대문구,홍은동,서대문노블루체,27.59,13,2018,22800,15,2026,8,13
서대문구,북아현동,두산,59.96,9,1999,57000,0,2026,8,14
서대문구,홍은동,북한산두산위브,84.98,11,2020,60900,0,2026,8,12
서대문구,남가좌동,DMC금호리첸시아,59.9772,29,2024,73000,0,2026,8,7
서대문구,홍제동,홍제원현대(459-0),59.93,16,2000,58000,0,2026,8,14
서대문구,북아현동,힐스테이트신촌,59.8404,9,2023,78000,0,2026,8,14
서대문구,홍제동,홍제역해링턴플레이스,84.95,10,2024,82000,0,2026,8,1
서대문구,연희동,성원,59.61,7,2001,39000,0,2026,8,14
서대문구,홍은동,동원베네스트,84.9573,7,2012,49000,0,2026,8,12
서대문구,홍은동,힐스테이트홍은포레스트,72.79,7,2023,67000,0,2026,8,14
서대문구,북가좌동,DMC래미안e편한세상,84.92,9,2012,88000,0,2026,8,2
서대문구,북아현동,신촌푸르지오,84.9953,13,2015,10000,340,2026,8,9
서대문구,남가좌동,DMC에코자이,39.885,6,2019,13593,34,2026,8,13
서대문구,홍은동,e편한세상서대문,59.986,10,2023,63000,0,2026,8,13
서대문구,홍제동,인왕산현대,59.93,1,2000,31500,0,2026,8,13
서대문구,북아현동,힐스테이트신촌,59.8404,5,2023,10000,240,2026,8,14
서대문구,현저동,독립문극동(200-0),84.87,10,1998,10000,260,2026,8,4
서대문구,북가좌동,DMC현대아파트,84.95,6,2000,45700,0,2026,8,8
서대문구,남가좌동,DMC센트럴아이파크,84.9,16,2018,72400,0,2026,8,13
서대문구,홍은동,북한산두산위브,84.99,12,2020,46300,0,2026,8,8
서대문구,남가좌동,DMC에코자이,39.885,8,2019,13593,34,2026,8,13
서대문구,남가좌동,DMC파크뷰자이1단지,84.968,8,2015,82000,0,2026,8,13
서대문구,홍제동,서대문푸르지오센트럴파크,84.98,11,2023,57000,150,2026,8,11
서대문구,남가좌동,디엠씨엘가,13.03,11,2017,1000,70,2026,8,10
서대문구,남가좌동,DMC에코자이,84.978,8,2019,10000,300,2026,8,13
서대문구,북아현동,힐스테이트신촌,84.6043,7,2023,70000,40,2026,8,4
서대문구,냉천동,동부센트레빌,59.86,9,2002,10000,96,2026,8,8
서대문구,홍제동,홍제역해링턴플레이스,84.99,11,2024,22000,0,2026,8,6
서대문구,북아현동,힐스테이트신촌,84.6043,7,2023,70000,40,2026,8,4
서대문구,연희동,연희자이엘라,13.642,2,2014,1000,78,2026,8,1
서대문구,남가좌동,래미안루센티아,34.12,6,2020,10458,26,2026,8,13
서대문구,홍은동,홍은동아더프라임,74.8918,4,2014,54600,0,2026,8,13
서대문구,남가좌동,래미안루센티아,34.12,3,2020,10458,26,2026,8,12
서대문구,북아현동,e편한세상신촌1단지,32.74,2,2018,12452,32,2026,8,12
서대문구,창천동,(72-31),16.83,18,2023,1000,144,2026,8,5
서대문구,남가좌동,디엠씨엘가,13.03,11,2017,1000,70,2026,8,10
서대문구,남가좌동,래미안루센티아,84.83,13,2020,85000,0,2026,8,2
서대문구,북아현동,e편한세상신촌1단지,32.74,7,2018,12215,33,2026,8,12
서대문구,북아현동,e편한세상신촌1단지,32.74,10,2018,10735,41,2026,8,12
서대문구,남가좌동,래미안루센티아,34.12,9,2020,10458,26,2026,8,12
서대문구,북아현동,힐스테이트신촌,84.6043,10,2023,82000,0,2026,8,12
서대문구,홍제동,홍제한양,60.06,3,1993,15000,108,2026,8,11
서대문구,연희동,대우푸르지오,59.584,1,2002,5000,195,2026,8,11
서대문구,남가좌동,DMC파크뷰자이2단지,84.968,18,2015,57750,0,2026,8,12
서대문구,홍은동,동아빌라(188-72),164.92,7,1992,60000,0,2026,8,5
서대문구,북아현동,힐스테이트신촌,55.9706,5,2023,60800,55,2026,8,12
서대문구,홍은동,풍림2,58.5,4,1990,38850,0,2026,8,1
서대문구,북가좌동,월드컵현대,59.56,2,1998,20000,80,2026,8,8
서대문구,대현동,신촌럭키,83.38,12,1999,53800,0,2026,8,8
서대문구,냉천동,동부센트레빌,59.86,9,2002,10000,97,2026,8,8
서대문구,홍제동,인왕산벽산,84.63,15,2003,10000,180,2026,8,11
서대문구,남가좌동,래미안루센티아,34.12,11,2020,10458,26,2026,8,11
서대문구,홍제동,홍제원현대(459-0),59.93,1,2000,40000,0,2026,8,8
서대문구,북아현동,e편한세상신촌2단지,84.95,11,2018,85000,0,2026,8,11
서대문구,홍제동,홍제센트럴IPARK,59.9728,8,2020,57700,0,2026,8,8
서대문구,남가좌동,래미안루센티아,34.12,2,2020,10458,26,2026,8,11
서대문구,북아현동,e편한세상신촌3단지,84.93,12,2018,95000,0,2026,8,11
서대문구,남가좌동,래미안루센티아,34.12,10,2020,9876,24,2026,8,11
서대문구,충정로3가,더스타일하우스디센트럴,26.5236,5,2020,7886,55,2026,8,10
서대문구,충정로3가,더스타일하우스디센트럴,39.8291,12,2020,11280,75,2026,8,10
서대문구,남가좌동,남가좌동현대,114.9,1,1999,64000,0,2026,8,1
서대문구,냉천동,동부센트레빌,114.92,7,2002,73500,0,2026,8,8
서대문구,충정로3가,더스타일하우스디센트럴,17.6626,22,2020,5310,37,2026,8,10
서대문구,홍제동,홍제한양,60.06,15,1993,37800,0,2026,8,11
서대문구,북아현동,두산,59.96,15,1999,55000,0,2026,8,10
서대문구,북아현동,두산,59.96,2,1999,35000,65,2026,8,11
서대문구,북아현동,e편한세상신촌3단지,59.85,4,2018,83500,0,2026,8,11
서대문구,홍제동,서대문푸르지오센트럴파크,59.94,15,2023,52500,0,2026,8,9
서대문구,북아현동,e편한세상신촌3단지,59.96,2,2018,76650,0,2026,8,8
서대문구,남가좌동,DMC센트레빌,59.95,2,2009,50000,0,2026,8,6
서대문구,홍제동,홍제한양,60.06,14,1993,42000,0,2026,8,8
서대문구,충정로3가,충림예하임,84.6,2,2010,52000,0,2026,8,4
서대문구,홍제동,성원,55.35,9,1998,41000,0,2026,8,8
서대문구,남가좌동,DMC파크뷰자이2단지,84.99,25,2015,80000,0,2026,8,8
서대문구,북아현동,두산,59.96,16,1999,40790,0,2026,8,7
서대문구,홍은동,홍은동벽산,58.64,9,1997,42000,0,2026,8,1
서대문구,북아현동,e편한세상신촌4단지,59.9,30,2018,87000,0,2026,8,8
서대문구,홍제동,인왕산현대,59.93,7,2000,51000,0,2026,8,8
서대문구,홍제동,홍제한양,60.06,12,1993,46000,0,2026,8,8
서대문구,천연동,천연뜨란채,55.82,13,2006,50000,0,2026,8,8
서대문구,홍제동,홍제한양,60.06,2,1993,30000,50,2026,8,8
서대문구,홍은동,e편한세상서대문,59.986,16,2023,65000,0,2026,8,8
서대문구,충정로3가,더스타일하우스디센트럴,36.1962,10,2020,7720,81,2026,8,5
서대문구,충정로3가,더스타일하우스디센트럴,35.858,3,2020,7650,80,2026,8,7
서대문구,홍제동,청구1차,84.78,7,1994,50000,25,2026,8,6
서대문구,홍은동,e편한세상서대문,59.991,16,2023,30000,150,2026,8,8
서대문구,북아현동,두산,59.96,17,1999,52000,0,2026,8,6
서대문구,홍제동,문화촌현대,84.99,8,2002,20000,140,2026,8,7
서대문구,냉천동,돈의문센트레빌,59.98,12,2011,35000,140,2026,8,2
서대문구,남가좌동,DMC파크뷰자이1단지,120.492,10,2015,45200,240,2026,8,6
서대문구,북가좌동,DMC래미안e편한세상,84.95,7,2012,83000,0,2026,8,7
서대문구,북아현동,e편한세상신촌3단지,84.95,1,2018,93000,0,2026,8,7
서대문구,북아현동,신촌푸르지오,59.993,3,2015,25000,210,2026,8,6
서대문구,홍은동,"현대(1,2차)",74.52,10,1988,45000,0,2026,8,5
서대문구,대현동,파라타워,15.792,4,2020,19600,0,2026,8,3
서대문구,남가좌동,DMC센트럴아이파크,84.94,14,2018,53900,0,2026,8,7
서대문구,남가좌동,DMC파크뷰자이1단지,84.971,29,2015,90000,0,2026,8,7
서대문구,대현동,신촌럭키,59.7,14,1999,44100,0,2026,8,7
서대문구,남가좌동,DMC센트럴아이파크,84.94,12,2018,50000,114,2026,8,6
서대문구,남가좌동,DMC파크뷰자이1단지,121.614,14,2015,117500,0,2026,8,6
서대문구,북가좌동,북가좌삼호,114.03,14,1996,42000,80,2026,8,6
서대문구,북아현동,문영센스빌,83.49,1,2002,37000,0,2026,8,6
서대문구,홍제동,청구1차,84.78,1,1994,31600,0,2026,8,5
서대문구,홍제동,홍제한양,84.77,11,1993,57000,0,2026,8,6
서대문구,홍제동,청구1차,84.78,14,1994,30000,140,2026,8,6
서대문구,홍제동,홍제삼성래미안,60,1,2001,50000,0,2026,8,6
서대문구,홍제동,인왕산현대,59.93,14,2000,10000,160,2026,8,4
서대문구,홍제동,유원하나,103.11,3,1996,28000,75,2026,8,3
서대문구,홍은동,"현대(1,2차)",84.77,1,1988,40000,0,2026,8,6
서대문구,북아현동,신촌푸르지오,84.9572,2,2015,30000,230,2026,8,5
서대문구,충정로3가,충정리시온,44.88,11,2004,14000,90,2026,8,5
서대문구,홍제동,현대그린,84.96,13,1996,53000,0,2026,8,4
서대문구,홍제동,홍제한양,60.06,13,1993,42000,0,2026,8,5
서대문구,홍제동,홍제센트럴IPARK,84.9728,12,2020,70000,0,2026,8,5
서대문구,북아현동,e편한세상신촌2단지,32.74,13,2018,1357,45,2026,8,4
서대문구,북아현동,신촌푸르지오,84.9953,8,2015,84000,0,2026,8,3
서대문구,홍제동,성원,55.35,5,1998,3000,145,2026,8,1
서대문구,홍제동,홍제한양,60.06,7,1993,38850,0,2026,8,4
서대문구,현저동,독립문극동(200-0),59.58,19,1998,20000,150,2026,8,1
서대문구,홍제동,홍제한양,84.77,11,1993,55000,0,2026,8,1
서대문구,북아현동,힐스테이트신촌,84.9715,13,2023,77490,0,2026,8,4
서대문구,충정로3가,충정솔레디움(101동),80.47,2,2005,3000,147,2026,8,3
서대문구,연희동,선명(102동),62.54,6,2004,40000,0,2026,8,1
서대문구,북가좌동,DMC래미안e편한세상,120.91,11,2012,92500,0,2026,8,1
서대문구,현저동,독립문극동(200-0),84.87,9,1998,67000,0,2026,8,1
서대문구,남가좌동,DMC금호리첸시아,59.9772,10,2024,60300,0,2026,8,1
서대문구,남가좌동,DMC파크뷰자이1단지,84.968,6,2015,72747,0,2026,8,2
서대문구,북아현동,힐스테이트신촌,52.8449,2,2023,52500,0,2026,8,1
서대문구,남가좌동,DMC센트럴아이파크,59.91,16,2018,66000,0,2026,8,1
서대문구,현저동,독립문극동(200-0),59.58,20,1998,30000,110,2026,8,1
서대문구,홍제동,홍제역해링턴플레이스,59.99,4,2024,63000,0,2026,8,1
서대문구,영천동,독립문삼호,75.66,16,1995,2000,155,2026,8,3
서대문구,북가좌동,DMC두산위브,84.9923,10,2007,58000,0,2026,8,3
마포구,서교동,서교동효성해링턴타워,37.17,21,2020,12240,79,2026,8,26
마포구,대흥동,마포그랑자이,59.96,18,2020,30000,260,2026,8,15
마포구,대흥동,마포그랑자이,59.96,13,2020,10000,340,2026,8,22
마포구,공덕동,마포현대,84.87,7,1988,56500,0,2026,8,13
마포구,성산동,성산시영(대우),50.03,5,1986,31500,0,2026,8,8
마포구,상암동,상암월드컵파크11단지,84.89,10,2010,26406,0,2026,8,10
마포구,신정동,서강GS,84.4,1,1999,65500,0,2026,8,7
마포구,서교동,서교동효성해링턴타워,37.17,8,2020,13760,76,2026,8,31
마포구,상암동,상암월드컵파크10단지,59.37,12,2010,19132,0,2026,8,31
마포구,망원동,마포한강제이스카이,49.738,2,2019,30000,80,2026,8,28
마포구,창전동,창전래미안,84.93,6,1998,72000,0,2026,8,29
마포구,하중동,한강밤섬자이,138.08,10,2010,120000,135,2026,8,5
마포구,신수동,마포아이파크포레,111.103,7,2019,30000,430,2026,8,9
마포구,도화동,한화오벨리스크,38.08,11,2004,2000,140,2026,8,7
마포구,용강동,마포대림1,130.64,4,2002,110000,0,2026,8,26
마포구,신수동,힐스테이트마포더퍼스트,84.98,11,2026,1000,120,2026,8,29
마포구,서교동,LuckyVille,27.81,3,2002,1000,75,2026,8,29
마포구,도화동,우성,68.94,11,1991,57000,0,2026,8,15
마포구,성산동,성산시영(선경),50.54,12,1986,34000,0,2026,8,5
마포구,염리동,염리삼성래미안,84.96,15,2001,78750,0,2026,8,13
마포구,토정동,한강삼성,59.76,13,1997,65000,0,2026,8,20
마포구,아현동,마포센트럴 아이파크,84.9699,5,2017,92400,0,2026,8,27
마포구,상암동,상암월드컵파크2단지,59.92,6,2003,45990,0,2026,8,29
마포구,상암동,상암월드컵파크11단지,59.69,13,2010,16408,0,2026,8,31
마포구,염리동,상록,49.8,8,1997,33173,0,2026,8,25
마포구,성산동,성산시영(선경),50.54,8,1986,5000,120,2026,8,26
마포구,신공덕동,대우메트로디오빌,34.39,22,2005,1000,175,2026,8,18
마포구,성산동,성산시영(선경),50.54,1,1986,4000,95,2026,8,7
마포구,아현동,마포센트럴 아이파크,84.9668,15,2017,100000,0,2026,8,22
마포구,공덕동,래미안공덕5차,84.859,11,2011,20000,300,2026,8,8
마포구,성산동,성산시영(대우),50.03,1,1986,33000,0,2026,8,29
마포구,성산동,성산시영(선경),50.54,8,1986,33600,0,2026,8,29
마포구,상암동,상암월드컵파크2단지,49.9,5,2003,20000,120,2026,8,29
마포구,중동,마포중동현대,114.93,21,2001,30000,170,2026,8,29
마포구,서교동,대우미래사랑,34.29,3,2005,4000,70,2026,8,21
마포구,도화동,한화오벨리스크,38.08,12,2004,2000,150,2026,8,12
마포구,노고산동,신촌포스빌,32.34,14,2004,22500,0,2026,8,10
마포구,염리동,염리삼성래미안,84.96,6,2001,90000,0,2026,8,25
마포구,상암동,상암월드컵파크11단지,59.37,5,2010,15627,0,2026,8,24
마포구,서교동,서교동효성해링턴타워,37.17,21,2020,13760,76,2026,8,28
마포구,노고산동,빌리브디에이블,38.39,9,2025,3000,270,2026,8,17
마포구,용강동,래미안마포리버웰,59.98,12,2015,20000,300,2026,8,30
마포구,용강동,마포용강삼성래미안,84.2,15,2003,94500,0,2026,8,24
마포구,토정동,한강삼성,84.96,2,1997,77000,0,2026,8,2
마포구,상암동,상암월드컵파크11단지,59.73,4,2010,15627,0,2026,8,28
마포구,노고산동,신촌포스빌,32.34,7,2004,1000,110,2026,8,21
마포구,대흥동,대흥동태영아파트,114.93,16,1999,85000,120,2026,8,22
마포구,공덕동,마포현대,59.95,14,1988,50000,0,2026,8,25
마포구,공덕동,마포현대,72.49,15,1988,30000,80,2026,8,29
마포구,아현동,더클래시,59.5,16,2022,1000,235,2026,8,27
마포구,현석동,강변힐스테이트,59.54,9,2004,10000,200,2026,8,5
마포구,상암동,상암월드컵파크5단지,84.75,8,2005,5000,330,2026,8,29
마포구,아현동,세민하이파크,14.05,10,2022,1000,140,2026,8,25
마포구,대흥동,마포그랑자이,84.98,13,2020,135000,0,2026,8,4
마포구,아현동,공덕자이,59.99,19,2015,20000,250,2026,8,8
마포구,서교동,서교동효성해링턴타워,17.93,10,2020,6120,40,2026,8,28
마포구,신공덕동,펜트라우스,152.85,6,2011,100000,220,2026,8,28
마포구,망원동,신부파스카5차,37.21,3,2013,20000,30,2026,8,27
마포구,성산동,성산시영(선경),50.54,13,1986,36000,0,2026,8,28
마포구,신수동,힐스테이트마포더퍼스트,84.98,14,2026,77000,0,2026,8,26
마포구,상수동,상수두산위브,84.79,15,2004,82000,0,2026,8,15
마포구,상암동,상암월드컵파크3단지,84.84,6,2003,70000,0,2026,8,28
마포구,노고산동,빌리브디에이블,38.39,22,2025,54000,0,2026,8,1
마포구,염리동,마포자이더센트리지(102동~112동),84.866,11,2022,80000,15,2026,8,28
마포구,토정동,한강삼성,59.76,11,1997,10000,180,2026,8,28
마포구,염리동,마포자이더센트리지(102동~112동),84.866,17,2022,90000,95,2026,8,2
마포구,상암동,상암월드컵파크10단지,59.69,9,2010,20997,0,2026,8,28
마포구,아현동,마포래미안푸르지오4단지,59.9656,6,2014,79000,0,2026,8,14
마포구,상암동,상암월드컵파크4단지,84.81,10,2006,75600,0,2026,8,28
마포구,용강동,래미안마포리버웰,84.98,9,2015,112000,0,2026,8,27
마포구,서교동,메세나폴리스,148.981,26,2012,184100,0,2026,8,24
마포구,상암동,상암월드컵파크2단지,59.92,2,2003,3000,194,2026,8,25
마포구,상암동,상암월드컵파크10단지,59.85,2,2010,15944,0,2026,8,28
마포구,상암동,상암월드컵파크11단지,59.73,11,2010,15627,0,2026,8,27
마포구,아현동,마포래미안푸르지오2단지,84.5978,5,2014,50000,230,2026,8,22
마포구,상수동,래미안밤섬리베뉴Ⅱ,59.99,8,2014,79500,0,2026,8,22
마포구,성산동,성산시영(유원),59.43,8,1986,45000,0,2026,8,1
마포구,신공덕동,펜트라우스,103.04,5,2011,110000,0,2026,8,7
마포구,창전동,서강예가,84.988,2,2007,76650,0,2026,8,28
마포구,상수동,상수크리원,30.81,13,2021,12900,71,2026,8,27
마포구,성산동,성산시영(선경),50.54,10,1986,33000,0,2026,8,27
마포구,아현동,더클래시,43.27,9,2022,67000,0,2026,8,1
마포구,창전동,신촌금호,84.86,4,2001,65000,0,2026,8,6
마포구,용강동,이편한세상마포리버파크,59.98,9,2016,44100,110,2026,8,27
마포구,성산동,성산시영(선경),50.54,7,1986,30200,0,2026,8,27
마포구,상암동,상암월드컵파크2단지,59.84,13,2003,10000,200,2026,8,22
마포구,서교동,서교동효성해링턴타워,37.17,10,2020,12240,81,2026,8,26
마포구,서교동,서교동효성해링턴타워,17.93,7,2020,5350,42,2026,8,27
마포구,신수동,밤섬경남아너스빌,84.83,5,2009,77000,0,2026,8,24
마포구,상수동,래미안밤섬리베뉴Ⅰ,84.99,11,2014,92000,0,2026,8,25
마포구,상암동,상암월드컵파크11단지,114.72,10,2010,32145,0,2026,8,25
마포구,신수동,힐스테이트마포더퍼스트,59.18,16,2026,85000,0,2026,8,26
마포구,성산동,성산시영(유원),59.43,5,1986,42000,0,2026,8,25
마포구,창전동,이랜드PEER신촌,17.296,6,2021,5337,28,2026,8,27
마포구,상수동,상수크리원,30.07,13,2021,16100,60,2026,8,6
마포구,하중동,한강밤섬자이,132.54,20,2010,50000,500,2026,8,20
마포구,성산동,성산시영(대우),50.03,12,1986,30000,0,2026,8,26
마포구,성산동,성산시영(대우),50.03,12,1986,25200,0,2026,8,1
마포구,서교동,서교푸르지오,92.448,17,2004,78000,0,2026,8,26
마포구,노고산동,빌리브디에이블,49.93,23,2025,70000,0,2026,8,15
마포구,현석동,강변힐스테이트,59.54,16,2004,60000,0,2026,8,26
마포구,신수동,마포아이파크포레,59.751,16,2019,30000,245,2026,8,5
마포구,공덕동,공덕3삼성래미안,84.98,5,2004,95000,0,2026,8,27
마포구,아현동,더클래시,59.5,2,2022,70000,100,2026,8,27
마포구,성산동,노블에비뉴,31.728,4,2015,16000,60,2026,8,21
마포구,상암동,상암월드컵파크11단지,59.37,7,2010,18752,0,2026,8,27
마포구,공덕동,마포현대,54.81,4,1988,40000,0,2026,8,16
마포구,서교동,서교동효성해링턴타워,37.17,16,2020,13760,76,2026,8,27
마포구,아현동,마포래미안푸르지오1단지,84.8919,9,2014,105000,0,2026,8,20
마포구,망원동,탑건진선미,67.85,8,2004,56700,0,2026,8,27
마포구,용강동,마포용강삼성래미안,84.2,11,2003,40000,240,2026,8,22
마포구,성산동,성산시영(대우),50.03,9,1986,2000,125,2026,8,3
마포구,아현동,마포래미안푸르지오2단지,84.3884,2,2014,105000,0,2026,8,26
마포구,공덕동,공덕2삼성래미안,84.94,4,2004,75000,0,2026,8,27
마포구,상암동,상암월드컵파크6단지,104.32,5,2005,87000,0,2026,8,26
마포구,망원동,마포한강아이파크,59.3813,3,2019,57881,13,2026,8,20
마포구,도화동,마포트라팰리스,97.6,5,2006,58000,105,2026,8,25
마포구,염리동,마포자이더센트리지(102동~112동),84.866,15,2022,102000,0,2026,8,26
마포구,공덕동,공덕3삼성래미안,59.97,16,2004,10000,280,2026,8,9
마포구,서교동,서교동효성해링턴타워,37.17,12,2020,13760,76,2026,8,25
마포구,상암동,상암월드컵파크11단지,49.58,12,2010,8162,12,2026,8,27
마포구,성산동,성산임대아파트,39.82,4,1991,753,10,2026,8,26
마포구,공덕동,래미안공덕5차,59.959,11,2011,43000,164,2026,8,26
마포구,합정동,두영이지안,65.49,1,2005,42900,10,2026,8,26
마포구,서교동,서교동효성해링턴타워,37.17,16,2020,13760,75,2026,8,26
마포구,대흥동,대흥동태영아파트,59.4,6,1999,60900,0,2026,8,24
마포구,서교동,서교푸르지오,92.448,18,2004,75000,0,2026,8,20
마포구,서교동,서교동효성해링턴타워,37.17,3,2020,13760,77,2026,8,26
마포구,신수동,신수동성원,59.76,10,1998,50000,62,2026,8,26
마포구,공덕동,공덕1삼성래미안,59.74,1,1999,62000,0,2026,8,25
마포구,신수동,힐스테이트마포더퍼스트,59.18,23,2026,84000,0,2026,8,26
마포구,서교동,서교동효성해링턴타워,37.17,4,2020,13760,76,2026,8,26
마포구,망원동,마포한강아이파크,59.3883,13,2019,73000,0,2026,8,21
마포구,서교동,대아,101.49,7,1997,68000,0,2026,8,15
마포구,상암동,상암월드컵파크9단지,84.94,2,2010,70000,0,2026,8,21
마포구,도화동,현대홈타운,84.95,12,2000,5000,260,2026,8,22
마포구,창전동,이랜드PEER신촌,17.296,8,2021,5337,28,2026,8,26
마포구,염리동,마포자이더센트리지(102동~112동),84.987,14,2022,115000,0,2026,8,6
마포구,염리동,마포프레스티지자이,59.8772,17,2021,40000,240,2026,8,25
마포구,합정동,마포한강2차푸르지오,83.45,22,2016,90000,0,2026,8,22
마포구,아현동,마포래미안푸르지오1단지,84.8919,11,2014,110000,0,2026,8,26
마포구,상암동,상암월드컵파크6단지,104.32,5,2005,87000,0,2026,8,26
마포구,상암동,상암월드컵파크2단지,59.84,18,2003,20000,150,2026,8,26
마포구,창전동,신촌금호,59.21,9,2001,58000,0,2026,8,25
마포구,상암동,상암월드컵파크11단지,59.37,5,2010,15627,0,2026,8,25
마포구,상암동,상암월드컵파크4단지,84.66,26,2006,72450,0,2026,8,22
마포구,염리동,마포프레스티지자이,59.7848,14,2021,95000,0,2026,8,26
마포구,염리동,마포프레스티지자이,42.9683,10,2021,20000,200,2026,8,8
마포구,신공덕동,신공덕e편한세상,59.62,1,2007,25000,190,2026,8,21
마포구,망원동,예향,84.75,3,2001,54000,0,2026,8,25
마포구,공덕동,래미안공덕5차,39.979,2,2011,8405,0,2026,8,26
마포구,공덕동,래미안공덕5차,59.959,1,2011,70000,35,2026,8,24
마포구,공덕동,마포현대,59.95,1,1988,46500,0,2026,8,22
마포구,아현동,공덕자이,114.99,6,2015,130000,0,2026,8,24
마포구,상암동,DMCVILLE,49.41,11,2006,0,235,2026,8,20
마포구,상암동,상암월드컵파크3단지,84.94,1,2003,60000,0,2026,8,22
마포구,노고산동,신촌예스빌딩,12.57,5,2015,1000,68,2026,8,25
마포구,망원동,탑건진선미,84.95,9,2004,61000,0,2026,8,21
마포구,상암동,상암월드컵파크6단지,104.32,5,2005,10000,280,2026,8,13
마포구,창전동,해모로,59.867,6,2007,60100,0,2026,8,1
마포구,상암동,DMCVILLE,49.24,4,2006,0,215,2026,8,10
마포구,상암동,DMCVILLE,84.15,6,2006,0,306,2026,8,5
마포구,현석동,래미안웰스트림,84.98,3,2016,82545,0,2026,8,22
마포구,신수동,대원칸타빌,84.873,11,2004,68000,22,2026,8,15
마포구,상수동,신구강변연가,152.336,10,2004,56000,270,2026,8,19
마포구,상암동,DMCVILLE,84.15,11,2006,0,363,2026,8,8
마포구,연남동,휴먼,84.63,4,2003,15000,75,2026,8,1
마포구,상암동,상암월드컵파크11단지,49.58,7,2010,6386,44,2026,8,24
마포구,아현동,더클래시,59.97,5,2022,40000,175,2026,8,20
마포구,염리동,마포자이,135.376,16,2003,128000,0,2026,8,8
마포구,상암동,DMCVILLE,117.19,10,2006,0,471,2026,8,4
마포구,공덕동,공덕2삼성래미안,59.97,4,2004,40000,90,2026,8,18
마포구,상암동,상암월드컵파크11단지,114.26,7,2010,32145,0,2026,8,25
마포구,망원동,미원2,59.79,10,1997,3000,110,2026,8,24
마포구,신공덕동,브라운스톤공덕아파트,59.89,4,2009,10000,270,2026,8,3
마포구,아현동,애오개아이파크,27.64,8,2016,22600,59,2026,8,25
마포구,상암동,상암월드컵파크10단지,49.58,3,2010,6412,24,2026,8,21
마포구,신수동,벽산솔렌스힐,84.9854,5,2007,40000,210,2026,8,22
마포구,상암동,상암월드컵파크11단지,59.37,7,2010,15627,0,2026,8,24
마포구,도화동,한화오벨리스크,38.08,12,2004,2000,140,2026,8,22
마포구,상암동,상암월드컵파크1단지,49.53,19,2003,2073,29,2026,8,25
마포구,신수동,밤섬경남아너스빌,84.83,22,2009,77000,0,2026,8,20
마포구,창전동,서강예가,59.983,3,2007,67000,0,2026,8,14
마포구,망원동,신부파스카5차,37.21,5,2013,28500,0,2026,8,24
마포구,상암동,상암월드컵파크9단지,39.48,1,2010,3099,25,2026,8,24
마포구,도화동,우성,141.515,3,1991,80000,0,2026,8,22
마포구,염리동,마포자이,113.803,11,2003,80000,200,2026,8,22
마포구,아현동,마포래미안푸르지오2단지,59.9452,4,2014,37000,50,2026,8,22
마포구,서교동,서교동효성해링턴타워,37.17,4,2020,13760,76,2026,8,24
마포구,상암동,상암월드컵파크9단지,59.85,1,2010,18200,0,2026,8,24
마포구,토정동,한강삼성,59.76,14,1997,65000,0,2026,8,21
마포구,대흥동,대흥동태영아파트,84.77,14,1999,83000,0,2026,8,22
마포구,신공덕동,펜트라우스,152.85,21,2011,137000,0,2026,8,14
마포구,도화동,우성,68.94,10,1991,54100,0,2026,8,1
마포구,대흥동,대흥동태영아파트,59.4,7,1999,47000,80,2026,8,19
마포구,용강동,이편한세상마포리버파크,59.98,9,2016,90000,0,2026,8,22
마포구,성산동,성산시영(유원),59.43,13,1986,10000,120,2026,8,22
마포구,공덕동,공덕SK리더스뷰,40.7,23,2021,21240,58,2026,8,24
마포구,용강동,래미안마포리버웰,84.98,12,2015,115000,0,2026,8,22
마포구,상암동,상암월드컵파크11단지,114.26,6,2010,32145,0,2026,8,24
마포구,성산동,성산시영(선경),50.54,2,1986,26000,0,2026,8,10
마포구,아현동,더클래시,43.64,10,2022,70000,0,2026,8,6
마포구,신공덕동,신공덕e편한세상,59.58,11,2007,20000,160,2026,8,21
마포구,상암동,상암월드컵파크2단지,59.84,3,2003,62000,0,2026,8,21
마포구,성산동,성산시영(선경),50.54,11,1986,34000,0,2026,8,22
마포구,서교동,서교동효성해링턴타워,37.17,13,2020,13760,75,2026,8,24
마포구,서교동,서교동효성해링턴타워,37.17,5,2020,13760,78,2026,8,24
마포구,성산동,성산시영(선경),50.54,2,1986,26000,0,2026,8,10
마포구,창전동,신촌금호,59.21,9,2001,60000,0,2026,8,11
마포구,망원동,한강그린1차아파트,60.04,2,2011,39900,0,2026,8,24
마포구,창전동,신촌태영데시앙,84.97,17,2003,20000,220,2026,8,24
마포구,성산동,성산시영(선경),50.54,7,1986,31500,0,2026,8,20
마포구,성산동,성산시영(선경),50.54,11,1986,35000,0,2026,8,22
마포구,하중동,한강밤섬자이,118.28,8,2010,144000,0,2026,8,18
마포구,아현동,공덕자이,114.99,6,2015,110200,0,2026,8,22
마포구,신공덕동,펜트라우스,115.04,4,2011,128000,0,2026,8,22
마포구,상암동,상암월드컵파크11단지,84.66,3,2010,26406,0,2026,8,4
마포구,아현동,서서울삼성,48.92,7,1998,53000,0,2026,8,11
마포구,공덕동,공덕SK리더스뷰,84.94,8,2021,118000,0,2026,8,24
마포구,상암동,상암월드컵파크8단지,49.94,5,2008,7312,12,2026,8,24
마포구,성산동,블룸에비뉴,30.005,4,2016,16000,60,2026,8,21
마포구,상암동,상암월드컵파크11단지,84.89,5,2010,26406,0,2026,8,19
마포구,현석동,래미안웰스트림,84.98,13,2016,1000,130,2026,8,20
마포구,신공덕동,신공덕1차삼성래미안1아파트,114.75,1,2000,80000,0,2026,8,5
마포구,염리동,마포자이더센트리지(102동~112동),84.995,6,2022,112000,0,2026,8,21
마포구,아현동,마포래미안푸르지오2단지,59.9656,18,2014,42000,105,2026,8,22
마포구,노고산동,신촌포스빌,32.34,9,2004,1000,110,2026,8,21
마포구,현석동,강변힐스테이트,59.78,9,2004,71000,0,2026,8,21
마포구,창전동,해모로,83.871,5,2007,80000,0,2026,8,22
마포구,창전동,신촌태영데시앙,84.97,8,2003,76500,0,2026,8,22
마포구,신수동,마포아이파크포레,84.932,14,2019,116700,0,2026,8,22
마포구,공덕동,공덕SK리더스뷰,115.61,6,2021,110000,0,2026,8,5
마포구,현석동,래미안웰스트림,84.98,7,2016,10000,260,2026,8,22
마포구,도화동,삼성,72.185,2,1997,52500,0,2026,8,22
마포구,공덕동,마포현대,54.81,8,1988,5000,157,2026,8,21
마포구,공덕동,공덕SK리더스뷰,115.61,16,2021,131000,0,2026,8,20
마포구,아현동,마포래미안푸르지오4단지,59.9656,21,2014,90000,0,2026,8,22
마포구,망원동,현진에버빌2,83.654,12,2003,80000,0,2026,8,21
마포구,창전동,신촌태영데시앙,84.97,12,2003,73500,0,2026,8,22
마포구,신수동,하나테크노빌,38.7,7,2002,25000,0,2026,8,22
마포구,아현동,마포래미안푸르지오1단지,36.9796,12,2014,5036,7,2026,8,24
마포구,아현동,마포센트럴 아이파크,111.1083,14,2017,40000,300,2026,8,22
마포구,성산동,성산시영(대우),50.03,1,1986,23510,10,2026,8,22
마포구,아현동,마포래미안푸르지오3단지,114.7267,13,2014,130000,0,2026,8,22
마포구,염리동,마포프레스티지자이,59.7848,12,2021,92400,0,2026,8,13
마포구,신공덕동,펜트라우스,115.04,18,2011,123000,0,2026,8,12
마포구,신수동,마포아이파크포레,59.376,14,2019,72000,85,2026,8,19
마포구,서교동,서교동효성해링턴타워,37.17,14,2020,9160,93,2026,8,21
마포구,상암동,상암월드컵파크5단지,84.67,9,2005,10000,270,2026,8,14
마포구,신수동,마포아이파크포레,59.376,23,2019,89000,0,2026,8,20
마포구,아현동,마포센트럴 아이파크,84.9668,29,2017,100000,0,2026,8,21
마포구,상암동,상암월드컵파크11단지,84.89,9,2010,40285,0,2026,8,21
마포구,창전동,서강예가,59.983,4,2007,30000,98,2026,8,18
마포구,도화동,우성,128.315,8,1991,41000,155,2026,8,21
마포구,신수동,마포아이파크포레,84.901,13,2019,10000,400,2026,8,20
마포구,아현동,애오개아이파크,30.01,8,2016,42000,0,2026,8,21
마포구,신공덕동,신공덕1차삼성래미안1아파트,114.75,7,2000,25000,340,2026,8,8
마포구,아현동,마포푸르지오더센트럴,42.16,11,2023,62000,0,2026,8,10
마포구,신수동,힐스테이트마포더퍼스트,84.07,10,2026,95000,0,2026,8,21
마포구,공덕동,마포현대,84.87,6,1988,50000,70,2026,8,20
마포구,상암동,상암월드컵파크2단지,59.92,17,2003,56700,0,2026,8,19
마포구,서교동,서교동효성해링턴타워,37.17,7,2020,13760,76,2026,8,21
마포구,성산동,성산시영(대우),50.03,1,1986,30000,0,2026,8,21
마포구,서교동,서교동효성해링턴타워,17.93,14,2020,6120,40,2026,8,21
마포구,서교동,서교동효성해링턴타워,37.17,4,2020,12240,81,2026,8,21
마포구,아현동,마포래미안푸르지오1단지,84.5978,2,2014,90000,51,2026,8,13
마포구,상암동,상암월드컵파크11단지,59.69,6,2010,15627,0,2026,8,21
마포구,상암동,상암월드컵파크2단지,59.92,11,2003,55000,0,2026,8,21
마포구,신수동,밤섬경남아너스빌,84.83,8,2009,30000,170,2026,8,4
마포구,성산동,노블에비뉴,31.728,3,2015,12000,92,2026,8,20
마포구,성산동,성산시영(선경),50.54,2,1986,30000,0,2026,8,19
마포구,도화동,도화동현대,79.83,3,1996,40000,90,2026,8,21
마포구,도화동,삼성,84.985,17,1997,75000,0,2026,8,21
마포구,아현동,마포센트럴 아이파크,84.9668,16,2017,30000,205,2026,8,1
마포구,창전동,이랜드PEER신촌,17.296,12,2021,5337,28,2026,8,21
마포구,대흥동,대흥동태영아파트,59.4,9,1999,10000,240,2026,8,13
마포구,하중동,한강밤섬자이,160.39,5,2010,90000,200,2026,8,21
마포구,상암동,상암월드컵파크8단지,49.62,15,2008,4124,30,2026,8,21
마포구,공덕동,공덕2삼성래미안,84.94,13,2004,84000,0,2026,8,15
마포구,상암동,상암월드컵파크9단지,84.89,7,2010,73000,0,2026,8,14
마포구,상암동,상암월드컵파크7단지,84.9,10,2005,5000,360,2026,8,20
마포구,아현동,마포래미안푸르지오3단지,59.9452,19,2014,73500,35,2026,8,15
마포구,아현동,더클래시,43.64,3,2022,70000,0,2026,8,18
마포구,상암동,상암월드컵파크12단지,59.73,4,2010,20303,0,2026,8,19
마포구,성산동,성산시영(유원),59.43,11,1986,40000,0,2026,8,20
마포구,망원동,뉴서울,43.38,5,2002,10000,60,2026,8,14
마포구,아현동,마포래미안푸르지오3단지,84.5978,23,2014,89000,0,2026,8,19
마포구,창전동,이랜드PEER신촌,17.296,4,2021,5337,27,2026,8,20
마포구,연남동,코오롱,114.88,1,2003,5000,280,2026,8,20
마포구,현석동,래미안웰스트림,84.98,27,2016,1000,130,2026,8,10
마포구,아현동,애오개아이파크,30.01,4,2016,10000,123,2026,8,12
마포구,망원동,청화,82.26,2,2003,43000,0,2026,8,18
마포구,상암동,DMCVILLE,49.33,3,2006,0,215,2026,8,1
마포구,상암동,상암월드컵파크11단지,59.73,6,2010,19765,0,2026,8,19
마포구,망원동,마포한강아이파크,111.2884,12,2019,115000,0,2026,8,13
마포구,상암동,상암월드컵파크8단지,49.94,2,2008,6676,15,2026,8,19
마포구,염리동,상록임대,26.81,5,1997,2170,4,2026,8,20
마포구,성산동,성산시영(대우),50.03,13,1986,30000,0,2026,8,17
마포구,아현동,마포래미안푸르지오2단지,84.5978,18,2014,115000,0,2026,8,19
마포구,망원동,대상4,84.9,6,2000,45000,0,2026,8,7
마포구,신수동,마포아이파크포레,59.376,25,2019,5000,360,2026,8,11
마포구,서교동,대우미래사랑,34.29,9,2005,3000,80,2026,8,14
마포구,용강동,이편한세상마포리버파크,59.98,16,2016,99750,0,2026,8,20
마포구,아현동,마포래미안푸르지오2단지,84.5978,9,2014,95000,60,2026,8,1
마포구,공덕동,래미안공덕4차,59.9,6,2005,72000,0,2026,8,19
마포구,서교동,서교동효성해링턴타워,37.17,9,2020,13760,75,2026,8,4
마포구,아현동,마포래미안푸르지오3단지,114.7267,8,2014,130000,0,2026,8,16
마포구,창전동,이랜드PEER신촌,17.296,4,2021,5337,28,2026,8,20
마포구,아현동,마포래미안푸르지오2단지,84.5978,12,2014,120000,0,2026,8,19
마포구,상암동,상암월드컵파크5단지,84.75,16,2005,75600,0,2026,8,15
마포구,염리동,상록임대,27.47,7,1997,2223,4,2026,8,20
마포구,상암동,상암월드컵파크8단지,49.94,13,2008,4124,30,2026,8,19
마포구,상암동,상암월드컵파크8단지,49.62,10,2008,4124,30,2026,8,19
마포구,공덕동,래미안공덕4차,59.9,18,2005,78000,0,2026,8,6
마포구,연남동,코오롱,114.88,13,2003,10000,260,2026,8,19
마포구,아현동,마포래미안푸르지오3단지,59.9452,6,2014,5000,273,2026,8,4
마포구,서교동,서교동효성해링턴타워,17.93,17,2020,6120,41,2026,8,19
마포구,공덕동,공덕1삼성래미안,114.88,3,1999,100000,0,2026,8,15
마포구,대흥동,동양엔파트,84.893,1,2007,63000,0,2026,8,13
마포구,상암동,상암월드컵파크6단지,84.53,7,2005,68250,0,2026,8,13
마포구,상암동,DMCVILLE,49.33,2,2006,0,215,2026,8,3
마포구,신공덕동,신공덕1차삼성래미안1아파트,59.76,10,2000,55000,0,2026,8,17
마포구,신수동,힐스테이트마포더퍼스트,84.07,12,2026,50000,240,2026,8,8
마포구,창전동,이랜드PEER신촌,17.296,5,2021,4003,32,2026,8,19
마포구,신수동,신수동성원,84.96,9,1998,62500,0,2026,8,8
마포구,신수동,마포아이파크포레,84.665,5,2019,5000,103,2026,8,19
마포구,하중동,한강밤섬자이,168.63,11,2010,175000,0,2026,8,15
마포구,현석동,밤섬힐스테이트,59.4,8,1999,56700,0,2026,8,7
마포구,상암동,상암월드컵파크11단지,49.58,6,2010,4562,32,2026,8,19
마포구,도화동,도화현대,84.42,8,1998,68000,0,2026,8,19
마포구,아현동,마포센트럴 아이파크,84.9668,19,2017,70000,100,2026,8,18
마포구,염리동,마포자이더센트리지(102동~112동),84.987,2,2022,100000,0,2026,8,19
마포구,공덕동,래미안공덕4차,59.9,10,2005,71000,0,2026,8,18
마포구,상암동,DMCVILLE,49.24,8,2006,0,215,2026,8,4
마포구,상암동,DMCVILLE,49.24,8,2006,0,215,2026,8,2
마포구,상암동,DMCVILLE,84.15,11,2006,0,363,2026,8,3
마포구,노고산동,신촌포스빌,32.34,8,2004,1000,110,2026,8,13
마포구,도화동,삼성,136.1,14,1997,115000,0,2026,8,19
마포구,상암동,DMCVILLE,84.68,10,2006,0,306,2026,8,1
마포구,신공덕동,신공덕e편한세상,114.82,5,2007,95000,0,2026,8,14
마포구,신수동,마포경남아너스빌,84.95,10,2007,82000,0,2026,8,3
마포구,도화동,도화현대,59.4,2,1998,15000,160,2026,8,14
마포구,상암동,DMCVILLE,49.41,8,2006,0,215,2026,8,1
마포구,상암동,DMCVILLE,84.15,8,2006,0,306,2026,8,1
마포구,도화동,한화오벨리스크,38.08,13,2004,2000,140,2026,8,6
마포구,대흥동,마포자이2차,84.44,25,2014,103950,0,2026,8,14
마포구,아현동,더클래시,84.98,14,2022,30000,300,2026,8,7
마포구,서교동,서교동효성해링턴타워,17.93,11,2020,2825,9,2026,8,19
마포구,상암동,DMCVILLE,49.24,10,2006,0,215,2026,8,1
마포구,상암동,DMCVILLE,49.24,7,2006,0,215,2026,8,1
마포구,도화동,삼성,84.985,6,1997,79000,0,2026,8,15
마포구,상암동,DMCVILLE,49.24,6,2006,0,215,2026,8,1
마포구,공덕동,공덕SK리더스뷰,84.94,12,2021,120000,0,2026,8,19
마포구,상암동,상암월드컵파크8단지,49.94,12,2008,3024,32,2026,8,18
마포구,대흥동,마포그랑자이,59.98,4,2020,93000,0,2026,8,15
마포구,상암동,DMCVILLE,84.15,11,2006,0,294,2026,8,1
마포구,상암동,DMC상암센트럴파크1단지,84.91,2,2009,20000,230,2026,8,19
마포구,중동,울트라월드컵(참누리),84.9406,22,2006,48014,105,2026,8,14
마포구,상암동,상암월드컵파크8단지,49.94,15,2008,9595,4,2026,8,18
마포구,공덕동,공덕2삼성래미안,84.94,10,2004,57750,73,2026,8,12
마포구,상암동,상암월드컵파크8단지,49.62,12,2008,4124,30,2026,8,19
마포구,상암동,상암월드컵파크8단지,49.94,10,2008,4124,30,2026,8,19
마포구,상암동,상암월드컵파크10단지,84.89,12,2010,42262,0,2026,8,18
마포구,상암동,상암월드컵파크8단지,49.62,13,2008,7159,13,2026,8,18
마포구,서교동,서교동효성해링턴타워,37.17,7,2020,8215,27,2026,8,17
마포구,서교동,서교동효성해링턴타워,37.17,14,2020,12240,81,2026,8,14
마포구,신공덕동,공덕아이파크,59.98,7,2013,75000,20,2026,8,18
마포구,서교동,서교동효성해링턴타워,17.93,18,2020,6120,40,2026,8,18
마포구,신수동,마포아이파크포레,59.751,18,2019,95000,0,2026,8,8
마포구,창전동,서강예가,59.983,5,2007,70000,0,2026,8,11
마포구,아현동,마포푸르지오더센트럴,40.59,4,2023,55000,40,2026,8,10
마포구,망원동,마포월드컵제이스카이,59.95,5,2021,40000,100,2026,8,14
마포구,상암동,상암월드컵파크8단지,49.94,4,2008,4124,30,2026,8,18
마포구,창전동,해모로,83.871,18,2007,83000,20,2026,8,12
마포구,신수동,현대,84.47,2,1996,59000,0,2026,8,14
마포구,공덕동,공덕SK리더스뷰,84.94,18,2021,117600,0,2026,8,15
마포구,노고산동,에피소드신촌캠퍼스,59.15,12,2025,500,145,2026,8,6
마포구,대흥동,마포그랑자이,59.98,15,2020,75000,0,2026,8,8
마포구,상수동,래미안밤섬리베뉴Ⅰ,84.99,15,2014,30000,280,2026,8,18
마포구,망원동,마포한강아이파크,84.2293,10,2019,98000,0,2026,8,18
마포구,상암동,상암월드컵파크11단지,59.73,6,2010,17189,0,2026,8,18
마포구,신공덕동,신공덕래미안3차,59.96,20,2003,14000,134,2026,8,17
마포구,아현동,더클래시,59.97,10,2022,90000,0,2026,8,10
마포구,상암동,상암월드컵파크10단지,49.58,5,2010,2188,38,2026,8,13
마포구,상암동,상암월드컵파크11단지,59.37,12,2010,15627,0,2026,8,18
마포구,신정동,서강GS,84.97,18,1999,10000,280,2026,8,15
마포구,상암동,상암월드컵파크8단지,49.94,7,2008,4124,30,2026,8,18
마포구,상암동,상암월드컵파크8단지,39.95,9,2008,2770,24,2026,8,18
마포구,염리동,중앙하이츠,83.82,14,1998,70000,40,2026,8,15
마포구,성산동,성산시영(대우),50.03,4,1986,28000,0,2026,8,17
마포구,염리동,마포프레스티지자이,59.8397,9,2021,10000,360,2026,8,14
마포구,상암동,상암월드컵파크11단지,59.76,2,2010,15627,0,2026,8,18
마포구,공덕동,공덕1삼성래미안,59.74,14,1999,64000,10,2026,8,14
마포구,대흥동,대흥동태영아파트,59.4,3,1999,30000,160,2026,8,17
마포구,아현동,마포래미안푸르지오4단지,84.5978,12,2014,115000,0,2026,8,1
마포구,아현동,마포래미안푸르지오4단지,84.3884,19,2014,100000,19,2026,8,14
마포구,신수동,신수동성원,59.76,7,1998,35000,64,2026,8,17
마포구,토정동,한강삼성,59.76,10,1997,65000,0,2026,8,8
마포구,대흥동,마포자이2차,84.44,10,2014,98000,0,2026,8,17
마포구,상암동,상암월드컵파크3단지,84.94,7,2003,70000,0,2026,8,15
마포구,성산동,노블에비뉴,31.728,4,2015,20000,50,2026,8,16
마포구,신공덕동,신공덕1차삼성래미안1아파트,114.75,12,2000,110000,0,2026,8,12
마포구,염리동,마포자이더센트리지(102동~112동),59.99,9,2022,50000,140,2026,8,14
마포구,공덕동,공덕2삼성래미안,84.94,12,2004,55000,73,2026,8,8
마포구,상암동,상암월드컵파크11단지,59.37,4,2010,15627,0,2026,8,18
마포구,상암동,상암월드컵파크8단지,49.85,3,2008,4124,30,2026,8,15
마포구,공덕동,한화꿈에그린,84.939,1,2004,60000,0,2026,8,11
마포구,성산동,성산시영(선경),50.54,13,1986,3000,130,2026,8,14
마포구,신공덕동,신공덕래미안2차,59.48,12,2000,58700,0,2026,8,10
마포구,연남동,코오롱,84.936,3,2003,40000,140,2026,8,14
마포구,도화동,한화오벨리스크,38.88,15,2004,250,250,2026,8,12
마포구,상암동,상암월드컵파크11단지,59.73,9,2010,20753,0,2026,8,14
마포구,신공덕동,공덕프로포즈Ⅱ,17.02,12,2015,1000,90,2026,8,5
마포구,서교동,서교동효성해링턴타워,37.17,4,2020,13760,76,2026,8,14
마포구,대흥동,마포그랑자이(임대),39.99,6,2020,17740,47,2026,8,14
마포구,아현동,공덕자이,84.99,8,2015,104000,0,2026,8,5
마포구,공덕동,공덕1삼성래미안,114.88,22,1999,80000,120,2026,8,14
마포구,서교동,서교동효성해링턴타워,17.93,8,2020,3685,5,2026,8,14
마포구,상암동,상암월드컵파크11단지,59.69,10,2010,15627,0,2026,8,14
마포구,상암동,DMC상암센트럴파크2단지,36.69,2,2009,30000,26,2026,8,11
마포구,창전동,서강예가,84.988,3,2007,2000,320,2026,8,7
마포구,서교동,서교동효성해링턴타워,17.93,9,2020,5350,43,2026,8,14
마포구,서교동,서교동효성해링턴타워,37.17,16,2020,10875,13,2026,8,14
마포구,신공덕동,kcc웰츠,118.64,18,2011,80000,225,2026,8,12
마포구,아현동,마포래미안푸르지오4단지,84.8919,5,2014,110000,0,2026,8,14
마포구,서교동,서교동효성해링턴타워,37.17,17,2020,13760,74,2026,8,14
마포구,노고산동,빌리브디에이블,38.39,16,2025,3000,273,2026,8,13
마포구,염리동,마포자이더센트리지(102동~112동),84.995,9,2022,110000,0,2026,8,3
마포구,도화동,현대홈타운,59.17,13,2000,56000,0,2026,8,13
마포구,공덕동,래미안공덕4차,59.9,18,2005,68250,0,2026,8,13
마포구,창전동,서강예가,59.983,5,2007,70000,0,2026,8,11
마포구,도화동,한화오벨리스크,36.96,13,2004,39900,0,2026,8,13
마포구,상암동,상암월드컵파크11단지,49.58,13,2010,6191,23,2026,8,13
마포구,아현동,공덕자이,59.99,16,2015,43000,60,2026,8,12
마포구,상암동,상암월드컵파크7단지,84.74,13,2005,73500,0,2026,8,13
마포구,도화동,삼성,84.985,6,1997,40000,195,2026,8,13
마포구,현석동,강변힐스테이트,59.54,19,2004,5000,260,2026,8,13
마포구,성산동,성산시영(대우),50.03,5,1986,30000,0,2026,8,8
마포구,상암동,상암월드컵파크8단지,39.95,9,2008,1670,27,2026,8,13
마포구,토정동,한강삼성,59.76,19,1997,65000,0,2026,8,13
마포구,신수동,대원칸타빌,117.183,14,2004,96000,0,2026,8,13
마포구,상암동,상암월드컵파크9단지,49.58,4,2010,4697,32,2026,8,12
마포구,공덕동,마포현대,65.19,2,1988,30000,50,2026,8,11
마포구,아현동,마포래미안푸르지오1단지,59.9236,12,2014,79000,30,2026,8,8
마포구,염리동,마포자이,113.803,15,2003,60000,150,2026,8,12
마포구,성산동,성산시영(대우),50.03,12,1986,10000,80,2026,8,10
마포구,아현동,더클래시,59.97,9,2022,90000,0,2026,8,3
마포구,성산동,성산시영(대우),50.03,1,1986,30000,0,2026,8,9
마포구,서교동,대우미래사랑,34.29,2,2005,1000,100,2026,8,1
마포구,성산동,성산시영(선경),50.54,12,1986,10000,75,2026,8,12
마포구,공덕동,래미안공덕5차,84.871,15,2011,75000,90,2026,8,11
마포구,도화동,한화오벨리스크,36.96,15,2004,2000,135,2026,8,11
마포구,상암동,상암월드컵파크11단지,114.72,14,2010,32145,0,2026,8,12
마포구,신공덕동,브라운스톤공덕아파트,59.89,18,2009,80000,0,2026,8,8
마포구,창전동,중앙하이츠103동,57.86,2,2007,3000,150,2026,8,10
마포구,합정동,KCC엠파이어리버,140.88,14,2006,10000,440,2026,8,8
마포구,도화동,한화오벨리스크,79.9,35,2004,73500,40,2026,8,8
마포구,성산동,성산힐아파트,81.81,2,2011,50000,0,2026,8,8
마포구,공덕동,공덕SK리더스뷰,84.94,17,2021,117600,0,2026,8,8
마포구,성산동,성산시영(선경),50.54,3,1986,31000,0,2026,8,11
마포구,망원동,함성월드빌,76.14,8,2003,49600,0,2026,8,8
마포구,신공덕동,신공덕래미안3차,59.96,17,2003,30000,132,2026,8,4
마포구,도화동,삼성,84.985,7,1997,38000,170,2026,8,11
마포구,도화동,한화오벨리스크,38.08,5,2004,2000,150,2026,8,10
마포구,성산동,벨로스,26.79,7,2006,3000,110,2026,8,6
마포구,상수동,상수두산위브,84.79,13,2004,20000,200,2026,8,11
마포구,상암동,상암월드컵파크11단지,59.85,2,2010,15627,0,2026,8,11
마포구,공덕동,공덕SK리더스뷰,84.94,25,2021,125000,0,2026,8,7
마포구,공덕동,공덕SK리더스뷰,84.94,20,2021,125000,0,2026,8,8
마포구,아현동,마포래미안푸르지오4단지,114.7267,15,2014,70000,210,2026,8,11
마포구,공덕동,래미안공덕5차,59.959,14,2011,78000,0,2026,8,8
마포구,대흥동,마포자이2차,84.95,14,2014,40000,300,2026,8,11
마포구,연남동,대명,84.99,3,1995,30000,120,2026,8,4
마포구,중동,현대,59.54,5,2000,43000,0,2026,8,7
마포구,상암동,상암월드컵파크11단지,59.37,3,2010,17189,0,2026,8,11
마포구,아현동,공덕자이,59.99,2,2015,55000,35,2026,8,10
마포구,상암동,상암월드컵파크9단지,84.89,5,2010,5000,300,2026,8,7
마포구,대흥동,대흥동태영아파트,59.4,7,1999,70000,0,2026,8,10
마포구,상암동,상암월드컵파크11단지,49.58,12,2010,9953,2,2026,8,11
마포구,상암동,상암월드컵파크11단지,49.71,2,2010,4562,32,2026,8,11
마포구,신공덕동,대우메트로디오빌,29.11,21,2005,1000,110,2026,8,5
마포구,마포동,보성,59.4,12,1996,48000,0,2026,8,10
마포구,아현동,더클래시,59.5,8,2022,60000,0,2026,8,8
마포구,상암동,상암월드컵파크2단지,59.92,7,2003,5000,190,2026,8,11
마포구,성산동,성산시영(선경),50.54,7,1986,10000,86,2026,8,10
마포구,상암동,상암월드컵파크11단지,59.37,8,2010,15627,0,2026,8,10
마포구,성산동,성산시영(대우),50.03,3,1986,17000,60,2026,8,7
마포구,연남동,대명,112.6,9,1995,68000,0,2026,8,10
마포구,상암동,상암월드컵파크11단지,49.58,5,2010,9953,2,2026,8,10
마포구,공덕동,래미안공덕5차,59.959,7,2011,72000,0,2026,8,4
마포구,아현동,더클래시,59.5,8,2022,60000,130,2026,8,8
마포구,상암동,상암월드컵파크11단지,49.58,12,2010,7796,14,2026,8,10
마포구,상암동,상암월드컵파크11단지,49.58,3,2010,7445,16,2026,8,10
마포구,상암동,상암월드컵파크11단지,49.58,5,2010,9415,5,2026,8,10
마포구,상암동,상암월드컵파크11단지,59.69,12,2010,15627,0,2026,8,10
마포구,상암동,DMC상암센트럴파크1단지,84.91,12,2009,69300,0,2026,8,10
마포구,아현동,마포트라팰리스2차,99.56,17,2008,2000,250,2026,8,10
마포구,성산동,성산시영(선경),50.54,3,1986,37000,0,2026,8,8
마포구,도화동,도화동현대,54.72,10,1996,30000,100,2026,8,8
마포구,공덕동,래미안공덕4차,83.42,6,2005,84000,0,2026,8,8
마포구,공덕동,공덕3삼성래미안,84.98,9,2004,90000,0,2026,8,8
마포구,공덕동,공덕1삼성래미안,59.74,16,1999,66000,0,2026,8,8
마포구,상암동,상암월드컵파크11단지,49.58,4,2010,4562,32,2026,8,8
마포구,상암동,상암월드컵파크11단지,49.58,14,2010,9953,2,2026,8,10
마포구,용강동,이편한세상마포리버파크,59.98,7,2016,88500,0,2026,8,8
마포구,상암동,상암월드컵파크11단지,49.58,4,2010,7796,14,2026,8,9
마포구,상암동,상암월드컵파크11단지,49.71,2,2010,7088,17,2026,8,10
마포구,공덕동,공덕1삼성래미안,84.94,6,1999,83000,0,2026,8,8
마포구,공덕동,래미안공덕5차,59.959,8,2011,80000,0,2026,8,8
마포구,아현동,공덕자이,59.99,12,2015,78750,0,2026,8,8
마포구,상암동,상암월드컵파크9단지,84.94,5,2010,65000,0,2026,8,8
마포구,신공덕동,브라운스톤공덕아파트,59.89,23,2009,85000,0,2026,8,8
마포구,공덕동,래미안공덕5차,113.866,13,2011,110200,0,2026,8,5
마포구,상암동,상암월드컵파크6단지,104.32,10,2005,88000,0,2026,8,8
마포구,공덕동,공덕1삼성래미안,84.94,6,1999,75000,0,2026,8,8
마포구,용강동,래미안마포리버웰,84.96,17,2015,90000,140,2026,8,8
마포구,도화동,우성,79.97,4,1991,58000,0,2026,8,8
마포구,상암동,상암월드컵파크9단지,39.33,7,2010,1239,29,2026,8,9
마포구,공덕동,공덕1삼성래미안,59.74,3,1999,61950,0,2026,8,1
마포구,도화동,우성,54.72,8,1991,46000,0,2026,8,7
마포구,신수동,마포경남아너스빌,84.95,5,2007,73000,0,2026,8,7
마포구,상암동,상암월드컵파크12단지,49.58,13,2010,5230,33,2026,8,7
마포구,상암동,상암월드컵파크11단지,49.58,11,2010,7957,13,2026,8,7
마포구,성산동,성산시영(선경),50.54,7,1986,10000,100,2026,8,6
마포구,아현동,더클래시,43.27,9,2022,67000,0,2026,8,1
마포구,공덕동,공덕3삼성래미안,59.97,20,2004,65000,0,2026,8,7
마포구,도화동,현대홈타운,84.95,20,2000,72000,0,2026,8,7
마포구,상암동,상암월드컵파크11단지,49.58,13,2010,4562,32,2026,8,7
마포구,신공덕동,대우메트로디오빌,35.14,22,2005,32816,0,2026,8,7
마포구,상암동,상암월드컵파크11단지,59.37,15,2010,15627,0,2026,8,7
마포구,아현동,더클래시,43.64,1,2022,3000,156,2026,8,2
마포구,아현동,더클래시,43.64,10,2022,70000,0,2026,8,6
마포구,현석동,래미안웰스트림,84.98,20,2016,105000,0,2026,8,5
마포구,대흥동,마포그랑자이,84.98,6,2020,120000,0,2026,8,6
마포구,상암동,상암월드컵파크11단지,114.26,1,2010,56700,0,2026,8,6
마포구,염리동,염리삼성래미안,59.85,15,2001,60000,60,2026,8,6
마포구,창전동,이랜드PEER신촌,29.5193,14,2021,6144,50,2026,8,5
마포구,상암동,상암월드컵파크11단지,59.73,5,2010,15627,0,2026,8,6
마포구,신공덕동,신공덕래미안2차,59.48,15,2000,20000,200,2026,8,4
마포구,상수동,래미안밤섬리베뉴Ⅰ,84.99,16,2014,99750,0,2026,8,6
마포구,창전동,이랜드PEER신촌,17.296,6,2021,5337,27,2026,8,6
마포구,성산동,성산시영(대우),50.03,8,1986,28320,0,2026,8,4
마포구,성산동,성산시영(대우),50.03,14,1986,33000,0,2026,8,1
마포구,도화동,삼성,72.185,1,1997,65000,0,2026,8,4
마포구,성산동,성산시영(선경),50.54,12,1986,34000,0,2026,8,5
마포구,상암동,상암월드컵파크11단지,59.73,10,2010,16408,0,2026,8,6
마포구,염리동,마포자이,135.376,13,2003,65000,0,2026,8,3
마포구,상암동,상암월드컵파크11단지,59.49,2,2010,17189,0,2026,8,6
마포구,상암동,상암월드컵파크11단지,49.58,4,2010,4562,32,2026,8,6
마포구,상암동,상암월드컵파크11단지,59.69,10,2010,15627,0,2026,8,6
마포구,공덕동,래미안공덕5차,84.871,6,2011,89200,0,2026,8,5
마포구,공덕동,래미안공덕5차,59.959,4,2011,77000,0,2026,8,5
마포구,상암동,상암월드컵파크11단지,49.58,13,2010,10221,0,2026,8,6
마포구,현석동,래미안웰스트림,84.98,20,2016,105000,0,2026,8,5
마포구,창전동,이랜드PEER신촌,29.5491,9,2021,19096,9,2026,8,5
마포구,신수동,힐스테이트마포더퍼스트,84.03,4,2026,95000,0,2026,8,5
마포구,신공덕동,대우월드마크마포,136.18,11,2011,160000,0,2026,8,4
마포구,상암동,상암월드컵파크11단지,59.73,4,2010,15627,0,2026,8,5
마포구,염리동,마포프레스티지자이,84.8079,8,2021,60000,280,2026,8,5
마포구,염리동,마포프레스티지자이,59.7848,21,2021,50000,180,2026,8,5
마포구,상암동,상암월드컵파크11단지,49.58,5,2010,9953,2,2026,8,5
마포구,대흥동,대흥동세양,60,2,2000,48600,0,2026,8,3
마포구,상암동,상암월드컵파크11단지,49.58,3,2010,4562,32,2026,8,5
마포구,중동,마포중동현대,84.9,10,2001,67000,0,2026,8,4
마포구,상암동,상암월드컵파크11단지,59.37,6,2010,15627,0,2026,8,5
마포구,신공덕동,대우메트로디오빌,23.63,19,2005,23000,13,2026,8,1
마포구,신공덕동,대우메트로디오빌,49.97,24,2005,56000,0,2026,8,3
마포구,창전동,이랜드PEER신촌,17.2959,2,2021,5337,28,2026,8,5
마포구,상암동,상암월드컵파크7단지,84.9,14,2005,3000,330,2026,8,3
마포구,창전동,이랜드PEER신촌,17.296,13,2021,4003,31,2026,8,4
마포구,용강동,래미안마포리버웰,84.97,15,2015,130000,0,2026,8,4
마포구,성산동,성산시영(대우),50.03,1,1986,30000,0,2026,8,3
마포구,염리동,마포자이,84.692,9,2003,77000,95,2026,8,4
마포구,공덕동,래미안공덕5차,59.959,8,2011,35000,180,2026,8,1
마포구,아현동,공덕자이,114.99,9,2015,5000,520,2026,8,3
마포구,신공덕동,신공덕래미안2차,84.73,11,2000,60000,0,2026,8,4
마포구,창전동,이랜드PEER신촌,17.296,15,2021,5337,28,2026,8,4
마포구,노고산동,신촌포스빌,32.34,5,2004,15000,45,2026,8,4
마포구,용강동,마포용강삼성래미안,59.99,11,2003,15000,280,2026,8,4
마포구,연남동,코오롱,59.76,9,2003,56000,0,2026,8,3
마포구,신공덕동,신공덕래미안2차,84.73,13,2000,76000,0,2026,8,3
마포구,창전동,중앙하이츠103동,57.86,2,2007,27000,30,2026,8,1
마포구,용강동,이편한세상마포리버파크,84.98,19,2016,120000,0,2026,8,1
마포구,노고산동,신촌포스빌,32.34,4,2004,1000,110,2026,8,3
마포구,공덕동,마포현대,84.87,13,1988,64000,0,2026,8,3
마포구,신수동,힐스테이트마포더퍼스트,84.07,14,2026,80000,125,2026,8,1
마포구,용강동,이편한세상마포리버파크,123.44,2,2016,100000,180,2026,8,1
마포구,공덕동,마포현대,84.87,12,1988,58800,0,2026,8,1
마포구,용강동,래미안마포리버웰,84.97,14,2015,110250,0,2026,8,1
마포구,성산동,성산시영(대우),50.03,12,1986,25200,0,2026,8,1
마포구,창전동,이랜드PEER신촌,29.4038,15,2021,4243,22,2026,8,3
마포구,대흥동,대흥동태영아파트,114.93,15,1999,105000,0,2026,8,1
마포구,신공덕동,신공덕래미안3차,59.96,6,2003,72000,0,2026,8,2
마포구,서교동,서교동효성해링턴타워,37.17,18,2020,3976,11,2026,8,3
마포구,서교동,서교동효성해링턴타워,17.93,18,2020,5180,7,2026,8,2
마포구,도화동,현대2차,27.72,6,2000,2165,6,2026,8,14
양천구,신정동,푸른마을2,49.16,3,2001,30000,0,2026,8,26
양천구,신월동,벽산블루밍1단지,84.5766,8,2003,27000,70,2026,8,1
양천구,신정동,푸른마을2,49.16,8,2001,33500,0,2026,8,15
양천구,신정동,목동신시가지8,71.77,1,1987,75000,0,2026,8,17
양천구,신정동,목동신시가지13,70.73,6,1987,20000,155,2026,8,17
양천구,신정동,목동신시가지13,70.73,7,1987,60000,0,2026,8,8
양천구,신정동,목동신시가지11,51.48,13,1988,38000,0,2026,8,7
양천구,신정동,목동신시가지13,70.73,7,1987,60000,0,2026,8,8
양천구,목동,목동신시가지4,65.34,6,1986,54600,0,2026,8,9
양천구,신정동,목동현대3차,84.77,12,1997,81900,0,2026,8,18
양천구,신월동,목동센트럴아이파크위브2단지,84.97,16,2020,67200,0,2026,8,22
양천구,목동,목동신시가지3,64.98,8,1986,55000,45,2026,8,31
양천구,신정동,목동2삼성래미안,84.65,6,2001,78000,0,2026,8,17
양천구,목동,목동신시가지2,120.06,1,1986,90000,85,2026,8,25
양천구,신정동,이펜하우스4단지,59.93,8,2011,10000,150,2026,8,21
양천구,목동,목동신시가지7,53.88,5,1986,58000,0,2026,8,29
양천구,신정동,목동신시가지11,66.77,1,1988,5000,169,2026,8,31
양천구,신정동,호반써밋목동,84.9735,4,2022,85000,0,2026,8,15
양천구,목동,목동신시가지7,66.6,11,1986,68250,0,2026,8,29
양천구,신정동,목동신시가지9,71.37,1,1987,64000,0,2026,8,25
양천구,신정동,목동신시가지14,83.31,10,1987,70300,0,2026,8,28
양천구,신월동,신월성원,83.55,11,1996,21000,50,2026,8,24
양천구,신월동,신성미소지움,84.57,5,2003,5000,200,2026,8,31
양천구,목동,목동신시가지2,97.92,12,1986,50000,190,2026,8,31
양천구,신정동,목동힐스테이트,84.98,9,2016,65000,160,2026,8,28
양천구,신정동,목동힐스테이트,84.98,14,2016,110000,0,2026,8,29
양천구,목동,롯데캐슬위너,84.97,13,2005,83000,0,2026,8,31
양천구,신월동,예지보금자리74차,44.8,7,2014,22000,0,2026,8,24
양천구,신정동,목동신시가지12,56.76,5,1988,25000,36,2026,8,25
양천구,목동,목동청구한신아파트,84.77,7,1997,20000,280,2026,8,11
양천구,목동,대원칸타빌2,69.31,1,2003,40000,60,2026,8,29
양천구,신정동,목동신시가지11,51.48,9,1988,38000,0,2026,8,28
양천구,신월동,목동센트럴아이파크위브3단지,84.98,2,2020,76000,0,2026,8,29
양천구,목동,목동신시가지3,64.98,6,1986,45500,70,2026,8,11
양천구,목동,목동신시가지6,47.94,16,1986,30870,0,2026,8,19
양천구,신정동,목동현대3차,84.77,5,1997,75000,0,2026,8,13
양천구,신정동,신트리3,84.6,8,2000,62000,0,2026,8,29
양천구,신정동,신정6현대,59.4,1,2000,36750,0,2026,8,18
양천구,신정동,신정현대5,89.36,9,1999,5000,240,2026,8,28
양천구,신정동,신트리3,84.8,7,2000,5000,200,2026,8,28
양천구,신정동,목동신시가지12,71.64,6,1988,30000,74,2026,8,12
양천구,신정동,목동파크자이(101동~108동),84.977,5,2019,89000,0,2026,8,29
양천구,신정동,목동신시가지11,51.48,9,1988,38000,0,2026,8,28
양천구,신정동,목동신시가지11,66.24,1,1988,21800,67,2026,8,29
양천구,목동,극동늘푸른,59.91,4,1998,25000,120,2026,8,29
양천구,신정동,목동신시가지11,51.48,15,1988,34650,0,2026,8,29
양천구,목동,목동신시가지7,59.39,4,1986,4950,149,2026,8,28
양천구,목동,목동신시가지4,48.69,11,1986,10000,106,2026,8,22
양천구,목동,목동신시가지7,59.39,3,1986,62000,0,2026,8,29
양천구,신정동,이연에버리치,82.23,5,2007,43000,0,2026,8,31
양천구,목동,목동롯데캐슬마에스트로,84.9779,14,2019,85000,0,2026,8,29
양천구,신정동,목동신시가지9,71.37,10,1987,30000,160,2026,8,27
양천구,신정동,현대,84.84,2,1995,60500,0,2026,8,29
양천구,신정동,호반써밋목동,59.9488,7,2022,68000,0,2026,8,28
양천구,신정동,신정현대5,102.79,10,1999,72450,0,2026,8,31
양천구,목동,목동신시가지2,65.82,3,1986,48000,0,2026,8,19
양천구,신정동,세양청마루,84.98,4,2006,68000,0,2026,8,28
양천구,목동,목동신시가지1,47.52,10,1985,45000,0,2026,8,29
양천구,신정동,목동우성2,84.96,8,2000,58500,0,2026,8,21
양천구,신정동,목동신시가지14,74.19,7,1987,55000,0,2026,8,29
양천구,목동,목동신시가지1,98.08,5,1985,40000,210,2026,8,28
양천구,신월동,신월시영,43.2,12,1988,2000,90,2026,8,28
양천구,목동,동구햇살아파트,84.96,6,2003,43000,0,2026,8,29
양천구,신정동,목동신시가지14,74.19,10,1987,65000,0,2026,8,29
양천구,목동,목동신시가지1,51.48,13,1985,15000,160,2026,8,28
양천구,신정동,푸른마을2,49.16,3,2001,30000,0,2026,8,26
양천구,신정동,대림e-편한세상,84.985,20,2004,30000,120,2026,8,29
양천구,신정동,동일하이빌2단지,84.955,15,2005,50000,0,2026,8,27
양천구,신정동,목동신시가지14,108.28,2,1987,90000,0,2026,8,29
양천구,신정동,파인빌,73.138,6,2001,46500,30,2026,8,28
양천구,신정동,목동신시가지8,54.94,3,1987,30000,80,2026,8,29
양천구,목동,목동신시가지3,64.98,11,1986,59000,35,2026,8,28
양천구,목동,목동신시가지4,95.34,8,1986,50000,135,2026,8,29
양천구,목동,목동신시가지7,53.88,7,1986,58000,0,2026,8,29
양천구,신정동,목동신시가지10,53.82,6,1987,42000,0,2026,8,29
양천구,신월동,목동센트럴아이파크위브1단지,84.97,11,2020,60900,0,2026,8,29
양천구,신정동,롯데캐슬,84.73,7,2004,97000,0,2026,8,29
양천구,신월동,탑건진선미,83.41,7,2004,43500,0,2026,8,31
양천구,신월동,신정두산위브,59.78,9,2012,20000,145,2026,8,25
양천구,신정동,목동힐스테이트,84.98,2,2016,87000,0,2026,8,28
양천구,신정동,아이파크,59.82,18,2002,60760,0,2026,8,28
양천구,목동,목동신시가지1,66,5,1985,32000,69,2026,8,28
양천구,신정동,목동신시가지12,71.64,15,1988,55000,0,2026,8,19
양천구,신정동,목동2삼성래미안,114.16,1,2001,85000,0,2026,8,22
양천구,신월동,길훈,49.32,5,1987,13000,18,2026,8,18
양천구,신월동,길훈,42.57,2,1987,5000,60,2026,8,12
양천구,목동,롯데캐슬위너,127.65,16,2005,95000,0,2026,8,19
양천구,목동,월드메르디앙,84.1969,2,2001,64000,0,2026,8,28
양천구,신정동,목동신시가지13,70.73,3,1987,28000,160,2026,8,26
양천구,신월동,동방,75.42,12,1999,39000,0,2026,8,6
양천구,신정동,목동2삼성래미안,114.16,1,2001,85000,0,2026,8,22
양천구,신정동,목동신시가지9,106.93,5,1987,25000,240,2026,8,28
양천구,목동,목동신시가지4,47.25,10,1986,44000,0,2026,8,20
양천구,목동,현대,83.16,2,1996,86100,0,2026,8,28
양천구,목동,목동현대1,84.9,4,1997,100000,80,2026,8,18
양천구,신정동,푸른마을3,59.99,6,2001,36000,0,2026,8,28
양천구,목동,목동신시가지7,66.6,14,1986,67200,0,2026,8,3
양천구,목동,목동신시가지2,65.82,3,1986,50700,0,2026,8,22
양천구,목동,목동신시가지6,47.94,18,1986,37000,0,2026,8,27
양천구,목동,웨스트빌,68.647,5,2004,43000,10,2026,8,27
양천구,신정동,목동신시가지8,71.77,7,1987,65000,0,2026,8,7
양천구,목동,신목,74.64,1,1992,50000,0,2026,8,26
양천구,목동,목동신시가지4,47.25,10,1986,35000,40,2026,8,27
양천구,신정동,목동신시가지12,56.76,3,1988,33000,45,2026,8,27
양천구,신정동,수정,48.87,3,1987,500,50,2026,8,23
양천구,신정동,목동신시가지9,100.33,2,1987,30000,220,2026,8,27
양천구,목동,목동신시가지1,123.19,1,1985,56200,300,2026,8,21
양천구,신월동,명산그린빌,78.45,6,2002,5000,130,2026,8,25
양천구,목동,목동신시가지7,53.88,6,1986,58000,0,2026,8,26
양천구,목동,목동신시가지5,95.28,8,1986,30000,270,2026,8,26
양천구,신월동,목동센트럴아이파크위브2단지,59.88,12,2020,10000,250,2026,8,19
양천구,신정동,목동신시가지8,54.94,17,1987,41200,0,2026,8,17
양천구,신정동,목동신시가지13,98.63,14,1987,92400,0,2026,8,26
양천구,목동,목동신시가지7,53.88,10,1986,20000,120,2026,8,27
양천구,신정동,신트리1,49.8,7,1999,25100,60,2026,8,7
양천구,신정동,목동신시가지12,71.64,14,1988,50000,0,2026,8,22
양천구,신정동,목동힐스테이트,84.93,22,2016,93450,0,2026,8,12
양천구,목동,목동신시가지1,65.34,12,1985,80000,0,2026,8,27
양천구,신정동,목동신시가지10,53.82,6,1987,35000,20,2026,8,26
양천구,신정동,호반써밋목동,59.9488,12,2022,70000,0,2026,8,20
양천구,신정동,목동삼성,84.77,17,1996,75500,0,2026,8,26
양천구,신정동,목동신시가지8,54.94,5,1987,56000,0,2026,8,26
양천구,신정동,목동2삼성래미안,59.92,8,2001,43000,0,2026,8,8
양천구,신정동,목동삼성,114.93,6,1996,100000,0,2026,8,26
양천구,신정동,목동신시가지12,71.64,6,1988,53000,0,2026,8,20
양천구,신정동,목동신시가지10,106.06,4,1987,74000,0,2026,8,25
양천구,목동,트라팰리스이스턴에비뉴,127.65,16,2009,170000,80,2026,8,20
양천구,목동,부영3,89.61,8,2000,105000,0,2026,8,19
양천구,신정동,목동파크자이(101동~108동),84.993,12,2019,104000,0,2026,8,25
양천구,신정동,신트리4,59.73,2,2000,39000,0,2026,8,26
양천구,목동,목동신시가지1,88.5,11,1985,108000,0,2026,8,22
양천구,신정동,호반써밋목동,84.9828,16,2022,78000,0,2026,8,5
양천구,목동,목동신시가지2,65.25,6,1986,54600,0,2026,8,26
양천구,신정동,목동힐스테이트,84.98,4,2016,30000,240,2026,8,8
양천구,신정동,수정,48.6,4,1987,500,60,2026,8,26
양천구,목동,목동신시가지5,95.22,3,1986,60000,147,2026,8,26
양천구,신정동,목동현대3차,101.91,8,1997,30000,215,2026,8,3
양천구,신정동,롯데캐슬,84.73,12,2004,80000,60,2026,8,22
양천구,목동,대원칸타빌3,96.45,10,2003,87000,0,2026,8,26
양천구,신정동,학마을1단지,49.98,5,2000,35000,0,2026,8,26
양천구,목동,목동신시가지7,66.6,2,1986,9000,200,2026,8,25
양천구,신정동,푸른마을4,84.99,13,2002,50000,12,2026,8,25
양천구,신정동,목동신시가지11,51.48,1,1988,23693,0,2026,8,26
양천구,목동,목동신시가지6,115.19,7,1986,115000,0,2026,8,26
양천구,신월동,신월시영,43.2,6,1988,5000,65,2026,8,24
양천구,신정동,목동신시가지8,54.94,8,1987,30000,120,2026,8,18
양천구,목동,목동신시가지7,66.6,12,1986,66000,0,2026,8,24
양천구,신정동,목동신시가지11,66.24,1,1988,3000,143,2026,8,14
양천구,신정동,목동신시가지9,71.37,13,1987,63000,0,2026,8,25
양천구,신정동,목동힐스테이트,84.98,13,2016,92000,0,2026,8,8
양천구,신정동,목동신시가지12,71.64,3,1988,54600,0,2026,8,21
양천구,신정동,목동신시가지11,66.24,2,1988,3000,140,2026,8,10
양천구,신정동,신트리1,49.8,14,1999,7000,90,2026,8,26
양천구,목동,목동신시가지5,65.08,8,1986,70000,0,2026,8,22
양천구,신정동,학마을1단지,49.99,1,2000,10000,45,2026,8,13
양천구,신정동,푸른마을2,49.16,8,2001,33500,0,2026,8,15
양천구,신월동,목동센트럴아이파크위브4단지,84.97,4,2020,60370,0,2026,8,1
양천구,목동,월드메르디앙2,84.3,8,2003,73000,0,2026,8,22
양천구,목동,목동신시가지3,64.98,4,1986,55000,0,2026,8,1
양천구,신정동,목동신시가지13,53.9,3,1987,46500,0,2026,8,20
양천구,신정동,목동2삼성래미안,59.54,9,2001,55000,0,2026,8,22
양천구,목동,목동신시가지5,65.08,15,1986,60000,0,2026,8,14
양천구,목동,목동신시가지6,47.94,10,1986,29519,0,2026,8,21
양천구,목동,목동휘버스I,84.79,2,2004,53000,0,2026,8,24
양천구,신월동,목동센트럴아이파크위브4단지,84.98,9,2020,68000,30,2026,8,22
양천구,목동,목동신시가지6,47.94,12,1986,42000,0,2026,8,25
양천구,목동,동구햇살아파트,97.06,5,2003,51000,70,2026,8,3
양천구,신정동,푸른마을4,84.81,1,2002,45150,0,2026,8,25
양천구,신정동,목동힐스테이트,46.17,7,2016,7286,0,2026,8,25
양천구,신정동,목동신시가지9,106.93,15,1987,40000,195,2026,8,24
양천구,목동,목동신시가지4,115.65,7,1986,110000,0,2026,8,14
양천구,목동,목동신시가지3,64.98,6,1986,43000,30,2026,8,21
양천구,목동,현대,57.84,2,1996,68000,0,2026,8,14
양천구,신정동,명지해드는터,84.98,7,2003,88000,0,2026,8,22
양천구,신정동,목동신시가지11,51.48,7,1988,20000,72,2026,8,24
양천구,신정동,목동신시가지8,54.94,18,1987,10000,180,2026,8,20
양천구,신정동,목동2삼성래미안,59.92,12,2001,43000,0,2026,8,20
양천구,목동,목동현대아파트(931),32.76,10,1997,1002,11,2026,8,18
양천구,신월동,방주기픈샘2,84.99,3,2007,40000,0,2026,8,25
양천구,목동,목동신시가지7,66.6,11,1986,60000,0,2026,8,21
양천구,신정동,푸른마을2,59.85,5,2001,39900,0,2026,8,22
양천구,신정동,파인빌,73.138,1,2001,70000,0,2026,8,24
양천구,신정동,푸른마을4,84.81,10,2002,55000,0,2026,8,23
양천구,신월동,목동센트럴아이파크위브1단지,84.97,22,2020,65100,0,2026,8,22
양천구,신정동,목동신시가지10,127.21,11,1987,89250,0,2026,8,15
양천구,목동,목동신시가지7,66.6,5,1986,15000,241,2026,8,14
양천구,신정동,목동신시가지11,66.24,3,1988,51450,0,2026,8,22
양천구,신정동,신트리2단지,39.6,4,2000,1212,15,2026,8,24
양천구,신월동,신목동파라곤,59.7052,12,2024,64500,0,2026,8,17
양천구,신정동,로얄스위트,26.92,5,2002,2000,59,2026,8,4
양천구,목동,목동신시가지6,47.94,11,1986,4000,145,2026,8,23
양천구,목동,청학,22.2,10,2002,20000,0,2026,8,24
양천구,신정동,목동신시가지9,71.37,14,1987,35000,111,2026,8,22
양천구,신정동,목동힐스테이트,46.17,9,2016,7286,0,2026,8,24
양천구,신월동,대방샤인힐,84.957,9,2003,38000,30,2026,8,22
양천구,목동,현대하이페리온,138.2,54,2003,50000,587,2026,8,6
양천구,신월동,롯데캐슬,84.966,4,2014,65500,0,2026,8,22
양천구,목동,금강에스쁘아,82.615,8,2002,26000,200,2026,8,20
양천구,신월동,신정두산위브,59.78,2,2012,55000,0,2026,8,22
양천구,목동,목동대림,84.82,12,1994,86000,0,2026,8,22
양천구,신월동,신월시영,43.2,6,1988,15500,0,2026,8,22
양천구,목동,목동성원(926-8),114.95,9,1997,10000,410,2026,8,22
양천구,신정동,목동힐스테이트,84.93,2,2016,103000,0,2026,8,22
양천구,신정동,목동신시가지8,54.94,17,1987,49000,0,2026,8,14
양천구,신정동,목동신시가지13,98.63,2,1987,15000,200,2026,8,22
양천구,목동,목동신시가지2,83.52,1,1986,45000,145,2026,8,24
양천구,신정동,목동신시가지13,53.9,6,1987,35000,40,2026,8,12
양천구,신정동,목동힐스테이트,36.01,12,2016,5681,0,2026,8,24
양천구,신정동,목동힐스테이트,36.01,12,2016,5681,0,2026,8,24
양천구,신정동,목동신시가지14,71.37,1,1987,52000,0,2026,8,22
양천구,신월동,목동센트럴아이파크위브2단지,59.68,13,2020,65000,0,2026,8,22
양천구,신월동,신안약수,84.56,4,1985,48000,0,2026,8,21
양천구,신월동,신월시영,50.67,7,1988,23000,0,2026,8,23
양천구,목동,목동신시가지6,47.94,18,1986,32000,0,2026,8,21
양천구,신정동,목동우성2,84.96,8,2000,50000,55,2026,8,24
양천구,신월동,롯데캐슬,59.747,16,2014,53000,0,2026,8,22
양천구,목동,목동신시가지3,64.98,13,1986,10000,220,2026,8,10
양천구,목동,우성,84.44,12,1992,62000,0,2026,8,22
양천구,신정동,목동신시가지12,71.64,7,1988,54600,0,2026,8,21
양천구,신월동,세제뉴타운,57.32,5,2002,28000,0,2026,8,8
양천구,목동,목동청구한신아파트,84.77,1,1997,60000,80,2026,8,6
양천구,목동,목동신시가지1,66,6,1985,50000,100,2026,8,19
양천구,신월동,목동센트럴아이파크위브3단지,84.98,4,2020,75000,0,2026,8,22
양천구,목동,목동신시가지7,53.88,9,1986,57000,0,2026,8,21
양천구,신월동,목동센트럴아이파크위브2단지,84.97,4,2020,76000,0,2026,8,22
양천구,신정동,이펜하우스4단지,49.92,5,2011,4220,33,2026,8,20
양천구,신정동,목동신시가지14,71.4,19,1987,57000,0,2026,8,21
양천구,목동,목동성원(926-8),114.95,6,1997,100000,83,2026,8,15
양천구,목동,대원칸타빌2,84.98,5,2003,78600,0,2026,8,18
양천구,신정동,래미안목동아델리체(101동~118동),84.72,1,2021,82000,0,2026,8,21
양천구,신정동,목동신시가지13,70.73,1,1987,57750,0,2026,8,21
양천구,신정동,블레스빌,79.43,7,2002,75000,0,2026,8,21
양천구,신정동,어반클라쎄목동,54.64,6,2023,20000,155,2026,8,18
양천구,신정동,목동신시가지9,71.37,9,1987,55000,0,2026,8,20
양천구,신정동,목동신시가지12,71.64,3,1988,55000,0,2026,8,21
양천구,목동,월드메르디앙3,84.95,6,2003,110000,0,2026,8,7
양천구,신월동,롯데캐슬(1057-0),70.61,1,2010,45000,0,2026,8,20
양천구,목동,목동신시가지1,47.52,11,1985,42000,0,2026,8,13
양천구,목동,목동금호베스트빌,125.37,4,2002,58000,0,2026,8,21
양천구,신정동,목동신시가지8,54.94,13,1987,23000,65,2026,8,13
양천구,신정동,목동신시가지12,71.64,11,1988,58000,0,2026,8,20
양천구,신정동,목동신시가지11,51.48,2,1988,36000,0,2026,8,20
양천구,신정동,정은스카이빌2차,84.98,12,2004,34000,60,2026,8,21
양천구,신월동,신월시영,50.67,4,1988,3000,100,2026,8,8
양천구,신정동,이펜하우스3단지,49.52,10,2011,4316,35,2026,8,20
양천구,목동,목동신시가지2,65.25,15,1986,10000,220,2026,8,20
양천구,신월동,신월시영,50.67,12,1988,5800,60,2026,8,20
양천구,신월동,신월2차보람쉬움,59.43,3,2005,40000,0,2026,8,20
양천구,신정동,이펜하우스2단지,84.51,3,2011,37518,0,2026,8,20
양천구,신정동,목동힐스테이트,46.17,10,2016,7286,0,2026,8,20
양천구,신정동,학마을1단지,49.99,15,2000,31500,0,2026,8,18
양천구,목동,정은스카이빌(959),68.18,7,2006,52000,0,2026,8,20
양천구,신월동,덕현해밀(102동),84.99,4,2013,43000,0,2026,8,20
양천구,목동,목동신시가지5,95.28,15,1986,100000,0,2026,8,19
양천구,신정동,목동2차우성(1단지),32.76,11,2000,888,13,2026,8,20
양천구,신정동,이펜하우스3단지,49.63,4,2011,4316,35,2026,8,19
양천구,신정동,목동힐스테이트,46.17,2,2016,7286,0,2026,8,20
양천구,목동,하이페리온2,136.081,31,2006,175000,0,2026,8,14
양천구,신정동,대림e-편한세상,109.905,6,2004,56700,0,2026,8,20
양천구,신월동,신안파크,54.5,5,1987,15750,0,2026,8,20
양천구,신정동,목동신시가지14,55.02,12,1987,5000,160,2026,8,20
양천구,목동,스카이빌아파트,84.51,13,2002,50000,52,2026,8,12
양천구,신월동,수명산롯데캐슬,84.96,4,2008,10000,210,2026,8,20
양천구,목동,목동신시가지7,66.6,3,1986,10000,230,2026,8,4
양천구,목동,목동청구한신아파트,84.77,1,1997,86100,0,2026,8,18
양천구,신월동,금하뜨라네,84.94,5,2016,38000,0,2026,8,7
양천구,신정동,동일하이빌2단지,115.321,23,2005,60100,0,2026,8,18
양천구,신정동,목동신시가지13,70.73,1,1987,60000,0,2026,8,19
양천구,신정동,목동신시가지8,54.94,6,1987,30000,80,2026,8,14
양천구,신정동,신정6현대,59.4,7,2000,31500,0,2026,8,12
양천구,신정동,목동신시가지14,55.02,8,1987,30000,80,2026,8,19
양천구,목동,목동신시가지3,64.98,8,1986,55000,45,2026,8,19
양천구,신정동,목동힐스테이트,51.87,9,2016,6498,9,2026,8,20
양천구,목동,목동청구한신아파트,84.76,11,1997,90000,0,2026,8,19
양천구,신정동,목동우성2,113.91,15,2000,63000,0,2026,8,19
양천구,신정동,목동신시가지14,55.02,8,1987,13000,97,2026,8,19
양천구,신정동,목동신시가지13,70.73,8,1987,62000,0,2026,8,19
양천구,신정동,신정숲속마을,49.99,9,2016,23400,0,2026,8,19
양천구,신정동,이펜하우스5단지,59.94,1,2011,4715,37,2026,8,19
양천구,신정동,신정숲속마을,59.99,6,2016,29640,0,2026,8,19
양천구,신정동,이펜하우스3단지,59.95,1,2011,4988,38,2026,8,19
양천구,신정동,목동힐스테이트,36.01,2,2016,5681,0,2026,8,19
양천구,신월동,목동센트럴아이파크위브4단지,34.24,6,2020,10104,23,2026,8,18
양천구,목동,목동신시가지3,64.98,13,1986,68000,0,2026,8,14
양천구,신정동,이펜하우스4단지,84.95,4,2011,37518,0,2026,8,19
양천구,신정동,이펜하우스4단지,49.94,1,2011,4220,33,2026,8,19
양천구,신정동,신정숲속마을,49.99,8,2016,23400,0,2026,8,19
양천구,신월동,롯데캐슬,84.984,9,2014,56000,0,2026,8,1
양천구,신월동,롯데캐슬,84.984,9,2014,56000,0,2026,8,1
양천구,신정동,이펜하우스3단지,49.52,3,2011,10109,0,2026,8,19
양천구,신정동,신정숲속마을,39.99,7,2016,2832,24,2026,8,19
양천구,신정동,이펜하우스4단지,49.92,3,2011,4220,33,2026,8,19
양천구,신정동,이펜하우스3단지,49.92,8,2011,4316,35,2026,8,19
양천구,신정동,이펜하우스4단지,49.92,4,2011,4220,33,2026,8,19
양천구,신정동,목동2차우성(1단지),32.76,1,2000,888,13,2026,8,19
양천구,신월동,태진,72.42,14,1998,33100,0,2026,8,19
양천구,신정동,목동신시가지9,71.37,11,1987,45150,55,2026,8,7
양천구,신정동,신트리4,49.8,4,2000,37000,0,2026,8,12
양천구,신정동,목동힐스테이트,84.98,2,2016,100000,0,2026,8,15
양천구,신정동,목동힐스테이트,51.87,10,2016,8186,0,2026,8,19
양천구,목동,목동신시가지4,47.25,7,1986,50000,0,2026,8,19
양천구,신정동,목동신시가지12,71.64,3,1988,52500,0,2026,8,18
양천구,신월동,목동센트럴아이파크위브2단지,59.88,16,2020,55125,0,2026,8,19
양천구,신정동,목동힐스테이트,36.01,8,2016,2947,15,2026,8,19
양천구,신정동,목동힐스테이트,46.17,12,2016,7286,0,2026,8,19
양천구,목동,금강에스쁘아,82.615,9,2002,30000,150,2026,8,14
양천구,신월동,신안약수,70.16,3,1985,32500,0,2026,8,15
양천구,신정동,푸른마을3,84.93,5,2001,47000,0,2026,8,18
양천구,신정동,목동힐스테이트,46.17,5,2016,7286,0,2026,8,19
양천구,신월동,목동센트럴아이파크위브4단지,34.24,5,2020,9553,26,2026,8,18
양천구,신정동,래미안목동아델리체(101동~118동),84.72,14,2021,103000,0,2026,8,17
양천구,신정동,호반써밋목동,59.9488,11,2022,54500,0,2026,8,17
양천구,신정동,신트리1,59.73,13,1999,52500,0,2026,8,17
양천구,목동,대원칸타빌3,84.98,7,2003,81900,0,2026,8,14
양천구,목동,목동신시가지6,47.94,19,1986,20000,75,2026,8,18
양천구,신정동,목동우성2,113.91,13,2000,52500,0,2026,8,15
양천구,신정동,목동신시가지12,71.64,3,1988,48510,0,2026,8,14
양천구,신월동,목동센트럴아이파크위브2단지,84.98,4,2020,57700,0,2026,8,18
양천구,신정동,목동신시가지13,124.55,3,1987,90000,0,2026,8,14
양천구,신월동,목동센트럴아이파크위브2단지,84.97,3,2020,61950,0,2026,8,1
양천구,신정동,푸른마을4,84.99,2,2002,60000,0,2026,8,15
양천구,신정동,목동신시가지11,51.48,6,1988,40000,0,2026,8,18
양천구,신정동,목동신시가지11,51.48,6,1988,40000,0,2026,8,18
양천구,신월동,벽산블루밍2단지,84.9285,19,2003,48000,0,2026,8,12
양천구,목동,대원칸타빌3,84.98,7,2003,81900,0,2026,8,14
양천구,신정동,목동신시가지13,53.9,3,1987,42000,0,2026,8,18
양천구,목동,진도2,84.75,7,1999,107000,0,2026,8,18
양천구,신월동,신안파크,47.6,1,1987,10100,20,2026,8,1
양천구,신정동,목동신시가지14,74.19,3,1987,52500,0,2026,8,13
양천구,목동,목동신시가지2,122.31,5,1986,120000,0,2026,8,18
양천구,신월동,덕현해밀(102동),84.99,6,2013,30000,0,2026,8,8
양천구,신정동,목동신시가지11,51.48,15,1988,38000,0,2026,8,13
양천구,신월동,신목동파라곤,59.7052,15,2024,40000,90,2026,8,17
양천구,신정동,목동신시가지13,53.9,14,1987,10000,145,2026,8,8
양천구,목동,진도2,84.75,15,1999,67000,160,2026,8,15
양천구,신정동,목동신시가지11,66.24,7,1988,10000,160,2026,8,11
양천구,신월동,롯데캐슬,84.984,6,2014,48000,80,2026,8,11
양천구,목동,목동신시가지1,98.08,5,1985,70000,100,2026,8,7
양천구,신정동,목동신시가지13,70.73,6,1987,20000,155,2026,8,17
양천구,목동,목동청구한신아파트,84.76,11,1997,88000,0,2026,8,12
양천구,신월동,목동센트럴아이파크위브2단지,34.24,3,2020,9491,22,2026,8,15
양천구,목동,목동신시가지5,65.08,11,1986,68000,0,2026,8,17
양천구,신월동,목동센트럴아이파크위브2단지,59.88,17,2020,65000,0,2026,8,17
양천구,신월동,보금자리,71.63,6,2004,35000,0,2026,8,17
양천구,목동,목동신시가지6,47.94,12,1986,37000,0,2026,8,8
양천구,신정동,목동신시가지12,71.64,12,1988,33000,120,2026,8,13
양천구,신정동,이펜하우스2단지,114.98,1,2011,39954,0,2026,8,13
양천구,신정동,목동신시가지10,53.82,3,1987,39900,0,2026,8,14
양천구,목동,롯데캐슬위너,84.98,13,2005,77000,0,2026,8,14
양천구,신정동,목동신시가지13,53.9,14,1987,45000,0,2026,8,14
양천구,신월동,대신,84.44,2,2003,25000,0,2026,8,13
양천구,신정동,목동신시가지14,74.19,5,1987,45000,0,2026,8,8
양천구,목동,월드메르디앙3,84.95,3,2003,10000,400,2026,8,7
양천구,신월동,신월시영,50.67,12,1988,3000,100,2026,8,14
양천구,신월동,목동센트럴아이파크위브1단지,84.98,20,2020,76000,0,2026,8,12
양천구,목동,목동청구한신아파트,84.77,4,1997,85000,60,2026,8,10
양천구,신월동,온누리,79.68,1,2006,25000,0,2026,8,11
양천구,신월동,신월시영,50.67,4,1988,23000,0,2026,8,14
양천구,신정동,양천,33.62,7,1995,900,11,2026,8,10
양천구,신정동,현대,84.84,7,1995,68200,0,2026,8,12
양천구,목동,부영3,152.63,10,2000,80000,267,2026,8,13
양천구,신정동,롯데캐슬,84.73,4,2004,91000,0,2026,8,12
양천구,신정동,목동신시가지8,54.94,7,1987,44000,0,2026,8,13
양천구,신정동,신트리1,49.8,7,1999,25000,60,2026,8,7
양천구,신정동,성은,62.14,5,2003,23000,7,2026,8,5
양천구,신월동,롯데캐슬(1057-0),84.94,10,2010,57750,0,2026,8,14
양천구,목동,목동2차아이파크,84.85,6,2004,72000,0,2026,8,14
양천구,신정동,양천,33.62,13,1995,2736,1,2026,8,13
양천구,신정동,양천,39.36,2,1995,1015,13,2026,8,13
양천구,신정동,수정,48.87,5,1987,500,45,2026,8,5
양천구,신정동,목동신시가지13,70.73,11,1987,10000,116,2026,8,13
양천구,목동,목동신시가지6,47.94,3,1986,30000,20,2026,8,7
양천구,신정동,목동해오름102동,84.63,2,2005,45100,0,2026,8,13
양천구,신정동,목동신시가지12,72.75,5,1988,55000,0,2026,8,11
양천구,신정동,목동신시가지11,51.48,15,1988,38000,0,2026,8,13
양천구,목동,목동신시가지7,53.88,8,1986,30000,100,2026,8,12
양천구,목동,목동신시가지5,95.21,3,1986,95000,0,2026,8,12
양천구,신정동,목동신시가지10,106.06,4,1987,80000,0,2026,8,13
양천구,신정동,목동신시가지10,105.58,1,1987,78750,0,2026,8,12
양천구,신월동,목동센트럴아이파크위브4단지,34.24,4,2020,9996,24,2026,8,13
양천구,목동,삼성(766-1),76.29,3,1995,34500,0,2026,8,12
양천구,신월동,신안파크,47.6,5,1987,10923,0,2026,8,11
양천구,목동,목동신시가지7,66.6,11,1986,60000,0,2026,8,12
양천구,목동,엘리시아,65.36,5,2009,24000,34,2026,8,5
양천구,신월동,목동센트럴아이파크위브4단지,34.24,6,2020,9996,24,2026,8,13
양천구,신월동,롯데캐슬,84.984,14,2014,57900,0,2026,8,1
양천구,신정동,목동신시가지14,71.4,14,1987,54600,0,2026,8,12
양천구,신정동,신정6현대,84.6,3,2000,40000,80,2026,8,12
양천구,신정동,호반써밋목동,39.9445,8,2022,12728,34,2026,8,12
양천구,신정동,이펜하우스4단지,114.98,9,2011,31623,0,2026,8,12
양천구,신월동,목동센트럴아이파크위브1단지,59.68,14,2020,10000,190,2026,8,8
양천구,목동,목동신시가지1,83.23,1,1985,75000,35,2026,8,11
양천구,신월동,목동센트럴아이파크위브2단지,52.96,2,2020,41000,8,2026,8,6
양천구,신정동,목동신시가지10,105.58,5,1987,75600,0,2026,8,7
양천구,목동,진도2,84.75,4,1999,80000,120,2026,8,11
양천구,신월동,롯데캐슬,84.966,12,2014,65000,0,2026,8,12
양천구,신정동,목동신시가지10,53.82,5,1987,10000,100,2026,8,12
양천구,신월동,신월시영,43.2,10,1988,20000,0,2026,8,12
양천구,신월동,목동센트럴아이파크위브2단지,59.88,15,2020,56500,0,2026,8,12
양천구,목동,목동2차아이파크,84.85,10,2004,56000,90,2026,8,10
양천구,신정동,목동신시가지14,55.02,6,1987,20000,87,2026,8,12
양천구,목동,목동신시가지6,47.94,2,1986,41500,0,2026,8,12
양천구,신정동,신트리2단지,32.76,13,2000,1001,13,2026,8,12
양천구,신정동,신트리2단지,32.76,14,2000,2349,5,2026,8,12
양천구,목동,목동신시가지7,59.39,2,1986,56000,0,2026,8,11
양천구,신정동,목동신시가지14,55.02,14,1987,50000,0,2026,8,11
양천구,목동,목동신시가지2,152.64,5,1986,70000,0,2026,8,12
양천구,신정동,신정숲속마을,84.99,11,2016,47000,0,2026,8,10
양천구,신정동,성은,40.35,7,2003,15200,0,2026,8,5
양천구,신월동,행복한세상,72.85,4,2004,7000,90,2026,8,8
양천구,신정동,목동신시가지12,53.46,4,1988,10000,69,2026,8,11
양천구,신월동,신월2차보람쉬움,82.51,1,2005,45000,0,2026,8,11
양천구,신월동,신월대림,59.73,16,2001,30,30,2026,8,11
양천구,신정동,현대,84.84,4,1995,65000,0,2026,8,11
양천구,신정동,목동신시가지10,105.58,3,1987,78500,0,2026,8,11
양천구,신월동,신월시영,43.2,12,1988,10000,33,2026,8,11
양천구,신월동,목동센트럴아이파크위브2단지,34.24,1,2020,9996,24,2026,8,11
양천구,신정동,목동신시가지14,55.02,14,1987,50000,0,2026,8,11
양천구,신월동,목동센트럴아이파크위브2단지,84.98,10,2020,50000,95,2026,8,11
양천구,신정동,신트리3,84.8,13,2000,30000,120,2026,8,9
양천구,목동,목동2차아이파크,84.85,10,2004,56000,100,2026,8,10
양천구,신월동,대주파크빌,59.98,1,2004,38000,0,2026,8,1
양천구,신정동,목동신시가지9,106.93,2,1987,80200,0,2026,8,6
양천구,신정동,목동신시가지8,71.77,18,1987,68000,0,2026,8,10
양천구,목동,애드웰(534),84.55,7,2004,48000,0,2026,8,11
양천구,신정동,수정,47.16,3,1987,500,50,2026,8,6
양천구,신정동,신트리4,48.96,15,2000,5000,135,2026,8,8
양천구,목동,청학,35.55,4,2002,27000,15,2026,8,10
양천구,신월동,신월2차보람쉬움,82.51,4,2005,34000,30,2026,8,3
양천구,목동,목동미소래,84.95,10,2005,55000,0,2026,8,10
양천구,신월동,양천벽산블루밍1단지,84.63,1,2006,44500,0,2026,8,10
양천구,신정동,목동신시가지11,66.24,1,1988,55000,0,2026,8,10
양천구,신월동,탑건진선미,83.94,5,2004,44000,0,2026,8,7
양천구,목동,목동신시가지3,64.98,13,1986,59613,0,2026,8,10
양천구,신정동,목동경동미르웰,14.02,6,2017,2000,58,2026,8,7
양천구,목동,목동신시가지2,65.82,12,1986,63000,0,2026,8,7
양천구,신정동,목동신시가지11,51.48,13,1988,38000,0,2026,8,7
양천구,신정동,목동신시가지10,53.82,11,1987,33075,0,2026,8,10
양천구,신정동,목동신시가지10,53.82,8,1987,5000,190,2026,8,7
양천구,신정동,목동신시가지10,53.82,8,1987,45000,0,2026,8,4
양천구,신월동,목동센트럴아이파크위브2단지,52.96,2,2020,44000,0,2026,8,10
양천구,목동,목동신시가지2,65.25,3,1986,63000,0,2026,8,10
양천구,목동,목동신시가지3,64.98,12,1986,26000,150,2026,8,8
양천구,목동,삼익,84.88,1,1997,72400,0,2026,8,7
양천구,신정동,래미안목동아델리체(119동~123동),39.39,4,2021,4493,20,2026,8,5
양천구,신정동,목동신시가지11,66.24,9,1988,40000,39,2026,8,8
양천구,신월동,롯데캐슬,84.984,2,2014,65000,0,2026,8,6
양천구,신정동,래미안목동아델리체(101동~118동),84.94,24,2021,88200,0,2026,8,10
양천구,신정동,목동신시가지11,66.24,9,1988,5000,200,2026,8,6
양천구,신월동,목동센트럴아이파크위브1단지,84.98,17,2020,64100,0,2026,8,10
양천구,신정동,목동힐스테이트,59.95,14,2016,85000,0,2026,8,8
양천구,신정동,신트리1,59.73,14,1999,40000,45,2026,8,3
양천구,신정동,목동신시가지14,55.02,2,1987,38850,0,2026,8,8
양천구,신정동,동림,84.47,4,2003,10000,150,2026,8,7
양천구,신월동,목동센트럴아이파크위브3단지,84.98,10,2020,78000,0,2026,8,8
양천구,신정동,이든채(101동~104동),39.48,2,2019,9124,25,2026,8,9
양천구,신정동,아이파크,59.82,2,2002,68250,0,2026,8,8
양천구,목동,목동에버하임,41.06,8,2019,37275,0,2026,8,7
양천구,신정동,푸른마을3,59.99,12,2001,20000,80,2026,8,6
양천구,목동,목동신시가지6,47.94,11,1986,17000,70,2026,8,6
양천구,신월동,금하뜨라네,84.83,2,2016,8000,120,2026,8,7
양천구,신월동,탑건진선미,83.94,5,2004,44000,0,2026,8,7
양천구,신정동,목동우성2,84.96,6,2000,65000,0,2026,8,6
양천구,신정동,목동신시가지14,108.28,6,1987,92000,0,2026,8,6
양천구,신정동,목동현대3차,101.91,8,1997,30000,215,2026,8,3
양천구,신정동,목동신시가지14,71.4,18,1987,54600,0,2026,8,7
양천구,신월동,목동센트럴아이파크위브4단지,34.24,3,2020,9996,24,2026,8,7
양천구,목동,목동청구한신아파트,84.76,10,1997,69000,70,2026,8,7
양천구,신월동,목동센트럴아이파크위브4단지,34.24,5,2020,9996,24,2026,8,7
양천구,신정동,목동신시가지12,53.46,2,1988,40000,0,2026,8,6
양천구,신월동,신월시영,43.2,11,1988,22000,0,2026,8,7
양천구,목동,롯데캐슬위너,84.98,12,2005,73500,0,2026,8,7
양천구,신정동,삼성쉐르빌,197.65,4,2003,105000,315,2026,8,6
양천구,목동,진도2,59.46,16,1999,70000,40,2026,8,4
양천구,신정동,목동신시가지14,129.33,6,1987,84000,50,2026,8,6
양천구,목동,목동신시가지7,66.6,4,1986,68250,0,2026,8,6
양천구,신정동,목동힐스테이트,59.95,17,2016,45000,145,2026,8,6
양천구,신정동,래미안목동아델리체(101동~118동),84.95,8,2021,30000,150,2026,8,1
양천구,신정동,이든채(101동~104동),39.48,14,2019,8616,24,2026,8,5
양천구,신정동,이든채(101동~104동),39.48,11,2019,8616,24,2026,8,5
양천구,목동,성원2,59.9,6,2000,44000,0,2026,8,4
양천구,목동,목동현대1,59.9,7,1997,75600,0,2026,8,2
양천구,목동,목동신시가지3,64.98,5,1986,55000,0,2026,8,4
양천구,목동,목동신시가지4,48.69,11,1986,31000,0,2026,8,4
양천구,목동,목동신시가지6,47.94,6,1986,43000,0,2026,8,5
양천구,신정동,MJ스위츠,49.92,7,2020,4000,137,2026,8,1
양천구,신월동,대방샤인힐,59.648,8,2003,38640,0,2026,8,4
양천구,신정동,목동신시가지8,105.35,12,1987,120000,0,2026,8,5
양천구,신월동,목동센트럴아이파크위브4단지,59.68,16,2020,46000,0,2026,8,1
양천구,목동,성원2,114.57,12,2000,67000,0,2026,8,4
양천구,신월동,목동센트럴아이파크위브2단지,84.96,20,2020,42000,116,2026,8,4
양천구,신정동,호반써밋목동,84.9224,15,2022,84000,0,2026,8,4
양천구,신정동,목동현대3차,84.77,14,1997,85000,0,2026,8,4
양천구,신월동,목동센트럴아이파크위브2단지,84.97,7,2020,63000,0,2026,8,3
양천구,신정동,목동신시가지9,53.82,15,1987,29000,0,2026,8,2
양천구,신월동,목동센트럴아이파크위브4단지,84.98,16,2020,70000,0,2026,8,3
양천구,목동,목동신시가지3,64.98,5,1986,68000,0,2026,8,3
양천구,신정동,대성유니드1차,59.87,8,2004,36700,0,2026,8,1
양천구,신정동,대림아크로빌,165.28,4,2003,85000,40,2026,8,3
양천구,목동,진도2,84.75,17,1999,105000,0,2026,8,2
양천구,신정동,현대,84.84,10,1995,65000,0,2026,8,2
양천구,신월동,목동센트럴아이파크위브2단지,59.88,1,2020,25000,135,2026,8,1
양천구,목동,목동신시가지3,64.98,4,1986,55000,0,2026,8,1
강서구,가양동,가양6단지,39.6,3,1992,28000,0,2026,8,19
강서구,화곡동,우장산롯데캐슬,85,11,2003,66000,0,2026,8,27
강서구,염창동,금호타운,59.88,9,1999,53000,0,2026,8,23
강서구,가양동,가양2단지(성지),39.6,8,1992,27300,0,2026,8,22
강서구,염창동,극동,59.9,2,2000,44100,0,2026,8,22
강서구,등촌동,주공10,58.14,9,1995,39900,0,2026,8,14
강서구,화곡동,강서힐스테이트,59.99,5,2015,40000,140,2026,8,15
강서구,방화동,신마곡벽산블루밍,84.9184,5,2020,5500,250,2026,8,17
강서구,마곡동,마곡엠밸리9단지,59.86,1,2021,57000,0,2026,8,17
강서구,가양동,강변,34.44,11,1992,25000,0,2026,8,14
강서구,등촌동,주공5,58.14,14,1995,53000,0,2026,8,11
강서구,마곡동,마곡엠벨리(14단지),84.88,4,2014,85000,0,2026,8,10
강서구,마곡동,마곡엠밸리7단지,84.86,7,2014,27101,0,2026,8,11
강서구,화곡동,행복타운2(914-17),15.34,9,2012,5700,0,2026,8,7
강서구,마곡동,마곡엠벨리(14단지),84.5,12,2014,20000,214,2026,8,8
강서구,마곡동,마곡삼성아파트,59.97,9,1998,37800,0,2026,8,1
강서구,등촌동,주공5,37.67,4,1995,5000,70,2026,8,22
강서구,염창동,등촌제이스카이,28.94,9,2021,5000,100,2026,8,8
강서구,가양동,강서한강월드메르디앙,84.9,12,2006,40000,120,2026,8,14
강서구,염창동,신동아,84.9,1,1995,63000,0,2026,8,22
강서구,염창동,동아3,59.7,13,1999,55000,0,2026,8,31
강서구,마곡동,마곡엠밸리7단지,59.79,5,2014,22636,0,2026,8,31
강서구,등촌동,주공3,58.14,8,1995,43000,0,2026,8,29
강서구,마곡동,마곡엠밸리5단지,59.94,9,2014,4373,45,2026,8,6
강서구,등촌동,가양역두산위브,59.98,9,2022,20000,180,2026,8,29
강서구,마곡동,마곡힐스테이트,59.99,11,2017,70000,0,2026,8,27
강서구,화곡동,"우장산아이파크,이편한세상",84.97,7,2008,51000,140,2026,8,12
강서구,마곡동,마곡엠밸리7단지,114.86,9,2014,95000,40,2026,8,6
강서구,방화동,마곡센트레빌,59.607,12,2021,60000,20,2026,8,22
강서구,마곡동,마곡엠밸리6단지,59.79,5,2014,15945,16,2026,8,31
강서구,염창동,e편한세상염창,59.9812,18,2019,75600,0,2026,8,29
강서구,마곡동,마곡13단지힐스테이트마스터,59.9855,1,2017,64050,0,2026,8,11
강서구,마곡동,마곡엠밸리6단지,49.77,4,2014,2152,44,2026,8,31
강서구,마곡동,마곡엠밸리6단지,84.88,8,2014,27101,0,2026,8,28
강서구,등촌동,"등촌7,8단지주공아파트",41.85,15,1994,33000,0,2026,8,29
강서구,등촌동,삼성한사랑1,84.99,7,1997,30000,120,2026,8,31
강서구,화곡동,"우장산아이파크,이편한세상",59.98,13,2008,62500,11,2026,8,10
강서구,등촌동,삼성한사랑1,84.99,5,1997,56000,0,2026,8,27
강서구,방화동,방화그린,33.6,9,1993,21200,0,2026,8,31
강서구,마곡동,마곡엠밸리2단지,49.77,4,2014,2437,45,2026,8,20
강서구,방화동,장미,49.2,3,1994,38000,0,2026,8,2
강서구,화곡동,화곡푸르지오,125.021,7,2002,70000,0,2026,8,29
강서구,내발산동,마곡수명산파크1단지,84.82,2,2007,70000,0,2026,8,31
강서구,화곡동,SPACE(920-5),19.75,11,2014,10000,20,2026,8,28
강서구,방화동,신마곡벽산블루밍,49.775,15,2020,10000,133,2026,8,16
강서구,가양동,가양도시개발9-2단지,49.5,6,1993,20000,50,2026,8,28
강서구,화곡동,우장산한화꿈에그린,120.11,12,2004,68000,0,2026,8,21
강서구,화곡동,우공아파트,26.36,4,2018,100,95,2026,8,27
강서구,방화동,방화5,39.6,1,1994,10000,65,2026,8,22
강서구,등촌동,삼성한사랑1,84.99,5,1997,56000,0,2026,8,27
강서구,등촌동,코오롱하늘채,59.95,12,2003,60000,0,2026,8,22
강서구,방화동,마곡서광(치현마을),84.93,9,1998,20000,125,2026,8,18
강서구,화곡동,삼성다빈치(917-14),14.35,10,2015,1000,55,2026,8,18
강서구,방화동,방화3차우림필유,84.57,11,2005,55000,0,2026,8,3
강서구,염창동,월드메르디앙,84.98,14,2004,20000,160,2026,8,26
강서구,등촌동,등촌라인(조합),59.91,16,1997,33000,70,2026,8,29
강서구,내발산동,마곡수명산파크1단지,39.73,9,2007,980,25,2026,8,19
강서구,가양동,한강타운,84.99,11,1993,70000,0,2026,8,28
강서구,화곡동,한울아파트,28.82,6,2018,19600,0,2026,8,29
강서구,가양동,가양6단지,39.6,13,1992,30000,0,2026,8,29
강서구,가양동,가양6단지,39.6,8,1992,10000,84,2026,8,18
강서구,마곡동,마곡엠밸리6단지,84.84,1,2014,71000,0,2026,8,29
강서구,가양동,가양우성,84.87,1,1990,30000,120,2026,8,28
강서구,가양동,강서한강자이,59.9382,13,2013,63000,50,2026,8,28
강서구,화곡동,삼백,65.88,6,1999,21600,0,2026,8,29
강서구,마곡동,마곡엠밸리9단지,84.85,6,2021,81000,0,2026,8,29
강서구,마곡동,마곡엠벨리(14단지),84.5,4,2014,86000,0,2026,8,28
강서구,마곡동,마곡13단지힐스테이트마스터,59.9825,13,2017,69000,0,2026,8,28
강서구,염창동,염창힐스테이트,84.849,12,2009,80000,0,2026,8,29
강서구,마곡동,마곡엠밸리4단지,84.85,14,2014,87000,0,2026,8,10
강서구,염창동,신동아,59.82,13,1995,20000,88,2026,8,29
강서구,염창동,e편한세상염창,84.6352,3,2019,92400,0,2026,8,30
강서구,마곡동,마곡엠밸리4단지,59.79,5,2014,22636,0,2026,8,28
강서구,등촌동,주공5,58.14,15,1995,42000,0,2026,8,28
강서구,등촌동,부영,80.64,10,1994,15000,140,2026,8,28
강서구,등촌동,"등촌7,8단지주공아파트",26.37,5,1994,290,6,2026,8,28
강서구,가양동,강변,49.5,8,1992,5000,116,2026,8,22
강서구,방화동,마곡중앙하이츠아파트,39.58,1,1994,22050,0,2026,8,28
강서구,가양동,가양2단지(성지),39.6,1,1992,21000,0,2026,8,28
강서구,화곡동,아델리아Ⅲ,14.85,7,2012,8800,21,2026,8,28
강서구,화곡동,"우장산아이파크,이편한세상",84.97,18,2008,78700,0,2026,8,28
강서구,마곡동,마곡13단지힐스테이트마스터,84.9805,5,2017,68000,0,2026,8,10
강서구,화곡동,우장산롯데캐슬,85,11,2003,66000,0,2026,8,27
강서구,화곡동,강서힐스테이트,84.99,19,2015,85000,0,2026,8,23
강서구,가양동,향교,71.38,4,2003,28000,0,2026,8,28
강서구,가양동,강변,49.5,6,1992,10000,70,2026,8,27
강서구,화곡동,블루힐(343-56),12.52,4,2011,8560,6,2026,8,1
강서구,화곡동,"우장산아이파크,이편한세상",114.98,10,2008,98000,0,2026,8,27
강서구,가양동,가양6단지,39.6,1,1992,26000,0,2026,8,28
강서구,가양동,가양도시개발9-2단지,39.6,1,1993,10000,60,2026,8,26
강서구,방화동,방화그린,49.77,8,1993,5000,125,2026,8,8
강서구,가양동,강변,49.5,1,1992,30000,0,2026,8,14
강서구,염창동,신동아,59.82,7,1995,50000,0,2026,8,28
강서구,화곡동,강서동도센트리움,14.677,4,2012,8500,6,2026,8,12
강서구,염창동,강변힐스테이트,84.99,3,2005,70000,0,2026,8,27
강서구,방화동,동성,84.95,3,1993,52500,0,2026,8,27
강서구,가양동,강변,34.44,9,1992,29000,0,2026,8,27
강서구,마곡동,마곡엠밸리6단지,84.88,14,2014,27101,0,2026,8,28
강서구,가양동,가양6단지,39.6,12,1992,35000,0,2026,8,18
강서구,등촌동,우성,47.38,14,1992,40000,0,2026,8,22
강서구,화곡동,진민그린상가(367-30),82.56,3,1996,24600,0,2026,8,28
강서구,가양동,가양6단지,39.6,8,1992,10000,84,2026,8,18
강서구,가양동,강변,49.5,9,1992,40000,0,2026,8,22
강서구,염창동,대림,59.94,9,1999,25000,80,2026,8,18
강서구,화곡동,우장산롯데캐슬,85,25,2003,60900,0,2026,8,27
강서구,화곡동,우장산역해링턴타워,43.04,9,2021,8320,56,2026,8,26
강서구,화곡동,우장산역해링턴타워,23.68,15,2021,5680,39,2026,8,27
강서구,마곡동,마곡엠밸리6단지,59.79,4,2014,22636,0,2026,8,25
강서구,마곡동,마곡엠밸리6단지,59.79,7,2014,22636,0,2026,8,25
강서구,화곡동,리치아파트104동,24.46,7,2020,21294,4,2026,8,26
강서구,내발산동,우장산신일해피트리,42.66,6,2023,35000,20,2026,8,26
강서구,가양동,가양강나루현대,59.76,18,1999,50000,0,2026,8,16
강서구,방화동,동성,64.65,3,1993,39900,0,2026,8,27
강서구,가양동,가양6단지,58.65,3,1992,43000,0,2026,8,23
강서구,가양동,가양강나루현대,59.76,6,1999,10000,160,2026,8,26
강서구,화곡동,스카이(924-10),34.94,7,2014,18000,4,2026,8,26
강서구,내발산동,우장산동문디이스트,74.03,4,2023,68500,20,2026,8,27
강서구,가양동,강서한강월드메르디앙,84.9,3,2006,20000,190,2026,8,21
강서구,마곡동,마곡엠밸리9단지,84.97,3,2021,75600,0,2026,8,22
강서구,가양동,가양1차보람더하임,66.37,5,2006,50000,0,2026,8,7
강서구,등촌동,등촌라인(조합),59.91,3,1997,43000,0,2026,8,27
강서구,방화동,노블하이츠,26.65,7,2013,1200,61,2026,8,21
강서구,마곡동,마곡힐스테이트,59.99,6,2017,66000,0,2026,8,26
강서구,마곡동,마곡엠밸리1단지,49.77,6,2014,13474,0,2026,8,27
강서구,마곡동,마곡엠밸리9단지,59.86,1,2021,57000,0,2026,8,17
강서구,마곡동,마곡엠벨리(15단지),59.79,15,2014,22636,0,2026,8,26
강서구,화곡동,풍원팰리스,43.8,8,2012,25900,20,2026,8,21
강서구,등촌동,"등촌1,2단지주공아파트",41.85,11,1994,31000,0,2026,8,22
강서구,마곡동,마곡엠밸리7단지,59.79,4,2014,22636,0,2026,8,26
강서구,화곡동,화곡푸르지오,104.75,6,2002,40000,84,2026,8,26
강서구,염창동,아네스트염창,14.94,8,2019,5000,48,2026,8,25
강서구,공항동,공항동부센트레빌,118.21,3,2009,70000,0,2026,8,20
강서구,마곡동,마곡엠밸리7단지,84.58,8,2014,80000,0,2026,8,26
강서구,가양동,가양강나루현대,84.98,14,1999,52500,0,2026,8,22
강서구,마곡동,마곡엠밸리6단지,59.9,8,2014,2489,48,2026,8,6
강서구,방화동,개화,133.98,3,1994,50000,0,2026,8,11
강서구,화곡동,리치아파트104동,24.46,7,2020,21294,0,2026,8,26
강서구,화곡동,스카이(924-10),34.94,7,2014,18000,4,2026,8,26
강서구,등촌동,등촌퀸즈포디엄삼익,32.37,10,2020,5000,108,2026,8,15
강서구,등촌동,아임2030등촌역,15.17,12,2020,10000,26,2026,8,25
강서구,화곡동,M노블레스,27.01,5,2021,19652,0,2026,8,26
강서구,가양동,가양2단지(성지),39.6,7,1992,20000,40,2026,8,26
강서구,가양동,대림경동아파트,131.4,10,1993,25000,165,2026,8,20
강서구,마곡동,마곡엠밸리1단지,59.79,3,2014,14858,2,2026,8,26
강서구,화곡동,"우장산아이파크,이편한세상",101.65,19,2008,20000,300,2026,8,26
강서구,화곡동,강서동도센트리움,14.677,7,2012,1000,50,2026,8,1
강서구,등촌동,"등촌1,2단지주공아파트",41.85,4,1994,30000,5,2026,8,24
강서구,마곡동,마곡엠밸리7단지,59.79,10,2014,22636,0,2026,8,26
강서구,마곡동,마곡엠밸리1단지,49.77,4,2014,13130,2,2026,8,26
강서구,화곡동,화곡3차보람,84.79,4,2004,14000,120,2026,8,8
강서구,마곡동,마곡엠밸리6단지,84.88,6,2014,27101,0,2026,8,25
강서구,가양동,빛고을우방,59.97,15,1999,47000,0,2026,8,22
강서구,방화동,마곡중앙하이츠아파트,39.58,9,1994,22500,0,2026,8,10
강서구,마곡동,마곡엠밸리6단지,59.9,7,2014,6224,40,2026,8,24
강서구,마곡동,마곡엠밸리6단지,59.79,7,2014,22636,0,2026,8,25
강서구,마곡동,마곡엠밸리1단지,84.6,10,2014,25826,0,2026,8,26
강서구,가양동,가양6단지,49.5,6,1992,37800,0,2026,8,23
강서구,마곡동,마곡우림필유아파트,84.528,11,2003,51450,0,2026,8,22
강서구,등촌동,아임2030등촌역,15.17,13,2020,6200,40,2026,8,25
강서구,가양동,가양1차보람더하임,59.96,11,2006,50000,0,2026,8,25
강서구,마곡동,마곡엠벨리(14단지),59.79,5,2014,21788,0,2026,8,26
강서구,마곡동,마곡엠밸리5단지,59.79,6,2014,10574,18,2026,8,26
강서구,마곡동,마곡엠밸리1단지,49.77,5,2014,13474,0,2026,8,26
강서구,마곡동,마곡엠밸리1단지,49.77,1,2014,5368,42,2026,8,7
강서구,마곡동,마곡엠밸리8단지,59.79,6,2016,2946,49,2026,8,20
강서구,가양동,가양도시개발9-2단지,39.6,7,1993,24000,0,2026,8,23
강서구,마곡동,마곡엠밸리7단지,84.95,1,2014,27101,0,2026,8,25
강서구,내발산동,마곡수명산파크7단지,84.68,7,2008,61000,0,2026,8,21
강서구,마곡동,마곡엠밸리6단지,59.79,7,2014,22636,0,2026,8,25
강서구,마곡동,마곡엠밸리4단지,49.77,12,2014,13095,6,2026,8,25
강서구,마곡동,마곡엠밸리3단지,84.95,11,2014,25826,0,2026,8,25
강서구,가양동,가양2단지(성지),34.44,13,1992,3000,80,2026,8,8
강서구,방화동,한미(286-1),47.22,4,1988,23000,0,2026,8,25
강서구,마곡동,마곡엠밸리6단지,59.79,12,2014,22636,0,2026,8,24
강서구,화곡동,우장산롯데캐슬,85,22,2003,66100,0,2026,8,12
강서구,화곡동,대림e편한세상,110.26,5,1992,45000,0,2026,8,24
강서구,방화동,마곡중앙하이츠아파트,51.03,10,1994,5000,140,2026,8,25
강서구,화곡동,성재센트리움아파트,37.51,5,2017,2000,85,2026,8,25
강서구,마곡동,마곡엠밸리3단지,49.77,5,2014,6151,40,2026,8,25
강서구,화곡동,양지샤인빌,13.76,6,2019,13000,0,2026,8,25
강서구,화곡동,보눔하우스화곡,14.35,3,2021,4500,30,2026,8,20
강서구,마곡동,마곡엠밸리6단지,84.74,11,2014,27101,0,2026,8,25
강서구,등촌동,주공10,37.67,8,1995,2000,105,2026,8,22
강서구,염창동,삼정그린코아,84.358,13,2001,0,50,2026,8,1
강서구,화곡동,"동서1,2호(381-11)",29.76,1,2003,11000,0,2026,8,21
강서구,마곡동,마곡엠밸리6단지,49.77,2,2014,11662,2,2026,8,25
강서구,마곡동,마곡엠밸리6단지,49.77,1,2014,11975,37,2026,8,25
강서구,마곡동,마곡엠밸리6단지,59.96,4,2014,13112,40,2026,8,25
강서구,내발산동,마곡수명산파크5단지,59.87,2,2008,12390,150,2026,8,24
강서구,방화동,마곡중앙하이츠아파트,51.03,9,1994,32000,20,2026,8,19
강서구,마곡동,마곡엠밸리6단지,84.88,13,2014,27101,0,2026,8,25
강서구,등촌동,대동황토방,59.78,5,2000,50000,0,2026,8,25
강서구,마곡동,마곡엠밸리6단지,84.74,6,2014,27101,0,2026,8,25
강서구,마곡동,마곡엠밸리6단지,84.88,1,2014,27101,0,2026,8,25
강서구,등촌동,"진로,미주아파트",84.96,1,1994,53450,0,2026,8,25
강서구,마곡동,마곡엠밸리7단지,59.79,11,2014,2379,45,2026,8,24
강서구,마곡동,마곡엠밸리6단지,59.79,6,2014,22636,0,2026,8,25
강서구,마곡동,마곡엠밸리6단지,59.79,9,2014,22636,0,2026,8,25
강서구,마곡동,마곡엠밸리6단지,49.77,4,2014,11662,2,2026,8,25
강서구,가양동,가양강나루현대,84.98,13,1999,49300,50,2026,8,22
강서구,마곡동,마곡엠밸리6단지,84.74,11,2014,27101,0,2026,8,25
강서구,마곡동,마곡엠밸리6단지,84.88,3,2014,27101,0,2026,8,25
강서구,마곡동,마곡엠밸리6단지,49.77,2,2014,5381,37,2026,8,25
강서구,마곡동,마곡엠밸리6단지,84.74,7,2014,27101,0,2026,8,25
강서구,마곡동,마곡엠밸리6단지,59.79,8,2014,22636,0,2026,8,25
강서구,마곡동,마곡엠밸리6단지,59.95,2,2014,22636,0,2026,8,25
강서구,내발산동,우장산힐스테이트,59.98,8,2005,62000,0,2026,8,22
강서구,마곡동,마곡엠밸리6단지,59.79,14,2014,22636,0,2026,8,25
강서구,화곡동,화곡푸르지오,84.914,4,2002,67200,0,2026,8,25
강서구,마곡동,마곡엠밸리6단지,59.79,7,2014,22636,0,2026,8,25
강서구,마곡동,마곡13단지힐스테이트마스터,59.9825,9,2017,30000,158,2026,8,14
강서구,등촌동,주공5,37.67,4,1995,26200,0,2026,8,13
강서구,마곡동,마곡엠밸리6단지,49.77,7,2014,11975,37,2026,8,25
강서구,마곡동,마곡엠밸리6단지,59.79,10,2014,22636,0,2026,8,25
강서구,마곡동,마곡엠밸리6단지,59.79,3,2014,22636,0,2026,8,25
강서구,마곡동,마곡엠밸리6단지,84.88,9,2014,27101,0,2026,8,25
강서구,화곡동,M노블레스,27.01,2,2021,18774,0,2026,8,25
강서구,마곡동,마곡엠밸리6단지,49.79,7,2014,8574,32,2026,8,25
강서구,방화동,치현마을동일스위트리버,59.9813,5,2004,37000,0,2026,8,24
강서구,염창동,롯데캐슬,134.5767,6,2005,30000,225,2026,8,21
강서구,가양동,가양도시개발9-2단지,49.5,6,1993,20000,60,2026,8,10
강서구,화곡동,우장산숲아이파크,74.9982,15,2022,10000,242,2026,8,21
강서구,마곡동,마곡엠밸리6단지,59.79,15,2014,22636,0,2026,8,25
강서구,마곡동,마곡엠밸리10단지,84.89,10,2016,57000,100,2026,8,24
강서구,마곡동,마곡엠밸리6단지,59.79,4,2014,22636,0,2026,8,25
강서구,마곡동,마곡엠밸리6단지,49.77,12,2014,2852,42,2026,8,25
강서구,가양동,가양강나루현대,59.76,3,1999,51000,0,2026,8,22
강서구,마곡동,마곡엠밸리7단지,59.79,5,2014,22636,0,2026,8,24
강서구,화곡동,우장산롯데캐슬,85,15,2003,40000,100,2026,8,17
강서구,마곡동,마곡엠밸리6단지,84.6,3,2014,27101,0,2026,8,25
강서구,염창동,태영,84.93,15,1999,65000,0,2026,8,22
강서구,마곡동,마곡엠밸리6단지,59.79,9,2014,22636,0,2026,8,25
강서구,마곡동,마곡엠밸리6단지,84.88,14,2014,27101,0,2026,8,25
강서구,마곡동,마곡엠밸리6단지,59.79,11,2014,22636,0,2026,8,25
강서구,염창동,극동,59.9,12,2000,43000,0,2026,8,18
강서구,마곡동,마곡엠밸리6단지,59.79,11,2014,22636,0,2026,8,25
강서구,마곡동,마곡엠밸리6단지,59.79,12,2014,22636,0,2026,8,25
강서구,마곡동,마곡힐스테이트,84.98,12,2017,82950,0,2026,8,22
강서구,마곡동,마곡엠밸리6단지,59.79,4,2014,22636,0,2026,8,24
강서구,등촌동,주공3,58.14,9,1995,44000,0,2026,8,23
강서구,방화동,방화5,33.18,2,1994,2000,90,2026,8,22
강서구,화곡동,M노블레스,27.01,3,2021,19652,0,2026,8,24
강서구,방화동,월드메르디앙101동,76.21,5,2004,20000,80,2026,8,22
강서구,가양동,강변,39.6,6,1992,26000,0,2026,8,24
강서구,화곡동,강서동도센트리움,14.677,8,2012,500,60,2026,8,23
강서구,화곡동,서광프리메라,83.7,5,2006,45100,0,2026,8,20
강서구,염창동,아네스트염창,16.96,7,2019,5000,54,2026,8,18
강서구,등촌동,대림,123.72,11,1995,80000,0,2026,8,11
강서구,염창동,동아,59.97,6,1998,35000,50,2026,8,10
강서구,마곡동,마곡금호어울림,84.948,11,2005,21000,119,2026,8,13
강서구,염창동,e편한세상염창,59.9812,7,2019,76500,0,2026,8,14
강서구,가양동,가양6단지,58.65,14,1992,28000,45,2026,8,22
강서구,방화동,강서센트레빌3차,84.4,2,2009,30000,49,2026,8,21
강서구,화곡동,수산동우,73.04,8,2005,31500,0,2026,8,22
강서구,화곡동,M노블레스,27.01,2,2021,10000,58,2026,8,24
강서구,내발산동,마곡수명산파크1단지,39.8,3,2007,4272,11,2026,8,24
강서구,마곡동,마곡엠밸리7단지,59.79,14,2014,22636,0,2026,8,24
강서구,마곡동,벽산,114.96,2,1999,53000,0,2026,8,22
강서구,화곡동,화곡보람,84.51,1,2004,44100,0,2026,8,22
강서구,마곡동,마곡엠밸리7단지,84.95,10,2014,27101,0,2026,8,24
강서구,화곡동,혜성아파트(343-50),33.72,10,2019,10000,62,2026,8,22
강서구,마곡동,마곡엠밸리6단지,84.6,8,2014,27101,0,2026,8,21
강서구,염창동,아네스트염창,14.94,7,2019,8000,32,2026,8,7
강서구,가양동,가양6단지,39.6,7,1992,25000,0,2026,8,22
강서구,화곡동,동양,59.655,3,2000,18640,0,2026,8,4
강서구,마곡동,마곡엠밸리6단지,59.79,3,2014,22636,0,2026,8,24
강서구,마곡동,마곡엠밸리7단지,59.79,13,2014,22636,0,2026,8,21
강서구,마곡동,마곡엠밸리6단지,84.47,10,2014,27101,0,2026,8,21
강서구,마곡동,마곡엠밸리6단지,84.84,16,2014,27101,0,2026,8,22
강서구,마곡동,마곡엠밸리6단지,59.79,10,2014,22636,0,2026,8,24
강서구,마곡동,마곡엠밸리6단지,84.84,7,2014,27101,0,2026,8,21
강서구,화곡동,우성(410-56),55.92,5,2000,2000,65,2026,8,3
강서구,가양동,가양2단지(성지),34.44,15,1992,25000,5,2026,8,22
강서구,화곡동,디아인스,23.93,11,2018,3000,94,2026,8,24
강서구,마곡동,마곡엠밸리6단지,59.95,2,2014,22636,0,2026,8,24
강서구,내발산동,마곡수명산파크1단지,39.8,2,2007,6177,0,2026,8,24
강서구,화곡동,우장산롯데캐슬,85,9,2003,69300,0,2026,8,21
강서구,내발산동,우장산월드메르디앙,84.4476,8,2005,45000,80,2026,8,12
강서구,등촌동,등촌동현대2차,84.95,10,1997,48825,0,2026,8,20
강서구,방화동,마곡중앙하이츠아파트,39.58,14,1994,26000,0,2026,8,20
강서구,마곡동,마곡엠밸리4단지,59.79,11,2014,7082,44,2026,8,24
강서구,마곡동,마곡엠밸리7단지,59.79,7,2014,22636,0,2026,8,24
강서구,방화동,삼성꽃마을,84.41,2,1997,51000,0,2026,8,21
강서구,화곡동,"우장산아이파크,이편한세상",84.97,5,2008,73500,0,2026,8,13
강서구,화곡동,우장산역해링턴타워,23.68,4,2021,5680,40,2026,8,21
강서구,내발산동,마곡수명산파크5단지,59.84,10,2008,60000,0,2026,8,22
강서구,등촌동,태진아름,59.94,8,1995,43000,0,2026,8,22
강서구,화곡동,강서동도센트리움,14.677,2,2012,130,70,2026,8,23
강서구,화곡동,우장산역해링턴타워,43.04,11,2021,10400,71,2026,8,10
강서구,마곡동,마곡엠밸리4단지,59.86,2,2014,14527,44,2026,8,24
강서구,등촌동,서광등촌마을아파트,59.67,12,1999,48300,0,2026,8,22
강서구,마곡동,마곡엠밸리1단지,84.92,3,2014,85000,0,2026,8,24
강서구,염창동,롯데캐슬,84.9519,11,2005,70000,35,2026,8,21
강서구,화곡동,우장산역해링턴타워,43.04,6,2021,9800,71,2026,8,21
강서구,내발산동,마곡수명산파크7단지,49.97,7,2008,6118,11,2026,8,24
강서구,방화동,신마곡벽산블루밍,72.9272,4,2020,58800,0,2026,8,22
강서구,등촌동,서광등촌마을아파트,59.67,8,1999,47200,0,2026,8,22
강서구,가양동,가양6단지,39.6,2,1992,3000,100,2026,8,22
강서구,화곡동,우장산역해링턴타워,43.04,5,2021,9800,70,2026,8,21
강서구,내발산동,마곡수명산파크2단지,84.68,4,2007,67750,0,2026,8,23
강서구,등촌동,등촌라인(조합),93.81,6,1997,65000,0,2026,8,21
강서구,가양동,강변,34.44,11,1992,30000,0,2026,8,21
강서구,가양동,가양2단지(성지),39.6,8,1992,27300,0,2026,8,22
강서구,내발산동,마곡수명산파크3단지,84.53,1,2007,35288,0,2026,8,24
강서구,가양동,강서한강자이,59.9382,5,2013,63000,0,2026,8,22
강서구,염창동,성원,59.91,16,2001,49000,0,2026,8,22
강서구,염창동,삼성한마음,84.87,11,1995,51975,0,2026,8,21
강서구,염창동,금호타운,59.88,9,1999,53000,0,2026,8,13
강서구,내발산동,우장산동문디이스트,74.03,5,2023,55000,0,2026,8,22
강서구,마곡동,마곡엠벨리(14단지),59.79,4,2014,21788,0,2026,8,21
강서구,내발산동,마곡수명산파크1단지,39.8,7,2007,980,25,2026,8,19
강서구,화곡동,행복타운(926-10),12.24,9,2012,6800,0,2026,8,21
강서구,염창동,동아3,84.87,10,1999,8000,110,2026,8,1
강서구,화곡동,한울아파트,28.82,10,2018,20000,20,2026,8,15
강서구,등촌동,대림,89.975,14,1995,63000,0,2026,8,21
강서구,마곡동,마곡엠밸리8단지,59.79,11,2016,7366,39,2026,8,21
강서구,방화동,방화그린,33.6,1,1993,14440,0,2026,8,20
강서구,공항동,송정제이빌101동,79.05,2,2003,40000,0,2026,8,15
강서구,마곡동,마곡엠밸리12단지,59.79,12,2016,2634,47,2026,8,19
강서구,등촌동,엘크루발산,15.33,7,2022,5800,32,2026,8,13
강서구,마곡동,마곡엠밸리6단지,59.79,13,2014,22636,0,2026,8,21
강서구,화곡동,"우장산아이파크,이편한세상",114.98,8,2008,85000,0,2026,8,21
강서구,마곡동,마곡엠밸리10단지,59.79,6,2016,6474,38,2026,8,21
강서구,내발산동,마곡수명산파크1단지,39.8,10,2007,2451,22,2026,8,21
강서구,화곡동,강서힐스테이트,59.99,3,2015,15000,230,2026,8,10
강서구,마곡동,마곡엠밸리7단지,59.79,11,2014,22636,0,2026,8,21
강서구,등촌동,삼성,84.12,3,2003,40000,0,2026,8,13
강서구,마곡동,마곡엠밸리7단지,84.79,13,2014,27101,0,2026,8,21
강서구,등촌동,"진로,미주아파트",84.96,8,1994,55000,0,2026,8,18
강서구,염창동,태영,59.97,17,1999,38896,0,2026,8,10
강서구,가양동,가양우성,84.87,6,1990,59000,11,2026,8,17
강서구,내발산동,마곡수명산파크1단지,39.92,11,2007,2451,22,2026,8,21
강서구,마곡동,마곡엠밸리6단지,59.79,12,2014,22636,0,2026,8,21
강서구,내발산동,마곡수명산파크5단지,49.97,7,2008,3900,29,2026,8,21
강서구,마곡동,마곡엠밸리7단지,59.79,10,2014,22636,0,2026,8,21
강서구,화곡동,강서힐스테이트,59.99,5,2015,59850,0,2026,8,21
강서구,마곡동,마곡엠밸리5단지,84.95,4,2014,70000,50,2026,8,19
강서구,염창동,e편한세상염창,51.5045,12,2019,10000,153,2026,8,20
강서구,화곡동,강서힐스테이트,59.99,14,2015,63000,0,2026,8,19
강서구,내발산동,마곡수명산파크1단지,39.8,6,2007,2451,22,2026,8,21
강서구,마곡동,마곡엠벨리(14단지),84.86,14,2014,75000,0,2026,8,20
강서구,마곡동,마곡엠밸리11단지,59.87,11,2016,6495,38,2026,8,21
강서구,마곡동,마곡엠벨리(15단지),59.79,7,2014,22636,0,2026,8,21
강서구,방화동,방화4단지,134.61,15,1994,60000,0,2026,8,20
강서구,방화동,마곡중앙하이츠아파트,51.03,9,1994,36000,0,2026,8,20
강서구,마곡동,마곡엠밸리9단지,49.53,5,2021,2319,39,2026,8,20
강서구,염창동,아네스트염창,14.94,8,2019,5000,50,2026,8,14
강서구,가양동,가양6단지,49.5,9,1992,31500,0,2026,8,8
강서구,염창동,아네스트염창,14.94,14,2019,1000,66,2026,8,21
강서구,마곡동,마곡엠밸리6단지,59.79,3,2014,22636,0,2026,8,20
강서구,마곡동,마곡엠밸리7단지,59.79,2,2014,2221,46,2026,8,21
강서구,내발산동,마곡수명산파크4단지,59.84,8,2008,51450,0,2026,8,19
강서구,등촌동,주공10,58.14,4,1995,45000,0,2026,8,11
강서구,마곡동,길훈,65.88,1,1989,48000,0,2026,8,20
강서구,마곡동,마곡현대아파트,59.92,5,1999,45000,0,2026,8,18
강서구,마곡동,마곡푸르지오,84.99,9,2008,40000,120,2026,8,14
강서구,마곡동,마곡엠밸리8단지,59.79,11,2016,7366,39,2026,8,19
강서구,마곡동,신안,59.98,1,1993,45000,0,2026,8,10
강서구,가양동,가양6단지,39.6,6,1992,27300,0,2026,8,20
강서구,방화동,동성,84.95,1,1993,51500,0,2026,8,20
강서구,마곡동,마곡엠밸리2단지,114.86,1,2014,29227,0,2026,8,20
강서구,마곡동,마곡엠밸리3단지,84.91,1,2014,25826,0,2026,8,20
강서구,염창동,삼정그린코아,84.358,3,2001,35000,100,2026,8,20
강서구,화곡동,신도금잔디,84.09,7,1998,30300,0,2026,8,7
강서구,방화동,신동아,84.81,8,1995,30000,42,2026,8,20
강서구,마곡동,마곡엠밸리2단지,59.52,6,2014,14493,0,2026,8,20
강서구,마곡동,마곡엠밸리4단지,59.79,12,2014,22636,0,2026,8,20
강서구,마곡동,마곡푸르지오,59.87,7,2008,49300,0,2026,8,17
강서구,마곡동,마곡엠밸리2단지,59.79,7,2014,21574,0,2026,8,20
강서구,마곡동,마곡엠밸리8단지,59.79,6,2016,7366,39,2026,8,20
강서구,화곡동,우장산역해링턴타워,23.68,3,2021,4544,31,2026,8,20
강서구,마곡동,마곡엠밸리6단지,59.79,10,2014,22636,0,2026,8,20
강서구,마곡동,마곡엠밸리12단지,59.87,13,2016,6587,38,2026,8,20
강서구,염창동,우성2,65.88,8,1992,43000,0,2026,8,20
강서구,마곡동,마곡엠밸리3단지,59.79,10,2014,21574,0,2026,8,20
강서구,등촌동,"등촌7,8단지주공아파트",41.85,15,1994,4000,84,2026,8,12
강서구,방화동,현대,84.99,2,1993,49000,0,2026,8,20
강서구,내발산동,수산오성,82.04,2,2002,46000,0,2026,8,7
강서구,마곡동,마곡엠밸리6단지,84.88,7,2014,27101,0,2026,8,20
강서구,마곡동,마곡엠밸리7단지,59.83,8,2014,22636,0,2026,8,20
강서구,마곡동,마곡엠밸리2단지,114.86,3,2014,32149,0,2026,8,19
강서구,가양동,가양도시개발9-2단지,39.6,2,1993,2000,100,2026,8,18
강서구,마곡동,마곡엠밸리6단지,84.74,16,2014,27101,0,2026,8,20
강서구,방화동,장미,49.2,10,1994,23000,0,2026,8,15
강서구,등촌동,동성,134.94,11,1995,20000,220,2026,8,20
강서구,마곡동,마곡엠밸리2단지,84.92,3,2014,25826,0,2026,8,20
강서구,마곡동,마곡엠밸리2단지,49.77,9,2014,5689,38,2026,8,20
강서구,마곡동,마곡엠밸리6단지,59.79,6,2014,22636,0,2026,8,20
강서구,마곡동,마곡엠밸리3단지,59.79,7,2014,21574,0,2026,8,20
강서구,마곡동,마곡엠밸리7단지,84.79,9,2014,27101,0,2026,8,19
강서구,화곡동,우장산역해링턴타워,43.27,14,2021,8320,55,2026,8,1
강서구,마곡동,마곡엠밸리9단지,49.53,5,2021,5799,32,2026,8,20
강서구,내발산동,우장산힐스테이트,84.98,11,2005,85000,0,2026,8,20
강서구,마곡동,마곡엠밸리2단지,114.86,12,2014,29227,0,2026,8,20
강서구,마곡동,마곡엠벨리(14단지),59.96,15,2014,6565,43,2026,8,20
강서구,내발산동,마곡수명산파크5단지,59.84,5,2008,61000,0,2026,8,15
강서구,마곡동,마곡엠밸리2단지,59.52,10,2014,14798,6,2026,8,20
강서구,마곡동,마곡엠밸리3단지,84.91,8,2014,25826,0,2026,8,20
강서구,마곡동,마곡엠밸리4단지,49.77,5,2014,12828,0,2026,8,20
강서구,마곡동,마곡엠밸리3단지,59.79,8,2014,7242,44,2026,8,20
강서구,마곡동,마곡엠밸리4단지,59.79,9,2014,22636,0,2026,8,20
강서구,마곡동,마곡엠밸리2단지,59.79,3,2014,13641,5,2026,8,20
강서구,염창동,센터스퀘어등촌,18.24,8,2020,2794,9,2026,8,20
강서구,마곡동,마곡엠밸리4단지,59.79,5,2014,14898,0,2026,8,20
강서구,마곡동,마곡엠밸리4단지,59.79,11,2014,14898,0,2026,8,20
강서구,마곡동,마곡삼성아파트,84.92,1,1998,53000,0,2026,8,6
강서구,화곡동,강서힐스테이트,59.99,5,2015,40000,140,2026,8,12
강서구,화곡동,강서힐스테이트,84.99,18,2015,85000,0,2026,8,20
강서구,마곡동,마곡엠밸리3단지,84.95,8,2014,25826,0,2026,8,20
강서구,마곡동,마곡엠밸리2단지,59.95,1,2014,14493,0,2026,8,20
강서구,마곡동,마곡엠밸리4단지,49.77,3,2014,12828,0,2026,8,20
강서구,마곡동,마곡엠밸리2단지,59.83,4,2014,21574,0,2026,8,20
강서구,마곡동,마곡엠밸리6단지,59.79,4,2014,22636,0,2026,8,20
강서구,마곡동,마곡엠밸리9단지,59.86,8,2021,51012,0,2026,8,19
강서구,마곡동,마곡엠밸리10단지,59.87,7,2016,6421,41,2026,8,19
강서구,마곡동,마곡엠밸리10단지,59.87,11,2016,6474,38,2026,8,19
강서구,마곡동,마곡엠밸리10단지,59.79,7,2016,6474,38,2026,8,19
강서구,마곡동,마곡엠밸리12단지,59.87,12,2016,6587,38,2026,8,19
강서구,마곡동,마곡엠밸리10단지,59.87,7,2016,6474,38,2026,8,19
강서구,마곡동,마곡엠밸리9단지,49.53,7,2021,5799,32,2026,8,19
강서구,마곡동,마곡13단지힐스테이트마스터,84.9805,16,2017,85000,0,2026,8,15
강서구,등촌동,등촌동아이파크,134.8836,11,2004,76000,0,2026,8,17
강서구,내발산동,센터스퀘어발산,36.99,3,2025,5500,114,2026,8,19
강서구,내발산동,마곡수명산파크1단지,39.8,6,2007,2451,22,2026,8,19
강서구,마곡동,마곡엠밸리12단지,59.87,2,2016,6587,38,2026,8,19
강서구,마곡동,마곡엠밸리10단지,59.97,12,2016,40057,0,2026,8,19
강서구,마곡동,마곡엠밸리12단지,59.79,12,2016,6587,38,2026,8,19
강서구,화곡동,M노블레스,27.01,5,2021,19656,0,2026,8,19
강서구,내발산동,마곡수명산파크7단지,84.82,5,2008,63000,0,2026,8,13
강서구,방화동,방화5,33.18,9,1994,24000,0,2026,8,7
강서구,방화동,청솔,49.2,5,1994,5000,95,2026,8,17
강서구,화곡동,동양하우징(899-4),26.29,7,2017,19000,30,2026,8,19
강서구,등촌동,"등촌1,2단지주공아파트",41.85,8,1994,1000,130,2026,8,6
강서구,방화동,방화그린,33.6,4,1993,21000,0,2026,8,7
강서구,화곡동,제이월드,81.3244,2,2001,13000,100,2026,8,7
강서구,화곡동,M노블레스,27.01,5,2021,19656,0,2026,8,19
강서구,내발산동,마곡수명산파크1단지,39.92,5,2007,2451,22,2026,8,19
강서구,화곡동,우장산롯데,117.24,4,2004,65000,0,2026,8,3
강서구,내발산동,마곡수명산파크7단지,49.83,2,2008,3674,26,2026,8,19
강서구,마곡동,마곡엠밸리4단지,59.79,3,2014,14898,0,2026,8,19
강서구,내발산동,마곡수명산파크5단지,49.93,4,2008,3900,29,2026,8,19
강서구,마곡동,마곡엠벨리(15단지),49.87,2,2014,5619,39,2026,8,19
강서구,마곡동,마곡힐스테이트,84.92,7,2017,90000,0,2026,8,18
강서구,화곡동,강서금호어울림퍼스티어(980-19),49.68,8,2023,15846,58,2026,8,19
강서구,가양동,대림경동아파트,131.4,14,1993,35000,170,2026,8,19
강서구,마곡동,마곡엠밸리8단지,59.79,7,2016,7366,39,2026,8,19
강서구,화곡동,강서힐스테이트,84.99,20,2015,68000,0,2026,8,18
강서구,화곡동,강서힐스테이트,84.99,17,2015,86000,0,2026,8,18
강서구,등촌동,"등촌1,2단지주공아파트",41.16,9,1994,2000,100,2026,8,16
강서구,가양동,가양2단지(성지),49.56,2,1992,34000,0,2026,8,16
강서구,화곡동,유림노르웨이숲(919-1),64.05,13,2004,30000,50,2026,8,10
강서구,마곡동,마곡엠밸리2단지,59.83,5,2014,21574,0,2026,8,19
강서구,화곡동,엠타워,14.118,10,2011,1000,52,2026,8,15
강서구,마곡동,마곡엠밸리7단지,59.79,15,2014,22636,0,2026,8,19
강서구,마곡동,마곡엠밸리7단지,84.86,13,2014,57096,0,2026,8,19
강서구,내발산동,마곡수명산파크5단지,49.93,10,2008,3900,29,2026,8,19
강서구,화곡동,행복타운(926-10),12.24,5,2012,3000,16,2026,8,19
강서구,내발산동,마곡수명산파크1단지,39.8,7,2007,2451,22,2026,8,19
강서구,내발산동,마곡수명산파크1단지,39.73,9,2007,2451,22,2026,8,19
강서구,마곡동,마곡엠밸리9단지,49.53,3,2021,5799,32,2026,8,19
강서구,마곡동,마곡엠밸리10단지,59.97,9,2016,6474,38,2026,8,19
강서구,마곡동,마곡13단지힐스테이트마스터,84.9805,16,2017,85000,0,2026,8,15
강서구,등촌동,대림e편한세상,84.96,2,2002,30000,120,2026,8,14
강서구,가양동,가양강나루현대,59.76,14,1999,60000,0,2026,8,18
강서구,마곡동,마곡엠밸리9단지,84.65,7,2021,67000,0,2026,8,10
강서구,마곡동,마곡엠벨리(15단지),84.88,5,2014,48142,0,2026,8,18
강서구,마곡동,마곡엠벨리(14단지),59.96,4,2014,6565,43,2026,8,19
강서구,내발산동,마곡수명산파크6단지,49.97,10,2007,3822,28,2026,8,19
강서구,화곡동,"우장산아이파크,이편한세상",84.97,15,2008,85000,0,2026,8,18
강서구,가양동,한강타운,84.99,4,1993,64000,0,2026,8,18
강서구,염창동,아네스트염창,14.94,5,2019,12000,17,2026,8,11
강서구,마곡동,마곡엠밸리7단지,84.95,13,2014,27101,0,2026,8,18
강서구,마곡동,마곡엠밸리7단지,84.95,6,2014,27101,0,2026,8,18
강서구,마곡동,마곡엠밸리7단지,84.79,9,2014,27101,0,2026,8,18
강서구,화곡동,동성아파트,25.65,6,2015,1000,79,2026,8,7
강서구,등촌동,대림아르빌아파트,84.6,11,2002,62000,0,2026,8,13
강서구,화곡동,엠타워,14.118,8,2011,1000,47,2026,8,15
강서구,마곡동,벽산,84.97,6,1999,60000,0,2026,8,10
강서구,방화동,청솔,49.2,9,1994,40000,0,2026,8,17
강서구,방화동,현대,84.99,15,1993,10000,200,2026,8,18
강서구,염창동,센터스퀘어등촌,18.24,16,2020,4657,15,2026,8,18
강서구,마곡동,마곡엠밸리7단지,84.79,5,2014,18148,0,2026,8,18
강서구,화곡동,우장산역해링턴타워,43.04,3,2021,8320,57,2026,8,18
강서구,마곡동,마곡엠밸리7단지,59.79,13,2014,22636,0,2026,8,18
강서구,마곡동,벽산,59.98,14,1999,40000,0,2026,8,15
강서구,화곡동,강서동도센트리움,14.677,2,2012,130,70,2026,8,18
강서구,마곡동,마곡엠밸리8단지,84.74,11,2016,78000,0,2026,8,17
강서구,내발산동,우장산힐스테이트,59.98,9,2005,61000,0,2026,8,15
강서구,마곡동,마곡엠밸리8단지,84.49,13,2016,82000,0,2026,8,17
강서구,화곡동,화곡예다움,84.03,5,2005,15000,105,2026,8,8
강서구,마곡동,마곡엠밸리3단지,49.77,3,2014,3250,51,2026,8,18
강서구,방화동,동성,64.65,1,1993,36700,0,2026,8,15
강서구,화곡동,강서힐스테이트,59.99,16,2015,63000,0,2026,8,17
강서구,화곡동,신원센스빌,45.83,2,2002,12000,20,2026,8,5
강서구,방화동,방화5,39.6,13,1994,2000,65,2026,8,8
강서구,화곡동,아델리아Ⅳ,17.73,5,2012,9700,17,2026,8,17
강서구,가양동,강변,49.5,12,1992,36750,0,2026,8,14
강서구,마곡동,마곡엠밸리9단지,84.65,3,2021,56700,0,2026,8,15
강서구,마곡동,마곡엠밸리4단지,59.95,2,2014,22636,0,2026,8,18
강서구,내발산동,보람,84.03,11,2001,50500,0,2026,8,17
강서구,염창동,현대1,84.84,3,1994,40000,50,2026,8,17
강서구,염창동,삼성한마음,59.94,12,1995,20000,120,2026,8,14
강서구,화곡동,남광아파트,45.47,9,2015,27000,0,2026,8,16
강서구,화곡동,한울아파트,28.82,10,2018,20000,20,2026,8,15
강서구,가양동,가양6단지,49.5,3,1992,38000,0,2026,8,12
강서구,염창동,e편한세상염창,84.9783,4,2019,92400,0,2026,8,14
강서구,마곡동,마곡엠밸리9단지,59.86,13,2021,75000,0,2026,8,17
강서구,마곡동,마곡엠밸리1단지,84.88,6,2014,78000,0,2026,8,15
강서구,마곡동,벽산,59.98,14,1999,40000,0,2026,8,15
강서구,마곡동,마곡엠밸리6단지,84.88,6,2014,27101,0,2026,8,14
강서구,마곡동,마곡엠밸리6단지,59.79,13,2014,22636,0,2026,8,15
강서구,마곡동,마곡엠밸리4단지,84.85,9,2014,72450,0,2026,8,14
강서구,등촌동,대림e편한세상,75.64,11,2002,61000,0,2026,8,9
강서구,등촌동,등촌동아이파크,134.8836,15,2004,92000,0,2026,8,10
강서구,가양동,한강타운,84.99,8,1993,47000,0,2026,8,12
강서구,화곡동,화곡3차보람,84.79,4,2004,14000,120,2026,8,8
강서구,등촌동,엘크루발산,30.86,6,2022,9600,53,2026,8,14
강서구,화곡동,우장산역해링턴타워,23.68,15,2021,4544,30,2026,8,14
강서구,화곡동,해평스퀘어,23.6,11,2018,16000,25,2026,8,14
강서구,화곡동,중앙화곡하이츠,56.88,7,1988,34000,0,2026,8,14
강서구,등촌동,주공5,58.14,12,1995,47000,0,2026,8,13
강서구,염창동,아르체움등촌,20.12,9,2025,8400,44,2026,8,1
강서구,등촌동,주공5,58.14,3,1995,5000,170,2026,8,12
강서구,마곡동,마곡엠밸리6단지,59.79,6,2014,22636,0,2026,8,14
강서구,가양동,한강타운,84.99,14,1993,20000,129,2026,8,6
강서구,내발산동,청솔숲속마을101동,83.69,1,2006,55000,20,2026,8,7
강서구,방화동,동일스위트리버2차,59.94,12,2009,5000,110,2026,8,12
강서구,화곡동,중앙화곡하이츠,56.88,10,1988,3000,100,2026,8,13
강서구,화곡동,그랜드아이파크,112.46,5,2010,65000,0,2026,8,9
강서구,화곡동,미주,48.3,2,1988,2000,80,2026,8,7
강서구,가양동,가양6단지,49.5,9,1992,40000,0,2026,8,13
강서구,화곡동,중앙화곡하이츠,56.88,3,1988,28350,0,2026,8,9
강서구,가양동,강변,49.5,1,1992,10000,0,2026,8,14
강서구,화곡동,중앙화곡하이츠,56.88,3,1988,28350,0,2026,8,9
강서구,마곡동,마곡엠밸리7단지,59.79,10,2014,36030,0,2026,8,14
강서구,마곡동,마곡엠밸리6단지,59.79,9,2014,22636,0,2026,8,13
강서구,가양동,가양2단지(성지),49.56,5,1992,30000,20,2026,8,14
강서구,가양동,강변,39.6,14,1992,36000,0,2026,8,13
강서구,화곡동,경동엠파이어스테이트,14.315,7,2012,8500,12,2026,8,11
강서구,화곡동,"우장산아이파크,이편한세상",59.98,5,2008,45000,100,2026,8,8
강서구,마곡동,마곡엠밸리1단지,59.83,6,2014,12035,18,2026,8,13
강서구,마곡동,마곡엠밸리6단지,84.6,8,2014,27101,0,2026,8,13
강서구,화곡동,동성아파트,25.65,5,2015,10000,58,2026,8,8
강서구,화곡동,강서힐스테이트,128.81,14,2015,113000,0,2026,8,13
강서구,마곡동,마곡엠밸리4단지,59.96,10,2014,5682,47,2026,8,13
강서구,등촌동,주공5,58.14,7,1995,46000,0,2026,8,13
강서구,가양동,가양2단지(성지),39.6,1,1992,26000,0,2026,8,13
강서구,화곡동,"우장산아이파크,이편한세상",84.97,6,2008,77000,0,2026,8,11
강서구,마곡동,마곡엠밸리8단지,84.88,7,2016,60000,100,2026,8,9
강서구,등촌동,주공5,58.14,7,1995,46000,0,2026,8,13
강서구,화곡동,리치아파트,19.81,12,2018,16250,20,2026,8,8
강서구,화곡동,라인씨티,14.91,5,2014,7300,15,2026,8,13
강서구,화곡동,SRvill(925-3),14.01,7,2013,8694,10,2026,8,7
강서구,가양동,동신대아,134.88,4,1993,57700,0,2026,8,13
강서구,가양동,가양6단지,49.5,4,1992,35000,0,2026,8,11
강서구,마곡동,마곡엠밸리1단지,59.83,4,2014,14858,2,2026,8,13
강서구,방화동,동부센트레빌,84.96,12,2003,7000,0,2026,8,6
강서구,가양동,가양강나루현대,59.76,21,1999,54000,0,2026,8,12
강서구,방화동,AirPalace(619-7),14.1,8,2013,500,48,2026,8,2
강서구,마곡동,마곡엠밸리7단지,84.86,3,2014,27101,0,2026,8,13
강서구,마곡동,마곡엠밸리3단지,59.79,7,2014,21574,0,2026,8,13
강서구,화곡동,화곡푸르지오,84.94,12,2002,69500,0,2026,8,13
강서구,화곡동,"우장산아이파크,이편한세상",84.97,12,2008,83000,0,2026,8,12
강서구,마곡동,마곡엠밸리9단지,59.86,10,2021,65000,0,2026,8,7
강서구,화곡동,화곡푸르지오,84.94,12,2002,69500,0,2026,8,13
강서구,마곡동,마곡엠밸리2단지,59.79,6,2014,21574,0,2026,8,12
강서구,마곡동,마곡엠밸리1단지,49.77,2,2014,6224,40,2026,8,13
강서구,내발산동,마곡수명산파크6단지,49.97,2,2007,8253,1,2026,8,12
강서구,가양동,강변,34.44,12,1992,23100,0,2026,8,12
강서구,마곡동,마곡엠밸리6단지,114.98,6,2014,104000,0,2026,8,13
강서구,마곡동,마곡엠밸리6단지,59.79,11,2014,22636,0,2026,8,12
강서구,화곡동,SRvill(925-3),14.01,7,2013,8994,10,2026,8,7
강서구,마곡동,마곡엠밸리6단지,59.79,12,2014,22636,0,2026,8,10
강서구,마곡동,마곡삼성아파트,84.92,1,1998,53000,0,2026,8,11
강서구,마곡동,마곡엠밸리6단지,84.88,1,2014,27101,0,2026,8,12
강서구,마곡동,마곡엠밸리6단지,59.79,7,2014,13112,2,2026,8,12
강서구,마곡동,마곡엠밸리1단지,49.77,6,2014,6224,40,2026,8,11
강서구,마곡동,마곡엠밸리6단지,59.95,2,2014,13112,2,2026,8,11
강서구,마곡동,마곡엠밸리7단지,84.86,7,2014,27101,0,2026,8,11
강서구,마곡동,마곡엠밸리6단지,59.79,3,2014,22636,0,2026,8,10
강서구,등촌동,주공3,58.14,8,1995,5000,150,2026,8,12
강서구,방화동,방화그린,24.05,12,1993,19950,0,2026,8,4
강서구,내발산동,우장산힐스테이트,84.98,7,2005,76500,0,2026,8,7
강서구,염창동,염창3우성,84.96,9,1993,60000,0,2026,8,12
강서구,화곡동,강서힐스테이트,84.99,19,2015,78700,0,2026,8,12
강서구,화곡동,한백e타운(46-219),58.11,3,2002,17000,10,2026,8,12
강서구,마곡동,마곡엠밸리3단지,114.86,1,2014,80000,80,2026,8,3
강서구,화곡동,강서동도센트리움,14.677,4,2012,9220,3,2026,8,12
강서구,마곡동,마곡엠밸리5단지,84.6,4,2014,27101,0,2026,8,11
강서구,마곡동,마곡엠밸리7단지,59.79,8,2014,22636,0,2026,8,12
강서구,마곡동,마곡엠밸리7단지,59.79,5,2014,22636,0,2026,8,11
강서구,마곡동,마곡엠밸리6단지,84.84,11,2014,27101,0,2026,8,11
강서구,마곡동,마곡엠밸리7단지,84.79,8,2014,27101,0,2026,8,11
강서구,마곡동,마곡엠밸리6단지,59.79,6,2014,22636,0,2026,8,11
강서구,마곡동,마곡엠밸리2단지,114.86,3,2014,29227,0,2026,8,10
강서구,마곡동,마곡엠밸리3단지,84.91,14,2014,25826,0,2026,8,10
강서구,방화동,마곡서광(치현마을),59.67,14,1998,6000,100,2026,8,12
강서구,염창동,아네스트염창,14.94,11,2019,12000,19,2026,8,11
강서구,내발산동,우장산힐스테이트,84.98,14,2005,78700,0,2026,8,12
강서구,화곡동,한울에이치밸리움B동,22.81,3,2019,19250,5,2026,8,12
강서구,마곡동,마곡13단지힐스테이트마스터,59.9825,4,2017,79500,0,2026,8,10
강서구,내발산동,마곡수명산파크3단지,84.53,3,2007,10000,185,2026,8,11
강서구,염창동,아네스트염창,21.27,12,2019,15000,50,2026,8,7
강서구,화곡동,강서힐스테이트,84.99,12,2015,80000,0,2026,8,12
강서구,마곡동,마곡엠밸리6단지,59.79,3,2014,22636,0,2026,8,10
강서구,화곡동,오복뜨란체,77.99,5,2007,35000,0,2026,8,12
강서구,마곡동,마곡엠밸리3단지,59.79,4,2014,21574,0,2026,8,10
강서구,방화동,신마곡벽산블루밍,72.8607,6,2020,55000,0,2026,8,11
강서구,등촌동,주공5,37.67,4,1995,20800,0,2026,8,7
강서구,마곡동,마곡13단지힐스테이트마스터,84.9805,8,2017,88000,0,2026,8,8
강서구,염창동,아네스트염창,14.94,10,2019,5000,47,2026,8,11
강서구,마곡동,마곡엠벨리(15단지),84.5,12,2014,80000,40,2026,8,11
강서구,내발산동,우장산힐스테이트,84.98,8,2005,65000,100,2026,8,11
강서구,마곡동,마곡엠벨리(14단지),84.88,4,2014,85000,0,2026,8,10
강서구,화곡동,우장산역해링턴타워,43.04,4,2021,8320,57,2026,8,11
강서구,화곡동,디아인스(899-19),20.685,11,2019,1000,95,2026,8,11
강서구,가양동,가양2단지(성지),39.6,14,1992,3000,100,2026,8,11
강서구,등촌동,주공3,58.14,11,1995,44100,0,2026,8,8
강서구,화곡동,청담라인씨티,25.74,6,2018,3400,64,2026,8,10
강서구,화곡동,강서힐스테이트,128.81,3,2015,105000,0,2026,8,8
강서구,화곡동,중앙화곡하이츠,56.88,12,1988,27000,0,2026,8,6
강서구,염창동,삼성한아름,84.93,14,1993,55500,0,2026,8,8
강서구,화곡동,"우장산아이파크,이편한세상",84.97,2,2008,55000,100,2026,8,1
강서구,가양동,강변,39.6,6,1992,28000,0,2026,8,8
강서구,마곡동,마곡엠벨리(15단지),59.84,15,2014,22636,0,2026,8,11
강서구,화곡동,혜성오피아파트,29.87,9,2018,3000,90,2026,8,10
강서구,가양동,가양2단지(성지),39.6,7,1992,10000,70,2026,8,8
강서구,화곡동,청송평화헬스타워,35.52,11,2017,20900,3,2026,8,4
강서구,방화동,마곡우촌아파트,28.04,3,2022,1000,126,2026,8,11
강서구,마곡동,마곡엠벨리(15단지),59.79,14,2014,57750,30,2026,8,10
강서구,마곡동,마곡엠밸리2단지,59.79,8,2014,14493,0,2026,8,11
강서구,마곡동,마곡엠밸리2단지,84.92,9,2014,25826,0,2026,8,11
강서구,방화동,장미,39.96,12,1994,8000,65,2026,8,11
강서구,화곡동,초록,59.34,2,1998,44000,0,2026,8,8
강서구,방화동,방화그린,39.76,6,1993,30000,0,2026,8,7
강서구,염창동,한강동아,59.97,3,1998,15000,150,2026,8,11
강서구,방화동,마곡 한진해모로,84.93,7,2004,53550,0,2026,8,7
강서구,등촌동,주공10,58.14,8,1995,38000,0,2026,8,8
강서구,마곡동,마곡엠밸리6단지,84.99,5,2014,70000,0,2026,8,8
강서구,화곡동,신도금잔디,84.09,7,1998,30300,0,2026,8,7
강서구,등촌동,주공5,58.14,2,1995,50000,0,2026,8,7
강서구,가양동,가양6단지,49.5,1,1992,34000,0,2026,8,8
강서구,마곡동,마곡엠벨리(14단지),59.79,4,2014,21788,0,2026,8,10
강서구,화곡동,강서힐스테이트,84.99,7,2015,83000,0,2026,8,7
강서구,가양동,강변,39.6,9,1992,2000,75,2026,8,11
강서구,내발산동,우장산힐스테이트,84.98,14,2005,40000,133,2026,8,8
강서구,화곡동,성재센트리움,28.39,12,2016,16600,7,2026,8,10
강서구,등촌동,주공5,58.14,1,1995,42000,0,2026,8,7
강서구,마곡동,마곡엠밸리6단지,84.88,3,2014,88000,0,2026,8,10
강서구,마곡동,마곡엠밸리4단지,59.79,7,2014,22636,0,2026,8,10
강서구,등촌동,부영,80.64,9,1994,38896,0,2026,8,8
강서구,등촌동,"등촌1,2단지주공아파트",41.85,5,1994,30000,0,2026,8,10
강서구,마곡동,마곡엠밸리7단지,114.86,11,2014,94500,0,2026,8,9
강서구,내발산동,마곡수명산파크4단지,59.76,8,2008,7488,12,2026,8,10
강서구,등촌동,동성,101.88,1,1995,47000,115,2026,8,8
강서구,마곡동,마곡엠밸리4단지,59.95,1,2014,22636,0,2026,8,11
강서구,등촌동,주공5,58.14,13,1995,50000,0,2026,8,11
강서구,등촌동,주공3,58.14,4,1995,40000,25,2026,8,8
강서구,가양동,강나루2현대,114.98,19,2001,5000,200,2026,8,10
강서구,마곡동,마곡엠밸리2단지,59.79,7,2014,17189,17,2026,8,10
강서구,마곡동,마곡엠밸리6단지,49.77,1,2014,11662,2,2026,8,10
강서구,마곡동,마곡엠밸리7단지,84.86,15,2014,27101,0,2026,8,10
강서구,마곡동,마곡엠밸리2단지,59.79,9,2014,10363,23,2026,8,10
강서구,마곡동,마곡엠밸리7단지,59.79,12,2014,22636,0,2026,8,10
강서구,마곡동,마곡엠밸리7단지,59.79,10,2014,13071,4,2026,8,10
강서구,마곡동,마곡엠밸리7단지,59.79,8,2014,22636,0,2026,8,10
강서구,마곡동,마곡엠밸리6단지,59.79,8,2014,22636,0,2026,8,10
강서구,마곡동,마곡엠밸리6단지,59.95,2,2014,22636,0,2026,8,10
강서구,마곡동,마곡엠밸리7단지,84.86,6,2014,27101,0,2026,8,10
강서구,마곡동,마곡엠밸리2단지,59.95,2,2014,21574,0,2026,8,10
강서구,마곡동,마곡엠밸리7단지,59.79,7,2014,22636,0,2026,8,10
강서구,방화동,방화그린,24.05,11,1993,167,4,2026,8,10
강서구,공항동,공항동부센트레빌,84.99,4,2009,40000,60,2026,8,10
강서구,마곡동,마곡엠밸리6단지,84.74,10,2014,27101,0,2026,8,10
강서구,마곡동,마곡엠밸리1단지,59.95,2,2014,11807,19,2026,8,10
강서구,마곡동,마곡엠밸리2단지,59.79,4,2014,8090,52,2026,8,10
강서구,마곡동,마곡엠밸리7단지,84.86,5,2014,27101,0,2026,8,10
강서구,마곡동,마곡엠밸리7단지,84.79,6,2014,27101,0,2026,8,10
강서구,가양동,대림경동아파트,131.4,1,1993,20000,165,2026,8,8
강서구,화곡동,강서힐스테이트,59.99,2,2015,65000,0,2026,8,8
강서구,등촌동,대림e편한세상,75.64,11,2002,61000,0,2026,8,9
강서구,마곡동,마곡엠밸리7단지,84.55,14,2014,61000,75,2026,8,6
강서구,마곡동,마곡엠벨리(14단지),84.93,1,2014,48142,0,2026,8,10
강서구,염창동,삼성한마음,59.94,5,1995,36456,0,2026,8,10
강서구,염창동,센터스퀘어등촌,18.24,18,2020,2794,9,2026,8,10
강서구,마곡동,마곡엠밸리6단지,59.96,8,2014,10357,17,2026,8,10
강서구,마곡동,마곡엠밸리6단지,59.79,9,2014,22636,0,2026,8,10
강서구,마곡동,마곡엠밸리6단지,59.79,10,2014,22636,0,2026,8,10
강서구,마곡동,마곡엠밸리4단지,59.79,15,2014,22636,0,2026,8,10
강서구,마곡동,마곡엠밸리1단지,59.95,1,2014,11365,22,2026,8,10
강서구,화곡동,강서힐스테이트,84.99,10,2015,82000,0,2026,8,5
강서구,내발산동,마곡수명산파크5단지,49.97,5,2008,6719,11,2026,8,10
강서구,마곡동,마곡엠벨리(15단지),59.84,1,2014,34321,0,2026,8,10
강서구,내발산동,우장산힐스테이트,59.98,7,2005,50000,50,2026,8,10
강서구,마곡동,마곡삼성아파트,59.97,9,1998,37800,0,2026,8,1
강서구,마곡동,마곡엠벨리(15단지),59.84,3,2014,22636,0,2026,8,10
강서구,가양동,가양6단지,49.5,6,1992,35000,0,2026,8,8
강서구,마곡동,마곡엠밸리6단지,84.74,7,2014,27101,0,2026,8,10
강서구,마곡동,마곡엠밸리2단지,59.52,10,2014,21574,0,2026,8,10
강서구,내발산동,마곡수명산파크5단지,49.97,8,2008,3754,28,2026,8,10
강서구,마곡동,마곡엠벨리(14단지),84.5,12,2014,20000,214,2026,8,8
강서구,마곡동,마곡엠밸리6단지,84.74,9,2014,27101,0,2026,8,10
강서구,방화동,방화그린,33.6,15,1993,21000,0,2026,8,3
강서구,마곡동,마곡엠밸리7단지,84.79,2,2014,27101,0,2026,8,10
강서구,마곡동,마곡엠밸리2단지,84.47,9,2014,25826,0,2026,8,10
강서구,마곡동,마곡엠밸리6단지,84.74,12,2014,27101,0,2026,8,10
강서구,방화동,방화4단지,100.35,6,1994,69000,0,2026,8,8
강서구,등촌동,등촌동아이파크,84.9958,9,2004,66000,0,2026,8,8
강서구,마곡동,마곡엠벨리(15단지),59.94,14,2014,13581,2,2026,8,10
강서구,마곡동,마곡엠밸리3단지,59.79,7,2014,21574,0,2026,8,10
강서구,방화동,방화5,39.6,2,1994,1500,100,2026,8,6
강서구,가양동,가양2단지(성지),49.56,6,1992,40000,0,2026,8,8
강서구,마곡동,마곡엠밸리6단지,59.79,15,2014,22636,0,2026,8,9
강서구,마곡동,마곡엠밸리3단지,59.79,7,2014,3542,52,2026,8,9
강서구,마곡동,마곡엠밸리6단지,84.84,8,2014,27101,0,2026,8,8
강서구,마곡동,마곡엠밸리7단지,59.79,9,2014,22636,0,2026,8,9
강서구,마곡동,마곡엠밸리6단지,59.79,3,2014,22636,0,2026,8,8
강서구,마곡동,마곡엠밸리6단지,59.79,9,2014,10357,17,2026,8,10
강서구,마곡동,마곡엠밸리3단지,59.9,9,2014,13917,7,2026,8,7
강서구,방화동,힐스테이트신방화역,59.9652,14,2022,53700,0,2026,8,10
강서구,마곡동,마곡엠밸리2단지,59.79,9,2014,13177,7,2026,8,7
강서구,마곡동,마곡엠밸리6단지,59.79,13,2014,22636,0,2026,8,10
강서구,마곡동,마곡엠밸리2단지,114.86,8,2014,29227,0,2026,8,10
강서구,마곡동,마곡엠밸리7단지,84.79,5,2014,27101,0,2026,8,10
강서구,마곡동,마곡엠밸리6단지,84.84,3,2014,27101,0,2026,8,9
강서구,마곡동,마곡엠밸리7단지,84.79,2,2014,27101,0,2026,8,8
강서구,방화동,청솔,49.2,14,1994,36750,0,2026,8,8
강서구,마곡동,마곡엠밸리5단지,84.6,5,2014,27101,0,2026,8,7
강서구,마곡동,마곡엠밸리2단지,59.79,12,2014,11173,19,2026,8,7
강서구,마곡동,마곡엠밸리6단지,59.79,5,2014,22636,0,2026,8,7
강서구,마곡동,마곡엠밸리7단지,84.86,6,2014,27101,0,2026,8,8
강서구,마곡동,마곡엠밸리7단지,59.79,3,2014,22636,0,2026,8,7
강서구,마곡동,마곡엠밸리7단지,84.95,8,2014,27101,0,2026,8,8
강서구,마곡동,마곡엠밸리2단지,114.86,5,2014,29227,0,2026,8,10
강서구,마곡동,마곡엠밸리6단지,84.88,12,2014,27101,0,2026,8,9
강서구,마곡동,마곡엠밸리7단지,59.79,5,2014,22636,0,2026,8,10
강서구,마곡동,마곡엠밸리6단지,59.96,3,2014,9530,22,2026,8,9
강서구,마곡동,마곡엠밸리7단지,84.79,8,2014,27101,0,2026,8,7
강서구,마곡동,마곡엠밸리7단지,59.83,14,2014,22636,0,2026,8,7
강서구,마곡동,마곡엠밸리6단지,59.79,9,2014,22636,0,2026,8,7
강서구,마곡동,마곡엠밸리7단지,59.79,8,2014,22636,0,2026,8,7
강서구,마곡동,마곡엠밸리1단지,49.77,1,2014,10368,17,2026,8,7
강서구,마곡동,마곡엠밸리6단지,84.88,15,2014,27101,0,2026,8,9
강서구,마곡동,마곡엠밸리7단지,84.79,3,2014,27101,0,2026,8,7
강서구,마곡동,마곡엠밸리6단지,59.79,4,2014,22636,0,2026,8,7
강서구,마곡동,마곡엠밸리6단지,49.77,5,2014,5381,37,2026,8,7
강서구,마곡동,마곡엠밸리6단지,84.88,5,2014,27101,0,2026,8,7
강서구,마곡동,마곡엠벨리(15단지),59.79,6,2014,23767,0,2026,8,10
강서구,염창동,금호타운,59.88,13,1999,53000,0,2026,8,8
강서구,마곡동,마곡엠밸리6단지,84.88,13,2014,27101,0,2026,8,10
강서구,마곡동,마곡엠밸리6단지,59.79,13,2014,22636,0,2026,8,9
강서구,마곡동,마곡엠밸리6단지,59.79,3,2014,22636,0,2026,8,9
강서구,마곡동,마곡엠밸리2단지,114.86,6,2014,29227,0,2026,8,8
강서구,마곡동,마곡엠밸리2단지,84.92,12,2014,25826,0,2026,8,7
강서구,마곡동,마곡엠밸리7단지,59.79,10,2014,22636,0,2026,8,7
강서구,마곡동,마곡엠밸리3단지,49.77,5,2014,10202,17,2026,8,7
강서구,마곡동,마곡엠밸리3단지,49.77,6,2014,10202,17,2026,8,7
강서구,방화동,청솔,39.36,11,1994,20000,55,2026,8,10
강서구,마곡동,마곡엠밸리6단지,59.79,6,2014,22636,0,2026,8,9
강서구,마곡동,마곡엠밸리2단지,114.86,13,2014,29227,0,2026,8,7
강서구,마곡동,마곡엠밸리6단지,59.79,12,2014,22636,0,2026,8,7
강서구,마곡동,마곡엠밸리6단지,59.79,13,2014,13112,2,2026,8,7
강서구,마곡동,마곡엠밸리6단지,59.79,9,2014,22636,0,2026,8,7
강서구,마곡동,마곡엠밸리2단지,59.52,7,2014,21574,0,2026,8,7
강서구,화곡동,우장산역해링턴타워,23.68,9,2021,5680,40,2026,8,7
강서구,가양동,가양6단지,49.5,5,1992,40425,0,2026,8,8
강서구,마곡동,마곡엠밸리2단지,84.92,11,2014,25826,0,2026,8,7
강서구,마곡동,마곡엠밸리2단지,59.83,5,2014,21574,0,2026,8,7
강서구,마곡동,마곡엠밸리6단지,59.79,6,2014,22636,0,2026,8,7
강서구,화곡동,우장산역해링턴타워,43.79,11,2021,8320,56,2026,8,7
강서구,염창동,아네스트염창,14.94,11,2019,10000,26,2026,8,7
강서구,마곡동,마곡엠밸리2단지,84.92,5,2014,25826,0,2026,8,10
강서구,마곡동,마곡엠밸리5단지,84.95,8,2014,27101,0,2026,8,10
강서구,마곡동,마곡엠밸리2단지,49.77,4,2014,2275,45,2026,8,10
강서구,마곡동,마곡엠밸리6단지,84.84,5,2014,29811,0,2026,8,10
강서구,방화동,청솔,39.36,9,1994,29000,0,2026,8,10
강서구,등촌동,등촌동아이파크,165.8299,13,2004,30000,300,2026,8,8
강서구,마곡동,마곡엠밸리6단지,59.79,8,2014,22636,0,2026,8,10
강서구,마곡동,마곡엠밸리2단지,84.92,7,2014,25826,0,2026,8,10
강서구,방화동,방화그린,30.66,6,1993,214,5,2026,8,10
강서구,가양동,가양강나루현대,59.76,15,1999,50000,9,2026,8,8
강서구,등촌동,가양역두산위브,59.98,10,2022,68000,0,2026,8,7
강서구,내발산동,센터스퀘어발산,43.97,4,2025,3000,135,2026,8,6
강서구,방화동,방화5,49.77,13,1994,43000,0,2026,8,9
강서구,마곡동,마곡엠밸리6단지,59.79,9,2014,22636,0,2026,8,7
강서구,마곡동,마곡엠밸리3단지,59.79,11,2014,21574,0,2026,8,7
강서구,마곡동,마곡엠벨리(15단지),59.79,6,2014,22636,0,2026,8,8
강서구,마곡동,마곡엠벨리(15단지),59.79,7,2014,22636,0,2026,8,8
강서구,마곡동,마곡엠밸리6단지,59.79,6,2014,22636,0,2026,8,7
강서구,마곡동,마곡엠벨리(14단지),84.93,1,2014,48142,0,2026,8,7
강서구,마곡동,마곡엠밸리7단지,84.79,10,2014,27101,0,2026,8,10
강서구,마곡동,마곡엠밸리6단지,84.88,1,2014,27101,0,2026,8,10
강서구,마곡동,마곡엠밸리5단지,59.95,1,2014,13374,2,2026,8,9
강서구,방화동,방화그린,24.05,1,1993,501,6,2026,8,10
강서구,마곡동,마곡엠벨리(15단지),59.79,16,2014,23713,0,2026,8,10
강서구,마곡동,마곡엠벨리(15단지),84.88,14,2014,88000,0,2026,8,6
강서구,내발산동,우장산힐스테이트,59.98,17,2005,50000,80,2026,8,8
강서구,마곡동,마곡엠밸리6단지,49.77,8,2014,8080,22,2026,8,8
강서구,마곡동,마곡엠밸리6단지,59.96,11,2014,6224,40,2026,8,7
강서구,마곡동,마곡엠밸리6단지,84.88,2,2014,27101,0,2026,8,8
강서구,마곡동,마곡엠밸리3단지,49.77,10,2014,2635,47,2026,8,7
강서구,마곡동,마곡엠밸리6단지,59.79,7,2014,22636,0,2026,8,7
강서구,마곡동,마곡엠밸리6단지,84.88,8,2014,27101,0,2026,8,7
강서구,마곡동,마곡엠밸리4단지,59.79,13,2014,24899,0,2026,8,10
강서구,방화동,청솔,39.36,9,1994,29000,0,2026,8,10
강서구,마곡동,마곡엠밸리6단지,59.79,4,2014,22636,0,2026,8,10
강서구,마곡동,마곡엠밸리2단지,114.86,8,2014,30688,0,2026,8,10
강서구,마곡동,마곡엠밸리2단지,84.92,6,2014,25826,0,2026,8,10
강서구,마곡동,마곡엠밸리7단지,59.79,7,2014,5574,39,2026,8,7
강서구,등촌동,주공10,58.14,3,1995,2000,103,2026,8,7
강서구,가양동,강변,39.6,6,1992,30400,0,2026,8,8
강서구,가양동,강변,39.6,4,1992,29000,0,2026,8,8
강서구,내발산동,마곡수명산파크7단지,49.97,2,2008,3536,25,2026,8,10
강서구,마곡동,마곡엠밸리6단지,84.88,12,2014,27101,0,2026,8,7
강서구,내발산동,마곡수명산파크4단지,59.84,4,2008,55650,0,2026,8,6
강서구,마곡동,마곡엠밸리3단지,59.79,5,2014,21574,0,2026,8,10
강서구,마곡동,마곡엠밸리7단지,59.79,9,2014,13626,8,2026,8,8
강서구,마곡동,마곡엠밸리6단지,84.88,6,2014,27101,0,2026,8,8
강서구,마곡동,마곡엠밸리6단지,84.88,5,2014,27101,0,2026,8,8
강서구,마곡동,마곡엠밸리6단지,59.79,12,2014,22636,0,2026,8,8
강서구,마곡동,마곡엠밸리6단지,59.79,13,2014,22636,0,2026,8,7
강서구,마곡동,마곡엠밸리6단지,59.79,9,2014,22636,0,2026,8,7
강서구,마곡동,마곡엠벨리(15단지),59.79,6,2014,74000,0,2026,8,8
강서구,내발산동,마곡수명산파크4단지,59.84,5,2008,7488,12,2026,8,9
강서구,마곡동,마곡엠밸리6단지,84.84,3,2014,27101,0,2026,8,7
강서구,마곡동,마곡엠밸리6단지,84.74,13,2014,27101,0,2026,8,7
강서구,마곡동,마곡엠밸리7단지,59.83,2,2014,22636,0,2026,8,7
강서구,마곡동,마곡엠밸리5단지,84.6,7,2014,27101,0,2026,8,7
강서구,마곡동,마곡엠밸리6단지,59.96,4,2014,13112,2,2026,8,7
강서구,마곡동,마곡엠밸리7단지,84.79,11,2014,27101,0,2026,8,7
강서구,화곡동,중앙화곡하이츠,48.78,7,1988,15000,50,2026,8,2
강서구,마곡동,마곡엠밸리6단지,59.79,4,2014,22636,0,2026,8,10
강서구,마곡동,마곡엠밸리2단지,84.92,9,2014,25826,0,2026,8,9
강서구,마곡동,마곡엠밸리7단지,59.79,5,2014,22636,0,2026,8,8
강서구,마곡동,마곡엠밸리2단지,59.79,9,2014,10277,24,2026,8,7
강서구,마곡동,마곡엠밸리6단지,49.77,1,2014,11662,2,2026,8,7
강서구,마곡동,마곡엠벨리(14단지),59.99,11,2014,21788,0,2026,8,7
강서구,염창동,동아,59.97,13,1998,42000,0,2026,8,8
강서구,등촌동,가양역두산위브,59.98,10,2022,68000,0,2026,8,7
강서구,염창동,동아3,59.7,13,1999,37000,0,2026,8,6
강서구,염창동,금호타운,59.88,5,1999,49350,0,2026,8,6
강서구,마곡동,마곡엠밸리4단지,59.96,9,2014,12553,13,2026,8,7
강서구,화곡동,우장산역해링턴타워,17.74,12,2021,3159,11,2026,8,7
강서구,마곡동,마곡엠밸리2단지,114.86,11,2014,29227,0,2026,8,6
강서구,마곡동,마곡엠밸리6단지,84.88,5,2014,27101,0,2026,8,6
강서구,마곡동,마곡엠밸리4단지,59.96,5,2014,2832,52,2026,8,7
강서구,마곡동,마곡엠밸리6단지,59.79,3,2014,22636,0,2026,8,6
강서구,마곡동,마곡엠밸리6단지,84.74,9,2014,27101,0,2026,8,7
강서구,마곡동,마곡엠벨리(15단지),59.79,1,2014,22636,0,2026,8,7
강서구,마곡동,마곡엠밸리6단지,84.88,3,2014,27101,0,2026,8,6
강서구,마곡동,마곡엠밸리6단지,59.86,1,2014,13112,2,2026,8,6
강서구,마곡동,마곡엠밸리1단지,49.77,3,2014,14096,4,2026,8,6
강서구,마곡동,마곡엠밸리6단지,84.84,9,2014,27101,0,2026,8,6
강서구,마곡동,마곡엠벨리(14단지),59.79,12,2014,21788,0,2026,8,7
강서구,가양동,가양2단지(성지),34.44,3,1992,3000,90,2026,8,6
강서구,방화동,마곡우림1차아파트,84.971,2,2003,48000,0,2026,8,5
강서구,마곡동,마곡엠밸리3단지,84.95,4,2014,25826,0,2026,8,7
강서구,마곡동,마곡엠밸리6단지,84.88,9,2014,27101,0,2026,8,6
강서구,마곡동,마곡엠벨리(15단지),59.79,4,2014,22636,0,2026,8,7
강서구,등촌동,주공3,58.14,10,1995,44000,0,2026,8,7
강서구,마곡동,마곡엠밸리7단지,84.86,4,2014,27101,0,2026,8,7
강서구,화곡동,대림e편한세상,84.84,13,1992,23100,68,2026,8,7
강서구,마곡동,마곡엠밸리4단지,59.79,7,2014,22636,0,2026,8,7
강서구,가양동,가양도시개발9-1단지,34.44,3,1992,1891,4,2026,8,7
강서구,마곡동,마곡엠벨리(15단지),59.79,5,2014,40057,0,2026,8,6
강서구,마곡동,마곡엠벨리(14단지),84.85,8,2014,48142,0,2026,8,6
강서구,마곡동,마곡엠벨리(15단지),84.88,12,2014,48142,0,2026,8,7
강서구,마곡동,마곡엠벨리(15단지),59.84,6,2014,22636,0,2026,8,6
강서구,마곡동,마곡엠밸리4단지,59.79,8,2014,22636,0,2026,8,7
강서구,등촌동,등촌동아이파크,84.7556,7,2004,30000,150,2026,8,5
강서구,마곡동,마곡엠밸리7단지,84.79,6,2014,27101,0,2026,8,6
강서구,마곡동,마곡엠밸리5단지,59.79,10,2014,6373,41,2026,8,6
강서구,마곡동,마곡엠밸리2단지,59.79,5,2014,14124,2,2026,8,6
강서구,방화동,마곡중앙하이츠아파트,39.58,15,1994,10000,65,2026,8,7
강서구,화곡동,호용그린피아,59.19,6,2005,20000,60,2026,8,6
강서구,내발산동,마곡수명산파크5단지,49.97,7,2008,5774,16,2026,8,7
강서구,마곡동,마곡엠벨리(14단지),84.85,4,2014,48142,0,2026,8,6
강서구,등촌동,등촌동아이파크,84.9958,16,2004,60000,80,2026,8,7
강서구,마곡동,마곡엠밸리6단지,114.98,8,2014,20000,350,2026,8,6
강서구,방화동,경동팰리스힐,16.99,7,2014,1000,55,2026,8,6
강서구,마곡동,마곡엠밸리7단지,59.79,13,2014,12185,2,2026,8,6
강서구,염창동,한강동아,59.97,8,1998,49350,0,2026,8,6
강서구,마곡동,마곡엠밸리2단지,59.79,10,2014,21574,0,2026,8,6
강서구,내발산동,마곡수명산파크2단지,84.82,15,2007,70000,0,2026,8,6
강서구,가양동,가양강나루현대,84.98,16,1999,63000,0,2026,8,7
강서구,마곡동,마곡엠밸리2단지,49.77,7,2014,12224,2,2026,8,6
강서구,방화동,동성,76.8,1,1993,49000,0,2026,8,7
강서구,마곡동,마곡엠밸리6단지,84.88,6,2014,27101,0,2026,8,6
강서구,마곡동,마곡엠밸리6단지,59.79,7,2014,22636,0,2026,8,6
강서구,마곡동,마곡엠밸리6단지,84.99,9,2014,72000,0,2026,8,6
강서구,마곡동,마곡엠밸리6단지,84.88,8,2014,27101,0,2026,8,6
강서구,마곡동,마곡엠밸리9단지,59.86,14,2021,63000,0,2026,8,6
강서구,가양동,가양2단지(성지),39.6,12,1992,3000,135,2026,8,6
강서구,가양동,가양2단지(성지),34.44,1,1992,20000,0,2026,8,7
강서구,마곡동,마곡엠밸리2단지,59.79,12,2014,8751,32,2026,8,6
강서구,가양동,가양2단지(성지),39.6,13,1992,23000,0,2026,8,6
강서구,마곡동,마곡엠밸리4단지,59.79,9,2014,14527,2,2026,8,6
강서구,마곡동,마곡엠밸리1단지,49.77,3,2014,13130,2,2026,8,6
강서구,마곡동,마곡엠밸리6단지,59.79,4,2014,22636,0,2026,8,6
강서구,마곡동,마곡엠밸리7단지,84.95,10,2014,27101,0,2026,8,6
강서구,마곡동,마곡엠밸리7단지,59.79,10,2014,12185,2,2026,8,6
강서구,마곡동,마곡엠밸리7단지,84.79,9,2014,27101,0,2026,8,6
강서구,마곡동,마곡엠밸리5단지,84.95,6,2014,27101,0,2026,8,6
강서구,등촌동,코오롱하늘채,59.95,12,2003,53000,0,2026,8,6
강서구,마곡동,마곡엠밸리6단지,49.77,2,2014,5381,37,2026,8,6
강서구,마곡동,마곡엠밸리6단지,84.88,16,2014,27101,0,2026,8,6
강서구,마곡동,마곡엠밸리7단지,84.79,6,2014,27101,0,2026,8,6
강서구,마곡동,마곡엠밸리6단지,59.79,11,2014,22636,0,2026,8,6
강서구,마곡동,마곡엠밸리6단지,49.77,1,2014,5381,37,2026,8,6
강서구,마곡동,마곡엠밸리6단지,59.79,5,2014,22636,0,2026,8,6
강서구,마곡동,마곡엠밸리1단지,49.77,7,2014,11339,12,2026,8,6
강서구,마곡동,마곡엠밸리7단지,59.79,2,2014,5553,39,2026,8,6
강서구,마곡동,마곡엠밸리5단지,49.77,6,2014,11631,2,2026,8,6
강서구,마곡동,마곡엠밸리8단지,59.79,7,2016,2835,47,2026,8,6
강서구,마곡동,마곡엠밸리6단지,59.79,12,2014,22636,0,2026,8,6
강서구,마곡동,마곡엠밸리2단지,59.79,6,2014,6742,43,2026,8,6
강서구,마곡동,마곡엠밸리6단지,84.88,7,2014,27101,0,2026,8,6
강서구,마곡동,마곡엠밸리6단지,84.88,6,2014,27101,0,2026,8,6
강서구,마곡동,마곡엠밸리6단지,59.83,7,2014,6224,40,2026,8,6
강서구,마곡동,마곡엠밸리6단지,49.77,7,2014,2381,43,2026,8,6
강서구,마곡동,마곡엠밸리3단지,84.91,6,2014,25826,0,2026,8,6
강서구,마곡동,마곡엠밸리2단지,59.83,10,2014,21574,0,2026,8,6
강서구,마곡동,마곡엠밸리6단지,59.79,9,2014,23767,0,2026,8,6
강서구,마곡동,마곡엠밸리6단지,84.88,15,2014,27101,0,2026,8,6
강서구,마곡동,마곡엠밸리6단지,49.77,3,2014,11850,1,2026,8,6
강서구,마곡동,마곡엠밸리7단지,59.79,6,2014,5553,39,2026,8,6
강서구,내발산동,마곡수명산파크6단지,49.97,3,2007,3679,27,2026,8,6
강서구,마곡동,마곡엠밸리3단지,59.79,8,2014,21574,0,2026,8,6
강서구,마곡동,마곡엠밸리6단지,84.88,10,2014,27101,0,2026,8,6
강서구,마곡동,마곡엠밸리3단지,59.83,3,2014,15914,4,2026,8,6
강서구,마곡동,마곡엠밸리6단지,59.79,3,2014,22636,0,2026,8,6
강서구,마곡동,마곡엠밸리6단지,84.88,14,2014,27101,0,2026,8,6
강서구,마곡동,마곡엠밸리6단지,59.79,12,2014,22636,0,2026,8,6
강서구,마곡동,마곡엠밸리6단지,84.84,10,2014,27101,0,2026,8,6
강서구,마곡동,마곡엠밸리6단지,59.79,13,2014,22636,0,2026,8,6
강서구,마곡동,마곡엠밸리6단지,59.79,12,2014,22636,0,2026,8,6
강서구,마곡동,마곡엠밸리6단지,59.79,4,2014,22636,0,2026,8,6
강서구,마곡동,마곡엠밸리2단지,59.79,12,2014,6742,43,2026,8,6
강서구,마곡동,마곡엠밸리7단지,59.79,9,2014,5553,39,2026,8,6
강서구,마곡동,마곡엠밸리7단지,84.79,2,2014,27101,0,2026,8,6
강서구,마곡동,마곡엠밸리6단지,59.79,6,2014,22636,0,2026,8,6
강서구,마곡동,마곡엠밸리6단지,59.79,8,2014,22636,0,2026,8,6
강서구,마곡동,마곡엠밸리6단지,84.74,15,2014,27101,0,2026,8,6
강서구,마곡동,마곡엠밸리2단지,49.77,11,2014,8642,22,2026,8,6
강서구,마곡동,마곡엠밸리3단지,84.6,7,2014,25826,0,2026,8,6
강서구,마곡동,마곡엠밸리6단지,59.79,8,2014,22636,0,2026,8,6
강서구,화곡동,수산동우,84.32,5,2005,40000,8,2026,8,6
강서구,마곡동,마곡엠밸리6단지,84.88,16,2014,27101,0,2026,8,6
강서구,마곡동,마곡엠밸리4단지,59.96,3,2014,11772,17,2026,8,6
강서구,마곡동,마곡엠밸리7단지,59.79,6,2014,8038,25,2026,8,6
강서구,마곡동,마곡엠밸리7단지,59.83,4,2014,22636,0,2026,8,6
강서구,마곡동,마곡엠밸리6단지,49.77,3,2014,14127,15,2026,8,6
강서구,방화동,치현마을동일스위트리버,59.9813,5,2004,45000,0,2026,8,1
강서구,마곡동,마곡엠밸리6단지,59.79,4,2014,22636,0,2026,8,6
강서구,마곡동,마곡엠밸리6단지,84.88,5,2014,27101,0,2026,8,6
강서구,마곡동,마곡엠밸리6단지,84.88,11,2014,27101,0,2026,8,6
강서구,마곡동,마곡엠밸리6단지,84.88,8,2014,27101,0,2026,8,6
강서구,마곡동,마곡엠밸리1단지,59.96,8,2014,11807,19,2026,8,6
강서구,마곡동,마곡엠밸리7단지,59.79,14,2014,22636,0,2026,8,6
강서구,마곡동,마곡엠밸리6단지,84.88,7,2014,27101,0,2026,8,6
강서구,마곡동,마곡엠밸리6단지,59.79,8,2014,22636,0,2026,8,6
강서구,마곡동,마곡엠밸리6단지,59.79,4,2014,22636,0,2026,8,6
강서구,마곡동,마곡엠밸리6단지,84.74,6,2014,27101,0,2026,8,6
강서구,내발산동,마곡수명산파크5단지,59.84,6,2008,53000,0,2026,8,6
강서구,마곡동,마곡엠밸리2단지,59.83,8,2014,21574,0,2026,8,6
강서구,마곡동,마곡엠밸리6단지,84.88,5,2014,27101,0,2026,8,6
강서구,마곡동,마곡엠밸리7단지,59.79,14,2014,6663,47,2026,8,6
강서구,마곡동,마곡엠밸리3단지,59.79,5,2014,21574,0,2026,8,6
강서구,마곡동,마곡엠밸리6단지,84.6,8,2014,27101,0,2026,8,6
강서구,마곡동,마곡엠밸리6단지,49.77,4,2014,2306,43,2026,8,6
강서구,마곡동,마곡엠밸리7단지,84.95,14,2014,27101,0,2026,8,6
강서구,마곡동,마곡엠밸리6단지,59.79,10,2014,22636,0,2026,8,6
강서구,마곡동,마곡엠밸리6단지,84.84,2,2014,27101,0,2026,8,6
강서구,마곡동,마곡엠밸리6단지,84.84,13,2014,27101,0,2026,8,6
강서구,마곡동,마곡엠밸리6단지,59.79,14,2014,22636,0,2026,8,6
강서구,마곡동,마곡엠밸리3단지,59.95,1,2014,7242,44,2026,8,6
강서구,마곡동,마곡엠밸리3단지,59.79,14,2014,21574,0,2026,8,6
강서구,마곡동,마곡엠밸리7단지,84.79,3,2014,27101,0,2026,8,6
강서구,마곡동,마곡엠밸리6단지,59.79,3,2014,22636,0,2026,8,6
강서구,마곡동,마곡엠밸리6단지,84.84,14,2014,27101,0,2026,8,6
강서구,마곡동,마곡엠밸리6단지,59.79,11,2014,22636,0,2026,8,6
강서구,마곡동,마곡엠밸리6단지,59.79,10,2014,15945,16,2026,8,6
강서구,화곡동,강서힐스테이트,84.99,8,2015,85000,0,2026,8,6
강서구,마곡동,마곡엠밸리6단지,59.79,15,2014,23767,0,2026,8,6
강서구,마곡동,마곡엠밸리3단지,59.79,3,2014,21574,0,2026,8,6
강서구,마곡동,마곡엠밸리7단지,84.79,5,2014,27101,0,2026,8,6
강서구,마곡동,마곡엠밸리12단지,59.79,6,2016,40057,0,2026,8,6
강서구,마곡동,마곡엠밸리5단지,59.79,14,2014,13374,2,2026,8,6
강서구,마곡동,마곡엠밸리7단지,84.95,4,2014,27101,0,2026,8,6
강서구,마곡동,마곡엠밸리4단지,59.79,10,2014,22636,0,2026,8,6
강서구,마곡동,마곡엠밸리3단지,59.79,9,2014,7242,44,2026,8,6
강서구,마곡동,마곡엠밸리6단지,49.77,10,2014,14127,15,2026,8,6
강서구,마곡동,마곡엠밸리6단지,59.79,13,2014,22636,0,2026,8,6
강서구,마곡동,마곡엠밸리2단지,59.52,3,2014,14124,2,2026,8,6
강서구,마곡동,마곡엠밸리6단지,84.88,10,2014,27101,0,2026,8,6
강서구,마곡동,마곡엠밸리6단지,84.88,3,2014,27101,0,2026,8,6
강서구,마곡동,마곡엠밸리5단지,59.83,7,2014,14997,8,2026,8,6
강서구,마곡동,마곡엠밸리2단지,59.79,8,2014,21574,0,2026,8,6
강서구,마곡동,마곡엠밸리7단지,84.79,7,2014,27101,0,2026,8,6
강서구,마곡동,마곡엠밸리6단지,59.96,6,2014,13112,2,2026,8,6
구로구,오류동,오류동푸르지오,61.257,9,2004,10000,83,2026,8,25
구로구,구로동,구로두산위브,36.88,9,2006,4000,67,2026,8,18
구로구,개봉동,센트레빌레우스1단지,74.9361,28,2020,20660,60,2026,8,24
구로구,구로동,신도림롯데아파트,84.93,11,1999,65000,0,2026,8,18
구로구,신도림동,미성,52.45,6,1987,29400,0,2026,8,8
구로구,개봉동,센트레빌레우스1단지,84.9716,26,2020,27891,48,2026,8,7
구로구,신도림동,동아1,59.978,10,1999,66000,0,2026,8,10
구로구,구로동,대림우성2,43.79,6,1987,25000,0,2026,8,4
구로구,고척동,서울가든,54.61,4,1989,24000,0,2026,8,29
구로구,고척동,고척아이파크(아파트),64.92,25,2022,13400,83,2026,8,31
구로구,고척동,한일유앤아이,84.98,3,2005,20500,50,2026,8,9
구로구,오류동,계림웨스트벨리,49.81,4,2021,11028,11,2026,8,31
구로구,구로동,(717-14)경원주택3동,49.83,2,1999,18000,0,2026,8,29
구로구,구로동,삼성래미안,78.665,7,2004,70000,20,2026,8,27
구로구,천왕동,천왕이펜하우스4단지,49.58,6,2011,5403,38,2026,8,31
구로구,고척동,고척아이파크(주상복합),64.95,32,2022,17700,67,2026,8,31
구로구,고척동,고척아이파크(아파트),79.97,31,2022,24800,63,2026,8,31
구로구,오류동,포스시티,14.29,19,2014,3000,36,2026,8,5
구로구,고척동,고척아이파크(아파트),64.98,14,2022,23400,52,2026,8,31
구로구,고척동,고척파크푸르지오,114.99,2,2009,80000,0,2026,8,2
구로구,고척동,고척아이파크(주상복합),64.93,30,2022,22700,50,2026,8,31
구로구,고척동,고척아이파크(아파트),64.98,9,2022,18400,66,2026,8,31
구로구,고척동,고척아이파크(주상복합),64.89,11,2022,17700,65,2026,8,31
구로구,구로동,해담채3,13.39,14,2014,1000,60,2026,8,3
구로구,구로동,구로현대,56.49,13,1992,12000,100,2026,8,27
구로구,고척동,신원프라자,65.37,7,1997,25000,0,2026,8,15
구로구,신도림동,대림2,101.48,25,2001,79000,0,2026,8,29
구로구,신도림동,신도림크라운빌,20.41,8,2015,2000,70,2026,8,25
구로구,고척동,벽산,84.878,6,2003,58000,0,2026,8,4
구로구,개봉동,거성,79.17,2,1988,24000,0,2026,8,29
구로구,구로동,골드마인(나동),81.36,2,2004,35000,0,2026,8,21
구로구,신도림동,SKVIEW,84.98,22,2006,69000,0,2026,8,19
구로구,구로동,현대연예인,84.91,4,1989,39900,0,2026,8,31
구로구,개봉동,센트레빌레우스1단지,74.9361,11,2020,20660,45,2026,8,31
구로구,신도림동,동아3,138.412,2,2000,101000,0,2026,8,30
구로구,온수동,온수힐스테이트,102.6,9,2010,52000,0,2026,8,29
구로구,신도림동,현대홈타운아파트,59.73,10,1999,25000,100,2026,8,28
구로구,고척동,고척아이파크(주상복합),64.89,32,2022,22700,53,2026,8,31
구로구,고척동,고척아이파크(아파트),79.97,18,2022,24800,60,2026,8,31
구로구,구로동,우성(23),84.95,1,1985,8000,160,2026,8,29
구로구,구로동,현대로얄,52.46,8,1987,6500,63,2026,8,29
구로구,신도림동,우성3,84.75,15,1993,30000,120,2026,8,25
구로구,구로동,예원아파트,94.63,8,2004,30000,80,2026,8,28
구로구,고척동,벽산베스트블루밍,84.742,8,2010,0,200,2026,8,8
구로구,고척동,센츄리,84.56,5,1994,43000,0,2026,8,29
구로구,항동,항동하버라인8단지,39.91,8,2018,1458,31,2026,8,28
구로구,구로동,신도림태영타운,59.88,27,2000,65000,0,2026,8,29
구로구,신도림동,대림3,84.51,8,2001,67000,0,2026,8,25
구로구,구로동,구일우성,59.44,21,1998,33000,0,2026,8,29
구로구,고척동,경남2,84.85,9,1999,45000,0,2026,8,26
구로구,고척동,고척아이파크(주상복합),79.92,30,2022,21500,51,2026,8,28
구로구,고척동,고척아이파크(주상복합),64.95,13,2022,22700,49,2026,8,12
구로구,개봉동,두산,84.96,24,1997,50000,0,2026,8,8
구로구,구로동,대신빌라,54.18,3,1996,2000,50,2026,8,27
구로구,고척동,고척아이파크(주상복합),64.78,33,2022,22700,51,2026,8,25
구로구,고척동,고척아이파크(주상복합),64.89,41,2022,20300,49,2026,8,28
구로구,구로동,극동,58.19,9,1984,30000,0,2026,8,28
구로구,개봉동,현대,59.94,11,2001,42793,0,2026,8,26
구로구,구로동,다솜금호,84.95,7,1995,50000,0,2026,8,28
구로구,항동,하버라인3단지,59.86,13,2019,40000,20,2026,8,28
구로구,신도림동,동아2,59.595,4,2000,56700,0,2026,8,13
구로구,개봉동,개봉푸르지오,59.9,4,2014,27482,0,2026,8,28
구로구,구로동,구로두산,63.33,6,1998,40000,0,2026,8,22
구로구,궁동,궁동에스하임,56.78,6,2021,17131,14,2026,8,28
구로구,고척동,고척아이파크(아파트),79.97,30,2022,14800,91,2026,8,28
구로구,구로동,태양,59.88,3,1981,19000,0,2026,8,27
구로구,고척동,고척아이파크(주상복합),64.95,15,2022,12700,79,2026,8,28
구로구,오류동,오류동역솔리스타,19.27,9,2016,100,65,2026,8,13
구로구,개봉동,센트레빌레우스1단지,74.9361,10,2020,20660,48,2026,8,10
구로구,고척동,고척아이파크(아파트),79.97,4,2022,14800,87,2026,8,28
구로구,고척동,고척아이파크(아파트),64.96,4,2022,23400,51,2026,8,28
구로구,고척동,고척아이파크(아파트),64.98,8,2022,20900,46,2026,8,28
구로구,고척동,고척아이파크(주상복합),79.92,19,2022,24000,57,2026,8,28
구로구,고척동,"우성,현대아파트",58.5,10,1987,34000,0,2026,8,28
구로구,고척동,고척아이파크(주상복합),79.92,41,2022,16500,69,2026,8,27
구로구,고척동,고척아이파크(주상복합),79.93,33,2022,14000,88,2026,8,28
구로구,개봉동,에드가개봉,16.4845,4,2025,2600,44,2026,8,24
구로구,개봉동,에드가개봉,16.4845,12,2025,3900,38,2026,8,23
구로구,개봉동,에드가개봉,16.4845,14,2025,3900,38,2026,8,22
구로구,구로동,현대연예인,74.66,6,1989,35000,20,2026,8,27
구로구,개봉동,에드가개봉,16.4845,11,2025,3900,38,2026,8,21
구로구,오류동,오류동푸르지오,84.936,9,2004,10000,200,2026,8,14
구로구,구로동,코원,12.49,7,2014,500,48,2026,8,26
구로구,신도림동,대림2,84.95,6,2001,67200,30,2026,8,20
구로구,고척동,고척아이파크(주상복합),64.89,11,2022,22700,51,2026,8,27
구로구,신도림동,우성2,84.82,14,1996,42000,10,2026,8,27
구로구,개봉동,한양아이클래스구로,47.74,7,2018,25500,0,2026,8,27
구로구,고척동,고척아이파크(주상복합),64.93,16,2022,22700,51,2026,8,27
구로구,고척동,고척파크푸르지오,59.89,3,2009,47000,0,2026,8,27
구로구,구로동,현대연예인,54.86,14,1989,3000,126,2026,8,22
구로구,고척동,고척아이파크(주상복합),64.89,8,2022,20300,44,2026,8,27
구로구,구로동,(794-32),48.86,3,1967,16000,0,2026,8,27
구로구,개봉동,센트레빌레우스1단지,74.9361,7,2020,20660,45,2026,8,27
구로구,고척동,고척아이파크(아파트),79.97,11,2022,14800,88,2026,8,27
구로구,천왕동,천왕이펜하우스1단지,59.95,4,2011,16496,0,2026,8,27
구로구,신도림동,동아1,84.908,15,1999,74500,0,2026,8,27
구로구,고척동,고척아이파크(주상복합),64.89,6,2022,17700,64,2026,8,27
구로구,고척동,고척아이파크(주상복합),79.93,25,2022,19000,72,2026,8,27
구로구,고척동,고척아이파크(주상복합),64.95,34,2022,22700,53,2026,8,27
구로구,고척동,삼환로즈빌,84.994,2,2004,56700,0,2026,8,27
구로구,고척동,고척아이파크(주상복합),79.89,34,2022,24000,59,2026,8,27
구로구,신도림동,신도림크라운빌,20.41,2,2015,2000,75,2026,8,25
구로구,고척동,고척아이파크(주상복합),64.95,8,2022,12700,78,2026,8,27
구로구,개봉동,세이지움개봉,39.415,13,2025,19100,44,2026,8,26
구로구,개봉동,센트레빌레우스1단지,74.9145,19,2020,25825,42,2026,8,24
구로구,개봉동,센트레빌레우스1단지,84.9716,1,2020,17561,64,2026,8,27
구로구,개봉동,영화,84.96,13,1998,44366,0,2026,8,15
구로구,가리봉동,남구로역동일센타시아,42.38,1,2024,28000,0,2026,8,24
구로구,고척동,고척아이파크(주상복합),64.89,24,2022,22700,52,2026,8,27
구로구,고척동,고척아이파크(주상복합),64.95,10,2022,22700,49,2026,8,27
구로구,개봉동,진로,59.82,7,2000,25000,20,2026,8,11
구로구,고척동,고척아이파크(주상복합),64.78,33,2022,17700,65,2026,8,11
구로구,개봉동,에드가개봉,16.4845,9,2025,3900,38,2026,8,23
구로구,개봉동,에드가개봉,16.4845,13,2025,4300,44,2026,8,24
구로구,항동,한양수자인에듀힐즈,84.9544,12,2019,52500,0,2026,8,26
구로구,고척동,고척아이파크(아파트),64.96,33,2022,23400,56,2026,8,26
구로구,고척동,고척아이파크(주상복합),64.89,19,2022,12700,79,2026,8,26
구로구,고척동,고척아이파크(아파트),64.92,25,2022,20900,48,2026,8,26
구로구,구로동,신도림현대,80.01,10,1994,52000,0,2026,8,24
구로구,항동,항동제일풍경채포레스트,84.9813,7,2020,41800,0,2026,8,13
구로구,개봉동,센트레빌레우스1단지,74.9361,20,2020,25475,40,2026,8,26
구로구,고척동,고척아이파크(주상복합),79.89,12,2022,19000,71,2026,8,26
구로구,고척동,고척아이파크(주상복합),64.89,12,2022,10300,74,2026,8,26
구로구,고척동,고척아이파크(주상복합),79.89,24,2022,24000,58,2026,8,26
구로구,고척동,고척아이파크(주상복합),64.93,43,2022,20300,49,2026,8,26
구로구,개봉동,한마을,59.57,6,1999,31500,60,2026,8,24
구로구,천왕동,천왕연지타운2단지,84.9,10,2014,53000,0,2026,8,26
구로구,고척동,고척아이파크(주상복합),79.92,6,2022,21500,49,2026,8,26
구로구,개봉동,에드가개봉,16.4845,9,2025,3900,38,2026,8,21
구로구,고척동,고척아이파크(아파트),79.97,30,2022,22000,56,2026,8,26
구로구,고척동,대우,59.96,17,1999,35000,0,2026,8,26
구로구,구로동,구로두산위브,50.14,4,2006,39000,0,2026,8,15
구로구,오류동,오류동행복주택,36.85,2,2018,16019,25,2026,8,26
구로구,구로동,신도림태영타운,101.74,13,2000,64000,15,2026,8,10
구로구,구로동,이화우성,84.98,9,1998,50000,0,2026,8,26
구로구,오류동,금강(343),60.054,5,2003,38000,0,2026,8,24
구로구,개봉동,진로,59.82,7,2000,25000,20,2026,8,11
구로구,신도림동,신도림크라운빌,40.46,2,2015,2000,111,2026,8,11
구로구,신도림동,대림e-편한세상4,84.78,19,2003,88000,0,2026,8,18
구로구,고척동,라이프플러스,30.285,11,2012,15000,0,2026,8,25
구로구,구로동,(749-48),22.96,1,1996,500,45,2026,8,20
구로구,고척동,고척아이파크(주상복합),79.92,16,2022,14000,86,2026,8,25
구로구,신도림동,신도림 아르디에,18.95,3,2018,16000,10,2026,8,25
구로구,고척동,고척아이파크(주상복합),79.89,13,2022,24000,57,2026,8,26
구로구,고척동,고척아이파크(주상복합),64.95,12,2022,22700,51,2026,8,25
구로구,개봉동,개봉동현대아이파크,84.98,2,2006,65000,0,2026,8,24
구로구,고척동,고척아이파크(아파트),64.98,19,2022,23400,53,2026,8,25
구로구,고척동,고척아이파크(아파트),64.96,27,2022,13400,84,2026,8,26
구로구,고척동,고척아이파크(주상복합),79.93,21,2022,24000,58,2026,8,26
구로구,고척동,고척아이파크(주상복합),64.89,9,2022,10300,73,2026,8,25
구로구,개봉동,에드가개봉,16.4845,7,2025,4300,44,2026,8,23
구로구,고척동,고척아이파크(아파트),79.97,19,2022,24800,60,2026,8,25
구로구,고척동,한성,70.2,4,1986,23000,0,2026,8,24
구로구,신도림동,동아3,60,24,2000,56700,0,2026,8,13
구로구,천왕동,천왕이펜하우스4단지,49.58,2,2011,5280,27,2026,8,10
구로구,개봉동,청실,64.56,15,1987,34500,0,2026,8,21
구로구,개봉동,개봉푸르지오,59.86,15,2014,27817,0,2026,8,25
구로구,고척동,고척아이파크(아파트),64.98,17,2022,23400,53,2026,8,25
구로구,개봉동,에드가개봉,16.4845,2,2025,3900,38,2026,8,24
구로구,개봉동,한마을,84.57,25,1999,60000,0,2026,8,14
구로구,개봉동,한마을,59.57,23,1999,48000,0,2026,8,25
구로구,고척동,고척아이파크(주상복합),64.89,34,2022,10300,76,2026,8,25
구로구,오류동,계림웨스트벨리,37.2,3,2021,4257,10,2026,8,25
구로구,구로동,주공2,41.3,4,1987,3000,85,2026,8,24
구로구,고척동,고척아이파크(아파트),64.96,16,2022,23400,53,2026,8,25
구로구,개봉동,에드가개봉,16.4845,2,2025,4300,44,2026,8,21
구로구,개봉동,에드가개봉,18.1405,18,2025,4200,42,2026,8,24
구로구,구로동,우성에비뉴,84.9916,10,2008,52000,0,2026,8,25
구로구,고척동,고척아이파크(주상복합),64.89,30,2022,12700,80,2026,8,25
구로구,신도림동,현대홈타운아파트,59.73,5,1999,50400,0,2026,8,22
구로구,고척동,고척아이파크(주상복합),64.95,10,2022,12700,78,2026,8,25
구로구,고척동,벽산베스트블루밍,114.611,16,2010,75000,0,2026,8,21
구로구,구로동,신도림롯데아파트,84.93,11,1999,65000,0,2026,8,18
구로구,구로동,신도림태영타운,101.74,9,2000,70000,0,2026,8,10
구로구,신도림동,동아3,84.99,24,2000,70000,0,2026,8,8
구로구,개봉동,한마을,59.57,24,1999,44000,30,2026,8,22
구로구,고척동,고척아이파크(주상복합),79.92,15,2022,14000,86,2026,8,25
구로구,오류동,계림웨스트벨리,49.86,5,2021,11388,9,2026,8,25
구로구,고척동,고척아이파크(주상복합),64.95,6,2022,20300,44,2026,8,25
구로구,오류동,계림웨스트벨리,46.33,1,2021,10079,10,2026,8,25
구로구,개봉동,에드가개봉,16.4845,7,2025,2600,44,2026,8,23
구로구,고척동,고척아이파크(주상복합),64.95,35,2022,12700,81,2026,8,25
구로구,고척동,고척아이파크(주상복합),64.93,27,2022,12700,80,2026,8,25
구로구,항동,한양수자인에듀힐즈,76.88,13,2019,56500,0,2026,8,24
구로구,개봉동,에드가개봉,16.4845,6,2025,3900,38,2026,8,20
구로구,구로동,구로두산,44.64,22,1998,21000,40,2026,8,5
구로구,개봉동,에드가개봉,16.4845,3,2025,3900,38,2026,8,22
구로구,개봉동,에드가개봉,18.1405,6,2025,4200,42,2026,8,20
구로구,오류동,계림웨스트벨리,49.88,4,2021,11388,9,2026,8,25
구로구,고척동,고척아이파크(주상복합),64.95,12,2022,20300,45,2026,8,25
구로구,신도림동,대림1,101.48,1,1999,79000,0,2026,8,24
구로구,오류동,오류동행복주택,44.83,7,2018,15909,17,2026,8,6
구로구,고척동,고척아이파크(주상복합),64.78,33,2022,22700,51,2026,8,25
구로구,고척동,고척아이파크(주상복합),64.93,21,2022,22700,52,2026,8,25
구로구,구로동,신성미소지움,59.94,10,2003,3000,160,2026,8,12
구로구,구로동,구로두산위브,36.88,4,2006,33000,0,2026,8,20
구로구,고척동,센츄리,84.56,1,1994,44000,0,2026,8,24
구로구,고척동,고척아이파크(아파트),64.96,15,2022,23400,52,2026,8,24
구로구,개봉동,에드가개봉,18.1405,7,2025,4800,48,2026,8,23
구로구,구로동,신도림태영타운,59.88,19,2000,8000,180,2026,8,23
구로구,개봉동,에드가개봉,16.4845,4,2025,3900,38,2026,8,23
구로구,고척동,고척아이파크(아파트),64.98,1,2022,20900,45,2026,8,24
구로구,개봉동,에드가개봉,18.1405,9,2025,4800,48,2026,8,22
구로구,오류동,계림웨스트벨리,49.97,3,2021,2740,28,2026,8,24
구로구,고척동,고척아이파크(아파트),79.97,19,2022,17000,68,2026,8,24
구로구,개봉동,에드가개봉,16.4845,10,2025,3900,38,2026,8,20
구로구,고척동,고척아이파크(주상복합),79.93,7,2022,19000,70,2026,8,24
구로구,항동,항동중흥에스클래스베르데카운티,84.9416,12,2019,60000,0,2026,8,22
구로구,구로동,삼성래미안,78.665,5,2004,63000,0,2026,8,18
구로구,항동,하버라인3단지,59.86,11,2019,49000,0,2026,8,22
구로구,구로동,구로두산,44.64,6,1998,36000,0,2026,8,23
구로구,고척동,고척아이파크(주상복합),64.89,43,2022,20300,49,2026,8,24
구로구,오류동,삼천리,59.73,24,1998,42000,0,2026,8,24
구로구,고척동,고척아이파크(아파트),79.97,1,2022,24800,58,2026,8,24
구로구,구로동,대영,50.61,5,1998,5000,58,2026,8,19
구로구,개봉동,에드가개봉,16.4845,3,2025,3200,41,2026,8,20
구로구,개봉동,세이지움개봉,18.5506,7,2025,5000,46,2026,8,24
구로구,고척동,고척아이파크(주상복합),64.89,20,2022,22700,49,2026,8,24
구로구,개봉동,에드가개봉,16.4845,2,2025,4300,44,2026,8,20
구로구,개봉동,에드가개봉,16.4845,8,2025,2900,50,2026,8,22
구로구,항동,항동하버라인8단지,49.86,8,2018,4000,38,2026,8,20
구로구,오류동,계림웨스트벨리,49.97,5,2021,6640,7,2026,8,23
구로구,구로동,대영,50.61,3,1998,10000,31,2026,8,19
구로구,구로동,주공2,49.94,11,1987,26100,0,2026,8,22
구로구,구로동,럭키,84.9,3,1992,50000,0,2026,8,23
구로구,고척동,고척아이파크(아파트),79.97,14,2022,22000,52,2026,8,24
구로구,구로동,다솜금호,59.95,22,1995,43000,0,2026,8,24
구로구,개봉동,에드가개봉,16.4845,5,2025,3600,47,2026,8,24
구로구,고척동,고척아이파크(주상복합),64.93,21,2022,17700,66,2026,8,24
구로구,고척동,고척아이파크(주상복합),64.89,22,2022,22700,52,2026,8,24
구로구,신도림동,대림e-편한세상7,116.308,12,2004,38000,130,2026,8,19
구로구,개봉동,에드가개봉,36.4577,19,2025,8200,82,2026,8,21
구로구,구로동,신도림태영타운,171.22,5,2000,79000,0,2026,8,21
구로구,구로동,(740-58),58.32,5,2000,4000,60,2026,8,17
구로구,고척동,고척아이파크(아파트),64.92,8,2022,23400,52,2026,8,24
구로구,고척동,고척아이파크(주상복합),64.89,16,2022,12700,79,2026,8,21
구로구,구로동,주공1,83.805,2,1986,36500,0,2026,8,24
구로구,고척동,고척아이파크(주상복합),64.93,42,2022,20300,49,2026,8,24
구로구,항동,하버라인3단지,59.86,18,2019,10000,150,2026,8,21
구로구,오류동,계림웨스트벨리,49.98,3,2021,10989,11,2026,8,22
구로구,개봉동,에드가개봉,16.4845,14,2025,3900,38,2026,8,20
구로구,구로동,구로두산,44.64,24,1998,7000,106,2026,8,22
구로구,구로동,우성(23),51.44,6,1985,38000,0,2026,8,20
구로구,구로동,신성미소지움,84.23,8,2003,49000,0,2026,8,22
구로구,개봉동,현대,59.94,9,2001,55000,0,2026,8,23
구로구,신도림동,대림e-편한세상7,116.308,12,2004,88000,50,2026,8,22
구로구,고척동,고척아이파크(주상복합),64.95,17,2022,17700,65,2026,8,24
구로구,구로동,현대상선,79.98,7,1987,41000,0,2026,8,22
구로구,고척동,고척아이파크(아파트),79.97,21,2022,24800,61,2026,8,24
구로구,고척동,고척아이파크(주상복합),64.78,14,2022,22700,51,2026,8,21
구로구,오류동,오류동행복주택,36.85,4,2018,10648,13,2026,8,24
구로구,구로동,주공1,84.87,12,1986,40000,0,2026,8,22
구로구,구로동,구로두산,44.64,6,1998,36000,0,2026,8,23
구로구,구로동,삼호빌라,47.1,3,1996,16000,0,2026,8,14
구로구,신도림동,디큐브시티,128.41,41,2011,135000,0,2026,8,4
구로구,고척동,고척아이파크(주상복합),64.93,6,2022,12700,78,2026,8,24
구로구,구로동,현대연예인,84.91,7,1989,43000,0,2026,8,22
구로구,구로동,다울숲,84.32,5,2010,45000,0,2026,8,24
구로구,오류동,계림웨스트벨리,49.97,3,2021,2740,28,2026,8,23
구로구,고척동,고척아이파크(아파트),64.96,18,2022,23400,53,2026,8,3
구로구,개봉동,에드가개봉,16.4845,19,2025,2900,50,2026,8,21
구로구,개봉동,에드가개봉,16.4845,10,2025,3900,38,2026,8,21
구로구,신도림동,신도림아이파크,57.2934,4,2015,34600,39,2026,8,7
구로구,구로동,현대상선,64.55,7,1987,35000,0,2026,8,19
구로구,개봉동,한진,59.95,5,2000,40000,0,2026,8,4
구로구,천왕동,천왕연지타운2단지,84.97,16,2014,43368,0,2026,8,21
구로구,구로동,이화우성,59.82,11,1998,38000,0,2026,8,20
구로구,고척동,고척아이파크(주상복합),79.92,27,2022,21500,51,2026,8,21
구로구,고척동,고척아이파크(아파트),64.98,21,2022,13400,83,2026,8,21
구로구,구로동,한신휴플러스(1280-0),50.03,5,2007,40000,0,2026,8,17
구로구,고척동,고척아이파크(주상복합),79.93,32,2022,21500,52,2026,8,21
구로구,고척동,고척아이파크(주상복합),64.95,11,2022,20300,45,2026,8,21
구로구,신도림동,미성,52.45,11,1987,30000,0,2026,8,6
구로구,고척동,고척아이파크(주상복합),79.89,36,2022,24000,60,2026,8,21
구로구,고척동,고척아이파크(아파트),79.97,24,2022,24800,61,2026,8,21
구로구,고척동,고척아이파크(주상복합),64.89,40,2022,17700,68,2026,8,21
구로구,고척동,고척아이파크(주상복합),79.93,13,2022,14000,86,2026,8,21
구로구,구로동,주공1,84.165,13,1986,38800,0,2026,8,10
구로구,고척동,고척아이파크(주상복합),64.89,34,2022,22700,53,2026,8,21
구로구,고척동,한일유앤아이,59.647,12,2005,5000,130,2026,8,21
구로구,개봉동,센트레빌레우스1단지,74.9361,8,2020,25825,43,2026,8,13
구로구,개봉동,현대홈타운,84.915,5,2001,10000,180,2026,8,21
구로구,구로동,순영웰라이빌1차,59.5,16,2003,13000,100,2026,8,21
구로구,고척동,고척아이파크(주상복합),64.93,6,2022,22700,49,2026,8,21
구로구,구로동,구로두산,44.64,4,1998,31000,0,2026,8,20
구로구,고척동,고척아이파크(주상복합),64.93,25,2022,22700,52,2026,8,21
구로구,고척동,고척아이파크(주상복합),64.95,15,2022,22700,51,2026,8,21
구로구,구로동,로제리움2차,14.91,19,2014,5000,33,2026,8,20
구로구,신도림동,동아3,60,11,2000,60000,0,2026,8,8
구로구,고척동,고척아이파크(아파트),79.97,26,2022,24800,62,2026,8,21
구로구,구로동,현대연예인,54.86,10,1989,30450,0,2026,8,20
구로구,고척동,고척아이파크(주상복합),64.93,8,2022,17700,64,2026,8,21
구로구,구로동,신도림롯데아파트,84.93,10,1999,20000,190,2026,8,7
구로구,오류동,한백고은,84.62,7,2005,29000,0,2026,8,7
구로구,고척동,고척아이파크(주상복합),64.89,45,2022,12700,84,2026,8,21
구로구,고척동,고척아이파크(주상복합),64.78,30,2022,22700,52,2026,8,21
구로구,항동,항동제일풍경채포레스트,84.9813,14,2020,42000,0,2026,8,21
구로구,고척동,고척아이파크(아파트),64.98,5,2022,20900,45,2026,8,21
구로구,오류동,계림웨스트벨리,49.98,1,2021,10136,15,2026,8,21
구로구,오류동,계림웨스트벨리,49.97,5,2021,10174,16,2026,8,20
구로구,오류동,계림웨스트벨리,49.97,3,2021,10087,16,2026,8,21
구로구,오류동,계림웨스트벨리,49.97,3,2021,2702,28,2026,8,21
구로구,오류동,금강(343),84.983,3,2003,40000,0,2026,8,14
구로구,구로동,한신휴플러스(1280-0),50.17,10,2007,3000,150,2026,8,7
구로구,구로동,다울숲,84.32,9,2010,53000,0,2026,8,12
구로구,오류동,계림웨스트벨리,49.97,2,2021,5180,14,2026,8,21
구로구,오류동,계림웨스트벨리,49.97,5,2021,2759,28,2026,8,20
구로구,개봉동,개봉푸르지오,59.86,14,2014,33774,0,2026,8,19
구로구,오류동,계림웨스트벨리,46.33,2,2021,2513,26,2026,8,20
구로구,오류동,계림웨스트벨리,46.86,5,2021,6321,6,2026,8,20
구로구,천왕동,천왕이펜하우스1단지,59.95,2,2011,2397,47,2026,8,19
구로구,오류동,계림웨스트벨리,49.97,1,2021,4610,16,2026,8,20
구로구,개봉동,개봉푸르지오,59.86,25,2014,33774,0,2026,8,20
구로구,오류동,계림웨스트벨리,49.97,5,2021,6640,7,2026,8,20
구로구,오류동,계림웨스트벨리,49.94,4,2021,10004,17,2026,8,20
구로구,오류동,이좋은집,36.69,6,2005,1000,75,2026,8,5
구로구,천왕동,천왕연지타운2단지,84.97,17,2014,43368,0,2026,8,20
구로구,오류동,계림웨스트벨리,49.97,2,2021,7803,28,2026,8,20
구로구,오류동,계림웨스트벨리,49.97,2,2021,10838,11,2026,8,20
구로구,오류동,계림웨스트벨리,46.86,4,2021,10129,13,2026,8,20
구로구,오류동,계림웨스트벨리,49.97,5,2021,6640,7,2026,8,20
구로구,오류동,계림웨스트벨리,49.98,3,2021,11310,9,2026,8,20
구로구,오류동,계림웨스트벨리,46.33,3,2021,10271,10,2026,8,21
구로구,오류동,계림웨스트벨리,49.97,2,2021,10838,11,2026,8,20
구로구,오류동,계림웨스트벨리,49.86,3,2021,11310,9,2026,8,20
구로구,오류동,계림웨스트벨리,49.97,5,2021,6640,7,2026,8,20
구로구,오류동,계림웨스트벨리,49.97,2,2021,1157,31,2026,8,20
구로구,항동,항동하버라인8단지,39.91,12,2018,1515,32,2026,8,19
구로구,개봉동,현대홈타운,84.915,17,2001,51450,0,2026,8,19
구로구,항동,항동하버라인8단지,49.86,8,2018,5626,34,2026,8,20
구로구,오류동,계림웨스트벨리,49.81,2,2021,4407,18,2026,8,20
구로구,구로동,한신,44.78,14,1988,27300,0,2026,8,10
구로구,오류동,계림웨스트벨리,49.97,4,2021,6640,7,2026,8,20
구로구,고척동,고척아이파크(주상복합),64.78,36,2022,22700,54,2026,8,18
구로구,구로동,한신,45.563,7,1988,30000,0,2026,8,18
구로구,고척동,고척아이파크(주상복합),64.89,38,2022,22700,54,2026,8,20
구로구,개봉동,세이지움개봉,18.8878,20,2025,10000,26,2026,8,19
구로구,오류동,계림웨스트벨리,49.97,1,2021,2702,28,2026,8,20
구로구,오류동,시티월드,84.89,14,1993,35280,0,2026,8,13
구로구,개봉동,동인,67.36,5,1989,30500,0,2026,8,19
구로구,신도림동,동아2,84.908,17,2000,78000,0,2026,8,20
구로구,개봉동,센트레빌레우스1단지,84.9716,18,2020,27891,48,2026,8,20
구로구,오류동,계림웨스트벨리,49.97,3,2021,11310,9,2026,8,20
구로구,천왕동,천왕연지타운2단지,101.99,12,2014,50000,0,2026,8,20
구로구,고척동,고척아이파크(아파트),79.97,32,2022,22000,57,2026,8,20
구로구,신도림동,미성,37.91,12,1987,13000,50,2026,8,15
구로구,구로동,비즈트위트그린,15.11,15,2012,500,60,2026,8,8
구로구,구로동,해담채3,13.39,13,2014,500,60,2026,8,6
구로구,천왕동,천왕이펜하우스4단지,49.58,13,2011,9723,2,2026,8,20
구로구,고척동,고척아이파크(아파트),64.92,5,2022,20900,45,2026,8,20
구로구,구로동,(716-25)우진빌라1차A,48.4,5,2000,1000,50,2026,8,19
구로구,고척동,고척아이파크(주상복합),64.78,36,2022,22700,54,2026,8,18
구로구,구로동,신도림태영타운,84.87,21,2000,70000,0,2026,8,15
구로구,신도림동,대림1,59.82,19,1999,54000,0,2026,8,10
구로구,고척동,고척아이파크(아파트),64.98,3,2022,15900,60,2026,8,20
구로구,고척동,고척아이파크(아파트),79.97,30,2022,24800,62,2026,8,20
구로구,개봉동,청실,76.08,3,1987,45000,0,2026,8,19
구로구,고척동,고척아이파크(주상복합),64.93,15,2022,22700,51,2026,8,20
구로구,고척동,고척아이파크(주상복합),79.92,23,2022,21500,51,2026,8,20
구로구,고척동,고척아이파크(아파트),79.97,4,2022,12000,80,2026,8,20
구로구,고척동,고척아이파크(아파트),79.97,26,2022,24800,62,2026,8,19
구로구,구로동,주공1,84.165,13,1986,38800,0,2026,8,10
구로구,오류동,골든팰리스,89.19,3,2008,15000,125,2026,8,10
구로구,구로동,(717-24)함양주택,39.55,1,2000,12000,15,2026,8,5
구로구,구로동,코원,12.49,5,2014,500,50,2026,8,16
구로구,구로동,신도림태영타운,59.88,17,2000,62000,0,2026,8,19
구로구,천왕동,천왕이펜하우스3단지,49.85,14,2011,9549,31,2026,8,19
구로구,고척동,고척아이파크(주상복합),64.95,22,2022,22700,52,2026,8,19
구로구,고척동,고척아이파크(주상복합),64.93,6,2022,17700,62,2026,8,19
구로구,고척동,고척아이파크(주상복합),64.89,17,2022,12700,79,2026,8,19
구로구,오류동,오류동행복주택,16.84,7,2018,4195,14,2026,8,19
구로구,고척동,고척아이파크(주상복합),79.92,30,2022,14000,87,2026,8,19
구로구,항동,하버라인3단지,59.86,10,2019,2345,44,2026,8,19
구로구,고척동,고척아이파크(주상복합),79.92,24,2022,21500,51,2026,8,19
구로구,신도림동,동아1,59.978,3,1999,63000,0,2026,8,18
구로구,개봉동,개봉푸르지오,59.86,10,2014,33774,0,2026,8,19
구로구,고척동,고척아이파크(주상복합),64.93,17,2022,22700,51,2026,8,19
구로구,구로동,케이디타워,16.67,11,2023,1000,95,2026,8,12
구로구,항동,하버라인3단지,59.86,12,2019,2345,44,2026,8,19
구로구,고척동,고척아이파크(아파트),64.98,9,2022,20900,46,2026,8,19
구로구,오류동,동부골든,59.94,16,1998,26400,0,2026,8,15
구로구,고척동,고척아이파크(주상복합),79.92,24,2022,21500,49,2026,8,19
구로구,오류동,오류동금호어울림,84.93,9,2006,44100,0,2026,8,13
구로구,고척동,고척아이파크(아파트),79.97,23,2022,22000,55,2026,8,19
구로구,고척동,고척아이파크(주상복합),79.92,24,2022,21500,49,2026,8,19
구로구,항동,하버라인3단지,49.86,6,2019,8307,12,2026,8,19
구로구,구로동,구로오네뜨시티,16.71,15,2022,1000,65,2026,8,18
구로구,고척동,고척아이파크(아파트),64.96,26,2022,23400,55,2026,8,19
구로구,항동,항동하버라인8단지,39.91,12,2018,3789,27,2026,8,19
구로구,고척동,삼익(1단지),59.82,4,2001,5000,110,2026,8,19
구로구,고척동,고척아이파크(아파트),64.92,21,2022,13400,83,2026,8,19
구로구,항동,하버라인3단지,39.91,13,2019,5939,10,2026,8,19
구로구,천왕동,천왕이펜하우스5단지,59.96,7,2011,18111,0,2026,8,19
구로구,고척동,고척아이파크(아파트),79.97,25,2022,24800,61,2026,8,19
구로구,고척동,고척아이파크(주상복합),64.89,11,2022,22700,51,2026,8,19
구로구,구로동,구로두산,44.64,9,1998,24248,0,2026,8,18
구로구,개봉동,개봉푸르지오,84.83,24,2014,53000,0,2026,8,18
구로구,고척동,대우,59.96,14,1999,36000,0,2026,8,19
구로구,고척동,고척아이파크(아파트),64.96,25,2022,13400,83,2026,8,19
구로구,고척동,고척아이파크(아파트),64.96,22,2022,20900,48,2026,8,19
구로구,천왕동,천왕이펜하우스1단지,59.95,2,2011,5993,39,2026,8,19
구로구,고척동,고척아이파크(주상복합),64.95,7,2022,20300,44,2026,8,19
구로구,고척동,고척아이파크(아파트),64.96,26,2022,23400,55,2026,8,19
구로구,오류동,동부골든,105.21,9,1998,25000,100,2026,8,19
구로구,고척동,고척아이파크(주상복합),64.89,34,2022,12700,81,2026,8,19
구로구,궁동,궁동에스하임,57.07,5,2021,17224,14,2026,8,19
구로구,온수동,온수힐스테이트,59.96,3,2010,18531,0,2026,8,18
구로구,고척동,고척아이파크(주상복합),79.93,28,2022,24000,58,2026,8,18
구로구,고척동,고척아이파크(주상복합),79.93,40,2022,24000,60,2026,8,18
구로구,고척동,고척아이파크(주상복합),79.92,15,2022,21500,50,2026,8,18
구로구,고척동,고척아이파크(주상복합),79.89,25,2022,24000,58,2026,8,18
구로구,고척동,고척아이파크(아파트),64.96,8,2022,13400,81,2026,8,18
구로구,개봉동,두산,111.69,15,1997,56000,0,2026,8,18
구로구,고척동,고척아이파크(주상복합),79.92,33,2022,21500,52,2026,8,18
구로구,고척동,고척아이파크(주상복합),64.93,12,2022,22700,51,2026,8,18
구로구,개봉동,한진,59.95,17,2000,5000,140,2026,8,13
구로구,고척동,고척아이파크(아파트),64.98,33,2022,20900,50,2026,8,18
구로구,구로동,대림역포스큐,14.579,16,2015,500,55,2026,8,15
구로구,구로동,구로오네뜨시티,16.71,18,2022,15000,0,2026,8,18
구로구,고척동,고척아이파크(주상복합),64.93,11,2022,12700,79,2026,8,18
구로구,고척동,고척아이파크(주상복합),79.93,44,2022,19000,75,2026,8,18
구로구,구로동,신도림LG자이,84.952,2,2004,10000,240,2026,8,18
구로구,고척동,고척아이파크(주상복합),79.92,42,2022,21500,54,2026,8,18
구로구,고척동,고척아이파크(주상복합),64.93,34,2022,12700,81,2026,8,18
구로구,구로동,구로두산,51.84,3,1998,34650,0,2026,8,15
구로구,고척동,고척아이파크(주상복합),79.93,27,2022,24000,58,2026,8,18
구로구,고척동,고척파크푸르지오,84.94,7,2009,68000,0,2026,8,17
구로구,고척동,고척아이파크(아파트),64.92,20,2022,23400,53,2026,8,18
구로구,고척동,고척파크푸르지오,59.89,3,2009,54500,0,2026,8,15
구로구,구로동,로제리움2차,14.04,17,2014,1000,60,2026,8,5
구로구,고척동,고척아이파크(주상복합),64.89,21,2022,20300,46,2026,8,14
구로구,구로동,구로현대,56.49,8,1992,6000,80,2026,8,18
구로구,구로동,성락,57.33,10,1988,29500,0,2026,8,14
구로구,구로동,주공2,32.39,11,1987,20000,0,2026,8,18
구로구,신도림동,대림e-편한세상5,84.789,17,2003,74500,0,2026,8,13
구로구,고척동,고척아이파크(주상복합),64.78,17,2022,22700,51,2026,8,14
구로구,구로동,구로두산,44.64,5,1998,33000,0,2026,8,8
구로구,고척동,고척아이파크(아파트),64.92,13,2022,18400,66,2026,8,14
구로구,고척동,양우,59.94,14,2000,34650,0,2026,8,14
구로구,구로동,구로현대,56.49,3,1992,5000,110,2026,8,13
구로구,개봉동,개봉푸르지오,71.86,19,2014,44100,0,2026,8,1
구로구,고척동,고척아이파크(아파트),64.98,27,2022,18400,69,2026,8,14
구로구,고척동,"우성,현대아파트",68.7,7,1987,36750,0,2026,8,6
구로구,고척동,고척아이파크(아파트),79.97,33,2022,22000,57,2026,8,14
구로구,고척동,고척아이파크(주상복합),79.89,8,2022,19000,70,2026,8,14
구로구,고척동,고척아이파크(아파트),79.97,19,2022,22000,54,2026,8,14
구로구,천왕동,천왕이펜하우스3단지,114.85,14,2011,25144,0,2026,8,14
구로구,고척동,고척아이파크(주상복합),79.93,9,2022,24000,56,2026,8,14
구로구,고척동,고척아이파크(아파트),64.92,7,2022,18400,66,2026,8,14
구로구,고척동,고척아이파크(주상복합),64.89,14,2022,20300,45,2026,8,14
구로구,고척동,고척아이파크(주상복합),64.78,28,2022,22700,52,2026,8,14
구로구,고척동,고척아이파크(주상복합),64.93,16,2022,12700,79,2026,8,14
구로구,구로동,구로두산위브,57.1,6,2006,49000,0,2026,8,13
구로구,고척동,고척아이파크(주상복합),79.89,20,2022,21500,50,2026,8,14
구로구,고척동,고척아이파크(아파트),64.98,18,2022,23400,53,2026,8,14
구로구,구로동,주공1,84.87,10,1986,5000,160,2026,8,12
구로구,고척동,고척아이파크(주상복합),64.95,22,2022,22700,52,2026,8,14
구로구,천왕동,천왕이펜하우스3단지,84.96,9,2011,36750,0,2026,8,13
구로구,고척동,고척아이파크(주상복합),79.93,31,2022,24000,59,2026,8,14
구로구,구로동,우리유앤미,59.45,17,2004,16000,110,2026,8,13
구로구,고척동,고척아이파크(아파트),64.98,18,2022,23400,53,2026,8,14
구로구,구로동,(749-44),37.47,4,1996,15700,0,2026,8,13
구로구,고척동,고척아이파크(주상복합),79.93,28,2022,11500,80,2026,8,14
구로구,고척동,고척아이파크(아파트),64.96,10,2022,20900,46,2026,8,14
구로구,고척동,고척아이파크(아파트),64.98,32,2022,20900,50,2026,8,14
구로구,오류동,목화수목원102동,57.59,5,2003,3000,70,2026,8,8
구로구,신도림동,신도림아이파크,57.9753,6,2015,33500,42,2026,8,7
구로구,고척동,고척아이파크(주상복합),79.93,20,2022,24000,57,2026,8,14
구로구,구로동,삼성래미안,78.665,17,2004,25000,100,2026,8,14
구로구,오류동,삼천리,84.75,17,1998,47000,0,2026,8,1
구로구,고척동,고척아이파크(주상복합),79.93,32,2022,24000,59,2026,8,14
구로구,고척동,고척아이파크(주상복합),79.92,38,2022,21500,53,2026,8,13
구로구,고척동,고척아이파크(주상복합),79.92,36,2022,24000,60,2026,8,14
구로구,개봉동,삼환,59.4,8,1995,34500,0,2026,8,12
구로구,고척동,고척아이파크(아파트),79.97,16,2022,24800,60,2026,8,14
구로구,고척동,고척아이파크(주상복합),64.93,29,2022,17700,66,2026,8,13
구로구,오류동,은하수수목원,77.261,1,2005,34500,0,2026,8,1
구로구,천왕동,천왕이펜하우스3단지,49.85,11,2011,1682,37,2026,8,13
구로구,고척동,고척아이파크(주상복합),64.93,39,2022,17700,68,2026,8,13
구로구,고척동,고척아이파크(아파트),79.97,6,2022,24800,59,2026,8,13
구로구,고척동,고척아이파크(주상복합),79.93,15,2022,14000,86,2026,8,13
구로구,고척동,고척아이파크(주상복합),64.95,14,2022,15300,60,2026,8,13
구로구,고척동,고척아이파크(주상복합),79.93,34,2022,24000,59,2026,8,13
구로구,고척동,고척아이파크(주상복합),79.93,12,2022,21500,50,2026,8,13
구로구,천왕동,천왕이펜하우스3단지,49.85,1,2011,3007,34,2026,8,13
구로구,구로동,다솜금호,59.95,21,1995,40000,0,2026,8,5
구로구,고척동,고척아이파크(아파트),64.98,33,2022,18400,70,2026,8,13
구로구,고척동,고척아이파크(주상복합),79.92,9,2022,21500,49,2026,8,13
구로구,고척동,고척아이파크(주상복합),79.92,22,2022,21500,51,2026,8,13
구로구,고척동,고척아이파크(주상복합),64.93,16,2022,20300,45,2026,8,13
구로구,고척동,고척아이파크(아파트),79.97,9,2022,24800,59,2026,8,13
구로구,고척동,고척아이파크(주상복합),79.93,37,2022,19000,74,2026,8,13
구로구,구로동,주공2,41.3,3,1987,19600,0,2026,8,10
구로구,고척동,고척아이파크(주상복합),64.89,23,2022,22700,52,2026,8,13
구로구,고척동,고척아이파크(주상복합),79.93,36,2022,19000,74,2026,8,13
구로구,천왕동,천왕이펜하우스3단지,114.85,8,2011,42840,0,2026,8,13
구로구,구로동,주공1,83.87,4,1986,38700,8,2026,8,13
구로구,개봉동,건영,84.41,17,1994,28350,20,2026,8,12
구로구,구로동,구로두산위브,36.88,12,2006,31000,0,2026,8,13
구로구,개봉동,센트레빌레우스1단지,74.9361,16,2020,25825,42,2026,8,13
구로구,구로동,(796-25),45.48,3,1996,14175,0,2026,8,12
구로구,고척동,고척아이파크(주상복합),79.92,12,2022,24000,57,2026,8,13
구로구,신도림동,동아2,59.595,4,2000,58000,0,2026,8,12
구로구,항동,항동중흥에스클래스베르데카운티,84.9416,16,2019,60000,0,2026,8,12
구로구,개봉동,상우,59.4,8,1997,32000,35,2026,8,10
구로구,구로동,구로두산위브,36.88,12,2006,31000,0,2026,8,13
구로구,고척동,고척아이파크(아파트),64.92,12,2022,23400,52,2026,8,12
구로구,구로동,주공2,41.3,10,1987,24000,0,2026,8,12
구로구,신도림동,신도림크라운빌,20.47,3,2015,2000,75,2026,8,8
구로구,신도림동,신도림크라운빌,20.81,4,2015,2000,77,2026,8,7
구로구,구로동,신도림태영타운,84.87,21,2000,75000,0,2026,8,8
구로구,신도림동,신도림크라운빌,20.81,9,2015,2000,77,2026,8,11
구로구,구로동,신도림태영타운,101.74,9,2000,73500,0,2026,8,10
구로구,구로동,주공2,41.3,3,1987,19600,0,2026,8,10
구로구,오류동,영풍마드레빌,84.741,12,2002,43000,0,2026,8,11
구로구,신도림동,신도림크라운빌,20.81,6,2015,3000,71,2026,8,10
구로구,고척동,고척아이파크(주상복합),64.95,8,2022,22700,49,2026,8,12
구로구,고척동,대우,59.96,6,1999,10000,70,2026,8,10
구로구,구로동,케어빌(98-8),77.9,10,2007,35000,0,2026,8,12
구로구,항동,하버라인3단지,59.86,7,2019,49000,0,2026,8,12
구로구,고척동,고척아이파크(주상복합),64.95,13,2022,22700,49,2026,8,12
구로구,고척동,고척아이파크(주상복합),79.89,14,2022,24000,57,2026,8,12
구로구,고척동,고척아이파크(주상복합),79.92,17,2022,24000,57,2026,8,12
구로구,신도림동,미성,83.67,12,1987,35280,0,2026,8,11
구로구,고척동,고척아이파크(주상복합),79.93,24,2022,14000,87,2026,8,12
구로구,고척동,고척아이파크(주상복합),64.95,7,2022,22700,49,2026,8,12
구로구,고척동,고척아이파크(주상복합),79.93,30,2022,14000,87,2026,8,12
구로구,개봉동,개봉푸르지오,59.86,4,2014,22902,0,2026,8,11
구로구,천왕동,천왕연지타운1단지,49.94,6,2013,12078,2,2026,8,12
구로구,고척동,고척아이파크(주상복합),64.93,16,2022,22700,51,2026,8,12
구로구,개봉동,개봉푸르지오,59.86,7,2014,24047,0,2026,8,11
구로구,고척동,고척아이파크(아파트),64.92,28,2022,23400,55,2026,8,10
구로구,오류동,오류동행복주택,16.84,9,2018,5595,7,2026,8,12
구로구,천왕동,천왕이펜하우스1단지,59.95,1,2011,9844,15,2026,8,12
구로구,구로동,신도림태영타운,84.87,15,2000,70000,0,2026,8,11
구로구,고척동,고척아이파크(주상복합),64.89,33,2022,22700,53,2026,8,11
구로구,고척동,고척아이파크(주상복합),79.92,15,2022,24000,57,2026,8,11
구로구,개봉동,두산,59.69,3,1997,28870,0,2026,8,11
구로구,고척동,고척아이파크(주상복합),64.89,42,2022,22700,55,2026,8,12
구로구,고척동,고척아이파크(아파트),79.97,4,2022,24800,58,2026,8,12
구로구,고척동,고척아이파크(아파트),64.96,22,2022,23400,54,2026,8,11
구로구,고척동,고척아이파크(아파트),79.97,18,2022,24800,60,2026,8,12
구로구,고척동,고척아이파크(아파트),64.96,11,2022,23400,52,2026,8,11
구로구,천왕동,천왕이펜하우스4단지,49.58,4,2011,7710,13,2026,8,12
구로구,천왕동,천왕연지타운1단지,49.34,4,2013,7421,28,2026,8,12
구로구,고척동,고척아이파크(아파트),64.98,28,2022,23400,55,2026,8,11
구로구,고척동,고척아이파크(아파트),79.97,30,2022,14800,91,2026,8,11
구로구,고척동,고척아이파크(주상복합),79.93,23,2022,14000,85,2026,8,12
구로구,고척동,고척아이파크(주상복합),79.92,11,2022,24000,57,2026,8,11
구로구,고척동,고척아이파크(주상복합),64.95,12,2022,22700,49,2026,8,11
구로구,고척동,고척아이파크(주상복합),64.93,29,2022,12700,80,2026,8,11
구로구,항동,항동제일풍경채포레스트,84.9813,11,2020,3700,210,2026,8,11
구로구,고척동,고척아이파크(주상복합),79.92,28,2022,24000,58,2026,8,11
구로구,고척동,고척아이파크(주상복합),64.93,29,2022,12700,80,2026,8,11
구로구,구로동,삼성래미안,78.665,16,2004,5000,158,2026,8,10
구로구,고척동,고척아이파크(아파트),79.97,22,2022,24800,61,2026,8,11
구로구,구로동,주공2,32.39,5,1987,3000,60,2026,8,11
구로구,구로동,한일유앤아이,84.962,5,2006,47000,0,2026,8,11
구로구,구로동,(752-10),25.53,1,1996,500,38,2026,8,8
구로구,구로동,신도림태영타운,84.87,7,2000,75000,0,2026,8,10
구로구,고척동,고척아이파크(주상복합),64.78,8,2022,17700,64,2026,8,10
구로구,고척동,고척아이파크(아파트),79.97,15,2022,19800,73,2026,8,10
구로구,고척동,고척아이파크(아파트),64.98,21,2022,13400,83,2026,8,10
구로구,고척동,고척아이파크(아파트),79.97,11,2022,14800,88,2026,8,7
구로구,구로동,(750-7),45,2,1994,15000,0,2026,8,10
구로구,고척동,고척아이파크(주상복합),79.93,14,2022,24000,57,2026,8,10
구로구,고척동,고척아이파크(주상복합),79.92,22,2022,24000,58,2026,8,10
구로구,구로동,구로두산위브,36.88,1,2006,27300,0,2026,8,1
구로구,구로동,주공2,41.3,3,1987,19600,0,2026,8,10
구로구,신도림동,대림e-편한세상5,84.789,6,2003,59850,30,2026,8,8
구로구,고척동,고척아이파크(아파트),64.92,17,2022,23400,53,2026,8,10
구로구,고척동,경남1,59.92,1,1998,21000,30,2026,8,11
구로구,고척동,고척LIG리가2차,84.98,5,2009,55000,0,2026,8,10
구로구,고척동,고척아이파크(주상복합),64.93,19,2022,12700,79,2026,8,10
구로구,고척동,고척아이파크(주상복합),79.89,20,2022,24000,57,2026,8,10
구로구,고척동,고척아이파크(주상복합),64.93,33,2022,22700,53,2026,8,10
구로구,고척동,고척아이파크(주상복합),79.93,29,2022,14000,87,2026,8,10
구로구,항동,하버라인4단지,59.86,15,2019,49000,0,2026,8,10
구로구,항동,항동하버라인8단지,39.91,7,2018,6441,10,2026,8,10
구로구,구로동,대림우성2,43.79,6,1987,25000,0,2026,8,4
구로구,구로동,중앙하이츠,70.52,15,1987,38000,0,2026,8,10
구로구,고척동,고척아이파크(주상복합),79.93,14,2022,14000,86,2026,8,7
구로구,구로동,신도림롯데아파트,84.93,4,1999,57000,0,2026,8,8
구로구,오류동,오류동행복주택,29.76,16,2018,7884,34,2026,8,10
구로구,천왕동,천왕이펜하우스2단지,84.97,2,2011,24000,120,2026,8,10
구로구,구로동,(801-32),47.19,1,1998,1000,60,2026,8,8
구로구,구로동,현대의보아파트,82.76,2,1994,35000,20,2026,8,10
구로구,오류동,금강(343),84.983,1,2003,25000,50,2026,8,8
구로구,오류동,계림웨스트벨리,49.97,2,2021,3690,22,2026,8,10
구로구,고척동,고척아이파크(주상복합),64.95,11,2022,12700,79,2026,8,10
구로구,오류동,오류동행복주택,16.84,15,2018,4760,20,2026,8,10
구로구,구로동,현대,72.33,9,1988,45000,0,2026,8,7
구로구,오류동,오류동행복주택,36.85,5,2018,10560,45,2026,8,10
구로구,천왕동,천왕이펜하우스4단지,49.58,11,2011,4503,31,2026,8,10
구로구,오류동,천왕역모아엘가트레뷰,67.9639,7,2025,65000,0,2026,8,8
구로구,개봉동,동도센트리움(70-12),116.276,17,2002,53000,0,2026,8,8
구로구,구로동,구로두산,44.64,4,1998,32000,0,2026,8,9
구로구,구로동,(779-13),27.69,2,1997,12000,0,2026,8,10
구로구,오류동,오류동행복주택,16.84,3,2018,5040,21,2026,8,10
구로구,고척동,벽산,84.878,1,2003,56000,0,2026,8,8
구로구,신도림동,SKVIEW,84.98,27,2006,67000,13,2026,8,7
구로구,오류동,금강,59.28,17,1996,25400,0,2026,8,8
구로구,신도림동,대림2,59.9,10,2001,10000,195,2026,8,7
구로구,고척동,고척아이파크(주상복합),79.89,17,2022,14000,86,2026,8,7
구로구,신도림동,신도림크라운빌,20.81,3,2015,3000,65,2026,8,4
구로구,고척동,고척아이파크(주상복합),64.89,39,2022,12700,82,2026,8,7
구로구,고척동,고척아이파크(주상복합),64.93,43,2022,12700,84,2026,8,7
구로구,오류동,계림웨스트벨리,49.97,3,2021,10989,11,2026,8,7
구로구,구로동,구로현대,56.49,2,1992,22000,40,2026,8,3
구로구,항동,우남퍼스트빌더센트럴,79.9913,6,2020,49500,0,2026,8,5
구로구,신도림동,신도림크라운빌,20.41,10,2015,2000,75,2026,8,3
구로구,개봉동,센트레빌레우스1단지,84.9625,25,2020,27891,48,2026,8,7
구로구,구로동,신도림롯데아파트,84.93,18,1999,48300,0,2026,8,7
구로구,천왕동,천왕이펜하우스4단지,49.58,7,2011,4503,31,2026,8,7
구로구,항동,항동하버라인8단지,59.86,5,2018,6394,38,2026,8,7
구로구,항동,항동하버라인8단지,59.86,3,2018,10497,15,2026,8,7
구로구,고척동,고척아이파크(아파트),64.96,21,2022,23400,54,2026,8,7
구로구,신도림동,신성은하수,84.42,7,1997,60000,0,2026,8,7
구로구,오류동,오류동행복주택,29.76,5,2018,5943,21,2026,8,7
구로구,구로동,구로두산,44.64,19,1998,23625,0,2026,8,7
구로구,고척동,고척아이파크(주상복합),79.93,33,2022,24000,59,2026,8,7
구로구,천왕동,천왕이펜하우스4단지,49.58,1,2011,5550,25,2026,8,7
구로구,고척동,고척아이파크(주상복합),79.92,17,2022,24000,57,2026,8,6
구로구,고척동,삼익(2단지),59.82,8,2001,34650,0,2026,8,6
구로구,고척동,고척아이파크(아파트),64.92,35,2022,18400,70,2026,8,7
구로구,신도림동,대림e-편한세상6,84.816,5,2003,77000,0,2026,8,6
구로구,신도림동,동아3,60,3,2000,66000,0,2026,8,6
구로구,구로동,성호메이플라워멤버스빌,41.4,13,2002,1000,76,2026,8,6
구로구,구로동,신도림롯데아파트,59.96,16,1999,30000,69,2026,8,6
구로구,고척동,고척아이파크(주상복합),64.89,39,2022,12700,82,2026,8,6
구로구,고척동,고척아이파크(주상복합),79.93,15,2022,24000,57,2026,8,6
구로구,고척동,고척아이파크(주상복합),79.92,8,2022,24000,56,2026,8,6
구로구,고척동,고척아이파크(주상복합),64.93,12,2022,22700,51,2026,8,6
구로구,개봉동,현대,59.94,14,2001,5000,200,2026,8,6
구로구,오류동,한신플러스타운,84.96,6,2002,37250,0,2026,8,6
구로구,개봉동,세이지움개봉,18.8878,21,2025,5000,45,2026,8,6
구로구,개봉동,현대홈타운,84.915,22,2001,58000,0,2026,8,6
구로구,구로동,(777-3)두암호은리버빌,54.48,3,2002,22470,0,2026,8,6
구로구,고척동,고척아이파크(주상복합),79.92,43,2022,24000,61,2026,8,6
구로구,고척동,고척아이파크(아파트),79.97,18,2022,24800,60,2026,8,6
구로구,고척동,고척아이파크(주상복합),64.93,36,2022,22700,54,2026,8,5
구로구,오류동,은하수수목원2차(101동),68.32,6,2007,28000,5,2026,8,2
구로구,신도림동,동아1,84.908,19,1999,55000,10,2026,8,5
구로구,신도림동,디큐브시티,128.41,24,2011,10000,450,2026,8,3
구로구,고척동,고척아이파크(아파트),64.96,18,2022,23400,53,2026,8,6
구로구,고척동,고척아이파크(아파트),64.98,2,2022,23400,51,2026,8,5
구로구,구로동,구로두산,51.84,8,1998,31000,0,2026,8,5
구로구,고척동,고척아이파크(아파트),64.98,21,2022,23400,54,2026,8,5
구로구,고척동,고척아이파크(아파트),64.96,21,2022,23400,54,2026,8,5
구로구,고척동,고척아이파크(주상복합),64.93,10,2022,12700,78,2026,8,5
구로구,고척동,고척아이파크(주상복합),64.78,15,2022,12700,79,2026,8,5
구로구,오류동,계림웨스트벨리,49.97,4,2021,11066,11,2026,8,5
구로구,신도림동,미성,37.91,7,1987,2000,85,2026,8,4
구로구,고척동,고척아이파크(아파트),79.97,12,2022,19800,73,2026,8,5
구로구,신도림동,대림e-편한세상7,84.928,5,2004,66900,30,2026,8,5
구로구,고척동,고척아이파크(주상복합),64.93,32,2022,22700,53,2026,8,4
구로구,개봉동,세이지움개봉,18.5506,8,2025,10000,26,2026,8,4
구로구,고척동,고척아이파크(주상복합),64.89,38,2022,22700,54,2026,8,4
구로구,고척동,고척아이파크(아파트),79.97,21,2022,24800,61,2026,8,4
구로구,구로동,구로두산,44.64,19,1998,32000,0,2026,8,1
구로구,구로동,한일유앤아이,84.962,15,2006,47700,0,2026,8,4
구로구,고척동,고척아이파크(주상복합),79.89,25,2022,24000,58,2026,8,4
구로구,오류동,한신플러스타운,84.96,12,2002,28000,59,2026,8,4
구로구,고척동,고척아이파크(주상복합),64.93,20,2022,22700,51,2026,8,4
구로구,고척동,산업인,48.04,4,1976,1000,50,2026,8,2
구로구,고척동,고척아이파크(주상복합),64.78,25,2022,17700,66,2026,8,3
구로구,고척동,고척아이파크(주상복합),79.93,25,2022,24000,58,2026,8,3
구로구,고척동,고척아이파크(주상복합),79.93,9,2022,14000,85,2026,8,3
구로구,천왕동,천왕이펜하우스5단지,114.85,9,2011,37271,0,2026,8,3
구로구,고척동,고척아이파크(아파트),79.97,14,2022,14800,88,2026,8,3
구로구,고척동,고척아이파크(주상복합),64.93,28,2022,22700,52,2026,8,3
구로구,고척동,고척아이파크(주상복합),64.95,6,2022,22700,49,2026,8,3
구로구,고척동,고척아이파크(아파트),79.97,18,2022,24800,60,2026,8,3
구로구,개봉동,현대홈타운,59.49,1,2001,43000,0,2026,8,1
구로구,고척동,고척아이파크(아파트),64.98,10,2022,23400,52,2026,8,3
구로구,개봉동,센트레빌레우스1단지,84.9716,26,2020,27891,48,2026,8,3
구로구,고척동,고척아이파크(주상복합),79.89,27,2022,14000,87,2026,8,3
구로구,고척동,동아한신,59.9,19,2000,39000,0,2026,8,1
구로구,고척동,대우,114.95,13,1999,50000,0,2026,8,1
구로구,구로동,로제리움2차,14.91,17,2014,9900,15,2026,8,2
구로구,항동,한양수자인에듀힐즈,84.9591,9,2019,66000,0,2026,8,1
구로구,구로동,신도림태영타운,84.87,2,2000,70000,0,2026,8,1
금천구,가산동,두산,134.95,11,1998,44500,0,2026,8,28
금천구,독산동,센트레빌웨스트온,19.3319,7,2026,7000,52,2026,8,31
금천구,가산동,(139-14),13.08,12,2021,12600,19,2026,8,31
금천구,가산동,비즈트위트바이올렛5차,12.19,13,2014,1000,50,2026,8,30
금천구,독산동,금천롯데캐슬골드파크3차,59.9672,26,2018,10000,215,2026,8,1
금천구,시흥동,시흥동월드메르디앙,59.89,12,2006,1000,35,2026,8,24
금천구,독산동,독산주공14단지,38.64,15,1990,18000,0,2026,8,30
금천구,독산동,센트레빌웨스트온,21.2101,4,2026,7300,55,2026,8,31
금천구,독산동,센트레빌웨스트온,19.3319,8,2026,6000,56,2026,8,31
금천구,독산동,센트레빌웨스트온,19.3319,10,2026,7000,52,2026,8,31
금천구,가산동,가산지웰에스테이트2차,14.12,7,2018,9500,20,2026,8,28
금천구,가산동,가산피어니빌,13.3709,3,2017,500,50,2026,8,23
금천구,가산동,가산지웰에스테이트2차,14.12,11,2018,9000,20,2026,8,29
금천구,독산동,금천롯데캐슬골드파크1차,84.4623,25,2016,79000,0,2026,8,24
금천구,독산동,센트레빌웨스트온,19.7808,7,2026,6000,56,2026,8,31
금천구,가산동,가산지웰에스테이트2차,14.12,6,2018,2900,45,2026,8,29
금천구,독산동,센트레빌웨스트온,19.3319,8,2026,5900,44,2026,8,28
금천구,독산동,센트레빌웨스트온,19.3319,4,2026,7000,52,2026,8,28
금천구,독산동,센트레빌웨스트온,19.3319,4,2026,7000,52,2026,8,31
금천구,가산동,가산지웰에스테이트2차,14.21,5,2018,9500,20,2026,8,8
금천구,가산동,한국후지필름복합주거시설,16.95,10,2017,1000,64,2026,8,20
금천구,시흥동,남서울힐스테이트,84.697,3,2014,66000,0,2026,8,24
금천구,독산동,금천롯데캐슬골드파크3차,59.968,33,2018,63000,0,2026,8,1
금천구,독산동,금천롯데캐슬골드파크2차201동202동,59.98,17,2017,65000,0,2026,8,8
금천구,시흥동,벽산,59.94,11,2000,26000,0,2026,8,18
금천구,독산동,독산주공14단지,38.64,2,1990,3700,70,2026,8,9
금천구,독산동,센트레빌웨스트온,19.7808,4,2026,7000,52,2026,8,28
금천구,시흥동,관악산벽산타운5,84.97,11,2004,15000,120,2026,8,27
금천구,독산동,금천롯데캐슬골드파크2차201동202동,59.27,35,2017,55000,0,2026,8,27
금천구,시흥동,성지,67.27,10,1986,30000,0,2026,8,27
금천구,가산동,비즈트위트바이올렛5차,12.31,13,2014,500,57,2026,8,4
금천구,가산동,서울금천행복주택,16.13,5,2023,3436,6,2026,8,14
금천구,시흥동,무지개,53.75,8,1980,2000,35,2026,8,12
금천구,독산동,금천롯데캐슬골드파크3차,84.408,39,2018,20000,280,2026,8,22
금천구,독산동,신도브래뉴,55.55,10,2002,35000,0,2026,8,26
금천구,독산동,금천롯데캐슬골드파크3차,59.9662,39,2018,61400,0,2026,8,26
금천구,독산동,라이프,74.72,18,1996,36000,0,2026,8,26
금천구,독산동,센트레빌웨스트온,19.3319,10,2026,7000,52,2026,8,26
금천구,독산동,센트레빌웨스트온,19.3319,8,2026,6000,56,2026,8,12
금천구,독산동,독산동중앙하이츠빌,84.8768,15,2004,54000,0,2026,8,24
금천구,독산동,센트레빌웨스트온,19.3319,8,2026,5900,44,2026,8,26
금천구,독산동,센트레빌웨스트온,21.2101,6,2026,6300,59,2026,8,26
금천구,시흥동,우방,59.91,11,2002,40000,0,2026,8,23
금천구,시흥동,럭키남서울아파트,49.75,2,1981,23500,0,2026,8,25
금천구,시흥동,남서울힐스테이트,84.677,9,2014,48500,0,2026,8,25
금천구,독산동,독산역롯데캐슬,59.9603,10,2021,23293,52,2026,8,25
금천구,독산동,센트레빌웨스트온,19.7808,13,2026,6000,56,2026,8,25
금천구,독산동,센트레빌웨스트온,19.3319,5,2026,6000,56,2026,8,4
금천구,독산동,독산역롯데캐슬,59.5685,4,2021,10608,79,2026,8,25
금천구,독산동,금천현대,59.82,11,2002,30000,50,2026,8,8
금천구,가산동,비즈트위트바이올렛5차,12.31,13,2014,500,43,2026,8,19
금천구,독산동,독산역롯데캐슬,59.799,18,2021,18648,66,2026,8,25
금천구,독산동,독산역롯데캐슬,59.799,20,2021,18648,64,2026,8,25
금천구,독산동,센트레빌웨스트온,21.2101,6,2026,6300,59,2026,8,25
금천구,가산동,비즈트위트바이올렛5차,12.19,11,2014,9000,10,2026,8,21
금천구,독산동,센트레빌웨스트온,19.3319,10,2026,5900,44,2026,8,7
금천구,독산동,센트레빌웨스트온,21.2101,6,2026,5300,50,2026,8,24
금천구,가산동,가산지웰에스테이트2차,14.12,10,2018,2000,52,2026,8,22
금천구,독산동,센트레빌웨스트온,19.3319,6,2026,7000,52,2026,8,24
금천구,시흥동,골드리버,20.63,10,2021,17300,15,2026,8,22
금천구,독산동,센트레빌웨스트온,19.7808,11,2026,7000,52,2026,8,24
금천구,시흥동,남서울건영2,61.14,10,1989,7000,90,2026,8,21
금천구,독산동,센트레빌웨스트온,19.3319,13,2026,5900,44,2026,8,24
금천구,가산동,가산지웰에스테이트,12.13,12,2013,0,65,2026,8,10
금천구,가산동,가산지웰에스테이트2차,14.94,9,2018,10000,35,2026,8,22
금천구,독산동,센트레빌웨스트온,19.3319,5,2026,7000,52,2026,8,24
금천구,독산동,센트레빌웨스트온,19.3319,12,2026,7000,52,2026,8,24
금천구,시흥동,럭키남서울아파트,49.75,1,1981,13000,65,2026,8,22
금천구,시흥동,무지개,53.75,8,1980,2000,35,2026,8,12
금천구,독산동,센트레빌웨스트온,19.7808,6,2026,7000,52,2026,8,24
금천구,시흥동,우방,59.91,14,2002,27000,45,2026,8,22
금천구,독산동,금천현대,84.83,9,2002,37500,0,2026,8,22
금천구,시흥동,낙원,59.68,2,1996,21000,0,2026,8,22
금천구,독산동,금천롯데캐슬골드파크3차,59.9672,39,2018,70000,0,2026,8,22
금천구,독산동,아이유하임(1159),26.23,5,2020,1918,20,2026,8,20
금천구,독산동,한신아파트,89.46,8,1991,30000,100,2026,8,11
금천구,독산동,삼환아파트,59.94,9,1998,3000,80,2026,8,20
금천구,시흥동,시흥목련,28.95,1,1996,1134,11,2026,8,21
금천구,독산동,센트레빌웨스트온,19.3319,11,2026,7000,52,2026,8,20
금천구,시흥동,관악산신도브래뉴,84.8,12,2006,48500,0,2026,8,15
금천구,독산동,금천롯데캐슬골드파크3차,59.9662,42,2018,68000,0,2026,8,19
금천구,독산동,이랜드해가든,84.925,15,2008,60900,0,2026,8,20
금천구,독산동,센트레빌웨스트온,19.7808,14,2026,7000,52,2026,8,20
금천구,독산동,센트레빌웨스트온,19.3319,13,2026,7000,52,2026,8,20
금천구,독산동,독산동중앙하이츠빌,84.8768,20,2004,50400,0,2026,8,20
금천구,독산동,센트레빌웨스트온,19.3319,13,2026,5000,48,2026,8,20
금천구,독산동,독산동중앙하이츠빌,84.8768,12,2004,10400,160,2026,8,15
금천구,독산동,센트레빌웨스트온,19.3319,12,2026,7000,52,2026,8,20
금천구,독산동,센트레빌웨스트온,19.3319,10,2026,7000,52,2026,8,20
금천구,독산동,금천롯데캐슬골드파크1차,59.9384,23,2016,60000,0,2026,8,7
금천구,독산동,센트레빌웨스트온,19.7808,7,2026,7000,52,2026,8,19
금천구,가산동,씨앤에스타워,23.47,4,2017,17700,12,2026,8,11
금천구,독산동,한신아파트,89.46,3,1991,30000,85,2026,8,18
금천구,독산동,센트레빌웨스트온,19.3319,7,2026,7000,52,2026,8,19
금천구,시흥동,벽산,32.7,17,2000,1077,15,2026,8,19
금천구,시흥동,벽산,32.7,13,2000,1077,15,2026,8,19
금천구,시흥동,남서울힐스테이트,59.817,12,2014,12000,150,2026,8,18
금천구,시흥동,금광,59.7161,4,2004,5000,110,2026,8,15
금천구,가산동,두산,134.95,24,1998,64000,0,2026,8,18
금천구,시흥동,관악산벽산타운5,59.34,2,2004,40000,0,2026,8,16
금천구,독산동,금천현대,84.83,1,2002,8400,105,2026,8,18
금천구,시흥동,럭키남서울아파트,49.75,4,1981,3000,75,2026,8,10
금천구,독산동,센트레빌웨스트온,19.3319,7,2026,5900,44,2026,8,18
금천구,독산동,센트레빌웨스트온,19.3319,7,2026,7000,52,2026,8,18
금천구,독산동,독산역롯데캐슬,59.5685,20,2021,10400,83,2026,8,11
금천구,독산동,독산역롯데캐슬,84.9416,11,2021,26000,71,2026,8,18
금천구,독산동,센트레빌웨스트온,19.3319,10,2026,5900,44,2026,8,18
금천구,독산동,독산주공14단지,59.22,5,1990,20000,30,2026,8,11
금천구,독산동,센트레빌웨스트온,19.3319,7,2026,7000,52,2026,8,2
금천구,독산동,센트레빌웨스트온,21.2101,7,2026,7300,55,2026,8,18
금천구,독산동,독산역롯데캐슬,84.8665,9,2021,27905,62,2026,8,10
금천구,독산동,독산역롯데캐슬,59.5685,26,2021,10400,83,2026,8,12
금천구,독산동,독산역롯데캐슬,84.9416,6,2021,28256,61,2026,8,10
금천구,독산동,독산역롯데캐슬,59.799,16,2021,22880,55,2026,8,10
금천구,시흥동,탑스빌,54.96,3,2002,21000,40,2026,8,15
금천구,독산동,금천롯데캐슬골드파크3차,59.9672,19,2018,65000,0,2026,8,15
금천구,시흥동,럭키남서울아파트,49.75,2,1981,26000,0,2026,8,7
금천구,시흥동,럭키남서울아파트,41.26,11,1981,22000,0,2026,8,14
금천구,시흥동,우성(867-16),64.65,4,2004,28000,0,2026,8,14
금천구,독산동,한신아파트,89.46,1,1991,42000,0,2026,8,5
금천구,가산동,가산지웰에스테이트,12.13,12,2013,0,65,2026,8,10
금천구,독산동,독산주공14단지,38.64,15,1990,23500,0,2026,8,12
금천구,가산동,가산지웰에스테이트2차,14.94,8,2018,2400,48,2026,8,5
금천구,독산동,센트레빌웨스트온,21.2101,12,2026,7300,55,2026,8,10
금천구,독산동,푸른터,129.86,10,2006,48000,0,2026,8,13
금천구,독산동,금천롯데캐슬골드파크3차,84.408,44,2018,73500,0,2026,8,3
금천구,독산동,금천롯데캐슬골드파크3차,59.968,16,2018,42000,80,2026,8,11
금천구,독산동,금천롯데캐슬골드파크2차201동202동,84.95,25,2017,50000,100,2026,8,11
금천구,독산동,센트레빌웨스트온,19.3319,13,2026,7000,52,2026,8,12
금천구,독산동,센트레빌웨스트온,19.3319,7,2026,7000,52,2026,8,12
금천구,독산동,한신아파트,89.46,12,1991,46000,0,2026,8,12
금천구,시흥동,금광,83.2925,8,2004,40000,45,2026,8,12
금천구,시흥동,남서울건영2,41.34,9,1989,2000,78,2026,8,12
금천구,독산동,센트레빌웨스트온,19.3319,4,2026,6000,56,2026,8,12
금천구,독산동,센트레빌웨스트온,19.3319,12,2026,5900,44,2026,8,12
금천구,독산동,독산역롯데캐슬,59.9603,25,2021,22814,56,2026,8,11
금천구,독산동,센트레빌웨스트온,19.3319,8,2026,6000,56,2026,8,12
금천구,독산동,센트레빌웨스트온,19.3319,10,2026,6000,56,2026,8,11
금천구,독산동,센트레빌웨스트온,19.7808,13,2026,5900,44,2026,8,4
금천구,독산동,센트레빌웨스트온,19.3319,13,2026,7000,52,2026,8,11
금천구,독산동,센트레빌웨스트온,21.2101,9,2026,6300,59,2026,8,11
금천구,시흥동,관악산벽산타운5,59.34,14,2004,37000,0,2026,8,8
금천구,독산동,청광플러스원,84.995,1,2003,47800,0,2026,8,11
금천구,독산동,센트레빌웨스트온,21.2101,14,2026,6200,46,2026,8,11
금천구,독산동,센트레빌웨스트온,21.2101,13,2026,6200,46,2026,8,11
금천구,시흥동,남서울힐스테이트,113.329,27,2014,10000,250,2026,8,11
금천구,가산동,두산,134.95,2,1998,65000,0,2026,8,10
금천구,시흥동,벽산,114.84,9,2000,38500,18,2026,8,10
금천구,시흥동,럭키남서울아파트,62.11,10,1981,22000,20,2026,8,10
금천구,독산동,센트레빌웨스트온,19.3319,8,2026,7000,52,2026,8,11
금천구,시흥동,우방,59.91,25,2002,30000,0,2026,8,8
금천구,독산동,센트레빌웨스트온,19.3319,7,2026,5900,44,2026,8,11
금천구,독산동,독산역롯데캐슬,84.8665,2,2021,27553,59,2026,8,10
금천구,가산동,두산,84.9,11,1998,20000,130,2026,8,10
금천구,독산동,센트레빌웨스트온,19.3319,5,2026,6000,56,2026,8,10
금천구,독산동,e편한세상독산더타워,59.6222,27,2019,46200,0,2026,8,1
금천구,가산동,두산,84.9,16,1998,47000,0,2026,8,1
금천구,시흥동,관악산벽산타운5,59.34,14,2004,37000,0,2026,8,8
금천구,독산동,센트레빌웨스트온,19.3319,6,2026,6000,56,2026,8,10
금천구,독산동,센트레빌웨스트온,19.3319,5,2026,5900,44,2026,8,10
금천구,독산동,독산역롯데캐슬,84.9416,16,2021,26936,67,2026,8,10
금천구,시흥동,남서울건영2,61.23,7,1989,29400,0,2026,8,8
금천구,독산동,센트레빌웨스트온,21.2101,12,2026,7300,55,2026,8,10
금천구,독산동,센트레빌웨스트온,21.2101,5,2026,7300,55,2026,8,10
금천구,가산동,서울금천행복주택,16.13,6,2023,2736,10,2026,8,10
금천구,가산동,서울금천행복주택,16.13,9,2023,2736,10,2026,8,10
금천구,시흥동,삼익,84.96,13,1999,39900,0,2026,8,10
금천구,가산동,G밸리페트라힐스,13.76,11,2020,15900,3,2026,8,8
금천구,독산동,센트레빌웨스트온,19.3319,8,2026,7000,52,2026,8,10
금천구,가산동,서울금천행복주택,44.43,6,2023,7308,27,2026,8,10
금천구,독산동,센트레빌웨스트온,19.3319,14,2026,5900,44,2026,8,10
금천구,시흥동,럭키남서울아파트,49.75,7,1981,26000,0,2026,8,10
금천구,독산동,센트레빌웨스트온,19.3319,4,2026,7000,52,2026,8,3
금천구,독산동,금천롯데캐슬골드파크3차,84.408,14,2018,75190,0,2026,8,8
금천구,시흥동,럭키남서울아파트,41.22,8,1981,22000,0,2026,8,8
금천구,독산동,센트레빌웨스트온,19.3319,10,2026,6000,56,2026,8,8
금천구,독산동,센트레빌웨스트온,19.3319,5,2026,7000,52,2026,8,3
금천구,독산동,금천롯데캐슬골드파크3차,59.9662,23,2018,60000,0,2026,8,7
금천구,독산동,센트레빌웨스트온,19.3319,11,2026,6000,56,2026,8,7
금천구,독산동,센트레빌웨스트온,19.3319,7,2026,6000,56,2026,8,7
금천구,독산동,센트레빌웨스트온,19.3319,6,2026,7000,52,2026,8,7
금천구,독산동,금천롯데캐슬골드파크1차,84.4633,27,2016,73000,0,2026,8,7
금천구,독산동,센트레빌웨스트온,21.2101,11,2026,6300,59,2026,8,7
금천구,독산동,센트레빌웨스트온,19.3319,10,2026,5900,44,2026,8,7
금천구,독산동,센트레빌웨스트온,19.3319,6,2026,5900,44,2026,8,6
금천구,독산동,신도브래뉴,55.55,2,2002,13000,79,2026,8,5
금천구,독산동,센트레빌웨스트온,19.3319,9,2026,6000,56,2026,8,6
금천구,독산동,센트레빌웨스트온,19.3319,7,2026,5900,44,2026,8,6
금천구,독산동,센트레빌웨스트온,19.3319,13,2026,7000,52,2026,8,6
금천구,독산동,센트레빌웨스트온,19.3319,8,2026,6000,56,2026,8,6
금천구,독산동,센트레빌웨스트온,19.3319,14,2026,5000,48,2026,8,6
금천구,독산동,센트레빌웨스트온,19.3319,4,2026,5900,44,2026,8,6
금천구,시흥동,관악산벽산타운5,59.34,7,2004,5500,95,2026,8,1
금천구,시흥동,금강,84.65,16,2000,36500,0,2026,8,1
금천구,독산동,신도브래뉴,55.55,2,2002,13000,79,2026,8,5
금천구,독산동,센트레빌웨스트온,19.3319,10,2026,5900,44,2026,8,6
금천구,독산동,독산주공14단지,38.64,2,1990,1000,85,2026,8,6
금천구,시흥동,남서울건영2,61.14,9,1989,32000,0,2026,8,3
금천구,독산동,독산역롯데캐슬,59.799,20,2021,23338,53,2026,8,6
금천구,독산동,센트레빌웨스트온,19.7808,8,2026,6000,56,2026,8,5
금천구,시흥동,남서울힐스테이트,84.786,21,2014,35000,110,2026,8,1
금천구,독산동,진도2차,84.58,21,1997,30000,0,2026,8,5
금천구,독산동,센트레빌웨스트온,19.3319,12,2026,7000,52,2026,8,5
금천구,가산동,가산지웰에스테이트2차,14.12,9,2018,500,55,2026,8,5
금천구,독산동,센트레빌웨스트온,19.3319,9,2026,7000,52,2026,8,5
금천구,독산동,센트레빌웨스트온,19.3319,6,2026,7000,52,2026,8,5
금천구,독산동,센트레빌웨스트온,19.3319,11,2026,7000,52,2026,8,5
금천구,독산동,센트레빌웨스트온,19.3319,4,2026,7000,52,2026,8,1
금천구,시흥동,럭키남서울아파트,49.75,9,1981,28000,0,2026,8,4
금천구,독산동,센트레빌웨스트온,21.2101,8,2026,6200,46,2026,8,4
금천구,독산동,센트레빌웨스트온,19.3319,9,2026,5900,44,2026,8,4
금천구,독산동,금천롯데캐슬골드파크3차,59.968,43,2018,30000,170,2026,8,3
금천구,독산동,독산동중앙하이츠빌,84.8768,9,2004,65000,0,2026,8,2
금천구,독산동,센트레빌웨스트온,19.3319,5,2026,6000,56,2026,8,4
금천구,독산동,센트레빌웨스트온,19.7808,8,2026,7000,52,2026,8,4
금천구,독산동,센트레빌웨스트온,19.7808,13,2026,5000,48,2026,8,4
금천구,독산동,센트레빌웨스트온,21.2101,7,2026,7300,55,2026,8,4
금천구,시흥동,벽산,114.84,15,2000,1000,30,2026,8,4
금천구,독산동,센트레빌웨스트온,21.2101,5,2026,7300,55,2026,8,3
금천구,독산동,금천현대,59.82,18,2002,36500,0,2026,8,2
금천구,독산동,센트레빌웨스트온,19.3319,13,2026,5000,48,2026,8,3
금천구,독산동,센트레빌웨스트온,19.3319,5,2026,7000,52,2026,8,3
금천구,독산동,센트레빌웨스트온,19.3319,4,2026,7000,52,2026,8,3
금천구,독산동,센트레빌웨스트온,19.3319,5,2026,5900,44,2026,8,3
금천구,독산동,센트레빌웨스트온,19.3319,14,2026,7000,52,2026,8,3
금천구,독산동,센트레빌웨스트온,19.3319,11,2026,5900,44,2026,8,2
금천구,독산동,센트레빌웨스트온,19.3319,5,2026,7000,52,2026,8,3
금천구,독산동,센트레빌웨스트온,19.3319,13,2026,6000,56,2026,8,3
금천구,독산동,센트레빌웨스트온,19.3319,7,2026,7000,52,2026,8,2
금천구,독산동,센트레빌웨스트온,19.3319,8,2026,6000,56,2026,8,2
금천구,독산동,센트레빌웨스트온,19.3319,5,2026,7000,52,2026,8,1
금천구,독산동,센트레빌웨스트온,19.3319,8,2026,5900,44,2026,8,1
금천구,독산동,센트레빌웨스트온,19.3319,4,2026,7000,52,2026,8,1
금천구,독산동,센트레빌웨스트온,19.3319,10,2026,7000,52,2026,8,1
금천구,독산동,센트레빌웨스트온,19.3319,11,2026,5900,44,2026,8,1
금천구,독산동,센트레빌웨스트온,19.3319,12,2026,5000,48,2026,8,3
금천구,독산동,센트레빌웨스트온,19.3319,6,2026,5900,44,2026,8,1
금천구,독산동,센트레빌웨스트온,19.3319,13,2026,5000,48,2026,8,2
금천구,독산동,센트레빌웨스트온,21.2101,11,2026,7300,55,2026,8,1
금천구,독산동,센트레빌웨스트온,19.3319,6,2026,5000,48,2026,8,1
금천구,독산동,센트레빌웨스트온,19.3319,8,2026,6000,56,2026,8,1
금천구,독산동,센트레빌웨스트온,19.3319,11,2026,7000,52,2026,8,1
금천구,독산동,센트레빌웨스트온,19.3319,5,2026,7000,52,2026,8,2
금천구,독산동,센트레빌웨스트온,19.3319,13,2026,6000,56,2026,8,3
금천구,독산동,센트레빌웨스트온,19.3319,8,2026,5900,44,2026,8,1
금천구,독산동,센트레빌웨스트온,19.3319,9,2026,5900,44,2026,8,1
금천구,독산동,센트레빌웨스트온,19.3319,8,2026,5900,44,2026,8,1
금천구,독산동,센트레빌웨스트온,21.2101,9,2026,7300,55,2026,8,1
금천구,독산동,센트레빌웨스트온,19.3319,8,2026,5900,44,2026,8,1
금천구,독산동,금천롯데캐슬골드파크3차,84.408,34,2018,72930,0,2026,8,1
금천구,독산동,e편한세상독산더타워,59.6222,27,2019,46200,0,2026,8,1
금천구,독산동,센트레빌웨스트온,19.7808,12,2026,7000,52,2026,8,1
영등포구,영등포동1가,여의도더리브스타일,14.8376,22,2020,18200,18,2026,8,6
영등포구,여의도동,시범,118.12,8,1971,63000,0,2026,8,22
영등포구,대림동,신동아,67.41,4,1987,37000,5,2026,8,22
영등포구,영등포동,영등포푸르지오,73.133,18,2002,15000,200,2026,8,23
영등포구,신길동,삼성,60.48,5,1984,29500,0,2026,8,18
영등포구,당산동2가,당산2가현대홈타운,82.77,13,1994,68250,0,2026,8,8
영등포구,문래동4가,문래동삼환,59.85,11,2001,10000,100,2026,8,12
영등포구,대림동,성원(650),84.66,12,1995,48000,0,2026,8,5
영등포구,대림동,신동아,67.41,5,1987,40000,0,2026,8,8
영등포구,문래동6가,현대6차,84.72,15,1997,40000,86,2026,8,6
영등포구,대림동,현대3차,59.83,20,1997,5000,180,2026,8,1
영등포구,문래동2가,남성,58.52,5,1983,5000,85,2026,8,25
영등포구,대림동,e편한세상영등포아델포레,84.9948,13,2020,62000,0,2026,8,13
영등포구,영등포동1가,여의도이튼브라운,18.89,3,2022,25000,20,2026,8,15
영등포구,당산동2가,당산2가현대홈타운,82.77,11,1994,75000,0,2026,8,22
영등포구,신길동,우성2,53.24,7,1986,27000,0,2026,8,28
영등포구,당산동4가,당산삼성2차,59.76,10,1997,52500,0,2026,8,31
영등포구,영등포동,영등포푸르지오,79.777,7,2002,63000,0,2026,8,28
영등포구,신길동,우성1,49.64,11,1986,26700,0,2026,8,29
영등포구,영등포동7가,경남아너스빌,59.9,17,1998,33000,80,2026,8,24
영등포구,대림동,G밸리소홈,16.1,9,2018,1000,70,2026,8,31
영등포구,신길동,신길자이,84.94,12,2011,10000,230,2026,8,1
영등포구,당산동4가,당산현대5차,59.75,10,2000,10000,250,2026,8,31
영등포구,양평동5가,양평한신,84.87,5,1996,5000,230,2026,8,10
영등포구,신길동,힐스테이트클래시안,59.91,14,2020,30000,210,2026,8,29
영등포구,당산동5가,당산센트럴아이파크,84.98,6,2020,109200,0,2026,8,29
영등포구,영등포동,영등포푸르지오,59.912,20,2002,65000,0,2026,8,29
영등포구,양평동3가,양평역미소지움,37.8,7,2018,44100,0,2026,8,12
영등포구,당산동1가,진로,84.87,11,1997,72450,0,2026,8,25
영등포구,당산동4가,당산현대5차,84.69,3,2000,50000,130,2026,8,27
영등포구,당산동4가,브라운스톤당산,84.005,12,2015,68000,0,2026,8,29
영등포구,신길동,더샵파크프레스티지,59.8943,11,2022,57000,52,2026,8,30
영등포구,신길동,신길센트럴아이파크,59.97,18,2019,65100,0,2026,8,29
영등포구,영등포동,영등포푸르지오,73.133,13,2002,7000,200,2026,8,9
영등포구,문래동2가,남성,72.9,13,1983,31500,0,2026,8,29
영등포구,당산동5가,당산삼성래미안4차,97.27,14,2003,120000,0,2026,8,31
영등포구,신길동,신길센트럴자이아파트,59.98,17,2021,5000,290,2026,8,16
영등포구,문래동6가,미주프라자,59.94,6,1998,30000,0,2026,8,20
영등포구,신길동,신길센트럴자이아파트,59.98,26,2021,85000,0,2026,8,29
영등포구,당산동5가,당산센트럴아이파크,59.98,21,2020,82900,0,2026,8,29
영등포구,신길동,우성3,64.4,11,1989,40000,0,2026,8,29
영등포구,당산동,리스빌,13.86,15,2012,3000,60,2026,8,24
영등포구,신길동,더샵파크프레스티지,84.9626,9,2022,75000,50,2026,8,28
영등포구,대림동,신대림자이1단지,84.14,6,2007,60000,0,2026,8,29
영등포구,문래동3가,문래우정,114.93,2,1998,60770,0,2026,8,27
영등포구,대림동,대림현대,59.76,8,1999,5000,160,2026,8,12
영등포구,여의도동,롯데캐슬아이비,113.59,20,2005,100000,170,2026,8,27
영등포구,대림동,영등포자이르네,49.01,7,2022,5500,200,2026,8,29
영등포구,신길동,우성3,53.24,8,1989,32500,0,2026,8,30
영등포구,영등포동,영등포푸르지오,73.133,15,2002,70000,0,2026,8,28
영등포구,양평동5가,양평한신,59.94,7,1996,53000,0,2026,8,3
영등포구,대림동,e편한세상영등포아델포레,59.968,6,2020,56700,0,2026,8,29
영등포구,여의도동,시범,79.24,11,1971,40000,0,2026,8,29
영등포구,영등포동,영등포푸르지오,59.912,17,2002,63000,0,2026,8,30
영등포구,여의도동,리첸시아,164.64,21,2003,180000,0,2026,8,29
영등포구,여의도동,리첸시아,111.03,25,2003,150000,0,2026,8,28
영등포구,양평동3가,태승훼밀리,84.4,7,2008,57000,0,2026,8,27
영등포구,영등포동7가,훼미리하우스117,16.98,9,2012,3000,60,2026,8,26
영등포구,영등포동2가,여의도리미티오148,23.8902,7,2022,5000,125,2026,8,28
영등포구,영등포동7가,훼미리하우스117,16.98,11,2012,10000,20,2026,8,26
영등포구,영등포동8가,삼환,59.91,10,1999,56500,0,2026,8,22
영등포구,여의도동,공작,126.02,6,1976,80000,100,2026,8,12
영등포구,당산동2가,한화포레나당산,33.095,9,2022,22292,22,2026,8,28
영등포구,당산동2가,당산2가현대홈타운,82.77,7,1994,75000,0,2026,8,28
영등포구,당산동3가,리마크빌당산,27.02,3,2025,1000,174,2026,8,21
영등포구,영등포동1가,여의도더리브스타일,14.8376,13,2020,2000,75,2026,8,18
영등포구,신길동,힐스테이트클래시안,59.91,29,2020,61320,0,2026,8,3
영등포구,문래동6가,e편한세상 문래 에듀플라츠,59.9854,10,2020,69000,0,2026,8,25
영등포구,영등포동1가,헤렌어반,13.331,2,2011,500,60,2026,8,18
영등포구,문래동5가,문래두산위브,79.86,12,1988,15000,150,2026,8,22
영등포구,대림동,신동아,67.41,1,1987,8000,30,2026,8,1
영등포구,당산동5가,당산효성1차,134.77,6,1999,100000,0,2026,8,17
영등포구,신길동,힐스테이트클래시안,59.91,9,2020,71400,0,2026,8,12
영등포구,당산동,리오팰리스,18.76,13,2015,2000,55,2026,8,28
영등포구,문래동3가,문래공원한신,58.96,11,1988,51000,0,2026,8,25
영등포구,당산동2가,한화포레나당산,26.716,13,2022,18767,22,2026,8,25
영등포구,양평동3가,양평현대6차,59.98,22,2000,56700,0,2026,8,27
영등포구,당산동3가,리마크빌당산,27.02,5,2025,2000,172,2026,8,6
영등포구,영등포동1가,프라다,12.45,6,2013,9000,0,2026,8,28
영등포구,여의도동,공작,91.97,6,1976,3000,189,2026,8,28
영등포구,신길동,루나플라체,10.78,13,2019,12600,15,2026,8,27
영등포구,신길동,경남,59.96,15,1999,53000,0,2026,8,2
영등포구,신길동,비스타동원,15.3664,4,2024,13000,12,2026,8,18
영등포구,당산동3가,리마크빌당산,22.06,6,2025,2000,149,2026,8,19
영등포구,대림동,HHouse대림뉴스테이,31.888,9,2017,3000,102,2026,8,21
영등포구,신길동,비스타동원,28.7519,19,2024,24500,13,2026,8,27
영등포구,신길동,힐스테이트클래시안,42.68,11,2020,10000,180,2026,8,8
영등포구,당산동4가,한강아파트,84.98,2,1999,69000,0,2026,8,25
영등포구,영등포동8가,영등포메이준2011,12.11,19,2012,2000,55,2026,8,3
영등포구,신길동,힐스테이트클래시안,59.87,18,2020,83000,0,2026,8,27
영등포구,양평동6가,한솔,59.28,16,1999,42000,0,2026,8,27
영등포구,당산동4가,한강아파트,84.98,5,1999,64050,0,2026,8,27
영등포구,당산동2가,한화포레나당산,17.669,3,2022,11600,16,2026,8,27
영등포구,당산동4가,당산현대5차,59.75,6,2000,65100,0,2026,8,27
영등포구,영등포동8가,당산푸르지오,133.34,3,2004,105000,0,2026,8,27
영등포구,도림동,영등포아트자이,84.974,3,2014,22000,118,2026,8,1
영등포구,여의도동,미성,101.29,7,1978,82000,0,2026,8,26
영등포구,문래동3가,문래건영,59.4,6,1998,52500,0,2026,8,22
영등포구,문래동5가,현대3차,84.55,4,1991,51000,0,2026,8,26
영등포구,당산동1가,신동아파밀리에,59.4,4,2008,62000,0,2026,8,22
영등포구,여의도동,시범,79.24,7,1971,2000,190,2026,8,26
영등포구,영등포동4가,영등포그랑그루,12.1,10,2012,500,70,2026,8,12
영등포구,문래동6가,문래롯데캐슬,53.75,19,2020,26000,52,2026,8,24
영등포구,대림동,보라매 신동아 파밀리에,84.88,10,2016,10000,212,2026,8,16
영등포구,문래동2가,남성,47.3,2,1983,20000,50,2026,8,26
영등포구,여의도동,진주,63.83,4,1977,55000,0,2026,8,5
영등포구,신길동,힐스테이트클래시안,42.68,12,2020,40450,0,2026,8,27
영등포구,영등포동,영등포푸르지오,73.133,18,2002,65000,0,2026,8,26
영등포구,신길동,보라매에스케이뷰,84.98,13,2020,87150,0,2026,8,26
영등포구,신길동,신길센트럴자이아파트,59.98,5,2021,68000,0,2026,8,26
영등포구,신길동,우성1,64.4,10,1986,37200,0,2026,8,25
영등포구,당산동5가,성원,59.94,6,1997,60000,0,2026,8,11
영등포구,여의도동,공작,93.06,6,1976,5000,250,2026,8,19
영등포구,당산동2가,한화포레나당산,17.669,9,2022,9799,29,2026,8,25
영등포구,여의도동,롯데캐슬아이비,103.86,23,2005,60000,210,2026,8,26
영등포구,여의도동,광장,136.63,12,1978,115000,0,2026,8,26
영등포구,대림동,코오롱,84.93,3,1998,25000,130,2026,8,22
영등포구,대림동,신동아,53.37,11,1987,5000,110,2026,8,20
영등포구,당산동3가,당산어울림2차,84.8711,6,2009,35000,100,2026,8,26
영등포구,여의도동,리버타워,234.02,11,2000,140000,0,2026,8,17
영등포구,신길동,삼환,84.83,9,1997,57000,0,2026,8,22
영등포구,신길동,삼환,59.53,10,1997,20000,109,2026,8,25
영등포구,신길동,삼환,84.84,1,1997,70000,0,2026,8,22
영등포구,문래동6가,문래롯데캐슬,59.9,17,2020,25000,71,2026,8,7
영등포구,문래동6가,문래롯데캐슬,59.9,6,2020,25000,68,2026,8,24
영등포구,여의도동,시범,118.12,8,1971,63000,0,2026,8,22
영등포구,당산동,래미안당산1차,59.97,8,1995,50000,55,2026,8,24
영등포구,신길동,여의,62.93,1,2001,30000,45,2026,8,25
영등포구,문래동5가,문래대림,59.96,16,2000,35000,45,2026,8,24
영등포구,당산동2가,당산2가현대홈타운,82.77,1,1994,62000,0,2026,8,17
영등포구,여의도동,진주,72,9,1977,63000,0,2026,8,14
영등포구,영등포동7가,경남아너스빌,84.82,7,1998,68250,0,2026,8,10
영등포구,여의도동,여의도자이,148.94,31,2008,30000,600,2026,8,18
영등포구,당산동4가,브라운스톤당산,84.025,20,2015,78750,0,2026,8,25
영등포구,영등포동3가,포레스트힐시티,13.53,8,2014,5000,30,2026,8,25
영등포구,당산동4가,당산현대3차,84.5,5,1988,56000,30,2026,8,25
영등포구,대림동,신동아,67.41,2,1987,35000,0,2026,8,18
영등포구,대림동,신동아,67.41,8,1987,5000,120,2026,8,7
영등포구,대림동,e편한세상영등포아델포레,59.9792,4,2020,70000,0,2026,8,25
영등포구,영등포동7가,엔비어스파크,16.645,14,2020,1000,75,2026,8,10
영등포구,당산동1가,진로,59.4,1,1997,52500,0,2026,8,22
영등포구,대림동,코오롱,84.93,13,1998,57000,30,2026,8,22
영등포구,문래동6가,대원,59.99,10,1998,38000,40,2026,8,25
영등포구,양평동5가,양평한신,59.94,10,1996,45000,0,2026,8,25
영등포구,신길동,여의도리버뷰,12.96,3,2012,2000,50,2026,8,21
영등포구,양평동4가,약산,26.97,2,1984,12500,0,2026,8,21
영등포구,당산동2가,한화포레나당산,33.095,13,2022,22197,23,2026,8,25
영등포구,영등포동7가,브라운스톤영등포,84.9,13,2004,60900,0,2026,8,11
영등포구,대림동,(1101-1),13.9,7,2012,500,58,2026,8,24
영등포구,신길동,래미안영등포프레비뉴,84.98,17,2015,73500,0,2026,8,25
영등포구,당산동4가,당산현대3차,59.26,12,1988,55000,0,2026,8,21
영등포구,영등포동,영등포푸르지오,79.777,7,2002,70000,0,2026,8,10
영등포구,양평동3가,양평역미소지움,59.469,9,2018,10000,169,2026,8,12
영등포구,당산동1가,진로,59.4,1,1997,10000,180,2026,8,22
영등포구,대림동,영등포자이르네,49.01,2,2022,40000,55,2026,8,24
영등포구,신길동,더샵파크프레스티지,59.8635,10,2022,40000,115,2026,8,19
영등포구,여의도동,시범,79.24,4,1971,37000,0,2026,8,10
영등포구,대림동,e편한세상영등포아델포레,59.968,10,2020,30000,160,2026,8,24
영등포구,영등포동7가,아크로타워스퀘어,84.69,18,2017,103500,0,2026,8,7
영등포구,문래동6가,문래롯데캐슬,59.9,6,2020,20000,88,2026,8,20
영등포구,당산동,미진리버빌,22.23,2,2012,2000,61,2026,8,6
영등포구,당산동,훼미리하우스138,14.28,12,2013,11400,15,2026,8,22
영등포구,여의도동,화랑,146.78,4,1977,130000,0,2026,8,21
영등포구,당산동2가,당산대우,45.55,2,1999,15000,70,2026,8,8
영등포구,영등포동1가,헤렌어반,13.331,2,2011,9400,7,2026,8,1
영등포구,영등포동,영등포푸르지오,73.133,18,2002,15000,200,2026,8,23
영등포구,당산동1가,신동아파밀리에,59.4,13,2008,3000,155,2026,8,24
영등포구,영등포동2가,이지리움S,13.37,8,2013,11900,5,2026,8,22
영등포구,당산동5가,당산삼성래미안4차,133.42,16,2003,117600,0,2026,8,22
영등포구,여의도동,진주,94.31,3,1977,50000,160,2026,8,17
영등포구,당산동5가,반도유보라,78.84,11,2002,75000,0,2026,8,22
영등포구,영등포동7가,아크로타워스퀘어,84.69,25,2017,100000,0,2026,8,22
영등포구,신길동,신기목련아파트,59.4,7,2000,27300,25,2026,8,24
영등포구,당산동,리스빌,12.48,14,2012,4000,58,2026,8,22
영등포구,당산동4가,당산삼성2차,59.76,5,1997,61950,0,2026,8,24
영등포구,당산동5가,당산센트럴아이파크,71.98,26,2020,25000,300,2026,8,21
영등포구,대림동,쌍용플래티넘S,18.24,5,2013,600,55,2026,8,11
영등포구,문래동6가,현대6차,50.55,11,1997,35000,50,2026,8,22
영등포구,문래동6가,문래롯데캐슬,59.9,16,2020,1500,55,2026,8,24
영등포구,대림동,현대1,84.75,1,1992,54000,0,2026,8,24
영등포구,신길동,보라매경남아너스빌,84.79,24,2005,68000,0,2026,8,24
영등포구,문래동3가,문래자이,84.98,2,2001,88000,0,2026,8,22
영등포구,신길동,더샵파크프레스티지,59.8635,1,2022,58800,20,2026,8,22
영등포구,영등포동2가,센트레빌아스테리움영등포아파트,56.277,14,2024,65000,0,2026,8,22
영등포구,대림동,현대1,84.75,1,1992,39000,45,2026,8,22
영등포구,영등포동1가,지엘리베라움,12.62,11,2014,14000,12,2026,8,20
영등포구,신길동,래미안영등포프레비뉴,84.98,6,2015,78000,0,2026,8,22
영등포구,여의도동,삼익,123.27,1,1974,55000,120,2026,8,8
영등포구,양평동3가,양평현대6차,84.92,4,2000,25000,200,2026,8,22
영등포구,신길동,우성4,84.95,14,1991,60000,30,2026,8,22
영등포구,영등포동2가,여의도리미티오148,24.3859,15,2022,27000,20,2026,8,21
영등포구,신길동,삼성,41.58,3,1984,20000,0,2026,8,22
영등포구,당산동,강변래미안,79.43,9,2002,30000,69,2026,8,14
영등포구,양평동3가,현대3차,84.55,5,1991,60900,0,2026,8,13
영등포구,신길동,우성3,53.24,3,1989,45000,0,2026,8,18
영등포구,양평동4가,성원,84.6,19,1993,48600,0,2026,8,22
영등포구,당산동,훼미리하우스138,14.28,11,2013,1000,65,2026,8,9
영등포구,당산동4가,당산삼성2차,59.76,12,1997,65000,0,2026,8,22
영등포구,신길동,삼환,84.84,12,1997,62000,0,2026,8,22
영등포구,양평동1가,한신공영,59.98,9,1996,49350,0,2026,8,10
영등포구,대림동,(1101-1),14.81,8,2012,1000,55,2026,8,19
영등포구,당산동1가,진로,84.87,6,1997,15000,200,2026,8,22
영등포구,여의도동,시범,79.24,6,1971,34000,0,2026,8,22
영등포구,양평동3가,현대2차,80.92,5,1990,56700,0,2026,8,22
영등포구,여의도동,삼부,77.69,15,1975,80000,0,2026,8,20
영등포구,신길동,우성3,64.4,7,1989,49000,0,2026,8,22
영등포구,영등포동7가,아크로타워스퀘어,84.75,5,2017,84000,0,2026,8,21
영등포구,당산동5가,당산센트럴아이파크,71.98,18,2020,92000,0,2026,8,22
영등포구,여의도동,롯데캐슬엠파이어,107.58,21,2005,60000,310,2026,8,21
영등포구,영등포동,영등포푸르지오,79.777,18,2002,63000,0,2026,8,8
영등포구,당산동,리스빌,13.2,14,2012,5000,57,2026,8,7
영등포구,당산동3가,동부센트레빌,94.75,18,2003,90000,0,2026,8,21
영등포구,당산동3가,리마크빌당산,20.13,4,2025,2000,137,2026,8,10
영등포구,신길동,래미안영등포프레비뉴,59.99,15,2015,65100,0,2026,8,20
영등포구,당산동1가,진로,59.4,11,1997,40000,120,2026,8,21
영등포구,당산동3가,당산계룡리슈빌3단지,49.993,12,2014,50700,0,2026,8,21
영등포구,양평동3가,거성파스텔,131.34,3,1999,85000,0,2026,8,18
영등포구,문래동6가,문래베어스타운,84.9,1,1997,56000,0,2026,8,18
영등포구,신길동,힐스테이트클래시안,59.91,9,2020,84000,0,2026,8,21
영등포구,당산동3가,리마크빌당산,27.02,3,2025,2000,170,2026,8,3
영등포구,당산동4가,당산현대3차,84.5,14,1988,78000,0,2026,8,21
영등포구,양평동1가,신동아,61.59,11,1982,32100,50,2026,8,8
영등포구,문래동5가,문래두산위브,65.46,2,1988,28000,80,2026,8,15
영등포구,신길동,선원가와인,80.434,13,2013,60000,0,2026,8,21
영등포구,영등포동7가,경남아너스빌,59.9,10,1998,15000,150,2026,8,12
영등포구,대림동,쌍용플래티넘S,18.24,8,2013,1000,35,2026,8,21
영등포구,영등포동,영등포푸르지오,79.777,18,2002,63000,0,2026,8,1
영등포구,양평동4가,성원,84.66,3,1993,61400,0,2026,8,20
영등포구,당산동,미진리버빌,19.39,8,2012,1000,56,2026,8,4
영등포구,당산동3가,당산계룡리슈빌1단지,42.47,11,2014,47408,0,2026,8,19
영등포구,양평동2가,양평벽산블루밍,59.58,9,1990,45000,0,2026,8,19
영등포구,신길동,더샵파크프레스티지,84.9005,14,2022,83000,40,2026,8,1
영등포구,신길동,4972,15.5581,5,2021,1000,62,2026,8,7
영등포구,신길동,신길센트럴자이아파트,84.98,6,2021,85000,0,2026,8,19
영등포구,도림동,도림청구,37.81,17,1997,25000,0,2026,8,18
영등포구,대림동,HHouse대림뉴스테이,26.39,18,2017,1000,77,2026,8,3
영등포구,당산동3가,당산한양,73.87,7,1986,5000,148,2026,8,12
영등포구,대림동,e편한세상영등포아델포레,84.9948,9,2020,68000,30,2026,8,13
영등포구,신길동,여의,51,4,2001,28000,0,2026,8,17
영등포구,양평동1가,신동아,50.81,6,1982,5000,120,2026,8,8
영등포구,신길동,보라매에스케이뷰,84.98,1,2020,20000,300,2026,8,19
영등포구,신길동,우성1,64.4,3,1986,38300,0,2026,8,12
영등포구,신길동,래미안에스티움,84.93,2,2017,60000,195,2026,8,11
영등포구,당산동3가,당산계룡리슈빌2단지,46.203,10,2014,46200,0,2026,8,17
영등포구,도림동,에스제이팰리스,28.67,12,2019,3000,105,2026,8,19
영등포구,당산동3가,리마크빌당산,22.06,4,2025,2000,146,2026,8,4
영등포구,대림동,신동아,53.37,2,1987,5000,100,2026,8,10
영등포구,문래동5가,문래모아미래도,84.75,14,2017,80850,0,2026,8,5
영등포구,양평동2가,상록수,59.54,8,1999,41000,0,2026,8,19
영등포구,양평동1가,신동아,61.59,8,1982,30000,0,2026,8,15
영등포구,신길동,우창,62.84,11,1983,25000,0,2026,8,11
영등포구,여의도동,시범,79.24,1,1971,40000,0,2026,8,19
영등포구,당산동3가,리마크빌당산,23.46,2,2025,2000,148,2026,8,13
영등포구,신길동,보라매에스케이뷰,84.98,11,2020,95000,0,2026,8,17
영등포구,영등포동8가,삼환,59.91,16,1999,55650,0,2026,8,13
영등포구,문래동6가,한신,62.36,2,1985,38300,0,2026,8,14
영등포구,신길동,래미안영등포프레비뉴,59.99,10,2015,61352,0,2026,8,18
영등포구,당산동2가,당산대우,31.73,18,1999,1000,68,2026,8,11
영등포구,문래동6가,현대1차,64.38,6,1986,49000,0,2026,8,18
영등포구,대림동,보라매 신동아 파밀리에,84.88,5,2016,51800,0,2026,8,17
영등포구,신길동,래미안영등포프레비뉴,84.98,9,2015,68000,0,2026,8,19
영등포구,신길동,신길AK푸르지오,49.6104,13,2024,40794,0,2026,8,19
영등포구,신길동,우성3,64.4,2,1989,48000,0,2026,8,14
영등포구,영등포동,영등포푸르지오,84.908,9,2002,48100,70,2026,8,7
영등포구,양평동2가,양평벽산블루밍,59.58,5,1990,20000,100,2026,8,19
영등포구,당산동3가,당산계룡리슈빌2단지,40.154,8,2014,58000,0,2026,8,18
영등포구,당산동3가,당산한양,84.93,5,1986,65000,0,2026,8,14
영등포구,문래동6가,문래베어스타운,59.95,12,1997,20000,140,2026,8,18
영등포구,당산동,리첸트,14.77,9,2012,3000,55,2026,8,15
영등포구,문래동3가,문래자이,121.53,9,2001,98000,0,2026,8,8
영등포구,영등포동7가,훼미리하우스117,16.98,3,2012,1000,60,2026,8,4
영등포구,당산동5가,당산삼성래미안4차,84.94,20,2003,101850,0,2026,8,8
영등포구,영등포동7가,아크로타워스퀘어,84.75,4,2017,85000,0,2026,8,17
영등포구,당산동5가,당산삼성래미안4차,161.08,7,2003,97000,100,2026,8,18
영등포구,대림동,현대3차,43.92,8,1997,40000,0,2026,8,14
영등포구,당산동5가,당산효성타운2차,84.38,4,2001,15000,300,2026,8,16
영등포구,당산동2가,당산2가현대홈타운,82.77,3,1994,65000,0,2026,8,13
영등포구,당산동5가,당산삼성래미안4차,133.42,10,2003,120000,0,2026,8,13
영등포구,신길동,비스타동원,15.3664,20,2024,16000,2,2026,8,4
영등포구,양평동1가,신동아,50.81,4,1982,3000,100,2026,8,13
영등포구,문래동3가,문래자이,84.98,7,2001,93000,0,2026,8,18
영등포구,당산동,래미안당산1차,59.97,15,1995,48000,80,2026,8,15
영등포구,신길동,신길센트럴아이파크,84.98,17,2019,76600,0,2026,8,11
영등포구,당산동1가,진로,59.4,12,1997,51000,0,2026,8,18
영등포구,신길동,비스타동원,28.7519,14,2024,27200,3,2026,8,13
영등포구,양평동5가,양평한신,59.94,13,1996,5000,200,2026,8,15
영등포구,신길동,4972,15.5581,3,2021,1000,65,2026,8,7
영등포구,신길동,보라매에스케이뷰,84.98,12,2020,75000,40,2026,8,14
영등포구,당산동,강변래미안,55.91,11,2002,67000,0,2026,8,18
영등포구,문래동5가,문래모아미래도,84.75,16,2017,75000,0,2026,8,13
영등포구,대림동,신동아,67.41,2,1987,35000,0,2026,8,18
영등포구,신길동,힐스테이트클래시안,59.91,20,2020,70000,0,2026,8,15
영등포구,대림동,e편한세상영등포아델포레,59.968,6,2020,73000,0,2026,8,15
영등포구,영등포동,영등포푸르지오,79.777,1,2002,70000,0,2026,8,11
영등포구,문래동6가,현대2차,41.04,4,1987,27000,0,2026,8,14
영등포구,대림동,e편한세상영등포아델포레,84.9948,6,2020,73500,0,2026,8,15
영등포구,당산동3가,당산계룡리슈빌2단지,47.25,3,2014,56500,0,2026,8,8
영등포구,문래동5가,문래현대5차,84.79,7,1992,43000,28,2026,8,15
영등포구,대림동,문영칸타빌레,84.89,4,2001,52500,0,2026,8,8
영등포구,신길동,우성3,83.66,4,1989,46305,0,2026,8,15
영등포구,신길동,우창,66.82,7,1983,6000,100,2026,8,14
영등포구,여의도동,"광장(1,2동)",102.85,13,1978,102000,0,2026,8,17
영등포구,영등포동2가,현대팰리스,29.67,11,2016,26200,10,2026,8,15
영등포구,신길동,힐스테이트클래시안,84.86,10,2020,60000,165,2026,8,17
영등포구,영등포동1가,여의도더리브스타일,14.8376,23,2020,5000,69,2026,8,15
영등포구,신길동,보라매경남아너스빌,84.79,18,2005,68000,0,2026,8,15
영등포구,당산동2가,당산2가현대홈타운,82.77,6,1994,60900,0,2026,8,8
영등포구,영등포동7가,아크로타워스퀘어,59.91,3,2017,84000,0,2026,8,17
영등포구,양평동3가,양평역미소지움,59.166,4,2018,30000,140,2026,8,13
영등포구,신길동,우성3,83.66,4,1989,46305,0,2026,8,15
영등포구,문래동3가,문래공원한신,58.96,9,1988,46000,0,2026,8,15
영등포구,신길동,힐스테이트클래시안,84.86,26,2020,97500,0,2026,8,15
영등포구,대림동,코오롱,59.94,13,1998,40000,0,2026,8,13
영등포구,당산동5가,당산삼성래미안4차,115.78,8,2003,125000,0,2026,8,14
영등포구,대림동,현대3차,43.92,21,1997,3000,150,2026,8,13
영등포구,신길동,대성유니드,82.26,12,2003,50000,0,2026,8,14
영등포구,대림동,쌍용플래티넘S,18.24,6,2013,500,55,2026,8,10
영등포구,문래동6가,문래롯데캐슬,53.75,15,2020,25000,56,2026,8,13
영등포구,당산동4가,한강아파트,84.98,19,1999,10000,155,2026,8,2
영등포구,여의도동,서울,139.31,2,1976,75000,220,2026,8,14
영등포구,당산동4가,한강아파트,84.98,11,1999,67200,0,2026,8,7
영등포구,문래동6가,문래롯데캐슬,51.25,4,2020,10000,83,2026,8,14
영등포구,영등포동7가,아크로타워스퀘어,84.69,10,2017,60000,190,2026,8,13
영등포구,영등포동,두산위브,59.8,3,2004,42000,0,2026,8,2
영등포구,대림동,대림현대,59.76,13,1999,44000,0,2026,8,14
영등포구,양평동2가,삼성래미안,59.4,20,1998,39280,0,2026,8,14
영등포구,대림동,e편한세상영등포아델포레,84.9571,3,2020,82000,0,2026,8,14
영등포구,영등포동1가,여의도더리브스타일,14.8376,19,2020,18000,0,2026,8,13
영등포구,문래동5가,문래모아미래도,84.81,15,2017,55000,115,2026,8,14
영등포구,신길동,더샵파크프레스티지,84.9626,5,2022,76000,60,2026,8,12
영등포구,신길동,비스타동원,28.7519,20,2024,24500,13,2026,8,5
영등포구,대림동,e편한세상영등포아델포레,84.9948,13,2020,62000,0,2026,8,13
영등포구,신길동,래미안에스티움,59.95,15,2017,71400,0,2026,8,13
영등포구,신길동,래미안에스티움,84.92,9,2017,97000,0,2026,8,13
영등포구,대림동,대림동갑을명가아파트,84.87,12,2005,20000,80,2026,8,12
영등포구,당산동3가,당산계룡리슈빌2단지,38.77,2,2014,3000,180,2026,8,13
영등포구,당산동2가,한화포레나당산,26.716,14,2022,18847,22,2026,8,13
영등포구,여의도동,시범,79.24,6,1971,40000,0,2026,8,13
영등포구,신길동,신길AK푸르지오,49.9038,17,2024,20000,150,2026,8,13
영등포구,여의도동,여의도자이,148.94,11,2008,20000,650,2026,8,12
영등포구,여의도동,시범,79.24,4,1971,50000,0,2026,8,11
영등포구,문래동6가,문래롯데캐슬,59.9,8,2020,25000,68,2026,8,11
영등포구,문래동6가,문래롯데캐슬,53.75,13,2020,20000,69,2026,8,11
영등포구,여의도동,시범,60.96,10,1971,33000,0,2026,8,6
영등포구,신길동,래미안에스티움,84.95,15,2017,84000,0,2026,8,12
영등포구,영등포동7가,훼미리하우스117,16.9,13,2012,1000,70,2026,8,5
영등포구,대림동,e편한세상영등포아델포레,84.9571,13,2020,25000,220,2026,8,7
영등포구,양평동3가,현대2차,80.92,3,1990,63000,0,2026,8,12
영등포구,신길동,힐스테이트클래시안,42.68,18,2020,51450,0,2026,8,13
영등포구,문래동6가,문래롯데캐슬,51.25,17,2020,25000,46,2026,8,13
영등포구,신길동,우성2,84.47,5,1986,43000,0,2026,8,8
영등포구,신길동,우성2,53.24,8,1986,2000,116,2026,8,1
영등포구,여의도동,시범,79.24,6,1971,29000,80,2026,8,13
영등포구,문래동6가,문래롯데캐슬,52.62,18,2020,25000,53,2026,8,7
영등포구,대림동,e편한세상영등포아델포레,84.9948,9,2020,82000,0,2026,8,13
영등포구,영등포동1가,지엘리베라움,12.62,13,2014,14000,12,2026,8,8
영등포구,문래동3가,문래힐스테이트,119.47,16,2003,20000,260,2026,8,12
영등포구,당산동5가,당산삼성래미안4차,115.78,7,2003,95000,60,2026,8,12
영등포구,문래동6가,문래롯데캐슬,51.25,5,2020,25000,42,2026,8,7
영등포구,신길동,보라매에스케이뷰,84.98,14,2020,81900,0,2026,8,7
영등포구,영등포동7가,경남아너스빌,84.82,6,1998,30000,150,2026,8,9
영등포구,문래동3가,문래자이,84.98,21,2001,70000,120,2026,8,8
영등포구,신길동,보라매경남아너스빌,84.79,7,2005,37500,80,2026,8,10
영등포구,신길동,신길AK푸르지오,49.4666,24,2024,5000,250,2026,8,12
영등포구,양평동1가,신동아,50.81,6,1982,20000,50,2026,8,8
영등포구,영등포동7가,포레나영등포센트럴,59.8976,25,2020,84000,0,2026,8,8
영등포구,영등포동,순영웰라이빌,84.88,10,2002,52500,0,2026,8,1
영등포구,신길동,우성3,83.66,6,1989,40000,30,2026,8,11
영등포구,대림동,신대림자이1단지,84.88,18,2007,10000,240,2026,8,12
영등포구,대림동,e편한세상영등포아델포레,84.9948,9,2020,71000,0,2026,8,10
영등포구,신길동,우성3,64.4,7,1989,48000,0,2026,8,9
영등포구,여의도동,여의도자이,148.94,15,2008,177500,0,2026,8,11
영등포구,신길동,힐스테이트클래시안,42.68,18,2020,51450,0,2026,8,12
영등포구,문래동6가,문래롯데캐슬,59.9,4,2020,25000,66,2026,8,12
영등포구,신길동,신길AK푸르지오,49.4666,24,2024,5000,250,2026,8,11
영등포구,양평동5가,양평한신,59.94,5,1996,50000,0,2026,8,10
영등포구,양평동2가,삼성래미안,84.69,21,1998,65000,0,2026,8,8
영등포구,영등포동7가,아크로타워스퀘어,84.69,9,2017,105000,0,2026,8,6
영등포구,문래동6가,문래롯데캐슬,51.25,19,2020,25000,45,2026,8,12
영등포구,여의도동,광장,102.35,2,1978,40000,165,2026,8,11
영등포구,당산동5가,당산센트럴아이파크,84.98,4,2020,106000,0,2026,8,10
영등포구,당산동4가,브라운스톤당산,84.037,10,2015,87000,0,2026,8,9
영등포구,당산동2가,당산2가현대홈타운,82.77,15,1994,15000,202,2026,8,8
영등포구,문래동5가,문래현대5차,84.79,18,1992,52000,0,2026,8,10
영등포구,당산동5가,당산삼성래미안4차,115.78,11,2003,110000,0,2026,8,8
영등포구,여의도동,목화,89.26,7,1977,51000,0,2026,8,11
영등포구,신길동,우창,62.84,11,1983,25000,0,2026,8,11
영등포구,당산동5가,당산삼성래미안4차,115.78,9,2003,130000,0,2026,8,11
영등포구,대림동,대림동갑을명가아파트,84.87,10,2005,5000,170,2026,8,11
영등포구,신길동,힐스테이트클래시안,42.68,15,2020,48000,0,2026,8,11
영등포구,양평동1가,영등포중흥에스클래스,28.97,21,2021,3000,120,2026,8,11
영등포구,당산동4가,당산현대5차,84.69,21,2000,25000,190,2026,8,11
영등포구,여의도동,시범,79.24,12,1971,42000,0,2026,8,10
영등포구,신길동,보라매정은벚꽃마을,63.4,2,2014,58000,0,2026,8,1
영등포구,대림동,브라이튼디엘,58.37,6,2023,30627,0,2026,8,11
영등포구,영등포동8가,당산푸르지오,84.98,5,2004,85000,0,2026,8,10
영등포구,영등포동2가,센트레빌아스테리움영등포아파트,59.9953,26,2024,73500,0,2026,8,11
영등포구,대림동,e편한세상영등포아델포레,84.9571,9,2020,82000,0,2026,8,7
영등포구,대림동,쌍용플래티넘S,18.24,6,2013,500,55,2026,8,10
영등포구,문래동4가,문래동삼환,59.85,7,2001,35700,0,2026,8,10
영등포구,당산동5가,당산디오빌,29.23,10,2005,30000,0,2026,8,7
영등포구,문래동6가,문래롯데캐슬,51.25,2,2020,26000,40,2026,8,7
영등포구,문래동5가,문래모아미래도,59.9,10,2017,31070,0,2026,8,11
영등포구,신길동,힐스테이트클래시안,84.86,20,2020,20000,300,2026,8,11
영등포구,당산동1가,진로,84.87,11,1997,40000,165,2026,8,9
영등포구,문래동6가,문래롯데캐슬,53.75,8,2020,25000,55,2026,8,7
영등포구,문래동6가,문래롯데캐슬,59.9,19,2020,25000,70,2026,8,7
영등포구,당산동,래미안당산1차,59.97,11,1995,70000,0,2026,8,11
영등포구,대림동,e편한세상영등포아델포레,84.9571,6,2020,78000,0,2026,8,10
영등포구,영등포동8가,삼환,84.87,9,1999,74550,0,2026,8,10
영등포구,당산동3가,리마크빌당산,23.46,2,2025,2000,148,2026,8,1
영등포구,영등포동1가,여의도더리브스타일,14.8376,14,2020,18200,15,2026,8,7
영등포구,대림동,보라매 신동아 파밀리에,84.91,16,2016,54200,0,2026,8,11
영등포구,여의도동,수정,150.65,8,1976,110000,0,2026,8,10
영등포구,문래동6가,문래롯데캐슬,51.25,13,2020,20000,65,2026,8,11
영등포구,양평동4가,삼호한숲,59.9,17,2000,59500,0,2026,8,10
영등포구,당산동5가,반도유보라,84.58,8,2002,73900,0,2026,8,10
영등포구,영등포동3가,포레스트힐시티,13.53,12,2014,500,60,2026,8,1
영등포구,신길동,우성1,64.4,13,1986,40000,0,2026,8,8
영등포구,여의도동,대교,133.65,9,1975,10000,100,2026,8,11
영등포구,대림동,신대림자이2단지,84.9,15,2007,45400,0,2026,8,8
영등포구,문래동6가,e편한세상 문래 에듀플라츠,59.97,17,2020,71400,0,2026,8,10
영등포구,도림동,한라,59.85,13,1998,20000,61,2026,8,1
영등포구,당산동,훼미리하우스138,14.28,2,2013,6000,35,2026,8,10
영등포구,여의도동,여의도자이,148.94,10,2008,170000,120,2026,8,7
영등포구,당산동2가,당산2가현대홈타운,82.77,9,1994,30000,163,2026,8,7
영등포구,당산동5가,당산삼성래미안4차,97.27,19,2003,100000,0,2026,8,10
영등포구,여의도동,진주,72,10,1977,70000,0,2026,8,7
영등포구,신길동,보라매에스케이뷰,59.98,10,2020,82000,0,2026,8,8
영등포구,신길동,우성2,64.4,6,1986,30000,0,2026,8,8
영등포구,양평동5가,양평한신,84.87,4,1996,61500,0,2026,8,10
영등포구,신길동,더샵파크프레스티지,59.8635,4,2022,70000,0,2026,8,8
영등포구,영등포동1가,여의도이튼브라운,43.37,6,2022,10000,195,2026,8,8
영등포구,당산동5가,당산효성타운2차,84.38,15,2001,85000,0,2026,8,8
영등포구,신길동,대방전철,45.95,1,1976,27000,0,2026,8,4
영등포구,문래동3가,문래금호어울림,84.99,14,2006,78750,0,2026,8,8
영등포구,신길동,보라매에스케이뷰,59.98,5,2020,81000,0,2026,8,8
영등포구,당산동4가,당산현대3차,73.27,9,1988,57500,0,2026,8,8
영등포구,여의도동,삼부,135.8,10,1975,5000,330,2026,8,5
영등포구,여의도동,진주,72,6,1977,65000,0,2026,8,7
영등포구,당산동1가,신동아파밀리에,59.4,12,2008,60000,0,2026,8,8
영등포구,당산동2가,당산대우,45.55,9,1999,31000,0,2026,8,8
영등포구,양평동3가,삼익플라주101동,84.85,12,2009,66150,0,2026,8,8
영등포구,영등포동,영등포푸르지오,84.84,2,2002,60000,0,2026,8,7
영등포구,신길동,프리가,13.66,11,2013,1000,65,2026,8,6
영등포구,대림동,e편한세상영등포아델포레,59.9792,7,2020,56500,0,2026,8,7
영등포구,신길동,우성3,64.4,12,1989,39900,0,2026,8,1
영등포구,신길동,더샵파크프레스티지,59.8635,7,2022,66000,0,2026,8,6
영등포구,양평동6가,동양,59.86,13,2000,40000,0,2026,8,7
영등포구,대림동,신동아,67.41,3,1987,34000,0,2026,8,1
영등포구,신길동,보라매경남아너스빌,84.79,18,2005,65000,0,2026,8,4
영등포구,대림동,현대3차,59.83,3,1997,57000,0,2026,8,5
영등포구,신길동,보라매에스케이뷰,59.98,7,2020,85000,0,2026,8,6
영등포구,대림동,무림,56.23,4,1981,25000,0,2026,8,6
영등포구,여의도동,시범,156.99,6,1971,4000,265,2026,8,3
영등포구,당산동4가,한강아파트,59.4,17,1999,20000,140,2026,8,7
영등포구,여의도동,시범,79.24,5,1971,48000,0,2026,8,6
영등포구,당산동2가,당산대우,31.73,2,1999,26500,0,2026,8,6
영등포구,신길동,삼환,84.84,9,1997,53000,0,2026,8,1
영등포구,신길동,보라매경남아너스빌,84.79,18,2005,65000,0,2026,8,4
영등포구,영등포동7가,경남아너스빌,59.9,4,1998,65000,0,2026,8,6
영등포구,당산동2가,한화포레나당산,33.095,14,2022,22296,23,2026,8,6
영등포구,영등포동1가,헤렌어반,13.331,3,2011,10300,0,2026,8,6
영등포구,영등포동7가,아크로타워스퀘어,84.65,14,2017,100000,0,2026,8,4
영등포구,신길동,우창,66.82,12,1983,32000,0,2026,8,5
영등포구,당산동2가,당산2가현대홈타운,82.77,6,1994,60000,0,2026,8,5
영등포구,영등포동7가,경남아너스빌,114.77,8,1998,25000,210,2026,8,3
영등포구,당산동5가,유원제일2차,84.6,2,1984,38200,0,2026,8,6
영등포구,당산동4가,당산삼성2차,59.76,12,1997,15500,87,2026,8,5
영등포구,영등포동1가,내이처해밀,14.24,8,2012,10700,20,2026,8,5
영등포구,양평동3가,양평역미소지움,59.469,10,2018,58800,0,2026,8,5
영등포구,여의도동,수정,150.65,2,1976,84000,0,2026,8,5
영등포구,영등포동3가,포레스트힐시티,13.53,9,2014,500,65,2026,8,3
영등포구,영등포동7가,아크로타워스퀘어,84.69,35,2017,110000,0,2026,8,5
영등포구,신길동,래미안영등포프레비뉴,59.99,1,2015,60000,0,2026,8,5
영등포구,당산동2가,한화포레나당산,17.669,17,2022,9700,30,2026,8,5
영등포구,대림동,현대3차,59.83,23,1997,10000,150,2026,8,4
영등포구,신길동,건영,95.64,8,1985,47300,0,2026,8,4
영등포구,영등포동,영등포푸르지오,79.777,14,2002,5000,230,2026,8,1
영등포구,신길동,더샵파크프레스티지,59.8943,8,2022,10000,250,2026,8,3
영등포구,영등포동1가,헤렌어반,13.216,7,2011,1000,60,2026,8,1
영등포구,영등포동7가,아크로타워스퀘어,84.75,22,2017,110000,0,2026,8,4
영등포구,도림동,영등포아트자이,84.974,9,2014,73500,0,2026,8,1
영등포구,신길동,보라매두산위브,136.74,2,2005,78000,0,2026,8,4
영등포구,대림동,보라매 신동아 파밀리에,84.83,7,2016,49000,0,2026,8,4
영등포구,여의도동,롯데캐슬아이비,150.8,27,2005,135000,0,2026,8,4
영등포구,문래동5가,문래두산위브,65.46,11,1988,13000,85,2026,8,2
영등포구,여의도동,삼익,123.27,1,1974,100000,0,2026,8,3
영등포구,당산동3가,리마크빌당산,22.06,4,2025,2000,146,2026,8,4
영등포구,여의도동,롯데캐슬엠파이어,107.58,6,2005,110250,0,2026,8,3
영등포구,대림동,신대림신동아파밀리에,59.9754,10,2013,38000,50,2026,8,1
영등포구,당산동1가,신동아파밀리에,59.4,12,2008,60000,0,2026,8,1
영등포구,대림동,현대3차,43.92,13,1997,36000,15,2026,8,1
영등포구,당산동,강변래미안,55.91,6,2002,10000,210,2026,8,1
영등포구,당산동2가,당산대우,31.73,3,1999,2000,75,2026,8,1
영등포구,대림동,현대3차,59.83,20,1997,5000,180,2026,8,1
영등포구,여의도동,은하,121.52,11,1974,84000,0,2026,8,3
영등포구,영등포동7가,아크로타워스퀘어,115.58,20,2017,135000,0,2026,8,1
영등포구,대림동,현대3차,43.92,26,1997,35000,0,2026,8,1
영등포구,대림동,현대3차,43.92,13,1997,36000,15,2026,8,1
영등포구,영등포동7가,경남아너스빌,59.9,11,1998,52500,0,2026,8,1
영등포구,신길동,우성2,84.47,7,1986,38000,0,2026,8,1
영등포구,신길동,삼환,59.53,7,1997,20000,170,2026,8,1
영등포구,영등포동,영등포푸르지오,79.777,16,2002,62000,0,2026,8,1
영등포구,대림동,보라매 신동아 파밀리에,84.88,11,2016,55000,0,2026,8,1
영등포구,신길동,우성2,64.4,14,1986,30000,0,2026,8,2
동작구,흑석동,흑석동양아파트,59.511,7,2003,68000,0,2026,8,6
동작구,사당동,극동(105),46.75,13,1993,31000,20,2026,8,26
동작구,사당동,래미안로이파크,84.98,4,2018,89000,0,2026,8,22
동작구,노량진동,신동아리버파크,59.67,11,2001,45150,0,2026,8,20
동작구,사당동,삼익그린뷰,59.1605,15,2003,20000,110,2026,8,17
동작구,신대방동,신대방경남,137.15,8,2003,78000,0,2026,8,18
동작구,상도동,상도역롯데캐슬파크엘,84.9833,17,2021,65000,160,2026,8,7
동작구,흑석동,롯데캐슬에듀포레,59.8718,7,2018,54600,0,2026,8,7
동작구,상도동,상도푸르지오클라베뉴,74.9953,13,2024,68250,0,2026,8,29
동작구,상도동,상도푸르지오클라베뉴,74.9953,9,2024,68250,0,2026,8,8
동작구,상도동,상도파크자이,72.088,9,2016,10000,300,2026,8,29
동작구,사당동,대림(169-8),59.67,1,1990,29000,60,2026,8,29
동작구,사당동,두산위브트레지움,59.773,4,2011,68000,0,2026,8,29
동작구,대방동,아데나339,17.25,8,2012,2000,75,2026,8,30
동작구,사당동,사당우성3,46.75,11,1993,23000,90,2026,8,28
동작구,상도동,두산위브트레지움2차,84.8032,8,2016,70000,60,2026,8,29
동작구,동작동,이수교KCC스위첸,84.98,12,2006,25000,240,2026,8,29
동작구,상도동,상도푸르지오클라베뉴,74.9953,11,2024,66700,0,2026,8,31
동작구,본동,래미안트윈파크,84.76,7,2011,83340,0,2026,8,30
동작구,노량진동,더써밋타워,33.56,13,2024,16200,68,2026,8,28
동작구,본동,한강쌍용,59.64,9,1999,46100,0,2026,8,29
동작구,신대방동,우성1차,84.99,17,1988,32000,90,2026,8,2
동작구,신대방동,동작협성휴포레시그니처,84.9869,22,2022,75000,0,2026,8,26
동작구,사당동,래미안로이파크,84.98,13,2018,70000,150,2026,8,31
동작구,흑석동,아크로리버하임,84.7536,10,2019,30000,0,2026,8,29
동작구,상도동,포스코더샵,84.995,4,2007,78000,0,2026,8,28
동작구,대방동,주공2,59.97,1,1995,8000,130,2026,8,31
동작구,상도동,상도파크자이,84.947,23,2016,84000,0,2026,8,18
동작구,사당동,사당휴브리지(206-127),12.42,10,2015,12500,10,2026,8,29
동작구,상도동,포스코더샵,59.99,8,2007,56700,0,2026,8,29
동작구,사당동,스톤하우스,28.77,7,2016,22600,11,2026,8,26
동작구,본동,래미안트윈파크,115.5,5,2011,100000,60,2026,8,20
동작구,본동,한강쌍용,59.64,4,1999,7000,220,2026,8,18
동작구,대방동,대림아파트,59.84,1,1993,63000,0,2026,8,31
동작구,대방동,신일해피트리,59.8165,7,2005,56000,0,2026,8,30
동작구,흑석동,흑석한강센트레빌,84.89,9,2011,93000,0,2026,8,29
동작구,사당동,사당우성3,118.25,5,1993,71400,0,2026,8,31
동작구,대방동,대림아파트,59.84,18,1993,10000,215,2026,8,29
동작구,상도동,래미안상도3차,84.96,8,2004,84000,0,2026,8,8
동작구,상도동,e편한세상상도노빌리티,84.9704,25,2018,90500,0,2026,8,29
동작구,상도동,쌍용스윗닷홈,84.954,11,2003,64000,0,2026,8,29
동작구,사당동,사당우성3,84.66,13,1993,20000,200,2026,8,1
동작구,신대방동,동작협성휴포레시그니처,84.9869,11,2022,71000,0,2026,8,30
동작구,신대방동,보라매자이더포레스트,59.9365,14,2021,74500,0,2026,8,26
동작구,사당동,극동(105),46.75,9,1993,50000,0,2026,8,21
동작구,상도동,상도현대,84.97,2,2003,59500,0,2026,8,30
동작구,흑석동,흑석리버파크자이,59.76,1,2025,40000,120,2026,8,29
동작구,흑석동,아크로리버하임,59.9154,3,2019,93400,0,2026,8,8
동작구,대방동,올리브빌딩,17.64,9,2018,3000,66,2026,8,4
동작구,사당동,사당롯데캐슬골든포레,59.9908,11,2021,60000,40,2026,8,8
동작구,사당동,르메이에르,59.4,13,2001,55000,0,2026,8,26
동작구,대방동,성원,84.32,20,1994,77000,0,2026,8,28
동작구,노량진동,필하우스(OH빌딩),12.0378,6,2012,3000,52,2026,8,27
동작구,상도동,상도동삼호아파트,114.63,1,1994,10000,250,2026,8,20
동작구,대방동,진성마블로스,14.134,8,2011,1000,50,2026,8,22
동작구,사당동,경남아너스빌1차,59.9,17,1997,55000,0,2026,8,22
동작구,상도동,힐스테이트 상도 센트럴파크,84.7835,13,2012,40000,240,2026,8,15
동작구,상도동,힐스테이트 상도 센트럴파크,84.7835,3,2012,82000,0,2026,8,28
동작구,신대방동,보라매우성,80.69,10,1995,46500,0,2026,8,13
동작구,상도동,중앙하이츠빌,84.9883,14,2003,68000,0,2026,8,28
동작구,신대방동,현진에버빌,59.6216,9,2003,30000,80,2026,8,22
동작구,상도동,e편한세상상도노빌리티,84.9704,1,2018,90000,0,2026,8,27
동작구,사당동,사당롯데캐슬2차,84.614,10,2004,59800,0,2026,8,28
동작구,노량진동,더클래식동작,16.25,14,2020,5967,48,2026,8,1
동작구,상도동,상도푸르지오클라베뉴,74.9953,2,2024,65100,0,2026,8,27
동작구,흑석동,흑석리버파크자이,59.93,4,2025,10000,300,2026,8,27
동작구,본동,신동아,46.75,10,1993,40000,0,2026,8,24
동작구,노량진동,우성,84.84,17,1997,57500,0,2026,8,5
동작구,상도동,상도푸르지오클라베뉴,74.9953,13,2024,68500,0,2026,8,26
동작구,사당동,신동아4,118.25,11,1993,80800,0,2026,8,19
동작구,대방동,신한토탈,84.98,4,1997,36000,0,2026,8,15
동작구,사당동,신동아4,59.89,4,1993,32000,70,2026,8,14
동작구,신대방동,롯데낙천대,80.2422,3,2003,37000,55,2026,8,25
동작구,상도동,상도두산위브,84.911,4,2010,83000,0,2026,8,13
동작구,사당동,대림(169-8),84.91,12,1990,59000,0,2026,8,26
동작구,노량진동,더클래식동작,14.23,15,2020,5318,44,2026,8,27
동작구,노량진동,더클래식동작,14.17,11,2020,5318,45,2026,8,13
동작구,상도동,e편한세상상도노빌리티,84.9704,20,2018,65000,130,2026,8,26
동작구,흑석동,한강현대,66.225,15,1988,63000,0,2026,8,26
동작구,사당동,사당우성2,59.89,1,1993,10000,175,2026,8,8
동작구,노량진동,신동아리버파크,59.67,5,2001,44000,24,2026,8,25
동작구,사당동,극동(105),84.32,14,1993,54600,0,2026,8,26
동작구,사당동,극동(105),119.5,3,1993,45000,90,2026,8,6
동작구,사당동,삼성래미안,114.502,2,2003,30000,250,2026,8,19
동작구,대방동,대방1차e-편한세상,84.32,13,2003,40000,60,2026,8,20
동작구,대방동,대림아파트,84.92,18,1993,51000,150,2026,8,24
동작구,대방동,대림아파트,134.25,14,1993,120000,0,2026,8,26
동작구,상도동,e편한세상상도노빌리티,108.9843,14,2018,60000,100,2026,8,10
동작구,상도동,힐스테이트 상도 센트럴파크,59.7754,9,2012,20000,190,2026,8,26
동작구,상도동,힐스테이트 상도 센트럴파크,84.7954,11,2012,91500,0,2026,8,22
동작구,동작동,이수스위첸포레힐즈,59.96,4,2022,20000,250,2026,8,1
동작구,상도동,씨티아모리움,12.7071,6,2012,1000,60,2026,8,24
동작구,노량진동,신동아리버파크,59.67,17,2001,30000,100,2026,8,21
동작구,사당동,이수역리가,84.847,3,2013,50000,125,2026,8,26
동작구,사당동,사당휴먼시아,84.84,4,2009,55000,70,2026,8,26
동작구,노량진동,더클래식동작,14.17,12,2020,5318,47,2026,8,26
동작구,대방동,대림아파트,84.92,8,1993,30000,260,2026,8,25
동작구,흑석동,아크로리버하임,84.7536,7,2019,124950,0,2026,8,22
동작구,신대방동,동작협성휴포레시그니처,84.9869,23,2022,55000,100,2026,8,24
동작구,사당동,사당우성2,46.75,2,1993,43000,0,2026,8,8
동작구,동작동,금강KCC,84.95,2,2003,49000,90,2026,8,20
동작구,사당동,극동(105),84.32,4,1993,62000,0,2026,8,15
동작구,사당동,신동아4,59.89,13,1993,52500,0,2026,8,8
동작구,흑석동,흑석리버파크자이,84.99,9,2025,89250,0,2026,8,8
동작구,노량진동,우성,84.96,17,1997,60000,0,2026,8,15
동작구,흑석동,흑석한강센트레빌,114.95,2,2011,129900,0,2026,8,25
동작구,흑석동,청호,59.85,8,1997,42000,0,2026,8,12
동작구,흑석동,흑석한강푸르지오,84.98,10,2012,95000,0,2026,8,17
동작구,상도동,씨티아모리움,14.1881,4,2012,1000,70,2026,8,25
동작구,흑석동,흑석동양아파트,84.99,6,2003,73000,0,2026,8,21
동작구,동작동,이수힐스테이트,147.3454,9,2013,125000,0,2026,8,11
동작구,상도동,상도휴엔하임,14.7,6,2016,1000,65,2026,8,21
동작구,흑석동,롯데캐슬에듀포레,84.9912,6,2018,30000,220,2026,8,3
동작구,동작동,이수교KCC스위첸,84.98,4,2006,40000,180,2026,8,25
동작구,상도동,상도푸르지오클라베뉴,84.9198,18,2024,20000,280,2026,8,23
동작구,흑석동,흑석리버파크자이,84.94,10,2025,60000,220,2026,8,22
동작구,흑석동,흑석리버파크자이,84.99,7,2025,110000,0,2026,8,21
동작구,사당동,래미안로이파크,84.98,3,2018,90000,0,2026,8,12
동작구,상도동,중앙하이츠빌,84.9883,11,2003,70000,0,2026,8,22
동작구,신대방동,동작협성휴포레시그니처,84.9869,20,2022,70350,0,2026,8,21
동작구,신대방동,신동아,48.18,12,1993,41000,0,2026,8,22
동작구,흑석동,흑석리버파크자이,84.94,7,2025,70000,170,2026,8,23
동작구,상도동,힐스테이트 상도 센트럴파크,59.7754,9,2012,72000,0,2026,8,11
동작구,사당동,사당자이,60,25,1999,50000,0,2026,8,21
동작구,사당동,제일,60.03,2,1987,39500,0,2026,8,21
동작구,사당동,두산위브트레지움,84.422,14,2011,88740,0,2026,8,22
동작구,상도동,대림아파트,84.89,4,1995,60000,0,2026,8,20
동작구,동작동,이수스위첸포레힐즈,84.97,4,2022,25000,290,2026,8,22
동작구,상도동,상도동삼호아파트,84.52,8,1994,10000,180,2026,8,24
동작구,사당동,래미안로이파크,59.98,4,2018,90000,0,2026,8,24
동작구,사당동,사당우성2,59.89,4,1993,30000,100,2026,8,22
동작구,상도동,래미안상도3차,84.96,14,2004,10000,270,2026,8,8
동작구,본동,유원강변,59.79,13,2000,30000,90,2026,8,22
동작구,사당동,사당휴먼시아,84.73,4,2009,20000,200,2026,8,22
동작구,상도동,현대(관악),84.78,4,1992,38000,48,2026,8,22
동작구,사당동,삼성월드,64.26,2,2003,41000,0,2026,8,24
동작구,흑석동,흑석한강센트레빌,114.95,11,2011,125000,0,2026,8,20
동작구,상도동,상도역롯데캐슬파크엘,59.6984,17,2021,55000,0,2026,8,22
동작구,상도동,아이파크,84.96,12,2004,57370,0,2026,8,11
동작구,사당동,사당롯데캐슬골든포레,59.9775,8,2021,69300,0,2026,8,19
동작구,본동,신동아,59.89,12,1993,36600,40,2026,8,24
동작구,신대방동,보라매자이더포레스트,59.9278,33,2021,70000,0,2026,8,6
동작구,상도동,두산위브트레지움2차,84.864,3,2016,78750,0,2026,8,22
동작구,상도동,대림아파트,84.89,14,1995,52500,0,2026,8,22
동작구,노량진동,신동아리버파크,59.67,12,2001,49140,0,2026,8,19
동작구,상도동,래미안상도3차,114.97,11,2004,100000,0,2026,8,21
동작구,노량진동,쌍용예가,59.957,9,2010,57700,0,2026,8,22
동작구,사당동,사당우성2,84.66,2,1993,59000,0,2026,8,22
동작구,사당동,사당우성2,84.66,13,1993,74000,0,2026,8,21
동작구,대방동,대방1차e-편한세상,84.32,2,2003,90000,0,2026,8,18
동작구,노량진동,더클래식동작,14.17,5,2020,4480,40,2026,8,1
동작구,노량진동,더클래식동작,14.23,9,2020,5318,47,2026,8,21
동작구,상도동,e편한세상상도노빌리티,108.9843,3,2018,50000,84,2026,8,21
동작구,사당동,사당자이,84.49,11,1999,20000,195,2026,8,15
동작구,노량진동,신동아리버파크,84.88,18,2001,73000,0,2026,8,21
동작구,흑석동,흑석동양아파트,84.99,6,2003,73000,0,2026,8,21
동작구,흑석동,흑석한강푸르지오,84.98,9,2012,81900,0,2026,8,14
동작구,사당동,삼호그린,59.96,5,1999,5000,165,2026,8,17
동작구,신대방동,우성2차,59.47,9,1995,50000,0,2026,8,6
동작구,본동,신동아,59.89,12,1993,13000,88,2026,8,20
동작구,사당동,사당자이,60,10,1999,33000,0,2026,8,14
동작구,상도동,이수브라운스톤상도(527-0),84.84,4,2007,78000,0,2026,8,21
동작구,흑석동,흑석한강센트레빌Ⅱ,146.487,17,2012,110250,0,2026,8,21
동작구,노량진동,더써밋타워,18.3,12,2024,7500,49,2026,8,21
동작구,본동,삼성래미안,84.2261,12,2004,70000,0,2026,8,20
동작구,상도동,강남(488),43.74,3,1972,1000,80,2026,8,14
동작구,상도동,아이파크,114.83,5,2004,63000,0,2026,8,21
동작구,상도동,힐스테이트 상도 센트럴파크,84.6099,10,2012,20000,280,2026,8,20
동작구,노량진동,더클래식동작,14.17,9,2020,5318,47,2026,8,20
동작구,노량진동,우성,59.82,5,1997,40000,40,2026,8,14
동작구,흑석동,명수대현대,84.33,11,1988,50000,80,2026,8,11
동작구,흑석동,흑석동양아파트,84.985,12,2003,71750,0,2026,8,20
동작구,대방동,대림아파트,134.25,10,1993,71000,110,2026,8,5
동작구,사당동,대성유니드,84.96,3,2009,65500,0,2026,8,19
동작구,흑석동,한강현대,114.44,7,1988,90000,0,2026,8,20
동작구,사당동,삼성아파트,40.759,7,2006,2000,94,2026,8,15
동작구,사당동,래미안로이파크,59.98,11,2018,80000,40,2026,8,18
동작구,신대방동,동작상떼빌,128.61,20,2006,78000,0,2026,8,5
동작구,노량진동,신동아리버파크,84.88,3,2001,60000,0,2026,8,20
동작구,사당동,래미안로이파크,84.98,16,2018,10000,330,2026,8,20
동작구,흑석동,흑석리버파크자이,84.96,16,2025,1000,120,2026,8,11
동작구,상도동,상도효성해링턴플레이스,59.9769,6,2016,36484,0,2026,8,20
동작구,상도동,상도푸르지오클라베뉴,74.9953,1,2024,65000,0,2026,8,20
동작구,사당동,삼성래미안,114.502,16,2003,40000,200,2026,8,8
동작구,신대방동,동작상떼빌,84.98,17,2006,25000,180,2026,8,20
동작구,흑석동,흑석한강센트레빌,59.95,4,2011,75000,60,2026,8,20
동작구,노량진동,신동아리버파크,59.67,10,2001,30000,100,2026,8,19
동작구,사당동,사당자이,59.89,3,1999,33000,55,2026,8,15
동작구,사당동,사당우성3,118.25,6,1993,15000,240,2026,8,19
동작구,상도동,힐스테이트 상도 프레스티지,84.951,12,2013,85000,0,2026,8,8
동작구,흑석동,흑석한강푸르지오,115.84,13,2012,70000,150,2026,8,19
동작구,흑석동,한강현대,66.225,14,1988,20000,170,2026,8,19
동작구,흑석동,흑석한강센트레빌,84.84,1,2011,3000,280,2026,8,15
동작구,사당동,삼성래미안,114.502,5,2003,90000,0,2026,8,13
동작구,흑석동,흑석리버파크자이,84.96,16,2025,73500,0,2026,8,1
동작구,사당동,사당휴먼시아,84.73,13,2009,40000,95,2026,8,19
동작구,신대방동,우성1차,84.99,18,1988,50000,0,2026,8,17
동작구,대방동,골든노블레스,18.01,9,2023,5880,25,2026,8,18
동작구,사당동,사당롯데캐슬골든포레,84.9824,11,2021,82000,0,2026,8,8
동작구,상도동,힐스테이트 상도 센트럴파크,84.6099,14,2012,90000,0,2026,8,18
동작구,상도동,현산푸른숲,82.6,4,2007,39000,30,2026,8,18
동작구,신대방동,경남교수,113.93,17,2001,84000,0,2026,8,5
동작구,노량진동,쌍용예가,59.804,7,2010,65000,0,2026,8,18
동작구,노량진동,더클래식동작,31.77,8,2020,8581,85,2026,8,18
동작구,대방동,우정,59.89,17,1999,59000,0,2026,8,17
동작구,본동,삼성래미안,59.9014,4,2004,45000,95,2026,8,15
동작구,사당동,삼성아파트,40.759,9,2006,36200,0,2026,8,17
동작구,신대방동,우성1차,126.16,15,1988,30000,200,2026,8,18
동작구,신대방동,동작상떼빌,84.98,5,2006,66000,0,2026,8,18
동작구,사당동,극동(105),84.32,20,1993,62000,0,2026,8,17
동작구,노량진동,더클래식동작,14.23,8,2020,5318,47,2026,8,1
동작구,사당동,극동(105),110.14,10,1993,70000,0,2026,8,15
동작구,동작동,이수힐스테이트,84.9817,5,2013,100000,0,2026,8,17
동작구,흑석동,롯데캐슬에듀포레,84.9971,13,2018,90820,0,2026,8,1
동작구,신대방동,우성1차,66.69,5,1988,20000,150,2026,8,15
동작구,동작동,이수교KCC스위첸,59.91,10,2006,70000,0,2026,8,14
동작구,사당동,극동(105),59.25,9,1993,40000,15,2026,8,17
동작구,흑석동,우리유앤미,59.6618,3,2003,39000,90,2026,8,18
동작구,흑석동,흑석리버파크자이,120.43,4,2025,120000,0,2026,8,17
동작구,상도동,상도역롯데캐슬파크엘,74.9587,12,2021,20000,300,2026,8,17
동작구,신대방동,현대,84.57,15,1996,20000,200,2026,8,11
동작구,대방동,대림아파트,84.92,8,1993,25000,165,2026,8,15
동작구,흑석동,아크로리버하임,113.2377,17,2019,130000,280,2026,8,14
동작구,사당동,사당롯데캐슬골든포레,84.984,5,2021,2850,60,2026,8,15
동작구,본동,신동아,104.7,6,1993,54000,0,2026,8,15
동작구,노량진동,메가스터디타워,16.01,13,2015,1000,75,2026,8,10
동작구,사당동,삼성래미안,84.967,15,2003,66150,0,2026,8,18
동작구,사당동,사당롯데캐슬골든포레,84.9824,17,2021,76398,0,2026,8,15
동작구,대방동,골든노블레스,18.01,4,2023,2761,12,2026,8,18
동작구,노량진동,더클래식동작,14.17,6,2020,4480,40,2026,8,18
동작구,노량진동,더클래식동작,14.23,3,2020,4480,40,2026,8,1
동작구,상도동,힐스테이트 상도 센트럴파크,84.7835,7,2012,93000,0,2026,8,15
동작구,상도동,포스코더샵,59.96,3,2007,70000,20,2026,8,15
동작구,상도동,씨티아모리움,14.1881,7,2012,2000,67,2026,8,15
동작구,상도동,래미안상도3차,59.97,5,2004,66000,0,2026,8,15
동작구,사당동,사당롯데캐슬골든포레,84.9857,18,2021,78500,0,2026,8,15
동작구,사당동,사당우성3,84.66,2,1993,80000,0,2026,8,17
동작구,상도동,상도푸르지오클라베뉴,84.6246,8,2024,69000,0,2026,8,17
동작구,사당동,대림(169-8),84.91,9,1990,56700,0,2026,8,14
동작구,신대방동,보라매자이더포레스트,59.8807,36,2021,84000,0,2026,8,14
동작구,상도동,현대(관악),58.59,15,1992,48000,0,2026,8,15
동작구,대방동,대림아파트,59.84,7,1993,18000,190,2026,8,6
동작구,사당동,신동아4,46.75,13,1993,30000,80,2026,8,15
동작구,대방동,주공2,58.65,7,1995,5000,210,2026,8,8
동작구,흑석동,흑석동양아파트,84.991,2,2003,69000,0,2026,8,15
동작구,흑석동,흑석한강푸르지오,59.84,6,2012,68250,0,2026,8,13
동작구,상도동,상도파크자이,71.252,5,2016,90000,0,2026,8,14
동작구,본동,경동윈츠리버,56.68,13,2004,52500,0,2026,8,10
동작구,사당동,래미안로이파크,84.98,9,2018,20000,300,2026,8,12
동작구,상도동,상도두산위브,84.99,2,2010,72000,0,2026,8,14
동작구,상도동,상도팰리스,84.86,8,2006,66500,0,2026,8,14
동작구,흑석동,청호,33.84,6,1997,1188,12,2026,8,14
동작구,흑석동,명수대현대,78.18,3,1988,65000,0,2026,8,8
동작구,사당동,극동(105),51.57,8,1993,42450,0,2026,8,11
동작구,노량진동,더클래식동작,14.23,16,2020,5318,47,2026,8,1
동작구,상도동,상도역롯데캐슬파크엘,74.9587,8,2021,90000,0,2026,8,13
동작구,상도동,상도푸르지오클라베뉴,84.6246,12,2024,77700,0,2026,8,11
동작구,사당동,사당자이,114.94,12,1999,21000,182,2026,8,13
동작구,사당동,반석블레스,59.86,4,2016,48000,0,2026,8,12
동작구,흑석동,흑석한강푸르지오,84.98,11,2012,53700,100,2026,8,8
동작구,사당동,신동아4,118.25,2,1993,78750,0,2026,8,14
동작구,사당동,사당롯데캐슬골든포레,84.9787,11,2021,78200,0,2026,8,12
동작구,노량진동,더클래식동작,14.23,5,2020,4480,40,2026,8,1
동작구,신대방동,한성아파트,84.99,9,1995,51000,0,2026,8,11
동작구,신대방동,동작협성휴포레시그니처,84.9869,24,2022,78700,0,2026,8,1
동작구,상도동,세레노,90.46,-1,2003,37000,0,2026,8,12
동작구,흑석동,청호,33.84,4,1997,2517,5,2026,8,13
동작구,사당동,사당자이,114.94,13,1999,10000,240,2026,8,11
동작구,흑석동,명수대현대,78.07,11,1988,68000,0,2026,8,13
동작구,사당동,극동(105),109.7,18,1993,70000,0,2026,8,13
동작구,상도동,상도역롯데캐슬파크엘,74.9853,15,2021,80000,40,2026,8,12
동작구,대방동,올리브빌딩,15.98,7,2018,5000,58,2026,8,12
동작구,흑석동,흑석동양아파트,84.985,7,2003,50000,93,2026,8,12
동작구,사당동,사당롯데캐슬골든포레,59.9908,4,2021,40000,140,2026,8,12
동작구,상도동,건영,32.8,10,1997,32500,0,2026,8,11
동작구,사당동,스타팰리스이수,36.07,9,2026,11900,108,2026,8,10
동작구,노량진동,더클래식동작,31.77,9,2020,11442,73,2026,8,12
동작구,대방동,주공2,59.97,6,1995,33600,63,2026,8,11
동작구,사당동,스타팰리스이수,36.07,14,2026,19900,77,2026,8,3
동작구,노량진동,더써밋타워,19.58,17,2024,10000,44,2026,8,12
동작구,상도동,포스코더샵,84.992,6,2007,75000,50,2026,8,1
동작구,상도동,상도푸르지오클라베뉴,84.6246,14,2024,73500,0,2026,8,6
동작구,상도동,삼성래미안2,84.796,15,2003,70000,0,2026,8,7
동작구,상도동,상도푸르지오클라베뉴,74.9953,13,2024,20000,187,2026,8,7
동작구,노량진동,더클래식동작,14.17,8,2020,5318,47,2026,8,1
동작구,노량진동,필하우스(OH빌딩),12.0378,7,2012,2000,49,2026,8,7
동작구,신대방동,한성아파트,59.87,9,1995,48600,0,2026,8,11
동작구,본동,한강쌍용,59.64,8,1999,65000,0,2026,8,11
동작구,노량진동,삼익,84.68,12,2001,47000,70,2026,8,11
동작구,노량진동,힐스테이트장승배기역,44.9208,12,2026,70000,0,2026,8,1
동작구,상도동,e편한세상상도노빌리티,84.9704,22,2018,84000,84,2026,8,8
동작구,상도동,상도역롯데캐슬파크엘,84.9833,17,2021,65000,160,2026,8,7
동작구,사당동,사당우성3,46.75,15,1993,46000,0,2026,8,10
동작구,흑석동,아크로리버하임,84.9184,6,2019,120000,0,2026,8,10
동작구,본동,한강쌍용,114.18,3,1999,79000,0,2026,8,8
동작구,상도동,이수브라운스톤상도(527-0),59.94,14,2007,65800,0,2026,8,6
동작구,사당동,사당롯데캐슬골든포레,84.9824,16,2021,68250,42,2026,8,8
동작구,노량진동,형인한강,76.05,4,2001,52500,0,2026,8,8
동작구,흑석동,흑석한강센트레빌Ⅱ,59.966,11,2012,57330,11,2026,8,10
동작구,흑석동,흑석리버파크자이,59.93,3,2025,82950,0,2026,8,8
동작구,노량진동,더클래식동작,16.25,13,2020,5022,43,2026,8,10
동작구,상도동,중앙하이츠빌,84.9883,12,2003,73000,0,2026,8,8
동작구,사당동,이수푸르지오더프레티움,84.9243,10,2021,50000,220,2026,8,9
동작구,상도동,상도동삼호아파트,84.52,6,1994,60000,0,2026,8,8
동작구,노량진동,신동아리버파크,84.88,5,2001,67200,0,2026,8,8
동작구,노량진동,신동아리버파크,84.88,23,2001,45000,100,2026,8,7
동작구,사당동,극동(105),59.25,8,1993,50000,0,2026,8,8
동작구,동작동,이수스위첸포레힐즈,59.96,11,2022,45000,150,2026,8,8
동작구,사당동,신동아4,84.46,8,1993,50000,90,2026,8,8
동작구,흑석동,명수대현대,112.29,10,1988,52500,137,2026,8,10
동작구,사당동,극동(105),59.25,14,1993,57500,0,2026,8,9
동작구,노량진동,더클래식동작,16.25,3,2020,5022,43,2026,8,10
동작구,사당동,래미안로이파크,84.98,14,2018,96600,0,2026,8,6
동작구,사당동,사당휴먼시아,59.96,6,2009,52000,0,2026,8,9
동작구,신대방동,롯데낙천대,55.4561,1,2003,43758,0,2026,8,10
동작구,대방동,우정,84.6,19,1999,65000,55,2026,8,7
동작구,상도동,상도파크자이,84.918,18,2016,90000,0,2026,8,4
동작구,상도동,건영,32.8,2,1997,2000,117,2026,8,8
동작구,상도동,포스코더샵,59.99,12,2007,73000,0,2026,8,8
동작구,대방동,주공2,58.65,7,1995,5000,210,2026,8,8
동작구,노량진동,신동아리버파크,84.88,3,2001,30000,160,2026,8,8
동작구,노량진동,우성,84.96,10,1997,70000,0,2026,8,8
동작구,신대방동,보라매자이더포레스트,59.9278,33,2021,72450,0,2026,8,6
동작구,본동,삼성래미안,59.9014,14,2004,10000,200,2026,8,1
동작구,노량진동,필하우스(OH빌딩),12.0378,7,2012,2000,49,2026,8,7
동작구,본동,신동아,84.46,5,1993,58000,0,2026,8,8
동작구,사당동,사당우성3,46.75,6,1993,10000,106,2026,8,8
동작구,사당동,사당우성2,46.75,7,1993,45000,0,2026,8,9
동작구,상도동,상도역롯데캐슬파크엘,59.9851,9,2021,68000,0,2026,8,9
동작구,노량진동,신동아리버파크,59.67,21,2001,20000,130,2026,8,8
동작구,흑석동,한강현대,114.44,1,1988,71400,0,2026,8,8
동작구,신대방동,보라매파크빌,84.84,8,2002,61000,35,2026,8,8
동작구,사당동,신동아4,46.75,2,1993,44000,8,2026,8,6
동작구,노량진동,신동아리버파크,114.75,2,2001,71400,0,2026,8,7
동작구,노량진동,더써밋타워,17.84,9,2024,9200,40,2026,8,7
동작구,노량진동,우성,84.96,11,1997,64000,0,2026,8,7
동작구,상도동,현대(관악),84.78,3,1992,30000,80,2026,8,7
동작구,신대방동,골드타워,19.423,4,2025,7800,27,2026,8,7
동작구,흑석동,흑석동양아파트,59.511,15,2003,44600,40,2026,8,7
동작구,신대방동,골드타워,36.001,14,2025,7700,73,2026,8,7
동작구,흑석동,흑석리버파크자이,59.93,3,2025,79800,0,2026,8,5
동작구,본동,래미안트윈파크,115.5,4,2011,105000,0,2026,8,4
동작구,노량진동,더클래식동작,16.25,18,2020,5967,48,2026,8,7
동작구,사당동,두산위브트레지움,84.422,8,2011,88200,0,2026,8,1
동작구,신대방동,보라매파크빌,84.79,15,2002,83000,0,2026,8,7
동작구,대방동,진성마블로스,14.4,7,2011,500,50,2026,8,1
동작구,본동,신동아,46.75,8,1993,35000,0,2026,8,7
동작구,노량진동,신동아리버파크,84.88,16,2001,55000,50,2026,8,6
동작구,흑석동,롯데캐슬에듀포레,59.8718,21,2018,78500,0,2026,8,6
동작구,흑석동,흑석리버파크자이,59.76,5,2025,60000,180,2026,8,6
동작구,사당동,사당우성2,46.75,13,1993,45000,0,2026,8,6
동작구,상도동,상도현대,84.97,9,2003,50000,0,2026,8,6
동작구,사당동,삼성,84.86,11,1999,65000,0,2026,8,6
동작구,신대방동,우성2차,59.47,7,1995,15000,105,2026,8,6
동작구,상도동,힐스테이트 상도 프레스티지,84.951,6,2013,84000,0,2026,8,5
동작구,신대방동,한성아파트,59.87,5,1995,10000,140,2026,8,4
동작구,흑석동,한강현대,83.475,9,1988,50000,0,2026,8,6
동작구,상도동,상도동래미안1차,59.828,10,2004,65000,0,2026,8,1
동작구,대방동,주공2,58.65,3,1995,10000,170,2026,8,1
동작구,상도동,힐스테이트 상도 센트럴파크,118.2086,9,2012,128000,0,2026,8,5
동작구,사당동,대림(169-8),84.91,1,1990,60000,0,2026,8,5
동작구,흑석동,롯데캐슬에듀포레,84.9912,16,2018,104000,0,2026,8,5
동작구,대방동,신일해피트리,59.8165,7,2005,61000,0,2026,8,1
동작구,사당동,신동아4,59.89,12,1993,33000,100,2026,8,4
동작구,사당동,사당우성3,46.75,12,1993,41000,0,2026,8,5
동작구,노량진동,우성,59.82,2,1997,48300,0,2026,8,4
동작구,흑석동,우리유앤미,59.9404,8,2003,30000,100,2026,8,1
동작구,대방동,아데나339,15.36,2,2012,1000,65,2026,8,1
동작구,흑석동,흑석한강센트레빌Ⅱ,59.966,9,2012,85000,0,2026,8,1
동작구,노량진동,더써밋타워,34.46,21,2024,26500,33,2026,8,4
동작구,노량진동,더클래식동작,16.25,10,2020,5967,51,2026,8,3
동작구,사당동,사당우성2,84.66,13,1993,66150,0,2026,8,1
동작구,상도동,힐스테이트 상도 프레스티지,84.953,6,2013,84000,0,2026,8,4
동작구,사당동,신동아4,59.89,15,1993,63000,0,2026,8,3
동작구,상도동,이수브라운스톤상도(527-0),84.99,6,2007,40000,130,2026,8,4
동작구,사당동,현대,59.96,2,1991,50000,0,2026,8,3
동작구,상도동,상도동래미안1차,59.828,10,2004,65000,0,2026,8,1
동작구,흑석동,롯데캐슬에듀포레,39.7899,7,2018,3130,17,2026,8,4
동작구,노량진동,신동아리버파크,59.67,16,2001,58000,0,2026,8,1
동작구,사당동,두산위브트레지움,84.422,22,2011,95000,0,2026,8,1
동작구,흑석동,흑석리버파크자이,84.94,2,2025,94500,0,2026,8,3
동작구,상도동,상도더샵2차,84.99,3,2014,71000,0,2026,8,1
동작구,흑석동,청호,59.85,2,1997,45000,0,2026,8,1
동작구,신대방동,보라매우성,59.16,19,1995,47000,0,2026,8,1
동작구,사당동,래미안로이파크,84.98,19,2018,105000,0,2026,8,3
동작구,대방동,올리브빌딩,15.96,8,2018,5000,56,2026,8,3
동작구,상도동,상도휴엔하임,14.7,8,2016,1000,65,2026,8,3
동작구,신대방동,보라매자이더포레스트,59.9278,25,2021,73000,0,2026,8,3
동작구,흑석동,흑석한강센트레빌,114.83,4,2011,110250,0,2026,8,1
동작구,본동,신동아,46.75,5,1993,10000,100,2026,8,1
동작구,대방동,주공2,58.65,2,1995,55000,0,2026,8,3
동작구,노량진동,더클래식동작,31.77,11,2020,8000,81,2026,8,1
동작구,사당동,사당우성2,84.66,3,1993,55000,50,2026,8,1
동작구,대방동,대방1차e-편한세상,84.32,18,2003,10000,241,2026,8,1
동작구,상도동,e편한세상상도노빌리티,84.9704,20,2018,102000,0,2026,8,2
관악구,봉천동,서울대입구삼성,59.78,11,1999,43000,35,2026,8,22
관악구,신림동,힐스테이트뉴포레,59.9882,3,2022,50000,60,2026,8,23
관악구,신림동,국제산장,59.94,11,1993,28800,0,2026,8,22
관악구,신림동,힐스테이트뉴포레,59.9986,11,2022,22500,38,2026,8,18
관악구,신림동,힐스테이트뉴포레,59.9986,10,2022,25100,43,2026,8,15
관악구,신림동,힐스테이트뉴포레,59.9986,12,2022,25100,44,2026,8,7
관악구,남현동,남현동한일유앤아이,84.99,3,2005,58500,0,2026,8,9
관악구,신림동,힐스테이트뉴포레,59.9882,34,2022,33000,160,2026,8,2
관악구,봉천동,봉천우성,84.96,3,2000,50400,0,2026,8,1
관악구,봉천동,e편한세상서울대입구2차,116.72,3,2020,78750,0,2026,8,26
관악구,봉천동,프라비다M,15.66,5,2014,1000,75,2026,8,1
관악구,봉천동,벽산블루밍,84.99,22,2005,10000,165,2026,8,25
관악구,신림동,보라매팰리스,19.04,10,2012,1000,90,2026,8,28
관악구,봉천동,일두(1021),57.66,3,1985,15000,30,2026,8,20
관악구,봉천동,관악드림(동아),59.83,6,2003,53000,0,2026,8,29
관악구,신림동,신림푸르지오,114.84,18,2005,63000,0,2026,8,26
관악구,신림동,그대家,59.6,17,2003,5000,110,2026,8,12
관악구,봉천동,관악드림(삼성),84.96,17,2003,63000,0,2026,8,29
관악구,봉천동,코스모블루,13.09,7,2012,2000,60,2026,8,26
관악구,신림동,코스모그린,12.21,6,2012,7400,0,2026,8,29
관악구,신림동,힐스테이트뉴포레,59.9882,10,2022,66000,0,2026,8,29
관악구,신림동,힐스테이트뉴포레,59.9986,24,2022,25100,43,2026,8,15
관악구,봉천동,관악드림(동아),59.83,6,2003,53000,0,2026,8,29
관악구,신림동,건영1,60.27,8,1984,35000,0,2026,8,20
관악구,신림동,힐스테이트뉴포레,59.9882,17,2022,72000,0,2026,8,29
관악구,신림동,유벤투스240,16.5563,10,2025,6100,41,2026,8,8
관악구,신림동,관악산휴먼시아2단지,59.96,11,2008,44500,0,2026,8,27
관악구,봉천동,현대(관악),58.59,9,1992,42000,0,2026,8,13
관악구,봉천동,벽산블루밍,101.95,3,2005,68000,8,2026,8,30
관악구,봉천동,현대(관악),84.74,14,1992,58000,0,2026,8,31
관악구,신림동,관악산휴먼시아2단지,59.96,19,2008,20000,70,2026,8,29
관악구,봉천동,보라매롯데캐슬,170.11,17,1997,97000,0,2026,8,29
관악구,신림동,G밸리마인드,14.96,12,2021,17700,0,2026,8,28
관악구,봉천동,관악푸르지오,59.58,6,2004,50400,0,2026,8,29
관악구,봉천동,현대(관악),105.84,9,1992,64000,0,2026,8,28
관악구,봉천동,두산,84.87,6,2000,80000,0,2026,8,29
관악구,신림동,신림2차푸르지오,84.8098,7,2007,5000,132,2026,8,31
관악구,봉천동,신봉,59.75,3,1999,25000,68,2026,8,29
관악구,봉천동,동아타운,32.76,13,1999,2000,90,2026,8,30
관악구,신림동,국제산장,59.94,14,1993,30000,0,2026,8,28
관악구,신림동,관악산휴먼시아3단지,39.82,15,2008,6800,14,2026,8,28
관악구,신림동,삼성산주공(주공3단지),83.21,9,2000,38850,0,2026,8,28
관악구,봉천동,일두(1021),38.92,2,1985,2000,75,2026,8,28
관악구,신림동,국제산장,59.94,11,1993,28800,0,2026,8,22
관악구,신림동,유벤투스240,16.5563,15,2025,10000,38,2026,8,12
관악구,봉천동,벽산블루밍3차,83.87,1,2004,8000,96,2026,8,28
관악구,신림동,삼성산주공(주공3단지),113.31,7,2000,20000,130,2026,8,27
관악구,신림동,신림동쌍용아파트,59.26,3,1998,32000,0,2026,8,14
관악구,신림동,유벤투스240,32.8055,11,2025,18000,51,2026,8,27
관악구,봉천동,관악푸르지오,59.58,8,2004,30000,36,2026,8,13
관악구,봉천동,두산,59.92,2,2000,39500,50,2026,8,22
관악구,남현동,예성그랑펠리체,71.98,2,2007,37000,0,2026,8,28
관악구,봉천동,지안타워,15.2,15,2026,5000,95,2026,8,24
관악구,신림동,관악산휴먼시아2단지,59.96,7,2008,48000,0,2026,8,22
관악구,신림동,국제산장,84.15,12,1993,40000,0,2026,8,25
관악구,신림동,삼성산주공(주공3단지),113.31,7,2000,55000,0,2026,8,27
관악구,봉천동,갑을,82.44,2,1998,10000,180,2026,8,22
관악구,봉천동,마에스트로캠퍼스타운,13.15,8,2012,1000,65,2026,8,23
관악구,신림동,유벤투스240,32.8055,15,2025,18000,51,2026,8,27
관악구,신림동,래디앙아파트,63.19,6,2016,5000,130,2026,8,3
관악구,신림동,유벤투스240,32.8055,11,2025,18000,51,2026,8,27
관악구,봉천동,닷컴힐즈(1653-3),51.08,10,2023,48000,0,2026,8,10
관악구,신림동,삼성산주공(주공3단지),83.21,3,2000,10000,126,2026,8,18
관악구,봉천동,두산,59.92,19,2000,30000,140,2026,8,27
관악구,신림동,신림현대,34.86,10,1993,2000,95,2026,8,26
관악구,봉천동,관악드림(동아),84.96,12,2003,46300,0,2026,8,26
관악구,봉천동,서울대노블루체,31.685,5,2025,5000,137,2026,8,25
관악구,신림동,유벤투스240,32.8055,20,2025,14100,68,2026,8,11
관악구,신림동,유벤투스240,32.8055,20,2025,18000,51,2026,8,11
관악구,신림동,힐스테이트뉴포레,59.9986,8,2022,25100,43,2026,8,15
관악구,봉천동,봉천동아,59.76,20,2000,15000,105,2026,8,26
관악구,봉천동,(854-3),15.75,5,2022,6000,39,2026,8,7
관악구,봉천동,벽산블루밍,59.99,11,2005,50000,0,2026,8,21
관악구,봉천동,은천2단지아파트,49.95,6,2000,36000,15,2026,8,14
관악구,봉천동,e편한세상서울대입구2차,84.31,1,2020,82000,0,2026,8,1
관악구,봉천동,낙성대현대아파트,61.74,5,1988,50000,0,2026,8,26
관악구,봉천동,두산,114.99,15,2000,70000,50,2026,8,22
관악구,봉천동,현대(관악),84.74,11,1992,52000,0,2026,8,22
관악구,봉천동,은천1,84.83,2,2001,40000,50,2026,8,20
관악구,남현동,예성그랑펠리체,71.98,9,2007,53000,0,2026,8,18
관악구,봉천동,현대(관악),68.8,13,1992,44500,40,2026,8,22
관악구,봉천동,관악푸르지오,84.75,11,2004,54600,0,2026,8,8
관악구,신림동,힐스테이트뉴포레,59.9882,28,2022,50000,100,2026,8,5
관악구,봉천동,관악푸르지오,84.75,19,2004,40000,75,2026,8,25
관악구,봉천동,관악푸르지오,59.58,6,2004,53000,0,2026,8,18
관악구,봉천동,봉천동아,114.69,11,2000,30000,180,2026,8,24
관악구,신림동,건영4,84.89,9,1997,30000,40,2026,8,22
관악구,봉천동,마에스트로캠퍼스타운,13.15,11,2012,1000,60,2026,8,20
관악구,봉천동,대우디오슈페리움1단지,78.4,15,2007,50000,65,2026,8,3
관악구,봉천동,관악청광플러스원,59.81,13,2009,52000,0,2026,8,8
관악구,봉천동,관악푸르지오,59.58,21,2004,56000,0,2026,8,25
관악구,신림동,힐스테이트뉴포레,59.9882,33,2022,20000,180,2026,8,24
관악구,봉천동,수아주서울대,13.48,15,2020,1000,75,2026,8,25
관악구,봉천동,프라비다M,15.66,13,2014,1000,75,2026,8,18
관악구,신림동,유벤투스240,32.8055,4,2025,12100,54,2026,8,19
관악구,신림동,유벤투스240,31.6978,10,2025,18000,51,2026,8,25
관악구,봉천동,일두(1021),38.92,3,1985,18680,0,2026,8,19
관악구,신림동,센터스퀘어서울대점,44.62,5,2024,23232,43,2026,8,11
관악구,신림동,신안,55.21,4,1978,25000,0,2026,8,18
관악구,신림동,유벤투스240,16.5563,17,2025,7100,51,2026,8,19
관악구,봉천동,두산,59.92,5,2000,60000,0,2026,8,15
관악구,봉천동,서울대입구삼성,59.78,4,1999,50000,0,2026,8,21
관악구,신림동,유벤투스240,32.8055,20,2025,18000,51,2026,8,11
관악구,봉천동,관악드림(삼성),114.75,5,2003,62000,20,2026,8,14
관악구,봉천동,해태보라매타워,59.94,19,1996,52000,0,2026,8,24
관악구,신림동,힐스테이트뉴포레,44.9796,18,2022,58000,0,2026,8,17
관악구,봉천동,뉴파크플러스(1608-27),73.76,4,2005,34500,40,2026,8,12
관악구,신림동,신림현대,59.85,10,1993,42000,0,2026,8,23
관악구,봉천동,서울대입구한양아이클래스,15.96,15,2018,15000,30,2026,8,21
관악구,봉천동,벽산블루밍,84.99,3,2005,42000,70,2026,8,20
관악구,신림동,최강타워,18.89,10,2023,5200,37,2026,8,23
관악구,봉천동,관악드림(동아),84.96,23,2003,30000,120,2026,8,22
관악구,봉천동,관악푸르지오,84.75,6,2004,63000,0,2026,8,22
관악구,봉천동,서울대입구아이원(1560-61),113.53,6,2006,85000,0,2026,8,10
관악구,봉천동,벽산타운II,57.36,8,2003,5000,120,2026,8,24
관악구,봉천동,관악중앙하이츠포레,46.6783,2,2022,42300,10,2026,8,22
관악구,봉천동,관전G타워,16.46,13,2019,1000,88,2026,8,21
관악구,봉천동,건영6,82.75,16,1999,40000,80,2026,8,21
관악구,봉천동,로얄팰리스아파트,59.76,5,2020,34000,44,2026,8,9
관악구,신림동,신림2차푸르지오,84.8098,15,2007,10000,155,2026,8,21
관악구,봉천동,관악푸르지오,59.58,20,2004,40425,0,2026,8,21
관악구,봉천동,벽산블루밍,59.99,17,2005,46700,0,2026,8,21
관악구,봉천동,관악드림(동아),84.96,4,2003,54600,0,2026,8,1
관악구,봉천동,서울대입구아이원(1560-61),84.89,6,2006,67000,0,2026,8,21
관악구,신림동,힐스테이트뉴포레,44.9796,18,2022,58000,0,2026,8,17
관악구,신림동,힐스테이트뉴포레,59.9882,2,2022,25000,167,2026,8,15
관악구,신림동,신림현대,119.49,11,1993,59000,0,2026,8,14
관악구,봉천동,더갤러리테라스,53.22,5,2016,3000,185,2026,8,20
관악구,봉천동,관악드림(삼성),60,1,2003,12000,144,2026,8,6
관악구,봉천동,보라매우성,130.67,18,1995,87000,0,2026,8,19
관악구,봉천동,e편한세상서울대입구2단지,84.98,9,2019,83000,0,2026,8,18
관악구,남현동,다청림라인씨티,41.93,9,2016,35000,50,2026,8,19
관악구,봉천동,관악푸르지오,59.58,6,2004,3000,147,2026,8,11
관악구,봉천동,Q타워,21.45,16,2016,8000,60,2026,8,10
관악구,봉천동,두산,84.87,11,2000,65000,0,2026,8,13
관악구,봉천동,낙성대현대(296),114.98,6,1998,60000,90,2026,8,4
관악구,신림동,힐스테이트뉴포레,59.9986,29,2022,63000,0,2026,8,8
관악구,신림동,센터스퀘어서울대점,22.96,15,2024,8700,60,2026,8,18
관악구,봉천동,관악드림(삼성),59.85,24,2003,43000,33,2026,8,18
관악구,신림동,유벤투스240,16.5563,3,2025,10000,38,2026,8,19
관악구,신림동,금호(1차),59.4,7,1997,31000,0,2026,8,15
관악구,봉천동,은천2단지아파트,59.93,9,2000,35000,60,2026,8,18
관악구,봉천동,두산,84.87,2,2000,75000,0,2026,8,18
관악구,봉천동,e편한세상서울대입구2단지,84.92,16,2019,5000,320,2026,8,15
관악구,봉천동,관악푸르지오,59.58,19,2004,53000,0,2026,8,18
관악구,봉천동,두산,59.92,20,2000,55500,0,2026,8,8
관악구,신림동,현대,84.44,9,1991,43000,0,2026,8,18
관악구,신림동,최강타워,42.72,3,2023,6489,29,2026,8,18
관악구,봉천동,관악드림(삼성),60,9,2003,10000,150,2026,8,18
관악구,봉천동,프라비다2,15.64,5,2013,1000,70,2026,8,1
관악구,봉천동,닷컴힐즈,57.77,10,2023,10000,170,2026,8,11
관악구,봉천동,서울대역해담채,12.21,9,2012,1000,65,2026,8,1
관악구,봉천동,벽산블루밍,59.99,17,2005,37800,0,2026,8,15
관악구,봉천동,해바라기,49.02,4,1978,9500,0,2026,8,18
관악구,신림동,힐스테이트뉴포레,44.9796,2,2022,18800,32,2026,8,15
관악구,신림동,푸리마타운,12.95,13,2014,1000,60,2026,8,10
관악구,봉천동,두산,114.99,2,2000,35000,100,2026,8,14
관악구,신림동,관악산휴먼시아2단지,84.97,8,2008,52000,0,2026,8,15
관악구,신림동,벽산블루밍,100.27,1,2005,15000,170,2026,8,15
관악구,신림동,우정하이비전,84.58,8,2004,36750,17,2026,8,12
관악구,봉천동,관악동부센트레빌,59.75,2,2004,15000,180,2026,8,15
관악구,봉천동,관악드림(삼성),114.75,16,2003,5000,250,2026,8,13
관악구,봉천동,해태보라매타워,59.94,10,1996,54000,0,2026,8,14
관악구,봉천동,e편한세상서울대입구2차,84.31,7,2020,5000,273,2026,8,14
관악구,봉천동,관악푸르지오,84.75,2,2004,40000,125,2026,8,15
관악구,신림동,신림현대,105.36,2,1993,42000,0,2026,8,17
관악구,신림동,힐스테이트뉴포레,59.9882,2,2022,30000,145,2026,8,14
관악구,봉천동,벽산블루밍,59.99,4,2005,48300,0,2026,8,15
관악구,신림동,신림푸르지오,138.74,4,2005,71400,0,2026,8,14
관악구,신림동,보라매해담채,12.89,11,2012,11500,10,2026,8,10
관악구,봉천동,관악드림(동아),114.75,12,2003,50000,100,2026,8,17
관악구,신림동,힐스테이트뉴포레,59.9882,10,2022,75000,0,2026,8,14
관악구,신림동,힐스테이트뉴포레,59.9882,9,2022,75000,0,2026,8,15
관악구,봉천동,e편한세상서울대입구2차,59.87,13,2020,25000,180,2026,8,13
관악구,봉천동,관악캠퍼스타워,25.86,16,1998,1000,87,2026,8,14
관악구,신림동,LIG대학마을(건영아파트3차),58.9,7,1996,20000,95,2026,8,13
관악구,신림동,신림푸르지오,84.79,12,2005,10000,180,2026,8,10
관악구,신림동,신림현대,34.86,11,1993,1000,99,2026,8,8
관악구,신림동,유벤투스240,32.8055,14,2025,14100,68,2026,8,14
관악구,봉천동,e편한세상서울대입구1단지,59.9,12,2019,68000,0,2026,8,8
관악구,신림동,유벤투스240,16.5563,17,2025,10000,38,2026,8,13
관악구,봉천동,은천2단지아파트,49.95,5,2000,25000,57,2026,8,14
관악구,봉천동,(854-3),15.75,7,2022,6000,38,2026,8,14
관악구,봉천동,관악드림(동아),84.96,2,2003,48000,0,2026,8,10
관악구,봉천동,벽산블루밍,84.99,1,2005,61950,0,2026,8,8
관악구,신림동,힐스테이트뉴포레,59.9882,30,2022,70000,0,2026,8,13
관악구,봉천동,라온,13.31,9,2013,5000,48,2026,8,13
관악구,봉천동,건영6,59.9,7,1999,52500,0,2026,8,8
관악구,봉천동,프라비다2,15.64,15,2013,1000,75,2026,8,13
관악구,봉천동,관악드림(동아),60,2,2003,53000,0,2026,8,13
관악구,신림동,관전GT타워,15.78,9,2022,1000,85,2026,8,13
관악구,봉천동,벽산블루밍,59.99,7,2005,47000,0,2026,8,8
관악구,신림동,유벤투스240,18.6929,8,2025,10000,42,2026,8,13
관악구,봉천동,보라매우성,130.67,10,1995,58800,0,2026,8,13
관악구,봉천동,벽산블루밍,114.97,16,2005,70000,0,2026,8,13
관악구,봉천동,은천2단지아파트,49.95,8,2000,39900,0,2026,8,11
관악구,신림동,주공1,59.5,22,1995,25615,0,2026,8,10
관악구,봉천동,코스모블루,13.09,11,2012,1100,67,2026,8,6
관악구,봉천동,현대(관악),58.59,2,1992,39000,0,2026,8,11
관악구,신림동,유벤투스240,16.5563,12,2025,9700,25,2026,8,11
관악구,봉천동,낙성대현대아파트,61.74,10,1988,55000,0,2026,8,12
관악구,신림동,유벤투스240,32.8055,13,2025,15000,41,2026,8,12
관악구,신림동,청광,84.8,5,2000,20000,100,2026,8,1
관악구,봉천동,관전G타워,15.99,15,2019,1000,84,2026,8,12
관악구,신림동,신림현대,105.36,1,1993,10000,148,2026,8,12
관악구,봉천동,e편한세상서울대입구2차,59.72,7,2020,20000,172,2026,8,10
관악구,신림동,신림현대,59.85,1,1993,10000,100,2026,8,8
관악구,봉천동,관악푸르지오,59.58,2,2004,15000,115,2026,8,11
관악구,봉천동,서울대역마에스트로,12.25,18,2012,4000,35,2026,8,11
관악구,봉천동,브라운스톤관악,59.67,6,2005,43800,0,2026,8,7
관악구,신림동,센터스퀘어서울대점,44.62,10,2024,8700,75,2026,8,11
관악구,봉천동,벽산블루밍,84.99,3,2005,48600,0,2026,8,11
관악구,신림동,유벤투스240,16.5563,15,2025,10000,38,2026,8,12
관악구,신림동,그대家,59.6,4,2003,33600,0,2026,8,10
관악구,신림동,힐스테이트뉴포레,59.9882,25,2022,55000,60,2026,8,10
관악구,봉천동,현대(관악),116.72,4,1992,71000,0,2026,8,11
관악구,신림동,신림현대,34.86,9,1993,26200,0,2026,8,11
관악구,신림동,관악산휴먼시아2단지,114.7,1,2008,52000,0,2026,8,8
관악구,신림동,유벤투스240,16.5563,12,2025,9700,25,2026,8,11
관악구,신림동,국제산장,84.15,7,1993,32000,40,2026,8,10
관악구,봉천동,Q타워,22.34,18,2016,15000,16,2026,8,8
관악구,봉천동,두산,59.92,8,2000,63000,0,2026,8,10
관악구,봉천동,봉천동아,84.87,2,2000,64000,0,2026,8,8
관악구,봉천동,브라운스톤관악,59.67,2,2005,54000,0,2026,8,1
관악구,남현동,성원나이스,89.8,1,2002,43000,40,2026,8,5
관악구,신림동,프라비다트라움,14.06,8,2013,1000,50,2026,8,1
관악구,신림동,건영1,60.27,1,1984,13000,30,2026,8,4
관악구,신림동,힐스테이트뉴포레,59.9882,2,2022,30000,150,2026,8,8
관악구,봉천동,관악푸르지오,59.58,14,2004,3000,158,2026,8,10
관악구,봉천동,관악드림(동아),114.75,13,2003,70000,0,2026,8,10
관악구,신림동,관악산휴먼시아2단지,59.99,15,2008,41000,0,2026,8,8
관악구,봉천동,관악푸르지오,59.58,14,2004,57000,0,2026,8,8
관악구,봉천동,인헌,59.75,1,1998,39900,0,2026,8,8
관악구,봉천동,e편한세상서울대입구2차,84.31,8,2020,78750,0,2026,8,8
관악구,봉천동,관악드림(삼성),59.83,8,2003,30000,120,2026,8,8
관악구,봉천동,관악푸르지오,59.58,5,2004,52500,0,2026,8,8
관악구,봉천동,벽산블루밍,114.97,24,2005,72000,0,2026,8,8
관악구,신림동,그대家,59.6,4,2003,7000,100,2026,8,7
관악구,봉천동,봉천우성,59.76,16,2000,50000,0,2026,8,1
관악구,봉천동,관악드림(삼성),60,13,2003,60000,0,2026,8,8
관악구,봉천동,관악드림(삼성),84.96,3,2003,65000,0,2026,8,7
관악구,봉천동,관악드림(삼성),59.85,11,2003,47200,0,2026,8,8
관악구,봉천동,관악동부센트레빌,59.75,16,2004,3000,180,2026,8,8
관악구,신림동,우민조원,73.36,2,2003,49000,0,2026,8,1
관악구,봉천동,관악동부센트레빌,59.75,2,2004,47000,0,2026,8,6
관악구,봉천동,관악푸르지오,59.58,21,2004,49000,0,2026,8,7
관악구,봉천동,(854-3),15.75,5,2022,6000,39,2026,8,7
관악구,봉천동,벽산블루밍,59.99,1,2005,46000,0,2026,8,6
관악구,신림동,신림현대,34.86,15,1993,1000,78,2026,8,7
관악구,봉천동,현대(관악),58.59,7,1992,15000,120,2026,8,1
관악구,신림동,금호(1차),59.4,19,1997,33000,0,2026,8,5
관악구,봉천동,(854-3),31.5,16,2022,12000,59,2026,8,4
관악구,봉천동,관악드림(동아),59.85,19,2003,55000,0,2026,8,6
관악구,봉천동,노들리안3,31.54,11,2015,3000,79,2026,8,6
관악구,봉천동,관악드림(동아),84.96,5,2003,5000,140,2026,8,6
관악구,봉천동,더블유에스타워,19.63,15,2013,17500,0,2026,8,4
관악구,신림동,관악산휴먼시아2단지,84.97,8,2008,54000,0,2026,8,1
관악구,봉천동,서울대입구한양아이클래스,15.96,11,2018,1000,85,2026,8,3
관악구,봉천동,관악푸르지오,84.75,21,2004,63000,0,2026,8,1
관악구,봉천동,관악드림(동아),59.85,4,2003,38896,0,2026,8,5
관악구,봉천동,e편한세상서울대입구1단지,84.92,9,2019,80000,0,2026,8,5
관악구,신림동,그대家,59.6,8,2003,35700,0,2026,8,5
관악구,신림동,신림푸르지오,84.87,13,2005,63000,0,2026,8,3
관악구,신림동,신림더루나,26.01,4,2024,5000,120,2026,8,1
관악구,봉천동,현대(관악),84.74,7,1992,58000,0,2026,8,1
관악구,봉천동,현대(관악),68.8,15,1992,49500,0,2026,8,4
관악구,신림동,유벤투스240,18.6929,14,2025,10000,42,2026,8,3
관악구,봉천동,봉천우성,84.96,22,2000,40000,80,2026,8,3
관악구,신림동,벽산블루밍,84.98,3,2005,10000,120,2026,8,2
관악구,봉천동,관악푸르지오,84.75,17,2004,30000,160,2026,8,1
관악구,봉천동,벽산블루밍,59.99,25,2005,40000,60,2026,8,1
관악구,봉천동,봉천우성,84.96,3,2000,50400,0,2026,8,1
관악구,봉천동,보라매삼성,84.84,15,1996,40000,80,2026,8,1
관악구,신림동,관악산휴먼시아2단지,59.99,15,2008,40000,0,2026,8,3
관악구,신림동,힐스테이트뉴포레,59.9882,34,2022,33000,160,2026,8,2
관악구,봉천동,관악푸르지오,84.2,11,2004,54690,0,2026,8,1
관악구,봉천동,일두(1021),57.66,1,1985,26000,15,2026,8,1
서초구,우면동,서초네이처힐3단지,114.79,19,2013,102000,0,2026,8,14
서초구,방배동,대우(효령),84.91,7,1992,82000,0,2026,8,20
서초구,우면동,코오롱,52.47,6,1994,60000,0,2026,8,8
서초구,서초동,유원서초,84.82,7,1993,20000,330,2026,8,2
서초구,방배동,방배 서리풀 그랑블,84.9948,3,2019,105000,0,2026,8,8
서초구,방배동,방배그랑자이,84.972,16,2021,145000,0,2026,8,1
서초구,잠원동,동아,84.91,16,2002,115000,0,2026,8,25
서초구,양재동,양재리본타워2단지,59.77,6,2014,27857,0,2026,8,31
서초구,양재동,양재리본타워2단지,59.77,34,2014,29249,0,2026,8,31
서초구,양재동,양재리본타워2단지,59.77,6,2014,27857,0,2026,8,31
서초구,양재동,양재리본타워2단지,59.96,18,2014,27857,0,2026,8,31
서초구,양재동,양재리본타워2단지,59.96,10,2014,27857,0,2026,8,31
서초구,양재동,양재리본타워2단지,59.96,20,2014,29249,0,2026,8,30
서초구,양재동,양재리본타워2단지,84.98,5,2014,37790,0,2026,8,31
서초구,양재동,양재리본타워2단지,59.98,2,2014,27857,0,2026,8,31
서초구,반포동,반포자이,244.628,23,2009,30000,1400,2026,8,10
서초구,반포동,디에이치반포라클라스,115.943,16,2021,227000,0,2026,8,28
서초구,신원동,서초포레스타7단지,49.39,7,2013,28182,0,2026,8,31
서초구,서초동,서초푸르지오써밋,84.95,9,2017,10000,580,2026,8,14
서초구,방배동,임광,84.78,1,1985,10000,165,2026,8,31
서초구,잠원동,아크로리버뷰신반포,78.5,10,2018,195000,0,2026,8,28
서초구,잠원동,반포르엘,97.4743,5,2022,180000,0,2026,8,29
서초구,서초동,urbanplace,21.007,5,2014,0,100,2026,8,28
서초구,잠원동,신반포청구,59.91,17,1998,80000,16,2026,8,22
서초구,방배동,방배2차현대홈타운,114.74,11,2001,126000,0,2026,8,20
서초구,반포동,반포래미안아이파크,84.88,10,2018,180000,0,2026,8,1
서초구,서초동,디아레나서초,27.39,7,2020,34000,10,2026,8,31
서초구,반포동,반포서래월드메르디앙스칼라아파트B동,115.94,2,2005,80000,90,2026,8,31
서초구,서초동,서리아,39.9427,5,2026,1000,350,2026,8,3
서초구,잠원동,금호베스트빌,140.36,17,2002,155000,0,2026,8,29
서초구,반포동,반포자이,84.943,11,2009,162700,0,2026,8,29
서초구,우면동,엘에이치서초3단지,46.76,19,2013,5097,40,2026,8,31
서초구,방배동,삼성래미안1,84.91,5,2003,88000,0,2026,8,28
서초구,서초동,DK밸리뷰서초2차,26.39,13,2022,42000,0,2026,8,31
서초구,방배동,임광,84.78,1,1985,10000,165,2026,8,31
서초구,반포동,반포써밋,59.3264,20,2018,128000,0,2026,8,10
서초구,신원동,서초포레스타3단지,59.73,5,2014,31267,0,2026,8,28
서초구,잠원동,킴스빌리지,30.18,10,1996,3000,148,2026,8,6
서초구,신원동,서초포레스타3단지,59.73,8,2014,31267,0,2026,8,28
서초구,신원동,서초포레스타3단지,59.93,12,2014,31267,0,2026,8,31
서초구,반포동,반포써밋,84.4182,28,2018,70000,160,2026,8,29
서초구,서초동,삼풍아파트,79.47,12,1988,105000,0,2026,8,29
서초구,반포동,래미안원베일리,84.98,28,2023,40000,750,2026,8,7
서초구,서초동,서초중흥S-클래스(도시형생활주택),22.37,3,2013,13000,20,2026,8,29
서초구,반포동,어반빌리지,21.96,3,2012,19000,20,2026,8,29
서초구,방배동,방배아트자이,59.9775,6,2018,99000,0,2026,8,28
서초구,서초동,아크로비스타,101.81,23,2004,155000,0,2026,8,7
서초구,방배동,삼호1동~3동,81.39,11,1975,52500,0,2026,8,27
서초구,방배동,롯데캐슬아르떼,121.6356,11,2013,132000,0,2026,8,28
서초구,서초동,경남아너스빌201동,84.95,6,2006,30000,300,2026,8,29
서초구,잠원동,동아,59.8,7,2002,84000,0,2026,8,5
서초구,서초동,서초동아이파크,164.8,8,2003,30000,460,2026,8,11
서초구,잠원동,신반포26,142.54,3,1984,110000,0,2026,8,30
서초구,반포동,반포미도,84.96,12,1987,24000,220,2026,8,1
서초구,반포동,반포미도2차아파트,71.49,12,1989,78000,0,2026,8,29
서초구,우면동,서초힐스,74.97,14,2012,78000,0,2026,8,24
서초구,서초동,서초그랑자이,119.41,20,2021,1500,1500,2026,8,21
서초구,신원동,서초포레스타3단지,59.96,10,2014,31267,0,2026,8,31
서초구,반포동,래미안원베일리,59.96,21,2023,125000,160,2026,8,13
서초구,반포동,래미안퍼스티지,84.93,27,2009,10000,720,2026,8,29
서초구,우면동,호반써밋서초파크뷰,84.99,16,2013,60000,40,2026,8,24
서초구,방배동,서초이에스에이3차,59.4,9,2002,74000,0,2026,8,1
서초구,서초동,서초자이,116.85,2,2006,100000,110,2026,8,27
서초구,잠원동,반포르엘,84.1127,16,2022,173000,0,2026,8,22
서초구,서초동,우성아파트,59.93,21,1998,60000,86,2026,8,29
서초구,서초동,풍림아이원플러스,35.903,11,2004,300,130,2026,8,18
서초구,반포동,래미안원베일리,59.96,24,2023,136500,0,2026,8,3
서초구,서초동,서초래미안,84.95,14,2003,95500,65,2026,8,28
서초구,서초동,래미안서초유니빌,43.625,13,2003,30000,20,2026,8,21
서초구,서초동,서신,54.03,5,1995,32209,0,2026,8,28
서초구,양재동,휴먼씨티,59.75,6,2001,39580,0,2026,8,11
서초구,양재동,양재리본타워2단지,59.77,7,2014,27857,0,2026,8,28
서초구,반포동,래미안원베일리,168.65,16,2023,490000,0,2026,8,19
서초구,잠원동,반포센트럴자이,84.94,2,2020,170000,0,2026,8,24
서초구,양재동,양재리본타워2단지,114.78,3,2014,47628,0,2026,8,28
서초구,서초동,서리아,39.9427,5,2026,1000,350,2026,8,7
서초구,서초동,서초롯데캐슬프레지던트,84.97,4,2014,120500,0,2026,8,28
서초구,반포동,더샵반포리버파크,49.986,7,2022,30000,230,2026,8,22
서초구,서초동,서초그랑자이,84.87,7,2021,170000,80,2026,8,28
서초구,잠원동,래미안신반포팰리스,84.49,20,2016,157500,0,2026,8,27
서초구,잠원동,한신,84.52,1,1992,88200,55,2026,8,22
서초구,서초동,서초현대,53.01,13,1999,72450,0,2026,8,22
서초구,양재동,양재리본타워2단지,84.97,13,2014,37790,0,2026,8,28
서초구,양재동,양재리본타워2단지,59.77,11,2014,27857,0,2026,8,28
서초구,방배동,삼호2,131.41,4,1976,40000,190,2026,8,5
서초구,신원동,서초포레스타3단지,84.41,7,2014,37997,0,2026,8,10
서초구,잠원동,한강,84.53,7,1989,92400,0,2026,8,28
서초구,반포동,현대동궁아파트,81.9,3,1991,73000,0,2026,8,8
서초구,서초동,밀라텔쉐르빌,65.32,8,2001,2000,270,2026,8,28
서초구,신원동,서초포레스타3단지,59.96,4,2014,31267,0,2026,8,27
서초구,잠원동,신반포4,96.48,4,1979,60000,20,2026,8,27
서초구,서초동,래미안 리더스원,59.97,20,2020,123000,60,2026,8,26
서초구,양재동,양재리본타워2단지,59.96,6,2014,27857,0,2026,8,28
서초구,양재동,양재리본타워2단지,114.78,12,2014,47628,0,2026,8,28
서초구,양재동,양재리본타워2단지,84.97,15,2014,37790,0,2026,8,27
서초구,서초동,서초그랑자이,59.98,10,2021,30000,378,2026,8,2
서초구,잠원동,아크로리버뷰신반포,78.48,5,2018,144000,0,2026,8,8
서초구,신원동,서초포레스타3단지,59.96,3,2014,31267,0,2026,8,26
서초구,방배동,방배아트자이,84.9383,5,2018,80000,240,2026,8,27
서초구,방배동,방배마에스트로,34.59,11,2019,20000,113,2026,8,26
서초구,서초동,서리아,58.6773,13,2026,3000,500,2026,8,12
서초구,잠원동,신반포청구,59.91,10,1998,15000,280,2026,8,22
서초구,반포동,래미안원펜타스,155.8754,27,2024,271340,0,2026,8,19
서초구,우면동,서초네이처힐6단지,84.77,11,2013,55000,180,2026,8,24
서초구,반포동,래미안원펜타스,155.8754,27,2024,271340,700,2026,8,19
서초구,서초동,동아아파트,33.16,9,2015,10000,104,2026,8,26
서초구,잠원동,신반포2,107.31,7,1978,10000,320,2026,8,22
서초구,방배동,삼성래미안1,84.91,8,2003,90000,60,2026,8,27
서초구,잠원동,신반포자이,84.97,4,2018,120750,142,2026,8,19
서초구,잠원동,블루힐하우스,84.54,1,1999,110000,0,2026,8,27
서초구,서초동,롯데캐슬클래식,120.18,20,2006,146000,0,2026,8,27
서초구,잠원동,아크로리버뷰신반포,78.5,3,2018,30000,600,2026,8,26
서초구,서초동,서초롯데캐슬프레지던트,84.97,11,2014,95000,160,2026,8,22
서초구,잠원동,신반포7,107.29,8,1980,70000,0,2026,8,27
서초구,우면동,서초네이처힐3단지,114.79,19,2013,102000,0,2026,8,14
서초구,반포동,래미안원베일리,84.99,29,2023,65000,480,2026,8,25
서초구,서초동,서초동삼성쉐르빌2,35.22,14,2002,300,90,2026,8,27
서초구,잠원동,신반포2,79.42,12,1978,17000,165,2026,8,21
서초구,서초동,래미안서초스위트,84.9571,16,2009,120000,0,2026,8,27
서초구,잠원동,반포센트럴자이,59.97,16,2020,135000,0,2026,8,26
서초구,우면동,서초힐스,74.95,6,2012,88000,0,2026,8,22
서초구,우면동,서초힐스,84.96,14,2012,65000,80,2026,8,8
서초구,서초동,서초한일유앤아이주상복합,84.89,9,2007,67000,30,2026,8,26
서초구,서초동,아크로비스타,152.33,8,2004,130000,190,2026,8,22
서초구,양재동,양재리본타워2단지,84.97,19,2014,37790,0,2026,8,26
서초구,잠원동,동아,84.91,16,2002,70000,200,2026,8,26
서초구,반포동,반포자이,132.439,2,2009,60000,725,2026,8,22
서초구,우면동,서초힐스,74.97,7,2012,80000,0,2026,8,5
서초구,서초동,서초로즈힐,111.71,6,2005,15000,270,2026,8,23
서초구,서초동,유원서초,84.87,11,1993,95000,0,2026,8,26
서초구,잠원동,신반포4,100.11,10,1979,77000,0,2026,8,18
서초구,서초동,서리아,45.9939,2,2026,1000,400,2026,8,21
서초구,잠원동,신반포자이,114.94,9,2018,250000,0,2026,8,21
서초구,잠원동,아크로리버뷰신반포,78.5,16,2018,140000,240,2026,8,18
서초구,잠원동,롯데캐슬갤럭시(50-1),148.86,14,2004,150000,0,2026,8,22
서초구,반포동,반포써밋,59.3264,9,2018,65000,280,2026,8,14
서초구,우면동,서초힐스,84.98,12,2012,66150,54,2026,8,24
서초구,서초동,서초래미안,126.31,24,2003,100000,0,2026,8,22
서초구,잠원동,동아,84.91,19,2002,125000,0,2026,8,15
서초구,반포동,반포자이,84.943,23,2009,160000,0,2026,8,18
서초구,반포동,반포자이,194.515,9,2009,300000,0,2026,8,1
서초구,서초동,서리아,39.9427,11,2026,1000,350,2026,8,14
서초구,양재동,우성,73.15,1,1991,70000,0,2026,8,23
서초구,잠원동,동아,84.91,16,2002,15000,0,2026,8,25
서초구,잠원동,래미안신반포팰리스,84.49,8,2016,130000,200,2026,8,19
서초구,반포동,래미안원펜타스,59.7832,15,2024,152250,0,2026,8,26
서초구,우면동,서초호반써밋,101.0109,17,2013,89250,0,2026,8,22
서초구,잠원동,킴스빌리지,30.18,7,1996,20000,160,2026,8,25
서초구,방배동,상지리츠빌6차,111.02,1,2004,85000,130,2026,8,21
서초구,서초동,서초한빛삼성,110.59,18,1999,110000,20,2026,8,19
서초구,서초동,래미안서초스위트,84.9722,4,2009,30000,320,2026,8,17
서초구,반포동,디에이치반포라클라스,59.9897,15,2021,120000,100,2026,8,18
서초구,양재동,양재리본타워2단지,59.96,23,2014,27857,0,2026,8,25
서초구,양재동,양재리본타워2단지,59.98,13,2014,27857,0,2026,8,25
서초구,양재동,양재리본타워2단지,59.77,5,2014,27857,0,2026,8,25
서초구,양재동,양재리본타워2단지,114.78,20,2014,47628,0,2026,8,25
서초구,서초동,서초자연인아파트(101동),26,8,2012,1000,130,2026,8,20
서초구,우면동,호반써밋서초파크뷰,84.99,16,2013,60000,40,2026,8,24
서초구,서초동,래미안 리더스원,83.12,12,2020,141000,0,2026,8,8
서초구,신원동,서초포레스타3단지,59.96,6,2014,31267,0,2026,8,25
서초구,우면동,서초네이처힐3단지,84.84,12,2013,53287,0,2026,8,25
서초구,서초동,밀라텔쉐르빌,32.66,11,2001,28000,0,2026,8,24
서초구,서초동,동아아파트,24.19,3,2015,4000,95,2026,8,25
서초구,방배동,방배아이파크,125.58,14,2006,145000,0,2026,8,20
서초구,서초동,래미안서초유니빌,45.254,14,2003,30000,40,2026,8,25
서초구,반포동,반포리체,106.148,8,2010,185000,0,2026,8,5
서초구,서초동,SUITEHILL,20.466,3,2012,3600,64,2026,8,6
서초구,방배동,방배자이,194.92,10,2003,120000,45,2026,8,24
서초구,잠원동,메이플자이,59.5368,18,2025,50000,460,2026,8,22
서초구,반포동,반포자이,194.515,16,2009,278000,0,2026,8,25
서초구,반포동,래미안원베일리,59.96,25,2023,20000,600,2026,8,7
서초구,잠원동,반포센트럴자이,84.98,21,2020,170000,0,2026,8,12
서초구,양재동,양재리본타워2단지,59.77,2,2014,27857,0,2026,8,13
서초구,반포동,반포두산힐스빌,47.84,5,2001,67600,0,2026,8,22
서초구,잠원동,잠원현대훼밀리,59.56,3,1997,66150,0,2026,8,25
서초구,반포동,더샵반포리버파크,49.9413,5,2022,30000,250,2026,8,24
서초구,방배동,래미안방배아트힐(1008-2),127.31,19,2004,135000,0,2026,8,22
서초구,서초동,서초푸르지오써밋,59.92,2,2017,67032,0,2026,8,25
서초구,반포동,반포리체,84.967,24,2010,157000,0,2026,8,1
서초구,서초동,래미안 리더스원,114.94,2,2020,100000,380,2026,8,18
서초구,잠원동,한신로얄,81.05,10,1992,94000,0,2026,8,19
서초구,양재동,양재리본타워2단지,84.98,8,2014,37790,0,2026,8,24
서초구,양재동,양재리본타워2단지,59.98,18,2014,27857,0,2026,8,24
서초구,양재동,더-클라스,83.93,1,2004,71000,0,2026,8,13
서초구,방배동,삼성래미안1,59.9,1,2003,65600,0,2026,8,22
서초구,양재동,양재리본타워2단지,84.97,5,2014,37790,0,2026,8,24
서초구,방배동,삼호한숲,114.46,9,1998,105000,0,2026,8,24
서초구,내곡동,서초포레스타2단지,39.43,8,2015,1402,35,2026,8,19
서초구,반포동,아크로리버파크,84.95,12,2016,10000,755,2026,8,18
서초구,잠원동,반포르엘,84.9818,4,2022,60000,460,2026,8,21
서초구,방배동,서리풀e편한세상,59.94,3,2010,60000,160,2026,8,2
서초구,양재동,양재리본타워2단지,59.77,18,2014,27857,0,2026,8,22
서초구,서초동,더프레임서초,49.718,12,2023,5000,380,2026,8,19
서초구,내곡동,서초더샵포레,59.69,5,2014,85000,0,2026,8,8
서초구,방배동,방배신삼호,105.04,8,1983,85000,0,2026,8,8
서초구,잠원동,동아,59.92,1,2002,78750,0,2026,8,6
서초구,반포동,반포리체,84.967,30,2010,145000,0,2026,8,24
서초구,우면동,서초네이처힐3단지,84.84,3,2013,82950,0,2026,8,22
서초구,반포동,반포미도,84.96,5,1987,95000,0,2026,8,17
서초구,양재동,남성1차현대타운,81.76,1,2005,40000,110,2026,8,20
서초구,방배동,호산타워,18.58,15,2026,3000,135,2026,8,1
서초구,방배동,현대멤피스,186.53,3,2001,162750,0,2026,8,20
서초구,서초동,서초그랑자이,59.98,4,2021,126000,0,2026,8,22
서초구,잠원동,한강,84.53,9,1989,10000,315,2026,8,21
서초구,잠원동,신반포4,96.48,3,1979,60000,50,2026,8,15
서초구,반포동,현대동궁아파트,70.38,15,1991,70000,0,2026,8,22
서초구,잠원동,신반포2,68.91,5,1978,55000,0,2026,8,13
서초구,서초동,서초푸르지오써밋,84.95,9,2017,10000,580,2026,8,14
서초구,서초동,서초대우아이빌,35.307,15,2003,1000,110,2026,8,11
서초구,서초동,롯데캐슬클래식,133.45,12,2006,147000,0,2026,8,21
서초구,우면동,서초네이처힐5단지,59.99,15,2011,5416,32,2026,8,24
서초구,잠원동,래미안신반포팰리스,84.49,7,2016,158000,0,2026,8,22
서초구,서초동,래미안 리더스원,84.94,4,2020,167000,0,2026,8,21
서초구,우면동,호반써밋서초파크,51.89,10,2013,67000,0,2026,8,22
서초구,신원동,서초포레스타6단지,49.75,6,2015,10782,16,2026,8,22
서초구,신원동,서초포레스타3단지,59.96,4,2014,37520,0,2026,8,22
서초구,방배동,네스코뮤즈빌(B),94.77,5,2003,75000,25,2026,8,23
서초구,잠원동,메이플자이,84.2537,8,2025,50000,680,2026,8,12
서초구,신원동,서초포레스타3단지,59.96,8,2014,32830,0,2026,8,21
서초구,방배동,방배2차현대홈타운,59.86,2,2001,55000,60,2026,8,3
서초구,서초동,우성아파트,59.93,13,1998,78000,0,2026,8,21
서초구,반포동,반포리체,106.148,11,2010,165000,0,2026,8,22
서초구,우면동,서초호반써밋,101.0515,16,2013,89250,0,2026,8,22
서초구,반포동,아크로리버파크,112.97,6,2016,300000,0,2026,8,21
서초구,잠원동,동아,59.92,5,2002,83750,0,2026,8,12
서초구,반포동,반포리체,84.967,6,2010,147000,0,2026,8,22
서초구,잠원동,신반포2,79.42,12,1978,62000,0,2026,8,8
서초구,잠원동,동아,84.91,2,2002,40000,280,2026,8,7
서초구,잠원동,신반포자이,114.94,16,2018,209400,150,2026,8,22
서초구,서초동,삼풍아파트,79.47,11,1988,95000,50,2026,8,11
서초구,반포동,반포미도,84.96,11,1987,5000,300,2026,8,11
서초구,우면동,서초힐스,74.96,15,2012,10500,273,2026,8,21
서초구,반포동,아크로리버파크,59.98,2,2016,25000,500,2026,8,22
서초구,우면동,서초힐스,84.95,8,2012,42000,100,2026,8,22
서초구,양재동,양재리본타워2단지,114.78,10,2014,47628,0,2026,8,21
서초구,양재동,양재리본타워2단지,59.77,11,2014,27857,0,2026,8,21
서초구,양재동,양재리본타워2단지,59.77,12,2014,44694,0,2026,8,21
서초구,양재동,양재리본타워2단지,84.98,10,2014,37790,0,2026,8,21
서초구,양재동,양재리본타워,59.96,12,2014,38614,0,2026,8,21
서초구,반포동,반포자이,59.98,13,2009,120000,0,2026,8,19
서초구,잠원동,신반포2,68.91,3,1978,47250,0,2026,8,19
서초구,양재동,양재리본타워2단지,114.78,6,2014,47628,0,2026,8,21
서초구,양재동,양재리본타워2단지,84.98,8,2014,37790,0,2026,8,21
서초구,잠원동,동아,84.91,8,2002,125000,0,2026,8,13
서초구,잠원동,한신타운,78.39,6,1989,85000,0,2026,8,20
서초구,신원동,서초포레스타3단지,59.96,7,2014,32830,0,2026,8,21
서초구,서초동,서초쌍용플래티넘,82.46,18,2006,10000,350,2026,8,21
서초구,잠원동,메이플자이,59.1662,9,2025,157000,0,2026,8,20
서초구,방배동,롯데캐슬아르떼,59.9742,9,2013,108000,0,2026,8,21
서초구,내곡동,서초더샵포레,114.71,16,2014,50000,240,2026,8,8
서초구,신원동,서초포레스타3단지,59.69,4,2014,31267,0,2026,8,21
서초구,서초동,서초래미안,111.32,10,2003,126000,0,2026,8,21
서초구,서초동,래미안 리더스원,84.94,4,2020,165000,0,2026,8,21
서초구,서초동,삼풍아파트,130.73,7,1988,139500,0,2026,8,15
서초구,서초동,대림서초리시온,49.92,3,2003,48000,0,2026,8,18
서초구,방배동,방배아이파크,84.32,3,2006,105000,0,2026,8,13
서초구,반포동,디에이치반포라클라스,104.9812,10,2021,110000,350,2026,8,8
서초구,반포동,반포래미안아이파크,112.95,25,2018,166000,259,2026,8,20
서초구,양재동,금강,83.78,4,2003,50000,10,2026,8,21
서초구,반포동,더샵반포리버파크,49.7576,2,2022,50000,165,2026,8,20
서초구,서초동,서초그랑자이,84.51,33,2021,25000,540,2026,8,13
서초구,방배동,방배1차현대홈타운,59.94,3,1999,65300,0,2026,8,6
서초구,잠원동,신반포자이,84.97,25,2018,160000,0,2026,8,20
서초구,양재동,양재리본타워2단지,59.96,21,2014,44694,0,2026,8,20
서초구,반포동,아크로리버파크,84.95,10,2016,20000,880,2026,8,18
서초구,서초동,현대아파트,84.33,8,1989,58000,0,2026,8,14
서초구,우면동,서초네이처힐5단지,114.98,1,2011,65171,0,2026,8,20
서초구,잠원동,신반포2,68.91,10,1978,57000,0,2026,8,1
서초구,우면동,서초네이처힐1단지,84.82,5,2012,81900,0,2026,8,1
서초구,우면동,서초네이처힐5단지,59.99,6,2011,16623,0,2026,8,19
서초구,우면동,서초네이처힐4단지,84.61,12,2011,85000,0,2026,8,18
서초구,우면동,서초네이처힐5단지,59.99,5,2011,5245,35,2026,8,19
서초구,양재동,양재리본타워2단지,84.98,11,2014,37790,0,2026,8,20
서초구,반포동,반포미도2차아파트,71.49,10,1989,40000,113,2026,8,8
서초구,내곡동,서초더샵포레,84.81,8,2014,80000,0,2026,8,20
서초구,잠원동,신반포자이,59.93,16,2018,130000,0,2026,8,1
서초구,반포동,반포써밋,84.9716,4,2018,115500,210,2026,8,20
서초구,내곡동,서초더샵포레,84.81,5,2014,88000,0,2026,8,19
서초구,신원동,서초포레스타7단지,49.39,3,2013,42510,0,2026,8,20
서초구,내곡동,서초포레스타2단지,39.43,8,2015,3506,30,2026,8,19
서초구,잠원동,신반포자이,59.93,16,2018,130000,24,2026,8,1
서초구,잠원동,신반포자이,59.93,16,2018,130000,0,2026,8,1
서초구,잠원동,한신타워,59.81,11,1996,20000,260,2026,8,15
서초구,양재동,양재리본타워2단지,84.97,10,2014,37790,0,2026,8,19
서초구,방배동,방배임광3차,100.82,9,1988,73500,0,2026,8,11
서초구,방배동,롯데캐슬아르떼,59.9742,10,2013,46176,0,2026,8,19
서초구,서초동,지웰홈스서초,18.25,7,2019,1000,131,2026,8,5
서초구,반포동,래미안원베일리,133.91,2,2023,320000,0,2026,8,18
서초구,반포동,래미안원펜타스,59.8,30,2024,143000,26,2026,8,7
서초구,방배동,방배우성,80.2,5,1991,67000,0,2026,8,18
서초구,양재동,양재리본타워2단지,59.96,11,2014,27857,0,2026,8,3
서초구,반포동,래미안퍼스티지,198.22,8,2009,60000,1060,2026,8,5
서초구,반포동,반포미도,84.96,3,1987,50000,200,2026,8,19
서초구,서초동,서초동삼성쉐르빌2,52.83,13,2002,50000,0,2026,8,14
서초구,서초동,래미안서초에스티지S,84.96,22,2018,130000,100,2026,8,8
서초구,서초동,대림서초리시온,48.96,4,2003,2000,180,2026,8,3
서초구,내곡동,서초더샵포레,84.34,1,2014,62400,0,2026,8,19
서초구,방배동,방배3차현대홈타운,122.825,5,2004,140000,0,2026,8,19
서초구,서초동,서초5차e편한세상,158.24,6,2005,95000,220,2026,8,19
서초구,반포동,래미안원베일리,59.96,25,2023,157500,0,2026,8,18
서초구,신원동,서초포레스타3단지,84.41,12,2014,37997,0,2026,8,19
서초구,반포동,반포자이,84.943,18,2009,162700,0,2026,8,15
서초구,잠원동,신반포2,68.91,5,1978,62000,0,2026,8,19
서초구,잠원동,강변,84.53,9,1987,85000,0,2026,8,19
서초구,우면동,서초네이처힐7단지,39.79,4,2011,3576,28,2026,8,19
서초구,서초동,서초대우아이빌,35.307,13,2003,1000,100,2026,8,18
서초구,양재동,양재리본타워2단지,59.77,28,2014,27857,0,2026,8,18
서초구,서초동,래미안서초에스티지S,84.96,5,2018,126000,0,2026,8,11
서초구,반포동,래미안퍼스티지,84.93,19,2009,40000,570,2026,8,18
서초구,잠원동,반포르엘,121.6097,23,2022,250000,0,2026,8,15
서초구,잠원동,신반포2,79.42,8,1978,25000,120,2026,8,11
서초구,서초동,삼풍아파트,130.73,9,1988,100000,120,2026,8,16
서초구,반포동,반포자이,194.692,10,2009,258000,50,2026,8,14
서초구,반포동,아크로리버파크,84.98,14,2016,120000,270,2026,8,6
서초구,서초동,헤센파크힐,18.34,4,2018,31600,3,2026,8,4
서초구,양재동,양재리본타워2단지,59.77,3,2014,27857,0,2026,8,18
서초구,서초동,서리아,39.9427,7,2026,1000,350,2026,8,3
서초구,양재동,양재리본타워2단지,59.77,4,2014,27857,0,2026,8,18
서초구,신원동,서초포레스타3단지,59.73,10,2014,31267,0,2026,8,18
서초구,서초동,삼풍아파트,79.47,5,1988,91000,0,2026,8,8
서초구,서초동,서초녹원,114.99,4,1997,110000,40,2026,8,12
서초구,신원동,서초포레스타3단지,59.96,11,2014,31267,0,2026,8,18
서초구,우면동,서초힐스,74.97,4,2012,20000,260,2026,8,18
서초구,반포동,반포래미안아이파크,59.95,17,2018,140000,0,2026,8,7
서초구,우면동,서초호반써밋,101.0109,2,2013,20000,360,2026,8,18
서초구,방배동,래미안방배아트힐(1008-2),127.31,18,2004,48000,240,2026,8,18
서초구,양재동,양재리본타워2단지,59.98,13,2014,27857,0,2026,8,18
서초구,양재동,양재리본타워2단지,59.77,33,2014,27857,0,2026,8,18
서초구,반포동,아크로리버파크,59.97,11,2016,90000,250,2026,8,18
서초구,우면동,동고,84.96,8,1995,80000,0,2026,8,15
서초구,양재동,양재리본타워2단지,84.98,7,2014,37790,0,2026,8,18
서초구,반포동,반포래미안아이파크,84.93,19,2018,173250,0,2026,8,17
서초구,서초동,N-Suite101동(1511-6),120.56,6,2004,30000,270,2026,8,17
서초구,서초동,서초동삼성쉐르빌2,35.22,7,2002,26500,0,2026,8,6
서초구,서초동,초원현대,99.63,2,1998,30000,247,2026,8,18
서초구,반포동,반포리체,106.148,20,2010,130000,160,2026,8,14
서초구,우면동,한라,59.98,4,1994,46000,0,2026,8,8
서초구,잠원동,래미안신반포팰리스,84.49,20,2016,149000,0,2026,8,18
서초구,방배동,한신트리플,43.93,12,2004,2000,120,2026,8,17
서초구,반포동,디에이치반포라클라스,84.9671,11,2021,50000,470,2026,8,9
서초구,방배동,방배임광3차,51.84,10,1988,40000,0,2026,8,1
서초구,서초동,래미안서초스위트,84.9571,3,2009,130000,0,2026,8,8
서초구,잠원동,신반포7,112.25,2,1980,87000,0,2026,8,17
서초구,서초동,urbanplace,20.998,5,2014,1000,95,2026,8,18
서초구,서초동,서초지웰,84.74,12,2005,100000,0,2026,8,17
서초구,잠원동,래미안신반포팰리스,84.46,10,2016,140000,120,2026,8,15
서초구,서초동,지웰홈스서초,14.1,16,2019,500,101,2026,8,18
서초구,신원동,서초포레스타3단지,59.96,4,2014,31267,0,2026,8,18
서초구,서초동,삼풍아파트,79.47,10,1988,10000,380,2026,8,8
서초구,반포동,반포자이,165.446,8,2009,153000,480,2026,8,12
서초구,양재동,양재리본타워2단지,59.96,24,2014,27857,0,2026,8,17
서초구,양재동,양재리본타워2단지,59.98,6,2014,27857,0,2026,8,17
서초구,서초동,DK밸리뷰서초2차,26.39,16,2022,40000,0,2026,8,1
서초구,방배동,방배마에스트로,25.48,14,2019,40000,60,2026,8,17
서초구,잠원동,롯데캐슬갤럭시,133.41,12,2002,165000,0,2026,8,15
서초구,방배동,디오수페리움2,84.98,14,2006,90000,0,2026,8,15
서초구,방배동,방배1차현대홈타운,114.78,7,1999,125000,0,2026,8,8
서초구,방배동,방배임광3차,51.84,10,1988,40000,0,2026,8,1
서초구,반포동,반포래미안아이파크,99.92,26,2018,189500,0,2026,8,14
서초구,서초동,서초한빛삼성,99.06,11,1999,115000,0,2026,8,15
서초구,우면동,서초네이처힐1단지,84.78,6,2012,92000,0,2026,8,14
서초구,양재동,양재리본타워2단지,59.77,18,2014,27857,0,2026,8,16
서초구,방배동,삼호1동~3동,80.33,6,1975,55000,0,2026,8,15
서초구,반포동,래미안퍼스티지,84.93,7,2009,80500,440,2026,8,14
서초구,서초동,래미안서초스위트,84.9722,4,2009,30000,320,2026,8,17
서초구,서초동,서초타운트라팰리스,82.9,15,2006,87000,0,2026,8,17
서초구,반포동,더샵반포리버파크,49.9413,6,2022,10000,400,2026,8,14
서초구,우면동,서초네이처힐4단지,49.91,11,2011,1951,38,2026,8,16
서초구,방배동,광해리드빌,116.11,3,2004,85000,0,2026,8,16
서초구,반포동,반포자이,84.998,17,2009,145000,70,2026,8,10
서초구,서초동,래미안서초에스티지S,84.8,15,2018,95500,80,2026,8,15
서초구,잠원동,월드메르디앙,84.78,13,2002,100000,0,2026,8,9
서초구,잠원동,래미안신반포팰리스,84.46,29,2016,95000,280,2026,8,13
서초구,잠원동,반포르엘,121.6097,28,2022,260000,0,2026,8,14
서초구,방배동,롯데캐슬아르떼,84.9145,8,2013,25000,322,2026,8,11
서초구,반포동,아크로리버파크,59.97,11,2016,104000,170,2026,8,11
서초구,양재동,양재리본타워2단지,59.77,17,2014,27857,0,2026,8,14
서초구,양재동,양재리본타워2단지,59.77,29,2014,27857,0,2026,8,14
서초구,잠원동,반포르엘,84.9818,10,2022,140000,240,2026,8,14
서초구,서초동,DK밸리뷰시티,27.04,9,2019,32000,0,2026,8,14
서초구,잠원동,한신,84.52,6,1992,99750,0,2026,8,14
서초구,방배동,삼호한숲,59.98,3,1998,30000,150,2026,8,10
서초구,서초동,서초이오빌,58.48,14,2003,50000,0,2026,8,3
서초구,서초동,진흥아파트,101.32,15,1979,10000,195,2026,8,11
서초구,반포동,한신서래,64.53,4,1987,50000,60,2026,8,14
서초구,방배동,엘루크방배서리풀,48.16,12,2024,68000,0,2026,8,13
서초구,서초동,래미안서초에스티지,83.6,10,2016,147000,0,2026,8,13
서초구,서초동,서초그랑자이,100.41,12,2021,179000,0,2026,8,14
서초구,신원동,서초포레스타5단지,59.96,9,2014,44147,0,2026,8,14
서초구,반포동,서래아르드빌,189.86,2,2008,100000,340,2026,8,14
서초구,양재동,양재리본타워2단지,84.98,20,2014,37790,0,2026,8,14
서초구,반포동,더샵반포리버파크,49.8971,4,2022,79800,0,2026,8,8
서초구,신원동,서초포레스타5단지,59.96,3,2014,44147,0,2026,8,13
서초구,잠원동,동아,84.91,6,2002,60000,170,2026,8,12
서초구,반포동,아크로리버파크,112.93,9,2016,100000,700,2026,8,7
서초구,서초동,래미안서초유니빌,45.254,11,2003,15000,70,2026,8,1
서초구,잠원동,신반포자이,84.92,20,2018,160000,0,2026,8,11
서초구,반포동,래미안퍼스티지,59.96,30,2009,131500,0,2026,8,13
서초구,서초동,서리아,39.9427,6,2026,1000,350,2026,8,3
서초구,우면동,호반써밋서초파크뷰,84.99,3,2013,61000,80,2026,8,14
서초구,양재동,양재리본타워2단지,59.96,6,2014,27857,0,2026,8,13
서초구,반포동,래미안원펜타스,191.859,29,2024,200000,1240,2026,8,13
서초구,신원동,서초포레스타3단지,84.41,9,2014,37997,0,2026,8,13
서초구,내곡동,서초더샵포레,59.88,4,2014,49612,0,2026,8,13
서초구,서초동,N-Suite102동(1511-3),120.56,1,2004,75000,63,2026,8,12
서초구,양재동,리시본하우스,54.385,10,2020,70000,0,2026,8,13
서초구,신원동,서초포레스타3단지,59.96,6,2014,31267,0,2026,8,13
서초구,잠원동,월드메르디앙,84.78,12,2002,78750,0,2026,8,13
서초구,방배동,호산타워,14.52,5,2026,3000,110,2026,8,13
서초구,서초동,동아아파트,31.6,9,2015,13000,110,2026,8,1
서초구,잠원동,반포센트럴자이,84.98,21,2020,170000,0,2026,8,12
서초구,우면동,동고,84.96,9,1995,73500,0,2026,8,13
서초구,우면동,동고,84.96,9,1995,73500,0,2026,8,13
서초구,서초동,롯데캐슬메디치,110.62,14,2010,10000,520,2026,8,12
서초구,양재동,양재리본타워2단지,114.78,16,2014,47628,0,2026,8,13
서초구,양재동,양재리본타워2단지,114.78,11,2014,47628,0,2026,8,12
서초구,양재동,양재리본타워2단지,59.77,17,2014,27857,0,2026,8,12
서초구,내곡동,서초더샵포레,59.84,2,2014,38825,0,2026,8,13
서초구,잠원동,신반포2,92.2,1,1978,20000,177,2026,8,11
서초구,우면동,서초네이처힐7단지,59.99,9,2011,80000,0,2026,8,8
서초구,서초동,서초쌍용플래티넘,71.9,15,2006,68000,0,2026,8,7
서초구,신원동,서초포레스타3단지,59.96,7,2014,31267,0,2026,8,13
서초구,양재동,양재리본타워2단지,59.77,26,2014,27857,0,2026,8,13
서초구,서초동,아크로비스타,138.96,5,2004,178500,0,2026,8,13
서초구,양재동,양재리본타워2단지,59.77,2,2014,27857,0,2026,8,12
서초구,우면동,우솔마을서초리슈빌S아파트,30.89,4,2014,1000,100,2026,8,13
서초구,방배동,대우(효령),84.91,5,1992,74500,0,2026,8,8
서초구,양재동,양재리본타워2단지,84.98,11,2014,37790,0,2026,8,6
서초구,잠원동,신반포2,107.31,8,1978,80000,0,2026,8,8
서초구,양재동,양재리본타워2단지,59.77,23,2014,27857,0,2026,8,12
서초구,양재동,양재리본타워2단지,59.96,15,2014,27857,0,2026,8,12
서초구,서초동,서초2차e-편한세상,116.745,8,2005,115500,0,2026,8,6
서초구,반포동,래미안원베일리,59.96,20,2023,150000,120,2026,8,12
서초구,우면동,코오롱,52.47,3,1994,32000,50,2026,8,8
서초구,방배동,삼성래미안1,114.94,7,2003,115000,0,2026,8,2
서초구,방배동,대우(효령),84.91,5,1992,74500,0,2026,8,8
서초구,잠원동,신반포청구,84.86,4,1998,35000,300,2026,8,9
서초구,서초동,래미안 리더스원,59.97,17,2020,140000,0,2026,8,12
서초구,반포동,반포래미안아이파크,99.92,2,2018,191000,0,2026,8,7
서초구,서초동,서초센트럴IPARK,80.5154,31,2020,70000,208,2026,8,7
서초구,서초동,지웰홈스서초,17.9,13,2019,1400,129,2026,8,6
서초구,신원동,서초포레스타3단지,84.41,3,2014,37997,0,2026,8,12
서초구,방배동,롯데캐슬아르떼,59.9742,17,2013,46176,0,2026,8,12
서초구,반포동,반포자이,84.943,2,2009,99225,0,2026,8,12
서초구,잠원동,신반포청구,59.91,17,1998,30000,240,2026,8,11
서초구,반포동,반포자이,59.98,15,2009,52900,0,2026,8,12
서초구,신원동,서초포레스타5단지,59.96,3,2014,39749,0,2026,8,12
서초구,반포동,래미안원펜타스,59.7832,11,2024,147000,0,2026,8,12
서초구,방배동,방배대우(562-1),84.67,5,1992,45000,0,2026,8,11
서초구,잠원동,동아,84.91,12,2002,120000,0,2026,8,12
서초구,양재동,양재리본타워2단지,59.98,19,2014,27857,0,2026,8,11
서초구,양재동,양재리본타워2단지,84.97,2,2014,37790,0,2026,8,11
서초구,잠원동,중앙하이츠,75.44,8,1998,30500,0,2026,8,12
서초구,방배동,방배래미안타워,134.96,13,2005,70000,230,2026,8,12
서초구,신원동,서초포레스타3단지,59.93,9,2014,31267,0,2026,8,12
서초구,반포동,래미안퍼스티지,117.12,4,2009,250000,0,2026,8,8
서초구,방배동,방배임광3차,100.82,9,1988,70000,80,2026,8,12
서초구,서초동,서초현대,54.45,10,1999,75000,0,2026,8,8
서초구,우면동,서초네이처힐7단지,59.99,6,2011,80000,0,2026,8,8
서초구,양재동,우성,84.58,4,1991,10000,300,2026,8,4
서초구,신원동,서초포레스타5단지,59.96,4,2014,39749,0,2026,8,11
서초구,신원동,서초포레스타6단지,49.34,4,2015,2731,49,2026,8,11
서초구,방배동,방배마에스트로,29.28,23,2019,57000,0,2026,8,11
서초구,우면동,서초네이처힐5단지,59.99,8,2011,8708,14,2026,8,11
서초구,양재동,우성,73.15,8,1991,65000,0,2026,8,8
서초구,우면동,서초네이처힐3단지,84.84,7,2013,53287,0,2026,8,12
서초구,방배동,방배그랑자이,112.961,19,2021,184000,0,2026,8,12
서초구,양재동,양재리본타워2단지,59.77,3,2014,27857,0,2026,8,10
서초구,양재동,양재리본타워2단지,59.98,19,2014,27857,0,2026,8,10
서초구,양재동,양재리본타워2단지,114.78,17,2014,50009,0,2026,8,10
서초구,방배동,방배우성,84.95,4,1991,10000,250,2026,8,8
서초구,방배동,방배우성,80.2,11,1991,65000,40,2026,8,8
서초구,양재동,양재리본타워2단지,59.96,12,2014,27857,0,2026,8,10
서초구,양재동,양재리본타워2단지,84.98,2,2014,37790,0,2026,8,10
서초구,방배동,롯데캐슬아르떼,59.9742,16,2013,48484,0,2026,8,10
서초구,잠원동,신반포4,96.48,10,1979,50000,140,2026,8,8
서초구,양재동,양재리본타워2단지,114.78,6,2014,47628,0,2026,8,10
서초구,서초동,래미안 리더스원,59.96,24,2020,5000,540,2026,8,11
서초구,방배동,롯데캐슬아르떼,59.9742,7,2013,48484,0,2026,8,10
서초구,잠원동,신반포4,100.11,3,1979,78700,0,2026,8,11
서초구,양재동,서초,83.52,3,2001,70000,0,2026,8,8
서초구,잠원동,대우아이빌,35.38,11,2001,40000,0,2026,8,11
서초구,반포동,래미안퍼스티지,84.93,8,2009,100000,320,2026,8,11
서초구,방배동,호산타워,18.58,8,2026,3000,130,2026,8,11
서초구,잠원동,한강,84.53,13,1989,85000,0,2026,8,8
서초구,반포동,반포래미안아이파크,130.92,18,2018,225750,0,2026,8,11
서초구,잠원동,신반포2,79.42,1,1978,65000,0,2026,8,10
서초구,서초동,유원서초,84.82,10,1993,105000,0,2026,8,11
서초구,서초동,래미안 리더스원,84.93,11,2020,52500,462,2026,8,10
서초구,서초동,유원서초,84.82,7,1993,74000,0,2026,8,11
서초구,서초동,서초센트럴IPARK,80.5154,8,2020,10000,420,2026,8,10
서초구,신원동,서초포레스타5단지,84.81,5,2014,107000,0,2026,8,8
서초구,양재동,양재리본타워2단지,59.98,17,2014,27857,0,2026,8,9
서초구,방배동,방배3차현대홈타운,122.825,6,2004,75000,120,2026,8,1
서초구,신원동,서초포레스타3단지,59.73,11,2014,31267,0,2026,8,11
서초구,방배동,방배아크로리버,149.225,4,2004,145000,0,2026,8,7
서초구,서초동,헤센파크힐,20.66,2,2018,32200,10,2026,8,11
서초구,서초동,서초교대e편한세상,59.9,4,2010,95000,0,2026,8,11
서초구,서초동,서초동삼성쉐르빌2,35.17,16,2002,2000,100,2026,8,3
서초구,신원동,서초포레스타5단지,59.96,11,2014,31267,0,2026,8,10
서초구,신원동,서초포레스타3단지,59.96,8,2014,31267,0,2026,8,10
서초구,방배동,방배신동아럭스빌,164.43,4,2003,136500,0,2026,8,8
서초구,방배동,방배신동아럭스빌,164.43,4,2003,136500,0,2026,8,8
서초구,신원동,서초포레스타6단지,49.75,2,2015,10573,18,2026,8,10
서초구,서초동,서초센트럴IPARK,80.5332,5,2020,40000,255,2026,8,10
서초구,신원동,서초포레스타3단지,84.41,12,2014,37997,0,2026,8,10
서초구,잠원동,신반포19,80.25,11,1982,3000,230,2026,8,5
서초구,우면동,동고,77.14,11,1995,33000,90,2026,8,4
서초구,신원동,서초포레스타3단지,59.69,7,2014,31267,0,2026,8,10
서초구,신원동,서초포레스타3단지,59.69,6,2014,31267,0,2026,8,10
서초구,신원동,서초포레스타3단지,59.96,9,2014,31267,0,2026,8,10
서초구,우면동,서초네이처힐7단지,49.9,1,2011,5063,34,2026,8,10
서초구,잠원동,동아,59.8,20,2002,30000,250,2026,8,1
서초구,서초동,서초래미안,84.97,8,2003,110000,0,2026,8,9
서초구,신원동,서초포레스타5단지,59.96,5,2014,31267,0,2026,8,10
서초구,신원동,서초포레스타3단지,59.96,8,2014,31267,0,2026,8,10
서초구,서초동,서초롯데캐슬프레지던트,84.97,22,2014,123000,0,2026,8,5
서초구,반포동,래미안원베일리,84.96,10,2023,210000,0,2026,8,6
서초구,반포동,반포자이,84.984,16,2009,170000,0,2026,8,10
서초구,방배동,삼호한숲,59.98,3,1998,30000,150,2026,8,10
서초구,서초동,새티스,112.93,4,2003,86000,0,2026,8,9
서초구,방배동,방배브라운가,84.94,9,2006,80000,0,2026,8,8
서초구,우면동,한라,59.98,3,1994,30000,120,2026,8,7
서초구,우면동,서초힐스,84.96,25,2012,87000,0,2026,8,8
서초구,서초동,밀라텔쉐르빌,50.28,15,2001,0,225,2026,8,10
서초구,신원동,서초포레스타3단지,59.96,8,2014,31267,0,2026,8,8
서초구,양재동,양재리본타워2단지,59.77,2,2014,27857,0,2026,8,10
서초구,서초동,동아아파트,19.51,6,2015,25930,0,2026,8,8
서초구,서초동,서초트라팰리스,133.05,7,2005,136500,0,2026,8,10
서초구,우면동,서초호반써밋,101.0515,10,2013,25000,330,2026,8,7
서초구,잠원동,신반포4,96.48,11,1979,5000,345,2026,8,6
서초구,신원동,서초포레스타3단지,59.93,8,2014,31267,0,2026,8,8
서초구,신원동,서초포레스타3단지,59.73,6,2014,31267,0,2026,8,7
서초구,방배동,방배브라운가,84.94,12,2006,95000,0,2026,8,3
서초구,방배동,롯데캐슬헤론,169.08,8,2006,135000,0,2026,8,8
서초구,서초동,래미안 리더스원,84.94,21,2020,160000,0,2026,8,8
서초구,반포동,삼호가든맨션(5차),153.54,5,1986,100000,0,2026,8,7
서초구,양재동,양재리본타워2단지,84.97,22,2014,37790,0,2026,8,4
서초구,반포동,디에이치반포라클라스,84.9671,10,2021,175000,0,2026,8,1
서초구,서초동,서초푸르지오써밋,84.93,11,2017,23000,265,2026,8,10
서초구,반포동,래미안원베일리,133.95,26,2023,352000,0,2026,8,8
서초구,잠원동,한신타운,63.94,15,1989,71400,0,2026,8,8
서초구,잠원동,신반포2,137.66,4,1978,50000,177,2026,8,8
서초구,신원동,서초포레스타3단지,59.96,3,2014,31267,0,2026,8,7
서초구,신원동,서초포레스타3단지,59.96,10,2014,31267,0,2026,8,8
서초구,서초동,서초현대,84.78,5,1999,90000,0,2026,8,8
서초구,반포동,반포미도2차아파트,71.49,13,1989,45000,120,2026,8,8
서초구,반포동,현대동궁아파트,81.9,8,1991,60000,110,2026,8,9
서초구,반포동,반포미도,84.96,6,1987,75075,0,2026,8,8
서초구,반포동,반포미도,84.96,8,1987,85000,0,2026,8,8
서초구,양재동,양재리본타워2단지,84.98,6,2014,37790,0,2026,8,7
서초구,양재동,양재리본타워2단지,59.98,17,2014,27857,0,2026,8,7
서초구,양재동,양재리본타워2단지,84.97,24,2014,37790,0,2026,8,7
서초구,신원동,서초포레스타3단지,59.69,3,2014,31267,0,2026,8,7
서초구,양재동,양재리본타워2단지,114.78,16,2014,56700,0,2026,8,7
서초구,양재동,양재리본타워2단지,59.98,24,2014,27857,0,2026,8,7
서초구,반포동,래미안퍼스티지,84.93,18,2009,70000,470,2026,8,7
서초구,신원동,서초포레스타3단지,59.73,7,2014,31267,0,2026,8,7
서초구,잠원동,반포센트럴자이,98.99,27,2020,90000,520,2026,8,7
서초구,방배동,방배임광3차,44.61,7,1988,40000,0,2026,8,7
서초구,잠원동,월드메르디앙,84.78,10,2002,10000,250,2026,8,6
서초구,신원동,서초포레스타3단지,59.73,9,2014,31267,0,2026,8,7
서초구,신원동,서초포레스타3단지,84.41,5,2014,37997,0,2026,8,7
서초구,방배동,대우(효령),84.91,5,1992,40000,100,2026,8,7
서초구,반포동,래미안원펜타스,107.8965,14,2024,255000,45,2026,8,1
서초구,신원동,서초포레스타3단지,59.96,3,2014,49612,0,2026,8,7
서초구,방배동,방배힐2차,210.2,1,2001,57800,420,2026,8,4
서초구,서초동,DK밸리뷰시티,26.59,13,2019,34900,0,2026,8,7
서초구,방배동,대우(효령),84.91,5,1992,40000,100,2026,8,7
서초구,서초동,대림서초리시온,49.92,5,2003,12000,98,2026,8,7
서초구,우면동,서초힐스,59.91,16,2012,40000,145,2026,8,6
서초구,반포동,래미안원베일리,133.95,27,2023,380000,0,2026,8,3
서초구,신원동,서초포레스타7단지,49.39,7,2013,31490,0,2026,8,6
서초구,서초동,서초금호어울림,146.13,6,2001,130000,0,2026,8,6
서초구,방배동,방배그랑자이,74.9939,19,2021,126000,0,2026,8,6
서초구,서초동,래미안서초유니빌,47.357,4,2003,36000,0,2026,8,4
서초구,방배동,방배임광3차,79.8,4,1988,70000,0,2026,8,6
서초구,양재동,양재리본타워2단지,59.96,13,2014,29249,0,2026,8,6
서초구,양재동,양재리본타워2단지,114.78,14,2014,47628,0,2026,8,6
서초구,양재동,양재리본타워2단지,114.78,12,2014,47628,0,2026,8,6
서초구,양재동,양재리본타워2단지,59.98,15,2014,27857,0,2026,8,6
서초구,서초동,신원아침도시(1420),84.34,3,2005,82500,0,2026,8,6
서초구,양재동,양재리본타워2단지,84.97,13,2014,37790,0,2026,8,5
서초구,양재동,양재리본타워2단지,59.77,10,2014,27857,0,2026,8,6
서초구,우면동,호반써밋서초파크,84.97,11,2013,73500,0,2026,8,6
서초구,우면동,한라,59.98,1,1994,57000,0,2026,8,6
서초구,잠원동,신반포4,100.11,9,1979,85000,0,2026,8,5
서초구,잠원동,신반포2,92.2,8,1978,30000,170,2026,8,3
서초구,반포동,반포자이,59.971,25,2009,75337,0,2026,8,5
서초구,반포동,래미안원베일리,84.99,18,2023,50000,640,2026,8,6
서초구,신원동,서초포레스타3단지,59.82,1,2014,31267,0,2026,8,6
서초구,우면동,서초네이처힐4단지,84.61,12,2011,95000,0,2026,8,5
서초구,신원동,서초포레스타3단지,59.96,9,2014,31267,0,2026,8,5
서초구,양재동,양재리본타워2단지,59.77,8,2014,27857,0,2026,8,6
서초구,서초동,마샹스,103.22,3,2003,82500,0,2026,8,6
서초구,반포동,아크로리버파크,84.97,1,2016,160000,40,2026,8,6
서초구,서초동,삼풍아파트,79.47,5,1988,45000,190,2026,8,5
서초구,양재동,양재리본타워2단지,84.98,17,2014,37790,0,2026,8,6
서초구,방배동,대우(효령),84.93,2,1992,72000,0,2026,8,4
서초구,우면동,서초네이처힐1단지,49.87,6,2012,36382,0,2026,8,6
서초구,양재동,양재리본타워2단지,59.77,2,2014,27857,0,2026,8,5
서초구,양재동,양재리본타워2단지,114.78,15,2014,47628,0,2026,8,5
서초구,양재동,양재리본타워2단지,59.77,27,2014,27857,0,2026,8,5
서초구,양재동,양재리본타워2단지,84.97,32,2014,37790,0,2026,8,5
서초구,양재동,양재리본타워2단지,114.78,15,2014,47628,0,2026,8,5
서초구,양재동,양재리본타워2단지,59.98,25,2014,27857,0,2026,8,5
서초구,양재동,양재리본타워2단지,114.78,21,2014,47628,0,2026,8,5
서초구,양재동,양재리본타워2단지,59.96,25,2014,27857,0,2026,8,5
서초구,양재동,양재리본타워2단지,84.97,28,2014,37790,0,2026,8,5
서초구,양재동,양재리본타워2단지,59.96,20,2014,27857,0,2026,8,5
서초구,양재동,양재리본타워2단지,84.98,23,2014,37790,0,2026,8,3
서초구,방배동,한신휴플러스,84.55,11,2006,93000,0,2026,8,5
서초구,양재동,양재리본타워2단지,84.97,10,2014,37790,0,2026,8,5
서초구,양재동,양재리본타워2단지,84.98,20,2014,37790,0,2026,8,5
서초구,반포동,래미안퍼스티지,59.96,19,2009,73124,0,2026,8,5
서초구,서초동,래미안서초에스티지S,84.17,17,2018,76000,240,2026,8,5
서초구,반포동,반포미도,84.96,11,1987,83000,0,2026,8,5
서초구,양재동,양재리본타워2단지,84.98,12,2014,37790,0,2026,8,5
서초구,양재동,양재리본타워2단지,59.96,12,2014,27857,0,2026,8,4
서초구,서초동,롯데캐슬클래식,84.98,3,2006,125000,0,2026,8,5
서초구,신원동,서초포레스타5단지,59.96,9,2014,31267,0,2026,8,4
서초구,반포동,반포자이,84.982,7,2009,50000,500,2026,8,5
서초구,잠원동,동아,59.92,8,2002,85000,0,2026,8,1
서초구,서초동,비버리캐슬,52.33,7,2020,66800,0,2026,8,3
서초구,양재동,양재리본타워2단지,114.78,7,2014,47628,0,2026,8,5
서초구,서초동,서초롯데캐슬프레지던트,84.97,2,2014,60000,300,2026,8,1
서초구,서초동,서초그랑자이,59.98,16,2021,100000,150,2026,8,3
서초구,양재동,양재리본타워2단지,59.77,34,2014,27857,0,2026,8,4
서초구,양재동,양재리본타워2단지,59.96,8,2014,27857,0,2026,8,4
서초구,양재동,양재리본타워2단지,59.98,16,2014,27857,0,2026,8,4
서초구,양재동,양재리본타워2단지,59.98,7,2014,27857,0,2026,8,4
서초구,양재동,양재리본타워2단지,59.77,30,2014,27857,0,2026,8,4
서초구,양재동,양재리본타워2단지,114.78,8,2014,47628,0,2026,8,4
서초구,양재동,양재리본타워2단지,84.97,12,2014,37790,0,2026,8,4
서초구,양재동,양재리본타워2단지,59.77,27,2014,27857,0,2026,8,4
서초구,양재동,양재리본타워2단지,59.77,13,2014,27857,0,2026,8,4
서초구,양재동,양재리본타워2단지,59.77,14,2014,27857,0,2026,8,4
서초구,양재동,양재리본타워2단지,59.77,14,2014,27857,0,2026,8,4
서초구,양재동,양재리본타워2단지,59.98,24,2014,27857,0,2026,8,4
서초구,양재동,양재리본타워2단지,84.97,20,2014,37790,0,2026,8,4
서초구,양재동,양재리본타워2단지,59.77,11,2014,27857,0,2026,8,4
서초구,양재동,양재리본타워2단지,59.98,8,2014,34692,0,2026,8,4
서초구,양재동,양재리본타워2단지,59.77,32,2014,27857,0,2026,8,4
서초구,양재동,양재리본타워2단지,114.78,22,2014,47628,0,2026,8,4
서초구,양재동,양재리본타워2단지,59.96,16,2014,27857,0,2026,8,4
서초구,양재동,양재리본타워2단지,59.77,6,2014,27857,0,2026,8,4
서초구,양재동,양재리본타워2단지,59.96,11,2014,27857,0,2026,8,4
서초구,양재동,양재리본타워2단지,59.96,3,2014,27857,0,2026,8,4
서초구,양재동,양재리본타워2단지,84.97,17,2014,37790,0,2026,8,4
서초구,서초동,서초이오빌,36.66,15,2003,26000,0,2026,8,1
서초구,양재동,양재리본타워2단지,114.78,9,2014,47628,0,2026,8,4
서초구,잠원동,잠원현대훼밀리,84.52,17,1997,40000,210,2026,8,4
서초구,반포동,래미안원펜타스,137.6504,26,2024,50000,630,2026,8,4
서초구,반포동,아크로리버파크,112.93,15,2016,273000,0,2026,8,4
서초구,방배동,라파르오뜨서래,68.14,7,2024,550,450,2026,8,3
서초구,양재동,양재리본타워2단지,59.77,5,2014,27857,0,2026,8,4
서초구,방배동,방배아트자이,59.9938,6,2018,100000,0,2026,8,4
서초구,반포동,반포미도2차아파트,59.07,4,1989,70000,0,2026,8,2
서초구,서초동,유원서초,84.82,11,1993,92400,0,2026,8,1
서초구,잠원동,신반포청구,84.86,11,1998,94000,80,2026,8,4
서초구,잠원동,신반포2,68.91,2,1978,36000,45,2026,8,2
서초구,서초동,현대슈퍼빌,223.72,29,2003,200000,200,2026,8,4
서초구,양재동,양재리본타워2단지,59.96,16,2014,27857,0,2026,8,4
서초구,서초동,삼풍아파트,79.47,10,1988,89250,0,2026,8,1
서초구,반포동,래미안퍼스티지,59.96,29,2009,141700,0,2026,8,3
서초구,신원동,서초포레스타5단지,59.96,3,2014,31267,0,2026,8,4
서초구,양재동,신영체르니,39.1,3,2002,40000,0,2026,8,4
서초구,서초동,삼풍아파트,79.47,11,1988,95000,0,2026,8,4
서초구,반포동,반포자이,84.984,12,2009,157500,0,2026,8,4
서초구,반포동,아크로리버파크,84.95,13,2016,173250,0,2026,8,1
서초구,반포동,한신서래,45.72,9,1987,10000,160,2026,8,1
서초구,양재동,한솔로이젠트,84.65,10,2006,90000,0,2026,8,4
서초구,우면동,동고,77.14,7,1995,50000,41,2026,8,4
서초구,양재동,양재리본타워2단지,84.97,25,2014,37790,0,2026,8,4
서초구,잠원동,신반포자이,84.97,21,2018,167000,0,2026,8,3
서초구,서초동,서초자이르네,59.97,4,2022,2000,100,2026,8,3
서초구,잠원동,래미안신반포리오센트,133.37,9,2019,50000,680,2026,8,3
서초구,우면동,서초힐스,84.98,5,2012,80000,40,2026,8,3
서초구,잠원동,아크로리버뷰신반포,78.5,23,2018,100000,350,2026,8,1
서초구,양재동,양재리본타워2단지,84.98,23,2014,37790,0,2026,8,3
서초구,서초동,삼풍아파트,79.47,5,1988,81000,0,2026,8,1
서초구,양재동,양재리본타워2단지,84.97,19,2014,37790,0,2026,8,3
서초구,양재동,양재리본타워2단지,84.97,9,2014,45348,0,2026,8,3
서초구,양재동,양재리본타워2단지,84.97,23,2014,37790,0,2026,8,3
서초구,서초동,래미안서초에스티지,59.99,16,2016,10000,480,2026,8,1
서초구,반포동,래미안퍼스티지,84.85,8,2009,170000,0,2026,8,1
서초구,양재동,양재리본타워2단지,59.77,24,2014,27857,0,2026,8,3
서초구,반포동,반포자이,84.982,10,2009,99225,0,2026,8,3
서초구,방배동,래미안방배아트힐(1008-2),127.61,15,2004,40000,140,2026,8,3
서초구,양재동,양재리본타워2단지,59.96,14,2014,27857,0,2026,8,3
서초구,양재동,양재리본타워2단지,59.96,14,2014,27857,0,2026,8,3
서초구,방배동,방배그랑자이,84.972,11,2021,140000,0,2026,8,1
서초구,신원동,서초포레스타3단지,59.96,8,2014,31267,0,2026,8,3
서초구,서초동,서초푸르지오써밋,59.92,13,2017,67032,0,2026,8,3
서초구,잠원동,아크로리버뷰신반포,78.5,31,2018,78000,500,2026,8,3
서초구,방배동,방배래미안타워,134.36,12,2005,113400,0,2026,8,1
서초구,양재동,양재리본타워2단지,59.96,14,2014,29183,0,2026,8,3
서초구,방배동,방배그랑자이,84.972,16,2021,145000,0,2026,8,1
서초구,신원동,서초포레스타3단지,84.41,11,2014,37997,0,2026,8,3
서초구,서초동,삼풍아파트,79.47,3,1988,69000,60,2026,8,3
서초구,서초동,래미안서초유니빌,36.838,6,2003,33000,0,2026,8,1
서초구,잠원동,메이플자이,59.1662,22,2025,30000,480,2026,8,3
서초구,양재동,리시본하우스,58.715,3,2020,67000,0,2026,8,1
서초구,우면동,서초네이처힐3단지,84.84,10,2013,49612,0,2026,8,3
서초구,서초동,대림서초리시온,56.46,12,2003,61950,0,2026,8,2
서초구,반포동,더샵반포리버파크,49.7795,5,2022,65000,75,2026,8,1
서초구,잠원동,신반포2,79.42,10,1978,60900,0,2026,8,1
서초구,우면동,서초힐스,59.91,21,2012,75000,0,2026,8,1
서초구,반포동,반포리체,59.993,15,2010,5000,441,2026,8,1
서초구,잠원동,동아,59.92,4,2002,87000,0,2026,8,1
서초구,서초동,디아레나서초,29.08,7,2020,32000,0,2026,8,1
서초구,서초동,래미안 리더스원,84.94,8,2020,155000,70,2026,8,2
서초구,반포동,반포미도2차아파트,71.49,3,1989,68000,0,2026,8,1
서초구,신원동,서초포레스타3단지,84.41,4,2014,37997,0,2026,8,3
강남구,일원동,상록수,74.54,3,1993,40000,160,2026,8,13
강남구,개포동,성원대치2단지아파트,39.53,10,1992,41000,0,2026,8,15
강남구,자곡동,래미안포레,59.97,9,2014,29131,0,2026,8,24
강남구,도곡동,럭키(963),84.97,4,1995,70000,120,2026,8,21
강남구,논현동,아크로힐스논현,84.208,8,2014,46000,380,2026,8,15
강남구,수서동,강남데시앙포레,59.74,1,2014,20000,260,2026,8,6
강남구,일원동,래미안 개포 루체하임,59.99,8,2018,5000,500,2026,8,2
강남구,대치동,은마,84.43,3,1979,78000,0,2026,8,12
강남구,도곡동,럭키(963),84.97,10,1995,62000,82,2026,8,8
강남구,도곡동,도곡더써밋타워,18.34,7,2025,12800,50,2026,8,5
강남구,도곡동,삼익,104.01,9,1983,95000,0,2026,8,8
강남구,도곡동,삼성래미안,84.89,12,2001,120500,0,2026,8,8
강남구,개포동,성원대치2단지아파트,49.86,11,1992,63500,0,2026,8,1
강남구,자곡동,래미안포레,59.97,4,2014,70000,0,2026,8,1
강남구,삼성동,현대힐스테이트2단지,84.236,21,2008,80000,135,2026,8,22
강남구,대치동,대우아이빌멤버스(891-26),35.796,10,2003,5000,110,2026,8,22
강남구,대치동,테헤란로대우아이빌(891-6),30.46,5,2004,1000,105,2026,8,31
강남구,역삼동,테헤란아이파크,70.8333,12,2014,117600,0,2026,8,31
강남구,압구정동,신현대9차,152.39,3,1982,180000,0,2026,8,29
강남구,수서동,신동아,39.53,15,1992,37800,0,2026,8,31
강남구,수서동,신동아,49.96,12,1992,12000,60,2026,8,29
강남구,수서동,신동아,39.53,5,1992,2000,100,2026,8,25
강남구,일원동,수서,39.98,3,1992,36464,0,2026,8,29
강남구,개포동,디에이치아너힐즈,59.7479,13,2019,35000,360,2026,8,12
강남구,개포동,디에이치아너힐즈,84.357,17,2019,108000,160,2026,8,21
강남구,대치동,선릉역풍림아이원레몬,69.81,5,2006,3000,255,2026,8,13
강남구,일원동,디에이치자이개포,76.77,4,2021,144000,0,2026,8,20
강남구,개포동,래미안블레스티지,84.943,9,2019,95000,180,2026,8,30
강남구,역삼동,역삼동월드메르디앙,83.27,4,2005,10000,300,2026,8,28
강남구,역삼동,동원스위트뷰역삼,84.83,6,2017,85000,0,2026,8,19
강남구,역삼동,현대휴먼터치빌,35.88,15,1999,24000,0,2026,8,19
강남구,일원동,가람,84.95,5,1993,90000,0,2026,8,29
강남구,일원동,디에이치자이개포,63.76,5,2021,120000,20,2026,8,15
강남구,일원동,상록스타힐스,59.963,7,2022,14403,168,2026,8,31
강남구,청담동,진흥아파트,109.31,5,1984,80000,50,2026,8,8
강남구,세곡동,강남엘에이치1단지,59.99,11,2013,66000,0,2026,8,30
강남구,대치동,개포우성1,84.81,13,1983,10000,440,2026,8,31
강남구,대치동,개포우성1,84.81,5,1983,90000,120,2026,8,29
강남구,수서동,강남데시앙포레,84.92,12,2014,97600,0,2026,8,25
강남구,자곡동,래미안강남힐즈,91.96,9,2014,73500,105,2026,8,28
강남구,일원동,디에이치자이개포,103.86,4,2021,165000,100,2026,8,29
강남구,일원동,상록스타힐스,59.921,14,2022,12499,115,2026,8,31
강남구,수서동,강남 더샵 포레스트,124.5792,8,2016,147000,0,2026,8,23
강남구,개포동,개포래미안포레스트,59.96,21,2020,113400,0,2026,8,29
강남구,대치동,은마,76.79,10,1979,60000,0,2026,8,29
강남구,삼성동,영무예다음,84.84,3,2006,100000,0,2026,8,17
강남구,논현동,신동아(22),35.73,9,1997,47000,0,2026,8,21
강남구,개포동,개포주공7단지,53.46,1,1983,42000,0,2026,8,29
강남구,역삼동,역삼푸르지오,84.9097,8,2006,134000,0,2026,8,29
강남구,개포동,개포자이프레지던스,114.9973,14,2023,238000,0,2026,8,30
강남구,삼성동,LG선릉에클라트(A),36.16,3,2003,31000,0,2026,8,3
강남구,역삼동,역삼래미안,59.53,4,2005,80000,120,2026,8,24
강남구,대치동,선경1차(1동-7동),84.35,12,1983,140000,0,2026,8,31
강남구,수서동,강남데시앙포레,59.97,6,2014,55000,89,2026,8,29
강남구,자곡동,LH수서2단지아파트,36.84,12,2024,12996,45,2026,8,31
강남구,자곡동,강남에버시움,46.01,9,2013,5046,42,2026,8,31
강남구,자곡동,LH수서2단지아파트,44.89,7,2024,17600,62,2026,8,31
강남구,개포동,성원대치2단지아파트,49.86,10,1992,60000,0,2026,8,31
강남구,청담동,청담자이,89.356,27,2011,189000,60,2026,8,29
강남구,청담동,"청담2차이-편한세상(201동,202동,203동)",84.41,1,2006,10000,440,2026,8,19
강남구,자곡동,LH수서2단지아파트,14.69,3,2024,4930,17,2026,8,31
강남구,삼성동,롯데캐슬프레미어,101.81,15,2007,143800,0,2026,8,30
강남구,신사동,래미안신사,84.89,3,2008,85000,0,2026,8,10
강남구,대치동,은마,84.43,3,1979,15000,242,2026,8,13
강남구,일원동,현대4,84.98,2,1987,52000,100,2026,8,30
강남구,개포동,성원대치2단지아파트,39.53,9,1992,3000,158,2026,8,29
강남구,삼성동,현대힐스테이트2단지,84.236,6,2008,126000,0,2026,8,31
강남구,삼성동,현대아파트101동,114.837,1,1999,130000,0,2026,8,8
강남구,도곡동,삼성,73.41,4,1994,55000,100,2026,8,16
강남구,논현동,동현아파트1~6,84.92,13,1985,53000,0,2026,8,29
강남구,자곡동,강남에버시움,46.71,1,2013,5046,42,2026,8,31
강남구,대치동,한보미도맨션2,126.33,12,1985,135000,0,2026,8,18
강남구,도곡동,타워팰리스1,137.24,17,2002,170000,220,2026,8,28
강남구,대치동,대치삼성,59.88,18,2000,35000,300,2026,8,29
강남구,자곡동,LH수서2단지아파트,14.69,6,2024,5220,18,2026,8,31
강남구,대치동,대치삼성,59.88,7,2000,40000,280,2026,8,6
강남구,개포동,개포자이프레지던스,84.5978,5,2023,100000,280,2026,8,22
강남구,압구정동,한양5,100.5,5,1979,89000,0,2026,8,27
강남구,개포동,성원대치2단지아파트,39.53,4,1992,30000,80,2026,8,29
강남구,논현동,논현아이파크,59.75,9,2020,94000,0,2026,8,21
강남구,자곡동,LH수서2단지아파트,14.69,7,2024,5220,18,2026,8,31
강남구,자곡동,LH수서2단지아파트,36.84,9,2024,12996,45,2026,8,31
강남구,압구정동,현대4차저층(51~56동),117.91,5,1977,123900,0,2026,8,27
강남구,일원동,우성7,83.69,14,1987,75300,0,2026,8,22
강남구,대치동,래미안대치팰리스,84.97,16,2015,202500,0,2026,8,29
강남구,역삼동,래미안그레이튼,59.97,1,2009,110000,20,2026,8,11
강남구,자곡동,LH수서2단지아파트,14.69,13,2024,5220,18,2026,8,31
강남구,일원동,래미안 개포 루체하임,84.99,13,2018,80000,260,2026,8,29
강남구,역삼동,요진와이시티미니,12.1,4,2012,13000,40,2026,8,29
강남구,삼성동,LG선릉에클라트(A),36.16,5,2003,30000,0,2026,8,29
강남구,논현동,논현아이파크,59.75,11,2020,30000,360,2026,8,28
강남구,삼성동,석탑아파트101동,84.6,20,1996,96600,0,2026,8,3
강남구,대치동,대치삼성,59.88,18,2000,35000,300,2026,8,29
강남구,대치동,한보미도맨션2,126.33,3,1985,147000,0,2026,8,21
강남구,대치동,하이캐슬,84.27,5,2008,120000,0,2026,8,30
강남구,도곡동,도곡스타클래스,112.05,9,2007,105800,0,2026,8,29
강남구,압구정동,현대4차저층(51~56동),117.91,5,1977,123900,0,2026,8,27
강남구,일원동,래미안 개포 루체하임,101.99,17,2018,80000,320,2026,8,24
강남구,일원동,상록수,84.95,4,1993,88200,0,2026,8,19
강남구,역삼동,e-편한세상,84.991,5,2005,75000,260,2026,8,15
강남구,수서동,삼익,49.2,6,1992,10000,128,2026,8,27
강남구,개포동,성원대치2단지아파트,39.53,2,1992,10000,120,2026,8,21
강남구,대치동,아티스톤,79.03,11,2022,114000,0,2026,8,29
강남구,개포동,개포래미안포레스트,59.96,11,2020,101850,0,2026,8,24
강남구,수서동,신동아,39.51,7,1992,52000,0,2026,8,29
강남구,율현동,강남한신휴플러스6단지,59.98,7,2015,72000,0,2026,8,29
강남구,청담동,대우유로카운티,121.48,14,2004,145000,0,2026,8,3
강남구,자곡동,강남브리즈힐,74.44,5,2014,72000,0,2026,8,28
강남구,세곡동,세곡푸르지오,84.84,2,2012,75000,0,2026,8,27
강남구,역삼동,역삼자이,84.993,23,2016,132000,0,2026,8,27
강남구,개포동,성원대치2단지아파트,39.53,9,1992,10000,180,2026,8,27
강남구,삼성동,래미안라클래시,71.95,15,2021,165000,0,2026,8,28
강남구,압구정동,한양4,208.65,13,1978,180000,0,2026,8,8
강남구,역삼동,이스턴오피스텔,14.78,13,2014,1000,85,2026,8,22
강남구,도곡동,래미안도곡카운티,84.67,16,2016,165000,0,2026,8,27
강남구,세곡동,강남엘에이치1단지,59.99,10,2013,68250,0,2026,8,27
강남구,세곡동,강남데시앙파크,84.97,6,2011,75000,0,2026,8,28
강남구,수서동,수서한아름,163.68,15,1993,118650,0,2026,8,28
강남구,삼성동,래미안삼성2차,134.81,8,2007,80000,400,2026,8,20
강남구,수서동,신동아,33.18,4,1992,31500,0,2026,8,8
강남구,삼성동,래미안라클래시,136.95,12,2021,333000,0,2026,8,26
강남구,개포동,래미안블레스티지,126.971,34,2019,100000,440,2026,8,14
강남구,논현동,선정릉역모아엘가퍼스트홈,14.16,3,2023,6700,34,2026,8,7
강남구,개포동,성원대치2단지아파트,33.18,2,1992,33600,0,2026,8,17
강남구,수서동,신동아,33.18,15,1992,31500,0,2026,8,20
강남구,수서동,신동아,33.18,10,1992,33600,0,2026,8,26
강남구,수서동,까치마을,34.44,6,1993,5000,145,2026,8,14
강남구,대치동,동부센트레빌,161.47,8,2005,270000,320,2026,8,28
강남구,역삼동,e-편한세상,59.606,18,2005,105000,0,2026,8,27
강남구,역삼동,테헤란아이파크,70.8333,13,2014,80000,160,2026,8,6
강남구,역삼동,테헤란아이파크,92.6232,18,2014,140100,25,2026,8,27
강남구,논현동,리스트강남,17.36,8,2022,7533,54,2026,8,28
강남구,일원동,푸른마을아파트101동~111동,84.93,2,1994,50000,165,2026,8,27
강남구,도곡동,래미안도곡카운티,59.98,8,2016,115500,0,2026,8,7
강남구,일원동,수서,49.68,10,1992,47300,0,2026,8,11
강남구,개포동,삼익대청아파트,60,12,1992,73000,0,2026,8,8
강남구,개포동,개포래미안포레스트,84.83,22,2020,140000,0,2026,8,27
강남구,압구정동,미성2차,74.4,7,1987,40000,160,2026,8,16
강남구,삼성동,서광아파트,84.93,3,1998,85000,80,2026,8,28
강남구,역삼동,개나리푸르지오,133.1686,12,2006,190000,0,2026,8,8
강남구,수서동,까치마을,49.5,12,1993,30000,55,2026,8,28
강남구,일원동,수서,39.98,9,1992,45000,0,2026,8,26
강남구,역삼동,강남역우정에쉐르,17.23,11,2004,18000,20,2026,8,28
강남구,대치동,대치삼성,108.52,3,2000,170000,0,2026,8,27
강남구,청담동,삼성청담아파트,84.98,8,1999,98700,0,2026,8,10
강남구,삼성동,삼성리치빌1,84.98,7,2003,40000,160,2026,8,8
강남구,압구정동,"현대14차(203,204,205,206동)",84.98,4,1987,10000,400,2026,8,10
강남구,삼성동,삼성동한솔아파트,85,5,1998,94500,0,2026,8,27
강남구,개포동,성원대치2단지아파트,33.18,8,1992,34650,0,2026,8,20
강남구,개포동,개포래미안포레스트,84.86,9,2020,126000,0,2026,8,24
강남구,청담동,청담린든그로브,84.9979,4,2017,120000,170,2026,8,15
강남구,도곡동,도곡더써밋타워,36.17,5,2025,17200,101,2026,8,27
강남구,도곡동,대우디오빌,31.81,4,2004,26500,0,2026,8,8
강남구,역삼동,래미안그레이튼,59.97,4,2009,47250,210,2026,8,27
강남구,청담동,청담포레,238.16,4,2000,60000,700,2026,8,22
강남구,청담동,휴먼스타빌,35.905,15,2005,0,300,2026,8,19
강남구,논현동,신동아(22),35.73,3,1997,1000,150,2026,8,27
강남구,역삼동,e-편한세상,59.606,3,2005,100000,50,2026,8,20
강남구,논현동,두산위브2단지,83.464,5,2004,95550,0,2026,8,6
강남구,압구정동,"현대5차(71,72동)",82.23,10,1977,85000,0,2026,8,19
강남구,도곡동,현대아파트1동~3동,84.96,2,1994,80000,80,2026,8,26
강남구,역삼동,강남역우정에쉐르,17.13,10,2004,1000,100,2026,8,21
강남구,논현동,아크로힐스논현,84.074,3,2014,60000,321,2026,8,3
강남구,개포동,성원대치2단지아파트,49.86,10,1992,55000,0,2026,8,13
강남구,대치동,"대치우성아파트1동,2동,3동,5동,6동,7동",84.69,7,1984,83000,0,2026,8,26
강남구,개포동,성원대치2단지아파트,33.18,9,1992,26250,0,2026,8,27
강남구,삼성동,삼성리치빌1,84.98,5,2003,75000,0,2026,8,27
강남구,대치동,대치르엘,59.9972,4,2021,25000,500,2026,8,26
강남구,압구정동,신현대9차,108.88,11,1982,50000,260,2026,8,27
강남구,대치동,래미안대치팰리스,94.49,7,2015,231000,0,2026,8,21
강남구,압구정동,신현대11차,183.41,13,1983,150000,0,2026,8,26
강남구,삼성동,현대힐스테이트2단지,84.236,20,2008,10000,480,2026,8,7
강남구,도곡동,럭키(963),124.1,2,1995,116000,80,2026,8,26
강남구,대치동,대치아이파크,84.98,11,2008,98000,195,2026,8,8
강남구,대치동,포스코더샵,164.88,6,2004,215000,0,2026,8,27
강남구,역삼동,래미안그레이튼,84.97,8,2009,10500,498,2026,8,27
강남구,청담동,청담힐(에이동)진도(비동),153.8,8,1997,20000,700,2026,8,19
강남구,대치동,삼환SOGOOD,84.93,3,2006,125000,0,2026,8,25
강남구,역삼동,역삼래미안,80.87,8,2005,10000,421,2026,8,8
강남구,압구정동,"현대1차(12,13,21,22,31,32,33동)",131.48,3,1976,150000,0,2026,8,27
강남구,논현동,선정릉역모아엘가퍼스트홈,14.16,12,2023,7217,36,2026,8,27
강남구,역삼동,역삼래미안,59.4,4,2005,60000,200,2026,8,22
강남구,개포동,개포자이프레지던스,84.5978,10,2023,162700,0,2026,8,7
강남구,개포동,개포자이프레지던스,84.5978,25,2023,149100,0,2026,8,10
강남구,대치동,은마,84.43,13,1979,15000,210,2026,8,26
강남구,개포동,삼익대청아파트,39.53,9,1992,3000,158,2026,8,14
강남구,삼성동,우정에쉐르2,59.64,13,2004,5000,300,2026,8,3
강남구,압구정동,"현대6차(78~81,83,84,86,87동)",157.36,7,1978,10000,560,2026,8,26
강남구,수서동,까치마을,34.44,6,1993,31490,0,2026,8,22
강남구,압구정동,미성2차,74.4,15,1987,87000,0,2026,8,26
강남구,논현동,리스트강남,14.19,7,2022,6497,46,2026,8,26
강남구,삼성동,브르넨삼성,40.07,12,2021,97375,10,2026,8,22
강남구,자곡동,래미안포레,101.51,3,2014,82000,100,2026,8,25
강남구,개포동,성원대치2단지아파트,39.53,5,1992,1000,110,2026,8,26
강남구,청담동,청담아이파크,110.14,12,1992,154300,0,2026,8,26
강남구,세곡동,세곡푸르지오,74.74,2,2012,60000,80,2026,8,25
강남구,수서동,까치마을,39.6,3,1993,4000,115,2026,8,26
강남구,도곡동,타워팰리스1,164.97,26,2002,210000,320,2026,8,26
강남구,역삼동,역삼래미안,80.87,15,2005,88000,0,2026,8,22
강남구,삼성동,롯데캐슬프레미어,101.81,14,2007,150000,0,2026,8,25
강남구,삼성동,삼성동센트럴아이파크,84.98,2,2018,40000,510,2026,8,12
강남구,대치동,테헤란로대우아이빌(891-6),35.61,24,2004,1000,121,2026,8,6
강남구,청담동,청담신원아침도시마인,27.0875,6,2013,30000,0,2026,8,25
강남구,역삼동,테헤란아이파크,92.6232,18,2014,140000,25,2026,8,7
강남구,도곡동,경남,59.76,14,2005,83000,0,2026,8,1
강남구,도곡동,럭키(963),84.97,4,1995,70000,120,2026,8,21
강남구,일원동,수서,39.98,1,1992,48000,0,2026,8,25
강남구,개포동,래미안블레스티지,59.967,10,2019,30000,330,2026,8,25
강남구,대치동,선경2차(8동-12동),127.75,12,1985,200000,0,2026,8,15
강남구,삼성동,이안애2차,118.95,2,2004,60000,120,2026,8,1
강남구,대치동,한보미도맨션2,84.96,6,1985,50000,200,2026,8,20
강남구,개포동,개포6차우성아파트1동~8동,79.97,3,1987,17000,170,2026,8,6
강남구,역삼동,강남센트럴아이파크,84.99,30,2022,170000,0,2026,8,26
강남구,도곡동,도곡렉슬,84.9231,17,2006,50000,410,2026,8,15
강남구,도곡동,럭키(963),84.97,9,1995,103000,0,2026,8,21
강남구,도곡동,한신엠비씨,84.74,4,1988,74200,60,2026,8,26
강남구,도곡동,도곡렉슬,84.9984,8,2006,10000,560,2026,8,20
강남구,개포동,개포래미안포레스트,59.92,12,2020,30000,289,2026,8,18
강남구,세곡동,강남신동아파밀리에1단지,49.74,10,2011,4792,35,2026,8,25
강남구,개포동,개포래미안포레스트,84.86,6,2020,130000,0,2026,8,10
강남구,도곡동,한라비발디,125.0077,17,2016,62000,200,2026,8,24
강남구,도곡동,도곡렉슬,84.9231,8,2006,125000,120,2026,8,22
강남구,도곡동,SK허브프리모,67.57,11,2006,55000,63,2026,8,14
강남구,개포동,개포래미안포레스트,84.83,5,2020,110000,140,2026,8,21
강남구,수서동,까치마을,49.5,4,1993,15000,160,2026,8,1
강남구,대치동,래미안대치팰리스,114.17,15,2015,290000,0,2026,8,25
강남구,논현동,리스트강남,17.37,4,2022,5275,7,2026,8,25
강남구,일원동,디에이치자이개포,63.76,20,2021,128000,0,2026,8,22
강남구,삼성동,다우림하우스,121.08,3,2006,16000,160,2026,8,17
강남구,삼성동,미켈란147,83.69,20,2004,20000,410,2026,8,24
강남구,압구정동,"현대14차(203,204,205,206동)",84.56,7,1987,40000,217,2026,8,21
강남구,삼성동,현대힐스테이트2단지,84.236,14,2008,130000,0,2026,8,10
강남구,대치동,"대치우성아파트1동,2동,3동,5동,6동,7동",115.59,7,1984,115000,0,2026,8,25
강남구,수서동,수서한아름,97.63,7,1993,95000,0,2026,8,24
강남구,청담동,청담자이,89.356,13,2011,20000,800,2026,8,25
강남구,삼성동,LG선릉에클라트(A),36.16,2,2003,1000,130,2026,8,8
강남구,도곡동,도곡동STAY77,28.45,8,2020,35000,24,2026,8,12
강남구,개포동,개포래미안포레스트,102.32,9,2020,90000,320,2026,8,25
강남구,일원동,푸른마을아파트101동~111동,84.93,8,1994,35000,260,2026,8,18
강남구,논현동,아크로힐스논현,84.208,23,2014,132300,0,2026,8,24
강남구,일원동,한솔마을,84.73,4,1994,87000,0,2026,8,18
강남구,세곡동,강남신동아파밀리에1단지,49.74,8,2011,11134,0,2026,8,25
강남구,개포동,삼익대청아파트,39.53,6,1992,5000,180,2026,8,25
강남구,압구정동,신현대12차,121.18,8,1982,99750,0,2026,8,25
강남구,삼성동,한양립스,38.2471,4,2022,1000,250,2026,8,7
강남구,역삼동,진넥스빌2,23.85,8,2003,1000,90,2026,8,22
강남구,개포동,삼익대청아파트,39.53,6,1992,5000,180,2026,8,25
강남구,압구정동,"현대7차(73~77,82,85동)",157.36,13,1979,167000,0,2026,8,24
강남구,개포동,개포주공7단지,73.26,3,1983,5000,160,2026,8,22
강남구,도곡동,도곡렉슬,119.8906,3,2006,190000,0,2026,8,7
강남구,일원동,상록스타힐스,29.497,6,2022,27747,20,2026,8,25
강남구,압구정동,현대3차(61~64동),82.5,11,1976,53000,83,2026,8,1
강남구,수서동,까치마을,39.6,11,1993,1500,130,2026,8,22
강남구,일원동,디에이치자이개포,84.94,16,2021,105000,210,2026,8,1
강남구,논현동,펜트힐루논현,43.392,3,2021,68000,0,2026,8,24
강남구,개포동,성원대치2단지아파트,49.86,11,1992,53550,0,2026,8,21
강남구,삼성동,푸른솔아파트1동,59.4,13,1996,68000,0,2026,8,22
강남구,개포동,개포자이프레지던스,59.9751,2,2023,110000,0,2026,8,15
강남구,개포동,삼익대청아파트,39.53,5,1992,5000,165,2026,8,12
강남구,도곡동,한신엠비씨,84.74,10,1988,70000,66,2026,8,24
강남구,대치동,테헤란로대우아이빌(891-6),35.51,22,2004,1000,121,2026,8,19
강남구,대치동,롯데캐슬리베,121.0894,15,2008,100000,360,2026,8,3
강남구,대치동,쌍용대치2,84.49,7,1983,68000,0,2026,8,8
강남구,일원동,상록수,74.54,2,1993,40000,155,2026,8,23
강남구,일원동,디에이치자이개포,118.68,12,2021,225000,0,2026,8,21
강남구,역삼동,역삼래미안,80.87,21,2005,100000,140,2026,8,10
강남구,대치동,한보미도맨션1,128.01,11,1983,150000,0,2026,8,15
강남구,대치동,한보미도맨션2,84.96,14,1985,107000,0,2026,8,21
강남구,대치동,은마,84.43,8,1979,65000,0,2026,8,17
강남구,대치동,은마,76.79,6,1979,60000,0,2026,8,1
강남구,개포동,개포래미안포레스트,84.86,11,2020,130000,0,2026,8,24
강남구,세곡동,강남데시앙파크,114.69,7,2011,40086,0,2026,8,24
강남구,개포동,래미안블레스티지,99.967,33,2019,157500,0,2026,8,24
강남구,삼성동,롯데캐슬프레미어,121.931,18,2007,80000,393,2026,8,22
강남구,대치동,대치푸르지오써밋,59.9845,14,2023,134400,0,2026,8,1
강남구,대치동,은마,76.79,6,1979,40000,140,2026,8,15
강남구,청담동,청담자이,90.197,14,2011,30000,700,2026,8,10
강남구,개포동,래미안블레스티지,49.909,10,2019,94500,0,2026,8,22
강남구,역삼동,래미안그레이튼,59.97,4,2009,47250,210,2026,8,21
강남구,역삼동,역삼자이,59.9977,23,2016,110250,0,2026,8,21
강남구,논현동,마일스디오빌,36.29,7,2004,1000,145,2026,8,19
강남구,자곡동,강남브리즈힐,74.04,9,2014,67000,0,2026,8,1
강남구,역삼동,원에디션강남,40.9599,15,2024,50000,90,2026,8,22
강남구,압구정동,신현대11차,183.41,3,1983,10000,490,2026,8,24
강남구,개포동,삼익대청아파트,39.53,11,1992,27000,0,2026,8,15
강남구,자곡동,래미안포레,59.97,9,2014,29131,0,2026,8,24
강남구,삼성동,롯데캐슬프레미어,121.931,14,2007,157500,0,2026,8,22
강남구,삼성동,현대힐스테이트2단지,84.236,9,2008,110000,105,2026,8,24
강남구,수서동,까치마을,49.5,10,1993,15000,150,2026,8,21
강남구,개포동,디에이치아너힐즈,76.1709,21,2019,150000,0,2026,8,22
강남구,역삼동,역삼센트럴2차아이파크,19.685,4,2022,2000,160,2026,8,24
강남구,개포동,개포자이프레지던스,84.7509,5,2023,162750,0,2026,8,22
강남구,수서동,동익,84.46,15,1993,80000,0,2026,8,22
강남구,도곡동,도곡렉슬,84.9984,7,2006,120000,120,2026,8,22
강남구,대치동,대치더클래스,81.82,6,2022,138600,0,2026,8,22
강남구,일원동,상록스타힐스,46.855,4,2022,16715,114,2026,8,21
강남구,대치동,선경1차(1동-7동),84.35,2,1983,110000,50,2026,8,22
강남구,개포동,개포주공7단지,73.26,8,1983,5000,160,2026,8,22
강남구,일원동,상록스타힐스,46.855,1,2022,33054,32,2026,8,18
강남구,개포동,개포래미안포레스트,84.86,19,2020,136500,0,2026,8,18
강남구,개포동,개포자이프레지던스,84.5978,10,2023,140000,95,2026,8,22
강남구,자곡동,강남한양수자인(4단지),59.88,5,2014,35000,133,2026,8,24
강남구,역삼동,역삼래미안,80.87,15,2005,95000,0,2026,8,22
강남구,압구정동,"현대10차(201,202동)",108.15,12,1982,48000,0,2026,8,20
강남구,도곡동,도곡렉슬,114.9931,4,2006,40000,600,2026,8,22
강남구,도곡동,타워팰리스1,84.16,29,2002,10000,630,2026,8,24
강남구,자곡동,래미안강남힐즈,101.94,4,2014,90000,110,2026,8,21
강남구,개포동,개포래미안포레스트,59.92,12,2020,40000,320,2026,8,20
강남구,대치동,한티(933-35),93.38,7,2004,30000,300,2026,8,21
강남구,수서동,삼익,49.2,9,1992,47190,0,2026,8,24
강남구,개포동,성원대치2단지아파트,39.53,6,1992,10000,150,2026,8,20
강남구,개포동,성원대치2단지아파트,39.53,15,1992,53000,0,2026,8,22
강남구,개포동,래미안블레스티지,84.943,1,2019,60000,280,2026,8,22
강남구,일원동,디에이치자이개포,63.76,19,2021,130000,0,2026,8,22
강남구,일원동,상록스타힐스,46.855,16,2022,9941,91,2026,8,18
강남구,대치동,포스코더샵,139.54,9,2004,80000,400,2026,8,11
강남구,역삼동,역삼푸르지오,59.8848,21,2006,112000,0,2026,8,23
강남구,도곡동,럭키(963),84.97,4,1995,70000,120,2026,8,21
강남구,세곡동,강남데시앙파크,114.69,8,2011,40086,0,2026,8,21
강남구,세곡동,세곡리엔파크(3단지),49.74,3,2011,4980,35,2026,8,21
강남구,수서동,삼익,60,6,1992,20000,150,2026,8,22
강남구,대치동,대치아이파크,119.58,23,2008,140000,250,2026,8,21
강남구,개포동,개포래미안포레스트,84.86,5,2020,80000,220,2026,8,23
강남구,개포동,성원대치2단지아파트,39.53,4,1992,44100,0,2026,8,22
강남구,수서동,신동아,33.18,3,1992,40000,0,2026,8,22
강남구,자곡동,강남한양수자인(4단지),59.88,5,2014,6406,43,2026,8,21
강남구,역삼동,역삼래미안,80.87,21,2005,138000,0,2026,8,15
강남구,역삼동,요진와이시티미니,12.94,6,2012,13800,35,2026,8,20
강남구,일원동,푸른마을아파트101동~111동,84.93,13,1994,94500,0,2026,8,18
강남구,세곡동,강남엘에이치1단지,84.83,11,2013,78500,0,2026,8,15
강남구,논현동,아크로힐스논현,84.074,2,2014,60000,330,2026,8,24
강남구,삼성동,삼성동한솔아파트,58.57,15,1998,75350,0,2026,8,21
강남구,도곡동,도곡렉슬,59.9818,15,2006,45000,330,2026,8,8
강남구,개포동,개포래미안포레스트,96.91,3,2020,165300,0,2026,8,15
강남구,개포동,개포주공6단지,83.21,7,1983,40000,0,2026,8,19
강남구,역삼동,현대휴먼터치빌,35.88,15,1999,24000,0,2026,8,19
강남구,역삼동,개나리푸르지오,84.6815,7,2006,145000,0,2026,8,21
강남구,청담동,청담현대3차아파트,109.53,14,1999,147000,0,2026,8,19
강남구,청담동,휴먼스타빌,35.905,6,2005,0,300,2026,8,21
강남구,삼성동,삼성동중앙하이츠빌리지,84.87,8,2004,120000,0,2026,8,21
강남구,청담동,청담신원아침도시마인,27.7131,5,2013,2000,130,2026,8,5
강남구,압구정동,한양6,106.71,6,1980,85000,0,2026,8,21
강남구,개포동,개포래미안포레스트,84.86,12,2020,140000,0,2026,8,21
강남구,압구정동,한양1차(영동한양),49.98,10,1977,20000,105,2026,8,19
강남구,일원동,디에이치자이개포,84.73,34,2021,50000,400,2026,8,14
강남구,개포동,개포래미안포레스트,84.83,23,2020,50000,390,2026,8,21
강남구,역삼동,한스빌(836),39.89,7,1996,1000,110,2026,8,11
강남구,자곡동,강남한양수자인(4단지),84.89,4,2014,49481,0,2026,8,21
강남구,자곡동,래미안포레,49.94,10,2014,5480,38,2026,8,21
강남구,도곡동,한라비발디,84.8861,7,2016,70000,250,2026,8,21
강남구,역삼동,동부센트레빌,84.97,15,1998,60000,270,2026,8,7
강남구,역삼동,역삼I'PARK,144.641,21,2006,140000,175,2026,8,8
강남구,삼성동,래미안삼성2차,101.38,22,2007,128000,0,2026,8,15
강남구,삼성동,삼성동한솔아파트,58.57,2,1998,80000,0,2026,8,21
강남구,개포동,성원대치2단지아파트,39.53,15,1992,45000,0,2026,8,18
강남구,도곡동,도곡렉슬,114.9931,22,2006,200000,0,2026,8,20
강남구,압구정동,한양1차(영동한양),63.87,12,1977,64950,0,2026,8,20
강남구,도곡동,아카데미스위트1,128.74,9,2004,200000,0,2026,8,21
강남구,개포동,래미안블레스티지,84.943,15,2019,30000,450,2026,8,19
강남구,자곡동,래미안포레,59.97,11,2014,29131,0,2026,8,20
강남구,일원동,디에이치자이개포,84.75,31,2021,157500,0,2026,8,20
강남구,일원동,푸른마을아파트101동~111동,59.76,10,1994,80000,0,2026,8,6
강남구,자곡동,강남한양수자인(4단지),84.89,1,2014,52773,0,2026,8,21
강남구,압구정동,한양6,106.71,3,1980,75000,0,2026,8,15
강남구,청담동,구산,59.4,1,1993,50000,0,2026,8,21
강남구,삼성동,서광아파트,59.67,7,1998,84000,0,2026,8,10
강남구,삼성동,채널리저브,84.94,20,2007,2000,410,2026,8,7
강남구,청담동,진흥아파트,145.69,11,1984,63000,190,2026,8,20
강남구,역삼동,래미안펜타빌,158.58,18,2007,185000,0,2026,8,19
강남구,자곡동,강남한양수자인(4단지),49.94,1,2014,5430,38,2026,8,20
강남구,개포동,디에이치아너힐즈,84.357,7,2019,153000,0,2026,8,21
강남구,자곡동,강남한양수자인(4단지),59.97,8,2014,2440,48,2026,8,19
강남구,대치동,테헤란로대우아이빌(891-6),59.83,25,2004,15000,155,2026,8,19
강남구,일원동,상록스타힐스,59.921,23,2022,12499,115,2026,8,20
강남구,역삼동,역삼래미안,59.4,12,2005,50000,200,2026,8,20
강남구,자곡동,강남브리즈힐,74.44,15,2014,10000,300,2026,8,20
강남구,도곡동,아카데미스위트1,83,38,2004,120000,0,2026,8,13
강남구,도곡동,SK허브프리모,67.5,14,2006,57750,0,2026,8,3
강남구,율현동,강남한신휴플러스6단지,49.79,8,2015,5859,37,2026,8,20
강남구,삼성동,블루밍하우스,157.02,2,2006,173000,0,2026,8,12
강남구,대치동,대치아이파크,114.97,4,2008,100000,400,2026,8,19
강남구,역삼동,이스턴오피스텔,14.78,9,2014,1000,85,2026,8,20
강남구,삼성동,삼성동힐스테이트 1단지,31.402,10,2008,10000,215,2026,8,18
강남구,논현동,두산위브1단지,84.993,4,2004,85000,0,2026,8,20
강남구,삼성동,진흥아파트,207.82,8,1984,190000,0,2026,8,3
강남구,개포동,성원대치2단지아파트,39.53,7,1992,39900,0,2026,8,19
강남구,삼성동,래미안삼성1차(105-0),181.51,3,2005,100000,360,2026,8,19
강남구,일원동,상록스타힐스,29.497,5,2022,27747,20,2026,8,20
강남구,개포동,개포자이프레지던스,59.9751,15,2023,20000,420,2026,8,20
강남구,도곡동,아카데미스위트1,122.07,38,2004,140000,100,2026,8,1
강남구,도곡동,타워팰리스1,137.24,16,2002,210000,0,2026,8,20
강남구,도곡동,타워팰리스2,111.39,19,2003,10000,630,2026,8,20
강남구,역삼동,역삼동하나빌,84.77,15,2002,80000,0,2026,8,20
강남구,개포동,우성8,79.61,6,1987,93000,0,2026,8,20
강남구,개포동,개포자이프레지던스,78.7747,9,2023,110000,140,2026,8,20
강남구,도곡동,대림아크로빌,177.255,6,1999,210000,0,2026,8,19
강남구,도곡동,타워팰리스3,163.567,53,2004,260000,0,2026,8,20
강남구,개포동,개포우성3차,133.46,11,1984,50000,240,2026,8,20
강남구,일원동,상록스타힐스,59.963,12,2022,12499,115,2026,8,14
강남구,대치동,개포우성1,84.81,3,1983,95000,100,2026,8,5
강남구,논현동,동현아파트1~6,84.92,6,1985,72000,0,2026,8,20
강남구,자곡동,강남한양수자인(4단지),49.94,7,2014,5430,38,2026,8,20
강남구,수서동,신동아,39.53,1,1992,28000,60,2026,8,19
강남구,일원동,가람,75.16,4,1993,33320,110,2026,8,20
강남구,압구정동,현대4차저층(51~56동),117.91,4,1977,25000,440,2026,8,20
강남구,개포동,디에이치아너힐즈,106.9101,8,2019,250000,0,2026,8,20
강남구,개포동,개포우성3차,133.46,13,1984,10000,380,2026,8,8
강남구,도곡동,도곡푸르지오102동,147.21,5,2006,110000,0,2026,8,19
강남구,역삼동,래미안그레이튼,59.97,4,2009,22000,330,2026,8,8
강남구,역삼동,역삼래미안,59.4,4,2005,70000,160,2026,8,18
강남구,역삼동,테헤란아이파크,92.6232,20,2014,70000,300,2026,8,15
강남구,수서동,신동아,49.96,2,1992,50000,30,2026,8,1
강남구,역삼동,대우디오빌플러스,34.41,8,2004,21000,40,2026,8,8
강남구,대치동,래미안대치팰리스,59.99,9,2015,69537,0,2026,8,19
강남구,대치동,개포우성1,189.98,5,1983,200000,0,2026,8,18
강남구,개포동,개포래미안포레스트,59.92,18,2020,20000,410,2026,8,19
강남구,도곡동,한신엠비씨,84.74,9,1988,58300,0,2026,8,8
강남구,대치동,래미안대치하이스턴,110.39,11,1989,100000,271,2026,8,14
강남구,일원동,푸른마을아파트101동~111동,84.93,1,1994,12000,332,2026,8,17
강남구,대치동,은마,76.79,14,1979,49000,0,2026,8,19
강남구,일원동,상록스타힐스,18.877,6,2022,13213,26,2026,8,19
강남구,자곡동,강남한양수자인(4단지),59.97,2,2014,2440,48,2026,8,19
강남구,자곡동,강남한양수자인(4단지),59.93,3,2014,2562,51,2026,8,19
강남구,자곡동,강남한양수자인(4단지),59.97,8,2014,6101,41,2026,8,19
강남구,역삼동,개나리SK뷰,127.27,14,2012,125000,280,2026,8,19
강남구,세곡동,강남신동아파밀리에1단지,39.95,4,2011,3159,27,2026,8,19
강남구,개포동,성원대치2단지아파트,33.18,11,1992,40000,0,2026,8,8
강남구,역삼동,대우디오빌,30.03,5,2002,2000,140,2026,8,19
강남구,도곡동,도곡렉슬,84.9984,15,2006,160000,0,2026,8,8
강남구,개포동,성원대치2단지아파트,39.53,15,1992,16800,101,2026,8,17
강남구,도곡동,타워팰리스2,164.99,10,2003,257250,0,2026,8,19
강남구,자곡동,강남한양수자인(4단지),49.94,8,2014,5642,39,2026,8,19
강남구,압구정동,"현대1차(12,13,21,22,31,32,33동)",161.19,7,1976,170000,0,2026,8,19
강남구,자곡동,강남한양수자인(4단지),59.97,2,2014,6101,41,2026,8,19
강남구,자곡동,강남한양수자인(4단지),49.94,2,2014,5642,39,2026,8,19
강남구,자곡동,강남에버시움,46.71,4,2013,4997,41,2026,8,14
강남구,대치동,"쌍용대치아파트1동,2동,3동,5동,6동",128.03,11,1983,10000,350,2026,8,19
강남구,자곡동,강남한양수자인(4단지),49.94,3,2014,5430,38,2026,8,19
강남구,삼성동,래미안라클래시,71.95,34,2021,160000,0,2026,8,19
강남구,대치동,래미안대치팰리스,84.99,13,2015,109000,320,2026,8,18
강남구,자곡동,강남한양수자인(4단지),59.93,3,2014,6406,43,2026,8,19
강남구,역삼동,에스케이허브젠,71.91,10,2005,80000,0,2026,8,13
강남구,개포동,래미안블레스티지,126.928,4,2019,215000,0,2026,8,18
강남구,삼성동,현대타워(13층-27층),149.99,18,1998,147000,0,2026,8,19
강남구,개포동,삼익대청아파트,60,12,1992,50000,140,2026,8,18
강남구,삼성동,삼성동힐스테이트 1단지,84.236,17,2008,50000,300,2026,8,11
강남구,일원동,디에이치자이개포,103.86,29,2021,195000,0,2026,8,19
강남구,압구정동,"현대6차(78~81,83,84,86,87동)",144.7,10,1978,40000,0,2026,8,7
강남구,논현동,두산위브2단지,106.829,10,2004,2200,410,2026,8,9
강남구,청담동,현대아파트,84.92,7,1988,82000,0,2026,8,11
강남구,삼성동,현대힐스테이트2단지,84.236,18,2008,15000,454,2026,8,14
강남구,압구정동,한양1차(영동한양),63.87,10,1977,75000,0,2026,8,17
강남구,대치동,은마,84.43,9,1979,40000,0,2026,8,7
강남구,일원동,샘터마을,134.438,10,1994,135000,0,2026,8,16
강남구,세곡동,강남신동아파밀리에1단지,49.74,3,2011,7291,27,2026,8,18
강남구,역삼동,e-편한세상,59.606,14,2005,99750,0,2026,8,8
강남구,역삼동,동부센트레빌,84.97,12,1998,105000,0,2026,8,14
강남구,도곡동,도곡동STAY77,28.45,6,2020,33000,38,2026,8,13
강남구,청담동,청담자이,49.639,10,2011,20000,410,2026,8,18
강남구,개포동,성원대치2단지아파트,39.53,14,1992,55000,0,2026,8,10
강남구,일원동,상록스타힐스,18.877,5,2022,3929,36,2026,8,18
강남구,자곡동,래미안포레,59.92,7,2014,29131,0,2026,8,18
강남구,삼성동,엘에이치삼성도시형생활주택,27.75,3,2013,17000,25,2026,8,15
강남구,도곡동,도곡렉슬,120.8233,2,2006,135000,160,2026,8,1
강남구,대치동,대치푸르지오써밋,84.9747,4,2023,110000,250,2026,8,8
강남구,세곡동,강남신동아파밀리에1단지,49.74,5,2011,4792,35,2026,8,18
강남구,일원동,상록스타힐스,59.592,11,2022,8656,79,2026,8,14
강남구,자곡동,강남에버시움,29.43,3,2013,211,7,2026,8,18
강남구,대치동,선경2차(8동-12동),127.75,14,1985,98500,320,2026,8,8
강남구,대치동,동부센트레빌,145.83,4,2005,230000,260,2026,8,17
강남구,도곡동,타워팰리스1,174.67,7,2002,85000,820,2026,8,18
강남구,일원동,상록스타힐스,59.963,1,2022,11874,109,2026,8,18
강남구,대치동,대치삼성,59.88,21,2000,120000,0,2026,8,4
강남구,일원동,상록스타힐스,59.963,7,2022,12499,115,2026,8,14
강남구,일원동,상록스타힐스,18.877,5,2022,3929,36,2026,8,14
강남구,개포동,래미안블레스티지,84.95,3,2019,80000,246,2026,8,6
강남구,수서동,까치마을,34.44,13,1993,37000,0,2026,8,15
강남구,역삼동,역삼동골든베리힐,127.7,3,2004,67000,20,2026,8,14
강남구,개포동,래미안블레스티지,84.94,13,2019,80000,280,2026,8,15
강남구,청담동,청담스위트,13.425,4,2015,1000,95,2026,8,8
강남구,수서동,강남데시앙포레,114.45,13,2014,120000,0,2026,8,15
강남구,역삼동,개나리래미안,84.93,15,2006,40000,385,2026,8,10
강남구,개포동,개포래미안포레스트,59.96,15,2020,105000,42,2026,8,15
강남구,대치동,대치푸르지오써밋,117.6566,9,2023,120000,520,2026,8,17
강남구,압구정동,미성2차,74.4,4,1987,99000,0,2026,8,15
강남구,대치동,래미안대치하이스턴,110.39,6,1989,140000,140,2026,8,7
강남구,역삼동,테헤란아이파크,92.6232,14,2014,140000,0,2026,8,8
강남구,일원동,디에이치자이개포,84.64,31,2021,140000,120,2026,8,17
강남구,청담동,청담현대3차아파트,85,7,1999,90000,0,2026,8,18
강남구,개포동,성원대치2단지아파트,49.86,12,1992,61000,0,2026,8,15
강남구,개포동,성원대치2단지아파트,39.53,10,1992,49000,0,2026,8,14
강남구,역삼동,역삼우정에쉐르2,50.72,6,2004,65000,0,2026,8,15
강남구,자곡동,래미안포레,59.71,6,2014,29131,0,2026,8,18
강남구,삼성동,삼성동중앙하이츠빌리지,59.92,5,2004,95550,0,2026,8,13
강남구,대치동,S-TOWER,204.38,9,1996,70000,400,2026,8,13
강남구,도곡동,도곡렉슬,84.9984,11,2006,157500,0,2026,8,15
강남구,역삼동,개나리푸르지오,84.6815,7,2006,50000,370,2026,8,8
강남구,수서동,까치마을,49.5,8,1993,40000,60,2026,8,8
강남구,일원동,래미안 개포 루체하임,59.99,8,2018,5000,500,2026,8,2
강남구,대치동,대치현대,101.6,19,1999,140000,0,2026,8,15
강남구,개포동,개포래미안포레스트,59.92,5,2020,78700,0,2026,8,15
강남구,대치동,"쌍용대치아파트1동,2동,3동,5동,6동",128.03,6,1983,126000,0,2026,8,14
강남구,세곡동,강남엘에이치1단지,59.89,2,2013,5000,240,2026,8,15
강남구,세곡동,강남신동아파밀리에1단지,59.97,11,2011,73000,0,2026,8,17
강남구,개포동,개포래미안포레스트,74.66,2,2020,120750,0,2026,8,15
강남구,세곡동,강남신동아파밀리에2단지,84.98,11,2011,38551,0,2026,8,14
강남구,개포동,개포자이프레지던스,84.5978,24,2023,70000,330,2026,8,15
강남구,대치동,한보미도맨션2,126.33,6,1985,125000,30,2026,8,17
강남구,일원동,수서,49.68,7,1992,50400,0,2026,8,14
강남구,대치동,쌍용대치2,120.76,10,1983,110000,0,2026,8,14
강남구,삼성동,삼성동한솔아파트,109.51,7,1998,105000,0,2026,8,17
강남구,삼성동,삼성동센트럴아이파크,84.99,29,2018,155000,40,2026,8,15
강남구,수서동,삼성,84.97,4,1997,85000,0,2026,8,18
강남구,개포동,성원대치2단지아파트,39.53,14,1992,50000,0,2026,8,15
강남구,역삼동,래미안그레이튼(진달래2차),59.78,11,2010,80000,160,2026,8,16
강남구,도곡동,도곡렉슬,84.9231,11,2006,145000,0,2026,8,8
강남구,대치동,래미안대치하이스턴,110.39,16,1989,140000,55,2026,8,15
강남구,역삼동,테헤란아이파크,70.8333,15,2014,100000,102,2026,8,15
강남구,삼성동,현대힐스테이트2단지,84.236,12,2008,123000,0,2026,8,7
강남구,도곡동,타워팰리스1,137.24,22,2002,102000,500,2026,8,13
강남구,수서동,신동아,39.53,2,1992,55000,0,2026,8,14
강남구,삼성동,한일,80.29,6,2001,89250,0,2026,8,11
강남구,수서동,신동아,49.96,14,1992,55000,0,2026,8,14
강남구,도곡동,도곡렉슬,59.9818,16,2006,119700,0,2026,8,3
강남구,개포동,삼익대청아파트,39.53,1,1992,3000,148,2026,8,1
강남구,논현동,마일스디오빌,36.29,14,2004,2000,145,2026,8,14
강남구,대치동,선경1차(1동-7동),136.68,8,1983,150000,0,2026,8,13
강남구,수서동,강남 더샵 포레스트,146.7139,9,2016,200000,0,2026,8,14
강남구,개포동,성원대치2단지아파트,49.86,10,1992,67000,0,2026,8,1
강남구,청담동,한신오페라하우스2차,120.22,6,2005,136000,0,2026,8,14
강남구,대치동,개포우성1,127.61,1,1983,107000,0,2026,8,13
강남구,역삼동,대우디오빌,30.03,6,2002,27400,0,2026,8,14
강남구,개포동,성원대치2단지아파트,49.86,10,1992,67000,0,2026,8,1
강남구,일원동,상록스타힐스,29.497,2,2022,9029,48,2026,8,13
강남구,대치동,개포우성1,158.54,3,1983,165000,0,2026,8,13
강남구,역삼동,(828-76),110.51,1,2005,70000,0,2026,8,14
강남구,대치동,대치현대,114.59,10,1999,140000,0,2026,8,14
강남구,논현동,선정릉역모아엘가퍼스트홈,14.16,12,2023,7217,36,2026,8,12
강남구,세곡동,강남데시앙파크,84.97,4,2011,72000,0,2026,8,14
강남구,역삼동,강남센트럴아이파크,84.915,16,2022,125000,200,2026,8,8
강남구,일원동,상록스타힐스,46.855,7,2022,9941,91,2026,8,13
강남구,논현동,신동아(22),35.73,8,1997,3000,158,2026,8,13
강남구,삼성동,삼성동힐스테이트 1단지,84.236,13,2008,126000,0,2026,8,1
강남구,도곡동,도곡렉슬,59.9772,10,2006,103950,0,2026,8,10
강남구,수서동,까치마을,39.6,2,1993,2000,130,2026,8,14
강남구,대치동,은마,84.43,7,1979,55000,0,2026,8,13
강남구,역삼동,테헤란아이파크,92.6232,3,2014,141750,0,2026,8,14
강남구,역삼동,역삼래미안,59.65,8,2005,86000,0,2026,8,7
강남구,역삼동,대우디오빌플러스,34.41,9,2004,12000,54,2026,8,6
강남구,일원동,가람,84.95,5,1993,88000,0,2026,8,11
강남구,역삼동,역삼센트럴2차아이파크,30.481,7,2022,5000,200,2026,8,8
강남구,대치동,대우아이빌명문가(891-23),33.06,8,2004,25000,0,2026,8,12
강남구,압구정동,"현대1차(12,13,21,22,31,32,33동)",161.19,3,1976,123000,0,2026,8,13
강남구,청담동,현대아파트,84.92,2,1988,50000,160,2026,8,13
강남구,개포동,성원대치2단지아파트,33.18,4,1992,32500,0,2026,8,12
강남구,역삼동,역삼I'PARK,28.246,11,2006,40000,0,2026,8,12
강남구,삼성동,삼성풍림2차아파트,59.94,7,1998,65000,0,2026,8,13
강남구,청담동,청담우방아파트,59.97,10,1999,83000,0,2026,8,13
강남구,세곡동,강남신동아파밀리에1단지,59.88,7,2011,50000,105,2026,8,8
강남구,도곡동,럭키(963),84.97,7,1995,58000,120,2026,8,13
강남구,삼성동,LG선릉에클라트(B),48.81,13,2004,2000,210,2026,8,12
강남구,대치동,래미안대치팰리스,94.5,9,2015,80000,519,2026,8,10
강남구,자곡동,래미안포레,59.92,5,2014,29131,0,2026,8,13
강남구,자곡동,강남자곡아이파크,84.83,2,2014,5250,336,2026,8,13
강남구,논현동,신동아(22),35.73,9,1997,40000,0,2026,8,13
강남구,역삼동,강남센트럴아이파크,59.994,23,2022,126000,0,2026,8,12
강남구,수서동,까치마을,49.5,2,1993,44100,0,2026,8,12
강남구,개포동,개포주공7단지,60.76,5,1983,30000,0,2026,8,13
강남구,일원동,상록스타힐스,59.963,16,2022,12499,115,2026,8,12
강남구,개포동,삼익대청아파트,51.12,4,1992,53000,30,2026,8,13
강남구,역삼동,역삼푸르지오,59.8848,19,2006,10000,385,2026,8,12
강남구,세곡동,세곡푸르지오,84.83,7,2012,87000,0,2026,8,13
강남구,개포동,개포자이프레지던스,84.7509,23,2023,170000,0,2026,8,12
강남구,일원동,상록스타힐스,46.855,9,2022,9941,91,2026,8,12
강남구,대치동,은마,76.79,8,1979,15000,200,2026,8,7
강남구,도곡동,타워팰리스1,137.24,22,2002,102000,500,2026,8,13
강남구,자곡동,래미안포레,59.92,11,2014,29131,0,2026,8,12
강남구,세곡동,세곡푸르지오,84.84,14,2012,86000,0,2026,8,12
강남구,개포동,개포자이르네,50.8665,4,2022,79000,0,2026,8,6
강남구,자곡동,래미안강남힐즈,91.95,3,2014,94000,0,2026,8,8
강남구,압구정동,미성2차,74.4,3,1987,89250,0,2026,8,1
강남구,역삼동,역삼래미안,59.4,6,2005,110000,0,2026,8,12
강남구,삼성동,삼성동힐스테이트 1단지,31.402,21,2008,50000,26,2026,8,8
강남구,대치동,대치삼성,97.35,19,2000,90000,228,2026,8,12
강남구,일원동,푸른마을아파트101동~111동,59.76,7,1994,20000,170,2026,8,12
강남구,역삼동,e-편한세상,59.606,13,2005,40000,259,2026,8,7
강남구,자곡동,강남에버시움,36.08,3,2013,5133,14,2026,8,10
강남구,역삼동,역삼자이,59.9977,25,2016,100000,100,2026,8,6
강남구,압구정동,한양1차(영동한양),78.05,10,1977,50000,120,2026,8,4
강남구,신사동,래미안신사,84.89,7,2008,120000,0,2026,8,12
강남구,도곡동,도곡렉슬,120.8233,11,2006,145000,160,2026,8,11
강남구,압구정동,한양1차(영동한양),63.87,6,1977,75000,0,2026,8,6
강남구,대치동,개포우성2,84.69,6,1984,70000,240,2026,8,12
강남구,수서동,까치마을,49.5,1,1993,15000,129,2026,8,11
강남구,자곡동,강남자곡 힐스테이트,59.93,5,2015,40000,80,2026,8,7
강남구,역삼동,역삼I'PARK,28.246,10,2006,51000,0,2026,8,12
강남구,압구정동,"현대2차(10,11,20,23,24,25동)",160.28,12,1976,160000,0,2026,8,12
강남구,수서동,삼성,84.97,14,1997,104000,0,2026,8,11
강남구,수서동,까치마을,49.5,12,1993,65000,0,2026,8,8
강남구,개포동,개포래미안포레스트,84.83,9,2020,80000,230,2026,8,12
강남구,역삼동,조이너스,84.28,2,2006,72650,0,2026,8,3
강남구,도곡동,삼성래미안,59.96,22,2001,25000,340,2026,8,6
강남구,삼성동,삼성동센트럴아이파크,84.95,22,2018,157000,0,2026,8,1
강남구,개포동,성원대치2단지아파트,33.18,9,1992,39000,0,2026,8,11
강남구,역삼동,역삼자이,59.9977,22,2016,40000,239,2026,8,8
강남구,도곡동,도곡렉슬,134.9023,20,2006,199500,0,2026,8,8
강남구,대치동,대치더클래스,79.52,4,2022,113190,0,2026,8,8
강남구,역삼동,금호어울림,133.77,8,2003,95500,0,2026,8,8
강남구,도곡동,도곡더써밋타워,18.34,7,2025,12800,50,2026,8,5
강남구,대치동,개포우성2,84.69,3,1984,115500,0,2026,8,11
강남구,자곡동,강남한양수자인(4단지),84.99,8,2014,87000,0,2026,8,11
강남구,개포동,개포주공6단지,53.06,8,1983,35000,0,2026,8,11
강남구,수서동,강남데시앙포레,59.62,13,2014,30000,240,2026,8,9
강남구,개포동,개포래미안포레스트,84.83,18,2020,86000,180,2026,8,11
강남구,논현동,펜트힐루논현,43.392,12,2021,65000,0,2026,8,10
강남구,논현동,쌍용,84.87,4,1996,71400,0,2026,8,5
강남구,대치동,"쌍용대치아파트1동,2동,3동,5동,6동",83.56,6,1983,60000,80,2026,8,10
강남구,도곡동,한라비발디,84.9569,10,2016,112800,0,2026,8,1
강남구,세곡동,세곡리엔파크(3단지),59.97,4,2011,18106,0,2026,8,11
강남구,논현동,신동아(22),35.73,7,1997,30000,58,2026,8,10
강남구,개포동,개포래미안포레스트,59.92,2,2020,108000,0,2026,8,1
강남구,일원동,상록스타힐스,59.921,19,2022,14403,168,2026,8,11
강남구,역삼동,역삼래미안,59.73,12,2005,40000,220,2026,8,11
강남구,일원동,디에이치자이개포,84.81,9,2021,152000,0,2026,8,8
강남구,압구정동,한양1차(영동한양),49.98,3,1977,52000,0,2026,8,11
강남구,세곡동,세곡리엔파크(3단지),49.74,6,2011,4793,34,2026,8,11
강남구,논현동,동현아파트1~6,84.92,10,1985,80000,0,2026,8,11
강남구,삼성동,롯데캐슬프레미어,122.485,15,2007,120000,107,2026,8,11
강남구,역삼동,리츠빌아파트,87.76,1,2003,57750,0,2026,8,8
강남구,수서동,신동아,33.18,13,1992,34650,0,2026,8,8
강남구,대치동,개포우성1,127.61,6,1983,20000,400,2026,8,10
강남구,자곡동,래미안포레,59.71,8,2014,29131,0,2026,8,11
강남구,대치동,"대치우성아파트1동,2동,3동,5동,6동,7동",84.69,2,1984,81900,0,2026,8,8
강남구,역삼동,역삼래미안,59.4,4,2005,110000,0,2026,8,8
강남구,개포동,성원대치2단지아파트,33.18,4,1992,30000,0,2026,8,1
강남구,개포동,성원대치2단지아파트,39.53,11,1992,53000,0,2026,8,9
강남구,역삼동,한화진넥스빌,42.52,9,2001,14000,45,2026,8,8
강남구,개포동,개포래미안포레스트,59.92,7,2020,120700,0,2026,8,8
강남구,청담동,청담스위트,14.039,7,2015,1000,95,2026,8,4
강남구,논현동,신동아(22),35.73,1,1997,1000,140,2026,8,8
강남구,수서동,삼익,60,7,1992,60000,0,2026,8,8
강남구,일원동,디에이치자이개포,84.94,15,2021,160000,0,2026,8,7
강남구,개포동,개포래미안포레스트,74.66,4,2020,30000,400,2026,8,9
강남구,대치동,은마,84.43,12,1979,10000,240,2026,8,6
강남구,역삼동,동부센트레빌,59.82,9,1998,66150,0,2026,8,8
강남구,수서동,신동아,39.51,4,1992,40000,0,2026,8,10
강남구,수서동,신동아,39.53,3,1992,38000,0,2026,8,8
강남구,대치동,개포우성1,127.61,14,1983,190000,0,2026,8,4
강남구,도곡동,경남,84.94,14,2005,120000,0,2026,8,8
강남구,대치동,은마,76.79,3,1979,82000,0,2026,8,8
강남구,율현동,강남한신휴플러스6단지,49.79,8,2015,10164,17,2026,8,10
강남구,역삼동,대우디오빌플러스,34.41,13,2004,1000,105,2026,8,6
강남구,대치동,래미안대치팰리스,84.99,16,2015,170000,0,2026,8,6
강남구,역삼동,역삼래미안,80.87,15,2005,140000,0,2026,8,8
강남구,역삼동,강남센트럴아이파크,84.99,9,2022,157500,0,2026,8,7
강남구,대치동,대치현대,59.82,13,1999,73500,0,2026,8,10
강남구,역삼동,대우디오빌플러스,34.41,12,2004,1000,105,2026,8,6
강남구,대치동,대우아이빌멤버스(891-26),51.026,9,2003,19000,0,2026,8,3
강남구,신사동,로데오현대,90.94,11,1998,10000,316,2026,8,6
강남구,개포동,래미안블레스티지,59.888,2,2019,114000,0,2026,8,7
강남구,대치동,은마,76.79,2,1979,40000,80,2026,8,10
강남구,대치동,대치아이파크,59.96,13,2008,50000,330,2026,8,8
강남구,도곡동,삼익,104.01,9,1983,95000,0,2026,8,8
강남구,역삼동,명인갤러리,84.78,5,2002,25000,220,2026,8,7
강남구,역삼동,경남아너스빌,84.688,4,2002,97000,0,2026,8,8
강남구,역삼동,역삼자이,84.993,18,2016,147000,0,2026,8,8
강남구,자곡동,래미안포레,59.97,6,2014,29131,0,2026,8,10
강남구,수서동,신동아,49.96,14,1992,55000,0,2026,8,10
강남구,삼성동,현대힐스테이트2단지,84.236,13,2008,120700,0,2026,8,10
강남구,청담동,한신오페라하우스2차,120.22,7,2005,110000,0,2026,8,7
강남구,세곡동,강남엘에이치1단지,59.89,6,2013,5000,275,2026,8,7
강남구,삼성동,래미안라클래시,84.98,15,2021,100000,380,2026,8,10
강남구,도곡동,한신엠비씨,84.74,14,1988,55000,180,2026,8,7
강남구,수서동,신동아,39.53,6,1992,36500,0,2026,8,7
강남구,일원동,디에이치자이개포,84.94,29,2021,165000,0,2026,8,8
강남구,세곡동,강남신동아파밀리에1단지,59.88,7,2011,50000,105,2026,8,8
강남구,압구정동,신현대12차,155.52,2,1982,168000,0,2026,8,4
강남구,삼성동,우정에쉐르2,59.54,7,2004,60000,0,2026,8,5
강남구,개포동,래미안블레스티지,59.837,18,2019,110200,0,2026,8,8
강남구,개포동,래미안블레스티지,84.95,2,2019,150000,0,2026,8,7
강남구,개포동,개포래미안포레스트,59.92,8,2020,117000,0,2026,8,8
강남구,개포동,개포래미안포레스트,59.92,17,2020,110000,30,2026,8,8
강남구,일원동,상록스타힐스,59.963,5,2022,37497,57,2026,8,7
강남구,대치동,대치아이파크,114.97,22,2008,150000,220,2026,8,7
강남구,삼성동,롯데캐슬프레미어,121.931,7,2007,100000,240,2026,8,6
강남구,수서동,신동아,33.18,9,1992,40000,0,2026,8,8
강남구,삼성동,풍림,53.75,4,1997,47000,0,2026,8,8
강남구,일원동,수서,59.94,3,1992,52200,0,2026,8,6
강남구,역삼동,역삼래미안,80.87,10,2005,46200,320,2026,8,7
강남구,자곡동,강남자곡 힐스테이트,84.39,15,2015,79000,0,2026,8,9
강남구,도곡동,삼성래미안,84.89,12,2001,120500,0,2026,8,8
강남구,청담동,"청담2차이-편한세상(201동,202동,203동)",84.97,7,2006,60000,180,2026,8,7
강남구,수서동,신동아,33.18,10,1992,4000,106,2026,8,8
강남구,수서동,삼익,60,13,1992,60000,50,2026,8,7
강남구,대치동,은마,76.79,5,1979,50000,0,2026,8,7
강남구,역삼동,상지리츠빌역삼2차,165.06,3,2006,145000,0,2026,8,7
강남구,자곡동,래미안포레,59.71,9,2014,29131,0,2026,8,7
강남구,개포동,개포자이프레지던스,84.5978,1,2023,147000,0,2026,8,7
강남구,논현동,거평프리젠,42.395,3,1996,36000,10,2026,8,7
강남구,개포동,개포래미안포레스트,74.66,8,2020,100000,50,2026,8,7
강남구,대치동,대치동우정에쉐르1,59.98,9,2004,50000,60,2026,8,6
강남구,수서동,까치마을,39.6,5,1993,33540,0,2026,8,7
강남구,대치동,은마,84.43,2,1979,40000,145,2026,8,6
강남구,청담동,청담우방아파트,118.47,5,1999,105000,0,2026,8,2
강남구,개포동,래미안블레스티지,84.943,10,2019,136500,0,2026,8,7
강남구,역삼동,원에디션강남,33.7343,11,2024,60000,0,2026,8,6
강남구,대치동,테헤란로대우아이빌(891-6),33.11,10,2004,30000,0,2026,8,4
강남구,대치동,롯데캐슬리베,121.0894,16,2008,138500,0,2026,8,7
강남구,수서동,까치마을,34.44,14,1993,18000,45,2026,8,6
강남구,자곡동,래미안포레,59.92,3,2014,43438,0,2026,8,6
강남구,대치동,개포우성2,84.69,12,1984,130000,0,2026,8,6
강남구,개포동,개포래미안포레스트,96.93,21,2020,177500,0,2026,8,3
강남구,역삼동,e-편한세상,59.606,14,2005,99750,0,2026,8,6
강남구,개포동,래미안블레스티지,84.94,8,2019,90000,240,2026,8,6
강남구,개포동,래미안블레스티지,84.943,15,2019,135000,0,2026,8,6
강남구,개포동,디에이치아너힐즈,76.1709,12,2019,140000,0,2026,8,6
강남구,역삼동,역삼래미안,59.4,14,2005,30000,260,2026,8,4
강남구,역삼동,역삼푸르지오,59.8848,12,2006,10000,380,2026,8,4
강남구,논현동,거평프리젠,32.835,5,1996,22000,0,2026,8,6
강남구,개포동,래미안블레스티지,59.897,4,2019,115000,0,2026,8,4
강남구,일원동,상록스타힐스,46.855,13,2022,27859,81,2026,8,6
강남구,대치동,은마,76.79,3,1979,56000,0,2026,8,1
강남구,역삼동,개나리래미안,59.95,15,2006,98000,19,2026,8,5
강남구,논현동,동부센트레빌,84.9875,16,2003,50000,240,2026,8,6
강남구,대치동,현대1,84.27,12,1990,71000,0,2026,8,1
강남구,압구정동,"현대6차(78~81,83,84,86,87동)",144.2,14,1978,126000,0,2026,8,1
강남구,일원동,디에이치자이개포,103.77,13,2021,189000,0,2026,8,1
강남구,압구정동,한양3,116.94,13,1978,110000,0,2026,8,5
강남구,역삼동,쌍용플레티넘밸류,84.9,3,2007,83000,0,2026,8,6
강남구,일원동,푸른마을아파트101동~111동,59.76,2,1994,76000,0,2026,8,6
강남구,개포동,개포래미안포레스트,59.92,15,2020,103950,0,2026,8,5
강남구,청담동,상지리츠빌4B,177.28,2,2000,205000,0,2026,8,6
강남구,일원동,상록스타힐스,59.963,16,2022,72019,0,2026,8,5
강남구,역삼동,강남서해그랑블,70.57,6,2012,63000,0,2026,8,5
강남구,일원동,상록수,74.54,4,1993,73500,0,2026,8,4
강남구,일원동,상록스타힐스,59.921,11,2022,57615,42,2026,8,5
강남구,청담동,청담2차이-편한세상(204동),98.05,5,2005,115500,0,2026,8,1
강남구,청담동,청담현대3차아파트,59.95,11,1999,6000,315,2026,8,1
강남구,역삼동,강남센트럴아이파크,84.99,28,2022,165000,0,2026,8,4
강남구,자곡동,강남에버시움,36.05,1,2013,2333,29,2026,8,5
강남구,개포동,래미안블레스티지,59.967,8,2019,80000,160,2026,8,1
강남구,대치동,래미안대치팰리스,59.99,6,2015,69537,0,2026,8,4
강남구,압구정동,현대3차(61~64동),82.5,6,1976,63000,0,2026,8,5
강남구,도곡동,럭키(963),84.97,6,1995,50000,160,2026,8,5
강남구,대치동,쌍용대치2,120.76,1,1983,109200,0,2026,8,4
강남구,청담동,청담스위트,13.425,3,2015,10000,37,2026,8,4
강남구,대치동,동부센트레빌,121.74,8,2005,280000,0,2026,8,3
강남구,도곡동,도곡렉슬,114.9931,9,2006,215000,0,2026,8,4
강남구,압구정동,한양1차(영동한양),63.87,3,1977,65000,0,2026,8,3
강남구,일원동,상록스타힐스,46.855,7,2022,33431,65,2026,8,3
강남구,일원동,상록스타힐스,59.592,11,2022,14554,99,2026,8,4
강남구,청담동,현대아파트,84.76,5,1988,72000,0,2026,8,1
강남구,도곡동,매봉삼성,59.82,8,1999,85000,0,2026,8,4
강남구,논현동,동현아파트1~6,150.04,3,1985,110000,0,2026,8,4
강남구,개포동,개포래미안포레스트,102.32,19,2020,175000,0,2026,8,3
강남구,압구정동,신현대11차,183.41,8,1983,200000,0,2026,8,4
강남구,신사동,신사동씨티빌,60.938,4,2002,52500,0,2026,8,4
강남구,청담동,삼성청담공원아파트,107.22,14,1999,130000,0,2026,8,1
강남구,수서동,신동아,33.18,5,1992,2000,150,2026,8,4
강남구,논현동,한양수자인어반게이트,20.7,5,2013,18000,10,2026,8,4
강남구,대치동,대치아이파크,149.78,11,2008,120000,400,2026,8,3
강남구,삼성동,삼성동드림하우스,93.31,3,2003,73510,30,2026,8,2
강남구,삼성동,삼성동드림하우스,93.31,3,2003,73510,30,2026,8,2
강남구,대치동,은마,76.79,6,1979,10000,180,2026,8,1
강남구,도곡동,우성4,84.6,5,1985,84000,0,2026,8,4
강남구,논현동,거평프리젠,31.585,2,1996,24000,0,2026,8,3
강남구,대치동,대치효성,59.84,13,1999,77000,0,2026,8,2
강남구,수서동,강남데시앙포레,84.86,8,2014,90000,0,2026,8,3
강남구,논현동,아크로힐스논현,84.208,25,2014,10000,550,2026,8,3
강남구,삼성동,삼성동센트럴아이파크,123.3,13,2018,246750,0,2026,8,3
강남구,도곡동,삼성,80.75,1,1994,77000,0,2026,8,2
강남구,일원동,디에이치포레센트,101.94,16,2021,50000,400,2026,8,1
강남구,개포동,디에이치아너힐즈,94.2875,16,2019,189000,0,2026,8,3
강남구,도곡동,한신엠비씨,84.74,3,1988,76650,0,2026,8,3
강남구,삼성동,삼성동드림하우스,93.31,3,2003,73500,30,2026,8,2
강남구,세곡동,강남데시앙파크,114.69,10,2011,40086,0,2026,8,3
강남구,일원동,목련타운,134.71,9,1993,156000,0,2026,8,3
강남구,세곡동,강남엘에이치1단지,84.84,3,2013,88500,0,2026,8,1
강남구,개포동,경남1,96.98,8,1984,96600,0,2026,8,1
강남구,일원동,상록수,74.54,3,1993,73000,0,2026,8,3
강남구,개포동,디에이치아너힐즈,76.1709,5,2019,147500,0,2026,8,3
강남구,대치동,대치아이파크,114.97,9,2008,140000,200,2026,8,1
강남구,자곡동,래미안강남힐즈,101.95,4,2014,108000,0,2026,8,1
강남구,자곡동,래미안포레,59.97,4,2014,43438,0,2026,8,3
강남구,개포동,성원대치2단지아파트,39.53,3,1992,25000,43,2026,8,3
강남구,개포동,래미안블레스티지,84.943,14,2019,140000,0,2026,8,1
강남구,수서동,강남데시앙포레,59.97,10,2014,76650,0,2026,8,1
송파구,잠실동,잠실엘스,84.8,3,2008,30000,0,2026,8,11
송파구,가락동,래미안파크팰리스,59.968,18,2007,95000,0,2026,8,8
송파구,풍납동,한강극동,59.26,10,1995,43000,50,2026,8,19
송파구,장지동,위례24단지(꿈에그린),51.77,5,2013,10000,225,2026,8,17
송파구,문정동,파크하비오,84.9648,5,2016,92400,0,2026,8,1
송파구,가락동,현대(5차),54,8,1989,35700,0,2026,8,19
송파구,풍납동,한강극동,59.26,10,1995,43000,50,2026,8,19
송파구,장지동,위례24단지(꿈에그린),75.97,5,2013,75000,0,2026,8,15
송파구,잠실동,트리지움,59.88,22,2007,120000,0,2026,8,18
송파구,방이동,코오롱아파트,84.95,2,1991,63000,0,2026,8,13
송파구,거여동,거여2단지효성아파트,101.95,14,1997,67200,0,2026,8,12
송파구,문정동,힐스테이트e편한세상문정,59.94,7,2024,63000,0,2026,8,7
송파구,거여동,거여4단지,39.6,4,1997,31500,0,2026,8,8
송파구,잠실동,주공아파트 5단지,82.51,8,1978,58000,0,2026,8,7
송파구,장지동,송파더센트레,59.85,3,2013,62000,0,2026,8,1
송파구,신천동,한신잠실코아,52.51,11,1988,58000,0,2026,8,29
송파구,잠실동,잠실엘스,84.8,8,2008,140000,0,2026,8,29
송파구,오금동,송파레미니스2단지,39.67,3,2018,3720,24,2026,8,31
송파구,오금동,송파두산위브,59.9823,1,2019,40000,86,2026,8,1
송파구,잠실동,트리지움,84.83,27,2007,117600,0,2026,8,8
송파구,잠실동,우성아파트,160.74,1,1981,60000,100,2026,8,27
송파구,신천동,파크리오,59.95,9,2008,110000,0,2026,8,7
송파구,신천동,장미1,71.2,6,1979,40000,110,2026,8,29
송파구,장지동,송파파인타운13단지,84.76,4,2011,50000,140,2026,8,25
송파구,신천동,롯데캐슬골드,187.65,15,2005,120000,0,2026,8,30
송파구,가락동,극동,84.96,3,1984,50000,0,2026,8,31
송파구,가락동,에스아이팰리스송파포레,36.87,12,2023,1000,230,2026,8,24
송파구,장지동,송파파인타운1단지,84.95,1,2010,63000,0,2026,8,29
송파구,잠실동,리센츠,27.68,19,2008,70000,0,2026,8,31
송파구,잠실동,잠실엘스,84.8,18,2008,98000,100,2026,8,29
송파구,방이동,올림픽선수기자촌1단지,83.06,17,1988,68250,0,2026,8,29
송파구,잠실동,잠실엘타워,16.2435,25,2022,5700,42,2026,8,12
송파구,신천동,파크리오,59.86,14,2008,115000,0,2026,8,26
송파구,방이동,올림픽선수기자촌1단지,100.82,9,1988,89250,0,2026,8,29
송파구,장지동,송파파인타운2단지,84.95,5,2008,68250,0,2026,8,29
송파구,잠실동,트리지움,59.88,1,2007,5000,357,2026,8,21
송파구,문정동,힐스테이트e편한세상문정,84.98,15,2024,52000,115,2026,8,26
송파구,장지동,위례24단지(꿈에그린),59.63,7,2013,66675,0,2026,8,20
송파구,오금동,송파레미니스2단지,59.87,11,2018,5000,42,2026,8,31
송파구,장지동,위례24단지(꿈에그린),59.96,18,2013,63000,0,2026,8,29
송파구,오금동,송파레미니스2단지,59.85,18,2018,11496,20,2026,8,28
송파구,장지동,위례중앙푸르지오1단지,110.2238,5,2016,105000,0,2026,8,29
송파구,장지동,송파더센트레,59.96,6,2013,75000,0,2026,8,30
송파구,장지동,송파파인타운13단지,84.9,9,2011,94000,0,2026,8,29
송파구,석촌동,양지473,30.82,15,2021,25000,117,2026,8,28
송파구,거여동,거여4단지,49.8,7,1997,32550,0,2026,8,28
송파구,잠실동,주공아파트 5단지,76.5,6,1978,60000,0,2026,8,24
송파구,문정동,문정시영,39.69,1,1989,1000,98,2026,8,29
송파구,가락동,헬리오시티,84.95,26,2018,119000,40,2026,8,1
송파구,장지동,위례24단지(꿈에그린),51.77,10,2013,53550,0,2026,8,28
송파구,잠실동,갤러리아팰리스,151.189,32,2005,30000,640,2026,8,21
송파구,장지동,송파와이즈더샵,97.1902,12,2016,85000,0,2026,8,2
송파구,오금동,송파레미니스2단지,39.67,24,2018,7758,19,2026,8,31
송파구,잠실동,잠실엘스,119.93,16,2008,163000,0,2026,8,8
송파구,잠실동,주공아파트 5단지,76.5,11,1978,4000,180,2026,8,31
송파구,방이동,올림픽선수기자촌2단지,163.44,3,1988,20000,150,2026,8,22
송파구,잠실동,트리지움,59.88,7,2007,115000,0,2026,8,10
송파구,가락동,헬리오시티,110.66,11,2018,160000,0,2026,8,28
송파구,가락동,가락금호아파트,59.66,21,1997,9000,175,2026,8,29
송파구,가락동,헬리오시티,39.1,23,2018,65000,0,2026,8,29
송파구,잠실동,리센츠,59.99,20,2008,93713,18,2026,8,31
송파구,장지동,위례2차아이파크,90.8877,3,2016,85000,0,2026,8,29
송파구,거여동,거여4단지,59.73,9,1997,45000,0,2026,8,15
송파구,장지동,위례24단지(꿈에그린),75.92,1,2013,5000,270,2026,8,22
송파구,거여동,e편한세상송파파크센트럴,84.96,27,2021,98000,0,2026,8,26
송파구,잠실동,주공아파트 5단지,82.61,11,1978,5000,190,2026,8,29
송파구,가락동,래미안파크팰리스,84.924,2,2007,94500,0,2026,8,29
송파구,가락동,가락(1차)쌍용아파트,84.69,16,1997,69000,0,2026,8,31
송파구,신천동,파크리오,121.63,5,2008,155000,0,2026,8,30
송파구,가락동,가락금호아파트,59.91,14,1997,57000,55,2026,8,29
송파구,잠실동,트리지움,84.83,5,2007,128000,0,2026,8,29
송파구,잠실동,트리지움,59.88,19,2007,40000,290,2026,8,29
송파구,신천동,파크리오,84.9,34,2008,99700,0,2026,8,29
송파구,잠실동,레이크팰리스,84.82,18,2006,20000,430,2026,8,7
송파구,거여동,e편한세상송파파크센트럴,84.96,14,2021,55000,180,2026,8,24
송파구,석촌동,잠실한솔,84.86,6,2000,54000,165,2026,8,29
송파구,잠실동,주공아파트 5단지,82.51,14,1978,33000,90,2026,8,22
송파구,가락동,헬리오시티,59.96,3,2018,94500,0,2026,8,25
송파구,신천동,파크리오,84.79,32,2008,20000,312,2026,8,21
송파구,문정동,문정래미안,120.97,10,2004,92700,0,2026,8,29
송파구,문정동,올림픽훼밀리타운,84.751,5,1988,41000,75,2026,8,25
송파구,신천동,파크리오,59.95,25,2008,89200,0,2026,8,28
송파구,장지동,위례24단지(꿈에그린),51.77,10,2013,64000,0,2026,8,29
송파구,가락동,헬리오시티,49.29,3,2018,20000,213,2026,8,12
송파구,잠실동,주공아파트 5단지,76.5,9,1978,20000,130,2026,8,28
송파구,장지동,송파더센트레,51.77,9,2013,55650,0,2026,8,29
송파구,방이동,올림픽파크리움,15.766,19,2016,1000,85,2026,8,3
송파구,잠실동,리센츠,84.99,21,2008,126000,0,2026,8,6
송파구,오금동,상아2차아파트,45.77,11,1988,38000,0,2026,8,25
송파구,신천동,한신잠실코아,50.76,10,1988,5000,180,2026,8,16
송파구,방이동,대림,125.075,11,1985,90000,0,2026,8,31
송파구,신천동,파크리오,59.86,11,2008,110000,0,2026,8,27
송파구,장지동,위례24단지(꿈에그린),51.77,14,2013,52500,0,2026,8,21
송파구,거여동,송파시그니처롯데캐슬,59.98,31,2021,88000,0,2026,8,20
송파구,가락동,성원상떼빌,117.16,4,2006,87000,0,2026,8,7
송파구,문정동,올림픽훼밀리타운,192.235,15,1988,70000,90,2026,8,25
송파구,문정동,올림픽훼밀리타운,158.705,1,1988,120000,0,2026,8,28
송파구,신천동,한신잠실코아,41.99,2,1988,2000,115,2026,8,25
송파구,방이동,코오롱아파트,84.95,8,1991,88000,0,2026,8,28
송파구,문정동,힐스테이트e편한세상문정,84.97,10,2024,75000,0,2026,8,28
송파구,방이동,올림픽선수기자촌2단지,100.31,13,1988,120000,0,2026,8,19
송파구,신천동,파크리오,84.79,31,2008,50000,220,2026,8,27
송파구,문정동,힐스테이트e편한세상문정,49.92,13,2024,56700,0,2026,8,28
송파구,오금동,에스아이팰리스송파올림픽공원,24.26,9,2021,15000,70,2026,8,26
송파구,가락동,가락(1차)쌍용아파트,84.69,20,1997,61900,0,2026,8,22
송파구,문정동,문정시영,39.69,9,1989,3100,90,2026,8,26
송파구,신천동,파크리오,121.63,23,2008,136500,0,2026,8,12
송파구,문정동,문정대우푸르지오1차,59.84,4,1999,30000,150,2026,8,28
송파구,잠실동,LH서울잠실행복주택,14.99,5,2022,6768,28,2026,8,28
송파구,신천동,파크리오,84.9,20,2008,96075,0,2026,8,19
송파구,잠실동,트리지움,84.97,15,2007,140000,0,2026,8,22
송파구,가락동,가락금호아파트,59.91,18,1997,75000,0,2026,8,9
송파구,신천동,장미1,71.2,8,1979,10000,230,2026,8,27
송파구,신천동,파크리오,35.24,3,2008,10000,180,2026,8,20
송파구,가락동,우성,58.46,6,1986,53500,0,2026,8,26
송파구,잠실동,잠실엘스,84.8,12,2008,30000,440,2026,8,10
송파구,거여동,e편한세상송파파크센트럴,45.07,5,2021,6129,8,2026,8,27
송파구,오금동,송파레미니스2단지,39.67,18,2018,6270,9,2026,8,28
송파구,오금동,송파레미니스2단지,39.67,23,2018,3720,24,2026,8,27
송파구,거여동,거여5단지,59.74,3,1997,32200,60,2026,8,27
송파구,문정동,문정래미안,133.29,17,2004,96000,0,2026,8,25
송파구,문정동,문정래미안,120.97,12,2004,105000,0,2026,8,22
송파구,거여동,포레나송파,66.83,3,2021,60000,70,2026,8,27
송파구,잠실동,리센츠,84.99,3,2008,145000,0,2026,8,22
송파구,문정동,힐스테이트e편한세상문정,59.94,14,2024,68250,0,2026,8,17
송파구,문정동,올림픽훼밀리타운,84.705,3,1988,58200,40,2026,8,26
송파구,문정동,힐스테이트e편한세상문정,59.94,6,2024,63000,0,2026,8,18
송파구,장지동,힐스테이트송파위례,101.8,26,2016,10000,333,2026,8,27
송파구,방이동,올림픽카운티,56.22,5,2003,20000,90,2026,8,17
송파구,마천동,송파파크데일1단지,59.91,2,2011,22837,0,2026,8,27
송파구,문정동,문정시영,46.26,14,1989,31000,0,2026,8,15
송파구,잠실동,잠실엘스,84.88,13,2008,115000,40,2026,8,21
송파구,가락동,헬리오시티,84.95,33,2018,60000,260,2026,8,24
송파구,잠실동,리센츠,84.99,14,2008,80000,250,2026,8,27
송파구,오금동,송파레미니스,84.82,17,2017,75000,100,2026,8,3
송파구,오금동,송파레미니스2단지,59.85,16,2018,10808,16,2026,8,27
송파구,가락동,래미안파크팰리스,59.968,8,2007,45000,92,2026,8,26
송파구,거여동,거여4단지,49.8,4,1997,20000,110,2026,8,12
송파구,마천동,송파파크데일1단지,84.99,12,2011,17000,230,2026,8,2
송파구,오금동,송파레미니스2단지,59.85,20,2018,10808,16,2026,8,27
송파구,방이동,올림픽선수기자촌2단지,163.44,3,1988,100000,98,2026,8,5
송파구,잠실동,잠실엘스,59.96,1,2008,20000,350,2026,8,8
송파구,장지동,위례2차아이파크,90.8877,10,2016,10000,350,2026,8,6
송파구,잠실동,레이크팰리스,59.97,7,2006,100000,0,2026,8,22
송파구,오금동,송파레미니스2단지,59.85,22,2018,11004,15,2026,8,27
송파구,가락동,가락금호아파트,59.91,2,1997,55650,0,2026,8,8
송파구,장지동,송파더센트레,59.96,3,2013,10000,260,2026,8,1
송파구,오금동,송파레미니스2단지,49.55,9,2018,11036,26,2026,8,26
송파구,잠실동,잠실엘스,119.93,13,2008,171000,0,2026,8,27
송파구,오금동,송파레미니스2단지,49.55,13,2018,6150,34,2026,8,26
송파구,오금동,송파레미니스2단지,49.55,6,2018,8800,13,2026,8,26
송파구,거여동,포레나송파,80.72,6,2021,65000,70,2026,8,26
송파구,오금동,송파레미니스2단지,49.55,6,2018,8800,13,2026,8,26
송파구,신천동,장미2,82.45,12,1979,10000,270,2026,8,27
송파구,거여동,e편한세상송파파크센트럴,84.96,10,2021,95000,0,2026,8,27
송파구,장지동,송파파인타운3단지,84.93,3,2008,84000,0,2026,8,26
송파구,잠실동,리센츠,84.99,11,2008,90000,100,2026,8,25
송파구,장지동,송파파인타운8단지,59.97,5,2008,5000,280,2026,8,22
송파구,거여동,거여1단지,49.8,3,1997,34020,0,2026,8,17
송파구,문정동,올림픽훼밀리타운,117.585,11,1988,85000,0,2026,8,24
송파구,오금동,대림,84.91,13,1988,66600,0,2026,8,22
송파구,잠실동,트리지움,114.7,8,2007,70000,380,2026,8,22
송파구,마천동,송파파크데일2단지,84.13,2,2011,67000,0,2026,8,26
송파구,잠실동,잠실엘스,59.96,7,2008,25000,340,2026,8,8
송파구,가락동,헬리오시티,84.98,17,2018,111300,0,2026,8,21
송파구,가락동,헬리오시티,84.95,10,2018,125000,0,2026,8,26
송파구,가락동,헬리오시티,49.29,5,2018,78750,0,2026,8,26
송파구,가락동,가락(1차)쌍용아파트,84.69,6,1997,80000,0,2026,8,26
송파구,잠실동,주공아파트 5단지,81.75,9,1978,50400,0,2026,8,26
송파구,거여동,송파시그니처롯데캐슬,84.98,4,2021,60000,200,2026,8,26
송파구,장지동,위례포레샤인23단지,74.82,20,2017,45937,0,2026,8,26
송파구,가락동,헬리오시티,84.99,12,2018,90000,200,2026,8,26
송파구,거여동,거여6단지,38.5,12,1997,1129,14,2026,8,26
송파구,문정동,문정시영,46.26,10,1989,10000,65,2026,8,12
송파구,거여동,거여3단지,59.673,4,2000,4616,11,2026,8,26
송파구,가락동,보보스하우스B,26.18,7,2001,3000,44,2026,8,7
송파구,잠실동,리센츠,84.99,20,2008,115500,130,2026,8,26
송파구,문정동,현대2,55.26,10,1995,46300,0,2026,8,26
송파구,거여동,거여3단지,59.673,1,2000,6631,0,2026,8,26
송파구,거여동,거여3단지,59.673,8,2000,6631,0,2026,8,26
송파구,잠실동,잠실엘스,84.8,24,2008,120000,0,2026,8,7
송파구,잠실동,리센츠,84.99,22,2008,70000,230,2026,8,20
송파구,신천동,장미2,82.45,9,1979,40000,80,2026,8,24
송파구,잠실동,잠실포스코더샵,84.95,6,2004,50000,156,2026,8,12
송파구,거여동,거여3단지,59.673,2,2000,5298,26,2026,8,26
송파구,문정동,힐스테이트e편한세상문정,59.94,13,2024,60500,0,2026,8,24
송파구,석촌동,미켈란호수가,136.8,10,2007,130000,0,2026,8,26
송파구,잠실동,주공아파트 5단지,76.5,10,1978,50000,0,2026,8,26
송파구,삼전동,에이메스더리버송파,48.34,7,2018,47200,0,2026,8,25
송파구,장지동,힐스테이트송파위례,101.95,23,2016,105000,0,2026,8,7
송파구,거여동,거여3단지,59.673,1,2000,4616,26,2026,8,26
송파구,거여동,거여6단지,39.15,14,1997,2673,14,2026,8,26
송파구,풍납동,극동,58.11,6,1987,42000,0,2026,8,20
송파구,장지동,위례중앙푸르지오1단지,84.7809,15,2016,40000,140,2026,8,22
송파구,문정동,인택,84.99,11,2002,49600,0,2026,8,26
송파구,방이동,광명아파트,70.55,3,2007,45000,10,2026,8,26
송파구,문정동,올림픽훼밀리타운,136.325,8,1988,90000,0,2026,8,24
송파구,석촌동,잠실한솔,59.86,15,2000,55500,0,2026,8,7
송파구,거여동,e편한세상송파파크센트럴,45.07,14,2021,6129,19,2026,8,26
송파구,가락동,헬리오시티,84.96,8,2018,40000,360,2026,8,26
송파구,거여동,거여6단지,38.5,14,1997,3631,0,2026,8,26
송파구,삼전동,에이메스더리버송파,47.77,4,2018,47200,0,2026,8,25
송파구,오금동,송파레미니스2단지,59.85,15,2018,10808,16,2026,8,25
송파구,오금동,송파더플래티넘,106.23,7,2024,1000,68,2026,8,26
송파구,마천동,송파건원여미지아파트,51.761,16,2018,47000,0,2026,8,19
송파구,송파동,송파삼성래미안아파트,79.7,10,2001,100000,0,2026,8,26
송파구,오금동,송파레미니스2단지,59.87,5,2018,10808,16,2026,8,26
송파구,거여동,송파레이크파크호반써밋Ⅰ,108.8119,13,2022,44000,165,2026,8,25
송파구,가락동,헬리오시티,84.98,27,2018,20000,440,2026,8,14
송파구,오금동,송파레미니스2단지,49.55,16,2018,8800,13,2026,8,20
송파구,거여동,현대1차,84.91,9,1992,60000,0,2026,8,18
송파구,가락동,가락금호아파트,59.91,14,1997,68000,0,2026,8,21
송파구,잠실동,잠실엘스,84.8,20,2008,10000,500,2026,8,25
송파구,장지동,송파파인타운4단지,84.95,7,2008,22000,260,2026,8,24
송파구,문정동,힐스테이트e편한세상문정,59.94,10,2024,64050,0,2026,8,22
송파구,거여동,거여6단지,38.89,8,1997,2297,14,2026,8,26
송파구,장지동,위례포레샤인23단지,39.93,13,2017,1640,30,2026,8,25
송파구,문정동,예그리나(1동),82.72,3,2005,7000,160,2026,8,6
송파구,장지동,송파파인타운10단지,59.96,8,2007,18469,0,2026,8,5
송파구,거여동,e편한세상송파파크센트럴,45.07,10,2021,4134,19,2026,8,25
송파구,잠실동,주공아파트 5단지,76.5,7,1978,15000,130,2026,8,25
송파구,가락동,헬리오시티,110.44,20,2018,20000,570,2026,8,12
송파구,장지동,위례2차아이파크,90.8877,4,2016,89000,0,2026,8,25
송파구,문정동,파크하비오,84.9648,5,2016,60000,116,2026,8,25
송파구,풍납동,현대리버빌2지구,84.97,9,1999,65000,0,2026,8,25
송파구,가락동,헬리오시티,84.98,27,2018,110000,0,2026,8,22
송파구,풍납동,현대1,83.02,12,1995,70000,0,2026,8,20
송파구,신천동,장미1,71.2,10,1979,52500,0,2026,8,21
송파구,장지동,위례24단지(꿈에그린),59.63,18,2013,50000,10,2026,8,11
송파구,송파동,2차한양아파트,108.68,8,1984,65000,0,2026,8,25
송파구,문정동,올림픽훼밀리타운,117.585,2,1988,93000,0,2026,8,25
송파구,문정동,올림픽훼밀리타운,158.705,5,1988,77000,170,2026,8,10
송파구,가락동,헬리오시티,84.98,27,2018,120000,0,2026,8,22
송파구,잠실동,리센츠,27.68,22,2008,5000,220,2026,8,25
송파구,잠실동,트리지움,59.88,2,2007,110000,0,2026,8,25
송파구,거여동,e편한세상송파파크센트럴,34.93,5,2021,4780,7,2026,8,25
송파구,문정동,문정대우푸르지오1차,84.86,4,1999,59500,0,2026,8,21
송파구,오금동,송파레미니스2단지,59.85,5,2018,12184,24,2026,8,25
송파구,잠실동,우성아파트,96.65,12,1981,85000,0,2026,8,24
송파구,문정동,힐스테이트e편한세상문정,59.94,14,2024,67200,0,2026,8,25
송파구,문정동,힐스테이트e편한세상문정,84.97,7,2024,73500,0,2026,8,20
송파구,거여동,송파시그니처롯데캐슬,59.98,21,2021,66150,0,2026,8,25
송파구,거여동,e편한세상송파파크센트럴,84.95,8,2021,1500,100,2026,8,25
송파구,신천동,한신잠실코아,41.99,3,1988,5000,110,2026,8,25
송파구,잠실동,트리지움,59.88,3,2007,115000,0,2026,8,25
송파구,문정동,힐스테이트e편한세상문정,49.92,16,2024,52500,0,2026,8,14
송파구,장지동,위례24단지(꿈에그린),59.63,8,2013,66150,0,2026,8,25
송파구,가락동,헬리오시티,84.98,18,2018,70000,240,2026,8,25
송파구,거여동,거여1단지,59.73,1,1997,44000,0,2026,8,22
송파구,오금동,송파레미니스,84.94,5,2017,60000,100,2026,8,21
송파구,송파동,래미안송파파인탑,87.01,20,2012,80000,0,2026,8,1
송파구,오금동,상아2차아파트,45.77,4,1988,38000,0,2026,8,22
송파구,오금동,송파레미니스2단지,49.55,7,2018,8800,13,2026,8,23
송파구,오금동,송파레미니스2단지,49.55,10,2018,8252,16,2026,8,23
송파구,오금동,송파레미니스2단지,49.55,13,2018,8800,13,2026,8,25
송파구,마천동,마천금호어울림1차아파트,101.91,7,2002,78000,0,2026,8,25
송파구,거여동,e편한세상송파파크센트럴,45.07,9,2021,6129,8,2026,8,25
송파구,거여동,거여5단지,59.74,11,1997,58000,0,2026,8,25
송파구,장지동,송파파인타운11단지,59.96,3,2007,17328,0,2026,8,25
송파구,문정동,힐스테이트e편한세상문정,49.92,10,2024,54600,0,2026,8,25
송파구,장지동,위례포레샤인23단지,59.66,10,2017,38587,0,2026,8,25
송파구,오금동,송파레미니스2단지,59.87,19,2018,10808,16,2026,8,24
송파구,오금동,송파레미니스2단지,59.85,3,2018,6883,38,2026,8,24
송파구,잠실동,주공아파트 5단지,76.5,3,1978,10000,120,2026,8,19
송파구,문정동,문정시영,46.26,11,1989,23150,0,2026,8,21
송파구,거여동,e편한세상송파파크센트럴,34.93,6,2021,3224,15,2026,8,25
송파구,방이동,올림픽선수기자촌2단지,83.06,11,1988,87500,0,2026,8,11
송파구,잠실동,트리지움,84.95,26,2007,43000,320,2026,8,22
송파구,오금동,송파레미니스2단지,39.67,9,2018,6148,10,2026,8,24
송파구,오금동,송파레미니스2단지,39.67,14,2018,6148,10,2026,8,25
송파구,오금동,송파레미니스2단지,49.55,13,2018,6640,25,2026,8,25
송파구,장지동,송파파인타운10단지,49.93,4,2007,7444,12,2026,8,25
송파구,가락동,한신1,84.51,12,1993,40000,100,2026,8,24
송파구,장지동,송파파인타운8단지,59.97,5,2008,63000,0,2026,8,23
송파구,잠실동,잠실엘스,84.8,3,2008,92500,140,2026,8,24
송파구,오금동,송파레미니스2단지,39.67,10,2018,6148,10,2026,8,21
송파구,문정동,힐스테이트e편한세상문정,59.87,13,2024,60900,0,2026,8,5
송파구,가락동,가락(1차)쌍용아파트,84.69,4,1997,21000,181,2026,8,8
송파구,잠실동,레이크팰리스,135.82,12,2006,164800,0,2026,8,25
송파구,잠실동,트리지움,59.88,25,2007,30000,320,2026,8,24
송파구,문정동,파크하비오,84.9648,4,2016,110000,0,2026,8,19
송파구,문정동,건영1,84.39,3,1996,40000,30,2026,8,18
송파구,거여동,포레나송파,70.95,8,2021,79000,0,2026,8,18
송파구,오금동,현대(2-4차),84.98,4,1984,30000,200,2026,8,22
송파구,잠실동,트리지움,59.88,8,2007,40000,280,2026,8,10
송파구,거여동,삼호아파트,59.79,4,1999,1000,80,2026,8,10
송파구,가락동,가락금호아파트,84.85,2,1997,76000,0,2026,8,13
송파구,가락동,헬리오시티,84.95,24,2018,30000,400,2026,8,22
송파구,문정동,문정시영,46.26,9,1989,33000,0,2026,8,22
송파구,풍납동,잠실올림픽공원아이파크,75.99,8,2019,20000,287,2026,8,10
송파구,방이동,올림픽베어스타운1,59.37,16,1996,65000,0,2026,8,22
송파구,잠실동,잠실엘스,84.97,19,2008,100000,160,2026,8,24
송파구,가락동,가락금호아파트,59.91,18,1997,74000,0,2026,8,18
송파구,신천동,파크리오,35.24,9,2008,19000,108,2026,8,24
송파구,가락동,대림,84.11,4,1988,60000,0,2026,8,21
송파구,가락동,대림,59.24,6,1988,53000,0,2026,8,18
송파구,잠실동,잠실엘스,84.8,5,2008,25000,351,2026,8,24
송파구,문정동,힐스테이트e편한세상문정,59.87,10,2024,65000,0,2026,8,22
송파구,장지동,송파파인타운11단지,84.94,4,2007,90000,0,2026,8,22
송파구,가락동,한신1,84.51,1,1993,67200,0,2026,8,21
송파구,신천동,파크리오,84.79,5,2008,118000,0,2026,8,21
송파구,잠실동,잠실엘스,84.8,18,2008,139730,0,2026,8,14
송파구,문정동,문정래미안,84.96,6,2004,10000,211,2026,8,22
송파구,잠실동,잠실엘스,59.96,14,2008,80000,79,2026,8,24
송파구,문정동,문정가락현대1차,84.98,1,1984,42000,0,2026,8,23
송파구,오금동,송파레미니스2단지,59.95,2,2018,10808,16,2026,8,24
송파구,오금동,송파레미니스2단지,39.67,7,2018,3720,24,2026,8,24
송파구,문정동,문정시영,39.69,14,1989,20000,0,2026,8,24
송파구,문정동,힐스테이트e편한세상문정,49.92,11,2024,50000,0,2026,8,21
송파구,장지동,위례24단지(꿈에그린),51.77,4,2013,65000,0,2026,8,21
송파구,거여동,e편한세상송파파크센트럴,59.96,30,2021,60000,100,2026,8,22
송파구,가락동,가락금호아파트,59.91,4,1997,57700,0,2026,8,15
송파구,거여동,e편한세상송파파크센트럴,45.07,13,2021,6129,8,2026,8,22
송파구,가락동,"가락3차쌍용스윗닷홈101동,102동",59.94,14,2005,58000,0,2026,8,24
송파구,거여동,송파레이크파크호반써밋Ⅰ,108.8119,3,2022,105000,0,2026,8,22
송파구,문정동,힐스테이트e편한세상문정,74.95,2,2024,63000,0,2026,8,22
송파구,문정동,파크하비오,84.9648,3,2016,98000,0,2026,8,22
송파구,신천동,한신잠실코아,41.99,13,1988,43000,0,2026,8,22
송파구,잠실동,잠실엘스,84.88,20,2008,140000,0,2026,8,22
송파구,잠실동,트리지움,84.95,13,2007,65000,300,2026,8,22
송파구,잠실동,트리지움,84.83,10,2007,120000,0,2026,8,15
송파구,풍납동,잠실올림픽공원아이파크,59.97,27,2019,82950,0,2026,8,22
송파구,문정동,올림픽훼밀리타운,136.325,4,1988,90000,0,2026,8,21
송파구,가락동,헬리오시티,59.96,18,2018,50000,240,2026,8,22
송파구,가락동,헬리오시티,84.99,14,2018,20000,440,2026,8,10
송파구,가락동,헬리오시티,84.99,9,2018,30000,390,2026,8,20
송파구,송파동,래미안송파파인탑,64.66,11,2012,35000,240,2026,8,22
송파구,장지동,송파파인타운10단지,59.96,17,2007,75000,0,2026,8,22
송파구,방이동,대림,125.075,5,1985,85000,0,2026,8,3
송파구,장지동,위례2차아이파크,90.2938,16,2016,93000,0,2026,8,22
송파구,문정동,현대2,84.96,7,1995,60000,20,2026,8,22
송파구,신천동,장미2,71.2,2,1979,70000,0,2026,8,22
송파구,가락동,가락(1차)쌍용아파트,84.69,14,1997,67200,0,2026,8,22
송파구,방이동,코오롱아파트,84.95,11,1991,90000,0,2026,8,21
송파구,잠실동,잠실엘스,59.96,25,2008,99750,0,2026,8,22
송파구,문정동,올림픽훼밀리타운,84.751,7,1988,95000,0,2026,8,22
송파구,오금동,송파레미니스2단지,59.87,13,2018,10808,38,2026,8,24
송파구,거여동,거여3단지,59.673,5,2000,1926,26,2026,8,24
송파구,신천동,파크리오,59.95,1,2008,113000,0,2026,8,22
송파구,잠실동,잠실엘스,84.8,9,2008,120500,0,2026,8,22
송파구,문정동,올림픽훼밀리타운,84.751,14,1988,85000,0,2026,8,22
송파구,가락동,헬리오시티,84.97,10,2018,80000,220,2026,8,22
송파구,가락동,헬리오시티,84.97,14,2018,120000,0,2026,8,22
송파구,가락동,헬리오시티,39.86,11,2018,83000,0,2026,8,22
송파구,잠실동,레이크팰리스,59.97,22,2006,88000,0,2026,8,22
송파구,마천동,우방아파트,55.32,4,2002,37800,0,2026,8,12
송파구,잠실동,우성아파트,80.35,12,1981,57750,0,2026,8,20
송파구,가락동,송파동부쎈트레빌,84.98,11,2004,80000,70,2026,8,22
송파구,송파동,송파센텀레이크,71.2734,1,2024,91000,0,2026,8,22
송파구,장지동,위례24단지(꿈에그린),51.77,4,2013,55125,0,2026,8,22
송파구,거여동,송파레이크파크호반써밋Ⅰ,108.8119,15,2022,80000,100,2026,8,22
송파구,풍납동,현대1,83.02,14,1995,60000,0,2026,8,22
송파구,가락동,헬리오시티,84.96,11,2018,110250,0,2026,8,22
송파구,마천동,송파파크데일1단지,84.86,11,2011,52500,0,2026,8,22
송파구,송파동,잠실더샵루벤,106.8873,5,2025,118000,0,2026,8,22
송파구,잠실동,리센츠,27.68,33,2008,5000,260,2026,8,11
송파구,잠실동,주공아파트 5단지,76.5,3,1978,10000,220,2026,8,21
송파구,거여동,e편한세상송파파크센트럴,59.69,4,2021,8081,11,2026,8,21
송파구,장지동,송파더센트레,51.77,13,2013,63000,0,2026,8,21
송파구,잠실동,잠실엘스,59.96,8,2008,55000,220,2026,8,13
송파구,오금동,현대백조,84.92,4,1997,76000,0,2026,8,21
송파구,가락동,가락금호아파트,59.91,3,1997,64000,0,2026,8,18
송파구,잠실동,레이크팰리스,116.19,21,2006,50000,380,2026,8,21
송파구,신천동,파크리오,121.63,30,2008,20000,490,2026,8,21
송파구,오금동,송파레미니스2단지,59.87,6,2018,10808,16,2026,8,21
송파구,장지동,송파파인타운12단지,84.9,11,2011,75600,0,2026,8,20
송파구,거여동,송파시그니처롯데캐슬,39.9,6,2021,10930,52,2026,8,21
송파구,잠실동,리센츠,124.22,29,2008,84000,379,2026,8,21
송파구,가락동,가락(1차)쌍용아파트,84.69,11,1997,58000,100,2026,8,20
송파구,거여동,거여1단지,59.73,4,1997,49700,0,2026,8,11
송파구,오금동,송파레미니스2단지,59.85,11,2018,12184,24,2026,8,21
송파구,방이동,올림픽선수기자촌2단지,100.82,8,1988,83500,40,2026,8,1
송파구,오금동,송파레미니스2단지,59.87,20,2018,10808,38,2026,8,18
송파구,문정동,힐스테이트e편한세상문정,59.87,14,2024,60900,0,2026,8,19
송파구,가락동,한화오벨리스크,30.25,21,2004,1000,85,2026,8,10
송파구,거여동,거여1단지,59.73,7,1997,60000,0,2026,8,21
송파구,마천동,삼익1,57.42,17,1996,50000,0,2026,8,21
송파구,오금동,송파레미니스2단지,39.67,12,2018,6148,10,2026,8,21
송파구,장지동,위례포레샤인23단지,59.66,9,2017,38587,0,2026,8,21
송파구,풍납동,한강극동,114.76,12,1995,68250,0,2026,8,12
송파구,잠실동,트리지움,84.95,3,2007,10000,480,2026,8,21
송파구,잠실동,갤러리아팰리스,137.036,27,2005,170000,0,2026,8,6
송파구,문정동,문정시영,35.46,13,1989,16800,0,2026,8,21
송파구,송파동,2차한양아파트,126.9,12,1984,80000,0,2026,8,17
송파구,오금동,송파레미니스2단지,39.67,7,2018,6148,10,2026,8,18
송파구,장지동,위례24단지(꿈에그린),51.77,12,2013,63000,0,2026,8,21
송파구,거여동,송파시그니처롯데캐슬,59.98,29,2021,65000,75,2026,8,21
송파구,거여동,송파시그니처롯데캐슬,39.9,7,2021,15429,38,2026,8,20
송파구,문정동,힐스테이트e편한세상문정,59.94,15,2024,20000,250,2026,8,12
송파구,거여동,거여1단지,39.6,8,1997,2000,87,2026,8,21
송파구,가락동,헬리오시티,39.12,16,2018,84000,0,2026,8,19
송파구,거여동,송파레이크파크호반써밋Ⅱ,108.8119,18,2022,100000,0,2026,8,20
송파구,오금동,송파레미니스2단지,39.67,25,2018,6148,10,2026,8,20
송파구,오금동,송파레미니스2단지,59.85,18,2018,8946,27,2026,8,20
송파구,오금동,송파레미니스2단지,49.55,5,2018,6640,25,2026,8,19
송파구,장지동,위례2차아이파크,108.1387,9,2016,105000,0,2026,8,1
송파구,오금동,송파레미니스2단지,49.55,14,2018,7715,19,2026,8,20
송파구,오금동,송파레미니스2단지,49.55,17,2018,8800,13,2026,8,20
송파구,오금동,송파레미니스2단지,49.55,24,2018,4091,34,2026,8,19
송파구,오금동,송파레미니스2단지,59.85,5,2018,10808,16,2026,8,19
송파구,오금동,송파레미니스2단지,39.67,17,2018,6148,10,2026,8,19
송파구,오금동,송파레미니스2단지,49.55,7,2018,8800,13,2026,8,19
송파구,오금동,송파레미니스2단지,59.85,16,2018,11004,15,2026,8,19
송파구,오금동,송파레미니스2단지,39.67,5,2018,6148,10,2026,8,20
송파구,오금동,송파레미니스2단지,39.67,17,2018,6148,10,2026,8,21
송파구,오금동,송파레미니스2단지,49.55,25,2018,3991,35,2026,8,20
송파구,오금동,송파레미니스2단지,59.85,17,2018,10808,16,2026,8,20
송파구,오금동,송파레미니스,59.87,11,2017,42042,0,2026,8,20
송파구,잠실동,잠실엘스,84.8,14,2008,125500,0,2026,8,14
송파구,문정동,힐스테이트e편한세상문정,59.94,18,2024,10000,270,2026,8,16
송파구,신천동,장미2,71.2,6,1979,10000,233,2026,8,17
송파구,장지동,송파파인타운5단지,49.93,14,2008,4538,29,2026,8,21
송파구,오금동,송파레미니스2단지,59.87,19,2018,10808,16,2026,8,21
송파구,문정동,성해,75.83,3,2003,55000,60,2026,8,21
송파구,장지동,송파파인타운10단지,59.96,15,2007,18469,0,2026,8,20
송파구,가락동,우성,58.46,11,1986,50400,0,2026,8,21
송파구,잠실동,잠실엘스,84.8,21,2008,133000,0,2026,8,21
송파구,오금동,송파레미니스2단지,39.67,10,2018,6148,10,2026,8,19
송파구,방이동,대림,125.075,4,1985,66000,80,2026,8,20
송파구,잠실동,리센츠,84.99,17,2008,163000,0,2026,8,20
송파구,방이동,코오롱아파트,84.95,2,1991,40000,113,2026,8,11
송파구,잠실동,잠실엘스,84.88,6,2008,135000,0,2026,8,20
송파구,방이동,신구블레스밸리,115.17,12,2004,90000,80,2026,8,17
송파구,문정동,힐스테이트e편한세상문정,59.94,16,2024,61000,90,2026,8,20
송파구,신천동,롯데캐슬골드,148.15,21,2005,150000,0,2026,8,19
송파구,잠실동,레이크팰리스,116.19,4,2006,125500,0,2026,8,17
송파구,방이동,코오롱아파트,84.95,6,1991,60000,80,2026,8,20
송파구,장지동,송파파인타운1단지,84.94,8,2010,51870,0,2026,8,20
송파구,거여동,송파시그니처롯데캐슬,39.9,5,2021,16240,40,2026,8,20
송파구,풍납동,씨티극동1,84.22,17,1998,48000,17,2026,8,20
송파구,풍납동,토성현대,49.14,6,1986,10000,68,2026,8,6
송파구,장지동,힐스테이트송파위례,101.8,18,2016,94000,30,2026,8,20
송파구,잠실동,리센츠,84.99,16,2008,120000,50,2026,8,20
송파구,잠실동,잠실엘스,84.8,13,2008,20000,420,2026,8,20
송파구,석촌동,석촌,96.35,2,2002,60000,0,2026,8,20
송파구,문정동,올림픽훼밀리타운,84.705,11,1988,50000,160,2026,8,8
송파구,잠실동,리센츠,84.99,4,2008,120750,0,2026,8,20
송파구,오금동,송파레미니스2단지,49.55,12,2018,5591,31,2026,8,20
송파구,가락동,래미안파크팰리스,59.968,4,2007,48000,130,2026,8,16
송파구,문정동,올림픽훼밀리타운,117.585,15,1988,88200,0,2026,8,13
송파구,방이동,올림픽선수기자촌3단지,100.31,7,1988,50000,200,2026,8,20
송파구,오금동,송파레미니스2단지,49.31,2,2018,8800,13,2026,8,20
송파구,가락동,현대(60동),82.16,4,1991,55500,0,2026,8,20
송파구,송파동,송파센텀레이크,74.9683,7,2024,82000,16,2026,8,18
송파구,잠실동,레이크팰리스,59.97,25,2006,110000,0,2026,8,17
송파구,신천동,장미1,82.45,12,1979,63000,0,2026,8,15
송파구,거여동,송파시그니처롯데캐슬,39.9,2,2021,21990,59,2026,8,20
송파구,문정동,문정시영,39.69,5,1989,30000,0,2026,8,15
송파구,가락동,"가락3차쌍용스윗닷홈101동,102동",84.82,3,2005,73500,0,2026,8,19
송파구,장지동,위례24단지(꿈에그린),51.82,14,2013,55650,0,2026,8,19
송파구,장지동,송파와이즈더샵,96.7562,14,2016,30000,257,2026,8,14
송파구,거여동,송파시그니처롯데캐슬,39.9,3,2021,16240,40,2026,8,19
송파구,가락동,헬리오시티,84.96,6,2018,135000,0,2026,8,19
송파구,가락동,헬리오시티,110.66,4,2018,140000,70,2026,8,19
송파구,오금동,송파레미니스2단지,39.67,8,2018,3720,24,2026,8,19
송파구,잠실동,트리지움,59.88,18,2007,120000,0,2026,8,19
송파구,오금동,송파레미니스2단지,59.85,11,2018,6883,38,2026,8,19
송파구,장지동,위례포레샤인23단지,74.95,8,2017,54366,0,2026,8,19
송파구,가락동,헬리오시티,110.66,4,2018,165000,0,2026,8,19
송파구,거여동,거여2단지효성아파트,134.88,1,1997,66000,0,2026,8,19
송파구,잠실동,주공아파트 5단지,76.5,7,1978,5000,220,2026,8,19
송파구,장지동,송파파인타운6단지,84.94,11,2008,51870,0,2026,8,19
송파구,풍납동,드림스페이스II,19.67,3,2014,1000,78,2026,8,14
송파구,잠실동,리센츠,84.99,27,2008,40000,450,2026,8,17
송파구,가락동,대림,69.74,10,1988,47250,0,2026,8,19
송파구,오금동,송파레미니스2단지,59.87,13,2018,10808,16,2026,8,18
송파구,오금동,송파레미니스2단지,49.55,23,2018,8800,13,2026,8,19
송파구,오금동,송파레미니스2단지,49.55,17,2018,8800,13,2026,8,18
송파구,오금동,송파레미니스2단지,59.85,6,2018,10808,16,2026,8,18
송파구,오금동,송파레미니스2단지,59.87,21,2018,10808,16,2026,8,19
송파구,오금동,송파레미니스2단지,59.87,20,2018,10808,16,2026,8,19
송파구,오금동,송파레미니스2단지,39.67,10,2018,6148,10,2026,8,18
송파구,오금동,송파레미니스2단지,49.55,17,2018,8800,13,2026,8,18
송파구,오금동,송파레미니스2단지,39.67,13,2018,6148,10,2026,8,18
송파구,오금동,송파레미니스2단지,59.85,3,2018,10808,16,2026,8,18
송파구,오금동,송파레미니스2단지,59.87,22,2018,10808,16,2026,8,18
송파구,오금동,송파레미니스2단지,49.31,2,2018,8959,13,2026,8,19
송파구,오금동,송파레미니스2단지,59.85,14,2018,10808,16,2026,8,18
송파구,오금동,송파레미니스2단지,59.85,15,2018,11496,20,2026,8,19
송파구,신천동,파크리오,144.77,22,2008,141000,0,2026,8,8
송파구,오금동,송파레미니스2단지,59.85,10,2018,10808,16,2026,8,18
송파구,오금동,송파레미니스2단지,39.67,21,2018,6148,10,2026,8,18
송파구,오금동,송파레미니스2단지,49.55,3,2018,8800,13,2026,8,18
송파구,오금동,송파레미니스2단지,59.85,17,2018,10808,16,2026,8,18
송파구,오금동,송파레미니스2단지,59.85,19,2018,10808,16,2026,8,18
송파구,오금동,송파레미니스2단지,49.55,5,2018,8800,13,2026,8,19
송파구,신천동,잠실푸르지오월드마크,112.25,10,2013,131200,0,2026,8,19
송파구,가락동,헬리오시티,59.96,10,2018,115000,0,2026,8,15
송파구,거여동,위례포레샤인18단지,84.73,18,2020,51082,0,2026,8,19
송파구,잠실동,잠실엘스,119.93,19,2008,120000,280,2026,8,19
송파구,장지동,위례포레샤인23단지,74.95,9,2017,54366,0,2026,8,19
송파구,오금동,송파레미니스2단지,39.67,7,2018,6148,10,2026,8,18
송파구,오금동,상아2차아파트,60,12,1988,50000,0,2026,8,18
송파구,문정동,힐스테이트e편한세상문정,59.94,5,2024,60000,100,2026,8,19
송파구,거여동,위례포레샤인18단지,84.73,3,2020,51948,0,2026,8,19
송파구,거여동,위례포레샤인18단지,84.73,22,2020,51948,0,2026,8,19
송파구,잠실동,트리지움,59.88,18,2007,73500,32,2026,8,19
송파구,오금동,송파레미니스2단지,59.85,12,2018,6883,38,2026,8,19
송파구,잠실동,잠실엘스,84.8,21,2008,158000,0,2026,8,7
송파구,잠실동,리센츠,59.99,16,2008,102000,60,2026,8,17
송파구,문정동,건영1,84.39,1,1996,50000,0,2026,8,15
송파구,장지동,위례24단지(꿈에그린),59.63,20,2013,64000,0,2026,8,8
송파구,신천동,장미1,71.2,2,1979,25000,190,2026,8,19
송파구,문정동,문정래미안,150.58,17,2004,99700,0,2026,8,19
송파구,거여동,송파시그니처롯데캐슬,39.9,4,2021,15429,38,2026,8,19
송파구,오금동,송파레미니스2단지,59.85,22,2018,6008,40,2026,8,18
송파구,오금동,송파레미니스2단지,59.87,3,2018,10808,16,2026,8,18
송파구,오금동,송파레미니스2단지,49.55,25,2018,8162,17,2026,8,18
송파구,오금동,송파레미니스2단지,39.67,6,2018,6148,10,2026,8,19
송파구,신천동,파크리오,84.79,36,2008,50000,220,2026,8,19
송파구,문정동,올림픽훼밀리타운,117.585,2,1988,90000,0,2026,8,8
송파구,잠실동,레이크팰리스,116.19,8,2006,158000,0,2026,8,8
송파구,오금동,송파레미니스2단지,49.55,21,2018,8800,13,2026,8,18
송파구,거여동,위례포레샤인18단지,84.73,9,2020,51948,0,2026,8,19
송파구,장지동,송파파인타운6단지,84.94,11,2008,51870,0,2026,8,19
송파구,장지동,위례포레샤인23단지,74.95,11,2017,54366,0,2026,8,19
송파구,잠실동,트리지움,59.88,22,2007,120000,0,2026,8,18
송파구,송파동,래미안송파파인탑,64.66,9,2012,61000,0,2026,8,1
송파구,송파동,2차한양아파트,108.68,7,1984,75000,10,2026,8,18
송파구,오금동,송파레미니스2단지,59.85,18,2018,10808,16,2026,8,19
송파구,오금동,송파레미니스2단지,49.31,1,2018,8800,13,2026,8,18
송파구,풍납동,극동,79.945,11,1987,25000,120,2026,8,1
송파구,문정동,올림픽훼밀리타운,84.705,8,1988,55000,160,2026,8,18
송파구,신천동,파크리오,84.79,6,2008,120000,0,2026,8,17
송파구,거여동,포레나송파,70.95,8,2021,79000,0,2026,8,18
송파구,잠실동,리센츠,84.99,21,2008,130000,80,2026,8,18
송파구,마천동,송파파크데일2단지,49.6,3,2011,4636,33,2026,8,19
송파구,가락동,헬리오시티,39.12,14,2018,73500,0,2026,8,1
송파구,마천동,송파파크데일1단지,59.91,3,2011,5365,36,2026,8,19
송파구,문정동,파크하비오,84.9648,10,2016,93400,0,2026,8,12
송파구,잠실동,잠실엘스,59.96,6,2008,60000,200,2026,8,12
송파구,거여동,거여5단지,59.74,3,1997,25000,40,2026,8,19
송파구,가락동,헬리오시티,59.96,10,2018,115000,0,2026,8,18
송파구,신천동,파크리오,84.79,5,2008,105000,0,2026,8,11
송파구,송파동,레이크해모로,84.91,12,2005,78000,0,2026,8,6
송파구,방이동,코오롱아파트,84.95,2,1991,63000,0,2026,8,13
송파구,오금동,송파레미니스2단지,39.67,18,2018,5439,14,2026,8,18
송파구,문정동,힐스테이트e편한세상문정,74.43,14,2024,90000,0,2026,8,18
송파구,방이동,올림픽카운티,38.22,6,2003,28500,0,2026,8,15
송파구,잠실동,잠실엘스,84.88,4,2008,120000,80,2026,8,17
송파구,거여동,거여2단지효성아파트,134.88,10,1997,50000,170,2026,8,15
송파구,거여동,e편한세상송파파크센트럴,84.96,14,2021,90000,0,2026,8,12
송파구,오금동,송파레미니스2단지,39.67,18,2018,5104,16,2026,8,18
송파구,장지동,송파파인타운10단지,49.93,11,2007,4076,30,2026,8,18
송파구,잠실동,레이크팰리스,84.82,3,2006,130000,0,2026,8,18
송파구,방이동,현대주상복합,30.8,4,1998,5000,70,2026,8,18
송파구,잠실동,잠실엘스,59.96,15,2008,30000,280,2026,8,8
송파구,신천동,한신잠실코아,52.51,5,1988,24700,60,2026,8,12
송파구,장지동,위례포레샤인23단지,49.48,7,2017,9566,13,2026,8,18
송파구,풍납동,송파현대힐스테이트,84.99,5,2006,40000,120,2026,8,4
송파구,오금동,송파레미니스2단지,59.85,22,2018,10808,16,2026,8,18
송파구,거여동,거여4단지,59.73,9,1997,45000,0,2026,8,15
송파구,장지동,위례24단지(꿈에그린),51.77,4,2013,5000,179,2026,8,15
송파구,장지동,위례포레샤인23단지,39.93,4,2017,1640,30,2026,8,18
송파구,오금동,송파레미니스2단지,59.87,16,2018,12184,24,2026,8,18
송파구,오금동,송파레미니스2단지,59.87,10,2018,10808,16,2026,8,18
송파구,오금동,송파레미니스2단지,59.85,20,2018,10808,16,2026,8,18
송파구,오금동,송파레미니스2단지,39.67,15,2018,3720,24,2026,8,18
송파구,오금동,송파레미니스2단지,59.85,23,2018,2949,47,2026,8,18
송파구,오금동,송파레미니스2단지,39.67,12,2018,6148,10,2026,8,18
송파구,잠실동,잠실엘스,59.96,17,2008,70000,155,2026,8,17
송파구,가락동,가락(1차)쌍용아파트,59.92,10,1997,45000,0,2026,8,14
송파구,장지동,송파와이즈더샵,97.2157,12,2016,100000,0,2026,8,15
송파구,오금동,송파레미니스2단지,59.87,14,2018,6883,38,2026,8,18
송파구,오금동,송파레미니스2단지,59.87,13,2018,10808,16,2026,8,18
송파구,신천동,파크리오,84.9,1,2008,102900,0,2026,8,10
송파구,오금동,송파레미니스2단지,49.31,2,2018,5591,31,2026,8,18
송파구,오금동,송파레미니스2단지,59.87,12,2018,10808,16,2026,8,18
송파구,잠실동,리센츠,84.99,23,2008,125000,0,2026,8,17
송파구,가락동,헬리오시티,84.98,12,2018,110000,0,2026,8,1
송파구,문정동,문정시영,46.26,3,1989,30000,0,2026,8,18
송파구,오금동,송파레미니스2단지,49.55,9,2018,8800,13,2026,8,18
송파구,오금동,송파레미니스2단지,49.55,22,2018,8800,13,2026,8,18
송파구,오금동,송파레미니스2단지,59.87,18,2018,10808,16,2026,8,18
송파구,오금동,송파레미니스2단지,59.87,3,2018,10808,16,2026,8,18
송파구,오금동,송파레미니스2단지,39.67,22,2018,6148,10,2026,8,18
송파구,장지동,송파더센트레,51.77,2,2013,45000,70,2026,8,15
송파구,오금동,송파레미니스2단지,49.55,9,2018,8800,13,2026,8,18
송파구,오금동,송파레미니스2단지,39.67,3,2018,6148,10,2026,8,18
송파구,오금동,송파레미니스2단지,59.85,8,2018,10808,16,2026,8,18
송파구,오금동,송파레미니스2단지,49.55,5,2018,8800,13,2026,8,18
송파구,오금동,송파레미니스2단지,39.67,6,2018,6148,10,2026,8,18
송파구,오금동,송파레미니스2단지,59.85,16,2018,11496,20,2026,8,18
송파구,신천동,장미2,82.45,1,1979,50000,88,2026,8,17
송파구,오금동,송파레미니스2단지,39.67,14,2018,6148,10,2026,8,18
송파구,거여동,e편한세상송파파크센트럴,59.93,13,2021,85000,0,2026,8,14
송파구,거여동,송파시그니처롯데캐슬,84.98,20,2021,80000,90,2026,8,15
송파구,잠실동,NS파인트리,19.7,15,2021,1000,120,2026,8,11
송파구,거여동,송파시그니처롯데캐슬,84.98,11,2021,2000,85,2026,8,13
송파구,오금동,송파레미니스2단지,49.55,22,2018,5591,31,2026,8,18
송파구,오금동,송파레미니스2단지,59.85,10,2018,10808,16,2026,8,18
송파구,오금동,송파레미니스2단지,49.55,5,2018,8800,13,2026,8,18
송파구,오금동,송파레미니스2단지,59.85,9,2018,10808,16,2026,8,18
송파구,오금동,송파레미니스2단지,49.55,15,2018,8252,16,2026,8,18
송파구,오금동,송파레미니스2단지,49.55,7,2018,8800,13,2026,8,18
송파구,거여동,송파레이크힐,74.9,5,2021,40000,200,2026,8,17
송파구,오금동,송파레미니스2단지,59.85,9,2018,11004,15,2026,8,18
송파구,오금동,송파레미니스2단지,59.87,19,2018,10808,16,2026,8,18
송파구,장지동,위례포레샤인23단지,59.97,14,2017,38587,0,2026,8,18
송파구,가락동,헬리오시티,59.96,12,2018,20000,340,2026,8,7
송파구,오금동,송파레미니스2단지,39.67,4,2018,6148,10,2026,8,18
송파구,오금동,송파레미니스2단지,39.67,10,2018,6148,10,2026,8,18
송파구,잠실동,아시아선수촌아파트,151.008,11,1986,170000,0,2026,8,18
송파구,오금동,송파레미니스2단지,39.67,8,2018,6148,10,2026,8,18
송파구,오금동,송파레미니스2단지,59.85,20,2018,10808,16,2026,8,18
송파구,오금동,송파레미니스2단지,39.67,8,2018,6148,10,2026,8,18
송파구,잠실동,주공아파트 5단지,76.5,8,1978,25000,90,2026,8,18
송파구,오금동,송파레미니스2단지,39.67,12,2018,6148,10,2026,8,18
송파구,오금동,송파레미니스2단지,39.67,4,2018,6148,10,2026,8,18
송파구,문정동,힐스테이트e편한세상문정,59.94,7,2024,20000,182,2026,8,15
송파구,거여동,e편한세상송파파크센트럴,84.96,13,2021,92000,0,2026,8,2
송파구,잠실동,우성아파트,96.65,7,1981,52500,53,2026,8,14
송파구,신천동,장미1,82.45,2,1979,25000,200,2026,8,3
송파구,신천동,파크리오,84.79,3,2008,32000,350,2026,8,17
송파구,신천동,파크리오,84.79,10,2008,20000,298,2026,8,13
송파구,문정동,힐스테이트e편한세상문정,49.4,17,2024,75000,0,2026,8,17
송파구,오금동,송파레미니스2단지,59.85,8,2018,10808,16,2026,8,18
송파구,오금동,송파레미니스2단지,49.55,11,2018,8800,13,2026,8,18
송파구,오금동,송파레미니스2단지,49.55,9,2018,8800,13,2026,8,18
송파구,문정동,올림픽훼밀리타운,158.705,3,1988,110000,0,2026,8,8
송파구,오금동,송파레미니스2단지,39.67,7,2018,6148,10,2026,8,18
송파구,오금동,송파레미니스2단지,59.95,1,2018,6883,38,2026,8,18
송파구,오금동,송파레미니스2단지,39.47,2,2018,6270,9,2026,8,18
송파구,오금동,송파레미니스2단지,39.67,16,2018,6148,10,2026,8,18
송파구,잠실동,잠실엘스,84.8,9,2008,10000,460,2026,8,14
송파구,신천동,장미1,99,9,1979,83000,0,2026,8,5
송파구,오금동,송파레미니스2단지,49.55,11,2018,8800,13,2026,8,18
송파구,오금동,송파레미니스2단지,59.95,2,2018,10808,16,2026,8,18
송파구,오금동,송파레미니스2단지,39.67,16,2018,6148,10,2026,8,18
송파구,오금동,송파레미니스2단지,39.67,11,2018,3720,24,2026,8,18
송파구,오금동,송파레미니스2단지,59.87,5,2018,10808,16,2026,8,18
송파구,문정동,힐스테이트e편한세상문정,59.87,7,2024,30000,180,2026,8,18
송파구,오금동,송파레미니스2단지,39.67,11,2018,3720,24,2026,8,18
송파구,거여동,e편한세상송파파크센트럴,113.63,7,2021,94500,0,2026,8,15
송파구,오금동,송파레미니스2단지,49.31,1,2018,5591,31,2026,8,18
송파구,장지동,송파파인타운10단지,59.96,13,2007,74000,0,2026,8,17
송파구,잠실동,우성아파트,96.65,9,1981,64000,0,2026,8,14
송파구,오금동,송파레미니스2단지,39.67,22,2018,6148,10,2026,8,18
송파구,오금동,송파레미니스2단지,39.67,12,2018,6148,10,2026,8,18
송파구,오금동,송파레미니스2단지,39.67,12,2018,6148,10,2026,8,18
송파구,오금동,송파레미니스2단지,59.85,7,2018,10808,16,2026,8,18
송파구,가락동,헬리오시티,84.99,7,2018,110000,100,2026,8,15
송파구,오금동,송파레미니스2단지,59.85,3,2018,10808,16,2026,8,18
송파구,가락동,헬리오시티,99.6,4,2018,160000,0,2026,8,14
송파구,장지동,송파파인타운5단지,84.93,18,2008,78750,0,2026,8,15
송파구,장지동,송파파인타운6단지,84.98,4,2008,64000,0,2026,8,8
송파구,오금동,송파레미니스2단지,49.55,22,2018,5591,31,2026,8,18
송파구,송파동,한양아파트,64.26,2,1983,55000,0,2026,8,15
송파구,장지동,송파파인타운10단지,59.95,4,2007,15000,220,2026,8,12
송파구,오금동,송파레미니스2단지,59.85,4,2018,10808,16,2026,8,18
송파구,오금동,송파레미니스2단지,59.85,21,2018,13561,32,2026,8,18
송파구,거여동,송파위례리슈빌,118.0349,1,2021,105000,63,2026,8,17
송파구,오금동,송파레미니스2단지,49.55,11,2018,7731,19,2026,8,18
송파구,오금동,송파레미니스2단지,59.95,1,2018,12184,24,2026,8,18
송파구,오금동,송파레미니스2단지,49.55,6,2018,5591,31,2026,8,18
송파구,잠실동,리센츠,84.99,4,2008,15000,412,2026,8,18
송파구,오금동,송파레미니스2단지,39.67,21,2018,3720,24,2026,8,18
송파구,거여동,거여5단지,59.74,10,1997,50000,0,2026,8,11
송파구,방이동,코오롱아파트,84.95,2,1991,63000,0,2026,8,13
송파구,잠실동,리센츠,98.55,19,2008,175000,0,2026,8,8
송파구,가락동,우성,43.79,15,1986,45000,0,2026,8,8
송파구,장지동,힐스테이트송파위례,101.8,27,2016,91350,0,2026,8,17
송파구,거여동,포레나송파,84.6,12,2021,87000,0,2026,8,16
송파구,잠실동,리센츠,84.99,15,2008,103000,160,2026,8,14
송파구,거여동,송파레이크파크호반써밋Ⅱ,108.8119,10,2022,110000,0,2026,8,15
송파구,장지동,송파와이즈더샵,96.9906,5,2016,95000,0,2026,8,17
송파구,오금동,송파레미니스2단지,39.67,20,2018,6148,10,2026,8,18
송파구,풍납동,잠실올림픽공원아이파크,84.98,25,2019,123000,0,2026,8,13
송파구,장지동,송파더센트레,59.85,21,2013,75000,0,2026,8,12
송파구,장지동,힐스테이트송파위례,101.8,14,2016,75000,130,2026,8,15
송파구,송파동,한양아파트,64.26,6,1983,5000,140,2026,8,17
송파구,신천동,한신잠실코아,52.51,15,1988,55000,0,2026,8,8
송파구,방이동,대림,84.915,13,1985,50000,85,2026,8,15
송파구,신천동,장미2,82.45,1,1979,75000,0,2026,8,15
송파구,장지동,송파파인타운5단지,84.93,18,2008,73500,0,2026,8,14
송파구,잠실동,잠실엘스,59.96,11,2008,97000,0,2026,8,1
송파구,거여동,e편한세상송파파크센트럴,59.69,14,2021,8081,11,2026,8,14
송파구,장지동,위례24단지(꿈에그린),59.63,12,2013,20000,182,2026,8,13
송파구,장지동,위례신도시송파푸르지오,106.841,12,2015,100000,0,2026,8,14
송파구,송파동,한양아파트,119.68,2,1983,85000,0,2026,8,14
송파구,신천동,파크리오,59.95,25,2008,100000,0,2026,8,14
송파구,잠실동,잠실엘스,84.8,24,2008,70000,240,2026,8,8
송파구,가락동,가락금호아파트,85,9,1997,69400,0,2026,8,14
송파구,신천동,파크리오,84.79,2,2008,10000,395,2026,8,13
송파구,문정동,문정시영,46.26,2,1989,31000,0,2026,8,14
송파구,가락동,우성,43.79,12,1986,5000,140,2026,8,14
송파구,장지동,송파파인타운8단지,39.99,11,2008,5271,10,2026,8,14
송파구,마천동,우방아파트,79.07,3,2002,49500,0,2026,8,14
송파구,풍납동,현대1,83.02,10,1995,80000,0,2026,8,8
송파구,잠실동,아시아선수촌아파트,151.008,8,1986,80000,309,2026,8,12
송파구,잠실동,잠실엘스,84.8,6,2008,40000,360,2026,8,8
송파구,잠실동,리센츠,84.99,26,2008,110000,80,2026,8,14
송파구,잠실동,트리지움,59.88,3,2007,94200,0,2026,8,14
송파구,방이동,코오롱아파트,84.95,13,1991,59516,0,2026,8,14
송파구,방이동,주함위너스Ⅱ,77.88,7,2004,50000,30,2026,8,14
송파구,송파동,래미안송파파인탑,64.66,17,2012,77000,0,2026,8,14
송파구,문정동,힐스테이트e편한세상문정,84.98,4,2024,78750,0,2026,8,14
송파구,잠실동,주공아파트 5단지,82.51,2,1978,60000,0,2026,8,14
송파구,잠실동,주공아파트 5단지,76.5,13,1978,63000,0,2026,8,7
송파구,거여동,현대2차,82.96,2,1992,45000,0,2026,8,8
송파구,거여동,송파시그니처롯데캐슬,39.9,4,2021,16240,40,2026,8,13
송파구,잠실동,현대,84.68,15,1990,50000,230,2026,8,1
송파구,문정동,힐스테이트e편한세상문정,74.95,13,2024,68250,0,2026,8,13
송파구,잠실동,레이크팰리스,116.19,26,2006,147000,0,2026,8,1
송파구,장지동,송파더센트레,51.82,14,2013,50000,50,2026,8,13
송파구,방이동,올림픽선수기자촌1단지,121.23,3,1988,120000,0,2026,8,13
송파구,문정동,올림픽훼밀리타운,84.751,5,1988,40000,200,2026,8,14
송파구,가락동,극동,59.4,1,1984,40000,0,2026,8,8
송파구,마천동,우방아파트,55.32,4,2002,37800,0,2026,8,12
송파구,가락동,헬리오시티,110.44,9,2018,165000,0,2026,8,12
송파구,신천동,파크리오,84.79,23,2008,105000,20,2026,8,13
송파구,잠실동,레이크팰리스,59.97,20,2006,108000,0,2026,8,13
송파구,풍납동,현대1,84,10,1995,10000,201,2026,8,11
송파구,가락동,헬리오시티,84.99,26,2018,108150,0,2026,8,13
송파구,잠실동,잠실엘스,59.96,10,2008,115000,0,2026,8,13
송파구,장지동,위례포레샤인23단지,74.82,7,2017,45937,0,2026,8,13
송파구,장지동,위례포레샤인23단지,74.95,3,2017,45937,0,2026,8,13
송파구,송파동,한양아파트,64.26,5,1983,55000,0,2026,8,13
송파구,문정동,올림픽훼밀리타운,84.751,5,1988,49600,20,2026,8,6
송파구,잠실동,잠실엘스,59.96,16,2008,84500,0,2026,8,12
송파구,송파동,미성맨션,116.94,7,1985,71400,0,2026,8,12
송파구,송파동,노보빌아파트,206.5,8,2000,110000,0,2026,8,13
송파구,장지동,위례24단지(꿈에그린),59.66,14,2013,68000,0,2026,8,13
송파구,신천동,한신잠실코아,59.85,7,1988,61000,0,2026,8,12
송파구,가락동,헬리오시티,49.21,27,2018,80800,0,2026,8,1
송파구,가락동,대림,84.11,11,1988,35000,150,2026,8,13
송파구,가락동,우성,43.79,2,1986,39900,0,2026,8,13
송파구,문정동,힐스테이트e편한세상문정,74.95,6,2024,71400,0,2026,8,3
송파구,가락동,헬리오시티,84.99,10,2018,50000,325,2026,8,13
송파구,잠실동,잠실엘스,59.96,9,2008,100000,0,2026,8,11
송파구,신천동,파크리오,59.95,10,2008,110000,0,2026,8,13
송파구,오금동,상아2차아파트,84.98,4,1988,20000,240,2026,8,13
송파구,장지동,송파파인타운6단지,84.98,16,2008,95600,0,2026,8,13
송파구,거여동,e편한세상송파파크센트럴,45.07,14,2021,6129,8,2026,8,13
송파구,방이동,올림픽선수기자촌2단지,83.06,4,1988,95000,0,2026,8,13
송파구,가락동,한화오벨리스크,30.25,21,2004,1000,85,2026,8,10
송파구,잠실동,주공아파트 5단지,76.5,9,1978,55000,0,2026,8,13
송파구,풍납동,현대리버빌1지구,43.2,6,1999,48000,0,2026,8,11
송파구,방이동,올림픽선수기자촌3단지,100.31,6,1988,82000,0,2026,8,7
송파구,풍납동,현대리버빌2지구,40.95,2,1999,36000,0,2026,8,11
송파구,장지동,송파더센트레,51.77,6,2013,51000,0,2026,8,12
송파구,잠실동,리센츠,59.99,27,2008,105000,0,2026,8,12
송파구,신천동,파크리오,84.79,21,2008,10000,480,2026,8,8
송파구,가락동,헬리오시티,84.98,12,2018,137000,0,2026,8,11
송파구,거여동,e편한세상송파파크센트럴,45.07,14,2021,6227,8,2026,8,12
송파구,거여동,e편한세상송파파크센트럴,45.07,12,2021,6129,8,2026,8,12
송파구,오금동,상아2차아파트,60,12,1988,51450,0,2026,8,8
송파구,풍납동,잠실올림픽공원아이파크,75.91,12,2019,107000,0,2026,8,12
송파구,신천동,파크리오,84.79,30,2008,5000,400,2026,8,12
송파구,오금동,송파레미니스2단지,59.85,24,2018,10808,16,2026,8,12
송파구,방이동,올림픽선수기자촌3단지,73.14,1,1988,63000,48,2026,8,1
송파구,오금동,우창,132.86,2,1985,55000,130,2026,8,11
송파구,가락동,헬리오시티,84.99,7,2018,80000,160,2026,8,12
송파구,잠실동,잠실엘스,84.88,14,2008,120000,80,2026,8,8
송파구,신천동,파크리오,35.24,17,2008,52500,0,2026,8,11
송파구,가락동,성원상떼빌,99.6,3,2006,55000,85,2026,8,8
송파구,장지동,위례아이파크,87.8869,7,2015,95000,0,2026,8,9
송파구,신천동,잠실더샵스타파크,137.37,13,2008,143000,0,2026,8,12
송파구,오금동,상아2차아파트,50.72,8,1988,36750,0,2026,8,12
송파구,신천동,파크리오,84.79,25,2008,52500,215,2026,8,12
송파구,잠실동,LH서울잠실행복주택,14.99,6,2022,6768,28,2026,8,12
송파구,잠실동,주공아파트 5단지,81.75,10,1978,49300,0,2026,8,11
송파구,풍납동,쌍용,84.86,1,1994,70000,0,2026,8,11
송파구,장지동,위례신도시송파푸르지오,108.119,20,2015,105000,0,2026,8,12
송파구,문정동,힐스테이트e편한세상문정,59.94,7,2024,63000,0,2026,8,7
송파구,잠실동,주공아파트 5단지,76.5,15,1978,29000,50,2026,8,12
송파구,잠실동,잠실엘스,84.8,11,2008,50000,300,2026,8,8
송파구,가락동,래미안파크팰리스,59.968,13,2007,82950,0,2026,8,7
송파구,오금동,송파레미니스2단지,39.67,13,2018,6148,10,2026,8,12
송파구,문정동,힐스테이트e편한세상문정,59.94,11,2024,65100,0,2026,8,11
송파구,신천동,파크리오,84.9,1,2008,102900,0,2026,8,10
송파구,마천동,송파파크데일2단지,49.6,7,2011,1912,37,2026,8,11
송파구,삼전동,현대1,80.01,1,1989,15000,150,2026,8,8
송파구,잠실동,LH서울잠실행복주택,14.99,4,2022,9468,12,2026,8,11
송파구,방이동,올림픽선수기자촌3단지,100.31,11,1988,77000,110,2026,8,10
송파구,거여동,포레나송파,75.6,3,2021,50000,130,2026,8,11
송파구,문정동,힐스테이트e편한세상문정,59.94,7,2024,57750,0,2026,8,11
송파구,잠실동,잠실엘스,84.88,20,2008,120700,0,2026,8,10
송파구,오금동,송파레미니스2단지,59.87,18,2018,11496,20,2026,8,10
송파구,오금동,송파레미니스2단지,84.82,5,2018,95000,0,2026,8,11
송파구,거여동,e편한세상송파파크센트럴,84.96,16,2021,72400,0,2026,8,11
송파구,거여동,e편한세상송파파크센트럴,84.96,26,2021,73500,0,2026,8,5
송파구,가락동,성원상떼빌,117.16,7,2006,95000,0,2026,8,7
송파구,신천동,장미2,82.45,14,1979,30000,195,2026,8,10
송파구,가락동,에스아이팰리스송파포레,29.39,8,2023,1000,180,2026,8,11
송파구,풍납동,미성,63.39,10,1985,56000,0,2026,8,11
송파구,잠실동,잠실엘스,84.8,27,2008,20000,450,2026,8,11
송파구,잠실동,트리지움,84.95,23,2007,87000,70,2026,8,10
송파구,신천동,파크리오,84.79,5,2008,105000,0,2026,8,11
송파구,잠실동,레이크팰리스,116.19,15,2006,85000,340,2026,8,10
송파구,거여동,e편한세상송파파크센트럴,59.69,6,2021,8081,11,2026,8,10
송파구,문정동,올림픽훼밀리타운,84.705,1,1988,70000,0,2026,8,10
송파구,마천동,아남,70.42,2,1992,6500,9,2026,8,11
송파구,잠실동,리센츠,124.22,29,2008,145000,210,2026,8,11
송파구,잠실동,잠실엘스,84.8,19,2008,40000,355,2026,8,11
송파구,잠실동,리센츠,84.99,18,2008,153000,0,2026,8,7
송파구,거여동,e편한세상송파파크센트럴,59.69,5,2021,8081,11,2026,8,11
송파구,오금동,송파레미니스2단지,84.82,5,2018,95000,0,2026,8,11
송파구,거여동,e편한세상송파파크센트럴,45.07,15,2021,6129,8,2026,8,10
송파구,장지동,송파더센트레,59.96,7,2013,75000,0,2026,8,10
송파구,문정동,힐스테이트e편한세상문정,49.92,7,2024,10000,240,2026,8,11
송파구,신천동,장미1,71.2,4,1979,60000,60,2026,8,11
송파구,신천동,파크리오,84.9,23,2008,59000,165,2026,8,11
송파구,잠실동,잠실엘스,84.88,11,2008,115000,0,2026,8,10
송파구,가락동,헬리오시티,84.95,19,2018,70000,260,2026,8,10
송파구,신천동,한신잠실코아,52.51,4,1988,10000,100,2026,8,10
송파구,오금동,송파레미니스2단지,49.55,8,2018,2396,39,2026,8,11
송파구,장지동,송파더센트레,59.85,19,2013,66150,0,2026,8,11
송파구,문정동,힐스테이트e편한세상문정,74.95,11,2024,68250,0,2026,8,8
송파구,가락동,헬리오시티,84.98,21,2018,92000,140,2026,8,8
송파구,잠실동,리센츠,84.99,4,2008,155000,0,2026,8,10
송파구,잠실동,리센츠,84.99,16,2008,145000,0,2026,8,8
송파구,오금동,대림,84.91,1,1988,59600,0,2026,8,6
송파구,오금동,송파더플래티넘,52.6,7,2024,45000,100,2026,8,7
송파구,신천동,파크리오,84.79,25,2008,110000,0,2026,8,10
송파구,잠실동,트리지움,59.88,5,2007,99000,0,2026,8,10
송파구,잠실동,리센츠,84.99,3,2008,129150,0,2026,8,8
송파구,가락동,가락금호아파트,85,5,1997,66675,0,2026,8,9
송파구,문정동,건영1,84.39,1,1996,51500,0,2026,8,8
송파구,잠실동,갤러리아팰리스,138.561,19,2005,77000,300,2026,8,10
송파구,문정동,힐스테이트e편한세상문정,59.94,11,2024,63000,0,2026,8,7
송파구,오금동,상아2차아파트,45.77,14,1988,32000,0,2026,8,7
송파구,오금동,상아2차아파트,84.98,7,1988,68000,0,2026,8,6
송파구,거여동,e편한세상송파파크센트럴,45.07,13,2021,6227,8,2026,8,10
송파구,거여동,e편한세상송파파크센트럴,45.07,16,2021,6129,8,2026,8,10
송파구,장지동,위례2차아이파크,90.8877,20,2016,67000,110,2026,8,8
송파구,장지동,힐스테이트송파위례,101.8,16,2016,85500,0,2026,8,8
송파구,거여동,e편한세상송파파크센트럴,45.07,9,2021,6129,8,2026,8,10
송파구,송파동,2차한양아파트,126.9,7,1984,66000,0,2026,8,10
송파구,가락동,래미안파크팰리스,84.936,12,2007,64000,0,2026,8,8
송파구,거여동,e편한세상송파파크센트럴,45.07,10,2021,6122,8,2026,8,10
송파구,거여동,e편한세상송파파크센트럴,59.96,12,2021,85000,0,2026,8,4
송파구,거여동,송파시그니처롯데캐슬,84.98,15,2021,73500,0,2026,8,7
송파구,풍납동,쌍용,84.86,10,1994,80000,0,2026,8,10
송파구,잠실동,주공아파트 5단지,76.5,13,1978,30000,120,2026,8,10
송파구,풍납동,잠실올림픽공원아이파크,75.99,10,2019,107000,0,2026,8,7
송파구,오금동,우창,76.42,10,1985,60000,0,2026,8,9
송파구,장지동,송파파인타운4단지,84.95,8,2008,84000,0,2026,8,8
송파구,문정동,문정래미안,84.96,22,2004,95000,0,2026,8,8
송파구,문정동,힐스테이트e편한세상문정,74.95,10,2024,73500,0,2026,8,4
송파구,신천동,파크리오,84.9,36,2008,120000,0,2026,8,8
송파구,오금동,송파레미니스2단지,39.47,2,2018,3720,24,2026,8,10
송파구,잠실동,리센츠,27.68,29,2008,64000,0,2026,8,8
송파구,장지동,위례신도시송파푸르지오,112.1156,20,2015,94500,0,2026,8,1
송파구,거여동,위례포레샤인18단지,84.73,16,2020,51082,0,2026,8,10
송파구,오금동,송파레미니스,59.85,3,2017,60900,0,2026,8,8
송파구,가락동,현대(5차),54,1,1989,30000,50,2026,8,8
송파구,풍납동,현대리버빌2지구,40.95,5,1999,36000,0,2026,8,8
송파구,가락동,헬리오시티,84.98,17,2018,99700,0,2026,8,8
송파구,잠실동,주공아파트 5단지,76.5,13,1978,48300,0,2026,8,10
송파구,거여동,e편한세상송파파크센트럴,59.69,15,2021,8081,11,2026,8,10
송파구,가락동,헬리오시티,84.99,8,2018,105000,21,2026,8,10
송파구,잠실동,리센츠,27.68,7,2008,56000,11,2026,8,8
송파구,가락동,헬리오시티,84.95,8,2018,50000,260,2026,8,6
송파구,잠실동,주공아파트 5단지,76.5,1,1978,49350,0,2026,8,8
송파구,송파동,래미안송파파인탑,64.66,22,2012,79800,0,2026,8,8
송파구,잠실동,리센츠,124.22,1,2008,170000,0,2026,8,8
송파구,장지동,송파파인타운7단지,84.94,6,2007,71000,70,2026,8,7
송파구,거여동,e편한세상송파파크센트럴,59.94,8,2021,85000,0,2026,8,5
송파구,신천동,파크리오,84.79,2,2008,10000,380,2026,8,7
송파구,신천동,파크리오,59.95,1,2008,30000,140,2026,8,5
송파구,장지동,힐스테이트송파위례,101.95,23,2016,105000,0,2026,8,7
송파구,잠실동,리센츠,84.99,22,2008,85000,200,2026,8,7
송파구,장지동,송파파인타운3단지,84.93,8,2008,70000,70,2026,8,6
송파구,거여동,e편한세상송파파크센트럴,45.07,13,2021,6122,8,2026,8,7
송파구,장지동,위례24단지(꿈에그린),59.63,13,2013,51000,0,2026,8,7
송파구,잠실동,주공아파트 5단지,82.51,8,1978,58000,0,2026,8,7
송파구,가락동,가락금호아파트,59.91,23,1997,5000,240,2026,8,6
송파구,가락동,가락금호아파트,85,5,1997,72450,0,2026,8,6
송파구,방이동,올림픽선수기자촌1단지,83.06,20,1988,70000,0,2026,8,7
송파구,문정동,힐스테이트e편한세상문정,59.94,3,2024,58800,0,2026,8,7
송파구,잠실동,레이크팰리스,116.19,12,2006,150000,0,2026,8,7
송파구,잠실동,잠실엘스,84.97,2,2008,113400,0,2026,8,7
송파구,방이동,올림픽선수기자촌2단지,126.18,3,1988,59390,130,2026,8,7
송파구,잠실동,잠실엘스,84.8,18,2008,80000,170,2026,8,7
송파구,문정동,문정대우푸르지오2차,84.82,6,2001,63000,0,2026,8,1
송파구,문정동,올림픽훼밀리타운,117.585,12,1988,70000,160,2026,8,7
송파구,오금동,상아2차아파트,84.98,1,1988,60000,0,2026,8,7
송파구,오금동,송파두산위브,59.9823,12,2019,70000,0,2026,8,7
송파구,방이동,올림픽선수기자촌2단지,163.44,7,1988,155000,29,2026,8,7
송파구,거여동,송파시그니처롯데캐슬,59.98,17,2021,85000,0,2026,8,2
송파구,신천동,장미1,82.45,2,1979,55000,0,2026,8,6
송파구,거여동,현대1차,74.83,3,1992,63000,0,2026,8,1
송파구,문정동,현대2,76.56,10,1995,60900,0,2026,8,6
송파구,문정동,문정시영,35.46,4,1989,18000,0,2026,8,5
송파구,잠실동,주공아파트 5단지,82.51,14,1978,33600,28,2026,8,1
송파구,오금동,대림,84.91,14,1988,50000,120,2026,8,3
송파구,잠실동,리센츠,84.99,8,2008,50000,300,2026,8,6
송파구,잠실동,우성4차,95.84,14,1983,1000,170,2026,8,6
송파구,문정동,현대2,58.08,10,1995,57000,0,2026,8,1
송파구,거여동,거여5단지,59.74,15,1997,46000,0,2026,8,5
송파구,신천동,파크리오,84.9,6,2008,100800,0,2026,8,6
송파구,신천동,파크리오,84.97,21,2008,120750,0,2026,8,6
송파구,거여동,현대1차,84.85,11,1992,54600,0,2026,8,1
송파구,장지동,송파와이즈더샵,96.7642,23,2016,84000,0,2026,8,5
송파구,가락동,헬리오시티,84.98,9,2018,135000,0,2026,8,4
송파구,가락동,헬리오시티,39.1,17,2018,15000,125,2026,8,6
송파구,신천동,한신잠실코아,52.51,14,1988,15000,115,2026,8,4
송파구,잠실동,레이크팰리스,59.97,7,2006,110000,0,2026,8,6
송파구,잠실동,LH서울잠실행복주택,14.99,3,2022,9468,12,2026,8,5
송파구,문정동,힐스테이트e편한세상문정,59.94,2,2024,60000,0,2026,8,5
송파구,방이동,방이금호어울림,84.3,2,2001,75000,0,2026,8,5
송파구,신천동,장미1,155.22,14,1979,113300,0,2026,8,5
송파구,잠실동,트리지움,84.83,8,2007,80000,141,2026,8,1
송파구,잠실동,트리지움,84.95,30,2007,123000,0,2026,8,1
송파구,거여동,현대1차,84.85,5,1992,44000,30,2026,8,5
송파구,거여동,현대1차,84.91,6,1992,57750,0,2026,8,5
송파구,장지동,송파파인타운10단지,59.96,8,2007,18469,0,2026,8,5
송파구,오금동,송파레미니스2단지,84.99,11,2018,85000,0,2026,8,1
송파구,거여동,거여1단지,49.8,12,1997,40000,40,2026,8,4
송파구,장지동,송파더센트레,59.73,18,2013,60000,65,2026,8,4
송파구,장지동,송파파인타운11단지,59.96,4,2007,17328,0,2026,8,4
송파구,문정동,힐스테이트e편한세상문정,74.95,5,2024,53500,80,2026,8,3
송파구,가락동,헬리오시티,84.98,8,2018,50000,310,2026,8,4
송파구,거여동,송파시그니처롯데캐슬,84.98,19,2021,78750,0,2026,8,3
송파구,가락동,헬리오시티,84.95,14,2018,130000,0,2026,8,3
송파구,삼전동,하이파크아파트,51.2,11,2016,54000,0,2026,8,3
송파구,송파동,래미안송파파인탑,71.58,8,2012,84000,0,2026,8,1
송파구,방이동,올림픽선수기자촌3단지,83.06,13,1988,98000,0,2026,8,1
송파구,거여동,포레나송파,84.8,10,2021,40000,220,2026,8,3
송파구,잠실동,우성아파트,96.65,9,1981,30000,200,2026,8,3
송파구,문정동,파크하비오,84.9648,11,2016,60000,150,2026,8,1
송파구,신천동,파크리오,84.9,8,2008,118000,0,2026,8,2
송파구,가락동,헬리오시티,59.96,10,2018,97600,0,2026,8,1
송파구,신천동,장미1,120,7,1979,100000,0,2026,8,3
송파구,가락동,헬리오시티,84.97,21,2018,89000,54,2026,8,1
송파구,석촌동,석촌,96.35,2,2002,60000,0,2026,8,3
송파구,오금동,상아2차아파트,45.77,3,1988,31500,0,2026,8,1
송파구,문정동,파크하비오,84.9725,7,2016,98000,0,2026,8,1
송파구,장지동,위례2차아이파크,108.1387,9,2016,105000,0,2026,8,1
송파구,장지동,송파더센트레,51.82,7,2013,55650,0,2026,8,1
송파구,거여동,현대2차,82.96,7,1992,70000,0,2026,8,1
송파구,마천동,송파파크데일1단지,84.99,15,2011,30000,180,2026,8,3
송파구,거여동,송파시그니처롯데캐슬,39.9,2,2021,16240,40,2026,8,3
송파구,가락동,헬리오시티,84.99,25,2018,40000,360,2026,8,1
송파구,거여동,e편한세상송파파크센트럴,113.63,7,2021,110000,0,2026,8,1
송파구,거여동,e편한세상송파파크센트럴,113.63,7,2021,110000,0,2026,8,1
송파구,거여동,송파시그니처롯데캐슬,39.9,6,2021,16240,40,2026,8,3
송파구,신천동,현대타워,173.7,22,1996,115000,0,2026,8,3
송파구,가락동,우성,58.46,6,1986,45000,0,2026,8,1
송파구,장지동,위례24단지(꿈에그린),51.82,9,2013,10000,210,2026,8,1
송파구,장지동,위례24단지(꿈에그린),51.78,15,2013,68000,0,2026,8,1
송파구,방이동,올림픽선수기자촌1단지,83.06,9,1988,20000,151,2026,8,1
송파구,장지동,송파파인타운5단지,84.98,6,2008,60000,120,2026,8,1
송파구,장지동,위례신도시송파푸르지오,112.1156,20,2015,94500,0,2026,8,1
송파구,잠실동,레이크팰리스,84.82,6,2006,150000,0,2026,8,1
송파구,송파동,호수임광,56.6,1,1995,65000,0,2026,8,1
송파구,방이동,코오롱아파트,84.95,4,1991,66000,0,2026,8,1
강동구,상일동,고덕센트럴IPARK,84.97,15,2019,73000,0,2026,8,22
강동구,명일동,래미안솔베뉴,59.11,6,2019,40000,180,2026,8,21
강동구,상일동,고덕아르테온,84.97,18,2020,90000,0,2026,8,6
강동구,천호동,래미안강동팰리스,59.98,36,2017,20000,240,2026,8,15
강동구,암사동,선사현대아파트,59.64,5,2000,38000,50,2026,8,21
강동구,천호동,래미안강동팰리스,84.97,37,2017,70000,80,2026,8,1
강동구,고덕동,고덕센트럴푸르지오,59.14,7,2020,80000,0,2026,8,29
강동구,고덕동,래미안힐스테이트고덕,84.88,16,2016,100000,0,2026,8,29
강동구,고덕동,고덕그라시움,73.873,5,2019,73500,0,2026,8,31
강동구,고덕동,래미안힐스테이트고덕,84.88,16,2016,100000,0,2026,8,29
강동구,명일동,래미안솔베뉴,78.07,5,2019,84000,0,2026,8,29
강동구,강일동,강일리버파크3단지,59.87,11,2009,44000,0,2026,8,31
강동구,길동,강동큐브,12.49,20,2013,1000,65,2026,8,13
강동구,고덕동,래미안힐스테이트고덕,84.88,16,2016,100000,0,2026,8,29
강동구,상일동,고덕자이,118.4471,16,2021,130000,0,2026,8,31
강동구,길동,강동헤리티지자이,84.977,14,2024,73500,0,2026,8,31
강동구,성내동,올림픽파크한양수자인,59.55,16,2016,75000,0,2026,8,30
강동구,명일동,삼익그린2차,66.87,9,1983,30000,120,2026,8,29
강동구,천호동,하이브2,13.5,12,2013,9000,35,2026,8,15
강동구,상일동,고덕센트럴IPARK,84.97,16,2019,50000,150,2026,8,31
강동구,상일동,고덕아르테온,84.97,25,2020,31000,330,2026,8,29
강동구,성내동,선광,51.83,11,1997,16000,145,2026,8,1
강동구,고덕동,고덕그라시움,73.873,18,2019,99000,0,2026,8,15
강동구,성내동,삼진,82.92,1,1995,45150,0,2026,8,31
강동구,길동,강동와이시티,13.97,10,2014,1000,50,2026,8,26
강동구,둔촌동,올림픽파크포레온,39.95,27,2024,10000,300,2026,8,31
강동구,명일동,한양,106.64,15,1986,85000,0,2026,8,26
강동구,명일동,신동아,81.07,4,1986,49875,0,2026,8,29
강동구,둔촌동,둔촌푸르지오,59.98,5,2010,20000,220,2026,8,21
강동구,둔촌동,둔촌푸르지오,59.98,10,2010,73000,0,2026,8,24
강동구,길동,청광플러스원큐브2차,14.495,12,2013,1000,55,2026,8,3
강동구,명일동,삼익그린2차,84.755,7,1983,80000,0,2026,8,31
강동구,강일동,강일리버파크5단지,59.87,8,2009,46725,0,2026,8,29
강동구,길동,강동헤리티지자이,84.977,6,2024,73500,0,2026,8,29
강동구,암사동,선사현대아파트,59.64,13,2000,48825,0,2026,8,29
강동구,암사동,선사현대아파트,83.67,21,2000,60900,0,2026,8,29
강동구,둔촌동,올림픽파크포레온,84.99,18,2024,120000,160,2026,8,28
강동구,강일동,강동리버스트8단지,59.55,20,2021,33075,0,2026,8,31
강동구,길동,이편한세상강동에코포레,59.97,7,2020,52500,0,2026,8,29
강동구,고덕동,고덕그라시움,73.873,14,2019,50000,114,2026,8,28
강동구,고덕동,고덕그라시움,59.785,20,2019,60000,90,2026,8,29
강동구,강일동,강일리버파크2단지,84.74,8,2009,50000,0,2026,8,24
강동구,명일동,현대(고덕),84.91,4,1986,47250,0,2026,8,21
강동구,성내동,올림픽파크한양수자인,84.92,6,2016,65000,100,2026,8,29
강동구,암사동,선사현대아파트,59.64,7,2000,49350,0,2026,8,29
강동구,강일동,강일리버파크4단지,49.87,1,2009,6718,11,2026,8,14
강동구,둔촌동,신성둔촌미소지움2,84.78,1,2000,87500,0,2026,8,29
강동구,상일동,고덕숲아이파크,59.97,21,2018,75000,0,2026,8,22
강동구,암사동,롯데캐슬퍼스트,59.99,23,2008,10000,280,2026,8,22
강동구,명일동,삼익그린2차,66.87,11,1983,60000,0,2026,8,29
강동구,암사동,현대홈타운,84.98,25,2004,20000,193,2026,8,20
강동구,상일동,고덕센트럴IPARK,84.91,16,2019,20000,214,2026,8,29
강동구,길동,동남아이스타즈,12.22,14,2016,500,88,2026,8,8
강동구,암사동,현대홈타운,114.07,6,2004,50000,150,2026,8,29
강동구,암사동,롯데캐슬퍼스트,84.81,21,2008,90000,0,2026,8,26
강동구,길동,청광플러스원(큐브1차),16.685,8,2012,10300,0,2026,8,29
강동구,고덕동,고덕센트럴푸르지오,59.06,26,2020,66000,0,2026,8,13
강동구,성내동,둔촌역청구,59.87,4,1999,50000,50,2026,8,21
강동구,고덕동,아남1,84.91,7,1996,48000,0,2026,8,29
강동구,성내동,아이퍼스트빌,15.94,16,2012,8000,35,2026,8,28
강동구,성내동,하나플러스ll,84.7,11,2004,70900,0,2026,8,29
강동구,명일동,고덕삼환아파트,121.987,6,1987,37000,110,2026,8,15
강동구,둔촌동,올림픽파크포레온,84.99,24,2024,35000,200,2026,8,22
강동구,명일동,삼환,84.92,6,1992,20000,200,2026,8,7
강동구,고덕동,래미안힐스테이트고덕,59.35,13,2016,60000,120,2026,8,24
강동구,암사동,선사현대아파트,59.64,21,2000,49300,0,2026,8,22
강동구,길동,강동LG자이,126.43,8,2003,68000,0,2026,8,28
강동구,성내동,태천해오름(412-1),84.94,7,2002,49300,0,2026,8,28
강동구,암사동,선사현대아파트,59.64,19,2000,15000,200,2026,8,28
강동구,성내동,SM엘루이,14.83,7,2019,18396,5,2026,8,12
강동구,강일동,강동리버스트4단지,29.44,5,2020,739,21,2026,8,28
강동구,둔촌동,올림픽파크포레온,49.95,31,2024,55000,60,2026,8,28
강동구,길동,라인,84.99,14,1998,10000,164,2026,8,5
강동구,명일동,고덕주공9,83.93,12,1985,60000,40,2026,8,27
강동구,길동,청광플러스원큐브3차,13.265,17,2014,9300,0,2026,8,26
강동구,명일동,명일지에스아파트,84.9,3,1999,70000,0,2026,8,15
강동구,상일동,고덕아르테온,59.98,4,2020,5000,330,2026,8,22
강동구,명일동,래미안솔베뉴,49.68,21,2019,10000,280,2026,8,12
강동구,둔촌동,신성둔촌미소지움2,59.88,10,2000,58000,0,2026,8,8
강동구,천호동,천호동삼성아파트,84.97,8,1997,54600,0,2026,8,28
강동구,암사동,프라이어팰리스,114.272,15,2007,78000,0,2026,8,28
강동구,명일동,래미안솔베뉴,59.29,11,2019,68250,0,2026,8,22
강동구,상일동,고덕리엔파크3단지,59.72,10,2011,14516,0,2026,8,27
강동구,상일동,고덕롯데캐슬베네루체,84.146,7,2019,99000,0,2026,8,27
강동구,고덕동,고덕그라시움,59.785,2,2019,16800,0,2026,8,9
강동구,길동,신암가온,56.7,9,2002,5000,110,2026,8,24
강동구,성내동,에스아이팰리스센트럴성내,14.0675,5,2021,17000,18,2026,8,26
강동구,길동,강동헤리티지자이,59.98,4,2024,30000,100,2026,8,22
강동구,강일동,고덕리엔파크1단지,49.97,2,2011,1752,38,2026,8,19
강동구,강일동,강동리버스트4단지,59.99,17,2020,66000,0,2026,8,15
강동구,길동,강동헤리티지자이,59.98,5,2024,31500,100,2026,8,24
강동구,길동,백천이스트하임,17.39,4,2012,12000,4,2026,8,21
강동구,둔촌동,암펠로스타워,114.6,10,2006,65100,0,2026,8,27
강동구,천호동,한신아파트,82.08,12,1991,41500,0,2026,8,22
강동구,둔촌동,더샵둔촌포레,93.8499,13,1984,65000,160,2026,8,27
강동구,천호동,래미안강동팰리스,84.97,29,2017,82900,0,2026,8,18
강동구,고덕동,대우,72.035,5,1986,33600,0,2026,8,27
강동구,암사동,힐스테이트 강동 리버뷰,59.8917,19,2019,30000,120,2026,8,10
강동구,명일동,명일우성,133.65,3,1986,50000,50,2026,8,27
강동구,명일동,삼익가든,82.45,3,1984,47250,0,2026,8,27
강동구,성내동,아이퍼스트빌,15.94,14,2012,13500,8,2026,8,26
강동구,고덕동,대우,72.035,5,1986,33600,0,2026,8,27
강동구,명일동,래미안솔베뉴,84.68,15,2019,115000,0,2026,8,27
강동구,성내동,성내1차e-편한세상,84.49,13,2003,60900,0,2026,8,27
강동구,명일동,래미안솔베뉴,49.66,16,2019,10000,180,2026,8,22
강동구,성내동,태천해오름(412-1),84.94,2,2002,20000,180,2026,8,25
강동구,천호동,강동역신동아파밀리에,101.25,34,2015,86000,0,2026,8,27
강동구,길동,길동생활B,17.11,18,2024,6500,41,2026,8,21
강동구,길동,청광플러스원큐브2차,14.495,16,2013,8500,25,2026,8,25
강동구,암사동,삼화그린,99.97,3,2004,52000,0,2026,8,26
강동구,명일동,삼익그린2차,84.755,10,1983,15000,199,2026,8,27
강동구,암사동,롯데캐슬퍼스트,84.81,27,2008,45000,96,2026,8,26
강동구,고덕동,고덕그라시움,84.046,24,2019,50000,156,2026,8,8
강동구,천호동,천호역한강청년주택,19.67,4,2021,6672,41,2026,8,19
강동구,강일동,강일리버파크5단지,59.87,5,2009,15404,0,2026,8,27
강동구,고덕동,고덕그라시움,59.508,4,2019,70350,0,2026,8,27
강동구,암사동,롯데캐슬퍼스트,102.34,4,2008,40000,144,2026,8,22
강동구,둔촌동,올림픽파크포레온,39.95,6,2024,50000,130,2026,8,15
강동구,둔촌동,올림픽파크포레온,84.99,25,2024,50000,360,2026,8,20
강동구,상일동,고덕아르테온,59.98,20,2020,10000,233,2026,8,8
강동구,강일동,강동리버스트4단지,59.99,7,2020,48300,0,2026,8,22
강동구,길동,SM해그린12차,84.56,6,2006,60000,0,2026,8,20
강동구,상일동,고덕아르테온,59.98,6,2020,65000,0,2026,8,15
강동구,명일동,래미안솔베뉴,59.32,4,2019,65000,50,2026,8,11
강동구,강일동,강동리버스트8단지,59.55,16,2021,69000,0,2026,8,22
강동구,천호동,하이브2,15.3,15,2013,1000,70,2026,8,22
강동구,천호동,어바니엘,13.2865,9,2019,1000,76,2026,8,25
강동구,성내동,금광포란재,114.31,7,2007,72000,0,2026,8,22
강동구,길동,청광플러스원큐브2차,14.495,13,2013,500,60,2026,8,26
강동구,강일동,강일리버파크10단지,84.53,4,2009,30000,150,2026,8,26
강동구,명일동,래미안솔베뉴,59.25,7,2019,50000,150,2026,8,18
강동구,천호동,성원아파트,60,6,1998,27000,45,2026,8,26
강동구,둔촌동,올림픽파크포레온,39.95,21,2024,40000,120,2026,8,22
강동구,둔촌동,둔촌푸르지오,59.98,14,2010,54000,64,2026,8,8
강동구,성내동,에스케이허브진,33.71,10,2004,1000,98,2026,8,24
강동구,성내동,천호역효성해링턴타워,16.09,15,2023,5990,42,2026,8,26
강동구,천호동,강변그대가갤럭시,84.96,4,2009,80000,0,2026,8,26
강동구,천호동,어바니엘,13.2865,6,2019,1000,76,2026,8,25
강동구,상일동,고덕리엔파크3단지,59.9,8,2011,16720,0,2026,8,25
강동구,암사동,선사현대아파트,83.18,19,2000,15000,250,2026,8,22
강동구,강일동,강동리버스트6단지,49.86,5,2021,5257,32,2026,8,25
강동구,상일동,강동리엔파크14단지,29.84,9,2021,3158,13,2026,8,25
강동구,둔촌동,올림픽파크포레온,109.98,21,2024,126000,0,2026,8,24
강동구,상일동,고덕아르테스미소지움,84.96,6,2022,88200,0,2026,8,10
강동구,성내동,현대,59.36,8,1987,50000,0,2026,8,25
강동구,명일동,래미안솔베뉴,59.11,28,2019,55650,0,2026,8,22
강동구,강일동,고덕리엔파크2단지,59.94,11,2011,16720,0,2026,8,25
강동구,길동,도고하임,18.81,11,2014,1000,73,2026,8,18
강동구,암사동,프라이어팰리스,84.988,11,2007,75600,0,2026,8,24
강동구,고덕동,래미안힐스테이트고덕,84.88,21,2016,78750,0,2026,8,15
강동구,명일동,삼익그린2차,54.81,6,1983,44000,50,2026,8,25
강동구,암사동,롯데캐슬퍼스트,59.99,17,2008,75000,0,2026,8,15
강동구,성내동,SM엘루이,14.83,6,2019,18100,10,2026,8,24
강동구,천호동,어바니엘,13.4433,11,2019,1000,65,2026,8,18
강동구,암사동,롯데캐슬퍼스트,59.99,19,2008,5000,300,2026,8,25
강동구,길동,길동우성,84.75,9,1994,50000,80,2026,8,25
강동구,상일동,고덕리엔파크3단지,84.83,7,2011,5000,220,2026,8,25
강동구,성내동,올림픽파크한양수자인,59.55,8,2016,79000,0,2026,8,25
강동구,길동,하이브,84.94,9,2006,40000,8,2026,8,12
강동구,상일동,강동리엔파크14단지,29.84,8,2021,3979,8,2026,8,25
강동구,강일동,강일리버파크9단지,49.9,3,2009,4001,27,2026,8,25
강동구,강일동,강일리버파크10단지,84.74,4,2009,22829,0,2026,8,25
강동구,고덕동,래미안힐스테이트고덕,84.83,29,2016,115000,0,2026,8,15
강동구,강일동,강일리버파크9단지,49.9,8,2009,6718,11,2026,8,25
강동구,길동,신암가온,56.7,9,2002,32000,0,2026,8,22
강동구,길동,동남아이스타즈,12.22,6,2016,300,89,2026,8,15
강동구,길동,강동헤리티지자이,59.98,13,2024,79000,0,2026,8,24
강동구,고덕동,고덕센트럴푸르지오,59.14,12,2020,80000,0,2026,8,22
강동구,명일동,래미안솔베뉴,59.11,6,2019,40000,180,2026,8,21
강동구,길동,길동우성,84.75,9,1994,50400,0,2026,8,25
강동구,강일동,힐스테이트리슈빌강일,84.8942,3,2023,63000,0,2026,8,25
강동구,암사동,롯데캐슬퍼스트,112.11,28,2008,110000,0,2026,8,25
강동구,명일동,삼익그린2차,66.87,11,1983,47200,0,2026,8,24
강동구,강일동,강일리버파크1단지,84.74,11,2009,40000,90,2026,8,24
강동구,강일동,강일리버파크10단지,114.81,12,2009,38116,0,2026,8,25
강동구,강일동,강일리버파크5단지,49.87,1,2009,1662,33,2026,8,19
강동구,암사동,프라이어팰리스,59.983,18,2007,70000,20,2026,8,1
강동구,천호동,어바니엘,13.2865,4,2019,1000,75,2026,8,24
강동구,천호동,어바니엘,13.4433,11,2019,1000,72,2026,8,18
강동구,강일동,강일리버파크10단지,59.86,5,2009,19365,0,2026,8,24
강동구,길동,현대1,84.87,9,1996,49000,25,2026,8,22
강동구,길동,강동헤리티지자이,84.977,7,2024,77700,0,2026,8,22
강동구,성내동,원다빌2,67.17,11,2002,30000,30,2026,8,24
강동구,암사동,현대홈타운,114.07,3,2004,90000,0,2026,8,22
강동구,명일동,명일진로,118.44,7,1994,62500,100,2026,8,22
강동구,길동,길동생활B,17.11,18,2024,4900,48,2026,8,21
강동구,천호동,고려아파트(B동),131.4,8,2000,37000,30,2026,8,22
강동구,암사동,현대홈타운,114.07,3,2004,90000,0,2026,8,22
강동구,명일동,삼익그린2차,42.93,9,1983,45000,0,2026,8,20
강동구,암사동,선사현대아파트,59.64,15,2000,48500,0,2026,8,22
강동구,명일동,삼익그린2차,42.93,4,1983,40000,0,2026,8,22
강동구,둔촌동,더샵둔촌포레,93.8499,4,1984,104000,0,2026,8,18
강동구,천호동,엘림스퀘어II,17.58,9,2019,5000,60,2026,8,22
강동구,명일동,래미안솔베뉴,59.11,19,2019,45000,160,2026,8,24
강동구,강일동,강일리버파크4단지,84.74,13,2009,30000,130,2026,8,17
강동구,둔촌동,올림픽파크포레온,84.99,10,2024,160000,0,2026,8,24
강동구,둔촌동,올림픽파크포레온,84.99,15,2024,105000,0,2026,8,22
강동구,암사동,선사현대아파트,82.94,17,2000,10000,270,2026,8,24
강동구,길동,강동LG자이,84.88,15,2003,60900,0,2026,8,22
강동구,상일동,고덕롯데캐슬베네루체,59.981,7,2019,10500,210,2026,8,23
강동구,길동,강동헤리티지자이,59.98,29,2024,55600,0,2026,8,22
강동구,암사동,선사현대아파트,58.68,2,2000,56000,0,2026,8,22
강동구,암사동,힐스테이트 강동 리버뷰,84.9921,16,2019,93000,0,2026,8,22
강동구,상일동,고덕아르테온,59.96,7,2020,85000,0,2026,8,22
강동구,강일동,강일리버파크7단지,39.9,10,2009,2938,23,2026,8,24
강동구,성내동,올림픽파크한양수자인,84.92,5,2016,75000,90,2026,8,22
강동구,길동,현대1,84.87,18,1996,47250,0,2026,8,22
강동구,상일동,고덕아르테온,84.97,8,2020,84000,0,2026,8,22
강동구,고덕동,고덕그라시움,59.028,2,2019,69300,0,2026,8,22
강동구,상일동,고덕리엔파크3단지,114.97,5,2011,34752,0,2026,8,24
강동구,둔촌동,올림픽파크포레온,84.98,33,2024,85000,0,2026,8,22
강동구,길동,강동헤리티지자이,59.98,30,2024,20000,250,2026,8,13
강동구,강일동,강일리버파크5단지,84.53,7,2009,47000,0,2026,8,22
강동구,암사동,롯데캐슬퍼스트,59.99,19,2008,60000,12,2026,8,22
강동구,고덕동,고덕센트럴푸르지오,59.14,36,2020,10000,290,2026,8,21
강동구,상일동,고덕센트럴IPARK,59.97,14,2019,40000,113,2026,8,24
강동구,길동,다성이즈빌,20.85,19,2018,14000,42,2026,8,22
강동구,고덕동,고덕그라시움,84.24,21,2019,86100,0,2026,8,22
강동구,성내동,올림픽파크한양수자인,59.55,15,2016,80000,0,2026,8,22
강동구,길동,강동와이시티,13.97,10,2014,1000,50,2026,8,4
강동구,고덕동,래미안힐스테이트고덕,109.81,13,2016,140000,0,2026,8,22
강동구,상일동,고덕롯데캐슬베네루체,122.082,27,2019,30000,390,2026,8,19
강동구,암사동,선사현대아파트,83.67,17,2000,63000,0,2026,8,22
강동구,명일동,명일지에스아파트,59.79,6,1999,24000,90,2026,8,22
강동구,천호동,힐데스하임천호아파트,84.9914,5,2023,33000,180,2026,8,22
강동구,성내동,성내동대성,70.91,13,2003,70000,0,2026,8,15
강동구,명일동,고덕주공9,83.52,10,1985,59990,0,2026,8,20
강동구,강일동,강동리버스트4단지,59.99,15,2020,47000,0,2026,8,19
강동구,강일동,고덕리엔파크1단지,59.72,4,2011,2062,43,2026,8,20
강동구,성내동,천호역효성해링턴타워,16.09,25,2023,5980,9,2026,8,21
강동구,상일동,고덕리엔파크3단지,59.94,4,2011,5228,36,2026,8,21
강동구,고덕동,래미안힐스테이트고덕,59.35,26,2016,20000,260,2026,8,21
강동구,성내동,힐스테이트천호역젠트리스,84.9482,19,2024,94500,0,2026,8,20
강동구,명일동,신동아,81.07,4,1986,30000,160,2026,8,19
강동구,둔촌동,올림픽파크포레온,49.95,2,2024,60500,30,2026,8,21
강동구,암사동,선사현대아파트,82.94,2,2000,56500,0,2026,8,11
강동구,둔촌동,월드메르디앙올림픽파크,59.51,9,2024,20000,165,2026,8,21
강동구,길동,길동우성,57.1,4,1994,44000,0,2026,8,21
강동구,강일동,강동리버스트7단지,59.95,6,2021,33075,0,2026,8,21
강동구,암사동,롯데캐슬퍼스트,59.99,2,2008,30000,160,2026,8,21
강동구,길동,강동디아테온,59.9982,14,2026,12250,100,2026,8,12
강동구,둔촌동,올림픽파크포레온,84.99,3,2024,10000,400,2026,8,4
강동구,명일동,삼익가든,57.01,9,1984,30000,50,2026,8,15
강동구,강일동,강일리버파크2단지,84.83,6,2009,25111,0,2026,8,18
강동구,둔촌동,올림픽파크포레온,39.95,29,2024,28125,0,2026,8,21
강동구,길동,강동디아테온,59.9982,14,2026,12250,100,2026,8,12
강동구,둔촌동,올림픽파크포레온,49.95,2,2024,60500,30,2026,8,21
강동구,고덕동,래미안힐스테이트고덕,59.35,13,2016,30000,210,2026,8,21
강동구,둔촌동,둔촌푸르지오,84.9,10,2010,20000,250,2026,8,10
강동구,둔촌동,세양청마루,102.45,12,2005,73900,0,2026,8,3
강동구,명일동,명일지에스아파트,84.9,4,1999,50000,0,2026,8,14
강동구,길동,현대1,84.87,16,1996,47000,90,2026,8,17
강동구,명일동,삼익그린11차,84.51,10,1986,40000,130,2026,8,21
강동구,암사동,선사현대아파트,59.64,8,2000,44830,0,2026,8,21
강동구,강일동,강일리버파크8단지,59.87,4,2009,14035,0,2026,8,20
강동구,명일동,신동아,112.93,7,1986,63000,0,2026,8,21
강동구,명일동,삼익가든,106.65,8,1984,70000,0,2026,8,14
강동구,성내동,천호역효성해링턴타워,16.09,26,2023,5350,38,2026,8,18
강동구,암사동,한강포스파크,80.65,19,2002,50000,80,2026,8,20
강동구,상일동,고덕센트럴IPARK,59.97,16,2019,10000,280,2026,8,13
강동구,길동,강동헤리티지자이,45.795,9,2024,20000,116,2026,8,4
강동구,둔촌동,올림픽파크포레온,49.95,3,2024,35250,0,2026,8,20
강동구,둔촌동,올림픽파크포레온,39.95,28,2024,28125,0,2026,8,20
강동구,강일동,고덕리엔파크2단지,59.94,13,2011,5238,36,2026,8,20
강동구,길동,삼익세라믹,84.85,5,1992,20000,165,2026,8,19
강동구,둔촌동,올림픽파크포레온,39.95,15,2024,28125,0,2026,8,20
강동구,천호동,어바니엘,13.2865,17,2019,1000,85,2026,8,20
강동구,둔촌동,신동아파밀리에,59.4,2,2002,61000,0,2026,8,20
강동구,강일동,강일리버파크10단지,114.81,1,2009,38710,0,2026,8,20
강동구,길동,강동헤리티지자이,84.977,22,2024,30000,290,2026,8,4
강동구,암사동,선사현대아파트,58.68,16,2000,49300,0,2026,8,20
강동구,암사동,유진,82.34,4,2003,39000,0,2026,8,20
강동구,길동,다성이즈빌,15.96,14,2018,13980,11,2026,8,20
강동구,고덕동,고덕 아이파크,59.99,1,2011,47268,0,2026,8,19
강동구,둔촌동,올림픽파크포레온,39.95,5,2024,28125,0,2026,8,20
강동구,천호동,동아하이빌아파트,59.98,6,2000,25000,100,2026,8,20
강동구,둔촌동,올림픽파크포레온,39.98,6,2024,28125,0,2026,8,19
강동구,강일동,고덕리엔파크1단지,59.72,4,2011,5157,36,2026,8,20
강동구,둔촌동,올림픽파크포레온,29.97,4,2024,21000,0,2026,8,20
강동구,명일동,삼익그린2차,66.87,1,1983,35000,70,2026,8,20
강동구,상일동,고덕리엔파크3단지,49.92,3,2011,4442,32,2026,8,19
강동구,길동,강동헤리티지자이,84.977,25,2024,68000,0,2026,8,17
강동구,강일동,강일리버파크1단지,59.71,2,2009,9820,15,2026,8,20
강동구,강일동,고덕리엔파크1단지,114.8,2,2011,58560,0,2026,8,20
강동구,성내동,둔촌역청구,59.87,12,1999,43000,8,2026,8,8
강동구,강일동,고덕리엔파크1단지,49.97,2,2011,4381,32,2026,8,19
강동구,강일동,고덕리엔파크2단지,59.9,13,2011,5238,36,2026,8,19
강동구,천호동,미사아름채아파트,13.3272,5,2020,17800,20,2026,8,20
강동구,명일동,신동아,127.33,5,1986,5000,250,2026,8,20
강동구,암사동,현대홈타운,84.98,23,2004,90000,0,2026,8,8
강동구,상일동,고덕리엔파크3단지,49.95,1,2011,4442,32,2026,8,19
강동구,둔촌동,올림픽파크포레온,39.95,32,2024,28125,0,2026,8,19
강동구,둔촌동,올림픽파크포레온,109.99,16,2024,200000,0,2026,8,14
강동구,상일동,고덕리엔파크3단지,59.95,2,2011,5228,36,2026,8,19
강동구,강일동,강일리버파크2단지,84.83,9,2009,22829,0,2026,8,19
강동구,상일동,고덕리엔파크3단지,59.9,4,2011,4328,38,2026,8,19
강동구,강일동,고덕리엔파크2단지,84.87,14,2011,38587,0,2026,8,19
강동구,암사동,힐스테이트 강동 리버뷰,84.9921,18,2019,67000,135,2026,8,4
강동구,상일동,고덕리엔파크3단지,114.97,1,2011,58560,0,2026,8,19
강동구,둔촌동,올림픽파크포레온,29.97,18,2024,21000,0,2026,8,19
강동구,둔촌동,올림픽파크포레온,29.97,19,2024,21000,0,2026,8,19
강동구,둔촌동,올림픽파크포레온,29.97,34,2024,21000,0,2026,8,19
강동구,명일동,래미안솔베뉴,59.29,16,2019,10000,280,2026,8,19
강동구,둔촌동,올림픽파크포레온,29.97,27,2024,21000,0,2026,8,19
강동구,둔촌동,올림픽파크포레온,39.95,3,2024,28125,0,2026,8,19
강동구,길동,강동헤리티지자이,59.98,21,2024,63000,0,2026,8,13
강동구,강일동,강일리버파크7단지,39.9,7,2009,5046,11,2026,8,19
강동구,고덕동,고덕 아이파크,59.99,6,2011,47268,0,2026,8,19
강동구,성내동,현대,59.36,9,1987,40000,40,2026,8,19
강동구,둔촌동,올림픽파크포레온,29.97,9,2024,21000,0,2026,8,19
강동구,강일동,강일리버파크5단지,49.9,12,2009,7631,6,2026,8,19
강동구,둔촌동,더샵둔촌포레,95.2435,8,1984,81900,0,2026,8,19
강동구,고덕동,고덕그라시움,59.785,7,2019,10000,300,2026,8,18
강동구,강일동,강일리버파크5단지,49.87,1,2009,4157,28,2026,8,19
강동구,성내동,중앙하이츠,84.95,1,2001,50400,0,2026,8,15
강동구,상일동,고덕리엔파크3단지,49.94,5,2011,4442,32,2026,8,19
강동구,둔촌동,올림픽파크포레온,29.97,25,2024,21000,0,2026,8,19
강동구,고덕동,고덕그라시움,59.785,2,2019,42900,0,2026,8,18
강동구,길동,메트로아파트,73.41,10,2004,27000,80,2026,8,19
강동구,성내동,집앤사비카,15.95,10,2020,1500,80,2026,8,3
강동구,길동,다성이즈빌(349-1),17.2,2,2012,10600,13,2026,8,1
강동구,강일동,고덕리엔파크1단지,114.92,7,2011,58560,0,2026,8,19
강동구,고덕동,고덕그라시움,59.785,16,2019,85000,0,2026,8,15
강동구,성내동,동아1,59.72,8,1997,37800,0,2026,8,9
강동구,암사동,선사현대아파트,72.85,16,2000,5000,105,2026,8,18
강동구,고덕동,아남1,84.91,5,1996,60000,0,2026,8,15
강동구,암사동,프라이어팰리스,84.988,6,2007,47250,68,2026,8,14
강동구,상일동,고덕리엔파크3단지,49.94,3,2011,4442,32,2026,8,19
강동구,둔촌동,올림픽파크포레온,84.98,21,2024,120000,0,2026,8,19
강동구,상일동,고덕리엔파크3단지,59.9,4,2011,5228,36,2026,8,19
강동구,고덕동,고덕그라시움,59.785,12,2019,65000,65,2026,8,17
강동구,둔촌동,올림픽파크포레온,39.95,5,2024,28125,0,2026,8,19
강동구,둔촌동,올림픽파크포레온,29.97,32,2024,21000,0,2026,8,19
강동구,강일동,고덕리엔파크2단지,59.83,7,2011,5238,36,2026,8,19
강동구,강일동,강일리버파크10단지,49.87,1,2009,4157,28,2026,8,19
강동구,암사동,선사현대아파트,82.94,18,2000,75600,0,2026,8,18
강동구,강일동,고덕리엔파크1단지,114.8,8,2011,58560,0,2026,8,19
강동구,강일동,강일리버파크10단지,59.87,1,2009,4980,32,2026,8,19
강동구,상일동,고덕리엔파크3단지,59.83,3,2011,5228,36,2026,8,19
강동구,상일동,고덕리엔파크3단지,114.97,10,2011,58560,0,2026,8,19
강동구,둔촌동,올림픽파크포레온,29.97,18,2024,21000,0,2026,8,19
강동구,상일동,고덕아르테온,84.97,31,2020,72000,12,2026,8,17
강동구,상일동,고덕센트럴IPARK,59.97,13,2019,30000,60,2026,8,13
강동구,고덕동,래미안힐스테이트고덕,59.35,5,2016,49998,0,2026,8,19
강동구,상일동,고덕리엔파크3단지,114.8,11,2011,50820,0,2026,8,18
강동구,길동,강동헤리티지자이,59.98,18,2024,20000,230,2026,8,14
강동구,천호동,래미안강동팰리스,59.98,36,2017,20000,240,2026,8,15
강동구,강일동,강동리버스트8단지,59.97,9,2021,50000,0,2026,8,18
강동구,길동,강동헤리티지자이,59.98,22,2024,60900,0,2026,8,15
강동구,상일동,고덕리엔파크3단지,59.9,9,2011,5228,36,2026,8,19
강동구,명일동,삼익그린2차,42.93,15,1983,27000,40,2026,8,15
강동구,강일동,강동리버스트6단지,59.97,5,2021,33075,0,2026,8,19
강동구,명일동,래미안솔베뉴,59.25,15,2019,30000,158,2026,8,15
강동구,암사동,선사현대아파트,72.85,19,2000,10000,220,2026,8,18
강동구,강일동,강동리버스트6단지,59.97,9,2021,33075,0,2026,8,18
강동구,강일동,강일리버파크4단지,84.83,3,2009,65000,0,2026,8,1
강동구,천호동,엘림스퀘어II,17.58,8,2019,1000,75,2026,8,18
강동구,강일동,강동리버스트6단지,49.86,3,2021,2252,38,2026,8,18
강동구,천호동,천호역한강청년주택,19.67,13,2021,7938,44,2026,8,14
강동구,고덕동,고덕그라시움,59.052,9,2019,84000,0,2026,8,18
강동구,둔촌동,올림픽파크포레온,109.98,25,2024,200000,0,2026,8,15
강동구,상일동,고덕아르테온,84.97,5,2020,78750,0,2026,8,10
강동구,고덕동,고덕 아이파크,59.99,6,2011,85000,0,2026,8,15
강동구,길동,강동큐브(2차),15.12,6,2013,1000,60,2026,8,7
강동구,고덕동,래미안힐스테이트고덕,59.35,16,2016,68250,0,2026,8,8
강동구,강일동,강일리버파크4단지,59.87,5,2009,15404,0,2026,8,18
강동구,암사동,금정우리가,29.4676,4,2018,25460,0,2026,8,7
강동구,둔촌동,초원동아,84.34,1,1997,50000,40,2026,8,18
강동구,강일동,강동리버스트4단지,49.82,3,2020,52000,0,2026,8,18
강동구,천호동,로데오팰리스,14.41,6,2022,1000,80,2026,8,18
강동구,길동,강동헤리티지자이,74.974,32,2024,10000,250,2026,8,8
강동구,천호동,유원아파트,84.78,3,1997,57750,0,2026,8,18
강동구,강일동,강동리버스트8단지,59.97,9,2021,50400,0,2026,8,18
강동구,길동,한빛골드빌1차,72.41,3,2001,44000,0,2026,8,6
강동구,명일동,고덕주공9,83.52,9,1985,60000,20,2026,8,18
강동구,명일동,삼익그린2차,54.81,3,1983,50000,0,2026,8,10
강동구,성내동,천호역효성해링턴타워,33.28,19,2023,11570,68,2026,8,18
강동구,둔촌동,올림픽파크포레온,84.99,22,2024,52500,189,2026,8,14
강동구,상일동,고덕센트럴IPARK,84.91,1,2019,30000,260,2026,8,15
강동구,암사동,롯데캐슬퍼스트,84.98,32,2008,10000,230,2026,8,7
강동구,둔촌동,올림픽파크포레온,39.98,18,2024,87000,0,2026,8,14
강동구,길동,강동큐브(2차),15.12,6,2013,1000,65,2026,8,8
강동구,암사동,선사현대아파트,72.85,19,2000,68000,0,2026,8,18
강동구,성내동,아이퍼스트빌,15.94,13,2012,11700,14,2026,8,18
강동구,명일동,고덕주공9,83.52,14,1985,44100,0,2026,8,11
강동구,강일동,강일리버파크10단지,84.83,10,2009,68000,0,2026,8,17
강동구,강일동,힐스테이트리슈빌강일,84.9888,6,2023,45000,160,2026,8,17
강동구,강일동,강동리버스트4단지,49.82,5,2020,5000,190,2026,8,10
강동구,강일동,강일리버파크10단지,114.81,8,2009,39690,0,2026,8,14
강동구,강일동,강동리버스트8단지,49.8,5,2021,5252,32,2026,8,17
강동구,둔촌동,더샵파크솔레이유,84.88,5,2023,90000,0,2026,8,15
강동구,암사동,삼성광나루,59.69,14,2002,63000,0,2026,8,11
강동구,암사동,롯데캐슬퍼스트,133.97,15,2008,94500,0,2026,8,1
강동구,강일동,강동리버스트7단지,39.92,8,2021,1408,29,2026,8,17
강동구,강일동,강일리버파크7단지,39.9,3,2009,2938,23,2026,8,15
강동구,성내동,천호역효성해링턴타워,35.63,24,2023,4580,20,2026,8,14
강동구,고덕동,고덕그라시움,59.785,13,2019,44000,43,2026,8,14
강동구,성내동,천호역효성해링턴타워,16.09,11,2023,4150,18,2026,8,14
강동구,고덕동,고덕그라시움,59.785,23,2019,49613,0,2026,8,1
강동구,명일동,고덕삼환아파트,121.987,2,1987,60000,120,2026,8,13
강동구,암사동,선사현대아파트,58.68,5,2000,48000,0,2026,8,14
강동구,성내동,다성이즈빌아파트,54.48,3,2016,45150,0,2026,8,11
강동구,암사동,유진,83.88,3,2003,59000,0,2026,8,7
강동구,강일동,고덕리엔파크1단지,84.98,12,2011,60000,33,2026,8,13
강동구,둔촌동,올림픽파크포레온,134.97,18,2024,215000,0,2026,8,13
강동구,암사동,프라이어팰리스,84.988,8,2007,65000,0,2026,8,13
강동구,명일동,고덕주공9,83.52,1,1985,39000,100,2026,8,13
강동구,상일동,고덕아르테온,84.97,14,2020,44500,0,2026,8,13
강동구,천호동,집앤사스윗사이드아파트,14.02,3,2019,18370,0,2026,8,14
강동구,명일동,삼익그린2차,54.81,8,1983,38850,0,2026,8,12
강동구,강일동,강일리버파크1단지,84.83,12,2009,45000,8,2026,8,3
강동구,천호동,천호동삼성아파트,59.86,1,1997,43000,0,2026,8,11
강동구,강일동,강동리버스트4단지,49.82,21,2020,10000,180,2026,8,13
강동구,길동,한전우성1,81.63,2,1989,30000,0,2026,8,14
강동구,길동,강동큐브(2차),15.12,15,2013,500,62,2026,8,3
강동구,강일동,강일리버파크6단지,84.74,2,2009,69000,0,2026,8,13
강동구,상일동,고덕아르테온,84.95,2,2020,81900,0,2026,8,12
강동구,강일동,강일리버파크10단지,84.83,5,2009,25000,180,2026,8,13
강동구,고덕동,고덕그라시움,84.244,9,2019,115000,0,2026,8,8
강동구,둔촌동,올림픽파크포레온,84.99,20,2024,140000,0,2026,8,13
강동구,명일동,고덕주공9,83.52,14,1985,44100,0,2026,8,11
강동구,강일동,강일리버파크5단지,49.9,10,2009,4001,27,2026,8,13
강동구,길동,서한베네치아,83.86,5,2005,47200,0,2026,8,12
강동구,상일동,고덕자이,59.9398,13,2021,5000,320,2026,8,6
강동구,명일동,명일지에스아파트,59.4,5,1999,45675,0,2026,8,8
강동구,암사동,롯데캐슬퍼스트,133.97,23,2008,30000,330,2026,8,13
강동구,강일동,강일리버파크6단지,59.87,7,2009,14035,0,2026,8,13
강동구,암사동,선사현대아파트,59.64,20,2000,42700,0,2026,8,8
강동구,강일동,힐스테이트리슈빌강일,101.7074,3,2023,65625,0,2026,8,12
강동구,강일동,강동리버스트8단지,39.41,8,2021,5957,10,2026,8,13
강동구,명일동,삼익그린2차,66.87,5,1983,70000,0,2026,8,12
강동구,고덕동,래미안힐스테이트고덕,84.88,18,2016,87950,0,2026,8,12
강동구,명일동,래미안솔베뉴,59.11,14,2019,70350,0,2026,8,12
강동구,암사동,선사현대아파트,59.64,23,2000,35000,100,2026,8,12
강동구,길동,강동디아테온,59.9982,14,2026,30000,100,2026,8,12
강동구,강일동,강동리버스트8단지,39.41,16,2021,5957,10,2026,8,12
강동구,강일동,강동리버스트8단지,39.41,9,2021,1381,29,2026,8,12
강동구,강일동,강동리버스트8단지,29.27,14,2021,3577,8,2026,8,12
강동구,고덕동,고덕 아이파크,145,20,2011,40000,260,2026,8,2
강동구,천호동,두산위브센티움,31.37,7,2004,1000,80,2026,8,12
강동구,둔촌동,현대4,84.94,4,1996,30000,100,2026,8,3
강동구,천호동,천호롯데아파트,84.51,6,1999,58000,0,2026,8,10
강동구,암사동,삼성광나루,59.69,14,2002,63000,0,2026,8,11
강동구,길동,드림하이츠,38.2,11,2015,10000,29,2026,8,12
강동구,성내동,성안마을청구,84.96,12,2002,70000,0,2026,8,12
강동구,상일동,강동리엔파크14단지,29.84,10,2021,3979,8,2026,8,12
강동구,강일동,강동리버스트4단지,59.99,14,2020,49000,80,2026,8,6
강동구,둔촌동,올림픽파크포레온,59.99,2,2024,58000,0,2026,8,11
강동구,강일동,강동리버스트8단지,29.27,13,2021,3577,8,2026,8,12
강동구,암사동,선사현대아파트,82.94,16,2000,59800,0,2026,8,10
강동구,강일동,강동리버스트8단지,29.27,7,2021,3577,8,2026,8,12
강동구,강일동,고덕리엔파크1단지,49.94,3,2011,5325,25,2026,8,12
강동구,천호동,두산위브센티움,31.37,7,2004,1000,75,2026,8,11
강동구,둔촌동,신동아파밀리에,66.96,10,2002,44915,0,2026,8,12
강동구,강일동,힐스테이트리슈빌강일,101.3957,17,2023,73500,0,2026,8,9
강동구,길동,한일시티타워(우성아트빌),104.62,5,2013,3000,200,2026,8,8
강동구,강일동,강일리버파크10단지,59.92,11,2009,15404,0,2026,8,12
강동구,강일동,강일리버파크7단지,84.74,11,2009,60000,40,2026,8,12
강동구,상일동,고덕리엔파크3단지,59.83,10,2011,16720,0,2026,8,12
강동구,천호동,미사아름채아파트,12.14,13,2020,20000,9,2026,8,3
강동구,둔촌동,프라자,109.07,10,1984,78000,0,2026,8,11
강동구,상일동,고덕아르테스미소지움,84.96,5,2022,97000,0,2026,8,11
강동구,암사동,롯데캐슬퍼스트,59.99,7,2008,63000,0,2026,8,11
강동구,천호동,미사아름채아파트,12.995,7,2020,19000,17,2026,8,10
강동구,상일동,고덕자이,74.3069,18,2021,10000,340,2026,8,8
강동구,둔촌동,더샵둔촌포레,93.8499,10,1984,73500,0,2026,8,11
강동구,둔촌동,신동아파밀리에,58.87,3,2002,60000,0,2026,8,11
강동구,암사동,선사현대아파트,72.85,21,2000,47000,8,2026,8,11
강동구,둔촌동,올림픽파크포레온,84.99,15,2024,90000,50,2026,8,8
강동구,상일동,고덕롯데캐슬베네루체,84.923,5,2019,70000,80,2026,8,11
강동구,성내동,성내스테이,52.57,2,2018,58000,0,2026,8,5
강동구,명일동,명일지에스아파트,59.79,7,1999,53000,35,2026,8,11
강동구,천호동,강동중흥S-클래스,84.1946,29,2024,75000,100,2026,8,7
강동구,성내동,새한올림픽,81.55,4,2001,50000,100,2026,8,10
강동구,길동,강동헤리티지자이,45.795,3,2024,65000,0,2026,8,8
강동구,길동,강동헤리티지자이,59.98,14,2024,80000,0,2026,8,8
강동구,길동,SM드림빌,82.77,4,2002,10010,127,2026,8,5
강동구,강일동,강동리버스트4단지,59.99,11,2020,33075,0,2026,8,11
강동구,암사동,삼성광나루,84.79,8,2002,62900,0,2026,8,11
강동구,천호동,강동중흥S-클래스,84.1946,35,2024,100000,0,2026,8,11
강동구,명일동,한양,84.92,12,1986,55650,0,2026,8,8
강동구,상일동,중앙하이츠,84.23,5,1992,5000,250,2026,8,11
강동구,길동,청광플러스원(큐브1차),17.075,8,2012,10300,0,2026,8,5
강동구,둔촌동,신동아파밀리에,58.5,20,2002,54000,25,2026,8,8
강동구,고덕동,고덕그라시움,97.784,4,2019,113400,0,2026,8,8
강동구,둔촌동,현대3,69.3,6,1988,41500,0,2026,8,7
강동구,상일동,고덕아르테온,84.97,11,2020,84000,0,2026,8,8
강동구,길동,청광플러스원큐브2차,14.495,13,2013,2000,42,2026,8,4
강동구,성내동,현대,84.56,3,1987,73000,0,2026,8,8
강동구,천호동,대우한강베네시티,132.44,16,2007,72500,15,2026,8,8
강동구,암사동,롯데캐슬퍼스트,59.99,15,2008,55000,70,2026,8,8
강동구,길동,강동큐브,12.49,11,2013,5000,40,2026,8,8
강동구,암사동,롯데캐슬퍼스트,111.22,24,2008,105000,0,2026,8,8
강동구,강일동,힐스테이트리슈빌강일,84.8935,18,2023,20000,256,2026,8,10
강동구,둔촌동,올림픽파크포레온,95.97,13,2024,170000,0,2026,8,7
강동구,상일동,고덕롯데캐슬베네루체,84.146,1,2019,50000,82,2026,8,8
강동구,명일동,삼익그린2차,66.87,10,1983,44100,0,2026,8,8
강동구,강일동,강일리버파크7단지,84.74,12,2009,20000,200,2026,8,10
강동구,상일동,고덕롯데캐슬베네루체,84.923,26,2019,23000,230,2026,8,8
강동구,천호동,천호롯데아파트,59.99,17,1999,18000,120,2026,8,10
강동구,고덕동,고덕그라시움,59.028,9,2019,44100,28,2026,8,8
강동구,길동,길동생활B,17.11,11,2024,5700,44,2026,8,10
강동구,길동,강동헤리티지자이,84.977,10,2024,78750,0,2026,8,10
강동구,암사동,선사현대아파트,72.85,14,2000,54600,0,2026,8,8
강동구,길동,현대1,59.98,4,1996,42000,0,2026,8,7
강동구,길동,강동헤리티지자이,45.795,4,2024,10500,150,2026,8,8
강동구,상일동,고덕아르테온,84.97,23,2020,105000,0,2026,8,1
강동구,길동,SM드림빌,82.77,4,2002,10010,127,2026,8,5
강동구,길동,강동헤리티지자이,59.98,16,2024,30000,210,2026,8,5
강동구,둔촌동,현대4,59.47,5,1996,30000,80,2026,8,3
강동구,상일동,고덕아르테온,84.93,8,2020,84000,0,2026,8,10
강동구,길동,이편한세상강동에코포레,59.97,7,2020,50000,105,2026,8,8
강동구,상일동,고덕아르테온,84.95,7,2020,90000,80,2026,8,1
강동구,길동,강동헤리티지자이,59.98,10,2024,58800,0,2026,8,7
강동구,성내동,성내동대성,54.41,13,2003,41000,20,2026,8,10
강동구,명일동,고덕삼환아파트,84.644,13,1987,50000,0,2026,8,8
강동구,명일동,삼익그린2차,42.93,3,1983,39000,0,2026,8,1
강동구,천호동,강동중흥S-클래스,47.8419,32,2024,67000,0,2026,8,8
강동구,암사동,중앙하이츠,59.52,8,1998,20000,90,2026,8,8
강동구,강일동,강동리버스트4단지,59.99,12,2020,66000,0,2026,8,9
강동구,고덕동,래미안힐스테이트고덕,84.74,6,2016,84000,0,2026,8,8
강동구,강일동,강동리버스트7단지,29.37,3,2021,3819,7,2026,8,10
강동구,암사동,선사현대아파트,59.64,21,2000,35000,0,2026,8,7
강동구,암사동,선사현대아파트,82.94,4,2000,35000,80,2026,8,8
강동구,명일동,현대(명일),57.09,13,1988,45000,0,2026,8,8
강동구,강일동,강동리버스트7단지,49.36,16,2021,7234,18,2026,8,8
강동구,고덕동,래미안힐스테이트고덕,59.35,6,2016,70000,75,2026,8,8
강동구,명일동,삼익가든,146.54,5,1984,80000,0,2026,8,7
강동구,고덕동,고덕 아이파크,59.99,6,2011,66000,60,2026,8,1
강동구,상일동,고덕숲아이파크,84.85,16,2018,58275,0,2026,8,2
강동구,명일동,명일지에스아파트,59.79,3,1999,45000,60,2026,8,6
강동구,길동,이편한세상강동에코포레,59.99,19,2020,20010,180,2026,8,6
강동구,상일동,고덕리엔파크3단지,84.87,7,2011,40000,110,2026,8,7
강동구,길동,길동생활A,17.11,7,2024,5700,44,2026,8,7
강동구,암사동,선사현대아파트,82.94,25,2000,55000,95,2026,8,7
강동구,둔촌동,올림픽파크포레온,59.99,3,2024,40000,200,2026,8,1
강동구,강일동,강일리버파크6단지,39.9,7,2009,2938,23,2026,8,7
강동구,명일동,명일지에스아파트,59.79,12,1999,30000,105,2026,8,7
강동구,암사동,롯데캐슬퍼스트,133.97,11,2008,94500,0,2026,8,7
강동구,암사동,선사현대아파트,59.64,12,2000,68000,0,2026,8,7
강동구,상일동,고덕롯데캐슬베네루체,84.146,3,2019,70350,0,2026,8,7
강동구,암사동,힐스테이트 강동 리버뷰,84.9628,5,2019,45937,0,2026,8,7
강동구,명일동,삼익그린11차,84.51,7,1986,52500,0,2026,8,6
강동구,강일동,강동리버스트4단지,59.99,10,2020,33075,0,2026,8,7
강동구,강일동,강동리버스트4단지,49.82,16,2020,42000,10,2026,8,7
강동구,상일동,중앙하이츠,59.94,9,1992,39000,10,2026,8,6
강동구,길동,다성이즈빌(387-2),22.32,16,2019,21600,20,2026,8,1
강동구,암사동,선사현대아파트,59.64,24,2000,36000,50,2026,8,6
강동구,천호동,아스하임,12.88,7,2021,14490,30,2026,8,5
강동구,천호동,힐데스하임천호아파트,84.9627,11,2023,85000,0,2026,8,6
강동구,명일동,삼익가든,82.45,1,1984,43050,0,2026,8,6
강동구,상일동,고덕아르테온,59.98,9,2020,86000,0,2026,8,6
강동구,천호동,강동밀레니얼중흥S-클래스,84.2711,17,2024,69000,0,2026,8,6
강동구,암사동,선사현대아파트,59.64,17,2000,35000,110,2026,8,6
강동구,강일동,강일리버파크5단지,84.53,1,2009,39300,80,2026,8,5
강동구,강일동,강동리버스트4단지,59.99,1,2020,58000,0,2026,8,5
강동구,성내동,SM엘루이,26.41,7,2019,29760,6,2026,8,3
강동구,성내동,SM엘루이,23.65,4,2019,28350,6,2026,8,4
강동구,길동,길동생활B,17.11,4,2024,6500,41,2026,8,5
강동구,둔촌동,둔촌푸르지오,59.98,14,2010,70000,0,2026,8,5
강동구,강일동,강일리버파크3단지,59.83,5,2009,43000,0,2026,8,5
강동구,강일동,강일리버파크10단지,84.53,11,2009,10000,210,2026,8,5
강동구,천호동,래미안강동팰리스,59.98,30,2017,84000,0,2026,8,1
강동구,암사동,힐스테이트 강동 리버뷰,84.9921,6,2019,90000,0,2026,8,5
강동구,상일동,고덕리엔파크3단지,114.97,14,2011,44452,0,2026,8,5
강동구,성내동,에스케이허브진,33.71,15,2004,3000,90,2026,8,3
강동구,길동,강동헤리티지자이,74.974,11,2024,63000,0,2026,8,4
강동구,길동,강동헤리티지자이,59.98,4,2024,54600,0,2026,8,4
강동구,강일동,강일리버파크7단지,84.74,9,2009,20000,127,2026,8,4
강동구,길동,청광플러스원큐브2차,14.495,10,2013,9400,16,2026,8,3
강동구,성내동,올림픽파크한양수자인,84.92,9,2016,76600,0,2026,8,1
강동구,상일동,고덕자이,84.445,8,2021,75000,15,2026,8,2
강동구,길동,강동헤리티지자이,45.795,21,2024,10000,140,2026,8,1
강동구,상일동,고덕자이,59.9398,16,2021,60000,95,2026,8,3
강동구,성내동,성내1차e-편한세상,84.49,3,2003,60000,0,2026,8,1
강동구,길동,강동헤리티지자이,59.98,12,2024,21000,168,2026,8,3
강동구,성내동,SM엘루이,26.41,6,2019,28602,10,2026,8,3
강동구,강일동,강동리버스트7단지,59.95,17,2021,33075,0,2026,8,3
강동구,둔촌동,올림픽파크포레온,84.99,18,2024,90000,30,2026,8,3
강동구,천호동,강동역두산위브센티움,59.96,12,2004,8000,135,2026,8,2
강동구,길동,동남아이스타즈,12.22,7,2016,300,89,2026,8,1
강동구,성내동,성안마을청구,59.93,2,2002,39900,0,2026,8,3
강동구,성내동,올림픽파크한양수자인,84.88,8,2016,76000,0,2026,8,1
강동구,둔촌동,신성둔촌미소지움1,59.78,11,1998,47250,0,2026,8,1
강동구,천호동,강동중흥S-클래스,84.1946,13,2024,73500,0,2026,8,1
강동구,명일동,고덕주공9,83.52,10,1985,46200,0,2026,8,1
강동구,상일동,고덕아르테온,84.97,8,2020,20000,340,2026,8,2
강동구,성내동,올림픽파크한양수자인,84.88,9,2016,78750,0,2026,8,1
강동구,명일동,고덕주공9,83.52,10,1985,46200,0,2026,8,1
강동구,성내동,둔촌역청구,59.87,11,1999,48300,0,2026,8,1
강동구,암사동,롯데캐슬퍼스트,112.11,7,2008,89250,0,2026,8,1
강동구,강일동,강동리버스트4단지,49.82,17,2020,35000,5,2026,8,1
강동구,암사동,선사현대아파트,83.79,22,2000,85000,0,2026,8,1
