구,법정동,아파트명,전용면적,층,건축년도,보증금,월세,년,월,일
종로구,창신동,창신이수,120.84,2,2003,80000,0,2026,9,23
종로구,홍파동,경희궁자이(2단지),84.8359,1,2017,133000,0,2026,9,5
종로구,숭인동,삼전솔하임2차,15,4,2012,1000,60,2026,9,14
종로구,숭인동,삼전솔하임2차,16.67,5,2012,500,75,2026,9,14
종로구,평창동,그린나래,36.83,5,2026,6768,20,2026,9,16
종로구,숭인동,종로중흥S클래스,17.811,15,2013,1000,70,2026,9,4
종로구,창신동,창신쌍용1,79.87,8,1992,5000,200,2026,9,5
종로구,숭인동,영하우스,16.59,17,2015,2000,53,2026,9,19
종로구,창신동,동대문,28.8,2,1966,7000,45,2026,9,17
종로구,효제동,포레스트힐시티,18.274,10,2017,5000,84,2026,9,18
종로구,홍파동,경희궁자이(2단지),116.9862,7,2017,180000,0,2026,9,21
종로구,숭인동,숭인상가,77.75,5,1979,30000,0,2026,9,21
종로구,창신동,두산,84.9,11,1999,40000,80,2026,9,19
종로구,창신동,창신쌍용2,54.7,4,1993,38000,0,2026,9,19
종로구,창신동,두산,84.9,16,1999,10000,168,2026,9,19
종로구,창신동,창신쌍용2,64.66,4,1993,37800,0,2026,9,18
종로구,명륜2가,아남1,84.9,20,1995,80000,0,2026,9,15
종로구,홍파동,경희궁자이(2단지),59.8547,1,2017,80000,50,2026,9,19
종로구,홍파동,경희궁자이(2단지),116.9862,17,2017,10000,730,2026,9,16
종로구,숭인동,블루버드숭인,27.3,13,2023,30000,20,2026,9,18
종로구,숭인동,리마크빌종로,19.53,4,2026,1000,123,2026,9,17
종로구,낙원동,낙원,73.59,12,1968,34000,0,2026,9,12
종로구,숭인동,블루버드숭인,27.3,8,2023,9000,130,2026,9,17
종로구,창신동,그린,38.32,3,2002,19000,0,2026,9,4
종로구,인의동,효성쥬얼리시티,98.39,16,2006,75000,0,2026,9,14
종로구,숭인동,COZY빌딩,13.58,10,2013,300,65,2026,9,12
종로구,창신동,창신쌍용1,79.87,2,1992,15000,140,2026,9,16
종로구,창신동,창신쌍용1,54.7,5,1992,20000,50,2026,9,12
종로구,숭인동,숭인한양LEEPS,12.78,3,2014,100,55,2026,9,4
종로구,무악동,현대,60,2,2000,60000,0,2026,9,1
종로구,행촌동,경희궁자이(1단지),39.0561,1,2017,5579,19,2026,9,15
종로구,평동,경희궁자이(3단지),84.8359,12,2017,90000,120,2026,9,3
종로구,무악동,현대,60,6,2000,57000,0,2026,9,15
종로구,숭인동,숭인한양LEEPS,12.78,2,2014,8100,15,2026,9,12
종로구,무악동,현대,84.92,4,2000,75000,0,2026,9,11
종로구,숭인동,종로센트레빌,84.92,1,2008,10000,220,2026,9,12
종로구,무악동,인왕산2차아이파크,84.0283,9,2015,70000,45,2026,9,12
종로구,무악동,현대,84.92,18,2000,65000,0,2026,9,12
종로구,홍파동,경희궁자이(2단지),84.9895,20,2017,123000,0,2026,9,9
종로구,평동,경희궁자이(3단지),59.7547,6,2017,89250,0,2026,9,11
종로구,창신동,두산,59.95,20,1999,56000,0,2026,9,9
종로구,명륜2가,명륜동주상복합아남아파트,65.78,7,1999,66000,0,2026,9,10
종로구,무악동,현대,84.92,11,2000,70000,0,2026,9,10
종로구,창신동,두산,59.95,19,1999,3000,160,2026,9,3
종로구,명륜2가,명륜동주상복합아남아파트,47.43,3,1999,5000,170,2026,9,9
종로구,효제동,이지마루종로,26.65,15,2021,28000,31,2026,9,5
종로구,평동,경희궁자이(3단지),59.8547,15,2017,65000,69,2026,9,7
종로구,숭인동,영하우스,16.59,5,2015,2000,47,2026,9,8
종로구,창신동,두산,84.9,8,1999,5000,200,2026,9,2
종로구,사직동,광화문스페이스본(101동~105동),136.4,9,2008,120000,0,2026,9,7
종로구,익선동,현대뜨레비앙,36.08,9,2003,30450,0,2026,9,4
종로구,무악동,인왕산아이파크,84.858,7,2008,70000,60,2026,9,4
종로구,창신동,두산,84.9,2,1999,52500,0,2026,9,5
종로구,숭인동,익성씨티하임,14.48,15,2013,8500,19,2026,9,4
종로구,숭인동,영하우스,20.27,4,2015,2000,58,2026,9,4
종로구,숭인동,종로센트레빌,59.92,3,2008,53550,0,2026,9,2
종로구,명륜2가,어젤리아명륜1,25.9653,5,2019,1000,82,2026,9,1
종로구,숭인동,숭인한양LEEPS,12.78,11,2014,11000,0,2026,9,2
종로구,평동,경희궁자이(3단지),84.9443,15,2017,50000,320,2026,9,2
종로구,평창동,롯데낙천대,84.21,4,2001,60000,0,2026,9,2
종로구,효제동,이지마루종로,19.31,13,2021,1000,125,2026,9,1
종로구,무악동,현대,60,2,2000,60000,0,2026,9,1
중구,인현동2가,세운푸르지오헤리시티,24.5533,26,2023,3000,142,2026,9,3
중구,신당동,약수하이츠,114.92,5,1999,86000,0,2026,9,17
중구,만리동2가,서울역센트럴자이,84.9918,5,2017,5000,300,2026,9,16
중구,입정동,힐스테이트세운센트럴1단지,49.9668,16,2023,70000,50,2026,9,22
중구,신당동,신당파인힐하나유보라,24.3931,7,2019,1028,67,2026,9,3
중구,신당동,남산타운,59.94,11,2002,55650,0,2026,9,23
중구,신당동,남산타운,59.94,8,2002,10000,245,2026,9,22
중구,신당동,남산타운,114.88,13,2002,90000,0,2026,9,12
중구,신당동,신당파인힐하나유보라,30.4927,3,2019,4112,76,2026,9,15
중구,신당동,약수하이츠,57.63,17,1999,20000,160,2026,9,22
중구,만리동2가,서울역센트럴자이,39.9541,7,2017,4776,7,2026,9,22
중구,인현동2가,세운푸르지오헤리시티,29.4564,20,2023,38000,0,2026,9,19
중구,황학동,롯데캐슬,59.91,32,2008,50000,60,2026,9,22
중구,남대문로5가,남산트라팰리스,148.47,24,2010,0,950,2026,9,17
중구,황학동,황학아크로타워,84.965,8,2010,68000,60,2026,9,13
중구,황학동,롯데캐슬,84.92,16,2008,85000,0,2026,9,22
중구,신당동,신당푸르지오,84.76,4,2005,85000,0,2026,9,19
중구,인현동2가,세운푸르지오헤리시티,29.4564,16,2023,5000,160,2026,9,14
중구,인현동2가,세운푸르지오헤리시티,24.5533,18,2023,5000,136,2026,9,11
중구,순화동,바비엥3,65.71,15,2006,3000,270,2026,9,21
중구,신당동,남산타운,114.88,10,2002,10000,340,2026,9,11
중구,신당동,남산타운,59.94,9,2002,20000,140,2026,9,5
중구,신당동,남산타운,114.88,3,2002,27000,173,2026,9,7
중구,순화동,덕수궁롯데캐슬,82.3212,12,2016,5000,480,2026,9,4
중구,신당동,남산타운,59.94,7,2002,10000,164,2026,9,4
중구,신당동,현대,66.6,1,1993,55000,0,2026,9,21
중구,묵정동,힐스테이트남산,39.76,1,2024,4000,220,2026,9,19
중구,회현동2가,쌍용남산플래티넘,139.8,28,2010,10000,700,2026,9,21
중구,신당동,삼성,84.96,12,1999,70000,0,2026,9,4
중구,황학동,롯데캐슬,59.94,27,2008,49000,0,2026,9,19
중구,신당동,약수하이츠,114.92,13,1999,90000,0,2026,9,17
중구,충무로4가,진양상가,107.9,10,1970,500,36,2026,9,21
중구,신당동,남산타운,84.88,9,2002,10000,280,2026,9,19
중구,신당동,약수하이츠,114.92,6,1999,40000,155,2026,9,19
중구,황학동,황학동코아루,84.94,16,2010,30000,0,2026,9,8
중구,신당동,삼성,114.91,18,1999,10000,260,2026,9,20
중구,신당동,래미안하이베르,84.97,4,2011,20000,161,2026,9,18
중구,신당동,현대,121.14,1,1993,5000,189,2026,9,18
중구,충무로4가,진양상가,78.28,7,1970,22000,60,2026,9,17
중구,입정동,힐스테이트세운센트럴1단지,25.0654,4,2023,5000,150,2026,9,2
중구,신당동,남산타운,59.94,9,2002,20000,178,2026,9,14
중구,황학동,롯데캐슬,59.91,27,2008,20000,140,2026,9,16
중구,입정동,힐스테이트세운센트럴2단지,42.998,26,2023,62000,0,2026,9,3
중구,만리동2가,서울역센트럴자이,72.9965,8,2017,87500,0,2026,9,18
중구,인현동2가,세운푸르지오헤리시티,42.2349,4,2023,70000,0,2026,9,5
중구,신당동,남산타운,59.94,1,2002,52500,0,2026,9,16
중구,신당동,남산타운,84.88,12,2002,70000,0,2026,9,17
중구,인현동2가,세운푸르지오헤리시티,40.7637,19,2023,3000,240,2026,9,1
중구,순화동,바비엥3,65.71,18,2006,20000,160,2026,9,17
중구,순화동,바비엥3,78.29,16,2006,53000,0,2026,9,15
중구,회현동2가,쌍용남산플래티넘,166.24,27,2010,170000,0,2026,9,11
중구,신당동,남산타운,84.88,9,2002,4000,180,2026,9,14
중구,신당동,남산타운,114.88,17,2002,10500,325,2026,9,12
중구,만리동2가,서울역센트럴자이,84.972,3,2017,100000,0,2026,9,15
중구,순화동,덕수궁롯데캐슬,56.2897,5,2016,55000,40,2026,9,10
중구,광희동1가,광희동1가166외7필지청년주택신축,15.51,11,2023,8510,43,2026,9,16
중구,신당동,약수역더시티,18.86,5,2021,2000,100,2026,9,15
중구,황학동,롯데캐슬,33.62,22,2008,6446,26,2026,9,16
중구,신당동,약수하이츠,57.63,18,1999,80000,0,2026,9,7
중구,순화동,덕수궁롯데캐슬,42.3686,8,2016,10000,160,2026,9,5
중구,만리동2가,서울역센트럴자이,72.9733,2,2017,35000,220,2026,9,15
중구,신당동,남산타운,59.94,10,2002,40000,80,2026,9,14
중구,만리동2가,서울역센트럴자이,84.9918,11,2017,75000,30,2026,9,15
중구,입정동,힐스테이트세운센트럴1단지,49.9668,22,2023,5000,350,2026,9,15
중구,인현동2가,세운푸르지오헤리시티,29.4564,4,2023,3000,132,2026,9,15
중구,신당동,남산타운,84.88,9,2002,4000,185,2026,9,14
중구,황학동,롯데캐슬,33.62,17,2008,6869,26,2026,9,14
중구,만리동2가,서울역센트럴자이,59.943,4,2017,65000,0,2026,9,12
중구,신당동,남산타운,59.94,18,2002,5000,220,2026,9,3
중구,신당동,신당파인힐하나유보라,30.4927,13,2019,4112,76,2026,9,2
중구,신당동,삼성,84.96,15,1999,68000,0,2026,9,15
중구,만리동2가,서울역센트럴자이,72.9932,14,2017,50000,170,2026,9,14
중구,황학동,롯데캐슬,33.62,29,2008,917,28,2026,9,15
중구,신당동,청구e편한세상,84.95,11,2011,100000,0,2026,9,12
중구,정동,삼정아트테라스정동,17.7034,6,2020,2000,140,2026,9,11
중구,입정동,힐스테이트세운센트럴1단지,46.8542,15,2023,5000,260,2026,9,5
중구,신당동,약수하이츠,84.88,8,1999,80500,0,2026,9,14
중구,충무로4가,남산센트럴자이,82.413,7,2009,78000,0,2026,9,14
중구,신당동,약수역더시티,18.86,10,2021,1000,115,2026,9,12
중구,인현동2가,세운푸르지오헤리시티,24.5533,23,2023,34000,0,2026,9,14
중구,신당동,약수하이츠,84.88,18,1999,68200,0,2026,9,11
중구,흥인동,위더스하임,23.82,11,2018,26300,0,2026,9,9
중구,황학동,한양I-Class,16.37,16,2013,1000,70,2026,9,10
중구,흥인동,청계천두산위브더제니스,124.2102,10,2014,105000,40,2026,9,11
중구,신당동,래미안하이베르,59.95,1,2011,68000,0,2026,9,11
중구,장충동1가,장충동라임카운티,244.47,4,2000,10000,960,2026,9,10
중구,신당동,남산타운,59.94,14,2002,20000,170,2026,9,10
중구,신당동,삼성,59.97,1,1999,54500,0,2026,9,4
중구,신당동,약수하이츠,84.88,3,1999,68000,0,2026,9,5
중구,신당동,약수하이츠,114.92,4,1999,5000,310,2026,9,9
중구,신당동,남산타운,59.94,11,2002,30000,111,2026,9,2
중구,황학동,롯데캐슬,114.9,27,2008,75500,25,2026,9,7
중구,신당동,유정,29.4,4,2001,11100,0,2026,9,9
중구,회현동2가,쌍용남산플래티넘,177,29,2010,0,1100,2026,9,7
중구,신당동,신당동파라다이스,84.96,6,2000,66000,0,2026,9,8
중구,인현동2가,세운푸르지오헤리시티,29.4564,20,2023,5000,145,2026,9,8
중구,신당동,약수하이츠,84.88,11,1999,75000,0,2026,9,8
중구,중림동,삼성사이버빌리지,84.93,15,2001,70000,0,2026,9,7
중구,인현동2가,세운푸르지오헤리시티,29.4564,19,2023,5000,140,2026,9,5
중구,황학동,황학동코아루,84.96,14,2010,68250,0,2026,9,8
중구,중림동,삼성사이버빌리지,59.7,15,2001,5000,230,2026,9,8
중구,신당동,삼성,59.98,12,1999,60000,0,2026,9,5
중구,인현동2가,세운푸르지오헤리시티,40.7637,23,2023,54000,0,2026,9,8
중구,인현동2가,세운푸르지오헤리시티,29.4564,25,2023,5000,165,2026,9,7
중구,신당동,약수하이츠,84.88,19,1999,78750,0,2026,9,7
중구,신당동,한스아파트,16.64,8,2011,15000,0,2026,9,7
중구,신당동,남산타운,59.94,14,2002,55000,0,2026,9,5
중구,황학동,롯데캐슬,59.91,30,2008,69000,0,2026,9,4
중구,신당동,삼성,84.96,2,1999,70000,0,2026,9,5
중구,중림동,삼성사이버빌리지,114.77,8,2001,97000,0,2026,9,7
중구,회현동1가,SK리더스뷰남산,145.79,7,2010,138000,0,2026,9,4
중구,오장동,이지마루오장,24.66,10,2018,20000,45,2026,9,4
중구,황학동,롯데캐슬,59.94,32,2008,59800,0,2026,9,5
중구,황학동,롯데캐슬,59.91,23,2008,65000,0,2026,9,3
중구,인현동2가,세운푸르지오헤리시티,28.4064,22,2023,5000,150,2026,9,1
중구,신당동,한스아파트B,18.9,2,2012,13500,10,2026,9,3
중구,신당동,신당동파라다이스,59.9,4,2000,30000,48,2026,9,3
중구,입정동,힐스테이트세운센트럴2단지,42.998,6,2023,3000,250,2026,9,2
중구,흥인동,동대문와이즈캐슬,15.55,15,2014,1000,75,2026,9,1
중구,오장동,오렌지카운티을지로,24.19,10,2020,20000,50,2026,9,1
중구,신당동,남산타운,59.94,3,2002,53500,0,2026,9,1
중구,황학동,황학아크로타워,84.962,15,2010,78750,0,2026,9,1
중구,만리동2가,서울역한라비발디센트럴,71.9832,14,2018,5000,320,2026,9,1
용산구,도원동,삼성래미안,84.69,12,2001,65000,0,2026,9,1
용산구,한강로2가,용산베르디움프렌즈,19.6951,33,2021,2639,9,2026,9,2
용산구,효창동,용산롯데캐슬센터포레,59.9525,11,2019,68000,0,2026,9,4
용산구,이촌동,강촌,84.905,6,1998,90000,0,2026,9,22
용산구,이촌동,LG한강자이,171.74,15,2003,215000,0,2026,9,3
용산구,갈월동,용산남영역롯데캐슬헤리티지,39.8291,21,2025,19900,83,2026,9,23
용산구,이촌동,강촌,59.12,14,1998,70000,0,2026,9,23
용산구,한강로3가,센트럴파크,114.8905,37,2020,200000,0,2026,9,23
용산구,한강로3가,시티하우스,19.89,6,2011,20000,4,2026,9,19
용산구,이촌동,강촌,114.595,17,1998,80000,170,2026,9,10
용산구,한강로3가,용산시티파크(1단지),181.89,21,2007,250000,0,2026,9,23
용산구,원효로1가,용산더프라임,114.218,35,2014,115500,0,2026,9,22
용산구,산천동,리버힐삼성,59.55,15,2001,50000,0,2026,9,19
용산구,서빙고동,그린파크(코오롱하늘채),84.99,16,2000,43200,150,2026,9,15
용산구,이태원동,다원,135.14,4,2003,1350,472,2026,9,11
용산구,한남동,한남더힐,208.478,4,2011,157500,1942,2026,9,21
용산구,이촌동,LG한강자이,169.44,7,2003,200000,0,2026,9,21
용산구,이촌동,한강(대우),60,14,2000,70000,34,2026,9,19
용산구,산천동,리버힐삼성,59.55,9,2001,23000,126,2026,9,22
용산구,한남동,대성이태리하우스,84.89,5,2006,99500,0,2026,9,22
용산구,문배동,CJ나인파크,84.98,23,2007,20000,260,2026,9,12
용산구,용산동2가,용암한신,72.66,8,1982,8000,90,2026,9,22
용산구,효창동,용산데시앙포레,84.9956,4,2022,98000,0,2026,9,21
용산구,문배동,리첸시아용산B,84.83,5,2010,52000,145,2026,9,22
용산구,이촌동,대림,59.22,4,1994,39354,0,2026,9,19
용산구,이태원동,용산동아파트,51.27,1,1969,23620,0,2026,9,22
용산구,도원동,삼성래미안,59.94,20,2001,40000,110,2026,9,5
용산구,이촌동,동부센트레빌,100.92,23,2001,10000,500,2026,9,18
용산구,용문동,브라운스톤,59.94,10,2011,35000,130,2026,9,10
용산구,한강로3가,센트럴파크,114.5011,27,2020,194000,0,2026,9,21
용산구,용산동5가,용산파크타워(24-1),140.31,11,2009,20000,660,2026,9,4
용산구,원효로1가,용산원효루미니,43.9485,8,2022,18480,85,2026,9,22
용산구,한강로2가,벽산메가트리움,84.74,24,2005,90000,0,2026,9,20
용산구,한강로2가,한강로대우아이빌,29.53,11,2004,2000,84,2026,9,19
용산구,원효로1가,용산원효루미니,43.9656,9,2022,17344,81,2026,9,21
용산구,산천동,리버힐삼성,84.98,12,2001,40000,150,2026,9,21
용산구,이촌동,이촌코오롱(A),84.78,14,1999,20000,250,2026,9,21
용산구,효창동,용산케이씨씨스위첸,59.95,11,2018,78600,0,2026,9,21
용산구,원효로1가,용산원효루미니,33.9588,11,2022,12106,55,2026,9,21
용산구,한강로3가,센트럴파크,102.8617,38,2020,210000,0,2026,9,20
용산구,한남동,한남더힐,233.062,3,2011,575000,0,2026,9,18
용산구,이태원동,어반메시남산,56.505,4,2021,3000,350,2026,9,15
용산구,이촌동,강촌,59.12,14,1998,35000,160,2026,9,19
용산구,후암동,남산애지앙,109.12,4,2003,10000,300,2026,9,19
용산구,원효로1가,용산원효루미니,43.9656,10,2022,17344,81,2026,9,21
용산구,이촌동,동아그린,114.96,10,1999,80000,0,2026,9,11
용산구,이촌동,북한강(성원),59.55,8,2001,40000,100,2026,9,19
용산구,이촌동,강변,59.44,5,1971,2000,100,2026,9,17
용산구,문배동,CJ나인파크,84.98,3,2007,75000,0,2026,9,19
용산구,이촌동,북한강(성원),59.55,11,2001,51800,30,2026,9,21
용산구,한강로3가,센트럴파크,114.5011,24,2020,200000,30,2026,9,18
용산구,용산동5가,용산파크타워(24-0),118.2,13,2009,135000,0,2026,9,12
용산구,이촌동,동아그린,59.58,19,1999,62000,0,2026,9,19
용산구,신계동,용산e편한세상,84.89,4,2011,94500,0,2026,9,19
용산구,한남동,한남더힐,208.478,3,2011,15000,2500,2026,9,18
용산구,이촌동,한강맨숀,167.21,4,1971,62000,0,2026,9,10
용산구,이촌동,현대한강,84.88,13,1997,75000,20,2026,9,12
용산구,신계동,용산e편한세상,84.89,15,2011,99750,0,2026,9,12
용산구,문배동,용산KCC웰츠타워,84.03,30,2015,60000,120,2026,9,18
용산구,이촌동,우성,114.74,9,1995,125000,0,2026,9,18
용산구,원효로4가,강변삼성스위트,84.94,5,1999,56700,0,2026,9,17
용산구,문배동,용산KCC웰츠타워,84.03,20,2015,89250,0,2026,9,18
용산구,서빙고동,신동아,210.25,2,1984,120000,0,2026,9,18
용산구,이태원동,남산대림,59.92,5,1994,45000,50,2026,9,18
용산구,도원동,삼성래미안,59.94,2,2001,61000,0,2026,9,12
용산구,한강로3가,시티파크(2단지),184.51,14,2007,199000,0,2026,9,14
용산구,효창동,용산롯데캐슬센터포레,84.909,3,2019,110000,0,2026,9,17
용산구,이촌동,현대한강,84.88,3,1997,70000,0,2026,9,7
용산구,문배동,이안용산프리미어,84.98,31,2007,3000,210,2026,9,18
용산구,후암동,화인,143.25,3,2002,80000,0,2026,9,18
용산구,한강로2가,용산파크e-편한세상,84.67,21,2007,88000,0,2026,9,17
용산구,이촌동,북한강(성원),59.55,5,2001,5000,220,2026,9,11
용산구,한강로2가,아스테리움용산,156.08,9,2012,20000,1400,2026,9,5
용산구,문배동,이안용산1차(103동),84.96,2,2005,72000,0,2026,9,7
용산구,문배동,이안용산1차(103동),84.9,11,2005,70000,0,2026,9,16
용산구,이촌동,한가람,84.96,18,1998,10000,336,2026,9,12
용산구,효창동,효창파크푸르지오,59.41,15,2010,75180,0,2026,9,11
용산구,원효로4가,강변삼성스위트,59.94,10,1999,45000,70,2026,9,16
용산구,도원동,삼성래미안,84.69,8,2001,80000,0,2026,9,17
용산구,효창동,효창한신,112.41,5,1987,22000,160,2026,9,17
용산구,한강로3가,시티파크(2단지),117.62,23,2007,0,700,2026,9,11
용산구,한남동,한남아이파크애비뉴,49.6971,14,2017,5000,310,2026,9,3
용산구,원효로1가,리첸시아용산A,122.54,9,2010,70000,160,2026,9,16
용산구,후암동,후암미주,62.74,1,1980,2000,95,2026,9,15
용산구,이촌동,이촌시범,69.42,4,1970,21000,0,2026,9,16
용산구,원효로1가,리첸시아용산A,107.45,7,2010,50000,240,2026,9,16
용산구,이촌동,한가람,114.96,13,1998,10000,359,2026,9,14
용산구,이촌동,월드메르디앙,84.964,8,1971,90000,0,2026,9,16
용산구,이촌동,강촌,114.595,17,1998,80000,170,2026,9,5
용산구,한강로3가,한강자이에클라트,82.28,15,2006,56000,100,2026,9,8
용산구,서계동,어반허브서울스테이션(UrbanHubSeoulStation),21.9216,5,2025,10800,49,2026,9,16
용산구,한강로3가,에피소드용산,24.6306,13,2024,2000,226,2026,9,10
용산구,이촌동,래미안첼리투스,124.35,5,2015,55000,550,2026,9,16
용산구,이촌동,이촌코오롱(A),59.82,1,1999,10000,250,2026,9,13
용산구,이촌동,현대한강,84.88,6,1997,68250,0,2026,9,15
용산구,원효로1가,용산더프라임,142.901,33,2014,145000,0,2026,9,10
용산구,한남동,한남힐스테이트,84.757,9,2003,15000,300,2026,9,4
용산구,이촌동,한가람,114.96,8,1998,10000,370,2026,9,12
용산구,한강로3가,센트럴파크,40.3696,8,2020,2353,30,2026,9,14
용산구,한강로3가,센트럴파크,40.4796,18,2020,7942,10,2026,9,14
용산구,이촌동,현대한강,84.88,20,1997,80000,0,2026,9,8
용산구,이촌동,LG한강자이,171.74,23,2003,250000,0,2026,9,14
용산구,한강로3가,시티하우스,19.9,6,2011,8000,65,2026,9,12
용산구,이촌동,우성,58.2,16,1995,75000,0,2026,9,15
용산구,원효로1가,시온캐슬용산,19.33,11,2021,36750,0,2026,9,15
용산구,한남동,한남더힐,208.478,5,2011,535500,0,2026,9,14
용산구,원효로1가,용산원효루미니,33.9588,27,2022,12179,70,2026,9,15
용산구,원효로1가,용산원효루미니,43.9656,18,2022,17344,81,2026,9,15
용산구,문배동,이안용산1차(103동),84.67,7,2005,71000,0,2026,9,12
용산구,효창동,용산롯데캐슬센터포레,84.909,6,2019,114500,0,2026,9,14
용산구,효창동,용산케이씨씨스위첸,59.97,2,2018,60000,130,2026,9,12
용산구,효창동,효창파크푸르지오,59.41,13,2010,52000,130,2026,9,12
용산구,이촌동,한가람,59.88,3,1998,53000,0,2026,9,11
용산구,한강로3가,시티파크(2단지),149.69,23,2007,20000,700,2026,9,9
용산구,용산동5가,용산파크타워(24-1),140.31,21,2009,70000,480,2026,9,10
용산구,한강로2가,용산푸르지오써밋(420),118.3669,25,2017,0,1010,2026,9,4
용산구,한강로3가,시티파크(2단지),117.62,13,2007,0,600,2026,9,10
용산구,이촌동,한가람,59.88,5,1998,10000,233,2026,9,3
용산구,한강로3가,센트럴파크,40.3696,6,2020,5492,24,2026,9,14
용산구,한강로3가,용산시티파크(1단지),146.56,26,2007,180000,0,2026,9,12
용산구,원효로3가,용산소미글로벌리버파크,26.46,17,2022,30870,0,2026,9,14
용산구,이태원동,남산대림,59.92,2,1994,50000,50,2026,9,12
용산구,이촌동,이촌시범,59.5,6,1970,25000,0,2026,9,12
용산구,한강로3가,시티하우스,19.9,4,2011,1500,100,2026,9,11
용산구,이촌동,한강맨숀,120.56,5,1971,46500,0,2026,9,12
용산구,이촌동,우성,58.2,9,1995,65000,0,2026,9,14
용산구,문배동,아크로타워,84.97,26,2007,77500,0,2026,9,12
용산구,후암동,행남그랜드,84.73,1,2004,45000,50,2026,9,12
용산구,이촌동,한강(대우),135.87,13,2000,120000,0,2026,9,5
용산구,한강로2가,벽산메가트리움,84.87,27,2005,83000,17,2026,9,12
용산구,이촌동,동아그린,59.58,6,1999,52500,0,2026,9,13
용산구,이촌동,왕궁,102.48,5,1974,52500,0,2026,9,12
용산구,도원동,삼성래미안,59.94,8,2001,63000,0,2026,9,12
용산구,이촌동,한가람,59.88,19,1998,80000,0,2026,9,12
용산구,후암동,남산애지앙,44.88,1,2003,31000,0,2026,9,12
용산구,산천동,리버힐삼성,59.55,2,2001,54000,0,2026,9,12
용산구,원효로1가,용산파크뷰(46-3),27.57,12,2018,32500,0,2026,9,12
용산구,문배동,이안용산프리미어,109.03,26,2007,85000,0,2026,9,11
용산구,이촌동,동아그린,84.82,14,1999,65000,0,2026,9,5
용산구,문배동,이안용산1차(103동),84.9,2,2005,65000,0,2026,9,11
용산구,이촌동,한가람,59.88,6,1998,15000,250,2026,9,8
용산구,이촌동,한강맨숀,101.95,5,1971,39500,0,2026,9,3
용산구,이촌동,동원베네스트,84.97,12,2005,20000,204,2026,9,10
용산구,이촌동,동부센트레빌,100.8,23,2001,90000,150,2026,9,11
용산구,갈월동,용산남영역롯데캐슬헤리티지,49.7596,10,2025,23300,96,2026,9,11
용산구,이촌동,대림,84.78,14,1994,70000,20,2026,9,10
용산구,한강로1가,삼각아파트,79.34,5,1970,20000,0,2026,9,11
용산구,한남동,한남동리첸시아,72.06,8,2004,73500,53,2026,9,10
용산구,이촌동,한가람,114.96,14,1998,5000,490,2026,9,10
용산구,한강로3가,센트럴파크,102.8617,12,2020,180000,0,2026,9,10
용산구,후암동,후암미주,64.07,1,1980,28000,0,2026,9,6
용산구,용산동5가,용산파크타워(24-0),100.29,9,2009,125000,0,2026,9,5
용산구,이촌동,대림,84.78,10,1994,75000,0,2026,9,10
용산구,한강로3가,센트럴파크,102.8617,10,2020,108000,310,2026,9,7
용산구,한남동,한남아이파크애비뉴,49.6971,16,2017,20000,240,2026,9,9
용산구,이촌동,북한강(성원),59.55,13,2001,55000,0,2026,9,10
용산구,효창동,용산데시앙포레,59.8391,11,2022,83000,0,2026,9,10
용산구,이촌동,래미안첼리투스,124.35,20,2015,160000,240,2026,9,10
용산구,도원동,삼성래미안,59.94,8,2001,52000,50,2026,9,9
용산구,이태원동,남산대림,59.92,3,1994,57500,0,2026,9,1
용산구,서빙고동,그린파크(코오롱하늘채),84.99,10,2000,75000,0,2026,9,9
용산구,이촌동,시범(중산1차),59.5,6,1970,14000,0,2026,9,9
용산구,한강로3가,한강자이에클라트,84.73,21,2006,64422,0,2026,9,5
용산구,이촌동,한가람,59.88,9,1998,68000,0,2026,9,3
용산구,이촌동,대림,59.22,14,1994,5000,200,2026,9,8
용산구,이촌동,대림,59.22,9,1994,45000,0,2026,9,8
용산구,이촌동,동아그린,84.82,11,1999,50000,55,2026,9,5
용산구,효창동,효창파크푸르지오,84.45,3,2010,81438,0,2026,9,8
용산구,이촌동,동원베네스트,84.973,11,2005,78000,0,2026,9,8
용산구,이촌동,한가람,71.45,1,1998,85000,0,2026,9,5
용산구,이태원동,청화1,105.75,11,1982,30000,210,2026,9,7
용산구,이촌동,동원베네스트,84.973,11,2005,78000,0,2026,9,8
용산구,효창동,효창파크푸르지오,84.45,13,2010,105000,0,2026,9,7
용산구,원효로1가,리첸시아용산A,122.54,20,2010,120000,0,2026,9,8
용산구,원효로1가,용산원효루미니,15.965,29,2022,6543,30,2026,9,8
용산구,한강로2가,용산아이피아대주피오레,84.6,7,2007,40000,0,2026,9,5
용산구,한강로2가,용산베르디움프렌즈,19.6951,16,2021,1319,12,2026,9,2
용산구,이촌동,현대한강,59.55,16,1997,40000,115,2026,9,5
용산구,이촌동,동아그린,59.58,6,1999,55000,0,2026,9,2
용산구,이촌동,현대한강,59.55,18,1997,67000,0,2026,9,5
용산구,서빙고동,한강르네상스,60.42,6,2010,7000,137,2026,9,6
용산구,용문동,브라운스톤,59.94,5,2011,69000,0,2026,9,4
용산구,한남동,한남더힐,59.686,4,2011,15000,825,2026,9,6
용산구,이촌동,한가람,114.96,5,1998,122000,0,2026,9,5
용산구,이촌동,한강(대우),135.87,10,2000,132000,0,2026,9,4
용산구,문배동,용산큐브,13.01,15,2013,17000,10,2026,9,1
용산구,이촌동,북한강(성원),59.55,11,2001,62500,0,2026,9,4
용산구,신계동,용산e편한세상,84.21,1,2011,100000,0,2026,9,7
용산구,용문동,브라운스톤,84.98,9,2011,73500,0,2026,9,3
용산구,이태원동,용산동아파트,58.28,2,1969,25000,0,2026,9,4
용산구,효창동,용산데시앙포레,84.9956,3,2022,97000,0,2026,9,1
용산구,도원동,삼성래미안,114.99,11,2001,78750,0,2026,9,5
용산구,산천동,리버힐삼성,59.55,4,2001,60000,0,2026,9,5
용산구,문배동,이안용산프리미어,110.14,9,2007,84000,0,2026,9,4
용산구,한강로3가,한강자이에클라트,79.73,17,2006,49500,0,2026,9,4
용산구,이촌동,월드메르디앙,84.964,2,1971,90000,0,2026,9,5
용산구,한강로3가,센트럴파크,102.8617,27,2020,150000,90,2026,9,5
용산구,한남동,한남파라곤,82.624,6,2011,15000,470,2026,9,4
용산구,신계동,용산e편한세상,124.08,11,2011,75000,280,2026,9,5
용산구,효창동,용산데시앙포레,59.7642,12,2022,50000,130,2026,9,2
용산구,산천동,리버힐삼성,59.55,7,2001,57750,0,2026,9,5
용산구,후암동,힐튼빌리지1차,82.35,1,2002,2000,127,2026,9,1
용산구,산천동,리버힐삼성,59.55,9,2001,10000,220,2026,9,4
용산구,원효로1가,용산원효루미니,43.9656,16,2022,17344,80,2026,9,4
용산구,이촌동,우성,84.86,10,1995,40000,228,2026,9,3
용산구,한남동,한남힐스테이트,130.898,5,2003,40000,330,2026,9,3
용산구,원효로1가,용산원효루미니,43.9485,22,2022,18480,86,2026,9,4
용산구,문배동,아크로타워,126.3,28,2007,10000,400,2026,9,4
용산구,산천동,한강타운,59.69,11,2001,55650,0,2026,9,4
용산구,한강로2가,용산베르디움프렌즈,19.6951,22,2021,2639,9,2026,9,3
용산구,이촌동,대림,84.78,17,1994,71400,0,2026,9,2
용산구,이촌동,북한강(성원),59.55,14,2001,52500,0,2026,9,2
용산구,이촌동,보람더하임,84.5343,1,2009,30000,0,2026,9,3
용산구,이촌동,강변,61.26,3,1971,5000,80,2026,9,3
용산구,이촌동,한가람,59.88,9,1998,68000,0,2026,9,3
용산구,이촌동,북한강(성원),59.55,1,2001,35000,80,2026,9,3
용산구,한강로3가,철우,68.76,5,1978,27300,0,2026,9,3
용산구,용문동,브라운스톤,59.94,6,2011,65100,0,2026,9,3
용산구,한강로2가,용산베르디움프렌즈,39.8036,9,2021,4452,15,2026,9,2
용산구,이촌동,한가람,59.88,11,1998,8000,230,2026,9,1
용산구,한강로2가,용산베르디움프렌즈,39.8036,27,2021,2671,9,2026,9,2
용산구,효창동,세양청마루,84.18,3,2006,73500,0,2026,9,2
용산구,문배동,CJ나인파크,123.47,21,2007,70000,230,2026,9,2
용산구,한강로2가,용산베르디움프렌즈,39.8036,25,2021,2671,9,2026,9,2
용산구,한강로1가,용산파크자이,123.12,28,2005,110000,0,2026,9,2
용산구,한강로2가,용산베르디움프렌즈,19.6951,33,2021,2639,9,2026,9,2
용산구,효창동,용산케이씨씨스위첸,84.91,16,2018,85000,0,2026,9,2
용산구,한강로2가,용산베르디움프렌즈,19.6951,10,2021,2639,9,2026,9,2
용산구,보광동,리버빌(삼성),84.74,10,2000,10000,270,2026,9,2
용산구,한강로2가,용산베르디움프렌즈,19.6951,16,2021,2639,9,2026,9,2
용산구,한남동,한남해피트리,64.24,4,2016,20000,330,2026,9,1
용산구,한강로2가,래미안용산더센트럴,161.48,26,2017,150000,500,2026,9,2
용산구,한강로3가,센트럴파크,92.9164,28,2020,150465,0,2026,9,2
용산구,이촌동,북한강(성원),59.55,2,2001,50000,0,2026,9,2
용산구,갈월동,용산남영역롯데캐슬헤리티지,23.9784,18,2025,8300,80,2026,9,2
용산구,청파동3가,베르체,105.03,1,2003,60000,0,2026,9,2
용산구,이태원동,청화1,146.25,1,1982,83000,0,2026,9,1
용산구,이태원동,주공1,84.66,5,1993,70000,0,2026,9,1
용산구,이촌동,강변,66.08,4,1971,25500,0,2026,9,1
성동구,응봉동,금호현대,59.91,10,1990,53000,0,2026,9,11
성동구,행당동,서울숲리버뷰자이,59.97,7,2018,63000,135,2026,9,7
성동구,행당동,신동아,59.97,10,1995,37590,0,2026,9,1
성동구,행당동,서울숲더샵,84.18,20,2014,105000,0,2026,9,18
성동구,행당동,행당한진타운,59.96,7,2000,57750,0,2026,9,23
성동구,행당동,지웰홈스왕십리,36.17,17,2020,3000,162,2026,9,8
성동구,행당동,행당한진타운,84.71,11,2000,84000,0,2026,9,22
성동구,금호동2가,신금호파크자이,59.98,8,2016,63500,0,2026,9,23
성동구,성수동1가,쌍용,59.76,20,1997,70000,0,2026,9,23
성동구,금호동2가,신금호파크자이,59.98,9,2016,83000,0,2026,9,23
성동구,성수동1가,트리마제,84.8111,33,2017,20000,1150,2026,9,21
성동구,성수동1가,동아,53.14,5,1983,43000,0,2026,9,11
성동구,금호동4가,서울숲푸르지오,84.87,5,2007,85000,0,2026,9,22
성동구,금호동3가,금호1차푸르지오,59.97,5,2005,10000,220,2026,9,23
성동구,성수동2가,성수동두산위브,131.2,7,2006,90000,0,2026,9,9
성동구,옥수동,옥수파크힐스101동~116동,84.51,2,2016,60000,174,2026,9,11
성동구,금호동1가,벽산,84.82,9,2001,63000,0,2026,9,23
성동구,성수동1가,서울숲아이파크리버포레2차,59.9566,35,2025,30000,450,2026,9,22
성동구,행당동,행당한진타운,59.96,22,2000,62500,0,2026,9,5
성동구,옥수동,옥수어울림,84.65,3,2011,60000,220,2026,9,12
성동구,금호동2가,금호자이1차,59.99,3,2012,30000,200,2026,9,22
성동구,마장동,왕십리삼성아파트,59.76,10,1996,63000,0,2026,9,22
성동구,금호동3가,금호1차푸르지오,114.76,2,2005,74900,0,2026,9,23
성동구,응봉동,대림(2차),59.91,3,1989,50000,0,2026,9,9
성동구,행당동,대림e-편한세상,59.96,11,2000,50000,55,2026,9,22
성동구,성수동1가,트리마제,25.3284,16,2017,60000,0,2026,9,13
성동구,금호동4가,대우,114.71,18,2001,50000,210,2026,9,21
성동구,금호동4가,대우,59.97,17,2001,70000,0,2026,9,22
성동구,성수동2가,성수우방2차아파트,84.645,7,1999,65000,0,2026,9,22
성동구,옥수동,옥수파크힐스101동~116동,84.3,8,2016,64900,160,2026,9,19
성동구,행당동,행당두산위브,59.99,9,2009,30000,185,2026,9,19
성동구,하왕십리동,센트라스,40.94,12,2016,6000,190,2026,9,10
성동구,금호동4가,서울숲푸르지오,114.8,8,2007,15000,460,2026,9,4
성동구,금호동4가,서울숲푸르지오,59.99,7,2007,77000,0,2026,9,19
성동구,금호동2가,신금호파크자이,59.98,14,2016,82950,0,2026,9,16
성동구,행당동,대림e-편한세상,84.87,15,2000,75000,0,2026,9,22
성동구,옥수동,현대,71.05,9,1990,54000,0,2026,9,22
성동구,금호동4가,대우,59.97,20,2001,60000,30,2026,9,19
성동구,행당동,지웰홈스왕십리,34.64,17,2020,3000,155,2026,9,3
성동구,행당동,대림e-편한세상,59.96,12,2000,60000,0,2026,9,10
성동구,행당동,서울숲행당푸르지오,84.81,4,2011,20000,280,2026,9,21
성동구,상왕십리동,텐즈힐(2단지),59.96,4,2014,30000,127,2026,9,19
성동구,성수동1가,트리마제,49.6683,9,2017,123000,0,2026,9,22
성동구,금호동4가,대우,59.97,8,2001,10000,191,2026,9,18
성동구,성수동1가,대우2,59.83,3,1999,53500,0,2026,9,21
성동구,성수동2가,강변금호타운,84.96,4,1994,20000,120,2026,9,18
성동구,하왕십리동,센트라스,59.94,1,2016,90000,0,2026,9,18
성동구,옥수동,옥수파크힐스101동~116동,59.88,19,2016,60000,140,2026,9,18
성동구,행당동,서울숲행당푸르지오,84.74,11,2011,20000,290,2026,9,15
성동구,행당동,지웰홈스왕십리,16.41,17,2020,1000,104,2026,9,9
성동구,행당동,행당두산위브,59.99,7,2009,30000,170,2026,9,17
성동구,금호동3가,금호한신,59.99,13,2005,70000,0,2026,9,9
성동구,상왕십리동,텐즈힐(2단지),84.92,9,2014,105000,0,2026,9,19
성동구,하왕십리동,센트라스,84.96,12,2016,60000,200,2026,9,18
성동구,응봉동,서울숲리버그린동아아파트,84.65,11,2003,82000,0,2026,9,21
성동구,행당동,서울숲 한신 더 휴,114.97,11,2003,86000,16,2026,9,21
성동구,금호동4가,브라운스톤금호,84.838,14,2007,90300,0,2026,9,17
성동구,마장동,현대,134.79,2,1998,20000,160,2026,9,19
성동구,마장동,대성유니드,84.71,4,2004,50000,120,2026,9,19
성동구,행당동,서울숲삼부아파트,122.01,4,1998,99000,0,2026,9,19
성동구,금호동4가,힐스테이트서울숲리버,84.88,6,2018,80000,120,2026,9,19
성동구,성수동1가,서울숲성수현대,69.21,11,1990,59850,0,2026,9,19
성동구,행당동,서울숲 한신 더 휴,59.94,3,2003,58000,0,2026,9,21
성동구,성수동2가,청구강변1,59.94,9,1994,50400,0,2026,9,2
성동구,행당동,대림e-편한세상,84.87,12,2000,50000,110,2026,9,16
성동구,옥수동,래미안 옥수 리버젠,84.73,6,2012,110000,0,2026,9,12
성동구,금호동3가,두산,79.08,2,1994,60000,0,2026,9,18
성동구,행당동,행당한진타운,84.71,15,2000,75000,0,2026,9,5
성동구,하왕십리동,센트라스,40.94,12,2016,5000,200,2026,9,18
성동구,응봉동,대림강변타운,114.88,21,2001,110000,0,2026,9,19
성동구,성수동2가,현대I-PARK,104.56,7,2003,100000,0,2026,9,12
성동구,옥수동,옥수삼성,84.822,14,1999,70000,55,2026,9,19
성동구,행당동,대림e-편한세상,84.87,13,2000,83000,0,2026,9,19
성동구,행당동,대림e-편한세상,84.87,5,2000,50000,93,2026,9,19
성동구,행당동,대림e-편한세상,59.96,7,2000,53000,33,2026,9,4
성동구,행당동,대림e-편한세상,84.87,7,2000,70000,0,2026,9,19
성동구,송정동,건영,59.21,4,2000,5000,220,2026,9,18
성동구,마장동,라봄성동,20.2962,12,2025,9500,61,2026,9,18
성동구,응봉동,대림강변타운,114.88,6,2001,105000,0,2026,9,19
성동구,행당동,대림e-편한세상,59.96,5,2000,46500,30,2026,9,13
성동구,옥수동,래미안 옥수 리버젠,59.25,3,2012,45000,140,2026,9,18
성동구,옥수동,옥수이테크빌,84.37,2,2002,20000,260,2026,9,19
성동구,금호동1가,벽산,59.9,14,2001,50000,0,2026,9,19
성동구,응봉동,서울숲리버그린동아아파트,84.83,15,2003,20000,270,2026,9,18
성동구,금호동4가,서울숲2차푸르지오,59.907,4,2012,10000,300,2026,9,19
성동구,행당동,행당한진타운,84.71,11,2000,80000,0,2026,9,19
성동구,행당동,대림e-편한세상,84.87,5,2000,50000,93,2026,9,19
성동구,금호동4가,서울숲푸르지오,59.99,13,2007,70000,0,2026,9,14
성동구,마장동,대성유니드,84.71,15,2004,63000,0,2026,9,18
성동구,행당동,신동아,59.97,5,1995,16000,80,2026,9,14
성동구,금호동1가,신금호두산위브,59.92,10,2006,27000,165,2026,9,18
성동구,행당동,신동아,59.94,1,1995,48000,0,2026,9,18
성동구,금호동4가,힐스테이트서울숲리버,114.86,2,2018,148000,0,2026,9,7
성동구,마장동,삼성홈타운,18.06,6,2015,2000,65,2026,9,14
성동구,성수동1가,쌍용,59.76,13,1997,65100,0,2026,9,6
성동구,행당동,대림e-편한세상,84.87,7,2000,75000,0,2026,9,18
성동구,옥수동,래미안 옥수 리버젠,59.25,9,2012,5000,100,2026,9,18
성동구,성수동1가,강변건영아파트,84.941,8,2002,70000,100,2026,9,18
성동구,상왕십리동,텐즈힐(2단지),84.95,9,2014,10000,330,2026,9,18
성동구,금호동3가,금호자이2차,59.9663,13,2012,72000,0,2026,9,16
성동구,옥수동,래미안 옥수 리버젠,59.25,7,2012,91300,0,2026,9,18
성동구,옥수동,래미안 옥수 리버젠,59.84,14,2012,91000,0,2026,9,12
성동구,옥수동,옥수파크힐스101동~116동,59.78,4,2016,93450,0,2026,9,5
성동구,성수동1가,한진타운,59.4,17,1994,73000,0,2026,9,18
성동구,행당동,서울숲 한신 더 휴,59.91,20,2003,45000,100,2026,9,17
성동구,행당동,서울숲 한신 더 휴,114.97,22,2003,81000,0,2026,9,9
성동구,금호동2가,래미안하이리버,84.98,13,2012,59500,90,2026,9,18
성동구,송정동,서울숲아이파크,64.21,9,2009,39390,0,2026,9,17
성동구,하왕십리동,왕십리자이,84.99,12,2017,86100,0,2026,9,12
성동구,성수동1가,트리마제,84.8213,39,2017,80000,850,2026,9,16
성동구,행당동,대림e-편한세상,84.87,1,2000,5000,300,2026,9,14
성동구,성수동1가,동아,53.14,8,1983,30000,60,2026,9,17
성동구,하왕십리동,센트라스,59.94,17,2016,84000,0,2026,9,14
성동구,마장동,세림,40.86,3,1986,25000,0,2026,9,15
성동구,성수동1가,동아,52.68,5,1983,38000,0,2026,9,11
성동구,금호동1가,금호삼성래미안,114.67,4,2001,90000,0,2026,9,17
성동구,금호동4가,대우,84.71,17,2001,63000,0,2026,9,5
성동구,성수동1가,동아,53.14,8,1983,5000,180,2026,9,15
성동구,하왕십리동,텐즈힐(1단지),129.34,9,2015,124950,0,2026,9,16
성동구,성수동1가,서울숲성수현대,59.13,9,1990,65000,0,2026,9,16
성동구,금호동4가,대우,114.6,18,2001,60000,166,2026,9,16
성동구,응봉동,신동아,59.97,13,1996,48000,0,2026,9,16
성동구,행당동,서울숲리버뷰자이,84.9,15,2018,115000,0,2026,9,12
성동구,금호동4가,서울숲2차푸르지오,59.839,8,2012,40000,200,2026,9,10
성동구,금호동4가,대우,84.71,18,2001,82000,0,2026,9,13
성동구,옥수동,극동,68.58,7,1986,50000,0,2026,9,1
성동구,옥수동,풍림아이원,84.767,5,2004,15750,294,2026,9,16
성동구,마장동,라봄성동,20.2962,7,2025,7100,74,2026,9,15
성동구,옥수동,극동,68.58,7,1986,52000,0,2026,9,16
성동구,옥수동,풍림아이원,84.767,5,2004,15750,294,2026,9,16
성동구,성수동2가,롯데캐슬파크,101.995,19,2003,95000,0,2026,9,16
성동구,하왕십리동,센트라스,84.96,16,2016,120000,0,2026,9,14
성동구,금호동2가,래미안하이리버,59.99,3,2012,75600,0,2026,9,15
성동구,옥수동,옥수파크힐스101동~116동,59.91,13,2016,60000,160,2026,9,15
성동구,금호동3가,두산,116.81,2,1994,68000,0,2026,9,15
성동구,행당동,신동아,84.99,15,1995,30000,140,2026,9,12
성동구,옥수동,래미안 옥수 리버젠,59.25,3,2012,45000,160,2026,9,12
성동구,행당동,서울숲 한신 더 휴,84.95,1,2003,68250,0,2026,9,8
성동구,마장동,우성에비뉴,70.88,7,2017,10000,90,2026,9,14
성동구,용답동,드래곤힐,26.97,7,2013,2000,81,2026,9,12
성동구,행당동,대림e-편한세상,84.87,3,2000,25000,200,2026,9,15
성동구,용답동,드래곤힐,19.99,6,2013,1000,69,2026,9,15
성동구,성수동1가,중앙하이츠빌,84.9673,1,2003,75000,0,2026,9,11
성동구,금호동1가,이편한세상금호파크힐스,40.381,3,2019,17850,71,2026,9,15
성동구,하왕십리동,센트라스,115.99,18,2016,136500,0,2026,9,12
성동구,마장동,세림,72.84,13,1986,45000,0,2026,9,15
성동구,성수동1가,트리마제,84.8111,27,2017,120000,500,2026,9,14
성동구,옥수동,극동,57.78,8,1986,53000,0,2026,9,12
성동구,옥수동,한남하이츠,101.12,10,1982,48300,0,2026,9,15
성동구,옥수동,옥수파크힐스101동~116동,59.78,12,2016,10000,360,2026,9,14
성동구,성수동2가,성수동두산위브,148.22,11,2006,60000,200,2026,9,14
성동구,옥수동,옥수어울림,84.699,14,2011,10000,390,2026,9,11
성동구,금호동2가,금호자이1차,59.98,10,2012,82000,0,2026,9,13
성동구,행당동,대림e-편한세상,59.96,12,2000,60000,0,2026,9,12
성동구,마장동,라봄성동,20.2962,6,2025,11900,52,2026,9,14
성동구,금호동3가,두산,59.97,6,1994,20000,120,2026,9,12
성동구,행당동,다울아크로빌,125.46,1,2003,63000,0,2026,9,14
성동구,응봉동,대림(1차),63.18,11,1986,52000,0,2026,9,8
성동구,금호동4가,서울숲2차푸르지오,59.839,13,2012,30000,200,2026,9,4
성동구,금호동1가,벽산,84.82,13,2001,59000,0,2026,9,12
성동구,금호동1가,벽산,84.82,11,2001,22000,130,2026,9,14
성동구,성수동1가,서울숲대림,59.885,5,2000,63000,41,2026,9,5
성동구,금호동4가,대우,59.97,4,2001,60900,0,2026,9,11
성동구,금호동4가,서울숲2차푸르지오,84.776,1,2012,101000,0,2026,9,12
성동구,금호동4가,대우,84.96,3,2001,25000,220,2026,9,12
성동구,하왕십리동,센트라스,84.77,16,2016,102000,0,2026,9,12
성동구,옥수동,옥수파크힐스101동~116동,84.92,13,2016,83000,166,2026,9,14
성동구,금호동4가,힐스테이트서울숲리버,141.86,5,2018,170000,0,2026,9,7
성동구,금호동4가,대우,59.97,6,2001,60000,0,2026,9,12
성동구,성수동1가,강변건영아파트,84.952,9,2002,80000,0,2026,9,14
성동구,금호동4가,힐스테이트서울숲리버,59.98,4,2018,78750,0,2026,9,9
성동구,성수동1가,서울숲대림,84.015,6,2000,99000,0,2026,9,12
성동구,응봉동,금호현대,59.91,10,1990,53000,0,2026,9,11
성동구,성수동2가,롯데캐슬파크,81.567,19,2003,20000,320,2026,9,11
성동구,하왕십리동,센트라스,40.94,19,2016,63000,0,2026,9,11
성동구,성수동1가,현대그린,81.48,16,1994,81900,0,2026,9,12
성동구,행당동,대림e-편한세상,59.96,6,2000,64000,0,2026,9,12
성동구,성수동2가,롯데캐슬파크,58.491,16,2003,70000,0,2026,9,12
성동구,성수동2가,강변청구3,59.94,9,1995,48000,0,2026,9,8
성동구,행당동,대림e-편한세상,114.94,5,2000,83500,0,2026,9,12
성동구,성수동2가,서울숲힐스테이트,117.13,13,2009,115000,60,2026,9,11
성동구,행당동,서울숲 한신 더 휴,84.95,15,2003,40000,150,2026,9,5
성동구,하왕십리동,왕십리풍림아이원,84.417,9,2004,63000,0,2026,9,11
성동구,행당동,행당한진타운,84.71,21,2000,78750,0,2026,9,10
성동구,행당동,대림e-편한세상,59.96,11,2000,25000,160,2026,9,5
성동구,금호동3가,두산,79.08,8,1994,59850,0,2026,9,10
성동구,마장동,라봄성동,19.6338,14,2025,11400,49,2026,9,11
성동구,하왕십리동,텐즈힐(1단지),84.88,12,2015,40000,230,2026,9,10
성동구,응봉동,서울숲리버그린동아아파트,84.83,5,2003,75000,0,2026,9,10
성동구,성수동1가,쌍용,59.76,2,1997,46000,0,2026,9,11
성동구,하왕십리동,한신무학,62.41,3,1989,52500,0,2026,9,11
성동구,금호동3가,금호자이2차,59.9912,9,2012,5000,250,2026,9,10
성동구,금호동2가,래미안하이리버,59.99,8,2012,73000,0,2026,9,8
성동구,하왕십리동,왕십리풍림아이원,59.936,3,2004,26300,115,2026,9,7
성동구,성수동1가,쌍용,84.78,5,1997,85000,0,2026,9,10
성동구,하왕십리동,센트라스,115.99,24,2016,150000,0,2026,9,1
성동구,행당동,대림e-편한세상,59.96,11,2000,57750,0,2026,9,11
성동구,금호동3가,금호자이2차,84.9796,15,2012,30000,220,2026,9,8
성동구,금호동4가,서울숲2차푸르지오,84.898,2,2012,81000,105,2026,9,3
성동구,하왕십리동,센트라스,59.93,12,2016,89200,0,2026,9,10
성동구,금호동4가,서울숲푸르지오,59.99,2,2007,7000,166,2026,9,5
성동구,옥수동,현대,84.9,2,1990,60900,0,2026,9,8
성동구,금호동1가,이편한세상금호파크힐스,59.949,3,2019,78750,0,2026,9,7
성동구,성수동1가,서울숲아이파크리버포레2차,59.9913,33,2025,10000,500,2026,9,7
성동구,상왕십리동,텐즈힐(2단지),84.92,3,2014,95000,0,2026,9,10
성동구,금호동4가,브라운스톤금호,84.838,9,2007,10000,330,2026,9,5
성동구,응봉동,신동아,59.97,3,1996,10000,190,2026,9,10
성동구,응봉동,대림강변타운,59.76,2,2001,58000,12,2026,9,8
성동구,금호동4가,대우,59.97,5,2001,57000,0,2026,9,2
성동구,행당동,서울숲 한신 더 휴,84.95,18,2003,55000,120,2026,9,9
성동구,하왕십리동,왕십리자이,59.99,20,2017,35000,130,2026,9,5
성동구,옥수동,풍림아이원,84.767,7,2004,78700,0,2026,9,9
성동구,금호동2가,신금호파크자이,59.98,5,2016,85000,0,2026,9,5
성동구,옥수동,래미안 옥수 리버젠,84.81,12,2012,118000,0,2026,9,9
성동구,금호동3가,두산,84.99,15,1994,65000,0,2026,9,4
성동구,성수동1가,서울숲아이파크리버포레1차,59.9925,29,2024,52500,283,2026,9,3
성동구,하왕십리동,왕십리풍림아이원,59.936,2,2004,10000,240,2026,9,9
성동구,금호동4가,서울숲푸르지오,84.87,4,2007,98000,0,2026,9,8
성동구,성수동1가,서울숲아이파크리버포레1차,59.9925,29,2024,52500,283,2026,9,3
성동구,금호동4가,힐스테이트서울숲리버,59.98,5,2018,10000,350,2026,9,9
성동구,성수동1가,쌍용,59.76,11,1997,64000,0,2026,9,5
성동구,성수동2가,현대I-PARK,116.22,6,2003,100000,0,2026,9,9
성동구,옥수동,옥수파크힐스117동~125동,59.77,13,2016,93000,0,2026,9,9
성동구,성수동1가,쌍용,59.76,13,1997,68000,0,2026,9,3
성동구,금호동2가,신금호파크자이,84.98,1,2016,60000,190,2026,9,7
성동구,성수동1가,한진타운,84.21,13,1994,68250,0,2026,9,8
성동구,응봉동,대림강변타운,59.76,2,2001,60900,0,2026,9,2
성동구,성수동1가,강변건영아파트,84.952,10,2002,95000,0,2026,9,9
성동구,옥수동,옥수파크힐스101동~116동,84.3,13,2016,10000,460,2026,9,4
성동구,하왕십리동,벽산,114.46,6,1996,76650,0,2026,9,2
성동구,금호동2가,금호자이1차,84.98,5,2012,90000,0,2026,9,7
성동구,행당동,신동아,59.97,14,1995,37500,0,2026,9,3
성동구,행당동,대림e-편한세상,59.96,14,2000,40000,13,2026,9,9
성동구,도선동,트윈빌,14.11,7,2014,14000,1,2026,9,6
성동구,마장동,현대,59.94,25,1998,33000,80,2026,9,5
성동구,행당동,대림e-편한세상,59.96,14,2000,58000,0,2026,9,2
성동구,응봉동,대림(1차),75.51,11,1986,53500,0,2026,9,9
성동구,하왕십리동,왕십리자이,84.99,7,2017,82950,0,2026,9,9
성동구,홍익동,청계대주파크빌,84.98,3,2005,52500,0,2026,9,2
성동구,응봉동,서울숲리버그린동아아파트,59.98,1,2003,12000,180,2026,9,8
성동구,옥수동,현대,84.9,2,1990,42100,92,2026,9,4
성동구,응봉동,대림강변타운,84.42,15,2001,78500,0,2026,9,8
성동구,행당동,지웰홈스왕십리,16.41,12,2020,1000,105,2026,9,8
성동구,성수동1가,트리마제,25.3284,17,2017,3000,300,2026,9,5
성동구,마장동,마장에스에이치빌,39.84,6,2006,4641,11,2026,9,8
성동구,성수동2가,롯데캐슬파크,101.995,22,2003,30000,320,2026,9,8
성동구,행당동,지웰홈스왕십리,21.81,4,2020,1000,129,2026,9,3
성동구,마장동,왕십리삼성아파트,59.76,7,1996,30000,110,2026,9,5
성동구,마장동,세림,40.86,3,1986,21000,32,2026,9,2
성동구,마장동,왕십리삼성아파트,59.76,8,1996,40000,70,2026,9,5
성동구,행당동,서울숲 한신 더 휴,59.91,19,2003,70000,0,2026,9,4
성동구,마장동,신성미소지움,84.93,9,2004,64000,0,2026,9,5
성동구,금호동1가,이편한세상금호파크힐스,59.949,6,2019,87000,0,2026,9,7
성동구,금호동1가,벽산,59.9,3,2001,47000,0,2026,9,7
성동구,옥수동,풍림아이원,84.767,11,2004,84000,0,2026,9,5
성동구,하왕십리동,센트라스,84.77,27,2016,119000,0,2026,9,7
성동구,행당동,대림e-편한세상,84.87,9,2000,65000,30,2026,9,6
성동구,금호동4가,서울숲푸르지오,114.55,9,2007,104250,0,2026,9,5
성동구,마장동,라봄성동,18.7962,14,2025,2685,12,2026,9,7
성동구,금호동1가,벽산,59.9,4,2001,50000,0,2026,9,5
성동구,금호동1가,이편한세상금호파크힐스,59.983,20,2019,88000,0,2026,9,5
성동구,하왕십리동,벽산,114.46,4,1996,90000,0,2026,9,7
성동구,금호동1가,이편한세상금호파크힐스,59.949,2,2019,15000,330,2026,9,5
성동구,금호동4가,대우,84.71,17,2001,63000,0,2026,9,5
성동구,금호동3가,금호자이2차,115.4928,9,2012,40000,166,2026,9,7
성동구,응봉동,대림강변타운,59.76,11,2001,3000,155,2026,9,1
성동구,행당동,대림e-편한세상,59.96,1,2000,49500,8,2026,9,3
성동구,행당동,대림e-편한세상,59.96,1,2000,51500,0,2026,9,4
성동구,응봉동,금호현대,59.91,9,1990,3000,180,2026,9,3
성동구,행당동,대림e-편한세상,59.96,3,2000,58000,11,2026,9,4
성동구,성수동1가,트리마제,84.5402,20,2017,200000,0,2026,9,2
성동구,금호동1가,이편한세상금호파크힐스,84.932,1,2019,80000,100,2026,9,3
성동구,마장동,대성유니드,114.52,2,2004,45000,120,2026,9,4
성동구,상왕십리동,텐즈힐(2단지),84.9,6,2014,70350,115,2026,9,4
성동구,성수동1가,서울숲아이파크리버포레1차,59.9925,29,2024,52500,283,2026,9,3
성동구,성수동1가,서울숲대림,84.015,10,2000,91000,0,2026,9,3
성동구,성수동1가,금호,84.98,14,2003,78000,0,2026,9,3
성동구,성수동1가,서울숲해오름(717-0),72.83,7,2005,29500,115,2026,9,4
성동구,금호동4가,삼산금호,49.49,3,1975,3000,90,2026,9,3
성동구,하왕십리동,텐즈힐(1단지),129.34,21,2015,118000,0,2026,9,3
성동구,금호동1가,이편한세상금호파크힐스,84.957,4,2019,10000,420,2026,9,2
성동구,행당동,지웰홈스왕십리,21.81,12,2020,1000,129,2026,9,1
성동구,행당동,서울숲리버뷰자이,84.9,14,2018,110000,0,2026,9,2
성동구,마장동,신성미소지움,59.96,12,2004,60000,0,2026,9,2
성동구,금호동3가,두산,116.81,8,1994,82000,0,2026,9,2
성동구,성수동2가,강변금호타운,59.67,1,1994,38000,0,2026,9,2
성동구,금호동4가,서울숲2차푸르지오,84.898,6,2012,44000,250,2026,9,2
성동구,행당동,대림e-편한세상,84.87,13,2000,30000,160,2026,9,2
성동구,성수동1가,한진타운,59.4,1,1994,53500,0,2026,9,1
광진구,중곡동,중곡1단지,48.46,5,1976,11200,0,2026,9,19
광진구,구의동,e편한세상광진그랜드파크,115.9468,10,2021,123000,0,2026,9,22
광진구,구의동,구의현대2단지,84.91,8,1996,90000,0,2026,9,23
광진구,자양동,자양우성7,59.94,9,1998,30000,160,2026,9,23
광진구,자양동,우성1,79.75,6,1988,60000,0,2026,9,19
광진구,구의동,래미안파크스위트,59.98,8,2018,15000,300,2026,9,14
광진구,화양동,더메종건대,18.22,12,2022,21000,26,2026,9,22
광진구,구의동,아차산한라아파트,74.19,4,2009,52500,0,2026,9,22
광진구,광장동,현대파크빌,84.81,8,2000,99750,0,2026,9,22
광진구,광장동,극동1,84.55,3,1985,70000,60,2026,9,19
광진구,자양동,현대3,84.9,17,1996,68250,0,2026,9,12
광진구,자양동,금강KCC,84.73,4,2002,80000,0,2026,9,15
광진구,광장동,포제스한강,84.1414,5,2025,20000,800,2026,9,10
광진구,광장동,현대5,84.56,17,1989,95000,0,2026,9,19
광진구,자양동,한강극동,84.45,9,1991,49100,0,2026,9,22
광진구,구의동,구의강변우성아파트,84.76,4,1992,66150,0,2026,9,21
광진구,자양동,자양7차현대홈타운,59.94,11,2001,68000,0,2026,9,7
광진구,광장동,삼성광장1,79.53,15,1987,50000,0,2026,9,19
광진구,자양동,우성2,64.79,15,1989,50000,0,2026,9,21
광진구,구의동,현대프라임,59.82,20,1997,42500,40,2026,9,21
광진구,군자동,일성파크,84.96,6,1996,65000,0,2026,9,19
광진구,자양동,이튼타워리버1차,84.26,22,2006,84000,0,2026,9,12
광진구,자양동,더샵스타시티,139.6,21,2007,150000,0,2026,9,21
광진구,자양동,래미안프리미어팰리스,84.81,20,2017,89250,0,2026,9,18
광진구,자양동,자양현대6,59.98,6,1999,38000,125,2026,9,21
광진구,중곡동,성원,59.82,21,1998,36300,0,2026,9,19
광진구,자양동,현대3,84.9,6,1996,74000,0,2026,9,18
광진구,자양동,자양삼성,59.76,7,1999,58700,0,2026,9,18
광진구,자양동,태원강변,84.81,13,2002,10000,290,2026,9,21
광진구,광장동,신동아파밀리에,84.55,11,2007,89250,0,2026,9,19
광진구,자양동,한라아파트,59.96,14,1996,48615,0,2026,9,19
광진구,광장동,현대3,84.97,12,1990,73500,0,2026,9,19
광진구,구의동,현대프라임,59.82,30,1997,55000,60,2026,9,19
광진구,자양동,한양,124.93,3,1983,48000,70,2026,9,19
광진구,광장동,극동1,84.55,5,1985,60000,80,2026,9,19
광진구,구의동,e편한세상광진그랜드파크,84.9716,30,2021,114000,0,2026,9,15
광진구,광장동,현대파크빌,59.76,12,2000,45000,120,2026,9,19
광진구,자양동,우성1,79.75,5,1988,30000,140,2026,9,18
광진구,구의동,래미안파크스위트,84.98,19,2018,97650,0,2026,9,18
광진구,광장동,현대5,84.56,14,1989,60000,165,2026,9,12
광진구,구의동,강변스카이타워,36.7533,13,2026,11800,66,2026,9,14
광진구,광장동,워커힐,226.45,11,1978,110000,0,2026,9,18
광진구,구의동,래미안파크스위트,84.98,6,2018,110000,0,2026,9,17
광진구,자양동,자양삼성,84.96,3,1999,30000,105,2026,9,14
광진구,광장동,광장현대9단지,59.97,4,1999,68000,0,2026,9,17
광진구,광장동,광장현대9단지,84.96,3,1999,95000,0,2026,9,12
광진구,자양동,광진하나플러스,117.19,1,2005,55000,120,2026,9,12
광진구,구의동,래미안파크스위트,75.71,3,2018,92000,0,2026,9,17
광진구,광장동,광장현대9단지,59.97,6,1999,65000,0,2026,9,11
광진구,구의동,현대프라임,59.82,7,1997,75000,0,2026,9,17
광진구,구의동,강변스카이타워,39.5734,11,2026,18600,47,2026,9,13
광진구,자양동,광진하우스토리한강,141.54,22,2008,40000,600,2026,9,5
광진구,구의동,현대프라임,59.82,16,1997,55000,0,2026,9,15
광진구,구의동,구의강변우성아파트,84.76,3,1992,55000,80,2026,9,8
광진구,자양동,자양하늘채베르,59.923,7,2023,65000,70,2026,9,17
광진구,자양동,한양,108.35,8,1983,44000,0,2026,9,16
광진구,자양동,우성3,51.39,13,1989,43000,0,2026,9,1
광진구,구의동,강변스카이타워,19.5366,4,2026,7800,46,2026,9,15
광진구,구의동,강변스카이타워,36.7533,12,2026,17700,45,2026,9,13
광진구,자양동,금강KCC,81.65,11,2002,20000,235,2026,9,15
광진구,자양동,우성1,79.75,6,1988,65000,0,2026,9,16
광진구,자양동,우성6,84.72,6,1992,30000,157,2026,9,1
광진구,자양동,우성2,51.57,6,1989,20000,100,2026,9,12
광진구,구의동,래미안파크스위트,84.98,4,2018,40000,240,2026,9,5
광진구,구의동,강변스카이타워,36.7533,15,2026,17700,45,2026,9,15
광진구,광장동,현대파크빌,59.76,4,2000,85000,0,2026,9,2
광진구,자양동,자양우성7,84.93,15,1998,80000,25,2026,9,13
광진구,구의동,강변스카이타워,36.7595,12,2026,11800,66,2026,9,13
광진구,자양동,태천해오름주상복합,47.05,2,2005,15000,65,2026,9,10
광진구,화양동,위너스힐(111-89),27.199,7,2021,5000,100,2026,9,9
광진구,구의동,강변에스케이뷰,84.81,11,2017,30000,280,2026,9,5
광진구,구의동,래미안파크스위트,59.98,16,2018,78700,0,2026,9,10
광진구,구의동,구의현대2단지,84.91,14,1996,10000,290,2026,9,2
광진구,자양동,한강성원,84.12,15,1997,50000,40,2026,9,12
광진구,구의동,현대프라임,84.99,22,1997,95000,0,2026,9,11
광진구,구의동,현대프라임,59.82,26,1997,40000,90,2026,9,5
광진구,구의동,구의현대2단지,84.91,7,1996,25000,200,2026,9,8
광진구,구의동,강변스카이타워,19.5366,9,2026,11700,32,2026,9,14
광진구,구의동,현대프라임,84.99,21,1997,90000,0,2026,9,5
광진구,구의동,현대프라임,183.87,26,1997,171150,0,2026,9,5
광진구,중곡동,리마크빌군자,16.32,5,2022,5200,40,2026,9,1
광진구,광장동,현대3,59.67,13,1990,46300,0,2026,9,12
광진구,구의동,래미안파크스위트,84.98,6,2018,30000,237,2026,9,12
광진구,자양동,더포디엄830,20.4009,8,2025,9300,64,2026,9,11
광진구,구의동,강변스카이타워,19.5366,10,2026,7800,46,2026,9,11
광진구,자양동,한영해시안,65.09,5,2015,48000,0,2026,9,5
광진구,구의동,래미안파크스위트,102.88,10,2018,50000,220,2026,9,11
광진구,구의동,비바힐스강변,32.88,3,2021,13300,57,2026,9,5
광진구,구의동,강변스카이타워,19.5366,4,2026,11700,32,2026,9,10
광진구,구의동,강변에스케이뷰,84.9,13,2017,63000,51,2026,9,10
광진구,광장동,워커힐푸르지오,92.4,9,1987,87000,0,2026,9,8
광진구,구의동,강변스카이타워,36.7595,11,2026,11800,66,2026,9,11
광진구,화양동,화양동동도센트리움캠퍼스파크,12.874,16,2019,17000,12,2026,9,2
광진구,구의동,구의강변우성아파트,84.76,4,1992,67200,0,2026,9,10
광진구,구의동,구의현대2단지,84.91,4,1996,78700,0,2026,9,2
광진구,자양동,이튼타워리버3차,84.96,17,2007,40000,218,2026,9,1
광진구,자양동,한강우성,84.72,2,1993,78000,0,2026,9,7
광진구,자양동,우성1,79.75,5,1988,60000,0,2026,9,4
광진구,화양동,(20-3),16.22,6,2015,11000,5,2026,9,10
광진구,구의동,강변에스케이뷰,84.81,19,2017,97000,0,2026,9,10
광진구,자양동,한강우성,84.72,7,1993,78000,0,2026,9,7
광진구,광장동,신동아파밀리에,84.46,2,2007,87150,0,2026,9,10
광진구,구의동,e편한세상광진그랜드파크,84.9794,17,2021,120000,0,2026,9,10
광진구,광장동,현대3,74.92,6,1990,75000,0,2026,9,10
광진구,자양동,한솔리베르,83.31,3,2002,60000,10,2026,9,10
광진구,구의동,구의현대2단지,84.75,4,1996,60000,150,2026,9,8
광진구,화양동,광진코지웰,19.2,9,2014,1000,84,2026,9,5
광진구,자양동,로얄동아,59.91,15,1999,50000,0,2026,9,9
광진구,군자동,광진동양파라곤2단지,75.21,10,2008,30000,150,2026,9,8
광진구,광장동,극동2,75.55,9,1989,56000,0,2026,9,9
광진구,자양동,자양2현대,59.95,2,1995,60000,60,2026,9,1
광진구,광장동,현대3,59.67,10,1990,43990,8,2026,9,5
광진구,구의동,구의동현진에버빌,84.997,3,2006,20000,210,2026,9,8
광진구,구의동,현대프라임,59.82,24,1997,72000,0,2026,9,5
광진구,광장동,현대3,59.67,10,1990,43990,8,2026,9,5
광진구,구의동,현대프라임,59.82,12,1997,20000,180,2026,9,5
광진구,구의동,구의현대2단지,84.91,6,1996,90000,0,2026,9,8
광진구,구의동,구의현대6단지,84.92,14,1994,84000,0,2026,9,8
광진구,광장동,광장자이,125.89,3,2008,121500,90,2026,9,8
광진구,자양동,로얄동아,59.91,10,1999,25000,150,2026,9,8
광진구,광장동,"현대8(801동,802동)",84.92,17,1995,95000,0,2026,9,5
광진구,중곡동,리마크빌군자,16.32,10,2022,5900,37,2026,9,1
광진구,구의동,현대프라임,59.82,13,1997,8000,220,2026,9,4
광진구,광장동,현대3,74.92,20,1990,69000,10,2026,9,1
광진구,화양동,화양동동도센트리움캠퍼스파크,12.874,17,2019,1000,88,2026,9,5
광진구,자양동,이튼타워리버2차,84.96,10,2006,10000,219,2026,9,7
광진구,구의동,현대프라임,84.99,21,1997,90000,0,2026,9,5
광진구,자양동,한양,124.93,12,1983,65000,0,2026,9,4
광진구,구의동,현대프라임,84.99,19,1997,80850,0,2026,9,5
광진구,광장동,현대3,59.67,2,1990,52500,0,2026,9,5
광진구,광장동,광나루현대,84.92,12,1996,79000,0,2026,9,4
광진구,자양동,자양9차현대홈타운,83.58,4,2002,75000,0,2026,9,5
광진구,자양동,한양,108.35,9,1983,52500,0,2026,9,5
광진구,광장동,현대5,84.53,5,1989,70350,0,2026,9,5
광진구,광장동,현대5,84.53,11,1989,95000,0,2026,9,4
광진구,화양동,광진코지웰,15.63,3,2014,1000,74,2026,9,4
광진구,광장동,워커힐푸르지오,92.4,9,1987,84000,0,2026,9,3
광진구,자양동,우성2,64.79,15,1989,25000,140,2026,9,4
광진구,자양동,더포디엄830,41.25,22,2025,17300,120,2026,9,4
광진구,구의동,래미안파크스위트,84.98,8,2018,65000,0,2026,9,4
광진구,구의동,래미안파크스위트,84.98,8,2018,65000,0,2026,9,4
광진구,광장동,청구,59.95,13,1996,5000,230,2026,9,2
광진구,자양동,우성1,59.91,6,1988,50000,0,2026,9,3
광진구,구의동,성동강변파크빌101(강변타워),59.92,16,2001,58000,0,2026,9,3
광진구,구의동,구의현대7단지현대홈타운,84.99,22,1997,40000,125,2026,9,3
광진구,자양동,자양2현대,59.95,2,1995,60000,60,2026,9,1
광진구,구의동,광진파크프라이빗,59.71,4,2020,53000,0,2026,9,3
광진구,자양동,우성1,59.91,12,1988,50000,0,2026,9,3
광진구,자양동,더샵스타시티,100.32,18,2007,20000,341,2026,9,2
광진구,화양동,광진코지웰,18.63,4,2014,1000,84,2026,9,1
광진구,구의동,구의청정,84.24,4,2004,50000,0,2026,9,1
광진구,광장동,청구,59.95,16,1996,50000,110,2026,9,1
광진구,구의동,래미안파크스위트,59.98,3,2018,80000,0,2026,9,1
광진구,구의동,현대프라임,59.82,30,1997,70000,0,2026,9,1
광진구,자양동,한화꿈에그린,138.68,15,2006,50000,460,2026,9,1
광진구,자양동,금강KCC,84.98,8,2002,95000,0,2026,9,1
광진구,자양동,자양우성7,84.93,10,1998,55000,130,2026,9,1
동대문구,용두동,래미안엘리니티,84.99,16,2022,60000,150,2026,9,3
동대문구,전농동,전농동신성미소지움,55.371,7,2005,51000,0,2026,9,19
동대문구,용두동,래미안엘리니티,51.91,3,2022,66000,0,2026,9,15
동대문구,전농동,래미안아름숲,84.91,8,2012,65000,0,2026,9,10
동대문구,용두동,이편한세상청계센트럴포레,74.98,6,2021,84000,0,2026,9,8
동대문구,장안동,장안현대홈타운(336),58.42,6,2003,47250,0,2026,9,3
동대문구,장안동,래미안장안2차,81.05,15,2007,10000,212,2026,9,7
동대문구,답십리동,래미안미드카운티,43.5,9,2019,5020,7,2026,9,22
동대문구,장안동,래미안장안2차,64.85,21,2007,5000,200,2026,9,15
동대문구,답십리동,답십리파크자이,59.91,7,2019,68250,0,2026,9,16
동대문구,전농동,전농SK,59.34,12,2000,50000,0,2026,9,12
동대문구,이문동,이문아이파크자이,59.91,21,2025,73000,0,2026,9,23
동대문구,장안동,장안동하트리움,20.8393,23,2025,8400,56,2026,9,23
동대문구,전농동,와이시티휘경,16.71,8,2012,500,60,2026,9,22
동대문구,휘경동,이문휘경지웰에스테이트,14.1448,16,2021,1000,90,2026,9,23
동대문구,전농동,전농동신성미소지움,112.874,4,2005,67000,0,2026,9,21
동대문구,장안동,장안동하트리움,18.6988,17,2025,11400,34,2026,9,17
동대문구,답십리동,동답한신,44.35,2,1992,5000,130,2026,9,23
동대문구,답십리동,힐스테이트청계,59.86,18,2018,68250,0,2026,9,22
동대문구,휘경동,휘경자이디센시아,59.93,12,2025,45000,120,2026,9,19
동대문구,제기동,한신아파트,84.76,21,2004,30000,105,2026,9,13
동대문구,휘경동,휘경베스트빌현대,84.99,13,2000,48300,0,2026,9,19
동대문구,용두동,가우디캐슬,29.87,6,2019,4000,120,2026,9,10
동대문구,답십리동,현대썬앤빌청계,14.21,6,2016,11750,10,2026,9,23
동대문구,용두동,청량리역한양수자인그라시엘,84.97,11,2023,87000,0,2026,9,5
동대문구,휘경동,현대,84.94,1,1992,45000,0,2026,9,4
동대문구,이문동,대림e-편한세상,84.972,4,2003,25000,140,2026,9,19
동대문구,장안동,U포그니2차,55.06,6,2018,45000,0,2026,9,22
동대문구,장안동,현대썬앤빌601,18.35,14,2015,500,70,2026,9,4
동대문구,용두동,이편한세상청계센트럴포레,84.95,15,2021,20000,320,2026,9,9
동대문구,휘경동,서울휘경행복아파트,14.97,7,2021,3672,15,2026,9,22
동대문구,휘경동,서울휘경행복아파트,14.97,3,2021,3672,15,2026,9,22
동대문구,용두동,동대문베네스트,18.36,19,2020,1000,88,2026,9,1
동대문구,답십리동,두산,59.96,10,2000,45010,0,2026,9,21
동대문구,휘경동,서울휘경행복아파트,14.97,2,2021,3672,15,2026,9,22
동대문구,휘경동,휘경리오포레아파트(1단지),84.82,2,2001,65000,0,2026,9,16
동대문구,휘경동,휘경리오포레아파트(1단지),84.86,10,2001,65000,0,2026,9,21
동대문구,휘경동,서울휘경행복아파트,14.97,4,2021,3672,15,2026,9,22
동대문구,이문동,이문아이파크자이,59.95,26,2025,50000,100,2026,9,19
동대문구,용두동,래미안엘리니티,51.91,6,2022,10000,197,2026,9,18
동대문구,답십리동,답십리파크자이,84.62,19,2019,73000,0,2026,9,8
동대문구,용두동,래미안엘리니티,84.99,16,2022,60000,150,2026,9,3
동대문구,답십리동,래미안위브,84.99,14,2014,66700,40,2026,9,18
동대문구,용두동,롯데캐슬피렌체,84.99,10,2009,63000,0,2026,9,4
동대문구,청량리동,샹그레빌아파트,79.984,15,2004,58000,0,2026,9,21
동대문구,제기동,어진재,15.28,3,2014,1000,75,2026,9,5
동대문구,전농동,청량리역롯데캐슬 SKY-L65,84.975,55,2023,89000,30,2026,9,20
동대문구,답십리동,청계한신휴플러스,59.74,6,2010,59500,0,2026,9,11
동대문구,전농동,동대문롯데캐슬노블레스,84.98,27,2018,83000,0,2026,9,21
동대문구,전농동,전농SK,59.96,9,2000,54000,0,2026,9,19
동대문구,답십리동,답십리청솔우성,84.94,15,2000,13000,139,2026,9,21
동대문구,휘경동,휘경리오포레아파트(1단지),84.84,12,2001,48000,40,2026,9,19
동대문구,청량리동,미주,101.65,11,1978,40950,0,2026,9,19
동대문구,장안동,장안푸르미에,12.9463,4,2013,500,55,2026,9,7
동대문구,전농동,퀸즈W청량리역,20.0021,7,2025,11000,45,2026,9,21
동대문구,장안동,래미안장안2차,81.05,23,2007,55650,0,2026,9,2
동대문구,용두동,동대문푸르지오시티(도시형생활주택),30.11,17,2016,8000,95,2026,9,17
동대문구,제기동,한신아파트,59.84,2,2004,44100,0,2026,9,20
동대문구,용두동,래미안엘리니티,74.94,13,2022,55000,90,2026,9,19
동대문구,휘경동,휘경베스트빌현대,59.92,23,2000,40000,0,2026,9,19
동대문구,장안동,래미안장안2차,64.85,7,2007,55650,0,2026,9,21
동대문구,장안동,래미안장안,84.774,17,2003,61000,0,2026,9,19
동대문구,신설동,신설동역자이르네,43.851,14,2024,62000,0,2026,9,19
동대문구,전농동,전농SK,59.34,9,2000,42000,8,2026,9,16
동대문구,답십리동,세양청마루,84.98,3,2005,10200,120,2026,9,18
동대문구,전농동,동아,57.9,12,1997,45000,0,2026,9,19
동대문구,휘경동,휘경리오포레아파트(1단지),84.86,10,2001,65000,0,2026,9,19
동대문구,전농동,전농동삼성래미안,59.93,17,2000,50000,0,2026,9,20
동대문구,답십리동,래미안위브,59.99,15,2014,66500,0,2026,9,17
동대문구,휘경동,휘경리오포레아파트(1단지),114.73,14,2001,1000,55,2026,9,11
동대문구,휘경동,휘경리오포레아파트(1단지),84.86,11,2001,50925,0,2026,9,18
동대문구,회기동,신현대,60.48,3,1989,40000,0,2026,9,18
동대문구,답십리동,래미안위브,59.99,13,2014,53000,0,2026,9,17
동대문구,전농동,래미안크레시티,84.96,14,2014,77700,0,2026,9,5
동대문구,이문동,현대,59.92,25,2000,5000,140,2026,9,14
동대문구,전농동,래미안크레시티,59.99,5,2014,10000,270,2026,9,17
동대문구,답십리동,청계한신휴플러스,90.62,14,2010,71400,0,2026,9,12
동대문구,장안동,래미안장안2차,81.05,4,2007,10000,190,2026,9,16
동대문구,용두동,래미안 허브리츠,59.9,16,2011,10000,220,2026,9,7
동대문구,장안동,유니트125,18.05,10,2026,11030,47,2026,9,15
동대문구,전농동,아코모회기바이홈즈,11.56,14,2024,500,214,2026,9,8
동대문구,용두동,롯데캐슬피렌체,37.73,9,2009,3000,135,2026,9,11
동대문구,휘경동,휘경동일하이빌,110.56,8,2005,63000,0,2026,9,12
동대문구,장안동,장안동하트리움,18.6988,17,2025,11400,34,2026,9,17
동대문구,전농동,전농SK,114.3,14,2000,10000,260,2026,9,5
동대문구,답십리동,래미안위브,59.99,15,2014,66500,0,2026,9,17
동대문구,답십리동,래미안위브,121.66,6,2014,30000,300,2026,9,17
동대문구,휘경동,회기역하트리움역세권청년주택,15.8871,7,2023,8900,38,2026,9,11
동대문구,답십리동,e편한세상답십리아르테포레,84.987,10,2025,40000,130,2026,9,16
동대문구,용두동,래미안엘리니티,59.96,18,2022,10000,300,2026,9,12
동대문구,전농동,전농SK,59.96,8,2000,55000,0,2026,9,17
동대문구,휘경동,휘경미소지움,84.87,11,1999,51450,0,2026,9,13
동대문구,전농동,전농SK,59.34,14,2000,44000,0,2026,9,16
동대문구,전농동,청량리역롯데캐슬 SKY-L65,36.939,8,2023,26381,0,2026,9,17
동대문구,용두동,힐스테이트청량리메트로블,44.2455,6,2025,32682,0,2026,9,16
동대문구,장안동,장안현대,95.44,8,1984,500,40,2026,9,2
동대문구,답십리동,래미안엘파인아파트,59.95,17,2011,49000,20,2026,9,16
동대문구,답십리동,래미안위브,59.99,13,2014,53000,0,2026,9,16
동대문구,청량리동,한신,59.97,2,1997,35000,0,2026,9,12
동대문구,휘경동,회기역하트리움역세권청년주택,15.8871,7,2023,8900,39,2026,9,11
동대문구,답십리동,현대썬앤빌청계,14.72,9,2016,1000,65,2026,9,9
동대문구,용두동,래미안엘리니티,84.99,13,2022,88000,0,2026,9,5
동대문구,장안동,프라하임장안1,17.84,11,2020,23000,0,2026,9,12
동대문구,회기동,민족통일MJ캠퍼스경희대2차,17.67,14,2021,7000,75,2026,9,14
동대문구,답십리동,래미안미드카운티,43.5,15,2019,3237,17,2026,9,10
동대문구,용두동,이편한세상청계센트럴포레,74.98,24,2021,84000,0,2026,9,12
동대문구,답십리동,래미안미드카운티,55.4,5,2019,6336,9,2026,9,15
동대문구,용두동,용두롯데캐슬리치,114.7715,7,2015,72450,0,2026,9,10
동대문구,장안동,유니트125,18.03,8,2026,11030,47,2026,9,14
동대문구,답십리동,래미안위브,84.98,9,2014,42000,170,2026,9,15
동대문구,전농동,전농SK,84.95,11,2000,57750,0,2026,9,14
동대문구,장안동,장안현대홈타운(336),84.87,6,2003,50900,0,2026,9,12
동대문구,휘경동,휘경해모로프레스티지,59.77,4,2021,59300,0,2026,9,14
동대문구,답십리동,센시티16,14.244,13,2013,1000,70,2026,9,10
동대문구,장안동,다우하임,51.74,13,2018,32350,0,2026,9,13
동대문구,답십리동,답십리청솔우성,59.74,10,2000,5000,137,2026,9,12
동대문구,장안동,장안푸르미에,12.9463,6,2013,5000,40,2026,9,12
동대문구,장안동,래미안장안2차,112.92,3,2007,73500,0,2026,9,14
동대문구,용두동,래미안 허브리츠,84.97,3,2011,71000,0,2026,9,5
동대문구,휘경동,브라운스톤휘경,59.78,13,2013,35000,100,2026,9,14
동대문구,전농동,전농우성,59.78,3,1992,3000,120,2026,9,4
동대문구,장안동,장안현대,95.4,5,1984,2000,50,2026,9,12
동대문구,장안동,태솔타운3차,54.14,6,2014,32000,0,2026,9,8
동대문구,이문동,삼익,59.95,18,1997,30500,40,2026,9,12
동대문구,청량리동,한신,84.92,12,1997,47000,20,2026,9,7
동대문구,전농동,전농우성,126.63,4,1992,42000,74,2026,9,11
동대문구,전농동,전농SK,59.34,17,2000,50000,0,2026,9,14
동대문구,전농동,전농SK,59.34,2,2000,3000,134,2026,9,9
동대문구,용두동,이편한세상청계센트럴포레,59.96,10,2021,82000,0,2026,9,13
동대문구,용두동,청량리역한양수자인그라시엘,84.97,45,2023,60000,100,2026,9,13
동대문구,휘경동,휘경해모로프레스티지,84.88,10,2021,75000,0,2026,9,15
동대문구,전농동,전농SK,59.34,10,2000,10000,140,2026,9,14
동대문구,장안동,양우내안애애플,15.3388,6,2014,500,65,2026,9,14
동대문구,답십리동,래미안위브,36.14,9,2014,1265,21,2026,9,14
동대문구,답십리동,답십리청솔우성,59.89,16,2000,44000,70,2026,9,12
동대문구,답십리동,래미안미드카운티,43.5,2,2019,5020,7,2026,9,14
동대문구,장안동,래미안장안2차,81.05,7,2007,74000,0,2026,9,12
동대문구,이문동,이문아이파크자이,41.6,8,2025,2389,18,2026,9,14
동대문구,답십리동,래미안미드카운티,55.4,10,2019,6336,9,2026,9,14
동대문구,장안동,가우디캐슬,25.8,6,2016,20500,0,2026,9,14
동대문구,휘경동,휘경리오포레아파트(1단지),114.73,13,2001,1000,50,2026,9,5
동대문구,청량리동,미주,86.74,6,1978,38000,0,2026,9,12
동대문구,장안동,유니트125,37.88,13,2026,17990,70,2026,9,11
동대문구,휘경동,휘경리오포레아파트(1단지),114.73,13,2001,1000,50,2026,9,5
동대문구,답십리동,동아,59.88,16,2001,45000,0,2026,9,12
동대문구,이문동,대림e-편한세상,114.937,2,2003,65100,0,2026,9,12
동대문구,이문동,쌍용아파트(임대),30.36,19,2000,4317,3,2026,9,14
동대문구,용두동,신동아,84.63,16,1994,54600,0,2026,9,12
동대문구,이문동,쌍용아파트(임대),30.36,21,2000,505,18,2026,9,14
동대문구,답십리동,래미안위브,36.14,1,2014,4795,8,2026,9,14
동대문구,전농동,전농SK,114.3,18,2000,46000,100,2026,9,12
동대문구,용두동,래미안엘리니티,51.98,5,2022,10000,190,2026,9,14
동대문구,전농동,동대문롯데캐슬노블레스,84.98,11,2018,85000,0,2026,9,12
동대문구,장안동,래미안장안2차,81.05,11,2007,30000,160,2026,9,14
동대문구,회기동,민족통일MJ캠퍼스경희대,20.01,6,2017,3000,90,2026,9,3
동대문구,답십리동,래미안미드카운티,43.5,4,2019,3237,17,2026,9,14
동대문구,용두동,래미안엘리니티,74.94,13,2022,75000,40,2026,9,5
동대문구,장안동,래미안장안,84.774,4,2003,64500,0,2026,9,12
동대문구,휘경동,휘경SK뷰,59.39,13,2019,63000,20,2026,9,12
동대문구,답십리동,래미안미드카운티,84.99,10,2019,90000,0,2026,9,12
동대문구,답십리동,래미안위브,59.99,1,2014,48000,30,2026,9,12
동대문구,이문동,쌍용,84.89,4,2000,48300,0,2026,9,12
동대문구,제기동,한신아파트,59.84,3,2004,5000,170,2026,9,12
동대문구,휘경동,휘경SK뷰,59.39,10,2019,71000,0,2026,9,12
동대문구,용두동,이편한세상청계센트럴포레,59.9,4,2021,30000,163,2026,9,11
동대문구,용두동,청량리역한양수자인그라시엘,84.97,17,2023,85000,0,2026,9,10
동대문구,답십리동,답십리청솔우성,84.94,13,2000,46000,30,2026,9,4
동대문구,답십리동,청계푸르지오시티,30.42,15,2015,32000,0,2026,9,11
동대문구,이문동,대림e-편한세상,59.958,19,2003,48300,0,2026,9,11
동대문구,청량리동,미주,152.17,15,1978,10000,250,2026,9,11
동대문구,휘경동,휘경SK뷰,84.62,17,2019,20000,260,2026,9,5
동대문구,답십리동,답십리청솔우성,114.76,8,2000,63000,0,2026,9,11
동대문구,이문동,이문아이파크자이,41.6,24,2025,2389,18,2026,9,10
동대문구,답십리동,세양청마루,84.98,10,2005,56000,0,2026,9,5
동대문구,장안동,동대문더퍼스트데시앙,84.9445,8,2019,20000,220,2026,9,10
동대문구,용두동,래미안엘리니티,74.94,8,2022,50000,135,2026,9,9
동대문구,제기동,제기한신113동(임대),32.76,15,2004,2982,7,2026,9,10
동대문구,이문동,래미안라그란데,59.98,1,2025,5000,240,2026,9,3
동대문구,휘경동,휘경리오포레아파트(1단지),84.84,1,2001,47000,0,2026,9,10
동대문구,휘경동,휘경리오포레아파트(2단지),59.79,13,2001,46000,0,2026,9,5
동대문구,전농동,동아,83.01,19,1997,11000,190,2026,9,1
동대문구,청량리동,미주,102.15,5,1978,48000,0,2026,9,5
동대문구,용두동,이편한세상청계센트럴포레,59.96,11,2021,80000,0,2026,9,5
동대문구,전농동,전농SK,84.95,3,2000,55600,0,2026,9,9
동대문구,전농동,동대문롯데캐슬노블레스,84.98,5,2018,50000,140,2026,9,9
동대문구,전농동,전농동삼성래미안(임대),32.99,4,2000,3453,8,2026,9,9
동대문구,답십리동,래미안위브,84.98,9,2014,85000,0,2026,9,6
동대문구,답십리동,청솔2차우성,82.49,7,2000,50400,0,2026,9,4
동대문구,청량리동,미주,104,1,1978,10000,200,2026,9,9
동대문구,답십리동,힐스테이트청계,84.85,15,2018,20000,270,2026,9,7
동대문구,답십리동,보광타워,24.27,13,2019,2000,95,2026,9,5
동대문구,용두동,래미안엘리니티,59.96,4,2022,69300,0,2026,9,9
동대문구,용두동,래미안엘리니티,84.92,8,2022,82500,50,2026,9,3
동대문구,장안동,파히나더그로브,21.12,7,2023,5500,100,2026,9,8
동대문구,장안동,정은스카이빌101동,83.52,12,2004,54600,0,2026,9,3
동대문구,청량리동,미주,86.74,5,1978,30000,27,2026,9,5
동대문구,전농동,동아,83.01,19,1997,11000,190,2026,9,1
동대문구,전농동,전농SK,84.95,10,2000,65000,0,2026,9,5
동대문구,용두동,청량리역한양수자인그라시엘,84.95,9,2023,10000,390,2026,9,8
동대문구,답십리동,래미안위브,59.96,1,2014,35000,140,2026,9,8
동대문구,이문동,쌍용,59.99,23,2000,50000,0,2026,9,8
동대문구,용두동,이편한세상청계센트럴포레,59.96,22,2021,70000,40,2026,9,8
동대문구,장안동,코지언레지던스,13.12,7,2013,7200,5,2026,9,5
동대문구,휘경동,휘경SK뷰,95.58,25,2019,73500,0,2026,9,8
동대문구,장안동,장안힐스테이트,59.885,9,2007,50000,30,2026,9,7
동대문구,장안동,한신아파트,84.9,11,1996,47250,0,2026,9,8
동대문구,전농동,청량리역롯데캐슬 SKY-L65,102.922,50,2023,10000,550,2026,9,7
동대문구,휘경동,휘경베스트빌현대,114.88,7,2000,10000,200,2026,9,7
동대문구,용두동,청량리역한양수자인그라시엘,84.97,45,2023,93000,0,2026,9,5
동대문구,답십리동,래미안위브,121.64,15,2014,86000,0,2026,9,2
동대문구,답십리동,센시티16,14.244,16,2013,1000,70,2026,9,2
동대문구,휘경동,휘경리오포레아파트(1단지),84.86,1,2001,44000,0,2026,9,5
동대문구,제기동,제기한신113동(임대),32.76,4,2004,1292,17,2026,9,7
동대문구,이문동,이문아이파크자이,41.6,23,2025,2389,18,2026,9,7
동대문구,답십리동,힐스테이트청계,48.98,3,2018,68000,0,2026,9,4
동대문구,전농동,전농동신성미소지움,80.325,4,2005,57500,0,2026,9,5
동대문구,답십리동,힐스테이트청계,40.6,6,2018,13988,23,2026,9,4
동대문구,용두동,래미안 허브리츠,84.96,19,2011,53000,100,2026,9,5
동대문구,전농동,래미안크레시티,84.96,1,2014,80000,0,2026,9,5
동대문구,이문동,이문동웰츠타워,112.134,5,2008,75000,0,2026,9,6
동대문구,용두동,래미안엘리니티,74.94,13,2022,75000,40,2026,9,5
동대문구,휘경동,휘경미소지움,59.84,20,1999,53000,0,2026,9,4
동대문구,전농동,동대문롯데캐슬노블레스,59.98,5,2018,69000,0,2026,9,5
동대문구,이문동,쌍용,59.99,1,2000,45000,0,2026,9,5
동대문구,용두동,가우디캐슬,29.98,5,2019,22000,35,2026,9,4
동대문구,전농동,래미안크레시티,84.96,11,2014,68250,0,2026,9,5
동대문구,이문동,래미안라그란데,84.97,3,2025,70000,0,2026,9,2
동대문구,용두동,래미안 허브리츠,114.98,17,2011,20000,250,2026,9,3
동대문구,전농동,청량리역롯데캐슬 SKY-L65,84.983,7,2023,10000,349,2026,9,3
동대문구,전농동,리베르떼,27.23,13,2019,22000,35,2026,9,4
동대문구,답십리동,래미안위브,84.98,9,2014,35000,150,2026,9,4
동대문구,용두동,래미안엘리니티,84.92,7,2022,89000,0,2026,9,3
동대문구,용두동,LOFT129,22.1739,2,2025,100,41,2026,9,4
동대문구,전농동,래미안크레시티,59.99,5,2014,60000,60,2026,9,3
동대문구,용두동,이편한세상청계센트럴포레,84.93,13,2021,90000,0,2026,9,3
동대문구,청량리동,미주,101.65,10,1978,38535,0,2026,9,3
동대문구,전농동,전농SK,114.3,14,2000,56810,0,2026,9,3
동대문구,답십리동,래미안위브,84.98,9,2014,78000,0,2026,9,3
동대문구,이문동,신이문금호어울림,84.84,7,2008,33810,0,2026,9,3
동대문구,장안동,장안힐스테이트,59.885,14,2007,30000,135,2026,9,3
동대문구,답십리동,청계지웰에스테이트,19.525,9,2012,12000,0,2026,9,1
동대문구,전농동,전농우성,44.24,3,1992,35000,0,2026,9,2
동대문구,답십리동,동서울한양,59.67,5,1989,10000,105,2026,9,3
동대문구,장안동,장안푸르미에,12.9463,5,2013,300,58,2026,9,1
동대문구,이문동,래미안이문2차,84.61,3,2004,35000,110,2026,9,2
동대문구,용두동,청량리역한양수자인그라시엘,84.95,14,2023,80000,0,2026,9,2
동대문구,답십리동,센시티16,14.244,14,2013,9000,0,2026,9,1
동대문구,답십리동,현대썬앤빌청계,14.82,9,2016,11000,10,2026,9,1
동대문구,휘경동,회기역하트리움역세권청년주택,15.8871,18,2023,11300,28,2026,9,1
동대문구,전농동,리베르떼,27.23,13,2019,22000,35,2026,9,1
동대문구,전농동,전농SK,59.34,2,2000,45000,30,2026,9,1
동대문구,답십리동,센시티16,14.244,5,2013,8500,0,2026,9,1
동대문구,답십리동,청계한신휴플러스,90.62,13,2010,70000,0,2026,9,1
동대문구,장안동,에스아이팰리스장안센텀,26.537,11,2020,31500,0,2026,9,1
중랑구,상봉동,"엘지,쌍용아파트",68.12,9,1996,38800,20,2026,9,8
중랑구,신내동,우디안4단지,31.85,3,2018,7256,11,2026,9,23
중랑구,상봉동,상봉생활,20.2034,15,2026,16620,29,2026,9,23
중랑구,상봉동,상봉생활,43.6123,11,2026,29890,45,2026,9,23
중랑구,상봉동,상봉생활,43.6123,10,2026,29890,45,2026,9,23
중랑구,신내동,신내6대주,59.76,11,1996,34000,35,2026,9,9
중랑구,묵동,신내,59.76,10,1996,8000,120,2026,9,4
중랑구,면목동,삼일,50.49,7,1994,10000,60,2026,9,23
중랑구,상봉동,상봉생활,39.668,15,2026,27240,41,2026,9,23
중랑구,상봉동,프레미어스엠코,111.56,40,2013,30000,300,2026,9,18
중랑구,면목동,사가정센트럴아이파크,59.78,7,2020,16722,25,2026,9,23
중랑구,상봉동,상봉생활,43.6123,23,2026,29890,45,2026,9,23
중랑구,면목동,라온프라이빗,68.1667,21,2020,63000,0,2026,9,19
중랑구,상봉동,세이지움상봉,23.9838,13,2025,9500,55,2026,9,15
중랑구,상봉동,상봉생활,20.2034,13,2026,11870,48,2026,9,23
중랑구,상봉동,와이센트럴시티상봉,34.52,12,2025,15700,58,2026,9,22
중랑구,상봉동,상봉생활,43.6123,3,2026,29890,45,2026,9,22
중랑구,신내동,데시앙,59.99,14,2010,7875,12,2026,9,22
중랑구,묵동,세이지움태릉입구역,36.7355,23,2026,4300,24,2026,9,2
중랑구,묵동,로프트원태릉입구역,14.09,7,2020,3000,48,2026,9,21
중랑구,신내동,동성7,59.34,4,1999,32000,0,2026,9,22
중랑구,망우동,LH서울양원1단지,44.55,11,2022,14240,16,2026,9,21
중랑구,묵동,세이지움태릉입구역,18.364,27,2026,4275,21,2026,9,2
중랑구,면목동,사가정센트럴아이파크,59.92,21,2020,15886,24,2026,9,22
중랑구,상봉동,상봉어반뷰,13.26,11,2018,1000,52,2026,9,17
중랑구,신내동,신내6대주,49.77,1,1996,29400,0,2026,9,22
중랑구,면목동,사가정센트럴아이파크,59.78,8,2020,16155,28,2026,9,22
중랑구,상봉동,봄작시티24,19.64,14,2023,5500,92,2026,9,1
중랑구,신내동,데시앙,59.99,13,2010,4057,31,2026,9,22
중랑구,묵동,한국,59.64,5,1999,38000,0,2026,9,1
중랑구,중화동,한신아파트상가동유치원동(103~109),59.76,2,1997,33810,0,2026,9,21
중랑구,면목동,면목한신,27,10,1987,1000,55,2026,9,5
중랑구,망우동,LH서울양원1단지,14.96,3,2022,3489,7,2026,9,21
중랑구,신내동,신내6대주,49.77,9,1996,28075,0,2026,9,12
중랑구,묵동,칼튼테라스,33.7437,5,2021,13363,24,2026,9,15
중랑구,신내동,새한,115.84,3,1998,50400,0,2026,9,19
중랑구,상봉동,상봉생활,43.6123,3,2026,12810,107,2026,9,21
중랑구,면목동,용마산하늘채,84.7961,2,2015,64050,0,2026,9,19
중랑구,상봉동,봄작시티24,19.64,11,2023,19200,20,2026,9,21
중랑구,면목동,면목한신,44.5,1,1987,3000,110,2026,9,5
중랑구,신내동,신내9진흥,49.93,11,1996,3000,130,2026,9,19
중랑구,면목동,면목한신,35.3,11,1987,1000,85,2026,9,2
중랑구,신내동,신내6대주,49.77,11,1996,30000,0,2026,9,16
중랑구,상봉동,상봉생활,43.6123,18,2026,29890,45,2026,9,19
중랑구,중화동,한신아파트상가동유치원동(103~109),59.76,24,1997,34800,0,2026,9,19
중랑구,면목동,사가정센트럴아이파크,59.78,11,2020,65000,0,2026,9,19
중랑구,신내동,동성타워프라자,59.01,18,1996,24000,0,2026,9,18
중랑구,상봉동,우정아파트,81.783,15,2002,55000,0,2026,9,19
중랑구,신내동,신내11대명,39.76,1,1996,24500,0,2026,9,15
중랑구,상봉동,상봉생활,43.6123,18,2026,29890,45,2026,9,19
중랑구,상봉동,상봉생활,20.2034,21,2026,16620,29,2026,9,19
중랑구,면목동,신우,84.66,13,1998,20000,0,2026,9,1
중랑구,망우동,중랑숲리가,84.961,8,2012,30000,115,2026,9,19
중랑구,상봉동,건영캐스빌,84.6475,7,2006,57500,0,2026,9,11
중랑구,상봉동,와이센트럴시티상봉,34.52,8,2025,15700,58,2026,9,18
중랑구,신내동,동성5,59.91,14,1997,20000,70,2026,9,16
중랑구,면목동,사가정센트럴아이파크,84.87,20,2020,60000,50,2026,9,18
중랑구,묵동,신도,84.89,4,1998,55000,0,2026,9,7
중랑구,면목동,사가정센트럴아이파크,59.78,4,2020,13564,41,2026,9,17
중랑구,면목동,사가정센트럴아이파크,59.78,15,2020,12769,55,2026,9,17
중랑구,상봉동,상봉동양엔파트,18.2127,19,2024,7200,45,2026,9,18
중랑구,상봉동,동부아파트,84.99,14,1999,15000,100,2026,9,18
중랑구,신내동,우디안3단지,29.84,5,2017,5896,22,2026,9,18
중랑구,상봉동,상봉베스트원,25.96,11,2019,19000,20,2026,9,1
중랑구,상봉동,상봉동양엔파트,18.0282,11,2024,14400,17,2026,9,18
중랑구,면목동,사가정센트럴아이파크,59.92,10,2020,11876,44,2026,9,17
중랑구,면목동,신성,103.11,4,1998,36750,0,2026,9,18
중랑구,면목동,용마산모아엘가파크포레,84.9,3,2023,20000,170,2026,9,15
중랑구,면목동,사가정센트럴아이파크,59.78,19,2020,16722,25,2026,9,17
중랑구,신내동,우디안4단지,21.96,5,2018,5492,8,2026,9,18
중랑구,신내동,건영2차,74.25,11,1996,33000,60,2026,9,12
중랑구,면목동,두산4,84.86,7,2000,49000,0,2026,9,18
중랑구,신내동,신내우디안1단지,59.54,1,2014,39000,10,2026,9,15
중랑구,중화동,리버센SKVIEW롯데캐슬,100.97,24,2025,68000,0,2026,9,12
중랑구,신내동,동성3,59.4,7,1997,27000,0,2026,9,17
중랑구,면목동,사가정센트럴아이파크,59.78,17,2020,16722,25,2026,9,17
중랑구,묵동,신내,49.77,5,1996,5000,120,2026,9,17
중랑구,묵동,로프트원태릉입구역,15.35,5,2020,1000,56,2026,9,17
중랑구,신내동,신내6대주,39.84,1,1996,22000,0,2026,9,17
중랑구,면목동,신영,14.43,6,2013,500,50,2026,9,4
중랑구,묵동,세이지움태릉입구역,18.364,27,2026,2337,25,2026,9,3
중랑구,상봉동,봄작시티24,16.93,6,2023,18500,3,2026,9,17
중랑구,면목동,용마한신,35.44,2,1990,5000,70,2026,9,5
중랑구,신내동,우디안4단지,21.96,6,2018,3808,14,2026,9,17
중랑구,묵동,세이지움태릉입구역,18.364,16,2026,1402,15,2026,9,2
중랑구,신내동,신내9진흥,33.18,12,1996,24000,0,2026,9,16
중랑구,묵동,에이트플레이스,20.46,10,2026,13700,21,2026,9,16
중랑구,망우동,신원,84.87,18,1999,18500,20,2026,9,14
중랑구,중화동,청광플러스원,84.96,2,2007,28650,0,2026,9,16
중랑구,신내동,신내6대주,49.77,6,1996,27600,0,2026,9,17
중랑구,면목동,대한,77.39,6,2003,20000,85,2026,9,16
중랑구,상봉동,상봉동양엔파트,18.2202,10,2024,7200,45,2026,9,16
중랑구,상봉동,봄작시티24,19.64,8,2023,19200,10,2026,9,16
중랑구,신내동,우디안3단지,29.84,3,2017,8618,13,2026,9,16
중랑구,면목동,사가정센트럴아이파크,59.78,16,2020,16722,25,2026,9,16
중랑구,상봉동,상봉동양엔파트,18.2202,10,2024,7200,45,2026,9,16
중랑구,면목동,사가정센트럴아이파크,59.78,11,2020,16722,25,2026,9,15
중랑구,망우동,(506-14),15.5,10,2012,1000,55,2026,9,14
중랑구,신내동,경남아너스빌,84.98,5,2007,51000,0,2026,9,11
중랑구,신내동,동성3,129.37,14,1997,10000,200,2026,9,16
중랑구,신내동,신내6대주,39.84,4,1996,3000,105,2026,9,10
중랑구,신내동,신내글로리움,36.36,20,2019,6568,24,2026,9,16
중랑구,망우동,경남,59.94,4,1989,26000,0,2026,9,12
중랑구,상봉동,와이센트럴시티상봉,30.09,16,2025,14700,55,2026,9,16
중랑구,상봉동,건영1,84.96,5,1997,47200,0,2026,9,5
중랑구,묵동,이편한세상화랑대,59.953,2,2017,31395,0,2026,9,15
중랑구,신내동,우디안4단지,31.85,3,2018,6845,16,2026,9,15
중랑구,신내동,데시앙,114.71,13,2010,56000,0,2026,9,11
중랑구,묵동,세이지움태릉입구역,18.364,15,2026,2337,25,2026,9,2
중랑구,상봉동,한일써너스빌,84.981,11,2003,8000,199,2026,9,11
중랑구,신내동,신내9진흥,33.18,8,1996,17000,30,2026,9,15
중랑구,상봉동,베스트엘리시온,18.09,5,2013,11500,5,2026,9,5
중랑구,묵동,세이지움태릉입구역,36.7355,25,2026,2520,28,2026,9,2
중랑구,상봉동,포시티,14.855,13,2014,1000,65,2026,9,15
중랑구,묵동,칼튼테라스,33.7437,5,2021,13363,24,2026,9,15
중랑구,면목동,면목한신,35.3,4,1987,1000,100,2026,9,15
중랑구,신내동,신내글로리움,44.68,8,2019,12800,18,2026,9,15
중랑구,신내동,우디안4단지,31.85,5,2018,8305,11,2026,9,15
중랑구,신내동,신내9진흥,49.82,4,1996,35000,0,2026,9,9
중랑구,상봉동,태영데시앙1,84.9353,8,2003,33500,50,2026,9,14
중랑구,신내동,우디안4단지,31.85,6,2018,7685,12,2026,9,15
중랑구,묵동,브라운스톤태릉,83.5358,1,2004,53000,0,2026,9,15
중랑구,신내동,우디안4단지,21.96,7,2018,5492,8,2026,9,15
중랑구,상봉동,상봉생활,39.668,23,2026,19460,69,2026,9,15
중랑구,신내동,신내6대주,39.84,1,1996,27000,0,2026,9,5
중랑구,상봉동,한일써너스빌,84.642,4,2003,54000,0,2026,9,6
중랑구,신내동,신내 데시앙포레,49.77,3,2013,1870,38,2026,9,15
중랑구,신내동,신내6대주,49.77,8,1996,28000,0,2026,9,12
중랑구,신내동,신내글로리움,36.36,16,2019,9539,12,2026,9,14
중랑구,면목동,용마한신,35.44,4,1990,25000,0,2026,9,2
중랑구,상봉동,상봉타워,15.525,20,2019,15600,15,2026,9,12
중랑구,면목동,사가정센트럴아이파크,59.78,3,2020,16722,25,2026,9,14
중랑구,상봉동,상봉생활,59.9741,15,2026,37870,56,2026,9,14
중랑구,면목동,사가정센트럴아이파크,59.78,3,2020,12502,47,2026,9,14
중랑구,신내동,데시앙,84.3,11,2010,31689,0,2026,9,14
중랑구,면목동,사가정센트럴아이파크,59.78,12,2020,16722,25,2026,9,13
중랑구,면목동,봄작시티201,16.66,10,2022,16900,13,2026,9,14
중랑구,묵동,신내,59.76,8,1996,14000,110,2026,9,7
중랑구,신내동,라이프미성,82.3,2,1992,37000,0,2026,9,10
중랑구,면목동,사가정센트럴아이파크,59.92,1,2020,16722,25,2026,9,14
중랑구,면목동,사가정센트럴아이파크,59.78,10,2020,16722,25,2026,9,13
중랑구,면목동,봄작시티201,16.66,10,2022,16900,13,2026,9,14
중랑구,묵동,세이지움태릉입구역,18.364,25,2026,4675,21,2026,9,14
중랑구,상봉동,"엘지,쌍용아파트",68.12,13,1996,50000,0,2026,9,11
중랑구,상봉동,상봉생활,59.774,17,2026,37870,56,2026,9,12
중랑구,신내동,데시앙,59.98,8,2010,4366,41,2026,9,11
중랑구,신내동,데시앙,59.99,6,2010,7065,25,2026,9,13
중랑구,묵동,세이지움태릉입구역,36.7355,7,2026,6300,41,2026,9,4
중랑구,신내동,신내9진흥,49.93,5,1996,38000,0,2026,9,12
중랑구,신내동,데시앙,59.98,14,2010,4889,31,2026,9,12
중랑구,신내동,동성1,125.48,12,1993,65000,0,2026,9,11
중랑구,신내동,데시앙,59.7,2,2010,7875,12,2026,9,11
중랑구,신내동,데시앙,59.7,6,2010,2094,37,2026,9,11
중랑구,신내동,데시앙,59.99,6,2010,8266,13,2026,9,11
중랑구,신내동,데시앙,59.7,15,2010,8266,13,2026,9,13
중랑구,묵동,세이지움태릉입구역,18.364,28,2026,1402,15,2026,9,2
중랑구,신내동,데시앙,59.98,11,2010,2094,37,2026,9,11
중랑구,신내동,데시앙,59.98,10,2010,8266,13,2026,9,11
중랑구,신내동,데시앙,59.98,14,2010,3689,34,2026,9,11
중랑구,면목동,현대,84.09,8,1994,50000,0,2026,9,12
중랑구,상봉동,"엘지,쌍용아파트",68.12,13,1996,50000,0,2026,9,11
중랑구,신내동,데시앙,59.7,10,2010,4889,31,2026,9,11
중랑구,면목동,유진뜨레지움,34.6,6,2021,22586,23,2026,9,2
중랑구,묵동,세이지움태릉입구역,18.364,13,2026,2337,25,2026,9,2
중랑구,면목동,사가정센트럴아이파크,59.92,27,2020,16722,25,2026,9,11
중랑구,상봉동,상봉생활,44.4648,17,2026,30570,46,2026,9,11
중랑구,묵동,이편한세상화랑대,59.953,10,2017,28000,100,2026,9,11
중랑구,신내동,데시앙,114.67,15,2010,30587,0,2026,9,11
중랑구,신내동,데시앙,59.99,10,2010,8266,13,2026,9,11
중랑구,면목동,사가정센트럴아이파크,59.92,8,2020,16722,25,2026,9,11
중랑구,상봉동,상봉동양엔파트,18.0282,5,2024,8580,26,2026,9,11
중랑구,신내동,신내6대주,59.76,1,1996,10000,96,2026,9,11
중랑구,면목동,사가정센트럴아이파크,59.92,29,2020,15542,31,2026,9,11
중랑구,신내동,데시앙,59.98,9,2010,6936,20,2026,9,11
중랑구,신내동,신내6대주,39.84,9,1996,5000,105,2026,9,2
중랑구,면목동,사가정센트럴아이파크,59.78,22,2020,16722,25,2026,9,11
중랑구,면목동,사가정센트럴아이파크,59.78,6,2020,16722,25,2026,9,11
중랑구,면목동,늘푸른동아,84.97,6,2002,55000,0,2026,9,9
중랑구,신내동,데시앙,59.99,7,2010,2289,37,2026,9,11
중랑구,신내동,데시앙,59.99,11,2010,8266,13,2026,9,11
중랑구,면목동,사가정센트럴아이파크,59.92,5,2020,16722,25,2026,9,11
중랑구,면목동,사가정센트럴아이파크,59.78,3,2020,6722,59,2026,9,11
중랑구,신내동,건영2차,57.3,9,1996,44000,0,2026,9,10
중랑구,신내동,데시앙,59.7,10,2010,8266,13,2026,9,11
중랑구,신내동,데시앙,59.99,12,2010,8266,13,2026,9,11
중랑구,신내동,데시앙,59.98,3,2010,8266,13,2026,9,11
중랑구,신내동,데시앙,59.99,14,2010,3789,34,2026,9,11
중랑구,신내동,성원,84.4,13,1994,40000,35,2026,9,11
중랑구,신내동,데시앙,59.99,14,2010,8266,13,2026,9,11
중랑구,면목동,용마한신,35.44,3,1990,23000,0,2026,9,11
중랑구,면목동,사가정센트럴아이파크,59.78,4,2020,15886,24,2026,9,11
중랑구,상봉동,상봉생활,44.4648,8,2026,21830,78,2026,9,11
중랑구,상봉동,상봉어반뷰,13.26,8,2018,1000,65,2026,9,10
중랑구,면목동,사가정센트럴아이파크,59.78,18,2020,16722,25,2026,9,10
중랑구,묵동,세이지움태릉입구역,18.364,15,2026,2005,14,2026,9,2
중랑구,신내동,성원,84.4,16,1994,55000,0,2026,9,10
중랑구,상봉동,상봉생활,20.2034,15,2026,14000,24,2026,9,10
중랑구,상봉동,주함해븐타워,14.55,4,2015,1000,70,2026,9,10
중랑구,면목동,사가정센트럴아이파크,59.78,27,2020,21000,189,2026,9,7
중랑구,신내동,신내글로리움,44.68,8,2019,13220,17,2026,9,9
중랑구,중화동,한신아파트상가동유치원동(103~109),59.76,16,1997,45150,0,2026,9,10
중랑구,신내동,신내11대명,59.76,8,1996,39000,0,2026,9,9
중랑구,상봉동,"엘지,쌍용아파트",68.12,9,1996,42000,0,2026,9,8
중랑구,묵동,세이지움태릉입구역,18.364,10,2026,2337,25,2026,9,4
중랑구,면목동,면목삼호101,83.08,11,2000,44000,0,2026,9,5
중랑구,면목동,사가정센트럴아이파크,59.78,5,2020,16722,25,2026,9,9
중랑구,면목동,사가정센트럴아이파크,59.78,20,2020,12502,47,2026,9,9
중랑구,면목동,사가정센트럴아이파크,59.78,5,2020,16722,25,2026,9,9
중랑구,면목동,사가정센트럴아이파크,59.92,23,2020,12502,47,2026,9,8
중랑구,신내동,신내11대명,49.77,2,1996,1000,89,2026,9,9
중랑구,신내동,신내9진흥,49.82,4,1996,35000,0,2026,9,9
중랑구,면목동,사가정센트럴아이파크,59.92,18,2020,15886,24,2026,9,8
중랑구,묵동,신도,84.89,4,1998,55000,0,2026,9,7
중랑구,면목동,주함해븐타워원(면목동),14.87,6,2020,12000,21,2026,9,3
중랑구,묵동,세이지움태릉입구역,18.364,12,2026,1402,15,2026,9,2
중랑구,면목동,사가정센트럴아이파크,59.92,27,2020,16722,25,2026,9,9
중랑구,면목동,경남아너스빌,84.961,7,2006,10000,175,2026,9,9
중랑구,묵동,세이지움태릉입구역,18.364,11,2026,1402,15,2026,9,2
중랑구,면목동,사가정센트럴아이파크,59.92,4,2020,16722,25,2026,9,9
중랑구,묵동,신내대림아파트,126.28,3,1995,75000,0,2026,9,8
중랑구,신내동,신내11대명,39.76,5,1996,24000,0,2026,9,7
중랑구,면목동,사가정센트럴아이파크,59.92,9,2020,16722,25,2026,9,9
중랑구,면목동,현대,84.09,8,1994,5000,170,2026,9,4
중랑구,묵동,세이지움태릉입구역,18.364,18,2026,2337,25,2026,9,2
중랑구,상봉동,베스트엘리시온,18.09,5,2013,11500,5,2026,9,5
중랑구,묵동,세이지움태릉입구역,18.364,10,2026,1402,15,2026,9,3
중랑구,면목동,사가정센트럴아이파크,59.78,20,2020,16722,25,2026,9,8
중랑구,망우동,"염광(5,8,10,11동)",60.37,4,1984,13000,0,2026,9,5
중랑구,묵동,신내,49.77,2,1996,31000,0,2026,9,7
중랑구,면목동,사가정센트럴아이파크,59.78,15,2020,16722,25,2026,9,8
중랑구,상봉동,솔렌시아5,17.98,4,2019,4495,19,2026,9,8
중랑구,상봉동,상봉생활,43.6123,15,2026,29890,45,2026,9,8
중랑구,상봉동,상봉생활,43.6123,17,2026,21350,76,2026,9,8
중랑구,상봉동,상봉생활,43.6123,13,2026,12810,107,2026,9,8
중랑구,면목동,사가정센트럴아이파크,84.956,15,2020,20000,199,2026,9,5
중랑구,면목동,사가정센트럴아이파크,59.78,15,2020,17972,30,2026,9,8
중랑구,면목동,사가정센트럴아이파크,59.78,6,2020,13542,41,2026,9,7
중랑구,면목동,사가정센트럴아이파크,59.92,4,2020,16722,25,2026,9,7
중랑구,면목동,사가정센트럴아이파크,59.78,24,2020,16722,25,2026,9,7
중랑구,면목동,사가정센트럴아이파크,59.92,16,2020,16722,25,2026,9,7
중랑구,묵동,칼튼테라스,16.8132,15,2021,4140,31,2026,9,8
중랑구,면목동,사가정센트럴아이파크,59.78,19,2020,16722,25,2026,9,7
중랑구,면목동,사가정센트럴아이파크,59.78,8,2020,16722,25,2026,9,7
중랑구,면목동,신성미소지움,80.1913,4,2004,50000,0,2026,9,4
중랑구,신내동,화성.두산아파트,66.96,7,1995,5000,105,2026,9,5
중랑구,신내동,신내6대주,59.76,2,1996,25000,50,2026,9,7
중랑구,묵동,세이지움태릉입구역,18.364,24,2026,1402,15,2026,9,3
중랑구,묵동,세이지움태릉입구역,18.364,15,2026,1402,15,2026,9,3
중랑구,묵동,브라운스톤태릉,83.5358,4,2004,60000,0,2026,9,7
중랑구,면목동,사가정센트럴아이파크,59.92,22,2020,16722,25,2026,9,7
중랑구,묵동,세이지움태릉입구역,18.364,16,2026,1402,15,2026,9,2
중랑구,면목동,사가정센트럴아이파크,59.78,8,2020,16722,25,2026,9,7
중랑구,면목동,사가정센트럴아이파크,59.78,18,2020,16722,25,2026,9,7
중랑구,면목동,사가정센트럴아이파크,59.78,12,2020,6220,56,2026,9,7
중랑구,면목동,사가정센트럴아이파크,59.92,9,2020,16722,25,2026,9,7
중랑구,묵동,세이지움태릉입구역,36.7355,29,2026,2520,28,2026,9,3
중랑구,면목동,사가정센트럴아이파크,59.92,29,2020,17792,31,2026,9,7
중랑구,면목동,사가정센트럴아이파크,59.78,17,2020,16722,25,2026,9,7
중랑구,면목동,사가정센트럴아이파크,59.78,20,2020,15942,29,2026,9,7
중랑구,면목동,사가정센트럴아이파크,59.78,28,2020,16722,25,2026,9,7
중랑구,면목동,사가정센트럴아이파크,59.78,1,2020,16722,25,2026,9,7
중랑구,면목동,사가정센트럴아이파크,59.78,22,2020,16722,25,2026,9,7
중랑구,면목동,사가정센트럴아이파크,59.78,14,2020,16722,25,2026,9,7
중랑구,면목동,라온프라이빗,59.9841,29,2020,19160,24,2026,9,7
중랑구,묵동,세이지움태릉입구역,18.364,17,2026,2337,25,2026,9,2
중랑구,상봉동,상봉생활,43.6123,18,2026,21350,76,2026,9,4
중랑구,신내동,신내9진흥,33.18,13,1996,20000,0,2026,9,7
중랑구,신내동,건영2차,84.96,4,1996,43000,69,2026,9,1
중랑구,면목동,사가정센트럴아이파크,59.78,9,2020,16722,25,2026,9,7
중랑구,면목동,사가정센트럴아이파크,59.78,5,2020,16722,25,2026,9,7
중랑구,면목동,사가정센트럴아이파크,59.78,9,2020,16722,25,2026,9,7
중랑구,면목동,사가정센트럴아이파크,59.78,23,2020,16722,25,2026,9,7
중랑구,면목동,사가정센트럴아이파크,59.78,3,2020,16722,25,2026,9,7
중랑구,면목동,사가정센트럴아이파크,59.78,9,2020,12502,47,2026,9,7
중랑구,면목동,사가정센트럴아이파크,59.78,15,2020,16722,25,2026,9,7
중랑구,면목동,사가정센트럴아이파크,59.92,8,2020,16722,25,2026,9,7
중랑구,면목동,사가정센트럴아이파크,59.78,14,2020,15886,24,2026,9,7
중랑구,면목동,사가정센트럴아이파크,59.78,6,2020,16722,25,2026,9,7
중랑구,면목동,사가정센트럴아이파크,59.78,19,2020,16722,25,2026,9,7
중랑구,면목동,사가정센트럴아이파크,59.78,13,2020,16722,25,2026,9,7
중랑구,면목동,사가정센트럴아이파크,59.78,10,2020,16722,25,2026,9,7
중랑구,묵동,이편한세상화랑대,84.902,7,2017,69000,0,2026,9,5
중랑구,면목동,사가정센트럴아이파크,59.92,3,2020,16722,25,2026,9,7
중랑구,면목동,사가정센트럴아이파크,59.78,2,2020,16722,25,2026,9,7
중랑구,면목동,두산2,134.2,7,1995,70000,0,2026,9,4
중랑구,신내동,신내6대주,59.76,7,1996,36000,0,2026,9,5
중랑구,신내동,신내9진흥(임대),39.84,14,1996,1093,12,2026,9,7
중랑구,면목동,사가정센트럴아이파크,84.956,23,2020,87000,0,2026,9,5
중랑구,중화동,한신아파트상가동유치원동(103~109),84.03,6,1997,20000,180,2026,9,5
중랑구,신내동,신내글로리움,36.36,18,2019,6955,25,2026,9,5
중랑구,신내동,동성7,84.78,3,1999,48000,0,2026,9,5
중랑구,상봉동,상봉생활,59.774,11,2026,27050,94,2026,9,5
중랑구,면목동,킴스아파트,15.35,5,2023,300,70,2026,9,5
중랑구,묵동,세이지움태릉입구역,18.364,24,2026,2337,25,2026,9,2
중랑구,묵동,세이지움태릉입구역,18.364,20,2026,2975,24,2026,9,2
중랑구,묵동,세이지움태릉입구역,18.364,7,2026,1402,15,2026,9,3
중랑구,묵동,세이지움태릉입구역,18.364,20,2026,2805,12,2026,9,4
중랑구,면목동,주함해븐타워원(면목동),27.4,8,2020,21112,3,2026,9,4
중랑구,묵동,세이지움태릉입구역,18.364,26,2026,1402,15,2026,9,2
중랑구,묵동,세이지움태릉입구역,18.364,25,2026,2400,25,2026,9,3
중랑구,묵동,세이지움태릉입구역,18.364,15,2026,4675,21,2026,9,4
중랑구,상봉동,주함해븐타워,14.55,9,2015,1000,65,2026,9,4
중랑구,묵동,세이지움태릉입구역,18.364,7,2026,2805,12,2026,9,4
중랑구,묵동,세이지움태릉입구역,18.364,13,2026,2805,12,2026,9,4
중랑구,묵동,세이지움태릉입구역,36.7355,10,2026,2520,28,2026,9,2
중랑구,묵동,세이지움태릉입구역,18.364,8,2026,2337,25,2026,9,2
중랑구,묵동,세이지움태릉입구역,18.364,6,2026,1402,15,2026,9,2
중랑구,묵동,세이지움태릉입구역,18.364,9,2026,4675,21,2026,9,4
중랑구,면목동,늘푸른동아,59.65,9,2002,12000,160,2026,9,4
중랑구,묵동,세이지움태릉입구역,18.364,10,2026,2337,25,2026,9,3
중랑구,묵동,세이지움태릉입구역,18.364,18,2026,1402,15,2026,9,2
중랑구,묵동,세이지움태릉입구역,18.364,8,2026,2805,12,2026,9,4
중랑구,묵동,세이지움태릉입구역,18.364,6,2026,4675,21,2026,9,4
중랑구,면목동,면목한신,44.5,10,1987,1000,100,2026,9,4
중랑구,상봉동,상봉생활,59.774,14,2026,37870,56,2026,9,4
중랑구,상봉동,역세권청년주택,31.65,6,2021,7600,58,2026,9,1
중랑구,묵동,세이지움태릉입구역,18.364,24,2026,2805,12,2026,9,4
중랑구,묵동,세이지움태릉입구역,18.364,13,2026,2805,12,2026,9,4
중랑구,묵동,세이지움태릉입구역,36.7355,11,2026,8400,37,2026,9,4
중랑구,묵동,세이지움태릉입구역,38.6071,20,2026,5295,23,2026,9,4
중랑구,상봉동,"엘지,쌍용아파트",68.12,7,1996,45150,0,2026,9,3
중랑구,신내동,원당,63,3,1989,21000,0,2026,9,3
중랑구,신내동,신내9진흥,33.18,12,1996,7000,55,2026,9,4
중랑구,묵동,세이지움태릉입구역,18.364,29,2026,2805,12,2026,9,4
중랑구,상봉동,건영1,84.96,3,1997,47250,0,2026,9,4
중랑구,묵동,세이지움태릉입구역,18.364,12,2026,2805,12,2026,9,4
중랑구,상봉동,상봉생활,44.4648,6,2026,30570,46,2026,9,4
중랑구,망우동,신내역프라디움더테라스,84.5792,35,2023,53246,0,2026,9,4
중랑구,묵동,세이지움태릉입구역,18.364,8,2026,2805,12,2026,9,4
중랑구,묵동,세이지움태릉입구역,18.364,20,2026,4675,21,2026,9,4
중랑구,묵동,세이지움태릉입구역,18.364,13,2026,2805,12,2026,9,4
중랑구,묵동,세이지움태릉입구역,18.364,26,2026,2805,12,2026,9,4
중랑구,묵동,세이지움태릉입구역,18.364,16,2026,4675,21,2026,9,4
중랑구,묵동,세이지움태릉입구역,36.7355,7,2026,8400,37,2026,9,4
중랑구,묵동,세이지움태릉입구역,36.7355,7,2026,5040,22,2026,9,4
중랑구,묵동,세이지움태릉입구역,18.364,10,2026,4675,21,2026,9,4
중랑구,상봉동,상봉생활,43.6123,18,2026,21350,76,2026,9,4
중랑구,묵동,세이지움태릉입구역,18.364,28,2026,4675,21,2026,9,4
중랑구,묵동,세이지움태릉입구역,18.364,27,2026,2805,12,2026,9,4
중랑구,묵동,에이트플레이스,39.76,10,2026,9300,77,2026,9,3
중랑구,묵동,세이지움태릉입구역,18.364,10,2026,4675,21,2026,9,4
중랑구,묵동,세이지움태릉입구역,18.364,25,2026,1402,15,2026,9,3
중랑구,묵동,세이지움태릉입구역,18.364,7,2026,2805,12,2026,9,3
중랑구,묵동,세이지움태릉입구역,38.6071,23,2026,5295,23,2026,9,3
중랑구,묵동,세이지움태릉입구역,18.364,24,2026,4675,21,2026,9,3
중랑구,묵동,세이지움태릉입구역,18.364,9,2026,2805,12,2026,9,4
중랑구,묵동,세이지움태릉입구역,18.364,27,2026,4675,21,2026,9,4
중랑구,묵동,세이지움태릉입구역,36.7355,29,2026,5040,22,2026,9,3
중랑구,묵동,세이지움태릉입구역,18.364,9,2026,2805,12,2026,9,3
중랑구,신내동,동성아파트,59.4,12,1997,18000,90,2026,9,3
중랑구,묵동,세이지움태릉입구역,18.364,18,2026,4675,21,2026,9,3
중랑구,묵동,세이지움태릉입구역,18.364,23,2026,2805,12,2026,9,3
중랑구,면목동,사가정센트럴아이파크,59.78,5,2020,16934,24,2026,9,2
중랑구,면목동,사가정센트럴아이파크,59.92,19,2020,12742,45,2026,9,3
중랑구,묵동,신내,59.76,12,1996,40000,0,2026,9,3
중랑구,중화동,한신아파트상가동유치원동(103~109),84.03,13,1997,70000,0,2026,9,2
중랑구,묵동,묵동포레시타,14.95,2,2013,10000,15,2026,9,2
중랑구,묵동,세이지움태릉입구역,18.364,25,2026,2805,12,2026,9,3
중랑구,묵동,세이지움태릉입구역,18.364,26,2026,1405,15,2026,9,2
중랑구,중화동,한신아파트상가동유치원동(103~109),50.37,20,1997,46000,0,2026,9,3
중랑구,묵동,세이지움태릉입구역,18.364,12,2026,2805,12,2026,9,3
중랑구,망우동,LH서울양원1단지,14.96,5,2022,3229,7,2026,9,3
중랑구,묵동,세이지움태릉입구역,18.364,17,2026,2805,12,2026,9,3
중랑구,묵동,세이지움태릉입구역,18.364,13,2026,2805,12,2026,9,3
중랑구,묵동,세이지움태릉입구역,18.364,26,2026,2805,12,2026,9,2
중랑구,묵동,세이지움태릉입구역,38.6071,11,2026,8825,39,2026,9,3
중랑구,신내동,신내글로리움,36.36,24,2019,6955,25,2026,9,3
중랑구,묵동,세이지움태릉입구역,18.364,22,2026,2805,12,2026,9,3
중랑구,묵동,세이지움태릉입구역,18.364,28,2026,4675,21,2026,9,3
중랑구,묵동,세이지움태릉입구역,18.364,25,2026,4675,21,2026,9,3
중랑구,묵동,세이지움태릉입구역,36.7355,22,2026,5040,22,2026,9,3
중랑구,묵동,세이지움태릉입구역,18.364,19,2026,2805,12,2026,9,3
중랑구,묵동,세이지움태릉입구역,36.7355,21,2026,2520,28,2026,9,2
중랑구,묵동,세이지움태릉입구역,18.364,8,2026,4675,21,2026,9,3
중랑구,묵동,세이지움태릉입구역,18.364,15,2026,2805,12,2026,9,3
중랑구,면목동,용마산하늘채,84.7961,13,2015,35000,130,2026,9,3
중랑구,묵동,세이지움태릉입구역,38.6071,9,2026,5295,23,2026,9,3
중랑구,묵동,세이지움태릉입구역,18.364,16,2026,2805,12,2026,9,3
중랑구,묵동,세이지움태릉입구역,36.7355,25,2026,5040,22,2026,9,3
중랑구,묵동,세이지움태릉입구역,18.364,14,2026,4675,21,2026,9,3
중랑구,묵동,세이지움태릉입구역,18.364,10,2026,2805,12,2026,9,3
중랑구,신내동,성원,84.32,6,1994,5000,170,2026,9,1
중랑구,묵동,세이지움태릉입구역,18.364,27,2026,2805,12,2026,9,3
중랑구,신내동,신내9진흥,49.93,12,1996,34600,0,2026,9,2
중랑구,면목동,사가정센트럴아이파크,84.87,28,2020,72000,0,2026,9,2
중랑구,묵동,세이지움태릉입구역,18.364,16,2026,2805,12,2026,9,3
중랑구,묵동,세이지움태릉입구역,36.7355,27,2026,5040,22,2026,9,3
중랑구,묵동,세이지움태릉입구역,18.364,10,2026,4675,21,2026,9,3
중랑구,묵동,세이지움태릉입구역,18.364,18,2026,2805,12,2026,9,3
중랑구,묵동,세이지움태릉입구역,18.364,12,2026,2000,14,2026,9,2
중랑구,묵동,세이지움태릉입구역,18.364,15,2026,4675,21,2026,9,3
중랑구,묵동,세이지움태릉입구역,18.364,11,2026,1402,15,2026,9,2
중랑구,묵동,세이지움태릉입구역,18.364,23,2026,2805,12,2026,9,3
중랑구,묵동,세이지움태릉입구역,18.364,8,2026,4675,21,2026,9,3
중랑구,상봉동,상봉생활,39.668,13,2026,27240,41,2026,9,2
중랑구,묵동,세이지움태릉입구역,36.7355,22,2026,8400,37,2026,9,3
중랑구,묵동,세이지움태릉입구역,18.364,15,2026,1402,15,2026,9,2
중랑구,묵동,세이지움태릉입구역,36.7355,20,2026,8400,37,2026,9,2
중랑구,묵동,세이지움태릉입구역,36.7355,8,2026,8400,37,2026,9,2
중랑구,묵동,세이지움태릉입구역,18.364,16,2026,4675,21,2026,9,3
중랑구,묵동,세이지움태릉입구역,18.364,14,2026,2805,12,2026,9,3
중랑구,묵동,세이지움태릉입구역,36.7355,8,2026,8400,37,2026,9,3
중랑구,상봉동,상봉생활,59.774,24,2026,37870,56,2026,9,3
중랑구,묵동,세이지움태릉입구역,36.7355,6,2026,8400,37,2026,9,2
중랑구,묵동,세이지움태릉입구역,36.7355,23,2026,8400,37,2026,9,2
중랑구,묵동,세이지움태릉입구역,36.7355,13,2026,8400,37,2026,9,3
중랑구,묵동,세이지움태릉입구역,36.7355,21,2026,8400,37,2026,9,2
중랑구,묵동,세이지움태릉입구역,36.7355,18,2026,8400,37,2026,9,2
중랑구,묵동,세이지움태릉입구역,18.364,26,2026,2337,25,2026,9,2
중랑구,묵동,세이지움태릉입구역,38.6071,19,2026,8825,39,2026,9,2
중랑구,묵동,세이지움태릉입구역,38.6071,16,2026,8825,39,2026,9,2
중랑구,묵동,세이지움태릉입구역,36.7355,7,2026,8400,37,2026,9,2
중랑구,묵동,세이지움태릉입구역,36.7355,14,2026,8400,37,2026,9,3
중랑구,묵동,세이지움태릉입구역,38.6071,10,2026,8825,39,2026,9,2
중랑구,묵동,세이지움태릉입구역,18.364,27,2026,4675,21,2026,9,3
중랑구,묵동,신내,49.77,10,1996,31000,0,2026,9,2
중랑구,묵동,세이지움태릉입구역,36.7355,16,2026,8400,37,2026,9,2
중랑구,묵동,세이지움태릉입구역,18.364,13,2026,4675,21,2026,9,3
중랑구,묵동,세이지움태릉입구역,18.364,24,2026,2805,12,2026,9,3
중랑구,묵동,세이지움태릉입구역,18.364,12,2026,4675,21,2026,9,3
중랑구,묵동,세이지움태릉입구역,18.364,24,2026,2805,12,2026,9,2
중랑구,묵동,세이지움태릉입구역,18.364,10,2026,4675,21,2026,9,3
중랑구,묵동,세이지움태릉입구역,18.364,9,2026,4675,21,2026,9,2
중랑구,묵동,세이지움태릉입구역,18.364,15,2026,2805,12,2026,9,2
중랑구,묵동,세이지움태릉입구역,18.364,20,2026,4675,21,2026,9,2
중랑구,묵동,세이지움태릉입구역,36.7355,6,2026,5040,22,2026,9,2
중랑구,묵동,세이지움태릉입구역,18.364,6,2026,4675,21,2026,9,3
중랑구,묵동,세이지움태릉입구역,18.364,12,2026,2805,12,2026,9,2
중랑구,묵동,세이지움태릉입구역,18.364,22,2026,2805,12,2026,9,2
중랑구,묵동,세이지움태릉입구역,18.364,15,2026,4675,21,2026,9,2
중랑구,묵동,세이지움태릉입구역,18.364,21,2026,2805,12,2026,9,2
중랑구,묵동,세이지움태릉입구역,18.364,18,2026,2805,12,2026,9,2
중랑구,묵동,세이지움태릉입구역,18.364,25,2026,4675,21,2026,9,2
중랑구,묵동,세이지움태릉입구역,36.7355,28,2026,8400,37,2026,9,2
중랑구,묵동,세이지움태릉입구역,18.364,11,2026,2805,12,2026,9,2
중랑구,묵동,세이지움태릉입구역,18.364,28,2026,4675,21,2026,9,2
중랑구,묵동,세이지움태릉입구역,18.364,14,2026,2805,12,2026,9,2
중랑구,묵동,세이지움태릉입구역,18.364,24,2026,2805,12,2026,9,2
중랑구,묵동,세이지움태릉입구역,18.364,13,2026,4675,21,2026,9,2
중랑구,묵동,세이지움태릉입구역,36.7355,10,2026,8400,37,2026,9,2
중랑구,묵동,세이지움태릉입구역,38.6071,25,2026,8825,39,2026,9,2
중랑구,묵동,세이지움태릉입구역,36.7355,22,2026,5040,22,2026,9,2
중랑구,묵동,세이지움태릉입구역,18.364,18,2026,2805,12,2026,9,2
중랑구,묵동,세이지움태릉입구역,18.364,17,2026,2805,12,2026,9,2
중랑구,묵동,세이지움태릉입구역,59.5073,18,2026,14850,66,2026,9,2
중랑구,묵동,세이지움태릉입구역,18.364,26,2026,4675,21,2026,9,2
중랑구,묵동,세이지움태릉입구역,18.364,12,2026,2805,12,2026,9,2
중랑구,묵동,세이지움태릉입구역,18.364,27,2026,4675,21,2026,9,2
중랑구,묵동,세이지움태릉입구역,18.364,10,2026,4675,21,2026,9,2
중랑구,묵동,세이지움태릉입구역,36.7355,25,2026,5040,22,2026,9,2
중랑구,묵동,세이지움태릉입구역,18.364,15,2026,2805,12,2026,9,2
중랑구,묵동,세이지움태릉입구역,18.364,20,2026,4675,21,2026,9,2
중랑구,묵동,세이지움태릉입구역,18.364,7,2026,2805,12,2026,9,2
중랑구,묵동,세이지움태릉입구역,36.7355,15,2026,5040,22,2026,9,3
중랑구,묵동,세이지움태릉입구역,18.364,11,2026,2805,12,2026,9,2
중랑구,묵동,세이지움태릉입구역,18.364,14,2026,4675,21,2026,9,2
중랑구,묵동,세이지움태릉입구역,18.364,13,2026,2805,12,2026,9,2
중랑구,묵동,세이지움태릉입구역,18.364,17,2026,2805,12,2026,9,2
중랑구,묵동,세이지움태릉입구역,18.364,27,2026,2805,12,2026,9,2
중랑구,묵동,세이지움태릉입구역,18.364,10,2026,4675,21,2026,9,2
중랑구,묵동,세이지움태릉입구역,18.364,28,2026,2805,12,2026,9,2
중랑구,묵동,세이지움태릉입구역,18.364,27,2026,2805,12,2026,9,2
중랑구,묵동,세이지움태릉입구역,18.364,7,2026,2805,12,2026,9,2
중랑구,묵동,세이지움태릉입구역,18.364,22,2026,2805,12,2026,9,2
중랑구,묵동,세이지움태릉입구역,18.364,11,2026,2805,12,2026,9,2
중랑구,묵동,세이지움태릉입구역,18.364,19,2026,4675,21,2026,9,2
중랑구,묵동,세이지움태릉입구역,18.364,11,2026,2805,12,2026,9,2
중랑구,묵동,세이지움태릉입구역,18.364,14,2026,4675,21,2026,9,2
중랑구,묵동,세이지움태릉입구역,18.364,6,2026,2805,12,2026,9,2
중랑구,묵동,세이지움태릉입구역,18.364,15,2026,2805,12,2026,9,2
중랑구,묵동,세이지움태릉입구역,18.364,23,2026,4675,21,2026,9,2
중랑구,묵동,세이지움태릉입구역,18.364,14,2026,4675,21,2026,9,2
중랑구,묵동,세이지움태릉입구역,18.364,24,2026,4675,21,2026,9,2
중랑구,묵동,세이지움태릉입구역,18.364,16,2026,2805,12,2026,9,2
중랑구,묵동,세이지움태릉입구역,18.364,13,2026,4675,21,2026,9,2
중랑구,묵동,세이지움태릉입구역,18.364,11,2026,4675,21,2026,9,2
중랑구,묵동,세이지움태릉입구역,18.364,8,2026,4675,21,2026,9,2
중랑구,묵동,세이지움태릉입구역,18.364,18,2026,2805,12,2026,9,2
중랑구,묵동,세이지움태릉입구역,18.364,20,2026,2805,12,2026,9,2
중랑구,묵동,세이지움태릉입구역,18.364,7,2026,2805,12,2026,9,2
중랑구,묵동,세이지움태릉입구역,18.364,18,2026,4675,21,2026,9,2
중랑구,신내동,신내글로리움,36.36,15,2019,9539,12,2026,9,2
중랑구,묵동,세이지움태릉입구역,36.7355,12,2026,8400,37,2026,9,2
중랑구,묵동,세이지움태릉입구역,36.7355,13,2026,8400,37,2026,9,2
중랑구,묵동,세이지움태릉입구역,36.7355,26,2026,8400,37,2026,9,2
중랑구,묵동,세이지움태릉입구역,59.5073,7,2026,14850,66,2026,9,2
중랑구,묵동,세이지움태릉입구역,18.364,21,2026,4675,21,2026,9,2
중랑구,묵동,세이지움태릉입구역,36.7355,16,2026,5040,22,2026,9,2
중랑구,묵동,세이지움태릉입구역,18.364,11,2026,2805,12,2026,9,2
중랑구,묵동,세이지움태릉입구역,18.364,6,2026,4675,21,2026,9,2
중랑구,묵동,세이지움태릉입구역,36.7355,21,2026,5040,22,2026,9,2
중랑구,묵동,세이지움태릉입구역,18.364,12,2026,2805,12,2026,9,2
중랑구,묵동,세이지움태릉입구역,18.364,10,2026,4675,21,2026,9,2
중랑구,묵동,세이지움태릉입구역,18.364,15,2026,2805,12,2026,9,2
중랑구,묵동,세이지움태릉입구역,18.364,13,2026,4675,21,2026,9,2
중랑구,묵동,세이지움태릉입구역,36.7355,11,2026,8400,37,2026,9,2
중랑구,묵동,세이지움태릉입구역,36.7355,12,2026,8400,37,2026,9,2
중랑구,묵동,세이지움태릉입구역,36.7355,19,2026,8400,37,2026,9,2
중랑구,묵동,세이지움태릉입구역,18.364,11,2026,2805,12,2026,9,2
중랑구,묵동,세이지움태릉입구역,18.364,9,2026,2805,12,2026,9,2
중랑구,묵동,세이지움태릉입구역,18.364,7,2026,2805,12,2026,9,2
중랑구,묵동,세이지움태릉입구역,18.364,12,2026,4675,21,2026,9,2
중랑구,묵동,세이지움태릉입구역,18.364,18,2026,2805,12,2026,9,2
중랑구,묵동,세이지움태릉입구역,18.364,29,2026,4675,21,2026,9,2
중랑구,묵동,세이지움태릉입구역,18.364,20,2026,2805,12,2026,9,2
중랑구,묵동,세이지움태릉입구역,18.364,24,2026,2805,12,2026,9,2
중랑구,묵동,세이지움태릉입구역,18.364,13,2026,4675,21,2026,9,2
중랑구,묵동,세이지움태릉입구역,18.364,10,2026,4675,21,2026,9,2
중랑구,묵동,세이지움태릉입구역,18.364,8,2026,2805,12,2026,9,2
중랑구,묵동,세이지움태릉입구역,18.364,27,2026,4675,21,2026,9,2
중랑구,묵동,세이지움태릉입구역,18.364,26,2026,4675,21,2026,9,2
중랑구,묵동,세이지움태릉입구역,18.364,29,2026,2805,12,2026,9,2
중랑구,묵동,세이지움태릉입구역,18.364,9,2026,2805,12,2026,9,2
중랑구,묵동,세이지움태릉입구역,18.364,15,2026,4675,21,2026,9,2
중랑구,묵동,세이지움태릉입구역,18.364,26,2026,2805,12,2026,9,2
중랑구,묵동,세이지움태릉입구역,18.364,13,2026,2805,12,2026,9,2
중랑구,묵동,세이지움태릉입구역,18.364,25,2026,2805,12,2026,9,2
중랑구,묵동,세이지움태릉입구역,18.364,13,2026,4675,21,2026,9,2
중랑구,묵동,세이지움태릉입구역,18.364,12,2026,2805,12,2026,9,2
중랑구,묵동,세이지움태릉입구역,18.364,12,2026,4675,21,2026,9,2
중랑구,묵동,세이지움태릉입구역,18.364,6,2026,2805,12,2026,9,2
중랑구,묵동,세이지움태릉입구역,18.364,26,2026,4675,21,2026,9,2
중랑구,묵동,세이지움태릉입구역,18.364,6,2026,4675,21,2026,9,2
중랑구,묵동,세이지움태릉입구역,18.364,17,2026,4675,21,2026,9,2
중랑구,묵동,세이지움태릉입구역,18.364,27,2026,4675,21,2026,9,2
중랑구,묵동,세이지움태릉입구역,18.364,29,2026,2805,12,2026,9,2
중랑구,묵동,세이지움태릉입구역,18.364,23,2026,2805,12,2026,9,2
중랑구,묵동,세이지움태릉입구역,18.364,17,2026,2805,12,2026,9,2
중랑구,묵동,세이지움태릉입구역,18.364,22,2026,2805,12,2026,9,2
중랑구,묵동,세이지움태릉입구역,18.364,11,2026,4675,21,2026,9,2
중랑구,묵동,세이지움태릉입구역,18.364,14,2026,2805,12,2026,9,2
중랑구,묵동,세이지움태릉입구역,18.364,6,2026,4675,21,2026,9,2
중랑구,묵동,세이지움태릉입구역,18.364,29,2026,2805,12,2026,9,2
중랑구,묵동,세이지움태릉입구역,36.7355,10,2026,5040,22,2026,9,2
중랑구,묵동,세이지움태릉입구역,18.364,26,2026,2805,12,2026,9,2
중랑구,묵동,세이지움태릉입구역,18.364,22,2026,4675,21,2026,9,2
중랑구,묵동,세이지움태릉입구역,18.364,25,2026,4675,21,2026,9,2
중랑구,묵동,세이지움태릉입구역,18.364,7,2026,2805,12,2026,9,2
중랑구,묵동,세이지움태릉입구역,18.364,16,2026,4675,21,2026,9,2
중랑구,묵동,세이지움태릉입구역,18.364,14,2026,2805,12,2026,9,2
중랑구,묵동,세이지움태릉입구역,38.6071,6,2026,8825,39,2026,9,2
중랑구,묵동,세이지움태릉입구역,18.364,17,2026,4675,21,2026,9,2
중랑구,묵동,세이지움태릉입구역,18.364,22,2026,4675,21,2026,9,2
중랑구,묵동,세이지움태릉입구역,38.6071,13,2026,8825,39,2026,9,2
중랑구,묵동,세이지움태릉입구역,18.364,16,2026,4675,21,2026,9,2
중랑구,묵동,세이지움태릉입구역,36.7355,24,2026,8400,37,2026,9,2
중랑구,묵동,세이지움태릉입구역,18.364,18,2026,4675,21,2026,9,2
중랑구,묵동,세이지움태릉입구역,36.7355,15,2026,5040,22,2026,9,2
중랑구,묵동,세이지움태릉입구역,18.364,6,2026,2805,12,2026,9,2
중랑구,묵동,세이지움태릉입구역,18.364,7,2026,4675,21,2026,9,2
중랑구,묵동,세이지움태릉입구역,18.364,9,2026,4675,21,2026,9,2
중랑구,묵동,세이지움태릉입구역,36.7355,26,2026,5040,22,2026,9,2
중랑구,묵동,세이지움태릉입구역,36.7355,29,2026,5040,22,2026,9,2
중랑구,묵동,세이지움태릉입구역,18.364,15,2026,2805,12,2026,9,2
중랑구,묵동,세이지움태릉입구역,18.364,24,2026,2805,12,2026,9,2
중랑구,면목동,현대,84.81,4,1994,60000,0,2026,9,2
중랑구,묵동,세이지움태릉입구역,18.364,8,2026,4675,21,2026,9,2
중랑구,묵동,세이지움태릉입구역,18.364,27,2026,2805,12,2026,9,2
중랑구,묵동,세이지움태릉입구역,18.364,9,2026,4675,21,2026,9,2
중랑구,묵동,세이지움태릉입구역,18.364,17,2026,4675,21,2026,9,2
중랑구,묵동,세이지움태릉입구역,36.7355,14,2026,5040,22,2026,9,2
중랑구,묵동,세이지움태릉입구역,18.364,7,2026,2805,12,2026,9,2
중랑구,묵동,세이지움태릉입구역,18.364,12,2026,2805,12,2026,9,2
중랑구,묵동,세이지움태릉입구역,18.364,18,2026,4675,21,2026,9,2
중랑구,묵동,세이지움태릉입구역,18.364,11,2026,2805,12,2026,9,2
중랑구,묵동,세이지움태릉입구역,36.7355,20,2026,8400,37,2026,9,2
중랑구,묵동,세이지움태릉입구역,36.7355,18,2026,8400,37,2026,9,2
중랑구,묵동,세이지움태릉입구역,38.6071,14,2026,8825,39,2026,9,2
중랑구,묵동,세이지움태릉입구역,36.7355,12,2026,8400,37,2026,9,2
중랑구,묵동,세이지움태릉입구역,18.364,17,2026,4675,21,2026,9,2
중랑구,묵동,세이지움태릉입구역,36.7355,25,2026,8400,37,2026,9,2
중랑구,묵동,세이지움태릉입구역,36.7355,14,2026,8400,37,2026,9,2
중랑구,묵동,세이지움태릉입구역,36.7355,17,2026,5040,22,2026,9,2
중랑구,묵동,세이지움태릉입구역,38.6071,26,2026,5295,23,2026,9,2
중랑구,묵동,세이지움태릉입구역,36.7355,27,2026,5040,22,2026,9,2
중랑구,묵동,세이지움태릉입구역,18.364,24,2026,2805,12,2026,9,2
중랑구,묵동,세이지움태릉입구역,38.6071,7,2026,5295,23,2026,9,2
중랑구,묵동,세이지움태릉입구역,36.7355,23,2026,5040,22,2026,9,2
중랑구,묵동,세이지움태릉입구역,18.364,14,2026,4675,21,2026,9,2
중랑구,묵동,세이지움태릉입구역,18.364,8,2026,2805,12,2026,9,2
중랑구,묵동,세이지움태릉입구역,18.364,17,2026,4675,21,2026,9,2
중랑구,묵동,세이지움태릉입구역,38.6071,22,2026,8825,39,2026,9,2
중랑구,묵동,세이지움태릉입구역,36.7355,29,2026,8400,37,2026,9,2
중랑구,묵동,세이지움태릉입구역,18.364,10,2026,2805,12,2026,9,2
중랑구,묵동,세이지움태릉입구역,18.364,7,2026,4675,21,2026,9,2
중랑구,묵동,세이지움태릉입구역,18.364,18,2026,4675,21,2026,9,2
중랑구,묵동,세이지움태릉입구역,18.364,16,2026,2805,12,2026,9,2
중랑구,묵동,세이지움태릉입구역,18.364,12,2026,2805,12,2026,9,2
중랑구,묵동,세이지움태릉입구역,36.7355,8,2026,5040,22,2026,9,2
중랑구,묵동,세이지움태릉입구역,18.364,6,2026,2805,12,2026,9,2
중랑구,묵동,세이지움태릉입구역,18.364,26,2026,4675,21,2026,9,2
중랑구,묵동,세이지움태릉입구역,18.364,28,2026,2805,12,2026,9,2
중랑구,묵동,세이지움태릉입구역,36.7355,6,2026,8400,37,2026,9,2
중랑구,묵동,세이지움태릉입구역,38.6071,12,2026,8825,39,2026,9,2
중랑구,묵동,세이지움태릉입구역,18.364,13,2026,4675,21,2026,9,2
중랑구,묵동,세이지움태릉입구역,18.364,29,2026,2805,12,2026,9,2
중랑구,묵동,세이지움태릉입구역,18.364,26,2026,2805,12,2026,9,2
중랑구,묵동,세이지움태릉입구역,18.364,9,2026,2805,12,2026,9,2
중랑구,묵동,세이지움태릉입구역,18.364,21,2026,2805,12,2026,9,2
중랑구,묵동,세이지움태릉입구역,18.364,12,2026,4675,21,2026,9,2
중랑구,신내동,신내우디안1단지,59.99,7,2014,35000,0,2026,9,2
중랑구,면목동,경남아너스빌,59.858,6,2006,40000,40,2026,9,2
중랑구,묵동,세이지움태릉입구역,18.364,29,2026,2805,12,2026,9,2
중랑구,묵동,세이지움태릉입구역,18.364,16,2026,2805,12,2026,9,2
중랑구,묵동,신도,114.85,11,1998,39000,62,2026,9,2
중랑구,상봉동,상봉생활,59.9741,5,2026,37870,56,2026,9,2
중랑구,망우동,다우하임아파트,56.53,10,2020,19342,21,2026,9,2
중랑구,신내동,신내우디안1단지,84.65,15,2014,23673,0,2026,9,1
중랑구,신내동,신내9진흥,49.82,3,1996,29400,0,2026,9,2
중랑구,신내동,신내우디안1단지,39.93,8,2014,9254,10,2026,9,1
중랑구,신내동,신내우디안1단지,39.93,8,2014,1303,30,2026,9,1
중랑구,신내동,성원,84.32,10,1994,36750,0,2026,9,1
중랑구,신내동,신내우디안1단지,84.65,22,2014,25927,0,2026,9,1
중랑구,상봉동,상봉생활,59.774,10,2026,37870,56,2026,9,1
중랑구,상봉동,상봉생활,39.668,8,2026,27240,41,2026,9,1
중랑구,신내동,우디안4단지,21.96,6,2018,5492,8,2026,9,1
중랑구,신내동,우디안4단지,21.96,4,2018,5492,8,2026,9,1
중랑구,면목동,사가정센트럴아이파크,59.92,16,2020,19222,35,2026,9,1
중랑구,신내동,신내우디안1단지,59.81,3,2014,15121,0,2026,9,1
중랑구,신내동,신내우디안1단지,59.6,3,2014,18145,0,2026,9,1
중랑구,신내동,신내글로리움,44.68,11,2019,10122,23,2026,9,1
중랑구,신내동,신내우디안1단지,59.88,5,2014,15121,0,2026,9,1
중랑구,신내동,신내우디안1단지,49.64,10,2014,8381,13,2026,9,1
중랑구,면목동,사가정센트럴아이파크,59.78,12,2020,16722,25,2026,9,1
중랑구,상봉동,상봉생활,44.4648,20,2026,30570,46,2026,9,1
성북구,장위동,래미안장위퍼스트하이,84.94,27,2020,65000,35,2026,9,12
성북구,하월곡동,길음서희스타힐스,84.96,14,2011,56700,0,2026,9,19
성북구,길음동,길음동동부센트레빌(1278-0),84.844,2,2003,35000,49,2026,9,18
성북구,정릉동,길음뉴타운경남아너스빌,84.88,9,1999,47000,0,2026,9,1
성북구,돈암동,한신,68.13,1,1998,37800,0,2026,9,16
성북구,동소문동6가,하이얀,12.7,4,2013,7000,28,2026,9,19
성북구,정릉동,정릉풍림아이원,84.09,4,2005,54000,0,2026,9,22
성북구,종암동,래미안크리시엘,59.99,3,2004,13000,200,2026,9,23
성북구,보문동6가,보문파크뷰자이,45.81,5,2017,15000,180,2026,9,12
성북구,하월곡동,미아헤리츠타워,19.8638,14,2026,16600,28,2026,9,23
성북구,하월곡동,미아헤리츠타워,19.8638,17,2026,11900,47,2026,9,4
성북구,장위동,참누리아파트,84.98,11,2006,58000,0,2026,9,8
성북구,종암동,래미안크리시엘,84.95,10,2004,50400,0,2026,9,22
성북구,장위동,래미안장위퍼스트하이,84.94,4,2020,70000,0,2026,9,23
성북구,길음동,길음뉴타운6단지(래미안),84.049,5,2007,78000,0,2026,9,22
성북구,종암동,종암2차SKVIEW,119.87,18,2010,80000,0,2026,9,21
성북구,길음동,래미안길음센터피스,33.46,7,2019,1077,13,2026,9,10
성북구,하월곡동,월곡두산위브,59.855,11,2003,45100,0,2026,9,21
성북구,종암동,종암에스케이,84.72,1,1999,30000,140,2026,9,22
성북구,돈암동,길음역금호어울림센터힐,84.98,15,2014,73000,0,2026,9,19
성북구,상월곡동,동아에코빌,59.95,1,2003,31400,20,2026,9,6
성북구,보문동6가,보문파크뷰자이,59.19,5,2017,20000,160,2026,9,22
성북구,길음동,롯데캐슬클라시아,84.7694,15,2022,105000,0,2026,9,22
성북구,동소문동7가,한신플러스C,59.91,1,2004,14000,105,2026,9,12
성북구,종암동,래미안크리시엘,59.99,15,2004,5000,195,2026,9,22
성북구,장위동,래미안장위퍼스트하이,84.94,27,2020,63000,0,2026,9,15
성북구,하월곡동,미아헤리츠타워,19.8638,5,2026,10000,40,2026,9,11
성북구,길음동,길음동동부센트레빌(1278-0),59.998,6,2003,5000,137,2026,9,11
성북구,길음동,래미안길음센터피스,33.46,9,2019,710,14,2026,9,10
성북구,돈암동,돈암동삼성,59.4,11,1999,5000,150,2026,9,22
성북구,보문동3가,현대I-PARK,59.29,2,2003,52500,0,2026,9,22
성북구,길음동,길음뉴타운4단지(e편한세상),84.64,19,2005,60000,100,2026,9,21
성북구,길음동,길음뉴타운6단지(래미안),113.226,6,2007,20000,210,2026,9,11
성북구,보문동6가,보문파크뷰자이,59.19,11,2017,10000,190,2026,9,21
성북구,하월곡동,래미안월곡,59.754,3,2006,10000,180,2026,9,12
성북구,하월곡동,삼전솔하임3차,15.62,13,2013,1000,65,2026,9,5
성북구,장위동,장위자이레디언트(2단지),59.99,2,2025,47000,0,2026,9,12
성북구,돈암동,한진(609-1),132.96,13,1998,55000,80,2026,9,8
성북구,하월곡동,미아헤리츠타워,19.8638,16,2026,16600,28,2026,9,16
성북구,길음동,래미안길음센터피스,59.97,5,2019,63000,0,2026,9,22
성북구,길음동,래미안길음센터피스,59.97,9,2019,40000,120,2026,9,6
성북구,장위동,꿈의숲아이파크,84.47,21,2022,71400,0,2026,9,17
성북구,돈암동,이수브라운스톤돈암,84.97,10,2004,45000,120,2026,9,19
성북구,돈암동,한진(609-1),59.58,18,1998,42000,0,2026,9,21
성북구,돈암동,한진(609-1),132.96,20,1998,83000,0,2026,9,18
성북구,삼선동2가,삼선현대힐스테이트,84.98,2,2009,23000,130,2026,9,10
성북구,하월곡동,미아헤리츠타워,36.9305,18,2026,28600,48,2026,9,3
성북구,돈암동,돈암코오롱하늘채,84.869,15,2016,73500,0,2026,9,19
성북구,정릉동,정릉한일유앤아이,59.98,10,2006,40000,0,2026,9,21
성북구,돈암동,돈암동삼성,84.59,1,1999,20000,160,2026,9,20
성북구,종암동,래미안세레니티,84.92,17,2009,30000,120,2026,9,18
성북구,안암동3가,해링턴플레이스안암,84.95,6,2024,30000,150,2026,9,19
성북구,길음동,길음뉴타운8단지(래미안),84.82,14,2010,46000,100,2026,9,19
성북구,정릉동,정릉푸른마을동아,114.81,10,2003,50000,0,2026,9,21
성북구,상월곡동,동아에코빌,59.95,4,2003,45000,0,2026,9,21
성북구,길음동,길음뉴타운2단지푸르지오,59.99,7,2005,5000,175,2026,9,5
성북구,길음동,길음뉴타운8단지(래미안),84.82,21,2010,67000,0,2026,9,19
성북구,하월곡동,길음서희스타힐스,84.91,21,2011,66000,0,2026,9,19
성북구,종암동,래미안라센트,84.99,23,2011,36000,140,2026,9,19
성북구,석관동,삼성,59.82,6,1997,34650,0,2026,9,9
성북구,길음동,래미안길음센터피스,59.97,11,2019,5000,290,2026,9,19
성북구,정릉동,청구,59.04,6,1999,30000,0,2026,9,15
성북구,길음동,길음동동부센트레빌(1278-0),84.844,13,2003,10000,165,2026,9,19
성북구,정릉동,정릉힐스테이트3차,84.97,3,2008,32000,80,2026,9,19
성북구,길음동,롯데캐슬클라시아,59.8745,17,2022,63000,60,2026,9,19
성북구,장위동,꿈의숲아이파크,59.1,19,2022,61000,0,2026,9,15
성북구,석관동,두산,84.9,19,1998,66000,0,2026,9,2
성북구,보문동6가,보문파크뷰자이,84.96,18,2017,75000,0,2026,9,11
성북구,석관동,래미안아트리치,84.97,13,2019,70000,0,2026,9,19
성북구,장위동,꿈의숲아이파크,84.48,4,2022,80000,0,2026,9,18
성북구,길음동,길음뉴타운1단지(래미안길음1차),59.99,2,2003,64000,0,2026,9,19
성북구,보문동6가,보문파크뷰자이,45.81,6,2017,50000,0,2026,9,19
성북구,보문동4가,보문하우스토리,117.169,4,2011,78700,0,2026,9,19
성북구,보문동6가,보문파크뷰자이,84.99,14,2017,78750,0,2026,9,21
성북구,종암동,래미안세레니티,59.97,12,2009,55000,0,2026,9,19
성북구,종암동,아이파크종암동2차,59.675,12,2005,54000,0,2026,9,18
성북구,종암동,종암에스케이,59.04,5,1999,51000,0,2026,9,19
성북구,하월곡동,동신,59.88,16,1998,35700,0,2026,9,18
성북구,종암동,아이파크종암동2차,59.675,8,2005,5000,158,2026,9,18
성북구,종암동,래미안크리시엘,84.95,3,2004,55000,0,2026,9,18
성북구,장위동,꿈의숲아이파크,59.1,6,2022,58000,0,2026,9,21
성북구,종암동,래미안라센트,114.98,8,2011,86100,0,2026,9,19
성북구,정릉동,정릉힐스테이트3차,59.98,8,2008,50000,0,2026,9,19
성북구,상월곡동,동아에코빌,84.97,4,2003,30000,70,2026,9,20
성북구,안암동3가,해링턴플레이스안암,84.95,10,2024,2000,110,2026,9,19
성북구,정릉동,대우,59.98,8,2001,33000,0,2026,9,15
성북구,종암동,래미안라센트,59.98,17,2011,59500,0,2026,9,20
성북구,종암동,종암에스케이,84.72,20,1999,60000,0,2026,9,18
성북구,돈암동,돈암동삼성,114.66,19,1999,54600,0,2026,9,18
성북구,안암동3가,해링턴플레이스안암,75.24,6,2024,72000,0,2026,9,18
성북구,정릉동,갤럭시더정릉,11.79,7,2022,16290,9,2026,9,15
성북구,하월곡동,미아헤리츠타워,19.8638,10,2026,16600,28,2026,9,2
성북구,길음동,래미안길음센터피스,59.97,6,2019,30000,142,2026,9,18
성북구,장위동,꿈의숲아이파크,40.47,10,2022,1201,20,2026,9,18
성북구,길음동,길음뉴타운9단지(래미안),84.96,6,2010,58000,0,2026,9,18
성북구,종암동,래미안크리시엘,59.99,13,2004,47000,0,2026,9,14
성북구,삼선동2가,삼선푸르지오,59.95,9,2008,10000,185,2026,9,18
성북구,보문동3가,현대I-PARK,59.65,3,2003,10000,190,2026,9,10
성북구,정릉동,길음뉴타운데시앙,59.42,1,1999,33000,0,2026,9,17
성북구,길음동,길음뉴타운2단지푸르지오,84.97,13,2005,51000,0,2026,9,18
성북구,동소문동7가,한신플러스C,59.91,10,2004,40000,70,2026,9,17
성북구,길음동,길음동동부센트레빌(1278-0),84.844,18,2003,54600,0,2026,9,17
성북구,길음동,길음동동부센트레빌(1278-0),84.844,7,2003,65000,0,2026,9,4
성북구,정릉동,정릉풍림아이원,59.88,10,2005,31300,0,2026,9,17
성북구,길음동,길음뉴타운8단지(래미안),114.99,11,2010,80000,0,2026,9,17
성북구,길음동,길음역롯데캐슬트윈골드아파트,59.87,20,2024,65000,50,2026,9,12
성북구,석관동,장위아트포레,31.99,4,2025,5000,125,2026,9,15
성북구,길음동,롯데캐슬클라시아,59.8745,10,2022,63000,0,2026,9,17
성북구,장위동,참누리아파트,84.98,1,2006,47250,0,2026,9,12
성북구,하월곡동,삼전솔하임3차,15.62,8,2013,1000,70,2026,9,4
성북구,돈암동,범양,59.79,11,1998,42000,0,2026,9,17
성북구,장위동,세영아파트,50.95,2,2003,22000,0,2026,9,10
성북구,길음동,길음뉴타운2단지푸르지오,114.73,1,2005,67000,20,2026,9,17
성북구,안암동3가,대광,47.27,1,1971,13000,10,2026,9,16
성북구,하월곡동,월곡두산위브,59.855,15,2003,48300,0,2026,9,17
성북구,하월곡동,미아헤리츠타워,19.8638,18,2026,14300,37,2026,9,4
성북구,돈암동,돈암현대아파트,68.76,3,1991,20000,130,2026,9,16
성북구,정릉동,정릉푸르지오,84.89,9,2005,22000,140,2026,9,12
성북구,하월곡동,성북힐스테이트(101동),101.97,13,2007,65000,0,2026,9,17
성북구,돈암동,길음역금호어울림센터힐,59.84,15,2014,62000,0,2026,9,16
성북구,길음동,길음뉴타운4단지(e편한세상),84.64,14,2005,63000,0,2026,9,17
성북구,하월곡동,미아헤리츠타워,19.8638,8,2026,10000,40,2026,9,4
성북구,길음동,길음뉴타운7단지(두산위브),59.98,1,2010,43000,100,2026,9,14
성북구,보문동6가,보문파크뷰자이,29.96,6,2017,10124,37,2026,9,16
성북구,길음동,래미안길음센터피스,73.92,13,2019,54210,0,2026,9,16
성북구,석관동,신동아파밀리에,84.92,12,2011,15000,220,2026,9,15
성북구,동소문동5가,아우룸타워(AurumTower),14.6,12,2017,3000,89,2026,9,4
성북구,길음동,롯데캐슬골든힐스,84.932,8,2019,61950,0,2026,9,8
성북구,동소문동4가,송산아파트,58.59,13,1998,40950,0,2026,9,15
성북구,길음동,래미안길음센터피스,33.46,12,2019,24024,0,2026,9,16
성북구,종암동,래미안라센트,59.98,16,2011,30000,120,2026,9,12
성북구,장위동,래미안장위퍼스트하이,36.14,14,2020,9936,39,2026,9,16
성북구,길음동,래미안길음센터피스,84.99,2,2019,42194,0,2026,9,16
성북구,정릉동,정릉2차대주피오레,84.9823,6,2008,46500,0,2026,9,12
성북구,장위동,꿈의숲코오롱하늘채,84.71,15,2017,66500,0,2026,9,16
성북구,길음동,래미안길음센터피스,59.99,3,2019,47268,0,2026,9,16
성북구,길음동,래미안길음센터피스,33.46,16,2019,24024,0,2026,9,16
성북구,돈암동,한진(609-1),84.87,9,1998,46300,0,2026,9,16
성북구,길음동,래미안길음센터피스,33.46,5,2019,24024,0,2026,9,16
성북구,돈암동,이수브라운스톤돈암,59.99,7,2004,60000,0,2026,9,7
성북구,삼선동2가,삼선현대힐스테이트,56.83,6,2009,10000,115,2026,9,11
성북구,삼선동3가,삼선에스케이뷰,116.86,12,2012,85000,40,2026,9,12
성북구,하월곡동,미아헤리츠타워,19.8638,12,2026,14000,24,2026,9,4
성북구,길음동,삼부컨비니언,84.13,8,1998,3000,220,2026,9,1
성북구,정릉동,정릉힐스테이트3차,84.97,7,2008,58000,0,2026,9,15
성북구,종암동,래미안세레니티,59.97,7,2009,40000,120,2026,9,9
성북구,길음동,길음동동부센트레빌(1278-0),84.844,20,2003,55600,0,2026,9,13
성북구,정릉동,중앙하이츠빌2단지,43.92,14,2005,3000,110,2026,9,15
성북구,정릉동,길음뉴타운경남아너스빌,45.77,14,1999,10000,85,2026,9,10
성북구,동소문동7가,한신플러스C,59.91,6,2004,20000,95,2026,9,12
성북구,석관동,신동아파밀리에,59.69,3,2011,10000,130,2026,9,14
성북구,길음동,길음뉴타운5단지(래미안),84.96,14,2006,65000,0,2026,9,5
성북구,종암동,래미안세레니티,59.92,5,2009,47000,0,2026,9,14
성북구,하월곡동,미아헤리츠타워,59.8772,5,2026,35300,94,2026,9,4
성북구,장위동,꿈의숲아이파크,39,9,2022,13952,37,2026,9,14
성북구,장위동,래미안장위퍼스트하이,36.14,7,2020,10812,30,2026,9,15
성북구,보문동6가,보문파크뷰자이,59.19,13,2017,63000,0,2026,9,12
성북구,삼선동4가,코오롱,59.94,12,1999,10000,130,2026,9,4
성북구,하월곡동,미아헤리츠타워,19.8638,8,2026,10000,40,2026,9,4
성북구,길음동,길음역롯데캐슬트윈골드아파트,59.36,32,2024,66000,0,2026,9,12
성북구,종암동,래미안크리시엘,114.98,16,2004,70000,0,2026,9,7
성북구,정릉동,정릉풍림아이원,60,11,2005,10000,140,2026,9,14
성북구,돈암동,범양,84.92,14,1998,48300,0,2026,9,11
성북구,하월곡동,미아헤리츠타워,59.8772,13,2026,41200,70,2026,9,11
성북구,종암동,종암2차SKVIEW,59.95,18,2010,46000,80,2026,9,14
성북구,장위동,꿈의숲아이파크,39,4,2022,13952,37,2026,9,14
성북구,장위동,꿈의숲아이파크,40.47,7,2022,4499,7,2026,9,14
성북구,장위동,꿈의숲아이파크,39,2,2022,14684,39,2026,9,14
성북구,장위동,꿈의숲아이파크,40.47,17,2022,4499,7,2026,9,14
성북구,돈암동,한진(609-1),132.96,11,1998,63000,0,2026,9,14
성북구,정릉동,길음뉴타운데시앙,84.94,10,1999,50000,0,2026,9,13
성북구,길음동,길음동동부센트레빌(1278-0),84.844,9,2003,54600,0,2026,9,12
성북구,보문동3가,이편한세상보문,84.774,10,2013,64000,0,2026,9,13
성북구,길음동,길음뉴타운4단지(e편한세상),59.86,4,2005,48300,0,2026,9,10
성북구,돈암동,돈암동삼성,59.4,1,1999,10000,140,2026,9,12
성북구,종암동,래미안크리시엘,59.99,1,2004,30000,80,2026,9,5
성북구,종암동,우림카이저팰리스,84.98,11,2008,5500,220,2026,9,12
성북구,돈암동,돈암동삼성,84.59,2,1999,65000,0,2026,9,12
성북구,길음동,롯데캐슬클라시아,59.7812,4,2022,65100,0,2026,9,12
성북구,하월곡동,월곡두산위브,84.843,15,2003,65000,0,2026,9,12
성북구,길음동,래미안길음센터피스,84.95,15,2019,70000,110,2026,9,12
성북구,종암동,래미안크리시엘,84.95,19,2004,65000,0,2026,9,12
성북구,돈암동,돈암코오롱하늘채,84.8778,9,2016,75000,0,2026,9,12
성북구,길음동,길음뉴타운8단지(래미안),84.82,12,2010,48000,98,2026,9,10
성북구,하월곡동,꿈의숲푸르지오,59.65,11,2010,40000,70,2026,9,11
성북구,보문동3가,현대I-PARK,114.55,4,2003,10000,300,2026,9,9
성북구,길음동,길음뉴타운2단지푸르지오,84.97,12,2005,53500,0,2026,9,11
성북구,장위동,꿈의숲아이파크,59.1,24,2022,10000,230,2026,9,10
성북구,석관동,석관래미안,59.9,5,2009,50000,0,2026,9,10
성북구,장위동,석계역한일노벨리아시티,15.2144,4,2019,1000,70,2026,9,9
성북구,길음동,길음뉴타운신안파크아파트,79.87,9,1988,10000,110,2026,9,8
성북구,하월곡동,래미안월곡,59.754,20,2006,48300,0,2026,9,10
성북구,하월곡동,월곡두산위브,59.855,10,2003,24150,0,2026,9,5
성북구,종암동,아이파크종암동1차,59.73,1,2004,5000,190,2026,9,11
성북구,길음동,롯데캐슬클라시아,38.017,4,2022,2869,15,2026,9,10
성북구,장위동,꿈의숲아이파크,84.48,3,2022,80000,0,2026,9,10
성북구,정릉동,정릉풍림아이원,114.75,12,2005,50400,0,2026,9,10
성북구,돈암동,한진(609-1),113.67,9,1998,66000,0,2026,9,10
성북구,길음동,래미안길음센터피스,59.99,17,2019,57330,0,2026,9,10
성북구,하월곡동,미아헤리츠타워,19.8638,19,2026,14000,24,2026,9,10
성북구,길음동,래미안길음센터피스,84.95,1,2019,46068,0,2026,9,9
성북구,돈암동,돈암코오롱하늘채,84.8576,15,2016,55000,0,2026,9,10
성북구,하월곡동,동일하이빌뉴시티,126.6,18,2011,84000,0,2026,9,10
성북구,길음동,삼부컨비니언,59.94,8,1998,40000,0,2026,9,9
성북구,하월곡동,미아헤리츠타워,19.8638,7,2026,14300,37,2026,9,4
성북구,길음동,래미안길음센터피스,33.46,9,2019,1777,12,2026,9,10
성북구,하월곡동,미아헤리츠타워,19.8638,18,2026,14000,24,2026,9,3
성북구,하월곡동,미아헤리츠타워,19.8638,19,2026,10000,40,2026,9,4
성북구,정릉동,정릉풍림아이원,84.09,2,2005,30000,50,2026,9,5
성북구,동소문동4가,송산아파트,58.59,13,1998,3000,145,2026,9,1
성북구,길음동,길음뉴타운9단지(래미안),59.98,17,2010,57700,0,2026,9,9
성북구,종암동,래미안크리시엘,59.99,5,2004,57000,0,2026,9,8
성북구,보문동6가,보문파크뷰자이,59.19,5,2017,10000,220,2026,9,5
성북구,정릉동,정릉풍림아이원,59.88,15,2005,29400,0,2026,9,9
성북구,길음동,길음뉴타운1단지(래미안길음1차),59.99,9,2003,48300,0,2026,9,9
성북구,길음동,길음뉴타운2단지푸르지오,114.73,14,2005,40000,230,2026,9,2
성북구,돈암동,한진(609-1),59.58,5,1998,25000,120,2026,9,9
성북구,길음동,길음뉴타운2단지푸르지오,114.73,15,2005,70350,0,2026,9,8
성북구,석관동,두산,84.9,8,1998,10000,180,2026,9,5
성북구,길음동,길음현대,32.98,2,2000,5000,100,2026,9,9
성북구,삼선동2가,삼선푸르지오,84.53,8,2008,64000,0,2026,9,7
성북구,길음동,길음뉴타운1단지(래미안길음1차),59.99,8,2003,42000,0,2026,9,9
성북구,길음동,삼부컨비니언,84.13,2,1998,5000,220,2026,9,8
성북구,돈암동,한진(609-1),59.58,3,1998,25000,100,2026,9,7
성북구,길음동,래미안길음센터피스,59.97,13,2019,59850,0,2026,9,5
성북구,길음동,길음뉴타운7단지(두산위브),84.96,5,2010,5000,253,2026,9,8
성북구,정릉동,우방,84.92,11,1999,37400,0,2026,9,5
성북구,돈암동,돈암동 풍림아파트 101~105동,84.68,15,1999,37500,100,2026,9,1
성북구,하월곡동,미아헤리츠타워,19.8638,8,2026,10000,40,2026,9,4
성북구,정릉동,길음뉴타운경남아너스빌,84.87,7,1999,49300,0,2026,9,8
성북구,돈암동,길음역금호어울림센터힐,84.77,6,2014,10000,200,2026,9,7
성북구,안암동3가,해링턴플레이스안암,75.65,11,2024,71000,0,2026,9,5
성북구,길음동,길음뉴타운4단지(e편한세상),59.86,7,2005,47000,0,2026,9,4
성북구,보문동6가,보문파크뷰자이,45.81,9,2017,52000,0,2026,9,4
성북구,돈암동,한신,132.96,11,1998,65000,25,2026,9,5
성북구,정릉동,정릉힐스테이트3차,59.98,4,2008,35000,60,2026,9,7
성북구,돈암동,돈암코오롱하늘채,84.8778,10,2016,69300,0,2026,9,7
성북구,안암동3가,해링턴플레이스안암,65.88,6,2024,60900,0,2026,9,4
성북구,하월곡동,미아헤리츠타워,59.8772,4,2026,35300,94,2026,9,4
성북구,정릉동,정릉힐스테이트3차,114.78,8,2008,63000,0,2026,9,2
성북구,길음동,길음동동부센트레빌(1278-0),84.844,18,2003,10000,300,2026,9,7
성북구,장위동,꿈의숲코오롱하늘채,84.87,5,2017,25000,160,2026,9,7
성북구,하월곡동,베로니스,51.74,4,2020,41000,0,2026,9,3
성북구,길음동,래미안길음센터피스,59.99,10,2019,50000,100,2026,9,7
성북구,길음동,길음동동부센트레빌(1278-0),84.844,9,2003,4000,225,2026,9,5
성북구,길음동,길음뉴타운5단지(래미안),59.75,5,2006,20000,130,2026,9,4
성북구,하월곡동,월곡래미안루나밸리,59.98,7,2007,60000,0,2026,9,5
성북구,길음동,래미안길음센터피스,84.98,21,2019,87000,15,2026,9,5
성북구,석관동,두산,84.9,5,1998,49350,0,2026,9,4
성북구,돈암동,동부센트레빌,80.54,9,2003,53000,13,2026,9,5
성북구,길음동,길음동동부센트레빌(1278-0),84.844,7,2003,65000,0,2026,9,4
성북구,안암동3가,해링턴플레이스안암,84.83,4,2024,42000,126,2026,9,5
성북구,길음동,롯데캐슬골든힐스,84.93,18,2019,60000,70,2026,9,5
성북구,길음동,길음뉴타운1단지(래미안길음1차),59.99,14,2003,60000,0,2026,9,5
성북구,길음동,길음뉴타운4단지(e편한세상),84.64,18,2005,60000,0,2026,9,5
성북구,정릉동,정릉2차대주피오레,59.9627,6,2008,20000,100,2026,9,4
성북구,석관동,석관래미안,84.84,9,2009,61900,0,2026,9,5
성북구,길음동,길음뉴타운8단지(래미안),84.82,3,2010,73500,0,2026,9,5
성북구,하월곡동,꿈의숲푸르지오,59.65,3,2010,15000,160,2026,9,1
성북구,길음동,롯데캐슬클라시아,84.9757,13,2022,75000,100,2026,9,4
성북구,길음동,길음뉴타운2단지푸르지오,114.73,1,2005,71000,0,2026,9,4
성북구,종암동,래미안라센트,59.98,4,2011,32000,140,2026,9,4
성북구,길음동,래미안길음센터피스,84.9,12,2019,89000,0,2026,9,4
성북구,장위동,래미안포레카운티,84.97,24,2021,61000,0,2026,9,2
성북구,장위동,래미안장위퍼스트하이,59.99,22,2020,37044,0,2026,9,4
성북구,길음동,길음뉴타운9단지(래미안),59.96,2,2010,50000,100,2026,9,3
성북구,하월곡동,미아헤리츠타워,19.8638,7,2026,14000,24,2026,9,2
성북구,정릉동,정릉푸른마을동아,84.96,5,2003,44100,0,2026,9,3
성북구,정릉동,길음뉴타운경남아너스빌,59.59,12,1999,43000,0,2026,9,2
성북구,돈암동,한신,132.96,15,1998,20000,214,2026,9,3
성북구,길음동,길음뉴타운6단지(래미안),59.373,15,2007,56700,0,2026,9,3
성북구,돈암동,한진(609-1),59.58,10,1998,32500,0,2026,9,3
성북구,정릉동,정릉중앙하이츠아파트,84.31,15,1999,34650,0,2026,9,3
성북구,길음동,길음뉴타운8단지(래미안),59.99,12,2010,67000,0,2026,9,3
성북구,길음동,래미안길음센터피스,59.97,10,2019,35000,160,2026,9,3
성북구,길음동,삼부컨비니언,59.94,5,1998,45000,0,2026,9,2
성북구,석관동,두산,59.97,6,1998,50000,0,2026,9,3
성북구,하월곡동,월곡래미안루나밸리,59.98,3,2007,47000,0,2026,9,2
성북구,삼선동2가,삼선푸르지오,84.83,8,2008,60375,0,2026,9,1
성북구,석관동,래미안아트리치,39.01,14,2019,13824,37,2026,9,2
성북구,석관동,래미안아트리치,39.01,11,2019,12096,45,2026,9,2
성북구,하월곡동,미아헤리츠타워,19.8638,16,2026,16600,28,2026,9,2
성북구,석관동,래미안아트리치,39.01,14,2019,13131,35,2026,9,2
성북구,상월곡동,동아에코빌,59.95,5,2003,10000,150,2026,9,2
성북구,보문동3가,현대I-PARK,84.57,12,2003,63000,0,2026,9,2
성북구,장위동,래미안장위퍼스트하이,59.99,3,2020,10000,230,2026,9,2
성북구,길음동,삼부컨비니언,59.94,7,1998,30000,70,2026,9,1
성북구,길음동,길음뉴타운2단지푸르지오,84.97,11,2005,78000,0,2026,9,2
성북구,장위동,래미안포레카운티,59.92,21,2021,36383,0,2026,9,1
성북구,장위동,꿈의숲아이파크,39,14,2022,4415,16,2026,9,2
성북구,종암동,종암에스케이,59.86,13,1999,10000,150,2026,9,1
성북구,석관동,두산,134.97,15,1998,43000,100,2026,9,1
성북구,장위동,래미안장위퍼스트하이,36.14,23,2020,11448,31,2026,9,1
성북구,길음동,길음뉴타운9단지(래미안),59.92,15,2010,71000,0,2026,9,1
성북구,석관동,두산,84.9,16,1998,10000,138,2026,9,1
성북구,돈암동,한진(609-1),132.96,3,1998,5250,263,2026,9,1
강북구,미아동,에스케이북한산시티,59.98,1,2004,40000,0,2026,9,11
강북구,미아동,북서울자이폴라리스(1단지),112.91,7,2024,82950,0,2026,9,23
강북구,미아동,벽산라이브파크,59.67,20,2004,10000,120,2026,9,15
강북구,번동,주공1단지,49.94,11,1991,26000,0,2026,9,18
강북구,미아동,에스케이북한산시티,84.76,21,2004,59000,0,2026,9,19
강북구,수유동,수유프리미어엠,19,6,2016,8500,0,2026,9,17
강북구,번동,수유역두산위브1,84.9909,4,2009,3000,170,2026,9,22
강북구,미아동,한화포레나미아,80.8489,24,2025,70000,50,2026,9,16
강북구,수유동,수유벽산1차,84.92,10,1993,52500,0,2026,9,22
강북구,번동,번동한양아파트,84.67,13,1992,34000,0,2026,9,11
강북구,미아동,푸르지오시티,18.6479,13,2014,1000,68,2026,9,17
강북구,번동,번동금호어울림,59.9,1,1998,30500,0,2026,9,22
강북구,미아동,푸르지오시티,18.6479,10,2014,2000,60,2026,9,11
강북구,미아동,북서울자이폴라리스(1단지),84.96,19,2024,65000,0,2026,9,11
강북구,미아동,경남아너스빌,84.9134,12,2008,50000,0,2026,9,5
강북구,수유동,수유역하이씨티,12.33,11,2014,500,50,2026,9,21
강북구,미아동,두산위브트레지움,59.54,10,2011,5000,200,2026,9,22
강북구,번동,번동솔그린,59.82,18,1999,37500,0,2026,9,21
강북구,미아동,에스케이북한산시티,114.85,14,2004,15000,195,2026,9,19
강북구,미아동,삼성래미안트리베라2단지,84.29,10,2010,58000,0,2026,9,19
강북구,수유동,수유아름채,12.93,20,2025,3000,110,2026,9,9
강북구,미아동,삼성래미안트리베라2단지,59.38,18,2010,45150,0,2026,9,19
강북구,미아동,푸르지오시티,18.6479,10,2014,1000,70,2026,9,19
강북구,수유동,극동,84.99,12,1992,40000,0,2026,9,19
강북구,미아동,푸르지오시티,18.6479,6,2014,1000,68,2026,9,11
강북구,번동,수유역두산위브2,84.9909,19,2009,39000,40,2026,9,18
강북구,번동,주공1단지,41.3,1,1991,2000,80,2026,9,15
강북구,미아동,엘리프미아역1단지,59.925,5,2026,57000,0,2026,9,12
강북구,미아동,미아1차래미안,59.9,8,2006,40000,0,2026,9,18
강북구,미아동,미아1차래미안,59.9,8,2006,42000,0,2026,9,18
강북구,미아동,이너스내안에,84.68,4,2013,46500,0,2026,9,15
강북구,미아동,북서울자이폴라리스(1단지),59.64,3,2024,10000,170,2026,9,13
강북구,번동,기산그린,84.94,4,2000,35000,0,2026,9,11
강북구,미아동,래미안트리베라1단지,59.6,10,2010,59000,0,2026,9,17
강북구,번동,주공4단지,76.51,2,1991,37000,0,2026,9,17
강북구,미아동,엘리프미아역1단지,59.997,22,2026,55000,0,2026,9,17
강북구,수유동,수유역하이씨티,12.02,5,2014,500,50,2026,9,1
강북구,미아동,푸르지오시티,18.6479,19,2014,1000,70,2026,9,16
강북구,미아동,래미안트리베라1단지,59.6,10,2010,59000,0,2026,9,17
강북구,번동,주공1단지,79.07,4,1991,51500,0,2026,9,16
강북구,우이동,성원상떼빌,84.98,5,1990,34000,0,2026,9,16
강북구,미아동,꿈의숲해링턴플레이스,49.48,2,2019,14370,22,2026,9,16
강북구,미아동,한화포레나미아,53.985,13,2025,31434,0,2026,9,16
강북구,우이동,성원상떼빌,84.98,5,1990,34000,0,2026,9,16
강북구,미아동,북서울자이폴라리스(1단지),84.96,20,2024,57700,0,2026,9,15
강북구,미아동,한화포레나미아,53.985,10,2025,31434,0,2026,9,16
강북구,우이동,대우,84.93,4,2000,48000,0,2026,9,16
강북구,미아동,한화포레나미아,53.985,9,2025,31434,0,2026,9,16
강북구,미아동,한화포레나미아,53.985,5,2025,31434,0,2026,9,16
강북구,미아동,꿈의숲해링턴플레이스,84.67,6,2019,67000,0,2026,9,16
강북구,번동,기산그린,59.94,8,2000,32000,0,2026,9,16
강북구,미아동,미아동부센트레빌,59.96,12,2006,42000,60,2026,9,15
강북구,번동,주공1단지,41.3,12,1991,19000,0,2026,9,1
강북구,미아동,래미안트리베라1단지(임대),44.85,7,2010,3170,32,2026,9,15
강북구,번동,주공1단지,49.94,10,1991,31000,0,2026,9,3
강북구,미아동,삼성래미안트리베라2단지,58.99,19,2010,3000,200,2026,9,15
강북구,미아동,에스케이북한산시티,84.86,3,2004,42000,0,2026,9,14
강북구,번동,주공4단지,44.89,7,1991,21000,0,2026,9,15
강북구,미아동,푸르지오시티,18.6479,15,2014,1000,70,2026,9,12
강북구,미아동,미아동부센트레빌,84.93,3,2006,57700,0,2026,9,12
강북구,미아동,성북프라자,68.675,8,2009,34500,0,2026,9,12
강북구,미아동,북서울자이폴라리스(1단지),84.96,15,2024,63000,0,2026,9,12
강북구,미아동,에스케이북한산시티,84.71,10,2004,10000,160,2026,9,12
강북구,미아동,엘리프미아역2단지,84.72,22,2026,75000,0,2026,9,14
강북구,번동,주공1단지,49.94,11,1991,25000,0,2026,9,14
강북구,미아동,에스케이북한산시티,59.98,3,2004,38850,0,2026,9,12
강북구,미아동,두산위브트레지움,84.97,18,2011,10000,170,2026,9,12
강북구,미아동,삼각산아이원,114.88,8,2003,25000,120,2026,9,12
강북구,미아동,래미안트리베라2단지(임대),38.99,17,2010,5476,10,2026,9,14
강북구,미아동,벽산라이브파크,114.68,8,2004,40000,0,2026,9,12
강북구,우이동,대우,84.93,2,2000,42000,0,2026,9,12
강북구,미아동,엘리프미아역2단지,59.986,19,2026,57000,0,2026,9,12
강북구,미아동,에스케이북한산시티,84.92,16,2004,55000,0,2026,9,5
강북구,미아동,벽산라이브파크,59.67,23,2004,42000,0,2026,9,12
강북구,미아동,송천센트레빌,59.818,7,2010,61000,0,2026,9,1
강북구,미아동,에스케이북한산시티,59.98,14,2004,10000,160,2026,9,10
강북구,미아동,미아동부센트레빌,59.96,4,2006,30000,80,2026,9,8
강북구,미아동,꿈의숲해링턴플레이스,99.93,9,2019,21000,189,2026,9,5
강북구,번동,주공4단지,84.79,11,1991,43000,0,2026,9,11
강북구,수유동,영남,84.93,7,1997,30000,6,2026,9,10
강북구,미아동,벽산라이브파크,60,11,2004,5000,145,2026,9,10
강북구,번동,번동완성주상복합아파트,74.73,8,1997,3000,110,2026,9,10
강북구,미아동,경남아너스빌(1356-0),59.964,1,2003,37800,0,2026,9,5
강북구,미아동,꿈의숲한신더휴,59.9894,9,2022,50400,0,2026,9,5
강북구,미아동,미아동부센트레빌,84.93,11,2006,61000,0,2026,9,9
강북구,미아동,벽산라이브파크,84.89,9,2004,55000,0,2026,9,8
강북구,미아동,경남아너스빌(1356-0),84.873,19,2003,30000,80,2026,9,7
강북구,번동,주공1단지,49.94,9,1991,26250,0,2026,9,5
강북구,번동,번동한양아파트,84.67,2,1992,38000,0,2026,9,8
강북구,미아동,엘리프미아역2단지,74.763,12,2026,50000,80,2026,9,8
강북구,미아동,북서울자이폴라리스(1단지),84.96,9,2024,67000,0,2026,9,5
강북구,미아동,꿈의숲롯데캐슬,39.69,5,2017,14193,37,2026,9,8
강북구,번동,주공1단지,49.94,13,1991,10000,70,2026,9,5
강북구,미아동,북서울자이폴라리스(1단지),84.96,9,2024,65000,0,2026,9,5
강북구,미아동,북서울자이폴라리스(1단지),84.96,17,2024,30000,150,2026,9,5
강북구,미아동,경남아너스빌(1356-0),59.964,7,2003,46200,0,2026,9,5
강북구,번동,신원,84.6,15,2000,35000,0,2026,9,1
강북구,미아동,삼성래미안트리베라2단지,113.89,15,2010,85000,0,2026,9,7
강북구,미아동,헤리움,35.86,14,2024,5000,140,2026,9,4
강북구,미아동,북서울자이폴라리스(1단지),59.64,15,2024,50400,0,2026,9,5
강북구,미아동,래미안트리베라1단지,84.97,8,2010,71500,0,2026,9,1
강북구,미아동,꿈의숲해링턴플레이스,59.88,7,2019,24000,145,2026,9,4
강북구,미아동,북서울자이폴라리스(1단지),84.96,19,2024,10000,201,2026,9,5
강북구,미아동,꿈의숲롯데캐슬,39.74,6,2017,14193,37,2026,9,4
강북구,수유동,수유다우아트리체,14.86,3,2018,9800,25,2026,9,4
강북구,미아동,북서울자이폴라리스(1단지),59.95,21,2024,10000,159,2026,9,4
강북구,미아동,북서울자이폴라리스(1단지),59.64,9,2024,10000,190,2026,9,3
강북구,수유동,프롬하우징,36.75,5,2025,2275,23,2026,9,2
강북구,수유동,프롬하우징,40.77,3,2025,2397,25,2026,9,2
강북구,번동,주공1단지,41.3,3,1991,17300,0,2026,9,1
강북구,번동,번동솔그린,59.82,7,1999,31500,0,2026,9,1
강북구,미아동,경남아너스빌,84.9134,1,2008,49000,0,2026,9,1
강북구,수유동,유경와이케이빌,14.07,12,2020,16000,0,2026,9,1
도봉구,쌍문동,극동아파트,59.92,5,1996,33000,0,2026,9,11
도봉구,도봉동,동아에코빌,84.967,3,2003,39900,0,2026,9,12
도봉구,창동,주공17단지,36.16,2,1989,18000,0,2026,9,12
도봉구,쌍문동,한양1,66.33,12,1986,31500,0,2026,9,10
도봉구,창동,상아1차아파트,69.03,1,1987,35000,0,2026,9,7
도봉구,창동,쌍용,135,14,1997,70000,0,2026,9,15
도봉구,쌍문동,청구,84.63,15,1996,5000,190,2026,9,7
도봉구,창동,동아청솔,59.445,16,1997,41000,0,2026,9,23
도봉구,방학동,신동아아파트1,112.49,1,1986,37800,0,2026,9,21
도봉구,창동,대우,59.86,5,1995,35700,0,2026,9,19
도봉구,창동,창동주공2단지,49.94,15,1990,2000,110,2026,9,5
도봉구,쌍문동,한양5,76.405,7,1991,36700,0,2026,9,23
도봉구,방학동,퍼스티안,13.6794,6,2013,500,65,2026,9,19
도봉구,방학동,청구아파트,84.97,8,1994,43000,0,2026,9,22
도봉구,방학동,신동아아파트1,53.16,3,1986,3000,120,2026,9,11
도봉구,방학동,동부센트레빌아파트,119.3,13,2005,10000,200,2026,9,23
도봉구,창동,대우,59.86,5,1995,5000,120,2026,9,21
도봉구,쌍문동,현대1,84.66,11,1990,20000,90,2026,9,17
도봉구,창동,창동주공2단지,41.3,1,1990,2000,73,2026,9,22
도봉구,창동,창동그린아파트,74.1,6,2004,27000,0,2026,9,21
도봉구,창동,삼성래미안,73.92,13,1992,53000,0,2026,9,17
도봉구,창동,대림e-편한세상,84.976,17,2003,30000,150,2026,9,14
도봉구,쌍문동,한양2,28.71,7,1988,16000,0,2026,9,22
도봉구,쌍문동,삼익세라믹,42.93,8,1988,1000,105,2026,9,7
도봉구,쌍문동,현대1,44.55,7,1990,2000,73,2026,9,22
도봉구,창동,대우그린,84.93,7,2000,52500,0,2026,9,22
도봉구,도봉동,도봉파크빌2,84.354,7,2002,34633,14,2026,9,21
도봉구,창동,주공17단지,36.16,15,1989,2000,68,2026,9,20
도봉구,창동,창동주공3단지(해등마을),41.3,2,1990,21000,0,2026,9,18
도봉구,쌍문동,한양2,35.1,3,1988,1000,56,2026,9,18
도봉구,쌍문동,한양1,79.2,5,1986,45000,0,2026,9,19
도봉구,쌍문동,현대1,70.3,7,1990,5000,95,2026,9,16
도봉구,쌍문동,한양2,28.71,10,1988,13000,15,2026,9,15
도봉구,창동,동아,88.23,14,1988,45000,0,2026,9,22
도봉구,방학동,신동아아파트1,53.16,12,1986,2000,90,2026,9,16
도봉구,창동,창동주공3단지(해등마을),41.3,10,1990,23000,0,2026,9,16
도봉구,창동,창동주공1단지,59.39,3,1990,37000,0,2026,9,17
도봉구,창동,동아청솔,59.76,6,1997,44000,0,2026,9,21
도봉구,창동,창동주공4단지,41.3,9,1991,1000,90,2026,9,21
도봉구,방학동,신동아아파트1,62.22,4,1986,20000,55,2026,9,14
도봉구,쌍문동,한양2,48.96,12,1988,28000,0,2026,9,21
도봉구,창동,창동주공18단지,32.34,12,1988,16000,0,2026,9,21
도봉구,창동,창동주공18단지,45.9,12,1988,3000,80,2026,9,5
도봉구,방학동,대상타운현대아파트,60,17,2001,20000,100,2026,9,21
도봉구,도봉동,서원,40.02,16,1996,22000,0,2026,9,16
도봉구,창동,창동주공4단지,36.16,10,1991,16800,0,2026,9,19
도봉구,창동,주공17단지,36.16,10,1989,2000,63,2026,9,19
도봉구,창동,창동주공2단지,45.9,7,1990,3000,74,2026,9,19
도봉구,도봉동,서원,24.05,9,1996,2236,0,2026,9,21
도봉구,창동,창동주공18단지,32.34,6,1988,1000,65,2026,9,15
도봉구,도봉동,서원,49.77,11,1996,28000,0,2026,9,20
도봉구,도봉동,도봉파크빌2,84.155,6,2002,37000,0,2026,9,8
도봉구,쌍문동,신원2,60,7,1998,5000,150,2026,9,19
도봉구,창동,창동주공18단지,45.9,4,1988,5000,80,2026,9,20
도봉구,도봉동,삼환도봉,83.97,15,1987,35000,0,2026,9,15
도봉구,도봉동,서울가든,75.33,6,1987,31500,0,2026,9,17
도봉구,쌍문동,청구,84.63,17,1996,47000,0,2026,9,7
도봉구,쌍문동,청구,84.63,1,1996,5000,190,2026,9,18
도봉구,창동,주공19단지(창동리버타운),60.5,4,1988,29000,0,2026,9,18
도봉구,도봉동,한신,84.94,1,1995,47000,0,2026,9,17
도봉구,창동,북한산아이파크5차,101.9176,13,2004,57000,8,2026,9,21
도봉구,쌍문동,한양7,84.86,3,1993,4000,130,2026,9,1
도봉구,쌍문동,한양2,84.9,2,1988,29000,40,2026,9,9
도봉구,창동,동아청솔,84.97,8,1997,5000,150,2026,9,18
도봉구,쌍문동,시티프라디움,68.9258,4,2021,46000,0,2026,9,17
도봉구,창동,주공17단지,36.16,11,1989,20000,0,2026,9,12
도봉구,창동,주공19단지(창동리버타운),59.39,12,1988,10000,60,2026,9,18
도봉구,방학동,동부센트레빌아파트,84.909,4,2005,45000,0,2026,9,18
도봉구,창동,주공19단지(창동리버타운),68.86,13,1988,17000,140,2026,9,14
도봉구,방학동,신동아아파트1,62.22,12,1986,3000,80,2026,9,18
도봉구,창동,금호어울림,84.99,9,2004,57750,0,2026,9,18
도봉구,창동,창동주공2단지,45.9,15,1990,25000,0,2026,9,17
도봉구,창동,LIG건영캐스빌,80.1498,2,2002,30000,80,2026,9,9
도봉구,도봉동,서원,49.77,15,1996,23100,0,2026,9,15
도봉구,도봉동,한신,84.94,11,1995,8000,140,2026,9,11
도봉구,방학동,한화성원아파트,59.88,9,1996,22000,30,2026,9,17
도봉구,방학동,신동아아파트1,53.16,11,1986,13000,50,2026,9,18
도봉구,쌍문동,삼익세라믹,40.11,14,1988,17850,0,2026,9,18
도봉구,쌍문동,금호2,84.46,7,1991,29000,55,2026,9,16
도봉구,창동,삼성래미안,84.87,17,1992,50000,0,2026,9,17
도봉구,창동,북한산아이파크5차,101.9176,4,2004,70000,0,2026,9,16
도봉구,쌍문동,삼익세라믹,79.98,9,1988,35000,0,2026,9,17
도봉구,방학동,신동아아파트1,70.62,11,1986,26000,0,2026,9,15
도봉구,창동,창동주공4단지,36.16,10,1991,8500,40,2026,9,17
도봉구,쌍문동,삼익세라믹,58.77,8,1988,6000,70,2026,9,17
도봉구,창동,창동주공3단지(해등마을),41.3,14,1990,3000,100,2026,9,15
도봉구,방학동,방학지음재힐스,14.86,9,2018,2000,60,2026,9,9
도봉구,방학동,신동아아파트1,43.35,4,1986,1000,80,2026,9,17
도봉구,창동,창동주공2단지,41.3,6,1990,2000,100,2026,9,5
도봉구,창동,주공17단지,41.3,1,1989,2000,90,2026,9,17
도봉구,방학동,대상타운현대아파트,101.4,21,2001,47000,0,2026,9,16
도봉구,창동,동아그린,84.94,7,1996,49000,0,2026,9,5
도봉구,창동,주공17단지,36.16,5,1989,1000,85,2026,9,5
도봉구,쌍문동,삼익세라믹,42.93,10,1988,25000,0,2026,9,15
도봉구,방학동,대상타운현대아파트,84.78,1,2001,40000,50,2026,9,10
도봉구,창동,창동주공1단지,49.94,1,1990,20000,0,2026,9,16
도봉구,쌍문동,한양2,28.71,12,1988,1000,65,2026,9,16
도봉구,쌍문동,극동아파트,59.92,5,1996,33000,0,2026,9,11
도봉구,방학동,신동아아파트1,62.22,2,1986,3000,79,2026,9,16
도봉구,쌍문동,삼익세라믹,58.77,7,1988,5000,85,2026,9,16
도봉구,창동,주공19단지(창동리버타운),68.86,10,1988,49000,0,2026,9,13
도봉구,창동,창동주공4단지,41.3,6,1991,10000,40,2026,9,15
도봉구,방학동,삼익세라믹아파트,74.105,10,1988,3000,150,2026,9,15
도봉구,창동,월가타워,15.49,14,2013,500,65,2026,9,2
도봉구,창동,금호어울림,84.99,6,2004,60000,0,2026,9,15
도봉구,창동,창동주공4단지,41.3,8,1991,13000,40,2026,9,14
도봉구,창동,창동주공3단지(해등마을),58.01,8,1990,35000,0,2026,9,12
도봉구,도봉동,한신,84.94,9,1995,40000,0,2026,9,15
도봉구,쌍문동,극동아파트,84.9,2,1996,33000,29,2026,9,10
도봉구,창동,쌍용,59.88,6,1997,22000,100,2026,9,1
도봉구,방학동,우성아파트1,51.91,6,1992,24500,5,2026,9,14
도봉구,방학동,우성아파트2,84.98,5,1993,33000,20,2026,9,11
도봉구,쌍문동,한양1,66.33,1,1986,39000,0,2026,9,12
도봉구,방학동,청구아파트,84.97,10,1994,49000,0,2026,9,14
도봉구,쌍문동,금호1,70.13,13,1990,3000,145,2026,9,14
도봉구,쌍문동,기용,44.37,4,1988,1000,60,2026,9,14
도봉구,도봉동,서원,49.77,15,1996,2000,75,2026,9,14
도봉구,쌍문동,극동아파트,59.92,5,1996,28500,0,2026,9,14
도봉구,창동,창동주공18단지,59.39,15,1988,10000,100,2026,9,5
도봉구,도봉동,한신,84.94,11,1995,31000,0,2026,9,14
도봉구,도봉동,한신,84.94,15,1995,36500,0,2026,9,12
도봉구,창동,창동주공2단지,49.94,1,1990,22050,0,2026,9,12
도봉구,창동,창동주공4단지,36.16,1,1991,1500,80,2026,9,11
도봉구,창동,창동주공3단지(해등마을),49.94,14,1990,21000,0,2026,9,12
도봉구,창동,창동주공4단지,41.3,15,1991,1500,74,2026,9,14
도봉구,창동,북한산아이파크5차,84.4516,18,2004,60000,0,2026,9,12
도봉구,창동,대림e-편한세상,84.976,16,2003,30000,150,2026,9,11
도봉구,창동,창동주공4단지,41.3,14,1991,2000,42,2026,9,12
도봉구,방학동,이에스에이아파트1,126.97,18,2003,63000,0,2026,9,14
도봉구,쌍문동,북한산코오롱하늘채,84.98,1,2014,5000,220,2026,9,11
도봉구,도봉동,서원,40.02,9,1996,2000,70,2026,9,11
도봉구,방학동,방학지음재힐스,14.86,9,2018,2000,55,2026,9,11
도봉구,방학동,우성아파트2,84.98,5,1993,33000,20,2026,9,11
도봉구,도봉동,래미안도봉,59.25,12,2005,38000,0,2026,9,8
도봉구,창동,창동주공3단지(해등마을),58.01,6,1990,5000,130,2026,9,5
도봉구,창동,동아청솔,134.94,11,1997,68000,0,2026,9,8
도봉구,창동,상아2차아파트,45.54,8,1988,5000,100,2026,9,8
도봉구,창동,주공17단지,36.34,13,1989,16600,0,2026,9,10
도봉구,창동,삼성래미안,84.87,9,1992,50000,0,2026,9,1
도봉구,창동,창동주공18단지,45.9,7,1988,2000,82,2026,9,8
도봉구,창동,주공19단지(창동리버타운),99.75,3,1988,55000,0,2026,9,10
도봉구,창동,창동주공4단지,49.94,5,1991,27000,50,2026,9,5
도봉구,창동,창동주공1단지,58.01,3,1990,33000,0,2026,9,9
도봉구,도봉동,서원,59.51,9,1996,3000,125,2026,9,10
도봉구,쌍문동,삼익세라믹,58.77,8,1988,5000,100,2026,9,4
도봉구,창동,미소애,45.466,3,2005,3000,77,2026,9,10
도봉구,창동,리치,58.38,4,2003,5000,100,2026,9,5
도봉구,쌍문동,삼익세라믹,79.98,10,1988,15000,140,2026,9,10
도봉구,창동,창동주공2단지,41.3,9,1990,3000,63,2026,9,9
도봉구,창동,동아청솔,59.445,3,1997,35000,0,2026,9,9
도봉구,도봉동,한신,84.94,13,1995,52000,0,2026,9,5
도봉구,창동,주공19단지(창동리버타운),60.5,8,1988,30000,35,2026,9,9
도봉구,쌍문동,삼익세라믹,42.93,13,1988,22000,0,2026,9,3
도봉구,방학동,신동아아파트1,62.22,10,1986,28000,0,2026,9,4
도봉구,쌍문동,삼익세라믹,58.77,13,1988,1000,50,2026,9,7
도봉구,창동,쌍용,135,6,1997,59850,0,2026,9,7
도봉구,창동,창동주공18단지,45.77,2,1988,20000,0,2026,9,9
도봉구,창동,삼성래미안,66.54,5,1992,35000,0,2026,9,5
도봉구,창동,창동주공18단지,41.34,2,1988,1000,68,2026,9,4
도봉구,창동,주공17단지,36.16,8,1989,20000,0,2026,9,5
도봉구,쌍문동,한양2,84.9,2,1988,29000,40,2026,9,9
도봉구,창동,창동주공3단지(해등마을),49.94,10,1990,3000,89,2026,9,5
도봉구,창동,창동주공18단지,45.9,13,1988,18000,0,2026,9,1
도봉구,방학동,청구아파트,84.97,6,1994,45000,0,2026,9,8
도봉구,창동,창동주공2단지,41.3,5,1990,22050,0,2026,9,5
도봉구,창동,북한산아이파크5차,84.4516,22,2004,58000,0,2026,9,8
도봉구,도봉동,럭키,84.86,5,1992,5000,126,2026,9,8
도봉구,방학동,이에스에이아파트3,84.87,6,2004,7000,160,2026,9,8
도봉구,창동,주공17단지,36.16,6,1989,1000,72,2026,9,8
도봉구,쌍문동,삼익세라믹,42.93,4,1988,17500,0,2026,9,7
도봉구,창동,창동주공1단지,58.01,13,1990,33600,0,2026,9,8
도봉구,창동,동아청솔,59.76,11,1997,34000,3,2026,9,5
도봉구,방학동,방학지음재힐스,14.86,6,2018,500,60,2026,9,5
도봉구,창동,주공17단지,36.16,9,1989,14500,0,2026,9,5
도봉구,창동,주공19단지(창동리버타운),60.5,4,1988,20000,33,2026,9,3
도봉구,창동,창동2차현대,84.504,5,2001,49350,0,2026,9,5
도봉구,창동,동아청솔,59.445,16,1997,34600,0,2026,9,5
도봉구,방학동,이에스에이아파트1,124.66,18,2003,59800,0,2026,9,5
도봉구,창동,북한산아이파크5차,84.4516,16,2004,65000,0,2026,9,4
도봉구,창동,주공19단지(창동리버타운),59.39,7,1988,3000,95,2026,9,3
도봉구,도봉동,럭키,84.86,15,1992,35700,0,2026,9,7
도봉구,창동,창동주공1단지,41.3,13,1990,18520,0,2026,9,5
도봉구,방학동,삼익세라믹아파트,42.93,8,1988,20000,11,2026,9,5
도봉구,도봉동,럭키,84.86,7,1992,33500,0,2026,9,7
도봉구,창동,창동주공18단지,45.9,2,1988,3500,80,2026,9,5
도봉구,방학동,대상타운현대아파트,101.4,14,2001,63000,0,2026,9,5
도봉구,창동,북한산아이파크5차,84.4516,17,2004,57000,0,2026,9,7
도봉구,창동,창동주공3단지(해등마을),84.41,2,1990,14000,150,2026,9,1
도봉구,창동,동아그린,59.96,9,1996,36750,0,2026,9,5
도봉구,도봉동,한신,84.94,17,1995,15000,90,2026,9,2
도봉구,창동,창동주공2단지,45.9,6,1990,16800,20,2026,9,4
도봉구,창동,상아1차아파트,45.54,9,1987,24000,20,2026,9,1
도봉구,방학동,방학동삼성래미안1,84.937,20,2002,53000,40,2026,9,5
도봉구,방학동,대상타운현대아파트,133.97,4,2001,80000,0,2026,9,3
도봉구,방학동,신동아아파트1,112.49,15,1986,40000,0,2026,9,4
도봉구,방학동,신동아아파트1,51.27,4,1986,2625,76,2026,9,4
도봉구,창동,창동주공2단지,49.94,7,1990,30000,0,2026,9,3
도봉구,쌍문동,현대1,84.66,13,1990,44000,0,2026,9,4
도봉구,쌍문동,한양6,83.86,8,2002,43000,0,2026,9,1
도봉구,창동,창동주공3단지(해등마을),61.52,13,1990,5000,120,2026,9,2
도봉구,쌍문동,삼익세라믹,58.77,13,1988,20000,0,2026,9,1
도봉구,창동,창동현대4차,101.9957,1,2003,50000,0,2026,9,3
도봉구,쌍문동,한양6,83.86,9,2002,20000,93,2026,9,3
도봉구,창동,보람아파트,80.76,5,2004,27400,0,2026,9,2
도봉구,방학동,성진파크뷰아파트,49.71,11,2019,34000,0,2026,9,1
도봉구,창동,호신빌딩,16.64,11,2017,1000,49,2026,9,2
도봉구,쌍문동,한양1,66.33,9,1986,34000,30,2026,9,2
도봉구,창동,신창,49.77,3,1998,19900,0,2026,9,1
도봉구,도봉동,한신,84.94,1,1995,42000,0,2026,9,1
도봉구,방학동,한화성원아파트,59.88,6,1996,7000,84,2026,9,1
도봉구,쌍문동,삼익세라믹,58.77,10,1988,22000,0,2026,9,1
도봉구,쌍문동,한양2,28.71,4,1988,15200,0,2026,9,1
노원구,중계동,주공5,44.52,2,1992,10000,80,2026,9,15
노원구,월계동,사슴3,39.6,13,1995,1000,60,2026,9,15
노원구,상계동,상계주공6(고층),49.94,5,1988,3000,95,2026,9,12
노원구,하계동,장미(시영6),49.5,4,1989,26200,0,2026,9,12
노원구,공릉동,시영3차(라이프)아파트,34.44,6,1994,20000,0,2026,9,12
노원구,중계동,주공2,44.52,8,1992,1000,66,2026,9,5
노원구,중계동,중계무지개,39.82,4,1991,1000,70,2026,9,2
노원구,상계동,상계주공2(고층),32.39,1,1987,21000,0,2026,9,1
노원구,하계동,벽산,70.56,4,1988,39900,0,2026,9,5
노원구,중계동,중계무지개,49.89,12,1991,25000,0,2026,9,2
노원구,중계동,건영2,75.02,4,1991,40950,0,2026,9,5
노원구,상계동,상계주공11(고층),49.94,10,1988,30000,0,2026,9,23
노원구,월계동,한진한화그랑빌,84.97,24,2002,4000,225,2026,9,19
노원구,월계동,주공2,84.815,14,1992,44000,0,2026,9,23
노원구,중계동,동진,41.85,1,1988,3000,80,2026,9,19
노원구,중계동,중계그린1단지,39.91,8,1990,2000,100,2026,9,23
노원구,상계동,상계우방유쉘,59.93,10,2000,34000,0,2026,9,23
노원구,상계동,우림루미아트201동,84.569,8,2004,44000,0,2026,9,23
노원구,중계동,중계무지개,49.54,2,1991,24000,0,2026,9,12
노원구,상계동,노원우성,83.9,7,1992,50000,0,2026,9,21
노원구,공릉동,시영3차(라이프)아파트,49.5,13,1994,5000,110,2026,9,22
노원구,월계동,미성,50.14,13,1986,24100,0,2026,9,19
노원구,하계동,청솔(시영7),49.5,3,1989,24000,0,2026,9,23
노원구,공릉동,삼익포레스트아파트,51.03,6,1995,28000,0,2026,9,9
노원구,상계동,상계주공14(고층),41.3,15,1989,18500,0,2026,9,23
노원구,상계동,상계주공4(고층),37.46,3,1988,1000,68,2026,9,16
노원구,상계동,보람아파트,54.59,5,1988,27300,0,2026,9,23
노원구,월계동,한진한화그랑빌,59.94,20,2002,54000,0,2026,9,22
노원구,중계동,주공5,58.46,8,1992,10000,160,2026,9,7
노원구,중계동,주공8,49.72,3,1993,29925,0,2026,9,23
노원구,공릉동,태강아파트(아이파크),49.6,7,1999,3000,113,2026,9,23
노원구,상계동,상계주공1(고층),41.3,8,1988,5000,75,2026,9,23
노원구,상계동,상계주공4(고층),41.3,3,1988,6000,29,2026,9,23
노원구,중계동,주공2,44.52,4,1992,3000,95,2026,9,15
노원구,상계동,상계주공14(고층),49.94,2,1989,5000,110,2026,9,16
노원구,상계동,한신4차,84.77,10,1995,5000,180,2026,9,2
노원구,중계동,청구(366),115.47,15,1993,70000,0,2026,9,21
노원구,상계동,상계주공6(고층),58.01,6,1988,40000,0,2026,9,22
노원구,상계동,상계주공11(고층),59.28,4,1988,32000,0,2026,9,21
노원구,월계동,미성,50.14,3,1986,23100,0,2026,9,22
노원구,월계동,풍림아이원,84.303,10,2005,4000,140,2026,9,23
노원구,중계동,주공5,58.46,10,1992,15750,68,2026,9,23
노원구,중계동,주공5,58.46,8,1992,5000,126,2026,9,19
노원구,상계동,상계주공14(고층),45.9,11,1989,4000,90,2026,9,3
노원구,상계동,상계주공9(고층),49.94,8,1988,500,100,2026,9,22
노원구,중계동,중계무지개,49.54,10,1991,4000,110,2026,9,1
노원구,중계동,중계그린1단지,39.91,7,1990,17640,30,2026,9,22
노원구,상계동,"상계주공15(고층,공무원임대)",41.3,4,1988,2778,32,2026,9,23
노원구,상계동,상계주공10(고층),45.9,13,1988,26000,0,2026,9,22
노원구,상계동,상계주공12(고층),49.94,10,1988,3000,115,2026,9,23
노원구,상계동,상계주공14(고층),45.9,4,1989,23000,0,2026,9,18
노원구,상계동,상계주공7(고층),49.94,13,1988,30000,0,2026,9,22
노원구,상계동,상계대림,59.67,1,1989,28000,0,2026,9,22
노원구,중계동,삼성,59.9,8,1999,35700,0,2026,9,22
노원구,상계동,상계주공3(고층),59.28,11,1987,40000,0,2026,9,18
노원구,상계동,상계주공7(고층),45.55,11,1988,1000,79,2026,9,4
노원구,상계동,상계주공4(고층),59.39,15,1988,18000,0,2026,9,22
노원구,상계동,상계주공9(고층),45.9,12,1988,2000,90,2026,9,5
노원구,월계동,꿈의숲SKVIEW,84.95,13,2016,58500,0,2026,9,19
노원구,공릉동,삼익4단지아파트,39.6,7,1994,3000,90,2026,9,11
노원구,공릉동,삼익4단지아파트,39.6,13,1994,2000,105,2026,9,17
노원구,월계동,서광,59.96,4,1994,33000,0,2026,9,22
노원구,중계동,중계무지개,59.26,7,1991,28000,0,2026,9,22
노원구,하계동,한신1,27,14,1988,1000,63,2026,9,7
노원구,월계동,미성,50.14,5,1986,18900,0,2026,9,14
노원구,중계동,주공2,44.52,6,1992,2000,100,2026,9,21
노원구,상계동,상계주공10(고층),49.94,11,1988,35000,0,2026,9,19
노원구,상계동,상계주공11(고층),68.86,8,1988,45000,0,2026,9,22
노원구,상계동,은빛1단지,49.77,6,1998,22000,20,2026,9,16
노원구,중계동,주공10,58.14,1,1995,25000,68,2026,9,11
노원구,하계동,건영,53.14,7,1988,37000,0,2026,9,21
노원구,상계동,한신2차,45.92,1,1988,24000,0,2026,9,22
노원구,하계동,극동,55.72,15,1988,3000,100,2026,9,5
노원구,중계동,건영3,84.9,10,1995,88000,0,2026,9,18
노원구,중계동,주공7,44.1,7,1993,20000,0,2026,9,22
노원구,상계동,상계주공2(고층),58.01,3,1987,26200,0,2026,9,18
노원구,상계동,상계주공6(고층),49.94,14,1988,28000,0,2026,9,22
노원구,월계동,미성,50.14,7,1986,27300,0,2026,9,19
노원구,중계동,주공8,49.72,3,1993,29925,0,2026,9,21
노원구,상계동,보람아파트,44.33,4,1988,10000,60,2026,9,20
노원구,중계동,중계그린1단지,49.5,4,1990,27000,0,2026,9,17
노원구,상계동,두산,41.85,12,1994,28000,0,2026,9,11
노원구,상계동,상계주공12(고층),41.3,1,1988,13000,29,2026,9,20
노원구,상계동,상계주공6(고층),58.01,13,1988,2000,85,2026,9,21
노원구,상계동,상계주공10(고층),58.01,11,1988,5000,120,2026,9,3
노원구,하계동,청구,70.69,10,1988,47000,0,2026,9,18
노원구,월계동,한진한화그랑빌,84.97,21,2002,55000,0,2026,9,22
노원구,하계동,청솔(시영7),49.5,4,1989,28875,0,2026,9,21
노원구,공릉동,공릉동한보에센시티아파트,59.4,1,2000,24000,25,2026,9,17
노원구,중계동,경남,50.97,12,1989,25000,0,2026,9,3
노원구,상계동,동아불암,59.4,19,1999,28350,0,2026,9,18
노원구,월계동,성원(사슴4),39.6,4,1995,2000,80,2026,9,21
노원구,상계동,상계주공12(고층),41.3,9,1988,22000,0,2026,9,19
노원구,하계동,학여울청구,59.4,6,1999,15000,76,2026,9,11
노원구,상계동,상계주공7(고층),45.77,11,1988,1000,79,2026,9,19
노원구,월계동,삼호3,59.22,5,1986,34000,0,2026,9,12
노원구,중계동,중계그린1단지,59.46,2,1990,31500,0,2026,9,21
노원구,상계동,상계주공14(고층),49.94,7,1989,15550,45,2026,9,20
노원구,상계동,상계주공10(저층),54.54,1,1988,3000,110,2026,9,16
노원구,상계동,"상계주공15(고층,공무원임대)",49.94,11,1988,17103,0,2026,9,15
노원구,상계동,상계주공10(고층),58.01,11,1988,24916,0,2026,9,19
노원구,중계동,주공6,44.1,13,1993,20000,40,2026,9,19
노원구,상계동,"상계주공15(고층,공무원임대)",49.94,6,1988,3369,31,2026,9,15
노원구,중계동,청구(366),115.47,8,1993,99500,0,2026,9,19
노원구,상계동,상계주공14(고층),49.94,14,1989,31000,0,2026,9,18
노원구,중계동,한화꿈에그린,84.902,1,2005,55000,20,2026,9,19
노원구,상계동,벽산,59.9,14,1989,31500,0,2026,9,21
노원구,하계동,벽산,57.71,2,1988,27800,0,2026,9,19
노원구,중계동,주공5,58.46,8,1992,5000,126,2026,9,19
노원구,월계동,롯데캐슬루나,84.9852,11,2006,48300,0,2026,9,21
노원구,중계동,주공5,58.46,12,1992,39000,0,2026,9,21
노원구,월계동,청백(774),34.44,1,1998,1510,10,2026,9,8
노원구,중계동,주공6,44.1,12,1993,25000,0,2026,9,19
노원구,중계동,한화꿈에그린,84.902,1,2005,55000,0,2026,9,19
노원구,하계동,하계2현대,84.896,15,1997,50000,100,2026,9,5
노원구,하계동,청솔(시영7),49.5,2,1989,12000,80,2026,9,5
노원구,하계동,한신2,44.52,3,1988,35000,0,2026,9,18
노원구,상계동,청암2단지,49.77,9,2001,11550,60,2026,9,18
노원구,상계동,상계주공7(고층),49.94,9,1988,25000,0,2026,9,21
노원구,상계동,상계주공4(고층),37.46,3,1988,1000,68,2026,9,16
노원구,상계동,상계주공2(저층),59.18,2,1987,37000,0,2026,9,19
노원구,상계동,상계주공16(고층),59.39,3,1988,13000,80,2026,9,8
노원구,월계동,삼호3,59.22,7,1986,21000,0,2026,9,19
노원구,상계동,코오롱,73.17,6,1997,50000,0,2026,9,18
노원구,중계동,건영3,84.9,7,1995,20000,280,2026,9,19
노원구,중계동,중계무지개,59.26,4,1991,3000,150,2026,9,8
노원구,상계동,상계주공4(고층),49.94,9,1988,33000,0,2026,9,12
노원구,상계동,청암2단지,49.77,5,2001,20000,35,2026,9,13
노원구,하계동,건영,74.58,4,1988,45150,0,2026,9,21
노원구,중계동,금호타운(583),84.98,11,1997,61000,0,2026,9,19
노원구,상계동,상계주공10(고층),59.39,15,1988,10000,47,2026,9,19
노원구,상계동,상계주공4(고층),32.39,9,1988,2000,80,2026,9,19
노원구,하계동,우성,84.91,1,1988,36500,50,2026,9,12
노원구,상계동,상계주공11(고층),79.07,5,1988,33075,30,2026,9,21
노원구,중계동,금호타운(583),59.52,12,1997,36000,6,2026,9,4
노원구,상계동,상계주공16(고층),59.39,5,1988,35000,0,2026,9,18
노원구,공릉동,시영2단지(라이프)아파트,49.5,4,1994,32000,0,2026,9,19
노원구,중계동,중계무지개,49.54,7,1991,3000,130,2026,9,19
노원구,공릉동,신도1차아파트,72.8129,9,2002,49300,0,2026,9,17
노원구,월계동,대우,134.64,20,1998,46000,0,2026,9,19
노원구,월계동,삼호3,59.22,2,1986,20790,0,2026,9,19
노원구,중계동,중계3단지주공영구임대,26.37,9,1991,290,6,2026,9,15
노원구,상계동,노원롯데캐슬시그니처,59.996,18,2023,64000,0,2026,9,19
노원구,월계동,월계센트럴아이파크,84.99,9,2020,52500,0,2026,9,18
노원구,상계동,상계주공11(고층),58.01,13,1988,30000,10,2026,9,21
노원구,상계동,중앙하이츠(5지역),84.87,8,1996,7000,100,2026,9,20
노원구,월계동,미성,33.28,4,1986,16270,0,2026,9,18
노원구,중계동,주공7,44.1,14,1993,18000,40,2026,9,17
노원구,중계동,주공5,58.46,14,1992,40000,0,2026,9,18
노원구,월계동,월계센트럴아이파크,84.99,10,2020,79000,0,2026,9,19
노원구,상계동,상계주공12(고층),58.01,3,1988,7000,95,2026,9,7
노원구,공릉동,태강아파트(아이파크),49.6,12,1999,39000,0,2026,9,19
노원구,월계동,월계센트럴아이파크,59.99,18,2020,52500,0,2026,9,19
노원구,상계동,상계주공10(고층),59.39,5,1988,23000,45,2026,9,3
노원구,상계동,"상계주공15(고층,공무원임대)",41.3,7,1988,11112,8,2026,9,7
노원구,월계동,현대,59.95,23,2000,40000,0,2026,9,21
노원구,상계동,상계주공6(고층),41.3,10,1988,2000,95,2026,9,12
노원구,상계동,상계주공2(고층),58.01,12,1987,35000,0,2026,9,19
노원구,상계동,"상계주공15(고층,공무원임대)",49.94,8,1988,8423,19,2026,9,15
노원구,중계동,주공7,44.1,12,1993,24150,0,2026,9,19
노원구,월계동,월계센트럴아이파크,59.99,2,2020,17524,26,2026,9,18
노원구,상계동,상계주공16(고층),59.39,8,1988,37000,0,2026,9,18
노원구,상계동,상계주공3(고층),58.01,5,1987,32000,0,2026,9,18
노원구,공릉동,삼익4단지아파트,39.6,4,1994,2000,74,2026,9,8
노원구,상계동,상계주공11(고층),49.94,3,1988,12000,50,2026,9,17
노원구,상계동,보람아파트,68.99,1,1988,34000,0,2026,9,14
노원구,상계동,동아불암,84.9,6,1999,51000,0,2026,9,18
노원구,중계동,주공8,49.72,3,1993,27800,0,2026,9,16
노원구,중계동,중계현대2,84.34,10,1991,52500,0,2026,9,11
노원구,월계동,롯데캐슬루나,59.9927,12,2006,47000,0,2026,9,18
노원구,월계동,미성,50.14,11,1986,35000,0,2026,9,18
노원구,상계동,상계주공6(고층),41.3,14,1988,21000,0,2026,9,12
노원구,상계동,은빛1단지,59.92,6,1998,3000,106,2026,9,18
노원구,상계동,우림루미아트201동,84.569,5,2004,48000,0,2026,9,18
노원구,월계동,성원(사슴4),39.6,1,1995,2000,80,2026,9,9
노원구,월계동,미륭,51.48,12,1986,16800,0,2026,9,18
노원구,공릉동,동아하이빌아파트101동,84.73,2,2002,32000,0,2026,9,17
노원구,공릉동,건영장미아파트,84.88,6,1999,27000,80,2026,9,15
노원구,중계동,중계3벽산,59.88,15,1999,30000,22,2026,9,16
노원구,상계동,"상계주공15(고층,공무원임대)",41.3,7,1988,2778,32,2026,9,17
노원구,상계동,상계주공4(고층),41.3,4,1988,1000,65,2026,9,15
노원구,중계동,양지마을(대림)1,84.9,7,1998,68000,0,2026,9,12
노원구,상계동,상계주공12(고층),41.3,8,1988,27000,0,2026,9,16
노원구,상계동,상계주공11(고층),59.2,7,1988,21400,0,2026,9,18
노원구,상계동,상계주공10(고층),49.94,15,1988,13000,55,2026,9,16
노원구,하계동,장미(시영6),39.78,7,1989,3000,100,2026,9,6
노원구,공릉동,태강아파트(아이파크),49.6,13,1999,34650,0,2026,9,18
노원구,상계동,상계주공6(고층),59.2,9,1988,5000,140,2026,9,10
노원구,상계동,상계주공16(고층),59.39,5,1988,33000,0,2026,9,18
노원구,상계동,상계주공13(고층),58.01,7,1989,26250,0,2026,9,18
노원구,중계동,중계무지개,39.82,1,1991,1000,100,2026,9,8
노원구,중계동,주공5,58.46,10,1992,5000,150,2026,9,12
노원구,월계동,풍림아이원,84.303,13,2005,66000,0,2026,9,17
노원구,월계동,청백(774),39.84,7,1998,2701,6,2026,9,7
노원구,상계동,상계주공11(고층),58.01,13,1988,33600,0,2026,9,15
노원구,공릉동,시영2단지(라이프)아파트,34.44,8,1994,19425,0,2026,9,16
노원구,월계동,성원(사슴4),39.6,8,1995,1000,90,2026,9,17
노원구,상계동,상계주공10(고층),59.39,14,1988,15500,0,2026,9,12
노원구,중계동,중계그린1단지,39.91,6,1990,23000,0,2026,9,17
노원구,상계동,상계주공3(고층),59.28,2,1987,5000,140,2026,9,10
노원구,상계동,현대4차,84.99,4,1995,11000,150,2026,9,10
노원구,상계동,"상계주공15(고층,공무원임대)",41.3,4,1988,2778,32,2026,9,17
노원구,상계동,상계주공12(고층),49.94,12,1988,3000,150,2026,9,17
노원구,중계동,중계무지개,59.26,8,1991,44000,0,2026,9,14
노원구,중계동,경남,74.2,9,1989,5000,148,2026,9,8
노원구,상계동,"상계주공15(고층,공무원임대)",49.94,2,1988,11792,12,2026,9,1
노원구,하계동,학여울청구,59.4,17,1999,40000,0,2026,9,17
노원구,중계동,주공5,44.52,12,1992,2500,80,2026,9,17
노원구,중계동,주공5,76.51,8,1992,52500,21,2026,9,17
노원구,월계동,미륭,51.48,8,1986,35000,0,2026,9,17
노원구,상계동,상계주공6(고층),38,3,1988,22000,0,2026,9,17
노원구,중계동,주공5,84.79,11,1992,5000,250,2026,9,14
노원구,중계동,상아,51.29,14,1989,40000,0,2026,9,15
노원구,상계동,상계주공6(고층),59.2,3,1988,500,80,2026,9,4
노원구,상계동,상계주공1(고층),41.3,5,1988,3000,80,2026,9,14
노원구,상계동,상계2차중앙하이츠,59.82,6,1998,46000,0,2026,9,16
노원구,중계동,삼성,84.75,1,1999,60000,0,2026,9,12
노원구,상계동,상계주공12(고층),41.3,14,1988,2000,110,2026,9,16
노원구,상계동,상계주공7(고층),45.77,3,1988,30000,0,2026,9,12
노원구,월계동,미륭,51.48,13,1986,2000,90,2026,9,17
노원구,하계동,청솔(시영7),39.78,9,1989,25000,0,2026,9,11
노원구,중계동,건영3,84.9,4,1995,70000,0,2026,9,17
노원구,상계동,"상계주공15(고층,공무원임대)",49.94,5,1988,17103,0,2026,9,17
노원구,월계동,사슴3,39.6,13,1995,1000,60,2026,9,15
노원구,상계동,"상계주공15(고층,공무원임대)",41.3,3,1988,4167,28,2026,9,16
노원구,상계동,보람아파트,54.59,14,1988,10000,120,2026,9,12
노원구,상계동,"상계주공15(고층,공무원임대)",49.94,12,1988,3420,40,2026,9,16
노원구,월계동,서광,59.96,8,1994,5000,150,2026,9,16
노원구,상계동,"상계주공15(고층,공무원임대)",49.94,11,1988,17103,0,2026,9,15
노원구,월계동,장은하이빌,55.7153,1,2002,40000,0,2026,9,8
노원구,월계동,주공2,84.815,15,1992,32410,0,2026,9,15
노원구,중계동,주공2,44.52,5,1992,2000,100,2026,9,15
노원구,상계동,해링턴플레이스노원센트럴,59.6793,9,2025,54000,0,2026,9,16
노원구,공릉동,비선아파트,48.6,2,1999,10000,105,2026,9,9
노원구,상계동,상계주공9(고층),58.01,11,1988,30000,30,2026,9,16
노원구,상계동,극동늘푸른,59.958,13,2000,35000,0,2026,9,15
노원구,하계동,건영,53.14,11,1988,38000,0,2026,9,12
노원구,공릉동,태릉우성아파트,66.87,9,1985,38000,0,2026,9,16
노원구,중계동,중계그린1단지,49.5,5,1990,31000,0,2026,9,5
노원구,공릉동,삼익2차아파트,54.74,5,2004,40000,0,2026,9,13
노원구,상계동,상계주공7(고층),79.07,3,1988,53000,0,2026,9,16
노원구,상계동,은빛1단지,59.95,9,1998,34000,0,2026,9,15
노원구,상계동,노원센트럴푸르지오,50.058,12,2021,13456,32,2026,9,16
노원구,중계동,상아,84.97,2,1989,49350,0,2026,9,10
노원구,상계동,상계주공12(고층),66.56,6,1988,34650,0,2026,9,3
노원구,중계동,주공8,49.72,6,1993,3600,95,2026,9,4
노원구,상계동,상계주공16(고층),45.77,1,1988,21000,0,2026,9,12
노원구,중계동,삼성,114.49,14,1999,35700,116,2026,9,12
노원구,상계동,상계주공6(고층),58.01,3,1988,37000,0,2026,9,15
노원구,상계동,"상계주공15(고층,공무원임대)",49.94,11,1988,5130,35,2026,9,11
노원구,상계동,"상계주공15(고층,공무원임대)",41.3,12,1988,2778,32,2026,9,15
노원구,하계동,극동,55.72,7,1988,37500,0,2026,9,12
노원구,상계동,불암현대아파트(106동),27,20,1999,856,13,2026,9,15
노원구,상계동,상계주공4(고층),62.1,17,1988,37500,0,2026,9,12
노원구,월계동,성원(사슴4),39.6,1,1995,2000,85,2026,9,15
노원구,하계동,청솔(시영7),39.78,3,1989,23000,0,2026,9,12
노원구,상계동,상계주공3(고층),58.01,13,1987,40000,0,2026,9,15
노원구,중계동,주공7,44.1,13,1993,17325,0,2026,9,12
노원구,상계동,상계주공14(고층),49.94,3,1989,20790,0,2026,9,15
노원구,상계동,"상계주공15(고층,공무원임대)",49.94,9,1988,17103,0,2026,9,15
노원구,상계동,상계주공6(고층),58.01,7,1988,31500,0,2026,9,12
노원구,중계동,염광,59.34,19,1996,35700,0,2026,9,7
노원구,상계동,"상계주공15(고층,공무원임대)",41.3,9,1988,11112,8,2026,9,15
노원구,중계동,동진,38.79,3,1988,14500,0,2026,9,12
노원구,중계동,중계무지개,39.82,6,1991,4000,85,2026,9,12
노원구,상계동,상계주공2(고층),68.86,7,1987,18000,80,2026,9,12
노원구,상계동,"상계주공15(고층,공무원임대)",49.94,6,1988,17103,0,2026,9,15
노원구,상계동,상계주공6(고층),58.01,1,1988,25000,50,2026,9,7
노원구,중계동,주공5,38.64,14,1992,1000,79,2026,9,15
노원구,중계동,중앙하이츠,84.21,14,1998,10000,117,2026,9,5
노원구,상계동,상계주공5(저층),31.98,2,1987,12000,0,2026,9,12
노원구,상계동,상계주공6(고층),58.01,15,1988,26680,0,2026,9,13
노원구,상계동,"상계주공15(고층,공무원임대)",41.3,9,1988,4089,22,2026,9,15
노원구,상계동,상계주공4(고층),32.39,12,1988,16000,25,2026,9,15
노원구,중계동,중계그린1단지,49.5,4,1990,25000,40,2026,9,15
노원구,중계동,중계그린1단지,49.5,9,1990,31000,0,2026,9,13
노원구,상계동,상계주공6(고층),41.3,10,1988,22000,0,2026,9,12
노원구,상계동,노원롯데캐슬시그니처,52.873,9,2023,35000,10,2026,9,9
노원구,상계동,상계주공12(고층),41.3,12,1988,21000,0,2026,9,12
노원구,월계동,미성,33.28,2,1986,2000,80,2026,9,15
노원구,중계동,현대(6차),59.84,18,2018,40000,0,2026,9,14
노원구,월계동,삼호3,59.22,3,1986,36000,0,2026,9,2
노원구,상계동,"상계주공15(고층,공무원임대)",41.3,11,1988,13890,0,2026,9,15
노원구,월계동,성원(사슴4),49.92,11,1995,33000,0,2026,9,11
노원구,상계동,상계주공1(고층),41.3,12,1988,20000,0,2026,9,7
노원구,상계동,상계주공2(고층),41.3,15,1987,5000,59,2026,9,12
노원구,중계동,중계그린1단지,49.85,7,1990,33000,0,2026,9,15
노원구,중계동,상아,51.29,14,1989,40000,0,2026,9,15
노원구,상계동,노원현대,84.78,13,1997,47200,0,2026,9,15
노원구,상계동,상계주공9(고층),49.94,11,1988,23000,60,2026,9,5
노원구,하계동,장미(시영6),49.75,11,1989,26000,5,2026,9,12
노원구,중계동,주공7,44.1,3,1993,500,100,2026,9,4
노원구,중계동,청구(366),115.47,12,1993,75000,0,2026,9,1
노원구,중계동,건영2,84.96,6,1991,63000,0,2026,9,15
노원구,중계동,주공5,58.46,10,1992,5000,130,2026,9,9
노원구,상계동,상계대림,59.67,14,1989,27000,0,2026,9,10
노원구,상계동,한신1차,53.96,9,1987,29925,0,2026,9,12
노원구,공릉동,태릉해링턴플레이스,84.98,7,2022,80000,0,2026,9,12
노원구,중계동,주공5,84.79,7,1992,50000,0,2026,9,12
노원구,중계동,청구3,84.77,9,1996,77500,0,2026,9,12
노원구,상계동,상계주공13(고층),45.9,9,1989,18800,0,2026,9,7
노원구,상계동,상계주공12(고층),49.94,14,1988,29000,0,2026,9,14
노원구,중계동,중계무지개,49.89,2,1991,4500,69,2026,9,5
노원구,상계동,벽산,46.8,12,1989,2000,100,2026,9,10
노원구,상계동,상계주공1(고층),41.3,6,1988,26000,0,2026,9,14
노원구,상계동,상계주공7(고층),45.9,6,1988,30000,0,2026,9,14
노원구,상계동,"상계주공15(고층,공무원임대)",41.3,11,1988,6945,20,2026,9,14
노원구,상계동,상계주공2(고층),37.46,8,1987,5000,70,2026,9,12
노원구,상계동,"상계주공15(고층,공무원임대)",41.3,6,1988,2778,32,2026,9,14
노원구,중계동,청구3,84.77,10,1996,29900,200,2026,9,11
노원구,상계동,상계주공1(고층),32.39,5,1988,2000,75,2026,9,5
노원구,월계동,미성,50.14,5,1986,32000,0,2026,9,12
노원구,상계동,상계주공11(고층),41.3,12,1988,25000,0,2026,9,10
노원구,상계동,상계주공2(고층),58.01,10,1987,2000,105,2026,9,12
노원구,하계동,건영,65.43,7,1988,43000,0,2026,9,11
노원구,월계동,사슴3,49.5,5,1995,5000,85,2026,9,7
노원구,상계동,상계주공4(고층),41.3,11,1988,1000,70,2026,9,13
노원구,상계동,상계주공14(고층),45.55,11,1989,16000,20,2026,9,12
노원구,공릉동,시영2단지(라이프)아파트,39.6,8,1994,2000,95,2026,9,12
노원구,월계동,미성,50.14,7,1986,22000,0,2026,9,14
노원구,공릉동,시영3차(라이프)아파트,34.44,6,1994,20000,0,2026,9,12
노원구,상계동,상계주공4(고층),41.3,8,1988,1000,79,2026,9,12
노원구,상계동,상계2차중앙하이츠,59.82,7,1998,24000,0,2026,9,14
노원구,상계동,한양,87.49,11,1988,41300,0,2026,9,14
노원구,상계동,보람아파트,54.59,15,1988,25200,0,2026,9,4
노원구,상계동,노원롯데캐슬시그니처,39.038,3,2023,4271,7,2026,9,14
노원구,월계동,극동,80.28,3,1996,38000,0,2026,9,14
노원구,상계동,수락리버시티3단지,114.69,5,2009,28678,0,2026,9,14
노원구,상계동,중계센트럴파크,49.9,5,2016,6145,36,2026,9,14
노원구,상계동,상계주공3(고층),58.01,14,1987,36000,0,2026,9,12
노원구,월계동,사슴3,33.18,5,1995,2000,80,2026,9,14
노원구,월계동,한진한화그랑빌,84.97,28,2002,40000,120,2026,9,11
노원구,상계동,동아불암(1286-0),27,15,1999,387,14,2026,9,14
노원구,상계동,상계주공3(고층),32.39,1,1987,1000,80,2026,9,2
노원구,상계동,상계주공10(고층),45.77,9,1988,21000,0,2026,9,12
노원구,공릉동,두산힐스빌아파트,84.9,10,2000,38000,80,2026,9,14
노원구,공릉동,삼익포레스트아파트,51.03,2,1995,35000,0,2026,9,14
노원구,상계동,한양,86.62,1,1988,45000,0,2026,9,4
노원구,중계동,동진신안,134.74,4,1993,110000,0,2026,9,12
노원구,중계동,주공5,58.46,4,1992,40000,0,2026,9,12
노원구,상계동,상계주공7(고층),41.3,13,1988,1000,85,2026,9,14
노원구,월계동,풍림아이원,84.303,17,2005,50000,40,2026,9,10
노원구,상계동,상계주공6(고층),41.3,10,1988,22000,0,2026,9,12
노원구,상계동,상계주공13(고층),49.94,8,1989,33000,0,2026,9,12
노원구,상계동,상계주공10(고층),49.94,2,1988,32000,0,2026,9,12
노원구,중계동,중계그린1단지,39.78,10,1990,2000,100,2026,9,13
노원구,상계동,상계주공16(고층),58.01,4,1988,10000,120,2026,9,13
노원구,상계동,불암현대,84.9,20,1999,53000,0,2026,9,11
노원구,중계동,주공5,58.46,10,1992,45000,0,2026,9,12
노원구,월계동,사슴3,49.5,3,1995,20835,0,2026,9,12
노원구,중계동,양지마을(대림)2,59.4,17,1999,20000,110,2026,9,12
노원구,중계동,양지마을(대림)2,114.81,2,1999,40000,100,2026,9,12
노원구,상계동,상계주공10(고층),49.94,10,1988,13000,60,2026,9,7
노원구,월계동,삼호4,50.18,7,1987,25000,0,2026,9,12
노원구,중계동,건영3,84.9,9,1995,91000,0,2026,9,11
노원구,중계동,주공7,44.1,1,1993,1000,140,2026,9,14
노원구,공릉동,태강아파트(아이파크),49.6,14,1999,3000,130,2026,9,14
노원구,중계동,주공5,44.94,8,1992,28000,0,2026,9,12
노원구,월계동,미륭,51.48,6,1986,24675,0,2026,9,5
노원구,공릉동,효성아파트,73.18,5,1995,32000,0,2026,9,12
노원구,상계동,노원롯데캐슬시그니처,52.936,21,2023,58000,0,2026,9,12
노원구,월계동,미성,33.28,1,1986,18000,0,2026,9,12
노원구,하계동,장미(시영6),39.78,15,1989,2500,80,2026,9,14
노원구,상계동,상계주공3(고층),58.01,9,1987,30000,0,2026,9,12
노원구,상계동,상계주공11(고층),79.07,7,1988,55000,0,2026,9,12
노원구,중계동,주공6,44.1,4,1993,28000,0,2026,9,5
노원구,공릉동,시영3차(라이프)아파트,34.44,8,1994,20000,0,2026,9,11
노원구,상계동,상계주공2(고층),58.01,7,1987,28350,0,2026,9,12
노원구,상계동,상계주공6(고층),41.3,10,1988,3000,50,2026,9,10
노원구,상계동,상계주공9(고층),45.9,13,1988,500,80,2026,9,11
노원구,상계동,불암현대아파트(106동),27,20,1999,2263,5,2026,9,14
노원구,하계동,미성,84.94,14,1989,56000,0,2026,9,14
노원구,상계동,상계주공4(고층),32.39,1,1988,1000,65,2026,9,10
노원구,상계동,상계주공6(고층),58.01,5,1988,26700,0,2026,9,12
노원구,상계동,상계주공2(고층),32.39,7,1987,21000,0,2026,9,12
노원구,상계동,동양엔파트,84.88,14,2003,20000,180,2026,9,8
노원구,하계동,한신동성,138.29,14,1993,40000,180,2026,9,12
노원구,공릉동,태강아파트(아이파크),49.6,13,1999,38000,0,2026,9,12
노원구,상계동,동아불암(1286-0),27,6,1999,387,14,2026,9,14
노원구,중계동,중앙하이츠,84.21,1,1998,20000,140,2026,9,5
노원구,상계동,상계주공1(고층),60.5,2,1988,25000,0,2026,9,11
노원구,월계동,꿈의숲SKVIEW,84.93,15,2016,57700,0,2026,9,11
노원구,상계동,불암현대아파트(106동),27,21,1999,856,13,2026,9,14
노원구,상계동,상계주공4(고층),32.39,14,1988,20500,0,2026,9,7
노원구,하계동,장미(시영6),49.5,3,1989,5000,74,2026,9,12
노원구,상계동,상계주공4(고층),59.28,4,1988,1000,84,2026,9,12
노원구,상계동,"상계주공15(고층,공무원임대)",49.94,9,1988,17103,0,2026,9,8
노원구,중계동,경남,50.97,9,1989,27300,0,2026,9,12
노원구,하계동,극동,70.56,11,1988,42000,0,2026,9,11
노원구,상계동,상계주공2(고층),58.01,1,1987,35000,0,2026,9,11
노원구,공릉동,풍림아파트A,59.94,9,2001,45000,0,2026,9,4
노원구,상계동,상계주공3(고층),59.39,11,1987,19000,45,2026,9,11
노원구,상계동,상계주공14(고층),49.94,14,1989,19950,0,2026,9,11
노원구,하계동,한신1,27,12,1988,1000,73,2026,9,11
노원구,중계동,주공8,49.72,8,1993,20000,75,2026,9,5
노원구,상계동,"상계주공15(고층,공무원임대)",49.94,7,1988,3369,28,2026,9,7
노원구,상계동,노원롯데캐슬시그니처,59.996,5,2023,64000,0,2026,9,11
노원구,상계동,상계주공12(고층),41.3,8,1988,25000,0,2026,9,11
노원구,중계동,건영3,84.9,3,1995,65000,40,2026,9,10
노원구,상계동,불암현대아파트(106동),27,15,1999,2197,6,2026,9,11
노원구,상계동,상계1차현대아파트,83.92,13,1993,40000,0,2026,9,9
노원구,공릉동,삼익포레스트아파트,51.03,9,1995,28300,0,2026,9,5
노원구,중계동,중계무지개,49.54,7,1991,13000,85,2026,9,11
노원구,월계동,사슴3,33.18,12,1995,2000,75,2026,9,7
노원구,공릉동,태릉해링턴플레이스,59.98,22,2022,51000,0,2026,9,11
노원구,월계동,초안2,59.85,10,1997,28000,0,2026,9,11
노원구,하계동,학여울청구,84.77,2,1999,10000,130,2026,9,11
노원구,월계동,삼호3,59.22,12,1986,35000,0,2026,9,11
노원구,상계동,상계주공2(고층),58.01,2,1987,12000,75,2026,9,11
노원구,상계동,상계주공14(고층),45.55,10,1989,23000,0,2026,9,11
노원구,중계동,주공10,58.14,7,1995,40000,80,2026,9,10
노원구,상계동,노원현대,84.78,7,1997,47250,0,2026,9,11
노원구,중계동,중앙하이츠아쿠아,84.4675,5,2008,73000,0,2026,9,9
노원구,중계동,중계그린1단지,59.46,4,1990,31500,0,2026,9,11
노원구,상계동,상계주공10(고층),59.28,15,1988,24000,65,2026,9,11
노원구,공릉동,태강아파트(아이파크),59.34,3,1999,30000,45,2026,9,3
노원구,상계동,상계주공14(고층),45.9,14,1989,1000,42,2026,9,9
노원구,상계동,상계주공2(고층),68.86,12,1987,50000,0,2026,9,2
노원구,상계동,상계주공13(고층),45.9,15,1989,13000,21,2026,9,5
노원구,중계동,한화꿈에그린TheFIRST,84.97,15,2014,51000,90,2026,9,2
노원구,상계동,상계주공10(고층),61.52,13,1988,30000,0,2026,9,5
노원구,공릉동,시영3차(라이프)아파트,49.5,14,1994,25000,0,2026,9,5
노원구,중계동,염광,84.5,2,1996,48000,0,2026,9,11
노원구,하계동,하계1청구,84.6,6,1997,56700,0,2026,9,11
노원구,상계동,상계주공12(고층),49.94,10,1988,26250,0,2026,9,5
노원구,상계동,"상계주공15(고층,공무원임대)",49.94,11,1988,17103,0,2026,9,11
노원구,상계동,"상계주공15(고층,공무원임대)",41.3,13,1988,13631,0,2026,9,7
노원구,상계동,"상계주공15(고층,공무원임대)",49.94,4,1988,10107,15,2026,9,8
노원구,월계동,주공2,59.97,2,1992,35000,0,2026,9,10
노원구,상계동,보람아파트,68.99,10,1988,45000,0,2026,9,10
노원구,상계동,상계주공10(고층),58.01,10,1988,30000,0,2026,9,3
노원구,공릉동,두산힐스빌아파트,84.9,17,2000,54000,0,2026,9,10
노원구,상계동,소담빌,14.65,9,2014,500,60,2026,9,3
노원구,상계동,상계주공7(고층),41.3,13,1988,24000,0,2026,9,9
노원구,상계동,상계주공10(고층),49.94,6,1988,34000,0,2026,9,5
노원구,중계동,한화꿈에그린TheFIRST,121.284,18,2014,100000,0,2026,9,9
노원구,상계동,상계대림,59.67,14,1989,27000,0,2026,9,10
노원구,상계동,상계주공14(고층),49.94,5,1989,24150,0,2026,9,10
노원구,월계동,월계흥화브라운빌,84.91,3,2004,13000,110,2026,9,8
노원구,월계동,청백(774),34.44,2,1998,2333,5,2026,9,8
노원구,상계동,"상계주공15(고층,공무원임대)",49.94,1,1988,3078,36,2026,9,7
노원구,상계동,"상계주공15(고층,공무원임대)",49.94,4,1988,16846,0,2026,9,7
노원구,상계동,상계주공14(고층),49.94,1,1989,5000,85,2026,9,2
노원구,상계동,벽산,46.8,8,1989,3000,50,2026,9,10
노원구,상계동,"상계주공15(고층,공무원임대)",49.94,4,1988,17103,0,2026,9,10
노원구,상계동,상계주공9(고층),49.94,9,1988,22050,0,2026,9,5
노원구,중계동,삼창타워주상프라자,59.39,18,1997,30000,0,2026,9,10
노원구,중계동,주공10,58.14,4,1995,59000,0,2026,9,8
노원구,중계동,이연아마빌레,144.96,2,2003,71000,0,2026,9,10
노원구,상계동,상계주공14(고층),41.3,9,1989,13000,0,2026,9,10
노원구,중계동,경남,84.97,2,1989,48500,0,2026,9,10
노원구,상계동,상계주공11(고층),49.94,9,1988,21000,0,2026,9,5
노원구,상계동,벽산,46.8,14,1989,25000,0,2026,9,4
노원구,월계동,한진한화그랑빌,84.97,1,2002,47000,0,2026,9,10
노원구,상계동,상계신동아,59.4,2,1995,25000,0,2026,9,10
노원구,상계동,상계주공6(고층),49.94,4,1988,20000,50,2026,9,10
노원구,공릉동,청솔아파트9,84.9,6,2000,52000,0,2026,9,10
노원구,중계동,롯데(505),84.97,2,1989,57000,0,2026,9,10
노원구,상계동,상계주공14(고층),41.3,5,1989,2000,100,2026,9,4
노원구,상계동,상계주공1(고층),58.01,6,1988,10000,75,2026,9,5
노원구,상계동,상계주공11(고층),41.3,6,1988,20500,0,2026,9,5
노원구,공릉동,삼익포레스트아파트,114.88,1,1995,56000,0,2026,9,5
노원구,상계동,성원상떼빌,114.76,4,1999,60000,0,2026,9,9
노원구,하계동,학여울청구,59.4,3,1999,37800,0,2026,9,9
노원구,상계동,노원롯데캐슬시그니처,52.873,9,2023,35000,10,2026,9,9
노원구,상계동,상계주공2(고층),58.01,6,1987,38000,0,2026,9,9
노원구,하계동,장미(시영6),59.46,5,1989,30000,0,2026,9,5
노원구,상계동,상계주공7(고층),45.77,4,1988,26000,0,2026,9,4
노원구,중계동,주공6,44.1,5,1993,29000,0,2026,9,5
노원구,상계동,상계주공10(고층),41.3,7,1988,23000,0,2026,9,5
노원구,상계동,상계주공16(고층),45.77,6,1988,27000,0,2026,9,9
노원구,상계동,"상계주공15(고층,공무원임대)",49.94,2,1988,10261,20,2026,9,8
노원구,상계동,"상계주공15(고층,공무원임대)",49.94,8,1988,11792,12,2026,9,8
노원구,상계동,"상계주공15(고층,공무원임대)",41.3,4,1988,13890,0,2026,9,8
노원구,상계동,"상계주공15(고층,공무원임대)",41.3,8,1988,13890,0,2026,9,8
노원구,상계동,"상계주공15(고층,공무원임대)",49.94,6,1988,17103,0,2026,9,8
노원구,상계동,"상계주공15(고층,공무원임대)",41.3,2,1988,13890,0,2026,9,4
노원구,상계동,"상계주공15(고층,공무원임대)",41.3,10,1988,13890,0,2026,9,1
노원구,상계동,"상계주공15(고층,공무원임대)",49.94,7,1988,3369,31,2026,9,8
노원구,상계동,"상계주공15(고층,공무원임대)",49.94,15,1988,13219,7,2026,9,7
노원구,상계동,"상계주공15(고층,공무원임대)",49.94,11,1988,3420,40,2026,9,7
노원구,상계동,상계주공11(고층),49.94,11,1988,15000,40,2026,9,7
노원구,상계동,"상계주공15(고층,공무원임대)",41.3,1,1988,7500,15,2026,9,8
노원구,상계동,상계주공11(고층),41.3,7,1988,2000,78,2026,9,3
노원구,공릉동,공릉해링턴플레이스,99.917,10,2000,47000,100,2026,9,5
노원구,하계동,장미(시영6),39.78,11,1989,26000,0,2026,9,9
노원구,월계동,청백4,39.84,13,1998,22000,0,2026,9,9
노원구,중계동,신동아(366),115.35,12,1993,97000,0,2026,9,9
노원구,상계동,상계주공9(고층),49.94,15,1988,2000,100,2026,9,9
노원구,하계동,장미(시영6),39.92,9,1989,5000,90,2026,9,8
노원구,공릉동,동부아파트,59.34,8,1996,32000,0,2026,9,9
노원구,상계동,노원롯데캐슬시그니처,39.038,19,2023,2607,17,2026,9,9
노원구,하계동,우성,84.91,14,1988,40000,80,2026,9,9
노원구,상계동,상계주공7(고층),49.94,12,1988,5000,130,2026,9,9
노원구,상계동,포레나노원,59.9908,24,2020,10000,128,2026,9,9
노원구,공릉동,대주파크빌아파트,81.12,10,2003,47000,0,2026,9,5
노원구,중계동,경남,50.97,12,1989,25000,0,2026,9,3
노원구,중계동,중계3벽산,59.88,19,1999,38000,0,2026,9,8
노원구,상계동,상계주공14(고층),41.3,10,1989,25000,0,2026,9,7
노원구,상계동,상계주공3(고층),73.94,8,1987,10000,150,2026,9,7
노원구,상계동,보람아파트,54.59,7,1988,28350,0,2026,9,9
노원구,공릉동,대아아파트1차,59.75,6,1997,38500,0,2026,9,1
노원구,상계동,상계주공10(고층),58.01,9,1988,28300,0,2026,9,8
노원구,상계동,은빛1단지,59.95,2,1998,36000,0,2026,9,9
노원구,상계동,상계주공6(고층),59.28,4,1988,40000,0,2026,9,9
노원구,상계동,보람아파트,44.33,12,1988,21000,0,2026,9,8
노원구,하계동,청구,84.97,11,1988,30000,150,2026,9,8
노원구,중계동,삼성,84.75,3,1999,45150,0,2026,9,2
노원구,상계동,상계주공6(고층),59.2,4,1988,25000,0,2026,9,9
노원구,상계동,상계주공1(고층),32.39,7,1988,20000,0,2026,9,8
노원구,상계동,상계주공6(고층),59.28,12,1988,26250,0,2026,9,1
노원구,상계동,불암현대,59.4,1,1999,5000,120,2026,9,7
노원구,중계동,롯데우성,115.26,9,1993,89000,0,2026,9,5
노원구,중계동,주공6,44.1,5,1993,28000,0,2026,9,8
노원구,상계동,포레나노원,74.9561,23,2020,79000,0,2026,9,7
노원구,상계동,상계주공6(고층),41.3,13,1988,3000,105,2026,9,7
노원구,월계동,청백(774),34.44,2,1998,405,14,2026,9,7
노원구,상계동,상계주공11(고층),68.86,8,1988,44000,0,2026,9,4
노원구,상계동,상계주공6(고층),37.46,3,1988,17000,0,2026,9,3
노원구,상계동,상계주공7(고층),45.77,4,1988,5000,70,2026,9,8
노원구,월계동,한진한화그랑빌,75.81,9,2002,49400,0,2026,9,1
노원구,상계동,포레나노원,59.9866,8,2020,40000,90,2026,9,7
노원구,월계동,청백(774),34.44,1,1998,1013,12,2026,9,8
노원구,공릉동,공릉아파트,33.18,5,1999,1180,17,2026,9,8
노원구,중계동,중계그린1단지,59.87,11,1990,32000,0,2026,9,2
노원구,상계동,상계주공13(고층),49.94,4,1989,28000,0,2026,9,2
노원구,하계동,장미(시영6),59.87,12,1989,39000,0,2026,9,4
노원구,월계동,삼호4,50.18,8,1987,26250,0,2026,9,3
노원구,중계동,주공10,58.14,4,1995,59000,0,2026,9,8
노원구,상계동,상계주공2(고층),32.39,4,1987,20000,0,2026,9,8
노원구,월계동,청백(774),34.44,2,1998,1013,12,2026,9,8
노원구,하계동,장미(시영6),49.75,8,1989,24000,0,2026,9,8
노원구,상계동,상계주공11(고층),79.07,6,1988,45150,0,2026,9,8
노원구,공릉동,풍림아파트B,31.32,6,2001,2000,65,2026,9,5
노원구,월계동,청백(774),34.44,4,1998,1013,12,2026,9,8
노원구,상계동,상계주공7(고층),79.07,14,1988,55000,0,2026,9,7
노원구,상계동,상계주공7(고층),49.94,10,1988,38000,0,2026,9,4
노원구,상계동,상계주공4(고층),58.01,4,1988,25000,0,2026,9,7
노원구,하계동,장미(시영6),39.92,14,1989,2000,84,2026,9,3
노원구,중계동,주공10,58.14,9,1995,12000,99,2026,9,6
노원구,하계동,벽산,70.56,4,1988,39900,0,2026,9,5
노원구,중계동,삼성,114.49,3,1999,57700,0,2026,9,8
노원구,하계동,현대,84.95,7,1988,57000,0,2026,9,6
노원구,상계동,상계주공1(고층),41.3,12,1988,20000,0,2026,9,7
노원구,상계동,상계주공12(고층),49.94,10,1988,10000,100,2026,9,7
노원구,상계동,보람아파트,68.99,12,1988,10000,140,2026,9,4
노원구,월계동,청백(774),39.84,7,1998,1172,14,2026,9,7
노원구,상계동,상계주공12(고층),41.3,8,1988,14000,8,2026,9,7
노원구,상계동,포레나노원,84.9084,3,2020,73000,0,2026,9,7
노원구,상계동,"상계주공15(고층,공무원임대)",41.3,14,1988,6945,20,2026,9,7
노원구,월계동,미성,50.14,1,1986,17300,0,2026,9,5
노원구,상계동,상계주공14(고층),45.9,3,1989,18375,0,2026,9,5
노원구,중계동,주공7,44.1,14,1993,28500,0,2026,9,7
노원구,상계동,상계주공5(저층),31.98,1,1987,1000,40,2026,9,7
노원구,월계동,미륭,51.48,8,1986,29000,0,2026,9,7
노원구,상계동,상계주공13(고층),45.9,9,1989,18800,0,2026,9,7
노원구,중계동,주공4,45.77,4,1991,32000,0,2026,9,5
노원구,상계동,"상계주공15(고층,공무원임대)",49.94,5,1988,13476,8,2026,9,7
노원구,중계동,중계그린1단지,49.5,5,1990,29400,0,2026,9,5
노원구,상계동,불암대림(207동),33,6,2000,1314,15,2026,9,7
노원구,중계동,주공5,44.52,9,1992,1000,110,2026,9,4
노원구,상계동,상계주공9(고층),45.9,1,1988,21000,0,2026,9,7
노원구,월계동,청백(774),34.44,2,1998,1013,12,2026,9,7
노원구,상계동,상계주공7(고층),58.01,7,1988,30000,0,2026,9,5
노원구,월계동,풍림아이원,59.149,4,2005,52000,0,2026,9,4
노원구,상계동,상계주공11(고층),49.94,8,1988,25000,35,2026,9,7
노원구,상계동,"상계주공15(고층,공무원임대)",41.3,11,1988,10904,6,2026,9,7
노원구,하계동,학여울청구118동(356),32.76,17,2002,2441,4,2026,9,7
노원구,하계동,청솔(시영7),49.5,4,1989,5000,80,2026,9,7
노원구,월계동,미성,50.14,12,1986,24150,0,2026,9,5
노원구,상계동,상계주공12(고층),49.94,1,1988,18000,60,2026,9,5
노원구,월계동,청백(774),34.44,7,1998,1013,12,2026,9,7
노원구,월계동,청백4,39.84,14,1998,19000,0,2026,9,7
노원구,월계동,삼호4,50.18,4,1987,6000,72,2026,9,5
노원구,하계동,한신1,27,13,1988,18900,0,2026,9,2
노원구,상계동,상계주공16(고층),59.39,5,1988,29400,0,2026,9,2
노원구,중계동,신안,84.93,2,1999,55000,80,2026,9,1
노원구,중계동,화인상가,83.19,10,1994,100,35,2026,9,5
노원구,중계동,중계그린1단지,49.5,1,1990,30000,0,2026,9,5
노원구,공릉동,삼익포레스트아파트,51.03,9,1995,28300,0,2026,9,5
노원구,상계동,상계주공10(저층),47.34,1,1988,20000,0,2026,9,4
노원구,상계동,상계주공14(고층),41.3,3,1989,21000,0,2026,9,4
노원구,중계동,주공10,58.14,10,1995,47200,0,2026,9,5
노원구,상계동,상계주공1(고층),41.3,6,1988,22000,0,2026,9,5
노원구,상계동,포레나노원,84.9728,24,2020,73000,0,2026,9,5
노원구,중계동,주공2,44.52,13,1992,19950,0,2026,9,5
노원구,중계동,중계그린1단지,39.91,11,1990,2000,115,2026,9,4
노원구,하계동,학여울청구118동(356),32.76,15,2002,874,13,2026,9,7
노원구,중계동,청구3,84.77,15,1996,68250,42,2026,9,5
노원구,공릉동,태릉해링턴플레이스,84.98,18,2022,75000,0,2026,9,2
노원구,공릉동,현대성우아파트,59.98,11,2000,39900,0,2026,9,5
노원구,하계동,청솔(시영7),49.5,3,1989,27300,0,2026,9,5
노원구,월계동,삼호3,59.22,5,1986,36000,0,2026,9,5
노원구,하계동,학여울청구,84.77,15,1999,71000,0,2026,9,4
노원구,월계동,삼호3,59.22,6,1986,28000,10,2026,9,5
노원구,상계동,상계주공2(고층),68.86,1,1987,30700,0,2026,9,4
노원구,상계동,상계주공5(저층),31.98,5,1987,3000,30,2026,9,4
노원구,하계동,학여울청구118동(356),32.76,11,2002,874,13,2026,9,7
노원구,상계동,상계주공10(고층),59.39,12,1988,33000,0,2026,9,7
노원구,상계동,노원센트럴푸르지오,84.999,1,2021,64500,0,2026,9,5
노원구,공릉동,태릉우성아파트,66.87,4,1985,38000,0,2026,9,4
노원구,공릉동,비선아파트,48.6,2,1999,2000,84,2026,9,5
노원구,중계동,중계무지개,39.96,9,1991,25000,0,2026,9,6
노원구,상계동,"상계주공15(고층,공무원임대)",49.94,12,1988,3420,40,2026,9,7
노원구,상계동,상계주공1(고층),41.3,7,1988,19000,0,2026,9,7
노원구,월계동,한일1,114.96,16,1999,51900,0,2026,9,5
노원구,중계동,금호타운(583),59.52,6,1997,46500,0,2026,9,5
노원구,월계동,삼호4,59.49,2,1987,2000,90,2026,9,7
노원구,공릉동,공릉아파트,33.18,10,1999,1180,17,2026,9,7
노원구,상계동,노원센트럴푸르지오,40.026,11,2021,2827,16,2026,9,7
노원구,상계동,보람아파트,44.33,14,1988,28000,0,2026,9,4
노원구,중계동,중계그린1단지,59.87,8,1990,3000,150,2026,9,5
노원구,하계동,장미(시영6),49.5,7,1989,2000,115,2026,9,4
노원구,상계동,"상계주공15(고층,공무원임대)",49.94,13,1988,16846,0,2026,9,1
노원구,상계동,상계주공16(고층),45.77,3,1988,27000,0,2026,9,5
노원구,중계동,주공10,58.14,9,1995,12000,99,2026,9,6
노원구,상계동,미라보(성림),60,17,2006,33000,0,2026,9,5
노원구,중계동,삼성,84.75,7,1999,55650,0,2026,9,5
노원구,상계동,상계주공10(고층),45.77,14,1988,25000,0,2026,9,4
노원구,상계동,"상계주공15(고층,공무원임대)",49.94,2,1988,16846,0,2026,9,4
노원구,상계동,"상계주공15(고층,공무원임대)",49.94,3,1988,17103,0,2026,9,1
노원구,중계동,상아,51.29,12,1989,40000,0,2026,9,5
노원구,중계동,청구(366),115.47,10,1993,100000,0,2026,9,5
노원구,상계동,상계주공10(고층),58.01,10,1988,35000,0,2026,9,5
노원구,월계동,한진한화그랑빌,84.97,16,2002,63000,0,2026,9,5
노원구,중계동,현대1(4차),84.99,8,1993,52000,0,2026,9,4
노원구,중계동,주공10,58.14,6,1995,50000,0,2026,9,4
노원구,상계동,수락리버시티3단지,84.96,5,2009,45000,0,2026,9,4
노원구,상계동,수락리버시티3단지,84.96,5,2009,45000,0,2026,9,4
노원구,하계동,한신동성,138.29,6,1993,63000,0,2026,9,4
노원구,상계동,상계주공10(고층),49.94,15,1988,33000,0,2026,9,4
노원구,상계동,상계주공14(고층),45.9,1,1989,13000,60,2026,9,2
노원구,상계동,상계주공2(고층),58.01,3,1987,27825,0,2026,9,4
노원구,상계동,상계주공6(고층),59.39,10,1988,3000,150,2026,9,4
노원구,상계동,상계주공6(고층),59.2,12,1988,29400,0,2026,9,4
노원구,월계동,미성,33.28,3,1986,17000,0,2026,9,4
노원구,상계동,상계주공6(고층),58.01,3,1988,3000,120,2026,9,4
노원구,중계동,중계그린1단지,49.5,15,1990,27000,0,2026,9,4
노원구,상계동,"상계주공15(고층,공무원임대)",49.94,4,1988,17103,0,2026,9,4
노원구,중계동,롯데(505),84.97,15,1989,10000,200,2026,9,4
노원구,월계동,사슴3,39.6,2,1995,2000,85,2026,9,4
노원구,공릉동,두산힐스빌아파트,59.76,5,2000,23000,36,2026,9,4
노원구,중계동,한신월드,84.96,1,2005,27783,0,2026,9,3
노원구,상계동,상계주공6(고층),58.01,11,1988,3000,150,2026,9,1
노원구,상계동,"상계주공15(고층,공무원임대)",41.3,13,1988,2778,32,2026,9,4
노원구,상계동,상계주공3(고층),58.01,15,1987,1000,110,2026,9,1
노원구,중계동,중계무지개,49.89,12,1991,25000,0,2026,9,2
노원구,상계동,"상계주공15(고층,공무원임대)",41.3,8,1988,13890,0,2026,9,1
노원구,상계동,상계2차중앙하이츠,84.6,6,1998,15000,150,2026,9,3
노원구,월계동,삼호3,59.22,2,1986,8000,90,2026,9,3
노원구,상계동,상계주공7(고층),45.77,4,1988,23100,0,2026,9,2
노원구,월계동,주공2,44.94,6,1992,15000,0,2026,9,3
노원구,상계동,상계주공3(고층),37.46,4,1987,24000,0,2026,9,1
노원구,월계동,월계흥화브라운빌,84.91,3,2004,45000,0,2026,9,3
노원구,상계동,벽산,43.35,11,1989,2000,100,2026,9,2
노원구,상계동,상계주공4(고층),41.3,13,1988,2000,95,2026,9,3
노원구,상계동,상계주공3(고층),60.5,6,1987,31500,0,2026,9,3
노원구,상계동,상계주공7(고층),49.94,8,1988,3000,100,2026,9,3
노원구,상계동,상계주공12(고층),41.3,6,1988,13000,0,2026,9,3
노원구,상계동,벽산,43.35,11,1989,20000,0,2026,9,3
노원구,공릉동,비선아파트,48.6,13,1999,29400,0,2026,9,3
노원구,상계동,상계주공10(저층),54.54,2,1988,30200,0,2026,9,3
노원구,상계동,상계주공6(고층),58.01,3,1988,24000,50,2026,9,3
노원구,중계동,중계무지개,59.26,3,1991,28350,0,2026,9,2
노원구,상계동,상계주공13(고층),45.55,8,1989,10000,45,2026,9,3
노원구,중계동,중계무지개,59.26,3,1991,40000,0,2026,9,3
노원구,공릉동,삼익아파트,59.89,8,1997,26000,0,2026,9,2
노원구,상계동,"상계주공15(고층,공무원임대)",41.3,11,1988,10904,6,2026,9,1
노원구,상계동,"상계주공15(고층,공무원임대)",41.3,4,1988,2778,32,2026,9,3
노원구,상계동,상계주공7(고층),45.77,14,1988,5000,80,2026,9,3
노원구,상계동,상계주공7(고층),41.3,10,1988,24150,0,2026,9,2
노원구,상계동,상계주공6(고층),58.01,15,1988,33000,0,2026,9,2
노원구,상계동,"상계주공15(고층,공무원임대)",41.3,1,1988,2500,29,2026,9,2
노원구,상계동,상계주공1(고층),41.3,3,1988,25000,0,2026,9,2
노원구,월계동,한진한화그랑빌,84.97,1,2002,63000,0,2026,9,1
노원구,하계동,청솔(시영7),49.5,2,1989,28300,0,2026,9,2
노원구,상계동,상계주공1(고층),41.3,4,1988,21000,0,2026,9,2
노원구,중계동,동진,38.79,1,1988,1000,85,2026,9,2
노원구,중계동,주공5,44.94,11,1992,2000,100,2026,9,2
노원구,중계동,중계그린1단지,39.92,11,1990,2000,100,2026,9,2
노원구,상계동,상계주공9(고층),49.94,13,1988,33000,0,2026,9,2
노원구,상계동,상계주공5(저층),31.98,3,1987,1000,40,2026,9,1
노원구,상계동,상계주공5(저층),31.98,2,1987,1000,50,2026,9,2
노원구,중계동,경남,50.97,12,1989,22010,0,2026,9,2
노원구,상계동,보람아파트,44.33,9,1988,3500,90,2026,9,1
노원구,중계동,주공2,44.52,12,1992,24000,0,2026,9,2
노원구,상계동,상계주공7(고층),58.01,11,1988,30000,40,2026,9,1
노원구,상계동,상계주공16(고층),59.39,2,1988,37000,0,2026,9,1
노원구,상계동,"상계주공15(고층,공무원임대)",41.3,15,1988,11112,8,2026,9,1
노원구,상계동,"상계주공15(고층,공무원임대)",49.94,11,1988,17103,0,2026,9,2
노원구,상계동,"상계주공15(고층,공무원임대)",49.94,13,1988,3369,31,2026,9,1
노원구,상계동,"상계주공15(고층,공무원임대)",49.94,15,1988,17103,0,2026,9,1
노원구,상계동,"상계주공15(고층,공무원임대)",49.94,3,1988,5053,27,2026,9,1
노원구,월계동,삼호4,50.18,8,1987,2000,130,2026,9,1
노원구,상계동,상계주공3(고층),37.46,4,1987,24000,0,2026,9,1
노원구,상계동,상계주공7(고층),79.07,14,1988,50000,0,2026,9,1
노원구,하계동,청솔(시영7),59.22,15,1989,5000,130,2026,9,1
노원구,월계동,삼창,94.36,3,1984,50000,0,2026,9,1
은평구,대조동,DasHaus,16.35,4,2013,11550,0,2026,9,20
은평구,녹번동,북한산푸르지오,84.99,16,2015,70000,0,2026,9,3
은평구,응암동,백련산에스케이뷰아이파크,59.8545,3,2020,49000,0,2026,9,11
은평구,진관동,은평스카이뷰자이,84.3363,23,2019,66000,50,2026,9,12
은평구,신사동,은평자이더스타,49.9714,23,2026,55000,0,2026,9,23
은평구,대조동,베르디움STAY1,21.9733,15,2022,11500,24,2026,9,23
은평구,불광동,연신내역루체스테이션,17.051,12,2024,7000,33,2026,9,23
은평구,진관동,구파발9단지래미안(901~915동)임대BL3-3,84.91,5,2010,21748,0,2026,9,23
은평구,응암동,백련산힐스테이트3차,114.9,1,2011,40000,120,2026,9,17
은평구,수색동,DMCSK뷰아이파크포레,59.96,11,2025,65000,0,2026,9,19
은평구,진관동,은평뉴타운 제각말 푸르지오(5-3단지),101.97,11,2010,70000,118,2026,9,17
은평구,진관동,구파발9단지래미안(901~915동)임대BL3-3,84.93,9,2010,21748,0,2026,9,23
은평구,녹번동,녹번JR아파트,59.866,5,2002,42000,0,2026,9,21
은평구,응암동,백련산힐스테이트4차,84.98,4,2018,5250,231,2026,9,23
은평구,구산동,동익파크2동(355-98),162.26,9,1991,45000,0,2026,9,22
은평구,수색동,DMCSK뷰아이파크포레,59.97,3,2025,22000,165,2026,9,19
은평구,응암동,예청B,82.81,6,2003,20000,80,2026,9,22
은평구,진관동,구파발9단지래미안(901~915동)임대BL3-3,84.96,6,2010,21748,0,2026,9,23
은평구,대조동,베르디움STAY1,21.9733,16,2022,8100,31,2026,9,23
은평구,진관동,우물골2단지두산위브(209~222동)BL2-8,84.51,8,2009,60000,0,2026,9,10
은평구,역촌동,예청,84.87,2,2004,27000,60,2026,9,9
은평구,진관동,상림마을7단지아이파크(709~712동)BL1-10,84.97,6,2008,35831,0,2026,9,22
은평구,진관동,구파발9단지래미안(901~915동)임대BL3-3,84.93,6,2010,21748,0,2026,9,15
은평구,수색동,DMC롯데캐슬더퍼스트,99.93,23,2021,90000,0,2026,9,22
은평구,진관동,상림마을8단지롯데캐슬(821~830동)BL1-12,39.94,5,2008,6934,2,2026,9,22
은평구,진관동,은뜨락,39.487,12,2019,11116,31,2026,9,22
은평구,불광동,불광롯데캐슬,84.98,6,2018,30000,160,2026,9,22
은평구,불광동,라이프미성,66.7,7,1988,35095,0,2026,9,14
은평구,녹번동,래미안베라힐즈,59.98,7,2019,57000,11,2026,9,21
은평구,진관동,구파발9단지래미안(901~915동)임대BL3-3,59.91,5,2010,15138,0,2026,9,22
은평구,진관동,은뜨락,39.487,8,2019,11260,31,2026,9,21
은평구,진관동,은뜨락,39.487,9,2019,11116,31,2026,9,21
은평구,진관동,우물골2단지두산위브(223~244동)BL2-7,101.53,10,2010,80000,0,2026,9,22
은평구,응암동,e편한세상백련산,84.72,2,2022,66000,0,2026,9,22
은평구,진관동,구파발9단지래미안(901~915동)임대BL3-3,84.84,9,2010,21748,0,2026,9,16
은평구,수색동,DMCSKVIEW,59.9865,7,2023,72450,0,2026,9,19
은평구,응암동,녹번역e편한세상캐슬,59.97,8,2021,58000,0,2026,9,19
은평구,불광동,북한산대창센시티,114.5,4,2004,20000,150,2026,9,19
은평구,불광동,북한산래미안아파트(1단지),59.9932,3,2010,49000,0,2026,9,12
은평구,응암동,힐스테이트녹번역,84.99,12,2022,78000,0,2026,9,19
은평구,응암동,녹번역e편한세상캐슬,59.96,10,2021,66000,0,2026,9,19
은평구,진관동,우물골2단지두산위브(223~244동)BL2-7,167.25,1,2010,40000,160,2026,9,21
은평구,진관동,은뜨락,39.487,2,2019,10260,41,2026,9,21
은평구,응암동,힐스테이트녹번역,59.99,5,2022,70000,0,2026,9,19
은평구,진관동,은뜨락,39.487,15,2019,9720,38,2026,9,21
은평구,진관동,박석고개1단지힐스테이트(101~111동)임대BL2-12,84.72,2,2009,30631,0,2026,9,21
은평구,진관동,구파발9단지래미안(901~915동)임대BL3-3,84.84,3,2010,21748,0,2026,9,21
은평구,대조동,베르디움STAY1,21.9733,21,2022,9000,35,2026,9,21
은평구,갈현동,대한웰빙홈,31.15,3,2018,24000,0,2026,9,21
은평구,구산동,구산주택,33.95,10,2022,9100,63,2026,9,22
은평구,불광동,북한산대창센시티,59.85,6,2004,45000,0,2026,9,21
은평구,진관동,구파발9단지래미안(901~915동)임대BL3-3,59.91,2,2010,15138,0,2026,9,21
은평구,진관동,은뜨락,39.487,6,2019,11260,31,2026,9,21
은평구,진관동,상림마을6단지푸르지오(606~614동)BL1-7,49.69,5,2008,7149,11,2026,9,21
은평구,진관동,박석고개1단지힐스테이트(101~111동)임대BL2-12,84.49,12,2009,36898,0,2026,9,21
은평구,수색동,DMCSK뷰아이파크포레,59.97,3,2025,22000,0,2026,9,19
은평구,진관동,은뜨락,39.487,9,2019,11186,31,2026,9,21
은평구,대조동,베르디움STAY1,17.7316,13,2022,9700,20,2026,9,21
은평구,진관동,은평뉴타운기자촌11단지,59.88,10,2015,46200,0,2026,9,19
은평구,진관동,상림마을6단지푸르지오(622~629동)BL1-5,59.8,6,2008,48500,10,2026,9,18
은평구,진관동,은평뉴타운솔하임,45.044,12,2017,20000,120,2026,9,19
은평구,신사동,현대1,84.17,9,1997,25000,55,2026,9,12
은평구,녹번동,래미안베라힐즈,59.99,15,2019,48615,0,2026,9,19
은평구,응암동,e편한세상백련산,84.31,8,2022,40000,100,2026,9,19
은평구,응암동,백련산에스케이뷰아이파크,59.8545,20,2020,30000,63,2026,9,19
은평구,신사동,은평신사두산위브,84.997,3,2006,54300,0,2026,9,19
은평구,갈현동,유호루하스,17.098,6,2018,8000,20,2026,9,18
은평구,진관동,우물골2단지두산위브(204~208동)BL2-5,59.89,5,2009,16993,0,2026,9,21
은평구,응암동,녹번역e편한세상캐슬,59.96,5,2021,59850,0,2026,9,19
은평구,진관동,구파발9단지래미안(901~915동)임대BL3-3,59.86,5,2010,15138,0,2026,9,21
은평구,수색동,DMCSK뷰아이파크포레,39.97,6,2025,44500,0,2026,9,19
은평구,신사동,신사동한신휴플러스,84.65,5,2003,55000,0,2026,9,19
은평구,응암동,녹번역e편한세상캐슬,39.95,15,2021,1272,21,2026,9,20
은평구,진관동,구파발9단지래미안(901~915동)임대BL3-3,84.93,3,2010,21748,0,2026,9,18
은평구,진관동,구파발9단지래미안(901~915동)임대BL3-3,84.84,11,2010,21748,0,2026,9,18
은평구,녹번동,거장카운티,44.5482,4,2020,26000,70,2026,9,15
은평구,갈현동,대한웰빙홈,15.54,9,2018,13000,18,2026,9,12
은평구,대조동,베르디움STAY1,17.7316,22,2022,6200,43,2026,9,18
은평구,응암동,백련산힐스테이트4차,59.98,5,2018,53550,0,2026,9,18
은평구,대조동,베르디움STAY1,21.9733,24,2022,10300,21,2026,9,18
은평구,응암동,녹번역e편한세상캐슬,59.97,16,2021,7200,166,2026,9,18
은평구,응암동,백련산에스케이뷰아이파크,59.8545,3,2020,49000,0,2026,9,11
은평구,대조동,베르디움STAY1,36.2275,7,2022,21200,12,2026,9,18
은평구,응암동,녹번역e편한세상캐슬,39.95,5,2021,11040,38,2026,9,18
은평구,수색동,DMC롯데캐슬더퍼스트,84.93,10,2021,78000,0,2026,9,18
은평구,진관동,은평뉴타운 제각말 푸르지오(5-4단지),84.89,1,2010,20000,150,2026,9,18
은평구,진관동,구파발9단지래미안(901~915동)임대BL3-3,84.84,5,2010,21748,0,2026,9,18
은평구,진관동,구파발9단지래미안(901~915동)임대BL3-3,84.84,8,2010,21748,0,2026,9,17
은평구,진관동,구파발9단지래미안(901~915동)임대BL3-3,84.84,5,2010,21748,0,2026,9,17
은평구,대조동,베르디움STAY1,48.9148,8,2022,26100,18,2026,9,18
은평구,수색동,DMCSKVIEW,38.7353,10,2023,9442,25,2026,9,15
은평구,대조동,베르디움STAY1,48.9148,7,2022,20300,42,2026,9,18
은평구,수색동,DMC롯데캐슬더퍼스트,59.96,17,2021,15000,225,2026,9,18
은평구,대조동,베르디움STAY1,20.2367,20,2022,8800,34,2026,9,18
은평구,진관동,우물골2단지두산위브(204~208동)BL2-5,59.14,5,2009,19626,0,2026,9,18
은평구,진관동,구파발9단지래미안(901~915동)임대BL3-3,84.96,3,2010,21748,0,2026,9,11
은평구,대조동,베르디움STAY1,21.9733,8,2022,9000,35,2026,9,18
은평구,응암동,백련산에스케이뷰아이파크,59.9335,1,2020,51500,0,2026,9,18
은평구,응암동,백련산에스케이뷰아이파크,59.8545,3,2020,49000,0,2026,9,11
은평구,진관동,구파발9단지래미안(901~915동)임대BL3-3,84.84,13,2010,21748,0,2026,9,17
은평구,대조동,베르디움STAY1,17.7316,11,2022,9700,20,2026,9,18
은평구,진관동,구파발9단지래미안(901~915동)임대BL3-3,84.91,3,2010,21748,0,2026,9,18
은평구,대조동,베르디움STAY1,21.9733,9,2022,11500,24,2026,9,16
은평구,대조동,베르디움STAY1,36.4302,20,2022,21300,14,2026,9,18
은평구,진관동,구파발9단지래미안(901~915동)임대BL3-3,84.84,2,2010,21748,0,2026,9,18
은평구,대조동,베르디움STAY1,21.9733,4,2022,11500,24,2026,9,18
은평구,진관동,구파발9단지래미안(901~915동)임대BL3-3,84.93,7,2010,21748,0,2026,9,18
은평구,응암동,녹번역e편한세상캐슬,39.95,8,2021,9037,42,2026,9,17
은평구,대조동,베르디움STAY1,21.9733,27,2022,11500,24,2026,9,17
은평구,대조동,베르디움STAY1,36.2275,6,2022,21200,14,2026,9,17
은평구,대조동,베르디움STAY1,48.9148,20,2022,20300,42,2026,9,17
은평구,대조동,베르디움STAY1,21.9733,19,2022,11500,25,2026,9,17
은평구,대조동,베르디움STAY1,21.9733,10,2022,11500,24,2026,9,17
은평구,대조동,베르디움STAY1,21.9733,4,2022,8100,31,2026,9,17
은평구,진관동,폭포동4단지힐스테이트(401~407동)임대BL2-10,84.98,4,2010,21748,0,2026,9,17
은평구,대조동,베르디움STAY1,48.9148,15,2022,26100,18,2026,9,17
은평구,진관동,구파발9단지래미안(901~915동)임대BL3-3,84.93,2,2010,21748,0,2026,9,17
은평구,진관동,구파발9단지래미안(901~915동)임대BL3-3,84.96,12,2010,21748,0,2026,9,17
은평구,대조동,베르디움STAY1,24.2466,9,2022,12100,26,2026,9,17
은평구,대조동,베르디움STAY1,48.9148,13,2022,26100,18,2026,9,17
은평구,불광동,북한산현대홈타운,84.9956,1,2004,55000,0,2026,9,17
은평구,응암동,백련산힐스테이트2차,84.49,11,2011,25000,150,2026,9,5
은평구,응암동,우성,115.67,15,1988,45000,0,2026,9,16
은평구,대조동,베르디움STAY1,21.9733,5,2022,9000,35,2026,9,17
은평구,진관동,구파발9단지래미안(901~915동)임대BL3-3,84.84,11,2010,21748,0,2026,9,17
은평구,진관동,폭포동4단지힐스테이트(401~407동)임대BL2-10,84.96,14,2010,21748,0,2026,9,17
은평구,진관동,구파발9단지래미안(901~915동)임대BL3-3,84.84,9,2010,21748,0,2026,9,17
은평구,대조동,베르디움STAY1,36.2275,10,2022,21200,14,2026,9,17
은평구,증산동,DMC센트럴자이(2단지),59.97,12,2023,15000,260,2026,9,17
은평구,진관동,구파발9단지래미안(901~915동)임대BL3-3,84.96,15,2010,21748,0,2026,9,17
은평구,수색동,DMC롯데캐슬더퍼스트,84.87,4,2021,80000,0,2026,9,17
은평구,진관동,폭포동4단지힐스테이트(401~407동)임대BL2-10,84.96,6,2010,21748,0,2026,9,17
은평구,대조동,삼성타운,84.82,21,1997,55000,0,2026,9,16
은평구,대조동,베르디움STAY1,21.9733,27,2022,9000,35,2026,9,17
은평구,갈현동,유호루하스,21.27,8,2018,11500,0,2026,9,8
은평구,대조동,베르디움STAY1,21.9733,22,2022,11500,24,2026,9,17
은평구,불광동,라이프미성,84.65,8,1988,10000,130,2026,9,17
은평구,진관동,구파발9단지래미안(901~915동)임대BL3-3,49.89,11,2010,10067,0,2026,9,17
은평구,증산동,DMC월드,80.931,7,2002,58000,0,2026,9,17
은평구,진관동,구파발9단지래미안(901~915동)임대BL3-3,84.84,1,2010,21748,0,2026,9,17
은평구,신사동,은평자이더스타,49.9714,6,2026,54000,0,2026,9,9
은평구,신사동,미성,63.53,12,1987,28000,30,2026,9,16
은평구,진관동,구파발9단지래미안(901~915동)임대BL3-3,84.84,7,2010,21748,0,2026,9,16
은평구,대조동,베르디움STAY1,21.9733,16,2022,10300,21,2026,9,16
은평구,대조동,베르디움STAY1,36.4302,16,2022,21300,14,2026,9,16
은평구,대조동,영화타워,12,8,2013,1000,50,2026,9,16
은평구,대조동,베르디움STAY1,21.9733,5,2022,8100,31,2026,9,16
은평구,증산동,DMC센트럴자이(3단지),84.97,21,2023,85000,40,2026,9,9
은평구,대조동,베르디움STAY1,36.4302,26,2022,21300,14,2026,9,16
은평구,진관동,구파발9단지래미안(901~915동)임대BL3-3,84.91,12,2010,21748,0,2026,9,16
은평구,대조동,베르디움STAY1,21.9733,13,2022,11500,24,2026,9,16
은평구,대조동,베르디움STAY1,36.4302,28,2022,11900,53,2026,9,16
은평구,대조동,베르디움STAY1,20.2367,13,2022,8800,34,2026,9,16
은평구,대조동,베르디움STAY1,48.9148,4,2022,26100,18,2026,9,16
은평구,진관동,구파발9단지래미안(901~915동)임대BL3-3,84.84,4,2010,21748,0,2026,9,16
은평구,불광동,디앤제이하우징(281-89),25.44,7,2022,18000,40,2026,9,8
은평구,대조동,베르디움STAY1,21.9733,13,2022,11500,24,2026,9,16
은평구,진관동,마고정3단지센트레빌(323~335동)BL2-2,167.14,9,2009,43000,80,2026,9,8
은평구,신사동,은평자이더스타,49.8193,8,2026,30342,0,2026,9,16
은평구,진관동,상림마을7단지아이파크(706~708동)BL1-3,59.8,7,2008,15419,0,2026,9,16
은평구,응암동,녹번역e편한세상캐슬,39.95,1,2021,11109,28,2026,9,15
은평구,대조동,베르디움STAY1,21.9733,23,2022,8100,31,2026,9,16
은평구,응암동,힐스테이트녹번역,59.99,11,2022,10000,240,2026,9,16
은평구,불광동,선우아파트,70.82,1,2002,27000,30,2026,9,8
은평구,대조동,베르디움STAY1,21.9733,9,2022,11500,22,2026,9,16
은평구,수색동,e편한세상 수색 에코포레,59.895,4,2003,39900,0,2026,9,12
은평구,불광동,연신내역루체스테이션,17.051,11,2024,7000,33,2026,9,15
은평구,진관동,구파발9단지래미안(901~915동)임대BL3-3,84.84,4,2010,21748,0,2026,9,16
은평구,증산동,DMC센트럴자이(2단지),39.48,9,2023,9742,25,2026,9,16
은평구,응암동,백련산힐스테이트4차,84.98,8,2018,65000,0,2026,9,15
은평구,진관동,구파발9단지래미안(901~915동)임대BL3-3,84.84,1,2010,21748,0,2026,9,15
은평구,증산동,DMC센트럴자이(1단지),84.96,2,2023,40000,250,2026,9,15
은평구,대조동,베르디움STAY1,48.9148,8,2022,26100,18,2026,9,16
은평구,신사동,신성,61.32,1,1988,15000,0,2026,9,15
은평구,대조동,베르디움STAY1,21.9733,12,2022,9000,35,2026,9,16
은평구,수색동,DMC롯데캐슬더퍼스트,84.87,3,2021,10000,290,2026,9,4
은평구,응암동,백련산힐스테이트4차,84.98,8,2018,10000,207,2026,9,16
은평구,대조동,베르디움STAY1,36.2275,7,2022,21200,14,2026,9,16
은평구,응암동,힐스테이트녹번역,39.12,11,2022,3945,18,2026,9,16
은평구,진관동,은평뉴타운기자촌11단지,84.78,4,2015,64000,0,2026,9,15
은평구,신사동,응암역효성해링턴플레이스,59.94,12,2019,46000,0,2026,9,16
은평구,불광동,라이프미성,66.7,12,1988,40000,0,2026,9,12
은평구,대조동,베르디움STAY1,21.9733,13,2022,10300,21,2026,9,15
은평구,응암동,힐스테이트녹번역,39.12,2,2022,5739,8,2026,9,15
은평구,응암동,녹번역e편한세상캐슬,44.85,2,2021,4655,11,2026,9,15
은평구,응암동,힐스테이트녹번역,41.5,14,2022,12465,44,2026,9,15
은평구,수색동,e편한세상 수색 에코포레,114.69,15,2003,52000,0,2026,9,5
은평구,녹번동,북한산푸르지오,59.99,4,2015,10000,107,2026,9,5
은평구,응암동,미소세상,29.99,2,2017,19000,40,2026,9,15
은평구,진관동,구파발9단지래미안(901~915동)임대BL3-3,84.84,6,2010,21748,0,2026,9,15
은평구,수색동,DMC자이1단지,184.02,19,2009,110000,0,2026,9,15
은평구,응암동,백련산해모로,43.13,6,2020,5051,7,2026,9,15
은평구,응암동,녹번역e편한세상캐슬,44.85,10,2021,3273,19,2026,9,15
은평구,대조동,베르디움STAY1,38.9758,8,2022,22200,15,2026,9,15
은평구,신사동,은평신사두산위브,84.997,11,2006,25200,63,2026,9,11
은평구,녹번동,녹번JR아파트,59.866,16,2002,39900,0,2026,9,5
은평구,진관동,구파발9단지래미안(901~915동)임대BL3-3,84.84,7,2010,21748,0,2026,9,15
은평구,불광동,LUMINO816,35.14,17,2024,6900,68,2026,9,15
은평구,진관동,박석고개1단지힐스테이트(116~131동)BL2-1,59.85,6,2009,5000,170,2026,9,15
은평구,진관동,박석고개1단지힐스테이트(112~115동)BL2-13,101.76,2,2008,64000,0,2026,9,15
은평구,진관동,구파발9단지래미안(901~915동)임대BL3-3,49.89,6,2010,7867,12,2026,9,15
은평구,진관동,구파발9단지래미안(901~915동)임대BL3-3,84.96,4,2010,21748,0,2026,9,15
은평구,응암동,녹번역e편한세상캐슬,44.85,10,2021,5203,8,2026,9,15
은평구,역촌동,역촌센트레빌,84.89,13,2011,3000,200,2026,9,15
은평구,진관동,구파발9단지래미안(901~915동)임대BL3-3,84.96,9,2010,21748,0,2026,9,15
은평구,진관동,구파발9단지래미안(901~915동)임대BL3-3,84.84,1,2010,21748,0,2026,9,15
은평구,응암동,녹번역e편한세상캐슬,39.95,2,2021,11109,28,2026,9,15
은평구,진관동,구파발9단지래미안(901~915동)임대BL3-3,59.97,9,2010,15138,0,2026,9,15
은평구,진관동,구파발9단지래미안(901~915동)임대BL3-3,84.84,7,2010,21748,0,2026,9,15
은평구,진관동,구파발9단지래미안(901~915동)임대BL3-3,84.91,6,2010,21748,0,2026,9,15
은평구,진관동,구파발9단지래미안(901~915동)임대BL3-3,84.84,10,2010,29593,0,2026,9,15
은평구,진관동,구파발10단지어울림(1020~1028동)임대BL3-5,59.99,9,2012,9631,16,2026,9,15
은평구,진관동,구파발9단지래미안(901~915동)임대BL3-3,84.84,6,2010,21748,0,2026,9,15
은평구,구산동,동익파크1동(355-95),84.98,7,1991,33000,0,2026,9,15
은평구,진관동,구파발9단지래미안(901~915동)임대BL3-3,84.84,10,2010,21748,0,2026,9,15
은평구,진관동,구파발9단지래미안(901~915동)임대BL3-3,84.93,11,2010,21748,0,2026,9,15
은평구,불광동,라이프미성,84.65,10,1988,43000,0,2026,9,14
은평구,진관동,구파발9단지래미안(901~915동)임대BL3-3,59.97,8,2010,15138,0,2026,9,15
은평구,대조동,베르디움STAY1,24.2466,20,2022,12100,26,2026,9,15
은평구,불광동,라이프미성,84.65,12,1988,45000,0,2026,9,12
은평구,응암동,백련산힐스테이트2차,59.63,5,2011,50400,0,2026,9,12
은평구,대조동,베르디움STAY1,36.4302,17,2022,21300,14,2026,9,15
은평구,진관동,구파발9단지래미안(901~915동)임대BL3-3,84.84,12,2010,21748,0,2026,9,15
은평구,진관동,구파발9단지래미안(901~915동)임대BL3-3,84.91,2,2010,21748,0,2026,9,15
은평구,대조동,베르디움STAY1,36.4302,18,2022,21300,14,2026,9,15
은평구,진관동,구파발9단지래미안(901~915동)임대BL3-3,84.84,9,2010,21748,0,2026,9,15
은평구,대조동,대경홈타운,13.79,8,2014,9400,15,2026,9,5
은평구,대조동,베르디움STAY1,36.4302,6,2022,21300,14,2026,9,15
은평구,진관동,구파발9단지래미안(901~915동)임대BL3-3,84.93,12,2010,21748,0,2026,9,15
은평구,응암동,녹번역e편한세상캐슬,59.97,22,2021,63000,0,2026,9,12
은평구,진관동,구파발9단지래미안(901~915동)임대BL3-3,84.98,7,2010,21748,0,2026,9,15
은평구,진관동,구파발9단지래미안(901~915동)임대BL3-3,84.84,5,2010,21748,0,2026,9,15
은평구,진관동,마고정3단지센트레빌(310~322동)BL2-3,84.04,6,2009,29593,0,2026,9,15
은평구,진관동,구파발9단지래미안(901~915동)임대BL3-3,84.84,7,2010,21748,0,2026,9,15
은평구,진관동,구파발9단지래미안(901~915동)임대BL3-3,59.96,8,2010,15138,0,2026,9,14
은평구,녹번동,힐스테이트녹번,59.938,6,2019,63000,0,2026,9,12
은평구,대조동,베르디움STAY1,48.9148,14,2022,20300,42,2026,9,14
은평구,대조동,베르디움STAY1,21.9733,28,2022,9000,35,2026,9,14
은평구,대조동,베르디움STAY1,38.9758,13,2022,17200,35,2026,9,14
은평구,대조동,베르디움STAY1,38.9758,14,2022,22200,15,2026,9,14
은평구,대조동,베르디움STAY1,21.9733,5,2022,9000,35,2026,9,14
은평구,응암동,미소세상,29.99,6,2017,3000,100,2026,9,12
은평구,대조동,베르디움STAY1,21.9733,21,2022,10300,21,2026,9,14
은평구,대조동,베르디움STAY1,21.9733,25,2022,9000,35,2026,9,14
은평구,대조동,베르디움STAY1,21.9733,27,2022,9000,35,2026,9,14
은평구,녹번동,힐스테이트녹번,59.938,6,2019,63000,0,2026,9,12
은평구,증산동,DMC센트럴자이(4단지),40.21,6,2023,9666,35,2026,9,14
은평구,응암동,백련산파크자이,59.905,1,2021,60000,0,2026,9,12
은평구,대조동,베르디움STAY1,38.9758,23,2022,22200,15,2026,9,14
은평구,진관동,은평스카이뷰자이,84.3363,22,2019,10000,300,2026,9,12
은평구,녹번동,북한산푸르지오,84.99,16,2015,70000,0,2026,9,3
은평구,진관동,마고정3단지센트레빌(310~322동)BL2-3,84.04,2,2009,30000,140,2026,9,12
은평구,수색동,DMCSKVIEW,84.9926,14,2023,73000,13,2026,9,7
은평구,대조동,DasHaus,16.35,5,2013,1000,57,2026,9,5
은평구,수색동,DMC롯데캐슬더퍼스트,84.87,7,2021,69300,0,2026,9,14
은평구,녹번동,래미안베라힐즈,84.93,17,2019,85000,0,2026,9,13
은평구,불광동,연신내역루체스테이션,35.606,6,2024,9000,43,2026,9,14
은평구,녹번동,녹번JR아파트,59.866,4,2002,20000,70,2026,9,12
은평구,수색동,e편한세상 수색 에코포레,114.18,9,2003,10000,220,2026,9,14
은평구,불광동,북한산현대힐스테이트3차아파트,84.96,13,2010,65000,0,2026,9,12
은평구,응암동,백련산힐스테이트3차,59.63,3,2011,53000,0,2026,9,12
은평구,수색동,DMC롯데캐슬더퍼스트,59.96,19,2021,60900,0,2026,9,12
은평구,불광동,북한산현대홈타운,59.9765,3,2004,51000,0,2026,9,12
은평구,녹번동,힐스테이트녹번,59.9,15,2019,15000,170,2026,9,12
은평구,불광동,북한산래미안아파트(2단지),59.9932,6,2010,50000,0,2026,9,12
은평구,응암동,백련산힐스테이트3차,59.63,3,2011,53000,0,2026,9,12
은평구,역촌동,역촌센트레빌,84.89,7,2011,10000,133,2026,9,12
은평구,응암동,백련산힐스테이트3차,59.63,3,2011,53000,0,2026,9,12
은평구,응암동,백련산해모로,43.13,5,2020,1307,22,2026,9,13
은평구,증산동,DMC센트럴자이(2단지),39.48,10,2023,7386,36,2026,9,10
은평구,수색동,DMCSK뷰아이파크포레,84.95,1,2025,79000,0,2026,9,3
은평구,대조동,베르디움STAY1,24.2466,24,2022,8500,33,2026,9,11
은평구,신사동,은평자이더스타,49.9714,6,2026,54000,0,2026,9,9
은평구,불광동,LUMINO816,35.84,4,2024,9300,60,2026,9,11
은평구,대조동,베르디움STAY1,38.9758,19,2022,22200,15,2026,9,11
은평구,대조동,베르디움STAY1,21.9733,9,2022,11500,24,2026,9,11
은평구,대조동,베르디움STAY1,21.9733,8,2022,11500,24,2026,9,11
은평구,대조동,베르디움STAY1,20.2367,23,2022,8800,34,2026,9,11
은평구,대조동,베르디움STAY1,36.2275,20,2022,21200,13,2026,9,11
은평구,진관동,구파발9단지래미안(901~915동)임대BL3-3,84.98,10,2010,21748,0,2026,9,11
은평구,진관동,박석고개1단지힐스테이트(116~131동)임대BL2-1,84.49,8,2009,30631,0,2026,9,10
은평구,진관동,구파발9단지래미안(901~915동)임대BL3-3,84.98,7,2010,21748,0,2026,9,11
은평구,대조동,베르디움STAY1,21.9733,22,2022,9000,35,2026,9,11
은평구,대조동,아이안,78.3,4,2008,39200,0,2026,9,11
은평구,신사동,신사씨티,58.09,14,1993,35000,0,2026,9,7
은평구,대조동,베르디움STAY1,38.9758,15,2022,22200,15,2026,9,11
은평구,녹번동,동호스카이,58.22,9,2009,30000,80,2026,9,11
은평구,구산동,구산주택,17.6,15,2022,5300,39,2026,9,3
은평구,불광동,북한산현대홈타운,59.9765,9,2004,50000,0,2026,9,11
은평구,진관동,상림마을6단지푸르지오(606~614동)BL1-7,39.83,5,2008,2872,21,2026,9,11
은평구,불광동,북한산래미안아파트(2단지),84.9929,13,2010,61000,0,2026,9,11
은평구,응암동,백련산힐스테이트3차,114.65,3,2011,67000,0,2026,9,11
은평구,대조동,베르디움STAY1,24.2466,24,2022,12100,26,2026,9,11
은평구,응암동,백련산힐스테이트2차,84.59,4,2011,46500,0,2026,9,10
은평구,진관동,폭포동4단지힐스테이트(401~407동)임대BL2-10,84.95,1,2010,37878,0,2026,9,10
은평구,진관동,구파발9단지래미안(901~915동)임대BL3-3,84.93,11,2010,21748,0,2026,9,11
은평구,대조동,베르디움STAY1,38.9758,24,2022,22200,15,2026,9,11
은평구,대조동,베르디움STAY1,21.9733,8,2022,8100,31,2026,9,11
은평구,대조동,베르디움STAY1,21.9733,17,2022,11500,24,2026,9,11
은평구,대조동,베르디움STAY1,21.9733,8,2022,10300,21,2026,9,11
은평구,응암동,힐스테이트녹번역,84.99,13,2022,80000,0,2026,9,10
은평구,대조동,베르디움STAY1,21.9733,10,2022,11500,24,2026,9,11
은평구,대조동,베르디움STAY1,48.9148,21,2022,26100,18,2026,9,11
은평구,응암동,녹번역e편한세상캐슬,84.94,8,2021,5000,300,2026,9,11
은평구,대조동,베르디움STAY1,24.2466,8,2022,10800,23,2026,9,11
은평구,대조동,베르디움STAY1,20.2367,24,2022,8800,34,2026,9,11
은평구,불광동,대호프라자아파트,41.22,7,2000,10000,55,2026,9,10
은평구,대조동,베르디움STAY1,21.9733,7,2022,11500,24,2026,9,11
은평구,대조동,베르디움STAY1,48.9148,23,2022,26100,18,2026,9,11
은평구,대조동,베르디움STAY1,38.9758,14,2022,22200,15,2026,9,11
은평구,대조동,베르디움STAY1,24.2466,5,2022,9500,37,2026,9,11
은평구,신사동,라이프씨티,83.04,7,1992,38000,0,2026,9,9
은평구,대조동,베르디움STAY1,36.4302,12,2022,11900,53,2026,9,10
은평구,대조동,베르디움STAY1,21.9733,10,2022,8100,31,2026,9,10
은평구,응암동,녹번역e편한세상캐슬,59.96,2,2021,65000,0,2026,9,1
은평구,진관동,우물골2단지두산위브(204~208동)BL2-5,59.36,2,2009,18692,0,2026,9,10
은평구,응암동,녹번역e편한세상캐슬,84.98,7,2021,74900,0,2026,9,10
은평구,진관동,구파발9단지래미안(901~915동)임대BL3-3,84.84,2,2010,21748,0,2026,9,10
은평구,대조동,베르디움STAY1,21.9733,12,2022,10300,21,2026,9,10
은평구,대조동,베르디움STAY1,36.4302,18,2022,21300,14,2026,9,10
은평구,대조동,베르디움STAY1,36.4302,18,2022,21300,14,2026,9,10
은평구,대조동,베르디움STAY1,21.9733,4,2022,9000,35,2026,9,10
은평구,녹번동,북한산푸르지오,59.99,14,2015,63000,0,2026,9,9
은평구,불광동,연신내역루체스테이션,17.051,14,2024,6000,37,2026,9,10
은평구,응암동,백련산힐스테이트4차,59.98,3,2018,30180,0,2026,9,10
은평구,진관동,은뜨락,39.487,14,2019,9720,38,2026,9,10
은평구,진관동,폭포동4단지힐스테이트(401~407동)임대BL2-10,84.98,13,2010,21748,0,2026,9,10
은평구,불광동,연신내역루체스테이션,17.051,15,2024,4000,47,2026,9,10
은평구,대조동,베르디움STAY1,21.9733,11,2022,11500,24,2026,9,10
은평구,진관동,은뜨락,39.487,6,2019,12636,50,2026,9,10
은평구,진관동,구파발9단지래미안(901~915동)임대BL3-3,84.84,8,2010,21748,0,2026,9,10
은평구,갈현동,THESTUDIO163,19.17,16,2024,8300,38,2026,9,10
은평구,녹번동,힐스테이트녹번,59.938,4,2019,64000,0,2026,9,9
은평구,대조동,삼성타운,59.4,20,1997,10000,80,2026,9,4
은평구,신사동,신사동한신휴플러스,59.76,3,2003,38000,0,2026,9,9
은평구,진관동,우물골2단지두산위브(201~203동)BL2-4,84.85,6,2009,29593,0,2026,9,10
은평구,불광동,대호프라자아파트,59.97,5,2000,35000,0,2026,9,7
은평구,응암동,백련산힐스테이트4차,59.98,2,2018,28665,0,2026,9,10
은평구,대조동,삼성타운,59.4,20,1997,45000,0,2026,9,10
은평구,증산동,DMC센트럴자이(2단지),39.48,4,2023,6997,35,2026,9,9
은평구,증산동,DMC센트럴자이(4단지),40.21,5,2023,10898,29,2026,9,9
은평구,증산동,DMC센트럴자이(2단지),39.48,7,2023,9684,26,2026,9,9
은평구,증산동,DMC센트럴자이(2단지),39.48,6,2023,9684,26,2026,9,9
은평구,증산동,DMC센트럴자이(2단지),39.48,2,2023,10762,29,2026,9,9
은평구,증산동,DMC센트럴자이(2단지),39.48,7,2023,10762,29,2026,9,9
은평구,수색동,DMCSKVIEW,38.7353,9,2023,9556,24,2026,9,9
은평구,증산동,DMC센트럴자이(2단지),39.66,4,2023,7386,36,2026,9,9
은평구,증산동,DMC센트럴자이(2단지),39.48,7,2023,6957,35,2026,9,9
은평구,진관동,구파발9단지래미안(901~915동)임대BL3-3,59.91,6,2010,18165,0,2026,9,9
은평구,진관동,은평뉴타운기자촌11단지,84.82,10,2015,58000,0,2026,9,10
은평구,갈현동,유호루하스,16.768,7,2018,1000,55,2026,9,5
은평구,진관동,구파발9단지래미안(901~915동)임대BL3-3,84.93,4,2010,21748,0,2026,9,10
은평구,진관동,구파발9단지래미안(901~915동)임대BL3-3,84.84,10,2010,21748,0,2026,9,9
은평구,대조동,베르디움STAY1,21.9733,19,2022,10300,21,2026,9,10
은평구,불광동,북한산힐스테이트1차아파트,114.942,7,2009,68250,0,2026,9,10
은평구,녹번동,북한산푸르지오,84.99,19,2015,52000,50,2026,9,9
은평구,진관동,구파발9단지래미안(901~915동)임대BL3-3,59.97,3,2010,15894,0,2026,9,10
은평구,진관동,구파발9단지래미안(901~915동)임대BL3-3,59.97,7,2010,15138,0,2026,9,9
은평구,진관동,구파발9단지래미안(901~915동)임대BL3-3,84.93,14,2010,21748,0,2026,9,9
은평구,수색동,DMCSK뷰아이파크포레,84.95,14,2025,68200,0,2026,9,10
은평구,진관동,구파발9단지래미안(901~915동)임대BL3-3,49.89,11,2010,4565,31,2026,9,10
은평구,진관동,구파발9단지래미안(901~915동)임대BL3-3,84.84,5,2010,21748,0,2026,9,9
은평구,대조동,베르디움STAY1,21.9733,16,2022,9000,35,2026,9,9
은평구,진관동,구파발9단지래미안(901~915동)임대BL3-3,84.84,10,2010,21748,0,2026,9,9
은평구,진관동,구파발9단지래미안(901~915동)임대BL3-3,84.84,11,2010,21748,0,2026,9,9
은평구,진관동,구파발9단지래미안(901~915동)임대BL3-3,39.96,5,2010,5669,10,2026,9,9
은평구,진관동,구파발9단지래미안(901~915동)임대BL3-3,84.84,5,2010,21748,0,2026,9,9
은평구,대조동,베르디움STAY1,36.4302,9,2022,21300,14,2026,9,9
은평구,불광동,북한산현대힐스테이트3차아파트,84.96,9,2010,63000,0,2026,9,9
은평구,진관동,구파발9단지래미안(901~915동)임대BL3-3,84.84,13,2010,21748,0,2026,9,9
은평구,진관동,구파발9단지래미안(901~915동)임대BL3-3,59.96,3,2010,15138,0,2026,9,9
은평구,진관동,마고정3단지센트레빌(301~309동)BL2-11,84.53,10,2009,37831,0,2026,9,9
은평구,진관동,구파발9단지래미안(901~915동)임대BL3-3,84.84,6,2010,21748,0,2026,9,9
은평구,갈현동,대한웰빙홈,31.15,4,2018,24100,0,2026,9,8
은평구,수색동,DMC롯데캐슬더퍼스트,39.83,10,2021,10525,26,2026,9,9
은평구,응암동,백련산에스케이뷰아이파크,40.6525,14,2020,13768,36,2026,9,9
은평구,진관동,마고정3단지센트레빌(301~309동)BL2-11,84.53,17,2009,37831,0,2026,9,9
은평구,대조동,베르디움STAY1,36.2275,11,2022,21200,13,2026,9,9
은평구,대조동,베르디움STAY1,38.9758,13,2022,22200,15,2026,9,9
은평구,대조동,베르디움STAY1,38.9758,16,2022,22200,15,2026,9,9
은평구,녹번동,북한산푸르지오,84.99,7,2015,30000,160,2026,9,8
은평구,신사동,미성,83.27,2,1987,33500,0,2026,9,5
은평구,진관동,구파발9단지래미안(901~915동)임대BL3-3,84.91,4,2010,21748,0,2026,9,8
은평구,진관동,구파발9단지래미안(901~915동)임대BL3-3,84.84,4,2010,21748,0,2026,9,8
은평구,진관동,구파발9단지래미안(901~915동)임대BL3-3,84.91,11,2010,21748,0,2026,9,9
은평구,진관동,구파발9단지래미안(901~915동)임대BL3-3,59.97,4,2010,5429,35,2026,9,9
은평구,진관동,구파발9단지래미안(901~915동)임대BL3-3,84.93,13,2010,21748,0,2026,9,9
은평구,진관동,구파발9단지래미안(901~915동)임대BL3-3,84.84,8,2010,21748,0,2026,9,9
은평구,진관동,구파발9단지래미안(901~915동)임대BL3-3,59.86,12,2010,15138,0,2026,9,9
은평구,진관동,구파발9단지래미안(901~915동)임대BL3-3,84.93,7,2010,21748,0,2026,9,8
은평구,진관동,구파발9단지래미안(901~915동)임대BL3-3,84.84,14,2010,21748,0,2026,9,8
은평구,대조동,베르디움STAY1,21.9733,17,2022,5900,41,2026,9,9
은평구,진관동,구파발9단지래미안(901~915동)임대BL3-3,84.84,11,2010,21748,0,2026,9,9
은평구,대조동,베르디움STAY1,21.9733,21,2022,9000,35,2026,9,9
은평구,대조동,베르디움STAY1,21.9733,10,2022,9000,35,2026,9,9
은평구,진관동,구파발9단지래미안(901~915동)임대BL3-3,84.84,12,2010,21748,0,2026,9,8
은평구,진관동,구파발9단지래미안(901~915동)임대BL3-3,84.93,1,2010,21748,0,2026,9,8
은평구,진관동,폭포동4단지힐스테이트(401~407동)임대BL2-10,84.98,4,2010,37878,0,2026,9,8
은평구,진관동,구파발9단지래미안(901~915동)임대BL3-3,84.93,6,2010,21748,0,2026,9,8
은평구,불광동,한화생명불광동사옥,17.12,6,2021,1000,65,2026,9,8
은평구,응암동,위산일리온시티,26.9,10,2020,29000,0,2026,9,4
은평구,불광동,북한산대창센시티,84.72,1,2004,40000,0,2026,9,9
은평구,진관동,구파발9단지래미안(901~915동)임대BL3-3,84.84,7,2010,21748,0,2026,9,8
은평구,진관동,구파발9단지래미안(901~915동)임대BL3-3,84.84,8,2010,21748,0,2026,9,9
은평구,수색동,DMCSKVIEW,38.7353,13,2023,9498,25,2026,9,8
은평구,신사동,은평자이더스타,49.9714,6,2026,54000,0,2026,9,9
은평구,진관동,구파발9단지래미안(901~915동)임대BL3-3,84.91,9,2010,21748,0,2026,9,9
은평구,응암동,백련산해모로,43.13,9,2020,1307,22,2026,9,9
은평구,진관동,구파발9단지래미안(901~915동)임대BL3-3,84.84,12,2010,21748,0,2026,9,9
은평구,진관동,구파발9단지래미안(901~915동)임대BL3-3,84.93,10,2010,21748,0,2026,9,9
은평구,진관동,구파발9단지래미안(901~915동)임대BL3-3,84.93,13,2010,21748,0,2026,9,9
은평구,진관동,구파발9단지래미안(901~915동)임대BL3-3,84.91,9,2010,21748,0,2026,9,8
은평구,진관동,구파발9단지래미안(901~915동)임대BL3-3,84.93,3,2010,21748,0,2026,9,8
은평구,진관동,구파발9단지래미안(901~915동)임대BL3-3,84.91,5,2010,29593,0,2026,9,8
은평구,수색동,DMCSKVIEW,38.7353,9,2023,9442,25,2026,9,8
은평구,수색동,DMC롯데캐슬더퍼스트,59.96,4,2021,66000,0,2026,9,8
은평구,진관동,상림마을8단지롯데캐슬(810~820동)BL1-1,39.83,6,2008,1094,24,2026,9,8
은평구,진관동,구파발9단지래미안(901~915동)임대BL3-3,84.93,9,2010,21748,0,2026,9,8
은평구,진관동,구파발9단지래미안(901~915동)임대BL3-3,84.84,13,2010,21748,0,2026,9,8
은평구,대조동,베르디움STAY1,48.9148,9,2022,26100,17,2026,9,8
은평구,진관동,구파발9단지래미안(901~915동)임대BL3-3,84.93,12,2010,21748,0,2026,9,8
은평구,진관동,구파발9단지래미안(901~915동)임대BL3-3,84.84,4,2010,21748,0,2026,9,8
은평구,수색동,DMCSKVIEW,38.7353,18,2023,9498,25,2026,9,8
은평구,대조동,베르디움STAY1,21.9733,17,2022,10300,21,2026,9,8
은평구,진관동,박석고개1단지힐스테이트(116~131동)임대BL2-1,84.72,12,2009,30631,0,2026,9,8
은평구,응암동,백련산해모로,59.92,1,2020,20000,150,2026,9,8
은평구,응암동,신동아,52.71,4,1990,33000,0,2026,9,8
은평구,진관동,구파발9단지래미안(901~915동)임대BL3-3,84.84,3,2010,21748,0,2026,9,8
은평구,진관동,상림마을7단지아이파크(702~705동)BL1-4,84.97,5,2008,35831,0,2026,9,8
은평구,대조동,정익제이원아파트(15-114),26.65,6,2015,3000,85,2026,9,7
은평구,대조동,디안(89-258),82.87,1,2005,25000,25,2026,9,3
은평구,불광동,정익제이원(4차),27.92,11,2015,25000,0,2026,9,2
은평구,수색동,DMCSKVIEW,38.7353,12,2023,10114,26,2026,9,8
은평구,대조동,베르디움STAY1,24.2466,25,2022,9500,37,2026,9,8
은평구,진관동,구파발9단지래미안(901~915동)임대BL3-3,84.91,8,2010,21748,0,2026,9,8
은평구,진관동,구파발9단지래미안(901~915동)임대BL3-3,84.93,6,2010,21748,0,2026,9,8
은평구,진관동,구파발9단지래미안(901~915동)임대BL3-3,84.84,7,2010,21748,0,2026,9,8
은평구,진관동,구파발9단지래미안(901~915동)임대BL3-3,84.93,8,2010,21748,0,2026,9,8
은평구,진관동,구파발9단지래미안(901~915동)임대BL3-3,84.84,3,2010,21748,0,2026,9,8
은평구,진관동,구파발9단지래미안(901~915동)임대BL3-3,84.84,12,2010,21748,0,2026,9,8
은평구,진관동,구파발9단지래미안(901~915동)임대BL3-3,84.93,10,2010,21748,0,2026,9,8
은평구,진관동,구파발9단지래미안(901~915동)임대BL3-3,84.91,4,2010,21748,0,2026,9,8
은평구,진관동,구파발9단지래미안(901~915동)임대BL3-3,84.84,7,2010,21748,0,2026,9,8
은평구,진관동,구파발9단지래미안(901~915동)임대BL3-3,59.97,5,2010,15138,0,2026,9,8
은평구,진관동,구파발9단지래미안(901~915동)임대BL3-3,59.86,7,2010,15894,0,2026,9,8
은평구,진관동,구파발9단지래미안(901~915동)임대BL3-3,84.84,9,2010,21748,0,2026,9,8
은평구,진관동,구파발9단지래미안(901~915동)임대BL3-3,84.84,9,2010,21748,0,2026,9,8
은평구,진관동,구파발9단지래미안(901~915동)임대BL3-3,84.84,5,2010,21748,0,2026,9,8
은평구,진관동,구파발9단지래미안(901~915동)임대BL3-3,84.98,4,2010,21748,0,2026,9,8
은평구,진관동,구파발9단지래미안(901~915동)임대BL3-3,84.91,2,2010,21748,0,2026,9,8
은평구,녹번동,녹번JR아파트,59.866,18,2002,10000,140,2026,9,1
은평구,진관동,구파발9단지래미안(901~915동)임대BL3-3,84.84,7,2010,21748,0,2026,9,8
은평구,진관동,구파발9단지래미안(901~915동)임대BL3-3,84.98,4,2010,21748,0,2026,9,8
은평구,진관동,구파발9단지래미안(901~915동)임대BL3-3,84.84,15,2010,21748,0,2026,9,8
은평구,진관동,구파발9단지래미안(901~915동)임대BL3-3,84.91,15,2010,21748,0,2026,9,8
은평구,진관동,구파발9단지래미안(901~915동)임대BL3-3,59.87,2,2010,15138,0,2026,9,8
은평구,대조동,베르디움STAY1,21.9733,6,2022,10300,21,2026,9,8
은평구,녹번동,녹번JR아파트,59.866,16,2002,39900,0,2026,9,5
은평구,녹번동,힐스테이트녹번,84.9,5,2019,66800,0,2026,9,7
은평구,진관동,구파발9단지래미안(901~915동)임대BL3-3,59.86,4,2010,15138,0,2026,9,8
은평구,진관동,구파발9단지래미안(901~915동)임대BL3-3,84.93,7,2010,21748,0,2026,9,8
은평구,진관동,구파발9단지래미안(901~915동)임대BL3-3,84.91,14,2010,21748,0,2026,9,8
은평구,진관동,구파발9단지래미안(901~915동)임대BL3-3,84.96,1,2010,21748,0,2026,9,8
은평구,진관동,구파발9단지래미안(901~915동)임대BL3-3,84.93,9,2010,21748,0,2026,9,8
은평구,진관동,구파발9단지래미안(901~915동)임대BL3-3,84.84,12,2010,21748,0,2026,9,8
은평구,수색동,DMC롯데캐슬더퍼스트,49.86,12,2021,15318,39,2026,9,8
은평구,대조동,베르디움STAY1,36.2275,15,2022,21200,12,2026,9,8
은평구,대조동,베르디움STAY1,20.2367,10,2022,10100,21,2026,9,8
은평구,응암동,백련산에스케이뷰아이파크,84.9039,22,2020,68200,0,2026,9,6
은평구,진관동,구파발9단지래미안(901~915동)임대BL3-3,84.93,12,2010,21748,0,2026,9,8
은평구,진관동,구파발9단지래미안(901~915동)임대BL3-3,84.84,3,2010,21748,0,2026,9,8
은평구,진관동,구파발9단지래미안(901~915동)임대BL3-3,84.93,5,2010,21748,0,2026,9,8
은평구,진관동,구파발9단지래미안(901~915동)임대BL3-3,84.91,14,2010,21748,0,2026,9,8
은평구,불광동,라이프미성,84.65,12,1988,39900,0,2026,9,7
은평구,대조동,베르디움STAY1,21.9733,18,2022,9000,35,2026,9,8
은평구,응암동,백련산에스케이뷰아이파크,36.082,7,2020,13647,40,2026,9,8
은평구,수색동,DMCSKVIEW,84.9926,20,2023,80000,0,2026,9,5
은평구,진관동,구파발9단지래미안(901~915동)임대BL3-3,84.91,11,2010,21748,0,2026,9,8
은평구,진관동,구파발9단지래미안(901~915동)임대BL3-3,84.93,7,2010,21748,0,2026,9,8
은평구,진관동,구파발9단지래미안(901~915동)임대BL3-3,84.91,13,2010,21748,0,2026,9,8
은평구,진관동,구파발9단지래미안(901~915동)임대BL3-3,84.93,5,2010,21748,0,2026,9,8
은평구,진관동,상림마을6단지푸르지오(615~621동)BL1-6,49.32,2,2008,4420,27,2026,9,7
은평구,응암동,녹번역e편한세상캐슬,84.98,8,2021,77000,0,2026,9,7
은평구,불광동,라이프미성,66.7,1,1988,35000,0,2026,9,5
은평구,녹번동,녹번JR아파트,59.866,18,2002,32300,0,2026,9,5
은평구,응암동,백련산힐스테이트4차,84.98,10,2018,63000,0,2026,9,7
은평구,대조동,베르디움STAY1,21.9733,13,2022,10300,21,2026,9,7
은평구,대조동,베르디움STAY1,21.9733,27,2022,10300,21,2026,9,7
은평구,진관동,구파발9단지래미안(916~928동)BL3-2,101.8,5,2010,70000,0,2026,9,4
은평구,응암동,녹번역e편한세상캐슬,59.97,5,2021,10000,206,2026,9,5
은평구,응암동,미가마하나임응암I,58.67,12,2022,5000,180,2026,9,5
은평구,녹번동,힐스테이트녹번,59.938,11,2019,63000,0,2026,9,5
은평구,불광동,라이프미성,84.65,6,1988,35000,0,2026,9,7
은평구,증산동,DMC우방,59.91,2,2000,47000,0,2026,9,5
은평구,대조동,베르디움STAY1,48.9148,25,2022,26100,16,2026,9,7
은평구,응암동,백련산파크자이,84.669,2,2021,50000,50,2026,9,5
은평구,대조동,베르디움STAY1,21.9733,20,2022,11500,24,2026,9,7
은평구,진관동,구파발9단지래미안(901~915동)임대BL3-3,84.84,3,2010,21748,0,2026,9,7
은평구,신사동,신사성원,59.94,1,2000,3000,120,2026,9,5
은평구,응암동,백련산힐스테이트4차,84.98,15,2018,40000,120,2026,9,5
은평구,응암동,백련산에스케이뷰아이파크,59.9335,7,2020,5000,230,2026,9,5
은평구,진관동,상림마을8단지롯데캐슬(821~830동)BL1-12,84.79,9,2008,53000,0,2026,9,7
은평구,진관동,마고정3단지센트레빌(301~309동)BL2-11,84.17,12,2009,50000,50,2026,9,6
은평구,수색동,e편한세상 수색 에코포레,84.951,2,2003,50000,0,2026,9,5
은평구,수색동,DMC롯데캐슬더퍼스트,84.87,4,2021,68000,0,2026,9,6
은평구,신사동,라이프씨티,83.04,9,1992,32500,0,2026,9,4
은평구,수색동,DMC롯데캐슬더퍼스트,84.87,13,2021,76000,0,2026,9,3
은평구,응암동,백련산힐스테이트1차,59.63,8,2011,20000,120,2026,9,7
은평구,진관동,은평뉴타운솔하임,45.034,12,2017,15000,74,2026,9,5
은평구,응암동,힐스테이트녹번역,84.99,6,2022,77700,0,2026,9,1
은평구,응암동,녹번역e편한세상캐슬,59.96,10,2021,40000,100,2026,9,5
은평구,진관동,우물골2단지두산위브(245~255동)BL2-6,101.42,6,2009,75000,0,2026,9,4
은평구,불광동,대호프라자아파트,84.65,9,2000,48000,0,2026,9,5
은평구,응암동,녹번역e편한세상캐슬,44.85,12,2021,57000,0,2026,9,5
은평구,수색동,DMC롯데캐슬더퍼스트,99.95,9,2021,90000,0,2026,9,4
은평구,수색동,DMC롯데캐슬더퍼스트,39.83,7,2021,34500,0,2026,9,5
은평구,대조동,삼성타운,59.4,1,1997,33075,0,2026,9,5
은평구,증산동,DMC센트럴자이(1단지),84.92,12,2023,78750,0,2026,9,5
은평구,신사동,은평자이더스타,49.999,12,2026,53000,0,2026,9,5
은평구,진관동,우물골2단지두산위브(204~208동)BL2-5,84.04,2,2009,57750,0,2026,9,4
은평구,대조동,베르디움STAY1,36.2275,24,2022,21200,13,2026,9,4
은평구,진관동,구파발10단지어울림(1011~1019동)BL3-1,84.78,2,2010,65000,0,2026,9,4
은평구,진관동,구파발10단지어울림(1011~1019동)BL3-1,84.78,2,2010,65000,0,2026,9,4
은평구,진관동,우물골2단지두산위브(245~255동)BL2-6,101.42,11,2009,76000,0,2026,9,4
은평구,응암동,백련산에스케이뷰아이파크,40.6525,17,2020,9792,49,2026,9,4
은평구,진관동,상림마을8단지롯데캐슬(821~830동)BL1-12,101.61,11,2008,20000,210,2026,9,4
은평구,구산동,구산주택,17.6,4,2022,4800,32,2026,9,4
은평구,응암동,녹번역e편한세상캐슬,84.94,9,2021,85000,0,2026,9,1
은평구,응암동,백련산파크자이,59.789,9,2021,30000,120,2026,9,4
은평구,진관동,구파발10단지어울림(1020~1028동)임대BL3-5,59.99,5,2012,9817,15,2026,9,4
은평구,응암동,백련산힐스테이트4차,84.98,2,2018,63000,0,2026,9,3
은평구,응암동,백련산힐스테이트1차,84.49,4,2011,52000,0,2026,9,3
은평구,대조동,베르디움STAY1,21.9733,4,2022,9000,33,2026,9,4
은평구,응암동,백련산힐스테이트1차,84.21,9,2011,60000,0,2026,9,4
은평구,신사동,대주파크빌,84.8,13,2004,0,30,2026,9,3
은평구,진관동,은평뉴타운솔하임,14.235,18,2017,1000,68,2026,9,4
은평구,진관동,은평뉴타운솔하임,19.685,17,2017,1000,115,2026,9,2
은평구,불광동,북한산힐스테이트7차,84.947,13,2011,59600,0,2026,9,3
은평구,응암동,백련산해모로,59.97,10,2020,5000,173,2026,9,1
은평구,응암동,e편한세상백련산,59.71,11,2022,58000,0,2026,9,2
은평구,불광동,북한산힐스테이트7차,114.977,7,2011,80000,0,2026,9,3
은평구,응암동,백련산에스케이뷰아이파크,59.9335,24,2020,56000,0,2026,9,2
은평구,응암동,녹번역e편한세상캐슬,59.97,18,2021,10000,210,2026,9,3
은평구,불광동,연신내역루체스테이션,35.606,11,2024,9000,58,2026,9,3
은평구,응암동,녹번역e편한세상캐슬,59.96,5,2021,68000,0,2026,9,3
은평구,수색동,DMC파인시티자이,74.78,14,2025,70300,0,2026,9,3
은평구,대조동,베르디움STAY1,36.2415,22,2022,9376,41,2026,9,2
은평구,대조동,베르디움STAY1,36.4302,5,2022,21300,12,2026,9,3
은평구,구산동,구산주택,33.95,5,2022,9100,62,2026,9,3
은평구,신사동,이랜드타운아파트,84.9287,7,2004,48000,0,2026,9,2
은평구,대조동,베르디움STAY1,36.2415,23,2022,9376,41,2026,9,2
은평구,신사동,은평자이더스타,49.999,17,2026,30000,130,2026,9,2
은평구,응암동,녹번역e편한세상캐슬,39.95,15,2021,10492,27,2026,9,2
은평구,대조동,베르디움STAY1,36.2415,4,2022,9376,41,2026,9,2
은평구,진관동,상림마을6단지푸르지오(622~629동)BL1-5,84.79,5,2008,44000,55,2026,9,2
은평구,불광동,연신내역루체스테이션,35.432,21,2024,8400,37,2026,9,2
은평구,응암동,녹번역e편한세상캐슬,84.92,12,2021,80000,0,2026,9,1
은평구,대조동,베르디움STAY1,36.2415,15,2022,9376,41,2026,9,2
은평구,대조동,베르디움STAY1,36.2415,19,2022,8032,35,2026,9,2
은평구,진관동,구파발9단지래미안(901~915동)임대BL3-3,84.91,10,2010,21748,0,2026,9,2
은평구,응암동,녹번역e편한세상캐슬,84.92,12,2021,80000,0,2026,9,1
은평구,대조동,베르디움STAY1,36.2415,13,2022,8032,35,2026,9,2
은평구,대조동,베르디움STAY1,36.2415,7,2022,4688,51,2026,9,2
은평구,대조동,베르디움STAY1,36.2415,26,2022,8032,35,2026,9,2
은평구,불광동,불광롯데캐슬,59.98,1,2018,60000,0,2026,9,2
은평구,불광동,연신내역루체스테이션,35.432,18,2024,5040,22,2026,9,2
은평구,불광동,LUMINO816,35.14,10,2024,9200,59,2026,9,2
은평구,진관동,구파발9단지래미안(901~915동)임대BL3-3,84.84,6,2010,21748,0,2026,9,1
은평구,불광동,LUMINO816,17.65,13,2024,5900,42,2026,9,1
은평구,진관동,구파발9단지래미안(916~928동)BL3-2,84.83,3,2010,5000,240,2026,9,1
서대문구,북아현동,신촌푸르지오,59.8802,5,2015,68000,0,2026,9,12
서대문구,홍은동,힐스테이트홍은포레스트,72.79,10,2023,66150,0,2026,9,23
서대문구,대현동,이대경우타운,12.12,10,2018,12800,0,2026,9,17
서대문구,남가좌동,DMC센트럴아이파크,59.91,11,2018,63000,0,2026,9,22
서대문구,북아현동,e편한세상신촌3단지,84.93,20,2018,93000,0,2026,9,22
서대문구,냉천동,돈의문센트레빌,59.98,2,2011,70000,0,2026,9,19
서대문구,홍은동,북한산두산위브2차,59.7501,7,2021,49350,0,2026,9,23
서대문구,연희동,대림,84.74,4,1993,49800,0,2026,9,19
서대문구,북가좌동,DMC두산위브,84.9631,9,2007,50650,0,2026,9,22
서대문구,현저동,독립문극동(200-0),59.58,3,1998,55000,0,2026,9,6
서대문구,남가좌동,남가좌동현대,59.4,14,1999,30000,80,2026,9,22
서대문구,홍제동,홍제한양,60.06,4,1993,5000,127,2026,9,12
서대문구,남가좌동,DMC파크뷰자이2단지,59.981,8,2015,75000,0,2026,9,19
서대문구,남가좌동,DMC센트럴아이파크,84.98,5,2018,48300,0,2026,9,14
서대문구,연희동,임광,84.83,1,1999,58000,0,2026,9,22
서대문구,홍은동,북한산두산위브2차,59.7501,4,2021,46350,0,2026,9,2
서대문구,북아현동,신촌푸르지오,84.9738,11,2015,84000,0,2026,9,19
서대문구,북아현동,힐스테이트신촌,59.8404,9,2023,69000,30,2026,9,21
서대문구,남가좌동,래미안루센티아,84.95,7,2020,75000,0,2026,9,4
서대문구,천연동,천연뜨란채,57.78,10,2006,5000,190,2026,9,5
서대문구,냉천동,돈의문센트레빌,59.98,3,2011,65000,25,2026,9,22
서대문구,남가좌동,DMC센트럴아이파크,59.91,3,2018,20766,31,2026,9,22
서대문구,홍은동,e편한세상서대문,59.991,19,2023,40000,80,2026,9,22
서대문구,북아현동,두산,59.96,2,1999,50000,0,2026,9,22
서대문구,홍은동,e편한세상서대문,59.991,18,2023,68000,0,2026,9,16
서대문구,홍제동,홍제원현대(459-0),59.93,10,2000,52000,0,2026,9,22
서대문구,남가좌동,래미안루센티아,59.98,12,2020,74000,0,2026,9,21
서대문구,남가좌동,래미안루센티아,59.98,11,2020,10000,230,2026,9,2
서대문구,충정로3가,미동,50.182,6,1969,25000,0,2026,9,18
서대문구,북아현동,두산,59.96,4,1999,60000,0,2026,9,19
서대문구,북아현동,힐스테이트신촌,59.8404,7,2023,65000,50,2026,9,22
서대문구,남가좌동,DMC금호리첸시아,59.8295,16,2024,39000,135,2026,9,22
서대문구,홍제동,금호어울림,84.9054,11,2016,30000,140,2026,9,20
서대문구,홍은동,"현대(1,2차)",73.98,15,1988,48000,0,2026,9,21
서대문구,북가좌동,DMC래미안e편한세상,84.95,12,2012,20000,240,2026,9,21
서대문구,북아현동,e편한세상신촌3단지,84.93,8,2018,110000,0,2026,9,22
서대문구,남가좌동,DMC에코자이,84.978,12,2019,77000,0,2026,9,21
서대문구,남가좌동,DMC파크뷰자이1단지,121.614,11,2015,127000,0,2026,9,20
서대문구,북아현동,두산,59.96,15,1999,52500,0,2026,9,15
서대문구,북아현동,e편한세상신촌1단지,59.85,1,2018,10000,320,2026,9,20
서대문구,북아현동,e편한세상신촌1단지,84.98,18,2018,60000,165,2026,9,20
서대문구,북아현동,두산,59.96,14,1999,42000,40,2026,9,19
서대문구,홍제동,홍제원현대(459-0),59.93,7,2000,44000,0,2026,9,12
서대문구,대현동,예스에이피엠,38.72,13,2007,5000,110,2026,9,4
서대문구,남가좌동,DMC금호리첸시아,84.9901,12,2024,55000,50,2026,9,18
서대문구,북아현동,e편한세상신촌1단지,84.98,7,2018,50000,190,2026,9,17
서대문구,천연동,천연뜨란채,57.78,6,2006,53500,0,2026,9,16
서대문구,북아현동,e편한세상신촌1단지,59.85,8,2018,75000,0,2026,9,20
서대문구,대현동,신촌럭키,83.38,6,1999,54680,0,2026,9,2
서대문구,대현동,신촌럭키,59.7,9,1999,50000,0,2026,9,7
서대문구,홍제동,금호어울림,59.18,5,2016,37674,0,2026,9,21
서대문구,홍은동,홍은동벽산,58.64,8,1997,36750,0,2026,9,21
서대문구,남가좌동,DMC에코자이,59.79,8,2019,65000,0,2026,9,19
서대문구,홍제동,성원,55.35,14,1998,36383,0,2026,9,19
서대문구,북아현동,두산,59.96,14,1999,10000,180,2026,9,16
서대문구,북가좌동,DMC래미안e편한세상,120.95,4,2012,110000,0,2026,9,21
서대문구,남가좌동,DMC래미안클라시스,114.93,17,2000,20000,125,2026,9,21
서대문구,북아현동,힐스테이트신촌,84.968,7,2023,45000,82,2026,9,19
서대문구,북아현동,힐스테이트신촌,84.9154,9,2023,77000,12,2026,9,12
서대문구,남가좌동,DMC파크뷰자이1단지,84.971,14,2015,25000,260,2026,9,12
서대문구,홍제동,문화촌현대,59.94,12,2002,40000,0,2026,9,19
서대문구,홍제동,홍제현대,75.15,11,1992,55000,0,2026,9,19
서대문구,홍은동,북한산두산위브,84.98,6,2020,49000,0,2026,9,20
서대문구,홍은동,극동,84.92,10,1995,36000,0,2026,9,19
서대문구,홍제동,서대문푸르지오센트럴파크,75.49,16,2023,90000,0,2026,9,19
서대문구,남가좌동,DMC래미안클라시스,59.97,7,2000,55000,0,2026,9,19
서대문구,남가좌동,남가좌동현대,114.9,12,1999,64000,0,2026,9,18
서대문구,남가좌동,남가좌동현대,59.4,12,1999,48300,0,2026,9,19
서대문구,남가좌동,DMC래미안클라시스,59.59,18,2000,30000,120,2026,9,19
서대문구,홍은동,e편한세상서대문,59.986,18,2023,64050,0,2026,9,19
서대문구,홍제동,서대문푸르지오센트럴파크,55.25,1,2023,20000,160,2026,9,19
서대문구,북아현동,힐스테이트신촌,84.9715,2,2023,20000,345,2026,9,4
서대문구,홍제동,서대문푸르지오센트럴파크,59.94,18,2023,31500,165,2026,9,19
서대문구,홍제동,서대문푸르지오센트럴파크,84.95,1,2023,85000,0,2026,9,19
서대문구,북아현동,e편한세상신촌2단지,84.93,8,2018,96000,0,2026,9,19
서대문구,천연동,천연뜨란채,57.78,5,2006,4000,200,2026,9,18
서대문구,북아현동,힐스테이트신촌,84.6043,3,2023,88000,0,2026,9,18
서대문구,남가좌동,남가좌동현대,59.4,11,1999,5000,130,2026,9,5
서대문구,충정로3가,충정리시온,33.32,19,2004,1000,115,2026,9,15
서대문구,남가좌동,DMC래미안클라시스,59.93,5,2000,43200,0,2026,9,12
서대문구,북아현동,힐스테이트신촌,84.6043,14,2023,10000,315,2026,9,18
서대문구,홍제동,서대문푸르지오센트럴파크,75.2,6,2023,82000,0,2026,9,18
서대문구,남가좌동,래미안루센티아,59.98,20,2020,20000,165,2026,9,18
서대문구,홍제동,태영으뜸(데시앙),46.83,5,1998,25000,20,2026,9,12
서대문구,북가좌동,DMC래미안e편한세상,84.93,7,2012,42000,120,2026,9,17
서대문구,영천동,독립문삼호,108.63,3,1995,75000,0,2026,9,11
서대문구,북아현동,e편한세상신촌1단지,84.98,1,2018,95000,20,2026,9,17
서대문구,남가좌동,DMC파크뷰자이1단지,84.968,12,2015,10000,230,2026,9,17
서대문구,북가좌동,DMC래미안e편한세상,84.97,6,2012,40000,124,2026,9,15
서대문구,북아현동,힐스테이트신촌,59.8404,7,2023,39000,160,2026,9,16
서대문구,남가좌동,DMC파크뷰자이1단지,84.98,5,2015,60000,120,2026,9,12
서대문구,북가좌동,DMC한양,105.88,12,1987,48300,0,2026,9,8
서대문구,홍은동,북한산더샵,84.832,18,2017,65000,0,2026,9,17
서대문구,남가좌동,DMC센트럴아이파크,84.95,7,2018,40000,75,2026,9,15
서대문구,대현동,신촌럭키,59.7,11,1999,30000,70,2026,9,14
서대문구,북가좌동,DMC래미안e편한세상,120.95,26,2012,85000,50,2026,9,17
서대문구,북아현동,대성,80.53,1,2004,50000,0,2026,9,17
서대문구,홍제동,서대문푸르지오센트럴파크,84.95,12,2023,55000,180,2026,9,16
서대문구,홍제동,청구1차,84.78,13,1994,60000,0,2026,9,14
서대문구,북아현동,e편한세상신촌2단지,84.98,4,2018,85085,0,2026,9,16
서대문구,북가좌동,DMC래미안e편한세상,84.95,13,2012,77700,0,2026,9,15
서대문구,연희동,대우푸르지오,84.706,2,2002,69000,0,2026,9,16
서대문구,홍제동,중앙하이츠,59.23,5,2001,20000,50,2026,9,15
서대문구,북아현동,e편한세상신촌4단지,59.9,22,2018,88000,0,2026,9,11
서대문구,남가좌동,DMC파크뷰자이1단지,120.492,8,2015,115000,0,2026,9,13
서대문구,충정로3가,더스타일하우스디센트럴,17.6626,24,2020,3990,43,2026,9,16
서대문구,홍제동,현대그린,84.96,1,1996,5250,137,2026,9,16
서대문구,북아현동,힐스테이트신촌,37.969,1,2023,3995,18,2026,9,16
서대문구,북아현동,힐스테이트신촌,37.969,7,2023,3993,18,2026,9,16
서대문구,냉천동,동부센트레빌,59.86,7,2002,20000,120,2026,9,12
서대문구,남가좌동,DMC센트레빌,114.85,10,2009,5000,300,2026,9,5
서대문구,북가좌동,이랜드PEERDMC,59.9065,4,2026,25200,96,2026,9,12
서대문구,남가좌동,DMC에코자이,59.656,1,2019,65000,0,2026,9,16
서대문구,북아현동,힐스테이트신촌,84.6043,16,2023,89500,0,2026,9,15
서대문구,북아현동,문영센스빌,79.8,5,2002,30000,0,2026,9,11
서대문구,연희동,연희자이엘라,13.642,3,2014,1000,80,2026,9,12
서대문구,현저동,독립문극동(200-0),59.58,2,1998,20000,160,2026,9,16
서대문구,북아현동,두산,59.96,15,1999,10000,126,2026,9,4
서대문구,홍제동,서대문푸르지오센트럴파크,49.5,8,2023,17876,26,2026,9,16
서대문구,남가좌동,DMC금호리첸시아,59.8295,26,2024,75000,0,2026,9,16
서대문구,홍제동,홍제현대,75.15,14,1992,52500,0,2026,9,15
서대문구,냉천동,동부센트레빌(임대),28.05,11,2002,2690,6,2026,9,15
서대문구,천연동,천연뜨란채,57.78,3,2006,60000,0,2026,9,14
서대문구,충정로3가,더스타일하우스디센트럴,15.8101,7,2020,4850,34,2026,9,15
서대문구,북아현동,e편한세상신촌2단지,84.93,4,2018,105000,0,2026,9,12
서대문구,북아현동,e편한세상신촌3단지,59.97,16,2018,20000,250,2026,9,14
서대문구,홍제동,홍제현대,119.32,9,1992,80000,0,2026,9,15
서대문구,충정로3가,더스타일하우스디센트럴,35.8514,21,2020,7650,81,2026,9,8
서대문구,남가좌동,DMC에코자이,59.79,6,2019,41000,109,2026,9,15
서대문구,홍제동,서대문푸르지오센트럴파크,49.5,11,2023,17876,26,2026,9,15
서대문구,홍제동,태영으뜸(데시앙),53.44,5,1998,20000,80,2026,9,12
서대문구,남가좌동,DMC파크뷰자이1단지,84.971,24,2015,30000,230,2026,9,10
서대문구,대현동,신촌럭키,59.7,11,1999,3000,170,2026,9,3
서대문구,홍제동,홍제역해링턴플레이스,39.38,8,2024,12927,32,2026,9,15
서대문구,북가좌동,이랜드PEERDMC,59.9065,7,2026,15100,134,2026,9,1
서대문구,홍제동,홍제한양,60.06,6,1993,42000,0,2026,9,15
서대문구,충정로3가,더스타일하우스디센트럴,35.858,8,2020,7650,79,2026,9,14
서대문구,홍은동,홍은동아더프라임,59.8736,16,2014,53000,0,2026,9,14
서대문구,북아현동,힐스테이트신촌,37.969,14,2023,1597,23,2026,9,15
서대문구,충정로3가,더스타일하우스디센트럴,21.056,4,2020,4695,49,2026,9,14
서대문구,천연동,천연뜨란채,55.82,16,2006,39900,0,2026,9,12
서대문구,홍제동,서대문푸르지오센트럴파크,59.94,5,2023,75000,0,2026,9,14
서대문구,연희동,연희자이엘라,13.642,11,2014,1000,80,2026,9,14
서대문구,북가좌동,DMC래미안e편한세상,84.94,13,2012,66000,60,2026,9,12
서대문구,홍제동,청구3차,59.4,3,2001,46500,0,2026,9,11
서대문구,북아현동,e편한세상신촌1단지,32.74,4,2018,12215,33,2026,9,14
서대문구,홍제동,서대문푸르지오센트럴파크,59.94,12,2023,65000,0,2026,9,14
서대문구,북아현동,e편한세상신촌2단지,84.95,15,2018,100000,0,2026,9,12
서대문구,연희동,홍연(723-9),40.33,4,1981,4000,50,2026,9,10
서대문구,북아현동,신촌푸르지오,59.8802,2,2015,77000,0,2026,9,12
서대문구,연희동,대우푸르지오,59.584,7,2002,2000,168,2026,9,12
서대문구,북가좌동,이랜드PEERDMC,20.5025,14,2026,10000,41,2026,9,2
서대문구,남가좌동,DMC래미안클라시스,114.93,6,2000,75000,0,2026,9,14
서대문구,충정로3가,더스타일하우스디센트럴,21.056,18,2020,6260,44,2026,9,10
서대문구,북가좌동,이랜드PEERDMC,59.9065,4,2026,25200,96,2026,9,12
서대문구,홍제동,서대문푸르지오센트럴파크,75.49,11,2023,63000,112,2026,9,12
서대문구,남가좌동,DMC금호리첸시아,59.8295,22,2024,75000,0,2026,9,12
서대문구,남가좌동,DMC파크뷰자이2단지,84.968,13,2015,73000,0,2026,9,12
서대문구,남가좌동,DMC센트럴아이파크,59.91,11,2018,63000,0,2026,9,12
서대문구,북가좌동,이랜드PEERDMC,46.3766,15,2026,20200,77,2026,9,13
서대문구,북아현동,힐스테이트신촌,59.8404,18,2023,70000,0,2026,9,3
서대문구,홍제동,홍제센트럴IPARK,84.9728,14,2020,75000,16,2026,9,11
서대문구,홍제동,홍제삼성래미안,60,6,2001,47250,0,2026,9,12
서대문구,홍제동,인왕산현대,59.93,17,2000,42000,0,2026,9,12
서대문구,남가좌동,DMC파크뷰자이1단지,84.971,9,2015,85000,0,2026,9,12
서대문구,충정로3가,미동,33.06,5,1969,8500,0,2026,9,7
서대문구,홍은동,e편한세상서대문,59.991,9,2023,51450,0,2026,9,11
서대문구,남가좌동,DMC파크뷰자이1단지,84.968,7,2015,91000,0,2026,9,12
서대문구,대현동,신촌럭키,59.7,3,1999,5000,180,2026,9,10
서대문구,홍제동,남양,84.71,19,1999,52000,0,2026,9,9
서대문구,북아현동,신촌푸르지오,84.9572,7,2015,10000,315,2026,9,10
서대문구,북가좌동,DMC래미안e편한세상,84.95,12,2012,10000,300,2026,9,10
서대문구,남가좌동,DMC금호리첸시아,84.9901,17,2024,10000,280,2026,9,10
서대문구,남가좌동,DMC금호리첸시아,84.9901,16,2024,84000,0,2026,9,10
서대문구,북아현동,힐스테이트신촌,37.969,12,2023,10000,191,2026,9,9
서대문구,북가좌동,북가좌삼호,75.75,1,1996,30000,80,2026,9,7
서대문구,북가좌동,북가좌삼호,84.57,1,1996,46500,0,2026,9,1
서대문구,홍제동,서대문푸르지오센트럴파크,84.95,6,2023,30000,240,2026,9,11
서대문구,홍제동,서울맨션,59.37,1,1972,12000,30,2026,9,7
서대문구,현저동,독립문극동(200-0),59.58,19,1998,50000,30,2026,9,11
서대문구,홍은동,북한산두산위브,84.98,4,2020,60000,0,2026,9,9
서대문구,북가좌동,DMC래미안e편한세상,59.97,2,2012,71000,0,2026,9,10
서대문구,북아현동,신촌푸르지오,34.25,10,2015,4194,6,2026,9,10
서대문구,홍제동,인왕산어울림,119.82,8,2006,80000,0,2026,9,9
서대문구,홍제동,문화촌현대,59.94,15,2002,43000,0,2026,9,10
서대문구,북아현동,힐스테이트신촌,84.9557,16,2023,70000,0,2026,9,6
서대문구,북아현동,신촌푸르지오,34.7529,7,2015,4254,6,2026,9,10
서대문구,북가좌동,DMC래미안e편한세상,84.95,13,2012,54600,65,2026,9,9
서대문구,충정로3가,더스타일하우스디센트럴,17.6626,3,2020,3990,42,2026,9,9
서대문구,홍제동,홍제한양,60.06,10,1993,33000,0,2026,9,8
서대문구,남가좌동,DMC래미안클라시스,59.59,6,2000,53500,0,2026,9,9
서대문구,북아현동,힐스테이트신촌,59.8404,10,2023,77000,0,2026,9,8
서대문구,홍제동,서대문푸르지오센트럴파크,59.94,16,2023,75000,0,2026,9,9
서대문구,홍제동,서대문푸르지오센트럴파크,59.94,11,2023,66000,0,2026,9,4
서대문구,북가좌동,DMC래미안e편한세상,120.91,12,2012,50000,146,2026,9,8
서대문구,홍제동,인왕산현대,59.93,4,2000,15000,145,2026,9,9
서대문구,홍제동,청구2차,84.81,12,1997,10000,147,2026,9,9
서대문구,북가좌동,월드컵현대,59.76,17,1998,49000,0,2026,9,3
서대문구,홍제동,홍제원현대(459-0),59.93,5,2000,15000,150,2026,9,7
서대문구,북가좌동,DMC래미안e편한세상,84.95,21,2012,25000,210,2026,9,8
서대문구,충정로3가,더스타일하우스디센트럴,21.056,14,2020,4695,48,2026,9,1
서대문구,남가좌동,DMC에코자이,39.885,10,2019,15040,38,2026,9,8
서대문구,충정로3가,더스타일하우스디센트럴,36.1962,24,2020,8980,77,2026,9,7
서대문구,홍제동,유원하나,28.71,12,1996,1352,3,2026,9,8
서대문구,북아현동,신촌푸르지오,59.9093,1,2015,69000,0,2026,9,8
서대문구,남가좌동,DMC센트레빌,84.87,4,2009,70000,0,2026,9,8
서대문구,홍제동,제일아파트,80.11,8,2015,22000,0,2026,9,8
서대문구,연희동,대정이오스,29.76,2,2023,300,33,2026,9,8
서대문구,남가좌동,DMC파크뷰자이1단지,84.971,20,2015,13000,220,2026,9,1
서대문구,연희동,대림,119.49,1,1993,55000,0,2026,9,2
서대문구,남가좌동,DMC파크뷰자이1단지,84.974,12,2015,93000,0,2026,9,8
서대문구,남가좌동,래미안루센티아,34.12,2,2020,8403,40,2026,9,8
서대문구,남가좌동,래미안루센티아,34.12,4,2020,8403,40,2026,9,8
서대문구,충정로3가,미동,55.57,5,1969,20700,0,2026,9,7
서대문구,홍은동,"현대(1,2차)",84.77,4,1988,47000,0,2026,9,1
서대문구,홍제동,청구1차,84.78,13,1994,63000,0,2026,9,1
서대문구,홍은동,힐스테이트홍은포레스트,59.84,9,2023,35000,120,2026,9,5
서대문구,홍제동,서대문푸르지오센트럴파크,59.94,5,2023,72500,0,2026,9,7
서대문구,북가좌동,DMC아이파크,32.86,10,2009,2566,23,2026,9,8
서대문구,남가좌동,DMC파크뷰자이3단지,59.981,2,2015,60000,45,2026,9,5
서대문구,북아현동,힐스테이트신촌,84.9154,7,2023,72000,0,2026,9,5
서대문구,북아현동,두산,59.96,12,1999,45000,0,2026,9,5
서대문구,북아현동,두산,59.96,8,1999,42000,0,2026,9,5
서대문구,북아현동,힐스테이트신촌,84.6043,9,2023,70000,80,2026,9,1
서대문구,홍은동,힐스테이트홍은포레스트,72.97,9,2023,64000,0,2026,9,7
서대문구,홍제동,문화촌현대,59.94,2,2002,3000,115,2026,9,6
서대문구,홍제동,서대문푸르지오센트럴파크,59.94,11,2023,20000,220,2026,9,5
서대문구,남가좌동,DMC래미안클라시스,59.59,6,2000,53500,0,2026,9,5
서대문구,남가좌동,DMC금호리첸시아,74.343,15,2024,70000,70,2026,9,5
서대문구,북아현동,힐스테이트신촌,84.6043,1,2023,55000,150,2026,9,5
서대문구,남가좌동,DMC센트레빌,114.87,6,2009,85000,0,2026,9,2
서대문구,홍제동,홍제센트럴IPARK,84.9728,10,2020,30000,200,2026,9,4
서대문구,북가좌동,DMC래미안e편한세상,84.95,9,2012,69000,60,2026,9,5
서대문구,홍은동,홍은동벽산,142.98,2,1997,60000,0,2026,9,5
서대문구,남가좌동,DMC금호리첸시아,84.9901,5,2024,85000,0,2026,9,5
서대문구,북아현동,두산,59.96,3,1999,2000,200,2026,9,4
서대문구,홍제동,서대문푸르지오센트럴파크,59.94,15,2023,30000,111,2026,9,4
서대문구,충정로3가,더스타일하우스디센트럴,35.858,10,2020,7650,79,2026,9,4
서대문구,연희동,성원,84.95,3,2001,30000,56,2026,9,4
서대문구,남가좌동,래미안루센티아,84.95,15,2020,1000,90,2026,9,4
서대문구,홍은동,북한산더샵,84.956,20,2017,66500,12,2026,9,3
서대문구,천연동,천연뜨란채,57.78,14,2006,10000,110,2026,9,4
서대문구,남가좌동,DMC에코자이,72.845,21,2019,40000,140,2026,9,4
서대문구,충정로3가,더스타일하우스디센트럴,26.5236,23,2020,5914,60,2026,9,4
서대문구,남가좌동,DMC파크뷰자이1단지,84.971,16,2015,75000,55,2026,9,1
서대문구,북가좌동,DMC래미안e편한세상,120.93,1,2012,36700,210,2026,9,3
서대문구,충정로3가,충정리시온,44.88,16,2004,39000,0,2026,9,3
서대문구,남가좌동,DMC센트럴아이파크,84.98,12,2018,10000,210,2026,9,3
서대문구,홍제동,인왕산벽산,84.86,12,2003,55000,0,2026,9,3
서대문구,남가좌동,DMC파크뷰자이5단지,59.981,2,2015,72500,0,2026,9,3
서대문구,홍은동,로하스,64.26,4,2010,5000,100,2026,9,3
서대문구,북아현동,두산,59.96,9,1999,10000,200,2026,9,1
서대문구,남가좌동,DMC파크뷰자이1단지,84.971,24,2015,20000,260,2026,9,3
서대문구,홍은동,"현대(1,2차)",84.77,2,1988,52000,0,2026,9,2
서대문구,북아현동,두산,59.96,4,1999,38000,20,2026,9,2
서대문구,북아현동,e편한세상신촌4단지,84.89,32,2018,40000,280,2026,9,2
서대문구,남가좌동,디엠씨엘가,13.03,9,2017,10000,25,2026,9,2
서대문구,충정로3가,더스타일하우스디센트럴,35.858,21,2020,7650,79,2026,9,1
서대문구,충정로3가,더스타일하우스디센트럴,21.056,14,2020,6260,43,2026,9,1
서대문구,홍제동,청구1차,84.78,6,1994,60000,0,2026,9,1
서대문구,충정로3가,더스타일하우스디센트럴,16.0626,8,2020,1739,7,2026,9,2
서대문구,남가좌동,DMC파크뷰자이1단지,84.971,24,2015,72450,0,2026,9,2
서대문구,남가좌동,DMC파크뷰자이1단지,152.146,7,2015,136500,0,2026,9,1
서대문구,홍제동,홍제원그린뷰아파트,164.71,7,2003,58000,56,2026,9,1
서대문구,북아현동,두산,59.96,9,1999,10000,200,2026,9,1
서대문구,북아현동,e편한세상신촌1단지,59.85,1,2018,78000,0,2026,9,1
서대문구,남가좌동,DMC파크뷰자이2단지,84.968,15,2015,73000,28,2026,9,1
서대문구,남가좌동,래미안루센티아,34.12,1,2020,11633,29,2026,9,1
마포구,공덕동,공덕1삼성래미안,59.74,5,1999,63000,0,2026,9,15
마포구,상수동,상수두산위브,84.79,4,2004,15000,300,2026,9,17
마포구,성산동,성산시영(유원),59.43,13,1986,39000,0,2026,9,17
마포구,아현동,더클래시,59.97,3,2022,65000,0,2026,9,19
마포구,아현동,더클래시,59.97,6,2022,20000,250,2026,9,9
마포구,신공덕동,신공덕1차삼성래미안1아파트,114.75,3,2000,95600,20,2026,9,12
마포구,성산동,성산시영(대우),50.03,6,1986,31500,0,2026,9,9
마포구,염리동,마포프레스티지자이,59.9286,23,2021,93500,0,2026,9,4
마포구,아현동,마포래미안푸르지오4단지,59.9236,14,2014,40000,200,2026,9,5
마포구,도화동,정우상가맨션,125.88,8,1983,5000,160,2026,9,10
마포구,아현동,마포래미안푸르지오4단지,84.5978,18,2014,108000,0,2026,9,12
마포구,대흥동,대흥동태영아파트,114.93,12,1999,110000,0,2026,9,17
마포구,하중동,한강밤섬자이,138.08,9,2010,160000,0,2026,9,23
마포구,신수동,경남아너스빌,84.97,8,2005,60000,80,2026,9,5
마포구,노고산동,현대벤처빌,34.64,3,2002,1000,95,2026,9,16
마포구,도화동,삼성,84.985,6,1997,90000,0,2026,9,23
마포구,서교동,메세나폴리스,142.034,30,2012,20000,840,2026,9,11
마포구,도화동,한화오벨리스크,38.08,14,2004,2000,140,2026,9,9
마포구,서교동,서교동효성해링턴타워,37.17,11,2020,13760,77,2026,9,11
마포구,성산동,성산시영(유원),59.43,13,1986,29400,0,2026,9,23
마포구,아현동,마포래미안푸르지오1단지,84.5978,9,2014,102500,0,2026,9,23
마포구,상암동,DMC상암센트럴파크1단지,84.91,12,2009,77000,0,2026,9,23
마포구,상암동,상암월드컵파크10단지,59.69,13,2010,19132,0,2026,9,23
마포구,상암동,상암월드컵파크5단지,104.69,17,2005,73500,0,2026,9,22
마포구,상암동,상암월드컵파크5단지,104.69,17,2005,73500,0,2026,9,22
마포구,신수동,힐스테이트마포더퍼스트,84.98,19,2026,79000,0,2026,9,21
마포구,성산동,반트,74.46,4,2013,60000,0,2026,9,23
마포구,아현동,마포래미안푸르지오1단지,59.9236,4,2014,30000,200,2026,9,23
마포구,대흥동,대흥동태영아파트,84.77,10,1999,50000,190,2026,9,19
마포구,상암동,상암월드컵파크10단지,84.89,7,2010,26406,0,2026,9,23
마포구,상암동,상암월드컵파크10단지,114.26,8,2010,32145,0,2026,9,23
마포구,신수동,경남아너스빌,84.97,10,2005,28000,160,2026,9,4
마포구,창전동,신촌태영데시앙,84.97,9,2003,54400,0,2026,9,23
마포구,상암동,DMCVILLE,49.41,10,2006,0,235,2026,9,17
마포구,용강동,래미안마포리버웰,114.97,4,2015,136500,0,2026,9,22
마포구,망원동,마포월드컵제이스카이,59.95,9,2021,10000,220,2026,9,21
마포구,서교동,서교동효성해링턴타워,37.17,8,2020,12230,82,2026,9,18
마포구,서교동,서교동효성해링턴타워,17.93,8,2020,6120,42,2026,9,22
마포구,상암동,상암월드컵파크10단지,59.73,13,2010,16741,0,2026,9,23
마포구,서교동,서교동효성해링턴타워,37.17,4,2020,9170,95,2026,9,21
마포구,합정동,마포한강2차푸르지오,83.45,13,2016,120000,0,2026,9,20
마포구,아현동,공덕자이,59.99,11,2015,85000,0,2026,9,22
마포구,염리동,마포자이더센트리지(102동~112동),59.99,7,2022,85000,0,2026,9,22
마포구,아현동,더클래시,84.98,5,2022,30000,390,2026,9,5
마포구,합정동,두영이지안101동,84.87,2,2007,80000,0,2026,9,5
마포구,성산동,성산월드타운대림,59.888,16,2004,50000,0,2026,9,14
마포구,염리동,마포자이더센트리지(102동~112동),84.866,5,2022,1000,400,2026,9,22
마포구,상암동,상암월드컵파크4단지,84.76,6,2006,73500,0,2026,9,16
마포구,중동,울트라월드컵(참누리),84.9406,4,2006,73500,0,2026,9,20
마포구,공덕동,두영이지안,84.7,5,2008,50000,0,2026,9,22
마포구,공덕동,마포현대,59.95,15,1988,49350,0,2026,9,21
마포구,용강동,래미안마포리버웰,84.97,4,2015,120000,0,2026,9,19
마포구,대흥동,마포그랑자이,84.99,5,2020,2000,120,2026,9,22
마포구,도화동,도화동현대,112.09,3,1996,50000,80,2026,9,21
마포구,공덕동,공덕헤리지움,29.56,18,2020,11648,37,2026,9,15
마포구,성산동,성산월드타운대림,84.689,17,2004,66000,0,2026,9,21
마포구,성산동,가좌행복주택,36.39,12,2016,9480,40,2026,9,22
마포구,상암동,상암월드컵파크10단지,59.69,3,2010,15944,0,2026,9,22
마포구,노고산동,현대벤처빌,34.64,10,2002,24500,0,2026,9,21
마포구,신공덕동,브라운스톤공덕아파트,84.98,3,2009,81025,0,2026,9,21
마포구,중동,마포중동현대,59.88,2,2001,47250,0,2026,9,21
마포구,상암동,상암월드컵파크10단지,84.89,5,2010,26406,0,2026,9,22
마포구,아현동,마포래미안푸르지오4단지,84.5978,4,2014,100000,0,2026,9,22
마포구,성산동,가좌행복주택,29.66,6,2016,6732,28,2026,9,22
마포구,성산동,가좌행복주택,36.39,17,2016,9480,40,2026,9,22
마포구,상암동,상암월드컵파크9단지,59.73,12,2010,2407,43,2026,9,21
마포구,성산동,가좌행복주택,36.39,14,2016,9480,40,2026,9,22
마포구,상암동,상암월드컵파크9단지,84.94,6,2010,61950,0,2026,9,21
마포구,신정동,서강GS,84.97,16,1999,10000,230,2026,9,8
마포구,신공덕동,신공덕래미안2차,59.48,18,2000,0,235,2026,9,11
마포구,대흥동,동양엔파트,84.893,2,2007,65000,80,2026,9,18
마포구,마포동,마포쌍용황금아파트,59.9,2,2000,35000,80,2026,9,21
마포구,도화동,도화현대,59.4,4,1998,55000,0,2026,9,20
마포구,성산동,성산시영(대우),50.03,13,1986,3000,105,2026,9,21
마포구,공덕동,공덕파크자이,84.9541,14,2015,20000,370,2026,9,19
마포구,신정동,서강GS,114.87,5,1999,86000,0,2026,9,14
마포구,성산동,성산시영(유원),59.43,6,1986,36700,0,2026,9,20
마포구,아현동,더클래시,84.98,2,2022,82400,0,2026,9,3
마포구,토정동,한강삼성,59.76,24,1997,65000,0,2026,9,14
마포구,신수동,힐스테이트마포더퍼스트,84.03,13,2026,100000,0,2026,9,8
마포구,공덕동,한화꿈에그린,84.939,8,2004,70100,0,2026,9,20
마포구,아현동,마포래미안푸르지오4단지,59.9236,16,2014,90000,0,2026,9,19
마포구,염리동,마포프레스티지자이,39.9827,14,2021,1594,22,2026,9,21
마포구,현석동,래미안웰스트림,114.99,17,2016,15000,540,2026,9,21
마포구,성산동,성산시영(선경),50.54,2,1986,5000,120,2026,9,9
마포구,창전동,해모로,59.867,5,2007,72000,0,2026,9,19
마포구,상수동,래미안밤섬리베뉴Ⅱ,84.82,7,2014,104000,0,2026,9,19
마포구,상암동,상암월드컵파크10단지,114.26,10,2010,32145,0,2026,9,21
마포구,합정동,그레이스3차,70.16,3,2005,40000,40,2026,9,21
마포구,용강동,이편한세상마포리버파크,84.98,5,2016,45000,290,2026,9,18
마포구,공덕동,래미안공덕4차,59.9,7,2005,70000,0,2026,9,12
마포구,신공덕동,신공덕1차삼성래미안1아파트,114.75,3,2000,95600,20,2026,9,12
마포구,성산동,성산시영(유원),59.43,7,1986,27000,27,2026,9,19
마포구,현석동,래미안웰스트림,59.96,22,2016,83000,0,2026,9,21
마포구,도화동,고려,81.72,14,1984,65000,0,2026,9,21
마포구,창전동,서강예가,59.983,5,2007,70000,0,2026,9,19
마포구,염리동,마포프레스티지자이,114.9159,14,2021,180000,0,2026,9,19
마포구,신공덕동,신공덕1차삼성래미안1아파트,59.76,11,2000,70000,0,2026,9,19
마포구,염리동,상록,57.88,13,1997,30000,50,2026,9,18
마포구,대흥동,동양엔파트,84.893,13,2007,55000,110,2026,9,20
마포구,대흥동,마포그랑자이(2단지),59.96,11,2020,24000,240,2026,9,16
마포구,아현동,더클래시,84.98,3,2022,115000,0,2026,9,18
마포구,아현동,마포래미안푸르지오4단지,59.9236,7,2014,73500,0,2026,9,21
마포구,아현동,서서울삼성,84.89,6,1998,10000,220,2026,9,19
마포구,공덕동,공덕1삼성래미안,84.94,2,1999,55000,110,2026,9,18
마포구,상암동,상암월드컵파크10단지,59.69,10,2010,15944,0,2026,9,18
마포구,신수동,마포아이파크포레,84.901,13,2019,110000,0,2026,9,3
마포구,상암동,상암월드컵파크10단지,49.58,10,2010,8139,14,2026,9,16
마포구,망원동,마포월드컵제이스카이,49.61,5,2021,53400,0,2026,9,18
마포구,노고산동,신촌포스빌,29.03,13,2004,5000,85,2026,9,7
마포구,염리동,마포프레스티지자이,39.9827,9,2021,1820,21,2026,9,21
마포구,용강동,래미안마포리버웰,84.97,3,2015,115000,0,2026,9,19
마포구,성산동,성산시영(유원),59.43,3,1986,32700,0,2026,9,19
마포구,도화동,우성,54.72,9,1991,58000,0,2026,9,19
마포구,염리동,마포프레스티지자이,84.9422,20,2021,126000,0,2026,9,19
마포구,신수동,마포경남아너스빌,84.95,6,2007,50000,120,2026,9,20
마포구,현석동,강변힐스테이트,59.78,8,2004,35000,100,2026,9,19
마포구,성산동,성산시영(선경),50.54,7,1986,7000,120,2026,9,19
마포구,상암동,상암월드컵파크6단지,84.53,6,2005,76650,0,2026,9,19
마포구,공덕동,래미안공덕4차,59.9,9,2005,68000,0,2026,9,19
마포구,창전동,창전래미안,84.93,4,1998,72000,0,2026,9,19
마포구,상암동,상암월드컵파크10단지,59.37,12,2010,15944,0,2026,9,18
마포구,도화동,우성,79.97,5,1991,62000,0,2026,9,19
마포구,도화동,한화오벨리스크,38.08,12,2004,10000,120,2026,9,19
마포구,도화동,우성,128.315,13,1991,69300,0,2026,9,19
마포구,망원동,마포한강아이파크,59.3813,7,2019,72000,0,2026,9,19
마포구,대흥동,대흥동태영아파트,59.4,9,1999,10000,240,2026,9,19
마포구,공덕동,마포현대,84.87,5,1988,55000,0,2026,9,21
마포구,창전동,이랜드PEER신촌,17.1491,8,2021,4670,30,2026,9,18
마포구,공덕동,공덕SK리더스뷰,84.93,20,2021,120750,0,2026,9,7
마포구,성산동,성산시영(대우),50.03,11,1986,26500,0,2026,9,18
마포구,상암동,상암월드컵파크10단지,59.69,14,2010,15944,0,2026,9,17
마포구,서교동,서교동효성해링턴타워,37.17,19,2020,13760,75,2026,9,18
마포구,신공덕동,대우메트로디오빌,49.97,28,2005,53000,0,2026,9,17
마포구,상암동,상암월드컵파크10단지,49.58,3,2010,4817,32,2026,9,17
마포구,신공덕동,펜트라우스,104.97,10,2011,117000,0,2026,9,1
마포구,용강동,래미안마포리버웰,51.99,1,2015,9745,0,2026,9,18
마포구,상암동,상암월드컵파크11단지,59.69,4,2010,18752,0,2026,9,18
마포구,공덕동,공덕파크자이,84.9802,5,2015,95550,0,2026,9,17
마포구,현석동,래미안웰스트림,84.96,28,2016,115000,0,2026,9,18
마포구,아현동,마포래미안푸르지오4단지,84.5978,9,2014,110000,0,2026,9,5
마포구,성산동,월드컵아이파크(667),59.73,19,2009,21000,156,2026,9,10
마포구,아현동,더클래시,59.97,6,2022,20000,250,2026,9,9
마포구,토정동,한강삼성,59.76,9,1997,55000,0,2026,9,5
마포구,공덕동,공덕3삼성래미안,59.97,4,2004,30000,164,2026,9,18
마포구,용강동,래미안마포리버웰,84.97,11,2015,65000,200,2026,9,18
마포구,대흥동,마포그랑자이,84.99,19,2020,40000,200,2026,9,18
마포구,성산동,세원,59.87,11,1996,37000,0,2026,9,10
마포구,용강동,강변그린,59.5,4,1999,39000,0,2026,9,15
마포구,신공덕동,대우메트로디오빌,35.14,26,2005,2000,115,2026,9,18
마포구,대흥동,마포그랑자이(2단지),59.96,12,2020,84000,0,2026,9,18
마포구,창전동,창전래미안,59.94,18,1998,10000,175,2026,9,12
마포구,도화동,우성,79.97,3,1991,46300,70,2026,9,2
마포구,상암동,상암월드컵파크10단지,59.69,7,2010,15944,0,2026,9,18
마포구,염리동,마포자이더센트리지(102동~112동),84.987,5,2022,99500,0,2026,9,18
마포구,마포동,보성,59.4,1,1996,43000,0,2026,9,17
마포구,성산동,성산시영(유원),59.43,9,1986,20000,70,2026,9,17
마포구,상암동,상암월드컵파크10단지,59.69,4,2010,15944,0,2026,9,10
마포구,염리동,마포프레스티지자이,84.7352,11,2021,20000,370,2026,9,16
마포구,상암동,상암월드컵파크7단지,84.9,14,2005,5000,350,2026,9,11
마포구,아현동,더클래시,54.65,5,2022,23570,34,2026,9,17
마포구,상암동,상암월드컵파크10단지,84.89,6,2010,26406,0,2026,9,17
마포구,상암동,상암월드컵파크10단지,114.26,10,2010,32145,0,2026,9,17
마포구,염리동,마포프레스티지자이,39.9827,7,2021,1594,22,2026,9,17
마포구,성산동,노블에비뉴,31.728,3,2015,12500,89,2026,9,17
마포구,상암동,상암월드컵파크10단지,59.73,10,2010,15944,0,2026,9,16
마포구,아현동,마포래미안푸르지오3단지,59.9236,8,2014,54800,85,2026,9,8
마포구,신수동,밤섬경남아너스빌,84.83,10,2009,85000,0,2026,9,17
마포구,서교동,서교동효성해링턴타워,37.17,10,2020,13760,77,2026,9,15
마포구,창전동,해모로,59.867,6,2007,57330,0,2026,9,1
마포구,도화동,도화동현대,54.72,2,1996,55000,0,2026,9,11
마포구,신공덕동,공덕아이파크,59.98,4,2013,83000,0,2026,9,17
마포구,신공덕동,대우메트로디오빌,34.39,21,2005,5000,90,2026,9,17
마포구,대흥동,마포자이2차,118.79,4,2014,131200,0,2026,9,5
마포구,마포동,비체힐리버뷰,16.6071,4,2012,11000,10,2026,9,17
마포구,아현동,마포래미안푸르지오1단지,84.8919,8,2014,105000,0,2026,9,10
마포구,창전동,해모로,59.867,6,2007,60100,0,2026,9,1
마포구,창전동,마포웨스트리버태영데시앙,59.989,1,2019,23860,35,2026,9,16
마포구,공덕동,래미안공덕4차,112.71,6,2005,120000,0,2026,9,11
마포구,창전동,이랜드PEER신촌,17.296,8,2021,5337,28,2026,9,17
마포구,아현동,더클래시,49.87,9,2022,20470,30,2026,9,16
마포구,대흥동,서희스타힐스,12.85,13,2014,500,98,2026,9,9
마포구,상암동,DMC상암센트럴파크2단지,51.98,3,2009,55000,0,2026,9,17
마포구,대흥동,대흥동태영아파트,59.4,15,1999,65000,0,2026,9,12
마포구,염리동,마포자이더센트리지(102동~112동),59.99,8,2022,92000,0,2026,9,16
마포구,망원동,마포한강아이파크,84.2293,11,2019,98000,0,2026,9,2
마포구,망원동,영화블렌하임,103.86,8,2009,79000,0,2026,9,15
마포구,상암동,상암월드컵파크10단지,59.37,5,2010,15944,0,2026,9,16
마포구,아현동,애오개아이파크,26.7,10,2016,5000,137,2026,9,4
마포구,상암동,상암월드컵파크12단지,59.69,7,2010,18459,0,2026,9,16
마포구,상암동,상암월드컵파크10단지,49.58,10,2010,6743,45,2026,9,16
마포구,상암동,상암월드컵파크10단지,59.69,8,2010,15944,0,2026,9,16
마포구,합정동,그레이스,77.57,5,2003,55000,0,2026,9,17
마포구,서교동,대우미래사랑,34.29,6,2005,10000,75,2026,9,15
마포구,용강동,마포용강삼성래미안,114.03,6,2003,60000,270,2026,9,16
마포구,상암동,상암월드컵파크1단지,39.44,17,2003,6886,10,2026,9,15
마포구,아현동,마포래미안푸르지오2단지,84.3884,23,2014,80000,109,2026,9,15
마포구,창전동,창전래미안,84.93,15,1998,63000,0,2026,9,9
마포구,서교동,대우미래사랑,34.29,7,2005,1000,95,2026,9,14
마포구,염리동,상록,57.88,15,1997,49000,0,2026,9,16
마포구,성산동,성산시영(대우),50.03,1,1986,27000,5,2026,9,15
마포구,공덕동,래미안공덕5차,59.968,2,2011,20000,150,2026,9,2
마포구,신공덕동,신공덕래미안2차,59.48,3,2000,63000,0,2026,9,12
마포구,염리동,마포자이,113.803,12,2003,125000,0,2026,9,16
마포구,토정동,한강삼성,59.76,3,1997,43980,0,2026,9,14
마포구,공덕동,래미안공덕5차,84.851,17,2011,10000,400,2026,9,14
마포구,창전동,이랜드PEER신촌,17.296,9,2021,4003,32,2026,9,16
마포구,상수동,래미안밤섬리베뉴Ⅱ,40.14,11,2014,1508,22,2026,9,16
마포구,상암동,상암월드컵파크10단지,59.69,14,2010,15944,0,2026,9,14
마포구,신공덕동,신공덕래미안3차,59.96,8,2003,70000,20,2026,9,14
마포구,공덕동,래미안공덕4차,59.9,5,2005,10000,220,2026,9,3
마포구,염리동,마포프레스티지자이,59.8772,4,2021,9000,380,2026,9,14
마포구,아현동,마포래미안푸르지오2단지,59.9656,8,2014,71000,70,2026,9,5
마포구,신수동,마포아이파크포레,84.665,23,2019,28700,0,2026,9,16
마포구,도화동,도화동현대,112.09,9,1996,20000,200,2026,9,16
마포구,상암동,상암월드컵파크11단지,59.73,13,2010,15627,0,2026,9,16
마포구,노고산동,신촌포스빌,32.34,14,2004,1000,110,2026,9,16
마포구,도화동,우성,68.94,7,1991,54600,0,2026,9,8
마포구,공덕동,공덕SK리더스뷰,84.93,17,2021,60000,236,2026,9,15
마포구,아현동,마포래미안푸르지오3단지,84.5978,14,2014,97650,0,2026,9,15
마포구,망원동,마포한강제이스카이,49.738,4,2019,5000,159,2026,9,15
마포구,용강동,강변그린,59.5,4,1999,39000,0,2026,9,15
마포구,염리동,염리삼성래미안,59.76,11,2001,2000,157,2026,9,12
마포구,대흥동,마포자이2차,84.44,2,2014,105000,0,2026,9,15
마포구,염리동,마포프레스티지자이,39.9827,4,2021,5019,7,2026,9,15
마포구,도화동,도화현대,59.4,15,1998,51000,0,2026,9,15
마포구,서교동,서교동효성해링턴타워,17.93,11,2020,4580,46,2026,9,15
마포구,상암동,상암월드컵파크12단지,59.73,3,2010,52500,0,2026,9,4
마포구,상암동,상암월드컵파크10단지,59.37,6,2010,15944,0,2026,9,15
마포구,상암동,상암월드컵파크10단지,59.69,15,2010,15944,0,2026,9,15
마포구,아현동,공덕자이,84.99,13,2015,10000,400,2026,9,12
마포구,신수동,마포아이파크포레,59.376,6,2019,24996,37,2026,9,15
마포구,상암동,DMCVILLE,49.33,2,2006,0,235,2026,9,11
마포구,용강동,래미안마포리버웰,41.62,14,2015,4097,21,2026,9,15
마포구,상암동,DMCVILLE,84.15,5,2006,0,363,2026,9,7
마포구,상수동,래미안밤섬리베뉴Ⅰ,35.01,7,2014,5560,8,2026,9,15
마포구,성산동,성산시영(유원),59.43,12,1986,40000,0,2026,9,15
마포구,상암동,DMCVILLE,84.15,7,2006,0,306,2026,9,6
마포구,상암동,상암월드컵파크10단지,59.69,6,2010,16741,0,2026,9,15
마포구,상암동,상암월드컵파크2단지,59.92,8,2003,58000,0,2026,9,15
마포구,아현동,예미원,66.24,7,1970,30000,90,2026,9,14
마포구,상암동,상암월드컵파크11단지,114.26,2,2010,32145,0,2026,9,15
마포구,상암동,상암월드컵파크10단지,114.26,4,2010,32145,0,2026,9,15
마포구,신수동,마포아이파크포레,84.912,7,2019,100000,0,2026,9,15
마포구,도화동,한화오벨리스크,38.88,15,2004,1000,145,2026,9,12
마포구,아현동,마포래미안푸르지오3단지,84.5978,8,2014,100000,0,2026,9,15
마포구,염리동,마포자이더센트리지(102동~112동),59.99,2,2022,85000,0,2026,9,14
마포구,성산동,성산시영(선경),50.54,2,1986,3000,105,2026,9,12
마포구,아현동,마포래미안푸르지오1단지,84.8919,5,2014,105000,0,2026,9,12
마포구,토정동,한강삼성,84.96,14,1997,84000,0,2026,9,12
마포구,연남동,코오롱,84.936,10,2003,75000,0,2026,9,5
마포구,용강동,래미안마포리버웰,41.62,15,2015,7799,0,2026,9,15
마포구,아현동,마포푸르지오더센트럴,38.79,15,2023,15000,205,2026,9,12
마포구,대흥동,성신,61.81,1,2006,5000,170,2026,9,5
마포구,성산동,성산시영(대우),50.03,9,1986,30300,0,2026,9,12
마포구,성산동,성산시영(유원),59.43,14,1986,38500,0,2026,9,14
마포구,아현동,더클래시,59.97,7,2022,95000,0,2026,9,5
마포구,상암동,상암월드컵파크10단지,84.89,3,2010,26406,0,2026,9,14
마포구,신공덕동,브라운스톤공덕아파트,114.74,3,2009,115000,0,2026,9,12
마포구,상암동,상암월드컵파크10단지,59.69,10,2010,15944,0,2026,9,14
마포구,신정동,서강GS,59.98,13,1999,63000,0,2026,9,14
마포구,상암동,상암월드컵파크10단지,59.69,13,2010,15944,0,2026,9,14
마포구,도화동,현대홈타운,59.17,9,2000,17000,155,2026,9,12
마포구,아현동,마포래미안푸르지오3단지,84.8919,19,2014,60000,179,2026,9,14
마포구,상암동,상암월드컵파크6단지,84.53,7,2005,70000,0,2026,9,12
마포구,상암동,상암월드컵파크2단지,59.92,6,2003,62000,0,2026,9,12
마포구,상암동,상암월드컵파크7단지,104.77,6,2005,85000,0,2026,9,10
마포구,대흥동,대흥동태영아파트,114.93,10,1999,99700,0,2026,9,12
마포구,상암동,상암월드컵파크10단지,49.58,11,2010,8024,15,2026,9,12
마포구,상암동,상암월드컵파크11단지,59.69,12,2010,16408,0,2026,9,12
마포구,용강동,이편한세상마포리버파크,84.98,8,2016,125000,0,2026,9,12
마포구,상암동,상암월드컵파크12단지,59.73,14,2010,2684,45,2026,9,10
마포구,상암동,상암월드컵파크10단지,59.69,8,2010,3991,40,2026,9,10
마포구,염리동,마포자이더센트리지(102동~112동),84.995,22,2022,110000,0,2026,9,12
마포구,공덕동,공덕1삼성래미안,59.74,11,1999,65000,0,2026,9,12
마포구,상암동,상암월드컵파크4단지,84.76,16,2006,30000,180,2026,9,11
마포구,상암동,상암월드컵파크10단지,59.37,15,2010,17538,0,2026,9,10
마포구,공덕동,공덕SK리더스뷰,84.94,24,2021,60000,240,2026,9,12
마포구,신공덕동,펜트라우스,152.85,7,2011,138000,0,2026,9,9
마포구,상암동,상암월드컵파크9단지,59.73,7,2010,17406,0,2026,9,11
마포구,하중동,한강밤섬자이,118.28,23,2010,130000,40,2026,9,12
마포구,망원동,노아아크빌,106.2,1,2004,60000,0,2026,9,12
마포구,아현동,더클래시,59.5,10,2022,40000,230,2026,9,12
마포구,성산동,성산시영(대우),50.03,12,1986,10000,68,2026,9,12
마포구,대흥동,마포그랑자이,84.99,10,2020,1000,130,2026,9,5
마포구,상암동,상암월드컵파크7단지,84.9,9,2005,40000,118,2026,9,11
마포구,서교동,서교동효성해링턴타워,37.17,12,2020,13760,76,2026,9,11
마포구,아현동,마포래미안푸르지오2단지,84.5978,2,2014,99750,0,2026,9,5
마포구,염리동,마포자이더센트리지(101동서울리츠2호임대),34.797,8,2022,12881,45,2026,9,9
마포구,염리동,마포자이더센트리지(102동~112동),84.995,8,2022,60000,0,2026,9,9
마포구,용강동,래미안마포리버웰,59.98,8,2015,65000,140,2026,9,11
마포구,창전동,창전래미안,59.94,17,1998,56000,0,2026,9,9
마포구,아현동,마포센트럴 아이파크,84.9668,15,2017,90000,0,2026,9,11
마포구,도화동,삼성,136.65,5,1997,110000,0,2026,9,5
마포구,성산동,성산시영(유원),59.43,2,1986,35150,0,2026,9,3
마포구,신수동,밤섬경남아너스빌,84.83,13,2009,82000,0,2026,9,7
마포구,염리동,마포자이,113.803,12,2003,125000,0,2026,9,10
마포구,신수동,마포경남아너스빌,84.95,4,2007,70000,15,2026,9,11
마포구,아현동,공덕자이,84.99,11,2015,70000,140,2026,9,10
마포구,염리동,마포자이더센트리지(102동~112동),59.99,11,2022,80800,0,2026,9,11
마포구,염리동,마포자이더센트리지(102동~112동),84.866,4,2022,99750,0,2026,9,11
마포구,신공덕동,신공덕래미안2차,84.73,1,2000,30000,110,2026,9,11
마포구,성산동,성산시영(대우),50.03,5,1986,35000,0,2026,9,10
마포구,현석동,래미안웰스트림,84.96,1,2016,103000,0,2026,9,5
마포구,성산동,성산시영(대우),50.03,4,1986,32300,0,2026,9,4
마포구,상암동,상암월드컵파크2단지,59.92,11,2003,5000,220,2026,9,10
마포구,성산동,성산시영(유원),59.43,3,1986,32300,0,2026,9,10
마포구,상암동,상암월드컵파크10단지,114.26,14,2010,32145,0,2026,9,11
마포구,아현동,마포래미안푸르지오4단지,59.9656,21,2014,85000,0,2026,9,10
마포구,공덕동,래미안공덕5차,84.871,1,2011,20000,200,2026,9,9
마포구,상암동,상암월드컵파크10단지,59.69,15,2010,15944,0,2026,9,11
마포구,대흥동,마포자이2차,37.17,10,2014,2784,16,2026,9,11
마포구,창전동,마포웨스트리버태영데시앙,59.804,8,2019,75000,0,2026,9,3
마포구,성산동,성산시영(선경),50.54,2,1986,3000,81,2026,9,10
마포구,상암동,DMC상암센트럴파크1단지,84.91,5,2009,73000,0,2026,9,2
마포구,상암동,상암월드컵파크11단지,49.58,13,2010,10221,0,2026,9,8
마포구,노고산동,신촌포스빌,29.03,4,2004,1000,105,2026,9,10
마포구,대흥동,서희스타힐스,33.76,5,2014,2000,145,2026,9,1
마포구,창전동,창전래미안,32.76,7,1998,1168,15,2026,9,10
마포구,상암동,상암월드컵파크10단지,59.37,12,2010,15944,0,2026,9,10
마포구,합정동,마포한강푸르지오,84.64,14,2015,30000,380,2026,9,9
마포구,신공덕동,신공덕1차삼성래미안1아파트,84.9,7,2000,78750,0,2026,9,9
마포구,성산동,월드컵아이파크(667),84.7,5,2009,50000,52,2026,9,7
마포구,도화동,도화동현대,128.26,6,1996,71000,0,2026,9,10
마포구,염리동,마포프레스티지자이,59.7848,15,2021,30000,300,2026,9,10
마포구,상암동,상암월드컵파크10단지,59.69,10,2010,15944,0,2026,9,10
마포구,중동,현대,59.54,6,2000,34000,65,2026,9,10
마포구,아현동,세민하이파크,14.05,6,2022,1000,140,2026,9,8
마포구,도화동,도화동현대,112.09,4,1996,10000,300,2026,9,10
마포구,상암동,상암월드컵파크9단지,114.26,6,2010,56940,0,2026,9,9
마포구,상암동,상암월드컵파크10단지,59.37,6,2010,9627,15,2026,9,10
마포구,신수동,신촌삼익,114.5,17,1997,90000,0,2026,9,8
마포구,대흥동,마포그랑자이,84.98,13,2020,115000,0,2026,9,6
마포구,상암동,상암월드컵파크10단지,59.76,1,2010,15944,0,2026,9,9
마포구,상암동,상암월드컵파크10단지,114.26,9,2010,32145,0,2026,9,10
마포구,성산동,성산시영(대우),50.03,2,1986,4500,106,2026,9,3
마포구,아현동,공덕자이,59.99,13,2015,2000,350,2026,9,9
마포구,성산동,성산시영(유원),59.43,9,1986,34178,0,2026,9,9
마포구,공덕동,공덕3삼성래미안,84.98,7,2004,60000,120,2026,9,9
마포구,서교동,서교동효성해링턴타워,37.17,3,2020,13760,76,2026,9,9
마포구,상암동,상암월드컵파크10단지,49.58,5,2010,4817,32,2026,9,10
마포구,성산동,성산시영(대우),50.03,9,1986,31500,0,2026,9,9
마포구,상암동,상암월드컵파크10단지,59.73,12,2010,15944,0,2026,9,10
마포구,노고산동,현대벤처빌,25.42,16,2002,1000,85,2026,9,8
마포구,공덕동,래미안공덕5차,59.959,1,2011,80000,0,2026,9,9
마포구,공덕동,공덕SK리더스뷰,84.93,28,2021,60000,263,2026,9,1
마포구,도화동,우성,54.72,4,1991,2000,170,2026,9,2
마포구,마포동,마포쌍용황금아파트,59.9,5,2000,47000,0,2026,9,9
마포구,대흥동,마포그랑자이,84.98,4,2020,110000,0,2026,9,2
마포구,상암동,상암월드컵파크2단지,59.92,17,2003,56125,0,2026,9,8
마포구,도화동,마포동원베네스트,58.65,8,2010,43000,90,2026,9,9
마포구,상암동,상암월드컵파크10단지,59.37,14,2010,15944,0,2026,9,9
마포구,염리동,마포자이더센트리지(101동서울리츠2호임대),34.797,8,2022,12166,43,2026,9,9
마포구,성산동,월드컵아이파크(667),117.95,12,2009,30000,175,2026,9,9
마포구,상암동,상암월드컵파크9단지,59.73,11,2010,9559,15,2026,9,8
마포구,도화동,현대홈타운,113.25,20,2000,72000,0,2026,9,2
마포구,신수동,대원칸타빌,143.656,13,2004,100000,80,2026,9,2
마포구,상암동,상암월드컵파크10단지,59.73,9,2010,15944,0,2026,9,8
마포구,대흥동,대흥동태영아파트,59.4,13,1999,70000,0,2026,9,8
마포구,상암동,상암월드컵파크10단지,59.49,1,2010,15944,0,2026,9,9
마포구,망원동,한강2차대주피오레,84.97,11,2003,75000,0,2026,9,1
마포구,공덕동,래미안공덕4차,83.42,7,2005,20000,252,2026,9,5
마포구,성산동,성산시영(유원),59.43,1,1986,40000,0,2026,9,5
마포구,신수동,신촌삼익,59.85,22,1997,10000,159,2026,9,7
마포구,신공덕동,신공덕래미안3차,84.69,3,2003,60000,80,2026,9,8
마포구,성산동,월드컵아이파크(666-0),83.28,2,2008,40792,0,2026,9,8
마포구,상암동,상암월드컵파크1단지,39.66,16,2003,1794,26,2026,9,8
마포구,도화동,한화오벨리스크,38.08,7,2004,2000,150,2026,9,2
마포구,망원동,마포한강아이파크,111.2884,7,2019,30000,340,2026,9,8
마포구,염리동,마포자이더센트리지(102동~112동),84.866,20,2022,81585,0,2026,9,2
마포구,대흥동,마포그랑자이(2단지),59.96,7,2020,78000,0,2026,9,3
마포구,신공덕동,신공덕래미안2차,59.48,3,2000,55500,0,2026,9,7
마포구,창전동,이랜드PEER신촌,17.296,8,2021,5337,28,2026,9,8
마포구,상암동,상암월드컵파크2단지,59.92,18,2003,5000,137,2026,9,5
마포구,공덕동,공덕3삼성래미안,59.97,3,2004,80000,0,2026,9,5
마포구,서교동,서교동효성해링턴타워,37.17,12,2020,12230,82,2026,9,7
마포구,서교동,서교동효성해링턴타워,37.17,10,2020,13760,77,2026,9,8
마포구,성산동,성산시영(유원),59.43,8,1986,43000,0,2026,9,6
마포구,상수동,래미안밤섬리베뉴Ⅰ,84.99,8,2014,95000,0,2026,9,7
마포구,토정동,한강삼성,59.76,17,1997,50000,0,2026,9,4
마포구,도화동,한화오벨리스크,59,19,2004,30000,180,2026,9,7
마포구,창전동,이랜드PEER신촌,17.296,5,2021,5152,28,2026,9,7
마포구,창전동,이랜드PEER신촌,17.296,15,2021,5321,27,2026,9,7
마포구,아현동,더클래시,59.97,14,2022,10000,340,2026,9,7
마포구,도화동,현대홈타운,84.95,9,2000,70000,0,2026,9,7
마포구,염리동,상록임대,26.81,7,1997,1030,11,2026,9,7
마포구,성산동,성산시영(대우),50.03,1,1986,26600,0,2026,9,7
마포구,아현동,마포래미안푸르지오4단지,59.9656,8,2014,80955,0,2026,9,6
마포구,성산동,성산시영(대우),50.03,4,1986,5000,120,2026,9,4
마포구,대흥동,대흥동태영아파트,84.77,7,1999,35000,210,2026,9,5
마포구,상암동,상암월드컵파크10단지,59.37,11,2010,15944,0,2026,9,6
마포구,성산동,성산시영(선경),50.54,4,1986,22000,43,2026,9,2
마포구,염리동,마포프레스티지자이,59.8397,13,2021,10000,340,2026,9,5
마포구,현석동,밤섬힐스테이트,59.4,19,1999,55000,0,2026,9,5
마포구,상암동,상암월드컵파크6단지,104.32,7,2005,10000,340,2026,9,4
마포구,창전동,이랜드PEER신촌,29.5491,14,2021,6365,51,2026,9,7
마포구,신수동,신촌삼익,84.85,17,1997,78000,0,2026,9,2
마포구,상암동,상암월드컵파크10단지,49.71,1,2010,10353,2,2026,9,7
마포구,상암동,상암월드컵파크10단지,59.37,7,2010,15944,0,2026,9,4
마포구,상암동,상암월드컵파크10단지,59.69,10,2010,9437,16,2026,9,6
마포구,창전동,마포웨스트리버태영데시앙,59.989,3,2019,8880,87,2026,9,7
마포구,상암동,DMC상암센트럴파크2단지,36.69,10,2009,40000,0,2026,9,5
마포구,대흥동,마포그랑자이,84.99,13,2020,29000,0,2026,9,7
마포구,성산동,성산시영(대우),50.03,7,1986,20000,60,2026,9,5
마포구,창전동,이랜드PEER신촌,17.296,9,2021,4670,30,2026,9,7
마포구,신정동,서강GS,59.98,22,1999,63000,0,2026,9,5
마포구,노고산동,신촌예스빌딩,12.93,6,2015,1000,69,2026,9,6
마포구,상암동,상암월드컵파크1단지,39.44,4,2003,1783,26,2026,9,7
마포구,상수동,래미안밤섬리베뉴Ⅱ,84.82,11,2014,98700,0,2026,9,5
마포구,성산동,성산시영(선경),50.54,11,1986,34000,0,2026,9,5
마포구,상암동,상암월드컵파크3단지,84.84,13,2003,40000,84,2026,9,7
마포구,성산동,성산시영(유원),59.43,12,1986,41000,0,2026,9,5
마포구,성산동,삼호빌라트,83.86,7,2001,44000,0,2026,9,7
마포구,염리동,상록임대,27.47,3,1997,1055,12,2026,9,7
마포구,성산동,삼호빌라트,83.86,7,2001,44000,0,2026,9,7
마포구,상암동,상암월드컵파크2단지,59.92,13,2003,50000,25,2026,9,7
마포구,창전동,이랜드PEER신촌,17.1491,8,2021,5337,28,2026,9,7
마포구,상암동,상암월드컵파크8단지,39.97,6,2008,5272,10,2026,9,7
마포구,성산동,성산시영(대우),50.03,10,1986,6000,100,2026,9,5
마포구,성산동,성산시영(선경),50.54,8,1986,33600,0,2026,9,5
마포구,아현동,마포래미안푸르지오4단지,59.9656,2,2014,80000,0,2026,9,1
마포구,아현동,공덕자이,59.99,1,2015,76650,0,2026,9,5
마포구,아현동,마포래미안푸르지오4단지,59.9236,14,2014,40000,200,2026,9,5
마포구,대흥동,마포그랑자이,84.98,14,2020,130000,0,2026,9,5
마포구,염리동,마포프레스티지자이,59.8772,2,2021,85000,0,2026,9,6
마포구,토정동,한강삼성,59.76,12,1997,60900,0,2026,9,5
마포구,아현동,더클래시,59.5,16,2022,60000,120,2026,9,3
마포구,공덕동,래미안공덕5차,59.959,14,2011,20000,250,2026,9,5
마포구,신수동,신촌삼익,84.85,9,1997,70000,0,2026,9,7
마포구,중동,마포중동현대,59.88,1,2001,40900,0,2026,9,4
마포구,아현동,마포래미안푸르지오2단지,84.5978,9,2014,95000,60,2026,9,5
마포구,노고산동,신촌포스빌,29.03,3,2004,1000,105,2026,9,3
마포구,대흥동,대흥동태영아파트,59.4,6,1999,65000,0,2026,9,5
마포구,아현동,마포래미안푸르지오3단지,84.8919,11,2014,90000,0,2026,9,5
마포구,염리동,마포프레스티지자이,59.8772,15,2021,95000,0,2026,9,4
마포구,아현동,마포래미안푸르지오2단지,84.5978,9,2014,100000,0,2026,9,4
마포구,현석동,래미안웰스트림,84.98,35,2016,31500,0,2026,9,4
마포구,상암동,상암월드컵파크10단지,59.37,6,2010,15944,0,2026,9,4
마포구,상암동,상암월드컵파크6단지,104.32,3,2005,92000,0,2026,9,1
마포구,신수동,마포아이파크포레,84.901,12,2019,110000,0,2026,9,4
마포구,성산동,성산시영(유원),59.43,13,1986,31248,0,2026,9,3
마포구,도화동,도화현대,84.42,8,1998,10000,240,2026,9,4
마포구,상암동,상암월드컵파크11단지,59.73,9,2010,17189,0,2026,9,4
마포구,상암동,상암월드컵파크3단지,84.84,17,2003,70000,0,2026,9,3
마포구,신수동,신수동르끌레브아파트,32.22,5,2023,41000,0,2026,9,3
마포구,성산동,성산시영(대우),50.03,9,1986,1000,130,2026,9,3
마포구,상암동,상암월드컵파크10단지,49.58,10,2010,12554,13,2026,9,3
마포구,창전동,서강예가,84.988,3,2007,78000,0,2026,9,2
마포구,성산동,성산시영(대우),50.03,2,1986,35000,0,2026,9,3
마포구,성산동,성산시영(선경),50.54,2,1986,32000,0,2026,9,3
마포구,상암동,상암월드컵파크10단지,49.58,4,2010,1926,38,2026,9,3
마포구,염리동,마포자이,135.376,8,2003,10000,460,2026,9,3
마포구,합정동,합정한강아파트,52.62,1,2017,25000,100,2026,9,1
마포구,아현동,마포래미안푸르지오4단지,84.5978,26,2014,100000,25,2026,9,4
마포구,신공덕동,공덕아이파크,59.98,10,2013,35000,94,2026,9,2
마포구,아현동,마포래미안푸르지오4단지,59.9656,10,2014,40000,200,2026,9,3
마포구,상암동,상암월드컵파크12단지,59.73,7,2010,10257,15,2026,9,3
마포구,상암동,상암월드컵파크8단지,49.94,8,2008,7312,12,2026,9,3
마포구,창전동,신촌태영데시앙,84.97,5,2003,80000,0,2026,9,3
마포구,대흥동,마포자이2차,37.17,10,2014,4426,7,2026,9,3
마포구,도화동,삼성,136.65,3,1997,118000,0,2026,9,3
마포구,현석동,강변힐스테이트,59.78,2,2004,15000,181,2026,9,3
마포구,상암동,상암월드컵파크10단지,59.37,11,2010,17538,0,2026,9,2
마포구,신수동,힐스테이트마포더퍼스트,59.99,22,2026,83000,0,2026,9,3
마포구,아현동,마포센트럴 아이파크,59.9718,10,2017,78000,0,2026,9,2
마포구,서교동,서교동효성해링턴타워,37.17,6,2020,13760,74,2026,9,2
마포구,망원동,한강1차대주피오레,79.38,12,2003,70000,0,2026,9,2
마포구,도화동,도화동현대,147.37,6,1996,78700,0,2026,9,3
마포구,창전동,서강예가,119.301,12,2007,100000,0,2026,9,2
마포구,염리동,마포자이더센트리지(102동~112동),59.99,20,2022,94000,0,2026,9,2
마포구,상암동,상암월드컵파크11단지,114.26,7,2010,56940,0,2026,9,2
마포구,상암동,상암월드컵파크10단지,59.69,13,2010,15944,0,2026,9,2
마포구,상암동,상암월드컵파크10단지,59.69,4,2010,19132,0,2026,9,2
마포구,상암동,상암월드컵파크2단지,59.92,14,2003,63000,0,2026,9,2
마포구,상암동,상암월드컵파크2단지,49.8,17,2003,48300,0,2026,9,2
마포구,망원동,강변타운,84.98,1,2000,48000,0,2026,9,2
마포구,대흥동,마포자이2차,84.95,17,2014,20000,450,2026,9,2
마포구,중동,울트라월드컵(참누리),84.9406,7,2006,75000,0,2026,9,1
마포구,염리동,마포프레스티지자이,84.9422,18,2021,60000,320,2026,9,1
마포구,공덕동,공덕더샵,84.9902,19,2018,115000,0,2026,9,1
마포구,도화동,현대홈타운,84.95,5,2000,54000,45,2026,9,2
마포구,상암동,상암월드컵파크2단지,59.92,7,2003,57000,0,2026,9,2
마포구,상암동,상암월드컵파크10단지,59.73,7,2010,17538,0,2026,9,2
마포구,상암동,상암월드컵파크10단지,49.71,2,2010,4817,32,2026,9,1
마포구,염리동,마포프레스티지자이,114.9159,2,2021,80000,309,2026,9,2
마포구,상암동,상암월드컵파크10단지,59.37,13,2010,15944,0,2026,9,2
마포구,상암동,상암월드컵파크10단지,49.58,4,2010,8139,14,2026,9,1
마포구,염리동,마포프레스티지자이,84.9422,18,2021,60000,320,2026,9,1
마포구,상암동,상암월드컵파크10단지,49.71,1,2010,8139,14,2026,9,1
마포구,신공덕동,신공덕래미안2차,84.73,13,2000,10000,260,2026,9,1
마포구,상암동,상암월드컵파크10단지,49.58,13,2010,4817,32,2026,9,1
마포구,상암동,상암월드컵파크11단지,49.58,4,2010,8341,11,2026,9,1
마포구,현석동,래미안웰스트림,84.98,18,2016,95000,0,2026,9,1
마포구,상암동,상암월드컵파크11단지,59.37,12,2010,15627,0,2026,9,1
마포구,상암동,상암월드컵파크10단지,49.58,7,2010,4817,32,2026,9,1
마포구,성산동,성산시영(선경),50.54,3,1986,34000,0,2026,9,1
마포구,상암동,상암월드컵파크10단지,59.73,9,2010,15944,0,2026,9,1
마포구,공덕동,마포현대,84.87,15,1988,60000,0,2026,9,1
마포구,노고산동,빌리브디에이블,38.31,15,2025,5000,220,2026,9,1
마포구,상수동,상수동월드메르디앙,144.19,9,2000,10000,700,2026,9,1
마포구,신수동,힐스테이트마포더퍼스트,84.07,5,2026,105000,0,2026,9,1
마포구,상암동,상암월드컵파크10단지,114.26,5,2010,32145,0,2026,9,1
마포구,상암동,상암월드컵파크11단지,59.73,10,2010,16408,0,2026,9,1
마포구,상암동,상암월드컵파크11단지,59.37,13,2010,15627,0,2026,9,1
양천구,신월동,신정두산위브,84.04,10,2012,10000,200,2026,9,21
양천구,목동,목동신시가지7,101.2,6,1986,60000,180,2026,9,19
양천구,신정동,목동신시가지14,108.28,3,1987,85000,0,2026,9,20
양천구,신월동,목동센트럴아이파크위브2단지,59.88,7,2020,10000,190,2026,9,12
양천구,신정동,목동우성2,84.96,10,2000,57750,0,2026,9,15
양천구,신정동,목동신시가지12,71.64,7,1988,52000,0,2026,9,12
양천구,목동,목동성원(926-8),114.95,1,1997,50000,250,2026,9,9
양천구,신정동,목동신시가지13,70.73,3,1987,56700,0,2026,9,10
양천구,신월동,신월시영,43.2,7,1988,23000,0,2026,9,12
양천구,신정동,신트리1,49.8,5,1999,30000,30,2026,9,11
양천구,목동,목동청구한신아파트,84.76,9,1997,94500,0,2026,9,13
양천구,신정동,학마을1단지,49.98,3,2000,21000,0,2026,9,4
양천구,신정동,목동신시가지14,108.28,3,1987,10000,300,2026,9,5
양천구,목동,목동롯데캐슬마에스트로,59.9846,5,2019,25000,110,2026,9,5
양천구,신정동,신트리1,59.73,7,1999,40000,0,2026,9,5
양천구,목동,성원2,79.21,4,2000,21010,130,2026,9,3
양천구,신정동,목동신시가지10,53.82,13,1987,15000,125,2026,9,14
양천구,신정동,목동삼성,114.93,3,1996,87000,0,2026,9,19
양천구,신정동,래미안목동아델리체(119동~123동),39.39,10,2021,1852,25,2026,9,14
양천구,목동,목동신시가지7,53.88,6,1986,15000,150,2026,9,16
양천구,신정동,목동신시가지8,71.77,3,1987,73000,0,2026,9,23
양천구,신월동,목동센트럴아이파크위브1단지,59.97,2,2020,20000,200,2026,9,21
양천구,목동,목동센트럴푸르지오,84.9808,16,2015,40000,330,2026,9,21
양천구,목동,목동신시가지5,122.46,4,1986,125000,0,2026,9,6
양천구,신정동,양천,39.2,8,1995,2481,5,2026,9,7
양천구,신정동,목동신시가지10,105.58,11,1987,73500,32,2026,9,21
양천구,신정동,이펜하우스1단지,84.86,5,2011,27872,0,2026,9,23
양천구,신정동,목동신시가지10,105.58,3,1987,80000,20,2026,9,18
양천구,신정동,신트리1,59.42,14,1999,39900,0,2026,9,22
양천구,목동,목동롯데캐슬마에스트로,59.984,14,2019,40000,100,2026,9,23
양천구,신정동,목동신시가지13,98.63,8,1987,66000,100,2026,9,19
양천구,신정동,양천,39.36,1,1995,1054,13,2026,9,7
양천구,신정동,호반써밋목동,84.9224,4,2022,75000,10,2026,9,19
양천구,목동,현대파크빌(907-23),146.16,14,2003,140000,0,2026,9,20
양천구,신월동,목동센트럴아이파크위브4단지,84.98,8,2020,63000,0,2026,9,13
양천구,목동,성원2,79.21,2,2000,52000,0,2026,9,19
양천구,목동,목동신시가지4,96.36,9,1986,85000,0,2026,9,22
양천구,신정동,SM엘루이아파트,84.96,10,2008,63000,0,2026,9,19
양천구,신정동,목동신시가지12,71.64,6,1988,10000,180,2026,9,22
양천구,신정동,목동신시가지11,59.29,3,1988,2000,150,2026,9,5
양천구,신정동,목동신시가지11,51.48,7,1988,34650,0,2026,9,10
양천구,목동,트라팰리스웨스턴에비뉴,124.95,24,2009,170000,0,2026,9,19
양천구,신정동,푸른마을4,84.99,10,2002,46000,0,2026,9,21
양천구,신정동,목동신시가지14,83.31,3,1987,20000,180,2026,9,19
양천구,신정동,신정6현대,84.6,7,2000,30000,100,2026,9,19
양천구,목동,목동신시가지7,66.6,6,1986,70000,0,2026,9,4
양천구,신정동,목동신시가지13,53.9,5,1987,23000,80,2026,9,21
양천구,목동,목동신시가지2,95.76,2,1986,100000,0,2026,9,22
양천구,신정동,신정6현대,59.4,3,2000,38000,0,2026,9,21
양천구,목동,목동신시가지7,101.2,2,1986,50000,240,2026,9,10
양천구,신정동,목동신시가지12,71.64,3,1988,52500,0,2026,9,5
양천구,신정동,목동신시가지11,51.48,14,1988,39000,0,2026,9,21
양천구,신정동,목동신시가지13,53.9,1,1987,27000,55,2026,9,19
양천구,목동,목동신시가지4,48.69,6,1986,10000,122,2026,9,17
양천구,목동,부영2,123.08,7,2000,150000,0,2026,9,16
양천구,신월동,신월시영,43.2,9,1988,21000,0,2026,9,18
양천구,신정동,목동신시가지14,108.28,3,1987,10000,300,2026,9,5
양천구,신월동,신월시영,43.2,7,1988,14700,0,2026,9,16
양천구,목동,목동신시가지5,95.06,10,1986,86100,20,2026,9,21
양천구,목동,목동롯데캐슬마에스트로,59.984,7,2019,5000,230,2026,9,6
양천구,신정동,목동신시가지11,51.48,11,1988,39000,0,2026,9,16
양천구,목동,목동신시가지7,66.6,9,1986,5000,170,2026,9,21
양천구,신정동,목동신시가지12,53.46,1,1988,5000,130,2026,9,17
양천구,목동,목동신시가지6,47.94,1,1986,42000,0,2026,9,12
양천구,신정동,신트리1,49.8,15,1999,5000,110,2026,9,21
양천구,신정동,목동신시가지8,54.94,3,1987,48300,0,2026,9,19
양천구,신정동,학마을1단지,49.99,15,2000,35000,0,2026,9,19
양천구,신월동,양천벽산블루밍2단지,84.77,8,2006,47000,0,2026,9,21
양천구,신월동,정원,72.36,1,1992,24000,0,2026,9,21
양천구,신정동,목동신시가지11,66.24,6,1988,55000,0,2026,9,19
양천구,목동,목동신시가지7,101.2,6,1986,60000,180,2026,9,19
양천구,목동,목동신시가지7,66.6,1,1986,72000,0,2026,9,19
양천구,신정동,목동신시가지11,66.24,2,1988,20000,140,2026,9,8
양천구,신월동,목동센트럴아이파크위브4단지,84.97,2,2020,62512,0,2026,9,19
양천구,신정동,경남아너스빌,96.17,15,2004,60000,190,2026,9,21
양천구,신정동,아이파크,84.88,15,2002,110000,50,2026,9,19
양천구,목동,롯데캐슬위너,84.98,3,2005,47600,110,2026,9,21
양천구,신월동,목동센트럴아이파크위브4단지,84.98,1,2020,71000,0,2026,9,21
양천구,신정동,목동신시가지14,74.19,11,1987,48300,45,2026,9,12
양천구,신정동,목동신시가지11,51.48,6,1988,40000,0,2026,9,21
양천구,신정동,푸른마을1단지,49.16,7,2001,5170,3,2026,9,21
양천구,신정동,이펜하우스3단지,84.86,10,2011,27872,0,2026,9,21
양천구,목동,목동신시가지2,97.92,14,1986,96000,0,2026,9,21
양천구,신정동,목동우성2,84.96,4,2000,60000,0,2026,9,19
양천구,신정동,목동우성2,84.96,10,2000,57750,0,2026,9,15
양천구,신정동,목동우성2,113.91,15,2000,60000,0,2026,9,19
양천구,신월동,목동센트럴아이파크위브2단지,84.96,7,2020,10000,190,2026,9,5
양천구,신월동,길훈,42.57,4,1987,20000,0,2026,9,11
양천구,신정동,푸른마을3,59.91,8,2001,43000,0,2026,9,18
양천구,신정동,목동신시가지12,71.64,4,1988,51000,0,2026,9,5
양천구,신정동,래미안목동아델리체(101동~118동),84.95,5,2021,88000,0,2026,9,19
양천구,신정동,목동신시가지9,106.39,5,1987,95000,0,2026,9,7
양천구,신정동,길훈로즈빌,84.95,14,2002,95000,40,2026,9,19
양천구,신정동,쌍용,84.65,13,1992,66000,0,2026,9,19
양천구,신월동,목동센트럴아이파크위브4단지,84.98,11,2020,73000,0,2026,9,21
양천구,신정동,목동신시가지14,71.4,13,1987,68000,0,2026,9,14
양천구,목동,롯데캐슬위너,59.98,15,2005,72000,0,2026,9,18
양천구,목동,진도1,59.84,7,1998,69000,0,2026,9,17
양천구,목동,목동신시가지7,53.88,13,1986,20000,109,2026,9,19
양천구,신월동,목동센트럴아이파크위브1단지,59.68,15,2020,50000,70,2026,9,18
양천구,신정동,목동2삼성래미안,84.65,11,2001,79000,0,2026,9,19
양천구,신정동,현대,84.84,6,1995,75000,0,2026,9,19
양천구,목동,목동신시가지4,67.58,15,1986,45000,0,2026,9,19
양천구,목동,목동신시가지4,48.69,10,1986,35000,50,2026,9,19
양천구,목동,목동신시가지6,47.94,2,1986,35000,0,2026,9,19
양천구,목동,진도1,59.84,11,1998,55000,50,2026,9,17
양천구,신정동,목동신시가지13,70.73,7,1987,20000,114,2026,9,19
양천구,목동,목동신시가지7,66.6,4,1986,69000,0,2026,9,17
양천구,목동,목동신시가지7,53.88,9,1986,52000,0,2026,9,19
양천구,목동,목동청구한신아파트,84.77,7,1997,60000,110,2026,9,19
양천구,신월동,목동센트럴아이파크위브1단지,59.88,7,2020,37648,0,2026,9,10
양천구,목동,목동신시가지1,98.08,4,1985,96600,0,2026,9,4
양천구,신정동,목동힐스테이트,84.98,2,2016,73850,0,2026,9,18
양천구,신월동,예담파크뷰,78.5,3,2026,39000,0,2026,9,17
양천구,신정동,양천,33.62,12,1995,867,11,2026,9,18
양천구,목동,목동청구한신아파트,84.77,2,1997,75000,80,2026,9,15
양천구,신정동,목동신시가지11,51.48,14,1988,38000,0,2026,9,16
양천구,목동,목동신시가지6,65.1,10,1986,60000,0,2026,9,4
양천구,신월동,신월시영,43.2,7,1988,5000,70,2026,9,10
양천구,목동,롯데캐슬위너,84.97,7,2005,73000,0,2026,9,17
양천구,목동,목동신시가지5,115.47,13,1986,115500,0,2026,9,14
양천구,신정동,목동신시가지12,71.64,12,1988,60000,0,2026,9,17
양천구,신월동,신월시영,50.67,12,1988,3000,100,2026,9,7
양천구,목동,신동아파밀리에,118.5154,5,2002,94000,0,2026,9,18
양천구,신정동,래미안목동아델리체(119동~123동),59.82,9,2021,72000,0,2026,9,15
양천구,목동,대원칸타빌3,84.98,5,2003,65000,80,2026,9,10
양천구,신월동,신월대림,59.73,14,2001,39000,0,2026,9,18
양천구,신월동,장수마을2단지동원데쟈뷰,84.01,9,2007,10000,180,2026,9,17
양천구,목동,목동효성,84.8,9,2003,63000,0,2026,9,18
양천구,신정동,목동신시가지14,108.28,5,1987,80000,45,2026,9,16
양천구,신정동,목동신시가지10,53.82,7,1987,5000,140,2026,9,10
양천구,신정동,목동신시가지13,70.73,15,1987,55000,0,2026,9,18
양천구,신정동,신트리3,84.8,3,2000,42000,40,2026,9,17
양천구,신월동,목동센트럴아이파크위브2단지,84.98,11,2020,70000,0,2026,9,17
양천구,목동,목동신시가지4,142.2,10,1986,135000,0,2026,9,16
양천구,목동,목동신시가지7,66.6,13,1986,60000,45,2026,9,5
양천구,신정동,목동신시가지12,71.64,2,1988,10000,140,2026,9,17
양천구,목동,부영그린타운1,133.36,6,1999,120000,75,2026,9,16
양천구,목동,목동신시가지3,64.98,6,1986,43000,30,2026,9,15
양천구,신정동,목동신시가지12,71.64,2,1988,10000,140,2026,9,17
양천구,신정동,목동신시가지11,51.48,6,1988,35000,0,2026,9,17
양천구,신정동,목동신시가지12,53.46,5,1988,5000,130,2026,9,1
양천구,신정동,목동신시가지9,71.37,2,1987,70000,0,2026,9,16
양천구,신정동,신정현대5,89.36,2,1999,10000,225,2026,9,17
양천구,목동,목동신시가지3,64.98,8,1986,57750,0,2026,9,17
양천구,목동,신한이모르젠,84.77,7,2006,8000,150,2026,9,12
양천구,신정동,신트리3,84.8,4,2000,20000,120,2026,9,8
양천구,목동,목동신시가지1,98.08,4,1985,90000,40,2026,9,16
양천구,신월동,신월시영,43.2,11,1988,3000,80,2026,9,16
양천구,신정동,신트리4,49.08,11,2000,5000,120,2026,9,12
양천구,목동,목동신시가지7,53.88,6,1986,59850,0,2026,9,5
양천구,신정동,학마을1단지,49.99,4,2000,34000,0,2026,9,16
양천구,목동,동구햇살아파트,97.06,3,2003,50000,55,2026,9,16
양천구,신월동,목동센트럴아이파크위브4단지,45.96,1,2020,4158,21,2026,9,16
양천구,신정동,목동신시가지14,108.28,11,1987,60000,128,2026,9,15
양천구,목동,롯데캐슬위너,59.98,12,2005,12000,150,2026,9,16
양천구,신월동,길훈,49.77,2,1987,18900,0,2026,9,12
양천구,신월동,목동센트럴아이파크위브2단지,84.98,2,2020,58800,0,2026,9,12
양천구,목동,목동신시가지5,95.06,12,1986,60000,150,2026,9,11
양천구,목동,목동청구한신아파트,84.77,1,1997,30000,200,2026,9,10
양천구,신정동,이펜하우스2단지,114.98,2,2011,27913,0,2026,9,16
양천구,신정동,목동신시가지12,53.46,15,1988,5347,75,2026,9,16
양천구,신정동,양천,39.2,2,1995,419,15,2026,9,8
양천구,신월동,방주아크빌,76.57,5,2002,25000,65,2026,9,15
양천구,목동,목동신시가지6,47.94,19,1986,22000,60,2026,9,3
양천구,신정동,목동우성2,84.96,12,2000,35000,100,2026,9,15
양천구,신월동,목동센트럴아이파크위브3단지,84.98,8,2020,63000,0,2026,9,16
양천구,신정동,목동신시가지12,71.64,6,1988,43400,35,2026,9,16
양천구,신정동,목동신시가지12,71.64,6,1988,43400,35,2026,9,16
양천구,목동,현대하이페리온,154.05,33,2003,140000,300,2026,9,16
양천구,신월동,길훈,49.77,2,1987,15000,0,2026,9,15
양천구,신정동,목동신시가지11,66.24,10,1988,49000,0,2026,9,11
양천구,신정동,대림e-편한세상,84.985,2,2004,41000,40,2026,9,16
양천구,목동,목동센트럴푸르지오,84.9808,6,2015,68250,0,2026,9,15
양천구,신정동,목동신시가지12,71.64,6,1988,43400,35,2026,9,16
양천구,목동,목동가든스위트,179.03,7,1999,135000,0,2026,9,11
양천구,신월동,목동센트럴아이파크위브4단지,45.96,11,2020,6287,9,2026,9,15
양천구,신정동,목동신시가지11,51.48,4,1988,41000,0,2026,9,15
양천구,신정동,목동파크자이(101동~108동),84.977,3,2019,89000,0,2026,9,15
양천구,목동,롯데캐슬위너,59.98,15,2005,63000,0,2026,9,15
양천구,목동,대원칸타빌2,84.98,11,2003,68250,0,2026,9,16
양천구,신정동,동일하이빌2단지,115.321,3,2005,65000,0,2026,9,15
양천구,신정동,래미안목동아델리체(101동~118동),59.82,26,2021,82500,0,2026,9,11
양천구,신월동,태형,84.75,12,1998,25000,0,2026,9,14
양천구,신정동,목동신시가지13,70.73,3,1987,56700,0,2026,9,10
양천구,신정동,목동2삼성래미안,59.92,5,2001,57000,0,2026,9,12
양천구,신정동,신트리1,49.95,15,1999,20000,80,2026,9,13
양천구,목동,목동청구한신아파트,84.77,6,1997,30000,270,2026,9,15
양천구,목동,목동신시가지4,47.25,10,1986,10000,128,2026,9,14
양천구,신정동,목동신시가지10,70.2,15,1987,10300,136,2026,9,15
양천구,신정동,롯데캐슬,84.73,2,2004,88000,0,2026,9,14
양천구,신정동,목동신시가지12,66.78,1,1988,37000,20,2026,9,10
양천구,신정동,목동신시가지12,71.64,12,1988,15000,165,2026,9,14
양천구,신월동,방주아크빌,76.57,5,2002,25000,65,2026,9,15
양천구,신정동,이펜하우스1단지,59.93,4,2011,47000,0,2026,9,12
양천구,신월동,목동센트럴아이파크위브2단지,84.97,8,2020,40000,160,2026,9,14
양천구,신정동,목동신시가지11,51.48,14,1988,38000,0,2026,9,15
양천구,신월동,길훈,49.77,2,1987,15000,0,2026,9,15
양천구,목동,목동신시가지7,66.6,4,1986,70000,0,2026,9,12
양천구,신정동,래미안목동아델리체(119동~123동),49.22,4,2021,2238,32,2026,9,7
양천구,신정동,목동신시가지12,71.64,8,1988,65000,0,2026,9,11
양천구,목동,목동신시가지6,47.94,6,1986,43000,0,2026,9,14
양천구,목동,목동신시가지6,47.94,11,1986,39900,0,2026,9,14
양천구,목동,인우,92.984,5,2002,50000,50,2026,9,12
양천구,신정동,목동신시가지11,66.24,6,1988,48000,0,2026,9,14
양천구,신정동,목동파크자이(101동~108동),84.977,5,2019,102000,0,2026,9,12
양천구,신정동,수정,47.16,2,1987,300,55,2026,9,8
양천구,신정동,목동신시가지14,71.4,17,1987,50000,80,2026,9,7
양천구,목동,엘리시아,62.14,6,2009,46200,0,2026,9,12
양천구,신월동,태헌(신월프라자),56.97,10,1999,20000,0,2026,9,8
양천구,신정동,동일하이빌2단지,84.955,15,2005,60000,0,2026,9,14
양천구,목동,성원2,59.9,6,2000,38000,0,2026,9,12
양천구,신월동,신정두산위브,84.04,16,2012,65000,0,2026,9,4
양천구,목동,대원칸타빌,81.233,5,2001,60000,150,2026,9,11
양천구,신정동,목동신시가지13,151.76,7,1987,91000,0,2026,9,11
양천구,목동,목동신시가지1,83.23,1,1985,70000,50,2026,9,12
양천구,신월동,목동센트럴아이파크위브4단지,84.98,18,2020,76000,0,2026,9,14
양천구,신정동,신호,59.94,7,1997,5000,150,2026,9,2
양천구,신정동,푸른마을2,59.85,1,2001,34000,0,2026,9,11
양천구,목동,목동신시가지7,66.6,6,1986,65000,0,2026,9,14
양천구,목동,목동신시가지4,48.69,3,1986,20000,100,2026,9,12
양천구,목동,목동신시가지1,47.52,5,1985,34500,0,2026,9,14
양천구,신정동,태화상가빌라트,95.22,8,1996,50000,0,2026,9,4
양천구,신정동,목동신시가지8,54.94,3,1987,41895,0,2026,9,11
양천구,목동,목동신시가지1,125.44,2,1985,120000,0,2026,9,12
양천구,신정동,목동신시가지9,71.37,9,1987,60000,0,2026,9,4
양천구,목동,목동신시가지7,53.88,4,1986,7000,190,2026,9,14
양천구,신월동,신도신월1차,80.19,8,2004,33900,0,2026,9,9
양천구,신정동,신트리1,49.8,13,1999,37000,0,2026,9,11
양천구,신월동,신정두산위브,84.22,13,2012,64000,0,2026,9,12
양천구,목동,목동신시가지2,95.67,9,1986,91000,0,2026,9,12
양천구,신정동,목동신시가지13,53.9,7,1987,47000,0,2026,9,6
양천구,목동,목동신시가지5,142.51,10,1986,100000,123,2026,9,4
양천구,신정동,목동힐스테이트,84.88,13,2016,42000,250,2026,9,12
양천구,신정동,목동신시가지14,55.02,5,1987,15000,100,2026,9,5
양천구,신정동,목동신시가지11,66.24,2,1988,45000,30,2026,9,1
양천구,신정동,쌍용,84.63,4,1992,63000,0,2026,9,11
양천구,신월동,신월시영,50.67,3,1988,20500,0,2026,9,12
양천구,목동,목동신시가지5,142.51,12,1986,140000,0,2026,9,12
양천구,신월동,동원데자뷰,84.9375,11,2012,30000,90,2026,9,9
양천구,신정동,목동신시가지12,53.46,15,1988,10000,75,2026,9,1
양천구,신정동,양천,39.36,4,1995,421,15,2026,9,7
양천구,신정동,이펜하우스1단지,114.73,1,2011,31623,0,2026,9,11
양천구,신정동,푸른마을2,59.99,6,2001,35700,0,2026,9,9
양천구,목동,목동신시가지4,96.36,11,1986,107000,0,2026,9,5
양천구,신월동,신안파크,60.2,1,1987,3000,80,2026,9,11
양천구,신정동,목동신시가지14,108.28,4,1987,87000,0,2026,9,10
양천구,목동,목동신시가지7,66.6,11,1986,15000,200,2026,9,11
양천구,목동,목동신시가지1,91.26,2,1985,89000,0,2026,9,11
양천구,신정동,목동신시가지11,51.48,1,1988,35000,0,2026,9,5
양천구,목동,목동신시가지1,98.08,4,1985,60000,165,2026,9,11
양천구,신정동,이펜하우스3단지,114.98,4,2011,47796,0,2026,9,11
양천구,신정동,목동신시가지8,71.77,16,1987,50000,80,2026,9,10
양천구,신정동,목동신시가지14,108.28,11,1987,92400,0,2026,9,10
양천구,신월동,목동센트럴아이파크위브3단지,52.85,8,2020,25000,0,2026,9,5
양천구,신정동,목동신시가지13,70.73,8,1987,55000,0,2026,9,5
양천구,신정동,목동신시가지9,106.93,15,1987,83000,0,2026,9,11
양천구,신정동,양천,33.62,2,1995,2125,5,2026,9,7
양천구,신정동,이펜하우스1단지,84.86,10,2011,27872,0,2026,9,10
양천구,신정동,쌍용,84.65,7,1992,73000,0,2026,9,10
양천구,목동,목동청구한신아파트,84.76,15,1997,70000,90,2026,9,8
양천구,목동,목동효성,84.8,2,2003,58000,0,2026,9,10
양천구,목동,목동성원(926-8),114.95,1,1997,50000,250,2026,9,9
양천구,목동,목동현대1,84.9,8,1997,100000,0,2026,9,9
양천구,목동,목동신시가지6,47.94,13,1986,40000,0,2026,9,10
양천구,신월동,목동센트럴아이파크위브4단지,45.96,11,2020,4320,22,2026,9,10
양천구,신월동,신월시영,43.2,6,1988,15750,20,2026,9,7
양천구,목동,목동신시가지7,101.2,15,1986,118000,0,2026,9,7
양천구,신정동,이펜하우스4단지,84.96,9,2011,30576,0,2026,9,10
양천구,신정동,래미안목동아델리체(119동~123동),49.22,11,2021,5595,25,2026,9,10
양천구,신정동,목동신시가지13,124.55,5,1987,85000,0,2026,9,9
양천구,신정동,목동2차우성(1단지),32.76,12,2000,888,13,2026,9,10
양천구,목동,목동신시가지4,48.69,9,1986,35000,0,2026,9,7
양천구,신정동,목동힐스테이트,84.98,9,2016,110000,0,2026,9,9
양천구,목동,목동청구한신아파트,84.76,11,1997,87000,0,2026,9,10
양천구,신정동,목동2차우성(1단지),32.76,15,2000,888,13,2026,9,10
양천구,목동,현대I-PARK,59.65,11,2003,32000,120,2026,9,10
양천구,신정동,목동신시가지10,79.55,12,1987,65000,60,2026,9,9
양천구,신정동,래미안목동아델리체(101동~118동),84.94,13,2021,86100,0,2026,9,9
양천구,목동,목동현대아파트(931),32.76,15,1997,3215,2,2026,9,10
양천구,신정동,목동신시가지9,71.37,9,1987,57000,0,2026,9,2
양천구,신정동,목동신시가지11,51.48,11,1988,5000,132,2026,9,9
양천구,신정동,목동힐스테이트,84.98,15,2016,92295,0,2026,9,8
양천구,신정동,목동신시가지10,53.82,1,1987,10000,120,2026,9,10
양천구,신정동,신트리1,49.95,6,1999,26000,70,2026,9,9
양천구,신월동,신월시영,50.67,6,1988,3000,90,2026,9,10
양천구,목동,목동신시가지6,47.94,12,1986,40000,0,2026,9,8
양천구,신정동,팰리스필,80.11,6,2002,47000,0,2026,9,9
양천구,신정동,래미안목동아델리체(119동~123동),59.82,10,2021,74000,0,2026,9,9
양천구,신정동,삼성쉐르빌,241.51,16,2003,183750,0,2026,9,9
양천구,목동,현대I-PARK,59.65,6,2003,60000,0,2026,9,9
양천구,신정동,신정숲속마을,49.99,19,2016,17797,0,2026,9,9
양천구,신정동,래미안목동아델리체(119동~123동),49.22,4,2021,5595,25,2026,9,9
양천구,신정동,목동신시가지14,108.28,9,1987,70000,70,2026,9,9
양천구,신정동,이펜하우스2단지,84.51,5,2011,59000,0,2026,9,8
양천구,목동,목동신시가지3,95.16,8,1986,99000,0,2026,9,7
양천구,목동,목동신시가지7,59.39,3,1986,33000,105,2026,9,5
양천구,신월동,동도센트리움,69.17,1,2007,23520,0,2026,9,9
양천구,신월동,신도신월1차,84.85,1,2004,53000,0,2026,9,8
양천구,신정동,목동신시가지10,53.82,5,1987,35000,35,2026,9,8
양천구,신정동,목동신시가지10,53.82,13,1987,5000,190,2026,9,9
양천구,목동,목동신시가지1,51.48,7,1985,42000,30,2026,9,8
양천구,신정동,호반써밋목동,39.9445,13,2022,14176,37,2026,9,9
양천구,목동,목동신시가지1,65.34,1,1985,33000,120,2026,9,5
양천구,신월동,코아루2단지,62.39,3,2010,25100,0,2026,9,9
양천구,신정동,목동신시가지14,55.02,10,1987,54000,0,2026,9,8
양천구,신정동,래미안목동아델리체(119동~123동),49.22,4,2021,2238,32,2026,9,7
양천구,신정동,삼성,65.31,3,2000,16000,60,2026,9,3
양천구,신정동,목동신시가지11,51.48,5,1988,30000,23,2026,9,8
양천구,신정동,세양청마루,59.98,3,2006,52000,30,2026,9,5
양천구,신월동,목동센트럴아이파크위브2단지,59.68,9,2020,66000,0,2026,9,6
양천구,목동,목동청구한신아파트,84.77,5,1997,50000,163,2026,9,7
양천구,신정동,청구,84.99,9,1992,67000,0,2026,9,5
양천구,신정동,MJ스위츠,49.92,4,2020,5000,116,2026,9,5
양천구,신정동,경남아너스빌,84.88,4,2004,84000,0,2026,9,5
양천구,신정동,양천,39.2,1,1995,1049,13,2026,9,8
양천구,신정동,목동힐스테이트,84.93,20,2016,50000,180,2026,9,8
양천구,목동,목동신시가지3,64.98,15,1986,68000,0,2026,9,8
양천구,신정동,양천,39.2,2,1995,2481,5,2026,9,8
양천구,신정동,양천,39.2,4,1995,419,15,2026,9,7
양천구,목동,목동신시가지5,65.08,6,1986,45000,100,2026,9,4
양천구,신정동,양천,33.62,1,1995,900,11,2026,9,8
양천구,신월동,신월2차미소지움,59.99,4,2005,40000,0,2026,9,8
양천구,신정동,래미안목동아델리체(119동~123동),39.39,11,2021,4324,19,2026,9,8
양천구,목동,목동미소래,84.95,9,2005,40000,75,2026,9,4
양천구,신정동,양천,39.2,2,1995,1049,13,2026,9,8
양천구,목동,현대I-PARK,59.65,3,2003,55000,60,2026,9,5
양천구,신월동,목동센트럴아이파크위브1단지,59.68,15,2020,57200,0,2026,9,4
양천구,신정동,목동신시가지9,106.93,10,1987,85000,0,2026,9,7
양천구,신정동,호반써밋목동,84.9828,1,2022,75000,0,2026,9,5
양천구,신월동,신월성원,59.94,15,1996,21000,0,2026,9,5
양천구,신정동,양천,33.62,2,1995,900,11,2026,9,8
양천구,신월동,신월시영,50.67,12,1988,3000,100,2026,9,7
양천구,목동,목동청구한신아파트,84.77,1,1997,45000,160,2026,9,5
양천구,신정동,양천,39.36,1,1995,1054,13,2026,9,8
양천구,목동,월드메르디앙2,84.3,4,2003,80000,0,2026,9,7
양천구,신정동,양천,39.36,9,1995,1054,13,2026,9,8
양천구,신정동,양천,33.62,11,1995,900,11,2026,9,7
양천구,신정동,양천,39.2,12,1995,1049,13,2026,9,7
양천구,신정동,래미안목동아델리체(119동~123동),39.39,13,2021,5729,8,2026,9,7
양천구,목동,목동신시가지7,53.88,9,1986,63000,0,2026,9,5
양천구,신정동,양천,39.36,4,1995,1054,13,2026,9,7
양천구,목동,목동길성그랑프리텔,77.9337,11,2003,60000,0,2026,9,4
양천구,신정동,양천,39.2,2,1995,1049,13,2026,9,8
양천구,목동,롯데캐슬위너,84.99,20,2005,88000,0,2026,9,7
양천구,신정동,양천,39.36,14,1995,1054,13,2026,9,7
양천구,신정동,목동신시가지14,129.33,4,1987,98000,0,2026,9,6
양천구,목동,목동신시가지5,65.08,15,1986,50000,0,2026,9,5
양천구,목동,목동신시가지2,97.92,10,1986,99750,0,2026,9,5
양천구,신정동,래미안목동아델리체(119동~123동),49.22,4,2021,5595,25,2026,9,7
양천구,신정동,목동신시가지10,53.82,2,1987,20000,88,2026,9,5
양천구,신정동,목동신시가지9,106.93,4,1987,25000,190,2026,9,5
양천구,신정동,푸른마을2,59.99,12,2001,10000,120,2026,9,7
양천구,목동,목동신시가지5,122.46,4,1986,125000,0,2026,9,6
양천구,신정동,힐탑이루미,80.64,2,2004,40000,0,2026,9,6
양천구,신정동,목동신시가지14,55.02,1,1987,20000,120,2026,9,7
양천구,신정동,양천,33.62,13,1995,900,11,2026,9,7
양천구,신정동,양천,33.62,1,1995,900,11,2026,9,7
양천구,신정동,학마을1단지,49.99,12,2000,31500,0,2026,9,5
양천구,신정동,목동신시가지13,70.73,6,1987,65000,0,2026,9,5
양천구,목동,목동신시가지4,47.25,10,1986,48000,0,2026,9,4
양천구,신정동,양천,33.62,2,1995,900,11,2026,9,7
양천구,신정동,양천,39.2,4,1995,1049,13,2026,9,7
양천구,신정동,목동신시가지12,56.76,3,1988,30000,50,2026,9,4
양천구,신월동,목동센트럴아이파크위브3단지,59.97,11,2020,15000,123,2026,9,5
양천구,신정동,양천,33.62,5,1995,900,11,2026,9,7
양천구,목동,목동신시가지4,48.69,8,1986,40000,0,2026,9,5
양천구,신정동,양천,33.62,9,1995,900,11,2026,9,7
양천구,신정동,목동신시가지14,71.4,13,1987,61000,0,2026,9,5
양천구,신월동,신안파크,56.78,3,1987,17000,20,2026,9,7
양천구,신정동,양천,39.2,8,1995,1049,13,2026,9,7
양천구,신정동,양천,33.62,10,1995,900,11,2026,9,7
양천구,신정동,목동신시가지14,55.02,7,1987,40000,60,2026,9,6
양천구,목동,진도1,59.84,8,1998,40000,120,2026,9,5
양천구,목동,목동신시가지7,101.2,12,1986,120000,0,2026,9,4
양천구,목동,목동신시가지5,65.08,5,1986,70000,0,2026,9,4
양천구,신월동,목동센트럴아이파크위브2단지,84.97,3,2020,64430,0,2026,9,5
양천구,목동,신동아파밀리에,84.9861,15,2002,80000,0,2026,9,5
양천구,신정동,양천,39.2,9,1995,1049,13,2026,9,7
양천구,신정동,목동신시가지13,70.73,9,1987,60000,0,2026,9,5
양천구,신정동,목동신시가지13,53.9,2,1987,45000,0,2026,9,5
양천구,신정동,목동신시가지14,74.19,14,1987,52500,0,2026,9,3
양천구,목동,목동신시가지4,67.58,8,1986,73500,0,2026,9,4
양천구,신정동,목동신시가지10,106.06,5,1987,10000,290,2026,9,3
양천구,신정동,호반써밋목동,39.9445,2,2022,14176,37,2026,9,4
양천구,신월동,목동센트럴아이파크위브3단지,59.88,9,2020,52500,0,2026,9,3
양천구,신정동,목동신시가지10,53.82,4,1987,38000,40,2026,9,4
양천구,신정동,목동힐스테이트,59.95,6,2016,5000,290,2026,9,4
양천구,신정동,신정현대5,85.26,2,1999,54600,0,2026,9,4
양천구,신월동,삼익플라주행복한마을,84.97,6,2013,41000,0,2026,9,3
양천구,목동,목동신시가지2,97.92,15,1986,10000,330,2026,9,2
양천구,신정동,목동신시가지9,71.37,8,1987,75000,0,2026,9,3
양천구,목동,목동신시가지2,95.67,14,1986,95000,0,2026,9,4
양천구,신정동,신정현대5,89.36,3,1999,50000,0,2026,9,4
양천구,목동,하이페리온2,155.586,28,2006,150000,200,2026,9,1
양천구,신정동,동일하이빌1단지,115.321,6,2005,78000,0,2026,9,3
양천구,목동,목동청구한신아파트,84.76,15,1997,98000,0,2026,9,3
양천구,목동,목동롯데캐슬마에스트로,59.984,5,2019,60000,35,2026,9,2
양천구,신정동,목동신시가지11,66.24,5,1988,35900,0,2026,9,2
양천구,목동,목동신시가지6,65.1,16,1986,51000,0,2026,9,3
양천구,신정동,푸른마을3,59.99,3,2001,43000,0,2026,9,3
양천구,신정동,건영,59.67,8,1996,39000,0,2026,9,2
양천구,목동,근상프리즘,93.21,1,2004,47200,0,2026,9,3
양천구,신월동,방주기픈샘,83.841,2,2004,40000,0,2026,9,4
양천구,신정동,목동신시가지13,98.63,13,1987,70000,40,2026,9,2
양천구,신정동,목동신시가지9,106.39,3,1987,82000,0,2026,9,3
양천구,목동,목동센트럴푸르지오,118.8208,13,2015,175000,0,2026,9,1
양천구,목동,목동신시가지7,66.6,15,1986,49000,0,2026,9,3
양천구,신정동,목동신시가지11,51.48,15,1988,27300,0,2026,9,3
양천구,신정동,이든채(101동~104동),26.8,13,2019,5880,16,2026,9,3
양천구,신월동,목동센트럴아이파크위브2단지,84.96,10,2020,68200,0,2026,9,3
양천구,신정동,푸른마을3,59.91,6,2001,17000,90,2026,9,3
양천구,신정동,이든채(101동~104동),26.94,2,2019,5880,16,2026,9,3
양천구,신월동,대주파크빌,84.89,24,2004,49500,0,2026,9,2
양천구,신정동,이든채(101동~104동),26.94,14,2019,5880,16,2026,9,3
양천구,신정동,신정6현대,59.4,4,2000,40000,0,2026,9,1
양천구,신정동,수정,48.87,4,1987,500,50,2026,9,2
양천구,신정동,수정,48.87,2,1987,300,50,2026,9,2
양천구,목동,금호1,59.88,1,1997,63000,12,2026,9,2
양천구,신정동,목동현대3차,101.91,15,1997,45000,160,2026,9,2
양천구,신월동,롯데캐슬,59.747,17,2014,52500,0,2026,9,1
양천구,신월동,신월동금용,84.98,1,1998,36000,0,2026,9,2
양천구,신월동,목동센트럴아이파크위브3단지,59.88,10,2020,65000,0,2026,9,2
양천구,목동,목동신시가지7,74.12,4,1986,71500,0,2026,9,1
양천구,신월동,목동센트럴아이파크위브4단지,84.97,4,2020,5000,250,2026,9,1
양천구,신월동,우당,113.14,11,1997,42000,0,2026,9,1
양천구,신월동,우당,113.14,10,1997,42000,0,2026,9,1
양천구,신월동,서울가든,86.4,5,1985,39000,0,2026,9,1
양천구,신월동,우당,113.14,10,1997,42000,0,2026,9,1
양천구,신월동,우당,113.14,10,1997,42000,0,2026,9,1
양천구,신정동,학마을1단지,49.99,11,2000,33000,0,2026,9,1
양천구,신월동,신월시영,50.67,1,1988,24000,0,2026,9,1
양천구,신정동,학마을1단지,49.2,15,2000,35000,0,2026,9,1
양천구,신정동,신정숲속마을,49.99,14,2016,19477,0,2026,9,1
양천구,신정동,목동신시가지8,54.94,9,1987,40000,0,2026,9,1
양천구,목동,목동신시가지5,93.18,1,1986,84000,0,2026,9,1
강서구,방화동,마곡서광(치현마을),59.67,13,1998,42000,0,2026,9,17
강서구,가양동,가양6단지,49.5,6,1992,26680,0,2026,9,16
강서구,내발산동,마곡수명산파크1단지,84.68,4,2007,69000,0,2026,9,13
강서구,가양동,강변,39.6,3,1992,28000,0,2026,9,12
강서구,가양동,가양2단지(성지),49.56,2,1992,4000,145,2026,9,12
강서구,내발산동,마곡수명산파크1단지,84.68,1,2007,10000,210,2026,9,11
강서구,방화동,청솔,59.04,6,1994,43000,0,2026,9,12
강서구,화곡동,초록,59.34,7,1998,44100,0,2026,9,6
강서구,내발산동,우장산힐스테이트,84.98,9,2005,50000,140,2026,9,4
강서구,염창동,e편한세상염창,55.0323,2,2019,65000,0,2026,9,1
강서구,마곡동,마곡엠밸리8단지,59.79,3,2016,33402,0,2026,9,21
강서구,화곡동,"우장산아이파크,이편한세상",84.97,15,2008,89000,0,2026,9,7
강서구,화곡동,우장산롯데캐슬,85,1,2003,65000,0,2026,9,18
강서구,가양동,가양6단지,58.65,3,1992,44000,0,2026,9,17
강서구,화곡동,현대홈타운(923-2),31.69,7,2013,2000,120,2026,9,22
강서구,등촌동,가양역두산위브,84.74,2,2022,10000,300,2026,9,18
강서구,등촌동,엘크루발산,15.33,12,2022,5800,33,2026,9,23
강서구,마곡동,마곡우림필유아파트,84.528,6,2003,55000,40,2026,9,23
강서구,염창동,아네스트염창,14.94,8,2019,14000,15,2026,9,23
강서구,화곡동,경동엠파이어스테이트,14.315,7,2012,1000,55,2026,9,3
강서구,염창동,염창1차한화꿈에그린,124.96,5,2005,47000,0,2026,9,23
강서구,마곡동,마곡엠밸리6단지,84.74,14,2014,83000,0,2026,9,22
강서구,염창동,동아3,84.87,21,1999,48620,0,2026,9,23
강서구,염창동,삼정그린코아,114.877,11,2001,80000,0,2026,9,9
강서구,가양동,가양2단지(성지),34.44,4,1992,30000,0,2026,9,23
강서구,화곡동,"우장산아이파크,이편한세상",101.65,6,2008,68300,0,2026,9,22
강서구,내발산동,마곡수명산파크4단지,84.96,10,2008,55650,0,2026,9,12
강서구,마곡동,마곡엠밸리8단지,59.79,8,2016,33402,0,2026,9,22
강서구,화곡동,"우장산아이파크,이편한세상",101.65,19,2008,10000,320,2026,9,3
강서구,가양동,동신대아,101.97,2,1993,49000,0,2026,9,4
강서구,내발산동,원당,73.75,3,2002,28000,53,2026,9,12
강서구,화곡동,M노블레스,27.01,3,2021,19656,0,2026,9,23
강서구,마곡동,마곡엠벨리(14단지),59.79,6,2014,48048,0,2026,9,23
강서구,염창동,아네스트염창,16.96,8,2019,12000,22,2026,9,22
강서구,등촌동,서광등촌마을아파트,84.93,16,1999,57750,0,2026,9,19
강서구,마곡동,마곡엠밸리2단지,59.52,4,2014,35161,0,2026,9,22
강서구,가양동,강변,49.5,13,1992,36000,0,2026,9,23
강서구,화곡동,"우장산아이파크,이편한세상",84.97,5,2008,78700,0,2026,9,12
강서구,마곡동,마곡엠밸리2단지,84.92,13,2014,57096,0,2026,9,22
강서구,마곡동,마곡청구아파트,84.92,15,1998,50000,0,2026,9,14
강서구,가양동,강변,39.6,1,1992,27000,0,2026,9,19
강서구,염창동,극동,85,8,2000,40000,100,2026,9,16
강서구,화곡동,"우장산아이파크,이편한세상",84.97,17,2008,90000,0,2026,9,21
강서구,내발산동,롯데2,84.708,2,2003,5000,195,2026,9,17
강서구,방화동,동성,64.65,1,1993,38000,15,2026,9,18
강서구,염창동,동아,84.95,4,1998,55650,0,2026,9,22
강서구,방화동,방화5,49.77,9,1994,40000,0,2026,9,22
강서구,마곡동,한솔솔파크,84.87,9,2005,72000,0,2026,9,14
강서구,염창동,염창1차한화꿈에그린,67.43,11,2005,80000,0,2026,9,22
강서구,화곡동,우장산역해링턴타워,43.24,12,2021,8320,59,2026,9,22
강서구,염창동,강변월드메르디앙,84.9341,5,2010,68250,0,2026,9,22
강서구,염창동,태진드림피아,79.825,16,2003,50000,0,2026,9,8
강서구,마곡동,마곡엠벨리(14단지),59.99,9,2014,48048,0,2026,9,22
강서구,가양동,가양2단지(성지),34.44,14,1992,25000,0,2026,9,21
강서구,방화동,방화4단지,134.65,9,1994,71400,0,2026,9,18
강서구,가양동,가양6단지,39.6,6,1992,31395,0,2026,9,14
강서구,가양동,가양2단지(성지),49.56,9,1992,38000,0,2026,9,14
강서구,염창동,염창역동문디이스트,59.95,15,2025,67700,0,2026,9,22
강서구,등촌동,대동황토방,59.94,8,2000,53000,0,2026,9,11
강서구,화곡동,성재센트리움아파트,34.22,6,2017,17600,10,2026,9,21
강서구,화곡동,로즈힐(1101-3),33.79,5,2002,10300,0,2026,9,20
강서구,가양동,강변,34.44,8,1992,3000,100,2026,9,22
강서구,방화동,방화5,49.77,3,1994,26000,30,2026,9,21
강서구,마곡동,마곡엠밸리5단지,84.6,7,2014,27101,0,2026,9,22
강서구,염창동,아네스트염창,14.94,8,2019,12000,17,2026,9,22
강서구,마곡동,마곡푸르지오,84.99,9,2008,68000,0,2026,9,22
강서구,가양동,가양도시개발9-2단지,39.6,3,1993,8000,60,2026,9,22
강서구,마곡동,마곡엠벨리(14단지),59.79,10,2014,48048,0,2026,9,22
강서구,화곡동,강서힐스테이트,59.99,7,2015,30000,170,2026,9,21
강서구,가양동,강변,39.6,15,1992,32000,0,2026,9,21
강서구,가양동,강변,39.6,1,1992,27000,0,2026,9,18
강서구,마곡동,마곡엠벨리(14단지),59.79,8,2014,48048,0,2026,9,21
강서구,마곡동,마곡13단지힐스테이트마스터,84.9881,8,2017,88000,0,2026,9,21
강서구,화곡동,우장산역해링턴타워,23.68,4,2021,4544,32,2026,9,22
강서구,마곡동,벽산,84.97,2,1999,30000,0,2026,9,19
강서구,가양동,가양도시개발9-2단지,49.5,13,1993,2000,130,2026,9,21
강서구,마곡동,마곡엠벨리(14단지),49.87,6,2014,11664,2,2026,9,22
강서구,화곡동,M노블레스,27.01,6,2021,20034,0,2026,9,22
강서구,가양동,가양2단지(성지),39.6,13,1992,2000,80,2026,9,22
강서구,화곡동,화곡푸르지오,84.94,12,2002,68000,0,2026,9,22
강서구,마곡동,마곡엠벨리(14단지),84.93,5,2014,26038,0,2026,9,22
강서구,염창동,극동,79.465,7,2000,60000,0,2026,9,21
강서구,마곡동,마곡엠밸리8단지,59.79,11,2016,33402,0,2026,9,21
강서구,마곡동,마곡엠벨리(15단지),84.5,9,2014,76650,0,2026,9,20
강서구,내발산동,마곡수명산파크1단지,84.68,4,2007,69000,0,2026,9,5
강서구,마곡동,마곡엠밸리8단지,59.79,6,2016,33402,0,2026,9,18
강서구,마곡동,마곡엠벨리(14단지),59.79,12,2014,48048,0,2026,9,21
강서구,등촌동,주공10,58.14,7,1995,20000,103,2026,9,12
강서구,화곡동,우장산역해링턴타워,23.68,4,2021,5680,41,2026,9,21
강서구,가양동,가양6단지,58.65,4,1992,5000,130,2026,9,21
강서구,내발산동,우장산힐스테이트,59.98,13,2005,66000,0,2026,9,19
강서구,마곡동,마곡엠벨리(14단지),59.79,5,2014,48048,0,2026,9,21
강서구,마곡동,마곡엠밸리8단지,59.87,3,2016,33402,0,2026,9,21
강서구,염창동,e편한세상염창,84.6352,2,2019,96600,0,2026,9,13
강서구,염창동,태진한솔,58.87,4,1994,47000,0,2026,9,18
강서구,마곡동,마곡엠벨리(14단지),59.79,10,2014,48048,0,2026,9,21
강서구,마곡동,마곡푸르지오,84.99,8,2008,61000,40,2026,9,20
강서구,마곡동,마곡엠벨리(14단지),59.79,12,2014,48048,0,2026,9,21
강서구,마곡동,마곡엠벨리(14단지),59.79,7,2014,48048,0,2026,9,21
강서구,염창동,삼성하나로,59.26,7,1994,32000,0,2026,9,18
강서구,마곡동,마곡엠밸리8단지,59.79,11,2016,33402,0,2026,9,21
강서구,마곡동,마곡엠밸리8단지,59.79,5,2016,33402,0,2026,9,20
강서구,마곡동,마곡엠밸리8단지,59.79,8,2016,33402,0,2026,9,19
강서구,염창동,센터스퀘어등촌,39,17,2020,7260,80,2026,9,21
강서구,마곡동,마곡13단지힐스테이트마스터,84.9805,8,2017,90000,0,2026,9,19
강서구,가양동,강변,34.44,11,1992,15000,80,2026,9,19
강서구,방화동,청솔,49.2,12,1994,4000,130,2026,9,19
강서구,등촌동,아임2030등촌역,15.17,14,2020,6200,41,2026,9,18
강서구,마곡동,마곡엠밸리8단지,59.97,2,2016,33402,0,2026,9,21
강서구,가양동,강변,39.6,3,1992,30000,0,2026,9,16
강서구,화곡동,GMValley,27.16,14,2018,19800,10,2026,9,18
강서구,내발산동,우장산힐스테이트,126.65,14,2005,76650,100,2026,9,16
강서구,염창동,삼성한마음,59.94,1,1995,40000,10,2026,9,18
강서구,방화동,방화그린,49.77,6,1993,40000,0,2026,9,19
강서구,마곡동,마곡13단지힐스테이트마스터,84.9805,10,2017,83000,0,2026,9,19
강서구,마곡동,마곡엠밸리8단지,59.87,4,2016,33402,0,2026,9,21
강서구,마곡동,신안,59.98,4,1993,30000,80,2026,9,7
강서구,마곡동,마곡엠벨리(15단지),84.88,6,2014,71400,0,2026,9,17
강서구,가양동,강변,49.5,12,1992,32000,7,2026,9,5
강서구,가양동,가양6단지,49.5,9,1992,40000,0,2026,9,12
강서구,마곡동,마곡엠밸리8단지,59.79,5,2016,33402,0,2026,9,21
강서구,마곡동,마곡엠밸리4단지,59.95,1,2014,24899,0,2026,9,21
강서구,가양동,가양도시개발9-2단지,39.6,9,1993,5000,95,2026,9,7
강서구,방화동,삼성꽃마을,84.92,10,1997,48300,0,2026,9,21
강서구,가양동,가양2단지(성지),39.6,8,1992,10000,65,2026,9,19
강서구,화곡동,우장산역해링턴타워,23.68,11,2021,4544,32,2026,9,19
강서구,염창동,태진한솔,58.87,1,1994,48000,0,2026,9,18
강서구,염창동,염창힐스테이트,84.849,6,2009,73000,0,2026,9,20
강서구,등촌동,"등촌7,8단지주공아파트",41.85,2,1994,5000,100,2026,9,16
강서구,화곡동,남광아파트,45.53,7,2015,27000,0,2026,9,6
강서구,화곡동,우장산역해링턴타워,23.68,3,2021,4544,30,2026,9,18
강서구,마곡동,마곡엠밸리5단지,114.98,4,2014,93450,0,2026,9,18
강서구,화곡동,우장산역해링턴타워,17.74,10,2021,3680,28,2026,9,18
강서구,등촌동,주공5,58.14,15,1995,15000,105,2026,9,10
강서구,화곡동,우장산역해링턴타워,23.68,14,2021,5680,39,2026,9,18
강서구,방화동,청솔,59.04,5,1994,20000,80,2026,9,10
강서구,방화동,마곡중앙하이츠아파트,39.58,4,1994,19000,40,2026,9,15
강서구,등촌동,"등촌1,2단지주공아파트",41.85,10,1994,2000,120,2026,9,18
강서구,화곡동,우장산에스케이뷰,116.92,7,2006,35000,150,2026,9,18
강서구,염창동,동아3,84.87,15,1999,65000,0,2026,9,18
강서구,방화동,방화5,39.6,9,1994,3000,95,2026,9,18
강서구,마곡동,신안,84.97,10,1993,60000,0,2026,9,16
강서구,가양동,가양2단지(성지),49.56,14,1992,25000,60,2026,9,7
강서구,화곡동,황제팰리체(And Pra space),12.026,6,2013,8600,0,2026,9,12
강서구,화곡동,라인씨티,14.91,8,2014,3000,35,2026,9,18
강서구,마곡동,마곡13단지힐스테이트마스터,84.9805,10,2017,84000,0,2026,9,18
강서구,등촌동,주공3,58.14,11,1995,7000,180,2026,9,18
강서구,가양동,강변,49.5,13,1992,7000,110,2026,9,10
강서구,방화동,"월드메르디앙201동,202동",84.93,4,2004,23000,100,2026,9,18
강서구,가양동,강변,34.44,12,1992,2000,110,2026,9,18
강서구,염창동,삼정그린코아,108.255,7,2001,64000,15,2026,9,18
강서구,염창동,e편한세상염창,59.9812,3,2019,82000,0,2026,9,17
강서구,염창동,아네스트염창,14.94,9,2019,14000,15,2026,9,16
강서구,내발산동,신세계3차101동,84.873,6,2003,20000,150,2026,9,14
강서구,가양동,가양강나루현대,84.98,3,1999,50000,50,2026,9,18
강서구,화곡동,우장산롯데캐슬,85,2,2003,54000,0,2026,9,17
강서구,가양동,가양6단지,49.5,2,1992,10000,78,2026,9,17
강서구,방화동,마곡서광(치현마을),59.67,13,1998,42000,0,2026,9,17
강서구,마곡동,마곡엠벨리(15단지),84.88,3,2014,90000,0,2026,9,5
강서구,방화동,마곡중앙하이츠아파트,51.03,12,1994,37000,0,2026,9,10
강서구,가양동,한보구암마을,59.22,8,1999,39900,0,2026,9,12
강서구,화곡동,화곡푸르지오,144.123,3,2002,90000,12,2026,9,11
강서구,방화동,신마곡벽산블루밍,59.7592,14,2020,7012,75,2026,9,17
강서구,가양동,가양2단지(성지),49.56,4,1992,36000,0,2026,9,16
강서구,등촌동,등촌동아이파크,84.9958,7,2004,60000,12,2026,9,17
강서구,내발산동,우장산힐스테이트,84.98,5,2005,76650,0,2026,9,17
강서구,가양동,한강타운,84.99,1,1993,58000,0,2026,9,15
강서구,마곡동,마곡힐스테이트,59.99,8,2017,10000,270,2026,9,17
강서구,가양동,가양2단지(성지),34.69,7,1992,5775,70,2026,9,17
강서구,염창동,성원,114.12,5,2001,68000,0,2026,9,15
강서구,가양동,강변,34.44,9,1992,30000,20,2026,9,5
강서구,염창동,벽산늘푸른,78.6,2,1998,15000,139,2026,9,11
강서구,내발산동,마곡수명산파크7단지,84.82,13,2008,59000,0,2026,9,17
강서구,등촌동,주공5,37.67,14,1995,2000,110,2026,9,17
강서구,염창동,현대1,84.84,4,1994,50000,0,2026,9,17
강서구,등촌동,"등촌1,2단지주공아파트",41.85,1,1994,2000,110,2026,9,12
강서구,화곡동,탑건진선미,69.33,6,2005,39990,0,2026,9,17
강서구,내발산동,태일,84.92,1,2003,35000,0,2026,9,17
강서구,마곡동,마곡엠밸리8단지,59.99,6,2016,13554,2,2026,9,17
강서구,화곡동,화곡푸르지오,103.92,13,2002,10000,200,2026,9,15
강서구,내발산동,마곡수명산파크5단지,59.84,10,2008,64000,0,2026,9,16
강서구,가양동,가양도시개발9-2단지,49.5,9,1993,36700,0,2026,9,16
강서구,등촌동,"등촌지와인아파트,비지니스센터",59.6202,9,2023,65500,0,2026,9,11
강서구,방화동,마곡웨스트에비뉴,32.94,2,2022,1000,120,2026,9,5
강서구,가양동,강변,39.6,15,1992,20000,60,2026,9,17
강서구,가양동,가양6단지,49.5,11,1992,34650,0,2026,9,11
강서구,염창동,아네스트염창,14.94,6,2019,10000,25,2026,9,16
강서구,방화동,방화그린,33.6,6,1993,26000,0,2026,9,12
강서구,화곡동,강서힐스테이트,59.99,6,2015,84000,0,2026,9,16
강서구,마곡동,마곡엠밸리4단지,59.79,10,2014,22636,0,2026,9,16
강서구,등촌동,등촌라인(조합),59.91,14,1997,20000,150,2026,9,16
강서구,염창동,무학,59.38,4,1999,18000,119,2026,9,9
강서구,방화동,방화그린,39.76,8,1993,2000,120,2026,9,9
강서구,가양동,강서한강월드메르디앙,84.98,9,2006,57750,0,2026,9,11
강서구,내발산동,마곡수명산파크4단지,59.84,13,2008,60000,0,2026,9,16
강서구,가양동,가양2단지(성지),34.44,13,1992,19050,0,2026,9,12
강서구,염창동,극동,85,8,2000,40000,100,2026,9,16
강서구,염창동,등촌제이스카이,28.94,4,2021,10000,83,2026,9,16
강서구,마곡동,마곡엠밸리7단지,114.69,5,2014,99750,0,2026,9,16
강서구,가양동,한강타운,84.99,13,1993,35000,56,2026,9,16
강서구,가양동,강변,49.5,3,1992,5000,111,2026,9,11
강서구,내발산동,우장산힐스테이트,101.87,17,2005,95000,0,2026,9,7
강서구,화곡동,명지해드는터,84.84,1,2005,42000,0,2026,9,14
강서구,내발산동,우장산힐스테이트,59.98,4,2005,60000,30,2026,9,15
강서구,염창동,현대1,84.96,4,1994,47250,0,2026,9,7
강서구,마곡동,마곡엠밸리4단지,84.56,10,2014,38700,160,2026,9,12
강서구,등촌동,주공3,58.14,3,1995,35000,50,2026,9,7
강서구,염창동,아네스트염창,14.94,14,2019,1000,64,2026,9,8
강서구,가양동,강변,34.44,4,1992,30000,0,2026,9,15
강서구,방화동,방화6단지,39.6,2,1994,2211,5,2026,9,8
강서구,화곡동,리치아파트,19.81,5,2018,16000,22,2026,9,10
강서구,화곡동,우장산에스케이뷰,84.97,10,2006,20000,147,2026,9,15
강서구,등촌동,"등촌7,8단지주공아파트",41.85,13,1994,2000,130,2026,9,3
강서구,내발산동,코이노니아스테이,30.33,2,2022,5000,110,2026,9,14
강서구,내발산동,마곡수명산파크5단지,59.84,2,2008,30000,120,2026,9,14
강서구,등촌동,"등촌1,2단지주공아파트",41.85,15,1994,24465,0,2026,9,15
강서구,등촌동,마곡루나플라체,22.05,3,2021,10000,75,2026,9,15
강서구,가양동,가양우성,84.87,6,1990,44000,75,2026,9,15
강서구,가양동,가양2단지(성지),39.6,5,1992,2000,105,2026,9,11
강서구,가양동,가양강나루현대,59.76,8,1999,50000,0,2026,9,14
강서구,화곡동,덕현타워,83.63,5,2003,52000,0,2026,9,11
강서구,염창동,e편한세상염창,84.9529,3,2019,95000,0,2026,9,12
강서구,방화동,방화4단지,100.35,4,1994,56500,0,2026,9,11
강서구,화곡동,우장산롯데캐슬,177.86,15,2003,90000,0,2026,9,14
강서구,가양동,가양6단지,58.65,12,1992,45000,0,2026,9,12
강서구,마곡동,마곡13단지힐스테이트마스터,84.9805,8,2017,88000,0,2026,9,12
강서구,화곡동,화곡1차보람더하임,80.76,3,2003,44700,0,2026,9,12
강서구,가양동,가양도시개발9-2단지,39.6,9,1993,3000,90,2026,9,12
강서구,화곡동,라인씨티,14.91,10,2014,7300,20,2026,9,10
강서구,등촌동,등촌주공아파트11단지,59.73,4,2004,4178,33,2026,9,3
강서구,화곡동,한울에이치밸리움A동,22.81,5,2019,22000,10,2026,9,13
강서구,마곡동,마곡엠밸리6단지,84.88,9,2014,80000,15,2026,9,12
강서구,방화동,방화그린,33.6,13,1993,2000,90,2026,9,12
강서구,마곡동,마곡엠밸리9단지,84.91,4,2021,74000,0,2026,9,14
강서구,내발산동,마곡수명산파크5단지,49.97,8,2008,7094,14,2026,9,12
강서구,화곡동,남광아파트,32.07,5,2017,5000,70,2026,9,14
강서구,화곡동,성재센트리움아파트,26.84,5,2017,16500,0,2026,9,12
강서구,마곡동,마곡일성트루엘아파트,72.034,13,2013,58000,0,2026,9,13
강서구,방화동,청솔,59.04,6,1994,43000,0,2026,9,12
강서구,마곡동,마곡엠벨리(15단지),59.79,8,2014,36030,0,2026,9,14
강서구,화곡동,보람,84.98,2,2004,41000,0,2026,9,12
강서구,마곡동,마곡엠밸리8단지,59.79,6,2016,13554,2,2026,9,14
강서구,염창동,e편한세상염창,84.9529,14,2019,50000,115,2026,9,12
강서구,화곡동,"우장산아이파크,이편한세상",59.98,2,2008,63000,0,2026,9,12
강서구,방화동,동성,84.95,13,1993,49000,0,2026,9,14
강서구,염창동,동아,59.97,7,1998,15000,125,2026,9,12
강서구,내발산동,마곡수명산파크4단지,59.84,4,2008,51975,0,2026,9,11
강서구,화곡동,우장산롯데캐슬,85,22,2003,70000,0,2026,9,12
강서구,등촌동,서광등촌마을아파트,84.93,17,1999,55650,0,2026,9,11
강서구,등촌동,등촌퀸즈포디엄삼익,33.64,3,2020,29200,0,2026,9,12
강서구,등촌동,"등촌지와인아파트,비지니스센터",59.6202,10,2023,64000,0,2026,9,9
강서구,내발산동,원당,73.75,7,2002,38000,0,2026,9,12
강서구,마곡동,마곡엠벨리(15단지),59.79,14,2014,40000,130,2026,9,11
강서구,내발산동,우장산힐스테이트,84.98,10,2005,30000,153,2026,9,7
강서구,등촌동,등촌9단지영구임대,31.32,3,1994,1734,20,2026,9,14
강서구,등촌동,주공3,58.14,10,1995,45000,0,2026,9,13
강서구,화곡동,우장산한화꿈에그린,120.11,4,2004,59000,50,2026,9,14
강서구,염창동,e편한세상염창,59.9812,15,2019,70350,0,2026,9,10
강서구,가양동,가양도시개발9-2단지,49.5,5,1993,36750,0,2026,9,14
강서구,화곡동,아델리아ll,15.53,4,2012,2000,36,2026,9,12
강서구,내발산동,우장산힐스테이트,84.98,1,2005,85000,0,2026,9,12
강서구,등촌동,"등촌7,8단지주공아파트",41.85,1,1994,30000,0,2026,9,11
강서구,방화동,방화그린,39.76,7,1993,1500,120,2026,9,8
강서구,화곡동,우장산숲아이파크,59.9983,9,2022,50000,120,2026,9,12
강서구,화곡동,우장산숲아이파크,59.9983,2,2022,63000,0,2026,9,11
강서구,등촌동,등촌동아이파크,84.9958,13,2004,80000,0,2026,9,12
강서구,화곡동,한울아파트,29.98,7,2018,21200,25,2026,9,12
강서구,가양동,가양도시개발9-2단지,39.6,7,1993,32000,0,2026,9,12
강서구,염창동,관음삼성,84.93,5,1997,63000,0,2026,9,12
강서구,가양동,가양2단지(성지),39.6,1,1992,5000,100,2026,9,12
강서구,염창동,삼정그린코아,84.358,10,2001,75000,0,2026,9,14
강서구,염창동,태진한솔,58.87,12,1994,52000,0,2026,9,8
강서구,화곡동,초록,59.34,6,1998,38000,0,2026,9,12
강서구,등촌동,등촌동아이파크,134.8836,5,2004,30000,250,2026,9,7
강서구,등촌동,삼성한사랑1,59.73,9,1997,46000,0,2026,9,11
강서구,마곡동,신안,59.98,1,1993,42000,0,2026,9,7
강서구,화곡동,세림,21.64,5,2015,1000,90,2026,9,7
강서구,마곡동,마곡엠밸리8단지,59.87,7,2016,33402,0,2026,9,14
강서구,마곡동,마곡우림필유아파트,84.528,7,2003,61000,0,2026,9,12
강서구,가양동,한보구암마을,59.58,13,1999,35000,40,2026,9,12
강서구,내발산동,마곡수명산파크7단지,84.68,7,2008,51400,0,2026,9,12
강서구,가양동,가양2단지(성지),39.6,11,1992,2000,80,2026,9,12
강서구,가양동,가양6단지,49.5,3,1992,38000,0,2026,9,5
강서구,마곡동,한솔솔파크,84.87,4,2005,63000,0,2026,9,12
강서구,염창동,무학,84.64,13,1999,65000,0,2026,9,12
강서구,염창동,삼성한마음,59.94,7,1995,37000,50,2026,9,4
강서구,염창동,동아3,84.87,24,1999,63000,20,2026,9,12
강서구,염창동,강변월드메르디앙,84.9341,4,2010,72000,0,2026,9,12
강서구,염창동,염창1차한화꿈에그린,59.94,12,2005,46500,65,2026,9,12
강서구,염창동,염창동한강우성,65.88,3,1990,46000,0,2026,9,4
강서구,화곡동,NS파크APT,29.93,10,2018,19700,4,2026,9,11
강서구,내발산동,유니드,70.02,5,2005,20000,120,2026,9,9
강서구,화곡동,강서힐스테이트,84.99,7,2015,75000,0,2026,9,3
강서구,염창동,동아3,84.87,17,1999,60000,40,2026,9,2
강서구,마곡동,마곡엠밸리12단지,59.79,12,2016,35161,0,2026,9,11
강서구,가양동,가양6단지,39.6,10,1992,30000,0,2026,9,1
강서구,등촌동,"등촌1,2단지주공아파트",41.85,14,1994,30000,0,2026,9,11
강서구,화곡동,"우장산아이파크,이편한세상",84.97,5,2008,15000,150,2026,9,11
강서구,등촌동,등촌동아이파크,84.9958,8,2004,30000,200,2026,9,5
강서구,등촌동,대동황토방,59.94,14,2000,48000,0,2026,9,11
강서구,염창동,동아3,59.7,10,1999,52000,0,2026,9,10
강서구,방화동,마곡중앙하이츠아파트,51.03,12,1994,37000,0,2026,9,10
강서구,내발산동,센터스퀘어발산,19.96,3,2025,2000,77,2026,9,11
강서구,화곡동,리치아파트,20.61,5,2018,17000,25,2026,9,10
강서구,방화동,마곡중앙하이츠아파트,59.34,7,1994,39000,0,2026,9,8
강서구,등촌동,한사랑2삼성,59.37,14,1999,20000,140,2026,9,10
강서구,화곡동,우장산한화꿈에그린,84.98,4,2004,60000,0,2026,9,11
강서구,방화동,현대,84.99,7,1993,56700,0,2026,9,8
강서구,화곡동,우장산숲아이파크,59.9983,4,2022,65000,0,2026,9,11
강서구,가양동,강변,34.44,6,1992,3000,85,2026,9,11
강서구,마곡동,마곡엠밸리4단지,114.86,3,2014,30000,260,2026,9,9
강서구,마곡동,마곡엠밸리8단지,59.79,7,2016,33402,0,2026,9,10
강서구,내발산동,마곡수명산파크5단지,49.93,9,2008,9961,12,2026,9,10
강서구,내발산동,마곡수명산파크5단지,49.97,12,2008,10196,11,2026,9,10
강서구,마곡동,마곡엠밸리8단지,59.79,8,2016,33402,0,2026,9,11
강서구,화곡동,우장산역해링턴타워,43.24,9,2021,8320,55,2026,9,9
강서구,가양동,가양6단지,49.5,3,1992,37000,0,2026,9,2
강서구,방화동,마곡중앙하이츠아파트,51.03,9,1994,5000,150,2026,9,6
강서구,염창동,태영,59.97,5,1999,15000,165,2026,9,10
강서구,가양동,가양도시개발9-1단지,34.44,7,1992,1998,5,2026,9,7
강서구,가양동,강서한강자이,84.9903,12,2013,54000,48,2026,9,10
강서구,화곡동,궁전(912-1)B동,91.08,2,1998,30000,25,2026,9,10
강서구,화곡동,우장산롯데캐슬,85,20,2003,65000,0,2026,9,10
강서구,가양동,가양2단지(성지),39.6,2,1992,33000,0,2026,9,9
강서구,가양동,한강타운,84.99,1,1993,34500,60,2026,9,10
강서구,화곡동,화곡푸르지오,156.876,11,2002,95000,0,2026,9,7
강서구,가양동,가양우성,84.85,8,1990,67000,0,2026,9,10
강서구,화곡동,스카이(924-10),33.52,10,2014,2000,90,2026,9,10
강서구,화곡동,리치아파트,19.81,5,2018,16000,22,2026,9,10
강서구,마곡동,마곡엠밸리8단지,59.97,2,2016,10968,16,2026,9,10
강서구,마곡동,마곡엠밸리8단지,59.97,2,2016,13554,2,2026,9,10
강서구,마곡동,마곡엠밸리8단지,59.79,6,2016,33402,0,2026,9,10
강서구,마곡동,마곡엠밸리8단지,59.79,9,2016,33402,0,2026,9,10
강서구,화곡동,"우장산아이파크,이편한세상",84.97,4,2008,30000,230,2026,9,7
강서구,화곡동,성재센트리움아파트,21.74,9,2016,13500,15,2026,9,4
강서구,내발산동,마곡수명산파크4단지,59.84,4,2008,30000,110,2026,9,1
강서구,화곡동,동양하우징(899-4),28.18,11,2017,20280,0,2026,9,10
강서구,화곡동,우장산역해링턴타워,23.68,15,2021,4260,44,2026,9,9
강서구,등촌동,주공5,58.14,12,1995,45000,0,2026,9,10
강서구,마곡동,마곡엠밸리8단지,59.79,8,2016,33402,0,2026,9,9
강서구,마곡동,마곡엠밸리8단지,59.97,2,2016,33402,0,2026,9,9
강서구,화곡동,우장산롯데캐슬,85,17,2003,72000,0,2026,9,4
강서구,마곡동,마곡엠밸리8단지,59.79,5,2016,33402,0,2026,9,9
강서구,마곡동,마곡엠벨리(14단지),84.74,2,2014,26038,0,2026,9,9
강서구,등촌동,"등촌1,2단지주공아파트",41.85,3,1994,22972,0,2026,9,7
강서구,방화동,마곡중앙하이츠아파트,59.34,6,1994,36000,0,2026,9,9
강서구,마곡동,마곡엠밸리8단지,59.79,8,2016,33402,0,2026,9,9
강서구,마곡동,마곡엠밸리8단지,59.79,4,2016,33402,0,2026,9,9
강서구,내발산동,마곡수명산파크5단지,49.97,2,2008,5611,22,2026,9,9
강서구,등촌동,주공3,58.14,7,1995,50000,0,2026,9,8
강서구,내발산동,마곡수명산파크1단지,39.73,13,2007,2359,21,2026,9,9
강서구,마곡동,마곡엠밸리8단지,59.79,4,2016,33402,0,2026,9,9
강서구,마곡동,마곡엠밸리8단지,59.87,8,2016,33402,0,2026,9,8
강서구,마곡동,마곡엠밸리8단지,59.79,6,2016,33402,0,2026,9,8
강서구,마곡동,마곡엠밸리8단지,59.79,13,2016,7089,38,2026,9,8
강서구,화곡동,초록,49.77,6,1998,37800,0,2026,9,9
강서구,마곡동,마곡엠밸리8단지,59.79,15,2016,33402,0,2026,9,9
강서구,마곡동,마곡엠밸리8단지,59.79,5,2016,10968,16,2026,9,8
강서구,염창동,삼천리,84.99,1,1992,40740,0,2026,9,1
강서구,가양동,강변,49.5,13,1992,45000,0,2026,9,8
강서구,내발산동,유니드,73.51,6,2005,50000,30,2026,9,7
강서구,화곡동,성재센트리움아파트,20.3,9,2016,13000,20,2026,9,4
강서구,화곡동,강서힐스테이트,84.99,18,2015,80000,0,2026,9,9
강서구,마곡동,마곡엠밸리8단지,59.79,9,2016,33402,0,2026,9,8
강서구,마곡동,마곡엠밸리8단지,59.79,4,2016,33402,0,2026,9,8
강서구,마곡동,마곡엠밸리8단지,59.79,8,2016,33402,0,2026,9,9
강서구,방화동,동성,64.65,4,1993,36400,0,2026,9,6
강서구,마곡동,마곡엠밸리8단지,59.79,12,2016,33402,0,2026,9,9
강서구,마곡동,마곡엠밸리8단지,59.79,10,2016,33402,0,2026,9,9
강서구,등촌동,주공3,58.14,15,1995,49350,0,2026,9,7
강서구,마곡동,마곡엠밸리8단지,59.79,3,2016,33402,0,2026,9,8
강서구,등촌동,마곡루나플라체,22.05,8,2021,26000,0,2026,9,9
강서구,마곡동,마곡엠밸리12단지,59.79,4,2016,35161,0,2026,9,9
강서구,화곡동,우공아파트,27,2,2018,15000,10,2026,9,9
강서구,가양동,가양도시개발9-2단지,34.44,2,1993,24000,0,2026,9,9
강서구,내발산동,마곡수명산파크5단지,59.87,12,2008,5000,210,2026,9,8
강서구,내발산동,마곡수명산파크3단지,84.76,14,2007,26403,0,2026,9,9
강서구,방화동,마곡중앙하이츠아파트,51.03,9,1994,36000,0,2026,9,8
강서구,염창동,무학,114.92,14,1999,70000,50,2026,9,9
강서구,등촌동,나성,84.7533,7,2003,54000,0,2026,9,1
강서구,방화동,방화6단지,24.05,4,1994,537,8,2026,9,9
강서구,내발산동,마곡수명산파크1단지,39.92,12,2007,6412,2,2026,9,9
강서구,마곡동,마곡엠벨리(15단지),84.95,15,2014,41239,0,2026,9,8
강서구,마곡동,마곡13단지힐스테이트마스터,84.9805,4,2017,90000,0,2026,9,8
강서구,방화동,마곡중앙하이츠아파트,39.58,6,1994,5000,90,2026,9,4
강서구,등촌동,주공5,58.14,4,1995,45000,0,2026,9,4
강서구,내발산동,우장산힐스테이트,84.98,2,2005,20000,260,2026,9,8
강서구,마곡동,마곡엠밸리12단지,59.79,11,2016,35161,0,2026,9,8
강서구,마곡동,마곡엠밸리12단지,59.79,14,2016,35161,0,2026,9,8
강서구,마곡동,마곡엠벨리(14단지),84.93,1,2014,41239,0,2026,9,8
강서구,염창동,한강동아,84.96,9,1998,15000,180,2026,9,4
강서구,염창동,강변힐스테이트,84.99,2,2005,33300,150,2026,9,8
강서구,마곡동,마곡엠밸리8단지,59.79,7,2016,33402,0,2026,9,8
강서구,마곡동,마곡엠밸리8단지,59.79,12,2016,33402,0,2026,9,8
강서구,마곡동,마곡엠밸리8단지,59.79,6,2016,33402,0,2026,9,8
강서구,내발산동,마곡수명산파크1단지,39.8,2,2007,1010,24,2026,9,8
강서구,마곡동,마곡엠밸리8단지,59.79,15,2016,33402,0,2026,9,8
강서구,마곡동,마곡엠밸리8단지,59.87,6,2016,33402,0,2026,9,8
강서구,화곡동,강서힐스테이트,84.99,12,2015,88000,0,2026,9,8
강서구,마곡동,마곡엠밸리8단지,59.79,13,2016,33402,0,2026,9,8
강서구,마곡동,마곡엠밸리1단지,49.77,3,2014,6224,40,2026,9,8
강서구,마곡동,마곡엠밸리8단지,59.79,6,2016,33402,0,2026,9,8
강서구,마곡동,마곡엠밸리8단지,59.79,5,2016,14585,4,2026,9,8
강서구,화곡동,드림시드아파트,46.03,8,2018,30000,0,2026,9,3
강서구,염창동,아네스트염창,16.96,10,2019,12000,22,2026,9,8
강서구,화곡동,강서힐스테이트,84.99,4,2015,15000,280,2026,9,8
강서구,마곡동,마곡엠밸리8단지,59.79,5,2016,33402,0,2026,9,8
강서구,마곡동,마곡엠밸리4단지,59.95,2,2014,23767,0,2026,9,8
강서구,마곡동,마곡엠밸리9단지,59.86,3,2021,66000,0,2026,9,8
강서구,등촌동,주공10,37.67,1,1995,29400,0,2026,9,8
강서구,방화동,방화6단지,24.05,2,1994,1251,3,2026,9,8
강서구,가양동,한강타운,84.99,6,1993,63000,0,2026,9,8
강서구,등촌동,주공10,58.14,5,1995,20000,100,2026,9,5
강서구,염창동,아네스트염창,21.27,13,2019,5000,81,2026,9,8
강서구,마곡동,마곡엠밸리8단지,59.79,4,2016,33402,0,2026,9,8
강서구,가양동,가양1차보람더하임,66.37,1,2006,10000,90,2026,9,7
강서구,마곡동,마곡엠벨리(14단지),84.74,1,2014,41239,0,2026,9,8
강서구,염창동,태진드림피아,79.825,16,2003,50000,0,2026,9,8
강서구,마곡동,마곡엠밸리4단지,59.79,5,2014,36030,0,2026,9,8
강서구,마곡동,마곡엠벨리(15단지),59.84,7,2014,36030,0,2026,9,8
강서구,화곡동,강서힐스테이트,128.81,9,2015,50000,168,2026,9,7
강서구,내발산동,마곡수명산파크1단지,39.73,14,2007,4430,8,2026,9,8
강서구,마곡동,마곡엠벨리(15단지),114.86,6,2014,82000,0,2026,9,7
강서구,방화동,방화6단지,39.6,2,1994,922,12,2026,9,8
강서구,내발산동,강성레스트빌아파트,84.762,3,2005,30000,15,2026,9,7
강서구,내발산동,청솔수(711-6),84.2,7,2007,52000,0,2026,9,5
강서구,등촌동,주공5,58.14,10,1995,40000,0,2026,9,7
강서구,가양동,가양도시개발공사8단지(임대),34.44,1,1992,743,10,2026,9,7
강서구,방화동,개화,101.86,3,1994,63000,0,2026,9,1
강서구,내발산동,우장산힐스테이트,101.87,16,2005,94500,0,2026,9,7
강서구,마곡동,마곡엠밸리7단지,114.86,14,2014,93000,0,2026,9,5
강서구,화곡동,경동엠파이어스테이트,18.915,6,2012,11700,15,2026,9,7
강서구,마곡동,마곡엠밸리6단지,84.88,12,2014,60000,150,2026,9,4
강서구,가양동,가양1차보람더하임,66.37,1,2006,10000,90,2026,9,7
강서구,방화동,청솔,49.2,13,1994,36700,0,2026,9,7
강서구,가양동,가양도시개발9-2단지,34.44,14,1993,2000,90,2026,9,7
강서구,가양동,가양6단지,58.65,11,1992,47000,0,2026,9,5
강서구,방화동,방화6단지,24.05,3,1994,557,8,2026,9,7
강서구,마곡동,마곡엠밸리6단지,84.74,13,2014,87000,0,2026,9,4
강서구,방화동,방화6단지,39.6,12,1994,922,13,2026,9,7
강서구,방화동,강서센트레빌3차,84.4,2,2009,65000,0,2026,9,3
강서구,화곡동,SPACE(920-5),19.75,5,2014,11000,10,2026,9,7
강서구,염창동,삼현팰리채,65.35,5,2008,49875,0,2026,9,3
강서구,가양동,가양강나루현대,59.76,21,1999,54000,0,2026,9,5
강서구,화곡동,성광,60.72,4,2008,29820,0,2026,9,7
강서구,염창동,태진한솔,58.87,8,1994,25000,70,2026,9,7
강서구,화곡동,강서힐스테이트,59.99,7,2015,27660,165,2026,9,5
강서구,마곡동,마곡엠밸리12단지,59.99,14,2016,67200,0,2026,9,3
강서구,가양동,대림경동아파트,131.4,6,1993,68000,40,2026,9,4
강서구,방화동,방화6단지,39.6,13,1994,922,12,2026,9,7
강서구,화곡동,경동엠파이어스테이트,14.315,9,2012,8100,0,2026,9,1
강서구,마곡동,마곡13단지힐스테이트마스터,59.9825,4,2017,81000,0,2026,9,4
강서구,가양동,가양2단지(성지),39.6,5,1992,3000,90,2026,9,4
강서구,방화동,방화5,39.6,1,1994,29500,0,2026,9,4
강서구,가양동,가양도시개발공사8단지(임대),39.6,13,1992,840,13,2026,9,7
강서구,화곡동,디아인스,23.93,14,2018,23700,0,2026,9,5
강서구,방화동,방화6단지,24.05,2,1994,557,7,2026,9,7
강서구,방화동,신마곡벽산블루밍,49.7391,12,2020,42000,0,2026,9,6
강서구,화곡동,우장산에스케이뷰,84.97,1,2006,65000,0,2026,9,4
강서구,화곡동,강서힐스테이트,128.81,12,2015,65000,156,2026,9,5
강서구,방화동,마곡중앙하이츠아파트,51.03,3,1994,2000,150,2026,9,4
강서구,방화동,방화6단지,39.6,12,1994,922,13,2026,9,7
강서구,등촌동,등촌동아이파크,165.8299,19,2004,85000,60,2026,9,5
강서구,방화동,방화9단지,39.84,9,1996,942,12,2026,9,7
강서구,내발산동,우장산힐스테이트,84.98,17,2005,86000,0,2026,9,6
강서구,염창동,현대2,84.54,8,1993,52000,0,2026,9,6
강서구,염창동,현대아이파크,84.84,14,2005,50000,100,2026,9,5
강서구,가양동,가양도시개발9-1단지,34.44,7,1992,738,12,2026,9,7
강서구,염창동,동아3,59.7,7,1999,45150,0,2026,9,5
강서구,염창동,DH팰리스,57.38,6,2022,50400,0,2026,9,4
강서구,가양동,가양강나루현대,59.76,16,1999,58000,0,2026,9,5
강서구,가양동,한강타운,84.99,6,1993,68000,0,2026,9,5
강서구,염창동,등촌제이스카이,28.94,13,2021,3000,120,2026,9,5
강서구,가양동,강서한강자이,124.4246,5,2013,89200,0,2026,9,5
강서구,염창동,무학,59.38,8,1999,47200,0,2026,9,3
강서구,가양동,가양2단지(성지),49.65,12,1992,37000,0,2026,9,5
강서구,가양동,강서한강자이,124.4246,19,2013,87150,0,2026,9,4
강서구,등촌동,주공3,58.14,11,1995,47000,0,2026,9,4
강서구,방화동,방화3차우림필유,59.89,6,2005,10000,140,2026,9,2
강서구,방화동,삼정코아,83.23,13,2004,43000,0,2026,9,3
강서구,화곡동,우장산숲아이파크,59.9983,6,2022,75000,0,2026,9,4
강서구,방화동,방화5,33.18,2,1994,1500,90,2026,9,4
강서구,염창동,관음삼성,59.96,3,1997,39300,30,2026,9,4
강서구,마곡동,길훈,65.88,3,1989,41000,0,2026,9,4
강서구,마곡동,마곡엠밸리2단지,84.95,6,2014,83000,0,2026,9,2
강서구,방화동,방화메이빌,51.8976,7,2017,42000,0,2026,9,4
강서구,가양동,가양6단지,39.6,2,1992,1000,95,2026,9,4
강서구,가양동,한강타운,84.99,3,1993,55000,0,2026,9,4
강서구,마곡동,마곡삼성아파트,59.95,13,1998,48000,0,2026,9,3
강서구,내발산동,우장산힐스테이트,84.98,7,2005,15000,280,2026,9,3
강서구,화곡동,화곡푸르지오,125.021,2,2002,75000,0,2026,9,4
강서구,화곡동,우장산역해링턴타워,23.68,8,2021,4112,14,2026,9,4
강서구,내발산동,마곡수명산파크2단지,84.82,1,2007,55000,40,2026,9,3
강서구,내발산동,마곡에이치밸리움,51.464,5,2023,52000,0,2026,9,3
강서구,화곡동,화곡동복지,53.94,4,1974,16000,0,2026,9,3
강서구,염창동,극동상록수,84.96,8,1999,61000,0,2026,9,3
강서구,방화동,방화5,39.6,1,1994,3000,120,2026,9,3
강서구,화곡동,센트럴파크아파트,48.65,11,2021,36000,0,2026,9,3
강서구,등촌동,등촌라인(조합),59.91,12,1997,50000,0,2026,9,3
강서구,가양동,가양강나루현대,84.98,7,1999,65000,0,2026,9,3
강서구,화곡동,M노블레스,27.01,4,2021,19652,0,2026,9,2
강서구,등촌동,주공10,58.14,6,1995,25000,58,2026,9,2
강서구,마곡동,마곡엠밸리4단지,84.85,2,2014,84000,0,2026,9,2
강서구,내발산동,우장산힐스테이트,84.98,13,2005,36750,126,2026,9,3
강서구,염창동,우성2,65.88,2,1992,27000,40,2026,9,2
강서구,가양동,강서한강자이,59.9382,7,2013,57000,0,2026,9,3
강서구,화곡동,우장산역해링턴타워,23.68,10,2021,4112,14,2026,9,3
강서구,마곡동,한솔솔파크,84.87,9,2005,59850,0,2026,9,2
강서구,마곡동,마곡엠밸리8단지,59.79,14,2016,35072,0,2026,9,2
강서구,마곡동,벽산,59.98,15,1999,31800,0,2026,9,1
강서구,마곡동,마곡엠밸리2단지,114.91,8,2014,60000,180,2026,9,2
강서구,등촌동,코오롱하늘채,59.95,9,2003,20000,100,2026,9,2
강서구,등촌동,지엠벨리,25.32,14,2019,26000,0,2026,9,2
강서구,화곡동,NS파크APT,28.91,7,2018,18900,20,2026,9,2
강서구,화곡동,화곡푸르지오,104.75,13,2002,76000,0,2026,9,2
강서구,등촌동,한사랑2삼성,59.73,19,1999,52000,0,2026,9,1
강서구,등촌동,주공5,37.67,11,1995,27400,0,2026,9,2
강서구,염창동,e편한세상염창,55.0323,2,2019,65000,0,2026,9,1
강서구,염창동,태진한솔,58.87,8,1994,35010,49,2026,9,1
강서구,화곡동,강서힐스테이트,84.99,15,2015,63000,0,2026,9,1
강서구,내발산동,길성그랑프리텔,71.513,10,2003,47250,0,2026,9,1
강서구,마곡동,마곡13단지힐스테이트마스터,84.9805,16,2017,10000,290,2026,9,1
강서구,화곡동,신영,80.61,3,2002,24000,0,2026,9,1
강서구,염창동,한강동아,84.96,11,1998,57500,0,2026,9,1
강서구,내발산동,마곡수명산파크1단지,84.68,9,2007,66100,0,2026,9,1
강서구,방화동,동성,84.95,1,1993,42000,0,2026,9,1
구로구,구로동,신도림태영타운,84.87,11,2000,10000,240,2026,9,12
구로구,신도림동,대림2,59.88,10,2001,5000,169,2026,9,12
구로구,고척동,고척아이파크(주상복합),64.89,36,2022,22700,52,2026,9,1
구로구,개봉동,센트레빌레우스1단지,84.9625,32,2020,27891,53,2026,9,14
구로구,고척동,고척아이파크(주상복합),64.93,37,2022,17700,66,2026,9,1
구로구,개봉동,한마을,59.57,8,1999,52000,0,2026,9,14
구로구,구로동,구로두산위브,57.1,12,2006,48300,0,2026,9,11
구로구,오류동,금강,84.96,2,1996,35500,0,2026,9,3
구로구,개봉동,한마을,59.57,7,1999,53000,0,2026,9,11
구로구,고척동,고척아이파크(아파트),64.92,1,2022,23400,51,2026,9,9
구로구,고척동,삼명,43.74,5,1977,15000,0,2026,9,8
구로구,개봉동,개봉푸르지오,71.95,19,2014,10000,190,2026,9,5
구로구,신도림동,미성,66.03,1,1987,36500,0,2026,9,5
구로구,신도림동,동아1,84.908,2,1999,63000,45,2026,9,4
구로구,오류동,동부(101동~103동),59.98,16,1998,35700,0,2026,9,1
구로구,온수동,온수힐스테이트,59.98,7,2010,11488,80,2026,9,12
구로구,개봉동,에드가개봉,18.1405,8,2025,4200,42,2026,9,17
구로구,천왕동,천왕이펜하우스7단지,29.96,10,2017,6024,8,2026,9,23
구로구,천왕동,천왕이펜하우스7단지,29.96,11,2017,6006,8,2026,9,23
구로구,고척동,고척LIG리가2차,84.98,12,2009,63000,0,2026,9,23
구로구,구로동,근상프리즘,84.74,10,2007,33600,0,2026,9,22
구로구,천왕동,천왕이펜하우스2단지,84.97,5,2011,59000,0,2026,9,1
구로구,구로동,파인마루오피스텔,15.75,17,2016,1000,66,2026,9,10
구로구,고척동,고척아이파크(아파트),79.97,15,2022,19800,73,2026,9,23
구로구,고척동,고척아이파크(주상복합),64.95,22,2022,12700,80,2026,9,23
구로구,고척동,고척아이파크(주상복합),64.78,28,2022,22700,52,2026,9,23
구로구,천왕동,천왕이펜하우스7단지,29.96,10,2017,5680,8,2026,9,23
구로구,고척동,고척아이파크(주상복합),64.78,20,2022,22700,51,2026,9,23
구로구,개봉동,에드가개봉,18.1405,4,2025,4800,48,2026,9,3
구로구,고척동,고척아이파크(주상복합),79.89,29,2022,14000,87,2026,9,23
구로구,고척동,고척아이파크(아파트),64.92,5,2022,18400,65,2026,9,23
구로구,고척동,고척아이파크(주상복합),79.93,11,2022,24000,57,2026,9,23
구로구,고척동,고척아이파크(주상복합),79.92,32,2022,14000,88,2026,9,23
구로구,고척동,고척아이파크(아파트),64.92,9,2022,23400,52,2026,9,23
구로구,고척동,고척아이파크(아파트),79.97,35,2022,22000,57,2026,9,23
구로구,신도림동,디큐브시티,59.88,3,2011,30000,130,2026,9,23
구로구,천왕동,천왕이펜하우스4단지,59.95,2,2011,17288,0,2026,9,23
구로구,신도림동,대림2,84.95,12,2001,75000,0,2026,9,21
구로구,오류동,오류동삼전솔하임,15.943,5,2020,11200,17,2026,9,14
구로구,개봉동,현대,114.99,6,2001,5000,240,2026,9,9
구로구,고척동,고척아이파크(주상복합),79.89,25,2022,19000,72,2026,9,23
구로구,구로동,성락,57.33,6,1988,33000,0,2026,9,17
구로구,고척동,고척아이파크(주상복합),64.93,35,2022,12700,81,2026,9,23
구로구,구로동,신도림롯데아파트,84.93,12,1999,40000,100,2026,9,23
구로구,고척동,고척아이파크(주상복합),64.89,20,2022,15300,60,2026,9,22
구로구,고척동,고척아이파크(주상복합),79.93,30,2022,24000,58,2026,9,23
구로구,고척동,고척아이파크(아파트),64.96,13,2022,23400,52,2026,9,11
구로구,고척동,고척아이파크(주상복합),79.92,22,2022,14000,87,2026,9,22
구로구,천왕동,천왕이펜하우스7단지,29.96,3,2017,6024,8,2026,9,23
구로구,천왕동,천왕이펜하우스7단지,29.96,8,2017,6024,8,2026,9,22
구로구,고척동,고척아이파크(주상복합),64.89,15,2022,12700,79,2026,9,23
구로구,고척동,고척아이파크(주상복합),64.93,20,2022,20300,45,2026,9,22
구로구,고척동,고척아이파크(주상복합),79.89,35,2022,14000,88,2026,9,23
구로구,개봉동,에드가개봉,16.4845,17,2025,3900,38,2026,9,9
구로구,궁동,우남푸르미아,84.94,4,2007,40000,0,2026,9,18
구로구,신도림동,미성,66.03,1,1987,29000,0,2026,9,22
구로구,구로동,구로현대,63.98,6,1992,5000,140,2026,9,13
구로구,고척동,고척아이파크(주상복합),64.93,34,2022,17700,67,2026,9,23
구로구,개봉동,에드가개봉,16.4845,11,2025,3900,38,2026,9,18
구로구,개봉동,한마을,84.57,6,1999,64000,0,2026,9,3
구로구,고척동,고척아이파크(주상복합),79.93,15,2022,24000,57,2026,9,22
구로구,고척동,고척아이파크(주상복합),64.78,29,2022,12700,80,2026,9,22
구로구,천왕동,천왕이펜하우스3단지,114.85,1,2011,31518,0,2026,9,22
구로구,천왕동,천왕이펜하우스7단지,29.96,3,2017,2025,17,2026,9,22
구로구,천왕동,천왕이펜하우스7단지,29.96,7,2017,6006,8,2026,9,22
구로구,천왕동,천왕이펜하우스7단지,29.96,14,2017,6006,8,2026,9,22
구로구,오류동,동선,58.2159,7,2004,3000,160,2026,9,9
구로구,고척동,고척아이파크(아파트),64.96,23,2022,20900,48,2026,9,22
구로구,고척동,고척아이파크(아파트),64.96,23,2022,23400,54,2026,9,22
구로구,고척동,고척아이파크(아파트),79.97,13,2022,14800,88,2026,9,22
구로구,천왕동,천왕이펜하우스7단지,29.96,7,2017,6006,8,2026,9,22
구로구,천왕동,천왕연지마을1단지,20.57,6,2017,4450,7,2026,9,22
구로구,신도림동,동아2,84.908,21,2000,78750,0,2026,9,22
구로구,개봉동,세이지움개봉,18.5506,7,2025,10000,27,2026,9,22
구로구,고척동,고척아이파크(주상복합),79.93,25,2022,14000,87,2026,9,22
구로구,천왕동,천왕이펜하우스7단지,29.96,2,2017,6006,8,2026,9,22
구로구,고척동,고척아이파크(주상복합),64.89,19,2022,22700,51,2026,9,22
구로구,구로동,대림우성2,43.79,7,1987,23000,0,2026,9,17
구로구,구로동,구로두산위브,50.14,12,2006,40000,0,2026,9,18
구로구,천왕동,천왕이펜하우스7단지,29.96,9,2017,6024,8,2026,9,22
구로구,개봉동,에드가개봉,16.4845,12,2025,4300,44,2026,9,18
구로구,천왕동,천왕이펜하우스7단지,29.96,10,2017,2336,20,2026,9,22
구로구,고척동,고척아이파크(주상복합),64.93,10,2022,20300,44,2026,9,22
구로구,고척동,고척아이파크(주상복합),64.95,20,2022,20300,45,2026,9,22
구로구,고척동,고척아이파크(아파트),64.92,10,2022,23400,52,2026,9,22
구로구,고척동,고척아이파크(아파트),64.96,17,2022,18400,67,2026,9,21
구로구,개봉동,에드가개봉,53.9516,20,2025,9400,95,2026,9,12
구로구,신도림동,신도림크라운빌,20.41,5,2015,2000,75,2026,9,18
구로구,고척동,고척아이파크(아파트),79.97,32,2022,14800,92,2026,9,22
구로구,고척동,고척아이파크(아파트),64.98,22,2022,23400,54,2026,9,22
구로구,개봉동,한마을,84.57,24,1999,65000,0,2026,9,21
구로구,고척동,고척아이파크(주상복합),79.92,30,2022,19000,72,2026,9,21
구로구,구로동,한신,35.277,12,1988,24600,0,2026,9,22
구로구,천왕동,천왕이펜하우스7단지,29.96,12,2017,4989,17,2026,9,22
구로구,고척동,고척아이파크(주상복합),64.93,23,2022,17700,66,2026,9,22
구로구,개봉동,센트레빌레우스1단지,74.9145,11,2020,20660,45,2026,9,21
구로구,개봉동,에드가개봉,16.4845,8,2025,4300,44,2026,9,5
구로구,천왕동,천왕이펜하우스7단지,29.96,9,2017,6014,8,2026,9,21
구로구,천왕동,천왕이펜하우스7단지,29.96,8,2017,6006,8,2026,9,22
구로구,고척동,고척아이파크(주상복합),79.93,9,2022,24000,56,2026,9,22
구로구,개봉동,세이지움개봉,18.5506,19,2025,8400,33,2026,9,21
구로구,천왕동,천왕이펜하우스7단지,29.96,10,2017,6014,8,2026,9,22
구로구,고척동,대우,114.95,10,1999,200,35,2026,9,22
구로구,개봉동,에드가개봉,16.4845,11,2025,4300,44,2026,9,21
구로구,개봉동,한진,59.95,3,2000,34000,0,2026,9,19
구로구,천왕동,천왕이펜하우스7단지,29.96,8,2017,4536,15,2026,9,22
구로구,고척동,고척아이파크(주상복합),64.78,39,2022,12700,82,2026,9,22
구로구,항동,우남퍼스트빌더센트럴,84.9149,9,2020,58000,0,2026,9,21
구로구,개봉동,에드가개봉,16.4845,12,2025,4300,44,2026,9,12
구로구,고척동,고척아이파크(아파트),64.98,24,2022,10900,77,2026,9,22
구로구,구로동,구로두산위브,36.88,8,2006,3000,120,2026,9,9
구로구,고척동,고척아이파크(아파트),64.98,13,2022,23400,50,2026,9,22
구로구,고척동,고척아이파크(아파트),64.92,6,2022,20900,46,2026,9,22
구로구,항동,하버라인3단지,59.86,11,2019,49000,0,2026,9,22
구로구,천왕동,천왕이펜하우스7단지,29.96,3,2017,6006,8,2026,9,22
구로구,천왕동,천왕이펜하우스7단지,29.96,9,2017,6006,8,2026,9,22
구로구,개봉동,한마을,84.57,17,1999,57000,0,2026,9,19
구로구,개봉동,센트레빌레우스1단지,84.9625,32,2020,27891,53,2026,9,14
구로구,개봉동,현대홈타운,84.915,15,2001,57000,0,2026,9,19
구로구,개봉동,에드가개봉,16.4845,13,2025,3900,38,2026,9,4
구로구,고척동,고척아이파크(주상복합),64.78,9,2022,22700,49,2026,9,21
구로구,고척동,고척아이파크(주상복합),64.93,16,2022,22700,51,2026,9,21
구로구,고척동,고척아이파크(주상복합),79.92,12,2022,14000,86,2026,9,21
구로구,고척동,고척아이파크(아파트),64.92,28,2022,20900,49,2026,9,21
구로구,구로동,한일유앤아이,84.962,4,2006,10000,150,2026,9,10
구로구,개봉동,현대,59.94,23,2001,47200,0,2026,9,18
구로구,고척동,고척아이파크(주상복합),79.92,25,2022,24000,58,2026,9,21
구로구,개봉동,에드가개봉,16.4845,7,2025,4300,44,2026,9,10
구로구,고척동,고척아이파크(주상복합),64.93,17,2022,22700,51,2026,9,21
구로구,고척동,고척아이파크(주상복합),64.93,20,2022,22700,51,2026,9,22
구로구,궁동,궁동에스하임,53.07,1,2021,16381,14,2026,9,21
구로구,구로동,이화우성,59.82,9,1998,4000,150,2026,9,3
구로구,고척동,고척아이파크(주상복합),79.93,23,2022,14000,87,2026,9,21
구로구,구로동,구로두산,44.64,10,1998,31500,0,2026,9,19
구로구,개봉동,건영,84.41,10,1994,35000,0,2026,9,18
구로구,신도림동,신도림 아르디에,43.35,9,2018,30000,16,2026,9,15
구로구,개봉동,두산,59.69,14,1997,10000,120,2026,9,21
구로구,개봉동,신영지웰에스테이트개봉역,44.0497,8,2024,23231,0,2026,9,21
구로구,신도림동,동아2,59.595,14,2000,55000,0,2026,9,21
구로구,고척동,고척아이파크(아파트),79.97,11,2022,24800,59,2026,9,21
구로구,고척동,고척아이파크(주상복합),64.93,28,2022,17700,66,2026,9,21
구로구,고척동,고척아이파크(아파트),64.98,6,2022,20900,46,2026,9,21
구로구,고척동,고척아이파크(주상복합),79.93,14,2022,21500,50,2026,9,21
구로구,고척동,고척아이파크(주상복합),64.93,30,2022,17700,66,2026,9,21
구로구,고척동,고척아이파크(주상복합),64.93,14,2022,22700,51,2026,9,21
구로구,고척동,고척아이파크(주상복합),64.93,17,2022,17700,65,2026,9,21
구로구,고척동,고척아이파크(주상복합),64.93,22,2022,22700,52,2026,9,21
구로구,고척동,"우성,현대아파트",68.7,10,1987,39900,0,2026,9,18
구로구,고척동,고척아이파크(아파트),79.97,15,2022,14800,88,2026,9,18
구로구,고척동,고척아이파크(주상복합),64.95,28,2022,22700,52,2026,9,21
구로구,고척동,고척아이파크(주상복합),79.75,39,2022,24000,60,2026,9,21
구로구,천왕동,천왕연지타운1단지,49.89,8,2013,9348,14,2026,9,16
구로구,구로동,주공2,41.3,10,1987,25000,0,2026,9,18
구로구,천왕동,천왕이펜하우스7단지,29.96,3,2017,6006,8,2026,9,21
구로구,구로동,우성(23),51.44,14,1985,37000,0,2026,9,20
구로구,구로동,순영웰라이빌1차,59.5,17,2003,36000,0,2026,9,19
구로구,구로동,신도림태영타운,84.87,9,2000,60000,0,2026,9,10
구로구,개봉동,현대홈타운,59.49,3,2001,48000,0,2026,9,18
구로구,고척동,고척아이파크(주상복합),79.89,35,2022,24000,59,2026,9,18
구로구,고척동,고척아이파크(아파트),79.97,2,2022,24800,58,2026,9,21
구로구,개봉동,현대홈타운,59.49,4,2001,35000,55,2026,9,19
구로구,구로동,극동,91.01,10,1984,10000,130,2026,9,19
구로구,고척동,고척아이파크(아파트),79.97,18,2022,24800,60,2026,9,21
구로구,신도림동,우성5,79.56,8,1994,50400,0,2026,9,18
구로구,천왕동,천왕이펜하우스3단지,39.45,13,2011,7625,5,2026,9,18
구로구,신도림동,동아1,59.978,4,1999,65000,0,2026,9,20
구로구,구로동,한일유앤아이,114.722,18,2006,10000,190,2026,9,15
구로구,신도림동,동아2,59.595,15,2000,58000,0,2026,9,20
구로구,구로동,비즈트위트그린,15.11,11,2012,8380,15,2026,9,18
구로구,구로동,비즈트위트블루,16.04,5,2012,9400,15,2026,9,18
구로구,고척동,고척아이파크(아파트),64.92,25,2022,23400,54,2026,9,21
구로구,고척동,고척아이파크(주상복합),79.93,27,2022,24000,58,2026,9,21
구로구,개봉동,세이지움개봉,18.5506,10,2025,10000,27,2026,9,18
구로구,신도림동,신도림3차푸르지오,82.8,19,2007,57750,40,2026,9,7
구로구,고척동,고척아이파크(주상복합),64.93,15,2022,22700,51,2026,9,18
구로구,구로동,비즈트위트레인보우,15.17,3,2012,2000,45,2026,9,11
구로구,신도림동,대림2,59.88,11,2001,56100,0,2026,9,17
구로구,고척동,고척아이파크(주상복합),64.89,8,2022,22700,49,2026,9,18
구로구,고척동,고척아이파크(주상복합),79.92,20,2022,24000,57,2026,9,18
구로구,고척동,고척아이파크(주상복합),64.89,17,2022,22700,51,2026,9,18
구로구,구로동,비즈트위트블루,16.04,4,2012,100,60,2026,9,7
구로구,고척동,고척아이파크(아파트),64.96,32,2022,13400,85,2026,9,18
구로구,고척동,고척아이파크(주상복합),64.93,10,2022,12700,78,2026,9,18
구로구,개봉동,두산,84.96,8,1997,46000,0,2026,9,18
구로구,개봉동,센트레빌레우스1단지,74.9361,19,2020,20660,57,2026,9,18
구로구,개봉동,현대,84.99,20,2001,54000,35,2026,9,18
구로구,개봉동,거성푸르뫼2,59.9,6,1994,31500,0,2026,9,18
구로구,고척동,고척아이파크(아파트),64.98,23,2022,23400,54,2026,9,18
구로구,고척동,고척아이파크(주상복합),64.89,13,2022,20300,45,2026,9,18
구로구,오류동,계림웨스트벨리,46.33,2,2021,10079,10,2026,9,18
구로구,신도림동,미성,37.91,4,1987,23000,0,2026,9,16
구로구,고척동,고척아이파크(주상복합),79.89,38,2022,14000,89,2026,9,18
구로구,고척동,고척아이파크(주상복합),64.89,6,2022,20300,44,2026,9,18
구로구,고척동,고척아이파크(주상복합),64.89,29,2022,12700,80,2026,9,18
구로구,고척동,고척아이파크(주상복합),79.92,35,2022,19000,73,2026,9,18
구로구,오류동,우림필유,59.95,12,2005,45000,0,2026,9,12
구로구,개봉동,세이지움개봉,18.5506,14,2025,8400,33,2026,9,18
구로구,신도림동,SKVIEW,84.96,5,2006,10000,170,2026,9,16
구로구,고척동,고척아이파크(아파트),64.98,28,2022,23400,55,2026,9,18
구로구,고척동,고척아이파크(주상복합),64.89,13,2022,22700,51,2026,9,18
구로구,고척동,고척아이파크(주상복합),79.92,6,2022,21500,49,2026,9,18
구로구,고척동,고척아이파크(주상복합),79.89,28,2022,24000,58,2026,9,18
구로구,고척동,고척아이파크(주상복합),79.93,13,2022,24000,57,2026,9,18
구로구,고척동,고척아이파크(주상복합),79.89,18,2022,21500,50,2026,9,18
구로구,고척동,고척아이파크(주상복합),64.89,22,2022,22700,52,2026,9,18
구로구,고척동,고척아이파크(주상복합),64.89,24,2022,22700,52,2026,9,18
구로구,고척동,고척아이파크(아파트),64.98,23,2022,23400,54,2026,9,18
구로구,고척동,라이프플러스,30.285,10,2012,2000,52,2026,9,12
구로구,고척동,고척아이파크(주상복합),79.89,38,2022,19000,74,2026,9,18
구로구,고척동,고척아이파크(주상복합),64.93,10,2022,22700,49,2026,9,18
구로구,항동,하버라인11단지,29.69,11,2019,8362,13,2026,9,18
구로구,구로동,주공1,73.68,14,1986,5000,140,2026,9,3
구로구,고척동,고척아이파크(아파트),64.96,12,2022,20900,46,2026,9,18
구로구,고척동,고척아이파크(주상복합),64.95,33,2022,20300,47,2026,9,18
구로구,고척동,고척아이파크(아파트),64.98,19,2022,13400,82,2026,9,18
구로구,고척동,고척아이파크(아파트),64.98,9,2022,20900,46,2026,9,18
구로구,천왕동,천왕이펜하우스3단지,59.95,6,2011,8646,15,2026,9,17
구로구,고척동,고척아이파크(주상복합),64.95,35,2022,15300,62,2026,9,18
구로구,고척동,고척파크푸르지오,84.94,10,2009,10000,149,2026,9,18
구로구,고척동,고척아이파크(아파트),64.92,24,2022,23400,54,2026,9,18
구로구,고척동,고척아이파크(주상복합),64.89,18,2022,22700,51,2026,9,18
구로구,오류동,오류동역솔리스타,19.09,11,2016,1000,48,2026,9,17
구로구,천왕동,천왕이펜하우스3단지,59.95,11,2011,8827,14,2026,9,18
구로구,고척동,고척아이파크(주상복합),79.89,15,2022,24000,57,2026,9,18
구로구,고척동,고척아이파크(주상복합),79.93,14,2022,24000,57,2026,9,18
구로구,고척동,서울가든,84.99,11,1989,52000,0,2026,9,16
구로구,개봉동,센트레빌레우스1단지,74.9361,3,2020,20660,45,2026,9,18
구로구,고척동,고척아이파크(주상복합),79.93,10,2022,14000,85,2026,9,18
구로구,고척동,고척아이파크(아파트),64.96,21,2022,23400,54,2026,9,18
구로구,고척동,고척아이파크(아파트),64.92,31,2022,23400,56,2026,9,18
구로구,개봉동,에드가개봉,16.4845,14,2025,4300,44,2026,9,5
구로구,고척동,대우,84.99,12,1999,5000,180,2026,9,16
구로구,신도림동,크라운빌Ⅱ,18,16,2021,4814,7,2026,9,18
구로구,구로동,한신,44.78,9,1988,30000,0,2026,9,17
구로구,구로동,현대로얄,68.63,11,1987,30000,0,2026,9,10
구로구,고척동,고척아이파크(주상복합),79.92,32,2022,24000,59,2026,9,17
구로구,고척동,고척아이파크(주상복합),79.92,13,2022,24000,57,2026,9,17
구로구,고척동,삼익(1단지),59.82,3,2001,32000,0,2026,9,10
구로구,개봉동,현대,59.94,24,2001,10000,127,2026,9,17
구로구,개봉동,에드가개봉,18.1405,16,2025,4800,48,2026,9,12
구로구,고척동,고척아이파크(주상복합),64.89,26,2022,22700,52,2026,9,17
구로구,고척동,고척아이파크(아파트),64.96,6,2022,20900,46,2026,9,17
구로구,개봉동,에드가개봉,16.4845,4,2025,4300,44,2026,9,17
구로구,오류동,계림웨스트벨리,49.97,5,2021,11066,11,2026,9,17
구로구,고척동,고척아이파크(주상복합),79.92,21,2022,14000,87,2026,9,17
구로구,고척동,고척아이파크(아파트),64.92,23,2022,23400,54,2026,9,17
구로구,고척동,고척아이파크(아파트),64.92,18,2022,18400,67,2026,9,17
구로구,신도림동,동아2,59.595,10,2000,60000,0,2026,9,14
구로구,개봉동,에드가개봉,18.1405,9,2025,4800,48,2026,9,5
구로구,고척동,고척아이파크(주상복합),79.93,39,2022,24000,60,2026,9,17
구로구,천왕동,천왕이펜하우스5단지,59.95,5,2011,8712,15,2026,9,17
구로구,고척동,고척아이파크(아파트),79.97,22,2022,12000,83,2026,9,17
구로구,고척동,고척아이파크(아파트),64.98,31,2022,13400,85,2026,9,17
구로구,개봉동,센트레빌레우스1단지,74.9361,10,2020,20660,45,2026,9,16
구로구,구로동,주공1,83.805,5,1986,38100,0,2026,9,12
구로구,고척동,고척아이파크(아파트),64.92,17,2022,23400,53,2026,9,17
구로구,고척동,고척아이파크(아파트),64.92,26,2022,23400,55,2026,9,17
구로구,고척동,고척아이파크(아파트),64.96,9,2022,13400,81,2026,9,17
구로구,고척동,고척아이파크(아파트),64.98,27,2022,23400,55,2026,9,17
구로구,고척동,고척아이파크(아파트),64.96,16,2022,23400,53,2026,9,17
구로구,개봉동,센트레빌레우스1단지,74.9145,8,2020,20660,45,2026,9,17
구로구,구로동,대림역포스큐,14.579,18,2015,1000,55,2026,9,6
구로구,천왕동,천왕이펜하우스3단지,59.95,10,2011,1903,40,2026,9,16
구로구,천왕동,천왕이펜하우스3단지,59.95,4,2011,2378,43,2026,9,16
구로구,구로동,구로두산,63.33,10,1998,43000,0,2026,9,5
구로구,고척동,고척아이파크(아파트),64.96,16,2022,20900,47,2026,9,17
구로구,천왕동,천왕연지마을1단지,20.61,9,2017,4450,7,2026,9,17
구로구,고척동,고척아이파크(주상복합),79.93,13,2022,19000,71,2026,9,17
구로구,고척동,고척아이파크(아파트),79.97,10,2022,14800,88,2026,9,17
구로구,신도림동,크라운빌Ⅱ,18,5,2021,4814,7,2026,9,16
구로구,고척동,고척아이파크(주상복합),64.95,16,2022,22700,51,2026,9,16
구로구,고척동,고척아이파크(주상복합),64.78,6,2022,12700,78,2026,9,16
구로구,고척동,고척아이파크(주상복합),79.92,36,2022,24000,60,2026,9,16
구로구,고척동,고척아이파크(주상복합),79.89,34,2022,14000,88,2026,9,16
구로구,고척동,고척아이파크(아파트),79.97,33,2022,14800,92,2026,9,16
구로구,온수동,온수힐스테이트,59.96,6,2010,27319,0,2026,9,15
구로구,신도림동,미성,37.91,13,1987,20948,0,2026,9,16
구로구,고척동,고척파크푸르지오,59.89,4,2009,42000,0,2026,9,16
구로구,신도림동,크라운빌Ⅱ,32.88,13,2021,9441,16,2026,9,16
구로구,구로동,극동,58.19,1,1984,490,130,2026,9,4
구로구,천왕동,천왕이펜하우스5단지,84.96,5,2011,32193,0,2026,9,16
구로구,신도림동,크라운빌Ⅱ,17.84,14,2021,5152,9,2026,9,16
구로구,개봉동,세이지움개봉,18.5506,20,2025,6700,40,2026,9,16
구로구,구로동,구로지웰,59.651,5,2011,25000,80,2026,9,8
구로구,개봉동,신영지웰에스테이트개봉역,44.0497,3,2024,23231,0,2026,9,16
구로구,신도림동,크라운빌Ⅱ,32.88,5,2021,7430,32,2026,9,16
구로구,신도림동,크라운빌Ⅱ,17.69,16,2021,3400,12,2026,9,16
구로구,고척동,경남2,59.96,1,1999,36750,0,2026,9,15
구로구,개봉동,센트레빌레우스1단지,74.9361,26,2020,20660,57,2026,9,15
구로구,고척동,고척아이파크(주상복합),79.93,43,2022,24000,61,2026,9,16
구로구,개봉동,에드가개봉,16.4845,2,2025,2900,50,2026,9,16
구로구,천왕동,천왕이펜하우스3단지,59.95,7,2011,8409,14,2026,9,16
구로구,고척동,고척아이파크(주상복합),64.95,37,2022,10300,77,2026,9,16
구로구,고척동,고척아이파크(아파트),64.96,5,2022,23400,51,2026,9,16
구로구,구로동,구로두산,63.33,14,1998,50000,0,2026,9,15
구로구,고척동,고척아이파크(주상복합),79.93,11,2022,24000,57,2026,9,16
구로구,천왕동,천왕연지마을1단지,20.61,3,2017,4200,6,2026,9,16
구로구,신도림동,크라운빌Ⅱ,34.38,8,2021,9441,16,2026,9,15
구로구,고척동,고척아이파크(아파트),64.92,14,2022,23400,52,2026,9,14
구로구,천왕동,천왕이펜하우스5단지,59.95,9,2011,7458,22,2026,9,16
구로구,고척동,고척아이파크(주상복합),79.89,11,2022,24000,57,2026,9,16
구로구,천왕동,천왕이펜하우스6단지,59.95,7,2011,8834,24,2026,9,15
구로구,오류동,계림웨스트벨리,49.97,1,2021,9833,15,2026,9,15
구로구,천왕동,천왕이펜하우스6단지,59.95,5,2011,5515,36,2026,9,16
구로구,천왕동,천왕이펜하우스3단지,59.95,15,2011,8409,14,2026,9,15
구로구,고척동,고척아이파크(주상복합),79.93,26,2022,24000,58,2026,9,16
구로구,신도림동,동아2,59.595,5,2000,63000,0,2026,9,15
구로구,구로동,순영웰라이빌1차,59.5,8,2003,37800,0,2026,9,12
구로구,천왕동,천왕이펜하우스5단지,114.85,6,2011,25214,0,2026,9,16
구로구,신도림동,대림e-편한세상6,84.816,9,2003,68000,0,2026,9,3
구로구,신도림동,크라운빌Ⅱ,17.69,8,2021,4814,7,2026,9,16
구로구,천왕동,천왕연지타운1단지,49.94,13,2013,9631,15,2026,9,16
구로구,고척동,고척아이파크(주상복합),79.93,20,2022,24000,57,2026,9,16
구로구,고척동,고척아이파크(주상복합),79.93,32,2022,24000,59,2026,9,16
구로구,고척동,"우성,현대아파트",68.7,1,1987,30000,0,2026,9,15
구로구,고척동,고척아이파크(주상복합),79.92,10,2022,19000,70,2026,9,16
구로구,천왕동,천왕이펜하우스6단지,59.95,10,2011,8283,21,2026,9,15
구로구,천왕동,천왕연지마을1단지,20.57,7,2017,4450,7,2026,9,16
구로구,신도림동,크라운빌Ⅱ,17.69,5,2021,2000,17,2026,9,16
구로구,신도림동,크라운빌Ⅱ,18,19,2021,4814,7,2026,9,15
구로구,신도림동,크라운빌Ⅱ,18,3,2021,4814,7,2026,9,15
구로구,항동,하버라인11단지,29.69,14,2019,5367,19,2026,9,15
구로구,신도림동,크라운빌Ⅱ,18,5,2021,5829,11,2026,9,15
구로구,구로동,중앙하이츠(1269),82.3019,12,2001,60000,0,2026,9,6
구로구,신도림동,크라운빌Ⅱ,17.84,19,2021,4814,7,2026,9,16
구로구,고척동,고척아이파크(주상복합),79.93,7,2022,21500,47,2026,9,8
구로구,고척동,고척아이파크(주상복합),64.93,21,2022,12700,80,2026,9,15
구로구,구로동,비즈트위트레인보우,15.58,2,2012,500,40,2026,9,14
구로구,구로동,(740-24),34.6,3,2000,12000,10,2026,9,9
구로구,개봉동,개봉동현대아이파크,59.99,12,2006,50000,0,2026,9,12
구로구,고척동,고척아이파크(주상복합),79.92,20,2022,24000,57,2026,9,15
구로구,천왕동,천왕이펜하우스3단지,59.95,5,2011,2140,42,2026,9,15
구로구,천왕동,천왕이펜하우스3단지,59.95,13,2011,1903,40,2026,9,15
구로구,고척동,한효,69.87,3,1985,5000,115,2026,9,15
구로구,고척동,고척아이파크(아파트),79.97,10,2022,14800,88,2026,9,15
구로구,고척동,삼환로즈빌,59.998,14,2004,45000,0,2026,9,12
구로구,오류동,계림웨스트벨리,46.33,4,2021,10535,11,2026,9,15
구로구,개봉동,에드가개봉,16.4845,8,2025,4300,44,2026,9,12
구로구,신도림동,크라운빌Ⅱ,17.84,19,2021,4814,7,2026,9,15
구로구,신도림동,크라운빌Ⅱ,34.38,17,2021,10060,18,2026,9,15
구로구,고척동,고척아이파크(아파트),64.98,34,2022,20900,50,2026,9,15
구로구,개봉동,한마을,59.57,8,1999,52000,0,2026,9,14
구로구,개봉동,센트레빌레우스1단지,84.9625,20,2020,27891,48,2026,9,15
구로구,구로동,한신,44.78,3,1988,2000,115,2026,9,12
구로구,구로동,우방,84.9,12,1993,30000,70,2026,9,14
구로구,신도림동,크라운빌Ⅱ,32.88,15,2021,8822,13,2026,9,15
구로구,고척동,고척아이파크(주상복합),64.93,27,2022,22700,52,2026,9,15
구로구,고척동,고척아이파크(아파트),64.92,23,2022,23400,54,2026,9,15
구로구,고척동,고척아이파크(주상복합),79.92,40,2022,24000,60,2026,9,15
구로구,천왕동,천왕연지마을2단지,19.83,1,2017,4294,7,2026,9,15
구로구,고척동,고척아이파크(아파트),64.92,7,2022,23400,52,2026,9,15
구로구,신도림동,크라운빌Ⅱ,17.84,9,2021,4814,7,2026,9,15
구로구,고척동,고척아이파크(아파트),79.97,5,2022,19800,72,2026,9,15
구로구,신도림동,크라운빌Ⅱ,17.69,17,2021,3600,13,2026,9,15
구로구,신도림동,크라운빌Ⅱ,32.88,6,2021,3128,33,2026,9,15
구로구,신도림동,크라운빌Ⅱ,18,9,2021,1700,17,2026,9,15
구로구,신도림동,크라운빌Ⅱ,17.84,17,2021,1700,17,2026,9,15
구로구,항동,하버라인11단지,29.69,13,2019,7197,10,2026,9,15
구로구,구로동,구일우성,59.44,20,1998,31000,0,2026,9,12
구로구,고척동,고척아이파크(아파트),64.96,12,2022,23400,52,2026,9,15
구로구,신도림동,크라운빌Ⅱ,34.38,9,2021,3312,32,2026,9,15
구로구,신도림동,크라운빌Ⅱ,18,8,2021,4814,7,2026,9,15
구로구,고척동,고척아이파크(주상복합),79.93,7,2022,21500,47,2026,9,8
구로구,신도림동,크라운빌Ⅱ,34.38,16,2021,8822,13,2026,9,15
구로구,신도림동,크라운빌Ⅱ,18,18,2021,3384,14,2026,9,15
구로구,신도림동,크라운빌Ⅱ,17.84,15,2021,3400,12,2026,9,15
구로구,신도림동,크라운빌Ⅱ,34.38,11,2021,8822,13,2026,9,15
구로구,신도림동,크라운빌Ⅱ,18,7,2021,4546,7,2026,9,15
구로구,신도림동,동아3,60,5,2000,63000,0,2026,9,12
구로구,신도림동,동아3,84.99,4,2000,83000,0,2026,9,14
구로구,고척동,고척아이파크(아파트),79.97,12,2022,24800,59,2026,9,15
구로구,신도림동,크라운빌Ⅱ,34.38,6,2021,8822,13,2026,9,15
구로구,고척동,고척아이파크(아파트),64.98,35,2022,13400,83,2026,9,15
구로구,고척동,고척아이파크(주상복합),64.95,21,2022,22700,52,2026,9,15
구로구,신도림동,현대홈타운아파트,59.73,5,1999,55000,0,2026,9,15
구로구,신도림동,신성은하수,59.88,7,1997,40000,30,2026,9,3
구로구,고척동,고척아이파크(주상복합),64.89,15,2022,12700,79,2026,9,15
구로구,고척동,고척아이파크(아파트),64.96,12,2022,23400,52,2026,9,15
구로구,고척동,고척아이파크(주상복합),64.89,16,2022,22700,51,2026,9,15
구로구,신도림동,크라운빌Ⅱ,18,10,2021,3600,13,2026,9,15
구로구,신도림동,크라운빌Ⅱ,17.84,18,2021,4814,7,2026,9,15
구로구,천왕동,천왕이펜하우스7단지,29.96,11,2017,4536,15,2026,9,15
구로구,신도림동,크라운빌Ⅱ,18,11,2021,4546,7,2026,9,15
구로구,신도림동,크라운빌Ⅱ,17.69,3,2021,4814,7,2026,9,15
구로구,천왕동,천왕이펜하우스3단지,49.85,10,2011,4207,31,2026,9,15
구로구,고척동,고척아이파크(주상복합),79.93,27,2022,11500,80,2026,9,15
구로구,천왕동,천왕이펜하우스6단지,59.95,6,2011,17288,0,2026,9,15
구로구,천왕동,천왕이펜하우스6단지,49.58,5,2011,8568,17,2026,9,15
구로구,신도림동,크라운빌Ⅱ,18,4,2021,3600,13,2026,9,15
구로구,신도림동,크라운빌Ⅱ,18,9,2021,4546,7,2026,9,15
구로구,개봉동,두산,59.69,23,1997,29400,0,2026,9,11
구로구,신도림동,크라운빌Ⅱ,17.84,9,2021,4814,7,2026,9,15
구로구,신도림동,크라운빌Ⅱ,18,14,2021,4814,7,2026,9,15
구로구,고척동,고척아이파크(주상복합),64.89,11,2022,20300,45,2026,9,15
구로구,천왕동,천왕이펜하우스3단지,59.95,13,2011,8827,14,2026,9,15
구로구,개봉동,개봉푸르지오,84.94,18,2014,55650,0,2026,9,12
구로구,고척동,고척아이파크(주상복합),64.89,44,2022,22700,55,2026,9,15
구로구,구로동,구일우성,59.44,12,1998,21000,33,2026,9,12
구로구,구로동,구로두산,51.84,10,1998,40000,0,2026,9,12
구로구,신도림동,미성,52.45,6,1987,26000,30,2026,9,13
구로구,오류동,동부(101동~103동),84.89,16,1998,45000,0,2026,9,14
구로구,신도림동,크라운빌Ⅱ,17.84,4,2021,4814,7,2026,9,15
구로구,신도림동,크라운빌Ⅱ,18,16,2021,4814,7,2026,9,15
구로구,고척동,고척아이파크(주상복합),64.95,16,2022,12700,79,2026,9,14
구로구,개봉동,삼환,59.4,7,1995,46000,0,2026,9,11
구로구,개봉동,두산,111.69,12,1997,15000,150,2026,9,10
구로구,고척동,라이프플러스,14.39,3,2012,8800,0,2026,9,14
구로구,고척동,청솔우성,59.27,6,2000,37800,0,2026,9,12
구로구,개봉동,에드가개봉,35.3671,18,2025,7900,80,2026,9,11
구로구,온수동,온수힐스테이트,59.98,9,2010,10000,150,2026,9,12
구로구,신도림동,디큐브시티,84.96,37,2011,77000,31,2026,9,12
구로구,구로동,구로두산위브,57.1,12,2006,48300,0,2026,9,11
구로구,고척동,고척아이파크(주상복합),79.93,41,2022,24000,61,2026,9,14
구로구,고척동,고척아이파크(주상복합),79.89,13,2022,24000,57,2026,9,14
구로구,개봉동,에드가개봉,16.4845,10,2025,4300,44,2026,9,12
구로구,개봉동,한마을,59.57,1,1999,48000,0,2026,9,12
구로구,구로동,한신,45.563,11,1988,28000,0,2026,9,14
구로구,구로동,구일우성,84.49,1,1998,45000,0,2026,9,12
구로구,구로동,구로두산,44.64,13,1998,28500,5,2026,9,12
구로구,구로동,영화참마음,84.63,13,2001,49500,0,2026,9,12
구로구,고척동,고척아이파크(아파트),79.97,1,2022,24800,58,2026,9,14
구로구,오류동,동선,58.2159,7,2004,3000,160,2026,9,9
구로구,구로동,한신,35.277,6,1988,23000,0,2026,9,12
구로구,구로동,주공2,32.39,11,1987,1000,60,2026,9,12
구로구,개봉동,삼환,59.4,3,1995,35000,10,2026,9,12
구로구,고척동,고척LIG리가2차,59.95,11,2009,35000,60,2026,9,1
구로구,고척동,고척아이파크(아파트),64.92,3,2022,23400,51,2026,9,14
구로구,오류동,영풍마드레빌,84.741,4,2002,53000,50,2026,9,12
구로구,구로동,우방,84.9,8,1993,37000,0,2026,9,11
구로구,천왕동,천왕연지타운1단지,49.89,7,2013,9631,15,2026,9,14
구로구,고척동,고척아이파크(주상복합),79.92,35,2022,21500,52,2026,9,14
구로구,고척동,고척아이파크(아파트),64.98,18,2022,23400,53,2026,9,14
구로구,고척동,고척아이파크(주상복합),64.93,31,2022,20300,47,2026,9,14
구로구,구로동,중앙하이츠(1269),82.3019,19,2001,59000,0,2026,9,13
구로구,천왕동,천왕연지타운1단지,49.89,2,2013,9928,14,2026,9,14
구로구,고척동,고척아이파크(주상복합),79.93,35,2022,19000,73,2026,9,14
구로구,구로동,구로두산위브,36.88,5,2006,25500,0,2026,9,11
구로구,구로동,대영빌라,48.62,5,1996,1000,65,2026,9,12
구로구,개봉동,에드가개봉,18.1405,4,2025,3200,55,2026,9,11
구로구,개봉동,개봉푸르지오,59.9,2,2014,27534,0,2026,9,14
구로구,항동,현대홈타운스위트,84.9852,5,2004,50000,0,2026,9,8
구로구,개봉동,현대홈타운,59.49,10,2001,46000,0,2026,9,12
구로구,구로동,중앙하이츠,79.97,13,1987,30000,20,2026,9,12
구로구,구로동,구로오네뜨시티,25.07,17,2022,18000,20,2026,9,12
구로구,구로동,(716-25)우진빌라1차A,48.4,5,2000,500,50,2026,9,5
구로구,고척동,고척아이파크(주상복합),79.93,41,2022,24000,61,2026,9,11
구로구,천왕동,천왕이펜하우스3단지,49.85,11,2011,9816,0,2026,9,14
구로구,개봉동,개봉푸르지오,59.9,20,2014,10000,100,2026,9,12
구로구,천왕동,천왕이펜하우스4단지,49.58,7,2011,8610,20,2026,9,11
구로구,천왕동,천왕연지타운1단지,49.34,8,2013,5675,34,2026,9,12
구로구,개봉동,에드가개봉,16.4845,5,2025,3900,38,2026,9,5
구로구,신도림동,신도림 아르디에,20.01,5,2018,17500,0,2026,9,8
구로구,신도림동,대림1,59.9,1,1999,45000,0,2026,9,11
구로구,구로동,중앙하이츠,70.52,14,1987,40000,0,2026,9,11
구로구,고척동,고척아이파크(아파트),79.97,29,2022,24800,62,2026,9,11
구로구,고척동,고척아이파크(주상복합),79.89,37,2022,14000,89,2026,9,11
구로구,고척동,고척아이파크(주상복합),64.89,8,2022,22700,49,2026,9,11
구로구,고척동,고척아이파크(주상복합),79.93,39,2022,24000,60,2026,9,11
구로구,고척동,고척아이파크(주상복합),64.93,17,2022,12700,79,2026,9,11
구로구,고척동,고척아이파크(아파트),64.92,12,2022,23400,52,2026,9,11
구로구,고척동,고척아이파크(주상복합),79.93,17,2022,14000,86,2026,9,11
구로구,고척동,고척아이파크(아파트),64.92,27,2022,23400,55,2026,9,11
구로구,고척동,고척아이파크(아파트),64.96,28,2022,18400,69,2026,9,11
구로구,고척동,고척아이파크(주상복합),64.89,22,2022,22700,52,2026,9,11
구로구,고척동,고척아이파크(주상복합),64.93,33,2022,17700,67,2026,9,11
구로구,오류동,금강,59.83,8,1996,29925,0,2026,9,11
구로구,구로동,한신,35.277,2,1988,22000,0,2026,9,8
구로구,구로동,현대로얄,68.63,6,1987,30000,0,2026,9,8
구로구,고척동,고척아이파크(아파트),64.98,33,2022,23400,56,2026,9,10
구로구,고척동,고척아이파크(주상복합),79.92,29,2022,24000,58,2026,9,11
구로구,구로동,(792-17),43.36,2,1996,4000,45,2026,9,11
구로구,구로동,한신,45.563,14,1988,30000,0,2026,9,10
구로구,개봉동,에드가개봉,16.4845,4,2025,4300,44,2026,9,4
구로구,고척동,고척아이파크(주상복합),64.89,28,2022,12700,80,2026,9,11
구로구,고척동,한효,69.87,3,1985,34000,0,2026,9,10
구로구,천왕동,천왕연지마을2단지,31.06,5,2017,6584,11,2026,9,10
구로구,구로동,다솜금호,84.35,2,1995,37000,60,2026,9,9
구로구,고척동,고척아이파크(주상복합),64.78,18,2022,12700,79,2026,9,11
구로구,천왕동,천왕연지타운1단지,49.89,10,2013,9348,14,2026,9,10
구로구,신도림동,신도림크라운빌,20.47,10,2015,2000,67,2026,9,4
구로구,고척동,고척아이파크(주상복합),64.95,19,2022,22700,51,2026,9,10
구로구,고척동,고척아이파크(주상복합),64.93,35,2022,12700,81,2026,9,10
구로구,구로동,한신휴플러스(1280-0),58.03,16,2007,18000,135,2026,9,5
구로구,고척동,고척아이파크(주상복합),64.78,32,2022,22700,53,2026,9,10
구로구,개봉동,에드가개봉,16.4845,3,2025,4300,44,2026,9,5
구로구,고척동,고척아이파크(아파트),79.97,8,2022,12000,81,2026,9,10
구로구,신도림동,신도림아이파크,57.9753,10,2015,34000,43,2026,9,4
구로구,고척동,진성,61.62,2,2002,19900,0,2026,9,10
구로구,신도림동,신도림크라운빌,44.84,7,2015,4000,110,2026,9,5
구로구,개봉동,에드가개봉,16.4845,11,2025,2900,50,2026,9,5
구로구,고척동,고척아이파크(주상복합),79.93,11,2022,24000,57,2026,9,10
구로구,고척동,고척아이파크(아파트),79.97,17,2022,17000,68,2026,9,10
구로구,고척동,고척아이파크(아파트),64.92,16,2022,23400,53,2026,9,10
구로구,구로동,한일유앤아이,84.962,17,2006,50000,0,2026,9,6
구로구,천왕동,천왕연지마을2단지,40.28,2,2017,9740,15,2026,9,10
구로구,천왕동,천왕연지타운1단지,49.94,11,2013,2270,41,2026,9,10
구로구,고척동,고척아이파크(주상복합),64.93,11,2022,22700,51,2026,9,10
구로구,고척동,고척아이파크(주상복합),79.93,13,2022,14000,86,2026,9,9
구로구,구로동,극동,64.02,9,1984,3000,120,2026,9,10
구로구,구로동,중앙하이츠,79.97,6,1987,42000,0,2026,9,10
구로구,고척동,삼환로즈빌,59.998,13,2004,5000,170,2026,9,9
구로구,신도림동,신도림크라운빌,20.47,6,2015,3000,65,2026,9,8
구로구,개봉동,현대홈타운,115,16,2001,10000,190,2026,9,10
구로구,천왕동,천왕이펜하우스8단지,36.87,15,2018,9920,14,2026,9,9
구로구,고척동,고척아이파크(아파트),79.97,17,2022,24800,60,2026,9,9
구로구,고척동,고척아이파크(주상복합),79.92,36,2022,21500,53,2026,9,10
구로구,고척동,고척아이파크(주상복합),79.93,8,2022,24000,56,2026,9,10
구로구,고척동,고척아이파크(주상복합),79.93,7,2022,21500,47,2026,9,8
구로구,개봉동,개봉푸르지오,84.83,11,2014,56700,0,2026,9,10
구로구,개봉동,에드가개봉,16.4845,8,2025,2600,44,2026,9,5
구로구,고척동,고척아이파크(아파트),64.92,2,2022,23400,51,2026,9,10
구로구,구로동,순영웰라이빌2차,64.45,20,2005,10000,110,2026,9,8
구로구,개봉동,한진,59.95,14,2000,5000,150,2026,9,3
구로구,오류동,라인,84.36,16,1995,34000,0,2026,9,10
구로구,신도림동,동아2,59.595,7,2000,63000,0,2026,9,9
구로구,천왕동,천왕연지마을2단지,40.28,4,2017,7656,32,2026,9,9
구로구,항동,항동중흥에스클래스베르데카운티,84.9416,15,2019,60000,0,2026,9,5
구로구,고척동,고척아이파크(주상복합),79.92,26,2022,21500,51,2026,9,7
구로구,구로동,(749-46),35.31,3,1996,1000,60,2026,9,9
구로구,항동,하버라인3단지,59.86,6,2019,47000,0,2026,9,5
구로구,개봉동,삼환,84.945,6,1995,15000,120,2026,9,8
구로구,개봉동,센트레빌레우스1단지,74.9145,22,2020,25825,46,2026,9,9
구로구,천왕동,천왕연지마을2단지,40.28,2,2017,9880,15,2026,9,9
구로구,개봉동,센트레빌레우스1단지,74.9361,7,2020,15495,60,2026,9,9
구로구,개봉동,에드가개봉,16.4845,2,2025,3900,38,2026,9,5
구로구,구로동,신구로자이,84.98,16,2007,55000,22,2026,9,2
구로구,고척동,고척아이파크(주상복합),79.93,28,2022,24000,58,2026,9,9
구로구,구로동,구일우성,59.44,7,1998,5000,150,2026,9,9
구로구,천왕동,천왕이펜하우스1단지,59.95,7,2011,9844,15,2026,9,9
구로구,개봉동,한마을,59.57,8,1999,42000,0,2026,9,9
구로구,고척동,고척LIG리가2차,84.98,11,2009,62000,0,2026,9,8
구로구,천왕동,천왕연지마을2단지,33.63,5,2017,7262,11,2026,9,9
구로구,고척동,고척아이파크(주상복합),79.93,41,2022,14000,90,2026,9,9
구로구,개봉동,에드가개봉,16.4845,4,2025,2900,50,2026,9,9
구로구,구로동,주공2,41.3,8,1987,25000,0,2026,9,9
구로구,고척동,고척아이파크(주상복합),64.89,32,2022,17700,67,2026,9,8
구로구,고척동,고척아이파크(아파트),79.97,27,2022,24800,62,2026,9,9
구로구,천왕동,천왕연지타운1단지,49.94,5,2013,9348,14,2026,9,9
구로구,천왕동,천왕이펜하우스8단지,36.87,8,2018,8160,11,2026,9,9
구로구,천왕동,천왕연지타운1단지,49.34,13,2013,7958,25,2026,9,9
구로구,고척동,고척아이파크(아파트),79.97,22,2022,14800,90,2026,9,9
구로구,고척동,고척아이파크(주상복합),64.89,19,2022,22700,51,2026,9,9
구로구,개봉동,한마을,59.57,15,1999,46200,0,2026,9,5
구로구,개봉동,센트레빌레우스1단지,74.9145,6,2020,20660,45,2026,9,4
구로구,신도림동,대림2,59.88,12,2001,59000,0,2026,9,8
구로구,천왕동,천왕이펜하우스3단지,59.95,5,2011,8827,14,2026,9,8
구로구,고척동,고척아이파크(주상복합),79.92,22,2022,21500,51,2026,9,9
구로구,개봉동,한진,84.96,15,2000,5000,140,2026,9,3
구로구,신도림동,동아2,59.595,18,2000,59000,0,2026,9,5
구로구,고척동,고척아이파크(주상복합),64.89,42,2022,20300,49,2026,9,9
구로구,천왕동,천왕이펜하우스4단지,84.95,3,2011,33988,0,2026,9,8
구로구,천왕동,천왕연지마을2단지,40.28,5,2017,9740,15,2026,9,8
구로구,천왕동,천왕연지마을2단지,19.83,3,2017,4094,6,2026,9,8
구로구,천왕동,천왕연지마을2단지,19.83,2,2017,4336,7,2026,9,9
구로구,개봉동,에드가개봉,16.4845,16,2025,4300,44,2026,9,5
구로구,구로동,구로현대,63.98,8,1992,32000,0,2026,9,7
구로구,구로동,한신,35.277,2,1988,22000,0,2026,9,8
구로구,구로동,케이디타워,15.68,13,2023,1000,105,2026,9,7
구로구,고척동,고척아이파크(주상복합),79.92,39,2022,16500,68,2026,9,8
구로구,고척동,고척아이파크(아파트),64.92,5,2022,23400,51,2026,9,8
구로구,고척동,고척아이파크(주상복합),79.92,28,2022,21500,51,2026,9,8
구로구,고척동,고척아이파크(아파트),79.97,9,2022,24800,59,2026,9,8
구로구,개봉동,개봉푸르지오,59.86,12,2014,27405,0,2026,9,8
구로구,개봉동,두산,59.69,16,1997,34000,0,2026,9,6
구로구,개봉동,에드가개봉,16.4845,16,2025,4300,44,2026,9,5
구로구,개봉동,에드가개봉,16.4845,6,2025,4300,44,2026,9,5
구로구,개봉동,센트레빌레우스1단지,84.9407,24,2020,27891,48,2026,9,8
구로구,구로동,케이디타워,16.67,12,2023,1000,101,2026,9,1
구로구,신도림동,SKVIEW,84.96,11,2006,40000,110,2026,9,4
구로구,고척동,고척아이파크(주상복합),79.93,19,2022,14000,86,2026,9,8
구로구,고척동,고척아이파크(주상복합),64.89,25,2022,20300,44,2026,9,8
구로구,고척동,고척아이파크(아파트),64.92,19,2022,20900,47,2026,9,8
구로구,고척동,고척아이파크(주상복합),79.92,9,2022,21500,49,2026,9,8
구로구,고척동,고척아이파크(아파트),64.92,9,2022,23400,52,2026,9,7
구로구,고척동,고척아이파크(아파트),79.97,26,2022,24800,62,2026,9,8
구로구,신도림동,신도림아이파크,57.9753,7,2015,35000,41,2026,9,4
구로구,고척동,고척아이파크(아파트),79.97,24,2022,22000,55,2026,9,7
구로구,신도림동,대림e-편한세상5,84.789,10,2003,76000,0,2026,9,2
구로구,천왕동,천왕이펜하우스8단지,36.87,9,2018,8259,11,2026,9,7
구로구,개봉동,센트레빌레우스1단지,74.9361,7,2020,15495,60,2026,9,8
구로구,구로동,성산E동,21.9,5,1995,7000,0,2026,9,7
구로구,개봉동,한마을,59.57,7,1999,44100,0,2026,9,8
구로구,구로동,금호,84.86,15,1997,20000,80,2026,9,5
구로구,고척동,고척아이파크(아파트),79.97,2,2022,22000,51,2026,9,8
구로구,개봉동,에드가개봉,18.1405,6,2025,4200,42,2026,9,5
구로구,개봉동,에드가개봉,16.4845,7,2025,3900,38,2026,9,5
구로구,개봉동,신영지웰에스테이트개봉역,59.9717,20,2024,56000,0,2026,9,5
구로구,고척동,고척아이파크(주상복합),79.93,33,2022,21500,50,2026,9,7
구로구,개봉동,에드가개봉,16.4845,4,2025,2900,50,2026,9,5
구로구,구로동,구로현대,84.57,9,1992,29000,0,2026,9,1
구로구,구로동,승윤노블리안,58.109,14,2020,40500,0,2026,9,7
구로구,온수동,온수힐스테이트,59.98,11,2010,47500,0,2026,9,7
구로구,고척동,고척아이파크(주상복합),79.92,16,2022,14000,86,2026,9,7
구로구,개봉동,에드가개봉,18.1405,17,2025,4800,48,2026,9,4
구로구,개봉동,에드가개봉,16.4845,11,2025,2900,50,2026,9,5
구로구,개봉동,에드가개봉,35.3671,16,2025,7900,80,2026,9,5
구로구,고척동,고척아이파크(아파트),79.97,15,2022,22000,52,2026,9,7
구로구,개봉동,센트레빌레우스1단지,84.9716,13,2020,27891,48,2026,9,7
구로구,오류동,오류동푸르지오,61.257,3,2004,34650,16,2026,9,5
구로구,천왕동,천왕이펜하우스7단지,29.96,4,2017,6024,8,2026,9,7
구로구,구로동,럭키,59.98,3,1992,27000,0,2026,9,7
구로구,고척동,고척아이파크(주상복합),79.92,16,2022,14000,86,2026,9,7
구로구,구로동,주공2,41.3,2,1987,4000,74,2026,9,7
구로구,개봉동,센트레빌레우스1단지,74.9361,18,2020,25825,42,2026,9,7
구로구,고척동,고척아이파크(주상복합),64.89,21,2022,10300,73,2026,9,7
구로구,천왕동,천왕이펜하우스5단지,84.96,4,2011,26099,0,2026,9,7
구로구,구로동,삼성래미안,78.665,4,2004,75000,0,2026,9,7
구로구,항동,우남퍼스트빌더센트럴,79.9913,11,2020,52500,0,2026,9,7
구로구,개봉동,에드가개봉,18.1405,15,2025,4800,48,2026,9,2
구로구,개봉동,에드가개봉,16.4845,8,2025,3900,38,2026,9,5
구로구,구로동,구로두산위브,36.88,2,2006,30000,0,2026,9,1
구로구,천왕동,천왕이펜하우스7단지,29.96,6,2017,7374,13,2026,9,7
구로구,고척동,고척아이파크(주상복합),79.93,16,2022,24000,57,2026,9,7
구로구,고척동,고척아이파크(아파트),79.97,3,2022,22000,51,2026,9,7
구로구,구로동,한신,45.563,13,1988,27000,10,2026,9,4
구로구,구로동,주공1,84.165,2,1986,24500,75,2026,9,4
구로구,고척동,고척아이파크(아파트),79.97,13,2022,19800,73,2026,9,7
구로구,고척동,고척아이파크(주상복합),79.92,35,2022,21500,52,2026,9,7
구로구,신도림동,동아2,84.908,19,2000,70000,0,2026,9,5
구로구,구로동,하나세인스톤1차,21.7256,13,2011,6000,50,2026,9,5
구로구,천왕동,천왕이펜하우스7단지,29.96,7,2017,2884,18,2026,9,7
구로구,구로동,주공1,84.87,1,1986,40000,0,2026,9,5
구로구,개봉동,에드가개봉,18.1405,20,2025,4800,48,2026,9,4
구로구,구로동,비즈트위트레드,20.54,3,2016,10000,40,2026,9,4
구로구,신도림동,미성,66.03,1,1987,36500,0,2026,9,5
구로구,구로동,주공1,73.08,3,1986,39000,0,2026,9,5
구로구,구로동,구로두산위브,50.14,2,2006,6000,84,2026,9,3
구로구,고척동,고척아이파크(아파트),64.96,11,2022,23400,52,2026,9,3
구로구,구로동,구로두산,63.33,10,1998,43000,0,2026,9,5
구로구,고척동,고척아이파크(아파트),64.92,30,2022,23400,55,2026,9,7
구로구,가리봉동,남구로역동일센타시아,34.49,7,2024,30000,0,2026,9,5
구로구,고척동,고척아이파크(아파트),64.92,4,2022,20900,45,2026,9,7
구로구,개봉동,에드가개봉,16.4845,2,2025,3900,38,2026,9,4
구로구,고척동,고척아이파크(주상복합),64.95,8,2022,22700,49,2026,9,4
구로구,신도림동,신도림크라운빌,20.47,11,2015,3000,65,2026,9,4
구로구,구로동,비즈트위트그린,15.11,11,2012,500,55,2026,9,1
구로구,고척동,고척아이파크(아파트),64.96,8,2022,23400,52,2026,9,4
구로구,고척동,고척아이파크(아파트),79.97,7,2022,14800,88,2026,9,4
구로구,고척동,고척아이파크(아파트),64.92,16,2022,13400,82,2026,9,4
구로구,고척동,고척아이파크(주상복합),79.89,30,2022,14000,87,2026,9,4
구로구,고척동,고척아이파크(아파트),79.97,28,2022,24800,62,2026,9,4
구로구,구로동,구로두산위브,57.1,14,2006,25000,100,2026,9,4
구로구,고척동,고척아이파크(주상복합),79.75,42,2022,14000,90,2026,9,4
구로구,고척동,고척아이파크(주상복합),64.89,10,2022,22700,49,2026,9,4
구로구,고척동,고척아이파크(아파트),64.92,11,2022,13400,81,2026,9,3
구로구,고척동,라이프플러스,14.92,7,2012,4200,25,2026,9,5
구로구,고척동,고척아이파크(주상복합),79.93,15,2022,24000,57,2026,9,4
구로구,고척동,고척아이파크(아파트),79.97,17,2022,14800,89,2026,9,4
구로구,고척동,고척아이파크(주상복합),64.93,32,2022,22700,53,2026,9,4
구로구,개봉동,에드가개봉,16.4845,12,2025,2900,50,2026,9,4
구로구,고척동,고척아이파크(주상복합),79.93,22,2022,14000,87,2026,9,3
구로구,개봉동,개봉푸르지오,84.94,6,2014,60000,0,2026,9,4
구로구,구로동,구로현대,63.98,7,1992,38850,0,2026,9,2
구로구,구로동,중앙하이츠,79.97,4,1987,36750,0,2026,9,3
구로구,개봉동,한진,59.95,14,2000,33600,0,2026,9,4
구로구,신도림동,크라운빌Ⅱ,34.38,10,2021,8822,13,2026,9,4
구로구,오류동,동부골든,105.21,3,1998,39900,0,2026,9,3
구로구,개봉동,한진,59.95,21,2000,5000,150,2026,9,3
구로구,고척동,고척아이파크(주상복합),79.92,45,2022,24000,61,2026,9,3
구로구,개봉동,센트레빌레우스1단지,74.9145,17,2020,25825,42,2026,9,3
구로구,고척동,고척아이파크(주상복합),79.92,21,2022,24000,58,2026,9,3
구로구,고척동,고척아이파크(주상복합),79.89,36,2022,19000,74,2026,9,3
구로구,고척동,고척아이파크(주상복합),64.95,28,2022,12700,80,2026,9,3
구로구,고척동,경남2,59.96,6,1999,36700,0,2026,9,3
구로구,고척동,고척아이파크(아파트),79.97,25,2022,14800,90,2026,9,3
구로구,고척동,고척아이파크(주상복합),79.93,32,2022,14000,88,2026,9,3
구로구,개봉동,센트레빌레우스1단지,74.9361,9,2020,20660,48,2026,9,3
구로구,고척동,고척아이파크(아파트),79.97,20,2022,14800,89,2026,9,3
구로구,고척동,고척아이파크(주상복합),79.93,41,2022,24000,61,2026,9,3
구로구,개봉동,에드가개봉,16.4845,10,2025,2900,50,2026,9,2
구로구,신도림동,디큐브시티,176.87,48,2011,10000,580,2026,9,3
구로구,구로동,주공2,41.3,2,1987,2000,90,2026,9,2
구로구,구로동,효성,81.6933,15,2000,40450,0,2026,9,1
구로구,고척동,고척아이파크(주상복합),79.89,18,2022,14000,86,2026,9,2
구로구,고척동,고척아이파크(주상복합),79.92,32,2022,21500,52,2026,9,2
구로구,고척동,고척아이파크(주상복합),79.93,21,2022,24000,58,2026,9,3
구로구,개봉동,에드가개봉,16.4845,7,2025,4300,44,2026,9,3
구로구,오류동,동부(101동~103동),59.98,16,1998,35700,0,2026,9,1
구로구,개봉동,삼환,59.4,15,1995,31500,0,2026,9,1
구로구,개봉동,에드가개봉,16.4845,3,2025,3900,38,2026,9,1
구로구,오류동,천왕역모아엘가트레뷰,84.5396,22,2025,54000,80,2026,9,2
구로구,고척동,고척아이파크(주상복합),79.89,30,2022,24000,58,2026,9,2
구로구,오류동,동부골든,84.96,8,1998,37000,0,2026,9,2
구로구,고척동,고척아이파크(아파트),79.97,11,2022,24800,59,2026,9,2
구로구,개봉동,현대,84.99,19,2001,44100,50,2026,9,2
구로구,고척동,한일유앤아이,84.98,9,2005,10000,140,2026,9,2
구로구,개봉동,한마을,59.57,14,1999,35000,50,2026,9,2
구로구,고척동,고척아이파크(주상복합),79.89,42,2022,14000,90,2026,9,2
구로구,개봉동,센트레빌레우스2단지,59.948,2,2020,17561,38,2026,9,2
구로구,고척동,마젤란,84.923,1,2008,31941,0,2026,9,2
구로구,고척동,고척아이파크(주상복합),79.93,7,2022,24000,56,2026,9,2
구로구,신도림동,대림e-편한세상5,84.789,9,2003,74000,0,2026,9,1
구로구,고척동,고척아이파크(주상복합),64.93,31,2022,17700,67,2026,9,2
구로구,천왕동,천왕이펜하우스8단지,45.77,7,2018,11307,16,2026,9,1
구로구,천왕동,천왕연지타운2단지,59.98,8,2014,16374,0,2026,9,1
구로구,고척동,벽산,84.878,7,2003,10000,200,2026,9,1
구로구,천왕동,천왕연지타운2단지,101.97,3,2014,26054,0,2026,9,1
구로구,개봉동,센트레빌레우스1단지,84.9716,31,2020,27891,48,2026,9,1
구로구,고척동,고척아이파크(주상복합),79.93,24,2022,19000,72,2026,9,1
구로구,고척동,고척아이파크(주상복합),79.89,9,2022,24000,56,2026,9,1
구로구,개봉동,에드가개봉,18.1405,6,2025,4200,42,2026,9,1
구로구,개봉동,삼환,59.4,21,1995,37800,0,2026,9,1
구로구,고척동,고척아이파크(주상복합),79.92,14,2022,14000,86,2026,9,1
구로구,고척동,고척아이파크(주상복합),64.89,12,2022,12700,79,2026,9,1
구로구,고척동,고척아이파크(주상복합),64.89,40,2022,20300,48,2026,9,1
구로구,구로동,주공1,73.08,13,1986,35000,0,2026,9,1
구로구,고척동,고척아이파크(아파트),64.96,16,2022,23400,53,2026,9,1
금천구,독산동,센트레빌웨스트온,19.3319,15,2026,8000,48,2026,9,18
금천구,독산동,독산역롯데캐슬,59.9603,28,2021,22000,61,2026,9,23
금천구,시흥동,시흥베르빌,67.02,2,2004,47250,0,2026,9,21
금천구,독산동,센트레빌웨스트온,19.3319,11,2026,7000,52,2026,9,22
금천구,가산동,두산,101.67,13,1998,15000,130,2026,9,13
금천구,독산동,독산현대,58.72,4,1999,35000,0,2026,9,19
금천구,시흥동,관악산벽산타운5,59.34,20,2004,36000,0,2026,9,4
금천구,가산동,가산지웰에스테이트2차,14.12,6,2018,9500,10,2026,9,22
금천구,가산동,가산지웰에스테이트2차,14.12,10,2018,10000,15,2026,9,19
금천구,독산동,금천롯데캐슬골드파크1차,84.8114,8,2016,83000,0,2026,9,22
금천구,독산동,센트레빌웨스트온,43.4644,22,2026,14000,77,2026,9,12
금천구,독산동,센트레빌웨스트온,41.2144,22,2026,13700,75,2026,9,22
금천구,독산동,센트레빌웨스트온,41.2144,22,2026,11500,63,2026,9,22
금천구,독산동,센트레빌웨스트온,41.2144,23,2026,13700,75,2026,9,22
금천구,독산동,센트레빌웨스트온,59.0206,22,2026,14700,73,2026,9,22
금천구,독산동,독산주공14단지,59.22,7,1990,29500,0,2026,9,22
금천구,독산동,센트레빌웨스트온,19.3319,14,2026,8000,48,2026,9,22
금천구,독산동,센트레빌웨스트온,19.3319,6,2026,7000,52,2026,9,22
금천구,독산동,센트레빌웨스트온,19.3319,17,2026,7000,52,2026,9,22
금천구,독산동,센트레빌웨스트온,43.4644,20,2026,12300,83,2026,9,22
금천구,독산동,센트레빌웨스트온,19.7808,16,2026,5000,48,2026,9,22
금천구,독산동,센트레빌웨스트온,19.3319,11,2026,7000,52,2026,9,22
금천구,독산동,센트레빌웨스트온,19.3319,16,2026,8000,48,2026,9,22
금천구,가산동,삼익,59.94,11,1998,8000,100,2026,9,17
금천구,독산동,센트레빌웨스트온,19.7808,16,2026,6700,41,2026,9,22
금천구,독산동,센트레빌웨스트온,41.2144,21,2026,12000,81,2026,9,22
금천구,독산동,센트레빌웨스트온,41.2144,22,2026,11500,63,2026,9,21
금천구,가산동,가산양우내안에애플,12.04,18,2013,8980,0,2026,9,20
금천구,가산동,가산지웰에스테이트2차,14.12,7,2018,9500,20,2026,9,21
금천구,독산동,센트레빌웨스트온,21.2101,10,2026,7300,55,2026,9,21
금천구,독산동,한신아파트,89.46,16,1991,43000,0,2026,9,18
금천구,독산동,센트레빌웨스트온,19.3319,10,2026,7000,52,2026,9,22
금천구,가산동,비즈트위트바이올렛5차,12.19,10,2014,500,51,2026,9,15
금천구,독산동,센트레빌웨스트온,41.2144,20,2026,13700,75,2026,9,21
금천구,독산동,센트레빌웨스트온,41.2144,19,2026,10300,87,2026,9,21
금천구,독산동,센트레빌웨스트온,19.3319,8,2026,7000,52,2026,9,21
금천구,독산동,센트레빌웨스트온,19.3319,16,2026,8000,48,2026,9,21
금천구,시흥동,관악산벽산타운5,114.84,18,2004,51450,0,2026,9,9
금천구,독산동,독산역롯데캐슬,59.5685,9,2021,22000,58,2026,9,14
금천구,가산동,가산양우내안에애플,12.04,18,2013,8980,0,2026,9,20
금천구,독산동,센트레빌웨스트온,19.3319,10,2026,7000,52,2026,9,21
금천구,독산동,금천롯데캐슬골드파크3차,84.408,12,2018,80000,0,2026,9,19
금천구,시흥동,남서울건영아파트,53.39,8,1982,2000,76,2026,9,16
금천구,독산동,e편한세상독산더타워,59.8637,16,2019,57000,0,2026,9,19
금천구,시흥동,남서울힐스테이트,84.677,11,2014,57750,0,2026,9,19
금천구,시흥동,시흥베르빌,81.16,1,2004,59000,0,2026,9,19
금천구,가산동,두산,59.84,1,1998,20000,70,2026,9,18
금천구,독산동,센트레빌웨스트온,41.2144,19,2026,13700,75,2026,9,21
금천구,독산동,센트레빌웨스트온,19.3319,16,2026,8000,48,2026,9,21
금천구,가산동,가산지웰에스테이트2차,14.12,12,2018,10000,20,2026,9,20
금천구,독산동,센트레빌웨스트온,19.3319,15,2026,8000,48,2026,9,18
금천구,독산동,독산역롯데캐슬,59.9603,31,2021,10909,83,2026,9,14
금천구,시흥동,관악산벽산타운5,114.84,17,2004,5000,180,2026,9,15
금천구,시흥동,관악산벽산타운5,114.84,18,2004,44100,0,2026,9,11
금천구,시흥동,남서울힐스테이트,115.801,16,2014,56000,0,2026,9,16
금천구,독산동,금천롯데캐슬골드파크3차,59.968,16,2018,50000,70,2026,9,16
금천구,시흥동,럭키남서울아파트,41.22,9,1981,2000,80,2026,9,11
금천구,가산동,두산,84.9,6,1998,52000,0,2026,9,17
금천구,가산동,가산지웰에스테이트2차,14.21,7,2018,9500,33,2026,9,12
금천구,독산동,독산주공14단지,38.64,7,1990,23000,0,2026,9,17
금천구,시흥동,관악산벽산타운5,84.97,1,2004,21000,84,2026,9,17
금천구,독산동,센트레빌웨스트온,19.3319,15,2026,7000,52,2026,9,17
금천구,독산동,센트레빌웨스트온,19.3319,14,2026,8000,48,2026,9,17
금천구,시흥동,남서울건영아파트,53.39,8,1982,24150,0,2026,9,12
금천구,독산동,독산역롯데캐슬,59.5685,15,2021,22000,60,2026,9,16
금천구,독산동,금천롯데캐슬골드파크2차201동202동,59.98,35,2017,20000,140,2026,9,16
금천구,시흥동,무지개,53.75,6,1980,1000,50,2026,9,1
금천구,독산동,진도3차아파트,59.34,4,1999,40000,0,2026,9,16
금천구,독산동,금천롯데캐슬골드파크1차,59.9935,26,2016,33680,0,2026,9,16
금천구,시흥동,남서울힐스테이트,84.677,15,2014,67000,0,2026,9,12
금천구,시흥동,남서울힐스테이트,59.87,13,2014,60000,0,2026,9,8
금천구,독산동,진도2차,84.58,2,1997,39900,0,2026,9,5
금천구,독산동,금천롯데캐슬골드파크1차,59.9935,17,2016,33680,0,2026,9,16
금천구,독산동,센트레빌웨스트온,19.3319,17,2026,6700,41,2026,9,16
금천구,독산동,독산역롯데캐슬,59.9603,32,2021,22000,62,2026,9,15
금천구,시흥동,벽산,32.7,10,2000,444,16,2026,9,16
금천구,가산동,가산지웰에스테이트2차,14.21,12,2018,1000,63,2026,9,16
금천구,가산동,두산,84.9,13,1998,25000,100,2026,9,14
금천구,독산동,센트레빌웨스트온,19.7808,17,2026,6700,41,2026,9,11
금천구,독산동,금천롯데캐슬골드파크3차,84.4855,29,2018,65000,14,2026,9,9
금천구,시흥동,남서울건영아파트,53.39,12,1982,24000,0,2026,9,15
금천구,시흥동,관악산벽산타운5,114.84,15,2004,40000,0,2026,9,13
금천구,독산동,독산역롯데캐슬,59.799,13,2021,23293,54,2026,9,15
금천구,독산동,센트레빌웨스트온,19.3319,17,2026,6000,56,2026,9,15
금천구,독산동,금천롯데캐슬골드파크1차,84.3963,23,2016,73500,0,2026,9,10
금천구,독산동,독산역롯데캐슬,59.9603,4,2021,10000,82,2026,9,15
금천구,독산동,e편한세상독산더타워,76.2935,25,2019,39350,68,2026,9,11
금천구,시흥동,남서울건영아파트,53.39,11,1982,2000,70,2026,9,12
금천구,독산동,센트레빌웨스트온,19.3319,15,2026,8000,48,2026,9,15
금천구,시흥동,무지개,67.93,7,1980,12000,0,2026,9,10
금천구,독산동,센트레빌웨스트온,19.3319,17,2026,8000,48,2026,9,11
금천구,독산동,독산역롯데캐슬,59.5685,29,2021,22000,54,2026,9,15
금천구,가산동,가산지웰에스테이트2차,14.12,9,2018,1000,53,2026,9,11
금천구,독산동,센트레빌웨스트온,19.3319,16,2026,5000,48,2026,9,15
금천구,독산동,센트레빌웨스트온,41.2144,19,2026,13700,75,2026,9,15
금천구,독산동,센트레빌웨스트온,41.2144,20,2026,13700,75,2026,9,15
금천구,시흥동,벽산3,59.94,6,1998,4000,80,2026,9,15
금천구,독산동,센트레빌웨스트온,19.3319,9,2026,5000,48,2026,9,15
금천구,독산동,센트레빌웨스트온,19.3319,17,2026,8000,48,2026,9,14
금천구,가산동,두산,84.9,4,1998,53000,0,2026,9,14
금천구,가산동,서울금천행복주택,44.43,6,2023,10508,11,2026,9,11
금천구,가산동,서울금천행복주택,16.13,9,2023,3536,6,2026,9,14
금천구,독산동,센트레빌웨스트온,19.3319,15,2026,8000,48,2026,9,14
금천구,시흥동,럭키남서울아파트,49.75,2,1981,26000,0,2026,9,12
금천구,독산동,한신아파트,89.46,2,1991,45000,30,2026,9,10
금천구,시흥동,관악산벽산타운5,59.34,10,2004,3000,150,2026,9,10
금천구,독산동,센트레빌웨스트온,19.3319,14,2026,8000,48,2026,9,12
금천구,시흥동,시흥목련,29.72,6,1996,3143,1,2026,9,14
금천구,독산동,센트레빌웨스트온,19.3319,15,2026,6700,41,2026,9,12
금천구,독산동,센트레빌웨스트온,19.3319,14,2026,5000,48,2026,9,12
금천구,독산동,센트레빌웨스트온,19.3319,16,2026,8000,48,2026,9,12
금천구,독산동,센트레빌웨스트온,21.2101,15,2026,7000,43,2026,9,12
금천구,독산동,센트레빌웨스트온,19.3319,17,2026,8000,48,2026,9,14
금천구,독산동,센트레빌웨스트온,41.2144,22,2026,13700,75,2026,9,12
금천구,독산동,센트레빌웨스트온,41.2144,21,2026,10300,87,2026,9,14
금천구,독산동,센트레빌웨스트온,21.2101,16,2026,6300,59,2026,9,12
금천구,독산동,센트레빌웨스트온,19.3319,15,2026,5000,48,2026,9,14
금천구,독산동,센트레빌웨스트온,43.4644,21,2026,14000,77,2026,9,14
금천구,독산동,센트레빌웨스트온,59.0206,21,2026,17500,87,2026,9,12
금천구,독산동,센트레빌웨스트온,59.0206,20,2026,13100,101,2026,9,13
금천구,독산동,금천롯데캐슬골드파크1차,59.9384,5,2016,32992,0,2026,9,14
금천구,독산동,센트레빌웨스트온,41.2144,20,2026,8600,73,2026,9,13
금천구,독산동,센트레빌웨스트온,41.2144,19,2026,13700,75,2026,9,12
금천구,독산동,센트레빌웨스트온,19.3319,15,2026,6000,56,2026,9,13
금천구,독산동,센트레빌웨스트온,41.2144,21,2026,13700,75,2026,9,13
금천구,독산동,센트레빌웨스트온,19.3319,15,2026,8000,48,2026,9,12
금천구,독산동,센트레빌웨스트온,41.2144,22,2026,11500,63,2026,9,14
금천구,독산동,센트레빌웨스트온,41.2144,19,2026,10300,87,2026,9,13
금천구,독산동,센트레빌웨스트온,21.2101,17,2026,8400,51,2026,9,13
금천구,독산동,센트레빌웨스트온,19.3319,17,2026,5900,44,2026,9,12
금천구,독산동,센트레빌웨스트온,43.4644,22,2026,14000,77,2026,9,12
금천구,독산동,센트레빌웨스트온,19.3319,16,2026,8000,48,2026,9,12
금천구,독산동,센트레빌웨스트온,43.4644,23,2026,14000,77,2026,9,13
금천구,시흥동,벽산,84.99,8,2000,41000,0,2026,9,11
금천구,시흥동,시흥목련,28.95,3,1996,2440,5,2026,9,7
금천구,독산동,삼환아파트,84.76,7,1998,25000,70,2026,9,3
금천구,독산동,센트레빌웨스트온,19.3319,17,2026,6000,56,2026,9,13
금천구,독산동,센트레빌웨스트온,41.2144,20,2026,13700,75,2026,9,13
금천구,독산동,센트레빌웨스트온,19.3319,16,2026,6000,56,2026,9,13
금천구,독산동,센트레빌웨스트온,19.7808,15,2026,8000,48,2026,9,13
금천구,독산동,센트레빌웨스트온,41.2144,22,2026,11500,63,2026,9,13
금천구,독산동,센트레빌웨스트온,41.2144,22,2026,8600,73,2026,9,13
금천구,독산동,센트레빌웨스트온,19.3319,14,2026,7000,52,2026,9,13
금천구,독산동,센트레빌웨스트온,41.2144,23,2026,13700,75,2026,9,13
금천구,독산동,센트레빌웨스트온,19.3319,15,2026,8000,48,2026,9,11
금천구,독산동,센트레빌웨스트온,19.7808,17,2026,6700,41,2026,9,11
금천구,독산동,센트레빌웨스트온,21.2101,16,2026,8400,51,2026,9,11
금천구,독산동,센트레빌웨스트온,19.3319,15,2026,6700,41,2026,9,11
금천구,독산동,센트레빌웨스트온,19.3319,16,2026,8000,48,2026,9,11
금천구,가산동,가산지웰에스테이트2차,14.12,8,2018,9000,17,2026,9,10
금천구,독산동,센트레빌웨스트온,19.3319,16,2026,6000,56,2026,9,11
금천구,독산동,센트레빌웨스트온,19.3319,17,2026,8000,48,2026,9,11
금천구,독산동,금천현대,59.82,15,2002,28600,40,2026,9,10
금천구,독산동,센트레빌웨스트온,41.2144,21,2026,13700,75,2026,9,11
금천구,독산동,센트레빌웨스트온,19.3319,15,2026,5000,48,2026,9,11
금천구,독산동,e편한세상독산더타워,59.8637,33,2019,56500,0,2026,9,5
금천구,시흥동,관악산벽산타운5,59.34,6,2004,33000,0,2026,9,11
금천구,독산동,금천현대,59.82,5,2002,47000,0,2026,9,6
금천구,독산동,독산역롯데캐슬,84.9416,13,2021,27582,65,2026,9,10
금천구,독산동,독산역롯데캐슬,59.799,9,2021,10000,83,2026,9,10
금천구,시흥동,벽산,114.84,13,2000,42000,0,2026,9,9
금천구,시흥동,관악산벽산타운5,84.97,16,2004,42000,0,2026,9,9
금천구,가산동,가산지웰에스테이트2차,14.12,7,2018,4400,30,2026,9,10
금천구,가산동,가산지웰에스테이트2차,14.12,7,2018,500,59,2026,9,5
금천구,독산동,금천롯데캐슬골드파크3차,59.9662,21,2018,63000,0,2026,9,9
금천구,시흥동,관악산벽산타운5,114.84,8,2004,40000,50,2026,9,2
금천구,독산동,독산주공14단지,38.64,1,1990,5000,75,2026,9,7
금천구,독산동,금천롯데캐슬골드파크3차,84.408,26,2018,64000,45,2026,9,7
금천구,시흥동,럭키남서울아파트,41.26,7,1981,2000,69,2026,9,5
금천구,독산동,센트레빌웨스트온,21.2101,13,2026,6300,59,2026,9,8
금천구,독산동,독산역롯데캐슬,84.8665,20,2021,12588,99,2026,9,7
금천구,독산동,라이프,84.74,17,1996,40950,0,2026,9,5
금천구,독산동,e편한세상독산더타워,59.8245,4,2019,1000,50,2026,9,4
금천구,시흥동,시흥목련,29.72,4,1996,1208,12,2026,9,7
금천구,시흥동,시흥목련,28.95,2,1996,1178,12,2026,9,7
금천구,시흥동,시흥목련,28.95,3,1996,1178,12,2026,9,7
금천구,독산동,금천롯데캐슬골드파크3차,84.408,11,2018,81000,0,2026,9,4
금천구,시흥동,관악산벽산타운5,114.84,8,2004,44000,0,2026,9,5
금천구,시흥동,관악산벽산타운5,114.84,19,2004,0,185,2026,9,5
금천구,독산동,e편한세상독산더타워,59.6222,19,2019,50000,20,2026,9,6
금천구,시흥동,럭키남서울아파트,49.75,3,1981,29000,0,2026,9,6
금천구,독산동,e편한세상독산더타워,59.9673,13,2019,30000,60,2026,9,5
금천구,독산동,독산역롯데캐슬,84.9416,20,2021,27609,65,2026,9,4
금천구,독산동,독산오르페움타워,40.074,3,2020,26300,0,2026,9,3
금천구,독산동,독산역롯데캐슬,59.799,19,2021,22902,53,2026,9,4
금천구,시흥동,와이즈플레이스,14.22,17,2012,500,50,2026,9,2
금천구,시흥동,탑스빌,79.84,11,2002,5000,145,2026,9,2
금천구,시흥동,럭키남서울아파트,41.22,3,1981,2000,80,2026,9,2
금천구,시흥동,관악산벽산타운5,84.97,7,2004,43000,0,2026,9,3
금천구,시흥동,탑스빌,79.84,3,2002,35500,0,2026,9,1
금천구,시흥동,벽산,59.94,14,2000,5000,100,2026,9,2
금천구,독산동,대덕트윈빌,59.56,4,2002,25000,50,2026,9,1
금천구,독산동,센트레빌웨스트온,19.3319,6,2026,5000,48,2026,9,1
금천구,독산동,센트레빌웨스트온,19.3319,11,2026,7000,52,2026,9,1
금천구,독산동,센트레빌웨스트온,19.3319,6,2026,6000,56,2026,9,1
금천구,가산동,가산지웰에스테이트2차,14.12,12,2018,9900,10,2026,9,1
금천구,가산동,G밸리페트라힐스,13.76,20,2020,16000,3,2026,9,1
영등포구,당산동4가,당산현대3차,73.27,14,1988,5000,230,2026,9,19
영등포구,영등포동7가,포레나영등포센트럴,84.8025,6,2020,100000,0,2026,9,20
영등포구,영등포동,두산위브,83.98,5,2004,52500,0,2026,9,14
영등포구,신길동,비스타동원,53.7119,13,2024,24500,61,2026,9,3
영등포구,영등포동,영등포푸르지오,73.133,21,2002,57000,0,2026,9,7
영등포구,신길동,경남,59.96,4,1999,49140,0,2026,9,1
영등포구,신길동,더샵파크프레스티지,59.6879,5,2022,69000,0,2026,9,5
영등포구,당산동2가,당산대우,31.73,9,1999,28000,0,2026,9,4
영등포구,신길동,더샵파크프레스티지,84.9626,7,2022,50000,73,2026,9,3
영등포구,신길동,경남,59.96,4,1999,49140,0,2026,9,1
영등포구,신길동,비스타동원,51.4619,10,2024,36700,19,2026,9,8
영등포구,신길동,우성3,83.66,5,1989,50000,30,2026,9,21
영등포구,영등포동1가,프라다,12.42,6,2013,9000,0,2026,9,21
영등포구,신길동,비스타동원,28.7519,23,2024,16300,48,2026,9,23
영등포구,신길동,힐스테이트클래시안,59.91,5,2020,82000,0,2026,9,23
영등포구,대림동,한솔솔파크,84.89,2,2008,55965,0,2026,9,16
영등포구,신길동,삼환,59.53,24,1997,63000,0,2026,9,12
영등포구,양평동1가,창건애드웰,84.69,10,2006,70000,0,2026,9,22
영등포구,당산동,미진리버빌,22.23,8,2012,1000,66,2026,9,15
영등포구,신길동,힐스테이트클래시안,84.86,13,2020,103000,0,2026,9,22
영등포구,양평동4가,성원,84.66,11,1993,40000,100,2026,9,18
영등포구,신길동,더샵파크프레스티지,84.9005,24,2022,70000,70,2026,9,22
영등포구,양평동1가,영등포중흥에스클래스,84.95,12,2021,78750,0,2026,9,18
영등포구,당산동3가,리마크빌당산,23.46,3,2025,2000,148,2026,9,9
영등포구,신길동,비스타동원,28.7519,7,2024,22100,3,2026,9,18
영등포구,신길동,보라매에스케이뷰,84.98,9,2020,15000,350,2026,9,22
영등포구,양평동1가,창건애드웰,84.69,10,2006,70000,0,2026,9,22
영등포구,신길동,래미안에스티움,59.95,10,2017,72450,0,2026,9,20
영등포구,당산동5가,당산센트럴아이파크,84.98,23,2020,125000,0,2026,9,22
영등포구,영등포동7가,경남아너스빌,84.93,6,1998,50000,45,2026,9,18
영등포구,당산동1가,진로,59.4,7,1997,62000,0,2026,9,22
영등포구,대림동,현대2,84.74,16,1992,21500,0,2026,9,12
영등포구,당산동3가,리마크빌당산,22.06,5,2025,1000,152,2026,9,22
영등포구,당산동1가,진로,59.4,5,1997,57750,0,2026,9,22
영등포구,영등포동7가,아크로타워스퀘어,59.91,22,2017,62470,0,2026,9,22
영등포구,당산동,조인타운,19.6,14,2013,15000,10,2026,9,22
영등포구,여의도동,시범,118.12,1,1971,47250,0,2026,9,22
영등포구,영등포동1가,여의도씨티아이,13.87,15,2013,7000,35,2026,9,22
영등포구,신길동,힐스테이트클래시안,59.91,11,2020,69450,0,2026,9,19
영등포구,신길동,힐스테이트클래시안,59.91,11,2020,69450,0,2026,9,19
영등포구,신길동,삼성래미안,59.33,12,2001,48300,0,2026,9,21
영등포구,양평동3가,양평현대6차,84.94,10,2000,63000,0,2026,9,21
영등포구,신길동,신길센트럴아이파크,59.97,9,2019,77000,0,2026,9,18
영등포구,여의도동,삼부,92.13,13,1975,10000,300,2026,9,7
영등포구,신길동,우성2,64.4,6,1986,30000,0,2026,9,22
영등포구,신길동,신길AK푸르지오,49.4552,17,2024,3000,240,2026,9,21
영등포구,신길동,프리가,16.09,6,2013,1000,77,2026,9,5
영등포구,영등포동2가,경동미르웰여의도,14.03,6,2017,1000,75,2026,9,21
영등포구,당산동2가,한화포레나당산,41.125,10,2022,20269,52,2026,9,18
영등포구,신길동,신길AK푸르지오,49.4666,11,2024,52500,0,2026,9,20
영등포구,영등포동,영등포푸르지오,59.912,7,2002,55000,11,2026,9,21
영등포구,도림동,한라,59.85,1,1998,39000,0,2026,9,22
영등포구,양평동5가,동보,132.15,4,1998,73500,0,2026,9,19
영등포구,신길동,래미안에스티움,84.97,16,2017,103000,0,2026,9,17
영등포구,당산동1가,진로,59.4,19,1997,66000,0,2026,9,19
영등포구,당산동1가,신동아파밀리에,59.4,7,2008,50000,0,2026,9,22
영등포구,당산동3가,당산계룡리슈빌3단지,49.993,2,2014,42500,0,2026,9,21
영등포구,여의도동,진주,48.26,4,1977,50000,0,2026,9,10
영등포구,영등포동5가,동남,83.5,7,1971,27000,0,2026,9,22
영등포구,당산동4가,당산반도유보라팰리스,127.09,3,2010,100000,60,2026,9,18
영등포구,신길동,힐스테이트클래시안,42.68,12,2020,54000,0,2026,9,17
영등포구,영등포동1가,스테이72여의도,12.06,9,2013,12150,0,2026,9,17
영등포구,여의도동,브라이튼여의도,101.9509,5,2023,218000,0,2026,9,22
영등포구,문래동6가,문래롯데캐슬,51.25,13,2020,25975,42,2026,9,17
영등포구,문래동6가,문래롯데캐슬,53.9,2,2020,25000,54,2026,9,17
영등포구,당산동5가,당산삼성래미안4차,115.78,11,2003,100000,80,2026,9,22
영등포구,신길동,우성4,84.95,14,1991,17000,145,2026,9,2
영등포구,문래동4가,리버뷰신안인스빌1단지,84.995,2,2008,5000,200,2026,9,1
영등포구,영등포동7가,엔비어스파크,16.645,4,2020,1000,70,2026,9,10
영등포구,신길동,더샵파크프레스티지,84.9626,8,2022,86000,0,2026,9,21
영등포구,영등포동7가,엔비어스파크,16.557,6,2020,1000,70,2026,9,1
영등포구,여의도동,시범,79.24,8,1971,48000,0,2026,9,11
영등포구,영등포동2가,이지리움S,13.35,11,2013,2000,70,2026,9,17
영등포구,문래동4가,리버뷰신안인스빌1단지,84.995,6,2008,63000,0,2026,9,10
영등포구,여의도동,삼익,123.27,10,1974,60000,130,2026,9,21
영등포구,신길동,힐스테이트클래시안,42.68,13,2020,44000,0,2026,9,20
영등포구,신길동,힐스테이트클래시안,84.86,2,2020,10000,360,2026,9,17
영등포구,당산동3가,삼익,60.83,9,1979,33000,0,2026,9,12
영등포구,신길동,건영,95.64,9,1985,38000,0,2026,9,21
영등포구,양평동1가,영등포중흥에스클래스,84.85,24,2021,20000,15,2026,9,10
영등포구,여의도동,진주,48.26,5,1977,36500,0,2026,9,7
영등포구,대림동,(1101-1),14.46,8,2012,1000,55,2026,9,9
영등포구,신길동,우성1,64.4,7,1986,44000,0,2026,9,19
영등포구,여의도동,롯데캐슬엠파이어,147.8,22,2005,31500,441,2026,9,9
영등포구,신길동,힐스테이트클래시안,59.91,9,2020,58000,85,2026,9,19
영등포구,문래동3가,문래공원한신,79.46,4,1988,48000,0,2026,9,12
영등포구,신길동,신길자이,84.94,13,2011,63000,0,2026,9,18
영등포구,당산동3가,리마크빌당산,23.46,3,2025,2000,148,2026,9,14
영등포구,문래동3가,문래공원한신,58.96,13,1988,45000,50,2026,9,21
영등포구,당산동3가,리마크빌당산,22.06,5,2025,2000,148,2026,9,4
영등포구,문래동3가,문래힐스테이트,119.47,2,2003,99000,0,2026,9,21
영등포구,대림동,G밸리소홈,16.1,13,2018,13000,10,2026,9,19
영등포구,신길동,삼환,84.83,22,1997,20000,190,2026,9,21
영등포구,영등포동,영등포푸르지오,73.133,1,2002,51000,0,2026,9,19
영등포구,당산동3가,동부센트레빌,82.19,7,2003,15000,165,2026,9,21
영등포구,도림동,동아에코빌,59.94,23,2000,48000,0,2026,9,16
영등포구,영등포동7가,포레나영등포센트럴,84.8025,17,2020,39900,210,2026,9,13
영등포구,문래동3가,문래힐스테이트,119.47,2,2003,99000,0,2026,9,21
영등포구,양평동3가,양평현대6차,84.94,21,2000,69000,0,2026,9,19
영등포구,영등포동1가,여의도더리브스타일,14.8376,11,2020,18000,20,2026,9,4
영등포구,영등포동7가,아크로타워스퀘어,59.7,24,2017,83000,0,2026,9,19
영등포구,영등포동1가,스테이72여의도,12.05,5,2013,10000,10,2026,9,16
영등포구,당산동4가,한강아파트,59.4,10,1999,60000,0,2026,9,19
영등포구,당산동,조인타운,18.65,10,2013,14500,15,2026,9,17
영등포구,당산동4가,당산반도유보라팰리스,84.99,12,2010,88200,0,2026,9,19
영등포구,당산동5가,당산센트럴아이파크,46.98,10,2020,5000,230,2026,9,20
영등포구,대림동,대림동갑을명가아파트,84.87,9,2005,52000,0,2026,9,20
영등포구,양평동2가,삼성래미안,84.69,17,1998,15000,250,2026,9,17
영등포구,영등포동8가,삼환,84.87,13,1999,50000,72,2026,9,18
영등포구,양평동4가,성원,84.66,15,1993,65000,0,2026,9,2
영등포구,당산동,THESILK,16.93,9,2013,10000,20,2026,9,19
영등포구,여의도동,목화,89.92,4,1977,57750,0,2026,9,17
영등포구,영등포동2가,이지리움S,13.37,4,2013,2000,58,2026,9,18
영등포구,당산동2가,한화포레나당산,33.095,14,2022,22296,24,2026,9,18
영등포구,당산동2가,한화포레나당산,17.669,13,2022,8700,27,2026,9,18
영등포구,문래동2가,남성,58.52,6,1983,3000,90,2026,9,17
영등포구,신길동,삼두,34.92,1,1987,15000,0,2026,9,15
영등포구,신길동,한성,84.98,6,1997,48000,60,2026,9,18
영등포구,신길동,보라매경남아너스빌,114.19,8,2005,42000,0,2026,9,18
영등포구,문래동5가,문래두산위브,65.46,12,1988,46200,0,2026,9,18
영등포구,신길동,더샵파크프레스티지,84.9005,24,2022,90000,0,2026,9,18
영등포구,여의도동,시범,118.12,3,1971,50000,70,2026,9,18
영등포구,대림동,e편한세상영등포아델포레,84.9571,10,2020,79800,0,2026,9,18
영등포구,영등포동1가,여의도더리브스타일,14.8376,23,2020,5000,65,2026,9,18
영등포구,도림동,한라,59.85,3,1998,45000,0,2026,9,10
영등포구,대림동,e편한세상영등포아델포레,84.9948,9,2020,80000,0,2026,9,15
영등포구,양평동3가,거성파스텔,84.99,10,1999,75000,0,2026,9,17
영등포구,문래동6가,현대1차,64.38,3,1986,47000,0,2026,9,18
영등포구,당산동5가,성원,59.94,12,1997,65000,0,2026,9,17
영등포구,대림동,(1101-1),14.46,4,2012,1000,55,2026,9,14
영등포구,영등포동,영등포푸르지오,79.777,10,2002,70000,0,2026,9,18
영등포구,당산동6가,디마크당산,37.33,6,2025,3000,260,2026,9,11
영등포구,당산동3가,당산계룡리슈빌1단지,40.154,11,2014,32000,73,2026,9,18
영등포구,신길동,래미안영등포프레비뉴,59.99,5,2015,65000,0,2026,9,17
영등포구,신길동,삼환,84.84,18,1997,70000,0,2026,9,12
영등포구,신길동,프리가,13.66,11,2013,1000,65,2026,9,17
영등포구,대림동,대림현대,59.76,1,1999,48000,0,2026,9,18
영등포구,여의도동,목화,49.75,6,1977,5000,155,2026,9,18
영등포구,영등포동1가,지엘리베라움,12.62,17,2014,18000,0,2026,9,17
영등포구,양평동5가,양평한신,84.87,8,1996,62000,23,2026,9,17
영등포구,대림동,보라매 신동아 파밀리에,84.88,15,2016,54500,0,2026,9,18
영등포구,당산동2가,한화포레나당산,17.669,14,2022,9700,30,2026,9,17
영등포구,도림동,영등포아트자이,59.999,5,2014,50000,75,2026,9,17
영등포구,당산동2가,한화포레나당산,17.669,6,2022,13073,16,2026,9,17
영등포구,여의도동,서울,200.27,2,1976,180000,50,2026,9,16
영등포구,신길동,더샵파크프레스티지,84.9865,-2,2022,72000,0,2026,9,13
영등포구,영등포동7가,엔비어스파크,16.645,15,2020,1000,71,2026,9,7
영등포구,당산동2가,당산2가현대홈타운,82.77,10,1994,10000,193,2026,9,12
영등포구,영등포동7가,경남아너스빌,59.9,2,1998,50000,0,2026,9,15
영등포구,신길동,여의도리버뷰,12.96,6,2012,500,60,2026,9,15
영등포구,당산동1가,진로,84.87,2,1997,40000,20,2026,9,16
영등포구,문래동6가,문래롯데캐슬,53.79,16,2020,10000,95,2026,9,7
영등포구,신길동,더샵파크프레스티지,84.9005,5,2022,84000,0,2026,9,8
영등포구,영등포동1가,여의도이튼브라운,18.89,4,2022,25000,0,2026,9,8
영등포구,신길동,힐스테이트클래시안,59.91,21,2020,72000,0,2026,9,11
영등포구,여의도동,시범,79.24,11,1971,37000,0,2026,9,17
영등포구,양평동3가,양평현대6차,84.94,4,2000,52000,50,2026,9,12
영등포구,문래동6가,문래롯데캐슬,59.9,11,2020,25000,70,2026,9,11
영등포구,여의도동,미성,162.74,8,1978,115000,0,2026,9,16
영등포구,여의도동,진주,48.26,8,1977,47000,0,2026,9,16
영등포구,당산동,래미안당산1차,59.97,13,1995,65000,0,2026,9,16
영등포구,당산동1가,신동아파밀리에,59.4,5,2008,62000,0,2026,9,12
영등포구,문래동2가,남성,47.3,8,1983,8900,50,2026,9,16
영등포구,당산동5가,당산삼성래미안4차,97.27,13,2003,99000,0,2026,9,16
영등포구,대림동,신동아,84.85,3,1987,13000,70,2026,9,7
영등포구,신길동,힐스테이트클래시안,84.86,22,2020,85000,0,2026,9,16
영등포구,영등포동1가,여의도더리브스타일,14.8376,12,2020,1000,85,2026,9,14
영등포구,양평동5가,양평한신,59.94,7,1996,61000,0,2026,9,15
영등포구,신길동,보라매에스케이뷰,84.98,29,2020,72500,100,2026,9,16
영등포구,대림동,e편한세상영등포아델포레,59.968,6,2020,80000,0,2026,9,16
영등포구,여의도동,삼부,135.8,11,1975,30000,330,2026,9,4
영등포구,영등포동2가,여의도리미티오148,38.441,11,2022,3000,210,2026,9,12
영등포구,신길동,포레나 신길,84.5802,4,2008,70500,0,2026,9,12
영등포구,영등포동7가,아크로타워스퀘어,84.75,7,2017,86783,0,2026,9,15
영등포구,당산동5가,당산디오빌,58.54,13,2005,54500,0,2026,9,16
영등포구,양평동6가,동양,59.86,4,2000,50000,0,2026,9,3
영등포구,양평동2가,양평벽산블루밍,71.04,7,1990,30000,100,2026,9,15
영등포구,대림동,신대림자이2단지,84.45,7,2007,50900,0,2026,9,15
영등포구,문래동6가,문래롯데캐슬,53.79,13,2020,25000,56,2026,9,11
영등포구,양평동1가,신동아,50.81,3,1982,31000,0,2026,9,15
영등포구,신길동,래미안에스티움,59.95,4,2017,78000,0,2026,9,14
영등포구,도림동,영등포아트자이,84.854,10,2014,85000,0,2026,9,15
영등포구,양평동1가,영등포중흥에스클래스,59.91,23,2021,75000,0,2026,9,15
영등포구,신길동,래미안에스티움,59.95,2,2017,77000,0,2026,9,15
영등포구,문래동6가,문래롯데캐슬,59.9,9,2020,25000,69,2026,9,11
영등포구,신길동,힐스테이트클래시안,39.96,12,2020,1320,19,2026,9,16
영등포구,문래동6가,문래롯데캐슬,59.9,20,2020,25000,70,2026,9,16
영등포구,신길동,더샵파크프레스티지,34.5413,13,2022,11185,27,2026,9,15
영등포구,당산동,조인타운,22.31,11,2013,17800,0,2026,9,15
영등포구,대림동,코오롱,59.94,9,1998,59000,0,2026,9,12
영등포구,대림동,HHouse대림뉴스테이,26.39,5,2017,1000,76,2026,9,15
영등포구,신길동,래미안에스티움,84.97,4,2017,70000,110,2026,9,15
영등포구,당산동3가,리마크빌당산,26.96,3,2025,2000,169,2026,9,3
영등포구,여의도동,진주,72,4,1977,52000,0,2026,9,14
영등포구,당산동4가,당산삼성2차,84.93,16,1997,70000,0,2026,9,15
영등포구,당산동4가,당산삼성2차,59.76,18,1997,60000,0,2026,9,12
영등포구,양평동3가,경남아너스빌,84.92,7,1998,74000,0,2026,9,15
영등포구,대림동,쌍용플래티넘S,18.24,3,2013,8300,0,2026,9,11
영등포구,당산동5가,당산디오빌,28.86,4,2005,29500,0,2026,9,11
영등포구,여의도동,시범,79.24,5,1971,10000,200,2026,9,14
영등포구,대림동,e편한세상영등포아델포레,84.9571,7,2020,61100,0,2026,9,7
영등포구,신길동,힐스테이트클래시안,42.68,5,2020,10000,180,2026,9,7
영등포구,영등포동,영등포푸르지오,73.133,22,2002,68000,0,2026,9,12
영등포구,당산동3가,리마크빌당산,27.02,3,2025,2000,171,2026,9,9
영등포구,여의도동,삼익,123.27,5,1974,75000,140,2026,9,12
영등포구,문래동6가,한신,81.89,6,1985,47000,0,2026,9,11
영등포구,문래동6가,한신,81.89,6,1985,47000,0,2026,9,11
영등포구,신길동,삼환,84.84,20,1997,42800,70,2026,9,5
영등포구,여의도동,삼부,92.13,5,1975,47000,60,2026,9,1
영등포구,당산동5가,당산삼성래미안4차,84.94,7,2003,58000,70,2026,9,14
영등포구,당산동5가,당산효성1차,84.9,8,1999,84000,0,2026,9,12
영등포구,양평동4가,성원,84.66,4,1993,63000,12,2026,9,12
영등포구,신길동,신길센트럴자이아파트,52.95,5,2021,66000,0,2026,9,13
영등포구,문래동3가,문래공원한신,79.46,4,1988,48000,0,2026,9,12
영등포구,영등포동,영등포푸르지오,73.133,18,2002,61950,0,2026,9,11
영등포구,여의도동,공작,126.02,12,1976,60000,0,2026,9,11
영등포구,여의도동,시범,79.24,9,1971,5000,170,2026,9,12
영등포구,문래동6가,문래롯데캐슬,53.9,11,2020,25000,56,2026,9,14
영등포구,당산동2가,한화포레나당산,17.669,3,2022,11600,15,2026,9,14
영등포구,당산동2가,당산2가현대홈타운,82.77,4,1994,50000,70,2026,9,12
영등포구,문래동5가,문래모아미래도,84.75,3,2017,78000,0,2026,9,7
영등포구,신길동,보라매에스케이뷰,39.98,3,2020,15405,54,2026,9,14
영등포구,당산동3가,당산계룡리슈빌2단지,40.136,10,2014,51500,0,2026,9,13
영등포구,영등포동,라르파크,30.3116,7,2021,42000,0,2026,9,11
영등포구,여의도동,수정,150.65,10,1976,60000,240,2026,9,7
영등포구,대림동,현대3차,59.83,20,1997,44100,0,2026,9,12
영등포구,영등포동4가,영등포그랑그루,12.1,6,2012,500,65,2026,9,7
영등포구,대림동,현대3차,43.92,12,1997,38000,0,2026,9,11
영등포구,당산동,래미안당산1차,59.97,16,1995,70000,0,2026,9,14
영등포구,문래동3가,문래자이,84.98,12,2001,30000,240,2026,9,8
영등포구,대림동,무림,69.98,1,1981,27000,5,2026,9,14
영등포구,문래동4가,문래동삼환,84.98,21,2001,60000,0,2026,9,12
영등포구,영등포동1가,여의도이튼브라운,18.89,7,2022,27200,10,2026,9,5
영등포구,신길동,여의도리버뷰,12.96,5,2012,500,60,2026,9,2
영등포구,신길동,더샵파크프레스티지,59.8635,7,2022,30000,170,2026,9,11
영등포구,당산동5가,당산센트럴아이파크,59.98,22,2020,40000,220,2026,9,12
영등포구,영등포동1가,여의도더리브스타일,14.8376,4,2020,18000,22,2026,9,9
영등포구,양평동5가,동보,84.48,17,1998,61500,0,2026,9,11
영등포구,당산동,강변래미안,108.15,12,2002,73000,41,2026,9,14
영등포구,당산동4가,당산반도유보라팰리스,84.99,15,2010,60000,160,2026,9,11
영등포구,신길동,삼두,43.65,6,1987,25000,0,2026,9,12
영등포구,신길동,보라매경남아너스빌,84.79,4,2005,40000,100,2026,9,10
영등포구,신길동,비스타동원,15.3664,20,2024,16000,2,2026,9,2
영등포구,문래동3가,문래자이,84.98,6,2001,80850,0,2026,9,4
영등포구,양평동5가,양평한신,59.94,5,1996,52500,0,2026,9,12
영등포구,영등포동,영등포푸르지오,84.84,23,2002,71000,0,2026,9,11
영등포구,여의도동,수정,150.65,1,1976,7000,400,2026,9,11
영등포구,영등포동7가,경남아너스빌,59.9,16,1998,5000,140,2026,9,12
영등포구,영등포동1가,지엘리베라움,12.62,14,2014,14000,13,2026,9,5
영등포구,신길동,삼두,43.65,10,1987,28000,0,2026,9,12
영등포구,대림동,e편한세상영등포아델포레,59.968,2,2020,17455,27,2026,9,11
영등포구,신길동,우성2,53.24,1,1986,31000,0,2026,9,12
영등포구,영등포동7가,엔비어스파크,16.557,15,2020,1000,72,2026,9,1
영등포구,당산동5가,성원,59.94,13,1997,53550,0,2026,9,11
영등포구,문래동3가,문래힐스테이트,84.92,4,2003,90000,0,2026,9,8
영등포구,문래동6가,현대2차,41.04,12,1987,35000,0,2026,9,12
영등포구,영등포동,영등포푸르지오,73.133,14,2002,61000,10,2026,9,7
영등포구,양평동3가,현대2차,80.92,8,1990,69000,0,2026,9,12
영등포구,대림동,신대림자이2단지,95.71,10,2007,48000,50,2026,9,12
영등포구,신길동,대방전철,44.35,1,1976,26000,0,2026,9,12
영등포구,신길동,힐스테이트클래시안,59.87,13,2020,82000,0,2026,9,10
영등포구,신길동,더샵파크프레스티지,59.8635,6,2022,63000,0,2026,9,11
영등포구,문래동6가,현대1차,64.38,6,1986,30000,80,2026,9,10
영등포구,영등포동2가,현대팰리스,39.53,10,2016,32500,0,2026,9,11
영등포구,영등포동7가,경남아너스빌,59.9,20,1998,50000,40,2026,9,11
영등포구,문래동6가,문래미원,59.4,11,1996,46000,0,2026,9,9
영등포구,문래동6가,문래롯데캐슬,53.75,19,2020,26000,52,2026,9,7
영등포구,문래동6가,문래롯데캐슬,59.9,13,2020,25000,70,2026,9,9
영등포구,문래동6가,문래롯데캐슬,59.9,18,2020,25000,70,2026,9,9
영등포구,여의도동,삼익,123.27,6,1974,105000,0,2026,9,11
영등포구,당산동2가,한화포레나당산,36.71,7,2022,24217,26,2026,9,11
영등포구,양평동3가,거성파스텔,84.99,23,1999,66150,0,2026,9,5
영등포구,신길동,보라매에스케이뷰,59.98,18,2020,65000,0,2026,9,1
영등포구,영등포동7가,경남아너스빌,59.9,15,1998,47250,0,2026,9,11
영등포구,신길동,삼성래미안,84.91,9,2001,40000,87,2026,9,11
영등포구,여의도동,시범,79.24,6,1971,15000,70,2026,9,10
영등포구,문래동2가,남성,58.52,7,1983,5000,100,2026,9,9
영등포구,신길동,신길파크자이,59.95,26,2022,68250,0,2026,9,11
영등포구,영등포동7가,엔비어스파크,16.645,12,2020,1000,70,2026,9,4
영등포구,신길동,래미안영등포프레비뉴,84.98,7,2015,86000,0,2026,9,9
영등포구,신길동,더샵파크프레스티지,57.8347,15,2022,7789,12,2026,9,10
영등포구,신길동,더샵파크프레스티지,34.5413,15,2022,9693,32,2026,9,10
영등포구,문래동6가,문래미원,84.93,6,1996,65000,0,2026,9,10
영등포구,당산동5가,당산센트럴아이파크,84.98,11,2020,115000,0,2026,9,11
영등포구,영등포동7가,경남아너스빌,59.9,17,1998,60000,0,2026,9,8
영등포구,신길동,보라매에스케이뷰,84.98,26,2020,87000,0,2026,9,5
영등포구,신길동,더샵파크프레스티지,84.9626,11,2022,76500,0,2026,9,10
영등포구,대림동,e편한세상영등포아델포레,59.968,5,2020,17455,27,2026,9,10
영등포구,문래동3가,문래자이,84.98,20,2001,30000,220,2026,9,10
영등포구,영등포동7가,아크로타워스퀘어,71.98,25,2017,93000,0,2026,9,10
영등포구,양평동1가,삼환,59.76,2,1994,47000,0,2026,9,9
영등포구,신길동,더샵파크프레스티지,34.5413,9,2022,10267,24,2026,9,10
영등포구,대림동,e편한세상영등포아델포레,59.968,13,2020,17455,27,2026,9,10
영등포구,여의도동,롯데캐슬아이비,211.82,31,2005,250000,0,2026,9,10
영등포구,신길동,우성2,64.4,2,1986,33000,0,2026,9,10
영등포구,신길동,힐스테이트클래시안,39.96,6,2020,4771,6,2026,9,10
영등포구,양평동1가,영등포중흥에스클래스,84.95,12,2021,100000,0,2026,9,10
영등포구,대림동,e편한세상영등포아델포레,59.968,4,2020,5910,60,2026,9,10
영등포구,대림동,G밸리소홈,16.1,7,2018,11400,20,2026,9,9
영등포구,영등포동,두산위브,59.8,2,2004,50000,30,2026,9,10
영등포구,문래동5가,문래두산위브,65.46,8,1988,15000,160,2026,9,10
영등포구,양평동3가,삼호,59.96,7,1998,57700,0,2026,9,9
영등포구,영등포동3가,포레스트힐시티,13.53,5,2014,1000,62,2026,9,10
영등포구,양평동1가,삼환,84.66,12,1994,55000,0,2026,9,9
영등포구,대림동,e편한세상영등포아델포레,59.968,14,2020,12965,49,2026,9,10
영등포구,문래동5가,문래두산위브,65.46,12,1988,5000,100,2026,9,7
영등포구,신길동,래미안에스티움,118.39,24,2017,130000,0,2026,9,3
영등포구,문래동6가,문래롯데캐슬,52.62,11,2020,25000,55,2026,9,9
영등포구,신길동,보라매에스케이뷰,84.98,14,2020,95000,0,2026,9,9
영등포구,신길동,삼성,60.48,2,1984,5000,60,2026,9,8
영등포구,신길동,신길파크자이,84.99,12,2022,100000,0,2026,9,9
영등포구,여의도동,시범,118.12,1,1971,85000,0,2026,9,8
영등포구,문래동6가,문래롯데캐슬,51.25,19,2020,20000,67,2026,9,9
영등포구,대림동,e편한세상영등포아델포레,59.968,10,2020,17455,27,2026,9,9
영등포구,영등포동8가,당산푸르지오,84.98,2,2004,83000,0,2026,9,8
영등포구,여의도동,은하,121.52,12,1974,120000,0,2026,9,8
영등포구,신길동,보라매에스케이뷰,39.98,26,2020,13334,35,2026,9,8
영등포구,당산동4가,당산현대5차,59.75,10,2000,30000,142,2026,9,9
영등포구,신길동,더샵파크프레스티지,34.5413,6,2022,8259,37,2026,9,8
영등포구,영등포동,영등포푸르지오,73.133,8,2002,73000,0,2026,9,8
영등포구,대림동,e편한세상영등포아델포레,59.968,15,2020,22641,47,2026,9,8
영등포구,문래동5가,문래모아미래도,59.9,8,2017,32462,0,2026,9,8
영등포구,당산동2가,한화포레나당산,17.669,17,2022,11600,15,2026,9,8
영등포구,당산동2가,한화포레나당산,41.125,3,2022,16600,66,2026,9,8
영등포구,영등포동1가,지엘리베라움,12.62,12,2014,14000,13,2026,9,8
영등포구,신길동,더샵파크프레스티지,34.5413,3,2022,10837,26,2026,9,8
영등포구,신길동,신길센트럴자이아파트,59.98,13,2021,75000,0,2026,9,8
영등포구,영등포동,영등포푸르지오,73.133,21,2002,57000,0,2026,9,7
영등포구,영등포동7가,아크로타워스퀘어,26.78,3,2017,10312,29,2026,9,8
영등포구,신길동,힐스테이트클래시안,59.91,10,2020,31500,157,2026,9,5
영등포구,신길동,래미안에스티움,59.95,9,2017,76000,0,2026,9,7
영등포구,영등포동7가,아크로타워스퀘어,26.78,23,2017,10380,28,2026,9,8
영등포구,영등포동1가,내이처해밀,15.076,4,2012,10000,15,2026,9,7
영등포구,당산동3가,쌍용예가클래식,106.56,8,2010,80000,150,2026,9,8
영등포구,신길동,힐스테이트클래시안,84.86,22,2020,97000,0,2026,9,4
영등포구,신길동,우성2,64.4,12,1986,30000,0,2026,9,5
영등포구,신길동,더샵파크프레스티지,84.9626,8,2022,86000,0,2026,9,5
영등포구,신길동,힐스테이트클래시안,59.91,4,2020,60000,80,2026,9,6
영등포구,신길동,삼성래미안,32.94,16,2001,2021,12,2026,9,7
영등포구,당산동4가,삼익플라주,84.16,14,2013,80000,0,2026,9,6
영등포구,대림동,G밸리소홈,16.1,10,2018,1000,70,2026,9,7
영등포구,양평동4가,삼호한숲,59.96,1,2000,48000,0,2026,9,5
영등포구,문래동6가,문래롯데캐슬,53.79,8,2020,25000,55,2026,9,4
영등포구,문래동6가,문래롯데캐슬,59.9,18,2020,12000,128,2026,9,4
영등포구,문래동6가,문래롯데캐슬,51.25,7,2020,25000,45,2026,9,4
영등포구,문래동5가,문래두산위브,79.86,6,1988,50000,0,2026,9,7
영등포구,영등포동7가,아크로타워스퀘어,84.71,5,2017,25000,181,2026,9,3
영등포구,도림동,도림청구,37.81,14,1997,1500,80,2026,9,6
영등포구,당산동4가,당산현대5차,114.84,22,2000,105000,0,2026,9,7
영등포구,신길동,삼환,84.83,4,1997,42000,110,2026,9,7
영등포구,당산동2가,당산2가현대홈타운,82.77,3,1994,70000,0,2026,9,7
영등포구,신길동,더샵파크프레스티지,59.8635,13,2022,67000,0,2026,9,5
영등포구,대림동,현대1,84.75,7,1992,44000,0,2026,9,5
영등포구,대림동,G밸리소홈,16.1,11,2018,1000,68,2026,9,5
영등포구,대림동,쌍용플래티넘S,18.24,10,2013,500,55,2026,9,2
영등포구,신길동,더샵파크프레스티지,59.6879,5,2022,69000,0,2026,9,5
영등포구,양평동6가,동양,59.86,4,2000,50000,0,2026,9,3
영등포구,영등포동8가,삼환,59.91,16,1999,18000,170,2026,9,5
영등포구,신길동,더샵파크프레스티지,34.5413,2,2022,13021,33,2026,9,5
영등포구,당산동2가,당산대우,45.55,17,1999,34000,0,2026,9,4
영등포구,신길동,더샵파크프레스티지,34.5413,10,2022,10377,24,2026,9,5
영등포구,당산동4가,당산현대3차,59.26,4,1988,53550,0,2026,9,6
영등포구,신길동,보라매경남아너스빌,84.79,17,2005,66500,0,2026,9,2
영등포구,당산동,래미안당산1차,84.99,12,1995,73000,0,2026,9,4
영등포구,당산동2가,당산대우,31.73,9,1999,28000,0,2026,9,4
영등포구,신길동,우성1,83.64,2,1986,10000,140,2026,9,6
영등포구,영등포동7가,아크로타워스퀘어,84.75,4,2017,100000,0,2026,9,5
영등포구,신길동,더샵파크프레스티지,59.8635,2,2022,60000,0,2026,9,5
영등포구,신길동,신길AK푸르지오,49.4666,16,2024,60000,0,2026,9,5
영등포구,양평동5가,양평한신,59.94,16,1996,65000,0,2026,9,4
영등포구,문래동3가,문래공원한신,58.96,5,1988,10000,130,2026,9,4
영등포구,문래동6가,대원,84.63,14,1998,52500,0,2026,9,5
영등포구,문래동6가,e편한세상 문래 에듀플라츠,59.97,13,2020,68250,0,2026,9,3
영등포구,양평동5가,양평한신,59.94,5,1996,52500,0,2026,9,5
영등포구,여의도동,서울,139.31,2,1976,150000,0,2026,9,4
영등포구,영등포동8가,당산푸르지오,114.51,4,2004,90300,0,2026,9,3
영등포구,신길동,여의도리버뷰,12.96,6,2012,500,60,2026,9,3
영등포구,신길동,우성2,53.24,14,1986,31000,0,2026,9,3
영등포구,양평동3가,경남아너스빌,84.92,6,1998,40000,80,2026,9,4
영등포구,영등포동,영등포푸르지오,79.777,16,2002,65000,0,2026,9,2
영등포구,신길동,삼환,84.83,10,1997,20000,230,2026,9,4
영등포구,당산동4가,당산반도유보라팰리스,124.62,13,2010,115000,0,2026,9,4
영등포구,대림동,e편한세상영등포아델포레,59.968,5,2020,17455,27,2026,9,4
영등포구,당산동3가,당산계룡리슈빌3단지,49.993,6,2014,62000,0,2026,9,4
영등포구,신길동,삼성,60.48,10,1984,33000,0,2026,9,3
영등포구,신길동,보라매에스케이뷰,39.98,9,2020,17457,44,2026,9,3
영등포구,당산동3가,쌍용예가클래식,106.56,2,2010,10000,280,2026,9,3
영등포구,양평동4가,삼호한숲,59.9,9,2000,63000,0,2026,9,3
영등포구,신길동,더샵파크프레스티지,84.9626,21,2022,70000,60,2026,9,3
영등포구,신길동,더샵파크프레스티지,84.9626,7,2022,50000,73,2026,9,3
영등포구,대림동,e편한세상영등포아델포레,59.968,9,2020,17455,27,2026,9,3
영등포구,양평동3가,거성파스텔,59.96,7,1999,30000,120,2026,9,3
영등포구,대림동,e편한세상영등포아델포레,59.968,11,2020,17455,27,2026,9,3
영등포구,대림동,e편한세상영등포아델포레,59.968,17,2020,17455,27,2026,9,3
영등포구,대림동,e편한세상영등포아델포레,59.968,2,2020,17455,27,2026,9,3
영등포구,대림동,e편한세상영등포아델포레,59.968,2,2020,17455,27,2026,9,3
영등포구,대림동,e편한세상영등포아델포레,59.968,2,2020,17455,27,2026,9,3
영등포구,대림동,e편한세상영등포아델포레,59.968,16,2020,17455,27,2026,9,3
영등포구,신길동,래미안에스티움,84.97,1,2017,82000,0,2026,9,2
영등포구,양평동1가,영등포중흥에스클래스,84.95,6,2021,86100,0,2026,9,3
영등포구,양평동1가,이너스삼성,71.2,11,2005,10000,140,2026,9,2
영등포구,대림동,HHouse대림뉴스테이,31.888,12,2017,2000,106,2026,9,1
영등포구,영등포동,영등포푸르지오,84.908,7,2002,76500,0,2026,9,3
영등포구,대림동,쌍용플래티넘S,18.24,6,2013,500,50,2026,9,3
영등포구,당산동2가,한화포레나당산,17.669,6,2022,2835,12,2026,9,3
영등포구,당산동2가,당산2가현대홈타운,82.77,15,1994,52000,55,2026,9,2
영등포구,당산동2가,한화포레나당산,17.669,5,2022,8700,27,2026,9,3
영등포구,대림동,e편한세상영등포아델포레,59.968,15,2020,17455,27,2026,9,3
영등포구,당산동4가,당산삼성2차,84.93,18,1997,74000,0,2026,9,3
영등포구,영등포동1가,내이처해밀,14.89,2,2012,1000,55,2026,9,3
영등포구,당산동,강변래미안,79.43,14,2002,10000,240,2026,9,3
영등포구,도림동,도림청구,37.81,15,1997,2000,105,2026,9,3
영등포구,당산동2가,당산2가현대홈타운,82.77,9,1994,72000,0,2026,9,3
영등포구,문래동3가,문래자이,84.98,10,2001,28000,220,2026,9,3
영등포구,여의도동,미성,101.29,9,1978,70000,110,2026,9,2
영등포구,양평동3가,삼익플라주101동,59.92,8,2009,55000,0,2026,9,3
영등포구,당산동2가,당산2가현대홈타운,82.77,7,1994,78000,0,2026,9,3
영등포구,영등포동7가,아크로타워스퀘어,84.65,24,2017,98000,19,2026,9,3
영등포구,영등포동1가,내이처해밀,14.24,9,2012,11000,20,2026,9,2
영등포구,대림동,쌍용플래티넘S,18.24,10,2013,500,55,2026,9,2
영등포구,당산동,리첸트,14.77,9,2012,2000,60,2026,9,2
영등포구,신길동,삼환,59.53,13,1997,20000,160,2026,9,1
영등포구,신길동,비스타동원,29.6913,13,2024,4005,18,2026,9,2
영등포구,양평동1가,신동아,50.81,8,1982,33000,0,2026,9,2
영등포구,신길동,삼환,84.84,9,1997,70000,0,2026,9,2
영등포구,문래동3가,문래힐스테이트,119.47,5,2003,30000,320,2026,9,2
영등포구,양평동3가,양평역미소지움,59.469,15,2018,30000,140,2026,9,1
영등포구,신길동,우성1,49.64,11,1986,5000,95,2026,9,1
영등포구,영등포동7가,경남아너스빌,84.93,7,1998,10000,250,2026,9,1
영등포구,대림동,현대3차,43.92,14,1997,32000,0,2026,9,1
영등포구,여의도동,삼부,135.8,11,1975,45000,200,2026,9,1
영등포구,영등포동,영등포푸르지오,79.777,23,2002,72000,0,2026,9,1
영등포구,대림동,e편한세상영등포아델포레,59.968,16,2020,12965,49,2026,9,1
영등포구,문래동5가,문래현대5차,84.79,7,1992,35000,27,2026,9,1
동작구,흑석동,흑석한강센트레빌,114.95,2,2011,105000,0,2026,9,17
동작구,신대방동,동작협성휴포레시그니처,84.9814,21,2022,82500,0,2026,9,19
동작구,사당동,사당자이,60,8,1999,20000,120,2026,9,18
동작구,대방동,주공2,51.66,12,1995,20000,110,2026,9,12
동작구,노량진동,우성,59.82,9,1997,50000,35,2026,9,9
동작구,사당동,이수역리가,84.9604,3,2013,20000,270,2026,9,8
동작구,대방동,대림아파트,164.79,3,1993,99700,0,2026,9,23
동작구,사당동,사당우성3,46.75,12,1993,40000,0,2026,9,23
동작구,사당동,진흥아리엘,84.9871,1,2004,58700,0,2026,9,22
동작구,상도동,아이파크,114.83,15,2004,20000,270,2026,9,22
동작구,노량진동,한강더퍼스트타워,18.28,7,2026,8200,47,2026,9,10
동작구,사당동,사당자이,60,8,1999,20000,120,2026,9,18
동작구,대방동,주공2,51.66,13,1995,39900,0,2026,9,23
동작구,흑석동,흑석한강센트레빌Ⅱ,84.989,13,2012,48000,80,2026,9,19
동작구,대방동,주공2,59.97,4,1995,56000,0,2026,9,19
동작구,상도동,힐스테이트 상도 프레스티지,84.953,10,2013,73500,0,2026,9,23
동작구,본동,신동아,46.75,9,1993,36750,0,2026,9,19
동작구,흑석동,흑석한강푸르지오,84.91,10,2012,77700,0,2026,9,23
동작구,상도동,포스코더샵,59.96,11,2007,42500,105,2026,9,5
동작구,상도동,상도파크자이,84.888,15,2016,40000,240,2026,9,3
동작구,상도동,상도푸르지오클라베뉴,84.9198,2,2024,65000,14,2026,9,23
동작구,신대방동,보라매파크빌,84.81,6,2002,30000,132,2026,9,21
동작구,사당동,사당롯데캐슬골든포레,84.9824,3,2021,80000,0,2026,9,5
동작구,사당동,신동아4,84.46,1,1993,63000,0,2026,9,22
동작구,본동,래미안트윈파크,59.72,19,2011,79000,0,2026,9,19
동작구,대방동,대림아파트,84.92,13,1993,82000,0,2026,9,22
동작구,상도동,삼성래미안2,114.738,2,2003,40000,160,2026,9,11
동작구,신대방동,롯데낙천대,108.4848,12,2003,78750,0,2026,9,21
동작구,사당동,사당우성2,46.75,13,1993,40000,0,2026,9,22
동작구,사당동,갑을명가,81.6491,6,2006,49000,0,2026,9,22
동작구,노량진동,쌍용예가,84.913,10,2010,70000,60,2026,9,22
동작구,사당동,사당우성2,46.75,15,1993,42000,30,2026,9,21
동작구,사당동,사당롯데캐슬2차,84.614,14,2004,15000,230,2026,9,22
동작구,흑석동,흑석한강센트레빌,59.95,13,2011,10000,250,2026,9,21
동작구,사당동,극동(105),59.25,2,1993,57000,0,2026,9,20
동작구,흑석동,흑석한강센트레빌,84.84,5,2011,50000,167,2026,9,8
동작구,흑석동,흑석한강센트레빌Ⅱ,84.946,9,2012,50000,180,2026,9,22
동작구,상도동,포스코더샵,161.481,9,2007,40000,260,2026,9,21
동작구,사당동,두산위브트레지움,84.9706,24,2011,20000,280,2026,9,19
동작구,동작동,이수스위첸포레힐즈,84.97,10,2022,89250,0,2026,9,19
동작구,상도동,e편한세상상도노빌리티,59.5905,26,2018,80000,0,2026,9,19
동작구,사당동,라이즈1동,48.91,5,2003,27563,0,2026,9,13
동작구,신대방동,경남교수,84.94,15,2001,75000,0,2026,9,18
동작구,흑석동,흑석한강센트레빌,84.84,8,2011,75000,47,2026,9,19
동작구,흑석동,흑석리버파크자이,84.94,13,2025,107000,0,2026,9,19
동작구,흑석동,한강현대,115.35,8,1988,90000,80,2026,9,11
동작구,흑석동,해가든,94.89,6,2010,93450,0,2026,9,5
동작구,노량진동,한강더퍼스트타워,18.28,8,2026,9700,56,2026,9,11
동작구,흑석동,아크로리버하임,72.951,12,2019,60000,290,2026,9,19
동작구,사당동,사당휴브리지(206-127),12.81,8,2015,11500,7,2026,9,21
동작구,흑석동,한강현대,114.44,8,1988,84000,0,2026,9,12
동작구,사당동,신동아5,59.67,9,1998,57000,0,2026,9,19
동작구,흑석동,한강현대,66.225,14,1988,62000,0,2026,9,19
동작구,상도동,대림아파트,84.89,14,1995,61800,0,2026,9,11
동작구,사당동,사당롯데캐슬골든포레,84.9787,11,2021,78700,0,2026,9,3
동작구,동작동,이수힐스테이트,59.9992,9,2013,78500,0,2026,9,19
동작구,흑석동,아크로리버하임,84.9184,14,2019,120000,0,2026,9,21
동작구,사당동,사당자이,60,13,1999,33000,91,2026,9,15
동작구,상도동,이수브라운스톤상도(527-0),84.91,5,2007,60000,80,2026,9,19
동작구,노량진동,신동아리버파크,59.67,3,2001,50000,30,2026,9,19
동작구,신대방동,보라매e편한세상,128.86,10,2010,83000,0,2026,9,19
동작구,사당동,이너스내안애,84.97,7,2012,62000,0,2026,9,18
동작구,상도동,상도푸르지오클라베뉴,84.6246,16,2024,76650,0,2026,9,19
동작구,사당동,이수푸르지오더프레티움,84.9945,10,2021,107000,0,2026,9,19
동작구,사당동,사당우성3,108.08,11,1993,50400,80,2026,9,19
동작구,상도동,상도푸르지오클라베뉴,59.8166,15,2024,63500,0,2026,9,19
동작구,사당동,사당우성2,46.75,8,1993,52000,0,2026,9,21
동작구,상도동,힐스테이트 상도 프레스티지,84.951,11,2013,94000,0,2026,9,15
동작구,본동,삼성래미안,84.2261,9,2004,40000,113,2026,9,19
동작구,상도동,상도효성해링턴플레이스,84.9506,14,2016,65000,100,2026,9,18
동작구,사당동,사당자이,59.89,10,1999,10000,175,2026,9,12
동작구,노량진동,한강더퍼스트타워,18.28,6,2026,7100,52,2026,9,8
동작구,사당동,사당우성3,59.89,3,1993,30000,120,2026,9,19
동작구,사당동,신동아5,59.67,13,1998,33000,90,2026,9,19
동작구,사당동,신동아4,84.46,2,1993,73000,0,2026,9,17
동작구,신대방동,경남교수,84.94,13,2001,10000,200,2026,9,20
동작구,노량진동,쌍용예가,84.868,5,2010,90000,0,2026,9,19
동작구,상도동,삼환나우빌(520-0),84.87,5,2007,76000,0,2026,9,21
동작구,본동,한신휴플러스,84.84,10,2004,10000,200,2026,9,15
동작구,노량진동,한강더퍼스트타워,18.28,20,2026,9700,56,2026,9,17
동작구,노량진동,한강더퍼스트타워,18.28,14,2026,9700,56,2026,9,7
동작구,상도동,포스코더샵,59.99,1,2007,63000,0,2026,9,19
동작구,사당동,극동(105),59.25,12,1993,50000,20,2026,9,19
동작구,상도동,힐스테이트 상도 센트럴파크,84.7835,8,2012,60000,38,2026,9,20
동작구,상도동,래미안상도3차,114.97,1,2004,30000,260,2026,9,20
동작구,상도동,중앙하이츠빌,84.9883,12,2003,40000,150,2026,9,20
동작구,본동,래미안트윈파크,84.76,6,2011,100000,0,2026,9,19
동작구,사당동,사당우성3,59.89,1,1993,5000,150,2026,9,16
동작구,상도동,힐스테이트 상도 프레스티지,84.884,11,2013,81900,0,2026,9,19
동작구,상도동,포스코더샵,59.99,3,2007,75000,0,2026,9,19
동작구,사당동,사당우성2,59.89,15,1993,55000,0,2026,9,18
동작구,사당동,신동아4,46.75,12,1993,46000,0,2026,9,19
동작구,노량진동,신동아리버파크,84.88,20,2001,70000,0,2026,9,19
동작구,상도동,힐스테이트 상도 프레스티지,120.936,15,2013,50000,300,2026,9,20
동작구,신대방동,우성1차,66.69,13,1988,30000,70,2026,9,18
동작구,상도동,힐스테이트 상도 센트럴파크,84.7835,15,2012,93000,0,2026,9,18
동작구,사당동,사당휴먼시아,84.9,4,2009,24000,125,2026,9,8
동작구,동작동,이수스위첸포레힐즈,75.95,1,2022,80000,0,2026,9,18
동작구,신대방동,동작협성휴포레시그니처,84.9464,12,2022,20000,300,2026,9,15
동작구,상도1동,평화그린,99.96,3,2001,34000,80,2026,9,18
동작구,신대방동,동작협성휴포레시그니처,84.9464,19,2022,83000,0,2026,9,17
동작구,흑석동,흑석한강푸르지오,115.98,6,2012,108000,0,2026,9,15
동작구,사당동,사당우성3,84.66,15,1993,25000,158,2026,9,7
동작구,대방동,주공2,59.97,15,1995,38500,60,2026,9,15
동작구,흑석동,흑석한강푸르지오,84.98,11,2012,40000,165,2026,9,11
동작구,사당동,사당롯데캐슬골든포레,59.8557,9,2021,57750,0,2026,9,13
동작구,상도동,상도에스에이치빌,32.43,3,2006,3167,11,2026,9,19
동작구,신대방동,보라매파크빌,84.84,1,2002,75000,0,2026,9,17
동작구,대방동,주공2,51.66,8,1995,50000,0,2026,9,18
동작구,상도동,현대(관악),58.59,4,1992,44500,0,2026,9,18
동작구,흑석동,아크로리버하임,84.7536,16,2019,125000,0,2026,9,6
동작구,사당동,극동(105),51.57,4,1993,55000,0,2026,9,12
동작구,노량진동,힐스테이트장승배기역,59.8057,22,2026,90000,0,2026,9,18
동작구,노량진동,신동아리버파크,114.75,3,2001,80000,0,2026,9,18
동작구,상도동,힐스테이트 상도 센트럴파크,84.6099,9,2012,89250,0,2026,9,12
동작구,노량진동,한강더퍼스트타워,18.28,6,2026,8200,47,2026,9,5
동작구,노량진동,한강더퍼스트타워,18.28,19,2026,7300,66,2026,9,17
동작구,흑석동,아크로리버하임,84.9108,3,2019,120750,0,2026,9,3
동작구,흑석동,롯데캐슬에듀포레,110.5377,11,2018,2000,110,2026,9,12
동작구,노량진동,한강더퍼스트타워,18.28,11,2026,9700,56,2026,9,12
동작구,노량진동,한강더퍼스트타워,18.28,20,2026,8500,61,2026,9,17
동작구,상도동,건영,114.96,6,1997,50000,130,2026,9,17
동작구,대방동,대방2차e-편한세상,131.637,18,2003,110000,95,2026,9,17
동작구,흑석동,흑석한강센트레빌Ⅱ,84.978,11,2012,92500,0,2026,9,17
동작구,노량진동,형인한강,76.05,13,2001,53000,0,2026,9,10
동작구,노량진동,한강더퍼스트타워,18.28,13,2026,9700,56,2026,9,17
동작구,노량진동,한강더퍼스트타워,18.28,15,2026,7300,66,2026,9,17
동작구,신대방동,동작상떼빌,84.98,20,2006,18000,220,2026,9,12
동작구,상도동,두산위브트레지움2차,59.7852,17,2016,39110,0,2026,9,17
동작구,신대방동,우성1차,84.99,13,1988,55650,0,2026,9,17
동작구,사당동,래미안로이파크,59.98,3,2018,24322,36,2026,9,17
동작구,노량진동,한강더퍼스트타워,18.28,13,2026,8500,61,2026,9,17
동작구,상도동,힐스테이트 상도 센트럴파크,59.7686,5,2012,40000,155,2026,9,17
동작구,본동,신동아,84.46,2,1993,45200,0,2026,9,1
동작구,상도동,힐스테이트 상도 프레스티지,84.951,3,2013,85000,0,2026,9,8
동작구,대방동,대방동현대,84.96,14,1994,70000,0,2026,9,8
동작구,대방동,진성마블로스,14.134,8,2011,9000,20,2026,9,17
동작구,대방동,현대홈타운2,59.89,5,1999,30000,80,2026,9,15
동작구,노량진동,한강더퍼스트타워,18.28,5,2026,7100,52,2026,9,16
동작구,사당동,래미안로이파크,123.98,8,2018,115500,0,2026,9,16
동작구,흑석동,아크로리버하임,84.9108,3,2019,120750,0,2026,9,3
동작구,신대방동,롯데낙천대,80.2422,12,2003,50100,70,2026,9,16
동작구,노량진동,한강더퍼스트타워,18.28,23,2026,9700,56,2026,9,17
동작구,사당동,사당자이,84.49,17,1999,60900,0,2026,9,15
동작구,사당동,두산위브트레지움,59.9893,4,2011,44835,0,2026,9,17
동작구,노량진동,신동아리버파크,59.67,13,2001,60000,0,2026,9,12
동작구,흑석동,흑석한강센트레빌Ⅱ,84.951,7,2012,87000,0,2026,9,15
동작구,본동,경동윈츠리버,56.68,4,2004,57000,0,2026,9,16
동작구,상도동,상도효성해링턴플레이스,84.8136,20,2016,70300,0,2026,9,14
동작구,흑석동,흑석한강센트레빌Ⅱ,84.99,1,2012,10000,340,2026,9,16
동작구,노량진동,더써밋타워,17.84,5,2024,7400,33,2026,9,16
동작구,노량진동,한강더퍼스트타워,18.28,6,2026,7100,52,2026,9,8
동작구,상도동,힐스테이트 상도 프레스티지,84.951,14,2013,84000,0,2026,9,16
동작구,사당동,이수푸르지오더프레티움,51.9683,5,2021,21650,30,2026,9,15
동작구,사당동,이수푸르지오더프레티움,51.9683,10,2021,20860,34,2026,9,15
동작구,본동,삼성래미안,114.9855,16,2004,86000,0,2026,9,6
동작구,대방동,주공2,58.65,12,1995,45000,0,2026,9,16
동작구,노량진동,우성,84.96,12,1997,77000,0,2026,9,9
동작구,상도동,중앙하이츠빌,84.9883,1,2003,76000,0,2026,9,9
동작구,노량진동,한강더퍼스트타워,18.28,4,2026,8200,47,2026,9,16
동작구,신대방동,우성1차,66.69,12,1988,47250,0,2026,9,16
동작구,동작동,이수스위첸포레힐즈,84.97,4,2022,50000,160,2026,9,2
동작구,노량진동,한강더퍼스트타워,18.01,14,2026,9700,56,2026,9,12
동작구,상도동,상도푸르지오클라베뉴,84.9198,8,2024,64050,0,2026,9,15
동작구,사당동,래미안로이파크,84.98,15,2018,105000,0,2026,9,16
동작구,대방동,진성마블로스,14.4,4,2011,11500,18,2026,9,8
동작구,흑석동,흑석리버파크자이,84.99,15,2025,105000,0,2026,9,16
동작구,사당동,대림(169-8),84.91,13,1990,67000,0,2026,9,10
동작구,사당동,이수역리가,84.9604,7,2013,66000,72,2026,9,15
동작구,노량진동,한강더퍼스트타워,18.28,18,2026,9700,56,2026,9,12
동작구,흑석동,한강현대,83.475,1,1988,57750,0,2026,9,11
동작구,대방동,대림아파트,59.84,15,1993,50000,30,2026,9,12
동작구,상도동,중앙하이츠빌,84.9794,7,2003,49000,20,2026,9,15
동작구,상도동,중앙하이츠빌,123.6025,17,2003,74800,0,2026,9,5
동작구,상도동,힐스테이트 상도 프레스티지,84.951,10,2013,91000,0,2026,9,15
동작구,사당동,극동(105),109.7,17,1993,20000,200,2026,9,12
동작구,사당동,사당우성3,84.66,10,1993,65000,0,2026,9,15
동작구,상도동,상도역롯데캐슬파크엘,59.9818,10,2021,80000,0,2026,9,14
동작구,노량진동,한강더퍼스트타워,18.01,21,2026,9700,56,2026,9,12
동작구,상도동,힐스테이트 상도 센트럴파크,84.7835,15,2012,55100,126,2026,9,10
동작구,흑석동,흑석리버파크자이,84.99,18,2025,110000,0,2026,9,13
동작구,흑석동,명수대현대,84.33,3,1988,75000,0,2026,9,15
동작구,상도동,상도푸르지오클라베뉴,74.9953,6,2024,67200,0,2026,9,3
동작구,노량진동,한강더퍼스트타워,18.28,23,2026,9700,56,2026,9,2
동작구,흑석동,흑석리버파크자이,84.94,10,2025,63000,150,2026,9,12
동작구,노량진동,한강더퍼스트타워,18.28,21,2026,7300,66,2026,9,10
동작구,노량진동,한강더퍼스트타워,18.28,20,2026,9700,56,2026,9,12
동작구,노량진동,한강더퍼스트타워,18.28,8,2026,9700,56,2026,9,12
동작구,노량진동,한강더퍼스트타워,18.28,17,2026,9700,56,2026,9,11
동작구,상도동,현대(관악),84.78,2,1992,51450,0,2026,9,12
동작구,사당동,사당자이,60,6,1999,57000,0,2026,9,12
동작구,대방동,(99-1),63.925,4,2001,39000,0,2026,9,11
동작구,사당동,대림(169-8),84.91,13,1990,67000,0,2026,9,10
동작구,노량진동,한강더퍼스트타워,18.28,11,2026,9700,56,2026,9,12
동작구,상도동,상도푸르지오클라베뉴,74.9953,7,2024,68250,0,2026,9,14
동작구,노량진동,한강더퍼스트타워,18.28,22,2026,9700,56,2026,9,14
동작구,대방동,대방동현대,59.84,5,1994,40241,0,2026,9,13
동작구,노량진동,한강더퍼스트타워,18.28,17,2026,9700,56,2026,9,12
동작구,흑석동,명수대현대,124.95,14,1988,90000,40,2026,9,14
동작구,신대방동,보라매e편한세상,133.3,9,2010,100000,0,2026,9,14
동작구,사당동,극동(105),46.75,12,1993,49000,0,2026,9,14
동작구,노량진동,더클래식동작,14.23,15,2020,5318,47,2026,9,14
동작구,노량진동,한강더퍼스트타워,18.28,19,2026,9700,56,2026,9,10
동작구,노량진동,한강더퍼스트타워,18.28,21,2026,7300,66,2026,9,10
동작구,흑석동,흑석리버파크자이,84.99,18,2025,60000,180,2026,9,14
동작구,노량진동,신동아리버파크,59.67,11,2001,58000,0,2026,9,12
동작구,사당동,사당우성2,59.89,7,1993,61000,0,2026,9,13
동작구,상도동,힐스테이트 상도 프레스티지,120.936,4,2013,120000,0,2026,9,12
동작구,노량진동,한강더퍼스트타워,18.28,4,2026,6100,56,2026,9,12
동작구,대방동,주공2,59.97,11,1995,44000,40,2026,9,12
동작구,신대방동,동작협성휴포레시그니처,84.9464,14,2022,63800,0,2026,9,12
동작구,상도동,힐스테이트 상도 프레스티지,84.953,6,2013,91000,0,2026,9,12
동작구,사당동,삼성아파트,84.531,3,2006,60000,0,2026,9,12
동작구,상도동,이수브라운스톤상도(527-0),84.99,6,2007,78000,0,2026,9,13
동작구,상도동,상도푸르지오클라베뉴,84.6246,1,2024,70000,0,2026,9,4
동작구,흑석동,흑석한강센트레빌Ⅱ,84.951,10,2012,10000,365,2026,9,13
동작구,상도동,상도푸르지오클라베뉴,59.8166,16,2024,65100,0,2026,9,7
동작구,대방동,성원,84.32,26,1994,79500,0,2026,9,12
동작구,노량진동,우성,59.82,1,1997,55000,0,2026,9,13
동작구,노량진동,한강더퍼스트타워,18.28,22,2026,9700,56,2026,9,11
동작구,사당동,대림(169-8),84.91,13,1990,67000,0,2026,9,10
동작구,상도동,두산위브트레지움2차,84.8624,12,2016,60000,100,2026,9,11
동작구,본동,신동아,59.89,10,1993,44100,0,2026,9,11
동작구,노량진동,한강더퍼스트타워,18.28,13,2026,9700,56,2026,9,11
동작구,흑석동,흑석한강푸르지오,84.98,5,2012,80000,0,2026,9,11
동작구,흑석동,흑석한강센트레빌,84.89,9,2011,90300,0,2026,9,11
동작구,사당동,대림(169-8),84.91,7,1990,68250,0,2026,9,10
동작구,노량진동,신동아리버파크,84.88,9,2001,20000,200,2026,9,11
동작구,사당동,삼성래미안,114.502,5,2003,90000,0,2026,9,11
동작구,사당동,대림(169-8),84.91,14,1990,66000,0,2026,9,11
동작구,노량진동,한강더퍼스트타워,18.28,7,2026,8200,47,2026,9,7
동작구,사당동,이수역리가,84.9827,9,2013,85000,0,2026,9,9
동작구,노량진동,한강더퍼스트타워,18.28,5,2026,8200,47,2026,9,6
동작구,동작동,이수힐스테이트,84.9817,12,2013,81800,0,2026,9,9
동작구,노량진동,한강더퍼스트타워,18.28,17,2026,9700,56,2026,9,7
동작구,노량진동,한강더퍼스트타워,18.28,23,2026,7300,66,2026,9,10
동작구,상도동,이수브라운스톤상도(527-0),59.94,7,2007,70000,0,2026,9,11
동작구,노량진동,한강더퍼스트타워,18.28,11,2026,9700,56,2026,9,4
동작구,사당동,경남아너스빌(대아3),42.63,1,1998,38000,10,2026,9,10
동작구,상도동,e편한세상상도노빌리티,84.8746,18,2018,55000,160,2026,9,10
동작구,상도동,힐스테이트 상도 센트럴파크,84.6099,12,2012,40000,200,2026,9,9
동작구,상도동,상도푸르지오클라베뉴,84.9198,4,2024,30000,168,2026,9,11
동작구,노량진동,한강더퍼스트타워,18.28,11,2026,9700,56,2026,9,10
동작구,사당동,신동아4,118.25,1,1993,30000,170,2026,9,10
동작구,상도동,두산위브트레지움2차,59.7852,6,2016,69300,0,2026,9,10
동작구,노량진동,한강더퍼스트타워,18.28,5,2026,8200,47,2026,9,6
동작구,상도동,e편한세상상도노빌리티,59.7827,25,2018,84000,0,2026,9,10
동작구,노량진동,한강더퍼스트타워,18.28,9,2026,9700,56,2026,9,10
동작구,노량진동,우성,59.82,15,1997,55000,0,2026,9,5
동작구,노량진동,우성,59.82,6,1997,56000,0,2026,9,10
동작구,사당동,사당우성3,46.75,9,1993,4000,150,2026,9,10
동작구,신대방동,벽산,59.76,3,1997,65000,0,2026,9,10
동작구,대방동,주공2,59.97,2,1995,52500,0,2026,9,4
동작구,사당동,사당우성3,108.08,2,1993,20000,192,2026,9,5
동작구,노량진동,한강더퍼스트타워,18.28,14,2026,8500,61,2026,9,2
동작구,사당동,대림(169-8),125.4,2,1990,73000,0,2026,9,10
동작구,노량진동,신동아리버파크,59.67,9,2001,20000,150,2026,9,5
동작구,대방동,진성마블로스,14.134,7,2011,1000,60,2026,9,5
동작구,신대방동,현대,84.57,12,1996,51750,10,2026,9,9
동작구,상도동,힐스테이트 상도 센트럴파크,84.6099,10,2012,83000,35,2026,9,2
동작구,상도동,래미안상도3차,84.96,3,2004,79000,0,2026,9,9
동작구,사당동,사당우성3,46.75,14,1993,41800,0,2026,9,3
동작구,상도동,힐스테이트 상도 센트럴파크,59.7754,7,2012,30000,160,2026,9,5
동작구,사당동,스타팰리스이수,36,4,2026,11900,108,2026,9,9
동작구,노량진동,한강더퍼스트타워,18.28,18,2026,9700,56,2026,9,4
동작구,대방동,대림아파트,59.84,15,1993,44000,0,2026,9,9
동작구,노량진동,한강더퍼스트타워,18.28,5,2026,8200,47,2026,9,7
동작구,노량진동,한강더퍼스트타워,18.28,12,2026,9700,56,2026,9,7
동작구,노량진동,한강더퍼스트타워,18.28,15,2026,7300,66,2026,9,7
동작구,신대방동,동작협성휴포레시그니처,84.9869,13,2022,83000,0,2026,9,5
동작구,대방동,주공2,58.65,8,1995,58000,0,2026,9,7
동작구,흑석동,롯데캐슬에듀포레,59.8718,9,2018,86000,0,2026,9,9
동작구,대방동,대림아파트,84.92,18,1993,90000,0,2026,9,8
동작구,사당동,신동아4,59.89,10,1993,56000,0,2026,9,9
동작구,상도동,건영,32.8,14,1997,4000,80,2026,9,8
동작구,사당동,사당우성3,108.08,15,1993,63000,0,2026,9,5
동작구,노량진동,한강더퍼스트타워,18.28,20,2026,9700,56,2026,9,6
동작구,노량진동,한강더퍼스트타워,36.62,18,2026,16000,90,2026,9,5
동작구,흑석동,흑석한강푸르지오,84.98,9,2012,77500,0,2026,9,8
동작구,사당동,제일,60.03,9,1987,9000,120,2026,9,7
동작구,상도동,상도파크자이,59.978,6,2016,72000,0,2026,9,5
동작구,사당동,삼성아파트,40.759,8,2006,40000,0,2026,9,6
동작구,상도동,상도파크자이,84.918,22,2016,13000,350,2026,9,8
동작구,노량진동,한강더퍼스트타워,18.28,21,2026,8500,61,2026,9,8
동작구,상도동,래미안상도3차,84.96,7,2004,82000,0,2026,9,4
동작구,흑석동,롯데캐슬에듀포레,84.9732,16,2018,91350,0,2026,9,5
동작구,신대방동,한성아파트,59.87,18,1995,30000,90,2026,9,7
동작구,흑석동,청호,33.84,1,1997,1239,13,2026,9,8
동작구,흑석동,한강현대,83.475,12,1988,70000,0,2026,9,7
동작구,흑석동,청호,33.84,4,1997,1234,13,2026,9,7
동작구,사당동,이수푸르지오더프레티움,84.9885,8,2021,10000,400,2026,9,3
동작구,흑석동,청호,33.84,4,1997,1247,13,2026,9,7
동작구,사당동,사당우성3,46.75,13,1993,39900,0,2026,9,5
동작구,상도동,현대(관악),84.78,2,1992,52500,0,2026,9,7
동작구,상도동,상도휴엔하임,14.7,10,2016,1500,70,2026,9,2
동작구,흑석동,청호,33.84,2,1997,1239,13,2026,9,7
동작구,상도동,현산푸른숲,82.6,3,2007,20000,85,2026,9,3
동작구,사당동,신동아4,59.89,9,1993,30000,110,2026,9,7
동작구,흑석동,명수대현대,84.33,1,1988,68000,0,2026,9,4
동작구,상도동,상도푸르지오클라베뉴,84.9198,16,2024,30000,170,2026,9,5
동작구,노량진동,한강더퍼스트타워,18.28,7,2026,8200,47,2026,9,6
동작구,흑석동,한강현대,83.475,5,1988,56700,0,2026,9,5
동작구,노량진동,한강더퍼스트타워,36.62,21,2026,12000,105,2026,9,5
동작구,노량진동,한강더퍼스트타워,18.28,14,2026,9700,56,2026,9,5
동작구,노량진동,한강더퍼스트타워,18.28,6,2026,8200,47,2026,9,7
동작구,노량진동,한강더퍼스트타워,18.28,10,2026,8500,61,2026,9,5
동작구,노량진동,건영(103동-106동),114.96,13,1997,62512,0,2026,9,7
동작구,노량진동,한강더퍼스트타워,18.28,21,2026,9700,56,2026,9,6
동작구,노량진동,한강더퍼스트타워,18.28,11,2026,9700,56,2026,9,5
동작구,노량진동,한강더퍼스트타워,18.28,5,2026,8200,47,2026,9,7
동작구,노량진동,우성,59.82,1,1997,46100,0,2026,9,4
동작구,노량진동,한강더퍼스트타워,18.28,4,2026,8200,47,2026,9,5
동작구,상도동,래미안상도3차,59.97,13,2004,67000,0,2026,9,5
동작구,신대방동,보라매자이더포레스트,59.8807,30,2021,83000,0,2026,9,4
동작구,사당동,대성유니드,84.93,6,2009,72000,0,2026,9,5
동작구,흑석동,청호,33.84,5,1997,1247,13,2026,9,7
동작구,흑석동,청호,33.84,5,1997,1234,13,2026,9,7
동작구,상도동,힐스테이트 상도 센트럴파크,84.6099,5,2012,10000,320,2026,9,5
동작구,대방동,대방동현대,84.96,15,1994,100,70,2026,9,1
동작구,흑석동,흑석한강센트레빌Ⅱ,119.727,10,2012,99750,0,2026,9,5
동작구,사당동,스톤하우스,28.77,4,2016,22800,14,2026,9,5
동작구,상도동,포스코더샵,59.99,4,2007,75000,0,2026,9,6
동작구,흑석동,흑석리버파크자이,84.96,9,2025,20000,0,2026,9,5
동작구,상도동,상도동삼호아파트,84.52,5,1994,52500,0,2026,9,5
동작구,상도동,씨티아모리움,12.7071,6,2012,1000,60,2026,9,5
동작구,상도동,포스코더샵,59.99,8,2007,73000,0,2026,9,5
동작구,사당동,래미안로이파크,84.98,18,2018,103000,0,2026,9,3
동작구,노량진동,한강더퍼스트타워,18.28,11,2026,9700,56,2026,9,3
동작구,신대방동,동작협성휴포레시그니처,84.9869,7,2022,68200,13,2026,9,4
동작구,사당동,경남아너스빌1차,59.9,15,1997,51500,0,2026,9,4
동작구,상도동,상도동삼호아파트,114.63,12,1994,57000,10,2026,9,4
동작구,본동,신동아,59.89,8,1993,15000,80,2026,9,4
동작구,상도동,상도파크자이,71.252,1,2016,95000,0,2026,9,4
동작구,사당동,대림(169-8),84.91,1,1990,60000,0,2026,9,1
동작구,흑석동,흑석한강푸르지오,38.09,9,2012,2371,13,2026,9,4
동작구,노량진동,한강더퍼스트타워,18.28,13,2026,9700,56,2026,9,3
동작구,상도동,힐스테이트 상도 센트럴파크,84.6099,9,2012,60000,115,2026,9,2
동작구,노량진동,쌍용예가,59.804,5,2010,60000,40,2026,9,4
동작구,사당동,현대주택조합,84.99,8,1993,30000,70,2026,9,4
동작구,노량진동,한강더퍼스트타워,18.28,10,2026,9700,56,2026,9,2
동작구,상도동,상도동래미안1차,84.959,19,2004,63000,0,2026,9,3
동작구,상도동,힐스테이트 상도 프레스티지,84.951,12,2013,90000,0,2026,9,3
동작구,노량진동,한강더퍼스트타워,18.28,9,2026,9700,56,2026,9,3
동작구,노량진동,한강더퍼스트타워,18.28,23,2026,9700,56,2026,9,3
동작구,흑석동,흑석한강센트레빌,84.84,3,2011,100000,0,2026,9,3
동작구,흑석동,흑석리버파크자이,84.94,8,2025,30000,330,2026,9,3
동작구,사당동,대림(169-8),84.91,3,1990,50000,100,2026,9,2
동작구,노량진동,한강더퍼스트타워,18.28,16,2026,9700,56,2026,9,3
동작구,상도동,중앙하이츠빌,59.9388,9,2003,63000,0,2026,9,3
동작구,대방동,한국개나리,59.85,2,1997,44500,0,2026,9,2
동작구,사당동,극동(105),109.7,15,1993,65100,0,2026,9,3
동작구,노량진동,한강더퍼스트타워,18.28,12,2026,9700,56,2026,9,2
동작구,본동,래미안트윈파크,84.76,22,2011,96000,0,2026,9,2
동작구,노량진동,한강더퍼스트타워,18.28,16,2026,9700,56,2026,9,2
동작구,노량진동,더써밋타워,33.56,12,2024,13100,55,2026,9,2
동작구,대방동,대방파크빌,35.24,3,2018,1403,18,2026,9,2
동작구,흑석동,한강현대,83.475,7,1988,68000,0,2026,9,2
동작구,상도동,힐스테이트 상도 센트럴파크,84.6099,9,2012,60000,115,2026,9,2
동작구,노량진동,삼익,84.68,15,2001,65000,0,2026,9,1
동작구,사당동,사당롯데캐슬골든포레,84.9787,2,2021,83000,0,2026,9,1
동작구,대방동,대방파크빌,35.22,2,2018,1354,18,2026,9,2
동작구,대방동,대방파크빌,29.99,5,2018,1197,16,2026,9,2
동작구,신대방동,현대,84.57,7,1996,54000,0,2026,9,2
동작구,신대방동,동작협성휴포레시그니처,84.9869,19,2022,68000,0,2026,9,2
동작구,대방동,대림아파트,59.84,9,1993,10000,210,2026,9,2
동작구,사당동,사당우성3,118.25,6,1993,15000,240,2026,9,1
동작구,노량진동,필하우스(OH빌딩),12.0378,6,2012,1000,57,2026,9,1
관악구,봉천동,봉천동아,59.76,10,2000,49500,0,2026,9,7
관악구,신림동,힐스테이트뉴포레,59.9882,6,2022,73000,0,2026,9,16
관악구,신림동,신림현대,59.85,13,1993,37000,0,2026,9,3
관악구,신림동,삼성산주공(주공3단지),113.31,12,2000,46000,0,2026,9,12
관악구,신림동,관악산휴먼시아2단지,59.99,8,2008,23000,67,2026,9,5
관악구,봉천동,낙성대현대아파트,61.74,4,1988,5000,180,2026,9,13
관악구,봉천동,두산,114.99,3,2000,80000,0,2026,9,23
관악구,봉천동,관악캠퍼스타워,25.86,16,1998,1000,87,2026,9,22
관악구,신림동,한라타운아파트,79.7905,3,2001,40000,0,2026,9,2
관악구,봉천동,(854-3),15.75,8,2022,6000,38,2026,9,23
관악구,봉천동,관악드림(삼성),60,5,2003,55000,0,2026,9,7
관악구,신림동,힐스테이트뉴포레,59.9882,23,2022,20000,210,2026,9,19
관악구,신림동,유벤투스240,18.6929,11,2025,10000,42,2026,9,23
관악구,봉천동,벽산블루밍,84.99,2,2005,50400,0,2026,9,19
관악구,신림동,신림현대,105.36,13,1993,39500,75,2026,9,20
관악구,봉천동,새진5차,84.93,3,2005,41900,30,2026,9,9
관악구,봉천동,관악드림(동아),84.96,15,2003,70000,0,2026,9,22
관악구,봉천동,벽산블루밍,59.99,16,2005,5000,190,2026,9,5
관악구,봉천동,푸르빌,102.61,2,2002,18000,95,2026,9,16
관악구,봉천동,(854-3),15.75,4,2022,6000,39,2026,9,22
관악구,봉천동,현대(관악),68.8,6,1992,10000,150,2026,9,14
관악구,신림동,관악산휴먼시아2단지,84.97,6,2008,48000,0,2026,9,22
관악구,봉천동,관악푸르지오,84.75,2,2004,10000,210,2026,9,19
관악구,남현동,우림루미아트,84.53,1,2004,40000,130,2026,9,10
관악구,신림동,국제산장,84.15,5,1993,33000,0,2026,9,19
관악구,신림동,그대家,59.6,4,2003,720,50,2026,9,20
관악구,봉천동,관악드림(동아),84.96,6,2003,30000,140,2026,9,19
관악구,신림동,힐스테이트뉴포레,59.9882,18,2022,73000,0,2026,9,18
관악구,봉천동,벽산블루밍,59.99,5,2005,57000,0,2026,9,21
관악구,봉천동,관악푸르지오,59.58,21,2004,10000,180,2026,9,19
관악구,봉천동,봉천동아,59.76,10,2000,49500,0,2026,9,7
관악구,봉천동,관악드림(삼성),84.96,17,2003,65100,0,2026,9,12
관악구,봉천동,관악동부센트레빌,59.75,6,2004,10000,195,2026,9,5
관악구,봉천동,현대(관악),116.72,10,1992,65000,0,2026,9,12
관악구,봉천동,보라매우성,58.86,7,1995,43500,0,2026,9,19
관악구,신림동,힐스테이트뉴포레,59.9882,20,2022,75000,0,2026,9,18
관악구,신림동,LIG대학마을(건영아파트3차),84.82,2,1996,52000,0,2026,9,21
관악구,봉천동,벽산타운II,57.36,3,2003,42000,0,2026,9,19
관악구,봉천동,관악푸르지오,59.58,13,2004,52000,0,2026,9,10
관악구,봉천동,벽산블루밍,59.99,3,2005,45100,0,2026,9,19
관악구,신림동,중앙힐101동,83.84,2,2001,30000,0,2026,9,16
관악구,신림동,벽산블루밍,84.98,15,2005,40000,40,2026,9,18
관악구,신림동,래디앙아파트,67.88,1,2016,40000,0,2026,9,19
관악구,봉천동,더갤러리테라스,53.22,4,2016,10000,100,2026,9,15
관악구,봉천동,관악동부센트레빌,59.75,10,2004,4000,228,2026,9,18
관악구,봉천동,서울대입구아이원(1560-61),113.53,8,2006,28000,175,2026,9,21
관악구,봉천동,벽산블루밍3차,83.87,4,2004,60000,0,2026,9,19
관악구,신림동,힐스테이트뉴포레,44.9796,9,2022,45000,28,2026,9,18
관악구,봉천동,관악푸르지오,84.75,12,2004,67000,0,2026,9,19
관악구,신림동,유벤투스240,18.6929,12,2025,10000,42,2026,9,19
관악구,봉천동,관악푸르지오,59.58,5,2004,56000,0,2026,9,19
관악구,봉천동,봉천동아,59.76,19,2000,50000,0,2026,9,19
관악구,신림동,건영1,60.27,12,1984,35000,0,2026,9,18
관악구,봉천동,관악드림(동아),84.96,7,2003,58800,0,2026,9,17
관악구,봉천동,관악드림(삼성),84.96,15,2003,45000,90,2026,9,18
관악구,신림동,힐스테이트뉴포레,59.9882,23,2022,54000,80,2026,9,18
관악구,봉천동,Q타워,22.17,20,2016,10000,45,2026,9,15
관악구,봉천동,건영6,49.21,4,1999,26000,74,2026,9,13
관악구,신림동,LIG대학마을(건영아파트3차),58.9,10,1996,5000,74,2026,9,17
관악구,봉천동,관악드림(삼성),60,13,2003,12000,170,2026,9,17
관악구,신림동,센터스퀘어서울대점,26.55,5,2024,9800,46,2026,9,10
관악구,신림동,유벤투스240,18.6929,19,2025,7100,55,2026,9,17
관악구,신림동,관악산휴먼시아1단지,114.7,10,2008,57000,0,2026,9,9
관악구,신림동,관악산휴먼시아2단지,59.96,3,2008,20000,100,2026,9,17
관악구,신림동,신림현대,34.86,6,1993,5000,70,2026,9,16
관악구,봉천동,두산,84.92,3,2000,30000,115,2026,9,17
관악구,봉천동,봉천우성,114.78,6,2000,55000,40,2026,9,12
관악구,봉천동,e편한세상서울대입구1단지,84.97,12,2019,86000,0,2026,9,5
관악구,신림동,힐스테이트뉴포레,59.9882,6,2022,73000,0,2026,9,16
관악구,신림동,LIG대학마을(건영아파트3차),58.9,1,1996,5000,140,2026,9,1
관악구,신림동,신림푸르지오,84.79,13,2005,75000,0,2026,9,16
관악구,봉천동,닷컴힐즈(1653-3),49.01,10,2023,10000,200,2026,9,4
관악구,신림동,힐스테이트뉴포레,59.9882,19,2022,73000,0,2026,9,9
관악구,봉천동,관악드림(동아),60,3,2003,10000,170,2026,9,16
관악구,봉천동,관악드림(동아),84.96,13,2003,60900,0,2026,9,16
관악구,봉천동,서희스타힐스,84.93,8,2015,10000,200,2026,9,12
관악구,신림동,최강타워,18.89,7,2023,5800,43,2026,9,16
관악구,봉천동,현대(관악),84.74,5,1992,50000,40,2026,9,16
관악구,봉천동,쁘띠그린힐,35.27,8,2015,4000,100,2026,9,16
관악구,신림동,힐스테이트뉴포레,59.9882,18,2022,20000,200,2026,9,6
관악구,신림동,동마,59.99,2,1995,11500,75,2026,9,11
관악구,봉천동,e편한세상서울대입구2차,84.31,10,2020,15000,225,2026,9,16
관악구,봉천동,두산,84.87,5,2000,75000,0,2026,9,16
관악구,신림동,힐스테이트뉴포레,44.9796,3,2022,50000,0,2026,9,15
관악구,신림동,힐스테이트뉴포레,59.9986,21,2022,28000,160,2026,9,4
관악구,신림동,힐스테이트뉴포레,59.9986,28,2022,15000,230,2026,9,3
관악구,봉천동,e편한세상서울대입구2차,84.31,5,2020,75000,0,2026,9,14
관악구,봉천동,현대(관악),68.8,5,1992,39270,0,2026,9,11
관악구,신림동,유벤투스240,18.6929,9,2025,10000,42,2026,9,12
관악구,봉천동,관악푸르지오,59.58,24,2004,50000,0,2026,9,5
관악구,신림동,힐스테이트뉴포레,44.9796,3,2022,50000,0,2026,9,15
관악구,봉천동,e편한세상서울대입구1단지,59.9,17,2019,40000,130,2026,9,1
관악구,신림동,삼성산주공(주공3단지),113.31,12,2000,46000,0,2026,9,12
관악구,신림동,힐스테이트뉴포레,59.9882,16,2022,74000,0,2026,9,14
관악구,신림동,관악산휴먼시아1단지,59.96,5,2008,40425,0,2026,9,14
관악구,신림동,힐스테이트뉴포레,59.9986,19,2022,74000,0,2026,9,14
관악구,신림동,관악산휴먼시아1단지,114.7,7,2008,50000,30,2026,9,14
관악구,신림동,관악산휴먼시아2단지,59.96,11,2008,43000,0,2026,9,12
관악구,봉천동,현대(관악),58.59,2,1992,42000,0,2026,9,11
관악구,신림동,앰팰리스아파트,72.687,8,2020,52000,0,2026,9,12
관악구,신림동,신림현대,34.86,3,1993,27000,0,2026,9,14
관악구,신림동,힐스테이트뉴포레,59.9882,6,2022,70000,0,2026,9,12
관악구,봉천동,e편한세상서울대입구2차,59.85,9,2020,70000,0,2026,9,12
관악구,봉천동,반석푸른숲,58.67,10,2006,44830,0,2026,9,9
관악구,신림동,건영4,84.71,18,1997,47150,0,2026,9,12
관악구,봉천동,현대(관악),84.74,4,1992,54600,0,2026,9,12
관악구,봉천동,e편한세상서울대입구2차,84.31,13,2020,20000,224,2026,9,11
관악구,봉천동,관악푸르지오,59.58,4,2004,47250,0,2026,9,11
관악구,신림동,관악산휴먼시아2단지,59.99,7,2008,41500,0,2026,9,12
관악구,봉천동,현대(관악),68.8,4,1992,46700,0,2026,9,12
관악구,봉천동,관악푸르지오,59.58,11,2004,10000,180,2026,9,12
관악구,봉천동,보라매삼성,84.84,7,1996,58000,0,2026,9,13
관악구,봉천동,벽산타운II,79.28,8,2003,57000,0,2026,9,11
관악구,봉천동,벽산블루밍,84.99,18,2005,65000,0,2026,9,12
관악구,봉천동,벽산블루밍,84.99,1,2005,58800,0,2026,9,12
관악구,봉천동,봉천우성,59.76,8,2000,45600,0,2026,9,12
관악구,봉천동,봉천동아,59.76,20,2000,48000,0,2026,9,12
관악구,봉천동,힐스테이트관악센트씨엘,42.98,7,2024,3429,22,2026,9,13
관악구,남현동,예성2차그린캐슬,84.33,3,2004,28000,72,2026,9,11
관악구,봉천동,반석푸른숲,58.67,9,2006,37000,50,2026,9,11
관악구,신림동,힐스테이트뉴포레,59.9882,25,2022,21000,158,2026,9,10
관악구,봉천동,현대(관악),116.86,11,1992,20000,160,2026,9,11
관악구,봉천동,마에스트로캠퍼스타운,14.49,13,2012,5000,40,2026,9,4
관악구,신림동,유벤투스240,18.6929,6,2025,10000,42,2026,9,11
관악구,봉천동,현대(관악),116.72,6,1992,30000,100,2026,9,10
관악구,봉천동,e편한세상서울대입구1단지,84.98,1,2019,10000,264,2026,9,9
관악구,봉천동,e편한세상서울대입구1단지,84.93,16,2019,84000,0,2026,9,10
관악구,봉천동,서희스타힐스,59.92,9,2015,58000,0,2026,9,10
관악구,봉천동,e편한세상서울대입구1단지,59.9,18,2019,6000,200,2026,9,9
관악구,봉천동,벽산블루밍,59.99,6,2005,25000,135,2026,9,10
관악구,신림동,유벤투스240,32.8055,18,2025,15000,41,2026,9,10
관악구,신림동,삼성산주공(주공3단지),113.31,24,2000,45150,0,2026,9,7
관악구,남현동,다청림라인씨티,32.15,6,2016,19000,57,2026,9,9
관악구,신림동,관악산휴먼시아1단지,114.7,10,2008,57000,0,2026,9,9
관악구,봉천동,현대(관악),105.84,6,1992,65000,0,2026,9,2
관악구,봉천동,관악드림(삼성),84.96,2,2003,51000,50,2026,9,9
관악구,신림동,라이프미성,73.29,1,1982,8000,80,2026,9,9
관악구,봉천동,e편한세상서울대입구1단지,84.97,12,2019,82000,0,2026,9,5
관악구,신림동,라이프미성,71.31,6,1982,5000,80,2026,9,5
관악구,신림동,최강타워,39.97,22,2023,14944,23,2026,9,9
관악구,신림동,힐스테이트뉴포레,59.9882,4,2022,50000,63,2026,9,9
관악구,봉천동,e편한세상서울대입구1단지,84.93,9,2019,80000,0,2026,9,9
관악구,봉천동,서울대입구삼성,59.78,7,1999,53000,0,2026,9,9
관악구,봉천동,관악드림(삼성),84.96,1,2003,50000,30,2026,9,9
관악구,봉천동,관악파크푸르지오,84.99,20,2014,67000,0,2026,9,9
관악구,신림동,관악산휴먼시아2단지,84.97,17,2008,46500,20,2026,9,5
관악구,신림동,신림푸르지오,84.87,5,2005,25000,150,2026,9,1
관악구,신림동,동부,84.95,6,1993,30000,120,2026,9,8
관악구,봉천동,관악중앙하이츠포레,46.6783,6,2022,43000,0,2026,9,2
관악구,봉천동,봉천동아,84.87,8,2000,10000,210,2026,9,5
관악구,봉천동,e편한세상서울대입구2차,116.72,7,2020,1000,70,2026,9,3
관악구,신림동,유벤투스240,18.6929,3,2025,10000,42,2026,9,8
관악구,신림동,건영2,59.76,9,1988,29000,0,2026,9,8
관악구,봉천동,낙성대현대아파트,61.74,6,1988,7000,96,2026,9,8
관악구,신림동,청암두산위브센티움,83.64,15,2005,55000,0,2026,9,4
관악구,봉천동,e편한세상서울대입구2단지,84.92,3,2019,81000,0,2026,9,5
관악구,봉천동,관악드림(동아),60,19,2003,57000,0,2026,9,5
관악구,봉천동,e편한세상서울대입구1단지,59.96,15,2019,21000,175,2026,9,5
관악구,봉천동,관악푸르지오,59.58,6,2004,44000,50,2026,9,5
관악구,봉천동,두산,59.92,17,2000,3000,179,2026,9,1
관악구,남현동,네스코수피아아파트,47.54,7,2021,45000,20,2026,9,5
관악구,봉천동,관악드림(삼성),59.83,4,2003,52000,0,2026,9,5
관악구,봉천동,e편한세상서울대입구2차,84.31,13,2020,78000,0,2026,9,5
관악구,신림동,동부,60.38,9,1993,50000,0,2026,9,4
관악구,봉천동,봉천우성,84.96,25,2000,54600,0,2026,9,5
관악구,봉천동,봉천우성,59.76,22,2000,51000,0,2026,9,7
관악구,신림동,힐스테이트뉴포레,59.9882,4,2022,75000,0,2026,9,6
관악구,봉천동,관악드림(삼성),84.96,10,2003,65000,0,2026,9,5
관악구,봉천동,e편한세상서울대입구2단지,84.92,2,2019,6000,20,2026,9,3
관악구,봉천동,코스모블루,13.09,5,2012,2000,60,2026,9,5
관악구,봉천동,관악중앙하이츠포레,63.3633,1,2022,50000,0,2026,9,5
관악구,신림동,신림푸르지오,84.79,9,2005,52500,0,2026,9,7
관악구,신림동,초원,33.29,10,1999,1171,18,2026,9,7
관악구,봉천동,서울대입구아이원(1560-61),59.96,13,2006,63000,0,2026,9,5
관악구,신림동,힐스테이트뉴포레,44.9796,6,2022,13016,36,2026,9,7
관악구,봉천동,보라매삼성,84.84,15,1996,60000,0,2026,9,5
관악구,봉천동,관악푸르지오,59.58,24,2004,50000,0,2026,9,5
관악구,봉천동,금강아미움(103동),71.1203,7,2010,10000,160,2026,9,7
관악구,신림동,유벤투스240,32.8055,11,2025,15000,41,2026,9,5
관악구,신림동,힐스테이트뉴포레,59.9986,21,2022,28000,160,2026,9,4
관악구,봉천동,은천2단지아파트,59.93,3,2000,50000,0,2026,9,5
관악구,신림동,관악산휴먼시아2단지,59.96,6,2008,47000,0,2026,9,5
관악구,봉천동,더블유에스타워,19.63,12,2013,16000,0,2026,9,5
관악구,봉천동,마에스트로캠퍼스타운,14.49,6,2012,1000,60,2026,9,5
관악구,봉천동,봉천우성,114.78,5,2000,63000,0,2026,9,5
관악구,봉천동,현대(관악),116.86,7,1992,61950,0,2026,9,4
관악구,봉천동,현대(관악),58.59,1,1992,28941,0,2026,9,4
관악구,신림동,신림푸르지오,84.79,5,2005,61000,8,2026,9,1
관악구,봉천동,두산,59.92,11,2000,62000,0,2026,9,1
관악구,신림동,힐스테이트뉴포레,59.9986,28,2022,15000,230,2026,9,3
관악구,신림동,유벤투스240,32.8055,3,2025,12100,54,2026,9,3
관악구,봉천동,봉천우성,114.78,14,2000,30000,160,2026,9,3
관악구,신림동,힐스테이트뉴포레,59.9986,23,2022,10000,202,2026,9,3
관악구,신림동,신림푸르지오,84.79,6,2005,40000,100,2026,9,2
관악구,봉천동,더블유에스타워,19.63,15,2013,17500,0,2026,9,2
관악구,봉천동,벽산타운II,79.28,7,2003,15000,160,2026,9,2
관악구,봉천동,e편한세상서울대입구1단지,84.95,12,2019,85000,0,2026,9,2
관악구,봉천동,두산,114.99,12,2000,20000,240,2026,9,1
관악구,신림동,LIG대학마을(건영아파트3차),84.82,3,1996,52000,0,2026,9,1
관악구,신림동,신림푸르지오,114.84,14,2005,78000,0,2026,9,1
관악구,신림동,힐스테이트뉴포레,59.9986,10,2022,25100,43,2026,9,1
관악구,신림동,신림현대,59.85,9,1993,3000,110,2026,9,1
관악구,봉천동,해태보라매타워,59.94,14,1996,40000,0,2026,9,1
서초구,방배동,서리풀e편한세상,59.94,1,2010,75000,100,2026,9,12
서초구,서초동,동원베네스트아파트,120.81,2,2002,70000,140,2026,9,16
서초구,잠원동,신반포자이,59.93,24,2018,140000,0,2026,9,13
서초구,서초동,DK밸리뷰시티,26.58,12,2019,35700,0,2026,9,11
서초구,서초동,서초센트럴IPARK,80.5098,6,2020,127000,0,2026,9,8
서초구,서초동,서초교대e편한세상,59.9,6,2010,54841,0,2026,9,11
서초구,잠원동,신반포19,107.93,11,1982,70000,30,2026,9,19
서초구,방배동,대우(효령),84.91,1,1992,83000,0,2026,9,19
서초구,서초동,래미안 리더스원,84.93,4,2020,150000,0,2026,9,23
서초구,서초동,우성아파트,59.93,20,1998,85000,0,2026,9,21
서초구,반포동,래미안퍼스티지,198.22,15,2009,20000,760,2026,9,15
서초구,서초동,서초센트럴IPARK,80.5154,33,2020,65000,230,2026,9,12
서초구,반포동,래미안퍼스티지,222.76,2,2009,340000,0,2026,9,23
서초구,서초동,서초동삼성쉐르빌2,35.22,8,2002,27000,0,2026,9,19
서초구,방배동,바흐하우스반포캐슬,56.186,8,2024,80000,0,2026,9,23
서초구,우면동,서초네이처힐3단지,84.77,9,2013,55500,0,2026,9,23
서초구,반포동,반포래미안아이파크,99.92,6,2018,188000,0,2026,9,23
서초구,우면동,서초네이처힐6단지,49.91,1,2013,8865,18,2026,9,23
서초구,반포동,래미안퍼스티지,222.76,2,2009,357000,0,2026,9,23
서초구,반포동,반포미도,84.96,11,1987,57300,50,2026,9,22
서초구,방배동,서리풀e편한세상,84.97,14,2010,105000,115,2026,9,22
서초구,서초동,서초1차e-편한세상,130.53,3,2004,100000,0,2026,9,22
서초구,반포동,반포래미안아이파크,49.84,5,2018,15620,78,2026,9,23
서초구,우면동,한라,59.98,6,1994,44000,0,2026,9,16
서초구,반포동,체리빌리지,147.3,4,2004,0,730,2026,9,21
서초구,잠원동,반포르엘,84.3465,17,2022,190000,0,2026,9,17
서초구,반포동,반포자이,132.439,11,2009,80000,660,2026,9,22
서초구,신원동,힐스테이트서초젠트리스,101.9,9,2014,115000,0,2026,9,11
서초구,반포동,반포미도,84.96,3,1987,33900,200,2026,9,17
서초구,방배동,프리우스,75.32,8,2004,30000,101,2026,9,16
서초구,서초동,서초그랑자이,90.72,3,2021,194250,0,2026,9,17
서초구,잠원동,신반포2,68.91,12,1978,30000,60,2026,9,16
서초구,양재동,갤럭시타운,43.12,1,2001,27900,0,2026,9,23
서초구,방배동,프리우스,78.48,3,2004,67720,0,2026,9,17
서초구,반포동,반포써밋,110.2586,8,2018,188250,0,2026,9,9
서초구,방배동,예림,56.53,5,2003,25000,57,2026,9,8
서초구,우면동,서초힐스,74.95,11,2012,55000,50,2026,9,1
서초구,잠원동,신반포자이,84.97,18,2018,185000,0,2026,9,7
서초구,서초동,래미안 리더스원,84.93,20,2020,80000,340,2026,9,22
서초구,서초동,래미안 리더스원,84.94,9,2020,165000,0,2026,9,23
서초구,반포동,반포리체,106.148,5,2010,100000,160,2026,9,22
서초구,방배동,호산타워,18.58,4,2026,3000,130,2026,9,8
서초구,서초동,"마제스타시티(힐스테이트서리풀101,102동)",59.97,4,2017,70000,160,2026,9,9
서초구,서초동,래미안서초유니빌,45.255,9,2003,32000,0,2026,9,10
서초구,방배동,방배1차현대홈타운,59.94,7,1999,75000,0,2026,9,21
서초구,잠원동,신반포르엘,107.97,8,2023,230000,0,2026,9,23
서초구,잠원동,신반포청구,84.86,7,1998,114000,0,2026,9,12
서초구,우면동,서초네이처힐1단지,84.73,6,2012,30000,280,2026,9,21
서초구,방배동,한신트리플,39.31,5,2004,31500,0,2026,9,22
서초구,우면동,서초네이처힐1단지,84.73,5,2012,52092,0,2026,9,22
서초구,잠원동,래미안신반포팰리스,59.99,25,2016,69825,0,2026,9,22
서초구,서초동,래미안 리더스원,84.94,13,2020,162000,0,2026,9,12
서초구,서초동,동아아파트,25.04,9,2015,28850,0,2026,9,19
서초구,잠원동,신반포19,80.25,10,1982,60000,0,2026,9,19
서초구,반포동,반포래미안아이파크,59.95,13,2018,130000,0,2026,9,22
서초구,서초동,서초래미안,84.97,15,2003,90000,80,2026,9,19
서초구,반포동,현대동궁아파트,70.38,5,1991,63000,0,2026,9,22
서초구,반포동,반포미도,84.96,10,1987,90000,0,2026,9,22
서초구,서초동,CONEST,36.7828,6,2023,15400,70,2026,9,22
서초구,반포동,반포리체,59.993,26,2010,120750,0,2026,9,4
서초구,서초동,서린,85.43,6,2004,67000,0,2026,9,22
서초구,잠원동,강변,84.53,7,1987,90000,0,2026,9,18
서초구,반포동,반포써밋,59.3264,17,2018,80000,210,2026,9,19
서초구,잠원동,신반포자이,84.92,8,2018,40000,590,2026,9,12
서초구,서초동,CONEST,36.9698,17,2023,13200,60,2026,9,2
서초구,양재동,갤럭시타운,44.55,3,2001,30800,0,2026,9,7
서초구,서초동,헤센파크힐,20.66,4,2018,33500,14,2026,9,22
서초구,방배동,방배씨티(보성),74.16,3,2000,74000,0,2026,9,22
서초구,잠원동,신반포자이,98.45,16,2018,193000,0,2026,9,12
서초구,서초동,서초래미안,84.95,7,2003,105000,0,2026,9,21
서초구,양재동,양재리본타워,84.97,23,2014,46672,0,2026,9,22
서초구,서초동,삼풍아파트,79.47,8,1988,82000,0,2026,9,18
서초구,서초동,서초현대,54.45,4,1999,22000,150,2026,9,22
서초구,방배동,롯데캐슬아르떼,59.9742,15,2013,110000,0,2026,9,18
서초구,서초동,헤센파크힐,20.66,4,2018,34500,12,2026,9,21
서초구,잠원동,반포센트럴자이,98.99,30,2020,210000,0,2026,9,17
서초구,서초동,서초한일,84.98,1,1997,78750,0,2026,9,19
서초구,반포동,반포미도,84.96,1,1987,82400,0,2026,9,14
서초구,반포동,반포자이,244.543,8,2009,420000,0,2026,9,10
서초구,내곡동,서초더샵포레,84.81,14,2014,110000,0,2026,9,19
서초구,서초동,래미안 리더스원,84.97,12,2020,160000,0,2026,9,21
서초구,양재동,양재리본타워,84.97,27,2014,46672,0,2026,9,21
서초구,잠원동,래미안신반포팰리스,84.49,27,2016,165000,0,2026,9,17
서초구,서초동,서초동삼성쉐르빌2,70.49,10,2002,5000,350,2026,9,3
서초구,방배동,방배아트자이,59.9938,6,2018,90000,0,2026,9,4
서초구,잠원동,신반포2,68.91,1,1978,5000,190,2026,9,20
서초구,반포동,래미안퍼스티지,135.92,28,2009,20000,840,2026,9,11
서초구,잠원동,래미안신반포리오센트,59.92,2,2019,112854,0,2026,9,21
서초구,우면동,서초네이처힐3단지,84.84,9,2013,45000,150,2026,9,15
서초구,방배동,방배2차e-편한세상,164.12,4,2004,60000,200,2026,9,1
서초구,잠원동,신반포4,96.48,3,1979,75000,0,2026,9,12
서초구,내곡동,서초더샵포레,84.81,16,2014,50000,115,2026,9,12
서초구,신원동,서초포레스타6단지,49.75,3,2015,10573,18,2026,9,21
서초구,잠원동,신반포2,79.42,8,1978,50000,0,2026,9,5
서초구,서초동,서초2차e-편한세상,123.118,10,2005,90000,120,2026,9,5
서초구,내곡동,서초더샵포레,59.94,3,2014,25000,210,2026,9,21
서초구,방배동,롯데캐슬헤론,95.66,12,2006,10000,340,2026,9,8
서초구,서초동,래미안서초에스티지S,84.17,6,2018,147000,0,2026,9,18
서초구,우면동,동고,77.14,11,1995,74000,0,2026,9,19
서초구,반포동,반포미도,84.96,5,1987,82500,0,2026,9,5
서초구,서초동,롯데캐슬클래식,120.18,10,2006,150000,0,2026,9,21
서초구,반포동,래미안퍼스티지,222.76,2,2009,340000,0,2026,9,18
서초구,잠원동,반포르엘,121.6097,22,2022,70000,700,2026,9,19
서초구,신원동,서초포레스타7단지,49.39,1,2013,25572,0,2026,9,21
서초구,서초동,서초푸르지오써밋,84.95,18,2017,149000,0,2026,9,7
서초구,방배동,방배임광3차,82.34,3,1988,68000,0,2026,9,18
서초구,우면동,서초힐스,59.97,16,2012,10000,231,2026,9,13
서초구,방배동,한신휴플러스,84.68,6,2006,100000,15,2026,9,16
서초구,방배동,방배2차현대홈타운,59.86,3,2001,90000,0,2026,9,19
서초구,잠원동,래미안신반포리오센트,84.92,20,2019,180000,0,2026,9,19
서초구,반포동,반포푸르지오,56.16,12,2000,60000,90,2026,9,12
서초구,방배동,삼호1동~3동,81.39,11,1975,57000,0,2026,9,19
서초구,서초동,서초이오빌,36.66,9,2003,20000,35,2026,9,14
서초구,잠원동,신반포7,107.29,6,1980,75000,16,2026,9,19
서초구,서초동,서신,54.03,7,1995,32736,0,2026,9,18
서초구,잠원동,신반포2,79.42,3,1978,46000,0,2026,9,19
서초구,방배동,임광,136.38,7,1985,50000,200,2026,9,19
서초구,서초동,대성유니드,84.991,7,2004,94500,0,2026,9,19
서초구,우면동,우솔마을서초리슈빌S아파트,21.5893,7,2014,13000,28,2026,9,12
서초구,잠원동,동아,84.91,20,2002,60000,260,2026,9,12
서초구,잠원동,강변,66.29,10,1987,73500,0,2026,9,19
서초구,반포동,래미안원베일리,116.93,15,2023,280000,160,2026,9,21
서초구,반포동,래미안원펜타스,59.7832,4,2024,76781,0,2026,9,19
서초구,반포동,반포미도2차아파트,71.49,12,1989,70000,0,2026,9,19
서초구,우면동,서초힐스,59.89,24,2012,60000,60,2026,9,18
서초구,내곡동,서초더샵포레,84.81,11,2014,83000,0,2026,9,19
서초구,방배동,삼호1동~3동,116.96,1,1975,40000,92,2026,9,18
서초구,서초동,서초래미안,84.95,11,2003,55000,230,2026,9,12
서초구,내곡동,서초더샵포레,84.81,8,2014,62300,0,2026,9,18
서초구,서초동,롯데캐슬클래식,84.98,1,2006,120750,0,2026,9,18
서초구,서초동,롯데캐슬클래식,133.45,15,2006,157500,0,2026,9,18
서초구,서초동,서초동대우디오빌프라임,81.97,10,2005,73500,0,2026,9,18
서초구,서초동,진흥아파트,131.07,2,1979,80000,0,2026,9,16
서초구,반포동,아크로리버파크,84.98,23,2016,160000,0,2026,9,18
서초구,반포동,반포자이,194.692,13,2009,150000,600,2026,9,12
서초구,서초동,서초이오빌,36.66,11,2003,27000,0,2026,9,11
서초구,서초동,신원아침도시(1434),83.022,8,2004,45000,94,2026,9,18
서초구,우면동,서초힐스,84.98,4,2012,90000,0,2026,9,9
서초구,잠원동,동아,84.91,1,2002,102900,0,2026,9,18
서초구,내곡동,서초더샵포레,84.81,8,2014,62300,0,2026,9,18
서초구,서초동,우성아파트,59.93,14,1998,75000,0,2026,9,12
서초구,방배동,방배신삼호,105.04,10,1983,68000,58,2026,9,15
서초구,방배동,서리풀e편한세상,84.97,4,2010,40000,330,2026,9,16
서초구,서초동,롯데캐슬클래식,84.98,8,2006,113500,70,2026,9,18
서초구,신원동,힐스테이트서초젠트리스,114.9,8,2014,157500,0,2026,9,10
서초구,서초동,헤센파크힐,31.62,7,2018,50500,10,2026,9,18
서초구,서초동,서초자연인아파트(102동),37.45,6,2013,25000,15,2026,9,4
서초구,서초동,서초센트럴IPARK,80.5981,23,2020,73500,200,2026,9,16
서초구,잠원동,신반포4,96.48,4,1979,80850,0,2026,9,12
서초구,방배동,방배씨티(보성),36.84,13,2000,30000,0,2026,9,17
서초구,신원동,서초포레스타5단지,59.64,2,2014,31267,0,2026,9,18
서초구,방배동,한신트리플,43.93,8,2004,25000,40,2026,9,17
서초구,우면동,대림,130.89,11,1995,100000,0,2026,9,18
서초구,우면동,서초호반써밋,101.0109,15,2013,84000,0,2026,9,17
서초구,잠원동,신반포자이,84.87,5,2018,30000,570,2026,9,15
서초구,잠원동,동아,84.91,6,2002,10000,530,2026,9,18
서초구,방배동,태림,102.8,6,2004,80000,20,2026,9,12
서초구,반포동,래미안퍼스티지,198.04,19,2009,360000,0,2026,9,17
서초구,반포동,래미안퍼스티지,198.04,19,2009,360000,0,2026,9,17
서초구,잠원동,신반포자이,84.97,13,2018,20000,630,2026,9,4
서초구,우면동,서초네이처힐1단지,84.73,1,2012,61620,0,2026,9,16
서초구,우면동,코오롱,52.47,5,1994,25000,120,2026,9,16
서초구,우면동,서초네이처힐4단지,59.99,7,2011,15674,0,2026,9,17
서초구,우면동,서초네이처힐3단지,114.79,19,2013,108150,0,2026,9,7
서초구,방배동,방배신삼호,105.04,2,1983,80000,16,2026,9,17
서초구,방배동,방배그랑자이,84.9712,3,2021,140000,0,2026,9,17
서초구,서초동,진흥아파트,160.46,1,1979,99750,0,2026,9,17
서초구,신원동,서초포레스타3단지,59.93,6,2014,75000,0,2026,9,5
서초구,우면동,서초힐스,74.97,5,2012,40000,145,2026,9,17
서초구,반포동,아크로리버파크,59.98,11,2016,142500,0,2026,9,17
서초구,잠원동,강변,66.29,2,1987,60600,0,2026,9,12
서초구,반포동,래미안퍼스티지,169.31,1,2009,260000,165,2026,9,12
서초구,반포동,래미안원펜타스,59.7832,6,2024,76781,0,2026,9,16
서초구,반포동,아크로리버파크,84.95,9,2016,188800,0,2026,9,4
서초구,반포동,반포자이,165.446,3,2009,265000,0,2026,9,17
서초구,서초동,서초그랑자이,100.31,26,2021,180000,80,2026,9,15
서초구,반포동,반포자이,59.98,3,2009,126000,0,2026,9,17
서초구,우면동,서초호반써밋,118.0151,21,2013,30000,340,2026,9,15
서초구,방배동,바흐하우스반포캐슬,61.119,9,2024,63000,115,2026,9,16
서초구,서초동,서리아,39.9427,4,2026,1000,350,2026,9,14
서초구,신원동,서초포레스타7단지,74.9,5,2013,40000,260,2026,9,12
서초구,서초동,삼풍아파트,79.47,2,1988,84000,0,2026,9,12
서초구,잠원동,신반포르엘,49.98,5,2023,17556,69,2026,9,16
서초구,반포동,아크로리버파크,84.99,3,2016,160000,0,2026,9,10
서초구,서초동,지웰홈스서초,14.1,19,2019,500,99,2026,9,16
서초구,서초동,서초동아이파크,164.98,6,2003,160000,0,2026,9,16
서초구,서초동,풍림아이원플러스,34.4237,14,2004,5000,88,2026,9,4
서초구,방배동,호산타워,18.58,6,2026,2000,135,2026,9,16
서초구,반포동,반포래미안아이파크,99.92,27,2018,60000,510,2026,9,8
서초구,서초동,헤센파크힐,18.34,3,2018,31200,16,2026,9,16
서초구,서초동,롯데캐슬클래식,133.45,17,2006,60000,380,2026,9,8
서초구,서초동,서초한일유앤아이주상복합,96.65,7,2007,60000,160,2026,9,9
서초구,반포동,반포써밋,59.3264,14,2018,17540,97,2026,9,16
서초구,서초동,서초이오빌,36.66,10,2003,27500,0,2026,9,11
서초구,반포동,반포자이,84.943,2,2009,148000,0,2026,9,12
서초구,서초동,서초2차e-편한세상,123.118,10,2005,90000,120,2026,9,5
서초구,방배동,삼성래미안1,114.94,1,2003,105000,0,2026,9,15
서초구,잠원동,반포센트럴자이,114.96,29,2020,250000,0,2026,9,9
서초구,서초동,풍림아이원플러스,35.903,10,2004,32000,0,2026,9,5
서초구,잠원동,아크로리버뷰신반포,84.82,31,2018,185000,0,2026,9,13
서초구,우면동,서초힐스,84.98,13,2012,95000,0,2026,9,15
서초구,서초동,헤센파크힐,18.34,5,2018,32000,5,2026,9,16
서초구,방배동,방배아이파크,84.66,8,2006,90000,60,2026,9,6
서초구,반포동,반포센트레빌아스테리움,82.0165,11,2021,140000,0,2026,9,15
서초구,서초동,래미안 리더스원,59.96,8,2020,33518,49,2026,9,15
서초구,반포동,반포자이,84.982,22,2009,155000,0,2026,9,12
서초구,우면동,호반써밋서초파크뷰,84.95,4,2013,87000,0,2026,9,14
서초구,잠원동,아크로리버뷰신반포,78.48,9,2018,70000,440,2026,9,15
서초구,잠원동,신반포4,107.39,9,1979,81900,0,2026,9,3
서초구,서초동,서초푸르지오써밋,59.92,8,2017,110000,80,2026,9,15
서초구,신원동,서초포레스타7단지,59.92,4,2013,90000,0,2026,9,9
서초구,서초동,롯데캐슬클래식,133.45,1,2006,150000,0,2026,9,15
서초구,우면동,서초네이처힐6단지,59.99,5,2013,2996,42,2026,9,15
서초구,우면동,서초네이처힐5단지,84.85,10,2011,51064,0,2026,9,15
서초구,우면동,서초네이처힐6단지,49.91,12,2013,8373,14,2026,9,15
서초구,서초동,서초한빛삼성,99.09,7,1999,80000,120,2026,9,11
서초구,반포동,래미안원펜타스,59.8,12,2024,76781,0,2026,9,15
서초구,서초동,삼풍아파트,130.73,3,1988,120000,0,2026,9,12
서초구,반포동,반포써밋,59.3264,8,2018,11120,108,2026,9,15
서초구,서초동,서초래미안,111.32,11,2003,60000,320,2026,9,14
서초구,우면동,호반써밋서초파크,59.93,12,2013,30000,142,2026,9,1
서초구,서초동,롯데캐슬클래식,84.98,16,2006,118000,0,2026,9,12
서초구,반포동,아크로리버파크,112.93,35,2016,150000,545,2026,9,5
서초구,잠원동,신반포19,80.25,8,1982,50000,45,2026,9,15
서초구,우면동,우솔마을서초리슈빌S아파트,30.89,7,2014,1000,110,2026,9,14
서초구,방배동,자현유하우스,41.74,2,2018,51000,0,2026,9,10
서초구,반포동,래미안원펜타스,59.7832,3,2024,76781,0,2026,9,15
서초구,반포동,래미안원펜타스,59.8,10,2024,76781,0,2026,9,15
서초구,방배동,삼호2,127.94,9,1976,95000,0,2026,9,9
서초구,우면동,서초네이처힐5단지,84.85,1,2011,58380,0,2026,9,15
서초구,방배동,자현유하우스,41.81,2,2018,51000,0,2026,9,10
서초구,서초동,삼풍아파트,130.73,3,1988,131000,0,2026,9,14
서초구,반포동,래미안원펜타스,59.8,2,2024,76781,0,2026,9,15
서초구,방배동,방배임광3차,84,5,1988,30000,160,2026,9,12
서초구,우면동,코오롱,52.47,2,1994,15000,135,2026,9,15
서초구,반포동,래미안원펜타스,59.8,4,2024,76781,0,2026,9,15
서초구,서초동,서초현대,53.01,12,1999,40000,140,2026,9,15
서초구,서초동,서초래미안,126.31,1,2003,30000,355,2026,9,14
서초구,우면동,서초힐스,74.97,13,2012,74550,0,2026,9,14
서초구,방배동,베로니스2차,190.19,2,2004,0,850,2026,9,14
서초구,잠원동,대우아이빌,27.07,3,2001,27000,0,2026,9,15
서초구,방배동,방배그랑자이,59.7463,14,2021,130000,0,2026,9,13
서초구,방배동,서리풀e편한세상,84.97,2,2010,130000,0,2026,9,15
서초구,서초동,풍림아이원플러스,35.903,9,2004,30975,0,2026,9,12
서초구,서초동,래미안서초에스티지S,59.36,3,2018,17504,92,2026,9,14
서초구,서초동,SUITEHILL,21.476,6,2012,19300,0,2026,9,5
서초구,반포동,현대동궁아파트,82.35,3,1991,80000,0,2026,9,8
서초구,방배동,롯데캐슬아르떼,84.9145,2,2013,120000,40,2026,9,9
서초구,반포동,래미안원펜타스,59.8,9,2024,76781,0,2026,9,15
서초구,서초동,서초로얄,59.34,7,2001,59000,0,2026,9,10
서초구,서초동,삼풍아파트,79.47,9,1988,87000,0,2026,9,12
서초구,서초동,래미안 리더스원,84.93,20,2020,120000,200,2026,9,5
서초구,서초동,경남아너스빌201동,84.95,1,2006,50000,100,2026,9,14
서초구,잠원동,반포르엘,84.3465,5,2022,50000,600,2026,9,14
서초구,신원동,서초포레스타7단지,74.9,5,2013,40000,260,2026,9,12
서초구,서초동,래미안 리더스원,83.12,19,2020,110000,0,2026,9,12
서초구,반포동,래미안원베일리,84.98,27,2023,20000,800,2026,9,5
서초구,잠원동,신반포19,107.01,8,1982,35000,200,2026,9,11
서초구,내곡동,서초더샵포레,114.71,4,2014,115500,0,2026,9,7
서초구,반포동,래미안퍼스티지,59.96,18,2009,71662,0,2026,9,14
서초구,서초동,래미안서초유니빌,36.838,8,2003,1000,116,2026,9,11
서초구,서초동,래미안서초에스티지,83.6,3,2016,10000,600,2026,9,3
서초구,방배동,롯데캐슬아르떼,84.9145,8,2013,60000,280,2026,9,9
서초구,우면동,서초힐스,74.95,23,2012,82000,0,2026,9,13
서초구,방배동,방배우성,80.2,12,1991,40000,160,2026,9,14
서초구,방배동,프리우스,75.32,5,2004,77000,0,2026,9,14
서초구,잠원동,신반포자이,59.93,24,2018,140000,0,2026,9,13
서초구,반포동,아크로리버파크,84.97,11,2016,180000,0,2026,9,9
서초구,방배동,삼성래미안1,84.91,5,2003,30000,250,2026,9,14
서초구,반포동,반포자이,165.052,25,2009,260000,160,2026,9,3
서초구,서초동,서초동아이파크,164.8,11,2003,165000,0,2026,9,14
서초구,방배동,바흐하우스반포캐슬,56.186,6,2024,88000,0,2026,9,14
서초구,반포동,래미안원베일리,46.93,8,2023,25240,36,2026,9,14
서초구,내곡동,서초더샵포레,114.71,3,2014,108500,0,2026,9,7
서초구,방배동,호산타워,18.58,5,2026,3000,130,2026,9,1
서초구,잠원동,신반포19,108.01,1,1982,71000,0,2026,9,14
서초구,서초동,DK밸리뷰시티,26.58,12,2019,35700,0,2026,9,11
서초구,서초동,래미안 리더스원,59.97,17,2020,19620,88,2026,9,14
서초구,방배동,방배1차현대홈타운,59.94,6,1999,85000,0,2026,9,12
서초구,서초동,서신,32.76,4,1995,25467,0,2026,9,12
서초구,반포동,디에이치반포라클라스,84.9671,3,2021,10000,620,2026,9,11
서초구,반포동,반포래미안아이파크,59.95,13,2018,26040,64,2026,9,13
서초구,방배동,한신휴플러스,84.61,8,2006,40000,260,2026,9,13
서초구,반포동,반포센트레빌아스테리움,82.0165,7,2021,60000,330,2026,9,12
서초구,반포동,래미안원베일리,133.95,23,2023,325500,0,2026,9,14
서초구,잠원동,신반포4,96.48,11,1979,86100,0,2026,9,12
서초구,반포동,래미안원펜타스,155.8754,14,2024,50000,1680,2026,9,12
서초구,잠원동,신반포2,93.71,6,1978,60900,0,2026,9,12
서초구,서초동,래미안 리더스원,84.94,22,2020,70000,350,2026,9,12
서초구,방배동,서리풀e편한세상,59.94,1,2010,75000,100,2026,9,12
서초구,반포동,래미안퍼스티지,84.93,21,2009,180000,0,2026,9,13
서초구,반포동,아크로리버파크,84.97,14,2016,10000,810,2026,9,12
서초구,서초동,래미안서초에스티지,101.55,17,2016,165000,0,2026,9,12
서초구,서초동,서초교대e편한세상,59.9,6,2010,54841,0,2026,9,11
서초구,방배동,방배임광3차,67.47,9,1988,35000,47,2026,9,6
서초구,방배동,방배마에스트로,35.37,20,2019,52000,0,2026,9,12
서초구,반포동,반포리체,59.994,26,2010,10000,440,2026,9,11
서초구,반포동,아크로리버파크,168.98,24,2016,399000,0,2026,9,5
서초구,우면동,호반써밋서초파크뷰,59.99,19,2013,66150,0,2026,9,12
서초구,우면동,호반써밋서초파크뷰,84.95,3,2013,30000,240,2026,9,12
서초구,서초동,우성아파트,76.67,18,1998,50000,160,2026,9,11
서초구,방배동,삼호1동~3동,80.33,12,1975,55000,0,2026,9,12
서초구,잠원동,신반포2,79.42,12,1978,10000,185,2026,9,2
서초구,잠원동,신반포르엘,49.98,4,2023,25420,38,2026,9,10
서초구,잠원동,신반포2,93.71,12,1978,40000,100,2026,9,11
서초구,잠원동,반포르엘,121.6097,5,2022,280000,0,2026,9,11
서초구,잠원동,한신그린,84.89,9,1993,20000,380,2026,9,8
서초구,방배동,바흐하우스반포캐슬,56.186,8,2024,50000,135,2026,9,10
서초구,방배동,방배엔스위트,84.31,6,2004,68000,0,2026,9,9
서초구,반포동,아크로리버파크,129.97,22,2016,367500,0,2026,9,5
서초구,반포동,더샵반포리버파크,49.7795,6,2022,10000,400,2026,9,11
서초구,반포동,반포자이,132.179,20,2009,240000,40,2026,9,9
서초구,서초동,서초센트럴IPARK,80.5332,3,2020,90000,0,2026,9,11
서초구,서초동,서초그랑자이,119.41,15,2021,210000,0,2026,9,5
서초구,양재동,양재리본타워,84.97,12,2014,46672,0,2026,9,10
서초구,우면동,서초네이처힐3단지,59.99,4,2013,9010,14,2026,9,3
서초구,반포동,래미안원베일리,84.96,10,2023,120000,600,2026,9,11
서초구,양재동,양재리본타워2단지,114.78,20,2014,60637,0,2026,9,10
서초구,서초동,삼풍아파트,165.92,13,1988,0,680,2026,9,11
서초구,서초동,롯데캐슬클래식,84.98,17,2006,55000,360,2026,9,11
서초구,반포동,현대동궁아파트,81.9,2,1991,78000,0,2026,9,5
서초구,반포동,래미안원베일리,116.92,2,2023,294000,0,2026,9,11
서초구,반포동,래미안퍼스티지,135.92,24,2009,260000,0,2026,9,8
서초구,반포동,래미안퍼스티지,115.65,25,2009,100000,540,2026,9,11
서초구,서초동,서초래미안,84.97,27,2003,50000,198,2026,9,8
서초구,잠원동,반포센트럴자이,98.99,33,2020,160000,180,2026,9,10
서초구,서초동,삼풍아파트,79.47,4,1988,80000,130,2026,9,10
서초구,방배동,방배1차현대홈타운,84.96,8,1999,55000,90,2026,9,7
서초구,잠원동,반포르엘2차,100.9605,17,2022,183750,0,2026,9,11
서초구,서초동,서초중흥S-클래스(도시형생활주택),22.37,3,2013,13000,20,2026,9,10
서초구,반포동,래미안퍼스티지,135.92,9,2009,273000,0,2026,9,8
서초구,반포동,반포자이,216.49,14,2009,25000,1400,2026,9,1
서초구,방배동,롯데캐슬아르떼,121.6356,6,2013,165000,0,2026,9,10
서초구,반포동,반포리체,59.993,28,2010,20000,245,2026,9,8
서초구,반포동,반포미도2차아파트,59.07,5,1989,68250,0,2026,9,10
서초구,방배동,롯데캐슬아르떼,59.9742,2,2013,81000,70,2026,9,5
서초구,서초동,서초로얄,59.34,7,2001,59000,0,2026,9,10
서초구,잠원동,한강,76.68,6,1989,10000,320,2026,9,10
서초구,우면동,서초힐스,59.97,11,2012,50000,120,2026,9,10
서초구,방배동,방배대우멤버스카운티,125.49,3,2003,123900,0,2026,9,6
서초구,서초동,서리아,58.6773,12,2026,3000,500,2026,9,2
서초구,잠원동,반포르엘,97.4743,18,2022,50000,700,2026,9,7
서초구,서초동,아크로비스타,220.55,11,2004,215000,200,2026,9,10
서초구,잠원동,신반포2,137.66,3,1978,20000,298,2026,9,8
서초구,서초동,서초교대e편한세상,84.97,4,2010,70000,250,2026,9,10
서초구,서초동,서초센트럴IPARK,80.5154,14,2020,120000,0,2026,9,9
서초구,우면동,서초네이처힐4단지,84.77,6,2011,95000,0,2026,9,9
서초구,잠원동,신반포자이,59.35,12,2018,145000,0,2026,9,3
서초구,잠원동,신반포2,107.31,5,1978,70000,0,2026,9,4
서초구,잠원동,신반포르엘,49.98,3,2023,15144,112,2026,9,9
서초구,서초동,풍림아이원플러스,35.903,9,2004,1000,110,2026,9,5
서초구,잠원동,래미안신반포리오센트,133.37,12,2019,220000,0,2026,9,3
서초구,양재동,우성,84.58,8,1991,87000,0,2026,9,2
서초구,내곡동,서초더샵포레,59.88,9,2014,31211,0,2026,9,10
서초구,방배동,방배 서리풀 그랑블,84.9969,4,2019,106000,0,2026,9,5
서초구,방배동,대우(효령),84.92,9,1992,80000,0,2026,9,9
서초구,잠원동,신반포르엘,59.99,16,2023,30500,45,2026,9,9
서초구,방배동,서초이에스에이3차,59.4,1,2002,69000,0,2026,9,5
서초구,신원동,서초포레스타7단지,49.39,2,2013,25572,0,2026,9,9
서초구,서초동,서초그랑자이,59.99,26,2021,31280,46,2026,9,9
서초구,서초동,서초동아이파크,164.8,8,2003,170000,0,2026,9,9
서초구,반포동,반포자이,59.98,1,2009,124000,0,2026,9,5
서초구,신원동,서초포레스타7단지,49.39,6,2013,37852,0,2026,9,8
서초구,서초동,서초롯데캐슬프레지던트,149.45,28,2014,170000,40,2026,9,1
서초구,서초동,서초푸르지오써밋,84.95,25,2017,140000,0,2026,9,9
서초구,잠원동,반포르엘,121.6097,10,2022,200000,250,2026,9,5
서초구,반포동,반포미도,84.96,5,1987,65000,0,2026,9,9
서초구,양재동,신영체르니,39.1,5,2002,40194,0,2026,9,8
서초구,양재동,양재리본타워,59.96,11,2014,38614,0,2026,9,8
서초구,서초동,래미안서초에스티지,59.99,4,2016,58800,0,2026,9,9
서초구,서초동,래미안 리더스원,84.94,8,2020,158000,0,2026,9,9
서초구,반포동,반포자이,59.98,4,2009,73368,0,2026,9,8
서초구,서초동,삼풍아파트,79.47,1,1988,100000,0,2026,9,8
서초구,반포동,반포래미안아이파크,150.96,23,2018,20000,1000,2026,9,4
서초구,양재동,신영체르니,39.1,5,2002,40194,0,2026,9,8
서초구,양재동,양재리본타워2단지,84.97,32,2014,37790,0,2026,9,8
서초구,방배동,삼성래미안1,59.9,6,2003,70000,40,2026,9,8
서초구,양재동,양재리본타워2단지,84.98,9,2014,48798,0,2026,9,8
서초구,반포동,반포래미안아이파크,49.84,26,2018,9200,90,2026,9,8
서초구,잠원동,래미안신반포팰리스,84.49,30,2016,168000,0,2026,9,6
서초구,잠원동,반포르엘,97.4743,4,2022,190000,110,2026,9,3
서초구,반포동,반포리체,84.967,25,2010,120000,120,2026,9,8
서초구,잠원동,신반포자이,59.93,4,2018,30900,45,2026,9,8
서초구,반포동,래미안퍼스티지,84.85,26,2009,172000,0,2026,9,8
서초구,양재동,강남월드메르디앙프레스티지,37.424,2,2022,50000,10,2026,9,5
서초구,서초동,래미안서초에스티지,101.55,21,2016,160000,0,2026,9,5
서초구,반포동,래미안퍼스티지,84.93,10,2009,80000,400,2026,9,6
서초구,서초동,우성아파트,59.93,4,1998,20000,250,2026,9,5
서초구,방배동,방배우성,84.99,7,1991,72000,0,2026,9,8
서초구,잠원동,신반포르엘,49.98,9,2023,9600,91,2026,9,7
서초구,서초동,우성아파트,134.91,7,1998,50000,320,2026,9,8
서초구,잠원동,신사레전드,22.4,4,2012,2000,65,2026,9,1
서초구,잠원동,신반포르엘,59.99,3,2023,30500,45,2026,9,7
서초구,방배동,롯데캐슬아르떼,147.7221,8,2013,180000,0,2026,9,5
서초구,반포동,래미안원베일리,46.93,10,2023,25240,36,2026,9,7
서초구,우면동,서초네이처힐4단지,84.61,14,2011,89250,0,2026,9,5
서초구,반포동,반포자이,84.984,3,2009,141000,0,2026,9,5
서초구,양재동,우성,84.88,4,1991,10000,259,2026,9,4
서초구,서초동,삼풍아파트,165.92,10,1988,78750,210,2026,9,5
서초구,우면동,서초네이처힐3단지,59.99,6,2013,9010,14,2026,9,4
서초구,우면동,서초네이처힐3단지,84.61,15,2013,80000,0,2026,9,4
서초구,잠원동,반포센트럴자이,84.98,2,2020,40000,550,2026,9,7
서초구,신원동,서초 선포레,21.58,2,2015,5355,18,2026,9,7
서초구,우면동,서초힐스,84.97,16,2012,90000,20,2026,9,8
서초구,우면동,서초네이처힐7단지,49.9,17,2011,5063,34,2026,9,8
서초구,반포동,래미안퍼스티지,198.04,4,2009,20000,1000,2026,9,6
서초구,서초동,래미안서초에스티지S,59.5,10,2018,29514,44,2026,9,8
서초구,방배동,방배임광3차,51.84,3,1988,33100,0,2026,9,7
서초구,양재동,서초,83.52,3,2001,70000,0,2026,9,7
서초구,반포동,래미안퍼스티지,59.89,29,2009,59611,0,2026,9,7
서초구,반포동,반포자이,84.943,11,2009,170000,0,2026,9,7
서초구,반포동,래미안퍼스티지,84.93,3,2009,44842,0,2026,9,7
서초구,우면동,엘에이치서초3단지,51.32,10,2013,20840,0,2026,9,7
서초구,반포동,래미안퍼스티지,84.85,4,2009,75737,0,2026,9,7
서초구,내곡동,서초더샵포레,114.71,7,2014,60000,0,2026,9,7
서초구,반포동,반포써밋,59.3264,12,2018,30320,44,2026,9,7
서초구,반포동,반포래미안아이파크,49.84,14,2018,25150,37,2026,9,7
서초구,양재동,갤럭시타운,44.55,3,2001,32000,0,2026,9,7
서초구,반포동,반포자이,84.998,1,2009,86164,0,2026,9,7
서초구,방배동,방배우성,80.2,7,1991,73500,0,2026,9,1
서초구,서초동,래미안서초에스티지S,59.36,16,2018,21504,84,2026,9,7
서초구,서초동,현대빌리지,145.78,2,2005,120000,0,2026,9,3
서초구,양재동,양재리본타워2단지,114.78,25,2014,60637,0,2026,9,7
서초구,양재동,양재동메트로,84.55,4,2002,71400,0,2026,9,5
서초구,서초동,래미안 리더스원,59.97,18,2020,124900,0,2026,9,5
서초구,반포동,반포래미안아이파크,59.97,10,2018,30020,44,2026,9,7
서초구,반포동,반포래미안아이파크,59.97,3,2018,22080,87,2026,9,7
서초구,반포동,래미안퍼스티지,59.89,9,2009,71662,0,2026,9,7
서초구,서초동,서초푸르지오써밋,84.93,3,2017,40000,440,2026,9,5
서초구,잠원동,신반포르엘,49.98,12,2023,25420,38,2026,9,7
서초구,서초동,서초센트럴IPARK,80.5154,25,2020,116865,0,2026,9,5
서초구,방배동,방배1차현대홈타운,59.94,10,1999,20000,250,2026,9,5
서초구,양재동,시그마,83.52,5,2002,70000,0,2026,9,5
서초구,방배동,방배우성,84.99,2,1991,69500,0,2026,9,5
서초구,서초동,서초지웰,84.74,13,2005,65000,150,2026,9,6
서초구,서초동,서초중흥S-클래스(도시형생활주택),18.21,6,2013,1000,70,2026,9,6
서초구,서초동,래미안서초에스티지S,59.5,20,2018,11264,105,2026,9,7
서초구,방배동,삼성래미안1,59.9,7,2003,68200,0,2026,9,1
서초구,방배동,롯데캐슬헤론,95.66,6,2006,108000,0,2026,9,5
서초구,서초동,서초푸르지오써밋,84.95,17,2017,100000,200,2026,9,4
서초구,서초동,래미안서초유니빌,36.838,4,2003,30000,10,2026,9,5
서초구,잠원동,한신,84.52,11,1992,95000,19,2026,9,4
서초구,잠원동,현대,84.87,14,1993,40000,215,2026,9,6
서초구,잠원동,신반포르엘,49.98,14,2023,9556,85,2026,9,7
서초구,잠원동,한강,84.53,2,1989,90000,0,2026,9,5
서초구,방배동,자현유하우스,47.47,5,2018,57000,50,2026,9,5
서초구,내곡동,서초더샵포레,84.81,3,2014,95000,0,2026,9,4
서초구,서초동,SUITEHILL,20.466,4,2012,18000,0,2026,9,1
서초구,우면동,호반써밋서초파크,84.97,12,2013,70000,80,2026,9,5
서초구,반포동,래미안원베일리,116.95,24,2023,350000,0,2026,9,4
서초구,잠원동,반포센트럴자이,98.87,23,2020,200000,0,2026,9,2
서초구,서초동,월드메르디앙,196.9,7,2002,20000,630,2026,9,1
서초구,잠원동,신사레전드,22.4,4,2012,12800,0,2026,9,3
서초구,잠원동,잠원현대훼밀리,59.56,7,1997,69000,0,2026,9,2
서초구,서초동,래미안 리더스원,74.9,14,2020,140000,0,2026,9,1
서초구,반포동,반포자이,84.943,6,2009,50000,370,2026,9,4
서초구,서초동,래미안서초에스티지,83.6,3,2016,10000,600,2026,9,3
서초구,서초동,서초래미안,111.32,12,2003,40000,350,2026,9,2
서초구,서초동,서초2차e-편한세상,116.745,11,2005,50000,290,2026,9,4
서초구,서초동,풍림아이원(102동),117.13,2,2004,30000,200,2026,9,1
서초구,양재동,양재리본타워2단지,59.77,14,2014,27857,0,2026,9,1
서초구,서초동,두산위브(1362),57.15,6,2005,45000,75,2026,9,1
서초구,서초동,CONEST,30.9904,19,2023,24000,0,2026,9,2
서초구,서초동,래미안 리더스원,84.94,28,2020,148780,0,2026,9,3
서초구,서초동,서초프라임헤센아파트,59.0623,4,2021,77700,0,2026,9,3
서초구,반포동,반포팰리스,102.22,6,2004,65000,0,2026,9,3
서초구,신원동,서초포레스타7단지,59.94,4,2013,30750,0,2026,9,3
서초구,서초동,래미안 리더스원,84.93,21,2020,170000,0,2026,9,3
서초구,방배동,호산타워,14.52,8,2026,3000,110,2026,9,3
서초구,신원동,서초포레스타7단지,49.39,6,2013,37852,0,2026,9,2
서초구,반포동,반포써밋,84.9716,8,2018,155000,0,2026,9,2
서초구,서초동,서초동삼성쉐르빌2,35.22,12,2002,26500,0,2026,9,3
서초구,서초동,래미안 리더스원,59.97,16,2020,10000,473,2026,9,3
서초구,방배동,호산타워,18.58,7,2026,1500,135,2026,9,1
서초구,신원동,서초포레스타3단지,84.39,17,2014,110000,0,2026,9,3
서초구,반포동,반포푸르지오,84.82,3,2000,123000,0,2026,9,3
서초구,반포동,래미안원베일리,59.96,18,2023,160000,0,2026,9,2
서초구,서초동,서초이오빌,36.66,9,2003,10000,65,2026,9,2
서초구,잠원동,한신타운,78.39,10,1989,40000,160,2026,9,1
서초구,우면동,호반써밋서초파크,59.93,10,2013,67200,0,2026,9,2
서초구,우면동,서초네이처힐3단지,59.99,8,2013,3222,40,2026,9,1
서초구,서초동,서초동에지앙,99.28,2,2006,60000,64,2026,9,1
서초구,우면동,서초네이처힐7단지,59.99,7,2011,60000,80,2026,9,1
서초구,신원동,서초포레스타3단지,84.41,8,2014,37997,0,2026,9,1
서초구,잠원동,신반포4,137.1,11,1979,85000,70,2026,9,2
서초구,서초동,서초금호어울림,124.35,12,2001,70000,160,2026,9,1
서초구,반포동,반포리체,59.994,18,2010,80000,190,2026,9,2
서초구,우면동,서초네이처힐3단지,59.99,5,2013,15674,0,2026,9,1
서초구,서초동,서초한빛삼성,110.59,9,1999,104738,0,2026,9,1
서초구,방배동,호산타워,18.58,6,2026,5000,120,2026,9,1
서초구,우면동,서초네이처힐3단지,59.99,12,2013,9010,14,2026,9,1
서초구,서초동,서초그랑자이,119.41,33,2021,250000,0,2026,9,1
서초구,잠원동,강변,66.29,13,1987,20000,240,2026,9,1
서초구,반포동,아크로리버파크,129.92,15,2016,170000,550,2026,9,1
서초구,우면동,코오롱,52.47,3,1994,10000,165,2026,9,1
서초구,방배동,롯데캐슬아르떼,59.9742,10,2013,56962,0,2026,9,1
서초구,서초동,"마제스타시티(힐스테이트서리풀101,102동)",59.97,9,2017,95000,40,2026,9,1
서초구,서초동,서초푸르지오써밋,59.62,6,2017,60368,0,2026,9,1
서초구,신원동,서초포레스타7단지,59.57,4,2013,30750,0,2026,9,1
강남구,자곡동,강남자곡 힐스테이트,84.39,13,2015,70000,0,2026,9,16
강남구,삼성동,청구아파트,84.99,8,1992,80000,0,2026,9,18
강남구,대치동,대치더클래스,84.12,3,2022,150000,0,2026,9,19
강남구,자곡동,강남자곡 힐스테이트,84.39,7,2015,30000,190,2026,9,18
강남구,역삼동,역삼래미안,59.4,16,2005,110000,20,2026,9,9
강남구,대치동,쌍용대치2,120.76,1,1983,98000,0,2026,9,12
강남구,도곡동,삼성,54.81,3,1994,45000,40,2026,9,9
강남구,수서동,삼성,84.97,11,1997,94000,0,2026,9,7
강남구,대치동,은마,76.79,12,1979,60000,0,2026,9,4
강남구,자곡동,강남자곡 힐스테이트,84.39,11,2015,50000,100,2026,9,2
강남구,도곡동,도곡렉슬,119.8906,22,2006,190000,0,2026,9,2
강남구,역삼동,역삼동그린비,106.69,4,2004,10000,300,2026,9,17
강남구,대치동,선릉역풍림아이원레몬,69.81,7,2006,54500,0,2026,9,19
강남구,압구정동,미성2차,140.9,17,1987,200000,0,2026,9,19
강남구,개포동,개포래미안포레스트,59.92,13,2020,113000,0,2026,9,23
강남구,일원동,상록스타힐스,59.963,3,2022,62496,0,2026,9,14
강남구,일원동,디에이치자이개포,41.91,15,2021,21820,32,2026,9,23
강남구,청담동,삼환(101동),84.88,13,1999,91350,0,2026,9,21
강남구,대치동,래미안대치팰리스,94.49,9,2015,100000,520,2026,9,15
강남구,대치동,대치르엘,84.8067,7,2021,40000,550,2026,9,22
강남구,대치동,대치르엘,59.9972,1,2021,135000,0,2026,9,5
강남구,도곡동,현대비젼21,34.995,18,1999,38000,0,2026,9,2
강남구,역삼동,역삼자이,59.9977,7,2016,61104,0,2026,9,23
강남구,개포동,개포래미안포레스트,74.66,2,2020,50000,320,2026,9,23
강남구,일원동,디에이치자이개포,41.91,2,2021,19480,44,2026,9,23
강남구,대치동,개포우성1,127.61,3,1983,190000,0,2026,9,11
강남구,일원동,디에이치자이개포,41.91,11,2021,24956,45,2026,9,23
강남구,수서동,강남데시앙포레,84.92,9,2014,84000,47,2026,9,18
강남구,일원동,상록스타힐스,59.963,18,2022,62496,0,2026,9,22
강남구,일원동,푸른마을아파트101동~111동,84.93,6,1994,110000,0,2026,9,22
강남구,개포동,성원대치2단지아파트,39.53,4,1992,43000,0,2026,9,23
강남구,도곡동,우성4,84.6,1,1985,90000,0,2026,9,22
강남구,개포동,삼익대청아파트,51.12,2,1992,70000,0,2026,9,18
강남구,도곡동,삼성래미안,59.96,8,2001,60000,165,2026,9,23
강남구,일원동,상록스타힐스,39.876,6,2022,28653,56,2026,9,23
강남구,개포동,개포자이프레지던스,39.945,2,2023,6878,68,2026,9,23
강남구,대치동,포스코더샵,139.54,7,2004,140000,200,2026,9,19
강남구,삼성동,현대힐스테이트2단지,84.435,15,2008,10000,480,2026,9,23
강남구,자곡동,강남자곡 힐스테이트,46.91,7,2015,19444,0,2026,9,23
강남구,논현동,리스트강남,17.42,15,2022,9417,45,2026,9,17
강남구,대치동,은마,76.79,10,1979,20000,120,2026,9,22
강남구,자곡동,강남브리즈힐,84.29,4,2014,80000,0,2026,9,19
강남구,개포동,개포래미안포레스트,59.92,2,2020,108000,0,2026,9,12
강남구,역삼동,대우디오빌,30.03,10,2002,2000,120,2026,9,23
강남구,대치동,한보미도맨션1,128.01,7,1983,118000,166,2026,9,17
강남구,대치동,대치삼성,97.35,8,2000,1500,600,2026,9,7
강남구,도곡동,삼성,54.81,9,1994,68200,0,2026,9,21
강남구,개포동,성원대치2단지아파트,49.86,10,1992,28000,160,2026,9,23
강남구,개포동,개포래미안포레스트,59.92,5,2020,108000,0,2026,9,5
강남구,압구정동,현대8차(성수현대:91~95동),107.64,9,1980,95000,0,2026,9,11
강남구,역삼동,강남센트럴아이파크,84.915,21,2022,170000,0,2026,9,23
강남구,자곡동,LH수서2단지아파트,14.69,8,2024,6627,7,2026,9,23
강남구,자곡동,LH수서2단지아파트,14.69,15,2024,6816,8,2026,9,23
강남구,역삼동,대우디오빌플러스,43.99,3,2004,20000,70,2026,9,21
강남구,개포동,현대1차101동~106동,177.19,8,1984,150000,0,2026,9,19
강남구,개포동,개포래미안포레스트,84.59,16,2020,30000,40,2026,9,6
강남구,대치동,은마,84.43,5,1979,65000,0,2026,9,19
강남구,청담동,"청담2차이-편한세상(201동,202동,203동)",113.21,10,2006,127000,0,2026,9,22
강남구,압구정동,미성2차,74.4,10,1987,89000,0,2026,9,12
강남구,개포동,개포자이프레지던스,39.945,12,2023,18878,28,2026,9,22
강남구,일원동,디에이치자이개포,41.91,25,2021,21820,32,2026,9,22
강남구,논현동,논현베르빌,111.08,8,2002,85000,0,2026,9,19
강남구,역삼동,역삼자이,59.9977,15,2016,61104,0,2026,9,22
강남구,일원동,디에이치자이개포,41.91,6,2021,21480,34,2026,9,22
강남구,개포동,개포자이프레지던스,84.7509,8,2023,20000,560,2026,9,14
강남구,일원동,샘터마을,101.97,5,1994,132000,0,2026,9,17
강남구,일원동,상록스타힐스,18.877,4,2022,3929,36,2026,9,15
강남구,논현동,논현아이파크,59.75,8,2020,50000,250,2026,9,21
강남구,개포동,개포자이프레지던스,39.945,1,2023,8592,78,2026,9,23
강남구,대치동,은마,76.79,12,1979,30000,180,2026,9,11
강남구,개포동,삼익대청아파트,51.12,10,1992,70000,0,2026,9,19
강남구,청담동,청담현대3차아파트,59.95,7,1999,75600,0,2026,9,23
강남구,청담동,청담동삼성1차(101동),59.4,8,1997,73500,0,2026,9,2
강남구,자곡동,LH수서2단지아파트,14.69,10,2024,6916,8,2026,9,22
강남구,개포동,성원대치2단지아파트,49.86,1,1992,3000,200,2026,9,7
강남구,도곡동,도곡렉슬,119.8906,9,2006,178500,0,2026,9,14
강남구,대치동,대치현대,59.82,12,1999,81000,0,2026,9,19
강남구,논현동,아크로힐스논현,56.875,12,2014,62475,0,2026,9,22
강남구,수서동,신동아,49.96,6,1992,20000,160,2026,9,4
강남구,역삼동,대우디오빌,39.13,10,2002,29000,0,2026,9,22
강남구,세곡동,강남엘에이치1단지,84.83,2,2013,78000,0,2026,9,22
강남구,역삼동,역삼래미안,59.53,14,2005,35000,250,2026,9,21
강남구,청담동,청담스위트,14.224,4,2015,1000,100,2026,9,9
강남구,개포동,개포래미안포레스트,84.86,5,2020,70000,290,2026,9,22
강남구,대치동,세영팔레스타운,84.85,8,2002,119000,0,2026,9,4
강남구,자곡동,강남한양수자인(4단지),114.46,4,2014,94500,0,2026,9,22
강남구,자곡동,강남한양수자인(4단지),114.46,4,2014,94500,0,2026,9,22
강남구,자곡동,강남한양수자인(4단지),114.46,4,2014,94500,0,2026,9,22
강남구,삼성동,롯데캐슬프레미어,84.465,16,2007,130000,0,2026,9,21
강남구,일원동,우성7,83.69,1,1987,85000,0,2026,9,17
강남구,삼성동,삼성동센트럴아이파크,49.94,17,2018,26330,38,2026,9,22
강남구,대치동,대치,30.84,4,2002,90,90,2026,9,10
강남구,압구정동,미성2차,74.4,16,1987,9000,220,2026,9,14
강남구,자곡동,LH수서2단지아파트,14.69,5,2024,6916,8,2026,9,22
강남구,청담동,대우유로카운티,121.48,12,2004,25000,560,2026,9,4
강남구,개포동,성원대치2단지아파트,39.53,1,1992,3000,160,2026,9,5
강남구,개포동,현대2,165.08,2,1986,110000,147,2026,9,16
강남구,개포동,성원대치2단지아파트,39.53,11,1992,43000,0,2026,9,9
강남구,삼성동,동구싼타빌,78.21,2,2004,30000,160,2026,9,22
강남구,개포동,개포자이프레지던스,39.945,4,2023,8592,78,2026,9,21
강남구,자곡동,강남한양수자인(4단지),114.46,4,2014,94500,0,2026,9,3
강남구,역삼동,역삼래미안,59.53,14,2005,35000,250,2026,9,21
강남구,역삼동,역삼래미안,59.65,13,2005,86786,0,2026,9,19
강남구,일원동,디에이치자이개포,41.91,10,2021,26524,51,2026,9,21
강남구,도곡동,도곡렉슬,120.8233,19,2006,173250,0,2026,9,12
강남구,수서동,신동아,33.18,15,1992,27300,0,2026,9,16
강남구,개포동,디에이치아너힐즈,59.7479,23,2019,90000,120,2026,9,21
강남구,역삼동,우정에쉐르멤버스,36.19,9,2004,34500,0,2026,9,21
강남구,대치동,래미안대치팰리스,94.5,32,2015,80000,420,2026,9,12
강남구,역삼동,역삼래미안,80.87,7,2005,50000,340,2026,9,18
강남구,도곡동,도곡우성아파트,84.83,5,1986,50000,120,2026,9,5
강남구,논현동,펜트힐루논현,43.392,9,2021,65000,0,2026,9,9
강남구,개포동,개포더샵트리에,108.0923,7,2021,132000,0,2026,9,22
강남구,수서동,삼성,84.97,10,1997,60000,160,2026,9,19
강남구,도곡동,도곡렉슬,120.8233,25,2006,160000,80,2026,9,20
강남구,대치동,개포우성1,84.81,3,1983,165000,30,2026,9,11
강남구,자곡동,LH수서2단지아파트,14.69,9,2024,6816,8,2026,9,22
강남구,대치동,한보미도맨션1,84.48,2,1983,117000,0,2026,9,17
강남구,대치동,"대치우성아파트1동,2동,3동,5동,6동,7동",84.69,5,1984,85000,0,2026,9,18
강남구,논현동,마일스디오빌,36.29,15,2004,1000,128,2026,9,9
강남구,수서동,삼성,84.97,10,1997,94500,0,2026,9,12
강남구,대치동,은마,84.43,9,1979,40000,110,2026,9,21
강남구,삼성동,LG선릉에클라트(B),36.35,15,2004,2000,120,2026,9,19
강남구,개포동,경남1,123.28,1,1984,107100,0,2026,9,12
강남구,논현동,아크로힐스논현,56.875,14,2014,62475,0,2026,9,21
강남구,개포동,성원대치2단지아파트,39.53,9,1992,53000,0,2026,9,19
강남구,개포동,성원대치2단지아파트,39.53,10,1992,47000,0,2026,9,8
강남구,삼성동,한일,61.23,4,2001,78700,0,2026,9,20
강남구,일원동,래미안 개포 루체하임,84.99,11,2018,140000,30,2026,9,13
강남구,도곡동,한신엠비씨,84.74,10,1988,65000,160,2026,9,20
강남구,일원동,상록스타힐스,59.921,21,2022,12499,115,2026,9,17
강남구,논현동,신동아(22),35.73,12,1997,40000,40,2026,9,19
강남구,대치동,은마,76.79,11,1979,52000,0,2026,9,4
강남구,수서동,신동아,39.53,5,1992,37800,0,2026,9,19
강남구,일원동,상록스타힐스,59.963,22,2022,43211,84,2026,9,20
강남구,개포동,우성8,79.61,1,1987,94500,0,2026,9,18
강남구,일원동,상록스타힐스,59.963,9,2022,49996,29,2026,9,7
강남구,개포동,개포자이프레지던스,39.945,3,2023,16184,41,2026,9,21
강남구,압구정동,한양1차(영동한양),63.87,12,1977,39000,110,2026,9,19
강남구,삼성동,래미안삼성1차(105-0),181.51,9,2005,178500,0,2026,9,19
강남구,삼성동,석탑아파트101동,84.6,8,1996,100000,0,2026,9,19
강남구,일원동,디에이치자이개포,41.91,19,2021,21820,32,2026,9,20
강남구,압구정동,미성2차,74.4,7,1987,50000,190,2026,9,18
강남구,대치동,대치효성,59.84,5,1999,7000,310,2026,9,21
강남구,도곡동,한신엠비씨,117.57,7,1988,10000,345,2026,9,16
강남구,논현동,프라임,97.8,6,2004,78200,40,2026,9,19
강남구,삼성동,래미안삼성1차(105-0),181.51,9,2005,178500,0,2026,9,19
강남구,역삼동,역삼이안애비,84.28,3,2004,78000,0,2026,9,21
강남구,개포동,디에이치아너힐즈,49.4013,2,2019,25258,35,2026,9,21
강남구,대치동,한보미도맨션2,159.15,6,1985,157500,0,2026,9,19
강남구,논현동,리스트강남,17.37,15,2022,7533,54,2026,9,21
강남구,수서동,까치마을,49.5,6,1993,25000,50,2026,9,15
강남구,개포동,새롬(1164-13),59.67,7,2000,51250,0,2026,9,21
강남구,수서동,삼익,84.48,15,1992,84000,0,2026,9,21
강남구,대치동,"대치우성아파트1동,2동,3동,5동,6동,7동",84.69,4,1984,85000,0,2026,9,19
강남구,일원동,상록스타힐스,59.963,9,2022,12499,115,2026,9,14
강남구,삼성동,현대힐스테이트2단지,84.236,14,2008,103000,0,2026,9,21
강남구,논현동,리스트강남,14.29,10,2022,6935,50,2026,9,21
강남구,압구정동,미성2차,74.4,12,1987,80000,17,2026,9,7
강남구,개포동,개포래미안포레스트,74.66,11,2020,60000,280,2026,9,19
강남구,삼성동,삼성동에스케이뷰,136.82,8,2005,150000,0,2026,9,10
강남구,삼성동,노바삼성,13.32,3,2023,1000,100,2026,9,18
강남구,수서동,까치마을,39.6,6,1993,47000,0,2026,9,21
강남구,자곡동,강남자곡 힐스테이트,51.96,5,2015,50000,50,2026,9,21
강남구,청담동,청담자이,49.618,30,2011,20000,410,2026,9,18
강남구,역삼동,트레벨,35.93,5,2002,12000,100,2026,9,10
강남구,삼성동,서광아파트,59.67,13,1998,70000,70,2026,9,18
강남구,역삼동,역삼자이,59.9977,9,2016,61104,0,2026,9,21
강남구,개포동,개포래미안포레스트,102.32,8,2020,173000,0,2026,9,21
강남구,삼성동,청구아파트,84.99,12,1992,60000,100,2026,9,19
강남구,개포동,성원대치2단지아파트,33.18,12,1992,39000,0,2026,9,19
강남구,역삼동,테헤란아이파크,80.1995,7,2014,147000,0,2026,9,17
강남구,삼성동,현대힐스테이트2단지,84.236,13,2008,10000,475,2026,9,9
강남구,대치동,스카이써밋아파트,109.86,5,2004,105000,0,2026,9,19
강남구,역삼동,테헤란아이파크,92.6232,6,2014,141750,0,2026,9,19
강남구,청담동,삼성청담아파트,59.99,15,1999,71000,73,2026,9,5
강남구,수서동,동익,84.46,3,1993,50000,125,2026,9,19
강남구,역삼동,한화진넥스빌,43.58,10,2001,2000,170,2026,9,11
강남구,역삼동,역삼자이,59.9977,18,2016,99000,0,2026,9,19
강남구,자곡동,래미안강남힐즈,101.94,12,2014,100000,70,2026,9,18
강남구,수서동,강남데시앙포레,59.97,13,2014,78700,0,2026,9,19
강남구,삼성동,삼부아그레빌,69.559,14,2003,78750,0,2026,9,19
강남구,개포동,개포래미안포레스트,74.66,8,2020,120000,55,2026,9,19
강남구,역삼동,동부센트레빌,59.97,6,1998,87000,0,2026,9,19
강남구,역삼동,강남센트럴아이파크,84.915,30,2022,168000,0,2026,9,12
강남구,개포동,래미안블레스티지,59.897,12,2019,10000,480,2026,9,19
강남구,개포동,현대1차101동~106동,128.62,11,1984,125000,0,2026,9,16
강남구,자곡동,강남한양수자인(4단지),49.94,2,2014,2326,44,2026,9,20
강남구,개포동,개포래미안포레스트,49.92,5,2020,105000,0,2026,9,19
강남구,도곡동,우성사원5,70.89,1,1986,73500,0,2026,9,19
강남구,개포동,개포래미안포레스트,59.96,8,2020,75400,160,2026,9,12
강남구,세곡동,세곡푸르지오,84.84,10,2012,20000,175,2026,9,17
강남구,역삼동,역삼자이,59.9977,7,2016,61104,0,2026,9,18
강남구,역삼동,한스빌(836),39.89,7,1996,1000,110,2026,9,12
강남구,수서동,까치마을,49.5,14,1993,61900,0,2026,9,5
강남구,개포동,성원대치2단지아파트,39.53,1,1992,34650,45,2026,9,18
강남구,일원동,디에이치자이개포,118.68,9,2021,10000,1260,2026,9,11
강남구,개포동,성원대치2단지아파트,39.53,7,1992,48000,0,2026,9,16
강남구,도곡동,도곡렉슬,59.9818,15,2006,0,390,2026,9,1
강남구,개포동,개포래미안포레스트,59.92,4,2020,100000,40,2026,9,18
강남구,일원동,디에이치자이개포,41.91,3,2021,21820,32,2026,9,18
강남구,개포동,개포래미안포레스트,74.66,2,2020,130000,0,2026,9,18
강남구,압구정동,"현대7차(73~77,82,85동)",157.36,2,1979,173250,0,2026,9,15
강남구,개포동,래미안블레스티지,99.991,31,2019,168000,0,2026,9,17
강남구,삼성동,삼성동센트럴아이파크,142.93,21,2018,30000,940,2026,9,2
강남구,개포동,성원대치2단지아파트,39.53,3,1992,52000,0,2026,9,17
강남구,논현동,논현동월드메르디앙,84.9914,9,2007,86100,0,2026,9,16
강남구,개포동,개포자이프레지던스,39.945,3,2023,20040,29,2026,9,18
강남구,개포동,개포현대200동,82.2,3,1986,60000,50,2026,9,4
강남구,세곡동,강남신동아파밀리에2단지,59.97,9,2011,2255,44,2026,9,18
강남구,논현동,보타니끄논현,74.06,13,2024,150000,0,2026,9,11
강남구,세곡동,강남신동아파밀리에2단지,84.97,12,2011,45580,0,2026,9,18
강남구,일원동,상록스타힐스,59.963,13,2022,62496,0,2026,9,7
강남구,청담동,청담자이,82.365,19,2011,160000,0,2026,9,8
강남구,청담동,삼환(101동),114.97,5,1999,112350,0,2026,9,17
강남구,논현동,마일스디오빌,36.29,12,2004,1000,122,2026,9,11
강남구,도곡동,럭키(963),84.97,8,1995,95000,0,2026,9,18
강남구,역삼동,테헤란아이파크,70.8391,2,2014,85800,150,2026,9,18
강남구,역삼동,역삼자이,84.993,12,2016,20000,580,2026,9,12
강남구,대치동,대치삼성,97.35,14,2000,160000,0,2026,9,12
강남구,수서동,삼익,60,6,1992,73000,0,2026,9,13
강남구,역삼동,역삼자이,59.9977,12,2016,61104,0,2026,9,18
강남구,대치동,세영팔레스타운,84.85,5,2002,115500,0,2026,9,16
강남구,압구정동,신현대11차,115.23,7,1983,10000,378,2026,9,5
강남구,역삼동,원에디션강남,31.5031,14,2024,3000,310,2026,9,4
강남구,역삼동,개나리래미안,144.55,13,2006,120000,235,2026,9,18
강남구,일원동,상록스타힐스,59.963,8,2022,49996,29,2026,9,11
강남구,역삼동,역삼래미안,80.87,18,2005,140000,0,2026,9,18
강남구,세곡동,세곡리엔파크(3단지),59.97,9,2011,5735,39,2026,9,7
강남구,역삼동,개나리SK뷰,84.98,23,2012,70000,318,2026,9,18
강남구,논현동,펜트힐캐스케이드,43.04,9,2023,65000,0,2026,9,11
강남구,대치동,개포우성1,127.61,10,1983,140000,100,2026,9,14
강남구,자곡동,래미안강남힐즈,101.94,1,2014,99750,0,2026,9,8
강남구,개포동,경남1,96.98,9,1984,20000,360,2026,9,5
강남구,삼성동,롯데캐슬프레미어,121.931,9,2007,100000,241,2026,9,18
강남구,일원동,상록스타힐스,59.963,23,2022,12499,115,2026,9,7
강남구,역삼동,우림루미아트1,24,6,2003,500,75,2026,9,2
강남구,수서동,강남 더샵 포레스트,124.5792,10,2016,125000,131,2026,9,17
강남구,세곡동,강남데시앙파크,59.97,10,2011,9474,15,2026,9,18
강남구,세곡동,강남데시앙파크,114.69,6,2011,46243,0,2026,9,17
강남구,개포동,개포자이프레지던스,39.945,2,2023,20040,29,2026,9,18
강남구,도곡동,도곡스타클래스,111.38,11,2007,110000,50,2026,9,16
강남구,역삼동,한스빌(836),41.95,3,1996,31000,0,2026,9,12
강남구,대치동,대치푸르지오써밋,51.7377,7,2023,105000,0,2026,9,17
강남구,압구정동,"현대14차(203,204,205,206동)",84.98,2,1987,100000,0,2026,9,15
강남구,논현동,선정릉역모아엘가퍼스트홈,22.65,2,2023,6017,67,2026,9,17
강남구,수서동,신동아,33.18,3,1992,27655,0,2026,9,17
강남구,도곡동,현대비젼21,34.995,23,1999,36750,0,2026,9,17
강남구,역삼동,e-편한세상,59.606,10,2005,101850,0,2026,9,5
강남구,역삼동,역삼래미안,59.4,10,2005,100000,0,2026,9,17
강남구,삼성동,삼성동한솔아파트,109.51,14,1998,20000,450,2026,9,17
강남구,역삼동,프리빌리지,31.42,6,2017,20000,120,2026,9,17
강남구,청담동,삼성청담아파트,114.83,18,1999,55000,322,2026,9,12
강남구,압구정동,"현대6차(78~81,83,84,86,87동)",196.7,5,1978,20000,970,2026,9,16
강남구,대치동,선경1차(1동-7동),163.92,2,1983,189000,0,2026,9,16
강남구,대치동,테헤란로대우아이빌(891-6),59.83,20,2004,61000,0,2026,9,16
강남구,자곡동,LH수서2단지아파트,44.89,4,2024,23356,26,2026,9,17
강남구,대치동,대치아이파크,84.93,4,2008,130000,110,2026,9,4
강남구,자곡동,강남브리즈힐,74.04,9,2014,85000,0,2026,9,17
강남구,삼성동,우정에쉐르2,55.12,3,2004,5000,170,2026,9,2
강남구,개포동,디에이치아너힐즈,49.4013,1,2019,25258,35,2026,9,17
강남구,역삼동,대우디오빌,30.03,14,2002,27450,6,2026,9,11
강남구,세곡동,세곡푸르지오,84.94,10,2012,75000,140,2026,9,17
강남구,압구정동,신현대9차,108.88,11,1982,50000,160,2026,9,12
강남구,개포동,개포우성3차,161,10,1984,100000,50,2026,9,17
강남구,삼성동,래미안라클래시,84.98,8,2021,100000,380,2026,9,11
강남구,개포동,개포래미안포레스트,59.92,6,2020,120000,0,2026,9,17
강남구,대치동,개포우성1,127.61,10,1983,190000,0,2026,9,16
강남구,자곡동,강남한양수자인(4단지),84.89,7,2014,49481,0,2026,9,17
강남구,일원동,가람,84.95,4,1993,90000,0,2026,9,17
강남구,자곡동,강남한양수자인(4단지),59.97,5,2014,10772,18,2026,9,16
강남구,도곡동,대림,84.93,9,1992,94500,0,2026,9,16
강남구,자곡동,래미안포레,59.92,2,2014,29074,0,2026,9,17
강남구,개포동,개포현대200동,82.2,9,1986,75000,0,2026,9,16
강남구,도곡동,삼성래미안,122.81,16,2001,160000,0,2026,9,1
강남구,대치동,대치현대,59.82,21,1999,71000,0,2026,9,12
강남구,역삼동,테헤란아이파크,80.1995,20,2014,100000,60,2026,9,12
강남구,일원동,한솔마을,84.73,5,1994,89000,0,2026,9,17
강남구,도곡동,럭키(963),84.97,1,1995,57000,130,2026,9,14
강남구,역삼동,역삼자이,59.9977,4,2016,61104,0,2026,9,16
강남구,압구정동,한양5,102.35,2,1979,80000,80,2026,9,16
강남구,논현동,리스트강남,14.65,11,2022,7266,35,2026,9,15
강남구,역삼동,우정에쉐르3,39.93,7,2004,1000,280,2026,9,15
강남구,논현동,동현아파트1~6,84.92,9,1985,10000,320,2026,9,16
강남구,개포동,삼익대청아파트,51.12,5,1992,63000,0,2026,9,5
강남구,삼성동,현대힐스테이트2단지,84.236,15,2008,100000,165,2026,9,16
강남구,삼성동,래미안삼성1차(105-0),181.51,2,2005,186900,0,2026,9,8
강남구,역삼동,이지마루역삼,26.5,9,2018,37500,0,2026,9,12
강남구,수서동,신동아,39.51,4,1992,55000,0,2026,9,16
강남구,개포동,개포래미안포레스트,102.32,30,2020,165000,0,2026,9,5
강남구,청담동,청담현대3차아파트,109.53,22,1999,20000,400,2026,9,16
강남구,대치동,대치르엘,84.7692,3,2021,100000,320,2026,9,14
강남구,대치동,래미안대치하이스턴,110.39,14,1989,166000,0,2026,9,7
강남구,수서동,강남데시앙포레,84.92,6,2014,107000,0,2026,9,16
강남구,자곡동,래미안강남힐즈,91.96,9,2014,105000,0,2026,9,13
강남구,대치동,대치삼성,97.35,9,2000,70000,307,2026,9,16
강남구,역삼동,e-편한세상,84.991,8,2005,143000,0,2026,9,1
강남구,세곡동,강남데시앙파크,114.69,2,2011,46243,0,2026,9,16
강남구,대치동,대우아이빌멤버스(891-26),35.236,9,2003,27000,0,2026,9,16
강남구,개포동,개포래미안포레스트,74.66,5,2020,122800,0,2026,9,16
강남구,도곡동,원팰리스,111,2,2003,77000,0,2026,9,2
강남구,대치동,대치푸르지오써밋,84.9365,11,2023,90000,360,2026,9,10
강남구,삼성동,LG선릉에클라트(A),41.64,4,2003,1000,133,2026,9,15
강남구,삼성동,삼성동롯데아파트,59.4,18,2000,64000,80,2026,9,15
강남구,대치동,은마,84.43,1,1979,92000,0,2026,9,16
강남구,일원동,상록스타힐스,59.963,3,2022,37497,57,2026,9,11
강남구,대치동,은마,84.43,1,1979,60000,0,2026,9,16
강남구,역삼동,시티프라디움더강남2,49.9693,3,2022,30000,210,2026,9,7
강남구,논현동,펜트힐루논현,42.257,9,2021,20000,280,2026,9,16
강남구,수서동,신동아,39.51,1,1992,20000,110,2026,9,15
강남구,자곡동,강남자곡 힐스테이트,74.8,3,2015,10000,310,2026,9,14
강남구,도곡동,도곡렉슬,84.9984,9,2006,110000,160,2026,9,12
강남구,논현동,논현파라곤,84.4,12,2007,40000,180,2026,9,10
강남구,도곡동,도곡우성아파트,84.83,9,1986,82000,0,2026,9,16
강남구,역삼동,강남센트럴아이파크,59.945,31,2022,135000,0,2026,9,15
강남구,수서동,까치마을,39.6,5,1993,1000,104,2026,9,9
강남구,도곡동,도곡우성아파트,84.83,12,1986,78000,0,2026,9,15
강남구,삼성동,진흥아파트,104.31,7,1984,100000,0,2026,9,12
강남구,도곡동,아카데미스위트1,164.79,46,2004,10000,525,2026,9,16
강남구,역삼동,역삼자이,59.9977,7,2016,61104,0,2026,9,16
강남구,압구정동,현대4차저층(51~56동),117.91,3,1977,145000,0,2026,9,16
강남구,개포동,개포자이프레지던스,39.945,2,2023,6802,68,2026,9,15
강남구,일원동,디에이치자이개포,41.91,10,2021,21820,32,2026,9,16
강남구,대치동,대치동더블유타워,28.52,3,2013,300,140,2026,9,11
강남구,개포동,개포래미안포레스트,74.66,2,2020,35000,343,2026,9,12
강남구,역삼동,개나리래미안,129.96,8,2006,150000,120,2026,9,12
강남구,개포동,개포래미안포레스트,74.66,18,2020,90000,160,2026,9,8
강남구,역삼동,프리우스역삼101동,82.48,3,2006,65000,60,2026,9,15
강남구,대치동,포스코더샵,164.88,11,2004,178500,168,2026,9,10
강남구,개포동,래미안블레스티지,84.943,15,2019,146000,0,2026,9,13
강남구,자곡동,래미안포레,59.92,2,2014,29074,0,2026,9,15
강남구,세곡동,세곡푸르지오,59.89,7,2012,40000,140,2026,9,15
강남구,자곡동,래미안포레,49.94,3,2014,2260,43,2026,9,15
강남구,세곡동,강남엘에이치1단지,59.89,1,2013,70000,0,2026,9,15
강남구,율현동,강남한신휴플러스8단지,59.97,1,2015,40398,0,2026,9,15
강남구,삼성동,푸른솔아파트1동,84.9,6,1996,10000,320,2026,9,12
강남구,논현동,논현동한화꿈에그린,67.671,8,2005,15000,212,2026,9,15
강남구,대치동,래미안대치팰리스,94.49,17,2015,220000,0,2026,9,15
강남구,세곡동,강남엘에이치1단지,74.74,12,2013,43400,120,2026,9,15
강남구,일원동,상록스타힐스,46.855,16,2022,11143,130,2026,9,8
강남구,일원동,상록스타힐스,59.963,3,2022,12499,115,2026,9,11
강남구,개포동,디에이치아너힐즈,76.1709,23,2019,130000,50,2026,9,12
강남구,개포동,현대1차101동~106동,177.19,4,1984,130000,0,2026,9,2
강남구,도곡동,삼성,54.81,6,1994,62000,0,2026,9,14
강남구,자곡동,강남한양수자인(4단지),59.93,6,2014,8130,33,2026,9,15
강남구,청담동,청담자이,89.356,34,2011,10000,1000,2026,9,3
강남구,개포동,개포더샵트리에,108.0923,15,2021,153000,0,2026,9,15
강남구,개포동,성원대치2단지아파트,39.53,10,1992,55000,0,2026,9,12
강남구,일원동,상록수,74.54,1,1993,63000,50,2026,9,15
강남구,역삼동,역삼자이,59.9977,5,2016,61104,0,2026,9,15
강남구,세곡동,강남신동아파밀리에2단지,59.97,8,2011,10354,9,2026,9,15
강남구,삼성동,그라나다,45.24,3,2002,50000,0,2026,9,14
강남구,자곡동,래미안포레,49.94,2,2014,9060,16,2026,9,15
강남구,세곡동,강남신동아파밀리에1단지,49.74,5,2011,4792,35,2026,9,15
강남구,세곡동,강남신동아파밀리에2단지,59.97,11,2011,10354,9,2026,9,15
강남구,수서동,신동아,49.96,8,1992,48300,0,2026,9,9
강남구,자곡동,래미안포레,59.92,7,2014,40398,0,2026,9,15
강남구,세곡동,강남신동아파밀리에2단지,59.97,2,2011,7865,23,2026,9,15
강남구,개포동,개포자이프레지던스,84.5978,25,2023,161000,0,2026,9,8
강남구,압구정동,현대8차(성수현대:91~95동),111.5,5,1980,10000,250,2026,9,14
강남구,삼성동,삼성풍림2차아파트,93.78,8,1998,99750,0,2026,9,15
강남구,개포동,현대2,165.08,4,1986,110000,0,2026,9,2
강남구,도곡동,도곡렉슬,59.9818,22,2006,85000,150,2026,9,9
강남구,일원동,상록스타힐스,59.963,1,2022,11874,109,2026,9,14
강남구,삼성동,래미안삼성2차,105.5,7,2007,140000,0,2026,9,12
강남구,도곡동,도곡렉슬,59.9772,17,2006,50000,190,2026,9,10
강남구,수서동,수서한아름,129.45,2,1993,108150,0,2026,9,12
강남구,삼성동,현대힐스테이트2단지,84.236,9,2008,128100,0,2026,9,14
강남구,삼성동,래미안라클래시,59.99,10,2021,15444,104,2026,9,14
강남구,일원동,상록스타힐스,59.963,21,2022,43747,43,2026,9,14
강남구,일원동,상록스타힐스,59.921,19,2022,12499,115,2026,9,14
강남구,자곡동,래미안포레,59.97,10,2014,40398,0,2026,9,14
강남구,대치동,대치SKVIEW,84.3865,7,2017,200000,0,2026,9,14
강남구,개포동,래미안블레스티지,49.909,4,2019,12600,105,2026,9,14
강남구,개포동,개포래미안포레스트,74.66,11,2020,90000,160,2026,9,14
강남구,역삼동,개나리래미안,84.94,4,2006,80000,220,2026,9,13
강남구,자곡동,강남자곡 힐스테이트,84.39,11,2015,50000,100,2026,9,2
강남구,개포동,개포래미안포레스트,59.92,14,2020,60000,220,2026,9,12
강남구,개포동,래미안블레스티지,49.909,7,2019,24742,38,2026,9,14
강남구,일원동,상록스타힐스,59.592,19,2022,25968,50,2026,9,15
강남구,청담동,청담자이,49.619,26,2011,80000,100,2026,9,12
강남구,자곡동,래미안포레,84.85,10,2014,35824,0,2026,9,15
강남구,수서동,까치마을,34.44,1,1993,25300,0,2026,9,14
강남구,수서동,까치마을,49.5,11,1993,62000,0,2026,9,9
강남구,압구정동,미성2차,74.4,16,1987,100000,0,2026,9,9
강남구,개포동,현대1차101동~106동,128.62,5,1984,110000,40,2026,9,11
강남구,수서동,신동아,49.96,14,1992,35000,90,2026,9,14
강남구,개포동,삼익대청아파트,39.53,11,1992,42000,0,2026,9,9
강남구,논현동,신동아(22),84.52,5,1997,90000,0,2026,9,14
강남구,역삼동,래미안펜타빌,157.41,13,2007,100000,410,2026,9,14
강남구,도곡동,타워팰리스2,92.8,23,2003,60000,360,2026,9,14
강남구,일원동,한솔마을,63.76,1,1994,75000,0,2026,9,11
강남구,압구정동,한양1차(영동한양),60.07,5,1977,70000,0,2026,9,14
강남구,압구정동,"현대14차(203,204,205,206동)",84.98,10,1987,105000,0,2026,9,12
강남구,도곡동,도곡렉슬,59.9772,10,2006,25000,309,2026,9,12
강남구,신사동,썬-타워빌딩,23.72,6,2015,25000,0,2026,9,14
강남구,수서동,신동아,33.18,5,1992,39000,0,2026,9,11
강남구,개포동,개포래미안포레스트,74.66,3,2020,125000,0,2026,9,12
강남구,수서동,강남데시앙포레,59.97,8,2014,90000,0,2026,9,5
강남구,대치동,롯데캐슬리베,121.0894,10,2008,70000,450,2026,9,10
강남구,대치동,쌍용대치2,120.76,1,1983,98000,0,2026,9,12
강남구,개포동,개포주공6단지,53.06,10,1983,15000,90,2026,9,4
강남구,역삼동,개나리래미안,84.93,12,2006,130000,0,2026,9,11
강남구,대치동,래미안대치하이스턴,110.39,10,1989,90000,340,2026,9,12
강남구,개포동,개포자이프레지던스,102.7636,13,2023,195000,0,2026,9,13
강남구,청담동,대우유로카운티,121.48,8,2004,110000,100,2026,9,3
강남구,압구정동,한양5,153.59,11,1979,30000,500,2026,9,9
강남구,청담동,청담동삼성1차(101동),84.57,10,1997,10000,340,2026,9,12
강남구,도곡동,우성캐릭터199,132.94,9,1998,10000,560,2026,9,9
강남구,개포동,개포자이프레지던스,39.945,7,2023,6802,68,2026,9,13
강남구,개포동,개포자이프레지던스,45.8769,16,2023,22970,33,2026,9,12
강남구,논현동,펜트힐캐스케이드,43.3,13,2023,72000,0,2026,9,10
강남구,일원동,상록스타힐스,59.963,11,2022,62496,0,2026,9,7
강남구,자곡동,래미안포레,59.97,8,2014,68250,0,2026,9,12
강남구,일원동,상록스타힐스,59.592,13,2022,34624,25,2026,9,11
강남구,도곡동,럭키(963),124.1,4,1995,122500,0,2026,9,11
강남구,역삼동,역삼I'PARK,28.246,14,2006,2000,160,2026,9,12
강남구,자곡동,LH수서2단지아파트,36.84,2,2024,17265,19,2026,9,13
강남구,일원동,상록스타힐스,59.963,3,2022,62496,0,2026,9,11
강남구,일원동,디에이치자이개포,41.91,10,2021,14896,60,2026,9,14
강남구,일원동,상록스타힐스,18.877,3,2022,3929,36,2026,9,11
강남구,일원동,상록스타힐스,59.592,14,2022,8656,101,2026,9,11
강남구,일원동,디에이치자이개포,41.91,21,2021,16556,51,2026,9,12
강남구,논현동,리스트강남,17.37,6,2022,9417,45,2026,9,11
강남구,대치동,대치한신휴플러스,84.99,2,2005,55000,120,2026,9,11
강남구,역삼동,강남센트럴아이파크,59.994,14,2022,136500,0,2026,9,12
강남구,일원동,디에이치자이개포,41.91,12,2021,24956,73,2026,9,12
강남구,역삼동,역삼자이,114.019,24,2016,167000,40,2026,9,12
강남구,대치동,"쌍용대치아파트1동,2동,3동,5동,6동",83.56,3,1983,70000,150,2026,9,13
강남구,대치동,은마,76.79,6,1979,45000,30,2026,9,5
강남구,압구정동,한양7,106.22,10,1981,80000,40,2026,9,8
강남구,개포동,개포래미안포레스트,84.86,10,2020,100000,146,2026,9,12
강남구,역삼동,성영forU,114.01,2,2004,10000,300,2026,9,4
강남구,일원동,푸른마을아파트101동~111동,59.76,3,1994,20000,240,2026,9,13
강남구,역삼동,한스빌(836),39.89,4,1996,30000,0,2026,9,5
강남구,도곡동,도곡렉슬,84.9984,7,2006,158000,0,2026,9,12
강남구,수서동,강남데시앙포레,59.81,9,2014,75000,0,2026,9,11
강남구,도곡동,타워팰리스3,157.284,48,2004,280000,0,2026,9,1
강남구,역삼동,개나리래미안,59.95,9,2006,115000,0,2026,9,10
강남구,삼성동,래미안라클래시,59.99,23,2021,32400,50,2026,9,11
강남구,청담동,청담현대3차아파트,59.95,15,1999,73500,0,2026,9,11
강남구,대치동,한보미도맨션2,115.05,8,1985,126000,0,2026,9,11
강남구,역삼동,역삼푸르지오,59.8848,10,2006,102900,0,2026,9,6
강남구,수서동,까치마을,34.44,1,1993,26560,0,2026,9,14
강남구,개포동,성원대치2단지아파트,33.18,5,1992,32550,0,2026,9,12
강남구,일원동,상록스타힐스,18.877,3,2022,22022,0,2026,9,13
강남구,대치동,대우아이빌멤버스(891-26),35.796,6,2003,1000,120,2026,9,12
강남구,개포동,개포래미안포레스트,112.97,10,2020,130000,0,2026,9,5
강남구,자곡동,강남자곡아이파크,74.97,3,2014,20000,300,2026,9,12
강남구,대치동,대우아이빌명문가(891-23),34.2,10,2004,27000,0,2026,9,11
강남구,압구정동,"현대14차(203,204,205,206동)",84.98,1,1987,78750,0,2026,9,4
강남구,도곡동,삼성래미안,122.81,8,2001,160000,40,2026,9,10
강남구,삼성동,석탑아파트101동,59.43,6,1996,5000,270,2026,9,10
강남구,대치동,테헤란로대우아이빌(891-6),30.46,4,2004,18000,50,2026,9,10
강남구,도곡동,도곡렉슬,114.9931,7,2006,184000,0,2026,9,11
강남구,수서동,신동아,39.53,6,1992,45000,0,2026,9,11
강남구,일원동,래미안 개포 루체하임,49.99,4,2018,25850,39,2026,9,11
강남구,삼성동,래미안라클래시,59.99,7,2021,24840,87,2026,9,11
강남구,도곡동,삼성,84.81,6,1994,107000,0,2026,9,11
강남구,수서동,신동아,39.53,2,1992,50000,0,2026,9,10
강남구,도곡동,한신엠비씨,58.46,3,1988,10000,300,2026,9,4
강남구,논현동,신동아(22),35.73,10,1997,47000,0,2026,9,11
강남구,개포동,개포래미안포레스트,102.32,6,2020,30000,600,2026,9,11
강남구,자곡동,강남자곡아이파크,74.97,12,2014,90000,0,2026,9,11
강남구,역삼동,e-편한세상,84.991,3,2005,143000,0,2026,9,5
강남구,논현동,선정릉역모아엘가퍼스트홈,14.16,3,2023,4020,47,2026,9,11
강남구,대치동,롯데캐슬리베,121.0894,7,2008,70000,400,2026,9,9
강남구,개포동,개포주공6단지,53.06,5,1983,30000,0,2026,9,11
강남구,일원동,디에이치자이개포,84.71,4,2021,160000,0,2026,9,8
강남구,논현동,논현아이파크,47.46,6,2020,70000,0,2026,9,9
강남구,대치동,대치삼성,97.35,23,2000,100000,238,2026,9,10
강남구,개포동,개포래미안포레스트,59.92,5,2020,96600,0,2026,9,11
강남구,역삼동,역삼센트럴2차아이파크,19.685,5,2022,2000,147,2026,9,11
강남구,역삼동,금호어울림,133.77,10,2003,120750,0,2026,9,10
강남구,자곡동,강남브리즈힐,74.04,9,2014,63000,0,2026,9,11
강남구,청담동,청담린든그로브,176.8495,1,2017,30000,1850,2026,9,11
강남구,역삼동,원에디션강남,46.6169,3,2024,10000,350,2026,9,7
강남구,삼성동,삼성동센트럴아이파크,103.32,9,2018,210000,0,2026,9,2
강남구,수서동,까치마을,39.6,8,1993,29000,0,2026,9,11
강남구,도곡동,도곡렉슬,59.9772,17,2006,50000,190,2026,9,10
강남구,압구정동,한양4,101.09,12,1978,86000,0,2026,9,4
강남구,삼성동,래미안라클래시,59.99,5,2021,31144,45,2026,9,11
강남구,개포동,우성8,79.61,9,1987,89250,0,2026,9,5
강남구,일원동,상록스타힐스,46.855,16,2022,11143,130,2026,9,8
강남구,개포동,디에이치아너힐즈,59.7479,16,2019,70000,220,2026,9,11
강남구,개포동,래미안블레스티지,84.943,3,2019,143000,0,2026,9,11
강남구,개포동,성원대치2단지아파트,39.53,5,1992,38000,0,2026,9,11
강남구,역삼동,역삼래미안,59.4,10,2005,100000,0,2026,9,11
강남구,자곡동,LH수서2단지아파트,36.84,10,2024,23028,39,2026,9,11
강남구,개포동,개포자이프레지던스,39.945,2,2023,20040,29,2026,9,10
강남구,일원동,상록스타힐스,59.963,11,2022,49996,29,2026,9,4
강남구,도곡동,타워팰리스1,121.42,32,2002,172200,0,2026,9,7
강남구,논현동,더원센트럴,27.14,9,2018,34500,0,2026,9,10
강남구,개포동,개포자이프레지던스,39.945,1,2023,19034,27,2026,9,10
강남구,대치동,은마,84.43,5,1979,70000,0,2026,9,10
강남구,역삼동,역삼래미안,59.53,21,2005,5000,380,2026,9,5
강남구,일원동,샘터마을,134.438,7,1994,150000,0,2026,9,9
강남구,삼성동,미켈란147,83.69,16,2004,20000,430,2026,9,10
강남구,일원동,목련타운,134.71,9,1993,144300,0,2026,9,10
강남구,대치동,대치SKVIEW,84.3865,4,2017,210000,0,2026,9,5
강남구,도곡동,도곡렉슬,84.9984,9,2006,40000,460,2026,9,9
강남구,삼성동,삼성동센트럴아이파크,49.94,15,2018,9200,91,2026,9,7
강남구,삼성동,래미안라클래시,59.99,14,2021,23520,94,2026,9,10
강남구,청담동,청담2차이-편한세상(204동),107.71,5,2005,105000,0,2026,9,10
강남구,개포동,개포현대200동,82.2,3,1986,60000,50,2026,9,4
강남구,역삼동,강남역우정에쉐르,16.78,9,2004,20000,0,2026,9,10
강남구,일원동,디에이치자이개포,41.91,9,2021,21820,32,2026,9,10
강남구,수서동,강남데시앙포레,59.81,7,2014,63000,67,2026,9,10
강남구,압구정동,현대8차(성수현대:91~95동),107.64,3,1980,40000,137,2026,9,4
강남구,도곡동,도곡렉슬,120.8233,18,2006,173000,0,2026,9,10
강남구,개포동,래미안블레스티지,99.919,20,2019,170000,0,2026,9,7
강남구,개포동,삼익대청아파트,60,15,1992,75000,0,2026,9,5
강남구,일원동,디에이치자이개포,41.91,8,2021,7840,79,2026,9,10
강남구,역삼동,역삼자이,59.9977,9,2016,61104,0,2026,9,10
강남구,압구정동,현대8차(성수현대:91~95동),107.64,1,1980,78700,0,2026,9,9
강남구,일원동,상록스타힐스,59.963,4,2022,62496,0,2026,9,8
강남구,개포동,개포자이프레지던스,45.8769,3,2023,22970,33,2026,9,9
강남구,역삼동,지석천평대,63.03,1,2003,5000,250,2026,9,5
강남구,개포동,경남1,96.98,1,1984,84000,0,2026,9,5
강남구,역삼동,테헤란아이파크,92.6232,15,2014,158000,0,2026,9,10
강남구,일원동,상록스타힐스,59.921,10,2022,12499,146,2026,9,9
강남구,자곡동,LH수서2단지아파트,36.84,7,2024,18562,24,2026,9,9
강남구,역삼동,역삼래미안,59.53,14,2005,50000,180,2026,9,9
강남구,세곡동,세곡리엔파크(4단지),49.83,7,2011,10654,2,2026,9,9
강남구,수서동,삼성,84.97,1,1997,63000,0,2026,9,9
강남구,개포동,개포래미안포레스트,84.83,10,2020,145000,0,2026,9,9
강남구,일원동,우성7,68.4,5,1987,20000,170,2026,9,7
강남구,일원동,상록스타힐스,46.855,12,2022,44575,33,2026,9,9
강남구,자곡동,강남자곡 힐스테이트,84.39,7,2015,65000,0,2026,9,3
강남구,역삼동,대명벨리온,17.684,2,2012,1000,85,2026,9,1
강남구,일원동,디에이치자이개포,41.91,3,2021,13980,66,2026,9,9
강남구,일원동,푸른마을아파트101동~111동,59.76,7,1994,75000,0,2026,9,9
강남구,일원동,디에이치자이개포,41.91,22,2021,21820,32,2026,9,9
강남구,개포동,개포6차우성아파트1동~8동,79.97,3,1987,48000,0,2026,9,9
강남구,압구정동,현대4차저층(51~56동),117.91,2,1977,40000,375,2026,9,7
강남구,수서동,삼익,84.48,6,1992,25000,160,2026,9,9
강남구,삼성동,현대힐스테이트2단지,39.552,11,2008,2000,213,2026,9,9
강남구,대치동,한보미도맨션2,126.33,6,1985,138000,0,2026,9,9
강남구,도곡동,삼익,104.01,12,1983,40000,91,2026,9,6
강남구,삼성동,삼부아파트(101동),83.39,3,1998,77000,0,2026,9,5
강남구,대치동,은마,76.79,12,1979,60000,0,2026,9,4
강남구,대치동,대치현대,59.82,2,1999,40000,150,2026,9,5
강남구,대치동,은마,76.79,8,1979,60000,0,2026,9,9
강남구,일원동,상록스타힐스,59.921,2,2022,36009,105,2026,9,9
강남구,대치동,대치현대,59.82,3,1999,70000,0,2026,9,5
강남구,자곡동,LH수서2단지아파트,36.84,8,2024,20855,34,2026,9,9
강남구,개포동,성원대치2단지아파트,39.53,14,1992,5000,180,2026,9,5
강남구,대치동,테헤란로대우아이빌(891-6),29.63,20,2004,1000,105,2026,9,9
강남구,개포동,삼익대청아파트,60,12,1992,80000,0,2026,9,9
강남구,삼성동,풍림(1차),59.7,14,1998,73500,0,2026,9,9
강남구,일원동,상록수,74.54,3,1993,80000,0,2026,9,9
강남구,대치동,은마,76.79,14,1979,67000,0,2026,9,8
강남구,일원동,디에이치자이개포,41.91,23,2021,21950,31,2026,9,8
강남구,개포동,래미안블레스티지,59.837,20,2019,10000,450,2026,9,9
강남구,일원동,상록스타힐스,46.855,14,2022,16715,114,2026,9,8
강남구,일원동,디에이치자이개포,41.91,8,2021,21820,32,2026,9,8
강남구,개포동,개포자이프레지던스,39.945,7,2023,20040,29,2026,9,9
강남구,일원동,디에이치자이개포,41.91,23,2021,21820,32,2026,9,8
강남구,수서동,까치마을,34.44,14,1993,39900,0,2026,9,9
강남구,역삼동,대우디오빌,59.145,10,2002,5000,270,2026,9,8
강남구,일원동,상록스타힐스,46.855,16,2022,44575,33,2026,9,8
강남구,일원동,디에이치자이개포,41.91,9,2021,21950,31,2026,9,8
강남구,개포동,성원대치2단지아파트,33.18,4,1992,27550,0,2026,9,5
강남구,개포동,개포자이프레지던스,49.9528,10,2023,8960,90,2026,9,9
강남구,개포동,개포래미안포레스트,59.92,5,2020,99750,0,2026,9,5
강남구,일원동,디에이치자이개포,41.91,6,2021,21820,32,2026,9,8
강남구,대치동,대치삼성,97.35,9,2000,130000,150,2026,9,8
강남구,일원동,디에이치자이개포,41.91,9,2021,21820,32,2026,9,8
강남구,일원동,디에이치자이개포,41.91,6,2021,21950,31,2026,9,8
강남구,논현동,동현아파트1~6,84.92,2,1985,70000,0,2026,9,1
강남구,삼성동,노바삼성,21.8835,4,2023,2000,140,2026,9,1
강남구,자곡동,강남한양수자인(4단지),114.46,4,2014,94500,0,2026,9,3
강남구,압구정동,현대4차저층(51~56동),117.9,1,1977,63000,221,2026,9,7
강남구,삼성동,래미안라클래시,115.93,7,2021,250000,0,2026,9,8
강남구,대치동,대치동우정에쉐르1,79.07,10,2004,80000,0,2026,9,8
강남구,일원동,디에이치자이개포,41.91,5,2021,21820,32,2026,9,8
강남구,삼성동,삼성동센트럴아이파크,59.96,7,2018,20000,463,2026,9,8
강남구,일원동,디에이치자이개포,84.72,16,2021,90000,260,2026,9,4
강남구,일원동,디에이치자이개포,41.91,9,2021,20726,30,2026,9,8
강남구,일원동,디에이치자이개포,41.91,21,2021,21280,35,2026,9,8
강남구,일원동,디에이치자이개포,41.91,26,2021,15680,63,2026,9,8
강남구,세곡동,세곡리엔파크(4단지),84.98,3,2011,43410,0,2026,9,8
강남구,일원동,디에이치자이개포,41.91,6,2021,24136,49,2026,9,8
강남구,삼성동,삼성동센트럴아이파크,49.96,17,2018,18400,72,2026,9,8
강남구,삼성동,래미안라클래시,84.99,19,2021,20000,630,2026,9,8
강남구,역삼동,강남센트럴아이파크,59.994,18,2022,133000,0,2026,9,7
강남구,개포동,삼익대청아파트,39.53,5,1992,41000,0,2026,9,5
강남구,개포동,래미안블레스티지,49.909,5,2019,24910,38,2026,9,8
강남구,개포동,성원대치2단지아파트,39.53,6,1992,38580,0,2026,9,8
강남구,대치동,대치SKVIEW,93.4,9,2017,230000,0,2026,9,1
강남구,삼성동,대우멤버스카운티(101동),152.1,6,2004,160000,0,2026,9,4
강남구,자곡동,LH수서2단지아파트,36.84,7,2024,17265,19,2026,9,8
강남구,일원동,디에이치자이개포,41.91,25,2021,21820,32,2026,9,8
강남구,수서동,신동아,39.53,7,1992,34650,0,2026,9,7
강남구,세곡동,세곡리엔파크(4단지),84.98,1,2011,39083,0,2026,9,8
강남구,개포동,개포자이프레지던스,39.945,5,2023,7160,72,2026,9,8
강남구,일원동,디에이치자이개포,41.91,2,2021,21820,60,2026,9,8
강남구,일원동,디에이치자이개포,41.91,8,2021,15680,63,2026,9,8
강남구,일원동,디에이치자이개포,41.91,17,2021,21820,32,2026,9,8
강남구,도곡동,도곡스타클래스,112.75,9,2007,60000,245,2026,9,8
강남구,일원동,상록스타힐스,59.963,4,2022,12499,115,2026,9,7
강남구,일원동,상록스타힐스,59.963,7,2022,12499,115,2026,9,3
강남구,일원동,상록스타힐스,59.963,10,2022,12499,115,2026,9,1
강남구,도곡동,타워팰리스2,160.17,37,2003,230000,0,2026,9,4
강남구,대치동,대치현대,59.82,13,1999,23500,210,2026,9,3
강남구,일원동,상록스타힐스,59.963,21,2022,12499,115,2026,9,4
강남구,일원동,상록스타힐스,59.963,18,2022,12499,115,2026,9,4
강남구,삼성동,삼성풍림2차아파트,59.94,1,1998,63000,0,2026,9,8
강남구,대치동,대치아이파크,84.93,2,2008,138915,0,2026,9,8
강남구,도곡동,타워팰리스2,115.63,41,2003,30000,0,2026,9,7
강남구,도곡동,도곡렉슬,59.9772,1,2006,30000,300,2026,9,7
강남구,개포동,개포자이프레지던스,39.945,3,2023,20040,29,2026,9,8
강남구,일원동,디에이치자이개포,41.91,24,2021,21820,32,2026,9,8
강남구,일원동,디에이치자이개포,41.91,19,2021,8396,73,2026,9,7
강남구,수서동,강남데시앙포레,59.81,11,2014,82000,0,2026,9,7
강남구,수서동,까치마을,39.6,3,1993,5000,160,2026,9,7
강남구,개포동,래미안블레스티지,59.967,4,2019,99500,0,2026,9,7
강남구,일원동,상록스타힐스,59.963,21,2022,12499,146,2026,9,4
강남구,역삼동,역삼동우정에쉐르1,59.81,7,2004,60000,0,2026,9,2
강남구,세곡동,세곡리엔파크(4단지),49.83,5,2011,2032,40,2026,9,7
강남구,일원동,디에이치자이개포,41.91,5,2021,21820,32,2026,9,7
강남구,일원동,상록스타힐스,46.855,6,2022,14912,80,2026,9,4
강남구,일원동,상록스타힐스,59.963,25,2022,12499,115,2026,9,3
강남구,세곡동,세곡리엔파크(4단지),59.84,4,2011,9561,15,2026,9,7
강남구,수서동,신동아,39.53,5,1992,5000,170,2026,9,1
강남구,삼성동,서광아파트,59.67,2,1998,60000,120,2026,9,4
강남구,자곡동,LH수서2단지아파트,36.6,3,2024,17080,19,2026,9,8
강남구,세곡동,세곡푸르지오,74.74,11,2012,75000,60,2026,9,5
강남구,세곡동,세곡리엔파크(3단지),59.97,9,2011,5735,39,2026,9,7
강남구,도곡동,래미안도곡카운티,71.85,16,2016,41000,405,2026,9,5
강남구,역삼동,역삼I'PARK,28.246,8,2006,10000,135,2026,9,7
강남구,세곡동,세곡푸르지오,59.89,6,2012,68000,0,2026,9,5
강남구,자곡동,디아크리온강남,55.97,10,2023,5000,200,2026,9,5
강남구,삼성동,래미안라클래시,71.99,18,2021,25000,540,2026,9,4
강남구,청담동,청담신원아침도시마인,27.0875,6,2013,30000,0,2026,9,7
강남구,자곡동,래미안포레,84.89,8,2014,84000,0,2026,9,5
강남구,압구정동,"현대6차(78~81,83,84,86,87동)",196.7,4,1978,340000,0,2026,9,3
강남구,수서동,신동아,39.51,4,1992,55000,0,2026,9,6
강남구,개포동,성원대치2단지아파트,39.53,7,1992,55000,0,2026,9,5
강남구,개포동,래미안블레스티지,59.967,9,2019,40000,320,2026,9,2
강남구,역삼동,개나리SK뷰,127.27,3,2012,105000,330,2026,9,5
강남구,도곡동,타워팰리스1,120.78,30,2002,177450,0,2026,9,5
강남구,세곡동,세곡리엔파크(3단지),59.97,11,2011,5735,39,2026,9,7
강남구,삼성동,래미안삼성2차,101.38,10,2007,141750,0,2026,9,5
강남구,청담동,삼성청담공원아파트,107.22,3,1999,105000,0,2026,9,4
강남구,삼성동,삼성동센트럴아이파크,49.94,15,2018,18400,72,2026,9,7
강남구,일원동,상록스타힐스,39.876,15,2022,43798,0,2026,9,4
강남구,역삼동,우림루미아트2,24,7,2003,18200,15,2026,9,4
강남구,개포동,개포자이프레지던스,84.5978,9,2023,90000,260,2026,9,5
강남구,개포동,개포자이프레지던스,59.9751,14,2023,30000,420,2026,9,5
강남구,삼성동,석탑아파트101동,84.6,18,1996,90000,20,2026,9,6
강남구,일원동,디에이치자이개포,41.91,7,2021,21820,32,2026,9,5
강남구,일원동,상록스타힐스,59.592,22,2022,43281,0,2026,9,4
강남구,일원동,상록스타힐스,59.963,18,2022,12499,115,2026,9,4
강남구,도곡동,우성4,152.74,9,1985,60000,240,2026,9,4
강남구,개포동,성원대치2단지아파트,33.18,13,1992,37800,0,2026,9,4
강남구,청담동,"청담2차이-편한세상(201동,202동,203동)",107.18,2,2006,115000,0,2026,9,5
강남구,압구정동,한양1차(영동한양),49.98,11,1977,52000,0,2026,9,1
강남구,논현동,한양수자인어반게이트,20.7,3,2013,1397,24,2026,9,7
강남구,자곡동,강남한양수자인(4단지),101.51,2,2014,84000,0,2026,9,4
강남구,세곡동,세곡리엔파크(3단지),49.74,3,2011,4793,34,2026,9,5
강남구,자곡동,강남자곡 힐스테이트,51.99,2,2015,22493,0,2026,9,4
강남구,압구정동,한양1차(영동한양),78.05,4,1977,50000,120,2026,9,5
강남구,일원동,상록스타힐스,59.963,24,2022,37497,57,2026,9,4
강남구,일원동,상록스타힐스,59.921,13,2022,12499,115,2026,9,4
강남구,개포동,성원대치2단지아파트,49.86,15,1992,64000,0,2026,9,5
강남구,개포동,성원대치2단지아파트,49.86,4,1992,30000,155,2026,9,5
강남구,역삼동,역삼자이,59.9977,11,2016,61104,0,2026,9,4
강남구,개포동,성원대치2단지아파트,33.18,12,1992,30090,0,2026,9,5
강남구,일원동,디에이치자이개포,41.91,20,2021,17760,52,2026,9,6
강남구,논현동,아크로힐스논현,56.875,9,2014,62475,0,2026,9,4
강남구,세곡동,세곡리엔파크(4단지),59.84,3,2011,5462,38,2026,9,6
강남구,수서동,까치마을,34.44,15,1993,26600,6,2026,9,5
강남구,논현동,동부센트레빌,84.9875,15,2003,75000,120,2026,9,4
강남구,일원동,상록스타힐스,59.963,11,2022,62496,0,2026,9,4
강남구,일원동,상록수,84.95,2,1993,58000,100,2026,9,5
강남구,세곡동,세곡푸르지오,74.74,6,2012,70000,45,2026,9,5
강남구,세곡동,세곡리엔파크(3단지),84.98,6,2011,45580,0,2026,9,5
강남구,자곡동,강남자곡 힐스테이트,84.39,9,2015,80000,0,2026,9,6
강남구,역삼동,강남센트럴아이파크,84.99,8,2022,160000,0,2026,9,5
강남구,일원동,상록스타힐스,59.963,19,2022,12499,115,2026,9,4
강남구,역삼동,테헤란아이파크,70.8333,8,2014,120000,40,2026,9,2
강남구,일원동,상록수,84.95,5,1993,71000,0,2026,9,1
강남구,수서동,까치마을,39.6,7,1993,41000,0,2026,9,4
강남구,자곡동,LH수서2단지아파트,14.69,5,2024,6916,8,2026,9,4
강남구,자곡동,LH수서2단지아파트,26.54,9,2024,12038,42,2026,9,4
강남구,논현동,펜트힐캐스케이드,43.01,5,2023,65000,0,2026,9,4
강남구,도곡동,도곡렉슬,114.9931,13,2006,180000,0,2026,9,4
강남구,자곡동,LH수서2단지아파트,26.54,15,2024,7481,27,2026,9,4
강남구,역삼동,강남센트럴아이파크,125.413,22,2022,123000,330,2026,9,4
강남구,개포동,개포래미안포레스트,112.73,4,2020,190000,0,2026,9,4
강남구,압구정동,한양1차(영동한양),49.98,7,1977,65000,0,2026,9,3
강남구,수서동,까치마을,49.5,8,1993,25000,145,2026,9,4
강남구,자곡동,LH수서2단지아파트,44.89,11,2024,23356,26,2026,9,4
강남구,일원동,한솔마을,84.73,5,1994,81900,0,2026,9,4
강남구,일원동,상록스타힐스,59.592,15,2022,12984,69,2026,9,3
강남구,개포동,개포자이프레지던스,39.945,6,2023,14320,57,2026,9,4
강남구,일원동,디에이치자이개포,41.91,12,2021,10680,73,2026,9,3
강남구,역삼동,지석천평대,85.99,3,2003,77700,0,2026,9,4
강남구,청담동,구산,80.58,5,1993,84000,0,2026,9,2
강남구,일원동,디에이치자이개포,41.91,12,2021,21820,32,2026,9,3
강남구,압구정동,한양1차(영동한양),63.87,8,1977,40000,150,2026,9,4
강남구,역삼동,역삼I'PARK,116.285,18,2006,163000,0,2026,9,2
강남구,수서동,까치마을,49.5,11,1993,60900,0,2026,9,3
강남구,일원동,상록스타힐스,46.855,1,2022,10029,117,2026,9,3
강남구,자곡동,래미안강남힐즈,91.96,9,2014,94500,0,2026,9,4
강남구,일원동,디에이치자이개포,41.91,6,2021,21820,32,2026,9,3
강남구,일원동,디에이치자이개포,41.91,14,2021,15680,63,2026,9,3
강남구,대치동,대치삼성,109.04,9,2000,40000,610,2026,9,2
강남구,일원동,디에이치자이개포,41.91,8,2021,21784,75,2026,9,3
강남구,개포동,개포자이프레지던스,84.5978,15,2023,80000,98,2026,9,1
강남구,일원동,상록스타힐스,59.592,12,2022,12984,69,2026,9,3
강남구,일원동,상록스타힐스,59.592,6,2022,24257,71,2026,9,3
강남구,도곡동,중명하니빌,28.58,3,1997,18000,0,2026,9,3
강남구,삼성동,현대힐스테이트2단지,40.763,8,2008,35000,165,2026,9,3
강남구,개포동,개포자이프레지던스,84.5978,5,2023,100000,260,2026,9,3
강남구,압구정동,한양3,116.94,3,1978,110000,0,2026,9,3
강남구,압구정동,"현대6차(78~81,83,84,86,87동)",157.36,5,1978,30000,430,2026,9,2
강남구,논현동,한진로즈힐,103.96,4,2004,60000,155,2026,9,2
강남구,일원동,디에이치자이개포,41.91,3,2021,21820,32,2026,9,3
강남구,역삼동,한스빌(836),39.89,7,1996,28100,0,2026,9,3
강남구,논현동,동현아파트1~6,84.92,4,1985,10000,200,2026,9,3
강남구,일원동,샘터마을,101.97,3,1994,100000,95,2026,9,2
강남구,자곡동,LH수서2단지아파트,36.84,2,2024,16065,26,2026,9,3
강남구,자곡동,LH수서2단지아파트,36.84,4,2024,17265,19,2026,9,3
강남구,자곡동,LH수서2단지아파트,36.84,4,2024,17265,19,2026,9,3
강남구,도곡동,도곡1차아이파크,84.122,8,2007,110000,0,2026,9,3
강남구,도곡동,아카데미스위트1,128.74,6,2004,160000,0,2026,9,2
강남구,대치동,대우아이빌명문가(891-23),33.06,10,2004,1000,85,2026,9,3
강남구,자곡동,강남자곡 힐스테이트,46.91,3,2015,19256,0,2026,9,2
강남구,자곡동,강남자곡 힐스테이트,46.91,10,2015,19444,0,2026,9,2
강남구,삼성동,롯데캐슬프레미어,84.484,11,2007,133350,0,2026,9,2
강남구,역삼동,역삼자이,59.9977,13,2016,64013,0,2026,9,2
강남구,자곡동,LH수서2단지아파트,36.84,2,2024,12965,44,2026,9,2
강남구,역삼동,한화진넥스빌,43.58,25,2001,27000,0,2026,9,1
강남구,개포동,성원대치2단지아파트,39.53,5,1992,52000,0,2026,9,2
강남구,자곡동,LH수서2단지아파트,36.84,6,2024,11665,48,2026,9,3
강남구,삼성동,우정에쉐르2,59.54,3,2004,52500,0,2026,9,2
강남구,신사동,압구정대원칸타빌아파트,59.73,3,2001,10000,240,2026,9,1
강남구,개포동,개포래미안포레스트,84.83,21,2020,50000,380,2026,9,2
강남구,개포동,개포자이프레지던스,39.945,4,2023,6802,68,2026,9,2
강남구,자곡동,강남한양수자인(4단지),84.89,8,2014,47683,0,2026,9,2
강남구,압구정동,한양8(81동한개동),204.64,13,1984,280000,0,2026,9,1
강남구,세곡동,강남신동아파밀리에2단지,84.98,10,2011,76650,0,2026,9,2
강남구,논현동,브라이튼N40,149.1843,6,2022,288700,240,2026,9,2
강남구,대치동,은마,76.79,11,1979,73500,0,2026,9,2
강남구,개포동,개포자이프레지던스,84.5978,12,2023,123000,95,2026,9,2
강남구,일원동,상록스타힐스,59.963,10,2022,12499,115,2026,9,1
강남구,일원동,상록스타힐스,46.855,11,2022,39765,29,2026,9,1
강남구,일원동,디에이치자이개포,118.68,21,2021,240000,0,2026,9,2
강남구,일원동,디에이치자이개포,118.68,6,2021,230000,0,2026,9,1
강남구,자곡동,강남브리즈힐,84.29,1,2014,40000,160,2026,9,1
강남구,개포동,디에이치퍼스티어아이파크,59.97,15,2023,90000,140,2026,9,1
강남구,개포동,디에이치퍼스티어아이파크,59.97,20,2023,125000,0,2026,9,1
강남구,도곡동,타워팰리스3,163.944,67,2004,40000,1080,2026,9,1
강남구,개포동,개포자이프레지던스,84.5978,8,2023,120000,0,2026,9,1
강남구,개포동,개포래미안포레스트,112.97,12,2020,193000,0,2026,9,1
강남구,자곡동,강남자곡 힐스테이트,51.96,7,2015,21422,0,2026,9,1
강남구,개포동,디에이치퍼스티어아이파크,112.99,23,2023,50000,600,2026,9,1
강남구,개포동,개포주공7단지,73.26,11,1983,10000,140,2026,9,1
송파구,거여동,거여1단지,59.73,1,1997,57000,0,2026,9,19
송파구,가락동,가락(1차)쌍용아파트,59.92,20,1997,50000,0,2026,9,12
송파구,풍납동,신동아파밀리에,59.36,11,1993,49000,0,2026,9,17
송파구,오금동,상아2차아파트,60,10,1988,38850,0,2026,9,12
송파구,거여동,송파레이크파크호반써밋Ⅰ,108.8109,12,2022,53000,230,2026,9,1
송파구,풍납동,극동,79.945,10,1987,44000,0,2026,9,8
송파구,가락동,헬리오시티,84.99,20,2018,80000,215,2026,9,6
송파구,신천동,파크리오,144.77,5,2008,145000,0,2026,9,8
송파구,문정동,힐스테이트e편한세상문정,49.92,14,2024,53000,0,2026,9,1
송파구,거여동,송파시그니처롯데캐슬,59.98,28,2021,77000,0,2026,9,4
송파구,거여동,거여1단지,49.8,11,1997,19500,38,2026,9,5
송파구,송파동,2차한양아파트,64.26,3,1984,50000,0,2026,9,5
송파구,잠실동,레이크팰리스,116.19,1,2006,60000,390,2026,9,19
송파구,방이동,올림픽카운티,38.22,14,2003,29000,0,2026,9,15
송파구,잠실동,리센츠,27.68,24,2008,63000,0,2026,9,21
송파구,방이동,올림픽선수기자촌2단지,83.06,9,1988,78750,0,2026,9,5
송파구,가락동,가락(1차)쌍용아파트,84.69,21,1997,78000,0,2026,9,19
송파구,잠실동,잠실엘스,59.96,7,2008,100000,60,2026,9,12
송파구,잠실동,리센츠,27.68,8,2008,57000,0,2026,9,22
송파구,문정동,힐스테이트e편한세상문정,59.94,16,2024,59850,0,2026,9,12
송파구,잠실동,리센츠,84.99,1,2008,131250,0,2026,9,22
송파구,문정동,올림픽훼밀리타운,84.751,2,1988,76650,0,2026,9,9
송파구,문정동,올림픽훼밀리타운,84.751,14,1988,85000,0,2026,9,17
송파구,신천동,파크리오,84.9,24,2008,120000,0,2026,9,23
송파구,잠실동,리센츠,27.68,28,2008,65000,0,2026,9,11
송파구,문정동,힐스테이트e편한세상문정,59.87,8,2024,60900,0,2026,9,12
송파구,오금동,현대(2-4차),130.93,6,1984,81900,0,2026,9,19
송파구,가락동,성원상떼빌,101.52,3,2006,10000,250,2026,9,14
송파구,잠실동,잠실엘스,84.8,15,2008,90000,200,2026,9,10
송파구,잠실동,잠실엘스,59.96,4,2008,85000,100,2026,9,5
송파구,장지동,힐스테이트송파위례,101.8,10,2016,90000,0,2026,9,19
송파구,잠실동,잠실엘스,84.8,4,2008,140000,0,2026,9,18
송파구,문정동,파크하비오,84.9072,12,2016,50000,145,2026,9,17
송파구,가락동,가락(1차)쌍용아파트,59.92,2,1997,50000,40,2026,9,4
송파구,가락동,가락(1차)쌍용아파트,84.69,11,1997,80000,0,2026,9,23
송파구,마천동,송파파크데일1단지,84.13,12,2011,50000,75,2026,9,22
송파구,신천동,잠실더샵스타파크,137.37,13,2008,120000,110,2026,9,23
송파구,가락동,헬리오시티,84.99,11,2018,135000,0,2026,9,5
송파구,송파동,한양아파트,158.61,7,1983,87000,0,2026,9,21
송파구,잠실동,잠실엘스,84.8,9,2008,144000,0,2026,9,22
송파구,잠실동,리센츠,84.99,24,2008,10000,432,2026,9,5
송파구,거여동,포레나송파,75.6,1,2021,80000,0,2026,9,22
송파구,잠실동,잠실엘스,84.8,17,2008,139000,0,2026,9,22
송파구,가락동,헬리오시티,84.95,3,2018,98500,0,2026,9,16
송파구,잠실동,리센츠,84.99,11,2008,155000,0,2026,9,22
송파구,거여동,거여3단지,59.673,10,2000,1926,26,2026,9,23
송파구,장지동,위례24단지(꿈에그린),51.77,3,2013,63000,0,2026,9,18
송파구,오금동,송파레미니스,39.67,19,2017,6233,11,2026,9,22
송파구,풍납동,현대1,71.17,11,1995,20000,190,2026,9,21
송파구,가락동,헬리오시티,39.12,20,2018,66150,0,2026,9,16
송파구,신천동,파크리오,121.63,15,2008,90000,310,2026,9,17
송파구,문정동,힐스테이트e편한세상문정,74.43,7,2024,100000,0,2026,9,22
송파구,오금동,송파더플래티넘,106.23,10,2024,81900,0,2026,9,7
송파구,오금동,상아2차아파트,45.77,11,1988,38000,0,2026,9,22
송파구,잠실동,트리지움,84.83,18,2007,30000,480,2026,9,23
송파구,장지동,위례24단지(꿈에그린),51.77,14,2013,65000,0,2026,9,23
송파구,오금동,상아2차아파트,60,11,1988,45500,0,2026,9,19
송파구,신천동,파크리오,84.9,22,2008,128000,0,2026,9,21
송파구,가락동,헬리오시티,39.86,21,2018,80000,0,2026,9,22
송파구,가락동,헬리오시티,39.17,17,2018,14176,50,2026,9,22
송파구,거여동,송파시그니처롯데캐슬,41.96,4,2021,3481,17,2026,9,22
송파구,신천동,파크리오,144.77,24,2008,100000,199,2026,9,12
송파구,잠실동,레이크팰리스,136.74,22,2006,157500,0,2026,9,12
송파구,장지동,송파와이즈더샵,97.1902,12,2016,103000,0,2026,9,12
송파구,잠실동,잠실엘스,84.8,24,2008,80000,180,2026,9,12
송파구,거여동,e편한세상송파파크센트럴,34.93,5,2021,4321,7,2026,9,21
송파구,거여동,송파시그니처롯데캐슬,59.98,23,2021,50000,160,2026,9,21
송파구,잠실동,트리지움,59.88,3,2007,30000,320,2026,9,18
송파구,신천동,파크리오,59.95,14,2008,40000,260,2026,9,22
송파구,신천동,한신잠실코아,64.08,13,1988,65000,0,2026,9,12
송파구,가락동,헬리오시티,130.06,16,2018,178500,0,2026,9,21
송파구,거여동,송파시그니처롯데캐슬,39.9,6,2021,14917,40,2026,9,22
송파구,잠실동,트리지움,114.7,6,2007,170000,0,2026,9,22
송파구,잠실동,리센츠,84.99,22,2008,120000,0,2026,9,5
송파구,오금동,현대(2-4차),130.93,13,1984,90000,40,2026,9,21
송파구,풍납동,신성노바빌아파트,59.78,14,2000,58500,0,2026,9,21
송파구,송파동,래미안송파파인탑,71.73,12,2012,85000,50,2026,9,19
송파구,오금동,송파더플래티넘,66.94,12,2024,76000,0,2026,9,21
송파구,거여동,송파시그니처롯데캐슬,41.96,7,2021,18037,25,2026,9,22
송파구,가락동,가락(1차)쌍용아파트,84.69,16,1997,70350,0,2026,9,15
송파구,송파동,송파삼성래미안아파트,79.7,13,2001,80850,0,2026,9,22
송파구,거여동,거여2단지효성아파트,134.88,15,1997,93000,0,2026,9,21
송파구,거여동,거여1단지,49.8,8,1997,50000,0,2026,9,22
송파구,방이동,서경아파트,64.61,3,2003,45000,0,2026,9,21
송파구,가락동,가락(1차)쌍용아파트,59.92,14,1997,72000,0,2026,9,22
송파구,장지동,위례24단지(꿈에그린),51.77,1,2013,50000,10,2026,9,19
송파구,석촌동,석촌호수효성해링턴타워,15.8307,12,2015,18480,0,2026,9,19
송파구,잠실동,트리지움,84.95,18,2007,140000,0,2026,9,21
송파구,신천동,파크리오,84.79,27,2008,90000,120,2026,9,12
송파구,잠실동,주공아파트 5단지,82.61,4,1978,55000,0,2026,9,18
송파구,잠실동,잠실엘스,84.8,20,2008,10000,448,2026,9,10
송파구,문정동,힐스테이트e편한세상문정,59.94,15,2024,60375,0,2026,9,22
송파구,문정동,파크하비오,84.9648,15,2016,90000,20,2026,9,19
송파구,거여동,거여5단지,59.74,4,1997,57000,0,2026,9,14
송파구,가락동,가락(1차)쌍용아파트,59.92,6,1997,57750,0,2026,9,21
송파구,가락동,가락(1차)쌍용아파트,59.92,4,1997,40000,130,2026,9,12
송파구,거여동,포레나송파,84.8,4,2021,90000,0,2026,9,21
송파구,문정동,건영1,84.39,13,1996,57700,0,2026,9,19
송파구,마천동,송파파크데일3단지,31.98,5,2017,10992,15,2026,9,21
송파구,장지동,송파더센트레,51.77,12,2013,63000,0,2026,9,19
송파구,문정동,힐스테이트e편한세상문정,49.4,11,2024,55650,0,2026,9,18
송파구,장지동,위례24단지(꿈에그린),51.77,5,2013,30000,120,2026,9,19
송파구,장지동,송파파인타운11단지,84.94,16,2007,28000,160,2026,9,21
송파구,잠실동,리센츠,27.68,6,2008,35000,70,2026,9,12
송파구,신천동,파크리오,84.97,9,2008,108000,0,2026,9,15
송파구,신천동,장미1,82.45,2,1979,70000,0,2026,9,21
송파구,문정동,문정래미안,84.96,3,2004,65000,80,2026,9,3
송파구,가락동,보보스하우스A,59.6,7,2001,2000,60,2026,9,2
송파구,잠실동,주공아파트 5단지,76.5,10,1978,15000,130,2026,9,22
송파구,신천동,파크리오,35.24,11,2008,3000,136,2026,9,19
송파구,송파동,호수임광,84.87,4,1995,66150,0,2026,9,17
송파구,방이동,현대주상복합,28.64,3,1998,23000,0,2026,9,3
송파구,신천동,롯데캐슬골드,166.7,18,2005,20000,685,2026,9,10
송파구,방이동,현대주상복합,30.8,5,1998,22500,0,2026,9,19
송파구,송파동,잠실더샵루벤,106.8873,12,2025,20000,420,2026,9,19
송파구,신천동,한신잠실코아,52.51,6,1988,50400,0,2026,9,21
송파구,가락동,래미안파크팰리스,84.924,10,2007,50000,200,2026,9,21
송파구,신천동,파크리오,84.79,17,2008,115500,0,2026,9,21
송파구,거여동,송파레이크파크호반써밋Ⅰ,108.8119,12,2022,105000,0,2026,9,20
송파구,풍납동,잠실올림픽공원아이파크,75.99,6,2019,65000,180,2026,9,16
송파구,풍납동,현대리버빌2지구,40.95,12,1999,35000,0,2026,9,21
송파구,잠실동,리센츠,27.68,25,2008,60500,0,2026,9,21
송파구,마천동,송파파크데일2단지,84.99,3,2011,53300,0,2026,9,12
송파구,거여동,송파시그니처롯데캐슬,59.98,32,2021,10000,320,2026,9,19
송파구,문정동,힐스테이트e편한세상문정,49.92,13,2024,75000,0,2026,9,17
송파구,문정동,힐스테이트e편한세상문정,84.97,8,2024,94500,0,2026,9,21
송파구,거여동,거여1단지,49.8,6,1997,40950,0,2026,9,18
송파구,송파동,2차한양아파트,64.26,10,1984,45000,0,2026,9,5
송파구,신천동,장미2,99,6,1979,72000,0,2026,9,20
송파구,신천동,파크리오,84.9,19,2008,50000,200,2026,9,19
송파구,거여동,송파레이크힐,74.9,6,2021,84000,0,2026,9,19
송파구,가락동,가락(1차)쌍용아파트,84.69,5,1997,70350,0,2026,9,19
송파구,거여동,송파시그니처롯데캐슬,59.98,1,2021,80000,0,2026,9,21
송파구,송파동,래미안송파파인탑,71.73,12,2012,85000,50,2026,9,19
송파구,장지동,위례24단지(꿈에그린),59.66,5,2013,54200,0,2026,9,19
송파구,가락동,헬리오시티,84.99,14,2018,135000,0,2026,9,15
송파구,방이동,코오롱아파트,84.95,3,1991,95000,0,2026,9,20
송파구,거여동,송파시그니처롯데캐슬,41.96,7,2021,1491,21,2026,9,21
송파구,신천동,장미3,134.16,7,1984,100000,0,2026,9,19
송파구,방이동,올림픽선수기자촌1단지,83.06,12,1988,100000,0,2026,9,19
송파구,잠실동,잠실엘스,84.97,21,2008,135000,0,2026,9,14
송파구,문정동,올림픽훼밀리타운,136.325,11,1988,10000,327,2026,9,4
송파구,잠실동,잠실엘스,59.96,17,2008,50000,270,2026,9,17
송파구,가락동,헬리오시티,84.99,35,2018,133000,0,2026,9,20
송파구,잠실동,리센츠,27.68,28,2008,15000,130,2026,9,7
송파구,잠실동,잠실엘스,84.88,13,2008,113400,0,2026,9,18
송파구,장지동,위례신도시송파푸르지오,106.967,24,2015,105000,0,2026,9,21
송파구,거여동,e편한세상송파파크센트럴,84.96,7,2021,58000,0,2026,9,14
송파구,장지동,송파파인타운5단지,84.93,20,2008,53000,32,2026,9,11
송파구,신천동,장미1,99,13,1979,97000,0,2026,9,15
송파구,신천동,파크리오,59.86,7,2008,115000,0,2026,9,16
송파구,거여동,e편한세상송파파크센트럴,34.93,7,2021,3224,15,2026,9,21
송파구,잠실동,우성아파트,96.04,13,1981,90000,0,2026,9,21
송파구,오금동,현대(2-4차),130.93,6,1984,60000,120,2026,9,20
송파구,거여동,송파시그니처롯데캐슬,39.9,7,2021,14376,49,2026,9,21
송파구,방이동,동광팰리스,23.88,13,2018,27000,11,2026,9,21
송파구,잠실동,잠실엘스,59.96,7,2008,120000,0,2026,9,18
송파구,문정동,힐스테이트e편한세상문정,74.43,9,2024,20000,214,2026,9,19
송파구,문정동,문정래미안,120.97,7,2004,86000,0,2026,9,16
송파구,방이동,올림픽선수기자촌1단지,83.06,24,1988,95000,0,2026,9,19
송파구,문정동,힐스테이트e편한세상문정,59.94,9,2024,63000,0,2026,9,15
송파구,가락동,헬리오시티,49.21,30,2018,87000,0,2026,9,18
송파구,신천동,파크리오,84.79,27,2008,93000,0,2026,9,21
송파구,방이동,올림픽선수기자촌2단지,126.18,3,1988,107000,110,2026,9,19
송파구,장지동,송파파인타운6단지,84.93,9,2008,10000,250,2026,9,19
송파구,장지동,위례24단지(꿈에그린),59.63,6,2013,64000,0,2026,9,21
송파구,방이동,현대주상복합,23.99,7,1998,20000,0,2026,9,19
송파구,문정동,힐스테이트e편한세상문정,74.95,16,2024,15000,200,2026,9,19
송파구,거여동,현대3차,84.94,10,1993,58800,0,2026,9,19
송파구,신천동,장미2,82.45,2,1979,90000,0,2026,9,15
송파구,거여동,거여4단지,39.6,6,1997,30000,7,2026,9,12
송파구,장지동,송파파인타운6단지,84.93,12,2008,20000,260,2026,9,19
송파구,거여동,거여3단지,39.936,3,2000,1359,21,2026,9,21
송파구,신천동,파크리오,84.79,36,2008,35000,340,2026,9,18
송파구,신천동,파크리오,84.79,12,2008,95000,105,2026,9,18
송파구,가락동,헬리오시티,39.12,21,2018,10000,280,2026,9,17
송파구,거여동,포레나송파,75.91,3,2021,75000,0,2026,9,18
송파구,가락동,에스아이팰리스송파포레,36.87,6,2023,1000,220,2026,9,4
송파구,가락동,헬리오시티,84.99,6,2018,111000,0,2026,9,19
송파구,문정동,힐스테이트e편한세상문정,59.87,14,2024,64000,0,2026,9,18
송파구,잠실동,현대,71.9,12,1990,55000,11,2026,9,13
송파구,송파동,래미안송파파인탑,71.73,5,2012,30000,240,2026,9,14
송파구,거여동,e편한세상송파파크센트럴,113.63,18,2021,100000,0,2026,9,18
송파구,문정동,힐스테이트e편한세상문정,74.43,10,2024,72450,0,2026,9,18
송파구,문정동,힐스테이트e편한세상문정,74.95,16,2024,10000,275,2026,9,17
송파구,잠실동,리센츠,84.99,11,2008,80000,320,2026,9,18
송파구,신천동,파크리오,84.9,16,2008,120000,0,2026,9,18
송파구,잠실동,리센츠,59.99,27,2008,80000,140,2026,9,12
송파구,문정동,올림픽훼밀리타운,136.325,11,1988,60000,150,2026,9,18
송파구,잠실동,트리지움,84.95,10,2007,60000,310,2026,9,4
송파구,장지동,송파더센트레,59.85,20,2013,70000,0,2026,9,18
송파구,가락동,두산위브,40.5,12,2004,26500,0,2026,9,1
송파구,거여동,e편한세상송파파크센트럴,84.96,9,2021,72900,0,2026,9,18
송파구,문정동,문정시영,39.69,6,1989,28000,0,2026,9,18
송파구,잠실동,리센츠,84.99,10,2008,130000,37,2026,9,15
송파구,잠실동,리센츠,27.68,19,2008,3150,189,2026,9,15
송파구,거여동,송파시그니처롯데캐슬,59.98,2,2021,80000,0,2026,9,4
송파구,장지동,송파더센트레,59.73,20,2013,77000,0,2026,9,18
송파구,문정동,힐스테이트e편한세상문정,49.4,8,2024,25000,200,2026,9,18
송파구,가락동,가락(1차)쌍용아파트,59.92,17,1997,57000,0,2026,9,11
송파구,잠실동,잠실엘스,84.8,8,2008,126000,0,2026,9,12
송파구,가락동,가락(1차)쌍용아파트,59.92,4,1997,69000,0,2026,9,18
송파구,문정동,삼형아파트,99.63,3,2002,25000,120,2026,9,18
송파구,방이동,올림픽베어스타운1,59.37,19,1996,68000,0,2026,9,16
송파구,가락동,가락(1차)쌍용아파트,84.69,7,1997,60000,60,2026,9,18
송파구,오금동,삼성,84.87,12,1989,80000,0,2026,9,12
송파구,잠실동,레이크팰리스,84.82,4,2006,40000,360,2026,9,3
송파구,장지동,송파파인타운9단지,59.93,6,2007,2638,44,2026,9,18
송파구,문정동,힐스테이트e편한세상문정,49.4,11,2024,55650,0,2026,9,18
송파구,송파동,2차한양아파트,126.9,11,1984,63000,0,2026,9,5
송파구,가락동,헬리오시티,49.21,29,2018,84000,0,2026,9,11
송파구,잠실동,리센츠,84.99,20,2008,20000,540,2026,9,18
송파구,가락동,가락(1차)쌍용아파트,59.92,21,1997,50000,80,2026,9,17
송파구,송파동,래미안송파파인탑,87.05,5,2012,105000,0,2026,9,3
송파구,거여동,송파레이크파크호반써밋Ⅰ,108.8109,5,2022,110000,0,2026,9,17
송파구,잠실동,잠실엘스,84.8,11,2008,140000,0,2026,9,5
송파구,잠실동,리센츠,84.99,17,2008,135000,0,2026,9,16
송파구,송파동,래미안송파파인탑,64.66,12,2012,90000,0,2026,9,17
송파구,가락동,가락(1차)쌍용아파트,59.92,9,1997,75000,0,2026,9,17
송파구,장지동,송파파인타운9단지,39.99,10,2007,3303,28,2026,9,18
송파구,문정동,올림픽훼밀리타운,84.751,8,1988,75000,40,2026,9,18
송파구,잠실동,트리지움,84.95,13,2007,137000,0,2026,9,14
송파구,신천동,파크리오,84.79,8,2008,105000,0,2026,9,8
송파구,송파동,현대,59.91,3,1997,64000,0,2026,9,17
송파구,마천동,송파파크데일2단지,49.6,2,2011,9826,1,2026,9,17
송파구,잠실동,잠실엘스,84.88,19,2008,142000,0,2026,9,16
송파구,신천동,파크리오,84.79,27,2008,40000,330,2026,9,17
송파구,가락동,헬리오시티,99.6,14,2018,20000,560,2026,9,17
송파구,잠실동,리센츠,124.22,3,2008,10000,640,2026,9,17
송파구,신천동,파크리오,84.79,27,2008,40000,330,2026,9,17
송파구,마천동,송파파크데일1단지,59.91,7,2011,11004,28,2026,9,17
송파구,거여동,e편한세상송파파크센트럴,84.96,17,2021,95000,0,2026,9,17
송파구,신천동,파크리오,84.79,27,2008,40000,330,2026,9,17
송파구,석촌동,석촌호수효성해링턴타워,15.8307,16,2015,20000,20,2026,9,11
송파구,가락동,헬리오시티,84.95,28,2018,20000,284,2026,9,11
송파구,잠실동,레이크팰리스,59.97,16,2006,99750,0,2026,9,16
송파구,신천동,파크리오,35.24,2,2008,20000,108,2026,9,12
송파구,문정동,올림픽훼밀리타운,136.325,15,1988,100000,0,2026,9,17
송파구,오금동,현대(2-4차),130.93,14,1984,35000,154,2026,9,17
송파구,풍납동,잠실올림픽공원아이파크,59.97,4,2019,22199,31,2026,9,16
송파구,잠실동,잠실엘스,84.97,16,2008,135000,0,2026,9,12
송파구,장지동,송파파인타운10단지,59.96,7,2007,2295,41,2026,9,16
송파구,가락동,헬리오시티,39.1,1,2018,6840,62,2026,9,7
송파구,장지동,위례24단지(꿈에그린),51.77,9,2013,47468,45,2026,9,16
송파구,잠실동,리센츠,59.99,15,2008,58000,240,2026,9,14
송파구,장지동,송파더센트레,51.77,7,2013,20000,140,2026,9,14
송파구,장지동,송파와이즈더샵,97.1662,6,2016,100000,0,2026,9,15
송파구,장지동,위례24단지(꿈에그린),84.93,4,2013,15000,300,2026,9,16
송파구,잠실동,리센츠,84.99,21,2008,40000,430,2026,9,17
송파구,풍납동,극동,79.945,6,1987,47000,0,2026,9,17
송파구,거여동,위례포레샤인18단지,74.82,1,2020,41527,0,2026,9,17
송파구,잠실동,트리지움,59.88,9,2007,120000,0,2026,9,16
송파구,거여동,현대3차,84.94,11,1993,41327,0,2026,9,16
송파구,거여동,송파위례리슈빌,105.4624,8,2021,30000,320,2026,9,16
송파구,신천동,파크리오,84.9,10,2008,75000,50,2026,9,16
송파구,풍납동,잠실올림픽공원아이파크,84.98,19,2019,94500,0,2026,9,16
송파구,문정동,힐스테이트e편한세상문정,59.94,14,2024,68250,0,2026,9,16
송파구,장지동,위례포레샤인23단지,59.66,17,2017,35161,0,2026,9,16
송파구,가락동,가락금호아파트,59.91,21,1997,10000,260,2026,9,16
송파구,신천동,한신잠실코아,41.99,15,1988,20000,90,2026,9,12
송파구,오금동,상아2차아파트,45.77,4,1988,38000,0,2026,9,15
송파구,가락동,헬리오시티,59.96,12,2018,98700,0,2026,9,3
송파구,풍납동,잠실올림픽공원아이파크,59.97,13,2019,99750,0,2026,9,9
송파구,문정동,올림픽훼밀리타운,136.325,13,1988,105000,0,2026,9,8
송파구,오금동,상아2차아파트,45.77,13,1988,5000,105,2026,9,15
송파구,신천동,파크리오,84.97,6,2008,40000,270,2026,9,16
송파구,잠실동,트리지움,84.95,4,2007,5000,280,2026,9,13
송파구,방이동,몽촌(아),52.54,2,2007,34800,0,2026,9,16
송파구,풍납동,한강극동,59.26,8,1995,55000,0,2026,9,16
송파구,삼전동,엘에스타워,15.54,13,2016,1000,83,2026,9,15
송파구,방이동,더원센트럴,29.09,15,2020,29800,15,2026,9,15
송파구,마천동,송파파크데일2단지,49.6,4,2011,7680,13,2026,9,16
송파구,잠실동,우성아파트,82.06,4,1981,70000,0,2026,9,15
송파구,마천동,금호어울림,84.96,3,2006,53550,0,2026,9,16
송파구,오금동,대림,125.79,5,1988,100000,0,2026,9,15
송파구,가락동,헬리오시티,84.98,14,2018,130000,0,2026,9,8
송파구,방이동,올림픽선수기자촌1단지,83.06,20,1988,70000,140,2026,9,16
송파구,잠실동,현대,84.68,9,1990,30000,120,2026,9,16
송파구,풍납동,동아한가람1,84.38,14,1995,7000,160,2026,9,4
송파구,방이동,올림픽선수기자촌1단지,83.06,12,1988,63000,120,2026,9,10
송파구,마천동,송파파크데일2단지,59.91,11,2011,7405,25,2026,9,15
송파구,장지동,송파파인타운8단지,59.95,7,2008,4545,31,2026,9,15
송파구,가락동,헬리오시티,39.86,18,2018,50000,130,2026,9,15
송파구,문정동,힐스테이트e편한세상문정,59.94,8,2024,45000,160,2026,9,12
송파구,방이동,올림픽선수기자촌1단지,100.82,8,1988,80000,70,2026,9,11
송파구,가락동,우성,43.79,6,1986,43050,0,2026,9,15
송파구,잠실동,잠실엘스,84.97,25,2008,10000,520,2026,9,16
송파구,신천동,파크리오,35.24,4,2008,30000,90,2026,9,12
송파구,마천동,송파파크데일1단지,49.63,13,2011,7497,13,2026,9,15
송파구,가락동,헬리오시티,84.98,24,2018,5000,490,2026,9,5
송파구,문정동,파크하비오,84.9072,5,2016,70000,0,2026,9,12
송파구,잠실동,잠실엘스,84.8,14,2008,120750,0,2026,9,15
송파구,거여동,e편한세상송파파크센트럴,59.96,8,2021,50000,160,2026,9,14
송파구,문정동,문정시영,46.26,7,1989,31000,0,2026,9,15
송파구,마천동,송파파크데일1단지,39.96,11,2011,5415,10,2026,9,16
송파구,삼전동,레이크시티,18.87,4,2013,3000,70,2026,9,14
송파구,가락동,헬리오시티,39.1,1,2018,17446,23,2026,9,15
송파구,잠실동,잠실엘스,84.8,3,2008,10000,435,2026,9,3
송파구,잠실동,잠실엘스,84.8,11,2008,60000,300,2026,9,11
송파구,신천동,파크리오,84.9,5,2008,75000,180,2026,9,15
송파구,거여동,송파레이크파크호반써밋Ⅰ,108.8109,12,2022,53000,230,2026,9,1
송파구,거여동,거여5단지,59.74,1,1997,51000,0,2026,9,11
송파구,장지동,송파더센트레,51.96,20,2013,57750,0,2026,9,15
송파구,방이동,AQUADCASAS,59.3,2,2004,20000,95,2026,9,10
송파구,거여동,e편한세상송파파크센트럴,84.96,13,2021,70000,0,2026,9,14
송파구,가락동,가락(1차)쌍용아파트,59.92,21,1997,50500,0,2026,9,9
송파구,신천동,파크리오,84.9,27,2008,60000,260,2026,9,10
송파구,장지동,위례포레샤인23단지,59.97,17,2017,39994,0,2026,9,15
송파구,잠실동,주공아파트 5단지,76.5,6,1978,6000,165,2026,9,15
송파구,잠실동,트리지움,84.95,23,2007,132000,0,2026,9,15
송파구,가락동,헬리오시티,84.98,28,2018,10000,490,2026,9,12
송파구,문정동,힐스테이트e편한세상문정,59.94,6,2024,66150,0,2026,9,9
송파구,거여동,거여1단지,49.8,12,1997,15000,140,2026,9,5
송파구,거여동,거여5단지,59.74,4,1997,44100,0,2026,9,4
송파구,거여동,위례포레샤인18단지,84.73,2,2020,44467,0,2026,9,15
송파구,마천동,송파파크데일1단지,59.91,7,2011,5179,35,2026,9,15
송파구,오금동,우창,132.86,4,1985,88000,0,2026,9,7
송파구,거여동,e편한세상송파파크센트럴,59.96,16,2021,83000,0,2026,9,12
송파구,거여동,위례포레샤인18단지,84.67,2,2020,44467,0,2026,9,15
송파구,풍납동,잠실올림픽공원아이파크,59.97,5,2019,27310,48,2026,9,15
송파구,문정동,문정시영,35.46,14,1989,1000,69,2026,9,9
송파구,마천동,송파파크데일1단지,114.81,10,2011,55188,0,2026,9,15
송파구,오금동,대림,84.91,15,1988,66000,0,2026,9,15
송파구,풍납동,잠실올림픽공원아이파크,59.97,3,2019,11039,69,2026,9,15
송파구,잠실동,리센츠,84.99,20,2008,150000,0,2026,9,12
송파구,장지동,송파파인타운1단지,84.95,1,2010,40805,0,2026,9,15
송파구,장지동,송파파인타운9단지,59.95,6,2007,68250,0,2026,9,12
송파구,거여동,거여4단지,49.8,6,1997,30000,0,2026,9,11
송파구,문정동,힐스테이트e편한세상문정,49.92,15,2024,52000,0,2026,9,9
송파구,풍납동,동아한가람1,84.38,10,1995,46000,0,2026,9,14
송파구,가락동,가락금호아파트,59.91,22,1997,73000,0,2026,9,15
송파구,마천동,송파파크데일2단지,59.91,3,2011,18794,0,2026,9,15
송파구,장지동,송파파인타운1단지,84.95,5,2010,37994,0,2026,9,15
송파구,마천동,송파파크데일1단지,114.81,9,2011,55188,0,2026,9,15
송파구,잠실동,리센츠,124.22,31,2008,50000,514,2026,9,14
송파구,문정동,힐스테이트e편한세상문정,59.94,12,2024,60000,12,2026,9,4
송파구,잠실동,잠실엘스,84.8,4,2008,120000,0,2026,9,15
송파구,신천동,파크리오,84.9,30,2008,108100,0,2026,9,13
송파구,가락동,헬리오시티,84.98,15,2018,123000,40,2026,9,12
송파구,신천동,장미1,82.45,6,1979,65000,0,2026,9,5
송파구,문정동,올림픽훼밀리타운,158.705,1,1988,110000,0,2026,9,14
송파구,잠실동,리센츠,84.99,21,2008,135000,0,2026,9,12
송파구,신천동,장미1,82.45,11,1979,30000,220,2026,9,14
송파구,문정동,힐스테이트e편한세상문정,59.94,14,2024,59850,0,2026,9,12
송파구,가락동,가락금호아파트,85,12,1997,68000,0,2026,9,14
송파구,거여동,송파시그니처롯데캐슬,51.97,6,2021,6501,9,2026,9,14
송파구,오금동,현대(2-4차),84.98,11,1984,67000,80,2026,9,6
송파구,잠실동,트리지움,84.83,21,2007,65000,260,2026,9,12
송파구,잠실동,레이크팰리스,84.82,1,2006,110250,0,2026,9,14
송파구,신천동,파크리오,59.95,18,2008,87000,100,2026,9,13
송파구,문정동,브리앙뜨,48.98,6,2003,37000,0,2026,9,12
송파구,오금동,삼성,73.59,8,1989,52500,0,2026,9,13
송파구,송파동,힐스빌,45.82,1,2001,25200,0,2026,9,12
송파구,장지동,송파파인타운8단지,59.95,11,2008,8714,16,2026,9,14
송파구,잠실동,리센츠,27.68,15,2008,3000,230,2026,9,14
송파구,가락동,헬리오시티,59.96,4,2018,60000,220,2026,9,12
송파구,가락동,헬리오시티,84.98,12,2018,90000,150,2026,9,14
송파구,가락동,헬리오시티,59.96,13,2018,90000,115,2026,9,10
송파구,방이동,올림픽선수기자촌3단지,100.31,2,1988,73500,0,2026,9,14
송파구,신천동,파크리오,84.9,36,2008,115500,0,2026,9,12
송파구,잠실동,트리지움,59.88,25,2007,10000,400,2026,9,14
송파구,가락동,가락금호아파트,85,24,1997,75000,60,2026,9,12
송파구,잠실동,아시아선수촌아파트,151.008,2,1986,175000,0,2026,9,7
송파구,신천동,파크리오,59.95,22,2008,93400,0,2026,9,12
송파구,잠실동,리센츠,27.68,26,2008,3000,110,2026,9,12
송파구,거여동,송파시그니처롯데캐슬,59.98,14,2021,20000,265,2026,9,14
송파구,장지동,송파파인타운10단지,59.95,12,2007,63000,0,2026,9,12
송파구,잠실동,잠실엘스,84.8,8,2008,110000,110,2026,9,12
송파구,문정동,힐스테이트e편한세상문정,59.87,17,2024,50000,125,2026,9,12
송파구,거여동,e편한세상송파파크센트럴,59.96,14,2021,65500,0,2026,9,9
송파구,가락동,가락금호아파트,59.91,2,1997,56000,55,2026,9,12
송파구,풍납동,한강극동,114.76,3,1995,90000,0,2026,9,12
송파구,방이동,올림픽카운티,38.22,18,2003,2000,90,2026,9,12
송파구,문정동,올림픽훼밀리타운,84.705,2,1988,65100,0,2026,9,12
송파구,잠실동,리센츠,27.68,3,2008,3000,136,2026,9,14
송파구,잠실동,잠실엘스,84.8,19,2008,10000,500,2026,9,12
송파구,잠실동,잠실엘스,59.96,20,2008,104000,0,2026,9,12
송파구,가락동,헬리오시티,39.17,15,2018,15960,42,2026,9,11
송파구,잠실동,트리지움,84.83,7,2007,60000,310,2026,9,12
송파구,잠실동,잠실엘스,119.93,27,2008,145000,80,2026,9,12
송파구,가락동,헬리오시티,39.1,15,2018,7732,64,2026,9,11
송파구,문정동,올림픽훼밀리타운,84.751,14,1988,77000,0,2026,9,10
송파구,장지동,송파더센트레,51.77,9,2013,51760,0,2026,9,12
송파구,장지동,송파파인타운10단지,59.95,12,2007,63000,0,2026,9,12
송파구,장지동,위례24단지(꿈에그린),51.82,14,2013,20000,180,2026,9,14
송파구,석촌동,잠실한솔,84.87,10,2000,50000,125,2026,9,14
송파구,가락동,우성,58.46,12,1986,65000,0,2026,9,14
송파구,문정동,힐스테이트e편한세상문정,59.94,14,2024,64000,0,2026,9,12
송파구,문정동,힐스테이트e편한세상문정,74.95,6,2024,90000,0,2026,9,11
송파구,가락동,래미안파크팰리스,84.924,19,2007,30000,290,2026,9,12
송파구,장지동,송파더센트레,51.77,6,2013,57500,0,2026,9,9
송파구,가락동,헬리오시티,39.1,13,2018,75000,40,2026,9,2
송파구,장지동,위례24단지(꿈에그린),51.77,7,2013,67000,0,2026,9,12
송파구,잠실동,리센츠,27.68,1,2008,10000,170,2026,9,14
송파구,장지동,송파와이즈더샵,96.7116,23,2016,100000,0,2026,9,11
송파구,가락동,헬리오시티,84.99,29,2018,20000,440,2026,9,11
송파구,장지동,위례2차아이파크,90.0588,22,2016,20000,266,2026,9,9
송파구,풍납동,동아한가람1,84.38,18,1995,25000,160,2026,9,11
송파구,거여동,쌍용스윗닷홈거여역1차,105.2,6,2006,81000,0,2026,9,12
송파구,신천동,파크리오,84.79,15,2008,45000,250,2026,9,14
송파구,신천동,파크리오,84.97,18,2008,120000,20,2026,9,12
송파구,오금동,현대(2-4차),170.32,5,1984,109000,0,2026,9,12
송파구,문정동,힐스테이트e편한세상문정,59.94,13,2024,66150,0,2026,9,12
송파구,장지동,위례24단지(꿈에그린),51.77,6,2013,63000,0,2026,9,12
송파구,잠실동,리센츠,27.68,28,2008,5000,112,2026,9,14
송파구,오금동,현대백조,114.36,12,1997,88000,0,2026,9,11
송파구,거여동,거여1단지,39.6,1,1997,32500,0,2026,9,12
송파구,신천동,파크리오,84.79,16,2008,102900,0,2026,9,11
송파구,방이동,올림픽선수기자촌2단지,100.31,7,1988,20000,290,2026,9,11
송파구,잠실동,리센츠,84.99,19,2008,80000,220,2026,9,10
송파구,잠실동,우성아파트,80.39,5,1981,70000,0,2026,9,11
송파구,방이동,방이금호어울림,84.3,4,2001,78000,0,2026,9,2
송파구,가락동,헬리오시티,39.1,7,2018,6156,56,2026,9,8
송파구,가락동,헬리오시티,39.17,21,2018,6156,56,2026,9,7
송파구,신천동,파크리오,84.79,7,2008,100000,110,2026,9,10
송파구,잠실동,주공아파트 5단지,82.61,14,1978,15000,180,2026,9,11
송파구,신천동,장미2,82.45,9,1979,55000,80,2026,9,11
송파구,오금동,현대(2-4차),130.93,12,1984,78750,0,2026,9,11
송파구,송파동,호수임광,84.87,6,1995,64000,50,2026,9,11
송파구,문정동,문정대우푸르지오3차,84.96,13,2002,63000,0,2026,9,11
송파구,문정동,힐스테이트e편한세상문정,74.43,11,2024,65000,0,2026,9,11
송파구,방이동,올림픽선수기자촌1단지,83.06,15,1988,92000,0,2026,9,9
송파구,가락동,헬리오시티,59.96,2,2018,30000,320,2026,9,7
송파구,문정동,힐스테이트e편한세상문정,74.95,13,2024,20000,280,2026,9,10
송파구,송파동,호수임광,84.87,6,1995,64000,50,2026,9,11
송파구,풍납동,씨티극동1,83.5,5,1998,63000,0,2026,9,7
송파구,오금동,대림,84.91,7,1988,72000,0,2026,9,10
송파구,풍납동,현대리버빌2지구,84.97,2,1999,75000,0,2026,9,5
송파구,문정동,올림픽훼밀리타운,192.235,14,1988,60000,300,2026,9,4
송파구,잠실동,잠실엘스,84.8,18,2008,138000,0,2026,9,11
송파구,잠실동,리센츠,27.68,25,2008,58000,0,2026,9,11
송파구,가락동,가락금호아파트,59.91,20,1997,54500,0,2026,9,6
송파구,문정동,문정대우푸르지오2차,84.88,8,2001,50000,100,2026,9,11
송파구,신천동,파크리오,84.9,20,2008,110000,90,2026,9,11
송파구,가락동,동부센트레빌,115.93,16,2001,89300,8,2026,9,10
송파구,가락동,헬리오시티,59.96,2,2018,28160,42,2026,9,11
송파구,문정동,문정가락현대1차,123.61,9,1984,60000,0,2026,9,11
송파구,잠실동,잠실엘스,84.8,19,2008,138000,0,2026,9,11
송파구,마천동,송파파크데일2단지,59.91,5,2011,10000,150,2026,9,11
송파구,방이동,올림픽선수기자촌1단지,83.06,19,1988,78750,0,2026,9,10
송파구,신천동,파크리오,84.79,25,2008,108000,0,2026,9,11
송파구,신천동,파크리오,84.9,1,2008,94500,0,2026,9,11
송파구,잠실동,주공아파트 5단지,76.5,14,1978,55000,0,2026,9,11
송파구,송파동,래미안송파파인탑,71.76,14,2012,87000,0,2026,9,10
송파구,장지동,위례24단지(꿈에그린),51.77,5,2013,67000,0,2026,9,10
송파구,풍납동,씨티극동1,59.95,11,1998,5000,220,2026,9,7
송파구,가락동,헬리오시티,49.29,4,2018,42000,160,2026,9,10
송파구,가락동,헬리오시티,39.12,16,2018,68250,0,2026,9,5
송파구,풍납동,극동,79.945,14,1987,50000,40,2026,9,10
송파구,송파동,송파삼성래미안아파트,105.99,17,2001,60000,160,2026,9,10
송파구,풍납동,현대리버빌1지구,43.2,5,1999,5000,110,2026,9,5
송파구,삼전동,레이크시티,23.25,5,2013,1000,94,2026,9,5
송파구,거여동,e편한세상송파파크센트럴,84.97,5,2021,50000,160,2026,9,10
송파구,문정동,힐스테이트e편한세상문정,49.4,17,2024,50000,80,2026,9,2
송파구,문정동,올림픽훼밀리타운,84.705,4,1988,35000,100,2026,9,7
송파구,신천동,파크리오,59.95,11,2008,89200,0,2026,9,10
송파구,문정동,힐스테이트e편한세상문정,49.4,17,2024,35000,101,2026,9,10
송파구,신천동,파크리오,84.79,6,2008,125000,0,2026,9,9
송파구,잠실동,주공아파트 5단지,76.5,10,1978,51400,0,2026,9,9
송파구,신천동,파크리오,59.86,6,2008,94500,0,2026,9,9
송파구,잠실동,리센츠,27.68,31,2008,15000,134,2026,9,10
송파구,거여동,포레나송파,84.8,21,2021,86000,0,2026,9,10
송파구,풍납동,현대리버빌1지구,84.95,8,1999,76000,0,2026,9,10
송파구,거여동,e편한세상송파파크센트럴,84.96,8,2021,98000,0,2026,9,5
송파구,신천동,파크리오,84.79,14,2008,10000,380,2026,9,10
송파구,장지동,위례포레샤인23단지,59.97,9,2017,35161,0,2026,9,10
송파구,잠실동,잠실엘스,59.96,27,2008,100000,0,2026,9,5
송파구,신천동,파크리오,144.77,19,2008,157500,0,2026,9,8
송파구,잠실동,아시아선수촌아파트,151.008,5,1986,160000,0,2026,9,10
송파구,가락동,헬리오시티,39.12,5,2018,72000,0,2026,9,9
송파구,장지동,송파파인타운6단지,59.95,2,2008,7845,12,2026,9,10
송파구,잠실동,레이크팰리스,59.97,18,2006,60000,200,2026,9,7
송파구,잠실동,리센츠,27.68,1,2008,50000,0,2026,9,9
송파구,가락동,헬리오시티,39.17,32,2018,6840,62,2026,9,7
송파구,신천동,장미1,71.2,11,1979,30000,160,2026,9,10
송파구,잠실동,잠실엘스,84.8,10,2008,150000,0,2026,9,10
송파구,잠실동,레이크팰리스,84.82,2,2006,125000,0,2026,9,10
송파구,송파동,2차한양아파트,64.26,10,1984,45000,0,2026,9,5
송파구,장지동,송파더센트레,59.85,6,2013,76000,0,2026,9,9
송파구,장지동,송파파인타운6단지,59.95,11,2008,15989,0,2026,9,9
송파구,장지동,송파파인타운6단지,59.95,14,2008,4772,32,2026,9,10
송파구,장지동,송파파인타운9단지,59.95,12,2007,4992,35,2026,9,9
송파구,거여동,송파레이크파크호반써밋Ⅱ,108.8109,17,2022,20000,287,2026,9,3
송파구,신천동,파크리오,84.79,18,2008,110000,40,2026,9,8
송파구,풍납동,칼라,91.57,4,1998,20000,88,2026,9,9
송파구,풍납동,한강극동,59.26,10,1995,39690,0,2026,9,5
송파구,거여동,거여1단지,49.8,1,1997,10000,150,2026,9,9
송파구,문정동,건영1,84.42,9,1996,60000,0,2026,9,4
송파구,가락동,가락(1차)쌍용아파트,59.92,14,1997,30000,150,2026,9,9
송파구,신천동,파크리오,121.63,9,2008,140000,0,2026,9,9
송파구,잠실동,잠실엘스,84.8,8,2008,130000,0,2026,9,9
송파구,거여동,포레나송파,80.72,9,2021,75000,40,2026,9,9
송파구,신천동,장미1,82.45,1,1979,10000,200,2026,9,9
송파구,거여동,e편한세상송파파크센트럴,84.94,16,2021,60000,120,2026,9,4
송파구,거여동,송파위례리슈빌,111.5354,7,2021,80000,100,2026,9,7
송파구,문정동,힐스테이트e편한세상문정,59.94,13,2024,59800,0,2026,9,3
송파구,장지동,송파파인타운5단지,84.98,5,2008,45000,160,2026,9,2
송파구,장지동,송파더센트레,51.77,12,2013,54600,0,2026,9,2
송파구,방이동,올림픽선수기자촌3단지,100.31,8,1988,89250,0,2026,9,9
송파구,방이동,코오롱아파트,84.95,5,1991,60000,55,2026,9,8
송파구,문정동,힐스테이트e편한세상문정,59.87,17,2024,68250,0,2026,9,9
송파구,가락동,헬리오시티,84.97,13,2018,120750,0,2026,9,7
송파구,오금동,대림,84.91,9,1988,31000,105,2026,9,9
송파구,문정동,힐스테이트e편한세상문정,59.87,12,2024,63000,0,2026,9,3
송파구,잠실동,리센츠,84.99,26,2008,63000,113,2026,9,7
송파구,장지동,송파파인타운9단지,59.93,15,2007,8724,14,2026,9,9
송파구,마천동,송파파크데일2단지,59.91,11,2011,9246,14,2026,9,9
송파구,거여동,송파레이크파크호반써밋Ⅰ,108.8119,12,2022,101000,0,2026,9,8
송파구,가락동,헬리오시티,39.1,15,2018,12312,43,2026,9,9
송파구,거여동,포레나송파,66.83,16,2021,81000,0,2026,9,8
송파구,문정동,올림픽훼밀리타운,84.705,11,1988,95000,0,2026,9,9
송파구,잠실동,주공아파트 5단지,76.5,3,1978,60000,0,2026,9,8
송파구,거여동,송파시그니처롯데캐슬,39.9,8,2021,15429,38,2026,9,9
송파구,풍납동,현대1,83.02,16,1995,80000,0,2026,9,8
송파구,풍납동,현대1,83.02,16,1995,80000,0,2026,9,8
송파구,신천동,파크리오,35.24,13,2008,10000,170,2026,9,8
송파구,문정동,문정래미안,120.97,16,2004,120000,0,2026,9,7
송파구,송파동,송파삼성래미안아파트,79.7,3,2001,90000,30,2026,9,2
송파구,문정동,문정대우푸르지오2차,59.57,9,2001,30000,150,2026,9,4
송파구,잠실동,리센츠,27.68,17,2008,54000,0,2026,9,8
송파구,거여동,거여5단지,59.74,10,1997,30000,95,2026,9,5
송파구,가락동,헬리오시티,39.1,7,2018,12312,43,2026,9,8
송파구,장지동,송파파인타운9단지,39.99,5,2007,4991,9,2026,9,8
송파구,문정동,힐스테이트e편한세상문정,74.96,16,2024,63000,0,2026,9,8
송파구,송파동,송파,114.28,2,2003,95000,0,2026,9,8
송파구,문정동,힐스테이트e편한세상문정,49.92,14,2024,53000,0,2026,9,1
송파구,문정동,올림픽훼밀리타운,117.585,15,1988,95000,0,2026,9,7
송파구,문정동,올림픽훼밀리타운,136.325,5,1988,83500,0,2026,9,2
송파구,잠실동,갤러리아팰리스,163.935,34,2005,235000,0,2026,9,8
송파구,송파동,2차한양아파트,64.26,3,1984,50000,0,2026,9,5
송파구,풍납동,동아한가람1,84.38,17,1995,59500,0,2026,9,8
송파구,신천동,파크리오,84.79,19,2008,50000,340,2026,9,3
송파구,오금동,현대(2-4차),84.98,11,1984,67000,80,2026,9,6
송파구,장지동,송파더센트레,59.85,15,2013,73000,0,2026,9,5
송파구,신천동,파크리오,121.63,13,2008,150000,0,2026,9,2
송파구,오금동,우창,109.72,9,1985,48000,0,2026,9,5
송파구,가락동,헬리오시티,39.1,1,2018,13680,48,2026,9,7
송파구,가락동,헬리오시티,39.17,1,2018,13680,48,2026,9,7
송파구,방이동,올림픽선수기자촌1단지,83.06,16,1988,90000,40,2026,9,7
송파구,가락동,헬리오시티,49.29,1,2018,35000,250,2026,9,7
송파구,잠실동,리센츠,84.99,8,2008,155000,0,2026,9,4
송파구,풍납동,동아한가람1,84.38,18,1995,56700,0,2026,9,5
송파구,신천동,장미1,71.2,13,1979,73000,0,2026,9,5
송파구,잠실동,우성아파트,96.65,2,1981,69000,0,2026,9,5
송파구,가락동,헬리오시티,59.96,13,2018,95000,19,2026,9,7
송파구,석촌동,석촌호수효성해링턴타워,33.6891,4,2015,44100,0,2026,9,8
송파구,거여동,거여6단지,38.89,13,1997,1184,15,2026,9,8
송파구,잠실동,주공아파트 5단지,82.51,7,1978,58000,0,2026,9,8
송파구,오금동,삼성,73.59,5,1989,56000,0,2026,9,7
송파구,가락동,헬리오시티,39.1,13,2018,12312,43,2026,9,7
송파구,가락동,헬리오시티,39.17,25,2018,12312,43,2026,9,7
송파구,방이동,올림픽선수기자촌2단지,126.18,5,1988,125000,0,2026,9,7
송파구,가락동,헬리오시티,39.17,21,2018,12312,43,2026,9,7
송파구,가락동,헬리오시티,39.1,4,2018,12312,43,2026,9,7
송파구,가락동,헬리오시티,39.17,13,2018,12312,43,2026,9,7
송파구,가락동,헬리오시티,39.1,21,2018,13680,48,2026,9,7
송파구,가락동,헬리오시티,39.1,14,2018,13680,48,2026,9,7
송파구,가락동,헬리오시티,39.1,16,2018,12312,43,2026,9,7
송파구,가락동,헬리오시티,39.12,11,2018,12312,43,2026,9,7
송파구,가락동,헬리오시티,39.17,32,2018,13680,48,2026,9,7
송파구,잠실동,잠실엘스,84.8,24,2008,55000,350,2026,9,7
송파구,가락동,헬리오시티,39.17,29,2018,13680,48,2026,9,7
송파구,신천동,파크리오,59.64,21,2008,10000,400,2026,9,7
송파구,잠실동,리센츠,84.99,10,2008,143000,0,2026,9,5
송파구,신천동,파크리오,84.9,30,2008,90000,130,2026,9,7
송파구,신천동,파크리오,84.9,15,2008,80000,120,2026,9,4
송파구,잠실동,주공아파트 5단지,76.5,4,1978,40000,0,2026,9,5
송파구,잠실동,한영해시안아파트,63.65,7,2017,50000,0,2026,9,4
송파구,장지동,송파파인타운6단지,84.9,11,2008,30000,190,2026,9,5
송파구,잠실동,우성아파트,131.08,11,1981,100000,0,2026,9,7
송파구,풍납동,현대리버빌1지구,43.2,5,1999,48000,0,2026,9,4
송파구,장지동,송파더센트레,59.85,8,2013,74000,0,2026,9,7
송파구,신천동,장미1,120,8,1979,84000,0,2026,9,7
송파구,신천동,장미1,71.2,3,1979,20000,160,2026,9,5
송파구,가락동,헬리오시티,84.98,30,2018,110250,0,2026,9,7
송파구,장지동,송파더센트레,51.77,13,2013,10000,191,2026,9,6
송파구,방이동,올림픽선수기자촌1단지,121.23,5,1988,60000,212,2026,9,7
송파구,오금동,현대백조,31,10,1997,26200,0,2026,9,5
송파구,신천동,장미1,120,13,1979,80000,120,2026,9,4
송파구,풍납동,현대리버빌2지구,84.97,6,1999,73000,0,2026,9,7
송파구,잠실동,주공아파트 5단지,76.5,3,1978,52000,0,2026,9,5
송파구,송파동,현대,84.96,19,1997,75000,0,2026,9,5
송파구,거여동,거여1단지,49.8,12,1997,44100,0,2026,9,5
송파구,거여동,송파시그니처롯데캐슬,59.98,24,2021,83000,0,2026,9,5
송파구,문정동,문정래미안,120.97,5,2004,55500,0,2026,9,3
송파구,잠실동,리센츠,84.99,18,2008,80000,260,2026,9,7
송파구,가락동,한화오벨리스크,33.15,18,2004,1000,85,2026,9,7
송파구,장지동,위례2차아이파크,90.0588,18,2016,60000,140,2026,9,4
송파구,문정동,올림픽훼밀리타운,136.325,13,1988,50000,160,2026,9,7
송파구,거여동,거여5단지,59.74,1,1997,32414,0,2026,9,2
송파구,문정동,문정가락현대1차,84.98,11,1984,5000,150,2026,9,5
송파구,마천동,우방아파트,79.07,14,2002,10000,200,2026,9,5
송파구,문정동,힐스테이트e편한세상문정,59.94,6,2024,20000,171,2026,9,5
송파구,거여동,포레나송파,80.72,10,2021,50000,170,2026,9,2
송파구,가락동,우성,43.79,10,1986,45000,0,2026,9,5
송파구,잠실동,아시아선수촌아파트,99.385,9,1986,115000,0,2026,9,7
송파구,신천동,파크리오,144.77,18,2008,178500,0,2026,9,7
송파구,거여동,거여6단지,39.15,2,1997,1192,15,2026,9,7
송파구,거여동,거여6단지,39.15,9,1997,1192,15,2026,9,7
송파구,거여동,송파시그니처롯데캐슬,41.96,3,2021,18037,25,2026,9,7
송파구,문정동,힐스테이트e편한세상문정,49.92,9,2024,55650,0,2026,9,5
송파구,잠실동,주공아파트 5단지,82.51,2,1978,52000,0,2026,9,5
송파구,문정동,현대(62-5),81.43,7,1993,70000,0,2026,9,6
송파구,방이동,올림픽선수기자촌1단지,83.06,8,1988,86000,0,2026,9,5
송파구,송파동,래미안송파파인탑,53.36,11,2012,40000,190,2026,9,5
송파구,거여동,거여4단지,49.8,2,1997,58000,0,2026,9,5
송파구,장지동,송파파인타운3단지,84.98,15,2008,83000,0,2026,9,6
송파구,오금동,삼성,73.59,5,1989,56000,0,2026,9,5
송파구,장지동,위례2차아이파크,90.8877,4,2016,78700,0,2026,9,5
송파구,장지동,위례24단지(꿈에그린),51.77,15,2013,63000,0,2026,9,5
송파구,장지동,힐스테이트송파위례,101.95,19,2016,20000,360,2026,9,2
송파구,거여동,송파시그니처롯데캐슬,59.98,2,2021,80000,0,2026,9,4
송파구,방이동,올림픽선수기자촌3단지,83.06,2,1988,85000,0,2026,9,5
송파구,잠실동,리센츠,84.99,7,2008,125000,26,2026,9,5
송파구,장지동,위례24단지(꿈에그린),59.66,5,2013,79000,0,2026,9,5
송파구,장지동,위례아이파크,87.6889,8,2015,95000,0,2026,9,4
송파구,잠실동,트리지움,59.88,17,2007,115000,0,2026,9,5
송파구,잠실동,잠실엘스,84.8,9,2008,130000,0,2026,9,5
송파구,가락동,가락금호아파트,85,12,1997,65000,80,2026,9,6
송파구,잠실동,우성아파트,80.35,6,1981,50000,0,2026,9,5
송파구,거여동,포레나송파,66.83,14,2021,50000,120,2026,9,4
송파구,삼전동,현대1,80.01,6,1989,42000,120,2026,9,4
송파구,신천동,파크리오,59.95,21,2008,90300,0,2026,9,4
송파구,장지동,송파파인타운7단지,84.94,14,2007,43200,100,2026,9,1
송파구,가락동,헬리오시티,110.66,30,2018,20000,550,2026,9,3
송파구,신천동,파크리오,84.79,33,2008,46300,185,2026,9,4
송파구,풍납동,강변현대,83.19,5,1991,58000,0,2026,9,1
송파구,잠실동,아시아선수촌아파트,122.785,1,1986,127000,0,2026,9,4
송파구,잠실동,잠실엘스,84.8,12,2008,134000,0,2026,9,3
송파구,신천동,잠실푸르지오월드마크,112.25,25,2013,10000,625,2026,9,3
송파구,장지동,위례신도시송파푸르지오,111.6031,3,2015,60000,250,2026,9,4
송파구,거여동,현대3차,84.94,5,1993,42000,130,2026,9,4
송파구,장지동,송파더센트레,51.77,9,2013,5000,225,2026,9,4
송파구,석촌동,양지473,30.05,13,2021,30000,107,2026,9,3
송파구,문정동,문정대우푸르지오2차,59.57,9,2001,30000,150,2026,9,4
송파구,문정동,힐스테이트e편한세상문정,49.92,9,2024,10000,250,2026,9,1
송파구,문정동,올림픽훼밀리타운,136.325,2,1988,87000,0,2026,9,4
송파구,오금동,대림,84.91,4,1988,80000,0,2026,9,4
송파구,신천동,장미1,82.45,12,1979,63000,0,2026,9,1
송파구,신천동,파크리오,35.24,10,2008,50400,0,2026,9,3
송파구,가락동,가락(1차)쌍용아파트,84.69,13,1997,60000,100,2026,9,4
송파구,문정동,문정래미안,120.97,14,2004,80000,100,2026,9,3
송파구,풍납동,현대리버빌1지구,43.2,5,1999,48000,0,2026,9,4
송파구,장지동,송파파인타운5단지,84.98,8,2008,44000,140,2026,9,3
송파구,신천동,장미1,71.2,4,1979,45000,100,2026,9,3
송파구,잠실동,우성아파트,80.35,3,1981,10000,280,2026,9,1
송파구,문정동,힐스테이트e편한세상문정,59.87,9,2024,57000,10,2026,9,3
송파구,송파동,래미안송파파인탑,71.58,5,2012,90000,0,2026,9,2
송파구,잠실동,트리지움,84.83,16,2007,105000,80,2026,9,3
송파구,가락동,우성,43.79,5,1986,50000,0,2026,9,3
송파구,거여동,거여1단지,49.8,9,1997,39200,0,2026,9,3
송파구,장지동,힐스테이트송파위례,101.38,10,2016,85000,0,2026,9,3
송파구,잠실동,레이크팰리스,116.19,13,2006,130000,120,2026,9,3
송파구,가락동,헬리오시티,84.99,11,2018,115500,0,2026,9,3
송파구,장지동,위례24단지(꿈에그린),51.77,9,2013,10000,220,2026,9,3
송파구,신천동,파크리오,84.97,18,2008,115000,0,2026,9,3
송파구,가락동,헬리오시티,110.66,15,2018,139600,0,2026,9,1
송파구,잠실동,잠실엘스,84.88,28,2008,110000,160,2026,9,3
송파구,마천동,마천동금호타운1,84.92,16,1998,70000,0,2026,9,3
송파구,잠실동,리센츠,84.99,21,2008,20000,402,2026,9,3
송파구,문정동,건영1,84.39,15,1996,60000,0,2026,9,2
송파구,풍납동,드림스페이스II,14.71,5,2014,5000,47,2026,9,3
송파구,가락동,현대(60동),82.16,12,1991,46000,0,2026,9,3
송파구,거여동,거여2단지효성아파트,134.88,3,1997,72975,0,2026,9,2
송파구,거여동,e편한세상송파파크센트럴,84.96,3,2021,75500,0,2026,9,3
송파구,방이동,올림픽선수기자촌1단지,83.06,10,1988,90000,0,2026,9,2
송파구,문정동,문정시영,46.26,6,1989,26000,0,2026,9,2
송파구,삼전동,레이크시티,19.37,5,2013,1000,86,2026,9,1
송파구,거여동,송파레이크힐,74.96,2,2021,60000,100,2026,9,2
송파구,문정동,힐스테이트e편한세상문정,49.4,11,2024,55650,0,2026,9,3
송파구,가락동,가락(1차)쌍용아파트,59.92,1,1997,47550,25,2026,9,1
송파구,문정동,건영1,84.39,15,1996,60000,0,2026,9,2
송파구,가락동,우성,43.79,3,1986,29000,21,2026,9,2
송파구,잠실동,트리지움,84.95,18,2007,30000,430,2026,9,2
송파구,오금동,송파레미니스2단지,39.67,9,2018,6148,10,2026,9,1
송파구,오금동,송파레미니스2단지,59.85,21,2018,10808,16,2026,9,1
송파구,잠실동,잠실엘타워,33.8197,7,2022,7106,23,2026,9,2
송파구,잠실동,레이크팰리스,116.19,18,2006,180000,0,2026,9,2
송파구,송파동,현대,84.96,10,1997,60000,85,2026,9,2
송파구,오금동,송파레미니스2단지,59.87,15,2018,7692,34,2026,9,1
송파구,방이동,올림픽선수기자촌2단지,100.31,8,1988,80000,120,2026,9,2
송파구,잠실동,아시아선수촌아파트,178.325,17,1986,45000,430,2026,9,2
송파구,신천동,파크리오,84.79,19,2008,115500,0,2026,9,2
송파구,방이동,올림픽카운티,38.7,8,2003,1000,100,2026,9,2
송파구,송파동,호수임광,57.72,10,1995,50000,30,2026,9,2
송파구,방이동,부광,81.92,3,2004,37000,0,2026,9,1
송파구,잠실동,리센츠,59.99,5,2008,30000,300,2026,9,2
송파구,문정동,올림픽훼밀리타운,117.585,11,1988,70000,130,2026,9,2
송파구,오금동,송파레미니스2단지,49.55,20,2018,5591,31,2026,9,1
송파구,신천동,파크리오,84.9,5,2008,95000,40,2026,9,2
송파구,오금동,상아2차아파트,45.77,3,1988,35000,0,2026,9,2
송파구,거여동,e편한세상송파파크센트럴,59.94,5,2021,85000,0,2026,9,2
송파구,잠실동,주공아파트 5단지,76.5,8,1978,10000,160,2026,9,2
송파구,신천동,롯데캐슬골드,187.65,16,2005,150000,200,2026,9,1
송파구,거여동,거여1단지,49.8,12,1997,20000,110,2026,9,1
송파구,거여동,포레나송파,80.72,10,2021,50000,170,2026,9,2
송파구,장지동,위례24단지(꿈에그린),51.77,2,2013,30000,140,2026,9,1
송파구,문정동,힐스테이트e편한세상문정,59.94,7,2024,86000,0,2026,9,1
송파구,오금동,송파레미니스2단지,49.55,5,2018,8800,13,2026,9,1
송파구,잠실동,트리지움,84.83,8,2007,10000,480,2026,9,1
송파구,신천동,장미1,182.01,1,1979,110800,0,2026,9,1
송파구,방이동,신동아타워,80.13,18,1995,37170,0,2026,9,1
송파구,문정동,힐스테이트e편한세상문정,59.94,14,2024,66000,0,2026,9,1
송파구,신천동,파크리오,84.79,7,2008,70000,200,2026,9,1
송파구,문정동,문정대우푸르지오3차,84.96,4,2002,75000,0,2026,9,1
강동구,둔촌동,신성둔촌미소지움1,84.86,9,1998,5000,195,2026,9,18
강동구,고덕동,고덕센트럴푸르지오,59.14,13,2020,60900,0,2026,9,8
강동구,명일동,래미안솔베뉴,49.66,3,2019,30000,200,2026,9,8
강동구,둔촌동,올림픽파크포레온,39.95,13,2024,88000,0,2026,9,8
강동구,고덕동,래미안힐스테이트고덕,59.35,11,2016,47000,170,2026,9,7
강동구,상일동,고덕리엔파크3단지,84.83,9,2011,10000,185,2026,9,11
강동구,상일동,고덕롯데캐슬베네루체,122.082,29,2019,80000,150,2026,9,5
강동구,둔촌동,올림픽파크포레온,95.97,27,2024,30000,440,2026,9,19
강동구,둔촌동,올림픽파크포레온,84.99,14,2024,94500,0,2026,9,14
강동구,상일동,고덕리엔파크3단지,84.83,4,2011,5000,230,2026,9,11
강동구,명일동,래미안솔베뉴,59.11,21,2019,73500,0,2026,9,23
강동구,둔촌동,올림픽파크포레온,84.99,17,2024,94500,0,2026,9,23
강동구,둔촌동,올림픽파크포레온,84.99,34,2024,60000,380,2026,9,3
강동구,상일동,고덕센트럴IPARK,84.91,18,2019,80000,0,2026,9,2
강동구,둔촌동,올림픽파크포레온,39.98,10,2024,47250,0,2026,9,21
강동구,강일동,강일리버파크2단지,84.53,11,2009,15000,200,2026,9,23
강동구,둔촌동,올림픽파크포레온,49.95,32,2024,66150,0,2026,9,11
강동구,둔촌동,올림픽파크포레온,49.95,25,2024,0,30,2026,9,23
강동구,상일동,고덕아르테온,84.93,13,2020,20000,319,2026,9,1
강동구,상일동,고덕아르테온,84.95,1,2020,20000,340,2026,9,23
강동구,강일동,고덕리엔파크1단지,59.94,15,2011,15958,0,2026,9,23
강동구,암사동,롯데캐슬퍼스트,102.34,22,2008,78750,0,2026,9,19
강동구,둔촌동,더샵둔촌포레,93.5441,4,1984,100000,0,2026,9,23
강동구,둔촌동,올림픽파크포레온,84.99,15,2024,10000,317,2026,9,18
강동구,둔촌동,올림픽파크포레온,109.99,24,2024,170000,0,2026,9,16
강동구,명일동,래미안솔베뉴,59.11,15,2019,30000,132,2026,9,19
강동구,성내동,올림픽파크한양수자인,84.88,2,2016,28000,230,2026,9,5
강동구,둔촌동,신성둔촌미소지움2,59.88,14,2000,70000,0,2026,9,23
강동구,암사동,선사현대아파트,59.64,13,2000,52500,0,2026,9,23
강동구,길동,강동헤리티지자이,59.98,2,2024,40162,0,2026,9,23
강동구,암사동,프라이어팰리스,84.988,3,2007,66150,0,2026,9,23
강동구,상일동,고덕롯데캐슬베네루체,122.082,14,2019,30000,450,2026,9,23
강동구,고덕동,고덕그라시움,59.028,7,2019,64500,12,2026,9,19
강동구,강일동,강일리버파크2단지,84.67,2,2009,31060,0,2026,9,23
강동구,길동,강동헤리티지자이,59.98,7,2024,40162,0,2026,9,23
강동구,둔촌동,대경베일리,77.3119,7,2024,59850,0,2026,9,20
강동구,길동,강동헤리티지자이,84.977,18,2024,79000,0,2026,9,23
강동구,상일동,고덕아르테온,59.98,5,2020,85000,0,2026,9,9
강동구,둔촌동,올림픽파크포레온,84.99,16,2024,50000,220,2026,9,21
강동구,명일동,한양,106.64,4,1986,75000,0,2026,9,12
강동구,길동,강동헤리티지자이,59.98,2,2024,40162,0,2026,9,23
강동구,명일동,래미안솔베뉴,78.84,20,2019,105000,0,2026,9,22
강동구,둔촌동,올림픽파크포레온,113.97,2,2024,145000,0,2026,9,1
강동구,암사동,롯데캐슬퍼스트,84.81,19,2008,70350,0,2026,9,22
강동구,암사동,프라이어팰리스,114.272,3,2007,90000,0,2026,9,19
강동구,고덕동,래미안힐스테이트고덕,84.88,4,2016,82000,70,2026,9,12
강동구,둔촌동,올림픽파크포레온,109.99,7,2024,130000,0,2026,9,19
강동구,암사동,롯데캐슬퍼스트,112.11,2,2008,20000,320,2026,9,5
강동구,천호동,힐데스하임천호아파트,52.5268,9,2023,6640,66,2026,9,22
강동구,상일동,고덕아르테온,84.93,34,2020,90300,0,2026,9,17
강동구,고덕동,고덕그라시움,73.873,4,2019,63000,68,2026,9,19
강동구,암사동,선사현대아파트,59.64,11,2000,45000,0,2026,9,5
강동구,천호동,힐데스하임천호아파트,52.5268,13,2023,9600,60,2026,9,22
강동구,둔촌동,올림픽파크포레온,29.97,27,2024,35000,95,2026,9,17
강동구,암사동,한강현대,84.93,18,1999,63000,0,2026,9,22
강동구,강일동,강일리버파크3단지,84.74,5,2009,55000,50,2026,9,16
강동구,둔촌동,올림픽파크포레온,95.97,13,2024,50000,262,2026,9,17
강동구,암사동,롯데캐슬퍼스트,102.34,15,2008,78750,0,2026,9,22
강동구,길동,골드클래스,59.14,13,2022,46000,0,2026,9,21
강동구,길동,백천이스트하임,21.44,5,2012,12000,13,2026,9,21
강동구,상일동,고덕자이,101.9901,18,2021,125000,0,2026,9,22
강동구,고덕동,고덕센트럴푸르지오,59.09,22,2020,75000,0,2026,9,5
강동구,암사동,롯데캐슬퍼스트,84.81,24,2008,95000,0,2026,9,15
강동구,고덕동,고덕그라시움,59.785,11,2019,71000,60,2026,9,18
강동구,길동,강동헤리티지자이,59.98,3,2024,40162,0,2026,9,22
강동구,천호동,미사아름채아파트,12.14,7,2020,17325,16,2026,9,21
강동구,명일동,삼익그린2차,54.81,8,1983,45000,0,2026,9,19
강동구,둔촌동,올림픽파크포레온,84.99,22,2024,95000,300,2026,9,18
강동구,성내동,호암아펙스,84.82,4,2006,40000,30,2026,9,21
강동구,천호동,집앤사스윗사이드아파트,14.02,3,2019,16000,20,2026,9,17
강동구,암사동,롯데캐슬퍼스트,111.22,14,2008,66000,110,2026,9,19
강동구,명일동,고덕삼환아파트,84.644,6,1987,52000,0,2026,9,22
강동구,길동,강동헤리티지자이,59.98,11,2024,40162,0,2026,9,22
강동구,강일동,강동리버스트4단지,59.99,7,2020,67000,0,2026,9,2
강동구,명일동,삼익그린2차,54.81,12,1983,38850,0,2026,9,5
강동구,둔촌동,올림픽파크포레온,95.97,20,2024,105000,0,2026,9,22
강동구,천호동,천호1차우림루미아트,84.69,1,2004,47000,60,2026,9,16
강동구,성내동,호암아펙스,84.82,5,2006,40000,110,2026,9,18
강동구,성내동,그란츠리버파크,59.8256,28,2025,83000,0,2026,9,18
강동구,길동,강동디아테온,59.9982,10,2026,72000,0,2026,9,19
강동구,고덕동,고덕그라시움,59.028,9,2019,87000,0,2026,9,14
강동구,길동,강동헤리티지자이,59.98,18,2024,40162,0,2026,9,21
강동구,명일동,삼익그린2차,66.87,8,1983,63000,0,2026,9,12
강동구,상일동,고덕리엔파크3단지,84.83,9,2011,70000,0,2026,9,14
강동구,고덕동,고덕그라시움,59.785,3,2019,44660,0,2026,9,21
강동구,성내동,SM엘루이,23.17,8,2019,28350,11,2026,9,18
강동구,성내동,호암아펙스,84.82,4,2006,40000,30,2026,9,18
강동구,상일동,고덕롯데캐슬베네루체,84.146,22,2019,50000,160,2026,9,16
강동구,길동,강동헤리티지자이,59.98,2,2024,40162,0,2026,9,21
강동구,천호동,대명에버빌아파트,107.31,6,2004,10000,200,2026,9,5
강동구,천호동,현대코아아파트,59.9,14,1999,43000,35,2026,9,20
강동구,암사동,롯데캐슬퍼스트,133.97,12,2008,94500,0,2026,9,18
강동구,고덕동,고덕그라시움,59.785,5,2019,31000,125,2026,9,19
강동구,둔촌동,더샵둔촌포레,93.8499,8,1984,94000,0,2026,9,18
강동구,암사동,선사현대아파트,58.68,3,2000,48825,0,2026,9,19
강동구,길동,강동헤리티지자이,59.98,10,2024,82000,0,2026,9,19
강동구,고덕동,고덕그라시움,84.244,17,2019,75000,160,2026,9,8
강동구,명일동,명일지에스아파트,59.4,11,1999,45000,0,2026,9,18
강동구,둔촌동,올림픽파크포레온,49.95,12,2024,53000,0,2026,9,19
강동구,상일동,고덕자이,48.6765,11,2021,52500,0,2026,9,19
강동구,상일동,고덕리엔파크3단지,114.97,10,2011,50820,0,2026,9,21
강동구,고덕동,고덕그라시움,59.052,13,2019,83000,0,2026,9,20
강동구,고덕동,고덕그라시움,59.052,1,2019,80000,0,2026,9,7
강동구,고덕동,래미안힐스테이트고덕,59.23,2,2016,49998,0,2026,9,1
강동구,상일동,고덕센트럴IPARK,59.99,15,2019,66150,0,2026,9,19
강동구,천호동,어바니엘,11.6953,5,2019,1000,65,2026,9,21
강동구,천호동,천호태영아파트,59.63,6,1999,60000,0,2026,9,18
강동구,고덕동,고덕 아이파크,59.99,1,2011,37272,0,2026,9,21
강동구,길동,청광플러스원(큐브1차),17.075,9,2012,10300,0,2026,9,21
강동구,명일동,삼익그린2차,66.87,4,1983,40000,120,2026,9,19
강동구,둔촌동,올림픽파크포레온,84.99,10,2024,96600,0,2026,9,19
강동구,암사동,선사현대아파트,59.64,11,2000,50900,0,2026,9,19
강동구,길동,다성이즈빌(387-4),32.4,7,2018,8000,115,2026,9,19
강동구,길동,강동헤리티지자이,59.98,15,2024,40162,0,2026,9,21
강동구,둔촌동,신성둔촌미소지움1,84.86,9,1998,5000,195,2026,9,18
강동구,상일동,고덕센트럴IPARK,84.91,9,2019,78750,0,2026,9,18
강동구,암사동,선사현대아파트,59.64,17,2000,40000,110,2026,9,18
강동구,고덕동,래미안힐스테이트고덕,59.23,23,2016,45000,180,2026,9,12
강동구,암사동,신동아빌라트,163.74,5,1994,70000,0,2026,9,18
강동구,명일동,명일지에스아파트,59.79,13,1999,46000,0,2026,9,19
강동구,천호동,천호동삼성아파트,59.86,3,1997,30000,50,2026,9,21
강동구,성내동,성내2차e-편한세상,84.79,12,2004,17000,140,2026,9,7
강동구,고덕동,고덕그라시움,59.785,5,2019,62100,45,2026,9,19
강동구,강일동,강일리버파크4단지,84.74,11,2009,52500,0,2026,9,19
강동구,명일동,명일우성,84.93,8,1986,40000,130,2026,9,19
강동구,강일동,강일리버파크5단지,84.53,5,2009,70000,0,2026,9,19
강동구,고덕동,고덕그라시움,73.873,20,2019,60000,130,2026,9,19
강동구,강일동,강일리버파크11단지,29.96,9,2015,8292,12,2026,9,20
강동구,강일동,강일리버파크3단지,59.83,3,2009,45000,40,2026,9,19
강동구,상일동,강동리엔파크11단지,29.99,6,2021,8496,31,2026,9,18
강동구,상일동,고덕롯데캐슬베네루체,84.923,2,2019,72000,0,2026,9,11
강동구,천호동,강동이루미아파트,84.88,11,2005,40000,120,2026,9,17
강동구,둔촌동,올림픽파크포레온,84.99,25,2024,50000,100,2026,9,7
강동구,상일동,고덕자이,59.7084,21,2021,50000,40,2026,9,5
강동구,둔촌동,광남캐스빌102동,83.97,15,2004,55000,40,2026,9,17
강동구,성내동,힐데스하임올림픽파크아파트,80.04,7,2020,73500,0,2026,9,18
강동구,천호동,현대아파트,44.1,5,1990,32500,0,2026,9,18
강동구,상일동,e편한세상고덕어반브릿지,101.0532,16,2024,65000,0,2026,9,10
강동구,강일동,강동리버스트8단지,49.74,2,2021,35000,80,2026,9,18
강동구,천호동,중앙하이츠,84.99,8,1998,30000,120,2026,9,14
강동구,상일동,고덕롯데캐슬베네루체,59.981,19,2019,20145,30,2026,9,18
강동구,암사동,선사현대아파트,82.94,28,2000,10000,305,2026,9,11
강동구,암사동,선사현대아파트,83.18,20,2000,20000,230,2026,9,18
강동구,상일동,고덕자이,84.7398,4,2021,20000,320,2026,9,14
강동구,길동,백천이스트하임,17.39,5,2012,5000,43,2026,9,18
강동구,강일동,강일리버파크3단지,84.53,11,2009,68000,0,2026,9,12
강동구,강일동,강일리버파크3단지,84.83,4,2009,31060,0,2026,9,18
강동구,암사동,프라이어팰리스,59.983,20,2007,58800,0,2026,9,17
강동구,길동,현대1,84.87,7,1996,50000,0,2026,9,14
강동구,상일동,고덕롯데캐슬베네루체,84.146,7,2019,71400,0,2026,9,18
강동구,강일동,강동리버스트4단지,59.99,14,2020,10000,200,2026,9,17
강동구,둔촌동,더샵둔촌포레,93.5441,7,1984,70000,150,2026,9,4
강동구,성내동,성내3차e-편한세상,84.23,3,2004,30000,0,2026,9,15
강동구,강일동,강동리버스트8단지,59.97,6,2021,51000,0,2026,9,12
강동구,성내동,에스아이팰리스센트럴성내,14.0675,15,2021,19000,0,2026,9,18
강동구,성내동,영풍마드레빌,80.31,5,2002,50000,60,2026,9,18
강동구,둔촌동,올림픽파크포레온,84.99,17,2024,155000,0,2026,9,1
강동구,명일동,삼익그린2차,66.87,9,1983,20000,88,2026,9,17
강동구,상일동,고덕숲아이파크,84.85,20,2018,78700,0,2026,9,12
강동구,암사동,롯데캐슬퍼스트,84.98,10,2008,20000,280,2026,9,18
강동구,상일동,고덕리엔파크3단지,84.83,4,2011,29508,0,2026,9,17
강동구,상일동,고덕아르테온,59.96,9,2020,20000,170,2026,9,18
강동구,둔촌동,올림픽파크포레온,59.99,7,2024,130000,0,2026,9,5
강동구,암사동,선사현대아파트,59.64,16,2000,48300,0,2026,9,12
강동구,명일동,삼환,84.92,7,1992,54230,0,2026,9,18
강동구,길동,광남캐스빌(389-9),84.51,5,2005,54100,0,2026,9,18
강동구,길동,백천이스트하임,17.39,7,2012,1000,59,2026,9,1
강동구,성내동,천호역효성해링턴타워,35.63,12,2023,10480,74,2026,9,15
강동구,암사동,롯데캐슬퍼스트,59.99,10,2008,64000,0,2026,9,18
강동구,길동,강동헤리티지자이,59.98,3,2024,40162,0,2026,9,18
강동구,상일동,동아,59.25,15,1997,10000,140,2026,9,5
강동구,성내동,힐데스하임올림픽파크아파트,80.04,9,2020,93000,0,2026,9,17
강동구,강일동,강동리버스트4단지,59.99,11,2020,40000,19,2026,9,18
강동구,길동,강동헤리티지자이,59.98,3,2024,40162,0,2026,9,18
강동구,강일동,강일리버파크11단지,29.96,9,2015,8292,12,2026,9,17
강동구,강일동,강일리버파크6단지,84.53,15,2009,55000,0,2026,9,16
강동구,천호동,래미안강동팰리스,84.97,27,2017,89200,0,2026,9,9
강동구,성내동,집앤사비디아파트,35.49,2,2019,23366,22,2026,9,15
강동구,둔촌동,올림픽파크포레온,109.98,24,2024,131250,0,2026,9,17
강동구,명일동,래미안솔베뉴,59.11,4,2019,64000,0,2026,9,17
강동구,강일동,강동리버스트4단지,59.99,3,2020,33600,0,2026,9,16
강동구,길동,강동헤리티지자이,59.98,2,2024,40162,0,2026,9,17
강동구,천호동,동아하이빌아파트,59.98,11,2000,48000,0,2026,9,17
강동구,명일동,한양,119.37,11,1986,30000,120,2026,9,11
강동구,천호동,힐데스하임천호아파트,52.5268,4,2023,18430,26,2026,9,17
강동구,길동,강동헤리티지자이,59.98,4,2024,40162,0,2026,9,17
강동구,둔촌동,올림픽파크포레온,39.95,7,2024,40000,140,2026,9,17
강동구,길동,강동헤리티지자이,59.98,4,2024,40162,0,2026,9,17
강동구,둔촌동,올림픽파크포레온,84.99,15,2024,165000,0,2026,9,17
강동구,상일동,고덕리엔파크3단지,84.83,2,2011,35000,90,2026,9,17
강동구,상일동,고덕리엔파크3단지,114.97,12,2011,58560,0,2026,9,17
강동구,천호동,우정아파트,84.97,6,1996,65000,0,2026,9,10
강동구,길동,강동헤리티지자이,59.98,7,2024,60700,0,2026,9,17
강동구,길동,강동헤리티지자이,59.98,5,2024,40162,0,2026,9,17
강동구,성내동,집앤사비디아파트,32.8,7,2019,11000,140,2026,9,17
강동구,성내동,파크프라자,97.53,5,2003,71000,0,2026,9,17
강동구,길동,강동헤리티지자이,59.98,3,2024,40162,0,2026,9,17
강동구,길동,강동헤리티지자이,59.98,1,2024,40162,0,2026,9,17
강동구,둔촌동,올림픽파크포레온,29.97,16,2024,21000,0,2026,9,16
강동구,길동,강동헤리티지자이,59.98,1,2024,40162,0,2026,9,16
강동구,상일동,고덕리엔파크3단지,59.95,2,2011,5032,35,2026,9,17
강동구,길동,강동헤리티지자이,59.98,4,2024,40162,0,2026,9,17
강동구,길동,강동헤리티지자이,59.98,3,2024,40162,0,2026,9,17
강동구,길동,강동헤리티지자이,59.98,2,2024,40162,0,2026,9,17
강동구,길동,길동생활B,17.11,16,2024,4900,48,2026,9,17
강동구,상일동,고덕리엔파크3단지,114.97,12,2011,58560,0,2026,9,16
강동구,길동,강동헤리티지자이,59.98,4,2024,40162,0,2026,9,17
강동구,길동,강동헤리티지자이,59.98,6,2024,40162,0,2026,9,17
강동구,강일동,힐스테이트리슈빌강일,84.9399,5,2023,71400,0,2026,9,17
강동구,길동,강동헤리티지자이,59.98,19,2024,40162,0,2026,9,17
강동구,고덕동,고덕센트럴푸르지오,59.06,26,2020,67000,0,2026,9,16
강동구,길동,강동헤리티지자이,59.98,4,2024,40162,0,2026,9,17
강동구,상일동,고덕아르테온,84.97,5,2020,10000,330,2026,9,12
강동구,강일동,강일리버파크2단지,84.83,9,2009,22829,0,2026,9,17
강동구,고덕동,고덕그라시움,73.873,24,2019,97000,0,2026,9,15
강동구,길동,강동헤리티지자이,59.98,1,2024,40162,0,2026,9,17
강동구,암사동,선사현대아파트,59.64,17,2000,20000,170,2026,9,17
강동구,천호동,힐데스하임천호아파트,52.5268,6,2023,18430,26,2026,9,16
강동구,천호동,힐데스하임천호아파트,52.5268,15,2023,6640,66,2026,9,16
강동구,천호동,동아하이빌아파트,84.97,18,2000,52500,0,2026,9,14
강동구,강일동,강일리버파크2단지,59.87,12,2009,14035,0,2026,9,16
강동구,상일동,고덕리엔파크3단지,59.9,9,2011,14508,0,2026,9,16
강동구,길동,드림하이츠,33.33,12,2015,1000,93,2026,9,3
강동구,고덕동,고덕그라시움,84.24,11,2019,107000,0,2026,9,15
강동구,고덕동,고덕그라시움,73.873,9,2019,94000,0,2026,9,14
강동구,고덕동,아남1,84.91,9,1996,54600,0,2026,9,5
강동구,둔촌동,올림픽파크포레온,39.95,18,2024,10000,149,2026,9,16
강동구,천호동,힐데스하임천호아파트,52.5268,5,2023,6640,66,2026,9,16
강동구,상일동,고덕센트럴IPARK,59.97,4,2019,18078,26,2026,9,16
강동구,암사동,프라이어팰리스,84.949,23,2007,68250,0,2026,9,16
강동구,고덕동,고덕그라시움,73.873,16,2019,81900,0,2026,9,15
강동구,암사동,힐스테이트 강동 리버뷰,59.9958,13,2019,31689,0,2026,9,16
강동구,성내동,아이퍼스트빌,15.94,14,2012,5000,50,2026,9,16
강동구,성내동,성내1차e-편한세상,84.49,12,2003,70000,0,2026,9,14
강동구,강일동,고덕리엔파크1단지,84.87,4,2011,35518,0,2026,9,16
강동구,둔촌동,올림픽파크포레온,95.97,14,2024,115500,0,2026,9,16
강동구,강일동,강일리버파크6단지,84.53,15,2009,55000,0,2026,9,16
강동구,강일동,강일리버파크9단지,114.81,10,2009,42840,0,2026,9,16
강동구,암사동,프라이어팰리스,84.949,16,2007,55000,0,2026,9,16
강동구,둔촌동,올림픽파크포레온,84.99,14,2024,164000,0,2026,9,11
강동구,강일동,강일리버파크2단지,84.67,1,2009,44382,0,2026,9,16
강동구,천호동,강동역신동아파밀리에,94.61,28,2015,75600,0,2026,9,15
강동구,둔촌동,더샵둔촌포레,95.2435,1,1984,71400,0,2026,9,9
강동구,고덕동,래미안힐스테이트고덕,59.23,19,2016,70000,40,2026,9,15
강동구,상일동,고덕리엔파크3단지,114.92,7,2011,58560,0,2026,9,16
강동구,상일동,고덕리엔파크3단지,114.98,11,2011,58560,0,2026,9,16
강동구,명일동,삼환,84.92,14,1992,59500,0,2026,9,12
강동구,명일동,래미안솔베뉴,49.66,2,2019,10000,255,2026,9,15
강동구,고덕동,고덕그라시움,73.873,10,2019,78750,0,2026,9,16
강동구,고덕동,고덕그라시움,73.873,4,2019,63000,68,2026,9,10
강동구,성내동,에스케이허브진,30.26,13,2004,1000,110,2026,9,10
강동구,강일동,강일리버파크4단지,84.74,12,2009,32247,0,2026,9,15
강동구,상일동,고덕롯데캐슬베네루체,59.984,1,2019,21211,32,2026,9,15
강동구,암사동,선사현대아파트,58.68,8,2000,40000,100,2026,9,14
강동구,암사동,선사현대아파트,59.64,18,2000,49000,0,2026,9,12
강동구,고덕동,고덕센트럴푸르지오,59.14,35,2020,66000,0,2026,9,12
강동구,길동,강동헤리티지자이,59.98,7,2024,40162,0,2026,9,15
강동구,강일동,강일리버파크11단지,29.96,8,2015,8398,11,2026,9,15
강동구,강일동,강일리버파크2단지,114.81,8,2009,34651,0,2026,9,15
강동구,명일동,삼익그린2차,54.81,10,1983,53000,0,2026,9,15
강동구,길동,경지Arium,13.45,12,2019,18000,29,2026,9,15
강동구,명일동,고덕주공9,83.52,9,1985,65000,0,2026,9,5
강동구,둔촌동,올림픽파크포레온,59.99,29,2024,28000,194,2026,9,13
강동구,강일동,강일리버파크4단지,49.9,7,2009,8752,0,2026,9,15
강동구,명일동,삼익그린2차,107.56,9,1983,55000,0,2026,9,12
강동구,둔촌동,둔촌푸르지오,113.67,6,2010,96000,0,2026,9,2
강동구,길동,강동LG자이,84.88,12,2003,74000,0,2026,9,14
강동구,상일동,고덕리엔파크3단지,114.8,3,2011,50820,0,2026,9,14
강동구,길동,강동헤리티지자이,59.98,9,2024,40162,0,2026,9,14
강동구,길동,다성이즈빌(349-1),18.16,9,2012,5000,45,2026,9,14
강동구,강일동,강일리버파크4단지,49.87,3,2009,1714,31,2026,9,15
강동구,천호동,힐데스하임천호아파트,52.5268,12,2023,18430,26,2026,9,14
강동구,암사동,롯데캐슬퍼스트,59.99,10,2008,38000,160,2026,9,6
강동구,암사동,롯데캐슬퍼스트,84.81,3,2008,31500,220,2026,9,12
강동구,명일동,삼익그린2차,42.93,13,1983,44000,0,2026,9,12
강동구,길동,현대웰하임(201동),17.045,4,2012,7000,22,2026,9,14
강동구,천호동,금호아파트,27.61,3,1987,24150,0,2026,9,11
강동구,강일동,강일리버파크11단지,29.96,3,2015,8394,11,2026,9,14
강동구,고덕동,고덕센트럴푸르지오,40.09,12,2020,32100,55,2026,9,12
강동구,고덕동,고덕그라시움,59.785,3,2019,68200,0,2026,9,12
강동구,천호동,중앙하이츠,114.68,8,1998,52500,0,2026,9,12
강동구,상일동,강동리엔파크11단지,29.99,7,2021,8496,31,2026,9,14
강동구,명일동,삼익그린2차,66.87,9,1983,46500,48,2026,9,12
강동구,명일동,래미안솔베뉴,59.11,7,2019,85000,0,2026,9,12
강동구,강일동,강일리버파크11단지,29.96,2,2015,8911,14,2026,9,14
강동구,길동,청광플러스원(큐브1차),16.685,9,2012,500,55,2026,9,9
강동구,길동,강동헤리티지자이,45.795,15,2024,52500,0,2026,9,12
강동구,상일동,고덕롯데캐슬베네루체,59.984,19,2019,20476,29,2026,9,14
강동구,강일동,강일리버파크11단지,29.96,6,2015,8292,12,2026,9,14
강동구,명일동,고덕주공9,83.34,15,1985,63500,0,2026,9,5
강동구,길동,현대웰하임(101동),16.959,8,2012,9970,8,2026,9,3
강동구,천호동,강변그대가갤럭시,84.96,5,2009,65000,30,2026,9,5
강동구,성내동,SM엘루이,14.83,5,2019,18240,0,2026,9,11
강동구,고덕동,고덕센트럴푸르지오,59.06,32,2020,10000,290,2026,9,12
강동구,상일동,중앙하이츠,84.23,4,1992,50000,80,2026,9,14
강동구,암사동,한강현대,59.94,13,1999,60000,0,2026,9,12
강동구,천호동,두산위브센티움,31.37,6,2004,15200,20,2026,9,7
강동구,천호동,대우한강베네시티,114.63,12,2007,84000,0,2026,9,12
강동구,명일동,삼환,84.92,9,1992,57900,0,2026,9,12
강동구,길동,현대웰하임(101동),16.959,10,2012,10450,14,2026,9,11
강동구,암사동,선사현대아파트,59.64,6,2000,44000,18,2026,9,14
강동구,명일동,삼익그린2차,54.81,1,1983,35700,0,2026,9,10
강동구,둔촌동,올림픽파크포레온,39.95,30,2024,60000,80,2026,9,12
강동구,둔촌동,라이프101동(544)102동(544-1),79.53,2,1993,63000,0,2026,9,12
강동구,상일동,고덕아르테온,59.98,13,2020,40000,185,2026,9,12
강동구,강일동,고덕리엔파크2단지,84.87,6,2011,37406,0,2026,9,14
강동구,둔촌동,동아,54.22,6,1992,37000,0,2026,9,12
강동구,상일동,고덕센트럴IPARK,84.91,2,2019,75600,0,2026,9,12
강동구,고덕동,고덕그라시움,59.052,3,2019,85000,0,2026,9,11
강동구,길동,이편한세상강동에코포레,59.97,18,2020,75000,0,2026,9,12
강동구,명일동,한양,119.37,5,1986,90000,0,2026,9,14
강동구,고덕동,고덕그라시움,59.785,23,2019,15000,174,2026,9,12
강동구,길동,서한베네치아,107.33,4,2005,65000,0,2026,9,11
강동구,둔촌동,현대4,114.9,4,1996,90000,0,2026,9,8
강동구,길동,강동헤리티지자이,84.977,15,2024,30000,300,2026,9,12
강동구,고덕동,고덕그라시움,84.244,3,2019,105000,0,2026,9,13
강동구,고덕동,고덕그라시움,84.046,2,2019,81900,0,2026,9,12
강동구,고덕동,고덕센트럴푸르지오,59.14,18,2020,74000,0,2026,9,11
강동구,둔촌동,올림픽파크포레온,84.99,27,2024,94500,0,2026,9,8
강동구,상일동,고덕센트럴IPARK,59.99,1,2019,60000,60,2026,9,5
강동구,고덕동,고덕그라시움,59.785,3,2019,60000,95,2026,9,10
강동구,천호동,현진리버파크,24.77,3,2017,23000,0,2026,9,2
강동구,성내동,힐스테이트천호역젠트리스,84.9482,18,2024,100000,0,2026,9,10
강동구,암사동,선사현대아파트,59.64,19,2000,5000,190,2026,9,5
강동구,강일동,강일리버파크10단지,84.74,6,2009,36000,60,2026,9,12
강동구,명일동,래미안솔베뉴,59.11,21,2019,68000,0,2026,9,12
강동구,강일동,강일리버파크11단지,29.96,10,2015,6192,22,2026,9,13
강동구,길동,강동헤리티지자이,45.795,24,2024,40162,0,2026,9,3
강동구,길동,다성이즈빌(387-4),22.21,10,2018,24300,13,2026,9,11
강동구,둔촌동,신동아파밀리에,59.4,3,2002,62000,0,2026,9,11
강동구,길동,강동헤리티지자이,84.977,32,2024,63000,105,2026,9,11
강동구,길동,길동우성,57.1,10,1994,15000,92,2026,9,10
강동구,성내동,올림픽파크한양수자인,59.55,9,2016,20000,150,2026,9,11
강동구,둔촌동,올림픽파크포레온,109.98,23,2024,180000,0,2026,9,11
강동구,명일동,한양,119.37,8,1986,73500,0,2026,9,11
강동구,암사동,프라이어팰리스,84.988,22,2007,68000,0,2026,9,10
강동구,길동,길동생활B,36.49,15,2024,10600,63,2026,9,11
강동구,천호동,집앤사스윗사이드아파트,14.02,2,2019,18000,8,2026,9,11
강동구,길동,강동헤리티지자이,59.98,5,2024,40162,0,2026,9,11
강동구,둔촌동,신성둔촌미소지움1,84.86,3,1998,51000,100,2026,9,10
강동구,상일동,강동리엔파크14단지,59.94,10,2021,69000,0,2026,9,10
강동구,상일동,푸르내,38.49,9,2020,12114,28,2026,9,11
강동구,명일동,래미안솔베뉴,59.32,19,2019,90000,0,2026,9,5
강동구,암사동,삼성광나루,84.79,2,2002,75000,0,2026,9,5
강동구,암사동,한강현대,115,7,1999,50000,140,2026,9,11
강동구,길동,다성이즈빌,14.07,13,2021,1000,75,2026,9,1
강동구,성내동,에스케이허브진,30.26,15,2004,29000,0,2026,9,11
강동구,명일동,래미안솔베뉴,59.11,17,2019,67200,0,2026,9,5
강동구,천호동,힐데스하임천호아파트,52.5268,10,2023,19750,32,2026,9,11
강동구,강일동,강일리버파크1단지,84.53,8,2009,65000,0,2026,9,4
강동구,길동,현대웰하임(201동),14.468,2,2012,5000,35,2026,9,10
강동구,둔촌동,올림픽파크포레온,29.97,33,2024,46200,0,2026,9,11
강동구,고덕동,고덕그라시움,84.046,18,2019,120000,0,2026,9,2
강동구,명일동,삼익그린2차,54.81,9,1983,42000,0,2026,9,10
강동구,길동,강동역에스케이허브,84.81,16,2006,15000,170,2026,9,10
강동구,명일동,고덕주공9,83.21,14,1985,65000,0,2026,9,11
강동구,강일동,강일리버파크1단지,84.74,11,2009,65000,0,2026,9,3
강동구,상일동,고덕자이,74.823,6,2021,78200,0,2026,9,5
강동구,명일동,명일우성,84.93,11,1986,34000,160,2026,9,10
강동구,강일동,고덕리엔파크2단지,49.92,4,2011,2243,34,2026,9,10
강동구,암사동,평대정원,79.77,1,2004,50000,0,2026,9,10
강동구,강일동,강동리버스트4단지,59.99,6,2020,50000,0,2026,9,10
강동구,둔촌동,올림픽파크포레온,84.99,20,2024,101800,0,2026,9,9
강동구,고덕동,배재현대,59.94,19,1995,62000,0,2026,9,10
강동구,둔촌동,한솔솔파크,84.49,14,2003,48000,0,2026,9,3
강동구,강일동,강일리버파크5단지,84.74,2,2009,60000,0,2026,9,4
강동구,성내동,새한올림픽,81.55,5,2001,56000,0,2026,9,10
강동구,강일동,강동리버스트6단지,59.97,16,2021,28361,0,2026,9,10
강동구,둔촌동,한솔솔파크,84.49,14,2003,48000,0,2026,9,3
강동구,고덕동,고덕그라시움,59.028,17,2019,63500,0,2026,9,10
강동구,둔촌동,신성둔촌미소지움1,59.78,14,1998,50000,80,2026,9,10
강동구,성내동,올림픽파크한양수자인,59.55,4,2016,39068,0,2026,9,10
강동구,상일동,강동리엔파크11단지,29.99,4,2021,11442,16,2026,9,10
강동구,길동,강동헤리티지자이,59.98,4,2024,40162,0,2026,9,10
강동구,명일동,원일타워,21.48,13,2020,3000,88,2026,9,5
강동구,길동,강동한신휴플러스,84.61,4,2006,48000,0,2026,9,9
강동구,강일동,강동리버스트4단지,49.82,18,2020,30000,0,2026,9,1
강동구,길동,강동헤리티지자이,59.98,13,2024,40162,0,2026,9,10
강동구,성내동,한양립스,12.33,13,2014,4500,45,2026,9,9
강동구,천호동,현진리버파크,23.24,3,2017,25200,0,2026,9,8
강동구,고덕동,고덕센트럴푸르지오,59.09,22,2020,75000,0,2026,9,5
강동구,천호동,래미안강동팰리스,59.98,15,2017,10000,270,2026,9,5
강동구,길동,강동헤리티지자이,59.98,7,2024,40162,0,2026,9,8
강동구,암사동,롯데캐슬퍼스트,102.34,12,2008,50000,126,2026,9,4
강동구,둔촌동,더샵둔촌포레,93.5441,6,1984,68000,14,2026,9,7
강동구,성내동,성안마을청구,59.93,15,2002,18000,109,2026,9,9
강동구,천호동,힐데스하임천호아파트,52.5268,11,2023,17510,25,2026,9,9
강동구,상일동,강동리엔파크11단지,29.99,6,2021,11442,16,2026,9,9
강동구,강일동,강일리버파크11단지,29.96,8,2015,7828,11,2026,9,9
강동구,암사동,롯데캐슬퍼스트,84.98,12,2008,30000,153,2026,9,8
강동구,고덕동,고덕센트럴푸르지오,59.14,13,2020,60900,0,2026,9,8
강동구,명일동,삼익그린2차,66.87,12,1983,48000,0,2026,9,5
강동구,고덕동,래미안힐스테이트고덕,84.9,18,2016,105000,0,2026,9,9
강동구,길동,백천이스트하임,17.39,7,2012,3000,51,2026,9,9
강동구,상일동,고덕숲아이파크,59.97,20,2018,45000,120,2026,9,9
강동구,상일동,강동리엔파크11단지,29.99,6,2021,8496,31,2026,9,9
강동구,상일동,고덕아르테온,84.97,17,2020,110000,0,2026,9,4
강동구,상일동,고덕아르테온,84.97,6,2020,88000,0,2026,9,5
강동구,명일동,고덕주공9,83.34,4,1985,38000,40,2026,9,9
강동구,길동,강동헤리티지자이,59.98,28,2024,40162,0,2026,9,9
강동구,고덕동,래미안힐스테이트고덕,97,10,2016,130000,0,2026,9,5
강동구,암사동,선사현대아파트,114.42,8,2000,73000,0,2026,9,9
강동구,천호동,래미안강동팰리스,59.98,7,2017,82000,0,2026,9,5
강동구,강일동,강일리버파크11단지,29.96,6,2015,7828,11,2026,9,9
강동구,명일동,삼익가든,82.45,7,1984,42000,0,2026,9,8
강동구,상일동,고덕자이,74.823,22,2021,73500,0,2026,9,8
강동구,둔촌동,올림픽파크포레온,84.99,28,2024,130000,0,2026,9,9
강동구,성내동,비앤비(101동),82.01,2,2003,18000,100,2026,9,7
강동구,고덕동,배재현대,84.9,4,1995,85000,0,2026,9,5
강동구,고덕동,고덕그라시움,73.873,10,2019,10000,350,2026,9,1
강동구,천호동,힐데스하임천호아파트,52.5268,15,2023,18430,26,2026,9,8
강동구,길동,현대웰하임(101동),16.959,11,2012,3000,50,2026,9,5
강동구,상일동,고덕자이,52.9662,4,2021,19300,29,2026,9,8
강동구,명일동,고덕주공9,83.34,15,1985,63500,0,2026,9,5
강동구,상일동,동아,59.25,6,1997,45000,0,2026,9,8
강동구,천호동,한신아파트,57.84,1,1991,40000,0,2026,9,5
강동구,둔촌동,올림픽파크포레온,39.95,24,2024,50000,40,2026,9,8
강동구,강일동,강일리버파크11단지,29.96,3,2015,8292,12,2026,9,8
강동구,둔촌동,올림픽파크포레온,39.95,13,2024,88000,0,2026,9,8
강동구,상일동,고덕센트럴IPARK,59.99,11,2019,21179,32,2026,9,8
강동구,강일동,강동리버스트4단지,59.99,3,2020,44100,29,2026,9,4
강동구,성내동,코오롱(1차),84.69,11,1999,55000,0,2026,9,5
강동구,둔촌동,올림픽파크포레온,39.95,9,2024,57000,110,2026,9,6
강동구,천호동,래미안강동팰리스,84.97,19,2017,81000,16,2026,9,7
강동구,상일동,동아,59.25,6,1997,45000,0,2026,9,8
강동구,둔촌동,올림픽파크포레온,109.98,32,2024,120500,0,2026,9,3
강동구,둔촌동,올림픽파크포레온,84.99,14,2024,100000,220,2026,9,4
강동구,고덕동,고덕그라시움,73.873,9,2019,90000,0,2026,9,5
강동구,둔촌동,현대4,114.9,3,1996,58800,0,2026,9,8
강동구,둔촌동,올림픽파크포레온,84.99,23,2024,55000,178,2026,9,8
강동구,길동,강동헤리티지자이,59.98,22,2024,40162,0,2026,9,8
강동구,둔촌동,올림픽파크포레온,84.99,26,2024,160000,0,2026,9,8
강동구,길동,강동헤리티지자이,59.98,22,2024,40162,0,2026,9,8
강동구,길동,강동헤리티지자이,59.98,4,2024,40162,0,2026,9,8
강동구,상일동,고덕센트럴IPARK,59.99,12,2019,30000,132,2026,9,7
강동구,길동,강동헤리티지자이,59.98,18,2024,40162,0,2026,9,8
강동구,암사동,선사현대아파트,72.85,17,2000,60000,0,2026,9,6
강동구,둔촌동,올림픽파크포레온,84.99,25,2024,150000,0,2026,9,8
강동구,상일동,고덕아르테온,59.98,7,2020,85000,0,2026,9,5
강동구,둔촌동,둔촌푸르지오,59.98,13,2010,67000,0,2026,9,4
강동구,천호동,힐데스하임천호아파트,52.5268,8,2023,18430,26,2026,9,7
강동구,천호동,힐데스하임천호아파트,52.5268,6,2023,18430,26,2026,9,7
강동구,암사동,프라이어팰리스,114.272,10,2007,84000,0,2026,9,5
강동구,명일동,삼익그린2차,54.81,6,1983,30450,0,2026,9,5
강동구,상일동,중앙하이츠,84.23,9,1992,60000,0,2026,9,6
강동구,길동,강동헤리티지자이,59.98,22,2024,40162,0,2026,9,7
강동구,둔촌동,올림픽파크포레온,39.95,33,2024,55000,10,2026,9,6
강동구,천호동,천호동삼성아파트,59.86,5,1997,50000,0,2026,9,3
강동구,천호동,래미안강동팰리스,84.97,40,2017,50000,190,2026,9,7
강동구,상일동,고덕센트럴IPARK,59.97,10,2019,18078,26,2026,9,7
강동구,상일동,고덕롯데캐슬베네루체,84.923,5,2019,70000,60,2026,9,7
강동구,상일동,고덕자이,52.9662,9,2021,19300,29,2026,9,7
강동구,길동,다성이즈빌,14.07,16,2021,1000,75,2026,9,4
강동구,고덕동,아남1,71.2,2,1996,35000,0,2026,9,5
강동구,길동,백천이스트하임,17.39,4,2012,8000,25,2026,9,4
강동구,둔촌동,올림픽파크포레온,84.99,33,2024,87150,0,2026,9,6
강동구,둔촌동,올림픽파크포레온,39.95,14,2024,85000,0,2026,9,7
강동구,둔촌동,올림픽파크포레온,84.99,34,2024,99750,0,2026,9,4
강동구,명일동,삼익그린2차,66.87,3,1983,42000,0,2026,9,5
강동구,천호동,두산위브센티움,31.37,6,2004,15200,20,2026,9,7
강동구,성내동,타운빌라트,84.6,3,2000,60000,0,2026,9,4
강동구,고덕동,래미안힐스테이트고덕,84.9,12,2016,75000,0,2026,9,4
강동구,강일동,강동리버스트4단지,59.99,8,2020,65000,0,2026,9,4
강동구,상일동,고덕롯데캐슬베네루체,84.923,21,2019,23000,250,2026,9,1
강동구,둔촌동,올림픽파크포레온,39.95,20,2024,30000,220,2026,9,5
강동구,고덕동,배재현대,59.94,17,1995,30000,64,2026,9,4
강동구,천호동,미사아름채아파트,12.62,4,2020,19500,6,2026,9,7
강동구,고덕동,래미안힐스테이트고덕,84.9,13,2016,100000,0,2026,9,5
강동구,둔촌동,올림픽파크포레온,84.99,18,2024,120000,0,2026,9,5
강동구,성내동,현대,59.36,2,1987,48500,0,2026,9,2
강동구,둔촌동,올림픽파크포레온,84.99,22,2024,84000,0,2026,9,5
강동구,고덕동,고덕센트럴푸르지오,59.09,14,2020,75000,0,2026,9,6
강동구,암사동,현대홈타운,59.97,14,2004,65000,0,2026,9,5
강동구,길동,다성이즈빌(349-1),17.2,7,2012,5000,50,2026,9,5
강동구,암사동,프라이어팰리스,59.983,18,2007,70000,0,2026,9,3
강동구,상일동,고덕아르테온,59.98,7,2020,85000,0,2026,9,5
강동구,강일동,강일리버파크11단지,29.96,8,2015,8292,12,2026,9,7
강동구,고덕동,고덕 아이파크,145,6,2011,80000,240,2026,9,6
강동구,고덕동,고덕그라시움,59.028,15,2019,65000,85,2026,9,5
강동구,성내동,성안마을청구,59.93,7,2002,68000,0,2026,9,4
강동구,길동,강동헤리티지자이,59.98,17,2024,57750,0,2026,9,4
강동구,고덕동,고덕그라시움,84.244,8,2019,20000,440,2026,9,4
강동구,성내동,한솔애리즈601동,84.63,10,2005,40000,110,2026,9,7
강동구,성내동,에스케이허브진,47.36,12,2004,50000,0,2026,9,5
강동구,강일동,고덕리엔파크2단지,84.98,3,2011,59850,0,2026,9,3
강동구,명일동,래미안솔베뉴,59.11,13,2019,60000,120,2026,9,5
강동구,상일동,고덕롯데캐슬베네루체,84.923,2,2019,66150,0,2026,9,5
강동구,둔촌동,올림픽파크포레온,95.97,16,2024,105000,0,2026,9,5
강동구,성내동,둔촌역청구,84.94,4,1999,76000,0,2026,9,5
강동구,상일동,고덕롯데캐슬베네루체,59.984,8,2019,17945,26,2026,9,5
강동구,고덕동,고덕센트럴푸르지오,59.06,16,2020,61950,0,2026,9,6
강동구,천호동,힐데스하임천호아파트,52.5268,18,2023,22390,42,2026,9,7
강동구,상일동,e편한세상고덕어반브릿지,101.0619,9,2024,67000,0,2026,9,5
강동구,상일동,고덕아르테온,84.97,20,2020,60000,180,2026,9,4
강동구,길동,강동헤리티지자이,59.98,1,2024,40162,0,2026,9,4
강동구,천호동,천호동삼성아파트,59.86,20,1997,47000,0,2026,9,5
강동구,상일동,고덕숲아이파크,84.85,4,2018,73500,0,2026,9,5
강동구,둔촌동,올림픽파크포레온,84.99,8,2024,15000,297,2026,9,4
강동구,암사동,선사현대아파트,59.64,14,2000,50400,0,2026,9,4
강동구,길동,강동헤리티지자이,59.98,2,2024,40162,0,2026,9,4
강동구,둔촌동,프라자,83.4,9,1984,43050,0,2026,9,4
강동구,성내동,집앤사비카,16.66,5,2020,24000,0,2026,9,4
강동구,암사동,선사현대아파트,59.64,3,2000,26000,80,2026,9,4
강동구,상일동,고덕아르테온,84.97,25,2020,110000,0,2026,9,1
강동구,성내동,포레스(B동),79.73,2,2003,39000,0,2026,9,1
강동구,상일동,고덕리엔파크3단지,114.97,14,2011,36754,0,2026,9,4
강동구,암사동,삼성광나루,114.87,10,2002,30000,240,2026,9,4
강동구,고덕동,아남1,84.91,6,1996,50000,0,2026,9,4
강동구,상일동,중앙하이츠,84.23,1,1992,42000,0,2026,9,4
강동구,길동,다성이즈빌,14.07,16,2021,1000,75,2026,9,1
강동구,천호동,강동상떼빌,94.36,10,2007,43000,80,2026,9,2
강동구,둔촌동,올림픽파크포레온,49.95,4,2024,60000,40,2026,9,3
강동구,둔촌동,올림픽파크포레온,39.95,16,2024,60000,0,2026,9,3
강동구,암사동,선사현대아파트,59.64,7,2000,20000,150,2026,9,4
강동구,강일동,강동리버스트4단지,59.99,10,2020,50000,35,2026,9,3
강동구,성내동,에스케이허브진,33.71,7,2004,1000,100,2026,9,3
강동구,둔촌동,올림픽파크포레온,84.99,30,2024,101850,0,2026,9,4
강동구,상일동,강동리엔파크14단지,36.87,2,2021,13968,18,2026,9,3
강동구,길동,강동헤리티지자이,59.98,4,2024,40162,0,2026,9,3
강동구,강일동,힐스테이트리슈빌강일,101.7074,11,2023,30000,255,2026,9,3
강동구,천호동,힐데스하임천호아파트,52.5268,11,2023,18430,26,2026,9,3
강동구,성내동,천호역효성해링턴타워,16.09,15,2023,5990,42,2026,9,3
강동구,명일동,고덕주공9,83.93,1,1985,66000,0,2026,9,2
강동구,암사동,롯데캐슬퍼스트,112.11,12,2008,70000,160,2026,9,3
강동구,길동,한전우성1,81.63,9,1989,42000,0,2026,9,3
강동구,명일동,래미안솔베뉴,59.11,33,2019,74550,0,2026,9,2
강동구,고덕동,래미안힐스테이트고덕,84.88,10,2016,81900,0,2026,9,3
강동구,암사동,선사현대아파트,58.68,22,2000,48600,0,2026,9,3
강동구,길동,다성이즈빌,14.07,17,2021,1000,75,2026,9,1
강동구,길동,강동헤리티지자이,59.98,1,2024,40162,0,2026,9,3
강동구,길동,강동헤리티지자이,59.98,3,2024,40162,0,2026,9,3
강동구,둔촌동,올림픽파크포레온,49.95,2,2024,70000,0,2026,9,2
강동구,성내동,성안마을청구,59.93,3,2002,49350,0,2026,9,3
강동구,길동,강동헤리티지자이,59.98,9,2024,40162,0,2026,9,2
강동구,길동,강동헤리티지자이,59.98,27,2024,40162,0,2026,9,2
강동구,고덕동,고덕그라시움,59.028,4,2019,17814,31,2026,9,2
강동구,길동,강동헤리티지자이,59.98,17,2024,40162,0,2026,9,2
강동구,강일동,강일리버파크10단지,84.53,2,2009,51500,0,2026,9,2
강동구,강일동,강동리버스트4단지,49.82,9,2020,50000,0,2026,9,2
강동구,상일동,강동리엔파크14단지,59.94,3,2021,35000,90,2026,9,2
강동구,강일동,강동리버스트4단지,59.99,5,2020,60000,0,2026,9,1
강동구,길동,강동헤리티지자이,59.98,2,2024,40162,0,2026,9,2
강동구,상일동,고덕센트럴IPARK,84.91,18,2019,80000,0,2026,9,2
강동구,암사동,롯데캐슬퍼스트,84.98,7,2008,85000,0,2026,9,2
강동구,고덕동,고덕그라시움,59.785,15,2019,63000,17,2026,9,1
강동구,둔촌동,올림픽파크포레온,84.99,9,2024,140000,0,2026,9,2
강동구,성내동,아이퍼스트빌,15.94,9,2012,1000,63,2026,9,1
강동구,성내동,올림픽파크한양수자인,59.55,16,2016,63000,0,2026,9,1
강동구,길동,강동헤리티지자이,59.98,1,2024,40162,0,2026,9,1
강동구,길동,강동헤리티지자이,59.98,2,2024,40162,0,2026,9,1
강동구,길동,강동헤리티지자이,59.98,7,2024,40162,0,2026,9,1
강동구,강일동,고덕리엔파크1단지,84.83,14,2011,37406,0,2026,9,2
강동구,길동,강동헤리티지자이,59.98,2,2024,40162,0,2026,9,2
강동구,상일동,고덕롯데캐슬베네루체,59.981,11,2019,80000,0,2026,9,1
강동구,둔촌동,더샵둔촌포레,93.8499,1,1984,95000,0,2026,9,2
강동구,천호동,천호롯데아파트,59.99,6,1999,42000,0,2026,9,1
강동구,상일동,고덕센트럴IPARK,84.91,2,2019,70000,150,2026,9,1
강동구,길동,강동헤리티지자이,59.98,25,2024,57700,0,2026,9,1
강동구,고덕동,고덕그라시움,59.785,13,2019,80000,0,2026,9,1
강동구,길동,강동헤리티지자이,59.98,2,2024,40162,0,2026,9,1
강동구,천호동,금호아파트,27.61,1,1987,23000,0,2026,9,1
강동구,길동,강동헤리티지자이,59.98,13,2024,40162,0,2026,9,1
강동구,길동,강동헤리티지자이,59.98,13,2024,40162,0,2026,9,1
강동구,성내동,에스케이허브진,33.71,14,2004,28500,0,2026,9,1
강동구,길동,강동헤리티지자이,59.98,3,2024,40162,0,2026,9,1
강동구,천호동,래미안강동팰리스,84.97,12,2017,20000,340,2026,9,1
강동구,고덕동,고덕그라시움,59.785,6,2019,63000,0,2026,9,1
강동구,둔촌동,올림픽파크포레온,84.98,26,2024,100000,0,2026,9,1
강동구,성내동,집앤사베니아파트,59.57,11,2019,20589,31,2026,9,1
