구,법정동,아파트명,전용면적,층,건축년도,거래금액,년,월,일,거래유형
종로구,내수동,킹스매너,194.43,6,2004,265000,2026,9,29,중개거래
종로구,숭인동,종로청계힐스테이트,84.9478,14,2009,126000,2026,9,23,중개거래
종로구,창신동,MID그린(7동),59.04,5,2002,77000,2026,9,22,중개거래
종로구,숭인동,블루빌,44.56,5,2017,30000,2026,9,11,중개거래
종로구,창신동,창신쌍용2,54.7,2,1993,74000,2026,9,4,중개거래
종로구,창신동,창신쌍용1,106.62,6,1992,105900,2026,9,15,중개거래
종로구,숭인동,에비뉴청계Ⅱ,16.95,8,2025,25000,2026,9,14,중개거래
종로구,숭인동,종로센트레빌,59.92,8,2008,113700,2026,9,15,중개거래
종로구,숭인동,종로센트레빌,59.92,5,2008,105000,2026,9,14,중개거래
종로구,무악동,현대,114.9,3,2000,165980,2026,9,13,중개거래
종로구,교북동,동아,59.98,9,1995,89400,2026,9,11,중개거래
종로구,연건동,이화에수풀,16.98,13,2014,18500,2026,9,5,중개거래
종로구,명륜2가,아남2,59.4,1,1996,88500,2026,9,1,중개거래
종로구,창신동,창신이수,84.5,10,2003,99000,2026,9,4,중개거래
종로구,창신동,두산,59.95,22,1999,100000,2026,9,4,중개거래
종로구,무악동,인왕산아이파크,114.931,6,2008,185000,2026,9,4,중개거래
종로구,창신동,MID그린(2동),59.26,3,2002,75000,2026,9,3,중개거래
종로구,무악동,현대,60,10,2000,121980,2026,9,3,중개거래
종로구,명륜2가,아남1,84.8,20,1995,129500,2026,9,3,중개거래
중구,흥인동,동대문와이즈캐슬,15.55,8,2014,13000,2026,9,18,중개거래
중구,충무로4가,남산센트럴자이,135.533,31,2009,210000,2026,9,13,중개거래
중구,신당동,현대,66.6,4,1993,125500,2026,9,22,중개거래
중구,묵정동,힐스테이트남산,29.17,1,2024,58500,2026,9,30,중개거래
중구,신당동,삼성V아파트A동,81.63,1,2007,83000,2026,9,3,중개거래
중구,황학동,롯데캐슬,59.91,29,2008,112000,2026,9,5,중개거래
중구,신당동,약수하이츠,84.88,8,1999,186500,2026,9,4,중개거래
중구,신당동,약수하이츠,57.63,10,1999,149000,2026,9,4,중개거래
중구,중림동,삼성사이버빌리지,114.77,10,2001,215000,2026,9,22,중개거래
중구,황학동,롯데캐슬,59.94,15,2008,110500,2026,9,16,중개거래
중구,인현동2가,인현상가/신성아파트,42.31,7,1968,36900,2026,9,9,중개거래
중구,황학동,골드캐슬Ⅲ,32.75,13,2017,33000,2026,9,9,중개거래
중구,황학동,롯데캐슬,59.94,19,2008,117500,2026,9,13,중개거래
중구,황학동,롯데캐슬,84.89,33,2008,140000,2026,9,12,중개거래
중구,신당동,남산타운,114.88,5,2002,186000,2026,9,11,중개거래
중구,황학동,롯데캐슬,84.92,17,2008,127000,2026,9,8,중개거래
중구,오장동,이지마루오장,23.94,15,2018,42000,2026,9,4,중개거래
중구,황학동,롯데캐슬,84.89,11,2008,130000,2026,9,7,중개거래
중구,만리동2가,서울역센트럴자이,59.943,25,2017,198000,2026,9,5,중개거래
중구,신당동,약수하이츠,57.63,10,1999,149000,2026,9,4,중개거래
중구,신당동,약수하이츠,84.88,8,1999,186500,2026,9,4,중개거래
중구,흥인동,동대문솔하임,19.67,15,2016,17500,2026,9,2,중개거래
용산구,문배동,리첸시아용산B,145.75,11,2010,216000,2026,9,7,중개거래
용산구,효창동,효창드림빌,84.89,2,2002,103000,2026,9,5,중개거래
용산구,한남동,한남동리첸시아,72.66,10,2004,153000,2026,9,23,중개거래
용산구,한강로3가,시티파크(2단지),117.62,27,2007,315000,2026,9,21,중개거래
용산구,이촌동,한강(대우),84.98,15,2000,280000,2026,9,12,중개거래
용산구,원효로4가,강변삼성스위트,84.9,20,1999,210000,2026,9,19,중개거래
용산구,한남동,한남아이파크애비뉴,45.717,14,2017,96900,2026,9,13,중개거래
용산구,문배동,리첸시아용산B,84.98,20,2010,178000,2026,9,10,중개거래
용산구,이촌동,동아그린,84.82,10,1999,206000,2026,9,2,중개거래
용산구,이촌동,한가람,59.88,13,1998,249500,2026,9,14,중개거래
용산구,한남동,한남아이파크애비뉴,49.6971,9,2017,102000,2026,9,9,중개거래
용산구,이촌동,강변,66.08,5,1971,144000,2026,9,12,중개거래
용산구,이태원동,용산동아파트,44.76,5,1969,56000,2026,9,2,중개거래
용산구,서빙고동,신동아,166.98,4,1984,460000,2026,9,8,중개거래
용산구,이촌동,현대한강,84.88,15,1997,258000,2026,9,6,중개거래
용산구,이촌동,한가람,59.88,10,1998,241000,2026,9,5,중개거래
용산구,이태원동,용산동아파트,51.27,7,1969,60000,2026,9,5,중개거래
용산구,문배동,리첸시아용산B,145.75,11,2010,216000,2026,9,7,중개거래
용산구,서빙고동,신동아,95.66,2,1984,339000,2026,9,5,중개거래
용산구,한남동,시범,59.5,4,1970,119000,2026,9,5,중개거래
용산구,한강로2가,벽산메가트리움,84.98,17,2005,180000,2026,9,4,중개거래
용산구,이촌동,한가람,59.88,4,1998,238000,2026,9,2,중개거래
용산구,신계동,용산e편한세상,84.89,11,2011,248000,2026,9,2,중개거래
성동구,성수동2가,롯데캐슬파크,101.995,4,2003,233500,2026,9,15,중개거래
성동구,하왕십리동,왕십리지웰,84.981,9,2009,142500,2026,9,30,중개거래
성동구,하왕십리동,센트라스,84.96,7,2016,248000,2026,9,19,중개거래
성동구,금호동1가,이편한세상금호파크힐스,59.983,16,2019,216000,2026,9,23,중개거래
성동구,행당동,행당한진타운,84.71,7,2000,195000,2026,9,23,중개거래
성동구,상왕십리동,텐즈힐(2단지),84.95,15,2014,220000,2026,9,13,중개거래
성동구,하왕십리동,센트라스,59.96,3,2016,210000,2026,9,10,중개거래
성동구,금호동1가,금호삼성래미안,59.95,9,2001,173000,2026,9,16,중개거래
성동구,응봉동,신동아,59.97,14,1996,142180,2026,9,20,중개거래
성동구,하왕십리동,극동미라주,84.33,8,2001,149000,2026,9,19,중개거래
성동구,하왕십리동,왕십리풍림아이원,59.936,2,2004,150000,2026,9,19,중개거래
성동구,옥수동,옥수삼성,84.822,5,1999,227000,2026,9,19,중개거래
성동구,성수동2가,성수우방2차아파트,59.82,4,1999,135000,2026,9,18,중개거래
성동구,행당동,행당한진타운,59.96,4,2000,164500,2026,9,17,중개거래
성동구,하왕십리동,센트라스,84.96,8,2016,240000,2026,9,15,중개거래
성동구,성수동2가,현대I-PARK,104.56,15,2003,226500,2026,9,15,중개거래
성동구,옥수동,옥수파크힐스117동~125동,84.3,1,2016,245000,2026,9,15,중개거래
성동구,금호동2가,신금호파크자이,59.98,4,2016,200000,2026,9,14,중개거래
성동구,금호동2가,신금호파크자이,114.98,12,2016,253000,2026,9,14,중개거래
성동구,하왕십리동,왕십리풍림아이원,59.936,8,2004,149000,2026,9,12,중개거래
성동구,하왕십리동,센트라스,59.99,10,2016,197000,2026,9,12,중개거래
성동구,하왕십리동,왕십리풍림아이원,59.936,14,2004,152000,2026,9,12,중개거래
성동구,상왕십리동,텐즈힐(2단지),84.9,22,2014,232000,2026,9,9,중개거래
성동구,옥수동,옥수파크힐스117동~125동,59.59,6,2016,227000,2026,9,12,중개거래
성동구,송정동,건영,59.21,2,2000,99000,2026,9,12,중개거래
성동구,행당동,행당한진타운,59.96,8,2000,165000,2026,9,12,중개거래
성동구,하왕십리동,왕십리풍림아이원,59.936,7,2004,151000,2026,9,11,중개거래
성동구,성수동2가,성수1차대우아파트,84.6,16,1999,104500,2026,9,9,중개거래
성동구,행당동,서울숲삼부아파트,122.01,4,1998,223000,2026,9,5,중개거래
성동구,하왕십리동,한신무학,62.41,12,1989,145000,2026,9,7,중개거래
성동구,옥수동,래미안 옥수 리버젠,113.52,1,2012,290000,2026,9,11,중개거래
성동구,옥수동,옥수파크힐스101동~116동,59.78,15,2016,242000,2026,9,10,중개거래
성동구,성수동2가,서울숲금강아미움,80.89,5,2004,130000,2026,9,10,중개거래
성동구,옥수동,옥수파크힐스101동~116동,59.91,17,2016,232000,2026,9,3,중개거래
성동구,하왕십리동,왕십리자이,59.99,18,2017,169000,2026,9,7,중개거래
성동구,하왕십리동,센트라스,84.99,24,2016,240000,2026,9,7,중개거래
성동구,금호동1가,벽산,84.82,8,2001,182000,2026,9,7,중개거래
성동구,행당동,서울숲 한신 더 휴,84.95,1,2003,174000,2026,9,5,중개거래
성동구,행당동,서울숲더샵,84.06,22,2014,193000,2026,9,2,중개거래
성동구,금호동3가,금호1차푸르지오,59.97,4,2005,171000,2026,9,4,중개거래
성동구,옥수동,옥수파크힐스101동~116동,84.64,8,2016,250000,2026,9,5,중개거래
성동구,옥수동,옥수파크힐스101동~116동,59.91,12,2016,240000,2026,9,2,중개거래
성동구,하왕십리동,센트라스,59.93,12,2016,190000,2026,9,1,중개거래
성동구,금호동1가,이편한세상금호파크힐스,59.949,13,2019,207500,2026,9,1,중개거래
광진구,자양동,자양호반써밋,59.0905,2,2021,161000,2026,9,18,중개거래
광진구,구의동,e편한세상광진그랜드파크,115.9468,25,2021,285000,2026,9,11,중개거래
광진구,광장동,광장힐스테이트,130.17,6,2012,297500,2026,9,19,중개거래
광진구,구의동,현대팰리스,57.16,7,2022,58100,2026,9,21,직거래
광진구,자양동,자양호반써밋,59.0905,20,2021,187500,2026,9,29,중개거래
광진구,구의동,데쟈뷰아파트,81.24,2,2006,90500,2026,9,18,중개거래
광진구,광장동,광장힐스테이트,130.17,21,2012,299000,2026,9,9,중개거래
광진구,군자동,홍익봄마을(101동),84.52,1,2004,70000,2026,9,28,중개거래
광진구,구의동,광진파크하우스,45.5821,7,2023,80000,2026,9,23,중개거래
광진구,자양동,한라아파트,84.6,10,1996,162500,2026,9,6,중개거래
광진구,화양동,브라운스톤,58.24,15,2006,71500,2026,9,11,중개거래
광진구,자양동,롯데캐슬리버파크시그니쳐,84.99,5,2023,245000,2026,9,16,중개거래
광진구,광장동,광장힐스테이트,131.96,2,2012,337000,2026,9,8,중개거래
광진구,자양동,이튼타워리버5차,84.92,13,2009,232000,2026,9,21,중개거래
광진구,중곡동,삼보글로벌101동,72.27,3,2003,80000,2026,9,18,중개거래
광진구,광장동,광장자이,158.26,11,2008,274000,2026,9,21,중개거래
광진구,구의동,솔렌시아,31.29,9,2015,32000,2026,9,19,중개거래
광진구,군자동,광진동양파라곤2단지,72.5,6,2008,100000,2026,9,16,중개거래
광진구,구의동,그레이스홈타운(102동),66.69,7,2005,83500,2026,9,16,중개거래
광진구,중곡동,엘림퍼스트중곡동,54.13,7,2021,57000,2026,9,10,중개거래
광진구,구의동,새한,84.91,2,2000,136000,2026,9,11,중개거래
광진구,화양동,신원리브웰화양동주상복합,22.56,2,2019,20000,2026,9,15,중개거래
광진구,구의동,구의현대2단지,84.91,8,1996,230000,2026,9,14,중개거래
광진구,군자동,광진We’vePark,131.02,17,2008,156000,2026,9,12,중개거래
광진구,광장동,광나루현대,84.59,3,1996,160000,2026,9,14,중개거래
광진구,구의동,한영해시안아파트,59.97,2,2020,79700,2026,9,4,중개거래
광진구,광장동,광장현대9단지,84.96,18,1999,201500,2026,9,11,중개거래
광진구,구의동,구의현대2단지,84.75,21,1996,199500,2026,9,11,중개거래
광진구,중곡동,삼민,90.3,1,1995,89000,2026,9,7,중개거래
광진구,자양동,로얄동아,59.91,11,1999,145000,2026,9,4,중개거래
광진구,중곡동,삼민,90.3,1,1995,89000,2026,9,7,중개거래
광진구,군자동,일성파크,59.96,7,1996,98000,2026,9,7,중개거래
광진구,광장동,현대파크빌,59.55,11,2000,204000,2026,9,4,중개거래
광진구,자양동,경남,59.96,12,1999,138000,2026,9,4,중개거래
광진구,자양동,자양동현대,84.55,10,1993,158000,2026,9,3,중개거래
광진구,자양동,우성5,84.72,5,1990,159000,2026,9,2,중개거래
동대문구,답십리동,래미안위브,59.96,9,2014,159500,2026,9,11,중개거래
동대문구,장안동,장안삼성쉐르빌,119.78,16,2002,89500,2026,9,14,중개거래
동대문구,장안동,현대리노빌103동,84.94,2,2004,65000,2026,9,29,중개거래
동대문구,전농동,전농동삼성래미안,59.93,11,2000,117000,2026,9,19,중개거래
동대문구,전농동,래미안크레시티,121.98,18,2014,220000,2026,9,21,중개거래
동대문구,전농동,청량리역롯데캐슬 SKY-L65,84.971,58,2023,200000,2026,9,21,중개거래
동대문구,휘경동,이문휘경지웰에스테이트,14.1448,12,2021,16500,2026,9,19,중개거래
동대문구,제기동,동성네스트빌,66.01,5,2005,43000,2026,9,29,중개거래
동대문구,전농동,래미안크레시티,84.96,12,2014,184000,2026,9,9,중개거래
동대문구,이문동,대림e-편한세상,59.958,18,2003,122000,2026,9,29,중개거래
동대문구,이문동,삼익,84.95,14,1997,100000,2026,9,29,중개거래
동대문구,전농동,동아,57.9,20,1997,100500,2026,9,23,중개거래
동대문구,제기동,안암골벽산,116.69,16,2003,123500,2026,9,20,중개거래
동대문구,용두동,동대문푸르지오시티(도시형생활주택),19.51,3,2016,15800,2026,9,18,중개거래
동대문구,답십리동,삼희,42.93,7,1983,53000,2026,9,9,중개거래
동대문구,전농동,동아,57.9,20,1997,100500,2026,9,23,중개거래
동대문구,장안동,동대문더퍼스트데시앙,59.9942,14,2019,108000,2026,9,23,중개거래
동대문구,휘경동,서울가든,85.92,6,1985,70300,2026,9,19,중개거래
동대문구,전농동,래미안크레시티,121.95,5,2014,208500,2026,9,23,중개거래
동대문구,답십리동,현대썬앤빌청계,14.82,13,2016,12300,2026,9,17,중개거래
동대문구,청량리동,한신,59.97,6,1997,55100,2026,9,4,직거래
동대문구,답십리동,두산,59.96,20,2000,105500,2026,9,22,중개거래
동대문구,신설동,신설동역자이르네,42.836,10,2024,77500,2026,9,21,중개거래
동대문구,장안동,한강훼미리주상복합아파트,75.96,14,2009,65000,2026,9,21,중개거래
동대문구,장안동,프라하임장안1,22.12,11,2020,24500,2026,9,14,직거래
동대문구,제기동,현대,90.95,12,1999,105000,2026,9,21,중개거래
동대문구,답십리동,우성그린,84.98,16,1997,95500,2026,9,21,중개거래
동대문구,전농동,래미안크레시티,84.96,8,2014,174000,2026,9,21,중개거래
동대문구,장안동,태솔타운3차,55.25,10,2014,43000,2026,9,11,중개거래
동대문구,장안동,홍해오크펠리스3차,84.47,5,2012,74000,2026,9,16,중개거래
동대문구,전농동,전농동삼성래미안,59.93,19,2000,113000,2026,9,20,중개거래
동대문구,답십리동,동답한신,35.45,11,1992,46000,2026,9,3,중개거래
동대문구,답십리동,힐스테이트청계,48.98,7,2018,140000,2026,9,19,중개거래
동대문구,전농동,전농동삼성래미안,59.93,11,2000,117000,2026,9,19,중개거래
동대문구,휘경동,동양1차,59.85,15,2000,84000,2026,9,19,중개거래
동대문구,전농동,전농우성,59.78,14,1992,93000,2026,9,19,중개거래
동대문구,답십리동,한신휴플러스그린파크,114.98,1,2010,134500,2026,9,18,중개거래
동대문구,장안동,장안솔렌시아6,17.53,12,2021,25700,2026,9,18,중개거래
동대문구,용두동,동대문푸르지오시티(도시형생활주택),19.51,4,2016,14850,2026,9,18,중개거래
동대문구,회기동,베라체캠퍼스,54.526,11,2013,55700,2026,9,18,중개거래
동대문구,장안동,현대홈타운2차,96.22,6,2005,95000,2026,9,14,중개거래
동대문구,답십리동,청계한신휴플러스,73.96,6,2010,160000,2026,9,5,중개거래
동대문구,용두동,래미안 허브리츠,114.98,16,2011,173000,2026,9,10,중개거래
동대문구,장안동,래미안장안2차,64.85,3,2007,117500,2026,9,3,중개거래
동대문구,장안동,래미안장안,84.774,21,2003,130000,2026,9,16,중개거래
동대문구,답십리동,답십리청솔우성,114.76,3,2000,121000,2026,9,15,중개거래
동대문구,제기동,안암골벽산,59.94,20,2003,95000,2026,9,15,중개거래
동대문구,전농동,전농우성,84.84,14,1992,61500,2026,9,15,중개거래
동대문구,전농동,래미안크레시티,84.96,4,2014,174500,2026,9,15,중개거래
동대문구,전농동,전농SK,59.96,1,2000,109000,2026,9,14,중개거래
동대문구,답십리동,신답극동,53.1,7,1987,84542,2026,9,5,중개거래
동대문구,장안동,장안현대,95.39,3,1984,93000,2026,9,12,중개거래
동대문구,장안동,양우내안애애플,15.3388,5,2014,9000,2026,9,8,중개거래
동대문구,전농동,래미안크레시티,84.96,12,2014,184000,2026,9,9,중개거래
동대문구,전농동,청량리역롯데캐슬 SKY-L65,84.981,14,2023,200000,2026,9,12,중개거래
동대문구,장안동,대명이룸아파트(565-0),83.75,1,2005,70000,2026,9,8,중개거래
동대문구,용두동,청량리역한양수자인그라시엘,84.97,45,2023,175000,2026,9,13,중개거래
동대문구,답십리동,동답한신,35.45,3,1992,51000,2026,9,12,중개거래
동대문구,답십리동,래미안엘파인아파트,84.94,4,2011,113000,2026,9,12,중개거래
동대문구,답십리동,두산위브,59.91,6,2007,139400,2026,9,12,중개거래
동대문구,휘경동,휘경해모로프레스티지,59.82,3,2021,108000,2026,9,12,중개거래
동대문구,답십리동,래미안위브,121.66,2,2014,180000,2026,9,12,중개거래
동대문구,답십리동,래미안위브,140.62,17,2014,197500,2026,9,11,중개거래
동대문구,장안동,래미안장안,84.774,2,2003,124500,2026,9,11,중개거래
동대문구,신설동,포레스트힐시티,15.25,18,2018,16200,2026,9,11,중개거래
동대문구,휘경동,효자워너빌,84.64,5,2006,72500,2026,9,8,중개거래
동대문구,청량리동,한신,59.97,2,1997,99000,2026,9,8,중개거래
동대문구,장안동,르메이에르7차(313-8),84.99,3,2005,64000,2026,9,10,중개거래
동대문구,장안동,장안뉴시티,17.63,9,2012,8900,2026,9,10,중개거래
동대문구,용두동,래미안 허브리츠,84.97,4,2011,158000,2026,9,4,중개거래
동대문구,장안동,금강아미움,82.05,2,2007,65000,2026,9,10,직거래
동대문구,용두동,청계한양아이클래스,14.89,17,2019,18000,2026,9,9,중개거래
동대문구,장안동,현대썬앤빌601,18.35,15,2015,10700,2026,9,5,중개거래
동대문구,답십리동,래미안엘파인아파트,84.94,12,2011,111000,2026,9,8,중개거래
동대문구,제기동,한신아파트,59.84,24,2004,111000,2026,9,8,중개거래
동대문구,제기동,안암골벽산,116.69,11,2003,123000,2026,9,5,중개거래
동대문구,장안동,태솔아파트2차,58.2,7,2016,46500,2026,9,7,중개거래
동대문구,제기동,한신아파트,59.84,3,2004,104000,2026,9,7,중개거래
동대문구,휘경동,휘경미소지움,84.87,1,1999,87000,2026,9,4,중개거래
동대문구,답십리동,래미안미드카운티,84.97,15,2019,175000,2026,9,4,중개거래
동대문구,장안동,장안현대홈타운(336),112.78,19,2003,144000,2026,9,4,중개거래
동대문구,신설동,신설동역자이르네,45.943,12,2024,78000,2026,9,4,중개거래
동대문구,답십리동,힐스테이트청계,59.81,26,2018,165000,2026,9,4,중개거래
동대문구,휘경동,휘경,69.72,4,1972,40000,2026,9,4,중개거래
동대문구,전농동,전농우성,59.78,6,1992,89300,2026,9,4,중개거래
동대문구,장안동,현대홈타운2차,84.97,4,2005,103000,2026,9,4,중개거래
동대문구,회기동,신현대,60.48,5,1989,89000,2026,9,3,중개거래
동대문구,장안동,형인휴아름101동,78.61,6,2013,69300,2026,9,3,중개거래
동대문구,휘경동,서울가든,85.92,7,1985,68000,2026,9,3,중개거래
동대문구,장안동,삼현팰리체,68.04,8,2011,65000,2026,9,2,중개거래
동대문구,장안동,장안뉴시티,17.63,9,2012,8500,2026,9,2,중개거래
동대문구,용두동,롯데캐슬피렌체,30.4,4,2009,36500,2026,9,1,중개거래
동대문구,전농동,전농우성,84.84,2,1992,95000,2026,9,1,중개거래
동대문구,이문동,현대,59.92,14,2000,96700,2026,9,1,중개거래
동대문구,장안동,장안삼성쉐르빌,122.58,14,2002,88000,2026,9,1,중개거래
중랑구,신내동,신내9진흥,33.18,9,1996,33000,2026,9,29,중개거래
중랑구,신내동,동성3,129.37,15,1997,86900,2026,9,20,중개거래
중랑구,묵동,신내,39.84,3,1996,45000,2026,9,28,중개거래
중랑구,신내동,동성3,84.08,3,1997,77500,2026,9,30,중개거래
중랑구,상봉동,주함해븐타워,37.42,17,2015,23000,2026,9,8,중개거래
중랑구,면목동,두원,59.31,12,1998,59900,2026,9,30,중개거래
중랑구,중화동,태능에셈빌,84.843,9,2005,67000,2026,9,15,직거래
중랑구,망우동,신내역힐데스하임참좋은아파트,84.8456,11,2021,101500,2026,9,29,중개거래
중랑구,상봉동,건영캐스빌,84.6475,2,2006,90000,2026,9,30,중개거래
중랑구,면목동,용마한신,59.22,14,1990,67000,2026,9,30,중개거래
중랑구,면목동,두산6,84.94,19,1993,74000,2026,9,30,중개거래
중랑구,신내동,동성아파트,59.4,4,1997,62000,2026,9,28,중개거래
중랑구,중화동,청원다미소,84.82,8,2004,74700,2026,9,11,중개거래
중랑구,묵동,신도2,84.9,3,1999,77000,2026,9,22,중개거래
중랑구,신내동,다우훼밀리,59.96,9,1999,58000,2026,9,30,중개거래
중랑구,신내동,동성아파트,84.08,18,1997,80000,2026,9,29,중개거래
중랑구,신내동,건영2차,57.3,21,1996,75000,2026,9,29,중개거래
중랑구,상봉동,레그노시티,20.858,5,2020,26500,2026,9,17,중개거래
중랑구,면목동,두산4,84.86,9,2000,95000,2026,9,29,중개거래
중랑구,신내동,성원,84.4,23,1994,75000,2026,9,29,중개거래
중랑구,면목동,현대휴온,30.24,6,2013,23700,2026,9,29,중개거래
중랑구,상봉동,동부아파트,54,7,1999,66500,2026,9,28,중개거래
중랑구,면목동,진로,82.86,6,2001,44000,2026,9,17,중개거래
중랑구,신내동,신내11대명,49.77,3,1996,62000,2026,9,28,중개거래
중랑구,신내동,벽산,84.93,3,2000,60000,2026,9,28,중개거래
중랑구,상봉동,상봉듀오트리스,131.8,14,2016,120000,2026,9,23,중개거래
중랑구,묵동,현대아이파크,84.9416,12,2002,103500,2026,9,8,중개거래
중랑구,신내동,새한,115.84,18,1998,75000,2026,9,15,중개거래
중랑구,묵동,신내,39.84,8,1996,50800,2026,9,7,중개거래
중랑구,중화동,중화동건영아파트,59.85,6,1998,41700,2026,9,23,중개거래
중랑구,묵동,이편한세상화랑대,59.953,11,2017,104000,2026,9,23,중개거래
중랑구,면목동,두산4,84.86,9,2000,93000,2026,9,22,중개거래
중랑구,상봉동,포시티,14.855,15,2014,10700,2026,9,12,중개거래
중랑구,망우동,EGSoulLeader,13.55,9,2012,9900,2026,9,23,직거래
중랑구,신내동,데시앙,84.82,8,2010,92000,2026,9,23,직거래
중랑구,면목동,두산2,84.77,19,1995,85500,2026,9,22,중개거래
중랑구,묵동,신내,49.77,3,1996,65000,2026,9,22,중개거래
중랑구,면목동,면목한신,35.3,5,1987,34500,2026,9,22,중개거래
중랑구,신내동,성원,84.32,19,1994,64700,2026,9,16,직거래
중랑구,묵동,신내,49.77,3,1996,65000,2026,9,22,중개거래
중랑구,신내동,성원,84.32,16,1994,81000,2026,9,19,중개거래
중랑구,묵동,신내,39.84,8,1996,47500,2026,9,18,중개거래
중랑구,면목동,면목한신,84.92,2,1987,75000,2026,9,20,중개거래
중랑구,묵동,브라운스톤태릉,59.4364,3,2004,77500,2026,9,21,중개거래
중랑구,망우동,가야써니빌,68.05,3,2002,48000,2026,9,19,중개거래
중랑구,면목동,면목한신,35.3,7,1987,33000,2026,9,20,중개거래
중랑구,망우동,신내역금강펜테리움센트럴파크,79.707,15,2021,107000,2026,9,19,중개거래
중랑구,신내동,중앙하이츠,84.97,2,1996,74500,2026,9,19,중개거래
중랑구,중화동,청원다미소,84.82,15,2004,74500,2026,9,19,중개거래
중랑구,면목동,면목한신,45.44,11,1987,54000,2026,9,19,중개거래
중랑구,신내동,성원,84.32,14,1994,82000,2026,9,19,중개거래
중랑구,신내동,신내6대주,49.77,6,1996,72500,2026,9,19,중개거래
중랑구,면목동,면목삼익아파트,111.94,11,1997,80500,2026,9,19,중개거래
중랑구,면목동,리치카운티,59.923,2,2004,64500,2026,9,17,중개거래
중랑구,면목동,면목한신,44.5,5,1987,51400,2026,9,17,중개거래
중랑구,면목동,대원칸타빌,56.9217,15,2003,68500,2026,9,16,중개거래
중랑구,상봉동,건영2차아파트,57.3,2,1996,72000,2026,9,16,중개거래
중랑구,면목동,두산6,84.94,4,1993,76000,2026,9,16,중개거래
중랑구,면목동,신성,59.91,8,1998,59000,2026,9,14,중개거래
중랑구,묵동,한국,114.87,7,1999,80000,2026,9,15,중개거래
중랑구,신내동,신내11대명,49.77,10,1996,63000,2026,9,15,중개거래
중랑구,묵동,신내대림아파트,102.7,8,1995,111000,2026,9,16,중개거래
중랑구,신내동,석탑,59.82,15,1997,58000,2026,9,15,중개거래
중랑구,신내동,새한,115.84,10,1998,72000,2026,9,15,중개거래
중랑구,묵동,이편한세상화랑대,96.399,25,2017,138000,2026,9,9,중개거래
중랑구,신내동,동성1,59.4,19,1993,64000,2026,9,3,중개거래
중랑구,신내동,신내우디안1단지,84.62,5,2014,80000,2026,9,12,중개거래
중랑구,묵동,이편한세상화랑대,84.956,3,2017,116000,2026,9,14,중개거래
중랑구,신내동,신내6대주,59.76,11,1996,74000,2026,9,14,중개거래
중랑구,묵동,신내,59.76,7,1996,70500,2026,9,10,중개거래
중랑구,신내동,경남아너스빌,84.98,6,2007,82700,2026,9,8,중개거래
중랑구,묵동,SM해그린,84.09,5,2006,70000,2026,9,11,중개거래
중랑구,신내동,신내6대주,59.76,12,1996,79000,2026,9,14,중개거래
중랑구,면목동,신성미소지움,80.1913,13,2004,78000,2026,9,12,중개거래
중랑구,중화동,청원다미소,84.82,8,2004,74700,2026,9,11,중개거래
중랑구,중화동,청원다미소,84.82,4,2004,74300,2026,9,10,중개거래
중랑구,신내동,진로아파트,134.37,1,1995,103500,2026,9,7,중개거래
중랑구,신내동,신내우디안1단지,84.94,3,2014,76000,2026,9,12,중개거래
중랑구,면목동,두산6,84.94,22,1993,73000,2026,9,12,중개거래
중랑구,중화동,한신아파트상가동유치원동(103~109),84.69,1,1997,99000,2026,9,12,중개거래
중랑구,면목동,늘푸른동아,59.65,16,2002,81000,2026,9,12,중개거래
중랑구,묵동,묵동자이(1단지),111.32,14,2010,99700,2026,9,12,중개거래
중랑구,중화동,한영(102),72.22,4,2003,51000,2026,9,11,중개거래
중랑구,면목동,한양수자인사가정파크,84.989,16,2019,132500,2026,9,10,중개거래
중랑구,망우동,한일써너스빌리젠시1단지(101동),84.74,8,2008,86000,2026,9,10,중개거래
중랑구,신내동,동성3,59.4,11,1997,65000,2026,9,10,중개거래
중랑구,망우동,더하이어,12.0156,14,2013,10500,2026,9,9,중개거래
중랑구,묵동,신내,49.77,12,1996,40000,2026,9,2,직거래
중랑구,신내동,신내6대주,49.77,11,1996,71000,2026,9,9,중개거래
중랑구,묵동,신내,39.84,6,1996,49500,2026,9,9,중개거래
중랑구,묵동,묵동자이(1단지),114.43,17,2010,110000,2026,9,9,중개거래
중랑구,망우동,신원,84.12,8,1999,58000,2026,9,5,중개거래
중랑구,면목동,신성,59.91,6,1998,59000,2026,9,9,중개거래
중랑구,중화동,한신아파트상가동유치원동(103~109),59.76,12,1997,98000,2026,9,8,중개거래
중랑구,면목동,신성,59.91,10,1998,59800,2026,9,8,중개거래
중랑구,중화동,청광플러스원,84.69,10,2007,89800,2026,9,8,중개거래
중랑구,상봉동,더클래스,28.25,11,2019,28950,2026,9,1,중개거래
중랑구,면목동,신성,103.11,2,1998,70500,2026,9,7,중개거래
중랑구,신내동,신내6대주,39.84,2,1996,50000,2026,9,7,중개거래
중랑구,면목동,용마한신,35.44,15,1990,41000,2026,9,7,중개거래
중랑구,신내동,진로아파트,134.37,8,1995,105000,2026,9,7,중개거래
중랑구,신내동,성원,84.32,22,1994,75000,2026,9,7,중개거래
중랑구,신내동,벽산,59.783,4,2000,59500,2026,9,18,중개거래
중랑구,면목동,한양수자인사가정파크,23.1074,3,2019,38700,2026,9,5,중개거래
중랑구,신내동,신내6대주,39.84,7,1996,52000,2026,9,5,중개거래
중랑구,묵동,신내,39.84,10,1996,46500,2026,9,5,중개거래
중랑구,신내동,동성1,59.4,1,1993,61000,2026,9,1,중개거래
중랑구,면목동,신성,59.91,7,1998,59000,2026,9,4,중개거래
중랑구,망우동,한일써너스빌리젠시2단지,84.14,10,2008,86000,2026,9,5,중개거래
중랑구,망우동,백림금호,59.99,14,2000,47500,2026,9,4,중개거래
중랑구,묵동,신내두산아파트,126.28,12,1995,116000,2026,9,3,중개거래
중랑구,신내동,동성3,59.4,12,1997,65000,2026,9,3,중개거래
중랑구,면목동,신우,84.66,12,1998,66300,2026,9,3,중개거래
중랑구,망우동,한일써너스빌리젠시1단지(101동),84.74,19,2008,88500,2026,9,3,중개거래
중랑구,신내동,성원,84.32,1,1994,68500,2026,9,3,중개거래
중랑구,중화동,리버센SKVIEW롯데캐슬,100.97,8,2025,130000,2026,9,3,직거래
중랑구,상봉동,"엘지,쌍용아파트",84.67,9,1996,92700,2026,9,2,중개거래
중랑구,신내동,건영2차,74.25,18,1996,82700,2026,9,2,중개거래
중랑구,묵동,신내,39.84,3,1996,44300,2026,9,2,중개거래
중랑구,중화동,한신아파트상가동유치원동(103~109),50.37,14,1997,84000,2026,9,2,중개거래
중랑구,신내동,화성.두산아파트,66.96,6,1995,74000,2026,9,1,중개거래
중랑구,신내동,새한,84.4,12,1998,71000,2026,9,2,중개거래
중랑구,상봉동,"엘지,쌍용아파트",68.12,6,1996,82400,2026,9,1,중개거래
중랑구,면목동,두산6,59.55,7,1993,60000,2026,9,1,중개거래
중랑구,신내동,중앙하이츠,84.97,2,1996,70000,2026,9,1,중개거래
중랑구,중화동,극동,84.82,9,1991,61500,2026,9,1,중개거래
중랑구,묵동,금호어울림,84.85,6,2003,86000,2026,9,4,중개거래
성북구,길음동,래미안길음센터피스,59.97,14,2019,158000,2026,9,19,중개거래
성북구,정릉동,정릉푸르지오,59.98,11,2005,84000,2026,9,18,중개거래
성북구,장위동,래미안장위퍼스트하이,59.99,3,2020,133300,2026,9,16,중개거래
성북구,동소문동7가,브라운스톤동선,59.96,9,2010,100000,2026,9,30,중개거래
성북구,돈암동,한진(609-1),59.58,19,1998,90000,2026,9,2,중개거래
성북구,돈암동,한진(609-1),84.87,2,1998,101000,2026,9,30,중개거래
성북구,돈암동,한진(609-1),113.67,7,1998,113500,2026,9,22,중개거래
성북구,길음동,길음뉴타운4단지(e편한세상),114.88,4,2005,141000,2026,9,30,중개거래
성북구,정릉동,길음뉴타운데시앙,114.94,2,1999,84500,2026,9,30,중개거래
성북구,정릉동,길음뉴타운데시앙,84.94,14,1999,79500,2026,9,29,중개거래
성북구,장위동,석계역한일노벨리아시티,15.2144,16,2019,12200,2026,9,29,중개거래
성북구,길음동,롯데캐슬골든힐스,84.932,18,2019,123000,2026,9,29,중개거래
성북구,정릉동,중앙하이츠빌2단지,73.28,3,2005,77000,2026,9,29,중개거래
성북구,돈암동,한신,68.13,7,1998,89500,2026,9,29,중개거래
성북구,정릉동,중앙하이츠빌1단지,84.98,3,2004,80000,2026,9,29,중개거래
성북구,돈암동,돈암코오롱하늘채,59.9342,11,2016,113000,2026,9,28,중개거래
성북구,하월곡동,월곡래미안루나밸리,59.98,23,2007,113000,2026,9,28,중개거래
성북구,보문동6가,아남,84.9,11,1994,85000,2026,9,28,중개거래
성북구,정릉동,정릉우성아파트 101~105동,84.96,5,2000,86800,2026,9,28,중개거래
성북구,석관동,신동아파밀리에,84.83,4,2011,100000,2026,9,28,중개거래
성북구,돈암동,구현대,66.02,1,1981,143370,2026,9,28,직거래
성북구,돈암동,구현대,51.47,2,1981,93863,2026,9,28,직거래
성북구,돈암동,구현대,51.47,2,1981,68952,2026,9,28,직거래
성북구,정릉동,대우,43.11,18,2001,34800,2026,9,23,중개거래
성북구,정릉동,"산장아파트가동,나동",52.89,9,1977,35000,2026,9,10,중개거래
성북구,보문동3가,이편한세상보문,84.411,13,2013,128000,2026,9,16,중개거래
성북구,삼선동3가,진성,84.72,4,2003,65000,2026,9,17,중개거래
성북구,정릉동,중앙하이츠빌1단지,84.98,16,2004,88000,2026,9,27,중개거래
성북구,정릉동,피오레,94.59,13,2004,69000,2026,9,19,중개거래
성북구,석관동,두산,59.97,7,1998,109200,2026,9,23,중개거래
성북구,하월곡동,길음서희스타힐스,84.96,20,2011,113000,2026,9,12,중개거래
성북구,석관동,두산,84.9,18,1998,114500,2026,9,22,중개거래
성북구,길음동,롯데캐슬골든힐스,84.932,2,2019,124000,2026,9,22,중개거래
성북구,돈암동,돈암코오롱하늘채,59.8616,13,2016,86000,2026,9,9,직거래
성북구,정릉동,정릉풍림아이원,84.09,16,2005,75000,2026,9,22,중개거래
성북구,장위동,래미안포레카운티,84.97,24,2021,145000,2026,9,5,중개거래
성북구,하월곡동,성북힐스테이트(101동),84.69,13,2007,95000,2026,9,22,중개거래
성북구,정릉동,정릉풍림아이원,84.09,17,2005,75000,2026,9,21,중개거래
성북구,장위동,래미안장위퍼스트하이,84.98,8,2020,149500,2026,9,10,중개거래
성북구,장위동,래미안포레카운티,59.92,8,2021,132500,2026,9,21,중개거래
성북구,하월곡동,꿈의숲푸르지오,84.73,9,2010,110000,2026,9,18,중개거래
성북구,정릉동,정릉풍림아이원,59.88,1,2005,59800,2026,9,21,중개거래
성북구,돈암동,구현대,66.02,2,1981,93000,2026,9,18,직거래
성북구,돈암동,구현대,66.02,3,1981,96162,2026,9,18,직거래
성북구,돈암동,구현대,91.14,2,1981,139700,2026,9,18,직거래
성북구,돈암동,구현대,51.47,2,1981,73200,2026,9,18,직거래
성북구,돈암동,구현대,79.9,3,1981,182480,2026,9,18,직거래
성북구,동소문동4가,삼보힐하우스,84.59,6,2008,79000,2026,9,20,중개거래
성북구,정릉동,길음뉴타운경남아너스빌,59.59,13,1999,85750,2026,9,20,중개거래
성북구,길음동,래미안길음센터피스,59.99,30,2019,156000,2026,9,19,중개거래
성북구,종암동,종암에스케이,114.75,13,1999,119500,2026,9,19,중개거래
성북구,돈암동,길음역금호어울림센터힐,84.94,1,2014,122000,2026,9,19,중개거래
성북구,돈암동,한신,84.87,9,1998,105000,2026,9,18,중개거래
성북구,정릉동,정릉우성아파트 101~105동,84.99,14,2000,83000,2026,9,18,중개거래
성북구,돈암동,돈암현대아파트,41.58,5,1991,60700,2026,9,18,중개거래
성북구,정릉동,정릉풍림아이원,84.09,8,2005,76000,2026,9,18,중개거래
성북구,종암동,종암에스케이,59.86,15,1999,97900,2026,9,19,중개거래
성북구,정릉동,중앙하이츠빌1단지,84.98,7,2004,83900,2026,9,18,중개거래
성북구,정릉동,정릉풍림아이원,59.88,9,2005,70000,2026,9,18,중개거래
성북구,돈암동,구현대,91.14,2,1981,153795,2026,9,17,직거래
성북구,돈암동,구현대,66.02,2,1981,96162,2026,9,17,직거래
성북구,종암동,아이파크종암동2차,84.73,15,2005,110000,2026,9,17,중개거래
성북구,돈암동,구현대,91.14,2,1981,153795,2026,9,16,직거래
성북구,길음동,길음뉴타운2단지푸르지오,59.77,7,2005,102500,2026,9,17,중개거래
성북구,돈암동,구현대,66.02,2,1981,95586,2026,9,16,직거래
성북구,돈암동,구현대,51.47,3,1981,79100,2026,9,17,직거래
성북구,돈암동,구현대,51.47,2,1981,71000,2026,9,16,직거래
성북구,돈암동,구현대,51.47,3,1981,73602,2026,9,16,직거래
성북구,하월곡동,동신,59.88,23,1998,87500,2026,9,16,중개거래
성북구,종암동,황지클래스,63.65,3,2006,49500,2026,9,11,중개거래
성북구,하월곡동,월곡두산위브,59.855,10,2003,106800,2026,9,17,중개거래
성북구,돈암동,돈암현대아파트,68.76,12,1991,89800,2026,9,17,중개거래
성북구,길음동,길음역롯데캐슬트윈골드아파트,59.54,8,2024,130000,2026,9,17,중개거래
성북구,돈암동,이수브라운스톤돈암,59.99,17,2004,104500,2026,9,17,중개거래
성북구,정릉동,정릉꿈에그린,84.56,14,2015,100000,2026,9,16,중개거래
성북구,종암동,래미안라센트,59.98,10,2011,129500,2026,9,16,중개거래
성북구,정릉동,길음뉴타운경남아너스빌,59.59,5,1999,89500,2026,9,16,중개거래
성북구,돈암동,돈암동삼성,84.59,4,1999,105000,2026,9,16,중개거래
성북구,정릉동,정릉스카이쌍용아파트,109.27,20,1999,92000,2026,9,16,중개거래
성북구,돈암동,구현대,66.02,3,1981,94600,2026,9,14,직거래
성북구,안암동3가,삼익,174.68,2,1983,108000,2026,9,15,중개거래
성북구,장위동,래미안장위퍼스트하이,59.99,20,2020,135000,2026,9,16,중개거래
성북구,돈암동,한진(609-1),132.96,18,1998,125000,2026,9,2,중개거래
성북구,길음동,롯데캐슬클라시아,84.9757,26,2022,193000,2026,9,15,중개거래
성북구,길음동,롯데캐슬클라시아,59.8745,14,2022,154500,2026,9,15,중개거래
성북구,석관동,장위아트포레,31.99,14,2025,37000,2026,9,6,중개거래
성북구,석관동,장위아트포레,31.99,10,2025,32300,2026,9,6,중개거래
성북구,정릉동,우정에쉐르,84.97,15,2009,76250,2026,9,14,중개거래
성북구,하월곡동,아남,84.56,1,1996,64000,2026,9,13,중개거래
성북구,동소문동5가,돈암동일하이빌,125.043,10,2006,112500,2026,9,4,중개거래
성북구,보문동6가,보문파크뷰자이,72.97,14,2017,140000,2026,9,14,중개거래
성북구,보문동2가,광남캐스빌,84.42,3,2001,72000,2026,9,9,중개거래
성북구,종암동,종암선경,75.5,13,1996,81300,2026,9,14,중개거래
성북구,돈암동,한진(609-1),59.58,6,1998,94000,2026,9,14,중개거래
성북구,돈암동,한진(609-1),84.87,1,1998,96500,2026,9,14,중개거래
성북구,삼선동3가,삼선에스케이뷰,84.95,12,2012,148000,2026,9,14,중개거래
성북구,정릉동,정릉e-편한세상,114.56,17,2006,89500,2026,9,13,중개거래
성북구,정릉동,정릉푸른마을동아,84.96,12,2003,82500,2026,9,13,중개거래
성북구,정릉동,길음뉴타운데시앙,59.42,3,1999,71000,2026,9,13,중개거래
성북구,길음동,길음동동부센트레빌(1278-0),84.844,16,2003,125000,2026,9,12,중개거래
성북구,길음동,롯데캐슬클라시아,59.7812,2,2022,150000,2026,9,12,중개거래
성북구,보문동6가,보문파크뷰자이,59.19,14,2017,126000,2026,9,12,중개거래
성북구,길음동,길음역롯데캐슬트윈골드아파트,59.87,15,2024,138000,2026,9,10,중개거래
성북구,돈암동,돈암힐스테이트,59.38,7,2007,96000,2026,9,11,중개거래
성북구,정릉동,중앙하이츠빌1단지,84.98,1,2004,76000,2026,9,11,중개거래
성북구,하월곡동,월곡두산위브,59.855,15,2003,64000,2026,9,11,직거래
성북구,장위동,우방아파트,114.73,5,2001,78500,2026,9,10,중개거래
성북구,길음동,길음뉴타운2단지푸르지오,114.73,4,2005,126000,2026,9,9,중개거래
성북구,석관동,두산,59.97,11,1998,72600,2026,9,7,직거래
성북구,정릉동,"산장아파트가동,나동",52.89,2,1977,36800,2026,9,9,중개거래
성북구,정릉동,정릉꿈에그린,84.56,4,2015,93500,2026,9,2,중개거래
성북구,삼선동2가,삼선푸르지오,59.95,5,2008,99000,2026,9,5,중개거래
성북구,정릉동,스카이아파트,84.66,3,2023,32000,2026,9,9,직거래
성북구,하월곡동,월곡두산위브,84.992,10,2003,104500,2026,9,2,중개거래
성북구,정릉동,중앙하이츠빌2단지,84.6824,21,2005,89000,2026,9,8,중개거래
성북구,종암동,종암2차SKVIEW,84.97,8,2010,115000,2026,9,3,중개거래
성북구,정릉동,정릉힐스테이트3차,84.97,3,2008,86500,2026,9,6,중개거래
성북구,하월곡동,베로니스,52.61,7,2020,65000,2026,9,5,중개거래
성북구,돈암동,범양,84.92,3,1998,95000,2026,9,6,중개거래
성북구,정릉동,정릉풍림아이원,114.75,18,2005,79000,2026,9,5,중개거래
성북구,종암동,아이파크종암동2차,114.698,7,2005,116000,2026,9,5,중개거래
성북구,정릉동,정릉풍림아이원,84.09,20,2005,77000,2026,9,5,중개거래
성북구,하월곡동,동신,59.88,2,1998,81000,2026,9,4,중개거래
성북구,동소문동7가,브라운스톤동선,84.96,3,2010,109500,2026,9,5,중개거래
성북구,길음동,길음동동부센트레빌(1278-0),114.912,16,2003,132000,2026,9,5,중개거래
성북구,하월곡동,래미안월곡,59.754,12,2006,111500,2026,9,5,중개거래
성북구,길음동,롯데캐슬클라시아,59.8745,13,2022,159000,2026,9,5,중개거래
성북구,장위동,삼익아파트,80.36,3,2006,84000,2026,9,2,중개거래
성북구,정릉동,정릉풍림아이원,114.75,17,2005,83000,2026,9,5,중개거래
성북구,길음동,길음뉴타운4단지(e편한세상),84.64,19,2005,132000,2026,9,4,중개거래
성북구,정릉동,정릉풍림아이원,59.88,2,2005,65900,2026,9,4,중개거래
성북구,정릉동,우정에쉐르,84.92,10,2009,75000,2026,9,4,중개거래
성북구,정릉동,정릉힐스테이트3차,59.98,3,2008,81500,2026,9,4,중개거래
성북구,정릉동,대우,59.98,8,2001,51500,2026,9,3,중개거래
성북구,길음동,길음현대,59.98,5,2000,75700,2026,9,3,중개거래
성북구,안암동3가,삼익,98.92,4,1983,86000,2026,9,3,중개거래
성북구,정릉동,"산장아파트가동,나동",52.89,1,1977,37000,2026,9,3,중개거래
성북구,종암동,종암에스케이,59.04,19,1999,95800,2026,9,3,중개거래
성북구,정릉동,정릉풍림아이원,59.88,2,2005,62000,2026,9,3,중개거래
성북구,장위동,꿈의숲코오롱하늘채,84.87,6,2017,129500,2026,9,2,중개거래
성북구,길음동,롯데캐슬골든힐스,84.93,20,2019,118000,2026,9,2,중개거래
성북구,돈암동,삼성아지오아파트,84.98,4,2007,61000,2026,9,2,중개거래
성북구,정릉동,정릉힐스테이트,84.92,1,2004,98000,2026,9,2,중개거래
성북구,돈암동,한진(609-1),59.58,19,1998,90000,2026,9,2,중개거래
성북구,하월곡동,동신,59.88,16,1998,92300,2026,9,2,중개거래
성북구,하월곡동,월곡두산위브,84.992,10,2003,113000,2026,9,1,중개거래
성북구,하월곡동,월곡두산위브,59.855,9,2003,103000,2026,9,1,중개거래
성북구,정릉동,정릉e-편한세상,59.77,20,2006,77800,2026,9,1,중개거래
성북구,돈암동,돈암동삼성,84.59,11,1999,101500,2026,9,1,중개거래
강북구,미아동,꿈의숲해링턴플레이스,84.67,3,2019,108500,2026,9,22,중개거래
강북구,번동,훼밀리힐,78.84,8,1996,47000,2026,9,21,중개거래
강북구,미아동,경남아너스빌(1356-0),59.964,4,2003,83000,2026,9,8,중개거래
강북구,번동,주공4단지,41.3,9,1991,39800,2026,9,17,중개거래
강북구,미아동,벽산라이브파크,114.68,7,2004,79500,2026,9,19,중개거래
강북구,번동,번동한양아파트,84.67,5,1992,57000,2026,9,10,중개거래
강북구,미아동,미아1차래미안,114.29,8,2006,100300,2026,9,29,중개거래
강북구,미아동,에스케이북한산시티,59.98,12,2004,84000,2026,9,29,중개거래
강북구,미아동,송천센트레빌,59.762,3,2010,115000,2026,9,19,중개거래
강북구,미아동,래미안트리베라1단지,59.6,4,2010,98500,2026,9,22,중개거래
강북구,수유동,한원힐트리움수유,27.39,12,2020,27000,2026,9,28,중개거래
강북구,수유동,래미안수유,59.88,14,2001,64000,2026,9,22,중개거래
강북구,번동,번동금호어울림,59.9,4,1998,48000,2026,9,19,중개거래
강북구,수유동,수유벽산1차,84.95,2,1993,71500,2026,9,22,중개거래
강북구,우이동,성원상떼빌,84.98,13,1990,50000,2026,9,18,중개거래
강북구,미아동,에스케이북한산시티,59.98,25,2004,82000,2026,9,22,중개거래
강북구,수유동,수유벽산1차,84.92,5,1993,73000,2026,9,21,중개거래
강북구,미아동,푸르지오시티,18.6479,13,2014,13800,2026,9,19,중개거래
강북구,미아동,미아한일유앤아이,68.303,12,2002,70000,2026,9,16,중개거래
강북구,미아동,래미안트리베라1단지,84.97,4,2010,107250,2026,9,19,중개거래
강북구,수유동,극동,84.99,12,1992,56000,2026,9,19,중개거래
강북구,미아동,삼각산아이원,84.705,10,2003,94000,2026,9,19,중개거래
강북구,수유동,한원힐트리움수유,27.39,5,2020,25200,2026,9,19,중개거래
강북구,미아동,푸르지오시티,18.6479,5,2014,12700,2026,9,15,중개거래
강북구,수유동,수유벽산2차,84.22,4,1994,67700,2026,9,1,중개거래
강북구,수유동,수유아름채,16.01,9,2025,22000,2026,9,10,직거래
강북구,번동,번동솔그린,59.82,20,1999,50000,2026,9,5,중개거래
강북구,수유동,경남아너스빌,84.59,9,2005,63800,2026,9,9,중개거래
강북구,번동,동문,59.64,9,1998,55000,2026,9,16,중개거래
강북구,번동,주공4단지,76.51,5,1991,66500,2026,9,16,중개거래
강북구,번동,주공1단지,79.07,3,1991,85000,2026,9,16,중개거래
강북구,번동,효성네오인텔리안,40.99,10,2005,34000,2026,9,9,중개거래
강북구,미아동,래미안트리베라1단지,59.6,14,2010,108000,2026,9,4,중개거래
강북구,번동,신원,59.96,10,2000,44000,2026,9,14,중개거래
강북구,우이동,성원상떼빌,84.98,3,1990,49000,2026,9,4,중개거래
강북구,미아동,두산위브트레지움,84.95,11,2011,65000,2026,9,12,중개거래
강북구,미아동,꿈의숲롯데캐슬,84.98,11,2017,115000,2026,9,14,중개거래
강북구,미아동,벽산라이브파크,84.89,3,2004,74000,2026,9,11,중개거래
강북구,미아동,에스케이북한산시티,84.71,18,2004,89500,2026,9,11,중개거래
강북구,수유동,경원북한산휴그린,70.34,15,2016,50000,2026,9,12,중개거래
강북구,미아동,삼성래미안트리베라2단지,84.15,20,2010,121500,2026,9,12,중개거래
강북구,수유동,수유벽산1차,84.92,5,1993,74000,2026,9,12,중개거래
강북구,미아동,경남아너스빌(1356-0),84.873,16,2003,91500,2026,9,11,중개거래
강북구,번동,번동솔그린,59.82,4,1999,47500,2026,9,11,중개거래
강북구,번동,주공1단지,49.94,15,1991,69800,2026,9,11,중개거래
강북구,미아동,벽산라이브파크,114.68,4,2004,76000,2026,9,5,중개거래
강북구,수유동,극동,71.3,3,1992,49800,2026,9,10,중개거래
강북구,미아동,삼성래미안트리베라2단지,84.29,19,2010,118000,2026,9,10,중개거래
강북구,미아동,두산위브트레지움,59.82,17,2011,93250,2026,9,10,중개거래
강북구,미아동,미아동부센트레빌,59.96,10,2006,101000,2026,9,8,중개거래
강북구,미아동,에스케이북한산시티,114.85,20,2004,87000,2026,9,8,중개거래
강북구,번동,번동금호어울림,59.43,2,1998,44500,2026,9,7,중개거래
강북구,수유동,수유벽산1차,84.95,12,1993,74000,2026,9,7,중개거래
강북구,우이동,성원상떼빌,84.98,1,1990,46000,2026,9,5,중개거래
강북구,미아동,삼각산아이원,59.758,3,2003,80500,2026,9,6,중개거래
강북구,미아동,에스케이북한산시티,84.76,5,2004,90000,2026,9,5,중개거래
강북구,미아동,미아동부센트레빌,59.96,11,2006,100000,2026,9,5,중개거래
강북구,미아동,꿈의숲해링턴플레이스,84.67,1,2019,101000,2026,9,5,중개거래
강북구,미아동,벽산라이브파크,59.67,14,2004,62500,2026,9,5,중개거래
강북구,미아동,에스케이북한산시티,114.85,2,2004,90000,2026,9,5,중개거래
강북구,미아동,에스케이북한산시티,59.98,12,2004,79700,2026,9,5,중개거래
강북구,번동,삼성,59.77,1,1998,48000,2026,9,4,중개거래
강북구,번동,번동한양아파트,84.67,5,1992,56000,2026,9,5,중개거래
강북구,번동,주공4단지,41.3,5,1991,40000,2026,9,4,중개거래
강북구,번동,주공1단지,49.94,1,1991,65500,2026,9,4,중개거래
강북구,번동,효성네오인텔리안,71.05,10,2005,52000,2026,9,1,중개거래
강북구,미아동,두산위브트레지움,84.97,1,2011,94000,2026,9,3,중개거래
강북구,미아동,신일,84.91,1,2003,50000,2026,9,2,직거래
강북구,미아동,두산위브트레지움,84.99,7,2011,100000,2026,9,2,중개거래
도봉구,도봉동,서원,49.77,3,1996,38000,2026,9,17,중개거래
도봉구,창동,창동주공3단지(해등마을),41.3,2,1990,63000,2026,9,22,중개거래
도봉구,창동,창동주공1단지,41.3,10,1990,56500,2026,9,14,중개거래
도봉구,도봉동,서원,49.77,6,1996,38400,2026,9,28,중개거래
도봉구,방학동,신동아아파트1,62.22,8,1986,46000,2026,9,11,중개거래
도봉구,방학동,신동아아파트1,53.16,15,1986,39000,2026,9,30,중개거래
도봉구,방학동,청구아파트,84.97,2,1994,62500,2026,9,30,중개거래
도봉구,창동,주공17단지,36.16,3,1989,35900,2026,9,22,중개거래
도봉구,창동,한신APT,59.96,7,1999,41750,2026,9,19,중개거래
도봉구,쌍문동,현대1,56.7,4,1990,42000,2026,9,17,중개거래
도봉구,창동,창동주공3단지(해등마을),84.41,4,1990,90000,2026,9,29,중개거래
도봉구,창동,금호어울림,84.99,18,2004,91000,2026,9,30,중개거래
도봉구,방학동,신동아아파트5,59.4,7,1998,38000,2026,9,29,중개거래
도봉구,창동,창동주공2단지,36.34,5,1990,47000,2026,9,22,중개거래
도봉구,방학동,대상타운현대아파트,60,8,2001,75000,2026,9,29,중개거래
도봉구,쌍문동,동익미라벨,84.53,6,1987,50800,2026,9,29,중개거래
도봉구,창동,창동한승미메이드,84.6865,7,2004,59900,2026,9,29,중개거래
도봉구,창동,창동한신휴플러스(621-69),120.7,2,2002,86500,2026,9,14,중개거래
도봉구,쌍문동,삼익세라믹,42.93,1,1988,32000,2026,9,3,중개거래
도봉구,창동,창동주공1단지,49.94,8,1990,65500,2026,9,12,중개거래
도봉구,방학동,삼익세라믹아파트,42.93,2,1988,30300,2026,9,16,중개거래
도봉구,창동,현대조합,59.91,8,2000,60000,2026,9,28,중개거래
도봉구,방학동,방학지음재힐스,14.86,5,2018,11000,2026,9,12,중개거래
도봉구,창동,상아2차아파트,58.59,6,1988,73000,2026,9,23,중개거래
도봉구,쌍문동,삼익세라믹,79.98,13,1988,65500,2026,9,23,중개거래
도봉구,방학동,벽산아파트1,63.38,2,1991,44800,2026,9,28,중개거래
도봉구,창동,대우,84.88,13,1995,74500,2026,9,28,중개거래
도봉구,쌍문동,금호2,84.46,4,1991,57000,2026,9,11,중개거래
도봉구,방학동,신동아아파트1,43.35,10,1986,28000,2026,9,28,중개거래
도봉구,창동,창동주공3단지(해등마을),44.89,6,1990,69000,2026,9,28,중개거래
도봉구,창동,북한산한신휴플러스,84.9499,4,2007,90000,2026,9,23,중개거래
도봉구,방학동,극동아파트,84.935,8,1993,46000,2026,9,2,중개거래
도봉구,창동,북한산아이파크5차,84.4516,15,2004,104300,2026,9,16,중개거래
도봉구,쌍문동,한양1,66.33,7,1986,68600,2026,9,28,중개거래
도봉구,도봉동,한신,84.94,4,1995,68000,2026,9,23,중개거래
도봉구,창동,북한산아이파크5차,119.1731,18,2004,114500,2026,9,23,중개거래
도봉구,창동,창동주공3단지(해등마을),41.3,11,1990,67000,2026,9,23,중개거래
도봉구,방학동,우성아파트2,84.89,12,1993,58000,2026,9,23,중개거래
도봉구,쌍문동,한양6,83.86,1,2002,44000,2026,9,14,중개거래
도봉구,창동,창동주공2단지,36.34,5,1990,47000,2026,9,22,중개거래
도봉구,도봉동,극동,84.83,6,1991,50000,2026,9,22,중개거래
도봉구,창동,상아1차아파트,69.03,9,1987,85000,2026,9,23,중개거래
도봉구,방학동,신동아아파트4,59.92,12,1995,38000,2026,9,10,중개거래
도봉구,도봉동,도봉파크빌3,84.163,5,2002,65000,2026,9,22,중개거래
도봉구,방학동,방학동삼성래미안1,118.381,11,2002,105500,2026,9,22,중개거래
도봉구,방학동,신동아아파트1,53.16,3,1986,40000,2026,9,22,중개거래
도봉구,쌍문동,극동아파트,84.9,1,1996,48500,2026,9,22,중개거래
도봉구,방학동,청구아파트,84.97,11,1994,56250,2026,9,22,중개거래
도봉구,방학동,청구아파트,84.97,12,1994,65000,2026,9,22,중개거래
도봉구,창동,대림e-편한세상,78.284,7,2003,91000,2026,9,22,중개거래
도봉구,방학동,신동아아파트1,84.87,2,1986,60000,2026,9,17,중개거래
도봉구,창동,주공19단지(창동리버타운),68.86,5,1988,107000,2026,9,21,중개거래
도봉구,방학동,청구아파트,84.97,1,1994,53000,2026,9,21,중개거래
도봉구,창동,창동주공18단지,45.77,7,1988,68000,2026,9,21,중개거래
도봉구,방학동,신동아아파트1,43.35,2,1986,31200,2026,9,21,중개거래
도봉구,창동,대동,79.68,13,1999,59000,2026,9,20,중개거래
도봉구,방학동,우성아파트2,84.98,12,1993,55000,2026,9,21,중개거래
도봉구,도봉동,럭키,84.86,9,1992,59000,2026,9,18,중개거래
도봉구,쌍문동,청구,84.63,18,1996,53000,2026,9,7,중개거래
도봉구,창동,현대조합,84.21,7,2000,75000,2026,9,17,중개거래
도봉구,방학동,성원105동,109.17,2,1998,46000,2026,9,21,직거래
도봉구,창동,신창,49.77,3,1998,36000,2026,9,21,중개거래
도봉구,쌍문동,브라운스톤쌍문,59.9788,12,2006,62500,2026,9,17,중개거래
도봉구,창동,성원상떼빌,59.75,4,2001,45000,2026,9,12,직거래
도봉구,창동,대동,84.95,19,1999,67000,2026,9,20,중개거래
도봉구,창동,동아청솔,59.76,8,1997,92750,2026,9,20,중개거래
도봉구,창동,창동주공2단지,41.3,15,1990,54000,2026,9,19,중개거래
도봉구,창동,창동주공3단지(해등마을),84.41,2,1990,88200,2026,9,16,중개거래
도봉구,창동,주공19단지(창동리버타운),60.5,9,1988,100000,2026,9,19,중개거래
도봉구,창동,창동주공2단지,41.3,1,1990,49500,2026,9,19,중개거래
도봉구,창동,삼성래미안,84.75,9,1992,107000,2026,9,19,중개거래
도봉구,창동,상아2차아파트,84.99,2,1988,82500,2026,9,19,중개거래
도봉구,쌍문동,솔밭노블리안,36.43,4,2019,33500,2026,9,14,중개거래
도봉구,쌍문동,현대1,84.66,2,1990,56500,2026,9,18,중개거래
도봉구,쌍문동,한양5,65.37,11,1991,49500,2026,9,18,중개거래
도봉구,방학동,대상타운현대아파트,84.78,10,2001,87000,2026,9,18,중개거래
도봉구,방학동,신동아아파트1,53.16,1,1986,31000,2026,9,18,중개거래
도봉구,쌍문동,현대1,44.55,9,1990,30000,2026,9,15,중개거래
도봉구,도봉동,도봉파크빌2,84.354,17,2002,66000,2026,9,18,중개거래
도봉구,쌍문동,금호2,84.46,9,1991,58900,2026,9,17,중개거래
도봉구,쌍문동,현대1,44.55,3,1990,30000,2026,9,17,중개거래
도봉구,방학동,신동아아파트1,84.87,2,1986,60000,2026,9,17,중개거래
도봉구,방학동,대원그린아파트,46.86,4,1987,26700,2026,9,17,중개거래
도봉구,방학동,한화성원아파트,84.98,15,1996,54000,2026,9,7,중개거래
도봉구,창동,창동주공3단지(해등마을),58.01,6,1990,82000,2026,9,5,중개거래
도봉구,창동,창동2차현대,95.633,20,2001,92900,2026,9,16,중개거래
도봉구,쌍문동,현대2,85,11,1993,55500,2026,9,9,중개거래
도봉구,방학동,벽산아파트2,84.98,7,1998,57000,2026,9,7,중개거래
도봉구,쌍문동,한양2,35.1,12,1988,27100,2026,9,17,중개거래
도봉구,쌍문동,브라운스톤쌍문,59.9788,6,2006,62000,2026,9,16,중개거래
도봉구,방학동,벽산아파트2,59.581,1,1998,41000,2026,9,16,중개거래
도봉구,창동,동아청솔,59.76,19,1997,92000,2026,9,16,중개거래
도봉구,창동,신창,39.6,8,1998,27000,2026,9,16,중개거래
도봉구,창동,현대조합,59.91,8,2000,60000,2026,9,16,중개거래
도봉구,도봉동,현대성우,59.92,6,1998,42500,2026,9,16,중개거래
도봉구,창동,창동주공18단지,71.89,5,1988,84000,2026,9,16,중개거래
도봉구,쌍문동,쌍문금용,84.69,8,1995,42000,2026,9,14,중개거래
도봉구,창동,초안산신도브래뉴,80.0192,3,2005,59500,2026,9,15,중개거래
도봉구,창동,창동주공1단지,49.94,10,1990,71000,2026,9,15,중개거래
도봉구,방학동,벽산아파트2,59.581,14,1998,43300,2026,9,15,중개거래
도봉구,쌍문동,신일라이프,81.68,13,2002,54000,2026,9,15,중개거래
도봉구,창동,삼성래미안,84.87,4,1992,99500,2026,9,15,중개거래
도봉구,창동,동아청솔,59.76,6,1997,89700,2026,9,15,중개거래
도봉구,쌍문동,현대1,84.66,1,1990,56500,2026,9,14,중개거래
도봉구,쌍문동,현대1,70.3,11,1990,51000,2026,9,15,중개거래
도봉구,쌍문동,현대1,44.55,11,1990,30500,2026,9,9,중개거래
도봉구,도봉동,동아에코빌,84.967,16,2003,67700,2026,9,3,중개거래
도봉구,쌍문동,시티프라디움,68.9258,1,2021,60000,2026,9,14,중개거래
도봉구,도봉동,한신,84.94,16,1995,66000,2026,9,7,중개거래
도봉구,창동,창동현대4차,101.9957,1,2003,85000,2026,9,15,중개거래
도봉구,방학동,우성아파트2,84.98,15,1993,51600,2026,9,15,중개거래
도봉구,쌍문동,청구,84.63,15,1996,57000,2026,9,15,중개거래
도봉구,방학동,신동아아파트1,84.87,4,1986,65000,2026,9,14,중개거래
도봉구,방학동,동양크레오아파트,84.9358,12,2004,57800,2026,9,14,중개거래
도봉구,도봉동,한신,84.94,8,1995,63000,2026,9,14,중개거래
도봉구,창동,상아2차아파트,58.59,1,1988,67500,2026,9,14,중개거래
도봉구,창동,창동주공3단지(해등마을),66.56,11,1990,90000,2026,9,14,중개거래
도봉구,창동,주공17단지,36.16,7,1989,42000,2026,9,14,중개거래
도봉구,방학동,삼익세라믹아파트,58.77,4,1988,40000,2026,9,8,중개거래
도봉구,창동,북한산아이파크5차,84.4516,22,2004,108000,2026,9,13,중개거래
도봉구,쌍문동,그린스테이트,78.18,5,2010,45700,2026,9,9,중개거래
도봉구,창동,삼성래미안,66.48,9,1992,89500,2026,9,13,중개거래
도봉구,창동,삼성래미안,84.87,7,1992,97500,2026,9,12,중개거래
도봉구,쌍문동,경남,46.3,7,1988,33000,2026,9,12,중개거래
도봉구,창동,창동주공1단지,41.3,8,1990,55000,2026,9,12,중개거래
도봉구,쌍문동,청구,84.63,13,1996,54900,2026,9,12,중개거래
도봉구,쌍문동,북한산코오롱하늘채,114.98,11,2014,91000,2026,9,12,중개거래
도봉구,창동,동아청솔,59.445,14,1997,91800,2026,9,11,중개거래
도봉구,방학동,한화성원아파트,84.98,7,1996,52000,2026,9,10,중개거래
도봉구,방학동,신동아아파트1,70.62,12,1986,46000,2026,9,14,중개거래
도봉구,창동,신창,39.6,11,1998,28500,2026,9,10,중개거래
도봉구,창동,주공17단지,36.34,3,1989,35500,2026,9,9,중개거래
도봉구,방학동,신동아타워아파트,84.74,15,1997,44000,2026,9,11,중개거래
도봉구,도봉동,한양수자인,84.46,4,2010,56700,2026,9,10,중개거래
도봉구,방학동,송학휴스테이,51.257,4,2016,37800,2026,9,10,중개거래
도봉구,도봉동,서광,59.91,3,1999,45000,2026,9,4,중개거래
도봉구,방학동,방학지음재힐스,14.86,11,2018,12700,2026,9,5,중개거래
도봉구,도봉동,래미안도봉,84.55,9,2005,79500,2026,9,4,중개거래
도봉구,쌍문동,삼익세라믹,40.11,13,1988,29200,2026,9,10,중개거래
도봉구,방학동,신동아아파트2,122.28,1,1992,63700,2026,9,9,중개거래
도봉구,방학동,이에스에이아파트3,84.87,14,2004,71000,2026,9,5,중개거래
도봉구,도봉동,럭키,84.86,8,1992,59000,2026,9,9,중개거래
도봉구,창동,주공17단지,36.16,9,1989,41500,2026,9,9,중개거래
도봉구,창동,창동주공3단지(해등마을),84.41,1,1990,83500,2026,9,9,중개거래
도봉구,도봉동,래미안도봉,84.55,14,2005,75000,2026,9,9,중개거래
도봉구,방학동,신동아아파트1,70.62,6,1986,41800,2026,9,9,중개거래
도봉구,쌍문동,삼익세라믹,58.77,8,1988,46000,2026,9,8,중개거래
도봉구,방학동,금광포란재아파트,59.611,14,2005,55000,2026,9,8,중개거래
도봉구,방학동,신동아아파트5,59.4,4,1998,35800,2026,9,8,중개거래
도봉구,방학동,삼익세라믹아파트,84.96,1,1988,49800,2026,9,8,중개거래
도봉구,창동,상아2차아파트,44.61,11,1988,59900,2026,9,8,중개거래
도봉구,방학동,삼익세라믹아파트,58.77,13,1988,40000,2026,9,7,중개거래
도봉구,쌍문동,한양2,84.9,15,1988,65000,2026,9,4,중개거래
도봉구,방학동,청구아파트,84.97,10,1994,54000,2026,9,8,중개거래
도봉구,창동,신창,49.77,8,1998,35500,2026,9,2,중개거래
도봉구,도봉동,서원,49.77,1,1996,36000,2026,9,7,중개거래
도봉구,쌍문동,삼익세라믹,58.77,4,1988,43100,2026,9,7,중개거래
도봉구,쌍문동,한양2,84.9,3,1988,59000,2026,9,7,중개거래
도봉구,창동,창동주공18단지,59.39,7,1988,82500,2026,9,7,중개거래
도봉구,창동,창동주공1단지,49.94,15,1990,62000,2026,9,6,중개거래
도봉구,창동,창동현대타운,57.93,7,1999,47000,2026,9,3,중개거래
도봉구,쌍문동,동익미라벨,84.39,9,1987,49500,2026,9,6,중개거래
도봉구,방학동,신동아아파트1,70.62,5,1986,44500,2026,9,4,중개거래
도봉구,도봉동,도봉파크빌2,84.163,4,2002,61800,2026,9,4,중개거래
도봉구,방학동,방학동삼성래미안1,118.381,5,2002,104000,2026,9,5,중개거래
도봉구,쌍문동,한양2,59.67,6,1988,41800,2026,9,4,중개거래
도봉구,방학동,우암쎈스뷰아파트,67.971,12,2003,55500,2026,9,4,중개거래
도봉구,창동,창동주공1단지,41.3,1,1990,52800,2026,9,4,중개거래
도봉구,방학동,동부센트레빌아파트,84.909,1,2005,63000,2026,9,2,중개거래
도봉구,도봉동,도봉파크빌3,84.163,6,2002,60500,2026,9,4,중개거래
도봉구,방학동,청구아파트,84.97,6,1994,60000,2026,9,4,중개거래
도봉구,쌍문동,현대1,70.3,5,1990,49800,2026,9,4,중개거래
도봉구,쌍문동,한양7,84.92,15,1993,64000,2026,9,3,중개거래
도봉구,쌍문동,삼익세라믹,40.11,8,1988,27000,2026,9,2,중개거래
도봉구,창동,엘리시아,56.09,2,2020,42300,2026,9,2,중개거래
도봉구,쌍문동,성원,84.98,4,1989,52900,2026,9,3,중개거래
도봉구,창동,창동현대4차,101.9957,8,2003,99900,2026,9,3,중개거래
도봉구,방학동,방학지음재힐스,14.86,8,2018,11000,2026,9,1,중개거래
도봉구,창동,상아2차아파트,45.54,3,1988,55800,2026,9,2,중개거래
도봉구,창동,초안산신도브래뉴,84.9991,14,2005,65000,2026,9,2,중개거래
도봉구,창동,창동주공3단지(해등마을),49.94,3,1990,74000,2026,9,2,중개거래
도봉구,창동,쌍용,59.88,19,1997,84000,2026,9,2,중개거래
도봉구,창동,삼성래미안,84.87,2,1992,83000,2026,9,2,중개거래
도봉구,방학동,신동아아파트1,43.35,8,1986,29000,2026,9,2,중개거래
도봉구,창동,창동주공3단지(해등마을),66.56,10,1990,90500,2026,9,1,중개거래
도봉구,창동,창동주공4단지,41.3,3,1991,46000,2026,9,2,중개거래
도봉구,창동,창동주공3단지(해등마을),58.01,14,1990,80000,2026,9,1,중개거래
도봉구,창동,창동주공1단지,45.77,2,1990,59300,2026,9,1,중개거래
도봉구,방학동,성원아파트,84.54,12,1996,57000,2026,9,1,중개거래
도봉구,창동,주공17단지,36.16,14,1989,41000,2026,9,1,중개거래
도봉구,방학동,한화성원아파트,59.88,3,1996,36700,2026,9,1,중개거래
도봉구,방학동,청구아파트,84.97,6,1994,59000,2026,9,1,중개거래
도봉구,방학동,삼익세라믹아파트,42.93,4,1988,31800,2026,9,1,중개거래
도봉구,쌍문동,삼익세라믹,58.77,5,1988,42800,2026,9,1,중개거래
도봉구,창동,창동주공3단지(해등마을),58.01,11,1990,82000,2026,9,1,중개거래
도봉구,방학동,삼익세라믹아파트,84.96,2,1988,50000,2026,9,1,중개거래
노원구,하계동,하계2현대,84.896,7,1997,105000,2026,9,28,직거래
노원구,중계동,주공2,44.52,12,1992,38700,2026,9,5,중개거래
노원구,상계동,상계주공7(고층),41.3,8,1988,63500,2026,9,21,중개거래
노원구,월계동,롯데캐슬루나,127.0318,6,2006,97000,2026,9,28,직거래
노원구,중계동,양지마을(대림)1,84.9,8,1998,107000,2026,9,30,중개거래
노원구,월계동,초안2,39.6,11,1997,27800,2026,9,29,직거래
노원구,상계동,상계주공7(고층),45.9,7,1988,58000,2026,9,29,직거래
노원구,월계동,주공2,38.64,6,1992,34000,2026,9,4,중개거래
노원구,월계동,주공2,44.52,14,1992,43900,2026,9,23,중개거래
노원구,중계동,주공10,58.14,11,1995,85000,2026,9,9,중개거래
노원구,상계동,상계주공2(저층),46.04,4,1987,53700,2026,9,28,중개거래
노원구,상계동,포레나노원,74.9561,23,2020,126000,2026,9,23,중개거래
노원구,상계동,보람아파트,79.25,4,1988,55000,2026,9,28,직거래
노원구,상계동,상계주공14(고층),49.94,15,1989,61000,2026,9,27,중개거래
노원구,상계동,상계주공13(고층),49.94,8,1989,58000,2026,9,23,중개거래
노원구,중계동,중계그린1단지,49.85,12,1990,72000,2026,9,23,중개거래
노원구,상계동,은빛1단지,49.77,4,1998,51800,2026,9,23,중개거래
노원구,상계동,노원롯데캐슬시그니처,84.999,27,2023,120000,2026,9,15,중개거래
노원구,월계동,성북맨션,65.35,2,1976,59000,2026,9,22,중개거래
노원구,하계동,하계2현대,84.896,6,1997,110000,2026,9,23,중개거래
노원구,하계동,청솔(시영7),49.85,13,1989,60000,2026,9,22,중개거래
노원구,공릉동,시영3차(라이프)아파트,34.44,5,1994,39500,2026,9,22,중개거래
노원구,상계동,상계1차중앙하이츠,59.82,8,1997,75000,2026,9,22,중개거래
노원구,공릉동,동신아파트,84.97,13,1999,89900,2026,9,16,중개거래
노원구,상계동,상계주공11(고층),58.01,12,1988,76500,2026,9,22,중개거래
노원구,상계동,상계주공13(고층),45.55,10,1989,37000,2026,9,12,중개거래
노원구,상계동,상계주공9(고층),49.94,9,1988,64000,2026,9,11,중개거래
노원구,중계동,주공7,44.1,3,1993,41900,2026,9,22,중개거래
노원구,상계동,노원롯데캐슬시그니처,84.999,25,2023,129800,2026,9,7,중개거래
노원구,상계동,상계주공16(고층),45.77,13,1988,45000,2026,9,21,중개거래
노원구,상계동,상계주공7(고층),49.94,2,1988,78000,2026,9,17,중개거래
노원구,중계동,청구3,84.77,14,1996,143000,2026,9,9,중개거래
노원구,상계동,수락한신,113.92,10,1997,68000,2026,9,8,중개거래
노원구,하계동,우방,59.74,4,1999,60000,2026,9,19,중개거래
노원구,중계동,주공5,44.94,5,1992,53000,2026,9,19,중개거래
노원구,공릉동,시영2단지(라이프)아파트,39.6,3,1994,44000,2026,9,19,중개거래
노원구,상계동,상계주공2(고층),58.01,5,1987,76000,2026,9,18,중개거래
노원구,공릉동,우국리더스빌,59.96,9,2006,62000,2026,9,17,중개거래
노원구,상계동,상계주공9(고층),58.01,5,1988,70000,2026,9,18,중개거래
노원구,상계동,상계주공12(고층),61.52,11,1988,72000,2026,9,2,중개거래
노원구,월계동,롯데캐슬루나,84.9852,9,2006,73000,2026,9,11,직거래
노원구,상계동,상계주공7(고층),58.01,2,1988,50400,2026,9,8,직거래
노원구,상계동,상계우방유쉘,116.46,8,2000,89000,2026,9,17,중개거래
노원구,하계동,벽산,70.56,4,1988,85000,2026,9,16,중개거래
노원구,월계동,녹천역두산위브아파트,59.7828,3,2017,71000,2026,9,16,중개거래
노원구,공릉동,비선아파트,48.6,1,1999,56000,2026,9,16,중개거래
노원구,중계동,경남,50.97,4,1989,67500,2026,9,16,중개거래
노원구,월계동,주공2,58.65,4,1992,65000,2026,9,16,중개거래
노원구,월계동,현대,59.95,12,2000,98500,2026,9,16,중개거래
노원구,월계동,청백4,49.77,13,1998,42999,2026,9,15,중개거래
노원구,공릉동,동부아파트,84.79,6,1996,42000,2026,9,10,중개거래
노원구,상계동,상계주공13(고층),49.94,2,1989,58000,2026,9,15,중개거래
노원구,상계동,상계주공14(고층),41.3,1,1989,45000,2026,9,12,중개거래
노원구,월계동,한진한화그랑빌,114.97,8,2002,140000,2026,9,15,중개거래
노원구,상계동,상계주공10(저층),47.34,4,1988,57000,2026,9,12,중개거래
노원구,공릉동,삼익4단지아파트,39.6,1,1994,36000,2026,9,1,중개거래
노원구,하계동,한신동성,138.29,12,1993,113000,2026,9,1,중개거래
노원구,상계동,은빛2단지,59.95,14,1998,60000,2026,9,11,중개거래
노원구,하계동,학여울청구,84.77,3,1999,90500,2026,9,12,중개거래
노원구,공릉동,시영3차(라이프)아파트,39.6,4,1994,49000,2026,9,15,중개거래
노원구,상계동,상계주공10(고층),45.9,5,1988,59000,2026,9,11,중개거래
노원구,중계동,삼성,59.9,7,1999,62700,2026,9,14,중개거래
노원구,월계동,현대,84.98,20,2000,118000,2026,9,3,중개거래
노원구,상계동,상계주공6(고층),59.39,12,1988,85000,2026,9,9,중개거래
노원구,상계동,중계센트럴파크,84.75,12,2016,90000,2026,9,12,중개거래
노원구,하계동,한신동성,138.29,4,1993,115000,2026,9,14,중개거래
노원구,상계동,상계현대3차,84.96,15,1999,69500,2026,9,11,중개거래
노원구,하계동,우방,83.12,9,1999,72000,2026,9,11,중개거래
노원구,상계동,상계주공14(고층),59.39,14,1989,69000,2026,9,12,중개거래
노원구,중계동,중앙하이츠,84.53,17,1998,72000,2026,9,14,중개거래
노원구,공릉동,화랑해링턴플레이스아파트,126.78,7,1999,87000,2026,9,14,중개거래
노원구,상계동,노원현대,84.78,10,1997,80000,2026,9,13,중개거래
노원구,월계동,월계센트럴아이파크,84.99,5,2020,123000,2026,9,12,중개거래
노원구,상계동,상계주공6(고층),58.01,1,1988,80000,2026,9,12,중개거래
노원구,상계동,상계주공6(고층),32.39,10,1988,46000,2026,9,12,중개거래
노원구,상계동,상계주공12(고층),41.3,5,1988,50000,2026,9,10,중개거래
노원구,월계동,한진한화그랑빌,114.97,2,2002,119400,2026,9,12,중개거래
노원구,중계동,중계무지개,49.54,11,1991,71000,2026,9,12,중개거래
노원구,월계동,월계센트럴아이파크,84.99,13,2020,124000,2026,9,12,중개거래
노원구,하계동,장미(시영6),49.5,6,1989,75300,2026,9,12,중개거래
노원구,상계동,상계주공6(고층),58.01,8,1988,84500,2026,9,12,중개거래
노원구,월계동,미륭,51.48,14,1986,104000,2026,9,12,중개거래
노원구,하계동,우방,83.12,13,1999,71000,2026,9,12,중개거래
노원구,상계동,상계주공4(고층),32.39,14,1988,42000,2026,9,12,중개거래
노원구,상계동,상계현대3차,84.96,1,1999,64000,2026,9,12,중개거래
노원구,월계동,월계센트럴아이파크,59.99,11,2020,110000,2026,9,12,중개거래
노원구,상계동,상계주공7(고층),59.39,8,1988,82000,2026,9,12,중개거래
노원구,월계동,동신,71.77,5,1983,104500,2026,9,12,중개거래
노원구,공릉동,시영3차(라이프)아파트,49.5,5,1994,64900,2026,9,10,중개거래
노원구,월계동,우남푸르미아,84.78,4,2006,77500,2026,9,12,중개거래
노원구,상계동,한양,86.62,2,1988,85000,2026,9,12,중개거래
노원구,상계동,상계주공6(고층),41.3,7,1988,67500,2026,9,12,중개거래
노원구,월계동,주공2,59.97,7,1992,68000,2026,9,12,중개거래
노원구,월계동,성원(사슴4),49.92,8,1995,67000,2026,9,12,중개거래
노원구,중계동,주공5,44.52,12,1992,55900,2026,9,12,중개거래
노원구,상계동,상계주공10(고층),41.3,15,1988,52000,2026,9,12,중개거래
노원구,상계동,상계2차중앙하이츠,84.6,2,1998,87000,2026,9,12,중개거래
노원구,상계동,은빛1단지,59.92,6,1998,60000,2026,9,12,중개거래
노원구,상계동,상계주공14(고층),49.94,6,1989,60000,2026,9,11,중개거래
노원구,하계동,벽산,84.85,14,1988,99000,2026,9,11,중개거래
노원구,월계동,한진한화그랑빌,59.94,27,2002,115000,2026,9,11,중개거래
노원구,하계동,하계1청구,84.6,10,1997,102000,2026,9,11,중개거래
노원구,상계동,상계주공1(고층),59.39,15,1988,68000,2026,9,11,중개거래
노원구,상계동,상계주공7(고층),41.3,5,1988,66000,2026,9,11,중개거래
노원구,상계동,상계주공10(고층),49.94,10,1988,65250,2026,9,7,중개거래
노원구,상계동,상계주공12(고층),49.94,5,1988,67500,2026,9,11,중개거래
노원구,중계동,중계무지개,39.82,6,1991,55000,2026,9,11,중개거래
노원구,상계동,상계주공2(고층),68.86,5,1987,83000,2026,9,11,중개거래
노원구,상계동,현대2차,82.68,7,1993,62000,2026,9,11,중개거래
노원구,중계동,중계무지개,39.96,8,1991,57000,2026,9,11,중개거래
노원구,월계동,청백4,49.77,9,1998,42700,2026,9,10,중개거래
노원구,중계동,주공5,84.79,13,1992,125000,2026,9,11,중개거래
노원구,상계동,금호타운,84.66,10,1995,56500,2026,9,10,중개거래
노원구,하계동,하계1청구,84.6,8,1997,98500,2026,9,10,중개거래
노원구,월계동,미성,50.14,12,1986,105000,2026,9,10,중개거래
노원구,상계동,상계주공1(고층),58.01,3,1988,70000,2026,9,10,중개거래
노원구,중계동,삼성,59.9,3,1999,55000,2026,9,10,중개거래
노원구,공릉동,신도1차아파트,81.2768,1,2002,82300,2026,9,10,중개거래
노원구,상계동,중앙하이츠(5지역),59.99,2,1996,45000,2026,9,10,중개거래
노원구,상계동,상계주공14(고층),45.9,6,1989,44600,2026,9,10,중개거래
노원구,중계동,주공6,44.1,6,1993,52000,2026,9,3,중개거래
노원구,상계동,보람아파트,68.99,12,1988,77000,2026,9,9,중개거래
노원구,상계동,상계불암대림,59.22,15,2000,59800,2026,9,3,중개거래
노원구,중계동,염광,84.5,1,1996,80000,2026,9,10,중개거래
노원구,상계동,상계주공7(고층),45.77,7,1988,67500,2026,9,9,중개거래
노원구,공릉동,효성아파트,84.66,1,1995,81500,2026,9,9,중개거래
노원구,상계동,은빛1단지,39.7,14,1998,37500,2026,9,9,중개거래
노원구,중계동,주공6,44.1,4,1993,51000,2026,9,9,중개거래
노원구,상계동,상계주공12(고층),49.94,7,1988,64900,2026,9,9,중개거래
노원구,하계동,극동,55.72,12,1988,70000,2026,9,9,중개거래
노원구,공릉동,시영2단지(라이프)아파트,39.6,15,1994,43000,2026,9,9,중개거래
노원구,상계동,불암현대,84.9,5,1999,62000,2026,9,5,중개거래
노원구,월계동,성북역신도브래뉴,84.8437,3,2005,85000,2026,9,4,중개거래
노원구,중계동,주공10,58.14,11,1995,85000,2026,9,9,중개거래
노원구,중계동,청구3,84.77,15,1996,139500,2026,9,9,중개거래
노원구,상계동,중계센트럴파크,84.75,1,2016,89000,2026,9,9,중개거래
노원구,상계동,동양엔파트,84.88,14,2003,89000,2026,9,9,직거래
노원구,중계동,주공2,44.52,5,1992,38000,2026,9,9,중개거래
노원구,공릉동,건영장미아파트,59.87,6,1999,62700,2026,9,9,중개거래
노원구,상계동,상계주공12(고층),41.3,8,1988,58500,2026,9,9,중개거래
노원구,상계동,상계주공6(고층),49.94,6,1988,67000,2026,9,5,중개거래
노원구,하계동,현대,84.95,11,1988,95000,2026,9,8,중개거래
노원구,중계동,건영2,84.96,2,1991,83000,2026,9,8,중개거래
노원구,상계동,상계주공13(고층),45.55,4,1989,40000,2026,9,8,중개거래
노원구,상계동,한신1차,53.96,10,1987,54800,2026,9,8,중개거래
노원구,상계동,은빛1단지,59.92,6,1998,60000,2026,9,8,중개거래
노원구,상계동,상계1차중앙하이츠,84.6,23,1997,84500,2026,9,8,중개거래
노원구,상계동,상계주공3(고층),59.2,9,1987,85000,2026,9,8,중개거래
노원구,중계동,청암3단지(582),84.438,4,2003,53500,2026,9,8,중개거래
노원구,상계동,동아불암,114.24,5,1999,71000,2026,9,2,중개거래
노원구,상계동,보람아파트,79.25,5,1988,87500,2026,9,7,중개거래
노원구,하계동,미성,57.97,3,1989,75000,2026,9,8,중개거래
노원구,공릉동,삼익아파트,59.89,1,1997,45000,2026,9,8,중개거래
노원구,상계동,상계주공6(고층),58.01,12,1988,78000,2026,9,8,중개거래
노원구,상계동,미도,87.57,8,1988,83500,2026,9,3,중개거래
노원구,중계동,주공2,44.52,8,1992,38000,2026,9,8,중개거래
노원구,상계동,벽산,59.9,12,1989,54000,2026,9,8,중개거래
노원구,하계동,학여울청구,59.4,1,1999,70800,2026,9,8,중개거래
노원구,중계동,중계그린1단지,59.46,1,1990,75000,2026,9,8,중개거래
노원구,월계동,월계센트럴아이파크,59.99,19,2020,110000,2026,9,7,중개거래
노원구,중계동,중계그린1단지,49.85,6,1990,68000,2026,9,7,중개거래
노원구,월계동,대우,134.64,20,1998,74700,2026,9,7,중개거래
노원구,상계동,보람아파트,44.33,4,1988,54800,2026,9,7,중개거래
노원구,월계동,녹천역두산위브아파트,84.8218,2,2017,82000,2026,9,7,중개거래
노원구,월계동,대동,59.76,9,1997,69400,2026,9,7,중개거래
노원구,중계동,중계그린1단지,44.1,12,1990,70500,2026,9,7,중개거래
노원구,상계동,노원롯데캐슬시그니처,84.999,13,2023,120000,2026,9,2,중개거래
노원구,상계동,상계주공4(고층),49.94,6,1988,65000,2026,9,7,중개거래
노원구,상계동,상계신동아,84.99,2,1995,60000,2026,9,7,중개거래
노원구,상계동,상계주공7(고층),41.3,15,1988,60000,2026,9,7,중개거래
노원구,중계동,주공7,44.1,9,1993,43300,2026,9,5,중개거래
노원구,상계동,상계주공7(고층),45.9,14,1988,64000,2026,9,5,중개거래
노원구,월계동,청백3,49.77,4,1998,40000,2026,9,6,중개거래
노원구,상계동,상계우방유쉘,116.46,8,2000,75000,2026,9,6,중개거래
노원구,공릉동,태강아파트(아이파크),49.6,14,1999,64500,2026,9,6,중개거래
노원구,공릉동,태강아파트(아이파크),59.38,7,1999,70000,2026,9,5,중개거래
노원구,상계동,상계주공9(고층),66.56,2,1988,70000,2026,9,5,중개거래
노원구,중계동,주공2,44.52,14,1992,39000,2026,9,5,중개거래
노원구,상계동,노원롯데캐슬시그니처,84.999,5,2023,120000,2026,9,5,중개거래
노원구,중계동,주공8,49.72,11,1993,69000,2026,9,5,중개거래
노원구,중계동,중계그린1단지,49.85,4,1990,67000,2026,9,5,중개거래
노원구,공릉동,풍림아파트A,59.94,16,2001,82000,2026,9,5,중개거래
노원구,중계동,청암3단지(582),84.438,5,2003,53500,2026,9,5,중개거래
노원구,중계동,주공2,44.52,12,1992,38700,2026,9,5,중개거래
노원구,중계동,건영2,84.96,1,1991,78500,2026,9,5,중개거래
노원구,월계동,동신,70.81,7,1983,103000,2026,9,5,중개거래
노원구,상계동,상계대림,84.91,4,1989,66500,2026,9,5,중개거래
노원구,하계동,장미(시영6),59.46,3,1989,87200,2026,9,5,중개거래
노원구,공릉동,시영3차(라이프)아파트,34.44,7,1994,34000,2026,9,5,중개거래
노원구,중계동,현대(3차),84.35,4,1992,81300,2026,9,5,중개거래
노원구,공릉동,동부아파트,59.34,6,1996,55000,2026,9,5,중개거래
노원구,공릉동,신성미소지움아파트,107.713,10,2004,79400,2026,9,5,중개거래
노원구,하계동,한신1,27,6,1988,34500,2026,9,4,중개거래
노원구,중계동,주공2,44.52,12,1992,39500,2026,9,5,중개거래
노원구,상계동,상계불암대림,59.22,12,2000,59900,2026,9,4,중개거래
노원구,상계동,상계불암대림,59.22,6,2000,63000,2026,9,4,중개거래
노원구,중계동,대림벽산(363),141.45,6,1993,140000,2026,9,5,중개거래
노원구,상계동,상계주공10(고층),49.94,5,1988,42700,2026,9,5,중개거래
노원구,월계동,주공2,44.94,9,1992,42500,2026,9,5,중개거래
노원구,공릉동,태강아파트(아이파크),49.6,8,1999,65000,2026,9,5,중개거래
노원구,상계동,상계주공16(고층),59.39,9,1988,68000,2026,9,4,중개거래
노원구,공릉동,건영아파트,84.75,13,1998,64500,2026,9,4,중개거래
노원구,중계동,중계무지개,39.96,6,1991,58000,2026,9,4,중개거래
노원구,월계동,미성,50.14,14,1986,100000,2026,9,4,중개거래
노원구,공릉동,동신아파트,59.99,15,1999,62000,2026,9,4,중개거래
노원구,하계동,학여울청구,84.77,17,1999,99000,2026,9,4,중개거래
노원구,중계동,주공4,59.39,11,1991,77300,2026,9,3,중개거래
노원구,상계동,상계대림,59.67,1,1989,57000,2026,9,4,중개거래
노원구,상계동,한신4차,84.84,8,1995,58000,2026,9,4,중개거래
노원구,상계동,상계주공6(고층),58.01,15,1988,76500,2026,9,4,중개거래
노원구,중계동,주공5,44.52,15,1992,51000,2026,9,4,중개거래
노원구,상계동,보람아파트,79.25,13,1988,81000,2026,9,4,중개거래
노원구,중계동,금호타운(583),84.98,8,1997,65000,2026,9,4,중개거래
노원구,월계동,현대,59.95,27,2000,89000,2026,9,3,중개거래
노원구,월계동,청백3,49.77,8,1998,40000,2026,9,4,중개거래
노원구,상계동,수락리버시티3단지,84.69,8,2009,68300,2026,9,3,중개거래
노원구,중계동,중계무지개,39.96,1,1991,51900,2026,9,3,중개거래
노원구,상계동,보람아파트,79.25,7,1988,84500,2026,9,3,중개거래
노원구,상계동,포레나노원,84.957,3,2020,129000,2026,9,3,중개거래
노원구,중계동,동진신안,134.74,12,1993,155000,2026,9,3,중개거래
노원구,월계동,미성,50.14,5,1986,100000,2026,9,3,중개거래
노원구,월계동,청백3,49.77,11,1998,42800,2026,9,3,중개거래
노원구,중계동,주공6,44.1,11,1993,49000,2026,9,3,중개거래
노원구,중계동,대림벽산(363),114.39,7,1993,134000,2026,9,3,중개거래
노원구,중계동,현대1(4차),84.99,4,1993,68000,2026,9,3,중개거래
노원구,중계동,주공5,84.79,7,1992,123500,2026,9,3,중개거래
노원구,상계동,상계주공4(고층),41.3,3,1988,60000,2026,9,2,중개거래
노원구,상계동,상계불암대림,84.96,17,2000,78600,2026,9,2,중개거래
노원구,중계동,대림벽산(363),114.39,2,1993,132000,2026,9,2,중개거래
노원구,월계동,유원,59.84,3,1998,45000,2026,9,2,중개거래
노원구,상계동,상계주공7(고층),58.01,10,1988,82000,2026,9,2,중개거래
노원구,상계동,은빛1단지,49.77,4,1998,41500,2026,9,2,중개거래
노원구,상계동,상계주공16(고층),59.39,15,1988,60000,2026,9,2,중개거래
노원구,상계동,상계주공2(고층),59.39,8,1987,71500,2026,9,2,중개거래
노원구,상계동,보람아파트,44.33,11,1988,54800,2026,9,1,중개거래
노원구,하계동,아주,76.59,3,2002,41800,2026,9,1,중개거래
노원구,상계동,상계불암대림,59.22,17,2000,59800,2026,9,1,중개거래
노원구,상계동,상계주공12(고층),41.3,2,1988,49000,2026,9,1,중개거래
노원구,중계동,한화꿈에그린,84.902,9,2005,90000,2026,9,1,중개거래
노원구,중계동,건영2,84.96,3,1991,87300,2026,9,1,중개거래
노원구,월계동,롯데캐슬루나,127.0318,10,2006,105000,2026,9,1,중개거래
노원구,중계동,염광,84.5,7,1996,87500,2026,9,1,중개거래
노원구,월계동,미성,33.28,1,1986,80000,2026,9,1,중개거래
노원구,상계동,상계주공16(고층),79.07,8,1988,75000,2026,9,1,중개거래
노원구,중계동,중계3우성,59.94,5,1999,68300,2026,9,1,중개거래
노원구,중계동,주공6,44.1,11,1993,50000,2026,9,1,중개거래
노원구,상계동,상계주공12(고층),41.3,1,1988,47000,2026,9,21,중개거래
은평구,구산동,은평서해그랑블,59.2112,18,2022,60000,2026,9,22,중개거래
은평구,진관동,폭포동4단지힐스테이트(408~422동)BL3-9,101.94,18,2010,103000,2026,9,29,중개거래
은평구,증산동,DMC문영퀸즈파크아파트,84.97,7,2004,70000,2026,9,21,중개거래
은평구,역촌동,역촌센트레빌,84.84,15,2011,79000,2026,9,23,중개거래
은평구,녹번동,래미안베라힐즈,84.95,6,2019,148500,2026,9,18,중개거래
은평구,응암동,펠리시티,55.69,13,2022,58500,2026,9,29,중개거래
은평구,응암동,애필리움,84.96,8,2006,72500,2026,9,7,중개거래
은평구,신사동,신사씨티,82.71,11,1993,52000,2026,9,29,중개거래
은평구,불광동,라이프미성,84.65,11,1988,103500,2026,9,30,중개거래
은평구,구산동,동익파크2동(355-98),84.95,3,1991,44500,2026,9,30,중개거래
은평구,진관동,은평스카이뷰자이,84.7488,27,2019,117800,2026,9,9,중개거래
은평구,진관동,상림마을6단지푸르지오(606~614동)BL1-7,84.79,2,2008,78000,2026,9,30,중개거래
은평구,증산동,미그린,84.898,5,2007,83000,2026,9,30,중개거래
은평구,응암동,다원(107-4),57.23,8,2011,46900,2026,9,30,중개거래
은평구,녹번동,녹번JR아파트,59.866,8,2002,84800,2026,9,29,중개거래
은평구,수색동,DMC 진흥,57.5033,10,2003,77800,2026,9,29,중개거래
은평구,수색동,DMC파인시티자이,84.94,16,2025,160000,2026,9,29,중개거래
은평구,대조동,북한산포레스트,19.08,3,2021,19000,2026,9,2,중개거래
은평구,역촌동,역촌센트레빌,84.89,4,2011,78000,2026,9,19,중개거래
은평구,불광동,라이프미성,66.7,1,1988,86500,2026,9,28,중개거래
은평구,구산동,구산그린빌,59.5,7,2009,47000,2026,9,29,중개거래
은평구,녹번동,대림아파트(276),84.68,3,1993,90000,2026,9,28,중개거래
은평구,응암동,백련산파크자이,59.789,3,2021,98800,2026,9,22,중개거래
은평구,불광동,북한산힐스테이트7차,59.981,1,2011,109000,2026,9,28,중개거래
은평구,구산동,경향파크,84.75,5,1989,46000,2026,9,17,중개거래
은평구,신사동,현대1,84.17,7,1997,69000,2026,9,12,중개거래
은평구,응암동,위산일리온시티,19.42,17,2020,23900,2026,9,26,중개거래
은평구,수색동,e편한세상 수색 에코포레,84.951,13,2003,87000,2026,9,24,중개거래
은평구,진관동,은평뉴타운 제각말 푸르지오(5-3단지),101.85,4,2010,93000,2026,9,23,중개거래
은평구,신사동,신성,61.32,3,1988,45500,2026,9,23,중개거래
은평구,불광동,불광롯데캐슬,59.99,14,2018,114800,2026,9,23,중개거래
은평구,진관동,은평뉴타운솔하임,45.044,6,2017,63200,2026,9,22,중개거래
은평구,불광동,라이프미성,125.75,7,1988,119500,2026,9,6,중개거래
은평구,응암동,백련산힐스테이트1차,59.93,9,2011,89400,2026,9,22,중개거래
은평구,갈현동,갈현삼성,79.85,7,2003,50500,2026,9,22,중개거래
은평구,응암동,백련산힐스테이트1차,59.93,14,2011,88000,2026,9,22,중개거래
은평구,녹번동,힐스테이트녹번,59.9,9,2019,130000,2026,9,22,중개거래
은평구,응암동,백련산해모로,59.97,4,2020,102000,2026,9,21,중개거래
은평구,응암동,경남,59.36,10,1995,46000,2026,9,21,중개거래
은평구,진관동,폭포동4단지힐스테이트(408~422동)BL3-9,101.95,7,2010,103900,2026,9,3,중개거래
은평구,수색동,e편한세상 수색 에코포레,84.951,14,2003,93500,2026,9,21,중개거래
은평구,구산동,금광포란재(102),84.18,3,2005,42500,2026,9,3,중개거래
은평구,수색동,e편한세상 수색 에코포레,84.951,1,2003,88000,2026,9,20,중개거래
은평구,수색동,DMC 진흥,106.423,10,2003,96000,2026,9,20,중개거래
은평구,갈현동,메카,84.3,2,2001,50000,2026,9,4,중개거래
은평구,갈현동,라이프시티,79.11,13,1991,49000,2026,9,19,중개거래
은평구,응암동,애필리움,84.96,8,2006,72500,2026,9,7,중개거래
은평구,응암동,백련산힐스테이트4차,84.98,8,2018,118500,2026,9,18,중개거래
은평구,녹번동,북한산푸르지오,84.99,8,2015,121000,2026,9,18,중개거래
은평구,불광동,북한산래미안아파트(2단지),59.9932,8,2010,101800,2026,9,19,중개거래
은평구,구산동,경남아너스빌,122.77,7,2004,83000,2026,9,11,중개거래
은평구,구산동,은평서해그랑블,59.2112,14,2022,59500,2026,9,18,중개거래
은평구,신사동,신성수정,84.8,14,1996,67500,2026,9,11,중개거래
은평구,응암동,백련산에스케이뷰아이파크,59.9335,24,2020,109000,2026,9,17,중개거래
은평구,구산동,경남아너스빌,84.69,14,2004,61500,2026,9,15,중개거래
은평구,역촌동,코아,82.4,3,2003,45000,2026,9,12,중개거래
은평구,갈현동,갈현삼성,79.85,9,2003,50900,2026,9,17,중개거래
은평구,신사동,신사씨티,82.71,20,1993,52200,2026,9,16,중개거래
은평구,불광동,라이프미성,84.65,12,1988,95000,2026,9,3,중개거래
은평구,불광동,라이프미성,84.65,2,1988,94000,2026,9,12,중개거래
은평구,불광동,북한산힐스테이트7차,84.813,9,2011,127500,2026,9,4,중개거래
은평구,진관동,은평뉴타운기자촌11단지,84.94,7,2015,94000,2026,9,6,중개거래
은평구,구산동,갈현현대,84.83,3,1998,58000,2026,9,15,중개거래
은평구,구산동,경남아너스빌,84.69,17,2004,66500,2026,9,11,중개거래
은평구,응암동,백련산힐스테이트4차,84.98,14,2018,120000,2026,9,15,중개거래
은평구,녹번동,힐스테이트녹번,59.938,16,2019,130000,2026,9,14,중개거래
은평구,갈현동,한솔,114.98,3,1997,63000,2026,9,12,중개거래
은평구,불광동,북한산현대힐스테이트3차아파트,59.96,10,2010,97000,2026,9,14,중개거래
은평구,응암동,예청A,48.28,3,2002,35000,2026,9,14,중개거래
은평구,진관동,힐데스하임,40.63,13,2017,53800,2026,9,13,중개거래
은평구,수색동,DMC롯데캐슬더퍼스트,84.97,10,2021,130000,2026,9,13,중개거래
은평구,응암동,백련산에스케이뷰아이파크,84.9039,20,2020,124500,2026,9,12,중개거래
은평구,불광동,라이프미성,84.65,3,1988,102000,2026,9,12,중개거래
은평구,불광동,북한산현대힐스테이트3차아파트,59.99,5,2010,96700,2026,9,12,중개거래
은평구,신사동,현대2,84.83,7,1994,63000,2026,9,12,중개거래
은평구,수색동,DMCSKVIEW,59.9865,24,2023,149000,2026,9,12,중개거래
은평구,응암동,백련산파크자이,59.789,6,2021,98500,2026,9,12,중개거래
은평구,수색동,DMCSK뷰아이파크포레,59.96,10,2025,116000,2026,9,12,중개거래
은평구,갈현동,미미,84.9,6,1997,66700,2026,9,12,중개거래
은평구,응암동,백련산힐스테이트4차,59.98,11,2018,97500,2026,9,12,중개거래
은평구,진관동,은평뉴타운 제각말 푸르지오(5-3단지),84.89,4,2010,88500,2026,9,11,중개거래
은평구,역촌동,디케이,84.33,1,2003,45000,2026,9,10,중개거래
은평구,증산동,DMC우방,59.91,2,2000,94500,2026,9,10,중개거래
은평구,진관동,상림마을8단지롯데캐슬(801~809동)BL1-2,59.21,3,2008,70000,2026,9,10,중개거래
은평구,진관동,상림마을6단지푸르지오(606~614동)BL1-7,84.79,7,2008,80500,2026,9,6,중개거래
은평구,수색동,DMC자이1단지,184.02,19,2009,175000,2026,9,9,중개거래
은평구,신사동,미성,63.53,11,1987,75000,2026,9,9,중개거래
은평구,응암동,백련산에스케이뷰아이파크,59.9335,15,2020,104000,2026,9,4,중개거래
은평구,응암동,e편한세상백련산,84.31,7,2022,96000,2026,9,9,중개거래
은평구,진관동,박석고개1단지힐스테이트(116~131동)BL2-1,84.85,12,2009,132500,2026,9,8,중개거래
은평구,녹번동,리베하임,84.3,3,2007,34000,2026,9,4,직거래
은평구,녹번동,유일아트리움,52.37,12,2016,46500,2026,9,8,중개거래
은평구,갈현동,한솔,59.94,14,1997,49800,2026,9,8,중개거래
은평구,신사동,이랜드타운아파트,59.982,9,2004,56000,2026,9,5,중개거래
은평구,응암동,백련산힐스테이트1차,59.63,11,2011,87500,2026,9,7,중개거래
은평구,구산동,산호,68.46,2,2004,40000,2026,9,5,중개거래
은평구,불광동,라이프미성,125.75,7,1988,119500,2026,9,6,중개거래
은평구,갈현동,메카,84.3,9,2001,50000,2026,9,5,중개거래
은평구,불광동,북한산현대힐스테이트3차아파트,84.96,9,2010,105000,2026,9,5,중개거래
은평구,응암동,백련산해모로,59.93,5,2020,101500,2026,9,5,중개거래
은평구,수색동,e편한세상 수색 에코포레,84.951,11,2003,88000,2026,9,4,중개거래
은평구,녹번동,예원(86-126),93.74,5,2004,55000,2026,9,5,중개거래
은평구,수색동,DMCSK뷰아이파크포레,39.97,7,2025,69500,2026,9,5,중개거래
은평구,녹번동,래미안베라힐즈,84.93,12,2019,155000,2026,9,5,중개거래
은평구,구산동,갈현현대,114.95,1,1998,69500,2026,9,5,중개거래
은평구,응암동,백련산힐스테이트4차,84.98,16,2018,112000,2026,9,4,중개거래
은평구,응암동,백련산힐스테이트3차,84.59,11,2011,92700,2026,9,5,중개거래
은평구,녹번동,힐스테이트녹번,59.938,6,2019,128000,2026,9,5,중개거래
은평구,신사동,이랜드타운아파트,59.982,6,2004,53000,2026,9,4,중개거래
은평구,불광동,북한산현대힐스테이트3차아파트,59.99,5,2010,96500,2026,9,5,중개거래
은평구,불광동,남해그린힐,84.42,6,2001,55000,2026,9,4,중개거래
은평구,역촌동,뉴캐슬,124.14,7,2003,71000,2026,9,4,중개거래
은평구,응암동,미가마하나임,50.25,6,2026,64360,2026,9,2,직거래
은평구,응암동,미가마하나임,52.66,6,2026,62859,2026,9,2,직거래
은평구,응암동,미가마하나임,52.66,6,2026,64157,2026,9,2,직거래
은평구,응암동,미가마하나임,50.25,6,2026,64360,2026,9,2,직거래
은평구,응암동,미가마하나임,50.25,7,2026,64360,2026,9,2,직거래
은평구,응암동,미가마하나임,52.66,7,2026,62859,2026,9,2,직거래
은평구,응암동,미가마하나임,52.66,7,2026,64157,2026,9,2,직거래
은평구,응암동,미가마하나임,50.25,7,2026,64360,2026,9,2,직거래
은평구,응암동,미가마하나임,50.25,8,2026,64360,2026,9,2,직거래
은평구,응암동,미가마하나임,52.66,8,2026,62859,2026,9,2,직거래
은평구,응암동,미가마하나임,52.66,8,2026,64157,2026,9,2,직거래
은평구,응암동,미가마하나임,50.25,8,2026,64360,2026,9,2,직거래
은평구,응암동,미가마하나임,50.25,9,2026,64360,2026,9,2,직거래
은평구,응암동,미가마하나임,52.66,9,2026,62859,2026,9,2,직거래
은평구,응암동,미가마하나임,52.66,9,2026,64157,2026,9,2,직거래
은평구,응암동,미가마하나임,50.25,9,2026,64360,2026,9,2,직거래
은평구,응암동,미가마하나임,50.25,10,2026,64360,2026,9,2,직거래
은평구,응암동,미가마하나임,52.66,10,2026,62859,2026,9,2,직거래
은평구,응암동,미가마하나임,52.66,10,2026,64157,2026,9,2,직거래
은평구,응암동,미가마하나임,50.25,10,2026,64360,2026,9,2,직거래
은평구,응암동,미가마하나임,50.25,11,2026,64994,2026,9,2,직거래
은평구,응암동,미가마하나임,52.66,11,2026,63492,2026,9,2,직거래
은평구,응암동,미가마하나임,52.66,11,2026,64821,2026,9,2,직거래
은평구,응암동,미가마하나임,50.25,11,2026,64994,2026,9,2,직거래
은평구,응암동,미가마하나임,50.25,12,2026,64994,2026,9,2,직거래
은평구,응암동,미가마하나임,52.66,12,2026,63492,2026,9,2,직거래
은평구,응암동,미가마하나임,52.66,12,2026,64821,2026,9,2,직거래
은평구,응암동,미가마하나임,50.25,12,2026,64994,2026,9,2,직거래
은평구,응암동,미가마하나임,50.25,13,2026,64994,2026,9,2,직거래
은평구,응암동,미가마하나임,52.66,13,2026,63492,2026,9,2,직거래
은평구,응암동,미가마하나임,52.66,13,2026,64821,2026,9,2,직거래
은평구,응암동,미가마하나임,50.25,13,2026,64994,2026,9,2,직거래
은평구,응암동,미가마하나임,50.25,14,2026,65658,2026,9,2,직거래
은평구,응암동,미가마하나임,52.66,14,2026,64157,2026,9,2,직거래
은평구,응암동,미가마하나임,52.66,14,2026,65485,2026,9,2,직거래
은평구,응암동,미가마하나임,50.25,14,2026,65658,2026,9,2,직거래
은평구,응암동,미가마하나임,50.25,15,2026,65658,2026,9,2,직거래
은평구,응암동,미가마하나임,52.66,15,2026,64157,2026,9,2,직거래
은평구,응암동,미가마하나임,52.66,15,2026,65485,2026,9,2,직거래
은평구,응암동,미가마하나임,50.25,15,2026,65658,2026,9,2,직거래
은평구,응암동,미가마하나임,50.25,16,2026,66262,2026,9,2,직거래
은평구,응암동,미가마하나임,52.66,16,2026,64821,2026,9,2,직거래
은평구,응암동,미가마하나임,52.66,16,2026,66150,2026,9,2,직거래
은평구,응암동,미가마하나임,50.25,16,2026,66262,2026,9,2,직거래
은평구,응암동,미가마하나임,50.25,17,2026,66262,2026,9,2,직거래
은평구,응암동,미가마하나임,52.66,17,2026,64821,2026,9,2,직거래
은평구,응암동,미가마하나임,52.66,17,2026,66150,2026,9,2,직거래
은평구,응암동,미가마하나임,50.25,17,2026,66262,2026,9,2,직거래
은평구,응암동,미가마하나임,50.25,18,2026,66896,2026,9,2,직거래
은평구,응암동,미가마하나임,52.66,18,2026,65485,2026,9,2,직거래
은평구,응암동,미가마하나임,52.66,18,2026,66782,2026,9,2,직거래
은평구,응암동,미가마하나임,50.25,18,2026,66896,2026,9,2,직거래
은평구,응암동,미가마하나임,50.25,19,2026,66896,2026,9,2,직거래
은평구,응암동,미가마하나임,52.66,19,2026,65485,2026,9,2,직거래
은평구,응암동,미가마하나임,52.66,19,2026,66782,2026,9,2,직거래
은평구,응암동,미가마하나임,50.25,19,2026,66896,2026,9,2,직거래
은평구,응암동,미가마하나임,50.25,20,2026,66262,2026,9,2,직거래
은평구,응암동,미가마하나임,52.66,20,2026,64821,2026,9,2,직거래
은평구,응암동,미가마하나임,52.66,20,2026,66150,2026,9,2,직거래
은평구,응암동,미가마하나임,50.25,20,2026,66262,2026,9,2,직거래
은평구,신사동,신사성원,59.94,8,2000,59800,2026,9,3,중개거래
은평구,대조동,삼성타운,59.4,5,1997,65500,2026,9,3,중개거래
은평구,신사동,신사씨티,58.09,2,1993,46000,2026,9,3,중개거래
은평구,신사동,신사성원,59.94,11,2000,56000,2026,9,1,중개거래
은평구,진관동,상림마을8단지롯데캐슬(801~809동)BL1-2,101.93,7,2008,99000,2026,9,3,직거래
은평구,대조동,북한산포레스트,19.08,3,2021,19000,2026,9,2,중개거래
은평구,불광동,북한산현대홈타운,114.9984,11,2004,112500,2026,9,2,중개거래
은평구,진관동,상림마을7단지아이파크(730~742동)BL1-14,84.63,4,2008,60000,2026,9,1,직거래
은평구,응암동,남청파인힐,55.14,2,2001,43000,2026,9,1,중개거래
은평구,응암동,백련산에스케이뷰아이파크,84.9039,22,2020,120000,2026,9,1,중개거래
은평구,신사동,신사성원,84.96,13,2000,71000,2026,9,1,중개거래
서대문구,홍제동,태영으뜸(데시앙),54.58,16,1998,59000,2026,9,22,중개거래
서대문구,남가좌동,남가좌동현대,59.4,4,1999,109000,2026,9,18,중개거래
서대문구,합동,에스케이뷰,84.98,14,2008,150000,2026,9,18,중개거래
서대문구,홍제동,서대문푸르지오센트럴파크,84.98,17,2023,189000,2026,9,19,중개거래
서대문구,홍제동,홍제센트럴IPARK,84.9728,3,2020,153500,2026,9,21,중개거래
서대문구,홍은동,"현대(1,2차)",59.96,8,1988,79000,2026,9,29,중개거래
서대문구,홍은동,홍은동벽산,114.96,1,1997,89500,2026,9,29,중개거래
서대문구,연희동,성원,84.95,10,2001,87000,2026,9,16,중개거래
서대문구,북가좌동,DMC래미안e편한세상,59.97,10,2012,146000,2026,9,28,중개거래
서대문구,홍은동,진흥,78.02,8,2002,72500,2026,9,4,중개거래
서대문구,남가좌동,DMC파크뷰자이1단지,84.971,6,2015,171000,2026,9,7,중개거래
서대문구,합동,에스케이뷰,84.98,14,2008,150000,2026,9,18,중개거래
서대문구,남가좌동,DMC파크뷰자이1단지,84.98,7,2015,173000,2026,9,22,중개거래
서대문구,홍은동,북한산두산위브,59.54,19,2020,92000,2026,9,23,중개거래
서대문구,합동,사랑채,77.85,5,2003,71000,2026,9,22,중개거래
서대문구,홍제동,무악재한화,84.28,17,2001,120000,2026,9,19,중개거래
서대문구,남가좌동,DMC센트럴아이파크,84.97,1,2018,143000,2026,9,21,중개거래
서대문구,북가좌동,DMC래미안e편한세상,120.95,30,2012,187000,2026,9,16,중개거래
서대문구,홍제동,홍제삼성래미안,60,2,2001,92000,2026,9,21,중개거래
서대문구,북가좌동,한울뉴타운,74.04,2,2004,62000,2026,9,21,중개거래
서대문구,홍제동,서대문푸르지오센트럴파크,114.85,2,2023,227000,2026,9,1,중개거래
서대문구,북가좌동,DMC래미안e편한세상,120.95,26,2012,189000,2026,9,9,중개거래
서대문구,홍은동,동림,83.09,9,2001,74000,2026,9,19,중개거래
서대문구,영천동,독립문삼호,75.66,15,1995,138000,2026,9,19,중개거래
서대문구,홍은동,동원베네스트,59.9554,6,2012,59700,2026,9,19,중개거래
서대문구,충정로2가,로얄훼미리아파트A동,80.37,6,2004,89000,2026,9,19,중개거래
서대문구,홍은동,북한산두산위브2차,56.9161,3,2021,80000,2026,9,20,중개거래
서대문구,홍은동,두산,84.84,1,1997,72300,2026,9,19,중개거래
서대문구,영천동,독립문삼호,75.66,13,1995,137500,2026,9,19,중개거래
서대문구,홍제동,홍제원현대(459-0),59.93,18,2000,105500,2026,9,19,중개거래
서대문구,홍은동,힐스테이트홍은포레스트,72.97,2,2023,108000,2026,9,19,중개거래
서대문구,북가좌동,DMC한양,116.76,6,1987,123000,2026,9,19,중개거래
서대문구,홍제동,홍제삼성래미안,32.76,2,2001,54000,2026,9,19,중개거래
서대문구,북가좌동,DMC래미안e편한세상,84.95,8,2012,158000,2026,9,19,중개거래
서대문구,홍은동,힐스테이트홍은포레스트,59.84,13,2023,105200,2026,9,19,중개거래
서대문구,홍은동,극동,84.98,13,1995,59000,2026,9,19,중개거래
서대문구,연희동,일진아이윌,84.794,8,2005,62000,2026,9,18,중개거래
서대문구,북아현동,신촌푸르지오,34.7529,13,2015,90000,2026,9,18,중개거래
서대문구,홍은동,극동,84.92,15,1995,54500,2026,9,18,중개거래
서대문구,남가좌동,DMC금호리첸시아,59.9772,11,2024,137500,2026,9,18,중개거래
서대문구,천연동,천연뜨란채,57.78,4,2006,124300,2026,9,17,중개거래
서대문구,홍은동,홍은동벽산,84.96,14,1997,92000,2026,9,17,중개거래
서대문구,대현동,신촌럭키,83.38,1,1999,140000,2026,9,12,중개거래
서대문구,북가좌동,DMC한양,116.76,13,1987,114000,2026,9,16,중개거래
서대문구,북가좌동,DMC현대아파트,84.63,3,2000,85000,2026,9,16,중개거래
서대문구,남가좌동,DMC파크뷰자이1단지,121.614,26,2015,186000,2026,9,15,중개거래
서대문구,홍은동,북한산더샵,84.832,5,2017,150000,2026,9,10,중개거래
서대문구,남가좌동,래미안루센티아,84.95,6,2020,152000,2026,9,7,중개거래
서대문구,북가좌동,DMC현대아파트,84.95,6,2000,89000,2026,9,15,중개거래
서대문구,홍제동,홍제현대,75.15,3,1992,105000,2026,9,5,중개거래
서대문구,북가좌동,DMC래미안e편한세상,84.97,15,2012,160000,2026,9,13,중개거래
서대문구,홍제동,인왕산현대,114.72,10,2000,124000,2026,9,12,중개거래
서대문구,홍제동,홍제현대,106.18,11,1992,125000,2026,9,5,중개거래
서대문구,북아현동,e편한세상신촌1단지,84.98,11,2018,210000,2026,9,13,중개거래
서대문구,북가좌동,월드컵현대,59.56,7,1998,94000,2026,9,13,중개거래
서대문구,천연동,천연뜨란채,55.82,12,2006,124000,2026,9,13,중개거래
서대문구,홍제동,홍제한양,60.06,9,1993,103000,2026,9,12,중개거래
서대문구,홍제동,홍제원현대(459-0),59.93,13,2000,110000,2026,9,12,중개거래
서대문구,홍제동,인왕산현대,59.93,4,2000,109000,2026,9,12,중개거래
서대문구,홍은동,HDX휴팰리스,59.0362,12,2018,70000,2026,9,12,중개거래
서대문구,북가좌동,DMC래미안e편한세상,84.97,2,2012,153000,2026,9,12,중개거래
서대문구,홍제동,성원,55.35,16,1998,68000,2026,9,11,중개거래
서대문구,홍은동,HDX휴팰리스,59.1032,12,2018,72500,2026,9,11,중개거래
서대문구,홍은동,"현대(1,2차)",84.77,12,1988,97000,2026,9,11,중개거래
서대문구,홍은동,홍은동풍림아이원,84.918,10,2002,70500,2026,9,11,중개거래
서대문구,북가좌동,DMC래미안e편한세상,84.93,29,2012,168500,2026,9,9,중개거래
서대문구,남가좌동,남가좌동현대,59.4,9,1999,104500,2026,9,10,중개거래
서대문구,홍은동,홍은미성,83.61,12,1985,59900,2026,9,5,중개거래
서대문구,연희동,성원,84.95,6,2001,86000,2026,9,10,중개거래
서대문구,홍은동,홍은미성,83.61,12,1985,55500,2026,9,10,중개거래
서대문구,남가좌동,DMC금호리첸시아,59.9772,7,2024,130000,2026,9,9,중개거래
서대문구,홍은동,e편한세상서대문,59.986,11,2023,123000,2026,9,7,중개거래
서대문구,홍은동,홍은미성,83.61,7,1985,51700,2026,9,3,중개거래
서대문구,홍제동,유원하나,82.35,2,1996,61000,2026,9,8,중개거래
서대문구,홍은동,두산,84.84,9,1997,78000,2026,9,7,중개거래
서대문구,남가좌동,남가좌동현대,59.4,15,1999,105000,2026,9,7,중개거래
서대문구,북가좌동,DMC래미안e편한세상,84.95,16,2012,160000,2026,9,7,중개거래
서대문구,남가좌동,DMC센트럴아이파크,59.91,4,2018,125000,2026,9,7,중개거래
서대문구,연희동,대우푸르지오,59.584,15,2002,106000,2026,9,5,중개거래
서대문구,남가좌동,DMC센트레빌,84.98,4,2009,127000,2026,9,6,중개거래
서대문구,홍제동,무악재한화,114.17,18,2001,137000,2026,9,5,중개거래
서대문구,홍은동,유원,54.54,2,1987,47800,2026,9,5,중개거래
서대문구,홍은동,극동,84.92,15,1995,54000,2026,9,5,중개거래
서대문구,연희동,성원,59.61,9,2001,79000,2026,9,4,중개거래
서대문구,홍은동,풍림1차,56.61,6,1988,60000,2026,9,5,중개거래
서대문구,북가좌동,DMC현대아파트,84.95,9,2000,86000,2026,9,5,중개거래
서대문구,홍은동,"현대(1,2차)",59.96,11,1988,84000,2026,9,4,중개거래
서대문구,홍은동,홍은센트레빌,84.84,17,2009,91500,2026,9,4,중개거래
서대문구,연희동,성원,59.61,11,2001,78800,2026,9,3,중개거래
서대문구,북가좌동,DMC한양,116.76,10,1987,120000,2026,9,2,중개거래
서대문구,홍은동,힐스테이트홍은포레스트,59.84,7,2023,110000,2026,9,2,중개거래
서대문구,북아현동,e편한세상신촌2단지,59.85,13,2018,196500,2026,9,1,중개거래
서대문구,홍은동,북한산더샵,59.865,10,2017,125000,2026,9,1,중개거래
서대문구,연희동,성원,115.06,4,2001,106000,2026,9,29,직거래
마포구,도화동,한화오벨리스크,38.08,9,2004,59000,2026,9,23,중개거래
마포구,하중동,한강밤섬자이,132.54,18,2010,255000,2026,9,12,중개거래
마포구,창전동,서강오벨리스크스위트,73.38,6,2007,152000,2026,9,29,중개거래
마포구,공덕동,마포현대,59.95,7,1988,153000,2026,9,5,중개거래
마포구,마포동,마포쌍용황금아파트,114.84,13,2000,187000,2026,9,12,중개거래
마포구,신수동,신수동성원,84.96,18,1998,152000,2026,9,30,중개거래
마포구,도화동,한화오벨리스크,36.49,15,2004,59700,2026,9,30,중개거래
마포구,신공덕동,대우메트로디오빌,34.39,22,2005,41500,2026,9,15,중개거래
마포구,도화동,정우상가맨션,126.07,12,1983,145000,2026,9,28,중개거래
마포구,공덕동,래미안공덕5차,59.959,8,2011,195000,2026,9,18,중개거래
마포구,상암동,상암월드컵파크4단지,84.66,18,2006,175000,2026,9,21,중개거래
마포구,염리동,염리삼성래미안,59.76,10,2001,161500,2026,9,28,중개거래
마포구,신수동,마포아이파크포레,84.901,6,2019,248000,2026,9,23,중개거래
마포구,상암동,상암월드컵파크3단지,84.94,1,2003,128000,2026,9,23,중개거래
마포구,망원동,참존2차(102동),84.48,5,2005,88000,2026,9,10,중개거래
마포구,구수동,영풍,84.19,8,1997,120000,2026,9,12,중개거래
마포구,신수동,마포아이파크포레,84.901,10,2019,249000,2026,9,21,중개거래
마포구,성산동,성산월드타운대림,84.689,12,2004,129200,2026,9,19,중개거래
마포구,상암동,상암월드컵파크2단지,49.8,2,2003,119800,2026,9,2,중개거래
마포구,도화동,삼성,72.185,6,1997,188000,2026,9,2,중개거래
마포구,도화동,도화현대,59.4,17,1998,152000,2026,9,19,중개거래
마포구,도화동,마포동원베네스트,58.65,3,2010,143000,2026,9,6,중개거래
마포구,아현동,마포래미안푸르지오4단지,59.9656,1,2014,198000,2026,9,19,중개거래
마포구,아현동,마포래미안푸르지오1단지,84.8919,6,2014,252000,2026,9,4,중개거래
마포구,신공덕동,신공덕래미안2차,84.73,4,2000,169000,2026,9,19,중개거래
마포구,망원동,참존1차(419-3),62.78,6,2005,67000,2026,9,18,중개거래
마포구,신공덕동,신공덕1차삼성래미안1아파트,84.9,9,2000,205000,2026,9,17,중개거래
마포구,창전동,창전래미안,84.93,16,1998,170000,2026,9,15,중개거래
마포구,신수동,마포아이파크포레,59.751,27,2019,214500,2026,9,12,중개거래
마포구,도화동,성지,84.24,4,1984,90000,2026,9,7,중개거래
마포구,공덕동,롯데캐슬프레지던트,191.532,30,2009,300000,2026,9,15,중개거래
마포구,창전동,창전래미안,114.82,19,1998,175000,2026,9,16,중개거래
마포구,망원동,대상4,59.97,3,2000,83250,2026,9,11,중개거래
마포구,중동,현대,84.94,10,2000,124500,2026,9,1,중개거래
마포구,창전동,서강예가,84.988,14,2007,213000,2026,9,11,중개거래
마포구,신수동,대원칸타빌,117.183,14,2004,194000,2026,9,15,중개거래
마포구,염리동,마포자이,84.692,18,2003,260000,2026,9,15,중개거래
마포구,공덕동,공덕2삼성래미안,84.94,18,2004,201000,2026,9,11,중개거래
마포구,염리동,마포프레스티지자이,59.9286,13,2021,227000,2026,9,11,중개거래
마포구,아현동,마포래미안푸르지오2단지,59.9656,7,2014,222000,2026,9,14,중개거래
마포구,대흥동,대흥동태영아파트,59.4,1,1999,160000,2026,9,14,중개거래
마포구,동교동,광남벨라스2동,139.36,3,2003,130000,2026,9,14,중개거래
마포구,염리동,마포프레스티지자이,59.9286,13,2021,227000,2026,9,11,중개거래
마포구,합정동,리버아인,84.36,2,2003,89000,2026,9,12,중개거래
마포구,토정동,한강삼성,59.97,4,1997,160000,2026,9,10,중개거래
마포구,아현동,서서울삼성,48.92,16,1998,103000,2026,9,10,중개거래
마포구,아현동,마포래미안푸르지오4단지,59.9656,6,2014,218000,2026,9,10,중개거래
마포구,현석동,래미안웰스트림,59.96,5,2016,194500,2026,9,9,중개거래
마포구,상암동,상암월드컵파크3단지,84.84,2,2003,127000,2026,9,8,중개거래
마포구,신수동,힐스테이트마포더퍼스트,84.07,19,2026,229500,2026,9,5,중개거래
마포구,신수동,힐스테이트마포더퍼스트,84.98,5,2026,209000,2026,9,3,중개거래
마포구,신수동,벽산솔렌스힐,84.9657,3,2007,145000,2026,9,4,중개거래
마포구,공덕동,마포현대,59.95,7,1988,153000,2026,9,5,중개거래
마포구,망원동,한강그린1차아파트,65.53,4,2011,63500,2026,9,4,중개거래
마포구,대흥동,대흥동태영아파트,84.77,15,1999,223000,2026,9,3,중개거래
마포구,연남동,코오롱,102.158,11,2003,135000,2026,9,3,중개거래
마포구,도화동,마포아크로타워,84.99,20,2007,149000,2026,9,1,중개거래
마포구,대흥동,마포자이2차,84.44,16,2014,260000,2026,9,1,중개거래
마포구,성산동,성산월드타운대림,59.888,3,2004,107500,2026,9,1,중개거래
마포구,신수동,마포아이파크포레,59.376,19,2019,212800,2026,9,1,중개거래
마포구,창전동,마포웨스트리버태영데시앙,59.989,6,2019,188000,2026,9,1,중개거래
양천구,목동,목동청구한신아파트,84.76,14,1997,220000,2026,9,30,중개거래
양천구,신정동,신트리4,59.73,5,2000,97000,2026,9,30,중개거래
양천구,신정동,세양청마루,84.98,1,2006,124000,2026,9,30,중개거래
양천구,신월동,대방샤인힐,72.974,15,2003,60000,2026,9,30,중개거래
양천구,목동,목동롯데캐슬마에스트로,59.984,11,2019,138500,2026,9,29,중개거래
양천구,신정동,성재세인트,30.47,4,2013,31000,2026,9,21,중개거래
양천구,신정동,목동경동미르웰,14.02,7,2017,12300,2026,9,22,중개거래
양천구,목동,트라팰리스웨스턴에비뉴,146.1,13,2009,349500,2026,9,21,중개거래
양천구,신월동,수명산그린시아,83.25,3,2014,60500,2026,9,28,중개거래
양천구,신월동,신도신월1차,80.19,8,2004,73000,2026,9,28,중개거래
양천구,신월동,성우,84.98,11,1998,54500,2026,9,28,중개거래
양천구,신정동,대성유니드2차,59.95,3,2004,72000,2026,9,14,중개거래
양천구,신월동,태진,84.87,2,1998,60000,2026,9,24,중개거래
양천구,신월동,덕현해밀(102동),84.99,5,2013,60000,2026,9,15,중개거래
양천구,신정동,푸른마을3,59.99,14,2001,65000,2026,9,22,중개거래
양천구,목동,목동현대1,59.9,4,1997,173500,2026,9,14,중개거래
양천구,신정동,호반써밋목동,59.9488,8,2022,150000,2026,9,21,중개거래
양천구,신월동,미진,84.3,2,2005,46000,2026,9,16,중개거래
양천구,목동,대원칸타빌2,84.98,14,2003,168000,2026,9,20,중개거래
양천구,신정동,목동신시가지10,53.82,14,1987,199000,2026,9,21,중개거래
양천구,신정동,신트리1,49.95,3,1999,95000,2026,9,9,중개거래
양천구,신월동,동도센트리움,69.17,4,2007,62800,2026,9,19,중개거래
양천구,신월동,신월동방원,84.96,6,2004,57500,2026,9,19,중개거래
양천구,목동,목동청구한신아파트,84.77,2,1997,195000,2026,9,19,중개거래
양천구,신정동,명지해드는터,84.98,6,2003,172500,2026,9,19,중개거래
양천구,신정동,신정6현대,59.4,15,2000,79500,2026,9,18,중개거래
양천구,신정동,동원로데오,64.66,6,2006,73900,2026,9,18,중개거래
양천구,신월동,방주기픈샘,80.395,6,2004,55000,2026,9,18,중개거래
양천구,신정동,목동신시가지11,75.68,4,1988,211000,2026,9,18,중개거래
양천구,신월동,목동센트럴아이파크위브1단지,84.97,12,2020,140000,2026,9,18,중개거래
양천구,신정동,목동우성2,84.96,4,2000,132000,2026,9,17,중개거래
양천구,신월동,청송그린힐,69.26,9,2003,42800,2026,9,16,중개거래
양천구,목동,동도(729-5),64.02,4,1996,59000,2026,9,15,중개거래
양천구,신월동,코아루2단지,84.95,7,2010,64000,2026,9,16,중개거래
양천구,신월동,해태,84.93,8,1999,55000,2026,9,16,중개거래
양천구,신정동,신트리3,84.8,12,2000,117000,2026,9,16,중개거래
양천구,신정동,목동신시가지11,51.48,8,1988,183000,2026,9,16,중개거래
양천구,신정동,신정현대5,114.24,3,1999,115000,2026,9,16,직거래
양천구,목동,우성,84.44,6,1992,172500,2026,9,15,중개거래
양천구,신월동,신월시영,50.67,9,1988,82000,2026,9,15,중개거래
양천구,신정동,푸른마을2,49.16,9,2001,60000,2026,9,11,중개거래
양천구,신정동,이펜하우스4단지,84.51,10,2011,88000,2026,9,10,중개거래
양천구,신정동,푸른마을3,59.99,3,2001,67700,2026,9,8,중개거래
양천구,신월동,삼정그린뷰,84.14,10,2005,74250,2026,9,14,중개거래
양천구,목동,우성,84.63,9,1992,172000,2026,9,9,중개거래
양천구,목동,목동청구한신아파트,84.77,6,1997,205000,2026,9,14,중개거래
양천구,신정동,신정6현대,84.6,21,2000,95000,2026,9,14,중개거래
양천구,신정동,아이파크,114.756,2,2002,241000,2026,9,1,중개거래
양천구,신월동,롯데캐슬,84.984,2,2014,124300,2026,9,12,중개거래
양천구,신월동,롯데캐슬,59.948,17,2014,114500,2026,9,12,중개거래
양천구,신월동,신정두산위브,107.57,1,2012,117000,2026,9,12,중개거래
양천구,신월동,해태,84.05,8,1999,56000,2026,9,12,중개거래
양천구,신정동,목동힐스테이트,59.95,13,2016,190000,2026,9,12,중개거래
양천구,신정동,목동우성2,84.96,13,2000,135000,2026,9,11,중개거래
양천구,신월동,롯데캐슬,84.984,18,2014,124300,2026,9,11,중개거래
양천구,신정동,은행,73.07,2,1995,50000,2026,9,11,중개거래
양천구,목동,목동신시가지1,98.08,3,1985,277000,2026,9,10,중개거래
양천구,신월동,신월시영,50.67,6,1988,82000,2026,9,9,중개거래
양천구,신월동,금강,59.4,1,1998,34000,2026,9,10,중개거래
양천구,신정동,쌍용,84.63,14,1992,146500,2026,9,10,중개거래
양천구,신정동,래미안목동아델리체(101동~118동),84.95,7,2021,190000,2026,9,10,중개거래
양천구,목동,목동길성그랑프리텔,77.9337,5,2003,83500,2026,9,10,중개거래
양천구,신월동,삼동,84.15,8,1997,38500,2026,9,9,중개거래
양천구,신정동,학마을1단지,49.99,9,2000,71500,2026,9,9,중개거래
양천구,신월동,상아아름,84.35,1,2005,51000,2026,9,8,중개거래
양천구,목동,목동청구한신아파트,84.76,14,1997,225000,2026,9,9,중개거래
양천구,신월동,양천벽산블루밍2단지,84.77,14,2006,75000,2026,9,8,중개거래
양천구,신월동,금하뜨라네,84.95,7,2016,48000,2026,9,8,중개거래
양천구,신월동,신안파크,56.78,1,1987,39000,2026,9,2,중개거래
양천구,신정동,래미안목동아델리체(101동~118동),84.94,22,2021,195000,2026,9,7,중개거래
양천구,신정동,목동힐스테이트,113.62,20,2016,243500,2026,9,6,중개거래
양천구,목동,목동신시가지7,66.6,8,1986,270000,2026,9,5,중개거래
양천구,신정동,푸른마을2,49.16,3,2001,62400,2026,9,4,중개거래
양천구,신정동,유원목동,84.96,2,1990,163000,2026,9,5,중개거래
양천구,목동,대원칸타빌3,84.98,4,2003,166000,2026,9,4,중개거래
양천구,신정동,학마을1단지,49.99,11,2000,65500,2026,9,1,중개거래
양천구,신정동,동원로데오,84.2,1,2006,85000,2026,9,3,중개거래
양천구,신월동,신월시영,43.2,3,1988,70000,2026,9,2,중개거래
강서구,방화동,청성,84.6275,11,2002,68000,2026,9,29,중개거래
강서구,가양동,한강타운,84.99,12,1993,141000,2026,9,21,중개거래
강서구,공항동,더트루엘마곡HQ,48.3293,4,2024,67400,2026,9,23,직거래
강서구,화곡동,트윈캐슬B동(56-11),79.38,6,2003,41000,2026,9,23,중개거래
강서구,내발산동,명덕,68.22,4,2003,40000,2026,9,17,중개거래
강서구,내발산동,우장산힐스테이트,59.98,7,2005,149000,2026,9,8,중개거래
강서구,방화동,삼정코아,80.87,13,2004,60000,2026,9,12,중개거래
강서구,방화동,장미,49.2,3,1994,65000,2026,9,30,중개거래
강서구,가양동,강변,39.6,9,1992,91000,2026,9,30,중개거래
강서구,공항동,청성스카이,97.49,5,2004,71000,2026,9,18,중개거래
강서구,화곡동,대림e편한세상,84.84,9,1992,67000,2026,9,30,중개거래
강서구,염창동,관음삼성,84.93,11,1997,110000,2026,9,18,직거래
강서구,방화동,한미(286-1),47.22,5,1988,47500,2026,9,21,중개거래
강서구,등촌동,부영,80.64,12,1994,112000,2026,9,20,중개거래
강서구,화곡동,남광아파트,43.85,12,2017,35000,2026,9,23,중개거래
강서구,가양동,가양2단지(성지),39.6,13,1992,85000,2026,9,29,중개거래
강서구,화곡동,화곡푸르지오,156.876,10,2002,135500,2026,9,19,중개거래
강서구,화곡동,한울에이치밸리움B동,22.81,9,2019,27000,2026,9,12,중개거래
강서구,화곡동,화곡푸르지오,156.876,11,2002,149000,2026,9,21,직거래
강서구,염창동,염창1차보람더하임,84.98,3,2008,139000,2026,9,23,중개거래
강서구,염창동,강변힐스테이트,84.99,14,2005,154000,2026,9,28,중개거래
강서구,방화동,보람,84.96,14,2004,85500,2026,9,17,중개거래
강서구,방화동,청성(877-0),67.876,5,2004,70500,2026,9,22,중개거래
강서구,방화동,마곡중앙하이츠아파트,39.58,3,1994,57000,2026,9,24,중개거래
강서구,마곡동,벽산,59.98,13,1999,92000,2026,9,23,중개거래
강서구,등촌동,주공5,37.67,13,1995,80000,2026,9,23,중개거래
강서구,방화동,마곡 한진해모로,84.93,2,2004,90000,2026,9,23,중개거래
강서구,염창동,태영,84.93,7,1999,127000,2026,9,23,중개거래
강서구,염창동,e편한세상염창,84.9529,4,2019,178000,2026,9,23,중개거래
강서구,염창동,염창3우성,84.96,12,1993,109000,2026,9,23,중개거래
강서구,화곡동,한양아이클래스,13.79,5,2013,4732,2026,9,15,직거래
강서구,방화동,방화5,33.18,10,1994,57800,2026,9,18,중개거래
강서구,등촌동,주공3,58.14,5,1995,119000,2026,9,22,중개거래
강서구,방화동,신마곡벽산블루밍,84.9184,13,2020,104500,2026,9,22,중개거래
강서구,내발산동,홍익,106.44,1,1995,53000,2026,9,18,중개거래
강서구,등촌동,등촌센트럴르씨엘,44.55,5,2026,62000,2026,9,15,중개거래
강서구,가양동,대림경동아파트,131.4,11,1993,149000,2026,9,22,중개거래
강서구,화곡동,근상프리즘,79.55,15,2007,51000,2026,9,4,중개거래
강서구,화곡동,화곡동복지,53.94,1,1974,32000,2026,9,18,중개거래
강서구,화곡동,세교예지안6차,25.7,6,2016,16300,2026,9,22,중개거래
강서구,등촌동,"등촌7,8단지주공아파트",41.85,13,1994,81500,2026,9,17,중개거래
강서구,마곡동,마곡엠밸리6단지,84.88,13,2014,173000,2026,9,21,중개거래
강서구,방화동,방화그린,39.76,6,1993,60000,2026,9,21,중개거래
강서구,방화동,한미(286-1),47.22,5,1988,40500,2026,9,12,중개거래
강서구,마곡동,마곡힐스테이트,84.98,15,2017,174000,2026,9,21,중개거래
강서구,등촌동,한사랑2삼성,84.96,15,1999,115500,2026,9,21,중개거래
강서구,방화동,방화그린,39.76,15,1993,56400,2026,9,21,중개거래
강서구,방화동,방화5,33.18,7,1994,56600,2026,9,21,중개거래
강서구,가양동,가양6단지,49.5,6,1992,114000,2026,9,21,중개거래
강서구,염창동,현대2,59.36,10,1993,86500,2026,9,21,중개거래
강서구,등촌동,주공3,58.14,4,1995,115500,2026,9,10,중개거래
강서구,염창동,현대1,84.96,6,1994,125500,2026,9,19,중개거래
강서구,화곡동,중앙화곡하이츠,74.16,11,1988,59900,2026,9,19,중개거래
강서구,가양동,가양2단지(성지),49.56,8,1992,104500,2026,9,19,중개거래
강서구,염창동,강서쌍용예가,84.9025,2,2014,116500,2026,9,19,중개거래
강서구,화곡동,"우장산아이파크,이편한세상",59.98,17,2008,143500,2026,9,19,중개거래
강서구,화곡동,유림노르웨이숲(919-1),64.05,6,2004,58000,2026,9,19,중개거래
강서구,등촌동,주공10,58.14,6,1995,114000,2026,9,19,중개거래
강서구,등촌동,주공3,37.67,11,1995,82500,2026,9,18,중개거래
강서구,등촌동,"등촌1,2단지주공아파트",41.85,7,1994,77500,2026,9,19,중개거래
강서구,내발산동,롯데2,84.708,6,2003,105200,2026,9,19,중개거래
강서구,등촌동,등촌파밀리에더클래식101동,48.39,4,2020,70000,2026,9,19,중개거래
강서구,가양동,가양6단지,49.5,7,1992,118000,2026,9,18,중개거래
강서구,방화동,마곡중앙하이츠아파트,39.58,11,1994,62000,2026,9,19,중개거래
강서구,가양동,강변,49.5,8,1992,107000,2026,9,19,중개거래
강서구,방화동,방화5,49.77,8,1994,77000,2026,9,18,중개거래
강서구,가양동,가양강나루현대,59.76,14,1999,123000,2026,9,18,중개거래
강서구,등촌동,"등촌7,8단지주공아파트",41.85,15,1994,80500,2026,9,18,중개거래
강서구,등촌동,주공5,58.14,5,1995,116000,2026,9,18,중개거래
강서구,공항동,더트루엘마곡HQ,48.3293,5,2024,59900,2026,9,17,직거래
강서구,염창동,금호타운,84.84,4,1999,114500,2026,9,18,중개거래
강서구,공항동,더트루엘마곡HQ,48.3293,4,2024,68900,2026,9,17,직거래
강서구,방화동,한미(286-1),40.02,1,1988,39500,2026,9,16,중개거래
강서구,가양동,가양도시개발9-2단지,39.6,13,1993,86000,2026,9,18,중개거래
강서구,내발산동,명덕,68.22,4,2003,40000,2026,9,17,중개거래
강서구,염창동,염창2차보람,59.87,9,2005,96800,2026,9,17,중개거래
강서구,방화동,방화그린,39.76,12,1993,60000,2026,9,17,중개거래
강서구,공항동,더트루엘마곡HQ,48.3293,4,2024,68900,2026,9,12,직거래
강서구,가양동,한강타운,84.99,11,1993,145000,2026,9,17,중개거래
강서구,방화동,한오,47.42,2,1988,30000,2026,9,10,중개거래
강서구,등촌동,태진아름,84.81,4,1995,80500,2026,9,9,중개거래
강서구,내발산동,우장산힐스테이트,84.98,7,2005,172000,2026,9,16,중개거래
강서구,화곡동,중앙화곡하이츠,74.16,9,1988,57000,2026,9,16,중개거래
강서구,화곡동,우장산숲아이파크,59.9983,7,2022,135000,2026,9,16,중개거래
강서구,염창동,염창1차한화꿈에그린,84.93,5,2005,163000,2026,9,7,중개거래
강서구,내발산동,마곡수명산파크7단지,84.68,5,2008,109800,2026,9,16,중개거래
강서구,마곡동,마곡힐스테이트,84.92,4,2017,166000,2026,9,16,중개거래
강서구,등촌동,"등촌1,2단지주공아파트",41.16,13,1994,80000,2026,9,16,중개거래
강서구,내발산동,우장산힐스테이트,84.98,13,2005,166000,2026,9,15,중개거래
강서구,염창동,e편한세상염창,84.9529,20,2019,189000,2026,9,15,중개거래
강서구,화곡동,화곡푸르지오,156.876,11,2002,142000,2026,9,4,중개거래
강서구,등촌동,코오롱오투빌2,59.95,2,2002,80000,2026,9,15,중개거래
강서구,공항동,더트루엘마곡HQ,48.3293,5,2024,59900,2026,9,4,직거래
강서구,등촌동,등촌퀸즈포디엄삼익,33.64,14,2020,27000,2026,9,15,중개거래
강서구,공항동,더트루엘마곡HQ,48.3293,3,2024,59900,2026,9,12,직거래
강서구,공항동,더트루엘마곡HQ,48.3293,5,2024,68900,2026,9,10,직거래
강서구,화곡동,중앙화곡하이츠,56.88,4,1988,45000,2026,9,15,중개거래
강서구,공항동,더트루엘마곡HQ,48.3293,3,2024,59900,2026,9,10,직거래
강서구,공항동,더트루엘마곡HQ,48.3293,7,2024,64200,2026,9,5,직거래
강서구,공항동,공항동부센트레빌,84.99,4,2009,92000,2026,9,7,중개거래
강서구,공항동,더트루엘마곡HQ,48.3293,6,2024,63000,2026,9,11,직거래
강서구,방화동,개화,101.86,10,1994,96500,2026,9,5,중개거래
강서구,방화동,치현마을동일스위트리버,84.9829,1,2004,79500,2026,9,10,중개거래
강서구,등촌동,"등촌1,2단지주공아파트",41.85,12,1994,80000,2026,9,13,중개거래
강서구,등촌동,주공10,58.14,12,1995,114000,2026,9,12,중개거래
강서구,방화동,마곡중앙하이츠아파트,59.34,6,1994,76800,2026,9,12,중개거래
강서구,방화동,청솔,39.36,4,1994,55000,2026,9,12,중개거래
강서구,화곡동,중앙화곡하이츠,56.88,12,1988,47500,2026,9,12,중개거래
강서구,마곡동,마곡엠벨리(15단지),59.79,4,2014,150000,2026,9,12,중개거래
강서구,마곡동,마곡13단지힐스테이트마스터,84.9805,15,2017,176800,2026,9,12,중개거래
강서구,방화동,방화5,33.18,11,1994,55000,2026,9,12,중개거래
강서구,화곡동,화곡1차보람더하임,80.26,4,2003,63500,2026,9,12,중개거래
강서구,등촌동,등촌동아이파크,134.8836,16,2004,146500,2026,9,11,중개거래
강서구,방화동,방화동동부센트레빌(875번지),84.97,2,2003,92000,2026,9,11,중개거래
강서구,등촌동,"등촌1,2단지주공아파트",41.85,9,1994,80000,2026,9,11,중개거래
강서구,염창동,이너스내안에,59.9,8,2004,89500,2026,9,11,중개거래
강서구,염창동,염창3우성,84.96,3,1993,74500,2026,9,11,중개거래
강서구,등촌동,한사랑2삼성,59.37,6,1999,104500,2026,9,11,중개거래
강서구,내발산동,천우명덕,84.94,5,2004,75000,2026,9,11,중개거래
강서구,화곡동,초록,49.77,5,1998,87000,2026,9,11,중개거래
강서구,마곡동,마곡13단지힐스테이트마스터,59.9825,9,2017,161000,2026,9,10,중개거래
강서구,염창동,강변월드메르디앙,84.9102,2,2010,123000,2026,9,11,중개거래
강서구,공항동,(50-5),23.04,3,2026,35100,2026,9,9,직거래
강서구,공항동,(50-5),23.04,3,2026,35100,2026,9,9,직거래
강서구,공항동,(50-5),21.19,3,2026,32250,2026,9,9,직거래
강서구,공항동,(50-5),21.19,3,2026,32250,2026,9,9,직거래
강서구,공항동,(50-5),21.19,3,2026,32250,2026,9,9,직거래
강서구,공항동,(50-5),22.05,4,2026,34000,2026,9,9,직거래
강서구,공항동,(50-5),21.19,4,2026,32400,2026,9,9,직거래
강서구,공항동,(50-5),22.13,4,2026,33600,2026,9,9,직거래
강서구,공항동,(50-5),22.13,4,2026,33600,2026,9,9,직거래
강서구,공항동,(50-5),22.05,5,2026,34300,2026,9,9,직거래
강서구,공항동,(50-5),21.19,5,2026,32700,2026,9,9,직거래
강서구,공항동,(50-5),22.13,5,2026,33900,2026,9,9,직거래
강서구,공항동,(50-5),29.45,6,2026,45000,2026,9,9,직거래
강서구,공항동,(50-5),23.04,6,2026,35800,2026,9,9,직거래
강서구,공항동,(50-5),21.19,6,2026,32850,2026,9,9,직거래
강서구,공항동,(50-5),22.13,6,2026,34100,2026,9,9,직거래
강서구,공항동,(50-5),23.04,7,2026,35950,2026,9,9,직거래
강서구,공항동,(50-5),22.05,7,2026,34650,2026,9,9,직거래
강서구,공항동,(50-5),22.05,7,2026,34650,2026,9,9,직거래
강서구,공항동,(50-5),21.26,7,2026,33250,2026,9,9,직거래
강서구,공항동,(50-5),29.45,8,2026,45000,2026,9,9,직거래
강서구,공항동,(50-5),23.04,8,2026,36300,2026,9,9,직거래
강서구,공항동,(50-5),23.04,8,2026,36300,2026,9,9,직거래
강서구,공항동,(50-5),22.05,8,2026,35000,2026,9,9,직거래
강서구,공항동,(50-5),21.19,8,2026,33350,2026,9,9,직거래
강서구,공항동,(50-5),21.26,8,2026,33550,2026,9,9,직거래
강서구,공항동,(50-5),22.05,9,2026,35000,2026,9,9,직거래
강서구,공항동,(50-5),22.05,9,2026,35000,2026,9,9,직거래
강서구,공항동,(50-5),21.26,9,2026,33550,2026,9,9,직거래
강서구,공항동,(50-5),23.04,10,2026,36300,2026,9,9,직거래
강서구,공항동,(50-5),23.04,11,2026,36500,2026,9,9,직거래
강서구,공항동,(50-5),23.04,11,2026,36500,2026,9,9,직거래
강서구,공항동,(50-5),22.05,11,2026,35150,2026,9,9,직거래
강서구,공항동,(50-5),22.05,11,2026,35150,2026,9,9,직거래
강서구,공항동,(50-5),21.19,11,2026,33500,2026,9,9,직거래
강서구,공항동,(50-5),21.19,11,2026,33500,2026,9,9,직거래
강서구,공항동,(50-5),21.26,11,2026,33750,2026,9,9,직거래
강서구,공항동,(50-5),29.45,12,2026,45000,2026,9,9,직거래
강서구,공항동,(50-5),21.19,12,2026,33500,2026,9,9,직거래
강서구,공항동,(50-5),29.45,13,2026,45000,2026,9,9,직거래
강서구,공항동,(50-5),23.04,13,2026,36500,2026,9,9,직거래
강서구,공항동,(50-5),22.05,13,2026,35150,2026,9,9,직거래
강서구,공항동,(50-5),22.05,13,2026,35150,2026,9,9,직거래
강서구,공항동,(50-5),21.19,13,2026,33500,2026,9,9,직거래
강서구,공항동,(50-5),21.26,13,2026,33750,2026,9,9,직거래
강서구,공항동,(50-5),29.45,14,2026,45000,2026,9,9,직거래
강서구,공항동,(50-5),21.26,14,2026,33900,2026,9,9,직거래
강서구,마곡동,마곡13단지힐스테이트마스터,59.9825,9,2017,166000,2026,9,11,중개거래
강서구,내발산동,마곡수명산파크7단지,84.82,11,2008,114700,2026,9,11,중개거래
강서구,염창동,우성2,65.88,6,1992,117500,2026,9,10,중개거래
강서구,방화동,방화그린,39.76,15,1993,60000,2026,9,11,중개거래
강서구,등촌동,등촌동아이파크,84.7556,8,2004,125000,2026,9,11,중개거래
강서구,마곡동,마곡힐스테이트,84.89,5,2017,174000,2026,9,10,중개거래
강서구,내발산동,마곡에이치밸리움,51.464,8,2023,72000,2026,9,10,중개거래
강서구,내발산동,롯데2,84.708,10,2003,104000,2026,9,10,중개거래
강서구,방화동,방화5,39.6,8,1994,63000,2026,9,10,중개거래
강서구,가양동,가양6단지,39.6,8,1992,82200,2026,9,9,중개거래
강서구,염창동,우성2,84.7,9,1992,132500,2026,9,9,중개거래
강서구,화곡동,우장산롯데캐슬,85,13,2003,135000,2026,9,8,중개거래
강서구,내발산동,마곡수명산파크5단지,59.76,6,2008,123000,2026,9,8,중개거래
강서구,화곡동,경동엠파이어스테이트,14.315,7,2012,8500,2026,9,8,중개거래
강서구,방화동,마곡센트레빌,59.607,8,2021,100000,2026,9,8,중개거래
강서구,방화동,한숲마을대림,84.83,13,1999,50000,2026,9,4,직거래
강서구,화곡동,중앙화곡하이츠,56.88,10,1988,50000,2026,9,7,중개거래
강서구,마곡동,마곡엠밸리11단지,59.99,13,2016,148000,2026,9,7,중개거래
강서구,염창동,염창1차한화꿈에그린,67.43,5,2005,150500,2026,9,7,중개거래
강서구,내발산동,우장산힐스테이트,84.98,8,2005,164000,2026,9,7,중개거래
강서구,내발산동,타워힐101동,84.9095,2,2002,65000,2026,9,4,중개거래
강서구,화곡동,중앙화곡하이츠,74.16,9,1988,56200,2026,9,7,중개거래
강서구,방화동,방화5,33.18,7,1994,53000,2026,9,6,중개거래
강서구,등촌동,주공5,58.14,13,1995,106200,2026,9,5,중개거래
강서구,방화동,삼도,84.67,6,2000,50700,2026,9,5,중개거래
강서구,공항동,더트루엘마곡HQ,48.3293,5,2024,59900,2026,9,1,직거래
강서구,방화동,장미,39.96,10,1994,55000,2026,9,5,중개거래
강서구,마곡동,마곡나루경남아파트,84.29,9,1991,105000,2026,9,5,중개거래
강서구,마곡동,마곡엠밸리5단지,114.86,4,2014,177000,2026,9,4,중개거래
강서구,공항동,더트루엘마곡HQ,48.3293,5,2024,67400,2026,9,1,직거래
강서구,등촌동,등촌동보람쉬움아파트,84.51,5,2003,89000,2026,9,4,중개거래
강서구,화곡동,웰라이빌,79.87,15,2000,47000,2026,9,4,중개거래
강서구,가양동,가양2단지(성지),39.6,9,1992,89900,2026,9,3,중개거래
강서구,염창동,벽산늘푸른,84.94,11,1998,102000,2026,9,3,중개거래
강서구,마곡동,마곡엠벨리(14단지),84.5,5,2014,177000,2026,9,3,중개거래
강서구,화곡동,유림노르웨이숲(919-1),64.05,7,2004,55000,2026,9,3,중개거래
강서구,화곡동,중앙화곡하이츠,74.16,4,1988,57000,2026,9,3,중개거래
강서구,화곡동,강서힐스테이트,128.81,13,2015,165000,2026,9,2,중개거래
강서구,공항동,더트루엘마곡HQ,48.3293,5,2024,59900,2026,9,1,직거래
강서구,마곡동,마곡일성트루엘아파트,72.034,9,2013,105000,2026,9,2,중개거래
강서구,방화동,방화그린,33.6,14,1993,45500,2026,9,2,중개거래
강서구,화곡동,"우장산아이파크,이편한세상",84.97,19,2008,156000,2026,9,2,중개거래
강서구,화곡동,강서그랜드아이파크주상복합,130.17,11,2010,114800,2026,9,2,중개거래
강서구,방화동,방화그린,39.76,3,1993,51800,2026,9,1,중개거래
강서구,등촌동,"등촌7,8단지주공아파트",41.85,12,1994,83300,2026,9,1,중개거래
강서구,염창동,삼정그린코아,59.739,1,2001,110000,2026,9,1,중개거래
강서구,화곡동,화곡푸르지오,156.876,2,2002,140000,2026,9,1,중개거래
구로구,구로동,신도림태영타운,84.87,15,2000,149500,2026,9,30,중개거래
구로구,개봉동,개봉푸르지오,84.94,2,2014,105600,2026,9,11,중개거래
구로구,구로동,신구로자이,101.96,28,2007,99500,2026,9,22,중개거래
구로구,신도림동,대림e-편한세상7,84.928,15,2004,162000,2026,9,22,중개거래
구로구,개봉동,거성푸르뫼,84.96,11,1993,52000,2026,9,22,중개거래
구로구,고척동,고척파크푸르지오,59.89,10,2009,108000,2026,9,19,중개거래
구로구,항동,유한오크팰리스,84.921,7,2011,52500,2026,9,4,중개거래
구로구,구로동,쌍용플래티넘노블,105,26,2006,82000,2026,9,19,중개거래
구로구,신도림동,미성,83.67,4,1987,110000,2026,9,24,중개거래
구로구,신도림동,현대홈타운아파트,64.23,8,1999,121000,2026,9,30,중개거래
구로구,구로동,구로두산위브,36.88,16,2006,64000,2026,9,30,중개거래
구로구,구로동,한신휴플러스(1280-0),58.03,3,2007,87700,2026,9,30,중개거래
구로구,신도림동,신도림 아르디에,21.74,6,2018,18500,2026,9,30,중개거래
구로구,구로동,해담채3,13.39,15,2014,10000,2026,9,30,직거래
구로구,신도림동,대림3,84.51,5,2001,135000,2026,9,12,중개거래
구로구,구로동,현대로얄,79.79,4,1987,51500,2026,9,30,중개거래
구로구,구로동,(770-39),32.26,1,1997,8000,2026,9,29,중개거래
구로구,구로동,주공2,32.39,6,1987,60000,2026,9,29,중개거래
구로구,구로동,하나세인스톤2차,19.33,15,2011,12900,2026,9,28,중개거래
구로구,오류동,라인,59.52,20,1995,44700,2026,9,28,중개거래
구로구,구로동,구로두산,44.64,5,1998,74000,2026,9,22,중개거래
구로구,구로동,승윤노블리안,58.109,13,2020,60000,2026,9,12,중개거래
구로구,오류동,오류동푸르지오,84.936,17,2004,89000,2026,9,22,중개거래
구로구,고척동,삼명,43.74,2,1977,22000,2026,9,22,직거래
구로구,구로동,대림우성2,43.79,8,1987,37500,2026,9,3,중개거래
구로구,오류동,동부골든,59.94,1,1998,48800,2026,9,28,중개거래
구로구,구로동,구로에스케이뷰,84.999,7,2006,76500,2026,9,6,중개거래
구로구,신도림동,대림1,59.88,11,1999,97000,2026,9,23,직거래
구로구,신도림동,디큐브시티,84.96,14,2011,144000,2026,9,13,중개거래
구로구,구로동,중앙하이츠(1269),82.3019,2,2001,92900,2026,9,26,중개거래
구로구,구로동,구로두산,63.33,12,1998,86000,2026,9,24,중개거래
구로구,구로동,구로두산위브,36.88,7,2006,63800,2026,9,23,중개거래
구로구,오류동,라인,84.36,2,1995,54000,2026,9,23,중개거래
구로구,구로동,신구로자이,101.96,23,2007,95000,2026,9,23,중개거래
구로구,개봉동,한진,59.95,8,2000,73700,2026,9,23,중개거래
구로구,개봉동,현대,84.99,16,2001,115000,2026,9,11,중개거래
구로구,개봉동,두산,59.69,26,1997,80000,2026,9,23,중개거래
구로구,구로동,극동,91.09,11,1984,58000,2026,9,15,직거래
구로구,오류동,금강,84.96,16,1996,55000,2026,9,23,중개거래
구로구,항동,우남퍼스트빌더센트럴,84.9149,2,2020,76700,2026,9,22,중개거래
구로구,항동,한양수자인에듀힐즈,84.9591,2,2019,88000,2026,9,22,중개거래
구로구,항동,하버라인3단지,59.86,7,2019,76350,2026,9,22,중개거래
구로구,구로동,신안타워,59.43,8,1998,51600,2026,9,21,중개거래
구로구,항동,현대홈타운스위트,84.9852,5,2004,73000,2026,9,22,중개거래
구로구,구로동,아스타빌,67.97,3,2004,42000,2026,9,21,중개거래
구로구,신도림동,대림1,59.88,4,1999,135000,2026,9,21,중개거래
구로구,고척동,고척파크푸르지오,59.89,8,2009,116500,2026,9,19,중개거래
구로구,개봉동,한진,59.95,18,2000,68700,2026,9,21,중개거래
구로구,구로동,삼성래미안,78.665,3,2004,109000,2026,9,21,중개거래
구로구,오류동,라인,84.36,17,1995,56500,2026,9,18,중개거래
구로구,신도림동,신성은하수,84.42,12,1997,109000,2026,9,19,중개거래
구로구,구로동,대림역와이즈플레이스,24.611,18,2012,14950,2026,9,20,중개거래
구로구,고척동,한일유앤아이,84.726,23,2005,74800,2026,9,20,중개거래
구로구,구로동,해담채3,13.39,13,2014,9200,2026,9,16,중개거래
구로구,개봉동,한마을,84.57,1,1999,90000,2026,9,19,중개거래
구로구,구로동,한신휴플러스(1280-0),50.03,4,2007,80000,2026,9,19,중개거래
구로구,천왕동,천왕이펜하우스1단지,59.94,5,2011,80000,2026,9,19,중개거래
구로구,개봉동,한마을,59.57,20,1999,92500,2026,9,19,중개거래
구로구,개봉동,한진,84.96,15,2000,83500,2026,9,19,중개거래
구로구,신도림동,동아1,84.908,16,1999,161500,2026,9,19,중개거래
구로구,개봉동,현대,59.94,12,2001,95000,2026,9,19,중개거래
구로구,고척동,청솔우성,84.66,14,2000,72000,2026,9,19,중개거래
구로구,고척동,동아한신,84.92,1,2000,79700,2026,9,18,중개거래
구로구,고척동,동아한신,59.84,5,2000,67700,2026,9,18,중개거래
구로구,고척동,삼명,43.74,4,1977,28000,2026,9,5,중개거래
구로구,고척동,경남2,59.96,15,1999,59000,2026,9,15,중개거래
구로구,온수동,다청림시티,40.51,2,2015,26000,2026,9,19,중개거래
구로구,구로동,주공2,41.3,10,1987,77000,2026,9,18,중개거래
구로구,구로동,구로두산,44.64,19,1998,72000,2026,9,18,중개거래
구로구,오류동,금강(343),84.983,2,2003,82300,2026,9,12,중개거래
구로구,개봉동,삼호,84.88,19,1996,60000,2026,9,16,중개거래
구로구,항동,항동제일풍경채포레스트,101.6125,14,2020,77500,2026,9,10,중개거래
구로구,고척동,삼명,43.74,3,1977,27800,2026,9,10,중개거래
구로구,신도림동,미성,83.67,9,1987,119000,2026,9,17,중개거래
구로구,구로동,대림역대성스카이렉스,73.2,22,2006,68000,2026,9,9,중개거래
구로구,신도림동,동아3,60,25,2000,149000,2026,9,17,중개거래
구로구,구로동,(744-18),37.9,5,1996,12700,2026,9,17,중개거래
구로구,신도림동,현대홈타운아파트,59.73,10,1999,119000,2026,9,17,중개거래
구로구,오류동,동선,58.2159,8,2004,44000,2026,9,15,직거래
구로구,궁동,대명하이빌(103동),74.4,1,2011,47500,2026,9,10,중개거래
구로구,개봉동,현대,84.99,19,2001,119500,2026,9,16,중개거래
구로구,구로동,구로두산,44.64,14,1998,71000,2026,9,16,중개거래
구로구,항동,하버라인3단지,59.86,12,2019,77500,2026,9,16,중개거래
구로구,고척동,센츄리,84.56,13,1994,73000,2026,9,16,중개거래
구로구,오류동,동부(101동~103동),114.98,4,1998,65800,2026,9,9,중개거래
구로구,구로동,하나세인스톤2차,19.33,11,2011,13800,2026,9,12,중개거래
구로구,개봉동,개봉동현대아이파크,59.99,9,2006,103500,2026,9,16,중개거래
구로구,개봉동,현대홈타운,59.49,10,2001,93500,2026,9,15,중개거래
구로구,구로동,승윤노블리안,58.109,2,2020,59400,2026,9,15,중개거래
구로구,궁동,우남푸르미아,84.974,7,2007,60000,2026,9,15,중개거래
구로구,구로동,극동,91.05,9,1984,62500,2026,9,15,중개거래
구로구,고척동,서울가든,64.39,4,1989,66500,2026,9,7,중개거래
구로구,구로동,성호메이플라워멤버스빌,41.4,11,2002,22000,2026,9,15,중개거래
구로구,개봉동,현대,59.94,17,2001,97000,2026,9,14,중개거래
구로구,오류동,금강(343),60.054,1,2003,69000,2026,9,14,중개거래
구로구,구로동,구로지웰,59.651,7,2011,63500,2026,9,10,중개거래
구로구,구로동,주공2,41.3,12,1987,72900,2026,9,14,중개거래
구로구,신도림동,대림1,134.99,11,1999,168000,2026,9,14,중개거래
구로구,구로동,신성미소지움,84.23,14,2003,71700,2026,9,12,중개거래
구로구,구로동,신도림태영타운,59.88,20,2000,125000,2026,9,10,직거래
구로구,구로동,주공1,83.805,2,1986,119800,2026,9,12,중개거래
구로구,온수동,온수힐스테이트,59.98,5,2010,80500,2026,9,13,중개거래
구로구,오류동,금강,84.96,10,1996,40000,2026,9,10,직거래
구로구,오류동,금강(343),60.054,2,2003,72000,2026,9,12,중개거래
구로구,구로동,구로두산위브,57.1,4,2006,74000,2026,9,12,중개거래
구로구,오류동,동부골든,59.94,8,1998,55000,2026,9,11,중개거래
구로구,구로동,럭키,56.11,7,1992,69500,2026,9,12,중개거래
구로구,구로동,주공2,41.3,9,1987,73800,2026,9,12,중개거래
구로구,개봉동,한마을,59.57,9,1999,102000,2026,9,12,중개거래
구로구,신도림동,대림1,59.88,24,1999,137800,2026,9,12,중개거래
구로구,구로동,구로두산,51.84,25,1998,76500,2026,9,12,중개거래
구로구,구로동,중앙하이츠,59.99,4,1987,64500,2026,9,12,중개거래
구로구,개봉동,한진,59.95,20,2000,72000,2026,9,12,중개거래
구로구,항동,우남퍼스트빌더센트럴,84.9149,2,2020,79800,2026,9,11,중개거래
구로구,구로동,현대로얄,68.63,7,1987,49000,2026,9,11,중개거래
구로구,개봉동,한진,59.95,7,2000,72200,2026,9,11,중개거래
구로구,개봉동,거성푸르뫼2,59.9,4,1994,42500,2026,9,11,중개거래
구로구,구로동,순영웰라이빌1차,59.5,10,2003,51000,2026,9,4,중개거래
구로구,항동,하버라인3단지,59.86,13,2019,77000,2026,9,11,중개거래
구로구,구로동,구로두산위브,36.88,9,2006,62800,2026,9,11,중개거래
구로구,구로동,희훈타워빌,122.84,29,1998,67000,2026,9,11,중개거래
구로구,오류동,금강,59.28,17,1996,39700,2026,9,1,중개거래
구로구,구로동,극동,55.57,9,1984,44000,2026,9,10,중개거래
구로구,구로동,현대,84.57,2,1988,70000,2026,9,8,중개거래
구로구,구로동,신도림태영타운,84.87,3,2000,83200,2026,9,4,직거래
구로구,구로동,주공2,41.3,4,1987,75000,2026,9,9,중개거래
구로구,오류동,오류동휘버스,83.97,3,2006,45500,2026,9,9,중개거래
구로구,개봉동,건영,84.41,5,1994,46000,2026,9,9,중개거래
구로구,오류동,썬앤빌,14.064,11,2014,7600,2026,9,6,중개거래
구로구,구로동,다솜금호,59.95,5,1995,60000,2026,9,8,중개거래
구로구,구로동,한일유앤아이,84.962,19,2006,82000,2026,9,8,중개거래
구로구,구로동,현대의보아파트,84.25,6,1994,54800,2026,9,10,중개거래
구로구,개봉동,개봉푸르지오,71.49,17,2014,99000,2026,9,7,중개거래
구로구,구로동,대성,41.01,2,1995,18000,2026,9,4,중개거래
구로구,신도림동,동아1,84.908,18,1999,120000,2026,9,8,중개거래
구로구,구로동,구로현대,63.98,3,1992,73500,2026,9,8,중개거래
구로구,구로동,도림두산베어스타워,82.73,23,1997,59000,2026,9,5,중개거래
구로구,구로동,현대로얄,52.46,5,1987,39500,2026,9,7,중개거래
구로구,천왕동,천왕이펜하우스6단지,84.97,5,2011,78000,2026,9,5,중개거래
구로구,구로동,구로두산위브,50.14,11,2006,79500,2026,9,7,중개거래
구로구,신도림동,디큐브시티,105.45,15,2011,152500,2026,9,7,중개거래
구로구,신도림동,우성2,84.82,6,1996,126000,2026,9,7,중개거래
구로구,구로동,새솔금호,84.89,8,1996,64400,2026,9,7,중개거래
구로구,구로동,구로두산,44.64,13,1998,71500,2026,9,7,중개거래
구로구,고척동,서울가든,64.39,4,1989,66500,2026,9,7,중개거래
구로구,천왕동,천왕연지타운1단지,84.98,6,2013,96000,2026,9,6,중개거래
구로구,오류동,동부골든,105.21,7,1998,60000,2026,9,5,중개거래
구로구,신도림동,동아1,59.978,25,1999,142000,2026,9,4,중개거래
구로구,항동,한양수자인에듀힐즈,84.9544,9,2019,94000,2026,9,5,중개거래
구로구,오류동,경남아너스빌,84.98,12,2003,81000,2026,9,4,중개거래
구로구,구로동,주공2,32.39,3,1987,59000,2026,9,4,중개거래
구로구,항동,하버라인4단지,59.94,8,2019,74500,2026,9,4,중개거래
구로구,구로동,희훈타워빌,127.05,15,1998,67700,2026,9,3,중개거래
구로구,오류동,목화수목원아파트101동,81.77,2,2002,33500,2026,9,5,중개거래
구로구,고척동,신원프라자,65.37,13,1997,42000,2026,9,2,중개거래
구로구,오류동,경남아너스빌,59.98,13,2003,72800,2026,9,4,중개거래
구로구,온수동,리치안풍산,84.99,2,2009,47000,2026,9,4,중개거래
구로구,고척동,마젤란,84.923,7,2008,78500,2026,9,3,중개거래
구로구,개봉동,거성푸르뫼2,59.9,4,1994,42300,2026,9,3,중개거래
구로구,구로동,(798-21),40.68,3,1984,21000,2026,9,1,중개거래
구로구,구로동,로제리움2차,14.91,16,2014,9500,2026,9,1,중개거래
구로구,항동,한양수자인에듀힐즈,84.9544,10,2019,86500,2026,9,2,중개거래
구로구,신도림동,우성3,84.75,6,1993,83500,2026,9,1,직거래
구로구,고척동,대우,59.96,20,1999,73500,2026,9,2,중개거래
구로구,개봉동,한진,84.96,1,2000,79500,2026,9,2,중개거래
구로구,오류동,동부골든,71.06,16,1998,58000,2026,9,2,중개거래
구로구,구로동,중앙하이츠,79.97,8,1987,76000,2026,9,1,중개거래
구로구,개봉동,현대,84.99,9,2001,104000,2026,9,1,중개거래
구로구,개봉동,두산,111.69,19,1997,87000,2026,9,1,중개거래
금천구,시흥동,남서울힐스테이트,84.677,24,2014,96500,2026,9,15,중개거래
금천구,독산동,청광플러스원,84.995,15,2003,69000,2026,9,29,중개거래
금천구,독산동,독산주공14단지,38.64,11,1990,45000,2026,9,29,중개거래
금천구,독산동,신도브래뉴,55.55,6,2002,60000,2026,9,29,중개거래
금천구,독산동,한신아파트,129.66,15,1991,89500,2026,9,22,중개거래
금천구,독산동,진도3차아파트,59.34,5,1999,54000,2026,9,16,중개거래
금천구,시흥동,현대(209),82.53,16,1996,47000,2026,9,19,중개거래
금천구,독산동,독산주공14단지,44.89,11,1990,55000,2026,9,23,중개거래
금천구,시흥동,남서울힐스테이트,84.677,3,2014,96000,2026,9,23,중개거래
금천구,독산동,금천현대,84.83,2,2002,69600,2026,9,23,중개거래
금천구,독산동,독산주공14단지,38.64,12,1990,44300,2026,9,15,중개거래
금천구,시흥동,삼익,59.9,6,1999,49500,2026,9,22,중개거래
금천구,시흥동,시흥(817-29),39.83,1,1975,25300,2026,9,23,중개거래
금천구,시흥동,탑스빌,79.84,6,2002,50000,2026,9,21,중개거래
금천구,독산동,금천현대,59.82,22,2002,68000,2026,9,19,중개거래
금천구,가산동,덕산,59.97,2,1995,46600,2026,9,19,중개거래
금천구,시흥동,벽산,114.84,2,2000,53800,2026,9,19,중개거래
금천구,시흥동,남서울힐스테이트,84.786,3,2014,97900,2026,9,19,중개거래
금천구,독산동,신도브래뉴,55.55,2,2002,54300,2026,9,1,중개거래
금천구,가산동,가산지웰에스테이트2차,14.12,5,2018,9900,2026,9,11,중개거래
금천구,독산동,신도브래뉴,116.29,9,2002,82700,2026,9,1,중개거래
금천구,시흥동,남서울힐스테이트,115.801,23,2014,115000,2026,9,15,중개거래
금천구,독산동,금천현대,84.83,15,2002,79000,2026,9,18,중개거래
금천구,독산동,독산주공14단지,76.51,11,1990,77000,2026,9,12,중개거래
금천구,가산동,삼익,59.94,7,1998,50000,2026,9,17,중개거래
금천구,시흥동,럭키남서울아파트,49.75,5,1981,51000,2026,9,17,중개거래
금천구,독산동,금천현대,59.82,3,2002,62000,2026,9,17,중개거래
금천구,독산동,독산동한양수자인,68.307,2,2011,74300,2026,9,17,중개거래
금천구,시흥동,남서울건영아파트,77.02,10,1982,56500,2026,9,17,중개거래
금천구,시흥동,벽산,114.84,14,2000,58000,2026,9,16,중개거래
금천구,시흥동,현대(209),82.53,14,1996,47800,2026,9,16,중개거래
금천구,독산동,독산현대,83.73,20,1999,71000,2026,9,12,중개거래
금천구,시흥동,남서울건영아파트,53.39,8,1982,47500,2026,9,15,중개거래
금천구,시흥동,관악산벽산타운5,84.97,19,2004,58500,2026,9,15,중개거래
금천구,시흥동,관악산신도브래뉴,84.8,7,2006,65500,2026,9,10,중개거래
금천구,독산동,독산동중앙하이츠빌,84.8768,8,2004,82500,2026,9,14,중개거래
금천구,독산동,금천롯데캐슬골드파크3차,59.9662,32,2018,112000,2026,9,12,중개거래
금천구,시흥동,백운한비치,90.8731,4,2003,62000,2026,9,14,중개거래
금천구,시흥동,벽산,59.94,18,2000,40000,2026,9,12,중개거래
금천구,독산동,금천롯데캐슬골드파크3차,59.9672,11,2018,107000,2026,9,14,중개거래
금천구,독산동,금천롯데캐슬골드파크1차,84.4633,5,2016,129500,2026,9,8,중개거래
금천구,독산동,독산현대,58.72,13,1999,60000,2026,9,5,중개거래
금천구,시흥동,럭키남서울아파트,49.75,3,1981,52000,2026,9,13,중개거래
금천구,독산동,금천롯데캐슬골드파크3차,59.9662,32,2018,112000,2026,9,12,중개거래
금천구,독산동,금천롯데캐슬골드파크1차,84.4214,3,2016,129000,2026,9,12,중개거래
금천구,시흥동,관악산벽산타운5,59.34,17,2004,46400,2026,9,12,중개거래
금천구,시흥동,관악산벽산타운5,84.97,4,2004,56000,2026,9,12,중개거래
금천구,독산동,독산주공14단지,44.94,6,1990,49000,2026,9,12,중개거래
금천구,시흥동,벽산,59.94,9,2000,40500,2026,9,11,중개거래
금천구,시흥동,관악산벽산타운5,59.34,10,2004,47000,2026,9,10,중개거래
금천구,시흥동,관악산벽산타운5,59.34,18,2004,47000,2026,9,10,중개거래
금천구,가산동,주상복합두산,59.25,6,1998,41500,2026,9,10,중개거래
금천구,시흥동,시흥(817-29),39.83,5,1975,23500,2026,9,10,중개거래
금천구,시흥동,탑스빌,79.84,11,2002,47500,2026,9,9,중개거래
금천구,시흥동,탑스빌,79.32,4,2002,46800,2026,9,8,중개거래
금천구,독산동,동양드림아파트,72.63,5,2002,33500,2026,9,8,중개거래
금천구,독산동,금천롯데캐슬골드파크3차,84.408,38,2018,130000,2026,9,8,중개거래
금천구,시흥동,벽산,59.94,9,2000,40000,2026,9,7,중개거래
금천구,독산동,금천롯데캐슬골드파크3차,59.9672,26,2018,104500,2026,9,7,중개거래
금천구,독산동,금천롯데캐슬골드파크1차,59.9384,22,2016,108500,2026,9,5,중개거래
금천구,시흥동,남서울힐스테이트,59.87,17,2014,89000,2026,9,5,중개거래
금천구,시흥동,시흥(817-29),39.83,4,1975,24750,2026,9,5,중개거래
금천구,가산동,두산,59.84,5,1998,74000,2026,9,5,중개거래
금천구,독산동,삼익,69.72,10,1998,59400,2026,9,4,중개거래
금천구,시흥동,시흥(817-29),39.83,2,1975,24300,2026,9,3,중개거래
금천구,시흥동,남서울건영2,41.34,5,1989,32000,2026,9,3,중개거래
금천구,독산동,금천현대,84.83,9,2002,75000,2026,9,2,중개거래
금천구,시흥동,무지개,67.93,10,1980,70500,2026,9,2,중개거래
영등포구,대림동,우성1,52.07,13,1985,74000,2026,9,17,중개거래
영등포구,대림동,한신휴2차,84.93,12,1999,79000,2026,9,30,중개거래
영등포구,신길동,보라매에스케이뷰,70.28,1,2020,180000,2026,9,7,중개거래
영등포구,여의도동,한양,109.42,10,1975,315000,2026,9,29,중개거래
영등포구,대림동,우성2,79.91,12,1992,79600,2026,9,14,중개거래
영등포구,당산동5가,당산삼성래미안4차,115.78,1,2003,229000,2026,9,12,중개거래
영등포구,당산동3가,당산계룡리슈빌3단지,49.993,9,2014,90000,2026,9,21,중개거래
영등포구,영등포동3가,포레스트힐시티,13.53,12,2014,9400,2026,9,21,중개거래
영등포구,당산동,강변래미안,108.15,3,2002,180000,2026,9,9,중개거래
영등포구,여의도동,대교,133.65,2,1975,370000,2026,9,18,중개거래
영등포구,신길동,삼성래미안,114.87,2,2001,147000,2026,9,16,중개거래
영등포구,당산동2가,당산대우,31.73,7,1999,35400,2026,9,23,중개거래
영등포구,여의도동,삼익,123.27,6,1974,290000,2026,9,11,중개거래
영등포구,여의도동,여의도자이,210.38,39,2008,499000,2026,9,12,중개거래
영등포구,여의도동,한양,149.52,2,1975,353000,2026,9,14,중개거래
영등포구,영등포동,영등포푸르지오,59.912,17,2002,151000,2026,9,28,중개거래
영등포구,영등포동8가,당산푸르지오,84.98,12,2004,180000,2026,9,18,중개거래
영등포구,양평동6가,동양,84.85,1,2000,103000,2026,9,24,중개거래
영등포구,당산동5가,유원제일2차,84.6,1,1984,210000,2026,9,20,중개거래
영등포구,영등포동2가,현대팰리스,29.67,9,2016,34500,2026,9,23,중개거래
영등포구,신길동,더샵파크프레스티지,59.8995,10,2022,154000,2026,9,23,중개거래
영등포구,여의도동,삼익,123.27,10,1974,289000,2026,9,4,중개거래
영등포구,대림동,문영칸타빌레,84.89,5,2001,67500,2026,9,9,중개거래
영등포구,당산동5가,당산디오빌,33.09,9,2005,38000,2026,9,21,중개거래
영등포구,당산동4가,당산반도유보라팰리스,84.99,10,2010,174000,2026,9,22,중개거래
영등포구,당산동4가,브라운스톤당산,84.038,11,2015,152000,2026,9,22,중개거래
영등포구,여의도동,여의도자이,148.94,11,2008,377000,2026,9,11,중개거래
영등포구,문래동3가,국화맨션,84.71,3,1983,115000,2026,9,21,중개거래
영등포구,문래동3가,문래해태,65.65,5,1999,81000,2026,9,21,중개거래
영등포구,당산동2가,당산대우,31.73,21,1999,37250,2026,9,10,중개거래
영등포구,양평동3가,양평현대6차,84.94,7,2000,153500,2026,9,21,중개거래
영등포구,여의도동,롯데캐슬아이비,103.86,7,2005,250000,2026,9,21,중개거래
영등포구,신길동,보라매경남아너스빌,84.79,8,2005,136500,2026,9,21,중개거래
영등포구,신길동,신길센트럴자이아파트,59.98,4,2021,177700,2026,9,19,중개거래
영등포구,문래동3가,문래공원한신,79.46,11,1988,159500,2026,9,8,중개거래
영등포구,영등포동5가,동남,83.5,4,1971,100000,2026,9,10,중개거래
영등포구,당산동5가,유원제일2차,145.68,2,1984,235000,2026,9,18,중개거래
영등포구,도림동,동아에코빌,59.94,2,2000,96500,2026,9,20,중개거래
영등포구,신길동,삼환,59.53,25,1997,133000,2026,9,19,중개거래
영등포구,대림동,e편한세상영등포아델포레,84.9571,13,2020,165000,2026,9,19,중개거래
영등포구,양평동3가,우림루미아트,84.87,1,2004,115000,2026,9,19,중개거래
영등포구,신길동,신길센트럴자이아파트,59.98,28,2021,180000,2026,9,19,중개거래
영등포구,양평동5가,양평한신,59.94,4,1996,138800,2026,9,19,중개거래
영등포구,문래동5가,문래현대5차,84.79,12,1992,121000,2026,9,18,중개거래
영등포구,도림동,동아에코빌,59.93,10,2000,102500,2026,9,18,중개거래
영등포구,대림동,현대3차,43.92,28,1997,85000,2026,9,18,중개거래
영등포구,대림동,보라매 신동아 파밀리에,59.95,12,2016,98500,2026,9,16,중개거래
영등포구,대림동,한신휴2차,114.54,3,1999,86000,2026,9,17,중개거래
영등포구,대림동,현대3차,140.54,23,1997,126000,2026,9,16,중개거래
영등포구,당산동5가,당산삼성래미안4차,84.94,19,2003,221000,2026,9,16,중개거래
영등포구,신길동,삼환,59.53,16,1997,130000,2026,9,11,중개거래
영등포구,당산동1가,코오롱,59.6,13,1996,67500,2026,9,16,중개거래
영등포구,여의도동,수정,150.65,15,1976,277000,2026,9,16,중개거래
영등포구,영등포동8가,당산푸르지오,114.51,18,2004,195000,2026,9,15,중개거래
영등포구,신길동,삼환,84.84,17,1997,141000,2026,9,15,중개거래
영등포구,신길동,신길자이,114.99,16,2011,148000,2026,9,15,중개거래
영등포구,당산동2가,당산대우,31.73,21,1999,36200,2026,9,14,중개거래
영등포구,대림동,현대1,84.75,11,1992,107500,2026,9,14,중개거래
영등포구,신길동,래미안에스티움,84.93,11,2017,200000,2026,9,5,중개거래
영등포구,영등포동7가,아크로타워스퀘어,84.75,12,2017,211000,2026,9,4,중개거래
영등포구,영등포동,영일,41.32,2,1969,76000,2026,9,12,중개거래
영등포구,당산동4가,당산반도유보라팰리스,157.87,5,2010,205000,2026,9,2,중개거래
영등포구,대림동,영등포자이르네,49.1,1,2022,68500,2026,9,12,중개거래
영등포구,신길동,더샵파크프레스티지,84.9626,6,2022,165000,2026,9,12,중개거래
영등포구,당산동3가,당산한양,84.93,7,1986,165000,2026,9,12,중개거래
영등포구,신길동,더샵파크프레스티지,59.8635,6,2022,150000,2026,9,12,중개거래
영등포구,여의도동,광장,150.71,5,1978,378000,2026,9,11,중개거래
영등포구,문래동5가,문래대림,59.96,15,2000,90000,2026,9,11,중개거래
영등포구,영등포동,영등포푸르지오,59.912,6,2002,159000,2026,9,9,중개거래
영등포구,영등포동8가,당산푸르지오,133.34,5,2004,205000,2026,9,9,중개거래
영등포구,대림동,한신휴2차,114.54,10,1999,84000,2026,9,10,중개거래
영등포구,여의도동,수정,150.65,1,1976,280000,2026,9,10,중개거래
영등포구,문래동6가,현대1차,79.52,4,1986,125000,2026,9,10,중개거래
영등포구,대림동,e편한세상영등포아델포레,84.9948,17,2020,162000,2026,9,9,중개거래
영등포구,대림동,쌍용플래티넘S,18.24,5,2013,10200,2026,9,9,중개거래
영등포구,도림동,동아에코빌,59.94,1,2000,97000,2026,9,8,중개거래
영등포구,영등포동7가,경남아너스빌,84.82,17,1998,156500,2026,9,7,중개거래
영등포구,당산동1가,진로,59.4,22,1997,128000,2026,9,7,중개거래
영등포구,당산동5가,유원제일2차,123.76,6,1984,228000,2026,9,7,중개거래
영등포구,도림동,도림청구,126.65,3,1997,105000,2026,9,7,중개거래
영등포구,신길동,신길센트럴자이아파트,59.98,9,2021,178000,2026,9,11,중개거래
영등포구,대림동,e편한세상영등포아델포레,84.9948,6,2020,156000,2026,9,5,중개거래
영등포구,양평동1가,삼환,84.66,5,1994,95000,2026,9,7,중개거래
영등포구,당산동3가,당산한양,73.87,1,1986,147800,2026,9,5,중개거래
영등포구,대림동,영등포자이르네,49.01,4,2022,67000,2026,9,5,중개거래
영등포구,대림동,현대2,84.74,2,1992,83500,2026,9,5,중개거래
영등포구,대림동,한신휴2차,59.89,2,1999,61000,2026,9,4,중개거래
영등포구,양평동3가,양평현대6차,84.94,20,2000,155500,2026,9,5,중개거래
영등포구,신길동,우성5,84.98,4,1993,100000,2026,9,5,중개거래
영등포구,대림동,영등포자이르네,49.08,5,2022,69000,2026,9,5,중개거래
영등포구,양평동2가,오목교벽산블루밍,59.85,22,1996,85000,2026,9,4,중개거래
영등포구,대림동,현대1,66.66,8,1992,99000,2026,9,5,중개거래
영등포구,양평동5가,양평한신,59.94,17,1996,137500,2026,9,4,중개거래
영등포구,영등포동7가,경남아너스빌,59.9,6,1998,140000,2026,9,3,중개거래
영등포구,대림동,현대2,84.74,7,1992,101000,2026,9,3,중개거래
영등포구,문래동2가,남성,47.3,15,1983,98600,2026,9,3,중개거래
영등포구,신길동,보라매경남아너스빌,84.79,16,2005,135500,2026,9,2,중개거래
영등포구,신길동,보라매에스케이뷰,84.98,18,2020,204000,2026,9,1,중개거래
영등포구,신길동,삼환,59.53,16,1997,134000,2026,9,1,중개거래
동작구,노량진동,삼익,84.68,4,2001,100800,2026,9,18,중개거래
동작구,상도동,성우아파트,99.8,4,1993,100000,2026,9,16,중개거래
동작구,신대방동,보라매우성,58.86,15,1995,72000,2026,9,29,중개거래
동작구,신대방동,경남교수,113.93,11,2001,140000,2026,9,30,중개거래
동작구,대방동,주공2,51.66,4,1995,135000,2026,9,21,중개거래
동작구,흑석동,한강현대,114.44,8,1988,243000,2026,9,28,중개거래
동작구,상도동,상도현대,84.97,4,2003,105000,2026,9,11,중개거래
동작구,신대방동,신동아,48.18,7,1993,64000,2026,9,12,중개거래
동작구,노량진동,신동아리버파크,114.75,13,2001,160000,2026,9,1,직거래
동작구,사당동,사당우성2,59.89,9,1993,172000,2026,9,23,중개거래
동작구,상도동,대림아파트,84.89,7,1995,109000,2026,9,22,중개거래
동작구,사당동,이수역리가,84.9827,13,2013,184000,2026,9,22,중개거래
동작구,신대방동,현진에버빌,84.9234,15,2003,84000,2026,9,20,중개거래
동작구,사당동,극동(105),46.75,2,1993,137500,2026,9,21,중개거래
동작구,상도동,상도파크자이,84.888,21,2016,224000,2026,9,21,중개거래
동작구,상도동,현대(관악),58.59,10,1992,106500,2026,9,21,중개거래
동작구,사당동,사당롯데캐슬2차,84.766,7,2004,147000,2026,9,16,중개거래
동작구,노량진동,우성,59.82,6,1997,144000,2026,9,19,중개거래
동작구,상도동,e편한세상상도노빌리티,84.9704,16,2018,237000,2026,9,19,중개거래
동작구,사당동,사당롯데캐슬2차,84.766,12,2004,156000,2026,9,19,중개거래
동작구,상도동,두산위브트레지움2차,84.8624,8,2016,204000,2026,9,18,중개거래
동작구,대방동,신호리치빌,84.69,1,2003,103000,2026,9,17,중개거래
동작구,대방동,대방1차e-편한세상,84.32,20,2003,182500,2026,9,17,중개거래
동작구,상도동,성우2차아파트,75.6,4,1994,100000,2026,9,17,중개거래
동작구,상도동,힐스테이트 상도 센트럴파크,84.7835,2,2012,190000,2026,9,8,중개거래
동작구,대방동,대림아파트,59.84,5,1993,156400,2026,9,2,중개거래
동작구,사당동,극동(105),84.32,15,1993,156000,2026,9,15,중개거래
동작구,상도동,건영,32.8,11,1997,77500,2026,9,15,중개거래
동작구,사당동,두산위브트레지움,84.422,13,2011,211000,2026,9,15,중개거래
동작구,상도동,래미안상도3차,84.96,11,2004,174000,2026,9,15,중개거래
동작구,대방동,아데나339,16.54,3,2012,12800,2026,9,12,중개거래
동작구,상도동,상도두산위브,84.99,5,2010,166500,2026,9,13,중개거래
동작구,노량진동,신동아리버파크,59.67,1,2001,142000,2026,9,12,중개거래
동작구,상도동,상도현대,84.97,4,2003,105000,2026,9,11,중개거래
동작구,신대방동,보라매아카데미타워,115.54,35,1998,125000,2026,9,7,중개거래
동작구,사당동,극동(105),109.7,18,1993,177500,2026,9,11,중개거래
동작구,신대방동,동작상떼빌,132.43,17,2006,139000,2026,9,11,중개거래
동작구,사당동,이수푸르지오더프레티움,84.9243,15,2021,233000,2026,9,10,중개거래
동작구,상도동,쌍용스윗닷홈,112.756,11,2003,100000,2026,9,3,직거래
동작구,상도동,힐스테이트 상도 센트럴파크,84.7835,5,2012,191000,2026,9,9,중개거래
동작구,상도동,상도현대,84.97,8,2003,116000,2026,9,4,중개거래
동작구,흑석동,한강현대,66.225,11,1988,225000,2026,9,8,중개거래
동작구,신대방동,보라매자이더포레스트,59.9365,8,2021,170000,2026,9,1,중개거래
동작구,본동,래미안트윈파크,59.72,9,2011,200000,2026,9,5,중개거래
동작구,상도동,세레노,89.45,-1,2003,55000,2026,9,5,중개거래
동작구,본동,래미안트윈파크,115.42,8,2011,300000,2026,9,6,중개거래
동작구,상도동,상도현대,84.97,11,2003,109000,2026,9,5,중개거래
동작구,사당동,롯데캐슬,84.96,15,2003,155000,2026,9,5,중개거래
동작구,사당동,대림(169-8),84.91,1,1990,165000,2026,9,5,중개거래
동작구,신대방동,동작협성휴포레시그니처,84.9464,20,2022,137500,2026,9,5,중개거래
동작구,사당동,사당자이,59.89,11,1999,125000,2026,9,4,중개거래
동작구,노량진동,신동아리버파크,84.88,17,2001,170000,2026,9,4,중개거래
동작구,대방동,대방2차e-편한세상,131.637,14,2003,170000,2026,9,4,중개거래
동작구,사당동,제일,60.03,1,1987,125000,2026,9,2,중개거래
동작구,사당동,현대주택조합,84.99,9,1993,129000,2026,9,2,중개거래
동작구,사당동,사당롯데캐슬2차,84.614,7,2004,157000,2026,9,2,중개거래
동작구,사당동,사당자이,60,23,1999,127000,2026,9,2,중개거래
동작구,상도동,힐스테이트 상도 센트럴파크,84.6099,13,2012,192500,2026,9,1,중개거래
동작구,상도동,이수브라운스톤상도(527-0),84.91,7,2007,178000,2026,9,1,중개거래
동작구,대방동,하나마을,108.12,2,2003,76000,2026,9,1,중개거래
관악구,봉천동,봉천우성,84.96,2,2000,113000,2026,9,30,중개거래
관악구,신림동,관악산휴먼시아2단지,114.7,9,2008,85000,2026,9,30,중개거래
관악구,신림동,금호2,59.96,10,1998,63500,2026,9,22,중개거래
관악구,신림동,건영1,41.04,2,1984,40700,2026,9,16,중개거래
관악구,봉천동,e편한세상서울대입구2차,116.72,8,2020,165000,2026,9,30,중개거래
관악구,신림동,관악산휴먼시아2단지,114.7,9,2008,85000,2026,9,30,중개거래
관악구,신림동,관악산휴먼시아2단지,84.97,16,2008,76500,2026,9,30,중개거래
관악구,남현동,흥화브라운빌,84.95,6,2003,91800,2026,9,19,중개거래
관악구,봉천동,봉천우성,59.76,19,2000,111200,2026,9,30,중개거래
관악구,신림동,신림푸르지오,84.79,18,2005,107000,2026,9,29,중개거래
관악구,신림동,위드비엠3,37.1,9,2021,42800,2026,9,28,중개거래
관악구,신림동,관악산휴먼시아2단지,84.97,1,2008,72900,2026,9,28,중개거래
관악구,신림동,신림현대,34.86,11,1993,47000,2026,9,28,중개거래
관악구,봉천동,해바라기,49.02,2,1978,60000,2026,9,21,직거래
관악구,신림동,라이프,84.38,12,1996,66300,2026,9,28,중개거래
관악구,신림동,위드비엠3,37.1,9,2021,42800,2026,9,28,중개거래
관악구,남현동,다청림라인씨티,36.68,7,2016,50000,2026,9,4,중개거래
관악구,봉천동,부미아띠랑스힐,83.95,1,2002,63000,2026,9,7,중개거래
관악구,신림동,삼성산주공(주공3단지),58.55,19,2000,60000,2026,9,23,중개거래
관악구,신림동,현대,71.9,5,1991,51800,2026,9,15,중개거래
관악구,봉천동,관악드림(삼성),59.85,14,2003,119300,2026,9,23,중개거래
관악구,봉천동,봉천우성,59.76,4,2000,107000,2026,9,22,중개거래
관악구,봉천동,은천2단지아파트,49.95,6,2000,67000,2026,9,22,중개거래
관악구,신림동,초원,59.93,14,1999,46300,2026,9,18,중개거래
관악구,봉천동,관악월드메르디앙,79.27,3,2005,78000,2026,9,18,중개거래
관악구,신림동,현대,71.9,8,1991,47500,2026,9,15,중개거래
관악구,봉천동,관악푸르지오,114.69,18,2004,135500,2026,9,19,중개거래
관악구,봉천동,두산,114.99,16,2000,129000,2026,9,9,중개거래
관악구,봉천동,서희스타힐스,59.81,14,2015,83000,2026,9,19,중개거래
관악구,신림동,신림푸르지오,84.79,4,2005,107000,2026,9,19,중개거래
관악구,신림동,신림동쌍용아파트,59.26,15,1998,55000,2026,9,19,중개거래
관악구,신림동,동훈CDI,84.39,6,2010,70000,2026,9,13,중개거래
관악구,봉천동,봉천동아,114.69,3,2000,128000,2026,9,19,중개거래
관악구,봉천동,봉천동아,84.87,23,2000,125000,2026,9,18,중개거래
관악구,봉천동,서희스타힐스,59.92,4,2015,85000,2026,9,19,중개거래
관악구,봉천동,관악드림(삼성),84.96,2,2003,123800,2026,9,19,중개거래
관악구,봉천동,봉천우성,84.96,3,2000,124500,2026,9,18,중개거래
관악구,신림동,신림동쌍용아파트,59.26,2,1998,51000,2026,9,18,중개거래
관악구,신림동,신림현대,34.86,7,1993,47000,2026,9,8,중개거래
관악구,신림동,신림현대,59.85,11,1993,76000,2026,9,18,중개거래
관악구,신림동,국제산장,84.15,1,1993,49700,2026,9,17,중개거래
관악구,남현동,예성2차그린캐슬,84.17,7,2004,95800,2026,9,18,중개거래
관악구,봉천동,새진3차,54.6,6,2003,44500,2026,9,18,중개거래
관악구,신림동,현대,71.9,9,1991,46000,2026,9,15,중개거래
관악구,봉천동,관악푸르지오,59.58,9,2004,120000,2026,9,17,중개거래
관악구,신림동,신림푸르지오,138.64,15,2005,132500,2026,9,17,중개거래
관악구,봉천동,관악푸르지오,59.58,10,2004,120000,2026,9,17,중개거래
관악구,신림동,벽산블루밍,84.95,9,2005,72000,2026,9,17,중개거래
관악구,봉천동,은천2단지아파트,49.95,5,2000,65000,2026,9,8,중개거래
관악구,신림동,관악산휴먼시아2단지,114.7,8,2008,84000,2026,9,12,중개거래
관악구,신림동,금호(1차),59.4,12,1997,45000,2026,9,16,중개거래
관악구,봉천동,관악푸르지오,59.58,4,2004,120800,2026,9,16,중개거래
관악구,봉천동,e편한세상서울대입구1단지,59.9,2,2019,138100,2026,9,16,중개거래
관악구,신림동,서울대벤처타운역푸르지오,84.9843,5,2025,118000,2026,9,16,중개거래
관악구,신림동,신림현대,34.86,13,1993,48000,2026,9,12,중개거래
관악구,신림동,LIG대학마을(건영아파트3차),84.82,6,1996,71500,2026,9,1,중개거래
관악구,남현동,예촌그린,97.61,1,2004,65000,2026,9,14,중개거래
관악구,신림동,동부,78.43,1,1993,86000,2026,9,15,중개거래
관악구,신림동,삼성산주공(주공3단지),113.31,16,2000,74500,2026,9,15,중개거래
관악구,신림동,관악산휴먼시아2단지,114.7,20,2008,57000,2026,9,15,직거래
관악구,봉천동,관악드림(삼성),84.96,1,2003,124900,2026,9,14,중개거래
관악구,신림동,LIG대학마을(건영아파트3차),58.89,3,1996,63000,2026,9,14,중개거래
관악구,봉천동,봉천동아,114.69,16,2000,140000,2026,9,14,중개거래
관악구,신림동,금호2,84.87,5,1998,81500,2026,9,3,중개거래
관악구,봉천동,은천2단지아파트,49.95,8,2000,67500,2026,9,14,중개거래
관악구,신림동,삼성산주공(주공3단지),83.21,17,2000,57000,2026,9,11,직거래
관악구,봉천동,프라비다M,15.66,3,2014,14000,2026,9,14,중개거래
관악구,봉천동,봉천우성,114.78,8,2000,115000,2026,9,14,중개거래
관악구,신림동,삼성산주공(주공3단지),83.21,15,2000,64500,2026,9,11,중개거래
관악구,봉천동,봉천우성,59.76,9,2000,108000,2026,9,12,중개거래
관악구,신림동,관악산휴먼시아1단지,114.7,16,2008,85000,2026,9,12,중개거래
관악구,신림동,한라타운아파트,79.7905,3,2001,55500,2026,9,8,중개거래
관악구,신림동,우방,59.74,7,1999,68200,2026,9,9,중개거래
관악구,봉천동,봉천우성,59.76,7,2000,113900,2026,9,11,중개거래
관악구,봉천동,e편한세상서울대입구2차,84.31,12,2020,159500,2026,9,10,중개거래
관악구,봉천동,프라비다M,30.12,14,2014,30400,2026,9,9,중개거래
관악구,신림동,신림현대,119.49,11,1993,93000,2026,9,10,중개거래
관악구,봉천동,두산,114.99,7,2000,130000,2026,9,10,중개거래
관악구,봉천동,벽산타운II,57.36,17,2003,89000,2026,9,10,중개거래
관악구,신림동,태영,42.24,8,1997,41000,2026,9,9,중개거래
관악구,봉천동,관악드림(삼성),59.85,19,2003,114000,2026,9,9,중개거래
관악구,신림동,동부,50.57,5,1993,67000,2026,9,4,중개거래
관악구,신림동,한라타운아파트,79.7905,3,2001,55500,2026,9,8,중개거래
관악구,봉천동,관악푸르지오,59.58,11,2004,118500,2026,9,8,중개거래
관악구,신림동,국제산장,59.94,14,1993,42000,2026,9,5,중개거래
관악구,신림동,신림푸르지오,84.79,2,2005,100000,2026,9,7,중개거래
관악구,신림동,관악산휴먼시아2단지,84.97,11,2008,76500,2026,9,7,중개거래
관악구,신림동,신림2차푸르지오,114.7143,9,2007,85000,2026,9,4,중개거래
관악구,신림동,관악산휴먼시아2단지,114.7,17,2008,84800,2026,9,7,중개거래
관악구,봉천동,서희스타힐스,52.6,13,2015,66000,2026,9,6,중개거래
관악구,봉천동,벽산블루밍,84.99,22,2005,117500,2026,9,5,중개거래
관악구,봉천동,현대(관악),68.8,7,1992,116500,2026,9,5,중개거래
관악구,신림동,신림현대,34.86,2,1993,43500,2026,9,5,중개거래
관악구,신림동,국제산장,59.94,14,1993,42000,2026,9,5,중개거래
관악구,봉천동,관악드림(삼성),59.83,16,2003,121000,2026,9,5,중개거래
관악구,봉천동,벽산블루밍3차,111.04,18,2004,118000,2026,9,4,중개거래
관악구,봉천동,관악드림(동아),84.96,6,2003,125000,2026,9,4,중개거래
관악구,봉천동,낙성대현대(296),114.98,3,1998,115000,2026,9,5,중개거래
관악구,신림동,신림동쌍용아파트,59.26,8,1998,51000,2026,9,2,중개거래
관악구,신림동,삼성산주공(주공3단지),58.55,11,2000,58500,2026,9,3,중개거래
관악구,봉천동,은천1,84.65,16,2001,96000,2026,9,3,중개거래
관악구,신림동,국제산장,84.15,10,1993,59000,2026,9,3,중개거래
관악구,신림동,LIG대학마을(건영아파트3차),58.9,3,1996,66000,2026,9,2,중개거래
관악구,신림동,신림동신도브래뉴,81.42,4,2003,97000,2026,9,2,중개거래
관악구,봉천동,동아타운21,125.42,5,2003,90000,2026,9,1,중개거래
관악구,봉천동,관악드림(동아),84.96,11,2003,129500,2026,9,1,중개거래
관악구,봉천동,동아타운21,125.42,5,2003,90000,2026,9,1,중개거래
서초구,잠원동,킴스빌리지,30.9,10,1996,149000,2026,9,19,중개거래
서초구,서초동,서초푸르지오써밋,84.95,13,2017,370000,2026,9,18,중개거래
서초구,반포동,반포자이,244.543,9,2009,720000,2026,9,21,중개거래
서초구,방배동,삼호1동~3동,81.39,10,1975,230000,2026,9,8,중개거래
서초구,방배동,롯데캐슬아르떼,147.7221,11,2013,372000,2026,9,5,중개거래
서초구,우면동,동고,84.96,14,1995,176000,2026,9,12,중개거래
서초구,잠원동,킴스빌리지,30.18,10,1996,155000,2026,9,30,중개거래
서초구,서초동,서초4현대,140.03,8,2000,254500,2026,9,3,중개거래
서초구,방배동,TheHerren,64.34,6,2017,122000,2026,9,3,중개거래
서초구,양재동,리젠시,71.11,1,2001,83000,2026,9,29,중개거래
서초구,반포동,반포리체,59.994,26,2010,315000,2026,9,30,중개거래
서초구,반포동,래미안퍼스티지,198.04,6,2009,750000,2026,9,29,중개거래
서초구,서초동,경남아너스빌201동,84.95,10,2006,224000,2026,9,5,중개거래
서초구,잠원동,반포센트럴자이,84.95,8,2020,480000,2026,9,11,중개거래
서초구,내곡동,서초더샵포레,101.34,11,2014,180000,2026,9,10,직거래
서초구,반포동,반포리체,84.967,29,2010,400000,2026,9,22,중개거래
서초구,서초동,현대아파트,84.34,3,1989,249900,2026,9,18,중개거래
서초구,반포동,래미안퍼스티지,84.93,4,2009,495000,2026,9,21,중개거래
서초구,반포동,래미안퍼스티지,136.65,15,2009,680000,2026,9,21,중개거래
서초구,반포동,래미안원베일리,116.95,21,2023,940000,2026,9,21,중개거래
서초구,우면동,호반써밋서초파크뷰(토지임대부아파트),84.95,4,2013,154500,2026,9,23,중개거래
서초구,방배동,방배대우디오빌,28.84,5,2005,26800,2026,9,2,중개거래
서초구,방배동,한화엘르빌,189.08,3,2001,236000,2026,9,7,중개거래
서초구,우면동,코오롱,52.47,3,1994,150000,2026,9,23,중개거래
서초구,반포동,래미안퍼스티지,222.76,18,2009,850000,2026,9,18,중개거래
서초구,방배동,삼성래미안1,84.91,3,2003,141000,2026,9,4,직거래
서초구,서초동,서초극동스타클래스,124.09,2,2003,243000,2026,9,22,중개거래
서초구,반포동,반포미도,84.96,14,1987,382000,2026,9,11,중개거래
서초구,잠원동,신반포2,92.2,4,1978,460000,2026,9,28,중개거래
서초구,잠원동,신반포19,109.06,1,1982,358000,2026,9,5,중개거래
서초구,잠원동,신반포2,68.91,1,1978,360000,2026,9,21,중개거래
서초구,방배동,서리풀래디앙아파트,73.72,6,2020,165000,2026,9,14,중개거래
서초구,서초동,서초쌍용플래티넘,71.9,13,2006,104000,2026,9,2,중개거래
서초구,우면동,서초네이처힐4단지,84.77,8,2011,210000,2026,9,13,중개거래
서초구,방배동,방배1차현대홈타운,84.96,15,1999,295500,2026,9,4,중개거래
서초구,서초동,삼환바우스,84.98,11,2006,150000,2026,9,4,중개거래
서초구,서초동,대림서초리시온,42.21,14,2003,55000,2026,9,19,중개거래
서초구,잠원동,신반포2,68.91,8,1978,350000,2026,9,28,중개거래
서초구,서초동,서초트라팰리스,73.42,11,2005,175500,2026,9,16,중개거래
서초구,서초동,서초래미안,84.95,16,2003,283500,2026,9,18,중개거래
서초구,서초동,도무스서초청년주택,19.1312,5,2026,54650,2026,9,17,직거래
서초구,서초동,도무스서초청년주택,19.1312,6,2026,54650,2026,9,17,직거래
서초구,서초동,도무스서초청년주택,19.1312,7,2026,54650,2026,9,17,직거래
서초구,서초동,도무스서초청년주택,19.1312,8,2026,55200,2026,9,17,직거래
서초구,서초동,도무스서초청년주택,19.1312,9,2026,55200,2026,9,17,직거래
서초구,서초동,도무스서초청년주택,19.1312,12,2026,55750,2026,9,17,직거래
서초구,서초동,도무스서초청년주택,19.1312,13,2026,55750,2026,9,17,직거래
서초구,서초동,도무스서초청년주택,19.1312,14,2026,56300,2026,9,17,직거래
서초구,서초동,도무스서초청년주택,19.1312,15,2026,56300,2026,9,17,직거래
서초구,서초동,도무스서초청년주택,19.1312,18,2026,56800,2026,9,17,직거래
서초구,서초동,도무스서초청년주택,19.1312,19,2026,56800,2026,9,17,직거래
서초구,서초동,도무스서초청년주택,19.185,5,2026,54850,2026,9,17,직거래
서초구,서초동,도무스서초청년주택,19.185,6,2026,54850,2026,9,17,직거래
서초구,서초동,도무스서초청년주택,19.185,7,2026,54850,2026,9,17,직거래
서초구,서초동,도무스서초청년주택,19.185,9,2026,55450,2026,9,17,직거래
서초구,서초동,도무스서초청년주택,19.185,10,2026,55450,2026,9,17,직거래
서초구,서초동,도무스서초청년주택,19.185,11,2026,55950,2026,9,17,직거래
서초구,서초동,도무스서초청년주택,19.185,13,2026,55950,2026,9,17,직거래
서초구,서초동,도무스서초청년주택,19.185,15,2026,56550,2026,9,17,직거래
서초구,서초동,도무스서초청년주택,19.185,16,2026,56550,2026,9,17,직거래
서초구,서초동,도무스서초청년주택,19.185,17,2026,57100,2026,9,17,직거래
서초구,서초동,도무스서초청년주택,19.185,18,2026,57100,2026,9,17,직거래
서초구,방배동,방배3차현대홈타운,120.915,4,2004,279000,2026,9,10,중개거래
서초구,잠원동,신반포2,107.31,1,1978,480000,2026,9,16,중개거래
서초구,잠원동,신반포2,68.91,8,1978,360000,2026,9,3,중개거래
서초구,서초동,서초그랑자이,59.98,28,2021,322000,2026,9,16,중개거래
서초구,잠원동,신반포2,79.42,1,1978,400000,2026,9,10,중개거래
서초구,잠원동,신반포자이,84.92,18,2018,470000,2026,9,10,중개거래
서초구,서초동,현대아파트,84.33,12,1989,247000,2026,9,15,중개거래
서초구,서초동,서초쌍용플래티넘,71.9,13,2006,104000,2026,9,2,중개거래
서초구,우면동,호반써밋서초파크,84.99,14,2013,189000,2026,9,15,중개거래
서초구,잠원동,신반포2,107.31,2,1978,462000,2026,9,14,중개거래
서초구,서초동,서초지웰,84.74,14,2005,212500,2026,9,7,중개거래
서초구,양재동,리시본하우스,29.881,9,2020,65000,2026,9,14,중개거래
서초구,반포동,대성유니드,96.438,4,2004,190000,2026,9,3,중개거래
서초구,방배동,롯데캐슬아르떼,121.6356,7,2013,339000,2026,9,7,중개거래
서초구,우면동,서초힐스,84.95,13,2012,205000,2026,9,11,중개거래
서초구,방배동,삼성래미안1,84.91,6,2003,225000,2026,9,11,중개거래
서초구,반포동,래미안퍼스티지,59.96,15,2009,418000,2026,9,11,중개거래
서초구,잠원동,신반포2,79.42,1,1978,400000,2026,9,11,중개거래
서초구,우면동,동고,77.14,9,1995,120000,2026,9,10,직거래
서초구,방배동,TheHerren,64.34,6,2017,122000,2026,9,3,중개거래
서초구,방배동,방배대우디오빌,29.6,3,2005,27400,2026,9,8,중개거래
서초구,반포동,반포자이,216.49,21,2009,670000,2026,9,3,중개거래
서초구,서초동,더샵서초,30.39,26,2006,59800,2026,9,1,중개거래
서초구,반포동,아크로리버파크,84.99,17,2016,500000,2026,9,10,중개거래
서초구,서초동,서초래미안,126.31,16,2003,350000,2026,9,7,중개거래
서초구,반포동,래미안퍼스티지,84.93,25,2009,490000,2026,9,7,중개거래
서초구,반포동,반포자이,84.943,8,2009,505000,2026,9,8,직거래
서초구,서초동,더샾오데움(104동),110.52,2,2006,196000,2026,9,5,중개거래
서초구,서초동,DK밸리뷰시티,27.04,11,2019,37000,2026,9,7,중개거래
서초구,잠원동,신반포2,79.42,9,1978,415000,2026,9,5,중개거래
서초구,서초동,서초한빛삼성,110.59,6,1999,250000,2026,9,5,중개거래
서초구,잠원동,신반포2,79.42,9,1978,416000,2026,9,4,중개거래
서초구,서초동,밀라텔쉐르빌,66.99,14,2001,85000,2026,9,4,중개거래
서초구,방배동,방배대우디오빌,29.6,8,2005,29800,2026,9,3,중개거래
서초구,서초동,우정에쉐르,72.44,5,2004,113500,2026,9,2,중개거래
서초구,서초동,서초1차e-편한세상,130.53,10,2004,270000,2026,9,1,중개거래
서초구,반포동,반포써밋,84.6849,10,2018,376000,2026,9,3,중개거래
강남구,대치동,은마,76.79,14,1979,312000,2026,9,11,중개거래
강남구,역삼동,현대까르띠에710,149.7,12,2001,345000,2026,9,19,중개거래
강남구,신사동,로데오현대,55.08,4,1998,130000,2026,9,14,중개거래
강남구,압구정동,신현대12차,182.95,3,1982,1000000,2026,9,23,중개거래
강남구,개포동,현대2,165.08,7,1986,390000,2026,9,7,중개거래
강남구,개포동,래미안블레스티지,126.928,6,2019,399000,2026,9,12,중개거래
강남구,논현동,두산위브1단지,111.382,7,2004,245000,2026,9,11,중개거래
강남구,일원동,푸른마을아파트101동~111동,84.93,13,1994,203500,2026,9,4,직거래
강남구,역삼동,대우디오빌,30.03,10,2002,28800,2026,9,5,중개거래
강남구,대치동,은마,76.79,14,1979,313000,2026,9,29,중개거래
강남구,일원동,푸른마을아파트101동~111동,84.93,14,1994,260000,2026,9,17,중개거래
강남구,자곡동,래미안강남힐즈,101.95,11,2014,211000,2026,9,28,직거래
강남구,세곡동,강남엘에이치1단지,59.89,15,2013,173000,2026,9,30,중개거래
강남구,도곡동,한신(개포),83.86,5,1985,370000,2026,9,4,중개거래
강남구,세곡동,강남엘에이치1단지,59.99,5,2013,173500,2026,9,3,중개거래
강남구,수서동,까치마을,34.44,11,1993,153000,2026,9,18,중개거래
강남구,대치동,은마,76.79,11,1979,317000,2026,9,19,중개거래
강남구,일원동,가람,84.95,2,1993,305000,2026,9,19,중개거래
강남구,논현동,아크로힐스논현,113.231,18,2014,362000,2026,9,29,중개거래
강남구,압구정동,신현대9차,152.28,8,1982,750000,2026,9,23,중개거래
강남구,개포동,개포주공6단지,53.06,6,1983,268000,2026,9,28,중개거래
강남구,대치동,은마,76.79,1,1979,305000,2026,9,28,중개거래
강남구,자곡동,강남자곡아이파크,59.96,9,2014,194800,2026,9,28,중개거래
강남구,압구정동,현대8차(성수현대:91~95동),107.64,7,1980,490000,2026,9,7,중개거래
강남구,대치동,동부센트레빌,145.83,27,2005,600000,2026,9,4,중개거래
강남구,논현동,신동아(22),35.73,7,1997,137500,2026,9,21,중개거래
강남구,대치동,대치동우정에쉐르2(890-42),68.59,6,2004,87000,2026,9,17,중개거래
강남구,도곡동,도곡렉슬,59.9772,23,2006,269000,2026,9,14,중개거래
강남구,대치동,대치현대,59.82,8,1999,260000,2026,9,2,중개거래
강남구,논현동,은탑리더스카운티,131.86,2,2003,170000,2026,9,21,중개거래
강남구,개포동,개포주공7단지,83.7,15,1983,340000,2026,9,26,중개거래
강남구,역삼동,대림역삼,84.96,1,1997,233000,2026,9,16,중개거래
강남구,도곡동,럭키(963),124.1,3,1995,300000,2026,9,9,중개거래
강남구,개포동,현대2,165.08,2,1986,393000,2026,9,5,중개거래
강남구,대치동,은마,76.79,13,1979,316000,2026,9,19,중개거래
강남구,역삼동,한스빌(836),31.78,12,1996,30000,2026,9,19,중개거래
강남구,개포동,개포주공6단지,60.13,2,1983,320000,2026,9,22,중개거래
강남구,개포동,개포주공6단지,73.02,8,1983,325000,2026,9,22,중개거래
강남구,대치동,아티스톤,66.73,3,2022,168000,2026,9,22,중개거래
강남구,개포동,개포주공7단지,83.7,5,1983,350000,2026,9,22,중개거래
강남구,개포동,개포주공6단지,53.06,5,1983,270000,2026,9,21,중개거래
강남구,대치동,은마,76.79,11,1979,313000,2026,9,14,중개거래
강남구,논현동,현대인텔렉스,133.49,16,1997,151000,2026,9,22,중개거래
강남구,신사동,청림빌,69.09,4,2004,93000,2026,9,12,중개거래
강남구,개포동,개포주공6단지,83.21,1,1983,325000,2026,9,21,중개거래
강남구,대치동,한보미도맨션2,159.15,10,1985,469500,2026,9,17,직거래
강남구,대치동,은마,84.43,9,1979,360000,2026,9,21,중개거래
강남구,역삼동,역삼자이,114.019,12,2016,388000,2026,9,17,중개거래
강남구,역삼동,역삼동월드메르디앙,83.27,6,2005,200000,2026,9,18,중개거래
강남구,개포동,개포주공6단지,83.21,1,1983,322500,2026,9,18,중개거래
강남구,도곡동,현대비젼21,32.65,23,1999,45000,2026,9,10,중개거래
강남구,개포동,개포주공6단지,60.13,4,1983,310000,2026,9,1,중개거래
강남구,청담동,청담신원아침도시마인,27.7131,4,2013,33000,2026,9,12,중개거래
강남구,개포동,래미안블레스티지,59.888,6,2019,250000,2026,9,22,중개거래
강남구,수서동,삼성,84.97,14,1997,250000,2026,9,19,중개거래
강남구,역삼동,강남웅진베어스빌,20.63,12,2019,30000,2026,9,18,직거래
강남구,대치동,은마,84.43,13,1979,355000,2026,9,14,중개거래
강남구,압구정동,미성2차,118.63,9,1987,520000,2026,9,7,중개거래
강남구,신사동,신성아파트101동,59.67,5,1996,186000,2026,9,15,중개거래
강남구,개포동,개포주공6단지,83.21,10,1983,340000,2026,9,19,중개거래
강남구,개포동,개포주공7단지,53.46,2,1983,300000,2026,9,18,중개거래
강남구,압구정동,"현대5차(71,72동)",82.23,10,1977,510000,2026,9,7,중개거래
강남구,세곡동,세곡푸르지오,74.74,8,2012,186000,2026,9,16,중개거래
강남구,대치동,은마,76.79,5,1979,338000,2026,9,5,중개거래
강남구,대치동,롯데캐슬리베,121.0894,16,2008,350000,2026,9,16,중개거래
강남구,신사동,래미안신사,84.89,3,2008,147000,2026,9,16,직거래
강남구,역삼동,테헤란아이파크,92.6232,16,2014,330000,2026,9,15,중개거래
강남구,수서동,삼성,84.97,2,1997,250000,2026,9,15,중개거래
강남구,도곡동,도곡렉슬,84.9984,16,2006,357000,2026,9,15,중개거래
강남구,대치동,은마,76.79,2,1979,302000,2026,9,11,중개거래
강남구,수서동,까치마을,34.44,7,1993,152500,2026,9,15,중개거래
강남구,삼성동,한일,80.29,4,2001,231500,2026,9,15,중개거래
강남구,역삼동,역삼래미안,59.4,4,2005,276500,2026,9,2,중개거래
강남구,대치동,"쌍용대치아파트1동,2동,3동,5동,6동",83.56,15,1983,360000,2026,9,5,중개거래
강남구,논현동,쌍용,84.87,8,1996,168000,2026,9,12,중개거래
강남구,자곡동,강남자곡 힐스테이트,59.93,3,2015,155500,2026,9,12,중개거래
강남구,수서동,까치마을,39.6,3,1993,155000,2026,9,6,중개거래
강남구,도곡동,우성4,126.46,8,1985,492000,2026,9,9,중개거래
강남구,대치동,선릉역대우아이빌(890-49),25.42,13,2004,19500,2026,9,10,직거래
강남구,역삼동,역삼센트럴아파트,40.21,1,2025,50000,2026,9,4,중개거래
강남구,개포동,성원대치2단지아파트,39.53,1,1992,165000,2026,9,10,중개거래
강남구,개포동,개포주공7단지,73.26,7,1983,310000,2026,9,9,중개거래
강남구,대치동,은마,84.43,12,1979,390000,2026,9,9,중개거래
강남구,수서동,까치마을,34.44,12,1993,155000,2026,9,7,중개거래
강남구,대치동,래미안대치팰리스,94.5,6,2015,465000,2026,9,7,중개거래
강남구,개포동,개포래미안포레스트,59.92,10,2020,265000,2026,9,6,중개거래
강남구,개포동,삼익대청아파트,60,12,1992,237000,2026,9,1,중개거래
강남구,삼성동,삼성동힐스테이트 1단지,84.236,18,2008,358000,2026,9,3,중개거래
강남구,수서동,강남데시앙포레,84.86,5,2014,255000,2026,9,4,중개거래
강남구,개포동,개포주공7단지,83.7,1,1983,325000,2026,9,4,중개거래
강남구,역삼동,시티프라디움더강남201동,70.54,12,2021,161000,2026,9,3,중개거래
강남구,역삼동,쌍용플레티넘밸류,84.96,12,2007,160000,2026,9,3,중개거래
강남구,도곡동,도곡렉슬,84.9984,18,2006,378000,2026,9,1,중개거래
강남구,개포동,개포주공6단지,60.13,4,1983,310000,2026,9,1,중개거래
송파구,거여동,송파레이크파크호반써밋Ⅱ,108.8109,3,2022,229000,2026,9,19,중개거래
송파구,잠실동,트리지움,84.83,12,2007,325000,2026,9,18,중개거래
송파구,신천동,파크리오,59.95,9,2008,270000,2026,9,30,중개거래
송파구,잠실동,리센츠,84.99,18,2008,336000,2026,9,29,중개거래
송파구,방이동,인택스빌,76.56,4,2001,95700,2026,9,30,중개거래
송파구,송파동,송파삼성래미안아파트,79.7,6,2001,225000,2026,9,30,중개거래
송파구,신천동,파크리오,35.24,11,2008,145000,2026,9,18,중개거래
송파구,잠실동,우성아파트,96.65,9,1981,340000,2026,9,28,중개거래
송파구,송파동,에스탑(20-10),85.03,6,2004,103000,2026,9,29,중개거래
송파구,잠실동,트리지움,84.95,17,2007,320000,2026,9,18,중개거래
송파구,잠실동,트리지움,84.95,16,2007,310000,2026,9,23,중개거래
송파구,송파동,가락삼익맨숀,84.828,2,1984,250000,2026,9,5,중개거래
송파구,가락동,헬리오시티,84.98,9,2018,305500,2026,9,22,중개거래
송파구,잠실동,주공아파트 5단지,76.5,7,1978,392700,2026,9,21,중개거래
송파구,송파동,가락삼익맨숀,84.828,2,1984,265000,2026,9,12,중개거래
송파구,잠실동,리센츠,27.68,28,2008,158500,2026,9,22,중개거래
송파구,신천동,파크리오,35.24,17,2008,140000,2026,9,16,중개거래
송파구,잠실동,리센츠,27.68,32,2008,195000,2026,9,28,중개거래
송파구,풍납동,토성현대,57.24,12,1986,99000,2026,9,28,중개거래
송파구,장지동,송파파인타운7단지,84.94,9,2007,208000,2026,9,23,중개거래
송파구,잠실동,리센츠,27.68,12,2008,173000,2026,9,23,중개거래
송파구,오금동,현대백조,31,2,1997,72000,2026,9,18,중개거래
송파구,신천동,파크리오,35.24,9,2008,146700,2026,9,10,중개거래
송파구,잠실동,트리지움,149.45,30,2007,415000,2026,9,22,중개거래
송파구,석촌동,잠실한솔,84.87,2,2000,193000,2026,9,5,중개거래
송파구,거여동,포레나송파,66.83,5,2021,170000,2026,9,19,중개거래
송파구,잠실동,레이크팰리스,135.82,9,2006,362500,2026,9,10,직거래
송파구,마천동,삼익1,84.9,6,1996,143500,2026,9,18,중개거래
송파구,장지동,송파더센트레,51.96,5,2013,155000,2026,9,23,중개거래
송파구,신천동,파크리오,59.95,11,2008,260000,2026,9,22,중개거래
송파구,거여동,포레나송파,80.41,10,2021,188000,2026,9,22,중개거래
송파구,잠실동,주공아파트 5단지,76.5,12,1978,405700,2026,9,22,중개거래
송파구,장지동,송파해링턴타워,18.01,3,2026,41350,2026,9,18,직거래
송파구,장지동,송파해링턴타워,18.01,3,2026,41350,2026,9,18,직거래
송파구,장지동,송파해링턴타워,18.01,3,2026,41350,2026,9,18,직거래
송파구,장지동,송파해링턴타워,18.01,3,2026,41350,2026,9,18,직거래
송파구,장지동,송파해링턴타워,18.01,3,2026,41350,2026,9,18,직거래
송파구,장지동,송파해링턴타워,18.01,3,2026,41350,2026,9,18,직거래
송파구,장지동,송파해링턴타워,18.01,3,2026,41350,2026,9,18,직거래
송파구,장지동,송파해링턴타워,18.01,3,2026,41350,2026,9,18,직거래
송파구,장지동,송파해링턴타워,18.01,3,2026,41350,2026,9,18,직거래
송파구,장지동,송파해링턴타워,18.01,3,2026,41350,2026,9,18,직거래
송파구,장지동,송파해링턴타워,18.01,3,2026,40700,2026,9,18,직거래
송파구,장지동,송파해링턴타워,18.01,3,2026,40700,2026,9,18,직거래
송파구,장지동,송파해링턴타워,18.01,3,2026,40700,2026,9,18,직거래
송파구,장지동,송파해링턴타워,18.01,3,2026,40700,2026,9,18,직거래
송파구,장지동,송파해링턴타워,18.01,3,2026,40700,2026,9,18,직거래
송파구,장지동,송파해링턴타워,18.01,3,2026,40700,2026,9,18,직거래
송파구,장지동,송파해링턴타워,18.01,3,2026,40700,2026,9,18,직거래
송파구,장지동,송파해링턴타워,18.01,3,2026,40700,2026,9,18,직거래
송파구,장지동,송파해링턴타워,18.01,3,2026,40700,2026,9,18,직거래
송파구,장지동,송파해링턴타워,18.01,3,2026,40700,2026,9,18,직거래
송파구,장지동,송파해링턴타워,18.01,4,2026,41600,2026,9,18,직거래
송파구,장지동,송파해링턴타워,18.01,4,2026,41600,2026,9,18,직거래
송파구,장지동,송파해링턴타워,18.01,4,2026,41600,2026,9,18,직거래
송파구,장지동,송파해링턴타워,18.01,4,2026,41600,2026,9,18,직거래
송파구,장지동,송파해링턴타워,18.01,4,2026,41600,2026,9,18,직거래
송파구,장지동,송파해링턴타워,18.01,4,2026,41600,2026,9,18,직거래
송파구,장지동,송파해링턴타워,18.01,4,2026,41600,2026,9,18,직거래
송파구,장지동,송파해링턴타워,18.01,4,2026,41600,2026,9,18,직거래
송파구,장지동,송파해링턴타워,18.01,4,2026,41600,2026,9,18,직거래
송파구,장지동,송파해링턴타워,18.01,4,2026,41600,2026,9,18,직거래
송파구,장지동,송파해링턴타워,18.01,4,2026,40900,2026,9,18,직거래
송파구,장지동,송파해링턴타워,18.01,4,2026,40900,2026,9,18,직거래
송파구,장지동,송파해링턴타워,18.01,4,2026,40900,2026,9,18,직거래
송파구,장지동,송파해링턴타워,18.01,4,2026,40900,2026,9,18,직거래
송파구,장지동,송파해링턴타워,18.01,4,2026,40900,2026,9,18,직거래
송파구,장지동,송파해링턴타워,18.01,4,2026,40900,2026,9,18,직거래
송파구,장지동,송파해링턴타워,18.01,4,2026,40900,2026,9,18,직거래
송파구,장지동,송파해링턴타워,18.01,4,2026,40900,2026,9,18,직거래
송파구,장지동,송파해링턴타워,18.01,4,2026,40900,2026,9,18,직거래
송파구,장지동,송파해링턴타워,18.01,4,2026,40900,2026,9,18,직거래
송파구,장지동,송파해링턴타워,18.01,4,2026,40900,2026,9,18,직거래
송파구,장지동,송파해링턴타워,18.01,5,2026,41600,2026,9,18,직거래
송파구,장지동,송파해링턴타워,18.01,5,2026,41600,2026,9,18,직거래
송파구,장지동,송파해링턴타워,18.01,5,2026,41600,2026,9,18,직거래
송파구,장지동,송파해링턴타워,18.01,5,2026,41600,2026,9,18,직거래
송파구,장지동,송파해링턴타워,18.01,5,2026,41600,2026,9,18,직거래
송파구,장지동,송파해링턴타워,18.01,5,2026,41600,2026,9,18,직거래
송파구,장지동,송파해링턴타워,18.01,5,2026,41600,2026,9,18,직거래
송파구,장지동,송파해링턴타워,18.01,5,2026,41600,2026,9,18,직거래
송파구,장지동,송파해링턴타워,18.01,5,2026,41600,2026,9,18,직거래
송파구,장지동,송파해링턴타워,18.01,5,2026,41600,2026,9,18,직거래
송파구,장지동,송파해링턴타워,18.01,5,2026,41600,2026,9,18,직거래
송파구,장지동,송파해링턴타워,18.01,5,2026,40900,2026,9,18,직거래
송파구,장지동,송파해링턴타워,18.01,5,2026,40900,2026,9,18,직거래
송파구,장지동,송파해링턴타워,18.01,5,2026,40900,2026,9,18,직거래
송파구,장지동,송파해링턴타워,18.01,5,2026,40900,2026,9,18,직거래
송파구,장지동,송파해링턴타워,18.01,5,2026,40900,2026,9,18,직거래
송파구,장지동,송파해링턴타워,18.01,5,2026,40900,2026,9,18,직거래
송파구,장지동,송파해링턴타워,18.01,5,2026,40900,2026,9,18,직거래
송파구,장지동,송파해링턴타워,18.01,5,2026,40900,2026,9,18,직거래
송파구,장지동,송파해링턴타워,18.01,5,2026,40900,2026,9,18,직거래
송파구,장지동,송파해링턴타워,18.01,5,2026,40900,2026,9,18,직거래
송파구,장지동,송파해링턴타워,18.01,5,2026,40900,2026,9,18,직거래
송파구,장지동,송파해링턴타워,18.01,6,2026,42000,2026,9,18,직거래
송파구,장지동,송파해링턴타워,18.01,6,2026,42000,2026,9,18,직거래
송파구,장지동,송파해링턴타워,18.01,6,2026,42000,2026,9,18,직거래
송파구,장지동,송파해링턴타워,18.01,6,2026,42000,2026,9,18,직거래
송파구,장지동,송파해링턴타워,18.01,6,2026,42000,2026,9,18,직거래
송파구,장지동,송파해링턴타워,18.01,6,2026,42000,2026,9,18,직거래
송파구,장지동,송파해링턴타워,18.01,6,2026,42000,2026,9,18,직거래
송파구,장지동,송파해링턴타워,18.01,6,2026,42000,2026,9,18,직거래
송파구,장지동,송파해링턴타워,18.01,6,2026,41350,2026,9,18,직거래
송파구,장지동,송파해링턴타워,18.01,6,2026,41350,2026,9,18,직거래
송파구,장지동,송파해링턴타워,18.01,6,2026,41350,2026,9,18,직거래
송파구,장지동,송파해링턴타워,18.01,6,2026,41350,2026,9,18,직거래
송파구,장지동,송파해링턴타워,18.01,6,2026,41350,2026,9,18,직거래
송파구,장지동,송파해링턴타워,18.01,6,2026,41350,2026,9,18,직거래
송파구,장지동,송파해링턴타워,18.01,6,2026,41350,2026,9,18,직거래
송파구,장지동,송파해링턴타워,18.01,6,2026,41350,2026,9,18,직거래
송파구,장지동,송파해링턴타워,18.01,6,2026,41350,2026,9,18,직거래
송파구,장지동,송파해링턴타워,18.01,7,2026,42000,2026,9,18,직거래
송파구,장지동,송파해링턴타워,18.01,7,2026,42000,2026,9,18,직거래
송파구,장지동,송파해링턴타워,18.01,7,2026,42000,2026,9,18,직거래
송파구,장지동,송파해링턴타워,18.01,7,2026,42000,2026,9,18,직거래
송파구,장지동,송파해링턴타워,18.01,7,2026,42000,2026,9,18,직거래
송파구,장지동,송파해링턴타워,18.01,7,2026,42000,2026,9,18,직거래
송파구,장지동,송파해링턴타워,18.01,7,2026,42000,2026,9,18,직거래
송파구,장지동,송파해링턴타워,18.01,7,2026,42000,2026,9,18,직거래
송파구,장지동,송파해링턴타워,18.01,7,2026,42000,2026,9,18,직거래
송파구,장지동,송파해링턴타워,18.01,7,2026,42000,2026,9,18,직거래
송파구,장지동,송파해링턴타워,18.01,7,2026,41350,2026,9,18,직거래
송파구,장지동,송파해링턴타워,18.01,7,2026,41350,2026,9,18,직거래
송파구,장지동,송파해링턴타워,18.01,7,2026,41350,2026,9,18,직거래
송파구,장지동,송파해링턴타워,18.01,7,2026,41350,2026,9,18,직거래
송파구,장지동,송파해링턴타워,18.01,7,2026,41350,2026,9,18,직거래
송파구,장지동,송파해링턴타워,18.01,7,2026,41350,2026,9,18,직거래
송파구,장지동,송파해링턴타워,18.01,7,2026,41350,2026,9,18,직거래
송파구,장지동,송파해링턴타워,18.01,7,2026,41350,2026,9,18,직거래
송파구,장지동,송파해링턴타워,18.01,7,2026,41350,2026,9,18,직거래
송파구,장지동,송파해링턴타워,18.01,8,2026,42000,2026,9,18,직거래
송파구,장지동,송파해링턴타워,18.01,8,2026,42000,2026,9,18,직거래
송파구,장지동,송파해링턴타워,18.01,8,2026,42000,2026,9,18,직거래
송파구,장지동,송파해링턴타워,18.01,8,2026,42000,2026,9,18,직거래
송파구,장지동,송파해링턴타워,18.01,8,2026,42000,2026,9,18,직거래
송파구,장지동,송파해링턴타워,18.01,8,2026,42000,2026,9,18,직거래
송파구,장지동,송파해링턴타워,18.01,8,2026,42000,2026,9,18,직거래
송파구,장지동,송파해링턴타워,18.01,8,2026,42000,2026,9,18,직거래
송파구,장지동,송파해링턴타워,18.01,8,2026,42000,2026,9,18,직거래
송파구,장지동,송파해링턴타워,18.01,8,2026,41350,2026,9,18,직거래
송파구,장지동,송파해링턴타워,18.01,8,2026,41350,2026,9,18,직거래
송파구,장지동,송파해링턴타워,18.01,8,2026,41350,2026,9,18,직거래
송파구,장지동,송파해링턴타워,18.01,8,2026,41350,2026,9,18,직거래
송파구,장지동,송파해링턴타워,18.01,8,2026,41350,2026,9,18,직거래
송파구,장지동,송파해링턴타워,18.01,8,2026,41350,2026,9,18,직거래
송파구,장지동,송파해링턴타워,18.01,8,2026,41350,2026,9,18,직거래
송파구,장지동,송파해링턴타워,18.01,8,2026,41350,2026,9,18,직거래
송파구,장지동,송파해링턴타워,18.01,8,2026,41350,2026,9,18,직거래
송파구,장지동,송파해링턴타워,18.01,9,2026,42000,2026,9,18,직거래
송파구,장지동,송파해링턴타워,18.01,9,2026,42000,2026,9,18,직거래
송파구,장지동,송파해링턴타워,18.01,9,2026,42000,2026,9,18,직거래
송파구,장지동,송파해링턴타워,18.01,9,2026,42000,2026,9,18,직거래
송파구,장지동,송파해링턴타워,18.01,9,2026,42000,2026,9,18,직거래
송파구,장지동,송파해링턴타워,18.01,9,2026,42000,2026,9,18,직거래
송파구,장지동,송파해링턴타워,18.01,9,2026,42000,2026,9,18,직거래
송파구,장지동,송파해링턴타워,18.01,9,2026,42000,2026,9,18,직거래
송파구,장지동,송파해링턴타워,18.01,9,2026,42000,2026,9,18,직거래
송파구,장지동,송파해링턴타워,18.01,9,2026,42000,2026,9,18,직거래
송파구,장지동,송파해링턴타워,18.01,9,2026,42000,2026,9,18,직거래
송파구,장지동,송파해링턴타워,18.01,9,2026,42000,2026,9,18,직거래
송파구,장지동,송파해링턴타워,18.01,9,2026,41350,2026,9,18,직거래
송파구,장지동,송파해링턴타워,18.01,9,2026,41350,2026,9,18,직거래
송파구,장지동,송파해링턴타워,18.01,9,2026,41350,2026,9,18,직거래
송파구,장지동,송파해링턴타워,18.01,9,2026,41350,2026,9,18,직거래
송파구,장지동,송파해링턴타워,18.01,9,2026,41350,2026,9,18,직거래
송파구,장지동,송파해링턴타워,18.01,9,2026,41350,2026,9,18,직거래
송파구,장지동,송파해링턴타워,18.01,9,2026,41350,2026,9,18,직거래
송파구,장지동,송파해링턴타워,18.01,9,2026,41350,2026,9,18,직거래
송파구,장지동,송파해링턴타워,18.01,9,2026,41350,2026,9,18,직거래
송파구,장지동,송파해링턴타워,18.01,9,2026,41350,2026,9,18,직거래
송파구,장지동,송파해링턴타워,18.01,9,2026,41350,2026,9,18,직거래
송파구,장지동,송파해링턴타워,18.01,10,2026,42000,2026,9,18,직거래
송파구,장지동,송파해링턴타워,18.01,10,2026,42000,2026,9,18,직거래
송파구,장지동,송파해링턴타워,18.01,10,2026,42000,2026,9,18,직거래
송파구,장지동,송파해링턴타워,18.01,10,2026,42000,2026,9,18,직거래
송파구,장지동,송파해링턴타워,18.01,10,2026,42000,2026,9,18,직거래
송파구,장지동,송파해링턴타워,18.01,10,2026,42000,2026,9,18,직거래
송파구,장지동,송파해링턴타워,18.01,10,2026,42000,2026,9,18,직거래
송파구,장지동,송파해링턴타워,18.01,10,2026,42000,2026,9,18,직거래
송파구,장지동,송파해링턴타워,18.01,10,2026,42000,2026,9,18,직거래
송파구,장지동,송파해링턴타워,18.01,10,2026,42000,2026,9,18,직거래
송파구,장지동,송파해링턴타워,18.01,10,2026,42000,2026,9,18,직거래
송파구,장지동,송파해링턴타워,18.01,10,2026,41350,2026,9,18,직거래
송파구,장지동,송파해링턴타워,18.01,10,2026,41350,2026,9,18,직거래
송파구,장지동,송파해링턴타워,18.01,10,2026,41350,2026,9,18,직거래
송파구,장지동,송파해링턴타워,18.01,10,2026,41350,2026,9,18,직거래
송파구,장지동,송파해링턴타워,18.01,10,2026,41350,2026,9,18,직거래
송파구,장지동,송파해링턴타워,18.01,10,2026,41350,2026,9,18,직거래
송파구,장지동,송파해링턴타워,18.01,10,2026,41350,2026,9,18,직거래
송파구,장지동,송파해링턴타워,18.01,10,2026,41350,2026,9,18,직거래
송파구,장지동,송파해링턴타워,18.01,10,2026,41350,2026,9,18,직거래
송파구,장지동,송파해링턴타워,18.01,11,2026,42000,2026,9,18,직거래
송파구,장지동,송파해링턴타워,18.01,11,2026,42000,2026,9,18,직거래
송파구,장지동,송파해링턴타워,18.01,11,2026,42000,2026,9,18,직거래
송파구,장지동,송파해링턴타워,18.01,11,2026,42000,2026,9,18,직거래
송파구,장지동,송파해링턴타워,18.01,11,2026,42000,2026,9,18,직거래
송파구,장지동,송파해링턴타워,18.01,11,2026,42000,2026,9,18,직거래
송파구,장지동,송파해링턴타워,18.01,11,2026,42000,2026,9,18,직거래
송파구,장지동,송파해링턴타워,18.01,11,2026,42000,2026,9,18,직거래
송파구,장지동,송파해링턴타워,18.01,11,2026,42000,2026,9,18,직거래
송파구,장지동,송파해링턴타워,18.01,11,2026,42000,2026,9,18,직거래
송파구,장지동,송파파인타운1단지,84.95,4,2010,175000,2026,9,18,중개거래
송파구,거여동,e편한세상송파파크센트럴,59.94,17,2021,180000,2026,9,21,중개거래
송파구,거여동,송파시그니처롯데캐슬,84.98,9,2021,210000,2026,9,17,중개거래
송파구,잠실동,갤러리아팰리스,138.561,29,2005,297000,2026,9,18,중개거래
송파구,풍납동,씨티극동1,59.69,21,1998,130000,2026,9,14,중개거래
송파구,송파동,갑오빌라트,75.13,3,2003,99000,2026,9,17,중개거래
송파구,거여동,거여2단지효성아파트,134.88,11,1997,175000,2026,9,21,중개거래
송파구,방이동,동광팰리스,22.57,16,2018,40000,2026,9,19,중개거래
송파구,잠실동,리센츠,27.68,6,2008,150000,2026,9,18,중개거래
송파구,문정동,문정시영,39.69,13,1989,124500,2026,9,20,중개거래
송파구,문정동,건영1,77.68,7,1996,176500,2026,9,19,중개거래
송파구,신천동,파크리오,84.9,21,2008,300000,2026,9,19,중개거래
송파구,거여동,포레나송파,66.83,12,2021,175000,2026,9,18,중개거래
송파구,잠실동,잠실엘스,59.96,11,2008,294000,2026,9,18,중개거래
송파구,거여동,송파레이크파크호반써밋Ⅰ,108.8119,10,2022,210000,2026,9,18,중개거래
송파구,신천동,파크리오,84.97,21,2008,315000,2026,9,12,중개거래
송파구,신천동,잠실더샵스타파크,208.28,30,2008,348000,2026,9,3,중개거래
송파구,풍납동,현대1,83.02,13,1995,200000,2026,9,17,중개거래
송파구,신천동,파크리오,35.24,1,2008,139500,2026,9,14,중개거래
송파구,가락동,동궁리치웰(101동),136.16,2,2002,148000,2026,9,10,중개거래
송파구,석촌동,잠실한솔,59.86,11,2000,192000,2026,9,15,중개거래
송파구,가락동,삼환,84.704,10,1984,220000,2026,9,11,중개거래
송파구,잠실동,리센츠,27.68,26,2008,158000,2026,9,16,중개거래
송파구,신천동,파크리오,59.64,5,2008,277500,2026,9,16,중개거래
송파구,잠실동,잠실엘스,59.96,18,2008,292000,2026,9,11,중개거래
송파구,석촌동,석촌호수효성해링턴타워,15.8307,6,2015,20800,2026,9,15,중개거래
송파구,잠실동,트리지움,84.95,11,2007,310000,2026,9,4,중개거래
송파구,거여동,거여1단지,39.6,9,1997,101000,2026,9,15,중개거래
송파구,풍납동,올림픽레아아파트,29.2699,5,2024,52300,2026,9,15,중개거래
송파구,풍납동,송파현대힐스테이트,84.99,3,2006,165000,2026,9,4,중개거래
송파구,문정동,올림픽훼밀리타운,136.325,5,1988,305000,2026,9,14,중개거래
송파구,문정동,파크하비오,84.9725,11,2016,204500,2026,9,14,중개거래
송파구,잠실동,우성4차,81.14,2,1983,236000,2026,9,10,중개거래
송파구,잠실동,잠실엘스,84.88,16,2008,332500,2026,9,12,중개거래
송파구,가락동,로즈힐파크(A동),106.29,3,2009,110000,2026,9,13,중개거래
송파구,문정동,문정가락현대1차,84.98,13,1984,201000,2026,9,9,중개거래
송파구,장지동,송파파인타운6단지,84.98,15,2008,190000,2026,9,12,중개거래
송파구,가락동,헬리오시티,59.96,17,2018,269000,2026,9,6,중개거래
송파구,잠실동,트리지움,84.97,9,2007,321000,2026,9,12,중개거래
송파구,가락동,래미안파크팰리스,59.968,6,2007,229000,2026,9,12,중개거래
송파구,신천동,파크리오,144.77,11,2008,365000,2026,9,11,중개거래
송파구,가락동,두산위브,33.1,10,2004,23500,2026,9,11,중개거래
송파구,송파동,가락삼익맨숀,84.828,7,1984,273000,2026,9,5,중개거래
송파구,장지동,송파파인타운11단지,84.94,12,2007,184000,2026,9,10,중개거래
송파구,장지동,위례24단지(꿈에그린),84.96,6,2013,227000,2026,9,11,중개거래
송파구,송파동,레이크해모로,68.52,4,2005,126000,2026,9,11,중개거래
송파구,오금동,송파더플래티넘,66.94,10,2024,145000,2026,9,10,중개거래
송파구,장지동,송파파인타운4단지,84.95,10,2008,136000,2026,9,10,중개거래
송파구,거여동,거여5단지,59.74,13,1997,138000,2026,9,10,중개거래
송파구,장지동,위례아이파크,114.8358,13,2015,248000,2026,9,10,중개거래
송파구,문정동,파크하비오,84.9725,15,2016,213000,2026,9,7,중개거래
송파구,송파동,한양아파트,119.68,4,1983,252500,2026,9,4,중개거래
송파구,장지동,송파파인타운6단지,84.98,2,2008,182000,2026,9,5,중개거래
송파구,가락동,성원상떼빌,90.7,7,2006,124000,2026,9,9,중개거래
송파구,방이동,부광,81.92,2,2004,79000,2026,9,7,중개거래
송파구,풍납동,이트리움송파(281-4),84.7,3,2024,94000,2026,9,9,중개거래
송파구,송파동,한양아파트,64.26,12,1983,210000,2026,9,7,중개거래
송파구,잠실동,리센츠,84.99,27,2008,360000,2026,9,8,중개거래
송파구,문정동,트윈팰리스(101동),84.78,3,2006,108500,2026,9,7,중개거래
송파구,가락동,쌍용스윗닷홈(105동),122.43,8,2005,160000,2026,9,3,직거래
송파구,송파동,2차한양아파트,64.26,8,1984,222000,2026,9,4,중개거래
송파구,거여동,송파시그니처롯데캐슬,59.98,15,2021,180000,2026,9,5,중개거래
송파구,잠실동,레이크팰리스,136.74,25,2006,380000,2026,9,5,중개거래
송파구,방이동,코오롱아파트,84.95,11,1991,218500,2026,9,5,중개거래
송파구,잠실동,잠실엘스,84.8,10,2008,329000,2026,9,5,중개거래
송파구,방이동,방이금호어울림,84.3,3,2001,149000,2026,9,5,중개거래
송파구,장지동,송파와이즈더샵,96.7817,21,2016,230000,2026,9,5,중개거래
송파구,장지동,위례24단지(꿈에그린),51.77,13,2013,163500,2026,9,5,중개거래
송파구,송파동,래미안송파파인탑,53.36,22,2012,206000,2026,9,4,중개거래
송파구,신천동,한신잠실코아,52.51,4,1988,175000,2026,9,2,중개거래
송파구,문정동,현대,84.03,2,1991,108000,2026,9,2,중개거래
송파구,문정동,문정시영,25.65,5,1989,75500,2026,9,1,중개거래
송파구,장지동,송파파인타운11단지,84.94,13,2007,185000,2026,9,1,중개거래
송파구,잠실동,잠실엘스,84.8,17,2008,360000,2026,9,10,중개거래
강동구,길동,길동우성,84.75,10,1994,133000,2026,9,30,중개거래
강동구,천호동,강동이루미아파트,84.88,7,2005,90000,2026,9,23,중개거래
강동구,고덕동,고덕센트럴푸르지오,84.95,35,2020,205000,2026,9,14,중개거래
강동구,상일동,고덕자이,74.823,9,2021,198000,2026,9,22,중개거래
강동구,명일동,삼익그린2차,66.87,4,1983,187500,2026,9,28,중개거래
강동구,길동,삼유스위트빌,82.82,3,2002,60000,2026,9,19,중개거래
강동구,성내동,동원2,84.83,12,2002,105000,2026,9,29,중개거래
강동구,고덕동,아남1,50.2,17,1996,127000,2026,9,30,중개거래
강동구,강일동,강일리버파크10단지,84.74,13,2009,68000,2026,9,30,중개거래
강동구,둔촌동,광남캐스빌103동,84.77,13,2004,102000,2026,9,30,중개거래
강동구,성내동,집앤사비디아파트,38.4,3,2019,46500,2026,9,5,중개거래
강동구,상일동,고덕아르테온,59.96,10,2020,194000,2026,9,29,중개거래
강동구,암사동,삼성광나루,84.79,6,2002,155500,2026,9,23,중개거래
강동구,명일동,고덕주공9,83.93,9,1985,130000,2026,9,9,직거래
강동구,둔촌동,올림픽파크포레온,84.99,28,2024,289000,2026,9,22,중개거래
강동구,둔촌동,신동아파밀리에,59.4,8,2002,140000,2026,9,28,중개거래
강동구,길동,삼익세라믹,84.85,11,1992,88000,2026,9,28,중개거래
강동구,천호동,아스하임,11.33,8,2021,19000,2026,9,28,중개거래
강동구,명일동,래미안솔베뉴,59.11,32,2019,192000,2026,9,28,중개거래
강동구,성내동,금광포란재,118.61,9,2007,116000,2026,9,11,중개거래
강동구,천호동,강동역두산위브센티움,59.96,2,2004,73000,2026,9,23,중개거래
강동구,명일동,신동아,81.07,10,1986,197000,2026,9,23,중개거래
강동구,명일동,현대(고덕),84.91,13,1986,184000,2026,9,23,중개거래
강동구,천호동,천호네스빌,50.46,6,2003,44000,2026,9,18,중개거래
강동구,천호동,태천와이드빌,84.75,2,2000,65250,2026,9,16,중개거래
강동구,길동,길동우성,84.75,8,1994,133100,2026,9,23,중개거래
강동구,둔촌동,신성둔촌미소지움2,84.78,7,2000,155500,2026,9,22,중개거래
강동구,암사동,프라이어팰리스,84.949,14,2007,175500,2026,9,23,중개거래
강동구,길동,한빛골드빌1차,72.41,8,2001,80000,2026,9,22,중개거래
강동구,성내동,LIGA,125.35,11,2008,108000,2026,9,4,중개거래
강동구,길동,에이치비골드빌(103동),57.31,6,2004,61500,2026,9,9,중개거래
강동구,상일동,고덕롯데캐슬베네루체,122.082,23,2019,230000,2026,9,22,중개거래
강동구,천호동,미사아름채아파트,12.565,9,2020,19000,2026,9,13,중개거래
강동구,천호동,금호아파트,27.61,8,1987,34500,2026,9,11,중개거래
강동구,상일동,고덕롯데캐슬베네루체,84.923,7,2019,194000,2026,9,21,중개거래
강동구,암사동,힐스테이트 강동 리버뷰,84.9979,6,2019,166000,2026,9,21,중개거래
강동구,길동,에스아이팰리스강동센텀I,33.291,8,2023,46000,2026,9,10,중개거래
강동구,성내동,비앤비(102동),97.67,2,2003,101500,2026,9,19,중개거래
강동구,둔촌동,더샵둔촌포레,95.2435,13,1984,194500,2026,9,19,중개거래
강동구,성내동,한솔애리즈1,115.51,6,2002,117000,2026,9,20,중개거래
강동구,천호동,천호역마에스트로,30.1316,10,2025,73000,2026,9,19,중개거래
강동구,천호동,광남벨라스643V(50-7),126.4,2,2003,82000,2026,9,15,중개거래
강동구,명일동,래미안솔베뉴,59.11,10,2019,190000,2026,9,19,중개거래
강동구,고덕동,고덕센트럴푸르지오,59.14,11,2020,162000,2026,9,19,중개거래
강동구,길동,다성이즈텔,84.88,14,2004,59700,2026,9,19,중개거래
강동구,고덕동,고덕그라시움,84.244,5,2019,245000,2026,9,12,중개거래
강동구,성내동,하나플러스,46.33,8,2003,73500,2026,9,18,중개거래
강동구,성내동,성내동삼성아파트,59.88,12,1999,145000,2026,9,19,중개거래
강동구,암사동,삼성광나루,59.69,6,2002,154000,2026,9,18,중개거래
강동구,천호동,천호네스빌,33.93,2,2003,28300,2026,9,17,중개거래
강동구,길동,다성이즈빌(349-1),17.2,5,2012,13900,2026,9,17,직거래
강동구,길동,강동큐브(2차),15.12,7,2013,8500,2026,9,4,중개거래
강동구,길동,우성,48.3,1,1996,47000,2026,9,17,중개거래
강동구,둔촌동,더샵둔촌포레,95.2435,7,1984,180000,2026,9,15,중개거래
강동구,고덕동,아남1,84.91,6,1996,159000,2026,9,16,중개거래
강동구,성내동,집앤사비디아파트,38.4,3,2019,46500,2026,9,5,중개거래
강동구,길동,길동우성,84.75,9,1994,130000,2026,9,16,중개거래
강동구,둔촌동,더샵파크솔레이유,52.47,5,2023,129000,2026,9,16,중개거래
강동구,암사동,영상라이브센스,84.61,2,2002,68000,2026,9,10,중개거래
강동구,성내동,새한올림픽,82.22,3,2001,92000,2026,9,16,중개거래
강동구,성내동,동원2,84.83,11,2002,104000,2026,9,12,중개거래
강동구,성내동,선광,59.96,6,1997,92700,2026,9,7,중개거래
강동구,천호동,강동역신동아파밀리에,101.25,13,2015,156000,2026,9,14,중개거래
강동구,길동,동삼빌라트,81.16,8,1998,75800,2026,9,14,중개거래
강동구,강일동,강동리버스트4단지,49.82,18,2020,101500,2026,9,2,중개거래
강동구,천호동,다성이즈빌아파트(55-25),109.37,8,2006,99500,2026,9,4,중개거래
강동구,둔촌동,올림픽파크포레온,84.99,19,2024,230000,2026,9,12,직거래
강동구,명일동,명일우성,133.65,15,1986,225000,2026,9,12,중개거래
강동구,길동,강동헤리티지자이,74.974,28,2024,185000,2026,9,5,중개거래
강동구,명일동,명일우성,84.93,6,1986,189000,2026,9,12,중개거래
강동구,강일동,강일리버파크3단지,59.87,12,2009,122500,2026,9,12,중개거래
강동구,둔촌동,둔촌푸르지오,84.9,14,2010,172000,2026,9,11,중개거래
강동구,둔촌동,KNP주상복합1,70.47,7,2002,65000,2026,9,12,중개거래
강동구,암사동,한솔솔파크,84.98,6,2009,147000,2026,9,5,중개거래
강동구,둔촌동,둔촌푸르지오,84.92,2,2010,160000,2026,9,10,중개거래
강동구,고덕동,래미안힐스테이트고덕,59.35,34,2016,180000,2026,9,10,중개거래
강동구,천호동,동아하이빌아파트,59.98,12,2000,85000,2026,9,9,중개거래
강동구,천호동,금호아파트,27.61,10,1987,33000,2026,9,9,중개거래
강동구,천호동,현진리버파크,23.24,6,2017,35000,2026,9,5,중개거래
강동구,천호동,래미안강동팰리스,84.97,41,2017,190000,2026,9,5,중개거래
강동구,길동,강동LG자이,84.17,2,2003,97100,2026,9,9,중개거래
강동구,천호동,래미안강동팰리스,84.97,41,2017,190000,2026,9,8,중개거래
강동구,둔촌동,성원,76.77,9,1995,95000,2026,9,5,중개거래
강동구,고덕동,고덕그라시움,59.785,15,2019,218500,2026,9,8,중개거래
강동구,천호동,금호아파트,27.61,4,1987,35000,2026,9,4,중개거래
강동구,길동,길동우성,40.36,7,1994,85000,2026,9,5,중개거래
강동구,암사동,경지리버캐슬,142.83,9,2003,162500,2026,9,7,중개거래
강동구,성내동,올림픽파크힐,84.81,4,2005,95000,2026,9,7,중개거래
강동구,강일동,강일리버파크7단지,59.83,8,2009,100000,2026,9,7,중개거래
강동구,성내동,한솔애리즈,84.74,4,2010,88000,2026,9,4,중개거래
강동구,상일동,고덕자이,84.9712,28,2021,209000,2026,9,5,중개거래
강동구,둔촌동,현대4,58.3,5,1996,115000,2026,9,4,중개거래
강동구,암사동,프라이어팰리스,84.988,9,2007,175000,2026,9,4,중개거래
강동구,천호동,래미안강동팰리스,84.97,9,2017,180000,2026,9,5,중개거래
강동구,고덕동,아남1,84.91,9,1996,154500,2026,9,4,중개거래
강동구,고덕동,아남1,50.2,11,1996,120000,2026,9,4,중개거래
강동구,천호동,대우한강베네시티,114.63,11,2007,133500,2026,9,5,중개거래
강동구,둔촌동,둔촌푸르지오,84.92,23,2010,166000,2026,9,5,중개거래
강동구,둔촌동,더샵파크솔레이유,53.24,1,2023,130500,2026,9,4,중개거래
강동구,성내동,에스케이허브진,33.71,7,2004,32800,2026,9,4,중개거래
강동구,강일동,강일리버파크4단지,84.74,1,2009,123000,2026,9,5,중개거래
강동구,길동,광남아파트101동,84.97,7,2003,69500,2026,9,3,중개거래
강동구,천호동,우성,64.53,7,1985,83807,2026,9,3,직거래
강동구,길동,청광플러스원(큐브1차),16.685,11,2012,9300,2026,9,3,중개거래
강동구,둔촌동,한솔솔파크,84.49,2,2003,127500,2026,9,3,중개거래
강동구,상일동,고덕센트럴IPARK,59.99,8,2019,181000,2026,9,2,중개거래
강동구,길동,강동헤리티지자이,59.98,17,2024,171000,2026,9,2,중개거래
강동구,명일동,래미안솔베뉴,59.11,9,2019,180000,2026,9,2,중개거래
강동구,천호동,금호아파트,27.61,13,1987,35400,2026,9,2,중개거래
강동구,암사동,롯데캐슬퍼스트,59.99,15,2008,175000,2026,9,2,중개거래
강동구,암사동,선사현대아파트,59.64,22,2000,157500,2026,9,1,중개거래
강동구,둔촌동,암펠로스타워,114.6,9,2006,103250,2026,9,1,중개거래
강동구,암사동,프라이어팰리스,59.983,8,2007,161500,2026,9,1,중개거래
