구,법정동,아파트명,전용면적,층,건축년도,거래금액,년,월,일,거래유형
종로구,홍파동,경희궁자이(2단지),59.895,6,2017,215000,2026,4,27,중개거래
종로구,교북동,경희궁자이(4단지),45.879,19,2017,139000,2026,4,29,중개거래
종로구,숭인동,도시그린빌라,44.4,6,1997,32000,2026,4,28,중개거래
종로구,사직동,광화문스페이스본(101동~105동),146.92,14,2008,258000,2026,4,14,중개거래
종로구,명륜2가,아남1,84.9,8,1995,119500,2026,4,24,중개거래
종로구,교북동,동아,84.28,7,1995,83000,2026,4,19,중개거래
종로구,창신동,동대문,28.8,1,1966,35000,2026,4,29,직거래
종로구,익선동,현대뜨레비앙,48.54,5,2003,48800,2026,4,28,중개거래
종로구,창신동,창신쌍용2,54.7,4,1993,74000,2026,4,25,중개거래
종로구,명륜2가,아남1,84.9,4,1995,112000,2026,4,19,중개거래
종로구,창신동,창신쌍용2,54.7,1,1993,69800,2026,4,29,중개거래
종로구,창신동,MID그린(1동),59.55,2,2002,60000,2026,4,21,중개거래
종로구,평창동,롯데캐슬로잔,190.743,1,2009,172000,2026,4,24,중개거래
종로구,평창동,롯데낙천대,110.53,1,2001,102000,2026,4,24,중개거래
종로구,평창동,롯데낙천대,110.53,4,2001,119000,2026,4,16,중개거래
종로구,창신동,두산,59.95,7,1999,86000,2026,4,30,중개거래
종로구,창신동,두산,59.95,2,1999,56700,2026,4,30,직거래
종로구,창신동,성용,58.23,5,1994,51000,2026,4,6,중개거래
종로구,창신동,두산,59.95,16,1999,90000,2026,4,27,중개거래
종로구,창신동,창신이수,84.5,5,2003,93500,2026,4,27,중개거래
종로구,동숭동,동성아파트(1동),57.96,5,1999,39000,2026,4,25,중개거래
종로구,명륜2가,아남1,84.8,19,1995,112000,2026,4,26,중개거래
종로구,평창동,삼성,84.93,9,1998,85000,2026,4,24,중개거래
종로구,평동,경희궁자이(3단지),84.8359,18,2017,260000,2026,4,25,중개거래
종로구,숭인동,종로센트레빌,59.92,5,2008,104300,2026,4,24,중개거래
종로구,평창동,삼성,59.97,11,1998,68000,2026,4,24,중개거래
종로구,창신동,창신쌍용2,64.66,5,1993,72800,2026,4,24,중개거래
종로구,무악동,현대,84.92,1,2000,143980,2026,4,24,중개거래
종로구,숭인동,종로동광모닝스카이,15.855,15,2013,10550,2026,4,20,중개거래
종로구,창신동,(627-120),45.04,5,1999,43000,2026,4,10,중개거래
종로구,당주동,롯데미도파광화문빌딩,93.36,9,1981,83000,2026,4,23,중개거래
종로구,창신동,창신쌍용2,79.87,8,1993,52000,2026,4,16,직거래
종로구,명륜2가,명륜동주상복합아남아파트,115.05,2,1999,139000,2026,4,23,중개거래
종로구,홍파동,경희궁자이(2단지),84.8359,8,2017,245000,2026,4,15,중개거래
종로구,효제동,포레스트힐시티,16.672,9,2017,15000,2026,4,22,중개거래
종로구,평동,경희궁자이(3단지),59.7547,1,2017,205500,2026,4,22,중개거래
종로구,창신동,창신쌍용1,79.87,6,1992,75000,2026,4,22,중개거래
종로구,숭인동,종로센트레빌,84.92,5,2008,116000,2026,4,21,중개거래
종로구,창신동,창신쌍용1,54.7,6,1992,77500,2026,4,21,중개거래
종로구,평창동,형우럭스빌(33-1),103.07,2,2005,102000,2026,4,20,중개거래
종로구,창신동,창신쌍용2,64.66,5,1993,79000,2026,4,20,중개거래
종로구,창신동,창신쌍용2,54.7,7,1993,78000,2026,4,20,중개거래
종로구,홍파동,경희궁자이(2단지),138.6533,15,2017,385000,2026,4,4,중개거래
종로구,숭인동,블루빌,42.94,9,2017,28500,2026,4,11,중개거래
종로구,창신동,창신쌍용1,79.87,8,1992,89000,2026,4,18,중개거래
종로구,무악동,인왕산2차아이파크,84.748,15,2015,144500,2026,4,18,중개거래
종로구,평동,경희궁자이(3단지),84.9443,14,2017,258000,2026,4,18,중개거래
종로구,평동,경희궁자이(3단지),84.9443,6,2017,236000,2026,4,11,중개거래
종로구,숭인동,숭인한양LEEPS,12.78,9,2014,9400,2026,4,7,중개거래
종로구,창신동,창신쌍용2,106.62,7,1993,92000,2026,4,17,중개거래
종로구,창신동,창신쌍용1,79.87,11,1992,85000,2026,4,16,중개거래
종로구,홍파동,경희궁자이(2단지),84.9443,5,2017,267000,2026,4,3,중개거래
종로구,숭인동,종로청계힐스테이트,59.9426,7,2009,95800,2026,4,10,중개거래
종로구,숭인동,블루빌,42.94,8,2017,29000,2026,4,6,중개거래
종로구,창신동,창신쌍용2,54.7,3,1993,69000,2026,4,15,중개거래
종로구,홍파동,경희궁자이(2단지),84.8359,12,2017,264000,2026,4,15,중개거래
종로구,창신동,브라운스톤창신,84.81,12,2006,95500,2026,4,15,중개거래
종로구,숭인동,종로중흥S클래스,19.466,14,2013,11800,2026,4,15,중개거래
종로구,사직동,광화문스페이스본(101동~105동),151.81,10,2008,219000,2026,4,15,중개거래
종로구,창신동,브라운스톤창신,84.67,5,2006,81000,2026,4,14,중개거래
종로구,창신동,창신쌍용2,54.7,5,1993,68000,2026,4,15,중개거래
종로구,숭인동,버넷하임1,17.93,15,2013,10000,2026,4,14,중개거래
종로구,청운동,청운현대,129.76,4,2000,104800,2026,4,1,직거래
종로구,명륜2가,아남1,84.9,4,1995,115000,2026,4,10,중개거래
종로구,익선동,현대뜨레비앙,46.64,2,2003,40000,2026,4,1,직거래
종로구,평동,경희궁자이(3단지),84.614,15,2017,250000,2026,4,13,중개거래
종로구,홍파동,경희궁자이(2단지),59.8547,7,2017,209000,2026,4,1,중개거래
종로구,숭인동,종로중흥S클래스,19.466,14,2013,12300,2026,4,11,중개거래
종로구,무악동,현대,114.9,9,2000,163400,2026,4,11,중개거래
종로구,무악동,인왕산아이파크,84.858,17,2008,158000,2026,4,11,중개거래
종로구,숭인동,종로센트레빌,59.92,6,2008,105000,2026,4,11,중개거래
종로구,교북동,경희궁자이(4단지),37.2635,12,2017,95000,2026,4,9,중개거래
종로구,명륜2가,아남1,84.9,12,1995,120000,2026,4,10,중개거래
종로구,명륜2가,아남1,84.9,1,1995,105000,2026,4,2,중개거래
종로구,숭인동,종로센트레빌,84.92,1,2008,120000,2026,4,4,중개거래
종로구,명륜2가,아남1,84.8,6,1995,106000,2026,4,17,중개거래
종로구,무악동,현대,84.92,13,2000,144980,2026,4,8,중개거래
종로구,창신동,두산,59.95,9,1999,90000,2026,4,7,중개거래
종로구,명륜2가,아남1,84.8,6,1995,103500,2026,4,4,중개거래
종로구,명륜2가,명륜동주상복합아남아파트,47.43,6,1999,66000,2026,4,2,중개거래
종로구,교북동,경희궁자이(4단지),37.2635,8,2017,99700,2026,4,4,중개거래
종로구,인의동,효성쥬얼리시티,98.39,8,2006,104000,2026,4,4,중개거래
종로구,창신동,두산,59.95,12,1999,89500,2026,4,3,중개거래
종로구,인의동,효성쥬얼리시티,92.81,15,2006,105000,2026,4,3,중개거래
종로구,창신동,창신쌍용2,106.62,6,1993,89000,2026,4,2,중개거래
종로구,숭인동,종로중흥S클래스,19.466,13,2013,12600,2026,4,2,중개거래
중구,만리동1가,LIG서울역리가,84.9866,5,2012,165000,2026,4,15,중개거래
중구,회현동1가,남산롯데캐슬아이리스,44.99,22,2011,104000,2026,4,30,중개거래
중구,황학동,골드캐슬Ⅲ,32.75,11,2017,32000,2026,4,26,중개거래
중구,신당동,약수하이츠,84.88,16,1999,178000,2026,4,15,중개거래
중구,신당동,남산타운,84.88,17,2002,188000,2026,4,20,중개거래
중구,황학동,(1546-0),29.72,7,2015,27500,2026,4,30,중개거래
중구,황학동,(1546-0),29.72,10,2015,28900,2026,4,25,중개거래
중구,신당동,남산타운,59.94,5,2002,151000,2026,4,30,중개거래
중구,신당동,남산타운,59.94,10,2002,149700,2026,4,22,중개거래
중구,황학동,롯데캐슬,59.91,25,2008,100500,2026,4,25,중개거래
중구,신당동,남산타운,59.94,14,2002,155000,2026,4,18,중개거래
중구,입정동,힐스테이트세운센트럴2단지,45.9844,25,2023,89800,2026,4,24,중개거래
중구,신당동,남산타운,84.88,17,2002,188000,2026,4,20,중개거래
중구,만리동1가,서울역디오빌,56.66,12,2005,83000,2026,4,25,중개거래
중구,신당동,남산타운,114.88,12,2002,198700,2026,4,18,중개거래
중구,충무로4가,진양상가,95.82,8,1970,90000,2026,4,27,중개거래
중구,남대문로5가,남산트라팰리스,148.47,30,2010,240000,2026,4,23,중개거래
중구,만리동2가,서울역한라비발디센트럴,71.9832,11,2018,168000,2026,4,25,중개거래
중구,신당동,신당역솔하임,14.01,17,2016,15000,2026,4,29,중개거래
중구,신당동,남산타운,84.88,7,2002,162500,2026,4,13,중개거래
중구,신당동,남산타운,59.94,7,2002,145000,2026,4,22,중개거래
중구,신당동,남산타운,114.88,17,2002,174000,2026,4,15,중개거래
중구,충무로5가,충무로헤센스마트,21.04,3,2018,24000,2026,4,29,중개거래
중구,황학동,롯데캐슬,59.91,18,2008,105000,2026,4,13,중개거래
중구,인현동2가,세운푸르지오헤리시티,28.4064,14,2023,39300,2026,4,25,중개거래
중구,신당동,남산타운,84.88,13,2002,161400,2026,4,10,중개거래
중구,충무로4가,진양상가,71.93,7,1970,70000,2026,4,24,중개거래
중구,만리동2가,서울역센트럴자이,59.943,19,2017,193000,2026,4,25,중개거래
중구,신당동,약수하이츠,57.63,2,1999,143500,2026,4,26,중개거래
중구,황학동,동광팰리스,25.78,11,2018,30000,2026,4,5,중개거래
중구,만리동2가,서울역한라비발디센트럴,71.9832,13,2018,169000,2026,4,10,중개거래
중구,황학동,황학아크로타워,84.965,11,2010,123000,2026,4,25,중개거래
중구,황학동,롯데캐슬,59.94,13,2008,102000,2026,4,29,중개거래
중구,황학동,롯데캐슬,84.97,15,2008,115000,2026,4,30,중개거래
중구,신당동,삼성,59.98,9,1999,149000,2026,4,30,중개거래
중구,남창동,경서,36.58,6,1970,28900,2026,4,21,중개거래
중구,묵정동,힐스테이트남산,29.17,2,2024,60000,2026,4,28,중개거래
중구,신당동,삼성,114.91,6,1999,174000,2026,4,23,중개거래
중구,만리동2가,서울역센트럴자이,84.9791,11,2017,229000,2026,4,16,중개거래
중구,신당동,약수하이츠,84.88,16,1999,178000,2026,4,15,중개거래
중구,황학동,한양I-Class,16.37,17,2013,13900,2026,4,26,중개거래
중구,신당동,프라임2,76.6,5,2003,82500,2026,4,22,중개거래
중구,신당동,한진해모로,84.96,7,2001,139500,2026,4,20,중개거래
중구,신당동,남산타운,84.88,16,2002,176500,2026,4,24,중개거래
중구,신당동,약수역더시티,18.86,6,2021,24000,2026,4,26,중개거래
중구,신당동,래미안하이베르,59.95,9,2011,157000,2026,4,22,중개거래
중구,황학동,DUO302,15.97,15,2014,14000,2026,4,25,중개거래
중구,신당동,청구e편한세상,84.95,8,2011,190000,2026,4,25,중개거래
중구,신당동,신당푸르지오,59.85,3,2005,145000,2026,4,25,중개거래
중구,황학동,롯데캐슬,84.89,10,2008,114000,2026,4,24,중개거래
중구,인현동2가,인현상가/신성아파트,50.58,7,1968,42500,2026,4,23,중개거래
중구,황학동,위너빌(Winnervill),28.55,4,2018,37500,2026,4,8,중개거래
중구,오장동,오렌지카운티을지로,14.37,12,2020,19000,2026,4,24,직거래
중구,만리동1가,LIG서울역리가,84.9866,5,2012,165000,2026,4,15,중개거래
중구,만리동1가,LIG서울역리가,84.9866,11,2012,172000,2026,4,23,중개거래
중구,만리동1가,LIG서울역리가,84.9566,4,2012,170000,2026,4,23,중개거래
중구,중림동,삼성사이버빌리지,59.93,2,2001,153000,2026,4,23,중개거래
중구,황학동,그랜드힐오피스텔,24.15,10,2017,22000,2026,4,22,중개거래
중구,신당동,남산타운,59.94,7,2002,145000,2026,4,22,중개거래
중구,신당동,남산정은스카이,84.841,2,2005,110000,2026,4,20,중개거래
중구,묵정동,묵정,52.46,1,1981,44500,2026,4,22,중개거래
중구,황학동,위너빌(Winnervill),28.55,5,2018,38000,2026,4,21,중개거래
중구,황학동,위너빌(Winnervill),28.55,4,2018,37500,2026,4,8,중개거래
중구,만리동2가,서울역센트럴자이,59.943,7,2017,194000,2026,4,21,중개거래
중구,신당동,남산타운,84.88,5,2002,175000,2026,4,2,중개거래
중구,신당동,약수하이츠,114.92,19,1999,185000,2026,4,20,중개거래
중구,신당동,남산타운,84.88,5,2002,165000,2026,4,21,중개거래
중구,황학동,롯데캐슬,114.9,14,2008,144500,2026,4,17,중개거래
중구,묵정동,묵정,52.46,6,1981,50000,2026,4,13,중개거래
중구,신당동,남산타운,84.88,2,2002,164000,2026,4,18,중개거래
중구,신당동,남산타운,84.88,5,2002,165000,2026,4,11,중개거래
중구,만리동2가,서울역센트럴자이,59.943,17,2017,145000,2026,4,10,중개거래
중구,황학동,신당블루카운티,59.56,2,2016,61000,2026,4,22,중개거래
중구,회현동1가,남산롯데캐슬아이리스,113.46,16,2011,185000,2026,4,18,중개거래
중구,신당동,청구e편한세상,84.96,2,2011,187500,2026,4,9,중개거래
중구,황학동,황학동코아루,84.95,1,2010,96000,2026,4,18,중개거래
중구,신당동,현대,122.275,7,1993,140000,2026,4,18,중개거래
중구,황학동,DUO302,15.97,12,2014,16200,2026,4,10,중개거래
중구,회현동1가,남산롯데캐슬아이리스,113.46,21,2011,185000,2026,4,10,중개거래
중구,순화동,순화동더샵,64.01,13,2007,77000,2026,4,18,중개거래
중구,신당동,남산타운,59.94,14,2002,146000,2026,4,7,중개거래
중구,황학동,롯데캐슬,84.89,11,2008,120000,2026,4,18,중개거래
중구,신당동,약수하이츠,57.63,8,1999,147000,2026,4,18,중개거래
중구,황학동,롯데캐슬,84.92,13,2008,118000,2026,4,18,중개거래
중구,황학동,신당블루카운티,59.95,3,2016,60000,2026,4,16,중개거래
중구,만리동2가,서울역센트럴자이,59.9808,15,2017,191500,2026,4,15,중개거래
중구,신당동,약수하이츠,57.63,15,1999,145000,2026,4,1,중개거래
중구,황학동,한양I-Class,16.37,17,2013,14400,2026,4,15,중개거래
중구,입정동,힐스테이트세운센트럴2단지,42.998,4,2023,69000,2026,4,8,중개거래
중구,황학동,한양I-Class,16.37,17,2013,14400,2026,4,15,중개거래
중구,신당동,도현블랑빌,49.14,4,2001,49000,2026,4,14,중개거래
중구,신당동,남산타운,114.88,15,2002,201500,2026,4,2,중개거래
중구,묵정동,힐스테이트남산,44.55,1,2024,79000,2026,4,14,중개거래
중구,황학동,롯데캐슬,59.91,18,2008,105000,2026,4,13,중개거래
중구,신당동,신당동파라다이스,84.77,10,2000,93000,2026,4,10,중개거래
중구,황학동,롯데캐슬,84.89,19,2008,118000,2026,4,11,중개거래
중구,신당동,청구e편한세상,59.89,13,2011,168000,2026,4,11,중개거래
중구,신당동,남산타운,84.88,5,2002,165000,2026,4,11,중개거래
중구,신당동,현대,66.6,5,1993,110000,2026,4,11,중개거래
중구,신당동,남산타운,59.94,15,2002,146000,2026,4,11,중개거래
중구,신당동,청구e편한세상,84.96,14,2011,195000,2026,4,10,중개거래
중구,황학동,롯데캐슬,114.9,13,2008,134500,2026,4,10,중개거래
중구,순화동,순화동더샵,84.9,21,2007,128000,2026,4,10,중개거래
중구,신당동,남산타운,84.88,8,2002,135000,2026,4,6,직거래
중구,황학동,한양I-Class,16.37,13,2013,12500,2026,4,9,중개거래
중구,신당동,약수역더시티,18.3,5,2021,23700,2026,4,9,중개거래
중구,신당동,약수역더시티,18.86,11,2021,27000,2026,4,9,중개거래
중구,묵정동,묵정,52.46,9,1981,57300,2026,4,8,중개거래
중구,오장동,오장동오팰리오,29.48,9,2021,46500,2026,4,8,중개거래
중구,회현동1가,남산롯데캐슬아이리스,44.99,25,2011,98000,2026,4,4,중개거래
중구,황학동,롯데캐슬,59.91,33,2008,105000,2026,4,4,중개거래
중구,신당동,래미안하이베르,84.85,1,2011,149500,2026,4,7,중개거래
중구,묵정동,힐스테이트남산,44.55,7,2024,80320,2026,4,3,중개거래
중구,황학동,한양I-Class,16.37,15,2013,13500,2026,4,2,중개거래
중구,신당동,래미안하이베르,117,14,2011,170000,2026,4,6,중개거래
중구,신당동,삼성,59.97,7,1999,100000,2026,4,6,직거래
중구,신당동,현대,79.11,11,1993,132500,2026,4,4,중개거래
중구,황학동,한양I-Class,16.37,15,2013,13500,2026,4,3,중개거래
중구,황학동,동광팰리스,26.92,14,2018,29400,2026,4,4,중개거래
중구,신당동,현대,79.11,5,1993,123000,2026,4,4,중개거래
중구,신당동,래미안하이베르,84.98,2,2011,177000,2026,4,4,중개거래
중구,신당동,남산타운,59.94,9,2002,150200,2026,4,3,중개거래
중구,신당동,삼성,59.98,13,1999,148500,2026,4,3,중개거래
중구,묵정동,힐스테이트남산,44.55,4,2024,78900,2026,4,3,중개거래
중구,흥인동,우일타운,75.45,18,1994,67000,2026,4,2,중개거래
중구,신당동,남산FORESTHOUSE,236.89,1,2008,371000,2026,4,1,중개거래
중구,황학동,롯데캐슬,59.91,20,2008,98000,2026,4,2,중개거래
중구,인현동2가,세운푸르지오헤리시티,42.2349,17,2023,88500,2026,4,1,중개거래
용산구,원효로1가,용산더프라임,84.976,30,2014,204000,2026,4,30,중개거래
용산구,원효로1가,시온캐슬용산,23.66,11,2021,39000,2026,4,28,중개거래
용산구,산천동,리버힐삼성,114.48,19,2001,199000,2026,4,27,중개거래
용산구,이촌동,두산위브트레지움,89.09,5,1976,182250,2026,4,30,중개거래
용산구,한강로3가,한강대우트럼프월드3,153.61,13,2004,325000,2026,4,24,중개거래
용산구,서빙고동,금호베스트빌1,84.94,13,2002,192500,2026,4,25,중개거래
용산구,이촌동,한가람,59.88,1,1998,230000,2026,4,25,중개거래
용산구,용산동5가,용산파크타워(24-1),99.09,17,2009,264000,2026,4,29,중개거래
용산구,이촌동,한강맨숀,101.95,2,1971,475000,2026,4,22,중개거래
용산구,한남동,시범,69.42,1,1970,121500,2026,4,22,중개거래
용산구,한남동,한남아이파크애비뉴,48.7897,7,2017,105000,2026,4,28,중개거래
용산구,이촌동,래미안첼리투스,124.02,6,2015,529998,2026,4,20,중개거래
용산구,용산동5가,용산파크타워(24-1),130.56,8,2009,398500,2026,4,24,중개거래
용산구,이촌동,현대맨숀,83.3,15,1974,294994,2026,4,24,중개거래
용산구,원효로2가,원효,64.46,3,1970,76500,2026,4,26,중개거래
용산구,용산동5가,용산파크타워(24-0),100.29,31,2009,286000,2026,4,17,중개거래
용산구,이촌동,한강동부,83.77,2,2008,146000,2026,4,20,중개거래
용산구,한강로3가,센트럴파크,114.5011,39,2020,375000,2026,4,29,중개거래
용산구,효창동,용산롯데캐슬센터포레,59.79,19,2019,200000,2026,4,28,중개거래
용산구,효창동,세인트힐,186.84,5,2004,170000,2026,4,19,중개거래
용산구,한남동,한남아이파크애비뉴,49.5507,17,2017,95000,2026,4,30,중개거래
용산구,이태원동,청화1,105.72,10,1982,290000,2026,4,23,중개거래
용산구,한남동,리버탑,59.57,8,2001,130000,2026,4,10,중개거래
용산구,원효로4가,산호,78.06,4,1977,233000,2026,4,13,중개거래
용산구,이촌동,이촌동삼성리버스위트,234.53,16,2002,650000,2026,4,28,중개거래
용산구,청암동,GS자이,223.75,12,2005,347000,2026,4,28,중개거래
용산구,이촌동,한강(대우),60,9,2000,240000,2026,4,13,중개거래
용산구,이촌동,삼익,145.19,12,1979,340000,2026,4,24,중개거래
용산구,이촌동,G&D용산드림,19.83,6,2020,50000,2026,4,8,중개거래
용산구,한남동,한남동리첸시아,63.82,15,2004,125000,2026,4,17,중개거래
용산구,문배동,용산KCC웰츠타워,84.68,35,2015,175000,2026,4,25,중개거래
용산구,효창동,효창파크푸르지오,84.45,8,2010,203000,2026,4,16,중개거래
용산구,문배동,용산KCC웰츠타워,84.03,30,2015,168000,2026,4,16,중개거래
용산구,한강로3가,센트럴파크,92.1705,20,2020,357000,2026,4,15,중개거래
용산구,원효로1가,용산더프라임,123.673,7,2014,230000,2026,4,27,중개거래
용산구,문배동,지오베르크,84.99,5,2004,134500,2026,4,25,중개거래
용산구,이촌동,한가람,114.96,3,1998,306000,2026,4,11,중개거래
용산구,한남동,한남아이파크애비뉴,46.2439,9,2017,93000,2026,4,22,중개거래
용산구,이촌동,북한강(성원),59.55,17,2001,210000,2026,4,23,중개거래
용산구,도원동,삼성래미안,114.99,10,2001,194000,2026,4,29,중개거래
용산구,한남동,한남동리첸시아,73.39,4,2004,140000,2026,4,9,중개거래
용산구,이촌동,현대맨숀,83.3,3,1974,259980,2026,4,28,중개거래
용산구,한남동,시범,59.5,5,1970,79500,2026,4,29,중개거래
용산구,한강로3가,센트럴파크,114.8905,30,2020,370000,2026,4,30,중개거래
용산구,효창동,아인하우스,59.92,1,2012,95000,2026,4,30,중개거래
용산구,후암동,삼안리치10차,73.6,-1,2005,133000,2026,4,30,중개거래
용산구,용산동5가,용산파크타워(24-0),137.63,24,2009,370000,2026,4,9,중개거래
용산구,이촌동,동부센트레빌,59.99,10,2001,215000,2026,4,4,중개거래
용산구,이촌동,이촌동삼성리버스위트,180.82,8,2002,410000,2026,4,27,중개거래
용산구,청암동,GS자이,157.43,2,2005,240000,2026,4,29,중개거래
용산구,원효로4가,강변삼성스위트,59.94,5,1999,110000,2026,4,28,중개거래
용산구,신계동,용산e편한세상,124.96,22,2011,275000,2026,4,29,중개거래
용산구,이촌동,강변,63.93,4,1971,145000,2026,4,29,중개거래
용산구,한강로3가,시티파크(2단지),145.65,17,2007,375500,2026,4,9,중개거래
용산구,한남동,한남힐스테이트,84.86,8,2003,245000,2026,4,29,중개거래
용산구,이촌동,한가람,84.96,10,1998,260000,2026,4,6,중개거래
용산구,이촌동,동아그린,84.82,16,1999,206000,2026,4,28,중개거래
용산구,한남동,한남힐스테이트,84.785,2,2003,220000,2026,4,28,중개거래
용산구,도원동,삼성래미안,59.94,20,2001,160000,2026,4,23,중개거래
용산구,이촌동,강촌,114.595,3,1998,282000,2026,4,25,중개거래
용산구,이촌동,한가람,114.96,9,1998,310000,2026,4,28,중개거래
용산구,효창동,용산데시앙포레,59.7642,6,2022,179000,2026,4,24,중개거래
용산구,이촌동,삼익,105.36,1,1979,250000,2026,4,25,중개거래
용산구,이태원동,주공1,84.66,3,1993,230000,2026,4,25,중개거래
용산구,용산동5가,용산파크타워(24-0),100.29,33,2009,299000,2026,4,21,중개거래
용산구,문배동,이안용산3차,84.8,2,2006,133500,2026,4,22,중개거래
용산구,한강로3가,센트럴파크,114.8905,21,2020,350000,2026,4,27,중개거래
용산구,용문동,브라운스톤,59.94,6,2011,150000,2026,4,24,중개거래
용산구,한강로1가,대우월드마크용산,107.626,20,2007,196000,2026,4,27,중개거래
용산구,이촌동,한가람,59.88,20,1998,249000,2026,4,26,중개거래
용산구,이태원동,용산동아파트,51.27,3,1969,67000,2026,4,16,중개거래
용산구,이촌동,빌라맨션,229.75,1,1974,283000,2026,4,14,중개거래
용산구,도원동,삼성래미안,59.94,5,2001,163000,2026,4,24,중개거래
용산구,원효로1가,리첸시아용산A,122.54,19,2010,196000,2026,4,25,중개거래
용산구,신계동,용산e편한세상,84.89,25,2011,227000,2026,4,25,중개거래
용산구,이촌동,한가람,84.96,18,1998,280000,2026,4,25,중개거래
용산구,원효로4가,강변삼성스위트,59.94,17,1999,109000,2026,4,25,중개거래
용산구,신계동,용산e편한세상,124.08,4,2011,260000,2026,4,11,중개거래
용산구,이촌동,한가람,59.88,14,1998,251000,2026,4,24,중개거래
용산구,이촌동,한가람,84.89,8,1998,290000,2026,4,24,중개거래
용산구,한남동,한남아이파크애비뉴,49.6971,8,2017,99400,2026,4,20,중개거래
용산구,한남동,한남동리첸시아,37.53,11,2004,64000,2026,4,20,중개거래
용산구,원효로1가,용산더프라임,84.976,8,2014,165000,2026,4,21,직거래
용산구,원효로1가,용산더프라임,84.976,10,2014,145000,2026,4,17,직거래
용산구,한강로2가,용산파크e-편한세상,113.31,19,2007,223000,2026,4,23,중개거래
용산구,용문동,삼성하이츠,84.39,2,2003,108000,2026,4,2,중개거래
용산구,이촌동,삼익,145.19,11,1979,350000,2026,4,15,중개거래
용산구,이촌동,이촌코오롱(A),114.69,14,1999,293000,2026,4,11,중개거래
용산구,한남동,리버탑,59.57,3,2001,135000,2026,4,21,중개거래
용산구,한남동,한남아이파크애비뉴,49.6971,9,2017,91500,2026,4,4,중개거래
용산구,후암동,후암미주,62.28,3,1980,100000,2026,4,6,중개거래
용산구,이촌동,한강(대우),84.98,11,2000,263000,2026,4,22,중개거래
용산구,문배동,이안용산1차(103동),56.83,11,2005,117500,2026,4,10,중개거래
용산구,한남동,한남아이파크애비뉴,49.087,17,2017,103000,2026,4,18,중개거래
용산구,효창동,세양청마루,84.18,2,2006,133000,2026,4,20,중개거래
용산구,효창동,용산데시앙포레,84.9417,6,2022,160000,2026,4,13,중개거래
용산구,효창동,효창베네스,84.94,9,2002,159500,2026,4,2,중개거래
용산구,한남동,성아1,118.65,3,1970,80000,2026,4,18,중개거래
용산구,이촌동,한가람,84.96,19,1998,320000,2026,4,18,중개거래
용산구,이촌동,강촌,84.905,20,1998,282000,2026,4,11,중개거래
용산구,이촌동,강변,59.44,4,1971,145000,2026,4,17,중개거래
용산구,산천동,리버힐삼성,59.55,16,2001,120000,2026,4,17,중개거래
용산구,이촌동,강촌,59.12,10,1998,235000,2026,4,15,중개거래
용산구,이촌동,북한강(성원),59.55,21,2001,202500,2026,4,3,중개거래
용산구,서빙고동,신동아,166.98,7,1984,503000,2026,4,16,중개거래
용산구,효창동,용산데시앙포레,45.195,6,2022,131000,2026,4,11,중개거래
용산구,이촌동,반도,136.21,6,1977,370000,2026,4,15,중개거래
용산구,도원동,삼성래미안,59.94,3,2001,152000,2026,4,14,중개거래
용산구,산천동,리버힐삼성,59.55,7,2001,155000,2026,4,16,중개거래
용산구,이촌동,빌라맨션,229.75,1,1974,283000,2026,4,14,중개거래
용산구,도원동,삼성래미안,84.92,21,2001,189000,2026,4,15,중개거래
용산구,한강로3가,시티파크(2단지),149.69,7,2007,395000,2026,4,3,중개거래
용산구,보광동,신동아1,84.93,5,1992,400000,2026,4,12,중개거래
용산구,이촌동,한강동부,83.77,5,2008,165000,2026,4,10,중개거래
용산구,한강로3가,용산시티파크(1단지),114.17,17,2007,310000,2026,4,8,중개거래
용산구,이촌동,이촌코오롱(A),84.78,21,1999,285000,2026,4,11,중개거래
용산구,이촌동,강촌,106.645,9,1998,290000,2026,4,11,중개거래
용산구,한강로2가,래미안용산더센트럴,161.48,39,2017,515000,2026,4,12,중개거래
용산구,이촌동,동아그린,59.58,5,1999,180000,2026,4,11,중개거래
용산구,한강로2가,용산푸르지오써밋(420),148.8269,30,2017,350000,2026,4,11,중개거래
용산구,청파동1가,아이딜,58.72,5,2004,78000,2026,4,8,중개거래
용산구,이촌동,강촌,84.85,14,1998,269500,2026,4,11,중개거래
용산구,이촌동,한가람,59.88,20,1998,250000,2026,4,4,중개거래
용산구,원효로4가,강변삼성스위트,59.94,1,1999,137000,2026,4,10,중개거래
용산구,한강로3가,센트럴파크,114.5011,15,2020,415000,2026,4,3,중개거래
용산구,산천동,리버힐삼성,84.98,18,2001,175000,2026,4,10,중개거래
용산구,서빙고동,신동아,140.81,11,1984,488000,2026,4,3,중개거래
용산구,산천동,리버힐삼성,59.55,10,2001,150000,2026,4,10,중개거래
용산구,후암동,후암미주,64.86,1,1980,97000,2026,4,8,중개거래
용산구,효창동,용산데시앙포레,84.9417,7,2022,194000,2026,4,1,중개거래
용산구,산천동,리버힐삼성,59.55,10,2001,158800,2026,4,9,중개거래
용산구,도원동,삼성래미안,84.69,3,2001,164000,2026,4,2,중개거래
용산구,이태원동,용산동아파트,44.76,2,1969,56000,2026,4,7,중개거래
용산구,이촌동,동아그린,43.02,4,1999,145000,2026,4,6,중개거래
용산구,한남동,한남더힐,235.312,2,2011,1270000,2026,4,6,중개거래
용산구,이촌동,반도,167.18,6,1977,345000,2026,4,1,중개거래
용산구,이촌동,북한강(성원),59.55,4,2001,198000,2026,4,4,중개거래
용산구,신계동,용산e편한세상,84.21,18,2011,227000,2026,4,2,중개거래
용산구,신계동,용산e편한세상,84.89,13,2011,227000,2026,4,2,중개거래
용산구,신계동,용산e편한세상,84.89,8,2011,255000,2026,4,2,중개거래
성동구,하왕십리동,센트라스,84.96,19,2016,223000,2026,4,28,중개거래
성동구,사근동,벽산,84.8,14,2000,68000,2026,4,28,직거래
성동구,하왕십리동,벽산,84.94,2,1996,148000,2026,4,27,중개거래
성동구,성수동1가,한진타운,59.4,17,1994,204000,2026,4,30,중개거래
성동구,성수동2가,강변금호타운,59.67,1,1994,285000,2026,4,25,중개거래
성동구,하왕십리동,센트라스,84.96,15,2016,225000,2026,4,29,중개거래
성동구,송정동,서울숲아이파크,116.58,2,2009,148000,2026,4,17,중개거래
성동구,옥수동,한남하이츠,87.67,12,1982,270000,2026,4,21,중개거래
성동구,응봉동,대림강변타운,84.42,14,2001,160100,2026,4,29,직거래
성동구,금호동4가,롯데,84.99,3,2003,176000,2026,4,18,중개거래
성동구,하왕십리동,텐즈힐(1단지),148.94,17,2015,248000,2026,4,23,중개거래
성동구,성수동2가,현대I-PARK,104.56,11,2003,218000,2026,4,30,중개거래
성동구,성수동1가,동아그린,58.32,17,1999,145000,2026,4,20,중개거래
성동구,하왕십리동,센트라스,84.96,22,2016,225000,2026,4,28,중개거래
성동구,하왕십리동,센트라스,115.99,21,2016,248000,2026,4,24,중개거래
성동구,송정동,히페리온리버팰리스,83.453,11,2022,113000,2026,4,30,중개거래
성동구,응봉동,서울숲리버그린동아아파트,84.83,13,2003,188000,2026,4,30,중개거래
성동구,하왕십리동,센트라스,59.93,17,2016,203000,2026,4,25,중개거래
성동구,금호동1가,금호삼성래미안,59.95,1,2001,155000,2026,4,27,중개거래
성동구,옥수동,옥수파크힐스101동~116동,59.78,6,2016,230000,2026,4,12,중개거래
성동구,하왕십리동,센트라스,115.99,22,2016,265000,2026,4,21,중개거래
성동구,금호동1가,이편한세상금호파크힐스,84.932,1,2019,220000,2026,4,28,중개거래
성동구,하왕십리동,왕십리자이,51.94,3,2017,141000,2026,4,25,중개거래
성동구,옥수동,옥수파크힐스117동~125동,59.77,12,2016,230000,2026,4,13,중개거래
성동구,행당동,행당한진타운,84.71,17,2000,186500,2026,4,18,중개거래
성동구,행당동,서울숲 한신 더 휴,84.95,8,2003,179000,2026,4,25,중개거래
성동구,용답동,중앙하이츠,84.545,2,1995,115000,2026,4,30,중개거래
성동구,하왕십리동,벽산,84.94,17,1996,149000,2026,4,24,중개거래
성동구,옥수동,옥수삼성,59.7,5,1999,188000,2026,4,24,중개거래
성동구,행당동,서울숲리버뷰자이,84.9,16,2018,239000,2026,4,29,중개거래
성동구,성수동1가,트리마제,140.3099,9,2017,650000,2026,4,23,중개거래
성동구,도선동,삼성쉐르빌,84.93,8,2006,95000,2026,4,23,직거래
성동구,하왕십리동,벽산,84.94,9,1996,150000,2026,4,26,중개거래
성동구,송정동,금호베스트빌,84.971,13,2002,108000,2026,4,27,중개거래
성동구,행당동,서울숲삼부아파트,84.93,5,1998,205000,2026,4,30,중개거래
성동구,하왕십리동,한신무학,62.41,13,1989,131000,2026,4,30,중개거래
성동구,하왕십리동,센트라스,84.98,8,2016,230000,2026,4,30,중개거래
성동구,금호동4가,서울숲르씨엘,59.5075,7,2023,142000,2026,4,30,중개거래
성동구,금호동1가,벽산,59.9,11,2001,165000,2026,4,30,중개거래
성동구,금호동1가,금호삼성래미안,114.67,6,2001,175000,2026,4,30,중개거래
성동구,금호동4가,서울숲푸르지오,114.55,12,2007,280000,2026,4,29,중개거래
성동구,옥수동,옥수파크힐스101동~116동,84.3,14,2016,250000,2026,4,29,중개거래
성동구,금호동4가,서울숲푸르지오,114.55,18,2007,295000,2026,4,28,중개거래
성동구,성수동2가,롯데캐슬파크,81.567,8,2003,195000,2026,4,16,중개거래
성동구,금호동1가,금호삼성래미안,84.45,7,2001,142000,2026,4,18,직거래
성동구,성수동2가,강변금호타운,59.67,6,1994,270000,2026,4,22,중개거래
성동구,성수동2가,한신한강,84.97,2,2000,305000,2026,4,25,중개거래
성동구,옥수동,극동옥정,56.04,3,1998,101000,2026,4,28,중개거래
성동구,성수동2가,이화102동,87.02,7,2004,126500,2026,4,7,중개거래
성동구,옥수동,옥수파크힐스117동~125동,59.77,6,2016,230000,2026,4,27,중개거래
성동구,금호동1가,벽산,84.82,7,2001,179000,2026,4,28,중개거래
성동구,금호동3가,금호한신,59.99,4,2005,150000,2026,4,28,중개거래
성동구,응봉동,신동아,59.97,3,1996,120000,2026,4,11,중개거래
성동구,응봉동,서울숲리버그린동아아파트,84.83,12,2003,172000,2026,4,28,중개거래
성동구,하왕십리동,텐즈힐(1단지),148.94,21,2015,250000,2026,4,28,중개거래
성동구,하왕십리동,센트라스,84.96,19,2016,223000,2026,4,28,중개거래
성동구,옥수동,래미안 옥수 리버젠,59.25,10,2012,229000,2026,4,28,중개거래
성동구,행당동,행당한진타운,84.71,13,2000,194500,2026,4,23,중개거래
성동구,응봉동,대림강변타운,59.76,11,2001,168000,2026,4,25,중개거래
성동구,행당동,행당한진타운,114.62,19,2000,183000,2026,4,6,중개거래
성동구,성수동2가,강변임광,84.77,15,2000,340000,2026,4,24,중개거래
성동구,하왕십리동,극동미라주,59.4,3,2001,128000,2026,4,27,중개거래
성동구,하왕십리동,텐즈힐(1단지),59.88,6,2015,194000,2026,4,25,중개거래
성동구,성수동1가,동아,52.5,5,1983,200000,2026,4,27,중개거래
성동구,성수동1가,서울숲대림,59.885,10,2000,195000,2026,4,17,중개거래
성동구,금호동1가,벽산,114.57,10,2001,174000,2026,4,27,중개거래
성동구,옥수동,극동,57.78,5,1986,165000,2026,4,25,중개거래
성동구,옥수동,옥수파크힐스117동~125동,59.78,6,2016,223000,2026,4,24,중개거래
성동구,성수동2가,서울숲금강아미움,80.89,7,2004,138700,2026,4,13,중개거래
성동구,마장동,현대,84.91,4,1998,140000,2026,4,27,중개거래
성동구,성수동2가,성수우방2차아파트,59.82,9,1999,120000,2026,4,24,중개거래
성동구,성수동1가,중앙하이츠빌,84.9673,9,2003,210000,2026,4,25,중개거래
성동구,옥수동,옥수어울림,84.699,10,2011,220000,2026,4,26,중개거래
성동구,옥수동,옥수삼성,84.822,8,1999,232000,2026,4,25,중개거래
성동구,응봉동,대림(2차),84.53,1,1989,162000,2026,4,25,중개거래
성동구,옥수동,극동,142.26,3,1986,220000,2026,4,27,중개거래
성동구,금호동4가,대우,59.97,18,2001,171500,2026,4,25,중개거래
성동구,성수동1가,트리마제,84.8111,40,2017,520000,2026,4,25,중개거래
성동구,금호동3가,두산,59.97,7,1994,161500,2026,4,25,중개거래
성동구,행당동,대림e-편한세상,59.96,12,2000,158300,2026,4,25,중개거래
성동구,옥수동,래미안 옥수 리버젠,59.25,11,2012,215500,2026,4,25,중개거래
성동구,성수동1가,쌍용,59.76,2,1997,181000,2026,4,25,중개거래
성동구,하왕십리동,센트라스,84.96,10,2016,230000,2026,4,25,중개거래
성동구,옥수동,옥수파크힐스101동~116동,84.51,3,2016,260000,2026,4,24,중개거래
성동구,금호동4가,서울숲푸르지오,59.99,13,2007,193000,2026,4,25,중개거래
성동구,하왕십리동,벽산,84.94,11,1996,150000,2026,4,24,중개거래
성동구,성수동2가,현대I-PARK,104.56,2,2003,192000,2026,4,24,중개거래
성동구,하왕십리동,왕십리풍림아이원,84.417,18,2004,153500,2026,4,24,중개거래
성동구,금호동1가,벽산,84.82,10,2001,175000,2026,4,24,중개거래
성동구,성수동2가,이화101동,89.81,3,2004,124000,2026,4,10,중개거래
성동구,옥수동,극동,57.78,10,1986,165000,2026,4,24,중개거래
성동구,성수동1가,서울숲성수현대,80.8,6,1990,195000,2026,4,24,중개거래
성동구,옥수동,옥수파크힐스117동~125동,59.91,13,2016,223500,2026,4,2,중개거래
성동구,하왕십리동,텐즈힐(1단지),84.97,14,2015,210000,2026,4,17,중개거래
성동구,행당동,행당한진타운,59.96,11,2000,164500,2026,4,23,중개거래
성동구,옥수동,옥수파크힐스101동~116동,84.3,18,2016,259000,2026,4,22,중개거래
성동구,행당동,행당두산위브,59.99,2,2009,158500,2026,4,23,중개거래
성동구,상왕십리동,텐즈힐(2단지),127.44,5,2014,209500,2026,4,20,중개거래
성동구,옥수동,래미안 옥수 리버젠,59.25,20,2012,208000,2026,4,20,중개거래
성동구,성수동1가,서울숲성수현대,69.21,3,1990,180000,2026,4,21,중개거래
성동구,행당동,서울숲리버뷰자이,84.96,31,2018,269000,2026,4,21,중개거래
성동구,행당동,대림e-편한세상,84.87,12,2000,175000,2026,4,22,중개거래
성동구,응봉동,대림(2차),84.53,10,1989,119000,2026,4,17,직거래
성동구,옥수동,옥수파크힐스117동~125동,84.3,16,2016,247000,2026,4,22,중개거래
성동구,하왕십리동,텐즈힐(1단지),84.96,19,2015,215000,2026,4,18,중개거래
성동구,행당동,서울숲더샵,92.24,20,2014,224000,2026,4,21,중개거래
성동구,금호동1가,벽산,114.57,20,2001,188000,2026,4,22,중개거래
성동구,행당동,대림e-편한세상,59.96,10,2000,160000,2026,4,21,중개거래
성동구,행당동,서울숲 한신 더 휴,59.91,13,2003,159200,2026,4,21,중개거래
성동구,옥수동,래미안 옥수 리버젠,59.25,18,2012,227500,2026,4,11,중개거래
성동구,옥수동,극동,84.74,11,1986,195500,2026,4,11,중개거래
성동구,하왕십리동,왕십리풍림아이원,84.417,10,2004,158000,2026,4,20,중개거래
성동구,하왕십리동,왕십리자이,51.94,10,2017,135000,2026,4,18,중개거래
성동구,마장동,왕십리삼성아파트,59.76,7,1996,140000,2026,4,20,중개거래
성동구,하왕십리동,센트라스,59.94,3,2016,195000,2026,4,18,중개거래
성동구,금호동1가,이편한세상금호파크힐스,84.932,16,2019,235000,2026,4,18,중개거래
성동구,옥수동,극동,84.74,5,1986,180000,2026,4,17,중개거래
성동구,하왕십리동,금호베스트빌,59.79,12,2001,124000,2026,4,20,중개거래
성동구,하왕십리동,센트라스,40.94,15,2016,134000,2026,4,3,중개거래
성동구,옥수동,래미안 옥수 리버젠,84.81,14,2012,260000,2026,4,15,중개거래
성동구,성수동2가,서울숲금강아미움,81.02,5,2004,142500,2026,4,18,중개거래
성동구,옥수동,래미안 옥수 리버젠,84.81,10,2012,240000,2026,4,14,중개거래
성동구,송정동,서울숲아이파크,84.87,6,2009,143500,2026,4,17,중개거래
성동구,금호동1가,이편한세상금호파크힐스,84.982,16,2019,235000,2026,4,18,중개거래
성동구,옥수동,극동,57.78,10,1986,160000,2026,4,18,중개거래
성동구,행당동,대림e-편한세상,114.94,13,2000,186000,2026,4,19,중개거래
성동구,하왕십리동,왕십리풍림아이원,84.417,12,2004,158000,2026,4,18,중개거래
성동구,옥수동,옥수파크힐스101동~116동,84.3,9,2016,263000,2026,4,9,중개거래
성동구,행당동,대림e-편한세상,59.96,4,2000,160000,2026,4,18,중개거래
성동구,금호동1가,금호삼성래미안,59.95,5,2001,159000,2026,4,18,중개거래
성동구,행당동,행당한진타운,84.71,8,2000,180000,2026,4,18,중개거래
성동구,행당동,행당두산위브,70.76,2,2009,174000,2026,4,18,중개거래
성동구,금호동4가,대우,59.97,23,2001,168000,2026,4,18,중개거래
성동구,마장동,왕십리삼성아파트,84.93,5,1996,155000,2026,4,18,중개거래
성동구,옥수동,옥수파크힐스101동~116동,59.91,15,2016,233000,2026,4,18,중개거래
성동구,하왕십리동,왕십리자이,51.94,10,2017,135000,2026,4,18,중개거래
성동구,행당동,행당한진타운,114.62,22,2000,200000,2026,4,18,중개거래
성동구,옥수동,옥수파크힐스101동~116동,59.91,12,2016,232000,2026,4,17,중개거래
성동구,옥수동,옥수파크힐스101동~116동,115.1,11,2016,270000,2026,4,18,중개거래
성동구,행당동,행당한진타운,59.96,6,2000,160000,2026,4,18,중개거래
성동구,응봉동,신동아,84.81,12,1996,150000,2026,4,17,중개거래
성동구,하왕십리동,벽산,84.94,14,1996,149000,2026,4,17,중개거래
성동구,성수동1가,서울숲대림,59.885,1,2000,180000,2026,4,17,중개거래
성동구,금호동2가,신금호파크자이,59.98,10,2016,205000,2026,4,16,중개거래
성동구,행당동,서울숲행당푸르지오,114.33,13,2011,210000,2026,4,17,중개거래
성동구,행당동,신동아,59.97,12,1995,100000,2026,4,8,중개거래
성동구,행당동,서울숲 한신 더 휴,59.94,3,2003,100000,2026,4,11,직거래
성동구,성수동2가,이화102동,87.02,7,2004,126500,2026,4,7,중개거래
성동구,용답동,덕현해밀,84.99,7,2014,114700,2026,4,14,중개거래
성동구,상왕십리동,텐즈힐(2단지),84.92,2,2014,200000,2026,4,16,중개거래
성동구,옥수동,래미안 옥수 리버젠,84.73,2,2012,235000,2026,4,9,중개거래
성동구,성수동2가,롯데캐슬파크,101.995,7,2003,205000,2026,4,11,중개거래
성동구,하왕십리동,무학현대,84.675,1,1996,119000,2026,4,16,중개거래
성동구,응봉동,대림(2차),84.53,15,1989,167500,2026,4,15,중개거래
성동구,상왕십리동,텐즈힐(2단지),59.96,11,2014,179000,2026,4,15,중개거래
성동구,금호동1가,이편한세상금호파크힐스,59.983,5,2019,200000,2026,4,15,중개거래
성동구,송정동,서울숲아이파크,116.58,1,2009,145000,2026,4,15,중개거래
성동구,성수동1가,대우2,84.97,11,1999,168000,2026,4,14,중개거래
성동구,행당동,서울숲행당푸르지오,59.68,5,2011,158700,2026,4,11,중개거래
성동구,하왕십리동,한신무학,94.46,2,1989,146500,2026,4,14,중개거래
성동구,행당동,행당한진타운,59.96,23,2000,169300,2026,4,14,중개거래
성동구,금호동4가,대우,84.71,2,2001,170500,2026,4,14,중개거래
성동구,옥수동,옥수파크힐스117동~125동,59.77,13,2016,234500,2026,4,13,중개거래
성동구,마장동,신성미소지움,59.96,5,2004,123000,2026,4,13,중개거래
성동구,하왕십리동,극동미라주,114.63,9,2001,163000,2026,4,3,중개거래
성동구,성수동2가,신성미소지움,59.4,1,2001,110000,2026,4,13,중개거래
성동구,하왕십리동,무학현대,84.495,8,1996,125000,2026,4,13,중개거래
성동구,옥수동,극동그린,84.92,2,1997,158500,2026,4,13,중개거래
성동구,금호동2가,래미안하이리버,59.99,8,2012,190000,2026,4,13,중개거래
성동구,하왕십리동,벽산,84.94,9,1996,151000,2026,4,12,중개거래
성동구,행당동,대림e-편한세상,59.96,13,2000,161000,2026,4,11,중개거래
성동구,행당동,서울숲행당푸르지오,84.74,12,2011,180000,2026,4,11,중개거래
성동구,하왕십리동,왕십리자이,59.99,17,2017,172000,2026,4,11,중개거래
성동구,행당동,대림e-편한세상,59.96,15,2000,155200,2026,4,11,중개거래
성동구,성수동2가,서울숲금강아미움,80.89,2,2004,128000,2026,4,8,중개거래
성동구,마장동,현대,59.94,12,1998,128000,2026,4,11,중개거래
성동구,행당동,신동아,59.97,4,1995,134000,2026,4,10,중개거래
성동구,행당동,두산,84.87,24,1997,128000,2026,4,11,중개거래
성동구,하왕십리동,텐즈힐(1단지),59.75,2,2015,175000,2026,4,11,중개거래
성동구,금호동4가,서울숲푸르지오,59.9,2,2007,193500,2026,4,9,중개거래
성동구,상왕십리동,텐즈힐(2단지),127.44,10,2014,219000,2026,4,11,중개거래
성동구,금호동1가,이편한세상금호파크힐스,59.983,15,2019,200000,2026,4,10,중개거래
성동구,행당동,서울숲 한신 더 휴,84.95,13,2003,180000,2026,4,10,중개거래
성동구,성수동2가,롯데캐슬파크,101.995,18,2003,227000,2026,4,1,중개거래
성동구,성수동1가,서울숲아이파크리버포레1차,59.9304,25,2024,274000,2026,4,6,중개거래
성동구,마장동,현대,59.94,16,1998,127000,2026,4,8,중개거래
성동구,성수동2가,현대I-PARK,104.56,4,2003,186000,2026,4,9,중개거래
성동구,하왕십리동,한신무학,62.41,14,1989,138000,2026,4,9,중개거래
성동구,금호동4가,서울숲푸르지오,59.99,10,2007,195000,2026,4,9,중개거래
성동구,행당동,행당두산위브,59.99,2,2009,158600,2026,4,9,중개거래
성동구,성수동1가,쌍용,59.76,16,1997,186000,2026,4,9,중개거래
성동구,행당동,신동아,59.97,12,1995,100000,2026,4,8,중개거래
성동구,행당동,서울숲 한신 더 휴,59.91,23,2003,160000,2026,4,8,중개거래
성동구,옥수동,현대,104.41,6,1990,235000,2026,4,8,중개거래
성동구,행당동,대림e-편한세상,59.96,5,2000,162000,2026,4,8,중개거래
성동구,응봉동,신동아,59.97,9,1996,133000,2026,4,7,중개거래
성동구,행당동,대림e-편한세상,59.96,10,2000,165000,2026,4,3,중개거래
성동구,마장동,왕십리삼성아파트,84.93,10,1996,153000,2026,4,7,중개거래
성동구,성수동2가,성수우방2차아파트,84.645,10,1999,141000,2026,4,6,중개거래
성동구,사근동,벽산,84.8,1,2000,86000,2026,4,4,중개거래
성동구,하왕십리동,극동미라주,59.4,10,2001,129000,2026,4,5,중개거래
성동구,행당동,대림e-편한세상,59.96,7,2000,164500,2026,4,6,중개거래
성동구,응봉동,신동아,59.97,9,1996,133000,2026,4,5,중개거래
성동구,홍익동,청계대주파크빌,84.94,7,2005,108500,2026,4,4,중개거래
성동구,금호동2가,래미안하이리버,114.32,2,2012,228000,2026,4,4,중개거래
성동구,옥수동,극동,84.74,1,1986,180000,2026,4,3,중개거래
성동구,옥수동,옥수파크힐스101동~116동,59.88,7,2016,226500,2026,4,4,중개거래
성동구,금호동1가,금호삼성래미안,84.45,8,2001,180000,2026,4,4,중개거래
성동구,송정동,건영,59.83,6,2000,95500,2026,4,4,중개거래
성동구,옥수동,극동,84.74,2,1986,184000,2026,4,4,중개거래
성동구,응봉동,서울숲리버그린동아아파트,59.98,17,2003,169000,2026,4,4,중개거래
성동구,하왕십리동,무학현대,84.675,10,1996,130000,2026,4,4,중개거래
성동구,마장동,현대,134.79,22,1998,150000,2026,4,1,중개거래
성동구,행당동,서울숲한성,83.64,6,2003,83500,2026,4,3,중개거래
성동구,성수동1가,동아그린,58.32,12,1999,135000,2026,4,3,중개거래
성동구,송정동,건영,84.945,9,2000,113500,2026,4,3,중개거래
성동구,용답동,중앙하이츠,84.545,3,1995,118500,2026,4,2,중개거래
성동구,마장동,현대,84.91,24,1998,141000,2026,4,1,중개거래
성동구,성수동2가,성수1차대우아파트,59.49,4,1999,74000,2026,4,3,중개거래
성동구,행당동,행당한진타운,114.62,2,2000,188000,2026,4,3,중개거래
성동구,하왕십리동,금호베스트빌,59.79,1,2001,115500,2026,4,2,중개거래
성동구,성수동1가,동아그린,84.91,16,1999,157000,2026,4,1,중개거래
성동구,행당동,행당두산위브,59.99,13,2009,179000,2026,4,1,중개거래
광진구,광장동,극동2,84.55,11,1989,252000,2026,4,6,중개거래
광진구,중곡동,중곡2단지,55.87,3,1976,62000,2026,4,4,중개거래
광진구,자양동,자양우성7,59.94,12,1998,152000,2026,4,17,중개거래
광진구,자양동,더샵스타시티,139.6,2,2007,247750,2026,4,27,중개거래
광진구,구의동,한영해시안아파트,59.97,3,2020,78950,2026,4,29,중개거래
광진구,자양동,우성1,51.57,11,1988,143000,2026,4,25,중개거래
광진구,구의동,광진파크하우스,45.5821,6,2023,65000,2026,4,30,중개거래
광진구,광장동,현대파크빌,59.76,15,2000,170000,2026,4,22,중개거래
광진구,광장동,현대파크빌,84.81,24,2000,215000,2026,4,23,중개거래
광진구,중곡동,중곡2단지,55.9,4,1976,47000,2026,4,22,직거래
광진구,능동,그린,79,2,2004,74300,2026,4,18,중개거래
광진구,자양동,우성1,59.91,12,1988,149500,2026,4,12,중개거래
광진구,자양동,한화꿈에그린,84.61,5,2006,145000,2026,4,28,중개거래
광진구,자양동,우성3,51.39,6,1989,149900,2026,4,25,중개거래
광진구,구의동,현대프라임,84.99,3,1997,200000,2026,4,25,중개거래
광진구,자양동,우성1,51.57,11,1988,143000,2026,4,25,중개거래
광진구,광장동,현대3,84.97,6,1990,197000,2026,4,30,중개거래
광진구,중곡동,중곡1단지,48.46,3,1976,51000,2026,4,29,중개거래
광진구,자양동,우성4,72.34,2,1989,115000,2026,4,24,중개거래
광진구,구의동,e편한세상광진그랜드파크,84.9716,12,2021,222000,2026,4,27,중개거래
광진구,자양동,이튼타워리버3차,122.69,16,2007,229000,2026,4,29,중개거래
광진구,광장동,워커힐 팰리스,84.98,4,2005,109000,2026,4,8,중개거래
광진구,구의동,래미안파크스위트,59.98,12,2018,168000,2026,4,30,중개거래
광진구,구의동,구의자이르네,73.6556,9,2021,124000,2026,4,30,중개거래
광진구,구의동,구의현대6단지,84.84,20,1994,187000,2026,4,30,중개거래
광진구,군자동,일성파크,84.96,9,1996,100000,2026,4,22,중개거래
광진구,구의동,구의현대7단지현대홈타운,59.97,10,1997,134000,2026,4,29,중개거래
광진구,자양동,우성1,59.91,7,1988,147000,2026,4,28,중개거래
광진구,광장동,현대파크빌,84.81,14,2000,209000,2026,4,18,중개거래
광진구,구의동,현대프라임,183.87,1,1997,247500,2026,4,30,중개거래
광진구,자양동,대동,84.65,2,1999,148000,2026,4,15,중개거래
광진구,구의동,현대프라임,183.87,30,1997,280000,2026,4,29,중개거래
광진구,구의동,구의현대7단지현대홈타운,59.97,11,1997,136000,2026,4,22,중개거래
광진구,광장동,워커힐현대빌,133.68,5,1994,110000,2026,4,4,중개거래
광진구,구의동,구의현대6단지,84.92,15,1994,185000,2026,4,27,중개거래
광진구,자양동,로얄동아,59.91,15,1999,132500,2026,4,28,중개거래
광진구,구의동,구의강변우성아파트,84.76,12,1992,170000,2026,4,28,중개거래
광진구,자양동,우성1,59.91,7,1988,148500,2026,4,27,중개거래
광진구,자양동,대동,84.65,2,1999,148000,2026,4,15,중개거래
광진구,자양동,우성1,59.91,12,1988,149500,2026,4,12,중개거래
광진구,구의동,아크로리버,150.6416,35,2004,235000,2026,4,27,중개거래
광진구,구의동,구의강변우성아파트,84.76,10,1992,177000,2026,4,27,중개거래
광진구,구의동,아크로리버,132.0263,14,2004,200000,2026,4,24,중개거래
광진구,자양동,자양하늘채베르,46.973,17,2023,122500,2026,4,24,중개거래
광진구,구의동,솔렌시아,30.69,7,2015,28600,2026,4,16,중개거래
광진구,자양동,구의현대홈시티,84.93,12,2006,120000,2026,4,17,중개거래
광진구,구의동,구의현대2단지,84.86,27,1996,212500,2026,4,25,중개거래
광진구,구의동,그레이스홈타운(101동),101.02,2,2005,90000,2026,4,18,중개거래
광진구,구의동,현대프라임,59.82,10,1997,165000,2026,4,25,중개거래
광진구,자양동,경남,84.95,13,1999,152500,2026,4,25,중개거래
광진구,자양동,그린,75.32,4,2003,119000,2026,4,16,중개거래
광진구,광장동,청구,59.95,2,1996,150000,2026,4,25,중개거래
광진구,광장동,워커힐푸르지오,65.63,7,1987,134000,2026,4,25,중개거래
광진구,구의동,구의현대2단지,84.88,7,1996,200000,2026,4,24,중개거래
광진구,화양동,씨즈건대힐스,14.23,5,2017,14800,2026,4,29,중개거래
광진구,구의동,솔렌시아2,32.77,7,2015,45000,2026,4,17,중개거래
광진구,자양동,자양삼성,59.76,10,1999,149000,2026,4,24,중개거래
광진구,자양동,자양우성7,59.94,15,1998,159000,2026,4,24,중개거래
광진구,광장동,현대파크빌,84.81,24,2000,215000,2026,4,23,중개거래
광진구,구의동,현대프라임,59.82,14,1997,163000,2026,4,23,중개거래
광진구,자양동,우성2,64.79,14,1989,152300,2026,4,22,중개거래
광진구,구의동,래미안파크스위트,102.88,8,2018,200000,2026,4,23,직거래
광진구,광장동,극동1,126.94,5,1985,260000,2026,4,23,직거래
광진구,자양동,더샵스타시티,139.54,22,2007,225000,2026,4,21,중개거래
광진구,군자동,서원힐탑,84.81,1,1994,65000,2026,4,22,중개거래
광진구,화양동,브라운스톤,58.24,13,2006,69500,2026,4,18,중개거래
광진구,자양동,자양우성7,59.94,7,1998,153000,2026,4,22,중개거래
광진구,구의동,선화아파트,94.37,1,2003,42000,2026,4,7,직거래
광진구,군자동,서원힐탑,84.57,1,1994,72000,2026,4,4,중개거래
광진구,광장동,현대3,84.97,15,1990,210000,2026,4,17,중개거래
광진구,구의동,광남캐스빌,59.78,2,2003,52000,2026,4,20,중개거래
광진구,구의동,구의현대7단지현대홈타운,84.99,1,1997,107000,2026,4,20,직거래
광진구,구의동,아차산한라아파트,74.83,2,2009,86000,2026,4,9,중개거래
광진구,구의동,아차산한라아파트,60.39,5,2009,73000,2026,4,9,중개거래
광진구,화양동,위너스힐(111-89),52.04,13,2021,67400,2026,4,20,중개거래
광진구,광장동,현대3,59.67,18,1990,130100,2026,4,13,직거래
광진구,자양동,우성2,51.57,14,1989,130000,2026,4,18,중개거래
광진구,자양동,자양현대5,59.88,3,1998,115000,2026,4,18,중개거래
광진구,구의동,대성빌라트(552-6),81.69,4,2000,45300,2026,4,10,중개거래
광진구,화양동,화양현대,59.97,22,1999,109000,2026,4,15,중개거래
광진구,자양동,우성2,64.79,11,1989,155000,2026,4,15,중개거래
광진구,구의동,현대프라임,59.82,28,1997,161000,2026,4,18,중개거래
광진구,구의동,e편한세상광진그랜드파크,84.9839,7,2021,204000,2026,4,17,중개거래
광진구,화양동,화양현대,84.77,4,1999,113000,2026,4,17,중개거래
광진구,자양동,자양우성7,59.94,12,1998,152000,2026,4,17,중개거래
광진구,구의동,동우아파트,67.435,4,2011,68000,2026,4,2,중개거래
광진구,화양동,광진코지웰,15.63,10,2014,14700,2026,4,13,중개거래
광진구,자양동,현대강변,82.08,12,1991,150000,2026,4,13,중개거래
광진구,군자동,호동,72.89,1,2002,79800,2026,4,15,중개거래
광진구,화양동,씨즈건대힐스,14.23,2,2017,15000,2026,4,10,중개거래
광진구,중곡동,성원,84.98,21,1998,63000,2026,4,14,중개거래
광진구,광장동,유진스웰,136.684,12,2011,247000,2026,4,11,중개거래
광진구,중곡동,중곡2단지,55.87,3,1976,62000,2026,4,3,중개거래
광진구,광장동,워커힐푸르지오,92.4,5,1987,175000,2026,4,10,중개거래
광진구,구의동,e편한세상광진그랜드파크,84.9716,16,2021,193000,2026,4,14,중개거래
광진구,광장동,"현대8(801동,802동)",84.92,20,1995,228000,2026,4,10,중개거래
광진구,자양동,한라아파트,84.6,14,1996,154000,2026,4,13,중개거래
광진구,광장동,극동2,84.55,9,1989,245000,2026,4,13,중개거래
광진구,자양동,자양동현대,84.55,15,1993,149000,2026,4,13,중개거래
광진구,구의동,현대프라임,59.82,8,1997,175000,2026,4,11,중개거래
광진구,구의동,현대프라임,59.82,5,1997,155000,2026,4,11,중개거래
광진구,자양동,우성1,59.91,8,1988,151500,2026,4,11,중개거래
광진구,자양동,자양우성7,84.93,21,1998,175000,2026,4,11,중개거래
광진구,자양동,자양호반써밋,40.2751,13,2021,112500,2026,4,4,중개거래
광진구,자양동,더샵스타시티,135.61,21,2007,245000,2026,4,9,중개거래
광진구,중곡동,삼성베스트빌(31차),47.24,3,2018,47800,2026,4,9,중개거래
광진구,자양동,한라아파트,84.6,2,1996,149000,2026,4,10,중개거래
광진구,구의동,e편한세상광진그랜드파크,84.9716,32,2021,219000,2026,4,9,중개거래
광진구,광장동,현대5,74.88,19,1989,212500,2026,4,9,중개거래
광진구,자양동,자양삼성,59.76,4,1999,149000,2026,4,9,중개거래
광진구,광장동,청구,59.95,6,1996,160500,2026,4,4,중개거래
광진구,자양동,테라팰리스건대2차,52.66,5,2018,88500,2026,4,7,중개거래
광진구,화양동,광진코지웰,18.63,7,2014,16500,2026,4,7,중개거래
광진구,광장동,상록타워아파트,59.4,1,1997,160000,2026,4,7,중개거래
광진구,자양동,자양호반써밋,40.2673,13,2021,129000,2026,4,6,중개거래
광진구,중곡동,중곡2단지,55.87,1,1976,60000,2026,4,2,중개거래
광진구,군자동,일성파크,84.96,7,1996,98500,2026,4,6,중개거래
광진구,광장동,극동2,84.55,11,1989,252000,2026,4,6,중개거래
광진구,구의동,e편한세상광진그랜드파크,84.9716,4,2021,195000,2026,4,4,중개거래
광진구,광장동,청구,59.95,18,1996,157000,2026,4,4,중개거래
광진구,중곡동,엘림퍼스트중곡동,53.19,6,2021,55000,2026,4,2,중개거래
광진구,화양동,화양현대,59.99,22,1999,109000,2026,4,2,중개거래
광진구,자양동,더샵스타시티,177.97,32,2007,335000,2026,4,3,중개거래
광진구,자양동,우성1,79.75,7,1988,105000,2026,4,2,직거래
광진구,중곡동,에스케이,113.24,8,1999,94000,2026,4,2,중개거래
광진구,광장동,현대5,74.88,9,1989,200000,2026,4,1,중개거래
광진구,광장동,현대파크빌,84.81,12,2000,220000,2026,4,1,중개거래
광진구,자양동,자양강변I-Park,84.95,10,2006,195000,2026,4,1,중개거래
광진구,구의동,그레이스홈타운(101동),101.02,4,2005,94000,2026,4,1,중개거래
동대문구,이문동,대림e-편한세상,84.972,2,2003,64000,2026,4,30,직거래
동대문구,전농동,동대문롯데캐슬노블레스,59.98,16,2018,150000,2026,4,30,중개거래
동대문구,전농동,전농우성,84.84,6,1992,89200,2026,4,25,중개거래
동대문구,장안동,시온,60.9,7,2024,56300,2026,4,30,직거래
동대문구,장안동,르메이에르7차(313-8),69.07,9,2005,44000,2026,4,30,중개거래
동대문구,휘경동,브라운스톤휘경,59.78,9,2013,88000,2026,4,25,중개거래
동대문구,장안동,은하수드림필,84.98,1,2006,56500,2026,4,30,직거래
동대문구,전농동,전농우성,44.24,11,1992,62600,2026,4,18,중개거래
동대문구,답십리동,우성그린,84.98,10,1997,90000,2026,4,30,중개거래
동대문구,답십리동,청계한신휴플러스,59.74,13,2010,140000,2026,4,30,중개거래
동대문구,이문동,이문삼성래미안아파트,84.954,4,2001,88000,2026,4,22,중개거래
동대문구,휘경동,동일스위트리버,84.973,1,2007,90000,2026,4,28,중개거래
동대문구,이문동,중앙하이츠빌,59.4,14,2002,85000,2026,4,30,중개거래
동대문구,전농동,청량리역롯데캐슬 SKY-L65,84.993,32,2023,204000,2026,4,30,중개거래
동대문구,답십리동,동답한신,44.35,3,1992,57000,2026,4,15,중개거래
동대문구,청량리동,한신,84.92,11,1997,99000,2026,4,29,중개거래
동대문구,이문동,이문삼성래미안아파트,114.988,10,2001,95000,2026,4,17,중개거래
동대문구,답십리동,답십리청솔우성,84.94,15,2000,108500,2026,4,23,중개거래
동대문구,장안동,태솔타운3차,30.08,10,2014,23000,2026,4,16,중개거래
동대문구,용두동,이편한세상청계센트럴포레,74.98,13,2021,175500,2026,4,27,중개거래
동대문구,답십리동,대림,84.66,3,2003,78700,2026,4,30,중개거래
동대문구,휘경동,주공1,84.82,8,2001,90000,2026,4,28,중개거래
동대문구,전농동,전농동삼성래미안,114.89,17,2000,110500,2026,4,10,중개거래
동대문구,장안동,장안현대홈타운(336),84.87,8,2003,111000,2026,4,11,중개거래
동대문구,장안동,프라하임장안1,22.12,5,2020,22450,2026,4,25,중개거래
동대문구,답십리동,대림,84.66,3,2003,78700,2026,4,30,중개거래
동대문구,휘경동,주공1,114.96,12,2001,107000,2026,4,17,중개거래
동대문구,답십리동,동서울한양,59.67,2,1989,61500,2026,4,30,중개거래
동대문구,청량리동,한신,59.97,19,1997,89000,2026,4,27,중개거래
동대문구,휘경동,휘경SK뷰,59.39,22,2019,136000,2026,4,18,중개거래
동대문구,답십리동,청계한신휴플러스,59.74,20,2010,138000,2026,4,22,중개거래
동대문구,용두동,청량리역한양수자인그라시엘,84.95,14,2023,170000,2026,4,22,중개거래
동대문구,청량리동,현대,82.18,6,1987,96000,2026,4,7,중개거래
동대문구,휘경동,휘경해모로프레스티지,59.77,5,2021,107000,2026,4,27,중개거래
동대문구,전농동,전농SK,114.3,12,2000,67800,2026,4,30,직거래
동대문구,전농동,동아,57.9,14,1997,95000,2026,4,23,중개거래
동대문구,전농동,청량리역롯데캐슬 SKY-L65,102.922,44,2023,235000,2026,4,10,중개거래
동대문구,답십리동,두산,59.96,12,2000,92000,2026,4,25,중개거래
동대문구,답십리동,답십리대우,84.99,16,2002,129500,2026,4,30,중개거래
동대문구,장안동,래미안장안2차,81.05,12,2007,129500,2026,4,30,중개거래
동대문구,장안동,상록파라브2차,75.29,3,2008,54500,2026,4,14,중개거래
동대문구,장안동,일성트루엘,84.9204,7,2012,77500,2026,4,30,중개거래
동대문구,장안동,동대문더퍼스트데시앙,59.8074,12,2019,108750,2026,4,26,중개거래
동대문구,제기동,한신아파트,59.84,22,2004,99800,2026,4,30,중개거래
동대문구,장안동,장안위더스빌,84.85,4,2011,77500,2026,4,30,중개거래
동대문구,답십리동,래미안위브,84.99,2,2014,160000,2026,4,30,중개거래
동대문구,답십리동,동아,84.72,5,2001,115000,2026,4,30,중개거래
동대문구,답십리동,우성그린,84.98,15,1997,84000,2026,4,29,중개거래
동대문구,장안동,장안현대홈타운(336),84.87,16,2003,119500,2026,4,30,중개거래
동대문구,전농동,래미안크레시티,84.96,19,2014,175000,2026,4,29,중개거래
동대문구,답십리동,청계푸르지오시티,30.42,10,2015,36800,2026,4,18,중개거래
동대문구,휘경동,주공2,59.13,12,2001,82000,2026,4,30,중개거래
동대문구,이문동,쌍용,59.99,14,2000,99000,2026,4,29,중개거래
동대문구,답십리동,힐스테이트청계,48.98,10,2018,130000,2026,4,29,중개거래
동대문구,장안동,시온,62.54,4,2024,55000,2026,4,23,직거래
동대문구,장안동,시온,62.54,3,2024,55000,2026,4,16,직거래
동대문구,이문동,대림e-편한세상,59.958,10,2003,108000,2026,4,29,중개거래
동대문구,전농동,래미안크레시티,59.99,5,2014,145500,2026,4,29,중개거래
동대문구,답십리동,래미안위브,121.64,14,2014,174500,2026,4,11,중개거래
동대문구,장안동,장안현대홈타운(336),84.87,17,2003,118500,2026,4,28,중개거래
동대문구,청량리동,현대코아,139.98,6,1997,95000,2026,4,28,중개거래
동대문구,휘경동,휘경베스트빌현대,114.88,16,2000,88000,2026,4,20,중개거래
동대문구,용두동,청재제일타운,83.04,4,2005,66000,2026,4,4,중개거래
동대문구,전농동,청량리역롯데캐슬 SKY-L65,84.981,62,2023,200000,2026,4,16,중개거래
동대문구,제기동,한신아파트,84.76,3,2004,111000,2026,4,29,중개거래
동대문구,답십리동,동답한신,82.39,7,1992,75500,2026,4,16,중개거래
동대문구,장안동,장안현대홈타운(336),84.87,2,2003,115000,2026,4,20,중개거래
동대문구,용두동,청계한양아이클래스,14.22,17,2019,17000,2026,4,24,중개거래
동대문구,답십리동,대림,84.66,9,2003,84000,2026,4,29,중개거래
동대문구,답십리동,삼희,72.64,6,1983,61800,2026,4,27,중개거래
동대문구,답십리동,래미안위브,121.64,8,2014,175000,2026,4,28,중개거래
동대문구,제기동,안암골벽산,59.94,5,2003,89900,2026,4,29,중개거래
동대문구,휘경동,주공2,39.98,3,2001,55000,2026,4,29,중개거래
동대문구,답십리동,래미안위브,84.98,9,2014,169300,2026,4,18,중개거래
동대문구,제기동,안암골벽산,84.98,1,2003,93000,2026,4,29,중개거래
동대문구,전농동,래미안크레시티,84.98,13,2014,150000,2026,4,24,직거래
동대문구,답십리동,동아,59.88,3,2001,92500,2026,4,28,중개거래
동대문구,답십리동,대림,84.66,7,2003,94000,2026,4,28,중개거래
동대문구,전농동,전농동신성미소지움,55.371,14,2005,118500,2026,4,28,중개거래
동대문구,용두동,래미안엘리니티,59.96,6,2022,153000,2026,4,25,중개거래
동대문구,답십리동,동서울한양,59.67,8,1989,64000,2026,4,28,중개거래
동대문구,제기동,안암골벽산,116.69,4,2003,104000,2026,4,28,중개거래
동대문구,장안동,장안힐스테이트,84.568,17,2007,131500,2026,4,28,중개거래
동대문구,장안동,장안현대홈타운(336),112.78,2,2003,120000,2026,4,28,중개거래
동대문구,전농동,전농SK,59.96,8,2000,112300,2026,4,18,중개거래
동대문구,휘경동,주공2,39.98,14,2001,50000,2026,4,28,중개거래
동대문구,전농동,전농우성,126.63,8,1992,100000,2026,4,20,중개거래
동대문구,장안동,형인허브빌102동(417-11),78.81,5,2004,58000,2026,4,21,중개거래
동대문구,장안동,장한평월드메르디앙,84.55,2,2006,75000,2026,4,22,직거래
동대문구,용두동,래미안엘리니티,59.96,14,2022,152000,2026,4,28,중개거래
동대문구,전농동,전농SK,114.3,16,2000,122000,2026,4,25,중개거래
동대문구,용두동,래미안엘리니티,59.96,5,2022,153000,2026,4,28,중개거래
동대문구,장안동,래미안장안,84.774,17,2003,118000,2026,4,28,중개거래
동대문구,이문동,이문동웰츠타워,112.134,12,2008,90000,2026,4,28,중개거래
동대문구,장안동,래미안장안2차,64.85,14,2007,115000,2026,4,28,중개거래
동대문구,장안동,정은스카이빌101동,80.37,13,2004,68300,2026,4,27,중개거래
동대문구,제기동,한신아파트,84.76,3,2004,110000,2026,4,27,중개거래
동대문구,답십리동,동서울한양,76.41,13,1989,78000,2026,4,27,중개거래
동대문구,전농동,전농SK,114.3,3,2000,119000,2026,4,27,중개거래
동대문구,이문동,쌍용,59.99,4,2000,98000,2026,4,27,중개거래
동대문구,답십리동,래미안엘파인아파트,84.9,14,2011,103000,2026,4,28,중개거래
동대문구,장안동,래미안장안,84.774,6,2003,120000,2026,4,27,중개거래
동대문구,용두동,신설동역대우아이빌1,84.967,2,2004,65000,2026,4,27,중개거래
동대문구,휘경동,휘경동일하이빌,110.56,12,2005,90000,2026,4,27,중개거래
동대문구,회기동,신현대,55.89,15,1989,85000,2026,4,27,중개거래
동대문구,제기동,안암골벽산,116.69,20,2003,94000,2026,4,27,중개거래
동대문구,용두동,신동아,49.68,11,1994,75000,2026,4,26,중개거래
동대문구,장안동,형인허브빌아파트301동,104.92,4,2005,76000,2026,4,22,중개거래
동대문구,장안동,장안현대홈타운(336),58.42,14,2003,106000,2026,4,27,중개거래
동대문구,이문동,대림e-편한세상,59.958,23,2003,104000,2026,4,27,중개거래
동대문구,장안동,제이드파크(382-2),17.16,10,2014,10400,2026,4,27,중개거래
동대문구,장안동,스타파크아파트,59.95,3,2016,52200,2026,4,14,중개거래
동대문구,용두동,용두아파트,47.5,4,1974,45000,2026,4,27,중개거래
동대문구,장안동,화성(311-6),87.99,6,2003,55000,2026,4,26,중개거래
동대문구,답십리동,동아,84.72,18,2001,119000,2026,4,25,중개거래
동대문구,답십리동,답십리엘림퍼스트,52.6987,4,2020,73000,2026,4,21,중개거래
동대문구,장안동,장한평월드메르디앙,84.95,3,2006,82800,2026,4,25,중개거래
동대문구,장안동,대명이룸아파트(565-0),82.85,10,2005,75000,2026,4,22,중개거래
동대문구,답십리동,청계한신휴플러스,84.73,12,2010,154250,2026,4,26,중개거래
동대문구,용두동,롯데캐슬피렌체,30.4,9,2009,40500,2026,4,26,중개거래
동대문구,이문동,래미안이문2차,59.79,16,2004,114000,2026,4,26,중개거래
동대문구,전농동,래미안아름숲,84.92,5,2012,124000,2026,4,25,중개거래
동대문구,이문동,이문삼성래미안아파트,84.954,17,2001,86700,2026,4,10,중개거래
동대문구,전농동,청량리역롯데캐슬 SKY-L65,84.971,47,2023,196300,2026,4,4,중개거래
동대문구,답십리동,래미안엘파인아파트,84.9,9,2011,103000,2026,4,25,중개거래
동대문구,답십리동,래미안미드카운티,59.98,3,2019,153000,2026,4,25,중개거래
동대문구,장안동,금성아파트,68.91,5,2011,52000,2026,4,25,중개거래
동대문구,전농동,전농SK,114.3,13,2000,120000,2026,4,25,중개거래
동대문구,장안동,서희스타힐스,80.82,8,2013,63000,2026,4,2,중개거래
동대문구,장안동,래미안장안2차,81.05,7,2007,119000,2026,4,18,중개거래
동대문구,휘경동,휘경SK뷰,100.53,6,2019,169000,2026,4,9,중개거래
동대문구,이문동,쌍용,114.35,11,2000,115000,2026,4,24,중개거래
동대문구,답십리동,청계한신휴플러스,59.74,7,2010,136000,2026,4,11,중개거래
동대문구,전농동,전농우성,59.78,1,1992,74700,2026,4,25,중개거래
동대문구,전농동,전농우성,59.78,7,1992,79500,2026,4,25,중개거래
동대문구,답십리동,래미안엘파인아파트,114.82,3,2011,109300,2026,4,25,중개거래
동대문구,용두동,래미안 허브리츠,84.96,18,2011,149900,2026,4,15,중개거래
동대문구,제기동,어진재,15.61,6,2014,18500,2026,4,25,중개거래
동대문구,전농동,전농SK,114.3,21,2000,126000,2026,4,25,중개거래
동대문구,이문동,대림e-편한세상,59.958,21,2003,86000,2026,4,11,중개거래
동대문구,용두동,청량리역한양수자인그라시엘,84.97,54,2023,176500,2026,4,23,중개거래
동대문구,전농동,전농동삼성래미안,59.93,19,2000,95000,2026,4,24,중개거래
동대문구,전농동,전농SK,84.95,19,2000,106000,2026,4,18,중개거래
동대문구,장안동,장안힐스테이트,59.885,20,2007,111000,2026,4,24,중개거래
동대문구,답십리동,답십리파크자이,59.91,3,2019,151000,2026,4,25,중개거래
동대문구,이문동,이문삼성래미안아파트,149.934,8,2001,110000,2026,4,24,중개거래
동대문구,용두동,이편한세상청계센트럴포레,59.96,17,2021,161000,2026,4,24,중개거래
동대문구,휘경동,휘경해모로프레스티지,59.77,7,2021,100000,2026,4,24,중개거래
동대문구,장안동,태솔아파트2차,59.72,10,2016,47200,2026,4,24,중개거래
동대문구,휘경동,휘경미소지움,59.84,4,1999,76800,2026,4,23,중개거래
동대문구,답십리동,동서울한양,59.67,10,1989,61000,2026,4,24,중개거래
동대문구,장안동,장안현대홈타운(336),84.87,12,2003,119500,2026,4,24,중개거래
동대문구,장안동,장안현대홈타운(336),84.87,21,2003,120000,2026,4,24,중개거래
동대문구,전농동,전농우성,115.56,3,1992,90000,2026,4,13,중개거래
동대문구,용두동,이편한세상청계센트럴포레,59.96,22,2021,160000,2026,4,23,중개거래
동대문구,용두동,래미안 허브리츠,84.96,19,2011,151000,2026,4,23,중개거래
동대문구,답십리동,답십리한화,84.86,8,2001,93500,2026,4,23,중개거래
동대문구,휘경동,휘경SK뷰,59.39,16,2019,135500,2026,4,23,중개거래
동대문구,전농동,전농우성,115.56,3,1992,90000,2026,4,13,중개거래
동대문구,전농동,래미안크레시티,84.98,12,2014,175000,2026,4,23,중개거래
동대문구,장안동,현대홈타운2차,84.97,10,2005,91000,2026,4,11,중개거래
동대문구,장안동,장안힐스테이트,84.789,4,2007,121000,2026,4,23,중개거래
동대문구,답십리동,답십리청솔우성,59.74,12,2000,94000,2026,4,23,중개거래
동대문구,답십리동,래미안위브,59.97,7,2014,154000,2026,4,17,중개거래
동대문구,장안동,아르떼하임,53.34,12,2019,36000,2026,4,21,중개거래
동대문구,전농동,전농우성,59.78,5,1992,73500,2026,4,18,중개거래
동대문구,이문동,현대,84.56,17,2000,96500,2026,4,17,중개거래
동대문구,휘경동,휘경미소지움,59.84,17,1999,75000,2026,4,22,중개거래
동대문구,장안동,장안현대홈타운(336),84.87,26,2003,117300,2026,4,22,중개거래
동대문구,휘경동,현대,84.94,11,1992,80000,2026,4,20,중개거래
동대문구,답십리동,청계한신휴플러스,84.73,16,2010,153500,2026,4,22,중개거래
동대문구,전농동,전농SK,59.96,19,2000,112000,2026,4,17,중개거래
동대문구,답십리동,신답극동,46.53,13,1987,72630,2026,4,21,중개거래
동대문구,이문동,대우,84.891,12,2001,97000,2026,4,22,중개거래
동대문구,휘경동,롯데,59.94,10,2000,44730,2026,4,22,직거래
동대문구,제기동,안암골벽산,59.94,18,2003,55000,2026,4,20,중개거래
동대문구,장안동,장안현대홈타운(336),112.78,14,2003,124000,2026,4,21,중개거래
동대문구,장안동,장안현대홈타운(336),84.87,1,2003,108000,2026,4,21,중개거래
동대문구,휘경동,주공1,114.86,8,2001,76000,2026,4,16,직거래
동대문구,답십리동,동아,59.88,13,2001,94000,2026,4,21,중개거래
동대문구,휘경동,휘경해모로프레스티지,59.82,2,2021,90000,2026,4,21,중개거래
동대문구,휘경동,롯데,84.89,3,2000,84000,2026,4,16,중개거래
동대문구,용두동,한양아이클래스,16.57,3,2014,12000,2026,4,21,직거래
동대문구,장안동,일성트루엘,84.9216,2,2012,72000,2026,4,16,직거래
동대문구,장안동,신일해피트리2차(567),55.9,14,2005,54500,2026,4,15,중개거래
동대문구,답십리동,답십리청솔우성,114.76,12,2000,118000,2026,4,21,중개거래
동대문구,이문동,이문삼성래미안아파트,149.934,7,2001,113000,2026,4,20,중개거래
동대문구,답십리동,래미안위브,59.97,10,2014,156000,2026,4,11,중개거래
동대문구,용두동,롯데캐슬피렌체,30.4,12,2009,37900,2026,4,20,중개거래
동대문구,답십리동,청계푸르지오시티,30.42,3,2015,36000,2026,4,15,직거래
동대문구,휘경동,주공2,39.98,19,2001,57700,2026,4,20,중개거래
동대문구,장안동,현대리노빌103동,84.68,5,2004,60000,2026,4,17,중개거래
동대문구,답십리동,동답한신,59.22,7,1992,64000,2026,4,20,중개거래
동대문구,이문동,삼익,84.95,12,1997,88000,2026,4,20,중개거래
동대문구,용두동,래미안 허브리츠,59.98,10,2011,145000,2026,4,18,중개거래
동대문구,휘경동,휘경베스트빌현대,59.92,4,2000,63000,2026,4,18,중개거래
동대문구,장안동,한신아파트,84.83,12,1996,76300,2026,4,20,중개거래
동대문구,장안동,스마트트라움,47.84,12,2018,42250,2026,4,16,직거래
동대문구,장안동,에스아이팰리스장안센텀,26.537,16,2020,37500,2026,4,25,중개거래
동대문구,답십리동,답십리엘림퍼스트,52.7678,13,2020,75000,2026,4,9,중개거래
동대문구,답십리동,우성그린,84.98,7,1997,86500,2026,4,18,중개거래
동대문구,회기동,민족통일MJ캠퍼스경희대,23.32,16,2017,22000,2026,4,19,중개거래
동대문구,장안동,장안현대홈타운(336),84.87,5,2003,114000,2026,4,18,중개거래
동대문구,휘경동,롯데낙천대,112.03,5,2003,85000,2026,4,18,중개거래
동대문구,이문동,중앙하이츠빌,59.4,11,2002,89000,2026,4,18,중개거래
동대문구,장안동,래미안장안,59.86,8,2003,113000,2026,4,19,중개거래
동대문구,회기동,신현대,60.48,4,1989,88000,2026,4,19,중개거래
동대문구,전농동,전농우성,59.78,15,1992,78000,2026,4,18,중개거래
동대문구,이문동,대림e-편한세상,114.937,7,2003,122000,2026,4,18,중개거래
동대문구,답십리동,두산,84.83,15,2000,105000,2026,4,18,중개거래
동대문구,전농동,전농우성,84.84,12,1992,87500,2026,4,19,중개거래
동대문구,전농동,동대문롯데캐슬노블레스,84.98,21,2018,168000,2026,4,18,중개거래
동대문구,답십리동,답십리청솔우성,59.89,17,2000,98000,2026,4,18,중개거래
동대문구,용두동,용두롯데캐슬리치,84.5011,13,2015,134500,2026,4,17,중개거래
동대문구,전농동,동대문롯데캐슬노블레스,59.98,19,2018,149000,2026,4,18,중개거래
동대문구,청량리동,한신,114.95,16,1997,109800,2026,4,18,중개거래
동대문구,장안동,래미안장안2차,81.05,2,2007,123000,2026,4,18,중개거래
동대문구,휘경동,휘경베스트빌현대,114.88,13,2000,88700,2026,4,17,중개거래
동대문구,장안동,태솔아파트1차,54.2,12,2016,51500,2026,4,18,중개거래
동대문구,이문동,대림e-편한세상,59.958,22,2003,105500,2026,4,18,중개거래
동대문구,전농동,전농동신성미소지움,55.371,18,2005,118500,2026,4,18,중개거래
동대문구,전농동,전농우성,115.56,10,1992,95000,2026,4,17,중개거래
동대문구,장안동,장안힐스테이트,59.928,21,2007,105000,2026,4,17,중개거래
동대문구,답십리동,래미안엘파인아파트,59.95,1,2011,87500,2026,4,17,중개거래
동대문구,청량리동,현대,128.57,1,1987,98000,2026,4,8,중개거래
동대문구,장안동,장안현대홈타운(336),112.78,11,2003,126000,2026,4,17,중개거래
동대문구,휘경동,이문휘경지웰에스테이트,14.1448,19,2021,16500,2026,4,3,중개거래
동대문구,장안동,장안뉴시티,17.63,12,2012,7400,2026,4,17,중개거래
동대문구,답십리동,두산위브,59.91,13,2007,134000,2026,4,16,중개거래
동대문구,장안동,현대홈타운3차,84.3,10,2006,92500,2026,4,14,중개거래
동대문구,휘경동,휘경베스트빌현대,59.92,24,2000,68400,2026,4,16,중개거래
동대문구,청량리동,현대코아,159.84,20,1997,120000,2026,4,16,중개거래
동대문구,장안동,경남하이빌,84.93,1,2008,63000,2026,4,16,중개거래
동대문구,답십리동,두산위브,84.91,2,2007,134000,2026,4,17,중개거래
동대문구,전농동,전농우성,126.63,3,1992,90000,2026,4,16,중개거래
동대문구,답십리동,두산위브,59.91,13,2007,134000,2026,4,16,중개거래
동대문구,휘경동,휘경미소지움,59.84,18,1999,78000,2026,4,16,중개거래
동대문구,장안동,장안힐스테이트,59.885,14,2007,108500,2026,4,16,중개거래
동대문구,장안동,래미안장안,84.774,1,2003,99000,2026,4,15,직거래
동대문구,답십리동,래미안엘파인아파트,84.9,6,2011,100000,2026,4,16,중개거래
동대문구,이문동,이문2차푸르지오,84.98,7,2007,90000,2026,4,15,중개거래
동대문구,장안동,현대홈타운2차,96.22,5,2005,93000,2026,4,9,중개거래
동대문구,용두동,이편한세상청계센트럴포레,59.96,17,2021,163000,2026,4,15,중개거래
동대문구,답십리동,동답한신,44.35,4,1992,59500,2026,4,15,중개거래
동대문구,답십리동,래미안위브,121.64,21,2014,174000,2026,4,15,중개거래
동대문구,용두동,신동아,84.63,6,1994,108000,2026,4,15,중개거래
동대문구,장안동,장안힐스테이트,59.885,21,2007,107500,2026,4,15,중개거래
동대문구,답십리동,두산,59.96,6,2000,93500,2026,4,15,중개거래
동대문구,장안동,형인허브빌2차(566),84.19,3,2005,69500,2026,4,14,중개거래
동대문구,휘경동,휘경제이스카이아파트,84.43,15,2016,69000,2026,4,7,중개거래
동대문구,청량리동,현대코아,69.3,5,1997,65000,2026,4,14,중개거래
동대문구,전농동,래미안크레시티,59.99,6,2014,155000,2026,4,14,중개거래
동대문구,휘경동,주공2,59.13,17,2001,81500,2026,4,14,중개거래
동대문구,전농동,전농우성,59.78,5,1992,78000,2026,4,14,중개거래
동대문구,장안동,르메이에르장안타운6차,84.92,8,2005,64200,2026,4,13,중개거래
동대문구,휘경동,휘경미소지움,59.84,5,1999,75000,2026,4,14,중개거래
동대문구,답십리동,두산,114.97,1,2000,102500,2026,4,14,중개거래
동대문구,답십리동,래미안위브,121.94,4,2014,172000,2026,4,9,중개거래
동대문구,용두동,용두롯데캐슬리치,114.7715,6,2015,150000,2026,4,6,중개거래
동대문구,휘경동,휘경베스트빌현대,59.92,19,2000,67000,2026,4,14,중개거래
동대문구,장안동,한신아파트,84.9,2,1996,74000,2026,4,11,중개거래
동대문구,장안동,선일크라시아,66.56,12,2008,45100,2026,4,13,중개거래
동대문구,용두동,래미안 허브리츠,59.96,6,2011,143000,2026,4,14,중개거래
동대문구,답십리동,래미안미드카운티,59.98,10,2019,142500,2026,4,13,중개거래
동대문구,장안동,장안힐스테이트,59.539,14,2007,105000,2026,4,14,중개거래
동대문구,답십리동,엘림스퀘어3,14.76,8,2020,14700,2026,4,10,중개거래
동대문구,용두동,롯데캐슬피렌체,26.08,12,2009,30300,2026,4,14,중개거래
동대문구,장안동,장안삼성쉐르빌,119.05,18,2002,52000,2026,4,10,직거래
동대문구,전농동,래미안크레시티,84.96,3,2014,173500,2026,4,14,중개거래
동대문구,휘경동,휘경SK뷰,59.39,8,2019,135500,2026,4,11,중개거래
동대문구,답십리동,청계지웰에스테이트,19.525,15,2012,13000,2026,4,4,중개거래
동대문구,제기동,한신아파트,59.84,14,2004,103000,2026,4,13,중개거래
동대문구,용두동,롯데캐슬피렌체,59.43,4,2009,98000,2026,4,13,중개거래
동대문구,전농동,전농우성,59.78,9,1992,78000,2026,4,13,중개거래
동대문구,답십리동,동아,114.84,7,2001,103300,2026,4,10,중개거래
동대문구,이문동,삼익,59.95,11,1997,78500,2026,4,10,중개거래
동대문구,용두동,신동아,84.63,2,1994,95500,2026,4,13,중개거래
동대문구,전농동,전농우성,115.56,3,1992,90000,2026,4,13,중개거래
동대문구,장안동,은하수드림필,84.98,4,2006,71500,2026,4,13,중개거래
동대문구,답십리동,래미안위브,121.66,16,2014,178000,2026,4,11,중개거래
동대문구,답십리동,대림,59.65,12,2003,72000,2026,4,11,중개거래
동대문구,용두동,롯데캐슬피렌체,26.08,14,2009,31000,2026,4,11,중개거래
동대문구,제기동,명경아트빌,67.46,4,2002,40000,2026,4,13,중개거래
동대문구,휘경동,휘경,69.72,2,1972,33000,2026,4,4,중개거래
동대문구,휘경동,서울가든,71.54,2,1985,51000,2026,4,4,중개거래
동대문구,답십리동,청계한신휴플러스,59.74,15,2010,131000,2026,4,12,중개거래
동대문구,장안동,태솔아파트3차,51.96,6,2018,49500,2026,4,12,중개거래
동대문구,답십리동,한신휴플러스그린파크,84.98,8,2010,114000,2026,4,12,중개거래
동대문구,장안동,장안현대홈타운(336),58.42,9,2003,105500,2026,4,11,중개거래
동대문구,답십리동,래미안엘파인아파트,114.82,3,2011,108000,2026,4,11,중개거래
동대문구,제기동,한신아파트,84.76,6,2004,111000,2026,4,11,중개거래
동대문구,전농동,전농동삼성래미안,84.98,9,2000,105000,2026,4,11,중개거래
동대문구,장안동,래미안장안2차,81.05,7,2007,120000,2026,4,11,중개거래
동대문구,전농동,전농SK,59.96,21,2000,109000,2026,4,11,중개거래
동대문구,장안동,은하수드림빌,84.4344,6,2009,64500,2026,4,11,중개거래
동대문구,장안동,장안현대홈타운(336),112.78,9,2003,128000,2026,4,11,중개거래
동대문구,제기동,이수브라운스톤,84.9,20,2005,93000,2026,4,11,중개거래
동대문구,제기동,이수브라운스톤,84.9,3,2005,92900,2026,4,10,중개거래
동대문구,전농동,래미안크레시티,121.95,10,2014,185000,2026,4,11,중개거래
동대문구,회기동,신현대,84.96,15,1989,97000,2026,4,11,중개거래
동대문구,장안동,장안현대홈타운(336),84.87,14,2003,122000,2026,4,11,중개거래
동대문구,장안동,장안힐스테이트,59.885,21,2007,113500,2026,4,10,중개거래
동대문구,전농동,래미안아름숲,84.91,12,2012,134800,2026,4,10,중개거래
동대문구,답십리동,두산,84.83,8,2000,104500,2026,4,10,중개거래
동대문구,이문동,대우,84.89,9,2001,95000,2026,4,11,중개거래
동대문구,답십리동,청계지웰에스테이트,18.585,13,2012,14000,2026,4,10,중개거래
동대문구,이문동,래미안이문2차,84.61,11,2004,106000,2026,4,6,중개거래
동대문구,회기동,회기힐스테이트,84.99,3,2011,105000,2026,4,4,중개거래
동대문구,용두동,래미안엘리니티,59.96,7,2022,150000,2026,4,10,중개거래
동대문구,장안동,일성트루엘,84.9216,3,2012,88500,2026,4,9,중개거래
동대문구,청량리동,한신,59.97,12,1997,87000,2026,4,10,중개거래
동대문구,답십리동,동답한신,96.4,2,1992,78000,2026,4,10,중개거래
동대문구,장안동,장안현대홈타운(336),133.72,20,2003,137000,2026,4,9,중개거래
동대문구,답십리동,두산,114.97,21,2000,114000,2026,4,9,중개거래
동대문구,장안동,르미에르장안타운5차,73.6,13,2005,53000,2026,4,9,중개거래
동대문구,휘경동,브라운스톤휘경,59.96,1,2013,84000,2026,4,8,중개거래
동대문구,답십리동,청계한신휴플러스,59.74,9,2010,140000,2026,4,9,중개거래
동대문구,답십리동,동서울한양,76.41,12,1989,74000,2026,4,9,중개거래
동대문구,휘경동,현대,84.94,2,1992,80000,2026,4,4,중개거래
동대문구,답십리동,답십리청솔우성,59.74,16,2000,96000,2026,4,8,중개거래
동대문구,전농동,전농우성,44.24,5,1992,59000,2026,4,4,중개거래
동대문구,전농동,전농동삼성래미안,84.98,17,2000,105000,2026,4,8,중개거래
동대문구,휘경동,주공1,84.82,11,2001,95800,2026,4,7,중개거래
동대문구,용두동,동대문푸르지오시티(도시형생활주택),30.11,3,2016,39000,2026,4,5,중개거래
동대문구,전농동,전농우성,44.24,3,1992,57500,2026,4,7,중개거래
동대문구,이문동,래미안이문2차,59.79,20,2004,108000,2026,4,7,중개거래
동대문구,답십리동,래미안엘파인아파트,114.82,3,2011,109500,2026,4,7,중개거래
동대문구,장안동,태솔아파트5차,57.37,10,2020,57000,2026,4,6,중개거래
동대문구,제기동,이수브라운스톤,84.9,9,2005,93000,2026,4,3,중개거래
동대문구,답십리동,삼희,58.77,5,1983,35000,2026,4,2,중개거래
동대문구,이문동,대림e-편한세상,59.958,16,2003,60000,2026,4,4,직거래
동대문구,제기동,한신아파트,59.84,12,2004,105000,2026,4,6,중개거래
동대문구,답십리동,동서울한양,59.67,5,1989,63000,2026,4,6,중개거래
동대문구,용두동,동대문푸르지오시티(도시형생활주택),30.11,15,2016,43200,2026,4,3,중개거래
동대문구,휘경동,주공1,114.73,21,2001,114000,2026,4,4,중개거래
동대문구,답십리동,세양청마루,84.98,2,2005,77000,2026,4,4,중개거래
동대문구,이문동,현대,59.92,6,2000,85000,2026,4,5,중개거래
동대문구,장안동,신일해피트리아파트101동,65.58,9,2005,63800,2026,4,5,중개거래
동대문구,전농동,전농우성,59.78,2,1992,76700,2026,4,5,중개거래
동대문구,장안동,한강훼미리주상복합아파트,76.34,12,2009,62800,2026,4,2,중개거래
동대문구,제기동,한신아파트,114.885,20,2004,118000,2026,4,2,중개거래
동대문구,장안동,장안힐스테이트,84.789,13,2007,131000,2026,4,4,중개거래
동대문구,용두동,이편한세상청계센트럴포레,74.98,12,2021,126100,2026,4,3,직거래
동대문구,답십리동,답십리파크자이,59.91,5,2019,148000,2026,4,4,중개거래
동대문구,답십리동,래미안위브,121.66,5,2014,172000,2026,4,4,중개거래
동대문구,전농동,전농우성,59.78,2,1992,76000,2026,4,4,중개거래
동대문구,전농동,전농동신성미소지움,55.371,6,2005,118500,2026,4,4,중개거래
동대문구,제기동,안암골벽산,59.94,18,2003,88000,2026,4,4,중개거래
동대문구,이문동,대림e-편한세상,84.972,13,2003,117000,2026,4,4,중개거래
동대문구,이문동,대림e-편한세상,59.958,8,2003,105000,2026,4,4,중개거래
동대문구,휘경동,주공2,59.13,8,2001,79000,2026,4,4,중개거래
동대문구,전농동,전농SK,59.34,12,2000,99500,2026,4,4,중개거래
동대문구,용두동,신동아,49.68,12,1994,68000,2026,4,4,중개거래
동대문구,전농동,래미안크레시티,59.99,10,2014,151000,2026,4,4,중개거래
동대문구,이문동,쌍용,84.89,4,2000,99500,2026,4,4,중개거래
동대문구,전농동,래미안크레시티,59.99,8,2014,151500,2026,4,4,중개거래
동대문구,휘경동,주공2,39.98,17,2001,57300,2026,4,4,중개거래
동대문구,이문동,신이문금호어울림,84.84,10,2008,95000,2026,4,4,중개거래
동대문구,장안동,래미안장안2차,64.85,20,2007,109000,2026,4,4,중개거래
동대문구,휘경동,브라운스톤휘경,84.74,1,2013,93000,2026,4,2,중개거래
동대문구,전농동,동아,57.9,18,1997,94500,2026,4,3,중개거래
동대문구,전농동,전농우성,84.84,8,1992,89000,2026,4,3,중개거래
동대문구,전농동,전농우성,84.84,1,1992,84000,2026,4,3,중개거래
동대문구,답십리동,래미안미드카운티,59.98,5,2019,146500,2026,4,3,중개거래
동대문구,장안동,래미안장안2차,64.85,19,2007,110000,2026,4,3,중개거래
동대문구,전농동,전농우성,115.56,6,1992,89700,2026,4,1,중개거래
동대문구,답십리동,두산위브,84.91,6,2007,139000,2026,4,3,중개거래
동대문구,장안동,현대홈타운2차,84.97,13,2005,88500,2026,4,3,중개거래
동대문구,이문동,중앙하이츠빌,59.4,17,2002,87000,2026,4,2,중개거래
동대문구,제기동,이수브라운스톤,84.9,3,2005,88000,2026,4,2,중개거래
동대문구,장안동,장안힐스테이트,59.885,13,2007,109500,2026,4,2,중개거래
동대문구,답십리동,대림,59.65,6,2003,70000,2026,4,2,중개거래
동대문구,용두동,래미안 허브리츠,84.96,15,2011,155000,2026,4,2,중개거래
동대문구,답십리동,청솔2차우성,82.49,12,2000,54000,2026,4,1,직거래
동대문구,휘경동,현대,84.94,9,1992,71000,2026,4,2,중개거래
동대문구,장안동,장안현대,95.45,10,1984,84500,2026,4,1,중개거래
동대문구,전농동,래미안크레시티,59.99,10,2014,152500,2026,4,2,중개거래
동대문구,휘경동,주공2,39.98,11,2001,56800,2026,4,1,중개거래
동대문구,제기동,현대,90.95,18,1999,85500,2026,4,1,중개거래
중랑구,묵동,신내두산아파트,126.28,8,1995,109000,2026,4,29,중개거래
중랑구,묵동,신안1,59.96,2,1999,56000,2026,4,25,중개거래
중랑구,묵동,문수해오름,84.62,6,2004,61100,2026,4,18,중개거래
중랑구,묵동,신안1,59.96,4,1999,57500,2026,4,22,중개거래
중랑구,망우동,아스테르아파트,55.82,15,2024,59500,2026,4,19,직거래
중랑구,망우동,신원,59.62,16,1999,48950,2026,4,30,중개거래
중랑구,묵동,신내두산아파트,126.28,2,1995,102000,2026,4,16,중개거래
중랑구,상봉동,포시티,14.855,11,2014,11000,2026,4,28,중개거래
중랑구,묵동,신내두산아파트,126.28,1,1995,99000,2026,4,24,중개거래
중랑구,묵동,현대아이파크,84.9785,6,2002,75000,2026,4,27,직거래
중랑구,신내동,신내6대주,49.77,4,1996,59000,2026,4,27,중개거래
중랑구,망우동,금호어울림(580),59.96,11,2006,60000,2026,4,24,중개거래
중랑구,묵동,신내대림아파트,102.7,4,1995,99000,2026,4,19,중개거래
중랑구,면목동,현대,84.09,8,1994,74800,2026,4,8,중개거래
중랑구,신내동,진로아파트,101.86,5,1995,90000,2026,4,30,중개거래
중랑구,면목동,쌍용더플래티넘용마산,59.9676,10,2020,72000,2026,4,28,중개거래
중랑구,묵동,신내두산아파트,126.28,9,1995,113500,2026,4,29,중개거래
중랑구,면목동,현대,84.81,7,1994,74500,2026,4,28,중개거래
중랑구,신내동,신내6대주,49.77,3,1996,59000,2026,4,27,중개거래
중랑구,면목동,대원칸타빌,56.9217,4,2003,62500,2026,4,11,중개거래
중랑구,신내동,동성3,59.4,12,1997,47500,2026,4,29,중개거래
중랑구,면목동,아람플러스,84.965,5,2009,63000,2026,4,20,중개거래
중랑구,중화동,리버센SKVIEW롯데캐슬,59.99,19,2025,124500,2026,4,10,중개거래
중랑구,상봉동,한일써너스빌,61.468,1,2003,70000,2026,4,16,중개거래
중랑구,신내동,새한,115.84,20,1998,70000,2026,4,29,중개거래
중랑구,신내동,동성1,59.4,7,1993,52500,2026,4,30,중개거래
중랑구,신내동,화성.두산아파트,84.99,11,1995,79900,2026,4,27,중개거래
중랑구,묵동,신내,59.76,8,1996,60000,2026,4,30,중개거래
중랑구,신내동,화성.두산아파트,66.96,8,1995,65000,2026,4,29,중개거래
중랑구,신내동,신내6대주,49.77,2,1996,53000,2026,4,30,중개거래
중랑구,신내동,동성3,59.4,7,1997,53800,2026,4,30,중개거래
중랑구,신내동,신내 데시앙포레,84.65,8,2013,75000,2026,4,30,중개거래
중랑구,상봉동,"엘지,쌍용아파트",68.12,8,1996,63700,2026,4,30,중개거래
중랑구,망우동,예성그린캐슬,84.83,11,2004,58000,2026,4,30,중개거래
중랑구,상봉동,건영캐스빌,84.6475,8,2006,84000,2026,4,30,중개거래
중랑구,신내동,데시앙,114.48,4,2010,101000,2026,4,23,중개거래
중랑구,면목동,라온프라이빗,59.9841,14,2020,106000,2026,4,30,중개거래
중랑구,묵동,신내,39.84,10,1996,37500,2026,4,30,중개거래
중랑구,상봉동,건영1,84.96,23,1997,75000,2026,4,13,중개거래
중랑구,신내동,신내9진흥,33.18,4,1996,28100,2026,4,27,중개거래
중랑구,망우동,경남,59.94,2,1989,45000,2026,4,22,중개거래
중랑구,신내동,신내6대주,59.76,11,1996,64800,2026,4,29,중개거래
중랑구,상봉동,건영1,84.96,1,1997,65500,2026,4,30,중개거래
중랑구,묵동,신내,49.77,11,1996,51000,2026,4,30,중개거래
중랑구,상봉동,레그노시티,26.908,7,2020,29600,2026,4,30,중개거래
중랑구,면목동,두산1,84.87,14,1993,69300,2026,4,19,중개거래
중랑구,면목동,포르투나,51.99,6,2024,59500,2026,4,14,직거래
중랑구,신내동,신내 데시앙포레,84.94,22,2013,81000,2026,4,30,중개거래
중랑구,묵동,묵동자이(1단지),111.32,26,2010,95000,2026,4,29,중개거래
중랑구,신내동,신내6대주,59.76,4,1996,61500,2026,4,24,중개거래
중랑구,상봉동,프레미어스엠코,107.12,9,2013,90000,2026,4,29,중개거래
중랑구,상봉동,"엘지,쌍용아파트",68.12,12,1996,67000,2026,4,29,중개거래
중랑구,망우동,금호어울림(580),59.96,13,2006,60000,2026,4,23,중개거래
중랑구,중화동,한신아파트상가동유치원동(103~109),59.76,13,1997,83500,2026,4,29,중개거래
중랑구,신내동,신내우디안1단지,84.94,19,2014,81000,2026,4,29,중개거래
중랑구,면목동,용마금호타운,84.9,11,1992,71500,2026,4,29,중개거래
중랑구,상봉동,태영데시앙2(1411동),84.6,11,2003,81500,2026,4,29,중개거래
중랑구,상봉동,프레미어스엠코,107.12,9,2013,90000,2026,4,29,중개거래
중랑구,묵동,극동늘푸른,84.08,9,1999,69500,2026,4,20,중개거래
중랑구,면목동,삼성제이드아파트,63.08,7,2015,46000,2026,4,22,중개거래
중랑구,면목동,면목한신,84.92,8,1987,65300,2026,4,14,중개거래
중랑구,신내동,신내6대주,59.76,9,1996,66000,2026,4,27,중개거래
중랑구,중화동,극동,84.13,4,1991,58200,2026,4,29,중개거래
중랑구,신내동,신내6대주,49.77,9,1996,57750,2026,4,25,중개거래
중랑구,면목동,경남아너스빌,59.858,4,2006,74000,2026,4,28,중개거래
중랑구,묵동,신내,59.76,3,1996,59500,2026,4,29,중개거래
중랑구,면목동,면목한신,84.92,4,1987,70000,2026,4,24,중개거래
중랑구,면목동,용마금호타운,84.9,9,1992,51000,2026,4,21,직거래
중랑구,면목동,두산4,84.86,7,2000,84800,2026,4,27,중개거래
중랑구,신내동,성원,84.32,4,1994,61300,2026,4,15,중개거래
중랑구,신내동,신내6대주,39.84,8,1996,42800,2026,4,29,중개거래
중랑구,신내동,화성.두산아파트,66.96,11,1995,66000,2026,4,20,중개거래
중랑구,신내동,성원,84.32,6,1994,69900,2026,4,29,중개거래
중랑구,중화동,한신아파트상가동유치원동(103~109),59.76,8,1997,82000,2026,4,28,중개거래
중랑구,면목동,두산5,60,2,2000,69000,2026,4,28,중개거래
중랑구,중화동,한신아파트상가동유치원동(103~109),59.76,6,1997,79500,2026,4,28,중개거래
중랑구,망우동,한일써너스빌리젠시1단지(101동),84.66,12,2008,87000,2026,4,7,중개거래
중랑구,신내동,신내9진흥,39.84,4,1996,35000,2026,4,28,중개거래
중랑구,면목동,용마한신2,59.84,3,1998,69500,2026,4,28,중개거래
중랑구,묵동,신도브래뉴,51.86,9,2004,45000,2026,4,22,중개거래
중랑구,묵동,신도브래뉴,51.86,11,2004,46000,2026,4,25,중개거래
중랑구,신내동,라이프미성,59.6,9,1992,42000,2026,4,23,중개거래
중랑구,신내동,진로아파트,101.86,11,1995,87000,2026,4,27,중개거래
중랑구,면목동,한양수자인사가정파크,59.9598,10,2019,84000,2026,4,14,직거래
중랑구,면목동,라온프라이빗,84.9672,3,2020,116000,2026,4,26,중개거래
중랑구,신내동,신내9진흥,49.93,2,1996,45800,2026,4,25,중개거래
중랑구,신내동,건영2차,57.3,1,1996,54000,2026,4,25,중개거래
중랑구,면목동,풍림,59.4,1,1997,46000,2026,4,24,중개거래
중랑구,신내동,화성.두산아파트,84.99,3,1995,73000,2026,4,27,중개거래
중랑구,중화동,한신아파트상가동유치원동(103~109),50.37,9,1997,74500,2026,4,27,중개거래
중랑구,면목동,사가정센트럴아이파크,84.87,24,2020,140000,2026,4,24,중개거래
중랑구,망우동,신내역금강펜테리움센트럴파크,84.9871,11,2021,95000,2026,4,26,중개거래
중랑구,묵동,신내,49.77,11,1996,50000,2026,4,27,중개거래
중랑구,면목동,면목한신,84.92,9,1987,66000,2026,4,27,중개거래
중랑구,신내동,신내11대명,59.76,13,1996,55000,2026,4,26,중개거래
중랑구,묵동,묵동자이(2단지),101.91,25,2010,104000,2026,4,26,중개거래
중랑구,묵동,신안2,84.924,8,2000,68800,2026,4,20,중개거래
중랑구,묵동,신안1,59.96,2,1999,56000,2026,4,25,중개거래
중랑구,면목동,두산3,84.77,6,1995,77250,2026,4,24,중개거래
중랑구,면목동,사가정센트럴아이파크,59.78,27,2020,126000,2026,4,25,중개거래
중랑구,상봉동,프레미어스엠코,107.12,18,2013,124000,2026,4,25,중개거래
중랑구,신내동,신내11대명,39.76,5,1996,41000,2026,4,25,중개거래
중랑구,묵동,신안3,59.86,12,2000,56700,2026,4,11,중개거래
중랑구,중화동,한신아파트상가동유치원동(103~109),59.76,18,1997,82500,2026,4,24,중개거래
중랑구,묵동,극동늘푸른,84.08,19,1999,48000,2026,4,24,중개거래
중랑구,신내동,동성1,59.4,16,1993,54500,2026,4,24,중개거래
중랑구,신내동,신내9진흥,49.93,13,1996,49000,2026,4,24,중개거래
중랑구,면목동,경남아너스빌,59.858,9,2006,76500,2026,4,24,중개거래
중랑구,묵동,신내,39.84,6,1996,37000,2026,4,24,중개거래
중랑구,중화동,한신아파트상가동유치원동(103~109),84.03,15,1997,94500,2026,4,23,중개거래
중랑구,신내동,신내6대주,39.84,3,1996,40400,2026,4,24,중개거래
중랑구,중화동,한신아파트상가동유치원동(103~109),59.76,27,1997,82000,2026,4,23,중개거래
중랑구,묵동,우성,47.11,4,1975,30000,2026,4,22,중개거래
중랑구,신내동,진로아파트,163.63,2,1995,98000,2026,4,3,중개거래
중랑구,면목동,용마산모아엘가파크포레,83.91,5,2023,85000,2026,4,23,중개거래
중랑구,상봉동,건영2차아파트,74.9,13,1996,74500,2026,4,24,중개거래
중랑구,신내동,신내우디안1단지,59.99,14,2014,70500,2026,4,14,중개거래
중랑구,면목동,포르투나,51.99,4,2024,59000,2026,4,19,직거래
중랑구,신내동,신내9진흥,39.84,14,1996,36000,2026,4,24,중개거래
중랑구,망우동,중랑숲리가,110.886,1,2012,79700,2026,4,24,중개거래
중랑구,면목동,풍림,84.64,5,1997,64300,2026,4,23,중개거래
중랑구,면목동,경남아너스빌,59.981,13,2006,76500,2026,4,23,중개거래
중랑구,상봉동,건영1,84.96,12,1997,65000,2026,4,20,중개거래
중랑구,신내동,동성1,125.48,15,1993,78500,2026,4,18,중개거래
중랑구,면목동,용마금호타운,84.9,10,1992,72300,2026,4,23,중개거래
중랑구,신내동,신내9진흥,49.93,12,1996,53000,2026,4,23,중개거래
중랑구,신내동,신내6대주,39.84,4,1996,39800,2026,4,23,중개거래
중랑구,묵동,신내,49.77,11,1996,54500,2026,4,19,중개거래
중랑구,면목동,용마한신,35.44,8,1990,33800,2026,4,23,중개거래
중랑구,묵동,신안2,84.924,6,2000,58400,2026,4,22,직거래
중랑구,신내동,신내6대주,49.77,3,1996,55700,2026,4,22,중개거래
중랑구,신내동,신내6대주,59.76,11,1996,69000,2026,4,23,중개거래
중랑구,망우동,아스테르아파트,55.82,14,2024,59000,2026,4,13,직거래
중랑구,중화동,한신아파트상가동유치원동(103~109),59.76,15,1997,86000,2026,4,22,중개거래
중랑구,면목동,대원칸타빌,79.5359,11,2003,78800,2026,4,17,중개거래
중랑구,신내동,신내6대주,39.84,11,1996,43300,2026,4,21,중개거래
중랑구,중화동,리버센SKVIEW롯데캐슬,59.99,27,2025,127000,2026,4,29,중개거래
중랑구,상봉동,프레미어스엠코,134.87,43,2013,157000,2026,4,17,중개거래
중랑구,신내동,영풍마드레빌,84.8485,20,2004,73000,2026,4,22,중개거래
중랑구,신내동,중앙하이츠,84.97,10,1996,62800,2026,4,22,중개거래
중랑구,면목동,한강훼미리(138-62),83.02,5,2004,60000,2026,4,22,중개거래
중랑구,중화동,한신아파트상가동유치원동(103~109),84.87,13,1997,90000,2026,4,22,중개거래
중랑구,신내동,화성.두산아파트,84.99,6,1995,75500,2026,4,9,중개거래
중랑구,신내동,라이프미성,59.6,5,1992,40800,2026,4,22,중개거래
중랑구,신내동,신내6대주,39.84,7,1996,42000,2026,4,18,중개거래
중랑구,신내동,새한,84.36,10,1998,60000,2026,4,18,중개거래
중랑구,상봉동,건영캐스빌,84.6475,5,2006,85800,2026,4,29,중개거래
중랑구,묵동,신내두산아파트,102.7,5,1995,102000,2026,4,20,중개거래
중랑구,신내동,동성1,65.56,7,1993,55900,2026,4,12,중개거래
중랑구,신내동,신내6대주,59.76,7,1996,64500,2026,4,21,중개거래
중랑구,신내동,건영2차,57.3,2,1996,60000,2026,4,21,중개거래
중랑구,신내동,동성1,59.4,18,1993,55000,2026,4,17,중개거래
중랑구,묵동,신내,39.84,7,1996,38500,2026,4,21,중개거래
중랑구,면목동,늘푸른동아,84.97,8,2002,85000,2026,4,21,중개거래
중랑구,신내동,성원,84.32,12,1994,66500,2026,4,21,중개거래
중랑구,상봉동,건영1,84.96,5,1997,74000,2026,4,19,중개거래
중랑구,면목동,면목한신,45.44,8,1987,42000,2026,4,19,중개거래
중랑구,면목동,면목한신,44.5,15,1987,45000,2026,4,14,중개거래
중랑구,신내동,벽산,84.93,2,2000,59000,2026,4,18,중개거래
중랑구,신내동,벽산,59.783,2,2000,46000,2026,4,18,중개거래
중랑구,면목동,두산6,59.55,13,1993,62500,2026,4,15,중개거래
중랑구,면목동,사가정센트럴아이파크,84.956,15,2020,141500,2026,4,20,중개거래
중랑구,면목동,용마금호타운,84.9,1,1992,62000,2026,4,20,중개거래
중랑구,중화동,중화동건영아파트,84.76,3,1998,58000,2026,4,7,중개거래
중랑구,묵동,이편한세상화랑대,84.834,10,2017,119500,2026,4,20,중개거래
중랑구,신내동,신내6대주,59.76,6,1996,40000,2026,4,15,직거래
중랑구,묵동,신내,49.77,2,1996,49000,2026,4,20,중개거래
중랑구,신내동,동성아파트,129.37,7,1997,72800,2026,4,13,중개거래
중랑구,면목동,쌍용더플래티넘용마산,84.9731,4,2020,107000,2026,4,17,중개거래
중랑구,면목동,두산2,134.2,6,1995,94500,2026,4,20,중개거래
중랑구,상봉동,"엘지,쌍용아파트",68.12,4,1996,66500,2026,4,20,중개거래
중랑구,중화동,동양엔파트,84.1,13,2010,65000,2026,4,9,중개거래
중랑구,면목동,사가정센트럴아이파크,84.87,19,2020,143000,2026,4,18,중개거래
중랑구,신내동,신내6대주,39.84,2,1996,37500,2026,4,9,중개거래
중랑구,신내동,신내 데시앙포레,84.65,14,2013,76000,2026,4,20,중개거래
중랑구,상봉동,"엘지,쌍용아파트",68.12,8,1996,65000,2026,4,18,중개거래
중랑구,묵동,브라운스톤태릉,59.4364,13,2004,74000,2026,4,18,중개거래
중랑구,묵동,이편한세상화랑대,59.953,12,2017,90500,2026,4,18,중개거래
중랑구,면목동,용마한신,59.22,7,1990,59900,2026,4,17,중개거래
중랑구,면목동,면목한신,45.44,11,1987,41700,2026,4,17,중개거래
중랑구,면목동,라온프라이빗,59.9803,14,2020,99000,2026,4,17,중개거래
중랑구,면목동,용마산금호어울림,84.912,10,2006,72000,2026,4,18,중개거래
중랑구,신내동,신내6대주,49.77,1,1996,52000,2026,4,18,중개거래
중랑구,신내동,동성1,65.56,11,1993,44000,2026,4,18,중개거래
중랑구,신내동,신내11대명,49.77,6,1996,48000,2026,4,16,중개거래
중랑구,신내동,동성아파트,59.4,16,1997,48700,2026,4,18,중개거래
중랑구,신내동,신내11대명,59.76,11,1996,54000,2026,4,18,중개거래
중랑구,묵동,월드메르디앙,83.51,2,2009,73000,2026,4,18,중개거래
중랑구,묵동,문수해오름,84.62,6,2004,61100,2026,4,18,중개거래
중랑구,중화동,한신아파트상가동유치원동(103~109),59.76,23,1997,87500,2026,4,18,중개거래
중랑구,신내동,신내우디안1단지,84.65,10,2014,77500,2026,4,18,중개거래
중랑구,묵동,신내,39.84,12,1996,39500,2026,4,15,중개거래
중랑구,면목동,형진,59.94,13,1996,52000,2026,4,18,중개거래
중랑구,신내동,중앙하이츠,84.97,2,1996,64000,2026,4,17,중개거래
중랑구,신내동,중앙하이츠,84.97,7,1996,62800,2026,4,18,중개거래
중랑구,신내동,신내11대명,59.76,9,1996,56000,2026,4,18,중개거래
중랑구,신내동,영풍마드레빌,84.8485,21,2004,69000,2026,4,17,중개거래
중랑구,면목동,현대,74.79,15,1994,73000,2026,4,17,중개거래
중랑구,신내동,신내 데시앙포레,84.65,13,2013,80000,2026,4,17,중개거래
중랑구,상봉동,건영2차아파트,84.96,10,1996,79000,2026,4,17,중개거래
중랑구,망우동,금호어울림(580),59.96,11,2006,61800,2026,4,17,중개거래
중랑구,묵동,신안1,59.96,17,1999,59990,2026,4,17,중개거래
중랑구,신내동,데시앙,84.45,13,2010,88500,2026,4,10,중개거래
중랑구,신내동,신내6대주,49.77,1,1996,50500,2026,4,15,중개거래
중랑구,신내동,진로아파트,101.86,1,1995,82000,2026,4,14,중개거래
중랑구,신내동,신내 데시앙포레,84.94,17,2013,80000,2026,4,17,중개거래
중랑구,신내동,대성유니트,95.89,1,2005,66500,2026,4,16,중개거래
중랑구,묵동,신내,49.77,9,1996,51000,2026,4,16,중개거래
중랑구,신내동,새한,59.77,14,1998,55000,2026,4,16,중개거래
중랑구,면목동,용마산모아엘가파크포레,83.91,13,2023,90000,2026,4,16,중개거래
중랑구,면목동,신성,59.91,10,1998,59000,2026,4,16,중개거래
중랑구,신내동,동성3,59.4,8,1997,40200,2026,4,14,직거래
중랑구,상봉동,포시티,14.855,15,2014,11500,2026,4,16,직거래
중랑구,면목동,사가정센트럴아이파크,84.87,11,2020,124600,2026,4,11,중개거래
중랑구,묵동,현대아이파크,134.9966,10,2002,115000,2026,4,4,중개거래
중랑구,면목동,성원상떼빌,59.91,9,1997,57000,2026,4,16,중개거래
중랑구,신내동,동성아파트,59.4,13,1997,54800,2026,4,15,중개거래
중랑구,면목동,면목한신,58.46,8,1987,57000,2026,4,15,중개거래
중랑구,상봉동,건영캐스빌,84.6475,11,2006,86000,2026,4,15,중개거래
중랑구,묵동,신내대림아파트,126.28,3,1995,102000,2026,4,8,중개거래
중랑구,면목동,면목동2차미소지움아파트,78.56,12,2005,65900,2026,4,15,중개거래
중랑구,신내동,동성3,84.08,2,1997,71000,2026,4,13,중개거래
중랑구,면목동,용마산모아엘가파크포레,83.91,2,2023,83500,2026,4,14,중개거래
중랑구,면목동,한양수자인사가정파크,59.9598,2,2019,97500,2026,4,15,중개거래
중랑구,신내동,신내9진흥,39.84,13,1996,33000,2026,4,6,직거래
중랑구,신내동,신내6대주,59.76,4,1996,63000,2026,4,15,중개거래
중랑구,면목동,대원칸타빌,79.5359,6,2003,74000,2026,4,7,직거래
중랑구,신내동,동성1,84.98,7,1993,73000,2026,4,15,중개거래
중랑구,신내동,성원,84.32,19,1994,68000,2026,4,14,중개거래
중랑구,상봉동,"엘지,쌍용아파트",68.12,4,1996,64500,2026,4,14,중개거래
중랑구,면목동,신성,59.91,13,1998,56000,2026,4,14,중개거래
중랑구,면목동,용마산모아엘가파크포레,83.91,7,2023,87000,2026,4,14,중개거래
중랑구,중화동,한신아파트상가동유치원동(103~109),50.37,5,1997,70000,2026,4,13,중개거래
중랑구,신내동,신내6대주,49.77,6,1996,59500,2026,4,14,중개거래
중랑구,신내동,신내우디안1단지,84.65,5,2014,78000,2026,4,14,중개거래
중랑구,면목동,용마한신,59.22,10,1990,59500,2026,4,14,중개거래
중랑구,면목동,면목한신,44.5,14,1987,43800,2026,4,4,중개거래
중랑구,중화동,한신아파트상가동유치원동(103~109),84.87,4,1997,90000,2026,4,14,중개거래
중랑구,신내동,신내11대명,49.77,11,1996,50000,2026,4,13,중개거래
중랑구,묵동,신내대림아파트,102.7,3,1995,80000,2026,4,13,중개거래
중랑구,상봉동,건영캐스빌,84.6475,9,2006,86700,2026,4,14,중개거래
중랑구,면목동,라온프라이빗,84.9672,7,2020,119000,2026,4,14,중개거래
중랑구,면목동,다울101동,84.92,5,2003,48800,2026,4,9,중개거래
중랑구,망우동,예성그린캐슬,84.83,5,2004,64000,2026,4,13,중개거래
중랑구,상봉동,건영캐스빌,84.6475,10,2006,85800,2026,4,12,중개거래
중랑구,면목동,면목한신,45.44,7,1987,41000,2026,4,12,중개거래
중랑구,면목동,용마한신,59.22,3,1990,54000,2026,4,12,중개거래
중랑구,묵동,공감대,59.959,4,2005,62000,2026,4,11,중개거래
중랑구,신내동,경원,59.4,1,1989,31500,2026,4,8,중개거래
중랑구,신내동,신내6대주,59.76,4,1996,61000,2026,4,11,중개거래
중랑구,상봉동,태영데시앙1,84.9353,20,2003,88300,2026,4,11,중개거래
중랑구,중화동,한신아파트상가동유치원동(103~109),50.37,3,1997,70000,2026,4,11,중개거래
중랑구,신내동,신내6대주,39.84,2,1996,42500,2026,4,11,중개거래
중랑구,신내동,신내 데시앙포레,84.94,7,2013,78800,2026,4,11,중개거래
중랑구,면목동,용마한신,82.39,10,1990,64000,2026,4,11,중개거래
중랑구,신내동,동성1,125.48,13,1993,76500,2026,4,10,중개거래
중랑구,면목동,한양수자인사가정파크,59.9598,9,2019,95000,2026,4,11,중개거래
중랑구,면목동,두산6,84.94,17,1993,74000,2026,4,11,중개거래
중랑구,상봉동,우정아파트,57.189,22,2002,79500,2026,4,11,중개거래
중랑구,면목동,라온프라이빗,68.1667,30,2020,107000,2026,4,11,중개거래
중랑구,상봉동,건영1,84.96,17,1997,70000,2026,4,10,중개거래
중랑구,면목동,용마금호타운,84.9,4,1992,73800,2026,4,10,중개거래
중랑구,면목동,신성,59.91,17,1998,54000,2026,4,9,중개거래
중랑구,상봉동,상봉듀오트리스,117.07,24,2016,126000,2026,4,10,중개거래
중랑구,면목동,신성,59.91,10,1998,53000,2026,4,10,중개거래
중랑구,중화동,한신아파트상가동유치원동(103~109),84.03,10,1997,90000,2026,4,10,중개거래
중랑구,망우동,중랑숲리가,84.964,2,2012,72800,2026,4,8,중개거래
중랑구,면목동,면목루브루,54.25,7,2021,53000,2026,4,2,중개거래
중랑구,면목동,사가정센트럴아이파크,114.931,25,2020,167000,2026,4,10,중개거래
중랑구,신내동,동성아파트,59.4,23,1997,53000,2026,4,10,중개거래
중랑구,중화동,리버센SKVIEW롯데캐슬,59.99,7,2025,88000,2026,4,8,중개거래
중랑구,신내동,신내6대주,49.77,8,1996,57500,2026,4,3,중개거래
중랑구,신내동,동성아파트,84.08,10,1997,72000,2026,4,10,중개거래
중랑구,면목동,사가정센트럴아이파크,59.78,24,2020,123000,2026,4,8,중개거래
중랑구,망우동,한일써너스빌리젠시1단지(101동),84.66,28,2008,90000,2026,4,6,중개거래
중랑구,면목동,용마한신,35.44,3,1990,35500,2026,4,10,중개거래
중랑구,면목동,신성,59.91,18,1998,54000,2026,4,3,중개거래
중랑구,면목동,면목한신,35.3,10,1987,30000,2026,4,10,중개거래
중랑구,상봉동,건영2차아파트,74.9,4,1996,72800,2026,4,9,중개거래
중랑구,신내동,동성1,125.48,7,1993,74000,2026,4,4,중개거래
중랑구,신내동,성원,84.32,25,1994,64000,2026,4,9,중개거래
중랑구,신내동,신내 데시앙포레,84.94,3,2013,75000,2026,4,9,중개거래
중랑구,신내동,새한,84.4,7,1998,63000,2026,4,9,중개거래
중랑구,망우동,금호어울림(580),84.93,15,2006,63000,2026,4,9,직거래
중랑구,신내동,신내6대주,59.76,7,1996,64300,2026,4,7,중개거래
중랑구,묵동,묵동자이(1단지),111.32,31,2010,104000,2026,4,9,중개거래
중랑구,신내동,신내우디안1단지,84.65,8,2014,75500,2026,4,9,중개거래
중랑구,망우동,금호어울림(580-1),84.93,4,2006,64000,2026,4,4,중개거래
중랑구,묵동,금호어울림,84.71,15,2003,79700,2026,4,9,중개거래
중랑구,면목동,현대,84.99,11,1994,74400,2026,4,9,중개거래
중랑구,묵동,묵동자이(1단지),112.23,10,2010,102000,2026,4,8,중개거래
중랑구,상봉동,솔렌시아3(85-1),49.84,7,2018,37000,2026,4,8,중개거래
중랑구,면목동,마젤란21,78.941,7,2007,77000,2026,4,4,중개거래
중랑구,신내동,화성.두산아파트,66.96,10,1995,61000,2026,4,8,중개거래
중랑구,신내동,신내6대주,59.76,6,1996,63000,2026,4,8,중개거래
중랑구,신내동,중앙하이츠,84.97,7,1996,66000,2026,4,3,중개거래
중랑구,묵동,이편한세상화랑대,59.953,7,2017,91500,2026,4,8,중개거래
중랑구,상봉동,한일써너스빌,84.914,14,2003,90000,2026,4,7,중개거래
중랑구,면목동,두산5,59.72,9,2000,69700,2026,4,6,중개거래
중랑구,신내동,동성3,84.08,20,1997,71500,2026,4,8,중개거래
중랑구,신내동,신내6대주,39.84,6,1996,38800,2026,4,7,중개거래
중랑구,면목동,두산1,84.87,12,1993,70000,2026,4,8,중개거래
중랑구,면목동,남청파인힐(101동),82.09,2,2006,62000,2026,4,1,중개거래
중랑구,신내동,화성.두산아파트,66.96,8,1995,66000,2026,4,3,중개거래
중랑구,면목동,진로,59.76,11,2001,37000,2026,4,6,중개거래
중랑구,중화동,중화동건영아파트,84.76,3,1998,58000,2026,4,7,중개거래
중랑구,면목동,용마한신,35.44,7,1990,34700,2026,4,8,중개거래
중랑구,신내동,신내6대주,39.84,5,1996,38900,2026,4,7,중개거래
중랑구,신내동,진로아파트,163.63,3,1995,99000,2026,4,8,중개거래
중랑구,신내동,동성아파트,59.4,22,1997,52500,2026,4,7,중개거래
중랑구,신내동,성원,84.32,14,1994,64000,2026,4,7,중개거래
중랑구,신내동,데시앙,59.99,4,2010,71500,2026,4,6,중개거래
중랑구,중화동,한신아파트상가동유치원동(103~109),84.87,6,1997,90000,2026,4,3,중개거래
중랑구,묵동,신내,59.76,9,1996,57500,2026,4,7,중개거래
중랑구,면목동,용마금호타운,84.9,9,1992,60000,2026,4,3,직거래
중랑구,상봉동,"엘지,쌍용아파트",68.12,3,1996,67000,2026,4,7,중개거래
중랑구,상봉동,동부아파트,119.05,6,1999,81500,2026,4,7,중개거래
중랑구,망우동,망우,76.91,5,2003,42800,2026,4,3,중개거래
중랑구,신내동,건영2차,84.96,10,1996,74500,2026,4,7,중개거래
중랑구,상봉동,"엘지,쌍용아파트",68.12,4,1996,60000,2026,4,7,중개거래
중랑구,신내동,신내6대주,49.77,6,1996,58500,2026,4,7,중개거래
중랑구,신내동,동성1,59.4,5,1993,52000,2026,4,4,중개거래
중랑구,면목동,면목한신,84.92,1,1987,62500,2026,4,6,중개거래
중랑구,면목동,두산5,84.87,6,2000,83000,2026,4,4,중개거래
중랑구,신내동,화성.두산아파트,66.96,6,1995,45200,2026,4,2,직거래
중랑구,신내동,동성3,59.4,7,1997,53500,2026,4,6,중개거래
중랑구,신내동,신내9진흥,33.18,8,1996,32000,2026,4,6,중개거래
중랑구,상봉동,"엘지,쌍용아파트",68.12,13,1996,68500,2026,4,6,중개거래
중랑구,면목동,면목한신,35.3,13,1987,29500,2026,4,6,중개거래
중랑구,상봉동,프레미어스엠코,107.12,27,2013,129000,2026,4,6,중개거래
중랑구,신내동,동광오뜨빌,79.1736,5,2001,52500,2026,4,3,중개거래
중랑구,상봉동,프레미어스엠코,107.12,27,2013,129000,2026,4,6,중개거래
중랑구,신내동,성원,84.32,11,1994,67000,2026,4,2,중개거래
중랑구,신내동,신내6대주,59.76,3,1996,62000,2026,4,6,중개거래
중랑구,상봉동,미랜드프래임빌(102동),79.53,3,2006,59000,2026,4,4,중개거래
중랑구,신내동,신내 데시앙포레,84.94,9,2013,76000,2026,4,6,중개거래
중랑구,묵동,월드메르디앙,83.51,2,2009,77000,2026,4,4,중개거래
중랑구,신내동,신내11대명,59.76,8,1996,53400,2026,4,4,중개거래
중랑구,중화동,청광플러스원,84.69,2,2007,84000,2026,4,2,중개거래
중랑구,신내동,석탑,59.82,10,1997,47000,2026,4,4,중개거래
중랑구,신내동,진로아파트,101.86,3,1995,85700,2026,4,3,중개거래
중랑구,묵동,월드메르디앙,83.51,6,2009,78700,2026,4,3,중개거래
중랑구,신내동,벽산,59.783,3,2000,47000,2026,4,5,중개거래
중랑구,신내동,신내9진흥,33.18,8,1996,30000,2026,4,4,중개거래
중랑구,면목동,용마한신,44.35,7,1990,48000,2026,4,5,중개거래
중랑구,신내동,신내11대명,39.76,2,1996,37000,2026,4,4,중개거래
중랑구,묵동,신내두산아파트,126.28,11,1995,121500,2026,4,3,중개거래
중랑구,면목동,면목한신,35.3,13,1987,32500,2026,4,4,중개거래
중랑구,면목동,신성,84.98,8,1998,67000,2026,4,3,중개거래
중랑구,신내동,신내 데시앙포레,84.91,8,2013,76000,2026,4,4,중개거래
중랑구,신내동,신내 데시앙포레,84.91,18,2013,80500,2026,4,4,중개거래
중랑구,상봉동,건영1,84.96,5,1997,77400,2026,4,4,중개거래
중랑구,중화동,한신아파트상가동유치원동(103~109),84.03,2,1997,80000,2026,4,4,중개거래
중랑구,상봉동,"엘지,쌍용아파트",84.67,6,1996,72000,2026,4,4,중개거래
중랑구,면목동,신성미소지움,80.1913,6,2004,66800,2026,4,4,중개거래
중랑구,묵동,신안2,84.924,3,2000,68000,2026,4,4,중개거래
중랑구,면목동,신성미소지움,80.1913,11,2004,67000,2026,4,4,중개거래
중랑구,상봉동,태영데시앙1,59.6772,7,2003,72800,2026,4,4,중개거래
중랑구,면목동,사가정센트럴아이파크,59.78,20,2020,130000,2026,4,3,중개거래
중랑구,면목동,면목한신,44.5,1,1987,39500,2026,4,3,중개거래
중랑구,신내동,신내우디안1단지,84.65,6,2014,76000,2026,4,3,중개거래
중랑구,면목동,두산2,134.2,7,1995,87500,2026,4,3,중개거래
중랑구,면목동,면목한신,84.92,6,1987,68000,2026,4,3,중개거래
중랑구,상봉동,태영데시앙1,84.9353,18,2003,86750,2026,4,4,중개거래
중랑구,신내동,성원,84.4,2,1994,63800,2026,4,4,중개거래
중랑구,신내동,신내9진흥,49.93,2,1996,46500,2026,4,4,중개거래
중랑구,망우동,경남,59.94,3,1989,42900,2026,4,3,중개거래
중랑구,신내동,동성1,65.56,15,1993,54000,2026,4,2,중개거래
중랑구,상봉동,동부아파트,54,2,1999,57000,2026,4,3,중개거래
중랑구,묵동,신안2,59.845,3,2000,50500,2026,4,1,중개거래
중랑구,면목동,면목한신,44.5,5,1987,48000,2026,4,3,중개거래
중랑구,신내동,망우역신원아침도시,48.795,12,2023,55500,2026,4,3,중개거래
중랑구,중화동,한신아파트상가동유치원동(103~109),59.76,21,1997,70200,2026,4,2,직거래
중랑구,신내동,석탑,84.6,10,1997,59500,2026,4,1,중개거래
중랑구,상봉동,건영2차아파트,84.96,15,1996,80000,2026,4,2,중개거래
중랑구,면목동,라온프라이빗,59.9855,26,2020,100000,2026,4,1,중개거래
중랑구,신내동,신내9진흥,39.84,8,1996,36500,2026,4,1,중개거래
중랑구,묵동,현대아이파크,84.9765,6,2002,91000,2026,4,3,중개거래
중랑구,신내동,신내9진흥,49.93,9,1996,49900,2026,4,2,중개거래
중랑구,면목동,면목동금호어울림아파트,84.0827,5,2005,81500,2026,4,1,중개거래
중랑구,신내동,화성.두산아파트,66.96,4,1995,63000,2026,4,1,중개거래
중랑구,상봉동,SG타워,84.92,4,2004,57500,2026,4,1,중개거래
중랑구,신내동,다우훼밀리,59.96,1,1999,51000,2026,4,1,중개거래
중랑구,상봉동,건영1,84.96,7,1997,74000,2026,4,1,중개거래
중랑구,신내동,신내6대주,39.84,2,1996,39500,2026,4,1,중개거래
중랑구,신내동,신내9진흥,49.93,4,1996,48000,2026,4,1,중개거래
중랑구,신내동,신내6대주,39.84,4,1996,39400,2026,4,1,중개거래
중랑구,면목동,경남아너스빌,84.961,15,2006,86500,2026,4,1,중개거래
중랑구,묵동,신내,49.77,4,1996,51000,2026,4,1,중개거래
중랑구,묵동,효산센터빌,81.46,7,2008,60500,2026,4,1,중개거래
중랑구,중화동,범양프레체,17.94,15,2012,12300,2026,4,1,중개거래
성북구,동소문동7가,한신플러스C,59.91,13,2004,89500,2026,4,30,중개거래
성북구,종암동,래미안크리시엘,84.95,4,2004,94300,2026,4,29,중개거래
성북구,장위동,래미안장위퍼스트하이,84.94,26,2020,90000,2026,4,28,직거래
성북구,안암동3가,대광,54.88,2,1971,22000,2026,4,28,중개거래
성북구,삼선동3가,삼선에스케이뷰,84.94,9,2012,136000,2026,4,24,중개거래
성북구,하월곡동,삼전솔하임3차,15.54,14,2013,12000,2026,4,30,중개거래
성북구,정릉동,갤럭시더정릉,14.91,3,2022,25000,2026,4,23,직거래
성북구,길음동,삼부컨비니언,84.13,10,1998,84000,2026,4,29,중개거래
성북구,길음동,삼부컨비니언,84.13,4,1998,79000,2026,4,17,중개거래
성북구,하월곡동,월곡두산위브,114.752,16,2003,66000,2026,4,23,직거래
성북구,장위동,우방아파트,59.98,9,2001,56000,2026,4,15,중개거래
성북구,하월곡동,동일하이빌뉴시티,178.84,30,2011,170000,2026,4,25,중개거래
성북구,하월곡동,월곡두산위브,114.752,18,2003,104000,2026,4,30,중개거래
성북구,장위동,꿈의숲대명루첸아파트,84.843,11,2008,98000,2026,4,19,직거래
성북구,장위동,우방아파트,59.98,6,2001,56200,2026,4,23,중개거래
성북구,동소문동7가,한신플러스C,84.95,6,2004,97500,2026,4,25,중개거래
성북구,장위동,래미안포레카운티,59.92,20,2021,118000,2026,4,30,중개거래
성북구,정릉동,중앙하이츠빌1단지,84.98,10,2004,68000,2026,4,28,직거래
성북구,돈암동,돈암동 풍림아파트 101~105동,114.41,15,1999,70000,2026,4,30,직거래
성북구,정릉동,정릉푸른마을동아,59.94,18,2003,68000,2026,4,25,중개거래
성북구,돈암동,돈암동더샵아파트,84.817,7,2006,89500,2026,4,28,중개거래
성북구,돈암동,일신건영휴먼빌아파트,84.98,3,2005,51000,2026,4,28,중개거래
성북구,돈암동,길음역금호어울림센터힐,59.5,15,2014,104000,2026,4,22,중개거래
성북구,정릉동,정릉풍림아이원,59.88,12,2005,60000,2026,4,18,중개거래
성북구,보문동6가,보문파크뷰자이,59.81,2,2017,118000,2026,4,25,중개거래
성북구,돈암동,동부센트레빌,115.51,1,2003,115000,2026,4,29,중개거래
성북구,정릉동,정릉한일유앤아이,84.99,8,2006,58000,2026,4,29,직거래
성북구,하월곡동,동일하이빌뉴시티,126.6,15,2011,124000,2026,4,24,중개거래
성북구,하월곡동,래미안월곡,84.589,10,2006,85000,2026,4,28,직거래
성북구,종암동,아이파크종암동2차,59.675,2,2005,84000,2026,4,27,중개거래
성북구,길음동,길음동동부센트레빌(1278-0),84.844,2,2003,112000,2026,4,30,중개거래
성북구,하월곡동,동일하이빌뉴시티,188.22,16,2011,170000,2026,4,30,중개거래
성북구,돈암동,한진(609-1),59.58,3,1998,75000,2026,4,30,중개거래
성북구,보문동3가,현대I-PARK,114.55,14,2003,120000,2026,4,30,중개거래
성북구,돈암동,돈암현대아파트,41.58,2,1991,52000,2026,4,30,중개거래
성북구,길음동,길음뉴타운7단지(두산위브),114.99,4,2010,143000,2026,4,30,중개거래
성북구,종암동,우림카이저팰리스,84.52,5,2008,89000,2026,4,30,중개거래
성북구,보문동3가,이편한세상보문,84.904,14,2013,112500,2026,4,30,중개거래
성북구,정릉동,정릉성원상떼빌,59.94,13,2000,53800,2026,4,30,중개거래
성북구,하월곡동,성북힐스테이트(102동),106.28,6,2007,100000,2026,4,30,중개거래
성북구,석관동,석관래미안,84.84,12,2009,103500,2026,4,30,중개거래
성북구,장위동,꿈의숲대명루첸아파트,84.843,9,2008,98000,2026,4,21,중개거래
성북구,동소문동5가,돈암동일하이빌,68.616,13,2006,64000,2026,4,30,중개거래
성북구,안암동3가,대광,45.95,6,1971,17500,2026,4,30,중개거래
성북구,삼선동3가,삼선에스케이뷰,122.44,8,2012,156000,2026,4,28,중개거래
성북구,길음동,길음뉴타운6단지(래미안),113.226,3,2007,151000,2026,4,30,중개거래
성북구,삼선동2가,삼선푸르지오,84.88,14,2008,103000,2026,4,30,중개거래
성북구,돈암동,돈암동더샵아파트,84.817,17,2006,88000,2026,4,30,중개거래
성북구,정릉동,정릉푸르지오,84.89,2,2005,80800,2026,4,30,중개거래
성북구,정릉동,정릉꿈에그린,84.56,7,2015,85000,2026,4,29,중개거래
성북구,돈암동,돈암코오롱하늘채,84.8778,12,2016,124300,2026,4,30,중개거래
성북구,장위동,장위자이레디언트(4단지),59.97,20,2025,75000,2026,4,29,직거래
성북구,돈암동,한진(609-1),59.58,7,1998,76000,2026,4,24,중개거래
성북구,정릉동,대동아파트,81.09,18,2003,59800,2026,4,27,중개거래
성북구,정릉동,정릉푸른마을동아,84.96,10,2003,77500,2026,4,21,중개거래
성북구,석관동,두산,84.9,20,1998,97000,2026,4,29,중개거래
성북구,종암동,종암2차SKVIEW,59.98,10,2010,97500,2026,4,27,중개거래
성북구,보문동1가,보문리슈빌하우트,59.7918,9,2022,127000,2026,4,29,중개거래
성북구,종암동,래미안라센트,84.99,4,2011,130000,2026,4,29,중개거래
성북구,하월곡동,월곡래미안루나밸리,114.93,20,2007,125000,2026,4,29,중개거래
성북구,하월곡동,꿈의숲푸르지오,84.73,4,2010,96000,2026,4,29,중개거래
성북구,돈암동,동부센트레빌,80.54,12,2003,75000,2026,4,29,중개거래
성북구,장위동,꿈의숲아이파크,84.47,3,2022,137000,2026,4,28,중개거래
성북구,정릉동,대우,43.11,18,2001,36000,2026,4,29,중개거래
성북구,종암동,종암에스케이,114.75,24,1999,105000,2026,4,28,중개거래
성북구,정릉동,쌍용2,59.9,19,1999,59000,2026,4,10,중개거래
성북구,정릉동,"산장아파트가동,나동",52.89,2,1977,30000,2026,4,29,중개거래
성북구,길음동,길음동동부센트레빌(1278-0),84.844,15,2003,102000,2026,4,29,중개거래
성북구,길음동,길음뉴타운8단지(래미안),114.98,24,2010,153000,2026,4,18,중개거래
성북구,돈암동,한진(609-1),84.87,12,1998,90500,2026,4,29,중개거래
성북구,돈암동,돈암힐스테이트,84.74,6,2007,93000,2026,4,29,중개거래
성북구,길음동,삼부컨비니언,59.94,6,1998,74700,2026,4,11,중개거래
성북구,돈암동,길음역금호어울림센터힐,84.88,14,2014,117000,2026,4,22,중개거래
성북구,돈암동,한진(609-1),59.58,12,1998,77800,2026,4,29,중개거래
성북구,삼선동4가,공신,151.5,4,1998,90000,2026,4,20,중개거래
성북구,삼선동2가,삼선푸르지오,59.95,2,2008,86000,2026,4,24,중개거래
성북구,돈암동,돈암동삼성,59.4,12,1999,83000,2026,4,25,중개거래
성북구,석관동,두산,134.97,2,1998,99000,2026,4,28,중개거래
성북구,동소문동7가,브라운스톤동선,59.95,3,2010,94100,2026,4,28,중개거래
성북구,돈암동,이수브라운스톤돈암,59.99,5,2004,82500,2026,4,28,중개거래
성북구,종암동,아이파크종암동1차,55.27,9,2004,92000,2026,4,28,중개거래
성북구,길음동,길음뉴타운8단지(래미안),114.98,21,2010,152000,2026,4,11,중개거래
성북구,정릉동,정릉풍림아이원,84.09,2,2005,67200,2026,4,28,중개거래
성북구,상월곡동,동아에코빌,114.66,17,2003,89000,2026,4,28,중개거래
성북구,종암동,종암2차SKVIEW,59.98,6,2010,95300,2026,4,17,중개거래
성북구,하월곡동,래미안월곡,84.589,4,2006,105000,2026,4,28,중개거래
성북구,길음동,삼부컨비니언,59.94,11,1998,73000,2026,4,28,중개거래
성북구,정릉동,정릉풍림아이원,84.09,9,2005,64000,2026,4,28,중개거래
성북구,길음동,롯데캐슬클라시아,59.7812,7,2022,152000,2026,4,28,중개거래
성북구,돈암동,한진(609-1),59.58,15,1998,77500,2026,4,28,중개거래
성북구,길음동,길음뉴타운2단지푸르지오,84.97,8,2005,106200,2026,4,10,중개거래
성북구,길음동,길음뉴타운4단지(e편한세상),102.38,19,2005,126000,2026,4,28,중개거래
성북구,길음동,길음뉴타운4단지(e편한세상),114.88,15,2005,122000,2026,4,27,중개거래
성북구,정릉동,정릉푸른마을동아,84.96,15,2003,73000,2026,4,28,중개거래
성북구,길음동,길음동동부센트레빌(1278-0),59.998,17,2003,104700,2026,4,28,중개거래
성북구,돈암동,돈암동삼성,84.59,17,1999,92500,2026,4,23,중개거래
성북구,정릉동,정릉푸르지오,84.89,1,2005,79800,2026,4,27,중개거래
성북구,동소문동7가,한신플러스C,84.95,1,2004,88000,2026,4,25,중개거래
성북구,하월곡동,꿈의숲푸르지오,59.65,5,2010,91000,2026,4,20,중개거래
성북구,장위동,꿈의숲대명루첸아파트,84.843,6,2008,65000,2026,4,10,직거래
성북구,장위동,참누리아파트,84.98,3,2006,57000,2026,4,27,중개거래
성북구,석관동,래미안아트리치,59.98,17,2019,126000,2026,4,27,중개거래
성북구,정릉동,정릉힐스테이트3차,59.98,1,2008,72800,2026,4,23,중개거래
성북구,종암동,종암선경,75.5,14,1996,75000,2026,4,27,중개거래
성북구,길음동,길음뉴타운1단지(래미안길음1차),114.98,10,2003,134000,2026,4,25,중개거래
성북구,정릉동,정릉2차e-편한세상,59.37,4,2009,87500,2026,4,27,중개거래
성북구,하월곡동,월곡두산위브,84.843,5,2003,101500,2026,4,27,중개거래
성북구,돈암동,일신건영휴먼빌아파트,117.16,20,2005,102000,2026,4,27,중개거래
성북구,장위동,꿈의숲아이파크,59.1,24,2022,127000,2026,4,27,중개거래
성북구,정릉동,대우,43.11,11,2001,35000,2026,4,16,중개거래
성북구,종암동,종암에스케이,59.04,18,1999,79800,2026,4,26,중개거래
성북구,종암동,래미안크리시엘,84.95,4,2004,106500,2026,4,24,중개거래
성북구,하월곡동,래미안월곡,84.589,7,2006,107500,2026,4,25,중개거래
성북구,정릉동,중앙하이츠빌1단지,84.98,2,2004,74500,2026,4,26,중개거래
성북구,보문동3가,이편한세상보문,84.904,7,2013,107000,2026,4,26,중개거래
성북구,정릉동,정릉풍림아이원,84.09,15,2005,70000,2026,4,25,중개거래
성북구,길음동,래미안길음센터피스,59.97,15,2019,149500,2026,4,25,중개거래
성북구,하월곡동,래미안월곡,59.754,7,2006,94500,2026,4,25,중개거래
성북구,장위동,꿈의숲코오롱하늘채,59.92,11,2017,108000,2026,4,25,중개거래
성북구,하월곡동,월곡래미안루나밸리,84.88,22,2007,110000,2026,4,25,중개거래
성북구,하월곡동,래미안월곡,59.754,10,2006,98000,2026,4,25,중개거래
성북구,종암동,래미안크리시엘,59.99,4,2004,100500,2026,4,25,중개거래
성북구,길음동,길음뉴타운2단지푸르지오,114.73,1,2005,112000,2026,4,25,중개거래
성북구,삼선동2가,삼선푸르지오,59.95,2,2008,94000,2026,4,25,중개거래
성북구,길음동,길음뉴타운5단지(래미안),59.75,5,2006,118000,2026,4,25,중개거래
성북구,하월곡동,월곡두산위브,84.843,9,2003,99000,2026,4,25,중개거래
성북구,종암동,아이파크종암동1차,84.98,11,2004,111500,2026,4,25,중개거래
성북구,장위동,꿈의숲아이파크,59.1,8,2022,125000,2026,4,25,중개거래
성북구,정릉동,중앙하이츠빌1단지,59.98,19,2004,63000,2026,4,25,중개거래
성북구,정릉동,정릉e-편한세상,114.56,3,2006,83000,2026,4,24,중개거래
성북구,정릉동,정릉풍림아이원,59.88,5,2005,58800,2026,4,25,중개거래
성북구,보문동6가,아남,84.9,1,1994,61500,2026,4,25,중개거래
성북구,돈암동,일신건영휴먼빌아파트,84.98,15,2005,89500,2026,4,25,중개거래
성북구,보문동3가,이편한세상보문,84.774,5,2013,106500,2026,4,25,중개거래
성북구,상월곡동,동아에코빌,114.66,3,2003,88500,2026,4,24,중개거래
성북구,돈암동,이수브라운스톤돈암,84.97,15,2004,102000,2026,4,24,중개거래
성북구,돈암동,한신,68.13,11,1998,87500,2026,4,24,중개거래
성북구,하월곡동,월곡두산위브,114.752,19,2003,105500,2026,4,24,중개거래
성북구,석관동,두산,54.55,1,1998,76000,2026,4,24,중개거래
성북구,돈암동,한진(609-1),59.58,18,1998,77500,2026,4,24,중개거래
성북구,장위동,장위동동원베네스트,84.95,14,2005,65500,2026,4,24,중개거래
성북구,돈암동,한진(609-1),59.58,9,1998,83300,2026,4,24,중개거래
성북구,정릉동,정릉풍림아이원,114.75,8,2005,69000,2026,4,24,중개거래
성북구,하월곡동,월곡두산위브,114.752,3,2003,67000,2026,4,24,직거래
성북구,정릉동,정릉e-편한세상,59.77,13,2006,68500,2026,4,24,중개거래
성북구,안암동1가,안암동삼성래미안,84.8681,14,2005,97500,2026,4,24,중개거래
성북구,정릉동,정릉중앙하이츠아파트,59.26,14,1999,42300,2026,4,24,중개거래
성북구,하월곡동,래미안월곡,84.589,14,2006,111000,2026,4,24,중개거래
성북구,종암동,래미안세레니티,59.92,7,2009,97500,2026,4,24,중개거래
성북구,정릉동,길음뉴타운경남아너스빌,114.63,20,1999,93000,2026,4,24,중개거래
성북구,상월곡동,동아에코빌,84.97,1,2003,79700,2026,4,23,중개거래
성북구,삼선동2가,삼선푸르지오,114.65,4,2008,95000,2026,4,22,중개거래
성북구,하월곡동,래미안월곡,114.678,17,2006,125000,2026,4,24,중개거래
성북구,종암동,우림카이저팰리스,84.98,23,2008,54000,2026,4,23,직거래
성북구,하월곡동,월곡갑을명가,66.48,4,2007,68000,2026,4,23,중개거래
성북구,하월곡동,아남,84.69,16,1996,67000,2026,4,8,중개거래
성북구,정릉동,정릉풍림아이원,114.75,7,2005,74300,2026,4,24,중개거래
성북구,하월곡동,월곡두산위브,59.855,9,2003,91500,2026,4,23,중개거래
성북구,삼선동2가,삼선푸르지오,59.95,3,2008,92000,2026,4,23,중개거래
성북구,길음동,길음뉴타운9단지(래미안),84.95,27,2010,140000,2026,4,7,중개거래
성북구,정릉동,정릉2차e-편한세상,59.37,13,2009,88000,2026,4,23,중개거래
성북구,정릉동,라온유,109.75,13,2008,94500,2026,4,23,중개거래
성북구,정릉동,길음뉴타운경남아너스빌,114.63,6,1999,87000,2026,4,23,중개거래
성북구,석관동,삼성,59.82,2,1997,44500,2026,4,23,중개거래
성북구,안암동1가,안암동삼성래미안,59.6983,10,2005,59500,2026,4,23,중개거래
성북구,종암동,극동,59.67,10,2000,67500,2026,4,23,중개거래
성북구,종암동,래미안세레니티,59.92,10,2009,103000,2026,4,23,중개거래
성북구,종암동,종암선경,59.4,1,1996,53300,2026,4,23,중개거래
성북구,정릉동,정릉힐스테이트3차,84.97,4,2008,84700,2026,4,23,중개거래
성북구,길음동,길음뉴타운6단지(래미안),59.373,13,2007,131000,2026,4,23,중개거래
성북구,정릉동,정릉2차e-편한세상,84.09,5,2009,80000,2026,4,21,직거래
성북구,길음동,롯데캐슬클라시아,59.7812,9,2022,143000,2026,4,23,중개거래
성북구,돈암동,한신,68.13,7,1998,85000,2026,4,14,중개거래
성북구,종암동,래미안크리시엘,114.98,4,2004,108500,2026,4,23,중개거래
성북구,하월곡동,래미안월곡,84.589,9,2006,107500,2026,4,23,중개거래
성북구,정릉동,정릉풍림아이원,84.09,5,2005,67400,2026,4,23,중개거래
성북구,종암동,종암선경,75.5,6,1996,68000,2026,4,23,중개거래
성북구,정릉동,길음뉴타운경남아너스빌,59.59,4,1999,68000,2026,4,23,중개거래
성북구,정릉동,정릉풍림아이원,59.88,9,2005,58500,2026,4,23,중개거래
성북구,종암동,래미안라센트,114.98,19,2011,149000,2026,4,4,중개거래
성북구,안암동3가,삼익,177.57,11,1983,95000,2026,4,13,중개거래
성북구,상월곡동,동아에코빌,114.66,12,2003,90500,2026,4,22,중개거래
성북구,동소문동7가,브라운스톤동선,59.96,3,2010,95000,2026,4,22,중개거래
성북구,정릉동,정릉힐스테이트1차,84.915,13,2007,79500,2026,4,22,중개거래
성북구,정릉동,정릉힐스테이트,84.92,21,2004,86000,2026,4,22,중개거래
성북구,정릉동,길음뉴타운경남아너스빌,84.88,10,1999,84300,2026,4,22,중개거래
성북구,돈암동,한신,132.96,9,1998,66500,2026,4,22,중개거래
성북구,길음동,롯데캐슬클라시아,59.8745,14,2022,149800,2026,4,22,중개거래
성북구,보문동6가,보문파크뷰자이,45.81,9,2017,99500,2026,4,14,중개거래
성북구,길음동,래미안길음센터피스,84.98,11,2019,180000,2026,4,22,중개거래
성북구,상월곡동,동아에코빌,59.95,6,2003,76000,2026,4,22,중개거래
성북구,돈암동,돈암코오롱하늘채,59.8616,7,2016,97500,2026,4,14,중개거래
성북구,길음동,길음뉴타운8단지(래미안),84.82,15,2010,129000,2026,4,22,중개거래
성북구,정릉동,동우,44.45,1,1975,15800,2026,4,8,중개거래
성북구,동소문동7가,한신플러스C,59.91,16,2004,81700,2026,4,15,중개거래
성북구,보문동3가,이편한세상보문,84.774,12,2013,112500,2026,4,22,중개거래
성북구,하월곡동,래미안월곡,59.754,5,2006,100000,2026,4,22,중개거래
성북구,하월곡동,베로니스,52.9,12,2020,60000,2026,4,20,중개거래
성북구,삼선동2가,삼선현대힐스테이트,114.86,8,2009,114000,2026,4,22,중개거래
성북구,돈암동,한신,132.96,5,1998,107000,2026,4,15,중개거래
성북구,종암동,래미안세레니티,84.99,9,2009,120000,2026,4,21,중개거래
성북구,하월곡동,래미안월곡,84.589,2,2006,109000,2026,4,21,중개거래
성북구,장위동,참누리아파트,84.98,2,2006,77300,2026,4,20,중개거래
성북구,하월곡동,성북힐스테이트(101동),84.69,5,2007,87000,2026,4,18,중개거래
성북구,종암동,래미안라센트,84.99,11,2011,128000,2026,4,17,중개거래
성북구,종암동,래미안라센트,84.99,17,2011,134500,2026,4,3,중개거래
성북구,상월곡동,동아에코빌,114.66,21,2003,84500,2026,4,20,중개거래
성북구,정릉동,정릉우성아파트 101~105동,84.99,4,2000,48750,2026,4,9,중개거래
성북구,하월곡동,월곡래미안루나밸리,59.98,18,2007,96700,2026,4,20,중개거래
성북구,석관동,래미안아트리치,59.96,7,2019,120000,2026,4,20,중개거래
성북구,석관동,래미안아트리치,84.98,22,2019,135000,2026,4,20,중개거래
성북구,종암동,래미안라센트,59.98,5,2011,109000,2026,4,20,중개거래
성북구,길음동,래미안길음센터피스,59.97,5,2019,143500,2026,4,20,중개거래
성북구,정릉동,길음뉴타운데시앙,114.76,2,1999,70000,2026,4,20,중개거래
성북구,종암동,래미안라센트,114.98,14,2011,147500,2026,4,20,중개거래
성북구,돈암동,한진(609-1),59.58,20,1998,79700,2026,4,20,중개거래
성북구,돈암동,한진(609-1),84.87,4,1998,89500,2026,4,17,중개거래
성북구,장위동,래미안포레카운티,84.98,17,2021,124500,2026,4,20,중개거래
성북구,돈암동,한진(609-1),59.58,8,1998,81000,2026,4,13,중개거래
성북구,정릉동,정릉e-편한세상,85,14,2006,76500,2026,4,20,중개거래
성북구,정릉동,정릉풍림아이원,59.88,2,2005,55000,2026,4,20,중개거래
성북구,하월곡동,꿈의숲푸르지오,59.65,12,2010,86000,2026,4,13,중개거래
성북구,종암동,래미안라센트,59.98,20,2011,115300,2026,4,20,중개거래
성북구,석관동,코오롱,84.87,18,1999,53000,2026,4,20,직거래
성북구,종암동,래미안세레니티,114.99,13,2009,138000,2026,4,19,중개거래
성북구,장위동,꿈의숲대명루첸아파트,84.843,13,2008,99000,2026,4,18,중개거래
성북구,석관동,래미안아트리치,59.98,6,2019,118500,2026,4,18,중개거래
성북구,정릉동,정릉성원상떼빌,59.94,13,2000,53800,2026,4,18,중개거래
성북구,장위동,꿈의숲아이파크,59.1,3,2022,119500,2026,4,18,중개거래
성북구,석관동,래미안아트리치,59.98,13,2019,122000,2026,4,18,중개거래
성북구,하월곡동,래미안월곡,59.754,12,2006,92000,2026,4,18,중개거래
성북구,길음동,길음뉴타운2단지푸르지오,59.77,2,2005,91000,2026,4,18,중개거래
성북구,보문동1가,보문리슈빌하우트,59.7918,11,2022,128000,2026,4,18,중개거래
성북구,장위동,꿈의숲아이파크,59.1,9,2022,126800,2026,4,18,중개거래
성북구,정릉동,길음뉴타운데시앙,59.42,16,1999,66000,2026,4,18,중개거래
성북구,석관동,래미안아트리치,59.42,11,2019,120000,2026,4,18,중개거래
성북구,장위동,꿈의숲코오롱하늘채,59.92,4,2017,108600,2026,4,19,중개거래
성북구,정릉동,정릉꿈에그린,84.56,12,2015,96000,2026,4,18,중개거래
성북구,길음동,길음뉴타운2단지푸르지오,84.97,1,2005,99500,2026,4,18,중개거래
성북구,길음동,길음뉴타운2단지푸르지오,84.97,6,2005,106000,2026,4,18,중개거래
성북구,길음동,래미안길음센터피스,84.98,27,2019,178000,2026,4,18,중개거래
성북구,하월곡동,샹그레빌아파트,79.984,12,2004,72700,2026,4,18,중개거래
성북구,길음동,길음뉴타운4단지(e편한세상),114.88,12,2005,134000,2026,4,18,중개거래
성북구,정릉동,정릉e-편한세상,59.77,9,2006,69600,2026,4,18,중개거래
성북구,장위동,꿈의숲아이파크,59.1,16,2022,123000,2026,4,18,중개거래
성북구,길음동,길음뉴타운5단지(래미안),59.75,16,2006,110000,2026,4,18,중개거래
성북구,정릉동,정릉풍림아이원,84.24,2,2005,67000,2026,4,18,중개거래
성북구,정릉동,정릉풍림아이원,114.75,7,2005,80000,2026,4,18,중개거래
성북구,삼선동3가,삼선에스케이뷰,59.96,11,2012,119000,2026,4,18,중개거래
성북구,정릉동,정릉스카이쌍용아파트,109.27,18,1999,80000,2026,4,18,중개거래
성북구,정릉동,정릉힐스테이트3차,59.98,3,2008,73000,2026,4,18,중개거래
성북구,하월곡동,월곡두산위브,84.843,6,2003,99000,2026,4,18,중개거래
성북구,돈암동,한진(609-1),59.58,14,1998,76500,2026,4,18,중개거래
성북구,길음동,길음뉴타운2단지푸르지오,114.73,9,2005,113000,2026,4,17,중개거래
성북구,정릉동,정릉힐스테이트1차,84.823,4,2007,84500,2026,4,17,중개거래
성북구,정릉동,쌍용2,84.49,6,1999,67000,2026,4,17,중개거래
성북구,상월곡동,동아에코빌,59.95,13,2003,75500,2026,4,17,중개거래
성북구,하월곡동,동신,84.78,15,1998,85000,2026,4,17,중개거래
성북구,정릉동,길음뉴타운경남아너스빌,114.63,10,1999,80000,2026,4,17,중개거래
성북구,하월곡동,베로니스,52.9,5,2020,59500,2026,4,17,중개거래
성북구,상월곡동,동아에코빌,59.95,14,2003,75000,2026,4,18,중개거래
성북구,장위동,래미안장위퍼스트하이,59.99,12,2020,117500,2026,4,18,중개거래
성북구,정릉동,길음뉴타운경남아너스빌,45.77,9,1999,60000,2026,4,17,중개거래
성북구,길음동,길음뉴타운8단지(래미안),84.94,5,2010,120000,2026,4,17,중개거래
성북구,종암동,래미안세레니티,59.97,12,2009,103000,2026,4,17,중개거래
성북구,정릉동,대우,43.11,5,2001,34700,2026,4,17,중개거래
성북구,길음동,길음뉴타운5단지(래미안),59.75,9,2006,67600,2026,4,17,중개거래
성북구,정릉동,정릉푸른마을동아,84.96,13,2003,78500,2026,4,17,중개거래
성북구,하월곡동,성북힐스테이트(101동),84.69,16,2007,92000,2026,4,16,중개거래
성북구,정릉동,정릉e-편한세상,59.77,6,2006,66500,2026,4,16,중개거래
성북구,동소문동5가,돈암동일하이빌,125.043,13,2006,120000,2026,4,17,중개거래
성북구,돈암동,돈암동삼성,59.4,8,1999,82000,2026,4,17,중개거래
성북구,정릉동,정릉2차e-편한세상,114.08,2,2009,97000,2026,4,17,중개거래
성북구,동소문동7가,한신플러스C,59.91,3,2004,81000,2026,4,8,중개거래
성북구,하월곡동,꿈의숲푸르지오,59.65,3,2010,88500,2026,4,17,중개거래
성북구,종암동,래미안크리시엘,84.95,2,2004,104300,2026,4,16,중개거래
성북구,보문동6가,아남,84.41,2,1994,70000,2026,4,11,중개거래
성북구,길음동,길음뉴타운8단지(래미안),114.98,3,2010,140000,2026,4,11,중개거래
성북구,하월곡동,성북힐스테이트(101동),101.97,2,2007,88500,2026,4,10,중개거래
성북구,정릉동,풍산쉐르빌(815-1),83.13,1,2008,44500,2026,4,16,중개거래
성북구,길음동,길음뉴타운4단지(e편한세상),114.88,2,2005,135000,2026,4,16,중개거래
성북구,길음동,길음뉴타운3단지푸르지오,59.77,5,2005,87500,2026,4,16,중개거래
성북구,하월곡동,래미안월곡,59.754,3,2006,95200,2026,4,16,중개거래
성북구,장위동,꿈의숲코오롱하늘채,84.84,21,2017,125000,2026,4,16,중개거래
성북구,종암동,종암에스케이,114.75,3,1999,96000,2026,4,16,중개거래
성북구,돈암동,한진(609-1),59.58,2,1998,75000,2026,4,16,중개거래
성북구,종암동,래미안크리시엘,84.95,12,2004,108000,2026,4,16,중개거래
성북구,정릉동,정릉풍림아이원,59.88,6,2005,57000,2026,4,16,중개거래
성북구,상월곡동,동아에코빌,59.95,2,2003,65000,2026,4,15,중개거래
성북구,정릉동,중앙하이츠빌1단지,59.98,14,2004,65000,2026,4,16,중개거래
성북구,종암동,래미안크리시엘,59.99,6,2004,101750,2026,4,16,중개거래
성북구,정릉동,정릉풍림아이원,114.75,14,2005,69000,2026,4,16,중개거래
성북구,석관동,중앙하이츠,84.85,4,1994,68000,2026,4,6,중개거래
성북구,길음동,길음뉴타운8단지(래미안),84.82,12,2010,120000,2026,4,16,중개거래
성북구,보문동1가,보문리슈빌하우트,84.9055,17,2022,102800,2026,4,15,직거래
성북구,돈암동,한신,132.96,12,1998,108000,2026,4,9,중개거래
성북구,삼선동4가,코오롱,59.94,1,1999,72800,2026,4,15,중개거래
성북구,하월곡동,꿈의숲푸르지오,59.65,5,2010,87850,2026,4,15,중개거래
성북구,동소문동7가,브라운스톤동선,84.96,15,2010,117000,2026,4,15,중개거래
성북구,길음동,길음뉴타운2단지푸르지오,114.73,16,2005,116500,2026,4,15,중개거래
성북구,정릉동,정릉스카이쌍용아파트,59.9,12,1999,63500,2026,4,15,중개거래
성북구,석관동,두산,59.97,5,1998,90000,2026,4,15,중개거래
성북구,장위동,장위지웰에스테이트,39.975,9,2022,44000,2026,4,15,중개거래
성북구,정릉동,정릉푸른마을동아,59.94,2,2003,63000,2026,4,15,중개거래
성북구,상월곡동,동아에코빌,114.66,20,2003,85800,2026,4,15,중개거래
성북구,석관동,두산,59.97,24,1998,90000,2026,4,15,중개거래
성북구,정릉동,정릉e-편한세상,85,13,2006,74000,2026,4,15,중개거래
성북구,종암동,래미안크리시엘,84.95,16,2004,104500,2026,4,15,중개거래
성북구,정릉동,정릉스카이쌍용아파트,59.9,17,1999,63300,2026,4,9,중개거래
성북구,정릉동,중앙하이츠빌2단지,84.95,2,2005,62500,2026,4,15,중개거래
성북구,종암동,아이파크종암동2차,59.675,10,2005,92000,2026,4,11,중개거래
성북구,길음동,길음뉴타운8단지(래미안),84.82,2,2010,130000,2026,4,15,중개거래
성북구,종암동,래미안크리시엘,59.99,14,2004,92000,2026,4,15,중개거래
성북구,안암동3가,대광,60.93,4,1971,21000,2026,4,10,중개거래
성북구,돈암동,한신,132.96,12,1998,113500,2026,4,14,중개거래
성북구,보문동6가,보문파크뷰자이,59.81,13,2017,128500,2026,4,14,중개거래
성북구,돈암동,한신,132.96,15,1998,100000,2026,4,14,중개거래
성북구,길음동,길음뉴타운1단지(래미안길음1차),114.98,11,2003,134500,2026,4,14,중개거래
성북구,정릉동,길음뉴타운데시앙,59.42,8,1999,62500,2026,4,14,중개거래
성북구,길음동,길음동동부센트레빌(1278-0),59.998,8,2003,100000,2026,4,14,중개거래
성북구,하월곡동,성북힐스테이트(101동),84.69,16,2007,92500,2026,4,14,중개거래
성북구,하월곡동,성북힐스테이트(102동),84.99,10,2007,97500,2026,4,14,중개거래
성북구,정릉동,대우,43.11,10,2001,36000,2026,4,9,중개거래
성북구,돈암동,한진(609-1),59.58,16,1998,75000,2026,4,14,중개거래
성북구,돈암동,돈암현대아파트,41.58,4,1991,50700,2026,4,9,중개거래
성북구,돈암동,한신,152.25,3,1998,99500,2026,4,14,중개거래
성북구,장위동,래미안장위퍼스트하이,84.94,18,2020,127500,2026,4,7,중개거래
성북구,돈암동,한진(609-1),84.87,14,1998,92500,2026,4,14,중개거래
성북구,장위동,래미안장위퍼스트하이,116.91,22,2020,150000,2026,4,14,중개거래
성북구,돈암동,한진(609-1),59.58,15,1998,82600,2026,4,13,중개거래
성북구,정릉동,대우,43.11,2,2001,31000,2026,4,11,직거래
성북구,돈암동,돈암동삼성,59.4,16,1999,80000,2026,4,11,중개거래
성북구,길음동,길음뉴타운4단지(e편한세상),84.64,13,2005,119000,2026,4,13,중개거래
성북구,종암동,종암에스케이,114.75,15,1999,91400,2026,4,2,중개거래
성북구,정릉동,대동아파트,81.09,10,2003,60000,2026,4,13,중개거래
성북구,종암동,종암선경,59.4,2,1996,62300,2026,4,4,중개거래
성북구,보문동6가,보문파크뷰자이,72.97,18,2017,133000,2026,4,13,중개거래
성북구,돈암동,한진(609-1),84.87,4,1998,90000,2026,4,13,중개거래
성북구,돈암동,돈암동삼성,84.59,24,1999,96000,2026,4,11,중개거래
성북구,길음동,길음뉴타운8단지(래미안),59.99,5,2010,128000,2026,4,11,중개거래
성북구,길음동,길음뉴타운7단지(두산위브),59.98,9,2010,117500,2026,4,13,중개거래
성북구,하월곡동,래미안월곡,84.589,12,2006,106000,2026,4,13,중개거래
성북구,동소문동5가,돈암동일하이빌,84.849,11,2006,87000,2026,4,11,중개거래
성북구,삼선동2가,삼선푸르지오,59.95,10,2008,90500,2026,4,13,중개거래
성북구,정릉동,대우,59.98,11,2001,56000,2026,4,11,중개거래
성북구,하월곡동,월곡두산위브,59.855,17,2003,91500,2026,4,12,중개거래
성북구,정릉동,중앙하이츠빌2단지,73.28,1,2005,63000,2026,4,12,중개거래
성북구,장위동,꿈의숲아이파크,84.48,10,2022,145000,2026,4,12,중개거래
성북구,정릉동,정릉푸르지오,59.98,4,2005,76200,2026,4,12,중개거래
성북구,보문동6가,보문파크뷰자이,59.19,10,2017,109500,2026,4,11,중개거래
성북구,돈암동,한신,68.13,10,1998,87500,2026,4,11,중개거래
성북구,안암동1가,안암동삼성래미안,84.8681,11,2005,98000,2026,4,11,중개거래
성북구,돈암동,이수브라운스톤돈암,84.97,5,2004,103000,2026,4,1,중개거래
성북구,종암동,래미안크리시엘,114.98,5,2004,115000,2026,4,4,중개거래
성북구,종암동,래미안세레니티,84.98,18,2009,119000,2026,4,4,중개거래
성북구,안암동1가,안암동삼성래미안,59.6983,13,2005,88000,2026,4,11,중개거래
성북구,길음동,래미안길음센터피스,59.97,10,2019,140000,2026,4,11,중개거래
성북구,하월곡동,월곡래미안루나밸리,84.88,21,2007,108000,2026,4,11,중개거래
성북구,장위동,꿈의숲코오롱하늘채,84.87,7,2017,117000,2026,4,11,중개거래
성북구,종암동,아이파크종암동1차,84.98,5,2004,110000,2026,4,9,중개거래
성북구,돈암동,한신,68.13,14,1998,77000,2026,4,11,중개거래
성북구,정릉동,정릉풍림아이원,60,10,2005,59500,2026,4,11,중개거래
성북구,정릉동,정릉스카이쌍용아파트,59.9,1,1999,53000,2026,4,3,중개거래
성북구,돈암동,한진(609-1),59.58,8,1998,80000,2026,4,11,중개거래
성북구,종암동,종암에스케이,59.86,15,1999,79500,2026,4,11,중개거래
성북구,돈암동,길음역금호어울림센터힐,59.84,4,2014,99200,2026,4,11,중개거래
성북구,정릉동,정릉힐스테이트3차,59.98,1,2008,73500,2026,4,11,중개거래
성북구,돈암동,이수브라운스톤돈암,59.99,19,2004,89000,2026,4,11,중개거래
성북구,하월곡동,래미안월곡,114.678,7,2006,115750,2026,4,11,중개거래
성북구,상월곡동,동아에코빌,59.95,9,2003,78000,2026,4,9,중개거래
성북구,하월곡동,래미안월곡,59.754,8,2006,97500,2026,4,11,중개거래
성북구,상월곡동,동아에코빌,84.97,9,2003,86000,2026,4,11,중개거래
성북구,정릉동,중앙하이츠빌2단지,84.6824,10,2005,83300,2026,4,11,중개거래
성북구,정릉동,중앙하이츠빌2단지,59.99,6,2005,64000,2026,4,11,중개거래
성북구,정릉동,대우,59.98,10,2001,53500,2026,4,10,중개거래
성북구,하월곡동,월곡래미안루나밸리,59.98,23,2007,96000,2026,4,10,중개거래
성북구,상월곡동,동아에코빌,84.97,13,2003,90000,2026,4,10,중개거래
성북구,돈암동,동부센트레빌,81.82,10,2003,109000,2026,4,11,중개거래
성북구,석관동,두산,59.97,10,1998,90000,2026,4,10,중개거래
성북구,하월곡동,꿈의숲푸르지오,59.65,10,2010,89500,2026,4,10,중개거래
성북구,상월곡동,동아에코빌,59.95,12,2003,76000,2026,4,10,중개거래
성북구,종암동,종암에스케이,114.75,19,1999,99000,2026,4,10,중개거래
성북구,삼선동4가,코오롱,84.87,1,1999,81000,2026,4,10,중개거래
성북구,돈암동,한진(609-1),59.58,13,1998,81000,2026,4,10,중개거래
성북구,정릉동,정릉풍림아이원,59.88,11,2005,57700,2026,4,10,중개거래
성북구,하월곡동,래미안월곡,84.589,3,2006,106500,2026,4,10,중개거래
성북구,돈암동,돈암동해피트리,84.98,10,2013,94000,2026,4,10,중개거래
성북구,정릉동,정릉e-편한세상,59.77,5,2006,69500,2026,4,10,중개거래
성북구,정릉동,중앙하이츠빌1단지,84.98,9,2004,73500,2026,4,10,중개거래
성북구,정릉동,라온유,109.75,14,2008,93000,2026,4,10,중개거래
성북구,돈암동,한신,132.96,14,1998,70000,2026,4,9,직거래
성북구,돈암동,이수브라운스톤돈암,59.99,15,2004,95000,2026,4,8,중개거래
성북구,길음동,길음뉴타운8단지(래미안),84.82,10,2010,136000,2026,4,10,중개거래
성북구,하월곡동,월곡래미안루나밸리,59.98,10,2007,100000,2026,4,9,중개거래
성북구,길음동,삼부컨비니언,59.94,5,1998,74000,2026,4,9,중개거래
성북구,돈암동,한진(609-1),132.96,19,1998,104000,2026,4,9,중개거래
성북구,돈암동,한진(609-1),84.87,4,1998,93000,2026,4,3,중개거래
성북구,동소문동7가,한신플러스C,59.91,5,2004,82200,2026,4,2,중개거래
성북구,돈암동,돈암힐스테이트,59.38,5,2007,83000,2026,4,9,중개거래
성북구,정릉동,정릉풍림아이원,114.75,17,2005,80000,2026,4,9,중개거래
성북구,돈암동,한신,132.96,15,1998,96000,2026,4,9,중개거래
성북구,길음동,길음뉴타운6단지(래미안),59.373,15,2007,130500,2026,4,9,중개거래
성북구,석관동,두산,59.97,20,1998,83000,2026,4,9,중개거래
성북구,석관동,두산,84.9,9,1998,96000,2026,4,9,중개거래
성북구,정릉동,정릉힐스테이트3차,114.78,3,2008,87500,2026,4,9,중개거래
성북구,정릉동,라온유,84.65,13,2008,92900,2026,4,9,중개거래
성북구,정릉동,길음뉴타운데시앙,59.42,14,1999,62500,2026,4,9,중개거래
성북구,장위동,래미안장위퍼스트하이,84.94,3,2020,125000,2026,4,9,중개거래
성북구,석관동,코오롱,59.94,12,1999,69000,2026,4,9,중개거래
성북구,하월곡동,월곡두산위브,59.855,6,2003,89900,2026,4,8,중개거래
성북구,석관동,래미안아트리치,109.38,16,2019,140000,2026,4,8,중개거래
성북구,정릉동,정릉e-편한세상,85,1,2006,71000,2026,4,8,중개거래
성북구,돈암동,길음역금호어울림센터힐,84.94,5,2014,107500,2026,4,7,중개거래
성북구,돈암동,돈암현대아파트,41.58,7,1991,50000,2026,4,4,중개거래
성북구,길음동,길음뉴타운4단지(e편한세상),59.97,18,2005,114500,2026,4,4,중개거래
성북구,장위동,래미안장위퍼스트하이,59.99,17,2020,104500,2026,4,7,중개거래
성북구,하월곡동,성북힐스테이트(101동),84.14,6,2007,84500,2026,4,4,중개거래
성북구,정릉동,정릉풍림아이원,84.09,1,2005,68500,2026,4,7,중개거래
성북구,돈암동,범양,59.79,8,1998,79000,2026,4,7,중개거래
성북구,장위동,석계역한일노벨리아시티,15.2144,17,2019,12300,2026,4,7,중개거래
성북구,종암동,종암선경,59.4,3,1996,62400,2026,4,7,중개거래
성북구,길음동,길음뉴타운5단지(래미안),59.75,10,2006,112300,2026,4,7,중개거래
성북구,보문동1가,보문리슈빌하우트,59.7918,7,2022,127000,2026,4,7,중개거래
성북구,길음동,롯데캐슬골든힐스,84.932,11,2019,110000,2026,4,7,중개거래
성북구,하월곡동,샹그레빌아파트,79.248,2,2004,69000,2026,4,7,중개거래
성북구,정릉동,길음뉴타운경남아너스빌,59.59,8,1999,76000,2026,4,7,중개거래
성북구,석관동,두산,134.97,17,1998,104500,2026,4,7,중개거래
성북구,길음동,길음뉴타운6단지(래미안),84.049,15,2007,152500,2026,4,4,중개거래
성북구,하월곡동,래미안월곡,84.589,7,2006,105000,2026,4,7,중개거래
성북구,돈암동,돈암현대아파트,56.7,2,1991,70000,2026,4,7,중개거래
성북구,하월곡동,월곡래미안루나밸리,114.93,10,2007,118000,2026,4,6,중개거래
성북구,종암동,종암2차SKVIEW,59.98,3,2010,92000,2026,4,7,중개거래
성북구,돈암동,돈암동삼성,59.4,4,1999,73500,2026,4,4,중개거래
성북구,정릉동,정릉풍림아이원,59.88,9,2005,57000,2026,4,7,중개거래
성북구,돈암동,일신건영휴먼빌아파트,143.51,9,2005,100000,2026,4,6,중개거래
성북구,하월곡동,월곡래미안루나밸리,59.98,22,2007,97000,2026,4,6,중개거래
성북구,돈암동,범양,84.92,9,1998,91000,2026,4,6,중개거래
성북구,정릉동,정릉풍림아이원,84.09,6,2005,68500,2026,4,6,중개거래
성북구,종암동,우림카이저팰리스,84.98,9,2008,78000,2026,4,3,중개거래
성북구,돈암동,돈암코오롱하늘채,84.8778,9,2016,123500,2026,4,4,중개거래
성북구,하월곡동,성북힐스테이트(101동),84.69,5,2007,86500,2026,4,4,중개거래
성북구,종암동,고려,52.56,1,1983,28848,2026,4,3,직거래
성북구,종암동,래미안크리시엘,59.99,15,2004,104000,2026,4,5,중개거래
성북구,돈암동,이수브라운스톤돈암,59.99,16,2004,93500,2026,4,5,중개거래
성북구,정릉동,정릉풍림아이원,84.24,10,2005,73000,2026,4,5,중개거래
성북구,종암동,래미안세레니티,84.98,13,2009,123500,2026,4,5,중개거래
성북구,정릉동,정릉e-편한세상,85,3,2006,75500,2026,4,5,중개거래
성북구,종암동,래미안세레니티,59.92,17,2009,106000,2026,4,5,중개거래
성북구,돈암동,돈암현대아파트,56.7,4,1991,72500,2026,4,4,중개거래
성북구,정릉동,길음뉴타운데시앙,84.94,5,1999,69000,2026,4,4,중개거래
성북구,종암동,래미안세레니티,114.99,20,2009,131000,2026,4,4,중개거래
성북구,안암동3가,삼익,174.68,9,1983,110000,2026,4,3,중개거래
성북구,상월곡동,동아에코빌,59.95,16,2003,82000,2026,4,3,중개거래
성북구,길음동,길음뉴타운9단지(래미안),59.96,23,2010,110000,2026,4,4,중개거래
성북구,종암동,아이파크종암동2차,114.698,9,2005,116700,2026,4,4,중개거래
성북구,종암동,아이파크종암동2차,84.73,2,2005,98000,2026,4,4,중개거래
성북구,보문동3가,이편한세상보문,124.181,14,2013,134000,2026,4,4,중개거래
성북구,돈암동,돈암동삼성,59.4,14,1999,84000,2026,4,4,중개거래
성북구,종암동,래미안크리시엘,59.99,4,2004,92000,2026,4,4,중개거래
성북구,하월곡동,월곡두산위브,59.855,9,2003,88000,2026,4,4,중개거래
성북구,석관동,석관래미안,59.9,11,2009,92000,2026,4,3,중개거래
성북구,돈암동,돈암동 풍림아파트 101~105동,84.68,17,1999,74500,2026,4,4,중개거래
성북구,길음동,길음동동부센트레빌(1278-0),59.998,18,2003,99000,2026,4,4,중개거래
성북구,길음동,길음동동부센트레빌(1278-0),84.844,10,2003,111000,2026,4,4,중개거래
성북구,정릉동,정릉푸른마을동아,84.96,5,2003,71500,2026,4,3,중개거래
성북구,보문동6가,보문파크뷰자이,72.97,3,2017,127500,2026,4,3,중개거래
성북구,종암동,래미안세레니티,59.97,9,2009,104000,2026,4,3,중개거래
성북구,정릉동,정릉우성아파트 101~105동,46.65,9,2000,47500,2026,4,3,중개거래
성북구,종암동,아이파크종암동2차,59.675,3,2005,89000,2026,4,3,중개거래
성북구,길음동,래미안길음센터피스,59.9,31,2019,148000,2026,4,3,중개거래
성북구,길음동,롯데캐슬클라시아,84.7694,10,2022,175000,2026,4,3,중개거래
성북구,하월곡동,월곡래미안루나밸리,114.93,8,2007,119500,2026,4,3,중개거래
성북구,돈암동,길음역금호어울림센터힐,84.8,21,2014,109000,2026,4,3,중개거래
성북구,길음동,길음뉴타운9단지(래미안),84.78,19,2010,140000,2026,4,3,중개거래
성북구,정릉동,우방,84.92,14,1999,58500,2026,4,3,중개거래
성북구,안암동1가,안암동삼성래미안,84.8681,13,2005,99000,2026,4,3,중개거래
성북구,정릉동,대우,43.11,12,2001,31000,2026,4,2,중개거래
성북구,돈암동,한신,132.96,10,1998,112000,2026,4,2,중개거래
성북구,종암동,래미안크리시엘,59.99,13,2004,90000,2026,4,2,중개거래
성북구,장위동,래미안장위퍼스트하이,84.94,1,2020,115000,2026,4,2,중개거래
성북구,종암동,아이파크종암동1차,59.73,19,2004,98000,2026,4,2,중개거래
성북구,장위동,꿈의숲아이파크,59.49,6,2022,119000,2026,4,2,중개거래
성북구,하월곡동,월곡래미안루나밸리,59.98,21,2007,97500,2026,4,2,중개거래
성북구,길음동,길음뉴타운2단지푸르지오,84.97,9,2005,112000,2026,4,2,중개거래
성북구,정릉동,정릉꿈에그린,59.63,8,2015,81000,2026,4,2,중개거래
성북구,하월곡동,꿈의숲푸르지오,59.65,8,2010,90000,2026,4,2,중개거래
성북구,돈암동,한신,132.96,15,1998,104000,2026,4,2,중개거래
성북구,정릉동,길음뉴타운경남아너스빌,50.45,11,1999,64500,2026,4,1,중개거래
성북구,종암동,래미안크리시엘,114.98,11,2004,111000,2026,4,1,중개거래
성북구,하월곡동,꿈의숲푸르지오,59.65,5,2010,93500,2026,4,1,중개거래
성북구,종암동,래미안세레니티,59.97,11,2009,94700,2026,4,1,중개거래
성북구,정릉동,정릉풍림아이원,114.75,16,2005,69500,2026,4,1,중개거래
성북구,정릉동,정릉우성아파트 101~105동,84.99,18,2000,74500,2026,4,1,중개거래
성북구,길음동,길음동동부센트레빌(1278-0),84.844,15,2003,112500,2026,4,1,중개거래
성북구,종암동,아이파크종암동2차,84.73,2,2005,94500,2026,4,1,중개거래
성북구,정릉동,정릉힐스테이트,84.92,21,2004,86000,2026,4,1,중개거래
강북구,미아동,미아한일유앤아이,84.552,10,2002,71000,2026,4,29,중개거래
강북구,미아동,래미안트리베라1단지,114.98,20,2010,95000,2026,4,25,직거래
강북구,번동,주공1단지,41.3,2,1991,47000,2026,4,21,중개거래
강북구,수유동,수유벽산1차,84.95,1,1993,65000,2026,4,18,중개거래
강북구,미아동,삼각산아이원,84.705,1,2003,72500,2026,4,18,중개거래
강북구,미아동,성북프라자,68.675,3,2009,47000,2026,4,25,중개거래
강북구,미아동,벽산라이브파크,84.89,4,2004,69000,2026,4,27,중개거래
강북구,수유동,래미안수유,114.78,3,2001,76000,2026,4,18,중개거래
강북구,미아동,벽산라이브파크,84.89,4,2004,70250,2026,4,11,중개거래
강북구,미아동,벽산라이브파크,84.89,12,2004,69000,2026,4,24,중개거래
강북구,수유동,수유삼호,74.48,9,1998,50000,2026,4,29,중개거래
강북구,번동,주공4단지,84.79,11,1991,69000,2026,4,30,중개거래
강북구,미아동,래미안트리베라1단지,59.6,18,2010,92700,2026,4,8,중개거래
강북구,미아동,에스케이북한산시티,59.98,2,2004,69500,2026,4,18,중개거래
강북구,수유동,다경하이빌,77.52,2,2008,38500,2026,4,7,중개거래
강북구,수유동,수유아름채,20.7,18,2025,26000,2026,4,18,직거래
강북구,수유동,수유아름채,20.45,20,2025,35000,2026,4,22,직거래
강북구,미아동,삼각산아이원,114.88,8,2003,75000,2026,4,28,중개거래
강북구,미아동,현대성우,84.92,12,1998,62500,2026,4,28,중개거래
강북구,번동,효성네오인텔리안,71.05,10,2005,53000,2026,4,29,중개거래
강북구,미아동,경남아너스빌(1356-0),114.922,7,2003,91000,2026,4,23,중개거래
강북구,미아동,벽산라이브파크,84.89,15,2004,69500,2026,4,20,중개거래
강북구,미아동,현대성우,59.4,4,1998,49000,2026,4,22,중개거래
강북구,번동,주공1단지,71.89,3,1991,66000,2026,4,18,중개거래
강북구,미아동,경남아너스빌(1356-0),114.922,4,2003,88000,2026,4,30,중개거래
강북구,미아동,현대성우,84.92,6,1998,60000,2026,4,30,중개거래
강북구,수유동,썬힐하우스,48.39,5,2002,16000,2026,4,25,중개거래
강북구,미아동,삼각산아이원,84.705,11,2003,77000,2026,4,30,중개거래
강북구,미아동,래미안트리베라1단지,114.98,3,2010,70000,2026,4,23,직거래
강북구,미아동,송천센트레빌,84.867,8,2010,115500,2026,4,29,중개거래
강북구,미아동,에스케이북한산시티,59.98,23,2004,69800,2026,4,29,중개거래
강북구,미아동,꿈의숲해링턴플레이스,59.36,5,2019,90000,2026,4,29,중개거래
강북구,미아동,에스케이북한산시티,84.86,19,2004,73500,2026,4,24,중개거래
강북구,번동,번동솔그린,84.6,18,1999,58000,2026,4,16,중개거래
강북구,번동,번동한양아파트,84.67,14,1992,53500,2026,4,24,중개거래
강북구,미아동,미아한일유앤아이,116.912,12,2002,80700,2026,4,20,중개거래
강북구,미아동,래미안트리베라1단지,114.98,17,2010,114500,2026,4,28,중개거래
강북구,미아동,래미안트리베라1단지,59.6,2,2010,90000,2026,4,28,중개거래
강북구,번동,해모로아파트,59.98,19,2003,50000,2026,4,15,중개거래
강북구,미아동,에스케이북한산시티,84.76,3,2004,80000,2026,4,28,중개거래
강북구,수유동,수유프리미어엠,19,8,2016,11400,2026,4,22,중개거래
강북구,미아동,에스케이북한산시티,59.98,12,2004,70000,2026,4,27,중개거래
강북구,미아동,벽산라이브파크,114.68,19,2004,72000,2026,4,11,중개거래
강북구,미아동,두산위브트레지움,84.97,15,2011,90000,2026,4,27,중개거래
강북구,미아동,래미안트리베라1단지,84.97,14,2010,104000,2026,4,27,중개거래
강북구,미아동,꿈의숲해링턴플레이스,59.88,1,2019,72000,2026,4,27,중개거래
강북구,미아동,꿈의숲해링턴플레이스,84.67,10,2019,101500,2026,4,16,중개거래
강북구,미아동,에스케이북한산시티,84.71,23,2004,79000,2026,4,27,중개거래
강북구,번동,주공1단지,49.94,14,1991,61900,2026,4,27,중개거래
강북구,미아동,꿈의숲한신더휴,59.9894,8,2022,78000,2026,4,26,중개거래
강북구,수유동,수유벽산1차,122.58,5,1993,71000,2026,4,25,중개거래
강북구,미아동,에스케이북한산시티,84.92,6,2004,78000,2026,4,25,중개거래
강북구,미아동,벽산라이브파크,84.89,18,2004,69500,2026,4,25,중개거래
강북구,수유동,수유벽산1차,84.95,13,1993,67500,2026,4,24,중개거래
강북구,번동,현대(148-494),84.9,2,1997,47800,2026,4,17,중개거래
강북구,미아동,삼성래미안트리베라2단지,113.89,11,2010,115000,2026,4,24,중개거래
강북구,미아동,두산위브트레지움,59.54,14,2011,83000,2026,4,24,중개거래
강북구,번동,해모로아파트,59.94,5,2003,49000,2026,4,22,중개거래
강북구,미아동,래미안트리베라1단지,114.98,6,2010,108000,2026,4,24,중개거래
강북구,미아동,꿈의숲해링턴플레이스,59.36,2,2019,90500,2026,4,24,중개거래
강북구,미아동,벽산라이브파크,84.89,1,2004,63000,2026,4,24,중개거래
강북구,미아동,에스케이북한산시티,59.98,16,2004,64500,2026,4,17,중개거래
강북구,미아동,에스케이북한산시티,114.85,21,2004,80000,2026,4,24,중개거래
강북구,번동,번동솔그린,59.82,17,1999,42500,2026,4,23,중개거래
강북구,미아동,벽산라이브파크,84.89,2,2004,64000,2026,4,24,중개거래
강북구,미아동,꿈의숲해링턴플레이스,84.67,7,2019,102300,2026,4,24,중개거래
강북구,수유동,수유시그니티,48.59,9,2023,55000,2026,4,19,직거래
강북구,미아동,에스케이북한산시티,84.76,20,2004,79000,2026,4,18,중개거래
강북구,번동,주공1단지,41.3,6,1991,48000,2026,4,2,중개거래
강북구,미아동,두산위브트레지움,84.97,9,2011,95500,2026,4,23,중개거래
강북구,미아동,에스케이북한산시티,114.85,8,2004,81700,2026,4,23,중개거래
강북구,미아동,삼각산아이원,84.705,12,2003,77500,2026,4,23,중개거래
강북구,미아동,래미안트리베라1단지,84.97,8,2010,103500,2026,4,23,중개거래
강북구,번동,주공1단지,49.94,7,1991,60000,2026,4,22,중개거래
강북구,미아동,에스케이북한산시티,59.98,13,2004,71000,2026,4,23,중개거래
강북구,수유동,래미안수유,84.993,9,2001,70000,2026,4,13,중개거래
강북구,번동,신원,59.96,13,2000,45300,2026,4,22,중개거래
강북구,미아동,두산위브트레지움,84.99,3,2011,88500,2026,4,23,중개거래
강북구,번동,동문,59.64,15,1998,53000,2026,4,13,중개거래
강북구,수유동,래미안수유,59.88,17,2001,57300,2026,4,11,중개거래
강북구,미아동,두산위브트레지움,84.97,10,2011,87000,2026,4,22,중개거래
강북구,미아동,삼성래미안트리베라2단지,84.29,23,2010,114200,2026,4,18,중개거래
강북구,미아동,삼성래미안트리베라2단지,59.33,4,2010,84900,2026,4,22,중개거래
강북구,미아동,꿈의숲한신더휴,59.9812,8,2022,78000,2026,4,22,중개거래
강북구,번동,주공1단지,41.3,7,1991,48650,2026,4,22,중개거래
강북구,번동,해모로아파트,127.25,5,2003,68500,2026,4,22,중개거래
강북구,미아동,삼각산아이원,114.88,14,2003,84500,2026,4,22,중개거래
강북구,수유동,래미안수유,114.78,13,2001,85000,2026,4,15,중개거래
강북구,미아동,에스케이북한산시티,84.92,21,2004,75000,2026,4,1,중개거래
강북구,미아동,삼성래미안트리베라2단지,84.29,12,2010,100000,2026,4,15,중개거래
강북구,미아동,에스케이북한산시티,114.85,1,2004,77000,2026,4,21,중개거래
강북구,미아동,에스케이북한산시티,114.85,13,2004,80000,2026,4,21,중개거래
강북구,번동,수유역두산위브1,84.9909,8,2009,77000,2026,4,21,중개거래
강북구,번동,주공1단지,41.3,2,1991,46500,2026,4,21,중개거래
강북구,번동,수유역두산위브1,84.9986,13,2009,76300,2026,4,17,중개거래
강북구,미아동,삼각산아이원,84.705,24,2003,78000,2026,4,21,중개거래
강북구,미아동,삼성래미안트리베라2단지,84.18,9,2010,109000,2026,4,21,중개거래
강북구,미아동,두산위브트레지움,114.88,1,2011,100000,2026,4,21,중개거래
강북구,미아동,래미안트리베라1단지,84.97,18,2010,105000,2026,4,21,중개거래
강북구,미아동,삼각산아이원,114.88,8,2003,87000,2026,4,21,중개거래
강북구,미아동,미아한일유앤아이,84.552,16,2002,74500,2026,4,18,중개거래
강북구,미아동,벽산라이브파크,59.67,6,2004,58000,2026,4,16,중개거래
강북구,미아동,에스케이북한산시티,84.76,23,2004,77500,2026,4,20,중개거래
강북구,미아동,삼각산아이원,84.705,14,2003,76500,2026,4,17,중개거래
강북구,미아동,꿈의숲해링턴플레이스,59.36,6,2019,87000,2026,4,11,중개거래
강북구,번동,주공1단지,41.3,6,1991,45500,2026,4,15,중개거래
강북구,번동,주공1단지,41.3,10,1991,47000,2026,4,18,중개거래
강북구,미아동,삼각산아이원,114.88,16,2003,76000,2026,4,20,중개거래
강북구,미아동,미아동부센트레빌,59.96,9,2006,97500,2026,4,18,중개거래
강북구,미아동,벽산라이브파크,60,15,2004,60000,2026,4,18,중개거래
강북구,미아동,삼성래미안트리베라2단지,113.89,1,2010,106000,2026,4,18,중개거래
강북구,수유동,수유벽산1차,63.78,8,1993,54500,2026,4,18,중개거래
강북구,미아동,삼각산아이원,84.705,1,2003,72500,2026,4,18,중개거래
강북구,미아동,에스케이북한산시티,59.98,14,2004,64000,2026,4,18,중개거래
강북구,미아동,래미안트리베라1단지,59.6,5,2010,90000,2026,4,18,중개거래
강북구,미아동,삼각산아이원,84.705,8,2003,73700,2026,4,15,중개거래
강북구,번동,주공1단지,41.3,3,1991,48900,2026,4,17,중개거래
강북구,번동,해모로아파트,84.93,8,2003,64000,2026,4,17,중개거래
강북구,수유동,수유벽산1차,84.92,8,1993,71000,2026,4,17,중개거래
강북구,번동,주공1단지,41.3,4,1991,47000,2026,4,17,중개거래
강북구,번동,동문,59.64,13,1998,58000,2026,4,17,중개거래
강북구,미아동,두산위브트레지움,114.88,9,2011,107000,2026,4,17,중개거래
강북구,번동,오동공원현대,84.7848,5,2001,62250,2026,4,16,중개거래
강북구,수유동,수유벽산1차,84.95,14,1993,66500,2026,4,3,중개거래
강북구,미아동,에스케이북한산시티,84.92,11,2004,80000,2026,4,17,중개거래
강북구,미아동,푸르지오시티,18.6479,5,2014,13500,2026,4,10,중개거래
강북구,미아동,에스케이북한산시티,59.98,25,2004,67000,2026,4,7,중개거래
강북구,미아동,에스케이북한산시티,84.86,12,2004,74000,2026,4,16,중개거래
강북구,수유동,래미안수유,114.78,8,2001,75000,2026,4,13,중개거래
강북구,미아동,꿈의숲해링턴플레이스,84.67,6,2019,103000,2026,4,16,중개거래
강북구,미아동,에스케이북한산시티,84.92,19,2004,76900,2026,4,16,중개거래
강북구,미아동,삼각산아이원,84.705,20,2003,77000,2026,4,15,중개거래
강북구,미아동,두산위브트레지움,59.99,11,2011,83000,2026,4,15,중개거래
강북구,우이동,다인플레움,72.9,2,2004,31000,2026,4,11,중개거래
강북구,미아동,에스케이북한산시티,114.85,19,2004,82000,2026,4,15,중개거래
강북구,번동,주공1단지,41.3,1,1991,43200,2026,4,14,중개거래
강북구,미아동,에스케이북한산시티,114.85,8,2004,82700,2026,4,14,중개거래
강북구,미아동,에스케이북한산시티,114.85,11,2004,81500,2026,4,13,중개거래
강북구,번동,번동솔그린,59.82,3,1999,42000,2026,4,14,직거래
강북구,번동,주공4단지,49.94,7,1991,42000,2026,4,7,중개거래
강북구,미아동,에스케이북한산시티,84.76,19,2004,74000,2026,4,14,중개거래
강북구,미아동,꿈의숲해링턴플레이스,59.36,6,2019,87000,2026,4,11,중개거래
강북구,미아동,에스케이북한산시티,84.92,8,2004,72500,2026,4,14,중개거래
강북구,미아동,꿈의숲해링턴플레이스,84.67,8,2019,100000,2026,4,13,중개거래
강북구,번동,주공1단지,41.3,15,1991,47000,2026,4,13,중개거래
강북구,미아동,삼각산아이원,84.705,2,2003,63000,2026,4,10,중개거래
강북구,미아동,에스케이북한산시티,84.76,7,2004,75500,2026,4,13,중개거래
강북구,미아동,삼각산아이원,84.705,24,2003,84000,2026,4,13,중개거래
강북구,미아동,미아동부센트레빌,84.93,13,2006,100000,2026,4,9,중개거래
강북구,미아동,삼성래미안트리베라2단지,84.29,14,2010,113500,2026,4,11,중개거래
강북구,미아동,에스케이북한산시티,84.76,21,2004,74000,2026,4,11,중개거래
강북구,미아동,두산위브트레지움,84.99,8,2011,92000,2026,4,11,중개거래
강북구,미아동,꿈의숲해링턴플레이스,84.67,10,2019,102000,2026,4,11,중개거래
강북구,미아동,에스케이북한산시티,84.76,11,2004,75000,2026,4,11,중개거래
강북구,미아동,꿈의숲해링턴플레이스,59.36,1,2019,86500,2026,4,11,중개거래
강북구,미아동,꿈의숲한신더휴,59.9894,8,2022,78000,2026,4,7,중개거래
강북구,미아동,두산위브트레지움,59.99,14,2011,82500,2026,4,11,중개거래
강북구,미아동,삼각산아이원,84.705,8,2003,80000,2026,4,10,중개거래
강북구,미아동,에스케이북한산시티,84.76,2,2004,72500,2026,4,10,중개거래
강북구,우이동,대우,84.93,2,2000,62000,2026,4,4,중개거래
강북구,미아동,경남아너스빌(1356-0),59.964,2,2003,72000,2026,4,8,중개거래
강북구,미아동,경남아너스빌(1356-0),84.873,19,2003,86500,2026,4,10,중개거래
강북구,미아동,에스케이북한산시티,114.85,16,2004,81500,2026,4,10,중개거래
강북구,미아동,두산위브트레지움,84.99,4,2011,92500,2026,4,9,중개거래
강북구,번동,주공4단지,44.89,8,1991,41500,2026,4,8,중개거래
강북구,미아동,미아동부센트레빌,59.96,3,2006,92500,2026,4,9,중개거래
강북구,미아동,벽산라이브파크,114.68,13,2004,74500,2026,4,8,중개거래
강북구,수유동,수유벽산1차,122.58,3,1993,69000,2026,4,9,중개거래
강북구,미아동,경남아너스빌(1356-0),114.922,23,2003,92000,2026,4,8,중개거래
강북구,미아동,경남아너스빌(1356-0),114.922,13,2003,65000,2026,4,8,직거래
강북구,미아동,미아동부센트레빌,84.89,11,2006,107000,2026,4,8,중개거래
강북구,미아동,꿈의숲해링턴플레이스,59.36,7,2019,93400,2026,4,8,중개거래
강북구,수유동,수유벽산1차,84.95,15,1993,68000,2026,4,1,중개거래
강북구,미아동,에스케이북한산시티,59.98,1,2004,60000,2026,4,8,중개거래
강북구,번동,번동금호어울림,84.93,7,1998,56750,2026,4,1,중개거래
강북구,미아동,경남아너스빌(1356-0),59.964,12,2003,77000,2026,4,8,중개거래
강북구,번동,한솔솔파크,84.88,13,2005,60000,2026,4,2,직거래
강북구,번동,기산그린,59.94,19,2000,38500,2026,4,6,직거래
강북구,미아동,에스케이북한산시티,114.85,15,2004,76000,2026,4,7,중개거래
강북구,미아동,벽산라이브파크,59.67,12,2004,58000,2026,4,7,중개거래
강북구,미아동,삼각산아이원,84.705,11,2003,78500,2026,4,7,중개거래
강북구,미아동,삼성래미안트리베라2단지,59.33,4,2010,92000,2026,4,7,중개거래
강북구,미아동,삼성래미안트리베라2단지,113.89,4,2010,122500,2026,4,6,중개거래
강북구,번동,주공4단지,41.3,14,1991,36000,2026,4,3,직거래
강북구,미아동,꿈의숲해링턴플레이스,84.67,11,2019,100000,2026,4,7,중개거래
강북구,미아동,꿈의숲해링턴플레이스,84.67,10,2019,102000,2026,4,6,중개거래
강북구,미아동,에스케이북한산시티,114.85,10,2004,80000,2026,4,6,중개거래
강북구,미아동,에스케이북한산시티,84.71,9,2004,70000,2026,4,6,중개거래
강북구,미아동,꿈의숲한신더휴,75.9625,4,2022,82800,2026,4,4,중개거래
강북구,미아동,에스케이북한산시티,59.98,18,2004,66500,2026,4,4,중개거래
강북구,미아동,에스케이북한산시티,84.76,17,2004,78500,2026,4,4,중개거래
강북구,미아동,미아동부센트레빌,59.96,10,2006,94000,2026,4,4,중개거래
강북구,미아동,에스케이북한산시티,114.85,4,2004,78500,2026,4,4,중개거래
강북구,미아동,삼성래미안트리베라2단지,58.99,6,2010,94800,2026,4,3,중개거래
강북구,미아동,꿈의숲해링턴플레이스,59.36,5,2019,87000,2026,4,3,중개거래
강북구,수유동,수유벽산1차,122.58,5,1993,70500,2026,4,3,중개거래
강북구,미아동,두산위브트레지움,84.99,4,2011,89700,2026,4,3,중개거래
강북구,미아동,에스케이북한산시티,59.98,12,2004,69000,2026,4,2,중개거래
강북구,미아동,래미안트리베라1단지,84.97,21,2010,99900,2026,4,2,중개거래
강북구,번동,주공1단지,41.3,8,1991,46000,2026,4,2,중개거래
강북구,미아동,두산위브트레지움,84.99,6,2011,89900,2026,4,2,중개거래
강북구,미아동,꿈의숲한신더휴,59.9812,5,2022,78000,2026,4,1,중개거래
강북구,미아동,미아한일유앤아이,84.552,7,2002,73000,2026,4,1,중개거래
강북구,미아동,에스케이북한산시티,84.76,24,2004,74800,2026,4,1,중개거래
도봉구,쌍문동,삼익세라믹,79.98,2,1988,54500,2026,4,10,중개거래
도봉구,도봉동,럭키,84.86,12,1992,58000,2026,4,30,중개거래
도봉구,방학동,신동아아파트1,53.16,9,1986,36500,2026,4,24,중개거래
도봉구,도봉동,럭키,84.86,6,1992,58500,2026,4,29,중개거래
도봉구,창동,주공17단지,41.3,8,1989,24500,2026,4,23,중개거래
도봉구,창동,북한산아이파크5차,84.4516,23,2004,97000,2026,4,28,중개거래
도봉구,창동,주공19단지(창동리버타운),68.86,10,1988,94000,2026,4,28,중개거래
도봉구,방학동,동양크레오아파트,84.9696,10,2004,58500,2026,4,30,중개거래
도봉구,창동,주공17단지,36.34,1,1989,29000,2026,4,30,중개거래
도봉구,창동,창동주공3단지(해등마을),59.39,14,1990,44500,2026,4,29,중개거래
도봉구,창동,주공17단지,36.16,8,1989,30000,2026,4,29,중개거래
도봉구,방학동,청구아파트,84.97,4,1994,49000,2026,4,28,중개거래
도봉구,방학동,우성아파트1,83.85,2,1992,46200,2026,4,23,중개거래
도봉구,창동,창동주공18단지,59.39,11,1988,41000,2026,4,30,직거래
도봉구,방학동,삼익세라믹아파트,84.96,13,1988,52000,2026,4,18,중개거래
도봉구,창동,LIG건영캐스빌,80.1498,2,2002,65000,2026,4,30,중개거래
도봉구,방학동,우성아파트1,83.85,5,1992,51000,2026,4,22,중개거래
도봉구,방학동,우성아파트2,84.98,11,1993,56500,2026,4,27,중개거래
도봉구,도봉동,서원,49.77,14,1996,35900,2026,4,27,중개거래
도봉구,방학동,대상타운현대아파트,84.78,20,2001,86000,2026,4,22,중개거래
도봉구,쌍문동,삼익세라믹,58.77,4,1988,39000,2026,4,23,중개거래
도봉구,창동,주공19단지(창동리버타운),59.39,8,1988,87000,2026,4,23,중개거래
도봉구,창동,동아청솔,59.445,3,1997,81000,2026,4,20,중개거래
도봉구,방학동,벽산아파트2,59.581,11,1998,44400,2026,4,21,중개거래
도봉구,창동,주공17단지,36.34,12,1989,34500,2026,4,30,중개거래
도봉구,창동,창동주공4단지,41.3,2,1991,39500,2026,4,17,중개거래
도봉구,창동,주공17단지,49.94,6,1989,50000,2026,4,30,중개거래
도봉구,창동,창동주공18단지,59.39,10,1988,67000,2026,4,20,중개거래
도봉구,도봉동,동아에코빌,84.967,1,2003,63000,2026,4,25,중개거래
도봉구,방학동,벽산아파트1,52.36,11,1991,34800,2026,4,22,중개거래
도봉구,창동,창동주공3단지(해등마을),66.56,5,1990,80250,2026,4,14,중개거래
도봉구,방학동,신동아아파트4,59.92,1,1995,36000,2026,4,23,중개거래
도봉구,쌍문동,북한산월드메르디앙,82.09,9,2005,69000,2026,4,28,중개거래
도봉구,쌍문동,삼익세라믹,58.77,10,1988,40800,2026,4,24,중개거래
도봉구,쌍문동,삼익세라믹,58.77,5,1988,40300,2026,4,29,중개거래
도봉구,창동,창동주공3단지(해등마을),58.01,11,1990,70000,2026,4,30,중개거래
도봉구,창동,쌍용,59.88,8,1997,60000,2026,4,13,직거래
도봉구,방학동,우성아파트2,84.98,15,1993,50000,2026,4,15,중개거래
도봉구,창동,창동주공3단지(해등마을),58.01,14,1990,73250,2026,4,6,중개거래
도봉구,창동,창동주공3단지(해등마을),44.89,4,1990,64900,2026,4,30,중개거래
도봉구,창동,창동주공3단지(해등마을),49.94,4,1990,64000,2026,4,3,중개거래
도봉구,창동,창동주공3단지(해등마을),45.77,9,1990,59500,2026,4,11,중개거래
도봉구,창동,창동주공3단지(해등마을),61.52,6,1990,78300,2026,4,22,중개거래
도봉구,도봉동,한신,84.94,1,1995,54800,2026,4,25,중개거래
도봉구,창동,창동주공3단지(해등마을),58.01,8,1990,73000,2026,4,29,중개거래
도봉구,방학동,벽산아파트1,52.36,9,1991,32750,2026,4,29,중개거래
도봉구,방학동,신동아타워아파트,84.74,3,1997,44500,2026,4,27,중개거래
도봉구,창동,대우,84.88,17,1995,69000,2026,4,18,중개거래
도봉구,창동,LIG건영캐스빌,55.6724,6,2002,55800,2026,4,20,중개거래
도봉구,창동,창동주공3단지(해등마을),79.07,12,1990,94000,2026,4,15,중개거래
도봉구,창동,창동주공3단지(해등마을),58.01,15,1990,73000,2026,4,18,중개거래
도봉구,쌍문동,한양2,35.1,3,1988,24000,2026,4,16,중개거래
도봉구,방학동,대상타운현대아파트,133.97,12,2001,99000,2026,4,24,중개거래
도봉구,창동,창동주공1단지,44.89,6,1990,53000,2026,4,17,중개거래
도봉구,창동,서울가든,109.63,1,1992,75000,2026,4,18,중개거래
도봉구,창동,창동주공3단지(해등마을),79.07,6,1990,91000,2026,4,18,중개거래
도봉구,방학동,신동아아파트1,62.22,12,1986,41900,2026,4,29,중개거래
도봉구,창동,창동신도브래뉴1차,84.989,17,2003,86800,2026,4,30,중개거래
도봉구,창동,창동주공18단지,59.39,6,1988,68000,2026,4,14,중개거래
도봉구,창동,창동주공4단지,41.3,7,1991,38000,2026,4,29,중개거래
도봉구,창동,신창,59.4,6,1998,42700,2026,4,27,중개거래
도봉구,창동,창동주공1단지,58.01,14,1990,67000,2026,4,28,중개거래
도봉구,쌍문동,북한산코오롱하늘채,84.98,13,2014,73000,2026,4,30,중개거래
도봉구,방학동,신동아아파트3,84.86,11,1992,50000,2026,4,2,중개거래
도봉구,창동,동아청솔,134.94,15,1997,125000,2026,4,30,중개거래
도봉구,도봉동,서원,49.77,3,1996,35000,2026,4,27,중개거래
도봉구,창동,주공17단지,36.16,10,1989,31000,2026,4,12,중개거래
도봉구,방학동,동양크레오아파트,84.9661,4,2004,56600,2026,4,21,직거래
도봉구,방학동,대상타운현대아파트,101.48,7,2001,94000,2026,4,28,중개거래
도봉구,방학동,우성아파트2,84.98,4,1993,50000,2026,4,9,중개거래
도봉구,창동,주공19단지(창동리버타운),84.9,1,1988,105000,2026,4,29,중개거래
도봉구,창동,주공17단지,41.3,11,1989,36000,2026,4,15,중개거래
도봉구,창동,북한산아이파크5차,101.9176,8,2004,103000,2026,4,29,중개거래
도봉구,창동,동아,89.45,3,1988,96500,2026,4,30,중개거래
도봉구,쌍문동,현대1,44.55,7,1990,27000,2026,4,29,중개거래
도봉구,창동,주공17단지,36.34,4,1989,30000,2026,4,30,중개거래
도봉구,쌍문동,대우파크힐(쌍문동이안),84.955,10,2004,50500,2026,4,6,중개거래
도봉구,방학동,우성아파트1,84.69,3,1992,43200,2026,4,30,중개거래
도봉구,창동,창동주공18단지,41.34,2,1988,49000,2026,4,30,중개거래
도봉구,창동,주공17단지,36.16,1,1989,28500,2026,4,29,중개거래
도봉구,방학동,벽산아파트2,84.98,2,1998,45500,2026,4,30,중개거래
도봉구,창동,북한산아이파크5차,84.4516,23,2004,97000,2026,4,28,중개거래
도봉구,창동,삼성래미안,84.87,8,1992,91000,2026,4,30,중개거래
도봉구,쌍문동,한양6,83.86,8,2002,53000,2026,4,28,중개거래
도봉구,쌍문동,삼익세라믹,79.98,13,1988,57000,2026,4,29,중개거래
도봉구,쌍문동,현대1,70.3,3,1990,47500,2026,4,29,중개거래
도봉구,쌍문동,성원,71.78,13,1989,50000,2026,4,29,중개거래
도봉구,창동,동아청솔,59.96,14,1997,81000,2026,4,29,중개거래
도봉구,창동,동아청솔,134.94,11,1997,130000,2026,4,29,중개거래
도봉구,창동,삼성래미안,84.87,14,1992,90000,2026,4,29,중개거래
도봉구,쌍문동,한양2,35.1,9,1988,24700,2026,4,29,중개거래
도봉구,창동,창동주공4단지,41.3,3,1991,39500,2026,4,29,중개거래
도봉구,쌍문동,삼익세라믹,58.77,8,1988,43000,2026,4,24,중개거래
도봉구,방학동,신동아아파트1,53.16,4,1986,34000,2026,4,29,중개거래
도봉구,창동,창동주공3단지(해등마을),49.94,10,1990,67000,2026,4,29,중개거래
도봉구,창동,창동주공4단지,49.94,11,1991,52000,2026,4,27,중개거래
도봉구,창동,주공17단지,49.94,15,1989,47500,2026,4,28,중개거래
도봉구,쌍문동,한양2,84.9,14,1988,54100,2026,4,29,중개거래
도봉구,창동,북한산아이파크5차,84.4516,3,2004,96000,2026,4,28,중개거래
도봉구,쌍문동,한양6,83.86,4,2002,57000,2026,4,27,중개거래
도봉구,방학동,청구아파트,84.97,4,1994,48500,2026,4,7,중개거래
도봉구,창동,창동주공4단지,36.16,2,1991,30500,2026,4,29,중개거래
도봉구,창동,쌍용,84.76,18,1997,98500,2026,4,21,중개거래
도봉구,창동,창동주공3단지(해등마을),58.01,10,1990,75000,2026,4,28,중개거래
도봉구,창동,동아청솔,134.94,4,1997,130000,2026,4,27,중개거래
도봉구,창동,창동주공1단지,49.94,12,1990,56500,2026,4,28,중개거래
도봉구,창동,창동주공2단지,49.94,14,1990,59000,2026,4,28,중개거래
도봉구,창동,주공17단지,36.16,14,1989,30000,2026,4,28,중개거래
도봉구,창동,주공19단지(창동리버타운),59.39,3,1988,86000,2026,4,28,중개거래
도봉구,도봉동,한신,84.94,6,1995,61000,2026,4,24,중개거래
도봉구,쌍문동,한양2,84.9,5,1988,56500,2026,4,28,중개거래
도봉구,창동,삼성래미안,84.75,12,1992,96000,2026,4,28,중개거래
도봉구,쌍문동,한양5,65.37,9,1991,42900,2026,4,28,중개거래
도봉구,쌍문동,삼보,77.1,3,2003,20000,2026,4,24,중개거래
도봉구,창동,쌍용,59.88,19,1997,82000,2026,4,28,중개거래
도봉구,쌍문동,청구,84.63,4,1996,52500,2026,4,28,중개거래
도봉구,방학동,청구아파트,84.97,4,1994,48500,2026,4,7,중개거래
도봉구,창동,대우그린,59.97,12,2000,66500,2026,4,23,중개거래
도봉구,방학동,신동아아파트1,84.87,8,1986,57000,2026,4,27,중개거래
도봉구,창동,창동주공2단지,45.55,4,1990,48500,2026,4,27,중개거래
도봉구,방학동,우성아파트2,84.98,5,1993,50000,2026,4,24,중개거래
도봉구,창동,동아,89.45,8,1988,103000,2026,4,27,중개거래
도봉구,창동,주공19단지(창동리버타운),60.5,6,1988,88000,2026,4,27,중개거래
도봉구,도봉동,서원,49.07,17,1996,36000,2026,4,27,중개거래
도봉구,쌍문동,삼익세라믹,79.98,10,1988,53000,2026,4,27,중개거래
도봉구,창동,상아2차아파트,45.54,4,1988,45000,2026,4,6,중개거래
도봉구,창동,창동주공4단지,36.16,9,1991,31500,2026,4,27,중개거래
도봉구,쌍문동,한양5,65.37,4,1991,40000,2026,4,23,중개거래
도봉구,창동,동아청솔,84.97,12,1997,102500,2026,4,21,중개거래
도봉구,창동,주공17단지,36.16,10,1989,32000,2026,4,11,중개거래
도봉구,창동,주공17단지,41.3,9,1989,34800,2026,4,4,중개거래
도봉구,창동,창동주공1단지,49.94,15,1990,57900,2026,4,26,중개거래
도봉구,창동,창동주공1단지,49.94,13,1990,62000,2026,4,25,중개거래
도봉구,창동,주공17단지,36.16,15,1989,29100,2026,4,25,중개거래
도봉구,도봉동,래미안도봉,59.25,6,2005,60500,2026,4,24,중개거래
도봉구,창동,삼성래미안,73.92,18,1992,87000,2026,4,24,중개거래
도봉구,방학동,신동아아파트1,53.16,4,1986,34500,2026,4,24,중개거래
도봉구,창동,창동주공2단지,36.34,7,1990,43000,2026,4,24,중개거래
도봉구,창동,주공19단지(창동리버타운),60.5,6,1988,90000,2026,4,24,중개거래
도봉구,방학동,대상타운현대아파트,84.78,16,2001,84400,2026,4,24,중개거래
도봉구,방학동,방학동삼성래미안2,84.937,17,2002,77000,2026,4,25,중개거래
도봉구,창동,북한산아이파크5차,101.9176,21,2004,105000,2026,4,24,중개거래
도봉구,쌍문동,경남,44.5,10,1988,26500,2026,4,1,중개거래
도봉구,방학동,신동아아파트1,62.22,6,1986,43000,2026,4,23,중개거래
도봉구,방학동,우성아파트2,84.98,6,1993,52000,2026,4,24,중개거래
도봉구,창동,창동주공2단지,45.9,9,1990,48000,2026,4,24,중개거래
도봉구,창동,창동주공2단지,49.94,3,1990,61600,2026,4,21,중개거래
도봉구,쌍문동,한양5,65.37,6,1991,39500,2026,4,7,중개거래
도봉구,쌍문동,도봉금강아미움파크타운,68.2097,3,2018,49500,2026,4,17,중개거래
도봉구,도봉동,서원,40.02,5,1996,29000,2026,4,23,중개거래
도봉구,쌍문동,한양6,83.86,8,2002,54000,2026,4,10,중개거래
도봉구,창동,삼성래미안,84.87,6,1992,89500,2026,4,24,중개거래
도봉구,방학동,신동아아파트1,70.62,9,1986,48000,2026,4,23,중개거래
도봉구,도봉동,래미안도봉,114.76,11,2005,57000,2026,4,15,직거래
도봉구,쌍문동,금호2,84.46,15,1991,54500,2026,4,22,중개거래
도봉구,창동,북한산아이파크5차,119.1731,23,2004,111500,2026,4,14,중개거래
도봉구,창동,북한산아이파크5차,84.4516,21,2004,99000,2026,4,18,중개거래
도봉구,창동,주공17단지,36.16,3,1989,30500,2026,4,4,중개거래
도봉구,쌍문동,한양2,84.9,14,1988,54700,2026,4,23,중개거래
도봉구,창동,주공17단지,36.16,10,1989,31000,2026,4,23,중개거래
도봉구,창동,주공17단지,36.16,12,1989,31000,2026,4,23,중개거래
도봉구,창동,쌍용,59.88,8,1997,80000,2026,4,23,중개거래
도봉구,창동,주공19단지(창동리버타운),68.86,1,1988,94000,2026,4,22,중개거래
도봉구,창동,북한산한신휴플러스,111.2248,18,2007,91000,2026,4,5,중개거래
도봉구,창동,북한산아이파크5차,119.1731,19,2004,105000,2026,4,22,중개거래
도봉구,창동,북한산아이파크5차,84.4516,4,2004,95500,2026,4,22,중개거래
도봉구,방학동,신동아아파트1,62.22,14,1986,40000,2026,4,22,중개거래
도봉구,창동,주공17단지,49.94,4,1989,47500,2026,4,22,중개거래
도봉구,쌍문동,금호2,71.98,8,1991,44000,2026,4,22,중개거래
도봉구,쌍문동,현대2,85,9,1993,49500,2026,4,22,중개거래
도봉구,쌍문동,미라보,59.96,5,1995,40000,2026,4,22,중개거래
도봉구,창동,동아청솔,134.94,3,1997,85000,2026,4,10,직거래
도봉구,창동,동아청솔,59.96,2,1997,75500,2026,4,21,중개거래
도봉구,창동,쌍용,59.88,17,1997,79500,2026,4,21,중개거래
도봉구,쌍문동,현대1,44.55,9,1990,29000,2026,4,21,중개거래
도봉구,쌍문동,삼익세라믹,42.93,4,1988,31000,2026,4,14,중개거래
도봉구,도봉동,도봉파크빌3,84.155,7,2002,66700,2026,4,21,중개거래
도봉구,방학동,벽산아파트2,84.98,7,1998,53500,2026,4,22,중개거래
도봉구,창동,주공17단지,36.34,5,1989,31300,2026,4,18,중개거래
도봉구,쌍문동,금호1,84.88,14,1990,55000,2026,4,21,중개거래
도봉구,방학동,신동아아파트1,53.16,12,1986,33500,2026,4,13,직거래
도봉구,도봉동,한신,84.94,14,1995,62500,2026,4,21,중개거래
도봉구,창동,창동주공18단지,45.55,7,1988,50000,2026,4,21,중개거래
도봉구,창동,창동주공2단지,36.34,15,1990,38500,2026,4,21,중개거래
도봉구,도봉동,서원,49.77,5,1996,37200,2026,4,15,중개거래
도봉구,쌍문동,금호2,71.98,2,1991,49500,2026,4,21,중개거래
도봉구,창동,창동주공3단지(해등마을),49.94,14,1990,67000,2026,4,21,중개거래
도봉구,창동,LIG건영캐스빌,80.1498,15,2002,64500,2026,4,18,중개거래
도봉구,쌍문동,신원2,60,12,1998,40200,2026,4,17,중개거래
도봉구,쌍문동,솔밭노블리안,54.43,1,2019,42000,2026,4,18,중개거래
도봉구,창동,창동주공18단지,45.55,9,1988,50500,2026,4,21,중개거래
도봉구,방학동,신동아아파트1,62.22,8,1986,42500,2026,4,20,중개거래
도봉구,창동,태영데시앙,84.995,13,2003,88000,2026,4,4,중개거래
도봉구,쌍문동,한솔캐스빌,48.88,2,2002,18000,2026,4,21,중개거래
도봉구,도봉동,럭키,84.86,4,1992,55000,2026,4,20,중개거래
도봉구,쌍문동,쌍문동삼성래미안,84.9383,4,2002,74000,2026,4,16,중개거래
도봉구,도봉동,서원,49.77,15,1996,35000,2026,4,20,중개거래
도봉구,창동,창동주공3단지(해등마을),61.52,5,1990,71800,2026,4,20,중개거래
도봉구,창동,창동주공3단지(해등마을),79.07,5,1990,90000,2026,4,3,중개거래
도봉구,쌍문동,삼익세라믹,42.93,10,1988,33900,2026,4,3,중개거래
도봉구,창동,창동주공3단지(해등마을),49.94,4,1990,64000,2026,4,3,중개거래
도봉구,창동,창동주공1단지,49.94,11,1990,59800,2026,4,20,중개거래
도봉구,창동,초안산신도브래뉴,84.9991,6,2005,59000,2026,4,17,중개거래
도봉구,쌍문동,북한산코오롱하늘채,84.98,16,2014,71300,2026,4,16,중개거래
도봉구,창동,창동주공2단지,41.3,11,1990,48000,2026,4,8,중개거래
도봉구,창동,대우,59.86,5,1995,59000,2026,4,18,중개거래
도봉구,창동,대우,84.88,6,1995,65300,2026,4,18,중개거래
도봉구,창동,주공17단지,36.16,14,1989,31800,2026,4,19,중개거래
도봉구,도봉동,서울가든,75.33,11,1987,41500,2026,4,18,중개거래
도봉구,창동,북한산아이파크5차,84.4516,8,2004,89000,2026,4,18,중개거래
도봉구,창동,창동주공18단지,32.34,1,1988,34000,2026,4,18,중개거래
도봉구,도봉동,서원,49.77,4,1996,34000,2026,4,19,중개거래
도봉구,창동,창동주공4단지,41.3,2,1991,37200,2026,4,18,중개거래
도봉구,쌍문동,북한산코오롱하늘채,84.98,14,2014,75000,2026,4,18,중개거래
도봉구,쌍문동,한양6,83.86,14,2002,59400,2026,4,14,중개거래
도봉구,창동,동아청솔,59.96,20,1997,83000,2026,4,18,중개거래
도봉구,창동,창동주공3단지(해등마을),58.01,11,1990,77000,2026,4,18,중개거래
도봉구,도봉동,현대성우,59.92,9,1998,41100,2026,4,18,중개거래
도봉구,창동,창동주공3단지(해등마을),58.01,4,1990,71500,2026,4,18,중개거래
도봉구,창동,삼성래미안,84.87,20,1992,93500,2026,4,18,중개거래
도봉구,창동,창동주공3단지(해등마을),71.89,2,1990,70000,2026,4,18,중개거래
도봉구,창동,삼성래미안,84.87,15,1992,92700,2026,4,18,중개거래
도봉구,창동,동아그린,59.96,3,1996,68000,2026,4,17,중개거래
도봉구,방학동,벽산아파트1,52.36,12,1991,32000,2026,4,17,중개거래
도봉구,창동,창동주공3단지(해등마을),49.94,12,1990,69000,2026,4,17,중개거래
도봉구,쌍문동,한양7,84.86,9,1993,55500,2026,4,17,중개거래
도봉구,창동,창동주공3단지(해등마을),49.94,4,1990,69000,2026,4,17,중개거래
도봉구,방학동,우암쎈스뷰아파트,67.971,12,2003,51000,2026,4,17,중개거래
도봉구,쌍문동,쌍문동삼성래미안,59.9899,4,2002,64000,2026,4,2,중개거래
도봉구,방학동,선덕빌라트아파트,141.81,3,1996,43000,2026,4,13,직거래
도봉구,쌍문동,한양6,83.86,11,2002,50000,2026,4,17,중개거래
도봉구,창동,창동주공3단지(해등마을),58.01,15,1990,66500,2026,4,15,중개거래
도봉구,창동,동아,89.45,3,1988,57500,2026,4,16,직거래
도봉구,창동,주공19단지(창동리버타운),68.86,11,1988,97500,2026,4,16,중개거래
도봉구,쌍문동,한양2,48.96,6,1988,35000,2026,4,8,중개거래
도봉구,창동,창동주공4단지,49.94,6,1991,53500,2026,4,16,중개거래
도봉구,도봉동,래미안도봉,59.25,13,2005,58000,2026,4,16,중개거래
도봉구,창동,주공19단지(창동리버타운),68.86,12,1988,98000,2026,4,16,중개거래
도봉구,도봉동,서원,49.77,10,1996,35200,2026,4,16,중개거래
도봉구,창동,창동주공2단지,41.3,12,1990,47500,2026,4,6,중개거래
도봉구,쌍문동,e편한세상,59.955,2,2007,56000,2026,4,16,중개거래
도봉구,창동,주공19단지(창동리버타운),68.86,2,1988,65000,2026,4,16,중개거래
도봉구,창동,창동주공18단지,32.34,4,1988,37500,2026,4,16,중개거래
도봉구,도봉동,유원도봉,84.93,2,1990,50500,2026,4,16,중개거래
도봉구,창동,주공17단지,41.3,9,1989,34800,2026,4,4,중개거래
도봉구,쌍문동,염광,59.91,8,1997,38500,2026,4,15,중개거래
도봉구,쌍문동,한양6,83.86,1,2002,52000,2026,4,16,중개거래
도봉구,창동,창동현대타운,66.42,5,1999,47500,2026,4,8,중개거래
도봉구,창동,창동주공2단지,36.16,5,1990,39250,2026,4,15,중개거래
도봉구,쌍문동,삼익세라믹,79.98,2,1988,57000,2026,4,15,중개거래
도봉구,쌍문동,한양7,84.86,8,1993,56500,2026,4,15,중개거래
도봉구,방학동,청구아파트,84.97,4,1994,54000,2026,4,15,중개거래
도봉구,방학동,대상타운현대아파트,60,2,2001,67000,2026,4,15,중개거래
도봉구,창동,현대조합,59.91,10,2000,55500,2026,4,15,중개거래
도봉구,방학동,신동아아파트1,51.27,10,1986,34800,2026,4,3,중개거래
도봉구,방학동,삼익세라믹아파트,74.105,12,1988,31000,2026,4,15,중개거래
도봉구,창동,주공17단지,36.16,12,1989,32500,2026,4,15,중개거래
도봉구,방학동,신동아아파트1,84.87,11,1986,59500,2026,4,15,중개거래
도봉구,창동,주공17단지,36.16,6,1989,30000,2026,4,15,중개거래
도봉구,창동,창동주공3단지(해등마을),49.94,15,1990,63500,2026,4,15,중개거래
도봉구,창동,창동주공4단지,41.3,15,1991,37500,2026,4,4,중개거래
도봉구,도봉동,서원,49.77,7,1996,36800,2026,4,15,중개거래
도봉구,쌍문동,한양6,83.86,2,2002,50500,2026,4,10,중개거래
도봉구,도봉동,서원,59.76,14,1996,46800,2026,4,14,중개거래
도봉구,방학동,신동아아파트1,43.35,6,1986,27800,2026,4,15,중개거래
도봉구,창동,주공19단지(창동리버타운),60.5,7,1988,88500,2026,4,15,중개거래
도봉구,창동,창동주공4단지,41.3,11,1991,39900,2026,4,4,중개거래
도봉구,창동,창동주공4단지,41.3,4,1991,37500,2026,4,9,중개거래
도봉구,창동,창동역블루핀2동,65.83,2,2020,54000,2026,4,14,중개거래
도봉구,방학동,한화성원아파트,84.98,9,1996,48500,2026,4,14,중개거래
도봉구,창동,주공19단지(창동리버타운),68.86,11,1988,95500,2026,4,14,중개거래
도봉구,도봉동,서원,49.77,12,1996,35000,2026,4,6,중개거래
도봉구,도봉동,서원,49.77,1,1996,33000,2026,4,9,중개거래
도봉구,방학동,이에스에이아파트3,84.87,8,2004,65500,2026,4,14,중개거래
도봉구,방학동,송학휴스테이,51.867,4,2016,36000,2026,4,8,중개거래
도봉구,도봉동,한신,84.94,11,1995,61000,2026,4,14,중개거래
도봉구,도봉동,래미안도봉,59.25,5,2005,62500,2026,4,7,중개거래
도봉구,쌍문동,금호2,84.46,5,1991,56400,2026,4,3,중개거래
도봉구,도봉동,서원,49.77,13,1996,33500,2026,4,14,중개거래
도봉구,쌍문동,삼익세라믹,58.77,2,1988,39700,2026,4,14,중개거래
도봉구,창동,주공17단지,36.16,15,1989,29500,2026,4,10,중개거래
도봉구,방학동,신동아아파트1,62.22,7,1986,41700,2026,4,9,중개거래
도봉구,도봉동,동아에코빌,105.976,11,2003,60000,2026,4,7,직거래
도봉구,창동,현대조합,59.91,13,2000,53000,2026,4,10,중개거래
도봉구,창동,쌍용,59.88,11,1997,78200,2026,4,13,중개거래
도봉구,창동,주공17단지,36.16,9,1989,31500,2026,4,13,중개거래
도봉구,창동,동아청솔,59.445,4,1997,61000,2026,4,11,직거래
도봉구,창동,동아그린,84.94,13,1996,80000,2026,4,13,중개거래
도봉구,창동,주공17단지,36.16,15,1989,29000,2026,4,7,중개거래
도봉구,창동,창동주공4단지,41.3,13,1991,38000,2026,4,13,중개거래
도봉구,쌍문동,한양2,35.1,7,1988,24200,2026,4,10,중개거래
도봉구,방학동,청구아파트,84.97,11,1994,47500,2026,4,3,중개거래
도봉구,창동,창동현대타운,66.42,5,1999,47500,2026,4,8,중개거래
도봉구,쌍문동,한솔캐스빌,34.62,2,2002,13350,2026,4,6,중개거래
도봉구,쌍문동,삼익세라믹,79.98,2,1988,54500,2026,4,10,중개거래
도봉구,창동,창동주공18단지,71.89,5,1988,70000,2026,4,11,중개거래
도봉구,창동,창동주공18단지,84.41,2,1988,90000,2026,4,11,중개거래
도봉구,창동,창동주공3단지(해등마을),45.77,9,1990,59500,2026,4,11,중개거래
도봉구,창동,북한산아이파크5차,84.4516,21,2004,91500,2026,4,10,중개거래
도봉구,쌍문동,쌍문동삼성래미안,59.9899,15,2002,61000,2026,4,7,중개거래
도봉구,창동,창동주공2단지,41.3,1,1990,41500,2026,4,10,중개거래
도봉구,쌍문동,청구,84.63,10,1996,55600,2026,4,3,중개거래
도봉구,창동,주공19단지(창동리버타운),84.9,15,1988,95000,2026,4,1,중개거래
도봉구,도봉동,한신,84.94,13,1995,62000,2026,4,10,중개거래
도봉구,창동,주공17단지,49.94,10,1989,51500,2026,4,10,중개거래
도봉구,방학동,청구아파트,84.97,11,1994,58500,2026,4,10,중개거래
도봉구,창동,주공17단지,36.16,9,1989,32800,2026,4,10,중개거래
도봉구,방학동,신동아아파트1,62.22,6,1986,44000,2026,4,10,중개거래
도봉구,창동,창동주공3단지(해등마을),45.77,2,1990,53000,2026,4,7,중개거래
도봉구,창동,동아청솔,59.445,9,1997,74800,2026,4,9,중개거래
도봉구,도봉동,서원,40.02,7,1996,29000,2026,4,9,중개거래
도봉구,방학동,동부센트레빌아파트,84.983,6,2005,67000,2026,4,9,중개거래
도봉구,쌍문동,한양2,35.1,9,1988,24000,2026,4,9,중개거래
도봉구,창동,주공17단지,36.34,11,1989,33000,2026,4,9,중개거래
도봉구,창동,성원상떼빌,59.75,5,2001,55000,2026,4,2,중개거래
도봉구,도봉동,한신,84.94,2,1995,54500,2026,4,9,중개거래
도봉구,방학동,우성아파트1,72.87,2,1992,43300,2026,4,4,중개거래
도봉구,창동,주공17단지,36.34,5,1989,29500,2026,4,8,중개거래
도봉구,창동,대우,59.86,14,1995,59300,2026,4,7,중개거래
도봉구,쌍문동,한양6,83.86,15,2002,58000,2026,4,8,중개거래
도봉구,방학동,청구아파트,84.97,2,1994,51500,2026,4,8,중개거래
도봉구,창동,창동주공18단지,59.39,6,1988,67500,2026,4,4,중개거래
도봉구,쌍문동,한양2,28.71,12,1988,21000,2026,4,6,중개거래
도봉구,방학동,신동아아파트1,70.62,12,1986,41600,2026,4,8,중개거래
도봉구,도봉동,서원,49.77,6,1996,34500,2026,4,8,중개거래
도봉구,도봉동,서원,49.77,18,1996,34500,2026,4,8,중개거래
도봉구,쌍문동,한양6,83.86,4,2002,54000,2026,4,7,중개거래
도봉구,창동,창동주공3단지(해등마을),49.94,7,1990,66000,2026,4,8,중개거래
도봉구,창동,현대조합,59.91,15,2000,57500,2026,4,7,중개거래
도봉구,창동,금호어울림,84.99,2,2004,80000,2026,4,8,중개거래
도봉구,창동,주공17단지,36.16,11,1989,32400,2026,4,4,중개거래
도봉구,창동,초안산신도브래뉴,84.9991,16,2005,58500,2026,4,8,중개거래
도봉구,방학동,신동아아파트1,43.35,11,1986,28500,2026,4,8,중개거래
도봉구,방학동,방학동삼성래미안1,118.381,18,2002,75300,2026,4,8,직거래
도봉구,창동,주공19단지(창동리버타운),60.5,11,1988,87500,2026,4,8,중개거래
도봉구,창동,창동주공4단지,49.94,2,1991,48400,2026,4,8,중개거래
도봉구,쌍문동,삼익세라믹,42.93,2,1988,29500,2026,4,3,중개거래
도봉구,창동,주공17단지,36.16,13,1989,30500,2026,4,7,중개거래
도봉구,창동,창동주공1단지,49.94,15,1990,57500,2026,4,7,중개거래
도봉구,창동,미소애,45.466,6,2005,38000,2026,4,7,중개거래
도봉구,쌍문동,삼익세라믹,42.93,13,1988,34000,2026,4,3,중개거래
도봉구,방학동,방학동삼성래미안1,134.981,8,2002,105000,2026,4,4,중개거래
도봉구,방학동,신동아아파트1,43.35,8,1986,25800,2026,4,6,중개거래
도봉구,방학동,신동아아파트2,84.82,4,1992,54500,2026,4,7,중개거래
도봉구,방학동,청구아파트,84.97,4,1994,50000,2026,4,6,직거래
도봉구,방학동,신동아아파트1,112.49,4,1986,70000,2026,4,3,중개거래
도봉구,창동,동아청솔,59.445,11,1997,79000,2026,4,1,중개거래
도봉구,창동,쌍용,59.88,3,1997,78000,2026,4,6,중개거래
도봉구,창동,창동2차현대,84.504,10,2001,85800,2026,4,6,중개거래
도봉구,창동,창동주공3단지(해등마을),58.01,14,1990,73250,2026,4,6,중개거래
도봉구,창동,동아청솔,59.76,10,1997,83850,2026,4,6,중개거래
도봉구,창동,창동한승미메이드,84.6865,12,2004,57000,2026,4,6,중개거래
도봉구,창동,창동주공2단지,49.94,8,1990,59000,2026,4,6,중개거래
도봉구,쌍문동,현대2,85,9,1993,48250,2026,4,6,중개거래
도봉구,창동,태영데시앙,84.995,20,2003,78500,2026,4,6,중개거래
도봉구,도봉동,양우내안애,84.92,6,2005,59000,2026,4,3,중개거래
도봉구,창동,창동주공3단지(해등마을),58.01,13,1990,76000,2026,4,1,중개거래
도봉구,방학동,이에스에이아파트3,84.87,3,2004,61000,2026,4,6,중개거래
도봉구,도봉동,도봉파크빌3,84.354,10,2002,58500,2026,4,4,중개거래
도봉구,창동,대동,59.76,12,1999,45000,2026,4,3,중개거래
도봉구,창동,스마트트라움,16.42,5,2021,16400,2026,4,6,직거래
도봉구,창동,창동2차현대,59.499,3,2001,74000,2026,4,5,중개거래
도봉구,창동,상아2차아파트,58.59,3,1988,63600,2026,4,5,중개거래
도봉구,도봉동,한신,84.94,2,1995,53500,2026,4,4,중개거래
도봉구,방학동,대상타운현대아파트,101.48,10,2001,95000,2026,4,1,중개거래
도봉구,창동,창동주공18단지,45.55,15,1988,53000,2026,4,4,중개거래
도봉구,쌍문동,한양7,84.92,1,1993,50000,2026,4,4,중개거래
도봉구,방학동,성진파크뷰아파트,45.51,11,2019,39500,2026,4,4,중개거래
도봉구,창동,창동주공2단지,45.9,5,1990,46000,2026,4,4,중개거래
도봉구,창동,창동주공1단지,49.94,13,1990,59000,2026,4,4,중개거래
도봉구,방학동,우암쎈스뷰아파트,67.971,11,2003,52000,2026,4,4,중개거래
도봉구,창동,주공17단지,36.34,9,1989,32000,2026,4,4,중개거래
도봉구,창동,주공17단지,41.3,15,1989,35500,2026,4,4,중개거래
도봉구,창동,삼성래미안,84.87,6,1992,94000,2026,4,3,중개거래
도봉구,도봉동,서원,39.85,9,1996,28000,2026,4,3,중개거래
도봉구,창동,동아,88.23,14,1988,96000,2026,4,2,중개거래
도봉구,창동,창동주공3단지(해등마을),41.3,7,1990,57500,2026,4,3,중개거래
도봉구,창동,쌍용,59.88,3,1997,76000,2026,4,3,중개거래
도봉구,창동,주공17단지,41.3,14,1989,37400,2026,4,2,중개거래
도봉구,창동,창동주공1단지,58.01,2,1990,59800,2026,4,1,중개거래
도봉구,방학동,신동아아파트3,84.86,11,1992,50000,2026,4,2,중개거래
도봉구,창동,창동현대4차,101.9957,7,2003,93500,2026,4,2,중개거래
도봉구,창동,창동주공3단지(해등마을),41.3,2,1990,55000,2026,4,2,중개거래
도봉구,방학동,방학동삼성래미안2,84.937,6,2002,81000,2026,4,1,중개거래
도봉구,쌍문동,북한산코오롱하늘채,84.98,15,2014,74000,2026,4,1,중개거래
도봉구,방학동,신동아아파트1,53.16,15,1986,33900,2026,4,2,중개거래
도봉구,창동,신창,39.6,2,1998,26500,2026,4,2,중개거래
도봉구,창동,주공17단지,36.16,8,1989,30000,2026,4,2,중개거래
도봉구,창동,동아청솔,59.96,20,1997,77500,2026,4,2,중개거래
도봉구,도봉동,극동,84.83,4,1991,51000,2026,4,1,중개거래
도봉구,방학동,벽산아파트2,59.581,5,1998,40000,2026,4,2,중개거래
도봉구,창동,창동2차현대,95.633,14,2001,87300,2026,4,1,중개거래
도봉구,창동,창동주공3단지(해등마을),79.07,6,1990,89700,2026,4,1,중개거래
도봉구,쌍문동,현대1,84.66,2,1990,51800,2026,4,1,중개거래
도봉구,도봉동,서원,49.77,6,1996,35500,2026,4,1,중개거래
도봉구,쌍문동,금호1,36.36,2,1990,24200,2026,4,1,중개거래
도봉구,도봉동,한신,84.94,12,1995,60000,2026,4,1,중개거래
도봉구,도봉동,도봉파크빌3,84.155,9,2002,59500,2026,4,1,중개거래
노원구,월계동,동신,71.83,12,1983,87000,2026,4,11,중개거래
노원구,상계동,불암현대,59.4,13,1999,47000,2026,4,24,중개거래
노원구,상계동,수락산벨리체,114.92,10,2000,91000,2026,4,23,중개거래
노원구,상계동,동아불암,84.9,17,1999,65500,2026,4,29,중개거래
노원구,상계동,상계주공12(고층),41.3,5,1988,48000,2026,4,25,중개거래
노원구,상계동,동아불암,84.9,17,1999,65500,2026,4,29,중개거래
노원구,상계동,상계주공11(고층),41.3,1,1988,40000,2026,4,19,중개거래
노원구,상계동,상계주공12(고층),49.94,2,1988,58000,2026,4,25,중개거래
노원구,상계동,상계주공3(고층),58.01,11,1987,87000,2026,4,28,중개거래
노원구,월계동,미성,33.28,5,1986,68000,2026,4,25,중개거래
노원구,하계동,청솔(시영7),49.5,8,1989,55000,2026,4,24,중개거래
노원구,하계동,장미(시영6),39.92,8,1989,57600,2026,4,30,중개거래
노원구,상계동,상계주공10(고층),49.94,14,1988,42000,2026,4,29,중개거래
노원구,상계동,불암현대,59.4,13,1999,47000,2026,4,24,중개거래
노원구,공릉동,시영3차(라이프)아파트,49.5,11,1994,54000,2026,4,24,중개거래
노원구,월계동,현대,84.98,7,2000,100000,2026,4,19,중개거래
노원구,상계동,미라보(성림),84.5,13,2006,51000,2026,4,21,중개거래
노원구,중계동,현대1(4차),77.15,7,1993,49500,2026,4,27,중개거래
노원구,중계동,중계그린1단지,39.91,3,1990,47000,2026,4,18,중개거래
노원구,공릉동,화랑타운아파트,84.65,8,2000,87800,2026,4,30,중개거래
노원구,상계동,수락파크빌,84.62,9,2001,86500,2026,4,27,중개거래
노원구,상계동,상계주공9(고층),49.94,11,1988,53000,2026,4,26,중개거래
노원구,상계동,상계주공16(고층),58.01,4,1988,50500,2026,4,28,중개거래
노원구,중계동,대림벽산(363),141.45,15,1993,147000,2026,4,29,중개거래
노원구,월계동,롯데캐슬루나,59.9927,7,2006,87000,2026,4,27,중개거래
노원구,상계동,상계대림e편한세상,55.77,2,2002,40000,2026,4,14,직거래
노원구,공릉동,공릉해링턴플레이스,99.917,2,2000,60000,2026,4,23,중개거래
노원구,하계동,장미(시영6),39.78,6,1989,54000,2026,4,24,중개거래
노원구,하계동,장미(시영6),39.78,9,1989,53000,2026,4,18,중개거래
노원구,하계동,장미(시영6),39.78,8,1989,52250,2026,4,23,중개거래
노원구,공릉동,태강아파트(아이파크),49.6,8,1999,60000,2026,4,30,중개거래
노원구,공릉동,시영2단지(라이프)아파트,39.6,7,1994,35200,2026,4,28,중개거래
노원구,중계동,청구(366),115.47,3,1993,130000,2026,4,28,중개거래
노원구,상계동,상계주공1(고층),58.01,10,1988,63000,2026,4,17,중개거래
노원구,월계동,월계센트럴아이파크,59.99,11,2020,102300,2026,4,30,중개거래
노원구,하계동,우방,83.12,14,1999,63000,2026,4,20,중개거래
노원구,공릉동,태강아파트(아이파크),59.34,12,1999,65000,2026,4,18,중개거래
노원구,공릉동,시영3차(라이프)아파트,49.5,15,1994,53000,2026,4,20,중개거래
노원구,상계동,불암현대,59.4,13,1999,47000,2026,4,24,중개거래
노원구,상계동,불암현대,59.4,7,1999,48000,2026,4,23,중개거래
노원구,공릉동,풍림아파트A,84.99,5,2001,90000,2026,4,28,중개거래
노원구,상계동,상계주공11(고층),41.3,9,1988,49000,2026,4,27,중개거래
노원구,공릉동,노원프레미어스엠코,84.0408,5,2016,86000,2026,4,12,중개거래
노원구,상계동,상계주공3(고층),84.2,8,1987,112000,2026,4,30,중개거래
노원구,월계동,한진한화그랑빌,84.97,9,2002,113500,2026,4,29,중개거래
노원구,중계동,주공5,38.64,5,1992,40000,2026,4,27,중개거래
노원구,중계동,건영3,84.9,10,1995,132000,2026,4,29,중개거래
노원구,중계동,양지마을(대림)2,59.4,19,1999,71000,2026,4,6,중개거래
노원구,상계동,상계주공12(고층),41.3,13,1988,40500,2026,4,25,중개거래
노원구,상계동,은빛2단지,59.95,10,1998,54000,2026,4,29,중개거래
노원구,상계동,상계주공10(고층),61.52,11,1988,49500,2026,4,24,직거래
노원구,공릉동,한일휴니스빌,13.62,10,2013,13200,2026,4,29,중개거래
노원구,상계동,상계주공7(고층),45.9,3,1988,57500,2026,4,27,중개거래
노원구,상계동,은빛1단지,39.69,15,1998,32300,2026,4,28,중개거래
노원구,상계동,중계센트럴파크,59.75,9,2016,85000,2026,4,24,중개거래
노원구,공릉동,태강아파트(아이파크),49.6,8,1999,60000,2026,4,29,중개거래
노원구,중계동,경남아너스빌,79.098,14,2002,50000,2026,4,20,중개거래
노원구,상계동,은빛1단지,59.95,4,1998,54500,2026,4,14,중개거래
노원구,상계동,현대4차,84.99,13,1995,47500,2026,4,14,중개거래
노원구,공릉동,대동아파트,59.83,14,1999,55000,2026,4,27,중개거래
노원구,하계동,장미(시영6),49.75,15,1989,63000,2026,4,28,중개거래
노원구,월계동,사슴3,39.6,3,1995,33800,2026,4,30,중개거래
노원구,상계동,상계주공1(고층),58.01,7,1988,63000,2026,4,24,중개거래
노원구,공릉동,비선아파트,59.74,1,1999,58000,2026,4,28,중개거래
노원구,상계동,청암2단지,49.77,15,2001,41250,2026,4,17,중개거래
노원구,상계동,한일유앤아이,59.877,17,2005,64000,2026,4,25,중개거래
노원구,상계동,보람아파트,79.25,12,1988,74000,2026,4,24,중개거래
노원구,공릉동,대주파크빌아파트,81.12,13,2003,60000,2026,4,27,중개거래
노원구,상계동,상계주공11(고층),49.94,5,1988,63000,2026,4,26,중개거래
노원구,상계동,상계주공9(고층),61.52,12,1988,66000,2026,4,27,중개거래
노원구,상계동,대림,93.75,14,1988,62000,2026,4,28,직거래
노원구,상계동,상계주공7(고층),45.55,12,1988,50000,2026,4,20,중개거래
노원구,상계동,임광,122.18,11,1989,110000,2026,4,18,중개거래
노원구,중계동,현대(3차),66.47,2,1992,57000,2026,4,11,중개거래
노원구,월계동,꿈의숲SKVIEW,59.96,4,2016,91000,2026,4,29,중개거래
노원구,상계동,상계주공11(고층),68.86,8,1988,80250,2026,4,27,중개거래
노원구,월계동,한일1,84.942,7,1999,73500,2026,4,25,중개거래
노원구,월계동,미륭,51.48,4,1986,90800,2026,4,29,중개거래
노원구,상계동,보람아파트,79.25,5,1988,65000,2026,4,10,중개거래
노원구,상계동,중계센트럴파크,59.75,3,2016,81000,2026,4,30,중개거래
노원구,상계동,상계주공16(고층),79.07,4,1988,72800,2026,4,10,중개거래
노원구,월계동,월계센트럴아이파크,84.99,27,2020,124500,2026,4,29,중개거래
노원구,상계동,상계주공6(고층),59.28,15,1988,75000,2026,4,30,중개거래
노원구,하계동,하계2현대,84.896,12,1997,97000,2026,4,30,중개거래
노원구,공릉동,신도1차아파트,81.2768,7,2002,83000,2026,4,30,중개거래
노원구,공릉동,건영장미아파트,59.87,8,1999,54000,2026,4,30,중개거래
노원구,상계동,상계주공1(고층),41.3,14,1988,47500,2026,4,30,중개거래
노원구,월계동,주공2,44.94,3,1992,36500,2026,4,30,중개거래
노원구,하계동,한신2,35.28,7,1988,43500,2026,4,30,중개거래
노원구,상계동,상계주공11(고층),41.3,15,1988,48000,2026,4,30,중개거래
노원구,중계동,라이프,115.65,5,1993,125000,2026,4,30,중개거래
노원구,월계동,삼호4,50.18,9,1987,76000,2026,4,30,중개거래
노원구,하계동,한신2,44.52,13,1988,53000,2026,4,29,중개거래
노원구,중계동,건영3,84.9,14,1995,129000,2026,4,30,중개거래
노원구,중계동,청구(366),115.47,1,1993,117000,2026,4,30,중개거래
노원구,상계동,대창센시티,84.4272,8,2002,64500,2026,4,25,중개거래
노원구,중계동,건영3,84.9,11,1995,114000,2026,4,30,중개거래
노원구,상계동,상계주공10(고층),59.39,7,1988,44000,2026,4,30,직거래
노원구,상계동,상계주공1(고층),32.39,9,1988,35000,2026,4,28,중개거래
노원구,상계동,상계주공12(고층),66.56,3,1988,65100,2026,4,28,중개거래
노원구,중계동,신안,59.97,2,1999,71000,2026,4,30,중개거래
노원구,월계동,월계센트럴아이파크,84.99,18,2020,85000,2026,4,30,중개거래
노원구,상계동,상계주공6(고층),32.39,7,1988,45800,2026,4,30,중개거래
노원구,중계동,현대그린,84.99,2,1998,58000,2026,4,30,중개거래
노원구,공릉동,풍림아파트A,84.99,18,2001,86700,2026,4,30,중개거래
노원구,상계동,동아불암,59.4,15,1999,47800,2026,4,4,중개거래
노원구,상계동,상계주공7(고층),45.55,12,1988,60000,2026,4,29,중개거래
노원구,중계동,중계3벽산,85,3,1999,81000,2026,4,30,중개거래
노원구,하계동,벽산,57.71,12,1988,42000,2026,4,29,직거래
노원구,하계동,극동,55.72,1,1988,59700,2026,4,30,중개거래
노원구,상계동,상계주공11(고층),49.94,10,1988,64800,2026,4,30,중개거래
노원구,상계동,극동늘푸른,59.958,10,2000,48800,2026,4,30,중개거래
노원구,상계동,상계주공7(고층),45.55,13,1988,60000,2026,4,30,중개거래
노원구,상계동,상계주공9(고층),45.9,4,1988,43500,2026,4,30,중개거래
노원구,월계동,초안1,39.6,1,1998,24500,2026,4,18,중개거래
노원구,월계동,월계센트럴아이파크,59.99,20,2020,105000,2026,4,29,중개거래
노원구,공릉동,시영2단지(라이프)아파트,49.5,8,1994,51000,2026,4,29,중개거래
노원구,중계동,주공8,49.72,13,1993,59900,2026,4,30,중개거래
노원구,상계동,상계주공6(고층),41.3,12,1988,60000,2026,4,28,중개거래
노원구,중계동,염광,59.34,13,1996,59990,2026,4,30,중개거래
노원구,중계동,중계무지개,39.96,2,1991,40500,2026,4,30,중개거래
노원구,월계동,한진한화그랑빌,114.97,23,2002,115500,2026,4,29,중개거래
노원구,상계동,청암2단지,59.4,3,2001,50000,2026,4,30,중개거래
노원구,하계동,하계2현대,75.35,13,1997,83000,2026,4,29,중개거래
노원구,상계동,보람아파트,54.59,2,1988,54800,2026,4,30,중개거래
노원구,공릉동,태강아파트(아이파크),59.38,6,1999,74000,2026,4,29,중개거래
노원구,상계동,상계주공16(고층),59.39,8,1988,54000,2026,4,23,중개거래
노원구,상계동,포레나노원,59.9866,26,2020,103000,2026,4,28,중개거래
노원구,중계동,주공2,44.52,14,1992,34500,2026,4,16,중개거래
노원구,중계동,중계그린1단지,39.78,4,1990,51000,2026,4,29,중개거래
노원구,하계동,청솔(시영7),49.5,7,1989,58000,2026,4,29,중개거래
노원구,월계동,청백4,84.54,3,1998,57800,2026,4,29,중개거래
노원구,월계동,유원,59.93,11,1998,43000,2026,4,29,중개거래
노원구,하계동,미성,72.17,3,1989,79500,2026,4,29,중개거래
노원구,공릉동,태강아파트(아이파크),59.38,10,1999,72000,2026,4,29,중개거래
노원구,공릉동,삼익포레스트아파트,51.03,8,1995,52000,2026,4,29,중개거래
노원구,상계동,상계주공4(고층),41.3,15,1988,47800,2026,4,29,중개거래
노원구,공릉동,삼익포레스트아파트,51.03,3,1995,46700,2026,4,25,중개거래
노원구,중계동,상아,72.73,3,1989,76700,2026,4,29,중개거래
노원구,공릉동,청솔아파트8,84.65,8,2000,79500,2026,4,29,중개거래
노원구,월계동,월계센트럴아이파크,59.99,5,2020,103800,2026,4,29,중개거래
노원구,월계동,미륭,51.48,7,1986,92000,2026,4,29,중개거래
노원구,상계동,상계주공7(고층),45.9,12,1988,60000,2026,4,29,중개거래
노원구,중계동,중계무지개,59.26,2,1991,67000,2026,4,24,중개거래
노원구,중계동,삼성,84.75,1,1999,73800,2026,4,29,중개거래
노원구,중계동,대림벽산(363),141.45,4,1993,126000,2026,4,29,중개거래
노원구,중계동,주공5,38.64,14,1992,41500,2026,4,27,중개거래
노원구,공릉동,태강아파트(아이파크),49.6,3,1999,60000,2026,4,29,중개거래
노원구,상계동,상계주공10(고층),49.94,14,1988,42000,2026,4,29,중개거래
노원구,상계동,상계주공1(고층),41.3,11,1988,47000,2026,4,29,중개거래
노원구,중계동,주공2,44.52,13,1992,33000,2026,4,23,중개거래
노원구,공릉동,풍림아파트A,59.94,12,2001,76000,2026,4,29,중개거래
노원구,월계동,미성,33.28,2,1986,66000,2026,4,29,중개거래
노원구,공릉동,태릉해링턴플레이스,59.98,14,2022,90000,2026,4,29,중개거래
노원구,상계동,상계주공11(고층),49.94,6,1988,64000,2026,4,29,중개거래
노원구,하계동,장미(시영6),39.78,10,1989,56500,2026,4,29,중개거래
노원구,상계동,상계주공4(고층),41.3,8,1988,49500,2026,4,29,중개거래
노원구,상계동,상계주공16(고층),59.39,2,1988,51000,2026,4,25,중개거래
노원구,상계동,코오롱,84.9,6,1997,70000,2026,4,20,중개거래
노원구,중계동,청구3,84.77,15,1996,130500,2026,4,18,중개거래
노원구,상계동,상계주공4(고층),58.01,9,1988,68900,2026,4,28,중개거래
노원구,상계동,한양,86.62,4,1988,72000,2026,4,16,직거래
노원구,상계동,상계주공12(고층),49.94,6,1988,59250,2026,4,23,중개거래
노원구,상계동,상계주공10(고층),49.94,7,1988,62000,2026,4,29,중개거래
노원구,중계동,주공7,44.1,6,1993,37900,2026,4,27,중개거래
노원구,공릉동,태릉우성아파트,84.97,2,1985,81000,2026,4,17,중개거래
노원구,하계동,미성,118.52,1,1989,90000,2026,4,27,중개거래
노원구,상계동,수락파크빌,114.82,10,2001,90000,2026,4,9,중개거래
노원구,상계동,보람아파트,79.25,4,1988,65500,2026,4,17,중개거래
노원구,하계동,건영,53.14,3,1988,59300,2026,4,28,중개거래
노원구,중계동,주공5,58.46,7,1992,55000,2026,4,30,직거래
노원구,상계동,상계주공6(고층),41.3,2,1988,55000,2026,4,28,중개거래
노원구,상계동,상계주공6(고층),49.94,8,1988,46000,2026,4,29,직거래
노원구,월계동,미륭,51.48,6,1986,92500,2026,4,29,중개거래
노원구,월계동,초안2,49.6,1,1997,31000,2026,4,29,중개거래
노원구,상계동,상계현대3차,84.96,8,1999,68000,2026,4,24,중개거래
노원구,상계동,두산,58.65,5,1994,47000,2026,4,22,중개거래
노원구,상계동,현대4차,84.99,1,1995,55000,2026,4,28,중개거래
노원구,상계동,상계주공6(고층),41.3,14,1988,59800,2026,4,28,중개거래
노원구,월계동,동신,71.77,3,1983,83500,2026,4,28,중개거래
노원구,중계동,중계무지개,49.54,9,1991,60000,2026,4,4,중개거래
노원구,상계동,상계주공10(저층),47.34,2,1988,51000,2026,4,28,중개거래
노원구,상계동,상계주공1(고층),32.39,6,1988,35200,2026,4,11,중개거래
노원구,하계동,우성,127.22,15,1988,125500,2026,4,28,중개거래
노원구,월계동,건양노블레스빌,84.659,22,2003,72500,2026,4,24,중개거래
노원구,상계동,우림루미아트201동,84.569,9,2004,67000,2026,4,22,중개거래
노원구,공릉동,청솔아파트8,84.83,5,2000,76500,2026,4,28,중개거래
노원구,월계동,대우,134.64,11,1998,73500,2026,4,27,중개거래
노원구,월계동,한진한화그랑빌,84.97,5,2002,107000,2026,4,22,중개거래
노원구,상계동,벽산,43.35,12,1989,35000,2026,4,28,중개거래
노원구,월계동,롯데캐슬루나,59.9927,3,2006,82000,2026,4,24,중개거래
노원구,상계동,불암현대,59.4,13,1999,43500,2026,4,28,중개거래
노원구,상계동,상계주공12(고층),49.94,1,1988,54000,2026,4,28,중개거래
노원구,상계동,청암2단지,49.77,5,2001,44900,2026,4,28,중개거래
노원구,공릉동,공릉해링턴플레이스,99.917,5,2000,88500,2026,4,16,중개거래
노원구,중계동,주공8,49.72,14,1993,53700,2026,4,28,중개거래
노원구,월계동,청백4,84.54,4,1998,62300,2026,4,28,중개거래
노원구,공릉동,화랑타운아파트,84.65,2,2000,80800,2026,4,27,중개거래
노원구,중계동,주공4,45.77,9,1991,43650,2026,4,28,직거래
노원구,상계동,상계주공12(고층),66.56,3,1988,72600,2026,4,28,중개거래
노원구,월계동,대우,99.98,12,1998,73000,2026,4,28,중개거래
노원구,상계동,은빛2단지,59.92,5,1998,53000,2026,4,21,중개거래
노원구,상계동,상계주공6(고층),59.39,12,1988,76600,2026,4,18,중개거래
노원구,상계동,상계주공9(고층),49.94,1,1988,50500,2026,4,28,중개거래
노원구,중계동,주공5,44.52,14,1992,51000,2026,4,24,중개거래
노원구,상계동,상계주공6(고층),37.46,5,1988,54500,2026,4,28,중개거래
노원구,공릉동,현대(고려)아파트,59.28,4,1999,48500,2026,4,28,중개거래
노원구,중계동,현대(6차),59.84,18,2018,57000,2026,4,27,중개거래
노원구,중계동,주공2,44.52,11,1992,36600,2026,4,25,중개거래
노원구,상계동,상계주공3(고층),73.94,6,1987,85000,2026,4,14,중개거래
노원구,상계동,상계주공12(고층),49.94,1,1988,49000,2026,4,21,중개거래
노원구,상계동,청암2단지,49.77,17,2001,43500,2026,4,25,중개거래
노원구,월계동,롯데캐슬루나,59.9927,1,2006,79500,2026,4,28,중개거래
노원구,상계동,벽산,84.89,1,1989,64200,2026,4,26,중개거래
노원구,중계동,주공7,44.1,14,1993,38000,2026,4,28,중개거래
노원구,하계동,벽산,57.71,8,1988,60000,2026,4,28,중개거래
노원구,하계동,미성,72.17,5,1989,75000,2026,4,27,중개거래
노원구,상계동,상계주공12(고층),41.3,12,1988,46000,2026,4,28,중개거래
노원구,상계동,상계주공14(고층),59.39,15,1989,60000,2026,4,27,직거래
노원구,상계동,상계주공9(고층),45.9,3,1988,42700,2026,4,27,중개거래
노원구,상계동,중계센트럴파크,59.75,12,2016,82000,2026,4,27,중개거래
노원구,월계동,한진한화그랑빌,59.94,15,2002,106000,2026,4,27,중개거래
노원구,상계동,상계주공1(고층),41.3,8,1988,46500,2026,4,27,중개거래
노원구,월계동,한진한화그랑빌,59.94,2,2002,88000,2026,4,27,중개거래
노원구,상계동,상계주공1(고층),41.3,8,1988,47500,2026,4,27,중개거래
노원구,중계동,주공5,44.52,9,1992,51500,2026,4,27,중개거래
노원구,중계동,중계그린1단지,49.5,1,1990,60000,2026,4,21,중개거래
노원구,상계동,상계주공9(고층),58.01,4,1988,61000,2026,4,27,중개거래
노원구,중계동,롯데(505),54.48,15,1989,60000,2026,4,27,중개거래
노원구,상계동,상계주공4(고층),58.01,6,1988,69500,2026,4,27,중개거래
노원구,공릉동,삼익아파트,59.89,11,1997,49500,2026,4,24,중개거래
노원구,상계동,상계불암대림,59.22,5,2000,54900,2026,4,25,중개거래
노원구,상계동,상계주공1(고층),58.01,5,1988,60000,2026,4,27,중개거래
노원구,상계동,상계주공16(고층),59.39,14,1988,53000,2026,4,24,중개거래
노원구,하계동,우방,59.74,14,1999,47250,2026,4,27,중개거래
노원구,공릉동,태강아파트(아이파크),49.6,6,1999,60000,2026,4,27,중개거래
노원구,상계동,상계주공16(고층),59.39,5,1988,54000,2026,4,23,중개거래
노원구,하계동,미성,72.17,8,1989,72000,2026,4,6,중개거래
노원구,중계동,중계현대2,84.34,2,1991,63000,2026,4,24,중개거래
노원구,상계동,벽산,59.9,4,1989,51500,2026,4,25,중개거래
노원구,중계동,주공6,44.1,6,1993,45500,2026,4,27,중개거래
노원구,월계동,청백4,49.77,5,1998,36000,2026,4,15,직거래
노원구,공릉동,신도1차아파트,131.7554,15,2002,90500,2026,4,27,중개거래
노원구,상계동,상계대림,84.91,15,1989,60000,2026,4,25,중개거래
노원구,상계동,보람아파트,54.59,12,1988,53500,2026,4,25,중개거래
노원구,상계동,상계주공12(고층),66.56,4,1988,72000,2026,4,22,중개거래
노원구,상계동,한양,86.62,12,1988,72000,2026,4,19,중개거래
노원구,상계동,두산,58.65,3,1994,49500,2026,4,10,중개거래
노원구,상계동,북부현대,59.24,5,1996,40000,2026,4,23,중개거래
노원구,상계동,상계신동아,84.99,1,1995,54700,2026,4,27,중개거래
노원구,하계동,장미(시영6),59.22,14,1989,80500,2026,4,23,중개거래
노원구,상계동,상계주공9(고층),49.94,13,1988,58000,2026,4,25,중개거래
노원구,공릉동,동신아파트,59.99,23,1999,57000,2026,4,24,중개거래
노원구,상계동,상계주공14(고층),49.94,8,1989,57500,2026,4,27,중개거래
노원구,상계동,노원롯데캐슬시그니처,59.975,25,2023,89400,2026,4,25,중개거래
노원구,중계동,주공10,58.14,3,1995,73000,2026,4,27,중개거래
노원구,상계동,상계대림,59.67,15,1989,48000,2026,4,11,중개거래
노원구,상계동,상계주공10(고층),59.2,1,1988,59500,2026,4,27,중개거래
노원구,상계동,상계1차중앙하이츠,59.82,1,1997,56000,2026,4,25,중개거래
노원구,하계동,우방,83.12,17,1999,65000,2026,4,24,중개거래
노원구,중계동,주공5,38.64,5,1992,40000,2026,4,27,중개거래
노원구,상계동,상계주공1(고층),32.39,3,1988,35000,2026,4,27,중개거래
노원구,중계동,주공7,44.1,11,1993,41000,2026,4,27,직거래
노원구,월계동,삼호4,50.18,3,1987,72000,2026,4,25,중개거래
노원구,공릉동,태강아파트(아이파크),49.6,2,1999,54000,2026,4,21,중개거래
노원구,상계동,상계주공7(고층),58.01,8,1988,72000,2026,4,16,중개거래
노원구,공릉동,한일휴니스빌,13.62,7,2013,12900,2026,4,25,중개거래
노원구,하계동,장미(시영6),49.5,3,1989,68000,2026,4,25,중개거래
노원구,공릉동,삼익포레스트아파트,84.6,7,1995,68000,2026,4,25,중개거래
노원구,상계동,임광,122.18,14,1989,115500,2026,4,14,중개거래
노원구,중계동,주공6,44.1,9,1993,44800,2026,4,25,중개거래
노원구,중계동,주공5,76.51,12,1992,105000,2026,4,25,중개거래
노원구,상계동,상계주공4(고층),83.7,23,1988,85500,2026,4,25,중개거래
노원구,상계동,벽산,43.35,5,1989,36500,2026,4,23,중개거래
노원구,상계동,상계주공7(고층),49.94,2,1988,65000,2026,4,25,중개거래
노원구,중계동,주공4,45.77,8,1991,47500,2026,4,25,중개거래
노원구,하계동,미성,72.17,4,1989,75000,2026,4,25,중개거래
노원구,중계동,중계그린1단지,49.5,6,1990,64000,2026,4,25,중개거래
노원구,중계동,중계그린1단지,44.1,12,1990,59000,2026,4,25,중개거래
노원구,상계동,상계주공13(고층),58.01,14,1989,52500,2026,4,25,중개거래
노원구,상계동,상계주공6(고층),41.3,1,1988,50000,2026,4,25,중개거래
노원구,상계동,상계주공2(고층),32.39,14,1987,37500,2026,4,24,중개거래
노원구,중계동,롯데(505),54.48,12,1989,64000,2026,4,24,중개거래
노원구,공릉동,풍림아파트A,59.94,11,2001,76000,2026,4,25,중개거래
노원구,상계동,상계주공11(고층),49.94,3,1988,62000,2026,4,25,중개거래
노원구,하계동,청솔(시영7),39.78,6,1989,42500,2026,4,25,중개거래
노원구,상계동,상계주공16(고층),59.39,5,1988,52800,2026,4,22,중개거래
노원구,하계동,청구,84.97,14,1988,89000,2026,4,25,중개거래
노원구,상계동,상계대림,59.67,2,1989,47400,2026,4,25,중개거래
노원구,공릉동,비선아파트,48.6,11,1999,49500,2026,4,25,중개거래
노원구,상계동,상계주공14(고층),45.9,3,1989,38000,2026,4,25,중개거래
노원구,상계동,상계주공10(저층),47.34,1,1988,50000,2026,4,25,중개거래
노원구,월계동,미륭,51.48,1,1986,87000,2026,4,16,중개거래
노원구,월계동,꿈의숲SKVIEW,84.93,14,2016,97500,2026,4,25,중개거래
노원구,월계동,삼호4,50.18,1,1987,73700,2026,4,24,중개거래
노원구,상계동,상계주공12(고층),49.94,1,1988,53800,2026,4,25,중개거래
노원구,공릉동,풍림아파트A,84.99,16,2001,87500,2026,4,25,중개거래
노원구,월계동,미륭,51.48,4,1986,95000,2026,4,25,중개거래
노원구,상계동,상계2차중앙하이츠,59.82,10,1998,66500,2026,4,25,중개거래
노원구,공릉동,건영장미아파트,59.87,17,1999,53500,2026,4,25,중개거래
노원구,상계동,상계주공6(고층),58.01,10,1988,75000,2026,4,25,중개거래
노원구,월계동,현대,59.95,27,2000,83300,2026,4,25,중개거래
노원구,월계동,미성,33.28,4,1986,69500,2026,4,25,중개거래
노원구,월계동,삼호3,59.22,7,1986,102000,2026,4,25,중개거래
노원구,중계동,주공6,44.1,14,1993,45000,2026,4,25,중개거래
노원구,상계동,상계주공4(고층),49.94,10,1988,62000,2026,4,25,중개거래
노원구,공릉동,두산힐스빌아파트,60,10,2000,75000,2026,4,25,중개거래
노원구,하계동,장미(시영6),39.78,2,1989,52000,2026,4,25,중개거래
노원구,중계동,주공2,44.52,2,1992,34000,2026,4,25,중개거래
노원구,월계동,삼호3,59.22,13,1986,100000,2026,4,25,중개거래
노원구,하계동,한신1,35.28,10,1988,39000,2026,4,25,중개거래
노원구,공릉동,태강아파트(아이파크),49.6,10,1999,62800,2026,4,25,중개거래
노원구,공릉동,태릉해링턴플레이스,59.98,12,2022,93500,2026,4,24,중개거래
노원구,하계동,장미(시영6),39.92,6,1989,55600,2026,4,24,중개거래
노원구,월계동,동신,91.6,10,1983,97500,2026,4,24,중개거래
노원구,상계동,문수해오름,42.76,3,2003,28700,2026,4,24,중개거래
노원구,공릉동,노원프레미어스엠코,84.0408,5,2016,87000,2026,4,9,중개거래
노원구,상계동,한신4차,84.84,4,1995,51800,2026,4,13,중개거래
노원구,하계동,청솔(시영7),49.5,6,1989,60000,2026,4,24,중개거래
노원구,상계동,상계주공2(고층),32.39,7,1987,34500,2026,4,23,중개거래
노원구,공릉동,화랑대디오베이션,59.9883,16,2021,66800,2026,4,24,중개거래
노원구,월계동,동신,91.91,1,1983,94000,2026,4,11,중개거래
노원구,중계동,중앙하이츠아쿠아,84.4675,2,2008,93500,2026,4,24,중개거래
노원구,상계동,상계대림e편한세상,55.77,3,2002,42500,2026,4,24,중개거래
노원구,상계동,상계주공7(고층),59.39,14,1988,74500,2026,4,24,중개거래
노원구,하계동,현대,84.95,7,1988,103000,2026,4,24,중개거래
노원구,상계동,벽산,43.35,3,1989,35500,2026,4,24,중개거래
노원구,상계동,상계주공9(고층),61.52,3,1988,63500,2026,4,24,중개거래
노원구,중계동,중계그린1단지,44.1,5,1990,60000,2026,4,24,중개거래
노원구,하계동,하계2현대,84.896,2,1997,89000,2026,4,24,중개거래
노원구,중계동,중계그린1단지,49.5,12,1990,66300,2026,4,24,중개거래
노원구,중계동,양지마을(대림)2,59.4,2,1999,61500,2026,4,24,중개거래
노원구,중계동,양지마을(대림)2,84.88,15,1999,100000,2026,4,20,중개거래
노원구,공릉동,미라쉘,16.69,10,2018,14500,2026,4,24,중개거래
노원구,중계동,중계무지개,39.96,13,1991,45000,2026,4,24,중개거래
노원구,공릉동,한일휴니스빌,13.62,15,2013,11000,2026,4,16,직거래
노원구,중계동,중계그린1단지,39.78,4,1990,49500,2026,4,24,중개거래
노원구,월계동,미성,50.14,13,1986,89500,2026,4,13,중개거래
노원구,월계동,미륭,51.48,8,1986,91000,2026,4,24,중개거래
노원구,상계동,상계주공13(고층),45.9,1,1989,33000,2026,4,22,중개거래
노원구,상계동,한신1차,45.44,14,1987,32200,2026,4,24,중개거래
노원구,월계동,동신,70.81,11,1983,87000,2026,4,24,중개거래
노원구,하계동,장미(시영6),59.22,1,1989,70000,2026,4,24,중개거래
노원구,상계동,상계주공1(고층),49.94,15,1988,59500,2026,4,24,중개거래
노원구,월계동,주공2,38.64,11,1992,31900,2026,4,23,중개거래
노원구,상계동,벽산,43.35,14,1989,35500,2026,4,23,중개거래
노원구,공릉동,공릉우성아파트,109.4,16,1995,72500,2026,4,24,중개거래
노원구,공릉동,동신아파트,59.99,17,1999,59000,2026,4,24,중개거래
노원구,월계동,성원(사슴4),49.92,4,1995,54500,2026,4,24,중개거래
노원구,중계동,중계그린1단지,39.78,3,1990,49000,2026,4,23,중개거래
노원구,월계동,미성,50.14,3,1986,88000,2026,4,24,중개거래
노원구,상계동,상계주공1(고층),58.01,1,1988,59800,2026,4,23,중개거래
노원구,월계동,꿈의숲SKVIEW,84.96,17,2016,96000,2026,4,24,중개거래
노원구,상계동,상계주공12(고층),41.3,1,1988,40000,2026,4,24,중개거래
노원구,상계동,상계주공6(고층),41.3,9,1988,59800,2026,4,24,중개거래
노원구,중계동,중계그린1단지,39.91,3,1990,49000,2026,4,21,중개거래
노원구,월계동,현대,84.98,24,2000,56500,2026,4,24,직거래
노원구,월계동,주공2,58.65,8,1992,58500,2026,4,23,중개거래
노원구,월계동,성원(사슴4),39.6,2,1995,35800,2026,4,23,중개거래
노원구,중계동,중계무지개,39.96,6,1991,46500,2026,4,23,중개거래
노원구,월계동,우남그랜드,84.73,22,2001,75500,2026,4,23,중개거래
노원구,상계동,상계주공7(고층),41.3,15,1988,58500,2026,4,23,중개거래
노원구,월계동,삼호3,59.22,5,1986,101000,2026,4,23,중개거래
노원구,중계동,금호타운(583),59.52,15,1997,58000,2026,4,22,중개거래
노원구,월계동,청백3,49.77,6,1998,38000,2026,4,23,중개거래
노원구,중계동,현대2(4차),84.78,1,1993,49000,2026,4,21,직거래
노원구,월계동,한진한화그랑빌,114.97,13,2002,120500,2026,4,23,중개거래
노원구,중계동,주공5,44.52,6,1992,35000,2026,4,23,중개거래
노원구,중계동,신안,59.97,4,1999,72000,2026,4,23,중개거래
노원구,중계동,현대그린,84.99,6,1998,60000,2026,4,23,중개거래
노원구,하계동,청솔(시영7),49.5,4,1989,58100,2026,4,23,중개거래
노원구,상계동,수락산벨리체,114.92,10,2000,91000,2026,4,23,중개거래
노원구,상계동,상계주공6(고층),49.94,2,1988,67000,2026,4,23,중개거래
노원구,상계동,상계주공14(고층),49.94,3,1989,56000,2026,4,23,중개거래
노원구,상계동,상계주공10(고층),49.94,15,1988,59000,2026,4,23,중개거래
노원구,공릉동,동부아파트,84.79,10,1996,65000,2026,4,23,중개거래
노원구,중계동,주공8,49.72,4,1993,56000,2026,4,22,중개거래
노원구,상계동,상계주공12(고층),41.3,3,1988,42900,2026,4,23,중개거래
노원구,월계동,미성,50.14,6,1986,90200,2026,4,23,중개거래
노원구,하계동,한신1,27,2,1988,19000,2026,4,16,직거래
노원구,월계동,미성,50.14,2,1986,89500,2026,4,23,중개거래
노원구,상계동,상계2차중앙하이츠,59.82,11,1998,64200,2026,4,23,중개거래
노원구,상계동,두산,67.43,13,1994,62700,2026,4,9,중개거래
노원구,상계동,상계주공16(고층),79.07,7,1988,73500,2026,4,23,중개거래
노원구,상계동,상계주공14(고층),41.3,1,1989,38700,2026,4,23,중개거래
노원구,하계동,한신1,27,7,1988,31000,2026,4,23,중개거래
노원구,월계동,주공2,59.97,10,1992,59700,2026,4,23,중개거래
노원구,상계동,상계주공2(고층),58.01,5,1987,68500,2026,4,23,중개거래
노원구,중계동,중계그린1단지,39.78,9,1990,48500,2026,4,23,중개거래
노원구,하계동,청구,84.97,1,1988,82700,2026,4,23,중개거래
노원구,상계동,상계주공4(고층),32.39,4,1988,37000,2026,4,23,중개거래
노원구,중계동,중계그린1단지,59.87,4,1990,67500,2026,4,23,중개거래
노원구,중계동,중계그린1단지,49.5,6,1990,61500,2026,4,16,중개거래
노원구,상계동,보람아파트,44.33,2,1988,41500,2026,4,22,중개거래
노원구,상계동,벽산,59.9,7,1989,51000,2026,4,23,중개거래
노원구,상계동,상계주공16(고층),45.77,7,1988,41000,2026,4,13,중개거래
노원구,상계동,상계주공6(고층),58.01,11,1988,75000,2026,4,7,중개거래
노원구,하계동,장미(시영6),59.87,8,1989,78000,2026,4,22,중개거래
노원구,공릉동,삼익4단지아파트,49.5,7,1994,50000,2026,4,18,중개거래
노원구,중계동,중계그린1단지,49.5,12,1990,65000,2026,4,22,중개거래
노원구,상계동,상계주공16(고층),45.77,5,1988,40000,2026,4,21,중개거래
노원구,상계동,상계주공7(고층),41.3,3,1988,57000,2026,4,22,중개거래
노원구,상계동,상계주공6(고층),58.01,11,1988,76500,2026,4,22,중개거래
노원구,중계동,중계무지개,39.82,11,1991,45000,2026,4,22,중개거래
노원구,중계동,건영3,84.9,1,1995,118000,2026,4,22,중개거래
노원구,상계동,은빛1단지,49.77,5,1998,45000,2026,4,9,중개거래
노원구,월계동,동원베네스트,84.627,3,2005,66700,2026,4,17,중개거래
노원구,중계동,양지마을(대림)2,59.4,3,1999,63000,2026,4,22,중개거래
노원구,공릉동,신원아파트,59.59,4,2000,52400,2026,4,22,중개거래
노원구,월계동,현대,59.95,4,2000,82000,2026,4,22,중개거래
노원구,상계동,두산,84.09,1,1994,59000,2026,4,22,중개거래
노원구,월계동,한진한화그랑빌,59.94,19,2002,102500,2026,4,22,중개거래
노원구,월계동,꿈의숲SKVIEW,84.93,8,2016,96300,2026,4,22,중개거래
노원구,하계동,청솔(시영7),59.87,1,1989,56100,2026,4,22,중개거래
노원구,상계동,포레나노원,84.9014,18,2020,127000,2026,4,22,중개거래
노원구,상계동,포레나노원,84.9014,12,2020,129000,2026,4,22,중개거래
노원구,상계동,상계주공14(고층),45.9,15,1989,38300,2026,4,22,중개거래
노원구,월계동,청백3,49.77,14,1998,37000,2026,4,22,중개거래
노원구,공릉동,건영장미아파트,59.87,7,1999,54500,2026,4,22,중개거래
노원구,하계동,극동,55.72,2,1988,60000,2026,4,22,중개거래
노원구,상계동,상계주공4(고층),58.01,4,1988,68000,2026,4,22,중개거래
노원구,상계동,상계주공16(고층),58.01,4,1988,53500,2026,4,22,중개거래
노원구,상계동,상계주공16(고층),59.39,13,1988,53000,2026,4,22,중개거래
노원구,월계동,한진한화그랑빌,84.97,5,2002,70000,2026,4,22,중개거래
노원구,공릉동,삼익포레스트아파트,51.03,1,1995,50000,2026,4,17,중개거래
노원구,중계동,경남,50.97,7,1989,60000,2026,4,22,중개거래
노원구,월계동,초안1,39.6,14,1998,26500,2026,4,18,중개거래
노원구,상계동,노원센트럴푸르지오,84.994,10,2021,108000,2026,4,10,중개거래
노원구,하계동,장미(시영6),59.87,13,1989,70000,2026,4,17,중개거래
노원구,공릉동,시영2단지(라이프)아파트,49.5,1,1994,48000,2026,4,22,중개거래
노원구,상계동,현대2차,82.68,11,1993,60000,2026,4,22,중개거래
노원구,상계동,상계주공6(고층),49.94,5,1988,67000,2026,4,22,중개거래
노원구,공릉동,삼익4단지아파트,49.5,14,1994,58000,2026,4,14,중개거래
노원구,상계동,은빛2단지,49.77,6,1998,40900,2026,4,21,중개거래
노원구,중계동,중계무지개,39.96,6,1991,48500,2026,4,22,중개거래
노원구,상계동,상계주공3(고층),73.94,11,1987,99000,2026,4,21,중개거래
노원구,공릉동,태강아파트(아이파크),59.34,4,1999,69500,2026,4,21,중개거래
노원구,공릉동,태강아파트(아이파크),49.6,13,1999,60500,2026,4,19,중개거래
노원구,상계동,상계주공6(고층),41.3,12,1988,60000,2026,4,16,중개거래
노원구,상계동,포레나노원,59.9908,16,2020,100300,2026,4,22,중개거래
노원구,중계동,현대2(4차),84.78,8,1993,62500,2026,4,22,중개거래
노원구,상계동,상계주공1(고층),49.94,11,1988,54000,2026,4,21,중개거래
노원구,상계동,상계주공6(고층),59.2,12,1988,74500,2026,4,18,중개거래
노원구,상계동,우림루미아트201동,84.569,3,2004,69900,2026,4,21,중개거래
노원구,중계동,건영3,84.9,13,1995,129500,2026,4,21,중개거래
노원구,월계동,주공2,84.815,5,1992,71000,2026,4,21,중개거래
노원구,상계동,상계주공14(고층),41.3,13,1989,41000,2026,4,20,중개거래
노원구,중계동,주공7,44.1,9,1993,40300,2026,4,21,중개거래
노원구,상계동,상계주공2(고층),59.2,4,1987,62700,2026,4,21,중개거래
노원구,공릉동,공릉해링턴플레이스,99.917,14,2000,87000,2026,4,3,중개거래
노원구,하계동,학여울청구,59.4,6,1999,69000,2026,4,21,중개거래
노원구,중계동,중계무지개,49.89,10,1991,62000,2026,4,21,중개거래
노원구,중계동,중계그린1단지,39.78,7,1990,49000,2026,4,21,중개거래
노원구,상계동,상계주공9(고층),41.3,11,1988,44400,2026,4,21,중개거래
노원구,중계동,금호타운(583),59.52,1,1997,51000,2026,4,17,직거래
노원구,하계동,학여울청구,113.51,10,1999,96000,2026,4,21,중개거래
노원구,월계동,삼창,121,6,1984,67800,2026,4,8,중개거래
노원구,중계동,중계그린1단지,49.5,7,1990,62000,2026,4,4,중개거래
노원구,중계동,주공8,49.72,2,1993,54300,2026,4,21,중개거래
노원구,공릉동,태강아파트(아이파크),49.6,1,1999,54700,2026,4,16,중개거래
노원구,상계동,상계1차중앙하이츠,84.6,3,1997,79500,2026,4,21,중개거래
노원구,상계동,상계주공10(저층),47.34,2,1988,50000,2026,4,21,중개거래
노원구,상계동,상계주공9(고층),49.94,6,1988,58700,2026,4,21,중개거래
노원구,하계동,건영,84.93,14,1988,88000,2026,4,21,중개거래
노원구,중계동,현대(6차),59.84,1,2018,48500,2026,4,21,중개거래
노원구,공릉동,태승훼미리아파트,82.97,7,2009,60000,2026,4,11,중개거래
노원구,하계동,장미(시영6),39.92,4,1989,59000,2026,4,17,중개거래
노원구,하계동,우방,59.74,7,1999,49000,2026,4,16,중개거래
노원구,상계동,은빛2단지,49.77,11,1998,46800,2026,4,21,중개거래
노원구,중계동,중계무지개,39.82,1,1991,40000,2026,4,21,중개거래
노원구,상계동,상계주공1(고층),58.01,5,1988,60000,2026,4,8,중개거래
노원구,상계동,상계불암대림,59.22,23,2000,58000,2026,4,21,중개거래
노원구,중계동,건영2,84.96,6,1991,86500,2026,4,21,중개거래
노원구,하계동,하계2현대,84.896,5,1997,93500,2026,4,20,중개거래
노원구,상계동,상계주공6(고층),41.3,5,1988,58000,2026,4,20,중개거래
노원구,중계동,중계그린1단지,39.92,13,1990,47000,2026,4,21,중개거래
노원구,월계동,삼호3,59.22,7,1986,100000,2026,4,21,중개거래
노원구,월계동,동신,71.83,7,1983,87000,2026,4,20,중개거래
노원구,월계동,한진한화그랑빌,84.97,14,2002,112650,2026,4,20,중개거래
노원구,상계동,상계주공7(고층),45.9,8,1988,58000,2026,4,17,중개거래
노원구,공릉동,풍림아파트A,59.94,3,2001,71000,2026,4,20,중개거래
노원구,상계동,상계주공12(고층),66.56,13,1988,73000,2026,4,20,중개거래
노원구,중계동,청구3,84.77,6,1996,138000,2026,4,20,중개거래
노원구,상계동,코오롱,59.94,3,1997,58000,2026,4,20,중개거래
노원구,월계동,청백3,49.77,12,1998,37000,2026,4,20,중개거래
노원구,공릉동,동신아파트,59.99,9,1999,57000,2026,4,16,중개거래
노원구,상계동,상계주공6(고층),59.39,9,1988,79000,2026,4,18,중개거래
노원구,월계동,대동,59.76,13,1997,63300,2026,4,20,중개거래
노원구,월계동,동신,71.14,8,1983,87000,2026,4,20,중개거래
노원구,상계동,노원센트럴푸르지오,59.996,1,2021,79500,2026,4,20,중개거래
노원구,중계동,양지마을(대림)2,84.88,15,1999,100000,2026,4,20,중개거래
노원구,상계동,상계주공14(고층),41.3,2,1989,35000,2026,4,18,중개거래
노원구,상계동,상계주공1(고층),68.86,6,1988,68000,2026,4,18,중개거래
노원구,상계동,상계주공16(고층),45.77,9,1988,40000,2026,4,15,중개거래
노원구,상계동,상계주공11(고층),79.07,3,1988,82000,2026,4,4,중개거래
노원구,중계동,양지마을(대림)1,84.9,13,1998,100000,2026,4,20,중개거래
노원구,상계동,상계주공7(고층),45.9,9,1988,59000,2026,4,11,중개거래
노원구,상계동,상계주공6(고층),58.01,13,1988,74000,2026,4,10,중개거래
노원구,상계동,상계주공9(고층),45.55,2,1988,37900,2026,4,10,중개거래
노원구,상계동,상계주공7(고층),45.9,10,1988,58000,2026,4,13,중개거래
노원구,중계동,주공5,58.46,3,1992,78000,2026,4,20,중개거래
노원구,상계동,보람아파트,68.99,5,1988,65000,2026,4,20,중개거래
노원구,하계동,장미(시영6),49.75,11,1989,67400,2026,4,20,중개거래
노원구,상계동,상계주공4(고층),41.3,10,1988,49000,2026,4,20,중개거래
노원구,월계동,청백3,59.4,8,1998,45500,2026,4,18,중개거래
노원구,하계동,한신동성,138.29,9,1993,105000,2026,4,16,중개거래
노원구,월계동,청백3,49.77,15,1998,39000,2026,4,20,중개거래
노원구,상계동,상계주공2(고층),32.39,13,1987,37000,2026,4,19,중개거래
노원구,월계동,삼창,56.59,7,1984,49500,2026,4,11,중개거래
노원구,상계동,상계주공9(고층),45.55,6,1988,43000,2026,4,12,중개거래
노원구,상계동,보람아파트,68.99,9,1988,60500,2026,4,17,중개거래
노원구,상계동,상계신동아,84.99,1,1995,54000,2026,4,20,중개거래
노원구,상계동,상계주공14(고층),45.9,6,1989,41700,2026,4,20,중개거래
노원구,공릉동,삼익4단지아파트,59.04,12,1994,60000,2026,4,20,중개거래
노원구,중계동,주공2,44.52,12,1992,35200,2026,4,13,중개거래
노원구,중계동,주공2,44.52,11,1992,33000,2026,4,20,중개거래
노원구,상계동,청암2단지,49.77,10,2001,42800,2026,4,18,중개거래
노원구,중계동,LIG건영,59.92,13,1998,49500,2026,4,20,중개거래
노원구,하계동,장미(시영6),39.92,15,1989,56000,2026,4,11,중개거래
노원구,상계동,상계주공16(고층),45.77,12,1988,40500,2026,4,20,중개거래
노원구,상계동,상계주공6(고층),58.01,11,1988,74800,2026,4,20,중개거래
노원구,상계동,상계주공6(고층),59.2,14,1988,71000,2026,4,5,중개거래
노원구,월계동,현대,114.99,7,2000,101500,2026,4,19,중개거래
노원구,공릉동,삼익4단지아파트,59.04,2,1994,53250,2026,4,18,중개거래
노원구,공릉동,한일휴니스빌,13.62,8,2013,12800,2026,4,18,중개거래
노원구,중계동,중계무지개,49.89,15,1991,59500,2026,4,18,중개거래
노원구,중계동,건영3,84.9,2,1995,116800,2026,4,18,중개거래
노원구,상계동,중계센트럴파크,84.13,8,2016,89500,2026,4,18,중개거래
노원구,상계동,상계주공12(고층),49.94,5,1988,60000,2026,4,18,중개거래
노원구,하계동,하계2현대,84.896,7,1997,92000,2026,4,18,중개거래
노원구,상계동,상계주공4(고층),49.94,3,1988,60000,2026,4,18,중개거래
노원구,하계동,장미(시영6),39.92,8,1989,53800,2026,4,18,중개거래
노원구,상계동,노원롯데캐슬시그니처,59.975,15,2023,97000,2026,4,18,중개거래
노원구,공릉동,비선아파트,59.97,7,1999,59200,2026,4,18,중개거래
노원구,중계동,대림벽산(363),141.45,2,1993,126400,2026,4,18,중개거래
노원구,상계동,상계주공16(고층),59.39,2,1988,50000,2026,4,18,중개거래
노원구,상계동,상계주공9(고층),49.94,4,1988,57500,2026,4,18,중개거래
노원구,상계동,포레나노원,59.9428,6,2020,103000,2026,4,18,중개거래
노원구,중계동,중계그린1단지,39.91,3,1990,47000,2026,4,18,중개거래
노원구,공릉동,비선아파트,48.93,3,1999,45500,2026,4,18,중개거래
노원구,하계동,미성,118.52,10,1989,110000,2026,4,18,중개거래
노원구,월계동,미성,33.28,4,1986,70800,2026,4,18,중개거래
노원구,상계동,상계주공6(고층),41.3,13,1988,59500,2026,4,17,중개거래
노원구,중계동,건영3,84.9,5,1995,133000,2026,4,18,중개거래
노원구,중계동,중계3벽산,85,9,1999,86000,2026,4,18,중개거래
노원구,월계동,삼호3,59.22,7,1986,107000,2026,4,18,중개거래
노원구,하계동,하계2현대,84.51,12,1997,85000,2026,4,18,중개거래
노원구,공릉동,풍림아파트B,31.32,11,2001,30000,2026,4,18,중개거래
노원구,하계동,미성,84.94,4,1989,83000,2026,4,18,중개거래
노원구,상계동,상계주공1(고층),59.28,7,1988,60500,2026,4,18,중개거래
노원구,중계동,한화꿈에그린,84.902,1,2005,77500,2026,4,18,중개거래
노원구,하계동,학여울청구,59.4,12,1999,69400,2026,4,17,중개거래
노원구,상계동,벽산,43.35,4,1989,34100,2026,4,17,중개거래
노원구,공릉동,공릉동한보에센시티아파트,59.4,9,2000,60000,2026,4,16,중개거래
노원구,상계동,상계주공2(고층),32.39,9,1987,38800,2026,4,17,중개거래
노원구,상계동,상계주공6(고층),58.01,3,1988,72500,2026,4,17,중개거래
노원구,중계동,중계그린1단지,39.78,10,1990,50500,2026,4,17,중개거래
노원구,상계동,상계주공6(고층),59.28,5,1988,74700,2026,4,17,중개거래
노원구,공릉동,태강아파트(아이파크),49.6,1,1999,49000,2026,4,17,중개거래
노원구,상계동,노원센트럴푸르지오,84.994,2,2021,96000,2026,4,17,중개거래
노원구,월계동,동신,106.7,9,1983,99500,2026,4,17,중개거래
노원구,상계동,상계주공9(고층),45.9,1,1988,38000,2026,4,17,중개거래
노원구,월계동,풍림아이원,84.303,15,2005,105000,2026,4,17,중개거래
노원구,월계동,미성,33.28,2,1986,70500,2026,4,17,중개거래
노원구,상계동,상계주공3(고층),41.3,3,1987,61000,2026,4,16,중개거래
노원구,상계동,상계주공3(고층),32.39,15,1987,46400,2026,4,11,중개거래
노원구,상계동,상계주공16(고층),59.39,11,1988,55000,2026,4,17,중개거래
노원구,상계동,보람아파트,44.33,13,1988,42400,2026,4,17,중개거래
노원구,월계동,주공2,38.64,2,1992,31300,2026,4,17,중개거래
노원구,공릉동,참다움아파트,67.5682,4,2012,47500,2026,4,18,중개거래
노원구,하계동,장미(시영6),49.75,3,1989,66000,2026,4,18,중개거래
노원구,월계동,주공2,38.64,4,1992,33900,2026,4,11,중개거래
노원구,상계동,한신3차,60.44,9,1990,53500,2026,4,17,중개거래
노원구,상계동,벽산,75.03,3,1989,55500,2026,4,3,중개거래
노원구,하계동,벽산,84.85,14,1988,89800,2026,4,2,중개거래
노원구,상계동,상계주공16(고층),79.07,3,1988,71800,2026,4,17,중개거래
노원구,상계동,상계주공9(고층),45.9,4,1988,40000,2026,4,17,중개거래
노원구,중계동,중계그린1단지,39.91,10,1990,46000,2026,4,15,중개거래
노원구,중계동,중계무지개,59.26,6,1991,68500,2026,4,17,중개거래
노원구,하계동,장미(시영6),39.78,3,1989,53300,2026,4,17,중개거래
노원구,중계동,주공2,44.52,9,1992,32900,2026,4,17,중개거래
노원구,상계동,상계주공14(고층),49.94,15,1989,54800,2026,4,13,중개거래
노원구,월계동,초안2,39.6,7,1997,29500,2026,4,11,중개거래
노원구,공릉동,시영3차(라이프)아파트,39.6,5,1994,38000,2026,4,4,중개거래
노원구,상계동,상계주공7(고층),45.9,15,1988,59500,2026,4,17,중개거래
노원구,월계동,현대,84.98,21,2000,99000,2026,4,17,중개거래
노원구,하계동,장미(시영6),49.75,15,1989,66400,2026,4,17,중개거래
노원구,공릉동,풍림아파트A,84.99,10,2001,91400,2026,4,10,중개거래
노원구,상계동,상계주공6(고층),49.94,1,1988,63500,2026,4,12,중개거래
노원구,상계동,상계주공12(고층),41.3,12,1988,42000,2026,4,17,중개거래
노원구,상계동,상계주공1(고층),58.01,3,1988,62000,2026,4,11,중개거래
노원구,하계동,장미(시영6),39.78,4,1989,52200,2026,4,17,중개거래
노원구,공릉동,화랑타운아파트,84.65,9,2000,84000,2026,4,17,중개거래
노원구,월계동,사슴3,39.6,3,1995,39500,2026,4,16,중개거래
노원구,월계동,월계흥화브라운빌,84.91,8,2004,62000,2026,4,16,중개거래
노원구,상계동,은빛1단지,59.95,13,1998,54000,2026,4,16,중개거래
노원구,상계동,상계대림e편한세상,55.77,12,2002,48000,2026,4,16,중개거래
노원구,공릉동,삼익포레스트아파트,51.03,5,1995,48400,2026,4,16,중개거래
노원구,상계동,한신2차,45.92,9,1988,32200,2026,4,16,중개거래
노원구,중계동,중계3벽산,85,11,1999,89500,2026,4,16,중개거래
노원구,상계동,상계주공6(고층),58.01,4,1988,74000,2026,4,16,중개거래
노원구,상계동,포레나노원,84.9014,3,2020,122000,2026,4,16,중개거래
노원구,중계동,주공6,44.1,9,1993,43700,2026,4,16,중개거래
노원구,공릉동,삼익포레스트아파트,84.6,6,1995,69000,2026,4,16,중개거래
노원구,상계동,상계주공6(고층),32.39,14,1988,44500,2026,4,16,중개거래
노원구,하계동,벽산,57.71,13,1988,64500,2026,4,16,중개거래
노원구,공릉동,공릉해링턴플레이스,134.914,8,2000,110000,2026,4,16,중개거래
노원구,상계동,상계주공12(고층),49.94,4,1988,58000,2026,4,16,중개거래
노원구,하계동,청구,84.97,7,1988,89500,2026,4,16,중개거래
노원구,월계동,동신,70.81,9,1983,87000,2026,4,16,중개거래
노원구,공릉동,풍림아파트A,84.99,16,2001,72000,2026,4,11,중개거래
노원구,상계동,수락리버시티3단지,84.88,13,2009,68500,2026,4,16,중개거래
노원구,하계동,한신1,27,15,1988,27300,2026,4,16,중개거래
노원구,월계동,대우,134.64,7,1998,50000,2026,4,9,직거래
노원구,중계동,대호,59.98,4,2000,47500,2026,4,7,중개거래
노원구,중계동,롯데(505),72.49,15,1989,79900,2026,4,16,중개거래
노원구,중계동,양지마을(대림)1,84.9,12,1998,102000,2026,4,16,중개거래
노원구,공릉동,시영3차(라이프)아파트,34.44,8,1994,31900,2026,4,16,중개거래
노원구,상계동,청암1단지,84.8,6,2001,70000,2026,4,1,중개거래
노원구,월계동,서광,84.61,10,1994,78000,2026,4,3,중개거래
노원구,중계동,주공8,49.72,10,1993,59000,2026,4,15,중개거래
노원구,상계동,상계주공6(고층),58.01,6,1988,73500,2026,4,7,중개거래
노원구,월계동,우남그랜드,84.73,20,2001,70500,2026,4,16,중개거래
노원구,상계동,한신2차,84.92,1,1988,46400,2026,4,13,중개거래
노원구,월계동,월계센트럴아이파크,59.99,20,2020,105000,2026,4,7,중개거래
노원구,하계동,현대,84.95,11,1988,116000,2026,4,16,중개거래
노원구,하계동,한신동성,112.24,3,1993,87000,2026,4,15,중개거래
노원구,상계동,상계주공11(고층),41.3,5,1988,47500,2026,4,16,중개거래
노원구,공릉동,풍림아파트B,31.32,7,2001,31000,2026,4,15,중개거래
노원구,하계동,장미(시영6),49.75,9,1989,63500,2026,4,15,중개거래
노원구,공릉동,삼익포레스트아파트,84.6,15,1995,67500,2026,4,15,중개거래
노원구,월계동,건양노블레스빌,84.659,13,2003,74000,2026,4,15,중개거래
노원구,공릉동,시영3차(라이프)아파트,39.6,10,1994,35500,2026,4,15,중개거래
노원구,상계동,상계주공10(고층),66.56,8,1988,76300,2026,4,15,중개거래
노원구,월계동,주공2,44.52,15,1992,35300,2026,4,15,중개거래
노원구,상계동,대동황토방,60,8,2001,63000,2026,4,15,중개거래
노원구,월계동,동신,70.81,6,1983,85000,2026,4,15,중개거래
노원구,월계동,미륭,51.48,7,1986,91000,2026,4,15,중개거래
노원구,중계동,현대1(4차),84.99,5,1993,64000,2026,4,15,중개거래
노원구,상계동,청암2단지,49.77,6,2001,38800,2026,4,15,중개거래
노원구,공릉동,화랑타운아파트,84.65,8,2000,89000,2026,4,15,중개거래
노원구,월계동,삼호4,50.18,12,1987,73700,2026,4,15,중개거래
노원구,중계동,주공5,44.52,10,1992,49600,2026,4,2,중개거래
노원구,상계동,노원롯데캐슬시그니처,52.936,19,2023,83500,2026,4,15,중개거래
노원구,상계동,상계주공2(고층),60.5,5,1987,67500,2026,4,15,중개거래
노원구,상계동,상계주공6(고층),58.01,12,1988,73500,2026,4,15,중개거래
노원구,중계동,중계그린1단지,39.78,2,1990,47000,2026,4,15,중개거래
노원구,상계동,상계주공13(고층),45.9,1,1989,33000,2026,4,14,중개거래
노원구,상계동,한일유앤아이,59.877,14,2005,72900,2026,4,15,중개거래
노원구,공릉동,두산힐스빌아파트,84.9,6,2000,54500,2026,4,15,직거래
노원구,하계동,우방,59.74,15,1999,49000,2026,4,15,중개거래
노원구,상계동,동아불암,59.4,13,1999,49500,2026,4,11,중개거래
노원구,상계동,상계주공2(고층),41.3,13,1987,54500,2026,4,15,중개거래
노원구,상계동,포레나노원,84.9084,20,2020,120000,2026,4,15,중개거래
노원구,공릉동,태릉해링턴플레이스,59.98,10,2022,66000,2026,4,14,중개거래
노원구,중계동,염광,84.5,8,1996,79800,2026,4,15,중개거래
노원구,상계동,상계주공12(고층),41.3,4,1988,44000,2026,4,15,중개거래
노원구,상계동,상계주공13(고층),45.9,8,1989,35000,2026,4,15,중개거래
노원구,상계동,대림,93.75,2,1988,99700,2026,4,4,중개거래
노원구,상계동,두산,84.09,6,1994,74500,2026,4,15,중개거래
노원구,공릉동,대아2차아파트,59.88,2,2000,55000,2026,4,15,중개거래
노원구,월계동,초안산쌍용스윗닷홈,84.69,14,2006,68000,2026,4,14,중개거래
노원구,공릉동,삼익4단지아파트,39.6,6,1994,40500,2026,4,11,중개거래
노원구,월계동,성북역신도브래뉴,84.8437,14,2005,61000,2026,4,13,중개거래
노원구,공릉동,비선아파트,59.74,11,1999,62500,2026,4,14,중개거래
노원구,월계동,주공2,44.52,1,1992,32300,2026,4,14,중개거래
노원구,중계동,신안,59.97,4,1999,69000,2026,4,14,중개거래
노원구,중계동,중계무지개,49.54,13,1991,65000,2026,4,14,중개거래
노원구,상계동,상계신동아,84.99,3,1995,57500,2026,4,14,중개거래
노원구,상계동,상계주공13(고층),49.94,6,1989,44500,2026,4,14,중개거래
노원구,상계동,보람아파트,79.25,15,1988,71500,2026,4,14,중개거래
노원구,하계동,건영,53.14,13,1988,66000,2026,4,14,중개거래
노원구,상계동,상계주공7(고층),45.9,11,1988,60000,2026,4,14,중개거래
노원구,중계동,주공8,49.72,11,1993,57500,2026,4,14,중개거래
노원구,중계동,경남,74.2,8,1989,79000,2026,4,14,중개거래
노원구,상계동,상계신동아,84.99,13,1995,59000,2026,4,14,중개거래
노원구,상계동,상계주공10(고층),49.94,4,1988,62500,2026,4,14,중개거래
노원구,공릉동,태강아파트(아이파크),49.6,6,1999,62000,2026,4,14,중개거래
노원구,공릉동,비선아파트,48.6,14,1999,48000,2026,4,14,중개거래
노원구,상계동,상계주공13(고층),58.01,3,1989,40000,2026,4,14,중개거래
노원구,월계동,삼호3,59.22,7,1986,105000,2026,4,14,중개거래
노원구,상계동,상계주공12(고층),66.56,11,1988,74700,2026,4,13,중개거래
노원구,하계동,벽산,70.56,9,1988,79900,2026,4,14,중개거래
노원구,상계동,상계주공14(고층),41.3,6,1989,39500,2026,4,14,중개거래
노원구,상계동,상계주공16(고층),59.39,9,1988,49500,2026,4,14,중개거래
노원구,하계동,한신1,44.52,15,1988,59000,2026,4,14,중개거래
노원구,중계동,신동아(366),115.35,11,1993,93000,2026,4,14,직거래
노원구,상계동,상계주공12(고층),41.3,10,1988,45800,2026,4,14,중개거래
노원구,공릉동,시영3차(라이프)아파트,34.44,4,1994,32000,2026,4,14,중개거래
노원구,상계동,상계주공1(고층),58.01,6,1988,63500,2026,4,2,중개거래
노원구,상계동,동아불암,84.9,22,1999,65500,2026,4,4,중개거래
노원구,하계동,한신1,27,2,1988,28900,2026,4,14,중개거래
노원구,상계동,상계주공14(고층),49.94,13,1989,57000,2026,4,14,중개거래
노원구,상계동,상계주공6(고층),41.3,1,1988,50900,2026,4,14,중개거래
노원구,상계동,상계주공6(고층),41.3,7,1988,60500,2026,4,14,중개거래
노원구,공릉동,삼익포레스트아파트,84.6,14,1995,70000,2026,4,14,중개거래
노원구,월계동,동신,70.81,6,1983,85000,2026,4,14,중개거래
노원구,중계동,주공5,44.94,5,1992,50000,2026,4,14,중개거래
노원구,상계동,노원롯데캐슬시그니처,84.999,25,2023,124900,2026,4,6,중개거래
노원구,월계동,동신,71.77,2,1983,85500,2026,4,13,중개거래
노원구,하계동,장미(시영6),49.75,6,1989,66100,2026,4,13,중개거래
노원구,상계동,상계주공4(고층),58.01,11,1988,68000,2026,4,13,중개거래
노원구,중계동,주공4,59.39,7,1991,68500,2026,4,13,중개거래
노원구,상계동,상계주공6(고층),41.3,6,1988,60000,2026,4,13,중개거래
노원구,하계동,장미(시영6),39.92,7,1989,55500,2026,4,13,중개거래
노원구,월계동,청백4,59.4,2,1998,41500,2026,4,13,중개거래
노원구,상계동,상계주공3(저층),71.89,4,1987,76500,2026,4,13,중개거래
노원구,월계동,청백4,59.4,12,1998,42800,2026,4,13,중개거래
노원구,하계동,한신1,27,10,1988,30500,2026,4,13,중개거래
노원구,하계동,하계2현대,75.35,13,1997,82500,2026,4,13,중개거래
노원구,중계동,현대(6차),59.84,15,2018,52500,2026,4,4,중개거래
노원구,상계동,양우,79.4198,7,2002,66700,2026,4,9,중개거래
노원구,상계동,은빛2단지,59.95,11,1998,54500,2026,4,13,중개거래
노원구,하계동,벽산,57.71,9,1988,53000,2026,4,13,중개거래
노원구,공릉동,테라파크뷰,52.17,8,2022,60000,2026,4,7,직거래
노원구,상계동,상계주공6(고층),41.3,6,1988,58500,2026,4,13,중개거래
노원구,상계동,상계주공14(고층),41.3,10,1989,43000,2026,4,13,중개거래
노원구,상계동,은빛1단지,59.92,15,1998,48000,2026,4,13,중개거래
노원구,공릉동,대동아파트,59.83,10,1999,52000,2026,4,13,중개거래
노원구,상계동,상계주공2(고층),32.39,9,1987,35900,2026,4,13,중개거래
노원구,공릉동,풍림아파트A,59.94,5,2001,78900,2026,4,13,중개거래
노원구,중계동,중앙하이츠,84.21,8,1998,69000,2026,4,13,중개거래
노원구,하계동,극동,55.72,4,1988,62300,2026,4,13,중개거래
노원구,공릉동,미라쉘,16.69,15,2018,14500,2026,4,11,중개거래
노원구,공릉동,한일휴니스빌,13.62,9,2013,13200,2026,4,11,중개거래
노원구,중계동,경남아너스빌,79.098,19,2002,66100,2026,4,9,중개거래
노원구,중계동,주공6,44.1,14,1993,46500,2026,4,11,중개거래
노원구,상계동,보람아파트,54.59,1,1988,54800,2026,4,13,중개거래
노원구,공릉동,태릉해링턴플레이스,84.98,22,2022,124500,2026,4,13,중개거래
노원구,상계동,상계주공9(고층),45.9,13,1988,41800,2026,4,6,중개거래
노원구,공릉동,대동아파트,59.83,13,1999,55000,2026,4,11,중개거래
노원구,상계동,상계대림,59.67,13,1989,48500,2026,4,12,중개거래
노원구,하계동,하계2현대,75.35,12,1997,73000,2026,4,10,중개거래
노원구,월계동,한진한화그랑빌,84.97,8,2002,115000,2026,4,13,중개거래
노원구,공릉동,시영2단지(라이프)아파트,39.6,4,1994,37000,2026,4,6,중개거래
노원구,월계동,성원(사슴4),39.6,14,1995,39700,2026,4,12,중개거래
노원구,상계동,상계1차중앙하이츠,59.82,8,1997,64500,2026,4,12,중개거래
노원구,상계동,상계주공9(고층),41.3,3,1988,43000,2026,4,12,중개거래
노원구,상계동,노원센트럴푸르지오,59.996,7,2021,90000,2026,4,12,중개거래
노원구,월계동,미성,33.28,2,1986,70750,2026,4,11,중개거래
노원구,공릉동,태릉우성아파트,84.97,8,1985,89300,2026,4,11,중개거래
노원구,상계동,노원센트럴푸르지오,59.996,11,2021,93000,2026,4,11,중개거래
노원구,공릉동,현대(고려)아파트,59.28,12,1999,51000,2026,4,11,중개거래
노원구,공릉동,우방아파트,84.881,9,2000,76000,2026,4,11,중개거래
노원구,월계동,한진한화그랑빌,84.97,27,2002,108500,2026,4,11,중개거래
노원구,중계동,현대(3차),66.47,2,1992,57000,2026,4,11,중개거래
노원구,상계동,상계주공16(고층),79.07,4,1988,72800,2026,4,10,중개거래
노원구,하계동,삼익선경,107.95,8,1993,83000,2026,4,11,중개거래
노원구,중계동,중앙하이츠,84.21,6,1998,70300,2026,4,11,중개거래
노원구,상계동,은빛2단지,49.77,6,1998,44900,2026,4,11,중개거래
노원구,중계동,현대1(4차),84.99,4,1993,61000,2026,4,11,중개거래
노원구,중계동,상아,51.29,4,1989,59000,2026,4,11,중개거래
노원구,중계동,현대그린,84.99,5,1998,62000,2026,4,11,중개거래
노원구,중계동,주공2,44.52,13,1992,35700,2026,4,11,중개거래
노원구,공릉동,비선아파트,48.6,12,1999,52000,2026,4,11,중개거래
노원구,상계동,상계주공2(고층),37.46,7,1987,45000,2026,4,11,중개거래
노원구,하계동,청구,70.69,3,1988,75000,2026,4,11,중개거래
노원구,중계동,중계무지개,59.26,13,1991,68500,2026,4,11,중개거래
노원구,하계동,청솔(시영7),49.5,12,1989,56500,2026,4,11,중개거래
노원구,공릉동,공릉우성아파트,84.97,7,1995,71000,2026,4,11,중개거래
노원구,상계동,상계주공10(고층),45.77,13,1988,45000,2026,4,10,중개거래
노원구,공릉동,풍림아파트A,84.99,17,2001,89900,2026,4,11,중개거래
노원구,상계동,상계주공16(고층),58.01,14,1988,53500,2026,4,11,중개거래
노원구,월계동,미성,50.14,9,1986,93000,2026,4,11,중개거래
노원구,중계동,염광,59.34,11,1996,59500,2026,4,11,중개거래
노원구,상계동,상계주공16(고층),58.01,7,1988,58000,2026,4,11,중개거래
노원구,월계동,미성,50.14,14,1986,90000,2026,4,11,중개거래
노원구,공릉동,청솔아파트8,84.83,9,2000,81500,2026,4,11,중개거래
노원구,월계동,삼호3,59.22,2,1986,103250,2026,4,11,중개거래
노원구,상계동,상계주공16(고층),59.39,12,1988,53500,2026,4,11,중개거래
노원구,하계동,장미(시영6),49.75,5,1989,65050,2026,4,11,중개거래
노원구,상계동,상계주공9(고층),66.56,2,1988,60000,2026,4,11,중개거래
노원구,공릉동,화랑타운아파트,84.65,9,2000,85000,2026,4,11,중개거래
노원구,월계동,삼호3,59.22,8,1986,105300,2026,4,11,중개거래
노원구,상계동,노원롯데캐슬시그니처,59.996,7,2023,92700,2026,4,11,중개거래
노원구,상계동,상계주공2(저층),46.04,3,1987,50000,2026,4,11,중개거래
노원구,중계동,주공2,44.52,3,1992,34700,2026,4,11,중개거래
노원구,월계동,주공2,44.94,13,1992,32750,2026,4,10,중개거래
노원구,상계동,상계주공6(고층),49.94,3,1988,66200,2026,4,11,중개거래
노원구,중계동,현대(3차),66.47,5,1992,59500,2026,4,11,중개거래
노원구,공릉동,시영2단지(라이프)아파트,49.5,13,1994,52500,2026,4,11,중개거래
노원구,월계동,삼호4,50.18,8,1987,74000,2026,4,11,중개거래
노원구,상계동,상계주공12(고층),49.94,11,1988,60000,2026,4,11,중개거래
노원구,월계동,미성,50.14,6,1986,90000,2026,4,11,중개거래
노원구,공릉동,청구빌아파트,74.26,6,2004,42700,2026,4,11,중개거래
노원구,상계동,코오롱,59.94,1,1997,51900,2026,4,10,중개거래
노원구,공릉동,풍림아파트A,59.94,15,2001,79500,2026,4,11,중개거래
노원구,하계동,학여울청구,84.77,14,1999,93000,2026,4,10,중개거래
노원구,상계동,상계주공13(고층),45.55,6,1989,39000,2026,4,10,중개거래
노원구,상계동,상계주공12(고층),49.94,5,1988,59500,2026,4,10,중개거래
노원구,중계동,주공4,45.77,11,1991,47700,2026,4,10,중개거래
노원구,상계동,상계주공6(고층),58.01,3,1988,72000,2026,4,10,중개거래
노원구,중계동,한화꿈에그린TheFIRST,121.284,14,2014,129000,2026,4,10,중개거래
노원구,상계동,임광,106.25,10,1989,104000,2026,4,10,중개거래
노원구,중계동,주공5,58.46,12,1992,80000,2026,4,10,중개거래
노원구,중계동,양지마을(대림)2,59.4,11,1999,70000,2026,4,8,중개거래
노원구,중계동,중계그린1단지,39.91,9,1990,49000,2026,4,10,중개거래
노원구,하계동,한신1,27,6,1988,30000,2026,4,9,중개거래
노원구,공릉동,동신아파트,59.99,10,1999,60900,2026,4,9,중개거래
노원구,상계동,상계주공13(고층),58.01,5,1989,50000,2026,4,10,중개거래
노원구,상계동,미도,87.57,12,1988,80500,2026,4,10,중개거래
노원구,중계동,롯데(505),72.49,9,1989,81000,2026,4,10,중개거래
노원구,상계동,상계주공4(고층),32.39,7,1988,35900,2026,4,10,중개거래
노원구,상계동,노원센트럴푸르지오,59.996,7,2021,91750,2026,4,10,중개거래
노원구,상계동,상계주공2(저층),59.18,4,1987,52800,2026,4,10,중개거래
노원구,월계동,미륭,51.48,13,1986,95700,2026,4,10,중개거래
노원구,상계동,상계주공3(고층),58.01,2,1987,78500,2026,4,10,중개거래
노원구,중계동,중계그린1단지,44.1,6,1990,60000,2026,4,10,중개거래
노원구,중계동,주공10,58.14,4,1995,71000,2026,4,10,중개거래
노원구,상계동,상계주공1(고층),58.01,13,1988,59000,2026,4,10,중개거래
노원구,월계동,동신,71.77,9,1983,86000,2026,4,7,중개거래
노원구,월계동,미성,50.14,6,1986,92000,2026,4,10,중개거래
노원구,월계동,초안1,39.6,11,1998,27800,2026,4,10,중개거래
노원구,상계동,상계현대3차,84.96,11,1999,63000,2026,4,9,중개거래
노원구,중계동,주공2,44.52,12,1992,35500,2026,4,10,중개거래
노원구,하계동,건영,53.14,15,1988,59500,2026,4,10,중개거래
노원구,월계동,미성,50.14,3,1986,91000,2026,4,10,중개거래
노원구,하계동,장미(시영6),39.78,2,1989,50000,2026,4,10,중개거래
노원구,상계동,노원롯데캐슬시그니처,84.999,15,2023,113900,2026,4,10,중개거래
노원구,중계동,중계3벽산,85,11,1999,86000,2026,4,6,중개거래
노원구,중계동,신동아(366),115.35,9,1993,135000,2026,4,10,중개거래
노원구,상계동,상계주공14(고층),45.9,13,1989,40000,2026,4,10,중개거래
노원구,중계동,양지마을(대림)2,114.81,12,1999,110000,2026,4,10,중개거래
노원구,상계동,상계주공2(고층),32.39,12,1987,35500,2026,4,10,중개거래
노원구,중계동,상아,51.29,9,1989,50000,2026,4,10,중개거래
노원구,상계동,노원IPARK,139.28,4,2009,77000,2026,4,9,중개거래
노원구,상계동,상계주공6(고층),59.2,13,1988,72800,2026,4,9,중개거래
노원구,중계동,중계무지개,39.96,8,1991,43800,2026,4,10,중개거래
노원구,하계동,청구,84.97,5,1988,86000,2026,4,9,중개거래
노원구,상계동,상계주공16(고층),58.01,13,1988,59500,2026,4,9,중개거래
노원구,중계동,주공7,44.1,10,1993,41500,2026,4,9,중개거래
노원구,공릉동,공릉동한보에센시티아파트,84.93,9,2000,74000,2026,4,9,중개거래
노원구,하계동,학여울청구,59.4,9,1999,67500,2026,4,9,중개거래
노원구,중계동,염광,84.6,23,1996,81500,2026,4,9,중개거래
노원구,중계동,중계무지개,49.89,2,1991,59000,2026,4,9,중개거래
노원구,상계동,동아불암,59.4,7,1999,47300,2026,4,9,중개거래
노원구,상계동,상계주공4(고층),49.94,4,1988,63000,2026,4,5,중개거래
노원구,공릉동,시영3차(라이프)아파트,39.6,7,1994,41300,2026,4,9,중개거래
노원구,상계동,상계주공3(저층),71.89,5,1987,75000,2026,4,9,중개거래
노원구,공릉동,태릉해링턴플레이스,59.98,21,2022,96700,2026,4,9,중개거래
노원구,공릉동,효성아파트,84.66,2,1995,79500,2026,4,9,중개거래
노원구,중계동,진로유통조합대림,59.04,8,1992,47000,2026,4,9,중개거래
노원구,상계동,상계주공16(고층),59.39,4,1988,42000,2026,4,9,중개거래
노원구,월계동,한진한화그랑빌,84.97,7,2002,113000,2026,4,9,중개거래
노원구,월계동,한진한화그랑빌,59.94,21,2002,99000,2026,4,9,중개거래
노원구,상계동,대동황토방,60,25,2001,58500,2026,4,9,중개거래
노원구,중계동,중계그린1단지,39.91,2,1990,43800,2026,4,2,중개거래
노원구,상계동,상계주공16(고층),59.39,6,1988,54300,2026,4,9,중개거래
노원구,공릉동,공릉동한보에센시티아파트,59.4,9,2000,59800,2026,4,9,중개거래
노원구,상계동,은빛1단지,49.77,1,1998,39000,2026,4,10,중개거래
노원구,공릉동,공릉동한보에센시티아파트,59.4,6,2000,60000,2026,4,9,중개거래
노원구,상계동,상계주공6(고층),58.01,10,1988,74500,2026,4,9,중개거래
노원구,상계동,상계주공16(고층),45.77,10,1988,40000,2026,4,9,중개거래
노원구,공릉동,하늘공원(101동),84.58,2,2006,51000,2026,4,7,중개거래
노원구,상계동,동양엔파트,84.88,5,2003,86800,2026,4,9,중개거래
노원구,하계동,하계1청구,84.6,13,1997,98000,2026,4,9,중개거래
노원구,월계동,삼호3,59.22,12,1986,107000,2026,4,9,중개거래
노원구,공릉동,비선아파트,48.6,2,1999,40500,2026,4,9,중개거래
노원구,중계동,중계무지개,49.54,6,1991,65000,2026,4,9,중개거래
노원구,중계동,중계무지개,49.89,3,1991,60000,2026,4,9,중개거래
노원구,상계동,상계주공2(고층),59.28,6,1987,65000,2026,4,8,중개거래
노원구,상계동,상계주공12(고층),49.94,2,1988,60000,2026,4,9,중개거래
노원구,상계동,상계주공10(고층),59.39,8,1988,67500,2026,4,9,중개거래
노원구,공릉동,삼익포레스트아파트,84.6,6,1995,68000,2026,4,9,중개거래
노원구,상계동,은빛1단지,59.95,11,1998,52000,2026,4,9,중개거래
노원구,중계동,주공2,44.52,8,1992,35900,2026,4,8,중개거래
노원구,중계동,중계무지개,49.89,10,1991,60000,2026,4,8,중개거래
노원구,하계동,하계2현대,75.35,11,1997,84000,2026,4,8,중개거래
노원구,월계동,한진한화그랑빌,84.97,12,2002,105000,2026,4,8,중개거래
노원구,중계동,양지마을(대림)2,84.88,25,1999,98000,2026,4,6,중개거래
노원구,월계동,롯데캐슬루나,127.0318,10,2006,70000,2026,4,8,중개거래
노원구,상계동,성원상떼빌,59.93,19,1999,47000,2026,4,10,중개거래
노원구,공릉동,풍림아파트A,59.94,5,2001,74600,2026,4,6,중개거래
노원구,상계동,은빛1단지,59.95,9,1998,53800,2026,4,7,중개거래
노원구,상계동,노원센트럴푸르지오,59.996,20,2021,87000,2026,4,8,중개거래
노원구,상계동,상계주공2(고층),58.01,7,1987,69500,2026,4,8,중개거래
노원구,중계동,상아,84.97,5,1989,92000,2026,4,8,중개거래
노원구,하계동,극동,70.56,7,1988,77000,2026,4,8,중개거래
노원구,중계동,중계무지개,49.54,4,1991,61000,2026,4,8,중개거래
노원구,상계동,상계주공2(고층),59.2,2,1987,62500,2026,4,8,중개거래
노원구,상계동,상계주공7(고층),41.3,12,1988,58800,2026,4,8,중개거래
노원구,하계동,우방,59.74,6,1999,50000,2026,4,1,중개거래
노원구,상계동,상계주공2(저층),46.04,1,1987,48000,2026,4,8,중개거래
노원구,공릉동,시영3차(라이프)아파트,39.6,9,1994,38800,2026,4,4,중개거래
노원구,상계동,상계주공14(고층),41.3,14,1989,42500,2026,4,4,중개거래
노원구,상계동,상계주공12(고층),41.3,5,1988,45000,2026,4,7,중개거래
노원구,상계동,상계주공7(고층),49.94,10,1988,69700,2026,4,7,중개거래
노원구,상계동,상계주공1(고층),41.3,12,1988,47000,2026,4,7,중개거래
노원구,월계동,한진한화그랑빌,59.94,17,2002,95000,2026,4,7,중개거래
노원구,상계동,상계주공9(고층),49.94,7,1988,60000,2026,4,7,중개거래
노원구,상계동,한신1차,45.44,6,1987,34400,2026,4,7,중개거래
노원구,상계동,상계주공1(고층),58.01,11,1988,64000,2026,4,7,중개거래
노원구,중계동,청구3,84.77,15,1996,135000,2026,4,7,중개거래
노원구,상계동,상계신동아,59.4,1,1995,42000,2026,4,3,중개거래
노원구,중계동,중계무지개,49.89,7,1991,61000,2026,4,7,중개거래
노원구,중계동,동진,41.85,1,1988,22500,2026,4,7,중개거래
노원구,공릉동,공릉2신도브래뉴아파트,72.84,8,2002,71000,2026,4,7,중개거래
노원구,월계동,미성,50.14,12,1986,90000,2026,4,7,중개거래
노원구,상계동,상계주공4(고층),49.94,12,1988,61000,2026,4,7,중개거래
노원구,공릉동,신도1차아파트,81.2768,5,2002,76000,2026,4,7,중개거래
노원구,상계동,상계주공10(고층),45.9,7,1988,49000,2026,4,7,중개거래
노원구,상계동,상계주공12(고층),49.94,14,1988,59500,2026,4,4,중개거래
노원구,공릉동,우국리더스빌,65.6,10,2006,58000,2026,4,7,중개거래
노원구,상계동,은빛1단지,39.7,5,1998,37000,2026,4,7,중개거래
노원구,상계동,상계주공11(고층),59.39,13,1988,62000,2026,4,7,중개거래
노원구,중계동,중계무지개,49.54,7,1991,59500,2026,4,7,중개거래
노원구,월계동,현대,84.98,22,2000,98000,2026,4,4,중개거래
노원구,중계동,현대(6차),59.84,6,2018,51200,2026,4,7,중개거래
노원구,상계동,상계주공2(고층),58.01,3,1987,42000,2026,4,1,직거래
노원구,중계동,주공7,44.1,6,1993,38500,2026,4,6,중개거래
노원구,상계동,상계주공16(고층),79.07,7,1988,71000,2026,4,1,중개거래
노원구,중계동,동진신안,134.74,6,1993,152500,2026,4,6,중개거래
노원구,상계동,보람아파트,68.99,5,1988,64000,2026,4,7,중개거래
노원구,상계동,상계주공10(고층),59.39,4,1988,65000,2026,4,6,중개거래
노원구,상계동,상계주공6(고층),58.01,13,1988,78500,2026,4,6,중개거래
노원구,중계동,중계그린1단지,49.5,1,1990,52000,2026,4,7,중개거래
노원구,중계동,주공8,49.72,10,1993,55000,2026,4,2,중개거래
노원구,상계동,상계주공12(고층),61.52,3,1988,60000,2026,4,7,중개거래
노원구,월계동,건양노블레스빌,84.659,6,2003,73000,2026,4,7,중개거래
노원구,중계동,중계무지개,49.89,5,1991,60000,2026,4,7,중개거래
노원구,중계동,양지마을(대림)2,59.4,19,1999,71000,2026,4,6,중개거래
노원구,상계동,보람아파트,44.33,10,1988,44800,2026,4,6,중개거래
노원구,상계동,은빛1단지,59.95,11,1998,53000,2026,4,6,중개거래
노원구,중계동,청구3,84.77,7,1996,141000,2026,4,6,중개거래
노원구,공릉동,우방아파트,60.502,4,2000,62500,2026,4,6,중개거래
노원구,상계동,보람아파트,68.99,9,1988,60000,2026,4,6,중개거래
노원구,상계동,상계주공10(고층),45.77,11,1988,51000,2026,4,6,중개거래
노원구,상계동,포레나노원,74.9561,14,2020,117000,2026,4,6,중개거래
노원구,공릉동,대주파크빌아파트,81.12,3,2003,65000,2026,4,6,중개거래
노원구,상계동,상계대림,59.67,11,1989,49900,2026,4,6,중개거래
노원구,중계동,삼성,84.75,3,1999,82000,2026,4,6,중개거래
노원구,상계동,상계주공9(고층),45.9,12,1988,44000,2026,4,6,중개거래
노원구,공릉동,공릉동한보에센시티아파트,84.93,4,2000,69500,2026,4,6,중개거래
노원구,상계동,상계주공16(고층),59.39,12,1988,49500,2026,4,6,중개거래
노원구,상계동,상계2차중앙하이츠,59.82,11,1998,66800,2026,4,5,중개거래
노원구,상계동,은빛2단지,49.77,5,1998,45500,2026,4,6,중개거래
노원구,중계동,중계무지개,39.96,3,1991,42800,2026,4,4,중개거래
노원구,하계동,한신1,27,12,1988,28000,2026,4,1,직거래
노원구,공릉동,시영3차(라이프)아파트,34.44,7,1994,31000,2026,4,4,중개거래
노원구,하계동,미성,72.17,7,1989,78000,2026,4,6,중개거래
노원구,하계동,하계2현대,84.896,2,1997,87000,2026,4,4,중개거래
노원구,상계동,상계주공10(고층),49.94,3,1988,36000,2026,4,6,직거래
노원구,공릉동,청솔아파트9,84.99,2,2000,75800,2026,4,5,중개거래
노원구,중계동,상아,72.73,5,1989,78000,2026,4,2,중개거래
노원구,월계동,주공2,44.52,1,1992,32800,2026,4,4,중개거래
노원구,월계동,초안1,39.6,2,1998,27000,2026,4,4,중개거래
노원구,하계동,청구,70.69,2,1988,76500,2026,4,4,중개거래
노원구,중계동,중계무지개,39.82,8,1991,45300,2026,4,4,중개거래
노원구,상계동,상계주공11(고층),49.94,7,1988,59500,2026,4,4,중개거래
노원구,공릉동,시영3차(라이프)아파트,39.6,5,1994,39500,2026,4,4,중개거래
노원구,중계동,중계그린1단지,39.78,8,1990,51800,2026,4,4,중개거래
노원구,상계동,상계주공2(고층),58.01,14,1987,71000,2026,4,4,중개거래
노원구,상계동,상계주공1(고층),41.3,8,1988,48000,2026,4,4,중개거래
노원구,중계동,주공10,58.14,9,1995,70000,2026,4,4,중개거래
노원구,상계동,벽산,46.8,9,1989,39800,2026,4,3,중개거래
노원구,공릉동,공릉동한보에센시티아파트,59.4,3,2000,57800,2026,4,4,중개거래
노원구,중계동,중앙하이츠아쿠아,84.4675,5,2008,91500,2026,4,4,중개거래
노원구,공릉동,태릉우성아파트,66.87,1,1985,71000,2026,4,4,중개거래
노원구,상계동,상계주공6(고층),59.28,8,1988,77000,2026,4,4,중개거래
노원구,공릉동,풍림아파트A,59.94,4,2001,74500,2026,4,4,중개거래
노원구,상계동,상계주공9(고층),41.3,4,1988,41000,2026,4,4,중개거래
노원구,상계동,상계주공4(고층),59.2,11,1988,63500,2026,4,4,중개거래
노원구,공릉동,태강아파트(아이파크),49.6,15,1999,59500,2026,4,4,중개거래
노원구,월계동,주공2,44.94,12,1992,30000,2026,4,4,중개거래
노원구,중계동,중계무지개,49.89,11,1991,62000,2026,4,4,중개거래
노원구,상계동,상계주공3(고층),37.46,6,1987,57000,2026,4,4,중개거래
노원구,공릉동,삼익2차아파트,54.74,13,2004,54500,2026,4,4,중개거래
노원구,중계동,경남,74.2,12,1989,78700,2026,4,4,중개거래
노원구,상계동,상계1차현대아파트,82.94,1,1993,53800,2026,4,4,중개거래
노원구,공릉동,태강아파트(아이파크),49.6,6,1999,60000,2026,4,4,중개거래
노원구,상계동,상계주공11(고층),49.94,11,1988,62000,2026,4,4,중개거래
노원구,중계동,중계그린1단지,49.85,13,1990,60000,2026,4,3,중개거래
노원구,월계동,동신,91.54,10,1983,98500,2026,4,3,중개거래
노원구,하계동,청솔(시영7),49.5,13,1989,59000,2026,4,3,중개거래
노원구,상계동,상계주공13(고층),45.9,15,1989,34000,2026,4,3,중개거래
노원구,공릉동,풍림아파트A,59.94,2,2001,70500,2026,4,3,중개거래
노원구,상계동,상계주공12(고층),41.3,6,1988,43700,2026,4,3,중개거래
노원구,하계동,벽산,84.85,7,1988,89000,2026,4,3,중개거래
노원구,상계동,상계1차현대아파트,83.92,11,1993,59500,2026,4,3,중개거래
노원구,상계동,동아불암,114.24,20,1999,52500,2026,4,2,중개거래
노원구,공릉동,화랑타운아파트,84.65,1,2000,81500,2026,4,3,중개거래
노원구,상계동,상계주공14(고층),45.9,3,1989,36400,2026,4,3,중개거래
노원구,상계동,현대2차,69.26,9,1993,53300,2026,4,3,중개거래
노원구,하계동,청솔(시영7),49.85,10,1989,57500,2026,4,3,중개거래
노원구,공릉동,태강아파트(아이파크),49.6,5,1999,59500,2026,4,3,중개거래
노원구,하계동,하계2현대,84.51,8,1997,86500,2026,4,3,중개거래
노원구,중계동,금호타운(583),84.98,1,1997,74000,2026,4,3,중개거래
노원구,공릉동,비선아파트,48.6,14,1999,45800,2026,4,3,중개거래
노원구,상계동,임광,122.18,11,1989,115500,2026,4,3,중개거래
노원구,공릉동,태강아파트(아이파크),49.6,11,1999,58800,2026,4,3,중개거래
노원구,중계동,주공5,38.64,3,1992,40000,2026,4,3,중개거래
노원구,상계동,한신3차,84.59,2,1990,57000,2026,4,3,중개거래
노원구,월계동,사슴3,33.18,11,1995,33000,2026,4,3,중개거래
노원구,공릉동,두산힐스빌아파트,114.72,3,2000,97000,2026,4,1,중개거래
노원구,월계동,한일2,84.846,6,2000,68000,2026,4,3,중개거래
노원구,상계동,소담빌,14.65,4,2014,10500,2026,4,1,중개거래
노원구,중계동,염광,59.34,6,1996,59000,2026,4,2,직거래
노원구,상계동,보람아파트,68.99,1,1988,60000,2026,4,3,중개거래
노원구,중계동,주공8,49.72,13,1993,54000,2026,4,2,중개거래
노원구,하계동,학여울청구,113.51,18,1999,93000,2026,4,2,중개거래
은평구,신사동,은평신사두산위브,84.958,8,2006,54000,2026,4,20,직거래
은평구,수색동,DMC파인시티자이,84.98,17,2025,98000,2026,4,30,직거래
은평구,수색동,DMC파인시티자이,84.96,27,2025,153000,2026,4,30,중개거래
은평구,역촌동,아그네스풍림아이원,125.34,10,2009,102500,2026,4,23,중개거래
은평구,대조동,아이안빌,36.41,13,2012,40000,2026,4,27,중개거래
은평구,녹번동,래미안베라힐즈,84.95,5,2019,135000,2026,4,28,중개거래
은평구,응암동,우성,80.99,15,1988,56000,2026,4,29,중개거래
은평구,수색동,DMC아트포레자이,84.99,6,2023,130000,2026,4,20,중개거래
은평구,응암동,녹번역e편한세상캐슬,59.96,7,2021,124000,2026,4,28,중개거래
은평구,수색동,DMC롯데캐슬더퍼스트,59.96,16,2021,110500,2026,4,21,중개거래
은평구,녹번동,래미안베라힐즈,84.95,8,2019,132500,2026,4,29,중개거래
은평구,불광동,연신내역트리플라101동,42.12,14,2021,58800,2026,4,15,직거래
은평구,역촌동,만민라이프,84.64,5,2002,42750,2026,4,25,중개거래
은평구,증산동,DMC센트럴자이(2단지),59.97,1,2023,139000,2026,4,20,중개거래
은평구,불광동,라이프미성,66.7,11,1988,60000,2026,4,22,직거래
은평구,대조동,메트하임,14.03,10,2020,18200,2026,4,25,중개거래
은평구,응암동,녹번역e편한세상캐슬,59.94,3,2021,123500,2026,4,18,중개거래
은평구,불광동,북한산래미안아파트(2단지),84.9929,2,2010,93000,2026,4,23,중개거래
은평구,응암동,거장메카,48.755,10,2024,58200,2026,4,8,직거래
은평구,응암동,거장메카,48.755,10,2024,58200,2026,4,29,직거래
은평구,진관동,은평뉴타운 제각말 푸르지오(5-1단지),101.83,3,2010,85000,2026,4,22,중개거래
은평구,수색동,e편한세상 수색 에코포레,84.951,5,2003,74000,2026,4,29,중개거래
은평구,신사동,은평신사두산위브2차,84.99,8,2011,79000,2026,4,29,중개거래
은평구,진관동,폭포동4단지힐스테이트(408~422동)BL3-9,166.96,8,2010,128000,2026,4,28,중개거래
은평구,대조동,미래하임(6-19),27.61,12,2014,28500,2026,4,20,중개거래
은평구,대조동,모아아파트(102동),21.27,14,2020,26000,2026,4,27,중개거래
은평구,대조동,뉴캐슬,16.56,11,2013,12500,2026,4,29,중개거래
은평구,신사동,신사동한신휴플러스,59.76,9,2003,63900,2026,4,22,중개거래
은평구,신사동,응암역효성해링턴플레이스,75.72,2,2019,83400,2026,4,30,중개거래
은평구,수색동,DMC파인시티자이,84.97,13,2025,153000,2026,4,15,중개거래
은평구,녹번동,래미안베라힐즈,59.98,8,2019,124000,2026,4,24,중개거래
은평구,녹번동,DH팰리스타워,43.95,8,2020,50000,2026,4,17,중개거래
은평구,녹번동,북한산푸르지오,84.99,11,2015,115000,2026,4,18,중개거래
은평구,증산동,DMC센트럴자이(1단지),84.96,15,2023,175000,2026,4,30,중개거래
은평구,녹번동,유일아트리움,52.37,7,2016,46500,2026,4,16,중개거래
은평구,불광동,북한산대창센시티,84.72,14,2004,68000,2026,4,28,중개거래
은평구,진관동,상림마을7단지아이파크(730~742동)BL1-14,167.07,11,2008,115000,2026,4,30,중개거래
은평구,수색동,DMC롯데캐슬더퍼스트,84.97,12,2021,135000,2026,4,23,중개거래
은평구,진관동,상림마을8단지롯데캐슬(821~830동)BL1-12,84.79,5,2008,92500,2026,4,23,중개거래
은평구,진관동,힐데스하임,39.3,11,2017,49500,2026,4,30,중개거래
은평구,대조동,북한산포레스트,19.08,4,2021,19000,2026,4,30,중개거래
은평구,녹번동,래미안베라힐즈,84.95,6,2019,139500,2026,4,13,중개거래
은평구,응암동,녹번역e편한세상캐슬,84.97,22,2021,149000,2026,4,30,중개거래
은평구,응암동,백련산힐스테이트2차,84.59,3,2011,88100,2026,4,30,중개거래
은평구,응암동,응암동금호,59.73,10,1998,66500,2026,4,30,중개거래
은평구,녹번동,대림아파트(276),84.68,16,1993,81000,2026,4,19,직거래
은평구,수색동,DMC롯데캐슬더퍼스트,84.93,8,2021,134000,2026,4,30,중개거래
은평구,구산동,경남아너스빌,84.69,18,2004,63000,2026,4,23,중개거래
은평구,갈현동,플라잉캐슬,55.7,9,2019,52000,2026,4,30,중개거래
은평구,불광동,라이프미성,125.75,13,1988,111500,2026,4,25,중개거래
은평구,응암동,응암동금호,59.73,16,1998,68000,2026,4,29,중개거래
은평구,불광동,북한산현대힐스테이트3차아파트,59.99,14,2010,88500,2026,4,29,중개거래
은평구,진관동,은평뉴타운솔하임,45.034,7,2017,56300,2026,4,29,중개거래
은평구,증산동,DMC우방,59.91,18,2000,87000,2026,4,29,중개거래
은평구,수색동,DMCSK뷰아이파크포레,76.65,17,2025,127000,2026,4,29,중개거래
은평구,진관동,은평뉴타운기자촌11단지,59.78,7,2015,75500,2026,4,28,중개거래
은평구,진관동,박석고개1단지힐스테이트(112~115동)BL2-13,134.84,10,2008,133000,2026,4,29,중개거래
은평구,불광동,라이프미성,84.65,3,1988,96000,2026,4,25,중개거래
은평구,수색동,DMC롯데캐슬더퍼스트,49.86,6,2021,89000,2026,4,29,중개거래
은평구,진관동,은평뉴타운 제각말 푸르지오(5-1단지),101.83,2,2010,88500,2026,4,29,중개거래
은평구,응암동,녹번역e편한세상캐슬,99.76,4,2021,163000,2026,4,28,중개거래
은평구,역촌동,부호(101동),79.77,5,2004,54970,2026,4,27,중개거래
은평구,불광동,북한산힐스테이트7차,114.977,6,2011,140000,2026,4,27,중개거래
은평구,응암동,응암동금호,84.3,17,1998,74000,2026,4,29,중개거래
은평구,신사동,명진(348-7),84.51,5,2003,42000,2026,4,13,중개거래
은평구,진관동,은평뉴타운엘크루,59.98,17,2017,74700,2026,4,23,중개거래
은평구,구산동,갈현1단지e-편한세상,84.618,15,2004,68000,2026,4,25,중개거래
은평구,응암동,녹번역e편한세상캐슬,59.94,8,2021,123000,2026,4,28,중개거래
은평구,진관동,상림마을8단지롯데캐슬(810~820동)BL1-1,84.84,2,2008,88000,2026,4,28,중개거래
은평구,응암동,백련산힐스테이트1차,59.93,10,2011,83500,2026,4,28,중개거래
은평구,증산동,디오반,14.46,4,2011,9600,2026,4,23,중개거래
은평구,불광동,대호프라자아파트,114.03,17,2000,76500,2026,4,28,중개거래
은평구,진관동,구파발9단지래미안(916~928동)BL3-2,101.99,9,2010,102000,2026,4,28,중개거래
은평구,증산동,인우,84.65,6,2003,73500,2026,4,27,중개거래
은평구,대조동,호림리슈리안,56.83,14,2018,54200,2026,4,28,중개거래
은평구,수색동,DMCSK뷰아이파크포레,84.95,4,2025,127000,2026,4,27,중개거래
은평구,녹번동,대림아파트(276),84.68,10,1993,78500,2026,4,27,중개거래
은평구,녹번동,대림아파트(276),84.68,1,1993,60000,2026,4,28,중개거래
은평구,수색동,DMC파인시티자이,59.98,10,2025,130000,2026,4,17,중개거래
은평구,응암동,백련산힐스테이트1차,59.63,2,2011,78500,2026,4,28,중개거래
은평구,진관동,상림마을7단지아이파크(702~705동)BL1-4,101.98,6,2008,84000,2026,4,27,직거래
은평구,응암동,녹번역e편한세상캐슬,59.97,6,2021,135000,2026,4,28,중개거래
은평구,역촌동,역촌센트레빌,84.89,8,2011,72500,2026,4,18,중개거래
은평구,응암동,녹번역e편한세상캐슬,59.96,4,2021,126000,2026,4,23,중개거래
은평구,녹번동,힐스테이트녹번,59.938,12,2019,121500,2026,4,27,중개거래
은평구,대조동,제이타워1,12.19,6,2012,7800,2026,4,24,중개거래
은평구,응암동,디우아르떼,34.41,7,2019,41300,2026,4,18,중개거래
은평구,증산동,DMC센트럴자이(2단지),59.67,8,2023,150000,2026,4,24,중개거래
은평구,진관동,상림마을7단지아이파크(706~708동)BL1-3,101.93,6,2008,87000,2026,4,24,중개거래
은평구,응암동,응암동금호,84.93,10,1998,72800,2026,4,27,중개거래
은평구,수색동,e편한세상 수색 에코포레,114.18,1,2003,80000,2026,4,27,중개거래
은평구,녹번동,래미안베라힐즈,84.95,6,2019,134000,2026,4,25,중개거래
은평구,응암동,거장메카,32.38,4,2019,29500,2026,4,15,중개거래
은평구,응암동,백련산힐스테이트3차,59.87,1,2011,79000,2026,4,27,중개거래
은평구,진관동,박석고개1단지힐스테이트(116~131동)BL2-1,101.76,3,2009,118000,2026,4,27,중개거래
은평구,대조동,서경아파트,28.18,7,2017,29500,2026,4,20,중개거래
은평구,녹번동,녹번2현대,84.94,1,2001,51000,2026,4,22,직거래
은평구,응암동,삼흥리치,56.43,6,2016,51800,2026,4,23,중개거래
은평구,진관동,구파발9단지래미안(916~928동)BL3-2,84.84,7,2010,97000,2026,4,25,중개거래
은평구,신사동,은평신사두산위브,84.997,4,2006,72500,2026,4,26,중개거래
은평구,불광동,북한산현대힐스테이트3차아파트,59.99,6,2010,87000,2026,4,25,중개거래
은평구,진관동,우물골2단지두산위브(204~208동)BL2-5,84.51,3,2009,93500,2026,4,25,중개거래
은평구,진관동,은평뉴타운기자촌11단지,84.82,12,2015,87000,2026,4,25,중개거래
은평구,응암동,백련산힐스테이트1차,84.42,2,2011,84000,2026,4,24,중개거래
은평구,구산동,경남아너스빌,84.99,3,2004,61000,2026,4,18,중개거래
은평구,녹번동,녹번JR아파트,59.866,15,2002,69400,2026,4,25,중개거래
은평구,응암동,백련산힐스테이트2차,59.63,8,2011,81500,2026,4,25,중개거래
은평구,진관동,상림마을7단지아이파크(706~708동)BL1-3,84.79,1,2008,76700,2026,4,25,중개거래
은평구,진관동,우물골2단지두산위브(209~222동)BL2-8,84.51,4,2009,86500,2026,4,25,중개거래
은평구,수색동,DMCSKVIEW,59.9865,7,2023,135000,2026,4,25,중개거래
은평구,진관동,상림마을7단지아이파크(706~708동)BL1-3,59.81,7,2008,69500,2026,4,25,중개거래
은평구,갈현동,한솔,114.98,6,1997,63000,2026,4,24,중개거래
은평구,녹번동,래미안베라힐즈,59.98,2,2019,116000,2026,4,24,중개거래
은평구,진관동,은평뉴타운꿈에그린,59.98,10,2018,75000,2026,4,24,중개거래
은평구,응암동,백련산힐스테이트3차,84.43,3,2011,91500,2026,4,24,중개거래
은평구,불광동,북한산현대힐스테이트3차아파트,84.98,4,2010,97000,2026,4,24,중개거래
은평구,응암동,백련산힐스테이트1차,59.63,8,2011,82000,2026,4,23,중개거래
은평구,진관동,상림마을7단지아이파크(706~708동)BL1-3,84.79,7,2008,78800,2026,4,24,중개거래
은평구,녹번동,녹번JR아파트,84.923,7,2002,75000,2026,4,24,중개거래
은평구,녹번동,대림아파트(276),84.68,13,1993,76500,2026,4,24,중개거래
은평구,응암동,응암아네스트,13.6793,16,2014,10500,2026,4,21,중개거래
은평구,녹번동,힐스테이트녹번,84.9,14,2019,135000,2026,4,24,중개거래
은평구,응암동,거장메카,48.755,19,2024,58200,2026,4,2,직거래
은평구,진관동,상림마을7단지아이파크(706~708동)BL1-3,84.79,6,2008,82500,2026,4,23,중개거래
은평구,진관동,우물골2단지두산위브(209~222동)BL2-8,134.43,4,2009,97000,2026,4,24,직거래
은평구,녹번동,북한산푸르지오,59.99,13,2015,108000,2026,4,23,중개거래
은평구,수색동,DMC롯데캐슬더퍼스트,59.96,15,2021,118700,2026,4,23,중개거래
은평구,대조동,효민아크로뷰,26.52,9,2018,31000,2026,4,21,중개거래
은평구,응암동,백련산에스케이뷰아이파크,100.9852,23,2020,110000,2026,4,14,중개거래
은평구,수색동,e편한세상 수색 에코포레,114.69,10,2003,83500,2026,4,23,중개거래
은평구,응암동,녹번역e편한세상캐슬,59.96,11,2021,128000,2026,4,17,중개거래
은평구,갈현동,대경아르체,42.48,4,2024,60500,2026,4,17,직거래
은평구,갈현동,대경아르체,65.89,11,2024,83000,2026,4,12,직거래
은평구,신사동,부흥아파트(33-10),84.45,3,2005,56000,2026,4,17,중개거래
은평구,진관동,상림마을8단지롯데캐슬(821~830동)BL1-12,84.79,3,2008,89000,2026,4,22,중개거래
은평구,수색동,DMC파인시티자이,59.98,13,2025,130000,2026,4,22,중개거래
은평구,응암동,우성,64.62,14,1988,50000,2026,4,22,중개거래
은평구,대조동,만민하늘愛,73.34,3,2008,53500,2026,4,21,중개거래
은평구,수색동,DMC 진흥,78.2853,5,2003,75000,2026,4,22,중개거래
은평구,증산동,두산위브,84.5399,7,2005,58000,2026,4,17,직거래
은평구,증산동,DMC센트럴자이(4단지),55.93,9,2023,117000,2026,4,22,중개거래
은평구,응암동,백련산해모로,84.99,2,2020,101000,2026,4,22,중개거래
은평구,응암동,백련산에스케이뷰아이파크,84.9039,11,2020,114000,2026,4,22,중개거래
은평구,역촌동,무궁화,60.1,1,1972,22000,2026,4,18,중개거래
은평구,응암동,녹번역e편한세상캐슬,59.96,9,2021,128200,2026,4,14,중개거래
은평구,진관동,은평뉴타운기자촌11단지,84.82,3,2015,82500,2026,4,22,중개거래
은평구,불광동,북한산래미안아파트(2단지),59.9932,13,2010,95000,2026,4,21,중개거래
은평구,수색동,DMC롯데캐슬더퍼스트,84.87,18,2021,120000,2026,4,20,중개거래
은평구,응암동,녹번역e편한세상캐슬,44.85,10,2021,102000,2026,4,21,중개거래
은평구,신사동,현대1,84.33,2,1997,60000,2026,4,18,중개거래
은평구,불광동,북한산현대홈타운,84.9956,7,2004,95000,2026,4,4,중개거래
은평구,대조동,미래하임(9-46),39.92,13,2013,42000,2026,4,20,중개거래
은평구,응암동,녹번역e편한세상캐슬,59.96,6,2021,131000,2026,4,14,중개거래
은평구,응암동,응암아네스트,13.6793,15,2014,11000,2026,4,21,중개거래
은평구,대조동,제이타워4,12.29,11,2013,14300,2026,4,17,중개거래
은평구,수색동,DMCSK뷰아이파크포레,102.74,18,2025,136000,2026,4,20,중개거래
은평구,신사동,뉴서울(277-19),77.05,4,2003,44000,2026,4,21,중개거래
은평구,수색동,DMC롯데캐슬더퍼스트,59.96,13,2021,119000,2026,4,21,중개거래
은평구,불광동,북한산현대힐스테이트3차아파트,84.96,11,2010,66000,2026,4,20,직거래
은평구,응암동,백련산힐스테이트2차,84.59,9,2011,89000,2026,4,21,중개거래
은평구,응암동,명진,84.03,3,2004,53000,2026,4,7,중개거래
은평구,수색동,DMCSK뷰아이파크포레,84.95,5,2025,133000,2026,4,14,중개거래
은평구,응암동,백련산해모로,84.99,17,2020,107000,2026,4,20,중개거래
은평구,진관동,힐데스하임,39.3,13,2017,50500,2026,4,20,중개거래
은평구,증산동,DMC센트럴자이(3단지),84.92,14,2023,165500,2026,4,20,중개거래
은평구,진관동,은평뉴타운엘크루,59.98,11,2017,73000,2026,4,13,중개거래
은평구,진관동,은평뉴타운꿈에그린,59.92,7,2018,73600,2026,4,17,중개거래
은평구,신사동,현대1,84.17,4,1997,59500,2026,4,20,중개거래
은평구,불광동,삼익(217-9),84.71,11,1992,55000,2026,4,16,중개거래
은평구,응암동,경남,84.9,15,1995,60000,2026,4,20,중개거래
은평구,녹번동,월든힐스,67.71,4,2013,49000,2026,4,20,중개거래
은평구,녹번동,북한산푸르지오,59.99,6,2015,109000,2026,4,20,중개거래
은평구,녹번동,래미안베라힐즈,84.95,8,2019,128000,2026,4,13,중개거래
은평구,대조동,주주베에이,21.64,4,2014,13000,2026,4,11,중개거래
은평구,수색동,e편한세상 수색 에코포레,84.951,6,2003,82000,2026,4,19,중개거래
은평구,수색동,DMC아트포레자이,84.99,4,2023,129000,2026,4,17,중개거래
은평구,갈현동,한솔,39.96,8,1997,28650,2026,4,18,중개거래
은평구,갈현동,갈현삼성,79.85,3,2003,49500,2026,4,18,중개거래
은평구,수색동,DMC자이1단지,134.91,4,2009,117000,2026,4,19,중개거래
은평구,불광동,라이프미성,66.7,2,1988,83000,2026,4,15,중개거래
은평구,녹번동,대림아파트(276),84.94,10,1993,82000,2026,4,19,중개거래
은평구,신사동,응암역효성해링턴플레이스,59.94,6,2019,76000,2026,4,19,중개거래
은평구,신사동,은평신사두산위브,84.997,10,2006,77000,2026,4,19,중개거래
은평구,진관동,은평뉴타운 제각말 푸르지오(5-2단지),101.97,9,2010,193000,2026,4,2,중개거래
은평구,불광동,북한산현대힐스테이트3차아파트,84.96,14,2010,103500,2026,4,17,중개거래
은평구,불광동,북한산현대힐스테이트3차아파트,59.99,5,2010,89000,2026,4,18,중개거래
은평구,불광동,북한산현대힐스테이트3차아파트,115.41,10,2010,117000,2026,4,19,중개거래
은평구,응암동,녹번역e편한세상캐슬,59.96,9,2021,119500,2026,4,18,중개거래
은평구,수색동,DMC롯데캐슬더퍼스트,59.96,2,2021,110000,2026,4,18,중개거래
은평구,수색동,DMCSKVIEW,84.9965,19,2023,145000,2026,4,18,중개거래
은평구,갈현동,베로니스,52.1,12,2017,56750,2026,4,18,중개거래
은평구,응암동,위산일리온시티,19.42,20,2020,23000,2026,4,17,중개거래
은평구,불광동,동호스카이,54.26,7,2010,50000,2026,4,18,중개거래
은평구,수색동,DMC파인시티자이,59.97,7,2025,127000,2026,4,18,중개거래
은평구,진관동,상림마을8단지롯데캐슬(821~830동)BL1-12,84.79,2,2008,90000,2026,4,18,중개거래
은평구,응암동,백련산힐스테이트2차,84.37,3,2011,87800,2026,4,18,중개거래
은평구,불광동,북한산한양수자인아파트,59.69,3,2006,60000,2026,4,18,중개거래
은평구,불광동,북한산힐스테이트1차아파트,59.817,3,2009,81000,2026,4,18,중개거래
은평구,불광동,불광롯데캐슬,59.99,16,2018,105000,2026,4,18,중개거래
은평구,신사동,라이프씨티,59.32,3,1992,40000,2026,4,17,중개거래
은평구,불광동,북한산현대힐스테이트3차아파트,84.98,1,2010,91000,2026,4,17,중개거래
은평구,녹번동,대림아파트(276),84.94,8,1993,51000,2026,4,27,중개거래
은평구,불광동,북한산현대힐스테이트3차아파트,59.99,1,2010,84000,2026,4,17,중개거래
은평구,녹번동,DH팰리스타워,43.95,8,2020,50000,2026,4,17,중개거래
은평구,진관동,박석고개1단지힐스테이트(116~131동)BL2-1,59.85,7,2009,92500,2026,4,15,중개거래
은평구,증산동,DMC센트럴자이(2단지),59.97,10,2023,150000,2026,4,10,중개거래
은평구,수색동,DMCSK뷰아이파크포레,84.95,10,2025,113000,2026,4,17,중개거래
은평구,응암동,e편한세상백련산,84.31,7,2022,94000,2026,4,17,중개거래
은평구,구산동,동익파크1동(355-95),84.98,8,1991,47500,2026,4,13,중개거래
은평구,불광동,라이프미성,66.7,5,1988,84000,2026,4,10,중개거래
은평구,수색동,DMCSKVIEW,84.9965,11,2023,143500,2026,4,11,중개거래
은평구,녹번동,힐스테이트녹번,84.9,7,2019,130000,2026,4,16,중개거래
은평구,수색동,DMCSK뷰아이파크포레,39.97,13,2025,70000,2026,4,16,중개거래
은평구,응암동,백련산힐스테이트3차,84.59,9,2011,86300,2026,4,16,중개거래
은평구,불광동,북한산한양수자인아파트,59.69,8,2006,60000,2026,4,16,중개거래
은평구,응암동,뉴월드(402-42),79.88,2,2005,44500,2026,4,8,중개거래
은평구,응암동,백련산힐스테이트2차,84.23,15,2011,76000,2026,4,16,중개거래
은평구,응암동,힐스테이트녹번역,84.99,12,2022,139000,2026,4,15,중개거래
은평구,신사동,미성,83.27,15,1987,75000,2026,4,15,중개거래
은평구,갈현동,갈현동현대,84.87,10,1997,71500,2026,4,15,중개거래
은평구,불광동,서강아파트,202.2,4,1991,60000,2026,4,15,중개거래
은평구,대조동,뉴캐슬,16.22,11,2013,12800,2026,4,8,중개거래
은평구,대조동,제이타워4,12.29,8,2013,12500,2026,4,10,중개거래
은평구,응암동,백련산힐스테이트4차,59.98,10,2018,93000,2026,4,15,중개거래
은평구,진관동,은평뉴타운기자촌11단지,84.82,9,2015,81000,2026,4,8,중개거래
은평구,진관동,은평뉴타운솔하임,45.034,20,2017,58000,2026,4,11,중개거래
은평구,진관동,우물골2단지두산위브(204~208동)BL2-5,59.36,5,2009,80000,2026,4,15,중개거래
은평구,대조동,뉴캐슬,14.43,11,2014,11500,2026,4,15,중개거래
은평구,수색동,청구,59.83,16,2000,87000,2026,4,10,중개거래
은평구,대조동,뉴캐슬,15.16,12,2013,12000,2026,4,11,중개거래
은평구,증산동,DMC센트럴자이(4단지),55.93,21,2023,110000,2026,4,14,중개거래
은평구,응암동,대주피오레,128.92,12,2003,80000,2026,4,15,중개거래
은평구,갈현동,갈현동현대,111.38,6,1997,79000,2026,4,15,중개거래
은평구,진관동,구파발9단지래미안(916~928동)BL3-2,101.99,4,2010,102000,2026,4,14,중개거래
은평구,불광동,북한산래미안아파트(1단지),59.9932,6,2010,84300,2026,4,14,중개거래
은평구,응암동,백련산힐스테이트2차,84.59,4,2011,86500,2026,4,14,중개거래
은평구,응암동,백련산힐스테이트1차,84.49,4,2011,84500,2026,4,7,중개거래
은평구,진관동,상림마을6단지푸르지오(606~614동)BL1-7,84.79,7,2008,77000,2026,4,14,중개거래
은평구,수색동,DMCSK뷰아이파크포레,59.96,15,2025,109500,2026,4,14,중개거래
은평구,증산동,자선메르시안(162-18),62.7,7,2004,84000,2026,4,4,중개거래
은평구,신사동,미성,63.53,2,1987,60000,2026,4,11,중개거래
은평구,불광동,라이프미성,66.7,2,1988,78000,2026,4,14,중개거래
은평구,신사동,현대2,84.83,12,1994,59500,2026,4,13,중개거래
은평구,불광동,북한산힐스테이트1차아파트,84.369,5,2009,94500,2026,4,7,중개거래
은평구,응암동,백련산힐스테이트2차,59.63,4,2011,80500,2026,4,13,중개거래
은평구,응암동,백련산힐스테이트2차,84.59,9,2011,89800,2026,4,13,중개거래
은평구,응암동,백련산에스케이뷰아이파크,59.9335,8,2020,102000,2026,4,6,중개거래
은평구,진관동,은평뉴타운엘크루,59.98,5,2017,58000,2026,4,13,직거래
은평구,갈현동,대경아르체,42.48,3,2024,62000,2026,4,8,직거래
은평구,갈현동,대경아르체,42.48,3,2024,61500,2026,4,11,직거래
은평구,녹번동,거장메카,39.51,11,2019,41300,2026,4,11,중개거래
은평구,응암동,녹번역e편한세상캐슬,59.96,6,2021,77000,2026,4,1,직거래
은평구,신사동,미성,63.53,2,1987,60000,2026,4,11,중개거래
은평구,응암동,대주피오레,84.92,11,2003,69000,2026,4,13,중개거래
은평구,구산동,경남아너스빌,84.99,13,2004,64400,2026,4,13,중개거래
은평구,진관동,상림마을7단지아이파크(706~708동)BL1-3,84.83,4,2008,79750,2026,4,12,중개거래
은평구,신사동,신사씨티,82.71,4,1993,53500,2026,4,12,중개거래
은평구,갈현동,라이프시티,79.11,9,1991,46000,2026,4,12,중개거래
은평구,신사동,현대2,84.83,5,1994,64800,2026,4,12,중개거래
은평구,응암동,녹번역e편한세상캐슬,59.96,9,2021,128000,2026,4,12,중개거래
은평구,신사동,미성,83.27,4,1987,80000,2026,4,12,중개거래
은평구,녹번동,래미안베라힐즈,84.95,6,2019,141000,2026,4,11,중개거래
은평구,신사동,개성하이뷰,80.5,6,2009,48000,2026,4,9,중개거래
은평구,응암동,예청B,77.91,3,2003,48000,2026,4,10,중개거래
은평구,불광동,북한산힐스테이트7차,59.981,16,2011,104000,2026,4,10,중개거래
은평구,불광동,불광롯데캐슬,84.98,13,2018,110000,2026,4,11,중개거래
은평구,수색동,e편한세상 수색 에코포레,84.951,14,2003,81000,2026,4,1,중개거래
은평구,응암동,백련산힐스테이트2차,84.37,9,2011,88000,2026,4,11,중개거래
은평구,녹번동,대림아파트(276),84.94,8,1993,72500,2026,4,11,중개거래
은평구,응암동,e편한세상백련산,59.87,12,2022,88000,2026,4,11,중개거래
은평구,증산동,DMC우방,59.91,18,2000,95000,2026,4,11,중개거래
은평구,진관동,은평뉴타운꿈에그린,59.99,13,2018,74700,2026,4,11,중개거래
은평구,응암동,백련산힐스테이트2차,59.63,5,2011,83000,2026,4,11,중개거래
은평구,구산동,경향파크,84.06,13,1989,44500,2026,4,11,중개거래
은평구,갈현동,동광갈현베르빌,134.715,5,2004,89000,2026,4,11,중개거래
은평구,응암동,백련산에스케이뷰아이파크,84.9039,4,2020,115000,2026,4,11,중개거래
은평구,신사동,이랜드타운아파트,59.982,21,2004,55000,2026,4,11,중개거래
은평구,구산동,브라운스톤구산,84.89,1,2006,69000,2026,4,10,중개거래
은평구,녹번동,녹번현대아파트,79.52,5,1989,66300,2026,4,10,중개거래
은평구,증산동,DMC자이2단지,113.66,12,2009,110000,2026,4,10,중개거래
은평구,응암동,백련산힐스테이트1차,59.63,6,2011,80500,2026,4,10,중개거래
은평구,수색동,청구,59.83,16,2000,87000,2026,4,10,중개거래
은평구,구산동,경남아너스빌,122.77,7,2004,70000,2026,4,9,중개거래
은평구,응암동,백련산힐스테이트1차,84.59,15,2011,92000,2026,4,9,중개거래
은평구,신사동,응암역효성해링턴플레이스,59.94,9,2019,76000,2026,4,4,중개거래
은평구,응암동,백련산힐스테이트2차,59.63,14,2011,83000,2026,4,9,중개거래
은평구,역촌동,무궁화,60.1,4,1972,18000,2026,4,2,중개거래
은평구,응암동,응암푸르지오,84.2,1,2008,69000,2026,4,8,중개거래
은평구,응암동,응암동금호,59.82,18,1998,64500,2026,4,8,중개거래
은평구,응암동,e편한세상백련산,84.31,11,2022,95000,2026,4,6,중개거래
은평구,진관동,상림마을8단지롯데캐슬(821~830동)BL1-12,84.79,3,2008,90000,2026,4,8,중개거래
은평구,진관동,은평뉴타운기자촌11단지,84.78,1,2015,73500,2026,4,8,중개거래
은평구,불광동,라이프미성,84.65,8,1988,100000,2026,4,4,중개거래
은평구,증산동,DMC센트럴자이(1단지),84.96,17,2023,172000,2026,4,8,중개거래
은평구,구산동,동익파크1동(355-95),84.98,6,1991,45000,2026,4,6,중개거래
은평구,구산동,동익파크2동(355-98),84.95,3,1991,44000,2026,4,4,중개거래
은평구,수색동,e편한세상 수색 에코포레,84.951,1,2003,75000,2026,4,4,중개거래
은평구,응암동,백련산힐스테이트1차,84.49,4,2011,84500,2026,4,7,중개거래
은평구,응암동,서강스카이빌,149.99,14,2001,84500,2026,4,1,중개거래
은평구,신사동,은평신사두산위브2차,84.99,12,2011,82000,2026,4,7,중개거래
은평구,수색동,DMCSK뷰아이파크포레,76.65,3,2025,122000,2026,4,6,중개거래
은평구,증산동,DMC센트럴자이(2단지),59.67,12,2023,150000,2026,4,7,중개거래
은평구,수색동,e편한세상 수색 에코포레,59.895,10,2003,68500,2026,4,4,중개거래
은평구,응암동,백련산힐스테이트2차,59.63,10,2011,81500,2026,4,4,중개거래
은평구,신사동,응암역효성해링턴플레이스,59.99,5,2019,75500,2026,4,6,중개거래
은평구,수색동,e편한세상 수색 에코포레,59.895,12,2003,70500,2026,4,6,중개거래
은평구,진관동,우물골2단지두산위브(209~222동)BL2-8,84.51,5,2009,87300,2026,4,4,중개거래
은평구,응암동,백련산힐스테이트3차,84.32,14,2011,89900,2026,4,6,중개거래
은평구,증산동,DMC자이2단지,115.61,2,2009,102000,2026,4,3,중개거래
은평구,불광동,북한산힐스테이트1차아파트,84.369,5,2009,95000,2026,4,5,중개거래
은평구,불광동,북한산래미안아파트(1단지),59.9932,8,2010,90500,2026,4,4,중개거래
은평구,진관동,구파발9단지래미안(916~928동)BL3-2,84.96,3,2010,91000,2026,4,4,중개거래
은평구,녹번동,힐스테이트녹번,59.938,6,2019,124000,2026,4,4,중개거래
은평구,녹번동,녹번JR아파트,59.866,2,2002,63700,2026,4,4,중개거래
은평구,진관동,은평스카이뷰자이,84.7488,21,2019,110000,2026,4,4,중개거래
은평구,갈현동,갈현동현대,59.25,10,1997,52000,2026,4,4,중개거래
은평구,수색동,DMCSK뷰아이파크포레,59.96,6,2025,103000,2026,4,4,중개거래
은평구,녹번동,래미안베라힐즈,59.98,12,2019,120000,2026,4,4,중개거래
은평구,수색동,DMC 진흥,78.2853,15,2003,77500,2026,4,4,중개거래
은평구,신사동,현대1,84.17,6,1997,60000,2026,4,3,중개거래
은평구,응암동,녹번역e편한세상캐슬,59.97,4,2021,128500,2026,4,4,중개거래
은평구,신사동,응암역효성해링턴플레이스,71.99,13,2019,85000,2026,4,4,중개거래
은평구,진관동,우물골2단지두산위브(204~208동)BL2-5,59.71,5,2009,78000,2026,4,3,중개거래
은평구,신사동,은평신사두산위브2차,84.99,10,2011,82000,2026,4,2,중개거래
은평구,진관동,상림마을8단지롯데캐슬(821~830동)BL1-12,101.76,9,2008,102000,2026,4,2,중개거래
은평구,응암동,백련산에스케이뷰아이파크,59.8545,4,2020,98000,2026,4,3,중개거래
은평구,녹번동,힐스테이트녹번,59.938,18,2019,125000,2026,4,1,중개거래
은평구,불광동,라이프미성,84.65,1,1988,91300,2026,4,2,중개거래
은평구,증산동,DMC우방,59.91,5,2000,82800,2026,4,3,중개거래
은평구,응암동,백련산힐스테이트1차,84.59,2,2011,79000,2026,4,3,중개거래
은평구,대조동,뉴캐슬,15.3,12,2013,12000,2026,4,1,중개거래
은평구,응암동,대주피오레,67.02,9,2003,55000,2026,4,2,중개거래
은평구,수색동,DMC자이1단지,116.92,2,2009,70000,2026,4,2,중개거래
은평구,진관동,상림마을7단지아이파크(730~742동)BL1-14,167.69,3,2008,85000,2026,4,1,직거래
은평구,진관동,은평뉴타운기자촌11단지,84.82,2,2015,80000,2026,4,2,중개거래
은평구,역촌동,리더스파크,82.45,3,2006,73500,2026,4,1,중개거래
은평구,신사동,승윤노블리안,57.997,12,2019,49000,2026,4,2,중개거래
은평구,응암동,백련산에스케이뷰아이파크,59.8545,16,2020,95000,2026,4,1,중개거래
은평구,불광동,불광롯데캐슬,59.99,6,2018,98000,2026,4,1,중개거래
은평구,진관동,은평뉴타운꿈에그린,59.92,14,2018,76700,2026,4,1,중개거래
은평구,수색동,DMCSK뷰아이파크포레,49.92,10,2025,94500,2026,4,1,중개거래
은평구,불광동,북한산현대힐스테이트3차아파트,84.96,10,2010,94000,2026,4,1,중개거래
은평구,수색동,e편한세상 수색 에코포레,84.951,14,2003,81000,2026,4,1,중개거래
은평구,응암동,녹번역e편한세상캐슬,59.96,14,2021,131000,2026,4,1,중개거래
서대문구,홍제동,홍제비콘드림힐,64.274,1,2006,60000,2026,4,27,중개거래
서대문구,홍제동,홍제센트럴IPARK,84.9728,2,2020,135000,2026,4,8,중개거래
서대문구,남가좌동,쌍용스윗닷홈,84.98,4,2005,109000,2026,4,21,중개거래
서대문구,홍제동,홍제현대,106.18,9,1992,116500,2026,4,10,중개거래
서대문구,홍제동,홍제원현대(459-0),59.93,5,2000,102000,2026,4,6,중개거래
서대문구,연희동,연희파크푸르지오,84.8003,3,2018,113500,2026,4,25,중개거래
서대문구,홍은동,북한산두산위브2차,59.7501,14,2021,82500,2026,4,22,중개거래
서대문구,홍은동,홍은센트레빌,84.84,14,2009,85000,2026,4,29,중개거래
서대문구,남가좌동,DMC래미안클라시스,59.59,6,2000,103000,2026,4,30,중개거래
서대문구,대현동,신촌럭키,83.38,5,1999,147000,2026,4,25,중개거래
서대문구,홍제동,홍제비콘드림힐,64.274,1,2006,60000,2026,4,27,중개거래
서대문구,충정로3가,피어리스,84.24,12,1987,75000,2026,4,17,중개거래
서대문구,천연동,천연뜨란채,84.74,1,2006,102000,2026,4,18,중개거래
서대문구,홍은동,두산,59.96,11,1997,62800,2026,4,17,중개거래
서대문구,북가좌동,DMC래미안e편한세상,153.86,15,2012,172000,2026,4,30,중개거래
서대문구,연희동,성원,59.61,13,2001,76500,2026,4,29,중개거래
서대문구,연희동,한인트윈빌,84.62,10,2002,59000,2026,4,24,중개거래
서대문구,합동,에스케이뷰,84.98,5,2008,137000,2026,4,25,중개거래
서대문구,충정로3가,충정리시온,33.32,20,2004,39800,2026,4,30,중개거래
서대문구,홍은동,홍은미성,127.33,8,1985,60000,2026,4,22,직거래
서대문구,북아현동,신촌푸르지오,84.9892,14,2015,192000,2026,4,24,중개거래
서대문구,북가좌동,DMC래미안e편한세상,120.95,23,2012,163500,2026,4,28,직거래
서대문구,남가좌동,DMC에코자이,59.79,5,2019,131000,2026,4,14,중개거래
서대문구,홍제동,청구2차,84.95,2,1997,96000,2026,4,14,중개거래
서대문구,연희동,연희궁,42.38,1,1972,19000,2026,4,30,중개거래
서대문구,홍은동,힐스테이트홍은포레스트,59.84,5,2023,93000,2026,4,26,중개거래
서대문구,홍은동,북한산두산위브,84.98,11,2020,99000,2026,4,9,중개거래
서대문구,북아현동,e편한세상신촌4단지,84.89,4,2018,215000,2026,4,29,중개거래
서대문구,홍은동,"현대(1,2차)",59.96,5,1988,68950,2026,4,21,중개거래
서대문구,북아현동,신촌푸르지오,109.0901,7,2015,208000,2026,4,23,중개거래
서대문구,북가좌동,DMC래미안e편한세상,153.25,16,2012,180000,2026,4,18,중개거래
서대문구,홍제동,유원하나,58.77,12,1996,56000,2026,4,30,중개거래
서대문구,연희동,연희궁,42.38,2,1972,18000,2026,4,13,중개거래
서대문구,홍제동,성원,114.48,17,1998,83000,2026,4,27,중개거래
서대문구,홍은동,두산,59.61,11,1997,64500,2026,4,26,중개거래
서대문구,냉천동,돈의문센트레빌,114.98,6,2011,183000,2026,4,11,중개거래
서대문구,홍제동,서대문푸르지오센트럴파크,75.49,13,2023,162000,2026,4,27,중개거래
서대문구,홍제동,유원하나,72.34,6,1996,60000,2026,4,17,중개거래
서대문구,북아현동,e편한세상신촌3단지,59.97,2,2018,133100,2026,4,29,직거래
서대문구,북가좌동,DMC두산위브,84.9623,11,2007,96700,2026,4,28,중개거래
서대문구,홍제동,인왕산어울림,120.34,1,2006,103500,2026,4,17,중개거래
서대문구,연희동,대우푸르지오,59.584,13,2002,99000,2026,4,26,중개거래
서대문구,홍은동,"현대(1,2차)",59.97,11,1988,68500,2026,4,30,중개거래
서대문구,홍제동,제일아파트,84.12,7,2015,77500,2026,4,27,중개거래
서대문구,홍제동,홍제현대,83.05,1,1992,98200,2026,4,24,중개거래
서대문구,연희동,연희파크푸르지오,59.9835,11,2018,101000,2026,4,30,중개거래
서대문구,홍제동,성원,114.48,2,1998,77700,2026,4,30,중개거래
서대문구,홍제동,서대문푸르지오센트럴파크,49.5,11,2023,125000,2026,4,30,중개거래
서대문구,홍제동,홍제한양,60.06,3,1993,55000,2026,4,17,중개거래
서대문구,홍제동,유원하나,58.77,10,1996,52500,2026,4,30,중개거래
서대문구,북가좌동,DMC한양,84.33,4,1987,89000,2026,4,30,중개거래
서대문구,남가좌동,DMC금호리첸시아,59.8295,26,2024,125000,2026,4,30,중개거래
서대문구,홍은동,극동,84.92,10,1995,50000,2026,4,30,중개거래
서대문구,남가좌동,DMC센트레빌,114.87,3,2009,132000,2026,4,30,중개거래
서대문구,북아현동,두산,59.96,16,1999,129000,2026,4,30,중개거래
서대문구,북가좌동,DMC현대아파트,59.91,8,2000,68500,2026,4,27,중개거래
서대문구,홍은동,홍은미성,127.33,8,1985,60000,2026,4,22,직거래
서대문구,북가좌동,월드컵현대,59.76,3,1998,73000,2026,4,29,중개거래
서대문구,남가좌동,남가좌동현대,59.4,10,1999,86000,2026,4,25,중개거래
서대문구,홍제동,홍제한양,60.06,9,1993,82000,2026,4,8,중개거래
서대문구,북아현동,e편한세상신촌1단지,84.98,5,2018,198500,2026,4,20,중개거래
서대문구,홍은동,Elleville,162.64,3,2000,82000,2026,4,29,중개거래
서대문구,북아현동,힐스테이트신촌,119.958,6,2023,211500,2026,4,22,중개거래
서대문구,북가좌동,DMC현대아파트,84.95,4,2000,78000,2026,4,16,중개거래
서대문구,홍제동,홍제삼성래미안,114.75,6,2001,90000,2026,4,22,직거래
서대문구,홍은동,홍은동벽산,114.96,5,1997,91500,2026,4,29,중개거래
서대문구,북아현동,신촌푸르지오,59.993,11,2015,170000,2026,4,4,중개거래
서대문구,연희동,임광,59.96,10,1999,71250,2026,4,28,중개거래
서대문구,현저동,독립문극동(200-0),114.51,5,1998,150000,2026,4,28,중개거래
서대문구,홍은동,e편한세상서대문,39.983,12,2023,52000,2026,4,29,중개거래
서대문구,홍은동,"현대(1,2차)",84.77,2,1988,54000,2026,4,24,중개거래
서대문구,홍은동,"현대(1,2차)",59.97,7,1988,60000,2026,4,14,중개거래
서대문구,홍제동,남양,83.07,6,1999,72000,2026,4,16,중개거래
서대문구,홍제동,중앙하이츠,84.79,6,2001,73000,2026,4,21,중개거래
서대문구,홍제동,홍제센트럴IPARK,84.9728,2,2020,135000,2026,4,8,중개거래
서대문구,창천동,노블레스,78.12,2,2004,59000,2026,4,27,중개거래
서대문구,남가좌동,DMC센트럴아이파크,84.97,2,2018,130000,2026,4,27,중개거래
서대문구,홍제동,유원하나,58.77,3,1996,52000,2026,4,28,중개거래
서대문구,홍제동,문화촌현대,59.94,2,2002,76800,2026,4,28,중개거래
서대문구,남가좌동,DMC파크뷰자이1단지,84.971,12,2015,160000,2026,4,2,중개거래
서대문구,북아현동,e편한세상신촌2단지,59.85,2,2018,175000,2026,4,24,중개거래
서대문구,홍제동,성원,55.35,8,1998,60000,2026,4,27,중개거래
서대문구,홍은동,두산,84.84,15,1997,74000,2026,4,11,중개거래
서대문구,북아현동,두산,59.96,7,1999,139500,2026,4,27,중개거래
서대문구,홍은동,홍은동벽산,58.64,2,1997,59000,2026,4,6,중개거래
서대문구,홍제동,현대그린,84.96,7,1996,69000,2026,4,27,중개거래
서대문구,홍은동,북한산두산위브,84.98,12,2020,95800,2026,4,27,중개거래
서대문구,홍제동,문화촌현대,84.99,14,2002,90000,2026,4,27,중개거래
서대문구,연희동,대우푸르지오,59.584,13,2002,99000,2026,4,26,중개거래
서대문구,홍제동,금호어울림,84.7861,6,2016,99800,2026,4,11,중개거래
서대문구,홍은동,넥서스빌,197.78,6,2002,134500,2026,4,17,중개거래
서대문구,홍제동,홍제삼성래미안,60,6,2001,92500,2026,4,27,중개거래
서대문구,홍제동,홍제역해링턴플레이스,84.95,11,2024,161000,2026,4,25,중개거래
서대문구,북가좌동,DMC한양,65.34,11,1987,80000,2026,4,10,직거래
서대문구,북가좌동,DMC래미안e편한세상,84.92,14,2012,152500,2026,4,25,중개거래
서대문구,홍제동,청구1차,84.78,7,1994,110000,2026,4,25,중개거래
서대문구,남가좌동,래미안남가좌2차,84.806,3,2005,132000,2026,4,26,중개거래
서대문구,북가좌동,DMC휴먼빌아파트,84.21,6,2008,82000,2026,4,25,중개거래
서대문구,홍은동,홍은센트레빌,84.84,6,2009,91000,2026,4,25,중개거래
서대문구,홍제동,청구2차,59.89,15,1997,88000,2026,4,25,중개거래
서대문구,현저동,독립문극동(200-0),59.58,14,1998,125000,2026,4,25,중개거래
서대문구,홍제동,청구1차,84.78,11,1994,118000,2026,4,25,중개거래
서대문구,홍은동,"현대(1,2차)",73.98,15,1988,81000,2026,4,25,중개거래
서대문구,북가좌동,북가좌삼호,84.57,17,1996,92000,2026,4,25,중개거래
서대문구,홍은동,홍은동풍림아이원,84.918,10,2002,69500,2026,4,22,중개거래
서대문구,홍제동,홍제삼성래미안,60,11,2001,91300,2026,4,25,중개거래
서대문구,홍제동,홍제삼성래미안,32.76,8,2001,59300,2026,4,25,중개거래
서대문구,홍제동,인왕산현대,59.93,1,2000,91000,2026,4,25,중개거래
서대문구,홍은동,북한산두산위브2차,59.7501,13,2021,83500,2026,4,25,중개거래
서대문구,냉천동,동부센트레빌,59.86,13,2002,97000,2026,4,10,중개거래
서대문구,남가좌동,DMC금호리첸시아,84.9901,28,2024,143000,2026,4,25,중개거래
서대문구,홍제동,홍제삼성래미안,84.33,7,2001,113500,2026,4,25,중개거래
서대문구,홍제동,홍제현대,75.15,3,1992,91000,2026,4,12,중개거래
서대문구,홍제동,문화촌현대,84.99,6,2002,83000,2026,4,24,중개거래
서대문구,홍은동,홍은동벽산,142.98,15,1997,95000,2026,4,24,중개거래
서대문구,북가좌동,DMC한양,65.34,3,1987,83000,2026,4,24,중개거래
서대문구,홍은동,북한산두산위브,84.98,13,2020,100000,2026,4,24,중개거래
서대문구,홍제동,인왕산벽산,59.82,10,2003,77000,2026,4,24,중개거래
서대문구,북가좌동,DMC두산위브,84.9631,10,2007,89500,2026,4,20,직거래
서대문구,북가좌동,DMC래미안e편한세상,59.97,3,2012,135000,2026,4,17,중개거래
서대문구,홍은동,유원,64.26,10,1987,51700,2026,4,24,중개거래
서대문구,북가좌동,DMC래미안e편한세상,84.95,17,2012,153500,2026,4,9,중개거래
서대문구,홍제동,서대문푸르지오센트럴파크,59.94,13,2023,157000,2026,4,24,중개거래
서대문구,홍제동,성원,114.48,5,1998,83500,2026,4,23,중개거래
서대문구,남가좌동,남가좌동현대,59.4,14,1999,96400,2026,4,23,중개거래
서대문구,홍은동,풍림1차,64.53,1,1988,42000,2026,4,23,중개거래
서대문구,북가좌동,DMC래미안e편한세상,59.97,9,2012,138000,2026,4,22,중개거래
서대문구,충정로3가,충정리시온,45.89,7,2004,57000,2026,4,21,중개거래
서대문구,홍제동,문화촌현대,59.94,17,2002,65000,2026,4,22,중개거래
서대문구,홍제동,홍제에스피엘,84.278,1,2023,47627,2026,4,3,직거래
서대문구,북가좌동,DMC한양,84.33,12,1987,95300,2026,4,15,중개거래
서대문구,홍제동,홍제에스피엘,84.067,1,2023,47520,2026,4,3,직거래
서대문구,홍은동,극동,84.92,12,1995,53000,2026,4,11,중개거래
서대문구,남가좌동,DMC센트레빌,114.87,6,2009,135000,2026,4,22,중개거래
서대문구,홍은동,힐스테이트홍은포레스트,59.84,3,2023,100000,2026,4,22,중개거래
서대문구,북가좌동,DMC한양,65.34,13,1987,85500,2026,4,22,중개거래
서대문구,홍제동,홍제한양,60.06,2,1993,84000,2026,4,18,중개거래
서대문구,홍은동,힐스테이트홍은포레스트,72.79,5,2023,110000,2026,4,17,중개거래
서대문구,홍은동,북한산두산위브,84.98,14,2020,93000,2026,4,22,중개거래
서대문구,홍은동,홍은동풍림아이원,84.918,12,2002,70700,2026,4,22,중개거래
서대문구,남가좌동,DMC파크뷰자이1단지,120.492,19,2015,182000,2026,4,20,중개거래
서대문구,남가좌동,DMC센트럴아이파크,59.91,8,2018,123800,2026,4,21,중개거래
서대문구,홍제동,문화촌현대,59.94,17,2002,78000,2026,4,21,중개거래
서대문구,영천동,독립문삼호,114.63,17,1995,149000,2026,4,21,중개거래
서대문구,홍제동,홍제에스피엘,80.41,4,2023,51328,2026,4,16,직거래
서대문구,홍제동,홍제삼성래미안,32.76,3,2001,56000,2026,4,21,중개거래
서대문구,북가좌동,신일해피트리,84.98,6,2005,81000,2026,4,20,중개거래
서대문구,남가좌동,남가좌동현대,84.78,16,1999,106000,2026,4,20,중개거래
서대문구,홍은동,나영힐빌리지,134.97,3,2004,63000,2026,4,16,직거래
서대문구,연희동,성원,84.95,10,2001,85500,2026,4,20,중개거래
서대문구,홍제동,홍제센트럴IPARK,84.9728,8,2020,140000,2026,4,10,중개거래
서대문구,남가좌동,DMC센트레빌,114.85,8,2009,120000,2026,4,18,중개거래
서대문구,남가좌동,DMC래미안클라시스,59.97,18,2000,104000,2026,4,20,중개거래
서대문구,홍제동,청구2차,59.89,14,1997,92000,2026,4,20,중개거래
서대문구,대현동,파라타워,15.792,4,2020,23900,2026,4,19,중개거래
서대문구,창천동,3RU-City,17.19,10,2013,17180,2026,4,19,중개거래
서대문구,홍제동,청구3차,84.96,2,2001,94000,2026,4,20,중개거래
서대문구,남가좌동,DMC파크뷰자이1단지,120.006,11,2015,180000,2026,4,20,중개거래
서대문구,홍제동,홍제센트럴IPARK,84.9728,3,2020,138000,2026,4,10,중개거래
서대문구,홍제동,홍제현대,75.15,5,1992,95000,2026,4,11,중개거래
서대문구,홍제동,문화촌현대,84.99,8,2002,85000,2026,4,20,중개거래
서대문구,북가좌동,북가좌삼호,114.03,2,1996,100000,2026,4,20,중개거래
서대문구,남가좌동,DMC래미안클라시스,59.59,7,2000,98000,2026,4,20,중개거래
서대문구,남가좌동,DMC센트레빌,84.97,6,2009,124000,2026,4,6,중개거래
서대문구,남가좌동,DMC금호리첸시아,59.8295,18,2024,120000,2026,4,18,중개거래
서대문구,남가좌동,DMC에코자이,59.79,4,2019,131000,2026,4,17,중개거래
서대문구,북가좌동,DMC두산위브,84.9623,13,2007,92000,2026,4,7,중개거래
서대문구,홍제동,홍제역해링턴플레이스,59.99,7,2024,139000,2026,4,19,중개거래
서대문구,남가좌동,DMC에코자이,84.978,2,2019,142000,2026,4,19,중개거래
서대문구,남가좌동,DMC에코자이,59.79,2,2019,130000,2026,4,19,중개거래
서대문구,홍제동,인왕산현대,84.9,13,2000,118500,2026,4,19,중개거래
서대문구,북아현동,e편한세상신촌1단지,84.93,9,2018,204000,2026,4,2,중개거래
서대문구,홍은동,북한산두산위브,59.68,3,2020,86000,2026,4,18,중개거래
서대문구,홍은동,풍림2,58.5,1,1990,63000,2026,4,18,중개거래
서대문구,남가좌동,쌍용스윗닷홈,84.98,4,2005,100500,2026,4,18,중개거래
서대문구,홍제동,인왕산현대,59.93,18,2000,105000,2026,4,18,중개거래
서대문구,홍제동,금호어울림,84.759,4,2016,96500,2026,4,18,중개거래
서대문구,천연동,천연뜨란채,57.78,10,2006,120800,2026,4,18,중개거래
서대문구,현저동,독립문파크빌,59.4,2,2000,64500,2026,4,17,중개거래
서대문구,홍제동,청구3차,59.4,13,2001,90000,2026,4,18,중개거래
서대문구,홍제동,인왕산현대,114.72,3,2000,127500,2026,4,19,중개거래
서대문구,홍은동,풍림1차,56.61,12,1988,49500,2026,4,18,중개거래
서대문구,홍제동,금호어울림,59.18,7,2016,87500,2026,4,18,중개거래
서대문구,홍은동,북한산두산위브,59.54,8,2020,84000,2026,4,18,중개거래
서대문구,홍은동,홍은동벽산,114.96,11,1997,90000,2026,4,18,중개거래
서대문구,홍은동,풍림2,84.93,5,1990,75000,2026,4,18,중개거래
서대문구,홍제동,인왕산현대,84.9,3,2000,112000,2026,4,18,중개거래
서대문구,천연동,천연뜨란채,57.78,9,2006,113500,2026,4,18,중개거래
서대문구,홍은동,유원,54.54,7,1987,47200,2026,4,17,중개거래
서대문구,홍제동,유원하나,72.34,12,1996,65000,2026,4,18,중개거래
서대문구,홍은동,홍은동벽산,84.78,2,1997,80000,2026,4,15,중개거래
서대문구,홍제동,유원하나,58.77,8,1996,54500,2026,4,18,중개거래
서대문구,홍제동,남양,84.71,22,1999,75000,2026,4,11,중개거래
서대문구,홍제동,문화촌현대,84.99,9,2002,82000,2026,4,17,중개거래
서대문구,북아현동,두산,59.96,2,1999,135300,2026,4,17,중개거래
서대문구,연희동,임광,114.79,7,1999,108100,2026,4,10,중개거래
서대문구,홍제동,홍제원현대(459-0),59.93,2,2000,95900,2026,4,18,중개거래
서대문구,홍제동,인왕산현대,114.72,4,2000,115000,2026,4,18,중개거래
서대문구,대현동,신촌럭키,59.7,5,1999,120000,2026,4,17,중개거래
서대문구,남가좌동,창덕에버빌,120.5,11,1998,99000,2026,4,17,중개거래
서대문구,대현동,신촌럭키,121.6,2,1999,144800,2026,4,17,중개거래
서대문구,연희동,임광,84.83,15,1999,95000,2026,4,16,중개거래
서대문구,홍제동,문화촌현대,59.94,8,2002,80000,2026,4,16,중개거래
서대문구,홍제동,서대문푸르지오센트럴파크,59.94,4,2023,149000,2026,4,16,중개거래
서대문구,연희동,성원,59.61,2,2001,71000,2026,4,16,중개거래
서대문구,홍제동,문화촌현대,59.94,20,2002,70000,2026,4,16,중개거래
서대문구,연희동,연희파크푸르지오,59.9835,13,2018,100000,2026,4,16,중개거래
서대문구,홍제동,인왕산현대,59.93,1,2000,89250,2026,4,16,중개거래
서대문구,홍제동,유원하나,58.77,6,1996,57000,2026,4,16,중개거래
서대문구,북가좌동,DMC래미안e편한세상,84.95,4,2012,154000,2026,4,16,중개거래
서대문구,남가좌동,DMC에코자이,59.79,7,2019,132500,2026,4,16,중개거래
서대문구,대현동,신촌럭키,59.7,12,1999,130000,2026,4,15,중개거래
서대문구,남가좌동,DMC센트레빌,114.85,15,2009,134000,2026,4,14,중개거래
서대문구,홍제동,홍제한양,60.06,4,1993,87500,2026,4,15,중개거래
서대문구,홍은동,서강1차(1동),71.53,4,1988,43500,2026,4,11,중개거래
서대문구,북아현동,e편한세상신촌2단지,84.95,12,2018,204000,2026,4,15,중개거래
서대문구,연희동,성원,84.95,14,2001,86500,2026,4,10,중개거래
서대문구,홍제동,서대문푸르지오센트럴파크,59.94,8,2023,147000,2026,4,15,중개거래
서대문구,북아현동,e편한세상신촌1단지,84.95,16,2018,203500,2026,4,15,중개거래
서대문구,홍제동,파크힐,84.4,1,2004,53700,2026,4,11,중개거래
서대문구,홍은동,북한산더샵,84.832,9,2017,80000,2026,4,10,직거래
서대문구,홍제동,홍제역해링턴플레이스,84.95,6,2024,157000,2026,4,9,중개거래
서대문구,남가좌동,DMC에코자이,72.845,7,2019,120000,2026,4,13,직거래
서대문구,홍은동,홍은동벽산,58.64,1,1997,62000,2026,4,14,중개거래
서대문구,연희동,연희파크푸르지오,84.8003,13,2018,119500,2026,4,14,중개거래
서대문구,홍제동,청구2차,84.95,2,1997,96000,2026,4,14,중개거래
서대문구,홍제동,홍제현대,106.18,6,1992,119000,2026,4,14,중개거래
서대문구,남가좌동,DMC에코자이,59.79,5,2019,131000,2026,4,14,중개거래
서대문구,연희동,드리밍아파트,79.26,11,2006,57000,2026,4,14,중개거래
서대문구,홍은동,힐스테이트홍은포레스트,72.97,8,2023,101000,2026,4,14,중개거래
서대문구,북아현동,신촌푸르지오,84.9953,9,2015,189000,2026,4,14,중개거래
서대문구,북가좌동,우공팰리스,84.42,2,2007,105000,2026,4,13,중개거래
서대문구,북가좌동,DMC래미안e편한세상,84.95,15,2012,148000,2026,4,14,중개거래
서대문구,북가좌동,월드컵현대,59.56,3,1998,80500,2026,4,7,중개거래
서대문구,북가좌동,DMC래미안e편한세상,84.95,16,2012,147000,2026,4,13,중개거래
서대문구,남가좌동,DMC센트럴아이파크,84.94,13,2018,144500,2026,4,13,중개거래
서대문구,홍은동,홍은동풍림아이원,84.918,9,2002,70000,2026,4,13,중개거래
서대문구,홍은동,홍은동벽산,114.96,15,1997,88000,2026,4,13,중개거래
서대문구,홍제동,홍제한양,60.06,13,1993,79800,2026,4,10,중개거래
서대문구,남가좌동,래미안루센티아,84.95,14,2020,141500,2026,4,13,중개거래
서대문구,북가좌동,북가좌삼호,114.03,13,1996,99500,2026,4,13,중개거래
서대문구,북아현동,신촌푸르지오,109.0901,10,2015,205000,2026,4,3,중개거래
서대문구,홍제동,유원하나,112.14,3,1996,75000,2026,4,11,중개거래
서대문구,남가좌동,DMC센트럴아이파크,84.9,18,2018,142000,2026,4,13,중개거래
서대문구,홍은동,유원,64.26,13,1987,51000,2026,4,11,중개거래
서대문구,홍은동,세윤외인빌리지,242.56,3,2001,110000,2026,4,10,중개거래
서대문구,홍제동,파크힐,84.4,1,2004,53700,2026,4,11,중개거래
서대문구,북가좌동,DMC두산위브,84.9623,1,2007,88000,2026,4,12,중개거래
서대문구,홍제동,금호어울림,84.7861,3,2016,95000,2026,4,12,중개거래
서대문구,홍제동,문화촌현대,84.99,1,2002,79000,2026,4,11,중개거래
서대문구,홍제동,홍제원현대(459-0),59.93,5,2000,102000,2026,4,6,중개거래
서대문구,홍제동,성원,41.5,14,1998,48000,2026,4,9,중개거래
서대문구,연희동,임광,59.96,10,1999,75000,2026,4,11,중개거래
서대문구,남가좌동,DMC래미안클라시스,59.93,7,2000,92000,2026,4,11,중개거래
서대문구,북가좌동,DMC한양,84.33,7,1987,93000,2026,4,10,중개거래
서대문구,홍제동,홍제현대,106.18,9,1992,116500,2026,4,10,중개거래
서대문구,남가좌동,DMC에코자이,84.978,18,2019,153000,2026,4,11,중개거래
서대문구,홍제동,홍제현대,75.15,7,1992,101500,2026,4,11,중개거래
서대문구,현저동,독립문파크빌,59.4,5,2000,65500,2026,4,11,중개거래
서대문구,홍제동,홍제역해링턴플레이스,59.96,16,2024,143000,2026,4,11,중개거래
서대문구,남가좌동,DMC센트럴아이파크,59.8,12,2018,119500,2026,4,11,중개거래
서대문구,남가좌동,DMC래미안클라시스,84.9,12,2000,114300,2026,4,10,중개거래
서대문구,홍제동,문화촌현대,84.99,3,2002,89000,2026,4,10,중개거래
서대문구,천연동,천연뜨란채,56.08,15,2006,119500,2026,4,10,중개거래
서대문구,북가좌동,DMC래미안e편한세상,84.95,17,2012,150000,2026,4,10,중개거래
서대문구,홍은동,북한산두산위브,84.78,5,2020,98000,2026,4,11,중개거래
서대문구,홍제동,문화촌현대,59.94,8,2002,67000,2026,4,11,중개거래
서대문구,냉천동,동부센트레빌,114.92,14,2002,124000,2026,4,10,중개거래
서대문구,남가좌동,남가좌동현대,59.4,13,1999,92000,2026,4,10,중개거래
서대문구,홍은동,"현대(1,2차)",59.96,9,1988,69000,2026,4,10,중개거래
서대문구,충정로3가,미동,55.57,5,1969,45000,2026,4,6,중개거래
서대문구,홍제동,인왕산벽산,84.63,4,2003,85000,2026,4,10,중개거래
서대문구,북아현동,두산,59.96,1,1999,116500,2026,4,10,중개거래
서대문구,남가좌동,래미안루센티아,59.98,10,2020,130000,2026,4,9,중개거래
서대문구,홍제동,홍제역해링턴플레이스,114.95,3,2024,167100,2026,4,4,중개거래
서대문구,홍제동,홍제현대,106.18,7,1992,107000,2026,4,9,중개거래
서대문구,남가좌동,DMC래미안클라시스,59.93,18,2000,103800,2026,4,8,중개거래
서대문구,홍은동,서강1차(1동),71.53,10,1988,44500,2026,4,6,중개거래
서대문구,홍은동,두산,84.84,2,1997,68800,2026,4,7,중개거래
서대문구,충정로3가,충정리시온,45.75,10,2004,55700,2026,4,4,중개거래
서대문구,홍제동,홍제원현대(459-0),59.93,8,2000,107500,2026,4,8,중개거래
서대문구,홍제동,홍제현대,106.18,12,1992,110600,2026,4,8,중개거래
서대문구,북가좌동,DMC래미안e편한세상,84.92,26,2012,150000,2026,4,7,중개거래
서대문구,홍제동,남양,59.94,1,1999,58500,2026,4,3,중개거래
서대문구,홍은동,HDX휴팰리스,59.0362,11,2018,69000,2026,4,4,중개거래
서대문구,홍은동,홍은동벽산,58.64,3,1997,70000,2026,4,7,중개거래
서대문구,충정로3가,충정리시온,41.48,18,2004,48500,2026,4,7,중개거래
서대문구,충정로3가,충림예하임,84.6,7,2010,86000,2026,4,7,중개거래
서대문구,홍제동,홍제역해링턴플레이스,84.95,3,2024,157000,2026,4,7,중개거래
서대문구,홍은동,홍은미성,83.61,11,1985,57000,2026,4,4,중개거래
서대문구,홍제동,인왕산벽산,59.82,15,2003,80000,2026,4,3,중개거래
서대문구,대현동,신촌럭키,83.38,4,1999,137000,2026,4,4,중개거래
서대문구,연희동,대림,119.49,4,1993,91000,2026,4,1,중개거래
서대문구,홍제동,금호어울림,84.4965,8,2016,97600,2026,4,5,중개거래
서대문구,북아현동,e편한세상신촌4단지,84.89,26,2018,220000,2026,4,5,중개거래
서대문구,홍제동,홍제원현대(459-0),84.9,9,2000,116000,2026,4,4,중개거래
서대문구,북가좌동,DMC한양,84.33,5,1987,93000,2026,4,4,중개거래
서대문구,북가좌동,DMC한양,84.33,10,1987,88000,2026,4,3,중개거래
서대문구,홍제동,홍제비콘드림힐,113.091,12,2006,84000,2026,4,1,중개거래
서대문구,홍은동,홍은동벽산,84.78,11,1997,85000,2026,4,4,중개거래
서대문구,홍제동,동양드림,82.26,3,2005,63000,2026,4,4,중개거래
서대문구,북가좌동,DMC래미안e편한세상,84.95,9,2012,147500,2026,4,4,중개거래
서대문구,북가좌동,DMC현대아파트,55.47,12,2000,68000,2026,4,4,중개거래
서대문구,북가좌동,신일해피트리,84.98,8,2005,81500,2026,4,4,중개거래
서대문구,홍제동,홍제원현대(459-0),84.9,3,2000,111000,2026,4,4,중개거래
서대문구,홍은동,홍은동벽산,58.64,8,1997,68500,2026,4,4,중개거래
서대문구,북가좌동,DMC아이파크,114.94,11,2009,128000,2026,4,4,중개거래
서대문구,남가좌동,남가좌동현대,59.4,10,1999,93000,2026,4,4,중개거래
서대문구,남가좌동,쌍용스윗닷홈,84.98,10,2005,103500,2026,4,3,중개거래
서대문구,홍은동,홍은동벽산,58.64,11,1997,67800,2026,4,3,중개거래
서대문구,대현동,신촌럭키,59.7,13,1999,120000,2026,4,3,중개거래
서대문구,홍제동,홍제원현대(459-0),84.9,3,2000,110500,2026,4,3,중개거래
서대문구,연희동,대우푸르지오,59.584,8,2002,98000,2026,4,3,중개거래
서대문구,남가좌동,DMC파크뷰자이1단지,59.981,13,2015,142000,2026,4,3,중개거래
서대문구,홍은동,홍은미성,83.61,11,1985,56000,2026,4,2,중개거래
서대문구,연희동,임광,59.96,8,1999,76000,2026,4,2,중개거래
서대문구,북가좌동,DMC래미안e편한세상,153.86,8,2012,165000,2026,4,3,직거래
서대문구,홍은동,서강1차(1동),71.53,10,1988,38800,2026,4,2,중개거래
서대문구,홍은동,서대문센트럴아이파크,59.99,8,2025,79000,2026,4,1,중개거래
서대문구,연희동,대우푸르지오,59.79,9,2002,95000,2026,4,1,중개거래
서대문구,홍은동,유림그랑블,99.35,3,2003,46000,2026,4,1,중개거래
서대문구,남가좌동,DMC래미안클라시스,59.97,6,2000,102000,2026,4,1,중개거래
서대문구,천연동,천연뜨란채,57.78,1,2006,103500,2026,4,1,중개거래
서대문구,홍제동,홍제현대,83.05,2,1992,95500,2026,4,1,중개거래
서대문구,남가좌동,DMC파크뷰자이4단지,84.968,10,2015,150000,2026,4,1,중개거래
서대문구,홍은동,풍림2,58.5,15,1990,68000,2026,4,14,중개거래
마포구,성산동,만민하늘애,53.61,7,2023,78000,2026,4,22,직거래
마포구,도화동,삼성,84.985,13,1997,195000,2026,4,29,중개거래
마포구,공덕동,래미안공덕5차,59.959,7,2011,198000,2026,4,30,중개거래
마포구,망원동,대림1,84.96,4,2002,123500,2026,4,30,중개거래
마포구,아현동,마포래미안푸르지오1단지,59.9796,15,2014,207000,2026,4,22,중개거래
마포구,신공덕동,대우메트로디오빌,49.97,27,2005,92500,2026,4,23,중개거래
마포구,대흥동,마포그랑자이,84.98,10,2020,249500,2026,4,22,중개거래
마포구,상수동,래미안밤섬리베뉴Ⅰ,84.99,14,2014,228000,2026,4,20,중개거래
마포구,아현동,마포래미안푸르지오4단지,84.5978,23,2014,235000,2026,4,24,중개거래
마포구,도화동,삼성,84.985,12,1997,195000,2026,4,30,중개거래
마포구,용강동,마포용강삼성래미안,131.79,9,2003,239000,2026,4,25,중개거래
마포구,도화동,도화동현대,147.37,11,1996,200000,2026,4,30,중개거래
마포구,공덕동,공덕1삼성래미안,84.94,23,1999,208000,2026,4,25,중개거래
마포구,마포동,마포쌍용황금아파트,59.9,11,2000,143000,2026,4,27,중개거래
마포구,아현동,마포푸르지오더센트럴,40.07,8,2023,78000,2026,4,29,중개거래
마포구,염리동,마포자이,113.803,18,2003,285000,2026,4,30,중개거래
마포구,신수동,신촌숲아이파크,84.901,3,2019,236000,2026,4,25,중개거래
마포구,상암동,상암월드컵파크5단지,84.67,17,2005,135000,2026,4,28,중개거래
마포구,서교동,메세나폴리스,122.867,7,2012,215000,2026,4,20,중개거래
마포구,아현동,마포래미안푸르지오2단지,84.5978,17,2014,248000,2026,4,14,중개거래
마포구,대흥동,마포그랑자이,59.96,11,2020,206000,2026,4,25,중개거래
마포구,도화동,성지,84.24,9,1984,80000,2026,4,14,중개거래
마포구,현석동,래미안웰스트림,84.98,24,2016,185000,2026,4,15,중개거래
마포구,아현동,더클래시,59.97,8,2022,209800,2026,4,27,중개거래
마포구,염리동,우공,82.29,3,2004,73000,2026,4,13,중개거래
마포구,성산동,벨로스,46.35,5,2006,34000,2026,4,27,중개거래
마포구,아현동,마포래미안푸르지오3단지,84.8919,13,2014,229000,2026,4,11,중개거래
마포구,아현동,마포푸르지오더센트럴,31.11,14,2023,62400,2026,4,24,중개거래
마포구,염리동,염리삼성래미안,59.52,11,2001,160000,2026,4,30,중개거래
마포구,도화동,현대홈타운,113.25,10,2000,172500,2026,4,30,중개거래
마포구,도화동,한화오벨리스크,75.7,16,2004,115000,2026,4,28,중개거래
마포구,연남동,코오롱,102.158,2,2003,137500,2026,4,18,중개거래
마포구,신수동,마포경남아너스빌,84.95,11,2007,161000,2026,4,30,중개거래
마포구,공덕동,공덕1삼성래미안,59.74,5,1999,163000,2026,4,27,중개거래
마포구,염리동,상록,57.88,9,1997,130000,2026,4,28,중개거래
마포구,망원동,마포월드컵제이스카이,49.61,3,2021,73500,2026,4,30,중개거래
마포구,현석동,강변힐스테이트,59.54,14,2004,158500,2026,4,27,중개거래
마포구,아현동,더클래시,59.97,9,2022,209000,2026,4,30,중개거래
마포구,상암동,상암월드컵파크4단지,84.7,17,2006,161000,2026,4,30,중개거래
마포구,도화동,마포아크로타워,116.52,18,2007,169000,2026,4,30,중개거래
마포구,노고산동,신촌포스빌,32.34,4,2004,25600,2026,4,14,중개거래
마포구,도화동,도화동현대,128.26,2,1996,180000,2026,4,29,중개거래
마포구,도화동,한화오벨리스크,38.08,6,2004,53000,2026,4,30,중개거래
마포구,서교동,대우미래사랑,34.29,3,2005,29500,2026,4,29,중개거래
마포구,아현동,더클래시,59.5,14,2022,208000,2026,4,30,중개거래
마포구,신수동,밤섬경남아너스빌,84.83,8,2009,165500,2026,4,30,중개거래
마포구,공덕동,한화꿈에그린,84.939,8,2004,110000,2026,4,30,직거래
마포구,창전동,창전래미안,84.93,17,1998,157000,2026,4,29,중개거래
마포구,대흥동,대흥동태영아파트,114.93,22,1999,225000,2026,4,29,중개거래
마포구,성산동,성산시영(대우),50.03,8,1986,148900,2026,4,29,중개거래
마포구,대흥동,대흥동태영아파트,84.77,1,1999,192000,2026,4,29,중개거래
마포구,도화동,우성,54.72,11,1991,145000,2026,4,19,중개거래
마포구,성산동,성산시영(대우),50.03,14,1986,141500,2026,4,21,중개거래
마포구,망원동,신부,83.45,2,2001,72500,2026,4,28,중개거래
마포구,아현동,마포센트럴 아이파크,84.9699,18,2017,199000,2026,4,8,중개거래
마포구,중동,울트라월드컵(참누리),84.9572,8,2006,133000,2026,4,11,중개거래
마포구,용강동,이편한세상마포리버파크,84.98,12,2016,203000,2026,4,10,직거래
마포구,도화동,우성,68.94,13,1991,161000,2026,4,16,중개거래
마포구,도화동,정우상가맨션,117.84,9,1983,129000,2026,4,15,중개거래
마포구,염리동,마포프레스티지자이,84.9422,8,2021,260000,2026,4,29,중개거래
마포구,아현동,마포래미안푸르지오4단지,59.9656,13,2014,217000,2026,4,28,중개거래
마포구,공덕동,공덕2삼성래미안,84.94,1,2004,180000,2026,4,28,중개거래
마포구,현석동,래미안웰스트림,84.98,34,2016,245000,2026,4,28,중개거래
마포구,신공덕동,신공덕1차삼성래미안1아파트,84.9,9,2000,197500,2026,4,28,중개거래
마포구,도화동,우성,68.94,8,1991,135000,2026,4,26,중개거래
마포구,도화동,우성,68.94,11,1991,163000,2026,4,10,중개거래
마포구,염리동,마포프레스티지자이,42.9683,13,2021,155000,2026,4,28,중개거래
마포구,성산동,성산월드타운대림,84.689,7,2004,114000,2026,4,28,중개거래
마포구,신수동,대원칸타빌,117.183,17,2004,167000,2026,4,10,중개거래
마포구,신수동,신촌숲아이파크,84.901,3,2019,234500,2026,4,24,중개거래
마포구,상수동,래미안밤섬리베뉴Ⅱ,84.92,16,2014,200000,2026,4,16,중개거래
마포구,노고산동,신촌포스빌,29.03,5,2004,24000,2026,4,18,중개거래
마포구,상암동,상암월드컵파크4단지,84.7,20,2006,156000,2026,4,28,중개거래
마포구,망원동,성신,48.26,3,1976,45000,2026,4,25,중개거래
마포구,창전동,해모로,59.713,8,2007,181000,2026,4,16,중개거래
마포구,도화동,도화동현대,79.83,3,1996,153000,2026,4,28,중개거래
마포구,상수동,상수두산위브,84.79,7,2004,154000,2026,4,28,중개거래
마포구,도화동,한화오벨리스크,75.7,22,2004,119000,2026,4,27,중개거래
마포구,망원동,휴먼빌,59.943,12,2004,92700,2026,4,5,중개거래
마포구,용강동,래미안마포리버웰,84.98,8,2015,276000,2026,4,25,중개거래
마포구,토정동,한강삼성,84.96,16,1997,218000,2026,4,25,중개거래
마포구,토정동,한강삼성,59.76,15,1997,180000,2026,4,25,중개거래
마포구,아현동,마포래미안푸르지오1단지,84.5978,6,2014,240000,2026,4,24,중개거래
마포구,아현동,마포푸르지오더센트럴,31.11,14,2023,62400,2026,4,24,중개거래
마포구,아현동,마포래미안푸르지오3단지,59.9236,3,2014,206000,2026,4,25,중개거래
마포구,아현동,마포래미안푸르지오2단지,84.5978,7,2014,249500,2026,4,26,중개거래
마포구,신정동,서강GS,84.4,12,1999,165000,2026,4,7,중개거래
마포구,노고산동,현대벤처빌,32.8,12,2002,28000,2026,4,2,중개거래
마포구,도화동,도화동현대,68.22,12,1996,160800,2026,4,25,중개거래
마포구,창전동,창전래미안,84.93,1,1998,140000,2026,4,25,중개거래
마포구,염리동,마포자이,84.692,7,2003,258000,2026,4,25,중개거래
마포구,신수동,현대,84.47,12,1996,153000,2026,4,25,중개거래
마포구,상암동,상암월드컵파크10단지,84.89,2,2010,107500,2026,4,14,중개거래
마포구,상암동,상암월드컵파크3단지,84.94,3,2003,123000,2026,4,25,중개거래
마포구,아현동,마포래미안푸르지오3단지,59.9796,7,2014,203000,2026,4,25,중개거래
마포구,현석동,래미안웰스트림,59.97,3,2016,203000,2026,4,24,중개거래
마포구,상암동,상암월드컵파크7단지,84.45,5,2005,134900,2026,4,23,중개거래
마포구,신수동,신촌숲아이파크,84.901,24,2019,250500,2026,4,4,중개거래
마포구,신수동,밤섬경남아너스빌,84.83,3,2009,169000,2026,4,24,중개거래
마포구,중동,울트라월드컵(참누리),84.9572,19,2006,134000,2026,4,20,중개거래
마포구,창전동,서강예가,59.983,3,2007,165000,2026,4,24,중개거래
마포구,염리동,마포프레스티지자이,59.7848,15,2021,225000,2026,4,25,중개거래
마포구,성산동,만민하늘애,53.61,11,2023,81000,2026,4,23,중개거래
마포구,신공덕동,신공덕래미안3차,59.96,13,2003,168000,2026,4,17,중개거래
마포구,대흥동,대흥동태영아파트,59.4,18,1999,164000,2026,4,24,중개거래
마포구,중동,중동계룡아파트,113.94,2,2000,105000,2026,4,23,중개거래
마포구,아현동,더클래시,59.97,17,2022,218000,2026,4,23,중개거래
마포구,창전동,창전동현대홈타운,84.978,3,2005,157000,2026,4,23,중개거래
마포구,공덕동,공덕3삼성래미안,114.98,5,2004,259000,2026,4,23,중개거래
마포구,창전동,중앙하이츠104동,47.01,4,2007,50500,2026,4,22,중개거래
마포구,상암동,상암월드컵파크7단지,84.9,10,2005,131500,2026,4,22,중개거래
마포구,성산동,월드컵아이파크(667),84.7,5,2009,125000,2026,4,21,중개거래
마포구,아현동,마포래미안푸르지오4단지,59.9656,7,2014,217000,2026,4,9,중개거래
마포구,아현동,마포푸르지오더센트럴,40.59,16,2023,83000,2026,4,17,중개거래
마포구,창전동,서강예가,84.988,11,2007,190000,2026,4,23,직거래
마포구,도화동,한화오벨리스크,36.49,7,2004,57000,2026,4,18,중개거래
마포구,창전동,창전래미안,114.82,17,1998,110000,2026,4,22,직거래
마포구,토정동,한강삼성,59.76,10,1997,169500,2026,4,20,중개거래
마포구,아현동,마포래미안푸르지오3단지,84.5978,17,2014,234500,2026,4,22,중개거래
마포구,도화동,우성,54.72,6,1991,150000,2026,4,13,중개거래
마포구,상암동,상암월드컵파크5단지,104.69,9,2005,113100,2026,4,16,중개거래
마포구,도화동,삼성,84.985,5,1997,199500,2026,4,21,중개거래
마포구,아현동,공덕자이,114.99,11,2015,267500,2026,4,21,중개거래
마포구,창전동,서강예가,84.988,4,2007,195000,2026,4,21,중개거래
마포구,아현동,마포래미안푸르지오4단지,59.9656,29,2014,219000,2026,4,21,중개거래
마포구,중동,중동계룡아파트,60,4,2000,78000,2026,4,21,중개거래
마포구,공덕동,공덕2삼성래미안,84.94,14,2004,197500,2026,4,21,중개거래
마포구,망원동,미원2,55.29,4,1997,59500,2026,4,13,중개거래
마포구,창전동,창전동현대홈타운,59.651,15,2005,120000,2026,4,21,중개거래
마포구,대흥동,대흥동태영아파트,84.77,15,1999,204000,2026,4,21,중개거래
마포구,도화동,삼성,72.185,13,1997,191000,2026,4,20,중개거래
마포구,염리동,염리삼성래미안,59.52,14,2001,150000,2026,4,20,중개거래
마포구,중동,울트라월드컵(참누리),84.9572,19,2006,134000,2026,4,20,중개거래
마포구,도화동,한화오벨리스크,59,11,2004,95000,2026,4,20,중개거래
마포구,아현동,마포래미안푸르지오1단지,84.8919,5,2014,238500,2026,4,11,중개거래
마포구,아현동,마포래미안푸르지오4단지,84.5978,25,2014,240000,2026,4,9,중개거래
마포구,공덕동,래미안공덕4차,59.9,11,2005,180000,2026,4,19,중개거래
마포구,상암동,상암월드컵파크2단지,59.92,12,2003,120000,2026,4,18,중개거래
마포구,용강동,래미안마포리버웰,84.99,5,2015,272000,2026,4,18,중개거래
마포구,대흥동,대흥동태영아파트,84.77,6,1999,205000,2026,4,18,중개거래
마포구,아현동,더클래시,59.97,13,2022,210000,2026,4,18,중개거래
마포구,신수동,마포경남아너스빌,84.95,8,2007,139000,2026,4,17,중개거래
마포구,공덕동,래미안공덕4차,83.42,2,2005,195000,2026,4,18,중개거래
마포구,염리동,염리동세양청마루아파트101동,70.33,8,2005,147000,2026,4,18,중개거래
마포구,아현동,더클래시,59.97,8,2022,212000,2026,4,17,중개거래
마포구,현석동,밤섬힐스테이트,59.4,16,1999,150000,2026,4,16,중개거래
마포구,망원동,대림2,84.79,1,2002,107000,2026,4,17,중개거래
마포구,신정동,서강GS,114.87,16,1999,160000,2026,4,2,중개거래
마포구,대흥동,대흥동태영아파트,59.4,5,1999,160000,2026,4,17,중개거래
마포구,성산동,월드컵아이파크(667),84.7,23,2009,129000,2026,4,17,중개거래
마포구,중동,강림월드타운,79.6,3,2002,70800,2026,4,1,중개거래
마포구,망원동,마포한강아이파크,111.2884,8,2019,198500,2026,4,17,중개거래
마포구,대흥동,마포자이2차,84.44,25,2014,260000,2026,4,17,중개거래
마포구,성산동,성산동성,84.97,8,1999,90000,2026,4,17,중개거래
마포구,중동,울트라월드컵(참누리),59.9882,1,2006,105000,2026,4,16,중개거래
마포구,아현동,마포래미안푸르지오3단지,59.9236,17,2014,209000,2026,4,16,중개거래
마포구,염리동,마포프레스티지자이,59.9413,22,2021,236000,2026,4,16,중개거래
마포구,서교동,서교푸르지오,92.448,11,2004,122000,2026,4,16,중개거래
마포구,중동,현대,59.55,14,2000,83250,2026,4,16,중개거래
마포구,용강동,강변그린,59.5,4,1999,65000,2026,4,3,중개거래
마포구,합정동,한국프라우드,84.9747,8,2005,140000,2026,4,2,중개거래
마포구,신공덕동,대우메트로디오빌,34.39,19,2005,29000,2026,4,14,중개거래
마포구,망원동,대림1,84.96,3,2002,120000,2026,4,15,중개거래
마포구,중동,중동계룡아파트,60,2,2000,74000,2026,4,15,중개거래
마포구,아현동,더클래시,43.27,12,2022,145000,2026,4,15,중개거래
마포구,도화동,고려,81.72,12,1984,109000,2026,4,8,중개거래
마포구,신공덕동,브라운스톤공덕아파트,84.98,10,2009,204000,2026,4,15,중개거래
마포구,아현동,마포래미안푸르지오1단지,84.8919,23,2014,247000,2026,4,15,중개거래
마포구,염리동,염리동세양청마루아파트101동,70.33,1,2005,130000,2026,4,15,중개거래
마포구,도화동,한화오벨리스크,36.96,6,2004,56800,2026,4,11,중개거래
마포구,신공덕동,브라운스톤공덕아파트,59.89,4,2009,190000,2026,4,15,중개거래
마포구,신수동,신촌숲아이파크,59.376,32,2019,212000,2026,4,10,중개거래
마포구,현석동,래미안웰스트림,114.95,10,2016,290000,2026,4,11,중개거래
마포구,망원동,마포한강아이파크,111.2884,14,2019,207000,2026,4,15,중개거래
마포구,상수동,상수두산위브,114.533,21,2004,191000,2026,4,15,중개거래
마포구,신공덕동,펜트라우스,104.97,14,2011,157000,2026,4,2,중개거래
마포구,망원동,대상3,84.9,8,2000,87500,2026,4,14,중개거래
마포구,망원동,미원1,58.98,2,1996,59300,2026,4,9,중개거래
마포구,대흥동,대흥동태영아파트,84.77,17,1999,203000,2026,4,14,중개거래
마포구,상암동,상암월드컵파크12단지,84.89,5,2010,108000,2026,4,13,중개거래
마포구,성산동,성사1차풍림아파트101동,59.85,11,2000,70700,2026,4,7,중개거래
마포구,창전동,해모로,83.85,8,2007,189400,2026,4,13,중개거래
마포구,합정동,한국프라우드,84.9747,9,2005,107000,2026,4,10,중개거래
마포구,공덕동,래미안공덕5차,59.959,15,2011,200000,2026,4,12,중개거래
마포구,서교동,대우미래사랑,32.39,12,2005,30000,2026,4,11,중개거래
마포구,도화동,우성,68.94,10,1991,163000,2026,4,11,중개거래
마포구,신공덕동,블레스하임,23.89,14,2019,41000,2026,4,11,중개거래
마포구,공덕동,공덕3삼성래미안,84.98,7,2004,225000,2026,4,11,중개거래
마포구,공덕동,공덕3삼성래미안,84.98,5,2004,222000,2026,4,10,중개거래
마포구,상암동,상암월드컵파크7단지,84.9,12,2005,132000,2026,4,10,중개거래
마포구,공덕동,래미안공덕5차,59.959,4,2011,199500,2026,4,11,중개거래
마포구,성산동,성산월드타운대림,84.549,7,2004,107000,2026,4,3,중개거래
마포구,중동,동원월드타운,118.085,9,2004,100700,2026,4,11,중개거래
마포구,아현동,마포래미안푸르지오4단지,84.5978,13,2014,248000,2026,4,3,중개거래
마포구,창전동,창전래미안,59.94,7,1998,138000,2026,4,10,중개거래
마포구,염리동,마포프레스티지자이,59.8772,10,2021,229500,2026,4,10,중개거래
마포구,중동,마포중동현대,59.88,23,2001,104500,2026,4,10,중개거래
마포구,중동,마포중동현대,84.9,2,2001,109000,2026,4,10,중개거래
마포구,망원동,강변타운,84.98,3,2000,92000,2026,4,9,중개거래
마포구,노고산동,신촌포스빌,32.34,15,2004,24900,2026,4,17,중개거래
마포구,신수동,신촌숲아이파크,84.901,18,2019,240000,2026,4,9,중개거래
마포구,성산동,그레이스,82.01,2,2002,79000,2026,4,8,중개거래
마포구,상암동,상암월드컵파크5단지,84.75,15,2005,145000,2026,4,6,중개거래
마포구,도화동,우성,111.725,11,1991,195000,2026,4,1,중개거래
마포구,신수동,신수동성원,59.76,9,1998,123000,2026,4,1,중개거래
마포구,용강동,이편한세상마포리버파크,59.98,9,2016,220000,2026,4,7,중개거래
마포구,도화동,현대홈타운,59.17,20,2000,150000,2026,4,7,중개거래
마포구,중동,건영월드컵,79.58,11,2002,99000,2026,4,7,중개거래
마포구,상암동,상암월드컵파크9단지,84.98,15,2010,107000,2026,4,4,중개거래
마포구,아현동,마포래미안푸르지오4단지,84.3884,10,2014,248000,2026,4,3,중개거래
마포구,상암동,상암월드컵파크3단지,84.84,10,2003,129500,2026,4,7,중개거래
마포구,망원동,망원동동원데쟈뷰,84.85,2,2008,89500,2026,4,3,중개거래
마포구,염리동,마포프레스티지자이,59.8772,1,2021,215000,2026,4,6,중개거래
마포구,서교동,메세나폴리스,142.034,18,2012,250000,2026,4,2,중개거래
마포구,아현동,마포래미안푸르지오4단지,59.9236,2,2014,210000,2026,4,4,중개거래
마포구,상암동,DMC상암센트럴파크2단지,36.69,3,2009,66800,2026,4,3,중개거래
마포구,상암동,상암월드컵파크9단지,84.94,7,2010,103800,2026,4,1,중개거래
마포구,창전동,창전래미안,84.93,15,1998,151000,2026,4,2,중개거래
마포구,아현동,마포래미안푸르지오4단지,59.9656,8,2014,213500,2026,4,2,중개거래
마포구,신공덕동,신공덕1차삼성래미안1아파트,114.75,1,2000,189000,2026,4,2,중개거래
마포구,상암동,상암월드컵파크12단지,114.53,9,2010,129500,2026,4,2,중개거래
마포구,현석동,강변힐스테이트,59.54,16,2004,163000,2026,4,2,중개거래
마포구,망원동,우림루미아트,84.546,3,2003,95700,2026,4,1,중개거래
마포구,중동,현대,84.94,17,2000,70000,2026,4,1,직거래
마포구,망원동,대림1,84.96,18,2002,132000,2026,4,1,중개거래
마포구,망원동,미원2,55.29,6,1997,68500,2026,4,1,중개거래
마포구,중동,강림월드타운,79.6,3,2002,70800,2026,4,1,중개거래
양천구,목동,목동금호베스트빌,58.86,4,2002,83500,2026,4,6,중개거래
양천구,신월동,신안파크,56.78,1,1987,36000,2026,4,30,중개거래
양천구,신정동,SM엘루이아파트,84.96,9,2008,95000,2026,4,21,중개거래
양천구,목동,트라팰리스웨스턴에비뉴,146.1,22,2009,340000,2026,4,30,중개거래
양천구,신정동,목동삼성,114.93,15,1996,188000,2026,4,25,중개거래
양천구,목동,목동신시가지7,59.39,1,1986,220500,2026,4,28,중개거래
양천구,신정동,동일하이빌2단지,115.321,12,2005,137000,2026,4,28,중개거래
양천구,목동,롯데캐슬위너,84.97,5,2005,139500,2026,4,27,중개거래
양천구,신월동,롯데캐슬(1057-1),84.63,13,2010,89800,2026,4,29,중개거래
양천구,신정동,목동힐스테이트,84.88,7,2016,150000,2026,4,24,중개거래
양천구,신정동,중앙하이츠,104.62,14,2010,115000,2026,4,28,중개거래
양천구,목동,목동신시가지7,101.2,12,1986,315000,2026,4,10,중개거래
양천구,신정동,목동삼성,114.93,20,1996,169000,2026,4,24,중개거래
양천구,신정동,목동신시가지9,156.84,15,1987,351500,2026,4,22,중개거래
양천구,신정동,청구,84.99,1,1992,127000,2026,4,30,중개거래
양천구,신정동,보성주상복합,84.93,5,1996,77700,2026,4,25,중개거래
양천구,신월동,해태,84.93,16,1999,57800,2026,4,11,중개거래
양천구,신월동,목동센트럴아이파크위브2단지,59.68,5,2020,105000,2026,4,30,중개거래
양천구,신월동,예담파크뷰,78.5,6,2026,76000,2026,4,29,직거래
양천구,신월동,나산,59.9,3,1997,37000,2026,4,24,중개거래
양천구,신정동,푸른마을2,59.85,3,2001,68000,2026,4,30,중개거래
양천구,신월동,예담파크뷰,111.41,5,2026,108000,2026,4,29,직거래
양천구,신월동,신안파크,60.2,2,1987,37400,2026,4,30,중개거래
양천구,신정동,이펜하우스2단지,84.51,2,2011,73700,2026,4,30,중개거래
양천구,목동,목동신시가지2,144,10,1986,388000,2026,4,24,중개거래
양천구,신월동,연흥,68.92,1,2004,34000,2026,4,30,중개거래
양천구,목동,목동신시가지3,64.98,6,1986,235000,2026,4,24,중개거래
양천구,목동,건영,84.27,4,1994,76000,2026,4,30,중개거래
양천구,신정동,신트리4,48.96,6,2000,72500,2026,4,29,중개거래
양천구,목동,목동신시가지3,64.98,1,1986,225000,2026,4,30,중개거래
양천구,신월동,롯데캐슬(1057-0),70.91,1,2010,79500,2026,4,28,중개거래
양천구,신정동,푸른마을2,59.91,10,2001,60000,2026,4,30,중개거래
양천구,신월동,리슈리안,52.74,3,2015,50000,2026,4,30,중개거래
양천구,신정동,신정6현대,84.6,1,2000,86000,2026,4,30,중개거래
양천구,목동,대원,76.115,8,2002,86000,2026,4,13,중개거래
양천구,신월동,목동센트럴아이파크위브1단지,84.96,18,2020,136000,2026,4,30,중개거래
양천구,신월동,신월2차보람쉬움,59.43,8,2005,53000,2026,4,30,중개거래
양천구,신정동,학마을1단지,49.98,10,2000,59500,2026,4,30,중개거래
양천구,목동,상진지오벨리,84.8,5,2004,63500,2026,4,30,중개거래
양천구,신정동,파인빌,73.138,3,2001,88000,2026,4,30,중개거래
양천구,신월동,길훈엔트런스빌,84.96,8,2005,64000,2026,4,29,중개거래
양천구,목동,우성,84.44,14,1992,175000,2026,4,29,중개거래
양천구,신정동,신트리4,49.08,12,2000,69500,2026,4,29,중개거래
양천구,목동,목동신시가지7,66.6,1,1986,216500,2026,4,29,중개거래
양천구,신월동,신정두산위브,75.63,14,2012,105500,2026,4,29,중개거래
양천구,신정동,동일하이빌1단지,84.955,8,2005,105000,2026,4,29,중개거래
양천구,신정동,보람쉬움,54.821,7,2003,56500,2026,4,23,중개거래
양천구,신월동,대성유니드,76,10,2004,46000,2026,4,24,직거래
양천구,신월동,대성유니드,76,8,2004,67250,2026,4,27,중개거래
양천구,목동,대원,84.986,7,2002,84500,2026,4,27,중개거래
양천구,신정동,로마아트빌,84.959,2,2003,70000,2026,4,15,중개거래
양천구,신월동,태헌(신월프라자),56.97,4,1999,23000,2026,4,24,중개거래
양천구,신정동,신트리1,49.8,4,1999,81500,2026,4,28,중개거래
양천구,신정동,대성유니드1차,70.63,1,2004,53500,2026,4,27,중개거래
양천구,신월동,롯데캐슬,59.747,2,2014,97000,2026,4,28,중개거래
양천구,목동,건영,84.27,1,1994,70000,2026,4,24,중개거래
양천구,목동,목동신시가지3,64.98,5,1986,230000,2026,4,21,중개거래
양천구,신월동,신목동파라곤,59.7052,11,2024,91300,2026,4,27,중개거래
양천구,신정동,제이월드,75.0676,6,2001,66900,2026,4,28,중개거래
양천구,신월동,벽산블루밍2단지,84.9285,3,2003,78000,2026,4,27,중개거래
양천구,신월동,삼익2차플라주,78.65,4,2006,60000,2026,4,28,중개거래
양천구,신월동,목동센트럴아이파크위브2단지,84.98,21,2020,130000,2026,4,27,중개거래
양천구,신정동,세양청마루,84.98,8,2006,113000,2026,4,27,중개거래
양천구,신월동,목동센트럴아이파크위브2단지,84.97,4,2020,128000,2026,4,27,중개거래
양천구,목동,건영,84.27,8,1994,75000,2026,4,27,중개거래
양천구,신월동,신성미소지움,84.57,15,2003,74500,2026,4,24,중개거래
양천구,신정동,신트리1,59.73,9,1999,95000,2026,4,18,중개거래
양천구,목동,목동청구한신아파트,84.76,10,1997,203000,2026,4,27,중개거래
양천구,신정동,정은스카이빌3차,84.88,8,2004,73000,2026,4,22,중개거래
양천구,목동,목동현대1,84.9,1,1997,190500,2026,4,27,중개거래
양천구,신월동,목동센트럴아이파크위브1단지,84.97,7,2020,132500,2026,4,27,중개거래
양천구,신월동,양천벽산블루밍1단지,84.77,9,2006,74500,2026,4,27,중개거래
양천구,신월동,목동센트럴아이파크위브2단지,84.97,11,2020,90000,2026,4,16,직거래
양천구,신월동,해태,84.05,8,1999,56000,2026,4,27,중개거래
양천구,신정동,푸른마을3,59.91,11,2001,64000,2026,4,27,중개거래
양천구,신월동,목동센트럴아이파크위브3단지,52.85,8,2020,97300,2026,4,26,중개거래
양천구,신정동,신트리1,59.73,9,1999,97000,2026,4,26,중개거래
양천구,목동,두란,68.86,1,1996,39700,2026,4,9,중개거래
양천구,신월동,목동센트럴아이파크위브1단지,59.88,11,2020,120000,2026,4,25,중개거래
양천구,신월동,롯데캐슬,84.984,7,2014,119800,2026,4,25,중개거래
양천구,신정동,중앙하이츠,104.62,1,2010,106000,2026,4,25,중개거래
양천구,신정동,신트리1,49.8,4,1999,82000,2026,4,25,중개거래
양천구,신정동,신트리1,49.95,3,1999,85300,2026,4,25,중개거래
양천구,신월동,대주파크빌,84.89,24,2004,80500,2026,4,25,중개거래
양천구,신월동,목동센트럴아이파크위브4단지,84.97,8,2020,130000,2026,4,24,중개거래
양천구,신월동,신정두산위브,84.22,4,2012,98500,2026,4,24,중개거래
양천구,신월동,롯데캐슬,84.984,16,2014,121000,2026,4,24,중개거래
양천구,신정동,삼성쉐르빌,216.29,5,2003,267000,2026,4,15,중개거래
양천구,목동,부영3,152.63,7,2000,205000,2026,4,24,중개거래
양천구,신정동,대성유니드1차,59.87,6,2004,65000,2026,4,24,중개거래
양천구,목동,목동신시가지7,53.88,10,1986,221000,2026,4,24,중개거래
양천구,신정동,뉴목동,84.31,6,2001,70000,2026,4,16,중개거래
양천구,신정동,학마을1단지,49.98,7,2000,61300,2026,4,24,중개거래
양천구,목동,목동신시가지4,65.34,2,1986,225000,2026,4,22,중개거래
양천구,목동,금강에스쁘아,82.615,17,2002,118000,2026,4,23,중개거래
양천구,신정동,신호,84.9,11,1997,75800,2026,4,23,중개거래
양천구,신월동,목동센트럴아이파크위브2단지,59.88,13,2020,122000,2026,4,23,중개거래
양천구,목동,성원2,114.57,6,2000,93300,2026,4,23,중개거래
양천구,신정동,대림e-편한세상,84.985,8,2004,60500,2026,4,20,직거래
양천구,목동,부영3,159.57,23,2000,225000,2026,4,21,직거래
양천구,신월동,동원데자뷰,84.9755,5,2012,80000,2026,4,22,중개거래
양천구,목동,목동신시가지3,95.16,2,1986,274000,2026,4,17,중개거래
양천구,신정동,청우,73.63,7,2009,45000,2026,4,22,중개거래
양천구,신월동,서울,66.42,2,1993,37500,2026,4,22,중개거래
양천구,신정동,아이파크,59.82,7,2002,170000,2026,4,20,중개거래
양천구,신월동,양천홈타운1차,33.59,3,2019,24000,2026,4,21,중개거래
양천구,신정동,신트리1,49.95,2,1999,85000,2026,4,22,중개거래
양천구,신월동,덕현해밀(101동),84.98,7,2013,55000,2026,4,10,중개거래
양천구,목동,인우,74.983,2,2002,71000,2026,4,20,중개거래
양천구,신정동,학마을1단지,49.99,8,2000,59400,2026,4,17,중개거래
양천구,신정동,신트리1,49.95,11,1999,89000,2026,4,20,중개거래
양천구,신월동,목동센트럴아이파크위브4단지,84.97,6,2020,130500,2026,4,21,중개거래
양천구,목동,목동성원,84.94,8,2000,139500,2026,4,18,중개거래
양천구,신정동,목동힐스테이트,84.98,19,2016,199000,2026,4,16,중개거래
양천구,목동,인우,79.218,2,2002,69500,2026,4,21,중개거래
양천구,신정동,동일하이빌2단지,115.321,15,2005,105000,2026,4,18,직거래
양천구,목동,목동청구한신아파트,84.77,1,1997,190000,2026,4,20,중개거래
양천구,신정동,신트리3,84.97,11,2000,114500,2026,4,21,중개거래
양천구,신정동,신트리4,48.96,13,2000,71000,2026,4,21,중개거래
양천구,목동,성원2,59.9,5,2000,61000,2026,4,20,중개거래
양천구,신월동,목동센트럴아이파크위브2단지,52.85,1,2020,85500,2026,4,11,중개거래
양천구,신정동,대성유니드1차,59.87,13,2004,58000,2026,4,21,중개거래
양천구,목동,목동이-편한세상,134.77,12,2006,195000,2026,4,20,중개거래
양천구,목동,목동성원(926-8),84.31,2,1997,196000,2026,4,19,중개거래
양천구,목동,목동신시가지7,59.39,1,1986,228000,2026,4,20,중개거래
양천구,목동,삼익,84.88,14,1997,174000,2026,4,20,중개거래
양천구,신월동,조광,104.1,5,1997,45000,2026,4,8,직거래
양천구,신정동,신정6현대,59.4,3,2000,66700,2026,4,16,중개거래
양천구,신정동,대림e-편한세상,84.985,13,2004,94300,2026,4,17,중개거래
양천구,신정동,목동우성2,84.96,14,2000,127000,2026,4,18,중개거래
양천구,신정동,흥영,82.53,8,1996,58000,2026,4,18,중개거래
양천구,목동,목동신시가지3,64.98,1,1986,222500,2026,4,19,중개거래
양천구,신정동,목동현대3차,84.77,6,1997,173000,2026,4,8,중개거래
양천구,신정동,푸른마을4,84.99,7,2002,85500,2026,4,18,중개거래
양천구,신정동,목동힐스테이트,84.98,4,2016,203000,2026,4,19,중개거래
양천구,목동,목동신시가지7,101.2,3,1986,312500,2026,4,17,중개거래
양천구,신정동,대성유니드1차,59.87,9,2004,59000,2026,4,18,중개거래
양천구,신정동,학마을1단지,49.99,15,2000,60000,2026,4,18,중개거래
양천구,신정동,이펜하우스4단지,59.93,1,2011,65500,2026,4,18,중개거래
양천구,신월동,신안약수,68,9,1985,66000,2026,4,18,중개거래
양천구,목동,목동현대1,59.9,10,1997,165000,2026,4,18,중개거래
양천구,목동,목동신시가지4,47.25,6,1986,200000,2026,4,17,중개거래
양천구,신정동,이펜하우스4단지,84.51,6,2011,80000,2026,4,18,중개거래
양천구,목동,목동신시가지7,66.6,10,1986,254000,2026,4,15,중개거래
양천구,목동,목동청구한신아파트,84.77,3,1997,199000,2026,4,17,중개거래
양천구,신정동,신트리4,59.73,10,2000,84750,2026,4,17,중개거래
양천구,목동,성원2,59.9,11,2000,75000,2026,4,17,중개거래
양천구,목동,현대,83.16,13,1996,172000,2026,4,17,중개거래
양천구,신정동,신정동로마,57.48,7,2005,48000,2026,4,17,직거래
양천구,목동,목동신시가지4,47.25,17,1986,189500,2026,4,17,중개거래
양천구,신월동,신성미소지움,84.57,15,2003,45160,2026,4,17,직거래
양천구,신정동,목동힐스테이트,84.88,17,2016,207000,2026,4,17,중개거래
양천구,목동,목동트윈빌,158.4,14,2000,170000,2026,4,11,중개거래
양천구,신월동,신안약수,68,3,1985,40700,2026,4,16,직거래
양천구,목동,목동신시가지4,48.69,6,1986,185000,2026,4,17,중개거래
양천구,신정동,래미안목동아델리체(101동~118동),84.95,19,2021,185000,2026,4,17,중개거래
양천구,목동,목동효성,84.87,12,2003,60000,2026,4,14,중개거래
양천구,목동,목동신시가지3,116.12,3,1986,317000,2026,4,16,중개거래
양천구,목동,명지해드는터,84.82,8,2005,98000,2026,4,16,중개거래
양천구,목동,목동신시가지7,74.12,3,1986,263000,2026,4,16,중개거래
양천구,신월동,보람쉬움1,69.91,14,2003,58500,2026,4,16,중개거래
양천구,신정동,푸른마을4,84.99,12,2002,84000,2026,4,13,중개거래
양천구,신정동,학마을1단지,49.98,4,2000,56500,2026,4,16,중개거래
양천구,신정동,동원로데오,84.2,6,2006,85000,2026,4,15,중개거래
양천구,목동,목동신시가지7,53.88,6,1986,210000,2026,4,15,중개거래
양천구,신정동,목동우성3,59.69,6,1999,73000,2026,4,15,중개거래
양천구,신정동,파인빌,73.138,6,2001,93000,2026,4,15,중개거래
양천구,신월동,수명산롯데캐슬,84.96,9,2008,80500,2026,4,11,중개거래
양천구,목동,두란,78.75,1,1996,53600,2026,4,14,중개거래
양천구,신정동,신일해피트리,84.98,8,2004,75000,2026,4,10,중개거래
양천구,신정동,호반써밋목동,59.9182,5,2022,142500,2026,4,10,중개거래
양천구,목동,롯데캐슬위너,127.65,6,2005,153000,2026,4,14,중개거래
양천구,목동,목동신시가지4,65.34,1,1986,225000,2026,4,14,중개거래
양천구,목동,금강에스쁘아,59.691,11,2002,90000,2026,4,13,중개거래
양천구,신정동,이펜하우스1단지,84.86,6,2011,79500,2026,4,13,중개거래
양천구,목동,목동신시가지3,95.74,4,1986,280000,2026,4,7,중개거래
양천구,목동,목동신시가지4,47.25,9,1986,187000,2026,4,14,중개거래
양천구,목동,목동신시가지7,66.6,6,1986,182000,2026,4,24,중개거래
양천구,목동,목동신시가지4,47.25,13,1986,193000,2026,4,10,중개거래
양천구,신정동,목동우성2,84.96,15,2000,125000,2026,4,14,중개거래
양천구,신월동,영남타운,42.39,7,1996,20500,2026,4,13,중개거래
양천구,목동,금호어울림,84.99,8,2004,145000,2026,4,14,중개거래
양천구,신정동,신트리1,59.73,9,1999,66000,2026,4,14,중개거래
양천구,목동,목동벨로스주상복합,66.88,3,2019,51000,2026,4,13,중개거래
양천구,신정동,이펜하우스3단지,59.93,7,2011,67000,2026,4,13,중개거래
양천구,신월동,목동센트럴아이파크위브2단지,84.98,8,2020,129500,2026,4,12,중개거래
양천구,신정동,신트리1,49.8,12,1999,85000,2026,4,13,중개거래
양천구,신정동,대림,84.89,7,1992,142000,2026,4,13,중개거래
양천구,신월동,길훈,42.57,3,1987,28000,2026,4,11,중개거래
양천구,목동,목동신시가지7,66.6,14,1986,255000,2026,4,13,중개거래
양천구,신월동,예건미예뜰1동,71.72,2,2004,45000,2026,4,13,중개거래
양천구,신정동,래미안목동아델리체(101동~118동),84.95,23,2021,177000,2026,4,8,중개거래
양천구,신정동,대림e-편한세상,104.466,4,2004,105000,2026,4,11,중개거래
양천구,목동,목동신시가지7,66.6,2,1986,246000,2026,4,13,중개거래
양천구,신정동,목동우성2,113.91,14,2000,142500,2026,4,13,중개거래
양천구,목동,목동신시가지3,122.35,1,1986,295000,2026,4,13,중개거래
양천구,목동,목동신시가지3,64.98,5,1986,232500,2026,4,8,중개거래
양천구,신월동,신목동파라곤,84.9582,13,2024,112500,2026,4,12,중개거래
양천구,목동,목동신시가지7,53.88,12,1986,208700,2026,4,12,중개거래
양천구,신정동,신트리4,49.08,15,2000,67000,2026,4,12,중개거래
양천구,신월동,목동센트럴아이파크위브1단지,84.98,7,2020,130000,2026,4,10,중개거래
양천구,신월동,신목동파라곤,59.7052,17,2024,90000,2026,4,11,중개거래
양천구,목동,현대I-PARK,82.81,3,2003,152000,2026,4,11,중개거래
양천구,신월동,목동센트럴아이파크위브2단지,52.85,13,2020,99000,2026,4,11,중개거래
양천구,신월동,올림푸스(150-1),84.32,10,2006,45000,2026,4,11,중개거래
양천구,신정동,목동힐스테이트,59.95,9,2016,175000,2026,4,11,중개거래
양천구,신월동,신월대림,114.3,4,2001,78000,2026,4,10,중개거래
양천구,신정동,이펜하우스2단지,84.96,1,2011,72500,2026,4,10,중개거래
양천구,목동,롯데캐슬위너,84.98,20,2005,143000,2026,4,11,중개거래
양천구,신정동,경남아너스빌,84.98,12,2004,160500,2026,4,10,중개거래
양천구,신월동,벽산블루밍1단지,59.9465,4,2003,68000,2026,4,10,중개거래
양천구,신월동,신도신월1차,80.19,6,2004,71300,2026,4,10,중개거래
양천구,신정동,호반써밋목동,59.9182,5,2022,142500,2026,4,10,중개거래
양천구,목동,목동신시가지7,59.39,2,1986,227000,2026,4,10,중개거래
양천구,목동,목동신시가지7,101.2,13,1986,320000,2026,4,8,중개거래
양천구,신월동,수명산SKVIEW,84.94,6,2009,87500,2026,4,10,중개거래
양천구,신정동,경남아너스빌,96.83,1,2004,150500,2026,4,10,중개거래
양천구,목동,목동신시가지7,101.2,12,1986,315000,2026,4,10,중개거래
양천구,목동,건진,98.58,5,1994,96500,2026,4,8,중개거래
양천구,신정동,이펜하우스1단지,59.93,4,2011,60000,2026,4,8,직거래
양천구,신월동,수명산롯데캐슬,59.98,11,2008,68500,2026,4,9,중개거래
양천구,목동,목동신시가지7,59.39,1,1986,228000,2026,4,9,중개거래
양천구,신정동,대림e-편한세상,109.905,12,2004,102800,2026,4,9,중개거래
양천구,목동,목동신시가지7,53.88,3,1986,210000,2026,4,7,중개거래
양천구,목동,우성,84.44,5,1992,173000,2026,4,9,중개거래
양천구,신정동,대성유니드1차,59.87,3,2004,60000,2026,4,8,중개거래
양천구,신정동,대림e-편한세상,59.921,10,2004,51500,2026,4,9,중개거래
양천구,목동,목동신시가지4,65.34,11,1986,231000,2026,4,8,중개거래
양천구,목동,목동롯데캐슬마에스트로,59.984,10,2019,134000,2026,4,8,중개거래
양천구,신정동,목동우성3,59.69,2,1999,70000,2026,4,8,중개거래
양천구,목동,금호아파트(768),84.92,12,1995,103000,2026,4,8,중개거래
양천구,신월동,수명산그린시아,83.75,3,2014,56800,2026,4,8,중개거래
양천구,신정동,로데오휘버스빌,84.99,2,2003,49000,2026,4,8,중개거래
양천구,신정동,이펜하우스3단지,84.86,12,2011,83500,2026,4,8,중개거래
양천구,신정동,로데오휘버스빌,84.99,6,2003,60000,2026,4,6,직거래
양천구,신월동,대성유니드,84.3,3,2004,72000,2026,4,7,중개거래
양천구,신정동,푸른마을2,59.99,10,2001,65800,2026,4,8,중개거래
양천구,목동,성보,84.16,2,2010,82000,2026,4,7,중개거래
양천구,목동,목동청구한신아파트,84.77,7,1997,220000,2026,4,7,중개거래
양천구,신월동,롯데캐슬,84.966,6,2014,122800,2026,4,7,중개거래
양천구,신정동,신트리1,49.8,12,1999,86500,2026,4,7,중개거래
양천구,신월동,목동센트럴아이파크위브4단지,84.98,2,2020,130000,2026,4,7,중개거래
양천구,목동,목동금호베스트빌,58.86,4,2002,83500,2026,4,6,중개거래
양천구,신월동,신목동파라곤,59.7052,16,2024,80000,2026,4,5,중개거래
양천구,신월동,신도신월1차,80.19,4,2004,69000,2026,4,7,중개거래
양천구,신월동,장수마을2단지동원데쟈뷰,84.01,3,2007,75900,2026,4,5,중개거래
양천구,신월동,금하뜨라네,84.95,2,2016,44000,2026,4,6,중개거래
양천구,목동,건영,84.33,12,1994,76000,2026,4,6,중개거래
양천구,신월동,목동센트럴아이파크위브3단지,59.88,7,2020,120000,2026,4,6,중개거래
양천구,신월동,롯데캐슬,59.948,8,2014,99000,2026,4,6,중개거래
양천구,신월동,방주아크빌,64.363,4,2002,41000,2026,4,1,중개거래
양천구,목동,목동트윈빌,175.65,14,2000,191000,2026,4,3,중개거래
양천구,목동,목동신시가지3,64.98,7,1986,226000,2026,4,6,중개거래
양천구,목동,목동신시가지7,66.6,2,1986,237500,2026,4,2,중개거래
양천구,목동,목동신시가지3,64.98,10,1986,222000,2026,4,4,중개거래
양천구,신정동,목동파크자이(101동~108동),84.977,1,2019,167000,2026,4,6,중개거래
양천구,신월동,청송그린힐,69.26,12,2003,43000,2026,4,3,중개거래
양천구,신월동,신도신월1차,84.85,7,2004,74750,2026,4,3,중개거래
양천구,신월동,목동센트럴아이파크위브3단지,84.98,13,2020,132000,2026,4,5,중개거래
양천구,신정동,목동힐스테이트,59.95,13,2016,167000,2026,4,5,중개거래
양천구,신월동,신월2차미소지움,83.47,11,2005,70000,2026,4,5,중개거래
양천구,신월동,목동센트럴아이파크위브1단지,84.97,8,2020,133000,2026,4,4,중개거래
양천구,신월동,롯데캐슬,59.948,13,2014,102000,2026,4,4,중개거래
양천구,신월동,신안약수,68,8,1985,65300,2026,4,4,중개거래
양천구,신월동,목동센트럴아이파크위브2단지,59.88,10,2020,121000,2026,4,4,중개거래
양천구,목동,우성,84.44,8,1992,173500,2026,4,4,중개거래
양천구,신정동,신트리4,49.08,11,2000,66000,2026,4,3,중개거래
양천구,목동,목동신시가지7,59.39,5,1986,218000,2026,4,4,중개거래
양천구,신월동,롯데캐슬,84.984,19,2014,117000,2026,4,3,중개거래
양천구,목동,목동신시가지7,53.88,14,1986,208000,2026,4,3,중개거래
양천구,신정동,래미안목동아델리체(101동~118동),115.97,26,2021,213000,2026,4,2,중개거래
양천구,신정동,보람쉬움,79.5708,3,2003,70200,2026,4,2,중개거래
양천구,신월동,롯데캐슬,59.474,5,2014,104500,2026,4,3,중개거래
양천구,신정동,대림e-편한세상,84.985,4,2004,92000,2026,4,2,중개거래
양천구,신정동,동일하이빌2단지,84.955,8,2005,107000,2026,4,2,중개거래
양천구,목동,현대파크빌(907-23),149.92,18,2003,115000,2026,4,1,직거래
양천구,신월동,방주기픈샘,80.395,8,2004,55000,2026,4,2,중개거래
양천구,목동,롯데캐슬위너,127.65,6,2005,150500,2026,4,1,중개거래
양천구,신월동,벽산블루밍1단지,59.9465,8,2003,66800,2026,4,1,중개거래
양천구,목동,롯데캐슬위너,84.98,15,2005,144000,2026,4,1,중개거래
강서구,방화동,신동아,130.98,13,1995,86500,2026,4,30,중개거래
강서구,화곡동,혜성오피아파트,22.49,10,2018,20500,2026,4,6,중개거래
강서구,화곡동,강서힐스테이트,84.99,11,2015,139000,2026,4,23,직거래
강서구,방화동,방화5,33.18,13,1994,47000,2026,4,29,중개거래
강서구,마곡동,벽산,84.97,4,1999,90000,2026,4,14,중개거래
강서구,등촌동,코오롱오투빌2,84.96,6,2002,83800,2026,4,27,중개거래
강서구,염창동,삼성한아름,84.89,4,1993,84500,2026,4,11,중개거래
강서구,내발산동,마곡수명산파크5단지,59.87,5,2008,100000,2026,4,27,직거래
강서구,방화동,현대,84.99,2,1993,85000,2026,4,6,중개거래
강서구,가양동,가양강나루현대,59.76,1,1999,67000,2026,4,30,직거래
강서구,화곡동,강서힐스테이트,84.99,11,2015,139000,2026,4,24,직거래
강서구,화곡동,강서아이파크,83.077,15,2005,79000,2026,4,30,중개거래
강서구,화곡동,메종드로제,33.4,8,2019,23000,2026,4,22,중개거래
강서구,가양동,가양2단지(성지),34.69,1,1992,59000,2026,4,27,중개거래
강서구,방화동,방화4단지,134.61,5,1994,96000,2026,4,30,직거래
강서구,화곡동,탑건진선미,69.33,4,2005,60500,2026,4,30,중개거래
강서구,방화동,현대,84.99,3,1993,86000,2026,4,29,중개거래
강서구,등촌동,"진로,미주아파트",84.96,11,1994,99500,2026,4,16,중개거래
강서구,화곡동,금호,107.4,5,2002,53000,2026,4,29,중개거래
강서구,등촌동,한사랑2삼성,84.96,17,1999,109500,2026,4,29,중개거래
강서구,화곡동,중앙화곡하이츠,56.88,10,1988,46500,2026,4,26,중개거래
강서구,화곡동,우장산롯데캐슬,177.86,15,2003,90100,2026,4,15,직거래
강서구,등촌동,주공10,37.67,3,1995,67500,2026,4,30,중개거래
강서구,공항동,더트루엘마곡HQ,48.3293,8,2024,67500,2026,4,28,직거래
강서구,등촌동,다울,83.286,8,2002,72000,2026,4,25,중개거래
강서구,마곡동,마곡엠밸리7단지,84.55,9,2014,196000,2026,4,27,중개거래
강서구,화곡동,타워빌,81.71,3,2001,74000,2026,4,21,중개거래
강서구,화곡동,일성스카이빌,59.96,8,2001,38000,2026,4,22,직거래
강서구,염창동,삼성한아름,84.89,2,1993,82500,2026,4,25,중개거래
강서구,염창동,삼정그린코아,126.035,7,2001,103000,2026,4,26,직거래
강서구,방화동,마곡서광(치현마을),59.67,9,1998,57000,2026,4,27,중개거래
강서구,염창동,염창1차보람더하임,116.92,9,2008,139500,2026,4,16,중개거래
강서구,방화동,방화동동부센트레빌(875번지),84.97,7,2003,94600,2026,4,23,중개거래
강서구,방화동,동성,64.65,10,1993,77000,2026,4,25,중개거래
강서구,가양동,가양2단지(성지),49.56,13,1992,102500,2026,4,20,중개거래
강서구,방화동,동성,64.65,9,1993,69000,2026,4,25,중개거래
강서구,화곡동,벨라팰리스,24.71,10,2015,20000,2026,4,3,직거래
강서구,등촌동,등촌파밀리에더클래식201동,49.78,7,2020,73000,2026,4,30,중개거래
강서구,방화동,방화그린,33.6,14,1993,28000,2026,4,29,중개거래
강서구,화곡동,중앙화곡하이츠,56.88,11,1988,42000,2026,4,21,중개거래
강서구,방화동,신동아,84.81,8,1995,78500,2026,4,11,중개거래
강서구,마곡동,마곡엠밸리5단지,114.86,7,2014,153000,2026,4,24,직거래
강서구,등촌동,등촌동아이파크,84.9958,14,2004,117000,2026,4,14,중개거래
강서구,방화동,개화,101.86,6,1994,90500,2026,4,25,중개거래
강서구,화곡동,갤러리빌,13.98,7,2011,10000,2026,4,17,중개거래
강서구,등촌동,등촌라인(조합),59.91,13,1997,90000,2026,4,11,중개거래
강서구,등촌동,대림,89.975,6,1995,124000,2026,4,28,중개거래
강서구,등촌동,태진아름,84.81,5,1995,95000,2026,4,22,중개거래
강서구,화곡동,드림시드아파트1차,44.53,12,2017,34000,2026,4,26,중개거래
강서구,화곡동,갤러리빌,12.54,7,2011,10000,2026,4,17,중개거래
강서구,등촌동,주공3,58.14,6,1995,62000,2026,4,22,직거래
강서구,가양동,가양2단지(성지),34.44,14,1992,67100,2026,4,29,중개거래
강서구,방화동,마곡중앙하이츠아파트,59.34,14,1994,64800,2026,4,24,중개거래
강서구,염창동,극동,59.9,2,2000,67000,2026,4,30,직거래
강서구,방화동,한숲마을대림,59.69,10,1999,60900,2026,4,24,중개거래
강서구,가양동,가양2단지(성지),39.6,10,1992,79700,2026,4,27,중개거래
강서구,방화동,개화,101.86,9,1994,90000,2026,4,28,중개거래
강서구,등촌동,"진로,미주아파트",84.96,9,1994,104800,2026,4,30,중개거래
강서구,방화동,마곡중앙하이츠아파트,39.58,10,1994,47000,2026,4,27,중개거래
강서구,화곡동,갤러리빌,24.62,7,2011,12000,2026,4,17,중개거래
강서구,등촌동,삼성한사랑1,59.73,6,1997,89000,2026,4,30,중개거래
강서구,가양동,가양6단지,39.6,4,1992,81000,2026,4,30,중개거래
강서구,등촌동,나성,84.7533,8,2003,81000,2026,4,30,중개거래
강서구,등촌동,주공5,58.14,15,1995,98000,2026,4,30,중개거래
강서구,화곡동,푸른숲,59.97,3,2007,40500,2026,4,6,중개거래
강서구,가양동,강변,49.5,11,1992,108000,2026,4,30,중개거래
강서구,마곡동,마곡13단지힐스테이트마스터,84.9805,13,2017,173000,2026,4,30,중개거래
강서구,내발산동,우장산힐스테이트,84.98,5,2005,163250,2026,4,30,중개거래
강서구,방화동,마곡우림1차아파트,84.971,3,2003,73500,2026,4,30,중개거래
강서구,염창동,e편한세상염창,74.2998,17,2019,150000,2026,4,29,중개거래
강서구,등촌동,나성,59.826,6,2003,61500,2026,4,30,중개거래
강서구,화곡동,중앙화곡하이츠,66.24,2,1988,48000,2026,4,30,중개거래
강서구,화곡동,대림e편한세상,84.84,11,1992,71000,2026,4,30,중개거래
강서구,화곡동,갤러리빌,12.54,6,2011,10000,2026,4,17,중개거래
강서구,가양동,강서한강자이,102.9171,20,2013,165000,2026,4,30,중개거래
강서구,화곡동,갤러리빌,13.98,5,2011,10000,2026,4,17,중개거래
강서구,화곡동,갤러리빌,13.98,6,2011,10000,2026,4,17,중개거래
강서구,화곡동,갤러리빌,24.62,4,2011,12000,2026,4,17,중개거래
강서구,화곡동,갤러리빌,12.54,4,2011,10000,2026,4,17,중개거래
강서구,화곡동,화곡예다움,84.76,8,2005,58000,2026,4,25,중개거래
강서구,화곡동,갤러리빌,12.54,3,2011,10000,2026,4,17,중개거래
강서구,화곡동,갤러리빌,24.62,5,2011,12000,2026,4,17,중개거래
강서구,공항동,더트루엘마곡HQ,48.3293,12,2024,64400,2026,4,29,직거래
강서구,방화동,개화산경남아너스빌,67.06,11,2007,60000,2026,4,20,중개거래
강서구,방화동,동성,64.65,3,1993,74200,2026,4,20,중개거래
강서구,화곡동,갤러리빌,24.62,3,2011,12000,2026,4,17,중개거래
강서구,화곡동,갤러리빌,24.62,6,2011,12000,2026,4,17,중개거래
강서구,염창동,벽산늘푸른,84.94,12,1998,92000,2026,4,30,중개거래
강서구,화곡동,갤러리빌,13.98,4,2011,10000,2026,4,17,중개거래
강서구,화곡동,갤러리빌,12.54,5,2011,10000,2026,4,17,중개거래
강서구,화곡동,갤러리빌,13.98,3,2011,10000,2026,4,17,중개거래
강서구,등촌동,월드메르디앙,84.97,10,2002,90000,2026,4,30,중개거래
강서구,방화동,마곡서광(치현마을),59.67,6,1998,52800,2026,4,30,중개거래
강서구,등촌동,주공5,58.14,11,1995,98500,2026,4,30,중개거래
강서구,등촌동,"등촌1,2단지주공아파트",41.85,7,1994,70000,2026,4,30,중개거래
강서구,등촌동,서광등촌마을아파트,59.67,1,1999,84500,2026,4,3,중개거래
강서구,등촌동,"등촌1,2단지주공아파트",41.85,7,1994,70000,2026,4,29,중개거래
강서구,등촌동,등촌동아이파크,84.7556,8,2004,112000,2026,4,29,중개거래
강서구,내발산동,마곡수명산파크1단지,84.68,12,2007,128800,2026,4,29,중개거래
강서구,화곡동,우장산롯데캐슬,85,1,2003,122500,2026,4,29,중개거래
강서구,방화동,방화그린,39.76,10,1993,45000,2026,4,29,중개거래
강서구,화곡동,우장산롯데캐슬,134.99,1,2003,142000,2026,4,29,중개거래
강서구,가양동,가양2단지(성지),39.6,10,1992,78000,2026,4,29,중개거래
강서구,가양동,가양2단지(성지),39.6,9,1992,80000,2026,4,29,중개거래
강서구,가양동,가양우성,84.85,8,1990,125000,2026,4,27,중개거래
강서구,내발산동,마곡수명산파크7단지,84.82,13,2008,101000,2026,4,29,중개거래
강서구,가양동,강서한강자이,127.1094,10,2013,180000,2026,4,29,중개거래
강서구,등촌동,등촌파밀리에더클래식101동,49.77,4,2020,71000,2026,4,29,중개거래
강서구,화곡동,세림,21.64,11,2015,16500,2026,4,30,중개거래
강서구,가양동,빛고을우방,59.97,8,1999,87500,2026,4,29,중개거래
강서구,방화동,방화4단지,100.35,15,1994,86000,2026,4,28,중개거래
강서구,화곡동,중앙화곡하이츠,74.16,3,1988,56500,2026,4,29,중개거래
강서구,가양동,마곡보타닉,59.83,3,2019,58700,2026,4,24,중개거래
강서구,내발산동,신세계3차101동,84.873,3,2003,73000,2026,4,25,중개거래
강서구,방화동,장미,39.96,6,1994,45400,2026,4,25,중개거래
강서구,가양동,가양2단지(성지),34.44,9,1992,69000,2026,4,29,중개거래
강서구,가양동,가양도시개발9-2단지,49.5,4,1993,93000,2026,4,29,중개거래
강서구,화곡동,수정,52.745,5,2000,16000,2026,4,29,중개거래
강서구,방화동,개화,133.98,1,1994,85500,2026,4,24,중개거래
강서구,가양동,한강타운,84.99,9,1993,130000,2026,4,20,중개거래
강서구,화곡동,강서아이파크,83.077,11,2005,60000,2026,4,29,중개거래
강서구,가양동,한보구암마을,59.58,6,1999,86500,2026,4,29,중개거래
강서구,등촌동,주공5,58.14,15,1995,100000,2026,4,29,중개거래
강서구,방화동,신안네트빌1단지,57.7467,7,2002,40550,2026,4,29,직거래
강서구,화곡동,강서힐스테이트,59.99,9,2015,135000,2026,4,29,중개거래
강서구,등촌동,주공5,58.14,13,1995,93000,2026,4,20,중개거래
강서구,염창동,동아,59.97,10,1998,103000,2026,4,18,중개거래
강서구,화곡동,진흥,62.89,5,1992,31000,2026,4,25,중개거래
강서구,마곡동,마곡힐스테이트,84.89,8,2017,165000,2026,4,12,직거래
강서구,등촌동,"등촌1,2단지주공아파트",41.85,4,1994,67000,2026,4,29,중개거래
강서구,가양동,가양우성,84.85,11,1990,121000,2026,4,9,중개거래
강서구,염창동,이너스5차동진,69.76,7,2007,78500,2026,4,28,중개거래
강서구,화곡동,"우장산아이파크,이편한세상",101.65,5,2008,173000,2026,4,20,중개거래
강서구,가양동,가양2단지(성지),34.69,5,1992,64900,2026,4,28,중개거래
강서구,등촌동,태진아름,84.81,3,1995,85500,2026,4,24,중개거래
강서구,등촌동,"등촌1,2단지주공아파트",41.85,2,1994,66000,2026,4,28,중개거래
강서구,방화동,마곡 한진해모로,59.92,2,2004,71000,2026,4,14,중개거래
강서구,염창동,삼성하나로,59.26,12,1994,74000,2026,4,28,중개거래
강서구,방화동,방화5,39.6,3,1994,49800,2026,4,28,중개거래
강서구,마곡동,마곡삼성아파트,84.92,7,1998,82000,2026,4,11,중개거래
강서구,가양동,가양2단지(성지),39.6,10,1992,78500,2026,4,28,중개거래
강서구,화곡동,강서힐스테이트,84.99,7,2015,151000,2026,4,17,중개거래
강서구,방화동,동부센트레빌,84.96,5,2003,81000,2026,4,26,중개거래
강서구,염창동,삼성한아름,84.89,4,1993,84500,2026,4,11,중개거래
강서구,방화동,청솔,49.2,3,1994,64000,2026,4,28,중개거래
강서구,방화동,마곡중앙하이츠아파트,59.34,5,1994,62500,2026,4,23,중개거래
강서구,등촌동,월드메르디앙,59.79,4,2002,83300,2026,4,24,중개거래
강서구,내발산동,우장산힐스테이트,84.98,15,2005,164700,2026,4,27,중개거래
강서구,내발산동,우장산힐스테이트,126.65,14,2005,170000,2026,4,25,중개거래
강서구,가양동,강변,34.44,2,1992,63000,2026,4,27,중개거래
강서구,방화동,신안네트빌1단지,57.7467,12,2002,64000,2026,4,26,중개거래
강서구,화곡동,화곡푸르지오,125.021,4,2002,118500,2026,4,20,중개거래
강서구,방화동,신동아,84.81,3,1995,70000,2026,4,25,중개거래
강서구,화곡동,살렘,71.18,3,2002,30000,2026,4,22,중개거래
강서구,내발산동,마곡수명산파크7단지,84.82,7,2008,103000,2026,4,27,중개거래
강서구,방화동,동성,84.95,6,1993,85000,2026,4,27,중개거래
강서구,방화동,방화4단지,134.61,11,1994,109800,2026,4,27,중개거래
강서구,내발산동,우장산힐스테이트,101.87,2,2005,156000,2026,4,27,중개거래
강서구,염창동,한강동아,84.96,7,1998,119000,2026,4,27,중개거래
강서구,가양동,가양2단지(성지),39.6,9,1992,71500,2026,4,27,중개거래
강서구,화곡동,초록,59.34,5,1998,80000,2026,4,26,중개거래
강서구,등촌동,등촌동아이파크,84.9958,7,2004,123000,2026,4,15,중개거래
강서구,내발산동,강성레스트빌아파트,84.762,6,2005,66800,2026,4,24,중개거래
강서구,가양동,강변,39.6,4,1992,70000,2026,4,25,중개거래
강서구,등촌동,주공10,37.67,3,1995,68300,2026,4,25,중개거래
강서구,등촌동,우성,84.96,5,1992,83000,2026,4,25,중개거래
강서구,염창동,동아,84.91,9,1998,107000,2026,4,27,중개거래
강서구,등촌동,부영,80.64,1,1994,98000,2026,4,27,중개거래
강서구,방화동,방화동동부센트레빌(875번지),84.97,14,2003,93000,2026,4,26,중개거래
강서구,화곡동,우장산숲아이파크,59.9983,9,2022,127500,2026,4,16,중개거래
강서구,염창동,염창3우성,84.96,13,1993,98500,2026,4,26,중개거래
강서구,내발산동,우장산힐스테이트,126.65,15,2005,185500,2026,4,23,중개거래
강서구,방화동,삼성꽃마을,59.99,4,1997,61000,2026,4,25,중개거래
강서구,등촌동,동성,150.05,9,1995,128000,2026,4,25,중개거래
강서구,가양동,가양도시개발9-2단지,49.5,3,1993,94000,2026,4,25,중개거래
강서구,가양동,대림경동아파트,131.4,10,1993,123000,2026,4,25,중개거래
강서구,염창동,강변한솔솔파크,84.97,10,2005,112500,2026,4,25,중개거래
강서구,방화동,동성,64.65,11,1993,70000,2026,4,25,중개거래
강서구,화곡동,태영방송인,59.94,7,2000,45500,2026,4,15,중개거래
강서구,등촌동,등촌동아이파크,165.8299,19,2004,147000,2026,4,25,중개거래
강서구,등촌동,대림,89.975,1,1995,115000,2026,4,17,중개거래
강서구,염창동,삼천리,84.99,11,1992,117000,2026,4,23,중개거래
강서구,등촌동,등촌동아이파크,84.9958,11,2004,124900,2026,4,25,중개거래
강서구,내발산동,마곡수명산파크2단지,84.82,15,2007,120000,2026,4,25,중개거래
강서구,공항동,공항동부센트레빌,59.96,5,2009,80000,2026,4,25,중개거래
강서구,마곡동,마곡엠밸리6단지,114.98,15,2014,210000,2026,4,25,중개거래
강서구,내발산동,우장산힐스테이트,59.98,12,2005,144000,2026,4,25,중개거래
강서구,마곡동,마곡힐스테이트,84.98,4,2017,165000,2026,4,25,중개거래
강서구,염창동,극동상록수,84.96,9,1999,115500,2026,4,25,중개거래
강서구,방화동,장미,49.2,9,1994,56500,2026,4,25,중개거래
강서구,내발산동,마곡수명산파크2단지,84.68,4,2007,132000,2026,4,25,중개거래
강서구,염창동,신동아,59.82,14,1995,97000,2026,4,25,중개거래
강서구,방화동,청솔,39.36,7,1994,51800,2026,4,25,중개거래
강서구,가양동,가양6단지,39.6,14,1992,84000,2026,4,25,중개거래
강서구,내발산동,우장산힐스테이트,59.98,10,2005,138500,2026,4,25,중개거래
강서구,가양동,가양6단지,39.6,6,1992,83300,2026,4,24,중개거래
강서구,마곡동,마곡엠밸리2단지,114.91,8,2014,166000,2026,4,21,중개거래
강서구,가양동,강변,34.44,15,1992,70000,2026,4,24,중개거래
강서구,화곡동,해태드림타운,83.16,8,1997,49700,2026,4,24,중개거래
강서구,방화동,장미,49.2,10,1994,58500,2026,4,13,중개거래
강서구,마곡동,마곡태승훼미리아파트,84.08,5,2005,74500,2026,4,24,중개거래
강서구,가양동,가양2단지(성지),49.56,13,1992,99000,2026,4,21,중개거래
강서구,가양동,강변,34.44,1,1992,61500,2026,4,24,중개거래
강서구,등촌동,등촌동아이파크,119.9031,8,2004,131000,2026,4,24,중개거래
강서구,등촌동,대림,123.72,15,1995,126600,2026,4,17,중개거래
강서구,가양동,일신건영휴먼빌,84.95,4,2004,105000,2026,4,24,중개거래
강서구,가양동,강변,39.6,1,1992,72000,2026,4,24,중개거래
강서구,염창동,염창2차한화꿈에그린,84.99,1,2006,112000,2026,4,24,중개거래
강서구,등촌동,주공10,58.14,11,1995,102500,2026,4,24,중개거래
강서구,가양동,강서한강월드메르디앙,84.98,4,2006,104000,2026,4,24,중개거래
강서구,화곡동,길성그랑프리텔,73.58,2,2005,60000,2026,4,24,중개거래
강서구,화곡동,벨라팰리스,24.71,10,2015,20000,2026,4,3,직거래
강서구,내발산동,우장산힐스테이트,84.98,2,2005,149500,2026,4,24,중개거래
강서구,염창동,동아,114.84,8,1998,129500,2026,4,24,중개거래
강서구,가양동,한보구암마을,84.39,5,1999,107200,2026,4,23,중개거래
강서구,방화동,다우하임더프라임아파트,72.57,6,2023,67500,2026,4,21,직거래
강서구,염창동,등촌제이스카이,28.94,10,2021,40000,2026,4,23,중개거래
강서구,가양동,가양도시개발9-2단지,39.6,13,1993,70500,2026,4,23,중개거래
강서구,염창동,동아3,59.7,15,1999,123000,2026,4,23,중개거래
강서구,화곡동,"우장산아이파크,이편한세상",101.65,11,2008,162000,2026,4,23,중개거래
강서구,등촌동,대림,89.975,1,1995,115000,2026,4,23,중개거래
강서구,화곡동,탑건진선미,69.33,10,2005,60000,2026,4,11,중개거래
강서구,화곡동,가화(424-59)나동,62.52,4,1999,18700,2026,4,23,직거래
강서구,등촌동,"등촌1,2단지주공아파트",41.85,10,1994,69000,2026,4,23,중개거래
강서구,가양동,가양2단지(성지),39.6,7,1992,78800,2026,4,21,중개거래
강서구,방화동,장미,59.04,4,1994,63000,2026,4,23,중개거래
강서구,화곡동,"우장산아이파크,이편한세상",59.98,17,2008,139500,2026,4,23,중개거래
강서구,화곡동,한경빌(938-26),25.15,6,2014,15000,2026,4,23,중개거래
강서구,화곡동,한백e타운(46-219),58.11,2,2002,24200,2026,4,2,중개거래
강서구,염창동,염창동한강우성,65.88,7,1990,112000,2026,4,22,중개거래
강서구,등촌동,주공5,58.14,12,1995,102000,2026,4,23,중개거래
강서구,가양동,한강타운,84.99,11,1993,131000,2026,4,23,중개거래
강서구,내발산동,우장산힐스테이트,84.98,15,2005,161000,2026,4,23,중개거래
강서구,등촌동,주공5,37.67,12,1995,67000,2026,4,23,중개거래
강서구,화곡동,일성스카이빌,114.23,11,2001,56500,2026,4,23,중개거래
강서구,화곡동,드림시드아파트,46.03,6,2018,34800,2026,4,20,중개거래
강서구,내발산동,우장산힐스테이트,59.98,11,2005,147000,2026,4,22,중개거래
강서구,가양동,한보구암마을,84.39,14,1999,112500,2026,4,22,중개거래
강서구,방화동,마곡 한진해모로,59.92,7,2004,73000,2026,4,22,중개거래
강서구,방화동,방화5,33.18,13,1994,42800,2026,4,22,중개거래
강서구,가양동,강변,39.6,13,1992,84000,2026,4,22,중개거래
강서구,등촌동,"등촌7,8단지주공아파트",41.85,2,1994,70000,2026,4,22,중개거래
강서구,방화동,방화5,33.18,7,1994,42500,2026,4,22,중개거래
강서구,가양동,가양2단지(성지),49.56,10,1992,99000,2026,4,22,중개거래
강서구,가양동,가양2단지(성지),39.6,8,1992,80000,2026,4,22,중개거래
강서구,방화동,신동아,59.4,13,1995,65000,2026,4,17,중개거래
강서구,등촌동,삼성한사랑1,84.99,6,1997,95000,2026,4,11,중개거래
강서구,내발산동,태승훼미리2,101.82,3,2004,85500,2026,4,22,중개거래
강서구,가양동,한강타운,84.99,10,1993,127500,2026,4,22,중개거래
강서구,화곡동,우장산롯데캐슬,134.99,14,2003,140000,2026,4,22,중개거래
강서구,방화동,"월드메르디앙201동,202동",83.42,2,2004,72400,2026,4,20,중개거래
강서구,등촌동,"등촌7,8단지주공아파트",41.85,15,1994,44500,2026,4,21,직거래
강서구,염창동,염창1차한화꿈에그린,84.93,9,2005,164000,2026,4,11,중개거래
강서구,마곡동,마곡13단지힐스테이트마스터,59.9825,1,2017,144800,2026,4,4,중개거래
강서구,가양동,한보구암마을,84.39,14,1999,96500,2026,4,21,중개거래
강서구,방화동,개화산경남아너스빌,82.53,13,2007,77500,2026,4,16,중개거래
강서구,방화동,개화,101.86,11,1994,82500,2026,4,15,중개거래
강서구,등촌동,주공10,37.67,3,1995,69000,2026,4,21,중개거래
강서구,등촌동,주공10,58.14,11,1995,102000,2026,4,21,중개거래
강서구,염창동,신동아,84.9,10,1995,112000,2026,4,21,중개거래
강서구,염창동,벽산늘푸른,59.97,11,1998,80800,2026,4,21,중개거래
강서구,내발산동,우장산월드메르디앙,84.4476,1,2005,80000,2026,4,21,중개거래
강서구,가양동,가양2단지(성지),49.65,9,1992,101300,2026,4,21,중개거래
강서구,내발산동,마곡수명산파크4단지,59.84,14,2008,114000,2026,4,21,중개거래
강서구,방화동,방화5,39.6,11,1994,54500,2026,4,21,중개거래
강서구,화곡동,우장산숲아이파크,84.9854,4,2022,145000,2026,4,21,중개거래
강서구,화곡동,화곡푸르지오,129.204,14,2002,122700,2026,4,21,중개거래
강서구,등촌동,"등촌7,8단지주공아파트",41.85,2,1994,66000,2026,4,21,중개거래
강서구,방화동,마곡중앙하이츠아파트,39.58,4,1994,41000,2026,4,18,중개거래
강서구,방화동,삼성꽃마을,84.41,9,1997,69500,2026,4,21,중개거래
강서구,방화동,동성,64.65,2,1993,66500,2026,4,16,중개거래
강서구,염창동,동아,59.97,6,1998,98000,2026,4,21,중개거래
강서구,등촌동,우성,84.96,10,1992,76200,2026,4,21,직거래
강서구,화곡동,오케이B,41.41,3,2002,12900,2026,4,21,중개거래
강서구,염창동,동아3,59.7,8,1999,121500,2026,4,13,중개거래
강서구,방화동,마곡중앙하이츠아파트,51.03,8,1994,64000,2026,4,21,중개거래
강서구,방화동,마곡중앙하이츠아파트,51.03,1,1994,47000,2026,4,10,중개거래
강서구,화곡동,우장산롯데캐슬,85,13,2003,120000,2026,4,11,중개거래
강서구,화곡동,"우장산아이파크,이편한세상",84.97,17,2008,147000,2026,4,8,중개거래
강서구,화곡동,타워빌,81.71,3,2001,74000,2026,4,21,중개거래
강서구,등촌동,"진로,미주아파트",84.96,3,1994,103000,2026,4,18,중개거래
강서구,가양동,가양6단지,49.5,5,1992,105500,2026,4,21,중개거래
강서구,방화동,청성(877-0),67.876,4,2004,66700,2026,4,17,중개거래
강서구,방화동,동성,84.95,8,1993,83000,2026,4,21,중개거래
강서구,화곡동,화곡보람,84.51,6,2004,80500,2026,4,20,중개거래
강서구,등촌동,등촌동아이파크,134.9883,5,2004,134000,2026,4,17,중개거래
강서구,방화동,청솔,39.36,5,1994,51000,2026,4,20,중개거래
강서구,가양동,대림경동아파트,131.4,13,1993,142000,2026,4,13,중개거래
강서구,등촌동,한사랑2삼성,59.37,9,1999,90500,2026,4,20,중개거래
강서구,가양동,가양2단지(성지),39.6,9,1992,73500,2026,4,20,중개거래
강서구,방화동,동성,64.65,1,1993,65000,2026,4,20,중개거래
강서구,등촌동,주공5,37.67,4,1995,67500,2026,4,20,중개거래
강서구,화곡동,우장산에스케이뷰,84.97,13,2006,95200,2026,4,20,중개거래
강서구,방화동,마곡중앙하이츠아파트,39.58,9,1994,45600,2026,4,20,중개거래
강서구,화곡동,동훈타마르(921-18),58.55,7,2011,40500,2026,4,3,중개거래
강서구,등촌동,코오롱오투빌2,59.95,2,2002,71500,2026,4,20,중개거래
강서구,염창동,강변한솔솔파크,84.73,7,2005,118500,2026,4,20,중개거래
강서구,등촌동,"등촌1,2단지주공아파트",41.85,11,1994,67200,2026,4,4,중개거래
강서구,화곡동,강서힐스테이트,128.81,3,2015,150000,2026,4,20,중개거래
강서구,등촌동,대림e편한세상,116.41,13,2002,112500,2026,4,20,중개거래
강서구,가양동,강변,34.44,15,1992,67400,2026,4,20,중개거래
강서구,등촌동,"진로,미주아파트",84.96,13,1994,109500,2026,4,13,중개거래
강서구,가양동,강변,34.44,3,1992,62800,2026,4,20,중개거래
강서구,등촌동,"등촌7,8단지주공아파트",41.85,4,1994,62000,2026,4,14,중개거래
강서구,가양동,가양우성,84.87,13,1990,129000,2026,4,20,중개거래
강서구,마곡동,길훈,65.88,2,1989,69500,2026,4,19,중개거래
강서구,염창동,동아,59.97,10,1998,103000,2026,4,18,중개거래
강서구,방화동,방화5,39.6,5,1994,52000,2026,4,20,중개거래
강서구,방화동,한미(286-1),40.02,1,1988,40000,2026,4,16,중개거래
강서구,등촌동,태영,84.98,14,1998,100000,2026,4,17,중개거래
강서구,내발산동,수산오성,84.94,11,2002,76000,2026,4,17,중개거래
강서구,방화동,마곡중앙하이츠아파트,39.58,13,1994,47500,2026,4,20,중개거래
강서구,마곡동,길훈,51.28,4,1989,60000,2026,4,20,중개거래
강서구,가양동,강서한강월드메르디앙,84.98,5,2006,104000,2026,4,10,중개거래
강서구,방화동,방화5,49.77,2,1994,63000,2026,4,4,직거래
강서구,방화동,동성,64.65,5,1993,65000,2026,4,17,중개거래
강서구,마곡동,마곡13단지힐스테이트마스터,84.9805,11,2017,169000,2026,4,18,중개거래
강서구,가양동,한보구암마을,59.58,2,1999,85500,2026,4,18,중개거래
강서구,염창동,e편한세상염창,59.8873,15,2019,142000,2026,4,18,중개거래
강서구,등촌동,"등촌7,8단지주공아파트",41.85,9,1994,66000,2026,4,18,중개거래
강서구,방화동,개화,101.86,1,1994,73500,2026,4,18,중개거래
강서구,내발산동,마곡수명산파크3단지,84.96,11,2007,118000,2026,4,18,중개거래
강서구,방화동,동성,84.95,11,1993,79000,2026,4,8,중개거래
강서구,방화동,방화5,49.77,4,1994,63500,2026,4,16,중개거래
강서구,염창동,월드메르디앙,59.81,15,2004,97500,2026,4,19,중개거래
강서구,방화동,방화그린,33.6,4,1993,33500,2026,4,18,중개거래
강서구,내발산동,마곡수명산파크2단지,84.68,2,2007,124000,2026,4,18,중개거래
강서구,등촌동,주공3,58.14,1,1995,95000,2026,4,18,중개거래
강서구,등촌동,부영,80.64,14,1994,106000,2026,4,18,중개거래
강서구,등촌동,우성,84.96,12,1992,90000,2026,4,18,중개거래
강서구,가양동,강변,34.44,14,1992,67000,2026,4,18,중개거래
강서구,가양동,강변,39.6,10,1992,80200,2026,4,18,중개거래
강서구,가양동,가양2단지(성지),34.44,14,1992,66000,2026,4,14,중개거래
강서구,내발산동,마곡수명산파크5단지,59.84,7,2008,113000,2026,4,18,중개거래
강서구,방화동,마곡중앙하이츠아파트,59.34,12,1994,64000,2026,4,18,중개거래
강서구,가양동,가양6단지,49.5,13,1992,107800,2026,4,18,중개거래
강서구,등촌동,"등촌7,8단지주공아파트",41.85,3,1994,70000,2026,4,17,중개거래
강서구,등촌동,"등촌1,2단지주공아파트",41.85,13,1994,67000,2026,4,16,중개거래
강서구,화곡동,화곡푸르지오,84.914,12,2002,122000,2026,4,6,중개거래
강서구,마곡동,마곡일성트루엘아파트,72.034,8,2013,86700,2026,4,17,중개거래
강서구,화곡동,화곡푸르지오,144.123,8,2002,145000,2026,4,9,중개거래
강서구,방화동,현대,84.99,8,1993,53000,2026,4,10,중개거래
강서구,마곡동,마곡13단지힐스테이트마스터,84.9881,12,2017,170000,2026,4,17,중개거래
강서구,가양동,가양6단지,49.5,12,1992,103000,2026,4,17,중개거래
강서구,화곡동,강서뉴,55.8,5,2003,28000,2026,4,8,중개거래
강서구,방화동,청솔,39.36,10,1994,50900,2026,4,17,중개거래
강서구,화곡동,"우장산아이파크,이편한세상",59.98,17,2008,136000,2026,4,17,중개거래
강서구,등촌동,부영,80.64,15,1994,104000,2026,4,17,중개거래
강서구,가양동,한보구암마을,59.58,8,1999,81000,2026,4,17,중개거래
강서구,방화동,방화그린,33.18,9,1993,39250,2026,4,17,중개거래
강서구,염창동,극동,85,6,2000,115500,2026,4,17,중개거래
강서구,등촌동,삼성한사랑1,59.73,14,1997,86250,2026,4,17,중개거래
강서구,방화동,방화그린,49.77,1,1993,52500,2026,4,17,중개거래
강서구,가양동,대림경동아파트,131.4,8,1993,147000,2026,4,14,중개거래
강서구,가양동,대림경동아파트,131.4,9,1993,141000,2026,4,17,중개거래
강서구,공항동,더트루엘마곡HQ,48.3293,5,2024,64400,2026,4,17,직거래
강서구,마곡동,벽산,84.97,4,1999,90000,2026,4,14,중개거래
강서구,화곡동,남광아파트,35.33,15,2017,20000,2026,4,14,직거래
강서구,마곡동,마곡엠밸리9단지,84.85,3,2021,175000,2026,4,17,중개거래
강서구,화곡동,우장산에스케이뷰,84.97,8,2006,89000,2026,4,15,중개거래
강서구,마곡동,마곡우림필유아파트,84.528,13,2003,104000,2026,4,17,중개거래
강서구,염창동,금호타운,84.84,15,1999,112800,2026,4,16,중개거래
강서구,방화동,청솔,49.2,11,1994,64000,2026,4,16,중개거래
강서구,화곡동,강서크라운팰리스,19.91,18,2019,25900,2026,4,16,중개거래
강서구,등촌동,코오롱하늘채,59.95,10,2003,83000,2026,4,16,중개거래
강서구,방화동,장미,49.2,9,1994,58000,2026,4,16,중개거래
강서구,내발산동,우장산힐스테이트,84.98,1,2005,149500,2026,4,16,중개거래
강서구,방화동,방화5,33.18,5,1994,42800,2026,4,15,중개거래
강서구,마곡동,마곡엠밸리5단지,114.98,5,2014,178000,2026,4,16,중개거래
강서구,방화동,방화그린,39.76,4,1993,47200,2026,4,16,중개거래
강서구,마곡동,마곡푸르지오,59.87,5,2008,123800,2026,4,16,중개거래
강서구,방화동,"월드메르디앙201동,202동",83.42,10,2004,72800,2026,4,7,중개거래
강서구,등촌동,주공5,58.14,13,1995,75000,2026,4,15,중개거래
강서구,등촌동,주공3,58.14,4,1995,109000,2026,4,15,중개거래
강서구,염창동,염창1차보람더하임,116.92,9,2008,139500,2026,4,16,중개거래
강서구,마곡동,마곡13단지힐스테이트마스터,84.9805,12,2017,170000,2026,4,16,중개거래
강서구,가양동,가양2단지(성지),39.6,4,1992,78000,2026,4,16,중개거래
강서구,가양동,가양6단지,49.5,2,1992,97000,2026,4,16,중개거래
강서구,방화동,방화그린,39.76,6,1993,45500,2026,4,2,중개거래
강서구,화곡동,"우장산아이파크,이편한세상",84.97,15,2008,154000,2026,4,15,중개거래
강서구,마곡동,마곡13단지힐스테이트마스터,84.9805,10,2017,163000,2026,4,16,중개거래
강서구,등촌동,보람,84.03,4,1999,47000,2026,4,15,중개거래
강서구,화곡동,화곡예다움,64.21,6,2005,45000,2026,4,4,중개거래
강서구,염창동,강변코아루,114.78,10,2007,127000,2026,4,16,중개거래
강서구,가양동,한보구암마을,59.58,2,1999,75000,2026,4,15,중개거래
강서구,화곡동,성재,62.41,10,2002,32000,2026,4,4,중개거래
강서구,방화동,장미,49.2,13,1994,55000,2026,4,15,중개거래
강서구,염창동,벽산늘푸른,59.97,5,1998,84000,2026,4,15,중개거래
강서구,내발산동,마곡수명산파크4단지,59.84,12,2008,105000,2026,4,1,중개거래
강서구,가양동,가양2단지(성지),39.6,5,1992,80000,2026,4,15,중개거래
강서구,등촌동,등촌퀸즈포디엄삼익,44.8,8,2020,44000,2026,4,15,중개거래
강서구,등촌동,주공3,58.14,7,1995,110000,2026,4,15,중개거래
강서구,등촌동,등촌동아이파크,134.8836,11,2004,135000,2026,4,15,중개거래
강서구,등촌동,"등촌7,8단지주공아파트",41.85,11,1994,44000,2026,4,15,중개거래
강서구,화곡동,화곡푸르지오,84.914,7,2002,117000,2026,4,15,중개거래
강서구,등촌동,등촌라인(조합),59.91,9,1997,93250,2026,4,15,중개거래
강서구,방화동,개화,101.86,11,1994,90000,2026,4,15,중개거래
강서구,가양동,강변,34.44,4,1992,66000,2026,4,15,중개거래
강서구,화곡동,화곡푸르지오,103.92,15,2002,119000,2026,4,8,중개거래
강서구,염창동,극동상록수,84.96,16,1999,114000,2026,4,15,중개거래
강서구,내발산동,문국,83.76,2,1998,60000,2026,4,2,직거래
강서구,염창동,태진한솔,58.87,3,1994,99400,2026,4,14,중개거래
강서구,등촌동,제일(코오롱),59.99,6,1999,74500,2026,4,14,중개거래
강서구,내발산동,마곡수명산파크4단지,59.84,10,2008,114000,2026,4,14,중개거래
강서구,염창동,동아,84.95,11,1998,120500,2026,4,14,중개거래
강서구,공항동,더트루엘마곡HQ,48.3293,12,2024,64400,2026,4,3,직거래
강서구,공항동,더트루엘마곡HQ,48.3293,7,2024,64500,2026,4,8,직거래
강서구,공항동,더트루엘마곡HQ,48.3293,6,2024,64400,2026,4,10,직거래
강서구,공항동,더트루엘마곡HQ,48.3293,6,2024,64400,2026,4,8,직거래
강서구,공항동,더트루엘마곡HQ,48.3293,1,2024,57100,2026,4,9,직거래
강서구,방화동,마곡중앙하이츠아파트,59.34,7,1994,62500,2026,4,11,중개거래
강서구,등촌동,등촌동아이파크,84.7556,4,2004,109500,2026,4,14,중개거래
강서구,가양동,강서한강자이,127.1094,2,2013,165000,2026,4,14,중개거래
강서구,방화동,방화그린,49.77,1,1993,48000,2026,4,14,중개거래
강서구,공항동,더트루엘마곡HQ,48.3293,8,2024,64200,2026,4,13,직거래
강서구,마곡동,마곡푸르지오,59.87,3,2008,128000,2026,4,14,중개거래
강서구,공항동,더트루엘마곡HQ,36.6756,3,2024,49100,2026,4,12,직거래
강서구,공항동,더트루엘마곡HQ,48.3293,9,2024,64600,2026,4,10,직거래
강서구,등촌동,등촌라인(조합),84.78,4,1997,108500,2026,4,14,중개거래
강서구,가양동,가양6단지,58.65,4,1992,103000,2026,4,14,중개거래
강서구,화곡동,은하센트리움,30.84,5,2013,21000,2026,4,11,중개거래
강서구,화곡동,우장산에스케이뷰,84.97,10,2006,94500,2026,4,14,중개거래
강서구,내발산동,롯데2,84.708,10,2003,91000,2026,4,13,중개거래
강서구,방화동,방화4단지,134.61,2,1994,90500,2026,4,9,중개거래
강서구,가양동,가양6단지,49.5,7,1992,101800,2026,4,13,중개거래
강서구,방화동,마곡중앙하이츠아파트,39.58,9,1994,45000,2026,4,13,중개거래
강서구,내발산동,우장산힐스테이트,59.98,1,2005,124000,2026,4,13,중개거래
강서구,방화동,삼정코아,71.18,13,2004,54000,2026,4,13,중개거래
강서구,화곡동,화곡보람,112.05,7,2004,92000,2026,4,10,중개거래
강서구,가양동,가양6단지,39.6,5,1992,84000,2026,4,13,중개거래
강서구,내발산동,우장산힐스테이트,84.98,7,2005,158000,2026,4,12,중개거래
강서구,등촌동,주공5,58.14,11,1995,92000,2026,4,10,중개거래
강서구,등촌동,우성,67.68,9,1992,74700,2026,4,13,중개거래
강서구,가양동,가양강나루현대,59.76,6,1999,108500,2026,4,2,중개거래
강서구,화곡동,GMValley,24.6,15,2018,20300,2026,4,13,중개거래
강서구,마곡동,길훈,65.88,7,1989,68200,2026,4,13,중개거래
강서구,염창동,염창동한강우성,84.7,5,1990,81000,2026,4,14,직거래
강서구,화곡동,화곡6차보람쉬움,84.98,8,2005,66000,2026,4,9,직거래
강서구,화곡동,타워빌,84.26,1,2001,67000,2026,4,11,중개거래
강서구,내발산동,우장산힐스테이트,101.87,7,2005,168500,2026,4,11,중개거래
강서구,등촌동,부영,80.64,8,1994,111000,2026,4,12,중개거래
강서구,방화동,방화그린,49.77,13,1993,60000,2026,4,12,중개거래
강서구,등촌동,제일(코오롱),59.99,2,1999,72000,2026,4,12,중개거래
강서구,등촌동,부영,80.64,12,1994,100000,2026,4,6,중개거래
강서구,화곡동,"우장산아이파크,이편한세상",101.65,6,2008,154700,2026,4,2,중개거래
강서구,가양동,가양도시개발9-2단지,39.6,9,1993,70500,2026,4,11,중개거래
강서구,내발산동,마곡수명산파크1단지,84.53,8,2007,127500,2026,4,11,중개거래
강서구,방화동,마곡 한진해모로,84.97,12,2004,78000,2026,4,11,중개거래
강서구,내발산동,마곡수명산파크5단지,59.87,8,2008,105000,2026,4,11,중개거래
강서구,가양동,가양도시개발9-2단지,39.6,8,1993,72500,2026,4,11,중개거래
강서구,방화동,장미,49.2,1,1994,50300,2026,4,11,중개거래
강서구,방화동,방화5,39.6,12,1994,52000,2026,4,11,중개거래
강서구,가양동,강변,34.44,15,1992,67000,2026,4,11,중개거래
강서구,내발산동,마곡수명산파크2단지,84.68,7,2007,135000,2026,4,11,중개거래
강서구,염창동,신동아,59.82,4,1995,89000,2026,4,1,중개거래
강서구,방화동,대림e-편한세상,67.68,6,2003,75000,2026,4,11,중개거래
강서구,염창동,염창동한강우성,84.7,4,1990,124700,2026,4,11,중개거래
강서구,등촌동,우성,84.96,1,1992,79400,2026,4,11,중개거래
강서구,등촌동,주공5,37.67,6,1995,68500,2026,4,11,중개거래
강서구,염창동,등촌제이스카이,39.87,2,2021,48500,2026,4,11,중개거래
강서구,가양동,가양우성,84.85,12,1990,117000,2026,4,11,중개거래
강서구,등촌동,지엠벨리,25.95,4,2019,28000,2026,4,11,중개거래
강서구,등촌동,나성,59.826,8,2003,61000,2026,4,11,중개거래
강서구,등촌동,"등촌1,2단지주공아파트",41.85,6,1994,66000,2026,4,11,중개거래
강서구,염창동,염창3우성,84.96,13,1993,95000,2026,4,11,중개거래
강서구,화곡동,"우장산아이파크,이편한세상",114.98,19,2008,167000,2026,4,11,중개거래
강서구,등촌동,부영,80.64,12,1994,110000,2026,4,11,중개거래
강서구,화곡동,강서힐스테이트,84.99,17,2015,149500,2026,4,11,중개거래
강서구,마곡동,벽산,84.97,10,1999,96000,2026,4,10,중개거래
강서구,방화동,방화5,49.77,4,1994,75000,2026,4,10,중개거래
강서구,방화동,방화그린,49.77,10,1993,60000,2026,4,10,중개거래
강서구,염창동,삼성한마음,59.94,14,1995,97000,2026,4,10,중개거래
강서구,가양동,강변,34.44,3,1992,65300,2026,4,10,중개거래
강서구,염창동,무학,114.92,10,1999,123000,2026,4,10,중개거래
강서구,내발산동,이너스101동,84.63,2,2003,55000,2026,4,10,중개거래
강서구,화곡동,화곡푸르지오,84.914,14,2002,121000,2026,4,10,중개거래
강서구,등촌동,"등촌7,8단지주공아파트",41.85,3,1994,68000,2026,4,10,중개거래
강서구,염창동,현대1,84.77,6,1994,121300,2026,4,11,중개거래
강서구,방화동,동성,84.95,10,1993,82000,2026,4,2,중개거래
강서구,등촌동,"등촌7,8단지주공아파트",41.85,11,1994,67800,2026,4,10,중개거래
강서구,가양동,가양도시개발9-2단지,34.44,11,1993,63800,2026,4,10,중개거래
강서구,염창동,삼성한아름,84.9,10,1993,85000,2026,4,10,중개거래
강서구,화곡동,화곡푸르지오,84.914,1,2002,105000,2026,4,10,중개거래
강서구,화곡동,우장산롯데캐슬,85,5,2003,125000,2026,4,10,중개거래
강서구,내발산동,우장산힐스테이트,101.87,7,2005,170000,2026,4,8,중개거래
강서구,등촌동,주공3,37.67,10,1995,72500,2026,4,10,중개거래
강서구,염창동,염창동한강우성,65.88,3,1990,99500,2026,4,10,중개거래
강서구,등촌동,"등촌1,2단지주공아파트",41.85,2,1994,66500,2026,4,10,중개거래
강서구,등촌동,주공3,58.14,15,1995,107000,2026,4,10,중개거래
강서구,등촌동,세심,82.84,4,2004,51000,2026,4,9,중개거래
강서구,화곡동,유림노르웨이숲(919-1),76.23,10,2004,66000,2026,4,9,중개거래
강서구,가양동,강변,34.44,3,1992,65000,2026,4,9,중개거래
강서구,가양동,강변,39.6,6,1992,76500,2026,4,9,중개거래
강서구,등촌동,대동황토방,59.94,5,2000,88000,2026,4,9,중개거래
강서구,가양동,가양2단지(성지),34.44,14,1992,67000,2026,4,9,중개거래
강서구,방화동,신동아,59.4,9,1995,66000,2026,4,6,중개거래
강서구,화곡동,중앙화곡하이츠,56.88,4,1988,42700,2026,4,9,중개거래
강서구,가양동,강변,39.6,14,1992,82000,2026,4,9,중개거래
강서구,화곡동,화곡푸르지오,84.914,1,2002,110000,2026,4,9,중개거래
강서구,내발산동,우장산힐스테이트,126.65,14,2005,175000,2026,4,9,중개거래
강서구,화곡동,"우장산아이파크,이편한세상",59.98,9,2008,137000,2026,4,9,중개거래
강서구,가양동,가양6단지,49.5,5,1992,97000,2026,4,9,중개거래
강서구,방화동,신안네트빌2단지,84.0164,14,2002,49000,2026,4,7,직거래
강서구,가양동,가양6단지,49.5,5,1992,97000,2026,4,9,중개거래
강서구,화곡동,일성스카이빌,116.32,9,2001,58000,2026,4,9,중개거래
강서구,내발산동,마곡수명산파크7단지,84.53,10,2008,110900,2026,4,9,중개거래
강서구,염창동,e편한세상염창,55.0323,4,2019,90000,2026,4,8,중개거래
강서구,가양동,빛고을우방,59.97,9,1999,92000,2026,4,8,중개거래
강서구,방화동,청솔,49.2,10,1994,61000,2026,4,9,중개거래
강서구,가양동,강변,34.44,6,1992,66500,2026,4,8,중개거래
강서구,등촌동,동성,101.88,1,1995,106500,2026,4,8,중개거래
강서구,등촌동,태진아름,84.81,10,1995,86000,2026,4,8,중개거래
강서구,염창동,동아3,59.7,3,1999,107500,2026,4,8,중개거래
강서구,화곡동,화곡보람,84.51,1,2004,75500,2026,4,3,중개거래
강서구,등촌동,임광,59.34,1,2000,62000,2026,4,8,중개거래
강서구,등촌동,"진로,미주아파트",84.96,13,1994,98000,2026,4,4,중개거래
강서구,마곡동,마곡보타닉경남아너스빌,84.9941,12,2005,88000,2026,4,4,중개거래
강서구,가양동,가양6단지,49.5,3,1992,99000,2026,4,7,중개거래
강서구,등촌동,동성,101.88,8,1995,117500,2026,4,8,중개거래
강서구,염창동,염창3우성,84.96,4,1993,98000,2026,4,8,중개거래
강서구,내발산동,천우네오젠아파트,83.32,6,2006,63000,2026,4,8,중개거래
강서구,화곡동,강서힐스테이트,59.99,6,2015,135000,2026,4,8,중개거래
강서구,방화동,마곡 한진해모로,59.92,10,2004,71000,2026,4,8,중개거래
강서구,등촌동,주공5,58.14,5,1995,105000,2026,4,8,중개거래
강서구,방화동,동성,84.95,9,1993,80500,2026,4,7,중개거래
강서구,마곡동,마곡엠벨리(15단지),84.95,6,2014,164000,2026,4,8,중개거래
강서구,내발산동,태승훼미리2,100.88,8,2004,79500,2026,4,7,중개거래
강서구,방화동,방화5,33.18,3,1994,41500,2026,4,7,중개거래
강서구,화곡동,"우장산아이파크,이편한세상",84.97,9,2008,152000,2026,4,7,중개거래
강서구,방화동,방화그린,49.77,15,1993,54200,2026,4,6,중개거래
강서구,내발산동,우장산태승훼미리,76.87,1,2002,56900,2026,4,7,중개거래
강서구,가양동,가양6단지,58.65,4,1992,108000,2026,4,6,중개거래
강서구,등촌동,부영,80.64,4,1994,103000,2026,4,7,중개거래
강서구,염창동,대림,59.94,8,1999,88000,2026,4,7,중개거래
강서구,내발산동,우장산힐스테이트,101.87,8,2005,174000,2026,4,6,중개거래
강서구,가양동,가양2단지(성지),34.44,4,1992,64000,2026,4,6,중개거래
강서구,등촌동,서광등촌마을아파트,59.96,16,1999,100500,2026,4,6,중개거래
강서구,방화동,방화5,33.18,9,1994,42500,2026,4,6,중개거래
강서구,화곡동,화곡푸르지오,84.914,12,2002,122000,2026,4,6,중개거래
강서구,방화동,대림e-편한세상,84.67,10,2003,78000,2026,4,6,중개거래
강서구,내발산동,마곡수명산파크3단지,84.96,14,2007,127000,2026,4,6,중개거래
강서구,마곡동,마곡청구아파트,59.91,15,1998,71000,2026,4,6,중개거래
강서구,등촌동,주공5,37.67,4,1995,65900,2026,4,6,중개거래
강서구,마곡동,마곡삼성아파트,59.95,10,1998,70000,2026,4,6,중개거래
강서구,등촌동,"등촌1,2단지주공아파트",49.94,14,1994,87000,2026,4,3,중개거래
강서구,가양동,강변,39.6,13,1992,78000,2026,4,6,중개거래
강서구,화곡동,강서힐스테이트,59.99,15,2015,117500,2026,4,6,직거래
강서구,내발산동,청솔숲속마을102동,61.68,9,2007,76500,2026,4,3,중개거래
강서구,내발산동,마곡에이치밸리움,51.464,7,2023,68000,2026,4,5,중개거래
강서구,등촌동,태진아름,59.94,8,1995,70000,2026,4,3,중개거래
강서구,방화동,한숲마을대림,84.83,9,1999,74000,2026,4,6,중개거래
강서구,방화동,마곡중앙하이츠아파트,51.03,11,1994,60000,2026,4,3,중개거래
강서구,내발산동,태승훼미리아파트5차,61.14,2,2010,65000,2026,4,4,중개거래
강서구,마곡동,마곡엠밸리1단지,84.88,6,2014,143300,2026,4,5,중개거래
강서구,염창동,여명,80.08,7,2002,66200,2026,4,5,중개거래
강서구,화곡동,초록,49.77,2,1998,62800,2026,4,5,중개거래
강서구,화곡동,중앙화곡하이츠,74.16,7,1988,54000,2026,4,2,중개거래
강서구,등촌동,부영,80.64,2,1994,104000,2026,4,4,중개거래
강서구,염창동,우성2,84.7,1,1992,114500,2026,4,4,중개거래
강서구,내발산동,마곡수명산파크3단지,84.96,14,2007,118000,2026,4,4,중개거래
강서구,등촌동,태진아름,59.94,4,1995,64000,2026,4,4,중개거래
강서구,화곡동,"우장산아이파크,이편한세상",59.98,9,2008,142750,2026,4,4,중개거래
강서구,마곡동,한솔솔파크,59.81,10,2005,110000,2026,4,4,중개거래
강서구,방화동,"월드메르디앙201동,202동",83.42,6,2004,74500,2026,4,4,중개거래
강서구,등촌동,"등촌1,2단지주공아파트",41.85,8,1994,68000,2026,4,4,중개거래
강서구,내발산동,롯데2,59.893,7,2003,74000,2026,4,4,중개거래
강서구,내발산동,마곡수명산파크7단지,84.82,1,2008,99000,2026,4,4,중개거래
강서구,방화동,현대,59.89,4,1993,68000,2026,4,4,중개거래
강서구,가양동,가양6단지,49.5,5,1992,96000,2026,4,4,중개거래
강서구,등촌동,주공3,58.14,11,1995,106500,2026,4,4,중개거래
강서구,화곡동,강서힐스테이트,59.99,5,2015,130000,2026,4,3,중개거래
강서구,마곡동,마곡힐스테이트,59.99,9,2017,148000,2026,4,3,중개거래
강서구,등촌동,풍성애뜨란아파트,56.2,5,2016,48500,2026,4,2,중개거래
강서구,가양동,가양우성,84.87,13,1990,120000,2026,4,3,중개거래
강서구,가양동,가양2단지(성지),34.44,7,1992,66000,2026,4,2,중개거래
강서구,화곡동,강서힐스테이트,84.99,3,2015,145000,2026,4,3,중개거래
강서구,염창동,태진한솔,84.97,1,1994,101000,2026,4,2,중개거래
강서구,등촌동,주공3,58.14,10,1995,100000,2026,4,3,중개거래
강서구,가양동,강변,34.44,10,1992,67000,2026,4,3,중개거래
강서구,등촌동,주공3,58.14,3,1995,104500,2026,4,3,중개거래
강서구,염창동,신동아,59.82,7,1995,87000,2026,4,3,중개거래
강서구,가양동,가양6단지,58.65,3,1992,109000,2026,4,3,중개거래
강서구,염창동,염창2차한화꿈에그린,84.99,6,2006,116000,2026,4,3,중개거래
강서구,공항동,더트루엘마곡HQ,48.3293,9,2024,64600,2026,4,3,직거래
강서구,화곡동,계명가동,57.84,4,2002,24500,2026,4,2,중개거래
강서구,화곡동,삼호그린(346-19),55.05,5,2000,19800,2026,4,3,중개거래
강서구,등촌동,"등촌7,8단지주공아파트",41.85,11,1994,70000,2026,4,2,중개거래
강서구,등촌동,동성,134.94,3,1995,133000,2026,4,2,중개거래
강서구,방화동,마곡중앙하이츠아파트,39.58,6,1994,44000,2026,4,2,중개거래
강서구,가양동,강변,34.44,10,1992,68000,2026,4,2,중개거래
강서구,염창동,무학,114.92,11,1999,124000,2026,4,2,중개거래
강서구,가양동,가양6단지,58.65,14,1992,118000,2026,4,2,중개거래
강서구,내발산동,다울,73.14,5,2004,51000,2026,4,2,중개거래
강서구,등촌동,"등촌1,2단지주공아파트",41.85,8,1994,70000,2026,4,2,중개거래
강서구,등촌동,서광등촌마을아파트,59.67,6,1999,100000,2026,4,2,중개거래
강서구,염창동,염창2차한화꿈에그린,84.99,9,2006,122000,2026,4,1,중개거래
강서구,가양동,강변,34.44,14,1992,60000,2026,4,2,중개거래
강서구,가양동,가양2단지(성지),34.69,12,1992,68000,2026,4,2,중개거래
강서구,방화동,방화5,33.18,8,1994,42500,2026,4,2,중개거래
강서구,가양동,가양6단지,39.6,9,1992,82000,2026,4,2,중개거래
강서구,등촌동,주공3,37.67,5,1995,71000,2026,4,1,중개거래
강서구,등촌동,등촌동아이파크,84.9958,12,2004,123000,2026,4,1,중개거래
강서구,화곡동,강서힐스테이트,84.99,2,2015,149000,2026,4,1,중개거래
강서구,마곡동,마곡엠벨리(15단지),59.79,8,2014,150000,2026,4,1,중개거래
강서구,가양동,가양도시개발9-2단지,39.6,13,1993,69000,2026,4,1,중개거래
강서구,등촌동,"등촌1,2단지주공아파트",41.85,9,1994,67500,2026,4,1,중개거래
강서구,가양동,강변,34.44,8,1992,67500,2026,4,1,중개거래
강서구,등촌동,부영,80.64,4,1994,103500,2026,4,1,중개거래
강서구,등촌동,부영,80.64,7,1994,109500,2026,4,1,중개거래
강서구,내발산동,마곡수명산파크6단지,84.68,9,2007,119200,2026,4,1,중개거래
강서구,등촌동,"진로,미주아파트",84.96,6,1994,104700,2026,4,1,중개거래
강서구,방화동,방화메이빌,48.8686,3,2017,48000,2026,4,1,중개거래
구로구,구로동,순영웰라이빌1차,59.5,8,2003,50000,2026,4,24,중개거래
구로구,구로동,신도림태영타운,59.88,2,2000,124500,2026,4,29,중개거래
구로구,신도림동,대림1,59.82,11,1999,120000,2026,4,30,중개거래
구로구,구로동,일신건영,59.97,15,1998,68000,2026,4,30,중개거래
구로구,천왕동,천왕연지타운1단지,59.97,3,2013,74000,2026,4,28,중개거래
구로구,구로동,구로두산,51.84,7,1998,66000,2026,4,20,중개거래
구로구,신도림동,미성,52.45,11,1987,80000,2026,4,24,중개거래
구로구,오류동,우림필유,59.95,6,2005,55000,2026,4,27,중개거래
구로구,신도림동,대림2,134.99,17,2001,157500,2026,4,2,중개거래
구로구,구로동,우성(23),64.4,15,1985,100000,2026,4,16,중개거래
구로구,개봉동,거성푸르뫼2,84.96,9,1994,54500,2026,4,28,중개거래
구로구,구로동,구로두산,44.64,24,1998,58000,2026,4,25,중개거래
구로구,고척동,한성,68.88,2,1986,36000,2026,4,22,직거래
구로구,신도림동,대림2,134.99,4,2001,156500,2026,4,13,중개거래
구로구,구로동,신도림롯데아파트,84.93,14,1999,125000,2026,4,29,중개거래
구로구,개봉동,건영,84.41,8,1994,44800,2026,4,30,중개거래
구로구,구로동,보광,66.42,2,1984,71000,2026,4,24,중개거래
구로구,항동,현대홈타운스위트,84.9852,1,2004,60000,2026,4,21,중개거래
구로구,구로동,주공1,84.165,4,1986,65500,2026,4,20,중개거래
구로구,항동,한양수자인에듀힐즈,76.9519,3,2019,80000,2026,4,28,중개거래
구로구,천왕동,천왕이펜하우스1단지,59.94,1,2011,70300,2026,4,11,중개거래
구로구,항동,한양수자인에듀힐즈,84.9544,13,2019,84000,2026,4,17,중개거래
구로구,구로동,(747-53),48.06,3,1999,24900,2026,4,29,중개거래
구로구,구로동,대림역대성스카이렉스,84.8,19,2006,75000,2026,4,25,중개거래
구로구,개봉동,현대홈타운,115,2,2001,81500,2026,4,24,중개거래
구로구,구로동,구로지웰,59.651,10,2011,59000,2026,4,30,직거래
구로구,개봉동,삼환,59.4,6,1995,62800,2026,4,30,중개거래
구로구,신도림동,대림1,134.99,23,1999,158000,2026,4,11,중개거래
구로구,구로동,구로두산위브,36.88,1,2006,47800,2026,4,29,중개거래
구로구,구로동,한신휴플러스(1280-0),58.03,7,2007,85500,2026,4,22,중개거래
구로구,구로동,신도림태영타운,171.22,2,2000,120000,2026,4,24,직거래
구로구,신도림동,동아1,59.978,24,1999,137500,2026,4,1,중개거래
구로구,신도림동,현대홈타운아파트,84.69,7,1999,69000,2026,4,13,직거래
구로구,온수동,두양그린A동,110.22,1,2002,40000,2026,4,25,중개거래
구로구,신도림동,동아1,84.908,23,1999,100000,2026,4,29,중개거래
구로구,오류동,삼천리,84.75,8,1998,64900,2026,4,30,중개거래
구로구,구로동,이화우성,59.82,14,1998,64500,2026,4,30,중개거래
구로구,구로동,일신건영,59.97,9,1998,67500,2026,4,28,중개거래
구로구,오류동,동부골든,105.21,13,1998,62000,2026,4,30,중개거래
구로구,신도림동,디큐브시티,128.41,43,2011,180000,2026,4,27,중개거래
구로구,구로동,현대로얄,79.79,3,1987,48500,2026,4,30,중개거래
구로구,구로동,중앙하이츠,79.97,14,1987,73000,2026,4,30,중개거래
구로구,항동,하버라인3단지,59.86,12,2019,71000,2026,4,30,중개거래
구로구,신도림동,동아2,84.908,20,2000,155000,2026,4,30,중개거래
구로구,구로동,구로두산위브,36.88,11,2006,52800,2026,4,30,중개거래
구로구,구로동,구로두산위브,83.39,6,2006,93000,2026,4,28,중개거래
구로구,개봉동,현대,84.99,1,2001,90000,2026,4,30,중개거래
구로구,개봉동,현대,59.94,8,2001,89000,2026,4,30,중개거래
구로구,항동,한양수자인에듀힐즈,84.9591,12,2019,85400,2026,4,16,중개거래
구로구,구로동,구로두산위브,50.14,14,2006,75000,2026,4,30,중개거래
구로구,구로동,한신,44.78,1,1988,45800,2026,4,28,중개거래
구로구,온수동,온수힐스테이트,84.99,6,2010,79000,2026,4,30,중개거래
구로구,항동,동보수목원,84.87,5,2007,40000,2026,4,21,중개거래
구로구,구로동,성락,57.33,8,1988,38500,2026,4,30,중개거래
구로구,구로동,현대연예인,84.91,9,1989,78000,2026,4,30,중개거래
구로구,구로동,구로두산위브,36.88,5,2006,55000,2026,4,30,중개거래
구로구,개봉동,호반써밋개봉,59.927,12,2024,82000,2026,4,27,중개거래
구로구,신도림동,대림1,59.9,3,1999,129000,2026,4,30,중개거래
구로구,구로동,구로두산위브,36.88,10,2006,50500,2026,4,13,직거래
구로구,개봉동,두산,111.69,17,1997,70000,2026,4,25,중개거래
구로구,개봉동,개봉푸르지오,71.95,11,2014,88000,2026,4,22,중개거래
구로구,개봉동,영화,59.78,21,1998,77500,2026,4,29,중개거래
구로구,개봉동,현대,84.99,22,2001,93500,2026,4,29,중개거래
구로구,고척동,삼환로즈빌,84.994,15,2004,95000,2026,4,29,중개거래
구로구,항동,하버라인3단지,59.86,3,2019,67800,2026,4,29,중개거래
구로구,항동,하버라인2단지,74.85,14,2019,75500,2026,4,29,중개거래
구로구,개봉동,한마을,59.57,18,1999,93500,2026,4,29,중개거래
구로구,구로동,구로두산,44.64,15,1998,59850,2026,4,29,중개거래
구로구,개봉동,상우,96.3,9,1997,65500,2026,4,29,중개거래
구로구,구로동,구일우성,59.44,19,1998,58000,2026,4,29,중개거래
구로구,신도림동,대림2,134.99,5,2001,154000,2026,4,29,중개거래
구로구,고척동,벽산베스트블루밍,84.895,10,2010,87000,2026,4,29,중개거래
구로구,구로동,덕영드림,56.19,11,2006,56500,2026,4,28,중개거래
구로구,구로동,우성(1058),84.38,14,1995,77000,2026,4,28,중개거래
구로구,구로동,신도림태영타운,84.87,9,2000,135000,2026,4,29,중개거래
구로구,개봉동,청실,64.56,13,1987,54700,2026,4,29,중개거래
구로구,오류동,금강(343),84.983,4,2003,75000,2026,4,30,중개거래
구로구,항동,우남퍼스트빌더센트럴,84.9149,4,2020,75350,2026,4,29,중개거래
구로구,오류동,동부(101동~103동),59.98,13,1998,48700,2026,4,28,중개거래
구로구,개봉동,LIPe-푸른아파트,59.2,3,2014,37800,2026,4,29,중개거래
구로구,개봉동,율포그레이스빌,84.78,7,2002,57000,2026,4,29,중개거래
구로구,오류동,동부골든,59.94,11,1998,46500,2026,4,25,중개거래
구로구,구로동,현대파크빌,153.61,19,1999,91000,2026,4,1,직거래
구로구,구로동,주공2,32.39,6,1987,54300,2026,4,29,중개거래
구로구,가리봉동,효성,84.87,4,1998,51000,2026,4,29,중개거래
구로구,구로동,한신,45.563,7,1988,48500,2026,4,28,중개거래
구로구,오류동,오류동금호어울림,59.87,7,2006,58300,2026,4,28,중개거래
구로구,개봉동,영화,143.09,25,1998,83000,2026,4,28,중개거래
구로구,고척동,삼익(2단지),84.96,11,2001,61500,2026,4,28,중개거래
구로구,오류동,금강,84.96,8,1996,35000,2026,4,23,중개거래
구로구,오류동,오류동푸르지오,61.257,7,2004,71600,2026,4,28,중개거래
구로구,신도림동,디큐브시티,59.84,4,2011,111300,2026,4,17,중개거래
구로구,신도림동,대림e-편한세상4,117.74,19,2003,195000,2026,4,27,중개거래
구로구,구로동,보광,66.42,3,1984,49000,2026,4,15,직거래
구로구,개봉동,영화,84.96,24,1998,77500,2026,4,21,중개거래
구로구,신도림동,대림e-편한세상4,117.74,8,2003,205000,2026,4,28,중개거래
구로구,오류동,동부골든,71.06,9,1998,51000,2026,4,25,중개거래
구로구,개봉동,현대,114.99,2,2001,97000,2026,4,25,중개거래
구로구,구로동,한신,35.277,15,1988,35000,2026,4,27,중개거래
구로구,구로동,주공2,32.39,2,1987,55000,2026,4,6,중개거래
구로구,오류동,동부골든,59.94,2,1998,44500,2026,4,28,중개거래
구로구,고척동,삼익(2단지),84.96,12,2001,61300,2026,4,25,중개거래
구로구,구로동,한일유앤아이,84.962,1,2006,68000,2026,4,27,중개거래
구로구,항동,하버라인3단지,59.86,4,2019,67800,2026,4,23,중개거래
구로구,구로동,구로현대,63.98,5,1992,73000,2026,4,27,중개거래
구로구,구로동,구로두산,44.64,1,1998,48400,2026,4,27,중개거래
구로구,개봉동,상우,59.4,9,1997,54700,2026,4,27,중개거래
구로구,구로동,주공2,32.39,10,1987,56400,2026,4,27,중개거래
구로구,구로동,중앙하이츠(1269),59.73,10,2001,78000,2026,4,25,중개거래
구로구,개봉동,현대홈타운,59.49,5,2001,78500,2026,4,22,중개거래
구로구,구로동,골드마인(가동),76.94,7,2004,43000,2026,4,21,직거래
구로구,구로동,현대연예인,54.86,12,1989,60000,2026,4,27,중개거래
구로구,구로동,금호,59.96,21,1997,50000,2026,4,25,중개거래
구로구,구로동,이화우성,84.98,13,1998,78000,2026,4,23,중개거래
구로구,구로동,근상프리즘,78.88,3,2007,58500,2026,4,27,중개거래
구로구,신도림동,동아1,59.978,4,1999,130000,2026,4,25,중개거래
구로구,구로동,현대의보아파트,82.39,6,1994,50000,2026,4,23,중개거래
구로구,천왕동,천왕연지타운2단지,84.98,6,2014,75500,2026,4,22,중개거래
구로구,개봉동,영화,84.96,5,1998,83000,2026,4,24,중개거래
구로구,고척동,대우,84.98,1,1999,70900,2026,4,24,중개거래
구로구,개봉동,한마을,59.57,10,1999,90000,2026,4,25,중개거래
구로구,구로동,한신휴플러스(1280-0),58.03,12,2007,75500,2026,4,18,중개거래
구로구,고척동,삼익(1단지),59.82,15,2001,47000,2026,4,25,중개거래
구로구,고척동,경남2,59.96,12,1999,53500,2026,4,26,중개거래
구로구,구로동,우성(1058),59.34,14,1995,65500,2026,4,25,중개거래
구로구,고척동,대우,59.96,15,1999,68400,2026,4,26,중개거래
구로구,오류동,오류동금호어울림,59.98,11,2006,56500,2026,4,27,중개거래
구로구,개봉동,한진,84.96,6,2000,61000,2026,4,23,중개거래
구로구,구로동,구로현대,56.49,9,1992,65000,2026,4,26,중개거래
구로구,구로동,중앙하이츠(1269),82.3019,7,2001,82500,2026,4,26,중개거래
구로구,고척동,서울가든,64.39,2,1989,60000,2026,4,26,중개거래
구로구,구로동,구로두산위브,36.88,2,2006,52500,2026,4,25,중개거래
구로구,고척동,고척LIG리가2차,84.98,21,2009,85000,2026,4,25,중개거래
구로구,구로동,현대의보아파트,77.75,6,1994,51500,2026,4,25,중개거래
구로구,구로동,한신,59.88,10,1988,61300,2026,4,25,중개거래
구로구,온수동,온수힐스테이트,59.98,9,2010,72800,2026,4,25,중개거래
구로구,구로동,삼성래미안,109.651,4,2004,103500,2026,4,23,중개거래
구로구,개봉동,개봉푸르지오,84.94,13,2014,92000,2026,4,22,중개거래
구로구,구로동,성호메이플라워멤버스빌,41.4,14,2002,21000,2026,4,25,중개거래
구로구,구로동,대림아르빌,84.76,3,2003,69500,2026,4,24,중개거래
구로구,구로동,주공2,41.3,9,1987,73500,2026,4,25,중개거래
구로구,구로동,럭키,59.98,5,1992,59000,2026,4,25,중개거래
구로구,구로동,한신휴플러스(1280-0),58.03,15,2007,75000,2026,4,16,중개거래
구로구,구로동,신도림태영타운,59.88,1,2000,108000,2026,4,25,중개거래
구로구,고척동,서울가든,64.39,7,1989,60000,2026,4,24,중개거래
구로구,구로동,극동,55.57,2,1984,42800,2026,4,25,중개거래
구로구,구로동,중앙하이츠(1269),82.3019,4,2001,73000,2026,4,25,중개거래
구로구,구로동,구일우성,59.44,17,1998,57500,2026,4,23,중개거래
구로구,구로동,구로두산,44.64,10,1998,54200,2026,4,25,중개거래
구로구,구로동,구로두산,44.64,12,1998,60000,2026,4,24,중개거래
구로구,구로동,구일우성,59.44,6,1998,56000,2026,4,24,중개거래
구로구,고척동,고척월드메르디앙,84.93,5,2011,82500,2026,4,24,중개거래
구로구,개봉동,현대홈타운,84.915,19,2001,94900,2026,4,24,중개거래
구로구,구로동,한신,45.563,2,1988,45700,2026,4,24,중개거래
구로구,구로동,신성미소지움,84.23,10,2003,71000,2026,4,24,중개거래
구로구,구로동,한신휴플러스(1280-0),58.03,16,2007,84500,2026,4,24,중개거래
구로구,항동,하버라인2단지,84.88,3,2019,78500,2026,4,24,중개거래
구로구,고척동,동아한신,59.9,7,2000,63000,2026,4,24,중개거래
구로구,항동,하버라인2단지,74.83,11,2019,74400,2026,4,24,중개거래
구로구,구로동,(718-18)삼성빌라트,44.55,1,1961,25300,2026,4,14,중개거래
구로구,구로동,현대연예인,84.91,9,1989,76200,2026,4,11,중개거래
구로구,개봉동,삼환,59.4,6,1995,61000,2026,4,22,중개거래
구로구,구로동,순영웰라이빌2차,64.45,18,2005,55000,2026,4,7,중개거래
구로구,오류동,동부골든,59.94,7,1998,46000,2026,4,24,중개거래
구로구,구로동,다솜금호,59.95,9,1995,53000,2026,4,22,중개거래
구로구,개봉동,신영지웰에스테이트개봉역,59.9525,15,2024,77500,2026,4,22,중개거래
구로구,온수동,온수힐스테이트,84.97,10,2010,70000,2026,4,22,중개거래
구로구,고척동,삼환로즈빌,84.994,14,2004,103000,2026,4,23,중개거래
구로구,개봉동,한마을,59.57,14,1999,90500,2026,4,23,중개거래
구로구,개봉동,한마을,59.57,5,1999,92000,2026,4,23,중개거래
구로구,개봉동,신세기,71.88,6,2003,45500,2026,4,23,중개거래
구로구,구로동,구로현대,56.49,15,1992,67000,2026,4,3,중개거래
구로구,개봉동,한진,59.95,18,2000,60000,2026,4,23,중개거래
구로구,구로동,우민늘푸른,84.702,5,2004,71500,2026,4,23,중개거래
구로구,구로동,현대,56.49,13,1988,56700,2026,4,23,중개거래
구로구,구로동,월드,59.92,9,1998,45000,2026,4,10,직거래
구로구,항동,한양수자인에듀힐즈,76.9519,9,2019,80500,2026,4,6,중개거래
구로구,개봉동,현대홈타운,84.915,19,2001,89500,2026,4,23,중개거래
구로구,구로동,현대,56.49,15,1988,53300,2026,4,23,중개거래
구로구,구로동,쌍용플래티넘노블,124.11,20,2006,90000,2026,4,22,중개거래
구로구,천왕동,천왕연지타운2단지,84.98,9,2014,74000,2026,4,21,중개거래
구로구,구로동,우민늘푸른,66.122,13,2004,58000,2026,4,22,중개거래
구로구,구로동,성락,57.33,4,1988,38500,2026,4,18,중개거래
구로구,구로동,중앙하이츠(1269),82.3019,18,2001,82500,2026,4,22,중개거래
구로구,고척동,"우성,현대아파트",79.32,7,1987,66000,2026,4,21,중개거래
구로구,구로동,중앙하이츠,70.52,3,1987,64000,2026,4,22,중개거래
구로구,고척동,삼익(2단지),84.96,4,2001,56000,2026,4,16,중개거래
구로구,개봉동,현대홈타운,59.49,18,2001,86700,2026,4,22,중개거래
구로구,구로동,일신건영,59.97,8,1998,63000,2026,4,22,중개거래
구로구,구로동,신도림현대,80.01,17,1994,112000,2026,4,22,중개거래
구로구,구로동,주공2,41.3,9,1987,74000,2026,4,22,중개거래
구로구,온수동,온수힐스테이트,84.97,8,2010,80000,2026,4,22,중개거래
구로구,고척동,경남2,84.85,10,1999,66250,2026,4,22,중개거래
구로구,신도림동,디큐브시티,152.24,49,2011,209000,2026,4,15,중개거래
구로구,고척동,삼익(1단지),84.96,8,2001,58500,2026,4,21,중개거래
구로구,고척동,청구,59.94,2,1999,58000,2026,4,21,중개거래
구로구,구로동,구로두산,44.64,1,1998,49000,2026,4,21,중개거래
구로구,개봉동,개봉동현대아이파크,84.98,3,2006,94500,2026,4,21,중개거래
구로구,항동,항동중흥에스클래스베르데카운티,84.9416,16,2019,90000,2026,4,21,중개거래
구로구,개봉동,상우,59.4,13,1997,52000,2026,4,21,중개거래
구로구,고척동,대우,59.94,16,1999,67700,2026,4,21,중개거래
구로구,고척동,청구,84.87,11,1999,73000,2026,4,21,중개거래
구로구,구로동,구일우성,59.44,21,1998,58600,2026,4,21,중개거래
구로구,오류동,영풍마드레빌,84.741,3,2002,68000,2026,4,21,중개거래
구로구,구로동,신구로자이,101.96,35,2007,92500,2026,4,17,중개거래
구로구,구로동,구일우성,59.44,10,1998,56700,2026,4,21,중개거래
구로구,구로동,삼호빌라,47.1,2,1996,24000,2026,4,14,중개거래
구로구,구로동,대림역포스큐,14.579,19,2015,9000,2026,4,21,중개거래
구로구,구로동,구일우성,84.49,19,1998,75000,2026,4,6,중개거래
구로구,구로동,주공2,32.39,1,1987,52800,2026,4,20,중개거래
구로구,구로동,구로두산,44.64,13,1998,55500,2026,4,20,중개거래
구로구,개봉동,두산,59.69,6,1997,57850,2026,4,20,중개거래
구로구,구로동,구일우성,59.44,24,1998,57800,2026,4,16,중개거래
구로구,구로동,신도림롯데아파트,170.3,13,1999,131000,2026,4,20,중개거래
구로구,개봉동,건영,84.41,16,1994,48500,2026,4,14,직거래
구로구,구로동,한국현대,84.72,4,1994,61500,2026,4,16,중개거래
구로구,고척동,청구,59.94,9,1999,60000,2026,4,9,중개거래
구로구,구로동,주공2,32.39,12,1987,54500,2026,4,20,중개거래
구로구,고척동,서울가든,84.99,2,1989,68000,2026,4,19,중개거래
구로구,고척동,삼환로즈빌,102.375,22,2004,109500,2026,4,20,중개거래
구로구,구로동,(752-15),24.05,2,1999,13700,2026,4,16,중개거래
구로구,천왕동,천왕연지타운2단지,84.97,9,2014,79300,2026,4,18,중개거래
구로구,항동,우남퍼스트빌더센트럴,79.9913,8,2020,69500,2026,4,17,중개거래
구로구,구로동,구로오네뜨시티,25.07,17,2022,21800,2026,4,20,중개거래
구로구,신도림동,동아2,59.595,9,2000,130000,2026,4,19,중개거래
구로구,구로동,현대연예인,84.91,7,1989,74800,2026,4,19,중개거래
구로구,개봉동,한진,59.95,3,2000,59000,2026,4,18,중개거래
구로구,구로동,신도림LG자이,84.952,11,2004,113500,2026,4,18,중개거래
구로구,신도림동,미성,37.91,1,1987,65000,2026,4,18,중개거래
구로구,구로동,신도림태영타운,84.87,4,2000,130000,2026,4,19,중개거래
구로구,고척동,센츄리,84.56,15,1994,62000,2026,4,17,중개거래
구로구,개봉동,현대홈타운,59.49,8,2001,78000,2026,4,18,중개거래
구로구,구로동,현대,72.33,3,1988,69500,2026,4,18,중개거래
구로구,고척동,대우,59.95,10,1999,67700,2026,4,18,중개거래
구로구,구로동,구로두산위브,36.88,5,2006,51500,2026,4,11,중개거래
구로구,구로동,삼성래미안,78.665,2,2004,93500,2026,4,18,중개거래
구로구,오류동,동부골든,84.96,9,1998,57200,2026,4,18,중개거래
구로구,개봉동,한마을,59.57,23,1999,90000,2026,4,18,중개거래
구로구,개봉동,한진,59.95,10,2000,61500,2026,4,18,중개거래
구로구,개봉동,거성,47.52,2,1988,28000,2026,4,17,중개거래
구로구,개봉동,한마을,59.57,24,1999,83000,2026,4,18,중개거래
구로구,개봉동,현대홈타운,84.915,8,2001,93500,2026,4,18,중개거래
구로구,개봉동,두산,59.69,1,1997,51500,2026,4,18,중개거래
구로구,오류동,영풍마드레빌,59.819,8,2002,64000,2026,4,17,중개거래
구로구,개봉동,한마을,59.57,8,1999,85500,2026,4,17,중개거래
구로구,구로동,중앙하이츠,70.52,1,1987,62500,2026,4,17,중개거래
구로구,구로동,주공2,32.39,11,1987,54300,2026,4,11,중개거래
구로구,고척동,"우성,현대아파트",58.5,10,1987,57700,2026,4,17,중개거래
구로구,구로동,주공2,41.3,3,1987,72500,2026,4,17,중개거래
구로구,구로동,중앙하이츠,79.97,3,1987,69800,2026,4,17,중개거래
구로구,구로동,구로두산,44.64,9,1998,54200,2026,4,18,중개거래
구로구,구로동,구로두산위브,57.1,5,2006,73500,2026,4,18,중개거래
구로구,개봉동,대상,84.98,6,1999,58500,2026,4,18,중개거래
구로구,구로동,럭키,56.11,9,1992,58500,2026,4,17,중개거래
구로구,고척동,삼익(1단지),59.82,9,2001,46000,2026,4,17,중개거래
구로구,오류동,금강(343),84.983,1,2003,72500,2026,4,17,중개거래
구로구,구로동,주공2,41.3,11,1987,68500,2026,4,17,중개거래
구로구,신도림동,현대홈타운아파트,84.69,2,1999,60000,2026,4,17,직거래
구로구,가리봉동,효성,84.87,5,1998,50000,2026,4,17,중개거래
구로구,온수동,두양그린B동,94.62,5,2002,37500,2026,4,16,중개거래
구로구,고척동,고척월드메르디앙,84.93,20,2011,77000,2026,4,16,중개거래
구로구,고척동,신원프라자,84.27,13,1997,52000,2026,4,16,중개거래
구로구,구로동,중앙하이츠,59.99,4,1987,60000,2026,4,16,중개거래
구로구,고척동,벽산베스트블루밍,84.742,5,2010,92500,2026,4,16,중개거래
구로구,구로동,현대연예인,84.91,13,1989,70000,2026,4,10,중개거래
구로구,오류동,오류동삼전솔하임,30.894,6,2020,26600,2026,4,21,중개거래
구로구,개봉동,거성푸르뫼,59.89,12,1993,43000,2026,4,15,중개거래
구로구,개봉동,한양아이클래스구로,48.24,4,2018,36000,2026,4,10,중개거래
구로구,구로동,현암B동,52.56,3,1994,22800,2026,4,13,중개거래
구로구,신도림동,미성,52.45,9,1987,80500,2026,4,16,중개거래
구로구,개봉동,영화아이닉스,116.21,7,2005,70500,2026,4,15,중개거래
구로구,오류동,한신플러스타운,59.91,7,2002,54000,2026,4,15,중개거래
구로구,구로동,한신,44.78,11,1988,48300,2026,4,15,중개거래
구로구,개봉동,두산,111.69,9,1997,70000,2026,4,15,중개거래
구로구,구로동,구로두산,44.64,7,1998,60000,2026,4,15,중개거래
구로구,구로동,주공2,47.34,1,1987,76000,2026,4,15,중개거래
구로구,구로동,주공1,84.87,12,1986,104700,2026,4,15,중개거래
구로구,구로동,주공1,84.87,8,1986,105000,2026,4,15,중개거래
구로구,구로동,주공1,83.805,7,1986,106000,2026,4,15,중개거래
구로구,구로동,럭키,59.98,12,1992,59000,2026,4,15,중개거래
구로구,온수동,온수힐스테이트,84.97,1,2010,80000,2026,4,15,중개거래
구로구,구로동,(743-55),58.05,4,1996,23000,2026,4,11,중개거래
구로구,구로동,주공2,49.94,1,1987,82000,2026,4,15,중개거래
구로구,구로동,한신,45.563,10,1988,45800,2026,4,9,중개거래
구로구,신도림동,대림e-편한세상5,84.789,21,2003,113620,2026,4,14,중개거래
구로구,구로동,다솜금호,84.35,17,1995,67700,2026,4,11,중개거래
구로구,고척동,경남2,84.85,13,1999,62000,2026,4,10,중개거래
구로구,개봉동,현대,59.94,11,2001,87000,2026,4,15,중개거래
구로구,신도림동,대림1,59.82,9,1999,120000,2026,4,1,중개거래
구로구,구로동,주공2,32.39,4,1987,54000,2026,4,14,중개거래
구로구,개봉동,대상,74.56,14,1999,53000,2026,4,8,중개거래
구로구,개봉동,한마을,59.57,25,1999,87500,2026,4,14,중개거래
구로구,구로동,주공2,41.3,3,1987,72700,2026,4,14,중개거래
구로구,온수동,아이에스빌리브,74.48,4,2010,40200,2026,4,6,중개거래
구로구,구로동,구로두산,44.64,11,1998,56500,2026,4,8,중개거래
구로구,온수동,리치안풍산,84.99,2,2009,48000,2026,4,4,중개거래
구로구,구로동,구로두산,44.64,20,1998,58500,2026,4,14,중개거래
구로구,신도림동,디큐브시티,125.36,16,2011,169000,2026,4,13,중개거래
구로구,구로동,구로두산,44.64,22,1998,54500,2026,4,14,중개거래
구로구,구로동,럭키,71.4,9,1992,71500,2026,4,8,중개거래
구로구,온수동,온수힐스테이트,121.26,5,2010,95000,2026,4,7,직거래
구로구,신도림동,동아1,59.978,21,1999,139500,2026,4,14,중개거래
구로구,구로동,신성미소지움,84.23,1,2003,63000,2026,4,13,중개거래
구로구,개봉동,삼환,59.4,7,1995,63000,2026,4,14,중개거래
구로구,구로동,순영웰라이빌1차,59.5,13,2003,48900,2026,4,2,중개거래
구로구,구로동,금호,59.96,15,1997,48500,2026,4,6,중개거래
구로구,개봉동,동인,78.64,5,1989,46000,2026,4,13,중개거래
구로구,개봉동,현대,84.99,24,2001,94000,2026,4,13,중개거래
구로구,구로동,주공2,41.3,1,1987,68500,2026,4,13,중개거래
구로구,구로동,주공2,32.39,9,1987,54500,2026,4,13,중개거래
구로구,구로동,구일우성,114.47,17,1998,87000,2026,4,13,중개거래
구로구,구로동,구로두산,44.64,20,1998,53500,2026,4,13,중개거래
구로구,개봉동,한진,84.96,7,2000,70000,2026,4,13,중개거래
구로구,온수동,온수힐스테이트,102.6,6,2010,81000,2026,4,3,중개거래
구로구,온수동,온수힐스테이트,84.97,3,2010,83000,2026,4,13,중개거래
구로구,천왕동,천왕이펜하우스1단지,84.94,3,2011,79000,2026,4,5,중개거래
구로구,구로동,구로두산,51.84,8,1998,63000,2026,4,10,중개거래
구로구,구로동,현대연예인,84.91,10,1989,79900,2026,4,13,중개거래
구로구,고척동,더헤리츠,66.01,16,2023,73000,2026,4,2,중개거래
구로구,구로동,주공1,73.08,13,1986,109400,2026,4,13,중개거래
구로구,구로동,현대연예인,74.66,12,1989,64500,2026,4,13,중개거래
구로구,구로동,구로두산,44.64,19,1998,46500,2026,4,1,직거래
구로구,구로동,중앙하이츠(1269),82.3019,9,2001,84700,2026,4,10,중개거래
구로구,구로동,덕영드림,70.17,11,2006,66000,2026,4,4,중개거래
구로구,구로동,구로현대,63.98,9,1992,68000,2026,4,12,중개거래
구로구,개봉동,현대,59.94,3,2001,83500,2026,4,12,중개거래
구로구,신도림동,대림1,101.48,12,1999,141000,2026,4,9,중개거래
구로구,오류동,동부골든,59.94,11,1998,47000,2026,4,11,중개거래
구로구,개봉동,한마을,123.46,1,1999,98700,2026,4,11,중개거래
구로구,개봉동,영화,59.78,19,1998,65000,2026,4,11,중개거래
구로구,구로동,현대연예인,84.91,8,1989,82000,2026,4,11,중개거래
구로구,개봉동,영화아이닉스,84.98,10,2005,59000,2026,4,11,중개거래
구로구,구로동,구로두산,44.64,17,1998,56300,2026,4,11,중개거래
구로구,신도림동,대림2,84.95,13,2001,145500,2026,4,11,중개거래
구로구,고척동,벽산,84.878,17,2003,114000,2026,4,11,중개거래
구로구,구로동,구로두산,44.64,10,1998,57000,2026,4,11,중개거래
구로구,신도림동,미성,83.67,8,1987,95000,2026,4,11,중개거래
구로구,개봉동,현대,59.94,16,2001,85900,2026,4,11,중개거래
구로구,개봉동,현대,114.99,11,2001,94000,2026,4,11,중개거래
구로구,구로동,현대,72.33,15,1988,59900,2026,4,10,중개거래
구로구,구로동,구로두산위브,36.88,9,2006,59500,2026,4,10,중개거래
구로구,개봉동,두산,59.69,19,1997,54500,2026,4,10,중개거래
구로구,구로동,현대연예인,74.66,3,1989,67500,2026,4,10,중개거래
구로구,개봉동,거성푸르뫼,132.68,9,1993,54500,2026,4,10,중개거래
구로구,구로동,구로두산,44.64,12,1998,58500,2026,4,10,중개거래
구로구,고척동,한일유앤아이,59.647,9,2005,60000,2026,4,10,중개거래
구로구,구로동,한신,44.78,13,1988,48000,2026,4,10,중개거래
구로구,구로동,중앙하이츠(1269),82.3019,20,2001,76000,2026,4,9,중개거래
구로구,개봉동,삼환,59.4,15,1995,64500,2026,4,10,중개거래
구로구,개봉동,한양아이클래스구로,45.32,3,2018,35000,2026,4,3,중개거래
구로구,개봉동,신개봉삼환,59.81,14,2001,58900,2026,4,10,중개거래
구로구,고척동,삼환로즈빌,59.998,16,2004,86000,2026,4,10,중개거래
구로구,구로동,쌍용플래티넘노블,124.11,30,2006,87000,2026,4,8,중개거래
구로구,구로동,삼성래미안,78.665,3,2004,93500,2026,4,10,중개거래
구로구,항동,한양수자인에듀힐즈,76.9519,16,2019,80500,2026,4,10,중개거래
구로구,고척동,청구,59.94,10,1999,60000,2026,4,10,중개거래
구로구,개봉동,신개봉삼환,84.99,4,2001,72000,2026,4,10,중개거래
구로구,개봉동,현대,84.99,19,2001,92000,2026,4,9,중개거래
구로구,개봉동,개봉동현대아이파크,84.98,11,2006,95000,2026,4,9,중개거래
구로구,구로동,우방,84.9,13,1993,61000,2026,4,9,중개거래
구로구,구로동,주공1,73.68,15,1986,98500,2026,4,9,중개거래
구로구,오류동,천왕역모아엘가트레뷰,67.9639,23,2025,88000,2026,4,9,중개거래
구로구,오류동,동부(101동~103동),84.89,12,1998,62000,2026,4,9,중개거래
구로구,고척동,서울가든,64.39,11,1989,63500,2026,4,9,중개거래
구로구,구로동,비즈트위트레인보우,15.17,4,2012,9500,2026,4,8,중개거래
구로구,구로동,삼성래미안,78.665,8,2004,94000,2026,4,7,중개거래
구로구,개봉동,신개봉삼환,59.81,2,2001,55000,2026,4,9,중개거래
구로구,항동,현대홈타운스위트,84.9852,2,2004,60000,2026,4,2,중개거래
구로구,구로동,한신휴플러스(1280-1),58.03,7,2007,77000,2026,4,9,중개거래
구로구,신도림동,동아3,60,2,2000,139000,2026,4,8,중개거래
구로구,개봉동,거성푸르뫼2,59.9,9,1994,41400,2026,4,2,중개거래
구로구,고척동,벽산,84.878,3,2003,99000,2026,4,8,중개거래
구로구,개봉동,한진,59.95,13,2000,62000,2026,4,7,중개거래
구로구,구로동,한신,44.78,8,1988,46000,2026,4,8,중개거래
구로구,오류동,영풍마드레빌,84.741,4,2002,69000,2026,4,8,중개거래
구로구,구로동,한신휴플러스(1280-0),50.03,16,2007,71000,2026,4,8,중개거래
구로구,구로동,구로지웰,59.651,4,2011,59500,2026,4,8,중개거래
구로구,구로동,구로두산위브,36.88,11,2006,49000,2026,4,8,중개거래
구로구,개봉동,삼환,114.48,7,1995,76250,2026,4,8,중개거래
구로구,고척동,한성,78.3,3,1986,39000,2026,4,8,중개거래
구로구,고척동,고척파크푸르지오,84.94,5,2009,113000,2026,4,8,중개거래
구로구,개봉동,한마을,149.97,24,1999,110000,2026,4,8,중개거래
구로구,고척동,대우,114.95,2,1999,74500,2026,4,8,중개거래
구로구,구로동,삼성래미안,56.036,4,2004,79000,2026,4,8,중개거래
구로구,개봉동,한진,84.96,7,2000,67900,2026,4,7,중개거래
구로구,구로동,주공1,73.08,9,1986,99000,2026,4,8,중개거래
구로구,개봉동,두산,84.96,11,1997,66000,2026,4,3,중개거래
구로구,오류동,금강(343),84.983,5,2003,92000,2026,4,2,중개거래
구로구,신도림동,동아3,84.99,15,2000,153500,2026,4,6,중개거래
구로구,신도림동,대림e-편한세상4,84.78,4,2003,188000,2026,4,6,중개거래
구로구,구로동,구로오네뜨시티,16.71,14,2022,15800,2026,4,6,직거래
구로구,오류동,삼천리,84.75,12,1998,64000,2026,4,8,중개거래
구로구,온수동,온수힐스테이트,84.97,10,2010,78000,2026,4,7,중개거래
구로구,구로동,구로두산,44.64,11,1998,55800,2026,4,8,중개거래
구로구,구로동,삼성래미안,78.665,6,2004,98000,2026,4,6,중개거래
구로구,개봉동,한마을,59.57,13,1999,88000,2026,4,7,중개거래
구로구,구로동,구로두산,44.64,15,1998,59000,2026,4,7,중개거래
구로구,오류동,라인,59.52,19,1995,44800,2026,4,7,중개거래
구로구,고척동,벽산,84.878,4,2003,100000,2026,4,4,중개거래
구로구,개봉동,두산,59.69,28,1997,56500,2026,4,7,중개거래
구로구,구로동,보광,73.89,3,1984,76000,2026,4,4,중개거래
구로구,개봉동,한마을,59.57,16,1999,90000,2026,4,7,중개거래
구로구,구로동,구로현대,56.49,15,1992,60000,2026,4,3,중개거래
구로구,구로동,구로두산,44.64,4,1998,53700,2026,4,7,중개거래
구로구,구로동,대림우성2,43.79,5,1987,35000,2026,4,3,직거래
구로구,신도림동,대림1,134.99,3,1999,155000,2026,4,1,중개거래
구로구,오류동,영풍마드레빌,84.741,5,2002,74000,2026,4,7,중개거래
구로구,항동,항동제일풍경채포레스트,84.6614,9,2020,71900,2026,4,6,중개거래
구로구,구로동,한일유앤아이,84.962,5,2006,66000,2026,4,6,중개거래
구로구,오류동,유한수목원,74.61,6,2008,44500,2026,4,6,중개거래
구로구,항동,하버라인3단지,59.94,9,2019,67000,2026,4,6,중개거래
구로구,온수동,온수힐스테이트,59.98,4,2010,70000,2026,4,6,중개거래
구로구,구로동,한일퍼스트빌(415-37),84.21,3,2004,30000,2026,4,6,직거래
구로구,항동,하버라인2단지,74.87,12,2019,75000,2026,4,3,중개거래
구로구,구로동,순영웰라이빌2차,66.63,19,2005,49000,2026,4,3,중개거래
구로구,구로동,신도림태영타운,84.87,27,2000,110000,2026,4,6,중개거래
구로구,오류동,금강,84.96,10,1996,49500,2026,4,4,중개거래
구로구,구로동,다솜금호,84.95,16,1995,72200,2026,4,5,중개거래
구로구,개봉동,두산,84.96,2,1997,63000,2026,4,5,중개거래
구로구,구로동,중앙하이츠(1269),59.73,2,2001,70000,2026,4,4,중개거래
구로구,천왕동,천왕이펜하우스5단지,84.98,13,2011,71500,2026,4,4,중개거래
구로구,항동,하버라인3단지,59.86,13,2019,69300,2026,4,4,중개거래
구로구,신도림동,동아3,60,7,2000,144000,2026,4,4,중개거래
구로구,온수동,온수힐스테이트,102.6,5,2010,86000,2026,4,4,중개거래
구로구,오류동,삼천리,84.75,11,1998,69800,2026,4,4,중개거래
구로구,개봉동,두산,84.96,20,1997,72000,2026,4,4,중개거래
구로구,온수동,온수힐스테이트,102.6,4,2010,90000,2026,4,3,중개거래
구로구,구로동,현대파크빌,153.61,25,1999,100000,2026,4,2,중개거래
구로구,개봉동,대상,59.93,19,1999,45500,2026,4,4,중개거래
구로구,개봉동,현대홈타운,84.915,9,2001,94000,2026,4,4,중개거래
구로구,고척동,고척월드메르디앙,84.93,20,2011,78000,2026,4,4,중개거래
구로구,개봉동,현대,84.99,23,2001,95500,2026,4,4,중개거래
구로구,개봉동,두산,84.96,11,1997,65750,2026,4,4,중개거래
구로구,천왕동,천왕이펜하우스4단지,84.97,6,2011,75500,2026,4,4,중개거래
구로구,고척동,서울가든,64.39,6,1989,63500,2026,4,2,중개거래
구로구,개봉동,한진,84.96,6,2000,67500,2026,4,3,중개거래
구로구,오류동,동부골든,84.96,4,1998,58000,2026,4,3,중개거래
구로구,신도림동,미성,37.91,10,1987,65500,2026,4,3,중개거래
구로구,구로동,구일우성,59.44,13,1998,56400,2026,4,3,중개거래
구로구,고척동,"우성,현대아파트",68.7,3,1987,64200,2026,4,3,중개거래
구로구,항동,하버라인2단지,59.86,5,2019,68900,2026,4,3,중개거래
구로구,구로동,주공1,73.08,1,1986,100000,2026,4,3,중개거래
구로구,개봉동,현대홈타운,59.49,18,2001,80400,2026,4,3,중개거래
구로구,온수동,온수힐스테이트,84.97,4,2010,77000,2026,4,3,중개거래
구로구,개봉동,한양아이클래스구로,47.74,3,2018,36500,2026,4,3,중개거래
구로구,구로동,주공2,32.39,3,1987,53000,2026,4,3,중개거래
구로구,고척동,삼익(2단지),84.96,16,2001,59000,2026,4,3,중개거래
구로구,신도림동,대림1,59.88,3,1999,126400,2026,4,3,중개거래
구로구,오류동,삼천리,59.73,1,1998,50000,2026,4,3,중개거래
구로구,구로동,중앙하이츠,79.97,6,1987,72200,2026,4,3,중개거래
구로구,구로동,구로현대,56.49,15,1992,67000,2026,4,3,중개거래
구로구,구로동,비즈트위트그린,15.11,15,2012,9000,2026,4,2,중개거래
구로구,구로동,대림우성2,43.79,13,1987,34500,2026,4,3,중개거래
구로구,고척동,삼익(1단지),84.96,15,2001,60000,2026,4,2,중개거래
구로구,개봉동,개봉푸르지오,59.86,17,2014,79500,2026,4,2,중개거래
구로구,개봉동,현대,84.96,5,2001,96200,2026,4,2,중개거래
구로구,구로동,주공1,73.08,12,1986,99000,2026,4,2,중개거래
구로구,구로동,구로오네뜨시티,25.07,15,2022,21800,2026,4,2,중개거래
구로구,구로동,삼성래미안,109.651,18,2004,107000,2026,4,2,중개거래
구로구,신도림동,미성,37.91,8,1987,65500,2026,4,2,중개거래
구로구,오류동,한신플러스타운,84.96,13,2002,67800,2026,4,2,중개거래
구로구,구로동,주공2,49.94,6,1987,84700,2026,4,2,중개거래
구로구,항동,항동제일풍경채포레스트,84.9813,3,2020,70000,2026,4,1,중개거래
구로구,고척동,고척파크푸르지오,59.89,8,2009,97000,2026,4,2,중개거래
구로구,신도림동,동아1,59.978,24,1999,137500,2026,4,1,중개거래
구로구,개봉동,현대,59.94,10,2001,88000,2026,4,1,중개거래
구로구,신도림동,동아3,84.99,27,2000,151000,2026,4,1,중개거래
구로구,항동,항동중흥에스클래스베르데카운티,84.9416,3,2019,84000,2026,4,1,중개거래
구로구,구로동,신도림태영타운,84.87,2,2000,127500,2026,4,1,중개거래
구로구,고척동,양우,59.94,12,2000,49000,2026,4,1,중개거래
구로구,신도림동,대림1,84.95,9,1999,144500,2026,4,1,중개거래
구로구,구로동,현대로얄,52.46,10,1987,33500,2026,4,1,중개거래
구로구,구로동,극동,58.19,4,1984,38000,2026,4,6,중개거래
금천구,독산동,금천롯데캐슬골드파크3차,84.408,16,2018,121500,2026,4,11,중개거래
금천구,시흥동,럭키남서울아파트,49.75,12,1981,48000,2026,4,27,중개거래
금천구,독산동,목화102,92.46,9,1997,55700,2026,4,26,중개거래
금천구,시흥동,남서울힐스테이트,113.329,6,2014,86000,2026,4,26,직거래
금천구,시흥동,무지개,85.85,1,1980,72000,2026,4,30,중개거래
금천구,시흥동,삼익,84.96,1,1999,54800,2026,4,29,중개거래
금천구,독산동,호정타워,59.44,7,1993,31000,2026,4,20,중개거래
금천구,독산동,이랜드해가든,84.927,13,2008,70500,2026,4,25,중개거래
금천구,독산동,독산주공14단지,84.79,7,1990,73000,2026,4,25,중개거래
금천구,가산동,두산,84.9,14,1998,73000,2026,4,19,중개거래
금천구,시흥동,남서울힐스테이트,84.786,16,2014,94500,2026,4,13,중개거래
금천구,독산동,신도브래뉴,79.35,10,2002,73500,2026,4,25,중개거래
금천구,독산동,태영아파트,84.55,5,2001,52000,2026,4,24,중개거래
금천구,시흥동,백운한비치5,59.99,7,2018,35000,2026,4,13,중개거래
금천구,가산동,두산,84.9,2,1998,50700,2026,4,23,직거래
금천구,독산동,목화102,59.96,3,1997,42500,2026,4,22,중개거래
금천구,독산동,금천현대,84.83,15,2002,70500,2026,4,30,중개거래
금천구,시흥동,남서울힐스테이트,84.697,11,2014,94500,2026,4,30,중개거래
금천구,독산동,금천롯데캐슬골드파크1차,84.4623,15,2016,127000,2026,4,6,중개거래
금천구,독산동,e편한세상독산더타워,59.6222,28,2019,79800,2026,4,29,중개거래
금천구,독산동,금천롯데캐슬골드파크3차,84.408,5,2018,114000,2026,4,29,중개거래
금천구,독산동,진도3차아파트,79.71,6,1999,59800,2026,4,27,중개거래
금천구,독산동,목화102,92.46,9,1997,55700,2026,4,26,중개거래
금천구,독산동,이랜드해가든,84.935,14,2008,74750,2026,4,21,중개거래
금천구,독산동,금천롯데캐슬골드파크3차,84.408,16,2018,121500,2026,4,11,중개거래
금천구,시흥동,럭키남서울아파트,41.22,6,1981,39000,2026,4,25,중개거래
금천구,가산동,백운한비치(나),82.41,4,2003,45300,2026,4,20,중개거래
금천구,독산동,계룡아파트,59.34,6,1998,46500,2026,4,22,중개거래
금천구,가산동,두산,59.84,10,1998,62000,2026,4,17,중개거래
금천구,시흥동,남서울힐스테이트,59.817,20,2014,80000,2026,4,27,중개거래
금천구,시흥동,남서울힐스테이트,84.786,5,2014,85000,2026,4,25,중개거래
금천구,독산동,진도2차,59.95,19,1997,45300,2026,4,3,중개거래
금천구,시흥동,남서울건영아파트,77.02,5,1982,55000,2026,4,25,중개거래
금천구,시흥동,남서울힐스테이트,84.677,15,2014,93500,2026,4,26,중개거래
금천구,시흥동,우방,59.91,13,2002,45500,2026,4,26,중개거래
금천구,시흥동,우방,59.91,21,2002,46800,2026,4,25,중개거래
금천구,독산동,금천롯데캐슬골드파크1차,84.8114,26,2016,118000,2026,4,25,중개거래
금천구,가산동,두산,84.9,3,1998,73000,2026,4,25,중개거래
금천구,시흥동,우방,59.91,2,2002,43100,2026,4,25,중개거래
금천구,시흥동,우방,59.91,1,2002,39800,2026,4,25,중개거래
금천구,독산동,금천롯데캐슬골드파크1차,84.8114,14,2016,119000,2026,4,25,중개거래
금천구,가산동,삼익,59.94,19,1998,48000,2026,4,24,중개거래
금천구,시흥동,남서울힐스테이트,59.87,13,2014,84000,2026,4,24,중개거래
금천구,시흥동,벽산,114.84,13,2000,56200,2026,4,24,중개거래
금천구,독산동,진도1차,84.84,3,1996,51000,2026,4,15,중개거래
금천구,시흥동,남서울힐스테이트,150.72,17,2014,111000,2026,4,23,중개거래
금천구,독산동,독산주공14단지,44.89,1,1990,39000,2026,4,20,중개거래
금천구,독산동,독산주공14단지,59.22,9,1990,54000,2026,4,23,중개거래
금천구,시흥동,관악산벽산타운5,84.97,16,2004,57000,2026,4,23,중개거래
금천구,독산동,금천현대,59.82,2,2002,59000,2026,4,23,중개거래
금천구,시흥동,남서울힐스테이트,150.72,9,2014,111000,2026,4,23,중개거래
금천구,독산동,금천롯데캐슬골드파크2차201동202동,59.27,28,2017,96000,2026,4,3,중개거래
금천구,가산동,두산,101.67,19,1998,83500,2026,4,23,중개거래
금천구,시흥동,삼익,59.76,11,1999,47800,2026,4,22,중개거래
금천구,시흥동,무지개,53.75,3,1980,45500,2026,4,2,중개거래
금천구,독산동,e편한세상독산더타워,59.8637,37,2019,78000,2026,4,11,중개거래
금천구,독산동,한신아파트,89.46,1,1991,60000,2026,4,21,중개거래
금천구,독산동,이랜드해가든,84.935,11,2008,73500,2026,4,21,중개거래
금천구,독산동,신도브래뉴,73.2,11,2002,68000,2026,4,9,중개거래
금천구,독산동,이랜드해가든,84.935,4,2008,71000,2026,4,20,중개거래
금천구,독산동,신도브래뉴,55.55,4,2002,54900,2026,4,16,중개거래
금천구,독산동,리치힐(976-6),84.22,5,2004,59260,2026,4,17,중개거래
금천구,가산동,원평5차,67.81,5,2001,32700,2026,4,19,중개거래
금천구,독산동,한신아파트,89.46,8,1991,55000,2026,4,20,직거래
금천구,가산동,두산,134.95,11,1998,80000,2026,4,20,중개거래
금천구,가산동,두산,59.84,12,1998,70000,2026,4,2,중개거래
금천구,시흥동,남서울힐스테이트,84.786,24,2014,94000,2026,4,19,중개거래
금천구,독산동,금천롯데캐슬골드파크3차,59.968,28,2018,105000,2026,4,19,중개거래
금천구,독산동,금천롯데캐슬골드파크1차,71.39,14,2016,114500,2026,4,18,중개거래
금천구,시흥동,무지개,53.88,1,1980,45000,2026,4,3,중개거래
금천구,시흥동,남서울건영2,41.34,14,1989,31000,2026,4,10,중개거래
금천구,시흥동,관악산벽산타운5,59.34,8,2004,44900,2026,4,18,중개거래
금천구,시흥동,관악산벽산타운5,84.97,9,2004,55000,2026,4,18,중개거래
금천구,시흥동,시흥동월드메르디앙,82.81,10,2006,60000,2026,4,11,중개거래
금천구,시흥동,남서울힐스테이트,59.973,17,2014,83800,2026,4,18,중개거래
금천구,독산동,한신아파트,89.46,20,1991,66000,2026,4,18,중개거래
금천구,독산동,금천현대,84.83,5,2002,68500,2026,4,18,중개거래
금천구,시흥동,벽산,59.94,6,2000,40000,2026,4,18,중개거래
금천구,시흥동,시흥동월드메르디앙,59.88,5,2006,48500,2026,4,11,중개거래
금천구,독산동,독산주공14단지,38.64,13,1990,37000,2026,4,18,중개거래
금천구,독산동,e편한세상독산더타워,59.8637,24,2019,77800,2026,4,17,중개거래
금천구,시흥동,벽산,114.84,4,2000,53700,2026,4,16,중개거래
금천구,독산동,e편한세상독산더타워,59.9673,16,2019,76800,2026,4,17,중개거래
금천구,독산동,금천롯데캐슬골드파크3차,59.9662,43,2018,105000,2026,4,17,중개거래
금천구,시흥동,삼익,114.48,8,1999,61500,2026,4,13,중개거래
금천구,가산동,두산,59.84,17,1998,64000,2026,4,17,중개거래
금천구,시흥동,럭키남서울아파트,49.79,12,1981,50000,2026,4,16,중개거래
금천구,시흥동,무지개,53.92,1,1980,45000,2026,4,14,중개거래
금천구,시흥동,남서울힐스테이트,115.801,3,2014,101500,2026,4,15,중개거래
금천구,독산동,독산동중앙하이츠빌,84.8768,18,2004,87500,2026,4,15,중개거래
금천구,독산동,금천롯데캐슬골드파크1차,71.39,8,2016,119000,2026,4,15,중개거래
금천구,시흥동,우방,84.84,7,2002,59000,2026,4,13,중개거래
금천구,독산동,금천롯데캐슬골드파크3차,84.408,8,2018,119000,2026,4,14,중개거래
금천구,시흥동,남서울힐스테이트,59.87,16,2014,83500,2026,4,5,중개거래
금천구,독산동,금천롯데캐슬골드파크1차,84.4417,25,2016,116000,2026,4,14,중개거래
금천구,독산동,독산주공14단지,59.22,3,1990,63500,2026,4,14,중개거래
금천구,가산동,삼익,84.69,18,1998,59000,2026,4,4,중개거래
금천구,독산동,독산주공14단지,38.64,5,1990,36950,2026,4,8,중개거래
금천구,시흥동,럭키남서울아파트,41.22,9,1981,38000,2026,4,3,중개거래
금천구,시흥동,시흥베르빌,81.16,11,2004,73500,2026,4,14,중개거래
금천구,독산동,금천현대,59.82,22,2002,61900,2026,4,10,중개거래
금천구,독산동,독산주공14단지,44.94,7,1990,44000,2026,4,13,중개거래
금천구,독산동,금천롯데캐슬골드파크1차,84.4417,33,2016,115000,2026,4,13,직거래
금천구,시흥동,시흥목련,58.4,10,1996,43000,2026,4,13,중개거래
금천구,시흥동,관악산벽산타운5,84.97,1,2004,55250,2026,4,12,중개거래
금천구,시흥동,남서울건영2,41.34,12,1989,32000,2026,4,11,중개거래
금천구,독산동,독산현대,83.73,12,1999,60500,2026,4,4,중개거래
금천구,시흥동,우방,59.91,11,2002,47400,2026,4,11,중개거래
금천구,시흥동,관악산벽산타운5,84.97,12,2004,52500,2026,4,3,중개거래
금천구,시흥동,관악산벽산타운5,84.97,5,2004,53000,2026,4,12,중개거래
금천구,시흥동,무지개,53.75,4,1980,44900,2026,4,11,중개거래
금천구,독산동,금천현대,84.83,24,2002,68500,2026,4,9,중개거래
금천구,독산동,금천롯데캐슬골드파크1차,59.9384,12,2016,106500,2026,4,11,중개거래
금천구,독산동,금천롯데캐슬골드파크3차,59.9672,15,2018,106000,2026,4,10,중개거래
금천구,독산동,독산주공14단지,44.89,7,1990,43800,2026,4,10,중개거래
금천구,독산동,한신아파트,129.66,13,1991,77000,2026,4,10,중개거래
금천구,독산동,독산주공14단지,38.64,15,1990,33000,2026,4,10,중개거래
금천구,시흥동,무지개,53.79,9,1980,46000,2026,4,3,중개거래
금천구,독산동,금천롯데캐슬골드파크1차,72.5249,8,2016,111000,2026,4,10,중개거래
금천구,독산동,독산주공14단지,44.94,13,1990,42500,2026,4,9,중개거래
금천구,독산동,독산주공14단지,44.94,1,1990,38000,2026,4,9,중개거래
금천구,독산동,독산주공14단지,44.94,3,1990,41800,2026,4,10,중개거래
금천구,시흥동,벽산3,84.96,8,1998,52800,2026,4,9,중개거래
금천구,독산동,호정타워,67.98,4,1993,30000,2026,4,26,중개거래
금천구,독산동,독산주공14단지,38.64,8,1990,37000,2026,4,8,중개거래
금천구,시흥동,시흥베르빌,81.16,12,2004,73500,2026,4,8,중개거래
금천구,독산동,이랜드해가든,84.925,6,2008,70000,2026,4,1,중개거래
금천구,독산동,한아(987-21),84.2,3,2003,51500,2026,4,2,중개거래
금천구,독산동,독산주공14단지,44.94,14,1990,41000,2026,4,6,중개거래
금천구,가산동,덕산,59.97,5,1995,44000,2026,4,7,중개거래
금천구,시흥동,남서울힐스테이트,59.973,7,2014,81000,2026,4,3,중개거래
금천구,독산동,설악솔내음,80.46,1,2002,33000,2026,4,27,중개거래
금천구,독산동,금천롯데캐슬골드파크1차,84.4214,29,2016,118000,2026,4,6,중개거래
금천구,시흥동,관악산벽산타운5,114.84,12,2004,72000,2026,4,6,중개거래
금천구,독산동,e편한세상독산더타워,84.9256,32,2019,93000,2026,4,5,중개거래
금천구,시흥동,무지개,53.79,5,1980,46000,2026,4,3,중개거래
금천구,시흥동,남서울힐스테이트,59.973,6,2014,83000,2026,4,5,중개거래
금천구,시흥동,관악산벽산타운5,59.34,13,2004,47700,2026,4,4,중개거래
금천구,독산동,금천롯데캐슬골드파크2차201동202동,84.95,25,2017,113000,2026,4,4,중개거래
금천구,시흥동,관악산벽산타운5,59.34,9,2004,43500,2026,4,4,중개거래
금천구,시흥동,시흥베르빌,81.16,1,2004,75000,2026,4,4,중개거래
금천구,독산동,e편한세상독산더타워,59.9673,32,2019,77000,2026,4,4,중개거래
금천구,독산동,금천롯데캐슬골드파크1차,84.4657,34,2016,119000,2026,4,4,중개거래
금천구,독산동,금천롯데캐슬골드파크2차201동202동,59.27,28,2017,96000,2026,4,3,중개거래
금천구,시흥동,관악산벽산타운5,84.97,17,2004,54700,2026,4,3,중개거래
금천구,독산동,금천롯데캐슬골드파크1차,84.8114,31,2016,122500,2026,4,3,중개거래
금천구,독산동,한신아파트,129.66,10,1991,79000,2026,4,3,중개거래
금천구,시흥동,와이즈플레이스,14.22,15,2012,8750,2026,4,3,중개거래
금천구,독산동,한신아파트,89.46,8,1991,70500,2026,4,2,중개거래
금천구,가산동,두산,59.84,8,1998,63500,2026,4,2,중개거래
금천구,독산동,금천롯데캐슬골드파크2차201동202동,59.27,33,2017,96500,2026,4,2,중개거래
금천구,시흥동,관악산벽산타운5,84.97,15,2004,58000,2026,4,2,중개거래
금천구,시흥동,남서울힐스테이트,113.329,5,2014,109000,2026,4,2,중개거래
금천구,독산동,e편한세상독산더타워,59.6222,20,2019,81500,2026,4,2,중개거래
금천구,독산동,이랜드해가든,84.935,14,2008,73000,2026,4,1,중개거래
금천구,시흥동,남서울힐스테이트,113.329,9,2014,111000,2026,4,1,중개거래
금천구,시흥동,남서울힐스테이트,84.697,2,2014,91000,2026,4,1,중개거래
영등포구,대림동,신대림신동아파밀리에,84.9563,6,2013,92500,2026,4,10,중개거래
영등포구,문래동4가,문래동삼환,59.85,6,2001,100000,2026,4,23,중개거래
영등포구,대림동,코오롱,134.91,3,1998,110000,2026,4,30,중개거래
영등포구,대림동,한신휴2차,84.93,2,1999,70500,2026,4,21,중개거래
영등포구,문래동3가,문래힐스테이트,119.47,22,2003,186000,2026,4,25,중개거래
영등포구,여의도동,라이프콤비,131.6,16,1994,155000,2026,4,21,중개거래
영등포구,문래동3가,문래자이,121.53,20,2001,198000,2026,4,25,중개거래
영등포구,문래동3가,문래자이,84.98,3,2001,140000,2026,4,20,중개거래
영등포구,당산동4가,당산롯데캐슬프레스티지,84.99,26,2017,197500,2026,4,21,중개거래
영등포구,문래동2가,남성,58.52,15,1983,105000,2026,4,22,중개거래
영등포구,여의도동,브라이튼여의도,84.132,29,2023,390000,2026,4,28,중개거래
영등포구,여의도동,브라이튼여의도,84.132,47,2023,430000,2026,4,28,중개거래
영등포구,신길동,대방전철,44.35,3,1976,90000,2026,4,28,중개거래
영등포구,당산동4가,당산롯데캐슬프레스티지,84.98,22,2017,187000,2026,4,29,중개거래
영등포구,영등포동1가,여의도이튼브라운,29.87,8,2022,44000,2026,4,27,중개거래
영등포구,영등포동,영등포푸르지오,79.777,13,2002,157000,2026,4,13,중개거래
영등포구,영등포동8가,당산푸르지오,163.68,21,2004,195000,2026,4,17,중개거래
영등포구,영등포동,영등포푸르지오,73.133,4,2002,157000,2026,4,25,중개거래
영등포구,대림동,신동아,53.37,7,1987,51000,2026,4,21,중개거래
영등포구,당산동5가,당산디오빌,38.97,3,2005,33000,2026,4,30,중개거래
영등포구,양평동2가,삼성래미안,114.63,19,1998,114000,2026,4,28,직거래
영등포구,문래동6가,현대2차,41.04,15,1987,78000,2026,4,20,중개거래
영등포구,대림동,우성2,79.91,1,1992,61500,2026,4,21,중개거래
영등포구,여의도동,삼부,135.8,4,1975,360000,2026,4,30,중개거래
영등포구,신길동,보라매에스케이뷰,59.98,6,2020,170500,2026,4,13,중개거래
영등포구,문래동3가,문래자이,121.53,23,2001,202500,2026,4,27,중개거래
영등포구,당산동4가,당산현대5차,59.85,1,2000,146600,2026,4,24,중개거래
영등포구,신길동,삼성래미안,59.33,16,2001,114750,2026,4,11,중개거래
영등포구,당산동2가,당산2가현대홈타운,82.77,8,1994,154000,2026,4,24,중개거래
영등포구,대림동,신동아,67.41,4,1987,59500,2026,4,29,중개거래
영등포구,당산동2가,당산대우,45.55,4,1999,52300,2026,4,25,중개거래
영등포구,당산동5가,성원,84.96,5,1997,135000,2026,4,27,중개거래
영등포구,당산동5가,당산센트럴아이파크,84.98,6,2020,224500,2026,4,13,중개거래
영등포구,대림동,쌍용플래티넘S,18.24,2,2013,9300,2026,4,29,직거래
영등포구,양평동5가,양평한신,59.94,14,1996,134000,2026,4,28,중개거래
영등포구,양평동3가,삼천리,84.94,8,2000,114000,2026,4,28,중개거래
영등포구,신길동,더샵파크프레스티지,59.8635,13,2022,149500,2026,4,30,중개거래
영등포구,신길동,우성5,84.98,5,1993,95000,2026,4,30,중개거래
영등포구,대림동,e편한세상영등포아델포레,84.9571,2,2020,148000,2026,4,30,중개거래
영등포구,도림동,도림청구,37.81,9,1997,41800,2026,4,30,중개거래
영등포구,대림동,신대림신동아파밀리에,84.949,14,2013,85500,2026,4,29,중개거래
영등포구,여의도동,광장,136.63,10,1978,354000,2026,4,28,중개거래
영등포구,신길동,우성5,84.98,7,1993,90200,2026,4,29,중개거래
영등포구,여의도동,대교,151.74,9,1975,418850,2026,4,30,직거래
영등포구,신길동,신길센트럴자이아파트,59.98,17,2021,171000,2026,4,22,중개거래
영등포구,당산동3가,당산한양,73.87,13,1986,144750,2026,4,25,중개거래
영등포구,신길동,힐스테이트클래시안,59.91,5,2020,165000,2026,4,30,중개거래
영등포구,신길동,삼성래미안,114.87,15,2001,132000,2026,4,30,중개거래
영등포구,영등포동8가,삼환,114.7,7,1999,163000,2026,4,30,중개거래
영등포구,영등포동,영등포푸르지오,59.912,8,2002,147300,2026,4,30,중개거래
영등포구,신길동,대방전철,75.88,1,1976,105000,2026,4,30,중개거래
영등포구,신길동,우성2,53.24,7,1986,132000,2026,4,29,중개거래
영등포구,신길동,우성1,83.64,6,1986,133000,2026,4,8,중개거래
영등포구,대림동,영등포자이르네,49.1,15,2022,65500,2026,4,29,중개거래
영등포구,여의도동,진주,48.26,2,1977,210000,2026,4,29,중개거래
영등포구,대림동,현대3차,140.54,3,1997,118000,2026,4,29,중개거래
영등포구,당산동2가,당산2가현대홈타운,82.77,14,1994,150000,2026,4,27,중개거래
영등포구,당산동,드림리버빌,74.14,5,2002,103000,2026,4,28,중개거래
영등포구,도림동,영등포아트자이,143.591,13,2014,185000,2026,4,29,중개거래
영등포구,문래동6가,e편한세상 문래 에듀플라츠,59.9854,15,2020,136000,2026,4,17,중개거래
영등포구,신길동,보라매경남아너스빌,84.79,18,2005,134000,2026,4,23,중개거래
영등포구,신길동,보라매길성그랑프리텔,84.99,10,2005,82000,2026,4,16,중개거래
영등포구,대림동,신동아,84.85,14,1987,69000,2026,4,25,중개거래
영등포구,대림동,G밸리소홈,16.1,11,2018,13500,2026,4,17,중개거래
영등포구,대림동,영등포자이르네,49.1,14,2022,66000,2026,4,29,중개거래
영등포구,문래동5가,문래현대5차,84.79,3,1992,100500,2026,4,25,중개거래
영등포구,여의도동,대교,95.5,1,1975,290800,2026,4,28,중개거래
영등포구,대림동,현대3차,43.92,16,1997,72000,2026,4,28,중개거래
영등포구,문래동6가,문래미원,59.4,13,1996,89500,2026,4,28,중개거래
영등포구,대림동,대림현대,59.76,1,1999,60000,2026,4,26,중개거래
영등포구,문래동6가,현대2차,59.85,1,1987,87500,2026,4,28,중개거래
영등포구,신길동,래미안에스티움,49.97,8,2017,125000,2026,4,28,중개거래
영등포구,당산동5가,당산삼성래미안4차,133.42,5,2003,250000,2026,4,25,중개거래
영등포구,양평동1가,이너스삼성,71.2,9,2005,79000,2026,4,24,중개거래
영등포구,대림동,코오롱,134.91,20,1998,100000,2026,4,9,직거래
영등포구,대림동,G밸리소홈,16.1,12,2018,12700,2026,4,27,중개거래
영등포구,양평동2가,삼성래미안,59.4,4,1998,112800,2026,4,28,중개거래
영등포구,문래동5가,문래현대5차,84.79,12,1992,108500,2026,4,28,중개거래
영등포구,여의도동,미성,140.76,2,1978,335000,2026,4,27,중개거래
영등포구,대림동,신동아,67.41,7,1987,59000,2026,4,24,중개거래
영등포구,신길동,우성5,84.98,1,1993,88000,2026,4,28,중개거래
영등포구,대림동,우성1,52.07,11,1985,61900,2026,4,3,중개거래
영등포구,대림동,신대림신동아파밀리에,84.9511,14,2013,93500,2026,4,9,중개거래
영등포구,신길동,삼성,60.48,4,1984,108000,2026,4,28,중개거래
영등포구,신길동,래미안에스티움,84.97,4,2017,110000,2026,4,24,중개거래
영등포구,신길동,우성5,84.98,17,1993,95000,2026,4,27,중개거래
영등포구,대림동,신대림신동아파밀리에,84.949,3,2013,85500,2026,4,27,중개거래
영등포구,양평동1가,영등포중흥에스클래스,59.97,14,2021,139000,2026,4,27,중개거래
영등포구,여의도동,공작,125.75,12,1976,325000,2026,4,17,중개거래
영등포구,당산동3가,당산한양,73.87,12,1986,141000,2026,4,25,중개거래
영등포구,신길동,신길레전드힐스,13.55,11,2013,9700,2026,4,22,중개거래
영등포구,대림동,한신휴2차,59.89,15,1999,58000,2026,4,27,중개거래
영등포구,신길동,더샵파크프레스티지,59.8635,11,2022,148000,2026,4,27,중개거래
영등포구,당산동4가,브라운스톤당산,84.025,11,2015,160000,2026,4,27,중개거래
영등포구,당산동5가,당산삼성래미안4차,115.78,19,2003,239500,2026,4,24,중개거래
영등포구,신길동,더샵파크프레스티지,59.8635,13,2022,148500,2026,4,27,중개거래
영등포구,여의도동,삼부,92.33,1,1975,275000,2026,4,23,중개거래
영등포구,양평동5가,양평한신,84.87,16,1996,148500,2026,4,27,중개거래
영등포구,문래동4가,문래동삼환,84.98,12,2001,123000,2026,4,17,중개거래
영등포구,양평동5가,양평한신,59.94,16,1996,133000,2026,4,27,중개거래
영등포구,신길동,래미안에스티움,118.03,22,2017,211000,2026,4,27,중개거래
영등포구,신길동,보라매두산위브,84.95,13,2005,122500,2026,4,26,중개거래
영등포구,당산동1가,진로,59.4,14,1997,125000,2026,4,16,중개거래
영등포구,양평동5가,양평한신,59.94,18,1996,130000,2026,4,26,중개거래
영등포구,양평동2가,양평벽산블루밍,59.58,3,1990,94500,2026,4,26,중개거래
영등포구,양평동4가,성원,84.66,18,1993,129200,2026,4,26,중개거래
영등포구,양평동5가,양평한신,59.94,7,1996,133000,2026,4,26,중개거래
영등포구,양평동6가,한솔,84.13,4,1999,93000,2026,4,25,중개거래
영등포구,신길동,신길센트럴자이아파트,59.98,18,2021,168000,2026,4,25,중개거래
영등포구,신길동,신길레전드힐스,13.74,15,2013,10050,2026,4,25,중개거래
영등포구,여의도동,공작,126.02,1,1976,310000,2026,4,7,중개거래
영등포구,문래동3가,문래자이,121.53,20,2001,198000,2026,4,25,중개거래
영등포구,신길동,우성3,83.66,4,1989,129500,2026,4,25,중개거래
영등포구,당산동5가,성원,59.94,12,1997,112000,2026,4,25,중개거래
영등포구,신길동,신길센트럴자이아파트,59.98,4,2021,167000,2026,4,25,중개거래
영등포구,여의도동,진주,48.26,10,1977,210000,2026,4,25,중개거래
영등포구,영등포동,두산위브,59.8,2,2004,115000,2026,4,25,중개거래
영등포구,신길동,신기목련아파트,59.4,19,2000,56500,2026,4,25,중개거래
영등포구,신길동,삼성래미안,59.33,12,2001,112000,2026,4,11,중개거래
영등포구,당산동1가,신동아파밀리에,59.4,10,2008,114000,2026,4,24,중개거래
영등포구,대림동,신동아,53.37,8,1987,52000,2026,4,25,중개거래
영등포구,대림동,신대림신동아파밀리에,126.3249,5,2013,106000,2026,4,3,중개거래
영등포구,여의도동,삼부,146.68,7,1975,450000,2026,4,11,중개거래
영등포구,대림동,현대3차,84.89,10,1997,116000,2026,4,25,중개거래
영등포구,당산동3가,삼익,82.64,1,1979,130000,2026,4,25,중개거래
영등포구,대림동,우성1,52.07,3,1985,61400,2026,4,25,중개거래
영등포구,당산동5가,당산삼성래미안4차,84.94,8,2003,199000,2026,4,22,중개거래
영등포구,대림동,현대3차,59.83,19,1997,113000,2026,4,24,중개거래
영등포구,양평동3가,삼천리,84.94,6,2000,114500,2026,4,23,중개거래
영등포구,영등포동1가,여의도더리브스타일,14.8376,9,2020,17850,2026,4,10,중개거래
영등포구,신길동,우성1,49.64,6,1986,106000,2026,4,24,중개거래
영등포구,당산동4가,당산현대5차,84.69,9,2000,177900,2026,4,24,중개거래
영등포구,양평동3가,삼천리,123.58,14,2000,128000,2026,4,24,중개거래
영등포구,신길동,보라매에스케이뷰,84.98,26,2020,197000,2026,4,24,중개거래
영등포구,신길동,힐스테이트클래시안,59.91,5,2020,163000,2026,4,24,중개거래
영등포구,당산동2가,당산대우,31.73,12,1999,36700,2026,4,24,중개거래
영등포구,문래동3가,문래건영,59.4,9,1998,116000,2026,4,24,중개거래
영등포구,신길동,삼환,59.53,3,1997,115000,2026,4,24,중개거래
영등포구,당산동5가,당산삼성래미안4차,97.27,7,2003,210000,2026,4,11,중개거래
영등포구,문래동6가,문래베어스타운,59.95,10,1997,103000,2026,4,24,중개거래
영등포구,당산동4가,당산현대5차,59.55,9,2000,164500,2026,4,24,중개거래
영등포구,신길동,한성,59.87,5,1997,119000,2026,4,2,중개거래
영등포구,영등포동8가,삼환,84.87,6,1999,158500,2026,4,24,중개거래
영등포구,당산동,강변래미안,79.43,7,2002,173000,2026,4,24,중개거래
영등포구,대림동,한신휴1차,59.89,8,1998,61700,2026,4,18,중개거래
영등포구,양평동3가,거성파스텔,84.99,19,1999,142000,2026,4,24,중개거래
영등포구,영등포동7가,경남아너스빌,84.93,12,1998,97000,2026,4,24,직거래
영등포구,대림동,현대3차,59.83,6,1997,114000,2026,4,24,중개거래
영등포구,신길동,우성2,84.47,9,1986,149500,2026,4,24,중개거래
영등포구,신길동,보라매경남아너스빌,84.79,13,2005,80500,2026,4,21,직거래
영등포구,당산동3가,당산계룡리슈빌2단지,47.25,13,2014,84000,2026,4,24,중개거래
영등포구,신길동,우성2,84.47,6,1986,149000,2026,4,23,중개거래
영등포구,문래동5가,문래두산위브,65.46,1,1988,100500,2026,4,21,중개거래
영등포구,당산동5가,당산삼성래미안4차,133.42,8,2003,230000,2026,4,21,중개거래
영등포구,양평동2가,양평벽산블루밍,59.58,1,1990,90000,2026,4,23,중개거래
영등포구,양평동4가,성원,84.6,12,1993,117000,2026,4,23,중개거래
영등포구,영등포동1가,여의도이튼브라운,29.87,16,2022,45000,2026,4,21,중개거래
영등포구,신길동,신길센트럴아이파크,84.99,26,2019,174500,2026,4,23,중개거래
영등포구,신길동,신길레전드힐스,13.74,11,2013,10000,2026,4,22,중개거래
영등포구,신길동,보라매경남아너스빌,84.79,5,2005,131000,2026,4,23,중개거래
영등포구,신길동,우성2,84.47,12,1986,155800,2026,4,23,중개거래
영등포구,양평동6가,한솔,114.12,10,1999,115000,2026,4,23,중개거래
영등포구,여의도동,광장,116.53,9,1978,315000,2026,4,22,중개거래
영등포구,대림동,신동아,53.37,5,1987,51000,2026,4,16,중개거래
영등포구,신길동,경남,59.96,12,1999,100000,2026,4,9,중개거래
영등포구,문래동3가,문래건영,114.72,13,1998,122500,2026,4,8,중개거래
영등포구,대림동,우성1,52.07,4,1985,60000,2026,4,22,중개거래
영등포구,문래동3가,문래자이,84.98,16,2001,182500,2026,4,22,중개거래
영등포구,당산동2가,당산대우,31.73,15,1999,36400,2026,4,22,중개거래
영등포구,당산동5가,당산효성1차,59.85,2,1999,158000,2026,4,22,중개거래
영등포구,당산동4가,한강아파트,59.4,17,1999,117000,2026,4,22,중개거래
영등포구,여의도동,공작,126.02,7,1976,317000,2026,4,11,중개거래
영등포구,여의도동,롯데캐슬엠파이어,126.75,21,2005,245000,2026,4,22,중개거래
영등포구,당산동5가,당산효성1차,84.9,3,1999,170000,2026,4,22,중개거래
영등포구,대림동,성원(650),59.63,20,1995,68500,2026,4,9,중개거래
영등포구,영등포동1가,창방누리애,84.37,13,2006,77500,2026,4,22,중개거래
영등포구,당산동4가,브라운스톤당산,84.039,5,2015,161000,2026,4,8,중개거래
영등포구,당산동5가,당산삼성래미안4차,97.27,18,2003,223000,2026,4,22,중개거래
영등포구,대림동,G밸리소홈,16.1,7,2018,12900,2026,4,22,중개거래
영등포구,여의도동,미성,162.71,9,1978,381500,2026,4,16,중개거래
영등포구,영등포동5가,동남,82.65,6,1971,82900,2026,4,18,중개거래
영등포구,신길동,삼성래미안,59.33,15,2001,115500,2026,4,21,중개거래
영등포구,대림동,신동아,67.41,9,1987,61000,2026,4,17,직거래
영등포구,대림동,한신휴1차,84.93,17,1998,80000,2026,4,6,중개거래
영등포구,당산동5가,당산효성1차,59.85,6,1999,160000,2026,4,21,중개거래
영등포구,신길동,보라매경남아너스빌,84.79,13,2005,133000,2026,4,21,중개거래
영등포구,문래동5가,문래두산위브,65.46,6,1988,102000,2026,4,21,중개거래
영등포구,대림동,한신휴2차,114.54,4,1999,80000,2026,4,21,중개거래
영등포구,당산동,훼미리하우스138,13.34,10,2013,10700,2026,4,21,중개거래
영등포구,신길동,삼환,59.53,19,1997,123000,2026,4,21,중개거래
영등포구,문래동3가,문래공원한신,58.96,14,1988,128000,2026,4,21,중개거래
영등포구,양평동3가,삼천리,59.67,12,2000,96000,2026,4,21,중개거래
영등포구,영등포동,영등포푸르지오,73.133,6,2002,150000,2026,4,21,중개거래
영등포구,당산동2가,당산2가현대홈타운,82.77,16,1994,155500,2026,4,20,중개거래
영등포구,여의도동,미성,92.56,7,1978,258000,2026,4,15,중개거래
영등포구,신길동,힐스테이트클래시안,59.91,9,2020,128000,2026,4,3,중개거래
영등포구,당산동,강변래미안,108.15,9,2002,136200,2026,4,21,직거래
영등포구,대림동,신동아,67.41,15,1987,55000,2026,4,18,중개거래
영등포구,양평동2가,삼성래미안,59.4,6,1998,112900,2026,4,20,중개거래
영등포구,양평동3가,삼천리,84.94,17,2000,111500,2026,4,20,중개거래
영등포구,양평동2가,오목교벽산블루밍,84.97,22,1996,92000,2026,4,20,중개거래
영등포구,양평동3가,양평역미소지움,59.343,11,2018,96000,2026,4,20,직거래
영등포구,대림동,현대1,84.75,7,1992,81600,2026,4,9,중개거래
영등포구,신길동,신길자이,59.99,11,2011,110000,2026,4,20,중개거래
영등포구,양평동3가,거성파스텔,59.96,15,1999,133000,2026,4,20,중개거래
영등포구,신길동,래미안영등포프레비뉴,59.99,11,2015,160000,2026,4,20,중개거래
영등포구,신길동,대성유니드,83.5,14,2003,78000,2026,4,20,중개거래
영등포구,신길동,우성5,84.98,4,1993,94000,2026,4,18,중개거래
영등포구,영등포동8가,삼환,59.91,19,1999,90100,2026,4,20,중개거래
영등포구,대림동,한신휴2차,114.54,12,1999,82000,2026,4,1,중개거래
영등포구,양평동2가,양평벽산블루밍,64.54,12,1990,97000,2026,4,17,중개거래
영등포구,문래동3가,문래건영,59.4,5,1998,105000,2026,4,17,중개거래
영등포구,여의도동,삼부,92.13,9,1975,280000,2026,4,15,중개거래
영등포구,문래동5가,문래모아미래도,84.75,14,2017,145000,2026,4,15,중개거래
영등포구,영등포동1가,여의도더리브스타일,14.8376,10,2020,18500,2026,4,20,직거래
영등포구,문래동6가,문래미원,59.4,2,1996,70400,2026,4,17,직거래
영등포구,당산동4가,삼익플라주,84.16,15,2013,120100,2026,4,8,중개거래
영등포구,영등포동,영등포푸르지오,59.912,2,2002,142000,2026,4,18,중개거래
영등포구,당산동3가,당산계룡리슈빌2단지,42.294,7,2014,80000,2026,4,18,중개거래
영등포구,대림동,신대림자이2단지,84.63,10,2007,94700,2026,4,15,중개거래
영등포구,신길동,삼성래미안,84.91,17,2001,130000,2026,4,18,중개거래
영등포구,문래동6가,현대2차,41.04,3,1987,76000,2026,4,18,중개거래
영등포구,신길동,보라매경남아너스빌,84.79,2,2005,123000,2026,4,18,중개거래
영등포구,신길동,힐스테이트클래시안,59.91,3,2020,160800,2026,4,17,중개거래
영등포구,양평동3가,경남아너스빌,59.9,2,1998,81000,2026,4,17,중개거래
영등포구,양평동2가,오목교벽산블루밍,59.85,13,1996,78000,2026,4,18,중개거래
영등포구,양평동3가,양평현대6차,59.98,15,2000,140500,2026,4,17,중개거래
영등포구,당산동5가,당산삼성래미안4차,84.94,18,2003,207000,2026,4,17,중개거래
영등포구,영등포동7가,아크로타워스퀘어,71.98,28,2017,198000,2026,4,17,중개거래
영등포구,당산동5가,성원,59.94,4,1997,115500,2026,4,17,중개거래
영등포구,문래동6가,현대1차,64.38,1,1986,87000,2026,4,16,중개거래
영등포구,대림동,코오롱,59.94,25,1998,112000,2026,4,17,중개거래
영등포구,여의도동,공작,126.02,1,1976,300000,2026,4,17,중개거래
영등포구,신길동,삼환,84.84,4,1997,120000,2026,4,9,중개거래
영등포구,대림동,신동아,53.37,7,1987,50500,2026,4,11,중개거래
영등포구,양평동3가,경남아너스빌,59.9,17,1998,84000,2026,4,14,중개거래
영등포구,신길동,우성1,49.64,8,1986,95000,2026,4,4,중개거래
영등포구,문래동6가,현대2차,79.72,13,1987,111000,2026,4,17,중개거래
영등포구,문래동3가,문래힐스테이트,165.18,17,2003,200000,2026,4,11,중개거래
영등포구,여의도동,진주,94.31,2,1977,259000,2026,4,9,중개거래
영등포구,문래동5가,문래현대5차,84.79,3,1992,99300,2026,4,16,중개거래
영등포구,신길동,우성4,84.95,4,1991,120000,2026,4,17,중개거래
영등포구,당산동4가,현대2,62.6,9,1986,114000,2026,4,15,중개거래
영등포구,대림동,대림현대,84.96,6,1999,81500,2026,4,16,중개거래
영등포구,당산동5가,당산효성1차,59.85,1,1999,151500,2026,4,16,중개거래
영등포구,양평동3가,현대3차,84.7,14,1991,135000,2026,4,16,중개거래
영등포구,당산동4가,당산현대5차,84.69,14,2000,181200,2026,4,16,중개거래
영등포구,신길동,힐스테이트클래시안,59.87,4,2020,162500,2026,4,16,중개거래
영등포구,대림동,현대3차,140.54,1,1997,105000,2026,4,16,중개거래
영등포구,양평동5가,양평한신,59.94,12,1996,134600,2026,4,16,중개거래
영등포구,당산동5가,당산효성타운2차,84.38,11,2001,189500,2026,4,16,중개거래
영등포구,대림동,현대1,84.75,5,1992,82000,2026,4,16,중개거래
영등포구,영등포동,두산위브,114.08,4,2004,134000,2026,4,16,중개거래
영등포구,양평동6가,한솔,114.12,4,1999,110000,2026,4,9,중개거래
영등포구,당산동1가,진로,84.87,20,1997,153000,2026,4,16,중개거래
영등포구,영등포동8가,당산푸르지오,114.51,18,2004,185000,2026,4,15,중개거래
영등포구,도림동,영등포아트자이,84.762,3,2014,130000,2026,4,9,중개거래
영등포구,당산동3가,삼익,82.65,10,1979,109500,2026,4,10,중개거래
영등포구,양평동2가,삼성래미안,59.4,12,1998,109000,2026,4,16,중개거래
영등포구,양평동5가,양평한신,84.87,9,1996,154000,2026,4,15,중개거래
영등포구,대림동,신동아,67.41,4,1987,58000,2026,4,9,중개거래
영등포구,문래동5가,문래현대5차,84.79,9,1992,104700,2026,4,15,중개거래
영등포구,신길동,래미안영등포프레비뉴,59.99,8,2015,160000,2026,4,15,중개거래
영등포구,영등포동,두산위브,59.8,15,2004,115000,2026,4,15,중개거래
영등포구,신길동,우성3,53.24,1,1989,104000,2026,4,15,중개거래
영등포구,대림동,신대림신동아파밀리에,91.2439,10,2013,96000,2026,4,15,중개거래
영등포구,영등포동2가,현대팰리스,61.5,12,2016,59300,2026,4,15,중개거래
영등포구,도림동,도림청구,126.65,6,1997,97000,2026,4,13,중개거래
영등포구,신길동,힐스테이트클래시안,84.86,25,2020,205000,2026,4,15,중개거래
영등포구,대림동,우성1,52.07,11,1985,61900,2026,4,3,중개거래
영등포구,당산동6가,유탑유블레스,13.7067,6,2012,15100,2026,4,14,중개거래
영등포구,신길동,힐스테이트클래시안,59.91,11,2020,168500,2026,4,14,중개거래
영등포구,여의도동,삼부,92.13,7,1975,282000,2026,4,14,중개거래
영등포구,신길동,우성1,64.4,14,1986,110000,2026,4,14,중개거래
영등포구,신길동,힐스테이트클래시안,84.86,3,2020,188000,2026,4,14,중개거래
영등포구,문래동5가,문래현대5차,84.79,7,1992,104000,2026,4,14,중개거래
영등포구,양평동4가,경남아너스빌,70.94,5,2000,89000,2026,4,13,직거래
영등포구,여의도동,삼부,106.38,3,1975,380000,2026,4,3,중개거래
영등포구,신길동,신길센트럴자이아파트,128.07,26,2021,228000,2026,4,12,중개거래
영등포구,문래동6가,e편한세상 문래 에듀플라츠,84.9914,14,2020,149000,2026,4,14,중개거래
영등포구,신길동,우성1,64.4,10,1986,119800,2026,4,13,중개거래
영등포구,양평동3가,양평현대6차,59.98,3,2000,136000,2026,4,13,중개거래
영등포구,신길동,래미안영등포프레비뉴,84.98,11,2015,178000,2026,4,13,중개거래
영등포구,당산동,강변한솔그라치아,94.26,3,2003,86000,2026,4,3,중개거래
영등포구,여의도동,진주,48.26,6,1977,210000,2026,4,8,중개거래
영등포구,문래동3가,문래자이,121.53,15,2001,200000,2026,4,13,중개거래
영등포구,신길동,삼환,84.84,4,1997,125000,2026,4,11,중개거래
영등포구,대림동,문영칸타빌레,84.89,11,2001,67700,2026,4,4,중개거래
영등포구,신길동,우성1,49.64,1,1986,100000,2026,4,12,중개거래
영등포구,영등포동,영등포푸르지오,79.777,21,2002,161000,2026,4,11,중개거래
영등포구,대림동,e편한세상영등포아델포레,84.9571,17,2020,156000,2026,4,9,중개거래
영등포구,신길동,더샵파크프레스티지,59.8635,9,2022,128000,2026,4,11,중개거래
영등포구,대림동,현대3차,84.89,24,1997,120000,2026,4,11,중개거래
영등포구,문래동6가,문래베어스타운,84.72,8,1997,117000,2026,4,11,중개거래
영등포구,대림동,현대1,84.75,11,1992,82500,2026,4,4,중개거래
영등포구,대림동,현대1,84.75,12,1992,83800,2026,4,2,중개거래
영등포구,대림동,신대림신동아파밀리에,84.9563,6,2013,92500,2026,4,10,중개거래
영등포구,신길동,보라매경남아너스빌,84.79,8,2005,120000,2026,4,11,중개거래
영등포구,당산동5가,당산삼성래미안4차,84.94,2,2003,195000,2026,4,11,중개거래
영등포구,대림동,현대3차,43.92,28,1997,74000,2026,4,11,중개거래
영등포구,당산동,강변래미안,79.05,8,2002,179500,2026,4,11,중개거래
영등포구,문래동6가,현대2차,59.85,8,1987,94000,2026,4,11,중개거래
영등포구,대림동,성원(650),84.66,8,1995,78700,2026,4,10,중개거래
영등포구,신길동,보라매길성그랑프리텔,84.99,9,2005,82500,2026,4,10,중개거래
영등포구,문래동5가,문래현대5차,84.79,15,1992,101500,2026,4,10,중개거래
영등포구,여의도동,롯데캐슬아이비,103.86,12,2005,235000,2026,4,10,중개거래
영등포구,신길동,우성2,84.47,11,1986,151500,2026,4,3,중개거래
영등포구,당산동2가,당산2가현대홈타운,82.77,18,1994,156000,2026,4,10,중개거래
영등포구,신길동,삼두,43.65,1,1987,57500,2026,4,10,중개거래
영등포구,당산동1가,코오롱,68.88,15,1996,80300,2026,4,10,중개거래
영등포구,신길동,래미안에스티움,84.92,6,2017,194500,2026,4,10,중개거래
영등포구,신길동,더샵파크프레스티지,59.8943,4,2022,150000,2026,4,10,중개거래
영등포구,대림동,현대1,84.75,2,1992,79000,2026,4,9,중개거래
영등포구,당산동3가,당산어울림2차,84.9651,1,2009,120000,2026,4,10,중개거래
영등포구,영등포동2가,센트레빌아스테리움영등포아파트,59.9953,29,2024,131500,2026,4,9,중개거래
영등포구,신길동,보라매경남아너스빌,84.79,11,2005,133000,2026,4,9,중개거래
영등포구,신길동,우성1,49.64,7,1986,106000,2026,4,9,중개거래
영등포구,당산동,강변래미안,108.15,15,2002,195500,2026,4,9,중개거래
영등포구,대림동,대림현대,84.96,16,1999,77000,2026,4,8,중개거래
영등포구,대림동,현대1,84.75,4,1992,79500,2026,4,8,중개거래
영등포구,영등포동,영등포푸르지오,59.912,17,2002,85100,2026,4,3,직거래
영등포구,신길동,우성1,83.64,2,1986,130000,2026,4,9,중개거래
영등포구,신길동,우성2,84.47,4,1986,151000,2026,4,8,중개거래
영등포구,여의도동,광장,102.25,4,1978,320000,2026,4,8,중개거래
영등포구,문래동3가,문래힐스테이트,119.47,18,2003,195000,2026,4,7,중개거래
영등포구,대림동,대림현대,59.76,5,1999,63500,2026,4,6,중개거래
영등포구,영등포동1가,여의도이튼브라운,18.89,11,2022,28500,2026,4,4,중개거래
영등포구,영등포동2가,센트레빌아스테리움영등포아파트,56.277,27,2024,124500,2026,4,8,중개거래
영등포구,당산동4가,당산현대3차,73.27,10,1988,155000,2026,4,7,중개거래
영등포구,신길동,포레나 신길,84.5802,2,2008,146500,2026,4,7,중개거래
영등포구,문래동5가,문래모아미래도,84.81,18,2017,144000,2026,4,7,중개거래
영등포구,당산동,드림시드,82.17,5,2005,74000,2026,4,7,중개거래
영등포구,영등포동4가,영등포그랑그루,12.1,8,2012,13000,2026,4,1,직거래
영등포구,대림동,e편한세상영등포아델포레,84.9571,10,2020,159000,2026,4,4,중개거래
영등포구,당산동4가,현대2,82.16,2,1986,133000,2026,4,7,중개거래
영등포구,양평동2가,삼성래미안,114.63,18,1998,126000,2026,4,7,중개거래
영등포구,대림동,현대3차,43.92,22,1997,78300,2026,4,7,중개거래
영등포구,문래동6가,현대1차,64.38,3,1986,94700,2026,4,6,중개거래
영등포구,당산동4가,한강아파트,84.98,5,1999,142500,2026,4,4,중개거래
영등포구,문래동6가,현대6차,50.55,7,1997,82000,2026,4,6,중개거래
영등포구,신길동,삼환,84.84,21,1997,128500,2026,4,6,중개거래
영등포구,신길동,래미안에스티움,59.95,9,2017,167000,2026,4,6,중개거래
영등포구,양평동5가,양평한신,84.87,17,1996,149000,2026,4,4,중개거래
영등포구,도림동,도림청구,37.81,2,1997,41500,2026,4,3,중개거래
영등포구,양평동6가,한솔,59.28,11,1999,85000,2026,4,6,중개거래
영등포구,여의도동,공작,125.75,6,1976,345000,2026,4,4,중개거래
영등포구,신길동,경남,84.96,2,1999,114500,2026,4,5,중개거래
영등포구,영등포동1가,여의도이튼브라운,28.86,13,2022,48000,2026,4,4,중개거래
영등포구,대림동,e편한세상영등포아델포레,59.968,7,2020,136000,2026,4,4,중개거래
영등포구,대림동,현대3차,43.92,3,1997,74000,2026,4,4,중개거래
영등포구,신길동,삼환,84.83,1,1997,118000,2026,4,4,중개거래
영등포구,문래동3가,문래건영,114.72,14,1998,118700,2026,4,4,중개거래
영등포구,대림동,현대1,84.75,16,1992,87000,2026,4,3,중개거래
영등포구,신길동,신길센트럴자이아파트,59.98,29,2021,169000,2026,4,4,중개거래
영등포구,대림동,현대3차,43.92,5,1997,73400,2026,4,4,중개거래
영등포구,신길동,삼성래미안,84.91,9,2001,122000,2026,4,4,중개거래
영등포구,영등포동1가,여의도이튼브라운,18.89,18,2022,30000,2026,4,1,중개거래
영등포구,대림동,현대3차,43.92,9,1997,74900,2026,4,4,중개거래
영등포구,문래동6가,현대2차,41.04,13,1987,77000,2026,4,4,중개거래
영등포구,영등포동7가,브라운스톤영등포,84.9,3,2004,106000,2026,4,3,중개거래
영등포구,대림동,영등포자이르네,49.01,16,2022,64700,2026,4,3,중개거래
영등포구,당산동2가,당산대우,31.73,2,1999,34000,2026,4,3,중개거래
영등포구,양평동6가,동양,59.86,6,2000,95000,2026,4,4,중개거래
영등포구,영등포동1가,여의도더리브스타일,14.8376,23,2020,20900,2026,4,1,중개거래
영등포구,여의도동,미성,101.29,5,1978,310000,2026,4,1,중개거래
영등포구,문래동6가,현대2차,41.04,13,1987,73500,2026,4,3,중개거래
영등포구,신길동,우성2,53.24,8,1986,131000,2026,4,3,중개거래
영등포구,양평동3가,삼익플라주101동,84.25,7,2009,93000,2026,4,3,중개거래
영등포구,대림동,현대1,84.75,19,1992,81000,2026,4,3,중개거래
영등포구,양평동5가,양평한신,84.87,7,1996,153000,2026,4,1,중개거래
영등포구,영등포동,영등포푸르지오,73.133,15,2002,153000,2026,4,2,중개거래
영등포구,문래동6가,현대2차,41.04,8,1987,77300,2026,4,3,중개거래
영등포구,당산동4가,현대2,62.6,11,1986,109500,2026,4,2,중개거래
영등포구,당산동2가,당산대우,45.55,12,1999,60000,2026,4,1,중개거래
영등포구,신길동,삼환,59.53,15,1997,124000,2026,4,2,중개거래
영등포구,신길동,경남,59.96,1,1999,95000,2026,4,2,중개거래
영등포구,당산동2가,당산2가현대홈타운,82.77,11,1994,157000,2026,4,2,중개거래
영등포구,문래동5가,문래대림,96.41,8,2000,101000,2026,4,2,중개거래
영등포구,신길동,삼환,84.84,20,1997,120000,2026,4,2,중개거래
영등포구,양평동2가,삼성래미안,59.4,15,1998,110000,2026,4,2,중개거래
영등포구,대림동,현대1,84.75,8,1992,77000,2026,4,2,중개거래
영등포구,문래동6가,현대1차,79.52,3,1986,104500,2026,4,1,중개거래
영등포구,신길동,신길파크자이,59.97,6,2022,171000,2026,4,2,중개거래
영등포구,당산동4가,당산현대5차,114.84,3,2000,190000,2026,4,2,중개거래
영등포구,문래동3가,문래힐스테이트,119.47,9,2003,180000,2026,4,2,중개거래
영등포구,대림동,문영칸타빌레,84.89,2,2001,59700,2026,4,1,중개거래
영등포구,신길동,신기목련아파트,59.4,9,2000,61000,2026,4,2,중개거래
영등포구,당산동2가,당산대우,31.73,2,1999,34650,2026,4,2,중개거래
영등포구,당산동4가,당산현대3차,59.26,14,1988,144000,2026,4,1,중개거래
영등포구,대림동,e편한세상영등포아델포레,84.9948,18,2020,159000,2026,4,1,중개거래
영등포구,신길동,힐스테이트클래시안,59.91,17,2020,170000,2026,4,1,중개거래
영등포구,영등포동,두산위브,84.63,3,2004,123000,2026,4,1,중개거래
영등포구,문래동2가,남성,58.52,6,1983,104500,2026,4,1,중개거래
영등포구,여의도동,목화,67.11,8,1977,246000,2026,4,7,중개거래
동작구,상도동,건영,114.96,13,1997,120000,2026,4,17,직거래
동작구,노량진동,신동아리버파크,114.75,4,2001,165000,2026,4,23,중개거래
동작구,신대방동,우성1차,127.02,20,1988,120000,2026,4,24,직거래
동작구,상도동,상도동래미안1차,84.959,7,2004,152000,2026,4,27,중개거래
동작구,상도동,두산위브트레지움2차,84.8624,17,2016,190000,2026,4,27,중개거래
동작구,대방동,주공2,51.66,4,1995,120000,2026,4,30,중개거래
동작구,대방동,신일해피트리,59.8165,11,2005,97000,2026,4,24,중개거래
동작구,흑석동,흑석리버파크자이,59.98,9,2025,201000,2026,4,25,중개거래
동작구,사당동,사당롯데캐슬골든포레,59.9908,14,2021,157000,2026,4,17,중개거래
동작구,상도동,대림아파트,66.59,13,1995,89500,2026,4,18,중개거래
동작구,신대방동,펭귄,57.69,3,1978,59000,2026,4,25,중개거래
동작구,사당동,극동(105),46.75,6,1993,137000,2026,4,29,중개거래
동작구,대방동,우정,84.6,10,1999,105500,2026,4,18,중개거래
동작구,본동,래미안트윈파크,59.72,27,2011,207000,2026,4,29,중개거래
동작구,대방동,보라매코오롱하늘채,84.7,4,2005,130000,2026,4,22,중개거래
동작구,흑석동,아크로리버하임,113.5822,4,2019,320000,2026,4,25,중개거래
동작구,사당동,삼성래미안,114.502,13,2003,142050,2026,4,18,직거래
동작구,흑석동,흑석리버파크자이,59.76,12,2025,197000,2026,4,25,중개거래
동작구,흑석동,흑석리버파크자이,59.98,5,2025,193000,2026,4,25,중개거래
동작구,흑석동,흑석리버파크자이,59.93,20,2025,202500,2026,4,27,중개거래
동작구,흑석동,명수대현대,124.95,15,1988,298000,2026,4,15,중개거래
동작구,사당동,사당우성3,59.89,8,1993,158000,2026,4,25,중개거래
동작구,상도동,상도동래미안1차,84.959,8,2004,154500,2026,4,21,중개거래
동작구,상도동,삼성래미안2,84.796,5,2003,140000,2026,4,29,중개거래
동작구,대방동,대방1차e-편한세상,84.32,16,2003,155000,2026,4,23,직거래
동작구,대방동,보라매코오롱하늘채,84.7,4,2005,118000,2026,4,24,중개거래
동작구,상도동,현대(관악),84.78,6,1992,118300,2026,4,29,중개거래
동작구,신대방동,신대방,59.6,6,1995,64000,2026,4,23,중개거래
동작구,사당동,사당우성3,118.25,13,1993,169000,2026,4,27,중개거래
동작구,신대방동,롯데관악타워,172.51,20,1996,110000,2026,4,15,직거래
동작구,사당동,이수역리가,84.847,16,2013,173000,2026,4,22,중개거래
동작구,사당동,삼성래미안,84.967,20,2003,151500,2026,4,25,중개거래
동작구,사당동,이수역리가,84.9827,8,2013,175000,2026,4,28,중개거래
동작구,상도동,힐스테이트 상도 센트럴파크,84.6099,11,2012,182500,2026,4,13,중개거래
동작구,흑석동,아크로리버하임,59.5777,13,2019,248000,2026,4,10,중개거래
동작구,상도동,힐스테이트 상도 센트럴파크,84.7835,7,2012,180800,2026,4,28,중개거래
동작구,상도동,대림아파트,84.89,10,1995,93500,2026,4,23,중개거래
동작구,동작동,이수힐스테이트,84.9817,4,2013,220000,2026,4,30,중개거래
동작구,동작동,이수힐스테이트,84.9817,9,2013,215000,2026,4,29,중개거래
동작구,사당동,신동아4,59.89,5,1993,150000,2026,4,19,중개거래
동작구,흑석동,흑석리버파크자이,59.76,4,2025,210000,2026,4,30,중개거래
동작구,사당동,사당우성2,118.25,13,1993,206000,2026,4,30,중개거래
동작구,본동,유원강변,59.79,11,2000,140000,2026,4,20,중개거래
동작구,사당동,사당롯데캐슬골든포레,49.4797,10,2021,135000,2026,4,23,중개거래
동작구,사당동,제일,60.03,8,1987,122000,2026,4,27,중개거래
동작구,신대방동,신대방경남,56,6,2003,99000,2026,4,29,중개거래
동작구,신대방동,보라매아카데미타워,132.69,9,1998,125000,2026,4,24,중개거래
동작구,대방동,그린힐,69.21,1,2003,54000,2026,4,18,중개거래
동작구,흑석동,명수대현대,70.2,8,1988,221000,2026,4,17,중개거래
동작구,신대방동,우성1차,126.16,9,1988,169000,2026,4,30,중개거래
동작구,사당동,극동(105),59.25,13,1993,160000,2026,4,30,중개거래
동작구,신대방동,우성1차,66.69,1,1988,113000,2026,4,30,중개거래
동작구,신대방동,펭귄,57.69,3,1978,44700,2026,4,30,중개거래
동작구,상도동,래미안상도3차,114.97,7,2004,110000,2026,4,29,중개거래
동작구,상도동,상도동삼호아파트,84.52,12,1994,111500,2026,4,30,중개거래
동작구,신대방동,현진에버빌,59.6216,19,2003,71000,2026,4,25,중개거래
동작구,대방동,성원,84.32,21,1994,146500,2026,4,20,중개거래
동작구,노량진동,신동아리버파크,114.75,13,2001,165000,2026,4,30,중개거래
동작구,사당동,이수자이,120.81,7,2010,174500,2026,4,28,중개거래
동작구,상도동,현대(관악),84.78,3,1992,115000,2026,4,29,중개거래
동작구,상도동,현대(관악),84.78,13,1992,111000,2026,4,29,중개거래
동작구,노량진동,신동아리버파크,114.75,13,2001,159500,2026,4,29,중개거래
동작구,노량진동,우성,124.77,11,1997,155000,2026,4,29,중개거래
동작구,신대방동,현대,84.57,3,1996,92600,2026,4,29,직거래
동작구,사당동,대림(169-8),84.91,15,1990,163000,2026,4,10,중개거래
동작구,신대방동,동작상떼빌,132.43,21,2006,127000,2026,4,15,중개거래
동작구,신대방동,롯데낙천대,55.4561,13,2003,114500,2026,4,25,중개거래
동작구,신대방동,롯데낙천대,55.4561,19,2003,113000,2026,4,28,중개거래
동작구,대방동,대림아파트,84.92,17,1993,170000,2026,4,28,중개거래
동작구,노량진동,쌍용예가,59.957,7,2010,168000,2026,4,28,중개거래
동작구,흑석동,흑석리버파크자이,84.94,8,2025,230000,2026,4,27,중개거래
동작구,신대방동,경남교수,84.94,20,2001,133500,2026,4,28,중개거래
동작구,신대방동,보라매삼성쉐르빌,163.83,48,2003,149000,2026,4,28,중개거래
동작구,상도동,e편한세상상도노빌리티,84.9704,8,2018,207500,2026,4,25,중개거래
동작구,노량진동,신동아리버파크,114.75,21,2001,168000,2026,4,16,중개거래
동작구,흑석동,흑석리버파크자이,59.76,5,2025,203000,2026,4,25,중개거래
동작구,상도동,태양아파트,58.53,5,2004,76500,2026,4,25,중개거래
동작구,사당동,남양이룸,100.37,2,2005,78000,2026,4,27,중개거래
동작구,사당동,사당휴먼시아,59.96,7,2009,105000,2026,4,23,중개거래
동작구,동작동,이수교KCC스위첸,84.98,11,2006,142500,2026,4,27,중개거래
동작구,본동,삼성래미안,84.2261,4,2004,161500,2026,4,26,중개거래
동작구,흑석동,우리유앤미,83.5859,4,2003,140000,2026,4,27,중개거래
동작구,사당동,사당우성2,108.08,1,1993,186000,2026,4,27,중개거래
동작구,상도동,힐스테이트 상도 센트럴파크,84.7835,9,2012,184000,2026,4,27,중개거래
동작구,상도동,힐스테이트 상도 센트럴파크,59.7754,4,2012,133000,2026,4,20,직거래
동작구,상도동,상도파크자이,84.918,17,2016,220000,2026,4,20,중개거래
동작구,노량진동,건영(103동-106동),114.96,6,1997,147500,2026,4,27,중개거래
동작구,사당동,이수푸르지오더프레티움,59.927,6,2021,207000,2026,4,27,중개거래
동작구,상도동,동아,83.09,11,1995,69400,2026,4,27,중개거래
동작구,사당동,래미안로이파크,84.98,15,2018,212000,2026,4,18,중개거래
동작구,신대방동,해태보라매타워,59.94,9,1996,69000,2026,4,27,중개거래
동작구,사당동,이수자이,120.81,17,2010,179000,2026,4,11,중개거래
동작구,상도동,상도더샵2차,65.37,12,2014,153000,2026,4,27,중개거래
동작구,상도동,상도현대,59.72,6,2003,60350,2026,4,24,직거래
동작구,본동,래미안트윈파크,84.76,8,2011,230000,2026,4,26,중개거래
동작구,흑석동,흑석리버파크자이,59.98,11,2025,199500,2026,4,26,중개거래
동작구,본동,신동아,84.46,8,1993,148000,2026,4,26,중개거래
동작구,노량진동,신동아리버파크,114.75,9,2001,169000,2026,4,25,중개거래
동작구,사당동,극동(105),59.25,13,1993,157300,2026,4,25,중개거래
동작구,상도동,상도동삼호아파트,114.63,6,1994,109000,2026,4,11,중개거래
동작구,노량진동,메가스터디타워,15.974,17,2015,17000,2026,4,20,중개거래
동작구,신대방동,보라매e편한세상,59.98,12,2010,129500,2026,4,25,중개거래
동작구,사당동,래미안로이파크,84.98,10,2018,215000,2026,4,25,중개거래
동작구,상도동,상도휴엔하임,14.7,12,2016,13300,2026,4,14,중개거래
동작구,본동,유원강변,84.28,6,2000,167500,2026,4,25,중개거래
동작구,사당동,극동(105),110.14,4,1993,167000,2026,4,25,중개거래
동작구,대방동,주공2,51.66,8,1995,120000,2026,4,11,중개거래
동작구,사당동,롯데캐슬,117.68,5,2003,156000,2026,4,24,중개거래
동작구,사당동,삼성래미안,84.967,11,2003,149000,2026,4,24,중개거래
동작구,신대방동,보라매자이더포레스트,59.9278,30,2021,158000,2026,4,24,중개거래
동작구,상도동,중앙하이츠빌,123.6025,11,2003,156000,2026,4,18,중개거래
동작구,대방동,주공2,59.97,5,1995,134500,2026,4,24,중개거래
동작구,대방동,신일해피트리,59.8165,11,2005,97000,2026,4,24,중개거래
동작구,대방동,우정,84.6,3,1999,113000,2026,4,23,중개거래
동작구,사당동,사당롯데캐슬골든포레,59.9775,13,2021,147000,2026,4,23,중개거래
동작구,상도동,아이파크,84.96,15,2004,155500,2026,4,24,중개거래
동작구,본동,래미안트윈파크,84.76,24,2011,245000,2026,4,17,중개거래
동작구,사당동,극동(105),109.7,6,1993,160000,2026,4,24,중개거래
동작구,사당동,경남아너스빌2차,59.9,10,1998,92500,2026,4,24,중개거래
동작구,사당동,삼익그린뷰,84.9941,5,2003,86500,2026,4,23,중개거래
동작구,상도동,상도효성해링턴플레이스,84.8136,6,2016,174000,2026,4,23,중개거래
동작구,사당동,래미안로이파크,84.98,14,2018,220000,2026,4,6,중개거래
동작구,노량진동,우성,59.82,6,1997,135000,2026,4,2,중개거래
동작구,상도동,힐스테이트 상도 센트럴파크,118.2086,16,2012,194000,2026,4,23,중개거래
동작구,대방동,신한토탈,81.22,16,1997,100000,2026,4,23,중개거래
동작구,신대방동,보라매자이더포레스트,59.9365,33,2021,164000,2026,4,23,중개거래
동작구,사당동,삼성래미안,84.967,15,2003,150000,2026,4,23,중개거래
동작구,흑석동,흑석리버파크자이,84.94,12,2025,234000,2026,4,23,중개거래
동작구,흑석동,흑석리버파크자이,84.99,13,2025,237000,2026,4,21,중개거래
동작구,사당동,롯데캐슬,117.68,20,2003,158000,2026,4,23,중개거래
동작구,대방동,대림아파트,84.92,18,1993,181000,2026,4,20,중개거래
동작구,신대방동,신대방경남,56,9,2003,94000,2026,4,22,중개거래
동작구,흑석동,흑석리버파크자이,59.98,8,2025,205000,2026,4,22,중개거래
동작구,흑석동,흑석한강센트레빌,84.84,9,2011,235000,2026,4,22,중개거래
동작구,사당동,신동아5,84.66,4,1998,154000,2026,4,22,중개거래
동작구,사당동,극동(105),109.7,16,1993,162000,2026,4,22,중개거래
동작구,흑석동,흑석동양아파트,59.511,4,2003,130500,2026,4,11,중개거래
동작구,상도동,상도휴엔하임,14.7,6,2016,14500,2026,4,20,중개거래
동작구,노량진동,우성,59.82,9,1997,136800,2026,4,22,중개거래
동작구,사당동,이수푸르지오더프레티움,84.9885,5,2021,161810,2026,4,21,중개거래
동작구,신대방동,롯데낙천대,55.4561,4,2003,115300,2026,4,21,중개거래
동작구,상도동,상도더샵2차,84.99,9,2014,170000,2026,4,13,중개거래
동작구,본동,경동윈츠리버,56.68,5,2004,129000,2026,4,21,중개거래
동작구,흑석동,흑석한강센트레빌,84.84,4,2011,245000,2026,4,1,중개거래
동작구,신대방동,동작협성휴포레시그니처,84.9869,26,2022,120000,2026,4,17,중개거래
동작구,사당동,진흥아리엘,84.9822,7,2004,79000,2026,4,21,중개거래
동작구,사당동,사당롯데캐슬골든포레,84.9787,10,2021,160000,2026,4,21,중개거래
동작구,신대방동,동작상떼빌,132.43,12,2006,122000,2026,4,15,중개거래
동작구,상도동,상도파크자이,72.328,10,2016,198000,2026,4,21,중개거래
동작구,사당동,극동(105),59.25,2,1993,138000,2026,4,15,중개거래
동작구,흑석동,흑석동양아파트,84.985,5,2003,148000,2026,4,21,중개거래
동작구,신대방동,보라매e편한세상,84.94,11,2010,142000,2026,4,21,중개거래
동작구,흑석동,흑석한강센트레빌,84.84,3,2011,230000,2026,4,20,중개거래
동작구,노량진동,우성,84.84,2,1997,150000,2026,4,21,중개거래
동작구,상도동,e편한세상상도노빌리티,84.8746,13,2018,211000,2026,4,18,중개거래
동작구,사당동,사당자이,114.94,14,1999,146500,2026,4,20,중개거래
동작구,사당동,르메이에르,59.4,14,2001,78000,2026,4,7,중개거래
동작구,대방동,대방동현대,84.96,6,1994,148000,2026,4,20,중개거래
동작구,대방동,대방동현대,84.96,22,1994,136000,2026,4,20,중개거래
동작구,대방동,우정,59.89,7,1999,90000,2026,4,6,중개거래
동작구,사당동,래미안로이파크,84.98,6,2018,217000,2026,4,18,중개거래
동작구,흑석동,명수대현대,78.07,7,1988,230000,2026,4,18,중개거래
동작구,신대방동,보라매자이더포레스트,59.9278,26,2021,157000,2026,4,19,중개거래
동작구,노량진동,건영(103동-106동),84.94,2,1997,141000,2026,4,18,중개거래
동작구,대방동,주공2,59.97,6,1995,130000,2026,4,18,중개거래
동작구,사당동,제일,60.03,5,1987,114000,2026,4,18,중개거래
동작구,대방동,주공2,51.66,1,1995,118500,2026,4,18,중개거래
동작구,신대방동,신대방,59.6,9,1995,60000,2026,4,18,중개거래
동작구,노량진동,우성,124.77,4,1997,154000,2026,4,18,중개거래
동작구,사당동,삼성래미안,60.739,4,2003,138000,2026,4,18,중개거래
동작구,신대방동,신동아,37.74,2,1993,44500,2026,4,18,중개거래
동작구,사당동,삼익그린뷰,84.9941,12,2003,91000,2026,4,18,중개거래
동작구,사당동,삼성래미안,84.967,5,2003,150000,2026,4,18,중개거래
동작구,대방동,주공2,51.66,13,1995,120000,2026,4,18,중개거래
동작구,상도동,포스코더샵,59.96,9,2007,172000,2026,4,17,중개거래
동작구,노량진동,우성,59.82,17,1997,141300,2026,4,17,중개거래
동작구,사당동,극동(105),119.5,18,1993,161000,2026,4,17,중개거래
동작구,노량진동,신동아리버파크,114.75,7,2001,164300,2026,4,17,중개거래
동작구,상도동,현대(관악),58.59,8,1992,99000,2026,4,17,중개거래
동작구,상도동,상도효성해링턴플레이스,84.9701,5,2016,168000,2026,4,17,중개거래
동작구,사당동,경남아너스빌(대아3),110.77,4,1998,130000,2026,4,18,중개거래
동작구,대방동,보라매코오롱하늘채,84.7,2,2005,120000,2026,4,4,중개거래
동작구,신대방동,현대,84.57,8,1996,122000,2026,4,16,중개거래
동작구,노량진동,건영(103동-106동),84.94,9,1997,144700,2026,4,17,중개거래
동작구,흑석동,청호,59.85,5,1997,90000,2026,4,16,중개거래
동작구,사당동,사당롯데캐슬2차,84.614,15,2004,150000,2026,4,17,중개거래
동작구,신대방동,현진에버빌,84.9234,12,2003,55000,2026,4,17,중개거래
동작구,본동,경동윈츠리버,56.68,7,2004,129000,2026,4,16,중개거래
동작구,상도동,상도두산위브,84.99,8,2010,170000,2026,4,16,중개거래
동작구,사당동,극동(105),59.25,1,1993,147000,2026,4,16,중개거래
동작구,사당동,신동아4,84.46,1,1993,160000,2026,4,14,중개거래
동작구,본동,신동아,84.46,3,1993,146000,2026,4,16,중개거래
동작구,사당동,르메이에르,59.4,7,2001,71000,2026,4,4,중개거래
동작구,흑석동,흑석리버파크자이,59.93,9,2025,205000,2026,4,10,중개거래
동작구,본동,삼성래미안,84.2261,2,2004,154000,2026,4,15,중개거래
동작구,흑석동,흑석리버파크자이,59.76,16,2025,205000,2026,4,11,중개거래
동작구,흑석동,흑석한강센트레빌,84.84,3,2011,224000,2026,4,15,중개거래
동작구,신대방동,보라매우성,58.86,20,1995,73000,2026,4,11,중개거래
동작구,대방동,성원,84.32,11,1994,115000,2026,4,15,중개거래
동작구,상도동,중앙하이츠빌,59.9388,3,2003,123500,2026,4,10,중개거래
동작구,신대방동,보라매파크빌,84.84,2,2002,131000,2026,4,11,중개거래
동작구,사당동,이수푸르지오더프레티움,84.9243,8,2021,222500,2026,4,4,중개거래
동작구,대방동,보라매코오롱하늘채,84.7,2,2005,120000,2026,4,14,중개거래
동작구,상도동,현대(관악),58.59,8,1992,96500,2026,4,14,중개거래
동작구,사당동,경남아너스빌1차,59.9,3,1997,94300,2026,4,10,중개거래
동작구,상도동,래미안상도3차,84.96,2,2004,169000,2026,4,24,중개거래
동작구,사당동,제일,60.03,5,1987,119000,2026,4,17,중개거래
동작구,노량진동,신동아리버파크,59.67,11,2001,146000,2026,4,4,중개거래
동작구,상도동,상도휴엔하임,16.84,15,2016,22500,2026,4,1,중개거래
동작구,동작동,이수힐스테이트,84.9817,5,2013,229000,2026,4,6,중개거래
동작구,흑석동,흑석리버파크자이,84.94,14,2025,225000,2026,4,13,중개거래
동작구,대방동,성원,84.32,2,1994,133000,2026,4,13,중개거래
동작구,신대방동,보라매자이더포레스트,59.9365,13,2021,145000,2026,4,13,중개거래
동작구,상도동,원아파트,84.74,4,2006,80000,2026,4,13,중개거래
동작구,사당동,삼성,59.91,6,1999,88000,2026,4,11,중개거래
동작구,사당동,사당자이,59.89,12,1999,115000,2026,4,13,중개거래
동작구,신대방동,해태보라매타워,84.04,16,1996,80000,2026,4,12,중개거래
동작구,사당동,레디앙스,78.48,6,2004,72500,2026,4,8,중개거래
동작구,신대방동,동작협성휴포레시그니처,84.9869,22,2022,125000,2026,4,11,중개거래
동작구,본동,신동아,84.46,4,1993,148000,2026,4,13,중개거래
동작구,상도동,힐스테이트 상도 센트럴파크,84.7835,6,2012,190000,2026,4,12,중개거래
동작구,대방동,대림아파트,59.84,19,1993,146500,2026,4,11,중개거래
동작구,사당동,이수푸르지오더프레티움,59.927,7,2021,193000,2026,4,11,중개거래
동작구,사당동,사당자이,59.89,1,1999,106000,2026,4,11,중개거래
동작구,신대방동,현대,84.57,15,1996,129500,2026,4,11,중개거래
동작구,노량진동,신동아리버파크,84.88,6,2001,164800,2026,4,11,중개거래
동작구,신대방동,롯데낙천대,77.7418,10,2003,127000,2026,4,11,중개거래
동작구,흑석동,흑석한강센트레빌Ⅱ,84.99,9,2012,195000,2026,4,11,중개거래
동작구,신대방동,우성2차,59.47,5,1995,88500,2026,4,11,중개거래
동작구,사당동,사당자이,114.94,14,1999,144000,2026,4,11,중개거래
동작구,상도동,상도동삼호아파트,84.52,2,1994,105000,2026,4,11,중개거래
동작구,신대방동,롯데낙천대,55.4561,8,2003,117000,2026,4,11,중개거래
동작구,노량진동,건영(103동-106동),84.94,15,1997,149000,2026,4,11,중개거래
동작구,대방동,대방1차e-편한세상,84.32,7,2003,171000,2026,4,10,중개거래
동작구,상도동,래미안상도3차,84.96,6,2004,170000,2026,4,10,중개거래
동작구,상도동,힐스테이트 상도 센트럴파크,84.6099,7,2012,184000,2026,4,10,중개거래
동작구,흑석동,흑석리버파크자이,59.93,11,2025,212000,2026,4,10,중개거래
동작구,신대방동,롯데낙천대,55.4561,11,2003,118700,2026,4,10,중개거래
동작구,본동,경동윈츠리버,56.68,11,2004,129500,2026,4,10,중개거래
동작구,상도동,상도동삼호아파트,114.63,6,1994,113000,2026,4,10,중개거래
동작구,사당동,이수푸르지오더프레티움,105.9799,1,2021,237000,2026,4,4,중개거래
동작구,신대방동,보라매자이더포레스트,59.8807,29,2021,154000,2026,4,10,중개거래
동작구,상도동,상도휴엔하임,14.7,10,2016,14900,2026,4,4,중개거래
동작구,사당동,대림(169-8),125.4,7,1990,180000,2026,4,7,중개거래
동작구,대방동,대림아파트,59.84,5,1993,142000,2026,4,10,중개거래
동작구,상도동,힐스테이트 상도 센트럴파크,59.7754,8,2012,181500,2026,4,9,중개거래
동작구,상도동,e편한세상상도노빌리티,84.9704,14,2018,226000,2026,4,1,중개거래
동작구,신대방동,현대,84.57,17,1996,128000,2026,4,9,중개거래
동작구,사당동,경남아너스빌1차,84.98,3,1997,113800,2026,4,9,중개거래
동작구,사당동,신동아4,84.46,14,1993,169500,2026,4,3,중개거래
동작구,상도동,포스코더샵,152.222,11,2007,207000,2026,4,9,중개거래
동작구,흑석동,흑석동양아파트,59.511,8,2003,129000,2026,4,9,중개거래
동작구,본동,삼성래미안,84.2261,8,2004,163000,2026,4,4,중개거래
동작구,상도동,씨티아모리움,15.5895,2,2012,16300,2026,4,2,중개거래
동작구,신대방동,보라매e편한세상,84.94,2,2010,140000,2026,4,9,중개거래
동작구,상도1동,현진베스트빌,73.15,3,2003,49000,2026,4,9,중개거래
동작구,본동,신동아,104.7,8,1993,164000,2026,4,9,중개거래
동작구,흑석동,흑석리버파크자이,84.96,17,2025,237000,2026,4,8,중개거래
동작구,대방동,대림아파트,134.25,8,1993,197500,2026,4,8,중개거래
동작구,대방동,대방동현대,84.96,3,1994,144000,2026,4,8,중개거래
동작구,사당동,사당롯데캐슬2차,84.766,9,2004,145000,2026,4,8,중개거래
동작구,사당동,현대,120.03,11,1991,130000,2026,4,3,중개거래
동작구,대방동,대방1차e-편한세상,84.32,13,2003,105150,2026,4,8,직거래
동작구,신대방동,동작협성휴포레시그니처,84.9464,25,2022,112000,2026,4,7,중개거래
동작구,신대방동,해태보라매타워,59.94,16,1996,64800,2026,4,7,중개거래
동작구,신대방동,현대,84.57,8,1996,120000,2026,4,7,중개거래
동작구,상도동,삼성래미안2,84.796,12,2003,141000,2026,4,2,중개거래
동작구,사당동,현대,59.96,6,1991,97000,2026,4,3,중개거래
동작구,대방동,아데나339,29.22,6,2012,20500,2026,4,4,중개거래
동작구,대방동,대방1차e-편한세상,84.32,13,2003,168000,2026,4,6,중개거래
동작구,본동,삼성래미안,114.9855,18,2004,182650,2026,4,4,중개거래
동작구,흑석동,흑석리버파크자이,59.98,11,2025,214000,2026,4,6,중개거래
동작구,사당동,사당휴먼시아,59.96,9,2009,100000,2026,4,6,중개거래
동작구,대방동,보라매코오롱하늘채,84.7,2,2005,120000,2026,4,4,중개거래
동작구,노량진동,신동아리버파크,84.88,27,2001,162500,2026,4,5,중개거래
동작구,상도동,상도두산위브,84.909,9,2010,169000,2026,4,4,중개거래
동작구,상도동,쌍용스윗닷홈,84.954,2,2003,130500,2026,4,4,중개거래
동작구,노량진동,신동아리버파크,84.88,7,2001,160800,2026,4,4,중개거래
동작구,노량진동,신동아리버파크,59.67,14,2001,150500,2026,4,4,중개거래
동작구,상도동,래미안상도3차,59.97,14,2004,160000,2026,4,4,중개거래
동작구,상도동,삼성래미안2,59.886,4,2003,134000,2026,4,4,중개거래
동작구,노량진동,신동아리버파크,59.67,13,2001,148000,2026,4,4,중개거래
동작구,대방동,대방동현대,84.96,6,1994,131000,2026,4,4,중개거래
동작구,사당동,르메이에르,84.76,5,2001,88500,2026,4,4,중개거래
동작구,사당동,삼성래미안,84.967,7,2003,148000,2026,4,4,중개거래
동작구,노량진동,우성,59.82,7,1997,135000,2026,4,3,중개거래
동작구,사당동,경남아너스빌1차,114.29,15,1997,133000,2026,4,4,중개거래
동작구,상도동,쌍용스윗닷홈,84.954,1,2003,125500,2026,4,4,중개거래
동작구,상도동,중앙하이츠빌,84.9883,2,2003,136000,2026,4,4,중개거래
동작구,상도동,중앙하이츠빌,84.9883,1,2003,132000,2026,4,4,중개거래
동작구,사당동,남해오네뜨,59.958,13,2002,94700,2026,4,4,중개거래
동작구,신대방동,동작협성휴포레시그니처,84.9464,27,2022,112000,2026,4,4,중개거래
동작구,흑석동,흑석리버파크자이,59.98,11,2025,220000,2026,4,3,중개거래
동작구,대방동,대림아파트,59.84,19,1993,146000,2026,4,2,중개거래
동작구,상도동,현대(관악),58.59,11,1992,96000,2026,4,3,중개거래
동작구,본동,삼성래미안,59.9843,5,2004,148500,2026,4,3,중개거래
동작구,사당동,현대,59.96,4,1991,101000,2026,4,3,중개거래
동작구,흑석동,흑석동양아파트,84.991,4,2003,154500,2026,4,2,중개거래
동작구,노량진동,우성,59.82,6,1997,135000,2026,4,2,중개거래
동작구,신대방동,보라매파크빌,84.59,5,2002,134000,2026,4,2,중개거래
동작구,대방동,경남아너스빌,84.805,13,2006,146000,2026,4,2,중개거래
동작구,상도동,래미안상도3차,114.97,7,2004,170000,2026,4,2,중개거래
동작구,대방동,신일해피트리,59.8165,9,2005,96500,2026,4,2,중개거래
동작구,대방동,현대홈타운2,59.89,12,1999,117000,2026,4,2,중개거래
동작구,신대방동,우성1차,84.99,2,1988,134500,2026,4,2,중개거래
동작구,사당동,사당롯데캐슬2차,84.614,4,2004,148000,2026,4,2,중개거래
동작구,신대방동,한성아파트,59.87,3,1995,112000,2026,4,2,중개거래
동작구,신대방동,보라매아카데미타워,84.95,17,1998,93000,2026,4,2,중개거래
동작구,사당동,사당롯데캐슬골든포레,59.9908,8,2021,155000,2026,4,2,중개거래
동작구,사당동,극동(105),59.25,15,1993,157000,2026,4,1,중개거래
동작구,노량진동,우성,124.77,9,1997,160000,2026,4,1,중개거래
동작구,신대방동,보라매e편한세상,128.86,16,2010,145000,2026,4,10,중개거래
관악구,신림동,신림현대,105.36,13,1993,86000,2026,4,24,중개거래
관악구,봉천동,프라비다2,20.45,5,2013,15900,2026,4,4,중개거래
관악구,신림동,동부,50.57,16,1993,65000,2026,4,11,중개거래
관악구,신림동,그대家,59.6,8,2003,49000,2026,4,19,직거래
관악구,봉천동,대원,96.72,4,2002,46600,2026,4,30,직거래
관악구,봉천동,무학,59.38,10,1998,54800,2026,4,7,중개거래
관악구,봉천동,일두(1021),38.92,4,1985,40000,2026,4,2,중개거래
관악구,봉천동,낙성대현대아파트,61.74,6,1988,75000,2026,4,25,중개거래
관악구,봉천동,두산,84.87,3,2000,80200,2026,4,23,직거래
관악구,봉천동,관악월드메르디앙,79.27,11,2005,78000,2026,4,24,중개거래
관악구,신림동,관악,57.43,3,1983,40000,2026,4,23,직거래
관악구,봉천동,반석푸른숲,58.67,3,2006,61000,2026,4,24,중개거래
관악구,봉천동,관악푸르지오,84.75,5,2004,126000,2026,4,25,중개거래
관악구,봉천동,동원낙성대,95.73,6,2004,116000,2026,4,28,중개거래
관악구,신림동,우정하이비전2,84.58,8,2004,50000,2026,4,17,직거래
관악구,봉천동,e편한세상서울대입구1단지,84.92,2,2019,148500,2026,4,23,중개거래
관악구,봉천동,은천1,84.65,13,2001,85000,2026,4,30,중개거래
관악구,남현동,한일유앤아이2차,84.99,2,2006,81000,2026,4,27,중개거래
관악구,신림동,LIG대학마을(건영아파트3차),84.82,12,1996,60000,2026,4,24,직거래
관악구,신림동,건영2,43.92,10,1988,37000,2026,4,29,중개거래
관악구,봉천동,관악푸르지오,114.69,12,2004,120000,2026,4,29,중개거래
관악구,남현동,우림루미아트,84.53,11,2004,98500,2026,4,28,직거래
관악구,봉천동,관악드림(삼성),114.75,15,2003,115000,2026,4,15,중개거래
관악구,신림동,LIG대학마을(건영아파트3차),84.82,10,1996,77500,2026,4,27,중개거래
관악구,봉천동,벽산타운II,107.62,3,2003,79000,2026,4,20,직거래
관악구,봉천동,서울대입구역더하이브센트럴,59.74,7,2024,70500,2026,4,18,중개거래
관악구,신림동,두영,84.87,5,2002,68500,2026,4,11,중개거래
관악구,봉천동,e편한세상서울대입구2단지,84.97,17,2019,148000,2026,4,21,중개거래
관악구,신림동,위드비엠3,38.81,8,2021,46500,2026,4,28,중개거래
관악구,신림동,신림현대,105.36,13,1993,86000,2026,4,23,중개거래
관악구,남현동,관악산대창센시티,113.38,3,2005,82000,2026,4,28,중개거래
관악구,봉천동,낙성대현대아파트,61.74,6,1988,75000,2026,4,25,중개거래
관악구,봉천동,관악푸르지오,84.75,6,2004,120000,2026,4,30,중개거래
관악구,봉천동,e편한세상서울대입구1단지,84.93,9,2019,147000,2026,4,17,중개거래
관악구,봉천동,반석푸른숲,58.67,8,2006,65000,2026,4,18,중개거래
관악구,봉천동,e편한세상서울대입구2단지,84.98,6,2019,145000,2026,4,19,중개거래
관악구,신림동,신림푸르지오,114.84,3,2005,101500,2026,4,22,중개거래
관악구,신림동,건영2,73.48,7,1988,60000,2026,4,23,중개거래
관악구,남현동,별장,95.64,3,2000,66000,2026,4,22,중개거래
관악구,봉천동,은천1,84.83,7,2001,70000,2026,4,29,중개거래
관악구,봉천동,서울대입구삼성,59.78,4,1999,75500,2026,4,30,중개거래
관악구,신림동,라이프,84.38,16,1996,65000,2026,4,30,중개거래
관악구,신림동,건영1,60.27,5,1984,51800,2026,4,30,중개거래
관악구,봉천동,관악파크푸르지오,59.98,4,2014,105000,2026,4,30,중개거래
관악구,남현동,뉴타운1동(A동),84.59,2,2004,78000,2026,4,20,중개거래
관악구,봉천동,봉천우성,59.76,20,2000,101000,2026,4,30,중개거래
관악구,봉천동,e편한세상서울대입구2차,84.31,10,2020,146000,2026,4,30,중개거래
관악구,신림동,LIG대학마을(건영아파트3차),84.82,10,1996,77500,2026,4,28,중개거래
관악구,신림동,LIG대학마을(건영아파트3차),84.82,5,1996,69500,2026,4,30,중개거래
관악구,신림동,신림2차푸르지오,84.8098,9,2007,75000,2026,4,30,중개거래
관악구,봉천동,프라비다2,19.61,8,2013,17000,2026,4,30,직거래
관악구,신림동,관악,57.43,1,1983,63000,2026,4,15,직거래
관악구,봉천동,봉천동아,59.76,6,2000,104500,2026,4,30,중개거래
관악구,남현동,르메이르강남타운1,132.36,11,2002,99800,2026,4,29,중개거래
관악구,봉천동,현대(관악),58.59,5,1992,99500,2026,4,29,중개거래
관악구,봉천동,현대(관악),58.59,15,1992,98000,2026,4,29,중개거래
관악구,신림동,신림2차현대,84.6,8,1996,74000,2026,4,28,중개거래
관악구,봉천동,봉천우성,114.78,10,2000,112000,2026,4,25,중개거래
관악구,봉천동,대우디오슈페리움1단지,55.04,8,2007,61000,2026,4,28,직거래
관악구,봉천동,e편한세상서울대입구2단지,84.92,15,2019,143000,2026,4,29,중개거래
관악구,봉천동,두산,59.92,12,2000,121000,2026,4,29,중개거래
관악구,봉천동,건영6,49.21,8,1999,60000,2026,4,28,직거래
관악구,봉천동,e편한세상서울대입구1단지,84.93,20,2019,145000,2026,4,22,중개거래
관악구,봉천동,벽산블루밍,59.99,19,2005,102500,2026,4,28,중개거래
관악구,남현동,예성그린캐슬1차,84.81,2,2003,88500,2026,4,28,중개거래
관악구,신림동,LIG대학마을(건영아파트3차),58.9,13,1996,59500,2026,4,28,중개거래
관악구,신림동,신림동부센트레빌,84.93,3,2006,83000,2026,4,27,중개거래
관악구,봉천동,벽산블루밍,101.95,7,2005,109000,2026,4,28,중개거래
관악구,봉천동,서울대입구한양아이클래스,15.96,11,2018,18000,2026,4,28,중개거래
관악구,봉천동,낙성대현대홈타운,84.923,11,2002,84000,2026,4,21,직거래
관악구,신림동,LIG대학마을(건영아파트3차),69.17,5,1996,61800,2026,4,28,중개거래
관악구,신림동,삼성산주공(주공3단지),113.31,19,2000,68500,2026,4,16,중개거래
관악구,신림동,우정하이비전,84.58,3,2004,63000,2026,4,25,중개거래
관악구,봉천동,일두(1021),57.66,3,1985,60000,2026,4,14,중개거래
관악구,신림동,관악산휴먼시아2단지,84.97,14,2008,72000,2026,4,28,중개거래
관악구,신림동,신림현대,34.86,10,1993,43700,2026,4,14,중개거래
관악구,봉천동,관악푸르지오,59.58,19,2004,114000,2026,4,27,중개거래
관악구,봉천동,e편한세상서울대입구2차,84.31,14,2020,144000,2026,4,21,중개거래
관악구,신림동,삼성산주공(주공3단지),58.55,16,2000,52500,2026,4,27,중개거래
관악구,봉천동,서울대입구아이원(1560-62),59.96,2,2006,101000,2026,4,27,중개거래
관악구,신림동,관악산휴먼시아2단지,114.7,6,2008,76800,2026,4,24,중개거래
관악구,신림동,관악산휴먼시아2단지,84.97,12,2008,71000,2026,4,27,중개거래
관악구,신림동,신림푸르지오,84.87,9,2005,102500,2026,4,27,중개거래
관악구,신림동,코스모그린,12.21,9,2012,8700,2026,4,7,중개거래
관악구,신림동,신림현대,82.2,2,1993,75500,2026,4,23,중개거래
관악구,봉천동,관악드림(삼성),114.75,16,2003,124900,2026,4,24,중개거래
관악구,신림동,관악산휴먼시아1단지,59.96,18,2008,61500,2026,4,27,중개거래
관악구,신림동,관악산휴먼시아2단지,84.97,19,2008,76000,2026,4,24,중개거래
관악구,봉천동,e편한세상서울대입구2단지,84.95,2,2019,132500,2026,4,25,중개거래
관악구,신림동,늘푸른(569-5),70.35,2,2009,39000,2026,4,17,직거래
관악구,신림동,신림현대,34.86,4,1993,43000,2026,4,25,중개거래
관악구,봉천동,프라비다2,20.45,5,2013,15900,2026,4,4,중개거래
관악구,봉천동,반석푸른숲,58.67,3,2006,61000,2026,4,24,중개거래
관악구,신림동,힐스테이트뉴포레,59.9986,26,2022,134000,2026,4,26,중개거래
관악구,봉천동,봉천우성,59.76,16,2000,100500,2026,4,16,중개거래
관악구,봉천동,벽산블루밍,59.99,3,2005,96000,2026,4,25,중개거래
관악구,신림동,건영1,60.27,3,1984,54000,2026,4,25,중개거래
관악구,신림동,힐스테이트뉴포레,59.9882,19,2022,136400,2026,4,25,중개거래
관악구,봉천동,e편한세상서울대입구2단지,59.9,13,2019,129000,2026,4,25,중개거래
관악구,봉천동,벽산블루밍,59.99,5,2005,93000,2026,4,25,중개거래
관악구,신림동,관악산휴먼시아2단지,59.99,12,2008,63000,2026,4,25,중개거래
관악구,봉천동,낙성대현대(296),59.78,12,1998,79000,2026,4,24,중개거래
관악구,봉천동,e편한세상서울대입구2단지,59.9,3,2019,130500,2026,4,25,중개거래
관악구,신림동,관악산휴먼시아1단지,59.99,16,2008,64000,2026,4,25,중개거래
관악구,봉천동,봉천우성,84.96,23,2000,116500,2026,4,25,중개거래
관악구,신림동,신림2차현대,59.91,8,1996,65500,2026,4,25,중개거래
관악구,신림동,신림현대,82.2,10,1993,82000,2026,4,25,중개거래
관악구,신림동,관악산휴먼시아2단지,84.97,4,2008,70000,2026,4,23,중개거래
관악구,신림동,LIG대학마을(건영아파트3차),69.16,14,1996,67500,2026,4,24,중개거래
관악구,봉천동,e편한세상서울대입구1단지,84.95,16,2019,150000,2026,4,24,중개거래
관악구,봉천동,e편한세상서울대입구1단지,84.98,12,2019,154000,2026,4,24,중개거래
관악구,신림동,신림현대,59.85,6,1993,68500,2026,4,24,중개거래
관악구,봉천동,동아타운,32.76,9,1999,38500,2026,4,24,중개거래
관악구,신림동,라이프미성,91.24,7,1982,87000,2026,4,24,중개거래
관악구,신림동,우방,84.86,13,1999,65000,2026,4,24,직거래
관악구,신림동,신림현대,119.49,12,1993,90000,2026,4,24,중개거래
관악구,봉천동,관악동부센트레빌,59.75,7,2004,105800,2026,4,23,중개거래
관악구,봉천동,봉천우성,59.76,1,2000,87000,2026,4,23,중개거래
관악구,봉천동,두산,59.89,15,2000,121000,2026,4,23,중개거래
관악구,봉천동,e편한세상서울대입구1단지,84.97,6,2019,146000,2026,4,23,중개거래
관악구,신림동,LIG대학마을(건영아파트3차),58.9,5,1996,59000,2026,4,23,중개거래
관악구,신림동,관악산휴먼시아2단지,59.99,13,2008,59800,2026,4,23,중개거래
관악구,봉천동,벽산블루밍3차,84.72,10,2004,65000,2026,4,23,직거래
관악구,봉천동,건영6,59.9,14,1999,87000,2026,4,10,중개거래
관악구,신림동,신림푸르지오,114.84,9,2005,125000,2026,4,7,중개거래
관악구,봉천동,관악드림(동아),59.85,11,2003,106000,2026,4,22,중개거래
관악구,봉천동,낙성대현대(296),59.78,10,1998,83000,2026,4,22,중개거래
관악구,봉천동,두산,84.87,10,2000,128000,2026,4,22,중개거래
관악구,봉천동,낙성대현대홈타운,114.919,8,2002,120000,2026,4,22,중개거래
관악구,봉천동,금강아미움(103동),71.1203,4,2010,84300,2026,4,11,중개거래
관악구,봉천동,e편한세상서울대입구2차,84.31,2,2020,137000,2026,4,22,중개거래
관악구,남현동,현대이즈빌,76.32,5,2002,77000,2026,4,14,중개거래
관악구,남현동,우림루미아트,84.51,5,2004,70000,2026,4,8,직거래
관악구,봉천동,e편한세상서울대입구1단지,84.93,7,2019,149000,2026,4,21,중개거래
관악구,남현동,현대빌라트,112.51,5,2000,86000,2026,4,17,중개거래
관악구,신림동,관악산휴먼시아2단지,59.99,6,2008,62000,2026,4,21,중개거래
관악구,신림동,힐스테이트뉴포레,59.9882,10,2022,136000,2026,4,21,중개거래
관악구,봉천동,관악푸르지오,84.75,11,2004,118000,2026,4,21,중개거래
관악구,신림동,현대,84.44,7,1991,55000,2026,4,8,중개거래
관악구,봉천동,관악드림(삼성),59.85,25,2003,107000,2026,4,21,중개거래
관악구,봉천동,관악드림(삼성),84.96,7,2003,120000,2026,4,21,중개거래
관악구,신림동,삼성산주공(주공3단지),113.31,19,2000,73000,2026,4,15,중개거래
관악구,봉천동,벽산블루밍,59.99,7,2005,105000,2026,4,20,중개거래
관악구,신림동,동부,78.43,4,1993,89000,2026,4,20,중개거래
관악구,봉천동,e편한세상서울대입구1단지,59.9,18,2019,138000,2026,4,20,중개거래
관악구,봉천동,관악푸르지오,59.58,10,2004,103000,2026,4,20,중개거래
관악구,봉천동,보라매삼성,84.84,15,1996,119000,2026,4,18,중개거래
관악구,봉천동,관악캠퍼스타워,35.76,9,1998,23200,2026,4,19,중개거래
관악구,봉천동,건영6,59.9,14,1999,87000,2026,4,10,중개거래
관악구,신림동,라이프미성,71.31,4,1982,80000,2026,4,19,중개거래
관악구,봉천동,에메랄드105동,96.59,3,2012,79000,2026,4,15,중개거래
관악구,남현동,예성2차그린캐슬,84.17,2,2004,94000,2026,4,8,중개거래
관악구,봉천동,동원낙성대,84.96,5,2004,96000,2026,4,19,중개거래
관악구,봉천동,벽산블루밍,84.99,18,2005,114500,2026,4,16,중개거래
관악구,봉천동,관악푸르지오,84.75,11,2004,115000,2026,4,20,중개거래
관악구,봉천동,봉천우성,59.76,20,2000,92500,2026,4,18,중개거래
관악구,신림동,LIG대학마을(건영아파트3차),69.17,5,1996,63000,2026,4,18,중개거래
관악구,봉천동,벽산블루밍,114.97,23,2005,123500,2026,4,18,중개거래
관악구,봉천동,두산,59.92,9,2000,118000,2026,4,18,중개거래
관악구,신림동,관악산휴먼시아2단지,84.97,14,2008,74700,2026,4,18,중개거래
관악구,봉천동,두산,84.87,14,2000,126000,2026,4,18,중개거래
관악구,봉천동,서울대입구역더하이브센트럴,59.74,7,2024,70500,2026,4,18,중개거래
관악구,봉천동,관악드림(삼성),84.96,12,2003,121000,2026,4,18,중개거래
관악구,봉천동,서울대입구아이원(1560-61),84.89,8,2006,124000,2026,4,18,중개거래
관악구,봉천동,벽산블루밍,59.99,15,2005,93500,2026,4,18,중개거래
관악구,봉천동,관악푸르지오,59.58,4,2004,112800,2026,4,18,중개거래
관악구,신림동,관악산휴먼시아2단지,84.97,10,2008,75500,2026,4,18,중개거래
관악구,신림동,힐스테이트뉴포레,59.9882,10,2022,139000,2026,4,18,중개거래
관악구,신림동,관악산휴먼시아2단지,84.97,14,2008,70500,2026,4,18,중개거래
관악구,신림동,신림푸르지오,84.79,22,2005,101000,2026,4,18,중개거래
관악구,신림동,삼성산주공(주공3단지),83.21,16,2000,58000,2026,4,18,중개거래
관악구,신림동,삼성산주공(주공3단지),58.55,23,2000,53000,2026,4,18,중개거래
관악구,봉천동,e편한세상서울대입구1단지,84.93,18,2019,147000,2026,4,18,중개거래
관악구,신림동,신림현대,82.2,3,1993,83000,2026,4,18,중개거래
관악구,봉천동,관악드림(동아),60,11,2003,116600,2026,4,18,중개거래
관악구,남현동,관악산대창센시티2차,84.97,3,2008,85000,2026,4,16,중개거래
관악구,봉천동,봉천우성,59.76,18,2000,94000,2026,4,17,중개거래
관악구,봉천동,관악드림(삼성),59.83,14,2003,115500,2026,4,17,중개거래
관악구,봉천동,건영6,82.75,18,1999,98700,2026,4,18,중개거래
관악구,봉천동,e편한세상서울대입구2단지,84.98,2,2019,138500,2026,4,18,중개거래
관악구,신림동,관악산휴먼시아2단지,84.97,7,2008,66000,2026,4,18,중개거래
관악구,봉천동,e편한세상서울대입구2차,59.85,10,2020,132000,2026,4,17,중개거래
관악구,봉천동,현대(관악),68.8,1,1992,93000,2026,4,17,중개거래
관악구,봉천동,봉천우성,114.78,10,2000,112000,2026,4,15,중개거래
관악구,봉천동,금강아미움(106동),71.3453,2,2010,81000,2026,4,13,중개거래
관악구,신림동,LIG대학마을(건영아파트3차),58.9,3,1996,50000,2026,4,17,중개거래
관악구,신림동,삼성산주공(주공3단지),113.31,25,2000,72800,2026,4,17,중개거래
관악구,신림동,관악산휴먼시아1단지,59.99,19,2008,61000,2026,4,17,중개거래
관악구,봉천동,관악드림(동아),84.96,1,2003,115300,2026,4,16,중개거래
관악구,봉천동,관악푸르지오,59.58,4,2004,107000,2026,4,11,중개거래
관악구,봉천동,봉천우성,59.76,17,2000,95000,2026,4,16,중개거래
관악구,신림동,벽산블루밍,59.96,6,2005,58000,2026,4,16,중개거래
관악구,신림동,LIG대학마을(건영아파트3차),69.17,10,1996,57000,2026,4,16,중개거래
관악구,신림동,신림푸르지오,59.95,3,2005,89000,2026,4,16,중개거래
관악구,봉천동,금강아미움(106동),71.3453,2,2010,81000,2026,4,13,중개거래
관악구,신림동,관악산휴먼시아2단지,84.97,12,2008,71000,2026,4,7,중개거래
관악구,봉천동,두산,114.99,19,2000,134000,2026,4,11,중개거래
관악구,신림동,관악산휴먼시아2단지,84.97,14,2008,75000,2026,4,16,중개거래
관악구,봉천동,보라매우성,58.86,8,1995,63000,2026,4,8,중개거래
관악구,봉천동,관악푸르지오,59.58,8,2004,112500,2026,4,15,중개거래
관악구,봉천동,e편한세상서울대입구2단지,59.9,4,2019,126500,2026,4,15,중개거래
관악구,봉천동,반석푸른숲,58.67,10,2006,63500,2026,4,14,중개거래
관악구,봉천동,봉천우성,59.76,3,2000,93000,2026,4,15,중개거래
관악구,신림동,태흥,59.86,3,1995,40500,2026,4,15,중개거래
관악구,봉천동,e편한세상서울대입구2차,84.31,6,2020,143000,2026,4,15,중개거래
관악구,봉천동,갑을,59.86,8,1998,74000,2026,4,14,중개거래
관악구,봉천동,벽산블루밍3차,59.8,3,2004,90000,2026,4,14,중개거래
관악구,봉천동,두산,59.92,3,2000,114000,2026,4,14,중개거래
관악구,신림동,우정하이비전,84.58,3,2004,63500,2026,4,11,중개거래
관악구,신림동,신림동신도브래뉴,81.42,3,2003,89500,2026,4,14,중개거래
관악구,신림동,관악산휴먼시아2단지,84.97,6,2008,69000,2026,4,13,중개거래
관악구,신림동,우방,59.74,17,1999,64000,2026,4,14,중개거래
관악구,봉천동,서울대입구아이원(1560-61),59.96,7,2006,105000,2026,4,13,중개거래
관악구,봉천동,낙성대현대(296),59.78,7,1998,80000,2026,4,13,중개거래
관악구,봉천동,벽산블루밍,84.99,18,2005,115000,2026,4,13,중개거래
관악구,신림동,초원,59.93,6,1999,41500,2026,4,11,중개거래
관악구,봉천동,관악동부센트레빌,84.7,9,2004,128000,2026,4,13,중개거래
관악구,신림동,신림푸르지오,84.79,11,2005,102500,2026,4,13,중개거래
관악구,봉천동,서울대입구아이원(1560-61),59.96,15,2006,108000,2026,4,13,중개거래
관악구,신림동,건영1,41.04,8,1984,45000,2026,4,11,중개거래
관악구,신림동,신림현대,59.85,1,1993,63500,2026,4,12,중개거래
관악구,신림동,벽산블루밍,84.95,12,2005,73500,2026,4,12,중개거래
관악구,신림동,신림현대,105.36,11,1993,89700,2026,4,12,중개거래
관악구,신림동,신림현대,119.49,9,1993,91200,2026,4,12,중개거래
관악구,봉천동,관악푸르지오,84.75,4,2004,123000,2026,4,11,중개거래
관악구,신림동,삼성산주공(주공3단지),83.21,10,2000,58800,2026,4,12,중개거래
관악구,남현동,현대이즈빌,84.99,4,2002,60000,2026,4,11,중개거래
관악구,신림동,우정하이비전2,84.58,7,2004,56000,2026,4,11,중개거래
관악구,봉천동,벽산블루밍,59.99,6,2005,101300,2026,4,11,중개거래
관악구,신림동,힐스테이트뉴포레,59.9882,14,2022,139500,2026,4,11,중개거래
관악구,신림동,관악산휴먼시아2단지,114.7,12,2008,76000,2026,4,11,중개거래
관악구,봉천동,벽산블루밍,84.99,10,2005,116000,2026,4,11,중개거래
관악구,봉천동,봉천우성,84.96,13,2000,109000,2026,4,11,중개거래
관악구,봉천동,e편한세상서울대입구2차,84.31,11,2020,144000,2026,4,11,중개거래
관악구,봉천동,봉천우성,59.76,14,2000,99800,2026,4,11,중개거래
관악구,신림동,관악산휴먼시아2단지,84.97,3,2008,71200,2026,4,11,중개거래
관악구,봉천동,관악드림(동아),59.85,21,2003,111500,2026,4,10,중개거래
관악구,신림동,관악산휴먼시아2단지,59.99,2,2008,57000,2026,4,10,중개거래
관악구,신림동,관악산휴먼시아2단지,59.96,8,2008,64000,2026,4,10,중개거래
관악구,신림동,태영,49.92,18,1997,46500,2026,4,2,중개거래
관악구,봉천동,봉천동아,84.87,24,2000,90400,2026,4,9,중개거래
관악구,신림동,삼성산주공(주공3단지),83.21,16,2000,61500,2026,4,8,중개거래
관악구,남현동,네스코뮤즈빌,138.57,3,2002,90000,2026,4,9,중개거래
관악구,신림동,늘푸른(569-5),70.35,5,2009,44500,2026,4,9,중개거래
관악구,봉천동,관악푸르지오,59.58,5,2004,111000,2026,4,9,중개거래
관악구,신림동,삼성산주공(주공3단지),113.31,5,2000,64800,2026,4,9,중개거래
관악구,신림동,라이프,59.04,11,1996,49150,2026,4,6,중개거래
관악구,봉천동,낙성대현대아파트,136.11,12,1988,115000,2026,4,6,중개거래
관악구,봉천동,관악푸르지오,59.58,13,2004,113800,2026,4,8,중개거래
관악구,봉천동,e편한세상서울대입구1단지,114.88,17,2019,171000,2026,4,8,중개거래
관악구,봉천동,관악캠퍼스타워,26.76,9,1998,15300,2026,4,8,중개거래
관악구,신림동,그대家,59.6,12,2003,53500,2026,4,8,중개거래
관악구,봉천동,현대(관악),58.59,6,1992,99000,2026,4,8,중개거래
관악구,신림동,삼성산주공(주공3단지),83.21,23,2000,61800,2026,4,8,중개거래
관악구,신림동,힐스테이트뉴포레,59.9882,5,2022,135500,2026,4,8,중개거래
관악구,신림동,신림동쌍용아파트,59.26,8,1998,52000,2026,4,7,중개거래
관악구,봉천동,벽산블루밍,114.97,13,2005,107500,2026,4,7,중개거래
관악구,신림동,신림현대,59.85,5,1993,71000,2026,4,7,중개거래
관악구,신림동,신림현대,119.49,4,1993,88500,2026,4,7,중개거래
관악구,봉천동,금강아미움(106동),71.3453,3,2010,80000,2026,4,3,중개거래
관악구,신림동,건영1,74.13,7,1984,65000,2026,4,4,중개거래
관악구,신림동,신림현대,34.86,6,1993,45700,2026,4,6,중개거래
관악구,신림동,신림푸르지오,114.84,21,2005,105000,2026,4,6,중개거래
관악구,신림동,신림현대,119.49,8,1993,90000,2026,4,4,중개거래
관악구,신림동,동부,50.57,16,1993,65000,2026,4,11,중개거래
관악구,봉천동,현대(관악),116.86,13,1992,99000,2026,4,6,직거래
관악구,남현동,우림루미아트,84.53,6,2004,107000,2026,4,4,중개거래
관악구,신림동,신림현대,59.85,11,1993,68000,2026,4,5,중개거래
관악구,신림동,CLOUDAPT,46.53,3,2017,47500,2026,4,3,중개거래
관악구,봉천동,봉천우성,59.76,11,2000,97000,2026,4,4,중개거래
관악구,봉천동,관악파크푸르지오,84.98,20,2014,112500,2026,4,4,중개거래
관악구,봉천동,관악푸르지오,59.58,15,2004,115000,2026,4,4,중개거래
관악구,봉천동,벽산블루밍,84.99,17,2005,118000,2026,4,2,중개거래
관악구,봉천동,관악드림(동아),59.83,25,2003,105000,2026,4,4,중개거래
관악구,봉천동,두산,59.92,12,2000,124500,2026,4,4,중개거래
관악구,봉천동,관악푸르지오,59.58,10,2004,117000,2026,4,4,중개거래
관악구,신림동,우방,59.74,2,1999,63500,2026,4,4,중개거래
관악구,신림동,관악산휴먼시아2단지,84.97,3,2008,69800,2026,4,4,중개거래
관악구,봉천동,벽산블루밍,59.99,13,2005,101900,2026,4,4,중개거래
관악구,봉천동,벽산블루밍,59.99,7,2005,102700,2026,4,4,중개거래
관악구,신림동,LIG대학마을(건영아파트3차),84.82,3,1996,69500,2026,4,4,중개거래
관악구,봉천동,봉천우성,59.76,12,2000,98000,2026,4,4,중개거래
관악구,봉천동,두산,59.92,22,2000,119800,2026,4,3,중개거래
관악구,봉천동,대우디오슈페리움2단지,84.93,5,2007,88500,2026,4,3,중개거래
관악구,봉천동,현대(관악),84.74,9,1992,80000,2026,4,1,중개거래
관악구,신림동,힐스테이트뉴포레,59.9882,16,2022,138000,2026,4,3,중개거래
관악구,봉천동,봉천동아,114.69,8,2000,124000,2026,4,3,중개거래
관악구,신림동,LIG대학마을(건영아파트3차),58.9,2,1996,54800,2026,4,3,중개거래
관악구,봉천동,관악푸르지오,84.2,17,2004,124500,2026,4,3,중개거래
관악구,봉천동,벽산블루밍3차,84.72,7,2004,97000,2026,4,2,중개거래
관악구,남현동,남현현대아이빌라,83.02,3,2002,54000,2026,4,1,중개거래
관악구,봉천동,벽산블루밍,59.99,20,2005,104500,2026,4,3,중개거래
관악구,봉천동,일두(1021),38.92,4,1985,40000,2026,4,2,중개거래
관악구,신림동,힐스테이트뉴포레,59.9882,28,2022,133500,2026,4,2,중개거래
관악구,신림동,삼성산주공(주공3단지),113.31,15,2000,63000,2026,4,2,중개거래
관악구,봉천동,관악푸르지오,84.75,6,2004,120000,2026,4,2,중개거래
관악구,신림동,힐스테이트뉴포레,59.9986,15,2022,125000,2026,4,2,중개거래
관악구,봉천동,보라매삼성,84.84,3,1996,104000,2026,4,1,중개거래
관악구,봉천동,두산,114.99,7,2000,130000,2026,4,1,중개거래
관악구,신림동,신림푸르지오,114.84,1,2005,96000,2026,4,1,중개거래
관악구,봉천동,관악푸르지오,59.58,14,2004,109300,2026,4,1,중개거래
서초구,서초동,서초이오빌,45.96,15,2003,38500,2026,4,30,중개거래
서초구,서초동,서초그랑자이,119.41,5,2021,465000,2026,4,29,중개거래
서초구,반포동,래미안퍼스티지,198.04,7,2009,781000,2026,4,29,중개거래
서초구,반포동,디에이치반포라클라스,59.9897,26,2021,358000,2026,4,28,중개거래
서초구,반포동,선데일,255.4,5,2006,320000,2026,4,25,중개거래
서초구,반포동,반포리체,84.967,27,2010,400000,2026,4,27,중개거래
서초구,방배동,방배대우디오빌,29.6,16,2005,29000,2026,4,30,중개거래
서초구,방배동,롯데캐슬헤론,95.66,8,2006,215000,2026,4,25,중개거래
서초구,잠원동,신반포12,105.36,4,1982,380000,2026,4,29,중개거래
서초구,서초동,서초그랑자이,84.51,17,2021,385000,2026,4,30,중개거래
서초구,서초동,삼풍아파트,130.73,7,1988,425000,2026,4,28,중개거래
서초구,서초동,서초자이르네,84.97,9,2022,215000,2026,4,30,중개거래
서초구,잠원동,신반포16,52.58,2,1983,187055,2026,4,24,직거래
서초구,서초동,서초그랑자이,84.51,32,2021,400000,2026,4,29,중개거래
서초구,잠원동,메이플자이,99.7128,17,2025,537000,2026,4,25,중개거래
서초구,잠원동,동아,84.91,7,2002,345000,2026,4,30,중개거래
서초구,서초동,서초그랑자이,59.98,5,2021,320000,2026,4,30,중개거래
서초구,잠원동,래미안신반포리오센트,133.37,5,2019,495000,2026,4,25,중개거래
서초구,방배동,한신트리플,43.93,8,2004,46000,2026,4,25,중개거래
서초구,방배동,서리풀e편한세상,121.48,5,2010,343000,2026,4,13,중개거래
서초구,방배동,쌍용예가클래식,155.2314,5,2006,279000,2026,4,24,중개거래
서초구,잠원동,한신타워,59.81,12,1996,255000,2026,4,29,중개거래
서초구,방배동,방배3차e-편한세상,244.8796,8,2006,500000,2026,4,21,중개거래
서초구,서초동,서초푸르지오써밋,84.93,4,2017,345000,2026,4,30,중개거래
서초구,방배동,임광,136.38,4,1985,270000,2026,4,27,중개거래
서초구,방배동,대림e-편한세상1,164.25,8,2003,278000,2026,4,21,중개거래
서초구,우면동,대림,130.89,2,1995,186000,2026,4,22,중개거래
서초구,서초동,서초래미안,111.32,15,2003,332000,2026,4,22,중개거래
서초구,서초동,롯데캐슬클래식,120.18,17,2006,348000,2026,4,25,중개거래
서초구,잠원동,신반포19,107.93,6,1982,350000,2026,4,15,중개거래
서초구,서초동,풍림아이원플러스,34.4237,8,2004,34500,2026,4,27,중개거래
서초구,반포동,반포자이,165.052,6,2009,640000,2026,4,25,중개거래
서초구,반포동,반포리체,106.148,30,2010,430000,2026,4,17,중개거래
서초구,반포동,래미안원베일리,84.98,19,2023,563000,2026,4,30,중개거래
서초구,잠원동,아크로리버뷰신반포,84.79,20,2018,600000,2026,4,22,중개거래
서초구,반포동,래미안퍼스티지,59.96,4,2009,420000,2026,4,23,중개거래
서초구,반포동,래미안퍼스티지,84.93,22,2009,490000,2026,4,29,중개거래
서초구,잠원동,메이플자이,84.8456,25,2025,505000,2026,4,20,중개거래
서초구,서초동,두산위브(1362),57.15,8,2005,95000,2026,4,30,중개거래
서초구,방배동,성지라빌레뜨B,244.72,1,2005,380000,2026,4,15,중개거래
서초구,양재동,양재파크뷰,84.99,3,2002,117000,2026,4,24,중개거래
서초구,방배동,방배동동양파라곤,198.42,10,2004,285000,2026,4,23,중개거래
서초구,반포동,현대동궁아파트,70.38,10,1991,280000,2026,4,30,중개거래
서초구,서초동,롯데캐슬클래식,84.98,6,2006,320000,2026,4,17,중개거래
서초구,잠원동,신반포자이,114.94,12,2018,529000,2026,4,25,중개거래
서초구,방배동,임광,84.78,4,1985,245500,2026,4,20,중개거래
서초구,잠원동,신반포12,75.79,12,1982,375000,2026,4,25,중개거래
서초구,방배동,방배그랑자이,84.972,18,2021,314000,2026,4,30,중개거래
서초구,잠원동,동아,84.91,17,2002,380000,2026,4,21,중개거래
서초구,반포동,래미안퍼스티지,84.93,18,2009,500000,2026,4,11,중개거래
서초구,서초동,삼풍아파트,79.47,11,1988,320000,2026,4,14,중개거래
서초구,반포동,래미안원베일리,101.94,12,2023,700000,2026,4,18,중개거래
서초구,서초동,유원서초,84.82,7,1993,260000,2026,4,16,중개거래
서초구,잠원동,반포센트럴자이,98.99,2,2020,480000,2026,4,13,중개거래
서초구,서초동,래미안 리더스원,59.96,17,2020,310000,2026,4,8,중개거래
서초구,서초동,삼풍아파트,79.47,10,1988,330000,2026,4,21,중개거래
서초구,잠원동,래미안신반포팰리스,104.04,20,2016,444500,2026,4,20,중개거래
서초구,서초동,서초푸르지오써밋,84.93,12,2017,350000,2026,4,20,중개거래
서초구,서초동,서초극동스타클래스,110.72,1,2003,196000,2026,4,28,중개거래
서초구,신원동,서초포레스타5단지,84.41,2,2014,198000,2026,4,25,중개거래
서초구,반포동,반포써밋,59.3264,27,2018,320000,2026,4,23,중개거래
서초구,서초동,서초쌍용플래티넘,68.21,20,2006,92700,2026,4,27,중개거래
서초구,잠원동,한신로얄,81.05,10,1992,285000,2026,4,20,중개거래
서초구,잠원동,한신타워,59.81,11,1996,216000,2026,4,24,직거래
서초구,방배동,서리풀프라젠아파트,78.19,5,2020,170000,2026,4,18,중개거래
서초구,서초동,서초센트럴IPARK,80.5332,19,2020,218000,2026,4,30,중개거래
서초구,서초동,래미안 리더스원,59.97,14,2020,309000,2026,4,29,중개거래
서초구,반포동,래미안퍼스티지,59.89,24,2009,400000,2026,4,25,중개거래
서초구,반포동,반포푸르지오,84.82,8,2000,301000,2026,4,23,중개거래
서초구,잠원동,강변,66.29,15,1987,270000,2026,4,18,중개거래
서초구,방배동,방배대우유로카운티,216.15,6,2002,400000,2026,4,8,중개거래
서초구,서초동,유원서초,84.82,9,1993,248000,2026,4,11,중개거래
서초구,방배동,방배중앙센트레빌,59.873,4,2021,125000,2026,4,25,직거래
서초구,서초동,래미안 리더스원,59.96,25,2020,292000,2026,4,20,중개거래
서초구,방배동,현대멤피스,159.47,8,2001,285000,2026,4,30,중개거래
서초구,서초동,상지리츠빌(6),143.78,2,2004,205000,2026,4,20,직거래
서초구,잠원동,대우아이빌,34.72,3,2001,64000,2026,4,28,중개거래
서초구,방배동,디오수페리움2,45.34,5,2006,74500,2026,4,25,중개거래
서초구,반포동,반포힐스테이트,59.7,5,2012,355000,2026,4,25,중개거래
서초구,방배동,래미안방배아트힐(1008-2),127.61,12,2004,195000,2026,4,28,중개거래
서초구,서초동,서초래미안,126.31,23,2003,330000,2026,4,22,중개거래
서초구,서초동,풍림아이원플러스,28.666,15,2004,28400,2026,4,28,중개거래
서초구,서초동,래미안 리더스원,59.97,20,2020,307000,2026,4,27,중개거래
서초구,잠원동,신반포2,92.2,11,1978,502000,2026,4,24,중개거래
서초구,잠원동,반포르엘,121.6097,15,2022,560000,2026,4,29,중개거래
서초구,서초동,더샵서초,30.39,31,2006,58000,2026,4,25,중개거래
서초구,서초동,서초이오빌,43.2,14,2003,40000,2026,4,11,중개거래
서초구,서초동,서초이오빌,43.2,4,2003,36000,2026,4,6,중개거래
서초구,양재동,우성,84.58,15,1991,212000,2026,4,18,중개거래
서초구,반포동,래미안원베일리,84.98,18,2023,585000,2026,4,27,중개거래
서초구,서초동,현대이에스에이아파트,116.04,8,2002,160000,2026,4,30,중개거래
서초구,방배동,방배대우디오빌,28.84,14,2005,26500,2026,4,30,중개거래
서초구,방배동,방배대우멤버스카운티(809-17),125.52,4,2003,185000,2026,4,23,중개거래
서초구,잠원동,한신그린,84.89,7,1993,280000,2026,4,13,중개거래
서초구,잠원동,신반포25,84.49,13,1984,372500,2026,4,25,중개거래
서초구,서초동,래미안 리더스원,59.97,16,2020,290000,2026,4,23,중개거래
서초구,방배동,방배마에스트로,35.37,22,2019,76000,2026,4,29,중개거래
서초구,우면동,코오롱,52.47,1,1994,156000,2026,4,27,중개거래
서초구,방배동,비욘디에,160.03,3,2002,180000,2026,4,30,중개거래
서초구,서초동,두산위브(1362),73.08,9,2005,125500,2026,4,22,중개거래
서초구,반포동,쏠레뉴,115.92,5,2004,191000,2026,4,28,중개거래
서초구,잠원동,메이플자이,84.2537,12,2025,501000,2026,4,29,중개거래
서초구,우면동,호반써밋서초파크,51.89,15,2013,150000,2026,4,29,중개거래
서초구,서초동,서초2차e-편한세상,116.745,11,2005,250000,2026,4,29,중개거래
서초구,서초동,롯데캐슬클래식,84.98,16,2006,290000,2026,4,29,중개거래
서초구,서초동,래미안 리더스원,84.93,7,2020,380000,2026,4,20,중개거래
서초구,방배동,방배디오슈페리움Ⅰ,125.79,16,2006,197000,2026,4,29,중개거래
서초구,우면동,서초네이처힐3단지,114.79,12,2013,220000,2026,4,9,중개거래
서초구,서초동,삼풍아파트,79.47,13,1988,315000,2026,4,29,중개거래
서초구,반포동,반포자이,59.98,5,2009,365000,2026,4,29,중개거래
서초구,방배동,프레스턴(1-62),213.81,3,2005,280000,2026,4,4,중개거래
서초구,방배동,임광,136.38,3,1985,275000,2026,4,18,중개거래
서초구,잠원동,신반포청구,59.91,9,1998,280000,2026,4,27,중개거래
서초구,우면동,한라,59.98,1,1994,150000,2026,4,29,중개거래
서초구,반포동,반포리체,59.993,13,2010,341000,2026,4,20,중개거래
서초구,방배동,방배임광3차,79.8,6,1988,215000,2026,4,21,중개거래
서초구,방배동,현대멤피스,133.31,6,2001,221500,2026,4,29,직거래
서초구,서초동,삼풍아파트,79.47,12,1988,335000,2026,4,28,중개거래
서초구,방배동,롯데캐슬아르떼,121.6356,13,2013,348000,2026,4,28,중개거래
서초구,서초동,래미안 리더스원,59.97,17,2020,305000,2026,4,7,중개거래
서초구,우면동,한라,59.98,1,1994,150000,2026,4,28,중개거래
서초구,서초동,서초노블레스아파트,27.57,11,2019,52000,2026,4,18,중개거래
서초구,반포동,래미안퍼스티지,59.96,6,2009,402000,2026,4,6,중개거래
서초구,서초동,래미안서초유니빌,36.838,17,2003,41500,2026,4,28,중개거래
서초구,서초동,서초8차상지리츠빌,141.12,2,2006,205000,2026,4,27,중개거래
서초구,잠원동,메이플자이,84.8456,32,2025,540000,2026,4,16,중개거래
서초구,잠원동,신반포20,143.95,10,1983,420000,2026,4,18,중개거래
서초구,서초동,밀라텔쉐르빌,46.28,6,2001,58000,2026,4,22,중개거래
서초구,방배동,방배대우디오빌,29.6,10,2005,26900,2026,4,22,중개거래
서초구,서초동,아크로비스타,174.78,32,2004,360000,2026,4,27,중개거래
서초구,방배동,방배그랑자이,84.972,9,2021,318000,2026,4,27,중개거래
서초구,서초동,현대이에스에이아파트,116.04,7,2002,150000,2026,4,16,중개거래
서초구,잠원동,신반포2,92.2,5,1978,495000,2026,4,24,중개거래
서초구,방배동,한화엘르빌,189.09,1,2001,193000,2026,4,21,중개거래
서초구,잠원동,신반포2,107.31,4,1978,550000,2026,4,22,중개거래
서초구,양재동,신영체르니,39.1,6,2002,61000,2026,4,22,중개거래
서초구,우면동,서초네이처힐1단지,114.71,5,2012,175000,2026,4,27,중개거래
서초구,서초동,롯데캐슬클래식,120.18,6,2006,340000,2026,4,17,중개거래
서초구,서초동,서초4현대,116.49,16,2000,225500,2026,4,17,중개거래
서초구,방배동,훼미리타운,41.05,4,2012,57000,2026,4,5,중개거래
서초구,서초동,삼환바우스,84.74,13,2006,139000,2026,4,27,중개거래
서초구,잠원동,신반포12,55.45,9,1982,163750,2026,4,27,직거래
서초구,서초동,우성아파트,76.67,3,1998,245000,2026,4,10,중개거래
서초구,서초동,래미안 리더스원,74.9,20,2020,340000,2026,4,11,중개거래
서초구,반포동,반포리체,84.967,27,2010,428000,2026,4,26,중개거래
서초구,잠원동,동아,59.8,6,2002,290000,2026,4,25,중개거래
서초구,양재동,강남월드메르디앙프레스티지,43.28,5,2022,82000,2026,4,25,중개거래
서초구,서초동,서초한일유앤아이주상복합,96.65,8,2007,149000,2026,4,17,중개거래
서초구,잠원동,반포르엘2차,100.9605,26,2022,490000,2026,4,25,중개거래
서초구,서초동,삼풍아파트,79.47,1,1988,310000,2026,4,25,중개거래
서초구,반포동,반포래미안아이파크,99.92,23,2018,447000,2026,4,22,중개거래
서초구,우면동,한라,59.98,4,1994,159000,2026,4,25,중개거래
서초구,방배동,삼성래미안1,114.94,4,2003,218500,2026,4,24,중개거래
서초구,서초동,서초동삼성쉐르빌2,35.22,17,2002,30000,2026,4,4,중개거래
서초구,방배동,방배씨티(보성),74.16,4,2000,149000,2026,4,16,중개거래
서초구,서초동,래미안서초스위트,84.9722,6,2009,284000,2026,4,24,중개거래
서초구,반포동,래미안퍼스티지,168.65,13,2009,700000,2026,4,20,중개거래
서초구,서초동,서초한신,85,1,2001,170000,2026,4,23,중개거래
서초구,반포동,래미안원베일리,84.93,31,2023,595000,2026,4,23,중개거래
서초구,양재동,신영체르니,39.1,7,2002,60000,2026,4,6,중개거래
서초구,방배동,프리우스,73.25,7,2004,132000,2026,4,18,중개거래
서초구,서초동,래미안 리더스원,59.97,15,2020,302000,2026,4,6,중개거래
서초구,서초동,서초노블레스아파트,29.47,11,2019,48000,2026,4,23,직거래
서초구,잠원동,반포센트럴자이,98.96,32,2020,513000,2026,4,22,중개거래
서초구,방배동,동부센트레빌,134.04,20,2004,300000,2026,4,22,중개거래
서초구,반포동,반포훼미리(102동),84.74,9,2003,160000,2026,4,23,중개거래
서초구,잠원동,신반포2,107.31,7,1978,565000,2026,4,23,중개거래
서초구,잠원동,신반포2,137.66,7,1978,652000,2026,4,17,중개거래
서초구,잠원동,메이플자이,84.8456,34,2025,525000,2026,4,22,중개거래
서초구,방배동,대림e-편한세상1,164.25,2,2003,282000,2026,4,10,중개거래
서초구,반포동,반포미도2차아파트,71.49,9,1989,300000,2026,4,2,중개거래
서초구,잠원동,동아,59.92,5,2002,290000,2026,4,21,중개거래
서초구,반포동,엠브이아파트,59.82,14,1994,190000,2026,4,22,중개거래
서초구,잠원동,대우아이빌,27.07,4,2001,49000,2026,4,22,중개거래
서초구,양재동,신영체르니,39.1,4,2002,60000,2026,4,1,중개거래
서초구,방배동,방배임광3차,51.84,9,1988,172500,2026,4,17,중개거래
서초구,반포동,아크로리버파크,84.95,10,2016,600000,2026,4,22,중개거래
서초구,잠원동,메이플자이,84.2537,25,2025,510000,2026,4,2,중개거래
서초구,서초동,한라비발디스튜디오193,32.98,11,2013,36000,2026,4,11,중개거래
서초구,서초동,서초삼성래미안,121.66,15,2001,280000,2026,4,3,중개거래
서초구,잠원동,한신,84.52,6,1992,345000,2026,4,3,중개거래
서초구,반포동,반포에스케이뷰,213.15,14,2006,343000,2026,4,22,직거래
서초구,양재동,광정,75.8,2,2004,78000,2026,4,6,중개거래
서초구,반포동,반포푸르지오,84.82,9,2000,309500,2026,4,11,중개거래
서초구,반포동,한신서래,64.53,1,1987,268000,2026,4,22,중개거래
서초구,방배동,방배신삼호,164.97,8,1983,400000,2026,4,22,직거래
서초구,잠원동,한신로얄,81.05,9,1992,272000,2026,4,4,중개거래
서초구,반포동,엠브이아파트,59.82,9,1994,180000,2026,4,19,중개거래
서초구,우면동,한라,59.98,1,1994,155000,2026,4,21,중개거래
서초구,서초동,현대이에스에이아파트,163.95,4,2002,185000,2026,4,17,중개거래
서초구,방배동,현대멤피스,133.31,4,2001,250000,2026,4,18,중개거래
서초구,방배동,삼성래미안1,59.9,9,2003,170000,2026,4,21,중개거래
서초구,잠원동,신반포27,53.46,9,1985,270000,2026,4,21,중개거래
서초구,신원동,서초포레스타3단지,114.81,11,2014,200000,2026,4,11,중개거래
서초구,잠원동,래미안신반포팰리스,133.02,3,2016,525000,2026,4,10,중개거래
서초구,반포동,반포래미안아이파크,150.96,13,2018,590000,2026,4,21,중개거래
서초구,내곡동,서초포레스타2단지,59.09,18,2015,165000,2026,4,11,중개거래
서초구,반포동,반포자이,216.49,10,2009,750000,2026,4,14,중개거래
서초구,서초동,서초자연인아파트(102동),27.73,8,2013,28000,2026,4,6,중개거래
서초구,서초동,우성아파트,59.93,11,1998,130500,2026,4,17,직거래
서초구,잠원동,월드메르디앙,84.78,2,2002,209000,2026,4,7,중개거래
서초구,서초동,더샵서초,33.06,29,2006,62500,2026,4,11,중개거래
서초구,서초동,서초한양수자인,84.88,9,2013,145000,2026,4,10,중개거래
서초구,방배동,삼환나띠르빌(1002-10),92.93,6,2003,150500,2026,4,15,중개거래
서초구,서초동,아크로비스타,138.96,25,2004,320000,2026,4,18,중개거래
서초구,서초동,서초현대,53.01,5,1999,155000,2026,4,12,중개거래
서초구,반포동,디에이치반포라클라스,115.943,19,2021,536000,2026,4,14,중개거래
서초구,잠원동,킴스빌리지,30.18,13,1996,150000,2026,4,19,중개거래
서초구,잠원동,신반포청구,59.91,11,1998,268200,2026,4,18,중개거래
서초구,방배동,방배그랑자이,84.972,3,2021,332500,2026,4,14,중개거래
서초구,잠원동,킴스빌리지,30.9,4,1996,150000,2026,4,18,중개거래
서초구,우면동,한라,59.98,6,1994,155500,2026,4,18,중개거래
서초구,방배동,방배우성,84.95,1,1991,198000,2026,4,17,중개거래
서초구,잠원동,대우아이빌,35.38,6,2001,63200,2026,4,18,중개거래
서초구,방배동,방배대우(562-1),84.67,7,1992,177000,2026,4,18,중개거래
서초구,방배동,방배대우디오빌,29.6,8,2005,30000,2026,4,18,중개거래
서초구,서초동,유원서초,84.82,14,1993,273000,2026,4,17,중개거래
서초구,방배동,방배디오슈페리움Ⅰ,125.79,12,2006,184000,2026,4,17,중개거래
서초구,서초동,현대아파트,84.34,5,1989,245000,2026,4,13,중개거래
서초구,방배동,방배디오슈페리움Ⅰ,84.46,20,2006,175000,2026,4,12,중개거래
서초구,서초동,래미안서초에스티지,101.55,6,2016,355000,2026,4,9,중개거래
서초구,서초동,서초1차e-편한세상,130.53,2,2004,277500,2026,4,15,중개거래
서초구,서초동,더샵서초,33.06,25,2006,60000,2026,4,16,중개거래
서초구,반포동,신성리더스카운티,167.47,2,2003,185000,2026,4,16,중개거래
서초구,서초동,"마제스타시티(힐스테이트서리풀101,102동)",59.97,6,2017,200000,2026,4,16,중개거래
서초구,서초동,서초센트럴IPARK,80.5332,13,2020,196000,2026,4,16,중개거래
서초구,반포동,반포자이,84.943,5,2009,460000,2026,4,9,중개거래
서초구,방배동,방배그랑자이,84.972,13,2021,343000,2026,4,4,중개거래
서초구,방배동,방배디오슈페리움Ⅰ,125.79,21,2006,189000,2026,4,14,중개거래
서초구,서초동,진흥아파트,101.32,12,1979,317000,2026,4,17,중개거래
서초구,반포동,엠브이아파트,83.4,4,1994,218000,2026,4,16,중개거래
서초구,내곡동,서초더샵포레,114.68,2,2014,200000,2026,4,10,중개거래
서초구,서초동,서초롯데캐슬프레지던트,149.45,6,2014,330000,2026,4,18,중개거래
서초구,방배동,방배우성,80.2,10,1991,200000,2026,4,9,중개거래
서초구,방배동,방배디오슈페리움Ⅰ,84.46,6,2006,173000,2026,4,15,중개거래
서초구,방배동,효산빌라트,83.95,2,2003,140000,2026,4,8,중개거래
서초구,반포동,엠브이아파트,59.82,18,1994,187000,2026,4,7,중개거래
서초구,서초동,서초그랑자이,59.98,31,2021,355000,2026,4,20,중개거래
서초구,서초동,더샵서초,33.06,24,2006,63000,2026,4,4,중개거래
서초구,방배동,방배임광3차,65.85,2,1988,87000,2026,4,13,직거래
서초구,양재동,우성,73.15,8,1991,200000,2026,4,2,중개거래
서초구,반포동,반포자이,194.515,6,2009,730000,2026,4,9,중개거래
서초구,서초동,서초파라곤,84.98,12,2005,131500,2026,4,7,중개거래
서초구,방배동,방배우성,117.19,10,1991,265000,2026,4,11,중개거래
서초구,서초동,대림서초리시온,49.79,13,2003,60000,2026,4,14,중개거래
서초구,서초동,서초극동스타클래스,84.3,3,2003,170000,2026,4,4,중개거래
서초구,서초동,풍림아이원플러스,27.643,13,2004,28000,2026,4,14,중개거래
서초구,방배동,삼성래미안1,114.94,4,2003,203000,2026,4,13,중개거래
서초구,방배동,임광,84.78,11,1985,243000,2026,4,13,중개거래
서초구,방배동,삼성래미안1,84.91,7,2003,199500,2026,4,7,중개거래
서초구,서초동,서초동아타워,142.31,12,1996,150000,2026,4,3,중개거래
서초구,반포동,래미안원베일리,84.95,3,2023,545000,2026,4,10,중개거래
서초구,방배동,서리풀e편한세상,84.97,3,2010,250000,2026,4,10,직거래
서초구,잠원동,신반포2,68.91,11,1978,410000,2026,4,10,중개거래
서초구,잠원동,한신,84.52,2,1992,325000,2026,4,2,중개거래
서초구,반포동,디에이치반포라클라스,59.9928,14,2021,347000,2026,4,10,중개거래
서초구,잠원동,킴스빌리지,30.9,3,1996,148000,2026,4,13,중개거래
서초구,잠원동,동아,84.91,14,2002,369000,2026,4,10,중개거래
서초구,방배동,한신트리플,39.31,3,2004,31000,2026,4,12,직거래
서초구,방배동,방배씨티(보성),74.16,2,2000,138000,2026,4,4,중개거래
서초구,서초동,현대ESA2,136.25,4,2003,205000,2026,4,11,중개거래
서초구,방배동,방배래미안타워,103.34,4,2005,223000,2026,4,11,중개거래
서초구,반포동,반포자이,194.515,3,2009,650000,2026,4,11,중개거래
서초구,방배동,방배우성,117.19,11,1991,249000,2026,4,4,중개거래
서초구,양재동,우성,73.15,2,1991,199000,2026,4,10,중개거래
서초구,서초동,아남,71.1,3,1989,193000,2026,4,10,중개거래
서초구,잠원동,신반포16,52.32,7,1983,207119,2026,4,3,직거래
서초구,반포동,엠브이아파트,83.4,14,1994,201000,2026,4,8,중개거래
서초구,반포동,반포리체,106.148,24,2010,420000,2026,4,15,중개거래
서초구,서초동,서초래미안,111.32,6,2003,330000,2026,4,11,중개거래
서초구,방배동,서리풀e편한세상,84.97,12,2010,301000,2026,4,4,중개거래
서초구,서초동,삼풍아파트,79.47,4,1988,306000,2026,4,7,중개거래
서초구,서초동,우성아파트,84.93,22,1998,258500,2026,4,8,중개거래
서초구,잠원동,반포센트럴자이,98.87,27,2020,500000,2026,4,1,중개거래
서초구,방배동,방배CJ나인빌1차,137.3,4,2005,185000,2026,4,8,중개거래
서초구,반포동,몽마르뜨빌(577-3),73.56,1,2002,97000,2026,4,8,중개거래
서초구,방배동,한신트리플,39.31,9,2004,31000,2026,4,7,직거래
서초구,서초동,서초5차e편한세상,158.24,13,2005,258000,2026,4,6,직거래
서초구,잠원동,한신타워,59.4,14,1996,255000,2026,4,7,중개거래
서초구,잠원동,킴스빌리지,30.9,15,1996,149800,2026,4,7,중개거래
서초구,서초동,서초동삼성쉐르빌2,35.22,3,2002,25000,2026,4,7,중개거래
서초구,양재동,우성,73.15,12,1991,200000,2026,4,6,중개거래
서초구,잠원동,대우아이빌,34.72,9,2001,67800,2026,4,4,중개거래
서초구,방배동,방배1차현대홈타운,59.94,17,1999,210000,2026,4,2,중개거래
서초구,양재동,양재테크노2차,114.38,1,2002,84000,2026,4,4,중개거래
서초구,반포동,아크로리버파크,84.95,31,2016,530000,2026,4,4,중개거래
서초구,서초동,유원서초,84.82,1,1993,240000,2026,4,4,중개거래
서초구,반포동,반포래미안아이파크,84.93,7,2018,420000,2026,4,4,중개거래
서초구,우면동,대림,130.89,8,1995,219000,2026,4,2,중개거래
서초구,신원동,힐스테이트서초젠트리스,84.95,6,2014,200000,2026,4,4,중개거래
서초구,방배동,방배1차현대홈타운,59.94,18,1999,223000,2026,4,4,중개거래
서초구,잠원동,신반포청구,84.86,8,1998,290000,2026,4,4,중개거래
서초구,반포동,디에이치반포라클라스,50.9833,15,2021,279000,2026,4,3,중개거래
서초구,우면동,한라,59.98,5,1994,151500,2026,4,2,중개거래
서초구,서초동,아크로비스타,161.94,4,2004,350000,2026,4,22,중개거래
서초구,양재동,그린씨티아파트1,84.25,4,2003,128000,2026,4,1,중개거래
서초구,반포동,아크로리버파크,129.97,15,2016,850000,2026,4,1,중개거래
강남구,역삼동,풍림지오빌,42.69,3,2002,47000,2026,4,30,직거래
강남구,압구정동,신현대12차,182.95,7,1982,1100000,2026,4,29,중개거래
강남구,일원동,상록수,74.54,2,1993,265000,2026,4,30,중개거래
강남구,청담동,청담건영,84.595,3,1994,320000,2026,4,30,중개거래
강남구,도곡동,도곡렉슬,120.8233,18,2006,395000,2026,4,30,중개거래
강남구,역삼동,역삼디오슈페리움,84.92,20,2006,135000,2026,4,27,중개거래
강남구,대치동,"쌍용대치아파트1동,2동,3동,5동,6동",128.03,2,1983,390000,2026,4,24,중개거래
강남구,일원동,상록수,74.54,2,1993,215000,2026,4,27,직거래
강남구,개포동,개포자이프레지던스,132.8195,12,2023,550000,2026,4,29,중개거래
강남구,개포동,개포래미안포레스트,96.93,10,2020,355500,2026,4,28,중개거래
강남구,개포동,개포래미안포레스트,74.66,3,2020,287000,2026,4,26,중개거래
강남구,삼성동,미켈란147,84.77,9,2004,165500,2026,4,25,중개거래
강남구,도곡동,타워팰리스1,137.24,44,2002,415000,2026,4,24,중개거래
강남구,역삼동,개나리푸르지오,132.8355,12,2006,388000,2026,4,26,중개거래
강남구,일원동,한솔마을,84.73,1,1994,270000,2026,4,24,중개거래
강남구,개포동,디에이치아너힐즈,84.6348,9,2019,347000,2026,4,30,중개거래
강남구,개포동,개포래미안포레스트,96.93,10,2020,355500,2026,4,28,중개거래
강남구,논현동,신동아(22),35.73,5,1997,136000,2026,4,22,중개거래
강남구,개포동,개포자이프레지던스,84.5978,27,2023,385500,2026,4,29,중개거래
강남구,대치동,한보미도맨션1,84.48,7,1983,391000,2026,4,27,중개거래
강남구,삼성동,삼성동롯데캐슬킹덤,170.8,5,2005,380000,2026,4,27,중개거래
강남구,개포동,개포래미안포레스트,59.92,12,2020,267000,2026,4,25,중개거래
강남구,개포동,개포자이프레지던스,59.8363,18,2023,287500,2026,4,9,중개거래
강남구,개포동,래미안블레스티지,59.967,2,2019,265000,2026,4,29,중개거래
강남구,삼성동,LG선릉에클라트(A),36.16,2,2003,29000,2026,4,22,중개거래
강남구,개포동,디에이치아너힐즈,84.3558,23,2019,353500,2026,4,29,중개거래
강남구,대치동,선릉역대우아이빌(890-49),28.34,15,2004,24000,2026,4,29,중개거래
강남구,수서동,까치마을,49.5,15,1993,190000,2026,4,30,중개거래
강남구,청담동,청담자이,49.639,8,2011,260000,2026,4,29,중개거래
강남구,도곡동,도곡렉슬,59.9772,12,2006,278000,2026,4,24,중개거래
강남구,개포동,개포래미안포레스트,59.92,10,2020,268000,2026,4,29,중개거래
강남구,논현동,마일스디오빌,36.29,15,2004,25000,2026,4,30,직거래
강남구,압구정동,신현대12차,121.18,3,1982,670000,2026,4,2,중개거래
강남구,도곡동,한신(개포),52.72,8,1985,302500,2026,4,20,중개거래
강남구,개포동,개포래미안포레스트,59.92,4,2020,268000,2026,4,22,중개거래
강남구,압구정동,"현대14차(203,204,205,206동)",84.98,9,1987,585000,2026,4,18,중개거래
강남구,도곡동,도곡렉슬,59.9818,16,2006,276000,2026,4,25,중개거래
강남구,개포동,개포래미안포레스트,59.92,13,2020,268000,2026,4,18,중개거래
강남구,개포동,개포래미안포레스트,102.32,20,2020,375000,2026,4,18,중개거래
강남구,개포동,개포우성3차,104.43,9,1984,299000,2026,4,20,중개거래
강남구,자곡동,래미안강남힐즈,101.54,1,2014,215000,2026,4,27,중개거래
강남구,자곡동,래미안강남힐즈,91.96,6,2014,220000,2026,4,30,중개거래
강남구,개포동,디에이치아너힐즈,131.3226,6,2019,582500,2026,4,20,중개거래
강남구,논현동,신동아(22),35.73,12,1997,137000,2026,4,20,중개거래
강남구,세곡동,강남데시앙파크,114.69,8,2011,170000,2026,4,27,중개거래
강남구,개포동,개포자이프레지던스,59.9751,25,2023,290000,2026,4,30,중개거래
강남구,대치동,은마,84.43,12,1979,400000,2026,4,30,중개거래
강남구,도곡동,타워팰리스2,115.63,16,2003,350000,2026,4,29,중개거래
강남구,압구정동,현대3차(61~64동),82.5,1,1976,462500,2026,4,28,중개거래
강남구,대치동,한보미도맨션1,128.01,11,1983,470000,2026,4,29,중개거래
강남구,개포동,개포자이프레지던스,59.9751,15,2023,282000,2026,4,22,중개거래
강남구,도곡동,럭키(963),84.97,6,1995,259500,2026,4,29,중개거래
강남구,대치동,대치아이파크,84.93,21,2008,360000,2026,4,22,중개거래
강남구,역삼동,브라운스톤역삼,59.96,4,2004,107500,2026,4,19,중개거래
강남구,압구정동,신현대12차,170.38,1,1982,830000,2026,4,27,중개거래
강남구,압구정동,신현대11차,170.81,9,1983,850000,2026,4,22,중개거래
강남구,삼성동,우림루미아트,127.18,1,2005,240000,2026,4,26,중개거래
강남구,대치동,한보미도맨션2,84.96,1,1985,370000,2026,4,22,중개거래
강남구,압구정동,미성2차,74.4,3,1987,420000,2026,4,22,중개거래
강남구,삼성동,롯데캐슬프레미어,122.485,20,2007,377000,2026,4,24,중개거래
강남구,개포동,개포래미안포레스트,49.92,4,2020,242000,2026,4,25,중개거래
강남구,압구정동,신현대12차,170.38,9,1982,850000,2026,4,13,중개거래
강남구,개포동,디에이치아너힐즈,106.9845,23,2019,450000,2026,4,18,중개거래
강남구,대치동,대치현대,101.6,8,1999,322500,2026,4,24,중개거래
강남구,도곡동,현대비젼21,35.48,13,1999,40000,2026,4,30,중개거래
강남구,도곡동,한신엠비씨,84.74,8,1988,256000,2026,4,22,중개거래
강남구,수서동,까치마을,39.6,2,1993,150000,2026,4,30,중개거래
강남구,역삼동,e-편한세상,59.947,15,2005,280000,2026,4,11,중개거래
강남구,대치동,대치현대,85,2,1999,285000,2026,4,21,중개거래
강남구,자곡동,강남한양수자인(4단지),114.32,4,2014,175000,2026,4,17,중개거래
강남구,도곡동,아카데미스위트1,122.07,38,2004,270000,2026,4,17,중개거래
강남구,자곡동,강남한양수자인(4단지),101.4,4,2014,215000,2026,4,3,중개거래
강남구,역삼동,래미안펜타빌,158.58,7,2007,368000,2026,4,23,중개거래
강남구,대치동,테헤란로대우아이빌(891-6),35.61,23,2004,30000,2026,4,28,중개거래
강남구,개포동,성원대치2단지아파트,33.18,14,1992,149500,2026,4,25,중개거래
강남구,역삼동,역삼푸르지오,59.8848,23,2006,258000,2026,4,18,중개거래
강남구,역삼동,테헤란아이파크,70.8333,7,2014,290000,2026,4,20,중개거래
강남구,대치동,대치한신휴플러스,84.99,4,2005,195000,2026,4,22,중개거래
강남구,도곡동,한신엠비씨,84.74,6,1988,250000,2026,4,11,중개거래
강남구,압구정동,"현대2차(10,11,20,23,24,25동)",196.85,10,1976,1100000,2026,4,28,중개거래
강남구,압구정동,신현대11차,171.43,13,1983,850000,2026,4,17,중개거래
강남구,압구정동,신현대11차,183.41,4,1983,900000,2026,4,29,중개거래
강남구,압구정동,현대8차(성수현대:91~95동),163.67,4,1980,680000,2026,4,21,중개거래
강남구,대치동,삼환SOGOOD,84.93,5,2006,183500,2026,4,29,중개거래
강남구,삼성동,미켈란107,83,7,2003,204000,2026,4,29,중개거래
강남구,역삼동,대우디오빌플러스,43.99,8,2004,40000,2026,4,15,중개거래
강남구,역삼동,대우디오빌,30.03,17,2002,25000,2026,4,21,중개거래
강남구,자곡동,래미안포레,84.99,2,2014,193500,2026,4,21,중개거래
강남구,대치동,테헤란로대우아이빌(891-6),33.11,12,2004,35000,2026,4,20,중개거래
강남구,개포동,개포더샵트리에,107.1324,5,2021,265000,2026,4,13,중개거래
강남구,청담동,진흥아파트,109.31,6,1984,362000,2026,4,27,중개거래
강남구,개포동,래미안블레스티지,113.732,18,2019,403000,2026,4,21,중개거래
강남구,논현동,신동아(22),84.52,11,1997,239000,2026,4,29,중개거래
강남구,도곡동,아카데미스위트1,122.07,7,2004,240000,2026,4,21,중개거래
강남구,역삼동,역삼푸르지오,59.8848,7,2006,260000,2026,4,22,중개거래
강남구,삼성동,래미안삼성1차(105-0),181.51,6,2005,427000,2026,4,30,중개거래
강남구,청담동,청담스위트,13.425,6,2015,13900,2026,4,21,직거래
강남구,삼성동,삼성동힐스테이트 1단지,84.236,6,2008,325000,2026,4,21,중개거래
강남구,도곡동,도곡렉슬,59.9818,15,2006,280000,2026,4,29,중개거래
강남구,청담동,삼환(101동),57.78,10,1999,145000,2026,4,21,중개거래
강남구,도곡동,아카데미스위트1,122.07,29,2004,275000,2026,4,15,중개거래
강남구,삼성동,삼성동센트럴아이파크,84.98,29,2018,434000,2026,4,29,중개거래
강남구,역삼동,강남센트럴아이파크,125.462,18,2022,480000,2026,4,11,중개거래
강남구,도곡동,도곡렉슬,59.9818,5,2006,285000,2026,4,14,중개거래
강남구,대치동,대치아이파크,149.78,11,2008,470000,2026,4,22,중개거래
강남구,대치동,동부센트레빌,121.74,6,2005,495000,2026,4,25,중개거래
강남구,역삼동,역삼푸르지오,59.8848,22,2006,270000,2026,4,18,중개거래
강남구,대치동,동부센트레빌,145.83,27,2005,568500,2026,4,25,중개거래
강남구,개포동,개포자이프레지던스,59.9751,10,2023,285000,2026,4,24,중개거래
강남구,논현동,논현파라곤,117.84,6,2007,186000,2026,4,22,중개거래
강남구,압구정동,한양6,106.71,12,1980,525000,2026,4,7,중개거래
강남구,역삼동,쌍용플레티넘밸류,84.9,6,2007,145000,2026,4,28,중개거래
강남구,압구정동,신현대12차,121.18,3,1982,670000,2026,4,2,중개거래
강남구,압구정동,현대3차(61~64동),82.5,1,1976,460000,2026,4,14,중개거래
강남구,대치동,개포우성2,84.69,3,1984,398000,2026,4,13,중개거래
강남구,대치동,현대1,84.27,9,1990,237500,2026,4,23,직거래
강남구,역삼동,래미안그레이튼(진달래2차),59.78,21,2010,282000,2026,4,9,중개거래
강남구,논현동,펜트힐루논현,43.392,9,2021,100000,2026,4,7,중개거래
강남구,역삼동,강남센트럴아이파크,59.97,18,2022,272000,2026,4,27,중개거래
강남구,논현동,아크로힐스논현,84.074,10,2014,298000,2026,4,27,중개거래
강남구,개포동,삼익대청아파트,39.53,14,1992,170000,2026,4,21,중개거래
강남구,압구정동,한양6,154.12,10,1980,736000,2026,4,22,중개거래
강남구,논현동,동현아파트1~6,84.92,12,1985,282500,2026,4,27,중개거래
강남구,역삼동,롯데캐슬노블,176.03,13,2007,274000,2026,4,15,중개거래
강남구,삼성동,롯데캐슬프레미어,121.931,21,2007,380000,2026,4,16,중개거래
강남구,역삼동,역삼2차아이파크,59.946,7,2008,237000,2026,4,16,중개거래
강남구,역삼동,래미안그레이튼(진달래2차),59.91,9,2010,267000,2026,4,11,중개거래
강남구,대치동,한보미도맨션1,161.36,2,1983,505000,2026,4,21,중개거래
강남구,세곡동,세곡푸르지오,84.95,11,2012,195000,2026,4,29,중개거래
강남구,대치동,은마,84.43,13,1979,381000,2026,4,21,중개거래
강남구,개포동,개포자이프레지던스,84.5978,21,2023,390000,2026,4,10,중개거래
강남구,개포동,개포자이프레지던스,84.5978,17,2023,383000,2026,4,23,중개거래
강남구,수서동,까치마을,49.5,15,1993,190000,2026,4,30,중개거래
강남구,대치동,현대1,84.89,8,1990,249500,2026,4,30,중개거래
강남구,수서동,신동아,49.96,9,1992,197000,2026,4,30,중개거래
강남구,개포동,성원대치2단지아파트,49.86,8,1992,209000,2026,4,29,중개거래
강남구,역삼동,역삼푸르지오,59.8848,19,2006,260000,2026,4,30,중개거래
강남구,개포동,성원대치2단지아파트,39.53,2,1992,166000,2026,4,29,중개거래
강남구,논현동,펜트힐루논현,43.392,6,2021,80000,2026,4,30,중개거래
강남구,청담동,삼환(101동),48.7,5,1999,106000,2026,4,29,중개거래
강남구,대치동,"대치우성아파트1동,2동,3동,5동,6동,7동",84.69,2,1984,330000,2026,4,10,중개거래
강남구,개포동,개포자이프레지던스,84.5978,16,2023,371000,2026,4,8,중개거래
강남구,일원동,수서,39.98,3,1992,140000,2026,4,17,직거래
강남구,도곡동,도곡렉슬,84.9984,1,2006,295000,2026,4,22,직거래
강남구,도곡동,도곡렉슬,84.9984,16,2006,352000,2026,4,9,중개거래
강남구,삼성동,래미안삼성1차(105-0),181.51,1,2005,377500,2026,4,14,중개거래
강남구,삼성동,서광아파트,59.67,18,1998,250000,2026,4,29,중개거래
강남구,일원동,푸른마을아파트101동~111동,84.93,12,1994,265000,2026,4,20,중개거래
강남구,대치동,개포우성1,127.61,8,1983,480000,2026,4,2,중개거래
강남구,역삼동,쌍용플레티넘밸류,84.9,13,2007,155000,2026,4,21,중개거래
강남구,논현동,한화꿈에그린2차,104.084,7,2006,130200,2026,4,20,직거래
강남구,대치동,대치동우정에쉐르2(890-42),68.59,9,2004,90000,2026,4,22,직거래
강남구,역삼동,금호어울림,132.88,12,2003,230000,2026,4,20,중개거래
강남구,논현동,e-편한세상,97.9436,1,2005,157000,2026,4,16,중개거래
강남구,도곡동,도곡렉슬,84.9984,21,2006,355000,2026,4,28,중개거래
강남구,대치동,"대치우성아파트1동,2동,3동,5동,6동,7동",115.59,10,1984,407000,2026,4,25,중개거래
강남구,대치동,"쌍용대치아파트1동,2동,3동,5동,6동",148.8,8,1983,448000,2026,4,27,중개거래
강남구,수서동,까치마을,39.6,15,1993,100800,2026,4,28,중개거래
강남구,역삼동,e-편한세상,59.606,1,2005,228000,2026,4,10,중개거래
강남구,개포동,개포자이프레지던스,84.5978,8,2023,394000,2026,4,1,중개거래
강남구,개포동,개포자이프레지던스,59.9751,21,2023,286000,2026,4,11,중개거래
강남구,역삼동,역삼센트럴아파트,48.03,7,2025,70000,2026,4,28,중개거래
강남구,개포동,성원대치2단지아파트,33.18,8,1992,156000,2026,4,27,중개거래
강남구,청담동,청담힐(에이동)진도(비동),192.48,6,1997,388000,2026,4,6,중개거래
강남구,수서동,까치마을,34.44,3,1993,139000,2026,4,7,중개거래
강남구,신사동,신성아파트101동,59.67,9,1996,180000,2026,4,22,중개거래
강남구,논현동,"청학아파트에이동,비동,씨동",85.12,3,1976,136000,2026,4,24,중개거래
강남구,자곡동,강남한양수자인(4단지),84.89,9,2014,218000,2026,4,21,중개거래
강남구,개포동,개포자이프레지던스,84.5978,4,2023,350000,2026,4,28,중개거래
강남구,삼성동,삼성동힐스테이트 1단지,84.236,7,2008,332000,2026,4,9,중개거래
강남구,일원동,푸른마을아파트101동~111동,84.93,10,1994,245000,2026,4,28,중개거래
강남구,개포동,개포자이프레지던스,59.8363,7,2023,290000,2026,4,28,중개거래
강남구,대치동,대치아이파크,119.58,19,2008,450000,2026,4,19,중개거래
강남구,청담동,청담로얄카운티,219.66,8,1999,560000,2026,4,27,중개거래
강남구,압구정동,"현대6차(78~81,83,84,86,87동)",144.7,13,1978,740000,2026,4,1,중개거래
강남구,수서동,까치마을,49.5,14,1993,187000,2026,4,20,중개거래
강남구,청담동,대우유로카운티,121.48,1,2004,285000,2026,4,8,중개거래
강남구,도곡동,도곡스타클래스,111.38,13,2007,154000,2026,4,15,직거래
강남구,역삼동,역삼동하나빌,52.31,7,2002,70000,2026,4,28,중개거래
강남구,대치동,대우아이빌멤버스(891-26),35.236,8,2003,32000,2026,4,27,중개거래
강남구,역삼동,역삼센트럴아파트,54.85,5,2025,77000,2026,4,16,직거래
강남구,개포동,현대2,131.83,1,1986,350000,2026,4,10,중개거래
강남구,청담동,청담자이,49.619,20,2011,280000,2026,4,16,중개거래
강남구,역삼동,래미안그레이튼(진달래2차),84.87,17,2010,298000,2026,4,22,중개거래
강남구,대치동,한보미도맨션1,128.01,2,1983,457000,2026,4,3,중개거래
강남구,청담동,신동아,84.94,13,1997,325000,2026,4,7,중개거래
강남구,수서동,까치마을,39.6,1,1993,150500,2026,4,17,중개거래
강남구,대치동,선경1차(1동-7동),84.35,10,1983,370000,2026,4,1,중개거래
강남구,대치동,한보미도맨션1,84.48,13,1983,390000,2026,4,23,중개거래
강남구,개포동,삼익대청아파트,39.53,9,1992,173000,2026,4,21,중개거래
강남구,대치동,래미안대치팰리스,91.93,27,2015,430000,2026,4,16,중개거래
강남구,도곡동,타워팰리스3,141.381,52,2004,445000,2026,4,13,중개거래
강남구,청담동,청담건영,84.595,13,1994,430000,2026,4,14,중개거래
강남구,세곡동,강남데시앙파크,114.69,8,2011,179000,2026,4,4,중개거래
강남구,대치동,한보미도맨션1,161.36,2,1983,500000,2026,4,1,중개거래
강남구,삼성동,청구아파트,84.99,5,1992,262500,2026,4,21,중개거래
강남구,개포동,우성8,78.93,6,1987,264000,2026,4,7,중개거래
강남구,압구정동,"현대14차(203,204,205,206동)",84.98,15,1987,585000,2026,4,27,중개거래
강남구,개포동,성원대치2단지아파트,33.18,6,1992,150000,2026,4,3,중개거래
강남구,논현동,동현아파트1~6,120.58,1,1985,250000,2026,4,22,직거래
강남구,개포동,개포래미안포레스트,84.83,12,2020,325000,2026,4,15,중개거래
강남구,대치동,"대치우성아파트1동,2동,3동,5동,6동,7동",115.59,4,1984,398000,2026,4,18,중개거래
강남구,청담동,삼성청담공원아파트,107.22,8,1999,270000,2026,4,9,중개거래
강남구,수서동,까치마을,34.44,2,1993,138000,2026,4,26,중개거래
강남구,대치동,대치푸르지오써밋,102.3261,16,2023,430000,2026,4,26,중개거래
강남구,도곡동,한신엠비씨,84.74,3,1988,250000,2026,4,23,중개거래
강남구,자곡동,래미안강남힐즈,101.94,7,2014,225000,2026,4,9,중개거래
강남구,도곡동,우성캐릭터199,132.94,3,1998,245000,2026,4,24,중개거래
강남구,삼성동,래미안삼성2차,84.92,13,2007,291000,2026,4,17,중개거래
강남구,일원동,래미안 개포 루체하임,121.71,23,2018,350000,2026,4,25,중개거래
강남구,일원동,푸른마을아파트101동~111동,59.76,11,1994,214000,2026,4,24,중개거래
강남구,개포동,성원대치2단지아파트,39.53,5,1992,170000,2026,4,24,중개거래
강남구,개포동,래미안블레스티지,84.943,21,2019,340000,2026,4,25,중개거래
강남구,역삼동,강남센트럴아이파크,59.945,23,2022,282500,2026,4,24,중개거래
강남구,역삼동,트레벨,33.48,5,2002,55000,2026,4,21,중개거래
강남구,논현동,거평프리젠,42.395,6,1996,49500,2026,4,24,중개거래
강남구,개포동,래미안블레스티지,84.94,24,2019,310000,2026,4,21,중개거래
강남구,역삼동,대우디오빌,30.03,12,2002,28000,2026,4,23,직거래
강남구,도곡동,하이페리온,179.39,2,2004,295000,2026,4,22,중개거래
강남구,논현동,두산위브2단지,84.721,13,2004,207000,2026,4,23,중개거래
강남구,개포동,개포자이프레지던스,59.9751,8,2023,290000,2026,4,23,중개거래
강남구,대치동,대치아이파크,59.96,16,2008,305000,2026,4,3,중개거래
강남구,도곡동,도곡렉슬,84.9984,12,2006,365000,2026,4,23,중개거래
강남구,일원동,샘터마을,134.438,10,1994,310000,2026,4,23,중개거래
강남구,자곡동,강남한양수자인(4단지),114.46,10,2014,234000,2026,4,3,중개거래
강남구,도곡동,타워팰리스1,164.97,3,2002,440000,2026,4,16,중개거래
강남구,청담동,삼환(101동),57.78,6,1999,136000,2026,4,18,중개거래
강남구,대치동,한보미도맨션1,128.01,7,1983,490000,2026,4,23,중개거래
강남구,삼성동,한일,80.29,7,2001,220000,2026,4,23,중개거래
강남구,역삼동,현대까르띠에710,149.7,4,2001,338500,2026,4,23,중개거래
강남구,역삼동,래미안펜타빌,157.37,14,2007,363000,2026,4,10,중개거래
강남구,대치동,세영팔레스타운,84.85,3,2002,200000,2026,4,18,중개거래
강남구,대치동,대치한신휴플러스,81.07,4,2005,167500,2026,4,22,중개거래
강남구,도곡동,SK허브프리모,67.57,8,2006,104000,2026,4,14,중개거래
강남구,압구정동,현대8차(성수현대:91~95동),163.67,4,1980,690000,2026,4,16,중개거래
강남구,대치동,대치아이파크,114.97,5,2008,410000,2026,4,21,중개거래
강남구,도곡동,도곡렉슬,59.9772,11,2006,250000,2026,4,4,중개거래
강남구,일원동,수서,59.94,9,1992,189000,2026,4,22,중개거래
강남구,삼성동,서광아파트,59.67,17,1998,220000,2026,4,3,중개거래
강남구,압구정동,신현대9차,111.38,3,1982,610000,2026,4,22,중개거래
강남구,대치동,대우아이빌멤버스(891-26),35.796,8,2003,30000,2026,4,15,중개거래
강남구,도곡동,현대비젼21,35.48,16,1999,39000,2026,4,17,직거래
강남구,역삼동,대우디오빌,36.96,6,2002,36500,2026,4,11,중개거래
강남구,개포동,개포자이프레지던스,59.9751,24,2023,285000,2026,4,22,중개거래
강남구,세곡동,세곡푸르지오,84.84,3,2012,188000,2026,4,22,중개거래
강남구,논현동,동현아파트1~6,84.92,12,1985,273000,2026,4,22,중개거래
강남구,대치동,동부센트레빌,161.47,19,2005,637500,2026,4,16,중개거래
강남구,역삼동,역삼우정에쉐르2,43.17,3,2004,62500,2026,4,20,중개거래
강남구,자곡동,래미안강남힐즈,91.96,6,2014,230000,2026,4,22,중개거래
강남구,삼성동,미켈란147,83.69,20,2004,186000,2026,4,3,중개거래
강남구,자곡동,강남한양수자인(4단지),114.46,8,2014,143200,2026,4,22,직거래
강남구,삼성동,삼성동힐스테이트 1단지,84.236,5,2008,336000,2026,4,22,중개거래
강남구,개포동,성원대치2단지아파트,33.18,6,1992,150000,2026,4,3,직거래
강남구,일원동,푸른마을아파트101동~111동,59.76,3,1994,217000,2026,4,10,중개거래
강남구,대치동,한보미도맨션1,84.48,3,1983,385000,2026,4,1,중개거래
강남구,대치동,롯데캐슬리베,121.0894,18,2008,365000,2026,4,2,중개거래
강남구,대치동,선릉역대우아이빌(890-49),28.34,12,2004,24000,2026,4,14,중개거래
강남구,일원동,상록수,74.54,5,1993,275000,2026,4,21,중개거래
강남구,역삼동,경남아너스빌,84.688,16,2002,170000,2026,4,9,중개거래
강남구,대치동,개포우성1,84.81,8,1983,380000,2026,4,13,중개거래
강남구,도곡동,도곡렉슬,119.8906,24,2006,380000,2026,4,20,중개거래
강남구,수서동,강남데시앙포레,84.81,9,2014,232000,2026,4,18,중개거래
강남구,신사동,로데오현대,90.94,12,1998,192000,2026,4,21,중개거래
강남구,도곡동,타워팰리스3,235.74,65,2004,850000,2026,4,13,중개거래
강남구,대치동,한보미도맨션2,84.96,1,1985,373000,2026,4,9,중개거래
강남구,압구정동,한양1차(영동한양),91.21,5,1977,540000,2026,4,20,중개거래
강남구,압구정동,신현대12차,155.52,12,1982,853000,2026,4,3,중개거래
강남구,청담동,청담2차이-편한세상(205동),84.79,4,2006,220000,2026,4,14,중개거래
강남구,역삼동,대우디오빌,59.145,13,2002,78500,2026,4,18,중개거래
강남구,개포동,개포자이프레지던스,59.9751,15,2023,288000,2026,4,20,중개거래
강남구,압구정동,"현대2차(10,11,20,23,24,25동)",161.19,12,1976,780000,2026,4,6,중개거래
강남구,대치동,대치르엘,84.7763,9,2021,350000,2026,4,20,중개거래
강남구,개포동,개포자이프레지던스,78.7747,6,2023,350000,2026,4,18,중개거래
강남구,대치동,개포우성1,84.81,11,1983,390000,2026,4,4,중개거래
강남구,압구정동,"현대14차(203,204,205,206동)",84.98,13,1987,580000,2026,4,2,중개거래
강남구,대치동,테헤란로대우아이빌(891-6),59.83,19,2004,58000,2026,4,16,직거래
강남구,수서동,까치마을,34.44,4,1993,148000,2026,4,19,중개거래
강남구,압구정동,현대8차(성수현대:91~95동),111.5,6,1980,530000,2026,4,19,중개거래
강남구,신사동,압구정대원칸타빌아파트,59.73,5,2001,163500,2026,4,18,중개거래
강남구,대치동,은마,84.43,2,1979,373000,2026,4,11,중개거래
강남구,역삼동,역삼푸르지오,84.9097,14,2006,290000,2026,4,18,중개거래
강남구,일원동,푸른마을아파트101동~111동,59.76,15,1994,203000,2026,4,18,중개거래
강남구,삼성동,삼성동롯데아파트,59.4,16,2000,241000,2026,4,18,중개거래
강남구,논현동,논현아이파크,47.46,8,2020,127000,2026,4,18,중개거래
강남구,삼성동,삼성동힐스테이트 1단지,84.236,19,2008,330000,2026,4,18,중개거래
강남구,수서동,까치마을,39.6,14,1993,163000,2026,4,18,중개거래
강남구,역삼동,e-편한세상,59.606,10,2005,274500,2026,4,18,중개거래
강남구,역삼동,역삼I'PARK,28.246,17,2006,101000,2026,4,20,중개거래
강남구,수서동,까치마을,39.6,1,1993,150500,2026,4,17,중개거래
강남구,삼성동,래미안삼성2차,84.92,7,2007,294000,2026,4,17,중개거래
강남구,자곡동,강남한양수자인(4단지),114.32,4,2014,175000,2026,4,17,직거래
강남구,개포동,개포자이프레지던스,84.5978,4,2023,354000,2026,4,16,중개거래
강남구,역삼동,역삼우정에쉐르2,47.83,5,2004,71000,2026,4,18,중개거래
강남구,도곡동,타워팰리스2,92.8,16,2003,280000,2026,4,15,중개거래
강남구,개포동,성원대치2단지아파트,33.18,3,1992,150000,2026,4,6,중개거래
강남구,청담동,삼환(101동),57.78,8,1999,132500,2026,4,16,중개거래
강남구,수서동,까치마을,39.6,12,1993,155000,2026,4,16,중개거래
강남구,개포동,개포자이프레지던스,84.5978,4,2023,350000,2026,4,16,중개거래
강남구,역삼동,대우디오빌,39.13,9,2002,33500,2026,4,16,중개거래
강남구,개포동,성원대치2단지아파트,33.18,10,1992,150000,2026,4,16,중개거래
강남구,개포동,성원대치2단지아파트,49.86,11,1992,200000,2026,4,6,중개거래
강남구,논현동,동현아파트1~6,84.92,4,1985,237000,2026,4,16,직거래
강남구,대치동,대치아이파크,114.97,21,2008,475000,2026,4,15,중개거래
강남구,삼성동,삼성동신영지웰,117.77,14,2005,169000,2026,4,15,중개거래
강남구,청담동,진흥아파트,109.31,1,1984,310000,2026,4,15,중개거래
강남구,일원동,푸른마을아파트101동~111동,84.93,14,1994,249000,2026,4,15,중개거래
강남구,청담동,진흥아파트,145.69,9,1984,410000,2026,4,15,중개거래
강남구,개포동,리치타운,68.64,4,2004,70000,2026,4,10,중개거래
강남구,대치동,한보미도맨션1,128.01,2,1983,452000,2026,4,13,중개거래
강남구,개포동,포이현대빌라트,164.18,2,1997,182000,2026,4,13,중개거래
강남구,청담동,청담건영,84.595,17,1994,430000,2026,4,14,중개거래
강남구,삼성동,아이파크,167.72,16,2004,540000,2026,4,3,중개거래
강남구,수서동,까치마을,34.44,14,1993,144000,2026,4,15,중개거래
강남구,대치동,한보미도맨션2,159.15,11,1985,555000,2026,4,4,중개거래
강남구,삼성동,한일,80.29,15,2001,210000,2026,4,4,중개거래
강남구,개포동,개포주공7단지,73.26,5,1983,375000,2026,4,15,중개거래
강남구,역삼동,금호어울림,84.95,10,2003,232500,2026,4,2,중개거래
강남구,삼성동,풍림(1차),113,8,1998,290000,2026,4,10,중개거래
강남구,대치동,한보미도맨션2,159.15,3,1985,553000,2026,4,3,중개거래
강남구,일원동,래미안 개포 루체하임,84.99,4,2018,304000,2026,4,11,중개거래
강남구,청담동,청담자이,49.619,20,2011,258000,2026,4,8,중개거래
강남구,도곡동,럭키(963),84.97,8,1995,267000,2026,4,10,중개거래
강남구,대치동,한보미도맨션2,84.96,7,1985,380000,2026,4,2,중개거래
강남구,삼성동,삼성동한솔아파트,58.57,16,1998,195000,2026,4,11,중개거래
강남구,삼성동,삼성동힐스테이트 1단지,31.402,9,2008,159000,2026,4,14,중개거래
강남구,개포동,개포자이프레지던스,59.9751,19,2023,292000,2026,4,11,중개거래
강남구,삼성동,삼성동한솔아파트,58.57,19,1998,198000,2026,4,14,중개거래
강남구,대치동,래미안대치팰리스,93.18,9,2015,425000,2026,4,11,중개거래
강남구,일원동,샘터마을,134.438,9,1994,320000,2026,4,14,직거래
강남구,도곡동,도곡3차아이파크,187.215,7,2007,350000,2026,4,10,중개거래
강남구,삼성동,진흥아파트,207.82,10,1984,487500,2026,4,24,중개거래
강남구,역삼동,역삼I'PARK,144.641,19,2006,300000,2026,4,13,중개거래
강남구,대치동,래미안대치팰리스,114.17,16,2015,600000,2026,4,9,중개거래
강남구,청담동,삼성청담아파트,114.83,1,1999,249800,2026,4,3,중개거래
강남구,대치동,쌍용대치2,120.76,10,1983,404000,2026,4,2,중개거래
강남구,대치동,대우아이빌명문가(891-23),35.72,9,2004,28500,2026,4,11,중개거래
강남구,논현동,비쥬힐,74.84,4,2003,111200,2026,4,10,중개거래
강남구,삼성동,LG선릉에클라트(B),36.35,11,2004,35000,2026,4,11,중개거래
강남구,역삼동,개나리푸르지오,59.6851,13,2006,280000,2026,4,11,중개거래
강남구,수서동,신동아,49.96,11,1992,205000,2026,4,11,중개거래
강남구,개포동,개포래미안포레스트,59.92,13,2020,268000,2026,4,11,중개거래
강남구,자곡동,강남자곡 힐스테이트,59.93,3,2015,149000,2026,4,12,중개거래
강남구,역삼동,강남센트럴아이파크,59.994,24,2022,310000,2026,4,11,중개거래
강남구,개포동,개포자이프레지던스,84.5978,16,2023,351000,2026,4,11,중개거래
강남구,대치동,동부센트레빌,145.83,4,2005,570000,2026,4,8,중개거래
강남구,도곡동,타워팰리스1,164.97,28,2002,445000,2026,4,3,중개거래
강남구,일원동,래미안 개포 루체하임,71.65,2,2018,298000,2026,4,24,중개거래
강남구,도곡동,한신엠비씨,84.74,6,1988,250000,2026,4,11,중개거래
강남구,수서동,신동아,33.18,6,1992,149000,2026,4,11,중개거래
강남구,일원동,푸른마을아파트101동~111동,59.76,5,1994,219000,2026,4,11,중개거래
강남구,삼성동,현대힐스테이트2단지,40.553,3,2008,187000,2026,4,11,중개거래
강남구,일원동,푸른마을아파트101동~111동,59.76,10,1994,220000,2026,4,11,중개거래
강남구,자곡동,강남한양수자인(4단지),101.4,3,2014,225000,2026,4,9,중개거래
강남구,개포동,디에이치아너힐즈,84.357,9,2019,355000,2026,4,6,중개거래
강남구,도곡동,우성사원5,70.89,3,1986,217000,2026,4,6,중개거래
강남구,역삼동,역삼푸르지오,59.8848,17,2006,267000,2026,4,10,중개거래
강남구,역삼동,브라운스톤역삼,59.96,6,2004,111000,2026,4,5,중개거래
강남구,개포동,개포2차현대아파트(220),77.75,6,1988,245000,2026,4,10,중개거래
강남구,개포동,개포자이프레지던스,59.8363,4,2023,288500,2026,4,10,중개거래
강남구,대치동,대우아이빌명문가(891-23),33.06,10,2004,29000,2026,4,1,중개거래
강남구,개포동,개포자이프레지던스,59.8363,18,2023,287500,2026,4,9,중개거래
강남구,개포동,성원대치2단지아파트,49.86,15,1992,205000,2026,4,9,중개거래
강남구,삼성동,대우멤버스카운티201,145.6,4,2004,231000,2026,4,9,중개거래
강남구,개포동,성원대치2단지아파트,49.86,10,1992,220000,2026,4,7,중개거래
강남구,대치동,대치SKVIEW,84.3865,2,2017,370000,2026,4,8,중개거래
강남구,개포동,삼익대청아파트,51.12,10,1992,198000,2026,4,8,중개거래
강남구,수서동,신동아,39.53,14,1992,182000,2026,4,9,중개거래
강남구,도곡동,도곡렉슬,84.9984,7,2006,348000,2026,4,7,중개거래
강남구,개포동,성원대치2단지아파트,33.18,6,1992,150000,2026,4,8,중개거래
강남구,삼성동,삼성풍림2차아파트,59.94,12,1998,148200,2026,4,2,중개거래
강남구,개포동,성원대치2단지아파트,39.53,12,1992,178000,2026,4,8,중개거래
강남구,개포동,삼익대청아파트,39.53,12,1992,170000,2026,4,7,중개거래
강남구,대치동,"쌍용대치아파트1동,2동,3동,5동,6동",83.56,3,1983,323000,2026,4,7,중개거래
강남구,역삼동,대우디오빌,59.505,23,2002,70000,2026,4,7,중개거래
강남구,도곡동,도곡렉슬,84.9231,8,2006,350000,2026,4,7,중개거래
강남구,개포동,성원대치2단지아파트,33.18,3,1992,150000,2026,4,6,중개거래
강남구,역삼동,프리마빌,189.67,6,2003,165000,2026,4,6,중개거래
강남구,도곡동,대우디오빌,25.89,12,2004,25000,2026,4,9,중개거래
강남구,역삼동,대우디오빌,30.03,17,2002,28000,2026,4,6,중개거래
강남구,개포동,삼익대청아파트,51.12,12,1992,215000,2026,4,6,중개거래
강남구,역삼동,역삼I'PARK,28.246,12,2006,98000,2026,4,6,중개거래
강남구,삼성동,풍림,53.75,2,1997,63500,2026,4,6,중개거래
강남구,개포동,성원대치2단지아파트,33.18,3,1992,150000,2026,4,2,중개거래
강남구,청담동,청담4차이-편한세상,97.19,15,2011,266000,2026,4,6,중개거래
강남구,삼성동,삼성풍림2차아파트,59.94,12,1998,148200,2026,4,2,중개거래
강남구,삼성동,삼성동힐스테이트 1단지,31.402,22,2008,160000,2026,4,6,중개거래
강남구,도곡동,삼성래미안,84.76,13,2001,300000,2026,4,4,중개거래
강남구,청담동,삼성청담아파트,59.99,18,1999,198000,2026,4,3,중개거래
강남구,수서동,까치마을,49.5,5,1993,200000,2026,4,4,중개거래
강남구,역삼동,역삼푸르지오,59.8848,12,2006,265000,2026,4,4,중개거래
강남구,개포동,새롬(1164-12),70.73,7,2000,129000,2026,4,4,중개거래
강남구,수서동,까치마을,39.6,8,1993,155000,2026,4,4,중개거래
강남구,수서동,까치마을,34.44,3,1993,137500,2026,4,4,중개거래
강남구,역삼동,강남센트럴아이파크,59.994,12,2022,300000,2026,4,3,중개거래
강남구,일원동,푸른마을아파트101동~111동,59.76,13,1994,210000,2026,4,3,중개거래
강남구,자곡동,강남한양수자인(4단지),101.4,3,2014,215000,2026,4,3,중개거래
강남구,도곡동,아카데미스위트1,83,33,2004,221000,2026,4,1,중개거래
강남구,일원동,푸른마을아파트101동~111동,59.76,2,1994,200000,2026,4,3,중개거래
강남구,삼성동,현대힐스테이트2단지,39.552,3,2008,179000,2026,4,3,중개거래
강남구,논현동,한양수자인어반게이트,16.2,9,2013,18000,2026,4,2,중개거래
강남구,수서동,신동아,33.18,5,1992,150000,2026,4,2,중개거래
강남구,수서동,삼익,60,10,1992,218000,2026,4,1,중개거래
강남구,청담동,청담자이,49.619,21,2011,284000,2026,4,1,중개거래
강남구,수서동,까치마을,39.6,10,1993,158500,2026,4,2,중개거래
강남구,수서동,까치마을,39.6,11,1993,154500,2026,4,2,중개거래
강남구,대치동,쌍용대치2,84.49,6,1983,327000,2026,4,1,중개거래
강남구,일원동,디에이치포레센트,84.94,4,2021,300000,2026,4,3,중개거래
강남구,삼성동,삼성동한솔아파트,58.57,15,1998,200000,2026,4,1,중개거래
강남구,수서동,신동아,49.96,8,1992,188000,2026,4,1,중개거래
강남구,개포동,디에이치아너힐즈,49.4013,5,2019,217000,2026,4,3,중개거래
강남구,역삼동,개나리SK뷰,84.99,25,2012,338000,2026,4,25,중개거래
송파구,신천동,파크리오,84.9,2,2008,273000,2026,4,21,중개거래
송파구,풍납동,토성현대,49.14,1,1986,69000,2026,4,24,중개거래
송파구,잠실동,잠실포스코더샵,84.26,3,2004,126000,2026,4,28,중개거래
송파구,풍납동,극동,79.945,4,1987,100000,2026,4,29,직거래
송파구,송파동,현대,84.96,3,1997,160000,2026,4,2,중개거래
송파구,방이동,올림픽선수기자촌2단지,83.06,5,1988,277000,2026,4,29,중개거래
송파구,신천동,파크리오,84.9,17,2008,276000,2026,4,30,중개거래
송파구,마천동,우방아파트,55.32,11,2002,75500,2026,4,27,직거래
송파구,거여동,거여1단지,49.8,10,1997,113000,2026,4,27,중개거래
송파구,잠실동,한영해시안아파트,63.65,7,2017,113500,2026,4,27,중개거래
송파구,마천동,송파파크데일1단지,84.85,13,2011,121000,2026,4,25,중개거래
송파구,가락동,헬리오시티,84.99,33,2018,282000,2026,4,27,중개거래
송파구,거여동,거여5단지,59.74,4,1997,120000,2026,4,18,중개거래
송파구,송파동,온누리,53.76,4,2004,60000,2026,4,24,중개거래
송파구,문정동,문정시영,35.46,8,1989,82000,2026,4,30,중개거래
송파구,잠실동,잠실엘스,59.96,15,2008,270000,2026,4,25,중개거래
송파구,풍납동,토성현대,49.14,1,1986,69000,2026,4,24,중개거래
송파구,풍납동,극동,79.945,2,1987,105000,2026,4,30,중개거래
송파구,문정동,파크하비오,84.9725,10,2016,198000,2026,4,8,중개거래
송파구,장지동,위례신도시송파푸르지오,106.0884,4,2015,217000,2026,4,30,중개거래
송파구,풍납동,대동1,59.96,5,1999,83000,2026,4,25,중개거래
송파구,풍납동,현대1,83.02,5,1995,175000,2026,4,22,중개거래
송파구,풍납동,현대1,83.02,18,1995,184000,2026,4,9,중개거래
송파구,가락동,테라펠리체송파,29.1078,9,2021,61000,2026,4,29,중개거래
송파구,신천동,장미1,82.45,3,1979,299990,2026,4,10,중개거래
송파구,방이동,코오롱아파트,84.95,14,1991,193000,2026,4,28,중개거래
송파구,방이동,올림픽선수기자촌2단지,100.31,13,1988,322500,2026,4,22,중개거래
송파구,가락동,헬리오시티,84.98,4,2018,278000,2026,4,18,중개거래
송파구,신천동,파크리오,121.63,22,2008,325000,2026,4,24,중개거래
송파구,장지동,위례24단지(꿈에그린),84.96,17,2013,220000,2026,4,30,중개거래
송파구,송파동,래미안송파파인탑,71.73,19,2012,237000,2026,4,18,중개거래
송파구,신천동,장미1,71.2,4,1979,275000,2026,4,29,중개거래
송파구,신천동,장미1,82.45,12,1979,305000,2026,4,30,중개거래
송파구,잠실동,잠실엘스,84.8,2,2008,307000,2026,4,18,중개거래
송파구,거여동,거여1단지,39.6,5,1997,89000,2026,4,24,중개거래
송파구,거여동,송파레이크파크호반써밋Ⅰ,108.8119,17,2022,211000,2026,4,25,중개거래
송파구,잠실동,잠실엘스,84.8,22,2008,310000,2026,4,30,직거래
송파구,잠실동,잠실엘스,84.8,16,2008,320000,2026,4,16,중개거래
송파구,송파동,잠실더샵루벤,106.957,16,2025,233000,2026,4,25,중개거래
송파구,잠실동,레이크팰리스,135.82,21,2006,425000,2026,4,30,중개거래
송파구,가락동,두산위브,33.1,8,2004,23600,2026,4,27,중개거래
송파구,가락동,헬리오시티,110.66,2,2018,299000,2026,4,25,중개거래
송파구,잠실동,아시아선수촌아파트,134.485,15,1986,545000,2026,4,30,중개거래
송파구,오금동,송파두산위브,59.9823,5,2019,135000,2026,4,30,중개거래
송파구,문정동,올림픽훼밀리타운,117.585,7,1988,280000,2026,4,28,중개거래
송파구,가락동,헬리오시티,84.98,22,2018,280000,2026,4,27,중개거래
송파구,방이동,올림픽선수기자촌2단지,100.82,4,1988,307000,2026,4,15,중개거래
송파구,장지동,위례신도시송파푸르지오,106.967,24,2015,214000,2026,4,24,중개거래
송파구,가락동,진넥스베르디엠,59.9788,17,2017,92000,2026,4,28,중개거래
송파구,오금동,송파호반베르디움더퍼스트,101.4632,6,2018,165000,2026,4,27,중개거래
송파구,가락동,가락금호아파트,85,1,1997,189000,2026,4,25,중개거래
송파구,가락동,진넥스베르디엠,59.9788,7,2017,88000,2026,4,17,중개거래
송파구,거여동,거여5단지,59.74,5,1997,66000,2026,4,20,직거래
송파구,잠실동,우성아파트,96.65,1,1981,310000,2026,4,15,중개거래
송파구,거여동,거여1단지,49.8,10,1997,113000,2026,4,27,중개거래
송파구,석촌동,월드,69.54,5,2002,62000,2026,4,25,중개거래
송파구,풍납동,현대1,84,7,1995,181000,2026,4,15,중개거래
송파구,가락동,한화오벨리스크,25.32,22,2004,19700,2026,4,22,중개거래
송파구,풍납동,현대리버빌1지구,43.2,10,1999,75000,2026,4,14,중개거래
송파구,잠실동,리센츠,124.22,33,2008,395000,2026,4,30,중개거래
송파구,문정동,메트로IV,68.94,1,2003,60000,2026,4,11,중개거래
송파구,거여동,현대3차,84.83,7,1993,119500,2026,4,25,중개거래
송파구,송파동,잠실더샵루벤,106.9995,13,2025,233000,2026,4,29,중개거래
송파구,신천동,파크리오,84.9,34,2008,280000,2026,4,23,중개거래
송파구,풍납동,한강극동,59.26,6,1995,144000,2026,4,14,중개거래
송파구,가락동,헬리오시티,49.29,8,2018,217000,2026,4,9,중개거래
송파구,가락동,우성,43.79,6,1986,160000,2026,4,16,중개거래
송파구,가락동,대림,59.24,6,1988,149000,2026,4,18,중개거래
송파구,잠실동,트리지움,59.88,13,2007,275000,2026,4,24,중개거래
송파구,거여동,현대3차,84.94,15,1993,120500,2026,4,28,중개거래
송파구,잠실동,트리지움,59.88,19,2007,284000,2026,4,28,중개거래
송파구,잠실동,잠실엘스,119.93,13,2008,407000,2026,4,11,중개거래
송파구,가락동,헬리오시티,59.96,10,2018,255000,2026,4,14,중개거래
송파구,신천동,파크리오,84.79,22,2008,280000,2026,4,15,중개거래
송파구,마천동,송파파크데일1단지,84.85,13,2011,121000,2026,4,25,중개거래
송파구,잠실동,잠실엘스,119.93,12,2008,440000,2026,4,20,중개거래
송파구,잠실동,잠실엘스,84.8,13,2008,340000,2026,4,20,중개거래
송파구,풍납동,현대리버빌2지구,40.95,16,1999,74000,2026,4,24,중개거래
송파구,풍납동,송파현대힐스테이트,124.19,2,2006,164000,2026,4,27,중개거래
송파구,풍납동,현대리버빌1지구,43.2,15,1999,99000,2026,4,1,중개거래
송파구,가락동,헬리오시티,59.96,22,2018,269500,2026,4,28,중개거래
송파구,가락동,헬리오시티,84.98,17,2018,286000,2026,4,28,중개거래
송파구,신천동,파크리오,84.79,24,2008,293000,2026,4,14,중개거래
송파구,가락동,헬리오시티,99.6,26,2018,318000,2026,4,25,중개거래
송파구,석촌동,로쟌뷰,129.32,7,2005,200000,2026,4,19,중개거래
송파구,신천동,파크리오,84.9,14,2008,280000,2026,4,15,중개거래
송파구,신천동,파크리오,84.79,8,2008,292000,2026,4,29,중개거래
송파구,마천동,금호어울림,98.01,2,2006,115000,2026,4,24,중개거래
송파구,신천동,파크리오,84.9,30,2008,280000,2026,4,22,중개거래
송파구,거여동,우방1,84.9,13,1999,107000,2026,4,27,중개거래
송파구,잠실동,잠실엘스,59.96,4,2008,280000,2026,4,29,중개거래
송파구,잠실동,아시아선수촌아파트,99.385,2,1986,316000,2026,4,13,직거래
송파구,풍납동,쌍용,84.85,19,1994,150000,2026,4,10,중개거래
송파구,잠실동,트리지움,114.7,19,2007,360000,2026,4,29,중개거래
송파구,잠실동,레이크팰리스,116.19,21,2006,330000,2026,4,20,중개거래
송파구,가락동,헬리오시티,84.96,12,2018,283000,2026,4,27,중개거래
송파구,신천동,파크리오,84.79,26,2008,280000,2026,4,29,중개거래
송파구,가락동,헬리오시티,110.44,18,2018,320000,2026,4,24,중개거래
송파구,장지동,위례24단지(꿈에그린),51.77,11,2013,152500,2026,4,27,중개거래
송파구,방이동,보미리즌빌(101동),80.13,7,2005,84200,2026,4,30,중개거래
송파구,가락동,헬리오시티,84.98,33,2018,281500,2026,4,29,중개거래
송파구,잠실동,트리지움,59.88,6,2007,270500,2026,4,9,중개거래
송파구,신천동,장미2,71.2,2,1979,282000,2026,4,27,중개거래
송파구,가락동,송파동부쎈트레빌,84.98,5,2004,192000,2026,4,16,중개거래
송파구,방이동,인텍스빌,69.84,8,2000,68000,2026,4,22,중개거래
송파구,잠실동,리센츠,84.99,16,2008,347000,2026,4,30,중개거래
송파구,문정동,문정시영,39.69,5,1989,103000,2026,4,30,중개거래
송파구,가락동,가락금호아파트,84.85,15,1997,205000,2026,4,30,중개거래
송파구,신천동,장미2,82.45,11,1979,310000,2026,4,30,중개거래
송파구,문정동,문정시영,35.46,10,1989,85400,2026,4,29,중개거래
송파구,잠실동,레이크팰리스,84.82,16,2006,305000,2026,4,30,중개거래
송파구,문정동,문정시영,25.65,8,1989,70000,2026,4,30,중개거래
송파구,삼전동,현대1,80.01,3,1989,147000,2026,4,29,중개거래
송파구,잠실동,잠실엘스,59.96,24,2008,294500,2026,4,29,중개거래
송파구,잠실동,잠실엘스,59.96,9,2008,279000,2026,4,29,중개거래
송파구,장지동,송파파인타운6단지,84.9,10,2008,187000,2026,4,30,중개거래
송파구,잠실동,잠실엘스,84.8,3,2008,335000,2026,4,30,중개거래
송파구,오금동,한두리,68.7,3,2004,49900,2026,4,30,중개거래
송파구,잠실동,잠실엘스,84.8,23,2008,329000,2026,4,13,중개거래
송파구,석촌동,잠실한솔,84.94,18,2000,183000,2026,4,13,중개거래
송파구,마천동,신동아,84.71,16,2001,99500,2026,4,3,중개거래
송파구,신천동,파크리오,59.86,23,2008,256000,2026,4,29,중개거래
송파구,오금동,매그놀리아(2차),75.28,7,2004,82500,2026,4,22,중개거래
송파구,문정동,올림픽훼밀리타운,158.705,10,1988,317000,2026,4,29,중개거래
송파구,장지동,송파더센트레,51.96,3,2013,153500,2026,4,30,중개거래
송파구,잠실동,리센츠,84.99,6,2008,286000,2026,4,30,중개거래
송파구,방이동,코오롱아파트,84.95,13,1991,210000,2026,4,30,중개거래
송파구,문정동,아름빌,84.93,6,2005,79000,2026,4,18,중개거래
송파구,방이동,올림픽선수기자촌2단지,100.31,11,1988,297000,2026,4,22,중개거래
송파구,가락동,현대(60동),82.16,11,1991,144000,2026,4,25,중개거래
송파구,삼전동,에이메스더리버송파,48.34,9,2018,78000,2026,4,27,중개거래
송파구,잠실동,잠실엘스,84.8,18,2008,322000,2026,4,30,중개거래
송파구,가락동,가락우성2,46.81,18,2000,108000,2026,4,29,중개거래
송파구,오금동,삼성,73.59,11,1989,120000,2026,4,26,중개거래
송파구,가락동,헬리오시티,84.95,27,2018,280000,2026,4,29,중개거래
송파구,신천동,파크리오,84.79,33,2008,281500,2026,4,7,중개거래
송파구,송파동,래미안송파파인탑,64.99,28,2012,214000,2026,4,29,중개거래
송파구,가락동,헬리오시티,84.95,21,2018,277000,2026,4,21,중개거래
송파구,신천동,한신잠실코아,52.51,9,1988,175000,2026,4,29,중개거래
송파구,풍납동,갑을,59.73,3,1996,85500,2026,4,29,중개거래
송파구,문정동,문정시영,25.65,1,1989,69000,2026,4,29,중개거래
송파구,마천동,현대그린빌,59.67,4,1998,64000,2026,4,29,중개거래
송파구,문정동,현대2,59.91,3,1995,93000,2026,4,25,중개거래
송파구,거여동,거여1단지,49.8,10,1997,119000,2026,4,29,중개거래
송파구,가락동,대림,59.24,13,1988,144000,2026,4,29,중개거래
송파구,장지동,위례신도시송파푸르지오,108.119,5,2015,215000,2026,4,29,중개거래
송파구,풍납동,송파현대힐스테이트,84.99,2,2006,140000,2026,4,27,중개거래
송파구,송파동,레이크해모로,68.52,9,2005,118000,2026,4,12,중개거래
송파구,신천동,파크리오,59.86,14,2008,253000,2026,4,22,중개거래
송파구,신천동,잠실더샵스타파크,173.17,17,2008,253000,2026,4,28,중개거래
송파구,가락동,헬리오시티,99.6,5,2018,310000,2026,4,24,중개거래
송파구,마천동,송파건원여미지아파트,51.764,4,2018,70000,2026,4,8,중개거래
송파구,신천동,파크리오,59.95,20,2008,250000,2026,4,20,중개거래
송파구,잠실동,리센츠,27.68,27,2008,158000,2026,4,20,중개거래
송파구,잠실동,리센츠,27.68,32,2008,150000,2026,4,27,중개거래
송파구,잠실동,리센츠,27.68,1,2008,135000,2026,4,29,중개거래
송파구,신천동,파크리오,59.95,1,2008,250000,2026,4,28,중개거래
송파구,잠실동,주공아파트 5단지,76.5,7,1978,400200,2026,4,11,중개거래
송파구,신천동,파크리오,121.63,6,2008,328000,2026,4,29,중개거래
송파구,송파동,한양아파트,64.26,11,1983,210500,2026,4,24,중개거래
송파구,장지동,송파파인타운2단지,84.95,3,2008,168000,2026,4,28,중개거래
송파구,거여동,현대1차,84.64,14,1992,139500,2026,4,19,중개거래
송파구,방이동,올림픽선수기자촌1단지,100.82,3,1988,301000,2026,4,20,중개거래
송파구,장지동,힐스테이트송파위례,101.38,6,2016,210000,2026,4,29,중개거래
송파구,풍납동,극동,79.945,12,1987,135000,2026,4,27,직거래
송파구,가락동,대림,76.49,8,1988,156000,2026,4,25,중개거래
송파구,가락동,쌍용스윗닷홈(105동),122.43,3,2005,140000,2026,4,28,중개거래
송파구,거여동,거여5단지,59.74,7,1997,124800,2026,4,28,중개거래
송파구,풍납동,강변현대,83.19,4,1991,119000,2026,4,28,중개거래
송파구,문정동,올림픽훼밀리타운,84.751,10,1988,255000,2026,4,24,중개거래
송파구,장지동,송파파인타운9단지,59.95,9,2007,165000,2026,4,28,중개거래
송파구,방이동,올림픽선수기자촌1단지,100.82,9,1988,296000,2026,4,6,중개거래
송파구,잠실동,잠실포스코더샵,84.26,3,2004,126000,2026,4,28,중개거래
송파구,잠실동,리센츠,84.99,22,2008,360000,2026,4,27,중개거래
송파구,문정동,문정시영,35.46,4,1989,85000,2026,4,28,중개거래
송파구,거여동,거여5단지,59.74,11,1997,123500,2026,4,28,중개거래
송파구,문정동,올림픽훼밀리타운,84.705,12,1988,249000,2026,4,13,중개거래
송파구,가락동,헬리오시티,130.06,10,2018,365000,2026,4,22,중개거래
송파구,문정동,문정시영,46.26,3,1989,118000,2026,4,28,중개거래
송파구,방이동,대림,84.915,2,1985,237000,2026,4,21,중개거래
송파구,풍납동,이트리움송파(281-4),79.75,7,2024,104215,2026,4,1,중개거래
송파구,문정동,문정시영,35.46,14,1989,85200,2026,4,28,중개거래
송파구,거여동,e편한세상송파파크센트럴,59.96,30,2021,172000,2026,4,28,중개거래
송파구,문정동,올림픽훼밀리타운,117.585,8,1988,275000,2026,4,28,중개거래
송파구,마천동,마천대성,59.31,3,1995,109500,2026,4,11,중개거래
송파구,가락동,두산위브,25.05,10,2004,15000,2026,4,16,직거래
송파구,잠실동,주공아파트 5단지,76.5,5,1978,397700,2026,4,27,중개거래
송파구,잠실동,리센츠,84.99,27,2008,330000,2026,4,8,중개거래
송파구,가락동,헬리오시티,84.98,15,2018,283000,2026,4,26,중개거래
송파구,방이동,신동아타워,50.4,15,1995,62500,2026,4,27,중개거래
송파구,잠실동,트리지움,84.83,23,2007,310000,2026,4,25,중개거래
송파구,잠실동,트리지움,84.83,13,2007,319000,2026,4,8,중개거래
송파구,가락동,헬리오시티,59.96,2,2018,240000,2026,4,26,중개거래
송파구,풍납동,현대1,83.02,16,1995,183000,2026,4,27,중개거래
송파구,풍납동,잠실올림픽공원아이파크,59.97,13,2019,204500,2026,4,17,중개거래
송파구,가락동,헬리오시티,84.95,15,2018,273500,2026,4,11,중개거래
송파구,잠실동,주공아파트 5단지,76.5,3,1978,392700,2026,4,22,중개거래
송파구,마천동,솔렌시아,84.97,5,2003,69300,2026,4,7,중개거래
송파구,문정동,문정시영,35.46,6,1989,83000,2026,4,18,중개거래
송파구,가락동,헬리오시티,99.6,16,2018,298000,2026,4,27,중개거래
송파구,장지동,송파파인타운6단지,84.93,12,2008,135000,2026,4,28,중개거래
송파구,송파동,송파삼성래미안아파트,105.99,12,2001,212000,2026,4,27,중개거래
송파구,잠실동,레이크팰리스,116.19,26,2006,340000,2026,4,27,중개거래
송파구,잠실동,우성아파트,96.65,3,1981,310000,2026,4,9,중개거래
송파구,신천동,장미1,82.45,1,1979,310000,2026,4,27,중개거래
송파구,신천동,장미2,82.45,7,1979,305000,2026,4,23,중개거래
송파구,가락동,헬리오시티,84.98,21,2018,286500,2026,4,25,중개거래
송파구,신천동,장미1,82.45,1,1979,305000,2026,4,24,중개거래
송파구,문정동,힐스테이트e편한세상문정,49.92,11,2024,155000,2026,4,27,중개거래
송파구,방이동,올림픽선수기자촌2단지,126.18,5,1988,350000,2026,4,18,중개거래
송파구,신천동,파크리오,84.9,2,2008,273000,2026,4,21,중개거래
송파구,잠실동,트리지움,84.95,28,2007,310000,2026,4,24,중개거래
송파구,풍납동,현대1,83.02,9,1995,184000,2026,4,8,중개거래
송파구,송파동,2차한양아파트,108.68,5,1984,228000,2026,4,2,중개거래
송파구,오금동,송파두산위브,59.9823,8,2019,129500,2026,4,27,중개거래
송파구,잠실동,레이크팰리스,59.97,13,2006,255000,2026,4,22,중개거래
송파구,장지동,송파더센트레,51.77,7,2013,151000,2026,4,26,중개거래
송파구,가락동,헬리오시티,84.98,25,2018,283000,2026,4,25,중개거래
송파구,잠실동,잠실엘스,84.8,21,2008,339000,2026,4,10,중개거래
송파구,문정동,문정시영,46.26,4,1989,110000,2026,4,8,중개거래
송파구,방이동,대림,84.915,3,1985,192200,2026,4,3,직거래
송파구,가락동,헬리오시티,59.96,22,2018,250000,2026,4,25,중개거래
송파구,잠실동,트리지움,84.83,19,2007,320000,2026,4,11,중개거래
송파구,문정동,문정시영,39.69,1,1989,99000,2026,4,21,중개거래
송파구,방이동,한양3,146.96,5,1985,205000,2026,4,26,중개거래
송파구,가락동,헬리오시티,59.96,17,2018,265000,2026,4,26,중개거래
송파구,잠실동,레이크팰리스,59.97,22,2006,260000,2026,4,25,중개거래
송파구,장지동,위례24단지(꿈에그린),51.77,1,2013,140000,2026,4,25,중개거래
송파구,문정동,세양청마루,59.91,7,2004,102000,2026,4,25,중개거래
송파구,잠실동,트리지움,59.88,12,2007,283000,2026,4,25,중개거래
송파구,송파동,2차한양아파트,108.68,11,1984,243000,2026,4,2,중개거래
송파구,문정동,문정시영,25.65,2,1989,64500,2026,4,25,중개거래
송파구,거여동,e편한세상송파파크센트럴,59.96,27,2021,163500,2026,4,25,중개거래
송파구,가락동,한신1,84.53,3,1993,154000,2026,4,24,중개거래
송파구,오금동,상아2차아파트,50.72,1,1988,135000,2026,4,25,중개거래
송파구,가락동,헬리오시티,49.29,8,2018,237500,2026,4,24,중개거래
송파구,신천동,롯데캐슬골드,166.7,11,2005,320000,2026,4,23,중개거래
송파구,문정동,현대2,84.96,6,1995,115000,2026,4,19,중개거래
송파구,가락동,래미안파크팰리스,84.924,15,2007,225000,2026,4,25,중개거래
송파구,가락동,"가락3차쌍용스윗닷홈101동,102동",59.94,11,2005,152000,2026,4,25,중개거래
송파구,거여동,송파시그니처롯데캐슬,84.98,15,2021,204500,2026,4,25,중개거래
송파구,가락동,래미안파크팰리스,59.968,4,2007,193500,2026,4,24,중개거래
송파구,잠실동,리센츠,84.99,10,2008,335000,2026,4,25,중개거래
송파구,거여동,우방1,59.91,9,1999,97000,2026,4,25,중개거래
송파구,잠실동,리센츠,84.99,13,2008,327000,2026,4,24,중개거래
송파구,가락동,헬리오시티,59.96,6,2018,244500,2026,4,23,중개거래
송파구,오금동,송파두산위브,59.9823,24,2019,134000,2026,4,25,중개거래
송파구,가락동,가락금호아파트,59.91,11,1997,181500,2026,4,25,중개거래
송파구,신천동,파크리오,84.9,22,2008,280000,2026,4,24,중개거래
송파구,거여동,거여1단지,49.8,11,1997,119500,2026,4,24,중개거래
송파구,신천동,파크리오,84.79,36,2008,285000,2026,4,6,중개거래
송파구,문정동,힐스테이트e편한세상문정,59.94,18,2024,173000,2026,4,24,중개거래
송파구,문정동,문정시영,39.69,13,1989,102300,2026,4,24,중개거래
송파구,거여동,거여1단지,49.8,2,1997,109000,2026,4,24,중개거래
송파구,거여동,거여1단지,39.6,5,1997,92000,2026,4,23,중개거래
송파구,문정동,문정시영,46.26,13,1989,120000,2026,4,4,중개거래
송파구,신천동,한신잠실코아,41.99,4,1988,142000,2026,4,23,중개거래
송파구,신천동,파크리오,84.9,3,2008,270000,2026,4,21,중개거래
송파구,거여동,e편한세상송파파크센트럴,84.98,14,2021,180000,2026,4,24,중개거래
송파구,문정동,문정시영,39.69,10,1989,121000,2026,4,24,중개거래
송파구,신천동,파크리오,35.24,13,2008,139800,2026,4,4,중개거래
송파구,풍납동,현대리버빌2지구,40.95,16,1999,74000,2026,4,24,중개거래
송파구,가락동,카나피아Ⅱ,84.69,2,2003,69000,2026,4,9,직거래
송파구,문정동,올림픽훼밀리타운,117.585,2,1988,266000,2026,4,16,중개거래
송파구,잠실동,레이크팰리스,84.82,10,2006,297500,2026,4,24,중개거래
송파구,송파동,래미안송파파인탑,64.66,22,2012,207000,2026,4,24,중개거래
송파구,풍납동,동아한가람1,84.38,1,1995,128000,2026,4,24,중개거래
송파구,가락동,래미안파크팰리스,59.968,15,2007,197500,2026,4,24,중개거래
송파구,방이동,올림픽선수기자촌3단지,83.06,22,1988,287000,2026,4,24,중개거래
송파구,가락동,헬리오시티,84.99,20,2018,286000,2026,4,15,중개거래
송파구,방이동,대림,125.075,13,1985,255000,2026,4,20,중개거래
송파구,신천동,파크리오,84.79,16,2008,270000,2026,4,23,중개거래
송파구,가락동,신한에스빌-미지엔,84.99,8,2002,116000,2026,4,23,중개거래
송파구,신천동,파크리오,84.79,20,2008,284000,2026,4,13,중개거래
송파구,잠실동,리센츠,84.99,7,2008,325000,2026,4,20,중개거래
송파구,잠실동,트리지움,84.95,26,2007,302000,2026,4,14,중개거래
송파구,오금동,올림픽파크센트레빌,84.9071,7,2009,157000,2026,4,23,중개거래
송파구,잠실동,잠실엘스,84.8,12,2008,337500,2026,4,23,중개거래
송파구,신천동,장미2,99,14,1979,343000,2026,4,22,중개거래
송파구,신천동,파크리오,84.79,16,2008,270000,2026,4,23,중개거래
송파구,문정동,올림픽훼밀리타운,136.325,5,1988,290000,2026,4,23,중개거래
송파구,잠실동,트리지움,84.83,12,2007,310000,2026,4,9,중개거래
송파구,마천동,씨티빌,84.68,5,2003,71000,2026,4,18,중개거래
송파구,신천동,파크리오,59.95,4,2008,256000,2026,4,7,중개거래
송파구,장지동,위례24단지(꿈에그린),51.77,9,2013,156000,2026,4,22,중개거래
송파구,잠실동,리센츠,27.68,22,2008,175000,2026,4,16,중개거래
송파구,잠실동,리센츠,124.22,7,2008,400000,2026,4,11,중개거래
송파구,잠실동,잠실엘스,59.96,10,2008,285000,2026,4,6,중개거래
송파구,잠실동,잠실엘스,59.96,19,2008,282000,2026,4,2,중개거래
송파구,문정동,문정시영,39.69,8,1989,105000,2026,4,22,중개거래
송파구,가락동,가락(1차)쌍용아파트,59.92,16,1997,187500,2026,4,22,중개거래
송파구,장지동,위례24단지(꿈에그린),75.97,7,2013,199000,2026,4,14,중개거래
송파구,오금동,다성파크뷰,73.4,7,2002,79000,2026,4,22,중개거래
송파구,가락동,헬리오시티,39.1,16,2018,180000,2026,4,22,중개거래
송파구,문정동,올림픽훼밀리타운,84.705,9,1988,248000,2026,4,22,중개거래
송파구,신천동,장미2,82.45,5,1979,310000,2026,4,22,중개거래
송파구,신천동,잠실더샵스타파크,173.17,35,2008,307000,2026,4,2,중개거래
송파구,방이동,한양3,84.92,3,1985,235000,2026,4,22,중개거래
송파구,가락동,헬리오시티,99.6,10,2018,316500,2026,4,17,중개거래
송파구,송파동,호수임광,56.6,9,1995,94000,2026,4,22,중개거래
송파구,오금동,현대백조,31,1,1997,67200,2026,4,22,중개거래
송파구,마천동,송파파크데일2단지,114.91,6,2011,143000,2026,4,10,중개거래
송파구,방이동,신동아타워,50.4,12,1995,60500,2026,4,21,중개거래
송파구,잠실동,트리지움,84.83,9,2007,300000,2026,4,8,중개거래
송파구,신천동,파크리오,35.24,9,2008,140000,2026,4,22,중개거래
송파구,가락동,테라펠리체송파,29.1078,7,2021,58500,2026,4,22,중개거래
송파구,잠실동,잠실엘스,59.96,16,2008,283000,2026,4,2,중개거래
송파구,거여동,거여5단지,59.74,7,1997,120000,2026,4,22,중개거래
송파구,방이동,원진아뜨리에,125.75,1,2004,118000,2026,4,10,직거래
송파구,방이동,올림픽선수기자촌1단지,83.06,3,1988,272000,2026,4,21,중개거래
송파구,문정동,올림픽훼밀리타운,84.751,9,1988,240000,2026,4,3,직거래
송파구,잠실동,잠실엘스,84.97,19,2008,340000,2026,4,13,중개거래
송파구,잠실동,트리지움,59.88,24,2007,269000,2026,4,9,중개거래
송파구,송파동,한양아파트,119.68,8,1983,244000,2026,4,8,중개거래
송파구,거여동,쌍용스윗닷홈2차,104.04,3,2006,109000,2026,4,20,중개거래
송파구,신천동,파크리오,59.95,11,2008,261000,2026,4,10,중개거래
송파구,가락동,헬리오시티,84.95,12,2018,297000,2026,4,22,중개거래
송파구,잠실동,잠실엘스,59.96,14,2008,285000,2026,4,22,중개거래
송파구,송파동,호수,53,4,2000,63700,2026,4,10,중개거래
송파구,장지동,송파파인타운4단지,84.95,3,2008,180000,2026,4,18,중개거래
송파구,잠실동,리센츠,84.99,28,2008,320000,2026,4,10,중개거래
송파구,신천동,파크리오,35.24,11,2008,139000,2026,4,21,중개거래
송파구,잠실동,우성아파트,131.08,3,1981,383000,2026,4,21,중개거래
송파구,오금동,현대백조,31,10,1997,68000,2026,4,17,중개거래
송파구,가락동,헬리오시티,49.29,9,2018,233000,2026,4,21,중개거래
송파구,장지동,위례신도시송파푸르지오,108.8164,8,2015,230000,2026,4,17,중개거래
송파구,잠실동,트리지움,84.83,9,2007,305000,2026,4,21,중개거래
송파구,가락동,헬리오시티,110.66,7,2018,310000,2026,4,3,중개거래
송파구,장지동,힐스테이트송파위례,101.8,29,2016,224000,2026,4,21,중개거래
송파구,장지동,위례24단지(꿈에그린),51.77,17,2013,160000,2026,4,21,중개거래
송파구,잠실동,트리지움,84.95,8,2007,315000,2026,4,20,중개거래
송파구,가락동,가락쌍용(2차),59.88,4,1999,155000,2026,4,21,중개거래
송파구,문정동,문정시영,25.65,13,1989,59900,2026,4,21,중개거래
송파구,문정동,힐스테이트e편한세상문정,59.94,13,2024,175000,2026,4,21,중개거래
송파구,송파동,경남레이크파크,149.89,7,1999,217000,2026,4,7,중개거래
송파구,신천동,파크리오,84.79,9,2008,291000,2026,4,16,중개거래
송파구,가락동,테라펠리체송파,44.0351,8,2021,83000,2026,4,13,중개거래
송파구,가락동,그린아파트,84.99,4,1996,81500,2026,4,20,중개거래
송파구,잠실동,트리지움,84.83,15,2007,295000,2026,4,12,중개거래
송파구,장지동,송파파인타운10단지,59.96,14,2007,161900,2026,4,20,중개거래
송파구,거여동,거여5단지,59.74,4,1997,120000,2026,4,18,중개거래
송파구,풍납동,한강극동,59.26,7,1995,141000,2026,4,18,중개거래
송파구,신천동,파크리오,35.24,15,2008,140000,2026,4,10,중개거래
송파구,신천동,장미2,82.45,1,1979,303000,2026,4,18,중개거래
송파구,가락동,헬리오시티,84.95,23,2018,277000,2026,4,20,중개거래
송파구,오금동,우창,109.72,3,1985,184250,2026,4,20,중개거래
송파구,장지동,송파더센트레,51.82,6,2013,152500,2026,4,20,중개거래
송파구,문정동,문정래미안,120.97,13,2004,218000,2026,4,3,중개거래
송파구,신천동,장미2,82.45,11,1979,316000,2026,4,20,중개거래
송파구,잠실동,리센츠,27.68,23,2008,150000,2026,4,20,중개거래
송파구,문정동,문정시영,35.46,6,1989,81500,2026,4,1,중개거래
송파구,잠실동,잠실엘스,59.96,14,2008,278000,2026,4,4,중개거래
송파구,방이동,올림픽선수기자촌3단지,163.44,11,1988,417000,2026,4,10,중개거래
송파구,마천동,마천금호어울림1차아파트,114.81,8,2002,125000,2026,4,16,중개거래
송파구,거여동,거여2단지효성아파트,101.95,15,1997,150000,2026,4,20,중개거래
송파구,석촌동,로쟌뷰,129.32,9,2005,177000,2026,4,8,중개거래
송파구,거여동,거여5단지,59.74,11,1997,133000,2026,4,20,중개거래
송파구,거여동,현대2차,82.96,11,1992,120000,2026,4,7,중개거래
송파구,문정동,올림픽훼밀리타운,84.751,1,1988,247000,2026,4,17,중개거래
송파구,가락동,테라펠리체송파,29.4206,3,2021,57000,2026,4,20,중개거래
송파구,잠실동,리센츠,59.99,14,2008,283000,2026,4,16,중개거래
송파구,방이동,코오롱아파트,84.95,2,1991,168500,2026,4,20,직거래
송파구,신천동,장미1,71.2,4,1979,280000,2026,4,28,중개거래
송파구,가락동,헬리오시티,84.98,24,2018,289000,2026,4,17,중개거래
송파구,잠실동,트리지움,114.7,4,2007,339000,2026,4,20,중개거래
송파구,거여동,현대3차,84.94,3,1993,120000,2026,4,19,중개거래
송파구,문정동,문정시영,46.26,8,1989,116000,2026,4,18,중개거래
송파구,삼전동,현대1,82,4,1989,150000,2026,4,9,중개거래
송파구,송파동,현대,59.91,2,1997,148000,2026,4,18,중개거래
송파구,거여동,거여1단지,49.8,6,1997,113800,2026,4,17,중개거래
송파구,풍납동,잠실올림픽공원아이파크,84.99,26,2019,250000,2026,4,18,중개거래
송파구,문정동,건영1,84.39,4,1996,173000,2026,4,18,중개거래
송파구,문정동,문정시영,39.69,6,1989,101500,2026,4,17,중개거래
송파구,잠실동,리센츠,27.68,4,2008,174500,2026,4,18,중개거래
송파구,가락동,헬리오시티,59.96,12,2018,250000,2026,4,15,중개거래
송파구,풍납동,신성노바빌아파트,59.78,6,2000,110000,2026,4,18,중개거래
송파구,장지동,송파파인타운3단지,84.93,9,2008,171000,2026,4,18,중개거래
송파구,장지동,송파파인타운1단지,84.95,5,2010,173500,2026,4,18,중개거래
송파구,잠실동,리센츠,27.68,30,2008,145000,2026,4,18,중개거래
송파구,오금동,삼성,73.59,1,1989,115000,2026,4,18,중개거래
송파구,잠실동,우성아파트,131.08,8,1981,363000,2026,4,18,중개거래
송파구,잠실동,잠실엘스,59.96,10,2008,280000,2026,4,17,중개거래
송파구,문정동,문정시영,25.65,5,1989,68000,2026,4,17,중개거래
송파구,문정동,문정대우푸르지오1차,59.84,5,1999,149000,2026,4,17,중개거래
송파구,가락동,강남팰리스,57.63,2,2022,73000,2026,4,6,직거래
송파구,방이동,올림픽선수기자촌1단지,100.82,11,1988,295500,2026,4,13,중개거래
송파구,문정동,문정시영,39.69,1,1989,97900,2026,4,17,중개거래
송파구,장지동,위례24단지(꿈에그린),51.77,14,2013,155000,2026,4,17,중개거래
송파구,잠실동,리센츠,27.68,11,2008,150000,2026,4,17,중개거래
송파구,거여동,거여1단지,39.6,4,1997,88000,2026,4,17,중개거래
송파구,신천동,장미1,120,13,1979,377000,2026,4,16,중개거래
송파구,잠실동,리센츠,27.68,3,2008,141000,2026,4,15,중개거래
송파구,가락동,테라펠리체송파,29.1078,3,2021,58000,2026,4,17,중개거래
송파구,마천동,송파파크데일1단지,114.81,13,2011,135000,2026,4,17,중개거래
송파구,거여동,거여4단지,39.6,6,1997,92000,2026,4,17,중개거래
송파구,잠실동,트리지움,84.95,23,2007,318000,2026,4,17,중개거래
송파구,잠실동,잠실엘스,84.8,14,2008,332000,2026,4,6,중개거래
송파구,송파동,현대,59.91,14,1997,88100,2026,4,15,중개거래
송파구,잠실동,리센츠,84.99,12,2008,345000,2026,4,15,중개거래
송파구,가락동,동구햇살,69.4,3,2002,65000,2026,4,16,중개거래
송파구,장지동,송파파인타운8단지,59.97,16,2008,175000,2026,4,17,중개거래
송파구,잠실동,잠실엘스,59.96,15,2008,279000,2026,4,10,중개거래
송파구,신천동,한신잠실코아,41.99,15,1988,137500,2026,4,1,중개거래
송파구,잠실동,우성아파트,80.39,12,1981,280000,2026,4,16,중개거래
송파구,잠실동,트리지움,114.7,19,2007,360000,2026,4,16,중개거래
송파구,가락동,가락(1차)쌍용아파트,84.69,8,1997,203000,2026,4,17,중개거래
송파구,잠실동,리센츠,84.99,18,2008,323000,2026,4,6,중개거래
송파구,가락동,헬리오시티,39.12,4,2018,180000,2026,4,16,중개거래
송파구,신천동,파크리오,59.95,16,2008,266000,2026,4,16,중개거래
송파구,오금동,현대백조,78.59,16,1997,156500,2026,4,16,중개거래
송파구,신천동,잠실아이스페이스,84.69,17,2001,137500,2026,4,6,중개거래
송파구,풍납동,극동,79.945,9,1987,172000,2026,4,13,중개거래
송파구,신천동,장미2,82.45,14,1979,302000,2026,4,15,중개거래
송파구,신천동,장미2,71.2,4,1979,280000,2026,4,15,중개거래
송파구,장지동,송파파인타운6단지,84.93,13,2008,188000,2026,4,15,중개거래
송파구,장지동,위례24단지(꿈에그린),51.77,5,2013,149000,2026,4,15,중개거래
송파구,풍납동,현대리버빌2지구,59.4,7,1999,110000,2026,4,15,중개거래
송파구,잠실동,트리지움,84.97,1,2007,288500,2026,4,4,중개거래
송파구,신천동,장미1,120,5,1979,375000,2026,4,14,중개거래
송파구,잠실동,잠실엘스,84.8,6,2008,316000,2026,4,4,중개거래
송파구,신천동,장미1,82.45,9,1979,310000,2026,4,16,중개거래
송파구,잠실동,주공아파트 5단지,76.5,5,1978,400700,2026,4,7,중개거래
송파구,문정동,현대,84.03,2,1991,100000,2026,4,15,중개거래
송파구,송파동,래미안송파파인탑,53.36,8,2012,200000,2026,4,15,중개거래
송파구,거여동,거여4단지,49.8,10,1997,119500,2026,4,15,중개거래
송파구,문정동,문정시영,39.69,9,1989,104000,2026,4,15,중개거래
송파구,오금동,상아2차아파트,45.77,3,1988,134400,2026,4,15,중개거래
송파구,문정동,문정시영,25.65,2,1989,69500,2026,4,15,중개거래
송파구,잠실동,트리지움,84.95,29,2007,310000,2026,4,15,중개거래
송파구,잠실동,파크인-수,143.7984,7,2010,150000,2026,4,3,중개거래
송파구,거여동,거여1단지,39.6,6,1997,89000,2026,4,15,중개거래
송파구,신천동,파크리오,84.79,11,2008,280000,2026,4,15,중개거래
송파구,문정동,문정시영,39.69,3,1989,98000,2026,4,1,중개거래
송파구,가락동,가락(1차)쌍용아파트,84.69,8,1997,201000,2026,4,15,중개거래
송파구,풍납동,현대1,83.02,18,1995,184000,2026,4,9,중개거래
송파구,잠실동,리센츠,27.68,4,2008,154000,2026,4,10,중개거래
송파구,마천동,송파파크데일1단지,84.13,4,2011,90000,2026,4,15,직거래
송파구,장지동,송파파인타운5단지,84.93,3,2008,192000,2026,4,15,중개거래
송파구,잠실동,잠실엘스,84.8,5,2008,340000,2026,4,9,중개거래
송파구,잠실동,트리지움,84.83,18,2007,322000,2026,4,4,중개거래
송파구,풍납동,쌍용,84.85,12,1994,160000,2026,4,14,중개거래
송파구,가락동,헬리오시티,84.99,1,2018,256500,2026,4,14,중개거래
송파구,신천동,파크리오,59.86,7,2008,267000,2026,4,14,중개거래
송파구,장지동,위례24단지(꿈에그린),51.77,14,2013,156000,2026,4,14,중개거래
송파구,거여동,거여4단지,59.73,10,1997,136500,2026,4,14,중개거래
송파구,가락동,동궁리치웰(102동),83.9,9,2005,122500,2026,4,9,중개거래
송파구,잠실동,리센츠,27.68,11,2008,155000,2026,4,14,중개거래
송파구,방이동,대림,125.075,7,1985,250000,2026,4,3,중개거래
송파구,장지동,위례24단지(꿈에그린),51.77,10,2013,156500,2026,4,10,중개거래
송파구,잠실동,레이크팰리스,59.97,28,2006,257000,2026,4,8,중개거래
송파구,마천동,송파파크데일2단지,114.81,3,2011,143000,2026,4,14,중개거래
송파구,잠실동,현대,84.68,6,1990,188500,2026,4,11,중개거래
송파구,풍납동,신성노바빌아파트,84.96,12,2000,100000,2026,4,9,중개거래
송파구,잠실동,갤러리아팰리스,123.291,9,2005,275000,2026,4,14,중개거래
송파구,잠실동,잠실엘스,84.8,21,2008,331000,2026,4,7,중개거래
송파구,가락동,테라펠리체송파,29.1078,8,2021,59500,2026,4,6,중개거래
송파구,풍납동,이트리움송파(281-4),73.45,3,2024,77425,2026,4,13,직거래
송파구,문정동,문정시영,35.46,6,1989,81000,2026,4,14,중개거래
송파구,잠실동,리센츠,84.99,2,2008,300000,2026,4,9,중개거래
송파구,잠실동,리센츠,84.99,27,2008,339500,2026,4,3,중개거래
송파구,잠실동,리센츠,27.68,14,2008,163000,2026,4,10,중개거래
송파구,신천동,한신잠실코아,41.99,11,1988,135000,2026,4,3,중개거래
송파구,잠실동,리센츠,84.99,15,2008,350000,2026,4,7,중개거래
송파구,거여동,거여4단지,59.73,5,1997,79500,2026,4,10,직거래
송파구,신천동,파크리오,84.79,5,2008,274000,2026,4,1,중개거래
송파구,풍납동,현대리버빌1지구,47.4,3,1999,93000,2026,4,13,중개거래
송파구,풍납동,금강캐스빌,84.1,6,2010,82000,2026,4,13,중개거래
송파구,가락동,헬리오시티,84.98,9,2018,274500,2026,4,2,중개거래
송파구,잠실동,잠실엘스,84.88,14,2008,337000,2026,4,8,중개거래
송파구,방이동,한양3,126.9,7,1985,253000,2026,4,1,중개거래
송파구,잠실동,우성아파트,160.74,8,1981,433000,2026,4,10,중개거래
송파구,신천동,파크리오,84.79,14,2008,292000,2026,4,3,중개거래
송파구,잠실동,트리지움,84.83,18,2007,310000,2026,4,3,중개거래
송파구,문정동,문정시영,25.65,4,1989,68000,2026,4,13,중개거래
송파구,문정동,문정가락현대1차,84.98,4,1984,196000,2026,4,13,중개거래
송파구,잠실동,현대,84.68,3,1990,190500,2026,4,10,중개거래
송파구,문정동,힐스테이트e편한세상문정,84.98,13,2024,176500,2026,4,11,중개거래
송파구,가락동,헬리오시티,49.29,8,2018,217000,2026,4,9,중개거래
송파구,잠실동,리센츠,84.99,8,2008,330000,2026,4,12,중개거래
송파구,잠실동,잠실엘스,84.8,16,2008,320000,2026,4,3,중개거래
송파구,잠실동,리센츠,27.68,18,2008,163300,2026,4,11,중개거래
송파구,잠실동,잠실엘스,84.8,18,2008,325000,2026,4,11,중개거래
송파구,거여동,e편한세상송파파크센트럴,113.63,25,2021,200000,2026,4,8,중개거래
송파구,신천동,파크리오,84.79,31,2008,280000,2026,4,11,중개거래
송파구,잠실동,잠실엘스,59.96,5,2008,280000,2026,4,8,중개거래
송파구,거여동,거여1단지,39.6,4,1997,88300,2026,4,9,중개거래
송파구,가락동,가락(1차)쌍용아파트,59.92,3,1997,183000,2026,4,11,중개거래
송파구,장지동,위례24단지(꿈에그린),51.78,8,2013,160000,2026,4,11,중개거래
송파구,문정동,문정시영,39.69,9,1989,103000,2026,4,11,중개거래
송파구,문정동,문정시영,39.69,6,1989,102000,2026,4,11,중개거래
송파구,문정동,올림픽훼밀리타운,84.705,4,1988,250000,2026,4,10,중개거래
송파구,문정동,문정래미안,150.58,19,2004,200000,2026,4,3,중개거래
송파구,문정동,올림픽훼밀리타운,84.751,5,1988,255000,2026,4,3,중개거래
송파구,잠실동,리센츠,84.99,19,2008,341000,2026,4,3,중개거래
송파구,가락동,헬리오시티,99.6,5,2018,310000,2026,4,11,중개거래
송파구,송파동,래미안송파파인탑,64.66,19,2012,215000,2026,4,11,중개거래
송파구,장지동,위례24단지(꿈에그린),59.63,3,2013,174000,2026,4,11,중개거래
송파구,문정동,문정시영,39.69,14,1989,101500,2026,4,11,중개거래
송파구,가락동,우성,58.46,1,1986,175000,2026,4,11,중개거래
송파구,오금동,상아2차아파트,45.77,11,1988,134500,2026,4,7,중개거래
송파구,송파동,송파삼성래미안아파트,87.98,14,2001,207000,2026,4,11,중개거래
송파구,신천동,장미1,182.01,2,1979,459000,2026,4,8,중개거래
송파구,송파동,현대,59.91,8,1997,152000,2026,4,10,중개거래
송파구,가락동,가락(1차)쌍용아파트,84.69,13,1997,202000,2026,4,10,중개거래
송파구,거여동,거여1단지,49.8,3,1997,108000,2026,4,10,중개거래
송파구,거여동,거여1단지,49.8,8,1997,110000,2026,4,10,중개거래
송파구,가락동,가락미륭아파트,50,6,1986,152000,2026,4,9,중개거래
송파구,신천동,파크리오,84.9,7,2008,275000,2026,4,8,중개거래
송파구,잠실동,리센츠,27.68,9,2008,150000,2026,4,11,중개거래
송파구,잠실동,리센츠,27.68,26,2008,150000,2026,4,3,중개거래
송파구,거여동,거여2단지효성아파트,134.88,3,1997,150000,2026,4,9,중개거래
송파구,문정동,문정시영,39.69,14,1989,103000,2026,4,4,중개거래
송파구,문정동,문정시영,35.46,7,1989,83000,2026,4,9,중개거래
송파구,방이동,올림픽선수기자촌2단지,128.97,1,1988,370000,2026,4,9,중개거래
송파구,잠실동,레이크팰리스,116.19,12,2006,340000,2026,4,6,중개거래
송파구,잠실동,리센츠,84.99,4,2008,340000,2026,4,8,중개거래
송파구,오금동,상아2차아파트,45.77,2,1988,135000,2026,4,9,중개거래
송파구,풍납동,신성노바빌아파트,84.96,18,2000,148000,2026,4,9,중개거래
송파구,문정동,올림픽훼밀리타운,158.705,3,1988,320000,2026,4,9,중개거래
송파구,잠실동,트리지움,59.88,18,2007,272000,2026,4,4,중개거래
송파구,신천동,파크리오,59.95,3,2008,239000,2026,4,6,직거래
송파구,잠실동,잠실엘스,84.8,14,2008,310000,2026,4,6,중개거래
송파구,문정동,파크하비오,84.9725,10,2016,198000,2026,4,8,중개거래
송파구,신천동,한신잠실코아,41.99,2,1988,138000,2026,4,4,중개거래
송파구,오금동,송파더플래티넘,52.6,5,2024,120000,2026,4,9,중개거래
송파구,잠실동,트리지움,84.83,18,2007,313000,2026,4,6,중개거래
송파구,가락동,헬리오시티,84.99,20,2018,284000,2026,4,9,중개거래
송파구,거여동,현대1차,84.91,8,1992,134500,2026,4,9,중개거래
송파구,풍납동,동아한가람1,84.38,18,1995,150000,2026,4,9,중개거래
송파구,송파동,현대,59.91,14,1997,153700,2026,4,8,중개거래
송파구,방이동,올림픽파크리움,26.665,19,2016,40500,2026,4,1,중개거래
송파구,잠실동,리센츠,84.99,2,2008,294000,2026,4,6,중개거래
송파구,풍납동,갑을,59.73,4,1996,82000,2026,4,8,중개거래
송파구,잠실동,트리지움,59.88,16,2007,269000,2026,4,7,중개거래
송파구,가락동,헬리오시티,84.95,17,2018,271000,2026,4,3,중개거래
송파구,잠실동,갤러리아팰리스,151.999,20,2005,300000,2026,4,7,중개거래
송파구,가락동,대림,84.11,6,1988,130000,2026,4,7,직거래
송파구,가락동,헬리오시티,110.44,3,2018,290000,2026,4,7,중개거래
송파구,가락동,헬리오시티,84.99,1,2018,269000,2026,4,8,중개거래
송파구,거여동,삼호아파트,84.96,18,1999,106400,2026,4,8,중개거래
송파구,방이동,광명아파트,70.55,6,2007,80000,2026,4,8,중개거래
송파구,오금동,송파레미니스,84.94,15,2017,175000,2026,4,8,중개거래
송파구,가락동,가락미륭아파트,83.58,5,1986,186000,2026,4,8,중개거래
송파구,풍납동,현대리버빌2지구,40.95,5,1999,71000,2026,4,8,중개거래
송파구,신천동,장미1,82.45,12,1979,307000,2026,4,3,중개거래
송파구,신천동,장미1,71.2,10,1979,280000,2026,4,7,중개거래
송파구,잠실동,리센츠,84.99,28,2008,335000,2026,4,4,중개거래
송파구,석촌동,석촌동효신아파트,60.96,5,2011,59700,2026,4,7,중개거래
송파구,잠실동,리센츠,27.68,23,2008,157000,2026,4,7,중개거래
송파구,마천동,신동아,59.88,6,2001,70500,2026,4,7,중개거래
송파구,문정동,문정시영,39.69,9,1989,105000,2026,4,1,중개거래
송파구,잠실동,리센츠,84.99,5,2008,335000,2026,4,3,중개거래
송파구,잠실동,레이크팰리스,116.19,8,2006,340000,2026,4,7,중개거래
송파구,잠실동,레이크팰리스,59.97,21,2006,272000,2026,4,4,중개거래
송파구,가락동,대련,94.14,8,2001,72500,2026,4,7,중개거래
송파구,오금동,상아2차아파트,45.77,11,1988,134500,2026,4,7,중개거래
송파구,잠실동,잠실엘스,84.8,9,2008,310000,2026,4,6,중개거래
송파구,잠실동,잠실엘스,119.93,16,2008,450000,2026,4,7,중개거래
송파구,가락동,헬리오시티,84.95,29,2018,280000,2026,4,7,중개거래
송파구,잠실동,리센츠,84.99,22,2008,336000,2026,4,7,중개거래
송파구,잠실동,잠실엘스,84.8,19,2008,310000,2026,4,4,중개거래
송파구,풍납동,현대1,71.17,9,1995,159000,2026,4,6,중개거래
송파구,마천동,송파파크데일2단지,114.91,12,2011,151000,2026,4,6,중개거래
송파구,가락동,대림,113.08,12,1988,100000,2026,4,6,중개거래
송파구,잠실동,트리지움,84.95,30,2007,305000,2026,4,3,중개거래
송파구,오금동,현대백조,31,2,1997,66000,2026,4,4,중개거래
송파구,가락동,가락미륭아파트,50,9,1986,161000,2026,4,17,중개거래
송파구,송파동,래미안송파파인탑,64.66,20,2012,201000,2026,4,6,중개거래
송파구,방이동,올림픽베어스타운1,84.24,7,1996,152000,2026,4,3,중개거래
송파구,가락동,헬리오시티,84.98,24,2018,275000,2026,4,6,중개거래
송파구,가락동,헬리오시티,84.98,27,2018,269500,2026,4,4,중개거래
송파구,방이동,올림픽선수기자촌1단지,84.96,1,1988,280000,2026,4,6,중개거래
송파구,잠실동,잠실엘스,84.8,9,2008,325000,2026,4,3,중개거래
송파구,오금동,엘리시움아파트,64.7,9,2017,84000,2026,4,4,중개거래
송파구,신천동,잠실아이스페이스,84.56,21,2001,137500,2026,4,4,중개거래
송파구,거여동,거여4단지,59.73,11,1997,139000,2026,4,5,중개거래
송파구,문정동,문정시영,39.69,9,1989,106000,2026,4,4,중개거래
송파구,송파동,래미안송파파인탑,64.66,17,2012,203000,2026,4,4,중개거래
송파구,거여동,송파위례리슈빌,111.5354,3,2021,204500,2026,4,3,중개거래
송파구,잠실동,리센츠,27.68,26,2008,183000,2026,4,4,중개거래
송파구,문정동,문정시영,46.26,7,1989,110000,2026,4,4,중개거래
송파구,풍납동,한강극동,84.76,16,1995,160000,2026,4,4,중개거래
송파구,오금동,현대백조,31,5,1997,66500,2026,4,4,중개거래
송파구,신천동,파크리오,84.79,4,2008,287000,2026,4,3,중개거래
송파구,송파동,래미안송파파인탑,64.66,23,2012,210000,2026,4,3,중개거래
송파구,잠실동,레이크팰리스,135.82,13,2006,402000,2026,4,3,중개거래
송파구,문정동,주성파크뷰,84.26,2,2003,56500,2026,4,3,중개거래
송파구,잠실동,잠실엘스,84.8,9,2008,322000,2026,4,2,중개거래
송파구,풍납동,현대리버빌1지구,43.2,7,1999,100000,2026,4,3,중개거래
송파구,신천동,한신잠실코아,41.99,12,1988,137000,2026,4,1,중개거래
송파구,잠실동,주공아파트 5단지,82.51,4,1978,434500,2026,4,2,중개거래
송파구,잠실동,잠실엘스,84.88,7,2008,339000,2026,4,2,중개거래
송파구,잠실동,잠실엘스,59.96,23,2008,295000,2026,4,2,중개거래
송파구,가락동,헬리오시티,110.44,16,2018,315000,2026,4,2,중개거래
송파구,송파동,현대,84.96,3,1997,160000,2026,4,2,중개거래
송파구,잠실동,리센츠,84.99,11,2008,350000,2026,4,3,중개거래
송파구,거여동,거여4단지,49.8,4,1997,108000,2026,4,5,중개거래
송파구,방이동,대림,153.475,2,1985,270000,2026,4,2,중개거래
송파구,잠실동,잠실엘스,84.8,15,2008,336000,2026,4,2,중개거래
송파구,방이동,올림픽선수기자촌3단지,100.31,10,1988,300000,2026,4,2,중개거래
송파구,잠실동,잠실엘스,84.8,9,2008,303000,2026,4,2,중개거래
송파구,잠실동,갤러리아팰리스,123.291,39,2005,299900,2026,4,2,중개거래
송파구,신천동,장미1,71.2,2,1979,270000,2026,4,2,중개거래
송파구,가락동,헬리오시티,99.6,1,2018,235000,2026,4,2,중개거래
송파구,방이동,올림픽카운티,56.22,9,2003,61000,2026,4,1,중개거래
송파구,가락동,그린아파트,55.62,8,1996,50700,2026,4,2,중개거래
송파구,풍납동,이트리움송파(281-4),79.75,7,2024,104215,2026,4,1,직거래
송파구,마천동,송파파크데일1단지,84.85,9,2011,137000,2026,4,1,중개거래
송파구,오금동,상아2차아파트,45.77,4,1988,133500,2026,4,1,중개거래
송파구,방이동,코오롱아파트,84.95,10,1991,200000,2026,4,1,중개거래
송파구,거여동,거여4단지,59.73,2,1997,126000,2026,4,1,중개거래
송파구,문정동,올림픽훼밀리타운,84.705,7,1988,245000,2026,4,20,중개거래
강동구,고덕동,래미안힐스테이트고덕,84.9,29,2016,200000,2026,4,25,중개거래
강동구,둔촌동,올림픽파크포레온,39.95,23,2024,168000,2026,4,24,중개거래
강동구,고덕동,고덕그라시움,73.566,10,2019,185000,2026,4,25,중개거래
강동구,천호동,다성시티아파트,84.46,5,2003,76000,2026,4,25,중개거래
강동구,둔촌동,올림픽파크포레온,39.95,22,2024,168500,2026,4,29,중개거래
강동구,길동,에이치비골드빌(102동),64.19,8,2004,68500,2026,4,22,중개거래
강동구,천호동,태천와이드빌,84.75,1,2000,60000,2026,4,10,중개거래
강동구,천호동,삼익아파트,59.58,12,1997,54000,2026,4,24,직거래
강동구,둔촌동,올림픽파크포레온,39.98,11,2024,170000,2026,4,24,중개거래
강동구,성내동,성내동삼성아파트,59.88,15,1999,136000,2026,4,21,중개거래
강동구,상일동,강동리엔파크14단지,49.69,5,2021,87000,2026,4,30,중개거래
강동구,상일동,고덕리엔파크3단지,84.87,3,2011,80000,2026,4,30,직거래
강동구,둔촌동,올림픽파크포레온,39.95,16,2024,162000,2026,4,30,중개거래
강동구,둔촌동,올림픽파크포레온,109.98,29,2024,334000,2026,4,22,중개거래
강동구,고덕동,고덕그라시움,84.24,14,2019,237000,2026,4,30,중개거래
강동구,명일동,우성102동,79.62,8,2004,89000,2026,4,29,중개거래
강동구,천호동,우성,84.93,8,1985,124000,2026,4,28,중개거래
강동구,고덕동,고덕그라시움,59.785,12,2019,188000,2026,4,28,중개거래
강동구,둔촌동,올림픽파크포레온,84.99,23,2024,287000,2026,4,20,중개거래
강동구,고덕동,고덕그라시움,73.873,25,2019,209000,2026,4,27,중개거래
강동구,길동,강동역에스케이허브,99.55,24,2006,92000,2026,4,25,중개거래
강동구,둔촌동,올림픽파크포레온,84.99,29,2024,287000,2026,4,17,중개거래
강동구,둔촌동,더샵파크솔레이유,59.86,10,2023,142000,2026,4,24,중개거래
강동구,성내동,한양립스,12.33,13,2014,9000,2026,4,29,중개거래
강동구,고덕동,고덕센트럴푸르지오,59.14,7,2020,153000,2026,4,18,중개거래
강동구,둔촌동,올림픽파크포레온,39.98,15,2024,170000,2026,4,18,중개거래
강동구,둔촌동,올림픽파크포레온,39.95,10,2024,165000,2026,4,20,중개거래
강동구,명일동,삼익가든,57.01,10,1984,135000,2026,4,15,중개거래
강동구,둔촌동,올림픽파크포레온,84.99,19,2024,275500,2026,4,22,중개거래
강동구,길동,삼익파크맨션,96.63,11,1982,144000,2026,4,15,중개거래
강동구,상일동,고덕아르테온,59.98,5,2020,179000,2026,4,21,중개거래
강동구,성내동,영풍마드레빌,74.36,4,2002,99500,2026,4,25,중개거래
강동구,길동,효성노바,57.98,7,2003,49000,2026,4,29,중개거래
강동구,천호동,삼익아파트,59.58,12,1997,54000,2026,4,17,직거래
강동구,암사동,선사현대아파트,58.68,16,2000,145000,2026,4,21,중개거래
강동구,길동,삼익파크맨션,151.44,12,1982,150000,2026,4,9,직거래
강동구,둔촌동,올림픽파크포레온,39.98,9,2024,174500,2026,4,25,중개거래
강동구,둔촌동,올림픽파크포레온,39.95,22,2024,170000,2026,4,21,중개거래
강동구,길동,한일시티타워(우성아트빌),104.62,6,2013,56000,2026,4,24,중개거래
강동구,고덕동,고덕그라시움,59.785,20,2019,198500,2026,4,21,중개거래
강동구,길동,강동헤리티지자이,59.98,24,2024,164000,2026,4,16,중개거래
강동구,둔촌동,올림픽파크포레온,39.95,20,2024,180000,2026,4,28,중개거래
강동구,길동,강동헤리티지자이,45.795,19,2024,139000,2026,4,25,중개거래
강동구,길동,현대웰하임(201동),14.468,4,2012,7900,2026,4,30,중개거래
강동구,천호동,강동역두산위브센티움,59.96,8,2004,73500,2026,4,28,중개거래
강동구,암사동,롯데캐슬퍼스트,112.11,9,2008,200000,2026,4,17,중개거래
강동구,길동,한일시티타워(우성아트빌),116.28,10,2013,60000,2026,4,21,중개거래
강동구,길동,한건,79.77,3,2001,63000,2026,4,25,중개거래
강동구,둔촌동,올림픽파크포레온,39.95,27,2024,160000,2026,4,29,중개거래
강동구,고덕동,고덕그라시움,59.785,18,2019,183000,2026,4,14,중개거래
강동구,고덕동,래미안힐스테이트고덕,97.26,6,2016,225000,2026,4,18,중개거래
강동구,명일동,삼익그린2차,128.16,4,1983,230000,2026,4,22,중개거래
강동구,길동,강동헤리티지자이,59.98,8,2024,160000,2026,4,30,중개거래
강동구,암사동,동원베네스트,72.23,11,2002,84900,2026,4,30,중개거래
강동구,명일동,래미안솔베뉴,59.11,15,2019,182000,2026,4,30,중개거래
강동구,고덕동,고덕그라시움,59.785,12,2019,188000,2026,4,7,중개거래
강동구,둔촌동,올림픽파크포레온,39.95,25,2024,168000,2026,4,30,중개거래
강동구,천호동,중앙하이츠,59.85,7,1998,75500,2026,4,12,중개거래
강동구,암사동,롯데캐슬퍼스트,84.98,28,2008,177500,2026,4,30,중개거래
강동구,고덕동,고덕그라시움,84.3,7,2019,225000,2026,4,30,중개거래
강동구,강일동,강일리버파크3단지,84.83,1,2009,116000,2026,4,30,중개거래
강동구,둔촌동,신성둔촌미소지움2,84.78,19,2000,150000,2026,4,30,중개거래
강동구,상일동,고덕자이,59.9398,12,2021,171000,2026,4,30,중개거래
강동구,천호동,래미안강동팰리스,84.97,27,2017,180000,2026,4,18,중개거래
강동구,명일동,다성이즈빌(명일4차),84.02,5,2005,67500,2026,4,25,중개거래
강동구,둔촌동,현대3,69.3,5,1988,100000,2026,4,29,중개거래
강동구,상일동,강동리엔파크14단지,49.69,9,2021,88000,2026,4,11,중개거래
강동구,길동,강동역에스케이허브,84.81,21,2006,85000,2026,4,18,중개거래
강동구,상일동,고덕아르테온,84.94,8,2020,225000,2026,4,20,중개거래
강동구,명일동,삼익그린2차,66.87,6,1983,173000,2026,4,29,중개거래
강동구,명일동,래미안솔베뉴,59.11,8,2019,179000,2026,4,29,중개거래
강동구,상일동,중앙하이츠,59.94,9,1992,114000,2026,4,29,중개거래
강동구,고덕동,고덕그라시움,73.566,7,2019,220000,2026,4,29,중개거래
강동구,둔촌동,올림픽파크포레온,39.95,11,2024,112000,2026,4,29,중개거래
강동구,암사동,선사현대아파트,59.64,3,2000,148000,2026,4,8,중개거래
강동구,천호동,늘푸른아파트,74.41,3,2006,60000,2026,4,22,중개거래
강동구,암사동,프라이어팰리스,84.975,15,2007,162000,2026,4,29,중개거래
강동구,명일동,삼익그린2차,54.81,12,1983,160000,2026,4,29,중개거래
강동구,둔촌동,더샵둔촌포레,93.5441,5,1984,173000,2026,4,25,중개거래
강동구,천호동,시티빌아파트,81.16,5,2006,66000,2026,4,28,중개거래
강동구,길동,이편한세상강동에코포레,84.97,7,2020,117000,2026,4,27,직거래
강동구,둔촌동,올림픽파크포레온,84.99,27,2024,272000,2026,4,13,중개거래
강동구,명일동,래미안솔베뉴,59.29,15,2019,180000,2026,4,18,중개거래
강동구,암사동,롯데캐슬퍼스트,84.81,32,2008,189000,2026,4,17,중개거래
강동구,고덕동,고덕그라시움,59.785,12,2019,193000,2026,4,28,중개거래
강동구,둔촌동,올림픽파크포레온,39.95,20,2024,165000,2026,4,23,중개거래
강동구,둔촌동,올림픽파크포레온,84.99,10,2024,275000,2026,4,27,중개거래
강동구,성내동,신일유토빌(603-0),55.76,6,2004,78000,2026,4,28,중개거래
강동구,성내동,힐데스하임올림픽파크아파트,80.04,5,2020,125000,2026,4,25,중개거래
강동구,천호동,래미안강동팰리스,84.97,43,2017,179000,2026,4,11,중개거래
강동구,상일동,고덕리엔파크3단지,84.96,7,2011,134500,2026,4,19,중개거래
강동구,천호동,천호엘크루,141.65,13,2008,125000,2026,4,27,중개거래
강동구,둔촌동,프라자,83.4,13,1984,146000,2026,4,26,중개거래
강동구,상일동,강동리엔파크14단지,59.94,4,2021,72000,2026,4,27,직거래
강동구,암사동,프라이어팰리스,114.272,10,2007,168000,2026,4,28,중개거래
강동구,암사동,대송,69.59,3,2003,61700,2026,4,21,중개거래
강동구,고덕동,고덕그라시움,84.244,19,2019,233000,2026,4,28,중개거래
강동구,고덕동,고덕그라시움,84.244,13,2019,234000,2026,4,25,중개거래
강동구,명일동,명일우성,133.65,5,1986,195000,2026,4,14,중개거래
강동구,암사동,프라이어팰리스,114.272,11,2007,172000,2026,4,22,중개거래
강동구,상일동,강동리엔파크14단지,49.69,4,2021,87000,2026,4,27,중개거래
강동구,성내동,성내동삼성아파트,59.88,5,1999,136000,2026,4,25,중개거래
강동구,고덕동,고덕그라시움,84.244,8,2019,240000,2026,4,27,중개거래
강동구,천호동,형인허브빌,75.81,6,2008,71000,2026,4,10,중개거래
강동구,천호동,강동역두산위브센티움,59.96,6,2004,70000,2026,4,27,중개거래
강동구,길동,강동헤리티지자이,59.98,15,2024,164500,2026,4,27,중개거래
강동구,천호동,강변그대가리버뷰,84.97,7,2007,149000,2026,4,25,중개거래
강동구,상일동,고덕롯데캐슬베네루체,84.923,15,2019,179000,2026,4,27,중개거래
강동구,길동,우림루미아트,84.07,4,2003,90000,2026,4,22,중개거래
강동구,길동,삼익파크맨션,130.84,4,1982,166000,2026,4,16,중개거래
강동구,암사동,선사현대아파트,59.64,3,2000,141000,2026,4,27,중개거래
강동구,암사동,힐스테이트 강동 리버뷰,59.9958,7,2019,149000,2026,4,25,중개거래
강동구,천호동,천호1차우림루미아트,83.71,6,2004,81300,2026,4,6,중개거래
강동구,암사동,암사e편한세상,84.98,12,2005,124000,2026,4,26,중개거래
강동구,명일동,래미안솔베뉴,84.63,7,2019,215000,2026,4,26,중개거래
강동구,길동,청광플러스원큐브2차,14.495,16,2013,9000,2026,4,7,중개거래
강동구,천호동,래미안강동팰리스,84.97,2,2017,170000,2026,4,18,중개거래
강동구,암사동,선사현대아파트,59.64,10,2000,151900,2026,4,25,중개거래
강동구,둔촌동,둔촌푸르지오,84.9,4,2010,170000,2026,4,17,중개거래
강동구,둔촌동,올림픽파크포레온,39.98,19,2024,170000,2026,4,18,중개거래
강동구,상일동,고덕센트럴IPARK,59.97,4,2019,155000,2026,4,11,중개거래
강동구,암사동,롯데캐슬퍼스트,84.81,10,2008,187000,2026,4,25,중개거래
강동구,상일동,고덕리엔파크3단지,84.96,10,2011,128000,2026,4,25,중개거래
강동구,고덕동,고덕 아이파크,114.98,11,2011,245000,2026,4,25,중개거래
강동구,강일동,강일리버파크7단지,84.83,8,2009,133000,2026,4,25,중개거래
강동구,암사동,한강현대,59.94,19,1999,127000,2026,4,25,중개거래
강동구,암사동,롯데캐슬퍼스트,111.22,30,2008,203000,2026,4,25,중개거래
강동구,고덕동,아남1,84.91,13,1996,149000,2026,4,25,중개거래
강동구,암사동,롯데캐슬퍼스트,59.99,13,2008,168000,2026,4,25,중개거래
강동구,고덕동,고덕그라시움,73.873,1,2019,190000,2026,4,25,중개거래
강동구,암사동,프라이어팰리스,84.988,20,2007,169000,2026,4,25,중개거래
강동구,강일동,강동리버스트8단지,49.74,9,2021,96000,2026,4,25,중개거래
강동구,고덕동,고덕그라시움,59.785,11,2019,186000,2026,4,25,중개거래
강동구,천호동,우성,64.53,12,1985,116000,2026,4,3,중개거래
강동구,천호동,래미안강동팰리스,84.97,29,2017,175000,2026,4,24,중개거래
강동구,명일동,고덕주공9,83.52,10,1985,172000,2026,4,23,중개거래
강동구,천호동,금호아파트,27.61,5,1987,34300,2026,4,23,중개거래
강동구,상일동,중앙하이츠,84.23,4,1992,132000,2026,4,24,중개거래
강동구,둔촌동,둔촌푸르지오,84.92,7,2010,164500,2026,4,25,중개거래
강동구,길동,길동우성,84.75,4,1994,120000,2026,4,23,중개거래
강동구,길동,장인이즈빌,66.439,9,2004,70000,2026,4,11,중개거래
강동구,천호동,우성,84.93,9,1985,123000,2026,4,8,중개거래
강동구,상일동,동아,59.25,18,1997,55000,2026,4,22,중개거래
강동구,상일동,중앙하이츠,84.23,10,1992,129000,2026,4,24,중개거래
강동구,상일동,고덕아르테온,59.98,9,2020,188000,2026,4,18,중개거래
강동구,길동,길동3차이룸,82.81,5,2005,65400,2026,4,7,중개거래
강동구,성내동,올림픽파크한양수자인,115.88,4,2016,199000,2026,4,3,중개거래
강동구,길동,예전이룸1차,76.57,9,2004,68800,2026,4,16,중개거래
강동구,둔촌동,올림픽파크포레온,84.99,12,2024,275000,2026,4,22,중개거래
강동구,길동,한일시티타워(우성아트빌),104.62,11,2013,56500,2026,4,21,중개거래
강동구,천호동,현대코아아파트,59.9,19,1999,63000,2026,4,4,중개거래
강동구,고덕동,래미안힐스테이트고덕,84.88,18,2016,196000,2026,4,23,중개거래
강동구,천호동,태천와이드빌,84.75,1,2000,60000,2026,4,10,중개거래
강동구,둔촌동,올림픽파크포레온,49.95,31,2024,197000,2026,4,23,중개거래
강동구,둔촌동,현대3,69.3,1,1988,90000,2026,4,23,중개거래
강동구,상일동,고덕롯데캐슬베네루체,84.923,10,2019,177500,2026,4,23,중개거래
강동구,고덕동,래미안힐스테이트고덕,84.9,3,2016,192500,2026,4,23,중개거래
강동구,고덕동,아남1,50.2,14,1996,123000,2026,4,23,중개거래
강동구,고덕동,고덕그라시움,113.192,26,2019,280000,2026,4,23,중개거래
강동구,암사동,한양그린,135.13,1,1992,89000,2026,4,21,중개거래
강동구,천호동,썬팰리스아파트,84.31,2,2010,70000,2026,4,11,중개거래
강동구,명일동,삼익그린2차,66.87,5,1983,173000,2026,4,21,중개거래
강동구,천호동,신동양빛여울아파트,67.74,6,2003,57000,2026,4,17,중개거래
강동구,강일동,강일리버파크3단지,59.87,4,2009,117000,2026,4,22,중개거래
강동구,고덕동,래미안힐스테이트고덕,84.9,17,2016,195000,2026,4,22,중개거래
강동구,암사동,선사현대아파트,72.85,18,2000,151000,2026,4,22,중개거래
강동구,암사동,선사현대아파트,59.64,4,2000,139500,2026,4,22,중개거래
강동구,상일동,고덕센트럴IPARK,74.88,10,2019,173000,2026,4,22,중개거래
강동구,암사동,선사현대아파트,59.64,12,2000,140000,2026,4,22,중개거래
강동구,상일동,고덕롯데캐슬베네루체,84.923,3,2019,185000,2026,4,17,중개거래
강동구,고덕동,아남1,50.2,1,1996,112000,2026,4,13,중개거래
강동구,길동,이스트드림힐,84.92,8,2003,69900,2026,4,17,중개거래
강동구,둔촌동,경방필하우스,84.89,5,2003,54200,2026,4,13,중개거래
강동구,천호동,금호아파트,27.61,9,1987,32000,2026,4,21,중개거래
강동구,길동,우림루미아트,84.07,5,2003,80800,2026,4,15,중개거래
강동구,암사동,에스엠해그린,82.62,1,2004,68000,2026,4,20,중개거래
강동구,둔촌동,둔촌하이츠,59.79,6,1998,115000,2026,4,17,중개거래
강동구,성내동,성내스테이,52.57,9,2018,68000,2026,4,17,중개거래
강동구,명일동,삼익그린2차,66.87,2,1983,175500,2026,4,22,중개거래
강동구,길동,하이브,83.87,5,2006,66000,2026,4,8,중개거래
강동구,고덕동,아남1,50.2,3,1996,117000,2026,4,22,중개거래
강동구,둔촌동,올림픽파크포레온,84.99,22,2024,292000,2026,4,21,중개거래
강동구,길동,다성이즈빌(387-4),32.4,13,2018,44000,2026,4,13,중개거래
강동구,둔촌동,올림픽파크포레온,95.97,6,2024,301000,2026,4,15,중개거래
강동구,명일동,신동아,112.93,3,1986,213000,2026,4,21,중개거래
강동구,고덕동,고덕그라시움,59.785,18,2019,193000,2026,4,21,중개거래
강동구,길동,해맞이에이동,83.8,2,2005,74000,2026,4,21,중개거래
강동구,천호동,동아하이빌아파트,59.98,24,2000,83000,2026,4,13,중개거래
강동구,천호동,이연아마빌레(293-8),114.85,8,2004,55000,2026,4,20,중개거래
강동구,성내동,해가든(454-1),138.14,6,2005,100000,2026,4,21,중개거래
강동구,암사동,동원베네스트,84.82,13,2002,86000,2026,4,18,중개거래
강동구,상일동,고덕롯데캐슬베네루체,59.981,5,2019,160000,2026,4,21,중개거래
강동구,성내동,둔촌역아치스톤(101동),84.96,12,2010,99000,2026,4,17,중개거래
강동구,길동,길동우성,84.75,5,1994,132200,2026,4,20,중개거래
강동구,길동,에스엠이로빌(379-0),84.89,1,2004,68500,2026,4,17,중개거래
강동구,성내동,다성이즈빌,75.8,3,2005,70000,2026,4,20,중개거래
강동구,성내동,샤인빌(B동),65,5,2003,48000,2026,4,18,중개거래
강동구,천호동,두산위브센티움,31.37,5,2004,17000,2026,4,20,중개거래
강동구,성내동,에스케이허브진,33.71,4,2004,32500,2026,4,14,중개거래
강동구,고덕동,고덕그라시움,59.785,11,2019,190000,2026,4,11,중개거래
강동구,강일동,고덕리엔파크2단지,59.72,2,2011,110500,2026,4,17,중개거래
강동구,천호동,삼익아파트,84.97,3,1997,92350,2026,4,16,중개거래
강동구,암사동,암사라인,84.87,9,1996,83500,2026,4,17,중개거래
강동구,상일동,고덕센트럴IPARK,59.97,7,2019,162000,2026,4,21,중개거래
강동구,상일동,고덕아르테온,84.97,14,2020,200000,2026,4,19,중개거래
강동구,상일동,강동리엔파크14단지,49.69,14,2021,86700,2026,4,11,중개거래
강동구,고덕동,고덕그라시움,73.873,6,2019,215000,2026,4,20,중개거래
강동구,강일동,힐스테이트리슈빌강일,84.6331,5,2023,148000,2026,4,20,중개거래
강동구,명일동,고덕주공9,83.34,11,1985,170000,2026,4,18,중개거래
강동구,길동,길동우성,84.75,4,1994,120000,2026,4,18,중개거래
강동구,고덕동,고덕그라시움,59.785,16,2019,200000,2026,4,13,중개거래
강동구,길동,다성이즈빌아파트(388-4),84.01,8,2004,88000,2026,4,20,중개거래
강동구,고덕동,고덕그라시움,97.784,27,2019,265000,2026,4,16,중개거래
강동구,강일동,고덕리엔파크1단지,84.83,13,2011,129000,2026,4,20,중개거래
강동구,길동,한일시티타워(우성아트빌),102.24,10,2013,56500,2026,4,20,중개거래
강동구,길동,한일시티타워(우성아트빌),65.43,15,2013,34000,2026,4,18,직거래
강동구,둔촌동,아인리베,83.82,7,2005,100000,2026,4,17,중개거래
강동구,길동,한일시티타워(우성아트빌),111.875,13,2013,60000,2026,4,16,중개거래
강동구,길동,삼익파크맨션,97.21,8,1982,145000,2026,4,19,중개거래
강동구,상일동,중앙하이츠,52.74,12,1992,105000,2026,4,7,중개거래
강동구,고덕동,래미안힐스테이트고덕,84.9,6,2016,199500,2026,4,18,중개거래
강동구,천호동,현대코아아파트,59.9,6,1999,65000,2026,4,4,중개거래
강동구,길동,강동헤리티지자이,59.98,27,2024,170000,2026,4,18,중개거래
강동구,천호동,래미안강동팰리스,59.98,12,2017,145000,2026,4,18,중개거래
강동구,길동,예건타워빌,80.73,5,2005,64000,2026,4,18,중개거래
강동구,상일동,고덕자이,74.3069,20,2021,179000,2026,4,18,중개거래
강동구,상일동,고덕아르테온,59.98,8,2020,183000,2026,4,18,중개거래
강동구,암사동,롯데캐슬퍼스트,84.81,5,2008,175000,2026,4,16,중개거래
강동구,암사동,선사현대아파트,59.64,12,2000,157700,2026,4,18,중개거래
강동구,천호동,창대캐슬,67.83,4,2003,88000,2026,4,18,중개거래
강동구,명일동,신동아,127.33,5,1986,226000,2026,4,18,중개거래
강동구,상일동,고덕자이,74.3069,2,2021,178200,2026,4,18,중개거래
강동구,고덕동,아남1,84.91,4,1996,148000,2026,4,18,중개거래
강동구,암사동,선사현대아파트,59.64,7,2000,153000,2026,4,18,중개거래
강동구,둔촌동,둔촌푸르지오,84.9,10,2010,163000,2026,4,18,중개거래
강동구,암사동,롯데캐슬퍼스트,59.99,22,2008,176000,2026,4,17,중개거래
강동구,고덕동,고덕그라시움,73.566,19,2019,212000,2026,4,11,중개거래
강동구,둔촌동,신성둔촌미소지움1,59.78,18,1998,135000,2026,4,17,중개거래
강동구,천호동,골드하임(101동),84.97,7,2005,66200,2026,4,17,중개거래
강동구,암사동,암사라인,84.87,10,1996,85000,2026,4,18,중개거래
강동구,고덕동,고덕그라시움,59.785,6,2019,190000,2026,4,18,중개거래
강동구,명일동,고덕주공9,83.21,9,1985,173800,2026,4,17,중개거래
강동구,강일동,강일리버파크5단지,84.83,5,2009,110000,2026,4,17,중개거래
강동구,상일동,강동리엔파크14단지,49.69,2,2021,85500,2026,4,17,중개거래
강동구,강일동,힐스테이트리슈빌강일,84.7324,16,2023,150000,2026,4,3,중개거래
강동구,명일동,래미안솔베뉴,59.11,21,2019,172000,2026,4,17,중개거래
강동구,둔촌동,올림픽파크포레온,39.95,16,2024,166000,2026,4,16,중개거래
강동구,길동,SM해그린12차,60.66,8,2006,67000,2026,4,16,중개거래
강동구,길동,장인이즈빌,82.918,3,2004,74000,2026,4,1,중개거래
강동구,길동,강동헤리티지자이,59.98,27,2024,155000,2026,4,17,중개거래
강동구,강일동,강일리버파크3단지,59.83,7,2009,70100,2026,4,15,직거래
강동구,상일동,고덕자이,84.9712,9,2021,188000,2026,4,16,중개거래
강동구,둔촌동,올림픽파크포레온,84.99,10,2024,265000,2026,4,13,중개거래
강동구,둔촌동,동아,48.1,1,1992,59000,2026,4,16,중개거래
강동구,고덕동,고덕그라시움,59.785,15,2019,188500,2026,4,16,중개거래
강동구,강일동,강일리버파크4단지,84.74,3,2009,102000,2026,4,14,중개거래
강동구,길동,현대1,59.88,2,1996,95000,2026,4,2,중개거래
강동구,성내동,라움,67.84,5,2004,62000,2026,4,14,중개거래
강동구,명일동,삼보힐아파트,125.05,2,2001,84700,2026,4,2,중개거래
강동구,길동,강동큐브,12.49,12,2013,8400,2026,4,15,중개거래
강동구,길동,한일시티타워(우성아트빌),65.43,14,2013,34500,2026,4,15,직거래
강동구,고덕동,배재현대,59.94,4,1995,142500,2026,4,15,중개거래
강동구,명일동,래미안솔베뉴,59.11,8,2019,175500,2026,4,15,중개거래
강동구,성내동,라움포레,59.31,5,2020,86800,2026,4,13,중개거래
강동구,고덕동,아남1,50.2,2,1996,103000,2026,4,15,중개거래
강동구,고덕동,고덕그라시움,59.785,10,2019,190000,2026,4,11,중개거래
강동구,상일동,고덕리엔파크3단지,84.83,1,2011,128000,2026,4,14,중개거래
강동구,암사동,롯데캐슬퍼스트,84.98,19,2008,187000,2026,4,15,중개거래
강동구,강일동,강일리버파크7단지,59.88,2,2009,108000,2026,4,13,중개거래
강동구,둔촌동,태천해오름,75.18,5,2003,40000,2026,4,14,중개거래
강동구,둔촌동,올림픽파크포레온,39.98,14,2024,169000,2026,4,4,중개거래
강동구,고덕동,고덕그라시움,59.785,2,2019,185000,2026,4,4,중개거래
강동구,천호동,천호네스빌,50.46,2,2003,40000,2026,4,13,중개거래
강동구,길동,길동우성,84.75,18,1994,128300,2026,4,14,중개거래
강동구,고덕동,래미안힐스테이트고덕,59.35,14,2016,185000,2026,4,14,중개거래
강동구,강일동,강일리버파크2단지,84.53,10,2009,126000,2026,4,8,중개거래
강동구,성내동,현대,84.56,6,1987,120000,2026,4,11,중개거래
강동구,성내동,원다빌2,67.17,5,2002,60000,2026,4,13,중개거래
강동구,성내동,파크프라자,90.96,8,2003,73000,2026,4,13,중개거래
강동구,상일동,강동리엔파크14단지,49.69,14,2021,89000,2026,4,13,중개거래
강동구,성내동,동아2,59.04,3,1996,62000,2026,4,2,중개거래
강동구,고덕동,아남1,71.2,10,1996,134000,2026,4,13,중개거래
강동구,길동,다성이즈빌,23.39,9,2018,30000,2026,4,13,중개거래
강동구,둔촌동,신동아파밀리에,84.63,16,2002,157500,2026,4,13,중개거래
강동구,길동,율전에버그린아파트,43.05,4,2016,39500,2026,4,13,중개거래
강동구,고덕동,고덕그라시움,59.785,2,2019,180000,2026,4,4,중개거래
강동구,고덕동,고덕그라시움,59.785,17,2019,199800,2026,4,13,중개거래
강동구,길동,이편한세상강동에코포레,59.99,13,2020,149500,2026,4,13,중개거래
강동구,강일동,강일리버파크5단지,84.83,2,2009,118000,2026,4,13,중개거래
강동구,암사동,선사현대아파트,59.64,26,2000,147000,2026,4,13,중개거래
강동구,명일동,우성101동,84.59,3,2004,85000,2026,4,13,직거래
강동구,상일동,고덕아르테온,59.98,5,2020,185000,2026,4,11,중개거래
강동구,고덕동,고덕그라시움,84.244,4,2019,233000,2026,4,11,중개거래
강동구,천호동,삼익아파트,59.55,7,1997,82600,2026,4,7,중개거래
강동구,상일동,고덕아르테온,59.98,4,2020,178000,2026,4,12,중개거래
강동구,성내동,중앙하이츠,59.74,1,2001,72000,2026,4,11,중개거래
강동구,고덕동,아남1,50.2,12,1996,120500,2026,4,12,중개거래
강동구,성내동,코오롱(1차),84.69,3,1999,107500,2026,4,12,중개거래
강동구,명일동,삼익가든,66.87,10,1984,148000,2026,4,11,중개거래
강동구,명일동,현대(고덕),131.83,13,1986,213500,2026,4,11,중개거래
강동구,상일동,고덕숲아이파크,84.85,8,2018,165000,2026,4,11,중개거래
강동구,상일동,중앙하이츠,59.94,10,1992,120000,2026,4,11,중개거래
강동구,길동,이편한세상강동에코포레,51.65,15,2020,126000,2026,4,11,중개거래
강동구,고덕동,고덕그라시움,59.785,19,2019,188000,2026,4,11,중개거래
강동구,고덕동,고덕그라시움,59.028,8,2019,200000,2026,4,11,중개거래
강동구,명일동,삼익그린2차,66.87,9,1983,187000,2026,4,11,중개거래
강동구,고덕동,고덕그라시움,73.873,2,2019,192000,2026,4,11,중개거래
강동구,길동,우림루미아트,84.57,4,2003,78000,2026,4,11,중개거래
강동구,암사동,선사현대아파트,58.68,10,2000,144000,2026,4,11,중개거래
강동구,길동,길동우성,84.75,10,1994,133000,2026,4,10,중개거래
강동구,상일동,고덕센트럴IPARK,59.99,2,2019,165000,2026,4,11,중개거래
강동구,강일동,강일리버파크7단지,59.88,11,2009,100000,2026,4,11,중개거래
강동구,고덕동,래미안힐스테이트고덕,59.35,5,2016,185000,2026,4,11,중개거래
강동구,암사동,선사현대아파트,59.64,20,2000,149500,2026,4,11,중개거래
강동구,길동,대상,84.98,16,1999,67500,2026,4,10,중개거래
강동구,고덕동,고덕센트럴푸르지오,59.06,12,2020,143000,2026,4,10,중개거래
강동구,강일동,힐스테이트리슈빌강일,84.8935,6,2023,149500,2026,4,3,중개거래
강동구,명일동,래미안솔베뉴,49.66,6,2019,151000,2026,4,10,중개거래
강동구,상일동,고덕자이,84.445,19,2021,195000,2026,4,10,중개거래
강동구,천호동,현대아파트,44.1,1,1990,45000,2026,4,6,중개거래
강동구,고덕동,래미안힐스테이트고덕,72.02,2,2016,181000,2026,4,4,중개거래
강동구,명일동,고덕주공9,83.52,9,1985,170000,2026,4,10,중개거래
강동구,상일동,강동리엔파크14단지,59.94,9,2021,105000,2026,4,10,중개거래
강동구,고덕동,래미안힐스테이트고덕,59.35,28,2016,181000,2026,4,10,중개거래
강동구,암사동,양지벨로스,81.34,7,2004,65000,2026,4,10,중개거래
강동구,천호동,천호동삼성아파트,59.86,6,1997,97000,2026,4,10,중개거래
강동구,명일동,래미안솔베뉴,59.11,20,2019,176000,2026,4,10,중개거래
강동구,강일동,강일리버파크3단지,84.74,6,2009,130000,2026,4,10,중개거래
강동구,명일동,명일지에스아파트,84.9,22,1999,125000,2026,4,4,중개거래
강동구,길동,에스엠이로빌(379-0),60.84,5,2004,59500,2026,4,3,중개거래
강동구,상일동,고덕센트럴IPARK,84.97,11,2019,192000,2026,4,9,중개거래
강동구,천호동,현대아파트,68.68,4,1990,90000,2026,4,9,중개거래
강동구,길동,강동헤리티지자이,59.98,10,2024,155000,2026,4,3,중개거래
강동구,둔촌동,동호리츠빌,83.47,11,2004,72000,2026,4,8,중개거래
강동구,고덕동,배재현대,59.94,6,1995,155000,2026,4,8,중개거래
강동구,상일동,고덕센트럴IPARK,59.97,6,2019,169000,2026,4,8,중개거래
강동구,명일동,삼익그린11차,66.87,8,1986,144000,2026,4,8,중개거래
강동구,성내동,올림픽파크한양수자인,84.92,7,2016,156000,2026,4,8,중개거래
강동구,강일동,강동리버스트8단지,59.97,2,2021,105000,2026,4,8,중개거래
강동구,성내동,현대,59.36,2,1987,90000,2026,4,1,중개거래
강동구,상일동,고덕롯데캐슬베네루체,84.923,6,2019,175000,2026,4,1,중개거래
강동구,고덕동,고덕그라시움,59.028,3,2019,184000,2026,4,2,중개거래
강동구,천호동,현진리버파크,14.9,8,2017,25800,2026,4,8,중개거래
강동구,천호동,래미안강동팰리스,59.98,16,2017,149000,2026,4,1,중개거래
강동구,천호동,천호동삼성아파트,59.86,13,1997,104000,2026,4,7,중개거래
강동구,상일동,고덕센트럴IPARK,59.97,7,2019,171000,2026,4,7,중개거래
강동구,길동,이편한세상강동에코포레,59.97,3,2020,139300,2026,4,7,중개거래
강동구,상일동,강동리엔파크14단지,49.69,7,2021,88500,2026,4,7,중개거래
강동구,강일동,강일리버파크3단지,84.74,9,2009,128000,2026,4,4,중개거래
강동구,상일동,고덕센트럴IPARK,59.97,15,2019,175000,2026,4,7,중개거래
강동구,성내동,성내동삼성아파트,114.93,9,1999,181000,2026,4,4,중개거래
강동구,고덕동,고덕그라시움,59.785,12,2019,188000,2026,4,7,중개거래
강동구,상일동,고덕아르테온,84.97,15,2020,236000,2026,4,2,중개거래
강동구,고덕동,래미안힐스테이트고덕,97,15,2016,238000,2026,4,1,중개거래
강동구,둔촌동,올림픽파크포레온,39.95,15,2024,169000,2026,4,4,중개거래
강동구,둔촌동,더샵둔촌포레,95.2435,13,1984,179000,2026,4,6,중개거래
강동구,둔촌동,프라자,83.4,1,1984,137000,2026,4,7,중개거래
강동구,고덕동,고덕그라시움,84.046,13,2019,250000,2026,4,7,중개거래
강동구,암사동,선사현대아파트,59.64,6,2000,140000,2026,4,7,중개거래
강동구,상일동,중앙하이츠,59.94,13,1992,110000,2026,4,6,중개거래
강동구,둔촌동,신성둔촌미소지움1,59.78,9,1998,123250,2026,4,6,중개거래
강동구,천호동,유원아파트,55.98,18,1997,51000,2026,4,5,중개거래
강동구,둔촌동,신성둔촌미소지움1,59.78,11,1998,130000,2026,4,3,중개거래
강동구,명일동,래미안솔베뉴,78.84,10,2019,204000,2026,4,4,중개거래
강동구,둔촌동,현대4,58.3,7,1996,107000,2026,4,4,중개거래
강동구,상일동,고덕센트럴IPARK,59.99,17,2019,162000,2026,4,2,중개거래
강동구,상일동,고덕롯데캐슬베네루체,84.146,8,2019,175000,2026,4,4,중개거래
강동구,명일동,삼환,84.9,17,1992,190000,2026,4,4,중개거래
강동구,둔촌동,동아,53.98,3,1992,69000,2026,4,4,중개거래
강동구,고덕동,고덕센트럴푸르지오,59.14,22,2020,160000,2026,4,4,중개거래
강동구,성내동,코오롱(1차),114.5,16,1999,119500,2026,4,4,중개거래
강동구,상일동,강동리엔파크14단지,59.94,11,2021,100000,2026,4,4,중개거래
강동구,상일동,고덕센트럴IPARK,59.99,3,2019,168000,2026,4,4,중개거래
강동구,암사동,한강현대,59.94,22,1999,113000,2026,4,4,중개거래
강동구,상일동,고덕아르테온,59.98,16,2020,178000,2026,4,4,중개거래
강동구,상일동,강동리엔파크14단지,59.94,1,2021,94800,2026,4,4,중개거래
강동구,명일동,삼익가든,71.2,2,1984,144000,2026,4,2,중개거래
강동구,강일동,강일리버파크8단지,84.83,3,2009,125000,2026,4,4,중개거래
강동구,상일동,강동리엔파크14단지,49.69,3,2021,84000,2026,4,4,중개거래
강동구,암사동,선사현대아파트,59.64,3,2000,144000,2026,4,4,중개거래
강동구,암사동,선사현대아파트,72.85,18,2000,163000,2026,4,3,중개거래
강동구,명일동,현대(고덕),131.83,6,1986,221500,2026,4,3,중개거래
강동구,암사동,암사동한솔,84.73,2,2002,107500,2026,4,3,중개거래
강동구,암사동,선사현대아파트,59.64,20,2000,146000,2026,4,3,중개거래
강동구,길동,광남아파트102동,79.1,6,2003,66500,2026,4,3,중개거래
강동구,암사동,선사현대아파트,72.85,18,2000,163000,2026,4,3,중개거래
강동구,암사동,선사현대아파트,58.68,11,2000,141500,2026,4,3,중개거래
강동구,성내동,에스케이허브진,47.36,9,2004,60000,2026,4,3,중개거래
강동구,암사동,다성이즈빌,104.34,2,2011,69500,2026,4,2,중개거래
강동구,강일동,강일리버파크6단지,84.53,7,2009,125000,2026,4,3,중개거래
강동구,둔촌동,올림픽파크포레온,39.95,12,2024,178000,2026,4,2,중개거래
강동구,암사동,프라이어팰리스,84.988,18,2007,171500,2026,4,2,중개거래
강동구,천호동,천호태영아파트,84.88,20,1999,130000,2026,4,2,중개거래
강동구,길동,강동헤리티지자이,59.98,26,2024,165500,2026,4,2,중개거래
강동구,명일동,래미안솔베뉴,59.11,10,2019,177000,2026,4,2,중개거래
강동구,천호동,현대아파트,60.76,8,1990,84500,2026,4,1,중개거래
강동구,강일동,고덕리엔파크2단지,84.87,6,2011,127000,2026,4,1,중개거래
강동구,길동,청원파크빌3,84.15,3,2006,69000,2026,4,1,중개거래
강동구,천호동,강동역신동아파밀리에,107.34,35,2015,141500,2026,4,2,중개거래
강동구,상일동,고덕자이,84.7398,12,2021,190000,2026,4,1,중개거래
강동구,고덕동,고덕그라시움,59.785,18,2019,185000,2026,4,1,중개거래
