구,법정동,아파트명,전용면적,층,건축년도,보증금,월세,년,월,일
종로구,무악동,현대,84.92,11,2000,70000,0,2026,9,10
종로구,창신동,두산,59.95,19,1999,3000,160,2026,9,3
종로구,명륜2가,명륜동주상복합아남아파트,47.43,3,1999,5000,170,2026,9,9
종로구,효제동,이지마루종로,26.65,15,2021,28000,31,2026,9,5
종로구,평동,경희궁자이(3단지),59.8547,15,2017,65000,69,2026,9,7
종로구,숭인동,영하우스,16.59,5,2015,2000,47,2026,9,8
종로구,창신동,두산,84.9,8,1999,5000,200,2026,9,2
종로구,사직동,광화문스페이스본(101동~105동),136.4,9,2008,120000,0,2026,9,7
종로구,익선동,현대뜨레비앙,36.08,9,2003,30450,0,2026,9,4
종로구,무악동,인왕산아이파크,84.858,7,2008,70000,60,2026,9,4
종로구,창신동,두산,84.9,2,1999,52500,0,2026,9,5
종로구,숭인동,익성씨티하임,14.48,15,2013,8500,19,2026,9,4
종로구,숭인동,영하우스,20.27,4,2015,2000,58,2026,9,4
종로구,숭인동,종로센트레빌,59.92,3,2008,53550,0,2026,9,2
종로구,명륜2가,어젤리아명륜1,25.9653,5,2019,1000,82,2026,9,1
종로구,숭인동,숭인한양LEEPS,12.78,11,2014,11000,0,2026,9,2
종로구,평동,경희궁자이(3단지),84.9443,15,2017,50000,320,2026,9,2
종로구,평창동,롯데낙천대,84.21,4,2001,60000,0,2026,9,2
종로구,효제동,이지마루종로,19.31,13,2021,1000,125,2026,9,1
종로구,무악동,현대,60,2,2000,60000,0,2026,9,1
중구,장충동1가,장충동라임카운티,244.47,4,2000,10000,960,2026,9,10
중구,신당동,남산타운,59.94,14,2002,20000,170,2026,9,10
중구,신당동,삼성,59.97,1,1999,54500,0,2026,9,4
중구,신당동,약수하이츠,84.88,3,1999,68000,0,2026,9,5
중구,신당동,약수하이츠,114.92,4,1999,5000,310,2026,9,9
중구,신당동,남산타운,59.94,11,2002,30000,111,2026,9,2
중구,황학동,롯데캐슬,114.9,27,2008,75500,25,2026,9,7
중구,신당동,유정,29.4,4,2001,11100,0,2026,9,9
중구,회현동2가,쌍용남산플래티넘,177,29,2010,0,1100,2026,9,7
중구,신당동,신당동파라다이스,84.96,6,2000,66000,0,2026,9,8
중구,황학동,황학동코아루,84.94,16,2010,20000,0,2026,9,8
중구,인현동2가,세운푸르지오헤리시티,29.4564,20,2023,5000,145,2026,9,8
중구,신당동,약수하이츠,84.88,11,1999,75000,0,2026,9,8
중구,중림동,삼성사이버빌리지,84.93,15,2001,70000,0,2026,9,7
중구,인현동2가,세운푸르지오헤리시티,29.4564,19,2023,5000,140,2026,9,5
중구,황학동,황학동코아루,84.96,14,2010,68250,0,2026,9,8
중구,중림동,삼성사이버빌리지,59.7,15,2001,5000,230,2026,9,8
중구,신당동,삼성,59.98,12,1999,60000,0,2026,9,5
중구,인현동2가,세운푸르지오헤리시티,40.7637,23,2023,54000,0,2026,9,8
중구,인현동2가,세운푸르지오헤리시티,29.4564,25,2023,5000,165,2026,9,7
중구,신당동,약수하이츠,84.88,19,1999,78750,0,2026,9,7
중구,신당동,한스아파트,16.64,8,2011,15000,0,2026,9,7
중구,신당동,남산타운,59.94,14,2002,55000,0,2026,9,5
중구,황학동,롯데캐슬,59.91,30,2008,69000,0,2026,9,4
중구,신당동,삼성,84.96,2,1999,70000,0,2026,9,5
중구,중림동,삼성사이버빌리지,114.77,8,2001,97000,0,2026,9,7
중구,회현동1가,SK리더스뷰남산,145.79,7,2010,138000,0,2026,9,4
중구,오장동,이지마루오장,24.66,10,2018,20000,45,2026,9,4
중구,황학동,롯데캐슬,59.94,32,2008,59800,0,2026,9,5
중구,황학동,롯데캐슬,59.91,23,2008,65000,0,2026,9,3
중구,인현동2가,세운푸르지오헤리시티,28.4064,22,2023,5000,150,2026,9,1
중구,신당동,한스아파트B,18.9,2,2012,13500,10,2026,9,3
중구,신당동,신당동파라다이스,59.9,4,2000,30000,48,2026,9,3
중구,입정동,힐스테이트세운센트럴2단지,42.998,6,2023,3000,250,2026,9,2
중구,흥인동,동대문와이즈캐슬,15.55,15,2014,1000,75,2026,9,1
중구,오장동,오렌지카운티을지로,24.19,10,2020,20000,50,2026,9,1
중구,신당동,남산타운,59.94,3,2002,53500,0,2026,9,1
중구,황학동,황학아크로타워,84.962,15,2010,78750,0,2026,9,1
중구,만리동2가,서울역한라비발디센트럴,71.9832,14,2018,5000,320,2026,9,1
용산구,도원동,삼성래미안,84.69,12,2001,65000,0,2026,9,1
용산구,한강로2가,용산베르디움프렌즈,19.6951,33,2021,2639,9,2026,9,2
용산구,효창동,용산롯데캐슬센터포레,59.9525,11,2019,68000,0,2026,9,4
용산구,한강로3가,센트럴파크,102.8617,12,2020,180000,0,2026,9,10
용산구,후암동,후암미주,64.07,1,1980,28000,0,2026,9,6
용산구,용산동5가,용산파크타워(24-0),100.29,9,2009,125000,0,2026,9,5
용산구,이촌동,대림,84.78,10,1994,75000,0,2026,9,10
용산구,한강로3가,센트럴파크,102.8617,10,2020,108000,310,2026,9,7
용산구,한남동,한남아이파크애비뉴,49.6971,16,2017,20000,240,2026,9,9
용산구,이촌동,북한강(성원),59.55,13,2001,55000,0,2026,9,10
용산구,효창동,용산데시앙포레,59.8391,11,2022,83000,0,2026,9,10
용산구,이촌동,래미안첼리투스,124.35,20,2015,160000,240,2026,9,10
용산구,도원동,삼성래미안,59.94,8,2001,52000,50,2026,9,9
용산구,이태원동,남산대림,59.92,3,1994,57500,0,2026,9,1
용산구,서빙고동,그린파크(코오롱하늘채),84.99,10,2000,75000,0,2026,9,9
용산구,이촌동,시범(중산1차),59.5,6,1970,14000,0,2026,9,9
용산구,한강로3가,한강자이에클라트,84.73,21,2006,64422,0,2026,9,5
용산구,이촌동,한가람,59.88,9,1998,68000,0,2026,9,3
용산구,이촌동,대림,59.22,14,1994,5000,200,2026,9,8
용산구,이촌동,대림,59.22,9,1994,45000,0,2026,9,8
용산구,이촌동,동아그린,84.82,11,1999,50000,55,2026,9,5
용산구,효창동,효창파크푸르지오,84.45,3,2010,81438,0,2026,9,8
용산구,이촌동,동원베네스트,84.973,11,2005,78000,0,2026,9,8
용산구,이촌동,한가람,71.45,1,1998,85000,0,2026,9,5
용산구,이태원동,청화1,105.75,11,1982,30000,210,2026,9,7
용산구,이촌동,동원베네스트,84.973,11,2005,78000,0,2026,9,8
용산구,효창동,효창파크푸르지오,84.45,13,2010,105000,0,2026,9,7
용산구,원효로1가,리첸시아용산A,122.54,20,2010,120000,0,2026,9,8
용산구,원효로1가,용산원효루미니,15.965,29,2022,6543,30,2026,9,8
용산구,한강로2가,용산아이피아대주피오레,84.6,7,2007,40000,0,2026,9,5
용산구,이촌동,현대한강,59.55,16,1997,40000,115,2026,9,5
용산구,이촌동,동아그린,59.58,6,1999,55000,0,2026,9,2
용산구,이촌동,현대한강,59.55,18,1997,67000,0,2026,9,5
용산구,서빙고동,한강르네상스,60.42,6,2010,7000,137,2026,9,6
용산구,용문동,브라운스톤,59.94,5,2011,69000,0,2026,9,4
용산구,한남동,한남더힐,59.686,4,2011,15000,825,2026,9,6
용산구,이촌동,한가람,114.96,5,1998,122000,0,2026,9,5
용산구,이촌동,한강(대우),135.87,10,2000,132000,0,2026,9,4
용산구,문배동,용산큐브,13.01,15,2013,17000,10,2026,9,1
용산구,이촌동,북한강(성원),59.55,11,2001,62500,0,2026,9,4
용산구,신계동,용산e편한세상,84.21,1,2011,100000,0,2026,9,7
용산구,용문동,브라운스톤,84.98,9,2011,73500,0,2026,9,3
용산구,이태원동,용산동아파트,58.28,2,1969,25000,0,2026,9,4
용산구,효창동,용산데시앙포레,84.9956,3,2022,97000,0,2026,9,1
용산구,도원동,삼성래미안,114.99,11,2001,78750,0,2026,9,5
용산구,산천동,리버힐삼성,59.55,4,2001,60000,0,2026,9,5
용산구,문배동,이안용산프리미어,110.14,9,2007,84000,0,2026,9,4
용산구,한강로3가,한강자이에클라트,79.73,17,2006,49500,0,2026,9,4
용산구,이촌동,월드메르디앙,84.964,2,1971,90000,0,2026,9,5
용산구,한강로3가,센트럴파크,102.8617,27,2020,150000,90,2026,9,5
용산구,한남동,한남파라곤,82.624,6,2011,15000,470,2026,9,4
용산구,신계동,용산e편한세상,124.08,11,2011,75000,280,2026,9,5
용산구,효창동,용산데시앙포레,59.7642,12,2022,50000,130,2026,9,2
용산구,산천동,리버힐삼성,59.55,7,2001,57750,0,2026,9,5
용산구,후암동,힐튼빌리지1차,82.35,1,2002,2000,127,2026,9,1
용산구,산천동,리버힐삼성,59.55,9,2001,10000,220,2026,9,4
용산구,원효로1가,용산원효루미니,43.9656,16,2022,17344,80,2026,9,4
용산구,이촌동,우성,84.86,10,1995,40000,228,2026,9,3
용산구,한남동,한남힐스테이트,130.898,5,2003,40000,330,2026,9,3
용산구,원효로1가,용산원효루미니,43.9485,22,2022,18480,86,2026,9,4
용산구,문배동,아크로타워,126.3,28,2007,10000,400,2026,9,4
용산구,산천동,한강타운,59.69,11,2001,55650,0,2026,9,4
용산구,이촌동,대림,84.78,17,1994,71400,0,2026,9,2
용산구,이촌동,북한강(성원),59.55,14,2001,52500,0,2026,9,2
용산구,이촌동,보람더하임,84.5343,1,2009,30000,0,2026,9,3
용산구,이촌동,강변,61.26,3,1971,5000,80,2026,9,3
용산구,이촌동,한가람,59.88,9,1998,68000,0,2026,9,3
용산구,이촌동,북한강(성원),59.55,1,2001,35000,80,2026,9,3
용산구,한강로3가,철우,68.76,5,1978,27300,0,2026,9,3
용산구,용문동,브라운스톤,59.94,6,2011,65100,0,2026,9,3
용산구,이촌동,한가람,59.88,11,1998,8000,230,2026,9,1
용산구,효창동,세양청마루,84.18,3,2006,73500,0,2026,9,2
용산구,문배동,CJ나인파크,123.47,21,2007,70000,230,2026,9,2
용산구,한강로1가,용산파크자이,123.12,28,2005,110000,0,2026,9,2
용산구,효창동,용산케이씨씨스위첸,84.91,16,2018,85000,0,2026,9,2
용산구,보광동,리버빌(삼성),84.74,10,2000,10000,270,2026,9,2
용산구,한남동,한남해피트리,64.24,4,2016,20000,330,2026,9,1
용산구,한강로2가,래미안용산더센트럴,161.48,26,2017,150000,500,2026,9,2
용산구,한강로3가,센트럴파크,92.9164,28,2020,150465,0,2026,9,2
용산구,이촌동,북한강(성원),59.55,2,2001,50000,0,2026,9,2
용산구,갈월동,용산남영역롯데캐슬헤리티지,23.9784,18,2025,8300,80,2026,9,2
용산구,청파동3가,베르체,105.03,1,2003,60000,0,2026,9,2
용산구,이태원동,청화1,146.25,1,1982,83000,0,2026,9,1
용산구,이태원동,주공1,84.66,5,1993,70000,0,2026,9,1
용산구,이촌동,강변,66.08,4,1971,25500,0,2026,9,1
성동구,행당동,서울숲리버뷰자이,59.97,7,2018,63000,135,2026,9,7
성동구,행당동,신동아,59.97,10,1995,37590,0,2026,9,1
성동구,금호동4가,서울숲푸르지오,59.99,2,2007,7000,166,2026,9,5
성동구,옥수동,현대,84.9,2,1990,60900,0,2026,9,8
성동구,금호동1가,이편한세상금호파크힐스,59.949,3,2019,78750,0,2026,9,7
성동구,성수동1가,서울숲아이파크리버포레2차,59.9913,33,2025,10000,500,2026,9,7
성동구,상왕십리동,텐즈힐(2단지),84.92,3,2014,95000,0,2026,9,10
성동구,금호동4가,브라운스톤금호,84.838,9,2007,10000,330,2026,9,5
성동구,응봉동,신동아,59.97,3,1996,10000,190,2026,9,10
성동구,응봉동,대림강변타운,59.76,2,2001,58000,12,2026,9,8
성동구,금호동4가,대우,59.97,5,2001,57000,0,2026,9,2
성동구,행당동,서울숲 한신 더 휴,84.95,18,2003,55000,120,2026,9,9
성동구,하왕십리동,왕십리자이,59.99,20,2017,35000,130,2026,9,5
성동구,옥수동,풍림아이원,84.767,7,2004,78700,0,2026,9,9
성동구,금호동2가,신금호파크자이,59.98,5,2016,85000,0,2026,9,5
성동구,옥수동,래미안 옥수 리버젠,84.81,12,2012,118000,0,2026,9,9
성동구,금호동3가,두산,84.99,15,1994,65000,0,2026,9,4
성동구,성수동1가,서울숲아이파크리버포레1차,59.9925,29,2024,52500,283,2026,9,3
성동구,하왕십리동,왕십리풍림아이원,59.936,2,2004,10000,240,2026,9,9
성동구,금호동4가,서울숲푸르지오,84.87,4,2007,98000,0,2026,9,8
성동구,성수동1가,서울숲아이파크리버포레1차,59.9925,29,2024,52500,283,2026,9,3
성동구,금호동4가,힐스테이트서울숲리버,59.98,5,2018,10000,350,2026,9,9
성동구,성수동1가,쌍용,59.76,11,1997,64000,0,2026,9,5
성동구,성수동2가,현대I-PARK,116.22,6,2003,100000,0,2026,9,9
성동구,옥수동,옥수파크힐스117동~125동,59.77,13,2016,93000,0,2026,9,9
성동구,성수동1가,쌍용,59.76,13,1997,68000,0,2026,9,3
성동구,금호동2가,신금호파크자이,84.98,1,2016,60000,190,2026,9,7
성동구,성수동1가,한진타운,84.21,13,1994,68250,0,2026,9,8
성동구,응봉동,대림강변타운,59.76,2,2001,60900,0,2026,9,2
성동구,성수동1가,강변건영아파트,84.952,10,2002,95000,0,2026,9,9
성동구,옥수동,옥수파크힐스101동~116동,84.3,13,2016,10000,460,2026,9,4
성동구,하왕십리동,벽산,114.46,6,1996,76650,0,2026,9,2
성동구,금호동2가,금호자이1차,84.98,5,2012,90000,0,2026,9,7
성동구,행당동,신동아,59.97,14,1995,37500,0,2026,9,3
성동구,행당동,대림e-편한세상,59.96,14,2000,40000,13,2026,9,9
성동구,도선동,트윈빌,14.11,7,2014,14000,1,2026,9,6
성동구,마장동,현대,59.94,25,1998,33000,80,2026,9,5
성동구,행당동,대림e-편한세상,59.96,14,2000,58000,0,2026,9,2
성동구,응봉동,대림(1차),75.51,11,1986,53500,0,2026,9,9
성동구,하왕십리동,왕십리자이,84.99,7,2017,82950,0,2026,9,9
성동구,홍익동,청계대주파크빌,84.98,3,2005,52500,0,2026,9,2
성동구,응봉동,서울숲리버그린동아아파트,59.98,1,2003,12000,180,2026,9,8
성동구,옥수동,현대,84.9,2,1990,42100,92,2026,9,4
성동구,응봉동,대림강변타운,84.42,15,2001,78500,0,2026,9,8
성동구,행당동,지웰홈스왕십리,16.41,12,2020,1000,105,2026,9,8
성동구,성수동1가,트리마제,25.3284,17,2017,3000,300,2026,9,5
성동구,마장동,마장에스에이치빌,39.84,6,2006,4641,11,2026,9,8
성동구,성수동2가,롯데캐슬파크,101.995,22,2003,30000,320,2026,9,8
성동구,행당동,지웰홈스왕십리,21.81,4,2020,1000,129,2026,9,3
성동구,마장동,왕십리삼성아파트,59.76,7,1996,30000,110,2026,9,5
성동구,마장동,세림,40.86,3,1986,21000,32,2026,9,2
성동구,마장동,왕십리삼성아파트,59.76,8,1996,40000,70,2026,9,5
성동구,행당동,서울숲 한신 더 휴,59.91,19,2003,70000,0,2026,9,4
성동구,마장동,신성미소지움,84.93,9,2004,64000,0,2026,9,5
성동구,금호동1가,이편한세상금호파크힐스,59.949,6,2019,87000,0,2026,9,7
성동구,금호동1가,벽산,59.9,3,2001,47000,0,2026,9,7
성동구,옥수동,풍림아이원,84.767,11,2004,84000,0,2026,9,5
성동구,하왕십리동,센트라스,84.77,27,2016,119000,0,2026,9,7
성동구,행당동,대림e-편한세상,84.87,9,2000,65000,30,2026,9,6
성동구,금호동4가,서울숲푸르지오,114.55,9,2007,104250,0,2026,9,5
성동구,금호동1가,벽산,59.9,4,2001,50000,0,2026,9,5
성동구,금호동1가,이편한세상금호파크힐스,59.983,20,2019,88000,0,2026,9,5
성동구,하왕십리동,벽산,114.46,4,1996,90000,0,2026,9,7
성동구,금호동1가,이편한세상금호파크힐스,59.949,2,2019,15000,330,2026,9,5
성동구,금호동4가,대우,84.71,17,2001,63000,0,2026,9,5
성동구,금호동3가,금호자이2차,115.4928,9,2012,40000,166,2026,9,7
성동구,응봉동,대림강변타운,59.76,11,2001,3000,155,2026,9,1
성동구,행당동,대림e-편한세상,59.96,1,2000,49500,8,2026,9,3
성동구,행당동,대림e-편한세상,59.96,1,2000,51500,0,2026,9,4
성동구,응봉동,금호현대,59.91,9,1990,3000,180,2026,9,3
성동구,행당동,대림e-편한세상,59.96,3,2000,58000,11,2026,9,4
성동구,성수동1가,트리마제,84.5402,20,2017,200000,0,2026,9,2
성동구,금호동1가,이편한세상금호파크힐스,84.932,1,2019,80000,100,2026,9,3
성동구,마장동,대성유니드,114.52,2,2004,45000,120,2026,9,4
성동구,상왕십리동,텐즈힐(2단지),84.9,6,2014,70350,115,2026,9,4
성동구,성수동1가,서울숲아이파크리버포레1차,59.9925,29,2024,52500,283,2026,9,3
성동구,성수동1가,서울숲대림,84.015,10,2000,91000,0,2026,9,3
성동구,성수동1가,금호,84.98,14,2003,78000,0,2026,9,3
성동구,성수동1가,서울숲해오름(717-0),72.83,7,2005,29500,115,2026,9,4
성동구,금호동4가,삼산금호,49.49,3,1975,3000,90,2026,9,3
성동구,하왕십리동,텐즈힐(1단지),129.34,21,2015,118000,0,2026,9,3
성동구,금호동1가,이편한세상금호파크힐스,84.957,4,2019,10000,420,2026,9,2
성동구,행당동,지웰홈스왕십리,21.81,12,2020,1000,129,2026,9,1
성동구,행당동,서울숲리버뷰자이,84.9,14,2018,110000,0,2026,9,2
성동구,마장동,신성미소지움,59.96,12,2004,60000,0,2026,9,2
성동구,금호동3가,두산,116.81,8,1994,82000,0,2026,9,2
성동구,성수동2가,강변금호타운,59.67,1,1994,38000,0,2026,9,2
성동구,금호동4가,서울숲2차푸르지오,84.898,6,2012,44000,250,2026,9,2
성동구,행당동,대림e-편한세상,84.87,13,2000,30000,160,2026,9,2
성동구,성수동1가,한진타운,59.4,1,1994,53500,0,2026,9,1
광진구,구의동,구의현대2단지,84.91,4,1996,78700,0,2026,9,2
광진구,자양동,이튼타워리버3차,84.96,17,2007,40000,218,2026,9,1
광진구,자양동,한강우성,84.72,2,1993,78000,0,2026,9,7
광진구,자양동,우성1,79.75,5,1988,60000,0,2026,9,4
광진구,화양동,(20-3),16.22,6,2015,11000,5,2026,9,10
광진구,구의동,강변에스케이뷰,84.81,19,2017,97000,0,2026,9,10
광진구,자양동,한강우성,84.72,7,1993,78000,0,2026,9,7
광진구,광장동,신동아파밀리에,84.46,2,2007,87150,0,2026,9,10
광진구,구의동,e편한세상광진그랜드파크,84.9794,17,2021,120000,0,2026,9,10
광진구,광장동,현대3,74.92,6,1990,75000,0,2026,9,10
광진구,자양동,한솔리베르,83.31,3,2002,60000,10,2026,9,10
광진구,구의동,구의현대2단지,84.75,4,1996,60000,150,2026,9,8
광진구,화양동,광진코지웰,19.2,9,2014,1000,84,2026,9,5
광진구,자양동,로얄동아,59.91,15,1999,50000,0,2026,9,9
광진구,군자동,광진동양파라곤2단지,75.21,10,2008,30000,150,2026,9,8
광진구,광장동,극동2,75.55,9,1989,56000,0,2026,9,9
광진구,자양동,자양2현대,59.95,2,1995,60000,60,2026,9,1
광진구,광장동,현대3,59.67,10,1990,43990,8,2026,9,5
광진구,구의동,구의동현진에버빌,84.997,3,2006,20000,210,2026,9,8
광진구,구의동,현대프라임,59.82,24,1997,72000,0,2026,9,5
광진구,광장동,현대3,59.67,10,1990,43990,8,2026,9,5
광진구,구의동,현대프라임,59.82,12,1997,20000,180,2026,9,5
광진구,구의동,구의현대2단지,84.91,6,1996,90000,0,2026,9,8
광진구,구의동,구의현대6단지,84.92,14,1994,84000,0,2026,9,8
광진구,광장동,광장자이,125.89,3,2008,121500,90,2026,9,8
광진구,자양동,로얄동아,59.91,10,1999,25000,150,2026,9,8
광진구,광장동,"현대8(801동,802동)",84.92,17,1995,95000,0,2026,9,5
광진구,중곡동,리마크빌군자,16.32,10,2022,5900,37,2026,9,1
광진구,구의동,현대프라임,59.82,13,1997,8000,220,2026,9,4
광진구,광장동,현대3,74.92,20,1990,69000,10,2026,9,1
광진구,화양동,화양동동도센트리움캠퍼스파크,12.874,17,2019,1000,88,2026,9,5
광진구,자양동,이튼타워리버2차,84.96,10,2006,10000,219,2026,9,7
광진구,구의동,현대프라임,84.99,21,1997,90000,0,2026,9,5
광진구,자양동,한양,124.93,12,1983,65000,0,2026,9,4
광진구,구의동,현대프라임,84.99,19,1997,80850,0,2026,9,5
광진구,광장동,현대3,59.67,2,1990,52500,0,2026,9,5
광진구,광장동,광나루현대,84.92,12,1996,79000,0,2026,9,4
광진구,자양동,자양9차현대홈타운,83.58,4,2002,75000,0,2026,9,5
광진구,자양동,한양,108.35,9,1983,52500,0,2026,9,5
광진구,광장동,현대5,84.53,5,1989,70350,0,2026,9,5
광진구,광장동,현대5,84.53,11,1989,95000,0,2026,9,4
광진구,화양동,광진코지웰,15.63,3,2014,1000,74,2026,9,4
광진구,광장동,워커힐푸르지오,92.4,9,1987,84000,0,2026,9,3
광진구,자양동,우성2,64.79,15,1989,25000,140,2026,9,4
광진구,자양동,더포디엄830,41.25,22,2025,17300,120,2026,9,4
광진구,구의동,래미안파크스위트,84.98,8,2018,65000,0,2026,9,4
광진구,구의동,래미안파크스위트,84.98,8,2018,65000,0,2026,9,4
광진구,광장동,청구,59.95,13,1996,5000,230,2026,9,2
광진구,자양동,우성1,59.91,6,1988,50000,0,2026,9,3
광진구,구의동,성동강변파크빌101(강변타워),59.92,16,2001,58000,0,2026,9,3
광진구,구의동,구의현대7단지현대홈타운,84.99,22,1997,40000,125,2026,9,3
광진구,자양동,자양2현대,59.95,2,1995,60000,60,2026,9,1
광진구,구의동,광진파크프라이빗,59.71,4,2020,53000,0,2026,9,3
광진구,자양동,우성1,59.91,12,1988,50000,0,2026,9,3
광진구,자양동,더샵스타시티,100.32,18,2007,20000,341,2026,9,2
광진구,화양동,광진코지웰,18.63,4,2014,1000,84,2026,9,1
광진구,구의동,구의청정,84.24,4,2004,50000,0,2026,9,1
광진구,광장동,청구,59.95,16,1996,50000,110,2026,9,1
광진구,구의동,래미안파크스위트,59.98,3,2018,80000,0,2026,9,1
광진구,구의동,현대프라임,59.82,30,1997,70000,0,2026,9,1
광진구,자양동,한화꿈에그린,138.68,15,2006,50000,460,2026,9,1
광진구,자양동,금강KCC,84.98,8,2002,95000,0,2026,9,1
광진구,자양동,자양우성7,84.93,10,1998,55000,130,2026,9,1
동대문구,장안동,장안현대홈타운(336),58.42,6,2003,47250,0,2026,9,3
동대문구,장안동,래미안장안2차,81.05,15,2007,10000,212,2026,9,7
동대문구,답십리동,세양청마루,84.98,10,2005,56000,0,2026,9,5
동대문구,장안동,동대문더퍼스트데시앙,84.9445,8,2019,20000,220,2026,9,10
동대문구,용두동,래미안엘리니티,74.94,8,2022,50000,135,2026,9,9
동대문구,이문동,래미안라그란데,59.98,1,2025,5000,240,2026,9,3
동대문구,휘경동,휘경리오포레아파트(1단지),84.84,1,2001,47000,0,2026,9,10
동대문구,휘경동,휘경리오포레아파트(2단지),59.79,13,2001,46000,0,2026,9,5
동대문구,전농동,동아,83.01,19,1997,11000,190,2026,9,1
동대문구,청량리동,미주,102.15,5,1978,48000,0,2026,9,5
동대문구,용두동,이편한세상청계센트럴포레,59.96,11,2021,80000,0,2026,9,5
동대문구,전농동,전농SK,84.95,3,2000,55600,0,2026,9,9
동대문구,전농동,동대문롯데캐슬노블레스,84.98,5,2018,50000,140,2026,9,9
동대문구,전농동,전농동삼성래미안(임대),32.99,4,2000,3453,8,2026,9,9
동대문구,답십리동,래미안위브,84.98,9,2014,85000,0,2026,9,6
동대문구,답십리동,청솔2차우성,82.49,7,2000,50400,0,2026,9,4
동대문구,청량리동,미주,104,1,1978,10000,200,2026,9,9
동대문구,답십리동,힐스테이트청계,84.85,15,2018,20000,270,2026,9,7
동대문구,답십리동,보광타워,24.27,13,2019,2000,95,2026,9,5
동대문구,용두동,래미안엘리니티,59.96,4,2022,69300,0,2026,9,9
동대문구,용두동,래미안엘리니티,84.92,8,2022,82500,50,2026,9,3
동대문구,장안동,파히나더그로브,21.12,7,2023,5500,100,2026,9,8
동대문구,장안동,정은스카이빌101동,83.52,12,2004,54600,0,2026,9,3
동대문구,청량리동,미주,86.74,5,1978,30000,27,2026,9,5
동대문구,전농동,동아,83.01,19,1997,11000,190,2026,9,1
동대문구,전농동,전농SK,84.95,10,2000,65000,0,2026,9,5
동대문구,용두동,청량리역한양수자인그라시엘,84.95,9,2023,10000,390,2026,9,8
동대문구,답십리동,래미안위브,59.96,1,2014,35000,140,2026,9,8
동대문구,이문동,쌍용,59.99,23,2000,50000,0,2026,9,8
동대문구,용두동,이편한세상청계센트럴포레,59.96,22,2021,70000,40,2026,9,8
동대문구,장안동,코지언레지던스,13.12,7,2013,7200,5,2026,9,5
동대문구,휘경동,휘경SK뷰,95.58,25,2019,73500,0,2026,9,8
동대문구,장안동,장안힐스테이트,59.885,9,2007,50000,30,2026,9,7
동대문구,장안동,한신아파트,84.9,11,1996,47250,0,2026,9,8
동대문구,전농동,청량리역롯데캐슬 SKY-L65,102.922,50,2023,10000,550,2026,9,7
동대문구,휘경동,휘경베스트빌현대,114.88,7,2000,10000,200,2026,9,7
동대문구,용두동,청량리역한양수자인그라시엘,84.97,45,2023,93000,0,2026,9,5
동대문구,답십리동,래미안위브,121.64,15,2014,86000,0,2026,9,2
동대문구,답십리동,센시티16,14.244,16,2013,1000,70,2026,9,2
동대문구,휘경동,휘경리오포레아파트(1단지),84.86,1,2001,44000,0,2026,9,5
동대문구,제기동,제기한신113동(임대),32.76,4,2004,1292,17,2026,9,7
동대문구,이문동,이문아이파크자이,41.6,23,2025,2389,18,2026,9,7
동대문구,답십리동,힐스테이트청계,48.98,3,2018,68000,0,2026,9,4
동대문구,전농동,전농동신성미소지움,80.325,4,2005,57500,0,2026,9,5
동대문구,답십리동,힐스테이트청계,40.6,6,2018,13988,23,2026,9,4
동대문구,용두동,래미안 허브리츠,84.96,19,2011,53000,100,2026,9,5
동대문구,전농동,래미안크레시티,84.96,1,2014,80000,0,2026,9,5
동대문구,이문동,이문동웰츠타워,112.134,5,2008,75000,0,2026,9,6
동대문구,용두동,래미안엘리니티,74.94,13,2022,75000,40,2026,9,5
동대문구,휘경동,휘경미소지움,59.84,20,1999,53000,0,2026,9,4
동대문구,전농동,동대문롯데캐슬노블레스,59.98,5,2018,69000,0,2026,9,5
동대문구,이문동,쌍용,59.99,1,2000,45000,0,2026,9,5
동대문구,용두동,가우디캐슬,29.98,5,2019,22000,35,2026,9,4
동대문구,전농동,래미안크레시티,84.96,11,2014,68250,0,2026,9,5
동대문구,이문동,래미안라그란데,84.97,3,2025,70000,0,2026,9,2
동대문구,용두동,래미안 허브리츠,114.98,17,2011,20000,250,2026,9,3
동대문구,전농동,청량리역롯데캐슬 SKY-L65,84.983,7,2023,10000,349,2026,9,3
동대문구,전농동,리베르떼,27.23,13,2019,22000,35,2026,9,4
동대문구,답십리동,래미안위브,84.98,9,2014,35000,150,2026,9,4
동대문구,용두동,래미안엘리니티,84.92,7,2022,89000,0,2026,9,3
동대문구,용두동,LOFT129,22.1739,2,2025,100,41,2026,9,4
동대문구,전농동,래미안크레시티,59.99,5,2014,60000,60,2026,9,3
동대문구,용두동,이편한세상청계센트럴포레,84.93,13,2021,90000,0,2026,9,3
동대문구,청량리동,미주,101.65,10,1978,38535,0,2026,9,3
동대문구,전농동,전농SK,114.3,14,2000,56810,0,2026,9,3
동대문구,답십리동,래미안위브,84.98,9,2014,78000,0,2026,9,3
동대문구,이문동,신이문금호어울림,84.84,7,2008,33810,0,2026,9,3
동대문구,장안동,장안힐스테이트,59.885,14,2007,30000,135,2026,9,3
동대문구,답십리동,청계지웰에스테이트,19.525,9,2012,12000,0,2026,9,1
동대문구,전농동,전농우성,44.24,3,1992,35000,0,2026,9,2
동대문구,답십리동,동서울한양,59.67,5,1989,10000,105,2026,9,3
동대문구,장안동,장안푸르미에,12.9463,5,2013,300,58,2026,9,1
동대문구,이문동,래미안이문2차,84.61,3,2004,35000,110,2026,9,2
동대문구,용두동,청량리역한양수자인그라시엘,84.95,14,2023,80000,0,2026,9,2
동대문구,답십리동,센시티16,14.244,14,2013,9000,0,2026,9,1
동대문구,답십리동,현대썬앤빌청계,14.82,9,2016,11000,10,2026,9,1
동대문구,휘경동,회기역하트리움역세권청년주택,15.8871,18,2023,11300,28,2026,9,1
동대문구,전농동,리베르떼,27.23,13,2019,22000,35,2026,9,1
동대문구,전농동,전농SK,59.34,2,2000,45000,30,2026,9,1
동대문구,답십리동,센시티16,14.244,5,2013,8500,0,2026,9,1
동대문구,답십리동,청계한신휴플러스,90.62,13,2010,70000,0,2026,9,1
동대문구,장안동,에스아이팰리스장안센텀,26.537,11,2020,31500,0,2026,9,1
중랑구,상봉동,상봉어반뷰,13.26,8,2018,1000,65,2026,9,10
중랑구,면목동,사가정센트럴아이파크,59.78,18,2020,16722,25,2026,9,10
중랑구,묵동,세이지움태릉입구역,18.364,15,2026,2005,14,2026,9,2
중랑구,신내동,성원,84.4,16,1994,55000,0,2026,9,10
중랑구,상봉동,상봉생활,20.2034,15,2026,14000,24,2026,9,10
중랑구,상봉동,주함해븐타워,14.55,4,2015,1000,70,2026,9,10
중랑구,면목동,사가정센트럴아이파크,59.78,27,2020,21000,189,2026,9,7
중랑구,신내동,신내글로리움,44.68,8,2019,13220,17,2026,9,9
중랑구,중화동,한신아파트상가동유치원동(103~109),59.76,16,1997,45150,0,2026,9,10
중랑구,신내동,신내11대명,59.76,8,1996,39000,0,2026,9,9
중랑구,상봉동,"엘지,쌍용아파트",68.12,9,1996,42000,0,2026,9,8
중랑구,묵동,세이지움태릉입구역,18.364,10,2026,2337,25,2026,9,4
중랑구,면목동,면목삼호101,83.08,11,2000,44000,0,2026,9,5
중랑구,면목동,사가정센트럴아이파크,59.78,5,2020,16722,25,2026,9,9
중랑구,면목동,사가정센트럴아이파크,59.78,20,2020,12502,47,2026,9,9
중랑구,면목동,사가정센트럴아이파크,59.78,5,2020,16722,25,2026,9,9
중랑구,면목동,사가정센트럴아이파크,59.92,23,2020,12502,47,2026,9,8
중랑구,신내동,신내11대명,49.77,2,1996,1000,89,2026,9,9
중랑구,신내동,신내9진흥,49.82,4,1996,35000,0,2026,9,9
중랑구,면목동,사가정센트럴아이파크,59.92,18,2020,15886,24,2026,9,8
중랑구,묵동,신도,84.89,4,1998,55000,0,2026,9,7
중랑구,면목동,주함해븐타워원(면목동),14.87,6,2020,12000,21,2026,9,3
중랑구,묵동,세이지움태릉입구역,18.364,12,2026,1402,15,2026,9,2
중랑구,면목동,사가정센트럴아이파크,59.92,27,2020,16722,25,2026,9,9
중랑구,면목동,경남아너스빌,84.961,7,2006,10000,175,2026,9,9
중랑구,묵동,세이지움태릉입구역,18.364,11,2026,1402,15,2026,9,2
중랑구,면목동,사가정센트럴아이파크,59.92,4,2020,16722,25,2026,9,9
중랑구,묵동,신내대림아파트,126.28,3,1995,75000,0,2026,9,8
중랑구,신내동,신내11대명,39.76,5,1996,24000,0,2026,9,7
중랑구,면목동,사가정센트럴아이파크,59.92,9,2020,16722,25,2026,9,9
중랑구,면목동,현대,84.09,8,1994,5000,170,2026,9,4
중랑구,묵동,세이지움태릉입구역,18.364,18,2026,2337,25,2026,9,2
중랑구,상봉동,베스트엘리시온,18.09,5,2013,11500,5,2026,9,5
중랑구,묵동,세이지움태릉입구역,18.364,10,2026,1402,15,2026,9,3
중랑구,면목동,사가정센트럴아이파크,59.78,20,2020,16722,25,2026,9,8
중랑구,망우동,"염광(5,8,10,11동)",60.37,4,1984,13000,0,2026,9,5
중랑구,묵동,신내,49.77,2,1996,31000,0,2026,9,7
중랑구,면목동,사가정센트럴아이파크,59.78,15,2020,16722,25,2026,9,8
중랑구,상봉동,솔렌시아5,17.98,4,2019,4495,19,2026,9,8
중랑구,상봉동,상봉생활,43.6123,15,2026,29890,45,2026,9,8
중랑구,상봉동,상봉생활,43.6123,17,2026,21350,76,2026,9,8
중랑구,상봉동,상봉생활,43.6123,13,2026,12810,107,2026,9,8
중랑구,면목동,사가정센트럴아이파크,84.956,15,2020,20000,199,2026,9,5
중랑구,면목동,사가정센트럴아이파크,59.78,15,2020,17972,30,2026,9,8
중랑구,면목동,사가정센트럴아이파크,59.78,6,2020,13542,41,2026,9,7
중랑구,면목동,사가정센트럴아이파크,59.92,4,2020,16722,25,2026,9,7
중랑구,면목동,사가정센트럴아이파크,59.78,24,2020,16722,25,2026,9,7
중랑구,면목동,사가정센트럴아이파크,59.92,16,2020,16722,25,2026,9,7
중랑구,묵동,칼튼테라스,16.8132,15,2021,4140,31,2026,9,8
중랑구,면목동,사가정센트럴아이파크,59.78,19,2020,16722,25,2026,9,7
중랑구,면목동,사가정센트럴아이파크,59.78,8,2020,16722,25,2026,9,7
중랑구,면목동,신성미소지움,80.1913,4,2004,50000,0,2026,9,4
중랑구,신내동,화성.두산아파트,66.96,7,1995,5000,105,2026,9,5
중랑구,신내동,신내6대주,59.76,2,1996,25000,50,2026,9,7
중랑구,묵동,세이지움태릉입구역,18.364,24,2026,1402,15,2026,9,3
중랑구,묵동,세이지움태릉입구역,18.364,15,2026,1402,15,2026,9,3
중랑구,묵동,브라운스톤태릉,83.5358,4,2004,60000,0,2026,9,7
중랑구,면목동,사가정센트럴아이파크,59.92,22,2020,16722,25,2026,9,7
중랑구,묵동,세이지움태릉입구역,18.364,16,2026,1402,15,2026,9,2
중랑구,면목동,사가정센트럴아이파크,59.78,8,2020,16722,25,2026,9,7
중랑구,면목동,사가정센트럴아이파크,59.78,18,2020,16722,25,2026,9,7
중랑구,면목동,사가정센트럴아이파크,59.78,12,2020,6220,56,2026,9,7
중랑구,면목동,사가정센트럴아이파크,59.92,9,2020,16722,25,2026,9,7
중랑구,묵동,세이지움태릉입구역,36.7355,29,2026,2520,28,2026,9,3
중랑구,면목동,사가정센트럴아이파크,59.92,29,2020,17792,31,2026,9,7
중랑구,면목동,사가정센트럴아이파크,59.78,17,2020,16722,25,2026,9,7
중랑구,면목동,사가정센트럴아이파크,59.78,20,2020,15942,29,2026,9,7
중랑구,면목동,사가정센트럴아이파크,59.78,28,2020,16722,25,2026,9,7
중랑구,면목동,사가정센트럴아이파크,59.78,1,2020,16722,25,2026,9,7
중랑구,면목동,사가정센트럴아이파크,59.78,22,2020,16722,25,2026,9,7
중랑구,면목동,사가정센트럴아이파크,59.78,14,2020,16722,25,2026,9,7
중랑구,면목동,라온프라이빗,59.9841,29,2020,19160,24,2026,9,7
중랑구,묵동,세이지움태릉입구역,18.364,17,2026,2337,25,2026,9,2
중랑구,상봉동,상봉생활,43.6123,18,2026,21350,76,2026,9,4
중랑구,신내동,신내9진흥,33.18,13,1996,20000,0,2026,9,7
중랑구,신내동,건영2차,84.96,4,1996,43000,69,2026,9,1
중랑구,면목동,사가정센트럴아이파크,59.78,9,2020,16722,25,2026,9,7
중랑구,면목동,사가정센트럴아이파크,59.78,5,2020,16722,25,2026,9,7
중랑구,면목동,사가정센트럴아이파크,59.78,9,2020,16722,25,2026,9,7
중랑구,면목동,사가정센트럴아이파크,59.78,23,2020,16722,25,2026,9,7
중랑구,면목동,사가정센트럴아이파크,59.78,3,2020,16722,25,2026,9,7
중랑구,면목동,사가정센트럴아이파크,59.78,9,2020,12502,47,2026,9,7
중랑구,면목동,사가정센트럴아이파크,59.78,15,2020,16722,25,2026,9,7
중랑구,면목동,사가정센트럴아이파크,59.92,8,2020,16722,25,2026,9,7
중랑구,면목동,사가정센트럴아이파크,59.78,14,2020,15886,24,2026,9,7
중랑구,면목동,사가정센트럴아이파크,59.78,6,2020,16722,25,2026,9,7
중랑구,면목동,사가정센트럴아이파크,59.78,19,2020,16722,25,2026,9,7
중랑구,면목동,사가정센트럴아이파크,59.78,13,2020,16722,25,2026,9,7
중랑구,면목동,사가정센트럴아이파크,59.78,10,2020,16722,25,2026,9,7
중랑구,묵동,이편한세상화랑대,84.902,7,2017,69000,0,2026,9,5
중랑구,면목동,사가정센트럴아이파크,59.92,3,2020,16722,25,2026,9,7
중랑구,면목동,사가정센트럴아이파크,59.78,2,2020,16722,25,2026,9,7
중랑구,신내동,신내11대명,39.76,1,1996,24500,0,2026,9,7
중랑구,면목동,두산2,134.2,7,1995,70000,0,2026,9,4
중랑구,신내동,신내6대주,59.76,7,1996,36000,0,2026,9,5
중랑구,신내동,신내9진흥(임대),39.84,14,1996,1093,12,2026,9,7
중랑구,면목동,사가정센트럴아이파크,84.956,23,2020,87000,0,2026,9,5
중랑구,중화동,한신아파트상가동유치원동(103~109),84.03,6,1997,20000,180,2026,9,5
중랑구,신내동,신내글로리움,36.36,18,2019,6955,25,2026,9,5
중랑구,신내동,동성7,84.78,3,1999,48000,0,2026,9,5
중랑구,상봉동,상봉생활,59.774,11,2026,27050,94,2026,9,5
중랑구,면목동,킴스아파트,15.35,5,2023,300,70,2026,9,5
중랑구,묵동,세이지움태릉입구역,18.364,24,2026,2337,25,2026,9,2
중랑구,묵동,세이지움태릉입구역,18.364,20,2026,2975,24,2026,9,2
중랑구,묵동,세이지움태릉입구역,18.364,7,2026,1402,15,2026,9,3
중랑구,묵동,세이지움태릉입구역,18.364,20,2026,2805,12,2026,9,4
중랑구,면목동,주함해븐타워원(면목동),27.4,8,2020,21112,3,2026,9,4
중랑구,묵동,세이지움태릉입구역,18.364,26,2026,1402,15,2026,9,2
중랑구,묵동,세이지움태릉입구역,18.364,25,2026,2400,25,2026,9,3
중랑구,묵동,세이지움태릉입구역,18.364,15,2026,4675,21,2026,9,4
중랑구,상봉동,주함해븐타워,14.55,9,2015,1000,65,2026,9,4
중랑구,묵동,세이지움태릉입구역,18.364,7,2026,2805,12,2026,9,4
중랑구,묵동,세이지움태릉입구역,18.364,13,2026,2805,12,2026,9,4
중랑구,묵동,세이지움태릉입구역,36.7355,10,2026,2520,28,2026,9,2
중랑구,묵동,세이지움태릉입구역,18.364,8,2026,2337,25,2026,9,2
중랑구,묵동,세이지움태릉입구역,18.364,6,2026,1402,15,2026,9,2
중랑구,묵동,세이지움태릉입구역,18.364,9,2026,4675,21,2026,9,4
중랑구,면목동,늘푸른동아,59.65,9,2002,12000,160,2026,9,4
중랑구,묵동,세이지움태릉입구역,18.364,10,2026,2337,25,2026,9,3
중랑구,묵동,세이지움태릉입구역,18.364,18,2026,1402,15,2026,9,2
중랑구,묵동,세이지움태릉입구역,18.364,8,2026,2805,12,2026,9,4
중랑구,묵동,세이지움태릉입구역,18.364,6,2026,4675,21,2026,9,4
중랑구,면목동,면목한신,44.5,10,1987,1000,100,2026,9,4
중랑구,상봉동,상봉생활,59.774,14,2026,37870,56,2026,9,4
중랑구,상봉동,역세권청년주택,31.65,6,2021,7600,58,2026,9,1
중랑구,묵동,세이지움태릉입구역,18.364,24,2026,2805,12,2026,9,4
중랑구,묵동,세이지움태릉입구역,18.364,13,2026,2805,12,2026,9,4
중랑구,묵동,세이지움태릉입구역,36.7355,11,2026,8400,37,2026,9,4
중랑구,묵동,세이지움태릉입구역,38.6071,20,2026,5295,23,2026,9,4
중랑구,상봉동,"엘지,쌍용아파트",68.12,7,1996,45150,0,2026,9,3
중랑구,신내동,원당,63,3,1989,21000,0,2026,9,3
중랑구,신내동,신내9진흥,33.18,12,1996,7000,55,2026,9,4
중랑구,묵동,세이지움태릉입구역,18.364,29,2026,2805,12,2026,9,4
중랑구,상봉동,건영1,84.96,3,1997,47250,0,2026,9,4
중랑구,묵동,세이지움태릉입구역,18.364,12,2026,2805,12,2026,9,4
중랑구,상봉동,상봉생활,44.4648,6,2026,30570,46,2026,9,4
중랑구,망우동,신내역프라디움더테라스,84.5792,35,2023,53246,0,2026,9,4
중랑구,묵동,세이지움태릉입구역,18.364,8,2026,2805,12,2026,9,4
중랑구,묵동,세이지움태릉입구역,18.364,20,2026,4675,21,2026,9,4
중랑구,묵동,세이지움태릉입구역,18.364,13,2026,2805,12,2026,9,4
중랑구,묵동,세이지움태릉입구역,18.364,26,2026,2805,12,2026,9,4
중랑구,묵동,세이지움태릉입구역,18.364,16,2026,4675,21,2026,9,4
중랑구,묵동,세이지움태릉입구역,36.7355,7,2026,8400,37,2026,9,4
중랑구,묵동,세이지움태릉입구역,36.7355,7,2026,5040,22,2026,9,4
중랑구,묵동,세이지움태릉입구역,18.364,10,2026,4675,21,2026,9,4
중랑구,상봉동,상봉생활,43.6123,18,2026,21350,76,2026,9,4
중랑구,묵동,세이지움태릉입구역,18.364,28,2026,4675,21,2026,9,4
중랑구,묵동,세이지움태릉입구역,18.364,27,2026,2805,12,2026,9,4
중랑구,묵동,에이트플레이스,39.76,10,2026,9300,77,2026,9,3
중랑구,묵동,세이지움태릉입구역,18.364,10,2026,4675,21,2026,9,4
중랑구,묵동,세이지움태릉입구역,18.364,25,2026,1402,15,2026,9,3
중랑구,묵동,세이지움태릉입구역,18.364,7,2026,2805,12,2026,9,3
중랑구,묵동,세이지움태릉입구역,38.6071,23,2026,5295,23,2026,9,3
중랑구,묵동,세이지움태릉입구역,18.364,24,2026,4675,21,2026,9,3
중랑구,묵동,세이지움태릉입구역,18.364,9,2026,2805,12,2026,9,4
중랑구,묵동,세이지움태릉입구역,18.364,27,2026,4675,21,2026,9,4
중랑구,묵동,세이지움태릉입구역,36.7355,29,2026,5040,22,2026,9,3
중랑구,묵동,세이지움태릉입구역,18.364,9,2026,2805,12,2026,9,3
중랑구,신내동,동성아파트,59.4,12,1997,18000,90,2026,9,3
중랑구,묵동,세이지움태릉입구역,18.364,18,2026,4675,21,2026,9,3
중랑구,묵동,세이지움태릉입구역,18.364,23,2026,2805,12,2026,9,3
중랑구,면목동,사가정센트럴아이파크,59.78,5,2020,16934,24,2026,9,2
중랑구,면목동,사가정센트럴아이파크,59.92,19,2020,12742,45,2026,9,3
중랑구,묵동,신내,59.76,12,1996,40000,0,2026,9,3
중랑구,중화동,한신아파트상가동유치원동(103~109),84.03,13,1997,70000,0,2026,9,2
중랑구,묵동,묵동포레시타,14.95,2,2013,10000,15,2026,9,2
중랑구,묵동,세이지움태릉입구역,18.364,25,2026,2805,12,2026,9,3
중랑구,묵동,세이지움태릉입구역,18.364,26,2026,1405,15,2026,9,2
중랑구,중화동,한신아파트상가동유치원동(103~109),50.37,20,1997,46000,0,2026,9,3
중랑구,묵동,세이지움태릉입구역,18.364,12,2026,2805,12,2026,9,3
중랑구,망우동,LH서울양원1단지,14.96,5,2022,3229,7,2026,9,3
중랑구,묵동,세이지움태릉입구역,18.364,17,2026,2805,12,2026,9,3
중랑구,묵동,세이지움태릉입구역,18.364,13,2026,2805,12,2026,9,3
중랑구,묵동,세이지움태릉입구역,18.364,26,2026,2805,12,2026,9,2
중랑구,묵동,세이지움태릉입구역,38.6071,11,2026,8825,39,2026,9,3
중랑구,신내동,신내글로리움,36.36,24,2019,6955,25,2026,9,3
중랑구,묵동,세이지움태릉입구역,18.364,22,2026,2805,12,2026,9,3
중랑구,묵동,세이지움태릉입구역,18.364,28,2026,4675,21,2026,9,3
중랑구,묵동,세이지움태릉입구역,18.364,25,2026,4675,21,2026,9,3
중랑구,묵동,세이지움태릉입구역,36.7355,22,2026,5040,22,2026,9,3
중랑구,묵동,세이지움태릉입구역,18.364,19,2026,2805,12,2026,9,3
중랑구,묵동,세이지움태릉입구역,36.7355,21,2026,2520,28,2026,9,2
중랑구,묵동,세이지움태릉입구역,18.364,8,2026,4675,21,2026,9,3
중랑구,묵동,세이지움태릉입구역,18.364,15,2026,2805,12,2026,9,3
중랑구,면목동,용마산하늘채,84.7961,13,2015,35000,130,2026,9,3
중랑구,묵동,세이지움태릉입구역,38.6071,9,2026,5295,23,2026,9,3
중랑구,묵동,세이지움태릉입구역,18.364,16,2026,2805,12,2026,9,3
중랑구,묵동,세이지움태릉입구역,36.7355,25,2026,5040,22,2026,9,3
중랑구,묵동,세이지움태릉입구역,18.364,14,2026,4675,21,2026,9,3
중랑구,묵동,세이지움태릉입구역,18.364,10,2026,2805,12,2026,9,3
중랑구,신내동,성원,84.32,6,1994,5000,170,2026,9,1
중랑구,묵동,세이지움태릉입구역,18.364,27,2026,2805,12,2026,9,3
중랑구,신내동,신내9진흥,49.93,12,1996,34600,0,2026,9,2
중랑구,면목동,사가정센트럴아이파크,84.87,28,2020,72000,0,2026,9,2
중랑구,묵동,세이지움태릉입구역,18.364,16,2026,2805,12,2026,9,3
중랑구,묵동,세이지움태릉입구역,36.7355,27,2026,5040,22,2026,9,3
중랑구,묵동,세이지움태릉입구역,18.364,10,2026,4675,21,2026,9,3
중랑구,묵동,세이지움태릉입구역,18.364,18,2026,2805,12,2026,9,3
중랑구,묵동,세이지움태릉입구역,18.364,12,2026,2000,14,2026,9,2
중랑구,묵동,세이지움태릉입구역,18.364,15,2026,4675,21,2026,9,3
중랑구,묵동,세이지움태릉입구역,18.364,11,2026,1402,15,2026,9,2
중랑구,묵동,세이지움태릉입구역,18.364,23,2026,2805,12,2026,9,3
중랑구,묵동,세이지움태릉입구역,18.364,8,2026,4675,21,2026,9,3
중랑구,상봉동,상봉생활,39.668,13,2026,27240,41,2026,9,2
중랑구,묵동,세이지움태릉입구역,36.7355,22,2026,8400,37,2026,9,3
중랑구,묵동,세이지움태릉입구역,18.364,15,2026,1402,15,2026,9,2
중랑구,묵동,세이지움태릉입구역,36.7355,20,2026,8400,37,2026,9,2
중랑구,묵동,세이지움태릉입구역,36.7355,8,2026,8400,37,2026,9,2
중랑구,묵동,세이지움태릉입구역,18.364,16,2026,4675,21,2026,9,3
중랑구,묵동,세이지움태릉입구역,18.364,14,2026,2805,12,2026,9,3
중랑구,묵동,세이지움태릉입구역,36.7355,8,2026,8400,37,2026,9,3
중랑구,상봉동,상봉생활,59.774,24,2026,37870,56,2026,9,3
중랑구,묵동,세이지움태릉입구역,36.7355,6,2026,8400,37,2026,9,2
중랑구,묵동,세이지움태릉입구역,36.7355,23,2026,8400,37,2026,9,2
중랑구,묵동,세이지움태릉입구역,36.7355,13,2026,8400,37,2026,9,3
중랑구,묵동,세이지움태릉입구역,36.7355,21,2026,8400,37,2026,9,2
중랑구,묵동,세이지움태릉입구역,36.7355,18,2026,8400,37,2026,9,2
중랑구,묵동,세이지움태릉입구역,18.364,26,2026,2337,25,2026,9,2
중랑구,묵동,세이지움태릉입구역,38.6071,19,2026,8825,39,2026,9,2
중랑구,묵동,세이지움태릉입구역,38.6071,16,2026,8825,39,2026,9,2
중랑구,묵동,세이지움태릉입구역,36.7355,7,2026,8400,37,2026,9,2
중랑구,묵동,세이지움태릉입구역,36.7355,14,2026,8400,37,2026,9,3
중랑구,묵동,세이지움태릉입구역,38.6071,10,2026,8825,39,2026,9,2
중랑구,묵동,세이지움태릉입구역,18.364,27,2026,4675,21,2026,9,3
중랑구,묵동,신내,49.77,10,1996,31000,0,2026,9,2
중랑구,묵동,세이지움태릉입구역,36.7355,16,2026,8400,37,2026,9,2
중랑구,묵동,세이지움태릉입구역,18.364,13,2026,4675,21,2026,9,3
중랑구,묵동,세이지움태릉입구역,18.364,24,2026,2805,12,2026,9,3
중랑구,묵동,세이지움태릉입구역,18.364,12,2026,4675,21,2026,9,3
중랑구,묵동,세이지움태릉입구역,18.364,24,2026,2805,12,2026,9,2
중랑구,묵동,세이지움태릉입구역,18.364,10,2026,4675,21,2026,9,3
중랑구,묵동,세이지움태릉입구역,18.364,9,2026,4675,21,2026,9,2
중랑구,묵동,세이지움태릉입구역,18.364,15,2026,2805,12,2026,9,2
중랑구,묵동,세이지움태릉입구역,18.364,20,2026,4675,21,2026,9,2
중랑구,묵동,세이지움태릉입구역,36.7355,6,2026,5040,22,2026,9,2
중랑구,묵동,세이지움태릉입구역,18.364,6,2026,4675,21,2026,9,3
중랑구,묵동,세이지움태릉입구역,18.364,12,2026,2805,12,2026,9,2
중랑구,묵동,세이지움태릉입구역,18.364,22,2026,2805,12,2026,9,2
중랑구,묵동,세이지움태릉입구역,18.364,15,2026,4675,21,2026,9,2
중랑구,묵동,세이지움태릉입구역,18.364,21,2026,2805,12,2026,9,2
중랑구,묵동,세이지움태릉입구역,18.364,18,2026,2805,12,2026,9,2
중랑구,묵동,세이지움태릉입구역,18.364,25,2026,4675,21,2026,9,2
중랑구,묵동,세이지움태릉입구역,36.7355,28,2026,8400,37,2026,9,2
중랑구,묵동,세이지움태릉입구역,18.364,11,2026,2805,12,2026,9,2
중랑구,묵동,세이지움태릉입구역,18.364,28,2026,4675,21,2026,9,2
중랑구,묵동,세이지움태릉입구역,18.364,14,2026,2805,12,2026,9,2
중랑구,묵동,세이지움태릉입구역,18.364,24,2026,2805,12,2026,9,2
중랑구,묵동,세이지움태릉입구역,18.364,13,2026,4675,21,2026,9,2
중랑구,묵동,세이지움태릉입구역,36.7355,10,2026,8400,37,2026,9,2
중랑구,묵동,세이지움태릉입구역,38.6071,25,2026,8825,39,2026,9,2
중랑구,묵동,세이지움태릉입구역,36.7355,22,2026,5040,22,2026,9,2
중랑구,묵동,세이지움태릉입구역,18.364,18,2026,2805,12,2026,9,2
중랑구,묵동,세이지움태릉입구역,18.364,17,2026,2805,12,2026,9,2
중랑구,묵동,세이지움태릉입구역,59.5073,18,2026,14850,66,2026,9,2
중랑구,묵동,세이지움태릉입구역,18.364,26,2026,4675,21,2026,9,2
중랑구,묵동,세이지움태릉입구역,18.364,12,2026,2805,12,2026,9,2
중랑구,묵동,세이지움태릉입구역,18.364,27,2026,4675,21,2026,9,2
중랑구,묵동,세이지움태릉입구역,18.364,10,2026,4675,21,2026,9,2
중랑구,묵동,세이지움태릉입구역,36.7355,25,2026,5040,22,2026,9,2
중랑구,묵동,세이지움태릉입구역,18.364,15,2026,2805,12,2026,9,2
중랑구,묵동,세이지움태릉입구역,18.364,20,2026,4675,21,2026,9,2
중랑구,묵동,세이지움태릉입구역,18.364,7,2026,2805,12,2026,9,2
중랑구,묵동,세이지움태릉입구역,36.7355,15,2026,5040,22,2026,9,3
중랑구,묵동,세이지움태릉입구역,18.364,11,2026,2805,12,2026,9,2
중랑구,묵동,세이지움태릉입구역,18.364,14,2026,4675,21,2026,9,2
중랑구,묵동,세이지움태릉입구역,18.364,13,2026,2805,12,2026,9,2
중랑구,묵동,세이지움태릉입구역,18.364,17,2026,2805,12,2026,9,2
중랑구,묵동,세이지움태릉입구역,18.364,27,2026,2805,12,2026,9,2
중랑구,묵동,세이지움태릉입구역,18.364,10,2026,4675,21,2026,9,2
중랑구,묵동,세이지움태릉입구역,18.364,28,2026,2805,12,2026,9,2
중랑구,묵동,세이지움태릉입구역,18.364,27,2026,2805,12,2026,9,2
중랑구,묵동,세이지움태릉입구역,18.364,7,2026,2805,12,2026,9,2
중랑구,묵동,세이지움태릉입구역,18.364,22,2026,2805,12,2026,9,2
중랑구,묵동,세이지움태릉입구역,18.364,11,2026,2805,12,2026,9,2
중랑구,묵동,세이지움태릉입구역,18.364,19,2026,4675,21,2026,9,2
중랑구,묵동,세이지움태릉입구역,18.364,11,2026,2805,12,2026,9,2
중랑구,묵동,세이지움태릉입구역,18.364,14,2026,4675,21,2026,9,2
중랑구,묵동,세이지움태릉입구역,18.364,6,2026,2805,12,2026,9,2
중랑구,묵동,세이지움태릉입구역,18.364,15,2026,2805,12,2026,9,2
중랑구,묵동,세이지움태릉입구역,18.364,23,2026,4675,21,2026,9,2
중랑구,묵동,세이지움태릉입구역,18.364,14,2026,4675,21,2026,9,2
중랑구,묵동,세이지움태릉입구역,18.364,24,2026,4675,21,2026,9,2
중랑구,묵동,세이지움태릉입구역,18.364,16,2026,2805,12,2026,9,2
중랑구,묵동,세이지움태릉입구역,18.364,13,2026,4675,21,2026,9,2
중랑구,묵동,세이지움태릉입구역,18.364,11,2026,4675,21,2026,9,2
중랑구,묵동,세이지움태릉입구역,18.364,8,2026,4675,21,2026,9,2
중랑구,묵동,세이지움태릉입구역,18.364,18,2026,2805,12,2026,9,2
중랑구,묵동,세이지움태릉입구역,18.364,20,2026,2805,12,2026,9,2
중랑구,묵동,세이지움태릉입구역,18.364,7,2026,2805,12,2026,9,2
중랑구,묵동,세이지움태릉입구역,18.364,18,2026,4675,21,2026,9,2
중랑구,신내동,신내글로리움,36.36,15,2019,9539,12,2026,9,2
중랑구,묵동,세이지움태릉입구역,36.7355,12,2026,8400,37,2026,9,2
중랑구,묵동,세이지움태릉입구역,36.7355,13,2026,8400,37,2026,9,2
중랑구,묵동,세이지움태릉입구역,36.7355,26,2026,8400,37,2026,9,2
중랑구,묵동,세이지움태릉입구역,59.5073,7,2026,14850,66,2026,9,2
중랑구,묵동,세이지움태릉입구역,18.364,21,2026,4675,21,2026,9,2
중랑구,묵동,세이지움태릉입구역,36.7355,16,2026,5040,22,2026,9,2
중랑구,묵동,세이지움태릉입구역,18.364,11,2026,2805,12,2026,9,2
중랑구,묵동,세이지움태릉입구역,18.364,6,2026,4675,21,2026,9,2
중랑구,묵동,세이지움태릉입구역,36.7355,21,2026,5040,22,2026,9,2
중랑구,묵동,세이지움태릉입구역,18.364,12,2026,2805,12,2026,9,2
중랑구,묵동,세이지움태릉입구역,18.364,10,2026,4675,21,2026,9,2
중랑구,묵동,세이지움태릉입구역,18.364,15,2026,2805,12,2026,9,2
중랑구,묵동,세이지움태릉입구역,18.364,13,2026,4675,21,2026,9,2
중랑구,묵동,세이지움태릉입구역,36.7355,11,2026,8400,37,2026,9,2
중랑구,묵동,세이지움태릉입구역,36.7355,12,2026,8400,37,2026,9,2
중랑구,묵동,세이지움태릉입구역,36.7355,19,2026,8400,37,2026,9,2
중랑구,묵동,세이지움태릉입구역,18.364,11,2026,2805,12,2026,9,2
중랑구,묵동,세이지움태릉입구역,18.364,9,2026,2805,12,2026,9,2
중랑구,묵동,세이지움태릉입구역,18.364,7,2026,2805,12,2026,9,2
중랑구,묵동,세이지움태릉입구역,18.364,12,2026,4675,21,2026,9,2
중랑구,묵동,세이지움태릉입구역,18.364,18,2026,2805,12,2026,9,2
중랑구,묵동,세이지움태릉입구역,18.364,29,2026,4675,21,2026,9,2
중랑구,묵동,세이지움태릉입구역,18.364,20,2026,2805,12,2026,9,2
중랑구,묵동,세이지움태릉입구역,18.364,24,2026,2805,12,2026,9,2
중랑구,묵동,세이지움태릉입구역,18.364,13,2026,4675,21,2026,9,2
중랑구,묵동,세이지움태릉입구역,18.364,10,2026,4675,21,2026,9,2
중랑구,묵동,세이지움태릉입구역,18.364,8,2026,2805,12,2026,9,2
중랑구,묵동,세이지움태릉입구역,18.364,27,2026,4675,21,2026,9,2
중랑구,묵동,세이지움태릉입구역,18.364,26,2026,4675,21,2026,9,2
중랑구,묵동,세이지움태릉입구역,18.364,29,2026,2805,12,2026,9,2
중랑구,묵동,세이지움태릉입구역,18.364,9,2026,2805,12,2026,9,2
중랑구,묵동,세이지움태릉입구역,18.364,15,2026,4675,21,2026,9,2
중랑구,묵동,세이지움태릉입구역,18.364,26,2026,2805,12,2026,9,2
중랑구,묵동,세이지움태릉입구역,18.364,13,2026,2805,12,2026,9,2
중랑구,묵동,세이지움태릉입구역,18.364,25,2026,2805,12,2026,9,2
중랑구,묵동,세이지움태릉입구역,18.364,13,2026,4675,21,2026,9,2
중랑구,묵동,세이지움태릉입구역,18.364,12,2026,2805,12,2026,9,2
중랑구,묵동,세이지움태릉입구역,18.364,12,2026,4675,21,2026,9,2
중랑구,묵동,세이지움태릉입구역,18.364,6,2026,2805,12,2026,9,2
중랑구,묵동,세이지움태릉입구역,18.364,26,2026,4675,21,2026,9,2
중랑구,묵동,세이지움태릉입구역,18.364,6,2026,4675,21,2026,9,2
중랑구,묵동,세이지움태릉입구역,18.364,17,2026,4675,21,2026,9,2
중랑구,묵동,세이지움태릉입구역,18.364,27,2026,4675,21,2026,9,2
중랑구,묵동,세이지움태릉입구역,18.364,29,2026,2805,12,2026,9,2
중랑구,묵동,세이지움태릉입구역,18.364,23,2026,2805,12,2026,9,2
중랑구,묵동,세이지움태릉입구역,18.364,17,2026,2805,12,2026,9,2
중랑구,묵동,세이지움태릉입구역,18.364,22,2026,2805,12,2026,9,2
중랑구,묵동,세이지움태릉입구역,18.364,11,2026,4675,21,2026,9,2
중랑구,묵동,세이지움태릉입구역,18.364,14,2026,2805,12,2026,9,2
중랑구,묵동,세이지움태릉입구역,18.364,6,2026,4675,21,2026,9,2
중랑구,묵동,세이지움태릉입구역,18.364,29,2026,2805,12,2026,9,2
중랑구,묵동,세이지움태릉입구역,36.7355,10,2026,5040,22,2026,9,2
중랑구,묵동,세이지움태릉입구역,18.364,26,2026,2805,12,2026,9,2
중랑구,묵동,세이지움태릉입구역,18.364,22,2026,4675,21,2026,9,2
중랑구,묵동,세이지움태릉입구역,18.364,25,2026,4675,21,2026,9,2
중랑구,묵동,세이지움태릉입구역,18.364,7,2026,2805,12,2026,9,2
중랑구,묵동,세이지움태릉입구역,18.364,16,2026,4675,21,2026,9,2
중랑구,묵동,세이지움태릉입구역,18.364,14,2026,2805,12,2026,9,2
중랑구,묵동,세이지움태릉입구역,38.6071,6,2026,8825,39,2026,9,2
중랑구,묵동,세이지움태릉입구역,18.364,17,2026,4675,21,2026,9,2
중랑구,묵동,세이지움태릉입구역,18.364,22,2026,4675,21,2026,9,2
중랑구,묵동,세이지움태릉입구역,38.6071,13,2026,8825,39,2026,9,2
중랑구,묵동,세이지움태릉입구역,18.364,16,2026,4675,21,2026,9,2
중랑구,묵동,세이지움태릉입구역,36.7355,24,2026,8400,37,2026,9,2
중랑구,묵동,세이지움태릉입구역,18.364,18,2026,4675,21,2026,9,2
중랑구,묵동,세이지움태릉입구역,36.7355,15,2026,5040,22,2026,9,2
중랑구,묵동,세이지움태릉입구역,18.364,6,2026,2805,12,2026,9,2
중랑구,묵동,세이지움태릉입구역,18.364,7,2026,4675,21,2026,9,2
중랑구,묵동,세이지움태릉입구역,18.364,9,2026,4675,21,2026,9,2
중랑구,묵동,세이지움태릉입구역,36.7355,26,2026,5040,22,2026,9,2
중랑구,묵동,세이지움태릉입구역,36.7355,29,2026,5040,22,2026,9,2
중랑구,묵동,세이지움태릉입구역,18.364,15,2026,2805,12,2026,9,2
중랑구,묵동,세이지움태릉입구역,18.364,24,2026,2805,12,2026,9,2
중랑구,면목동,현대,84.81,4,1994,60000,0,2026,9,2
중랑구,묵동,세이지움태릉입구역,18.364,8,2026,4675,21,2026,9,2
중랑구,묵동,세이지움태릉입구역,18.364,27,2026,2805,12,2026,9,2
중랑구,묵동,세이지움태릉입구역,18.364,9,2026,4675,21,2026,9,2
중랑구,묵동,세이지움태릉입구역,18.364,17,2026,4675,21,2026,9,2
중랑구,묵동,세이지움태릉입구역,36.7355,14,2026,5040,22,2026,9,2
중랑구,묵동,세이지움태릉입구역,18.364,7,2026,2805,12,2026,9,2
중랑구,묵동,세이지움태릉입구역,18.364,12,2026,2805,12,2026,9,2
중랑구,묵동,세이지움태릉입구역,18.364,18,2026,4675,21,2026,9,2
중랑구,묵동,세이지움태릉입구역,18.364,11,2026,2805,12,2026,9,2
중랑구,묵동,세이지움태릉입구역,36.7355,20,2026,8400,37,2026,9,2
중랑구,묵동,세이지움태릉입구역,36.7355,18,2026,8400,37,2026,9,2
중랑구,묵동,세이지움태릉입구역,38.6071,14,2026,8825,39,2026,9,2
중랑구,묵동,세이지움태릉입구역,36.7355,12,2026,8400,37,2026,9,2
중랑구,묵동,세이지움태릉입구역,18.364,17,2026,4675,21,2026,9,2
중랑구,묵동,세이지움태릉입구역,36.7355,25,2026,8400,37,2026,9,2
중랑구,묵동,세이지움태릉입구역,36.7355,14,2026,8400,37,2026,9,2
중랑구,묵동,세이지움태릉입구역,36.7355,17,2026,5040,22,2026,9,2
중랑구,묵동,세이지움태릉입구역,38.6071,26,2026,5295,23,2026,9,2
중랑구,묵동,세이지움태릉입구역,36.7355,27,2026,5040,22,2026,9,2
중랑구,묵동,세이지움태릉입구역,18.364,24,2026,2805,12,2026,9,2
중랑구,묵동,세이지움태릉입구역,38.6071,7,2026,5295,23,2026,9,2
중랑구,묵동,세이지움태릉입구역,36.7355,23,2026,5040,22,2026,9,2
중랑구,묵동,세이지움태릉입구역,18.364,14,2026,4675,21,2026,9,2
중랑구,묵동,세이지움태릉입구역,18.364,8,2026,2805,12,2026,9,2
중랑구,묵동,세이지움태릉입구역,18.364,17,2026,4675,21,2026,9,2
중랑구,묵동,세이지움태릉입구역,38.6071,22,2026,8825,39,2026,9,2
중랑구,묵동,세이지움태릉입구역,36.7355,29,2026,8400,37,2026,9,2
중랑구,묵동,세이지움태릉입구역,18.364,10,2026,2805,12,2026,9,2
중랑구,묵동,세이지움태릉입구역,18.364,7,2026,4675,21,2026,9,2
중랑구,묵동,세이지움태릉입구역,18.364,18,2026,4675,21,2026,9,2
중랑구,묵동,세이지움태릉입구역,18.364,16,2026,2805,12,2026,9,2
중랑구,묵동,세이지움태릉입구역,18.364,12,2026,2805,12,2026,9,2
중랑구,묵동,세이지움태릉입구역,36.7355,8,2026,5040,22,2026,9,2
중랑구,묵동,세이지움태릉입구역,18.364,6,2026,2805,12,2026,9,2
중랑구,묵동,세이지움태릉입구역,18.364,26,2026,4675,21,2026,9,2
중랑구,묵동,세이지움태릉입구역,18.364,28,2026,2805,12,2026,9,2
중랑구,묵동,세이지움태릉입구역,36.7355,6,2026,8400,37,2026,9,2
중랑구,묵동,세이지움태릉입구역,38.6071,12,2026,8825,39,2026,9,2
중랑구,묵동,세이지움태릉입구역,18.364,13,2026,4675,21,2026,9,2
중랑구,묵동,세이지움태릉입구역,18.364,29,2026,2805,12,2026,9,2
중랑구,묵동,세이지움태릉입구역,18.364,26,2026,2805,12,2026,9,2
중랑구,묵동,세이지움태릉입구역,18.364,9,2026,2805,12,2026,9,2
중랑구,묵동,세이지움태릉입구역,18.364,21,2026,2805,12,2026,9,2
중랑구,묵동,세이지움태릉입구역,18.364,12,2026,4675,21,2026,9,2
중랑구,신내동,신내우디안1단지,59.99,7,2014,35000,0,2026,9,2
중랑구,면목동,경남아너스빌,59.858,6,2006,40000,40,2026,9,2
중랑구,묵동,세이지움태릉입구역,18.364,29,2026,2805,12,2026,9,2
중랑구,묵동,세이지움태릉입구역,18.364,16,2026,2805,12,2026,9,2
중랑구,묵동,신도,114.85,11,1998,39000,62,2026,9,2
중랑구,상봉동,상봉생활,59.9741,5,2026,37870,56,2026,9,2
중랑구,망우동,다우하임아파트,56.53,10,2020,19342,21,2026,9,2
중랑구,신내동,신내우디안1단지,84.65,15,2014,23673,0,2026,9,1
중랑구,신내동,신내9진흥,49.82,3,1996,29400,0,2026,9,2
중랑구,신내동,신내우디안1단지,39.93,8,2014,9254,10,2026,9,1
중랑구,신내동,신내우디안1단지,39.93,8,2014,1303,30,2026,9,1
중랑구,신내동,성원,84.32,10,1994,36750,0,2026,9,1
중랑구,신내동,신내우디안1단지,84.65,22,2014,25927,0,2026,9,1
중랑구,상봉동,상봉생활,59.774,10,2026,37870,56,2026,9,1
중랑구,상봉동,상봉생활,39.668,8,2026,27240,41,2026,9,1
중랑구,신내동,우디안4단지,21.96,6,2018,5492,8,2026,9,1
중랑구,신내동,우디안4단지,21.96,4,2018,5492,8,2026,9,1
중랑구,면목동,사가정센트럴아이파크,59.92,16,2020,19222,35,2026,9,1
중랑구,신내동,신내우디안1단지,59.81,3,2014,15121,0,2026,9,1
중랑구,신내동,신내우디안1단지,59.6,3,2014,18145,0,2026,9,1
중랑구,신내동,신내글로리움,44.68,11,2019,10122,23,2026,9,1
중랑구,신내동,신내우디안1단지,59.88,5,2014,15121,0,2026,9,1
중랑구,신내동,신내우디안1단지,49.64,10,2014,8381,13,2026,9,1
중랑구,면목동,사가정센트럴아이파크,59.78,12,2020,16722,25,2026,9,1
중랑구,상봉동,상봉생활,44.4648,20,2026,30570,46,2026,9,1
성북구,장위동,꿈의숲아이파크,84.48,3,2022,80000,0,2026,9,10
성북구,정릉동,정릉풍림아이원,114.75,12,2005,50400,0,2026,9,10
성북구,돈암동,한진(609-1),113.67,9,1998,66000,0,2026,9,10
성북구,길음동,래미안길음센터피스,59.99,17,2019,57330,0,2026,9,10
성북구,하월곡동,하월곡동역세권청년주택,19.8638,19,2026,14000,24,2026,9,10
성북구,길음동,래미안길음센터피스,84.95,1,2019,46068,0,2026,9,9
성북구,돈암동,돈암코오롱하늘채,84.8576,15,2016,55000,0,2026,9,10
성북구,하월곡동,동일하이빌뉴시티,126.6,18,2011,84000,0,2026,9,10
성북구,길음동,삼부컨비니언,59.94,8,1998,40000,0,2026,9,9
성북구,하월곡동,하월곡동역세권청년주택,19.8638,7,2026,14300,37,2026,9,4
성북구,길음동,래미안길음센터피스,33.46,9,2019,1777,12,2026,9,10
성북구,하월곡동,하월곡동역세권청년주택,19.8638,18,2026,14000,24,2026,9,3
성북구,하월곡동,하월곡동역세권청년주택,19.8638,19,2026,10000,40,2026,9,4
성북구,정릉동,정릉풍림아이원,84.09,2,2005,30000,50,2026,9,5
성북구,동소문동4가,송산아파트,58.59,13,1998,3000,145,2026,9,1
성북구,길음동,길음뉴타운9단지(래미안),59.98,17,2010,57700,0,2026,9,9
성북구,종암동,래미안크리시엘,59.99,5,2004,57000,0,2026,9,8
성북구,보문동6가,보문파크뷰자이,59.19,5,2017,10000,220,2026,9,5
성북구,정릉동,정릉풍림아이원,59.88,15,2005,29400,0,2026,9,9
성북구,길음동,길음뉴타운1단지(래미안길음1차),59.99,9,2003,48300,0,2026,9,9
성북구,길음동,길음뉴타운2단지푸르지오,114.73,14,2005,40000,230,2026,9,2
성북구,돈암동,한진(609-1),59.58,5,1998,25000,120,2026,9,9
성북구,정릉동,정릉힐스테이트3차,114.78,6,2008,60000,0,2026,9,7
성북구,길음동,길음뉴타운2단지푸르지오,114.73,15,2005,70350,0,2026,9,8
성북구,석관동,두산,84.9,8,1998,10000,180,2026,9,5
성북구,길음동,길음현대,32.98,2,2000,5000,100,2026,9,9
성북구,삼선동2가,삼선푸르지오,84.53,8,2008,64000,0,2026,9,7
성북구,길음동,길음뉴타운1단지(래미안길음1차),59.99,8,2003,42000,0,2026,9,9
성북구,길음동,삼부컨비니언,84.13,2,1998,5000,220,2026,9,8
성북구,돈암동,한진(609-1),59.58,3,1998,25000,100,2026,9,7
성북구,길음동,래미안길음센터피스,59.97,13,2019,59850,0,2026,9,5
성북구,길음동,길음뉴타운7단지(두산위브),84.96,5,2010,5000,253,2026,9,8
성북구,정릉동,우방,84.92,11,1999,37400,0,2026,9,5
성북구,돈암동,돈암동 풍림아파트 101~105동,84.68,15,1999,37500,100,2026,9,1
성북구,하월곡동,하월곡동역세권청년주택,19.8638,8,2026,10000,40,2026,9,4
성북구,정릉동,길음뉴타운경남아너스빌,84.87,7,1999,49300,0,2026,9,8
성북구,돈암동,길음역금호어울림센터힐,84.77,6,2014,10000,200,2026,9,7
성북구,안암동3가,해링턴플레이스안암,75.65,11,2024,71000,0,2026,9,5
성북구,길음동,길음뉴타운4단지(e편한세상),59.86,7,2005,47000,0,2026,9,4
성북구,보문동6가,보문파크뷰자이,45.81,9,2017,52000,0,2026,9,4
성북구,돈암동,한신,132.96,11,1998,65000,25,2026,9,5
성북구,정릉동,정릉힐스테이트3차,59.98,4,2008,35000,60,2026,9,7
성북구,돈암동,돈암코오롱하늘채,84.8778,10,2016,69300,0,2026,9,7
성북구,안암동3가,해링턴플레이스안암,65.88,6,2024,60900,0,2026,9,4
성북구,하월곡동,하월곡동역세권청년주택,59.8772,4,2026,35300,94,2026,9,4
성북구,정릉동,정릉힐스테이트3차,114.78,8,2008,63000,0,2026,9,2
성북구,길음동,길음동동부센트레빌(1278-0),84.844,18,2003,10000,300,2026,9,7
성북구,장위동,꿈의숲코오롱하늘채,84.87,5,2017,25000,160,2026,9,7
성북구,하월곡동,베로니스,51.74,4,2020,41000,0,2026,9,3
성북구,길음동,래미안길음센터피스,59.99,10,2019,50000,100,2026,9,7
성북구,길음동,길음동동부센트레빌(1278-0),84.844,9,2003,4000,225,2026,9,5
성북구,길음동,길음뉴타운5단지(래미안),59.75,5,2006,20000,130,2026,9,4
성북구,하월곡동,월곡래미안루나밸리,59.98,7,2007,60000,0,2026,9,5
성북구,길음동,래미안길음센터피스,84.98,21,2019,87000,15,2026,9,5
성북구,석관동,두산,84.9,5,1998,49350,0,2026,9,4
성북구,돈암동,동부센트레빌,80.54,9,2003,53000,13,2026,9,5
성북구,길음동,길음동동부센트레빌(1278-0),84.844,7,2003,65000,0,2026,9,4
성북구,안암동3가,해링턴플레이스안암,84.83,4,2024,42000,126,2026,9,5
성북구,길음동,롯데캐슬골든힐스,84.93,18,2019,60000,70,2026,9,5
성북구,길음동,길음뉴타운1단지(래미안길음1차),59.99,14,2003,60000,0,2026,9,5
성북구,길음동,길음뉴타운4단지(e편한세상),84.64,18,2005,60000,0,2026,9,5
성북구,정릉동,정릉2차대주피오레,59.9627,6,2008,20000,100,2026,9,4
성북구,석관동,석관래미안,84.84,9,2009,61900,0,2026,9,5
성북구,길음동,길음뉴타운8단지(래미안),84.82,3,2010,73500,0,2026,9,5
성북구,하월곡동,하월곡동역세권청년주택,19.8638,11,2026,14000,24,2026,9,4
성북구,하월곡동,꿈의숲푸르지오,59.65,3,2010,15000,160,2026,9,1
성북구,길음동,롯데캐슬클라시아,84.9757,13,2022,75000,100,2026,9,4
성북구,길음동,길음뉴타운2단지푸르지오,114.73,1,2005,71000,0,2026,9,4
성북구,종암동,래미안라센트,59.98,4,2011,32000,140,2026,9,4
성북구,길음동,래미안길음센터피스,84.9,12,2019,89000,0,2026,9,4
성북구,장위동,래미안포레카운티,84.97,24,2021,61000,0,2026,9,2
성북구,장위동,래미안장위퍼스트하이,59.99,22,2020,37044,0,2026,9,4
성북구,길음동,길음뉴타운9단지(래미안),59.96,2,2010,50000,100,2026,9,3
성북구,하월곡동,하월곡동역세권청년주택,19.8638,7,2026,14000,24,2026,9,2
성북구,정릉동,정릉푸른마을동아,84.96,5,2003,44100,0,2026,9,3
성북구,정릉동,길음뉴타운경남아너스빌,59.59,12,1999,43000,0,2026,9,2
성북구,돈암동,한신,132.96,15,1998,20000,214,2026,9,3
성북구,길음동,길음뉴타운6단지(래미안),59.373,15,2007,56700,0,2026,9,3
성북구,돈암동,한진(609-1),59.58,10,1998,32500,0,2026,9,3
성북구,정릉동,정릉중앙하이츠아파트,84.31,15,1999,34650,0,2026,9,3
성북구,길음동,길음뉴타운8단지(래미안),59.99,12,2010,67000,0,2026,9,3
성북구,길음동,래미안길음센터피스,59.97,10,2019,35000,160,2026,9,3
성북구,길음동,삼부컨비니언,59.94,5,1998,45000,0,2026,9,2
성북구,석관동,두산,59.97,6,1998,50000,0,2026,9,3
성북구,하월곡동,월곡래미안루나밸리,59.98,3,2007,47000,0,2026,9,2
성북구,삼선동2가,삼선푸르지오,84.83,8,2008,60375,0,2026,9,1
성북구,석관동,래미안아트리치,39.01,14,2019,13824,37,2026,9,2
성북구,석관동,래미안아트리치,39.01,11,2019,12096,45,2026,9,2
성북구,하월곡동,하월곡동역세권청년주택,19.8638,16,2026,16600,28,2026,9,2
성북구,석관동,래미안아트리치,39.01,14,2019,13131,35,2026,9,2
성북구,상월곡동,동아에코빌,59.95,5,2003,10000,150,2026,9,2
성북구,보문동3가,현대I-PARK,84.57,12,2003,63000,0,2026,9,2
성북구,장위동,래미안장위퍼스트하이,59.99,3,2020,10000,230,2026,9,2
성북구,길음동,삼부컨비니언,59.94,7,1998,30000,70,2026,9,1
성북구,길음동,길음뉴타운2단지푸르지오,84.97,11,2005,78000,0,2026,9,2
성북구,장위동,래미안포레카운티,59.92,21,2021,36383,0,2026,9,1
성북구,장위동,꿈의숲아이파크,39,14,2022,4415,16,2026,9,2
성북구,종암동,종암에스케이,59.86,13,1999,10000,150,2026,9,1
성북구,석관동,두산,134.97,15,1998,43000,100,2026,9,1
성북구,장위동,래미안장위퍼스트하이,36.14,23,2020,11448,31,2026,9,1
성북구,길음동,길음뉴타운9단지(래미안),59.92,15,2010,71000,0,2026,9,1
성북구,석관동,두산,84.9,16,1998,10000,138,2026,9,1
성북구,돈암동,한진(609-1),132.96,3,1998,5250,263,2026,9,1
강북구,번동,번동완성주상복합아파트,74.73,8,1997,3000,110,2026,9,10
강북구,미아동,경남아너스빌(1356-0),59.964,1,2003,37800,0,2026,9,5
강북구,미아동,꿈의숲한신더휴,59.9894,9,2022,50400,0,2026,9,5
강북구,미아동,미아동부센트레빌,84.93,11,2006,61000,0,2026,9,9
강북구,미아동,벽산라이브파크,84.89,9,2004,55000,0,2026,9,8
강북구,미아동,경남아너스빌(1356-0),84.873,19,2003,30000,80,2026,9,7
강북구,번동,주공1단지,49.94,9,1991,26250,0,2026,9,5
강북구,번동,번동한양아파트,84.67,2,1992,38000,0,2026,9,8
강북구,미아동,엘리프미아역2단지,74.763,12,2026,50000,80,2026,9,8
강북구,미아동,북서울자이폴라리스(1단지),84.96,9,2024,67000,0,2026,9,5
강북구,미아동,꿈의숲롯데캐슬,39.69,5,2017,14193,37,2026,9,8
강북구,번동,주공1단지,49.94,13,1991,10000,70,2026,9,5
강북구,미아동,북서울자이폴라리스(1단지),84.96,9,2024,65000,0,2026,9,5
강북구,미아동,북서울자이폴라리스(1단지),84.96,17,2024,30000,150,2026,9,5
강북구,미아동,경남아너스빌(1356-0),59.964,7,2003,46200,0,2026,9,5
강북구,번동,신원,84.6,15,2000,35000,0,2026,9,1
강북구,미아동,삼성래미안트리베라2단지,113.89,15,2010,85000,0,2026,9,7
강북구,미아동,헤리움,35.86,14,2024,5000,140,2026,9,4
강북구,미아동,북서울자이폴라리스(1단지),59.64,15,2024,50400,0,2026,9,5
강북구,미아동,래미안트리베라1단지,84.97,8,2010,71500,0,2026,9,1
강북구,미아동,꿈의숲해링턴플레이스,59.88,7,2019,24000,145,2026,9,4
강북구,미아동,북서울자이폴라리스(1단지),84.96,19,2024,10000,201,2026,9,5
강북구,미아동,꿈의숲롯데캐슬,39.74,6,2017,14193,37,2026,9,4
강북구,수유동,수유다우아트리체,14.86,3,2018,9800,25,2026,9,4
강북구,미아동,북서울자이폴라리스(1단지),59.95,21,2024,10000,159,2026,9,4
강북구,미아동,북서울자이폴라리스(1단지),59.64,9,2024,10000,190,2026,9,3
강북구,수유동,프롬하우징,36.75,5,2025,2275,23,2026,9,2
강북구,수유동,프롬하우징,40.77,3,2025,2397,25,2026,9,2
강북구,번동,주공1단지,41.3,3,1991,17300,0,2026,9,1
강북구,번동,번동솔그린,59.82,7,1999,31500,0,2026,9,1
강북구,미아동,경남아너스빌,84.9134,1,2008,49000,0,2026,9,1
강북구,수유동,유경와이케이빌,14.07,12,2020,16000,0,2026,9,1
도봉구,창동,주공17단지,36.34,13,1989,16600,0,2026,9,10
도봉구,창동,삼성래미안,84.87,9,1992,50000,0,2026,9,1
도봉구,창동,창동주공18단지,45.9,7,1988,2000,82,2026,9,8
도봉구,창동,주공19단지(창동리버타운),99.75,3,1988,55000,0,2026,9,10
도봉구,창동,창동주공4단지,49.94,5,1991,27000,50,2026,9,5
도봉구,창동,창동주공1단지,58.01,3,1990,33000,0,2026,9,9
도봉구,도봉동,서원,59.51,9,1996,3000,125,2026,9,10
도봉구,쌍문동,삼익세라믹,58.77,8,1988,5000,100,2026,9,4
도봉구,창동,미소애,45.466,3,2005,3000,77,2026,9,10
도봉구,창동,리치,58.38,4,2003,5000,100,2026,9,5
도봉구,쌍문동,삼익세라믹,79.98,10,1988,15000,140,2026,9,10
도봉구,창동,창동주공2단지,41.3,9,1990,3000,63,2026,9,9
도봉구,창동,동아청솔,59.445,3,1997,35000,0,2026,9,9
도봉구,도봉동,한신,84.94,13,1995,52000,0,2026,9,5
도봉구,창동,주공19단지(창동리버타운),60.5,8,1988,30000,35,2026,9,9
도봉구,쌍문동,삼익세라믹,42.93,13,1988,22000,0,2026,9,3
도봉구,방학동,신동아아파트1,62.22,10,1986,28000,0,2026,9,4
도봉구,쌍문동,삼익세라믹,58.77,13,1988,1000,50,2026,9,7
도봉구,창동,쌍용,135,6,1997,59850,0,2026,9,7
도봉구,창동,창동주공18단지,45.77,2,1988,20000,0,2026,9,9
도봉구,창동,삼성래미안,66.54,5,1992,35000,0,2026,9,5
도봉구,창동,창동주공18단지,41.34,2,1988,1000,68,2026,9,4
도봉구,창동,주공17단지,36.16,8,1989,20000,0,2026,9,5
도봉구,쌍문동,한양2,84.9,2,1988,29000,40,2026,9,9
도봉구,창동,창동주공3단지(해등마을),49.94,10,1990,3000,89,2026,9,5
도봉구,창동,창동주공18단지,45.9,13,1988,18000,0,2026,9,1
도봉구,방학동,청구아파트,84.97,6,1994,45000,0,2026,9,8
도봉구,창동,창동주공2단지,41.3,5,1990,22050,0,2026,9,5
도봉구,창동,북한산아이파크5차,84.4516,22,2004,58000,0,2026,9,8
도봉구,도봉동,럭키,84.86,5,1992,5000,126,2026,9,8
도봉구,방학동,이에스에이아파트3,84.87,6,2004,7000,160,2026,9,8
도봉구,창동,주공17단지,36.16,6,1989,1000,72,2026,9,8
도봉구,쌍문동,삼익세라믹,42.93,4,1988,17500,0,2026,9,7
도봉구,창동,창동주공1단지,58.01,13,1990,33600,0,2026,9,8
도봉구,창동,동아청솔,59.76,11,1997,34000,3,2026,9,5
도봉구,방학동,방학지음재힐스,14.86,6,2018,500,60,2026,9,5
도봉구,창동,주공17단지,36.16,9,1989,14500,0,2026,9,5
도봉구,창동,주공19단지(창동리버타운),60.5,4,1988,20000,33,2026,9,3
도봉구,창동,창동2차현대,84.504,5,2001,49350,0,2026,9,5
도봉구,창동,동아청솔,59.445,16,1997,34600,0,2026,9,5
도봉구,방학동,이에스에이아파트1,124.66,18,2003,59800,0,2026,9,5
도봉구,창동,북한산아이파크5차,84.4516,16,2004,65000,0,2026,9,4
도봉구,창동,주공19단지(창동리버타운),59.39,7,1988,3000,95,2026,9,3
도봉구,도봉동,럭키,84.86,15,1992,35700,0,2026,9,7
도봉구,창동,창동주공1단지,41.3,13,1990,18520,0,2026,9,5
도봉구,방학동,삼익세라믹아파트,42.93,8,1988,20000,11,2026,9,5
도봉구,도봉동,럭키,84.86,7,1992,33500,0,2026,9,7
도봉구,창동,창동주공18단지,45.9,2,1988,3500,80,2026,9,5
도봉구,방학동,대상타운현대아파트,101.4,14,2001,63000,0,2026,9,5
도봉구,창동,북한산아이파크5차,84.4516,17,2004,57000,0,2026,9,7
도봉구,창동,창동주공3단지(해등마을),84.41,2,1990,14000,150,2026,9,1
도봉구,창동,동아그린,59.96,9,1996,36750,0,2026,9,5
도봉구,도봉동,한신,84.94,17,1995,15000,90,2026,9,2
도봉구,창동,창동주공2단지,45.9,6,1990,16800,20,2026,9,4
도봉구,창동,상아1차아파트,45.54,9,1987,24000,20,2026,9,1
도봉구,방학동,방학동삼성래미안1,84.937,20,2002,53000,40,2026,9,5
도봉구,방학동,대상타운현대아파트,133.97,4,2001,80000,0,2026,9,3
도봉구,방학동,신동아아파트1,112.49,15,1986,40000,0,2026,9,4
도봉구,방학동,신동아아파트1,51.27,4,1986,2625,76,2026,9,4
도봉구,창동,창동주공2단지,49.94,7,1990,30000,0,2026,9,3
도봉구,쌍문동,현대1,84.66,13,1990,44000,0,2026,9,4
도봉구,쌍문동,한양6,83.86,8,2002,43000,0,2026,9,1
도봉구,창동,창동주공3단지(해등마을),61.52,13,1990,5000,120,2026,9,2
도봉구,쌍문동,삼익세라믹,58.77,13,1988,20000,0,2026,9,1
도봉구,창동,창동현대4차,101.9957,1,2003,50000,0,2026,9,3
도봉구,쌍문동,한양6,83.86,9,2002,20000,93,2026,9,3
도봉구,창동,보람아파트,80.76,5,2004,27400,0,2026,9,2
도봉구,방학동,성진파크뷰아파트,49.71,11,2019,34000,0,2026,9,1
도봉구,창동,호신빌딩,16.64,11,2017,1000,49,2026,9,2
도봉구,쌍문동,한양1,66.33,9,1986,34000,30,2026,9,2
도봉구,창동,신창,49.77,3,1998,19900,0,2026,9,1
도봉구,도봉동,한신,84.94,1,1995,42000,0,2026,9,1
도봉구,방학동,한화성원아파트,59.88,6,1996,7000,84,2026,9,1
도봉구,쌍문동,삼익세라믹,58.77,10,1988,22000,0,2026,9,1
도봉구,쌍문동,한양2,28.71,4,1988,15200,0,2026,9,1
노원구,상계동,상계주공2(고층),32.39,1,1987,21000,0,2026,9,1
노원구,하계동,벽산,70.56,4,1988,39900,0,2026,9,5
노원구,중계동,중계무지개,49.89,12,1991,25000,0,2026,9,2
노원구,상계동,보람아파트,68.99,10,1988,45000,0,2026,9,10
노원구,상계동,상계주공10(고층),58.01,10,1988,30000,0,2026,9,3
노원구,공릉동,두산힐스빌아파트,84.9,17,2000,54000,0,2026,9,10
노원구,상계동,소담빌,14.65,9,2014,500,60,2026,9,3
노원구,상계동,상계주공7(고층),41.3,13,1988,24000,0,2026,9,9
노원구,상계동,상계대림,59.67,14,1989,27000,0,2026,9,10
노원구,상계동,상계주공14(고층),49.94,5,1989,24150,0,2026,9,10
노원구,월계동,월계흥화브라운빌,84.91,3,2004,13000,110,2026,9,8
노원구,월계동,청백(774),34.44,2,1998,2333,5,2026,9,8
노원구,상계동,"상계주공15(고층,공무원임대)",49.94,1,1988,3078,36,2026,9,7
노원구,상계동,"상계주공15(고층,공무원임대)",49.94,4,1988,16846,0,2026,9,7
노원구,상계동,상계주공14(고층),49.94,1,1989,5000,85,2026,9,2
노원구,상계동,벽산,46.8,8,1989,3000,50,2026,9,10
노원구,상계동,"상계주공15(고층,공무원임대)",49.94,4,1988,17103,0,2026,9,10
노원구,상계동,상계주공9(고층),49.94,9,1988,22050,0,2026,9,5
노원구,중계동,삼창타워주상프라자,59.39,18,1997,30000,0,2026,9,10
노원구,중계동,주공10,58.14,4,1995,59000,0,2026,9,8
노원구,중계동,이연아마빌레,144.96,2,2003,71000,0,2026,9,10
노원구,상계동,상계주공14(고층),41.3,9,1989,13000,0,2026,9,10
노원구,중계동,경남,84.97,2,1989,48500,0,2026,9,10
노원구,상계동,상계주공11(고층),49.94,9,1988,21000,0,2026,9,5
노원구,상계동,벽산,46.8,14,1989,25000,0,2026,9,4
노원구,월계동,한진한화그랑빌,84.97,1,2002,47000,0,2026,9,10
노원구,상계동,상계신동아,59.4,2,1995,25000,0,2026,9,10
노원구,상계동,상계주공6(고층),49.94,4,1988,20000,50,2026,9,10
노원구,공릉동,청솔아파트9,84.9,6,2000,52000,0,2026,9,10
노원구,중계동,롯데(505),84.97,2,1989,57000,0,2026,9,10
노원구,상계동,상계주공14(고층),41.3,5,1989,2000,100,2026,9,4
노원구,상계동,상계주공1(고층),58.01,6,1988,10000,75,2026,9,5
노원구,상계동,상계주공11(고층),41.3,6,1988,20500,0,2026,9,5
노원구,공릉동,삼익포레스트아파트,114.88,1,1995,56000,0,2026,9,5
노원구,상계동,성원상떼빌,114.76,4,1999,60000,0,2026,9,9
노원구,하계동,학여울청구,59.4,3,1999,37800,0,2026,9,9
노원구,상계동,노원롯데캐슬시그니처,52.873,9,2023,35000,10,2026,9,9
노원구,상계동,상계주공2(고층),58.01,6,1987,38000,0,2026,9,9
노원구,하계동,장미(시영6),59.46,5,1989,30000,0,2026,9,5
노원구,상계동,상계주공7(고층),45.77,4,1988,26000,0,2026,9,4
노원구,중계동,주공6,44.1,5,1993,29000,0,2026,9,5
노원구,상계동,상계주공10(고층),41.3,7,1988,23000,0,2026,9,5
노원구,상계동,상계주공16(고층),45.77,6,1988,27000,0,2026,9,9
노원구,상계동,"상계주공15(고층,공무원임대)",49.94,2,1988,10261,20,2026,9,8
노원구,상계동,"상계주공15(고층,공무원임대)",49.94,8,1988,11792,12,2026,9,8
노원구,상계동,"상계주공15(고층,공무원임대)",41.3,4,1988,13890,0,2026,9,8
노원구,상계동,"상계주공15(고층,공무원임대)",41.3,8,1988,13890,0,2026,9,8
노원구,상계동,"상계주공15(고층,공무원임대)",49.94,6,1988,17103,0,2026,9,8
노원구,상계동,"상계주공15(고층,공무원임대)",41.3,2,1988,13890,0,2026,9,4
노원구,상계동,"상계주공15(고층,공무원임대)",41.3,10,1988,13890,0,2026,9,1
노원구,상계동,"상계주공15(고층,공무원임대)",49.94,7,1988,3369,31,2026,9,8
노원구,상계동,"상계주공15(고층,공무원임대)",49.94,15,1988,13219,7,2026,9,7
노원구,상계동,"상계주공15(고층,공무원임대)",49.94,11,1988,3420,40,2026,9,7
노원구,상계동,상계주공11(고층),49.94,11,1988,15000,40,2026,9,7
노원구,상계동,"상계주공15(고층,공무원임대)",41.3,1,1988,7500,15,2026,9,8
노원구,상계동,상계주공11(고층),41.3,7,1988,2000,78,2026,9,3
노원구,공릉동,공릉해링턴플레이스,99.917,10,2000,47000,100,2026,9,5
노원구,하계동,장미(시영6),39.78,11,1989,26000,0,2026,9,9
노원구,월계동,청백4,39.84,13,1998,22000,0,2026,9,9
노원구,중계동,신동아(366),115.35,12,1993,97000,0,2026,9,9
노원구,상계동,상계주공9(고층),49.94,15,1988,2000,100,2026,9,9
노원구,하계동,장미(시영6),39.92,9,1989,5000,90,2026,9,8
노원구,공릉동,동부아파트,59.34,8,1996,32000,0,2026,9,9
노원구,하계동,우성,84.91,14,1988,40000,80,2026,9,9
노원구,상계동,상계주공7(고층),49.94,12,1988,5000,130,2026,9,9
노원구,상계동,포레나노원,59.9908,24,2020,10000,128,2026,9,9
노원구,공릉동,대주파크빌아파트,81.12,10,2003,47000,0,2026,9,5
노원구,중계동,경남,50.97,12,1989,25000,0,2026,9,3
노원구,중계동,중계3벽산,59.88,19,1999,38000,0,2026,9,8
노원구,상계동,상계주공14(고층),41.3,10,1989,25000,0,2026,9,7
노원구,상계동,상계주공3(고층),73.94,8,1987,10000,150,2026,9,7
노원구,상계동,보람아파트,54.59,7,1988,28350,0,2026,9,9
노원구,공릉동,대아아파트1차,59.75,6,1997,38500,0,2026,9,1
노원구,상계동,상계주공10(고층),58.01,9,1988,28300,0,2026,9,8
노원구,상계동,은빛1단지,59.95,2,1998,36000,0,2026,9,9
노원구,상계동,상계주공6(고층),59.28,4,1988,40000,0,2026,9,9
노원구,상계동,보람아파트,44.33,12,1988,21000,0,2026,9,8
노원구,하계동,청구,84.97,11,1988,30000,150,2026,9,8
노원구,중계동,삼성,84.75,3,1999,45150,0,2026,9,2
노원구,상계동,상계주공6(고층),59.2,4,1988,25000,0,2026,9,9
노원구,상계동,상계주공1(고층),32.39,7,1988,20000,0,2026,9,8
노원구,상계동,상계주공6(고층),59.28,12,1988,26250,0,2026,9,1
노원구,상계동,불암현대,59.4,1,1999,5000,120,2026,9,7
노원구,중계동,롯데우성,115.26,9,1993,89000,0,2026,9,5
노원구,중계동,주공6,44.1,5,1993,28000,0,2026,9,8
노원구,상계동,포레나노원,74.9561,23,2020,79000,0,2026,9,7
노원구,상계동,상계주공6(고층),41.3,13,1988,3000,105,2026,9,7
노원구,월계동,청백(774),34.44,2,1998,405,14,2026,9,7
노원구,상계동,상계주공11(고층),68.86,8,1988,44000,0,2026,9,4
노원구,상계동,상계주공6(고층),37.46,3,1988,17000,0,2026,9,3
노원구,상계동,상계주공7(고층),45.77,4,1988,5000,70,2026,9,8
노원구,월계동,한진한화그랑빌,75.81,9,2002,49400,0,2026,9,1
노원구,상계동,포레나노원,59.9866,8,2020,40000,90,2026,9,7
노원구,월계동,청백(774),34.44,1,1998,1013,12,2026,9,8
노원구,공릉동,공릉아파트,33.18,5,1999,1180,17,2026,9,8
노원구,중계동,중계그린1단지,59.87,11,1990,32000,0,2026,9,2
노원구,상계동,상계주공13(고층),49.94,4,1989,28000,0,2026,9,2
노원구,하계동,장미(시영6),59.87,12,1989,39000,0,2026,9,4
노원구,월계동,삼호4,50.18,8,1987,26250,0,2026,9,3
노원구,중계동,주공10,58.14,4,1995,59000,0,2026,9,8
노원구,상계동,상계주공2(고층),32.39,4,1987,20000,0,2026,9,8
노원구,월계동,청백(774),34.44,2,1998,1013,12,2026,9,8
노원구,하계동,장미(시영6),49.75,8,1989,24000,0,2026,9,8
노원구,상계동,상계주공11(고층),79.07,6,1988,45150,0,2026,9,8
노원구,공릉동,풍림아파트B,31.32,6,2001,2000,65,2026,9,5
노원구,월계동,청백(774),34.44,4,1998,1013,12,2026,9,8
노원구,상계동,상계주공7(고층),79.07,14,1988,55000,0,2026,9,7
노원구,상계동,상계주공7(고층),49.94,10,1988,38000,0,2026,9,4
노원구,상계동,상계주공4(고층),58.01,4,1988,25000,0,2026,9,7
노원구,하계동,장미(시영6),39.92,14,1989,2000,84,2026,9,3
노원구,중계동,주공10,58.14,9,1995,12000,99,2026,9,6
노원구,하계동,벽산,70.56,4,1988,39900,0,2026,9,5
노원구,중계동,삼성,114.49,3,1999,57700,0,2026,9,8
노원구,하계동,현대,84.95,7,1988,57000,0,2026,9,6
노원구,상계동,상계주공1(고층),41.3,12,1988,20000,0,2026,9,7
노원구,상계동,상계주공12(고층),49.94,10,1988,10000,100,2026,9,7
노원구,상계동,보람아파트,68.99,12,1988,10000,140,2026,9,4
노원구,월계동,청백(774),39.84,7,1998,1172,14,2026,9,7
노원구,상계동,상계주공12(고층),41.3,8,1988,14000,8,2026,9,7
노원구,상계동,포레나노원,84.9084,3,2020,73000,0,2026,9,7
노원구,상계동,"상계주공15(고층,공무원임대)",41.3,14,1988,6945,20,2026,9,7
노원구,월계동,미성,50.14,1,1986,17300,0,2026,9,5
노원구,상계동,상계주공14(고층),45.9,3,1989,18375,0,2026,9,5
노원구,중계동,주공7,44.1,14,1993,28500,0,2026,9,7
노원구,상계동,상계주공5(저층),31.98,1,1987,1000,40,2026,9,7
노원구,월계동,미륭,51.48,8,1986,29000,0,2026,9,7
노원구,상계동,상계주공13(고층),45.9,9,1989,18800,0,2026,9,7
노원구,중계동,주공4,45.77,4,1991,32000,0,2026,9,5
노원구,상계동,"상계주공15(고층,공무원임대)",49.94,5,1988,13476,8,2026,9,7
노원구,중계동,중계그린1단지,49.5,5,1990,29400,0,2026,9,5
노원구,상계동,불암대림(207동),33,6,2000,1314,15,2026,9,7
노원구,중계동,주공5,44.52,9,1992,1000,110,2026,9,4
노원구,상계동,상계주공9(고층),45.9,1,1988,21000,0,2026,9,7
노원구,월계동,청백(774),34.44,2,1998,1013,12,2026,9,7
노원구,상계동,상계주공7(고층),58.01,7,1988,30000,0,2026,9,5
노원구,월계동,풍림아이원,59.149,4,2005,52000,0,2026,9,4
노원구,상계동,상계주공11(고층),49.94,8,1988,25000,35,2026,9,7
노원구,상계동,"상계주공15(고층,공무원임대)",41.3,11,1988,10904,6,2026,9,7
노원구,하계동,학여울청구118동(356),32.76,17,2002,2441,4,2026,9,7
노원구,하계동,청솔(시영7),49.5,4,1989,5000,80,2026,9,7
노원구,월계동,미성,50.14,12,1986,24150,0,2026,9,5
노원구,상계동,상계주공12(고층),49.94,1,1988,18000,60,2026,9,5
노원구,월계동,청백(774),34.44,7,1998,1013,12,2026,9,7
노원구,월계동,청백4,39.84,14,1998,19000,0,2026,9,7
노원구,월계동,삼호4,50.18,4,1987,6000,72,2026,9,5
노원구,하계동,한신1,27,13,1988,18900,0,2026,9,2
노원구,상계동,상계주공16(고층),59.39,5,1988,29400,0,2026,9,2
노원구,중계동,신안,84.93,2,1999,55000,80,2026,9,1
노원구,중계동,화인상가,83.19,10,1994,100,35,2026,9,5
노원구,중계동,중계그린1단지,49.5,1,1990,30000,0,2026,9,5
노원구,공릉동,삼익포레스트아파트,51.03,9,1995,28300,0,2026,9,5
노원구,상계동,상계주공10(저층),47.34,1,1988,20000,0,2026,9,4
노원구,상계동,상계주공14(고층),41.3,3,1989,21000,0,2026,9,4
노원구,중계동,주공10,58.14,10,1995,47200,0,2026,9,5
노원구,상계동,상계주공1(고층),41.3,6,1988,22000,0,2026,9,5
노원구,상계동,포레나노원,84.9728,24,2020,73000,0,2026,9,5
노원구,중계동,주공2,44.52,13,1992,19950,0,2026,9,5
노원구,중계동,중계그린1단지,39.91,11,1990,2000,115,2026,9,4
노원구,하계동,학여울청구118동(356),32.76,15,2002,874,13,2026,9,7
노원구,중계동,청구3,84.77,15,1996,68250,42,2026,9,5
노원구,공릉동,태릉해링턴플레이스,84.98,18,2022,75000,0,2026,9,2
노원구,공릉동,현대성우아파트,59.98,11,2000,39900,0,2026,9,5
노원구,하계동,청솔(시영7),49.5,3,1989,27300,0,2026,9,5
노원구,월계동,삼호3,59.22,5,1986,36000,0,2026,9,5
노원구,하계동,학여울청구,84.77,15,1999,71000,0,2026,9,4
노원구,월계동,삼호3,59.22,6,1986,28000,10,2026,9,5
노원구,상계동,상계주공2(고층),68.86,1,1987,30700,0,2026,9,4
노원구,상계동,상계주공5(저층),31.98,5,1987,3000,30,2026,9,4
노원구,하계동,학여울청구118동(356),32.76,11,2002,874,13,2026,9,7
노원구,상계동,상계주공10(고층),59.39,12,1988,33000,0,2026,9,7
노원구,상계동,노원센트럴푸르지오,84.999,1,2021,64500,0,2026,9,5
노원구,공릉동,태릉우성아파트,66.87,4,1985,38000,0,2026,9,4
노원구,공릉동,비선아파트,48.6,2,1999,2000,84,2026,9,5
노원구,중계동,중계무지개,39.96,9,1991,25000,0,2026,9,6
노원구,상계동,"상계주공15(고층,공무원임대)",49.94,12,1988,3420,40,2026,9,7
노원구,상계동,상계주공1(고층),41.3,7,1988,19000,0,2026,9,7
노원구,월계동,한일1,114.96,16,1999,51900,0,2026,9,5
노원구,중계동,금호타운(583),59.52,6,1997,46500,0,2026,9,5
노원구,월계동,삼호4,59.49,2,1987,2000,90,2026,9,7
노원구,공릉동,공릉아파트,33.18,10,1999,1180,17,2026,9,7
노원구,상계동,노원센트럴푸르지오,40.026,11,2021,2827,16,2026,9,7
노원구,상계동,보람아파트,44.33,14,1988,28000,0,2026,9,4
노원구,중계동,중계그린1단지,59.87,8,1990,3000,150,2026,9,5
노원구,하계동,장미(시영6),49.5,7,1989,2000,115,2026,9,4
노원구,상계동,"상계주공15(고층,공무원임대)",49.94,13,1988,16846,0,2026,9,1
노원구,상계동,상계주공16(고층),45.77,3,1988,27000,0,2026,9,5
노원구,중계동,주공10,58.14,9,1995,12000,99,2026,9,6
노원구,상계동,미라보(성림),60,17,2006,33000,0,2026,9,5
노원구,중계동,삼성,84.75,7,1999,55650,0,2026,9,5
노원구,상계동,상계주공10(고층),45.77,14,1988,25000,0,2026,9,4
노원구,상계동,"상계주공15(고층,공무원임대)",49.94,2,1988,16846,0,2026,9,4
노원구,상계동,"상계주공15(고층,공무원임대)",49.94,3,1988,17103,0,2026,9,1
노원구,중계동,상아,51.29,12,1989,40000,0,2026,9,5
노원구,중계동,청구(366),115.47,10,1993,100000,0,2026,9,5
노원구,상계동,상계주공10(고층),58.01,10,1988,35000,0,2026,9,5
노원구,월계동,한진한화그랑빌,84.97,16,2002,63000,0,2026,9,5
노원구,중계동,현대1(4차),84.99,8,1993,52000,0,2026,9,4
노원구,중계동,주공10,58.14,6,1995,50000,0,2026,9,4
노원구,상계동,수락리버시티3단지,84.96,5,2009,45000,0,2026,9,4
노원구,상계동,수락리버시티3단지,84.96,5,2009,45000,0,2026,9,4
노원구,하계동,한신동성,138.29,6,1993,63000,0,2026,9,4
노원구,상계동,상계주공10(고층),49.94,15,1988,33000,0,2026,9,4
노원구,상계동,상계주공14(고층),45.9,1,1989,13000,60,2026,9,2
노원구,상계동,상계주공2(고층),58.01,3,1987,27825,0,2026,9,4
노원구,상계동,상계주공6(고층),59.39,10,1988,3000,150,2026,9,4
노원구,상계동,상계주공6(고층),59.2,12,1988,29400,0,2026,9,4
노원구,월계동,미성,33.28,3,1986,17000,0,2026,9,4
노원구,상계동,상계주공6(고층),58.01,3,1988,3000,120,2026,9,4
노원구,중계동,중계그린1단지,49.5,15,1990,27000,0,2026,9,4
노원구,상계동,"상계주공15(고층,공무원임대)",49.94,4,1988,17103,0,2026,9,4
노원구,중계동,롯데(505),84.97,15,1989,10000,200,2026,9,4
노원구,월계동,사슴3,39.6,2,1995,2000,85,2026,9,4
노원구,공릉동,두산힐스빌아파트,59.76,5,2000,23000,36,2026,9,4
노원구,중계동,한신월드,84.96,1,2005,27783,0,2026,9,3
노원구,상계동,상계주공6(고층),58.01,11,1988,3000,150,2026,9,1
노원구,상계동,"상계주공15(고층,공무원임대)",41.3,13,1988,2778,32,2026,9,4
노원구,상계동,상계주공7(고층),45.9,6,1988,25000,25,2026,9,1
노원구,상계동,상계주공3(고층),58.01,15,1987,1000,110,2026,9,1
노원구,중계동,중계무지개,49.89,12,1991,25000,0,2026,9,2
노원구,상계동,"상계주공15(고층,공무원임대)",41.3,8,1988,13890,0,2026,9,1
노원구,상계동,상계2차중앙하이츠,84.6,6,1998,15000,150,2026,9,3
노원구,월계동,삼호3,59.22,2,1986,8000,90,2026,9,3
노원구,상계동,상계주공7(고층),45.77,4,1988,23100,0,2026,9,2
노원구,월계동,주공2,44.94,6,1992,15000,0,2026,9,3
노원구,상계동,상계주공3(고층),37.46,4,1987,24000,0,2026,9,1
노원구,월계동,월계흥화브라운빌,84.91,3,2004,45000,0,2026,9,3
노원구,상계동,벽산,43.35,11,1989,2000,100,2026,9,2
노원구,상계동,상계주공4(고층),41.3,13,1988,2000,95,2026,9,3
노원구,상계동,상계주공3(고층),60.5,6,1987,31500,0,2026,9,3
노원구,상계동,상계주공7(고층),49.94,8,1988,3000,100,2026,9,3
노원구,상계동,상계주공12(고층),41.3,6,1988,13000,0,2026,9,3
노원구,상계동,벽산,43.35,11,1989,20000,0,2026,9,3
노원구,공릉동,비선아파트,48.6,13,1999,29400,0,2026,9,3
노원구,상계동,상계주공10(저층),54.54,2,1988,30200,0,2026,9,3
노원구,상계동,상계주공6(고층),58.01,3,1988,24000,50,2026,9,3
노원구,중계동,중계무지개,59.26,3,1991,28350,0,2026,9,2
노원구,상계동,상계주공13(고층),45.55,8,1989,10000,45,2026,9,3
노원구,중계동,중계무지개,59.26,3,1991,40000,0,2026,9,3
노원구,공릉동,삼익아파트,59.89,8,1997,26000,0,2026,9,2
노원구,상계동,"상계주공15(고층,공무원임대)",41.3,11,1988,10904,6,2026,9,1
노원구,상계동,"상계주공15(고층,공무원임대)",41.3,4,1988,2778,32,2026,9,3
노원구,상계동,상계주공7(고층),45.77,14,1988,5000,80,2026,9,3
노원구,상계동,상계주공7(고층),41.3,10,1988,24150,0,2026,9,2
노원구,상계동,상계주공6(고층),58.01,15,1988,33000,0,2026,9,2
노원구,상계동,"상계주공15(고층,공무원임대)",41.3,1,1988,2500,29,2026,9,2
노원구,상계동,상계주공1(고층),41.3,3,1988,25000,0,2026,9,2
노원구,월계동,한진한화그랑빌,84.97,1,2002,63000,0,2026,9,1
노원구,하계동,청솔(시영7),49.5,2,1989,28300,0,2026,9,2
노원구,상계동,상계주공1(고층),41.3,4,1988,21000,0,2026,9,2
노원구,중계동,동진,38.79,1,1988,1000,85,2026,9,2
노원구,중계동,주공5,44.94,11,1992,2000,100,2026,9,2
노원구,중계동,중계그린1단지,39.92,11,1990,2000,100,2026,9,2
노원구,상계동,상계주공9(고층),49.94,13,1988,33000,0,2026,9,2
노원구,상계동,상계주공5(저층),31.98,3,1987,1000,40,2026,9,1
노원구,상계동,상계주공5(저층),31.98,2,1987,1000,50,2026,9,2
노원구,중계동,경남,50.97,12,1989,22010,0,2026,9,2
노원구,상계동,보람아파트,44.33,9,1988,3500,90,2026,9,1
노원구,중계동,주공2,44.52,12,1992,24000,0,2026,9,2
노원구,상계동,상계주공7(고층),58.01,11,1988,30000,40,2026,9,1
노원구,상계동,상계주공16(고층),59.39,2,1988,37000,0,2026,9,1
노원구,상계동,"상계주공15(고층,공무원임대)",41.3,15,1988,11112,8,2026,9,1
노원구,상계동,"상계주공15(고층,공무원임대)",49.94,11,1988,17103,0,2026,9,2
노원구,상계동,"상계주공15(고층,공무원임대)",49.94,13,1988,3369,31,2026,9,1
노원구,상계동,"상계주공15(고층,공무원임대)",49.94,15,1988,17103,0,2026,9,1
노원구,상계동,"상계주공15(고층,공무원임대)",49.94,3,1988,5053,27,2026,9,1
노원구,월계동,삼호4,50.18,8,1987,2000,130,2026,9,1
노원구,상계동,상계주공3(고층),37.46,4,1987,24000,0,2026,9,1
노원구,상계동,상계주공7(고층),79.07,14,1988,50000,0,2026,9,1
노원구,하계동,청솔(시영7),59.22,15,1989,5000,130,2026,9,1
노원구,월계동,삼창,94.36,3,1984,50000,0,2026,9,1
은평구,대조동,베르디움STAY1,36.4302,12,2022,11900,53,2026,9,10
은평구,대조동,베르디움STAY1,21.9733,10,2022,8100,31,2026,9,10
은평구,응암동,녹번역e편한세상캐슬,59.96,2,2021,65000,0,2026,9,1
은평구,진관동,우물골2단지두산위브(204~208동)BL2-5,59.36,2,2009,18692,0,2026,9,10
은평구,응암동,녹번역e편한세상캐슬,84.98,7,2021,74900,0,2026,9,10
은평구,진관동,구파발9단지래미안(901~915동)임대BL3-3,84.84,2,2010,21748,0,2026,9,10
은평구,대조동,베르디움STAY1,21.9733,12,2022,10300,21,2026,9,10
은평구,대조동,베르디움STAY1,36.4302,18,2022,21300,14,2026,9,10
은평구,대조동,베르디움STAY1,36.4302,18,2022,21300,14,2026,9,10
은평구,대조동,베르디움STAY1,21.9733,4,2022,9000,35,2026,9,10
은평구,녹번동,북한산푸르지오,59.99,14,2015,63000,0,2026,9,9
은평구,불광동,연신내역루체스테이션,17.051,14,2024,6000,37,2026,9,10
은평구,진관동,은뜨락,39.487,14,2019,9720,38,2026,9,10
은평구,진관동,폭포동4단지힐스테이트(401~407동)임대BL2-10,84.98,13,2010,21748,0,2026,9,10
은평구,불광동,연신내역루체스테이션,17.051,15,2024,4000,47,2026,9,10
은평구,대조동,베르디움STAY1,21.9733,11,2022,11500,24,2026,9,10
은평구,진관동,은뜨락,39.487,6,2019,12636,50,2026,9,10
은평구,진관동,구파발9단지래미안(901~915동)임대BL3-3,84.84,8,2010,21748,0,2026,9,10
은평구,갈현동,THESTUDIO163,19.17,16,2024,8300,38,2026,9,10
은평구,녹번동,힐스테이트녹번,59.938,4,2019,64000,0,2026,9,9
은평구,대조동,삼성타운,59.4,20,1997,10000,80,2026,9,4
은평구,신사동,신사동한신휴플러스,59.76,3,2003,38000,0,2026,9,9
은평구,진관동,우물골2단지두산위브(201~203동)BL2-4,84.85,6,2009,29593,0,2026,9,10
은평구,불광동,대호프라자아파트,59.97,5,2000,35000,0,2026,9,7
은평구,대조동,삼성타운,59.4,20,1997,45000,0,2026,9,10
은평구,증산동,DMC센트럴자이(2단지),39.48,4,2023,6997,35,2026,9,9
은평구,증산동,DMC센트럴자이(4단지),40.21,5,2023,10898,29,2026,9,9
은평구,증산동,DMC센트럴자이(2단지),39.48,7,2023,9684,26,2026,9,9
은평구,증산동,DMC센트럴자이(2단지),39.48,6,2023,9684,26,2026,9,9
은평구,증산동,DMC센트럴자이(2단지),39.48,2,2023,10762,29,2026,9,9
은평구,증산동,DMC센트럴자이(2단지),39.48,7,2023,10762,29,2026,9,9
은평구,수색동,DMCSKVIEW,38.7353,9,2023,9556,24,2026,9,9
은평구,증산동,DMC센트럴자이(2단지),39.66,4,2023,7386,36,2026,9,9
은평구,증산동,DMC센트럴자이(2단지),39.48,7,2023,6957,35,2026,9,9
은평구,진관동,구파발9단지래미안(901~915동)임대BL3-3,59.91,6,2010,18165,0,2026,9,9
은평구,진관동,은평뉴타운기자촌11단지,84.82,10,2015,58000,0,2026,9,10
은평구,갈현동,유호루하스,16.768,7,2018,1000,55,2026,9,5
은평구,진관동,구파발9단지래미안(901~915동)임대BL3-3,84.93,4,2010,21748,0,2026,9,10
은평구,진관동,구파발9단지래미안(901~915동)임대BL3-3,84.84,10,2010,21748,0,2026,9,9
은평구,대조동,베르디움STAY1,21.9733,19,2022,10300,21,2026,9,10
은평구,불광동,북한산힐스테이트1차아파트,114.942,7,2009,68250,0,2026,9,10
은평구,녹번동,북한산푸르지오,84.99,19,2015,52000,50,2026,9,9
은평구,진관동,구파발9단지래미안(901~915동)임대BL3-3,59.97,3,2010,15894,0,2026,9,10
은평구,진관동,구파발9단지래미안(901~915동)임대BL3-3,59.97,7,2010,15138,0,2026,9,9
은평구,진관동,구파발9단지래미안(901~915동)임대BL3-3,84.93,14,2010,21748,0,2026,9,9
은평구,수색동,DMCSK뷰아이파크포레,84.95,14,2025,68200,0,2026,9,10
은평구,진관동,구파발9단지래미안(901~915동)임대BL3-3,49.89,11,2010,4565,31,2026,9,10
은평구,진관동,구파발9단지래미안(901~915동)임대BL3-3,84.84,5,2010,21748,0,2026,9,9
은평구,대조동,베르디움STAY1,21.9733,16,2022,9000,35,2026,9,9
은평구,진관동,구파발9단지래미안(901~915동)임대BL3-3,84.84,10,2010,21748,0,2026,9,9
은평구,진관동,구파발9단지래미안(901~915동)임대BL3-3,84.84,11,2010,21748,0,2026,9,9
은평구,진관동,구파발9단지래미안(901~915동)임대BL3-3,39.96,5,2010,5669,10,2026,9,9
은평구,진관동,구파발9단지래미안(901~915동)임대BL3-3,84.84,5,2010,21748,0,2026,9,9
은평구,대조동,베르디움STAY1,36.4302,9,2022,21300,14,2026,9,9
은평구,불광동,북한산현대힐스테이트3차아파트,84.96,9,2010,63000,0,2026,9,9
은평구,진관동,구파발9단지래미안(901~915동)임대BL3-3,84.84,13,2010,21748,0,2026,9,9
은평구,진관동,구파발9단지래미안(901~915동)임대BL3-3,59.96,3,2010,15138,0,2026,9,9
은평구,진관동,마고정3단지센트레빌(301~309동)BL2-11,84.53,10,2009,37831,0,2026,9,9
은평구,진관동,구파발9단지래미안(901~915동)임대BL3-3,84.84,6,2010,21748,0,2026,9,9
은평구,갈현동,대한웰빙홈,31.15,4,2018,24100,0,2026,9,8
은평구,수색동,DMC롯데캐슬더퍼스트,39.83,10,2021,10525,26,2026,9,9
은평구,응암동,백련산에스케이뷰아이파크,40.6525,14,2020,13768,36,2026,9,9
은평구,진관동,마고정3단지센트레빌(301~309동)BL2-11,84.53,17,2009,37831,0,2026,9,9
은평구,대조동,베르디움STAY1,36.2275,11,2022,21200,13,2026,9,9
은평구,대조동,베르디움STAY1,38.9758,13,2022,22200,15,2026,9,9
은평구,대조동,베르디움STAY1,38.9758,16,2022,22200,15,2026,9,9
은평구,녹번동,북한산푸르지오,84.99,7,2015,30000,160,2026,9,8
은평구,신사동,미성,83.27,2,1987,33500,0,2026,9,5
은평구,진관동,구파발9단지래미안(901~915동)임대BL3-3,84.91,4,2010,21748,0,2026,9,8
은평구,진관동,구파발9단지래미안(901~915동)임대BL3-3,84.84,4,2010,21748,0,2026,9,8
은평구,진관동,구파발9단지래미안(901~915동)임대BL3-3,84.91,11,2010,21748,0,2026,9,9
은평구,진관동,구파발9단지래미안(901~915동)임대BL3-3,59.97,4,2010,5429,35,2026,9,9
은평구,진관동,구파발9단지래미안(901~915동)임대BL3-3,84.93,13,2010,21748,0,2026,9,9
은평구,진관동,구파발9단지래미안(901~915동)임대BL3-3,84.84,8,2010,21748,0,2026,9,9
은평구,진관동,구파발9단지래미안(901~915동)임대BL3-3,59.86,12,2010,15138,0,2026,9,9
은평구,진관동,구파발9단지래미안(901~915동)임대BL3-3,84.93,7,2010,21748,0,2026,9,8
은평구,진관동,구파발9단지래미안(901~915동)임대BL3-3,84.84,14,2010,21748,0,2026,9,8
은평구,대조동,베르디움STAY1,21.9733,17,2022,5900,41,2026,9,9
은평구,진관동,구파발9단지래미안(901~915동)임대BL3-3,84.84,11,2010,21748,0,2026,9,9
은평구,대조동,베르디움STAY1,21.9733,21,2022,9000,35,2026,9,9
은평구,대조동,베르디움STAY1,21.9733,10,2022,9000,35,2026,9,9
은평구,진관동,구파발9단지래미안(901~915동)임대BL3-3,84.84,12,2010,21748,0,2026,9,8
은평구,진관동,구파발9단지래미안(901~915동)임대BL3-3,84.93,1,2010,21748,0,2026,9,8
은평구,진관동,폭포동4단지힐스테이트(401~407동)임대BL2-10,84.98,4,2010,37878,0,2026,9,8
은평구,진관동,구파발9단지래미안(901~915동)임대BL3-3,84.93,6,2010,21748,0,2026,9,8
은평구,불광동,한화생명불광동사옥,17.12,6,2021,1000,65,2026,9,8
은평구,응암동,위산일리온시티,26.9,10,2020,29000,0,2026,9,4
은평구,불광동,북한산대창센시티,84.72,1,2004,40000,0,2026,9,9
은평구,진관동,구파발9단지래미안(901~915동)임대BL3-3,84.84,7,2010,21748,0,2026,9,8
은평구,진관동,구파발9단지래미안(901~915동)임대BL3-3,84.84,8,2010,21748,0,2026,9,9
은평구,수색동,DMCSKVIEW,38.7353,13,2023,9498,25,2026,9,8
은평구,신사동,은평자이더스타,49.9714,6,2026,54000,0,2026,9,9
은평구,진관동,구파발9단지래미안(901~915동)임대BL3-3,84.91,9,2010,21748,0,2026,9,9
은평구,진관동,구파발9단지래미안(901~915동)임대BL3-3,84.84,12,2010,21748,0,2026,9,9
은평구,진관동,구파발9단지래미안(901~915동)임대BL3-3,84.93,10,2010,21748,0,2026,9,9
은평구,진관동,구파발9단지래미안(901~915동)임대BL3-3,84.93,13,2010,21748,0,2026,9,9
은평구,진관동,구파발9단지래미안(901~915동)임대BL3-3,84.91,9,2010,21748,0,2026,9,8
은평구,진관동,구파발9단지래미안(901~915동)임대BL3-3,84.93,3,2010,21748,0,2026,9,8
은평구,진관동,구파발9단지래미안(901~915동)임대BL3-3,84.91,5,2010,29593,0,2026,9,8
은평구,수색동,DMCSKVIEW,38.7353,9,2023,9442,25,2026,9,8
은평구,수색동,DMC롯데캐슬더퍼스트,59.96,4,2021,66000,0,2026,9,8
은평구,진관동,상림마을8단지롯데캐슬(810~820동)BL1-1,39.83,6,2008,1094,24,2026,9,8
은평구,진관동,구파발9단지래미안(901~915동)임대BL3-3,84.93,9,2010,21748,0,2026,9,8
은평구,진관동,구파발9단지래미안(901~915동)임대BL3-3,84.84,13,2010,21748,0,2026,9,8
은평구,대조동,베르디움STAY1,48.9148,9,2022,26100,17,2026,9,8
은평구,진관동,구파발9단지래미안(901~915동)임대BL3-3,84.93,12,2010,21748,0,2026,9,8
은평구,진관동,구파발9단지래미안(901~915동)임대BL3-3,84.84,4,2010,21748,0,2026,9,8
은평구,수색동,DMCSKVIEW,38.7353,18,2023,9498,25,2026,9,8
은평구,대조동,베르디움STAY1,21.9733,17,2022,10300,21,2026,9,8
은평구,진관동,박석고개1단지힐스테이트(116~131동)임대BL2-1,84.72,12,2009,30631,0,2026,9,8
은평구,응암동,백련산해모로,59.92,1,2020,20000,150,2026,9,8
은평구,응암동,신동아,52.71,4,1990,33000,0,2026,9,8
은평구,진관동,구파발9단지래미안(901~915동)임대BL3-3,84.84,3,2010,21748,0,2026,9,8
은평구,진관동,상림마을7단지아이파크(702~705동)BL1-4,84.97,5,2008,35831,0,2026,9,8
은평구,대조동,정익제이원아파트(15-114),26.65,6,2015,3000,85,2026,9,7
은평구,대조동,디안(89-258),82.87,1,2005,25000,25,2026,9,3
은평구,불광동,정익제이원(4차),27.92,11,2015,25000,0,2026,9,2
은평구,수색동,DMCSKVIEW,38.7353,12,2023,10114,26,2026,9,8
은평구,대조동,베르디움STAY1,24.2466,25,2022,9500,37,2026,9,8
은평구,진관동,구파발9단지래미안(901~915동)임대BL3-3,84.91,8,2010,21748,0,2026,9,8
은평구,진관동,구파발9단지래미안(901~915동)임대BL3-3,84.93,6,2010,21748,0,2026,9,8
은평구,진관동,구파발9단지래미안(901~915동)임대BL3-3,84.84,7,2010,21748,0,2026,9,8
은평구,진관동,구파발9단지래미안(901~915동)임대BL3-3,84.93,8,2010,21748,0,2026,9,8
은평구,진관동,구파발9단지래미안(901~915동)임대BL3-3,84.84,3,2010,21748,0,2026,9,8
은평구,진관동,구파발9단지래미안(901~915동)임대BL3-3,84.84,12,2010,21748,0,2026,9,8
은평구,진관동,구파발9단지래미안(901~915동)임대BL3-3,84.93,10,2010,21748,0,2026,9,8
은평구,진관동,구파발9단지래미안(901~915동)임대BL3-3,84.91,4,2010,21748,0,2026,9,8
은평구,진관동,구파발9단지래미안(901~915동)임대BL3-3,84.84,7,2010,21748,0,2026,9,8
은평구,진관동,구파발9단지래미안(901~915동)임대BL3-3,59.97,5,2010,15138,0,2026,9,8
은평구,진관동,구파발9단지래미안(901~915동)임대BL3-3,59.86,7,2010,15894,0,2026,9,8
은평구,진관동,구파발9단지래미안(901~915동)임대BL3-3,84.84,9,2010,21748,0,2026,9,8
은평구,진관동,구파발9단지래미안(901~915동)임대BL3-3,84.84,9,2010,21748,0,2026,9,8
은평구,진관동,구파발9단지래미안(901~915동)임대BL3-3,84.84,5,2010,21748,0,2026,9,8
은평구,진관동,구파발9단지래미안(901~915동)임대BL3-3,84.98,4,2010,21748,0,2026,9,8
은평구,진관동,구파발9단지래미안(901~915동)임대BL3-3,84.91,2,2010,21748,0,2026,9,8
은평구,녹번동,녹번JR아파트,59.866,18,2002,10000,140,2026,9,1
은평구,진관동,구파발9단지래미안(901~915동)임대BL3-3,84.84,7,2010,21748,0,2026,9,8
은평구,진관동,구파발9단지래미안(901~915동)임대BL3-3,84.98,4,2010,21748,0,2026,9,8
은평구,진관동,구파발9단지래미안(901~915동)임대BL3-3,84.84,15,2010,21748,0,2026,9,8
은평구,진관동,구파발9단지래미안(901~915동)임대BL3-3,84.91,15,2010,21748,0,2026,9,8
은평구,진관동,구파발9단지래미안(901~915동)임대BL3-3,59.87,2,2010,15138,0,2026,9,8
은평구,대조동,베르디움STAY1,21.9733,6,2022,10300,21,2026,9,8
은평구,녹번동,녹번JR아파트,59.866,16,2002,39900,0,2026,9,5
은평구,녹번동,힐스테이트녹번,84.9,5,2019,66800,0,2026,9,7
은평구,진관동,구파발9단지래미안(901~915동)임대BL3-3,59.86,4,2010,15138,0,2026,9,8
은평구,진관동,구파발9단지래미안(901~915동)임대BL3-3,84.93,7,2010,21748,0,2026,9,8
은평구,진관동,구파발9단지래미안(901~915동)임대BL3-3,84.91,14,2010,21748,0,2026,9,8
은평구,진관동,구파발9단지래미안(901~915동)임대BL3-3,84.96,1,2010,21748,0,2026,9,8
은평구,진관동,구파발9단지래미안(901~915동)임대BL3-3,84.93,9,2010,21748,0,2026,9,8
은평구,진관동,구파발9단지래미안(901~915동)임대BL3-3,84.84,12,2010,21748,0,2026,9,8
은평구,수색동,DMC롯데캐슬더퍼스트,49.86,12,2021,15318,39,2026,9,8
은평구,대조동,베르디움STAY1,36.2275,15,2022,21200,12,2026,9,8
은평구,대조동,베르디움STAY1,20.2367,10,2022,10100,21,2026,9,8
은평구,응암동,백련산에스케이뷰아이파크,84.9039,22,2020,68200,0,2026,9,6
은평구,진관동,구파발9단지래미안(901~915동)임대BL3-3,84.93,12,2010,21748,0,2026,9,8
은평구,진관동,구파발9단지래미안(901~915동)임대BL3-3,84.84,3,2010,21748,0,2026,9,8
은평구,진관동,구파발9단지래미안(901~915동)임대BL3-3,84.93,5,2010,21748,0,2026,9,8
은평구,진관동,구파발9단지래미안(901~915동)임대BL3-3,84.91,14,2010,21748,0,2026,9,8
은평구,불광동,라이프미성,84.65,12,1988,39900,0,2026,9,7
은평구,대조동,베르디움STAY1,21.9733,18,2022,9000,35,2026,9,8
은평구,응암동,백련산에스케이뷰아이파크,36.082,7,2020,13647,40,2026,9,8
은평구,수색동,DMCSKVIEW,84.9926,20,2023,80000,0,2026,9,5
은평구,진관동,구파발9단지래미안(901~915동)임대BL3-3,84.91,11,2010,21748,0,2026,9,8
은평구,진관동,구파발9단지래미안(901~915동)임대BL3-3,84.93,7,2010,21748,0,2026,9,8
은평구,진관동,구파발9단지래미안(901~915동)임대BL3-3,84.91,13,2010,21748,0,2026,9,8
은평구,진관동,구파발9단지래미안(901~915동)임대BL3-3,84.93,5,2010,21748,0,2026,9,8
은평구,진관동,상림마을6단지푸르지오(615~621동)BL1-6,49.32,2,2008,4420,27,2026,9,7
은평구,응암동,녹번역e편한세상캐슬,84.98,8,2021,77000,0,2026,9,7
은평구,불광동,라이프미성,66.7,1,1988,35000,0,2026,9,5
은평구,녹번동,녹번JR아파트,59.866,18,2002,32300,0,2026,9,5
은평구,응암동,백련산힐스테이트4차,84.98,10,2018,63000,0,2026,9,7
은평구,대조동,베르디움STAY1,21.9733,13,2022,10300,21,2026,9,7
은평구,대조동,베르디움STAY1,21.9733,27,2022,10300,21,2026,9,7
은평구,진관동,구파발9단지래미안(916~928동)BL3-2,101.8,5,2010,70000,0,2026,9,4
은평구,응암동,녹번역e편한세상캐슬,59.97,5,2021,10000,206,2026,9,5
은평구,응암동,미가마하나임응암I,58.67,12,2022,5000,180,2026,9,5
은평구,녹번동,힐스테이트녹번,59.938,11,2019,63000,0,2026,9,5
은평구,불광동,라이프미성,84.65,6,1988,35000,0,2026,9,7
은평구,증산동,DMC우방,59.91,2,2000,47000,0,2026,9,5
은평구,대조동,베르디움STAY1,48.9148,25,2022,26100,16,2026,9,7
은평구,응암동,백련산파크자이,84.669,2,2021,50000,50,2026,9,5
은평구,대조동,베르디움STAY1,21.9733,20,2022,11500,24,2026,9,7
은평구,진관동,구파발9단지래미안(901~915동)임대BL3-3,84.84,3,2010,21748,0,2026,9,7
은평구,신사동,신사성원,59.94,1,2000,3000,120,2026,9,5
은평구,응암동,백련산힐스테이트4차,84.98,15,2018,40000,120,2026,9,5
은평구,응암동,백련산에스케이뷰아이파크,59.9335,7,2020,5000,230,2026,9,5
은평구,진관동,상림마을8단지롯데캐슬(821~830동)BL1-12,84.79,9,2008,53000,0,2026,9,7
은평구,진관동,마고정3단지센트레빌(301~309동)BL2-11,84.17,12,2009,50000,50,2026,9,6
은평구,수색동,e편한세상 수색 에코포레,84.951,2,2003,50000,0,2026,9,5
은평구,수색동,DMC롯데캐슬더퍼스트,84.87,4,2021,68000,0,2026,9,6
은평구,신사동,라이프씨티,83.04,9,1992,32500,0,2026,9,4
은평구,수색동,DMC롯데캐슬더퍼스트,84.87,13,2021,76000,0,2026,9,3
은평구,응암동,백련산힐스테이트1차,59.63,8,2011,20000,120,2026,9,7
은평구,진관동,은평뉴타운솔하임,45.034,12,2017,15000,74,2026,9,5
은평구,응암동,힐스테이트녹번역,84.99,6,2022,77700,0,2026,9,1
은평구,응암동,녹번역e편한세상캐슬,59.96,10,2021,40000,100,2026,9,5
은평구,진관동,우물골2단지두산위브(245~255동)BL2-6,101.42,6,2009,75000,0,2026,9,4
은평구,불광동,대호프라자아파트,84.65,9,2000,48000,0,2026,9,5
은평구,응암동,녹번역e편한세상캐슬,44.85,12,2021,57000,0,2026,9,5
은평구,수색동,DMC롯데캐슬더퍼스트,99.95,9,2021,90000,0,2026,9,4
은평구,수색동,DMC롯데캐슬더퍼스트,39.83,7,2021,34500,0,2026,9,5
은평구,대조동,삼성타운,59.4,1,1997,33075,0,2026,9,5
은평구,증산동,DMC센트럴자이(1단지),84.92,12,2023,78750,0,2026,9,5
은평구,신사동,은평자이더스타,49.999,12,2026,53000,0,2026,9,5
은평구,진관동,우물골2단지두산위브(204~208동)BL2-5,84.04,2,2009,57750,0,2026,9,4
은평구,대조동,베르디움STAY1,36.2275,24,2022,21200,13,2026,9,4
은평구,진관동,구파발10단지어울림(1011~1019동)BL3-1,84.78,2,2010,65000,0,2026,9,4
은평구,진관동,구파발10단지어울림(1011~1019동)BL3-1,84.78,2,2010,65000,0,2026,9,4
은평구,진관동,우물골2단지두산위브(245~255동)BL2-6,101.42,11,2009,76000,0,2026,9,4
은평구,응암동,백련산에스케이뷰아이파크,40.6525,17,2020,9792,49,2026,9,4
은평구,진관동,상림마을8단지롯데캐슬(821~830동)BL1-12,101.61,11,2008,20000,210,2026,9,4
은평구,구산동,구산주택,17.6,4,2022,4800,32,2026,9,4
은평구,응암동,녹번역e편한세상캐슬,84.94,9,2021,85000,0,2026,9,1
은평구,응암동,백련산파크자이,59.789,9,2021,30000,120,2026,9,4
은평구,진관동,구파발10단지어울림(1020~1028동)임대BL3-5,59.99,5,2012,9817,15,2026,9,4
은평구,응암동,백련산힐스테이트4차,84.98,2,2018,63000,0,2026,9,3
은평구,응암동,백련산힐스테이트1차,84.49,4,2011,52000,0,2026,9,3
은평구,대조동,베르디움STAY1,21.9733,4,2022,9000,33,2026,9,4
은평구,응암동,백련산힐스테이트1차,84.21,9,2011,60000,0,2026,9,4
은평구,신사동,대주파크빌,84.8,13,2004,0,30,2026,9,3
은평구,진관동,은평뉴타운솔하임,14.235,18,2017,1000,68,2026,9,4
은평구,진관동,은평뉴타운솔하임,19.685,17,2017,1000,115,2026,9,2
은평구,불광동,북한산힐스테이트7차,84.947,13,2011,59600,0,2026,9,3
은평구,응암동,백련산해모로,59.97,10,2020,5000,173,2026,9,1
은평구,응암동,e편한세상백련산,59.71,11,2022,58000,0,2026,9,2
은평구,불광동,북한산힐스테이트7차,114.977,7,2011,80000,0,2026,9,3
은평구,응암동,백련산에스케이뷰아이파크,59.9335,24,2020,56000,0,2026,9,2
은평구,응암동,녹번역e편한세상캐슬,59.97,18,2021,10000,210,2026,9,3
은평구,불광동,연신내역루체스테이션,35.606,11,2024,9000,58,2026,9,3
은평구,응암동,녹번역e편한세상캐슬,59.96,5,2021,68000,0,2026,9,3
은평구,수색동,DMC파인시티자이,74.78,14,2025,70300,0,2026,9,3
은평구,대조동,베르디움STAY1,36.2415,22,2022,9376,41,2026,9,2
은평구,대조동,베르디움STAY1,36.4302,5,2022,21300,12,2026,9,3
은평구,구산동,구산주택,33.95,5,2022,9100,62,2026,9,3
은평구,신사동,이랜드타운아파트,84.9287,7,2004,48000,0,2026,9,2
은평구,대조동,베르디움STAY1,36.2415,23,2022,9376,41,2026,9,2
은평구,신사동,은평자이더스타,49.999,17,2026,30000,130,2026,9,2
은평구,응암동,녹번역e편한세상캐슬,39.95,15,2021,10492,27,2026,9,2
은평구,대조동,베르디움STAY1,36.2415,4,2022,9376,41,2026,9,2
은평구,진관동,상림마을6단지푸르지오(622~629동)BL1-5,84.79,5,2008,44000,55,2026,9,2
은평구,응암동,녹번역e편한세상캐슬,84.92,12,2021,80000,0,2026,9,1
은평구,대조동,베르디움STAY1,36.2415,15,2022,9376,41,2026,9,2
은평구,대조동,베르디움STAY1,36.2415,19,2022,8032,35,2026,9,2
은평구,진관동,구파발9단지래미안(901~915동)임대BL3-3,84.91,10,2010,21748,0,2026,9,2
은평구,응암동,녹번역e편한세상캐슬,84.92,12,2021,80000,0,2026,9,1
은평구,대조동,베르디움STAY1,36.2415,13,2022,8032,35,2026,9,2
은평구,대조동,베르디움STAY1,36.2415,7,2022,4688,51,2026,9,2
은평구,대조동,베르디움STAY1,36.2415,26,2022,8032,35,2026,9,2
은평구,불광동,불광롯데캐슬,59.98,1,2018,60000,0,2026,9,2
은평구,불광동,LUMINO816,35.14,10,2024,9200,59,2026,9,2
은평구,진관동,구파발9단지래미안(901~915동)임대BL3-3,84.84,6,2010,21748,0,2026,9,1
은평구,불광동,LUMINO816,17.65,13,2024,5900,42,2026,9,1
은평구,진관동,구파발9단지래미안(916~928동)BL3-2,84.83,3,2010,5000,240,2026,9,1
서대문구,홍은동,북한산두산위브,84.98,4,2020,60000,0,2026,9,9
서대문구,북가좌동,DMC래미안e편한세상,59.97,2,2012,71000,0,2026,9,10
서대문구,홍제동,인왕산어울림,119.82,8,2006,80000,0,2026,9,9
서대문구,홍제동,문화촌현대,59.94,15,2002,43000,0,2026,9,10
서대문구,북아현동,힐스테이트신촌,84.9557,16,2023,70000,0,2026,9,6
서대문구,북가좌동,DMC래미안e편한세상,84.95,13,2012,54600,65,2026,9,9
서대문구,충정로3가,더스타일하우스디센트럴,17.6626,3,2020,3990,42,2026,9,9
서대문구,홍제동,홍제한양,60.06,10,1993,33000,0,2026,9,8
서대문구,남가좌동,DMC래미안클라시스,59.59,6,2000,53500,0,2026,9,9
서대문구,북아현동,힐스테이트신촌,59.8404,10,2023,77000,0,2026,9,8
서대문구,홍제동,서대문푸르지오센트럴파크,59.94,16,2023,75000,0,2026,9,9
서대문구,홍제동,서대문푸르지오센트럴파크,59.94,11,2023,66000,0,2026,9,4
서대문구,북가좌동,DMC래미안e편한세상,120.91,12,2012,50000,146,2026,9,8
서대문구,홍제동,인왕산현대,59.93,4,2000,15000,145,2026,9,9
서대문구,홍제동,청구2차,84.81,12,1997,10000,147,2026,9,9
서대문구,북가좌동,월드컵현대,59.76,17,1998,49000,0,2026,9,3
서대문구,홍제동,홍제원현대(459-0),59.93,5,2000,15000,150,2026,9,7
서대문구,북가좌동,DMC래미안e편한세상,84.95,21,2012,25000,210,2026,9,8
서대문구,충정로3가,더스타일하우스디센트럴,21.056,14,2020,4695,48,2026,9,1
서대문구,남가좌동,DMC에코자이,39.885,10,2019,15040,38,2026,9,8
서대문구,충정로3가,더스타일하우스디센트럴,36.1962,24,2020,8980,77,2026,9,7
서대문구,북아현동,신촌푸르지오,59.9093,1,2015,69000,0,2026,9,8
서대문구,남가좌동,DMC센트레빌,84.87,4,2009,70000,0,2026,9,8
서대문구,홍제동,제일아파트,80.11,8,2015,22000,0,2026,9,8
서대문구,연희동,대정이오스,29.76,2,2023,300,33,2026,9,8
서대문구,남가좌동,DMC파크뷰자이1단지,84.971,20,2015,13000,220,2026,9,1
서대문구,연희동,대림,119.49,1,1993,55000,0,2026,9,2
서대문구,남가좌동,DMC파크뷰자이1단지,84.974,12,2015,93000,0,2026,9,8
서대문구,남가좌동,래미안루센티아,34.12,2,2020,8403,40,2026,9,8
서대문구,남가좌동,래미안루센티아,34.12,4,2020,8403,40,2026,9,8
서대문구,충정로3가,미동,55.57,5,1969,20700,0,2026,9,7
서대문구,홍은동,"현대(1,2차)",84.77,4,1988,47000,0,2026,9,1
서대문구,홍제동,청구1차,84.78,13,1994,63000,0,2026,9,1
서대문구,홍은동,힐스테이트홍은포레스트,59.84,9,2023,35000,120,2026,9,5
서대문구,홍제동,서대문푸르지오센트럴파크,59.94,5,2023,72500,0,2026,9,7
서대문구,북가좌동,DMC아이파크,32.86,10,2009,2566,23,2026,9,8
서대문구,남가좌동,DMC파크뷰자이3단지,59.981,2,2015,60000,45,2026,9,5
서대문구,북아현동,힐스테이트신촌,84.9154,7,2023,72000,0,2026,9,5
서대문구,북아현동,두산,59.96,12,1999,45000,0,2026,9,5
서대문구,북아현동,두산,59.96,8,1999,42000,0,2026,9,5
서대문구,북아현동,힐스테이트신촌,84.6043,9,2023,70000,80,2026,9,1
서대문구,홍은동,힐스테이트홍은포레스트,72.97,9,2023,64000,0,2026,9,7
서대문구,홍제동,문화촌현대,59.94,2,2002,3000,115,2026,9,6
서대문구,홍제동,서대문푸르지오센트럴파크,59.94,11,2023,20000,220,2026,9,5
서대문구,남가좌동,DMC래미안클라시스,59.59,6,2000,53500,0,2026,9,5
서대문구,남가좌동,DMC금호리첸시아,74.343,15,2024,70000,70,2026,9,5
서대문구,북아현동,힐스테이트신촌,84.6043,1,2023,55000,150,2026,9,5
서대문구,남가좌동,DMC센트레빌,114.87,6,2009,85000,0,2026,9,2
서대문구,홍제동,홍제센트럴IPARK,84.9728,10,2020,30000,200,2026,9,4
서대문구,북가좌동,DMC래미안e편한세상,84.95,9,2012,69000,60,2026,9,5
서대문구,홍은동,홍은동벽산,142.98,2,1997,60000,0,2026,9,5
서대문구,남가좌동,DMC금호리첸시아,84.9901,5,2024,85000,0,2026,9,5
서대문구,북아현동,두산,59.96,3,1999,2000,200,2026,9,4
서대문구,홍제동,서대문푸르지오센트럴파크,59.94,15,2023,30000,111,2026,9,4
서대문구,충정로3가,더스타일하우스디센트럴,35.858,10,2020,7650,79,2026,9,4
서대문구,연희동,성원,84.95,3,2001,30000,56,2026,9,4
서대문구,남가좌동,래미안루센티아,84.95,15,2020,1000,90,2026,9,4
서대문구,홍은동,북한산더샵,84.956,20,2017,66500,12,2026,9,3
서대문구,천연동,천연뜨란채,57.78,14,2006,10000,110,2026,9,4
서대문구,남가좌동,DMC에코자이,72.845,21,2019,40000,140,2026,9,4
서대문구,충정로3가,더스타일하우스디센트럴,26.5236,23,2020,5914,60,2026,9,4
서대문구,남가좌동,DMC파크뷰자이1단지,84.971,16,2015,75000,55,2026,9,1
서대문구,북가좌동,DMC래미안e편한세상,120.93,1,2012,36700,210,2026,9,3
서대문구,충정로3가,충정리시온,44.88,16,2004,39000,0,2026,9,3
서대문구,남가좌동,DMC센트럴아이파크,84.98,12,2018,10000,210,2026,9,3
서대문구,홍제동,인왕산벽산,84.86,12,2003,55000,0,2026,9,3
서대문구,남가좌동,DMC파크뷰자이5단지,59.981,2,2015,72500,0,2026,9,3
서대문구,홍은동,로하스,64.26,4,2010,5000,100,2026,9,3
서대문구,북아현동,두산,59.96,9,1999,10000,200,2026,9,1
서대문구,남가좌동,DMC파크뷰자이1단지,84.971,24,2015,20000,260,2026,9,3
서대문구,홍은동,"현대(1,2차)",84.77,2,1988,52000,0,2026,9,2
서대문구,북아현동,두산,59.96,4,1999,38000,20,2026,9,2
서대문구,북아현동,e편한세상신촌4단지,84.89,32,2018,40000,280,2026,9,2
서대문구,남가좌동,디엠씨엘가,13.03,9,2017,10000,25,2026,9,2
서대문구,충정로3가,더스타일하우스디센트럴,35.858,21,2020,7650,79,2026,9,1
서대문구,충정로3가,더스타일하우스디센트럴,21.056,14,2020,6260,43,2026,9,1
서대문구,홍제동,청구1차,84.78,6,1994,60000,0,2026,9,1
서대문구,남가좌동,DMC파크뷰자이1단지,84.971,24,2015,72450,0,2026,9,2
서대문구,남가좌동,DMC파크뷰자이1단지,152.146,7,2015,136500,0,2026,9,1
서대문구,홍제동,홍제원그린뷰아파트,164.71,7,2003,58000,56,2026,9,1
서대문구,북아현동,두산,59.96,9,1999,10000,200,2026,9,1
서대문구,북아현동,e편한세상신촌1단지,59.85,1,2018,78000,0,2026,9,1
서대문구,남가좌동,DMC파크뷰자이2단지,84.968,15,2015,73000,28,2026,9,1
서대문구,남가좌동,래미안루센티아,34.12,1,2020,11633,29,2026,9,1
마포구,염리동,마포프레스티지자이,59.9286,23,2021,93500,0,2026,9,4
마포구,아현동,마포래미안푸르지오4단지,59.9236,14,2014,40000,200,2026,9,5
마포구,성산동,성산시영(선경),50.54,2,1986,3000,81,2026,9,10
마포구,상암동,DMC상암센트럴파크1단지,84.91,5,2009,73000,0,2026,9,2
마포구,상암동,상암월드컵파크11단지,49.58,13,2010,10221,0,2026,9,8
마포구,노고산동,신촌포스빌,29.03,4,2004,1000,105,2026,9,10
마포구,대흥동,서희스타힐스,33.76,5,2014,2000,145,2026,9,1
마포구,상암동,상암월드컵파크10단지,59.37,12,2010,15944,0,2026,9,10
마포구,합정동,마포한강푸르지오,84.64,14,2015,30000,380,2026,9,9
마포구,신공덕동,신공덕1차삼성래미안1아파트,84.9,7,2000,78750,0,2026,9,9
마포구,성산동,월드컵아이파크(667),84.7,5,2009,50000,52,2026,9,7
마포구,도화동,도화동현대,128.26,6,1996,71000,0,2026,9,10
마포구,염리동,마포프레스티지자이,59.7848,15,2021,30000,300,2026,9,10
마포구,상암동,상암월드컵파크10단지,59.69,10,2010,15944,0,2026,9,10
마포구,중동,현대,59.54,6,2000,34000,65,2026,9,10
마포구,아현동,세민하이파크,14.05,6,2022,1000,140,2026,9,8
마포구,도화동,도화동현대,112.09,4,1996,10000,300,2026,9,10
마포구,상암동,상암월드컵파크9단지,114.26,6,2010,56940,0,2026,9,9
마포구,상암동,상암월드컵파크10단지,59.37,6,2010,9627,15,2026,9,10
마포구,신수동,신촌삼익,114.5,17,1997,90000,0,2026,9,8
마포구,대흥동,마포그랑자이,84.98,13,2020,115000,0,2026,9,6
마포구,상암동,상암월드컵파크10단지,59.76,1,2010,15944,0,2026,9,9
마포구,상암동,상암월드컵파크10단지,114.26,9,2010,32145,0,2026,9,10
마포구,성산동,성산시영(대우),50.03,2,1986,4500,106,2026,9,3
마포구,아현동,공덕자이,59.99,13,2015,2000,350,2026,9,9
마포구,성산동,성산시영(유원),59.43,9,1986,34178,0,2026,9,9
마포구,공덕동,공덕3삼성래미안,84.98,7,2004,60000,120,2026,9,9
마포구,서교동,서교동효성해링턴타워,37.17,3,2020,13760,76,2026,9,9
마포구,상암동,상암월드컵파크10단지,49.58,5,2010,4817,32,2026,9,10
마포구,성산동,성산시영(대우),50.03,9,1986,31500,0,2026,9,9
마포구,상암동,상암월드컵파크10단지,59.73,12,2010,15944,0,2026,9,10
마포구,노고산동,현대벤처빌,25.42,16,2002,1000,85,2026,9,8
마포구,공덕동,래미안공덕5차,59.959,1,2011,80000,0,2026,9,9
마포구,공덕동,공덕SK리더스뷰,84.93,28,2021,60000,263,2026,9,1
마포구,도화동,우성,54.72,4,1991,2000,170,2026,9,2
마포구,마포동,마포쌍용황금아파트,59.9,5,2000,47000,0,2026,9,9
마포구,대흥동,마포그랑자이,84.98,4,2020,110000,0,2026,9,2
마포구,상암동,상암월드컵파크2단지,59.92,17,2003,56125,0,2026,9,8
마포구,도화동,마포동원베네스트,58.65,8,2010,43000,90,2026,9,9
마포구,상암동,상암월드컵파크10단지,59.37,14,2010,15944,0,2026,9,9
마포구,염리동,마포자이더센트리지(101동서울리츠2호임대),34.797,8,2022,12166,43,2026,9,9
마포구,성산동,월드컵아이파크(667),117.95,12,2009,30000,175,2026,9,9
마포구,상암동,상암월드컵파크9단지,59.73,11,2010,9559,15,2026,9,8
마포구,도화동,현대홈타운,113.25,20,2000,72000,0,2026,9,2
마포구,신수동,대원칸타빌,143.656,13,2004,100000,80,2026,9,2
마포구,상암동,상암월드컵파크10단지,59.73,9,2010,15944,0,2026,9,8
마포구,대흥동,대흥동태영아파트,59.4,13,1999,70000,0,2026,9,8
마포구,상암동,상암월드컵파크10단지,59.49,1,2010,15944,0,2026,9,9
마포구,망원동,한강2차대주피오레,84.97,11,2003,75000,0,2026,9,1
마포구,공덕동,래미안공덕4차,83.42,7,2005,20000,252,2026,9,5
마포구,성산동,성산시영(유원),59.43,1,1986,40000,0,2026,9,5
마포구,신수동,신촌삼익,59.85,22,1997,10000,159,2026,9,7
마포구,신공덕동,신공덕래미안3차,84.69,3,2003,60000,80,2026,9,8
마포구,성산동,월드컵아이파크(666-0),83.28,2,2008,40792,0,2026,9,8
마포구,상암동,상암월드컵파크1단지,39.66,16,2003,1794,26,2026,9,8
마포구,도화동,한화오벨리스크,38.08,7,2004,2000,150,2026,9,2
마포구,망원동,마포한강아이파크,111.2884,7,2019,30000,340,2026,9,8
마포구,염리동,마포자이더센트리지(102동~112동),84.866,20,2022,81585,0,2026,9,2
마포구,대흥동,마포그랑자이(2단지),59.96,7,2020,78000,0,2026,9,3
마포구,신공덕동,신공덕래미안2차,59.48,3,2000,55500,0,2026,9,7
마포구,창전동,이랜드PEER신촌,17.296,8,2021,5337,28,2026,9,8
마포구,상암동,상암월드컵파크2단지,59.92,18,2003,5000,137,2026,9,5
마포구,공덕동,공덕3삼성래미안,59.97,3,2004,80000,0,2026,9,5
마포구,서교동,서교동효성해링턴타워,37.17,12,2020,12230,82,2026,9,7
마포구,서교동,서교동효성해링턴타워,37.17,10,2020,13760,77,2026,9,8
마포구,성산동,성산시영(유원),59.43,8,1986,43000,0,2026,9,6
마포구,상수동,래미안밤섬리베뉴Ⅰ,84.99,8,2014,95000,0,2026,9,7
마포구,토정동,한강삼성,59.76,17,1997,50000,0,2026,9,4
마포구,도화동,한화오벨리스크,59,19,2004,30000,180,2026,9,7
마포구,창전동,이랜드PEER신촌,17.296,5,2021,5152,28,2026,9,7
마포구,창전동,이랜드PEER신촌,17.296,15,2021,5321,27,2026,9,7
마포구,아현동,더클래시,59.97,14,2022,10000,340,2026,9,7
마포구,도화동,현대홈타운,84.95,9,2000,70000,0,2026,9,7
마포구,염리동,상록임대,26.81,7,1997,1030,11,2026,9,7
마포구,성산동,성산시영(대우),50.03,1,1986,26600,0,2026,9,7
마포구,아현동,마포래미안푸르지오4단지,59.9656,8,2014,80955,0,2026,9,6
마포구,성산동,성산시영(대우),50.03,4,1986,5000,120,2026,9,4
마포구,대흥동,대흥동태영아파트,84.77,7,1999,35000,210,2026,9,5
마포구,상암동,상암월드컵파크10단지,59.37,11,2010,15944,0,2026,9,6
마포구,성산동,성산시영(선경),50.54,4,1986,22000,43,2026,9,2
마포구,염리동,마포프레스티지자이,59.8397,13,2021,10000,340,2026,9,5
마포구,현석동,밤섬힐스테이트,59.4,19,1999,55000,0,2026,9,5
마포구,상암동,상암월드컵파크6단지,104.32,7,2005,10000,340,2026,9,4
마포구,창전동,이랜드PEER신촌,29.5491,14,2021,6365,51,2026,9,7
마포구,신수동,신촌삼익,84.85,17,1997,78000,0,2026,9,2
마포구,상암동,상암월드컵파크10단지,49.71,1,2010,10353,2,2026,9,7
마포구,상암동,상암월드컵파크10단지,59.37,7,2010,15944,0,2026,9,4
마포구,상암동,상암월드컵파크10단지,59.69,10,2010,9437,16,2026,9,6
마포구,창전동,마포웨스트리버태영데시앙,59.989,3,2019,8880,87,2026,9,7
마포구,상암동,DMC상암센트럴파크2단지,36.69,10,2009,40000,0,2026,9,5
마포구,대흥동,마포그랑자이,84.99,13,2020,29000,0,2026,9,7
마포구,성산동,성산시영(대우),50.03,7,1986,20000,60,2026,9,5
마포구,창전동,이랜드PEER신촌,17.296,9,2021,4670,30,2026,9,7
마포구,신정동,서강GS,59.98,22,1999,63000,0,2026,9,5
마포구,노고산동,신촌예스빌딩,12.93,6,2015,1000,69,2026,9,6
마포구,상암동,상암월드컵파크1단지,39.44,4,2003,1783,26,2026,9,7
마포구,상수동,래미안밤섬리베뉴Ⅱ,84.82,11,2014,98700,0,2026,9,5
마포구,성산동,성산시영(선경),50.54,11,1986,34000,0,2026,9,5
마포구,상암동,상암월드컵파크3단지,84.84,13,2003,40000,84,2026,9,7
마포구,성산동,성산시영(유원),59.43,12,1986,41000,0,2026,9,5
마포구,성산동,삼호빌라트,83.86,7,2001,44000,0,2026,9,7
마포구,염리동,상록임대,27.47,3,1997,1055,12,2026,9,7
마포구,성산동,삼호빌라트,83.86,7,2001,44000,0,2026,9,7
마포구,상암동,상암월드컵파크2단지,59.92,13,2003,50000,25,2026,9,7
마포구,창전동,이랜드PEER신촌,17.1491,8,2021,5337,28,2026,9,7
마포구,상암동,상암월드컵파크8단지,39.97,6,2008,5272,10,2026,9,7
마포구,성산동,성산시영(대우),50.03,10,1986,6000,100,2026,9,5
마포구,성산동,성산시영(선경),50.54,8,1986,33600,0,2026,9,5
마포구,아현동,마포래미안푸르지오4단지,59.9656,2,2014,80000,0,2026,9,1
마포구,아현동,공덕자이,59.99,1,2015,76650,0,2026,9,5
마포구,아현동,마포래미안푸르지오4단지,59.9236,14,2014,40000,200,2026,9,5
마포구,대흥동,마포그랑자이,84.98,14,2020,130000,0,2026,9,5
마포구,염리동,마포프레스티지자이,59.8772,2,2021,85000,0,2026,9,6
마포구,토정동,한강삼성,59.76,12,1997,60900,0,2026,9,5
마포구,아현동,더클래시,59.5,16,2022,60000,120,2026,9,3
마포구,공덕동,래미안공덕5차,59.959,14,2011,20000,250,2026,9,5
마포구,신수동,신촌삼익,84.85,9,1997,70000,0,2026,9,7
마포구,중동,마포중동현대,59.88,1,2001,40900,0,2026,9,4
마포구,아현동,마포래미안푸르지오2단지,84.5978,9,2014,95000,60,2026,9,5
마포구,노고산동,신촌포스빌,29.03,3,2004,1000,105,2026,9,3
마포구,대흥동,대흥동태영아파트,59.4,6,1999,65000,0,2026,9,5
마포구,아현동,마포래미안푸르지오3단지,84.8919,11,2014,90000,0,2026,9,5
마포구,염리동,마포프레스티지자이,59.8772,15,2021,95000,0,2026,9,4
마포구,아현동,마포래미안푸르지오2단지,84.5978,9,2014,100000,0,2026,9,4
마포구,현석동,래미안웰스트림,84.98,35,2016,31500,0,2026,9,4
마포구,상암동,상암월드컵파크10단지,59.37,6,2010,15944,0,2026,9,4
마포구,상암동,상암월드컵파크6단지,104.32,3,2005,92000,0,2026,9,1
마포구,신수동,마포아이파크포레,84.901,12,2019,110000,0,2026,9,4
마포구,성산동,성산시영(유원),59.43,13,1986,31248,0,2026,9,3
마포구,도화동,도화현대,84.42,8,1998,10000,240,2026,9,4
마포구,상암동,상암월드컵파크11단지,59.73,9,2010,17189,0,2026,9,4
마포구,상암동,상암월드컵파크3단지,84.84,17,2003,70000,0,2026,9,3
마포구,신수동,신수동르끌레브아파트,32.22,5,2023,41000,0,2026,9,3
마포구,성산동,성산시영(대우),50.03,9,1986,1000,130,2026,9,3
마포구,상암동,상암월드컵파크10단지,49.58,10,2010,12554,13,2026,9,3
마포구,창전동,서강예가,84.988,3,2007,78000,0,2026,9,2
마포구,성산동,성산시영(대우),50.03,2,1986,35000,0,2026,9,3
마포구,성산동,성산시영(선경),50.54,2,1986,32000,0,2026,9,3
마포구,상암동,상암월드컵파크10단지,49.58,4,2010,1926,38,2026,9,3
마포구,염리동,마포자이,135.376,8,2003,10000,460,2026,9,3
마포구,합정동,합정한강아파트,52.62,1,2017,25000,100,2026,9,1
마포구,아현동,마포래미안푸르지오4단지,84.5978,26,2014,100000,25,2026,9,4
마포구,신공덕동,공덕아이파크,59.98,10,2013,35000,94,2026,9,2
마포구,아현동,마포래미안푸르지오4단지,59.9656,10,2014,40000,200,2026,9,3
마포구,상암동,상암월드컵파크12단지,59.73,7,2010,10257,15,2026,9,3
마포구,상암동,상암월드컵파크8단지,49.94,8,2008,7312,12,2026,9,3
마포구,창전동,신촌태영데시앙,84.97,5,2003,80000,0,2026,9,3
마포구,대흥동,마포자이2차,37.17,10,2014,4426,7,2026,9,3
마포구,도화동,삼성,136.65,3,1997,118000,0,2026,9,3
마포구,현석동,강변힐스테이트,59.78,2,2004,15000,181,2026,9,3
마포구,상암동,상암월드컵파크10단지,59.37,11,2010,17538,0,2026,9,2
마포구,신수동,힐스테이트마포더퍼스트,59.99,22,2026,83000,0,2026,9,3
마포구,아현동,마포센트럴 아이파크,59.9718,10,2017,78000,0,2026,9,2
마포구,서교동,서교동효성해링턴타워,37.17,6,2020,13760,74,2026,9,2
마포구,망원동,한강1차대주피오레,79.38,12,2003,70000,0,2026,9,2
마포구,도화동,도화동현대,147.37,6,1996,78700,0,2026,9,3
마포구,창전동,서강예가,119.301,12,2007,100000,0,2026,9,2
마포구,염리동,마포자이더센트리지(102동~112동),59.99,20,2022,94000,0,2026,9,2
마포구,상암동,상암월드컵파크11단지,114.26,7,2010,56940,0,2026,9,2
마포구,상암동,상암월드컵파크10단지,59.69,13,2010,15944,0,2026,9,2
마포구,상암동,상암월드컵파크10단지,59.69,4,2010,19132,0,2026,9,2
마포구,상암동,상암월드컵파크2단지,59.92,14,2003,63000,0,2026,9,2
마포구,상암동,상암월드컵파크2단지,49.8,17,2003,48300,0,2026,9,2
마포구,망원동,강변타운,84.98,1,2000,48000,0,2026,9,2
마포구,대흥동,마포자이2차,84.95,17,2014,20000,450,2026,9,2
마포구,중동,울트라월드컵(참누리),84.9406,7,2006,75000,0,2026,9,1
마포구,염리동,마포프레스티지자이,84.9422,18,2021,60000,320,2026,9,1
마포구,공덕동,공덕더샵,84.9902,19,2018,115000,0,2026,9,1
마포구,도화동,현대홈타운,84.95,5,2000,54000,45,2026,9,2
마포구,상암동,상암월드컵파크2단지,59.92,7,2003,57000,0,2026,9,2
마포구,상암동,상암월드컵파크10단지,59.73,7,2010,17538,0,2026,9,2
마포구,상암동,상암월드컵파크10단지,49.71,2,2010,4817,32,2026,9,1
마포구,염리동,마포프레스티지자이,114.9159,2,2021,80000,309,2026,9,2
마포구,상암동,상암월드컵파크10단지,59.37,13,2010,15944,0,2026,9,2
마포구,상암동,상암월드컵파크10단지,49.58,4,2010,8139,14,2026,9,1
마포구,염리동,마포프레스티지자이,84.9422,18,2021,60000,320,2026,9,1
마포구,상암동,상암월드컵파크10단지,49.71,1,2010,8139,14,2026,9,1
마포구,신공덕동,신공덕래미안2차,84.73,13,2000,10000,260,2026,9,1
마포구,상암동,상암월드컵파크10단지,49.58,13,2010,4817,32,2026,9,1
마포구,상암동,상암월드컵파크11단지,49.58,4,2010,8341,11,2026,9,1
마포구,현석동,래미안웰스트림,84.98,18,2016,95000,0,2026,9,1
마포구,상암동,상암월드컵파크11단지,59.37,12,2010,15627,0,2026,9,1
마포구,상암동,상암월드컵파크10단지,49.58,7,2010,4817,32,2026,9,1
마포구,성산동,성산시영(선경),50.54,3,1986,34000,0,2026,9,1
마포구,상암동,상암월드컵파크10단지,59.73,9,2010,15944,0,2026,9,1
마포구,공덕동,마포현대,84.87,15,1988,60000,0,2026,9,1
마포구,노고산동,빌리브디에이블,38.31,15,2025,5000,220,2026,9,1
마포구,상수동,상수동월드메르디앙,144.19,9,2000,10000,700,2026,9,1
마포구,신수동,힐스테이트마포더퍼스트,84.07,5,2026,105000,0,2026,9,1
마포구,상암동,상암월드컵파크10단지,114.26,5,2010,32145,0,2026,9,1
마포구,상암동,상암월드컵파크11단지,59.73,10,2010,16408,0,2026,9,1
마포구,상암동,상암월드컵파크11단지,59.37,13,2010,15627,0,2026,9,1
양천구,신정동,학마을1단지,49.98,3,2000,21000,0,2026,9,4
양천구,신정동,목동신시가지14,108.28,3,1987,10000,300,2026,9,5
양천구,목동,목동롯데캐슬마에스트로,59.9846,5,2019,25000,110,2026,9,5
양천구,신정동,신트리1,59.73,7,1999,40000,0,2026,9,5
양천구,목동,성원2,79.21,4,2000,21010,130,2026,9,3
양천구,목동,목동신시가지7,101.2,15,1986,118000,0,2026,9,7
양천구,신정동,이펜하우스4단지,84.96,9,2011,30576,0,2026,9,10
양천구,신정동,목동신시가지13,124.55,5,1987,85000,0,2026,9,9
양천구,목동,목동신시가지4,48.69,9,1986,35000,0,2026,9,7
양천구,신정동,목동힐스테이트,84.98,9,2016,110000,0,2026,9,9
양천구,목동,목동청구한신아파트,84.76,11,1997,87000,0,2026,9,10
양천구,목동,현대I-PARK,59.65,11,2003,32000,120,2026,9,10
양천구,신정동,목동신시가지10,79.55,12,1987,65000,60,2026,9,9
양천구,신정동,래미안목동아델리체(101동~118동),84.94,13,2021,86100,0,2026,9,9
양천구,목동,목동현대아파트(931),32.76,15,1997,3215,2,2026,9,10
양천구,신정동,목동신시가지9,71.37,9,1987,57000,0,2026,9,2
양천구,신정동,목동신시가지11,51.48,11,1988,5000,132,2026,9,9
양천구,신정동,목동힐스테이트,84.98,15,2016,92295,0,2026,9,8
양천구,신정동,목동신시가지10,53.82,1,1987,10000,120,2026,9,10
양천구,신정동,신트리1,49.95,6,1999,26000,70,2026,9,9
양천구,신월동,신월시영,50.67,6,1988,3000,90,2026,9,10
양천구,목동,목동신시가지6,47.94,12,1986,40000,0,2026,9,8
양천구,신정동,팰리스필,80.11,6,2002,47000,0,2026,9,9
양천구,신정동,래미안목동아델리체(119동~123동),59.82,10,2021,74000,0,2026,9,9
양천구,신정동,삼성쉐르빌,241.51,16,2003,183750,0,2026,9,9
양천구,목동,현대I-PARK,59.65,6,2003,60000,0,2026,9,9
양천구,신정동,신정숲속마을,49.99,19,2016,17797,0,2026,9,9
양천구,신정동,래미안목동아델리체(119동~123동),49.22,4,2021,5595,25,2026,9,9
양천구,신정동,목동신시가지14,108.28,9,1987,70000,70,2026,9,9
양천구,신정동,이펜하우스2단지,84.51,5,2011,59000,0,2026,9,8
양천구,목동,목동신시가지3,95.16,8,1986,99000,0,2026,9,7
양천구,목동,목동신시가지7,59.39,3,1986,33000,105,2026,9,5
양천구,신월동,동도센트리움,69.17,1,2007,23520,0,2026,9,9
양천구,신월동,신도신월1차,84.85,1,2004,53000,0,2026,9,8
양천구,신정동,목동신시가지10,53.82,5,1987,35000,35,2026,9,8
양천구,신정동,목동신시가지10,53.82,13,1987,5000,190,2026,9,9
양천구,목동,목동신시가지1,51.48,7,1985,42000,30,2026,9,8
양천구,신정동,호반써밋목동,39.9445,13,2022,14176,37,2026,9,9
양천구,목동,목동신시가지1,65.34,1,1985,33000,120,2026,9,5
양천구,신월동,코아루2단지,62.39,3,2010,25100,0,2026,9,9
양천구,신정동,목동신시가지14,55.02,10,1987,54000,0,2026,9,8
양천구,신정동,래미안목동아델리체(119동~123동),49.22,4,2021,2238,32,2026,9,7
양천구,신정동,삼성,65.31,3,2000,16000,60,2026,9,3
양천구,신정동,목동신시가지11,51.48,5,1988,30000,23,2026,9,8
양천구,신정동,세양청마루,59.98,3,2006,52000,30,2026,9,5
양천구,신월동,목동센트럴아이파크위브2단지,59.68,9,2020,66000,0,2026,9,6
양천구,목동,목동청구한신아파트,84.77,5,1997,50000,163,2026,9,7
양천구,신정동,청구,84.99,9,1992,67000,0,2026,9,5
양천구,신정동,MJ스위츠,49.92,4,2020,5000,116,2026,9,5
양천구,신정동,경남아너스빌,84.88,4,2004,84000,0,2026,9,5
양천구,신정동,목동힐스테이트,84.93,20,2016,50000,180,2026,9,8
양천구,목동,목동신시가지3,64.98,15,1986,68000,0,2026,9,8
양천구,목동,목동신시가지5,65.08,6,1986,45000,100,2026,9,4
양천구,신월동,신월2차미소지움,59.99,4,2005,40000,0,2026,9,8
양천구,신정동,래미안목동아델리체(119동~123동),39.39,11,2021,4324,19,2026,9,8
양천구,목동,목동미소래,84.95,9,2005,40000,75,2026,9,4
양천구,목동,현대I-PARK,59.65,3,2003,55000,60,2026,9,5
양천구,신월동,목동센트럴아이파크위브1단지,59.68,15,2020,57200,0,2026,9,4
양천구,신정동,목동신시가지9,106.93,10,1987,85000,0,2026,9,7
양천구,신정동,호반써밋목동,84.9828,1,2022,75000,0,2026,9,5
양천구,신월동,신월성원,59.94,15,1996,21000,0,2026,9,5
양천구,신월동,신월시영,50.67,12,1988,3000,100,2026,9,7
양천구,목동,목동청구한신아파트,84.77,1,1997,45000,160,2026,9,5
양천구,목동,월드메르디앙2,84.3,4,2003,80000,0,2026,9,7
양천구,신정동,래미안목동아델리체(119동~123동),39.39,13,2021,5729,8,2026,9,7
양천구,목동,목동신시가지7,53.88,9,1986,63000,0,2026,9,5
양천구,목동,목동길성그랑프리텔,77.9337,11,2003,60000,0,2026,9,4
양천구,목동,롯데캐슬위너,84.99,20,2005,88000,0,2026,9,7
양천구,신정동,목동신시가지14,129.33,4,1987,98000,0,2026,9,6
양천구,목동,목동신시가지5,65.08,15,1986,50000,0,2026,9,5
양천구,목동,목동신시가지2,97.92,10,1986,99750,0,2026,9,5
양천구,신정동,래미안목동아델리체(119동~123동),49.22,4,2021,5595,25,2026,9,7
양천구,신정동,목동신시가지10,53.82,2,1987,20000,88,2026,9,5
양천구,신정동,목동신시가지9,106.93,4,1987,25000,190,2026,9,5
양천구,신정동,푸른마을2,59.99,12,2001,10000,120,2026,9,7
양천구,목동,목동신시가지5,122.46,4,1986,125000,0,2026,9,6
양천구,신정동,힐탑이루미,80.64,2,2004,40000,0,2026,9,6
양천구,신정동,목동신시가지14,55.02,1,1987,20000,120,2026,9,7
양천구,신정동,학마을1단지,49.99,12,2000,31500,0,2026,9,5
양천구,신정동,목동신시가지13,70.73,6,1987,65000,0,2026,9,5
양천구,목동,목동신시가지4,47.25,10,1986,48000,0,2026,9,4
양천구,신정동,목동신시가지12,56.76,3,1988,30000,50,2026,9,4
양천구,신월동,목동센트럴아이파크위브3단지,59.97,11,2020,15000,123,2026,9,5
양천구,목동,목동신시가지4,48.69,8,1986,40000,0,2026,9,5
양천구,신정동,목동신시가지14,71.4,13,1987,61000,0,2026,9,5
양천구,신월동,신안파크,56.78,3,1987,17000,20,2026,9,7
양천구,신정동,목동신시가지14,55.02,7,1987,40000,60,2026,9,6
양천구,목동,진도1,59.84,8,1998,40000,120,2026,9,5
양천구,목동,목동신시가지7,101.2,12,1986,120000,0,2026,9,4
양천구,목동,목동신시가지5,65.08,5,1986,70000,0,2026,9,4
양천구,신월동,목동센트럴아이파크위브2단지,84.97,3,2020,64430,0,2026,9,5
양천구,목동,신동아파밀리에,84.9861,15,2002,80000,0,2026,9,5
양천구,신정동,목동신시가지13,70.73,9,1987,60000,0,2026,9,5
양천구,신정동,목동신시가지13,53.9,2,1987,45000,0,2026,9,5
양천구,신정동,목동신시가지14,74.19,14,1987,52500,0,2026,9,3
양천구,목동,목동신시가지4,67.58,8,1986,73500,0,2026,9,4
양천구,신정동,목동신시가지10,106.06,5,1987,10000,290,2026,9,3
양천구,신정동,호반써밋목동,39.9445,2,2022,14176,37,2026,9,4
양천구,신월동,목동센트럴아이파크위브3단지,59.88,9,2020,52500,0,2026,9,3
양천구,신정동,목동신시가지10,53.82,4,1987,38000,40,2026,9,4
양천구,신정동,목동힐스테이트,59.95,6,2016,5000,290,2026,9,4
양천구,신정동,신정현대5,85.26,2,1999,54600,0,2026,9,4
양천구,신월동,삼익플라주행복한마을,84.97,6,2013,41000,0,2026,9,3
양천구,목동,목동신시가지2,97.92,15,1986,10000,330,2026,9,2
양천구,신정동,목동신시가지9,71.37,8,1987,75000,0,2026,9,3
양천구,목동,목동신시가지2,95.67,14,1986,95000,0,2026,9,4
양천구,신정동,신정현대5,89.36,3,1999,50000,0,2026,9,4
양천구,목동,하이페리온2,155.586,28,2006,150000,200,2026,9,1
양천구,신정동,동일하이빌1단지,115.321,6,2005,78000,0,2026,9,3
양천구,목동,목동청구한신아파트,84.76,15,1997,98000,0,2026,9,3
양천구,목동,목동롯데캐슬마에스트로,59.984,5,2019,60000,35,2026,9,2
양천구,신정동,목동신시가지11,66.24,5,1988,35900,0,2026,9,2
양천구,목동,목동신시가지6,65.1,16,1986,51000,0,2026,9,3
양천구,신정동,푸른마을3,59.99,3,2001,43000,0,2026,9,3
양천구,신정동,건영,59.67,8,1996,39000,0,2026,9,2
양천구,목동,근상프리즘,93.21,1,2004,47200,0,2026,9,3
양천구,신월동,방주기픈샘,83.841,2,2004,40000,0,2026,9,4
양천구,신정동,목동신시가지13,98.63,13,1987,70000,40,2026,9,2
양천구,신정동,목동신시가지9,106.39,3,1987,82000,0,2026,9,3
양천구,목동,목동센트럴푸르지오,118.8208,13,2015,175000,0,2026,9,1
양천구,목동,목동신시가지7,66.6,15,1986,49000,0,2026,9,3
양천구,신정동,목동신시가지11,51.48,15,1988,27300,0,2026,9,3
양천구,신정동,이든채(101동~104동),26.8,13,2019,5880,16,2026,9,3
양천구,신월동,목동센트럴아이파크위브2단지,84.96,10,2020,68200,0,2026,9,3
양천구,신정동,푸른마을3,59.91,6,2001,17000,90,2026,9,3
양천구,신정동,이든채(101동~104동),26.94,2,2019,5880,16,2026,9,3
양천구,신월동,대주파크빌,84.89,24,2004,49500,0,2026,9,2
양천구,신정동,이든채(101동~104동),26.94,14,2019,5880,16,2026,9,3
양천구,신정동,신정6현대,59.4,4,2000,40000,0,2026,9,1
양천구,신정동,수정,48.87,4,1987,500,50,2026,9,2
양천구,신정동,수정,48.87,2,1987,300,50,2026,9,2
양천구,목동,금호1,59.88,1,1997,63000,12,2026,9,2
양천구,신정동,목동현대3차,101.91,15,1997,45000,160,2026,9,2
양천구,신월동,롯데캐슬,59.747,17,2014,52500,0,2026,9,1
양천구,신월동,신월동금용,84.98,1,1998,36000,0,2026,9,2
양천구,신월동,목동센트럴아이파크위브3단지,59.88,10,2020,65000,0,2026,9,2
양천구,목동,목동신시가지7,74.12,4,1986,71500,0,2026,9,1
양천구,신월동,목동센트럴아이파크위브4단지,84.97,4,2020,5000,250,2026,9,1
양천구,신월동,우당,113.14,11,1997,42000,0,2026,9,1
양천구,신월동,우당,113.14,10,1997,42000,0,2026,9,1
양천구,신월동,서울가든,86.4,5,1985,39000,0,2026,9,1
양천구,신월동,우당,113.14,10,1997,42000,0,2026,9,1
양천구,신월동,우당,113.14,10,1997,42000,0,2026,9,1
양천구,신정동,학마을1단지,49.99,11,2000,33000,0,2026,9,1
양천구,신월동,신월시영,50.67,1,1988,24000,0,2026,9,1
양천구,신정동,학마을1단지,49.2,15,2000,35000,0,2026,9,1
양천구,신정동,신정숲속마을,49.99,14,2016,19477,0,2026,9,1
양천구,신정동,목동신시가지8,54.94,9,1987,40000,0,2026,9,1
양천구,목동,목동신시가지5,93.18,1,1986,84000,0,2026,9,1
강서구,화곡동,초록,59.34,7,1998,44100,0,2026,9,6
강서구,내발산동,우장산힐스테이트,84.98,9,2005,50000,140,2026,9,4
강서구,염창동,e편한세상염창,55.0323,2,2019,65000,0,2026,9,1
강서구,가양동,가양6단지,49.5,3,1992,37000,0,2026,9,2
강서구,방화동,마곡중앙하이츠아파트,51.03,9,1994,5000,150,2026,9,6
강서구,염창동,태영,59.97,5,1999,15000,165,2026,9,10
강서구,가양동,강서한강자이,84.9903,12,2013,54000,48,2026,9,10
강서구,화곡동,궁전(912-1)B동,91.08,2,1998,30000,25,2026,9,10
강서구,화곡동,우장산롯데캐슬,85,20,2003,65000,0,2026,9,10
강서구,가양동,가양2단지(성지),39.6,2,1992,33000,0,2026,9,9
강서구,가양동,한강타운,84.99,1,1993,34500,60,2026,9,10
강서구,화곡동,화곡푸르지오,156.876,11,2002,95000,0,2026,9,7
강서구,가양동,가양우성,84.85,8,1990,67000,0,2026,9,10
강서구,화곡동,스카이(924-10),33.52,10,2014,2000,90,2026,9,10
강서구,화곡동,리치아파트,19.81,5,2018,16000,22,2026,9,10
강서구,마곡동,마곡엠밸리8단지,59.97,2,2016,10968,16,2026,9,10
강서구,마곡동,마곡엠밸리8단지,59.97,2,2016,13554,2,2026,9,10
강서구,마곡동,마곡엠밸리8단지,59.79,6,2016,33402,0,2026,9,10
강서구,마곡동,마곡엠밸리8단지,59.79,9,2016,33402,0,2026,9,10
강서구,화곡동,"우장산아이파크,이편한세상",84.97,4,2008,30000,230,2026,9,7
강서구,화곡동,성재센트리움아파트,21.74,9,2016,13500,15,2026,9,4
강서구,내발산동,마곡수명산파크4단지,59.84,4,2008,30000,110,2026,9,1
강서구,화곡동,동양하우징(899-4),28.18,11,2017,20280,0,2026,9,10
강서구,화곡동,우장산역해링턴타워,23.68,15,2021,4260,44,2026,9,9
강서구,등촌동,주공5,58.14,12,1995,45000,0,2026,9,10
강서구,마곡동,마곡엠밸리8단지,59.79,8,2016,33402,0,2026,9,9
강서구,마곡동,마곡엠밸리8단지,59.97,2,2016,33402,0,2026,9,9
강서구,화곡동,우장산롯데캐슬,85,17,2003,72000,0,2026,9,4
강서구,마곡동,마곡엠밸리8단지,59.79,5,2016,33402,0,2026,9,9
강서구,마곡동,마곡엠벨리(14단지),84.74,2,2014,26038,0,2026,9,9
강서구,등촌동,"등촌1,2단지주공아파트",41.85,3,1994,22972,0,2026,9,7
강서구,방화동,마곡중앙하이츠아파트,59.34,6,1994,36000,0,2026,9,9
강서구,마곡동,마곡엠밸리8단지,59.79,8,2016,33402,0,2026,9,9
강서구,마곡동,마곡엠밸리8단지,59.79,4,2016,33402,0,2026,9,9
강서구,내발산동,마곡수명산파크5단지,49.97,2,2008,5611,22,2026,9,9
강서구,등촌동,주공3,58.14,7,1995,50000,0,2026,9,8
강서구,내발산동,마곡수명산파크1단지,39.73,13,2007,2359,21,2026,9,9
강서구,마곡동,마곡엠밸리8단지,59.79,4,2016,33402,0,2026,9,9
강서구,마곡동,마곡엠밸리8단지,59.87,8,2016,33402,0,2026,9,8
강서구,마곡동,마곡엠밸리8단지,59.79,6,2016,33402,0,2026,9,8
강서구,마곡동,마곡엠밸리8단지,59.79,13,2016,7089,38,2026,9,8
강서구,화곡동,초록,49.77,6,1998,37800,0,2026,9,9
강서구,마곡동,마곡엠밸리8단지,59.79,15,2016,33402,0,2026,9,9
강서구,마곡동,마곡엠밸리8단지,59.79,5,2016,10968,16,2026,9,8
강서구,염창동,삼천리,84.99,1,1992,40740,0,2026,9,1
강서구,가양동,강변,49.5,13,1992,45000,0,2026,9,8
강서구,내발산동,유니드,73.51,6,2005,50000,30,2026,9,7
강서구,화곡동,성재센트리움아파트,20.3,9,2016,13000,20,2026,9,4
강서구,화곡동,강서힐스테이트,84.99,18,2015,80000,0,2026,9,9
강서구,마곡동,마곡엠밸리8단지,59.79,9,2016,33402,0,2026,9,8
강서구,마곡동,마곡엠밸리8단지,59.79,4,2016,33402,0,2026,9,8
강서구,마곡동,마곡엠밸리8단지,59.79,8,2016,33402,0,2026,9,9
강서구,방화동,동성,64.65,4,1993,36400,0,2026,9,6
강서구,마곡동,마곡엠밸리8단지,59.79,12,2016,33402,0,2026,9,9
강서구,마곡동,마곡엠밸리8단지,59.79,10,2016,33402,0,2026,9,9
강서구,등촌동,주공3,58.14,15,1995,49350,0,2026,9,7
강서구,마곡동,마곡엠밸리8단지,59.79,3,2016,33402,0,2026,9,8
강서구,등촌동,마곡루나플라체,22.05,8,2021,26000,0,2026,9,9
강서구,마곡동,마곡엠밸리12단지,59.79,4,2016,35161,0,2026,9,9
강서구,화곡동,우공아파트,27,2,2018,15000,10,2026,9,9
강서구,가양동,가양도시개발9-2단지,34.44,2,1993,24000,0,2026,9,9
강서구,내발산동,마곡수명산파크5단지,59.87,12,2008,5000,210,2026,9,8
강서구,내발산동,마곡수명산파크3단지,84.76,14,2007,26403,0,2026,9,9
강서구,방화동,마곡중앙하이츠아파트,51.03,9,1994,36000,0,2026,9,8
강서구,염창동,무학,114.92,14,1999,70000,50,2026,9,9
강서구,등촌동,나성,84.7533,7,2003,54000,0,2026,9,1
강서구,방화동,방화6단지,24.05,4,1994,537,8,2026,9,9
강서구,내발산동,마곡수명산파크1단지,39.92,12,2007,6412,2,2026,9,9
강서구,마곡동,마곡엠벨리(15단지),84.95,15,2014,41239,0,2026,9,8
강서구,마곡동,마곡13단지힐스테이트마스터,84.9805,4,2017,90000,0,2026,9,8
강서구,방화동,마곡중앙하이츠아파트,39.58,6,1994,5000,90,2026,9,4
강서구,등촌동,주공5,58.14,4,1995,45000,0,2026,9,4
강서구,내발산동,우장산힐스테이트,84.98,2,2005,20000,260,2026,9,8
강서구,마곡동,마곡엠밸리12단지,59.79,11,2016,35161,0,2026,9,8
강서구,마곡동,마곡엠밸리12단지,59.79,14,2016,35161,0,2026,9,8
강서구,마곡동,마곡엠벨리(14단지),84.93,1,2014,41239,0,2026,9,8
강서구,염창동,한강동아,84.96,9,1998,15000,180,2026,9,4
강서구,염창동,강변힐스테이트,84.99,2,2005,33300,150,2026,9,8
강서구,마곡동,마곡엠밸리8단지,59.79,7,2016,33402,0,2026,9,8
강서구,마곡동,마곡엠밸리8단지,59.79,12,2016,33402,0,2026,9,8
강서구,마곡동,마곡엠밸리8단지,59.79,6,2016,33402,0,2026,9,8
강서구,내발산동,마곡수명산파크1단지,39.8,2,2007,1010,24,2026,9,8
강서구,마곡동,마곡엠밸리8단지,59.79,15,2016,33402,0,2026,9,8
강서구,마곡동,마곡엠밸리8단지,59.87,6,2016,33402,0,2026,9,8
강서구,화곡동,강서힐스테이트,84.99,12,2015,88000,0,2026,9,8
강서구,마곡동,마곡엠밸리8단지,59.79,13,2016,33402,0,2026,9,8
강서구,마곡동,마곡엠밸리1단지,49.77,3,2014,6224,40,2026,9,8
강서구,마곡동,마곡엠밸리8단지,59.79,6,2016,33402,0,2026,9,8
강서구,마곡동,마곡엠밸리8단지,59.79,5,2016,14585,4,2026,9,8
강서구,화곡동,드림시드아파트,46.03,8,2018,30000,0,2026,9,3
강서구,염창동,아네스트염창,16.96,10,2019,12000,22,2026,9,8
강서구,화곡동,강서힐스테이트,84.99,4,2015,15000,280,2026,9,8
강서구,마곡동,마곡엠밸리8단지,59.79,5,2016,33402,0,2026,9,8
강서구,마곡동,마곡엠밸리4단지,59.95,2,2014,23767,0,2026,9,8
강서구,마곡동,마곡엠밸리9단지,59.86,3,2021,66000,0,2026,9,8
강서구,등촌동,주공10,37.67,1,1995,29400,0,2026,9,8
강서구,방화동,방화6단지,24.05,2,1994,1251,3,2026,9,8
강서구,가양동,한강타운,84.99,6,1993,63000,0,2026,9,8
강서구,등촌동,주공10,58.14,5,1995,20000,100,2026,9,5
강서구,염창동,아네스트염창,21.27,13,2019,5000,81,2026,9,8
강서구,마곡동,마곡엠밸리8단지,59.79,4,2016,33402,0,2026,9,8
강서구,가양동,가양1차보람더하임,66.37,1,2006,10000,90,2026,9,7
강서구,마곡동,마곡엠벨리(14단지),84.74,1,2014,41239,0,2026,9,8
강서구,염창동,태진드림피아,79.825,16,2003,50000,0,2026,9,8
강서구,마곡동,마곡엠밸리4단지,59.79,5,2014,36030,0,2026,9,8
강서구,마곡동,마곡엠벨리(15단지),59.84,7,2014,36030,0,2026,9,8
강서구,화곡동,강서힐스테이트,128.81,9,2015,50000,168,2026,9,7
강서구,내발산동,마곡수명산파크1단지,39.73,14,2007,4430,8,2026,9,8
강서구,마곡동,마곡엠벨리(15단지),114.86,6,2014,82000,0,2026,9,7
강서구,방화동,방화6단지,39.6,2,1994,922,12,2026,9,8
강서구,내발산동,강성레스트빌아파트,84.762,3,2005,30000,15,2026,9,7
강서구,내발산동,청솔수(711-6),84.2,7,2007,52000,0,2026,9,5
강서구,등촌동,주공5,58.14,10,1995,40000,0,2026,9,7
강서구,가양동,가양도시개발공사8단지(임대),34.44,1,1992,743,10,2026,9,7
강서구,방화동,개화,101.86,3,1994,63000,0,2026,9,1
강서구,내발산동,우장산힐스테이트,101.87,16,2005,94500,0,2026,9,7
강서구,마곡동,마곡엠밸리7단지,114.86,14,2014,93000,0,2026,9,5
강서구,화곡동,경동엠파이어스테이트,18.915,6,2012,11700,15,2026,9,7
강서구,마곡동,마곡엠밸리6단지,84.88,12,2014,60000,150,2026,9,4
강서구,가양동,가양1차보람더하임,66.37,1,2006,10000,90,2026,9,7
강서구,방화동,청솔,49.2,13,1994,36700,0,2026,9,7
강서구,가양동,가양도시개발9-2단지,34.44,14,1993,2000,90,2026,9,7
강서구,가양동,가양6단지,58.65,11,1992,47000,0,2026,9,5
강서구,방화동,방화6단지,24.05,3,1994,557,8,2026,9,7
강서구,마곡동,마곡엠밸리6단지,84.74,13,2014,87000,0,2026,9,4
강서구,방화동,방화6단지,39.6,12,1994,922,13,2026,9,7
강서구,방화동,강서센트레빌3차,84.4,2,2009,65000,0,2026,9,3
강서구,화곡동,SPACE(920-5),19.75,5,2014,11000,10,2026,9,7
강서구,염창동,삼현팰리채,65.35,5,2008,49875,0,2026,9,3
강서구,가양동,가양강나루현대,59.76,21,1999,54000,0,2026,9,5
강서구,화곡동,성광,60.72,4,2008,29820,0,2026,9,7
강서구,염창동,태진한솔,58.87,8,1994,25000,70,2026,9,7
강서구,화곡동,강서힐스테이트,59.99,7,2015,27660,165,2026,9,5
강서구,마곡동,마곡엠밸리12단지,59.99,14,2016,67200,0,2026,9,3
강서구,가양동,대림경동아파트,131.4,6,1993,68000,40,2026,9,4
강서구,방화동,방화6단지,39.6,13,1994,922,12,2026,9,7
강서구,화곡동,경동엠파이어스테이트,14.315,9,2012,8100,0,2026,9,1
강서구,마곡동,마곡13단지힐스테이트마스터,59.9825,4,2017,81000,0,2026,9,4
강서구,가양동,가양2단지(성지),39.6,5,1992,3000,90,2026,9,4
강서구,방화동,방화5,39.6,1,1994,29500,0,2026,9,4
강서구,가양동,가양도시개발공사8단지(임대),39.6,13,1992,840,13,2026,9,7
강서구,화곡동,디아인스,23.93,14,2018,23700,0,2026,9,5
강서구,방화동,방화6단지,24.05,2,1994,557,7,2026,9,7
강서구,방화동,신마곡벽산블루밍,49.7391,12,2020,42000,0,2026,9,6
강서구,화곡동,우장산에스케이뷰,84.97,1,2006,65000,0,2026,9,4
강서구,화곡동,강서힐스테이트,128.81,12,2015,65000,156,2026,9,5
강서구,방화동,마곡중앙하이츠아파트,51.03,3,1994,2000,150,2026,9,4
강서구,방화동,방화6단지,39.6,12,1994,922,13,2026,9,7
강서구,등촌동,등촌동아이파크,165.8299,19,2004,85000,60,2026,9,5
강서구,방화동,방화9단지,39.84,9,1996,942,12,2026,9,7
강서구,내발산동,우장산힐스테이트,84.98,17,2005,86000,0,2026,9,6
강서구,염창동,현대2,84.54,8,1993,52000,0,2026,9,6
강서구,염창동,현대아이파크,84.84,14,2005,50000,100,2026,9,5
강서구,가양동,가양도시개발9-1단지,34.44,7,1992,738,12,2026,9,7
강서구,염창동,동아3,59.7,7,1999,45150,0,2026,9,5
강서구,염창동,DH팰리스,57.38,6,2022,50400,0,2026,9,4
강서구,가양동,가양강나루현대,59.76,16,1999,58000,0,2026,9,5
강서구,가양동,한강타운,84.99,6,1993,68000,0,2026,9,5
강서구,염창동,등촌제이스카이,28.94,13,2021,3000,120,2026,9,5
강서구,가양동,강서한강자이,124.4246,5,2013,89200,0,2026,9,5
강서구,염창동,무학,59.38,8,1999,47200,0,2026,9,3
강서구,가양동,가양2단지(성지),49.65,12,1992,37000,0,2026,9,5
강서구,가양동,강서한강자이,124.4246,19,2013,87150,0,2026,9,4
강서구,등촌동,주공3,58.14,11,1995,47000,0,2026,9,4
강서구,방화동,방화3차우림필유,59.89,6,2005,10000,140,2026,9,2
강서구,방화동,삼정코아,83.23,13,2004,43000,0,2026,9,3
강서구,화곡동,우장산숲아이파크,59.9983,6,2022,75000,0,2026,9,4
강서구,방화동,방화5,33.18,2,1994,1500,90,2026,9,4
강서구,염창동,관음삼성,59.96,3,1997,39300,30,2026,9,4
강서구,마곡동,길훈,65.88,3,1989,41000,0,2026,9,4
강서구,마곡동,마곡엠밸리2단지,84.95,6,2014,83000,0,2026,9,2
강서구,방화동,방화메이빌,51.8976,7,2017,42000,0,2026,9,4
강서구,가양동,가양6단지,39.6,2,1992,1000,95,2026,9,4
강서구,가양동,한강타운,84.99,3,1993,55000,0,2026,9,4
강서구,마곡동,마곡삼성아파트,59.95,13,1998,48000,0,2026,9,3
강서구,내발산동,우장산힐스테이트,84.98,7,2005,15000,280,2026,9,3
강서구,화곡동,화곡푸르지오,125.021,2,2002,75000,0,2026,9,4
강서구,화곡동,우장산역해링턴타워,23.68,8,2021,4112,14,2026,9,4
강서구,내발산동,마곡수명산파크2단지,84.82,1,2007,55000,40,2026,9,3
강서구,내발산동,마곡에이치밸리움,51.464,5,2023,52000,0,2026,9,3
강서구,화곡동,화곡동복지,53.94,4,1974,16000,0,2026,9,3
강서구,염창동,극동상록수,84.96,8,1999,61000,0,2026,9,3
강서구,방화동,방화5,39.6,1,1994,3000,120,2026,9,3
강서구,화곡동,센트럴파크아파트,48.65,11,2021,36000,0,2026,9,3
강서구,등촌동,등촌라인(조합),59.91,12,1997,50000,0,2026,9,3
강서구,가양동,가양강나루현대,84.98,7,1999,65000,0,2026,9,3
강서구,화곡동,M노블레스,27.01,4,2021,19652,0,2026,9,2
강서구,등촌동,주공10,58.14,6,1995,25000,58,2026,9,2
강서구,마곡동,마곡엠밸리4단지,84.85,2,2014,84000,0,2026,9,2
강서구,내발산동,우장산힐스테이트,84.98,13,2005,36750,126,2026,9,3
강서구,염창동,우성2,65.88,2,1992,27000,40,2026,9,2
강서구,가양동,강서한강자이,59.9382,7,2013,57000,0,2026,9,3
강서구,화곡동,우장산역해링턴타워,23.68,10,2021,4112,14,2026,9,3
강서구,마곡동,한솔솔파크,84.87,9,2005,59850,0,2026,9,2
강서구,마곡동,마곡엠밸리8단지,59.79,14,2016,35072,0,2026,9,2
강서구,마곡동,벽산,59.98,15,1999,31800,0,2026,9,1
강서구,마곡동,마곡엠밸리2단지,114.91,8,2014,60000,180,2026,9,2
강서구,등촌동,코오롱하늘채,59.95,9,2003,20000,100,2026,9,2
강서구,등촌동,지엠벨리,25.32,14,2019,26000,0,2026,9,2
강서구,화곡동,NS파크APT,28.91,7,2018,18900,20,2026,9,2
강서구,화곡동,화곡푸르지오,104.75,13,2002,76000,0,2026,9,2
강서구,등촌동,한사랑2삼성,59.73,19,1999,52000,0,2026,9,1
강서구,등촌동,주공5,37.67,11,1995,27400,0,2026,9,2
강서구,염창동,e편한세상염창,55.0323,2,2019,65000,0,2026,9,1
강서구,염창동,태진한솔,58.87,8,1994,35010,49,2026,9,1
강서구,화곡동,강서힐스테이트,84.99,15,2015,63000,0,2026,9,1
강서구,내발산동,길성그랑프리텔,71.513,10,2003,47250,0,2026,9,1
강서구,마곡동,마곡13단지힐스테이트마스터,84.9805,16,2017,10000,290,2026,9,1
강서구,화곡동,신영,80.61,3,2002,24000,0,2026,9,1
강서구,염창동,한강동아,84.96,11,1998,57500,0,2026,9,1
강서구,내발산동,마곡수명산파크1단지,84.68,9,2007,66100,0,2026,9,1
강서구,방화동,동성,84.95,1,1993,42000,0,2026,9,1
구로구,개봉동,개봉푸르지오,71.95,19,2014,10000,190,2026,9,5
구로구,신도림동,미성,66.03,1,1987,36500,0,2026,9,5
구로구,신도림동,동아1,84.908,2,1999,63000,45,2026,9,4
구로구,오류동,동부(101동~103동),59.98,16,1998,35700,0,2026,9,1
구로구,천왕동,천왕연지타운1단지,49.89,10,2013,9348,14,2026,9,10
구로구,신도림동,신도림크라운빌,20.47,10,2015,2000,67,2026,9,4
구로구,고척동,고척아이파크(주상복합),64.95,19,2022,22700,51,2026,9,10
구로구,고척동,고척아이파크(주상복합),64.93,35,2022,12700,81,2026,9,10
구로구,구로동,한신휴플러스(1280-0),58.03,16,2007,18000,135,2026,9,5
구로구,고척동,고척아이파크(주상복합),64.78,32,2022,22700,53,2026,9,10
구로구,개봉동,에드가개봉,16.4845,3,2025,4300,44,2026,9,5
구로구,고척동,고척아이파크(아파트),79.97,8,2022,12000,81,2026,9,10
구로구,신도림동,신도림아이파크,57.9753,10,2015,34000,43,2026,9,4
구로구,고척동,진성,61.62,2,2002,19900,0,2026,9,10
구로구,신도림동,신도림크라운빌,44.84,7,2015,4000,110,2026,9,5
구로구,개봉동,에드가개봉,16.4845,11,2025,2900,50,2026,9,5
구로구,고척동,고척아이파크(주상복합),79.93,11,2022,24000,57,2026,9,10
구로구,고척동,고척아이파크(아파트),79.97,17,2022,17000,68,2026,9,10
구로구,고척동,고척아이파크(아파트),64.92,16,2022,23400,53,2026,9,10
구로구,구로동,한일유앤아이,84.962,17,2006,50000,0,2026,9,6
구로구,천왕동,천왕연지마을2단지,40.28,2,2017,9740,15,2026,9,10
구로구,천왕동,천왕연지타운1단지,49.94,11,2013,2270,41,2026,9,10
구로구,고척동,고척아이파크(주상복합),64.93,11,2022,22700,51,2026,9,10
구로구,고척동,고척아이파크(주상복합),79.93,13,2022,14000,86,2026,9,9
구로구,구로동,극동,64.02,9,1984,3000,120,2026,9,10
구로구,구로동,중앙하이츠,79.97,6,1987,42000,0,2026,9,10
구로구,고척동,삼환로즈빌,59.998,13,2004,5000,170,2026,9,9
구로구,신도림동,신도림크라운빌,20.47,6,2015,3000,65,2026,9,8
구로구,개봉동,현대홈타운,115,16,2001,10000,190,2026,9,10
구로구,천왕동,천왕이펜하우스8단지,36.87,15,2018,9920,14,2026,9,9
구로구,고척동,고척아이파크(아파트),79.97,17,2022,24800,60,2026,9,9
구로구,고척동,고척아이파크(주상복합),79.92,36,2022,21500,53,2026,9,10
구로구,고척동,고척아이파크(주상복합),79.93,8,2022,24000,56,2026,9,10
구로구,고척동,고척아이파크(주상복합),79.93,7,2022,21500,47,2026,9,8
구로구,개봉동,개봉푸르지오,84.83,11,2014,56700,0,2026,9,10
구로구,개봉동,에드가개봉,16.4845,8,2025,2600,44,2026,9,5
구로구,고척동,고척아이파크(아파트),64.92,2,2022,23400,51,2026,9,10
구로구,구로동,순영웰라이빌2차,64.45,20,2005,10000,110,2026,9,8
구로구,개봉동,한진,59.95,14,2000,5000,150,2026,9,3
구로구,오류동,라인,84.36,16,1995,34000,0,2026,9,10
구로구,신도림동,동아2,59.595,7,2000,63000,0,2026,9,9
구로구,천왕동,천왕연지마을2단지,40.28,4,2017,7656,32,2026,9,9
구로구,항동,항동중흥에스클래스베르데카운티,84.9416,15,2019,60000,0,2026,9,5
구로구,고척동,고척아이파크(주상복합),79.92,26,2022,21500,51,2026,9,7
구로구,구로동,(749-46),35.31,3,1996,1000,60,2026,9,9
구로구,항동,하버라인3단지,59.86,6,2019,47000,0,2026,9,5
구로구,개봉동,삼환,84.945,6,1995,15000,120,2026,9,8
구로구,개봉동,센트레빌레우스1단지,74.9145,22,2020,25825,46,2026,9,9
구로구,천왕동,천왕연지마을2단지,40.28,2,2017,9880,15,2026,9,9
구로구,개봉동,센트레빌레우스1단지,74.9361,7,2020,15495,60,2026,9,9
구로구,개봉동,에드가개봉,16.4845,2,2025,3900,38,2026,9,5
구로구,구로동,신구로자이,84.98,16,2007,55000,22,2026,9,2
구로구,고척동,고척아이파크(주상복합),79.93,28,2022,24000,58,2026,9,9
구로구,구로동,구일우성,59.44,7,1998,5000,150,2026,9,9
구로구,천왕동,천왕이펜하우스1단지,59.95,7,2011,9844,15,2026,9,9
구로구,개봉동,한마을,59.57,8,1999,42000,0,2026,9,9
구로구,개봉동,에드가개봉,16.4845,17,2025,3900,38,2026,9,9
구로구,고척동,고척LIG리가2차,84.98,11,2009,62000,0,2026,9,8
구로구,천왕동,천왕연지마을2단지,33.63,5,2017,7262,11,2026,9,9
구로구,고척동,고척아이파크(주상복합),79.93,41,2022,14000,90,2026,9,9
구로구,개봉동,에드가개봉,16.4845,4,2025,2900,50,2026,9,9
구로구,구로동,주공2,41.3,8,1987,25000,0,2026,9,9
구로구,고척동,고척아이파크(주상복합),64.89,32,2022,17700,67,2026,9,8
구로구,고척동,고척아이파크(아파트),79.97,27,2022,24800,62,2026,9,9
구로구,천왕동,천왕연지타운1단지,49.94,5,2013,9348,14,2026,9,9
구로구,천왕동,천왕이펜하우스8단지,36.87,8,2018,8160,11,2026,9,9
구로구,천왕동,천왕연지타운1단지,49.34,13,2013,7958,25,2026,9,9
구로구,고척동,고척아이파크(아파트),79.97,22,2022,14800,90,2026,9,9
구로구,고척동,고척아이파크(주상복합),64.89,19,2022,22700,51,2026,9,9
구로구,개봉동,한마을,59.57,15,1999,46200,0,2026,9,5
구로구,개봉동,센트레빌레우스1단지,74.9145,6,2020,20660,45,2026,9,4
구로구,신도림동,대림2,59.88,12,2001,59000,0,2026,9,8
구로구,천왕동,천왕이펜하우스3단지,59.95,5,2011,8827,14,2026,9,8
구로구,고척동,고척아이파크(주상복합),79.92,22,2022,21500,51,2026,9,9
구로구,개봉동,한진,84.96,15,2000,5000,140,2026,9,3
구로구,신도림동,동아2,59.595,18,2000,59000,0,2026,9,5
구로구,고척동,고척아이파크(주상복합),64.89,42,2022,20300,49,2026,9,9
구로구,천왕동,천왕이펜하우스4단지,84.95,3,2011,33988,0,2026,9,8
구로구,천왕동,천왕연지마을2단지,40.28,5,2017,9740,15,2026,9,8
구로구,천왕동,천왕연지마을2단지,19.83,3,2017,4094,6,2026,9,8
구로구,천왕동,천왕연지마을2단지,19.83,2,2017,4336,7,2026,9,9
구로구,개봉동,에드가개봉,16.4845,16,2025,4300,44,2026,9,5
구로구,구로동,구로현대,63.98,8,1992,32000,0,2026,9,7
구로구,구로동,한신,35.277,2,1988,22000,0,2026,9,8
구로구,구로동,케이디타워,15.68,13,2023,1000,105,2026,9,7
구로구,고척동,고척아이파크(주상복합),79.92,39,2022,16500,68,2026,9,8
구로구,고척동,고척아이파크(아파트),64.92,5,2022,23400,51,2026,9,8
구로구,고척동,고척아이파크(주상복합),79.92,28,2022,21500,51,2026,9,8
구로구,고척동,고척아이파크(아파트),79.97,9,2022,24800,59,2026,9,8
구로구,개봉동,개봉푸르지오,59.86,12,2014,27405,0,2026,9,8
구로구,개봉동,두산,59.69,16,1997,34000,0,2026,9,6
구로구,개봉동,에드가개봉,16.4845,16,2025,4300,44,2026,9,5
구로구,개봉동,에드가개봉,16.4845,6,2025,4300,44,2026,9,5
구로구,개봉동,센트레빌레우스1단지,84.9407,24,2020,27891,48,2026,9,8
구로구,구로동,케이디타워,16.67,12,2023,1000,101,2026,9,1
구로구,신도림동,SKVIEW,84.96,11,2006,40000,110,2026,9,4
구로구,고척동,고척아이파크(주상복합),79.93,19,2022,14000,86,2026,9,8
구로구,고척동,고척아이파크(주상복합),64.89,25,2022,20300,44,2026,9,8
구로구,고척동,고척아이파크(아파트),64.92,19,2022,20900,47,2026,9,8
구로구,고척동,고척아이파크(주상복합),79.92,9,2022,21500,49,2026,9,8
구로구,고척동,고척아이파크(아파트),64.92,9,2022,23400,52,2026,9,7
구로구,고척동,고척아이파크(아파트),79.97,26,2022,24800,62,2026,9,8
구로구,신도림동,신도림아이파크,57.9753,7,2015,35000,41,2026,9,4
구로구,고척동,고척아이파크(아파트),79.97,24,2022,22000,55,2026,9,7
구로구,신도림동,대림e-편한세상5,84.789,10,2003,76000,0,2026,9,2
구로구,천왕동,천왕이펜하우스8단지,36.87,9,2018,8259,11,2026,9,7
구로구,개봉동,센트레빌레우스1단지,74.9361,7,2020,15495,60,2026,9,8
구로구,구로동,성산E동,21.9,5,1995,7000,0,2026,9,7
구로구,개봉동,한마을,59.57,7,1999,44100,0,2026,9,8
구로구,구로동,금호,84.86,15,1997,20000,80,2026,9,5
구로구,고척동,고척아이파크(아파트),79.97,2,2022,22000,51,2026,9,8
구로구,개봉동,에드가개봉,18.1405,6,2025,4200,42,2026,9,5
구로구,개봉동,에드가개봉,16.4845,7,2025,3900,38,2026,9,5
구로구,개봉동,신영지웰에스테이트개봉역,59.9717,20,2024,56000,0,2026,9,5
구로구,고척동,고척아이파크(주상복합),79.93,33,2022,21500,50,2026,9,7
구로구,개봉동,에드가개봉,16.4845,4,2025,2900,50,2026,9,5
구로구,구로동,구로현대,84.57,9,1992,29000,0,2026,9,1
구로구,구로동,승윤노블리안,58.109,14,2020,40500,0,2026,9,7
구로구,온수동,온수힐스테이트,59.98,11,2010,47500,0,2026,9,7
구로구,고척동,고척아이파크(주상복합),79.92,16,2022,14000,86,2026,9,7
구로구,개봉동,에드가개봉,18.1405,17,2025,4800,48,2026,9,4
구로구,개봉동,에드가개봉,16.4845,11,2025,2900,50,2026,9,5
구로구,개봉동,에드가개봉,35.3671,16,2025,7900,80,2026,9,5
구로구,고척동,고척아이파크(아파트),79.97,15,2022,22000,52,2026,9,7
구로구,개봉동,센트레빌레우스1단지,84.9716,13,2020,27891,48,2026,9,7
구로구,오류동,오류동푸르지오,61.257,3,2004,34650,16,2026,9,5
구로구,천왕동,천왕이펜하우스7단지,29.96,4,2017,6024,8,2026,9,7
구로구,구로동,럭키,59.98,3,1992,27000,0,2026,9,7
구로구,고척동,고척아이파크(주상복합),79.92,16,2022,14000,86,2026,9,7
구로구,구로동,주공2,41.3,2,1987,4000,74,2026,9,7
구로구,개봉동,센트레빌레우스1단지,74.9361,18,2020,25825,42,2026,9,7
구로구,고척동,고척아이파크(주상복합),64.89,21,2022,10300,73,2026,9,7
구로구,천왕동,천왕이펜하우스5단지,84.96,4,2011,26099,0,2026,9,7
구로구,구로동,삼성래미안,78.665,4,2004,75000,0,2026,9,7
구로구,항동,우남퍼스트빌더센트럴,79.9913,11,2020,52500,0,2026,9,7
구로구,개봉동,에드가개봉,18.1405,15,2025,4800,48,2026,9,2
구로구,개봉동,에드가개봉,16.4845,8,2025,3900,38,2026,9,5
구로구,구로동,구로두산위브,36.88,2,2006,30000,0,2026,9,1
구로구,천왕동,천왕이펜하우스7단지,29.96,6,2017,7374,13,2026,9,7
구로구,고척동,고척아이파크(주상복합),79.93,16,2022,24000,57,2026,9,7
구로구,고척동,고척아이파크(아파트),79.97,3,2022,22000,51,2026,9,7
구로구,구로동,한신,45.563,13,1988,27000,10,2026,9,4
구로구,구로동,주공1,84.165,2,1986,24500,75,2026,9,4
구로구,고척동,고척아이파크(아파트),79.97,13,2022,19800,73,2026,9,7
구로구,고척동,고척아이파크(주상복합),79.92,35,2022,21500,52,2026,9,7
구로구,신도림동,동아2,84.908,19,2000,70000,0,2026,9,5
구로구,구로동,하나세인스톤1차,21.7256,13,2011,6000,50,2026,9,5
구로구,천왕동,천왕이펜하우스7단지,29.96,7,2017,2884,18,2026,9,7
구로구,구로동,주공1,84.87,1,1986,40000,0,2026,9,5
구로구,개봉동,에드가개봉,18.1405,20,2025,4800,48,2026,9,4
구로구,구로동,비즈트위트레드,20.54,3,2016,10000,40,2026,9,4
구로구,신도림동,미성,66.03,1,1987,36500,0,2026,9,5
구로구,구로동,주공1,73.08,3,1986,39000,0,2026,9,5
구로구,구로동,구로두산위브,50.14,2,2006,6000,84,2026,9,3
구로구,고척동,고척아이파크(아파트),64.96,11,2022,23400,52,2026,9,3
구로구,구로동,구로두산,63.33,10,1998,43000,0,2026,9,5
구로구,고척동,고척아이파크(아파트),64.92,30,2022,23400,55,2026,9,7
구로구,가리봉동,남구로역동일센타시아,34.49,7,2024,30000,0,2026,9,5
구로구,고척동,고척아이파크(아파트),64.92,4,2022,20900,45,2026,9,7
구로구,개봉동,에드가개봉,16.4845,2,2025,3900,38,2026,9,4
구로구,고척동,고척아이파크(주상복합),64.95,8,2022,22700,49,2026,9,4
구로구,신도림동,신도림크라운빌,20.47,11,2015,3000,65,2026,9,4
구로구,구로동,비즈트위트그린,15.11,11,2012,500,55,2026,9,1
구로구,고척동,고척아이파크(아파트),64.96,8,2022,23400,52,2026,9,4
구로구,고척동,고척아이파크(아파트),79.97,7,2022,14800,88,2026,9,4
구로구,고척동,고척아이파크(아파트),64.92,16,2022,13400,82,2026,9,4
구로구,고척동,고척아이파크(주상복합),79.89,30,2022,14000,87,2026,9,4
구로구,고척동,고척아이파크(아파트),79.97,28,2022,24800,62,2026,9,4
구로구,구로동,구로두산위브,57.1,14,2006,25000,100,2026,9,4
구로구,고척동,고척아이파크(주상복합),79.75,42,2022,14000,90,2026,9,4
구로구,고척동,고척아이파크(주상복합),64.89,10,2022,22700,49,2026,9,4
구로구,고척동,고척아이파크(아파트),64.92,11,2022,13400,81,2026,9,3
구로구,고척동,라이프플러스,14.92,7,2012,4200,25,2026,9,5
구로구,고척동,고척아이파크(주상복합),79.93,15,2022,24000,57,2026,9,4
구로구,고척동,고척아이파크(아파트),79.97,17,2022,14800,89,2026,9,4
구로구,고척동,고척아이파크(주상복합),64.93,32,2022,22700,53,2026,9,4
구로구,개봉동,에드가개봉,16.4845,12,2025,2900,50,2026,9,4
구로구,고척동,고척아이파크(주상복합),79.93,22,2022,14000,87,2026,9,3
구로구,개봉동,개봉푸르지오,84.94,6,2014,60000,0,2026,9,4
구로구,구로동,구로현대,63.98,7,1992,38850,0,2026,9,2
구로구,구로동,중앙하이츠,79.97,4,1987,36750,0,2026,9,3
구로구,개봉동,한진,59.95,14,2000,33600,0,2026,9,4
구로구,신도림동,크라운빌Ⅱ,34.38,10,2021,8822,13,2026,9,4
구로구,오류동,동부골든,105.21,3,1998,39900,0,2026,9,3
구로구,개봉동,한진,59.95,21,2000,5000,150,2026,9,3
구로구,고척동,고척아이파크(주상복합),79.92,45,2022,24000,61,2026,9,3
구로구,개봉동,센트레빌레우스1단지,74.9145,17,2020,25825,42,2026,9,3
구로구,고척동,고척아이파크(주상복합),79.92,21,2022,24000,58,2026,9,3
구로구,고척동,고척아이파크(주상복합),79.89,36,2022,19000,74,2026,9,3
구로구,고척동,고척아이파크(주상복합),64.95,28,2022,12700,80,2026,9,3
구로구,고척동,경남2,59.96,6,1999,36700,0,2026,9,3
구로구,고척동,고척아이파크(아파트),79.97,25,2022,14800,90,2026,9,3
구로구,고척동,고척아이파크(주상복합),79.93,32,2022,14000,88,2026,9,3
구로구,개봉동,센트레빌레우스1단지,74.9361,9,2020,20660,48,2026,9,3
구로구,고척동,고척아이파크(아파트),79.97,20,2022,14800,89,2026,9,3
구로구,고척동,고척아이파크(주상복합),79.93,41,2022,24000,61,2026,9,3
구로구,개봉동,에드가개봉,16.4845,10,2025,2900,50,2026,9,2
구로구,신도림동,디큐브시티,176.87,48,2011,10000,580,2026,9,3
구로구,구로동,주공2,41.3,2,1987,2000,90,2026,9,2
구로구,구로동,효성,81.6933,15,2000,40450,0,2026,9,1
구로구,고척동,고척아이파크(주상복합),79.89,18,2022,14000,86,2026,9,2
구로구,고척동,고척아이파크(주상복합),79.92,32,2022,21500,52,2026,9,2
구로구,고척동,고척아이파크(주상복합),79.93,21,2022,24000,58,2026,9,3
구로구,개봉동,에드가개봉,16.4845,7,2025,4300,44,2026,9,3
구로구,오류동,동부(101동~103동),59.98,16,1998,35700,0,2026,9,1
구로구,개봉동,삼환,59.4,15,1995,31500,0,2026,9,1
구로구,개봉동,에드가개봉,16.4845,3,2025,3900,38,2026,9,1
구로구,오류동,천왕역모아엘가트레뷰,84.5396,22,2025,54000,80,2026,9,2
구로구,고척동,고척아이파크(주상복합),79.89,30,2022,24000,58,2026,9,2
구로구,오류동,동부골든,84.96,8,1998,37000,0,2026,9,2
구로구,고척동,고척아이파크(아파트),79.97,11,2022,24800,59,2026,9,2
구로구,개봉동,현대,84.99,19,2001,44100,50,2026,9,2
구로구,고척동,한일유앤아이,84.98,9,2005,10000,140,2026,9,2
구로구,개봉동,한마을,59.57,14,1999,35000,50,2026,9,2
구로구,고척동,고척아이파크(주상복합),79.89,42,2022,14000,90,2026,9,2
구로구,개봉동,센트레빌레우스2단지,59.948,2,2020,17561,38,2026,9,2
구로구,고척동,마젤란,84.923,1,2008,31941,0,2026,9,2
구로구,고척동,고척아이파크(주상복합),79.93,7,2022,24000,56,2026,9,2
구로구,신도림동,대림e-편한세상5,84.789,9,2003,74000,0,2026,9,1
구로구,고척동,고척아이파크(주상복합),64.93,31,2022,17700,67,2026,9,2
구로구,천왕동,천왕이펜하우스8단지,45.77,7,2018,11307,16,2026,9,1
구로구,천왕동,천왕연지타운2단지,59.98,8,2014,16374,0,2026,9,1
구로구,고척동,벽산,84.878,7,2003,10000,200,2026,9,1
구로구,천왕동,천왕연지타운2단지,101.97,3,2014,26054,0,2026,9,1
구로구,개봉동,센트레빌레우스1단지,84.9716,31,2020,27891,48,2026,9,1
구로구,고척동,고척아이파크(주상복합),79.93,24,2022,19000,72,2026,9,1
구로구,고척동,고척아이파크(주상복합),79.89,9,2022,24000,56,2026,9,1
구로구,개봉동,에드가개봉,18.1405,6,2025,4200,42,2026,9,1
구로구,개봉동,삼환,59.4,21,1995,37800,0,2026,9,1
구로구,고척동,고척아이파크(주상복합),79.92,14,2022,14000,86,2026,9,1
구로구,고척동,고척아이파크(주상복합),64.89,12,2022,12700,79,2026,9,1
구로구,고척동,고척아이파크(주상복합),64.89,40,2022,20300,48,2026,9,1
구로구,구로동,주공1,73.08,13,1986,35000,0,2026,9,1
구로구,고척동,고척아이파크(아파트),64.96,16,2022,23400,53,2026,9,1
금천구,독산동,독산역롯데캐슬,84.9416,13,2021,27582,65,2026,9,10
금천구,독산동,독산역롯데캐슬,59.799,9,2021,10000,83,2026,9,10
금천구,시흥동,벽산,114.84,13,2000,42000,0,2026,9,9
금천구,시흥동,관악산벽산타운5,84.97,16,2004,42000,0,2026,9,9
금천구,가산동,가산지웰에스테이트2차,14.12,7,2018,4400,30,2026,9,10
금천구,가산동,가산지웰에스테이트2차,14.12,7,2018,500,59,2026,9,5
금천구,독산동,금천롯데캐슬골드파크3차,59.9662,21,2018,63000,0,2026,9,9
금천구,시흥동,관악산벽산타운5,114.84,8,2004,40000,50,2026,9,2
금천구,독산동,독산주공14단지,38.64,1,1990,5000,75,2026,9,7
금천구,독산동,금천롯데캐슬골드파크3차,84.408,26,2018,64000,45,2026,9,7
금천구,시흥동,럭키남서울아파트,41.26,7,1981,2000,69,2026,9,5
금천구,독산동,센트레빌웨스트온,21.2101,13,2026,6300,59,2026,9,8
금천구,독산동,독산역롯데캐슬,84.8665,20,2021,12588,99,2026,9,7
금천구,독산동,라이프,84.74,17,1996,40950,0,2026,9,5
금천구,독산동,e편한세상독산더타워,59.8245,4,2019,1000,50,2026,9,4
금천구,시흥동,시흥목련,29.72,4,1996,1208,12,2026,9,7
금천구,시흥동,시흥목련,28.95,2,1996,1178,12,2026,9,7
금천구,시흥동,시흥목련,28.95,3,1996,1178,12,2026,9,7
금천구,독산동,금천롯데캐슬골드파크3차,84.408,11,2018,81000,0,2026,9,4
금천구,시흥동,관악산벽산타운5,114.84,8,2004,44000,0,2026,9,5
금천구,시흥동,관악산벽산타운5,114.84,19,2004,0,185,2026,9,5
금천구,독산동,e편한세상독산더타워,59.6222,19,2019,50000,20,2026,9,6
금천구,시흥동,럭키남서울아파트,49.75,3,1981,29000,0,2026,9,6
금천구,독산동,e편한세상독산더타워,59.9673,13,2019,30000,60,2026,9,5
금천구,독산동,독산역롯데캐슬,84.9416,20,2021,27609,65,2026,9,4
금천구,독산동,독산오르페움타워,40.074,3,2020,26300,0,2026,9,3
금천구,독산동,독산역롯데캐슬,59.799,19,2021,22902,53,2026,9,4
금천구,시흥동,와이즈플레이스,14.22,17,2012,500,50,2026,9,2
금천구,시흥동,탑스빌,79.84,11,2002,5000,145,2026,9,2
금천구,시흥동,럭키남서울아파트,41.22,3,1981,2000,80,2026,9,2
금천구,시흥동,관악산벽산타운5,84.97,7,2004,43000,0,2026,9,3
금천구,시흥동,탑스빌,79.84,3,2002,35500,0,2026,9,1
금천구,시흥동,벽산,59.94,14,2000,5000,100,2026,9,2
금천구,독산동,대덕트윈빌,59.56,4,2002,25000,50,2026,9,1
금천구,독산동,센트레빌웨스트온,19.3319,6,2026,5000,48,2026,9,1
금천구,독산동,센트레빌웨스트온,19.3319,11,2026,7000,52,2026,9,1
금천구,독산동,센트레빌웨스트온,19.3319,6,2026,6000,56,2026,9,1
금천구,가산동,가산지웰에스테이트2차,14.12,12,2018,9900,10,2026,9,1
금천구,가산동,G밸리페트라힐스,13.76,20,2020,16000,3,2026,9,1
영등포구,영등포동,영등포푸르지오,73.133,21,2002,57000,0,2026,9,7
영등포구,신길동,경남,59.96,4,1999,49140,0,2026,9,1
영등포구,신길동,더샵파크프레스티지,59.6879,5,2022,69000,0,2026,9,5
영등포구,당산동2가,당산대우,31.73,9,1999,28000,0,2026,9,4
영등포구,신길동,더샵파크프레스티지,84.9626,7,2022,50000,73,2026,9,3
영등포구,신길동,경남,59.96,4,1999,49140,0,2026,9,1
영등포구,신길동,더샵파크프레스티지,84.9626,11,2022,76500,0,2026,9,10
영등포구,대림동,e편한세상영등포아델포레,59.968,5,2020,17455,27,2026,9,10
영등포구,문래동3가,문래자이,84.98,20,2001,30000,220,2026,9,10
영등포구,영등포동7가,아크로타워스퀘어,71.98,25,2017,93000,0,2026,9,10
영등포구,양평동1가,삼환,59.76,2,1994,47000,0,2026,9,9
영등포구,신길동,더샵파크프레스티지,34.5413,9,2022,10267,24,2026,9,10
영등포구,대림동,e편한세상영등포아델포레,59.968,13,2020,17455,27,2026,9,10
영등포구,여의도동,롯데캐슬아이비,211.82,31,2005,250000,0,2026,9,10
영등포구,신길동,우성2,64.4,2,1986,33000,0,2026,9,10
영등포구,신길동,힐스테이트클래시안,39.96,6,2020,4771,6,2026,9,10
영등포구,양평동1가,영등포중흥에스클래스,84.95,12,2021,100000,0,2026,9,10
영등포구,대림동,e편한세상영등포아델포레,59.968,4,2020,5910,60,2026,9,10
영등포구,대림동,G밸리소홈,16.1,7,2018,11400,20,2026,9,9
영등포구,영등포동,두산위브,59.8,2,2004,50000,30,2026,9,10
영등포구,문래동5가,문래두산위브,65.46,8,1988,15000,160,2026,9,10
영등포구,양평동3가,삼호,59.96,7,1998,57700,0,2026,9,9
영등포구,영등포동3가,포레스트힐시티,13.53,5,2014,1000,62,2026,9,10
영등포구,양평동1가,삼환,84.66,12,1994,55000,0,2026,9,9
영등포구,대림동,e편한세상영등포아델포레,59.968,14,2020,12965,49,2026,9,10
영등포구,문래동5가,문래두산위브,65.46,12,1988,5000,100,2026,9,7
영등포구,신길동,래미안에스티움,118.39,24,2017,130000,0,2026,9,3
영등포구,문래동6가,문래롯데캐슬,52.62,11,2020,25000,55,2026,9,9
영등포구,신길동,보라매에스케이뷰,84.98,14,2020,95000,0,2026,9,9
영등포구,신길동,삼성,60.48,2,1984,5000,60,2026,9,8
영등포구,신길동,신길파크자이,84.99,12,2022,100000,0,2026,9,9
영등포구,여의도동,시범,118.12,1,1971,85000,0,2026,9,8
영등포구,문래동6가,문래롯데캐슬,51.25,19,2020,20000,67,2026,9,9
영등포구,대림동,e편한세상영등포아델포레,59.968,10,2020,17455,27,2026,9,9
영등포구,영등포동8가,당산푸르지오,84.98,2,2004,83000,0,2026,9,8
영등포구,여의도동,은하,121.52,12,1974,120000,0,2026,9,8
영등포구,신길동,보라매에스케이뷰,39.98,26,2020,13334,35,2026,9,8
영등포구,당산동4가,당산현대5차,59.75,10,2000,30000,142,2026,9,9
영등포구,신길동,더샵파크프레스티지,34.5413,6,2022,8259,37,2026,9,8
영등포구,영등포동,영등포푸르지오,73.133,8,2002,73000,0,2026,9,8
영등포구,대림동,e편한세상영등포아델포레,59.968,15,2020,22641,47,2026,9,8
영등포구,문래동5가,문래모아미래도,59.9,8,2017,32462,0,2026,9,8
영등포구,당산동2가,한화포레나당산,17.669,17,2022,11600,15,2026,9,8
영등포구,당산동2가,한화포레나당산,41.125,3,2022,16600,66,2026,9,8
영등포구,영등포동1가,지엘리베라움,12.62,12,2014,14000,13,2026,9,8
영등포구,신길동,더샵파크프레스티지,34.5413,3,2022,10837,26,2026,9,8
영등포구,신길동,신길센트럴자이아파트,59.98,13,2021,75000,0,2026,9,8
영등포구,영등포동,영등포푸르지오,73.133,21,2002,57000,0,2026,9,7
영등포구,영등포동7가,아크로타워스퀘어,26.78,3,2017,10312,29,2026,9,8
영등포구,신길동,힐스테이트클래시안,59.91,10,2020,31500,157,2026,9,5
영등포구,신길동,래미안에스티움,59.95,9,2017,76000,0,2026,9,7
영등포구,영등포동7가,아크로타워스퀘어,26.78,23,2017,10380,28,2026,9,8
영등포구,영등포동1가,내이처해밀,15.076,4,2012,10000,15,2026,9,7
영등포구,당산동3가,쌍용예가클래식,106.56,8,2010,80000,150,2026,9,8
영등포구,신길동,힐스테이트클래시안,84.86,22,2020,97000,0,2026,9,4
영등포구,신길동,우성2,64.4,12,1986,30000,0,2026,9,5
영등포구,신길동,더샵파크프레스티지,84.9626,8,2022,86000,0,2026,9,5
영등포구,신길동,힐스테이트클래시안,59.91,4,2020,60000,80,2026,9,6
영등포구,신길동,삼성래미안,32.94,16,2001,2021,12,2026,9,7
영등포구,당산동4가,삼익플라주,84.16,14,2013,80000,0,2026,9,6
영등포구,대림동,G밸리소홈,16.1,10,2018,1000,70,2026,9,7
영등포구,양평동4가,삼호한숲,59.96,1,2000,48000,0,2026,9,5
영등포구,문래동6가,문래롯데캐슬,53.79,8,2020,25000,55,2026,9,4
영등포구,문래동6가,문래롯데캐슬,59.9,18,2020,12000,128,2026,9,4
영등포구,문래동6가,문래롯데캐슬,51.25,7,2020,25000,45,2026,9,4
영등포구,문래동5가,문래두산위브,79.86,6,1988,50000,0,2026,9,7
영등포구,영등포동7가,아크로타워스퀘어,84.71,5,2017,25000,181,2026,9,3
영등포구,도림동,도림청구,37.81,14,1997,1500,80,2026,9,6
영등포구,당산동4가,당산현대5차,114.84,22,2000,105000,0,2026,9,7
영등포구,신길동,삼환,84.83,4,1997,42000,110,2026,9,7
영등포구,당산동2가,당산2가현대홈타운,82.77,3,1994,70000,0,2026,9,7
영등포구,신길동,더샵파크프레스티지,59.8635,13,2022,67000,0,2026,9,5
영등포구,대림동,현대1,84.75,7,1992,44000,0,2026,9,5
영등포구,대림동,G밸리소홈,16.1,11,2018,1000,68,2026,9,5
영등포구,대림동,쌍용플래티넘S,18.24,10,2013,500,55,2026,9,2
영등포구,신길동,더샵파크프레스티지,59.6879,5,2022,69000,0,2026,9,5
영등포구,양평동6가,동양,59.86,4,2000,50000,0,2026,9,3
영등포구,영등포동8가,삼환,59.91,16,1999,18000,170,2026,9,5
영등포구,신길동,더샵파크프레스티지,34.5413,2,2022,13021,33,2026,9,5
영등포구,당산동2가,당산대우,45.55,17,1999,34000,0,2026,9,4
영등포구,신길동,더샵파크프레스티지,34.5413,10,2022,10377,24,2026,9,5
영등포구,당산동4가,당산현대3차,59.26,4,1988,53550,0,2026,9,6
영등포구,신길동,보라매경남아너스빌,84.79,17,2005,66500,0,2026,9,2
영등포구,당산동,래미안당산1차,84.99,12,1995,73000,0,2026,9,4
영등포구,당산동2가,당산대우,31.73,9,1999,28000,0,2026,9,4
영등포구,신길동,우성1,83.64,2,1986,10000,140,2026,9,6
영등포구,영등포동7가,아크로타워스퀘어,84.75,4,2017,100000,0,2026,9,5
영등포구,신길동,더샵파크프레스티지,59.8635,2,2022,60000,0,2026,9,5
영등포구,신길동,신길AK푸르지오,49.4666,16,2024,60000,0,2026,9,5
영등포구,양평동5가,양평한신,59.94,16,1996,65000,0,2026,9,4
영등포구,문래동3가,문래공원한신,58.96,5,1988,10000,130,2026,9,4
영등포구,문래동6가,대원,84.63,14,1998,52500,0,2026,9,5
영등포구,문래동6가,e편한세상 문래 에듀플라츠,59.97,13,2020,68250,0,2026,9,3
영등포구,양평동5가,양평한신,59.94,5,1996,52500,0,2026,9,5
영등포구,여의도동,서울,139.31,2,1976,150000,0,2026,9,4
영등포구,영등포동8가,당산푸르지오,114.51,4,2004,90300,0,2026,9,3
영등포구,신길동,여의도리버뷰,12.96,6,2012,500,60,2026,9,3
영등포구,신길동,우성2,53.24,14,1986,31000,0,2026,9,3
영등포구,양평동3가,경남아너스빌,84.92,6,1998,40000,80,2026,9,4
영등포구,영등포동,영등포푸르지오,79.777,16,2002,65000,0,2026,9,2
영등포구,신길동,삼환,84.83,10,1997,20000,230,2026,9,4
영등포구,당산동4가,당산반도유보라팰리스,124.62,13,2010,115000,0,2026,9,4
영등포구,대림동,e편한세상영등포아델포레,59.968,5,2020,17455,27,2026,9,4
영등포구,당산동3가,당산계룡리슈빌3단지,49.993,6,2014,62000,0,2026,9,4
영등포구,신길동,삼성,60.48,10,1984,33000,0,2026,9,3
영등포구,신길동,보라매에스케이뷰,39.98,9,2020,17457,44,2026,9,3
영등포구,당산동3가,쌍용예가클래식,106.56,2,2010,10000,280,2026,9,3
영등포구,양평동4가,삼호한숲,59.9,9,2000,63000,0,2026,9,3
영등포구,신길동,더샵파크프레스티지,84.9626,21,2022,70000,60,2026,9,3
영등포구,신길동,더샵파크프레스티지,84.9626,7,2022,50000,73,2026,9,3
영등포구,대림동,e편한세상영등포아델포레,59.968,9,2020,17455,27,2026,9,3
영등포구,양평동3가,거성파스텔,59.96,7,1999,30000,120,2026,9,3
영등포구,대림동,e편한세상영등포아델포레,59.968,11,2020,17455,27,2026,9,3
영등포구,대림동,e편한세상영등포아델포레,59.968,17,2020,17455,27,2026,9,3
영등포구,대림동,e편한세상영등포아델포레,59.968,2,2020,17455,27,2026,9,3
영등포구,대림동,e편한세상영등포아델포레,59.968,2,2020,17455,27,2026,9,3
영등포구,대림동,e편한세상영등포아델포레,59.968,2,2020,17455,27,2026,9,3
영등포구,대림동,e편한세상영등포아델포레,59.968,16,2020,17455,27,2026,9,3
영등포구,신길동,래미안에스티움,84.97,1,2017,82000,0,2026,9,2
영등포구,양평동1가,영등포중흥에스클래스,84.95,6,2021,86100,0,2026,9,3
영등포구,양평동1가,이너스삼성,71.2,11,2005,10000,140,2026,9,2
영등포구,대림동,HHouse대림뉴스테이,31.888,12,2017,2000,106,2026,9,1
영등포구,영등포동,영등포푸르지오,84.908,7,2002,76500,0,2026,9,3
영등포구,대림동,쌍용플래티넘S,18.24,6,2013,500,50,2026,9,3
영등포구,당산동2가,당산2가현대홈타운,82.77,15,1994,52000,55,2026,9,2
영등포구,당산동2가,한화포레나당산,17.669,5,2022,8700,27,2026,9,3
영등포구,대림동,e편한세상영등포아델포레,59.968,15,2020,17455,27,2026,9,3
영등포구,당산동4가,당산삼성2차,84.93,18,1997,74000,0,2026,9,3
영등포구,영등포동1가,내이처해밀,14.89,2,2012,1000,55,2026,9,3
영등포구,당산동,강변래미안,79.43,14,2002,10000,240,2026,9,3
영등포구,도림동,도림청구,37.81,15,1997,2000,105,2026,9,3
영등포구,당산동2가,당산2가현대홈타운,82.77,9,1994,72000,0,2026,9,3
영등포구,문래동3가,문래자이,84.98,10,2001,28000,220,2026,9,3
영등포구,여의도동,미성,101.29,9,1978,70000,110,2026,9,2
영등포구,양평동3가,삼익플라주101동,59.92,8,2009,55000,0,2026,9,3
영등포구,당산동2가,당산2가현대홈타운,82.77,7,1994,78000,0,2026,9,3
영등포구,영등포동7가,아크로타워스퀘어,84.65,24,2017,98000,19,2026,9,3
영등포구,영등포동1가,내이처해밀,14.24,9,2012,11000,20,2026,9,2
영등포구,대림동,쌍용플래티넘S,18.24,10,2013,500,55,2026,9,2
영등포구,당산동,리첸트,14.77,9,2012,2000,60,2026,9,2
영등포구,신길동,삼환,59.53,13,1997,20000,160,2026,9,1
영등포구,신길동,비스타동원,29.6913,13,2024,4005,18,2026,9,2
영등포구,양평동1가,신동아,50.81,8,1982,33000,0,2026,9,2
영등포구,신길동,삼환,84.84,9,1997,70000,0,2026,9,2
영등포구,문래동3가,문래힐스테이트,119.47,5,2003,30000,320,2026,9,2
영등포구,양평동3가,양평역미소지움,59.469,15,2018,30000,140,2026,9,1
영등포구,신길동,우성1,49.64,11,1986,5000,95,2026,9,1
영등포구,영등포동7가,경남아너스빌,84.93,7,1998,10000,250,2026,9,1
영등포구,대림동,현대3차,43.92,14,1997,32000,0,2026,9,1
영등포구,여의도동,삼부,135.8,11,1975,45000,200,2026,9,1
영등포구,영등포동,영등포푸르지오,79.777,23,2002,72000,0,2026,9,1
영등포구,대림동,e편한세상영등포아델포레,59.968,16,2020,12965,49,2026,9,1
영등포구,문래동5가,문래현대5차,84.79,7,1992,35000,27,2026,9,1
동작구,사당동,신동아4,118.25,1,1993,30000,170,2026,9,10
동작구,상도동,두산위브트레지움2차,59.7852,6,2016,69300,0,2026,9,10
동작구,노량진동,한강더퍼스트타워,18.28,5,2026,8200,47,2026,9,6
동작구,상도동,e편한세상상도노빌리티,59.7827,25,2018,84000,0,2026,9,10
동작구,노량진동,한강더퍼스트타워,18.28,9,2026,9700,56,2026,9,10
동작구,노량진동,우성,59.82,15,1997,55000,0,2026,9,5
동작구,노량진동,우성,59.82,6,1997,56000,0,2026,9,10
동작구,사당동,사당우성3,46.75,9,1993,4000,150,2026,9,10
동작구,신대방동,벽산,59.76,3,1997,65000,0,2026,9,10
동작구,대방동,주공2,59.97,2,1995,52500,0,2026,9,4
동작구,노량진동,한강더퍼스트타워,18.28,14,2026,8500,61,2026,9,2
동작구,사당동,대림(169-8),125.4,2,1990,73000,0,2026,9,10
동작구,노량진동,신동아리버파크,59.67,9,2001,20000,150,2026,9,5
동작구,대방동,진성마블로스,14.134,7,2011,1000,60,2026,9,5
동작구,신대방동,현대,84.57,12,1996,51750,10,2026,9,9
동작구,상도동,힐스테이트 상도 센트럴파크,84.6099,10,2012,83000,35,2026,9,2
동작구,상도동,래미안상도3차,84.96,3,2004,79000,0,2026,9,9
동작구,사당동,사당우성3,46.75,14,1993,41800,0,2026,9,3
동작구,상도동,힐스테이트 상도 센트럴파크,59.7754,7,2012,30000,160,2026,9,5
동작구,사당동,스타팰리스이수,36,4,2026,11900,108,2026,9,9
동작구,노량진동,한강더퍼스트타워,18.28,18,2026,9700,56,2026,9,4
동작구,대방동,대림아파트,59.84,15,1993,44000,0,2026,9,9
동작구,노량진동,한강더퍼스트타워,18.28,5,2026,8200,47,2026,9,7
동작구,노량진동,한강더퍼스트타워,18.28,12,2026,9700,56,2026,9,7
동작구,노량진동,한강더퍼스트타워,18.28,15,2026,7300,66,2026,9,7
동작구,신대방동,동작협성휴포레시그니처,84.9869,13,2022,83000,0,2026,9,5
동작구,대방동,주공2,58.65,8,1995,58000,0,2026,9,7
동작구,흑석동,롯데캐슬에듀포레,59.8718,9,2018,86000,0,2026,9,9
동작구,대방동,대림아파트,84.92,18,1993,90000,0,2026,9,8
동작구,사당동,신동아4,59.89,10,1993,56000,0,2026,9,9
동작구,상도동,건영,32.8,14,1997,4000,80,2026,9,8
동작구,사당동,사당우성3,108.08,15,1993,63000,0,2026,9,5
동작구,노량진동,한강더퍼스트타워,18.28,20,2026,9700,56,2026,9,6
동작구,노량진동,한강더퍼스트타워,36.62,18,2026,16000,90,2026,9,5
동작구,흑석동,흑석한강푸르지오,84.98,9,2012,77500,0,2026,9,8
동작구,사당동,제일,60.03,9,1987,9000,120,2026,9,7
동작구,상도동,상도파크자이,59.978,6,2016,72000,0,2026,9,5
동작구,사당동,삼성아파트,40.759,8,2006,40000,0,2026,9,6
동작구,상도동,상도파크자이,84.918,22,2016,13000,350,2026,9,8
동작구,노량진동,한강더퍼스트타워,18.28,21,2026,8500,61,2026,9,8
동작구,상도동,래미안상도3차,84.96,7,2004,82000,0,2026,9,4
동작구,흑석동,롯데캐슬에듀포레,84.9732,16,2018,91350,0,2026,9,5
동작구,신대방동,한성아파트,59.87,18,1995,30000,90,2026,9,7
동작구,흑석동,청호,33.84,1,1997,1239,13,2026,9,8
동작구,흑석동,한강현대,83.475,12,1988,70000,0,2026,9,7
동작구,흑석동,청호,33.84,4,1997,1234,13,2026,9,7
동작구,사당동,이수푸르지오더프레티움,84.9885,8,2021,10000,400,2026,9,3
동작구,흑석동,청호,33.84,4,1997,1247,13,2026,9,7
동작구,사당동,사당우성3,46.75,13,1993,39900,0,2026,9,5
동작구,상도동,현대(관악),84.78,2,1992,52500,0,2026,9,7
동작구,상도동,상도휴엔하임,14.7,10,2016,1500,70,2026,9,2
동작구,흑석동,청호,33.84,2,1997,1239,13,2026,9,7
동작구,상도동,현산푸른숲,82.6,3,2007,20000,85,2026,9,3
동작구,사당동,신동아4,59.89,9,1993,30000,110,2026,9,7
동작구,흑석동,명수대현대,84.33,1,1988,68000,0,2026,9,4
동작구,상도동,상도푸르지오클라베뉴,84.9198,16,2024,30000,170,2026,9,5
동작구,노량진동,한강더퍼스트타워,18.28,7,2026,8200,47,2026,9,6
동작구,흑석동,한강현대,83.475,5,1988,56700,0,2026,9,5
동작구,노량진동,한강더퍼스트타워,36.62,21,2026,12000,105,2026,9,5
동작구,노량진동,한강더퍼스트타워,18.28,14,2026,9700,56,2026,9,5
동작구,노량진동,한강더퍼스트타워,18.28,6,2026,8200,47,2026,9,7
동작구,노량진동,한강더퍼스트타워,18.28,10,2026,8500,61,2026,9,5
동작구,노량진동,건영(103동-106동),114.96,13,1997,62512,0,2026,9,7
동작구,노량진동,한강더퍼스트타워,18.28,21,2026,9700,56,2026,9,6
동작구,노량진동,한강더퍼스트타워,18.28,11,2026,9700,56,2026,9,5
동작구,노량진동,한강더퍼스트타워,18.28,5,2026,8200,47,2026,9,7
동작구,노량진동,우성,59.82,1,1997,46100,0,2026,9,4
동작구,노량진동,한강더퍼스트타워,18.28,4,2026,8200,47,2026,9,5
동작구,상도동,래미안상도3차,59.97,13,2004,67000,0,2026,9,5
동작구,신대방동,보라매자이더포레스트,59.8807,30,2021,83000,0,2026,9,4
동작구,사당동,대성유니드,84.93,6,2009,72000,0,2026,9,5
동작구,흑석동,청호,33.84,5,1997,1247,13,2026,9,7
동작구,흑석동,청호,33.84,5,1997,1234,13,2026,9,7
동작구,상도동,힐스테이트 상도 센트럴파크,84.6099,5,2012,10000,320,2026,9,5
동작구,대방동,대방동현대,84.96,15,1994,100,70,2026,9,1
동작구,흑석동,흑석한강센트레빌Ⅱ,119.727,10,2012,99750,0,2026,9,5
동작구,사당동,스톤하우스,28.77,4,2016,22800,14,2026,9,5
동작구,상도동,포스코더샵,59.99,4,2007,75000,0,2026,9,6
동작구,흑석동,흑석리버파크자이,84.96,9,2025,20000,0,2026,9,5
동작구,상도동,상도동삼호아파트,84.52,5,1994,52500,0,2026,9,5
동작구,상도동,씨티아모리움,12.7071,6,2012,1000,60,2026,9,5
동작구,상도동,포스코더샵,59.99,8,2007,73000,0,2026,9,5
동작구,사당동,래미안로이파크,84.98,18,2018,103000,0,2026,9,3
동작구,노량진동,한강더퍼스트타워,18.28,11,2026,9700,56,2026,9,3
동작구,신대방동,동작협성휴포레시그니처,84.9869,7,2022,68200,13,2026,9,4
동작구,사당동,경남아너스빌1차,59.9,15,1997,51500,0,2026,9,4
동작구,상도동,상도동삼호아파트,114.63,12,1994,57000,10,2026,9,4
동작구,본동,신동아,59.89,8,1993,15000,80,2026,9,4
동작구,상도동,상도파크자이,71.252,1,2016,95000,0,2026,9,4
동작구,사당동,대림(169-8),84.91,1,1990,60000,0,2026,9,1
동작구,흑석동,흑석한강푸르지오,38.09,9,2012,2371,13,2026,9,4
동작구,노량진동,한강더퍼스트타워,18.28,13,2026,9700,56,2026,9,3
동작구,상도동,힐스테이트 상도 센트럴파크,84.6099,9,2012,60000,115,2026,9,2
동작구,노량진동,쌍용예가,59.804,5,2010,60000,40,2026,9,4
동작구,사당동,현대주택조합,84.99,8,1993,30000,70,2026,9,4
동작구,노량진동,한강더퍼스트타워,18.28,10,2026,9700,56,2026,9,2
동작구,상도동,상도동래미안1차,84.959,19,2004,63000,0,2026,9,3
동작구,상도동,힐스테이트 상도 프레스티지,84.951,12,2013,90000,0,2026,9,3
동작구,노량진동,한강더퍼스트타워,18.28,9,2026,9700,56,2026,9,3
동작구,노량진동,한강더퍼스트타워,18.28,23,2026,9700,56,2026,9,3
동작구,흑석동,흑석한강센트레빌,84.84,3,2011,100000,0,2026,9,3
동작구,흑석동,흑석리버파크자이,84.94,8,2025,30000,330,2026,9,3
동작구,사당동,대림(169-8),84.91,3,1990,50000,100,2026,9,2
동작구,노량진동,한강더퍼스트타워,18.28,16,2026,9700,56,2026,9,3
동작구,상도동,중앙하이츠빌,59.9388,9,2003,63000,0,2026,9,3
동작구,대방동,한국개나리,59.85,2,1997,44500,0,2026,9,2
동작구,사당동,극동(105),109.7,15,1993,65100,0,2026,9,3
동작구,노량진동,한강더퍼스트타워,18.28,12,2026,9700,56,2026,9,2
동작구,본동,래미안트윈파크,84.76,22,2011,96000,0,2026,9,2
동작구,노량진동,한강더퍼스트타워,18.28,16,2026,9700,56,2026,9,2
동작구,노량진동,더써밋타워,33.56,12,2024,13100,55,2026,9,2
동작구,대방동,대방파크빌,35.24,3,2018,1403,18,2026,9,2
동작구,흑석동,한강현대,83.475,7,1988,68000,0,2026,9,2
동작구,상도동,힐스테이트 상도 센트럴파크,84.6099,9,2012,60000,115,2026,9,2
동작구,노량진동,삼익,84.68,15,2001,65000,0,2026,9,1
동작구,사당동,사당롯데캐슬골든포레,84.9787,2,2021,83000,0,2026,9,1
동작구,대방동,대방파크빌,35.22,2,2018,1354,18,2026,9,2
동작구,대방동,대방파크빌,29.99,5,2018,1197,16,2026,9,2
동작구,신대방동,현대,84.57,7,1996,54000,0,2026,9,2
동작구,신대방동,동작협성휴포레시그니처,84.9869,19,2022,68000,0,2026,9,2
동작구,대방동,대림아파트,59.84,9,1993,10000,210,2026,9,2
동작구,사당동,사당우성3,118.25,6,1993,15000,240,2026,9,1
동작구,노량진동,필하우스(OH빌딩),12.0378,6,2012,1000,57,2026,9,1
관악구,봉천동,e편한세상서울대입구1단지,59.9,18,2019,6000,200,2026,9,9
관악구,신림동,유벤투스240,32.8055,18,2025,15000,41,2026,9,10
관악구,신림동,삼성산주공(주공3단지),113.31,24,2000,45150,0,2026,9,7
관악구,남현동,다청림라인씨티,32.15,6,2016,19000,57,2026,9,9
관악구,신림동,관악산휴먼시아1단지,114.7,10,2008,57000,0,2026,9,9
관악구,봉천동,현대(관악),105.84,6,1992,65000,0,2026,9,2
관악구,봉천동,관악드림(삼성),84.96,2,2003,51000,50,2026,9,9
관악구,신림동,라이프미성,73.29,1,1982,8000,80,2026,9,9
관악구,봉천동,e편한세상서울대입구1단지,84.97,12,2019,82000,0,2026,9,5
관악구,신림동,라이프미성,71.31,6,1982,5000,80,2026,9,5
관악구,신림동,최강타워,39.97,22,2023,14944,23,2026,9,9
관악구,신림동,힐스테이트뉴포레,59.9882,4,2022,50000,63,2026,9,9
관악구,봉천동,e편한세상서울대입구1단지,84.93,9,2019,80000,0,2026,9,9
관악구,봉천동,서울대입구삼성,59.78,7,1999,53000,0,2026,9,9
관악구,봉천동,관악드림(삼성),84.96,1,2003,50000,30,2026,9,9
관악구,봉천동,관악파크푸르지오,84.99,20,2014,67000,0,2026,9,9
관악구,신림동,관악산휴먼시아2단지,84.97,17,2008,46500,20,2026,9,5
관악구,신림동,신림푸르지오,84.87,5,2005,25000,150,2026,9,1
관악구,신림동,동부,84.95,6,1993,30000,120,2026,9,8
관악구,봉천동,관악중앙하이츠포레,46.6783,6,2022,43000,0,2026,9,2
관악구,봉천동,봉천동아,84.87,8,2000,10000,210,2026,9,5
관악구,봉천동,e편한세상서울대입구2차,116.72,7,2020,1000,70,2026,9,3
관악구,신림동,유벤투스240,18.6929,3,2025,10000,42,2026,9,8
관악구,신림동,건영2,59.76,9,1988,29000,0,2026,9,8
관악구,봉천동,낙성대현대아파트,61.74,6,1988,7000,96,2026,9,8
관악구,신림동,청암두산위브센티움,83.64,15,2005,55000,0,2026,9,4
관악구,봉천동,e편한세상서울대입구2단지,84.92,3,2019,81000,0,2026,9,5
관악구,봉천동,관악드림(동아),60,19,2003,57000,0,2026,9,5
관악구,봉천동,e편한세상서울대입구1단지,59.96,15,2019,21000,175,2026,9,5
관악구,봉천동,관악푸르지오,59.58,6,2004,44000,50,2026,9,5
관악구,봉천동,두산,59.92,17,2000,3000,179,2026,9,1
관악구,남현동,네스코수피아아파트,47.54,7,2021,45000,20,2026,9,5
관악구,봉천동,관악드림(삼성),59.83,4,2003,52000,0,2026,9,5
관악구,봉천동,e편한세상서울대입구2차,84.31,13,2020,78000,0,2026,9,5
관악구,신림동,동부,60.38,9,1993,50000,0,2026,9,4
관악구,봉천동,봉천우성,84.96,25,2000,54600,0,2026,9,5
관악구,봉천동,봉천우성,59.76,22,2000,51000,0,2026,9,7
관악구,신림동,힐스테이트뉴포레,59.9882,4,2022,75000,0,2026,9,6
관악구,봉천동,관악드림(삼성),84.96,10,2003,65000,0,2026,9,5
관악구,봉천동,e편한세상서울대입구2단지,84.92,2,2019,6000,20,2026,9,3
관악구,봉천동,코스모블루,13.09,5,2012,2000,60,2026,9,5
관악구,봉천동,관악중앙하이츠포레,63.3633,1,2022,50000,0,2026,9,5
관악구,신림동,신림푸르지오,84.79,9,2005,52500,0,2026,9,7
관악구,신림동,초원,33.29,10,1999,1171,18,2026,9,7
관악구,봉천동,서울대입구아이원(1560-61),59.96,13,2006,63000,0,2026,9,5
관악구,신림동,힐스테이트뉴포레,44.9796,6,2022,13016,36,2026,9,7
관악구,봉천동,보라매삼성,84.84,15,1996,60000,0,2026,9,5
관악구,봉천동,관악푸르지오,59.58,24,2004,50000,0,2026,9,5
관악구,봉천동,금강아미움(103동),71.1203,7,2010,10000,160,2026,9,7
관악구,신림동,유벤투스240,32.8055,11,2025,15000,41,2026,9,5
관악구,신림동,힐스테이트뉴포레,59.9986,21,2022,28000,160,2026,9,4
관악구,봉천동,은천2단지아파트,59.93,3,2000,50000,0,2026,9,5
관악구,신림동,관악산휴먼시아2단지,59.96,6,2008,47000,0,2026,9,5
관악구,봉천동,더블유에스타워,19.63,12,2013,16000,0,2026,9,5
관악구,봉천동,마에스트로캠퍼스타운,14.49,6,2012,1000,60,2026,9,5
관악구,봉천동,봉천우성,114.78,5,2000,63000,0,2026,9,5
관악구,봉천동,현대(관악),116.86,7,1992,61950,0,2026,9,4
관악구,봉천동,현대(관악),58.59,1,1992,28941,0,2026,9,4
관악구,신림동,신림푸르지오,84.79,5,2005,61000,8,2026,9,1
관악구,봉천동,두산,59.92,11,2000,62000,0,2026,9,1
관악구,신림동,힐스테이트뉴포레,59.9986,28,2022,15000,230,2026,9,3
관악구,신림동,유벤투스240,32.8055,3,2025,12100,54,2026,9,3
관악구,봉천동,봉천우성,114.78,14,2000,30000,160,2026,9,3
관악구,신림동,힐스테이트뉴포레,59.9986,23,2022,10000,202,2026,9,3
관악구,신림동,신림푸르지오,84.79,6,2005,40000,100,2026,9,2
관악구,봉천동,더블유에스타워,19.63,15,2013,17500,0,2026,9,2
관악구,봉천동,벽산타운II,79.28,7,2003,15000,160,2026,9,2
관악구,봉천동,e편한세상서울대입구1단지,84.95,12,2019,85000,0,2026,9,2
관악구,봉천동,두산,114.99,12,2000,20000,240,2026,9,1
관악구,신림동,LIG대학마을(건영아파트3차),84.82,3,1996,52000,0,2026,9,1
관악구,신림동,신림푸르지오,114.84,14,2005,78000,0,2026,9,1
관악구,신림동,힐스테이트뉴포레,59.9986,10,2022,25100,43,2026,9,1
관악구,신림동,신림현대,59.85,9,1993,3000,110,2026,9,1
관악구,봉천동,해태보라매타워,59.94,14,1996,40000,0,2026,9,1
서초구,서초동,서초중흥S-클래스(도시형생활주택),22.37,3,2013,13000,20,2026,9,10
서초구,반포동,래미안퍼스티지,135.92,9,2009,273000,0,2026,9,8
서초구,반포동,반포자이,216.49,14,2009,25000,1400,2026,9,1
서초구,방배동,롯데캐슬아르떼,121.6356,6,2013,165000,0,2026,9,10
서초구,반포동,반포리체,59.993,28,2010,20000,245,2026,9,8
서초구,반포동,반포미도2차아파트,59.07,5,1989,68250,0,2026,9,10
서초구,방배동,롯데캐슬아르떼,59.9742,2,2013,81000,70,2026,9,5
서초구,서초동,서초로얄,59.34,7,2001,59000,0,2026,9,10
서초구,잠원동,한강,76.68,6,1989,10000,320,2026,9,10
서초구,우면동,서초힐스,59.97,11,2012,50000,120,2026,9,10
서초구,방배동,방배대우멤버스카운티,125.49,3,2003,123900,0,2026,9,6
서초구,서초동,서리아,58.6773,12,2026,3000,500,2026,9,2
서초구,잠원동,반포르엘,97.4743,18,2022,50000,700,2026,9,7
서초구,서초동,아크로비스타,220.55,11,2004,215000,200,2026,9,10
서초구,잠원동,신반포2,137.66,3,1978,20000,298,2026,9,8
서초구,서초동,서초교대e편한세상,84.97,4,2010,70000,250,2026,9,10
서초구,서초동,서초센트럴IPARK,80.5154,14,2020,120000,0,2026,9,9
서초구,우면동,서초네이처힐4단지,84.77,6,2011,95000,0,2026,9,9
서초구,잠원동,신반포자이,59.35,12,2018,145000,0,2026,9,3
서초구,잠원동,신반포2,107.31,5,1978,70000,0,2026,9,4
서초구,서초동,풍림아이원플러스,35.903,9,2004,1000,110,2026,9,5
서초구,잠원동,래미안신반포리오센트,133.37,12,2019,220000,0,2026,9,3
서초구,양재동,우성,84.58,8,1991,87000,0,2026,9,2
서초구,내곡동,서초더샵포레,59.88,9,2014,31211,0,2026,9,10
서초구,방배동,방배 서리풀 그랑블,84.9969,4,2019,106000,0,2026,9,5
서초구,방배동,대우(효령),84.92,9,1992,80000,0,2026,9,9
서초구,방배동,서초이에스에이3차,59.4,1,2002,69000,0,2026,9,5
서초구,신원동,서초포레스타7단지,49.39,2,2013,25572,0,2026,9,9
서초구,서초동,서초동아이파크,164.8,8,2003,170000,0,2026,9,9
서초구,반포동,반포자이,59.98,1,2009,124000,0,2026,9,5
서초구,신원동,서초포레스타7단지,49.39,6,2013,37852,0,2026,9,8
서초구,서초동,서초롯데캐슬프레지던트,149.45,28,2014,170000,40,2026,9,1
서초구,서초동,서초푸르지오써밋,84.95,25,2017,140000,0,2026,9,9
서초구,잠원동,반포르엘,121.6097,10,2022,200000,250,2026,9,5
서초구,반포동,반포미도,84.96,5,1987,65000,0,2026,9,9
서초구,양재동,신영체르니,39.1,5,2002,40194,0,2026,9,8
서초구,양재동,양재리본타워,59.96,11,2014,38614,0,2026,9,8
서초구,서초동,래미안서초에스티지,59.99,4,2016,58800,0,2026,9,9
서초구,서초동,래미안 리더스원,84.94,8,2020,158000,0,2026,9,9
서초구,반포동,반포자이,59.98,4,2009,73368,0,2026,9,8
서초구,서초동,삼풍아파트,79.47,1,1988,100000,0,2026,9,8
서초구,반포동,반포래미안아이파크,150.96,23,2018,20000,1000,2026,9,4
서초구,양재동,신영체르니,39.1,5,2002,40194,0,2026,9,8
서초구,양재동,양재리본타워2단지,84.97,32,2014,37790,0,2026,9,8
서초구,방배동,삼성래미안1,59.9,6,2003,70000,40,2026,9,8
서초구,양재동,양재리본타워2단지,84.98,9,2014,48798,0,2026,9,8
서초구,반포동,반포래미안아이파크,49.84,26,2018,9200,90,2026,9,8
서초구,잠원동,래미안신반포팰리스,84.49,30,2016,168000,0,2026,9,6
서초구,잠원동,반포르엘,97.4743,4,2022,190000,110,2026,9,3
서초구,반포동,반포리체,84.967,25,2010,120000,120,2026,9,8
서초구,잠원동,신반포자이,59.93,4,2018,30900,45,2026,9,8
서초구,반포동,래미안퍼스티지,84.85,26,2009,172000,0,2026,9,8
서초구,양재동,강남월드메르디앙프레스티지,37.424,2,2022,50000,10,2026,9,5
서초구,서초동,래미안서초에스티지,101.55,21,2016,160000,0,2026,9,5
서초구,반포동,래미안퍼스티지,84.93,10,2009,80000,400,2026,9,6
서초구,서초동,우성아파트,59.93,4,1998,20000,250,2026,9,5
서초구,방배동,방배우성,84.99,7,1991,72000,0,2026,9,8
서초구,잠원동,신반포르엘,49.98,9,2023,9600,91,2026,9,7
서초구,서초동,우성아파트,134.91,7,1998,50000,320,2026,9,8
서초구,잠원동,신사레전드,22.4,4,2012,2000,65,2026,9,1
서초구,잠원동,신반포르엘,59.99,3,2023,30500,45,2026,9,7
서초구,방배동,롯데캐슬아르떼,147.7221,8,2013,180000,0,2026,9,5
서초구,반포동,래미안원베일리,46.93,10,2023,25240,36,2026,9,7
서초구,우면동,서초네이처힐4단지,84.61,14,2011,89250,0,2026,9,5
서초구,반포동,반포자이,84.984,3,2009,141000,0,2026,9,5
서초구,양재동,우성,84.88,4,1991,10000,259,2026,9,4
서초구,서초동,삼풍아파트,165.92,10,1988,78750,210,2026,9,5
서초구,우면동,서초네이처힐3단지,59.99,6,2013,9010,14,2026,9,4
서초구,우면동,서초네이처힐3단지,84.61,15,2013,80000,0,2026,9,4
서초구,잠원동,반포센트럴자이,84.98,2,2020,40000,550,2026,9,7
서초구,신원동,서초 선포레,21.58,2,2015,5355,18,2026,9,7
서초구,우면동,서초힐스,84.97,16,2012,90000,20,2026,9,8
서초구,우면동,서초네이처힐7단지,49.9,17,2011,5063,34,2026,9,8
서초구,반포동,래미안퍼스티지,198.04,4,2009,20000,1000,2026,9,6
서초구,서초동,래미안서초에스티지S,59.5,10,2018,29514,44,2026,9,8
서초구,방배동,방배임광3차,51.84,3,1988,33100,0,2026,9,7
서초구,양재동,서초,83.52,3,2001,70000,0,2026,9,7
서초구,반포동,래미안퍼스티지,59.89,29,2009,59611,0,2026,9,7
서초구,반포동,반포자이,84.943,11,2009,170000,0,2026,9,7
서초구,반포동,래미안퍼스티지,84.93,3,2009,44842,0,2026,9,7
서초구,우면동,엘에이치서초3단지,51.32,10,2013,20840,0,2026,9,7
서초구,반포동,래미안퍼스티지,84.85,4,2009,75737,0,2026,9,7
서초구,내곡동,서초더샵포레,114.71,7,2014,60000,0,2026,9,7
서초구,반포동,반포써밋,59.3264,12,2018,30320,44,2026,9,7
서초구,반포동,반포래미안아이파크,49.84,14,2018,25150,37,2026,9,7
서초구,양재동,갤럭시타운,44.55,3,2001,32000,0,2026,9,7
서초구,반포동,반포자이,84.998,1,2009,86164,0,2026,9,7
서초구,방배동,방배우성,80.2,7,1991,73500,0,2026,9,1
서초구,서초동,래미안서초에스티지S,59.36,16,2018,21504,84,2026,9,7
서초구,서초동,현대빌리지,145.78,2,2005,120000,0,2026,9,3
서초구,양재동,양재리본타워2단지,114.78,25,2014,60637,0,2026,9,7
서초구,양재동,양재동메트로,84.55,4,2002,71400,0,2026,9,5
서초구,서초동,래미안 리더스원,59.97,18,2020,124900,0,2026,9,5
서초구,반포동,반포래미안아이파크,59.97,10,2018,30020,44,2026,9,7
서초구,반포동,반포래미안아이파크,59.97,3,2018,22080,87,2026,9,7
서초구,반포동,래미안퍼스티지,59.89,9,2009,71662,0,2026,9,7
서초구,서초동,서초푸르지오써밋,84.93,3,2017,40000,440,2026,9,5
서초구,잠원동,신반포르엘,49.98,12,2023,25420,38,2026,9,7
서초구,서초동,서초센트럴IPARK,80.5154,25,2020,116865,0,2026,9,5
서초구,방배동,방배1차현대홈타운,59.94,10,1999,20000,250,2026,9,5
서초구,양재동,시그마,83.52,5,2002,70000,0,2026,9,5
서초구,방배동,방배우성,84.99,2,1991,69500,0,2026,9,5
서초구,서초동,서초지웰,84.74,13,2005,65000,150,2026,9,6
서초구,서초동,서초중흥S-클래스(도시형생활주택),18.21,6,2013,1000,70,2026,9,6
서초구,서초동,래미안서초에스티지S,59.5,20,2018,11264,105,2026,9,7
서초구,방배동,삼성래미안1,59.9,7,2003,68200,0,2026,9,1
서초구,방배동,롯데캐슬헤론,95.66,6,2006,108000,0,2026,9,5
서초구,서초동,서초푸르지오써밋,84.95,17,2017,100000,200,2026,9,4
서초구,서초동,래미안서초유니빌,36.838,4,2003,30000,10,2026,9,5
서초구,잠원동,한신,84.52,11,1992,95000,19,2026,9,4
서초구,잠원동,현대,84.87,14,1993,40000,215,2026,9,6
서초구,잠원동,신반포르엘,49.98,14,2023,9556,85,2026,9,7
서초구,잠원동,한강,84.53,2,1989,90000,0,2026,9,5
서초구,방배동,자현유하우스,47.47,5,2018,57000,50,2026,9,5
서초구,내곡동,서초더샵포레,84.81,3,2014,95000,0,2026,9,4
서초구,서초동,SUITEHILL,20.466,4,2012,18000,0,2026,9,1
서초구,우면동,호반써밋서초파크,84.97,12,2013,70000,80,2026,9,5
서초구,반포동,래미안원베일리,116.95,24,2023,350000,0,2026,9,4
서초구,잠원동,반포센트럴자이,98.87,23,2020,200000,0,2026,9,2
서초구,서초동,월드메르디앙,196.9,7,2002,20000,630,2026,9,1
서초구,잠원동,신사레전드,22.4,4,2012,12800,0,2026,9,3
서초구,잠원동,잠원현대훼밀리,59.56,7,1997,69000,0,2026,9,2
서초구,서초동,래미안 리더스원,74.9,14,2020,140000,0,2026,9,1
서초구,반포동,반포자이,84.943,6,2009,50000,370,2026,9,4
서초구,서초동,래미안서초에스티지,83.6,3,2016,10000,600,2026,9,3
서초구,서초동,서초래미안,111.32,12,2003,40000,350,2026,9,2
서초구,서초동,서초2차e-편한세상,116.745,11,2005,50000,290,2026,9,4
서초구,서초동,풍림아이원(102동),117.13,2,2004,30000,200,2026,9,1
서초구,양재동,양재리본타워2단지,59.77,14,2014,27857,0,2026,9,1
서초구,서초동,두산위브(1362),57.15,6,2005,45000,75,2026,9,1
서초구,서초동,CONEST,30.9904,19,2023,24000,0,2026,9,2
서초구,서초동,래미안 리더스원,84.94,28,2020,148780,0,2026,9,3
서초구,서초동,서초프라임헤센아파트,59.0623,4,2021,77700,0,2026,9,3
서초구,반포동,반포팰리스,102.22,6,2004,65000,0,2026,9,3
서초구,신원동,서초포레스타7단지,59.94,4,2013,30750,0,2026,9,3
서초구,서초동,래미안 리더스원,84.93,21,2020,170000,0,2026,9,3
서초구,방배동,호산타워,14.52,8,2026,3000,110,2026,9,3
서초구,신원동,서초포레스타7단지,49.39,6,2013,37852,0,2026,9,2
서초구,반포동,반포써밋,84.9716,8,2018,155000,0,2026,9,2
서초구,서초동,서초동삼성쉐르빌2,35.22,12,2002,26500,0,2026,9,3
서초구,서초동,래미안 리더스원,59.97,16,2020,10000,473,2026,9,3
서초구,방배동,호산타워,18.58,7,2026,1500,135,2026,9,1
서초구,신원동,서초포레스타3단지,84.39,17,2014,110000,0,2026,9,3
서초구,반포동,반포푸르지오,84.82,3,2000,123000,0,2026,9,3
서초구,반포동,래미안원베일리,59.96,18,2023,160000,0,2026,9,2
서초구,서초동,서초이오빌,36.66,9,2003,10000,65,2026,9,2
서초구,잠원동,한신타운,78.39,10,1989,40000,160,2026,9,1
서초구,우면동,호반써밋서초파크,59.93,10,2013,67200,0,2026,9,2
서초구,우면동,서초네이처힐3단지,59.99,8,2013,3222,40,2026,9,1
서초구,서초동,서초동에지앙,99.28,2,2006,60000,64,2026,9,1
서초구,우면동,서초네이처힐7단지,59.99,7,2011,60000,80,2026,9,1
서초구,신원동,서초포레스타3단지,84.41,8,2014,37997,0,2026,9,1
서초구,잠원동,신반포4,137.1,11,1979,85000,70,2026,9,2
서초구,서초동,서초금호어울림,124.35,12,2001,70000,160,2026,9,1
서초구,반포동,반포리체,59.994,18,2010,80000,190,2026,9,2
서초구,우면동,서초네이처힐3단지,59.99,5,2013,15674,0,2026,9,1
서초구,서초동,서초한빛삼성,110.59,9,1999,104738,0,2026,9,1
서초구,방배동,호산타워,18.58,6,2026,5000,120,2026,9,1
서초구,우면동,서초네이처힐3단지,59.99,12,2013,9010,14,2026,9,1
서초구,서초동,서초그랑자이,119.41,33,2021,250000,0,2026,9,1
서초구,잠원동,강변,66.29,13,1987,20000,240,2026,9,1
서초구,반포동,아크로리버파크,129.92,15,2016,170000,550,2026,9,1
서초구,우면동,코오롱,52.47,3,1994,10000,165,2026,9,1
서초구,방배동,롯데캐슬아르떼,59.9742,10,2013,56962,0,2026,9,1
서초구,서초동,"마제스타시티(힐스테이트서리풀101,102동)",59.97,9,2017,95000,40,2026,9,1
서초구,서초동,서초푸르지오써밋,59.62,6,2017,60368,0,2026,9,1
서초구,신원동,서초포레스타7단지,59.57,4,2013,30750,0,2026,9,1
강남구,수서동,삼성,84.97,11,1997,94000,0,2026,9,7
강남구,대치동,은마,76.79,12,1979,60000,0,2026,9,4
강남구,자곡동,강남자곡 힐스테이트,84.39,11,2015,50000,100,2026,9,2
강남구,일원동,샘터마을,134.438,7,1994,150000,0,2026,9,9
강남구,삼성동,미켈란147,83.69,16,2004,20000,430,2026,9,10
강남구,일원동,목련타운,134.71,9,1993,144300,0,2026,9,10
강남구,대치동,대치SKVIEW,84.3865,4,2017,210000,0,2026,9,5
강남구,도곡동,도곡렉슬,84.9984,9,2006,40000,460,2026,9,9
강남구,삼성동,삼성동센트럴아이파크,49.94,15,2018,9200,91,2026,9,7
강남구,삼성동,래미안라클래시,59.99,14,2021,23520,94,2026,9,10
강남구,청담동,청담2차이-편한세상(204동),107.71,5,2005,105000,0,2026,9,10
강남구,개포동,개포현대200동,82.2,3,1986,60000,50,2026,9,4
강남구,역삼동,강남역우정에쉐르,16.78,9,2004,20000,0,2026,9,10
강남구,일원동,디에이치자이개포,41.91,9,2021,21820,32,2026,9,10
강남구,수서동,강남데시앙포레,59.81,7,2014,63000,67,2026,9,10
강남구,압구정동,현대8차(성수현대:91~95동),107.64,3,1980,40000,137,2026,9,4
강남구,도곡동,도곡렉슬,120.8233,18,2006,173000,0,2026,9,10
강남구,개포동,래미안블레스티지,99.919,20,2019,170000,0,2026,9,7
강남구,개포동,삼익대청아파트,60,15,1992,75000,0,2026,9,5
강남구,일원동,디에이치자이개포,41.91,8,2021,7840,79,2026,9,10
강남구,역삼동,역삼자이,59.9977,9,2016,61104,0,2026,9,10
강남구,압구정동,현대8차(성수현대:91~95동),107.64,1,1980,78700,0,2026,9,9
강남구,일원동,상록스타힐스,59.963,4,2022,62496,0,2026,9,8
강남구,개포동,개포자이프레지던스,45.8769,3,2023,22970,33,2026,9,9
강남구,역삼동,지석천평대,63.03,1,2003,5000,250,2026,9,5
강남구,개포동,경남1,96.98,1,1984,84000,0,2026,9,5
강남구,역삼동,테헤란아이파크,92.6232,15,2014,158000,0,2026,9,10
강남구,일원동,상록스타힐스,59.921,10,2022,12499,146,2026,9,9
강남구,자곡동,LH수서2단지아파트,36.84,7,2024,18562,24,2026,9,9
강남구,역삼동,역삼래미안,59.53,14,2005,50000,180,2026,9,9
강남구,세곡동,세곡리엔파크(4단지),49.83,7,2011,10654,2,2026,9,9
강남구,수서동,삼성,84.97,1,1997,63000,0,2026,9,9
강남구,개포동,개포래미안포레스트,84.83,10,2020,145000,0,2026,9,9
강남구,일원동,우성7,68.4,5,1987,20000,170,2026,9,7
강남구,일원동,상록스타힐스,46.855,12,2022,44575,33,2026,9,9
강남구,자곡동,강남자곡 힐스테이트,84.39,7,2015,65000,0,2026,9,3
강남구,역삼동,대명벨리온,17.684,2,2012,1000,85,2026,9,1
강남구,일원동,디에이치자이개포,41.91,3,2021,13980,66,2026,9,9
강남구,일원동,푸른마을아파트101동~111동,59.76,7,1994,75000,0,2026,9,9
강남구,일원동,디에이치자이개포,41.91,22,2021,21820,32,2026,9,9
강남구,개포동,개포6차우성아파트1동~8동,79.97,3,1987,48000,0,2026,9,9
강남구,압구정동,현대4차저층(51~56동),117.91,2,1977,40000,375,2026,9,7
강남구,수서동,삼익,84.48,6,1992,25000,160,2026,9,9
강남구,삼성동,현대힐스테이트2단지,39.552,11,2008,2000,213,2026,9,9
강남구,대치동,한보미도맨션2,126.33,6,1985,138000,0,2026,9,9
강남구,도곡동,삼익,104.01,12,1983,40000,91,2026,9,6
강남구,삼성동,삼부아파트(101동),83.39,3,1998,77000,0,2026,9,5
강남구,대치동,은마,76.79,12,1979,60000,0,2026,9,4
강남구,대치동,대치현대,59.82,2,1999,40000,150,2026,9,5
강남구,대치동,은마,76.79,8,1979,60000,0,2026,9,9
강남구,일원동,상록스타힐스,59.921,2,2022,36009,105,2026,9,9
강남구,대치동,대치현대,59.82,3,1999,70000,0,2026,9,5
강남구,자곡동,LH수서2단지아파트,36.84,8,2024,20855,34,2026,9,9
강남구,개포동,성원대치2단지아파트,39.53,14,1992,5000,180,2026,9,5
강남구,대치동,테헤란로대우아이빌(891-6),29.63,20,2004,1000,105,2026,9,9
강남구,개포동,삼익대청아파트,60,12,1992,80000,0,2026,9,9
강남구,개포동,성원대치2단지아파트,39.53,10,1992,46000,0,2026,9,8
강남구,삼성동,풍림(1차),59.7,14,1998,73500,0,2026,9,9
강남구,일원동,상록수,74.54,3,1993,80000,0,2026,9,9
강남구,대치동,은마,76.79,14,1979,67000,0,2026,9,8
강남구,일원동,디에이치자이개포,41.91,23,2021,21950,31,2026,9,8
강남구,개포동,래미안블레스티지,59.837,20,2019,10000,450,2026,9,9
강남구,일원동,상록스타힐스,46.855,14,2022,16715,114,2026,9,8
강남구,일원동,디에이치자이개포,41.91,8,2021,21820,32,2026,9,8
강남구,개포동,개포자이프레지던스,39.945,7,2023,20040,29,2026,9,9
강남구,일원동,디에이치자이개포,41.91,23,2021,21820,32,2026,9,8
강남구,수서동,까치마을,34.44,14,1993,39900,0,2026,9,9
강남구,역삼동,대우디오빌,59.145,10,2002,5000,270,2026,9,8
강남구,일원동,상록스타힐스,46.855,16,2022,44575,33,2026,9,8
강남구,일원동,디에이치자이개포,41.91,9,2021,21950,31,2026,9,8
강남구,개포동,성원대치2단지아파트,33.18,4,1992,27550,0,2026,9,5
강남구,개포동,개포자이프레지던스,49.9528,10,2023,8960,90,2026,9,9
강남구,개포동,개포래미안포레스트,59.92,5,2020,99750,0,2026,9,5
강남구,일원동,디에이치자이개포,41.91,6,2021,21820,32,2026,9,8
강남구,대치동,대치삼성,97.35,9,2000,130000,150,2026,9,8
강남구,일원동,디에이치자이개포,41.91,9,2021,21820,32,2026,9,8
강남구,일원동,디에이치자이개포,41.91,6,2021,21950,31,2026,9,8
강남구,논현동,동현아파트1~6,84.92,2,1985,70000,0,2026,9,1
강남구,삼성동,노바삼성,21.8835,4,2023,2000,140,2026,9,1
강남구,자곡동,강남한양수자인(4단지),114.46,4,2014,94500,0,2026,9,3
강남구,압구정동,현대4차저층(51~56동),117.9,1,1977,63000,221,2026,9,7
강남구,삼성동,래미안라클래시,115.93,7,2021,250000,0,2026,9,8
강남구,대치동,대치동우정에쉐르1,79.07,10,2004,80000,0,2026,9,8
강남구,일원동,디에이치자이개포,41.91,5,2021,21820,32,2026,9,8
강남구,삼성동,삼성동센트럴아이파크,59.96,7,2018,20000,463,2026,9,8
강남구,일원동,디에이치자이개포,84.72,16,2021,90000,260,2026,9,4
강남구,일원동,디에이치자이개포,41.91,9,2021,20726,30,2026,9,8
강남구,일원동,디에이치자이개포,41.91,21,2021,21280,35,2026,9,8
강남구,일원동,디에이치자이개포,41.91,26,2021,15680,63,2026,9,8
강남구,세곡동,세곡리엔파크(4단지),84.98,3,2011,43410,0,2026,9,8
강남구,일원동,디에이치자이개포,41.91,6,2021,24136,49,2026,9,8
강남구,삼성동,삼성동센트럴아이파크,49.96,17,2018,18400,72,2026,9,8
강남구,삼성동,래미안라클래시,84.99,19,2021,20000,630,2026,9,8
강남구,역삼동,강남센트럴아이파크,59.994,18,2022,133000,0,2026,9,7
강남구,개포동,삼익대청아파트,39.53,5,1992,41000,0,2026,9,5
강남구,개포동,래미안블레스티지,49.909,5,2019,24910,38,2026,9,8
강남구,개포동,성원대치2단지아파트,39.53,6,1992,38580,0,2026,9,8
강남구,대치동,대치SKVIEW,93.4,9,2017,230000,0,2026,9,1
강남구,삼성동,대우멤버스카운티(101동),152.1,6,2004,160000,0,2026,9,4
강남구,자곡동,LH수서2단지아파트,36.84,7,2024,17265,19,2026,9,8
강남구,일원동,디에이치자이개포,41.91,25,2021,21820,32,2026,9,8
강남구,수서동,신동아,39.53,7,1992,34650,0,2026,9,7
강남구,세곡동,세곡리엔파크(4단지),84.98,1,2011,39083,0,2026,9,8
강남구,개포동,개포자이프레지던스,39.945,5,2023,7160,72,2026,9,8
강남구,일원동,디에이치자이개포,41.91,2,2021,21820,60,2026,9,8
강남구,일원동,디에이치자이개포,41.91,8,2021,15680,63,2026,9,8
강남구,일원동,디에이치자이개포,41.91,17,2021,21820,32,2026,9,8
강남구,도곡동,도곡스타클래스,112.75,9,2007,60000,245,2026,9,8
강남구,일원동,상록스타힐스,59.963,4,2022,12499,115,2026,9,7
강남구,일원동,상록스타힐스,59.963,7,2022,12499,115,2026,9,3
강남구,일원동,상록스타힐스,59.963,10,2022,12499,115,2026,9,1
강남구,도곡동,타워팰리스2,160.17,37,2003,230000,0,2026,9,4
강남구,대치동,대치현대,59.82,13,1999,23500,210,2026,9,3
강남구,일원동,상록스타힐스,59.963,21,2022,12499,115,2026,9,4
강남구,일원동,상록스타힐스,59.963,18,2022,12499,115,2026,9,4
강남구,삼성동,삼성풍림2차아파트,59.94,1,1998,63000,0,2026,9,8
강남구,대치동,대치아이파크,84.93,2,2008,138915,0,2026,9,8
강남구,도곡동,타워팰리스2,115.63,41,2003,30000,0,2026,9,7
강남구,도곡동,도곡렉슬,59.9772,1,2006,30000,300,2026,9,7
강남구,개포동,개포자이프레지던스,39.945,3,2023,20040,29,2026,9,8
강남구,일원동,디에이치자이개포,41.91,24,2021,21820,32,2026,9,8
강남구,일원동,디에이치자이개포,41.91,19,2021,8396,73,2026,9,7
강남구,수서동,강남데시앙포레,59.81,11,2014,82000,0,2026,9,7
강남구,수서동,까치마을,39.6,3,1993,5000,160,2026,9,7
강남구,개포동,래미안블레스티지,59.967,4,2019,99500,0,2026,9,7
강남구,일원동,상록스타힐스,59.963,21,2022,12499,146,2026,9,4
강남구,역삼동,역삼동우정에쉐르1,59.81,7,2004,60000,0,2026,9,2
강남구,세곡동,세곡리엔파크(4단지),49.83,5,2011,2032,40,2026,9,7
강남구,일원동,디에이치자이개포,41.91,5,2021,21820,32,2026,9,7
강남구,일원동,상록스타힐스,46.855,6,2022,14912,80,2026,9,4
강남구,일원동,상록스타힐스,59.963,25,2022,12499,115,2026,9,3
강남구,세곡동,세곡리엔파크(4단지),59.84,4,2011,9561,15,2026,9,7
강남구,수서동,신동아,39.53,5,1992,5000,170,2026,9,1
강남구,삼성동,서광아파트,59.67,2,1998,60000,120,2026,9,4
강남구,자곡동,LH수서2단지아파트,36.6,3,2024,17080,19,2026,9,8
강남구,세곡동,세곡푸르지오,74.74,11,2012,75000,60,2026,9,5
강남구,세곡동,세곡리엔파크(3단지),59.97,9,2011,5735,39,2026,9,7
강남구,도곡동,래미안도곡카운티,71.85,16,2016,41000,405,2026,9,5
강남구,역삼동,역삼I'PARK,28.246,8,2006,10000,135,2026,9,7
강남구,세곡동,세곡푸르지오,59.89,6,2012,68000,0,2026,9,5
강남구,자곡동,디아크리온강남,55.97,10,2023,5000,200,2026,9,5
강남구,삼성동,래미안라클래시,71.99,18,2021,25000,540,2026,9,4
강남구,청담동,청담신원아침도시마인,27.0875,6,2013,30000,0,2026,9,7
강남구,자곡동,래미안포레,84.89,8,2014,84000,0,2026,9,5
강남구,압구정동,"현대6차(78~81,83,84,86,87동)",196.7,4,1978,340000,0,2026,9,3
강남구,수서동,신동아,39.51,4,1992,55000,0,2026,9,6
강남구,개포동,성원대치2단지아파트,39.53,7,1992,55000,0,2026,9,5
강남구,개포동,래미안블레스티지,59.967,9,2019,40000,320,2026,9,2
강남구,역삼동,개나리SK뷰,127.27,3,2012,105000,330,2026,9,5
강남구,도곡동,타워팰리스1,120.78,30,2002,177450,0,2026,9,5
강남구,세곡동,세곡리엔파크(3단지),59.97,11,2011,5735,39,2026,9,7
강남구,삼성동,래미안삼성2차,101.38,10,2007,141750,0,2026,9,5
강남구,청담동,삼성청담공원아파트,107.22,3,1999,105000,0,2026,9,4
강남구,삼성동,삼성동센트럴아이파크,49.94,15,2018,18400,72,2026,9,7
강남구,일원동,상록스타힐스,39.876,15,2022,43798,0,2026,9,4
강남구,역삼동,우림루미아트2,24,7,2003,18200,15,2026,9,4
강남구,개포동,개포자이프레지던스,84.5978,9,2023,90000,260,2026,9,5
강남구,개포동,개포자이프레지던스,59.9751,14,2023,30000,420,2026,9,5
강남구,삼성동,석탑아파트101동,84.6,18,1996,90000,20,2026,9,6
강남구,일원동,디에이치자이개포,41.91,7,2021,21820,32,2026,9,5
강남구,일원동,상록스타힐스,59.592,22,2022,43281,0,2026,9,4
강남구,일원동,상록스타힐스,59.963,18,2022,12499,115,2026,9,4
강남구,도곡동,우성4,152.74,9,1985,60000,240,2026,9,4
강남구,개포동,성원대치2단지아파트,33.18,13,1992,37800,0,2026,9,4
강남구,청담동,"청담2차이-편한세상(201동,202동,203동)",107.18,2,2006,115000,0,2026,9,5
강남구,압구정동,한양1차(영동한양),49.98,11,1977,52000,0,2026,9,1
강남구,논현동,한양수자인어반게이트,20.7,3,2013,1397,24,2026,9,7
강남구,자곡동,강남한양수자인(4단지),101.51,2,2014,84000,0,2026,9,4
강남구,세곡동,세곡리엔파크(3단지),49.74,3,2011,4793,34,2026,9,5
강남구,자곡동,강남자곡 힐스테이트,51.99,2,2015,22493,0,2026,9,4
강남구,압구정동,한양1차(영동한양),78.05,4,1977,50000,120,2026,9,5
강남구,일원동,상록스타힐스,59.963,24,2022,37497,57,2026,9,4
강남구,일원동,상록스타힐스,59.921,13,2022,12499,115,2026,9,4
강남구,개포동,성원대치2단지아파트,49.86,15,1992,64000,0,2026,9,5
강남구,개포동,성원대치2단지아파트,49.86,4,1992,30000,155,2026,9,5
강남구,역삼동,역삼자이,59.9977,11,2016,61104,0,2026,9,4
강남구,개포동,성원대치2단지아파트,33.18,12,1992,30090,0,2026,9,5
강남구,일원동,디에이치자이개포,41.91,20,2021,17760,52,2026,9,6
강남구,논현동,아크로힐스논현,56.875,9,2014,62475,0,2026,9,4
강남구,세곡동,세곡리엔파크(4단지),59.84,3,2011,5462,38,2026,9,6
강남구,수서동,까치마을,34.44,15,1993,26600,6,2026,9,5
강남구,논현동,동부센트레빌,84.9875,15,2003,75000,120,2026,9,4
강남구,일원동,상록스타힐스,59.963,11,2022,62496,0,2026,9,4
강남구,일원동,상록수,84.95,2,1993,58000,100,2026,9,5
강남구,세곡동,세곡푸르지오,74.74,6,2012,70000,45,2026,9,5
강남구,세곡동,세곡리엔파크(3단지),84.98,6,2011,45580,0,2026,9,5
강남구,자곡동,강남자곡 힐스테이트,84.39,9,2015,80000,0,2026,9,6
강남구,역삼동,강남센트럴아이파크,84.99,8,2022,160000,0,2026,9,5
강남구,일원동,상록스타힐스,59.963,19,2022,12499,115,2026,9,4
강남구,역삼동,테헤란아이파크,70.8333,8,2014,120000,40,2026,9,2
강남구,일원동,상록수,84.95,5,1993,71000,0,2026,9,1
강남구,수서동,까치마을,39.6,7,1993,41000,0,2026,9,4
강남구,자곡동,LH수서2단지아파트,14.69,5,2024,6916,8,2026,9,4
강남구,자곡동,LH수서2단지아파트,26.54,9,2024,12038,42,2026,9,4
강남구,논현동,펜트힐캐스케이드,43.01,5,2023,65000,0,2026,9,4
강남구,도곡동,도곡렉슬,114.9931,13,2006,180000,0,2026,9,4
강남구,자곡동,LH수서2단지아파트,26.54,15,2024,7481,27,2026,9,4
강남구,역삼동,강남센트럴아이파크,125.413,22,2022,123000,330,2026,9,4
강남구,개포동,개포래미안포레스트,112.73,4,2020,190000,0,2026,9,4
강남구,압구정동,한양1차(영동한양),49.98,7,1977,65000,0,2026,9,3
강남구,수서동,까치마을,49.5,8,1993,25000,145,2026,9,4
강남구,자곡동,LH수서2단지아파트,44.89,11,2024,23356,26,2026,9,4
강남구,일원동,한솔마을,84.73,5,1994,81900,0,2026,9,4
강남구,일원동,상록스타힐스,59.592,15,2022,12984,69,2026,9,3
강남구,개포동,개포자이프레지던스,39.945,6,2023,14320,57,2026,9,4
강남구,일원동,디에이치자이개포,41.91,12,2021,10680,73,2026,9,3
강남구,역삼동,지석천평대,85.99,3,2003,77700,0,2026,9,4
강남구,청담동,구산,80.58,5,1993,84000,0,2026,9,2
강남구,일원동,디에이치자이개포,41.91,12,2021,21820,32,2026,9,3
강남구,압구정동,한양1차(영동한양),63.87,8,1977,40000,150,2026,9,4
강남구,역삼동,역삼I'PARK,116.285,18,2006,163000,0,2026,9,2
강남구,수서동,까치마을,49.5,11,1993,60900,0,2026,9,3
강남구,일원동,상록스타힐스,46.855,1,2022,10029,117,2026,9,3
강남구,자곡동,래미안강남힐즈,91.96,9,2014,94500,0,2026,9,4
강남구,일원동,디에이치자이개포,41.91,6,2021,21820,32,2026,9,3
강남구,일원동,디에이치자이개포,41.91,14,2021,15680,63,2026,9,3
강남구,대치동,대치삼성,109.04,9,2000,40000,610,2026,9,2
강남구,일원동,디에이치자이개포,41.91,8,2021,21784,75,2026,9,3
강남구,개포동,개포자이프레지던스,84.5978,15,2023,80000,98,2026,9,1
강남구,일원동,상록스타힐스,59.592,12,2022,12984,69,2026,9,3
강남구,일원동,상록스타힐스,59.592,6,2022,24257,71,2026,9,3
강남구,도곡동,중명하니빌,28.58,3,1997,18000,0,2026,9,3
강남구,삼성동,현대힐스테이트2단지,40.763,8,2008,35000,165,2026,9,3
강남구,개포동,개포자이프레지던스,84.5978,5,2023,100000,260,2026,9,3
강남구,압구정동,한양3,116.94,3,1978,110000,0,2026,9,3
강남구,압구정동,"현대6차(78~81,83,84,86,87동)",157.36,5,1978,30000,430,2026,9,2
강남구,논현동,한진로즈힐,103.96,4,2004,60000,155,2026,9,2
강남구,일원동,디에이치자이개포,41.91,3,2021,21820,32,2026,9,3
강남구,역삼동,한스빌(836),39.89,7,1996,28100,0,2026,9,3
강남구,논현동,동현아파트1~6,84.92,4,1985,10000,200,2026,9,3
강남구,일원동,샘터마을,101.97,3,1994,100000,95,2026,9,2
강남구,자곡동,LH수서2단지아파트,36.84,2,2024,16065,26,2026,9,3
강남구,자곡동,LH수서2단지아파트,36.84,4,2024,17265,19,2026,9,3
강남구,자곡동,LH수서2단지아파트,36.84,4,2024,17265,19,2026,9,3
강남구,도곡동,도곡1차아이파크,84.122,8,2007,110000,0,2026,9,3
강남구,도곡동,아카데미스위트1,128.74,6,2004,160000,0,2026,9,2
강남구,대치동,대우아이빌명문가(891-23),33.06,10,2004,1000,85,2026,9,3
강남구,자곡동,강남자곡 힐스테이트,46.91,3,2015,19256,0,2026,9,2
강남구,자곡동,강남자곡 힐스테이트,46.91,10,2015,19444,0,2026,9,2
강남구,삼성동,롯데캐슬프레미어,84.484,11,2007,133350,0,2026,9,2
강남구,역삼동,역삼자이,59.9977,13,2016,64013,0,2026,9,2
강남구,자곡동,LH수서2단지아파트,36.84,2,2024,12965,44,2026,9,2
강남구,역삼동,한화진넥스빌,43.58,25,2001,27000,0,2026,9,1
강남구,개포동,성원대치2단지아파트,39.53,5,1992,52000,0,2026,9,2
강남구,자곡동,LH수서2단지아파트,36.84,6,2024,11665,48,2026,9,3
강남구,삼성동,우정에쉐르2,59.54,3,2004,52500,0,2026,9,2
강남구,신사동,압구정대원칸타빌아파트,59.73,3,2001,10000,240,2026,9,1
강남구,개포동,개포래미안포레스트,84.83,21,2020,50000,380,2026,9,2
강남구,개포동,개포자이프레지던스,39.945,4,2023,6802,68,2026,9,2
강남구,자곡동,강남한양수자인(4단지),84.89,8,2014,47683,0,2026,9,2
강남구,압구정동,한양8(81동한개동),204.64,13,1984,280000,0,2026,9,1
강남구,세곡동,강남신동아파밀리에2단지,84.98,10,2011,76650,0,2026,9,2
강남구,논현동,브라이튼N40,149.1843,6,2022,288700,240,2026,9,2
강남구,대치동,은마,76.79,11,1979,73500,0,2026,9,2
강남구,개포동,개포자이프레지던스,84.5978,12,2023,123000,95,2026,9,2
강남구,일원동,상록스타힐스,59.963,10,2022,12499,115,2026,9,1
강남구,일원동,상록스타힐스,46.855,11,2022,39765,29,2026,9,1
강남구,일원동,디에이치자이개포,118.68,21,2021,240000,0,2026,9,2
강남구,일원동,디에이치자이개포,118.68,6,2021,230000,0,2026,9,1
강남구,자곡동,강남브리즈힐,84.29,1,2014,40000,160,2026,9,1
강남구,개포동,디에이치퍼스티어아이파크,59.97,15,2023,90000,140,2026,9,1
강남구,개포동,디에이치퍼스티어아이파크,59.97,20,2023,125000,0,2026,9,1
강남구,도곡동,타워팰리스3,163.944,67,2004,40000,1080,2026,9,1
강남구,개포동,개포자이프레지던스,84.5978,8,2023,120000,0,2026,9,1
강남구,개포동,개포래미안포레스트,112.97,12,2020,193000,0,2026,9,1
강남구,자곡동,강남자곡 힐스테이트,51.96,7,2015,21422,0,2026,9,1
강남구,개포동,디에이치퍼스티어아이파크,112.99,23,2023,50000,600,2026,9,1
강남구,개포동,개포주공7단지,73.26,11,1983,10000,140,2026,9,1
송파구,신천동,파크리오,144.77,5,2008,145000,0,2026,9,8
송파구,문정동,힐스테이트e편한세상문정,49.92,14,2024,53000,0,2026,9,1
송파구,거여동,송파시그니처롯데캐슬,59.98,28,2021,77000,0,2026,9,4
송파구,거여동,거여1단지,49.8,11,1997,19500,38,2026,9,5
송파구,송파동,2차한양아파트,64.26,3,1984,50000,0,2026,9,5
송파구,장지동,위례24단지(꿈에그린),51.77,5,2013,67000,0,2026,9,10
송파구,풍납동,씨티극동1,59.95,11,1998,5000,220,2026,9,7
송파구,가락동,헬리오시티,49.29,4,2018,42000,160,2026,9,10
송파구,가락동,헬리오시티,39.12,16,2018,68250,0,2026,9,5
송파구,풍납동,극동,79.945,14,1987,50000,40,2026,9,10
송파구,송파동,송파삼성래미안아파트,105.99,17,2001,60000,160,2026,9,10
송파구,풍납동,현대리버빌1지구,43.2,5,1999,5000,110,2026,9,5
송파구,삼전동,레이크시티,23.25,5,2013,1000,94,2026,9,5
송파구,거여동,e편한세상송파파크센트럴,84.97,5,2021,50000,160,2026,9,10
송파구,문정동,힐스테이트e편한세상문정,49.4,17,2024,50000,80,2026,9,2
송파구,문정동,올림픽훼밀리타운,84.705,4,1988,35000,100,2026,9,7
송파구,신천동,파크리오,59.95,11,2008,89200,0,2026,9,10
송파구,문정동,힐스테이트e편한세상문정,49.4,17,2024,35000,101,2026,9,10
송파구,신천동,파크리오,84.79,6,2008,125000,0,2026,9,9
송파구,잠실동,주공아파트 5단지,76.5,10,1978,51400,0,2026,9,9
송파구,신천동,파크리오,59.86,6,2008,94500,0,2026,9,9
송파구,잠실동,리센츠,27.68,31,2008,15000,134,2026,9,10
송파구,거여동,포레나송파,84.8,21,2021,86000,0,2026,9,10
송파구,풍납동,현대리버빌1지구,84.95,8,1999,76000,0,2026,9,10
송파구,거여동,e편한세상송파파크센트럴,84.96,8,2021,98000,0,2026,9,5
송파구,신천동,파크리오,84.79,14,2008,10000,380,2026,9,10
송파구,장지동,위례포레샤인23단지,59.97,9,2017,35161,0,2026,9,10
송파구,잠실동,잠실엘스,59.96,27,2008,100000,0,2026,9,5
송파구,신천동,파크리오,144.77,19,2008,157500,0,2026,9,8
송파구,잠실동,아시아선수촌아파트,151.008,5,1986,160000,0,2026,9,10
송파구,가락동,헬리오시티,39.12,5,2018,72000,0,2026,9,9
송파구,장지동,송파파인타운6단지,59.95,2,2008,7845,12,2026,9,10
송파구,잠실동,레이크팰리스,59.97,18,2006,60000,200,2026,9,7
송파구,잠실동,리센츠,27.68,1,2008,50000,0,2026,9,9
송파구,가락동,헬리오시티,39.17,32,2018,6840,62,2026,9,7
송파구,신천동,장미1,71.2,11,1979,30000,160,2026,9,10
송파구,잠실동,잠실엘스,84.8,10,2008,150000,0,2026,9,10
송파구,잠실동,레이크팰리스,84.82,2,2006,125000,0,2026,9,10
송파구,송파동,2차한양아파트,64.26,10,1984,45000,0,2026,9,5
송파구,장지동,송파더센트레,59.85,6,2013,76000,0,2026,9,9
송파구,장지동,송파파인타운6단지,59.95,11,2008,15989,0,2026,9,9
송파구,장지동,송파파인타운6단지,59.95,14,2008,4772,32,2026,9,10
송파구,장지동,송파파인타운9단지,59.95,12,2007,4992,35,2026,9,9
송파구,거여동,송파레이크파크호반써밋Ⅱ,108.8109,17,2022,20000,287,2026,9,3
송파구,신천동,파크리오,84.79,18,2008,110000,40,2026,9,8
송파구,풍납동,칼라,91.57,4,1998,20000,88,2026,9,9
송파구,풍납동,한강극동,59.26,10,1995,39690,0,2026,9,5
송파구,거여동,거여1단지,49.8,1,1997,10000,150,2026,9,9
송파구,문정동,건영1,84.42,9,1996,60000,0,2026,9,4
송파구,가락동,가락(1차)쌍용아파트,59.92,14,1997,30000,150,2026,9,9
송파구,신천동,파크리오,121.63,9,2008,140000,0,2026,9,9
송파구,잠실동,잠실엘스,84.8,8,2008,130000,0,2026,9,9
송파구,거여동,포레나송파,80.72,9,2021,75000,40,2026,9,9
송파구,신천동,장미1,82.45,1,1979,10000,200,2026,9,9
송파구,거여동,e편한세상송파파크센트럴,84.94,16,2021,60000,120,2026,9,4
송파구,거여동,송파위례리슈빌,111.5354,7,2021,80000,100,2026,9,7
송파구,문정동,힐스테이트e편한세상문정,59.94,13,2024,59800,0,2026,9,3
송파구,장지동,송파파인타운5단지,84.98,5,2008,45000,160,2026,9,2
송파구,장지동,송파더센트레,51.77,12,2013,54600,0,2026,9,2
송파구,방이동,올림픽선수기자촌3단지,100.31,8,1988,89250,0,2026,9,9
송파구,방이동,코오롱아파트,84.95,5,1991,60000,55,2026,9,8
송파구,문정동,힐스테이트e편한세상문정,59.87,17,2024,68250,0,2026,9,9
송파구,가락동,헬리오시티,84.97,13,2018,120750,0,2026,9,7
송파구,오금동,대림,84.91,9,1988,31000,105,2026,9,9
송파구,문정동,힐스테이트e편한세상문정,59.87,12,2024,63000,0,2026,9,3
송파구,잠실동,리센츠,84.99,26,2008,63000,113,2026,9,7
송파구,장지동,송파파인타운9단지,59.93,15,2007,8724,14,2026,9,9
송파구,마천동,송파파크데일2단지,59.91,11,2011,9246,14,2026,9,9
송파구,거여동,송파레이크파크호반써밋Ⅰ,108.8119,12,2022,101000,0,2026,9,8
송파구,가락동,헬리오시티,39.1,15,2018,12312,43,2026,9,9
송파구,거여동,포레나송파,66.83,16,2021,81000,0,2026,9,8
송파구,문정동,올림픽훼밀리타운,84.705,11,1988,95000,0,2026,9,9
송파구,잠실동,주공아파트 5단지,76.5,3,1978,60000,0,2026,9,8
송파구,거여동,송파시그니처롯데캐슬,39.9,8,2021,15429,38,2026,9,9
송파구,풍납동,현대1,83.02,16,1995,80000,0,2026,9,8
송파구,풍납동,현대1,83.02,16,1995,80000,0,2026,9,8
송파구,신천동,파크리오,35.24,13,2008,10000,170,2026,9,8
송파구,문정동,문정래미안,120.97,16,2004,120000,0,2026,9,7
송파구,송파동,송파삼성래미안아파트,79.7,3,2001,90000,30,2026,9,2
송파구,문정동,문정대우푸르지오2차,59.57,9,2001,30000,150,2026,9,4
송파구,잠실동,리센츠,27.68,17,2008,54000,0,2026,9,8
송파구,거여동,거여5단지,59.74,10,1997,30000,95,2026,9,5
송파구,가락동,헬리오시티,39.1,7,2018,12312,43,2026,9,8
송파구,장지동,송파파인타운9단지,39.99,5,2007,4991,9,2026,9,8
송파구,문정동,힐스테이트e편한세상문정,74.96,16,2024,63000,0,2026,9,8
송파구,송파동,송파,114.28,2,2003,95000,0,2026,9,8
송파구,문정동,힐스테이트e편한세상문정,49.92,14,2024,53000,0,2026,9,1
송파구,문정동,올림픽훼밀리타운,117.585,15,1988,95000,0,2026,9,7
송파구,문정동,올림픽훼밀리타운,136.325,5,1988,83500,0,2026,9,2
송파구,잠실동,갤러리아팰리스,163.935,34,2005,235000,0,2026,9,8
송파구,송파동,2차한양아파트,64.26,3,1984,50000,0,2026,9,5
송파구,풍납동,동아한가람1,84.38,17,1995,59500,0,2026,9,8
송파구,신천동,파크리오,84.79,19,2008,50000,340,2026,9,3
송파구,오금동,현대(2-4차),84.98,11,1984,67000,80,2026,9,6
송파구,장지동,송파더센트레,59.85,15,2013,73000,0,2026,9,5
송파구,신천동,파크리오,121.63,13,2008,150000,0,2026,9,2
송파구,오금동,우창,109.72,9,1985,48000,0,2026,9,5
송파구,가락동,헬리오시티,39.1,1,2018,13680,48,2026,9,7
송파구,가락동,헬리오시티,39.17,1,2018,13680,48,2026,9,7
송파구,방이동,올림픽선수기자촌1단지,83.06,16,1988,90000,40,2026,9,7
송파구,가락동,헬리오시티,49.29,1,2018,35000,250,2026,9,7
송파구,잠실동,리센츠,84.99,8,2008,155000,0,2026,9,4
송파구,풍납동,동아한가람1,84.38,18,1995,56700,0,2026,9,5
송파구,신천동,장미1,71.2,13,1979,73000,0,2026,9,5
송파구,잠실동,우성아파트,96.65,2,1981,69000,0,2026,9,5
송파구,가락동,헬리오시티,59.96,13,2018,95000,19,2026,9,7
송파구,석촌동,석촌호수효성해링턴타워,33.6891,4,2015,44100,0,2026,9,8
송파구,거여동,거여6단지,38.89,13,1997,1184,15,2026,9,8
송파구,잠실동,주공아파트 5단지,82.51,7,1978,58000,0,2026,9,8
송파구,오금동,삼성,73.59,5,1989,56000,0,2026,9,7
송파구,가락동,헬리오시티,39.1,13,2018,12312,43,2026,9,7
송파구,가락동,헬리오시티,39.17,25,2018,12312,43,2026,9,7
송파구,방이동,올림픽선수기자촌2단지,126.18,5,1988,125000,0,2026,9,7
송파구,가락동,헬리오시티,39.17,21,2018,12312,43,2026,9,7
송파구,가락동,헬리오시티,39.1,4,2018,12312,43,2026,9,7
송파구,가락동,헬리오시티,39.17,13,2018,12312,43,2026,9,7
송파구,가락동,헬리오시티,39.1,21,2018,13680,48,2026,9,7
송파구,가락동,헬리오시티,39.1,14,2018,13680,48,2026,9,7
송파구,가락동,헬리오시티,39.1,16,2018,12312,43,2026,9,7
송파구,가락동,헬리오시티,39.12,11,2018,12312,43,2026,9,7
송파구,가락동,헬리오시티,39.17,32,2018,13680,48,2026,9,7
송파구,잠실동,잠실엘스,84.8,24,2008,55000,350,2026,9,7
송파구,가락동,헬리오시티,39.17,29,2018,13680,48,2026,9,7
송파구,신천동,파크리오,59.64,21,2008,10000,400,2026,9,7
송파구,잠실동,리센츠,84.99,10,2008,143000,0,2026,9,5
송파구,신천동,파크리오,84.9,30,2008,90000,130,2026,9,7
송파구,신천동,파크리오,84.9,15,2008,80000,120,2026,9,4
송파구,잠실동,주공아파트 5단지,76.5,4,1978,40000,0,2026,9,5
송파구,잠실동,한영해시안아파트,63.65,7,2017,50000,0,2026,9,4
송파구,장지동,송파파인타운6단지,84.9,11,2008,30000,190,2026,9,5
송파구,잠실동,우성아파트,131.08,11,1981,100000,0,2026,9,7
송파구,풍납동,현대리버빌1지구,43.2,5,1999,48000,0,2026,9,4
송파구,장지동,송파더센트레,59.85,8,2013,74000,0,2026,9,7
송파구,신천동,장미1,120,8,1979,84000,0,2026,9,7
송파구,신천동,장미1,71.2,3,1979,20000,160,2026,9,5
송파구,가락동,헬리오시티,84.98,30,2018,110250,0,2026,9,7
송파구,장지동,송파더센트레,51.77,13,2013,10000,191,2026,9,6
송파구,방이동,올림픽선수기자촌1단지,121.23,5,1988,60000,212,2026,9,7
송파구,오금동,현대백조,31,10,1997,26200,0,2026,9,5
송파구,신천동,장미1,120,13,1979,80000,120,2026,9,4
송파구,풍납동,현대리버빌2지구,84.97,6,1999,73000,0,2026,9,7
송파구,잠실동,주공아파트 5단지,76.5,3,1978,52000,0,2026,9,5
송파구,송파동,현대,84.96,19,1997,75000,0,2026,9,5
송파구,거여동,거여1단지,49.8,12,1997,44100,0,2026,9,5
송파구,거여동,송파시그니처롯데캐슬,59.98,24,2021,83000,0,2026,9,5
송파구,문정동,문정래미안,120.97,5,2004,55500,0,2026,9,3
송파구,잠실동,리센츠,84.99,18,2008,80000,260,2026,9,7
송파구,가락동,한화오벨리스크,33.15,18,2004,1000,85,2026,9,7
송파구,장지동,위례2차아이파크,90.0588,18,2016,60000,140,2026,9,4
송파구,문정동,올림픽훼밀리타운,136.325,13,1988,50000,160,2026,9,7
송파구,거여동,거여5단지,59.74,1,1997,32414,0,2026,9,2
송파구,문정동,문정가락현대1차,84.98,11,1984,5000,150,2026,9,5
송파구,마천동,우방아파트,79.07,14,2002,10000,200,2026,9,5
송파구,문정동,힐스테이트e편한세상문정,59.94,6,2024,20000,171,2026,9,5
송파구,거여동,포레나송파,80.72,10,2021,50000,170,2026,9,2
송파구,가락동,우성,43.79,10,1986,45000,0,2026,9,5
송파구,잠실동,아시아선수촌아파트,99.385,9,1986,115000,0,2026,9,7
송파구,신천동,파크리오,144.77,18,2008,178500,0,2026,9,7
송파구,거여동,거여6단지,39.15,2,1997,1192,15,2026,9,7
송파구,거여동,거여6단지,39.15,9,1997,1192,15,2026,9,7
송파구,거여동,송파시그니처롯데캐슬,41.96,3,2021,18037,25,2026,9,7
송파구,문정동,힐스테이트e편한세상문정,49.92,9,2024,55650,0,2026,9,5
송파구,잠실동,주공아파트 5단지,82.51,2,1978,52000,0,2026,9,5
송파구,문정동,현대(62-5),81.43,7,1993,70000,0,2026,9,6
송파구,방이동,올림픽선수기자촌1단지,83.06,8,1988,86000,0,2026,9,5
송파구,송파동,래미안송파파인탑,53.36,11,2012,40000,190,2026,9,5
송파구,거여동,거여4단지,49.8,2,1997,58000,0,2026,9,5
송파구,장지동,송파파인타운3단지,84.98,15,2008,83000,0,2026,9,6
송파구,오금동,삼성,73.59,5,1989,56000,0,2026,9,5
송파구,장지동,위례2차아이파크,90.8877,4,2016,78700,0,2026,9,5
송파구,장지동,위례24단지(꿈에그린),51.77,15,2013,63000,0,2026,9,5
송파구,장지동,힐스테이트송파위례,101.95,19,2016,20000,360,2026,9,2
송파구,거여동,송파시그니처롯데캐슬,59.98,2,2021,80000,0,2026,9,4
송파구,방이동,올림픽선수기자촌3단지,83.06,2,1988,85000,0,2026,9,5
송파구,잠실동,리센츠,84.99,7,2008,125000,26,2026,9,5
송파구,장지동,위례24단지(꿈에그린),59.66,5,2013,79000,0,2026,9,5
송파구,장지동,위례아이파크,87.6889,8,2015,95000,0,2026,9,4
송파구,잠실동,트리지움,59.88,17,2007,115000,0,2026,9,5
송파구,잠실동,잠실엘스,84.8,9,2008,130000,0,2026,9,5
송파구,가락동,가락금호아파트,85,12,1997,65000,80,2026,9,6
송파구,잠실동,우성아파트,80.35,6,1981,50000,0,2026,9,5
송파구,거여동,포레나송파,66.83,14,2021,50000,120,2026,9,4
송파구,삼전동,현대1,80.01,6,1989,42000,120,2026,9,4
송파구,신천동,파크리오,59.95,21,2008,90300,0,2026,9,4
송파구,장지동,송파파인타운7단지,84.94,14,2007,43200,100,2026,9,1
송파구,가락동,헬리오시티,110.66,30,2018,20000,550,2026,9,3
송파구,신천동,파크리오,84.79,33,2008,46300,185,2026,9,4
송파구,풍납동,강변현대,83.19,5,1991,58000,0,2026,9,1
송파구,잠실동,아시아선수촌아파트,122.785,1,1986,127000,0,2026,9,4
송파구,잠실동,잠실엘스,84.8,12,2008,134000,0,2026,9,3
송파구,신천동,잠실푸르지오월드마크,112.25,25,2013,10000,625,2026,9,3
송파구,장지동,위례신도시송파푸르지오,111.6031,3,2015,60000,250,2026,9,4
송파구,거여동,현대3차,84.94,5,1993,42000,130,2026,9,4
송파구,장지동,송파더센트레,51.77,9,2013,5000,225,2026,9,4
송파구,석촌동,양지473,30.05,13,2021,30000,107,2026,9,3
송파구,문정동,문정대우푸르지오2차,59.57,9,2001,30000,150,2026,9,4
송파구,문정동,힐스테이트e편한세상문정,49.92,9,2024,10000,250,2026,9,1
송파구,문정동,올림픽훼밀리타운,136.325,2,1988,87000,0,2026,9,4
송파구,오금동,대림,84.91,4,1988,80000,0,2026,9,4
송파구,신천동,장미1,82.45,12,1979,63000,0,2026,9,1
송파구,신천동,파크리오,35.24,10,2008,50400,0,2026,9,3
송파구,가락동,가락(1차)쌍용아파트,84.69,13,1997,60000,100,2026,9,4
송파구,문정동,문정래미안,120.97,14,2004,80000,100,2026,9,3
송파구,풍납동,현대리버빌1지구,43.2,5,1999,48000,0,2026,9,4
송파구,장지동,송파파인타운5단지,84.98,8,2008,44000,140,2026,9,3
송파구,신천동,장미1,71.2,4,1979,45000,100,2026,9,3
송파구,잠실동,우성아파트,80.35,3,1981,10000,280,2026,9,1
송파구,문정동,힐스테이트e편한세상문정,59.87,9,2024,57000,10,2026,9,3
송파구,송파동,래미안송파파인탑,71.58,5,2012,90000,0,2026,9,2
송파구,잠실동,트리지움,84.83,16,2007,105000,80,2026,9,3
송파구,가락동,우성,43.79,5,1986,50000,0,2026,9,3
송파구,거여동,거여1단지,49.8,9,1997,39200,0,2026,9,3
송파구,장지동,힐스테이트송파위례,101.38,10,2016,85000,0,2026,9,3
송파구,잠실동,레이크팰리스,116.19,13,2006,130000,120,2026,9,3
송파구,가락동,헬리오시티,84.99,11,2018,115500,0,2026,9,3
송파구,장지동,위례24단지(꿈에그린),51.77,9,2013,10000,220,2026,9,3
송파구,신천동,파크리오,84.97,18,2008,115000,0,2026,9,3
송파구,가락동,헬리오시티,110.66,15,2018,139600,0,2026,9,1
송파구,잠실동,잠실엘스,84.88,28,2008,110000,160,2026,9,3
송파구,마천동,마천동금호타운1,84.92,16,1998,70000,0,2026,9,3
송파구,잠실동,리센츠,84.99,21,2008,20000,402,2026,9,3
송파구,문정동,건영1,84.39,15,1996,60000,0,2026,9,2
송파구,풍납동,드림스페이스II,14.71,5,2014,5000,47,2026,9,3
송파구,가락동,현대(60동),82.16,12,1991,46000,0,2026,9,3
송파구,거여동,거여2단지효성아파트,134.88,3,1997,72975,0,2026,9,2
송파구,거여동,e편한세상송파파크센트럴,84.96,3,2021,75500,0,2026,9,3
송파구,방이동,올림픽선수기자촌1단지,83.06,10,1988,90000,0,2026,9,2
송파구,문정동,문정시영,46.26,6,1989,26000,0,2026,9,2
송파구,삼전동,레이크시티,19.37,5,2013,1000,86,2026,9,1
송파구,거여동,송파레이크힐,74.96,2,2021,60000,100,2026,9,2
송파구,문정동,힐스테이트e편한세상문정,49.4,11,2024,55650,0,2026,9,3
송파구,가락동,가락(1차)쌍용아파트,59.92,1,1997,47550,25,2026,9,1
송파구,문정동,건영1,84.39,15,1996,60000,0,2026,9,2
송파구,가락동,우성,43.79,3,1986,29000,21,2026,9,2
송파구,잠실동,트리지움,84.95,18,2007,30000,430,2026,9,2
송파구,오금동,송파레미니스2단지,39.67,9,2018,6148,10,2026,9,1
송파구,오금동,송파레미니스2단지,59.85,21,2018,10808,16,2026,9,1
송파구,잠실동,잠실엘타워,33.8197,7,2022,7106,23,2026,9,2
송파구,잠실동,레이크팰리스,116.19,18,2006,180000,0,2026,9,2
송파구,송파동,현대,84.96,10,1997,60000,85,2026,9,2
송파구,오금동,송파레미니스2단지,59.87,15,2018,7692,34,2026,9,1
송파구,방이동,올림픽선수기자촌2단지,100.31,8,1988,80000,120,2026,9,2
송파구,잠실동,아시아선수촌아파트,178.325,17,1986,45000,430,2026,9,2
송파구,신천동,파크리오,84.79,19,2008,115500,0,2026,9,2
송파구,방이동,올림픽카운티,38.7,8,2003,1000,100,2026,9,2
송파구,송파동,호수임광,57.72,10,1995,50000,30,2026,9,2
송파구,방이동,부광,81.92,3,2004,37000,0,2026,9,1
송파구,잠실동,리센츠,59.99,5,2008,30000,300,2026,9,2
송파구,문정동,올림픽훼밀리타운,117.585,11,1988,70000,130,2026,9,2
송파구,오금동,송파레미니스2단지,49.55,20,2018,5591,31,2026,9,1
송파구,신천동,파크리오,84.9,5,2008,95000,40,2026,9,2
송파구,오금동,상아2차아파트,45.77,3,1988,35000,0,2026,9,2
송파구,거여동,e편한세상송파파크센트럴,59.94,5,2021,85000,0,2026,9,2
송파구,잠실동,주공아파트 5단지,76.5,8,1978,10000,160,2026,9,2
송파구,신천동,롯데캐슬골드,187.65,16,2005,150000,200,2026,9,1
송파구,거여동,거여1단지,49.8,12,1997,20000,110,2026,9,1
송파구,거여동,포레나송파,80.72,10,2021,50000,170,2026,9,2
송파구,장지동,위례24단지(꿈에그린),51.77,2,2013,30000,140,2026,9,1
송파구,문정동,힐스테이트e편한세상문정,59.94,7,2024,86000,0,2026,9,1
송파구,오금동,송파레미니스2단지,49.55,5,2018,8800,13,2026,9,1
송파구,잠실동,트리지움,84.83,8,2007,10000,480,2026,9,1
송파구,신천동,장미1,182.01,1,1979,110800,0,2026,9,1
송파구,방이동,신동아타워,80.13,18,1995,37170,0,2026,9,1
송파구,문정동,힐스테이트e편한세상문정,59.94,14,2024,66000,0,2026,9,1
송파구,신천동,파크리오,84.79,7,2008,70000,200,2026,9,1
송파구,문정동,문정대우푸르지오3차,84.96,4,2002,75000,0,2026,9,1
강동구,둔촌동,올림픽파크포레온,39.95,13,2024,88000,0,2026,9,8
강동구,고덕동,래미안힐스테이트고덕,59.35,11,2016,47000,170,2026,9,7
강동구,상일동,고덕롯데캐슬베네루체,122.082,29,2019,80000,150,2026,9,5
강동구,상일동,고덕자이,74.823,6,2021,78200,0,2026,9,5
강동구,명일동,명일우성,84.93,11,1986,34000,160,2026,9,10
강동구,강일동,고덕리엔파크2단지,49.92,4,2011,2243,34,2026,9,10
강동구,암사동,평대정원,79.77,1,2004,50000,0,2026,9,10
강동구,강일동,강동리버스트4단지,59.99,6,2020,50000,0,2026,9,10
강동구,둔촌동,올림픽파크포레온,84.99,20,2024,101800,0,2026,9,9
강동구,고덕동,배재현대,59.94,19,1995,62000,0,2026,9,10
강동구,둔촌동,한솔솔파크,84.49,14,2003,48000,0,2026,9,3
강동구,강일동,강일리버파크5단지,84.74,2,2009,60000,0,2026,9,4
강동구,성내동,새한올림픽,81.55,5,2001,56000,0,2026,9,10
강동구,강일동,강동리버스트6단지,59.97,16,2021,28361,0,2026,9,10
강동구,둔촌동,한솔솔파크,84.49,14,2003,48000,0,2026,9,3
강동구,고덕동,고덕그라시움,59.028,17,2019,63500,0,2026,9,10
강동구,둔촌동,신성둔촌미소지움1,59.78,14,1998,50000,80,2026,9,10
강동구,성내동,올림픽파크한양수자인,59.55,4,2016,39068,0,2026,9,10
강동구,상일동,강동리엔파크11단지,29.99,4,2021,11442,16,2026,9,10
강동구,길동,강동헤리티지자이,59.98,4,2024,40162,0,2026,9,10
강동구,명일동,원일타워,21.48,13,2020,3000,88,2026,9,5
강동구,길동,강동한신휴플러스,84.61,4,2006,48000,0,2026,9,9
강동구,강일동,강동리버스트4단지,49.82,18,2020,30000,0,2026,9,1
강동구,길동,강동헤리티지자이,59.98,13,2024,40162,0,2026,9,10
강동구,성내동,한양립스,12.33,13,2014,4500,45,2026,9,9
강동구,천호동,현진리버파크,23.24,3,2017,25200,0,2026,9,8
강동구,고덕동,고덕센트럴푸르지오,59.09,22,2020,75000,0,2026,9,5
강동구,천호동,래미안강동팰리스,59.98,15,2017,10000,270,2026,9,5
강동구,길동,강동헤리티지자이,59.98,7,2024,40162,0,2026,9,8
강동구,암사동,롯데캐슬퍼스트,102.34,12,2008,50000,126,2026,9,4
강동구,둔촌동,더샵둔촌포레,93.5441,6,1984,68000,14,2026,9,7
강동구,성내동,성안마을청구,59.93,15,2002,18000,109,2026,9,9
강동구,천호동,힐데스하임천호아파트,52.5268,11,2023,17510,25,2026,9,9
강동구,상일동,강동리엔파크11단지,29.99,6,2021,11442,16,2026,9,9
강동구,강일동,강일리버파크11단지,29.96,8,2015,7828,11,2026,9,9
강동구,암사동,롯데캐슬퍼스트,84.98,12,2008,30000,153,2026,9,8
강동구,고덕동,고덕센트럴푸르지오,59.14,13,2020,60900,0,2026,9,8
강동구,명일동,삼익그린2차,66.87,12,1983,48000,0,2026,9,5
강동구,고덕동,래미안힐스테이트고덕,84.9,18,2016,105000,0,2026,9,9
강동구,길동,백천이스트하임,17.39,7,2012,3000,51,2026,9,9
강동구,상일동,고덕숲아이파크,59.97,20,2018,45000,120,2026,9,9
강동구,상일동,강동리엔파크11단지,29.99,6,2021,8496,31,2026,9,9
강동구,상일동,고덕아르테온,84.97,17,2020,110000,0,2026,9,4
강동구,상일동,고덕아르테온,84.97,6,2020,88000,0,2026,9,5
강동구,명일동,고덕주공9,83.34,4,1985,38000,40,2026,9,9
강동구,길동,강동헤리티지자이,59.98,28,2024,40162,0,2026,9,9
강동구,고덕동,래미안힐스테이트고덕,97,10,2016,130000,0,2026,9,5
강동구,암사동,선사현대아파트,114.42,8,2000,73000,0,2026,9,9
강동구,천호동,래미안강동팰리스,59.98,7,2017,82000,0,2026,9,5
강동구,강일동,강일리버파크11단지,29.96,6,2015,7828,11,2026,9,9
강동구,명일동,삼익가든,82.45,7,1984,42000,0,2026,9,8
강동구,상일동,고덕자이,74.823,22,2021,73500,0,2026,9,8
강동구,둔촌동,올림픽파크포레온,84.99,28,2024,130000,0,2026,9,9
강동구,성내동,비앤비(101동),82.01,2,2003,18000,100,2026,9,7
강동구,고덕동,배재현대,84.9,4,1995,85000,0,2026,9,5
강동구,고덕동,고덕그라시움,73.873,10,2019,10000,350,2026,9,1
강동구,천호동,힐데스하임천호아파트,52.5268,15,2023,18430,26,2026,9,8
강동구,길동,현대웰하임(101동),16.959,11,2012,3000,50,2026,9,5
강동구,상일동,고덕자이,52.9662,4,2021,19300,29,2026,9,8
강동구,명일동,고덕주공9,83.34,15,1985,63500,0,2026,9,5
강동구,상일동,동아,59.25,6,1997,45000,0,2026,9,8
강동구,천호동,한신아파트,57.84,1,1991,40000,0,2026,9,5
강동구,둔촌동,올림픽파크포레온,39.95,24,2024,50000,40,2026,9,8
강동구,강일동,강일리버파크11단지,29.96,3,2015,8292,12,2026,9,8
강동구,둔촌동,올림픽파크포레온,39.95,13,2024,88000,0,2026,9,8
강동구,상일동,고덕센트럴IPARK,59.99,11,2019,21179,32,2026,9,8
강동구,강일동,강동리버스트4단지,59.99,3,2020,44100,29,2026,9,4
강동구,성내동,코오롱(1차),84.69,11,1999,55000,0,2026,9,5
강동구,둔촌동,올림픽파크포레온,39.95,9,2024,57000,110,2026,9,6
강동구,천호동,래미안강동팰리스,84.97,19,2017,81000,16,2026,9,7
강동구,상일동,동아,59.25,6,1997,45000,0,2026,9,8
강동구,둔촌동,올림픽파크포레온,109.98,32,2024,120500,0,2026,9,3
강동구,둔촌동,올림픽파크포레온,84.99,14,2024,100000,220,2026,9,4
강동구,고덕동,고덕그라시움,73.873,9,2019,90000,0,2026,9,5
강동구,둔촌동,현대4,114.9,3,1996,58800,0,2026,9,8
강동구,둔촌동,올림픽파크포레온,84.99,23,2024,55000,178,2026,9,8
강동구,길동,강동헤리티지자이,59.98,22,2024,40162,0,2026,9,8
강동구,둔촌동,올림픽파크포레온,84.99,26,2024,160000,0,2026,9,8
강동구,길동,강동헤리티지자이,59.98,22,2024,40162,0,2026,9,8
강동구,길동,강동헤리티지자이,59.98,4,2024,40162,0,2026,9,8
강동구,상일동,고덕센트럴IPARK,59.99,12,2019,30000,132,2026,9,7
강동구,길동,강동헤리티지자이,59.98,18,2024,40162,0,2026,9,8
강동구,암사동,선사현대아파트,72.85,17,2000,60000,0,2026,9,6
강동구,둔촌동,올림픽파크포레온,84.99,25,2024,150000,0,2026,9,8
강동구,상일동,고덕아르테온,59.98,7,2020,85000,0,2026,9,5
강동구,둔촌동,둔촌푸르지오,59.98,13,2010,67000,0,2026,9,4
강동구,천호동,힐데스하임천호아파트,52.5268,8,2023,18430,26,2026,9,7
강동구,천호동,힐데스하임천호아파트,52.5268,6,2023,18430,26,2026,9,7
강동구,암사동,프라이어팰리스,114.272,10,2007,84000,0,2026,9,5
강동구,명일동,삼익그린2차,54.81,6,1983,30450,0,2026,9,5
강동구,상일동,중앙하이츠,84.23,9,1992,60000,0,2026,9,6
강동구,길동,강동헤리티지자이,59.98,22,2024,40162,0,2026,9,7
강동구,둔촌동,올림픽파크포레온,39.95,33,2024,55000,10,2026,9,6
강동구,천호동,천호동삼성아파트,59.86,5,1997,50000,0,2026,9,3
강동구,천호동,래미안강동팰리스,84.97,40,2017,50000,190,2026,9,7
강동구,상일동,고덕센트럴IPARK,59.97,10,2019,18078,26,2026,9,7
강동구,상일동,고덕롯데캐슬베네루체,84.923,5,2019,70000,60,2026,9,7
강동구,상일동,고덕자이,52.9662,9,2021,19300,29,2026,9,7
강동구,길동,다성이즈빌,14.07,16,2021,1000,75,2026,9,4
강동구,고덕동,아남1,71.2,2,1996,35000,0,2026,9,5
강동구,길동,백천이스트하임,17.39,4,2012,8000,25,2026,9,4
강동구,둔촌동,올림픽파크포레온,84.99,33,2024,87150,0,2026,9,6
강동구,둔촌동,올림픽파크포레온,39.95,14,2024,85000,0,2026,9,7
강동구,둔촌동,올림픽파크포레온,84.99,34,2024,99750,0,2026,9,4
강동구,명일동,삼익그린2차,66.87,3,1983,42000,0,2026,9,5
강동구,천호동,두산위브센티움,31.37,6,2004,15200,20,2026,9,7
강동구,성내동,타운빌라트,84.6,3,2000,60000,0,2026,9,4
강동구,고덕동,래미안힐스테이트고덕,84.9,12,2016,75000,0,2026,9,4
강동구,강일동,강동리버스트4단지,59.99,8,2020,65000,0,2026,9,4
강동구,상일동,고덕롯데캐슬베네루체,84.923,21,2019,23000,250,2026,9,1
강동구,둔촌동,올림픽파크포레온,39.95,20,2024,30000,220,2026,9,5
강동구,고덕동,배재현대,59.94,17,1995,30000,64,2026,9,4
강동구,천호동,미사아름채아파트,12.62,4,2020,19500,6,2026,9,7
강동구,고덕동,래미안힐스테이트고덕,84.9,13,2016,100000,0,2026,9,5
강동구,둔촌동,올림픽파크포레온,84.99,18,2024,120000,0,2026,9,5
강동구,성내동,현대,59.36,2,1987,48500,0,2026,9,2
강동구,둔촌동,올림픽파크포레온,84.99,22,2024,84000,0,2026,9,5
강동구,고덕동,고덕센트럴푸르지오,59.09,14,2020,75000,0,2026,9,6
강동구,암사동,현대홈타운,59.97,14,2004,65000,0,2026,9,5
강동구,길동,다성이즈빌(349-1),17.2,7,2012,5000,50,2026,9,5
강동구,암사동,프라이어팰리스,59.983,18,2007,70000,0,2026,9,3
강동구,상일동,고덕아르테온,59.98,7,2020,85000,0,2026,9,5
강동구,강일동,강일리버파크11단지,29.96,8,2015,8292,12,2026,9,7
강동구,고덕동,고덕 아이파크,145,6,2011,80000,240,2026,9,6
강동구,고덕동,고덕그라시움,59.028,15,2019,65000,85,2026,9,5
강동구,성내동,성안마을청구,59.93,7,2002,68000,0,2026,9,4
강동구,길동,강동헤리티지자이,59.98,17,2024,57750,0,2026,9,4
강동구,고덕동,고덕그라시움,84.244,8,2019,20000,440,2026,9,4
강동구,성내동,한솔애리즈601동,84.63,10,2005,40000,110,2026,9,7
강동구,성내동,에스케이허브진,47.36,12,2004,50000,0,2026,9,5
강동구,강일동,고덕리엔파크2단지,84.98,3,2011,59850,0,2026,9,3
강동구,명일동,래미안솔베뉴,59.11,13,2019,60000,120,2026,9,5
강동구,상일동,고덕롯데캐슬베네루체,84.923,2,2019,66150,0,2026,9,5
강동구,둔촌동,올림픽파크포레온,95.97,16,2024,105000,0,2026,9,5
강동구,성내동,둔촌역청구,84.94,4,1999,76000,0,2026,9,5
강동구,상일동,고덕롯데캐슬베네루체,59.984,8,2019,17945,26,2026,9,5
강동구,고덕동,고덕센트럴푸르지오,59.06,16,2020,61950,0,2026,9,6
강동구,천호동,힐데스하임천호아파트,52.5268,18,2023,22390,42,2026,9,7
강동구,상일동,e편한세상고덕어반브릿지,101.0619,9,2024,67000,0,2026,9,5
강동구,상일동,고덕아르테온,84.97,20,2020,60000,180,2026,9,4
강동구,길동,강동헤리티지자이,59.98,1,2024,40162,0,2026,9,4
강동구,천호동,천호동삼성아파트,59.86,20,1997,47000,0,2026,9,5
강동구,상일동,고덕숲아이파크,84.85,4,2018,73500,0,2026,9,5
강동구,둔촌동,올림픽파크포레온,84.99,8,2024,15000,297,2026,9,4
강동구,암사동,선사현대아파트,59.64,14,2000,50400,0,2026,9,4
강동구,길동,강동헤리티지자이,59.98,2,2024,40162,0,2026,9,4
강동구,둔촌동,프라자,83.4,9,1984,43050,0,2026,9,4
강동구,성내동,집앤사비카,16.66,5,2020,24000,0,2026,9,4
강동구,암사동,선사현대아파트,59.64,3,2000,26000,80,2026,9,4
강동구,상일동,고덕아르테온,84.97,25,2020,110000,0,2026,9,1
강동구,성내동,포레스(B동),79.73,2,2003,39000,0,2026,9,1
강동구,상일동,고덕리엔파크3단지,114.97,14,2011,36754,0,2026,9,4
강동구,암사동,삼성광나루,114.87,10,2002,30000,240,2026,9,4
강동구,고덕동,아남1,84.91,6,1996,50000,0,2026,9,4
강동구,상일동,중앙하이츠,84.23,1,1992,42000,0,2026,9,4
강동구,길동,다성이즈빌,14.07,16,2021,1000,75,2026,9,1
강동구,천호동,강동상떼빌,94.36,10,2007,43000,80,2026,9,2
강동구,둔촌동,올림픽파크포레온,49.95,4,2024,60000,40,2026,9,3
강동구,둔촌동,올림픽파크포레온,39.95,16,2024,60000,0,2026,9,3
강동구,암사동,선사현대아파트,59.64,7,2000,20000,150,2026,9,4
강동구,강일동,강동리버스트4단지,59.99,10,2020,50000,35,2026,9,3
강동구,성내동,에스케이허브진,33.71,7,2004,1000,100,2026,9,3
강동구,둔촌동,올림픽파크포레온,84.99,30,2024,101850,0,2026,9,4
강동구,상일동,강동리엔파크14단지,36.87,2,2021,13968,18,2026,9,3
강동구,길동,강동헤리티지자이,59.98,4,2024,40162,0,2026,9,3
강동구,강일동,힐스테이트리슈빌강일,101.7074,11,2023,30000,255,2026,9,3
강동구,천호동,힐데스하임천호아파트,52.5268,11,2023,18430,26,2026,9,3
강동구,성내동,천호역효성해링턴타워,16.09,15,2023,5990,42,2026,9,3
강동구,명일동,고덕주공9,83.93,1,1985,66000,0,2026,9,2
강동구,암사동,롯데캐슬퍼스트,112.11,12,2008,70000,160,2026,9,3
강동구,길동,한전우성1,81.63,9,1989,42000,0,2026,9,3
강동구,명일동,래미안솔베뉴,59.11,33,2019,74550,0,2026,9,2
강동구,고덕동,래미안힐스테이트고덕,84.88,10,2016,81900,0,2026,9,3
강동구,암사동,선사현대아파트,58.68,22,2000,48600,0,2026,9,3
강동구,길동,다성이즈빌,14.07,17,2021,1000,75,2026,9,1
강동구,길동,강동헤리티지자이,59.98,1,2024,40162,0,2026,9,3
강동구,길동,강동헤리티지자이,59.98,3,2024,40162,0,2026,9,3
강동구,둔촌동,올림픽파크포레온,49.95,2,2024,70000,0,2026,9,2
강동구,성내동,성안마을청구,59.93,3,2002,49350,0,2026,9,3
강동구,길동,강동헤리티지자이,59.98,9,2024,40162,0,2026,9,2
강동구,길동,강동헤리티지자이,59.98,27,2024,40162,0,2026,9,2
강동구,고덕동,고덕그라시움,59.028,4,2019,17814,31,2026,9,2
강동구,길동,강동헤리티지자이,59.98,17,2024,40162,0,2026,9,2
강동구,강일동,강일리버파크10단지,84.53,2,2009,51500,0,2026,9,2
강동구,강일동,강동리버스트4단지,49.82,9,2020,50000,0,2026,9,2
강동구,상일동,강동리엔파크14단지,59.94,3,2021,35000,90,2026,9,2
강동구,강일동,강동리버스트4단지,59.99,5,2020,60000,0,2026,9,1
강동구,길동,강동헤리티지자이,59.98,2,2024,40162,0,2026,9,2
강동구,상일동,고덕센트럴IPARK,84.91,18,2019,80000,0,2026,9,2
강동구,암사동,롯데캐슬퍼스트,84.98,7,2008,85000,0,2026,9,2
강동구,고덕동,고덕그라시움,59.785,15,2019,63000,17,2026,9,1
강동구,둔촌동,올림픽파크포레온,84.99,9,2024,140000,0,2026,9,2
강동구,성내동,아이퍼스트빌,15.94,9,2012,1000,63,2026,9,1
강동구,성내동,올림픽파크한양수자인,59.55,16,2016,63000,0,2026,9,1
강동구,길동,강동헤리티지자이,59.98,1,2024,40162,0,2026,9,1
강동구,길동,강동헤리티지자이,59.98,2,2024,40162,0,2026,9,1
강동구,길동,강동헤리티지자이,59.98,7,2024,40162,0,2026,9,1
강동구,강일동,고덕리엔파크1단지,84.83,14,2011,37406,0,2026,9,2
강동구,길동,강동헤리티지자이,59.98,2,2024,40162,0,2026,9,2
강동구,상일동,고덕롯데캐슬베네루체,59.981,11,2019,80000,0,2026,9,1
강동구,둔촌동,더샵둔촌포레,93.8499,1,1984,95000,0,2026,9,2
강동구,천호동,천호롯데아파트,59.99,6,1999,42000,0,2026,9,1
강동구,상일동,고덕센트럴IPARK,84.91,2,2019,70000,150,2026,9,1
강동구,길동,강동헤리티지자이,59.98,25,2024,57700,0,2026,9,1
강동구,고덕동,고덕그라시움,59.785,13,2019,80000,0,2026,9,1
강동구,길동,강동헤리티지자이,59.98,2,2024,40162,0,2026,9,1
강동구,천호동,금호아파트,27.61,1,1987,23000,0,2026,9,1
강동구,길동,강동헤리티지자이,59.98,13,2024,40162,0,2026,9,1
강동구,길동,강동헤리티지자이,59.98,13,2024,40162,0,2026,9,1
강동구,성내동,에스케이허브진,33.71,14,2004,28500,0,2026,9,1
강동구,길동,강동헤리티지자이,59.98,3,2024,40162,0,2026,9,1
강동구,천호동,래미안강동팰리스,84.97,12,2017,20000,340,2026,9,1
강동구,고덕동,고덕그라시움,59.785,6,2019,63000,0,2026,9,1
강동구,둔촌동,올림픽파크포레온,84.98,26,2024,100000,0,2026,9,1
강동구,성내동,집앤사베니아파트,59.57,11,2019,20589,31,2026,9,1
