구,법정동,아파트명,전용면적,층,건축년도,보증금,월세,년,월,일
종로구,무악동,경희궁롯데캐슬,84.8792,10,2019,108000,0,2026,6,8
종로구,숭인동,종로유케이201,12.08,8,2013,1000,55,2026,6,5
종로구,인의동,효성쥬얼리시티,92.81,11,2006,20000,250,2026,6,10
종로구,무악동,현대,84.92,17,2000,67200,32,2026,6,11
종로구,사직동,광화문스페이스본(101동~105동),136.4,10,2008,110000,60,2026,6,11
종로구,창신동,창신쌍용2,54.7,1,1993,31500,0,2026,6,3
종로구,평동,경희궁자이(3단지),84.8359,14,2017,115000,0,2026,6,11
종로구,창신동,창신쌍용2,64.66,9,1993,40000,0,2026,6,10
종로구,교북동,경희궁자이(4단지),45.879,11,2017,38500,145,2026,6,3
종로구,홍파동,경희궁자이(2단지),84.614,6,2017,30000,360,2026,6,9
종로구,충신동,힐스테이트창경궁,84.97,14,2022,50000,280,2026,6,2
종로구,신문로1가,신문로맨션,91.53,8,1981,50000,0,2026,6,9
종로구,행촌동,경희궁자이(1단지),44.026,12,2017,6453,22,2026,6,8
종로구,창신동,창신쌍용2,64.66,3,1993,34650,0,2026,6,8
종로구,효제동,이지마루종로,19.31,6,2021,1000,125,2026,6,8
종로구,효제동,이지마루종로,19.31,6,2021,1000,125,2026,6,8
종로구,홍파동,경희궁자이(2단지),59.895,4,2017,30000,280,2026,6,4
종로구,평동,경희궁자이(3단지),84.614,4,2017,80000,165,2026,6,8
종로구,숭인동,영하우스,16.59,9,2015,2000,51,2026,6,6
종로구,무악동,현대,84.92,9,2000,70000,0,2026,6,6
종로구,창신동,두산,59.95,13,1999,5000,160,2026,6,3
종로구,사직동,광화문스페이스본(101동~105동),159.01,3,2008,135000,0,2026,6,5
종로구,교북동,경희궁자이(4단지),45.879,17,2017,60600,0,2026,6,4
종로구,창신동,두산,59.95,18,1999,49300,0,2026,6,4
종로구,창신동,두산,59.95,14,1999,10000,120,2026,6,2
종로구,창신동,동문상가,56.69,6,1970,11000,0,2026,6,3
종로구,무악동,현대,84.92,13,2000,73000,0,2026,6,4
종로구,신문로2가,디팰리스,147.551,9,2020,10000,1500,2026,6,3
종로구,충신동,힐스테이트창경궁,76.82,8,2022,5000,260,2026,6,1
종로구,무악동,경희궁롯데캐슬,59.6737,9,2019,60000,80,2026,6,1
종로구,숭인동,종로센트레빌,114.67,12,2008,75000,0,2026,6,1
중구,신당동,신당KCC스위첸,72.1079,8,2019,87000,0,2026,6,5
중구,신당동,삼성,59.97,6,1999,60000,0,2026,6,1
중구,입정동,힐스테이트세운센트럴2단지,49.7623,27,2023,76000,0,2026,6,11
중구,신당동,신당역솔하임,14.08,16,2016,14400,10,2026,6,3
중구,신당동,남산타운,84.88,7,2002,40000,103,2026,6,12
중구,신당동,남산타운,59.94,4,2002,20000,130,2026,6,8
중구,만리동2가,서울역센트럴자이,39.9541,15,2017,14560,59,2026,6,10
중구,신당동,약수하이츠,65.37,15,1999,50000,0,2026,6,3
중구,오장동,오렌지카운티을지로,14.54,13,2020,2000,80,2026,6,6
중구,신당동,약수하이츠,84.88,11,1999,10000,270,2026,6,8
중구,흥인동,동대문와이즈캐슬,16.55,10,2014,1000,75,2026,6,6
중구,신당동,남산타운,59.94,4,2002,20000,130,2026,6,8
중구,신당동,남산타운,59.94,9,2002,51000,40,2026,6,11
중구,신당동,약수하이츠,57.63,15,1999,60000,0,2026,6,9
중구,신당동,한진해모로,27.27,2,2001,2342,5,2026,6,9
중구,황학동,롯데캐슬,84.89,33,2008,75000,0,2026,6,1
중구,인현동2가,세운푸르지오헤리시티,29.4564,17,2023,34000,0,2026,6,11
중구,신당동,래미안하이베르,59.95,3,2011,55000,20,2026,6,10
중구,만리동2가,서울역센트럴자이,39.9541,12,2017,14560,59,2026,6,10
중구,신당동,청구e편한세상,84.96,5,2011,40000,175,2026,6,9
중구,입정동,힐스테이트세운센트럴1단지,46.6997,22,2023,5000,252,2026,6,9
중구,만리동2가,서울역센트럴자이,39.9541,9,2017,1514,21,2026,6,10
중구,신당동,약수하이츠,57.63,14,1999,55000,0,2026,6,9
중구,만리동2가,서울역센트럴자이,39.9541,9,2017,3785,16,2026,6,10
중구,황학동,한양I-Class,16.37,17,2013,1000,73,2026,6,9
중구,신당동,남산타운,59.94,12,2002,57000,0,2026,6,5
중구,오장동,오렌지카운티을지로,24.19,9,2020,3000,136,2026,6,5
중구,충무로4가,남산센트럴자이,114.84,20,2009,97000,0,2026,6,8
중구,신당동,한진해모로,27.27,2,2001,944,13,2026,6,9
중구,신당동,한진해모로,27.27,3,2001,944,13,2026,6,9
중구,만리동2가,서울역센트럴자이,39.9541,9,2017,3785,16,2026,6,9
중구,순화동,바비엥3,70.46,14,2006,3000,260,2026,6,5
중구,흥인동,동대문와이즈캐슬,15.55,11,2014,1000,75,2026,6,3
중구,오장동,오렌지카운티을지로,15.79,15,2020,18300,0,2026,6,3
중구,신당동,한진해모로,27.27,3,2001,377,14,2026,6,9
중구,황학동,한양I-Class,16.37,14,2013,7000,45,2026,6,5
중구,황학동,골드캐슬Ⅲ,29.7,11,2017,4000,115,2026,6,6
중구,신당동,남산타운,114.88,12,2002,90000,0,2026,6,6
중구,만리동2가,서울역센트럴자이,59.9808,2,2017,3000,350,2026,6,6
중구,신당동,신당푸르지오,84.76,1,2005,70000,0,2026,6,6
중구,신당동,약수하이츠,57.63,9,1999,60000,0,2026,6,6
중구,황학동,DUO302,15.97,12,2014,1000,80,2026,6,5
중구,황학동,중구리버빌,83.59,7,2003,31500,0,2026,6,5
중구,황학동,한양I-Class,16.37,17,2013,1000,73,2026,6,5
중구,황학동,황학아크로타워,111.224,13,2010,93000,0,2026,6,5
중구,신당동,약수하이츠,65.37,18,1999,30000,130,2026,6,3
중구,충무로4가,남산센트럴자이,139.936,25,2009,104000,0,2026,6,3
중구,신당동,남산타운,84.88,8,2002,60000,45,2026,6,1
중구,만리동2가,서울역한라비발디센트럴,84.9774,10,2018,80800,0,2026,6,1
중구,신당동,삼성,59.98,1,1999,54600,0,2026,6,4
중구,황학동,위너빌(Winnervill),29.79,10,2018,27400,0,2026,6,3
중구,신당동,남산타운,84.88,6,2002,70000,0,2026,6,4
중구,충무로5가,이지마루충무로,28.43,13,2020,21000,50,2026,6,2
중구,인현동2가,세운푸르지오헤리시티,24.5533,24,2023,31000,0,2026,6,3
중구,신당동,신당KCC스위첸,72.1079,9,2019,85000,0,2026,6,3
중구,만리동2가,서울역센트럴자이,84.972,19,2017,54200,130,2026,6,2
중구,신당동,청구e편한세상,84.95,3,2011,77000,0,2026,6,1
중구,황학동,그랜드힐오피스텔,24.15,10,2017,15000,15,2026,6,1
중구,신당동,약수역더시티,18.86,4,2021,2000,100,2026,6,1
용산구,도원동,삼성래미안,59.94,22,2001,55000,50,2026,6,6
용산구,원효로4가,한강수,140.88,8,2005,69000,0,2026,6,5
용산구,이촌동,시범(중산1차),59.5,4,1970,3000,90,2026,6,6
용산구,이촌동,삼익,104.86,9,1979,44400,0,2026,6,6
용산구,이태원동,주공1,84.66,1,1993,63000,0,2026,6,10
용산구,용산동5가,용산파크타워(24-0),100.29,16,2009,120000,100,2026,6,12
용산구,이촌동,점보,175.97,1,1974,75000,100,2026,6,12
용산구,주성동,PRIMAVERAVILL,155.8,3,2003,10000,100,2026,6,11
용산구,보광동,리버빌(삼성),84.74,1,2000,55000,60,2026,6,10
용산구,원효로1가,용산원효루미니,43.9656,18,2022,17344,81,2026,6,12
용산구,한강로3가,에피소드용산,24.6306,9,2024,2000,223,2026,6,5
용산구,원효로1가,용산원효루미니,17.9822,5,2022,4731,6,2026,6,12
용산구,원효로1가,용산원효루미니,17.9822,28,2022,4731,6,2026,6,12
용산구,원효로1가,용산원효루미니,17.9822,20,2022,4671,7,2026,6,12
용산구,용산동5가,용산파크타워(24-0),137.63,29,2009,0,750,2026,6,3
용산구,원효로1가,용산원효루미니,17.9822,4,2022,4671,7,2026,6,12
용산구,원효로1가,용산원효루미니,43.9656,5,2022,17344,80,2026,6,11
용산구,원효로1가,용산원효루미니,43.9656,13,2022,17344,81,2026,6,11
용산구,원효로1가,용산원효루미니,43.9656,8,2022,17344,81,2026,6,11
용산구,원효로1가,용산원효루미니,33.9588,25,2022,13533,63,2026,6,11
용산구,산천동,리버힐삼성,84.98,11,2001,58700,0,2026,6,12
용산구,이촌동,대림,59.22,12,1994,33000,50,2026,6,12
용산구,서빙고동,신동아,140.81,4,1984,100000,0,2026,6,10
용산구,원효로1가,용산원효루미니,43.9656,11,2022,17344,81,2026,6,11
용산구,한강로2가,아스테리움용산,141.08,19,2012,215000,0,2026,6,5
용산구,원효로1가,용산원효루미니,43.9656,27,2022,15610,88,2026,6,11
용산구,효창동,용산데시앙포레,45.6424,9,2022,17635,48,2026,6,12
용산구,원효로1가,용산원효루미니,17.9822,13,2022,4731,6,2026,6,12
용산구,원효로1가,용산원효루미니,43.9656,9,2022,17344,81,2026,6,11
용산구,문배동,용산큐브,13.01,20,2013,17000,10,2026,6,11
용산구,한강로3가,센트럴파크,40.3497,6,2020,21360,87,2026,6,11
용산구,원효로1가,용산원효루미니,17.9822,26,2022,4671,7,2026,6,12
용산구,효창동,용산데시앙포레,45.6424,8,2022,12566,64,2026,6,11
용산구,원효로1가,용산원효루미니,17.9822,16,2022,4731,6,2026,6,12
용산구,원효로1가,용산원효루미니,17.9822,13,2022,2196,15,2026,6,11
용산구,원효로1가,용산원효루미니,17.9822,7,2022,4731,6,2026,6,11
용산구,갈월동,용산남영역롯데캐슬헤리티지,49.7596,20,2025,23300,91,2026,6,11
용산구,원효로1가,용산원효루미니,17.9822,11,2022,4640,6,2026,6,11
용산구,원효로1가,용산원효루미니,17.9822,15,2022,4731,6,2026,6,11
용산구,원효로1가,용산원효루미니,17.9822,18,2022,4730,6,2026,6,11
용산구,원효로1가,용산원효루미니,17.9822,19,2022,4481,8,2026,6,11
용산구,한강로2가,용산푸르지오써밋(420),137.5778,13,2017,165000,0,2026,6,11
용산구,원효로4가,산호,86.12,11,1977,31000,0,2026,6,9
용산구,한강로2가,용산베르디움프렌즈,44.9009,6,2021,17729,34,2026,6,11
용산구,원효로1가,용산원효루미니,17.9822,22,2022,4671,7,2026,6,11
용산구,원효로1가,용산원효루미니,17.9822,9,2022,4594,6,2026,6,11
용산구,원효로1가,용산원효루미니,17.9822,9,2022,4731,6,2026,6,11
용산구,원효로1가,용산원효루미니,29.9626,17,2022,2747,24,2026,6,11
용산구,이촌동,현대한강,59.55,10,1997,5000,245,2026,6,6
용산구,원효로1가,용산원효루미니,17.9822,20,2022,3461,13,2026,6,11
용산구,원효로1가,용산원효루미니,29.9626,26,2022,5245,19,2026,6,11
용산구,문배동,G&P용산파크,28.61,13,2018,25000,35,2026,6,10
용산구,원효로1가,용산원효루미니,29.9626,20,2022,6919,11,2026,6,11
용산구,원효로1가,용산원효루미니,29.9626,29,2022,5245,19,2026,6,11
용산구,갈월동,용산남영역롯데캐슬헤리티지,49.7596,15,2025,23300,91,2026,6,11
용산구,원효로1가,용산원효루미니,17.9822,25,2022,4671,7,2026,6,11
용산구,한남동,아일랜드캐슬,62.51,2,2003,5000,250,2026,6,4
용산구,원효로1가,용산원효루미니,17.9822,20,2022,4731,6,2026,6,11
용산구,갈월동,용산남영역롯데캐슬헤리티지,23.9784,5,2025,11600,48,2026,6,11
용산구,원효로1가,용산원효루미니,29.9626,12,2022,7075,10,2026,6,10
용산구,한강로2가,벽산메가트리움,84.97,6,2005,85000,0,2026,6,10
용산구,원효로1가,용산원효루미니,29.9626,19,2022,7075,10,2026,6,10
용산구,원효로1가,용산원효루미니,17.9822,17,2022,4536,7,2026,6,11
용산구,원효로1가,용산원효루미니,29.9626,12,2022,7075,10,2026,6,10
용산구,원효로1가,용산원효루미니,29.9626,8,2022,7075,10,2026,6,10
용산구,원효로1가,용산원효루미니,29.9626,16,2022,7075,10,2026,6,10
용산구,원효로1가,용산원효루미니,29.9626,13,2022,7075,10,2026,6,10
용산구,원효로1가,용산원효루미니,29.9626,26,2022,7167,10,2026,6,11
용산구,한강로3가,센트럴파크,40.6709,17,2020,21360,87,2026,6,11
용산구,원효로1가,용산원효루미니,17.9822,8,2022,4536,7,2026,6,11
용산구,효창동,용산데시앙포레,39.438,1,2022,9876,50,2026,6,10
용산구,원효로1가,용산원효루미니,17.9822,14,2022,4594,6,2026,6,10
용산구,원효로1가,용산원효루미니,17.9822,25,2022,4730,6,2026,6,10
용산구,원효로1가,용산원효루미니,17.9822,6,2022,1861,16,2026,6,10
용산구,이촌동,한가람,59.88,2,1998,70000,0,2026,6,10
용산구,원효로1가,용산원효루미니,17.9822,27,2022,4536,7,2026,6,10
용산구,원효로1가,용산원효루미니,17.9822,11,2022,1761,16,2026,6,10
용산구,원효로1가,용산원효루미니,17.9822,12,2022,3461,13,2026,6,10
용산구,원효로1가,용산원효루미니,17.9822,9,2022,4671,7,2026,6,10
용산구,원효로1가,용산원효루미니,17.9822,6,2022,4594,6,2026,6,10
용산구,원효로1가,용산원효루미니,17.9822,15,2022,4640,6,2026,6,10
용산구,원효로1가,용산원효루미니,29.9626,7,2022,7167,10,2026,6,10
용산구,원효로1가,용산원효루미니,29.9626,21,2022,5845,16,2026,6,10
용산구,이촌동,한가람,59.88,2,1998,70000,0,2026,6,10
용산구,원효로1가,용산원효루미니,17.9822,19,2022,1861,16,2026,6,10
용산구,이촌동,강촌,106.645,4,1998,95000,0,2026,6,10
용산구,원효로1가,용산원효루미니,17.9822,7,2022,4731,6,2026,6,10
용산구,한강로3가,센트럴파크,40.3696,6,2020,21360,87,2026,6,10
용산구,이촌동,강촌,84.85,16,1998,105000,0,2026,6,8
용산구,원효로1가,용산원효루미니,29.9626,25,2022,7401,13,2026,6,10
용산구,원효로1가,용산원효루미니,29.9626,11,2022,7167,10,2026,6,10
용산구,원효로1가,용산원효루미니,29.9626,8,2022,7167,10,2026,6,10
용산구,원효로1가,용산원효루미니,17.9822,26,2022,4731,6,2026,6,10
용산구,원효로1가,용산원효루미니,29.9626,7,2022,7075,10,2026,6,10
용산구,이촌동,래미안첼리투스,124.02,10,2015,184000,0,2026,6,1
용산구,원효로1가,용산원효루미니,17.9822,16,2022,4731,6,2026,6,10
용산구,원효로1가,용산원효루미니,17.9822,5,2022,4261,9,2026,6,10
용산구,원효로1가,용산원효루미니,17.9822,21,2022,4731,6,2026,6,10
용산구,원효로1가,용산원효루미니,29.9626,23,2022,7075,10,2026,6,10
용산구,원효로1가,용산원효루미니,29.9626,19,2022,7167,10,2026,6,10
용산구,원효로1가,용산원효루미니,17.9822,6,2022,4730,6,2026,6,10
용산구,원효로1가,용산원효루미니,17.9822,5,2022,4730,6,2026,6,10
용산구,원효로1가,용산원효루미니,17.9822,11,2022,1730,16,2026,6,10
용산구,원효로1가,용산원효루미니,17.9822,10,2022,3396,12,2026,6,10
용산구,이촌동,강촌,84.85,16,1998,105000,0,2026,6,8
용산구,원효로1가,용산원효루미니,17.9822,4,2022,3461,13,2026,6,10
용산구,이촌동,동부센트레빌,101.14,6,2001,105000,0,2026,6,8
용산구,원효로1가,용산원효루미니,17.9822,14,2022,4316,8,2026,6,10
용산구,한강로3가,우림필유,84.99,11,2006,70000,0,2026,6,1
용산구,원효로1가,용산원효루미니,29.9626,7,2022,7075,10,2026,6,10
용산구,원효로1가,용산원효루미니,17.9822,23,2022,4731,6,2026,6,10
용산구,원효로1가,용산원효루미니,17.9822,4,2022,4731,6,2026,6,10
용산구,원효로1가,용산원효루미니,17.9822,18,2022,4731,6,2026,6,10
용산구,서계동,어반허브서울스테이션(UrbanHubSeoulStation),21.9216,1,2025,10800,49,2026,6,10
용산구,원효로1가,용산원효루미니,17.9822,28,2022,4640,6,2026,6,10
용산구,원효로1가,용산원효루미니,17.9822,3,2022,4594,6,2026,6,10
용산구,원효로1가,용산원효루미니,17.9822,10,2022,4731,6,2026,6,10
용산구,이촌동,동부센트레빌,100.8,9,2001,120000,0,2026,6,10
용산구,원효로1가,용산원효루미니,17.9822,4,2022,4131,9,2026,6,10
용산구,원효로1가,용산원효루미니,17.9822,21,2022,4731,6,2026,6,10
용산구,한강로2가,용산베르디움프렌즈,39.8036,32,2021,8903,30,2026,6,10
용산구,이촌동,강촌,114.595,18,1998,10000,525,2026,6,9
용산구,원효로1가,용산원효루미니,17.9822,3,2022,4730,6,2026,6,10
용산구,원효로1가,용산원효루미니,17.9822,26,2022,4731,6,2026,6,10
용산구,원효로1가,용산원효루미니,29.9626,29,2022,7075,10,2026,6,10
용산구,원효로1가,용산원효루미니,29.9626,15,2022,3745,22,2026,6,10
용산구,원효로1가,용산원효루미니,17.9822,10,2022,4730,6,2026,6,10
용산구,원효로1가,용산원효루미니,17.9822,28,2022,4731,6,2026,6,10
용산구,원효로1가,용산원효루미니,17.9822,28,2022,4731,6,2026,6,10
용산구,원효로1가,용산원효루미니,17.9822,17,2022,4671,7,2026,6,10
용산구,원효로1가,용산원효루미니,17.9822,3,2022,4731,6,2026,6,10
용산구,원효로1가,용산원효루미니,17.9822,22,2022,4594,6,2026,6,10
용산구,원효로1가,용산원효루미니,29.9626,10,2022,7167,10,2026,6,10
용산구,문배동,지오베르크,84.95,9,2004,61500,0,2026,6,9
용산구,이촌동,한가람,59.88,1,1998,70000,0,2026,6,6
용산구,문배동,삼라마이다스빌2,84.84,12,2004,5000,200,2026,6,1
용산구,이촌동,우성,58.2,18,1995,10000,200,2026,6,5
용산구,이촌동,동아그린,43.02,22,1999,35880,0,2026,6,8
용산구,이태원동,이태원(이테크빌),59.41,6,2002,37200,0,2026,6,9
용산구,원효로1가,시온캐슬용산,23.673,16,2021,33000,0,2026,6,9
용산구,한남동,한남파라곤,82.624,4,2011,120000,0,2026,6,6
용산구,서계동,어반허브서울스테이션(UrbanHubSeoulStation),19.3866,8,2025,10600,47,2026,6,9
용산구,원효로1가,용산원효루미니,33.9588,14,2022,13533,62,2026,6,8
용산구,이촌동,삼익,104.86,12,1979,42000,0,2026,6,6
용산구,한강로3가,시티파크(2단지),149.23,11,2007,160000,120,2026,6,7
용산구,한강로2가,용산베르디움프렌즈,39.8036,30,2021,5342,18,2026,6,8
용산구,효창동,효창파크푸르지오,84.45,3,2010,10000,320,2026,6,8
용산구,원효로1가,용산원효루미니,29.9626,28,2022,5245,19,2026,6,8
용산구,산천동,한강타운,59.69,10,2001,40950,0,2026,6,6
용산구,효창동,용산케이씨씨스위첸,84.91,11,2018,95000,0,2026,6,5
용산구,서빙고동,신동아,95.66,10,1984,75000,0,2026,6,1
용산구,원효로1가,용산원효루미니,33.9588,4,2022,6376,33,2026,6,8
용산구,원효로1가,용산원효루미니,33.9588,4,2022,5101,31,2026,6,8
용산구,이촌동,강촌,114.595,7,1998,115000,20,2026,6,6
용산구,효창동,용산케이씨씨스위첸,84.91,6,2018,92000,0,2026,6,6
용산구,원효로1가,용산원효루미니,29.9626,12,2022,5245,19,2026,6,8
용산구,서빙고동,금호베스트빌1,156.58,10,2002,97500,0,2026,6,6
용산구,한강로3가,시티하우스,19.12,8,2011,2000,85,2026,6,5
용산구,이촌동,장미,111.58,14,1975,50000,175,2026,6,6
용산구,이촌동,한가람,84.96,10,1998,70000,220,2026,6,5
용산구,이촌동,한가람,59.88,19,1998,75000,0,2026,6,3
용산구,한강로1가,대우월드마크용산,107.626,26,2007,94500,0,2026,6,6
용산구,원효로4가,강변삼성스위트,59.92,10,1999,60500,0,2026,6,5
용산구,이촌동,래미안첼리투스,124.02,23,2015,10000,950,2026,6,5
용산구,효창동,용산데시앙포레,59.7642,11,2022,76600,0,2026,6,3
용산구,후암동,후암미주,62.78,4,1980,2000,84,2026,6,3
용산구,한강로1가,용산파크자이,134.42,23,2005,10000,530,2026,6,4
용산구,한강로3가,시티하우스,19.89,4,2011,2000,85,2026,6,1
용산구,서빙고동,신동아,166.98,5,1984,50000,0,2026,6,5
용산구,서빙고동,신동아,140.81,9,1984,5000,410,2026,6,5
용산구,이촌동,한가람,59.88,4,1998,70000,0,2026,6,3
용산구,이촌동,우성,114.74,11,1995,20000,440,2026,6,3
용산구,원효로2가,원효,44.36,7,1970,1000,75,2026,6,4
용산구,이촌동,동부센트레빌,100.92,24,2001,111000,0,2026,6,3
용산구,이촌동,한강맨숀,101.95,1,1971,5000,200,2026,6,4
용산구,원효로1가,용산원효루미니,29.9626,6,2022,3532,5,2026,6,4
용산구,원효로1가,용산원효루미니,43.9656,7,2022,17344,79,2026,6,2
용산구,원효로1가,용산원효루미니,29.9626,6,2022,3532,5,2026,6,4
용산구,한강로2가,용산베르디움프렌즈,49.9933,6,2021,19707,33,2026,6,4
용산구,한강로2가,용산베르디움프렌즈,39.8036,37,2021,16052,30,2026,6,4
용산구,동자동,동자,60,3,1969,1000,110,2026,6,4
용산구,이촌동,이촌코오롱(A),59.82,8,1999,53000,45,2026,6,2
용산구,문배동,CJ나인파크,84.98,7,2007,72450,0,2026,6,2
용산구,이촌동,이촌코오롱(B),59.82,6,1999,20000,195,2026,6,2
용산구,한강로2가,용산베르디움프렌즈,39.8036,16,2021,16052,29,2026,6,2
용산구,문배동,용산큐브,13.01,18,2013,15000,15,2026,6,1
용산구,이촌동,동원베네스트,84.97,3,2005,57750,0,2026,6,2
용산구,한강로2가,용산베르디움프렌즈,49.6573,14,2021,19707,38,2026,6,2
용산구,이촌동,우성,58.2,4,1995,5000,220,2026,6,1
용산구,이촌동,한가람,84.96,15,1998,110000,0,2026,6,2
용산구,원효로1가,용산원효루미니,43.9656,16,2022,17344,81,2026,6,2
용산구,이촌동,강변,65.55,7,1971,28000,0,2026,6,1
용산구,원효로1가,용산원효루미니,17.9822,4,2022,4731,6,2026,6,2
용산구,원효로1가,용산원효루미니,29.9626,15,2022,7167,10,2026,6,2
용산구,원효로4가,강변삼성스위트,84.9,15,1999,76000,0,2026,6,2
용산구,이촌동,래미안첼리투스,124.02,16,2015,210000,0,2026,6,2
용산구,이촌동,삼익,104.86,10,1979,3000,100,2026,6,1
용산구,이촌동,북한강(성원),59.55,10,2001,52000,0,2026,6,1
용산구,한강로2가,용산베르디움프렌즈,49.6573,6,2021,8446,71,2026,6,1
용산구,이촌동,한가람,114.96,1,1998,130000,0,2026,6,1
용산구,산천동,리버힐삼성,84.98,3,2001,30000,150,2026,6,1
성동구,금호동3가,두산,59.97,4,1994,55000,0,2026,6,5
성동구,응봉동,대림(1차),113.71,9,1986,65000,0,2026,6,3
성동구,행당동,신동아,59.97,15,1995,50000,0,2026,6,5
성동구,성수동2가,금호타운2차아파트,59.94,2,1997,50000,41,2026,6,1
성동구,금호동4가,서울숲2차푸르지오,59.862,2,2012,10000,285,2026,6,12
성동구,옥수동,옥수파크힐스101동~116동,59.91,13,2016,5000,335,2026,6,12
성동구,금호동4가,대우,84.71,14,2001,15000,160,2026,6,12
성동구,금호동3가,금호1차푸르지오,59.97,12,2005,70000,0,2026,6,5
성동구,옥수동,옥수파크힐스101동~116동,59.91,15,2016,77000,0,2026,6,10
성동구,행당동,행당한진타운,84.71,24,2000,83000,0,2026,6,12
성동구,금호동1가,이편한세상금호파크힐스,30.324,1,2019,12058,49,2026,6,12
성동구,금호동3가,금호자이2차,36.6386,12,2012,4154,11,2026,6,12
성동구,마장동,현대,134.79,22,1998,73500,0,2026,6,12
성동구,마장동,왕십리금호어울림,84.97,5,2006,20000,250,2026,6,6
성동구,금호동4가,힐스테이트서울숲리버,59.98,2,2018,85000,0,2026,6,1
성동구,응봉동,대림(2차),59.91,8,1989,45000,0,2026,6,12
성동구,옥수동,옥수파크힐스101동~116동,84.92,13,2016,65000,180,2026,6,12
성동구,금호동1가,벽산,114.57,11,2001,20000,150,2026,6,12
성동구,하왕십리동,텐즈힐(1단지),84.96,14,2015,100500,0,2026,6,11
성동구,금호동1가,벽산,84.82,14,2001,57600,0,2026,6,10
성동구,행당동,서울숲 한신 더 휴,114.97,21,2003,50000,198,2026,6,8
성동구,마장동,현대,59.94,13,1998,50000,0,2026,6,10
성동구,금호동1가,금호삼성래미안,59.95,14,2001,59800,0,2026,6,10
성동구,용답동,드래곤힐,19.99,8,2013,2000,64,2026,6,12
성동구,금호동3가,금호자이2차,115.9341,10,2012,79800,0,2026,6,12
성동구,금호동4가,서울숲푸르지오,84.87,10,2007,70000,80,2026,6,10
성동구,금호동4가,서울숲푸르지오,59.9,4,2007,60000,0,2026,6,6
성동구,마장동,현대,59.91,19,1998,35000,45,2026,6,10
성동구,옥수동,현대,84.9,12,1990,73500,0,2026,6,11
성동구,행당동,대림e-편한세상,84.87,10,2000,55000,92,2026,6,12
성동구,성수동1가,아크로서울포레스트,159.603,40,2020,588000,0,2026,6,11
성동구,하왕십리동,센트라스,40.94,7,2016,20000,155,2026,6,11
성동구,금호동3가,두산,59.97,12,1994,40000,50,2026,6,4
성동구,성수동2가,현대I-PARK,84.98,3,2003,60000,110,2026,6,8
성동구,금호동1가,이편한세상금호파크힐스,40.381,7,2019,17850,73,2026,6,11
성동구,금호동4가,힐스테이트서울숲리버(임대),38.2,6,2018,16367,61,2026,6,11
성동구,옥수동,옥수하이츠,84.86,4,1998,84000,0,2026,6,11
성동구,성수동1가,서울숲성수현대,84.73,6,1990,63000,0,2026,6,11
성동구,행당동,행당한진타운,84.71,8,2000,10000,310,2026,6,11
성동구,성수동2가,현대I-PARK,104.56,5,2003,30000,300,2026,6,11
성동구,마장동,라봄성동,18.7962,15,2025,1342,15,2026,6,10
성동구,옥수동,옥수파크힐스101동~116동,84.3,7,2016,105000,0,2026,6,11
성동구,하왕십리동,왕십리지음재,13.72,7,2020,2000,65,2026,6,3
성동구,옥수동,"옥수삼성(임대,111동)",32.76,10,1999,3244,16,2026,6,11
성동구,금호동2가,신금호파크자이,59.98,1,2016,73000,0,2026,6,11
성동구,금호동1가,이편한세상금호파크힐스,30.324,16,2019,12058,49,2026,6,10
성동구,금호동1가,이편한세상금호파크힐스,30.324,16,2019,12058,49,2026,6,10
성동구,금호동1가,이편한세상금호파크힐스,30.324,5,2019,12058,49,2026,6,11
성동구,금호동1가,이편한세상금호파크힐스,40.381,17,2019,17850,73,2026,6,10
성동구,옥수동,극동,148.23,10,1986,10000,317,2026,6,10
성동구,금호동3가,두산,84.99,4,1994,55000,0,2026,6,6
성동구,성수동2가,롯데캐슬파크,81.567,9,2003,70000,150,2026,6,4
성동구,마장동,라봄성동,18.7962,8,2025,2685,12,2026,6,10
성동구,마장동,라봄성동,18.7962,15,2025,2685,12,2026,6,10
성동구,마장동,라봄성동,18.7962,11,2025,1342,15,2026,6,8
성동구,금호동4가,힐스테이트서울숲리버,114.89,10,2018,10000,570,2026,6,10
성동구,금호동4가,대우,59.97,6,2001,20000,150,2026,6,10
성동구,마장동,라봄성동,18.1338,6,2025,2595,12,2026,6,10
성동구,성수동2가,현대I-PARK,104.56,15,2003,78000,0,2026,6,10
성동구,금호동1가,이편한세상금호파크힐스,40.381,2,2019,17850,73,2026,6,10
성동구,마장동,라봄성동,18.7962,8,2025,1960,13,2026,6,10
성동구,용답동,드래곤힐,20.37,6,2013,1000,74,2026,6,10
성동구,마장동,라봄성동,18.7962,5,2025,2685,12,2026,6,10
성동구,행당동,서울숲행당푸르지오,84.74,7,2011,10000,350,2026,6,9
성동구,마장동,라봄성동,18.7962,6,2025,2685,12,2026,6,10
성동구,마장동,라봄성동,18.7962,7,2025,2685,12,2026,6,10
성동구,금호동4가,서울숲푸르지오,59.39,3,2007,57700,0,2026,6,10
성동구,행당동,대림e-편한세상,114.94,7,2000,83950,0,2026,6,10
성동구,행당동,행당한진타운,59.96,12,2000,52000,10,2026,6,4
성동구,마장동,라봄성동,18.7962,9,2025,2685,12,2026,6,10
성동구,마장동,라봄성동,18.7962,4,2025,2685,12,2026,6,10
성동구,행당동,서울숲삼부아파트,84.93,5,1998,40000,180,2026,6,10
성동구,행당동,서울숲삼부아파트,84.93,11,1998,78750,0,2026,6,9
성동구,성수동1가,동아,53.14,6,1983,30000,50,2026,6,10
성동구,금호동4가,힐스테이트서울숲리버(임대),38.2,5,2018,16367,61,2026,6,10
성동구,마장동,라봄성동,18.7962,13,2025,2685,12,2026,6,10
성동구,하왕십리동,벽산,84.94,16,1996,66000,0,2026,6,3
성동구,행당동,서울숲 한신 더 휴,59.94,22,2003,20000,160,2026,6,9
성동구,금호동4가,힐스테이트서울숲리버,84.83,5,2018,102000,0,2026,6,1
성동구,마장동,라봄성동,18.7962,15,2025,2685,12,2026,6,10
성동구,하왕십리동,금호베스트빌,59.79,6,2001,45600,0,2026,6,9
성동구,하왕십리동,센트라스,84.77,16,2016,113000,0,2026,6,4
성동구,금호동1가,금호삼성래미안,59.95,3,2001,20000,160,2026,6,9
성동구,마장동,라봄성동,18.7962,15,2025,2685,12,2026,6,10
성동구,하왕십리동,왕십리지음재,13.72,10,2020,17500,10,2026,6,8
성동구,마장동,라봄성동,18.7962,8,2025,2685,12,2026,6,10
성동구,마장동,라봄성동,18.7962,16,2025,1342,15,2026,6,9
성동구,마장동,라봄성동,18.7962,4,2025,2685,12,2026,6,9
성동구,마장동,라봄성동,18.7962,8,2025,2685,12,2026,6,9
성동구,마장동,라봄성동,18.7962,9,2025,1342,15,2026,6,9
성동구,하왕십리동,벽산,84.94,3,1996,87000,0,2026,6,9
성동구,마장동,라봄성동,18.7962,9,2025,2685,12,2026,6,9
성동구,마장동,라봄성동,18.7962,15,2025,2685,12,2026,6,9
성동구,마장동,라봄성동,18.7962,7,2025,1342,15,2026,6,8
성동구,금호동1가,이편한세상금호파크힐스,59.983,6,2019,82900,0,2026,6,9
성동구,도선동,삼성쉐르빌,71.34,6,2006,60000,0,2026,6,9
성동구,금호동1가,벽산,84.82,14,2001,45000,0,2026,6,5
성동구,하왕십리동,센트라스,59.95,21,2016,5000,350,2026,6,3
성동구,사근동,중앙하이츠,71.85,15,1989,53000,0,2026,6,8
성동구,옥수동,옥수파크힐스101동~116동,84.51,2,2016,130000,0,2026,6,9
성동구,마장동,라봄성동,18.7962,16,2025,2685,12,2026,6,9
성동구,금호동4가,대우,59.97,17,2001,68000,0,2026,6,9
성동구,금호동1가,벽산,59.9,4,2001,52000,0,2026,6,9
성동구,마장동,라봄성동,18.7962,6,2025,2685,12,2026,6,9
성동구,응봉동,대림(2차),59.91,6,1989,15000,90,2026,6,4
성동구,응봉동,대림강변타운,59.76,22,2001,59000,0,2026,6,4
성동구,금호동2가,래미안하이리버,59.99,4,2012,74000,0,2026,6,8
성동구,금호동2가,신금호파크자이,59.98,9,2016,85000,0,2026,6,8
성동구,마장동,라봄성동,18.7962,12,2025,1342,15,2026,6,8
성동구,마장동,라봄성동,18.7962,6,2025,1342,15,2026,6,9
성동구,마장동,삼성홈타운,14.27,3,2015,2000,70,2026,6,8
성동구,마장동,라봄성동,18.7962,6,2025,2685,12,2026,6,9
성동구,마장동,라봄성동,18.7962,4,2025,2685,12,2026,6,9
성동구,마장동,라봄성동,18.7962,6,2025,2685,12,2026,6,9
성동구,금호동2가,신금호파크자이,59.98,12,2016,30000,210,2026,6,9
성동구,마장동,라봄성동,18.1338,7,2025,2595,12,2026,6,9
성동구,마장동,라봄성동,18.7962,7,2025,2685,12,2026,6,9
성동구,마장동,라봄성동,18.7962,10,2025,2685,12,2026,6,9
성동구,마장동,라봄성동,18.7962,16,2025,2685,12,2026,6,9
성동구,금호동4가,서울숲2차푸르지오,59.839,6,2012,84000,0,2026,6,6
성동구,마장동,라봄성동,18.7962,14,2025,2685,12,2026,6,9
성동구,하왕십리동,센트라스,115.99,18,2016,130000,0,2026,6,5
성동구,응봉동,대림강변타운,59.76,17,2001,10000,210,2026,6,8
성동구,마장동,라봄성동,18.7962,4,2025,2685,12,2026,6,9
성동구,마장동,라봄성동,18.7962,9,2025,1342,15,2026,6,8
성동구,옥수동,한남하이츠,149.39,4,1982,10000,217,2026,6,1
성동구,마장동,라봄성동,18.7962,4,2025,2685,12,2026,6,9
성동구,응봉동,대림(2차),84.53,11,1989,5000,250,2026,6,9
성동구,마장동,라봄성동,18.7962,15,2025,2685,12,2026,6,9
성동구,마장동,라봄성동,18.7962,9,2025,2685,12,2026,6,8
성동구,마장동,라봄성동,18.7962,11,2025,2685,12,2026,6,9
성동구,마장동,라봄성동,18.7962,12,2025,2685,12,2026,6,8
성동구,마장동,라봄성동,18.7962,8,2025,2685,12,2026,6,8
성동구,성수동1가,트리마제,152.1556,9,2017,30000,1700,2026,6,8
성동구,마장동,라봄성동,18.7962,6,2025,2685,12,2026,6,8
성동구,금호동2가,래미안하이리버,84.99,12,2012,30000,225,2026,6,6
성동구,행당동,신동아,59.97,15,1995,50000,0,2026,6,5
성동구,마장동,라봄성동,18.7962,12,2025,2685,12,2026,6,8
성동구,금호동1가,이편한세상금호파크힐스,84.932,18,2019,93450,0,2026,6,6
성동구,마장동,라봄성동,18.7962,16,2025,2685,12,2026,6,8
성동구,마장동,라봄성동,18.7962,7,2025,2685,12,2026,6,8
성동구,행당동,행당한진타운,59.96,18,2000,70000,0,2026,6,8
성동구,응봉동,대림(1차),113.71,9,1986,65000,0,2026,6,3
성동구,마장동,라봄성동,18.7962,5,2025,2685,12,2026,6,8
성동구,송정동,건영,59.83,2,2000,10000,180,2026,6,6
성동구,행당동,신동아,59.97,3,1995,44000,0,2026,6,8
성동구,마장동,라봄성동,18.7962,14,2025,2685,12,2026,6,8
성동구,마장동,라봄성동,18.7962,10,2025,1342,15,2026,6,8
성동구,행당동,행당한진타운,59.96,18,2000,70000,0,2026,6,8
성동구,마장동,라봄성동,18.7962,12,2025,2685,12,2026,6,8
성동구,마장동,라봄성동,18.7962,5,2025,2685,12,2026,6,8
성동구,마장동,라봄성동,18.7962,10,2025,2685,12,2026,6,8
성동구,행당동,행당한진타운,84.71,8,2000,74550,0,2026,6,8
성동구,마장동,현대,59.91,19,1998,35000,45,2026,6,2
성동구,마장동,라봄성동,18.7962,15,2025,2685,12,2026,6,8
성동구,마장동,라봄성동,18.7962,14,2025,2685,12,2026,6,8
성동구,하왕십리동,왕십리KCC스위첸,84.897,10,2016,76000,0,2026,6,6
성동구,마장동,라봄성동,18.7962,13,2025,2685,12,2026,6,8
성동구,마장동,라봄성동,18.7962,11,2025,2685,12,2026,6,8
성동구,마장동,라봄성동,18.7962,14,2025,2685,12,2026,6,8
성동구,옥수동,현대,58.72,6,1990,62000,0,2026,6,6
성동구,마장동,라봄성동,18.7962,9,2025,2685,12,2026,6,8
성동구,금호동4가,서울숲푸르지오,59.9,4,2007,60000,0,2026,6,6
성동구,성수동2가,서울숲힐스테이트,57.03,21,2009,49000,53,2026,6,6
성동구,옥수동,옥수파크힐스117동~125동,59.78,11,2016,40000,210,2026,6,6
성동구,마장동,라봄성동,18.7962,7,2025,2685,12,2026,6,8
성동구,하왕십리동,센트라스,59.93,11,2016,20000,266,2026,6,1
성동구,금호동1가,이편한세상금호파크힐스,59.949,1,2019,75600,0,2026,6,6
성동구,마장동,라봄성동,18.7962,10,2025,2685,12,2026,6,8
성동구,금호동4가,서울숲2차푸르지오,59.839,6,2012,84000,0,2026,6,6
성동구,마장동,라봄성동,18.7962,9,2025,1342,15,2026,6,8
성동구,마장동,라봄성동,18.7962,14,2025,2685,12,2026,6,8
성동구,마장동,라봄성동,18.7962,9,2025,2685,12,2026,6,8
성동구,옥수동,래미안 옥수 리버젠,59.25,8,2012,86000,0,2026,6,7
성동구,옥수동,옥수파크힐스117동~125동,59.77,11,2016,88200,0,2026,6,6
성동구,행당동,서울숲리버뷰자이,84.9,38,2018,30000,320,2026,6,7
성동구,금호동2가,래미안하이리버,59.99,4,2012,74000,0,2026,6,1
성동구,마장동,라봄성동,18.7962,4,2025,2685,12,2026,6,8
성동구,마장동,라봄성동,18.7962,10,2025,2685,12,2026,6,8
성동구,마장동,라봄성동,18.7962,11,2025,2685,12,2026,6,8
성동구,마장동,라봄성동,18.7962,10,2025,2685,12,2026,6,8
성동구,금호동1가,벽산,84.82,14,2001,45000,0,2026,6,5
성동구,마장동,라봄성동,18.7962,9,2025,2685,12,2026,6,8
성동구,옥수동,옥수파크힐스117동~125동,59.78,13,2016,40000,177,2026,6,1
성동구,성수동1가,트리마제,84.5402,30,2017,230000,0,2026,6,4
성동구,행당동,서울숲행당푸르지오,84.74,6,2011,20000,240,2026,6,6
성동구,마장동,라봄성동,18.7962,13,2025,2685,12,2026,6,8
성동구,응봉동,대림강변타운,84.42,14,2001,75000,40,2026,6,5
성동구,금호동1가,벽산,114.57,9,2001,59000,0,2026,6,2
성동구,행당동,라체르보푸르지오써밋,84.7769,9,2025,5000,600,2026,6,5
성동구,성수동1가,쌍용,59.76,22,1997,67000,0,2026,6,4
성동구,상왕십리동,텐즈힐(2단지),84.9,6,2014,90000,0,2026,6,4
성동구,옥수동,옥수파크힐스101동~116동,59.88,3,2016,10000,350,2026,6,5
성동구,응봉동,대림(1차),63.18,14,1986,45000,0,2026,6,3
성동구,옥수동,옥수파크힐스101동~116동,84.64,11,2016,113000,0,2026,6,5
성동구,성수동1가,대우2,84.97,15,1999,84500,0,2026,6,2
성동구,옥수동,옥수파크힐스101동~116동,59.78,8,2016,90000,0,2026,6,5
성동구,옥수동,옥수어울림,84.699,1,2011,84840,0,2026,6,5
성동구,행당동,행당한진타운,114.62,16,2000,55000,160,2026,6,5
성동구,옥수동,옥수파크힐스101동~116동,84.92,4,2016,110000,40,2026,6,5
성동구,옥수동,극동,84.74,1,1986,38000,70,2026,6,3
성동구,하왕십리동,텐즈힐(1단지),59.88,5,2015,5000,280,2026,6,3
성동구,성수동2가,한신한강,59.95,4,2000,46500,0,2026,6,5
성동구,성수동2가,서울숲힐스테이트,57.46,15,2009,45000,220,2026,6,4
성동구,하왕십리동,극동미라주,84.33,1,2001,60000,0,2026,6,2
성동구,금호동4가,서울숲2차푸르지오,59.839,10,2012,85000,0,2026,6,4
성동구,응봉동,신동아,59.97,13,1996,5000,180,2026,6,3
성동구,금호동4가,서울숲르씨엘,84.0492,3,2023,10000,430,2026,6,4
성동구,금호동3가,금호자이2차,84.9796,20,2012,85000,0,2026,6,3
성동구,행당동,대림e-편한세상,59.96,2,2000,60000,0,2026,6,4
성동구,마장동,왕십리삼성아파트,84.93,9,1996,56500,0,2026,6,3
성동구,마장동,삼성홈타운,18.06,3,2015,14000,0,2026,6,3
성동구,성수동1가,트리마제,84.5402,39,2017,70000,800,2026,6,4
성동구,하왕십리동,벽산,114.46,5,1996,67000,0,2026,6,3
성동구,금호동1가,벽산,59.9,17,2001,58000,0,2026,6,4
성동구,성수동2가,성수우방2차아파트,84.75,9,1999,67500,0,2026,6,3
성동구,응봉동,대림(1차),126.66,14,1986,5000,280,2026,6,2
성동구,금호동1가,금호삼성래미안,59.95,10,2001,20000,170,2026,6,4
성동구,금호동4가,롯데,84.99,17,2003,30000,220,2026,6,3
성동구,마장동,현대,59.91,19,1998,35000,45,2026,6,2
성동구,성수동1가,서울숲대림,84.015,4,2000,45500,158,2026,6,2
성동구,응봉동,금호현대,79.8,11,1990,64000,0,2026,6,2
성동구,성수동1가,서울숲성수현대,80.8,4,1990,71000,0,2026,6,2
성동구,옥수동,옥수어울림,84.699,14,2011,92000,0,2026,6,2
성동구,성수동1가,우방,60,6,1997,60000,0,2026,6,3
성동구,성수동1가,서울숲아이파크리버포레2차,59.9913,13,2025,30000,350,2026,6,1
성동구,성수동2가,청구강변1,84.87,5,1994,72000,0,2026,6,2
성동구,금호동3가,금호자이2차,59.9912,14,2012,50000,90,2026,6,1
성동구,금호동4가,힐스테이트서울숲리버,84.92,3,2018,50000,160,2026,6,2
성동구,성수동2가,금호타운2차아파트,59.94,2,1997,50000,41,2026,6,1
성동구,금호동1가,이편한세상금호파크힐스,84.932,9,2019,110000,0,2026,6,2
성동구,금호동2가,신금호파크자이,59.98,16,2016,75000,14,2026,6,2
성동구,응봉동,대림(1차),75.51,5,1986,20000,87,2026,6,2
성동구,행당동,행당한진타운,59.96,17,2000,62000,0,2026,6,1
성동구,성수동1가,서울숲아이파크리버포레1차,59.949,19,2024,115000,0,2026,6,1
성동구,하왕십리동,벽산,71.33,7,1996,56700,0,2026,6,1
성동구,행당동,서울숲 한신 더 휴,59.91,23,2003,5000,260,2026,6,1
성동구,행당동,서울숲 한신 더 휴,59.94,8,2003,5000,280,2026,6,1
성동구,행당동,행당한진타운,59.96,9,2000,16000,180,2026,6,1
성동구,금호동1가,이편한세상금호파크힐스,84.932,8,2019,110000,0,2026,6,1
성동구,성수동2가,현대I-PARK,104.56,13,2003,10000,380,2026,6,1
성동구,마장동,세림,40.86,5,1986,2000,80,2026,6,1
성동구,응봉동,대림강변타운,114.88,23,2001,10000,369,2026,6,1
광진구,구의동,구의현대7단지현대홈타운,84.99,20,1997,79000,0,2026,6,12
광진구,광장동,극동2,84.55,8,1989,30000,142,2026,6,11
광진구,자양동,자양7차현대홈타운,84.7,9,2001,33000,160,2026,6,12
광진구,자양동,더포디엄830,42.167,19,2025,17300,116,2026,6,12
광진구,자양동,한강극동,84.41,1,1991,30000,130,2026,6,12
광진구,자양동,래미안프리미어팰리스,84.92,7,2017,60000,70,2026,6,12
광진구,자양동,우성5,84.72,9,1990,69300,0,2026,6,11
광진구,자양동,한강성원,59.46,4,1997,55000,0,2026,6,12
광진구,자양동,우성2,51.57,4,1989,40000,0,2026,6,12
광진구,자양동,어울채,39.02,27,2024,13840,54,2026,6,11
광진구,구의동,구의현대7단지현대홈타운,59.97,1,1997,60000,60,2026,6,12
광진구,자양동,현대3,59.97,4,1996,38500,7,2026,6,8
광진구,구의동,구의강변우성아파트,84.76,17,1992,30000,200,2026,6,11
광진구,광장동,워커힐,196,1,1978,89000,0,2026,6,11
광진구,광장동,광나루현대,84.92,13,1996,30000,110,2026,6,6
광진구,광장동,현대3,84.97,6,1990,62000,0,2026,6,3
광진구,광장동,현대8(803동),59.94,13,1996,62000,65,2026,6,4
광진구,자양동,우성2,64.79,6,1989,44910,0,2026,6,10
광진구,군자동,현대(힐탑),132.22,5,1993,20000,0,2026,6,9
광진구,중곡동,에스케이,84.6,12,1999,35000,100,2026,6,7
광진구,군자동,일성파크,84.96,3,1996,10000,210,2026,6,8
광진구,자양동,우성5,84.72,15,1990,61530,0,2026,6,6
광진구,중곡동,호동,82.62,5,2002,45000,0,2026,6,8
광진구,구의동,구의현대2단지,84.91,8,1996,103000,0,2026,6,6
광진구,광장동,극동1,84.55,5,1985,60900,0,2026,6,6
광진구,광장동,현대3,59.67,15,1990,10000,180,2026,6,6
광진구,자양동,자양7차현대홈타운,84.7,15,2001,90000,0,2026,6,6
광진구,자양동,한강우성,84.72,2,1993,54400,0,2026,6,3
광진구,구의동,구의현대2단지,84.91,12,1996,60000,140,2026,6,6
광진구,구의동,현대프라임,59.82,18,1997,68000,0,2026,6,6
광진구,광장동,현대3,59.67,18,1990,58000,0,2026,6,3
광진구,자양동,어울채,23.09,23,2024,6060,22,2026,6,5
광진구,자양동,우성1,79.75,3,1988,60000,0,2026,6,7
광진구,화양동,씨즈건대힐스,14.23,8,2017,5000,54,2026,6,4
광진구,자양동,한강우성,84.72,15,1993,75000,0,2026,6,3
광진구,자양동,경남아너스빌,59.79,19,1997,47250,0,2026,6,6
광진구,광장동,극동2,126.94,13,1989,115000,0,2026,6,1
광진구,자양동,로얄동아,84.83,3,1999,65000,0,2026,6,5
광진구,광장동,현대파크빌,84.81,12,2000,35000,280,2026,6,6
광진구,광장동,현대5,84.53,13,1989,75600,0,2026,6,6
광진구,자양동,자양우성7,59.94,1,1998,67000,0,2026,6,5
광진구,자양동,한강현대,83.45,15,1993,25000,194,2026,6,5
광진구,구의동,래미안파크스위트,59.98,4,2018,40000,190,2026,6,5
광진구,자양동,우성3,84.91,9,1989,74000,0,2026,6,5
광진구,자양동,한강우성,84.72,18,1993,80000,0,2026,6,2
광진구,자양동,우성2,64.79,5,1989,40000,40,2026,6,4
광진구,광장동,극동1,126.94,4,1985,78000,0,2026,6,4
광진구,군자동,일성파크,59.96,2,1996,50000,0,2026,6,3
광진구,광장동,광장현대9단지,59.97,23,1999,60000,0,2026,6,3
광진구,광장동,광장자이,125.89,15,2008,70000,320,2026,6,2
광진구,광장동,광장현대9단지,84.96,7,1999,45000,200,2026,6,3
광진구,자양동,더샵스타시티,139.54,17,2007,155000,0,2026,6,1
광진구,광장동,현대3,59.67,2,1990,63000,0,2026,6,4
광진구,자양동,자양7차현대홈타운,84.7,1,2001,80000,0,2026,6,3
광진구,광장동,워커힐푸르지오,69,3,1987,49000,0,2026,6,3
광진구,구의동,래미안파크스위트,59.98,1,2018,83000,0,2026,6,2
광진구,광장동,청구,59.95,7,1996,75000,0,2026,6,2
광진구,자양동,자양호반써밋,40.183,17,2021,66000,0,2026,6,2
광진구,구의동,래미안파크스위트,102.88,17,2018,108000,0,2026,6,2
광진구,구의동,구의현대6단지,84.84,19,1994,69450,0,2026,6,1
광진구,자양동,우방리버파크,59.87,12,2003,63000,0,2026,6,1
동대문구,휘경동,휘경해모로프레스티지,59.82,12,2021,60000,0,2026,6,6
동대문구,용두동,청량리역한양수자인그라시엘,84.97,36,2023,18000,350,2026,6,5
동대문구,답십리동,힐스테이트청계,40.6,4,2018,10240,40,2026,6,12
동대문구,답십리동,힐스테이트청계,40.6,19,2018,10240,40,2026,6,12
동대문구,장안동,장안현대홈타운(336),58.42,16,2003,42400,0,2026,6,12
동대문구,이문동,이문아이파크자이,33.54,22,2025,1934,15,2026,6,12
동대문구,답십리동,힐스테이트청계,40.6,22,2018,5120,51,2026,6,10
동대문구,답십리동,힐스테이트청계,40.6,20,2018,10240,40,2026,6,12
동대문구,이문동,래미안라그란데,34.33,9,2025,1196,23,2026,6,12
동대문구,용두동,이편한세상청계센트럴포레,46.92,5,2021,14253,51,2026,6,12
동대문구,회기동,민족통일MJ캠퍼스경희대,23.16,13,2017,20500,0,2026,6,11
동대문구,답십리동,힐스테이트청계,40.6,5,2018,10240,40,2026,6,12
동대문구,장안동,프라하임장안1,17.84,4,2020,21000,9,2026,6,11
동대문구,답십리동,힐스테이트청계,40.6,19,2018,10240,40,2026,6,12
동대문구,전농동,전농SK,114.3,13,2000,10000,270,2026,6,11
동대문구,답십리동,힐스테이트청계,40.6,14,2018,10240,40,2026,6,12
동대문구,이문동,래미안라그란데,34.33,8,2025,1196,23,2026,6,10
동대문구,이문동,래미안이문2차,59.79,18,2004,52500,0,2026,6,3
동대문구,전농동,래미안크레시티,59.99,10,2014,70000,0,2026,6,12
동대문구,이문동,래미안라그란데,34.33,5,2025,2990,20,2026,6,12
동대문구,답십리동,힐스테이트청계,40.6,4,2018,10240,40,2026,6,12
동대문구,답십리동,래미안위브,140.62,22,2014,115000,0,2026,6,12
동대문구,이문동,래미안라그란데,34.33,9,2025,2990,20,2026,6,12
동대문구,답십리동,힐스테이트청계,40.6,10,2018,10240,40,2026,6,11
동대문구,답십리동,힐스테이트청계,40.6,22,2018,10240,40,2026,6,11
동대문구,이문동,래미안라그란데,44.03,2,2025,3809,25,2026,6,12
동대문구,이문동,이문아이파크자이,20.8,19,2025,1216,9,2026,6,11
동대문구,이문동,이문아이파크자이,84.95,24,2025,10000,260,2026,6,3
동대문구,이문동,이문아이파크자이,20.8,17,2025,1216,9,2026,6,11
동대문구,전농동,청량리역롯데캐슬 SKY-L65,84.975,56,2023,97000,0,2026,6,11
동대문구,이문동,래미안라그란데,44.03,11,2025,3809,25,2026,6,11
동대문구,용두동,이편한세상청계센트럴포레,46.92,2,2021,14253,51,2026,6,11
동대문구,이문동,래미안라그란데,34.33,6,2025,1196,23,2026,6,10
동대문구,답십리동,힐스테이트청계,40.6,6,2018,10240,40,2026,6,11
동대문구,답십리동,힐스테이트청계,40.6,18,2018,10240,40,2026,6,11
동대문구,휘경동,휘경SK뷰,84.62,11,2019,60000,0,2026,6,11
동대문구,이문동,이문아이파크자이,33.54,18,2025,1934,15,2026,6,11
동대문구,답십리동,동답한신,44.35,3,1992,35000,0,2026,6,11
동대문구,용두동,청량리역한양수자인그라시엘,84.97,20,2023,80000,70,2026,6,10
동대문구,이문동,래미안라그란데,34.33,18,2025,2990,20,2026,6,11
동대문구,답십리동,현대썬앤빌청계,14.82,8,2016,10000,0,2026,6,9
동대문구,답십리동,래미안위브,84.99,7,2014,83000,0,2026,6,10
동대문구,이문동,래미안라그란데,59.95,6,2025,75000,0,2026,6,7
동대문구,이문동,래미안라그란데,34.37,3,2025,1201,24,2026,6,9
동대문구,청량리동,홍릉동부,59.7,10,2001,5000,115,2026,6,11
동대문구,답십리동,힐스테이트청계,40.6,21,2018,10240,40,2026,6,10
동대문구,답십리동,힐스테이트청계,40.6,16,2018,10240,40,2026,6,10
동대문구,답십리동,힐스테이트청계,40.6,9,2018,10240,40,2026,6,10
동대문구,이문동,래미안라그란데,34.33,6,2025,2990,20,2026,6,10
동대문구,이문동,이문아이파크자이,33.54,18,2025,773,17,2026,6,9
동대문구,답십리동,힐스테이트청계,40.6,13,2018,10240,40,2026,6,10
동대문구,이문동,이문아이파크자이,33.54,16,2025,1934,15,2026,6,10
동대문구,전농동,전농우성,126.63,12,1992,70000,0,2026,6,3
동대문구,이문동,래미안라그란데,44.03,3,2025,3809,25,2026,6,10
동대문구,이문동,이문아이파크자이,20.8,21,2025,486,11,2026,6,9
동대문구,이문동,이문아이파크자이,33.54,26,2025,1934,15,2026,6,10
동대문구,이문동,래미안라그란데,34.33,17,2025,2990,20,2026,6,10
동대문구,휘경동,주공2,39.98,14,2001,28350,0,2026,6,10
동대문구,답십리동,힐스테이트청계,40.6,9,2018,10240,40,2026,6,10
동대문구,답십리동,힐스테이트청계,40.6,22,2018,10240,40,2026,6,10
동대문구,답십리동,답십리파크자이,33.05,11,2019,10908,43,2026,6,10
동대문구,답십리동,힐스테이트청계,40.6,14,2018,10240,40,2026,6,10
동대문구,답십리동,힐스테이트청계,40.6,16,2018,10240,40,2026,6,10
동대문구,답십리동,힐스테이트청계,40.6,3,2018,10240,40,2026,6,10
동대문구,이문동,래미안라그란데,34.33,8,2025,2990,20,2026,6,10
동대문구,전농동,래미안크레시티,84.96,3,2014,30000,170,2026,6,9
동대문구,답십리동,힐스테이트청계,40.6,22,2018,10240,40,2026,6,10
동대문구,장안동,장안힐스테이트,59.885,16,2007,30000,120,2026,6,10
동대문구,답십리동,힐스테이트청계,40.6,12,2018,10240,40,2026,6,10
동대문구,이문동,이문아이파크자이,33.54,17,2025,1934,15,2026,6,10
동대문구,이문동,이문아이파크자이,33.54,17,2025,1934,15,2026,6,10
동대문구,이문동,래미안라그란데,34.05,7,2025,2972,20,2026,6,9
동대문구,이문동,래미안라그란데,34.05,16,2025,2972,20,2026,6,9
동대문구,이문동,래미안라그란데,34.33,15,2025,2990,20,2026,6,9
동대문구,이문동,래미안라그란데,34.05,14,2025,2972,20,2026,6,9
동대문구,이문동,이문아이파크자이,20.8,21,2025,1216,9,2026,6,9
동대문구,답십리동,래미안위브,84.98,14,2014,33700,170,2026,6,3
동대문구,이문동,래미안라그란데,34.33,7,2025,2990,20,2026,6,9
동대문구,이문동,래미안라그란데,34.05,17,2025,2972,20,2026,6,9
동대문구,이문동,이문아이파크자이,20.8,11,2025,1216,9,2026,6,9
동대문구,휘경동,주공1,84.84,6,2001,5000,180,2026,6,3
동대문구,이문동,이문아이파크자이,20.8,10,2025,486,11,2026,6,9
동대문구,신설동,포레스트힐시티,14.75,18,2018,15000,15,2026,6,5
동대문구,이문동,래미안라그란데,34.05,10,2025,2972,20,2026,6,9
동대문구,이문동,이문아이파크자이,33.54,28,2025,1934,15,2026,6,9
동대문구,이문동,래미안라그란데,44.03,16,2025,3809,25,2026,6,9
동대문구,이문동,이문아이파크자이,33.54,23,2025,1934,15,2026,6,9
동대문구,이문동,이문아이파크자이,33.54,18,2025,1934,15,2026,6,9
동대문구,이문동,이문아이파크자이,20.8,24,2025,1216,9,2026,6,9
동대문구,용두동,청량리역한양수자인그라시엘,84.97,36,2023,18000,350,2026,6,5
동대문구,이문동,래미안라그란데,34.05,18,2025,2972,20,2026,6,9
동대문구,이문동,이문아이파크자이,20.8,21,2025,1216,9,2026,6,9
동대문구,이문동,래미안라그란데,34.33,9,2025,2990,20,2026,6,9
동대문구,이문동,래미안라그란데,34.33,8,2025,2990,20,2026,6,9
동대문구,이문동,래미안라그란데,34.33,6,2025,2990,20,2026,6,9
동대문구,휘경동,회기역하트리움역세권청년주택,33.7442,7,2023,6237,28,2026,6,9
동대문구,답십리동,답십리청솔우성,114.76,16,2000,40000,86,2026,6,8
동대문구,이문동,이문아이파크자이,20.8,13,2025,1216,9,2026,6,9
동대문구,이문동,이문아이파크자이,33.54,13,2025,1934,15,2026,6,9
동대문구,이문동,래미안라그란데,34.33,7,2025,2990,20,2026,6,9
동대문구,전농동,래미안크레시티,84.96,3,2014,30000,170,2026,6,9
동대문구,이문동,이문아이파크자이,20.8,9,2025,1216,9,2026,6,9
동대문구,이문동,이문아이파크자이,33.54,15,2025,1934,15,2026,6,9
동대문구,답십리동,답십리파크자이,59.91,7,2019,11000,233,2026,6,9
동대문구,이문동,이문아이파크자이,33.54,18,2025,1934,15,2026,6,9
동대문구,이문동,래미안라그란데,34.33,15,2025,2990,20,2026,6,9
동대문구,이문동,이문아이파크자이,33.54,5,2025,1934,15,2026,6,9
동대문구,이문동,이문아이파크자이,33.54,5,2025,773,17,2026,6,9
동대문구,이문동,래미안라그란데,34.33,1,2025,2990,20,2026,6,9
동대문구,이문동,래미안라그란데,34.33,6,2025,2990,20,2026,6,9
동대문구,휘경동,휘경SK뷰,84.31,14,2019,35000,120,2026,6,8
동대문구,청량리동,한신,84.92,4,1997,36934,0,2026,6,9
동대문구,답십리동,한일노벨리아,29.786,15,2016,11000,55,2026,6,8
동대문구,전농동,래미안크레시티,59.99,3,2014,68000,0,2026,6,6
동대문구,이문동,래미안라그란데,34.33,16,2025,2990,20,2026,6,9
동대문구,이문동,이문아이파크자이,20.8,10,2025,1216,9,2026,6,9
동대문구,이문동,이문아이파크자이,20.8,25,2025,1216,9,2026,6,9
동대문구,이문동,래미안라그란데,44.03,7,2025,3809,25,2026,6,9
동대문구,이문동,래미안라그란데,34.37,3,2025,3003,20,2026,6,9
동대문구,이문동,이문아이파크자이,20.8,6,2025,1216,9,2026,6,9
동대문구,장안동,래미안장안2차,81.05,24,2007,65000,0,2026,6,3
동대문구,이문동,이문아이파크자이,20.8,2,2025,1216,9,2026,6,9
동대문구,답십리동,힐스테이트청계,48.98,14,2018,50900,0,2026,6,6
동대문구,답십리동,현대썬앤빌청계,14.82,13,2016,3400,44,2026,6,3
동대문구,이문동,이문아이파크자이,20.8,8,2025,1216,9,2026,6,9
동대문구,이문동,래미안라그란데,44.03,14,2025,3809,25,2026,6,9
동대문구,이문동,래미안라그란데,44.03,16,2025,3809,25,2026,6,8
동대문구,용두동,청량리역한양수자인그라시엘,84.97,22,2023,10000,390,2026,6,8
동대문구,전농동,청량리역롯데캐슬 SKY-L65,84.993,55,2023,20000,370,2026,6,5
동대문구,휘경동,주공1,114.96,6,2001,55000,40,2026,6,6
동대문구,장안동,래미안장안2차,81.05,22,2007,73000,0,2026,6,2
동대문구,휘경동,휘경동일하이빌,84.997,8,2005,20000,30,2026,6,6
동대문구,답십리동,힐스테이트청계,84.85,23,2018,69300,0,2026,6,8
동대문구,전농동,래미안아름숲,59.9,1,2012,57000,0,2026,6,8
동대문구,답십리동,답십리청솔우성,59.74,19,2000,48000,0,2026,6,6
동대문구,답십리동,답십리파크자이,59.91,20,2019,50000,90,2026,6,6
동대문구,이문동,쌍용,114.35,17,2000,50000,0,2026,6,7
동대문구,답십리동,래미안엘파인아파트,59.95,11,2011,50000,0,2026,6,6
동대문구,답십리동,답십리파크자이,59.85,12,2019,68000,0,2026,6,8
동대문구,용두동,힐스테이트청량리메트로블,48.7235,11,2025,58000,0,2026,6,7
동대문구,휘경동,휘경자이디센시아,49.99,5,2025,2927,19,2026,6,8
동대문구,용두동,동대문베네스트,18.36,16,2020,2000,76,2026,6,3
동대문구,답십리동,래미안위브,59.99,11,2014,55800,0,2026,6,6
동대문구,답십리동,동아,84.72,19,2001,47250,0,2026,6,6
동대문구,청량리동,한신,114.95,19,1997,40000,100,2026,6,4
동대문구,용두동,청량리역한양수자인그라시엘,84.97,36,2023,18000,350,2026,6,5
동대문구,전농동,래미안크레시티,59.99,6,2014,64000,0,2026,6,6
동대문구,답십리동,래미안위브,59.97,10,2014,65000,0,2026,6,5
동대문구,답십리동,청계한신휴플러스,84.73,16,2010,65000,0,2026,6,6
동대문구,답십리동,힐스테이트청계,48.98,14,2018,50900,0,2026,6,5
동대문구,이문동,대우,84.891,2,2001,40000,0,2026,6,6
동대문구,전농동,래미안크레시티,59.99,12,2014,60000,0,2026,6,6
동대문구,전농동,전농우성,59.78,3,1992,40000,0,2026,6,6
동대문구,회기동,신현대,60.48,2,1989,5000,150,2026,6,3
동대문구,휘경동,동일스위트리버,84.973,19,2007,60000,0,2026,6,4
동대문구,장안동,코지언레지던스,13.08,3,2013,7300,11,2026,6,4
동대문구,이문동,이문아이파크자이,59.91,37,2025,30000,165,2026,6,5
동대문구,답십리동,동답한신,35.45,8,1992,23000,5,2026,6,5
동대문구,전농동,전농동신성미소지움,55.371,11,2005,40000,11,2026,6,5
동대문구,이문동,래미안이문2차,84.61,18,2004,70000,0,2026,6,3
동대문구,답십리동,센시티16,14.244,2,2013,8600,0,2026,6,5
동대문구,답십리동,센시티16,14.244,5,2013,8900,0,2026,6,1
동대문구,답십리동,래미안미드카운티,59.98,6,2019,3150,250,2026,6,2
동대문구,장안동,한신아파트,84.9,2,1996,45000,0,2026,6,2
동대문구,답십리동,동답한신,44.35,4,1992,3000,130,2026,6,1
동대문구,휘경동,주공2,59.13,10,2001,40000,8,2026,6,3
동대문구,답십리동,답십리대우,59.76,22,2002,55000,0,2026,6,4
동대문구,용두동,청량리역한양수자인그라시엘,84.95,16,2023,89000,0,2026,6,4
동대문구,장안동,장안평월드메르디앙2차,84.85,4,2007,45400,0,2026,6,4
동대문구,용두동,동대문베네스트,18.81,16,2020,21300,10,2026,6,4
동대문구,제기동,제기한신113동(임대),32.76,11,2004,4403,5,2026,6,5
동대문구,용두동,동대문푸르지오시티(도시형생활주택),30.11,4,2016,30000,30,2026,6,3
동대문구,장안동,유니트125,18.03,8,2026,11030,47,2026,6,4
동대문구,휘경동,롯데낙천대,82.82,11,2003,40000,70,2026,6,4
동대문구,전농동,청량리역롯데캐슬 SKY-L65,84.981,37,2023,10000,400,2026,6,3
동대문구,답십리동,답십리파크자이,49.27,16,2019,65000,0,2026,6,3
동대문구,답십리동,래미안미드카운티,59.98,5,2019,75000,0,2026,6,3
동대문구,이문동,래미안라그란데,55.99,11,2025,65000,0,2026,6,3
동대문구,제기동,현대,59.92,13,1999,54000,0,2026,6,2
동대문구,장안동,장안현대홈타운(336),59.61,7,2003,62000,0,2026,6,3
동대문구,답십리동,래미안미드카운티,84.99,2,2019,86000,0,2026,6,3
동대문구,제기동,한신아파트,84.76,19,2004,61000,0,2026,6,2
동대문구,휘경동,휘경자이디센시아,59.96,11,2025,75000,0,2026,6,3
동대문구,장안동,장안동하트리움,18.6988,20,2025,11400,34,2026,6,3
동대문구,신설동,청계천대성스카이렉스1,84.78,18,2007,55650,0,2026,6,2
동대문구,휘경동,이문휘경지웰에스테이트,14.1448,10,2021,12500,13,2026,6,2
동대문구,답십리동,래미안미드카운티,84.97,13,2019,85000,0,2026,6,2
동대문구,제기동,안암골벽산,84.98,21,2003,60000,0,2026,6,1
동대문구,청량리동,한신,59.97,12,1997,36750,0,2026,6,1
동대문구,답십리동,답십리청솔우성,114.76,1,2000,65000,0,2026,6,1
동대문구,청량리동,미주,88.2,1,1978,43000,0,2026,6,2
동대문구,답십리동,래미안미드카운티,84.99,14,2019,76000,0,2026,6,1
동대문구,전농동,래미안크레시티,35.77,13,2014,2926,21,2026,6,1
동대문구,답십리동,답십리파크자이,59.91,17,2019,63000,0,2026,6,1
동대문구,전농동,래미안크레시티,48.97,5,2014,3982,28,2026,6,1
동대문구,전농동,래미안크레시티,84.97,11,2014,50000,100,2026,6,1
중랑구,상봉동,프레미어스엠코,76.66,25,2013,70000,0,2026,6,11
중랑구,면목동,면목한신,35.3,7,1987,2500,80,2026,6,10
중랑구,상봉동,상봉동양엔파트,18.0282,13,2024,14400,18,2026,6,12
중랑구,상봉동,상봉동양엔파트,18.2202,4,2024,8580,24,2026,6,12
중랑구,상봉동,상봉동양엔파트,38.5912,9,2024,15700,56,2026,6,12
중랑구,망우동,신내역금강펜테리움센트럴파크,84.9871,21,2021,52500,0,2026,6,12
중랑구,묵동,칼튼테라스,33.7437,4,2021,13363,26,2026,6,12
중랑구,신내동,신내6대주,39.84,3,1996,27000,0,2026,6,4
중랑구,신내동,신내11대명,59.76,6,1996,25000,50,2026,6,12
중랑구,상봉동,세이지움상봉,23.9838,21,2025,9500,55,2026,6,11
중랑구,신내동,성원,84.32,5,1994,52000,0,2026,6,11
중랑구,묵동,칼튼테라스,33.7437,4,2021,13363,26,2026,6,12
중랑구,상봉동,풍산쉐르빌101동,67.5,1,2002,23100,0,2026,6,6
중랑구,신내동,우디안4단지,21.96,7,2018,3672,15,2026,6,11
중랑구,신내동,우디안4단지,21.96,3,2018,3672,15,2026,6,11
중랑구,면목동,사가정센트럴아이파크,59.78,12,2020,14240,55,2026,6,11
중랑구,묵동,삼성,58.56,5,1991,19500,0,2026,6,10
중랑구,상봉동,상봉동양엔파트,18.0282,19,2024,14400,18,2026,6,11
중랑구,망우동,중랑숲리가,84.918,7,2012,55000,0,2026,6,11
중랑구,상봉동,주함해븐타워,15.17,17,2015,1000,63,2026,6,11
중랑구,면목동,라온프라이빗,84.9672,17,2020,67000,0,2026,6,6
중랑구,묵동,월등스카이뷰,64.693,7,2004,28000,20,2026,6,11
중랑구,면목동,사가정센트럴아이파크,59.78,2,2020,14240,55,2026,6,11
중랑구,상봉동,세이지움상봉,23.9838,25,2025,4700,74,2026,6,11
중랑구,면목동,라온프라이빗,59.9855,28,2020,13360,51,2026,6,11
중랑구,묵동,월드메르디앙,83.51,3,2009,26433,0,2026,6,11
중랑구,신내동,신내 데시앙포레,39.93,8,2013,5263,15,2026,6,11
중랑구,상봉동,봄작시티24,19.64,17,2023,20000,17,2026,6,11
중랑구,망우동,해븐타워,30.52,14,2020,24000,6,2026,6,11
중랑구,묵동,신안3,84.99,5,2000,50000,0,2026,6,6
중랑구,면목동,사가정센트럴아이파크,114.853,14,2020,104000,0,2026,6,8
중랑구,상봉동,세이지움상봉,23.9838,24,2025,9500,55,2026,6,1
중랑구,망우동,LH서울양원1단지,26.75,4,2022,7145,8,2026,6,11
중랑구,중화동,한신아파트상가동유치원동(103~109),50.37,13,1997,7350,68,2026,6,10
중랑구,신내동,우디안4단지,21.96,7,2018,3672,15,2026,6,10
중랑구,면목동,한양수자인사가정파크,59.9816,7,2019,13600,52,2026,6,10
중랑구,면목동,한양수자인사가정파크,59.9816,3,2019,13600,52,2026,6,10
중랑구,상봉동,상봉동양엔파트,18.2202,11,2024,14400,19,2026,6,10
중랑구,면목동,사가정센트럴아이파크,59.78,6,2020,7120,69,2026,6,10
중랑구,신내동,진로아파트,134.37,2,1995,63000,0,2026,6,10
중랑구,상봉동,상봉동양엔파트,18.2202,17,2024,14400,16,2026,6,10
중랑구,면목동,라온프라이빗,59.9855,12,2020,13360,51,2026,6,10
중랑구,신내동,동성7,59.34,4,1999,40000,0,2026,6,10
중랑구,신내동,우디안4단지,21.96,6,2018,3672,15,2026,6,10
중랑구,면목동,사가정센트럴아이파크,59.78,13,2020,14240,55,2026,6,10
중랑구,신내동,우디안4단지,21.96,7,2018,3672,15,2026,6,10
중랑구,면목동,사가정센트럴아이파크,59.78,4,2020,14240,55,2026,6,10
중랑구,신내동,신내 데시앙포레,49.77,7,2013,8172,15,2026,6,10
중랑구,신내동,우디안4단지,21.96,5,2018,3672,15,2026,6,10
중랑구,묵동,묵동포레시타,18.59,4,2013,1000,60,2026,6,9
중랑구,상봉동,상봉동양엔파트,18.2202,6,2024,11400,13,2026,6,10
중랑구,상봉동,상봉동양엔파트,18.0282,17,2024,14400,16,2026,6,10
중랑구,상봉동,세이지움상봉,23.9838,21,2025,9500,55,2026,6,8
중랑구,상봉동,상봉어반뷰,15.31,11,2018,1000,60,2026,6,10
중랑구,망우동,LH서울양원1단지,44.55,15,2022,14240,16,2026,6,9
중랑구,신내동,신내6대주,59.76,7,1996,32000,0,2026,6,1
중랑구,망우동,LH서울양원1단지,44.55,14,2022,8840,41,2026,6,9
중랑구,묵동,이편한세상화랑대,84.902,3,2017,71000,0,2026,6,9
중랑구,신내동,신내6대주,49.77,6,1996,20000,70,2026,6,9
중랑구,망우동,해븐타워,30.52,16,2020,23500,15,2026,6,9
중랑구,신내동,신내우디안1단지,84.94,11,2014,48983,0,2026,6,9
중랑구,신내동,신내11대명,49.77,10,1996,10000,40,2026,6,8
중랑구,면목동,사가정센트럴아이파크,114.931,6,2020,40000,240,2026,6,6
중랑구,상봉동,상봉동양엔파트,38.559,11,2024,18800,48,2026,6,9
중랑구,묵동,이편한세상화랑대,59.935,3,2017,31395,0,2026,6,9
중랑구,상봉동,역세권청년주택,31.65,8,2021,7600,62,2026,6,8
중랑구,상봉동,상봉동양엔파트,18.2202,13,2024,7200,45,2026,6,4
중랑구,면목동,라온프라이빗,84.9814,16,2020,50000,80,2026,6,8
중랑구,면목동,두산5,59.72,25,2000,20000,120,2026,6,6
중랑구,상봉동,상봉동양엔파트,38.6022,15,2024,15700,62,2026,6,8
중랑구,묵동,이편한세상화랑대,59.935,3,2017,31395,0,2026,6,8
중랑구,망우동,LH서울양원1단지,14.96,4,2022,3489,7,2026,6,8
중랑구,상봉동,동부아파트,54,9,1999,34650,0,2026,6,4
중랑구,신내동,동성3,84.08,17,1997,50000,0,2026,6,5
중랑구,상봉동,상봉동양엔파트,38.6354,7,2024,15840,37,2026,6,8
중랑구,면목동,용마한신,35.44,10,1990,27000,0,2026,6,6
중랑구,묵동,신내,59.76,5,1996,37000,0,2026,6,5
중랑구,묵동,태창네스트빌,54.847,3,2005,34650,0,2026,6,6
중랑구,신내동,동성아파트,59.4,4,1997,18000,80,2026,6,5
중랑구,중화동,한신아파트상가동유치원동(103~109),59.76,15,1997,40950,0,2026,6,5
중랑구,신내동,신내9진흥,33.18,11,1996,3000,80,2026,6,5
중랑구,신내동,석탑,59.82,1,1997,30098,0,2026,6,7
중랑구,상봉동,와이센트럴시티상봉,20.06,15,2025,9100,53,2026,6,5
중랑구,상봉동,상봉동양엔파트,18.2202,13,2024,18000,2,2026,6,5
중랑구,상봉동,상봉동양엔파트,18.2202,14,2024,10800,32,2026,6,5
중랑구,신내동,신내11대명,39.76,8,1996,23000,0,2026,6,2
중랑구,상봉동,상봉동양엔파트,18.0282,19,2024,18000,2,2026,6,5
중랑구,신내동,신내9진흥,49.93,2,1996,3000,120,2026,6,5
중랑구,상봉동,역세권청년주택,17.75,3,2021,4800,35,2026,6,5
중랑구,면목동,용마한신,44.35,10,1990,20000,45,2026,6,4
중랑구,면목동,신성,59.91,9,1998,32000,0,2026,6,5
중랑구,면목동,용마산모아엘가파크포레,84.9,11,2023,15000,170,2026,6,5
중랑구,망우동,LH서울양원1단지,14.96,16,2022,3389,8,2026,6,4
중랑구,면목동,라온프라이빗,84.9814,11,2020,72000,0,2026,6,3
중랑구,중화동,리버센SKVIEW롯데캐슬,70.98,21,2025,70000,0,2026,6,3
중랑구,망우동,LH서울양원1단지,26.75,5,2022,7045,9,2026,6,4
중랑구,신내동,라이프미성,59.6,4,1992,9000,85,2026,6,3
중랑구,신내동,중앙하이츠,84.97,13,1996,40100,0,2026,6,4
중랑구,상봉동,상봉동양엔파트,18.2202,15,2024,7200,45,2026,6,4
중랑구,상봉동,상봉동양엔파트,18.2127,16,2024,7200,45,2026,6,4
중랑구,망우동,LH서울양원1단지,14.96,5,2022,3489,7,2026,6,4
중랑구,상봉동,상봉동양엔파트,38.6354,9,2024,25100,25,2026,6,4
중랑구,면목동,쌍용더플래티넘용마산,59.9676,6,2020,62000,0,2026,6,3
중랑구,상봉동,상봉동양엔파트,18.2127,13,2024,7200,45,2026,6,4
중랑구,망우동,LH서울양원1단지,44.55,9,2022,14240,16,2026,6,4
중랑구,면목동,면목한신,35.3,8,1987,24000,0,2026,6,3
중랑구,망우동,중랑숲시티프라디움,46.89,1,2022,1937,78,2026,6,1
중랑구,상봉동,상봉동양엔파트,18.2127,6,2024,7100,30,2026,6,4
중랑구,면목동,면목한신,44.5,11,1987,1000,77,2026,6,2
중랑구,상봉동,상봉동양엔파트,18.0282,15,2024,18000,2,2026,6,2
중랑구,상봉동,상봉동양엔파트,38.559,4,2024,26400,3,2026,6,1
중랑구,면목동,대원칸타빌,79.5359,12,2003,30000,100,2026,6,1
중랑구,중화동,태능에셈빌,84.843,3,2005,42000,0,2026,6,2
중랑구,신내동,신내6대주,59.76,3,1996,36750,0,2026,6,2
중랑구,묵동,칼튼테라스,33.7437,6,2021,13363,27,2026,6,2
중랑구,망우동,LH서울양원1단지,44.55,16,2022,9542,34,2026,6,2
중랑구,망우동,중랑숲시티프라디움,55.8,17,2022,2267,92,2026,6,1
중랑구,망우동,경남,59.94,3,1989,5000,55,2026,6,1
중랑구,상봉동,상봉동양엔파트,18.2202,9,2024,18000,2,2026,6,1
중랑구,상봉동,상봉동양엔파트,38.6354,16,2024,31400,4,2026,6,1
중랑구,묵동,칼튼테라스,16.8132,6,2021,4140,31,2026,6,1
중랑구,망우동,LH서울양원1단지,14.96,10,2022,4665,6,2026,6,1
중랑구,상봉동,상봉동양엔파트,18.2127,8,2024,18000,2,2026,6,1
중랑구,상봉동,상봉동양엔파트,18.0282,7,2024,14300,2,2026,6,1
중랑구,망우동,해븐타워,30.52,4,2020,21400,16,2026,6,1
중랑구,상봉동,상봉동양엔파트,18.2202,11,2024,7200,45,2026,6,1
중랑구,상봉동,상봉동양엔파트,18.2202,10,2024,7200,45,2026,6,1
성북구,장위동,래미안장위퍼스트하이,84.94,13,2020,57750,0,2026,6,9
성북구,석관동,두산,54.55,21,1998,5500,120,2026,6,9
성북구,보문동6가,보문파크뷰자이,29.96,7,2017,11256,41,2026,6,12
성북구,장위동,꿈의숲아이파크,39,7,2022,12928,47,2026,6,12
성북구,길음동,래미안길음센터피스,59.99,33,2019,61950,0,2026,6,12
성북구,길음동,길음뉴타운9단지(래미안),59.96,5,2010,57225,0,2026,6,12
성북구,성북동,성북좋은,92.57,4,2002,50000,0,2026,6,9
성북구,길음동,롯데캐슬클라시아,59.8745,9,2022,50000,100,2026,6,12
성북구,장위동,래미안장위퍼스트하이,36.14,12,2020,11466,45,2026,6,12
성북구,길음동,길음역롯데캐슬트윈골드,59.87,8,2024,59000,0,2026,6,10
성북구,길음동,길음뉴타운7단지(두산위브),84.96,6,2010,80000,0,2026,6,3
성북구,장위동,꿈의숲아이파크,76.15,14,2022,75000,0,2026,6,11
성북구,정릉동,우정에쉐르,84.97,14,2009,20000,120,2026,6,6
성북구,길음동,길음뉴타운6단지(래미안),59.373,18,2007,53000,0,2026,6,12
성북구,장위동,래미안장위퍼스트하이,84.94,13,2020,57750,0,2026,6,9
성북구,보문동1가,보문리슈빌하우트,84.9055,17,2022,89000,0,2026,6,10
성북구,길음동,길음뉴타운9단지(래미안),59.96,27,2010,31500,90,2026,6,9
성북구,종암동,래미안라센트,59.98,8,2011,16000,180,2026,6,9
성북구,돈암동,돈암동해피트리,143.13,2,2013,70000,0,2026,6,8
성북구,보문동6가,보문파크뷰자이,29.96,9,2017,11256,41,2026,6,11
성북구,장위동,꿈의숲아이파크,40.47,2,2022,13970,51,2026,6,12
성북구,장위동,꿈의숲아이파크,76.15,14,2022,75000,0,2026,6,11
성북구,길음동,길음뉴타운4단지(e편한세상),59.97,16,2005,48000,0,2026,6,3
성북구,장위동,래미안장위퍼스트하이,36.14,18,2020,9685,27,2026,6,11
성북구,장위동,꿈의숲아이파크,40.47,1,2022,13970,51,2026,6,11
성북구,안암동1가,안암동삼성래미안,84.8681,8,2005,20000,175,2026,6,10
성북구,장위동,래미안포레카운티,59.92,6,2021,46903,0,2026,6,10
성북구,장위동,래미안포레카운티,84.97,3,2021,26250,106,2026,6,6
성북구,길음동,길음뉴타운8단지(래미안),59.99,4,2010,5000,200,2026,6,5
성북구,길음동,길음뉴타운1단지(래미안길음1차),84.96,16,2003,53900,0,2026,6,11
성북구,길음동,길음동동부센트레빌(1278-0),84.844,16,2003,20000,220,2026,6,11
성북구,길음동,길음뉴타운1단지(래미안길음1차),84.96,9,2003,25000,193,2026,6,11
성북구,안암동4가,안암,52.07,-1,1969,12500,5,2026,6,8
성북구,돈암동,이수브라운스톤돈암,59.99,4,2004,45000,20,2026,6,11
성북구,돈암동,한진(609-1),59.58,14,1998,37800,0,2026,6,3
성북구,돈암동,한신,132.96,6,1998,70000,0,2026,6,11
성북구,장위동,꿈의숲코오롱하늘채,59.35,14,2017,30000,125,2026,6,10
성북구,장위동,장위자이레디언트(2단지),39.91,4,2025,11020,42,2026,6,11
성북구,정릉동,정릉e-편한세상,114.56,6,2006,55000,0,2026,6,11
성북구,길음동,길음역롯데캐슬트윈골드,59.36,28,2024,5000,260,2026,6,3
성북구,정릉동,정릉푸르지오,59.98,11,2005,44000,0,2026,6,5
성북구,길음동,길음뉴타운4단지(e편한세상),84.64,6,2005,58800,0,2026,6,3
성북구,보문동6가,보문파크뷰자이,29.96,12,2017,11256,41,2026,6,10
성북구,장위동,래미안장위퍼스트하이,36.14,7,2020,11466,45,2026,6,10
성북구,정릉동,"산장아파트가동,나동",52.89,10,1977,25500,0,2026,6,11
성북구,장위동,래미안장위퍼스트하이,36.14,8,2020,11466,45,2026,6,11
성북구,보문동3가,현대I-PARK,59.49,1,2003,54000,0,2026,6,10
성북구,장위동,꿈의숲아이파크,76.15,8,2022,63000,0,2026,6,10
성북구,장위동,꿈의숲아이파크,39,2,2022,12928,47,2026,6,10
성북구,보문동6가,보문파크뷰자이,29.96,10,2017,10630,39,2026,6,10
성북구,길음동,길음뉴타운6단지(래미안),59.373,13,2007,54600,0,2026,6,10
성북구,정릉동,길음뉴타운경남아너스빌,84.88,19,1999,50000,0,2026,6,10
성북구,정릉동,정릉풍림아이원,60,3,2005,37000,0,2026,6,6
성북구,장위동,래미안장위퍼스트하이,36.14,15,2020,11466,45,2026,6,10
성북구,정릉동,정릉꿈에그린,84.56,14,2015,30000,155,2026,6,5
성북구,장위동,꿈의숲아이파크,40.47,1,2022,13970,51,2026,6,10
성북구,장위동,장위자이레디언트(2단지),39.91,2,2025,11020,42,2026,6,10
성북구,장위동,장위자이레디언트(2단지),39.91,5,2025,11020,42,2026,6,10
성북구,장위동,장위자이레디언트(2단지),39.91,4,2025,11020,42,2026,6,10
성북구,장위동,꿈의숲아이파크,40.47,4,2022,13970,51,2026,6,10
성북구,하월곡동,길음서희스타힐스,84.91,23,2011,52500,0,2026,6,8
성북구,길음동,길음뉴타운8단지(래미안),59.99,9,2010,70000,0,2026,6,10
성북구,장위동,래미안장위퍼스트하이,36.14,19,2020,11466,45,2026,6,10
성북구,길음동,롯데캐슬클라시아,59.8745,7,2022,64000,0,2026,6,10
성북구,장위동,"장월에스에이치빌1단지(국민임대,SH소유",39.34,10,2006,2176,18,2026,6,10
성북구,종암동,래미안라센트,114.98,14,2011,100000,0,2026,6,9
성북구,장위동,"장월에스에이치빌1단지(국민임대,SH소유",49.33,13,2006,6096,3,2026,6,9
성북구,길음동,길음뉴타운8단지(래미안),59.9,2,2010,5000,250,2026,6,3
성북구,석관동,래미안아트리치,39.01,4,2019,3035,19,2026,6,9
성북구,정릉동,중앙하이츠빌1단지,59.98,7,2004,3000,150,2026,6,6
성북구,장위동,"장월에스에이치빌1단지(국민임대,SH소유",49.33,9,2006,5201,8,2026,6,9
성북구,길음동,래미안길음센터피스,33.46,12,2019,1777,12,2026,6,9
성북구,정릉동,정릉풍림아이원,114.75,2,2005,47000,0,2026,6,5
성북구,석관동,코오롱,59.94,9,1999,47000,0,2026,6,7
성북구,길음동,길음뉴타운8단지(래미안),59.99,19,2010,60000,0,2026,6,9
성북구,종암동,극동,59.67,3,2000,6000,150,2026,6,6
성북구,길음동,길음뉴타운4단지(e편한세상),84.64,8,2005,4000,210,2026,6,5
성북구,상월곡동,동아에코빌,59.95,12,2003,43000,0,2026,6,8
성북구,길음동,길음동동부센트레빌(1278-0),84.844,9,2003,61000,0,2026,6,5
성북구,장위동,래미안포레카운티,59.92,12,2021,53550,0,2026,6,8
성북구,석관동,래미안아트리치,39.01,3,2019,1214,23,2026,6,9
성북구,장위동,참누리아파트,84.98,1,2006,50000,0,2026,6,7
성북구,석관동,래미안아트리치,39.01,3,2019,3035,19,2026,6,9
성북구,길음동,길음뉴타운2단지푸르지오,84.97,10,2005,52500,0,2026,6,9
성북구,길음동,길음역롯데캐슬트윈골드,39.78,26,2024,5694,9,2026,6,9
성북구,석관동,장위아트포레,18.07,14,2025,1000,100,2026,6,6
성북구,장위동,"장월에스에이치빌1단지(국민임대,SH소유",39.34,5,2006,3820,21,2026,6,8
성북구,장위동,"장월에스에이치빌1단지(국민임대,SH소유",49.33,4,2006,1954,26,2026,6,8
성북구,돈암동,동부센트레빌,80.54,6,2003,60000,0,2026,6,6
성북구,석관동,신동아파밀리에,84.81,4,2011,59850,0,2026,6,5
성북구,돈암동,돈암동삼성,84.59,24,1999,58000,0,2026,6,6
성북구,종암동,종암에스케이,59.04,15,1999,40000,12,2026,6,6
성북구,장위동,"장월에스에이치빌1단지(국민임대,SH소유",49.33,5,2006,1954,26,2026,6,8
성북구,장위동,"장월에스에이치빌1단지(국민임대,SH소유",39.34,13,2006,1449,22,2026,6,8
성북구,장위동,"장월에스에이치빌1단지(국민임대,SH소유",49.33,8,2006,1954,26,2026,6,8
성북구,길음동,롯데캐슬클라시아,84.7694,2,2022,80850,0,2026,6,7
성북구,장위동,"장월에스에이치빌1단지(국민임대,SH소유",49.33,3,2006,1954,26,2026,6,8
성북구,보문동6가,보문파크뷰자이,45.96,5,2017,3985,20,2026,6,8
성북구,종암동,래미안크리시엘,59.99,12,2004,44100,0,2026,6,7
성북구,길음동,길음역롯데캐슬트윈골드,59.87,12,2024,65000,0,2026,6,6
성북구,석관동,래미안아트리치,39.01,12,2019,2835,20,2026,6,8
성북구,장위동,"장월에스에이치빌1단지(국민임대,SH소유",39.34,4,2006,5647,4,2026,6,8
성북구,돈암동,범양,59.79,2,1998,15000,70,2026,6,6
성북구,장위동,래미안장위퍼스트하이,84.94,16,2020,65000,0,2026,6,6
성북구,석관동,래미안아트리치,84.98,21,2019,15000,150,2026,6,6
성북구,정릉동,중앙하이츠빌2단지,84.95,5,2005,35000,80,2026,6,7
성북구,하월곡동,삼전솔하임3차,15.62,4,2013,1000,65,2026,6,1
성북구,하월곡동,래미안월곡,84.589,6,2006,15000,175,2026,6,6
성북구,하월곡동,성북펠릭스,38.39,23,2025,9800,66,2026,6,8
성북구,길음동,길음뉴타운8단지(래미안),59.99,23,2010,55000,0,2026,6,1
성북구,동소문동6가,하이얀,12.7,5,2013,6000,37,2026,6,8
성북구,길음동,삼부컨비니언,84.13,2,1998,300,230,2026,6,5
성북구,정릉동,정릉중앙하이츠아파트,59.26,13,1999,33000,0,2026,6,6
성북구,하월곡동,래미안월곡,59.754,18,2006,42000,0,2026,6,6
성북구,하월곡동,길음서희스타힐스,66.61,14,2011,42000,0,2026,6,6
성북구,보문동1가,보문리슈빌하우트,59.7918,15,2022,70000,0,2026,6,6
성북구,길음동,길음뉴타운4단지(e편한세상),84.64,15,2005,60000,100,2026,6,6
성북구,길음동,길음뉴타운4단지(e편한세상),59.97,6,2005,45000,0,2026,6,6
성북구,석관동,두산,59.97,2,1998,42000,0,2026,6,6
성북구,길음동,길음뉴타운8단지(래미안),59.9,4,2010,68000,0,2026,6,6
성북구,장위동,래미안장위퍼스트하이,84.94,21,2020,63000,0,2026,6,6
성북구,석관동,석관래미안,59.9,3,2009,35000,80,2026,6,7
성북구,보문동1가,보문리슈빌하우트,59.7918,16,2022,73000,0,2026,6,7
성북구,석관동,코오롱,59.94,9,1999,47000,0,2026,6,7
성북구,길음동,길음뉴타운4단지(e편한세상),84.64,3,2005,80000,0,2026,6,6
성북구,돈암동,한진(609-1),59.58,20,1998,47500,0,2026,6,5
성북구,종암동,아이파크종암동2차,84.73,1,2005,57200,0,2026,6,5
성북구,돈암동,이수브라운스톤돈암,59.99,17,2004,59000,0,2026,6,5
성북구,삼선동3가,주승보타운,84.96,3,2003,30000,0,2026,6,5
성북구,돈암동,돈암현대아파트,41.58,4,1991,1000,100,2026,6,5
성북구,삼선동2가,삼선현대힐스테이트,56.83,5,2009,39300,0,2026,6,5
성북구,길음동,길음뉴타운6단지(래미안),59.373,8,2007,52000,0,2026,6,4
성북구,돈암동,한진(609-1),59.58,11,1998,47000,0,2026,6,2
성북구,보문동6가,보문파크뷰자이,59.19,7,2017,20000,151,2026,6,5
성북구,정릉동,정릉한일유앤아이,117.37,3,2006,50000,0,2026,6,5
성북구,돈암동,돈암현대아파트,84.8,9,1991,45000,0,2026,6,5
성북구,종암동,종암에스케이,84.72,19,1999,60000,0,2026,6,3
성북구,종암동,센트럴힐,77.28,2,2003,32550,0,2026,6,5
성북구,하월곡동,월곡두산위브,84.647,13,2003,45150,0,2026,6,5
성북구,길음동,래미안길음센터피스,59.97,8,2019,75000,0,2026,6,3
성북구,동소문동6가,하이얀,12.7,9,2013,5000,50,2026,6,4
성북구,장위동,꿈의숲대명루첸아파트,84.843,15,2008,48175,0,2026,6,3
성북구,하월곡동,동신,59.88,4,1998,43000,0,2026,6,1
성북구,길음동,래미안길음센터피스,84.66,28,2019,90000,0,2026,6,4
성북구,석관동,중앙하이츠,59.79,15,1994,5000,120,2026,6,3
성북구,돈암동,한진(609-1),59.58,14,1998,39900,0,2026,6,4
성북구,길음동,길음뉴타운8단지(래미안),84.94,12,2010,75000,0,2026,6,4
성북구,길음동,길음뉴타운8단지(래미안),84.82,11,2010,74000,0,2026,6,2
성북구,길음동,길음동동부센트레빌(1278-0),59.998,1,2003,50000,30,2026,6,3
성북구,길음동,길음뉴타운9단지(래미안),59.98,18,2010,70000,0,2026,6,3
성북구,장위동,래미안장위퍼스트하이,59.99,25,2020,30000,170,2026,6,4
성북구,길음동,길음뉴타운9단지(래미안),59.98,18,2010,70000,0,2026,6,3
성북구,길음동,길음뉴타운4단지(e편한세상),84.64,13,2005,60000,50,2026,6,3
성북구,동선동4가,한양수자인,68.81,14,2008,49000,0,2026,6,3
성북구,종암동,종암2차SKVIEW,59.98,1,2010,60000,0,2026,6,2
성북구,길음동,래미안길음센터피스,59.97,6,2019,50000,100,2026,6,3
성북구,하월곡동,길음서희스타힐스,84.96,17,2011,70000,0,2026,6,2
성북구,보문동1가,보문리슈빌하우트,59.7918,4,2022,64000,0,2026,6,2
성북구,장위동,래미안장위퍼스트하이,59.99,6,2020,52500,0,2026,6,1
성북구,길음동,길음역롯데캐슬트윈골드,59.87,30,2024,63000,0,2026,6,2
성북구,정릉동,정릉풍림아이원,59.88,15,2005,6000,90,2026,6,2
성북구,돈암동,돈암코오롱하늘채,59.8616,9,2016,15000,200,2026,6,1
성북구,장위동,래미안장위퍼스트하이,46.35,8,2020,12935,36,2026,6,1
성북구,정릉동,대우,43.11,16,2001,26250,0,2026,6,1
성북구,안암동3가,대광,54.88,2,1971,16000,0,2026,6,1
성북구,정릉동,정릉힐스테이트3차,59.98,3,2008,41890,0,2026,6,1
강북구,미아동,미아동부센트레빌,59.96,10,2006,20000,115,2026,6,7
강북구,미아동,한화포레나미아,39.9969,22,2025,9280,42,2026,6,12
강북구,수유동,프롬하우징,40.77,3,2025,2397,25,2026,6,12
강북구,번동,유경와이케이라이마,18.82,7,2021,22000,0,2026,6,12
강북구,미아동,삼성래미안트리베라2단지,59.38,8,2010,60000,0,2026,6,12
강북구,미아동,푸르지오시티,18.6479,18,2014,1000,70,2026,6,3
강북구,미아동,삼각산아이원,84.705,1,2003,50000,0,2026,6,10
강북구,미아동,삼각산아이원,84.705,18,2003,60000,0,2026,6,11
강북구,번동,주공1단지,41.3,4,1991,14800,0,2026,6,5
강북구,미아동,한일,54.99,1,1990,18900,0,2026,6,5
강북구,수유동,수유벽산1차,63.78,15,1993,35000,0,2026,6,11
강북구,번동,유경와이케이라이마,20.17,8,2021,22000,0,2026,6,11
강북구,미아동,한화포레나미아,39.9969,9,2025,9280,42,2026,6,11
강북구,미아동,한화포레나미아,39.9969,21,2025,9280,42,2026,6,11
강북구,미아동,에스케이북한산시티,59.98,16,2004,48000,0,2026,6,11
강북구,미아동,한화포레나미아,39.9969,21,2025,9280,42,2026,6,10
강북구,미아동,한화포레나미아,39.9969,5,2025,9280,42,2026,6,10
강북구,번동,유경와이케이라이마,20.17,8,2021,22000,0,2026,6,11
강북구,미아동,한화포레나미아,39.9969,15,2025,9280,42,2026,6,11
강북구,미아동,한화포레나미아,39.9969,10,2025,9280,42,2026,6,10
강북구,미아동,한화포레나미아,39.9969,11,2025,9280,42,2026,6,10
강북구,미아동,한화포레나미아,39.9969,18,2025,9280,42,2026,6,10
강북구,수유동,유경와이케이빌,16.86,6,2020,19000,3,2026,6,11
강북구,미아동,에스케이북한산시티,59.98,14,2004,40000,0,2026,6,10
강북구,미아동,한화포레나미아,39.9969,8,2025,9280,42,2026,6,10
강북구,미아동,한화포레나미아,39.9969,5,2025,9280,42,2026,6,10
강북구,미아동,꿈의숲해링턴플레이스,49.48,11,2019,10000,41,2026,6,10
강북구,번동,삼성,84.96,3,1998,41000,0,2026,6,10
강북구,미아동,래미안트리베라1단지(임대),44.85,16,2010,3293,33,2026,6,10
강북구,미아동,두산위브트레지움,39.98,2,2011,2620,17,2026,6,10
강북구,미아동,삼성래미안트리베라2단지,84.29,2,2010,30000,140,2026,6,10
강북구,수유동,프롬하우징,36.75,6,2025,2275,23,2026,6,11
강북구,번동,유경와이케이라이마,20.17,11,2021,23000,0,2026,6,10
강북구,수유동,프롬하우징,40.65,2,2025,2390,25,2026,6,10
강북구,번동,번동한양아파트,84.67,10,1992,45000,0,2026,6,10
강북구,수유동,프롬하우징,43.52,2,2025,1012,29,2026,6,9
강북구,미아동,꿈의숲롯데캐슬,39.69,2,2017,10388,41,2026,6,10
강북구,미아동,꿈의숲롯데캐슬,39.74,12,2017,10999,43,2026,6,10
강북구,수유동,프롬하우징,43.52,3,2025,2502,26,2026,6,10
강북구,수유동,수유벽산1차,63.78,4,1993,5000,125,2026,6,4
강북구,수유동,프롬하우징,40.77,3,2025,2397,25,2026,6,10
강북구,수유동,비젼캐슬,17.25,13,2022,300,110,2026,6,3
강북구,미아동,삼성래미안트리베라2단지,58.99,5,2010,10000,170,2026,6,9
강북구,미아동,두산위브트레지움,39.98,11,2011,2620,17,2026,6,10
강북구,미아동,삼각산아이원,84.705,5,2003,5000,100,2026,6,5
강북구,수유동,프롬하우징,40.65,3,2025,2390,25,2026,6,9
강북구,번동,주공4단지,59.22,14,1991,26000,0,2026,6,4
강북구,수유동,프롬하우징,43.52,2,2025,2530,26,2026,6,9
강북구,수유동,프롬하우징,40.64,6,2025,100,31,2026,6,9
강북구,수유동,프롬하우징,43.95,5,2025,100,33,2026,6,9
강북구,수유동,프롬하우징,40.77,2,2025,100,29,2026,6,9
강북구,미아동,두산위브트레지움,84.97,7,2011,52000,0,2026,6,8
강북구,미아동,래미안트리베라1단지(임대),44.85,4,2010,6871,13,2026,6,8
강북구,수유동,에피소드수유838,20.827,4,2021,1000,101,2026,6,2
강북구,미아동,두산위브트레지움,39.98,6,2011,2620,17,2026,6,9
강북구,수유동,프롬하우징,40.77,2,2025,100,30,2026,6,9
강북구,미아동,래미안트리베라2단지(임대),42.2,17,2010,2983,29,2026,6,8
강북구,미아동,래미안트리베라1단지,84.97,11,2010,60000,0,2026,6,6
강북구,수유동,예도팔라티움,12.99,9,2020,11500,0,2026,6,8
강북구,미아동,벽산라이브파크,59.67,8,2004,42000,0,2026,6,2
강북구,미아동,래미안트리베라1단지,84.97,4,2010,51000,0,2026,6,5
강북구,미아동,두산위브트레지움,59.68,7,2011,25000,67,2026,6,3
강북구,번동,주공1단지,49.94,2,1991,4000,61,2026,6,4
강북구,번동,수유역두산위브1,84.9909,12,2009,50000,0,2026,6,8
강북구,미아동,에스케이북한산시티,114.85,3,2004,65000,0,2026,6,5
강북구,미아동,래미안트리베라1단지,84.97,7,2010,71000,0,2026,6,5
강북구,미아동,두산위브트레지움,59.99,6,2011,40000,68,2026,6,6
강북구,미아동,꿈의숲해링턴플레이스,84.67,3,2019,30000,150,2026,6,5
강북구,미아동,한화포레나미아,74.9676,8,2025,65000,0,2026,6,6
강북구,수유동,수유벽산1차,63.78,9,1993,35000,0,2026,6,8
강북구,미아동,젬스톤라피네,63.58,2,2025,52500,0,2026,6,6
강북구,미아동,두산위브트레지움,59.82,5,2011,35000,80,2026,6,3
강북구,수유동,수유아름채,11.75,16,2025,1000,110,2026,6,3
강북구,수유동,에피소드수유838,16.4482,5,2021,1000,74,2026,6,2
강북구,미아동,에스케이북한산시티,59.98,2,2004,21000,60,2026,6,4
강북구,수유동,경원북한산휴그린,59.84,7,2016,30000,0,2026,6,5
강북구,번동,동문,84.86,2,1998,42000,0,2026,6,3
강북구,미아동,송천센트레빌,84.867,2,2010,58000,40,2026,6,4
강북구,번동,주공4단지,49.94,11,1991,25000,0,2026,6,3
강북구,미아동,벽산라이브파크,59.67,1,2004,36500,0,2026,6,2
강북구,미아동,벽산라이브파크,59.67,16,2004,10000,110,2026,6,1
강북구,수유동,수유벽산1차,84.95,1,1993,47000,0,2026,6,4
강북구,미아동,두산위브트레지움,84.92,17,2011,53550,0,2026,6,4
강북구,번동,기산그린,84.94,8,2000,40000,0,2026,6,1
강북구,미아동,두산위브트레지움,84.99,15,2011,51000,0,2026,6,2
강북구,미아동,미아한일유앤아이,68.303,5,2002,40000,0,2026,6,1
강북구,미아동,삼성래미안트리베라2단지,84.15,17,2010,70000,0,2026,6,1
강북구,번동,파크에비뉴,13.715,7,2014,1000,49,2026,6,1
도봉구,창동,주공17단지,36.16,8,1989,20000,0,2026,6,3
도봉구,쌍문동,삼익세라믹,42.93,12,1988,17850,0,2026,6,12
도봉구,쌍문동,한양6,83.86,10,2002,30500,0,2026,6,12
도봉구,창동,월가타워,13.62,10,2013,500,42,2026,6,12
도봉구,창동,창동현대타운,57.93,6,1999,26000,0,2026,6,4
도봉구,방학동,방학지음재힐스,14.86,5,2018,10500,0,2026,6,12
도봉구,방학동,신동아타워아파트,84.74,7,1997,37000,0,2026,6,10
도봉구,창동,북한산아이파크5차,84.4516,4,2004,60000,0,2026,6,6
도봉구,창동,상아1차아파트,58.59,4,1987,30400,0,2026,6,6
도봉구,방학동,신동아타워아파트,84.74,9,1997,40000,0,2026,6,1
도봉구,창동,주공17단지,36.34,2,1989,1000,65,2026,6,11
도봉구,쌍문동,한양2,28.71,8,1988,2000,50,2026,6,10
도봉구,쌍문동,현대1,84.66,12,1990,15000,120,2026,6,11
도봉구,쌍문동,한양2,84.9,12,1988,41000,0,2026,6,11
도봉구,방학동,신동아아파트1,53.16,8,1986,25000,0,2026,6,11
도봉구,창동,동아,88.23,2,1988,37000,40,2026,6,3
도봉구,방학동,삼익세라믹아파트,58.77,4,1988,3500,85,2026,6,5
도봉구,창동,창동주공18단지,45.55,7,1988,23000,0,2026,6,11
도봉구,창동,창동주공3단지(해등마을),61.52,15,1990,26550,0,2026,6,5
도봉구,쌍문동,한양2,59.67,5,1988,27300,0,2026,6,10
도봉구,쌍문동,한양2,28.71,14,1988,1000,68,2026,6,1
도봉구,창동,창동주공3단지(해등마을),49.94,3,1990,28000,0,2026,6,9
도봉구,창동,창동주공3단지(해등마을),58.01,1,1990,31500,0,2026,6,9
도봉구,창동,창동2차현대,59.499,4,2001,5000,160,2026,6,10
도봉구,창동,북한산아이파크5차,84.4516,17,2004,48500,0,2026,6,10
도봉구,쌍문동,금호1,36.36,7,1990,1000,75,2026,6,9
도봉구,창동,창동주공3단지(해등마을),49.94,7,1990,22000,0,2026,6,6
도봉구,쌍문동,현대1,70.3,2,1990,32000,0,2026,6,9
도봉구,쌍문동,현대1,56.7,7,1990,2000,90,2026,6,5
도봉구,창동,창동주공3단지(해등마을),49.94,14,1990,34000,0,2026,6,7
도봉구,방학동,삼익세라믹아파트,74.105,7,1988,35000,20,2026,6,9
도봉구,창동,창동주공3단지(해등마을),49.94,4,1990,9000,70,2026,6,6
도봉구,방학동,우성아파트1,84.69,11,1992,31500,25,2026,6,8
도봉구,방학동,우성아파트2,84.98,12,1993,37800,0,2026,6,9
도봉구,쌍문동,금호1,36.36,5,1990,6000,50,2026,6,9
도봉구,창동,서울가든,140.94,5,1992,10000,115,2026,6,6
도봉구,도봉동,삼환도봉,73.89,3,1987,26250,0,2026,6,6
도봉구,쌍문동,한양2,84.9,13,1988,4000,100,2026,6,8
도봉구,창동,주공19단지(창동리버타운),68.86,7,1988,32100,0,2026,6,8
도봉구,창동,창동주공2단지,36.16,4,1990,18500,0,2026,6,6
도봉구,창동,신창,49.77,2,1998,19600,0,2026,6,5
도봉구,창동,태영데시앙,84.995,11,2003,49000,0,2026,6,5
도봉구,쌍문동,시티프라디움,68.9258,5,2021,46000,0,2026,6,3
도봉구,방학동,신동아아파트1,70.62,12,1986,20000,0,2026,6,1
도봉구,창동,삼성래미안,66.48,13,1992,10000,170,2026,6,6
도봉구,창동,창동주공2단지,45.9,2,1990,20000,0,2026,6,8
도봉구,도봉동,서원,59.51,3,1996,8000,80,2026,6,8
도봉구,창동,주공17단지,36.16,14,1989,16000,0,2026,6,6
도봉구,창동,주공19단지(창동리버타운),68.86,5,1988,4000,81,2026,6,6
도봉구,창동,주공19단지(창동리버타운),68.86,10,1988,25000,0,2026,6,8
도봉구,창동,동아청솔,84.97,24,1997,65000,0,2026,6,6
도봉구,도봉동,도봉파크빌3,84.163,5,2002,42000,0,2026,6,5
도봉구,방학동,신동아아파트1,70.62,10,1986,29400,0,2026,6,4
도봉구,창동,주공17단지,41.3,2,1989,25000,0,2026,6,6
도봉구,도봉동,서원,49.77,14,1996,21000,0,2026,6,6
도봉구,창동,신창,59.4,13,1998,27300,0,2026,6,8
도봉구,쌍문동,성원,84.98,13,1989,30000,60,2026,6,5
도봉구,창동,창동주공3단지(해등마을),44.89,7,1990,11000,60,2026,6,5
도봉구,방학동,신동아아파트1,43.35,1,1986,15750,0,2026,6,5
도봉구,쌍문동,한양2,35.1,7,1988,1000,75,2026,6,5
도봉구,창동,북한산아이파크5차,84.4516,19,2004,5000,100,2026,6,5
도봉구,창동,주공19단지(창동리버타운),59.39,11,1988,30450,0,2026,6,3
도봉구,창동,태영데시앙,84.995,7,2003,40950,0,2026,6,4
도봉구,방학동,신동아아파트1,70.62,5,1986,30000,0,2026,6,5
도봉구,방학동,방학지음재힐스,14.86,6,2018,1000,60,2026,6,1
도봉구,창동,주공17단지,36.34,11,1989,3000,50,2026,6,4
도봉구,창동,주공17단지,36.16,6,1989,1000,80,2026,6,3
도봉구,창동,동아,88.23,4,1988,56000,0,2026,6,4
도봉구,창동,창동주공2단지,49.94,9,1990,2000,70,2026,6,4
도봉구,창동,금호어울림,152.09,7,2004,50000,55,2026,6,4
도봉구,창동,태영데시앙,84.995,16,2003,6000,150,2026,6,5
도봉구,창동,주공19단지(창동리버타운),60.5,10,1988,36000,0,2026,6,4
도봉구,창동,유디하우스창동,39.99,5,2023,15000,51,2026,6,4
도봉구,창동,창동주공3단지(해등마을),49.94,9,1990,29400,0,2026,6,3
도봉구,쌍문동,한양6,83.86,7,2002,45000,0,2026,6,4
도봉구,창동,주공17단지,36.34,11,1989,16000,0,2026,6,4
도봉구,창동,주공19단지(창동리버타운),61.52,10,1988,34500,0,2026,6,2
도봉구,도봉동,럭키,84.86,2,1992,42000,0,2026,6,2
도봉구,창동,창동주공3단지(해등마을),61.52,8,1990,30000,0,2026,6,2
도봉구,창동,스마트트라움,16.42,10,2021,13500,0,2026,6,2
도봉구,창동,창동주공18단지,71.89,5,1988,4000,80,2026,6,3
도봉구,창동,쌍용,59.88,24,1997,45000,0,2026,6,1
도봉구,창동,창동주공3단지(해등마을),49.94,2,1990,25000,25,2026,6,2
도봉구,창동,스마트트라움,16.42,5,2021,14000,0,2026,6,1
도봉구,창동,초안산신도브래뉴,80.0192,17,2005,40000,0,2026,6,1
도봉구,창동,주공17단지,49.94,2,1989,25000,0,2026,6,1
도봉구,창동,주공19단지(창동리버타운),66.56,12,1988,35700,0,2026,6,2
도봉구,도봉동,삼환도봉,73.89,1,1987,28000,0,2026,6,2
도봉구,쌍문동,한양7,84.86,10,1993,36000,0,2026,6,2
도봉구,방학동,방학동삼성래미안1,84.937,7,2002,65000,0,2026,6,1
도봉구,창동,호신빌딩,16.64,6,2017,1000,51,2026,6,1
도봉구,도봉동,한신,84.94,3,1995,41000,0,2026,6,1
도봉구,쌍문동,동익미라벨,65.42,5,1987,22625,2,2026,6,1
도봉구,쌍문동,한양2,28.71,1,1988,200,100,2026,6,1
도봉구,쌍문동,한양2,35.1,2,1988,7000,30,2026,6,1
도봉구,쌍문동,한양2,35.1,15,1988,1500,75,2026,6,1
도봉구,도봉동,서원,49.77,1,1996,1000,79,2026,6,1
노원구,월계동,미성,33.28,4,1986,10000,0,2026,6,4
노원구,상계동,상계주공6(고층),49.94,14,1988,23000,0,2026,6,1
노원구,중계동,중계그린1단지,39.91,6,1990,25000,0,2026,6,3
노원구,상계동,상계주공6(고층),41.3,3,1988,16275,0,2026,6,2
노원구,월계동,월계센트럴아이파크,59.99,8,2020,12560,49,2026,6,12
노원구,월계동,삼창,56.59,8,1984,25050,0,2026,6,12
노원구,상계동,상계주공1(고층),41.3,2,1988,20000,0,2026,6,10
노원구,상계동,상계대림e편한세상,114.34,3,2002,40000,0,2026,6,12
노원구,상계동,상계주공7(고층),41.3,9,1988,1000,70,2026,6,12
노원구,중계동,염광,84.5,1,1996,59000,0,2026,6,12
노원구,상계동,상계주공14(고층),49.94,4,1989,31000,0,2026,6,11
노원구,상계동,상계주공1(고층),32.39,2,1988,21000,0,2026,6,11
노원구,중계동,중계무지개,49.54,4,1991,5000,130,2026,6,12
노원구,중계동,중계3벽산,85,7,1999,50000,0,2026,6,12
노원구,상계동,상계주공11(고층),60.5,4,1988,34000,0,2026,6,12
노원구,상계동,상계대림e편한세상,83.87,11,2002,40000,0,2026,6,12
노원구,상계동,상계주공3(고층),59.39,12,1987,33000,0,2026,6,12
노원구,상계동,상계주공1(고층),49.94,3,1988,25000,0,2026,6,11
노원구,중계동,중계그린1단지,49.5,13,1990,4000,63,2026,6,11
노원구,중계동,중계현대2,84.34,6,1991,42832,0,2026,6,12
노원구,상계동,상계주공1(고층),49.94,11,1988,25000,0,2026,6,12
노원구,상계동,상계주공1(저층),71.89,3,1988,30000,0,2026,6,11
노원구,상계동,상계주공10(고층),68.86,5,1988,39900,0,2026,6,6
노원구,공릉동,청솔아파트8,84.65,11,2000,43000,50,2026,6,11
노원구,중계동,청구(366),115.47,15,1993,90000,0,2026,6,9
노원구,월계동,현대,59.95,14,2000,5000,130,2026,6,12
노원구,공릉동,태릉해링턴플레이스,49.98,12,2022,8740,34,2026,6,11
노원구,상계동,상계주공6(고층),59.39,15,1988,2000,105,2026,6,11
노원구,중계동,주공5,44.52,11,1992,2000,100,2026,6,4
노원구,상계동,"상계주공15(고층,공무원임대)",41.3,14,1988,13631,0,2026,6,11
노원구,상계동,상계주공14(저층),84.41,1,1989,25900,55,2026,6,11
노원구,중계동,중계그린1단지,49.5,15,1990,36000,0,2026,6,11
노원구,상계동,상계주공1(고층),49.94,7,1988,22050,0,2026,6,9
노원구,하계동,극동,70.56,10,1988,16400,100,2026,6,2
노원구,상계동,동아불암,59.4,18,1999,32000,0,2026,6,12
노원구,하계동,장미(시영6),39.92,14,1989,24000,0,2026,6,6
노원구,하계동,현대,84.96,10,1988,56000,0,2026,6,7
노원구,상계동,"상계주공15(고층,공무원임대)",49.94,1,1988,15392,0,2026,6,12
노원구,상계동,상계주공14(고층),49.94,4,1989,31000,0,2026,6,11
노원구,상계동,"상계주공15(고층,공무원임대)",49.94,9,1988,3369,31,2026,6,10
노원구,하계동,현대,71.68,3,1988,55000,0,2026,6,11
노원구,상계동,"상계주공15(고층,공무원임대)",41.3,2,1988,10904,6,2026,6,8
노원구,중계동,중계무지개,59.26,6,1991,40000,0,2026,6,6
노원구,월계동,삼호3,59.22,5,1986,33000,0,2026,6,11
노원구,상계동,"상계주공15(고층,공무원임대)",49.94,6,1988,3369,28,2026,6,11
노원구,상계동,상계주공11(고층),49.94,12,1988,24000,0,2026,6,10
노원구,상계동,상계주공4(고층),75.2,4,1988,35870,0,2026,6,11
노원구,중계동,경남아너스빌,105.5954,15,2002,65000,0,2026,6,11
노원구,상계동,수락산벨리체,114.92,10,2000,68000,0,2026,6,1
노원구,상계동,상계주공6(고층),49.94,9,1988,26800,0,2026,6,3
노원구,월계동,롯데캐슬루나,84.9852,11,2006,44000,0,2026,6,11
노원구,상계동,상계주공7(고층),49.94,3,1988,4000,100,2026,6,11
노원구,상계동,상계주공9(고층),45.9,3,1988,18100,0,2026,6,11
노원구,상계동,상계주공13(고층),58.01,1,1989,3000,90,2026,6,3
노원구,월계동,주공2,38.64,14,1992,4000,65,2026,6,10
노원구,상계동,포레나노원,59.9866,3,2020,13200,52,2026,6,11
노원구,하계동,한신1,44.52,8,1988,26250,0,2026,6,11
노원구,상계동,상계주공1(고층),59.39,9,1988,35000,0,2026,6,11
노원구,공릉동,67디벨리움,17.27,16,2016,1000,70,2026,6,4
노원구,월계동,한진한화그랑빌,59.94,14,2002,45000,0,2026,6,10
노원구,상계동,상계주공7(고층),49.94,2,1988,30000,0,2026,6,10
노원구,상계동,"상계주공15(고층,공무원임대)",49.94,3,1988,8423,19,2026,6,10
노원구,상계동,"상계주공15(고층,공무원임대)",49.94,13,1988,13476,7,2026,6,10
노원구,중계동,주공10,58.14,4,1995,5000,107,2026,6,10
노원구,상계동,상계주공14(고층),41.3,15,1989,500,80,2026,6,1
노원구,하계동,청구,70.69,8,1988,1000,110,2026,6,4
노원구,상계동,상계주공11(고층),41.3,12,1988,25000,0,2026,6,10
노원구,월계동,미성,50.14,6,1986,32000,0,2026,6,10
노원구,상계동,동아불암(1286-0),27,13,1999,939,14,2026,6,10
노원구,하계동,장미(시영6),59.87,8,1989,30000,0,2026,6,10
노원구,상계동,"상계주공15(고층,공무원임대)",49.94,14,1988,16846,0,2026,6,2
노원구,하계동,학여울청구118동(356),32.76,6,2002,363,15,2026,6,9
노원구,상계동,수락리버시티3단지,84.81,6,2009,45000,0,2026,6,8
노원구,상계동,"상계주공15(고층,공무원임대)",49.94,11,1988,10107,15,2026,6,10
노원구,월계동,미륭,51.48,12,1986,28000,0,2026,6,10
노원구,상계동,동아불암(1286-0),27,18,1999,2411,5,2026,6,9
노원구,월계동,월계센트럴아이파크,59.99,19,2020,12560,49,2026,6,10
노원구,상계동,포레나노원,59.9866,8,2020,40000,90,2026,6,7
노원구,상계동,포레나노원,84.957,2,2020,83000,0,2026,6,10
노원구,상계동,상계주공2(고층),58.01,1,1987,24800,0,2026,6,1
노원구,상계동,상계주공6(고층),59.28,6,1988,7000,88,2026,6,10
노원구,상계동,상계주공10(고층),68.86,2,1988,18000,77,2026,6,5
노원구,중계동,주공4,59.39,3,1991,40000,0,2026,6,4
노원구,상계동,"상계주공15(고층,공무원임대)",41.3,4,1988,13890,0,2026,6,10
노원구,상계동,포레나노원,59.9866,27,2020,13200,52,2026,6,10
노원구,상계동,포레나노원,59.9866,2,2020,13200,52,2026,6,10
노원구,상계동,"상계주공15(고층,공무원임대)",49.94,6,1988,3369,31,2026,6,10
노원구,상계동,수락리버시티3단지,49.93,14,2009,7246,13,2026,6,10
노원구,상계동,상계주공10(저층),54.54,2,1988,27150,0,2026,6,10
노원구,상계동,"상계주공15(고층,공무원임대)",41.3,9,1988,13890,0,2026,6,10
노원구,중계동,건영2,84.96,13,1991,44000,0,2026,6,10
노원구,중계동,주공5,58.46,9,1992,3000,105,2026,6,9
노원구,하계동,장미(시영6),39.78,6,1989,23000,0,2026,6,10
노원구,상계동,"상계주공15(고층,공무원임대)",49.94,1,1988,15392,0,2026,6,2
노원구,월계동,월계센트럴아이파크,59.99,6,2020,12560,49,2026,6,10
노원구,공릉동,풍림아파트A,84.99,5,2001,50000,0,2026,6,10
노원구,하계동,장미(시영6),59.22,7,1989,15000,50,2026,6,8
노원구,상계동,은빛1단지,39.7,3,1998,21000,0,2026,6,10
노원구,상계동,상계주공1(고층),41.3,6,1988,5000,53,2026,6,10
노원구,상계동,상계주공7(고층),45.55,4,1988,20000,25,2026,6,9
노원구,상계동,상계주공9(고층),41.3,11,1988,1000,74,2026,6,10
노원구,상계동,상계주공9(고층),45.9,3,1988,15000,0,2026,6,7
노원구,상계동,"상계주공15(고층,공무원임대)",41.3,10,1988,11112,8,2026,6,9
노원구,상계동,청암2단지,49.77,3,2001,30000,0,2026,6,3
노원구,상계동,상계주공16(고층),45.77,13,1988,25000,0,2026,6,6
노원구,월계동,서광,59.96,12,1994,30000,0,2026,6,10
노원구,상계동,상계주공4(고층),41.3,13,1988,19950,0,2026,6,6
노원구,상계동,상계주공9(고층),45.9,12,1988,26000,0,2026,6,9
노원구,상계동,상계주공11(고층),58.01,12,1988,2000,150,2026,6,3
노원구,상계동,"상계주공15(고층,공무원임대)",41.3,6,1988,8178,12,2026,6,9
노원구,상계동,"상계주공15(고층,공무원임대)",41.3,6,1988,6945,20,2026,6,9
노원구,월계동,사슴2,24.12,13,1995,587,8,2026,6,9
노원구,상계동,동아불암(1286-0),27,7,1999,939,14,2026,6,9
노원구,중계동,양지대림2(임대),29.67,1,1999,1015,14,2026,6,9
노원구,월계동,현대,84.98,1,2000,45000,0,2026,6,9
노원구,월계동,청백3,39.84,10,1998,1500,80,2026,6,8
노원구,하계동,학여울청구118동(356),32.76,6,2002,908,14,2026,6,9
노원구,상계동,불암현대,84.9,6,1999,18000,80,2026,6,7
노원구,상계동,상계주공4(고층),59.2,15,1988,37000,0,2026,6,8
노원구,상계동,상계주공3(고층),59.2,11,1987,21315,0,2026,6,9
노원구,중계동,양지대림1(임대),30.6,20,1999,1043,15,2026,6,9
노원구,월계동,청백4,84.54,8,1998,40000,0,2026,6,9
노원구,중계동,동진신안,101.99,8,1993,84100,0,2026,6,5
노원구,상계동,은빛2단지,39.7,6,1998,3000,80,2026,6,3
노원구,상계동,상계주공12(고층),49.94,5,1988,27000,0,2026,6,5
노원구,상계동,불암현대아파트(106동),27,9,1999,889,14,2026,6,9
노원구,중계동,목화(4단지),39.96,3,1991,2163,5,2026,6,9
노원구,상계동,상계주공11(고층),68.86,6,1988,36750,0,2026,6,2
노원구,월계동,현대,59.95,17,2000,15000,130,2026,6,9
노원구,상계동,상계주공4(고층),32.39,3,1988,2000,70,2026,6,1
노원구,상계동,상계주공7(고층),45.9,13,1988,2000,94,2026,6,9
노원구,공릉동,공릉해링턴플레이스,99.917,10,2000,65000,0,2026,6,5
노원구,공릉동,공릉동한보에센시티아파트,84.93,4,2000,45100,0,2026,6,5
노원구,상계동,상계주공12(고층),49.94,6,1988,3000,130,2026,6,9
노원구,상계동,동아불암(1286-0),27,18,1999,939,14,2026,6,9
노원구,월계동,미륭,51.48,6,1986,3000,85,2026,6,9
노원구,월계동,사슴2,24.12,1,1995,587,7,2026,6,9
노원구,상계동,상계주공9(고층),49.94,11,1988,5000,100,2026,6,8
노원구,중계동,양지대림1(임대),30.6,1,1999,1043,15,2026,6,9
노원구,상계동,노원센트럴푸르지오,59.994,13,2021,52000,0,2026,6,5
노원구,상계동,상계주공7(고층),58.01,9,1988,28000,8,2026,6,6
노원구,월계동,미성,50.14,3,1986,32000,0,2026,6,8
노원구,중계동,양지대림2(임대),29.67,11,1999,1015,14,2026,6,9
노원구,월계동,서광,59.96,8,1994,32000,0,2026,6,3
노원구,월계동,한진한화그랑빌,59.94,15,2002,5000,147,2026,6,3
노원구,상계동,동아불암(1286-0),27,13,1999,939,14,2026,6,9
노원구,하계동,학여울청구118동(356),32.76,8,2002,908,14,2026,6,9
노원구,월계동,롯데캐슬루나,84.9852,10,2006,8000,210,2026,6,9
노원구,월계동,미성,50.14,7,1986,2000,86,2026,6,7
노원구,상계동,상계주공1(고층),41.3,8,1988,25000,0,2026,6,8
노원구,공릉동,공릉아파트,32.79,7,1999,2870,7,2026,6,8
노원구,상계동,상계주공11(고층),41.3,15,1988,3000,90,2026,6,6
노원구,상계동,"상계주공15(고층,공무원임대)",41.3,9,1988,13890,0,2026,6,8
노원구,상계동,상계1차중앙하이츠,134.97,4,1997,59000,0,2026,6,3
노원구,상계동,상계주공6(고층),32.39,11,1988,500,58,2026,6,8
노원구,중계동,중계3벽산,59.88,13,1999,43000,0,2026,6,8
노원구,하계동,하계1청구,84.6,1,1997,55000,0,2026,6,8
노원구,상계동,대동황토방,60,9,2001,20100,63,2026,6,6
노원구,공릉동,삼익포레스트아파트,84.6,12,1995,52000,0,2026,6,2
노원구,월계동,사슴2,24.12,11,1995,1416,3,2026,6,8
노원구,상계동,상계주공14(고층),49.94,4,1989,24000,0,2026,6,6
노원구,하계동,학여울청구118동(356),32.76,8,2002,908,14,2026,6,8
노원구,상계동,은빛1단지,39.7,7,1998,26000,0,2026,6,8
노원구,상계동,은빛2단지,39.7,3,1998,1500,90,2026,6,7
노원구,공릉동,태릉입구역청년주택YNTOWER,16.3,9,2021,3932,6,2026,6,8
노원구,중계동,주공6,44.1,12,1993,5000,70,2026,6,2
노원구,상계동,상계주공7(고층),41.3,6,1988,12000,32,2026,6,4
노원구,중계동,주공2,44.52,11,1992,26000,0,2026,6,8
노원구,월계동,사슴3,49.5,12,1995,25000,0,2026,6,6
노원구,월계동,미성,33.28,3,1986,11500,0,2026,6,8
노원구,공릉동,한일휴니스빌,13.62,10,2013,1000,55,2026,6,3
노원구,월계동,초안1,39.6,11,1998,2000,85,2026,6,6
노원구,월계동,미륭,51.48,13,1986,17520,0,2026,6,8
노원구,공릉동,청솔아파트8,84.83,7,2000,50000,0,2026,6,8
노원구,상계동,상계주공9(고층),49.94,3,1988,30000,0,2026,6,3
노원구,공릉동,공릉아파트,32.79,4,1999,2870,7,2026,6,8
노원구,상계동,상계주공1(고층),59.2,3,1988,35000,0,2026,6,7
노원구,월계동,현대,114.99,21,2000,70000,0,2026,6,8
노원구,상계동,"상계주공15(고층,공무원임대)",41.3,14,1988,13890,0,2026,6,8
노원구,상계동,상계주공13(고층),45.9,9,1989,5000,90,2026,6,6
노원구,상계동,상계주공7(고층),45.77,2,1988,2000,100,2026,6,8
노원구,월계동,미성,33.28,3,1986,1000,52,2026,6,3
노원구,중계동,주공5,44.94,11,1992,2000,100,2026,6,5
노원구,상계동,"상계주공15(고층,공무원임대)",41.3,14,1988,8178,11,2026,6,4
노원구,공릉동,공릉아파트,33.18,12,1999,1180,17,2026,6,8
노원구,중계동,중계그린1단지,39.91,11,1990,23000,0,2026,6,6
노원구,하계동,청솔(시영7),49.5,4,1989,30000,0,2026,6,6
노원구,공릉동,태강아파트(아이파크),49.6,3,1999,38000,0,2026,6,5
노원구,월계동,삼호3,59.22,5,1986,15000,80,2026,6,6
노원구,공릉동,삼익포레스트아파트,51.03,8,1995,28000,0,2026,6,6
노원구,상계동,상계주공11(고층),79.07,8,1988,31500,6,2026,6,1
노원구,상계동,"상계주공15(고층,공무원임대)",49.94,9,1988,17103,0,2026,6,4
노원구,월계동,미성,33.28,2,1986,3000,49,2026,6,6
노원구,상계동,"상계주공15(고층,공무원임대)",49.94,12,1988,16846,0,2026,6,4
노원구,상계동,"상계주공15(고층,공무원임대)",41.3,1,1988,10000,7,2026,6,2
노원구,상계동,"상계주공15(고층,공무원임대)",41.3,13,1988,4089,22,2026,6,4
노원구,상계동,상계주공4(고층),32.39,2,1988,2000,73,2026,6,5
노원구,상계동,상계주공7(고층),58.01,2,1988,30000,0,2026,6,5
노원구,상계동,상계주공10(고층),49.94,14,1988,19400,0,2026,6,5
노원구,상계동,상계주공4(고층),58.01,1,1988,3000,80,2026,6,3
노원구,상계동,상계주공4(고층),41.3,8,1988,2000,75,2026,6,3
노원구,월계동,삼호4,50.18,8,1987,2000,84,2026,6,5
노원구,공릉동,공릉동한보에센시티아파트,59.4,6,2000,37000,0,2026,6,5
노원구,공릉동,시영2단지(라이프)아파트,49.5,8,1994,30000,0,2026,6,1
노원구,중계동,성원2,84.78,11,1995,46000,0,2026,6,5
노원구,공릉동,삼익포레스트아파트,51.03,10,1995,28000,0,2026,6,5
노원구,월계동,성원(사슴4),49.92,13,1995,29400,0,2026,6,5
노원구,중계동,중계무지개,39.82,10,1991,21000,0,2026,6,5
노원구,중계동,주공5,44.52,12,1992,2000,95,2026,6,1
노원구,상계동,상계주공11(고층),68.86,9,1988,10000,150,2026,6,5
노원구,상계동,"상계주공15(고층,공무원임대)",41.3,15,1988,2778,32,2026,6,5
노원구,상계동,상계주공16(고층),59.39,10,1988,26200,0,2026,6,5
노원구,중계동,중계3벽산,59.88,9,1999,41500,0,2026,6,5
노원구,공릉동,태강아파트(아이파크),49.6,14,1999,33600,0,2026,6,4
노원구,상계동,"상계주공15(고층,공무원임대)",49.94,3,1988,11972,15,2026,6,4
노원구,상계동,상계주공6(고층),58.01,10,1988,33600,0,2026,6,5
노원구,하계동,학여울청구,84.77,1,1999,50400,0,2026,6,3
노원구,중계동,중계무지개,49.54,4,1991,33000,0,2026,6,5
노원구,공릉동,효성아파트,73.18,5,1995,28000,0,2026,6,5
노원구,중계동,주공5,76.51,7,1992,47775,0,2026,6,5
노원구,상계동,벽산,46.8,15,1989,1000,75,2026,6,5
노원구,중계동,주공5,44.94,4,1992,1000,65,2026,6,5
노원구,상계동,상계주공5(저층),31.98,2,1987,2000,32,2026,6,4
노원구,상계동,"상계주공15(고층,공무원임대)",41.3,3,1988,13890,0,2026,6,5
노원구,상계동,벽산,46.8,6,1989,3000,100,2026,6,3
노원구,공릉동,건영아파트,59.94,4,1998,35000,0,2026,6,2
노원구,중계동,주공5,44.94,10,1992,24000,0,2026,6,4
노원구,월계동,성북역신도브래뉴,84.8437,8,2005,12100,150,2026,6,3
노원구,상계동,"상계주공15(고층,공무원임대)",41.3,6,1988,13890,0,2026,6,4
노원구,상계동,"상계주공15(고층,공무원임대)",49.94,1,1988,15392,0,2026,6,4
노원구,상계동,"상계주공15(고층,공무원임대)",49.94,11,1988,17103,0,2026,6,5
노원구,월계동,동원베네스트,84.627,3,2005,48000,0,2026,6,3
노원구,상계동,"상계주공15(고층,공무원임대)",41.3,14,1988,13890,0,2026,6,4
노원구,상계동,상계주공14(고층),59.39,15,1989,9000,60,2026,6,1
노원구,상계동,상계주공9(고층),49.94,13,1988,32000,0,2026,6,3
노원구,상계동,상계우방유쉘,59.93,14,2000,25000,40,2026,6,4
노원구,월계동,주공2,38.64,15,1992,23000,0,2026,6,3
노원구,상계동,"상계주공15(고층,공무원임대)",49.94,13,1988,10107,15,2026,6,4
노원구,중계동,동진신안,134.74,1,1993,50000,150,2026,6,4
노원구,중계동,현대그린,84.99,4,1998,55000,0,2026,6,1
노원구,상계동,"상계주공15(고층,공무원임대)",41.3,9,1988,13890,0,2026,6,4
노원구,상계동,상계주공6(고층),41.3,3,1988,16275,0,2026,6,2
노원구,상계동,"상계주공15(고층,공무원임대)",49.94,11,1988,17103,0,2026,6,4
노원구,상계동,상계주공16(고층),59.39,14,1988,25000,40,2026,6,3
노원구,중계동,중계그린1단지,39.91,6,1990,25000,0,2026,6,3
노원구,상계동,상계주공7(고층),41.3,10,1988,20000,0,2026,6,4
노원구,상계동,상계주공7(고층),41.3,9,1988,23100,0,2026,6,3
노원구,중계동,삼성,59.9,4,1999,36000,0,2026,6,4
노원구,상계동,상계주공3(고층),58.01,12,1987,28350,0,2026,6,2
노원구,상계동,"상계주공15(고층,공무원임대)",49.94,2,1988,17103,0,2026,6,4
노원구,상계동,상계주공13(고층),45.9,5,1989,16000,0,2026,6,4
노원구,상계동,상계주공9(고층),49.94,11,1988,23900,0,2026,6,4
노원구,상계동,상계주공3(고층),59.2,2,1987,30000,0,2026,6,3
노원구,상계동,한신1차,53.96,1,1987,30000,0,2026,6,3
노원구,상계동,상계주공1(고층),58.01,6,1988,35000,0,2026,6,3
노원구,상계동,상계주공7(고층),45.9,7,1988,17000,20,2026,6,3
노원구,월계동,삼호3,59.22,14,1986,24000,0,2026,6,3
노원구,상계동,상계주공13(고층),45.9,10,1989,6150,43,2026,6,3
노원구,상계동,"상계주공15(고층,공무원임대)",49.94,2,1988,17103,0,2026,6,2
노원구,중계동,청구3,84.77,6,1996,80000,0,2026,6,2
노원구,상계동,청암2단지,49.77,14,2001,22000,12,2026,6,3
노원구,상계동,상계주공13(고층),45.9,5,1989,26000,0,2026,6,2
노원구,상계동,"상계주공15(고층,공무원임대)",49.94,4,1988,13476,8,2026,6,2
노원구,상계동,수락파크빌,114.82,15,2001,40000,100,2026,6,3
노원구,하계동,장미(시영6),49.75,14,1989,26040,0,2026,6,4
노원구,월계동,한진한화그랑빌,84.97,21,2002,65000,0,2026,6,3
노원구,하계동,한신1,44.52,1,1988,28000,0,2026,6,1
노원구,월계동,한진한화그랑빌,84.97,3,2002,65000,0,2026,6,3
노원구,중계동,롯데(505),84.97,11,1989,60000,0,2026,6,3
노원구,공릉동,공릉행복주택,40.32,12,2019,13600,15,2026,6,1
노원구,공릉동,대아아파트1차,84.86,5,1997,40500,0,2026,6,2
노원구,상계동,"상계주공15(고층,공무원임대)",41.3,3,1988,8334,16,2026,6,2
노원구,상계동,"상계주공15(고층,공무원임대)",49.94,7,1988,17103,0,2026,6,2
노원구,상계동,상계주공2(고층),58.01,14,1987,26670,0,2026,6,2
노원구,중계동,현대(6차),59.84,8,2018,35700,0,2026,6,1
노원구,월계동,삼호3,59.22,14,1986,28000,0,2026,6,1
노원구,상계동,상계주공2(고층),41.3,10,1987,24000,0,2026,6,2
노원구,중계동,중계그린1단지,44.1,1,1990,26250,0,2026,6,2
노원구,상계동,상계주공1(고층),58.01,5,1988,33000,0,2026,6,2
노원구,공릉동,태강아파트(아이파크),49.6,6,1999,26000,0,2026,6,1
노원구,상계동,상계불암대림,84.96,11,2000,8000,150,2026,6,2
노원구,월계동,삼호3,59.22,3,1986,30000,0,2026,6,2
노원구,상계동,"상계주공15(고층,공무원임대)",49.94,1,1988,15392,0,2026,6,2
노원구,중계동,주공8,49.72,4,1993,39000,0,2026,6,2
노원구,공릉동,태강아파트(아이파크),49.6,12,1999,26000,0,2026,6,1
노원구,하계동,현대,84.95,11,1988,58000,0,2026,6,1
노원구,상계동,"상계주공15(고층,공무원임대)",49.94,6,1988,17103,0,2026,6,1
노원구,상계동,"상계주공15(고층,공무원임대)",49.94,4,1988,17103,0,2026,6,1
노원구,상계동,"상계주공15(고층,공무원임대)",49.94,5,1988,3420,40,2026,6,1
노원구,상계동,"상계주공15(고층,공무원임대)",41.3,4,1988,13890,0,2026,6,1
노원구,상계동,해링턴플레이스노원센트럴,59.9622,13,2025,8600,119,2026,6,1
노원구,상계동,상계주공9(고층),49.94,10,1988,3000,55,2026,6,1
노원구,상계동,상계주공6(고층),32.39,9,1988,2000,80,2026,6,1
노원구,중계동,금호타운(583),84.98,7,1997,57000,0,2026,6,1
노원구,상계동,은빛1단지,39.7,15,1998,3000,85,2026,6,1
노원구,중계동,주공6,44.1,1,1993,1000,73,2026,6,1
노원구,상계동,상계주공6(고층),49.94,4,1988,20000,50,2026,6,1
은평구,응암동,대주피오레,59.66,4,2003,33500,0,2026,6,6
은평구,진관동,박석고개1단지힐스테이트(116~131동)임대BL2-1,39.72,3,2009,6949,0,2026,6,10
은평구,진관동,은뜨락,39.487,10,2019,10188,39,2026,6,12
은평구,불광동,북한산현대홈타운,59.9765,5,2004,35000,50,2026,6,4
은평구,대조동,서경아파트,30.33,10,2017,22600,10,2026,6,11
은평구,응암동,녹번역센트레빌,84.9,8,2013,60000,0,2026,6,3
은평구,증산동,DMC센트럴자이(2단지),39.48,8,2023,9499,35,2026,6,11
은평구,증산동,DMC센트럴자이(2단지),39.48,7,2023,9499,35,2026,6,11
은평구,증산동,DMC센트럴자이(2단지),39.48,2,2023,9499,35,2026,6,12
은평구,녹번동,래미안베라힐즈,38.28,17,2019,13968,52,2026,6,12
은평구,수색동,DMC롯데캐슬더퍼스트,59.96,18,2021,20000,190,2026,6,12
은평구,갈현동,호림리슈리안아파트,56.7496,16,2022,56900,0,2026,6,5
은평구,구산동,구산주택,33.95,9,2022,9100,62,2026,6,5
은평구,증산동,DMC센트럴자이(2단지),39.66,10,2023,9499,35,2026,6,12
은평구,갈현동,한솔,84.93,9,1997,47000,0,2026,6,11
은평구,응암동,힐스테이트녹번역,41.5,10,2022,13088,46,2026,6,12
은평구,신사동,미성,63.53,5,1987,5000,70,2026,6,12
은평구,응암동,녹번역e편한세상캐슬,59.96,9,2021,10000,185,2026,6,12
은평구,응암동,힐스테이트녹번역,41.5,2,2022,13088,46,2026,6,12
은평구,진관동,박석고개1단지힐스테이트(116~131동)BL2-1,84.72,8,2009,24990,104,2026,6,10
은평구,신사동,대주파크빌,84.8,4,2004,45000,0,2026,6,12
은평구,응암동,e편한세상백련산,84.72,4,2022,66000,0,2026,6,10
은평구,증산동,DMC센트럴자이(3단지),84.92,5,2023,73000,55,2026,6,12
은평구,불광동,불광롯데캐슬,59.99,4,2018,52000,0,2026,6,11
은평구,신사동,새한,82.95,2,2004,34500,0,2026,6,12
은평구,응암동,녹번역e편한세상캐슬,59.96,6,2021,57750,0,2026,6,11
은평구,녹번동,래미안베라힐즈,43.74,15,2019,17760,64,2026,6,12
은평구,증산동,DMC센트럴자이(2단지),39.48,11,2023,9499,35,2026,6,12
은평구,수색동,DMC롯데캐슬더퍼스트,84.87,15,2021,10000,280,2026,6,11
은평구,구산동,구산그린빌,19.4,5,2009,117,4,2026,6,11
은평구,녹번동,래미안베라힐즈,38.28,8,2019,13968,52,2026,6,11
은평구,진관동,상림마을6단지푸르지오(615~621동)BL1-6,59.75,10,2008,18597,0,2026,6,11
은평구,진관동,은평스카이뷰자이,84.7488,6,2019,60637,0,2026,6,11
은평구,응암동,디우아르떼,39.44,7,2019,5000,140,2026,6,10
은평구,진관동,힐데스하임,42.24,16,2017,42000,0,2026,6,6
은평구,진관동,박석고개1단지힐스테이트(116~131동)임대BL2-1,84.72,6,2009,39771,0,2026,6,11
은평구,진관동,마고정3단지센트레빌(323~335동)BL2-2,84.04,3,2009,37878,0,2026,6,11
은평구,진관동,폭포동4단지힐스테이트(401~407동)임대BL2-10,84.98,11,2010,37878,0,2026,6,11
은평구,대조동,베르디움STAY1,48.9148,12,2022,26100,16,2026,6,11
은평구,증산동,DMC센트럴자이(2단지),39.66,8,2023,9499,35,2026,6,10
은평구,증산동,DMC센트럴자이(2단지),39.48,5,2023,9499,35,2026,6,10
은평구,응암동,백련산에스케이뷰아이파크,36.082,8,2020,9330,26,2026,6,11
은평구,증산동,DMC센트럴자이(2단지),39.48,8,2023,9499,35,2026,6,11
은평구,증산동,DMC센트럴자이(2단지),39.66,7,2023,9499,35,2026,6,11
은평구,역촌동,역촌센트레빌,84.89,5,2011,12230,130,2026,6,9
은평구,신사동,라이프씨티,83.04,15,1992,38000,0,2026,6,11
은평구,녹번동,래미안베라힐즈,38.28,4,2019,13968,52,2026,6,11
은평구,진관동,은평스카이뷰자이,84.7488,6,2019,60637,0,2026,6,11
은평구,진관동,폭포동4단지힐스테이트(401~407동)임대BL2-10,84.95,3,2010,37878,0,2026,6,10
은평구,녹번동,래미안베라힐즈,38.28,16,2019,13968,52,2026,6,10
은평구,응암동,녹번역e편한세상캐슬,59.96,15,2021,65000,0,2026,6,10
은평구,녹번동,녹번JR아파트,59.866,10,2002,44000,0,2026,6,10
은평구,응암동,백련산힐스테이트4차,59.98,1,2018,31941,0,2026,6,11
은평구,수색동,DMC롯데캐슬더퍼스트,59.96,18,2021,58500,0,2026,6,11
은평구,녹번동,힐스테이트녹번,39.006,17,2019,11808,47,2026,6,11
은평구,응암동,녹번역e편한세상캐슬,39.95,9,2021,14520,53,2026,6,11
은평구,녹번동,래미안베라힐즈,38.28,3,2019,13968,52,2026,6,11
은평구,녹번동,래미안베라힐즈,38.28,6,2019,9531,25,2026,6,10
은평구,불광동,극동메트로타워,104.49,15,2001,47200,0,2026,6,8
은평구,응암동,백련산힐스테이트3차,59.63,5,2011,46000,0,2026,6,3
은평구,녹번동,래미안베라힐즈,43.74,15,2019,17760,64,2026,6,10
은평구,대조동,뉴캐슬,15.3,11,2013,9900,0,2026,6,10
은평구,응암동,힐스테이트녹번역,41.5,5,2022,13088,46,2026,6,10
은평구,진관동,은뜨락,39.487,2,2019,10188,39,2026,6,10
은평구,녹번동,래미안베라힐즈,43.74,17,2019,17760,64,2026,6,10
은평구,녹번동,래미안베라힐즈,38.28,6,2019,13968,52,2026,6,10
은평구,대조동,뉴캐슬,15.3,11,2013,9900,0,2026,6,10
은평구,역촌동,역산미르빌,81.17,6,2003,25000,0,2026,6,1
은평구,응암동,힐스테이트녹번역,84.99,14,2022,80000,0,2026,6,10
은평구,녹번동,래미안베라힐즈,43.74,8,2019,17760,64,2026,6,10
은평구,진관동,구파발9단지래미안(901~915동)임대BL3-3,84.84,9,2010,36189,0,2026,6,10
은평구,수색동,DMC아트포레자이,59.9,11,2023,63000,0,2026,6,10
은평구,진관동,은뜨락,39.487,5,2019,10188,39,2026,6,10
은평구,수색동,DMC파인시티자이,84.96,16,2025,80000,0,2026,6,10
은평구,응암동,백련산에스케이뷰아이파크,36.082,8,2020,10600,27,2026,6,10
은평구,수색동,DMCSK뷰아이파크포레,59.96,6,2025,63000,0,2026,6,6
은평구,증산동,미그린,84.898,3,2007,55650,0,2026,6,3
은평구,진관동,상림마을7단지아이파크(709~712동)BL1-10,134.96,6,2008,63000,0,2026,6,10
은평구,갈현동,THESTUDIO163,19.69,17,2024,8500,39,2026,6,8
은평구,증산동,디오반,14.46,3,2011,1000,50,2026,6,9
은평구,대조동,베르디움STAY1,21.9733,15,2022,4378,19,2026,6,10
은평구,갈현동,호림리슈리안아파트,56.7496,5,2022,45500,0,2026,6,10
은평구,수색동,DMC롯데캐슬더퍼스트,114.95,19,2021,90000,0,2026,6,8
은평구,대조동,베르디움STAY1,21.9733,26,2022,4378,19,2026,6,10
은평구,녹번동,래미안베라힐즈,38.28,19,2019,14720,59,2026,6,10
은평구,증산동,DMC우방,114.97,18,2000,55000,0,2026,6,5
은평구,진관동,구파발9단지래미안(901~915동)임대BL3-3,84.84,1,2010,36189,0,2026,6,9
은평구,진관동,구파발9단지래미안(901~915동)임대BL3-3,84.91,14,2010,36189,0,2026,6,9
은평구,진관동,구파발9단지래미안(901~915동)임대BL3-3,84.84,7,2010,36189,0,2026,6,9
은평구,진관동,구파발9단지래미안(901~915동)임대BL3-3,84.91,15,2010,36189,0,2026,6,9
은평구,진관동,폭포동4단지힐스테이트(401~407동)임대BL2-10,84.97,10,2010,29562,0,2026,6,9
은평구,진관동,마고정3단지센트레빌(310~322동)BL2-3,84.16,6,2009,28155,0,2026,6,9
은평구,진관동,박석고개1단지힐스테이트(116~131동)임대BL2-1,84.49,8,2009,39771,0,2026,6,9
은평구,진관동,구파발9단지래미안(901~915동)임대BL3-3,84.93,7,2010,36189,0,2026,6,9
은평구,진관동,구파발9단지래미안(901~915동)임대BL3-3,84.96,11,2010,36189,0,2026,6,9
은평구,응암동,응암푸르지오,59.58,4,2008,8000,140,2026,6,6
은평구,진관동,구파발9단지래미안(901~915동)임대BL3-3,84.91,7,2010,36189,0,2026,6,9
은평구,진관동,마고정3단지센트레빌(323~335동)BL2-2,84.04,9,2009,37878,0,2026,6,8
은평구,응암동,백련산에스케이뷰아이파크,40.6525,21,2020,11454,29,2026,6,9
은평구,진관동,구파발9단지래미안(901~915동)임대BL3-3,84.93,4,2010,40057,0,2026,6,9
은평구,신사동,미성,63.53,7,1987,42000,0,2026,6,9
은평구,불광동,북한산현대홈타운,59.9765,10,2004,51000,0,2026,6,6
은평구,진관동,구파발9단지래미안(901~915동)임대BL3-3,84.84,6,2010,36189,0,2026,6,9
은평구,진관동,구파발9단지래미안(901~915동)임대BL3-3,84.91,10,2010,36189,0,2026,6,9
은평구,진관동,구파발9단지래미안(901~915동)임대BL3-3,84.84,10,2010,40057,0,2026,6,9
은평구,진관동,구파발10단지어울림(1020~1028동)임대BL3-5,84.85,1,2012,36189,0,2026,6,9
은평구,진관동,구파발9단지래미안(901~915동)임대BL3-3,39.92,10,2010,5442,12,2026,6,9
은평구,대조동,베르디움STAY1,48.9148,18,2022,26100,16,2026,6,9
은평구,진관동,은평뉴타운 제각말 푸르지오(5-4단지),84.89,4,2010,20000,120,2026,6,9
은평구,역촌동,소망,43.88,6,2002,2000,70,2026,6,9
은평구,대조동,하늘도시,12.4,8,2016,2000,47,2026,6,8
은평구,응암동,우성,115.67,1,1988,55500,0,2026,6,9
은평구,응암동,백련산에스케이뷰아이파크,40.6525,10,2020,12055,30,2026,6,9
은평구,대조동,베르디움STAY1,21.9733,12,2022,4378,19,2026,6,9
은평구,대조동,영화타워,13.64,3,2013,1000,47,2026,6,9
은평구,수색동,DMC롯데캐슬더퍼스트,49.86,1,2021,18255,47,2026,6,9
은평구,대조동,베르디움STAY1,24.2466,23,2022,12100,24,2026,6,9
은평구,불광동,불광롯데캐슬,59.99,5,2018,60500,0,2026,6,8
은평구,대조동,베르디움STAY1,21.9733,15,2022,4378,19,2026,6,9
은평구,응암동,백련산힐스테이트4차,84.98,4,2018,10000,145,2026,6,3
은평구,녹번동,녹번JR아파트,84.923,6,2002,51000,0,2026,6,5
은평구,응암동,백련산힐스테이트1차,84.21,1,2011,52500,0,2026,6,9
은평구,녹번동,래미안베라힐즈,59.98,9,2019,53000,40,2026,6,8
은평구,대조동,워너빌,14.85,7,2013,9800,0,2026,6,8
은평구,응암동,녹번역e편한세상캐슬,59.96,10,2021,45000,0,2026,6,8
은평구,응암동,백련산힐스테이트4차,84.98,9,2018,62500,0,2026,6,6
은평구,응암동,백련산해모로,59.93,9,2020,43000,40,2026,6,8
은평구,응암동,응암아네스트,13.6793,11,2014,1000,53,2026,6,8
은평구,불광동,북한산현대힐스테이트3차아파트,59.99,12,2010,25000,120,2026,6,6
은평구,불광동,북한산현대힐스테이트3차아파트,115.41,11,2010,75000,0,2026,6,6
은평구,진관동,박석고개1단지힐스테이트(116~131동)임대BL2-1,84.49,15,2009,39771,0,2026,6,8
은평구,수색동,DMC롯데캐슬더퍼스트,84.87,3,2021,53000,41,2026,6,8
은평구,진관동,박석고개1단지힐스테이트(101~111동)임대BL2-12,84.49,13,2009,39771,0,2026,6,8
은평구,대조동,주주베에이,12.77,10,2014,10000,23,2026,6,6
은평구,증산동,두성,81.14,6,2003,40000,0,2026,6,8
은평구,응암동,백련산해모로,59.93,15,2020,10000,110,2026,6,6
은평구,대조동,베르디움STAY1,21.9733,8,2022,4378,19,2026,6,8
은평구,녹번동,대림아파트(276),84.68,7,1993,35000,0,2026,6,8
은평구,응암동,녹번역e편한세상캐슬,59.94,9,2021,72000,0,2026,6,7
은평구,응암동,백련산힐스테이트3차,59.63,3,2011,53000,0,2026,6,6
은평구,진관동,폭포동4단지힐스테이트(401~407동)임대BL2-10,84.98,16,2010,29562,0,2026,6,5
은평구,대조동,베르디움STAY1,24.2466,15,2022,4746,21,2026,6,8
은평구,진관동,박석고개1단지힐스테이트(101~111동)BL2-12,84.72,6,2009,29000,70,2026,6,8
은평구,진관동,폭포동4단지힐스테이트(401~407동)임대BL2-10,84.96,14,2010,37878,0,2026,6,6
은평구,대조동,뉴캐슬,16.56,11,2013,9900,0,2026,6,6
은평구,응암동,녹번역e편한세상캐슬,84.97,16,2021,80000,0,2026,6,6
은평구,불광동,북한산래미안아파트(2단지),84.9885,13,2010,51030,0,2026,6,7
은평구,진관동,구파발10단지어울림(1020~1028동)임대BL3-5,59.99,8,2012,16107,0,2026,6,8
은평구,불광동,불광롯데캐슬,59.99,5,2018,60500,0,2026,6,6
은평구,응암동,녹번역e편한세상캐슬,44.85,9,2021,5000,210,2026,6,6
은평구,증산동,DMC센트럴자이(3단지),84.96,13,2023,75000,20,2026,6,6
은평구,진관동,박석고개1단지힐스테이트(116~131동)BL2-1,84.49,5,2009,65000,0,2026,6,6
은평구,신사동,신성수정,59.63,1,1996,31500,0,2026,6,6
은평구,응암동,백련산해모로,50.74,11,2020,5000,175,2026,6,6
은평구,증산동,DMC센트럴자이(3단지),84.96,24,2023,60000,115,2026,6,3
은평구,응암동,e편한세상백련산,84.72,8,2022,70000,0,2026,6,6
은평구,진관동,구파발9단지래미안(916~928동)BL3-2,166.75,10,2010,79000,0,2026,6,6
은평구,녹번동,힐스테이트녹번,59.9,16,2019,65000,0,2026,6,5
은평구,녹번동,북한산푸르지오,84.99,5,2015,66000,0,2026,6,5
은평구,대조동,베르디움STAY1,38.9758,6,2022,17200,34,2026,6,4
은평구,진관동,박석고개1단지힐스테이트(116~131동)임대BL2-1,84.49,11,2009,39771,0,2026,6,5
은평구,수색동,DMCSK뷰아이파크포레,39.97,3,2025,45000,0,2026,6,3
은평구,구산동,구산주택,33.95,16,2022,9100,64,2026,6,5
은평구,불광동,북한산래미안아파트(1단지),114.9986,15,2010,78000,0,2026,6,5
은평구,대조동,영화노블레스아파트,21.74,6,2019,3000,90,2026,6,4
은평구,응암동,녹번역e편한세상캐슬,59.96,8,2021,63000,0,2026,6,4
은평구,대조동,유성아이비아파트,44.46,13,2014,26000,20,2026,6,1
은평구,녹번동,대림아파트(276),84.94,8,1993,5000,215,2026,6,2
은평구,응암동,녹번역e편한세상캐슬,59.97,16,2021,35000,122,2026,6,3
은평구,갈현동,THESTUDIO163,19.17,8,2024,8300,38,2026,6,1
은평구,갈현동,유호루하스,16.768,5,2018,1000,50,2026,6,4
은평구,증산동,디오반,14.46,5,2011,8000,20,2026,6,4
은평구,불광동,한화생명불광동사옥,17.12,11,2021,1000,70,2026,6,3
은평구,갈현동,THESTUDIO163,19.17,12,2024,7000,32,2026,6,5
은평구,녹번동,북한산푸르지오,84.99,2,2015,65000,0,2026,6,5
은평구,수색동,DMC롯데캐슬더퍼스트,59.96,17,2021,65000,0,2026,6,4
은평구,신사동,세민하이파크,40.19,5,2017,34000,0,2026,6,3
은평구,수색동,e편한세상 수색 에코포레,59.895,1,2003,45000,0,2026,6,4
은평구,신사동,대주파크빌,59.99,2,2004,30000,50,2026,6,4
은평구,진관동,은평뉴타운 제각말 푸르지오(5-2단지),101.9,5,2010,57000,10,2026,6,3
은평구,응암동,백련산힐스테이트3차,84.59,5,2011,45000,70,2026,6,4
은평구,대조동,베르디움STAY1,38.9758,6,2022,17200,34,2026,6,4
은평구,진관동,마고정3단지센트레빌(301~309동)BL2-11,84.17,10,2009,52000,0,2026,6,4
은평구,신사동,현대1,84.17,8,1997,46000,0,2026,6,2
은평구,진관동,은평스카이뷰자이,84.3363,12,2019,78000,0,2026,6,3
은평구,진관동,은평뉴타운 제각말 푸르지오(5-2단지),101.9,5,2010,57000,120,2026,6,3
은평구,신사동,미성,63.53,5,1987,35000,0,2026,6,3
은평구,응암동,백련산파크자이,49.759,9,2021,15000,60,2026,6,3
은평구,녹번동,북한산푸르지오,59.99,7,2015,65000,0,2026,6,3
은평구,응암동,녹번역e편한세상캐슬,59.94,10,2021,65000,0,2026,6,3
은평구,진관동,구파발10단지어울림(1020~1028동)임대BL3-5,59.99,7,2012,16107,0,2026,6,4
은평구,진관동,우물골2단지두산위브(245~255동)BL2-6,84.51,5,2009,20000,180,2026,6,3
은평구,수색동,e편한세상 수색 에코포레,59.895,4,2003,40000,8,2026,6,3
은평구,갈현동,THESTUDIO163,19.69,18,2024,8500,39,2026,6,4
은평구,진관동,박석고개1단지힐스테이트(116~131동)임대BL2-1,84.49,9,2009,39771,0,2026,6,4
은평구,신사동,현대1,84.17,6,1997,5000,135,2026,6,1
은평구,대조동,베르디움STAY1,48.9148,7,2022,20300,39,2026,6,2
은평구,응암동,e편한세상백련산,84.72,14,2022,61000,0,2026,6,2
은평구,갈현동,호림리슈리안아파트,56.7496,9,2022,55800,0,2026,6,2
은평구,진관동,폭포동4단지힐스테이트(401~407동)임대BL2-10,84.98,14,2010,37878,0,2026,6,2
은평구,신사동,은평자이더스타,49.9714,21,2026,45000,0,2026,6,1
은평구,증산동,DMC센트럴자이(1단지),84.92,4,2023,73500,0,2026,6,1
은평구,대조동,베르디움STAY1,20.2367,21,2022,9665,16,2026,6,2
은평구,증산동,DMC월드,80.931,15,2002,49300,0,2026,6,2
은평구,응암동,백련산파크자이,59.789,5,2021,47000,0,2026,6,2
은평구,응암동,녹번역e편한세상캐슬,59.96,15,2021,54500,0,2026,6,1
은평구,증산동,DMC센트럴자이(3단지),84.97,7,2023,79800,0,2026,6,1
은평구,응암동,우성,80.99,5,1988,15000,34,2026,6,1
은평구,대조동,베르디움STAY1,21.9733,6,2022,11500,24,2026,6,1
은평구,진관동,구파발10단지어울림(1001~1010동)장기전세BL3-4,84.78,3,2010,36030,0,2026,6,1
은평구,갈현동,THESTUDIO163,17.89,10,2024,7800,36,2026,6,1
서대문구,홍은동,두산,84.84,6,1997,40000,0,2026,6,6
서대문구,홍제동,홍제한양,60.06,2,1993,15000,60,2026,6,3
서대문구,창천동,3RU-City,14.81,7,2013,1000,75,2026,6,6
서대문구,북아현동,신촌푸르지오,84.9559,8,2015,55000,140,2026,6,11
서대문구,남가좌동,DMC에코자이,39.885,1,2019,12996,46,2026,6,12
서대문구,홍제동,인왕산현대,59.93,11,2000,45150,0,2026,6,2
서대문구,현저동,독립문극동(200-0),59.58,15,1998,60000,0,2026,6,12
서대문구,합동,에스케이뷰,84.909,6,2008,77000,0,2026,6,12
서대문구,홍은동,힐스테이트홍은포레스트,84.53,8,2023,55000,0,2026,6,11
서대문구,홍제동,청구3차,59.4,5,2001,5000,180,2026,6,11
서대문구,홍제동,서대문푸르지오센트럴파크,34.9,8,2023,7992,31,2026,6,12
서대문구,충정로3가,더스타일하우스디센트럴,17.6626,8,2020,5310,37,2026,6,5
서대문구,홍제동,홍제역해링턴플레이스,39.38,10,2024,11977,42,2026,6,11
서대문구,북가좌동,DMC한양,105.88,1,1987,25000,100,2026,6,12
서대문구,북아현동,힐스테이트신촌,84.9154,7,2023,78000,0,2026,6,11
서대문구,충정로3가,더스타일하우스디센트럴,16.0626,8,2020,3650,37,2026,6,11
서대문구,홍제동,홍제역해링턴플레이스,114.95,7,2024,94500,0,2026,6,12
서대문구,홍제동,서대문푸르지오센트럴파크,34.9,9,2023,7992,31,2026,6,12
서대문구,홍제동,서대문푸르지오센트럴파크,34.9,3,2023,7992,31,2026,6,11
서대문구,남가좌동,DMC센트럴아이파크,59.91,16,2018,14640,56,2026,6,11
서대문구,홍은동,풍림1차,64.53,2,1988,30000,40,2026,6,11
서대문구,남가좌동,DMC금호리첸시아,74.343,22,2024,30000,140,2026,6,11
서대문구,남가좌동,DMC에코자이,39.885,9,2019,12996,46,2026,6,11
서대문구,남가좌동,DMC센트럴아이파크,59.99,3,2018,14640,56,2026,6,11
서대문구,충정로3가,더스타일하우스디센트럴,36.1962,18,2020,8980,75,2026,6,10
서대문구,북아현동,e편한세상신촌1단지,59.85,18,2018,90000,0,2026,6,2
서대문구,남가좌동,DMC센트럴아이파크,59.91,3,2018,14640,56,2026,6,11
서대문구,홍제동,홍제역해링턴플레이스,84.95,3,2024,80000,0,2026,6,10
서대문구,남가좌동,DMC파크뷰자이2단지,84.968,14,2015,78750,0,2026,6,11
서대문구,남가좌동,래미안남가좌2차,59.788,8,2005,65000,0,2026,6,10
서대문구,북아현동,두산,59.96,1,1999,3000,112,2026,6,6
서대문구,홍제동,홍제역해링턴플레이스,39.38,11,2024,11977,42,2026,6,11
서대문구,홍제동,홍제현대,75.15,15,1992,53550,0,2026,6,9
서대문구,홍은동,북한산두산위브2차,59.7501,9,2021,14000,54,2026,6,11
서대문구,홍제동,홍제역해링턴플레이스,39.38,2,2024,11977,42,2026,6,10
서대문구,남가좌동,DMC에코자이,84.978,10,2019,80000,20,2026,6,10
서대문구,남가좌동,DMC에코자이,39.668,2,2019,12996,46,2026,6,10
서대문구,남가좌동,DMC파크뷰자이2단지,84.909,19,2015,10000,310,2026,6,2
서대문구,홍은동,북한산두산위브,33.05,2,2020,11986,42,2026,6,10
서대문구,영천동,독립문삼호,75.66,17,1995,62000,0,2026,6,10
서대문구,남가좌동,DMC파크뷰자이1단지,84.971,10,2015,83000,0,2026,6,9
서대문구,충정로3가,더스타일하우스디센트럴,35.3732,8,2020,6463,7,2026,6,10
서대문구,홍은동,북한산두산위브2차,59.7501,9,2021,14000,54,2026,6,10
서대문구,남가좌동,래미안남가좌2차,59.788,15,2005,7000,198,2026,6,5
서대문구,북아현동,힐스테이트신촌,84.6043,7,2023,75600,0,2026,6,4
서대문구,충정로3가,더스타일하우스디센트럴,36.1962,11,2020,7720,77,2026,6,9
서대문구,북아현동,힐스테이트신촌,84.6043,2,2023,73860,0,2026,6,9
서대문구,홍제동,서대문푸르지오센트럴파크,34.9,11,2023,7992,31,2026,6,10
서대문구,홍제동,서대문푸르지오센트럴파크,34.9,7,2023,7992,31,2026,6,10
서대문구,남가좌동,DMC센트럴아이파크,59.91,17,2018,14640,56,2026,6,10
서대문구,남가좌동,DMC파크뷰자이5단지,59.981,3,2015,62350,0,2026,6,10
서대문구,홍은동,북한산두산위브2차,59.7501,11,2021,14000,54,2026,6,10
서대문구,홍제동,금호어울림,84.949,13,2016,60900,0,2026,6,10
서대문구,연희동,연희파크푸르지오,112.8619,6,2018,87000,0,2026,6,10
서대문구,충정로3가,충정,86.61,3,1969,1000,0,2026,6,10
서대문구,북아현동,신촌푸르지오,84.9892,5,2015,60000,120,2026,6,10
서대문구,연희동,대정이오스,29.76,6,2023,2945,30,2026,6,9
서대문구,남가좌동,래미안남가좌2차,59.788,13,2005,30000,140,2026,6,7
서대문구,연희동,연희자이엘라,13.642,7,2014,1000,75,2026,6,5
서대문구,북아현동,힐스테이트신촌,37.969,16,2023,30000,115,2026,6,3
서대문구,남가좌동,남가좌동현대,114.9,20,1999,70300,0,2026,6,2
서대문구,북가좌동,DMC아이파크,32.86,5,2009,2666,24,2026,6,9
서대문구,충정로2가,현대,84.42,8,1992,43000,40,2026,6,6
서대문구,충정로3가,더스타일하우스디센트럴,16.0626,3,2020,2507,4,2026,6,9
서대문구,충정로3가,더스타일하우스디센트럴,36.1962,23,2020,8980,74,2026,6,2
서대문구,남가좌동,래미안남가좌2차,84.806,12,2005,74000,0,2026,6,6
서대문구,영천동,독립문삼호,84.78,3,1995,62000,0,2026,6,9
서대문구,남가좌동,남가좌동현대,59.4,12,1999,34650,0,2026,6,8
서대문구,홍은동,초원,49.26,3,1988,6000,55,2026,6,9
서대문구,충정로3가,더스타일하우스디센트럴,35.3732,13,2020,6463,7,2026,6,9
서대문구,냉천동,동부센트레빌,84.93,1,2002,65000,0,2026,6,8
서대문구,충정로3가,더스타일하우스디센트럴,16.0626,23,2020,4870,34,2026,6,9
서대문구,북아현동,힐스테이트신촌,84.6043,1,2023,60000,60,2026,6,6
서대문구,남가좌동,DMC파크뷰자이1단지,84.974,20,2015,60000,120,2026,6,8
서대문구,북아현동,e편한세상신촌4단지,84.82,31,2018,95000,0,2026,6,3
서대문구,홍제동,홍제한양,60.06,2,1993,15000,60,2026,6,3
서대문구,대현동,파라타워,15.792,7,2020,1000,120,2026,6,1
서대문구,대현동,신촌럭키,59.7,7,1999,10000,150,2026,6,1
서대문구,북가좌동,DMC아이파크,114.94,15,2009,68000,0,2026,6,5
서대문구,현저동,독립문극동(200-0),59.58,16,1998,15000,180,2026,6,8
서대문구,남가좌동,DMC래미안클라시스,84.9,10,2000,52500,0,2026,6,2
서대문구,북아현동,e편한세상신촌1단지,84.93,12,2018,86100,0,2026,6,4
서대문구,홍제동,청구3차,59.4,5,2001,44100,0,2026,6,6
서대문구,남가좌동,DMC래미안클라시스,114.88,2,2000,55000,0,2026,6,4
서대문구,남가좌동,DMC파크뷰자이1단지,84.968,7,2015,70000,0,2026,6,8
서대문구,북가좌동,DMC래미안e편한세상,59.97,7,2012,20000,200,2026,6,5
서대문구,홍은동,북한산두산위브,59.96,8,2020,50000,0,2026,6,7
서대문구,남가좌동,남가좌동현대,59.4,7,1999,48800,0,2026,6,5
서대문구,북아현동,두산,59.96,8,1999,42000,40,2026,6,6
서대문구,남가좌동,DMC센트럴아이파크,59.91,16,2018,66000,0,2026,6,5
서대문구,북가좌동,DMC래미안e편한세상,84.92,34,2012,85000,0,2026,6,4
서대문구,남가좌동,DMC센트레빌,84.98,2,2009,68000,0,2026,6,7
서대문구,홍은동,서대문노블루체,27.59,12,2018,22806,22,2026,6,3
서대문구,남가좌동,래미안루센티아,34.12,10,2020,12333,32,2026,6,4
서대문구,홍제동,인왕산현대,59.93,14,2000,1500,100,2026,6,5
서대문구,충정로3가,더스타일하우스디센트럴,35.3732,12,2020,7550,80,2026,6,5
서대문구,남가좌동,래미안루센티아,59.98,10,2020,70000,0,2026,6,5
서대문구,현저동,독립문극동(200-0),102.45,4,1998,68250,0,2026,6,3
서대문구,남가좌동,DMC파크뷰자이1단지,84.971,14,2015,94000,0,2026,6,3
서대문구,남가좌동,래미안루센티아,84.83,17,2020,71400,0,2026,6,5
서대문구,남가좌동,DMC파크뷰자이4단지,84.968,10,2015,53000,80,2026,6,3
서대문구,남가좌동,DMC센트럴아이파크,84.95,13,2018,63000,50,2026,6,5
서대문구,남가좌동,DMC파크뷰자이1단지,84.968,11,2015,50000,135,2026,6,5
서대문구,북아현동,e편한세상신촌1단지,84.98,7,2018,95000,0,2026,6,5
서대문구,홍제동,홍제한양,60.06,8,1993,48000,0,2026,6,1
서대문구,북가좌동,DMC래미안e편한세상,84.92,34,2012,85000,0,2026,6,4
서대문구,합동,에스케이뷰,59.956,12,2008,2000,315,2026,6,1
서대문구,남가좌동,DMC파크뷰자이1단지,84.971,19,2015,20000,208,2026,6,2
서대문구,북가좌동,DMC휴먼빌아파트,84.21,2,2008,51450,0,2026,6,3
서대문구,북아현동,e편한세상신촌2단지,84.93,20,2018,100000,0,2026,6,4
서대문구,홍제동,서대문푸르지오센트럴파크,55.25,14,2023,46300,0,2026,6,3
서대문구,북아현동,두산,59.96,10,1999,54600,0,2026,6,2
서대문구,홍제동,성원,41.5,5,1998,27300,0,2026,6,4
서대문구,충정로3가,더스타일하우스디센트럴,17.6626,8,2020,3990,42,2026,6,2
서대문구,홍제동,홍제센트럴IPARK,84.9644,13,2020,83000,0,2026,6,2
서대문구,홍은동,홍은동풍림아이원,84.918,9,2002,9500,130,2026,6,3
서대문구,남가좌동,DMC에코자이,84.978,22,2019,78000,0,2026,6,3
서대문구,남가좌동,남가좌동현대,114.9,20,1999,70300,0,2026,6,2
서대문구,홍제동,성원,41.5,5,1998,27300,0,2026,6,4
서대문구,홍제동,금호어울림,84.9054,3,2016,64000,0,2026,6,2
서대문구,홍제동,유원하나,58.77,6,1996,33400,0,2026,6,1
서대문구,북가좌동,DMC한양,105.88,8,1987,50000,0,2026,6,2
서대문구,연희동,대우푸르지오,59.584,20,2002,53000,0,2026,6,1
서대문구,홍제동,금호어울림,59.18,4,2016,26815,0,2026,6,1
서대문구,냉천동,돈의문센트레빌,114.98,4,2011,110000,0,2026,6,1
마포구,상암동,상암월드컵파크2단지,59.92,8,2003,62000,0,2026,6,9
마포구,성산동,성산시영(선경),50.54,6,1986,28300,0,2026,6,7
마포구,도화동,우성,68.94,12,1991,30000,100,2026,6,2
마포구,서교동,서교동효성해링턴타워,37.17,10,2020,13760,77,2026,6,1
마포구,상암동,상암월드컵파크2단지,59.92,13,2003,35000,80,2026,6,2
마포구,성산동,성산시영(대우),50.03,8,1986,2000,85,2026,6,10
마포구,신정동,서강GS,59.98,6,1999,20000,200,2026,6,9
마포구,창전동,서강예가,59.983,5,2007,51000,80,2026,6,6
마포구,아현동,더클래시,43.27,11,2022,60000,0,2026,6,12
마포구,아현동,마포래미안푸르지오1단지,59.9452,14,2014,30000,240,2026,6,12
마포구,도화동,삼성,84.985,3,1997,75000,30,2026,6,4
마포구,염리동,마포자이더센트리지(101동서울리츠2호임대),34.797,15,2022,13526,47,2026,6,12
마포구,현석동,밤섬예가클래식,85.48,8,1989,87000,0,2026,6,8
마포구,성산동,성산시영(대우),50.03,11,1986,18900,25,2026,6,12
마포구,성산동,성산시영(대우),50.03,9,1986,10000,90,2026,6,11
마포구,창전동,이랜드PEER신촌,17.296,2,2021,5337,28,2026,6,12
마포구,도화동,한화오벨리스크,38.08,7,2004,35000,30,2026,6,11
마포구,신수동,신촌삼익,59.97,14,1997,5000,250,2026,6,12
마포구,서교동,메세나폴리스,142.034,16,2012,90000,400,2026,6,8
마포구,서교동,메세나폴리스,142.034,4,2012,20000,800,2026,6,3
마포구,대흥동,마포자이2차,40.29,15,2014,4299,11,2026,6,12
마포구,대흥동,대흥동태영아파트,59.4,11,1999,65000,0,2026,6,11
마포구,노고산동,에피소드신촌캠퍼스,33.03,6,2025,2000,440,2026,6,3
마포구,신공덕동,펜트라우스,103.04,7,2011,106000,0,2026,6,11
마포구,도화동,도화동현대,128.26,1,1996,75000,0,2026,6,12
마포구,서교동,서교동효성해링턴타워,37.17,4,2020,13760,78,2026,6,11
마포구,대흥동,대흥동태영아파트,59.4,6,1999,20000,180,2026,6,11
마포구,서교동,서교동효성해링턴타워,37.17,3,2020,13760,76,2026,6,11
마포구,아현동,마포래미안푸르지오3단지,36.9796,1,2014,3370,17,2026,6,12
마포구,도화동,마포동원베네스트,58.65,12,2010,25000,165,2026,6,2
마포구,신수동,신촌삼익,59.85,7,1997,40000,100,2026,6,6
마포구,성산동,성산2차e-편한세상,84.95,7,2005,10000,210,2026,6,4
마포구,성산동,성산시영(선경),50.54,14,1986,33000,0,2026,6,11
마포구,아현동,더클래시,43.64,12,2022,12540,48,2026,6,10
마포구,대흥동,마포자이2차,40.29,18,2014,3130,18,2026,6,11
마포구,대흥동,대흥동태영아파트,59.4,6,1999,20000,180,2026,6,11
마포구,신정동,서강GS,59.98,5,1999,40000,60,2026,6,11
마포구,망원동,마포한강아이파크,84.5533,2,2019,100000,0,2026,6,8
마포구,아현동,더클래시,43.27,1,2022,12540,48,2026,6,11
마포구,중동,DMC마포청구아파트,84.9,15,1994,65000,0,2026,6,11
마포구,성산동,성산시영(대우),50.03,1,1986,0,70,2026,6,10
마포구,상암동,상암월드컵파크2단지,59.84,4,2003,60000,0,2026,6,11
마포구,신정동,서강GS,59.98,6,1999,20000,200,2026,6,9
마포구,대흥동,마포그랑자이(임대),39.99,8,2020,18200,70,2026,6,11
마포구,도화동,우성,79.97,10,1991,65000,0,2026,6,11
마포구,동교동,광남벨라스2동,84.42,5,2003,50000,64,2026,6,10
마포구,아현동,공덕자이,84.99,9,2015,105000,0,2026,6,6
마포구,성산동,성산시영(대우),50.03,11,1986,10000,59,2026,6,10
마포구,도화동,현대홈타운,59.17,5,2000,48000,0,2026,6,6
마포구,창전동,이랜드PEER신촌,17.296,13,2021,5337,28,2026,6,11
마포구,상암동,상암월드컵파크10단지,59.69,3,2010,17549,0,2026,6,10
마포구,상암동,상암월드컵파크9단지,114.72,9,2010,56700,0,2026,6,10
마포구,서교동,대우미래사랑,34.29,9,2005,1000,88,2026,6,5
마포구,아현동,마포래미안푸르지오4단지,84.5978,6,2014,80000,70,2026,6,10
마포구,서교동,서교동효성해링턴타워,37.17,4,2020,8536,28,2026,6,8
마포구,서교동,서교동효성해링턴타워,37.17,11,2020,13760,75,2026,6,8
마포구,서교동,서교동효성해링턴타워,37.17,15,2020,13760,76,2026,6,10
마포구,서교동,서교동효성해링턴타워,37.17,5,2020,13760,75,2026,6,9
마포구,서교동,서교동효성해링턴타워,37.17,15,2020,4268,36,2026,6,9
마포구,용강동,래미안마포리버웰,59.99,11,2015,10000,360,2026,6,10
마포구,서교동,서교동효성해링턴타워,37.17,11,2020,13760,76,2026,6,9
마포구,창전동,이랜드PEER신촌,17.296,5,2021,5337,27,2026,6,10
마포구,창전동,창전래미안,32.76,5,1998,1168,15,2026,6,10
마포구,서교동,서교동효성해링턴타워,17.93,12,2020,5350,43,2026,6,4
마포구,염리동,상록,57.88,13,1997,50000,0,2026,6,10
마포구,신정동,서강GS,59.98,6,1999,20000,200,2026,6,9
마포구,상암동,상암월드컵파크9단지,59.73,6,2010,16664,0,2026,6,10
마포구,합정동,마포한강푸르지오,84.64,5,2015,30000,360,2026,6,4
마포구,성산동,성산시영(유원),59.43,3,1986,10000,85,2026,6,10
마포구,상암동,상암월드컵파크9단지,84.89,5,2010,40813,0,2026,6,10
마포구,아현동,더클래시,43.64,7,2022,10000,260,2026,6,5
마포구,중동,현대,84.94,19,2000,54600,0,2026,6,4
마포구,성산동,성산시영(유원),59.43,6,1986,36250,0,2026,6,2
마포구,성산동,성산월드타운대림,110.638,20,2004,72400,0,2026,6,10
마포구,대흥동,대흥동태영아파트,114.93,17,1999,90000,80,2026,6,1
마포구,성산동,성산시영(선경),50.54,10,1986,35000,0,2026,6,10
마포구,성산동,성산시영(유원),59.43,12,1986,35700,0,2026,6,8
마포구,아현동,세민하이파크,14.05,7,2022,1000,140,2026,6,8
마포구,아현동,더클래시,59.5,13,2022,15000,300,2026,6,9
마포구,중동,현대,59.54,17,2000,50400,0,2026,6,9
마포구,망원동,탑건진선미,84.95,2,2004,65000,0,2026,6,10
마포구,대흥동,대흥동태영아파트,84.77,4,1999,60000,160,2026,6,9
마포구,성산동,노블에비뉴,31.728,2,2015,21000,47,2026,6,9
마포구,신정동,서강GS,59.98,6,1999,20000,200,2026,6,9
마포구,용강동,래미안마포리버웰,84.97,12,2015,76650,168,2026,6,5
마포구,망원동,대림2,84.73,11,2002,20000,230,2026,6,8
마포구,대흥동,마포자이2차,40.29,17,2014,3130,18,2026,6,9
마포구,염리동,마포자이더센트리지(102동~112동),84.866,7,2022,10000,370,2026,6,5
마포구,마포동,강변한신코아,83.16,8,1992,50000,0,2026,6,6
마포구,도화동,현대홈타운,84.95,3,2000,64050,0,2026,6,8
마포구,아현동,더클래시,59.97,5,2022,93000,0,2026,6,4
마포구,상암동,상암월드컵파크11단지,84.89,2,2010,2000,300,2026,6,8
마포구,상암동,상암월드컵파크11단지,84.89,13,2010,29719,0,2026,6,9
마포구,아현동,더클래시,59.97,15,2022,70000,90,2026,6,6
마포구,용강동,마포용강삼성래미안,84.2,9,2003,90000,50,2026,6,8
마포구,망원동,대림2,84.73,11,2002,20000,230,2026,6,8
마포구,용강동,대림2차,59.25,15,2004,61900,0,2026,6,2
마포구,염리동,마포프레스티지자이,59.7848,18,2021,95000,0,2026,6,3
마포구,신공덕동,블레스하임,23.89,7,2019,30000,25,2026,6,8
마포구,서교동,서교동효성해링턴타워,37.17,9,2020,13760,76,2026,6,8
마포구,상암동,상암월드컵파크6단지,104.32,4,2005,10000,295,2026,6,8
마포구,공덕동,공덕파크자이,84.9541,9,2015,109200,0,2026,6,8
마포구,망원동,마포한강아이파크,59.3883,3,2019,80000,0,2026,6,6
마포구,마포동,강변한신코아,51.48,3,1992,28000,0,2026,6,3
마포구,아현동,마포래미안푸르지오4단지,84.5978,24,2014,100000,0,2026,6,6
마포구,서교동,서교동효성해링턴타워,17.93,13,2020,4115,13,2026,6,8
마포구,상암동,상암월드컵파크2단지,59.92,20,2003,65000,0,2026,6,6
마포구,상암동,상암월드컵파크4단지,84.7,11,2006,71900,0,2026,6,5
마포구,성산동,블룸에비뉴,30.922,5,2016,19000,56,2026,6,7
마포구,중동,DMC마포청구아파트,84.9,1,1994,40000,70,2026,6,8
마포구,현석동,래미안웰스트림,84.9,19,2016,65000,170,2026,6,5
마포구,아현동,마포푸르지오더센트럴,30.28,17,2023,5000,200,2026,6,6
마포구,연남동,코오롱,59.76,8,2003,5000,220,2026,6,6
마포구,대흥동,서희스타힐스,33.76,4,2014,2000,140,2026,6,1
마포구,염리동,마포자이더센트리지(102동~112동),59.99,5,2022,73500,0,2026,6,6
마포구,도화동,한화오벨리스크,59,13,2004,64000,0,2026,6,3
마포구,아현동,더클래시,84.98,17,2022,125000,0,2026,6,1
마포구,공덕동,래미안공덕5차,39.979,11,2011,3718,28,2026,6,8
마포구,도화동,도화현대,59.4,8,1998,50400,0,2026,6,6
마포구,상암동,상암월드컵파크9단지,84.89,6,2010,2000,330,2026,6,5
마포구,창전동,이랜드PEER신촌,29.5193,12,2021,6365,50,2026,6,5
마포구,공덕동,공덕SK리더스뷰,97.8,13,2021,130000,0,2026,6,5
마포구,토정동,한강삼성,84.96,26,1997,85000,0,2026,6,3
마포구,염리동,마포프레스티지자이,59.7848,20,2021,89500,0,2026,6,4
마포구,상암동,상암월드컵파크4단지,84.81,25,2006,5000,320,2026,6,5
마포구,성산동,성산시영(유원),59.43,9,1986,39000,0,2026,6,1
마포구,서교동,대우미래사랑,68.03,6,2005,46000,9,2026,6,5
마포구,성산동,성산시영(유원),59.43,3,1986,39500,0,2026,6,1
마포구,서교동,서교동효성해링턴타워,37.17,8,2020,13760,76,2026,6,2
마포구,공덕동,공덕2삼성래미안,84.94,6,2004,85000,0,2026,6,5
마포구,서교동,서교동효성해링턴타워,37.17,15,2020,10700,87,2026,6,2
마포구,신공덕동,kcc웰츠,118.31,21,2011,5000,600,2026,6,3
마포구,상암동,상암월드컵파크11단지,84.89,5,2010,40813,0,2026,6,4
마포구,염리동,마포자이더센트리지(102동~112동),59.99,2,2022,79800,0,2026,6,2
마포구,상암동,상암월드컵파크5단지,84.73,12,2005,10000,270,2026,6,1
마포구,아현동,삼환나띠르빌,84.9,6,2003,73500,0,2026,6,4
마포구,대흥동,마포그랑자이,84.98,4,2020,95500,0,2026,6,4
마포구,상암동,상암월드컵파크2단지,59.84,13,2003,5000,220,2026,6,4
마포구,중동,DMC마포청구아파트,84.9,11,1994,54600,0,2026,6,4
마포구,공덕동,래미안공덕4차,59.9,7,2005,75000,0,2026,6,4
마포구,도화동,한화오벨리스크,85,23,2004,30000,150,2026,6,3
마포구,성산동,성산시영(유원),59.43,4,1986,3000,120,2026,6,1
마포구,성산동,성산시영(유원),59.43,13,1986,29400,0,2026,6,3
마포구,토정동,한강삼성,59.76,19,1997,68000,0,2026,6,3
마포구,성산동,성사1차풍림아파트101동,59.85,11,2000,44100,0,2026,6,2
마포구,성산동,성산시영(대우),50.03,3,1986,32550,0,2026,6,3
마포구,성산동,노블에비뉴,30.011,5,2015,16500,42,2026,6,2
마포구,공덕동,래미안공덕5차,59.959,2,2011,45000,160,2026,6,3
마포구,대흥동,마포그랑자이,59.96,20,2020,90000,0,2026,6,2
마포구,창전동,중앙하이츠104동,47.01,4,2007,34000,0,2026,6,2
마포구,성산동,성산시영(선경),50.54,9,1986,17000,30,2026,6,1
마포구,도화동,현대홈타운,113.25,19,2000,25000,200,2026,6,2
마포구,성산동,노블에비뉴,30.011,5,2015,16500,42,2026,6,2
마포구,아현동,공덕자이,84.99,16,2015,15000,375,2026,6,2
마포구,대흥동,마포그랑자이,84.98,5,2020,10000,440,2026,6,2
마포구,성산동,성산시영(선경),50.54,11,1986,22000,0,2026,6,2
마포구,상암동,상암월드컵파크1단지,39.66,14,2003,4500,11,2026,6,1
마포구,염리동,마포프레스티지자이,84.8079,19,2021,125000,0,2026,6,1
마포구,성산동,성산월드타운대림,84.689,8,2004,56700,0,2026,6,1
마포구,상암동,상암월드컵파크12단지,49.71,2,2010,5434,34,2026,6,1
마포구,서교동,서교동효성해링턴타워,17.93,20,2020,2172,11,2026,6,1
마포구,서교동,서교동효성해링턴타워,37.17,6,2020,3510,5,2026,6,1
마포구,하중동,한강밤섬자이,138.08,3,2010,110250,63,2026,6,1
마포구,서교동,서교동효성해링턴타워,37.17,10,2020,3060,118,2026,6,1
양천구,목동,목동신시가지4,47.25,8,1986,45000,0,2026,6,11
양천구,목동,진도2,84.75,12,1999,60000,160,2026,6,8
양천구,신월동,신월성원,59.94,10,1996,29000,0,2026,6,7
양천구,신정동,신트리4,48.96,3,2000,5000,100,2026,6,3
양천구,신정동,신정6현대,59.4,19,2000,10000,100,2026,6,1
양천구,목동,목동대림,84.82,13,1994,50000,100,2026,6,13
양천구,목동,목동신시가지7,74.12,5,1986,67200,65,2026,6,11
양천구,목동,목동신시가지7,53.88,10,1986,10000,200,2026,6,12
양천구,목동,목동신시가지7,74.12,4,1986,52000,95,2026,6,11
양천구,신월동,목동센트럴아이파크위브1단지,84.97,3,2020,60900,0,2026,6,12
양천구,목동,목동현대1,59.9,19,1997,40000,128,2026,6,2
양천구,신정동,이든채(101동~104동),39.48,15,2019,8640,32,2026,6,12
양천구,신정동,신트리4,59.73,3,2000,37700,0,2026,6,2
양천구,신정동,이든채(101동~104동),26.8,5,2019,5328,20,2026,6,12
양천구,목동,목동신시가지1,47.52,14,1985,45000,0,2026,6,12
양천구,신정동,학마을1단지,49.99,10,2000,17000,70,2026,6,12
양천구,신정동,래미안목동아델리체(119동~123동),59.82,7,2021,70000,0,2026,6,12
양천구,신정동,호반써밋목동,84.9828,18,2022,63000,80,2026,6,8
양천구,목동,미성,72.48,1,1993,22400,32,2026,6,12
양천구,신정동,이든채(101동~104동),26.8,1,2019,5032,19,2026,6,12
양천구,신월동,청정,131.67,5,2004,30000,100,2026,6,10
양천구,신정동,이든채(101동~104동),39.48,15,2019,8640,32,2026,6,11
양천구,신정동,목동신시가지14,71.4,20,1987,57700,0,2026,6,10
양천구,목동,목동신시가지5,65.08,10,1986,66000,0,2026,6,11
양천구,신정동,이든채(101동~104동),39.48,8,2019,8640,32,2026,6,11
양천구,신월동,양천벽산블루밍1단지,84.77,7,2006,42000,0,2026,6,10
양천구,신월동,목동센트럴아이파크위브2단지,84.98,15,2020,60900,0,2026,6,12
양천구,목동,성원2,79.21,3,2000,45000,0,2026,6,11
양천구,목동,목동신시가지4,47.25,8,1986,45000,0,2026,6,11
양천구,신정동,이든채(101동~104동),39.48,8,2019,8640,32,2026,6,11
양천구,신정동,이든채(101동~104동),39.48,5,2019,8640,32,2026,6,12
양천구,신정동,이든채(101동~104동),26.94,6,2019,5328,20,2026,6,12
양천구,신정동,이든채(101동~104동),39.48,3,2019,8640,32,2026,6,11
양천구,신정동,이든채(101동~104동),39.48,4,2019,8640,32,2026,6,11
양천구,신정동,신트리2단지,39.6,9,2000,2955,6,2026,6,11
양천구,신정동,신호,84.9,7,1997,60000,0,2026,6,5
양천구,신월동,목동센트럴아이파크위브4단지,84.97,5,2020,70000,10,2026,6,11
양천구,신정동,목동2차우성(1단지),32.76,1,2000,888,13,2026,6,11
양천구,신정동,목동신시가지8,54.94,4,1987,32000,50,2026,6,11
양천구,목동,목동신시가지7,53.88,4,1986,5000,95,2026,6,10
양천구,신정동,이든채(101동~104동),39.48,3,2019,8640,32,2026,6,11
양천구,목동,목동신시가지1,98.08,4,1985,99700,0,2026,6,11
양천구,신정동,래미안목동아델리체(119동~123동),59.82,15,2021,70000,0,2026,6,11
양천구,신정동,쌍용,84.65,13,1992,70000,0,2026,6,10
양천구,신정동,신트리2단지,32.76,13,2000,1040,13,2026,6,11
양천구,신정동,목동2차우성(1단지),32.76,7,2000,2215,5,2026,6,11
양천구,목동,목동이-편한세상,156.54,10,2006,75000,115,2026,6,6
양천구,목동,목동신시가지2,152.64,2,1986,60000,0,2026,6,11
양천구,신월동,목동센트럴아이파크위브4단지,45.96,6,2020,5896,9,2026,6,11
양천구,신정동,목동신시가지9,71.37,1,1987,55000,0,2026,6,11
양천구,신월동,길훈,42.57,4,1987,1000,50,2026,6,11
양천구,신정동,이든채(101동~104동),39.48,10,2019,8640,32,2026,6,11
양천구,신정동,이펜하우스3단지,84.86,14,2011,30576,0,2026,6,10
양천구,신정동,이든채(101동~104동),39.48,5,2019,8640,32,2026,6,10
양천구,신정동,이든채(101동~104동),39.48,5,2019,8640,32,2026,6,10
양천구,신정동,이든채(101동~104동),39.48,7,2019,8616,24,2026,6,10
양천구,신정동,이든채(101동~104동),39.48,8,2019,8640,32,2026,6,10
양천구,신정동,목동신시가지13,98.63,1,1987,90000,0,2026,6,10
양천구,신정동,푸른마을3,59.91,9,2001,35000,0,2026,6,4
양천구,신정동,이든채(101동~104동),39.48,3,2019,8640,32,2026,6,10
양천구,신정동,이든채(101동~104동),39.48,14,2019,8640,32,2026,6,10
양천구,신정동,신정6현대,59.4,7,2000,30800,0,2026,6,8
양천구,목동,목동트윈빌,158.4,13,2000,115000,0,2026,6,4
양천구,목동,목동신시가지3,95.74,3,1986,88000,0,2026,6,3
양천구,신정동,목동2차우성(1단지),32.76,5,2000,888,13,2026,6,11
양천구,신정동,목동신시가지14,55.02,5,1987,51000,0,2026,6,9
양천구,신정동,수정,48.87,4,1987,500,50,2026,6,6
양천구,신정동,이든채(101동~104동),39.48,11,2019,8640,32,2026,6,10
양천구,신정동,이든채(101동~104동),26.94,8,2019,5328,20,2026,6,11
양천구,신월동,신안파크,47.6,4,1987,14000,0,2026,6,11
양천구,신정동,이든채(101동~104동),39.48,5,2019,8640,32,2026,6,11
양천구,신정동,이든채(101동~104동),39.48,1,2019,6916,25,2026,6,11
양천구,신정동,이든채(101동~104동),39.48,12,2019,8640,32,2026,6,11
양천구,신정동,이든채(101동~104동),39.48,1,2019,8640,32,2026,6,11
양천구,목동,목동센트럴푸르지오,84.9808,5,2015,68250,0,2026,6,10
양천구,신정동,래미안목동아델리체(101동~118동),84.58,7,2021,87150,0,2026,6,8
양천구,신월동,목동센트럴아이파크위브3단지,84.98,16,2020,61950,30,2026,6,10
양천구,신정동,이든채(101동~104동),26.94,7,2019,5328,20,2026,6,10
양천구,신월동,신월시영,43.2,6,1988,21000,0,2026,6,10
양천구,신정동,양천,33.62,15,1995,2080,5,2026,6,10
양천구,신정동,이든채(101동~104동),26.8,3,2019,5328,20,2026,6,10
양천구,신정동,이든채(101동~104동),26.94,11,2019,5328,20,2026,6,10
양천구,목동,대원칸타빌3,84.98,15,2003,70000,15,2026,6,10
양천구,신정동,유원목동,84.96,2,1990,69000,13,2026,6,10
양천구,신정동,이든채(101동~104동),39.48,10,2019,8640,32,2026,6,10
양천구,신정동,양천,39.36,1,1995,2935,3,2026,6,10
양천구,목동,목동신시가지2,95.22,4,1986,30000,220,2026,6,10
양천구,신정동,이든채(101동~104동),39.48,4,2019,8640,32,2026,6,10
양천구,신월동,대주파크빌,59.98,10,2004,3000,150,2026,6,10
양천구,신정동,신트리2단지,39.6,2,2000,659,17,2026,6,10
양천구,신정동,이든채(101동~104동),26.94,5,2019,5328,20,2026,6,10
양천구,신정동,목동신시가지12,71.64,8,1988,10000,180,2026,6,10
양천구,목동,목동청구한신아파트,84.77,1,1997,83100,0,2026,6,2
양천구,신정동,이든채(101동~104동),39.62,14,2019,8640,32,2026,6,10
양천구,신정동,이든채(101동~104동),39.48,15,2019,8640,32,2026,6,10
양천구,신정동,이펜하우스3단지,49.92,6,2011,10271,1,2026,6,10
양천구,신정동,이든채(101동~104동),39.48,8,2019,8640,32,2026,6,10
양천구,신정동,이든채(101동~104동),39.48,5,2019,8640,32,2026,6,10
양천구,신정동,푸른마을2,49.16,12,2001,30900,0,2026,6,9
양천구,목동,목동현대아파트(931),32.76,17,1997,1041,12,2026,6,10
양천구,신정동,목동신시가지9,71.37,2,1987,55650,0,2026,6,10
양천구,신월동,목동센트럴아이파크위브4단지,45.96,13,2020,6555,9,2026,6,10
양천구,신월동,두원빌드피아(444-7),83.7,2,2004,26200,0,2026,6,10
양천구,신정동,이든채(101동~104동),39.48,12,2019,8640,32,2026,6,10
양천구,신정동,목동신시가지14,74.19,5,1987,47000,9,2026,6,9
양천구,목동,스카이빌아파트,84.59,2,2002,67000,0,2026,6,5
양천구,신정동,이펜하우스3단지,49.52,10,2011,2955,37,2026,6,10
양천구,신정동,이든채(101동~104동),39.48,7,2019,8640,32,2026,6,10
양천구,신월동,신월대림,59.73,14,2001,40000,0,2026,6,8
양천구,신정동,이든채(101동~104동),39.48,3,2019,8640,32,2026,6,10
양천구,신정동,목동2차우성(1단지),32.76,12,2000,2215,5,2026,6,10
양천구,신정동,이든채(101동~104동),39.48,15,2019,8640,32,2026,6,10
양천구,신월동,삼정그린뷰,84.14,14,2005,40950,0,2026,6,9
양천구,신정동,이든채(101동~104동),39.48,6,2019,8640,32,2026,6,10
양천구,신정동,목동2차우성(1단지),32.76,5,2000,375,14,2026,6,10
양천구,신월동,길훈,49.77,4,1987,13000,20,2026,6,9
양천구,목동,목동성원,114.94,4,2000,82000,0,2026,6,9
양천구,신정동,이든채(101동~104동),39.48,4,2019,8640,32,2026,6,10
양천구,신정동,목동신시가지14,74.19,7,1987,52900,0,2026,6,9
양천구,신정동,목동2차우성(1단지),32.76,1,2000,888,13,2026,6,9
양천구,신정동,목동2차우성(1단지),32.76,12,2000,888,13,2026,6,9
양천구,신정동,목동2차우성(1단지),32.76,1,2000,888,13,2026,6,9
양천구,신월동,롯데캐슬(1057-1),84.63,1,2010,48300,0,2026,6,9
양천구,신정동,신트리2단지,32.76,5,2000,2388,6,2026,6,9
양천구,신정동,목동신시가지11,51.48,8,1988,35000,17,2026,6,9
양천구,신정동,목동신시가지13,70.73,13,1987,58000,0,2026,6,9
양천구,목동,목동신시가지7,66.6,6,1986,68000,0,2026,6,9
양천구,목동,목동신시가지6,47.94,11,1986,5000,137,2026,6,9
양천구,목동,목동금호베스트빌,83.71,6,2002,52250,35,2026,6,9
양천구,신정동,이펜하우스4단지,84.95,11,2011,30576,0,2026,6,9
양천구,목동,목동신시가지7,66.6,5,1986,55600,0,2026,6,9
양천구,신정동,목동신시가지10,53.82,3,1987,39900,0,2026,6,9
양천구,신월동,목동센트럴아이파크위브4단지,84.97,11,2020,70000,0,2026,6,8
양천구,목동,목동신시가지7,66.6,4,1986,60900,0,2026,6,9
양천구,신월동,목동센트럴아이파크위브1단지,84.98,2,2020,47200,0,2026,6,8
양천구,신정동,목동신시가지9,106.93,12,1987,88000,0,2026,6,9
양천구,신월동,목동센트럴아이파크위브2단지,52.85,1,2020,45000,0,2026,6,5
양천구,신정동,목동2차우성(1단지),32.76,2,2000,888,13,2026,6,9
양천구,신정동,신트리2단지,32.76,13,2000,2440,5,2026,6,9
양천구,신정동,래미안목동아델리체(101동~118동),59.82,27,2021,72000,0,2026,6,3
양천구,목동,목동현대아파트(931),32.76,14,1997,1041,12,2026,6,9
양천구,목동,목동신시가지4,47.25,9,1986,5000,111,2026,6,9
양천구,목동,목동신시가지1,154.44,3,1985,80000,200,2026,6,3
양천구,신정동,목동신시가지10,53.82,1,1987,39900,0,2026,6,8
양천구,신정동,이든채(101동~104동),39.48,13,2019,8616,24,2026,6,8
양천구,신정동,목동2차우성(1단지),32.76,4,2000,888,13,2026,6,9
양천구,목동,진도2,108.69,14,1999,96600,100,2026,6,4
양천구,목동,목동청구한신아파트,84.77,2,1997,70000,80,2026,6,8
양천구,목동,목동신시가지2,122.31,5,1986,118000,0,2026,6,8
양천구,신정동,동일하이빌1단지,115.321,7,2005,65000,0,2026,6,6
양천구,신정동,목동우성2,84.96,15,2000,55000,0,2026,6,8
양천구,신정동,신트리4,49.8,9,2000,5000,110,2026,6,6
양천구,목동,목동신시가지6,47.94,16,1986,30000,5,2026,6,2
양천구,목동,삼익,59.87,8,1997,45000,70,2026,6,1
양천구,목동,목동신시가지2,95.76,3,1986,15000,200,2026,6,6
양천구,신정동,목동신시가지13,103.97,1,1987,7000,145,2026,6,8
양천구,신정동,목동신시가지9,126.53,1,1987,40000,230,2026,6,4
양천구,신정동,목동우성2,113.91,18,2000,30000,145,2026,6,2
양천구,신월동,세아쎄닛빌,84.29,6,2002,39900,0,2026,6,6
양천구,목동,목동청구한신아파트,84.77,1,1997,39100,180,2026,6,8
양천구,신월동,목동센트럴아이파크위브4단지,52.85,9,2020,52000,0,2026,6,6
양천구,신정동,이펜하우스2단지,84.51,2,2011,30576,0,2026,6,8
양천구,신월동,신목동파라곤,59.9208,11,2024,65000,0,2026,6,8
양천구,신월동,목동센트럴아이파크위브2단지,84.98,20,2020,70000,0,2026,6,3
양천구,목동,목동신시가지4,48.69,12,1986,45000,0,2026,6,5
양천구,신정동,신정현대5,114.24,7,1999,62000,0,2026,6,7
양천구,목동,근상프리즘,65.4,2,2004,10000,120,2026,6,4
양천구,신정동,목동우성2,84.96,12,2000,52500,0,2026,6,6
양천구,신정동,목동힐스테이트,84.98,10,2016,98000,0,2026,6,6
양천구,신월동,신안파크,47.6,4,1987,2000,53,2026,6,8
양천구,목동,명지해드는터,83.16,9,2005,4000,210,2026,6,8
양천구,신정동,신트리4,48.96,7,2000,3000,82,2026,6,6
양천구,신정동,동일하이빌2단지,115.321,23,2005,25000,160,2026,6,6
양천구,신월동,양천벽산블루밍2단지,84.77,7,2006,48000,0,2026,6,7
양천구,신월동,신월시영,43.2,5,1988,2000,80,2026,6,5
양천구,목동,목동신시가지2,65.82,5,1986,70000,0,2026,6,6
양천구,목동,목동신시가지3,64.98,12,1986,65000,0,2026,6,5
양천구,목동,목동청구한신아파트,84.76,14,1997,100000,0,2026,6,5
양천구,목동,목동신시가지3,64.98,1,1986,65000,0,2026,6,5
양천구,목동,목동신시가지2,122.31,2,1986,110000,0,2026,6,7
양천구,목동,목동신시가지1,154.44,7,1985,80000,240,2026,6,6
양천구,신정동,목동신시가지14,108.28,8,1987,40000,200,2026,6,6
양천구,신월동,신월시영,43.2,2,1988,3500,62,2026,6,2
양천구,목동,부영2,123.08,19,2000,110000,100,2026,6,5
양천구,신월동,신월시영,50.67,12,1988,20020,0,2026,6,5
양천구,신정동,푸른마을3,59.99,5,2001,9000,120,2026,6,2
양천구,신정동,목동2삼성래미안,114.16,7,2001,86000,0,2026,6,3
양천구,신월동,금강,84.9,2,1998,37000,0,2026,6,5
양천구,목동,목동신시가지3,64.98,4,1986,20500,0,2026,6,5
양천구,목동,목동센트럴푸르지오,57.8736,4,2015,42831,0,2026,6,5
양천구,신정동,목동우성3,59.69,9,1999,44000,0,2026,6,4
양천구,신정동,유원목동,84.96,9,1990,79000,0,2026,6,4
양천구,신정동,성은,71.06,2,2003,25800,0,2026,6,3
양천구,목동,목동신시가지1,47.52,8,1985,33660,0,2026,6,5
양천구,신정동,학마을1단지,49.99,3,2000,29400,0,2026,6,4
양천구,목동,트라팰리스이스턴에비뉴,146.1,22,2009,100000,440,2026,6,3
양천구,신정동,목동신시가지14,55.02,6,1987,39000,0,2026,6,4
양천구,신정동,신정6현대,59.4,19,2000,10000,100,2026,6,1
양천구,신정동,목동신시가지14,71.4,8,1987,62000,0,2026,6,4
양천구,목동,목동트윈빌,158.4,13,2000,115000,0,2026,6,4
양천구,신정동,목동현대3차,71.16,15,1997,77000,0,2026,6,4
양천구,신정동,신정현대5,114.24,10,1999,25000,180,2026,6,4
양천구,신월동,신월시영,43.2,5,1988,21000,0,2026,6,4
양천구,신월동,경희,81.8,4,2000,5500,10,2026,6,3
양천구,목동,목동신시가지7,53.88,3,1986,5000,190,2026,6,3
양천구,목동,목동신시가지3,64.98,9,1986,68000,0,2026,6,4
양천구,신월동,목동센트럴아이파크위브3단지,84.98,9,2020,64500,0,2026,6,3
양천구,목동,목동신시가지3,64.98,3,1986,45000,90,2026,6,2
양천구,목동,목동신시가지6,95.03,6,1986,50000,150,2026,6,4
양천구,신정동,호반써밋목동,84.9828,13,2022,82000,10,2026,6,2
양천구,신정동,목동신시가지12,71.64,7,1988,30000,110,2026,6,2
양천구,신정동,목동신시가지14,74.19,8,1987,49300,0,2026,6,2
양천구,목동,근상프리즘,65.4,2,2004,10000,120,2026,6,4
양천구,목동,목동신시가지1,65.34,11,1985,70000,0,2026,6,1
양천구,신정동,목동파크자이(101동~108동),84.977,2,2019,88000,0,2026,6,3
양천구,목동,목동신시가지7,66.6,4,1986,65100,0,2026,6,3
양천구,목동,목동신시가지7,66.6,11,1986,63000,0,2026,6,4
양천구,신월동,서울가든,86.4,2,1985,40500,0,2026,6,3
양천구,목동,목동롯데캐슬마에스트로,59.984,4,2019,68000,0,2026,6,3
양천구,신월동,목동센트럴아이파크위브3단지,84.98,14,2020,78000,0,2026,6,3
양천구,목동,목동신시가지7,53.88,1,1986,44000,0,2026,6,3
양천구,신정동,목동힐스테이트,84.88,16,2016,100000,0,2026,6,2
양천구,목동,트라팰리스웨스턴에비뉴,124.95,30,2009,90000,340,2026,6,2
양천구,신정동,이펜하우스1단지,84.86,11,2011,35280,0,2026,6,1
양천구,신정동,청구,84.99,14,1992,53445,0,2026,6,1
양천구,신월동,정은스카이빌(1044),79.96,9,2006,45000,0,2026,6,2
양천구,신월동,동도센트리움,84.54,2,2007,46000,0,2026,6,2
양천구,목동,목동신시가지1,51.48,10,1985,52000,0,2026,6,2
양천구,신정동,목동신시가지10,53.82,3,1987,40000,0,2026,6,1
양천구,신정동,목동신시가지9,71.37,15,1987,45000,50,2026,6,2
양천구,목동,목동센트럴푸르지오,57.9649,6,2015,56227,0,2026,6,1
양천구,신정동,신트리2단지,39.6,4,2000,2813,7,2026,6,1
양천구,목동,목동신시가지4,47.25,2,1986,7000,85,2026,6,1
양천구,신월동,목동센트럴아이파크위브1단지,84.98,16,2020,62000,0,2026,6,1
양천구,신월동,예건미예뜰2동,84.68,2,2004,10000,120,2026,6,1
양천구,신정동,목동신시가지11,51.48,8,1988,5000,140,2026,6,1
양천구,신월동,목동센트럴아이파크위브4단지,45.96,14,2020,4320,22,2026,6,1
양천구,신정동,목동신시가지10,53.82,6,1987,43000,0,2026,6,1
강서구,등촌동,주공5,58.14,3,1995,45000,0,2026,6,3
강서구,염창동,동아3,59.7,17,1999,56000,0,2026,6,3
강서구,염창동,동아,59.97,11,1998,40000,70,2026,6,3
강서구,등촌동,주공10,58.14,3,1995,39000,0,2026,6,3
강서구,화곡동,우장산역해링턴타워,23.68,8,2021,4544,31,2026,6,12
강서구,가양동,한강타운,84.99,11,1993,49350,0,2026,6,12
강서구,마곡동,마곡엠밸리2단지,49.77,7,2014,9833,18,2026,6,12
강서구,가양동,가양2단지(성지),34.44,13,1992,30000,0,2026,6,12
강서구,가양동,가양도시개발9-2단지,34.44,10,1993,13500,30,2026,6,11
강서구,마곡동,마곡엠밸리9단지,59.86,5,2021,57330,0,2026,6,12
강서구,방화동,마곡 한진해모로,59.92,11,2004,42000,0,2026,6,11
강서구,마곡동,마곡엠밸리6단지,49.77,3,2014,9361,17,2026,6,12
강서구,마곡동,마곡엠벨리(15단지),59.79,3,2014,36030,0,2026,6,12
강서구,등촌동,등촌주공아파트11단지,51.84,6,2004,7742,66,2026,6,11
강서구,마곡동,마곡엠벨리(15단지),59.94,9,2014,10964,20,2026,6,12
강서구,내발산동,마곡수명산파크5단지,49.97,5,2008,6724,13,2026,6,12
강서구,마곡동,마곡엠밸리10단지,59.97,5,2016,36030,0,2026,6,12
강서구,마곡동,마곡엠밸리7단지,59.79,10,2014,8103,27,2026,6,12
강서구,가양동,가양2단지(성지),34.44,13,1992,20700,0,2026,6,7
강서구,마곡동,마곡엠밸리9단지,59.86,3,2021,40000,140,2026,6,5
강서구,등촌동,한사랑2삼성,84.96,1,1999,60000,0,2026,6,11
강서구,가양동,강변,39.6,7,1992,4000,85,2026,6,12
강서구,등촌동,등촌센트럴르씨엘,59.3,5,2026,54000,0,2026,6,10
강서구,마곡동,마곡엠밸리7단지,59.79,4,2014,9749,18,2026,6,12
강서구,마곡동,한솔솔파크,84.87,1,2005,67000,0,2026,6,11
강서구,화곡동,우장산롯데캐슬,85,14,2003,72000,0,2026,6,1
강서구,방화동,방화메이빌,48.8686,4,2017,36500,0,2026,6,5
강서구,내발산동,마곡수명산파크5단지,49.97,7,2008,1754,33,2026,6,11
강서구,마곡동,마곡엠벨리(14단지),49.87,12,2014,5564,38,2026,6,11
강서구,내발산동,마곡수명산파크3단지,84.53,6,2007,38587,0,2026,6,11
강서구,내발산동,마곡수명산파크4단지,84.96,5,2008,72000,0,2026,6,11
강서구,마곡동,마곡엠벨리(14단지),49.87,4,2014,9350,17,2026,6,11
강서구,마곡동,마곡푸르지오,59.87,9,2008,47200,0,2026,6,11
강서구,마곡동,마곡엠밸리8단지,59.99,8,2016,11245,18,2026,6,11
강서구,화곡동,M노블레스,27.01,3,2021,19656,0,2026,6,12
강서구,마곡동,마곡엠밸리3단지,49.77,11,2014,4591,45,2026,6,12
강서구,화곡동,우공팰리스101동,72.96,7,2005,25000,50,2026,6,9
강서구,내발산동,마곡수명산파크7단지,49.97,9,2008,1653,30,2026,6,11
강서구,등촌동,아임2030등촌역,15.17,12,2020,10000,27,2026,6,11
강서구,마곡동,마곡엠밸리4단지,59.79,6,2014,3311,54,2026,6,11
강서구,마곡동,마곡엠밸리10단지,59.97,9,2016,36030,0,2026,6,11
강서구,등촌동,등촌동아이파크,84.7556,2,2004,53000,0,2026,6,9
강서구,마곡동,마곡엠밸리7단지,59.79,5,2014,9749,18,2026,6,11
강서구,마곡동,마곡엠밸리6단지,59.79,5,2014,36030,0,2026,6,11
강서구,방화동,마곡서광(치현마을),84.93,15,1998,40000,0,2026,6,9
강서구,가양동,가양도시개발9-2단지,39.6,9,1993,2000,70,2026,6,5
강서구,내발산동,마곡수명산파크6단지,49.83,2,2007,1719,32,2026,6,11
강서구,마곡동,마곡엠밸리10단지,59.79,4,2016,6474,38,2026,6,11
강서구,방화동,장미,59.04,2,1994,31500,0,2026,6,11
강서구,마곡동,마곡엠밸리4단지,114.69,3,2014,95000,0,2026,6,5
강서구,염창동,DH팰리스,55.19,4,2022,47200,0,2026,6,11
강서구,화곡동,SPACE(920-5),19.75,6,2014,11200,0,2026,6,10
강서구,마곡동,마곡엠밸리7단지,59.79,14,2014,2596,47,2026,6,11
강서구,마곡동,마곡엠밸리11단지,59.79,9,2016,36030,0,2026,6,11
강서구,마곡동,마곡엠밸리6단지,59.79,11,2014,10600,19,2026,6,11
강서구,가양동,대림경동아파트,131.4,4,1993,68000,0,2026,6,11
강서구,마곡동,마곡엠벨리(15단지),84.88,1,2014,48142,0,2026,6,11
강서구,마곡동,마곡13단지힐스테이트마스터,59.9825,9,2017,40000,150,2026,6,11
강서구,마곡동,마곡엠밸리12단지,59.79,8,2016,40057,0,2026,6,11
강서구,마곡동,마곡엠밸리8단지,59.97,2,2016,36030,0,2026,6,11
강서구,마곡동,마곡엠밸리11단지,59.79,14,2016,10204,17,2026,6,11
강서구,마곡동,마곡엠밸리6단지,59.79,12,2014,10806,18,2026,6,11
강서구,마곡동,마곡엠밸리8단지,59.79,8,2016,3314,48,2026,6,11
강서구,마곡동,마곡나루경남아파트,84.29,8,1991,50000,0,2026,6,11
강서구,가양동,가양2단지(성지),39.6,13,1992,24000,0,2026,6,11
강서구,방화동,마곡중앙하이츠아파트,39.58,7,1994,21000,0,2026,6,11
강서구,마곡동,마곡엠밸리4단지,59.79,3,2014,3311,54,2026,6,11
강서구,등촌동,주공3,58.14,4,1995,43000,0,2026,6,11
강서구,화곡동,청담라인씨티,25.74,15,2018,10200,31,2026,6,11
강서구,마곡동,마곡엠밸리11단지,59.79,4,2016,10204,17,2026,6,11
강서구,내발산동,마곡수명산파크5단지,49.97,6,2008,6724,13,2026,6,10
강서구,마곡동,마곡엠벨리(14단지),49.87,7,2014,9540,16,2026,6,11
강서구,내발산동,마곡수명산파크4단지,59.76,6,2008,7493,14,2026,6,11
강서구,마곡동,마곡엠벨리(14단지),59.96,9,2014,13442,37,2026,6,11
강서구,마곡동,마곡엠밸리7단지,59.79,3,2014,36030,0,2026,6,10
강서구,마곡동,마곡엠벨리(15단지),49.87,3,2014,3028,44,2026,6,10
강서구,마곡동,마곡엠밸리1단지,49.77,9,2014,9486,25,2026,6,10
강서구,내발산동,마곡수명산파크6단지,49.93,9,2007,2222,31,2026,6,10
강서구,방화동,강서센트레빌3차,84.4,12,2009,63000,0,2026,6,10
강서구,내발산동,마곡수명산파크3단지,84.53,13,2007,38083,0,2026,6,10
강서구,내발산동,마곡수명산파크5단지,49.93,9,2008,6865,12,2026,6,10
강서구,내발산동,마곡수명산파크1단지,39.8,5,2007,6088,2,2026,6,11
강서구,마곡동,마곡엠밸리10단지,59.79,14,2016,6474,38,2026,6,10
강서구,마곡동,마곡엠밸리10단지,59.79,12,2016,36030,0,2026,6,11
강서구,마곡동,마곡엠밸리4단지,49.77,5,2014,10110,18,2026,6,11
강서구,마곡동,마곡엠밸리6단지,59.95,1,2014,36030,0,2026,6,10
강서구,마곡동,마곡엠밸리7단지,59.79,5,2014,36030,0,2026,6,10
강서구,마곡동,마곡엠밸리11단지,59.99,6,2016,36030,0,2026,6,10
강서구,마곡동,마곡엠밸리10단지,59.79,12,2016,2913,45,2026,6,10
강서구,등촌동,주공5,58.14,8,1995,48000,0,2026,6,10
강서구,내발산동,마곡수명산파크6단지,49.97,8,2007,6567,13,2026,6,10
강서구,내발산동,마곡수명산파크7단지,49.97,10,2008,6256,12,2026,6,11
강서구,내발산동,마곡수명산파크5단지,49.97,2,2008,3900,29,2026,6,10
강서구,화곡동,까치타운,13.98,10,2013,4000,20,2026,6,11
강서구,등촌동,주공5,37.67,2,1995,33600,0,2026,6,10
강서구,염창동,우성2,84.7,3,1992,63000,0,2026,6,8
강서구,화곡동,디아인스,23.93,7,2018,23600,0,2026,6,10
강서구,마곡동,마곡엠밸리3단지,49.77,3,2014,7410,35,2026,6,10
강서구,마곡동,마곡엠밸리11단지,59.79,13,2016,40057,0,2026,6,10
강서구,마곡동,마곡엠밸리6단지,84.6,8,2014,43410,0,2026,6,10
강서구,내발산동,마곡수명산파크2단지,59.76,9,2007,15733,0,2026,6,10
강서구,마곡동,마곡엠밸리10단지,59.87,14,2016,9834,19,2026,6,10
강서구,염창동,벽산늘푸른,59.97,1,1998,23000,38,2026,6,10
강서구,내발산동,마곡수명산파크5단지,49.93,4,2008,6724,13,2026,6,10
강서구,등촌동,아임2030등촌역,15.17,6,2020,7500,37,2026,6,5
강서구,가양동,강변,49.5,10,1992,40950,0,2026,6,9
강서구,내발산동,마곡수명산파크5단지,49.97,5,2008,5024,22,2026,6,10
강서구,마곡동,마곡엠밸리6단지,59.9,3,2014,3367,48,2026,6,10
강서구,마곡동,마곡엠밸리3단지,84.91,12,2014,48142,0,2026,6,10
강서구,가양동,가양강나루현대,59.76,20,1999,50500,0,2026,6,10
강서구,마곡동,마곡엠밸리6단지,59.79,5,2014,36030,0,2026,6,10
강서구,내발산동,마곡수명산파크5단지,49.93,5,2008,6724,13,2026,6,10
강서구,내발산동,마곡수명산파크2단지,59.76,9,2007,6890,13,2026,6,10
강서구,방화동,방화4단지,100.35,9,1994,22000,105,2026,6,4
강서구,화곡동,리치아파트104동,19.93,10,2020,19152,12,2026,6,10
강서구,염창동,벽산늘푸른,59.97,4,1998,200,100,2026,6,1
강서구,마곡동,마곡엠밸리10단지,59.99,6,2016,36030,0,2026,6,10
강서구,등촌동,서광등촌마을아파트,59.67,4,1999,49000,0,2026,6,10
강서구,마곡동,마곡엠밸리3단지,59.79,10,2014,12068,21,2026,6,10
강서구,마곡동,마곡엠밸리10단지,59.87,10,2016,40057,0,2026,6,10
강서구,마곡동,마곡엠밸리7단지,84.95,6,2014,43410,0,2026,6,10
강서구,내발산동,센터스퀘어발산,19.96,12,2025,2000,77,2026,6,4
강서구,마곡동,마곡엠밸리8단지,59.79,13,2016,36030,0,2026,6,10
강서구,방화동,방화스카이포레,44.07,12,2025,12240,43,2026,6,10
강서구,마곡동,마곡엠밸리11단지,59.87,4,2016,2922,45,2026,6,10
강서구,마곡동,마곡엠벨리(15단지),84.88,1,2014,43410,0,2026,6,10
강서구,마곡동,마곡엠밸리3단지,84.95,5,2014,43410,0,2026,6,10
강서구,마곡동,마곡엠밸리5단지,84.95,5,2014,43410,0,2026,6,10
강서구,마곡동,마곡엠밸리5단지,84.95,2,2014,43410,0,2026,6,10
강서구,마곡동,마곡엠밸리8단지,59.79,8,2016,36030,0,2026,6,10
강서구,화곡동,강서크라운팰리스,20.11,15,2019,21600,10,2026,6,3
강서구,마곡동,마곡엠밸리12단지,59.79,4,2016,36030,0,2026,6,10
강서구,마곡동,마곡엠밸리10단지,59.79,3,2016,36030,0,2026,6,10
강서구,마곡동,마곡엠밸리6단지,59.79,14,2014,36030,0,2026,6,10
강서구,마곡동,마곡엠밸리5단지,84.47,5,2014,48142,0,2026,6,10
강서구,가양동,가양2단지(성지),34.44,11,1992,2000,100,2026,6,3
강서구,마곡동,마곡엠밸리2단지,59.83,10,2014,11656,19,2026,6,10
강서구,마곡동,마곡엠밸리11단지,59.79,3,2016,36030,0,2026,6,10
강서구,마곡동,마곡엠밸리10단지,59.99,12,2016,36030,0,2026,6,10
강서구,등촌동,등촌동아이파크,134.9883,15,2004,100000,0,2026,6,10
강서구,마곡동,마곡엠밸리11단지,59.79,12,2016,36030,0,2026,6,10
강서구,염창동,센터스퀘어등촌,18.24,17,2020,2794,9,2026,6,10
강서구,화곡동,청송평화헬스타워,35.52,9,2017,20000,4,2026,6,4
강서구,등촌동,등촌파밀리에더클래식201동,49.78,6,2020,43900,0,2026,6,10
강서구,내발산동,마곡수명산파크1단지,39.92,5,2007,2451,22,2026,6,10
강서구,화곡동,SPACE(920-5),19.75,6,2014,11200,9,2026,6,10
강서구,화곡동,우장산숲아이파크,59.9983,5,2022,10000,240,2026,6,10
강서구,마곡동,마곡엠밸리6단지,84.84,3,2014,43410,0,2026,6,10
강서구,마곡동,마곡엠밸리4단지,49.77,3,2014,6176,40,2026,6,10
강서구,등촌동,코오롱하늘채,59.95,5,2003,50000,0,2026,6,5
강서구,등촌동,아임2030등촌역,15.17,14,2020,11500,21,2026,6,8
강서구,내발산동,우장산힐스테이트,59.98,7,2005,65000,0,2026,6,10
강서구,마곡동,마곡엠밸리10단지,59.79,11,2016,10210,17,2026,6,10
강서구,마곡동,마곡엠밸리8단지,59.99,4,2016,3314,48,2026,6,10
강서구,마곡동,마곡엠밸리6단지,59.96,9,2014,10600,19,2026,6,10
강서구,마곡동,마곡엠밸리5단지,84.6,4,2014,48142,0,2026,6,10
강서구,내발산동,마곡수명산파크5단지,59.76,4,2008,59000,0,2026,6,8
강서구,내발산동,마곡수명산파크2단지,59.76,8,2007,6890,13,2026,6,10
강서구,내발산동,마곡수명산파크3단지,84.53,8,2007,26428,0,2026,6,10
강서구,마곡동,마곡엠벨리(14단지),84.74,9,2014,43410,0,2026,6,10
강서구,내발산동,마곡수명산파크4단지,59.76,1,2008,1945,37,2026,6,9
강서구,내발산동,마곡수명산파크4단지,59.84,15,2008,7493,14,2026,6,9
강서구,가양동,가양6단지,58.65,12,1992,8000,130,2026,6,5
강서구,마곡동,마곡엠밸리9단지,84.91,7,2021,72000,35,2026,6,4
강서구,마곡동,마곡엠밸리10단지,59.87,4,2016,36030,0,2026,6,10
강서구,마곡동,마곡엠밸리7단지,84.95,7,2014,48142,0,2026,6,10
강서구,마곡동,마곡엠밸리3단지,59.79,11,2014,11728,23,2026,6,10
강서구,마곡동,마곡엠밸리8단지,59.79,8,2016,11598,16,2026,6,10
강서구,마곡동,마곡엠밸리10단지,59.79,4,2016,36030,0,2026,6,10
강서구,마곡동,마곡엠밸리7단지,59.79,5,2014,10111,16,2026,6,10
강서구,화곡동,한울에이치밸리움B동,20.92,8,2019,18000,35,2026,6,8
강서구,마곡동,마곡엠밸리10단지,59.87,9,2016,10210,17,2026,6,10
강서구,마곡동,마곡엠밸리7단지,59.79,12,2014,36030,0,2026,6,10
강서구,내발산동,마곡수명산파크2단지,84.53,8,2007,63000,0,2026,6,6
강서구,마곡동,한솔솔파크,59.81,1,2005,54000,0,2026,6,9
강서구,마곡동,마곡엠벨리(15단지),49.87,10,2014,9776,15,2026,6,8
강서구,화곡동,삼성다빈치(917-14),14.35,5,2015,1000,51,2026,6,1
강서구,가양동,가양우성,84.85,1,1990,62000,0,2026,6,9
강서구,염창동,아네스트염창,21.27,13,2019,5000,96,2026,6,9
강서구,방화동,장미,49.2,2,1994,2000,133,2026,6,2
강서구,가양동,강변,39.6,4,1992,30000,0,2026,6,9
강서구,내발산동,현대파크,73.16,2,2000,30000,60,2026,6,9
강서구,염창동,염창3우성,84.96,13,1993,52000,0,2026,6,4
강서구,염창동,극동,59.9,15,2000,45000,0,2026,6,9
강서구,마곡동,마곡엠밸리10단지,59.87,3,2016,4974,41,2026,6,9
강서구,마곡동,마곡엠밸리2단지,59.79,10,2014,7005,45,2026,6,9
강서구,화곡동,루체비스타,29.47,6,2017,18300,29,2026,6,8
강서구,가양동,가양도시개발9-1단지,39.6,12,1992,2252,6,2026,6,9
강서구,화곡동,강서힐스테이트,84.99,17,2015,82500,0,2026,6,5
강서구,등촌동,대림e편한세상,96.73,2,2002,80000,0,2026,6,8
강서구,등촌동,제일(코오롱),84.83,15,1999,59000,0,2026,6,8
강서구,방화동,방화그린,33.6,9,1993,1000,70,2026,6,9
강서구,등촌동,마곡루나플라체,22.05,12,2021,2000,110,2026,6,8
강서구,등촌동,등촌파밀리에더클래식101동,49.77,6,2020,49000,0,2026,6,5
강서구,가양동,가양2단지(성지),39.6,15,1992,25000,0,2026,6,8
강서구,방화동,장미,49.2,9,1994,27300,0,2026,6,8
강서구,가양동,가양6단지,39.6,8,1992,5500,100,2026,6,8
강서구,방화동,방화5,39.6,1,1994,26000,0,2026,6,6
강서구,가양동,가양2단지(성지),34.44,10,1992,2000,90,2026,6,6
강서구,내발산동,마곡수명산파크2단지,84.82,8,2007,63000,0,2026,6,6
강서구,등촌동,풍성애뜨란아파트,54.47,6,2016,38000,0,2026,6,1
강서구,염창동,동아,59.97,12,1998,25000,58,2026,6,6
강서구,내발산동,우장산힐스테이트,126.65,16,2005,96000,0,2026,6,8
강서구,마곡동,마곡13단지힐스테이트마스터,84.9881,15,2017,85000,0,2026,6,6
강서구,등촌동,등촌파밀리에더클래식201동,49.78,3,2020,48000,0,2026,6,1
강서구,등촌동,대림,123.72,8,1995,80000,0,2026,6,5
강서구,등촌동,부영,80.64,3,1994,20000,99,2026,6,6
강서구,화곡동,아델리아Ⅲ,14.85,4,2012,8100,19,2026,6,8
강서구,방화동,방화6단지,39.6,5,1994,2295,6,2026,6,8
강서구,가양동,한강타운,84.99,7,1993,60000,0,2026,6,5
강서구,화곡동,"우장산아이파크,이편한세상",84.97,22,2008,60000,100,2026,6,5
강서구,가양동,한강타운,84.99,13,1993,50000,40,2026,6,2
강서구,방화동,방화4단지,100.35,10,1994,63000,0,2026,6,5
강서구,가양동,한보구암마을,59.58,9,1999,31500,32,2026,6,6
강서구,화곡동,강서힐스테이트,59.99,2,2015,48000,65,2026,6,6
강서구,화곡동,M노블레스,44.2,6,2021,26334,0,2026,6,8
강서구,등촌동,주공3,37.67,4,1995,15000,70,2026,6,1
강서구,염창동,월드메르디앙,84.98,7,2004,70000,0,2026,6,6
강서구,화곡동,우장산역해링턴타워,23.34,8,2021,5680,39,2026,6,4
강서구,염창동,강서쌍용예가,84.9025,15,2014,68000,0,2026,6,5
강서구,가양동,가양도시개발9-2단지,34.44,5,1993,27000,0,2026,6,3
강서구,등촌동,아임2030등촌역,15.17,8,2020,7500,36,2026,6,4
강서구,내발산동,청솔숲속마을101동,83.69,3,2006,59000,0,2026,6,3
강서구,내발산동,청솔샤르망1001동,84.4121,4,2004,52000,0,2026,6,5
강서구,화곡동,리치아파트102동(924-24),22.82,12,2020,20400,6,2026,6,5
강서구,가양동,한강타운,84.99,3,1993,49900,0,2026,6,5
강서구,화곡동,리치아파트103동,22.55,11,2020,20160,9,2026,6,4
강서구,화곡동,M노블레스,27.01,2,2021,18774,0,2026,6,2
강서구,방화동,방화그린,33.6,14,1993,19000,0,2026,6,1
강서구,등촌동,주공10,58.14,12,1995,10000,140,2026,6,2
강서구,가양동,가양도시개발9-2단지,49.5,11,1993,38500,0,2026,6,5
강서구,마곡동,마곡13단지힐스테이트마스터,84.9805,13,2017,45000,180,2026,6,4
강서구,방화동,방화5,39.6,11,1994,24000,30,2026,6,3
강서구,방화동,장미,49.2,2,1994,30000,0,2026,6,3
강서구,등촌동,서광등촌마을아파트,84.93,5,1999,45000,0,2026,6,4
강서구,화곡동,경동엠파이어스테이트,18.915,4,2012,1000,60,2026,6,1
강서구,화곡동,리치아파트,19.81,10,2018,16000,21,2026,6,4
강서구,내발산동,제이월드에메랄드,111.56,6,2002,56000,0,2026,6,5
강서구,마곡동,마곡청구아파트,84.92,13,1998,45000,0,2026,6,4
강서구,등촌동,주공10,58.14,6,1995,44500,0,2026,6,3
강서구,방화동,마곡우촌아파트,28.04,5,2022,1000,120,2026,6,2
강서구,염창동,현대아이파크,78.86,12,2005,75000,0,2026,6,3
강서구,방화동,방화6단지,24.05,11,1994,1389,3,2026,6,5
강서구,가양동,한강타운,84.99,14,1993,65000,0,2026,6,4
강서구,내발산동,우장산힐스테이트,101.87,8,2005,86000,0,2026,6,3
강서구,가양동,가양6단지,58.65,1,1992,2000,130,2026,6,3
강서구,염창동,아르체움등촌,40.51,14,2025,15100,79,2026,6,4
강서구,가양동,한강타운,84.99,11,1993,12000,175,2026,6,2
강서구,등촌동,아임2030등촌역,15.17,8,2020,7500,36,2026,6,4
강서구,화곡동,계명나동(56-29),57.38,5,2002,18900,0,2026,6,3
강서구,가양동,가양6단지,39.6,10,1992,29000,0,2026,6,3
강서구,등촌동,동성,101.88,2,1995,59000,0,2026,6,4
강서구,마곡동,마곡엠밸리12단지,59.79,8,2016,73000,0,2026,6,4
강서구,마곡동,마곡엠밸리5단지,84.91,3,2014,68000,0,2026,6,3
강서구,내발산동,마곡수명산파크5단지,59.84,5,2008,17480,130,2026,6,3
강서구,화곡동,"우장산아이파크,이편한세상",84.97,15,2008,30000,190,2026,6,2
강서구,화곡동,초록,49.77,8,1998,40000,0,2026,6,3
강서구,등촌동,마곡루나플라체,22.05,10,2021,25600,0,2026,6,3
강서구,가양동,강변,49.5,12,1992,42000,0,2026,6,3
강서구,마곡동,마곡엠밸리8단지,84.89,7,2016,73500,0,2026,6,4
강서구,가양동,가양2단지(성지),39.6,11,1992,15000,34,2026,6,3
강서구,염창동,동아,59.97,3,1998,44000,0,2026,6,3
강서구,내발산동,마곡수명산파크5단지,59.84,2,2008,50000,0,2026,6,3
강서구,등촌동,임광,84.91,5,2000,20000,170,2026,6,2
강서구,마곡동,마곡엠밸리10단지,84.89,9,2016,83000,0,2026,6,2
강서구,화곡동,우장산숲아이파크,59.9983,5,2022,71000,0,2026,6,3
강서구,방화동,방화5,39.6,9,1994,26000,0,2026,6,3
강서구,마곡동,마곡엠벨리(15단지),84.5,1,2014,65000,0,2026,6,3
강서구,염창동,e편한세상염창,55.0323,10,2019,55000,0,2026,6,3
강서구,가양동,가양2단지(성지),39.6,7,1992,29000,0,2026,6,3
강서구,등촌동,"등촌1,2단지주공아파트",41.16,1,1994,25000,0,2026,6,3
강서구,염창동,극동상록수,59.91,4,1999,40900,0,2026,6,3
강서구,화곡동,우장산역해링턴타워,23.68,10,2021,5680,39,2026,6,2
강서구,등촌동,마곡루나플라체,22.05,14,2021,26000,0,2026,6,2
강서구,화곡동,동양하우징(899-4),29.8,6,2017,3000,100,2026,6,2
강서구,화곡동,"우장산아이파크,이편한세상",114.98,18,2008,94500,0,2026,6,1
강서구,화곡동,정원,52.65,5,2002,15000,0,2026,6,2
강서구,화곡동,"우장산아이파크,이편한세상",59.98,4,2008,68000,0,2026,6,1
강서구,염창동,롯데캐슬,84.9519,6,2005,10000,230,2026,6,1
강서구,가양동,가양도시개발9-1단지,49.5,4,1992,2824,7,2026,6,2
강서구,방화동,신안네트빌2단지,84.0164,1,2002,46000,0,2026,6,1
강서구,마곡동,마곡13단지힐스테이트마스터,84.9805,10,2017,30000,240,2026,6,1
강서구,등촌동,"등촌1,2단지주공아파트",41.85,7,1994,27300,0,2026,6,1
강서구,방화동,마곡 한진해모로,84.93,8,2004,55000,0,2026,6,1
강서구,등촌동,등촌동아이파크,165.8299,17,2004,100000,0,2026,6,1
강서구,등촌동,아임2030등촌역,15.01,16,2020,10000,27,2026,6,1
강서구,내발산동,우장산힐스테이트,59.98,9,2005,61900,0,2026,6,1
강서구,화곡동,청담라인씨티,28.8,15,2018,11800,26,2026,6,1
강서구,내발산동,마곡수명산파크4단지,59.76,11,2008,5127,28,2026,6,1
강서구,염창동,현대1,84.07,5,1994,63000,0,2026,6,1
구로구,구로동,신도림롯데아파트,84.93,22,1999,57750,0,2026,6,8
구로구,개봉동,센트레빌레우스1단지,74.9361,7,2020,15495,60,2026,6,9
구로구,개봉동,센트레빌레우스2단지,59.948,13,2020,17561,38,2026,6,5
구로구,신도림동,신도림아이파크,57.2934,14,2015,35000,40,2026,6,5
구로구,개봉동,센트레빌레우스1단지,84.9407,22,2020,27891,50,2026,6,4
구로구,개봉동,센트레빌레우스1단지,84.9716,20,2020,27891,48,2026,6,12
구로구,개봉동,현대,59.94,11,2001,47000,0,2026,6,11
구로구,개봉동,센트레빌레우스1단지,74.9361,14,2020,25825,42,2026,6,12
구로구,천왕동,천왕이펜하우스2단지,84.97,9,2011,40000,60,2026,6,6
구로구,구로동,그린플러스구로해담채2,13.23,15,2013,1000,55,2026,6,12
구로구,개봉동,센트레빌레우스1단지,84.9407,27,2020,27891,48,2026,6,12
구로구,개봉동,센트레빌레우스1단지,84.9716,10,2020,27891,45,2026,6,12
구로구,개봉동,센트레빌레우스1단지,84.9716,20,2020,27891,48,2026,6,12
구로구,항동,하버라인11단지,29.69,3,2019,5832,22,2026,6,12
구로구,개봉동,센트레빌레우스1단지,74.9145,2,2020,20660,45,2026,6,12
구로구,개봉동,센트레빌레우스2단지,59.948,8,2020,17561,38,2026,6,12
구로구,구로동,구로두산위브,36.88,10,2006,6000,71,2026,6,12
구로구,개봉동,개봉동현대아이파크,84.98,4,2006,60000,0,2026,6,12
구로구,개봉동,센트레빌레우스1단지,84.9407,16,2020,17561,77,2026,6,5
구로구,천왕동,천왕이펜하우스8단지,29.38,9,2018,4760,18,2026,6,12
구로구,천왕동,천왕이펜하우스4단지,84.95,8,2011,33988,0,2026,6,12
구로구,개봉동,센트레빌레우스1단지,84.9625,8,2020,22726,60,2026,6,12
구로구,개봉동,센트레빌레우스1단지,74.9361,17,2020,25825,42,2026,6,12
구로구,구로동,한신(792-29),44,4,1998,3000,50,2026,6,12
구로구,개봉동,삼환,59.4,8,1995,42000,0,2026,6,11
구로구,개봉동,센트레빌레우스1단지,74.9361,12,2020,25825,42,2026,6,12
구로구,개봉동,센트레빌레우스1단지,84.9625,20,2020,27891,48,2026,6,12
구로구,구로동,주공1,73.08,3,1986,38000,0,2026,6,12
구로구,항동,하버라인11단지,29.69,9,2019,5832,22,2026,6,12
구로구,개봉동,센트레빌레우스1단지,74.9361,4,2020,20660,45,2026,6,12
구로구,개봉동,센트레빌레우스1단지,74.9361,18,2020,25825,42,2026,6,12
구로구,개봉동,센트레빌레우스1단지,84.9716,23,2020,27891,48,2026,6,12
구로구,구로동,주공2,54.9,7,1987,28300,0,2026,6,12
구로구,천왕동,천왕이펜하우스8단지,36.87,14,2018,2992,29,2026,6,11
구로구,개봉동,센트레빌레우스1단지,84.9716,25,2020,22726,62,2026,6,12
구로구,구로동,한신,45.563,6,1988,30500,0,2026,6,12
구로구,개봉동,센트레빌레우스1단지,84.9716,4,2020,27891,43,2026,6,12
구로구,신도림동,신도림팰러티움,84.62,22,2006,42000,0,2026,6,11
구로구,구로동,(798-55),23.74,1,1998,300,30,2026,6,6
구로구,항동,하버라인3단지,84.87,3,2019,47250,0,2026,6,10
구로구,항동,하버라인11단지,29.69,12,2019,5832,22,2026,6,12
구로구,고척동,고척아이파크(아파트),64.96,7,2022,23400,50,2026,6,10
구로구,구로동,우리유앤미,53.51,11,2004,32000,0,2026,6,11
구로구,항동,하버라인3단지,74.85,10,2019,50000,0,2026,6,11
구로구,항동,하버라인11단지,29.69,8,2019,5832,22,2026,6,11
구로구,오류동,영풍마드레빌,84.741,17,2002,32000,0,2026,6,1
구로구,개봉동,개봉푸르지오,84.94,24,2014,30000,100,2026,6,9
구로구,개봉동,센트레빌레우스1단지,84.9625,22,2020,27891,48,2026,6,10
구로구,개봉동,LIPe-푸른아파트,83.02,2,2014,35700,0,2026,6,5
구로구,개봉동,센트레빌레우스1단지,84.9716,23,2020,27891,48,2026,6,11
구로구,개봉동,한양아이클래스구로,47.74,5,2018,27500,25,2026,6,11
구로구,항동,하버라인11단지,29.69,9,2019,5832,22,2026,6,11
구로구,구로동,신도림현대,80.01,12,1994,5000,190,2026,6,5
구로구,개봉동,한진,59.95,13,2000,10000,120,2026,6,11
구로구,항동,하버라인11단지,29.69,4,2019,5832,22,2026,6,11
구로구,개봉동,센트레빌레우스1단지,84.9716,5,2020,27891,43,2026,6,11
구로구,개봉동,현대홈타운,59.49,17,2001,40000,40,2026,6,11
구로구,개봉동,센트레빌레우스1단지,74.9361,23,2020,25825,42,2026,6,11
구로구,구로동,한신,35.277,1,1988,23100,0,2026,6,11
구로구,항동,하버라인11단지,39.69,13,2019,8720,33,2026,6,11
구로구,신도림동,신도림크라운빌,20.47,10,2015,1200,79,2026,6,10
구로구,개봉동,센트레빌레우스1단지,84.9716,5,2020,27891,43,2026,6,11
구로구,항동,하버라인11단지,39.69,13,2019,8720,33,2026,6,11
구로구,신도림동,신도림크라운빌,20.47,11,2015,3000,64,2026,6,5
구로구,개봉동,센트레빌레우스1단지,74.9361,12,2020,20660,57,2026,6,11
구로구,개봉동,센트레빌레우스1단지,84.9716,7,2020,22726,60,2026,6,11
구로구,개봉동,센트레빌레우스1단지,74.9361,31,2020,25825,42,2026,6,10
구로구,천왕동,천왕이펜하우스8단지,36.87,14,2018,5984,22,2026,6,11
구로구,개봉동,센트레빌레우스1단지,84.9407,29,2020,27891,48,2026,6,11
구로구,개봉동,센트레빌레우스1단지,74.9361,2,2020,20660,45,2026,6,10
구로구,신도림동,대림1,59.88,10,1999,52500,0,2026,6,10
구로구,항동,하버라인11단지,29.69,8,2019,5832,22,2026,6,10
구로구,신도림동,신도림크라운빌,20.47,2,2015,2000,75,2026,6,10
구로구,개봉동,센트레빌레우스1단지,84.9625,4,2020,27891,43,2026,6,10
구로구,신도림동,대림2,59.9,6,2001,40000,55,2026,6,8
구로구,항동,하버라인11단지,29.69,11,2019,5832,22,2026,6,10
구로구,항동,하버라인11단지,39.69,3,2019,8720,33,2026,6,10
구로구,구로동,순영웰라이빌2차,64.45,23,2005,8000,103,2026,6,3
구로구,개봉동,센트레빌레우스1단지,74.9361,4,2020,25825,38,2026,6,10
구로구,신도림동,신성은하수,59.88,16,1997,50000,0,2026,6,8
구로구,개봉동,센트레빌레우스1단지,84.9716,24,2020,27891,48,2026,6,10
구로구,항동,하버라인11단지,29.69,10,2019,5832,22,2026,6,10
구로구,개봉동,센트레빌레우스1단지,74.9361,10,2020,25825,40,2026,6,10
구로구,고척동,고척아이파크(아파트),79.97,8,2022,24800,57,2026,6,10
구로구,항동,하버라인11단지,29.69,13,2019,5832,22,2026,6,10
구로구,천왕동,천왕이펜하우스8단지,29.38,12,2018,4760,18,2026,6,10
구로구,개봉동,센트레빌레우스1단지,74.9361,8,2020,25825,40,2026,6,10
구로구,개봉동,센트레빌레우스1단지,84.9407,17,2020,27891,50,2026,6,10
구로구,개봉동,센트레빌레우스1단지,84.9716,30,2020,27891,48,2026,6,10
구로구,개봉동,두산,59.69,22,1997,30600,0,2026,6,9
구로구,개봉동,현대,84.96,1,2001,35000,59,2026,6,6
구로구,항동,하버라인11단지,29.69,12,2019,5832,22,2026,6,10
구로구,개봉동,센트레빌레우스1단지,84.9625,25,2020,27891,48,2026,6,9
구로구,오류동,이좋은집,36.69,5,2005,18500,0,2026,6,10
구로구,고척동,산업인,48.04,1,1976,2000,50,2026,6,1
구로구,개봉동,센트레빌레우스1단지,84.9625,2,2020,27891,43,2026,6,10
구로구,구로동,럭키,71.4,3,1992,40950,0,2026,6,9
구로구,구로동,신도림롯데아파트,84.93,14,1999,65000,0,2026,6,2
구로구,개봉동,센트레빌레우스1단지,74.9361,16,2020,20660,57,2026,6,10
구로구,천왕동,천왕이펜하우스3단지,84.96,5,2011,33988,0,2026,6,9
구로구,구로동,쌍용플래티넘노블,123.9,16,2006,68000,0,2026,6,8
구로구,개봉동,센트레빌레우스1단지,74.9145,12,2020,25825,42,2026,6,9
구로구,구로동,덕영드림,56.19,3,2006,20000,70,2026,6,3
구로구,신도림동,신성은하수,59.88,16,1997,50000,0,2026,6,8
구로구,개봉동,센트레빌레우스1단지,74.9361,7,2020,25825,40,2026,6,9
구로구,개봉동,센트레빌레우스1단지,74.9361,22,2020,25825,42,2026,6,9
구로구,개봉동,센트레빌레우스1단지,74.9361,22,2020,25825,42,2026,6,9
구로구,구로동,한국현대,84.72,9,1994,23000,90,2026,6,4
구로구,개봉동,센트레빌레우스1단지,74.9361,27,2020,25825,42,2026,6,9
구로구,신도림동,대림2,59.88,20,2001,50400,0,2026,6,9
구로구,개봉동,센트레빌레우스1단지,84.9716,15,2020,27891,48,2026,6,9
구로구,신도림동,디큐브시티,84.96,42,2011,87000,0,2026,6,7
구로구,구로동,우방,84.9,15,1993,40000,0,2026,6,9
구로구,개봉동,센트레빌레우스1단지,84.9407,16,2020,27891,48,2026,6,9
구로구,오류동,동부골든,59.94,7,1998,29400,0,2026,6,8
구로구,개봉동,센트레빌레우스1단지,84.9625,23,2020,27891,48,2026,6,9
구로구,개봉동,센트레빌레우스1단지,84.9716,26,2020,27891,48,2026,6,9
구로구,개봉동,한마을,84.57,15,1999,46500,0,2026,6,9
구로구,온수동,온수힐스테이트,59.98,6,2010,47000,0,2026,6,8
구로구,개봉동,센트레빌레우스1단지,74.9361,7,2020,15495,69,2026,6,4
구로구,구로동,주공1,73.08,2,1986,30300,0,2026,6,8
구로구,개봉동,센트레빌레우스1단지,84.9716,5,2020,27891,46,2026,6,9
구로구,개봉동,센트레빌레우스2단지,59.948,2,2020,17561,38,2026,6,9
구로구,항동,항동제일풍경채포레스트,101.6125,5,2020,58000,0,2026,6,5
구로구,항동,한양수자인에듀힐즈,76.9519,14,2019,50000,0,2026,6,8
구로구,구로동,구로두산위브,36.88,12,2006,5000,120,2026,6,1
구로구,개봉동,센트레빌레우스1단지,84.9625,19,2020,27891,48,2026,6,8
구로구,구로동,한신,44.78,12,1988,30000,0,2026,6,2
구로구,개봉동,센트레빌레우스1단지,74.9361,16,2020,25825,45,2026,6,8
구로구,개봉동,센트레빌레우스1단지,74.9361,2,2020,20660,45,2026,6,8
구로구,개봉동,센트레빌레우스1단지,84.9407,18,2020,27891,48,2026,6,8
구로구,구로동,한스타워,59.96,10,1996,3000,103,2026,6,8
구로구,개봉동,센트레빌레우스1단지,74.9361,14,2020,25825,42,2026,6,4
구로구,고척동,산업인,47,4,1976,7600,0,2026,6,6
구로구,개봉동,센트레빌레우스1단지,84.9716,3,2020,27891,43,2026,6,5
구로구,개봉동,센트레빌레우스1단지,74.9361,10,2020,20660,48,2026,6,4
구로구,개봉동,센트레빌레우스1단지,84.9625,12,2020,27891,48,2026,6,8
구로구,개봉동,개봉푸르지오,84.94,25,2014,61000,0,2026,6,5
구로구,구로동,주공2,32.39,8,1987,1000,70,2026,6,5
구로구,신도림동,우성1,84.96,6,1992,46000,0,2026,6,6
구로구,신도림동,상림빌딩,20.9746,5,2021,1000,104,2026,6,4
구로구,개봉동,센트레빌레우스1단지,84.9716,1,2020,22726,49,2026,6,8
구로구,개봉동,현대,59.94,8,2001,30000,58,2026,6,3
구로구,구로동,현대,72.33,5,1988,39500,0,2026,6,6
구로구,구로동,현대,84.57,13,1988,42000,0,2026,6,4
구로구,개봉동,센트레빌레우스1단지,84.9407,11,2020,27891,48,2026,6,8
구로구,개봉동,센트레빌레우스1단지,84.9625,7,2020,27891,45,2026,6,8
구로구,구로동,한스타워,59.96,10,1996,3000,103,2026,6,8
구로구,개봉동,센트레빌레우스1단지,74.9361,27,2020,25825,42,2026,6,8
구로구,고척동,대우,59.97,8,1999,37000,0,2026,6,6
구로구,신도림동,대림2,59.9,20,2001,58000,0,2026,6,1
구로구,구로동,현대연예인,84.91,6,1989,36500,0,2026,6,5
구로구,신도림동,대림2,59.88,17,2001,55000,0,2026,6,5
구로구,개봉동,센트레빌레우스1단지,74.9361,12,2020,25825,42,2026,6,5
구로구,개봉동,센트레빌레우스1단지,74.9145,16,2020,25825,42,2026,6,8
구로구,개봉동,센트레빌레우스2단지,59.948,3,2020,17561,38,2026,6,5
구로구,구로동,현대연예인,84.91,3,1989,40000,0,2026,6,5
구로구,개봉동,센트레빌레우스2단지,59.948,9,2020,17561,38,2026,6,5
구로구,개봉동,센트레빌레우스1단지,74.9361,4,2020,20660,45,2026,6,5
구로구,개봉동,센트레빌레우스1단지,84.9716,17,2020,27891,48,2026,6,5
구로구,구로동,한신,44.78,12,1988,30000,0,2026,6,2
구로구,개봉동,센트레빌레우스1단지,84.9716,2,2020,27891,43,2026,6,5
구로구,신도림동,신도림크라운빌,20.47,13,2015,1000,80,2026,6,1
구로구,개봉동,센트레빌레우스1단지,74.9361,11,2020,25825,42,2026,6,5
구로구,신도림동,대림1,134.99,8,1999,52500,157,2026,6,3
구로구,고척동,경남1,84.85,9,1998,27000,30,2026,6,5
구로구,개봉동,센트레빌레우스1단지,74.9361,4,2020,20660,45,2026,6,5
구로구,항동,한양수자인에듀힐즈,106.8765,13,2019,60000,0,2026,6,5
구로구,오류동,오류동푸르지오,84.936,3,2004,52000,0,2026,6,3
구로구,개봉동,센트레빌레우스1단지,84.9716,4,2020,27891,43,2026,6,5
구로구,항동,하버라인3단지,59.86,17,2019,42000,0,2026,6,5
구로구,개봉동,센트레빌레우스1단지,74.9361,15,2020,25825,42,2026,6,5
구로구,오류동,오류동행복주택,16.84,7,2018,4215,17,2026,6,5
구로구,오류동,오류동행복주택,29.76,17,2018,9463,11,2026,6,5
구로구,개봉동,센트레빌레우스1단지,84.9625,15,2020,27891,48,2026,6,5
구로구,고척동,청구,59.94,15,1999,5000,95,2026,6,5
구로구,개봉동,센트레빌레우스1단지,74.9361,9,2020,20660,45,2026,6,5
구로구,개봉동,센트레빌레우스1단지,74.9361,21,2020,25825,42,2026,6,5
구로구,오류동,오류동행복주택,16.84,5,2018,7127,9,2026,6,5
구로구,개봉동,센트레빌레우스1단지,74.9361,21,2020,25825,42,2026,6,5
구로구,고척동,고척파크푸르지오,84.94,3,2009,15000,150,2026,6,5
구로구,구로동,구로두산,44.64,13,1998,2000,110,2026,6,5
구로구,온수동,온수힐스테이트,84.97,2,2010,5000,200,2026,6,5
구로구,고척동,마젤란,84.923,4,2008,43895,0,2026,6,5
구로구,구로동,대림우성2,43.79,13,1987,28000,0,2026,6,4
구로구,개봉동,센트레빌레우스1단지,84.9716,17,2020,27891,48,2026,6,4
구로구,개봉동,센트레빌레우스1단지,74.9361,6,2020,20660,45,2026,6,5
구로구,개봉동,센트레빌레우스1단지,84.9716,4,2020,27891,43,2026,6,5
구로구,개봉동,센트레빌레우스1단지,84.9625,21,2020,27891,48,2026,6,5
구로구,오류동,경남아너스빌,84.93,20,2003,48000,0,2026,6,5
구로구,신도림동,대림e-편한세상4,84.78,5,2003,88000,0,2026,6,5
구로구,개봉동,센트레빌레우스2단지,59.948,4,2020,17561,38,2026,6,5
구로구,신도림동,신도림팰러티움,84.95,17,2006,40100,0,2026,6,2
구로구,개봉동,센트레빌레우스1단지,84.9716,34,2020,27891,48,2026,6,4
구로구,신도림동,SKVIEW,84.98,6,2006,68770,0,2026,6,4
구로구,개봉동,센트레빌레우스1단지,74.9361,5,2020,20660,45,2026,6,4
구로구,항동,하버라인3단지,59.86,12,2019,37000,0,2026,6,1
구로구,고척동,센츄리,84.56,2,1994,20000,85,2026,6,4
구로구,개봉동,현대,114.99,15,2001,65000,0,2026,6,2
구로구,항동,우남퍼스트빌더센트럴,117.9344,2,2020,55000,0,2026,6,4
구로구,구로동,희훈타워빌,127.05,9,1998,50000,0,2026,6,4
구로구,개봉동,센트레빌레우스1단지,84.9625,11,2020,27891,48,2026,6,4
구로구,구로동,신도림태영타운,84.87,26,2000,65000,0,2026,6,4
구로구,개봉동,센트레빌레우스1단지,84.9407,11,2020,27891,48,2026,6,4
구로구,구로동,중앙하이츠,79.97,1,1987,35000,0,2026,6,3
구로구,항동,우남퍼스트빌더센트럴,84.9149,15,2020,42000,0,2026,6,3
구로구,개봉동,센트레빌레우스1단지,84.9716,3,2020,17561,72,2026,6,4
구로구,천왕동,천왕연지마을2단지,33.63,2,2017,7262,10,2026,6,4
구로구,오류동,경남아너스빌,84.98,6,2003,43800,0,2026,6,3
구로구,구로동,구로현대,56.49,9,1992,10000,110,2026,6,3
구로구,개봉동,센트레빌레우스1단지,74.9361,19,2020,25825,42,2026,6,1
구로구,신도림동,동아3,60,9,2000,10000,205,2026,6,3
구로구,개봉동,센트레빌레우스1단지,84.9407,15,2020,27891,48,2026,6,2
구로구,개봉동,센트레빌레우스1단지,74.9361,21,2020,25825,42,2026,6,2
구로구,개봉동,영화,143.09,4,1998,22000,150,2026,6,2
구로구,구로동,우리유앤미,53.51,9,2004,39000,0,2026,6,2
구로구,고척동,라이프플러스,14.39,12,2012,8500,0,2026,6,1
구로구,개봉동,센트레빌레우스1단지,84.9625,6,2020,27891,45,2026,6,2
구로구,개봉동,상우,59.4,3,1997,15000,70,2026,6,2
구로구,고척동,서울가든,84.99,3,1989,43000,0,2026,6,1
구로구,개봉동,센트레빌레우스1단지,74.9361,24,2020,25825,42,2026,6,2
구로구,구로동,신도림LG자이,84.952,21,2004,63000,0,2026,6,1
구로구,개봉동,현대,84.99,1,2001,10000,210,2026,6,1
구로구,개봉동,센트레빌레우스1단지,74.9361,11,2020,25825,42,2026,6,1
구로구,개봉동,센트레빌레우스1단지,84.9407,12,2020,27891,48,2026,6,2
구로구,개봉동,센트레빌레우스1단지,84.9716,27,2020,27891,48,2026,6,2
구로구,천왕동,천왕이펜하우스5단지,114.85,4,2011,23418,0,2026,6,2
구로구,구로동,주공2,41.3,10,1987,24000,0,2026,6,1
구로구,천왕동,천왕이펜하우스3단지,39.45,2,2011,5335,11,2026,6,1
구로구,구로동,하나세인스톤2차,19.33,12,2011,3000,50,2026,6,1
구로구,구로동,현대의보아파트,84.22,4,1994,8000,158,2026,6,1
구로구,오류동,오류동행복주택,29.76,17,2018,9763,11,2026,6,1
구로구,개봉동,센트레빌레우스1단지,84.9716,17,2020,27891,48,2026,6,1
구로구,개봉동,센트레빌레우스1단지,74.9145,27,2020,25825,42,2026,6,1
금천구,독산동,한신아파트,129.66,8,1991,60000,0,2026,6,12
금천구,독산동,푸른터,81.56,5,2006,100,20,2026,6,11
금천구,독산동,독산주공14단지,59.22,5,1990,35000,0,2026,6,12
금천구,시흥동,관악산벽산타운5,114.84,18,2004,40000,0,2026,6,3
금천구,독산동,독산주공14단지,44.89,2,1990,3000,100,2026,6,3
금천구,독산동,독산주공14단지,44.94,3,1990,23000,0,2026,6,11
금천구,시흥동,시흥목련,28.95,4,1996,2392,5,2026,6,11
금천구,독산동,독산역롯데캐슬,84.9416,9,2021,28067,61,2026,6,10
금천구,시흥동,시흥동월드메르디앙,82.81,2,2006,42000,0,2026,6,11
금천구,독산동,금천현대,59.82,4,2002,28000,35,2026,6,9
금천구,시흥동,벽산,32.7,13,2000,1077,15,2026,6,11
금천구,시흥동,관악산벽산타운5,84.97,2,2004,43000,0,2026,6,9
금천구,독산동,e편한세상독산더타워,78.5532,32,2019,57750,0,2026,6,10
금천구,가산동,G밸리페트라힐스,13.76,5,2020,12100,8,2026,6,9
금천구,시흥동,관악산벽산타운5,84.97,19,2004,37000,0,2026,6,10
금천구,시흥동,벽산,32.7,7,2000,1077,15,2026,6,9
금천구,가산동,씨앤에스타워,17.8,3,2017,13400,17,2026,6,9
금천구,시흥동,SM엘루이,84.99,14,2012,45000,0,2026,6,3
금천구,가산동,G밸리페트라힐스,13.76,8,2020,14900,2,2026,6,8
금천구,시흥동,럭키남서울아파트,41.22,9,1981,1500,75,2026,6,3
금천구,가산동,씨앤에스타워,23.47,2,2017,3000,79,2026,6,9
금천구,시흥동,럭키남서울아파트,41.22,8,1981,17750,0,2026,6,8
금천구,독산동,골드캐슬(1031-22),16.78,10,2014,11500,0,2026,6,8
금천구,시흥동,벽산,32.7,12,2000,1077,15,2026,6,9
금천구,시흥동,벽산,32.7,1,2000,1077,15,2026,6,9
금천구,독산동,라이프,74.72,18,1996,36000,0,2026,6,8
금천구,독산동,e편한세상독산더타워,59.8637,16,2019,55000,0,2026,6,6
금천구,가산동,가산피어니빌,14.0429,5,2017,500,55,2026,6,1
금천구,독산동,독산동한양수자인,68.307,11,2011,20000,120,2026,6,6
금천구,시흥동,우방,59.91,8,2002,35000,0,2026,6,5
금천구,시흥동,럭키남서울아파트,62.11,5,1981,27800,0,2026,6,5
금천구,독산동,금천롯데캐슬골드파크3차,59.9662,39,2018,5000,221,2026,6,6
금천구,시흥동,삼익,84.96,5,1999,30000,30,2026,6,3
금천구,독산동,금천현대,84.83,1,2002,49000,0,2026,6,2
금천구,시흥동,삼익,84.96,3,1999,40000,0,2026,6,5
금천구,시흥동,럭키남서울아파트,41.22,8,1981,16000,0,2026,6,1
금천구,독산동,한아102(994-73),140.31,6,2004,16000,0,2026,6,4
금천구,독산동,금천현대,59.82,13,2002,43000,0,2026,6,1
금천구,독산동,e편한세상독산더타워,74.9482,10,2019,65000,0,2026,6,3
금천구,가산동,두산,84.9,10,1998,10000,150,2026,6,3
금천구,가산동,두산,59.84,9,1998,5000,120,2026,6,2
금천구,시흥동,남서울힐스테이트,84.786,22,2014,52267,0,2026,6,3
금천구,시흥동,럭키남서울아파트,41.22,8,1981,16000,0,2026,6,1
금천구,독산동,정심아파트,76.09,1,2003,2000,20,2026,6,1
금천구,독산동,독산역롯데캐슬,84.9416,3,2021,26624,63,2026,6,1
영등포구,당산동5가,당산효성타운2차,84.38,11,2001,70000,50,2026,6,3
영등포구,당산동4가,당산현대5차,59.55,3,2000,59850,0,2026,6,5
영등포구,영등포동,순영웰라이빌,84.88,14,2002,45000,0,2026,6,3
영등포구,당산동5가,당산효성타운2차,84.38,11,2001,70000,50,2026,6,3
영등포구,당산동3가,당산계룡리슈빌1단지,39.986,3,2014,5000,160,2026,6,1
영등포구,문래동4가,리버뷰신안인스빌1단지,84.995,3,2008,68000,0,2026,6,13
영등포구,문래동6가,문래롯데캐슬,59.9,11,2020,25000,69,2026,6,9
영등포구,문래동4가,문래동삼환,84.98,5,2001,10000,200,2026,6,6
영등포구,당산동5가,당산센트럴아이파크,59.98,24,2020,50000,135,2026,6,1
영등포구,당산동4가,당산현대3차,84.5,9,1988,63000,0,2026,6,12
영등포구,대림동,브라이튼디엘,58.37,2,2023,30156,0,2026,6,12
영등포구,당산동2가,당산대우,31.73,6,1999,22380,0,2026,6,12
영등포구,양평동3가,양평현대6차,59.98,1,2000,3000,168,2026,6,12
영등포구,신길동,삼성래미안,84.91,11,2001,70000,0,2026,6,11
영등포구,당산동2가,한화포레나당산,17.669,4,2022,12900,17,2026,6,12
영등포구,도림동,영등포아트자이,51.012,9,2014,4028,25,2026,6,9
영등포구,당산동5가,유원제일2차,123.76,5,1984,30000,100,2026,6,12
영등포구,신길동,보라매에스케이뷰,59.98,17,2020,5000,227,2026,6,11
영등포구,당산동5가,당산센트럴아이파크,59.98,9,2020,17200,65,2026,6,12
영등포구,신길동,비스타동원,15.3664,18,2024,14400,8,2026,6,8
영등포구,영등포동1가,여의도더리브스타일,14.8376,14,2020,1000,82,2026,6,11
영등포구,영등포동1가,여의도이튼브라운,18.89,9,2022,26000,0,2026,6,3
영등포구,여의도동,삼부,135.8,12,1975,90000,0,2026,6,11
영등포구,영등포동7가,경남아너스빌,59.9,4,1998,61000,0,2026,6,12
영등포구,양평동2가,양평벽산블루밍,59.58,3,1990,44500,0,2026,6,11
영등포구,문래동6가,문래롯데캐슬,51.25,21,2020,25000,45,2026,6,12
영등포구,영등포동1가,여의도씨티아이,12.59,13,2013,1000,55,2026,6,10
영등포구,대림동,e편한세상영등포아델포레,84.995,7,2020,73500,0,2026,6,11
영등포구,당산동2가,한화포레나당산,17.669,18,2022,9700,30,2026,6,11
영등포구,영등포동3가,포레스트힐시티,13.53,8,2014,180,60,2026,6,9
영등포구,신길동,보라매에스케이뷰,59.98,28,2020,67200,0,2026,6,11
영등포구,신길동,삼성,41.58,3,1984,3000,80,2026,6,3
영등포구,당산동5가,당산센트럴아이파크,59.98,9,2020,17200,65,2026,6,11
영등포구,문래동6가,문래롯데캐슬,53.79,6,2020,25000,53,2026,6,11
영등포구,신길동,힐스테이트클래시안,59.91,7,2020,55000,100,2026,6,11
영등포구,여의도동,공작,126.02,3,1976,62000,0,2026,6,11
영등포구,여의도동,미성,101.29,9,1978,68250,0,2026,6,4
영등포구,여의도동,시범,79.24,12,1971,1500,140,2026,6,11
영등포구,문래동6가,문래롯데캐슬,51.25,20,2020,25000,45,2026,6,5
영등포구,당산동5가,당산삼성래미안4차,97.27,5,2003,110000,0,2026,6,10
영등포구,문래동6가,문래롯데캐슬,59.9,10,2020,25875,65,2026,6,5
영등포구,당산동2가,한화포레나당산,33.095,16,2022,11000,67,2026,6,11
영등포구,당산동2가,한화포레나당산,33.095,16,2022,11000,67,2026,6,11
영등포구,당산동2가,한화포레나당산,33.095,7,2022,22292,23,2026,6,11
영등포구,영등포동8가,당산푸르지오,133.34,20,2004,110000,0,2026,6,6
영등포구,문래동6가,문래롯데캐슬,59.9,13,2020,12000,117,2026,6,11
영등포구,대림동,신대림자이2단지,95.71,12,2007,59850,0,2026,6,7
영등포구,당산동5가,당산센트럴아이파크,59.98,10,2020,17200,65,2026,6,10
영등포구,당산동5가,당산센트럴아이파크,59.98,5,2020,23660,32,2026,6,11
영등포구,문래동6가,문래롯데캐슬,59.9,20,2020,25000,69,2026,6,9
영등포구,문래동6가,문래롯데캐슬,53.79,6,2020,15000,81,2026,6,9
영등포구,당산동4가,당산삼성2차,59.76,4,1997,60000,0,2026,6,10
영등포구,당산동5가,반도유보라,84.58,8,2002,75000,0,2026,6,6
영등포구,대림동,e편한세상영등포아델포레,59.9792,20,2020,55000,0,2026,6,10
영등포구,영등포동,영등포푸르지오,84.84,8,2002,70000,0,2026,6,9
영등포구,신길동,우성1,64.4,6,1986,40000,0,2026,6,9
영등포구,양평동4가,약산,35.25,5,1984,18000,0,2026,6,6
영등포구,문래동2가,남성,72.9,10,1983,9000,100,2026,6,10
영등포구,당산동5가,당산센트럴아이파크,59.98,8,2020,17200,65,2026,6,10
영등포구,당산동5가,당산효성타운2차,84.38,11,2001,70000,50,2026,6,3
영등포구,여의도동,삼익,123.27,4,1974,74500,0,2026,6,10
영등포구,영등포동2가,현대팰리스,29.67,6,2016,26000,0,2026,6,10
영등포구,문래동3가,문래자이,84.98,6,2001,81900,0,2026,6,10
영등포구,양평동2가,상록수,59.67,20,1999,42000,0,2026,6,8
영등포구,당산동5가,당산삼성래미안4차,115.78,3,2003,106000,0,2026,6,10
영등포구,영등포동7가,경남아너스빌,59.9,16,1998,55650,0,2026,6,8
영등포구,당산동3가,당산계룡리슈빌2단지,40.154,7,2014,50400,0,2026,6,5
영등포구,신길동,힐스테이트클래시안,39.96,7,2020,4771,6,2026,6,8
영등포구,당산동3가,당산SHVILLE,84.83,6,2005,12100,26,2026,6,9
영등포구,영등포동1가,여의도이튼브라운,28.86,17,2022,39000,0,2026,6,6
영등포구,신길동,건영,60.27,9,1985,34000,0,2026,6,2
영등포구,영등포동7가,아크로타워스퀘어,26.78,17,2017,1858,11,2026,6,10
영등포구,양평동3가,양평현대6차,84.94,10,2000,1000,60,2026,6,9
영등포구,신길동,신길센트럴아이파크,59.97,6,2019,65000,0,2026,6,6
영등포구,영등포동8가,삼환,59.91,17,1999,63000,0,2026,6,9
영등포구,문래동6가,e편한세상 문래 에듀플라츠,59.9854,14,2020,54000,70,2026,6,9
영등포구,문래동6가,e편한세상 문래 에듀플라츠,59.9854,17,2020,67200,0,2026,6,9
영등포구,도림동,영등포아트자이,40.056,1,2014,6666,20,2026,6,9
영등포구,당산동5가,당산삼성래미안4차,115.78,11,2003,45000,187,2026,6,6
영등포구,신길동,보라매에스케이뷰,59.98,9,2020,10000,240,2026,6,7
영등포구,당산동2가,한화포레나당산,17.669,11,2022,13071,16,2026,6,9
영등포구,신길동,더샵파크프레스티지,59.8635,8,2022,30000,150,2026,6,6
영등포구,여의도동,삼부,92.13,3,1975,57000,0,2026,6,5
영등포구,문래동6가,e편한세상 문래 에듀플라츠,59.9833,5,2020,40000,82,2026,6,9
영등포구,양평동4가,삼호한숲,59.9,11,2000,49000,0,2026,6,6
영등포구,문래동6가,유원문래,84.98,4,1991,5250,189,2026,6,6
영등포구,당산동2가,당산2가현대홈타운,82.77,15,1994,60000,0,2026,6,8
영등포구,문래동5가,문래두산위브,79.86,2,1988,47250,0,2026,6,3
영등포구,당산동4가,당산현대5차,59.85,14,2000,68000,0,2026,6,6
영등포구,문래동3가,문래자이,84.98,11,2001,65000,55,2026,6,6
영등포구,신길동,삼성래미안,84.91,4,2001,70000,0,2026,6,8
영등포구,양평동5가,양평한신,59.94,8,1996,42400,0,2026,6,8
영등포구,영등포동2가,명화오피스텔,34.16,10,2017,25400,0,2026,6,5
영등포구,당산동3가,당산SHVILLE,84.85,9,2005,12364,34,2026,6,9
영등포구,여의도동,롯데캐슬아이비,103.86,23,2005,110250,0,2026,6,6
영등포구,신길동,신길센트럴자이아파트,39.36,7,2021,15192,39,2026,6,9
영등포구,신길동,래미안에스티움,59.95,12,2017,83000,0,2026,6,8
영등포구,당산동4가,당산현대5차,114.84,1,2000,40000,220,2026,6,6
영등포구,당산동3가,당산계룡리슈빌3단지,49.987,4,2014,60000,0,2026,6,6
영등포구,신길동,삼환,59.53,11,1997,15000,126,2026,6,3
영등포구,문래동6가,현대2차,59.31,12,1987,40000,35,2026,6,8
영등포구,당산동1가,신동아파밀리에,59.4,11,2008,20000,140,2026,6,8
영등포구,영등포동7가,아크로타워스퀘어,84.71,16,2017,112000,0,2026,6,5
영등포구,당산동3가,당산계룡리슈빌1단지,42.294,3,2014,47000,0,2026,6,8
영등포구,신길동,신길센트럴자이아파트,59.98,18,2021,40000,150,2026,6,5
영등포구,문래동3가,문래자이,147.34,12,2001,50000,198,2026,6,8
영등포구,도림동,영등포아트자이,36.437,11,2014,4913,6,2026,6,8
영등포구,당산동2가,당산대우,31.73,7,1999,2000,75,2026,6,8
영등포구,문래동6가,문래롯데캐슬,59.9,16,2020,25000,70,2026,6,5
영등포구,양평동5가,양평한신,59.94,19,1996,63000,0,2026,6,3
영등포구,문래동6가,문래롯데캐슬,59.9,19,2020,25000,69,2026,6,5
영등포구,영등포동7가,아크로타워스퀘어,33.71,24,2017,2341,13,2026,6,8
영등포구,영등포동8가,삼환,84.87,8,1999,52500,0,2026,6,8
영등포구,신길동,신길센트럴자이아파트,59.98,11,2021,20000,230,2026,6,8
영등포구,양평동4가,삼호한숲,84.99,10,2000,13000,155,2026,6,7
영등포구,양평동2가,삼성래미안,59.4,17,1998,58000,0,2026,6,5
영등포구,문래동6가,문래롯데캐슬,52.62,9,2020,25000,51,2026,6,5
영등포구,신길동,보라매에스케이뷰,39.98,13,2020,3579,19,2026,6,8
영등포구,양평동1가,삼환,59.76,12,1994,51000,0,2026,6,8
영등포구,영등포동1가,여의도이튼브라운,43.37,18,2022,51000,0,2026,6,1
영등포구,신길동,포레나 신길,84.5802,2,2008,500,50,2026,6,1
영등포구,신길동,우성1,83.64,12,1986,46000,0,2026,6,6
영등포구,당산동,브라보,17,10,2016,18500,0,2026,6,6
영등포구,양평동6가,선유도삼성홈타운,42.98,2,2015,32700,0,2026,6,7
영등포구,당산동4가,당산반도유보라팰리스,124.62,15,2010,20000,400,2026,6,3
영등포구,영등포동5가,현대프라자,59.96,8,1999,36000,0,2026,6,2
영등포구,양평동3가,양평현대6차,84.94,24,2000,66000,0,2026,6,5
영등포구,신길동,보라매에스케이뷰,59.98,23,2020,82000,0,2026,6,6
영등포구,양평동5가,양평한신,59.94,3,1996,60000,0,2026,6,6
영등포구,당산동4가,당산현대3차,84.5,7,1988,68250,0,2026,6,6
영등포구,도림동,영등포아트자이,84.974,26,2014,58000,0,2026,6,7
영등포구,신길동,보라매에스케이뷰,59.98,23,2020,82000,0,2026,6,6
영등포구,영등포동8가,삼환,59.91,16,1999,34700,0,2026,6,6
영등포구,당산동5가,당산센트럴아이파크,84.98,18,2020,105000,0,2026,6,6
영등포구,신길동,신길센트럴아이파크,59.97,8,2019,60900,0,2026,6,5
영등포구,대림동,현대1,84.75,14,1992,50000,0,2026,6,5
영등포구,신길동,더샵파크프레스티지,59.8635,12,2022,30000,160,2026,6,5
영등포구,신길동,힐스테이트클래시안,39.96,7,2020,3083,16,2026,6,8
영등포구,당산동2가,당산2가현대홈타운,82.77,9,1994,65000,0,2026,6,3
영등포구,당산동5가,당산센트럴아이파크,114.98,16,2020,130000,0,2026,6,3
영등포구,영등포동8가,당산푸르지오,79.33,16,2004,50000,30,2026,6,2
영등포구,양평동1가,이너스삼성,71.2,4,2005,50000,0,2026,6,5
영등포구,당산동5가,당산센트럴아이파크,71.98,17,2020,101000,0,2026,6,5
영등포구,당산동2가,한화포레나당산,17.669,11,2022,13071,16,2026,6,5
영등포구,대림동,신대림자이2단지,84.9,21,2007,20000,160,2026,6,4
영등포구,여의도동,공작,91.97,2,1976,15000,135,2026,6,1
영등포구,당산동4가,당산삼성2차,84.93,1,1997,58300,0,2026,6,4
영등포구,신길동,래미안에스티움,118.03,19,2017,113000,0,2026,6,4
영등포구,신길동,보라매에스케이뷰,84.98,26,2020,100000,0,2026,6,3
영등포구,신길동,삼성,73.98,4,1984,35000,0,2026,6,2
영등포구,당산동4가,당산롯데캐슬프레스티지,84.98,14,2017,96600,0,2026,6,3
영등포구,당산동4가,한강아파트,59.4,15,1999,57000,0,2026,6,3
영등포구,당산동4가,당산현대3차,59.26,13,1988,55000,0,2026,6,3
영등포구,당산동5가,당산디오빌,29.23,10,2005,20000,40,2026,6,2
영등포구,양평동2가,양평벽산블루밍,59.58,1,1990,48000,0,2026,6,3
영등포구,당산동5가,당산디오빌,33.09,6,2005,5000,105,2026,6,3
영등포구,신길동,힐스테이트클래시안,84.86,20,2020,103000,0,2026,6,2
영등포구,신길동,신길AK푸르지오,49.4552,6,2024,55000,0,2026,6,3
영등포구,신길동,보라매에스케이뷰,59.98,19,2020,10000,290,2026,6,3
영등포구,신길동,힐스테이트클래시안,59.91,4,2020,69300,0,2026,6,3
영등포구,도림동,영등포아트자이,84.974,1,2014,84000,0,2026,6,3
영등포구,대림동,G밸리소홈,16.1,11,2018,500,60,2026,6,3
영등포구,여의도동,삼부,175.8,12,1975,145000,0,2026,6,3
영등포구,대림동,브라이튼디엘,70.45,7,2023,38304,0,2026,6,2
영등포구,양평동5가,동보,59.4,11,1998,60000,0,2026,6,3
영등포구,도림동,에스제이팰리스,25.46,14,2019,3000,105,2026,6,2
영등포구,신길동,래미안에스티움,118.39,5,2017,110000,0,2026,6,3
영등포구,신길동,한성,59.87,15,1997,45000,0,2026,6,3
영등포구,신길동,더샵파크프레스티지,59.8635,15,2022,70000,0,2026,6,3
영등포구,영등포동8가,삼환,84.87,15,1999,15000,165,2026,6,2
영등포구,신길동,여의,67.2,3,2001,24000,0,2026,6,2
영등포구,문래동3가,문래힐스테이트,84.92,16,2003,10000,165,2026,6,1
영등포구,신길동,힐스테이트클래시안,42.68,25,2020,49000,0,2026,6,1
영등포구,양평동1가,신동아,61.59,5,1982,42000,0,2026,6,2
영등포구,당산동,리버뷰,18.36,10,2015,15000,20,2026,6,1
영등포구,영등포동2가,여의도리미티오148,24.3859,15,2022,27000,20,2026,6,1
영등포구,여의도동,여의도자이,148.94,37,2008,30000,640,2026,6,1
영등포구,여의도동,"광장(1,2동)",102.84,4,1978,90000,0,2026,6,1
영등포구,영등포동7가,아크로타워스퀘어,59.91,18,2017,70000,20,2026,6,1
영등포구,신길동,신길센트럴자이아파트,59.98,20,2021,78000,0,2026,6,1
동작구,흑석동,흑석한강푸르지오,84.98,1,2012,70000,60,2026,6,6
동작구,사당동,삼성래미안,60.739,11,2003,60900,0,2026,6,6
동작구,사당동,삼익그린뷰,109.6954,4,2003,57500,0,2026,6,4
동작구,노량진동,신동아리버파크,59.67,8,2001,42000,0,2026,6,1
동작구,사당동,래미안로이파크,59.98,16,2018,85000,0,2026,6,7
동작구,사당동,롯데캐슬,84.96,10,2003,30000,160,2026,6,9
동작구,동작동,이수스위첸포레힐즈,84.97,14,2022,54000,160,2026,6,12
동작구,신대방동,보라매자이더포레스트,59.9365,31,2021,70720,0,2026,6,11
동작구,상도동,상도역롯데캐슬파크엘,59.9818,18,2021,20000,160,2026,6,12
동작구,흑석동,흑석한강푸르지오,84.98,13,2012,80000,60,2026,6,3
동작구,신대방동,우성1차,84.99,1,1988,50000,0,2026,6,12
동작구,상도동,상도역롯데캐슬파크엘,84.9952,11,2021,105000,0,2026,6,12
동작구,대방동,주공2,58.65,6,1995,55000,0,2026,6,11
동작구,흑석동,한강현대,131.06,5,1988,95000,0,2026,6,10
동작구,대방동,신일해피트리,59.8165,9,2005,58500,0,2026,6,11
동작구,사당동,래미안로이파크,84.98,16,2018,10000,315,2026,6,12
동작구,상도동,씨티아모리움,14.1881,5,2012,2000,65,2026,6,12
동작구,사당동,경남아너스빌1차,59.9,10,1997,50400,0,2026,6,6
동작구,상도동,상도효성해링턴플레이스,59.9769,15,2016,40131,0,2026,6,12
동작구,노량진동,우성,59.82,11,1997,20000,130,2026,6,4
동작구,상도동,상도푸르지오클라베뉴,74.9953,3,2024,66700,0,2026,6,9
동작구,상도동,상도푸르지오클라베뉴,74.9953,9,2024,68250,0,2026,6,10
동작구,노량진동,건영(103동-106동),114.96,8,1997,66000,0,2026,6,6
동작구,상도동,힐스테이트 상도 프레스티지,84.951,16,2013,94000,0,2026,6,10
동작구,사당동,래미안로이파크,84.98,21,2018,94500,0,2026,6,10
동작구,노량진동,신동아리버파크,84.88,22,2001,42000,80,2026,6,11
동작구,본동,유원강변,84.28,11,2000,70000,40,2026,6,11
동작구,흑석동,명수대현대,70.2,13,1988,30000,97,2026,6,11
동작구,상도동,상도1차갑을명가,84.72,5,2006,48000,0,2026,6,10
동작구,신대방동,보라매삼성쉐르빌,120.59,27,2003,90000,0,2026,6,10
동작구,상도동,힐스테이트 상도 센트럴파크,84.6099,14,2012,94000,0,2026,6,10
동작구,노량진동,힐스테이트장승배기역,84.8768,24,2026,10000,370,2026,6,9
동작구,상도동,래미안상도3차,84.96,5,2004,70000,0,2026,6,10
동작구,상도동,래미안상도3차,84.96,7,2004,35000,170,2026,6,3
동작구,본동,삼성래미안,114.9855,1,2004,42000,90,2026,6,10
동작구,상도동,상도더샵2차,84.99,8,2014,78700,0,2026,6,5
동작구,사당동,대림(169-8),59.67,2,1990,50000,0,2026,6,6
동작구,사당동,신동아4,59.89,12,1993,5000,200,2026,6,10
동작구,노량진동,우성,59.82,1,1997,20000,120,2026,6,9
동작구,사당동,신동아4,84.46,6,1993,65000,10,2026,6,6
동작구,상도동,상도에스에이치빌,32.43,5,2006,1902,19,2026,6,9
동작구,사당동,삼성래미안,60.739,11,2003,60900,0,2026,6,6
동작구,상도동,상도에스에이치빌,32.43,11,2006,1902,19,2026,6,9
동작구,본동,경동윈츠리버,56.68,1,2004,40000,50,2026,6,9
동작구,신대방동,동작협성휴포레시그니처,84.9869,14,2022,80000,0,2026,6,9
동작구,상도동,상도푸르지오클라베뉴,74.9953,3,2024,66700,0,2026,6,9
동작구,대방동,대방동현대,84.96,11,1994,63000,0,2026,6,8
동작구,상도동,상도에스에이치빌,32.43,13,2006,1902,19,2026,6,9
동작구,대방동,신일해피트리,84.977,4,2005,61000,0,2026,6,1
동작구,사당동,삼호그린,59.96,6,1999,20000,80,2026,6,9
동작구,사당동,사당롯데캐슬골든포레,59.8557,17,2021,69300,0,2026,6,8
동작구,흑석동,롯데캐슬에듀포레,84.9912,4,2018,2000,120,2026,6,6
동작구,대방동,아데나339,15.36,3,2012,1000,65,2026,6,2
동작구,사당동,신동아4,84.46,6,1993,50000,50,2026,6,3
동작구,상도동,상도역롯데캐슬파크엘,59.9818,5,2021,78000,0,2026,6,8
동작구,상도동,씨티아모리움,12.7071,6,2012,1000,60,2026,6,6
동작구,노량진동,삼익,84.68,5,2001,49000,0,2026,6,6
동작구,노량진동,신동아리버파크,59.67,10,2001,5250,150,2026,6,6
동작구,상도동,상도효성해링턴플레이스,84.9506,16,2016,70000,50,2026,6,3
동작구,노량진동,더클래식동작,16.25,6,2020,5967,49,2026,6,5
동작구,사당동,사당우성2,59.89,8,1993,47000,40,2026,6,6
동작구,상도동,두산위브트레지움2차,84.864,4,2016,54600,0,2026,6,8
동작구,대방동,주공2,58.65,15,1995,47250,0,2026,6,1
동작구,사당동,스톤하우스,28.77,2,2016,21700,15,2026,6,6
동작구,대방동,주공2,59.97,10,1995,53500,0,2026,6,5
동작구,신대방동,우성1차,84.99,6,1988,40000,100,2026,6,6
동작구,동작동,이수교KCC스위첸,120.71,1,2006,90000,0,2026,6,6
동작구,노량진동,더클래식동작,16.25,4,2020,5967,49,2026,6,8
동작구,사당동,사당우성2,118.25,1,1993,83000,0,2026,6,7
동작구,대방동,현대홈타운2,84.94,7,1999,20000,117,2026,6,6
동작구,상도동,상도푸르지오클라베뉴,59.8166,13,2024,69000,0,2026,6,5
동작구,대방동,신일해피트리,59.8165,14,2005,10000,150,2026,6,2
동작구,상도동,힐스테이트 상도 프레스티지,120.936,12,2013,50000,250,2026,6,8
동작구,상도동,상도역롯데캐슬파크엘,74.9853,11,2021,90000,0,2026,6,6
동작구,사당동,사당롯데캐슬골든포레,59.9775,11,2021,65000,0,2026,6,6
동작구,상도동,힐스테이트 상도 센트럴파크,59.7754,6,2012,69500,0,2026,6,5
동작구,노량진동,신동아리버파크,84.88,9,2001,68000,30,2026,6,3
동작구,흑석동,아크로리버하임,42.6987,18,2019,3769,16,2026,6,8
동작구,대방동,신일해피트리,59.8165,13,2005,56700,0,2026,6,6
동작구,상도동,e편한세상상도노빌리티,84.9704,1,2018,100000,0,2026,6,6
동작구,사당동,사당롯데캐슬골든포레,59.9908,10,2021,75000,0,2026,6,6
동작구,흑석동,흑석한강센트레빌Ⅱ,84.946,6,2012,102000,0,2026,6,6
동작구,대방동,신한토탈,81.22,18,1997,20000,145,2026,6,5
동작구,상도동,상도더샵2차,84.99,8,2014,83000,0,2026,6,5
동작구,대방동,신일해피트리,84.977,3,2005,68000,0,2026,6,2
동작구,흑석동,흑석한강센트레빌,38.87,12,2011,7098,12,2026,6,8
동작구,노량진동,더클래식동작,14.23,6,2020,4480,38,2026,6,5
동작구,사당동,사당롯데캐슬골든포레,59.9775,1,2021,54600,0,2026,6,5
동작구,노량진동,건영(103동-106동),114.96,5,1997,50000,11,2026,6,5
동작구,흑석동,아크로리버하임,84.9184,11,2019,120000,0,2026,6,2
동작구,흑석동,흑석리버파크자이,84.99,4,2025,87150,0,2026,6,5
동작구,신대방동,동작협성휴포레시그니처,84.9814,7,2022,62000,0,2026,6,4
동작구,사당동,대림(169-8),59.67,10,1990,45000,0,2026,6,3
동작구,노량진동,신동아리버파크,114.75,23,2001,66000,0,2026,6,3
동작구,노량진동,건영(103동-106동),114.96,5,1997,50000,11,2026,6,5
동작구,흑석동,흑석리버파크자이,84.94,8,2025,30000,0,2026,6,3
동작구,상도동,e편한세상상도노빌리티,59.7827,15,2018,20000,193,2026,6,2
동작구,상도동,아이파크,84.96,16,2004,52000,70,2026,6,3
동작구,상도동,씨티아모리움,12.7071,2,2012,1000,51,2026,6,5
동작구,흑석동,흑석동양아파트,84.99,7,2003,80000,0,2026,6,4
동작구,흑석동,흑석한강센트레빌,84.89,1,2011,87000,40,2026,6,4
동작구,대방동,대림아파트,59.84,10,1993,39300,60,2026,6,3
동작구,신대방동,롯데관악타워,149.74,25,1996,85000,25,2026,6,2
동작구,상도동,상도푸르지오클라베뉴,74.9953,6,2024,66100,0,2026,6,3
동작구,동작동,이수힐스테이트,84.9817,12,2013,105000,0,2026,6,2
동작구,본동,래미안트윈파크,59.9,17,2011,73500,0,2026,6,3
동작구,상도동,쌍용스윗닷홈,59.578,8,2003,10000,116,2026,6,2
동작구,흑석동,롯데캐슬에듀포레,84.9912,22,2018,10000,300,2026,6,1
동작구,노량진동,더클래식동작,14.23,8,2020,5318,45,2026,6,4
동작구,신대방동,보라매아카데미타워,115.54,9,1998,40000,190,2026,6,4
동작구,노량진동,더써밋타워,18.3,5,2024,9400,41,2026,6,4
동작구,사당동,사당휴먼시아,84.73,7,2009,58500,0,2026,6,4
동작구,사당동,극동(105),59.25,5,1993,52500,0,2026,6,3
동작구,본동,경동윈츠리버,56.68,13,2004,60000,0,2026,6,4
동작구,흑석동,흑석동양아파트,84.99,5,2003,75000,0,2026,6,3
동작구,상도동,건영,114.96,1,1997,68000,0,2026,6,2
동작구,상도동,힐스테이트 상도 프레스티지,84.951,9,2013,66000,0,2026,6,2
동작구,흑석동,흑석리버파크자이,39.05,8,2025,5714,9,2026,6,2
동작구,신대방동,롯데낙천대,55.4561,9,2003,42000,0,2026,6,2
동작구,사당동,사당휴먼시아,59.96,2,2009,47000,0,2026,6,2
동작구,노량진동,신동아리버파크,84.88,5,2001,58800,0,2026,6,1
동작구,상도동,아이파크,114.83,13,2004,90000,0,2026,6,1
동작구,노량진동,더써밋타워,32.61,25,2024,15900,69,2026,6,1
동작구,사당동,래미안로이파크,84.98,22,2018,105000,0,2026,6,1
동작구,흑석동,롯데캐슬에듀포레,84.9778,5,2018,88200,0,2026,6,1
동작구,사당동,사당우성2,84.66,7,1993,10000,220,2026,6,1
동작구,사당동,신동아4,84.46,12,1993,62000,0,2026,6,1
관악구,신림동,신림현대,119.49,8,1993,50000,15,2026,6,9
관악구,신림동,현대,71.9,6,1991,26000,0,2026,6,6
관악구,신림동,신림현대,34.86,3,1993,23000,0,2026,6,6
관악구,봉천동,해바라기,49.02,2,1978,10000,0,2026,6,4
관악구,봉천동,낙성대현대(296),59.78,6,1998,10000,130,2026,6,1
관악구,봉천동,라온,17.56,11,2013,3000,59,2026,6,12
관악구,봉천동,관악캠퍼스타워,24.96,8,1998,9000,40,2026,6,11
관악구,봉천동,벽산블루밍,84.99,6,2005,65000,0,2026,6,6
관악구,봉천동,신성새실마을101동,82.26,2,2004,52000,0,2026,6,9
관악구,봉천동,힐스테이트관악센트씨엘,38.99,15,2024,1246,24,2026,6,9
관악구,봉천동,힐스테이트관악센트씨엘,38.99,18,2024,3117,20,2026,6,12
관악구,봉천동,관악중앙하이츠포레,63.3633,1,2022,5000,175,2026,6,11
관악구,봉천동,e편한세상서울대입구2차,84.31,11,2020,63000,48,2026,6,10
관악구,신림동,현대,71.9,6,1991,26000,0,2026,6,6
관악구,신림동,초원,59.93,18,1999,34000,0,2026,6,11
관악구,신림동,관악산휴먼시아3단지,39.82,6,2008,6800,14,2026,6,11
관악구,봉천동,힐스테이트관악센트씨엘,38.99,10,2024,3117,20,2026,6,11
관악구,봉천동,더블유에스타워,25.12,13,2013,19500,0,2026,6,11
관악구,봉천동,(854-3),15.75,11,2022,6000,39,2026,6,4
관악구,봉천동,힐스테이트관악센트씨엘,38.99,2,2024,3117,20,2026,6,11
관악구,봉천동,힐스테이트관악센트씨엘,42.98,14,2024,3429,22,2026,6,11
관악구,봉천동,힐스테이트관악센트씨엘,38.99,13,2024,3117,20,2026,6,11
관악구,봉천동,봉천동아,84.87,19,2000,5000,215,2026,6,2
관악구,봉천동,힐스테이트관악센트씨엘,42.98,20,2024,3429,22,2026,6,11
관악구,신림동,관악산휴먼시아1단지,84.97,5,2008,51000,0,2026,6,10
관악구,봉천동,Q타워,22.37,16,2016,2000,84,2026,6,3
관악구,봉천동,지안타워,15.2,15,2026,5000,95,2026,6,5
관악구,신림동,삼성산주공(주공3단지),83.21,9,2000,38850,0,2026,6,11
관악구,봉천동,관악푸르지오,59.58,14,2004,20000,120,2026,6,11
관악구,봉천동,벽산타운II,57.36,13,2003,37000,0,2026,6,10
관악구,봉천동,현대(관악),58.59,5,1992,42000,0,2026,6,11
관악구,봉천동,힐스테이트관악센트씨엘,42.98,21,2024,3429,22,2026,6,11
관악구,봉천동,두산,59.89,2,2000,60000,0,2026,6,10
관악구,봉천동,힐스테이트관악센트씨엘,38.99,4,2024,3117,20,2026,6,10
관악구,봉천동,힐스테이트관악센트씨엘,38.99,10,2024,3117,20,2026,6,10
관악구,봉천동,관악드림(삼성),59.85,17,2003,47000,8,2026,6,10
관악구,봉천동,관악드림(동아),84.96,20,2003,67000,0,2026,6,10
관악구,봉천동,힐스테이트관악센트씨엘,38.99,6,2024,3117,20,2026,6,10
관악구,봉천동,e편한세상서울대입구1단지,84.92,13,2019,30000,240,2026,6,5
관악구,봉천동,지안타워,15.2,16,2026,5000,95,2026,6,10
관악구,봉천동,힐스테이트관악센트씨엘,42.98,1,2024,1371,26,2026,6,9
관악구,봉천동,힐스테이트관악센트씨엘,42.98,11,2024,3429,22,2026,6,10
관악구,신림동,신림현대,119.49,2,1993,24000,95,2026,6,10
관악구,신림동,동부,60.38,18,1993,45000,0,2026,6,9
관악구,신림동,LIG대학마을(건영아파트3차),58.9,8,1996,18000,65,2026,6,10
관악구,봉천동,지안타워,15.2,11,2026,5000,95,2026,6,10
관악구,봉천동,동아타운21,101.03,5,2003,45000,30,2026,6,6
관악구,신림동,신림현대,119.49,8,1993,50000,15,2026,6,9
관악구,봉천동,힐스테이트관악센트씨엘,42.98,18,2024,3429,22,2026,6,10
관악구,봉천동,힐스테이트관악센트씨엘,42.98,14,2024,3429,22,2026,6,9
관악구,신림동,위드비엠3,45.01,11,2021,5000,140,2026,6,9
관악구,봉천동,힐스테이트관악센트씨엘,38.99,14,2024,3117,20,2026,6,9
관악구,신림동,지붕위애,19.77,11,2012,1000,64,2026,6,1
관악구,봉천동,힐스테이트관악센트씨엘,38.99,15,2024,3117,20,2026,6,9
관악구,봉천동,힐스테이트관악센트씨엘,38.99,9,2024,1246,24,2026,6,9
관악구,봉천동,힐스테이트관악센트씨엘,42.98,8,2024,3429,22,2026,6,9
관악구,봉천동,관악푸르지오,84.75,15,2004,10000,200,2026,6,3
관악구,봉천동,(854-3),31.5,15,2022,12000,57,2026,6,8
관악구,봉천동,힐스테이트관악센트씨엘,42.98,5,2024,3429,22,2026,6,9
관악구,봉천동,힐스테이트관악센트씨엘,42.98,1,2024,3429,22,2026,6,9
관악구,봉천동,힐스테이트관악센트씨엘,38.99,16,2024,3117,20,2026,6,9
관악구,남현동,남현그린,92.77,3,2002,50000,0,2026,6,9
관악구,봉천동,힐스테이트관악센트씨엘,38.99,3,2024,3117,20,2026,6,9
관악구,봉천동,일두(1021),46.75,6,1985,15000,50,2026,6,8
관악구,봉천동,힐스테이트관악센트씨엘,38.99,9,2024,3117,20,2026,6,9
관악구,봉천동,힐스테이트관악센트씨엘,38.99,7,2024,3117,20,2026,6,9
관악구,봉천동,관악월드메르디앙,84.56,8,2005,48000,9,2026,6,7
관악구,봉천동,힐스테이트관악센트씨엘,38.99,6,2024,3117,20,2026,6,9
관악구,신림동,LIG대학마을(건영아파트3차),84.82,12,1996,30000,60,2026,6,3
관악구,봉천동,e편한세상서울대입구1단지,84.92,13,2019,30000,240,2026,6,5
관악구,봉천동,노들리안3,31.54,7,2015,3000,76,2026,6,6
관악구,봉천동,두산,59.92,12,2000,57750,0,2026,6,8
관악구,봉천동,힐스테이트관악센트씨엘,42.98,7,2024,3429,22,2026,6,8
관악구,봉천동,서울대입구아이원(1560-62),84.92,6,2006,20000,140,2026,6,5
관악구,봉천동,현대(관악),84.74,8,1992,60000,0,2026,6,8
관악구,신림동,신림2차푸르지오,84.8098,3,2007,47000,0,2026,6,2
관악구,신림동,신림2단지주공(임대),39.01,9,2000,5221,12,2026,6,8
관악구,봉천동,e편한세상서울대입구2차,84.31,9,2020,85000,0,2026,6,8
관악구,신림동,최강타워,42.72,20,2023,6489,29,2026,6,8
관악구,봉천동,벽산블루밍,59.99,11,2005,51000,0,2026,6,2
관악구,신림동,관악산휴먼시아2단지,84.97,8,2008,5000,170,2026,6,8
관악구,신림동,관악산휴먼시아2단지,84.97,16,2008,50000,0,2026,6,6
관악구,봉천동,두산,59.92,22,2000,10000,180,2026,6,8
관악구,신림동,힐스테이트뉴포레,84.9433,29,2022,75000,0,2026,6,8
관악구,봉천동,두산,59.92,20,2000,55000,30,2026,6,6
관악구,신림동,신림2차현대,84.6,11,1996,51000,0,2026,6,6
관악구,신림동,신림현대,34.86,2,1993,2000,90,2026,6,6
관악구,봉천동,현대(관악),105.84,1,1992,62000,0,2026,6,6
관악구,신림동,신림현대,59.85,12,1993,38500,0,2026,6,6
관악구,신림동,서초,84.8,2,2003,42000,0,2026,6,6
관악구,봉천동,일두(1021),38.92,5,1985,15000,9,2026,6,6
관악구,봉천동,은천2단지아파트,59.93,1,2000,42000,0,2026,6,6
관악구,신림동,힐스테이트뉴포레,59.9882,4,2022,72000,0,2026,6,3
관악구,봉천동,관악드림(삼성),84.96,6,2003,57750,0,2026,6,6
관악구,봉천동,해바라기,49.02,4,1978,500,45,2026,6,6
관악구,봉천동,동아타운,114.12,15,1999,60000,40,2026,6,5
관악구,봉천동,e편한세상서울대입구2차,59.72,8,2020,68000,0,2026,6,6
관악구,봉천동,e편한세상서울대입구2차,59.87,1,2020,70000,0,2026,6,6
관악구,신림동,아데나,17.94,4,2010,3000,50,2026,6,6
관악구,봉천동,관악드림(삼성),84.96,20,2003,28000,66,2026,6,6
관악구,신림동,관악산휴먼시아2단지,59.96,7,2008,45000,0,2026,6,6
관악구,봉천동,관악푸르지오,59.58,19,2004,50000,0,2026,6,5
관악구,신림동,국제산장,59.94,5,1993,27500,0,2026,6,5
관악구,신림동,신림현대,34.86,8,1993,1000,90,2026,6,5
관악구,신림동,건영1,41.04,8,1984,16000,0,2026,6,4
관악구,신림동,힐스테이트뉴포레,59.9986,15,2022,10000,255,2026,6,5
관악구,신림동,관악산휴먼시아2단지,59.96,15,2008,20000,80,2026,6,5
관악구,봉천동,관악푸르지오,84.75,4,2004,50000,80,2026,6,4
관악구,봉천동,두산,59.92,2,2000,58000,0,2026,6,4
관악구,봉천동,봉천우성,114.78,13,2000,73000,0,2026,6,4
관악구,신림동,관악산휴먼시아2단지,59.96,2,2008,41500,0,2026,6,3
관악구,봉천동,e편한세상서울대입구2차,84.31,8,2020,60000,0,2026,6,3
관악구,봉천동,지안타워,15.2,7,2026,3000,100,2026,6,4
관악구,신림동,힐스테이트뉴포레,59.9986,20,2022,30000,165,2026,6,4
관악구,신림동,LIG대학마을(건영아파트3차),58.9,7,1996,15000,95,2026,6,3
관악구,봉천동,낙성대현대(296),59.78,6,1998,10000,130,2026,6,1
관악구,신림동,LIG대학마을(건영아파트3차),69.17,7,1996,38325,0,2026,6,4
관악구,신림동,신동아,84.3,4,1994,34650,0,2026,6,4
관악구,봉천동,관악푸르지오,59.58,11,2004,45000,0,2026,6,3
관악구,신림동,관악산휴먼시아2단지,59.99,1,2008,26250,0,2026,6,3
관악구,봉천동,관악푸르지오,59.58,19,2004,47250,0,2026,6,3
관악구,봉천동,관악푸르지오,84.2,8,2004,68000,0,2026,6,3
관악구,봉천동,현대(관악),68.8,6,1992,52000,0,2026,6,3
관악구,봉천동,벽산블루밍3차,59.8,12,2004,52500,0,2026,6,3
관악구,봉천동,e편한세상서울대입구1단지,84.92,16,2019,42000,114,2026,6,3
관악구,신림동,성우,59.97,8,1998,50000,0,2026,6,2
관악구,봉천동,벽산블루밍,59.99,1,2005,10000,155,2026,6,3
관악구,신림동,힐스테이트뉴포레,59.9882,16,2022,72000,0,2026,6,1
관악구,봉천동,e편한세상서울대입구2단지,84.93,6,2019,80000,0,2026,6,2
관악구,봉천동,현대(관악),58.59,6,1992,47000,0,2026,6,2
관악구,봉천동,현대(관악),68.8,2,1992,36464,0,2026,6,2
관악구,신림동,신림2차푸르지오,114.7143,2,2007,53500,0,2026,6,2
관악구,봉천동,(854-3),31.5,19,2022,10300,68,2026,6,2
관악구,봉천동,관악드림(동아),59.85,9,2003,5000,169,2026,6,2
관악구,봉천동,관악드림(동아),84.96,12,2003,55600,0,2026,6,1
관악구,신림동,신림현대,34.86,11,1993,10000,60,2026,6,1
관악구,봉천동,벽산블루밍,59.99,25,2005,47700,0,2026,6,1
관악구,봉천동,선경,50.49,6,1996,37000,0,2026,6,1
서초구,서초동,디아레나서초,27.92,13,2020,34000,0,2026,6,10
서초구,반포동,반포써밋,49.8098,28,2018,18160,70,2026,6,10
서초구,서초동,서초푸르지오써밋,74.93,5,2017,134000,0,2026,6,3
서초구,잠원동,신반포2,107.31,6,1978,10000,320,2026,6,8
서초구,신원동,서초포레스타5단지,101.99,10,2014,105000,0,2026,6,12
서초구,잠원동,신반포4,137.1,11,1979,84800,60,2026,6,1
서초구,방배동,삼성래미안1,59.9,7,2003,20000,180,2026,6,12
서초구,서초동,서초프레스턴,244.42,2,2005,210000,0,2026,6,1
서초구,서초동,삼성서초가든스위트,244.69,21,2000,190000,0,2026,6,12
서초구,서초동,서초래미안,96.87,7,2003,120000,70,2026,6,12
서초구,서초동,래미안 리더스원,84.94,32,2020,183000,0,2026,6,12
서초구,우면동,대림,130.89,8,1995,88000,0,2026,6,12
서초구,잠원동,한신타워,84.93,8,1996,135000,0,2026,6,12
서초구,신원동,서초포레스타3단지,59.64,2,2014,38861,0,2026,6,12
서초구,서초동,SUITEHILL,20.466,2,2012,16000,0,2026,6,8
서초구,잠원동,신반포자이,59.93,21,2018,125000,0,2026,6,10
서초구,우면동,서초네이처힐4단지,84.61,14,2011,90000,0,2026,6,11
서초구,방배동,롯데캐슬아르떼,59.9742,9,2013,46219,0,2026,6,12
서초구,잠원동,래미안신반포팰리스,84.49,17,2016,170000,0,2026,6,5
서초구,서초동,래미안서초유니빌,47.357,7,2003,34650,0,2026,6,5
서초구,서초동,롯데캐슬클래식,74.3,23,2006,99750,18,2026,6,12
서초구,내곡동,서초포레스타2단지,59.97,3,2015,52500,0,2026,6,11
서초구,우면동,서초네이처힐4단지,49.91,1,2011,8017,15,2026,6,11
서초구,우면동,서초힐스,74.97,10,2012,85000,0,2026,6,12
서초구,서초동,삼풍아파트,79.47,2,1988,88000,0,2026,6,12
서초구,우면동,서초네이처힐4단지,84.61,14,2011,40000,240,2026,6,10
서초구,반포동,반포자이,59.98,20,2009,73368,0,2026,6,11
서초구,잠원동,신반포르엘,84.94,24,2023,160000,0,2026,6,12
서초구,서초동,우성아파트,57.26,2,1998,4000,190,2026,6,12
서초구,우면동,서초네이처힐3단지,84.84,3,2013,53550,0,2026,6,12
서초구,잠원동,신반포2,68.91,12,1978,3468,161,2026,6,11
서초구,서초동,롯데캐슬쥬피터,164.05,4,2003,90000,140,2026,6,10
서초구,잠원동,한신,84.52,12,1992,42900,88,2026,6,11
서초구,양재동,양재리본타워2단지,59.96,9,2014,39789,0,2026,6,11
서초구,방배동,롯데캐슬아르떼,59.9742,14,2013,46219,0,2026,6,11
서초구,방배동,방배그랑자이,84.972,11,2021,123900,0,2026,6,9
서초구,방배동,방배래미안타워,103.34,8,2005,94500,0,2026,6,10
서초구,방배동,롯데캐슬아르떼,59.9902,2,2013,46219,0,2026,6,11
서초구,반포동,래미안퍼스티지,222.76,8,2009,100000,1080,2026,6,11
서초구,반포동,반포써밋,49.8098,5,2018,18160,70,2026,6,10
서초구,서초동,디아레나서초,27.92,10,2020,35000,10,2026,6,10
서초구,반포동,아크로리버파크,59.98,16,2016,50000,450,2026,6,11
서초구,방배동,롯데캐슬아르떼,59.9742,5,2013,46219,0,2026,6,10
서초구,잠원동,한신,84.52,4,1992,90000,0,2026,6,11
서초구,반포동,반포자이,84.982,17,2009,175000,0,2026,6,11
서초구,서초동,서초2차e-편한세상,123.118,8,2005,127500,0,2026,6,10
서초구,잠원동,한강,84.53,5,1989,83000,0,2026,6,11
서초구,잠원동,반포센트럴자이,98.99,28,2020,220000,0,2026,6,10
서초구,반포동,아크로리버파크,59.98,1,2016,79012,0,2026,6,11
서초구,서초동,서초그랑자이,100.31,26,2021,210000,0,2026,6,11
서초구,신원동,서초포레스타5단지,59.96,9,2014,52500,0,2026,6,11
서초구,반포동,더샵반포리버파크,49.7576,1,2022,30000,250,2026,6,11
서초구,반포동,래미안원베일리,116.93,16,2023,290000,0,2026,6,11
서초구,반포동,래미안퍼스티지,59.98,15,2009,40000,360,2026,6,2
서초구,반포동,더샵반포리버파크,49.7576,7,2022,90000,0,2026,6,11
서초구,서초동,SUITEHILL,25.671,5,2012,19500,0,2026,6,11
서초구,서초동,헤센파크힐,26.04,2,2018,42800,0,2026,6,11
서초구,서초동,래미안 리더스원,59.97,7,2020,22160,85,2026,6,11
서초구,반포동,래미안원베일리,116.93,16,2023,290000,0,2026,6,11
서초구,서초동,래미안 리더스원,59.96,3,2020,22160,85,2026,6,11
서초구,서초동,래미안 리더스원,59.97,18,2020,31206,40,2026,6,11
서초구,잠원동,래미안신반포리오센트,59.92,21,2019,21520,83,2026,6,10
서초구,서초동,래미안 리더스원,59.97,15,2020,22160,85,2026,6,11
서초구,잠원동,신반포25,84.49,13,1984,40000,170,2026,6,6
서초구,서초동,롯데캐슬클래식,120.18,12,2006,40000,375,2026,6,11
서초구,서초동,서초푸르지오써밋,74.96,7,2017,70000,240,2026,6,11
서초구,서초동,서린,84.84,6,2004,77000,0,2026,6,10
서초구,반포동,몽마르뜨빌(577-4),47.72,5,2002,43000,0,2026,6,10
서초구,반포동,반포미도,84.96,9,1987,50000,165,2026,6,10
서초구,우면동,서초네이처힐3단지,84.61,16,2013,53550,0,2026,6,11
서초구,반포동,한신서래,45.72,9,1987,55000,0,2026,6,11
서초구,반포동,래미안원펜타스,59.794,18,2024,143850,0,2026,6,8
서초구,신원동,서초포레스타3단지,59.96,6,2014,49612,0,2026,6,10
서초구,신원동,서초포레스타7단지,49.39,5,2013,25595,0,2026,6,10
서초구,신원동,서초포레스타7단지,49.39,1,2013,25595,0,2026,6,10
서초구,반포동,아크로리버파크,129.97,4,2016,285000,0,2026,6,10
서초구,서초동,우성아파트,76.67,11,1998,30000,230,2026,6,10
서초구,서초동,롯데캐슬쥬피터,138.97,6,2003,128000,0,2026,6,9
서초구,반포동,반포리체,138.257,4,2010,160000,300,2026,6,6
서초구,신원동,서초포레스타5단지,59.96,6,2014,49612,0,2026,6,9
서초구,방배동,방배그랑자이,84.972,12,2021,20000,480,2026,6,10
서초구,반포동,반포대우멤버스카운티2차,141.69,2,2004,20000,610,2026,6,1
서초구,우면동,서초네이처힐3단지,84.84,11,2013,53550,0,2026,6,10
서초구,우면동,서초네이처힐3단지,84.61,9,2013,53550,0,2026,6,10
서초구,반포동,반포써밋,49.8098,28,2018,18160,70,2026,6,10
서초구,양재동,양재리본타워2단지,114.78,9,2014,64837,0,2026,6,9
서초구,잠원동,신반포2,79.42,9,1978,16000,170,2026,6,10
서초구,서초동,서초센트럴IPARK,80.5981,19,2020,115000,0,2026,6,10
서초구,방배동,방배아크로리버,149.225,22,2004,70000,315,2026,6,10
서초구,방배동,방배브라운가,84.94,7,2006,75000,14,2026,6,9
서초구,잠원동,래미안신반포리오센트,59.92,7,2019,21520,83,2026,6,10
서초구,서초동,새티스,68.25,6,2003,65000,0,2026,6,4
서초구,서초동,헤센파크힐,26.04,6,2018,42900,0,2026,6,10
서초구,잠원동,신반포2,79.42,9,1978,16000,170,2026,6,10
서초구,우면동,서초네이처힐3단지,84.84,2,2013,61620,0,2026,6,10
서초구,잠원동,래미안신반포리오센트,59.92,20,2019,21520,83,2026,6,10
서초구,반포동,반포자이,84.943,17,2009,200000,0,2026,6,6
서초구,서초동,롯데캐슬클래식,84.98,3,2006,20000,420,2026,6,2
서초구,서초동,헤센파크힐,20.66,5,2018,36600,0,2026,6,10
서초구,잠원동,훼미리,84.83,11,1992,60000,160,2026,6,8
서초구,방배동,롯데캐슬아르떼,59.9742,2,2013,46219,0,2026,6,10
서초구,서초동,한라비발디스튜디오193,19.99,10,2013,20000,30,2026,6,7
서초구,방배동,롯데캐슬아르떼,59.9742,3,2013,99750,0,2026,6,2
서초구,반포동,반포자이,59.98,8,2009,52949,0,2026,6,10
서초구,방배동,방배아트e편한세상104,113.183,1,2005,88200,0,2026,6,10
서초구,양재동,양재리본타워,59.77,8,2014,37800,0,2026,6,9
서초구,반포동,반포자이,84.943,24,2009,40000,462,2026,6,9
서초구,서초동,래미안서초유니빌,49.744,20,2003,10000,150,2026,6,6
서초구,잠원동,강변,84.53,6,1987,84000,55,2026,6,9
서초구,방배동,방배트리플,84.91,2,2003,30000,150,2026,6,4
서초구,서초동,우성아파트,59.93,7,1998,78000,0,2026,6,9
서초구,방배동,롯데캐슬아르떼,59.9902,13,2013,48529,0,2026,6,9
서초구,방배동,롯데캐슬아르떼,59.9902,2,2013,46219,0,2026,6,9
서초구,방배동,롯데캐슬아르떼,59.9742,15,2013,46219,0,2026,6,9
서초구,내곡동,서초더샵포레,59.88,10,2014,52500,0,2026,6,9
서초구,서초동,서초동아타워,178.58,7,1996,80000,80,2026,6,9
서초구,반포동,아크로리버파크,59.97,16,2016,84000,0,2026,6,9
서초구,서초동,래미안서초에스티지S,111.01,4,2018,189000,0,2026,6,9
서초구,서초동,서초푸르지오써밋,59.62,4,2017,64055,0,2026,6,9
서초구,반포동,래미안원펜타스,59.7832,18,2024,160000,0,2026,6,8
서초구,반포동,반포자이,59.98,21,2009,73368,0,2026,6,9
서초구,잠원동,동아,59.8,6,2002,88750,0,2026,6,8
서초구,우면동,서초힐스,84.96,16,2012,73000,0,2026,6,5
서초구,우면동,서초네이처힐1단지,84.82,4,2012,35037,0,2026,6,9
서초구,내곡동,서초포레스타2단지,59.09,8,2015,52500,0,2026,6,9
서초구,신원동,서초포레스타7단지,59.98,2,2013,30777,0,2026,6,9
서초구,우면동,동고,77.14,2,1995,67000,0,2026,6,9
서초구,반포동,래미안퍼스티지,84.93,11,2009,172000,0,2026,6,5
서초구,반포동,래미안원베일리,101.99,13,2023,180000,280,2026,6,4
서초구,신원동,서초포레스타5단지,59.96,7,2014,52500,0,2026,6,9
서초구,잠원동,신반포7,107.29,10,1980,76600,0,2026,6,6
서초구,방배동,롯데캐슬아르떼,59.9742,11,2013,46219,0,2026,6,9
서초구,방배동,방배아트자이,59.9775,15,2018,78160,0,2026,6,8
서초구,서초동,서초그랑자이,90.72,6,2021,180000,0,2026,6,2
서초구,반포동,반포미도,84.96,12,1987,60000,120,2026,6,6
서초구,내곡동,서초더샵포레,84.81,3,2014,62790,0,2026,6,9
서초구,내곡동,서초더샵포레,101.34,6,2014,30000,300,2026,6,6
서초구,반포동,반포미도2차아파트,71.49,15,1989,50000,0,2026,6,5
서초구,서초동,레미안서초6차(1520-9),106.32,4,2006,60000,210,2026,6,1
서초구,우면동,서초호반써밋,101.0515,2,2013,85000,17,2026,6,8
서초구,서초동,래미안서초에스티지,125.79,6,2016,218000,0,2026,6,8
서초구,잠원동,래미안신반포팰리스,84.46,9,2016,180000,0,2026,6,8
서초구,서초동,더프레임서초,49.718,13,2023,5000,400,2026,6,8
서초구,서초동,서초2차e-편한세상,116.745,2,2005,125000,0,2026,6,4
서초구,서초동,라파엘로,153.82,4,2004,85000,40,2026,6,4
서초구,양재동,메이저,105.48,4,2002,80000,0,2026,6,6
서초구,서초동,서신,32.76,4,1995,25281,0,2026,6,8
서초구,우면동,서초네이처힐4단지,49.91,9,2011,2833,37,2026,6,8
서초구,잠원동,롯데캐슬갤럭시(50-1),132.16,3,2004,160000,0,2026,6,4
서초구,반포동,래미안원펜타스,191.859,13,2024,280000,1000,2026,6,8
서초구,잠원동,신반포19,107.93,4,1982,95000,0,2026,6,4
서초구,서초동,래미안 리더스원,59.97,5,2020,31206,40,2026,6,8
서초구,서초동,옥스포드빌라트,75.16,1,2003,40000,50,2026,6,4
서초구,서초동,래미안서초7차,148.08,5,2006,140000,0,2026,6,8
서초구,서초동,삼풍아파트,79.47,2,1988,20000,330,2026,6,6
서초구,잠원동,강변,84.53,9,1987,102000,0,2026,6,6
서초구,반포동,반포푸르지오,59.81,5,2000,100000,0,2026,6,7
서초구,서초동,아크로비스타,138.96,14,2004,150000,165,2026,6,8
서초구,서초동,서초롯데캐슬프레지던트,149.45,13,2014,180000,0,2026,6,3
서초구,반포동,래미안원베일리,84.98,34,2023,220000,0,2026,6,5
서초구,잠원동,신사레전드,31.89,1,2012,200,140,2026,6,4
서초구,서초동,서초푸르지오써밋,74.93,7,2017,135000,0,2026,6,3
서초구,서초동,롯데캐슬클래식,84.98,11,2006,100000,100,2026,6,6
서초구,방배동,삼호1동~3동,116.13,7,1975,85000,0,2026,6,6
서초구,반포동,더샵반포리버파크,49.7795,1,2022,60000,116,2026,6,5
서초구,서초동,삼풍아파트,79.47,8,1988,110000,0,2026,6,5
서초구,잠원동,롯데캐슬갤럭시,106.15,23,2002,30000,460,2026,6,6
서초구,서초동,래미안서초에스티지S,84.96,2,2018,146000,0,2026,6,7
서초구,반포동,한신서래,64.53,1,1987,45000,80,2026,6,6
서초구,우면동,코오롱,52.47,3,1994,30000,100,2026,6,6
서초구,반포동,현대동궁아파트,70.38,7,1991,75000,0,2026,6,5
서초구,서초동,우성아파트,84.93,5,1998,84000,56,2026,6,6
서초구,반포동,래미안원펜타스,59.7832,30,2024,147000,0,2026,6,6
서초구,방배동,삼호1동~3동,81.39,5,1975,45000,55,2026,6,6
서초구,서초동,에피소드강남262,19.61,14,2021,1000,149,2026,6,5
서초구,서초동,밀라텔쉐르빌,45.62,18,2001,48000,0,2026,6,1
서초구,서초동,극동스타클래스2,105.472,2,2006,10000,330,2026,6,6
서초구,반포동,한신서래,45.72,6,1987,42000,0,2026,6,6
서초구,반포동,반포미도,84.96,15,1987,75000,0,2026,6,6
서초구,우면동,코오롱,52.47,2,1994,43000,0,2026,6,7
서초구,서초동,한라비발디스튜디오193,19.99,11,2013,2000,97,2026,6,1
서초구,서초동,래미안서초에스티지S,84.8,18,2018,150000,0,2026,6,6
서초구,잠원동,신반포4,96.48,9,1979,85000,0,2026,6,6
서초구,서초동,서초그랑자이,84.84,26,2021,100000,320,2026,6,6
서초구,서초동,래미안 리더스원,74.93,4,2020,145000,0,2026,6,6
서초구,서초동,서초동삼성쉐르빌2,52.83,15,2002,48900,0,2026,6,4
서초구,잠원동,아크로리버뷰신반포,84.79,7,2018,190000,0,2026,6,4
서초구,잠원동,신반포4,105.89,5,1979,60000,100,2026,6,5
서초구,서초동,지웰홈스서초,15.64,19,2019,1000,93,2026,6,5
서초구,우면동,서초네이처힐3단지,84.61,3,2013,53550,0,2026,6,5
서초구,잠원동,동아,84.91,9,2002,105000,0,2026,6,4
서초구,잠원동,한신,84.52,6,1992,70000,180,2026,6,5
서초구,잠원동,신반포2,92.2,3,1978,30000,110,2026,6,5
서초구,양재동,우성,73.15,7,1991,10000,275,2026,6,3
서초구,잠원동,래미안신반포팰리스,84.46,22,2016,60000,440,2026,6,5
서초구,반포동,래미안퍼스티지,84.93,27,2009,10000,652,2026,6,2
서초구,반포동,래미안원펜타스,107.6378,8,2024,10000,1009,2026,6,5
서초구,서초동,헤센파크힐,32.1,2,2018,49400,0,2026,6,5
서초구,방배동,롯데캐슬헤론,169.08,12,2006,131250,0,2026,6,3
서초구,잠원동,동아,84.91,13,2002,105000,0,2026,6,4
서초구,신원동,서초포레스타7단지,59.57,7,2013,39787,0,2026,6,4
서초구,내곡동,서초포레스타2단지,59.21,10,2015,52500,0,2026,6,4
서초구,우면동,서초힐스,84.95,4,2012,10000,340,2026,6,4
서초구,서초동,서초교대e편한세상,136.44,20,2010,150000,199,2026,6,3
서초구,반포동,디에이치반포라클라스,84.9858,23,2021,90000,350,2026,6,4
서초구,우면동,서초네이처힐3단지,84.84,5,2013,75000,70,2026,6,3
서초구,서초동,헤센파크힐,20.66,4,2018,36900,0,2026,6,5
서초구,내곡동,서초더샵포레,84.3,15,2014,86100,0,2026,6,5
서초구,우면동,코오롱,52.47,3,1994,10000,110,2026,6,4
서초구,잠원동,반포센트럴자이,114.78,32,2020,240000,0,2026,6,1
서초구,서초동,서초레몬,30.24,14,2005,30000,0,2026,6,4
서초구,양재동,양재리본타워2단지,59.77,23,2014,39789,0,2026,6,4
서초구,신원동,서초포레스타5단지,59.96,6,2014,52500,0,2026,6,3
서초구,서초동,우성아파트,57.26,21,1998,68200,0,2026,6,4
서초구,방배동,나스빌,243.34,3,2001,25000,800,2026,6,2
서초구,반포동,반포래미안아이파크,84.88,7,2018,175000,0,2026,6,2
서초구,신원동,서초포레스타7단지,49.39,7,2013,25595,0,2026,6,2
서초구,신원동,서초포레스타3단지,59.96,8,2014,52500,0,2026,6,2
서초구,잠원동,한강,84.53,6,1989,72500,0,2026,6,4
서초구,신원동,서초포레스타7단지,49.39,7,2013,31458,0,2026,6,2
서초구,양재동,새티스(402-10),56.34,5,2001,35000,0,2026,6,3
서초구,내곡동,서초더샵포레,59.69,6,2014,49612,0,2026,6,2
서초구,신원동,서초포레스타7단지,49.39,3,2013,25595,0,2026,6,2
서초구,잠원동,한신타워,59.81,7,1996,100000,0,2026,6,1
서초구,내곡동,서초더샵포레,84.3,10,2014,50000,145,2026,6,4
서초구,잠원동,아크로리버뷰신반포,84.79,18,2018,100000,320,2026,6,2
서초구,잠원동,롯데캐슬갤럭시,106.15,16,2002,20000,434,2026,6,3
서초구,방배동,방배5차상지리츠빌,128.11,6,2004,140000,0,2026,6,4
서초구,우면동,한라,59.98,6,1994,42000,0,2026,6,3
서초구,서초동,롯데캐슬클래식,84.98,9,2006,20000,450,2026,6,3
서초구,서초동,새티스,117.72,3,2003,10000,337,2026,6,2
서초구,신원동,서초포레스타6단지,59.98,5,2015,77300,0,2026,6,4
서초구,반포동,래미안원베일리,84.98,4,2023,210000,0,2026,6,3
서초구,잠원동,래미안신반포팰리스,133.01,18,2016,210000,0,2026,6,1
서초구,방배동,방배우성,84.95,3,1991,43000,166,2026,6,3
서초구,신원동,서초포레스타5단지,59.96,4,2014,49612,0,2026,6,2
서초구,반포동,어반빌리지,23.23,3,2012,19500,0,2026,6,2
서초구,방배동,방배신삼호,105.04,13,1983,85000,0,2026,6,3
서초구,서초동,유원서초,84.82,8,1993,55000,200,2026,6,2
서초구,내곡동,서초더샵포레,84.81,5,2014,52526,0,2026,6,2
서초구,잠원동,신반포2,68.91,10,1978,52000,0,2026,6,2
서초구,신원동,서초포레스타5단지,59.96,9,2014,44105,0,2026,6,2
서초구,서초동,urbanplace,20.998,5,2014,18000,11,2026,6,2
서초구,내곡동,서초더샵포레,59.94,2,2014,52500,0,2026,6,2
서초구,신원동,서초포레스타3단지,59.96,5,2014,49612,0,2026,6,2
서초구,반포동,래미안퍼스티지,84.85,16,2009,164000,0,2026,6,2
서초구,잠원동,래미안신반포팰리스,84.46,18,2016,150000,0,2026,6,1
서초구,내곡동,서초더샵포레,59.88,5,2014,52500,0,2026,6,2
서초구,우면동,서초호반써밋,118.0474,9,2013,130000,0,2026,6,2
서초구,서초동,두산위브(1362),57.15,9,2005,20000,140,2026,6,2
서초구,우면동,서초네이처힐1단지,84.78,5,2012,52092,0,2026,6,1
서초구,우면동,서초네이처힐1단지,84.82,5,2012,51112,0,2026,6,2
서초구,반포동,래미안퍼스티지,59.96,2,2009,84000,0,2026,6,2
서초구,잠원동,메이플자이,124.8719,17,2025,200000,360,2026,6,2
서초구,방배동,래미안방배아트힐(1008-2),174.5,23,2004,57750,315,2026,6,2
서초구,반포동,래미안퍼스티지,222.76,16,2009,330750,0,2026,6,2
서초구,잠원동,아크로리버뷰신반포,78.5,32,2018,140000,320,2026,6,1
서초구,반포동,래미안원펜타스,107.6378,13,2024,125000,750,2026,6,2
서초구,방배동,브라운스톤방배,97.64,14,2005,108000,0,2026,6,1
서초구,서초동,롯데캐슬클래식,133.45,7,2006,150000,0,2026,6,1
서초구,반포동,아크로리버파크,59.98,6,2016,79012,0,2026,6,1
서초구,잠원동,반포르엘,84.1127,17,2022,162700,0,2026,6,1
서초구,반포동,반포자이,84.943,10,2009,168000,0,2026,6,1
서초구,반포동,반포써밋,59.9207,14,2018,138000,0,2026,6,1
서초구,우면동,서초네이처힐1단지,49.87,1,2012,37406,0,2026,6,1
서초구,잠원동,래미안신반포팰리스,133.01,18,2016,210000,0,2026,6,1
서초구,서초동,래미안서초에스티지S,84.17,8,2018,127000,150,2026,6,1
서초구,반포동,래미안원펜타스,59.7832,9,2024,10000,560,2026,6,1
서초구,방배동,삼호1동~3동,78.02,4,1975,10000,130,2026,6,1
서초구,서초동,헤센파크힐,20.66,7,2018,37500,0,2026,6,1
서초구,우면동,서초네이처힐6단지,114.95,4,2013,110000,0,2026,6,1
강남구,대치동,은마,76.79,7,1979,85000,0,2026,6,10
강남구,수서동,까치마을,49.5,13,1993,60000,0,2026,6,4
강남구,도곡동,도곡우성아파트,84.83,5,1986,42500,100,2026,6,7
강남구,역삼동,e-편한세상,84.675,2,2005,140000,0,2026,6,6
강남구,청담동,삼성청담공원아파트,59.93,4,1999,40000,150,2026,6,6
강남구,대치동,은마,76.79,12,1979,10000,270,2026,6,3
강남구,대치동,대치현대,85,10,1999,80000,120,2026,6,4
강남구,도곡동,래미안도곡카운티,71.85,13,2016,140000,25,2026,6,10
강남구,일원동,수서,59.96,4,1992,57000,0,2026,6,10
강남구,압구정동,"현대7차(73~77,82,85동)",157.36,6,1979,185000,0,2026,6,12
강남구,일원동,디에이치자이개포,41.91,13,2021,15280,60,2026,6,12
강남구,도곡동,아카데미스위트1,83,40,2004,105000,0,2026,6,12
강남구,자곡동,LH수서2단지아파트,36.84,2,2024,17265,19,2026,6,12
강남구,세곡동,강남엘에이치1단지,84.83,12,2013,65000,90,2026,6,12
강남구,대치동,쌍용대치2,84.49,7,1983,70000,20,2026,6,11
강남구,대치동,은마,76.79,2,1979,40000,112,2026,6,12
강남구,삼성동,래미안라클래시,71.99,14,2021,95000,200,2026,6,12
강남구,대치동,한보미도맨션2,84.96,5,1985,99750,0,2026,6,8
강남구,자곡동,LH수서2단지아파트,26.54,14,2024,7781,27,2026,6,12
강남구,삼성동,우정에쉐르2,55.12,4,2004,44000,0,2026,6,8
강남구,개포동,래미안블레스티지,59.888,3,2019,20960,82,2026,6,12
강남구,삼성동,엘에이치삼성도시형생활주택,29.08,6,2013,5000,106,2026,6,6
강남구,자곡동,LH수서2단지아파트,14.69,10,2024,6227,9,2026,6,12
강남구,개포동,개포래미안포레스트,74.66,2,2020,120000,40,2026,6,11
강남구,자곡동,LH수서2단지아파트,36.84,5,2024,16665,23,2026,6,12
강남구,일원동,우성7,83.69,10,1987,23500,200,2026,6,12
강남구,자곡동,강남자곡 힐스테이트,59.93,5,2015,20000,200,2026,6,5
강남구,압구정동,현대4차저층(51~56동),117.91,1,1977,145000,0,2026,6,12
강남구,대치동,"쌍용대치아파트1동,2동,3동,5동,6동",83.56,13,1983,85000,0,2026,6,7
강남구,논현동,신동아(22),35.73,9,1997,1000,147,2026,6,12
강남구,신사동,한양아파트,74.01,4,2003,49350,0,2026,6,6
강남구,자곡동,LH수서2단지아파트,36.6,2,2024,17080,19,2026,6,12
강남구,자곡동,LH수서2단지아파트,36.84,9,2024,19206,21,2026,6,12
강남구,도곡동,럭키(963),84.97,6,1995,60000,140,2026,6,12
강남구,자곡동,LH수서2단지아파트,44.89,5,2024,23356,26,2026,6,12
강남구,삼성동,서광아파트,59.67,17,1998,50000,160,2026,6,9
강남구,논현동,신동아(22),35.73,4,1997,47000,0,2026,6,11
강남구,삼성동,현대힐스테이트2단지,84.349,4,2008,70000,160,2026,6,12
강남구,자곡동,LH수서2단지아파트,36.84,5,2024,17265,19,2026,6,12
강남구,압구정동,"현대7차(73~77,82,85동)",157.36,3,1979,190000,0,2026,6,9
강남구,개포동,개포자이프레지던스,84.5978,20,2023,155400,0,2026,6,12
강남구,논현동,KIRINHILLS,18.04,7,2020,1000,104,2026,6,8
강남구,대치동,한보미도맨션2,84.96,6,1985,100000,0,2026,6,11
강남구,대치동,대치삼성,84.58,3,2000,130000,20,2026,6,10
강남구,압구정동,"현대14차(203,204,205,206동)",84.98,1,1987,115000,0,2026,6,11
강남구,도곡동,도곡렉슬,59.9937,23,2006,54600,160,2026,6,11
강남구,개포동,개포주공6단지,60.13,3,1983,12600,110,2026,6,12
강남구,자곡동,LH수서2단지아파트,26.54,9,2024,12437,14,2026,6,12
강남구,개포동,삼익대청아파트,39.53,10,1992,20000,140,2026,6,10
강남구,자곡동,LH수서2단지아파트,36.84,12,2024,17265,19,2026,6,12
강남구,대치동,은마,84.43,9,1979,70000,0,2026,6,6
강남구,자곡동,LH수서2단지아파트,36.84,15,2024,17265,19,2026,6,12
강남구,세곡동,세곡리엔파크(3단지),49.74,3,2011,8449,16,2026,6,11
강남구,대치동,테헤란로대우아이빌(891-6),29.02,23,2004,28000,0,2026,6,10
강남구,자곡동,LH수서2단지아파트,14.69,7,2024,6527,7,2026,6,11
강남구,삼성동,현대아파트101동,59.83,4,1999,70000,0,2026,6,12
강남구,대치동,은마,76.79,2,1979,69000,0,2026,6,6
강남구,수서동,삼익,60,4,1992,68000,0,2026,6,7
강남구,도곡동,타워팰리스2,164.13,44,2003,290000,0,2026,6,11
강남구,논현동,보타니끄논현,74.13,11,2024,10000,700,2026,6,9
강남구,대치동,청암빌라트,131.4,9,1991,100000,200,2026,6,9
강남구,압구정동,현대3차(61~64동),82.5,8,1976,10000,337,2026,6,11
강남구,논현동,우민,74.758,6,2002,40000,145,2026,6,6
강남구,일원동,디에이치자이개포,41.91,8,2021,15280,60,2026,6,11
강남구,역삼동,역삼동하나빌,52.31,10,2002,5000,220,2026,6,11
강남구,압구정동,미성2차,118.63,1,1987,128000,0,2026,6,11
강남구,도곡동,럭키(963),84.97,14,1995,45000,190,2026,6,11
강남구,자곡동,LH수서2단지아파트,14.69,4,2024,6916,8,2026,6,11
강남구,자곡동,LH수서2단지아파트,14.69,5,2024,1838,31,2026,6,11
강남구,개포동,개포래미안포레스트,59.92,4,2020,30764,43,2026,6,11
강남구,개포동,성원대치2단지아파트,49.86,13,1992,42000,0,2026,6,1
강남구,수서동,까치마을,39.6,15,1993,36000,0,2026,6,6
강남구,개포동,래미안블레스티지,99.967,11,2019,163500,0,2026,6,6
강남구,대치동,포스코더샵,164.88,9,2004,125000,300,2026,6,11
강남구,삼성동,골든카운티,84.95,4,2019,58000,0,2026,6,2
강남구,청담동,청담4차이-편한세상,136.41,11,2011,190000,0,2026,6,11
강남구,자곡동,LH수서2단지아파트,44.89,8,2024,23356,26,2026,6,11
강남구,삼성동,골든카운티,163.26,10,2019,118000,0,2026,6,10
강남구,개포동,경남1,123.28,3,1984,60000,143,2026,6,11
강남구,대치동,대치삼성,84.58,10,2000,140000,0,2026,6,11
강남구,자곡동,LH수서2단지아파트,14.69,5,2024,6816,8,2026,6,11
강남구,자곡동,LH수서2단지아파트,36.84,10,2024,6965,62,2026,6,11
강남구,자곡동,래미안포레,59.97,4,2014,29015,0,2026,6,11
강남구,세곡동,강남신동아파밀리에1단지,59.97,8,2011,67000,0,2026,6,4
강남구,개포동,개포래미안포레스트,84.86,3,2020,86000,160,2026,6,10
강남구,개포동,성원대치2단지아파트,39.53,4,1992,39900,0,2026,6,6
강남구,대치동,테헤란로대우아이빌(891-6),30.46,22,2004,1200,115,2026,6,11
강남구,대치동,대치아이파크,84.95,1,2008,100000,220,2026,6,1
강남구,논현동,거평프리젠,42.395,5,1996,20000,70,2026,6,11
강남구,논현동,루시아도산208,43.26,10,2023,65000,0,2026,6,8
강남구,자곡동,LH수서2단지아파트,36.84,13,2024,16245,19,2026,6,11
강남구,자곡동,LH수서2단지아파트,14.69,4,2024,6916,8,2026,6,11
강남구,자곡동,LH수서2단지아파트,44.89,1,2024,26867,38,2026,6,10
강남구,도곡동,도곡렉슬,84.9984,20,2006,130000,87,2026,6,4
강남구,자곡동,LH수서2단지아파트,36.6,4,2024,19000,21,2026,6,10
강남구,삼성동,롯데캐슬프레미어,84.465,5,2007,110000,120,2026,6,2
강남구,일원동,디에이치자이개포,41.91,8,2021,15280,60,2026,6,10
강남구,자곡동,LH수서2단지아파트,36.84,11,2024,17265,19,2026,6,10
강남구,논현동,리스트강남,42.02,14,2022,13433,92,2026,6,9
강남구,도곡동,럭키(963),84.97,4,1995,5000,208,2026,6,8
강남구,자곡동,LH수서2단지아파트,36.84,4,2024,17265,19,2026,6,10
강남구,삼성동,현대아파트101동,59.83,4,1999,68250,0,2026,6,10
강남구,일원동,상록스타힐스,59.963,8,2022,21605,147,2026,6,9
강남구,논현동,아츠논현,38.9885,19,2023,50000,60,2026,6,9
강남구,일원동,디에이치자이개포,41.91,24,2021,15280,60,2026,6,10
강남구,수서동,까치마을,34.44,6,1993,30000,0,2026,6,10
강남구,일원동,디에이치자이개포,41.91,20,2021,15280,60,2026,6,10
강남구,자곡동,LH수서2단지아파트,44.89,14,2024,23356,26,2026,6,10
강남구,논현동,루시아도산208,41.15,10,2023,58000,0,2026,6,8
강남구,삼성동,현대아파트101동,59.83,4,1999,83500,0,2026,6,10
강남구,압구정동,"현대7차(73~77,82,85동)",144.2,11,1979,10000,600,2026,6,10
강남구,일원동,디에이치자이개포,41.91,22,2021,15280,60,2026,6,10
강남구,논현동,리스트강남,45.45,13,2022,13513,92,2026,6,10
강남구,일원동,디에이치자이개포,41.91,11,2021,15280,60,2026,6,10
강남구,개포동,상지리츠빌,161.07,9,2003,20000,800,2026,6,10
강남구,압구정동,한양1차(영동한양),78.05,10,1977,84000,0,2026,6,10
강남구,자곡동,LH수서2단지아파트,44.89,5,2024,17556,60,2026,6,10
강남구,청담동,청담자이,90.197,23,2011,10000,800,2026,6,10
강남구,개포동,개포주공6단지,83.21,13,1983,40000,0,2026,6,10
강남구,세곡동,세곡리엔파크(4단지),84.95,7,2011,38399,0,2026,6,10
강남구,개포동,새롬(1164-13),59.67,5,2000,47000,0,2026,6,9
강남구,개포동,성원대치2단지아파트,39.53,3,1992,55000,0,2026,6,10
강남구,역삼동,역삼디오슈페리움,84.34,18,2006,83000,0,2026,6,8
강남구,개포동,개포주공6단지,83.21,13,1983,40000,0,2026,6,10
강남구,일원동,푸른마을아파트101동~111동,59.76,5,1994,63000,20,2026,6,4
강남구,역삼동,역삼래미안,59.4,18,2005,112000,0,2026,6,3
강남구,자곡동,LH수서2단지아파트,36.84,3,2024,19206,21,2026,6,10
강남구,압구정동,"현대1차(12,13,21,22,31,32,33동)",161.18,7,1976,160000,0,2026,6,10
강남구,일원동,디에이치자이개포,84.94,15,2021,160500,0,2026,6,8
강남구,역삼동,강남센트럴아이파크,84.99,28,2022,180000,0,2026,6,10
강남구,도곡동,도곡2차I'PARK,198.13,4,2006,159000,0,2026,6,8
강남구,자곡동,LH수서2단지아파트,44.66,4,2024,24500,36,2026,6,10
강남구,일원동,상록수,74.54,5,1993,84000,0,2026,6,1
강남구,역삼동,강남센트럴아이파크,59.97,22,2022,60000,263,2026,6,10
강남구,대치동,테헤란로대우아이빌(891-6),29.02,23,2004,28000,0,2026,6,10
강남구,대치동,개포우성1,127.61,6,1983,70000,680,2026,6,4
강남구,수서동,신동아,33.18,12,1992,2000,87,2026,6,10
강남구,일원동,상록스타힐스,59.963,15,2022,43211,84,2026,6,10
강남구,청담동,청담아이파크,110.13,17,1992,160000,0,2026,6,10
강남구,개포동,래미안블레스티지,59.888,2,2019,20960,82,2026,6,10
강남구,자곡동,LH수서2단지아파트,44.66,6,2024,22800,26,2026,6,10
강남구,대치동,선릉역대우아이빌(890-49),20.37,14,2004,1000,78,2026,6,9
강남구,자곡동,LH수서2단지아파트,36.84,11,2024,17265,19,2026,6,9
강남구,자곡동,LH수서2단지아파트,26.54,13,2024,13055,15,2026,6,9
강남구,압구정동,신현대12차,110.82,12,1982,30000,215,2026,6,10
강남구,개포동,개포주공6단지,83.21,12,1983,10000,160,2026,6,9
강남구,역삼동,시티프라디움더강남2,49.1882,3,2022,75000,0,2026,6,5
강남구,역삼동,역삼푸르지오,84.9097,2,2006,132000,0,2026,6,9
강남구,자곡동,LH수서2단지아파트,44.89,8,2024,23356,26,2026,6,10
강남구,자곡동,LH수서2단지아파트,44.89,3,2024,23356,26,2026,6,10
강남구,대치동,월드빌,107.26,2,2004,35000,100,2026,6,6
강남구,도곡동,도곡렉슬,84.9984,13,2006,150000,0,2026,6,9
강남구,자곡동,LH수서2단지아파트,44.66,4,2024,22800,26,2026,6,9
강남구,자곡동,LH수서2단지아파트,36.84,7,2024,16665,23,2026,6,9
강남구,자곡동,LH수서2단지아파트,14.69,9,2024,6527,7,2026,6,9
강남구,역삼동,테헤란아이파크,92.6232,16,2014,100000,260,2026,6,9
강남구,자곡동,래미안포레,59.97,11,2014,29015,0,2026,6,9
강남구,자곡동,LH수서2단지아파트,36.84,1,2024,19206,21,2026,6,9
강남구,일원동,우성7,83.69,5,1987,60000,120,2026,6,9
강남구,자곡동,LH수서2단지아파트,14.69,12,2024,6627,7,2026,6,9
강남구,자곡동,LH수서2단지아파트,14.69,5,2024,6916,8,2026,6,9
강남구,도곡동,현대비젼21,32.65,22,1999,36000,0,2026,6,9
강남구,세곡동,강남엘에이치1단지,59.99,8,2013,66000,40,2026,6,4
강남구,자곡동,LH수서2단지아파트,36.84,10,2024,16245,19,2026,6,9
강남구,도곡동,아카데미스위트1,83.19,39,2004,63000,166,2026,6,2
강남구,청담동,청담동삼성1차(101동),84.57,9,1997,91000,0,2026,6,9
강남구,역삼동,역삼자이,84.993,23,2016,120000,140,2026,6,9
강남구,개포동,성원대치2단지아파트,39.53,2,1992,35000,0,2026,6,9
강남구,일원동,상록스타힐스,46.855,11,2022,11143,130,2026,6,9
강남구,일원동,상록스타힐스,59.963,6,2022,14403,168,2026,6,9
강남구,자곡동,LH수서2단지아파트,36.84,5,2024,12965,44,2026,6,9
강남구,개포동,성원대치2단지아파트,39.53,3,1992,44000,0,2026,6,3
강남구,자곡동,LH수서2단지아파트,14.69,1,2024,6816,8,2026,6,9
강남구,자곡동,LH수서2단지아파트,14.69,9,2024,6916,8,2026,6,9
강남구,자곡동,LH수서2단지아파트,36.6,6,2024,17080,19,2026,6,9
강남구,자곡동,LH수서2단지아파트,44.89,5,2024,5112,107,2026,6,9
강남구,자곡동,LH수서2단지아파트,14.69,7,2024,6527,7,2026,6,9
강남구,논현동,리스트강남,14.31,3,2022,6935,50,2026,6,2
강남구,대치동,테헤란로대우아이빌(891-6),59.83,12,2004,3000,260,2026,6,8
강남구,청담동,신동아,84.94,1,1997,20000,192,2026,6,1
강남구,자곡동,LH수서2단지아파트,14.69,15,2024,6816,8,2026,6,9
강남구,자곡동,LH수서2단지아파트,36.6,4,2024,18358,24,2026,6,9
강남구,자곡동,LH수서2단지아파트,44.89,14,2024,23356,26,2026,6,9
강남구,세곡동,세곡리엔파크(3단지),84.96,11,2011,45580,0,2026,6,9
강남구,대치동,"대치우성아파트1동,2동,3동,5동,6동,7동",115.59,11,1984,94000,0,2026,6,2
강남구,개포동,개포래미안포레스트,74.66,19,2020,127000,0,2026,6,8
강남구,삼성동,삼성동씨엘케이,99.47,7,2002,110000,40,2026,6,6
강남구,개포동,성원대치2단지아파트,39.53,2,1992,50000,0,2026,6,6
강남구,자곡동,LH수서2단지아파트,14.69,2,2024,6916,8,2026,6,9
강남구,대치동,래미안대치하이스턴,110.39,8,1989,157500,0,2026,6,2
강남구,일원동,상록수,84.95,5,1993,83000,0,2026,6,6
강남구,일원동,푸른마을아파트101동~111동,59.76,6,1994,70000,0,2026,6,4
강남구,도곡동,래미안도곡카운티,106.78,5,2016,205000,0,2026,6,8
강남구,자곡동,LH수서2단지아파트,36.84,13,2024,17265,19,2026,6,8
강남구,자곡동,LH수서2단지아파트,14.69,13,2024,6916,8,2026,6,8
강남구,자곡동,LH수서2단지아파트,36.84,9,2024,19858,28,2026,6,8
강남구,자곡동,LH수서2단지아파트,36.84,11,2024,16665,23,2026,6,9
강남구,일원동,상록스타힐스,46.855,7,2022,33431,65,2026,6,8
강남구,자곡동,LH수서2단지아파트,36.84,6,2024,14865,33,2026,6,9
강남구,역삼동,강남센트럴아이파크,84.99,21,2022,155000,40,2026,6,6
강남구,역삼동,역삼2차아이파크,84.891,23,2008,20000,440,2026,6,4
강남구,수서동,신동아,33.18,4,1992,10000,120,2026,6,6
강남구,역삼동,e-편한세상,84.675,2,2005,140000,0,2026,6,6
강남구,도곡동,도곡렉슬,120.8233,16,2006,216000,0,2026,6,4
강남구,역삼동,역삼래미안,59.53,7,2005,73500,74,2026,6,6
강남구,도곡동,도곡렉슬,84.9984,6,2006,155000,0,2026,6,6
강남구,자곡동,LH수서2단지아파트,36.84,6,2024,17265,19,2026,6,8
강남구,자곡동,LH수서2단지아파트,36.84,9,2024,17265,19,2026,6,8
강남구,자곡동,LH수서2단지아파트,36.84,9,2024,17265,19,2026,6,8
강남구,삼성동,그라나다,45.24,3,2002,50000,0,2026,6,8
강남구,역삼동,테헤란아이파크,84.641,9,2014,10000,500,2026,6,4
강남구,도곡동,중명하니빌,34.1,4,1997,20000,0,2026,6,6
강남구,자곡동,LH수서2단지아파트,36.84,7,2024,17265,19,2026,6,9
강남구,자곡동,LH수서2단지아파트,36.84,9,2024,18706,24,2026,6,8
강남구,자곡동,LH수서2단지아파트,44.66,2,2024,22800,26,2026,6,8
강남구,수서동,신동아,39.53,13,1992,34120,0,2026,6,4
강남구,논현동,선정릉역모아엘가퍼스트홈,14.16,11,2023,7217,36,2026,6,8
강남구,세곡동,세곡푸르지오,84.83,12,2012,87000,0,2026,6,8
강남구,자곡동,LH수서2단지아파트,44.89,2,2024,23356,26,2026,6,8
강남구,도곡동,현대비젼21,32.65,23,1999,5000,68,2026,6,5
강남구,역삼동,더원역삼,17.64,5,2023,6400,42,2026,6,1
강남구,자곡동,LH수서2단지아파트,44.89,7,2024,23356,26,2026,6,8
강남구,삼성동,석탑아파트101동,84.6,6,1996,10000,380,2026,6,3
강남구,자곡동,LH수서2단지아파트,36.84,15,2024,17265,19,2026,6,8
강남구,압구정동,신현대12차,155.52,12,1982,150000,0,2026,6,2
강남구,일원동,우성7,83.69,11,1987,75600,0,2026,6,2
강남구,삼성동,아크로삼성,92,16,2025,250000,0,2026,6,3
강남구,개포동,현대2,131.83,7,1986,105000,0,2026,6,8
강남구,자곡동,LH수서2단지아파트,36.6,3,2024,18358,24,2026,6,8
강남구,개포동,래미안블레스티지,84.94,9,2019,150000,0,2026,6,2
강남구,자곡동,LH수서2단지아파트,36.84,3,2024,19206,21,2026,6,8
강남구,자곡동,LH수서2단지아파트,44.89,9,2024,23356,26,2026,6,8
강남구,세곡동,세곡리엔파크(3단지),84.97,6,2011,38399,0,2026,6,8
강남구,자곡동,LH수서2단지아파트,44.66,4,2024,22800,26,2026,6,8
강남구,역삼동,한화진넥스빌,41.68,23,2001,28000,0,2026,6,7
강남구,역삼동,역삼래미안,59.4,8,2005,20000,330,2026,6,6
강남구,역삼동,래미안그레이튼(진달래2차),84.87,5,2010,110000,120,2026,6,5
강남구,청담동,한신오페라하우스,84.89,7,2003,97650,0,2026,6,6
강남구,도곡동,도곡렉슬,84.9231,14,2006,163000,0,2026,6,6
강남구,일원동,가람,84.95,3,1993,90000,0,2026,6,8
강남구,대치동,대치삼성,84.58,12,2000,145000,0,2026,6,8
강남구,개포동,디에이치아너힐즈,76.1709,24,2019,85000,260,2026,6,5
강남구,개포동,개포자이프레지던스,59.8363,19,2023,70000,270,2026,6,4
강남구,개포동,개포래미안포레스트,84.86,9,2020,142000,0,2026,6,2
강남구,자곡동,LH수서2단지아파트,36.84,11,2024,17265,19,2026,6,8
강남구,개포동,개포래미안포레스트,59.92,18,2020,50000,270,2026,6,5
강남구,자곡동,LH수서2단지아파트,26.54,6,2024,10381,11,2026,6,8
강남구,대치동,대치아이파크,119.58,8,2008,215000,0,2026,6,1
강남구,일원동,상록스타힐스,59.592,3,2022,29109,57,2026,6,6
강남구,개포동,디에이치아너힐즈,94.2875,9,2019,185000,0,2026,6,4
강남구,일원동,상록스타힐스,46.855,3,2022,27859,81,2026,6,5
강남구,논현동,한진로즈힐,84.94,2,2004,65000,54,2026,6,6
강남구,자곡동,LH수서2단지아파트,36.84,10,2024,17265,19,2026,6,8
강남구,자곡동,LH수서2단지아파트,36.84,11,2024,16965,21,2026,6,8
강남구,역삼동,현대휴먼터치빌,35.88,5,1999,24000,0,2026,6,4
강남구,대치동,은마,84.43,12,1979,80000,0,2026,6,6
강남구,자곡동,LH수서2단지아파트,36.84,5,2024,16245,19,2026,6,8
강남구,자곡동,LH수서2단지아파트,14.69,2,2024,6916,8,2026,6,8
강남구,세곡동,강남엘에이치1단지,59.89,5,2013,66150,0,2026,6,6
강남구,청담동,청담자이,89.115,14,2011,50000,600,2026,6,7
강남구,세곡동,강남엘에이치1단지,59.89,3,2013,52200,0,2026,6,6
강남구,개포동,성원대치2단지아파트,49.86,7,1992,38000,150,2026,6,8
강남구,도곡동,도곡렉슬,59.9818,23,2006,120000,0,2026,6,6
강남구,도곡동,도곡렉슬,59.9772,17,2006,98500,0,2026,6,6
강남구,일원동,푸른마을아파트101동~111동,84.93,3,1994,60000,180,2026,6,6
강남구,자곡동,LH수서2단지아파트,36.84,7,2024,17265,19,2026,6,8
강남구,자곡동,LH수서2단지아파트,36.84,10,2024,17265,19,2026,6,8
강남구,논현동,리스트강남,14.29,7,2022,6935,50,2026,6,1
강남구,압구정동,미성2차,74.4,17,1987,86000,0,2026,6,5
강남구,대치동,한보미도맨션1,84.48,13,1983,105000,0,2026,6,5
강남구,자곡동,LH수서2단지아파트,36.84,12,2024,8658,73,2026,6,8
강남구,자곡동,LH수서2단지아파트,26.54,6,2024,14304,20,2026,6,8
강남구,자곡동,LH수서2단지아파트,36.84,8,2024,17265,19,2026,6,6
강남구,자곡동,강남자곡 힐스테이트,59.93,12,2015,5000,270,2026,6,6
강남구,자곡동,LH수서2단지아파트,36.84,10,2024,16965,21,2026,6,5
강남구,자곡동,LH수서2단지아파트,36.84,4,2024,19858,28,2026,6,8
강남구,자곡동,LH수서2단지아파트,26.54,9,2024,13055,15,2026,6,6
강남구,역삼동,역삼래미안,80.87,6,2005,140000,0,2026,6,6
강남구,자곡동,LH수서2단지아파트,36.6,6,2024,17080,19,2026,6,7
강남구,일원동,가람,84.95,3,1993,70000,80,2026,6,6
강남구,도곡동,도곡쌍용예가,107.53,12,1978,90000,160,2026,6,3
강남구,일원동,수서,49.68,15,1992,51450,0,2026,6,6
강남구,일원동,상록스타힐스,59.592,4,2022,33960,42,2026,6,5
강남구,자곡동,LH수서2단지아파트,14.69,4,2024,927,28,2026,6,8
강남구,자곡동,LH수서2단지아파트,44.66,4,2024,2800,101,2026,6,6
강남구,도곡동,한라비발디,84.8861,11,2016,116500,0,2026,6,6
강남구,율현동,강남한신휴플러스6단지,84.83,2,2015,10000,300,2026,6,5
강남구,개포동,성원대치2단지아파트,49.86,13,1992,70000,0,2026,6,5
강남구,자곡동,LH수서2단지아파트,14.69,15,2024,6527,7,2026,6,5
강남구,일원동,수서,59.96,10,1992,10000,210,2026,6,5
강남구,개포동,개포래미안포레스트,84.83,20,2020,131250,0,2026,6,5
강남구,청담동,진흥아파트,145.69,15,1984,140000,0,2026,6,5
강남구,개포동,성원대치2단지아파트,39.53,2,1992,5000,180,2026,6,5
강남구,자곡동,LH수서2단지아파트,44.9,8,2024,24940,32,2026,6,5
강남구,자곡동,래미안포레,59.97,1,2014,40398,0,2026,6,5
강남구,도곡동,도곡렉슬,84.9231,3,2006,20000,550,2026,6,1
강남구,자곡동,LH수서2단지아파트,44.89,6,2024,23356,26,2026,6,5
강남구,자곡동,래미안포레,59.97,9,2014,40398,0,2026,6,5
강남구,논현동,동현아파트1~6,84.92,11,1985,72500,0,2026,6,4
강남구,자곡동,LH수서2단지아파트,14.69,1,2024,6627,7,2026,6,5
강남구,역삼동,강남센트럴아이파크,155.144,15,2022,273000,0,2026,6,2
강남구,압구정동,한양8(81동한개동),210.1,7,1984,100000,700,2026,6,5
강남구,역삼동,우림루미아트1,24,8,2003,17700,0,2026,6,1
강남구,논현동,리스트강남,45.45,15,2022,16891,77,2026,6,4
강남구,개포동,삼익대청아파트,60,10,1992,52250,0,2026,6,5
강남구,개포동,개포더샵트리에,108.2017,9,2021,138500,0,2026,6,5
강남구,일원동,디에이치자이개포,84.66,6,2021,165000,0,2026,6,4
강남구,자곡동,LH수서2단지아파트,36.84,7,2024,16965,21,2026,6,5
강남구,자곡동,LH수서2단지아파트,36.84,1,2024,17265,19,2026,6,5
강남구,자곡동,LH수서2단지아파트,36.84,5,2024,17265,19,2026,6,5
강남구,개포동,성원대치2단지아파트,33.18,10,1992,39000,0,2026,6,3
강남구,압구정동,"현대1차(12,13,21,22,31,32,33동)",131.49,12,1976,130000,0,2026,6,2
강남구,자곡동,LH수서2단지아파트,44.89,5,2024,23356,26,2026,6,4
강남구,개포동,성원대치2단지아파트,49.86,11,1992,53500,0,2026,6,4
강남구,자곡동,LH수서2단지아파트,36.84,8,2024,17265,19,2026,6,4
강남구,자곡동,LH수서2단지아파트,36.84,7,2024,17265,19,2026,6,4
강남구,자곡동,LH수서2단지아파트,36.6,3,2024,17080,19,2026,6,5
강남구,자곡동,LH수서2단지아파트,44.89,9,2024,23356,26,2026,6,5
강남구,자곡동,LH수서2단지아파트,36.84,8,2024,16545,17,2026,6,4
강남구,일원동,상록스타힐스,59.963,19,2022,14403,168,2026,6,5
강남구,대치동,"대치우성아파트1동,2동,3동,5동,6동,7동",84.69,2,1984,70375,0,2026,6,2
강남구,자곡동,LH수서2단지아파트,14.69,11,2024,6916,8,2026,6,4
강남구,대치동,대치삼성,97.35,8,2000,50000,470,2026,6,5
강남구,자곡동,LH수서2단지아파트,14.69,15,2024,6816,8,2026,6,5
강남구,자곡동,LH수서2단지아파트,36.84,8,2024,17265,19,2026,6,5
강남구,자곡동,LH수서2단지아파트,36.6,4,2024,17070,17,2026,6,5
강남구,자곡동,LH수서2단지아파트,36.84,10,2024,15558,53,2026,6,5
강남구,자곡동,LH수서2단지아파트,36.84,6,2024,11165,50,2026,6,4
강남구,자곡동,LH수서2단지아파트,36.84,9,2024,17265,19,2026,6,5
강남구,일원동,상록스타힐스,29.497,7,2022,24278,30,2026,6,2
강남구,청담동,청담스위트,13.639,9,2015,19000,0,2026,6,3
강남구,일원동,상록스타힐스,29.497,2,2022,24278,30,2026,6,4
강남구,자곡동,LH수서2단지아파트,36.84,10,2024,17265,19,2026,6,5
강남구,자곡동,LH수서2단지아파트,26.54,3,2024,13474,17,2026,6,4
강남구,압구정동,한양1차(영동한양),63.87,11,1977,65100,0,2026,6,4
강남구,청담동,한신오페라하우스,100.84,12,2003,120000,0,2026,6,2
강남구,자곡동,LH수서2단지아파트,44.89,1,2024,17556,60,2026,6,4
강남구,자곡동,LH수서2단지아파트,36.84,5,2024,17265,19,2026,6,4
강남구,자곡동,LH수서2단지아파트,36.6,3,2024,17080,19,2026,6,4
강남구,자곡동,LH수서2단지아파트,36.6,5,2024,11370,44,2026,6,5
강남구,자곡동,LH수서2단지아파트,14.69,12,2024,6627,7,2026,6,5
강남구,자곡동,LH수서2단지아파트,36.84,12,2024,17265,19,2026,6,4
강남구,일원동,가람,84.95,3,1993,60000,120,2026,6,4
강남구,자곡동,LH수서2단지아파트,36.84,15,2024,17265,19,2026,6,4
강남구,자곡동,LH수서2단지아파트,44.89,9,2024,23356,26,2026,6,4
강남구,자곡동,LH수서2단지아파트,26.54,6,2024,13055,15,2026,6,4
강남구,삼성동,삼성동힐스테이트 1단지,84.349,9,2008,20000,450,2026,6,3
강남구,논현동,리스트강남,41.01,11,2022,13513,92,2026,6,2
강남구,압구정동,한양3,117.26,13,1978,70000,100,2026,6,4
강남구,청담동,삼성청담공원아파트,107.22,2,1999,103000,0,2026,6,3
강남구,자곡동,LH수서2단지아파트,36.84,6,2024,15245,24,2026,6,4
강남구,압구정동,현대3차(61~64동),82.5,7,1976,73000,0,2026,6,4
강남구,자곡동,LH수서2단지아파트,14.69,11,2024,6916,8,2026,6,4
강남구,논현동,논현동한화꿈에그린,67.671,11,2005,4000,330,2026,6,4
강남구,자곡동,LH수서2단지아파트,14.69,13,2024,6527,7,2026,6,4
강남구,자곡동,LH수서2단지아파트,36.84,4,2024,10465,52,2026,6,4
강남구,자곡동,LH수서2단지아파트,36.84,5,2024,17265,19,2026,6,4
강남구,자곡동,LH수서2단지아파트,44.89,3,2024,8556,86,2026,6,4
강남구,논현동,논현파라곤,84.4,14,2007,90000,0,2026,6,4
강남구,자곡동,LH수서2단지아파트,44.9,3,2024,23200,26,2026,6,4
강남구,도곡동,도곡렉슬,114.9931,20,2006,192000,0,2026,6,3
강남구,도곡동,아카데미스위트1,122.07,9,2004,140000,0,2026,6,3
강남구,대치동,대치현대,85,10,1999,50000,120,2026,6,4
강남구,세곡동,강남신동아파밀리에1단지,59.97,12,2011,10000,235,2026,6,2
강남구,자곡동,LH수서2단지아파트,14.69,10,2024,6916,8,2026,6,4
강남구,개포동,래미안블레스티지,59.888,4,2019,105000,0,2026,6,4
강남구,청담동,청담우방아파트,59.97,13,1999,30000,215,2026,6,3
강남구,자곡동,LH수서2단지아파트,36.84,2,2024,19206,21,2026,6,3
강남구,자곡동,LH수서2단지아파트,14.69,13,2024,6916,8,2026,6,2
강남구,자곡동,LH수서2단지아파트,44.9,6,2024,23200,26,2026,6,4
강남구,대치동,대치아이파크,84.95,5,2008,25000,424,2026,6,3
강남구,개포동,래미안블레스티지,59.888,7,2019,118000,0,2026,6,3
강남구,청담동,청담2차이-편한세상(205동),119.55,8,2006,117000,30,2026,6,4
강남구,자곡동,LH수서2단지아파트,36.84,3,2024,17265,19,2026,6,4
강남구,자곡동,LH수서2단지아파트,36.84,3,2024,18706,24,2026,6,4
강남구,자곡동,LH수서2단지아파트,36.84,8,2024,17265,19,2026,6,4
강남구,자곡동,LH수서2단지아파트,36.84,7,2024,17265,19,2026,6,2
강남구,자곡동,LH수서2단지아파트,14.69,12,2024,6916,8,2026,6,2
강남구,자곡동,LH수서2단지아파트,36.84,6,2024,10965,50,2026,6,4
강남구,자곡동,LH수서2단지아파트,36.6,3,2024,16070,19,2026,6,4
강남구,자곡동,LH수서2단지아파트,26.54,10,2024,3037,50,2026,6,2
강남구,도곡동,럭키(963),84.97,8,1995,77000,14,2026,6,3
강남구,자곡동,LH수서2단지아파트,36.84,8,2024,17265,19,2026,6,3
강남구,자곡동,LH수서2단지아파트,36.84,3,2024,17265,19,2026,6,4
강남구,자곡동,LH수서2단지아파트,36.84,7,2024,17265,19,2026,6,4
강남구,자곡동,LH수서2단지아파트,14.69,5,2024,6916,8,2026,6,4
강남구,자곡동,LH수서2단지아파트,36.84,2,2024,17265,19,2026,6,4
강남구,자곡동,LH수서2단지아파트,36.84,12,2024,17265,19,2026,6,4
강남구,자곡동,LH수서2단지아파트,36.84,15,2024,18706,24,2026,6,4
강남구,자곡동,LH수서2단지아파트,14.69,6,2024,6916,8,2026,6,2
강남구,자곡동,LH수서2단지아파트,36.84,8,2024,17265,19,2026,6,4
강남구,자곡동,LH수서2단지아파트,14.69,4,2024,6916,8,2026,6,4
강남구,자곡동,LH수서2단지아파트,36.6,7,2024,17080,19,2026,6,4
강남구,역삼동,역삼래미안,80.87,7,2005,120000,23,2026,6,3
강남구,도곡동,아카데미스위트1,164.87,40,2004,10000,500,2026,6,4
강남구,대치동,은마,76.79,7,1979,67200,0,2026,6,4
강남구,논현동,리스트강남,42.02,12,2022,13433,92,2026,6,1
강남구,자곡동,LH수서2단지아파트,36.84,14,2024,17265,19,2026,6,4
강남구,자곡동,LH수서2단지아파트,36.84,11,2024,17265,19,2026,6,4
강남구,자곡동,LH수서2단지아파트,44.89,9,2024,23356,26,2026,6,4
강남구,자곡동,LH수서2단지아파트,36.84,9,2024,17265,19,2026,6,4
강남구,자곡동,LH수서2단지아파트,36.84,15,2024,17265,19,2026,6,2
강남구,자곡동,LH수서2단지아파트,44.89,1,2024,23356,26,2026,6,2
강남구,역삼동,강남센트럴아이파크,84.99,9,2022,30000,520,2026,6,3
강남구,자곡동,LH수서2단지아파트,14.69,7,2024,1309,29,2026,6,2
강남구,청담동,청담파크빌,79.7,3,2004,20000,180,2026,6,2
강남구,수서동,신동아,33.18,3,1992,19000,100,2026,6,2
강남구,자곡동,LH수서2단지아파트,36.84,9,2024,17265,19,2026,6,2
강남구,역삼동,역삼I'PARK,144.641,2,2006,5000,660,2026,6,2
강남구,도곡동,아카데미스위트1,83.19,39,2004,63000,166,2026,6,2
강남구,자곡동,LH수서2단지아파트,36.84,7,2024,9665,54,2026,6,2
강남구,자곡동,LH수서2단지아파트,36.6,4,2024,17080,19,2026,6,2
강남구,자곡동,LH수서2단지아파트,44.89,9,2024,23356,26,2026,6,2
강남구,자곡동,LH수서2단지아파트,36.84,8,2024,17265,19,2026,6,2
강남구,자곡동,LH수서2단지아파트,14.69,12,2024,6916,8,2026,6,2
강남구,자곡동,LH수서2단지아파트,36.84,13,2024,17265,19,2026,6,2
강남구,자곡동,LH수서2단지아파트,36.84,10,2024,7265,61,2026,6,2
강남구,자곡동,LH수서2단지아파트,26.54,6,2024,12437,14,2026,6,2
강남구,자곡동,LH수서2단지아파트,36.84,7,2024,17265,19,2026,6,2
강남구,자곡동,LH수서2단지아파트,14.69,4,2024,6916,8,2026,6,2
강남구,자곡동,LH수서2단지아파트,14.69,7,2024,5216,18,2026,6,2
강남구,대치동,포스코더샵,164.88,7,2004,100000,360,2026,6,2
강남구,자곡동,LH수서2단지아파트,44.89,11,2024,23356,26,2026,6,2
강남구,자곡동,LH수서2단지아파트,36.84,9,2024,21155,33,2026,6,2
강남구,자곡동,LH수서2단지아파트,26.54,14,2024,12437,14,2026,6,2
강남구,도곡동,도곡렉슬,59.9772,2,2006,105000,0,2026,6,1
강남구,개포동,개포자이프레지던스,84.5978,17,2023,50000,460,2026,6,2
강남구,자곡동,LH수서2단지아파트,44.89,4,2024,22556,31,2026,6,2
강남구,일원동,래미안 개포 루체하임,121.71,24,2018,130000,200,2026,6,2
강남구,자곡동,LH수서2단지아파트,36.6,2,2024,17080,19,2026,6,2
강남구,자곡동,LH수서2단지아파트,44.89,10,2024,23356,26,2026,6,2
강남구,개포동,성원대치2단지아파트,39.53,1,1992,5000,180,2026,6,2
강남구,자곡동,LH수서2단지아파트,14.69,13,2024,6916,8,2026,6,2
강남구,자곡동,LH수서2단지아파트,36.84,4,2024,10965,50,2026,6,2
강남구,자곡동,LH수서2단지아파트,36.84,5,2024,17265,19,2026,6,2
강남구,청담동,청담현대3차아파트,59.95,5,1999,74450,0,2026,6,1
강남구,자곡동,LH수서2단지아파트,36.84,10,2024,17265,19,2026,6,2
강남구,자곡동,LH수서2단지아파트,44.89,5,2024,23356,26,2026,6,2
강남구,자곡동,LH수서2단지아파트,44.9,2,2024,23200,26,2026,6,2
강남구,자곡동,LH수서2단지아파트,36.84,6,2024,17265,19,2026,6,2
강남구,율현동,강남한신휴플러스6단지,49.79,3,2015,10605,17,2026,6,1
강남구,자곡동,LH수서2단지아파트,26.54,7,2024,10037,28,2026,6,2
강남구,자곡동,강남에버시움,36.08,15,2013,6534,24,2026,6,1
강남구,자곡동,LH수서2단지아파트,14.69,11,2024,6816,8,2026,6,2
강남구,자곡동,래미안강남힐즈,101.94,6,2014,99750,0,2026,6,2
강남구,자곡동,LH수서2단지아파트,44.9,2,2024,23200,26,2026,6,2
강남구,도곡동,럭키(963),84.97,6,1995,80000,0,2026,6,1
강남구,대치동,대치푸르지오써밋,51.7377,2,2023,9720,98,2026,6,1
강남구,자곡동,LH수서2단지아파트,44.89,4,2024,21556,37,2026,6,2
강남구,자곡동,LH수서2단지아파트,44.89,7,2024,23356,26,2026,6,2
강남구,자곡동,LH수서2단지아파트,36.6,8,2024,17080,19,2026,6,2
강남구,자곡동,LH수서2단지아파트,44.89,1,2024,23356,26,2026,6,2
강남구,도곡동,럭키(963),84.97,8,1995,30000,225,2026,6,1
강남구,삼성동,그라나다,46.18,4,2002,5000,200,2026,6,1
강남구,삼성동,그라나다,46.18,4,2002,5000,200,2026,6,1
강남구,삼성동,한일,61.23,9,2001,10000,330,2026,6,1
강남구,논현동,두산위브2단지,84.721,2,2004,15000,380,2026,6,1
강남구,일원동,상록스타힐스,59.963,5,2022,14403,168,2026,6,1
강남구,수서동,삼익,60,15,1992,75000,0,2026,6,1
강남구,일원동,상록스타힐스,59.921,15,2022,36009,105,2026,6,1
강남구,일원동,상록스타힐스,59.921,12,2022,14403,168,2026,6,1
강남구,대치동,대치현대,85,7,1999,40000,245,2026,6,1
강남구,역삼동,개나리래미안,144.55,17,2006,110000,280,2026,6,1
강남구,개포동,삼익대청아파트,51.12,11,1992,15000,149,2026,6,1
강남구,일원동,상록스타힐스,59.921,8,2022,14403,168,2026,6,1
강남구,자곡동,래미안포레,59.97,3,2014,29015,0,2026,6,1
강남구,자곡동,강남한양수자인(4단지),59.97,10,2014,12627,19,2026,6,1
강남구,대치동,풍림아이원2차201동,156.21,1,2003,100000,150,2026,6,1
강남구,자곡동,래미안포레,59.92,1,2014,29015,0,2026,6,1
강남구,역삼동,동부센트레빌,84.97,9,1998,60000,225,2026,6,1
강남구,개포동,래미안블레스티지,84.943,15,2019,70000,290,2026,6,1
강남구,자곡동,래미안포레,59.97,9,2014,29015,0,2026,6,1
강남구,자곡동,래미안포레,84.97,11,2014,35753,0,2026,6,1
강남구,압구정동,"현대1차(12,13,21,22,31,32,33동)",161.19,9,1976,150000,0,2026,6,1
강남구,청담동,청담대우로얄카운티6차,166.3,3,2005,130100,150,2026,6,1
강남구,자곡동,강남한양수자인(4단지),59.93,3,2014,13336,23,2026,6,1
송파구,문정동,올림픽훼밀리타운,117.585,11,1988,205695,0,2026,6,1
송파구,장지동,송파파인타운6단지,84.98,7,2008,85000,0,2026,6,10
송파구,거여동,거여5단지,59.74,12,1997,20000,150,2026,6,6
송파구,문정동,힐스테이트e편한세상문정,74.43,15,2024,35000,225,2026,6,6
송파구,문정동,문정시영,39.69,5,1989,3000,100,2026,6,3
송파구,신천동,파크리오,59.95,10,2008,63000,150,2026,6,3
송파구,가락동,헬리오시티,39.17,8,2018,60300,0,2026,6,10
송파구,잠실동,트리지움,84.95,7,2007,89000,120,2026,6,12
송파구,장지동,위례포레샤인23단지,59.97,14,2017,39994,0,2026,6,12
송파구,마천동,한보1,34.06,6,1998,15000,0,2026,6,10
송파구,문정동,올림픽훼밀리타운,84.751,6,1988,95000,0,2026,6,12
송파구,방이동,코오롱아파트,84.95,5,1991,68200,0,2026,6,11
송파구,문정동,올림픽훼밀리타운,136.325,15,1988,89200,0,2026,6,12
송파구,장지동,위례포레샤인23단지,59.97,14,2017,39994,0,2026,6,12
송파구,잠실동,트리지움,84.95,13,2007,130000,0,2026,6,12
송파구,풍납동,한강극동,59.26,2,1995,45150,0,2026,6,12
송파구,문정동,힐스테이트e편한세상문정,59.94,10,2024,10000,265,2026,6,5
송파구,잠실동,리센츠,84.99,4,2008,55000,280,2026,6,9
송파구,가락동,가락금호아파트,59.91,5,1997,72000,0,2026,6,12
송파구,문정동,올림픽훼밀리타운,84.751,1,1988,73500,0,2026,6,12
송파구,거여동,위례포레샤인18단지,74.78,9,2020,47407,0,2026,6,12
송파구,잠실동,리센츠,84.99,7,2008,151000,0,2026,6,2
송파구,가락동,우성,43.79,14,1986,36750,0,2026,6,12
송파구,잠실동,리센츠,84.99,18,2008,20000,440,2026,6,12
송파구,오금동,현대(2-4차),170.32,9,1984,70000,0,2026,6,10
송파구,신천동,한신잠실코아,41.99,1,1988,40000,0,2026,6,12
송파구,장지동,위례포레샤인23단지,59.66,13,2017,39994,0,2026,6,12
송파구,거여동,SP센트리움시티,67.28,5,2022,52500,0,2026,6,12
송파구,잠실동,리센츠,84.99,16,2008,50000,282,2026,6,3
송파구,거여동,송파레이크파크호반써밋Ⅰ,108.8109,1,2022,82500,0,2026,6,6
송파구,신천동,파크리오,144.77,25,2008,141700,0,2026,6,12
송파구,장지동,송파파인타운1단지,84.94,10,2010,44467,0,2026,6,12
송파구,가락동,우성,58.46,15,1986,57000,0,2026,6,11
송파구,가락동,가락금호아파트,85,26,1997,65000,0,2026,6,3
송파구,잠실동,앙시레이크타워,18.5251,8,2020,23800,0,2026,6,4
송파구,풍납동,한강극동,114.76,7,1995,67000,0,2026,6,12
송파구,잠실동,레이크팰리스,136.74,28,2006,85000,0,2026,6,12
송파구,풍납동,씨티극동1,59.69,8,1998,46000,60,2026,6,11
송파구,가락동,헬리오시티,59.96,18,2018,80000,110,2026,6,10
송파구,문정동,올림픽훼밀리타운,158.705,4,1988,107000,0,2026,6,8
송파구,장지동,위례포레샤인23단지,49.48,5,2017,5167,36,2026,6,12
송파구,풍납동,현대리버빌2지구,59.4,1,1999,53000,0,2026,6,11
송파구,장지동,위례포레샤인23단지,59.66,13,2017,39994,0,2026,6,12
송파구,잠실동,아시아선수촌아파트,151.008,12,1986,150000,0,2026,6,12
송파구,장지동,위례포레샤인23단지,49.59,8,2017,9642,15,2026,6,12
송파구,잠실동,잠실엘스,84.8,13,2008,8000,390,2026,6,12
송파구,잠실동,리센츠,84.99,10,2008,100000,71,2026,6,8
송파구,잠실동,레이크팰리스,84.82,4,2006,40500,270,2026,6,12
송파구,잠실동,주공아파트 5단지,76.5,2,1978,60000,0,2026,6,12
송파구,송파동,호수임광,84.87,9,1995,66000,0,2026,6,9
송파구,송파동,한영해시안아파트,58.83,9,2019,48300,0,2026,6,6
송파구,장지동,위례포레샤인23단지,59.97,17,2017,39994,0,2026,6,11
송파구,잠실동,우성아파트,80.35,10,1981,50010,0,2026,6,9
송파구,거여동,거여5단지,59.74,1,1997,40950,0,2026,6,11
송파구,장지동,위례포레샤인23단지,59.97,12,2017,38587,0,2026,6,11
송파구,마천동,송파파크데일1단지,49.63,9,2011,7666,14,2026,6,11
송파구,신천동,파크리오,84.9,7,2008,10000,420,2026,6,11
송파구,신천동,장미1,120,13,1979,86100,0,2026,6,3
송파구,오금동,송파더플래티넘,73.22,4,2024,80000,0,2026,6,10
송파구,신천동,장미2,71.2,12,1979,10000,190,2026,6,11
송파구,장지동,송파와이즈더샵,97.0756,4,2016,77000,80,2026,6,4
송파구,풍납동,잠실올림픽공원아이파크,84.99,10,2019,96600,0,2026,6,10
송파구,가락동,가락(1차)쌍용아파트,59.92,14,1997,76000,0,2026,6,8
송파구,마천동,송파파크데일3단지,21.92,5,2017,5904,21,2026,6,11
송파구,장지동,위례포레샤인23단지,49.48,18,2017,9642,15,2026,6,11
송파구,장지동,위례포레샤인23단지,59.97,10,2017,38587,0,2026,6,11
송파구,잠실동,잠실엘스,84.97,8,2008,148000,0,2026,6,8
송파구,신천동,장미1,71.2,2,1979,8000,170,2026,6,2
송파구,거여동,위례포레샤인18단지,74.82,12,2020,47407,0,2026,6,11
송파구,거여동,거여2단지효성아파트,134.88,5,1997,72500,0,2026,6,11
송파구,문정동,문정래미안,150.58,14,2004,105050,0,2026,6,11
송파구,잠실동,잠실엘스,84.8,12,2008,50000,300,2026,6,3
송파구,잠실동,잠실엘스,59.96,21,2008,50000,230,2026,6,5
송파구,장지동,위례24단지(꿈에그린),59.63,18,2013,73000,0,2026,6,11
송파구,방이동,신동아타워,50.4,9,1995,35000,0,2026,6,1
송파구,가락동,헬리오시티,150.09,35,2018,250000,0,2026,6,10
송파구,풍납동,잠실올림픽공원아이파크,59.93,6,2019,20160,71,2026,6,11
송파구,장지동,위례포레샤인23단지,59.97,8,2017,38587,0,2026,6,11
송파구,거여동,송파시그니처롯데캐슬,59.98,26,2021,75000,0,2026,6,11
송파구,거여동,e편한세상송파파크센트럴,84.97,10,2021,73500,0,2026,6,10
송파구,잠실동,트리지움,84.95,9,2007,120000,0,2026,6,5
송파구,잠실동,리센츠,59.99,27,2008,60000,200,2026,6,11
송파구,가락동,헬리오시티,49.21,5,2018,23654,30,2026,6,10
송파구,잠실동,아시아선수촌아파트,99.385,4,1986,30000,250,2026,6,9
송파구,장지동,송파파인타운6단지,84.98,7,2008,85000,0,2026,6,10
송파구,장지동,위례24단지(꿈에그린),84.93,9,2013,15000,290,2026,6,3
송파구,장지동,위례포레샤인23단지,59.66,14,2017,39994,0,2026,6,11
송파구,잠실동,잠실엘스,59.96,11,2008,104000,0,2026,6,2
송파구,신천동,파크리오,84.97,16,2008,10000,300,2026,6,4
송파구,문정동,힐스테이트e편한세상문정,74.95,10,2024,70000,75,2026,6,10
송파구,신천동,잠실아이스페이스,84.69,20,2001,87000,0,2026,6,9
송파구,거여동,e편한세상송파파크센트럴,84.96,20,2021,75000,0,2026,6,6
송파구,거여동,위례포레샤인18단지,74.82,4,2020,47407,0,2026,6,10
송파구,신천동,장미1,82.45,6,1979,63000,0,2026,6,9
송파구,잠실동,리센츠,27.68,9,2008,3000,200,2026,6,10
송파구,잠실동,잠실엘타워,16.2435,11,2022,3522,11,2026,6,10
송파구,방이동,올림픽선수기자촌1단지,121.23,10,1988,115500,0,2026,6,6
송파구,오금동,송파더플래티넘,106.24,12,2024,90000,0,2026,6,5
송파구,거여동,포레나송파,80.72,6,2021,82000,0,2026,6,10
송파구,가락동,가락(1차)쌍용아파트,84.69,20,1997,50000,150,2026,6,2
송파구,마천동,송파건원여미지아파트,51.764,7,2018,40000,0,2026,6,6
송파구,가락동,헬리오시티,49.21,9,2018,8840,78,2026,6,10
송파구,신천동,장미1,82.45,9,1979,500,100,2026,6,10
송파구,가락동,헬리오시티,49.21,16,2018,23654,30,2026,6,10
송파구,잠실동,잠실엘스,84.97,13,2008,137000,0,2026,6,3
송파구,신천동,롯데캐슬골드,166.7,12,2005,160000,0,2026,6,10
송파구,가락동,헬리오시티,49.21,3,2018,23654,30,2026,6,10
송파구,장지동,송파파인타운3단지,84.93,10,2008,90000,0,2026,6,3
송파구,문정동,올림픽훼밀리타운,84.751,13,1988,85000,0,2026,6,10
송파구,신천동,장미1,71.2,2,1979,42800,60,2026,6,10
송파구,거여동,송파시그니처롯데캐슬,59.98,15,2021,55000,120,2026,6,6
송파구,가락동,가락(1차)쌍용아파트,59.92,8,1997,70000,0,2026,6,10
송파구,삼전동,에이메스더리버송파,48.34,3,2018,150,150,2026,6,8
송파구,잠실동,아시아선수촌아파트,134.485,6,1986,50000,328,2026,6,9
송파구,잠실동,우성아파트,80.39,12,1981,65000,0,2026,6,6
송파구,잠실동,리센츠,27.68,17,2008,10000,180,2026,6,6
송파구,잠실동,잠실엘스,59.96,26,2008,109000,0,2026,6,3
송파구,방이동,올림픽선수기자촌1단지,83.06,12,1988,63000,40,2026,6,10
송파구,방이동,올림픽선수기자촌1단지,83.06,7,1988,50000,88,2026,6,6
송파구,가락동,가락(1차)쌍용아파트,84.69,10,1997,85000,0,2026,6,9
송파구,신천동,파크리오,84.9,3,2008,110000,0,2026,6,10
송파구,풍납동,현대리버빌2지구,59.4,2,1999,55000,0,2026,6,10
송파구,장지동,위례24단지(꿈에그린),59.96,15,2013,67700,0,2026,6,9
송파구,가락동,헬리오시티,39.1,9,2018,43000,58,2026,6,9
송파구,오금동,영풍,59.76,12,1998,5000,180,2026,6,8
송파구,거여동,거여5단지,59.74,9,1997,45000,0,2026,6,3
송파구,잠실동,리센츠,84.99,6,2008,120000,0,2026,6,9
송파구,잠실동,현대,84.68,5,1990,30000,150,2026,6,4
송파구,잠실동,리센츠,27.68,1,2008,2000,160,2026,6,8
송파구,잠실동,잠실엘스,84.8,5,2008,10000,390,2026,6,1
송파구,잠실동,레이크팰리스,136.74,7,2006,170000,0,2026,6,9
송파구,방이동,올림픽포레다움아파트,24.78,6,2023,31500,0,2026,6,8
송파구,잠실동,잠실엘타워,16.2435,12,2022,3522,11,2026,6,9
송파구,잠실동,잠실엘스,84.8,16,2008,140000,0,2026,6,3
송파구,잠실동,주공아파트 5단지,76.5,15,1978,47000,0,2026,6,5
송파구,문정동,올림픽훼밀리타운,136.325,10,1988,90000,100,2026,6,9
송파구,가락동,헬리오시티,59.96,1,2018,100000,0,2026,6,6
송파구,가락동,헬리오시티,84.98,3,2018,50000,280,2026,6,5
송파구,가락동,가락(1차)쌍용아파트,59.92,8,1997,48300,0,2026,6,3
송파구,잠실동,레이크팰리스,84.82,16,2006,20000,439,2026,6,5
송파구,잠실동,리센츠,84.99,5,2008,93000,0,2026,6,8
송파구,잠실동,아시아선수촌아파트,151.008,4,1986,141700,0,2026,6,4
송파구,가락동,헬리오시티,84.96,10,2018,120000,20,2026,6,9
송파구,가락동,헬리오시티,84.98,8,2018,80000,200,2026,6,9
송파구,잠실동,리센츠,84.99,5,2008,93000,0,2026,6,8
송파구,가락동,가락(1차)쌍용아파트,59.92,21,1997,20000,200,2026,6,4
송파구,문정동,올림픽훼밀리타운,136.325,15,1988,105000,0,2026,6,6
송파구,잠실동,잠실엘타워,16.2435,5,2022,3522,11,2026,6,8
송파구,신천동,장미2,82.45,7,1979,30000,210,2026,6,6
송파구,가락동,삼환,84.974,10,1984,1000,100,2026,6,1
송파구,거여동,쌍용스윗닷홈거여역1차,84.95,4,2006,66000,0,2026,6,4
송파구,잠실동,트리지움,59.88,7,2007,99500,0,2026,6,8
송파구,거여동,송파시그니처롯데캐슬,108.98,7,2021,90000,100,2026,6,6
송파구,거여동,거여5단지,59.74,11,1997,5000,150,2026,6,6
송파구,문정동,문정시영,46.26,7,1989,33000,0,2026,6,8
송파구,가락동,헬리오시티,59.96,11,2018,105000,0,2026,6,7
송파구,잠실동,잠실엘타워,16.2435,17,2022,3522,11,2026,6,8
송파구,가락동,동부센트레빌,115.93,11,2001,100000,0,2026,6,7
송파구,잠실동,트리지움,59.88,4,2007,80000,110,2026,6,6
송파구,거여동,e편한세상송파파크센트럴,84.96,11,2021,30000,260,2026,6,2
송파구,잠실동,우성아파트,96.65,10,1981,80000,0,2026,6,8
송파구,잠실동,아시아선수촌아파트,99.385,17,1986,117600,0,2026,6,5
송파구,삼전동,에이메스더리버송파,48.34,5,2018,47200,0,2026,6,6
송파구,잠실동,잠실엘스,59.96,4,2008,111000,0,2026,6,6
송파구,거여동,거여1단지,49.8,8,1997,50000,0,2026,6,7
송파구,잠실동,주공아파트 5단지,82.61,14,1978,5000,165,2026,6,5
송파구,송파동,송파파밀리에더퍼스트,45.7114,7,2023,20000,130,2026,6,4
송파구,문정동,문정시영,39.69,13,1989,3000,110,2026,6,1
송파구,방이동,올림픽선수기자촌3단지,163.44,9,1988,160000,0,2026,6,8
송파구,거여동,e편한세상송파파크센트럴,84.97,14,2021,20000,290,2026,6,6
송파구,거여동,송파위례리슈빌,111.5354,15,2021,91000,0,2026,6,7
송파구,방이동,올림픽선수기자촌2단지,83.06,6,1988,81900,0,2026,6,6
송파구,장지동,송파파인타운3단지,84.93,4,2008,42000,150,2026,6,8
송파구,신천동,파크리오,84.9,18,2008,120000,0,2026,6,7
송파구,방이동,올림픽선수기자촌2단지,135.99,11,1988,129150,0,2026,6,4
송파구,문정동,힐스테이트e편한세상문정,74.43,15,2024,35000,225,2026,6,6
송파구,장지동,힐스테이트송파위례,101.8,16,2016,100000,0,2026,6,8
송파구,문정동,힐스테이트e편한세상문정,59.94,8,2024,67200,0,2026,6,6
송파구,가락동,헬리오시티,84.98,26,2018,80000,200,2026,6,6
송파구,문정동,힐스테이트e편한세상문정,49.92,9,2024,60000,0,2026,6,8
송파구,장지동,송파파인타운7단지,84.94,11,2007,50000,160,2026,6,6
송파구,장지동,송파더센트레,59.85,1,2013,59800,0,2026,6,8
송파구,문정동,힐스테이트e편한세상문정,59.87,15,2024,60000,80,2026,6,6
송파구,오금동,에스아이팰리스송파올림픽공원,16.6,11,2021,21600,10,2026,6,7
송파구,잠실동,잠실엘타워,16.2435,24,2022,3522,11,2026,6,8
송파구,잠실동,잠실엘스,84.8,15,2008,125000,0,2026,6,6
송파구,풍납동,한강극동,59.26,3,1995,10000,148,2026,6,8
송파구,오금동,상아2차아파트,45.77,10,1988,32000,0,2026,6,6
송파구,풍납동,미성,116.97,1,1985,30000,120,2026,6,8
송파구,풍납동,송파해모로아파트,84.96,6,2006,76000,0,2026,6,5
송파구,가락동,삼환,84.974,12,1984,1000,100,2026,6,5
송파구,오금동,삼성,84.87,11,1989,80000,0,2026,6,6
송파구,가락동,헬리오시티,49.29,18,2018,20000,285,2026,6,2
송파구,풍납동,갑을,69.22,5,1996,29400,0,2026,6,6
송파구,거여동,송파레이크파크호반써밋Ⅰ,108.8119,8,2022,78000,0,2026,6,6
송파구,신천동,파크리오,121.63,14,2008,20000,450,2026,6,6
송파구,장지동,위례24단지(꿈에그린),51.77,2,2013,48000,48,2026,6,6
송파구,장지동,송파더센트레,59.96,17,2013,70000,0,2026,6,6
송파구,잠실동,주공아파트 5단지,76.5,4,1978,10000,148,2026,6,5
송파구,장지동,위례24단지(꿈에그린),84.96,14,2013,80850,0,2026,6,6
송파구,장지동,위례24단지(꿈에그린),59.63,20,2013,55900,0,2026,6,6
송파구,장지동,송파와이즈더샵,97.3992,7,2016,50000,160,2026,6,6
송파구,신천동,롯데캐슬골드,166.7,19,2005,170000,0,2026,6,3
송파구,방이동,올림픽선수기자촌2단지,83.06,16,1988,78750,0,2026,6,1
송파구,잠실동,우성아파트,96.65,10,1981,70000,0,2026,6,5
송파구,잠실동,리센츠,124.22,16,2008,197000,0,2026,6,5
송파구,잠실동,잠실엘스,84.8,15,2008,80000,200,2026,6,4
송파구,신천동,장미1,71.2,7,1979,62000,0,2026,6,5
송파구,신천동,파크리오,84.9,2,2008,107100,0,2026,6,3
송파구,송파동,2차한양아파트,108.68,2,1984,40000,80,2026,6,3
송파구,장지동,위례아이파크,114.8358,4,2015,97600,0,2026,6,5
송파구,송파동,트윈레이크팰리스빌,28.13,5,2018,29400,0,2026,6,4
송파구,신천동,장미1,71.2,10,1979,10000,240,2026,6,5
송파구,거여동,송파레이크파크호반써밋Ⅱ,138.8369,1,2022,50000,370,2026,6,4
송파구,신천동,파크리오,59.95,10,2008,63000,150,2026,6,3
송파구,장지동,위례포레샤인23단지,59.66,6,2017,38587,0,2026,6,5
송파구,거여동,거여4단지,39.6,9,1997,38000,0,2026,6,3
송파구,장지동,송파더센트레,59.85,8,2013,70000,0,2026,6,4
송파구,방이동,트리니엘,40.986,4,2021,38300,30,2026,6,3
송파구,거여동,e편한세상송파파크센트럴,84.96,16,2021,70000,80,2026,6,2
송파구,가락동,헬리오시티,49.21,7,2018,23654,30,2026,6,5
송파구,가락동,헬리오시티,84.95,11,2018,113400,0,2026,6,5
송파구,가락동,헬리오시티,39.1,18,2018,80000,0,2026,6,4
송파구,가락동,헬리오시티,84.99,14,2018,135000,0,2026,6,3
송파구,가락동,헬리오시티,84.99,3,2018,103000,80,2026,6,5
송파구,방이동,이스턴잠실,29.57,7,2020,32000,0,2026,6,4
송파구,잠실동,잠실엘스,84.8,16,2008,25000,360,2026,6,2
송파구,거여동,거여1단지,39.6,9,1997,40000,0,2026,6,5
송파구,잠실동,잠실엘스,84.8,8,2008,4000,430,2026,6,2
송파구,문정동,올림픽훼밀리타운,136.325,11,1988,125000,0,2026,6,4
송파구,가락동,헬리오시티,84.98,4,2018,50000,300,2026,6,4
송파구,신천동,한신잠실코아,64.08,15,1988,30000,95,2026,6,3
송파구,가락동,가락금호아파트,59.91,15,1997,72500,0,2026,6,3
송파구,가락동,가락금호아파트,59.91,3,1997,40000,80,2026,6,4
송파구,신천동,파크리오,59.64,25,2008,40000,215,2026,6,4
송파구,신천동,파크리오,84.79,13,2008,10000,235,2026,6,3
송파구,가락동,헬리오시티,49.21,11,2018,23654,30,2026,6,4
송파구,신천동,장미2,82.45,9,1979,50000,120,2026,6,4
송파구,풍납동,한강극동,59.26,9,1995,10000,159,2026,6,1
송파구,장지동,송파와이즈더샵,97.0896,3,2016,79800,0,2026,6,2
송파구,가락동,헬리오시티,110.66,6,2018,142800,0,2026,6,1
송파구,신천동,한신잠실코아,31.5,3,1988,29400,0,2026,6,3
송파구,장지동,위례24단지(꿈에그린),51.77,5,2013,53550,0,2026,6,2
송파구,장지동,송파더센트레,59.85,3,2013,70000,0,2026,6,4
송파구,잠실동,트리지움,84.83,24,2007,35000,269,2026,6,3
송파구,잠실동,리센츠,84.99,19,2008,70000,240,2026,6,3
송파구,잠실동,주공아파트 5단지,81.75,13,1978,35000,56,2026,6,4
송파구,신천동,파크리오,144.77,18,2008,140000,110,2026,6,3
송파구,풍납동,잠실올림픽공원아이파크,59.97,13,2019,75600,0,2026,6,3
송파구,잠실동,트리지움,84.83,10,2007,135000,0,2026,6,3
송파구,가락동,헬리오시티,84.95,3,2018,108150,0,2026,6,2
송파구,가락동,헬리오시티,49.29,18,2018,20000,285,2026,6,2
송파구,신천동,파크리오,84.79,22,2008,127000,0,2026,6,3
송파구,장지동,위례24단지(꿈에그린),59.63,18,2013,73000,0,2026,6,3
송파구,송파동,한양아파트,119.68,10,1983,87000,0,2026,6,2
송파구,잠실동,리센츠,84.99,3,2008,80000,210,2026,6,3
송파구,거여동,송파레이크파크호반써밋Ⅱ,108.8109,9,2022,120000,0,2026,6,2
송파구,방이동,올림픽선수기자촌2단지,100.31,8,1988,5000,360,2026,6,2
송파구,풍납동,현대리버빌2지구,84.97,18,1999,75000,0,2026,6,3
송파구,잠실동,트리지움,59.88,8,2007,70000,160,2026,6,3
송파구,문정동,힐스테이트e편한세상문정,59.94,4,2024,30000,205,2026,6,4
송파구,가락동,우성,58.46,1,1986,30000,90,2026,6,2
송파구,문정동,건영1,84.39,14,1996,53000,0,2026,6,3
송파구,신천동,파크리오,59.86,15,2008,88000,0,2026,6,3
송파구,오금동,리오파크빌,76.54,1,2003,35000,40,2026,6,3
송파구,신천동,한빛웰리스,147.55,17,1996,120000,0,2026,6,3
송파구,잠실동,잠실엘스,84.8,16,2008,40000,340,2026,6,4
송파구,거여동,송파시그니처롯데캐슬,59.98,2,2021,20000,240,2026,6,3
송파구,오금동,송파레미니스,84.94,16,2017,88000,0,2026,6,3
송파구,방이동,올림픽선수기자촌2단지,131.76,5,1988,113000,0,2026,6,1
송파구,장지동,송파파인타운5단지,84.93,17,2008,64000,0,2026,6,2
송파구,방이동,올림픽선수기자촌2단지,126.18,5,1988,80000,150,2026,6,2
송파구,방이동,올림픽카운티,38.22,6,2003,10000,70,2026,6,2
송파구,가락동,헬리오시티,110.66,30,2018,150000,60,2026,6,1
송파구,가락동,헬리오시티,99.6,14,2018,150000,0,2026,6,2
송파구,거여동,e편한세상송파파크센트럴,59.96,3,2021,80000,0,2026,6,1
송파구,거여동,e편한세상송파파크센트럴,84.96,12,2021,67000,16,2026,6,2
송파구,가락동,헬리오시티,39.1,17,2018,66100,0,2026,6,2
송파구,방이동,올림픽파크리움,26.665,17,2016,25074,18,2026,6,2
송파구,거여동,송파레이크파크호반써밋Ⅱ,108.0459,2,2022,85000,0,2026,6,2
송파구,거여동,e편한세상송파파크센트럴,59.96,19,2021,56000,0,2026,6,2
송파구,방이동,올림픽선수기자촌1단지,83.06,21,1988,73500,0,2026,6,1
송파구,거여동,송파레이크파크호반써밋Ⅰ,108.8119,2,2022,75000,0,2026,6,1
송파구,잠실동,리센츠,27.68,23,2008,30000,155,2026,6,1
송파구,잠실동,주공아파트 5단지,82.51,4,1978,63000,0,2026,6,1
송파구,잠실동,잠실엘스,84.8,26,2008,80000,215,2026,6,1
송파구,문정동,올림픽훼밀리타운,117.585,14,1988,10000,320,2026,6,1
송파구,풍납동,동아한가람1,84.38,11,1995,9337,159,2026,6,1
송파구,오금동,송파레미니스,49.55,12,2017,36750,0,2026,6,1
강동구,명일동,래미안솔베뉴,49.66,12,2019,50000,100,2026,6,12
강동구,상일동,고덕아르테온,59.96,7,2020,60197,0,2026,6,4
강동구,길동,강동헤리티지자이,45.795,2,2024,32000,40,2026,6,9
강동구,상일동,고덕아르테온,84.97,9,2020,73000,14,2026,6,6
강동구,상일동,고덕아르테온,59.96,4,2020,70000,0,2026,6,3
강동구,상일동,강동리엔파크14단지,17.81,3,2021,4080,16,2026,6,12
강동구,고덕동,래미안힐스테이트고덕,84.88,10,2016,50000,185,2026,6,12
강동구,강일동,강일리버파크3단지,59.88,1,2009,8809,16,2026,6,12
강동구,강일동,강일리버파크10단지,49.9,6,2009,6874,12,2026,6,12
강동구,길동,율전에버그린아파트,43.49,7,2016,28000,0,2026,6,12
강동구,암사동,선사현대아파트,58.68,13,2000,65000,0,2026,6,6
강동구,천호동,미사아름채아파트,12.995,9,2020,19500,20,2026,6,12
강동구,명일동,삼익그린11차,84.51,1,1986,30000,125,2026,6,2
강동구,강일동,강동리버스트4단지,59.99,6,2020,33600,0,2026,6,12
강동구,강일동,강동리버스트8단지,49.74,10,2021,5000,155,2026,6,12
강동구,길동,신동아4,42.44,8,1999,5000,135,2026,6,6
강동구,천호동,강동밀레니얼중흥S-클래스,47.8419,29,2024,3950,24,2026,6,12
강동구,상일동,강동리엔파크14단지,29.84,13,2021,8588,33,2026,6,12
강동구,암사동,롯데캐슬퍼스트,84.81,4,2008,10000,300,2026,6,6
강동구,명일동,삼익그린2차,54.81,3,1983,50000,0,2026,6,11
강동구,상일동,고덕자이,84.445,8,2021,95000,0,2026,6,11
강동구,암사동,선사현대아파트,59.64,8,2000,40000,100,2026,6,12
강동구,길동,희훈리치파크1,82.42,2,2002,8000,140,2026,6,12
강동구,암사동,롯데캐슬퍼스트,102.34,22,2008,94000,0,2026,6,5
강동구,둔촌동,프라자,83.4,11,1984,39900,0,2026,6,12
강동구,길동,강동큐브(2차),12.52,10,2013,8000,20,2026,6,6
강동구,성내동,올림픽파크한양수자인,84.88,8,2016,90000,0,2026,6,11
강동구,암사동,롯데캐슬퍼스트,112.11,30,2008,99500,0,2026,6,12
강동구,고덕동,배재현대,84.9,7,1995,62000,35,2026,6,11
강동구,강일동,강일리버파크10단지,59.7,6,2009,13379,0,2026,6,12
강동구,명일동,삼익그린2차,54.81,13,1983,49000,0,2026,6,3
강동구,천호동,동아하이빌아파트,59.98,12,2000,5000,137,2026,6,6
강동구,성내동,현대,59.36,4,1987,30450,0,2026,6,12
강동구,길동,길동우성,57.1,8,1994,35500,0,2026,6,9
강동구,천호동,래미안강동팰리스,84.97,38,2017,94000,0,2026,6,8
강동구,천호동,래미안강동팰리스,84.97,35,2017,5000,350,2026,6,1
강동구,고덕동,래미안힐스테이트고덕,59.35,16,2016,68000,0,2026,6,6
강동구,명일동,삼익그린2차,66.87,11,1983,15000,180,2026,6,6
강동구,고덕동,래미안힐스테이트고덕,84.88,11,2016,42000,200,2026,6,12
강동구,암사동,대송,69.59,5,2003,7000,160,2026,6,5
강동구,명일동,현대(명일),57.09,1,1988,58000,0,2026,6,11
강동구,상일동,고덕리엔파크3단지,114.98,12,2011,50820,0,2026,6,11
강동구,고덕동,고덕풍경채어바니티,84.15,12,2024,10500,0,2026,6,12
강동구,천호동,강동밀레니얼중흥S-클래스,47.4496,25,2024,3932,24,2026,6,12
강동구,명일동,고덕주공9,83.34,12,1985,68000,0,2026,6,11
강동구,길동,신동아4,42.44,3,1999,3500,130,2026,6,11
강동구,명일동,한양,106.64,12,1986,80000,0,2026,6,1
강동구,암사동,금정우리가,29.4676,6,2018,3000,103,2026,6,11
강동구,고덕동,고덕그라시움,59.785,11,2019,63000,0,2026,6,11
강동구,상일동,강동리엔파크14단지,29.84,1,2021,4294,42,2026,6,11
강동구,천호동,강동밀레니얼중흥S-클래스,47.4496,7,2024,3932,24,2026,6,11
강동구,상일동,푸르내,38.49,7,2020,11254,37,2026,6,11
강동구,상일동,강동리엔파크14단지,29.84,12,2021,8588,33,2026,6,11
강동구,길동,강동디아테온,59.9982,9,2026,72000,0,2026,6,11
강동구,천호동,천호역한강청년주택,14.07,6,2021,5447,36,2026,6,11
강동구,상일동,고덕자이,84.445,1,2021,85000,0,2026,6,6
강동구,암사동,삼성광나루,59.94,15,2002,60000,0,2026,6,6
강동구,명일동,동은,83.43,3,2004,35000,75,2026,6,10
강동구,상일동,강동리엔파크14단지,29.84,12,2021,5088,40,2026,6,11
강동구,상일동,강동리엔파크14단지,36.87,9,2021,10080,39,2026,6,10
강동구,상일동,강동리엔파크14단지,29.84,1,2021,8588,33,2026,6,11
강동구,암사동,선사현대아파트,83.67,11,2000,63000,0,2026,6,11
강동구,암사동,선사현대아파트,58.68,12,2000,60000,0,2026,6,11
강동구,천호동,천호역한강청년주택,19.67,12,2021,7457,48,2026,6,11
강동구,길동,강동큐브(2차),15.12,13,2013,1000,60,2026,6,10
강동구,길동,다성이즈빌,26.27,10,2021,33000,0,2026,6,9
강동구,천호동,래미안강동팰리스,59.98,33,2017,73500,0,2026,6,10
강동구,고덕동,고덕센트럴푸르지오,59.09,11,2020,20000,235,2026,6,10
강동구,강일동,힐스테이트리슈빌강일,101.3957,9,2023,85000,0,2026,6,10
강동구,상일동,고덕센트럴IPARK,59.99,19,2019,80000,0,2026,6,10
강동구,길동,강동큐브,12.49,12,2013,1000,55,2026,6,9
강동구,성내동,동영,68.02,3,2003,8000,80,2026,6,8
강동구,암사동,선사현대아파트,59.64,20,2000,52500,0,2026,6,10
강동구,고덕동,고덕그라시움,84.046,2,2019,88000,0,2026,6,6
강동구,천호동,우정아파트,59.94,5,1996,38000,0,2026,6,3
강동구,명일동,원일타워,14.25,4,2020,8000,40,2026,6,10
강동구,고덕동,래미안힐스테이트고덕,59.35,13,2016,20000,161,2026,6,10
강동구,상일동,강동리엔파크11단지,29.98,5,2021,8664,33,2026,6,10
강동구,길동,웅주아크로파크,105.61,3,2006,45000,0,2026,6,1
강동구,상일동,고덕아르테온,59.96,1,2020,65100,0,2026,6,10
강동구,둔촌동,올림픽파크포레온,84.98,29,2024,52000,320,2026,6,10
강동구,둔촌동,올림픽파크포레온,84.98,29,2024,52000,320,2026,6,10
강동구,상일동,푸르내,38.49,10,2020,11254,37,2026,6,10
강동구,길동,다성이즈빌(349-1),18.16,5,2012,10000,18,2026,6,6
강동구,명일동,한양,84.92,12,1986,57750,0,2026,6,6
강동구,상일동,고덕센트럴IPARK,59.99,13,2019,63000,0,2026,6,10
강동구,길동,강동LG자이,126.43,11,2003,73500,0,2026,6,9
강동구,천호동,광남벨라스2차아파트(53-32),84.92,5,2004,35700,9,2026,6,10
강동구,천호동,강동밀레니얼중흥S-클래스,47.4496,29,2024,3932,24,2026,6,10
강동구,천호동,하이브2,13.5,10,2013,6000,50,2026,6,6
강동구,강일동,강일리버파크7단지,84.53,14,2009,65000,0,2026,6,7
강동구,성내동,힐스테이트천호역젠트리스,84.8422,33,2024,105000,0,2026,6,8
강동구,상일동,고덕아르테온,59.98,7,2020,85000,0,2026,6,9
강동구,성내동,동일상가,104.82,4,1999,35000,0,2026,6,7
강동구,천호동,강동밀레니얼중흥S-클래스,47.8419,9,2024,3950,24,2026,6,10
강동구,천호동,집앤사스윗사이드아파트,14.02,5,2019,17000,20,2026,6,9
강동구,고덕동,배재현대,59.94,3,1995,47000,0,2026,6,6
강동구,길동,강동헤리티지자이,59.98,23,2024,79200,0,2026,6,5
강동구,상일동,고덕센트럴IPARK,59.91,19,2019,50000,110,2026,6,3
강동구,길동,다성이즈빌,15.96,20,2018,16350,7,2026,6,2
강동구,상일동,고덕아르테온,84.94,10,2020,93000,0,2026,6,6
강동구,성내동,올림픽파크한양수자인,59.55,4,2016,37208,0,2026,6,9
강동구,천호동,강동밀레니얼중흥S-클래스,47.8419,22,2024,3950,24,2026,6,9
강동구,길동,강동헤리티지자이,45.795,20,2024,44100,0,2026,6,6
강동구,길동,이편한세상강동에코포레,84.97,2,2020,63000,0,2026,6,7
강동구,암사동,금정우리가,29.4676,5,2018,25460,0,2026,6,8
강동구,명일동,삼환,84.92,17,1992,52500,0,2026,6,9
강동구,상일동,고덕아르테온,114.86,4,2020,135000,0,2026,6,3
강동구,고덕동,대우,96,7,1986,8000,150,2026,6,6
강동구,강일동,강동리버스트7단지,59.95,14,2021,33075,0,2026,6,9
강동구,명일동,삼익그린2차,54.81,5,1983,39900,0,2026,6,9
강동구,천호동,강동밀레니얼중흥S-클래스,47.4496,18,2024,3932,24,2026,6,9
강동구,명일동,명일우성,84.93,8,1986,70000,0,2026,6,6
강동구,암사동,선사현대아파트,82.94,24,2000,33000,160,2026,6,3
강동구,명일동,삼익그린2차,42.93,15,1983,26200,0,2026,6,6
강동구,명일동,삼익그린2차,66.87,2,1983,55000,0,2026,6,9
강동구,상일동,고덕아르테온,84.97,12,2020,95000,0,2026,6,5
강동구,강일동,고덕리엔파크2단지,84.87,12,2011,35518,0,2026,6,9
강동구,길동,다성이즈빌(349-1),18.16,5,2012,10000,18,2026,6,6
강동구,강일동,강동리버스트7단지,29.35,3,2021,811,21,2026,6,9
강동구,천호동,미사아름채아파트,12.62,6,2020,17000,23,2026,6,9
강동구,명일동,래미안솔베뉴,59.11,2,2019,50930,0,2026,6,2
강동구,상일동,고덕리엔파크3단지,84.96,3,2011,40000,120,2026,6,8
강동구,암사동,롯데캐슬퍼스트,59.99,10,2008,70000,0,2026,6,3
강동구,강일동,강동리버스트4단지,59.99,11,2020,10000,159,2026,6,3
강동구,천호동,래미안강동팰리스,84.97,11,2017,84000,0,2026,6,2
강동구,둔촌동,올림픽파크포레온,39.95,33,2024,85000,0,2026,6,6
강동구,길동,강동헤리티지자이,45.795,8,2024,46000,0,2026,6,4
강동구,길동,강동헤리티지자이,74.974,19,2024,90000,0,2026,6,5
강동구,천호동,천호엘크루,141.65,10,2008,74500,0,2026,6,5
강동구,성내동,힐스테이트천호역젠트리스,84.9482,7,2024,95000,0,2026,6,7
강동구,암사동,선사현대아파트,59.64,10,2000,47250,0,2026,6,6
강동구,암사동,힐스테이트 강동 리버뷰,84.9628,8,2019,54600,0,2026,6,8
강동구,상일동,고덕아르테온,84.95,22,2020,55000,160,2026,6,8
강동구,고덕동,래미안힐스테이트고덕,84.88,6,2016,69600,0,2026,6,6
강동구,길동,강동헤리티지자이,74.974,10,2024,41000,0,2026,6,6
강동구,암사동,동양넥스빌,84.68,10,1999,48000,0,2026,6,8
강동구,명일동,고덕주공9,83.52,4,1985,45000,0,2026,6,6
강동구,고덕동,고덕그라시움,59.785,4,2019,83000,0,2026,6,6
강동구,암사동,선사현대아파트,59.64,12,2000,63000,0,2026,6,5
강동구,명일동,한양,119.37,12,1986,78000,0,2026,6,8
강동구,상일동,고덕자이,52.9662,8,2021,52500,0,2026,6,6
강동구,길동,예전이룸1차,76.57,4,2004,50000,0,2026,6,6
강동구,암사동,롯데캐슬퍼스트,59.99,18,2008,80000,0,2026,6,6
강동구,성내동,올림픽파크한양수자인,59.55,14,2016,80000,0,2026,6,6
강동구,강일동,힐스테이트리슈빌강일,101.7074,10,2023,42000,105,2026,6,6
강동구,고덕동,고덕그라시움,84.244,22,2019,87000,0,2026,6,6
강동구,상일동,고덕자이,59.9398,14,2021,60000,80,2026,6,6
강동구,상일동,중앙하이츠,59.94,3,1992,50000,0,2026,6,6
강동구,명일동,고덕주공9,83.52,13,1985,45150,0,2026,6,6
강동구,명일동,고덕주공9,83.34,1,1985,43050,0,2026,6,6
강동구,성내동,올림픽파크한양수자인,59.55,16,2016,56000,100,2026,6,5
강동구,고덕동,래미안힐스테이트고덕,97.26,26,2016,120000,0,2026,6,6
강동구,천호동,로데오팰리스,14.41,14,2022,1000,90,2026,6,6
강동구,둔촌동,현대2,79.79,6,1988,40900,0,2026,6,6
강동구,강일동,힐스테이트리슈빌강일,84.6921,4,2023,52500,0,2026,6,7
강동구,천호동,강동밀레니얼중흥S-클래스,84.2711,38,2024,20000,240,2026,6,6
강동구,암사동,선사현대아파트,82.94,23,2000,10000,250,2026,6,3
강동구,천호동,미사아름채아파트,12.565,10,2020,19000,20,2026,6,6
강동구,천호동,현대코아아파트,79.98,22,1999,54600,0,2026,6,3
강동구,길동,강동헤리티지자이,59.98,15,2024,55650,0,2026,6,5
강동구,명일동,삼익그린2차,66.87,2,1983,42000,0,2026,6,5
강동구,천호동,베스트빌,118.9,3,2002,50000,60,2026,6,5
강동구,강일동,강동리버스트8단지,39.41,14,2021,6092,11,2026,6,5
강동구,천호동,어바니엘,13.4433,11,2019,1000,68,2026,6,5
강동구,강일동,강동리버스트7단지,59.92,19,2021,33600,0,2026,6,5
강동구,고덕동,아남1,84.91,18,1996,55000,0,2026,6,4
강동구,상일동,고덕센트럴IPARK,59.97,11,2019,48600,0,2026,6,3
강동구,천호동,강변그대가리버뷰,84.99,12,2007,63000,0,2026,6,2
강동구,고덕동,고덕그라시움,59.785,18,2019,68000,0,2026,6,5
강동구,고덕동,고덕풍경채어바니티,101.27,5,2024,62000,0,2026,6,2
강동구,천호동,어바니엘,13.4433,16,2019,1000,71,2026,6,4
강동구,명일동,고덕주공9,83.52,15,1985,42000,0,2026,6,5
강동구,상일동,고덕롯데캐슬베네루체,59.981,10,2019,5000,211,2026,6,2
강동구,명일동,명일지에스아파트,84.9,17,1999,25000,83,2026,6,4
강동구,암사동,힐스테이트 강동 리버뷰,59.8917,22,2019,36750,0,2026,6,4
강동구,천호동,래미안강동팰리스,84.97,25,2017,97000,0,2026,6,4
강동구,길동,강동헤리티지자이,59.98,23,2024,55000,0,2026,6,4
강동구,명일동,고덕주공9,83.52,4,1985,69000,0,2026,6,3
강동구,길동,이편한세상강동에코포레,59.97,8,2020,46000,0,2026,6,4
강동구,길동,현대웰하임(201동),13.773,5,2012,1000,44,2026,6,4
강동구,고덕동,고덕그라시움,59.785,7,2019,30000,130,2026,6,4
강동구,천호동,로데오팰리스,15.69,16,2022,1000,95,2026,6,3
강동구,명일동,삼익가든,146.54,5,1984,60000,0,2026,6,4
강동구,상일동,고덕자이,59.9398,10,2021,45000,90,2026,6,2
강동구,상일동,고덕아르테온,84.97,12,2020,50000,190,2026,6,4
강동구,천호동,집앤사스윗사이드아파트,14.02,5,2019,17000,20,2026,6,3
강동구,암사동,롯데캐슬퍼스트,112.11,20,2008,81000,0,2026,6,3
강동구,고덕동,래미안힐스테이트고덕,59.23,14,2016,50000,120,2026,6,2
강동구,길동,백천이스트하임,17.39,3,2012,11000,9,2026,6,4
강동구,천호동,미사아름채아파트,12.995,5,2020,20700,0,2026,6,2
강동구,길동,이편한세상강동에코포레,59.97,15,2020,52500,0,2026,6,3
강동구,명일동,삼익그린2차,66.87,2,1983,60000,0,2026,6,3
강동구,고덕동,래미안힐스테이트고덕,84.88,25,2016,105000,0,2026,6,2
강동구,상일동,고덕아르테온,84.97,18,2020,70000,80,2026,6,1
강동구,고덕동,고덕그라시움,84.244,23,2019,110000,0,2026,6,3
강동구,길동,강동헤리티지자이,84.977,24,2024,55000,0,2026,6,2
강동구,길동,청광플러스원큐브3차,13.265,8,2014,2500,45,2026,6,3
강동구,성내동,둔촌역청구,59.87,6,1999,47000,0,2026,6,3
강동구,상일동,고덕아르테온,84.95,6,2020,70000,130,2026,6,3
강동구,상일동,고덕센트럴IPARK,59.97,20,2019,80000,0,2026,6,4
강동구,암사동,힐스테이트 강동 리버뷰,84.9979,10,2019,85000,0,2026,6,3
강동구,강일동,강동리버스트4단지,29.44,3,2020,3798,9,2026,6,2
강동구,고덕동,고덕그라시움,59.785,7,2019,62000,0,2026,6,2
강동구,강일동,강일리버파크9단지,114.81,1,2009,42840,0,2026,6,2
강동구,암사동,롯데캐슬퍼스트,84.98,24,2008,10000,280,2026,6,2
강동구,암사동,선사현대아파트,82.94,23,2000,45000,70,2026,6,2
강동구,강일동,강일리버파크3단지,84.74,7,2009,65000,0,2026,6,2
강동구,고덕동,고덕센트럴푸르지오,59.09,25,2020,79000,0,2026,6,2
강동구,고덕동,고덕그라시움,73.873,15,2019,90000,0,2026,6,2
강동구,암사동,롯데캐슬퍼스트,59.99,19,2008,10000,275,2026,6,2
강동구,길동,다성이즈빌,20.85,11,2018,20000,16,2026,6,2
강동구,강일동,강동리버스트8단지,39.41,18,2021,6092,11,2026,6,1
강동구,상일동,고덕센트럴IPARK,59.97,2,2019,13108,45,2026,6,1
강동구,길동,강동LG자이,126.43,13,2003,78750,0,2026,6,1
강동구,강일동,강일리버파크5단지,49.87,2,2009,1870,32,2026,6,1
강동구,길동,강동헤리티지자이,74.974,20,2024,15000,300,2026,6,1
강동구,강일동,강동리버스트4단지,59.99,4,2020,33600,0,2026,6,1
강동구,성내동,올림픽파크한양수자인,84.88,8,2016,95000,0,2026,6,1
강동구,천호동,유원아파트,55.98,14,1997,4630,97,2026,6,1
강동구,길동,다성이즈빌,23.39,9,2018,23800,20,2026,6,1
강동구,상일동,강동리엔파크14단지,36.87,6,2021,4185,31,2026,6,1
