구,법정동,아파트명,전용면적,층,건축년도,보증금,월세,년,월,일
종로구,숭인동,블루빌,42.25,5,2017,25000,0,2026,4,15
종로구,명륜1가,방산아파트,32.53,2,1995,1000,100,2026,4,1
종로구,평창동,롯데낙천대,84.82,11,2001,72000,0,2026,4,4
종로구,내수동,경희궁파크팰리스,146.39,15,2003,150000,0,2026,4,13
종로구,내수동,경희궁의아침4단지,124.17,6,2004,60000,280,2026,4,30
종로구,숭인동,종로중흥S클래스,19.466,16,2013,500,75,2026,4,16
종로구,익선동,현대뜨레비앙,45.5,7,2003,24000,30,2026,4,24
종로구,숭인동,삼전솔하임4차,15.09,12,2014,1000,60,2026,4,10
종로구,사직동,광화문스페이스본(101동~105동),146.92,6,2008,2000,450,2026,4,24
종로구,홍파동,경희궁자이(2단지),59.8547,6,2017,69500,0,2026,4,17
종로구,익선동,현대뜨레비앙,48.54,2,2003,1000,100,2026,4,14
종로구,창신동,창신쌍용1,54.7,10,1992,47000,0,2026,4,9
종로구,창신동,두산,59.95,17,1999,41500,0,2026,4,25
종로구,숭인동,에비뉴청계Ⅱ,17.36,14,2025,1000,100,2026,4,25
종로구,사직동,광화문스페이스본(101동~105동),70.8,7,2008,20000,220,2026,4,6
종로구,효제동,포레스트힐시티,16.672,9,2017,500,90,2026,4,22
종로구,사직동,광화문스페이스본(101동~105동),108.55,1,2008,50000,220,2026,4,18
종로구,인의동,효성쥬얼리시티,103.62,7,2006,40000,200,2026,4,15
종로구,내수동,경희궁의아침3단지,150.48,10,2004,170000,0,2026,4,15
종로구,효제동,이지마루종로,20.87,16,2021,1000,145,2026,4,30
종로구,홍파동,경희궁자이(2단지),84.9339,5,2017,125000,0,2026,4,20
종로구,충신동,힐스테이트창경궁,63.09,7,2022,5000,240,2026,4,16
종로구,홍파동,경희궁자이(2단지),84.614,20,2017,130000,0,2026,4,26
종로구,홍파동,경희궁자이(2단지),59.895,7,2017,60000,160,2026,4,6
종로구,교북동,경희궁자이(4단지),45.879,11,2017,10000,250,2026,4,30
종로구,숭인동,블루버드숭인,28.21,11,2023,30000,15,2026,4,22
종로구,홍파동,경희궁자이(2단지),84.614,4,2017,112000,0,2026,4,30
종로구,사직동,광화문스페이스본(101동~105동),70.8,11,2008,10000,280,2026,4,15
종로구,낙원동,낙원,65.92,14,1968,3000,150,2026,4,18
종로구,홍파동,경희궁자이(2단지),84.9443,13,2017,20000,440,2026,4,16
종로구,창신동,덕산,59.28,4,1999,25000,0,2026,4,1
종로구,명륜2가,명륜동주상복합아남아파트,59.36,2,1999,45000,0,2026,4,12
종로구,홍파동,경희궁자이(2단지),84.614,20,2017,130000,0,2026,4,26
종로구,숭인동,종로유케이201,12.01,8,2013,500,55,2026,4,23
종로구,숭인동,블루버드숭인,27.3,14,2023,30000,30,2026,4,5
종로구,당주동,롯데미도파광화문빌딩,93.36,10,1981,10000,175,2026,4,2
종로구,교북동,동아,59.98,1,1995,48000,0,2026,4,30
종로구,평동,경희궁자이(3단지),116.9383,8,2017,160000,0,2026,4,14
종로구,숭인동,블루버드숭인,28.21,11,2023,30000,20,2026,4,29
종로구,홍파동,경희궁자이(2단지),84.614,12,2017,70000,170,2026,4,18
종로구,숭인동,종로동광모닝스카이,15.855,11,2013,500,68,2026,4,22
종로구,숭인동,할리우드파크아파트,68.77,2,2014,32500,0,2026,4,16
종로구,무악동,현대,114.9,16,2000,81000,0,2026,4,28
종로구,무악동,현대,84.92,20,2000,73000,0,2026,4,25
종로구,효제동,이지마루종로,19.31,9,2021,2000,120,2026,4,28
종로구,홍파동,경희궁자이(2단지),77.9737,17,2017,90000,100,2026,4,25
종로구,무악동,현대,84.92,18,2000,10000,232,2026,4,4
종로구,무악동,현대,114.9,17,2000,10000,300,2026,4,3
종로구,숭인동,청계로벤하임,29.797,5,2023,6398,10,2026,4,23
종로구,창신동,두산,59.95,3,1999,7000,145,2026,4,15
종로구,숭인동,영하우스,16.59,12,2015,2000,51,2026,4,27
종로구,창신동,창신쌍용1,54.7,2,1992,36000,0,2026,4,26
종로구,창신동,창신쌍용2,106.62,12,1993,65000,0,2026,4,13
종로구,숭인동,에비뉴청계Ⅰ,24.52,8,2023,5000,150,2026,4,13
종로구,창신동,창신쌍용2,106.62,12,1993,65000,0,2026,4,13
종로구,교북동,경희궁자이(4단지),45.879,16,2017,67000,0,2026,4,20
종로구,숭인동,익성씨티하임,15.76,10,2013,9500,15,2026,4,16
종로구,평동,경희궁자이(3단지),59.8547,5,2017,50000,200,2026,4,23
종로구,내수동,경희궁파크팰리스,146.33,3,2003,128000,0,2026,4,18
종로구,평창동,벽산블루밍평창힐스,150.83,2,2004,100000,0,2026,4,18
종로구,홍파동,경희궁자이(2단지),84.9895,10,2017,40000,290,2026,4,21
종로구,평동,경희궁자이(3단지),116.9383,9,2017,180000,0,2026,4,18
종로구,행촌동,경희궁자이(1단지),39.0561,12,2017,11746,64,2026,4,20
종로구,숭인동,숭인한양LEEPS,12.78,3,2014,3000,55,2026,4,9
종로구,명륜2가,명륜동주상복합아남아파트,47.43,5,1999,5000,140,2026,4,20
종로구,효제동,포레스트힐시티,20.3861,6,2017,3000,85,2026,4,13
종로구,무악동,현대,84.92,12,2000,69000,0,2026,4,18
종로구,인의동,효성쥬얼리시티,84.64,13,2006,7000,250,2026,4,17
종로구,효제동,이지마루종로,26.65,6,2021,25000,35,2026,4,16
종로구,홍파동,경희궁자이(2단지),84.8359,1,2017,133000,0,2026,4,18
종로구,홍파동,경희궁자이(2단지),84.8359,19,2017,135000,0,2026,4,15
종로구,명륜2가,아남1,84.9,3,1995,77000,0,2026,4,18
종로구,인의동,효성쥬얼리시티,98.39,11,2006,10000,250,2026,4,17
종로구,숭인동,숭인모범103동,59.74,3,2000,26000,10,2026,4,17
종로구,창신동,동대문,28.8,6,1966,0,50,2026,4,10
종로구,평창동,롯데낙천대,110.53,6,2001,70000,0,2026,4,16
종로구,숭인동,숭인한양LEEPS,12.78,3,2014,8000,15,2026,4,8
종로구,효제동,포레스트힐시티,16.672,4,2017,1000,77,2026,4,9
종로구,사직동,광화문스페이스본(101동~105동),70.8,3,2008,80000,0,2026,4,2
종로구,낙원동,삼일주택,13.86,5,2013,1000,50,2026,4,7
종로구,무악동,인왕산아이파크,84.858,6,2008,73000,13,2026,4,11
종로구,교북동,경희궁자이(4단지),37.2635,14,2017,10000,200,2026,4,10
종로구,당주동,세종,93.4,6,1983,52500,0,2026,4,13
종로구,명륜2가,아남1,84.9,8,1995,60000,80,2026,4,11
종로구,인의동,효성쥬얼리시티,92.81,15,2006,73500,0,2026,4,13
종로구,명륜2가,아남1,84.9,2,1995,60000,0,2026,4,11
종로구,창신동,창신쌍용1,54.7,10,1992,47000,0,2026,4,9
종로구,숭인동,동일상가,51.06,4,1971,10000,0,2026,4,2
종로구,사직동,광화문스페이스본(101동~105동),70.8,3,2008,80000,0,2026,4,2
종로구,홍파동,경희궁자이(2단지),84.8359,21,2017,90000,160,2026,4,8
종로구,창신동,동대문맨션,89.55,9,1973,27000,0,2026,4,9
종로구,연건동,이화에수풀,16.98,5,2014,1000,85,2026,4,1
종로구,숭인동,COZY빌딩,15.306,7,2013,2000,60,2026,4,9
종로구,명륜2가,아남1,84.9,1,1995,75000,0,2026,4,9
종로구,평창동,롯데낙천대,84.82,11,2001,72000,0,2026,4,4
종로구,익선동,운현신화타워,57.18,14,1998,1000,70,2026,4,8
종로구,평동,경희궁자이(3단지),59.7547,8,2017,60000,160,2026,4,7
종로구,홍파동,경희궁자이(2단지),84.614,10,2017,120000,0,2026,4,6
종로구,무악동,인왕산아이파크,84.858,17,2008,80000,0,2026,4,4
종로구,숭인동,숭인모범102동,59.8,3,2000,24000,15,2026,4,6
종로구,창신동,창신쌍용1,79.87,7,1992,53000,0,2026,4,4
종로구,숭인동,숭인모범102동,59.32,1,2000,15000,10,2026,4,6
종로구,창신동,창신쌍용1,54.7,3,1992,34650,0,2026,4,6
종로구,평창동,일성빌라트,59.82,2,1996,38000,0,2026,4,4
중구,중림동,삼성사이버빌리지,59.7,18,2001,73000,0,2026,4,27
중구,신당동,남산타운,59.94,6,2002,62500,0,2026,4,18
중구,신당동,현대,83.97,3,1993,46000,0,2026,4,25
중구,묵정동,힐스테이트남산,29.61,2,2024,42000,0,2026,4,1
중구,만리동2가,서울역센트럴자이,59.943,2,2017,85000,0,2026,4,4
중구,신당동,남산타운,59.94,8,2002,5000,179,2026,4,7
중구,신당동,남산타운,59.94,3,2002,60000,0,2026,4,24
중구,신당동,신당파인힐하나유보라,24.3931,15,2019,1028,74,2026,4,25
중구,순화동,덕수궁롯데캐슬,116.5445,17,2016,10000,600,2026,4,28
중구,흥인동,위더스하임,23.82,8,2018,26700,0,2026,4,15
중구,을지로5가,삼성파크빌,84.92,9,2006,56700,0,2026,4,25
중구,만리동2가,서울역센트럴자이,84.972,5,2017,6500,326,2026,4,22
중구,흥인동,동대문솔하임,17.67,14,2016,1000,90,2026,4,21
중구,황학동,롯데캐슬,84.9,28,2008,15000,220,2026,4,9
중구,충무로5가,이지마루충무로,27.8,10,2020,24600,20,2026,4,27
중구,묵정동,힐스테이트남산,44.55,1,2024,5000,240,2026,4,16
중구,신당동,남산타운,84.88,7,2002,15000,223,2026,4,17
중구,만리동2가,서울역센트럴자이,59.943,14,2017,63200,0,2026,4,30
중구,장충동2가,장충,62.48,1,1981,10000,40,2026,4,28
중구,흥인동,리마크빌동대문,25.99,4,2016,1500,104,2026,4,29
중구,중림동,삼성사이버빌리지,114.77,5,2001,20000,300,2026,4,22
중구,입정동,힐스테이트세운센트럴2단지,49.7623,12,2023,5000,320,2026,4,30
중구,신당동,남산타운,59.94,3,2002,5000,200,2026,4,15
중구,충무로5가,충무로헤센스마트,21.04,4,2018,1000,115,2026,4,25
중구,신당동,래미안하이베르,59.74,9,2011,63000,0,2026,4,29
중구,신당동,삼성,59.97,18,1999,54500,0,2026,4,6
중구,묵정동,힐스테이트남산,44.55,6,2024,3000,240,2026,4,30
중구,인현동2가,세운푸르지오헤리시티,29.4564,26,2023,3000,130,2026,4,22
중구,만리동2가,서울역센트럴자이,59.943,17,2017,75600,0,2026,4,25
중구,묵정동,힐스테이트남산,46.65,4,2024,5000,270,2026,4,29
중구,황학동,동광팰리스,16.61,7,2018,1000,56,2026,4,25
중구,신당동,신당파인힐하나유보라,24.3931,5,2019,1028,74,2026,4,2
중구,만리동1가,LIG서울역리가,84.9866,14,2012,65000,60,2026,4,10
중구,중림동,삼성사이버빌리지,59.7,18,2001,73000,0,2026,4,27
중구,입정동,힐스테이트세운센트럴2단지,42.998,9,2023,5000,220,2026,4,23
중구,신당동,삼성,59.97,17,1999,44900,0,2026,4,2
중구,신당동,신당파인힐하나유보라,24.3931,5,2019,1028,74,2026,4,25
중구,흥인동,청계천두산위브더제니스,124.2102,13,2014,70000,220,2026,4,29
중구,신당동,남산정은스카이,84.841,13,2005,6000,220,2026,4,20
중구,신당동,도현블랑빌,84.84,1,2001,5000,350,2026,4,29
중구,만리동2가,서울역센트럴자이,59.943,2,2017,85000,0,2026,4,4
중구,인현동2가,세운푸르지오헤리시티,28.4064,13,2023,2000,153,2026,4,15
중구,오장동,정석그라시아,37.13,14,2019,100,63,2026,4,16
중구,신당동,남산타운,59.94,15,2002,52000,0,2026,4,25
중구,충무로4가,진양상가,71.93,9,1970,5000,140,2026,4,18
중구,신당동,신당파인힐하나유보라,24.3931,8,2019,1028,74,2026,4,6
중구,신당동,남산타운,84.88,10,2002,10000,280,2026,4,20
중구,신당동,남산타운,114.88,15,2002,25500,130,2026,4,29
중구,신당동,약수하이츠,57.63,1,1999,29000,78,2026,4,18
중구,신당동,약수하이츠,57.63,14,1999,44000,0,2026,4,25
중구,흥인동,동대문와이즈캐슬,16.55,15,2014,1000,75,2026,4,23
중구,신당동,신당푸르지오,59.85,18,2005,10000,200,2026,4,17
중구,황학동,롯데캐슬,59.91,8,2008,55000,0,2026,4,11
중구,흥인동,동대문와이즈캐슬,15.55,9,2014,1000,75,2026,4,28
중구,신당동,래미안하이베르,84.85,12,2011,5000,300,2026,4,20
중구,입정동,힐스테이트세운센트럴2단지,49.9902,15,2023,10000,270,2026,4,14
중구,만리동1가,LIG서울역리가,84.9866,6,2012,30000,250,2026,4,25
중구,입정동,힐스테이트세운센트럴2단지,42.998,20,2023,15000,124,2026,4,7
중구,순화동,덕수궁롯데캐슬,42.3686,6,2016,2000,173,2026,4,16
중구,중림동,브라운스톤서울,112.527,18,2006,50000,188,2026,4,24
중구,오장동,오렌지카운티을지로,14.54,9,2020,5000,75,2026,4,25
중구,순화동,순화동더샵,77.85,17,2007,5000,350,2026,4,14
중구,신당동,약수역더시티,18.86,6,2021,7000,80,2026,4,4
중구,신당동,남산타운,114.88,17,2002,15000,296,2026,4,23
중구,신당동,약수하이츠,84.88,3,1999,68000,0,2026,4,18
중구,신당동,신당파인힐하나유보라,24.3931,6,2019,1028,74,2026,4,16
중구,오장동,정석그라시아,18.13,9,2019,100,32,2026,4,14
중구,신당동,남산타운,59.94,9,2002,10000,200,2026,4,27
중구,신당동,남산타운,59.94,17,2002,62000,0,2026,4,25
중구,입정동,힐스테이트세운센트럴1단지,59.6641,14,2023,95000,0,2026,4,23
중구,신당동,래미안하이베르,84.97,1,2011,60000,0,2026,4,30
중구,인현동2가,세운푸르지오헤리시티,24.5533,8,2023,2000,145,2026,4,7
중구,광희동1가,광희동1가166외7필지청년주택신축,14.72,18,2023,9510,33,2026,4,8
중구,만리동2가,서울역센트럴자이,59.943,2,2017,83000,0,2026,4,25
중구,신당동,신당아르브,18.08,7,2014,1000,80,2026,4,25
중구,오장동,오장동오팰리오,22.31,13,2021,22000,53,2026,4,29
중구,황학동,DUO302,15.97,6,2014,4000,60,2026,4,14
중구,인현동2가,세운푸르지오헤리시티,28.4064,14,2023,3000,140,2026,4,24
중구,충무로4가,남산센트럴자이,80.473,15,2009,20000,250,2026,4,7
중구,흥인동,동대문와이즈캐슬,15.55,15,2014,2000,50,2026,4,15
중구,만리동1가,서울역디오빌,73.86,14,2005,67000,0,2026,4,19
중구,충무로5가,충무로헤센스마트,21.04,2,2018,23500,0,2026,4,25
중구,신당동,약수하이츠,57.63,10,1999,3000,195,2026,4,24
중구,묵정동,힐스테이트남산,29.17,4,2024,500,250,2026,4,29
중구,신당동,래미안하이베르,59.74,3,2011,10000,167,2026,4,30
중구,만리동2가,서울역센트럴자이,59.943,18,2017,5000,320,2026,4,30
중구,충무로5가,충무로엘크루메크로시티2차,22.75,5,2016,10000,50,2026,4,27
중구,입정동,힐스테이트세운센트럴1단지,41.4983,11,2023,5000,250,2026,4,11
중구,만리동2가,서울역센트럴자이,84.972,15,2017,5000,400,2026,4,30
중구,인현동2가,세운푸르지오헤리시티,40.7637,20,2023,5000,235,2026,4,4
중구,신당동,남산타운,84.88,13,2002,63000,0,2026,4,28
중구,신당동,남산타운,59.94,4,2002,57000,0,2026,4,18
중구,오장동,오장동오팰리오,22.31,13,2021,24800,38,2026,4,29
중구,신당동,청구e편한세상,84.96,15,2011,50000,120,2026,4,20
중구,흥인동,우일타운,84.87,17,1994,5000,180,2026,4,20
중구,황학동,롯데캐슬,84.92,17,2008,40000,130,2026,4,29
중구,만리동2가,서울역센트럴자이,84.9918,7,2017,25000,183,2026,4,29
중구,만리동2가,서울역센트럴자이,84.972,21,2017,84000,80,2026,4,25
중구,신당동,남산타운,59.94,6,2002,62500,0,2026,4,18
중구,인현동2가,인현상가/신성아파트,80.26,7,1968,27000,0,2026,4,27
중구,신당동,남산타운,59.94,12,2002,10000,225,2026,4,17
중구,신당동,남산타운,84.88,16,2002,55000,52,2026,4,25
중구,흥인동,위더스하임,23.82,10,2018,3000,130,2026,4,27
중구,묵정동,힐스테이트남산,39.76,4,2024,46200,0,2026,4,28
중구,인현동2가,인현상가/신성아파트,48.56,10,1968,3000,46,2026,4,28
중구,입정동,힐스테이트세운센트럴2단지,49.9753,6,2023,20000,220,2026,4,28
중구,신당동,삼성,59.98,3,1999,60000,0,2026,4,2
중구,신당동,남산타운,114.88,16,2002,87000,0,2026,4,3
중구,신당동,래미안하이베르,84.97,10,2011,50000,120,2026,4,25
중구,충무로4가,진양상가,107.9,8,1970,40000,0,2026,4,20
중구,입정동,힐스테이트세운센트럴2단지,49.9619,23,2023,68000,0,2026,4,23
중구,황학동,위너빌(Winnervill),29.87,8,2018,26000,7,2026,4,27
중구,만리동2가,서울역센트럴자이,84.9918,9,2017,15000,330,2026,4,25
중구,신당동,래미안하이베르,84.98,8,2011,60000,53,2026,4,10
중구,신당동,래미안하이베르,84.98,8,2011,60000,53,2026,4,10
중구,신당동,약수역더시티,19.06,5,2021,1000,110,2026,4,24
중구,회현동2가,쌍용남산플래티넘,177,11,2010,5000,500,2026,4,11
중구,흥인동,리마크빌동대문,24.96,18,2016,1000,98,2026,4,22
중구,입정동,힐스테이트세운센트럴2단지,49.9902,20,2023,5000,300,2026,4,9
중구,만리동2가,서울역센트럴자이,84.9918,19,2017,1000,90,2026,4,1
중구,묵정동,힐스테이트남산,44.55,1,2024,55000,0,2026,4,25
중구,황학동,위너빌(Winnervill),23.91,4,2018,21000,0,2026,4,26
중구,신당동,청구e편한세상,84.95,14,2011,30000,168,2026,4,3
중구,신당동,남산타운,114.88,17,2002,24000,194,2026,4,25
중구,인현동2가,세운푸르지오헤리시티,28.4064,11,2023,3000,140,2026,4,3
중구,만리동2가,서울역센트럴자이,84.9918,10,2017,73000,0,2026,4,25
중구,신당동,신당푸르지오,145.1,7,2005,103000,0,2026,4,24
중구,신당동,신당푸르지오,84.76,3,2005,20000,210,2026,4,18
중구,신당동,한진해모로,59.76,5,2001,58000,0,2026,4,24
중구,남대문로5가,남산트라팰리스,142.23,36,2010,0,770,2026,4,3
중구,황학동,DUO302,15.97,11,2014,3000,63,2026,4,24
중구,황학동,한양I-Class,16.37,13,2013,7000,45,2026,4,24
중구,만리동2가,서울역센트럴자이,72.9733,11,2017,35000,200,2026,4,15
중구,묵정동,묵정,52.46,7,1981,29700,0,2026,4,23
중구,신당동,청구e편한세상,84.95,2,2011,85000,0,2026,4,6
중구,중림동,삼성사이버빌리지,114.77,13,2001,93000,0,2026,4,11
중구,입정동,힐스테이트세운센트럴2단지,42.998,25,2023,5000,240,2026,4,23
중구,중림동,삼성사이버빌리지,114.77,5,2001,20000,300,2026,4,22
중구,황학동,황학아크로타워,84.962,14,2010,83000,0,2026,4,23
중구,만리동1가,서울역디오빌,73.86,14,2005,67000,0,2026,4,19
중구,중림동,삼성사이버빌리지,59.7,6,2001,10000,230,2026,4,6
중구,인현동2가,세운푸르지오헤리시티,28.4064,19,2023,5000,142,2026,4,4
중구,신당동,남산타운,59.94,10,2002,50079,0,2026,4,23
중구,인현동2가,세운푸르지오헤리시티,24.5533,7,2023,5000,130,2026,4,1
중구,묵정동,힐스테이트남산,44.55,3,2024,5000,250,2026,4,18
중구,황학동,(73-1),18.24,7,1999,1000,52,2026,4,23
중구,충무로4가,남산센트럴자이,114.84,9,2009,10000,380,2026,4,17
중구,신당동,남산타운,84.88,8,2002,63000,0,2026,4,20
중구,흥인동,위더스하임,23.82,3,2018,25500,0,2026,4,11
중구,신당동,현대,139.275,1,1993,60500,0,2026,4,20
중구,신당동,남산타운,84.88,3,2002,75000,0,2026,4,22
중구,신당동,남산타운,59.94,15,2002,50000,0,2026,4,17
중구,신당동,남산타운,114.88,17,2002,70000,70,2026,4,22
중구,입정동,힐스테이트세운센트럴2단지,49.9902,26,2023,5000,310,2026,4,14
중구,회현동2가,쌍용남산플래티넘,158.97,29,2010,100000,340,2026,4,21
중구,신당동,래미안하이베르,84.97,9,2011,50400,60,2026,4,15
중구,만리동1가,서울역디오빌,73.86,13,2005,57000,0,2026,4,20
중구,신당동,래미안하이베르,59.74,7,2011,30000,160,2026,4,20
중구,신당동,약수하이츠,57.63,18,1999,52000,0,2026,4,21
중구,신당동,현대,79.11,2,1993,30000,100,2026,4,18
중구,만리동2가,서울역한라비발디센트럴,71.9832,4,2018,80000,0,2026,4,18
중구,황학동,롯데캐슬,84.9,26,2008,25000,200,2026,4,1
중구,충무로5가,이지마루충무로,27.8,14,2020,24000,30,2026,4,16
중구,광희동1가,광희동1가166외7필지청년주택신축,14.17,20,2023,9450,33,2026,4,20
중구,황학동,롯데캐슬,114.9,24,2008,60000,100,2026,4,19
중구,황학동,롯데캐슬,114.9,24,2008,60000,100,2026,4,19
중구,신당동,청구e편한세상,84.95,1,2011,89000,0,2026,4,16
중구,중림동,삼성사이버빌리지,84.93,14,2001,10000,280,2026,4,18
중구,만리동2가,서울역한라비발디센트럴,84.9774,4,2018,40000,162,2026,4,11
중구,인현동2가,세운푸르지오헤리시티,29.4564,14,2023,5000,140,2026,4,20
중구,신당동,한진해모로,59.76,11,2001,60000,0,2026,4,17
중구,신당동,약수하이츠,57.63,16,1999,53000,0,2026,4,18
중구,만리동2가,서울역센트럴자이,59.943,9,2017,80000,0,2026,4,18
중구,묵정동,힐스테이트남산,45.05,1,2024,500,290,2026,4,2
중구,신당동,남산타운,114.88,3,2002,90000,0,2026,4,17
중구,만리동2가,서울역센트럴자이,59.943,17,2017,10000,280,2026,4,16
중구,신당동,약수넥스빌,54.96,7,2000,25000,5,2026,4,17
중구,신당동,현대,79.11,4,1993,52500,0,2026,4,16
중구,만리동2가,서울역센트럴자이,84.9791,24,2017,89200,0,2026,4,17
중구,황학동,청계랜드힐아파트,36.7,5,2022,5000,120,2026,4,4
중구,황학동,한양I-Class,16.37,15,2013,1000,70,2026,4,16
중구,신당동,약수하이츠,114.92,5,1999,60000,55,2026,4,16
중구,신당동,남산타운,59.94,5,2002,10000,235,2026,4,11
중구,순화동,순화동더샵,35.66,14,2007,2500,150,2026,4,15
중구,입정동,힐스테이트세운센트럴2단지,45.9844,22,2023,5000,280,2026,4,13
중구,중림동,삼성사이버빌리지,84.93,2,2001,56500,0,2026,4,15
중구,만리동2가,서울역센트럴자이,59.943,22,2017,73000,13,2026,4,15
중구,신당동,신당푸르지오,84.39,2,2005,70000,0,2026,4,11
중구,인현동2가,세운푸르지오헤리시티,29.4564,19,2023,5000,140,2026,4,4
중구,황학동,(73-1),19.15,6,1999,3500,48,2026,4,14
중구,황학동,동광팰리스,25.9,11,2018,23000,0,2026,4,12
중구,입정동,힐스테이트세운센트럴1단지,49.9668,6,2023,63000,0,2026,4,6
중구,신당동,약수하이츠,65.37,10,1999,60000,0,2026,4,1
중구,황학동,롯데캐슬,84.9,29,2008,30000,160,2026,4,13
중구,묵정동,힐스테이트남산,44.55,5,2024,57750,0,2026,4,9
중구,신당동,남산타운,114.88,6,2002,45000,150,2026,4,10
중구,신당동,약수하이츠,84.88,17,1999,69300,0,2026,4,9
중구,신당동,신당파인힐하나유보라,30.4927,5,2019,4112,76,2026,4,6
중구,신당동,삼성,84.96,1,1999,15000,210,2026,4,11
중구,황학동,롯데캐슬,59.94,19,2008,59850,0,2026,4,5
중구,신당동,삼성,59.97,11,1999,58000,0,2026,4,11
중구,신당동,삼성,59.97,3,1999,47500,0,2026,4,11
중구,신당동,청구e편한세상,118.47,5,2011,110000,15,2026,4,11
중구,인현동2가,세운푸르지오헤리시티,28.4064,10,2023,5000,140,2026,4,12
중구,충무로5가,충무로헤센스마트,40.65,5,2018,1000,125,2026,4,11
중구,만리동2가,서울역센트럴자이,59.943,21,2017,84000,0,2026,4,11
중구,만리동2가,서울역센트럴자이,59.9808,20,2017,65590,0,2026,4,11
중구,신당동,청구e편한세상,84.95,2,2011,76398,0,2026,4,11
중구,인현동2가,세운푸르지오헤리시티,29.4564,19,2023,3500,150,2026,4,5
중구,만리동1가,LIG서울역리가,84.9866,14,2012,65000,60,2026,4,10
중구,충무로4가,진양상가,71.93,6,1970,3000,140,2026,4,10
중구,신당동,청구e편한세상,84.95,14,2011,30000,180,2026,4,3
중구,신당동,청구드림,84.94,5,2002,60000,0,2026,4,9
중구,만리동2가,서울역센트럴자이,72.9965,6,2017,90000,0,2026,4,9
중구,만리동2가,서울역한라비발디센트럴,84.9774,6,2018,12000,320,2026,4,9
중구,인현동2가,세운푸르지오헤리시티,40.7637,9,2023,41160,8,2026,4,9
중구,오장동,오렌지카운티을지로,12.43,9,2020,1000,65,2026,4,4
중구,신당동,남산타운,84.88,18,2002,70000,0,2026,4,9
중구,신당동,신당파인힐하나유보라,30.4927,9,2019,4112,67,2026,4,8
중구,회현동1가,SK리더스뷰남산,205.62,13,2010,180000,0,2026,4,8
중구,만리동2가,서울역한라비발디센트럴,84.9774,13,2018,87077,0,2026,4,7
중구,인현동2가,세운푸르지오헤리시티,29.4564,5,2023,31000,0,2026,4,2
중구,신당동,남산타운,84.88,1,2002,5000,163,2026,4,8
중구,황학동,청계리버팰리스B,25.5,8,2018,23000,0,2026,4,3
중구,만리동1가,LIG서울역리가,84.9866,13,2012,75000,0,2026,4,7
중구,신당동,약수하이츠,114.92,3,1999,20000,158,2026,4,7
중구,흥인동,위더스하임,23.82,6,2018,2000,130,2026,4,7
중구,신당동,래미안하이베르,59.98,5,2011,70000,0,2026,4,7
중구,황학동,창성그린빌,63.74,4,2003,31500,0,2026,4,3
중구,신당동,약수하이츠,57.63,1,1999,56600,0,2026,4,5
중구,신당동,청구e편한세상,84.95,2,2011,85000,0,2026,4,6
중구,충무로4가,남산센트럴자이,89.307,23,2009,87000,0,2026,4,3
중구,인현동2가,세운푸르지오헤리시티,28.4064,18,2023,35000,0,2026,4,4
중구,신당동,남산타운,84.88,11,2002,74000,0,2026,4,4
중구,인현동2가,세운푸르지오헤리시티,24.5533,14,2023,5000,130,2026,4,4
중구,만리동2가,서울역센트럴자이,84.9918,20,2017,5000,299,2026,4,2
중구,인현동2가,세운푸르지오헤리시티,42.2349,19,2023,50000,90,2026,4,2
중구,황학동,롯데캐슬,59.94,15,2008,20000,135,2026,4,2
중구,만리동2가,서울역센트럴자이,84.9918,24,2017,15000,410,2026,4,1
중구,묵정동,묵정,52.46,10,1981,30000,0,2026,4,1
중구,만리동2가,서울역센트럴자이,59.943,3,2017,30000,180,2026,4,1
중구,중림동,삼성사이버빌리지,84.93,14,2001,35000,160,2026,4,1
용산구,이촌동,동원베네스트,84.973,4,2005,50000,80,2026,4,11
용산구,문배동,CJ나인파크,123.47,13,2007,30000,257,2026,4,16
용산구,이촌동,한가람,114.96,4,1998,65000,285,2026,4,27
용산구,이촌동,현대한강,84.88,6,1997,63000,0,2026,4,8
용산구,효창동,용산데시앙포레,84.9417,5,2022,84000,0,2026,4,4
용산구,도원동,삼성래미안,59.94,16,2001,64000,0,2026,4,12
용산구,이촌동,동아그린,59.58,3,1999,58000,0,2026,4,4
용산구,이촌동,이촌코오롱(A),59.82,5,1999,63000,0,2026,4,10
용산구,이촌동,한강맨숀,101.95,1,1971,5250,158,2026,4,17
용산구,한강로2가,용산푸르지오써밋(420),124.2293,15,2017,10000,1000,2026,4,27
용산구,용산동2가,한신,81.95,1,1981,2000,160,2026,4,23
용산구,이태원동,청화1,174.38,6,1982,40000,135,2026,4,2
용산구,이촌동,한가람,59.88,9,1998,10000,250,2026,4,28
용산구,문배동,리첸시아용산B,84.83,17,2010,82000,0,2026,4,25
용산구,한남동,한남힐스테이트,151.071,1,2003,10000,500,2026,4,1
용산구,이태원동,남산대림,59.92,1,1994,56700,0,2026,4,18
용산구,이태원동,남산대림,59.92,1,1994,60000,0,2026,4,17
용산구,효창동,용산데시앙포레,84.9956,4,2022,55000,180,2026,4,17
용산구,서빙고동,신동아,166.98,6,1984,50000,320,2026,4,11
용산구,이촌동,대림,114.96,22,1994,90000,0,2026,4,21
용산구,한남동,시범,59.5,3,1970,18000,0,2026,4,20
용산구,효창동,용산롯데캐슬센터포레,84.9204,8,2019,95000,0,2026,4,26
용산구,이태원동,준아트빌,227.36,9,2008,0,1190,2026,4,28
용산구,용산동2가,용암한신,72.66,6,1982,40000,0,2026,4,4
용산구,한남동,시범,59.5,1,1970,1000,85,2026,4,25
용산구,이촌동,삼익,104.86,6,1979,10000,200,2026,4,29
용산구,한남동,한남더힐,177.764,4,2011,470000,0,2026,4,21
용산구,원효로1가,용산더프라임,84.976,13,2014,10000,450,2026,4,21
용산구,효창동,용산데시앙포레,59.7642,2,2022,20000,173,2026,4,29
용산구,한강로2가,래미안용산더센트럴,161.48,33,2017,10000,1300,2026,4,10
용산구,이촌동,한가람,59.88,1,1998,30000,140,2026,4,2
용산구,한남동,현대안성타워,61.62,13,1998,45000,41,2026,4,28
용산구,한남동,한남더힐,59.686,7,2011,10000,830,2026,4,17
용산구,한남동,한남더힐,208.478,1,2011,450000,0,2026,4,13
용산구,문배동,용산큐브,13.01,18,2013,17000,10,2026,4,25
용산구,이촌동,LG한강자이,202.32,10,2003,100000,1000,2026,4,23
용산구,이촌동,강촌,106.645,8,1998,15000,340,2026,4,15
용산구,이촌동,한강(대우),60,7,2000,20000,214,2026,4,20
용산구,한강로3가,에피소드용산,20.2469,6,2024,1000,231,2026,4,22
용산구,서빙고동,신동아,140.81,6,1984,20000,340,2026,4,16
용산구,한강로3가,센트럴파크,114.5011,35,2020,220000,0,2026,4,30
용산구,이촌동,한가람,84.89,1,1998,85000,0,2026,4,12
용산구,이촌동,동아그린,84.82,2,1999,36000,0,2026,4,30
용산구,이태원동,메이(124-12),164.43,8,2002,70000,820,2026,4,28
용산구,원효로4가,풍전,81.72,3,1971,35000,0,2026,4,30
용산구,이태원동,주공1,84.57,2,1993,5000,280,2026,4,30
용산구,한강로3가,에피소드용산,24.6308,15,2024,2000,227,2026,4,27
용산구,한남동,한남아이파크애비뉴,46.2439,13,2017,65000,0,2026,4,20
용산구,한남동,현대하이페리온,197.22,16,2002,10000,1260,2026,4,29
용산구,한남동,한남아이파크애비뉴,46.2439,9,2017,65000,0,2026,4,22
용산구,신계동,용산e편한세상,158.26,20,2011,20000,602,2026,4,20
용산구,용산동5가,용산파크타워(24-1),130.56,14,2009,190000,0,2026,4,27
용산구,원효로1가,용산파크뷰(46-3),29.67,13,2018,33320,0,2026,4,29
용산구,한강로3가,에피소드용산,40.6902,12,2024,5000,406,2026,4,6
용산구,한강로3가,센트럴파크,114.8905,8,2020,0,930,2026,4,20
용산구,이촌동,이촌코오롱(A),59.82,16,1999,60000,0,2026,4,25
용산구,원효로2가,원효,49.59,4,1970,7000,42,2026,4,16
용산구,이태원동,청화1,174.38,11,1982,20000,450,2026,4,24
용산구,이촌동,한강맨숀,87.54,3,1971,31500,0,2026,4,28
용산구,원효로1가,용산원효루미니,43.9656,23,2022,15610,88,2026,4,30
용산구,이촌동,강촌,106.645,12,1998,107000,0,2026,4,14
용산구,용산동5가,용산파크타워(24-0),131.53,35,2009,200000,0,2026,4,28
용산구,동자동,센트레빌아스테리움서울,128.06,23,2013,30000,460,2026,4,29
용산구,원효로1가,용산더프라임,84.976,30,2014,20000,400,2026,4,27
용산구,한강로3가,센트럴파크,114.8905,9,2020,170000,0,2026,4,15
용산구,이촌동,강촌,114.595,21,1998,10000,421,2026,4,30
용산구,한강로3가,시티파크(2단지),149.23,13,2007,20000,770,2026,4,15
용산구,한강로3가,시티파크(2단지),117.62,12,2007,0,700,2026,4,6
용산구,이촌동,래미안첼리투스,124.02,52,2015,20000,1000,2026,4,11
용산구,이촌동,LG한강자이,66.39,8,2003,30000,250,2026,4,25
용산구,효창동,효창파크푸르지오,59.41,17,2010,80000,0,2026,4,18
용산구,이촌동,현대한강,84.88,14,1997,60000,65,2026,4,22
용산구,효창동,효창파크푸르지오,59.41,9,2010,20000,275,2026,4,18
용산구,이촌동,래미안첼리투스,124.02,52,2015,20000,1000,2026,4,11
용산구,용산동5가,용산파크타워(24-1),99.09,10,2009,20000,580,2026,4,17
용산구,이태원동,남산대림,134.68,5,1994,100000,0,2026,4,15
용산구,한강로3가,한강자이에클라트,80.77,26,2006,63000,0,2026,4,27
용산구,이촌동,동아그린,84.82,22,1999,55000,0,2026,4,22
용산구,이촌동,LG한강자이,202.32,2,2003,20000,1053,2026,4,27
용산구,이촌동,한가람,84.89,22,1998,6000,400,2026,4,16
용산구,산천동,리버힐삼성,59.55,4,2001,57750,0,2026,4,20
용산구,도원동,삼성래미안,84.69,20,2001,80000,0,2026,4,23
용산구,서빙고동,신동아,140.81,12,1984,76650,40,2026,4,30
용산구,효창동,용산데시앙포레,84.9956,4,2022,55000,180,2026,4,17
용산구,한남동,한남동리첸시아,37.53,12,2004,5000,150,2026,4,10
용산구,동자동,센트레빌아스테리움서울,128.06,21,2013,0,750,2026,4,10
용산구,신계동,용산e편한세상,84.89,21,2011,92400,0,2026,4,30
용산구,한남동,한남아이파크애비뉴,45.717,9,2017,61950,0,2026,4,29
용산구,이촌동,현대한강,84.88,2,1997,65000,0,2026,4,18
용산구,서빙고동,신동아,140.81,4,1984,130000,0,2026,4,15
용산구,한남동,태성1,59.95,1,1975,30000,0,2026,4,27
용산구,후암동,후암미주,64.86,1,1980,3000,100,2026,4,18
용산구,이촌동,동아그린,84.82,2,1999,60000,0,2026,4,30
용산구,이촌동,미주A,210.25,1,1975,10000,380,2026,4,30
용산구,이촌동,대림,84.78,3,1994,63000,0,2026,4,6
용산구,이촌동,이촌코오롱(A),59.82,15,1999,70000,0,2026,4,19
용산구,원효로4가,산호,86.12,2,1977,5000,88,2026,4,27
용산구,이촌동,한가람,84.89,7,1998,110000,0,2026,4,25
용산구,이촌동,이촌코오롱(A),59.82,15,1999,75000,0,2026,4,18
용산구,용산동5가,용산파크타워(24-0),118.2,26,2009,160000,0,2026,4,30
용산구,용산동5가,용산파크타워(24-0),100.29,30,2009,10000,570,2026,4,23
용산구,이촌동,한가람,84.96,16,1998,0,330,2026,4,11
용산구,이촌동,한가람,59.88,8,1998,67720,0,2026,4,25
용산구,한남동,대림아르빌,72.25,2,2005,0,400,2026,4,23
용산구,이촌동,현대한강,59.55,2,1997,48615,0,2026,4,30
용산구,문배동,CJ나인파크,97.24,2,2007,5000,420,2026,4,17
용산구,원효로1가,용산원효루미니,43.9656,28,2022,17344,79,2026,4,30
용산구,한강로2가,호반써밋A.DITION,84.2753,20,2025,150000,0,2026,4,10
용산구,한강로2가,아스테리움용산,191.11,28,2012,0,1500,2026,4,14
용산구,한강로3가,한강자이에클라트,68.59,19,2006,50000,0,2026,4,7
용산구,문배동,아크로타워,84.97,32,2007,83000,0,2026,4,6
용산구,동빙고동,파인힐빌,174.51,1,2003,20000,800,2026,4,8
용산구,이촌동,이촌코오롱(A),59.82,7,1999,20000,142,2026,4,26
용산구,이촌동,미주B,148.99,9,1976,5000,350,2026,4,11
용산구,이태원동,남산대림,84.75,4,1994,10000,280,2026,4,18
용산구,한강로3가,센트럴파크,40.9012,11,2020,5738,25,2026,4,13
용산구,한남동,르가든더메인한남,213.32,1,2019,300000,1800,2026,4,16
용산구,이촌동,동아그린,59.58,3,1999,58000,0,2026,4,4
용산구,효창동,용산데시앙포레,84.9417,6,2022,95000,0,2026,4,29
용산구,이촌동,우성,58.2,12,1995,70000,0,2026,4,30
용산구,이촌동,한가람,84.89,9,1998,105000,0,2026,4,3
용산구,이촌동,한가람,84.89,13,1998,3000,380,2026,4,29
용산구,이촌동,한강(대우),135.5,5,2000,10000,390,2026,4,27
용산구,이촌동,한가람,84.89,19,1998,2000,360,2026,4,29
용산구,원효로1가,용산원효루미니,43.9656,3,2022,17344,81,2026,4,30
용산구,이촌동,강촌,84.905,12,1998,10000,285,2026,4,22
용산구,이촌동,강촌,84.905,12,1998,10000,285,2026,4,22
용산구,용산동5가,용산파크타워(24-0),100.29,26,2009,151000,0,2026,4,9
용산구,이태원동,남산대림,84.75,3,1994,83500,0,2026,4,30
용산구,이촌동,한강(대우),84.98,7,2000,50000,180,2026,4,25
용산구,서빙고동,금호베스트빌1,156.58,18,2002,75000,70,2026,4,1
용산구,원효로1가,용산원효루미니,43.9656,18,2022,17344,79,2026,4,29
용산구,원효로1가,용산원효루미니,43.9656,23,2022,17344,79,2026,4,29
용산구,이촌동,래미안첼리투스,124.02,33,2015,150000,280,2026,4,25
용산구,원효로1가,용산원효루미니,43.9656,28,2022,13875,94,2026,4,30
용산구,원효로1가,용산원효루미니,43.9656,16,2022,17344,81,2026,4,29
용산구,원효로1가,용산원효루미니,43.9485,9,2022,14784,100,2026,4,29
용산구,원효로1가,용산원효루미니,33.9588,9,2022,12106,55,2026,4,29
용산구,효창동,용산롯데캐슬센터포레,59.8677,12,2019,87000,0,2026,4,29
용산구,원효로1가,용산원효루미니,33.9588,25,2022,13533,62,2026,4,30
용산구,이촌동,삼익,104.86,7,1979,60000,0,2026,4,2
용산구,후암동,삼안리치10차,88.71,5,2005,45800,0,2026,4,24
용산구,효창동,용산롯데캐슬센터포레,84.909,12,2019,110000,0,2026,4,30
용산구,이촌동,한강맨숀,101.95,3,1971,45000,0,2026,4,11
용산구,원효로1가,용산원효루미니,43.9656,21,2022,17344,79,2026,4,29
용산구,한남동,한성1,46.18,1,1974,10500,0,2026,4,30
용산구,원효로1가,용산원효루미니,43.9656,12,2022,17344,81,2026,4,30
용산구,원효로1가,용산원효루미니,43.9656,12,2022,17344,79,2026,4,30
용산구,원효로1가,용산원효루미니,33.9588,12,2022,9685,68,2026,4,29
용산구,원효로1가,용산원효루미니,43.9656,24,2022,17344,81,2026,4,29
용산구,한남동,리버티하우스,82.75,7,2001,5000,310,2026,4,8
용산구,한강로3가,센트럴파크,102.8617,12,2020,30000,677,2026,4,2
용산구,한강로3가,시티파크(2단지),117.62,19,2007,140000,0,2026,4,4
용산구,이촌동,한가람,59.88,5,1998,60000,60,2026,4,29
용산구,효창동,용산데시앙포레,59.7642,9,2022,30000,150,2026,4,30
용산구,이촌동,G&D용산드림,21.69,4,2020,26000,0,2026,4,29
용산구,한남동,현대하이페리온,197.22,3,2002,220500,0,2026,4,27
용산구,이촌동,강촌,106.645,17,1998,10000,400,2026,4,28
용산구,원효로4가,강변삼성스위트,72.84,13,1999,63000,0,2026,4,25
용산구,용산동5가,용산파크타워(24-0),149.92,26,2009,178500,0,2026,4,29
용산구,한강로3가,센트럴파크,114.8905,7,2020,150000,200,2026,4,14
용산구,문배동,지오베르크,84.99,8,2004,20000,200,2026,4,6
용산구,원효로1가,용산원효루미니,33.9588,21,2022,13533,62,2026,4,29
용산구,문배동,이안용산프리미어,109.74,20,2007,5000,400,2026,4,15
용산구,이촌동,빌라맨션,229.75,16,1974,190000,0,2026,4,29
용산구,이태원동,청화1,104.69,10,1982,52500,0,2026,4,29
용산구,효창동,용산롯데캐슬센터포레,84.909,11,2019,109000,0,2026,4,4
용산구,도원동,삼성래미안,84.69,17,2001,80000,0,2026,4,27
용산구,용산동5가,용산파크타워(24-0),134.02,25,2009,20000,740,2026,4,9
용산구,산천동,리버힐삼성,84.98,20,2001,63000,0,2026,4,28
용산구,원효로1가,용산원효루미니,43.9656,16,2022,17344,81,2026,4,28
용산구,효창동,효창파크푸르지오,59.41,17,2010,70000,0,2026,4,9
용산구,신계동,용산e편한세상,84.89,6,2011,10000,400,2026,4,21
용산구,원효로1가,용산원효루미니,33.9588,20,2022,13533,63,2026,4,28
용산구,원효로1가,용산원효루미니,33.9588,26,2022,13533,63,2026,4,28
용산구,보광동,리버빌(삼성),59.7,12,2000,5000,170,2026,4,28
용산구,용산동5가,용산파크타워(24-1),130.56,22,2009,147000,0,2026,4,27
용산구,한강로1가,대우월드마크용산,133.085,21,2007,10000,500,2026,4,25
용산구,이촌동,한가람,59.88,15,1998,50000,61,2026,4,20
용산구,원효로1가,용산원효루미니,33.9588,16,2022,13533,62,2026,4,28
용산구,이촌동,한가람,59.88,15,1998,50000,61,2026,4,20
용산구,한강로2가,아스테리움용산,121.17,11,2012,0,840,2026,4,24
용산구,원효로1가,용산원효루미니,43.9656,4,2022,17344,79,2026,4,28
용산구,원효로1가,용산원효루미니,33.9588,10,2022,9685,66,2026,4,28
용산구,원효로2가,원효,42.98,5,1970,15100,0,2026,4,9
용산구,문배동,리첸시아용산B,84.83,17,2010,82000,0,2026,4,25
용산구,이촌동,강촌,84.85,18,1998,40000,180,2026,4,3
용산구,원효로1가,용산원효루미니,43.9656,15,2022,15610,88,2026,4,27
용산구,한강로1가,센트럴파크,26.95,4,2021,3000,180,2026,4,8
용산구,이촌동,한가람,84.89,19,1998,110000,0,2026,4,14
용산구,한강로2가,용산베르디움프렌즈,48.9018,17,2021,19323,35,2026,4,6
용산구,원효로1가,용산원효루미니,33.9588,19,2022,13533,62,2026,4,28
용산구,원효로1가,용산원효루미니,33.9588,24,2022,13533,62,2026,4,28
용산구,원효로1가,용산원효루미니,33.9588,15,2022,13533,62,2026,4,28
용산구,원효로1가,용산원효루미니,33.9588,22,2022,13533,62,2026,4,28
용산구,효창동,용산데시앙포레,59.7642,3,2022,78000,0,2026,4,18
용산구,이태원동,청화1,104.69,6,1982,45000,70,2026,4,25
용산구,원효로2가,리버파크뷰,29.23,18,2024,42000,0,2026,4,27
용산구,서빙고동,금호베스트빌1,84.94,9,2002,75000,0,2026,4,26
용산구,이촌동,래미안첼리투스,124.35,4,2015,260000,0,2026,4,26
용산구,이촌동,한강(대우),135.27,18,2000,115500,0,2026,4,27
용산구,이촌동,래미안첼리투스,124.35,4,2015,260000,0,2026,4,26
용산구,이촌동,우성,58.2,4,1995,60000,0,2026,4,25
용산구,이촌동,동아그린,114.96,18,1999,89000,0,2026,4,10
용산구,이촌동,한가람,114.96,1,1998,107000,40,2026,4,15
용산구,문배동,리첸시아용산B,84.83,13,2010,95000,0,2026,4,27
용산구,도원동,삼성래미안,84.69,22,2001,79000,0,2026,4,27
용산구,이촌동,래미안첼리투스,124.02,33,2015,150000,140,2026,4,27
용산구,원효로1가,용산원효루미니,43.9485,27,2022,18480,85,2026,4,24
용산구,원효로1가,용산원효루미니,43.9656,27,2022,17344,79,2026,4,24
용산구,도원동,삼성래미안,59.94,20,2001,10000,190,2026,4,7
용산구,원효로1가,용산원효루미니,33.9588,25,2022,13533,62,2026,4,27
용산구,원효로1가,용산원효루미니,33.9588,7,2022,12106,56,2026,4,24
용산구,한강로2가,한강로대우아이빌,34.02,12,2004,25500,20,2026,4,11
용산구,한남동,한남하우스,60.63,5,1970,1000,50,2026,4,23
용산구,이촌동,대림,84.78,8,1994,10000,230,2026,4,27
용산구,효창동,용산데시앙포레,59.8391,14,2022,84500,0,2026,4,25
용산구,이촌동,한가람,84.89,9,1998,92500,30,2026,4,24
용산구,이태원동,청화1,105.75,11,1982,5000,220,2026,4,2
용산구,한남동,한남더힐,59.686,4,2011,30000,700,2026,4,27
용산구,이촌동,한가람,59.88,15,1998,10000,240,2026,4,24
용산구,동자동,센트레빌아스테리움서울,145.2,9,2013,107000,0,2026,4,14
용산구,문배동,지오베르크,84.95,8,2004,76000,0,2026,4,23
용산구,효창동,용산데시앙포레,59.8391,13,2022,71400,0,2026,4,25
용산구,이촌동,래미안첼리투스,124.35,38,2015,10000,890,2026,4,24
용산구,효창동,용산롯데캐슬센터포레,84.9204,2,2019,106000,0,2026,4,8
용산구,문배동,프라임펠리스,13.69,16,2012,13000,20,2026,4,13
용산구,한남동,대성이태리하우스,84.89,3,2006,10000,400,2026,4,11
용산구,한남동,리버탑,84.7,3,2001,8000,280,2026,4,24
용산구,원효로4가,강변삼성스위트,59.94,13,1999,52000,0,2026,4,24
용산구,한강로1가,센트럴파크,29.84,4,2021,5000,150,2026,4,24
용산구,원효로1가,용산원효루미니,33.9588,3,2022,6376,26,2026,4,24
용산구,원효로1가,용산원효루미니,33.9588,15,2022,13533,62,2026,4,24
용산구,원효로1가,용산원효루미니,33.9588,3,2022,6376,32,2026,4,24
용산구,이촌동,동원베네스트,84.973,4,2005,50000,80,2026,4,11
용산구,원효로1가,용산원효루미니,43.9656,24,2022,17344,79,2026,4,24
용산구,이촌동,동부센트레빌,100.8,17,2001,10000,450,2026,4,24
용산구,원효로1가,용산더프라임,84.976,18,2014,91000,0,2026,4,24
용산구,원효로1가,용산원효루미니,43.9485,8,2022,18480,85,2026,4,24
용산구,한강로3가,용산시티파크(1단지),181.89,6,2007,196750,0,2026,4,21
용산구,원효로1가,용산원효루미니,33.9588,6,2022,12106,55,2026,4,24
용산구,원효로1가,용산원효루미니,33.9588,3,2022,6376,27,2026,4,22
용산구,도원동,삼성래미안,59.94,17,2001,5000,137,2026,4,23
용산구,이촌동,대림,59.22,13,1994,49300,0,2026,4,24
용산구,원효로1가,용산원효루미니,33.9588,22,2022,13533,62,2026,4,23
용산구,원효로1가,용산원효루미니,33.9588,20,2022,13533,62,2026,4,22
용산구,이태원동,남산힐레지던스,214.08,3,1973,0,900,2026,4,21
용산구,원효로1가,용산원효루미니,33.9588,24,2022,13533,62,2026,4,23
용산구,원효로1가,용산더프라임,84.976,24,2014,80000,0,2026,4,18
용산구,한강로3가,센트럴파크,114.5011,16,2020,10000,894,2026,4,24
용산구,이촌동,북한강(성원),59.55,6,2001,42400,0,2026,4,24
용산구,원효로1가,용산원효루미니,43.9656,5,2022,15610,86,2026,4,23
용산구,원효로1가,용산원효루미니,43.9656,19,2022,17344,79,2026,4,23
용산구,원효로1가,용산원효루미니,43.9485,10,2022,16632,93,2026,4,22
용산구,원효로1가,용산원효루미니,33.9588,7,2022,9685,66,2026,4,23
용산구,원효로1가,용산원효루미니,33.9588,14,2022,13533,62,2026,4,23
용산구,원효로4가,강변삼성스위트,84.9,3,1999,75000,0,2026,4,18
용산구,원효로1가,용산원효루미니,43.9485,17,2022,18480,85,2026,4,23
용산구,원효로4가,산호,40.46,5,1977,1000,60,2026,4,16
용산구,원효로1가,용산원효루미니,43.9656,24,2022,17344,79,2026,4,23
용산구,원효로1가,용산원효루미니,43.9656,12,2022,17344,79,2026,4,23
용산구,원효로1가,용산원효루미니,43.9656,28,2022,17344,81,2026,4,22
용산구,원효로1가,용산원효루미니,33.9588,6,2022,9685,66,2026,4,21
용산구,원효로1가,용산원효루미니,43.9656,14,2022,17344,79,2026,4,23
용산구,원효로1가,용산원효루미니,43.9656,25,2022,17344,79,2026,4,22
용산구,한강로3가,에피소드용산,32.2626,11,2024,2000,385,2026,4,22
용산구,용산동5가,용산파크타워(24-0),124.8,10,2009,20000,580,2026,4,14
용산구,한강로2가,용산베르디움프렌즈,39.8036,13,2021,1446,12,2026,4,23
용산구,한강로3가,쌍용스윗닷홈,84.98,2,2003,10000,320,2026,4,23
용산구,한강로2가,아스테리움용산,130.09,25,2012,10000,894,2026,4,18
용산구,한남동,한성1,75.07,4,1974,1000,100,2026,4,20
용산구,용산동5가,용산파크타워(24-1),128.36,15,2009,20000,700,2026,4,21
용산구,이촌동,한가람,59.88,21,1998,53300,60,2026,4,18
용산구,이촌동,한강맨숀,101.95,1,1971,20000,107,2026,4,7
용산구,원효로1가,용산더프라임,84.976,29,2014,90000,0,2026,4,23
용산구,청암동,GS자이,157.43,1,2005,125000,0,2026,4,23
용산구,이촌동,월드메르디앙,128.66,7,1971,85000,190,2026,4,11
용산구,이촌동,강촌,59.12,5,1998,30000,150,2026,4,17
용산구,이촌동,한가람,114.96,19,1998,120000,45,2026,4,8
용산구,이촌동,월드메르디앙,128.66,5,1971,20000,400,2026,4,22
용산구,산천동,리버힐삼성,84.98,10,2001,68250,0,2026,4,22
용산구,효창동,효창파크푸르지오,84.45,6,2010,95000,0,2026,4,16
용산구,산천동,한강타운,59.69,9,2001,36000,60,2026,4,22
용산구,이촌동,한가람,59.88,17,1998,25000,200,2026,4,22
용산구,이촌동,현대한강,84.88,15,1997,60000,60,2026,4,17
용산구,이촌동,한강맨숀,101.95,2,1971,42500,0,2026,4,15
용산구,한남동,한남동동원베네스트,59.98,11,2010,5000,250,2026,4,2
용산구,용산동5가,용산파크타워(24-0),100.29,5,2009,30000,500,2026,4,20
용산구,원효로1가,용산원효루미니,33.9588,10,2022,12106,55,2026,4,20
용산구,원효로1가,용산원효루미니,33.9588,7,2022,12106,55,2026,4,22
용산구,원효로1가,용산원효루미니,43.9656,8,2022,17344,81,2026,4,22
용산구,원효로1가,용산원효루미니,43.9656,11,2022,17344,79,2026,4,22
용산구,원효로1가,용산원효루미니,43.9485,4,2022,14784,100,2026,4,22
용산구,이촌동,한가람,114.96,15,1998,10000,450,2026,4,8
용산구,원효로1가,용산원효루미니,43.9656,7,2022,17344,81,2026,4,22
용산구,원효로1가,용산원효루미니,33.9588,26,2022,13533,62,2026,4,20
용산구,한남동,한남아이파크애비뉴,49.6971,10,2017,5000,310,2026,4,21
용산구,서빙고동,신동아,140.81,11,1984,94500,0,2026,4,22
용산구,이태원동,주공1,84.66,5,1993,53000,0,2026,4,22
용산구,이촌동,한강(대우),60,12,2000,2000,240,2026,4,3
용산구,이촌동,LG한강자이,169.44,17,2003,30000,1000,2026,4,7
용산구,이촌동,G&D용산드림,21.69,4,2020,23940,0,2026,4,18
용산구,문배동,이안용산1차(103동),56.83,13,2005,59850,0,2026,4,21
용산구,원효로1가,용산원효루미니,33.9588,19,2022,13533,62,2026,4,22
용산구,이촌동,동부센트레빌,100.8,5,2001,20000,400,2026,4,20
용산구,원효로1가,용산원효루미니,33.9588,18,2022,13533,63,2026,4,21
용산구,원효로1가,용산원효루미니,33.9588,27,2022,13533,62,2026,4,21
용산구,원효로1가,용산원효루미니,33.9588,16,2022,13533,62,2026,4,21
용산구,원효로1가,용산원효루미니,43.9656,18,2022,17344,79,2026,4,20
용산구,용산동5가,용산파크타워(24-0),149.92,19,2009,175000,0,2026,4,21
용산구,한강로2가,한강로대우아이빌,34.02,12,2004,25500,20,2026,4,11
용산구,이촌동,대림,114.96,22,1994,90000,0,2026,4,21
용산구,한남동,한남동리첸시아,37.53,11,2004,2000,152,2026,4,16
용산구,원효로1가,용산원효루미니,33.9588,23,2022,13533,62,2026,4,21
용산구,효창동,용산데시앙포레,59.7642,7,2022,40000,180,2026,4,18
용산구,한강로2가,용산베르디움프렌즈,19.6951,8,2021,3509,5,2026,4,21
용산구,한강로2가,용산베르디움프렌즈,39.8036,13,2021,3552,5,2026,4,21
용산구,이촌동,G&D용산드림,16.2,6,2020,15750,0,2026,4,10
용산구,문배동,프라임펠리스,13.51,14,2012,14800,0,2026,4,6
용산구,원효로1가,용산더프라임,123.673,26,2014,125000,0,2026,4,21
용산구,용산동5가,용산파크타워(24-0),118.2,24,2009,160000,0,2026,4,12
용산구,이태원동,남산대림,59.92,1,1994,2000,200,2026,4,11
용산구,이촌동,우성,58.2,17,1995,69000,0,2026,4,19
용산구,서빙고동,그린파크(코오롱하늘채),104.7,5,2000,60000,140,2026,4,18
용산구,이촌동,대림,84.78,8,1994,78000,0,2026,4,21
용산구,도원동,삼성래미안,84.69,7,2001,30000,114,2026,4,21
용산구,한강로3가,센트럴파크,40.3191,12,2020,13296,79,2026,4,21
용산구,원효로1가,용산원효루미니,33.9588,28,2022,13533,62,2026,4,16
용산구,원효로1가,용산원효루미니,33.9588,21,2022,13533,62,2026,4,20
용산구,원효로4가,한강수,136.62,7,2005,36000,153,2026,4,20
용산구,원효로1가,용산원효루미니,33.9588,15,2022,13533,62,2026,4,20
용산구,원효로1가,용산원효루미니,33.9588,16,2022,13533,64,2026,4,20
용산구,원효로1가,용산원효루미니,15.965,29,2022,6543,29,2026,4,20
용산구,원효로1가,용산원효루미니,43.9656,23,2022,17344,80,2026,4,20
용산구,한강로3가,용산시티파크(1단지),242.26,41,2007,420000,0,2026,4,17
용산구,원효로1가,용산원효루미니,33.9588,29,2022,13533,64,2026,4,17
용산구,한강로2가,용산아이피아대주피오레,84.6,13,2007,44000,0,2026,4,20
용산구,원효로1가,용산원효루미니,33.9588,11,2022,12106,55,2026,4,17
용산구,이촌동,이촌시범,69.42,6,1970,22000,0,2026,4,20
용산구,이촌동,한가람,84.89,7,1998,110000,0,2026,4,11
용산구,문배동,이안용산1차(103동),84.9,9,2005,30000,160,2026,4,20
용산구,한남동,한남동동원베네스트,59.98,2,2010,70000,0,2026,4,3
용산구,한강로3가,센트럴파크,40.9012,15,2020,8419,10,2026,4,13
용산구,보광동,신동아1,84.93,1,1992,65000,0,2026,4,18
용산구,한남동,한남파라곤,82.624,6,2011,8000,50,2026,4,19
용산구,한강로2가,용산베르디움프렌즈,39.8036,36,2021,16052,27,2026,4,20
용산구,이태원동,남산대림,149.53,1,1994,10000,390,2026,4,4
용산구,효창동,효창파크푸르지오,84.45,4,2010,10000,400,2026,4,18
용산구,이촌동,이촌코오롱(A),59.82,5,1999,63000,0,2026,4,10
용산구,이촌동,강촌,59.12,21,1998,55000,80,2026,4,17
용산구,문배동,용산KCC웰츠타워,84.03,28,2015,90000,0,2026,4,10
용산구,원효로1가,용산원효루미니,33.9588,21,2022,13533,62,2026,4,17
용산구,원효로1가,용산원효루미니,33.9588,6,2022,12106,55,2026,4,15
용산구,산천동,리버힐삼성,84.98,18,2001,73500,0,2026,4,18
용산구,원효로1가,용산원효루미니,33.9588,3,2022,6376,32,2026,4,17
용산구,원효로1가,용산원효루미니,43.9485,26,2022,16632,93,2026,4,17
용산구,원효로1가,용산원효루미니,33.9588,4,2022,6376,26,2026,4,17
용산구,원효로1가,용산원효루미니,43.9485,16,2022,18480,86,2026,4,17
용산구,원효로1가,용산원효루미니,33.9588,24,2022,13533,62,2026,4,17
용산구,원효로1가,용산원효루미니,33.9588,3,2022,6376,26,2026,4,17
용산구,원효로1가,용산원효루미니,33.9588,20,2022,13533,62,2026,4,17
용산구,이촌동,이촌코오롱(A),59.82,15,1999,70000,0,2026,4,19
용산구,원효로1가,용산원효루미니,33.9588,18,2022,13533,63,2026,4,14
용산구,도원동,삼성래미안,84.69,9,2001,10000,240,2026,4,11
용산구,원효로1가,용산원효루미니,33.9588,4,2022,6376,32,2026,4,17
용산구,효창동,용산데시앙포레,59.7642,3,2022,68000,0,2026,4,17
용산구,원효로2가,원효,49.59,4,1970,7000,42,2026,4,16
용산구,이촌동,제일,128.93,2,1976,90000,0,2026,4,15
용산구,한강로1가,대우월드마크용산,107.626,12,2007,77100,100,2026,4,7
용산구,이촌동,이촌시범,59.5,5,1970,19000,0,2026,4,17
용산구,산천동,리버힐삼성,59.55,16,2001,15750,147,2026,4,17
용산구,도원동,삼성래미안,84.69,8,2001,50000,67,2026,4,17
용산구,도원동,삼성래미안,84.69,2,2001,70000,0,2026,4,4
용산구,이촌동,이촌코오롱(A),59.82,5,1999,70000,0,2026,4,16
용산구,원효로1가,용산원효루미니,33.9588,21,2022,13533,63,2026,4,15
용산구,원효로1가,용산원효루미니,43.9485,7,2022,18480,86,2026,4,15
용산구,이촌동,대림,114.96,12,1994,34000,160,2026,4,1
용산구,원효로1가,용산원효루미니,43.9485,25,2022,16632,93,2026,4,15
용산구,효창동,용산데시앙포레,59.8391,13,2022,30000,150,2026,4,4
용산구,한강로3가,우림필유,84.99,4,2006,56000,0,2026,4,17
용산구,원효로1가,용산원효루미니,33.9588,5,2022,12106,56,2026,4,15
용산구,한강로2가,벽산메가트리움,84.98,25,2005,5000,340,2026,4,4
용산구,이촌동,빌라맨션,229.75,11,1974,11000,380,2026,4,3
용산구,원효로4가,산호,40.46,5,1977,1000,60,2026,4,16
용산구,원효로1가,용산원효루미니,43.9656,19,2022,17344,79,2026,4,16
용산구,원효로1가,용산원효루미니,33.9588,14,2022,13533,62,2026,4,16
용산구,원효로1가,용산원효루미니,33.9588,3,2022,5101,38,2026,4,16
용산구,한강로2가,용산베르디움프렌즈,39.8036,14,2021,6879,58,2026,4,16
용산구,원효로1가,용산원효루미니,43.9656,21,2022,17344,79,2026,4,15
용산구,원효로1가,용산원효루미니,33.9588,19,2022,13533,62,2026,4,15
용산구,한강로2가,용산베르디움프렌즈,19.6951,16,2021,3564,30,2026,4,16
용산구,문배동,이안용산프리미어,109.74,17,2007,84000,0,2026,4,16
용산구,한강로2가,용산베르디움프렌즈,49.9933,27,2021,19707,37,2026,4,16
용산구,한강로2가,용산베르디움프렌즈,39.8036,32,2021,6879,58,2026,4,16
용산구,한강로3가,한강자이에클라트,84.73,19,2006,72500,0,2026,4,4
용산구,원효로1가,용산원효루미니,33.9588,3,2022,5101,30,2026,4,15
용산구,이태원동,남산대림,149.53,5,1994,105000,0,2026,4,15
용산구,한강로2가,용산베르디움프렌즈,44.9009,19,2021,17729,34,2026,4,16
용산구,원효로1가,용산원효루미니,43.9656,26,2022,17344,79,2026,4,16
용산구,원효로1가,용산원효루미니,43.9485,3,2022,18480,85,2026,4,16
용산구,한강로2가,용산베르디움프렌즈,39.8036,29,2021,7151,9,2026,4,15
용산구,이촌동,한가람,59.88,5,1998,58800,35,2026,4,14
용산구,이촌동,한가람,59.88,12,1998,64785,0,2026,4,8
용산구,신계동,용산e편한세상,124.96,20,2011,100000,200,2026,4,14
용산구,이촌동,한가람,59.88,16,1998,65000,0,2026,4,4
용산구,한강로2가,용산베르디움프렌즈,39.8036,25,2021,16052,29,2026,4,15
용산구,용산동5가,용산파크타워(24-0),134.02,14,2009,177450,0,2026,4,15
용산구,한남동,한남아이파크애비뉴,46.2439,3,2017,3000,300,2026,4,13
용산구,한강로3가,에피소드용산,20.4376,20,2024,2000,216,2026,4,3
용산구,원효로1가,용산원효루미니,33.9588,24,2022,13533,63,2026,4,14
용산구,원효로1가,용산원효루미니,33.9588,29,2022,13533,62,2026,4,14
용산구,한남동,한남동동원베네스트,81.83,5,2010,79000,0,2026,4,10
용산구,도원동,삼성래미안,84.69,13,2001,68000,0,2026,4,11
용산구,원효로1가,용산원효루미니,33.9588,11,2022,9685,66,2026,4,14
용산구,원효로1가,용산원효루미니,33.9588,8,2022,12106,55,2026,4,14
용산구,이촌동,시범(중산1차),49.59,2,1970,18900,0,2026,4,11
용산구,원효로1가,용산원효루미니,33.9588,10,2022,12106,56,2026,4,14
용산구,원효로1가,용산원효루미니,43.9656,25,2022,17344,79,2026,4,14
용산구,후암동,후암미주,62.78,5,1980,27300,0,2026,4,14
용산구,동자동,센트레빌아스테리움서울,131.05,29,2013,105000,100,2026,4,10
용산구,원효로1가,용산원효루미니,43.9485,24,2022,18480,85,2026,4,14
용산구,한강로3가,우림필유,65.55,1,2006,57000,0,2026,4,14
용산구,효창동,용산데시앙포레,39.438,5,2022,5526,13,2026,4,14
용산구,문배동,CJ나인파크,97.24,12,2007,50000,270,2026,4,14
용산구,동자동,센트레빌아스테리움서울,131.05,29,2013,105000,100,2026,4,10
용산구,원효로1가,용산원효루미니,43.9656,24,2022,17344,79,2026,4,14
용산구,문배동,CJ나인파크,84.98,20,2007,5000,300,2026,4,14
용산구,이촌동,동아그린,43.02,17,1999,42000,0,2026,4,11
용산구,이촌동,한가람,59.88,19,1998,73000,0,2026,4,9
용산구,한강로2가,용산베르디움프렌즈,39.8036,14,2021,16052,29,2026,4,14
용산구,원효로1가,용산더프라임,142.901,21,2014,20000,630,2026,4,7
용산구,도원동,삼성래미안,59.94,12,2001,7000,200,2026,4,11
용산구,한강로2가,용산베르디움프렌즈,39.8036,20,2021,16052,29,2026,4,14
용산구,한강로3가,센트럴파크,114.8905,7,2020,150000,200,2026,4,14
용산구,이촌동,강촌,84.85,14,1998,85000,0,2026,4,11
용산구,한남동,한남해피트리,65.17,6,2016,40000,210,2026,4,14
용산구,도원동,삼성래미안,59.94,14,2001,64000,0,2026,4,13
용산구,원효로1가,용산원효루미니,33.9588,29,2022,13533,63,2026,4,13
용산구,이촌동,한가람,114.96,2,1998,100000,70,2026,4,11
용산구,신계동,용산e편한세상,84.21,20,2011,10000,337,2026,4,13
용산구,한강로2가,용산베르디움프렌즈,39.8036,32,2021,6879,57,2026,4,13
용산구,한강로2가,용산베르디움프렌즈,48.9018,12,2021,19323,35,2026,4,13
용산구,원효로1가,용산원효루미니,43.9656,6,2022,17344,81,2026,4,13
용산구,한강로2가,용산베르디움프렌즈,19.6951,5,2021,8316,15,2026,4,13
용산구,한남동,한남힐스테이트,130.898,9,2003,65000,120,2026,4,9
용산구,이촌동,한가람,59.88,17,1998,70000,0,2026,4,11
용산구,용산동5가,용산파크타워(24-0),149.92,11,2009,10000,750,2026,4,10
용산구,한남동,한남해피트리,65.97,4,2016,89250,0,2026,4,13
용산구,문배동,아크로타워,84.97,21,2007,76000,0,2026,4,13
용산구,이촌동,현대한강,84.88,3,1997,59850,0,2026,4,11
용산구,효창동,용산롯데캐슬센터포레,59.8677,9,2019,65000,100,2026,4,3
용산구,효창동,용산롯데캐슬센터포레,38.1752,8,2019,6116,8,2026,4,13
용산구,신계동,용산e편한세상,84.89,11,2011,100000,0,2026,4,11
용산구,문배동,용산큐브,13.01,16,2013,1000,73,2026,4,9
용산구,효창동,용산데시앙포레,59.8391,2,2022,67000,12,2026,4,11
용산구,원효로4가,강변삼성스위트,59.94,1,1999,55000,0,2026,4,11
용산구,효창동,용산데시앙포레,59.7642,6,2022,72450,0,2026,4,11
용산구,이촌동,동아그린,84.82,7,1999,50000,9,2026,4,3
용산구,이촌동,한가람,59.88,18,1998,65000,0,2026,4,11
용산구,후암동,후암미주,63.44,5,1980,30000,0,2026,4,9
용산구,효창동,용산롯데캐슬센터포레,38.1752,7,2019,17705,45,2026,4,10
용산구,한남동,한남동동원베네스트,81.83,5,2010,79000,0,2026,4,10
용산구,이촌동,동아그린,114.96,5,1999,61500,0,2026,4,10
용산구,원효로1가,용산원효루미니,43.9485,12,2022,18480,84,2026,4,10
용산구,원효로1가,용산더프라임,123.673,27,2014,20000,560,2026,4,1
용산구,이촌동,한가람,84.96,19,1998,90000,0,2026,4,9
용산구,효창동,용산롯데캐슬센터포레,110.1458,5,2019,2000,100,2026,4,9
용산구,신계동,용산e편한세상,84.89,8,2011,100000,0,2026,4,10
용산구,한강로2가,용산베르디움프렌즈,49.9933,18,2021,19707,33,2026,4,10
용산구,이촌동,현대한강,84.88,6,1997,75000,0,2026,4,9
용산구,갈월동,용산남영역롯데캐슬헤리티지,49.7596,20,2025,23300,91,2026,4,9
용산구,이촌동,우성,58.2,17,1995,69000,0,2026,4,9
용산구,문배동,이안용산1차(101동),84.95,5,2005,67000,0,2026,4,10
용산구,원효로1가,용산원효루미니,33.9588,18,2022,13533,62,2026,4,9
용산구,한강로2가,벽산메가트리움,84.97,26,2005,80000,0,2026,4,8
용산구,이촌동,한가람,59.88,11,1998,85000,0,2026,4,4
용산구,이태원동,이태원(이테크빌),83.74,2,2002,57750,0,2026,4,9
용산구,원효로1가,용산원효루미니,33.9588,21,2022,13533,62,2026,4,9
용산구,효창동,용산데시앙포레,59.7447,3,2022,69500,0,2026,4,8
용산구,후암동,뉴후암,44.3,5,1973,50,50,2026,4,2
용산구,원효로1가,용산원효루미니,43.9485,22,2022,18480,86,2026,4,9
용산구,갈월동,용산남영역롯데캐슬헤리티지,23.9784,10,2025,13800,57,2026,4,9
용산구,용산동5가,용산파크타워(24-0),154.47,31,2009,210000,0,2026,4,7
용산구,이촌동,래미안첼리투스,124.02,38,2015,20000,950,2026,4,8
용산구,한강로2가,용산베르디움프렌즈,19.6951,31,2021,8316,13,2026,4,9
용산구,이촌동,삼익,104.86,12,1979,5500,200,2026,4,3
용산구,효창동,효창파크푸르지오,59.41,12,2010,63500,45,2026,4,1
용산구,갈월동,용산남영역롯데캐슬헤리티지,39.8291,13,2025,19900,79,2026,4,8
용산구,한강로3가,센트럴파크,114.5011,23,2020,210000,0,2026,4,2
용산구,효창동,용산데시앙포레,59.7642,2,2022,40000,125,2026,4,8
용산구,원효로1가,용산원효루미니,33.9588,4,2022,6376,26,2026,4,8
용산구,원효로1가,용산원효루미니,33.9588,4,2022,6376,33,2026,4,8
용산구,원효로1가,용산원효루미니,33.9588,8,2022,10896,61,2026,4,7
용산구,원효로1가,용산파크뷰(46-3),27.61,18,2018,30000,8,2026,4,7
용산구,한강로2가,용산푸르지오써밋(420),169.055,29,2017,20000,1500,2026,4,8
용산구,용산동5가,용산파크타워(24-0),100.29,17,2009,106800,0,2026,4,4
용산구,이촌동,삼익,104.86,4,1979,63000,0,2026,4,8
용산구,도원동,삼성래미안,59.94,12,2001,3000,163,2026,4,1
용산구,원효로1가,용산더프라임,114.218,30,2014,123000,0,2026,4,8
용산구,원효로1가,용산더프라임,84.976,22,2014,50000,165,2026,4,1
용산구,후암동,후암미주,62.28,4,1980,34500,0,2026,4,7
용산구,원효로1가,용산원효루미니,43.9485,18,2022,18480,86,2026,4,6
용산구,이촌동,동아그린,84.82,9,1999,56700,0,2026,4,4
용산구,산천동,리버힐삼성,84.98,6,2001,68500,0,2026,4,7
용산구,효창동,효창한신,71.77,6,1987,25000,70,2026,4,7
용산구,문배동,프라임펠리스,13.51,14,2012,14800,0,2026,4,6
용산구,이촌동,한가람,59.88,8,1998,7000,250,2026,4,6
용산구,한강로2가,아스테리움용산,141.08,29,2012,220000,0,2026,4,4
용산구,원효로1가,용산원효루미니,33.9588,12,2022,12106,56,2026,4,2
용산구,원효로1가,용산원효루미니,33.9588,17,2022,13533,63,2026,4,6
용산구,원효로1가,용산원효루미니,43.9656,4,2022,17344,80,2026,4,2
용산구,원효로1가,용산원효루미니,33.9588,13,2022,12106,56,2026,4,6
용산구,이촌동,동부센트레빌,100.92,20,2001,70000,200,2026,4,6
용산구,원효로1가,용산원효루미니,43.9656,12,2022,17344,79,2026,4,2
용산구,신계동,용산e편한세상,84.21,1,2011,88000,0,2026,4,6
용산구,한강로3가,에피소드용산,32.2626,15,2024,3000,382,2026,4,1
용산구,한강로2가,용산베르디움프렌즈,48.9018,17,2021,19323,35,2026,4,6
용산구,이촌동,대림,59.22,11,1994,51000,0,2026,4,4
용산구,이촌동,북한강(성원),59.55,15,2001,60000,0,2026,4,2
용산구,한남동,현대하이페리온,197.22,9,2002,100000,441,2026,4,6
용산구,용산동5가,용산파크타워(24-1),128.36,13,2009,20000,700,2026,4,4
용산구,이촌동,동아그린,84.82,17,1999,65000,0,2026,4,4
용산구,이촌동,한강맨숀,101.95,2,1971,48000,0,2026,4,6
용산구,이촌동,래미안첼리투스,124.02,4,2015,10000,950,2026,4,3
용산구,이촌동,대림,59.22,11,1994,51000,0,2026,4,4
용산구,효창동,용산데시앙포레,59.7642,10,2022,75000,0,2026,4,4
용산구,문배동,아크로타워,126.3,17,2007,95000,0,2026,4,5
용산구,한강로2가,래미안용산더센트럴,161.48,37,2017,270000,0,2026,4,3
용산구,서빙고동,그린파크(코오롱하늘채),84.99,13,2000,5000,300,2026,4,4
용산구,이촌동,강촌,114.595,12,1998,120000,0,2026,4,1
용산구,원효로1가,용산원효루미니,43.9656,22,2022,17344,79,2026,4,3
용산구,효창동,용산케이씨씨스위첸,84.91,4,2018,90000,0,2026,4,3
용산구,이촌동,강촌,114.595,12,1998,120000,0,2026,4,1
용산구,원효로1가,용산더프라임,55.325,6,2014,70000,0,2026,4,3
용산구,원효로1가,용산원효루미니,43.9656,23,2022,17344,78,2026,4,3
용산구,이촌동,강촌,84.85,18,1998,40000,180,2026,4,3
용산구,이촌동,동아그린,84.82,7,1999,50000,9,2026,4,3
용산구,원효로4가,강변삼성스위트,84.9,16,1999,65000,0,2026,4,3
용산구,산천동,리버힐삼성,84.98,7,2001,63000,0,2026,4,3
용산구,원효로1가,용산더프라임,84.976,22,2014,54700,165,2026,4,1
용산구,이태원동,청화1,142.71,3,1982,10000,316,2026,4,2
용산구,보광동,신동아1,84.93,1,1992,55000,0,2026,4,1
용산구,원효로1가,용산원효루미니,33.9588,26,2022,13533,62,2026,4,2
용산구,원효로1가,용산원효루미니,33.9588,14,2022,13533,62,2026,4,1
용산구,원효로1가,용산원효루미니,43.9656,20,2022,15610,87,2026,4,1
용산구,한강로3가,쌍용스윗닷홈,84.98,3,2003,40000,200,2026,4,1
용산구,이촌동,강촌,59.12,17,1998,68000,0,2026,4,1
용산구,원효로1가,용산원효루미니,33.9588,5,2022,12106,56,2026,4,1
용산구,이촌동,한강(대우),134.13,4,2000,170000,0,2026,4,1
용산구,원효로1가,용산원효루미니,43.9656,16,2022,17344,80,2026,4,1
용산구,원효로1가,용산원효루미니,33.9588,17,2022,13533,63,2026,4,1
용산구,원효로1가,용산원효루미니,43.9656,3,2022,17344,80,2026,4,1
용산구,보광동,리버빌(삼성),59.7,10,2000,52500,0,2026,4,1
성동구,옥수동,옥수하이츠,114.78,2,1998,11000,0,2026,4,4
성동구,성수동2가,롯데캐슬파크,81.567,20,2003,10000,310,2026,4,10
성동구,도선동,삼성쉐르빌,84.74,8,2006,65000,0,2026,4,20
성동구,옥수동,래미안 옥수 리버젠,84.81,3,2012,10000,410,2026,4,28
성동구,응봉동,대림강변타운,84.42,15,2001,10000,245,2026,4,11
성동구,옥수동,한남하이츠,101.09,7,1982,51000,0,2026,4,10
성동구,성수동2가,청구강변1,84.87,17,1994,30000,60,2026,4,25
성동구,성수동1가,서울숲아이파크리버포레2차,84.9612,13,2025,155000,0,2026,4,27
성동구,마장동,현대,59.94,27,1998,10000,195,2026,4,14
성동구,성수동2가,성수동두산위브,84.95,3,2006,59850,0,2026,4,27
성동구,성수동1가,동아,53.14,2,1983,5000,92,2026,4,25
성동구,금호동2가,래미안하이리버,59.99,8,2012,68775,0,2026,4,25
성동구,성수동1가,강변동양,84.14,9,2001,55000,80,2026,4,24
성동구,금호동2가,래미안하이리버,59.99,20,2012,75000,0,2026,4,22
성동구,금호동4가,대우,59.97,8,2001,53000,0,2026,4,18
성동구,금호동1가,이편한세상금호파크힐스,84.932,4,2019,95000,0,2026,4,20
성동구,금호동2가,금호자이1차,59.99,7,2012,67000,25,2026,4,13
성동구,옥수동,래미안 옥수 리버젠,59.25,4,2012,80850,0,2026,4,11
성동구,옥수동,옥수파크힐스101동~116동,59.91,4,2016,89250,0,2026,4,11
성동구,하왕십리동,왕십리KCC스위첸,64.236,12,2016,61950,0,2026,4,8
성동구,마장동,세림,84.93,11,1986,45000,0,2026,4,3
성동구,옥수동,옥수이테크빌,84.37,15,2002,68250,0,2026,4,25
성동구,옥수동,래미안 옥수 리버젠,59.25,4,2012,80850,0,2026,4,11
성동구,옥수동,한남하이츠,89.22,1,1982,45000,0,2026,4,18
성동구,행당동,라체르보푸르지오써밋,59.9398,26,2025,20000,320,2026,4,28
성동구,옥수동,래미안 옥수 리버젠,134.13,8,2012,10000,650,2026,4,23
성동구,성수동1가,강변동양,59.9,11,2001,57750,0,2026,4,29
성동구,금호동2가,신금호파크자이,59.98,14,2016,82000,0,2026,4,28
성동구,금호동4가,서울숲2차푸르지오,59.907,10,2012,80000,0,2026,4,25
성동구,성수동1가,서울숲아이파크리버포레2차,59.9566,4,2025,90000,0,2026,4,20
성동구,옥수동,극동그린,84.92,8,1997,57000,50,2026,4,15
성동구,응봉동,대림(1차),113.71,3,1986,5000,280,2026,4,14
성동구,옥수동,옥수어울림,84.65,17,2011,40000,310,2026,4,4
성동구,용답동,드래곤힐,19.75,8,2013,2000,64,2026,4,30
성동구,마장동,세림,84.93,1,1986,25000,60,2026,4,17
성동구,금호동1가,벽산,59.9,16,2001,30000,60,2026,4,25
성동구,옥수동,래미안 옥수 리버젠,59.25,3,2012,15000,280,2026,4,22
성동구,금호동1가,이편한세상금호파크힐스,59.983,18,2019,10000,198,2026,4,25
성동구,금호동1가,이편한세상금호파크힐스,84.932,2,2019,70000,132,2026,4,28
성동구,마장동,라봄성동,25.0635,11,2025,5020,8,2026,4,27
성동구,행당동,서울숲리버뷰자이,84.9,25,2018,92000,0,2026,4,30
성동구,도선동,삼성쉐르빌,84.74,8,2006,65000,0,2026,4,20
성동구,옥수동,옥수파크힐스101동~116동,115.9,3,2016,70000,340,2026,4,11
성동구,행당동,행당한진타운,84.71,3,2000,10000,320,2026,4,15
성동구,금호동3가,두산,79.08,12,1994,55050,0,2026,4,23
성동구,금호동2가,신금호파크자이,59.98,16,2016,5000,350,2026,4,11
성동구,성수동2가,서울숲힐스테이트,143,23,2009,100000,470,2026,4,14
성동구,행당동,서울숲리버뷰자이,84.9,23,2018,105000,0,2026,4,10
성동구,금호동2가,신금호파크자이,84.98,4,2016,100000,0,2026,4,15
성동구,금호동1가,이편한세상금호파크힐스,124.625,6,2019,85000,0,2026,4,10
성동구,옥수동,극동,68.58,11,1986,5000,170,2026,4,30
성동구,성수동1가,서울숲아이파크리버포레1차,59.9925,10,2024,60000,0,2026,4,28
성동구,금호동2가,래미안하이리버,84.98,2,2012,78750,0,2026,4,29
성동구,상왕십리동,텐즈힐(2단지),84.9,15,2014,15000,296,2026,4,24
성동구,금호동2가,신금호파크자이,59.98,3,2016,75000,0,2026,4,25
성동구,금호동2가,신금호파크자이,59.98,7,2016,10000,320,2026,4,21
성동구,금호동3가,두산,79.08,4,1994,60000,0,2026,4,27
성동구,금호동2가,신금호파크자이,59.98,9,2016,30000,220,2026,4,28
성동구,행당동,서울숲리버뷰자이,84.9,22,2018,104000,0,2026,4,18
성동구,마장동,삼성홈타운,14.45,3,2015,500,75,2026,4,23
성동구,금호동1가,벽산,84.82,14,2001,17000,150,2026,4,18
성동구,하왕십리동,텐즈힐(1단지),84.88,6,2015,30000,240,2026,4,29
성동구,성수동2가,롯데캐슬파크,101.995,6,2003,100000,0,2026,4,12
성동구,하왕십리동,텐즈힐(1단지),59.88,14,2015,65400,0,2026,4,23
성동구,행당동,서울숲 한신 더 휴,59.91,7,2003,60800,0,2026,4,25
성동구,성수동1가,서울숲아이파크리버포레2차,59.9919,8,2025,107000,0,2026,4,27
성동구,응봉동,대림강변타운,59.76,1,2001,58000,0,2026,4,22
성동구,금호동1가,벽산,59.9,14,2001,48000,0,2026,4,18
성동구,금호동4가,대우,59.97,15,2001,5250,210,2026,4,28
성동구,사근동,인암빌,18.6555,3,2018,6000,53,2026,4,14
성동구,성수동1가,서울숲아이파크리버포레2차,59.9919,8,2025,107000,0,2026,4,27
성동구,행당동,대림e-편한세상,84.87,12,2000,68200,0,2026,4,4
성동구,하왕십리동,금호베스트빌,59.79,15,2001,15000,180,2026,4,30
성동구,성수동1가,서울숲아이파크리버포레2차,59.9566,29,2025,120000,0,2026,4,10
성동구,금호동3가,두산,116.81,12,1994,74000,0,2026,4,18
성동구,행당동,서울숲리버뷰자이,59.97,9,2018,84000,0,2026,4,30
성동구,성수동2가,성수우방2차아파트,84.645,3,1999,65000,0,2026,4,30
성동구,옥수동,래미안 옥수 리버젠,59.25,2,2012,66000,0,2026,4,25
성동구,금호동2가,신금호파크자이,59.98,15,2016,30000,230,2026,4,30
성동구,성수동2가,서울숲힐스테이트,117.13,8,2009,70000,330,2026,4,23
성동구,송정동,건영,84.945,20,2000,61900,0,2026,4,25
성동구,금호동1가,금호삼성래미안,114.67,7,2001,5000,390,2026,4,11
성동구,성수동2가,금호타운2차아파트,59.94,7,1997,36000,130,2026,4,2
성동구,성수동1가,강변건영아파트,84.941,11,2002,95000,0,2026,4,21
성동구,응봉동,신동아,84.81,5,1996,5000,180,2026,4,21
성동구,성수동1가,강변건영아파트,84.952,16,2002,40000,230,2026,4,18
성동구,옥수동,옥수파크힐스101동~116동,59.78,11,2016,35000,217,2026,4,16
성동구,응봉동,서울숲리버그린동아아파트,59.98,17,2003,56000,30,2026,4,18
성동구,하왕십리동,센트라스,84.96,8,2016,90000,0,2026,4,18
성동구,응봉동,신동아,59.97,12,1996,46000,0,2026,4,27
성동구,도선동,제니스빌,12.68,10,2014,1000,55,2026,4,22
성동구,옥수동,옥수하이츠,114.78,12,1998,40000,310,2026,4,15
성동구,금호동1가,벽산,59.9,16,2001,10000,155,2026,4,25
성동구,옥수동,옥수삼성,114.666,2,1999,95000,0,2026,4,16
성동구,성수동1가,동아,53.14,4,1983,25000,0,2026,4,3
성동구,옥수동,옥수삼성,84.822,8,1999,65000,60,2026,4,25
성동구,금호동2가,래미안하이리버,114.32,11,2012,60350,220,2026,4,16
성동구,옥수동,현대,71.05,11,1990,20000,150,2026,4,20
성동구,금호동2가,래미안하이리버,59.99,15,2012,70000,0,2026,4,29
성동구,행당동,서울숲 한신 더 휴,84.95,23,2003,70000,0,2026,4,30
성동구,하왕십리동,센트라스,59.93,19,2016,60000,100,2026,4,26
성동구,금호동1가,이편한세상금호파크힐스,84.957,9,2019,87150,0,2026,4,30
성동구,하왕십리동,센트라스,84.96,15,2016,115000,0,2026,4,21
성동구,행당동,서울숲리버뷰자이,84.9,23,2018,105000,0,2026,4,10
성동구,응봉동,대림강변타운,84.42,1,2001,30000,173,2026,4,25
성동구,성수동1가,중앙하이츠빌,84.9673,8,2003,78000,0,2026,4,28
성동구,행당동,신동아,76.71,8,1995,5000,150,2026,4,20
성동구,하왕십리동,벽산,84.94,4,1996,10000,240,2026,4,25
성동구,금호동1가,벽산,114.57,15,2001,80000,0,2026,4,23
성동구,금호동4가,대우,114.71,11,2001,25000,330,2026,4,12
성동구,금호동3가,두산,79.08,15,1994,65000,0,2026,4,24
성동구,하왕십리동,센트라스,115.99,20,2016,20000,485,2026,4,25
성동구,옥수동,래미안 옥수 리버젠,84.73,5,2012,30000,310,2026,4,18
성동구,행당동,서울숲 한신 더 휴,84.95,1,2003,10000,265,2026,4,28
성동구,행당동,서울숲행당푸르지오,59.68,12,2011,25000,125,2026,4,27
성동구,금호동4가,대우,84.71,17,2001,80000,0,2026,4,20
성동구,성수동1가,서울숲대림,84.015,12,2000,74000,0,2026,4,19
성동구,금호동1가,이편한세상금호파크힐스,84.932,17,2019,97650,0,2026,4,11
성동구,하왕십리동,센트라스,84.99,4,2016,93000,0,2026,4,25
성동구,옥수동,래미안 옥수 리버젠,59.25,15,2012,50000,140,2026,4,10
성동구,금호동3가,두산,59.97,5,1994,48000,0,2026,4,17
성동구,하왕십리동,벽산,84.94,7,1996,67000,0,2026,4,27
성동구,행당동,서울숲리버뷰자이,108.82,26,2018,150500,0,2026,4,24
성동구,하왕십리동,벽산,114.46,5,1996,100000,0,2026,4,25
성동구,상왕십리동,텐즈힐(2단지),127.44,4,2014,60000,230,2026,4,29
성동구,성수동1가,트리마제,69.7244,23,2017,10000,760,2026,4,24
성동구,하왕십리동,센트라스,59.95,23,2016,63500,25,2026,4,25
성동구,성수동2가,롯데캐슬파크,81.567,20,2003,10000,310,2026,4,10
성동구,금호동3가,두산,124.98,3,1994,20000,250,2026,4,1
성동구,금호동1가,이편한세상금호파크힐스,84.932,19,2019,50000,190,2026,4,15
성동구,옥수동,옥수파크힐스117동~125동,59.59,6,2016,83000,0,2026,4,30
성동구,응봉동,대림(2차),84.53,11,1989,24000,150,2026,4,15
성동구,행당동,서울숲리버뷰자이,108.82,31,2018,130000,50,2026,4,30
성동구,금호동1가,이편한세상금호파크힐스,59.983,4,2019,79800,0,2026,4,29
성동구,마장동,현대,59.94,4,1998,10000,160,2026,4,23
성동구,성수동2가,금호타운2차아파트,59.94,8,1997,21000,100,2026,4,30
성동구,옥수동,극동,148.23,9,1986,73000,0,2026,4,27
성동구,옥수동,한남하이츠,101.09,7,1982,51000,0,2026,4,10
성동구,상왕십리동,텐즈힐(2단지),127.44,6,2014,97000,90,2026,4,24
성동구,성수동1가,중앙하이츠빌,84.9673,5,2003,40000,150,2026,4,24
성동구,옥수동,옥수하이츠,84.86,4,1998,90000,0,2026,4,25
성동구,상왕십리동,텐즈힐(2단지),127.44,12,2014,30000,320,2026,4,27
성동구,행당동,서울숲 한신 더 휴,59.91,9,2003,5000,250,2026,4,18
성동구,성수동1가,동아,53.14,4,1983,25000,0,2026,4,3
성동구,금호동3가,금호한신,84.96,3,2005,73500,0,2026,4,23
성동구,성수동1가,강변동양,84.95,7,2001,57750,0,2026,4,30
성동구,금호동4가,서울숲2차푸르지오,84.898,7,2012,95000,0,2026,4,29
성동구,행당동,신동아,59.97,13,1995,37000,60,2026,4,30
성동구,금호동1가,이편한세상금호파크힐스,84.982,11,2019,108000,0,2026,4,4
성동구,행당동,지웰홈스왕십리,16.41,7,2020,1000,103,2026,4,22
성동구,마장동,삼성홈타운,15.77,6,2015,3000,65,2026,4,7
성동구,금호동2가,신금호파크자이,59.98,12,2016,69200,0,2026,4,11
성동구,성수동1가,동아,52.5,7,1983,47250,0,2026,4,25
성동구,금호동4가,대우,84.71,11,2001,68000,0,2026,4,30
성동구,행당동,서울숲더샵,92.24,37,2014,110000,0,2026,4,25
성동구,성수동2가,현대I-PARK,84.98,2,2003,40000,180,2026,4,6
성동구,금호동2가,금호자이1차,59.98,2,2012,47000,82,2026,4,29
성동구,행당동,대림e-편한세상,59.96,7,2000,44000,47,2026,4,30
성동구,금호동2가,래미안하이리버,59.99,20,2012,32000,160,2026,4,24
성동구,응봉동,대림(1차),75.51,12,1986,56000,0,2026,4,22
성동구,용답동,청계SKVIEW,59.8279,5,2025,30000,150,2026,4,4
성동구,옥수동,옥수삼성,84.822,10,1999,84000,0,2026,4,11
성동구,하왕십리동,텐즈힐(1단지),59.88,17,2015,69000,0,2026,4,27
성동구,응봉동,신동아,114.72,3,1996,60000,0,2026,4,25
성동구,금호동4가,서울숲푸르지오,59.99,3,2007,19016,135,2026,4,30
성동구,금호동1가,벽산,84.82,6,2001,59000,0,2026,4,11
성동구,금호동4가,서울숲2차푸르지오,59.907,12,2012,80000,0,2026,4,18
성동구,응봉동,신동아,59.97,12,1996,46000,0,2026,4,27
성동구,하왕십리동,왕십리자이,59.99,20,2017,50000,120,2026,4,23
성동구,옥수동,현대,71.05,12,1990,50000,80,2026,4,25
성동구,마장동,세림,72.84,11,1986,45000,0,2026,4,24
성동구,응봉동,서울숲리버그린동아아파트,84.83,22,2003,35000,175,2026,4,18
성동구,금호동1가,이편한세상금호파크힐스,59.949,11,2019,14700,200,2026,4,18
성동구,하왕십리동,왕십리풍림아이원,59.936,13,2004,30000,0,2026,4,18
성동구,하왕십리동,텐즈힐(1단지),84.92,22,2015,102000,0,2026,4,30
성동구,금호동4가,힐스테이트서울숲리버,84.69,7,2018,108000,0,2026,4,30
성동구,금호동4가,대우,84.71,11,2001,55000,75,2026,4,15
성동구,금호동2가,래미안하이리버,84.98,9,2012,98000,0,2026,4,30
성동구,금호동1가,벽산,84.82,14,2001,50000,80,2026,4,22
성동구,옥수동,풍림아이원,84.767,9,2004,110000,0,2026,4,25
성동구,응봉동,신동아,59.97,5,1996,42000,0,2026,4,20
성동구,금호동4가,서울숲푸르지오,59.99,14,2007,60000,60,2026,4,30
성동구,하왕십리동,왕십리자이,59.99,16,2017,72400,0,2026,4,7
성동구,옥수동,옥수파크힐스117동~125동,59.78,5,2016,9400,316,2026,4,3
성동구,행당동,서울숲더샵,101.45,22,2014,10000,500,2026,4,22
성동구,행당동,신동아,59.97,8,1995,38288,0,2026,4,25
성동구,금호동4가,힐스테이트서울숲리버,84.92,4,2018,104500,0,2026,4,30
성동구,금호동1가,금호삼성래미안,84.45,10,2001,76600,0,2026,4,17
성동구,행당동,행당한진타운,114.62,16,2000,50000,130,2026,4,30
성동구,옥수동,풍림아이원,84.767,9,2004,65000,100,2026,4,4
성동구,행당동,행당한진타운,114.62,12,2000,83000,15,2026,4,30
성동구,마장동,현대,59.94,27,1998,10000,195,2026,4,14
성동구,금호동1가,이편한세상금호파크힐스,84.957,10,2019,81360,0,2026,4,29
성동구,금호동4가,삼산금호,49.45,4,1975,25700,0,2026,4,25
성동구,마장동,세림,40.86,4,1986,28000,0,2026,4,22
성동구,금호동3가,두산,59.97,10,1994,48470,0,2026,4,18
성동구,금호동1가,이편한세상금호파크힐스,84.932,2,2019,70000,132,2026,4,28
성동구,금호동1가,벽산,59.9,11,2001,50000,0,2026,4,29
성동구,성수동2가,현대I-PARK,116.22,4,2003,50000,250,2026,4,25
성동구,옥수동,극동,84.74,4,1986,49000,0,2026,4,2
성동구,성수동2가,현대I-PARK,104.56,5,2003,20000,310,2026,4,23
성동구,응봉동,대림(1차),63.18,13,1986,40000,0,2026,4,25
성동구,하왕십리동,센트라스,59.59,12,2016,78000,14,2026,4,29
성동구,금호동3가,두산,79.08,1,1994,44000,0,2026,4,13
성동구,행당동,서울숲행당푸르지오,59.68,3,2011,36750,100,2026,4,20
성동구,하왕십리동,왕십리KCC스위첸,59.851,3,2016,50000,150,2026,4,24
성동구,금호동3가,두산,59.97,12,1994,50400,0,2026,4,24
성동구,금호동1가,이편한세상금호파크힐스,59.983,5,2019,61100,100,2026,4,13
성동구,금호동3가,두산,79.08,7,1994,56000,0,2026,4,9
성동구,행당동,행당한진타운(임대),32.96,15,2000,1221,16,2026,4,29
성동구,성수동1가,서울숲아이파크리버포레1차,84.959,26,2024,140000,0,2026,4,29
성동구,금호동2가,신금호파크자이,59.98,7,2016,65100,33,2026,4,29
성동구,하왕십리동,왕십리자이,84.99,9,2017,74000,60,2026,4,29
성동구,응봉동,대림강변타운,84.42,4,2001,76000,0,2026,4,28
성동구,하왕십리동,금호베스트빌,59.79,11,2001,25000,77,2026,4,28
성동구,성수동1가,서울숲한양현대,84.81,8,1999,75000,0,2026,4,29
성동구,금호동4가,서울숲르씨엘,59.5075,6,2023,15000,275,2026,4,29
성동구,용답동,청계SKVIEW,44.9812,33,2025,34398,0,2026,4,29
성동구,용답동,청계SKVIEW,59.8279,5,2025,50310,0,2026,4,28
성동구,도선동,트윈빌,15.56,4,2014,2000,56,2026,4,6
성동구,성수동2가,한신한강,84.97,19,2000,56000,0,2026,4,27
성동구,하왕십리동,왕십리풍림아이원,84.417,6,2004,58000,50,2026,4,15
성동구,하왕십리동,센트라스,40.94,9,2016,65000,0,2026,4,29
성동구,옥수동,옥수삼성,59.7,6,1999,40000,120,2026,4,29
성동구,금호동1가,이편한세상금호파크힐스,59.949,12,2019,82900,0,2026,4,27
성동구,성수동1가,아크로서울포레스트,159.603,23,2020,10000,2800,2026,4,20
성동구,금호동4가,서울숲푸르지오,114.55,3,2007,100000,0,2026,4,27
성동구,사근동,어반큐브,35.49,7,2018,1000,87,2026,4,4
성동구,성수동1가,서울숲대림,59.885,7,2000,50000,70,2026,4,23
성동구,금호동2가,신금호파크자이,59.98,6,2016,75000,0,2026,4,28
성동구,마장동,삼성홈타운,18.06,2,2015,1000,90,2026,4,25
성동구,하왕십리동,왕십리풍림아이원,59.936,16,2004,10000,220,2026,4,29
성동구,금호동1가,이편한세상금호파크힐스,84.982,3,2019,82000,15,2026,4,24
성동구,마장동,대성유니드,84.71,1,2004,68000,0,2026,4,28
성동구,금호동1가,이편한세상금호파크힐스,59.949,8,2019,79800,0,2026,4,21
성동구,하왕십리동,센트라스,84.99,23,2016,30000,290,2026,4,17
성동구,금호동4가,서울숲2차푸르지오,84.898,11,2012,30000,250,2026,4,5
성동구,성수동2가,청구강변1,59.94,5,1994,50000,0,2026,4,27
성동구,옥수동,옥수파크힐스101동~116동,59.88,4,2016,70000,80,2026,4,28
성동구,응봉동,대림강변타운,59.76,15,2001,40000,0,2026,4,25
성동구,옥수동,옥수삼성,59.7,14,1999,52080,0,2026,4,8
성동구,용답동,청계SKVIEW,44.9997,27,2025,34398,0,2026,4,28
성동구,용답동,청계SKVIEW,59.8279,14,2025,50310,0,2026,4,28
성동구,마장동,왕십리삼성아파트,59.76,16,1996,60000,0,2026,4,28
성동구,금호동1가,이편한세상금호파크힐스,84.932,15,2019,110000,0,2026,4,14
성동구,하왕십리동,왕십리자이,84.99,19,2017,90000,0,2026,4,28
성동구,하왕십리동,극동미라주,59.4,20,2001,35000,60,2026,4,23
성동구,금호동2가,신금호파크자이,59.98,3,2016,40000,170,2026,4,17
성동구,용답동,청계SKVIEW,44.9997,29,2025,34398,0,2026,4,28
성동구,금호동2가,신금호파크자이,84.98,2,2016,95000,0,2026,4,28
성동구,성수동1가,서울숲아이파크리버포레2차,84.9612,23,2025,157000,0,2026,4,28
성동구,성수동1가,서울숲성수현대,59.13,4,1990,70000,0,2026,4,24
성동구,금호동1가,이편한세상금호파크힐스,116.134,14,2019,125000,0,2026,4,24
성동구,하왕십리동,벽산,114.46,4,1996,10000,264,2026,4,24
성동구,사근동,어반큐브,17.81,2,2018,1000,64,2026,4,4
성동구,응봉동,금호현대,79.8,7,1990,43900,0,2026,4,6
성동구,행당동,신동아,84.99,9,1995,62000,0,2026,4,6
성동구,성수동1가,대우2,84.97,8,1999,5000,230,2026,4,7
성동구,금호동1가,이편한세상금호파크힐스,59.983,20,2019,88000,0,2026,4,19
성동구,성수동1가,서울숲아이파크리버포레2차,59.9566,24,2025,20000,400,2026,4,3
성동구,금호동2가,신금호파크자이,59.98,15,2016,74500,0,2026,4,21
성동구,금호동4가,힐스테이트서울숲리버,84.88,10,2018,114000,0,2026,4,28
성동구,송정동,건영,84.945,18,2000,10000,185,2026,4,18
성동구,금호동2가,래미안하이리버,59.99,8,2012,68775,0,2026,4,25
성동구,성수동1가,서울숲아이파크리버포레1차,59.9925,23,2024,117000,0,2026,4,21
성동구,행당동,행당한진타운,84.71,10,2000,64100,0,2026,4,25
성동구,금호동1가,신금호두산위브,84.12,7,2006,5000,310,2026,4,5
성동구,행당동,대림e-편한세상,114.94,4,2000,30000,200,2026,4,28
성동구,금호동4가,대우,84.71,6,2001,70000,0,2026,4,25
성동구,마장동,라봄성동,39.467,9,2025,15200,75,2026,4,27
성동구,금호동3가,두산,79.08,15,1994,50000,0,2026,4,28
성동구,옥수동,극동,57.78,7,1986,2500,150,2026,4,27
성동구,성수동1가,대우2,84.97,12,1999,73000,0,2026,4,22
성동구,행당동,라체르보푸르지오써밋,59.9398,12,2025,30000,240,2026,4,25
성동구,옥수동,래미안 옥수 리버젠,84.81,9,2012,60000,179,2026,4,18
성동구,성수동1가,대우2,59.83,6,1999,64000,0,2026,4,24
성동구,마장동,세림,40.86,14,1986,3000,110,2026,4,3
성동구,마장동,마장에스에이치빌,49.95,9,2006,3266,33,2026,4,24
성동구,용답동,청계SKVIEW,59.8788,29,2025,50310,0,2026,4,27
성동구,성수동1가,서울숲대림,59.885,2,2000,52093,0,2026,4,21
성동구,용답동,청계SKVIEW,44.9812,16,2025,34398,0,2026,4,27
성동구,행당동,서울숲행당푸르지오,84.74,15,2011,18000,240,2026,4,15
성동구,옥수동,래미안 옥수 리버젠,84.73,1,2012,100000,0,2026,4,25
성동구,옥수동,옥수어울림,84.699,5,2011,84000,0,2026,4,27
성동구,하왕십리동,센트라스,84.96,17,2016,104000,0,2026,4,25
성동구,성수동1가,한진타운,59.4,1,1994,65000,0,2026,4,18
성동구,금호동1가,벽산,59.9,7,2001,35000,30,2026,4,1
성동구,금호동2가,금호자이1차,84.97,13,2012,95000,0,2026,4,27
성동구,행당동,대림e-편한세상,84.87,14,2000,72000,0,2026,4,25
성동구,용답동,청계SKVIEW,59.8279,6,2025,50310,0,2026,4,27
성동구,옥수동,현대,71.05,4,1990,48900,0,2026,4,25
성동구,하왕십리동,센트라스,84.96,2,2016,20000,330,2026,4,25
성동구,성수동2가,서울숲금강아미움,80.89,9,2004,40000,150,2026,4,25
성동구,옥수동,옥수삼성,59.7,2,1999,30000,160,2026,4,25
성동구,금호동4가,힐스테이트서울숲리버,64.95,9,2018,80000,0,2026,4,27
성동구,금호동4가,힐스테이트서울숲리버,64.95,6,2018,85000,0,2026,4,3
성동구,마장동,라봄성동,25.0635,11,2025,3480,15,2026,4,27
성동구,행당동,행당두산위브,59.99,7,2009,20000,185,2026,4,18
성동구,응봉동,대림(2차),59.91,6,1989,48000,0,2026,4,25
성동구,하왕십리동,센트라스,59.93,25,2016,82000,0,2026,4,25
성동구,응봉동,신동아,59.97,3,1996,42000,0,2026,4,25
성동구,금호동2가,래미안하이리버,59.99,20,2012,75000,0,2026,4,22
성동구,성수동1가,쌍용,84.78,6,1997,20000,203,2026,4,27
성동구,옥수동,래미안 옥수 리버젠,113.52,13,2012,10000,550,2026,4,27
성동구,금호동2가,래미안하이리버,59.98,10,2012,70350,0,2026,4,25
성동구,금호동2가,금호자이1차,59.99,6,2012,75000,0,2026,4,27
성동구,응봉동,대림(1차),75.51,1,1986,47250,0,2026,4,25
성동구,상왕십리동,텐즈힐(2단지),84.92,5,2014,103000,0,2026,4,18
성동구,옥수동,현대,58.72,7,1990,47000,0,2026,4,25
성동구,행당동,서울숲 한신 더 휴,59.94,4,2003,45203,0,2026,4,25
성동구,금호동2가,금호자이1차,59.98,15,2012,75000,0,2026,4,25
성동구,금호동2가,신금호파크자이,59.98,21,2016,76600,0,2026,4,25
성동구,행당동,행당한진타운,59.96,16,2000,10000,220,2026,4,25
성동구,응봉동,금호현대,79.8,11,1990,51450,0,2026,4,23
성동구,응봉동,신동아,76.67,2,1996,30000,100,2026,4,24
성동구,금호동4가,대우,84.71,15,2001,73000,20,2026,4,25
성동구,금호동1가,신금호두산위브,59.92,4,2006,10000,230,2026,4,25
성동구,하왕십리동,텐즈힐(1단지),84.88,9,2015,30000,260,2026,4,2
성동구,도선동,삼성쉐르빌,84.74,18,2006,10000,240,2026,4,20
성동구,금호동4가,브라운스톤금호,84.838,15,2007,76000,0,2026,4,25
성동구,하왕십리동,센트라스,59.94,8,2016,20000,260,2026,4,11
성동구,하왕십리동,센트라스,115.99,20,2016,20000,485,2026,4,25
성동구,하왕십리동,왕십리풍림아이원,114.928,4,2004,60000,60,2026,4,18
성동구,하왕십리동,센트라스,59.94,7,2016,85000,0,2026,4,26
성동구,옥수동,옥수파크힐스101동~116동,84.3,12,2016,35000,310,2026,4,24
성동구,금호동4가,브라운스톤2차,84.98,14,2010,50000,160,2026,4,24
성동구,옥수동,옥수파크힐스101동~116동,59.91,2,2016,20000,290,2026,4,27
성동구,금호동1가,이편한세상금호파크힐스,59.983,9,2019,79000,0,2026,4,25
성동구,옥수동,극동,148.23,2,1986,70000,0,2026,4,25
성동구,응봉동,대림(1차),63.18,3,1986,45000,0,2026,4,25
성동구,행당동,서울숲행당푸르지오,114.33,3,2011,20000,270,2026,4,18
성동구,옥수동,옥수하이츠,114.78,4,1998,110000,0,2026,4,9
성동구,응봉동,서울숲리버그린동아아파트,59.98,19,2003,57750,0,2026,4,25
성동구,금호동4가,힐스테이트서울숲리버,59.98,8,2018,73000,0,2026,4,13
성동구,상왕십리동,텐즈힐(2단지),59.98,5,2014,52500,95,2026,4,4
성동구,옥수동,옥수파크힐스101동~116동,59.88,15,2016,60000,120,2026,4,25
성동구,옥수동,옥수파크힐스117동~125동,59.91,8,2016,50000,165,2026,4,11
성동구,하왕십리동,왕십리자이,59.99,9,2017,79000,0,2026,4,25
성동구,성수동1가,쌍용,59.76,19,1997,56000,0,2026,4,24
성동구,행당동,행당두산위브,59.99,2,2009,75000,0,2026,4,24
성동구,금호동3가,금호1차푸르지오,59.97,2,2005,54500,0,2026,4,24
성동구,마장동,마장동중앙하이츠,84.8,14,1999,15000,170,2026,4,23
성동구,옥수동,옥수삼성,59.7,9,1999,73000,0,2026,4,23
성동구,금호동2가,금호자이1차,59.99,10,2012,50000,0,2026,4,24
성동구,응봉동,대림(1차),75.51,3,1986,47000,0,2026,4,24
성동구,성수동1가,트리마제,25.3284,7,2017,10000,250,2026,4,24
성동구,금호동4가,힐스테이트서울숲리버,141.86,5,2018,175000,0,2026,4,24
성동구,성수동1가,한진타운,84.21,17,1994,78000,0,2026,4,23
성동구,성수동1가,한진타운,84.21,7,1994,75000,0,2026,4,20
성동구,성수동2가,서울숲힐스테이트,57.46,8,2009,87000,0,2026,4,24
성동구,성수동1가,트리마제,25.3284,2,2017,5000,250,2026,4,24
성동구,마장동,왕십리삼성아파트,59.76,9,1996,54600,0,2026,4,4
성동구,옥수동,옥수하이츠,114.78,1,1998,40000,240,2026,4,24
성동구,행당동,행당한진타운,84.71,21,2000,72000,0,2026,4,24
성동구,옥수동,옥수하이츠,114.78,19,1998,10000,375,2026,4,13
성동구,금호동1가,이편한세상금호파크힐스,84.932,3,2019,50000,220,2026,4,18
성동구,금호동2가,신금호파크자이,34.31,3,2016,3676,16,2026,4,18
성동구,하왕십리동,텐즈힐(1단지),84.88,11,2015,10000,330,2026,4,2
성동구,마장동,아트리움,82.2,6,2004,34600,0,2026,4,24
성동구,금호동1가,이편한세상금호파크힐스,59.949,10,2019,83000,0,2026,4,18
성동구,마장동,마장에스에이치빌,39.84,9,2006,2088,27,2026,4,24
성동구,하왕십리동,센트라스,40.94,26,2016,65000,0,2026,4,23
성동구,성수동1가,서울숲아이파크리버포레2차,59.9913,27,2025,20000,400,2026,4,10
성동구,성수동1가,서울숲아이파크리버포레2차,84.9612,21,2025,170000,0,2026,4,13
성동구,행당동,행당한진타운(임대),32.96,19,2000,1221,16,2026,4,13
성동구,금호동3가,두산,84.99,10,1994,70000,0,2026,4,1
성동구,송정동,건영,59.21,7,2000,10000,140,2026,4,21
성동구,송정동,건영,59.21,4,2000,45000,50,2026,4,22
성동구,행당동,행당한진타운(임대),32.96,10,2000,1221,16,2026,4,18
성동구,옥수동,래미안 옥수 리버젠,59.84,9,2012,10000,300,2026,4,23
성동구,성수동2가,성수우방2차아파트,59.82,12,1999,35000,100,2026,4,18
성동구,마장동,마장에스에이치빌,49.95,3,2006,3266,33,2026,4,23
성동구,옥수동,옥수삼성,59.7,9,1999,73000,0,2026,4,23
성동구,옥수동,극동그린,114.32,6,1997,75000,0,2026,4,18
성동구,성수동2가,금호타운2차아파트,59.94,14,1997,59000,0,2026,4,22
성동구,옥수동,래미안옥수리버젠(임대),39.98,15,2013,3663,23,2026,4,13
성동구,옥수동,현대,84.9,3,1990,60000,25,2026,4,22
성동구,금호동4가,브라운스톤금호,84.838,13,2007,73000,13,2026,4,13
성동구,하왕십리동,금호베스트빌,59.79,9,2001,53000,0,2026,4,22
성동구,금호동1가,이편한세상금호파크힐스,84.932,4,2019,89000,80,2026,4,11
성동구,성수동2가,서울숲금강아미움,80.89,9,2004,67000,0,2026,4,10
성동구,금호동4가,대우,59.97,10,2001,75000,0,2026,4,17
성동구,마장동,현대,59.91,7,1998,47700,0,2026,4,20
성동구,응봉동,서울숲리버그린동아아파트,59.98,17,2003,56000,30,2026,4,18
성동구,금호동4가,서울숲푸르지오,59.99,17,2007,73000,0,2026,4,6
성동구,마장동,마장에스에이치빌,49.95,3,2006,3266,33,2026,4,22
성동구,마장동,라봄성동,19.4958,14,2025,6800,69,2026,4,10
성동구,옥수동,한남하이츠,177.12,7,1982,274000,0,2026,4,22
성동구,옥수동,옥수파크힐스117동~125동,59.77,12,2016,91000,0,2026,4,14
성동구,하왕십리동,센트라스,40.94,13,2016,20000,155,2026,4,22
성동구,금호동3가,금호1차푸르지오,59.97,7,2005,70000,0,2026,4,4
성동구,행당동,대림e-편한세상,84.87,5,2000,67500,0,2026,4,15
성동구,옥수동,극동,84.74,6,1986,54000,0,2026,4,1
성동구,행당동,대림e-편한세상,84.87,11,2000,70350,0,2026,4,22
성동구,하왕십리동,센트라스,84.96,15,2016,115000,0,2026,4,21
성동구,행당동,행당브라운스톤,59.27,10,2005,5000,260,2026,4,3
성동구,행당동,서울숲 한신 더 휴,84.95,13,2003,55000,80,2026,4,21
성동구,하왕십리동,센트라스,59.59,14,2016,30000,215,2026,4,21
성동구,성수동1가,쌍용,59.76,16,1997,25000,160,2026,4,21
성동구,응봉동,신동아,84.81,9,1996,57000,0,2026,4,20
성동구,옥수동,옥수삼성,114.666,1,1999,10000,370,2026,4,22
성동구,금호동3가,두산,59.97,10,1994,5000,160,2026,4,15
성동구,응봉동,금호현대,79.8,13,1990,58000,0,2026,4,6
성동구,마장동,마장에스에이치빌,39.84,4,2006,2088,27,2026,4,22
성동구,사근동,인암빌,17.6205,7,2018,1500,71,2026,4,21
성동구,옥수동,옥수삼성,84.822,1,1999,80000,0,2026,4,21
성동구,응봉동,대림강변타운,114.88,16,2001,76000,60,2026,4,9
성동구,마장동,세림,84.93,11,1986,45000,0,2026,4,3
성동구,행당동,대림e-편한세상,59.96,2,2000,57000,0,2026,4,15
성동구,성수동2가,서울숲힐스테이트,84.26,7,2009,10000,400,2026,4,14
성동구,행당동,지웰홈스왕십리,16.41,3,2020,1000,109,2026,4,2
성동구,응봉동,신동아,59.97,13,1996,8000,180,2026,4,18
성동구,상왕십리동,텐즈힐(2단지),59.96,5,2014,85000,0,2026,4,18
성동구,옥수동,동인샤인빌,57.16,3,2003,60000,0,2026,4,9
성동구,금호동2가,신금호파크자이,59.98,4,2016,83000,0,2026,4,18
성동구,금호동2가,신금호파크자이,84.98,8,2016,91000,0,2026,4,11
성동구,행당동,서울숲 한신 더 휴,59.94,14,2003,5000,195,2026,4,21
성동구,행당동,서울숲 한신 더 휴,84.95,9,2003,10000,280,2026,4,21
성동구,마장동,현대,59.94,11,1998,5000,150,2026,4,21
성동구,하왕십리동,왕십리자이,51.94,7,2017,66000,0,2026,4,17
성동구,행당동,서울숲 한신 더 휴,59.91,4,2003,30000,160,2026,4,20
성동구,성수동1가,동아,53.14,3,1983,25000,43,2026,4,21
성동구,금호동4가,대우,84.71,6,2001,50000,100,2026,4,20
성동구,성수동1가,서울숲성수현대,84.73,12,1990,75000,0,2026,4,20
성동구,금호동1가,이편한세상금호파크힐스,59.983,9,2019,75000,0,2026,4,13
성동구,행당동,대림e-편한세상(임대),32.76,13,2000,448,16,2026,4,13
성동구,성수동1가,쌍용,59.76,14,1997,63000,0,2026,4,20
성동구,성수동2가,롯데캐슬파크,81.567,9,2003,80000,0,2026,4,20
성동구,행당동,행당두산위브,59.99,6,2009,5000,242,2026,4,21
성동구,행당동,대림e-편한세상,59.96,14,2000,59000,0,2026,4,20
성동구,성수동1가,쌍용,59.76,18,1997,75000,0,2026,4,20
성동구,용답동,YM프라젠,84.95,1,2007,50000,20,2026,4,16
성동구,행당동,행당한진타운,114.62,1,2000,77700,0,2026,4,20
성동구,성수동1가,우방,84.96,3,1997,64000,0,2026,4,18
성동구,금호동1가,이편한세상금호파크힐스,84.957,19,2019,95500,0,2026,4,18
성동구,행당동,행당한진타운,84.71,7,2000,10000,254,2026,4,6
성동구,성수동1가,서울숲아이파크리버포레1차,59.9925,8,2024,5000,400,2026,4,5
성동구,용답동,청계SKVIEW,59.8279,13,2025,20000,220,2026,4,17
성동구,하왕십리동,센트라스,59.59,7,2016,70000,50,2026,4,20
성동구,옥수동,옥수파크힐스101동~116동,84.3,3,2016,72000,152,2026,4,11
성동구,성수동1가,서울숲아이파크리버포레1차,59.9304,18,2024,90000,0,2026,4,8
성동구,옥수동,래미안 옥수 리버젠,84.73,11,2012,10000,340,2026,4,11
성동구,옥수동,극동옥정,84.93,11,1998,60000,0,2026,4,18
성동구,금호동2가,래미안하이리버,84.97,19,2012,87150,0,2026,4,18
성동구,하왕십리동,왕십리자이,38.19,7,2017,14436,54,2026,4,20
성동구,성수동1가,서울숲아이파크리버포레2차,59.9566,22,2025,120000,0,2026,4,20
성동구,금호동1가,이편한세상금호파크힐스,59.983,10,2019,90000,0,2026,4,20
성동구,성수동1가,서울숲아이파크리버포레1차,84.9572,12,2024,70000,360,2026,4,3
성동구,마장동,마장동중앙하이츠,84.8,4,1999,35000,120,2026,4,20
성동구,용답동,청계SKVIEW,84.8124,22,2025,50000,190,2026,4,19
성동구,행당동,대림e-편한세상,59.96,2,2000,55600,0,2026,4,1
성동구,금호동2가,신금호파크자이,59.98,5,2016,71400,0,2026,4,11
성동구,금호동2가,신금호파크자이,59.98,4,2016,40000,100,2026,4,10
성동구,행당동,대림e-편한세상,114.94,7,2000,88200,0,2026,4,18
성동구,옥수동,래미안 옥수 리버젠,59.25,7,2012,78750,0,2026,4,20
성동구,옥수동,래미안 옥수 리버젠,59.25,11,2012,55000,140,2026,4,16
성동구,행당동,대림e-편한세상,59.96,2,2000,52000,0,2026,4,7
성동구,성수동1가,쌍용,59.76,15,1997,66000,0,2026,4,18
성동구,행당동,신동아,59.97,14,1995,52000,0,2026,4,18
성동구,행당동,서울숲더샵,92.08,17,2014,10000,420,2026,4,4
성동구,행당동,대림e-편한세상(임대),32.76,15,2000,2787,1,2026,4,20
성동구,행당동,대림e-편한세상,59.96,6,2000,5000,179,2026,4,20
성동구,금호동4가,서울숲2차푸르지오,59.839,8,2012,20000,260,2026,4,10
성동구,성수동1가,강변건영아파트,84.941,5,2002,102000,0,2026,4,20
성동구,금호동4가,대우,84.71,22,2001,68250,0,2026,4,18
성동구,하왕십리동,왕십리자이,51.94,9,2017,60000,0,2026,4,18
성동구,금호동1가,벽산,59.9,15,2001,50000,0,2026,4,14
성동구,금호동2가,신금호파크자이,59.98,12,2016,76000,0,2026,4,18
성동구,옥수동,옥수이테크빌,84.37,12,2002,66000,0,2026,4,4
성동구,응봉동,금호현대,59.91,4,1990,49000,0,2026,4,18
성동구,옥수동,극동,84.74,6,1986,54000,0,2026,4,11
성동구,금호동4가,대우,84.96,3,2001,73500,0,2026,4,18
성동구,행당동,행당두산위브,84.99,3,2009,78750,0,2026,4,11
성동구,하왕십리동,왕십리자이,51.91,5,2017,60000,0,2026,4,19
성동구,송정동,건영,59.21,16,2000,42000,0,2026,4,19
성동구,하왕십리동,텐즈힐(1단지),84.96,20,2015,110000,0,2026,4,20
성동구,금호동4가,브라운스톤금호,84.838,10,2007,10000,320,2026,4,18
성동구,금호동4가,대우,59.97,10,2001,75000,0,2026,4,17
성동구,행당동,서울숲 한신 더 휴,84.95,5,2003,68250,0,2026,4,15
성동구,금호동1가,이편한세상금호파크힐스,59.983,8,2019,30000,220,2026,4,16
성동구,응봉동,신동아,76.67,7,1996,52500,0,2026,4,17
성동구,하왕십리동,센트라스,84.96,4,2016,74800,100,2026,4,18
성동구,성수동1가,서울숲아이파크리버포레2차,59.9566,25,2025,107000,0,2026,4,7
성동구,금호동1가,이편한세상금호파크힐스,84.982,15,2019,84000,0,2026,4,18
성동구,옥수동,극동,57.78,7,1986,53000,0,2026,4,18
성동구,응봉동,대림(1차),75.51,6,1986,45000,0,2026,4,15
성동구,금호동3가,금호한신,59.99,1,2005,58000,0,2026,4,17
성동구,행당동,서울숲행당푸르지오,59.68,12,2011,10000,150,2026,4,17
성동구,응봉동,대림(1차),75.51,12,1986,20000,180,2026,4,15
성동구,용답동,청계SKVIEW,59.8279,32,2025,5000,270,2026,4,17
성동구,마장동,세림,72.84,2,1986,18000,0,2026,4,15
성동구,행당동,대림e-편한세상,59.96,8,2000,55650,0,2026,4,11
성동구,하왕십리동,텐즈힐(1단지),84.96,18,2015,91000,0,2026,4,17
성동구,금호동3가,금호1차푸르지오,59.97,8,2005,5000,185,2026,4,17
성동구,금호동4가,힐스테이트서울숲리버,64.95,2,2018,60000,0,2026,4,17
성동구,응봉동,대림(2차),59.91,9,1989,15000,150,2026,4,17
성동구,상왕십리동,텐즈힐(2단지),59.96,8,2014,40000,150,2026,4,16
성동구,사근동,한양마이라움,18.36,3,2018,10000,30,2026,4,16
성동구,옥수동,극동,84.74,6,1986,54000,0,2026,4,11
성동구,옥수동,옥수파크힐스101동~116동,84.3,9,2016,80000,140,2026,4,17
성동구,금호동4가,서울숲2차푸르지오,84.898,11,2012,10000,345,2026,4,17
성동구,응봉동,대림(1차),113.71,12,1986,20000,100,2026,4,17
성동구,금호동3가,금호1차푸르지오,84.92,5,2005,79000,0,2026,4,10
성동구,금호동2가,신금호파크자이,84.98,1,2016,82950,0,2026,4,16
성동구,하왕십리동,센트라스,59.94,10,2016,30000,230,2026,4,16
성동구,성수동2가,신성미소지움,59.4,2,2001,43000,0,2026,4,6
성동구,금호동4가,힐스테이트서울숲리버,84.88,11,2018,100000,0,2026,4,4
성동구,금호동4가,서울숲2차푸르지오,114.771,3,2012,160000,0,2026,4,15
성동구,금호동3가,두산,84.99,3,1994,68000,0,2026,4,12
성동구,옥수동,옥수어울림,84.65,5,2011,84000,0,2026,4,16
성동구,금호동4가,브라운스톤2차,84.98,12,2010,83000,0,2026,4,16
성동구,금호동1가,이편한세상금호파크힐스,84.957,2,2019,5000,318,2026,4,17
성동구,성수동1가,금호,84.98,2,2003,80000,0,2026,4,8
성동구,마장동,현대,59.91,21,1998,58000,0,2026,4,11
성동구,하왕십리동,텐즈힐(1단지),129.34,6,2015,115000,0,2026,4,2
성동구,옥수동,옥수파크힐스117동~125동,59.59,9,2016,40000,220,2026,4,16
성동구,금호동1가,금호삼성래미안,59.95,14,2001,52500,0,2026,4,16
성동구,성수동2가,한신한강,59.95,10,2000,8000,165,2026,4,16
성동구,금호동2가,신금호파크자이,59.98,13,2016,77000,0,2026,4,16
성동구,금호동2가,금호자이1차,84.97,16,2012,10000,300,2026,4,16
성동구,행당동,신동아,114.96,13,1995,75000,0,2026,4,16
성동구,마장동,왕십리삼성아파트,59.76,7,1996,43700,0,2026,4,16
성동구,금호동2가,래미안하이리버,59.99,9,2012,73000,0,2026,4,16
성동구,마장동,현대,59.94,3,1998,28860,80,2026,4,16
성동구,행당동,행당한진타운,59.96,20,2000,46000,0,2026,4,16
성동구,하왕십리동,벽산,114.46,14,1996,90000,0,2026,4,15
성동구,성수동2가,성수동두산위브,131.2,4,2006,70000,0,2026,4,13
성동구,금호동1가,금호삼성래미안,84.45,7,2001,60000,10,2026,4,15
성동구,성수동1가,서울숲대림,84.015,11,2000,75000,30,2026,4,13
성동구,성수동2가,한신한강,84.97,11,2000,62000,0,2026,4,15
성동구,행당동,서울숲삼부아파트,84.09,10,1998,82500,0,2026,4,10
성동구,행당동,행당한진타운,59.96,18,2000,1000,280,2026,4,8
성동구,하왕십리동,센트라스,59.66,8,2016,80000,0,2026,4,15
성동구,행당동,행당한진타운,59.96,15,2000,57000,0,2026,4,15
성동구,금호동1가,이편한세상금호파크힐스,30.324,5,2019,14429,38,2026,4,15
성동구,행당동,서울숲리버뷰자이,84.96,21,2018,40000,280,2026,4,7
성동구,금호동4가,서울숲2차푸르지오,59.907,10,2012,80000,0,2026,4,11
성동구,금호동3가,두산,84.99,9,1994,72000,0,2026,4,10
성동구,하왕십리동,텐즈힐(1단지),84.92,8,2015,90000,0,2026,4,15
성동구,하왕십리동,왕십리자이,59.99,20,2017,35000,100,2026,4,7
성동구,금호동1가,이편한세상금호파크힐스,59.959,4,2019,20100,272,2026,4,13
성동구,성수동2가,현대I-PARK,84.98,4,2003,85000,0,2026,4,11
성동구,행당동,대림e-편한세상,59.96,15,2000,60000,0,2026,4,11
성동구,행당동,서울숲 한신 더 휴,59.91,20,2003,63000,0,2026,4,14
성동구,금호동1가,이편한세상금호파크힐스,59.983,7,2019,20000,133,2026,4,6
성동구,행당동,행당한진타운(임대),32.96,16,2000,4020,16,2026,4,15
성동구,하왕십리동,텐즈힐(1단지),84.96,22,2015,30000,260,2026,4,14
성동구,행당동,신동아,59.97,3,1995,20000,130,2026,4,15
성동구,행당동,대림e-편한세상,114.94,12,2000,52000,120,2026,4,15
성동구,행당동,대림e-편한세상,114.94,8,2000,84000,0,2026,4,14
성동구,금호동2가,금호자이1차,59.99,7,2012,67000,25,2026,4,13
성동구,옥수동,한남하이츠,89.19,11,1982,37800,0,2026,4,3
성동구,행당동,두산,59.94,14,1997,10000,150,2026,4,14
성동구,성수동2가,강변임광,84.77,17,2000,57000,0,2026,4,8
성동구,성수동1가,쌍용,59.76,8,1997,61350,0,2026,4,10
성동구,성수동1가,서울숲대림,59.885,11,2000,54000,40,2026,4,14
성동구,마장동,마장에스에이치빌,49.95,5,2006,6480,13,2026,4,13
성동구,하왕십리동,왕십리KCC스위첸,84.897,11,2016,75000,0,2026,4,5
성동구,성수동1가,현대그린,56.97,8,1994,54000,0,2026,4,14
성동구,상왕십리동,텐즈힐(2단지),84.9,8,2014,84000,0,2026,4,10
성동구,행당동,대림e-편한세상,59.96,12,2000,10000,138,2026,4,11
성동구,금호동4가,대우,59.97,11,2001,67000,0,2026,4,11
성동구,하왕십리동,센트라스,84.99,7,2016,105000,0,2026,4,11
성동구,성수동1가,강변건영아파트,84.941,20,2002,87000,0,2026,4,11
성동구,마장동,현대,59.91,13,1998,47000,0,2026,4,11
성동구,옥수동,옥수어울림,84.699,2,2011,85000,0,2026,4,14
성동구,마장동,마장에스에이치빌,39.84,1,2006,4849,11,2026,4,13
성동구,성수동1가,강변동양,84.95,6,2001,55000,0,2026,4,13
성동구,금호동2가,금호자이1차,59.99,10,2012,50000,100,2026,4,10
성동구,하왕십리동,극동미라주,84.33,10,2001,59850,0,2026,4,10
성동구,행당동,신동아,59.97,15,1995,10000,170,2026,4,11
성동구,금호동2가,신금호파크자이,84.98,14,2016,105000,0,2026,4,11
성동구,마장동,태성,69.54,2,2004,30000,90,2026,4,11
성동구,성수동1가,서울숲아이파크리버포레2차,59.9566,5,2025,105000,0,2026,4,9
성동구,금호동2가,래미안하이리버,84.99,17,2012,82900,0,2026,4,4
성동구,금호동1가,이편한세상금호파크힐스,84.957,2,2019,105000,0,2026,4,11
성동구,성수동1가,한진타운,84.21,5,1994,40000,55,2026,4,11
성동구,성수동2가,서울숲힐스테이트,117.13,5,2009,30000,510,2026,4,4
성동구,옥수동,한남하이츠,101.12,10,1982,48300,0,2026,4,13
성동구,하왕십리동,텐즈힐(1단지),84.96,9,2015,10000,340,2026,4,6
성동구,행당동,행당한진타운,59.96,2,2000,42000,0,2026,4,13
성동구,금호동1가,이편한세상금호파크힐스,124.625,6,2019,85000,190,2026,4,4
성동구,옥수동,현대,77.32,2,1990,65000,0,2026,4,7
성동구,하왕십리동,센트라스,59.99,3,2016,80000,0,2026,4,10
성동구,성수동1가,동아,95.85,7,1983,56700,0,2026,4,10
성동구,금호동1가,이편한세상금호파크힐스,30.324,3,2019,14429,38,2026,4,13
성동구,하왕십리동,센트라스,59.99,11,2016,10000,300,2026,4,11
성동구,금호동1가,이편한세상금호파크힐스,30.324,11,2019,14429,38,2026,4,13
성동구,응봉동,대림강변타운,59.76,14,2001,46305,0,2026,4,11
성동구,행당동,서울숲 한신 더 휴,59.94,5,2003,56000,0,2026,4,9
성동구,행당동,행당한진타운,59.96,2,2000,42000,0,2026,4,13
성동구,옥수동,래미안옥수리버젠(임대),39.98,5,2013,1472,27,2026,4,13
성동구,옥수동,래미안옥수리버젠(임대),39.98,5,2013,3680,23,2026,4,13
성동구,옥수동,옥수하이츠,84.86,1,1998,80850,0,2026,4,4
성동구,금호동1가,이편한세상금호파크힐스,84.932,11,2019,60000,170,2026,4,3
성동구,금호동1가,이편한세상금호파크힐스,59.959,9,2019,60000,110,2026,4,10
성동구,옥수동,옥수파크힐스101동~116동,76.66,-1,2016,130000,0,2026,4,10
성동구,용답동,힐데스하임,14.56,3,2020,4900,41,2026,4,11
성동구,성수동2가,롯데캐슬파크,101.995,15,2003,100000,0,2026,4,11
성동구,성수동2가,강변청구3,59.94,7,1995,43000,0,2026,4,11
성동구,금호동2가,신금호파크자이,84.98,2,2016,5000,340,2026,4,1
성동구,하왕십리동,왕십리풍림아이원,84.417,17,2004,66000,0,2026,4,13
성동구,금호동1가,벽산,59.9,19,2001,43000,0,2026,4,11
성동구,성수동2가,성동상가,64.13,5,1978,18000,0,2026,4,11
성동구,금호동1가,벽산,84.82,2,2001,57000,0,2026,4,11
성동구,성수동1가,트리마제,136.5606,34,2017,30000,1900,2026,4,7
성동구,성수동1가,동아,95.83,6,1983,63000,0,2026,4,9
성동구,성수동1가,서울숲아이파크리버포레2차,59.9913,9,2025,115000,0,2026,4,10
성동구,금호동4가,서울숲2차푸르지오,59.862,14,2012,68650,0,2026,4,9
성동구,행당동,행당한진타운,114.62,13,2000,78750,0,2026,4,8
성동구,마장동,라봄성동,19.4958,14,2025,6800,69,2026,4,10
성동구,하왕십리동,왕십리풍림아이원,59.936,8,2004,57750,0,2026,4,10
성동구,성수동1가,중앙하이츠빌,84.9673,2,2003,80000,0,2026,4,4
성동구,성수동1가,서울숲아이파크리버포레2차,59.9919,23,2025,104000,0,2026,4,9
성동구,금호동4가,서울숲푸르지오,114.55,7,2007,92000,0,2026,4,4
성동구,금호동4가,힐스테이트서울숲리버,59.98,12,2018,80000,0,2026,4,10
성동구,금호동4가,대우,84.71,3,2001,73500,0,2026,4,9
성동구,송정동,금호베스트빌,118.266,2,2002,80000,0,2026,4,10
성동구,옥수동,극동,142.26,11,1986,70000,0,2026,4,9
성동구,옥수동,옥수삼성,59.7,3,1999,5000,220,2026,4,9
성동구,하왕십리동,센트라스,84.98,10,2016,99750,0,2026,4,9
성동구,하왕십리동,왕십리KCC스위첸,64.236,12,2016,61950,0,2026,4,8
성동구,성수동1가,서울숲아이파크리버포레2차,59.9566,24,2025,20000,400,2026,4,3
성동구,옥수동,래미안 옥수 리버젠,84.73,15,2012,10000,410,2026,4,9
성동구,응봉동,금호현대,59.91,4,1990,43000,0,2026,4,9
성동구,금호동3가,두산,79.08,10,1994,60000,0,2026,4,8
성동구,금호동4가,힐스테이트서울숲리버,59.98,10,2018,8000,300,2026,4,9
성동구,응봉동,금호현대,79.8,1,1990,56000,0,2026,4,9
성동구,옥수동,래미안 옥수 리버젠,113.52,10,2012,130000,0,2026,4,8
성동구,금호동4가,대우,84.71,15,2001,5000,250,2026,4,7
성동구,행당동,신동아,59.97,9,1995,48000,0,2026,4,4
성동구,성수동1가,아크로서울포레스트,96.055,6,2020,20000,1000,2026,4,1
성동구,행당동,신동아,59.97,15,1995,5000,85,2026,4,6
성동구,금호동3가,금호한신,84.49,5,2005,73500,0,2026,4,4
성동구,행당동,행당한진타운,59.96,23,2000,56000,0,2026,4,9
성동구,행당동,대림e-편한세상(임대),32.76,5,2000,1120,14,2026,4,7
성동구,금호동4가,브라운스톤2차,84.98,12,2010,65000,0,2026,4,2
성동구,행당동,행당한진타운,84.71,10,2000,77000,0,2026,4,8
성동구,행당동,대림e-편한세상,114.94,3,2000,93000,0,2026,4,4
성동구,성수동1가,트리마제,69.7244,18,2017,100000,350,2026,4,7
성동구,마장동,마장에스에이치빌,39.84,8,2006,2088,27,2026,4,8
성동구,응봉동,금호현대,59.91,11,1990,38000,0,2026,4,6
성동구,행당동,서울숲리버뷰자이,84.96,4,2018,110000,0,2026,4,8
성동구,금호동2가,신금호파크자이,59.98,12,2016,81000,0,2026,4,8
성동구,하왕십리동,텐즈힐(1단지),84.96,21,2015,94000,0,2026,4,8
성동구,마장동,마장에스에이치빌,39.84,10,2006,4719,12,2026,4,8
성동구,금호동4가,대우,59.97,22,2001,62000,0,2026,4,6
성동구,행당동,행당한진타운,114.62,12,2000,83000,0,2026,4,4
성동구,행당동,대림e-편한세상,59.96,13,2000,59000,0,2026,4,4
성동구,행당동,신동아,59.97,7,1995,50000,0,2026,4,7
성동구,성수동1가,동아,53.14,4,1983,25000,0,2026,4,3
성동구,홍익동,주암해븐,84.58,4,2007,59500,0,2026,4,4
성동구,행당동,행당한진타운,84.71,21,2000,77000,0,2026,4,8
성동구,하왕십리동,왕십리자이,38.19,5,2017,23023,66,2026,4,8
성동구,행당동,서울숲삼부아파트,84.93,1,1998,80000,0,2026,4,8
성동구,옥수동,옥수파크힐스101동~116동,59.88,19,2016,69000,0,2026,4,4
성동구,행당동,행당한진타운,59.96,15,2000,10000,200,2026,4,8
성동구,금호동2가,신금호파크자이,59.98,7,2016,4000,290,2026,4,8
성동구,송정동,서울숲아이파크,116.58,8,2009,84000,0,2026,4,7
성동구,옥수동,극동,142.26,12,1986,50000,90,2026,4,7
성동구,행당동,신동아,59.97,6,1995,10000,160,2026,4,3
성동구,용답동,덕현해밀,84.99,4,2014,45000,60,2026,4,3
성동구,성수동2가,서울숲힐스테이트,57.49,4,2009,20000,275,2026,4,7
성동구,행당동,서울숲 한신 더 휴,59.94,15,2003,60000,0,2026,4,7
성동구,성수동2가,현대I-PARK,84.98,7,2003,20000,255,2026,4,7
성동구,행당동,서울숲더샵,92.24,8,2014,10000,400,2026,4,4
성동구,금호동1가,이편한세상금호파크힐스,59.983,3,2019,40000,80,2026,4,6
성동구,행당동,신동아,84.99,9,1995,62000,0,2026,4,6
성동구,옥수동,래미안 옥수 리버젠,59.25,6,2012,86000,0,2026,4,6
성동구,금호동3가,두산,59.97,3,1994,48000,0,2026,4,4
성동구,성수동1가,강변건영아파트,84.941,14,2002,81900,0,2026,4,5
성동구,하왕십리동,센트라스,84.96,6,2016,75000,100,2026,4,3
성동구,마장동,홀스케슬,18.02,6,2011,500,54,2026,4,4
성동구,금호동1가,금호삼성래미안,84.45,6,2001,80000,0,2026,4,6
성동구,행당동,대림e-편한세상,59.96,4,2000,5000,136,2026,4,6
성동구,금호동4가,대우,114.71,18,2001,108000,0,2026,4,4
성동구,행당동,서울숲삼부아파트,84.93,13,1998,60000,10,2026,4,6
성동구,성수동1가,서울숲아이파크리버포레1차,59.9925,8,2024,5000,400,2026,4,5
성동구,옥수동,옥수하이츠,114.78,4,1998,74970,0,2026,4,5
성동구,금호동2가,신금호파크자이,84.98,8,2016,92000,0,2026,4,3
성동구,하왕십리동,왕십리자이,51.91,11,2017,5000,230,2026,4,3
성동구,하왕십리동,왕십리자이,59.99,13,2017,46600,33,2026,4,3
성동구,금호동2가,래미안하이리버,59.98,6,2012,65000,0,2026,4,3
성동구,행당동,행당한진타운,59.96,19,2000,49000,0,2026,4,6
성동구,금호동2가,신금호파크자이,59.98,5,2016,73500,0,2026,4,5
성동구,응봉동,대림(1차),75.51,1,1986,25000,100,2026,4,3
성동구,응봉동,금호현대,79.8,13,1990,58000,0,2026,4,6
성동구,성수동1가,쌍용,59.76,11,1997,57000,0,2026,4,4
성동구,금호동2가,신금호파크자이,59.98,2,2016,80000,0,2026,4,3
성동구,행당동,행당한진타운,84.71,16,2000,77000,0,2026,4,6
성동구,마장동,현대,59.91,26,1998,46700,0,2026,4,4
성동구,마장동,세림,72.84,10,1986,50000,0,2026,4,1
성동구,행당동,대림e-편한세상,59.96,12,2000,60000,0,2026,4,3
성동구,마장동,왕십리금호어울림,114.97,6,2006,92400,0,2026,4,4
성동구,성수동1가,쌍용,59.76,17,1997,25000,150,2026,4,4
성동구,성수동1가,동아그린,58.32,12,1999,42530,40,2026,4,4
성동구,성수동2가,강변임광,84.77,11,2000,20000,80,2026,4,2
성동구,금호동4가,대우,114.71,3,2001,25000,270,2026,4,6
성동구,옥수동,래미안 옥수 리버젠,84.73,3,2012,50000,240,2026,4,4
성동구,옥수동,극동,84.74,5,1986,57750,0,2026,4,3
성동구,하왕십리동,센트라스,40.94,25,2016,4000,178,2026,4,4
성동구,하왕십리동,왕십리KCC스위첸,84.897,4,2016,77000,0,2026,4,4
성동구,하왕십리동,벽산,84.94,5,1996,68000,0,2026,4,4
성동구,금호동3가,금호자이2차,59.9663,11,2012,23000,180,2026,4,5
성동구,성수동2가,금호타운2차아파트,59.94,7,1997,36000,130,2026,4,2
성동구,옥수동,극동,68.58,10,1986,47200,0,2026,4,4
성동구,행당동,행당브라운스톤,59.27,6,2005,45000,120,2026,4,1
성동구,상왕십리동,텐즈힐(2단지),127.44,25,2014,115000,0,2026,4,4
성동구,응봉동,대림강변타운,59.76,4,2001,63000,0,2026,4,4
성동구,성수동1가,동아그린,58.32,6,1999,37500,80,2026,4,3
성동구,옥수동,극동,57.78,14,1986,50000,0,2026,4,4
성동구,마장동,세림,84.93,6,1986,46000,0,2026,4,2
성동구,옥수동,래미안 옥수 리버젠,84.73,4,2012,105000,0,2026,4,3
성동구,금호동1가,금호삼성래미안,59.95,9,2001,74000,0,2026,4,4
성동구,옥수동,옥수삼성,59.7,4,1999,60375,0,2026,4,4
성동구,성수동2가,롯데캐슬파크,101.995,5,2003,92000,0,2026,4,3
성동구,옥수동,극동,84.74,4,1986,56000,0,2026,4,1
성동구,하왕십리동,한신무학,94.46,12,1989,65000,0,2026,4,3
성동구,행당동,신동아,114.96,15,1995,75000,0,2026,4,2
성동구,금호동1가,벽산,114.57,9,2001,10000,210,2026,4,3
성동구,행당동,신동아,84.99,15,1995,5000,140,2026,4,2
성동구,응봉동,대림(1차),75.51,13,1986,50000,0,2026,4,3
성동구,행당동,신동아,59.97,1,1995,22000,20,2026,4,3
성동구,하왕십리동,왕십리풍림아이원,59.936,5,2004,57700,0,2026,4,1
성동구,용답동,덕현해밀,84.99,4,2014,45000,60,2026,4,3
성동구,행당동,대림e-편한세상,59.96,14,2000,54600,0,2026,4,1
성동구,하왕십리동,텐즈힐(1단지),84.88,6,2015,94000,0,2026,4,2
성동구,금호동4가,대우,114.6,12,2001,78225,120,2026,4,2
성동구,성수동1가,서울숲아이파크리버포레2차,59.9919,22,2025,107000,0,2026,4,2
성동구,금호동4가,힐스테이트서울숲리버,114.86,8,2018,155000,0,2026,4,1
성동구,용답동,드래곤힐,19.99,5,2013,2000,65,2026,4,1
성동구,행당동,라체르보푸르지오써밋,59.9398,14,2025,10000,330,2026,4,1
성동구,옥수동,옥수파크힐스117동~125동,59.78,12,2016,90000,0,2026,4,1
성동구,옥수동,극동그린,114.32,15,1997,80000,0,2026,4,1
성동구,응봉동,대림(1차),75.51,13,1986,42000,0,2026,4,1
광진구,화양동,아스하임(111-102),14.11,17,2018,18300,23,2026,4,24
광진구,광장동,광나루현대,84.92,9,1996,70000,0,2026,4,27
광진구,구의동,현대프라임,59.82,16,1997,25000,145,2026,4,21
광진구,구의동,리마크빌구의,19.66,7,2025,6200,55,2026,4,23
광진구,구의동,리마크빌구의,19.66,10,2025,8200,47,2026,4,28
광진구,구의동,현대프라임,84.99,3,1997,20000,250,2026,4,3
광진구,구의동,리마크빌구의,19.66,5,2025,6200,55,2026,4,8
광진구,구의동,e편한세상광진그랜드파크,115.9468,23,2021,130000,0,2026,4,22
광진구,구의동,리마크빌구의,19.66,20,2025,4100,63,2026,4,21
광진구,구의동,리마크빌구의,19.66,8,2025,8200,47,2026,4,24
광진구,구의동,리마크빌구의,19.66,11,2025,8200,47,2026,4,18
광진구,광장동,워커힐푸르지오,65.63,8,1987,66000,0,2026,4,25
광진구,자양동,더샵스타시티,139.6,34,2007,140000,50,2026,4,24
광진구,구의동,리마크빌구의,19.66,8,2025,8200,47,2026,4,8
광진구,구의동,리마크빌구의,19.66,18,2025,8200,47,2026,4,23
광진구,구의동,리마크빌구의,19.66,12,2025,8200,47,2026,4,9
광진구,광장동,청구,84.86,18,1996,25000,193,2026,4,18
광진구,구의동,리마크빌구의,39.48,10,2025,9600,85,2026,4,3
광진구,중곡동,리마크빌군자,16.32,12,2022,5900,36,2026,4,30
광진구,자양동,우성1,79.75,6,1988,47000,0,2026,4,1
광진구,자양동,더샵스타시티,163.53,35,2007,0,950,2026,4,30
광진구,화양동,화양현대,59.99,13,1999,52000,0,2026,4,26
광진구,자양동,자양호반써밋,40.183,14,2021,20000,210,2026,4,25
광진구,광장동,극동2,84.55,12,1989,55000,80,2026,4,1
광진구,구의동,리마크빌구의,19.66,4,2025,6200,55,2026,4,2
광진구,자양동,자양현대5,59.72,4,1998,55000,0,2026,4,25
광진구,구의동,리치캐슬,59.87,1,2012,34000,0,2026,4,24
광진구,광장동,"현대8(801동,802동)",84.92,14,1995,20000,0,2026,4,26
광진구,자양동,자양호반써밋,59.0905,6,2021,87000,0,2026,4,23
광진구,중곡동,백악관타워,44.7511,10,2025,20800,74,2026,4,16
광진구,중곡동,리마크빌군자,16.32,10,2022,7000,42,2026,4,10
광진구,구의동,광진파크하우스,44.2079,3,2023,5000,170,2026,4,27
광진구,구의동,래미안파크스위트,59.98,13,2018,65000,70,2026,4,28
광진구,자양동,자양우성7,59.94,10,1998,30000,130,2026,4,29
광진구,자양동,자양우성7,84.93,19,1998,8000,340,2026,4,29
광진구,자양동,우성1,51.57,12,1988,7500,135,2026,4,25
광진구,구의동,현대프라임,59.82,26,1997,30000,120,2026,4,25
광진구,군자동,에피소드1,17.81,2,2014,1000,85,2026,4,25
광진구,자양동,더포디엄830,20.4009,3,2025,9300,62,2026,4,20
광진구,자양동,자양7차현대홈타운,59.94,6,2001,45000,100,2026,4,25
광진구,자양동,더포디엄830,20.4009,3,2025,9300,62,2026,4,20
광진구,자양동,자양삼성,59.76,6,1999,48300,0,2026,4,27
광진구,구의동,아크로리버,150.6416,10,2004,120000,0,2026,4,23
광진구,자양동,경남아너스빌,59.79,11,1997,30000,160,2026,4,24
광진구,자양동,한라아파트,59.96,1,1996,46000,0,2026,4,4
광진구,중곡동,리마크빌군자,16.32,14,2022,7000,43,2026,4,29
광진구,자양동,우방리버파크,59.87,8,2003,73000,0,2026,4,10
광진구,구의동,성동강변파크빌101(강변타워),84.97,3,2001,35000,110,2026,4,17
광진구,중곡동,성원,84.98,21,1998,47250,0,2026,4,10
광진구,중곡동,리마크빌군자,16.32,9,2022,7000,45,2026,4,1
광진구,광장동,현대파크빌,59.76,4,2000,15000,210,2026,4,18
광진구,구의동,광진해모로리버뷰,135.5,3,2009,88000,0,2026,4,28
광진구,구의동,구의강변우성아파트,84.76,3,1992,77000,0,2026,4,16
광진구,광장동,현대파크빌,84.81,2,2000,60000,140,2026,4,14
광진구,광장동,현대파크빌,84.81,21,2000,80000,46,2026,4,27
광진구,광장동,금호베스트빌,84.91,12,2001,60000,0,2026,4,11
광진구,광장동,현대3,84.97,14,1990,40000,120,2026,4,15
광진구,광장동,극동1,84.55,5,1985,80000,0,2026,4,10
광진구,자양동,이튼타워리버3차,84.96,15,2007,10000,300,2026,4,15
광진구,구의동,아차산한라아파트,71.82,6,2009,30000,100,2026,4,18
광진구,자양동,자양현대6,114.98,4,1999,95000,0,2026,4,30
광진구,광장동,극동2,75.55,6,1989,55650,0,2026,4,8
광진구,광장동,현대8(803동),59.94,7,1996,30000,160,2026,4,25
광진구,화양동,화양현대,59.99,16,1999,53000,0,2026,4,17
광진구,구의동,광진파크하우스,44.2079,10,2023,45000,0,2026,4,29
광진구,화양동,화양현대,84.77,22,1999,63400,50,2026,4,27
광진구,구의동,구의강변우성아파트,84.76,3,1992,60900,0,2026,4,25
광진구,자양동,광진트라팰리스,119.11,27,2006,135000,0,2026,4,23
광진구,광장동,현대5,59.67,13,1989,60000,0,2026,4,16
광진구,화양동,아스하임(111-102),14.11,17,2018,18300,23,2026,4,24
광진구,화양동,화양동동도센트리움캠퍼스파크,13.497,14,2019,15750,3,2026,4,1
광진구,구의동,e편한세상광진그랜드파크,84.8289,12,2021,115000,0,2026,4,18
광진구,구의동,현대프라임,84.99,3,1997,20000,250,2026,4,3
광진구,자양동,우성1,51.57,7,1988,5000,150,2026,4,15
광진구,광장동,워커힐푸르지오,69,4,1987,5000,210,2026,4,18
광진구,구의동,강변현대하이엘,84.72,14,2004,63000,0,2026,4,16
광진구,화양동,광진코지웰,15.63,5,2014,500,78,2026,4,16
광진구,자양동,자양우성7,59.94,11,1998,5000,240,2026,4,16
광진구,자양동,더샵스타시티,139.54,11,2007,55000,430,2026,4,30
광진구,구의동,구의현대2단지,84.75,12,1996,65000,30,2026,4,18
광진구,자양동,한솔리베르,61.26,12,2002,10000,160,2026,4,28
광진구,구의동,리마크빌구의,19.66,4,2025,8200,47,2026,4,4
광진구,구의동,구의강변우성아파트,84.76,3,1992,68250,0,2026,4,18
광진구,구의동,리마크빌구의,39.48,9,2025,9600,85,2026,4,30
광진구,자양동,경남,59.96,4,1999,44000,0,2026,4,30
광진구,광장동,워커힐,196,1,1978,89000,0,2026,4,6
광진구,광장동,현대3,84.97,2,1990,70000,20,2026,4,18
광진구,구의동,현대프라임,59.82,28,1997,3000,220,2026,4,11
광진구,중곡동,리마크빌군자,32.93,19,2022,9800,73,2026,4,17
광진구,자양동,더샵스타시티,100.32,10,2007,110000,0,2026,4,11
광진구,화양동,광진코지웰,15.63,8,2014,1000,70,2026,4,6
광진구,광장동,포제스한강,84.9825,4,2025,160000,0,2026,4,29
광진구,구의동,현대프라임,183.87,20,1997,50000,320,2026,4,28
광진구,광장동,삼성광장2,84.66,4,1989,47000,0,2026,4,19
광진구,구의동,리마크빌구의,19.66,7,2025,8200,47,2026,4,30
광진구,자양동,자양현대6,59.98,9,1999,57500,0,2026,4,29
광진구,구의동,구의현대2단지,84.75,6,1996,90000,0,2026,4,30
광진구,자양동,우성2,51.57,12,1989,50000,0,2026,4,30
광진구,자양동,광진하나플러스,84.66,6,2005,75000,0,2026,4,30
광진구,구의동,e편한세상광진그랜드파크,115.9843,5,2021,126000,0,2026,4,18
광진구,구의동,현대프라임,59.82,6,1997,7000,200,2026,4,7
광진구,자양동,더샵스타시티,163.53,14,2007,165000,0,2026,4,13
광진구,자양동,한강현대,83.45,15,1993,25000,194,2026,4,16
광진구,광장동,광장자이,125.89,9,2008,150000,0,2026,4,30
광진구,광장동,워커힐,162.41,13,1978,40000,220,2026,4,29
광진구,자양동,이스트폴,138.52,21,2025,180000,0,2026,4,30
광진구,광장동,현대5,84.53,1,1989,73500,0,2026,4,30
광진구,구의동,청목파크빌,83.93,3,2001,45000,0,2026,4,30
광진구,자양동,한양,157.87,5,1983,70000,0,2026,4,28
광진구,자양동,자양현대6,59.98,6,1999,52500,0,2026,4,30
광진구,화양동,씨즈건대힐스,14.23,5,2017,1000,79,2026,4,8
광진구,구의동,e편한세상광진그랜드파크,84.9716,13,2021,103000,0,2026,4,16
광진구,자양동,우성1,79.75,2,1988,57000,0,2026,4,25
광진구,구의동,e편한세상광진그랜드파크,115.9468,1,2021,120000,0,2026,4,29
광진구,구의동,현대프라임,59.82,6,1997,20000,165,2026,4,4
광진구,광장동,극동2,84.55,9,1989,80000,0,2026,4,28
광진구,중곡동,리마크빌군자,16.32,10,2022,7000,43,2026,4,1
광진구,광장동,현대파크빌,59.76,18,2000,80000,0,2026,4,10
광진구,광장동,현대8(803동),59.94,14,1996,63000,0,2026,4,11
광진구,광장동,현대파크빌,84.81,4,2000,70000,110,2026,4,4
광진구,자양동,자양7차현대홈타운,59.94,15,2001,65000,0,2026,4,25
광진구,화양동,광진스위트엠아파트,84.51,9,2021,68000,0,2026,4,29
광진구,광장동,극동1,126.94,3,1985,20000,300,2026,4,28
광진구,구의동,현대프라임,59.82,14,1997,20000,160,2026,4,26
광진구,구의동,새한,84.91,1,2000,40000,75,2026,4,25
광진구,구의동,e편한세상광진그랜드파크,84.9957,11,2021,93600,0,2026,4,29
광진구,자양동,자양동현대,84.55,12,1993,70000,0,2026,4,27
광진구,화양동,광진코지웰,13.83,6,2014,11000,12,2026,4,8
광진구,광장동,현대3,84.97,8,1990,60000,85,2026,4,10
광진구,군자동,에피소드1,17.81,9,2014,16000,30,2026,4,24
광진구,자양동,한강우성,84.72,7,1993,78000,0,2026,4,28
광진구,구의동,리마크빌구의,19.66,11,2025,8200,47,2026,4,1
광진구,자양동,자양우성7,59.94,4,1998,60000,20,2026,4,28
광진구,자양동,더샵스타시티,163.53,21,2007,150000,0,2026,4,27
광진구,구의동,e편한세상광진그랜드파크,84.9794,10,2021,105000,0,2026,4,15
광진구,자양동,구의현대홈시티,84.92,8,2006,61000,0,2026,4,25
광진구,자양동,우성2,64.79,13,1989,43000,0,2026,4,28
광진구,구의동,구의현대2단지,84.75,16,1996,88000,0,2026,4,28
광진구,구의동,구의강변우성아파트,84.76,13,1992,67000,0,2026,4,27
광진구,광장동,현대5,59.67,10,1989,68000,0,2026,4,27
광진구,구의동,구의강변우성아파트,84.76,13,1992,67000,0,2026,4,27
광진구,광장동,현대8(803동),59.94,14,1996,63000,0,2026,4,11
광진구,자양동,더포디엄830,42.167,19,2025,17300,116,2026,4,27
광진구,자양동,우성1,79.75,5,1988,55650,0,2026,4,19
광진구,구의동,리마크빌구의,19.66,21,2025,6200,55,2026,4,24
광진구,구의동,구의현대2단지,84.91,9,1996,30000,200,2026,4,7
광진구,구의동,구의현대2단지,84.88,19,1996,73500,0,2026,4,4
광진구,자양동,더샵스타시티,100.32,14,2007,120000,0,2026,4,25
광진구,광장동,현대3,84.97,9,1990,30000,130,2026,4,24
광진구,구의동,리마크빌구의,19.66,7,2025,8200,47,2026,4,27
광진구,구의동,리마크빌구의,19.66,9,2025,8200,47,2026,4,24
광진구,자양동,더샵스타시티,139.6,10,2007,80000,330,2026,4,25
광진구,자양동,한라아파트,84.6,7,1996,61000,0,2026,4,26
광진구,자양동,현대3,84.9,13,1996,52500,0,2026,4,25
광진구,구의동,e편한세상광진그랜드파크,84.9839,4,2021,105000,0,2026,4,25
광진구,광장동,워커힐,196,3,1978,50000,200,2026,4,2
광진구,광장동,극동2,75.55,13,1989,40000,81,2026,4,25
광진구,구의동,래미안파크스위트,84.98,3,2018,50000,175,2026,4,23
광진구,자양동,더포디엄830,20.4009,4,2025,9300,62,2026,4,27
광진구,자양동,더샵스타시티,139.6,34,2007,140000,50,2026,4,24
광진구,자양동,우성3,72.34,6,1989,65000,0,2026,4,24
광진구,구의동,리마크빌구의,19.66,7,2025,8200,47,2026,4,24
광진구,자양동,자양현대6,114.98,9,1999,94000,0,2026,4,24
광진구,구의동,e편한세상광진그랜드파크,115.9824,27,2021,115500,0,2026,4,23
광진구,자양동,자양현대6,59.98,18,1999,40000,100,2026,4,23
광진구,구의동,리마크빌구의,19.66,16,2025,8200,47,2026,4,4
광진구,광장동,워커힐,162.41,12,1978,5000,350,2026,4,1
광진구,구의동,구의강변우성아파트,84.76,15,1992,79000,0,2026,4,23
광진구,자양동,더포디엄830,42.167,20,2025,17300,116,2026,4,24
광진구,광장동,현대파크빌,59.76,17,2000,40000,160,2026,4,4
광진구,구의동,새한,84.91,3,2000,63000,0,2026,4,24
광진구,자양동,자양우성7,59.94,6,1998,5000,250,2026,4,9
광진구,구의동,구의강변우성아파트,84.76,19,1992,80000,0,2026,4,23
광진구,자양동,더샵스타시티,119.41,4,2007,130000,0,2026,4,22
광진구,구의동,구의현대6단지,84.78,12,1994,80000,0,2026,4,11
광진구,광장동,삼성광장1,66.03,3,1987,53750,0,2026,4,24
광진구,구의동,현대프라임,59.82,5,1997,62000,0,2026,4,23
광진구,자양동,한화꿈에그린,138.85,3,2006,110000,0,2026,4,20
광진구,구의동,e편한세상광진그랜드파크,84.9839,1,2021,94500,0,2026,4,23
광진구,자양동,우성1,59.91,12,1988,10000,160,2026,4,23
광진구,화양동,씨즈건대힐스,14.23,5,2017,1000,85,2026,4,3
광진구,중곡동,호동,69.36,2,2002,36000,0,2026,4,23
광진구,구의동,리마크빌구의,19.66,5,2025,4100,63,2026,4,22
광진구,군자동,서원힐탑,59.85,5,1994,45000,0,2026,4,22
광진구,광장동,현대파크빌,84.81,17,2000,112000,0,2026,4,21
광진구,구의동,현대프라임,59.82,5,1997,60000,0,2026,4,22
광진구,구의동,대영(2동),84.24,3,2004,62500,0,2026,4,17
광진구,자양동,로얄동아,84.75,9,1999,67000,0,2026,4,22
광진구,광장동,현대파크빌,84.81,19,2000,12000,205,2026,4,17
광진구,구의동,현대프라임,59.82,21,1997,20000,160,2026,4,20
광진구,자양동,더포디엄830,41.25,18,2025,17300,116,2026,4,22
광진구,구의동,현대프라임,59.82,16,1997,25000,145,2026,4,21
광진구,자양동,한강극동,84.45,4,1991,46300,0,2026,4,15
광진구,구의동,리마크빌구의,19.66,9,2025,4100,63,2026,4,2
광진구,자양동,현대3,84.9,11,1996,20000,210,2026,4,22
광진구,중곡동,중곡2단지,55.87,4,1976,1000,30,2026,4,12
광진구,구의동,현대프라임,126.66,11,1997,50000,280,2026,4,18
광진구,광장동,현대3,84.97,6,1990,68250,0,2026,4,1
광진구,구의동,래미안파크스위트,59.98,7,2018,83000,0,2026,4,20
광진구,구의동,래미안파크스위트,59.98,15,2018,84000,0,2026,4,21
광진구,광장동,포제스한강,216.4175,12,2025,110000,2400,2026,4,16
광진구,자양동,더포디엄830,20.4009,3,2025,9300,62,2026,4,20
광진구,자양동,대동,59.54,3,1999,42000,0,2026,4,18
광진구,광장동,유진스웰,136.684,9,2011,126000,0,2026,4,20
광진구,자양동,우성1,59.91,5,1988,50000,0,2026,4,4
광진구,광장동,삼성광장2,69.06,12,1989,57750,0,2026,4,10
광진구,광장동,워커힐푸르지오,65.65,9,1987,66000,0,2026,4,19
광진구,구의동,e편한세상광진그랜드파크,115.9468,9,2021,126000,0,2026,4,20
광진구,구의동,구의현대2단지,84.75,12,1996,60000,50,2026,4,18
광진구,자양동,자양삼성,114.88,2,1999,105000,0,2026,4,11
광진구,화양동,화양현대,59.97,6,1999,47250,0,2026,4,18
광진구,자양동,우성1,59.91,12,1988,40000,8,2026,4,18
광진구,자양동,자양동명진센트라임,32.2,13,2017,29900,40,2026,4,16
광진구,자양동,자양삼성,84.96,17,1999,28000,131,2026,4,20
광진구,구의동,현대프라임,59.82,22,1997,65000,0,2026,4,16
광진구,구의동,현대프라임,59.82,15,1997,25000,140,2026,4,4
광진구,구의동,리마크빌구의,19.66,10,2025,8200,47,2026,4,16
광진구,구의동,현대프라임,59.82,27,1997,30000,100,2026,4,18
광진구,자양동,더샵스타시티,177.97,24,2007,124500,162,2026,4,18
광진구,자양동,우방리버파크,84.96,17,2003,10000,230,2026,4,8
광진구,광장동,광나루현대,84.92,18,1996,80000,0,2026,4,4
광진구,자양동,자양우성7,59.94,17,1998,30000,140,2026,4,18
광진구,광장동,현대3,59.67,4,1990,5000,168,2026,4,4
광진구,광장동,현대3,59.67,8,1990,65000,0,2026,4,18
광진구,광장동,금호베스트빌,84.91,4,2001,62000,0,2026,4,18
광진구,중곡동,중곡2단지,55.87,3,1976,8000,60,2026,4,19
광진구,구의동,e편한세상광진그랜드파크,84.9716,16,2021,110000,0,2026,4,20
광진구,자양동,현대강변,82.08,10,1991,65000,0,2026,4,20
광진구,화양동,광진스위트엠아파트,84.51,7,2021,3000,75,2026,4,18
광진구,구의동,래미안파크스위트,84.98,10,2018,80223,0,2026,4,17
광진구,구의동,래미안파크스위트,84.98,10,2018,80223,0,2026,4,17
광진구,구의동,구의강변우성아파트,84.76,15,1992,63000,0,2026,4,4
광진구,자양동,자양우성7,59.94,13,1998,57750,0,2026,4,17
광진구,구의동,성동강변파크빌101(강변타워),84.97,3,2001,35000,110,2026,4,17
광진구,자양동,자양삼성,84.96,6,1999,80000,0,2026,4,15
광진구,구의동,현대프라임,59.82,14,1997,10000,180,2026,4,11
광진구,구의동,리마크빌구의,39.48,6,2025,13400,51,2026,4,17
광진구,자양동,광진트라팰리스,84.96,19,2006,100000,0,2026,4,15
광진구,광장동,현대3,74.92,20,1990,20000,220,2026,4,17
광진구,구의동,e편한세상광진그랜드파크,84.9794,15,2021,110000,0,2026,4,16
광진구,광장동,현대8(803동),84.95,6,1996,78500,0,2026,4,15
광진구,광장동,현대3,84.97,15,1990,90000,0,2026,4,16
광진구,광장동,극동1,156.92,4,1985,60900,0,2026,4,13
광진구,구의동,리마크빌구의,19.66,9,2025,8200,47,2026,4,16
광진구,자양동,래미안프리미어팰리스,59.87,27,2017,72000,0,2026,4,4
광진구,구의동,현대프라임,59.82,4,1997,55500,0,2026,4,4
광진구,구의동,현대13차폴라트리움,154.92,7,2006,108000,0,2026,4,16
광진구,광장동,극동2,75.55,2,1989,48500,0,2026,4,16
광진구,광장동,포제스한강,84.9825,5,2025,160000,0,2026,4,14
광진구,자양동,우성1,51.57,8,1988,31500,0,2026,4,11
광진구,자양동,자양삼성,114.88,6,1999,73500,0,2026,4,16
광진구,구의동,현대프라임,59.82,23,1997,55000,40,2026,4,15
광진구,구의동,구의현대2단지,84.91,10,1996,81740,0,2026,4,15
광진구,구의동,리마크빌구의,19.66,18,2025,4100,63,2026,4,15
광진구,광장동,광장현대9단지,59.97,7,1999,60500,0,2026,4,14
광진구,자양동,우방리버파크,59.87,18,2003,65000,0,2026,4,3
광진구,구의동,강변현대하이엘,84.72,13,2004,70000,0,2026,4,11
광진구,구의동,세림리오빌,84.67,1,2005,57750,0,2026,4,14
광진구,구의동,현대프라임,59.82,13,1997,60000,0,2026,4,14
광진구,구의동,리마크빌구의,19.66,9,2025,8200,47,2026,4,9
광진구,자양동,우성1,51.57,6,1988,38745,0,2026,4,13
광진구,구의동,새한,84.91,8,2000,55000,15,2026,4,14
광진구,구의동,리마크빌구의,39.48,7,2025,15900,61,2026,4,14
광진구,중곡동,백악관타워,18.5334,7,2025,10600,43,2026,4,7
광진구,광장동,현대8(803동),84.95,8,1996,85000,0,2026,4,11
광진구,자양동,우방리버파크,84.99,13,2003,73000,0,2026,4,13
광진구,자양동,우성1,59.91,1,1988,50000,0,2026,4,14
광진구,구의동,현대프라임,59.82,17,1997,61000,0,2026,4,2
광진구,광장동,포제스한강,216.4175,11,2025,50000,2500,2026,4,3
광진구,구의동,구의현대2단지,84.91,9,1996,85000,0,2026,4,2
광진구,중곡동,백악관타워,44.7511,7,2025,20800,74,2026,4,10
광진구,화양동,광진코지웰,13.83,7,2014,1000,67,2026,4,4
광진구,자양동,우성1,79.75,15,1988,52000,0,2026,4,14
광진구,구의동,래미안파크스위트,59.98,2,2018,85000,0,2026,4,13
광진구,구의동,현대프라임,59.82,2,1997,35000,100,2026,4,11
광진구,광장동,현대3,59.67,10,1990,30000,120,2026,4,13
광진구,자양동,현대강변,82.08,10,1991,67500,0,2026,4,11
광진구,자양동,한강성원,59.46,7,1997,66000,10,2026,4,11
광진구,자양동,현대3,84.9,17,1996,65000,0,2026,4,11
광진구,광장동,극동1,84.55,5,1985,80000,0,2026,4,10
광진구,광장동,청구,59.95,18,1996,20000,190,2026,4,11
광진구,광장동,현대파크빌,84.51,20,2000,110000,0,2026,4,11
광진구,광장동,광장힐스테이트,130.17,15,2012,157500,0,2026,4,11
광진구,구의동,e편한세상광진그랜드파크,115.9824,8,2021,135000,0,2026,4,3
광진구,구의동,현대프라임,59.82,25,1997,50000,0,2026,4,6
광진구,광장동,현대3,84.97,10,1990,74550,0,2026,4,4
광진구,구의동,리마크빌구의,19.66,17,2025,6900,40,2026,4,10
광진구,자양동,자양현대5,59.72,10,1998,10000,170,2026,4,10
광진구,자양동,우방리버파크,59.87,8,2003,73000,0,2026,4,10
광진구,자양동,이튼타워리버5차,84.98,15,2009,105000,0,2026,4,2
광진구,자양동,자양호반써밋,59.079,11,2021,55000,105,2026,4,9
광진구,구의동,구의강변우성아파트,84.76,17,1992,65000,0,2026,4,7
광진구,구의동,e편한세상광진그랜드파크,84.9716,15,2021,60000,179,2026,4,9
광진구,구의동,e편한세상광진그랜드파크,84.9839,1,2021,90000,0,2026,4,9
광진구,자양동,더샵스타시티,139.54,44,2007,120000,83,2026,4,9
광진구,구의동,아크로리버,164.7228,10,2004,115000,0,2026,4,9
광진구,광장동,청구,84.86,7,1996,90000,0,2026,4,8
광진구,구의동,구의현대2단지,84.91,11,1996,65000,100,2026,4,8
광진구,구의동,리마크빌구의,39.48,19,2025,15900,61,2026,4,8
광진구,자양동,자양호반써밋,40.2751,18,2021,64300,0,2026,4,7
광진구,구의동,e편한세상광진그랜드파크,84.9716,4,2021,105000,0,2026,4,4
광진구,구의동,리마크빌구의,19.66,16,2025,6900,40,2026,4,1
광진구,중곡동,타워캐슬,12.62,2,2012,9720,0,2026,4,2
광진구,자양동,한강극동,84.47,4,1991,5000,250,2026,4,8
광진구,구의동,리마크빌구의,19.66,16,2025,6200,55,2026,4,4
광진구,중곡동,그린트리,84.51,4,2004,50400,0,2026,4,8
광진구,화양동,아스하임(111-102),14.11,15,2018,10000,52,2026,4,8
광진구,중곡동,타워캐슬,12.62,2,2012,9720,0,2026,4,2
광진구,광장동,"현대8(801동,802동)",84.92,24,1995,84500,0,2026,4,1
광진구,광장동,현대3,59.67,12,1990,20000,160,2026,4,4
광진구,자양동,자양현대5,59.72,13,1998,60000,0,2026,4,4
광진구,광장동,현대3,84.97,14,1990,78750,0,2026,4,4
광진구,구의동,강변힐하우스,13.27,4,2015,15000,0,2026,4,6
광진구,자양동,이튼타워리버3차,84.96,14,2007,83000,0,2026,4,1
광진구,구의동,현대프라임,84.99,15,1997,85000,0,2026,4,7
광진구,화양동,더메종건대,16.21,8,2022,100,31,2026,4,7
광진구,화양동,더메종건대,17.78,7,2022,100,32,2026,4,7
광진구,화양동,더메종건대,18.19,5,2022,100,32,2026,4,7
광진구,자양동,자양삼성,59.76,5,1999,7500,210,2026,4,6
광진구,구의동,래미안파크스위트,84.98,7,2018,90000,0,2026,4,4
광진구,자양동,로얄동아,59.91,13,1999,47250,0,2026,4,7
광진구,자양동,한양,108.35,11,1983,55600,0,2026,4,6
광진구,광장동,워커힐푸르지오,65.66,9,1987,70000,0,2026,4,6
광진구,구의동,리마크빌구의,19.66,12,2025,4100,63,2026,4,3
광진구,구의동,e편한세상광진그랜드파크,84.9716,1,2021,110000,0,2026,4,4
광진구,자양동,더포디엄830,41.25,21,2025,17300,116,2026,4,6
광진구,중곡동,백악관타워,18.5334,8,2025,10600,43,2026,4,3
광진구,자양동,대동,59.54,6,1999,60000,0,2026,4,4
광진구,광장동,극동2,75.55,13,1989,49350,0,2026,4,4
광진구,구의동,현대프라임,183.87,1,1997,84400,59,2026,4,4
광진구,광장동,삼성광장1,66.03,6,1987,50000,0,2026,4,4
광진구,자양동,자양2현대,84.88,15,1995,80000,0,2026,4,4
광진구,구의동,성동강변파크빌101(강변타워),59.1,13,2001,50400,0,2026,4,5
광진구,구의동,현대프라임,59.82,27,1997,65000,0,2026,4,4
광진구,자양동,광진하우스토리한강,143.36,16,2008,136000,0,2026,4,4
광진구,광장동,금호베스트빌,59.93,13,2001,73000,0,2026,4,4
광진구,광장동,청구,84.86,10,1996,82000,0,2026,4,4
광진구,자양동,더샵스타시티,100.29,41,2007,70000,240,2026,4,3
광진구,구의동,리마크빌구의,19.66,12,2025,6900,40,2026,4,3
광진구,광장동,극동2,84.55,11,1989,60000,0,2026,4,3
광진구,구의동,구의현대6단지,84.92,7,1994,68250,0,2026,4,3
광진구,구의동,리마크빌구의,19.66,10,2025,6900,40,2026,4,3
광진구,화양동,테라팰리스건대1차,75.99,3,2019,54000,5,2026,4,2
광진구,광장동,극동2,75.55,9,1989,64050,0,2026,4,3
광진구,자양동,로얄동아,59.91,14,1999,51000,0,2026,4,1
광진구,광장동,광장현대9단지,59.97,2,1999,20000,180,2026,4,2
광진구,자양동,대동,84.65,12,1999,40000,190,2026,4,2
광진구,구의동,리마크빌구의,19.66,17,2025,6200,55,2026,4,2
광진구,광장동,극동2,84.55,12,1989,55000,80,2026,4,1
광진구,자양동,경남,114.97,19,1999,80000,0,2026,4,2
광진구,광장동,현대5,59.67,12,1989,56000,0,2026,4,1
광진구,중곡동,진흥아르미,84.96,7,2005,21000,84,2026,4,1
광진구,중곡동,백악관타워,18.849,8,2025,6400,61,2026,4,1
광진구,구의동,새한,84.91,1,2000,65000,0,2026,4,1
광진구,자양동,한강아남,83.59,9,1995,30000,71,2026,4,1
광진구,자양동,자양7차현대홈타운,59.94,2,2001,41500,44,2026,4,1
광진구,구의동,구의현대7단지현대홈타운,59.97,5,1997,35000,90,2026,4,1
동대문구,답십리동,답십리파크자이,59.91,15,2019,40000,100,2026,4,4
동대문구,전농동,전농우성,59.78,11,1992,40000,0,2026,4,24
동대문구,용두동,래미안 허브리츠,59.98,12,2011,55000,40,2026,4,24
동대문구,답십리동,래미안위브,84.98,11,2014,85000,0,2026,4,25
동대문구,답십리동,동답한신,35.45,3,1992,28000,0,2026,4,25
동대문구,회기동,신현대,55.89,1,1989,38000,0,2026,4,18
동대문구,제기동,한신아파트,59.84,3,2004,37500,0,2026,4,17
동대문구,청량리동,청량리롯데캐슬하이루체,59.9314,3,2026,63000,0,2026,4,11
동대문구,답십리동,동아,101.94,4,2001,60000,0,2026,4,11
동대문구,장안동,글로벌팰리스,27.29,12,2019,26000,0,2026,4,9
동대문구,답십리동,동답한신,35.45,12,1992,28000,0,2026,4,9
동대문구,답십리동,청계와이즈노벨리아,74.9044,13,2017,59000,0,2026,4,7
동대문구,답십리동,대림,59.65,7,2003,40000,0,2026,4,4
동대문구,답십리동,한원힐트리움아파트,42.87,7,2020,0,40,2026,4,1
동대문구,장안동,가우디트윈캐슬1,48.97,14,2016,4000,150,2026,4,29
동대문구,장안동,장안동사회주택,33.9566,4,2024,14700,49,2026,4,28
동대문구,이문동,이문스카이뷰,25.99,16,2020,24800,20,2026,4,7
동대문구,용두동,청량리역한양수자인그라시엘,84.97,40,2023,10000,400,2026,4,25
동대문구,용두동,래미안엘리니티,51.91,12,2022,5000,220,2026,4,15
동대문구,장안동,장안동하트리움,18.6988,9,2025,7600,33,2026,4,10
동대문구,용두동,신동아,84.63,1,1994,5000,200,2026,4,18
동대문구,장안동,장안동사회주택,26.2516,2,2024,9600,45,2026,4,29
동대문구,답십리동,청계지웰에스테이트,18.585,9,2012,1000,70,2026,4,18
동대문구,장안동,래미안장안2차,81.05,5,2007,30000,165,2026,4,23
동대문구,답십리동,두산위브,114.96,13,2007,30000,140,2026,4,4
동대문구,청량리동,한신,84.92,2,1997,30000,110,2026,4,16
동대문구,답십리동,더헤이븐,24.322,2,2020,3000,94,2026,4,15
동대문구,장안동,장안동사회주택,33.9566,3,2024,14400,48,2026,4,30
동대문구,답십리동,동답한신,35.45,3,1992,28000,0,2026,4,25
동대문구,장안동,우정A(344-11),103.16,5,2003,2000,100,2026,4,23
동대문구,전농동,전농우성,59.78,10,1992,5000,140,2026,4,13
동대문구,용두동,이편한세상청계센트럴포레,84.95,23,2021,55000,160,2026,4,14
동대문구,답십리동,두산,84.83,10,2000,20000,130,2026,4,7
동대문구,장안동,현대썬앤빌601,18.35,13,2015,1000,65,2026,4,28
동대문구,청량리동,청량리한신(임대),32.94,20,1997,2434,5,2026,4,17
동대문구,이문동,대성유니드아파트,84.97,5,2012,55000,0,2026,4,23
동대문구,답십리동,청계와이즈노벨리아,74.9044,11,2017,56200,0,2026,4,27
동대문구,이문동,래미안라그란데,44.03,15,2025,1523,30,2026,4,13
동대문구,답십리동,래미안미드카운티,84.99,21,2019,75000,0,2026,4,5
동대문구,답십리동,래미안엘파인아파트,114.82,10,2011,30000,140,2026,4,4
동대문구,답십리동,래미안위브,84.99,5,2014,10000,270,2026,4,25
동대문구,이문동,이문아이파크자이,59.96,12,2025,5000,300,2026,4,18
동대문구,이문동,래미안이문2차,84.61,11,2004,35000,110,2026,4,29
동대문구,답십리동,힐스테이트청계,59.94,20,2018,75000,0,2026,4,25
동대문구,용두동,래미안엘리니티,59.92,2,2022,75000,0,2026,4,30
동대문구,용두동,용두롯데캐슬리치,114.7715,10,2015,4000,100,2026,4,15
동대문구,휘경동,휘경자이디센시아,59.96,14,2025,10000,240,2026,4,21
동대문구,답십리동,답십리청솔우성,84.94,22,2000,51000,0,2026,4,18
동대문구,답십리동,현대썬앤빌청계,14.82,8,2016,10850,0,2026,4,23
동대문구,전농동,전농SK,84.95,19,2000,52500,0,2026,4,1
동대문구,휘경동,휘경베스트빌현대,59.92,8,2000,10000,75,2026,4,18
동대문구,답십리동,청계한신휴플러스,84.73,8,2010,66000,0,2026,4,8
동대문구,이문동,래미안라그란데,59.95,11,2025,5000,210,2026,4,29
동대문구,답십리동,센시티16,21.257,4,2013,12800,0,2026,4,16
동대문구,전농동,전농SK,59.96,19,2000,10000,170,2026,4,25
동대문구,용두동,이편한세상청계센트럴포레,59.96,14,2021,10000,264,2026,4,4
동대문구,이문동,래미안라그란데,44.03,13,2025,6504,10,2026,4,13
동대문구,용두동,동대문베네스트,18.36,20,2020,3700,70,2026,4,2
동대문구,휘경동,주공1,84.84,2,2001,55000,0,2026,4,28
동대문구,답십리동,현대썬앤빌청계,14.82,12,2016,1000,68,2026,4,25
동대문구,답십리동,청계한신휴플러스,73.96,11,2010,10000,220,2026,4,25
동대문구,장안동,장안동사회주택,26.2516,6,2024,9700,46,2026,4,29
동대문구,청량리동,미주,137.46,3,1978,59000,0,2026,4,25
동대문구,이문동,민족통일MJ캠퍼스외대,24.94,4,2016,19500,20,2026,4,9
동대문구,답십리동,답십리청솔우성,84.94,7,2000,47250,0,2026,4,1
동대문구,답십리동,답십리청솔우성,59.74,18,2000,45000,0,2026,4,27
동대문구,장안동,래미안장안2차,81.05,14,2007,67000,0,2026,4,15
동대문구,전농동,전농SK,59.96,12,2000,46200,0,2026,4,18
동대문구,답십리동,삼희,70.38,4,1983,46500,0,2026,4,24
동대문구,답십리동,센시티16,21.257,4,2013,12800,0,2026,4,16
동대문구,전농동,래미안크레시티,84.96,19,2014,76650,0,2026,4,18
동대문구,답십리동,보광타워,16.13,13,2019,1000,80,2026,4,13
동대문구,답십리동,청계와이즈노벨리아,74.9044,13,2017,56000,40,2026,4,30
동대문구,휘경동,휘경SK뷰,59.39,20,2019,20000,150,2026,4,28
동대문구,답십리동,현대썬앤빌청계,14.72,7,2016,11000,18,2026,4,10
동대문구,장안동,장안동사회주택,26.2516,2,2024,9600,45,2026,4,27
동대문구,답십리동,삼희,70.38,4,1983,46500,0,2026,4,24
동대문구,제기동,리스트안암,18.41,5,2024,6400,30,2026,4,17
동대문구,청량리동,홍릉동부,84.91,19,2001,50000,0,2026,4,8
동대문구,장안동,장안동하트리움,20.8393,14,2025,6815,10,2026,4,6
동대문구,답십리동,답십리청솔우성,59.89,8,2000,36900,7,2026,4,24
동대문구,용두동,KYTOWER,19.93,12,2017,1000,82,2026,4,15
동대문구,장안동,미가마하나임장안,65.43,20,2023,7000,210,2026,4,28
동대문구,전농동,전농우성,84.84,14,1992,55000,0,2026,4,26
동대문구,용두동,동대문베네스트,18.81,20,2020,1000,95,2026,4,17
동대문구,용두동,래미안엘리니티,59.96,3,2022,62400,0,2026,4,20
동대문구,이문동,이문아이파크자이,59.91,38,2025,10000,300,2026,4,24
동대문구,용두동,이편한세상청계센트럴포레,59.96,17,2021,73500,0,2026,4,10
동대문구,답십리동,답십리청솔우성,84.94,7,2000,46000,0,2026,4,14
동대문구,전농동,전농우성,59.78,5,1992,7000,140,2026,4,13
동대문구,용두동,용두두산위브,59.99,3,2009,20000,160,2026,4,12
동대문구,제기동,한신아파트,84.76,8,2004,63000,0,2026,4,17
동대문구,답십리동,힐스테이트청계,84.9,18,2018,80000,0,2026,4,20
동대문구,장안동,장안SM드림빌(360-2),113.28,4,2003,53000,0,2026,4,21
동대문구,용두동,신동아,58.59,11,1994,5000,140,2026,4,10
동대문구,답십리동,동아,84.72,4,2001,44600,0,2026,4,9
동대문구,휘경동,주공1,114.73,14,2001,54600,0,2026,4,15
동대문구,용두동,청량리역한양수자인그라시엘,84.97,31,2023,95000,0,2026,4,25
동대문구,전농동,전농SK(임대),32.77,7,2000,2990,6,2026,4,17
동대문구,장안동,장안푸르미에,12.9463,9,2013,500,50,2026,4,16
동대문구,장안동,글로벌팰리스,27.29,12,2019,24000,0,2026,4,21
동대문구,용두동,이편한세상청계센트럴포레,59.96,13,2021,71000,0,2026,4,24
동대문구,전농동,리베르떼,27.23,8,2019,20000,10,2026,4,4
동대문구,이문동,래미안라그란데,44.03,13,2025,3809,25,2026,4,13
동대문구,답십리동,현대썬앤빌청계,14.82,13,2016,1000,67,2026,4,1
동대문구,이문동,래미안라그란데,44.03,8,2025,6504,10,2026,4,13
동대문구,답십리동,센시티16,14.244,13,2013,500,56,2026,4,3
동대문구,용두동,청량리역한양수자인그라시엘,84.97,43,2023,95000,0,2026,4,28
동대문구,청량리동,미주,137.46,3,1978,59000,0,2026,4,25
동대문구,전농동,전농우성,59.78,10,1992,4200,105,2026,4,27
동대문구,장안동,신일해피트리3차(568),84.97,15,2005,55000,0,2026,4,17
동대문구,장안동,우성5차에비뉴,84.17,8,2013,20000,105,2026,4,13
동대문구,장안동,유니트125,18.03,7,2026,9290,40,2026,4,28
동대문구,장안동,유니트125,22.01,3,2026,12580,53,2026,4,14
동대문구,이문동,이문아이파크자이,59.91,36,2025,40000,120,2026,4,9
동대문구,청량리동,미주,101.65,14,1978,30000,60,2026,4,25
동대문구,장안동,월튼파크뷰2차,59.88,10,2019,15923,29,2026,4,29
동대문구,이문동,대림e-편한세상,84.972,15,2003,40000,85,2026,4,26
동대문구,장안동,장안현대홈타운(336),58.42,24,2003,45000,0,2026,4,22
동대문구,용두동,한양아이클래스,14.19,3,2014,8200,25,2026,4,28
동대문구,회기동,신현대,84.96,10,1989,45000,0,2026,4,20
동대문구,회기동,베라체캠퍼스,24.319,6,2013,1000,100,2026,4,11
동대문구,전농동,전농동삼성래미안,59.93,1,2000,3000,137,2026,4,13
동대문구,답십리동,청계지웰에스테이트,18.585,12,2012,1000,68,2026,4,30
동대문구,전농동,래미안크레시티,121.93,20,2014,30000,350,2026,4,17
동대문구,이문동,이문아이파크자이,59.91,28,2025,75000,0,2026,4,25
동대문구,전농동,래미안크레시티,59.99,10,2014,66150,0,2026,4,18
동대문구,전농동,전농동삼성래미안,59.93,9,2000,20000,120,2026,4,19
동대문구,휘경동,주공1,114.73,11,2001,3000,235,2026,4,11
동대문구,신설동,포레스트힐시티,14.7,17,2018,15300,10,2026,4,30
동대문구,이문동,래미안라그란데,44.03,17,2025,6504,10,2026,4,13
동대문구,답십리동,두산,114.97,1,2000,20000,110,2026,4,30
동대문구,장안동,장안동사회주택,26.2516,3,2024,9600,45,2026,4,22
동대문구,용두동,이편한세상청계센트럴포레,59.96,13,2021,72450,0,2026,4,10
동대문구,답십리동,래미안위브,59.96,6,2014,63000,0,2026,4,11
동대문구,장안동,장안현대홈타운(336),84.78,5,2003,63000,0,2026,4,21
동대문구,답십리동,보광타워,16.13,12,2019,5000,50,2026,4,8
동대문구,장안동,U포그니2차,58.26,7,2018,5000,180,2026,4,2
동대문구,이문동,이문삼성래미안아파트,114.988,14,2001,70000,0,2026,4,29
동대문구,답십리동,답십리청솔우성,114.76,18,2000,75000,0,2026,4,7
동대문구,전농동,동대문롯데캐슬노블레스,59.98,4,2018,62000,13,2026,4,25
동대문구,장안동,동대문더퍼스트데시앙,84.9445,10,2019,11000,150,2026,4,11
동대문구,휘경동,주공1,114.73,9,2001,1000,50,2026,4,30
동대문구,용두동,용두두산위브,84.99,10,2009,70000,0,2026,4,21
동대문구,답십리동,보광타워,14.69,10,2019,1000,63,2026,4,14
동대문구,이문동,이문동웰츠타워,112.134,4,2008,47500,0,2026,4,11
동대문구,답십리동,답십리파크자이,49.54,5,2019,50000,70,2026,4,30
동대문구,용두동,롯데캐슬피렌체,84.99,7,2009,40000,100,2026,4,26
동대문구,휘경동,휘경SK뷰,84.62,12,2019,66000,0,2026,4,30
동대문구,답십리동,래미안미드카운티,84.99,18,2019,64050,0,2026,4,29
동대문구,휘경동,주공2,39.98,10,2001,28350,0,2026,4,25
동대문구,휘경동,이문휘경지웰에스테이트,14.1448,10,2021,17000,0,2026,4,25
동대문구,장안동,은하수드림필,84.91,1,2006,37000,0,2026,4,30
동대문구,신설동,포레스트힐시티,15.25,15,2018,1500,72,2026,4,11
동대문구,이문동,래미안라그란데,44.03,10,2025,3809,25,2026,4,14
동대문구,제기동,한신아파트,59.84,12,2004,55000,0,2026,4,26
동대문구,휘경동,동양1차,59.85,1,2000,5000,79,2026,4,10
동대문구,답십리동,힐스테이트청계,59.86,11,2018,70000,0,2026,4,30
동대문구,전농동,래미안아름숲,114.92,4,2012,5000,326,2026,4,30
동대문구,이문동,쌍용,84.89,6,2000,30000,90,2026,4,7
동대문구,전농동,래미안크레시티,59.99,5,2014,60500,0,2026,4,30
동대문구,전농동,리베르떼,27.23,10,2019,2000,125,2026,4,30
동대문구,전농동,전농SK(임대),32.77,15,2000,3035,2,2026,4,30
동대문구,용두동,래미안 허브리츠,84.97,10,2011,10000,25,2026,4,25
동대문구,용두동,래미안 허브리츠,84.97,10,2011,10000,25,2026,4,25
동대문구,용두동,래미안 허브리츠,84.97,10,2011,10000,25,2026,4,25
동대문구,용두동,신동아,58.59,3,1994,20000,70,2026,4,30
동대문구,용두동,이편한세상청계센트럴포레,84.93,13,2021,87000,0,2026,4,30
동대문구,용두동,용두두산위브,84.99,1,2009,62000,0,2026,4,25
동대문구,전농동,래미안크레시티,121.98,19,2014,85000,20,2026,4,6
동대문구,답십리동,청계지웰에스테이트,19.525,15,2012,1000,65,2026,4,25
동대문구,이문동,이문아이파크자이,59.96,19,2025,78000,0,2026,4,29
동대문구,장안동,래미안장안,115.681,13,2003,40000,130,2026,4,7
동대문구,이문동,이문삼성래미안아파트,84.954,12,2001,5000,200,2026,4,3
동대문구,답십리동,래미안위브,121.64,19,2014,85000,0,2026,4,12
동대문구,용두동,래미안엘리니티,121.58,1,2022,125000,0,2026,4,3
동대문구,용두동,신설동역대우아이빌1,47.988,3,2004,28000,0,2026,4,25
동대문구,답십리동,답십리파크자이,59.91,18,2019,64050,0,2026,4,2
동대문구,답십리동,래미안미드카운티,84.99,18,2019,64050,0,2026,4,29
동대문구,답십리동,청계푸르지오시티,18.92,6,2015,1000,75,2026,4,23
동대문구,용두동,가우디캐슬,29.68,10,2019,22000,15,2026,4,30
동대문구,전농동,청량리역롯데캐슬 SKY-L65,84.993,46,2023,10000,400,2026,4,29
동대문구,이문동,현대,114.6,11,2000,49350,0,2026,4,29
동대문구,청량리동,미주,102.15,4,1978,40000,0,2026,4,29
동대문구,답십리동,청계지웰에스테이트,19.525,14,2012,2000,60,2026,4,22
동대문구,장안동,양우내안애애플,15.3388,3,2014,500,65,2026,4,15
동대문구,이문동,래미안라그란데,44.03,14,2025,6504,10,2026,4,20
동대문구,용두동,힐스테이트청량리메트로블,48.8335,25,2025,60000,0,2026,4,29
동대문구,휘경동,주공1,114.73,16,2001,2000,50,2026,4,11
동대문구,용두동,힐스테이트청량리메트로블,41.398,26,2025,5805,7,2026,4,13
동대문구,답십리동,힐스테이트청계,48.98,21,2018,48000,40,2026,4,13
동대문구,전농동,전농동신성미소지움,112.874,7,2005,53000,0,2026,4,27
동대문구,이문동,이문아이파크자이,41.6,18,2025,32214,0,2026,4,29
동대문구,제기동,한신아파트,84.76,3,2004,63000,0,2026,4,29
동대문구,이문동,대림e-편한세상,59.958,14,2003,52000,0,2026,4,29
동대문구,이문동,대림e-편한세상,59.958,10,2003,48000,0,2026,4,29
동대문구,청량리동,샹그레빌아파트,79.984,4,2004,44000,0,2026,4,29
동대문구,이문동,이문아이파크자이,84.95,11,2025,30000,52,2026,4,24
동대문구,이문동,이문아이파크자이,41.6,8,2025,32214,0,2026,4,29
동대문구,청량리동,미주,101.65,13,1978,39900,0,2026,4,25
동대문구,이문동,중앙하이츠빌,114.84,17,2002,60000,0,2026,4,28
동대문구,답십리동,동답한신,59.22,11,1992,29400,11,2026,4,25
동대문구,장안동,유니트125,18.03,7,2026,9290,40,2026,4,28
동대문구,이문동,이문아이파크자이,59.95,30,2025,75000,0,2026,4,4
동대문구,이문동,이문아이파크자이,41.6,14,2025,32214,0,2026,4,28
동대문구,이문동,대성유니드아파트,84.97,7,2012,55000,0,2026,4,28
동대문구,장안동,유니트125,18.03,9,2026,8820,57,2026,4,28
동대문구,장안동,유니트125,18.03,5,2026,11030,47,2026,4,24
동대문구,장안동,장안뉴시티,17.53,9,2012,8500,0,2026,4,28
동대문구,휘경동,주공2,39.98,17,2001,25200,0,2026,4,24
동대문구,청량리동,현대,128.57,5,1987,66000,0,2026,4,27
동대문구,휘경동,서울휘경행복아파트,14.97,5,2021,3672,15,2026,4,28
동대문구,장안동,래미안장안2차,81.05,21,2007,5000,211,2026,4,11
동대문구,휘경동,동양2차,84.614,12,2002,57000,0,2026,4,3
동대문구,장안동,장안힐스테이트,84.854,10,2007,20000,200,2026,4,18
동대문구,이문동,이문아이파크자이,41.6,21,2025,32214,0,2026,4,28
동대문구,휘경동,서울휘경행복아파트,14.97,2,2021,3672,15,2026,4,28
동대문구,휘경동,서울휘경행복아파트,14.97,7,2021,3672,15,2026,4,28
동대문구,답십리동,래미안위브,84.98,10,2014,76650,0,2026,4,26
동대문구,전농동,전농SK,59.96,18,2000,50000,0,2026,4,18
동대문구,휘경동,서울휘경행복아파트,14.97,2,2021,3672,15,2026,4,28
동대문구,전농동,전농SK(임대),32.77,8,2000,2848,7,2026,4,28
동대문구,이문동,이문아이파크자이,41.6,12,2025,32214,0,2026,4,28
동대문구,휘경동,서울휘경행복아파트,14.97,3,2021,3672,15,2026,4,28
동대문구,용두동,래미안엘리니티,59.96,12,2022,74000,0,2026,4,23
동대문구,답십리동,래미안엘파인아파트,59.95,9,2011,54000,0,2026,4,25
동대문구,이문동,이문아이파크자이,41.6,23,2025,32214,0,2026,4,28
동대문구,신설동,포레스트힐시티,14.75,18,2018,5000,65,2026,4,25
동대문구,장안동,장안솔렌시아6,17.53,10,2021,22000,5,2026,4,21
동대문구,이문동,이문아이파크자이,41.6,26,2025,32214,0,2026,4,28
동대문구,휘경동,서울휘경행복아파트,14.97,4,2021,3672,15,2026,4,28
동대문구,전농동,동대문롯데캐슬노블레스,59.98,16,2018,70000,0,2026,4,27
동대문구,전농동,래미안크레시티,84.98,7,2014,78000,0,2026,4,25
동대문구,휘경동,서울휘경행복아파트,14.97,4,2021,3672,15,2026,4,28
동대문구,전농동,아코모회기바이홈즈,11.56,17,2024,0,211,2026,4,27
동대문구,장안동,래미안장안2차,81.05,16,2007,21000,158,2026,4,24
동대문구,청량리동,미주,102.15,7,1978,33600,0,2026,4,27
동대문구,휘경동,휘경SK뷰,84.62,18,2019,70000,0,2026,4,25
동대문구,용두동,청량리역한양수자인그라시엘,84.97,21,2023,5000,380,2026,4,4
동대문구,이문동,이문아이파크자이,41.6,20,2025,32214,0,2026,4,27
동대문구,용두동,힐스테이트청량리메트로블,44.2455,5,2025,32682,0,2026,4,28
동대문구,용두동,래미안 허브리츠,59.98,8,2011,50000,70,2026,4,27
동대문구,장안동,일성트루엘,58.9032,3,2012,33852,0,2026,4,27
동대문구,전농동,래미안크레시티,84.98,8,2014,30000,200,2026,4,26
동대문구,이문동,이문아이파크자이,41.6,4,2025,32214,0,2026,4,27
동대문구,이문동,이문아이파크자이,41.6,32,2025,32214,0,2026,4,27
동대문구,답십리동,삼희,42.93,6,1983,22000,0,2026,4,27
동대문구,이문동,이문아이파크자이,41.6,28,2025,32214,0,2026,4,27
동대문구,전농동,전농SK,84.95,20,2000,10000,200,2026,4,13
동대문구,회기동,신현대,84.96,6,1989,5000,155,2026,4,4
동대문구,장안동,유니트125,18.03,4,2026,11030,47,2026,4,27
동대문구,휘경동,주공2,39.98,16,2001,31500,0,2026,4,27
동대문구,용두동,용두롯데캐슬리치,84.5011,15,2015,65000,0,2026,4,18
동대문구,이문동,이문아이파크자이,41.6,25,2025,32214,0,2026,4,27
동대문구,용두동,힐스테이트청량리메트로블,44.2455,12,2025,32682,0,2026,4,27
동대문구,용두동,동대문푸르지오시티(도시형생활주택),30.11,21,2016,36000,0,2026,4,25
동대문구,답십리동,래미안엘파인아파트,84.83,2,2011,58800,0,2026,4,25
동대문구,이문동,이문아이파크자이,41.6,28,2025,32214,0,2026,4,27
동대문구,전농동,전농우성,44.24,15,1992,30000,0,2026,4,27
동대문구,전농동,전농동신성미소지움,112.874,16,2005,75000,0,2026,4,25
동대문구,답십리동,답십리청솔우성,114.76,8,2000,67500,0,2026,4,27
동대문구,전농동,래미안크레시티,84.97,5,2014,73500,0,2026,4,25
동대문구,용두동,힐스테이트청량리메트로블,41.398,9,2025,30420,0,2026,4,27
동대문구,이문동,이문아이파크자이,84.92,19,2025,93000,0,2026,4,14
동대문구,이문동,대림e-편한세상,59.958,7,2003,44100,0,2026,4,25
동대문구,답십리동,래미안엘파인아파트,84.83,2,2011,60000,0,2026,4,24
동대문구,장안동,장안현대홈타운(336),84.78,15,2003,65000,0,2026,4,24
동대문구,답십리동,청계와이즈노벨리아,74.9044,13,2017,59000,0,2026,4,7
동대문구,제기동,한신아파트,59.84,8,2004,55000,0,2026,4,25
동대문구,용두동,힐스테이트청량리메트로블,44.2455,23,2025,32682,0,2026,4,27
동대문구,답십리동,래미안미드카운티,59.98,6,2019,65000,0,2026,4,24
동대문구,용두동,힐스테이트청량리메트로블,44.2455,20,2025,32682,0,2026,4,27
동대문구,용두동,힐스테이트청량리메트로블,41.398,8,2025,30420,0,2026,4,27
동대문구,이문동,이문아이파크자이,41.6,22,2025,32214,0,2026,4,27
동대문구,전농동,동대문롯데캐슬노블레스,59.98,19,2018,64050,0,2026,4,25
동대문구,전농동,래미안크레시티,59.99,4,2014,68500,0,2026,4,24
동대문구,전농동,전농우성,115.56,5,1992,51450,0,2026,4,24
동대문구,장안동,장안현대홈타운(336),84.87,9,2003,54000,0,2026,4,18
동대문구,이문동,이문아이파크자이,41.6,7,2025,32214,0,2026,4,27
동대문구,전농동,전농SK,84.95,3,2000,64000,0,2026,4,25
동대문구,제기동,이수브라운스톤,84.9,2,2005,54200,0,2026,4,25
동대문구,장안동,장안힐스테이트,59.928,23,2007,25000,140,2026,4,5
동대문구,용두동,래미안엘리니티,121.58,1,2022,125000,0,2026,4,3
동대문구,답십리동,동아,84.72,13,2001,60000,0,2026,4,26
동대문구,장안동,현대썬앤빌601,18.35,8,2015,500,63,2026,4,22
동대문구,장안동,유니트125,22.01,2,2026,12580,53,2026,4,23
동대문구,휘경동,휘경제이스카이아파트,84.43,2,2016,48300,0,2026,4,22
동대문구,휘경동,휘경해모로프레스티지,84.88,14,2021,73000,0,2026,4,24
동대문구,답십리동,보광타워,24.27,10,2019,22000,10,2026,4,24
동대문구,답십리동,청계벽산메가트리움,59.93,9,2006,12000,170,2026,4,2
동대문구,휘경동,휘경SK뷰,84.31,17,2019,67000,0,2026,4,24
동대문구,답십리동,래미안위브,84.98,5,2014,75000,0,2026,4,24
동대문구,휘경동,휘경SK뷰,84.62,15,2019,66000,0,2026,4,24
동대문구,용두동,힐스테이트청량리메트로블,48.9799,21,2025,60000,0,2026,4,23
동대문구,전농동,래미안아름숲,84.7,1,2012,64500,0,2026,4,24
동대문구,답십리동,동아,59.88,12,2001,43000,0,2026,4,7
동대문구,장안동,장안푸르미에,12.9463,4,2013,500,50,2026,4,10
동대문구,용두동,이편한세상청계센트럴포레,59.96,17,2021,69000,0,2026,4,23
동대문구,장안동,코지언레지던스,13.12,2,2013,7000,16,2026,4,10
동대문구,장안동,장안현대홈타운(336),58.42,24,2003,45000,0,2026,4,22
동대문구,답십리동,우성그린,84.66,13,1997,52000,0,2026,4,23
동대문구,용두동,힐스테이트청량리메트로블,48.9799,21,2025,60000,0,2026,4,23
동대문구,장안동,유니트125,18.03,7,2026,6620,66,2026,4,17
동대문구,장안동,유니트125,18.03,8,2026,11030,47,2026,4,16
동대문구,장안동,유니트125,18.03,6,2026,8820,57,2026,4,16
동대문구,전농동,전농우성,84.84,5,1992,33075,0,2026,4,13
동대문구,장안동,래미안장안2차,81.05,5,2007,30000,165,2026,4,23
동대문구,청량리동,미주,102.15,5,1978,32414,0,2026,4,22
동대문구,회기동,베라체캠퍼스,24.319,14,2013,14000,36,2026,4,23
동대문구,용두동,이편한세상청계센트럴포레,74.98,8,2021,76650,0,2026,4,8
동대문구,휘경동,주공1,84.73,19,2001,41500,0,2026,4,18
동대문구,휘경동,휘경자이디센시아,59.93,7,2025,50000,100,2026,4,22
동대문구,장안동,동대문더퍼스트데시앙,75.8896,5,2019,30000,160,2026,4,18
동대문구,제기동,한신아파트,59.84,3,2004,37500,0,2026,4,17
동대문구,이문동,래미안라그란데,74.99,19,2025,20000,230,2026,4,21
동대문구,답십리동,래미안미드카운티,59.98,2,2019,57700,0,2026,4,14
동대문구,장안동,장안동사회주택,33.9566,6,2024,14900,49,2026,4,22
동대문구,용두동,롯데캐슬피렌체,30.4,5,2009,0,85,2026,4,21
동대문구,전농동,청량리역롯데캐슬 SKY-L65,84.971,46,2023,73500,80,2026,4,22
동대문구,장안동,장안힐스테이트,84.789,10,2007,61950,0,2026,4,21
동대문구,장안동,형인허브빌102동(417-11),78.81,6,2004,36330,0,2026,4,11
동대문구,답십리동,답십리청솔우성,114.76,23,2000,60900,0,2026,4,22
동대문구,휘경동,브라운스톤휘경,84.74,8,2013,25000,160,2026,4,17
동대문구,이문동,이문아이파크자이,59.91,12,2025,73000,0,2026,4,16
동대문구,이문동,삼익,59.95,19,1997,5000,130,2026,4,8
동대문구,답십리동,현대썬앤빌청계,14.72,10,2016,11200,20,2026,4,22
동대문구,이문동,현대,59.92,13,2000,7000,65,2026,4,21
동대문구,전농동,전농SK,84.95,3,2000,52500,0,2026,4,22
동대문구,청량리동,한신,59.97,1,1997,36750,0,2026,4,8
동대문구,전농동,동대문롯데캐슬노블레스,84.98,22,2018,59335,0,2026,4,21
동대문구,회기동,베라체캠퍼스,24.319,11,2013,1000,100,2026,4,10
동대문구,청량리동,청량리한신(임대),32.94,12,1997,2689,0,2026,4,21
동대문구,제기동,한신아파트,84.76,12,2004,62000,0,2026,4,20
동대문구,용두동,두산베어스타워,155.66,21,1998,56500,0,2026,4,18
동대문구,전농동,래미안아름숲,59.88,7,2012,50000,50,2026,4,16
동대문구,장안동,장안동사회주택,33.9566,2,2024,14400,48,2026,4,21
동대문구,제기동,한신아파트,84.76,21,2004,46200,0,2026,4,14
동대문구,장안동,래미안장안2차,64.85,11,2007,66000,0,2026,4,15
동대문구,용두동,KYTOWER,19.93,8,2017,1000,73,2026,4,1
동대문구,회기동,신현대,55.89,1,1989,38000,0,2026,4,17
동대문구,용두동,청량리역해링턴플레이스,84.873,16,2023,85000,0,2026,4,11
동대문구,휘경동,휘경미소지움,59.84,9,1999,20000,100,2026,4,12
동대문구,전농동,래미안크레시티,121.93,18,2014,89000,0,2026,4,8
동대문구,전농동,전농SK,84.95,8,2000,18000,92,2026,4,21
동대문구,장안동,장안현대홈타운(336),84.78,5,2003,63000,0,2026,4,21
동대문구,전농동,전농SK,84.95,14,2000,52500,0,2026,4,20
동대문구,청량리동,한신,84.92,1,1997,44000,0,2026,4,17
동대문구,답십리동,현대썬앤빌청계,18.27,6,2016,2000,60,2026,4,4
동대문구,이문동,대우,84.89,3,2001,43000,0,2026,4,11
동대문구,이문동,래미안라그란데,44.03,21,2025,6504,10,2026,4,13
동대문구,휘경동,주공1,84.86,12,2001,55000,0,2026,4,18
동대문구,이문동,이문아이파크자이,84.95,11,2025,87000,0,2026,4,21
동대문구,휘경동,회기역하트리움역세권청년주택,33.7442,20,2023,17200,35,2026,4,15
동대문구,용두동,래미안 허브리츠,114.96,8,2011,100000,0,2026,4,21
동대문구,이문동,래미안라그란데,44.03,11,2025,6504,10,2026,4,13
동대문구,휘경동,휘경베스트빌현대,84.99,18,2000,47250,0,2026,4,18
동대문구,장안동,장안솔렌시아6,17.53,10,2021,22000,5,2026,4,21
동대문구,장안동,장안삼성쉐르빌,119.05,10,2002,40000,140,2026,4,11
동대문구,장안동,정은스카이빌101동,68.07,9,2004,45000,0,2026,4,3
동대문구,장안동,현대썬앤빌601,18.35,17,2015,500,70,2026,4,11
동대문구,용두동,힐스테이트청량리메트로블,41.398,25,2025,3841,18,2026,4,13
동대문구,전농동,전농동삼성래미안,59.93,1,2000,45000,0,2026,4,17
동대문구,이문동,래미안라그란데,59.95,11,2025,37500,130,2026,4,12
동대문구,전농동,래미안아름숲,114.92,10,2012,85000,0,2026,4,17
동대문구,이문동,이문아이파크자이,59.91,16,2025,10000,240,2026,4,11
동대문구,휘경동,동일스위트리버,84.973,17,2007,55650,0,2026,4,18
동대문구,답십리동,우성그린,84.98,18,1997,57700,0,2026,4,20
동대문구,답십리동,보광타워,14.69,15,2019,13500,0,2026,4,13
동대문구,전농동,래미안크레시티,59.99,3,2014,70000,0,2026,4,19
동대문구,답십리동,래미안위브,59.97,14,2014,75000,0,2026,4,17
동대문구,답십리동,힐스테이트청계,84.85,16,2018,84000,0,2026,4,18
동대문구,전농동,전농SK(임대),32.77,22,2000,4161,7,2026,4,20
동대문구,용두동,용두롯데캐슬리치,114.7715,14,2015,10000,250,2026,4,10
동대문구,이문동,쌍용,59.99,13,2000,5000,150,2026,4,17
동대문구,용두동,래미안엘리니티,51.98,4,2022,70000,0,2026,4,18
동대문구,전농동,래미안크레시티,121.93,20,2014,30000,350,2026,4,17
동대문구,용두동,래미안엘리니티,59.96,7,2022,68250,0,2026,4,7
동대문구,이문동,이문아이파크자이,59.95,33,2025,73000,0,2026,4,18
동대문구,휘경동,브라운스톤휘경,84.74,8,2013,25000,160,2026,4,17
동대문구,답십리동,답십리청솔우성,59.89,11,2000,55000,0,2026,4,17
동대문구,장안동,래미안장안,59.86,10,2003,53500,0,2026,4,6
동대문구,장안동,유니트125,18.03,7,2026,6620,66,2026,4,17
동대문구,용두동,신동아,58.59,10,1994,40000,20,2026,4,16
동대문구,휘경동,서울가든,85.92,8,1985,43000,0,2026,4,15
동대문구,휘경동,롯데,59.94,4,2000,48000,0,2026,4,11
동대문구,장안동,유니트125,18.03,3,2026,11030,47,2026,4,16
동대문구,답십리동,두산위브,84.91,11,2007,55500,55,2026,4,17
동대문구,장안동,파히나더그로브,20.85,5,2023,21200,10,2026,4,10
동대문구,답십리동,센시티16,14.244,13,2013,500,58,2026,4,16
동대문구,답십리동,답십리두산(임대),32.93,3,2000,2772,17,2026,4,13
동대문구,이문동,대림e-편한세상,114.937,11,2003,82000,0,2026,4,17
동대문구,용두동,래미안 허브리츠,59.98,15,2011,20000,160,2026,4,11
동대문구,전농동,전농SK,84.95,9,2000,31500,70,2026,4,12
동대문구,답십리동,래미안위브,84.98,10,2014,85000,0,2026,4,16
동대문구,장안동,파히나더그로브,29.1,5,2023,29000,30,2026,4,11
동대문구,이문동,이문아이파크자이,59.91,12,2025,73000,0,2026,4,16
동대문구,용두동,힐스테이트청량리메트로블,44.2455,27,2025,1655,25,2026,4,14
동대문구,장안동,장안힐스테이트,59.885,9,2007,40000,47,2026,4,16
동대문구,전농동,동대문롯데캐슬노블레스,84.98,18,2018,61929,0,2026,4,16
동대문구,답십리동,래미안위브,121.64,11,2014,102000,0,2026,4,16
동대문구,청량리동,한신,84.92,16,1997,44000,0,2026,4,16
동대문구,이문동,이문아이파크자이,20.8,30,2025,2000,110,2026,4,11
동대문구,휘경동,동성,68.24,4,2001,26000,35,2026,4,11
동대문구,전농동,래미안크레시티,84.98,14,2014,66150,0,2026,4,16
동대문구,답십리동,동답한신,35.45,8,1992,3000,135,2026,4,6
동대문구,장안동,장안힐스테이트,59.885,16,2007,5000,123,2026,4,15
동대문구,전농동,전농SK(임대),32.77,4,2000,1276,16,2026,4,16
동대문구,답십리동,동답한신,35.45,8,1992,3000,135,2026,4,6
동대문구,답십리동,청계한신휴플러스,73.96,1,2010,70000,0,2026,4,11
동대문구,청량리동,미주,102.15,6,1978,15000,120,2026,4,10
동대문구,휘경동,휘경베스트빌현대,114.88,10,2000,49000,0,2026,4,13
동대문구,휘경동,휘경제이스카이아파트,84.43,2,2016,55000,0,2026,4,10
동대문구,장안동,래미안장안,84.774,21,2003,67000,0,2026,4,15
동대문구,이문동,이문아이파크자이,102.93,25,2025,30000,360,2026,4,15
동대문구,장안동,파히나더그로브,20.85,5,2023,21200,10,2026,4,10
동대문구,전농동,전농SK(임대),32.77,11,2000,4384,10,2026,4,15
동대문구,이문동,이문아이파크자이,84.95,12,2025,80000,40,2026,4,11
동대문구,회기동,민족통일MJ캠퍼스경희대,27.64,12,2017,22000,7,2026,4,15
동대문구,휘경동,브라운스톤휘경,39.24,13,2013,2464,17,2026,4,15
동대문구,답십리동,래미안미드카운티,59.98,6,2019,69000,0,2026,4,13
동대문구,장안동,글로벌팰리스,27.08,9,2019,23310,0,2026,4,13
동대문구,휘경동,주공1,84.8,3,2001,40000,50,2026,4,15
동대문구,장안동,유니트125,22.01,3,2026,12580,53,2026,4,14
동대문구,장안동,유니트125,18.03,5,2026,6620,66,2026,4,14
동대문구,이문동,래미안이문2차,84.61,19,2004,20000,140,2026,4,15
동대문구,답십리동,동서울한양,76.41,9,1989,42000,0,2026,4,15
동대문구,답십리동,동아,84.72,4,2001,44600,0,2026,4,9
동대문구,전농동,전농SK(임대),32.77,15,2000,3296,8,2026,4,15
동대문구,답십리동,답십리동아(임대),31.77,9,2001,1640,22,2026,4,15
동대문구,전농동,전농우성,59.78,2,1992,30000,16,2026,4,12
동대문구,전농동,전농SK(임대),32.77,8,2000,1276,16,2026,4,15
동대문구,전농동,전농동신성미소지움,112.874,10,2005,60900,0,2026,4,15
동대문구,답십리동,두산,59.96,5,2000,26000,70,2026,4,15
동대문구,휘경동,휘경자이디센시아,59.96,29,2025,20000,165,2026,4,14
동대문구,전농동,전농SK(임대),32.77,14,2000,3426,7,2026,4,15
동대문구,전농동,전농SK(임대),32.77,16,2000,3777,4,2026,4,14
동대문구,장안동,장안현대홈타운(336),59.61,12,2003,28000,90,2026,4,9
동대문구,용두동,힐스테이트청량리메트로블,44.2455,27,2025,4138,20,2026,4,14
동대문구,휘경동,주공2,59.79,15,2001,45000,0,2026,4,10
동대문구,답십리동,래미안위브,84.98,8,2014,80000,0,2026,4,13
동대문구,휘경동,동일스위트리버,84.973,7,2007,49000,0,2026,4,2
동대문구,신설동,포레스트힐시티,15.88,20,2018,5000,65,2026,4,7
동대문구,장안동,장안현대홈타운(336),58.42,16,2003,53000,0,2026,4,14
동대문구,전농동,전농동삼성래미안(임대),32.99,12,2000,3510,9,2026,4,14
동대문구,용두동,힐스테이트청량리메트로블,44.2455,17,2025,4138,20,2026,4,14
동대문구,용두동,힐스테이트청량리메트로블,48.8335,14,2025,64000,0,2026,4,12
동대문구,답십리동,동서울한양,59.67,10,1989,40000,0,2026,4,13
동대문구,용두동,동대문푸르지오시티(도시형생활주택),30.11,22,2016,5000,130,2026,4,8
동대문구,답십리동,청계와이즈노벨리아,74.9044,20,2017,10000,189,2026,4,10
동대문구,답십리동,래미안위브,59.97,10,2014,20000,160,2026,4,13
동대문구,장안동,태솔아파트3차,59.57,12,2018,37000,0,2026,4,11
동대문구,용두동,롯데캐슬피렌체,30.4,12,2009,5000,80,2026,4,4
동대문구,답십리동,래미안위브,59.96,6,2014,5000,221,2026,4,11
동대문구,용두동,힐스테이트청량리메트로블,44.2455,26,2025,4138,20,2026,4,13
동대문구,장안동,장안현대홈타운(336),84.87,16,2003,60000,0,2026,4,1
동대문구,이문동,래미안라그란데,59.95,10,2025,73000,0,2026,4,11
동대문구,답십리동,청계푸르지오시티,18.92,18,2015,3000,53,2026,4,9
동대문구,이문동,래미안라그란데,44.03,21,2025,3809,25,2026,4,13
동대문구,제기동,한신아파트,59.84,7,2004,50000,0,2026,4,11
동대문구,용두동,청계한양아이클래스,24.67,19,2019,21700,31,2026,4,11
동대문구,답십리동,청계지웰에스테이트,19.525,15,2012,1000,67,2026,4,4
동대문구,답십리동,래미안위브,59.96,8,2014,28000,165,2026,4,13
동대문구,전농동,래미안크레시티,84.97,9,2014,72000,0,2026,4,13
동대문구,이문동,중앙하이츠빌,59.4,5,2002,40000,40,2026,4,4
동대문구,이문동,래미안라그란데,44.03,4,2025,3809,25,2026,4,13
동대문구,장안동,유니트125,22.01,6,2026,12580,53,2026,4,2
동대문구,휘경동,주공2,39.98,6,2001,2000,100,2026,4,4
동대문구,청량리동,청량리한신(임대),32.94,9,1997,2434,5,2026,4,13
동대문구,장안동,유니트125,22.01,4,2026,12580,53,2026,4,8
동대문구,장안동,르메이에르장안타운II(342-11),84.82,3,2005,42000,0,2026,4,6
동대문구,장안동,장안동사회주택,49.9674,2,2024,22600,54,2026,4,13
동대문구,장안동,스마트트라움,47.84,11,2018,31800,0,2026,4,13
동대문구,답십리동,답십리청솔우성,59.89,6,2000,50000,0,2026,4,11
동대문구,답십리동,래미안미드카운티,59.98,4,2019,67000,0,2026,4,10
동대문구,회기동,(57-30),34.08,3,2013,500,62,2026,4,1
동대문구,전농동,래미안크레시티,48.97,10,2014,6904,12,2026,4,13
동대문구,이문동,래미안라그란데,44.03,12,2025,1523,30,2026,4,13
동대문구,청량리동,현대,82.18,7,1987,35500,0,2026,4,11
동대문구,장안동,장안삼성쉐르빌,119.05,10,2002,40000,140,2026,4,11
동대문구,이문동,래미안라그란데,44.03,13,2025,3809,25,2026,4,13
동대문구,이문동,래미안라그란데,44.03,12,2025,3809,25,2026,4,13
동대문구,답십리동,신답경남,59.24,10,1991,30310,0,2026,4,11
동대문구,휘경동,휘경자이디센시아,84.97,25,2025,85000,0,2026,4,12
동대문구,이문동,래미안라그란데,44.03,17,2025,3809,25,2026,4,13
동대문구,이문동,이문동웰츠타워,112.134,4,2008,47500,0,2026,4,11
동대문구,청량리동,청량리한신(임대),32.94,9,1997,977,14,2026,4,13
동대문구,신설동,신설동지웰홈스,19.7,8,2017,640,79,2026,4,2
동대문구,전농동,전농동삼성래미안,114.89,22,2000,70000,0,2026,4,12
동대문구,이문동,래미안라그란데,44.03,11,2025,3809,25,2026,4,13
동대문구,답십리동,동아,59.88,20,2001,5000,127,2026,4,3
동대문구,휘경동,롯데낙천대,112.03,11,2003,70000,0,2026,4,13
동대문구,청량리동,현대,128.57,8,1987,50000,20,2026,4,11
동대문구,이문동,래미안라그란데,44.03,17,2025,1523,30,2026,4,13
동대문구,답십리동,래미안엘파인아파트,84.83,16,2011,62000,0,2026,4,12
동대문구,답십리동,청계한신휴플러스,73.96,23,2010,45000,80,2026,4,11
동대문구,전농동,동대문롯데캐슬노블레스,84.98,3,2018,72000,0,2026,4,11
동대문구,답십리동,현대썬앤빌청계,14.82,11,2016,1000,63,2026,4,10
동대문구,용두동,래미안엘리니티,84.92,12,2022,5000,336,2026,4,8
동대문구,신설동,신설동지웰홈스,19.7,11,2017,640,79,2026,4,10
동대문구,청량리동,미주,101.59,2,1978,39900,0,2026,4,10
동대문구,청량리동,현대,76.63,9,1987,15000,120,2026,4,9
동대문구,답십리동,동답한신,35.45,12,1992,28000,0,2026,4,9
동대문구,장안동,래미안장안2차,81.05,9,2007,25000,130,2026,4,10
동대문구,답십리동,래미안위브,121.64,13,2014,92000,0,2026,4,10
동대문구,장안동,장안동하트리움,18.6988,9,2025,7600,33,2026,4,10
동대문구,전농동,전농SK,84.95,13,2000,30000,100,2026,4,10
동대문구,장안동,장안현대홈타운(336),59.61,16,2003,5000,180,2026,4,2
동대문구,답십리동,대림,59.65,7,2003,40000,0,2026,4,4
동대문구,전농동,전농SK,114.3,15,2000,10000,160,2026,4,3
동대문구,휘경동,휘경동일하이빌,110.56,1,2005,53000,0,2026,4,9
동대문구,전농동,전농우성,84.84,5,1992,50000,0,2026,4,9
동대문구,답십리동,답십리청솔우성,59.74,22,2000,43050,0,2026,4,4
동대문구,청량리동,한신,59.97,1,1997,36750,0,2026,4,8
동대문구,전농동,씨티빌라트,84.68,7,1999,40000,0,2026,4,7
동대문구,장안동,장안현대홈타운(336),59.54,13,2003,5000,150,2026,4,6
동대문구,용두동,이편한세상청계센트럴포레,74.98,2,2021,82000,0,2026,4,8
동대문구,답십리동,청계한신휴플러스,84.73,8,2010,66000,0,2026,4,8
동대문구,용두동,래미안엘리니티,59.96,5,2022,10000,240,2026,4,8
동대문구,장안동,장안현대,95.44,8,1984,2000,60,2026,4,8
동대문구,전농동,동대문롯데캐슬노블레스,84.98,26,2018,74000,0,2026,4,6
동대문구,장안동,래미안장안2차,81.05,13,2007,68000,0,2026,4,2
동대문구,답십리동,두산위브,84.91,6,2007,63000,0,2026,4,8
동대문구,장안동,장안동하트리움,18.1438,20,2025,4200,19,2026,4,8
동대문구,휘경동,휘경SK뷰,84.62,12,2019,70000,0,2026,4,7
동대문구,장안동,장안동하트리움,18.1438,12,2025,4200,19,2026,4,7
동대문구,전농동,동대문롯데캐슬노블레스,59.98,12,2018,61350,0,2026,4,4
동대문구,휘경동,주공2,59.13,4,2001,5000,99,2026,4,4
동대문구,제기동,현대,59.92,1,1999,48000,0,2026,4,7
동대문구,답십리동,동답한신,35.45,6,1992,20000,0,2026,4,6
동대문구,장안동,유니트125,18.05,10,2026,11030,47,2026,4,3
동대문구,장안동,장안현대홈타운(336),59.54,13,2003,5000,150,2026,4,6
동대문구,용두동,이편한세상청계센트럴포레,46.92,9,2021,16699,45,2026,4,6
동대문구,장안동,유니트125,22.01,5,2026,10060,64,2026,4,4
동대문구,답십리동,엘림스퀘어3,14.76,4,2020,60,30,2026,4,6
동대문구,장안동,유니트125,22.01,6,2026,10060,64,2026,4,4
동대문구,답십리동,래미안엘파인(임대),30.13,12,2011,3532,33,2026,4,6
동대문구,장안동,장안뉴시티,17.63,9,2012,500,58,2026,4,6
동대문구,답십리동,청계지웰에스테이트,19.525,13,2012,1000,70,2026,4,3
동대문구,장안동,장안동하트리움,20.8393,14,2025,4725,21,2026,4,6
동대문구,신설동,포레스트힐시티,15.25,20,2018,1000,85,2026,4,4
동대문구,휘경동,주공2,39.97,12,2001,18000,30,2026,4,4
동대문구,전농동,전농SK,59.96,13,2000,10000,130,2026,4,2
동대문구,답십리동,힐스테이트청계,48.98,2,2018,52500,0,2026,4,5
동대문구,전농동,청량리역롯데캐슬 SKY-L65,84.981,13,2023,78750,0,2026,4,3
동대문구,장안동,태솔아파트1차,59.77,14,2016,34500,0,2026,4,3
동대문구,휘경동,회기역하트리움역세권청년주택,33.7442,4,2023,3202,33,2026,4,6
동대문구,용두동,두산위브(임대),34.02,11,2009,1149,27,2026,4,6
동대문구,장안동,장안동하트리움,36.2645,10,2025,17300,42,2026,4,6
동대문구,장안동,장안동하트리움,20.8393,6,2025,4725,21,2026,4,6
동대문구,답십리동,답십리파크자이,59.91,15,2019,40000,100,2026,4,4
동대문구,전농동,래미안크레시티,121.95,11,2014,105000,0,2026,4,5
동대문구,답십리동,힐스테이트청계,48.98,4,2018,68000,0,2026,4,5
동대문구,장안동,장안동하트리움,18.1438,23,2025,4200,19,2026,4,6
동대문구,이문동,쌍용,84.89,25,2000,10000,150,2026,4,6
동대문구,답십리동,답십리청솔우성,114.76,17,2000,65000,0,2026,4,4
동대문구,답십리동,청계한신휴플러스,59.74,8,2010,66000,0,2026,4,4
동대문구,전농동,전농SK,59.34,14,2000,45000,0,2026,4,4
동대문구,용두동,두산베어스타워,104.86,24,1998,20000,180,2026,4,4
동대문구,답십리동,래미안미드카운티,84.97,1,2019,63500,0,2026,4,3
동대문구,답십리동,래미안엘파인아파트,114.82,2,2011,60000,0,2026,4,4
동대문구,전농동,전농동삼성래미안,59.93,7,2000,50000,0,2026,4,5
동대문구,휘경동,휘경자이디센시아,59.96,7,2025,20000,200,2026,4,4
동대문구,답십리동,래미안미드카운티,59.98,9,2019,62000,12,2026,4,3
동대문구,전농동,전농SK,59.34,10,2000,40000,0,2026,4,4
동대문구,전농동,전농SK,84.95,18,2000,40000,70,2026,4,5
동대문구,답십리동,청계한신휴플러스,59.74,3,2010,47000,25,2026,4,4
동대문구,이문동,이문아이파크자이,59.95,30,2025,75000,0,2026,4,4
동대문구,이문동,이문삼성래미안아파트,84.954,17,2001,54684,0,2026,4,3
동대문구,장안동,유니트125,22.01,6,2026,7550,74,2026,4,2
동대문구,청량리동,한신,114.95,5,1997,55000,0,2026,4,1
동대문구,답십리동,답십리파크자이,84.83,19,2019,30000,200,2026,4,2
동대문구,답십리동,센시티16,14.244,3,2013,1000,49,2026,4,1
동대문구,답십리동,동서울한양,59.67,8,1989,39000,0,2026,4,2
동대문구,청량리동,홍릉동부,84.91,9,2001,51000,0,2026,4,2
동대문구,전농동,래미안크레시티,84.96,7,2014,20000,235,2026,4,2
동대문구,장안동,래미안장안2차,81.05,18,2007,50000,80,2026,4,1
동대문구,이문동,래미안이문2차,114.5,8,2004,75600,0,2026,4,2
동대문구,용두동,동대문베네스트,18.36,19,2020,20500,5,2026,4,1
동대문구,답십리동,답십리청솔우성,59.89,6,2000,39000,7,2026,4,1
동대문구,답십리동,삼희,58.77,9,1983,24000,0,2026,4,1
동대문구,장안동,월튼파크뷰2차,59.88,12,2019,24167,26,2026,4,1
중랑구,중화동,한신아파트상가동유치원동(103~109),50.37,26,1997,8000,100,2026,4,11
중랑구,중화동,한신아파트상가동유치원동(103~109),59.76,8,1997,34900,0,2026,4,13
중랑구,망우동,LH서울양원1단지,14.96,3,2022,2889,10,2026,4,10
중랑구,신내동,신내6대주,49.77,7,1996,5500,84,2026,4,21
중랑구,묵동,신내두산아파트,126.28,12,1995,55000,0,2026,4,13
중랑구,면목동,면목한신,35.3,11,1987,1000,80,2026,4,1
중랑구,상봉동,한일써너스빌,66.254,4,2003,3000,135,2026,4,4
중랑구,묵동,브라운스톤태릉,84.7094,15,2004,56000,0,2026,4,4
중랑구,묵동,브라운스톤태릉,101.9481,14,2004,10000,150,2026,4,14
중랑구,신내동,데시앙,59.7,3,2010,8588,13,2026,4,22
중랑구,신내동,신내우디안1단지,49.77,5,2014,1977,41,2026,4,23
중랑구,면목동,현대휴온,19.83,3,2013,12000,0,2026,4,25
중랑구,상봉동,상봉어반뷰,13.26,4,2018,1000,57,2026,4,25
중랑구,신내동,신내 데시앙포레,49.69,13,2013,4859,34,2026,4,25
중랑구,신내동,데시앙,59.7,5,2010,13856,0,2026,4,23
중랑구,신내동,신내6대주,59.76,2,1996,20000,80,2026,4,25
중랑구,묵동,로프트원태릉입구역,15.35,8,2020,2000,52,2026,4,27
중랑구,신내동,신내6대주,39.84,8,1996,3000,100,2026,4,6
중랑구,상봉동,태영데시앙2(1411동),84.6,7,2003,47000,0,2026,4,11
중랑구,신내동,신내6대주,59.76,10,1996,32300,0,2026,4,30
중랑구,묵동,로프트원태릉입구역,14.09,8,2020,2000,52,2026,4,8
중랑구,상봉동,상봉동양엔파트,18.0282,5,2024,14300,2,2026,4,27
중랑구,묵동,신내,39.84,8,1996,2000,90,2026,4,3
중랑구,신내동,신내 데시앙포레,49.69,3,2013,8473,13,2026,4,22
중랑구,상봉동,상봉동양엔파트,18.0282,7,2024,18000,2,2026,4,24
중랑구,상봉동,센트럴파크55,46.45,9,2019,5000,170,2026,4,8
중랑구,상봉동,세이지움상봉,48.9929,5,2025,10500,90,2026,4,14
중랑구,묵동,로프트원태릉입구역,14.09,13,2020,3000,51,2026,4,20
중랑구,상봉동,상봉동양엔파트,18.0282,10,2024,18000,2,2026,4,29
중랑구,신내동,신내우디안1단지,49.77,5,2014,6559,26,2026,4,24
중랑구,신내동,신내 데시앙포레,49.69,12,2013,8473,13,2026,4,22
중랑구,상봉동,상봉동양엔파트,18.0282,14,2024,18000,2,2026,4,17
중랑구,신내동,신내 데시앙포레,39.93,9,2013,6042,10,2026,4,22
중랑구,신내동,신내6대주,39.84,4,1996,27500,0,2026,4,11
중랑구,신내동,진로아파트,134.37,7,1995,66000,0,2026,4,22
중랑구,면목동,라온프라이빗,84.9814,17,2020,70000,0,2026,4,16
중랑구,신내동,신내9진흥,33.18,4,1996,21000,0,2026,4,30
중랑구,면목동,사가정센트럴아이파크,84.87,20,2020,85000,0,2026,4,28
중랑구,면목동,사가정센트럴아이파크,84.956,25,2020,77700,0,2026,4,30
중랑구,신내동,동성타워프라자,84.21,13,1996,280,140,2026,4,29
중랑구,신내동,데시앙,59.99,8,2010,2032,39,2026,4,23
중랑구,면목동,두산5,84.87,9,2000,50000,0,2026,4,7
중랑구,신내동,새한,59.77,17,1998,3000,120,2026,4,4
중랑구,신내동,성원,84.32,12,1994,42000,0,2026,4,30
중랑구,망우동,더하이어,12.0156,9,2013,1000,60,2026,4,28
중랑구,상봉동,역세권청년주택,17.75,2,2021,4800,34,2026,4,9
중랑구,상봉동,역세권청년주택,17.75,7,2021,5300,41,2026,4,9
중랑구,상봉동,역세권청년주택,17.02,8,2021,5300,43,2026,4,9
중랑구,상봉동,역세권청년주택,31.65,4,2021,7600,62,2026,4,9
중랑구,상봉동,역세권청년주택,31.65,2,2021,6800,52,2026,4,9
중랑구,망우동,LH서울양원1단지,44.55,4,2022,13242,16,2026,4,30
중랑구,망우동,신내역프라디움더테라스,84.9991,6,2023,45705,0,2026,4,9
중랑구,상봉동,"엘지,쌍용아파트",68.12,3,1996,32000,50,2026,4,12
중랑구,상봉동,세이지움상봉,48.9929,24,2025,11800,65,2026,4,7
중랑구,신내동,신내6대주,49.77,1,1996,3000,120,2026,4,17
중랑구,망우동,해븐타워,32.82,6,2020,24000,6,2026,4,21
중랑구,면목동,대원칸타빌,90.1209,10,2003,10000,160,2026,4,19
중랑구,상봉동,세이지움상봉,23.9838,20,2025,9500,55,2026,4,3
중랑구,신내동,동성1,59.4,8,1993,15000,100,2026,4,24
중랑구,신내동,신내9진흥,33.18,12,1996,2000,75,2026,4,11
중랑구,신내동,망우역신원아침도시,48.795,8,2023,37000,0,2026,4,17
중랑구,신내동,동성3,59.4,11,1997,5000,110,2026,4,20
중랑구,망우동,LH서울양원1단지,44.55,15,2022,13242,16,2026,4,30
중랑구,상봉동,상봉동양엔파트,38.559,18,2024,18800,46,2026,4,17
중랑구,면목동,면목한신,45.44,12,1987,2000,90,2026,4,5
중랑구,신내동,신내9진흥,39.84,7,1996,2000,80,2026,4,28
중랑구,상봉동,주함해븐타워,15.73,15,2015,1000,65,2026,4,23
중랑구,망우동,중랑숲리가,84.956,1,2012,42000,50,2026,4,25
중랑구,상봉동,세이지움상봉,23.9838,20,2025,9500,55,2026,4,3
중랑구,면목동,용마금호타운,84.9,4,1992,18900,105,2026,4,28
중랑구,신내동,데시앙,59.99,9,2010,8588,13,2026,4,22
중랑구,상봉동,건영2차아파트,84.96,3,1996,45150,0,2026,4,25
중랑구,면목동,개인택시주택조합(미성아파트),55.4,9,1995,5000,61,2026,4,17
중랑구,신내동,신내 데시앙포레,84.94,6,2013,5000,200,2026,4,23
중랑구,신내동,중앙하이츠,84.97,12,1996,32410,0,2026,4,25
중랑구,면목동,두산5,84.87,9,2000,47395,0,2026,4,30
중랑구,신내동,신내 데시앙포레,39.93,6,2013,1296,30,2026,4,22
중랑구,신내동,성원,84.32,21,1994,10000,88,2026,4,17
중랑구,상봉동,상봉타워,15.309,12,2019,15600,25,2026,4,27
중랑구,신내동,신내9진흥,33.18,8,1996,1000,60,2026,4,14
중랑구,망우동,신내역금강펜테리움센트럴파크,79.707,13,2021,55000,0,2026,4,13
중랑구,면목동,대한,77.39,5,2003,38000,0,2026,4,15
중랑구,면목동,면목삼호101,83.64,12,2000,46200,0,2026,4,9
중랑구,신내동,신내9진흥,33.18,3,1996,1000,60,2026,4,11
중랑구,묵동,현대아이파크,101.4007,9,2002,52000,0,2026,4,22
중랑구,묵동,신내두산아파트,102.7,3,1995,30000,120,2026,4,13
중랑구,신내동,신내 데시앙포레,49.69,17,2013,1943,40,2026,4,23
중랑구,묵동,이편한세상화랑대,84.902,17,2017,62000,35,2026,4,10
중랑구,상봉동,상봉동양엔파트,38.6354,19,2024,25100,21,2026,4,3
중랑구,상봉동,세이지움상봉,23.9838,22,2025,4700,74,2026,4,24
중랑구,망우동,해븐타워,22.74,15,2020,16500,12,2026,4,16
중랑구,면목동,라온프라이빗,68.1667,30,2020,59000,0,2026,4,11
중랑구,망우동,중랑숲리가,110.918,1,2012,42000,0,2026,4,16
중랑구,망우동,해븐타워,14.24,4,2020,13000,9,2026,4,10
중랑구,상봉동,더클래스,28.25,6,2019,25600,0,2026,4,20
중랑구,망우동,해븐타워,32.82,12,2020,24400,11,2026,4,30
중랑구,신내동,화성.두산아파트,84.99,1,1995,42200,0,2026,4,25
중랑구,묵동,신도,59.89,16,1998,9000,130,2026,4,25
중랑구,신내동,신내9진흥,33.18,10,1996,1500,66,2026,4,17
중랑구,상봉동,베스트엘리시온,30.91,4,2013,16270,6,2026,4,25
중랑구,신내동,신내 데시앙포레,49.77,2,2013,1943,40,2026,4,24
중랑구,망우동,양원금호어울림포레스트,69.7799,2,2021,27000,18,2026,4,29
중랑구,망우동,경남,59.94,5,1989,6000,60,2026,4,11
중랑구,묵동,묵동자이(2단지),101.9,22,2010,64000,0,2026,4,6
중랑구,신내동,신내9진흥,33.18,9,1996,5000,65,2026,4,27
중랑구,묵동,로프트원태릉입구역,15.35,6,2020,1000,54,2026,4,27
중랑구,묵동,신내,59.76,12,1996,6000,105,2026,4,29
중랑구,상봉동,건영2차아파트,84.96,8,1996,53000,0,2026,4,30
중랑구,면목동,용마한신,82.39,10,1990,42000,0,2026,4,11
중랑구,상봉동,더클래스,28.25,11,2019,21500,23,2026,4,30
중랑구,묵동,묵동자이(1단지),170.02,33,2010,15000,300,2026,4,20
중랑구,면목동,면목한신,58.46,9,1987,30000,16,2026,4,25
중랑구,중화동,한신아파트상가동유치원동(103~109),59.76,8,1997,1000,100,2026,4,9
중랑구,묵동,신내,49.77,1,1996,9000,59,2026,4,30
중랑구,신내동,신내11대명,49.77,12,1996,31500,0,2026,4,30
중랑구,신내동,신내 데시앙포레,39.93,8,2013,3240,26,2026,4,30
중랑구,신내동,데시앙,59.98,13,2010,13856,0,2026,4,30
중랑구,상봉동,상봉동양엔파트,18.2202,7,2024,14400,16,2026,4,30
중랑구,망우동,LH서울양원1단지,44.55,17,2022,13342,15,2026,4,30
중랑구,망우동,LH서울양원1단지,14.96,6,2022,689,15,2026,4,30
중랑구,상봉동,상봉동양엔파트,18.0282,10,2024,18000,2,2026,4,30
중랑구,상봉동,세이지움상봉,23.9838,16,2025,9500,55,2026,4,30
중랑구,신내동,신내9진흥,49.93,9,1996,26000,0,2026,4,11
중랑구,상봉동,상봉동양엔파트,38.5912,6,2024,25100,25,2026,4,30
중랑구,상봉동,상봉듀오트리스,131.8,11,2016,74000,0,2026,4,30
중랑구,망우동,LH서울양원1단지,14.96,8,2022,2729,10,2026,4,30
중랑구,망우동,LH서울양원1단지,14.96,3,2022,2766,11,2026,4,30
중랑구,면목동,면목한신,44.5,15,1987,25000,0,2026,4,10
중랑구,신내동,신내우디안1단지,84.65,13,2014,35647,0,2026,4,29
중랑구,면목동,면목한신,35.3,6,1987,20500,0,2026,4,11
중랑구,상봉동,세이지움상봉,23.9838,9,2025,7100,65,2026,4,7
중랑구,망우동,LH서울양원1단지,37.62,13,2022,6103,11,2026,4,30
중랑구,신내동,신내11대명,59.76,2,1996,34650,0,2026,4,8
중랑구,상봉동,상봉동양엔파트,18.2202,11,2024,18000,2,2026,4,29
중랑구,망우동,LH서울양원1단지,14.96,7,2022,3389,8,2026,4,30
중랑구,망우동,LH서울양원1단지,14.96,5,2022,3489,7,2026,4,29
중랑구,망우동,LH서울양원1단지,44.55,23,2022,11790,44,2026,4,29
중랑구,묵동,신내대림아파트,102.7,8,1995,58000,0,2026,4,23
중랑구,중화동,한신아파트상가동유치원동(103~109),84.03,1,1997,5000,140,2026,4,6
중랑구,신내동,진로아파트,101.86,2,1995,50000,0,2026,4,28
중랑구,신내동,동성아파트,59.4,7,1997,5000,110,2026,4,25
중랑구,묵동,브라운스톤태릉,101.9481,14,2004,25000,155,2026,4,25
중랑구,신내동,동성아파트,59.4,9,1997,33000,0,2026,4,2
중랑구,면목동,신성,84.98,9,1998,10000,100,2026,4,28
중랑구,망우동,LH서울양원1단지,14.96,5,2022,3365,13,2026,4,29
중랑구,망우동,LH서울양원1단지,14.96,8,2022,3563,13,2026,4,29
중랑구,망우동,해븐타워,14.24,15,2020,14400,6,2026,4,29
중랑구,망우동,LH서울양원1단지,14.96,15,2022,3489,7,2026,4,29
중랑구,신내동,신내 데시앙포레,49.77,10,2013,7998,16,2026,4,29
중랑구,중화동,범양프레체,17.94,9,2012,1000,60,2026,4,12
중랑구,망우동,LH서울양원1단지,14.96,4,2022,4167,9,2026,4,29
중랑구,망우동,LH서울양원1단지,44.55,4,2022,2042,50,2026,4,29
중랑구,신내동,벽산,59.783,13,2000,31500,0,2026,4,29
중랑구,신내동,신내6대주,49.77,4,1996,9000,80,2026,4,29
중랑구,상봉동,태영데시앙1,59.6772,13,2003,5000,100,2026,4,29
중랑구,중화동,범양프레체,17.94,10,2012,2000,50,2026,4,15
중랑구,망우동,중랑숲시티프라디움,55.8,8,2022,14767,55,2026,4,28
중랑구,신내동,신내9진흥,39.84,14,1996,23000,0,2026,4,28
중랑구,망우동,LH서울양원1단지,14.96,9,2022,3563,13,2026,4,28
중랑구,묵동,신내,39.84,9,1996,2000,80,2026,4,6
중랑구,망우동,LH서울양원1단지,37.62,22,2022,3503,24,2026,4,28
중랑구,상봉동,봄작시티24,16.93,19,2023,15000,27,2026,4,22
중랑구,망우동,LH서울양원1단지,14.96,10,2022,3365,13,2026,4,28
중랑구,망우동,LH서울양원1단지,26.75,23,2022,296,6,2026,4,28
중랑구,망우동,LH서울양원1단지,14.96,3,2022,3563,13,2026,4,28
중랑구,망우동,LH서울양원1단지,44.55,21,2022,12642,16,2026,4,28
중랑구,망우동,LH서울양원1단지,14.96,8,2022,3563,13,2026,4,28
중랑구,망우동,중랑숲시티프라디움,55.95,16,2022,14807,56,2026,4,28
중랑구,망우동,LH서울양원1단지,44.55,16,2022,2042,50,2026,4,28
중랑구,중화동,청광플러스원,84.96,3,2007,58800,0,2026,4,28
중랑구,신내동,데시앙,59.99,3,2010,2032,39,2026,4,22
중랑구,상봉동,상봉동양엔파트,18.2202,5,2024,14300,2,2026,4,28
중랑구,상봉동,상봉동양엔파트,18.0282,20,2024,7200,45,2026,4,28
중랑구,망우동,LH서울양원1단지,14.96,3,2022,3365,13,2026,4,28
중랑구,망우동,LH서울양원1단지,44.55,18,2022,11790,44,2026,4,28
중랑구,중화동,한신아파트상가동유치원동(103~109),50.37,26,1997,8000,100,2026,4,11
중랑구,면목동,한양수자인사가정파크,74.9394,13,2019,20000,210,2026,4,28
중랑구,상봉동,상봉동양엔파트,18.2202,16,2024,14400,16,2026,4,28
중랑구,신내동,진로아파트,134.37,7,1995,68000,0,2026,4,22
중랑구,망우동,중랑숲시티프라디움,46.89,1,2022,12537,47,2026,4,27
중랑구,묵동,로프트원태릉입구역,14.09,8,2020,2000,54,2026,4,20
중랑구,신내동,동성1,125.48,11,1993,10000,200,2026,4,27
중랑구,상봉동,베스트엘리시온,30.91,4,2013,16270,6,2026,4,25
중랑구,묵동,이편한세상화랑대,84.956,3,2017,68000,0,2026,4,27
중랑구,망우동,LH서울양원1단지,14.96,17,2022,3563,13,2026,4,27
중랑구,망우동,LH서울양원1단지,14.96,8,2022,3365,13,2026,4,27
중랑구,망우동,LH서울양원1단지,14.96,17,2022,3489,7,2026,4,27
중랑구,망우동,LH서울양원1단지,26.75,16,2022,5364,20,2026,4,27
중랑구,망우동,LH서울양원1단지,44.55,12,2022,3242,47,2026,4,28
중랑구,신내동,신내 데시앙포레,59.6,4,2013,2341,46,2026,4,22
중랑구,망우동,중랑숲시티프라디움,55.8,17,2022,14767,55,2026,4,27
중랑구,망우동,LH서울양원1단지,14.96,3,2022,3563,13,2026,4,27
중랑구,망우동,한일써너스빌리젠시2단지,84.48,20,2008,55000,0,2026,4,25
중랑구,신내동,신내9진흥,33.18,6,1996,16500,0,2026,4,23
중랑구,신내동,데시앙,59.99,6,2010,2032,39,2026,4,22
중랑구,상봉동,상봉동양엔파트,38.6354,4,2024,26400,3,2026,4,21
중랑구,망우동,LH서울양원1단지,14.96,4,2022,3563,13,2026,4,27
중랑구,신내동,데시앙,59.99,2,2010,7664,18,2026,4,21
중랑구,망우동,LH서울양원1단지,14.96,8,2022,3365,13,2026,4,27
중랑구,신내동,신내 데시앙포레,49.77,1,2013,6802,47,2026,4,27
중랑구,망우동,LH서울양원1단지,26.75,4,2022,6371,24,2026,4,27
중랑구,신내동,신내우디안1단지,49.77,4,2014,1977,41,2026,4,23
중랑구,망우동,LH서울양원1단지,14.96,17,2022,3563,13,2026,4,27
중랑구,상봉동,상봉동양엔파트,18.2202,19,2024,18000,2,2026,4,27
중랑구,망우동,LH서울양원1단지,44.55,20,2022,9542,34,2026,4,27
중랑구,신내동,신내6대주,39.84,5,1996,24500,0,2026,4,27
중랑구,망우동,LH서울양원1단지,14.96,5,2022,3489,7,2026,4,27
중랑구,망우동,LH서울양원1단지,14.96,4,2022,3563,13,2026,4,27
중랑구,상봉동,상봉동양엔파트,18.2202,6,2024,11400,13,2026,4,27
중랑구,상봉동,상봉동양엔파트,18.0282,9,2024,7200,45,2026,4,27
중랑구,상봉동,한국프라우드,84.99,5,2005,30000,60,2026,4,25
중랑구,면목동,현대휴온,18.17,2,2013,1000,53,2026,4,27
중랑구,묵동,월드메르디앙,58.72,11,2009,45000,0,2026,4,20
중랑구,묵동,월드메르디앙,83.51,3,2009,38064,0,2026,4,27
중랑구,망우동,"염광(5,8,10,11동)",60.37,2,1984,7000,50,2026,4,26
중랑구,망우동,LH서울양원1단지,44.55,6,2022,13242,16,2026,4,27
중랑구,망우동,LH서울양원1단지,44.55,25,2022,13242,16,2026,4,27
중랑구,망우동,LH서울양원1단지,14.96,12,2022,3563,13,2026,4,27
중랑구,망우동,LH서울양원1단지,14.96,7,2022,3563,13,2026,4,27
중랑구,망우동,LH서울양원1단지,26.75,13,2022,5431,19,2026,4,27
중랑구,망우동,LH서울양원1단지,44.55,18,2022,11142,26,2026,4,27
중랑구,면목동,라온프라이빗,59.9699,8,2020,54000,0,2026,4,23
중랑구,묵동,묵동자이(1단지),112.23,29,2010,35000,101,2026,4,17
중랑구,중화동,한신아파트상가동유치원동(103~109),59.76,14,1997,50000,0,2026,4,17
중랑구,망우동,LH서울양원1단지,14.96,10,2022,3489,7,2026,4,27
중랑구,신내동,건영2차,57.3,11,1996,10000,110,2026,4,20
중랑구,망우동,LH서울양원1단지,44.55,23,2022,9088,36,2026,4,25
중랑구,망우동,LH서울양원1단지,44.55,18,2022,13242,16,2026,4,27
중랑구,망우동,LH서울양원1단지,44.55,9,2022,13242,16,2026,4,27
중랑구,신내동,신내우디안1단지,49.77,3,2014,2944,39,2026,4,23
중랑구,신내동,신내 데시앙포레,49.74,9,2013,4859,34,2026,4,24
중랑구,상봉동,건영2차아파트,84.96,23,1996,42000,0,2026,4,26
중랑구,망우동,LH서울양원1단지,14.96,4,2022,3365,13,2026,4,27
중랑구,신내동,신내(10단지),39.59,1,1996,3123,12,2026,4,16
중랑구,면목동,현대,84.99,15,1994,42000,0,2026,4,11
중랑구,면목동,면목한신,27,10,1987,19000,0,2026,4,18
중랑구,상봉동,상봉동양엔파트,18.2202,13,2024,18000,2,2026,4,27
중랑구,신내동,신내9진흥,49.82,3,1996,35000,0,2026,4,24
중랑구,상봉동,와이센트럴시티상봉,20.06,11,2025,9100,53,2026,4,24
중랑구,상봉동,세이지움상봉,23.9838,14,2025,9500,55,2026,4,23
중랑구,상봉동,와이센트럴시티상봉,20.06,13,2025,9100,53,2026,4,24
중랑구,상봉동,와이센트럴시티상봉,20.06,20,2025,9100,53,2026,4,24
중랑구,상봉동,와이센트럴시티상봉,20.06,20,2025,9100,53,2026,4,24
중랑구,신내동,신내9진흥,39.84,3,1996,2000,90,2026,4,24
중랑구,신내동,우디안3단지,29.71,2,2017,7489,12,2026,4,24
중랑구,면목동,면목한신,27,12,1987,1000,80,2026,4,4
중랑구,상봉동,주함해븐타워,14.94,11,2015,1000,63,2026,4,24
중랑구,상봉동,상봉동양엔파트,18.2202,14,2024,18000,2,2026,4,24
중랑구,면목동,라온프라이빗,59.9855,16,2020,52500,0,2026,4,23
중랑구,망우동,신내역힐데스하임참좋은아파트,84.8456,24,2021,5000,225,2026,4,24
중랑구,상봉동,상봉동양엔파트,18.2127,10,2024,18000,2,2026,4,24
중랑구,신내동,신내 데시앙포레,59.49,16,2013,5854,39,2026,4,24
중랑구,망우동,LH서울양원1단지,14.96,3,2022,3678,9,2026,4,24
중랑구,면목동,용마산하늘채,84.7961,12,2015,30000,150,2026,4,15
중랑구,신내동,신내 데시앙포레,49.77,2,2013,4859,34,2026,4,24
중랑구,묵동,신내,49.77,8,1996,14000,34,2026,4,11
중랑구,면목동,용마한신,44.35,2,1990,100,20,2026,4,22
중랑구,상봉동,상봉동양엔파트,18.2202,11,2024,18000,2,2026,4,24
중랑구,중화동,한신아파트상가동유치원동(103~109),59.76,23,1997,44000,0,2026,4,24
중랑구,상봉동,상봉어반뷰,15.31,12,2018,8000,20,2026,4,11
중랑구,상봉동,상봉동양엔파트,18.2202,4,2024,5000,38,2026,4,24
중랑구,신내동,신내우디안1단지,49.64,10,2014,1977,41,2026,4,22
중랑구,면목동,면목한신,44.5,10,1987,28000,0,2026,4,22
중랑구,상봉동,상봉동양엔파트,18.0282,11,2024,14400,16,2026,4,24
중랑구,상봉동,상봉동양엔파트,18.0282,16,2024,18000,2,2026,4,24
중랑구,망우동,한일써너스빌리젠시1단지(101동),84.66,16,2008,55000,0,2026,4,4
중랑구,상봉동,상봉동양엔파트,38.6022,5,2024,26400,3,2026,4,24
중랑구,신내동,신내6대주,49.77,7,1996,15000,80,2026,4,11
중랑구,신내동,신내 데시앙포레,59.6,15,2013,2341,46,2026,4,23
중랑구,신내동,신내 데시앙포레,39.93,10,2013,1296,30,2026,4,22
중랑구,신내동,신내 데시앙포레,59.6,18,2013,5854,39,2026,4,23
중랑구,상봉동,건영2차아파트,84.96,14,1996,50000,0,2026,4,24
중랑구,망우동,LH서울양원1단지,44.55,23,2022,2042,50,2026,4,23
중랑구,상봉동,상봉동양엔파트,18.0282,13,2024,18000,2,2026,4,24
중랑구,면목동,라온프라이빗,59.9855,16,2020,52500,0,2026,4,23
중랑구,신내동,신내 데시앙포레,49.69,17,2013,4859,34,2026,4,23
중랑구,신내동,신내우디안1단지,59.6,8,2014,2354,47,2026,4,23
중랑구,신내동,신내 데시앙포레,59.56,2,2013,2341,46,2026,4,22
중랑구,묵동,칼튼테라스,33.7437,4,2021,9545,42,2026,4,24
중랑구,망우동,LH서울양원1단지,44.55,22,2022,11942,21,2026,4,23
중랑구,면목동,용마한신,44.35,14,1990,31000,0,2026,4,21
중랑구,상봉동,와이센트럴시티상봉,20.06,23,2025,6800,62,2026,4,23
중랑구,신내동,신내우디안1단지,49.77,4,2014,4944,35,2026,4,23
중랑구,신내동,신내우디안1단지,49.77,3,2014,4944,35,2026,4,23
중랑구,신내동,데시앙,59.99,8,2010,5080,33,2026,4,23
중랑구,망우동,삼부,59.9446,14,2021,20010,105,2026,4,13
중랑구,신내동,신내 데시앙포레,59.6,10,2013,4677,41,2026,4,23
중랑구,신내동,신내 데시앙포레,49.77,2,2013,4059,35,2026,4,22
중랑구,중화동,한신아파트상가동유치원동(103~109),50.37,4,1997,30000,50,2026,4,23
중랑구,묵동,금호어울림,101.97,5,2003,48000,9,2026,4,18
중랑구,상봉동,상봉동양엔파트,18.0282,16,2024,7200,45,2026,4,23
중랑구,면목동,현대휴온,18.17,2,2013,1000,55,2026,4,18
중랑구,중화동,삼익아파트.상가동,59.34,10,1995,31000,30,2026,4,15
중랑구,신내동,신내우디안1단지,59.6,8,2014,5886,40,2026,4,23
중랑구,신내동,신내우디안1단지,49.77,7,2014,4944,35,2026,4,23
중랑구,망우동,LH서울양원1단지,44.55,15,2022,13242,16,2026,4,23
중랑구,신내동,신내우디안1단지,39.93,10,2014,3386,27,2026,4,23
중랑구,망우동,LH서울양원1단지,26.75,7,2022,4287,15,2026,4,23
중랑구,망우동,LH서울양원1단지,26.75,7,2022,4287,15,2026,4,23
중랑구,신내동,신내 데시앙포레,59.6,4,2013,5854,39,2026,4,22
중랑구,신내동,신내우디안1단지,59.56,2,2014,3886,44,2026,4,22
중랑구,신내동,신내 데시앙포레,49.77,5,2013,1943,40,2026,4,22
중랑구,신내동,데시앙,59.99,9,2010,5080,33,2026,4,22
중랑구,신내동,신내 데시앙포레,59.6,15,2013,5854,39,2026,4,23
중랑구,신내동,신내우디안1단지,59.49,17,2014,5886,40,2026,4,23
중랑구,신내동,신내우디안1단지,49.77,5,2014,4944,35,2026,4,23
중랑구,신내동,신내 데시앙포레,59.64,15,2013,2341,46,2026,4,22
중랑구,신내동,데시앙,59.98,11,2010,2032,39,2026,4,22
중랑구,신내동,신내9진흥,33.18,8,1996,2000,50,2026,4,20
중랑구,면목동,면목한신,27,7,1987,18000,0,2026,4,21
중랑구,신내동,신내우디안1단지,39.93,11,2014,3386,27,2026,4,23
중랑구,상봉동,건영2차아파트,57.3,1,1996,29000,0,2026,4,22
중랑구,묵동,현대아이파크,84.9785,9,2002,30000,100,2026,4,21
중랑구,면목동,한양수자인사가정파크,84.989,2,2019,71000,0,2026,4,11
중랑구,신내동,진로아파트,101.86,2,1995,50000,50,2026,4,22
중랑구,신내동,신내 데시앙포레,39.93,6,2013,3240,26,2026,4,22
중랑구,신내동,신내 데시앙포레,39.93,10,2013,3240,26,2026,4,22
중랑구,신내동,신내9진흥,39.84,15,1996,28000,0,2026,4,20
중랑구,신내동,신내 데시앙포레,59.6,8,2013,2341,46,2026,4,22
중랑구,묵동,칼튼테라스,16.8132,6,2021,3705,27,2026,4,22
중랑구,신내동,신내 데시앙포레,59.88,3,2013,2341,46,2026,4,22
중랑구,신내동,신내우디안1단지,49.69,12,2014,4944,35,2026,4,22
중랑구,묵동,신내,39.84,3,1996,27000,0,2026,4,17
중랑구,망우동,LH서울양원1단지,44.55,15,2022,13242,16,2026,4,22
중랑구,망우동,예아아트월드,73.31,5,2006,35000,10,2026,4,21
중랑구,신내동,신내11대명,59.76,4,1996,35000,0,2026,4,22
중랑구,신내동,신내우디안1단지,39.93,9,2014,3386,27,2026,4,22
중랑구,신내동,신내 데시앙포레,49.77,2,2013,4859,34,2026,4,22
중랑구,신내동,신내우디안1단지,49.69,12,2014,1977,41,2026,4,22
중랑구,묵동,로프트원태릉입구역,29.11,14,2020,2000,110,2026,4,14
중랑구,신내동,신내우디안1단지,49.77,5,2014,4944,35,2026,4,22
중랑구,상봉동,역세권청년주택,31.65,2,2021,6800,49,2026,4,9
중랑구,신내동,신내우디안1단지,49.77,5,2014,1977,41,2026,4,22
중랑구,신내동,신내 데시앙포레,59.6,8,2013,5854,39,2026,4,22
중랑구,신내동,신내 데시앙포레,49.77,12,2013,1943,40,2026,4,22
중랑구,신내동,신내 데시앙포레,49.77,2,2013,4859,34,2026,4,22
중랑구,신내동,신내 데시앙포레,59.49,6,2013,2341,46,2026,4,22
중랑구,상봉동,역세권청년주택,31.65,7,2021,7600,58,2026,4,9
중랑구,묵동,한국,84.99,2,1999,43500,0,2026,4,22
중랑구,상봉동,역세권청년주택,31.65,5,2021,7600,62,2026,4,9
중랑구,상봉동,상봉타워,15.309,12,2019,15600,25,2026,4,20
중랑구,신내동,데시앙,59.7,3,2010,5080,33,2026,4,22
중랑구,상봉동,세이지움상봉,23.9838,18,2025,9500,55,2026,4,2
중랑구,상봉동,세이지움상봉,23.9838,9,2025,8000,47,2026,4,3
중랑구,상봉동,상봉동양엔파트,38.6022,4,2024,26400,3,2026,4,22
중랑구,신내동,데시앙,59.99,5,2010,5080,33,2026,4,22
중랑구,신내동,데시앙,59.99,9,2010,5080,33,2026,4,22
중랑구,신내동,신내 데시앙포레,49.69,3,2013,4859,34,2026,4,22
중랑구,신내동,신내 데시앙포레,49.69,5,2013,4859,34,2026,4,22
중랑구,신내동,신내 데시앙포레,59.64,15,2013,5854,39,2026,4,22
중랑구,신내동,신내 데시앙포레,49.69,10,2013,4859,34,2026,4,22
중랑구,신내동,신내우디안1단지,59.88,4,2014,5886,40,2026,4,22
중랑구,신내동,데시앙,59.99,8,2010,5080,33,2026,4,22
중랑구,면목동,용마한신,82.39,1,1990,40900,0,2026,4,22
중랑구,신내동,신내 데시앙포레,39.93,9,2013,3240,26,2026,4,22
중랑구,망우동,LH서울양원1단지,44.55,25,2022,1842,57,2026,4,22
중랑구,신내동,신내 데시앙포레,49.77,5,2013,4859,34,2026,4,22
중랑구,묵동,하늘빛아파트,84.99,3,2011,40000,0,2026,4,22
중랑구,신내동,신내 데시앙포레,59.6,5,2013,5854,39,2026,4,22
중랑구,신내동,신내 데시앙포레,39.93,15,2013,3240,26,2026,4,22
중랑구,신내동,데시앙,84.3,4,2010,48300,0,2026,4,16
중랑구,신내동,신내 데시앙포레,59.49,6,2013,5854,39,2026,4,22
중랑구,신내동,신내 데시앙포레,59.88,3,2013,2341,46,2026,4,22
중랑구,면목동,사가정센트럴아이파크,84.87,5,2020,73500,0,2026,4,18
중랑구,신내동,신내우디안1단지,59.49,12,2014,5886,40,2026,4,22
중랑구,신내동,신내 데시앙포레,59.56,2,2013,5854,39,2026,4,22
중랑구,신내동,신내우디안1단지,49.64,10,2014,4944,35,2026,4,22
중랑구,신내동,신내 데시앙포레,49.77,12,2013,4859,34,2026,4,22
중랑구,망우동,LH서울양원1단지,26.75,4,2022,7045,9,2026,4,22
중랑구,상봉동,상봉동양엔파트,18.0282,5,2024,7100,30,2026,4,22
중랑구,신내동,신내 데시앙포레,49.69,12,2013,4859,34,2026,4,22
중랑구,신내동,데시앙,59.98,11,2010,5080,33,2026,4,22
중랑구,신내동,데시앙,59.99,6,2010,5080,33,2026,4,22
중랑구,상봉동,상봉동양엔파트,18.2202,20,2024,7200,45,2026,4,22
중랑구,신내동,데시앙,59.99,8,2010,5080,33,2026,4,22
중랑구,신내동,데시앙,59.99,3,2010,5080,33,2026,4,22
중랑구,신내동,신내 데시앙포레,59.6,21,2013,5854,39,2026,4,22
중랑구,망우동,LH서울양원1단지,44.55,14,2022,16105,26,2026,4,21
중랑구,신내동,신내우디안1단지,84.65,3,2014,31421,0,2026,4,22
중랑구,상봉동,상봉동양엔파트,18.0282,11,2024,18000,2,2026,4,22
중랑구,신내동,신내 데시앙포레,59.6,5,2013,5854,39,2026,4,22
중랑구,면목동,신성,59.91,18,1998,35700,0,2026,4,18
중랑구,묵동,신내,59.76,8,1996,33600,0,2026,4,18
중랑구,상봉동,와이센트럴시티상봉,20.06,10,2025,4600,71,2026,4,21
중랑구,묵동,신내,39.84,8,1996,3000,70,2026,4,21
중랑구,상봉동,상봉동양엔파트,18.0282,20,2024,14400,16,2026,4,21
중랑구,상봉동,세이지움상봉,23.9838,16,2025,7100,65,2026,4,21
중랑구,신내동,데시앙,59.7,7,2010,13856,0,2026,4,21
중랑구,망우동,LH서울양원1단지,14.96,15,2022,2889,10,2026,4,21
중랑구,면목동,용마한신,44.35,7,1990,3000,100,2026,4,21
중랑구,상봉동,건영2차아파트,84.96,19,1996,40950,0,2026,4,8
중랑구,상봉동,상봉동양엔파트,18.0282,8,2024,7200,45,2026,4,21
중랑구,상봉동,한일써너스빌,84.642,6,2003,53000,0,2026,4,1
중랑구,망우동,해븐타워,25.64,12,2020,17460,2,2026,4,20
중랑구,망우동,해븐타워,25.24,16,2020,18000,5,2026,4,21
중랑구,묵동,묵동자이(1단지),114.43,14,2010,56000,50,2026,4,13
중랑구,면목동,사가정센트럴아이파크,59.78,20,2020,70000,0,2026,4,4
중랑구,신내동,데시앙,59.99,6,2010,13856,0,2026,4,21
중랑구,망우동,LH서울양원1단지,44.55,10,2022,8242,37,2026,4,20
중랑구,망우동,LH서울양원1단지,37.62,23,2022,6103,11,2026,4,20
중랑구,신내동,신내6대주,39.84,3,1996,25000,0,2026,4,20
중랑구,신내동,동성1,59.4,3,1993,5000,100,2026,4,5
중랑구,묵동,문수해오름,84.62,6,2004,50000,0,2026,4,20
중랑구,망우동,해븐타워,26.04,11,2020,17260,6,2026,4,20
중랑구,상봉동,세이지움상봉,23.9838,7,2025,9500,55,2026,4,6
중랑구,상봉동,세이지움상봉,23.9838,24,2025,7100,65,2026,4,17
중랑구,신내동,신내우디안1단지,84.94,3,2014,35000,0,2026,4,18
중랑구,중화동,동양엔파트2차,96.4,4,2013,55000,0,2026,4,7
중랑구,상봉동,상봉동양엔파트,18.2202,18,2024,18000,2,2026,4,20
중랑구,망우동,금호어울림(580-1),84.93,9,2006,15000,90,2026,4,19
중랑구,망우동,중랑숲리가,59.978,3,2012,49000,0,2026,4,13
중랑구,상봉동,상봉동양엔파트,38.6354,14,2024,25100,25,2026,4,20
중랑구,망우동,해븐타워,22.74,9,2020,15700,14,2026,4,20
중랑구,신내동,신내6대주,49.77,4,1996,3000,90,2026,4,18
중랑구,상봉동,역세권청년주택,17.02,5,2021,5300,43,2026,4,17
중랑구,망우동,LH서울양원1단지,14.96,10,2022,2889,10,2026,4,20
중랑구,면목동,두산1,59.76,9,1993,28000,50,2026,4,19
중랑구,상봉동,상봉동양엔파트,18.0282,14,2024,14400,16,2026,4,20
중랑구,신내동,신내6대주,39.84,6,1996,27000,0,2026,4,18
중랑구,묵동,헤르만스테이트,13.77,9,2013,700,55,2026,4,19
중랑구,상봉동,상봉동양엔파트,18.2202,7,2024,5400,52,2026,4,20
중랑구,신내동,광남,44.45,4,2000,5000,110,2026,4,16
중랑구,면목동,두산4,84.86,14,2000,57000,0,2026,4,20
중랑구,면목동,용마한신,44.35,9,1990,3700,135,2026,4,15
중랑구,상봉동,"엘지,쌍용아파트",68.12,14,1996,45000,0,2026,4,18
중랑구,망우동,삼부,59.9446,13,2021,20000,112,2026,4,20
중랑구,상봉동,세이지움상봉,23.9838,20,2025,9500,55,2026,4,17
중랑구,신내동,라이프미성,59.6,4,1992,29000,0,2026,4,18
중랑구,망우동,LH서울양원1단지,44.55,24,2022,13242,16,2026,4,17
중랑구,신내동,새한,115.84,7,1998,44000,0,2026,4,16
중랑구,신내동,진로아파트,134.37,3,1995,65000,0,2026,4,18
중랑구,신내동,신내9진흥,39.84,8,1996,23100,0,2026,4,18
중랑구,신내동,신내우디안1단지,39.93,11,2014,3386,27,2026,4,17
중랑구,신내동,신내 데시앙포레,49.69,13,2013,4859,34,2026,4,17
중랑구,신내동,데시앙,59.99,5,2010,13856,0,2026,4,17
중랑구,묵동,칼튼테라스,33.7437,12,2021,13363,27,2026,4,17
중랑구,신내동,새한,84.4,21,1998,42000,0,2026,4,16
중랑구,상봉동,상봉동양엔파트,18.2202,13,2024,18000,2,2026,4,17
중랑구,상봉동,동부아파트,54,18,1999,34000,0,2026,4,9
중랑구,상봉동,상봉동양엔파트,38.559,18,2024,18800,48,2026,4,17
중랑구,중화동,한신아파트상가동유치원동(103~109),59.76,22,1997,10000,130,2026,4,6
중랑구,신내동,데시앙,59.99,9,2010,13856,0,2026,4,17
중랑구,상봉동,상봉동양엔파트,18.0282,10,2024,18000,2,2026,4,17
중랑구,신내동,데시앙,114.48,8,2010,26717,0,2026,4,17
중랑구,신내동,신내9진흥,33.18,2,1996,17300,0,2026,4,17
중랑구,상봉동,상봉동양엔파트,38.5912,13,2024,9400,80,2026,4,17
중랑구,상봉동,상봉동양엔파트,18.0282,4,2024,7100,30,2026,4,17
중랑구,묵동,신안3,104.79,17,2000,63000,0,2026,4,4
중랑구,망우동,금호어울림(580),84.93,6,2006,47000,0,2026,4,17
중랑구,망우동,중랑숲리가,84.961,2,2012,52000,0,2026,4,11
중랑구,중화동,한신아파트상가동유치원동(103~109),50.37,21,1997,10000,78,2026,4,16
중랑구,신내동,신내 데시앙포레,49.69,9,2013,4859,34,2026,4,16
중랑구,상봉동,상봉동양엔파트,18.0282,17,2024,10800,31,2026,4,16
중랑구,상봉동,봄작시티24,16.93,10,2023,15000,21,2026,4,16
중랑구,상봉동,상봉힐스테이,17.25,5,2021,21790,4,2026,4,16
중랑구,면목동,면목한신,44.5,14,1987,10000,45,2026,4,6
중랑구,신내동,신내우디안1단지,59.99,7,2014,38500,0,2026,4,8
중랑구,상봉동,세이지움상봉,23.9838,25,2025,9500,55,2026,4,7
중랑구,신내동,광남,44.45,4,2000,5000,110,2026,4,16
중랑구,묵동,신내두산아파트,126.28,4,1995,64000,0,2026,4,15
중랑구,망우동,LH서울양원1단지,33.95,5,2022,2309,20,2026,4,15
중랑구,신내동,신내 데시앙포레,49.77,4,2013,5724,29,2026,4,15
중랑구,망우동,LH서울양원1단지,14.96,7,2022,3489,7,2026,4,15
중랑구,망우동,LH서울양원1단지,44.55,11,2022,12742,18,2026,4,15
중랑구,묵동,현대아이파크,84.9765,13,2002,60000,0,2026,4,14
중랑구,상봉동,상봉동양엔파트,18.2202,17,2024,18000,2,2026,4,15
중랑구,신내동,신내 데시앙포레,49.69,3,2013,4859,34,2026,4,15
중랑구,망우동,LH서울양원1단지,14.96,8,2022,4256,11,2026,4,15
중랑구,망우동,LH서울양원1단지,44.55,12,2022,13242,16,2026,4,15
중랑구,신내동,신내9진흥,39.84,11,1996,25000,0,2026,4,3
중랑구,상봉동,세이지움상봉,23.9838,9,2025,8000,47,2026,4,3
중랑구,상봉동,상봉힐스테이,14.75,7,2021,20280,3,2026,4,15
중랑구,신내동,화성.두산아파트,66.96,4,1995,25000,50,2026,4,3
중랑구,신내동,신내6대주,39.84,4,1996,27500,0,2026,4,11
중랑구,망우동,LH서울양원1단지,44.55,21,2022,13242,16,2026,4,15
중랑구,신내동,신내 데시앙포레,49.69,9,2013,11367,3,2026,4,15
중랑구,묵동,이편한세상화랑대,84.834,6,2017,69000,0,2026,4,10
중랑구,망우동,신내역금강펜테리움센트럴파크,79.707,17,2021,58000,0,2026,4,14
중랑구,망우동,LH서울양원1단지,44.55,2,2022,13342,15,2026,4,15
중랑구,상봉동,상봉타워,18.546,9,2019,13000,43,2026,4,13
중랑구,신내동,신내 데시앙포레,49.69,4,2013,10380,3,2026,4,14
중랑구,망우동,LH서울양원1단지,33.95,22,2022,1209,23,2026,4,14
중랑구,신내동,신내 데시앙포레,39.93,15,2013,5808,12,2026,4,14
중랑구,상봉동,상봉동양엔파트,38.6354,12,2024,31400,4,2026,4,15
중랑구,묵동,칼튼테라스,33.7437,12,2021,13363,26,2026,4,14
중랑구,상봉동,상봉동양엔파트,18.0282,13,2024,7200,45,2026,4,14
중랑구,묵동,신내두산아파트,126.28,2,1995,67000,0,2026,4,11
중랑구,신내동,신내6대주,39.84,5,1996,20160,0,2026,4,8
중랑구,묵동,이편한세상화랑대,84.902,17,2017,62000,0,2026,4,10
중랑구,신내동,신내9진흥,39.84,14,1996,22000,0,2026,4,14
중랑구,신내동,신내9진흥,39.84,12,1996,2000,85,2026,4,10
중랑구,상봉동,동부아파트,54,3,1999,40000,0,2026,4,3
중랑구,망우동,LH서울양원1단지,44.55,20,2022,13242,16,2026,4,14
중랑구,망우동,LH서울양원1단지,44.55,25,2022,13651,30,2026,4,14
중랑구,신내동,신내(10단지),30.4,9,1996,1038,5,2026,4,14
중랑구,상봉동,동부아파트,54,3,1999,40000,0,2026,4,3
중랑구,신내동,신내9진흥,33.18,6,1996,1000,66,2026,4,11
중랑구,망우동,LH서울양원1단지,14.96,2,2022,3489,7,2026,4,14
중랑구,망우동,LH서울양원1단지,44.55,13,2022,13242,16,2026,4,13
중랑구,중화동,한신아파트상가동유치원동(103~109),50.37,17,1997,40000,0,2026,4,13
중랑구,면목동,늘푸른동아,59.65,6,2002,42000,0,2026,4,8
중랑구,면목동,용마산하늘채,84.6147,4,2015,67000,0,2026,4,11
중랑구,중화동,범양프레체,17.94,12,2012,1000,60,2026,4,2
중랑구,망우동,LH서울양원1단지,44.55,13,2022,9542,34,2026,4,13
중랑구,상봉동,세이지움상봉,23.9838,25,2025,9500,55,2026,4,10
중랑구,면목동,면목한신,58.46,1,1987,10000,95,2026,4,13
중랑구,묵동,칼튼테라스,16.8132,3,2021,3705,27,2026,4,13
중랑구,신내동,신내우디안1단지,84.65,6,2014,35647,0,2026,4,13
중랑구,상봉동,상봉동양엔파트,18.0282,6,2024,11400,13,2026,4,13
중랑구,상봉동,상봉동양엔파트,18.2202,8,2024,7200,45,2026,4,13
중랑구,망우동,LH서울양원1단지,44.55,11,2022,13242,16,2026,4,13
중랑구,망우동,LH서울양원1단지,44.55,19,2022,13242,16,2026,4,13
중랑구,상봉동,세이지움상봉,23.9838,23,2025,9500,55,2026,4,10
중랑구,면목동,용마금호타운,84.9,2,1992,38000,0,2026,4,10
중랑구,상봉동,상봉동양엔파트,18.2202,4,2024,14300,2,2026,4,13
중랑구,신내동,신내 데시앙포레,84.65,19,2013,37000,38,2026,4,4
중랑구,상봉동,"엘지,쌍용아파트",68.12,3,1996,32000,50,2026,4,12
중랑구,상봉동,"엘지,쌍용아파트",68.12,3,1996,45000,0,2026,4,10
중랑구,망우동,해븐타워,14.24,12,2020,11000,23,2026,4,13
중랑구,신내동,벽산,59.783,1,2000,35000,0,2026,4,10
중랑구,면목동,신성,84.98,4,1998,40950,0,2026,4,11
중랑구,묵동,묵동자이(1단지),170.02,30,2010,60000,0,2026,4,7
중랑구,신내동,신내6대주,59.76,9,1996,35000,0,2026,4,10
중랑구,면목동,라온프라이빗,84.9672,10,2020,67900,0,2026,4,10
중랑구,면목동,라온프라이빗,68.1667,30,2020,59000,0,2026,4,11
중랑구,상봉동,와이센트럴시티상봉,30.01,8,2025,8800,77,2026,4,13
중랑구,상봉동,상봉동양엔파트,18.0282,6,2024,14300,2,2026,4,13
중랑구,상봉동,"엘지,쌍용아파트",68.12,14,1996,2000,126,2026,4,10
중랑구,망우동,LH서울양원1단지,44.55,16,2022,9542,34,2026,4,13
중랑구,묵동,브라운스톤태릉,84.7094,15,2004,56000,0,2026,4,4
중랑구,묵동,칼튼테라스,33.7437,9,2021,5727,55,2026,4,13
중랑구,묵동,신내대림아파트,102.7,8,1995,63000,0,2026,4,11
중랑구,상봉동,상봉동양엔파트,38.6354,13,2024,25100,25,2026,4,13
중랑구,망우동,신내역금강펜테리움센트럴파크,79.707,16,2021,56000,0,2026,4,10
중랑구,면목동,두산5,59.72,6,2000,40000,0,2026,4,11
중랑구,면목동,두산4,84.87,2,2000,45150,0,2026,4,11
중랑구,망우동,LH서울양원1단지,14.96,10,2022,629,14,2026,4,12
중랑구,망우동,LH서울양원1단지,14.96,8,2022,2889,10,2026,4,11
중랑구,망우동,LH서울양원1단지,14.96,3,2022,3489,7,2026,4,10
중랑구,망우동,LH서울양원1단지,14.96,3,2022,2889,10,2026,4,10
중랑구,망우동,LH서울양원1단지,14.96,9,2022,3489,7,2026,4,10
중랑구,망우동,LH서울양원1단지,14.96,6,2022,3489,7,2026,4,10
중랑구,망우동,LH서울양원1단지,33.95,15,2022,2309,20,2026,4,10
중랑구,면목동,포르투나,51.99,2,2024,59000,0,2026,4,9
중랑구,상봉동,세이지움상봉,23.9838,24,2025,9500,55,2026,4,10
중랑구,신내동,신내9진흥,33.18,9,1996,1000,80,2026,4,8
중랑구,상봉동,상봉힐스테이,14.75,6,2021,20280,3,2026,4,10
중랑구,망우동,해븐타워,25.64,15,2020,15700,18,2026,4,10
중랑구,신내동,라이프미성,59.23,10,1992,29000,0,2026,4,9
중랑구,중화동,한신아파트상가동유치원동(103~109),59.76,22,1997,33560,0,2026,4,10
중랑구,망우동,신내역프라디움더테라스,84.9809,22,2023,52330,0,2026,4,3
중랑구,상봉동,세이지움상봉,23.9838,16,2025,9500,55,2026,4,10
중랑구,묵동,브라운스톤태릉,84.7094,3,2004,10000,210,2026,4,9
중랑구,망우동,LH서울양원1단지,44.55,22,2022,13242,16,2026,4,10
중랑구,묵동,묵동자이(1단지),111.32,21,2010,78000,0,2026,4,10
중랑구,망우동,LH서울양원1단지,14.96,3,2022,3489,7,2026,4,10
중랑구,상봉동,상봉어반뷰,13.26,5,2018,1000,60,2026,4,10
중랑구,신내동,신내9진흥,39.84,15,1996,3000,85,2026,4,9
중랑구,상봉동,세이지움상봉,23.9838,8,2025,4700,74,2026,4,2
중랑구,신내동,신내6대주,39.84,2,1996,24500,0,2026,4,9
중랑구,신내동,동성1,59.4,15,1993,30100,0,2026,4,9
중랑구,신내동,신내9진흥,39.84,5,1996,5000,90,2026,4,5
중랑구,면목동,면목한신,44.5,1,1987,28000,0,2026,4,9
중랑구,상봉동,청운명가프라임,29.08,11,2020,15799,18,2026,4,9
중랑구,면목동,사가정센트럴아이파크,84.87,14,2020,70000,30,2026,4,6
중랑구,망우동,해븐타워,12.44,4,2020,11000,16,2026,4,9
중랑구,신내동,동성7,59.34,7,1999,4000,105,2026,4,9
중랑구,상봉동,세이지움상봉,23.9838,16,2025,7100,65,2026,4,3
중랑구,면목동,두산1,59.76,10,1993,45000,0,2026,4,9
중랑구,신내동,우남푸르미아,84.67,14,2005,41500,0,2026,4,6
중랑구,묵동,신내,59.76,10,1996,11000,90,2026,4,1
중랑구,망우동,LH서울양원1단지,37.62,6,2022,3903,22,2026,4,9
중랑구,상봉동,세이지움상봉,23.9838,11,2025,9500,55,2026,4,7
중랑구,망우동,해븐타워,22.74,11,2020,15500,12,2026,4,9
중랑구,망우동,LH서울양원1단지,14.96,4,2022,3229,7,2026,4,9
중랑구,망우동,LH서울양원1단지,14.96,7,2022,3489,7,2026,4,8
중랑구,망우동,LH서울양원1단지,14.96,4,2022,3489,7,2026,4,8
중랑구,망우동,LH서울양원1단지,26.75,5,2022,6345,12,2026,4,8
중랑구,망우동,양원금호어울림포레스트,84.7154,1,2021,24000,32,2026,4,1
중랑구,망우동,가야써니빌,68.05,2,2002,40000,0,2026,4,7
중랑구,망우동,삼부,59.9446,8,2021,30000,101,2026,4,8
중랑구,망우동,해븐타워,26.04,14,2020,18000,5,2026,4,8
중랑구,신내동,신내11대명,49.77,7,1996,2000,78,2026,4,8
중랑구,상봉동,건영캐스빌,84.6475,14,2006,57500,0,2026,4,8
중랑구,중화동,한신아파트상가동유치원동(103~109),59.76,1,1997,48000,0,2026,4,1
중랑구,면목동,면목한신,35.3,11,1987,1000,80,2026,4,1
중랑구,망우동,LH서울양원1단지,14.96,5,2022,3489,7,2026,4,8
중랑구,망우동,가야써니빌,68.05,2,2002,40000,0,2026,4,7
중랑구,망우동,LH서울양원1단지,14.96,8,2022,3489,7,2026,4,7
중랑구,면목동,봄작시티201,16.66,10,2022,16500,14,2026,4,7
중랑구,망우동,한일써너스빌리젠시1단지(101동),84.66,16,2008,55000,0,2026,4,4
중랑구,상봉동,상봉베스트원,22.14,5,2019,17800,3,2026,4,7
중랑구,묵동,칼튼테라스,33.7437,8,2021,9545,42,2026,4,7
중랑구,망우동,LH서울양원1단지,14.96,5,2022,3489,7,2026,4,7
중랑구,망우동,LH서울양원1단지,14.96,5,2022,3189,9,2026,4,7
중랑구,망우동,LH서울양원1단지,14.96,7,2022,3489,7,2026,4,7
중랑구,망우동,신내역금강펜테리움센트럴파크,84.9871,14,2021,50000,0,2026,4,7
중랑구,망우동,LH서울양원1단지,44.55,17,2022,13242,16,2026,4,7
중랑구,묵동,묵동포레시타,18.25,3,2013,11800,0,2026,4,7
중랑구,신내동,신내(10단지),39.59,9,1996,703,13,2026,4,7
중랑구,망우동,LH서울양원1단지,14.96,16,2022,3489,7,2026,4,7
중랑구,망우동,LH서울양원1단지,44.55,6,2022,13242,16,2026,4,6
중랑구,면목동,면목루브루,48.67,6,2021,34650,0,2026,4,5
중랑구,상봉동,세이지움상봉,23.9838,16,2025,9500,55,2026,4,6
중랑구,상봉동,베스트엘리시온,30.91,3,2013,15400,6,2026,4,6
중랑구,중화동,한신아파트상가동유치원동(103~109),59.76,16,1997,17000,75,2026,4,6
중랑구,신내동,신내11대명,59.76,9,1996,10000,90,2026,4,6
중랑구,묵동,신내,59.76,5,1996,35700,0,2026,4,4
중랑구,신내동,신내9진흥,33.18,10,1996,22000,0,2026,4,6
중랑구,묵동,우성,48.91,4,1975,19000,0,2026,4,4
중랑구,상봉동,프레미어스엠코,111.56,22,2013,75600,0,2026,4,6
중랑구,망우동,해븐타워,22.74,13,2020,16300,10,2026,4,6
중랑구,망우동,LH서울양원1단지,44.55,10,2022,13242,16,2026,4,6
중랑구,망우동,LH서울양원1단지,14.96,13,2022,3489,7,2026,4,6
중랑구,신내동,성원,84.32,4,1994,37500,0,2026,4,6
중랑구,신내동,신내9진흥,33.18,1,1996,18900,0,2026,4,4
중랑구,망우동,LH서울양원1단지,26.75,15,2022,6759,8,2026,4,6
중랑구,면목동,면목한신,27,10,1987,1000,70,2026,4,2
중랑구,신내동,라이프미성,59.6,11,1992,10000,70,2026,4,4
중랑구,망우동,신내역금강펜테리움센트럴파크,84.9871,19,2021,56000,0,2026,4,5
중랑구,면목동,사가정센트럴아이파크,84.956,23,2020,75000,0,2026,4,4
중랑구,면목동,두산4,84.86,10,2000,42830,0,2026,4,2
중랑구,신내동,신내9진흥,39.84,10,1996,2000,80,2026,4,4
중랑구,신내동,신내9진흥,33.18,14,1996,23000,0,2026,4,4
중랑구,상봉동,세이지움상봉,23.9838,18,2025,9500,55,2026,4,3
중랑구,신내동,신내11대명,59.76,5,1996,28600,0,2026,4,6
중랑구,상봉동,태영데시앙1,84.9353,22,2003,48300,0,2026,4,3
중랑구,상봉동,동부아파트,54,1,1999,33000,0,2026,4,3
중랑구,망우동,LH서울양원1단지,37.62,19,2022,6103,11,2026,4,5
중랑구,면목동,사가정센트럴아이파크,84.956,23,2020,75000,0,2026,4,4
중랑구,망우동,LH서울양원1단지,44.55,4,2022,13242,16,2026,4,5
중랑구,상봉동,세이지움상봉,23.9838,9,2025,9500,55,2026,4,1
중랑구,중화동,삼익아파트.상가동,84.9,3,1995,45000,0,2026,4,4
중랑구,신내동,신내6대주,39.84,2,1996,23000,0,2026,4,4
중랑구,중화동,동양엔파트,84.79,11,2010,35000,80,2026,4,4
중랑구,상봉동,프레미어스엠코,76.66,20,2013,10000,170,2026,4,4
중랑구,상봉동,"엘지,쌍용아파트",68.12,9,1996,43000,0,2026,4,3
중랑구,상봉동,세이지움상봉,23.9838,25,2025,9500,55,2026,4,2
중랑구,상봉동,봄작시티24,18.23,5,2023,3000,92,2026,4,3
중랑구,신내동,동성1,59.4,4,1993,40000,0,2026,4,2
중랑구,상봉동,세이지움상봉,23.9838,22,2025,4700,74,2026,4,3
중랑구,망우동,양원금호어울림포레스트,69.7799,15,2021,27000,18,2026,4,3
중랑구,망우동,LH서울양원1단지,14.96,11,2022,2889,10,2026,4,3
중랑구,묵동,묵동포레시타,18.59,4,2013,1000,60,2026,4,1
중랑구,망우동,해븐타워,14.24,10,2020,14500,4,2026,4,3
중랑구,망우동,해븐타워,25.24,11,2020,17000,4,2026,4,3
중랑구,상봉동,세이지움상봉,23.9838,21,2025,9500,55,2026,4,2
중랑구,망우동,LH서울양원1단지,14.96,3,2022,2889,10,2026,4,3
중랑구,상봉동,와이센트럴시티상봉,36.61,11,2025,12900,72,2026,4,2
중랑구,신내동,진로아파트,101.86,4,1995,60000,0,2026,4,3
중랑구,망우동,LH서울양원1단지,14.96,5,2022,3489,7,2026,4,2
중랑구,신내동,동성아파트,59.4,9,1997,33000,0,2026,4,2
중랑구,신내동,동성1,59.4,5,1993,31500,0,2026,4,2
중랑구,망우동,LH서울양원1단지,44.55,22,2022,10042,32,2026,4,2
중랑구,망우동,LH서울양원1단지,14.96,6,2022,3489,7,2026,4,2
중랑구,신내동,데시앙,84.99,10,2010,25287,0,2026,4,2
중랑구,망우동,LH서울양원1단지,44.55,1,2022,13242,16,2026,4,2
중랑구,망우동,LH서울양원1단지,44.55,12,2022,13242,16,2026,4,1
중랑구,면목동,면목동금호어울림아파트,84.0827,13,2005,30000,95,2026,4,1
중랑구,망우동,LH서울양원1단지,44.55,10,2022,13242,16,2026,4,1
중랑구,망우동,LH서울양원1단지,14.96,7,2022,2729,10,2026,4,1
중랑구,상봉동,건영1,84.96,1,1997,50000,0,2026,4,1
중랑구,망우동,LH서울양원1단지,14.96,6,2022,3229,7,2026,4,1
중랑구,망우동,LH서울양원1단지,14.96,8,2022,3489,7,2026,4,1
중랑구,묵동,브라운스톤태릉,83.5358,16,2004,51000,0,2026,4,1
중랑구,상봉동,세이지움상봉,23.9838,21,2025,9500,55,2026,4,1
성북구,길음동,길음뉴타운7단지(두산위브),114.99,17,2010,90000,0,2026,4,5
성북구,길음동,길음뉴타운1단지(래미안길음1차),59.99,2,2003,10000,180,2026,4,14
성북구,보문동6가,보문파크뷰자이,59.87,16,2017,59800,0,2026,4,11
성북구,하월곡동,월곡두산위브,59.855,10,2003,30000,50,2026,4,19
성북구,종암동,종암에스케이,84.72,8,1999,30000,84,2026,4,25
성북구,돈암동,이수브라운스톤돈암,59.99,2,2004,25000,130,2026,4,23
성북구,길음동,길음뉴타운1단지(래미안길음1차),59.99,7,2003,46200,0,2026,4,25
성북구,길음동,길음뉴타운5단지(래미안),59.75,1,2006,49350,0,2026,4,22
성북구,길음동,래미안길음센터피스,33.46,20,2019,13895,37,2026,4,23
성북구,길음동,길음뉴타운7단지(두산위브),84.99,14,2010,86000,0,2026,4,25
성북구,돈암동,이수브라운스톤돈암,59.99,2,2004,25000,130,2026,4,23
성북구,돈암동,돈암동삼성,114.66,12,1999,47000,0,2026,4,10
성북구,정릉동,라온유,84.65,16,2008,40000,60,2026,4,4
성북구,돈암동,이수브라운스톤돈암,59.99,2,2004,47000,0,2026,4,16
성북구,정릉동,정릉2차e-편한세상,59.37,6,2009,55000,0,2026,4,18
성북구,돈암동,이수브라운스톤돈암,59.99,2,2004,47000,0,2026,4,11
성북구,동소문동4가,송산아파트,84.87,18,1998,10000,110,2026,4,4
성북구,종암동,래미안세레니티,59.97,14,2009,12000,120,2026,4,28
성북구,길음동,롯데캐슬클라시아,84.7694,15,2022,50000,180,2026,4,14
성북구,정릉동,정릉2차e-편한세상,114.96,7,2009,75000,0,2026,4,13
성북구,길음동,길음뉴타운2단지푸르지오,59.99,16,2005,40950,0,2026,4,11
성북구,정릉동,대우,43.11,3,2001,24200,0,2026,4,17
성북구,정릉동,중앙하이츠빌2단지,84.6824,2,2005,45000,0,2026,4,17
성북구,종암동,종암에스케이,59.86,1,1999,15000,100,2026,4,4
성북구,돈암동,이수브라운스톤돈암,84.97,4,2004,30000,150,2026,4,4
성북구,하월곡동,월곡두산위브,59.855,3,2003,30000,90,2026,4,4
성북구,하월곡동,래미안월곡,59.754,7,2006,43570,0,2026,4,25
성북구,보문동1가,보문리슈빌하우트,84.9055,13,2022,95000,0,2026,4,4
성북구,정릉동,정릉힐스테이트,84.92,22,2004,9000,225,2026,4,28
성북구,하월곡동,래미안월곡,59.754,19,2006,45150,0,2026,4,18
성북구,종암동,래미안라센트,84.99,20,2011,30000,165,2026,4,4
성북구,돈암동,한신,68.13,12,1998,50000,0,2026,4,3
성북구,돈암동,한신,84.87,13,1998,50000,0,2026,4,30
성북구,보문동1가,보문리슈빌하우트,59.7918,16,2022,23000,210,2026,4,29
성북구,정릉동,정릉한일유앤아이,117.37,5,2006,42000,0,2026,4,6
성북구,석관동,장위아트포레,18.07,6,2025,1000,95,2026,4,27
성북구,정릉동,정릉푸른마을동아,114.81,2,2003,62000,0,2026,4,30
성북구,돈암동,범양,84.92,7,1998,48000,0,2026,4,4
성북구,길음동,길음뉴타운2단지푸르지오,114.73,10,2005,59000,0,2026,4,16
성북구,석관동,중앙하이츠,84.85,10,1994,45150,0,2026,4,30
성북구,안암동3가,대광,44.36,5,1971,2000,50,2026,4,30
성북구,돈암동,범양,114.93,3,1998,58590,0,2026,4,30
성북구,장위동,H하우스장위,33.0366,13,2020,1500,73,2026,4,29
성북구,종암동,종암에스케이,84.72,2,1999,60000,0,2026,4,16
성북구,정릉동,피오레,94.59,8,2004,31000,0,2026,4,17
성북구,석관동,장위아트포레,31.99,5,2025,300,120,2026,4,24
성북구,종암동,종암에스케이,84.72,5,1999,52500,0,2026,4,11
성북구,삼선동2가,삼선푸르지오,114.65,14,2008,68000,0,2026,4,27
성북구,길음동,길음역롯데캐슬트윈골드,59.54,8,2024,57000,0,2026,4,12
성북구,정릉동,정릉2차e-편한세상,84.09,4,2009,53500,0,2026,4,6
성북구,석관동,장위아트포레,31.99,5,2025,300,120,2026,4,24
성북구,길음동,길음역롯데캐슬트윈골드,59.54,30,2024,65000,0,2026,4,24
성북구,하월곡동,래미안월곡,84.589,13,2006,7000,160,2026,4,9
성북구,정릉동,정릉성원상떼빌,84.92,7,2000,48000,0,2026,4,30
성북구,정릉동,정릉e-편한세상,59.77,12,2006,44000,0,2026,4,29
성북구,돈암동,성일우리미,84.95,4,2004,1000,175,2026,4,22
성북구,동소문동4가,송산아파트,84.87,18,1998,10000,110,2026,4,4
성북구,돈암동,한신,68.13,12,1998,5000,190,2026,4,5
성북구,석관동,래미안아트리치,59.98,9,2019,50000,30,2026,4,25
성북구,하월곡동,꿈의숲푸르지오,114.61,3,2010,63000,0,2026,4,7
성북구,하월곡동,삼전솔하임3차,15.54,17,2013,1000,63,2026,4,30
성북구,정릉동,정릉푸르지오,59.98,7,2005,5000,115,2026,4,23
성북구,장위동,래미안장위퍼스트하이,84.98,3,2020,85000,0,2026,4,27
성북구,길음동,길음역롯데캐슬트윈골드,59.36,20,2024,75000,0,2026,4,4
성북구,정릉동,길음뉴타운경남아너스빌,84.87,4,1999,20000,60,2026,4,20
성북구,보문동1가,보문리슈빌하우트,59.7918,17,2022,67200,0,2026,4,8
성북구,종암동,종암에스케이,59.04,24,1999,5000,180,2026,4,30
성북구,장위동,꿈의숲아이파크,59.1,1,2022,10000,220,2026,4,25
성북구,길음동,길음역롯데캐슬트윈골드,59.36,14,2024,63000,0,2026,4,18
성북구,돈암동,길음역금호어울림센터힐,84.94,9,2014,10000,210,2026,4,18
성북구,길음동,롯데캐슬클라시아,59.8745,2,2022,63000,0,2026,4,25
성북구,정릉동,정릉성원상떼빌,84.92,10,2000,48000,0,2026,4,14
성북구,정릉동,"산장아파트가동,나동",52.89,1,1977,3000,70,2026,4,2
성북구,돈암동,한진(609-1),84.87,9,1998,56700,0,2026,4,1
성북구,장위동,석계역한일노벨리아시티,15.2144,14,2019,4000,55,2026,4,25
성북구,보문동3가,현대I-PARK,59.65,3,2003,5000,200,2026,4,27
성북구,길음동,길음뉴타운4단지(e편한세상),59.86,4,2005,44000,0,2026,4,4
성북구,정릉동,정릉e-편한세상,59.77,8,2006,5000,140,2026,4,13
성북구,길음동,길음역롯데캐슬트윈골드,59.54,18,2024,10000,260,2026,4,16
성북구,동소문동6가,보미리즌빌,23.01,7,2012,25000,5,2026,4,27
성북구,하월곡동,래미안월곡,59.754,20,2006,6000,180,2026,4,28
성북구,보문동6가,보문파크뷰자이,59.19,14,2017,64000,0,2026,4,23
성북구,정릉동,우방,59.94,11,1999,5000,150,2026,4,20
성북구,장위동,"장월에스에이치빌1단지(국민임대,SH소유",39.34,11,2006,579,24,2026,4,22
성북구,길음동,길음뉴타운6단지(래미안),59.373,13,2007,40000,50,2026,4,30
성북구,길음동,래미안길음센터피스,59.97,6,2019,40500,0,2026,4,18
성북구,길음동,길음뉴타운1단지(래미안길음1차),59.99,2,2003,10000,180,2026,4,14
성북구,길음동,길음동동부센트레빌(1278-0),84.844,13,2003,54600,0,2026,4,26
성북구,돈암동,동부센트레빌,80.54,4,2003,40000,100,2026,4,18
성북구,길음동,롯데캐슬클라시아,59.8745,11,2022,70000,0,2026,4,18
성북구,돈암동,한신,132.96,13,1998,68250,0,2026,4,5
성북구,삼선동4가,코오롱,59.94,7,1999,5000,170,2026,4,2
성북구,길음동,길음역롯데캐슬트윈골드,59.87,34,2024,35000,111,2026,4,18
성북구,하월곡동,래미안월곡,59.754,8,2006,13000,120,2026,4,29
성북구,동소문동5가,돈암동일하이빌,68.616,17,2006,21000,110,2026,4,11
성북구,정릉동,정릉힐스테이트,84.92,8,2004,46000,0,2026,4,13
성북구,하월곡동,래미안월곡,84.589,10,2006,10000,190,2026,4,21
성북구,정릉동,"산장아파트가동,나동",52.89,1,1977,3000,71,2026,4,9
성북구,하월곡동,동일하이빌뉴시티,133.74,16,2011,100000,0,2026,4,20
성북구,정릉동,중앙하이츠빌2단지,84.95,11,2005,42000,0,2026,4,30
성북구,정릉동,우정에쉐르,59.9,5,2009,45500,0,2026,4,26
성북구,하월곡동,월곡두산위브,84.843,10,2003,41800,0,2026,4,30
성북구,길음동,롯데캐슬클라시아,59.7812,22,2022,65500,0,2026,4,25
성북구,장위동,석계역한일노벨리아시티,14.7145,8,2019,1000,70,2026,4,25
성북구,길음동,롯데캐슬클라시아,84.9757,4,2022,79000,0,2026,4,11
성북구,장위동,꿈의숲대명루첸아파트,84.843,17,2008,60000,0,2026,4,28
성북구,보문동3가,현대I-PARK,84.3,1,2003,59000,0,2026,4,29
성북구,하월곡동,샹그레빌아파트,80.16,8,2004,8000,150,2026,4,30
성북구,장위동,삼익아파트,80.36,10,2006,50000,0,2026,4,28
성북구,길음동,길음뉴타운9단지(래미안),84.96,17,2010,5402,187,2026,4,21
성북구,상월곡동,우남푸르미아,59.64,12,1994,10000,85,2026,4,24
성북구,길음동,래미안길음센터피스,59.97,15,2019,10000,250,2026,4,22
성북구,동소문동6가,시티플레이스,14.01,14,2015,18000,0,2026,4,11
성북구,종암동,종암에스케이,59.04,16,1999,5000,137,2026,4,9
성북구,정릉동,정릉푸른마을동아,84.96,2,2003,50000,0,2026,4,22
성북구,길음동,래미안길음센터피스,59.69,6,2019,60000,0,2026,4,25
성북구,장위동,래미안포레카운티,84.97,21,2021,64500,0,2026,4,28
성북구,돈암동,한진(609-1),59.58,18,1998,37800,0,2026,4,30
성북구,종암동,래미안세레니티,59.97,7,2009,10000,159,2026,4,25
성북구,석관동,두산,84.95,5,1998,52000,10,2026,4,25
성북구,하월곡동,성북힐스테이트(101동),84.14,9,2007,58000,0,2026,4,27
성북구,장위동,래미안포레카운티,84.97,25,2021,59850,0,2026,4,30
성북구,길음동,롯데캐슬클라시아,59.7812,8,2022,68250,0,2026,4,18
성북구,종암동,종암선경,59.4,1,1996,5000,97,2026,4,5
성북구,길음동,롯데캐슬클라시아,59.7812,17,2022,30000,170,2026,4,25
성북구,길음동,길음역롯데캐슬트윈골드,59.87,12,2024,59850,0,2026,4,18
성북구,돈암동,이수브라운스톤돈암,59.99,2,2004,25000,130,2026,4,23
성북구,길음동,롯데캐슬클라시아,59.7812,14,2022,72000,0,2026,4,30
성북구,하월곡동,월곡두산위브,84.843,4,2003,51450,0,2026,4,30
성북구,종암동,래미안라센트,59.98,20,2011,43800,0,2026,4,28
성북구,장위동,래미안장위퍼스트하이,116.91,15,2020,90000,0,2026,4,30
성북구,종암동,종암에스케이,59.04,24,1999,5000,180,2026,4,30
성북구,하월곡동,성북펠릭스,37.32,5,2025,8100,85,2026,4,30
성북구,동소문동6가,시티플레이스,14.01,13,2015,1000,79,2026,4,16
성북구,길음동,길음뉴타운8단지(래미안),59.99,13,2010,68000,0,2026,4,29
성북구,정릉동,정릉풍림아이원,59.88,4,2005,36000,0,2026,4,30
성북구,장위동,래미안장위퍼스트하이,84.94,2,2020,63000,0,2026,4,25
성북구,정릉동,정릉우성아파트 101~105동,84.96,3,2000,42000,0,2026,4,5
성북구,보문동1가,보문리슈빌하우트,59.7918,10,2022,67200,0,2026,4,28
성북구,하월곡동,월곡두산위브,84.992,13,2003,10000,159,2026,4,30
성북구,정릉동,우정에쉐르,59.9,1,2009,38000,0,2026,4,30
성북구,보문동6가,보문파크뷰자이,84.99,19,2017,10000,200,2026,4,3
성북구,길음동,길음동동부센트레빌(1278-0),59.998,4,2003,52000,0,2026,4,30
성북구,종암동,종암2차SKVIEW,84.97,9,2010,63000,0,2026,4,8
성북구,길음동,길음뉴타운6단지(래미안),84.049,12,2007,72000,0,2026,4,28
성북구,보문동6가,보문파크뷰자이,59.81,16,2017,66000,0,2026,4,22
성북구,종암동,종암에스케이,114.75,21,1999,50000,30,2026,4,18
성북구,종암동,종암에스케이,59.86,13,1999,42000,10,2026,4,24
성북구,길음동,길음뉴타운2단지푸르지오,84.97,7,2005,5000,189,2026,4,25
성북구,길음동,길음뉴타운2단지푸르지오,114.73,18,2005,80000,0,2026,4,25
성북구,길음동,롯데캐슬클라시아,84.7694,12,2022,30000,110,2026,4,28
성북구,하월곡동,꿈의숲푸르지오,59.65,13,2010,43000,0,2026,4,29
성북구,동소문동6가,보미리즌빌,14.18,14,2012,2000,76,2026,4,29
성북구,길음동,롯데캐슬클라시아,59.8745,24,2022,64000,0,2026,4,3
성북구,정릉동,정릉힐스테이트3차,59.98,3,2008,45000,0,2026,4,29
성북구,돈암동,한진(609-1),59.58,19,1998,6000,150,2026,4,4
성북구,길음동,길음뉴타운6단지(래미안),84.049,13,2007,90000,0,2026,4,29
성북구,정릉동,정릉풍림아이원,114.75,12,2005,47000,0,2026,4,8
성북구,하월곡동,월곡두산위브,84.843,7,2003,45570,0,2026,4,29
성북구,하월곡동,월곡두산위브,84.992,8,2003,65000,0,2026,4,24
성북구,보문동6가,보문파크뷰자이,45.81,5,2017,10000,190,2026,4,15
성북구,돈암동,범양,84.92,19,1998,25000,90,2026,4,18
성북구,길음동,길음뉴타운7단지(두산위브),84.99,14,2010,86000,0,2026,4,25
성북구,돈암동,한신,132.96,8,1998,80000,40,2026,4,29
성북구,상월곡동,동아에코빌,59.95,1,2003,30000,0,2026,4,29
성북구,장위동,래미안장위퍼스트하이,84.94,12,2020,20000,200,2026,4,28
성북구,돈암동,이수브라운스톤돈암,84.97,14,2004,8000,180,2026,4,29
성북구,정릉동,정릉우성아파트 101~105동,46.65,17,2000,20000,65,2026,4,5
성북구,길음동,래미안길음센터피스,59.97,5,2019,5000,260,2026,4,29
성북구,돈암동,범양,59.79,2,1998,42000,0,2026,4,28
성북구,길음동,길음역롯데캐슬트윈골드,59.87,33,2024,63000,0,2026,4,25
성북구,하월곡동,래미안월곡,59.754,10,2006,5000,153,2026,4,3
성북구,길음동,길음뉴타운4단지(e편한세상),84.64,4,2005,80000,0,2026,4,28
성북구,보문동1가,보문리슈빌하우트,84.9055,16,2022,87150,0,2026,4,28
성북구,길음동,길음현대,32.98,3,2000,27500,0,2026,4,25
성북구,길음동,길음뉴타운5단지(래미안),59.75,1,2006,49350,0,2026,4,22
성북구,하월곡동,래미안월곡,114.678,5,2006,68200,0,2026,4,18
성북구,길음동,길음뉴타운4단지(e편한세상),84.64,4,2005,80000,0,2026,4,28
성북구,돈암동,돈암동삼성,84.59,19,1999,5000,200,2026,4,7
성북구,안암동5가,(160-16),45.97,3,2017,1000,90,2026,4,28
성북구,정릉동,정릉풍림아이원,84.09,9,2005,49000,0,2026,4,28
성북구,길음동,길음뉴타운5단지(래미안),84.96,19,2006,40000,92,2026,4,28
성북구,길음동,래미안길음센터피스,84.99,2,2019,60840,0,2026,4,28
성북구,길음동,래미안길음센터피스,33.46,13,2019,22417,0,2026,4,28
성북구,정릉동,정릉e-편한세상,59.77,17,2006,39900,0,2026,4,27
성북구,하월곡동,동신,59.88,20,1998,37800,0,2026,4,25
성북구,하월곡동,삼전솔하임3차,15.62,5,2013,1000,55,2026,4,28
성북구,돈암동,돈암현대아파트,41.58,5,1991,28300,0,2026,4,21
성북구,정릉동,길음뉴타운데시앙,59.42,7,1999,26500,0,2026,4,24
성북구,동소문동4가,송산아파트,84.87,9,1998,5000,220,2026,4,5
성북구,길음동,롯데캐슬골든힐스,73.9713,11,2019,5000,200,2026,4,28
성북구,길음동,길음뉴타운4단지(e편한세상),84.64,2,2005,40000,70,2026,4,8
성북구,장위동,꿈의숲아이파크,84.48,27,2022,85000,0,2026,4,27
성북구,길음동,길음역롯데캐슬트윈골드,59.36,14,2024,64050,0,2026,4,4
성북구,하월곡동,동신,59.88,5,1998,10000,100,2026,4,21
성북구,길음동,롯데캐슬클라시아,84.7694,9,2022,10000,340,2026,4,27
성북구,석관동,두산,59.97,5,1998,25000,70,2026,4,23
성북구,하월곡동,래미안월곡,84.589,4,2006,57750,0,2026,4,18
성북구,보문동6가,보문파크뷰자이,29.96,10,2017,11474,30,2026,4,27
성북구,길음동,길음뉴타운신안파크아파트,79.87,9,1988,10000,110,2026,4,27
성북구,길음동,래미안길음센터피스,59.9,3,2019,39469,0,2026,4,27
성북구,길음동,래미안길음센터피스,59.97,2,2019,39469,0,2026,4,27
성북구,길음동,롯데캐슬클라시아,112.5059,11,2022,114000,0,2026,4,11
성북구,돈암동,한신,68.13,8,1998,30000,75,2026,4,21
성북구,길음동,롯데캐슬클라시아,84.9757,13,2022,78700,0,2026,4,18
성북구,길음동,길음뉴타운2단지푸르지오,59.99,8,2005,40700,0,2026,4,24
성북구,돈암동,한신,132.96,18,1998,60000,0,2026,4,27
성북구,하월곡동,성북펠릭스,38.39,21,2025,9800,66,2026,4,27
성북구,돈암동,이수브라운스톤돈암,59.99,19,2004,40000,60,2026,4,25
성북구,장위동,래미안장위퍼스트하이,84.94,4,2020,75000,0,2026,4,20
성북구,장위동,꿈의숲대명루첸아파트,84.843,13,2008,52500,0,2026,4,24
성북구,길음동,길음뉴타운4단지(e편한세상),59.97,17,2005,34000,0,2026,4,25
성북구,보문동6가,보문파크뷰자이,29.96,1,2017,12218,32,2026,4,27
성북구,길음동,길음뉴타운7단지(두산위브),84.96,4,2010,62000,0,2026,4,26
성북구,길음동,길음동동부센트레빌(1278-0),84.844,18,2003,65000,0,2026,4,25
성북구,길음동,길음역롯데캐슬트윈골드,59.36,19,2024,74000,0,2026,4,24
성북구,길음동,래미안길음센터피스,33.46,5,2019,22417,0,2026,4,27
성북구,길음동,길음역롯데캐슬트윈골드,59.36,22,2024,36000,110,2026,4,24
성북구,장위동,래미안장위퍼스트하이,36.14,25,2020,9173,25,2026,4,25
성북구,길음동,길음뉴타운4단지(e편한세상),84.64,16,2005,57500,0,2026,4,22
성북구,길음동,길음동동부센트레빌(1278-0),84.844,11,2003,51500,0,2026,4,22
성북구,장위동,꿈의숲아이파크,59.1,21,2022,54000,0,2026,4,25
성북구,장위동,래미안장위퍼스트하이,36.14,4,2020,9984,34,2026,4,27
성북구,돈암동,동부센트레빌,115.51,2,2003,20000,200,2026,4,25
성북구,길음동,길음역롯데캐슬트윈골드,84.69,32,2024,104000,0,2026,4,25
성북구,장위동,세영아파트,52.56,3,2003,28000,0,2026,4,24
성북구,장위동,래미안장위퍼스트하이,84.94,26,2020,85000,0,2026,4,25
성북구,정릉동,정릉풍림아이원,114.75,10,2005,52000,0,2026,4,1
성북구,길음동,롯데캐슬클라시아,59.8745,4,2022,65000,0,2026,4,25
성북구,하월곡동,래미안월곡,59.754,13,2006,10000,150,2026,4,25
성북구,삼선동2가,삼선푸르지오,59.95,1,2008,49350,0,2026,4,25
성북구,돈암동,길음역금호어울림센터힐,59.84,14,2014,51450,0,2026,4,25
성북구,장위동,래미안장위퍼스트하이,84.94,22,2020,30000,200,2026,4,25
성북구,길음동,길음뉴타운2단지푸르지오,84.97,8,2005,5000,210,2026,4,24
성북구,종암동,래미안라센트,59.98,3,2011,61000,0,2026,4,11
성북구,장위동,장위지웰에스테이트,39.653,10,2022,34000,0,2026,4,24
성북구,정릉동,대우,43.11,4,2001,5000,70,2026,4,17
성북구,길음동,길음뉴타운2단지푸르지오,84.97,4,2005,60000,0,2026,4,24
성북구,길음동,길음동동부센트레빌(1278-0),84.844,17,2003,69000,0,2026,4,24
성북구,정릉동,정릉2차e-편한세상,59.37,3,2009,42900,0,2026,4,22
성북구,돈암동,돈암코오롱하늘채,59.9342,3,2016,40000,80,2026,4,21
성북구,삼선동3가,삼선에스케이뷰,59.96,1,2012,59800,0,2026,4,21
성북구,하월곡동,월곡두산위브,59.855,6,2003,35000,40,2026,4,24
성북구,돈암동,한진(609-1),59.58,4,1998,38000,0,2026,4,20
성북구,길음동,길음뉴타운신안파크아파트,79.87,1,1988,22000,22,2026,4,23
성북구,장위동,꿈의숲아이파크,84.47,25,2022,67200,0,2026,4,24
성북구,보문동3가,이편한세상보문,59.663,14,2013,50000,0,2026,4,24
성북구,정릉동,정릉풍림아이원,59.88,7,2005,29400,0,2026,4,23
성북구,길음동,래미안길음센터피스,59.97,9,2019,61900,0,2026,4,18
성북구,길음동,길음뉴타운4단지(e편한세상),59.86,18,2005,48000,0,2026,4,11
성북구,장위동,석계역한일노벨리아시티,14.7145,12,2019,500,56,2026,4,7
성북구,길음동,길음뉴타운신안파크아파트,79.87,11,1988,33000,0,2026,4,23
성북구,보문동3가,현대I-PARK,84.3,3,2003,72000,0,2026,4,24
성북구,길음동,길음뉴타운6단지(래미안),59.373,11,2007,10000,210,2026,4,24
성북구,하월곡동,월곡래미안루나밸리,59.98,2,2007,15000,145,2026,4,23
성북구,돈암동,이수브라운스톤돈암,59.99,2,2004,25000,130,2026,4,23
성북구,보문동1가,보문리슈빌하우트,59.7918,16,2022,15000,220,2026,4,4
성북구,종암동,종암선경,59.4,5,1996,44000,0,2026,4,23
성북구,석관동,두산,59.97,16,1998,40000,0,2026,4,23
성북구,길음동,길음역롯데캐슬트윈골드,59.36,6,2024,60900,0,2026,4,23
성북구,돈암동,한진(609-1),132.96,20,1998,77000,0,2026,4,15
성북구,정릉동,정릉성원상떼빌,59.94,8,2000,30000,0,2026,4,21
성북구,장위동,장위동동원베네스트,84.68,11,2005,39900,0,2026,4,23
성북구,하월곡동,꿈의숲푸르지오,59.65,7,2010,52000,0,2026,4,4
성북구,장위동,H하우스장위,39.7091,12,2020,8300,75,2026,4,7
성북구,돈암동,동부센트레빌,80.54,21,2003,57000,0,2026,4,23
성북구,길음동,길음동동부센트레빌(1278-0),59.998,16,2003,52000,0,2026,4,23
성북구,안암동3가,대광,54.31,1,1971,13500,0,2026,4,16
성북구,동소문동7가,한신플러스C,59.91,16,2004,5000,130,2026,4,4
성북구,돈암동,이수브라운스톤돈암,59.99,12,2004,48300,0,2026,4,23
성북구,장위동,꿈의숲아이파크,59.1,15,2022,20000,170,2026,4,21
성북구,돈암동,이수브라운스톤돈암,59.99,2,2004,47000,0,2026,4,16
성북구,길음동,삼부컨비니언,59.94,1,1998,30000,50,2026,4,8
성북구,석관동,두산,59.97,19,1998,30000,40,2026,4,2
성북구,장위동,"장월에스에이치빌1단지(국민임대,SH소유",39.34,11,2006,1449,22,2026,4,22
성북구,장위동,꿈의숲아이파크,76.15,21,2022,63000,0,2026,4,18
성북구,장위동,H하우스장위,39.7091,8,2020,19300,37,2026,4,17
성북구,정릉동,라온유,84.65,16,2008,40000,60,2026,4,4
성북구,동소문동5가,성신여대역솔하임,14.093,6,2018,1000,90,2026,4,13
성북구,보문동3가,이편한세상보문,84.774,1,2013,60000,0,2026,4,18
성북구,종암동,래미안라센트,84.99,21,2011,30000,165,2026,4,21
성북구,종암동,우림카이저팰리스,84.98,20,2008,37000,20,2026,4,8
성북구,길음동,래미안길음센터피스,59.97,1,2019,39469,0,2026,4,22
성북구,정릉동,정릉2차e-편한세상,59.37,3,2009,42900,0,2026,4,22
성북구,하월곡동,월곡두산위브,114.752,2,2003,45000,0,2026,4,11
성북구,보문동1가,보문리슈빌하우트,59.7918,11,2022,55000,80,2026,4,20
성북구,하월곡동,삼전솔하임3차,15.54,12,2013,1000,51,2026,4,16
성북구,정릉동,우정에쉐르,84.92,2,2009,53000,0,2026,4,20
성북구,하월곡동,꿈의숲푸르지오,59.65,12,2010,47250,0,2026,4,15
성북구,하월곡동,성북펠릭스,38.39,20,2025,9800,66,2026,4,20
성북구,안암동1가,안암동삼성래미안,59.6983,4,2005,5000,158,2026,4,17
성북구,장위동,래미안장위퍼스트하이,59.99,12,2020,70000,0,2026,4,21
성북구,돈암동,한신,68.13,2,1998,10000,107,2026,4,21
성북구,하월곡동,월곡두산위브,59.855,19,2003,17000,97,2026,4,21
성북구,종암동,종암에스케이,59.86,1,1999,49000,0,2026,4,10
성북구,길음동,길음뉴타운1단지(래미안길음1차),59.99,15,2003,46000,0,2026,4,4
성북구,장위동,"장월에스에이치빌1단지(국민임대,SH소유",49.33,2,2006,1954,26,2026,4,21
성북구,돈암동,동부센트레빌,80.54,4,2003,40000,100,2026,4,21
성북구,돈암동,돈암동삼성,59.4,13,1999,42000,0,2026,4,10
성북구,장위동,꿈의숲아이파크,84.48,18,2022,67200,0,2026,4,21
성북구,석관동,석관래미안,84.84,7,2009,65000,0,2026,4,20
성북구,길음동,롯데캐슬클라시아,84.7694,24,2022,78750,0,2026,4,21
성북구,정릉동,대우,43.11,4,2001,2000,75,2026,4,20
성북구,돈암동,돈암현대아파트,41.58,12,1991,3000,83,2026,4,21
성북구,장위동,래미안장위퍼스트하이,46.35,9,2020,16272,45,2026,4,20
성북구,장위동,래미안포레카운티,59.92,2,2021,30000,79,2026,4,18
성북구,하월곡동,성북힐스테이트(102동),106.28,10,2007,59850,0,2026,4,18
성북구,돈암동,한진(609-1),59.58,19,1998,5000,150,2026,4,4
성북구,종암동,래미안세레니티,84.99,11,2009,10000,190,2026,4,8
성북구,정릉동,정릉푸른마을동아,59.4,8,2003,40000,0,2026,4,19
성북구,정릉동,정릉힐스테이트3차,84.97,3,2008,10000,160,2026,4,21
성북구,보문동6가,보문파크뷰자이,59.81,11,2017,5000,175,2026,4,3
성북구,돈암동,돈암코오롱하늘채,84.757,12,2016,74000,0,2026,4,15
성북구,돈암동,한신,132.96,5,1998,80000,0,2026,4,16
성북구,길음동,롯데캐슬클라시아,84.7694,29,2022,50000,170,2026,4,18
성북구,길음동,길음동동부센트레빌(1278-0),59.998,9,2003,50000,0,2026,4,18
성북구,정릉동,정릉2차e-편한세상,84.4,11,2009,10000,180,2026,4,20
성북구,길음동,길음뉴타운3단지푸르지오,84.97,15,2005,38000,0,2026,4,20
성북구,석관동,장위아트포레,15.62,15,2025,5000,60,2026,4,20
성북구,돈암동,범양,114.93,10,1998,10000,200,2026,4,11
성북구,장위동,래미안장위퍼스트하이,101.72,15,2020,52500,63,2026,4,20
성북구,석관동,래미안아트리치,84.94,10,2019,78000,0,2026,4,18
성북구,하월곡동,월곡두산위브,59.855,14,2003,5000,170,2026,4,20
성북구,하월곡동,꿈의숲푸르지오,84.73,5,2010,52000,0,2026,4,17
성북구,장위동,꿈의숲아이파크,39,10,2022,12552,33,2026,4,20
성북구,길음동,롯데캐슬클라시아,84.9757,20,2022,10000,360,2026,4,7
성북구,길음동,길음뉴타운8단지(래미안),84.82,10,2010,70000,0,2026,4,18
성북구,길음동,길음뉴타운8단지(래미안),84.94,12,2010,68000,0,2026,4,18
성북구,하월곡동,월곡래미안루나밸리,114.93,14,2007,15000,230,2026,4,19
성북구,정릉동,정릉꿈에그린,109.06,19,2015,45000,140,2026,4,15
성북구,장위동,꿈의숲아이파크,39,3,2022,13292,35,2026,4,17
성북구,장위동,꿈의숲아이파크,39,1,2022,11664,43,2026,4,18
성북구,정릉동,정릉2차e-편한세상,59.37,6,2009,55000,0,2026,4,18
성북구,길음동,길음뉴타운2단지푸르지오,84.97,8,2005,65000,0,2026,4,18
성북구,길음동,롯데캐슬클라시아,59.8745,9,2022,50000,100,2026,4,18
성북구,하월곡동,래미안월곡,59.754,9,2006,10000,138,2026,4,18
성북구,보문동6가,보문파크뷰자이,84.99,7,2017,20000,200,2026,4,16
성북구,길음동,롯데캐슬클라시아,59.8745,5,2022,60000,0,2026,4,18
성북구,석관동,래미안아트리치,59.98,8,2019,54600,0,2026,4,18
성북구,정릉동,정릉풍림아이원,60,5,2005,37800,0,2026,4,17
성북구,보문동1가,보문리슈빌하우트,59.7918,8,2022,60500,0,2026,4,15
성북구,장위동,래미안포레카운티,39.9,2,2021,15684,42,2026,4,17
성북구,하월곡동,월곡래미안루나밸리,59.98,19,2007,50900,0,2026,4,14
성북구,정릉동,정릉풍림아이원,84.09,7,2005,44000,0,2026,4,17
성북구,길음동,롯데캐슬골든힐스,59.9284,7,2019,18020,35,2026,4,16
성북구,길음동,길음뉴타운2단지푸르지오,84.97,4,2005,51030,0,2026,4,10
성북구,정릉동,길음뉴타운경남아너스빌,59.59,5,1999,45000,0,2026,4,17
성북구,하월곡동,길음서희스타힐스,84.96,9,2011,49000,0,2026,4,14
성북구,장위동,꿈의숲아이파크,39,8,2022,13292,35,2026,4,17
성북구,장위동,꿈의숲대명루첸아파트,84.843,15,2008,55650,0,2026,4,10
성북구,장위동,꿈의숲아이파크,40.47,3,2022,14537,37,2026,4,17
성북구,정릉동,정릉푸른마을동아,84.96,15,2003,46000,0,2026,4,17
성북구,길음동,길음뉴타운2단지푸르지오,84.97,4,2005,65000,0,2026,4,17
성북구,장위동,"장월에스에이치빌1단지(국민임대,SH소유",39.34,13,2006,3600,10,2026,4,17
성북구,정릉동,정릉2차e-편한세상,59.37,1,2009,35000,60,2026,4,16
성북구,장위동,꿈의숲아이파크,84.47,26,2022,30000,147,2026,4,16
성북구,장위동,꿈의숲아이파크,39,4,2022,9442,47,2026,4,17
성북구,장위동,꿈의숲아이파크,39,4,2022,13292,35,2026,4,17
성북구,장위동,꿈의숲아이파크,39,11,2022,13292,35,2026,4,17
성북구,종암동,아이파크종암동2차,59.61,3,2005,42000,0,2026,4,17
성북구,석관동,두산,54.55,3,1998,40000,0,2026,4,16
성북구,돈암동,한신,84.87,8,1998,52500,0,2026,4,16
성북구,길음동,길음뉴타운8단지(래미안),84.82,8,2010,30000,135,2026,4,16
성북구,길음동,삼부컨비니언,59.94,6,1998,20000,80,2026,4,16
성북구,장위동,꿈의숲아이파크,84.48,17,2022,89000,0,2026,4,3
성북구,길음동,길음역롯데캐슬트윈골드,84.69,24,2024,84000,0,2026,4,16
성북구,종암동,극동,59.67,15,2000,5000,130,2026,4,16
성북구,길음동,삼부컨비니언,59.94,9,1998,10000,130,2026,4,10
성북구,돈암동,한신,132.96,6,1998,81000,0,2026,4,16
성북구,길음동,길음뉴타운6단지(래미안),84.049,5,2007,56700,0,2026,4,11
성북구,종암동,종암선경,59.4,3,1996,43000,0,2026,4,15
성북구,하월곡동,동일하이빌뉴시티,188.22,20,2011,120000,0,2026,4,16
성북구,종암동,래미안크리시엘,84.95,5,2004,35000,0,2026,4,15
성북구,길음동,길음뉴타운4단지(e편한세상),114.88,15,2005,73500,0,2026,4,16
성북구,하월곡동,월곡래미안루나밸리,59.98,12,2007,55000,0,2026,4,15
성북구,장위동,래미안포레카운티,39.9,4,2021,13652,36,2026,4,16
성북구,길음동,길음뉴타운9단지(래미안),134.99,15,2010,95000,60,2026,4,14
성북구,종암동,종암에스케이,59.86,20,1999,31200,0,2026,4,10
성북구,정릉동,길음뉴타운데시앙,59.42,7,1999,32500,0,2026,4,15
성북구,보문동1가,보문리슈빌하우트,59.7918,4,2022,20000,158,2026,4,15
성북구,돈암동,한신,68.13,6,1998,43050,0,2026,4,15
성북구,길음동,길음뉴타운1단지(래미안길음1차),59.99,5,2003,63000,0,2026,4,15
성북구,길음동,길음뉴타운7단지(두산위브),114.99,22,2010,90000,0,2026,4,4
성북구,정릉동,대우,43.11,3,2001,24000,0,2026,4,10
성북구,돈암동,한신,132.96,12,1998,83000,0,2026,4,15
성북구,정릉동,쌍용2,59.9,16,1999,5000,150,2026,4,15
성북구,종암동,래미안크리시엘,84.95,5,2004,35000,0,2026,4,15
성북구,길음동,길음뉴타운1단지(래미안길음1차),84.96,13,2003,49000,64,2026,4,15
성북구,석관동,장위아트포레,31.99,10,2025,25000,0,2026,4,4
성북구,길음동,래미안길음센터피스,59.97,4,2019,2000,130,2026,4,15
성북구,돈암동,돈암현대아파트,84.39,10,1991,20000,90,2026,4,15
성북구,장위동,장위자이레디언트(2단지),84.95,3,2025,75000,0,2026,4,15
성북구,정릉동,정릉풍림아이원,114.75,12,2005,47000,0,2026,4,8
성북구,보문동3가,현대I-PARK,59.65,2,2003,55000,0,2026,4,14
성북구,정릉동,정릉성원상떼빌,84.91,6,2000,45000,0,2026,4,11
성북구,정릉동,정릉풍림아이원,59.88,7,2005,39000,0,2026,4,2
성북구,장위동,래미안포레카운티,39.9,4,2021,13652,36,2026,4,15
성북구,길음동,길음뉴타운1단지(래미안길음1차),59.99,16,2003,62000,0,2026,4,14
성북구,길음동,길음뉴타운8단지(래미안),84.82,12,2010,78000,0,2026,4,14
성북구,정릉동,정릉풍림아이원,84.09,9,2005,20000,100,2026,4,14
성북구,돈암동,고명,51.31,5,1972,12000,0,2026,4,15
성북구,길음동,길음뉴타운4단지(e편한세상),84.64,15,2005,61500,0,2026,4,11
성북구,장위동,꿈의숲대명루첸아파트,122.021,1,2008,50000,0,2026,4,15
성북구,길음동,길음뉴타운4단지(e편한세상),59.86,6,2005,45990,0,2026,4,6
성북구,돈암동,한신,68.13,15,1998,46000,20,2026,4,4
성북구,길음동,길음뉴타운2단지푸르지오,84.97,8,2005,0,45,2026,4,9
성북구,정릉동,정릉e-편한세상,59.77,12,2006,34500,0,2026,4,14
성북구,길음동,길음역롯데캐슬트윈골드,59.36,10,2024,73000,0,2026,4,11
성북구,보문동3가,현대I-PARK,59.49,7,2003,47000,0,2026,4,4
성북구,돈암동,동부센트레빌,80.54,15,2003,30000,115,2026,4,11
성북구,하월곡동,성북힐스테이트(101동),84.69,19,2007,43000,80,2026,4,11
성북구,종암동,래미안라센트,59.98,1,2011,25000,120,2026,4,10
성북구,삼선동2가,삼선현대힐스테이트,56.83,11,2009,47250,0,2026,4,13
성북구,석관동,두산,84.9,22,1998,57000,0,2026,4,13
성북구,종암동,종암2차SKVIEW,59.98,10,2010,46200,0,2026,4,3
성북구,장위동,장위자이레디언트(2단지),49.98,9,2025,6830,10,2026,4,14
성북구,보문동1가,보문리슈빌하우트,59.7918,18,2022,68000,0,2026,4,11
성북구,석관동,두산,59.97,14,1998,28000,70,2026,4,11
성북구,장위동,장위자이레디언트(2단지),49.98,9,2025,4038,26,2026,4,14
성북구,장위동,장위자이레디언트(2단지),49.98,5,2025,4038,26,2026,4,13
성북구,상월곡동,우남푸르미아,84.51,1,1994,37500,0,2026,4,13
성북구,장위동,장위자이레디언트(2단지),49.98,8,2025,4038,26,2026,4,13
성북구,정릉동,정릉성원상떼빌,84.91,5,2000,43000,0,2026,4,11
성북구,길음동,길음뉴타운2단지푸르지오,84.97,11,2005,59850,0,2026,4,11
성북구,성북동,성북,37.36,2,1971,7000,50,2026,4,12
성북구,석관동,석관래미안,59.9,10,2009,35000,30,2026,4,11
성북구,장위동,꿈의숲아이파크,59.1,25,2022,30000,100,2026,4,11
성북구,길음동,길음뉴타운9단지(래미안),59.92,26,2010,60000,10,2026,4,11
성북구,장위동,꿈의숲대명루첸아파트,59.988,14,2008,41300,0,2026,4,10
성북구,종암동,래미안세레니티,84.98,18,2009,63000,0,2026,4,11
성북구,길음동,롯데캐슬클라시아,43.6305,7,2022,3404,18,2026,4,13
성북구,돈암동,이수브라운스톤돈암,59.99,7,2004,57000,0,2026,4,2
성북구,돈암동,이수브라운스톤돈암,59.99,2,2004,47000,0,2026,4,11
성북구,하월곡동,성북힐스테이트(102동),106.28,14,2007,70000,0,2026,4,11
성북구,장위동,꿈의숲대명루첸아파트,59.988,6,2008,56000,0,2026,4,11
성북구,장위동,래미안장위퍼스트하이,101.72,20,2020,88000,0,2026,4,12
성북구,돈암동,돈암현대아파트,41.58,8,1991,28000,0,2026,4,7
성북구,상월곡동,동아에코빌,114.66,5,2003,60000,0,2026,4,6
성북구,돈암동,한진(609-1),59.58,6,1998,42000,0,2026,4,9
성북구,정릉동,길음뉴타운경남아너스빌,59.59,1,1999,30200,0,2026,4,11
성북구,돈암동,돈암동 풍림아파트 101~105동,114.41,13,1999,60000,0,2026,4,10
성북구,길음동,길음뉴타운5단지(래미안),114.93,12,2006,75000,0,2026,4,11
성북구,길음동,롯데캐슬골든힐스,84.932,11,2019,55000,90,2026,4,11
성북구,하월곡동,꿈의숲푸르지오,59.65,6,2010,36500,0,2026,4,11
성북구,길음동,롯데캐슬클라시아,59.7812,8,2022,63000,0,2026,4,11
성북구,길음동,길음동동부센트레빌(1278-0),84.844,8,2003,38000,0,2026,4,10
성북구,정릉동,정릉2차e-편한세상,59.37,3,2009,47250,0,2026,4,11
성북구,석관동,래미안아트리치,84.98,10,2019,70000,0,2026,4,11
성북구,길음동,롯데캐슬골든힐스,84.932,17,2019,78000,0,2026,4,10
성북구,정릉동,정릉우성아파트 101~105동,84.96,19,2000,47000,0,2026,4,9
성북구,장위동,꿈의숲아이파크,59.1,13,2022,55600,0,2026,4,10
성북구,장위동,꿈의숲코오롱하늘채,84.87,20,2017,56700,0,2026,4,10
성북구,장위동,H하우스장위,33.0366,10,2020,16900,35,2026,4,10
성북구,보문동1가,보문리슈빌하우트,59.7918,17,2022,29800,165,2026,4,10
성북구,보문동1가,보문리슈빌하우트,59.7918,4,2022,65000,0,2026,4,10
성북구,종암동,아이파크종암동2차,59.61,12,2005,5000,170,2026,4,4
성북구,보문동1가,보문리슈빌하우트,59.7918,2,2022,62000,0,2026,4,8
성북구,길음동,롯데캐슬클라시아,59.8745,13,2022,75000,0,2026,4,10
성북구,장위동,래미안장위퍼스트하이,84.94,10,2020,58000,0,2026,4,10
성북구,동소문동4가,송산아파트,84.87,9,1998,55000,0,2026,4,10
성북구,정릉동,"산장아파트가동,나동",52.89,5,1977,25500,0,2026,4,10
성북구,장위동,장위지웰에스테이트,39.653,8,2022,33500,0,2026,4,10
성북구,동소문동5가,성신여대역솔하임,14.093,10,2018,1000,95,2026,4,1
성북구,하월곡동,월곡래미안루나밸리,59.98,23,2007,45000,0,2026,4,10
성북구,돈암동,한진(609-1),113.67,15,1998,73000,0,2026,4,7
성북구,길음동,길음뉴타운6단지(래미안),59.373,20,2007,53000,0,2026,4,3
성북구,길음동,롯데캐슬클라시아,84.9757,12,2022,76650,0,2026,4,4
성북구,하월곡동,래미안월곡,84.589,1,2006,65000,0,2026,4,4
성북구,길음동,롯데캐슬골든힐스,73.9713,13,2019,57500,0,2026,4,8
성북구,삼선동2가,삼선푸르지오,84.88,5,2008,20000,140,2026,4,6
성북구,길음동,길음뉴타운2단지푸르지오,143.43,6,2005,60000,0,2026,4,9
성북구,정릉동,정릉우성아파트 101~105동,84.96,19,2000,47000,0,2026,4,9
성북구,돈암동,한진(609-1),84.87,20,1998,63000,0,2026,4,8
성북구,돈암동,범양,114.93,14,1998,68000,0,2026,4,9
성북구,돈암동,한진(609-1),59.58,4,1998,39000,0,2026,4,4
성북구,석관동,래미안아트리치,59.98,4,2019,54600,0,2026,4,4
성북구,길음동,길음뉴타운1단지(래미안길음1차),59.99,11,2003,47000,0,2026,4,7
성북구,정릉동,정릉풍림아이원,84.09,15,2005,7000,150,2026,4,8
성북구,돈암동,범양,59.79,2,1998,31000,0,2026,4,3
성북구,길음동,롯데캐슬클라시아,84.7694,25,2022,84000,0,2026,4,8
성북구,길음동,길음뉴타운8단지(래미안),84.94,17,2010,20000,100,2026,4,8
성북구,정릉동,대우,43.11,2,2001,26000,0,2026,4,7
성북구,장위동,래미안장위퍼스트하이,116.91,3,2020,85000,0,2026,4,8
성북구,동소문동7가,한신플러스C,84.95,5,2004,55000,50,2026,4,6
성북구,길음동,길음뉴타운4단지(e편한세상),59.97,18,2005,46000,0,2026,4,6
성북구,정릉동,쌍용2,59.9,16,1999,38500,0,2026,4,2
성북구,정릉동,우정에쉐르,117.02,2,2009,10000,190,2026,4,7
성북구,길음동,래미안길음센터피스,59.97,7,2019,63000,0,2026,4,7
성북구,길음동,길음뉴타운8단지(래미안),59.99,16,2010,10000,230,2026,4,7
성북구,돈암동,길음역금호어울림센터힐,59.5,11,2014,5000,175,2026,4,7
성북구,석관동,장위아트포레,31.99,9,2025,25000,0,2026,4,4
성북구,돈암동,범양,84.92,7,1998,48000,0,2026,4,4
성북구,종암동,래미안크리시엘,114.98,2,2004,63000,0,2026,4,7
성북구,정릉동,정릉푸른마을동아,84.96,18,2003,4680,116,2026,4,5
성북구,삼선동2가,삼선푸르지오,114.65,10,2008,63000,0,2026,4,4
성북구,길음동,롯데캐슬클라시아,59.7812,26,2022,72000,0,2026,4,4
성북구,보문동6가,보문파크뷰자이,72.97,5,2017,73000,0,2026,4,2
성북구,길음동,길음뉴타운5단지(래미안),84.96,20,2006,57700,0,2026,4,4
성북구,정릉동,정릉중앙하이츠아파트,59.26,6,1999,29000,10,2026,4,7
성북구,석관동,래미안아트리치,44.19,13,2019,3429,22,2026,4,6
성북구,돈암동,한진(609-1),59.58,6,1998,5000,145,2026,4,5
성북구,석관동,래미안아트리치,44.19,3,2019,5594,10,2026,4,6
성북구,석관동,신동아파밀리에,59.69,4,2011,53000,0,2026,4,4
성북구,길음동,길음역롯데캐슬트윈골드,59.87,22,2024,74000,0,2026,4,4
성북구,길음동,길음역롯데캐슬트윈골드,59.36,20,2024,75000,0,2026,4,4
성북구,길음동,길음뉴타운1단지(래미안길음1차),59.99,8,2003,52000,0,2026,4,3
성북구,종암동,종암에스케이,59.04,12,1999,50000,0,2026,4,4
성북구,동소문동7가,브라운스톤동선,59.96,2,2010,61000,0,2026,4,3
성북구,삼선동2가,삼선푸르지오,84.53,6,2008,63000,0,2026,4,4
성북구,길음동,삼부컨비니언,59.94,11,1998,25000,60,2026,4,3
성북구,돈암동,한신,132.96,15,1998,68000,50,2026,4,6
성북구,석관동,석관래미안,114.97,2,2009,66000,0,2026,4,4
성북구,돈암동,돈암동삼성,59.4,18,1999,5000,150,2026,4,4
성북구,석관동,석관래미안,59.9,9,2009,53000,0,2026,4,5
성북구,장위동,장위지웰에스테이트,39.975,5,2022,33000,0,2026,4,4
성북구,석관동,두산,84.9,16,1998,20000,140,2026,4,3
성북구,정릉동,길음뉴타운경남아너스빌,59.59,22,1999,35000,25,2026,4,4
성북구,정릉동,정릉중앙하이츠아파트,59.26,2,1999,10000,140,2026,4,3
성북구,석관동,두산,84.9,12,1998,52500,0,2026,4,4
성북구,종암동,종암에스케이,59.04,17,1999,42000,0,2026,4,4
성북구,길음동,롯데캐슬클라시아,59.8745,1,2022,10000,200,2026,4,4
성북구,보문동6가,아남,84.9,2,1994,45000,0,2026,4,6
성북구,길음동,롯데캐슬클라시아,59.8826,4,2022,65000,0,2026,4,4
성북구,돈암동,한신,68.13,12,1998,50000,0,2026,4,3
성북구,석관동,장위아트포레,31.99,13,2025,24400,0,2026,4,3
성북구,하월곡동,꿈의숲푸르지오,84.73,11,2010,10000,185,2026,4,3
성북구,석관동,두산,59.97,19,1998,30000,40,2026,4,2
성북구,상월곡동,동아에코빌,59.95,5,2003,40000,0,2026,4,2
성북구,장위동,래미안장위퍼스트하이,59.99,18,2020,54600,0,2026,4,3
성북구,하월곡동,성북펠릭스,37.32,19,2025,10800,73,2026,4,3
성북구,정릉동,정릉풍림아이원,59.88,7,2005,39000,0,2026,4,2
성북구,보문동3가,이편한세상보문,84.904,5,2013,50000,50,2026,4,1
성북구,정릉동,정릉풍림아이원,59.88,7,2005,39000,0,2026,4,2
성북구,정릉동,정릉풍림아이원,59.88,7,2005,39000,0,2026,4,2
성북구,종암동,종암선경,59.4,4,1996,43000,0,2026,4,2
성북구,하월곡동,월곡두산위브,59.855,17,2003,30000,90,2026,4,2
성북구,길음동,롯데캐슬클라시아,59.8745,25,2022,66000,0,2026,4,2
성북구,장위동,꿈의숲아이파크,84.47,16,2022,67200,0,2026,4,2
성북구,길음동,길음뉴타운1단지(래미안길음1차),59.99,9,2003,58000,0,2026,4,2
성북구,길음동,길음뉴타운8단지(래미안),59.99,3,2010,1000,100,2026,4,2
성북구,돈암동,돈암동삼성,84.59,7,1999,58000,0,2026,4,2
성북구,석관동,석관래미안,59.9,8,2009,47100,0,2026,4,2
성북구,정릉동,길음뉴타운데시앙,84.94,2,1999,45000,0,2026,4,2
성북구,길음동,래미안길음센터피스,59.99,16,2019,40000,140,2026,4,2
성북구,길음동,래미안길음센터피스,59.9,19,2019,72000,0,2026,4,1
성북구,석관동,래미안아트리치,84.94,8,2019,68250,0,2026,4,2
성북구,보문동6가,보문파크뷰자이,59.81,10,2017,20000,148,2026,4,1
성북구,돈암동,한진(609-1),59.58,10,1998,41000,0,2026,4,1
성북구,돈암동,한신,68.13,13,1998,43000,0,2026,4,1
성북구,장위동,장위지웰에스테이트,39.653,7,2022,33500,0,2026,4,1
성북구,길음동,래미안길음센터피스,73.92,5,2019,38634,0,2026,4,1
성북구,정릉동,정릉힐스테이트,59.94,7,2004,45000,0,2026,4,1
성북구,보문동3가,이편한세상보문,84.904,5,2013,50000,50,2026,4,1
성북구,하월곡동,월곡두산위브,59.855,15,2003,30000,0,2026,4,1
강북구,수유동,삼성쉐르빌(50-31),54.23,13,2019,8075,43,2026,4,14
강북구,미아동,꿈의숲해링턴플레이스,84.67,3,2019,51000,13,2026,4,1
강북구,수유동,수유벽산1차,63.78,6,1993,27783,0,2026,4,22
강북구,미아동,에스케이북한산시티,59.98,19,2004,45000,0,2026,4,18
강북구,미아동,벽산라이브파크,114.68,14,2004,5000,180,2026,4,10
강북구,미아동,올집네스트미아2차(374-11),28.53,5,2021,19000,23,2026,4,27
강북구,미아동,송천센트레빌,59.818,13,2010,5000,168,2026,4,25
강북구,번동,드림타워,21.11,6,2012,3000,60,2026,4,24
강북구,미아동,에스케이북한산시티,59.98,14,2004,39900,0,2026,4,10
강북구,미아동,푸르지오시티,18.6479,9,2014,1000,64,2026,4,2
강북구,미아동,꿈의숲롯데캐슬,84.98,7,2017,10000,220,2026,4,10
강북구,수유동,우암센스뷰,84.83,6,2005,43000,0,2026,4,8
강북구,미아동,한화포레나미아,80.8489,9,2025,70000,0,2026,4,23
강북구,수유동,에피소드수유838,17.4623,3,2021,1000,84,2026,4,21
강북구,미아동,래미안트리베라1단지,84.97,2,2010,46500,0,2026,4,4
강북구,미아동,삼성래미안트리베라2단지,84.29,20,2010,20000,200,2026,4,30
강북구,번동,주공1단지,41.3,13,1991,3000,70,2026,4,25
강북구,미아동,에스케이북한산시티,59.98,7,2004,30000,50,2026,4,20
강북구,미아동,미아동부센트레빌,84.93,13,2006,63500,0,2026,4,4
강북구,번동,수유역두산위브1,84.9909,20,2009,43500,0,2026,4,28
강북구,수유동,에피소드수유838,17.5802,16,2021,1000,88,2026,4,17
강북구,미아동,삼성래미안트리베라2단지,58.99,8,2010,59000,0,2026,4,15
강북구,미아동,미아동부센트레빌,59.96,7,2006,60000,0,2026,4,23
강북구,미아동,한화포레나미아,59.9877,8,2025,10000,200,2026,4,8
강북구,수유동,예도팔라티움,12.99,6,2020,1000,72,2026,4,25
강북구,미아동,꿈의숲해링턴플레이스,84.67,13,2019,57400,0,2026,4,27
강북구,번동,주공1단지,49.94,2,1991,3000,80,2026,4,30
강북구,번동,번동한양아파트,84.67,10,1992,5000,120,2026,4,30
강북구,번동,수유역두산위브2,84.9909,7,2009,30000,0,2026,4,17
강북구,미아동,에스케이북한산시티,59.98,3,2004,14000,50,2026,4,30
강북구,미아동,미아동부센트레빌,84.93,10,2006,15000,165,2026,4,30
강북구,미아동,삼각산아이원,59.758,10,2003,0,60,2026,4,16
강북구,미아동,삼성래미안트리베라2단지,58.99,7,2010,15000,100,2026,4,21
강북구,번동,삼성,59.77,8,1998,4000,125,2026,4,25
강북구,수유동,에피소드수유838,15.6485,18,2021,1000,78,2026,4,29
강북구,수유동,칸타빌수유팰리스,78.1719,7,2022,55000,0,2026,4,13
강북구,미아동,꿈의숲해링턴플레이스,59.88,9,2019,10000,170,2026,4,12
강북구,수유동,에피소드수유838,16.5897,4,2021,1000,89,2026,4,27
강북구,번동,유경와이케이라이마,18.82,13,2021,22000,0,2026,4,16
강북구,미아동,한화포레나미아,80.8489,25,2025,5000,260,2026,4,22
강북구,수유동,에피소드수유838,51.9741,9,2021,2000,215,2026,4,29
강북구,수유동,에피소드수유838,11.2511,21,2021,1000,73,2026,4,17
강북구,번동,주공4단지,41.3,7,1991,14700,0,2026,4,23
강북구,미아동,두산위브트레지움,39.98,7,2011,3945,10,2026,4,13
강북구,수유동,예도팔라티움,12.99,4,2020,1000,74,2026,4,25
강북구,수유동,에피소드수유838,23.0496,10,2021,1000,118,2026,4,30
강북구,우이동,성원상떼빌,84.98,4,1990,26000,0,2026,4,4
강북구,미아동,젬스톤라피네,68.66,5,2025,20000,117,2026,4,24
강북구,번동,해모로아파트,127.25,15,2003,57000,0,2026,4,30
강북구,미아동,래미안트리베라1단지,59.6,18,2010,40100,25,2026,4,20
강북구,미아동,에스케이북한산시티,114.85,11,2004,54500,0,2026,4,25
강북구,수유동,수유벽산1차,122.58,15,1993,55000,0,2026,4,20
강북구,미아동,젬스톤라피네,68.66,5,2025,20000,117,2026,4,24
강북구,미아동,래미안트리베라1단지(임대),44.85,10,2010,1480,37,2026,4,22
강북구,수유동,예도팔라티움,12.99,14,2020,15300,0,2026,4,8
강북구,수유동,래미안수유,59.88,3,2001,10000,87,2026,4,30
강북구,수유동,크라운빌,12.9,4,2014,500,50,2026,4,13
강북구,번동,주공1단지,49.94,10,1991,8000,60,2026,4,14
강북구,미아동,경남아너스빌(1356-0),114.922,16,2003,45000,0,2026,4,28
강북구,번동,스카이캐슬,17.35,13,2021,17000,0,2026,4,28
강북구,미아동,벽산라이브파크,59.67,24,2004,35000,0,2026,4,18
강북구,미아동,삼성래미안트리베라2단지,59.38,7,2010,25000,70,2026,4,23
강북구,미아동,에스케이북한산시티,84.76,22,2004,5000,147,2026,4,4
강북구,우이동,대우,84.93,5,2000,45700,0,2026,4,30
강북구,수유동,수유현대,84.51,4,2000,42000,0,2026,4,29
강북구,미아동,삼성래미안트리베라2단지,113.89,7,2010,85000,0,2026,4,29
강북구,수유동,삼성쉐르빌(50-31),36.02,13,2019,13105,14,2026,4,29
강북구,미아동,래미안트리베라1단지,84.97,8,2010,64000,0,2026,4,29
강북구,미아동,삼각산아이원,114.88,2,2003,65000,0,2026,4,28
강북구,번동,번동한양아파트,84.67,13,1992,20000,100,2026,4,29
강북구,미아동,두산위브트레지움,114.88,8,2011,85000,0,2026,4,29
강북구,미아동,에스케이북한산시티,59.98,10,2004,40000,0,2026,4,25
강북구,미아동,삼각산아이원,84.705,17,2003,3000,180,2026,4,22
강북구,미아동,에스케이북한산시티,84.76,15,2004,46000,0,2026,4,27
강북구,수유동,칸타빌수유팰리스,59.9879,9,2022,38000,0,2026,4,24
강북구,미아동,두산위브트레지움,39.98,3,2011,4489,7,2026,4,16
강북구,번동,주공1단지,41.3,1,1991,1000,75,2026,4,9
강북구,번동,해모로아파트,84.93,19,2003,34650,0,2026,4,7
강북구,미아동,경남아너스빌(1356-0),59.964,7,2003,46000,0,2026,4,18
강북구,미아동,푸르지오시티,18.6479,12,2014,1000,63,2026,4,20
강북구,수유동,래미안수유,59.88,2,2001,33075,0,2026,4,27
강북구,수유동,화계맨숀,58.51,5,1975,11400,15,2026,4,23
강북구,미아동,래미안트리베라1단지,84.97,9,2010,58000,0,2026,4,25
강북구,미아동,래미안트리베라1단지,84.97,5,2010,35000,120,2026,4,27
강북구,미아동,래미안트리베라1단지,114.98,6,2010,50000,100,2026,4,25
강북구,수유동,수유시그니티,48.59,5,2023,40950,0,2026,4,27
강북구,수유동,래미안수유,114.78,1,2001,30000,0,2026,4,15
강북구,미아동,경남아너스빌(1356-0),84.873,15,2003,3000,165,2026,4,25
강북구,미아동,신대상,60.04,3,2002,15000,25,2026,4,25
강북구,미아동,에스케이북한산시티,84.76,13,2004,30000,90,2026,4,25
강북구,수유동,에피소드수유838,11.2511,22,2021,1000,69,2026,4,17
강북구,미아동,꿈의숲한신더휴,59.9894,10,2022,52000,0,2026,4,19
강북구,미아동,래미안트리베라1단지,84.97,20,2010,60000,0,2026,4,25
강북구,미아동,벽산라이브파크,84.89,2,2004,2000,120,2026,4,16
강북구,미아동,한화포레나미아,53.9875,14,2025,54000,0,2026,4,23
강북구,미아동,젬스톤라피네,68.66,5,2025,55200,0,2026,4,24
강북구,미아동,두산위브트레지움,84.92,13,2011,5000,180,2026,4,17
강북구,미아동,삼성래미안트리베라2단지,58.99,22,2010,53000,0,2026,4,24
강북구,번동,주공1단지,41.3,5,1991,16500,0,2026,4,24
강북구,미아동,푸르지오시티,18.6479,7,2014,1000,70,2026,4,18
강북구,미아동,래미안트리베라1단지,84.97,22,2010,10000,175,2026,4,23
강북구,미아동,삼각산아이원,84.705,3,2003,65000,0,2026,4,22
강북구,미아동,꿈의숲해링턴플레이스,59.36,3,2019,15000,155,2026,4,11
강북구,미아동,삼성래미안트리베라2단지,58.99,16,2010,5000,170,2026,4,18
강북구,미아동,에스케이북한산시티,84.71,23,2004,47000,0,2026,4,18
강북구,미아동,에스케이북한산시티,59.98,13,2004,10000,75,2026,4,13
강북구,번동,주공1단지,41.3,4,1991,2000,75,2026,4,18
강북구,미아동,꿈의숲해링턴플레이스,99.93,4,2019,70000,0,2026,4,21
강북구,번동,주공4단지,49.94,1,1991,8000,52,2026,4,16
강북구,우이동,북한산굿모닝,77.71,2,2003,30100,0,2026,4,21
강북구,수유동,에피소드수유838,16.7852,7,2021,1000,75,2026,4,13
강북구,수유동,예도팔라티움,13.47,14,2020,3000,63,2026,4,4
강북구,미아동,래미안트리베라1단지,59.6,18,2010,34000,70,2026,4,18
강북구,미아동,래미안트리베라1단지,84.97,15,2010,64500,0,2026,4,18
강북구,미아동,에스케이북한산시티,84.76,5,2004,45000,0,2026,4,18
강북구,번동,스카이캐슬,14.13,10,2021,17500,0,2026,4,20
강북구,미아동,한화포레나미아,74.9676,17,2025,65000,0,2026,4,20
강북구,미아동,래미안트리베라1단지,84.97,12,2010,50000,0,2026,4,1
강북구,번동,주공1단지,41.3,5,1991,2000,70,2026,4,4
강북구,미아동,꿈의숲해링턴플레이스,84.67,1,2019,56700,0,2026,4,17
강북구,미아동,한화포레나미아,84.9706,18,2025,85000,0,2026,4,18
강북구,번동,드림타워,21.72,5,2012,2000,66,2026,4,16
강북구,미아동,삼각산아이원,114.88,6,2003,5000,223,2026,4,18
강북구,번동,유경와이케이라이마,18.47,13,2021,23000,0,2026,4,20
강북구,미아동,래미안트리베라1단지,84.97,8,2010,20000,200,2026,4,18
강북구,미아동,두산위브트레지움,84.99,2,2011,49000,0,2026,4,10
강북구,미아동,에스케이북한산시티,59.98,18,2004,49000,0,2026,4,18
강북구,번동,주공4단지,41.3,4,1991,3000,80,2026,4,5
강북구,미아동,에스케이북한산시티,84.92,23,2004,50000,0,2026,4,18
강북구,미아동,에스케이북한산시티,59.98,19,2004,45000,0,2026,4,18
강북구,미아동,한화포레나미아,59.9877,20,2025,60000,0,2026,4,4
강북구,번동,해모로아파트,59.98,11,2003,37000,0,2026,4,18
강북구,수유동,수유역하이씨티,12.33,7,2014,7500,0,2026,4,18
강북구,미아동,경남아너스빌(1356-0),84.873,17,2003,50000,0,2026,4,17
강북구,미아동,꿈의숲롯데캐슬,59.97,5,2017,51400,0,2026,4,18
강북구,미아동,경남아너스빌(1356-0),59.964,2,2003,45000,0,2026,4,11
강북구,번동,주공1단지,41.3,3,1991,19000,0,2026,4,18
강북구,미아동,에스케이북한산시티,114.85,20,2004,42000,40,2026,4,17
강북구,번동,주공1단지,49.94,3,1991,8000,50,2026,4,20
강북구,수유동,수유벽산1차,63.78,6,1993,36000,0,2026,4,20
강북구,미아동,에스케이북한산시티,84.86,16,2004,5000,169,2026,4,13
강북구,미아동,한화포레나미아,84.8655,8,2025,10000,260,2026,4,2
강북구,번동,오동공원현대,84.7848,6,2001,45000,0,2026,4,16
강북구,미아동,에스케이북한산시티,59.98,5,2004,50000,0,2026,4,16
강북구,번동,번동금호어울림,84.96,8,1998,5000,130,2026,4,6
강북구,수유동,수유벽산1차,63.78,12,1993,38000,0,2026,4,16
강북구,미아동,한화포레나미아,80.8489,5,2025,5000,280,2026,4,16
강북구,미아동,두산위브트레지움,39.98,3,2011,4420,7,2026,4,16
강북구,번동,번동한양아파트,84.67,6,1992,41000,0,2026,4,16
강북구,번동,주공1단지,41.3,8,1991,3000,63,2026,4,14
강북구,수유동,예도팔라티움,12.99,4,2020,12000,20,2026,4,15
강북구,번동,유경와이케이라이마,18.82,13,2021,22000,0,2026,4,16
강북구,미아동,래미안트리베라1단지,84.97,20,2010,52038,0,2026,4,16
강북구,수유동,유경와이케이빌,18.68,8,2020,17800,0,2026,4,16
강북구,번동,주공4단지,84.79,14,1991,41000,0,2026,4,14
강북구,미아동,두산위브트레지움,39.98,5,2011,2620,17,2026,4,16
강북구,번동,주공1단지,49.94,2,1991,23000,0,2026,4,11
강북구,미아동,경남아너스빌(1356-0),59.964,3,2003,40000,0,2026,4,16
강북구,수유동,수유벽산1차,84.92,6,1993,40000,0,2026,4,15
강북구,미아동,꿈의숲해링턴플레이스,84.88,7,2019,65000,0,2026,4,14
강북구,미아동,에스케이북한산시티,59.98,2,2004,40425,0,2026,4,10
강북구,미아동,꿈의숲롯데캐슬,59.99,12,2017,5000,169,2026,4,15
강북구,미아동,꿈의숲롯데캐슬,59.98,8,2017,15000,76,2026,4,8
강북구,번동,수유역두산위브2,84.9909,3,2009,54000,0,2026,4,5
강북구,수유동,수유프리미어엠,19,12,2016,1000,50,2026,4,2
강북구,미아동,벽산라이브파크,84.89,16,2004,50500,0,2026,4,4
강북구,미아동,래미안트리베라1단지(임대),39.93,7,2010,5825,13,2026,4,15
강북구,수유동,에피소드수유838,18.3316,6,2021,1000,77,2026,4,6
강북구,번동,주공1단지,41.3,14,1991,10000,40,2026,4,14
강북구,미아동,미아1차래미안,84.58,3,2006,47200,0,2026,4,12
강북구,미아동,한화포레나미아,84.9706,5,2025,70000,0,2026,4,11
강북구,미아동,한화포레나미아,80.8489,23,2025,60000,0,2026,4,11
강북구,수유동,예도팔라티움,12.99,14,2020,15300,0,2026,4,11
강북구,번동,유경와이케이라이마,20.17,7,2021,21000,3,2026,4,10
강북구,미아동,벽산라이브파크,84.89,14,2004,50000,0,2026,4,11
강북구,미아동,두산위브트레지움,39.98,7,2011,2620,17,2026,4,13
강북구,미아동,미아한일유앤아이,129.784,17,2002,58000,0,2026,4,10
강북구,수유동,에피소드수유838,21.9946,7,2021,1000,80,2026,4,6
강북구,미아동,꿈의숲롯데캐슬,84.98,7,2017,53500,0,2026,4,10
강북구,미아동,꿈의숲해링턴플레이스,84.67,10,2019,65000,0,2026,4,11
강북구,미아동,한화포레나미아,84.8655,15,2025,77500,0,2026,4,4
강북구,미아동,한화포레나미아,84.8655,11,2025,5000,265,2026,4,11
강북구,번동,동문,84.86,1,1998,10000,130,2026,4,10
강북구,미아동,두산위브트레지움,84.92,1,2011,50000,50,2026,4,10
강북구,미아동,벽산라이브파크,59.67,6,2004,37800,0,2026,4,11
강북구,미아동,래미안트리베라1단지,84.97,9,2010,55650,0,2026,4,11
강북구,번동,효성네오인텔리안,81.12,14,2005,38850,0,2026,4,11
강북구,미아동,에스케이북한산시티,84.86,9,2004,44100,0,2026,4,9
강북구,미아동,에스케이북한산시티,114.85,19,2004,52500,0,2026,4,10
강북구,수유동,JKapartment,59.83,6,2020,23000,15,2026,4,6
강북구,미아동,두산위브트레지움,59.99,5,2011,42000,0,2026,4,1
강북구,미아동,한화포레나미아,80.8489,8,2025,63000,0,2026,4,8
강북구,미아동,두산위브트레지움,84.97,4,2011,5000,200,2026,4,8
강북구,미아동,래미안트리베라1단지,84.97,2,2010,46500,0,2026,4,4
강북구,미아동,벽산라이브파크,114.68,8,2004,36300,0,2026,4,8
강북구,수유동,수유아름채,12.93,14,2025,5000,80,2026,4,8
강북구,우이동,대우,84.93,1,2000,46000,0,2026,4,7
강북구,미아동,래미안트리베라1단지,59.6,5,2010,50000,13,2026,4,8
강북구,번동,효성네오인텔리안,81.12,14,2005,38850,0,2026,4,7
강북구,미아동,미아동부센트레빌,59.96,10,2006,10000,150,2026,4,8
강북구,번동,삼성,59.77,6,1998,33000,0,2026,4,3
강북구,수유동,에피소드수유838,18.1831,8,2021,1000,77,2026,4,6
강북구,미아동,래미안트리베라1단지,59.6,16,2010,5000,148,2026,4,4
강북구,미아동,래미안트리베라2단지(임대),38.99,13,2010,2761,27,2026,4,8
강북구,미아동,꿈의숲해링턴플레이스,84.88,3,2019,5000,240,2026,4,7
강북구,미아동,한화포레나미아,53.985,7,2025,29000,90,2026,4,7
강북구,번동,유경와이케이라이마,20.17,10,2021,22000,4,2026,4,4
강북구,수유동,예도팔라티움,13.47,13,2020,1000,78,2026,4,7
강북구,미아동,래미안트리베라1단지,84.97,2,2010,46500,0,2026,4,4
강북구,번동,주공1단지,49.94,7,1991,23000,0,2026,4,4
강북구,미아동,한화포레나미아,84.8655,26,2025,20000,200,2026,4,6
강북구,미아동,삼성래미안트리베라2단지,84.18,6,2010,49660,0,2026,4,4
강북구,번동,주공1단지,41.3,1,1991,1000,80,2026,4,6
강북구,수유동,에피소드수유838,15.0201,13,2021,1000,76,2026,4,3
강북구,번동,주공1단지,41.3,7,1991,17000,0,2026,4,4
강북구,미아동,한화포레나미아,59.9877,11,2025,60000,0,2026,4,4
강북구,번동,주공1단지,49.94,8,1991,2500,65,2026,4,4
강북구,미아동,래미안트리베라1단지,84.97,5,2010,47000,60,2026,4,4
강북구,미아동,미아동부센트레빌,84.93,13,2006,63500,0,2026,4,4
강북구,수유동,수유역하이씨티,12.33,12,2014,6200,15,2026,4,4
강북구,번동,주공4단지,76.51,3,1991,31500,0,2026,4,4
강북구,미아동,한화포레나미아,59.9877,15,2025,30000,110,2026,4,3
강북구,우이동,대우,59.94,1,2000,36000,0,2026,4,3
강북구,우이동,대우,84.93,1,2000,45000,0,2026,4,2
강북구,번동,주공4단지,49.94,3,1991,25000,0,2026,4,1
강북구,수유동,예도팔라티움,13.47,15,2020,500,80,2026,4,2
강북구,미아동,삼성래미안트리베라2단지,58.99,8,2010,39001,28,2026,4,1
강북구,번동,주공1단지,41.3,2,1991,15040,0,2026,4,1
강북구,번동,주공1단지,41.3,6,1991,16205,15,2026,4,2
강북구,번동,주공4단지,41.3,2,1991,17850,0,2026,4,2
강북구,번동,번동한양아파트,84.67,3,1992,20000,70,2026,4,1
강북구,번동,현대(148-494),84.9,7,1997,38000,0,2026,4,1
강북구,번동,유경와이케이라이마,20.17,10,2021,23000,2,2026,4,1
강북구,수유동,수유벽산1차,63.78,9,1993,38000,0,2026,4,1
강북구,미아동,에스케이북한산시티,59.98,24,2004,37000,0,2026,4,1
강북구,미아동,삼각산아이원,114.88,2,2003,55000,0,2026,4,1
도봉구,쌍문동,에드가쌍문,23.1866,6,2022,200,44,2026,4,27
도봉구,창동,창동주공3단지(해등마을),58.01,2,1990,13000,70,2026,4,1
도봉구,창동,동아청솔,59.96,3,1997,35000,0,2026,4,18
도봉구,창동,대우그린,84.93,16,2000,38000,0,2026,4,12
도봉구,창동,주공17단지,36.34,9,1989,2000,80,2026,4,18
도봉구,창동,주공17단지,36.16,1,1989,3000,55,2026,4,18
도봉구,창동,창동주공3단지(해등마을),79.07,2,1990,20000,61,2026,4,30
도봉구,창동,동아청솔,59.96,13,1997,31500,0,2026,4,25
도봉구,창동,창동주공2단지,36.16,5,1990,15000,0,2026,4,23
도봉구,쌍문동,삼익세라믹,58.77,4,1988,26000,0,2026,4,18
도봉구,방학동,청구아파트,84.97,11,1994,31500,0,2026,4,19
도봉구,창동,창동주공1단지,44.89,1,1990,17138,0,2026,4,17
도봉구,창동,동아청솔,84.97,8,1997,51000,0,2026,4,13
도봉구,쌍문동,시티프라디움,72.741,3,2021,47000,0,2026,4,9
도봉구,도봉동,서원,49.77,6,1996,18100,0,2026,4,4
도봉구,창동,창동주공4단지,49.94,6,1991,22000,0,2026,4,4
도봉구,창동,신창,59.4,10,1998,33000,0,2026,4,3
도봉구,창동,삼성래미안,84.87,10,1992,42000,0,2026,4,1
도봉구,창동,창동주공3단지(해등마을),45.77,13,1990,22050,0,2026,4,18
도봉구,창동,대우,84.88,3,1995,48500,0,2026,4,2
도봉구,창동,창동주공18단지,45.9,10,1988,2300,80,2026,4,3
도봉구,창동,창동주공18단지,45.9,2,1988,20000,0,2026,4,17
도봉구,방학동,신동아아파트4,59.92,4,1995,20600,0,2026,4,28
도봉구,창동,창동현대타운,47.79,7,1999,3000,70,2026,4,23
도봉구,창동,창동주공18단지,45.77,6,1988,26000,0,2026,4,27
도봉구,방학동,방학지음재힐스,14.86,7,2018,500,57,2026,4,22
도봉구,창동,동아청솔,59.445,19,1997,7000,96,2026,4,15
도봉구,쌍문동,대웅,52.02,3,1989,11000,25,2026,4,29
도봉구,창동,창동주공4단지,41.3,1,1991,2000,80,2026,4,8
도봉구,창동,창동주공4단지,41.3,2,1991,20000,0,2026,4,22
도봉구,쌍문동,에드가쌍문,30.0311,3,2022,200,55,2026,4,27
도봉구,방학동,대원그린아파트,46.86,7,1987,2000,90,2026,4,21
도봉구,창동,동아청솔,59.96,3,1997,35000,0,2026,4,18
도봉구,창동,주공17단지,36.16,1,1989,3000,55,2026,4,18
도봉구,방학동,퍼스티안,13.6794,12,2013,5000,30,2026,4,17
도봉구,창동,동아청솔,59.76,20,1997,38000,0,2026,4,16
도봉구,창동,태영데시앙,84.995,16,2003,42500,0,2026,4,25
도봉구,창동,주공17단지,36.34,9,1989,2000,80,2026,4,18
도봉구,도봉동,한신,84.94,3,1995,30500,0,2026,4,30
도봉구,방학동,이에스에이아파트2,84.98,21,2003,3000,200,2026,4,30
도봉구,창동,주공17단지,36.16,7,1989,18000,0,2026,4,24
도봉구,창동,동아,89.45,8,1988,47000,0,2026,4,30
도봉구,도봉동,서원,39.85,17,1996,19000,0,2026,4,23
도봉구,창동,동아청솔,59.96,13,1997,31500,0,2026,4,25
도봉구,쌍문동,현대1,84.66,5,1990,10000,130,2026,4,28
도봉구,방학동,신동아아파트1,43.35,3,1986,19000,0,2026,4,27
도봉구,창동,동아청솔,84.97,13,1997,8800,120,2026,4,8
도봉구,도봉동,래미안도봉,84.55,5,2005,6000,170,2026,4,30
도봉구,창동,주공17단지,36.16,8,1989,15000,0,2026,4,21
도봉구,방학동,성원아파트,84.54,12,1996,40000,0,2026,4,17
도봉구,창동,창동주공4단지,41.3,10,1991,20000,0,2026,4,24
도봉구,도봉동,한신,84.94,13,1995,40000,40,2026,4,24
도봉구,창동,쌍용,59.88,13,1997,45000,0,2026,4,28
도봉구,쌍문동,삼익세라믹,42.93,1,1988,2000,65,2026,4,29
도봉구,쌍문동,한양2,48.96,3,1988,2000,84,2026,4,15
도봉구,창동,창동주공4단지,36.16,11,1991,14250,0,2026,4,25
도봉구,창동,북한산아이파크5차,119.1731,9,2004,65000,0,2026,4,22
도봉구,창동,창동주공2단지,45.9,7,1990,17350,0,2026,4,23
도봉구,창동,북한산아이파크5차,84.4516,20,2004,7000,145,2026,4,27
도봉구,도봉동,도봉파크빌2,84.354,9,2002,10000,120,2026,4,20
도봉구,방학동,신동아타워아파트,60,12,1997,5000,100,2026,4,20
도봉구,방학동,신동아아파트1,43.35,3,1986,19000,0,2026,4,27
도봉구,쌍문동,한양2,28.71,14,1988,2000,60,2026,4,22
도봉구,방학동,퍼스티안,13.6794,5,2013,500,52,2026,4,28
도봉구,방학동,이에스에이아파트3,84.87,9,2004,3000,140,2026,4,15
도봉구,쌍문동,한양5,121.295,15,1991,35850,0,2026,4,3
도봉구,쌍문동,성원,84.98,15,1989,5000,150,2026,4,3
도봉구,방학동,방학동삼성래미안2,84.937,14,2002,52000,0,2026,4,28
도봉구,창동,창동주공2단지,36.16,14,1990,2000,75,2026,4,4
도봉구,쌍문동,한양2,28.71,11,1988,1000,70,2026,4,14
도봉구,방학동,청구아파트,84.97,6,1994,36750,0,2026,4,29
도봉구,창동,창동주공4단지,36.16,7,1991,22000,0,2026,4,18
도봉구,창동,북한산한신휴플러스,84.9499,13,2007,20000,150,2026,4,30
도봉구,창동,창동주공4단지,36.16,4,1991,1000,82,2026,4,13
도봉구,쌍문동,에드가쌍문,23.1866,3,2022,200,44,2026,4,1
도봉구,창동,창동주공1단지,41.3,2,1990,23000,0,2026,4,11
도봉구,도봉동,서원,49.77,5,1996,1000,80,2026,4,18
도봉구,창동,주공17단지,36.16,9,1989,1000,85,2026,4,20
도봉구,쌍문동,삼익세라믹,79.98,12,1988,38000,0,2026,4,27
도봉구,방학동,방학지음재힐스,14.79,3,2018,500,60,2026,4,1
도봉구,창동,북한산아이파크5차,84.4516,5,2004,50000,0,2026,4,28
도봉구,창동,창동주공18단지,41.34,13,1988,3000,75,2026,4,18
도봉구,창동,창동주공4단지,36.16,11,1991,1000,80,2026,4,15
도봉구,쌍문동,삼익세라믹,79.98,12,1988,38000,0,2026,4,27
도봉구,방학동,청구아파트,84.97,2,1994,31000,0,2026,4,30
도봉구,창동,스마트트라움,16.42,5,2021,14000,0,2026,4,30
도봉구,창동,주공17단지,41.3,14,1989,18000,0,2026,4,9
도봉구,쌍문동,금호1,36.36,10,1990,2000,75,2026,4,16
도봉구,방학동,삼익세라믹아파트,42.93,3,1988,20000,0,2026,4,14
도봉구,창동,창동주공3단지(해등마을),58.01,5,1990,34000,0,2026,4,29
도봉구,창동,창동주공4단지,41.3,11,1991,22200,0,2026,4,30
도봉구,방학동,퍼스티안,13.6794,6,2013,500,60,2026,4,23
도봉구,창동,창동주공3단지(해등마을),61.52,6,1990,25000,30,2026,4,25
도봉구,창동,주공17단지,41.3,13,1989,1000,75,2026,4,8
도봉구,방학동,대상타운현대아파트,60,20,2001,45000,0,2026,4,29
도봉구,쌍문동,금호1,70.13,13,1990,5000,130,2026,4,1
도봉구,쌍문동,금호1,36.36,10,1990,17850,0,2026,4,17
도봉구,쌍문동,브라운스톤쌍문,59.9788,3,2006,12000,80,2026,4,15
도봉구,방학동,삼익세라믹아파트,84.96,6,1988,26000,0,2026,4,27
도봉구,방학동,동부센트레빌아파트,84.983,8,2005,10000,50,2026,4,21
도봉구,도봉동,양우내안애,84.92,7,2005,37010,0,2026,4,16
도봉구,쌍문동,현대3,84.55,9,1995,5000,100,2026,4,16
도봉구,쌍문동,에드가쌍문,30.0311,2,2022,200,55,2026,4,9
도봉구,창동,주공17단지,41.3,13,1989,1000,49,2026,4,8
도봉구,창동,쌍용,84.76,11,1997,45150,0,2026,4,24
도봉구,방학동,삼익세라믹아파트,74.105,5,1988,31500,0,2026,4,30
도봉구,창동,주공19단지(창동리버타운),68.86,9,1988,33000,20,2026,4,29
도봉구,방학동,대원그린아파트,53.7,4,1987,20000,0,2026,4,29
도봉구,방학동,신동아아파트1,43.35,13,1986,19000,0,2026,4,29
도봉구,창동,주공19단지(창동리버타운),60.5,9,1988,34000,0,2026,4,28
도봉구,방학동,신동아아파트1,53.16,11,1986,5000,75,2026,4,30
도봉구,창동,창동주공3단지(해등마을),79.07,2,1990,20000,61,2026,4,30
도봉구,창동,창동주공3단지(해등마을),58.01,15,1990,27300,0,2026,4,27
도봉구,방학동,청구아파트,84.97,8,1994,20000,100,2026,4,14
도봉구,쌍문동,한양2,28.71,5,1988,1000,55,2026,4,20
도봉구,도봉동,삼환도봉,73.89,10,1987,5000,110,2026,4,17
도봉구,쌍문동,한양2,35.1,1,1988,1000,75,2026,4,27
도봉구,도봉동,도봉파크빌3,84.155,7,2002,31500,0,2026,4,20
도봉구,창동,창동주공18단지,45.55,1,1988,15000,30,2026,4,23
도봉구,창동,창동주공18단지,45.77,1,1988,2000,59,2026,4,21
도봉구,창동,상아2차아파트,45.54,4,1988,5000,80,2026,4,23
도봉구,쌍문동,한양5,84.635,8,1991,20000,57,2026,4,30
도봉구,도봉동,서원,49.77,17,1996,1000,80,2026,4,24
도봉구,방학동,방학지음재힐스,14.79,11,2018,500,60,2026,4,29
도봉구,쌍문동,한양2,28.71,13,1988,1000,55,2026,4,8
도봉구,쌍문동,한양6,83.86,11,2002,42000,0,2026,4,24
도봉구,창동,창동주공4단지,41.3,15,1991,2000,85,2026,4,30
도봉구,창동,창동주공3단지(해등마을),41.3,14,1990,1000,100,2026,4,13
도봉구,창동,창동주공3단지(해등마을),41.3,6,1990,3000,80,2026,4,16
도봉구,창동,주공17단지,49.94,3,1989,28000,0,2026,4,25
도봉구,창동,상아2차아파트,45.54,1,1988,20000,0,2026,4,18
도봉구,방학동,신동아아파트1,70.62,12,1986,18000,25,2026,4,10
도봉구,창동,상아1차아파트,58.59,14,1987,2000,76,2026,4,23
도봉구,창동,창동신도브래뉴1차,121.852,10,2003,30000,160,2026,4,18
도봉구,창동,주공17단지,36.16,15,1989,1000,80,2026,4,15
도봉구,방학동,신동아아파트1,84.87,4,1986,30000,0,2026,4,20
도봉구,창동,창동주공3단지(해등마을),41.3,1,1990,5000,80,2026,4,8
도봉구,창동,주공17단지,36.16,10,1989,15000,0,2026,4,30
도봉구,쌍문동,한양6,84.89,7,2002,36000,0,2026,4,29
도봉구,쌍문동,한양1,66.33,7,1986,30000,6,2026,4,28
도봉구,창동,북한산아이파크5차,84.4516,15,2004,52000,0,2026,4,24
도봉구,방학동,신동아아파트1,43.35,12,1986,1000,75,2026,4,28
도봉구,방학동,신동아아파트1,53.16,8,1986,3000,80,2026,4,10
도봉구,쌍문동,삼익세라믹,79.98,10,1988,31500,0,2026,4,21
도봉구,창동,창동주공3단지(해등마을),41.3,15,1990,16200,0,2026,4,18
도봉구,창동,주공19단지(창동리버타운),68.86,10,1988,5000,135,2026,4,30
도봉구,방학동,방학지음재힐스,14.86,3,2018,1000,60,2026,4,29
도봉구,창동,동아,89.45,1,1988,8000,128,2026,4,16
도봉구,쌍문동,한양6,83.86,3,2002,25000,30,2026,4,25
도봉구,창동,쌍용,84.76,17,1997,25000,83,2026,4,29
도봉구,창동,동아그린,59.96,17,1996,20000,34,2026,4,30
도봉구,창동,태영데시앙,84.995,1,2003,52000,0,2026,4,30
도봉구,방학동,우암쎈스뷰아파트,84.983,4,2003,51000,0,2026,4,27
도봉구,쌍문동,파라다이스빌,84.9,6,2004,10000,0,2026,4,10
도봉구,방학동,신동아아파트4,59.92,14,1995,27000,0,2026,4,24
도봉구,도봉동,삼환도봉,73.89,15,1987,28300,0,2026,4,30
도봉구,창동,주공17단지,36.16,10,1989,15000,0,2026,4,30
도봉구,쌍문동,삼익세라믹,79.98,7,1988,40000,0,2026,4,29
도봉구,도봉동,한신,84.94,15,1995,5000,150,2026,4,29
도봉구,쌍문동,현대1,84.66,12,1990,41000,0,2026,4,30
도봉구,쌍문동,한양2,84.9,7,1988,34650,0,2026,4,30
도봉구,창동,주공17단지,36.16,5,1989,14595,0,2026,4,29
도봉구,창동,대우그린,84.93,8,2000,57000,0,2026,4,25
도봉구,방학동,이에스에이아파트1,124.66,4,2003,10000,200,2026,4,29
도봉구,방학동,신동아아파트1,84.87,1,1986,30000,0,2026,4,28
도봉구,방학동,신동아아파트2,147.48,2,1992,56000,0,2026,4,27
도봉구,창동,창동주공18단지,59.39,10,1988,3000,100,2026,4,21
도봉구,방학동,신동아아파트4,59.92,4,1995,21000,0,2026,4,28
도봉구,쌍문동,삼익세라믹,58.77,3,1988,22000,0,2026,4,24
도봉구,창동,상아1차아파트,58.59,3,1987,20000,45,2026,4,27
도봉구,방학동,신동아아파트1,43.35,13,1986,19000,0,2026,4,29
도봉구,창동,삼성래미안,84.87,5,1992,60000,0,2026,4,20
도봉구,방학동,신동아아파트1,43.35,11,1986,17000,0,2026,4,29
도봉구,쌍문동,한양2,76.92,15,1988,28360,0,2026,4,29
도봉구,방학동,신동아아파트1,43.35,6,1986,2000,70,2026,4,28
도봉구,창동,창동주공4단지,41.3,5,1991,500,80,2026,4,8
도봉구,도봉동,한신,84.94,3,1995,31582,0,2026,4,27
도봉구,창동,미소애,45.466,3,2005,20000,0,2026,4,29
도봉구,창동,창동주공4단지,41.3,10,1991,13250,0,2026,4,23
도봉구,쌍문동,신일라이프,81.68,7,2002,34000,0,2026,4,16
도봉구,방학동,우성아파트1,72.87,10,1992,30970,0,2026,4,28
도봉구,창동,동아청솔,59.96,8,1997,37000,0,2026,4,28
도봉구,창동,창동주공4단지,41.3,5,1991,22000,0,2026,4,28
도봉구,창동,북한산아이파크5차,84.4516,7,2004,58000,0,2026,4,24
도봉구,방학동,방학동삼성래미안1,84.937,4,2002,53000,0,2026,4,27
도봉구,창동,주공17단지,36.16,10,1989,20000,0,2026,4,16
도봉구,도봉동,서원,39.85,4,1996,1000,70,2026,4,4
도봉구,도봉동,서원,49.77,13,1996,3000,80,2026,4,4
도봉구,방학동,신동아아파트1,70.62,12,1986,26000,0,2026,4,28
도봉구,방학동,신동아아파트1,43.35,12,1986,20000,0,2026,4,28
도봉구,창동,창동주공3단지(해등마을),49.94,8,1990,35000,0,2026,4,28
도봉구,방학동,신동아아파트1,43.35,4,1986,15650,0,2026,4,27
도봉구,창동,창동주공18단지,59.39,6,1988,26250,0,2026,4,28
도봉구,창동,상아2차아파트,58.59,8,1988,5000,120,2026,4,24
도봉구,도봉동,한신,84.94,9,1995,5000,130,2026,4,24
도봉구,창동,하이브빌2,13.2,7,2013,4000,35,2026,4,8
도봉구,창동,창동주공3단지(해등마을),58.01,2,1990,6000,90,2026,4,1
도봉구,방학동,벽산아파트1,72.01,3,1991,33000,0,2026,4,27
도봉구,창동,상아2차아파트,84.99,5,1988,6000,160,2026,4,27
도봉구,창동,창동주공3단지(해등마을),49.94,4,1990,32000,0,2026,4,27
도봉구,창동,북한산아이파크5차,119.1731,18,2004,25000,150,2026,4,19
도봉구,쌍문동,한양6,83.86,10,2002,5000,150,2026,4,27
도봉구,쌍문동,삼익세라믹,79.98,12,1988,38000,0,2026,4,27
도봉구,쌍문동,한양1,79.2,8,1986,41000,0,2026,4,21
도봉구,방학동,청구아파트,72.21,1,1994,4000,110,2026,4,27
도봉구,쌍문동,e편한세상,84.754,7,2007,55000,0,2026,4,4
도봉구,쌍문동,북한산월드메르디앙,70.71,6,2005,40000,0,2026,4,9
도봉구,창동,주공17단지,36.16,12,1989,12600,0,2026,4,24
도봉구,창동,창동현대4차,101.9957,13,2003,60000,0,2026,4,25
도봉구,창동,상아1차아파트,45.54,11,1987,26000,0,2026,4,25
도봉구,창동,동아그린,84.94,3,1996,30000,0,2026,4,27
도봉구,창동,창동주공2단지,45.9,14,1990,21000,0,2026,4,27
도봉구,창동,창동주공18단지,45.55,1,1988,20000,0,2026,4,24
도봉구,방학동,신동아아파트1,53.16,5,1986,23500,0,2026,4,25
도봉구,도봉동,서울가든,75.33,8,1987,29000,0,2026,4,20
도봉구,쌍문동,대웅,55.5,2,1989,18000,0,2026,4,24
도봉구,도봉동,동아에코빌,84.967,21,2003,43500,0,2026,4,18
도봉구,방학동,신동아아파트1,70.62,3,1986,32000,0,2026,4,24
도봉구,창동,창동주공3단지(해등마을),49.94,11,1990,5000,110,2026,4,18
도봉구,창동,주공17단지,36.16,6,1989,18500,0,2026,4,24
도봉구,도봉동,한신,84.94,4,1995,45000,0,2026,4,18
도봉구,창동,삼성래미안,73.92,12,1992,48000,0,2026,4,15
도봉구,쌍문동,신원2,60,14,1998,5000,85,2026,4,23
도봉구,도봉동,서원,49.77,13,1996,21000,0,2026,4,18
도봉구,창동,쌍용,59.88,7,1997,33000,0,2026,4,24
도봉구,창동,쌍용,59.88,21,1997,40000,0,2026,4,10
도봉구,창동,창동주공18단지,45.9,13,1988,5000,43,2026,4,24
도봉구,방학동,신동아타워아파트,60,12,1997,5000,100,2026,4,20
도봉구,창동,창동주공4단지,41.3,6,1991,10000,45,2026,4,22
도봉구,창동,창동주공3단지(해등마을),59.22,1,1990,35000,0,2026,4,23
도봉구,창동,주공17단지,36.16,10,1989,17800,0,2026,4,23
도봉구,방학동,신동아아파트1,70.62,3,1986,3000,80,2026,4,23
도봉구,창동,창동주공4단지,49.94,10,1991,25000,5,2026,4,22
도봉구,창동,창동주공18단지,45.77,5,1988,20000,0,2026,4,16
도봉구,창동,주공17단지,36.16,4,1989,17100,0,2026,4,12
도봉구,창동,쌍용,84.76,23,1997,45000,0,2026,4,18
도봉구,쌍문동,현대3,84.55,1,1995,22000,40,2026,4,23
도봉구,창동,주공17단지,36.16,5,1989,1000,80,2026,4,17
도봉구,방학동,신동아아파트1,70.62,2,1986,30500,0,2026,4,23
도봉구,창동,창동주공3단지(해등마을),41.3,1,1990,2000,90,2026,4,23
도봉구,방학동,신동아아파트1,53.16,12,1986,21500,0,2026,4,23
도봉구,창동,주공17단지,36.16,6,1989,1000,60,2026,4,22
도봉구,창동,북한산아이파크5차,84.4516,19,2004,35000,64,2026,4,7
도봉구,도봉동,서원,23.53,7,1996,1635,4,2026,4,23
도봉구,창동,창동주공2단지,41.3,1,1990,14450,0,2026,4,23
도봉구,쌍문동,현대1,70.3,13,1990,34650,0,2026,4,23
도봉구,창동,북한산아이파크5차,119.1731,9,2004,65000,0,2026,4,22
도봉구,창동,창동주공3단지(해등마을),49.94,12,1990,30000,0,2026,4,10
도봉구,창동,창동3차현대,135.353,18,2001,55000,0,2026,4,18
도봉구,창동,창동주공18단지,45.9,1,1988,15000,0,2026,4,18
도봉구,창동,대우그린,59.97,9,2000,35000,0,2026,4,18
도봉구,도봉동,삼환도봉,83.97,3,1987,32000,0,2026,4,20
도봉구,창동,창동주공4단지,49.94,9,1991,3000,92,2026,4,7
도봉구,창동,호신빌딩,16.64,9,2017,1000,45,2026,4,22
도봉구,창동,동아청솔,84.97,3,1997,50000,0,2026,4,22
도봉구,창동,상아2차아파트,45.54,12,1988,1000,80,2026,4,3
도봉구,창동,쌍용,59.88,24,1997,39000,20,2026,4,8
도봉구,창동,창동주공3단지(해등마을),41.3,13,1990,18900,0,2026,4,18
도봉구,도봉동,서원,49.77,11,1996,22000,0,2026,4,17
도봉구,창동,동아청솔,59.76,10,1997,20000,56,2026,4,20
도봉구,도봉동,서원,49.77,7,1996,2500,73,2026,4,19
도봉구,쌍문동,금호1,56.73,8,1990,27000,0,2026,4,21
도봉구,창동,대우,59.86,18,1995,7000,130,2026,4,15
도봉구,창동,동아청솔,59.96,3,1997,35000,0,2026,4,18
도봉구,창동,동아청솔,59.76,16,1997,5000,160,2026,4,20
도봉구,쌍문동,금호1,36.36,9,1990,15000,0,2026,4,21
도봉구,창동,쌍용,59.88,9,1997,45000,0,2026,4,18
도봉구,방학동,벽산아파트2,84.98,3,1998,30000,0,2026,4,21
도봉구,창동,창동주공18단지,71.89,2,1988,35500,0,2026,4,18
도봉구,방학동,우성아파트2,84.98,2,1993,36500,0,2026,4,3
도봉구,쌍문동,선우,78.41,1,2003,20000,10,2026,4,17
도봉구,도봉동,한신,84.94,1,1995,31255,0,2026,4,21
도봉구,창동,주공19단지(창동리버타운),68.86,15,1988,10000,105,2026,4,18
도봉구,도봉동,서원,49.77,8,1996,8000,65,2026,4,6
도봉구,쌍문동,금호1,70.13,9,1990,30000,0,2026,4,18
도봉구,창동,북한산아이파크5차,101.9176,11,2004,60500,0,2026,4,17
도봉구,쌍문동,삼익세라믹,58.77,14,1988,22000,0,2026,4,16
도봉구,쌍문동,삼익세라믹,42.93,15,1988,14700,0,2026,4,20
도봉구,창동,동아그린,84.94,16,1996,60000,0,2026,4,20
도봉구,창동,상아2차아파트,45.54,6,1988,12000,30,2026,4,1
도봉구,창동,동아,89.45,5,1988,42000,0,2026,4,20
도봉구,창동,금용,84.93,4,1997,41000,0,2026,4,18
도봉구,방학동,우성아파트1,51.91,1,1992,10000,65,2026,4,20
도봉구,쌍문동,현대3,84.93,9,1995,27000,30,2026,4,18
도봉구,쌍문동,기용,41.31,5,1988,16000,0,2026,4,1
도봉구,쌍문동,삼익세라믹,42.93,3,1988,5000,75,2026,4,20
도봉구,창동,창동주공2단지,45.55,10,1990,2000,68,2026,4,9
도봉구,창동,창동주공1단지,44.89,1,1990,17138,0,2026,4,17
도봉구,방학동,한화성원아파트,59.88,15,1996,26000,0,2026,4,7
도봉구,창동,창동주공3단지(해등마을),84.41,3,1990,40000,0,2026,4,17
도봉구,방학동,신동아타워아파트,84.74,5,1997,27000,0,2026,4,2
도봉구,도봉동,삼환도봉,73.89,7,1987,31000,0,2026,4,20
도봉구,방학동,신동아아파트1,62.22,9,1986,26250,0,2026,4,18
도봉구,쌍문동,신성오크힐,62.04,2,2002,19100,11,2026,4,2
도봉구,창동,주공17단지,36.16,13,1989,17000,0,2026,4,18
도봉구,창동,삼성래미안,84.87,10,1992,44700,0,2026,4,18
도봉구,쌍문동,삼익세라믹,58.77,4,1988,26000,0,2026,4,18
도봉구,도봉동,도봉파크빌3,84.155,9,2002,40000,0,2026,4,18
도봉구,방학동,브라운스톤방학아파트,84.9,12,2003,30000,30,2026,4,8
도봉구,방학동,방학지음재힐스,14.86,4,2018,1000,60,2026,4,2
도봉구,창동,대우,84.88,3,1995,5000,160,2026,4,17
도봉구,도봉동,럭키,84.86,2,1992,38000,0,2026,4,11
도봉구,방학동,한화성원아파트,59.88,4,1996,27900,0,2026,4,17
도봉구,도봉동,서원,49.77,11,1996,22000,0,2026,4,17
도봉구,창동,주공17단지,36.16,8,1989,4000,50,2026,4,17
도봉구,창동,주공19단지(창동리버타운),68.86,9,1988,30098,0,2026,4,14
도봉구,방학동,대상타운현대아파트,164.15,3,2001,70000,0,2026,4,13
도봉구,쌍문동,한양2,35.1,7,1988,18000,0,2026,4,10
도봉구,방학동,청구아파트,84.97,2,1994,38850,0,2026,4,15
도봉구,쌍문동,신원에벤에셀,84.9,11,1995,33400,0,2026,4,17
도봉구,창동,주공19단지(창동리버타운),60.5,4,1988,3000,110,2026,4,17
도봉구,도봉동,서원,49.77,13,1996,1000,80,2026,4,13
도봉구,도봉동,서광,24.66,4,1999,2437,6,2026,4,17
도봉구,창동,창동주공4단지,41.3,2,1991,20000,0,2026,4,17
도봉구,쌍문동,기용,41.31,2,1988,16000,0,2026,4,15
도봉구,방학동,신동아아파트1,53.16,12,1986,13000,65,2026,4,15
도봉구,창동,창동한신휴플러스(621-69),118.03,8,2002,63500,0,2026,4,15
도봉구,방학동,신동아아파트1,43.35,9,1986,20000,0,2026,4,15
도봉구,창동,동아청솔,84.97,10,1997,43500,0,2026,4,4
도봉구,도봉동,양우내안애,84.92,7,2005,37000,0,2026,4,16
도봉구,쌍문동,대웅,55.5,2,1989,2000,70,2026,4,16
도봉구,방학동,우성아파트2,84.98,15,1993,36000,0,2026,4,15
도봉구,창동,주공17단지,36.16,9,1989,13000,10,2026,4,15
도봉구,방학동,삼익세라믹아파트,58.77,7,1988,5000,95,2026,4,10
도봉구,방학동,방학지음재힐스,14.86,12,2018,1000,65,2026,4,16
도봉구,쌍문동,삼익세라믹,79.98,3,1988,31850,0,2026,4,16
도봉구,창동,북한산한신휴플러스,84.9499,5,2007,49800,0,2026,4,13
도봉구,방학동,신동아아파트2,84.82,10,1992,42000,0,2026,4,15
도봉구,방학동,삼익세라믹아파트,58.77,3,1988,27000,0,2026,4,15
도봉구,도봉동,양우내안애,84.92,1,2005,33600,0,2026,4,15
도봉구,창동,동아청솔,59.96,20,1997,40000,0,2026,4,14
도봉구,창동,주공17단지,36.16,5,1989,18500,0,2026,4,15
도봉구,창동,창동주공2단지,36.16,15,1990,2000,80,2026,4,1
도봉구,창동,삼성래미안,84.87,15,1992,20000,100,2026,4,15
도봉구,창동,창동2차현대,84.504,23,2001,35000,40,2026,4,10
도봉구,방학동,신동아아파트1,84.87,10,1986,8000,120,2026,4,15
도봉구,창동,북한산한신휴플러스,84.9499,5,2007,49800,0,2026,4,13
도봉구,도봉동,서원,40.02,10,1996,1000,75,2026,4,15
도봉구,창동,창동주공2단지,45.55,11,1990,2000,84,2026,4,14
도봉구,창동,주공17단지,36.16,11,1989,14700,0,2026,4,15
도봉구,도봉동,래미안도봉,59.25,17,2005,29400,0,2026,4,10
도봉구,쌍문동,한양2,35.1,8,1988,4000,55,2026,4,15
도봉구,창동,창동주공1단지,49.94,2,1990,30000,0,2026,4,15
도봉구,쌍문동,동익미라벨,65.42,12,1987,21000,10,2026,4,8
도봉구,쌍문동,한양7,84.92,1,1993,28000,35,2026,4,15
도봉구,쌍문동,경남,46.3,6,1988,22000,0,2026,4,15
도봉구,창동,창동주공18단지,59.39,5,1988,2000,90,2026,4,6
도봉구,창동,동아청솔,84.97,8,1997,51000,0,2026,4,13
도봉구,창동,창동주공18단지,59.39,10,1988,3000,100,2026,4,5
도봉구,방학동,신동아아파트1,62.22,15,1986,28500,0,2026,4,14
도봉구,쌍문동,한양2,35.1,1,1988,1000,70,2026,4,14
도봉구,쌍문동,한양2,59.67,6,1988,29000,0,2026,4,14
도봉구,창동,창동주공1단지,59.39,5,1990,30000,0,2026,4,13
도봉구,창동,대우그린,59.97,2,2000,34650,5,2026,4,13
도봉구,방학동,신동아아파트1,84.87,5,1986,20500,60,2026,4,15
도봉구,창동,대우그린,59.97,2,2000,34650,5,2026,4,13
도봉구,방학동,삼익세라믹아파트,58.77,11,1988,24000,0,2026,4,10
도봉구,창동,창동주공18단지,41.34,1,1988,20000,0,2026,4,10
도봉구,도봉동,유원도봉,84.93,10,1990,40000,0,2026,4,14
도봉구,방학동,신동아아파트2,84.86,1,1992,10500,105,2026,4,4
도봉구,쌍문동,삼익세라믹,58.77,13,1988,21000,0,2026,4,14
도봉구,도봉동,삼환도봉,83.97,8,1987,32000,0,2026,4,14
도봉구,창동,스마트트라움,16.42,6,2021,1000,75,2026,4,3
도봉구,창동,상아1차아파트,69.03,2,1987,28665,0,2026,4,13
도봉구,쌍문동,로얄,42,-1,2000,10000,0,2026,4,4
도봉구,창동,주공17단지,36.16,15,1989,15500,0,2026,4,8
도봉구,쌍문동,금호2,84.46,7,1991,36500,0,2026,4,14
도봉구,창동,주공17단지,36.16,7,1989,12000,20,2026,4,11
도봉구,쌍문동,한양6,83.86,8,2002,3000,140,2026,4,14
도봉구,창동,창동주공4단지,36.16,8,1991,2000,75,2026,4,14
도봉구,창동,주공19단지(창동리버타운),68.86,2,1988,33000,0,2026,4,10
도봉구,창동,북한산아이파크5차,84.4516,11,2004,52000,0,2026,4,7
도봉구,방학동,대상타운현대아파트,164.15,3,2001,70000,0,2026,4,13
도봉구,창동,삼성래미안,84.87,4,1992,61500,0,2026,4,12
도봉구,쌍문동,현대1,70.3,6,1990,5000,100,2026,4,13
도봉구,창동,동아청솔,59.76,3,1997,40000,0,2026,4,9
도봉구,도봉동,럭키,84.86,4,1992,40000,0,2026,4,9
도봉구,창동,주공19단지(창동리버타운),59.39,14,1988,32000,0,2026,4,8
도봉구,방학동,신동아아파트1,70.62,10,1986,27300,0,2026,4,12
도봉구,창동,주공19단지(창동리버타운),60.5,6,1988,35000,0,2026,4,9
도봉구,창동,대우그린,59.97,2,2000,34650,5,2026,4,13
도봉구,창동,창동주공4단지,49.94,11,1991,19950,0,2026,4,9
도봉구,창동,동아청솔,84.97,3,1997,10000,100,2026,4,4
도봉구,창동,주공17단지,36.16,2,1989,20000,0,2026,4,8
도봉구,도봉동,한신,84.94,8,1995,27300,0,2026,4,13
도봉구,창동,쌍용,59.88,12,1997,5000,127,2026,4,10
도봉구,창동,주공17단지,36.16,2,1989,2000,55,2026,4,3
도봉구,창동,창동주공1단지,59.39,12,1990,36000,0,2026,4,10
도봉구,창동,쌍용,59.88,12,1997,5000,127,2026,4,10
도봉구,창동,동아청솔,84.97,12,1997,60000,0,2026,4,10
도봉구,창동,태영데시앙,84.995,3,2003,54000,0,2026,4,8
도봉구,창동,창동주공3단지(해등마을),49.94,6,1990,24000,30,2026,4,7
도봉구,창동,LIG건영캐스빌,80.1498,18,2002,30000,55,2026,4,10
도봉구,방학동,퍼스티안,13.6794,10,2013,170,70,2026,4,6
도봉구,쌍문동,한양7,84.92,2,1993,38000,0,2026,4,10
도봉구,도봉동,한신,84.94,5,1995,36750,0,2026,4,10
도봉구,쌍문동,한양2,35.1,7,1988,18000,0,2026,4,10
도봉구,쌍문동,한양2,48.96,4,1988,25200,0,2026,4,2
도봉구,쌍문동,금호1,70.13,8,1990,27000,40,2026,4,9
도봉구,방학동,신동아아파트1,43.35,5,1986,19000,0,2026,4,7
도봉구,창동,신창,59.4,6,1998,28000,0,2026,4,10
도봉구,쌍문동,한양7,84.86,10,1993,32500,0,2026,4,9
도봉구,쌍문동,한양6,83.86,12,2002,31900,35,2026,4,10
도봉구,방학동,성진파크뷰아파트,45.51,9,2019,31400,0,2026,4,10
도봉구,창동,창동주공1단지,41.3,4,1990,21000,0,2026,4,7
도봉구,창동,창동주공2단지,45.55,3,1990,2000,68,2026,4,10
도봉구,창동,창동주공3단지(해등마을),49.94,13,1990,28350,0,2026,4,10
도봉구,쌍문동,현대2,85,8,1993,45000,0,2026,4,9
도봉구,쌍문동,한양2,28.71,15,1988,1000,65,2026,4,8
도봉구,창동,동아청솔,84.97,17,1997,51900,0,2026,4,4
도봉구,창동,주공19단지(창동리버타운),59.39,12,1988,3000,120,2026,4,4
도봉구,방학동,우성아파트1,84.69,10,1992,36700,0,2026,4,4
도봉구,창동,창동주공4단지,41.3,3,1991,15500,0,2026,4,9
도봉구,도봉동,한신,84.94,11,1995,40950,0,2026,4,8
도봉구,방학동,방학동삼성래미안1,84.937,18,2002,10000,180,2026,4,7
도봉구,쌍문동,e편한세상,84.754,7,2007,55000,0,2026,4,4
도봉구,쌍문동,삼익세라믹,79.98,14,1988,5000,130,2026,4,7
도봉구,쌍문동,한양2,76.92,3,1988,33600,0,2026,4,8
도봉구,창동,창동주공3단지(해등마을),79.07,12,1990,38800,0,2026,4,4
도봉구,창동,창동주공3단지(해등마을),41.3,6,1990,16537,0,2026,4,9
도봉구,창동,창동주공3단지(해등마을),49.94,5,1990,25000,4,2026,4,8
도봉구,창동,서울가든,136.74,4,1992,54000,0,2026,4,4
도봉구,창동,창동주공4단지,36.16,14,1991,15700,0,2026,4,4
도봉구,쌍문동,금호1,70.13,3,1990,35000,0,2026,4,6
도봉구,방학동,대상타운현대아파트,60,16,2001,45000,0,2026,4,7
도봉구,방학동,신동아아파트1,70.62,6,1986,30000,0,2026,4,8
도봉구,창동,창동주공4단지,41.3,4,1991,20000,0,2026,4,3
도봉구,방학동,신동아아파트4,84.9,9,1995,36000,0,2026,4,8
도봉구,창동,삼성래미안,84.87,13,1992,50000,0,2026,4,7
도봉구,쌍문동,삼익세라믹,42.93,10,1988,17250,0,2026,4,3
도봉구,방학동,도봉롯데캐슬골든파크,84.9915,16,2025,88800,0,2026,4,7
도봉구,방학동,청구아파트,84.97,1,1994,37800,0,2026,4,7
도봉구,창동,동아,89.45,6,1988,5000,137,2026,4,6
도봉구,창동,대우,84.88,1,1995,38000,0,2026,4,7
도봉구,창동,창동주공4단지,49.94,6,1991,22000,0,2026,4,4
도봉구,창동,창동주공3단지(해등마을),61.52,12,1990,34000,0,2026,4,4
도봉구,방학동,신동아아파트1,53.16,4,1986,2000,64,2026,4,6
도봉구,방학동,신동아아파트1,43.35,7,1986,19000,0,2026,4,1
도봉구,창동,창동주공2단지,41.3,9,1990,3000,58,2026,4,6
도봉구,창동,창동주공4단지,36.16,15,1991,12348,0,2026,4,4
도봉구,쌍문동,한양2,28.71,6,1988,1000,60,2026,4,6
도봉구,쌍문동,성원하이츠(B동),71.24,4,2004,20700,0,2026,4,6
도봉구,쌍문동,삼익세라믹,58.77,15,1988,29000,0,2026,4,3
도봉구,창동,상아2차아파트,45.54,10,1988,6000,60,2026,4,3
도봉구,창동,창동그린아파트,74.1,4,2004,28900,0,2026,4,4
도봉구,창동,동아청솔,59.96,16,1997,35700,0,2026,4,4
도봉구,창동,창동주공3단지(해등마을),66.56,2,1990,13000,70,2026,4,1
도봉구,쌍문동,한양5,121.295,15,1991,35850,0,2026,4,3
도봉구,쌍문동,한양2,84.9,8,1988,42700,0,2026,4,3
도봉구,창동,주공19단지(창동리버타운),66.56,9,1988,33800,0,2026,4,3
도봉구,방학동,신동아아파트1,70.62,4,1986,31000,0,2026,4,3
도봉구,창동,창동주공4단지,49.94,1,1991,16800,30,2026,4,1
도봉구,쌍문동,삼익세라믹,58.77,15,1988,29000,0,2026,4,3
도봉구,쌍문동,삼익세라믹,79.98,8,1988,5000,150,2026,4,3
도봉구,창동,창동주공3단지(해등마을),41.3,6,1990,21000,0,2026,4,2
도봉구,창동,창동주공3단지(해등마을),41.3,6,1990,21000,0,2026,4,2
도봉구,도봉동,서원,49.77,8,1996,2000,80,2026,4,3
도봉구,도봉동,한신,84.94,7,1995,39500,0,2026,4,2
도봉구,창동,상아1차아파트,45.54,1,1987,24000,0,2026,4,1
도봉구,창동,삼성래미안,84.87,21,1992,48000,0,2026,4,1
도봉구,창동,창동주공2단지,36.16,7,1990,15900,0,2026,4,1
도봉구,창동,주공19단지(창동리버타운),60.5,5,1988,25800,0,2026,4,1
도봉구,도봉동,서원,39.85,18,1996,17000,0,2026,4,1
도봉구,방학동,신동아아파트1,43.35,7,1986,19000,0,2026,4,1
도봉구,창동,상아1차아파트,69.03,12,1987,37000,0,2026,4,1
노원구,월계동,삼호4,50.18,3,1987,20000,20,2026,4,4
노원구,공릉동,태강아파트(아이파크),49.6,8,1999,26460,0,2026,4,24
노원구,하계동,건영,65.43,10,1988,40000,0,2026,4,25
노원구,하계동,한신1,27,6,1988,1000,63,2026,4,15
노원구,공릉동,현대성우아파트,59.98,6,2000,36000,10,2026,4,27
노원구,중계동,대림벽산(363),141.45,5,1993,73000,0,2026,4,11
노원구,공릉동,비선아파트,59.87,6,1999,37000,0,2026,4,25
노원구,월계동,한진한화그랑빌,114.97,17,2002,63000,0,2026,4,23
노원구,상계동,상계주공10(고층),45.77,13,1988,16800,0,2026,4,18
노원구,월계동,대동,59.76,15,1997,40000,0,2026,4,25
노원구,상계동,상계주공16(고층),58.01,8,1988,25200,0,2026,4,21
노원구,월계동,삼호3,59.22,8,1986,25000,0,2026,4,23
노원구,상계동,상계주공12(고층),41.3,3,1988,21000,0,2026,4,25
노원구,월계동,주공2,38.64,15,1992,3000,65,2026,4,23
노원구,상계동,상계주공9(고층),49.94,6,1988,2000,100,2026,4,18
노원구,상계동,벽산,38.71,10,1989,22000,0,2026,4,11
노원구,월계동,월계센트럴아이파크,84.99,12,2020,67000,0,2026,4,15
노원구,상계동,상계주공13(고층),58.01,5,1989,30000,0,2026,4,6
노원구,상계동,노원센트럴푸르지오,59.994,6,2021,48000,0,2026,4,18
노원구,상계동,대동황토방,84.97,4,2001,55000,0,2026,4,18
노원구,하계동,청솔(시영7),39.92,5,1989,23000,0,2026,4,6
노원구,상계동,상계주공12(고층),49.94,9,1988,1000,90,2026,4,11
노원구,중계동,중계그린1단지,49.85,15,1990,34000,0,2026,4,10
노원구,중계동,중계그린1단지,44.1,11,1990,24000,0,2026,4,10
노원구,월계동,녹천역두산위브아파트,84.8218,5,2017,32000,0,2026,4,3
노원구,월계동,세양청마루,84.957,6,2005,6000,155,2026,4,3
노원구,상계동,상계주공12(고층),49.94,12,1988,2000,120,2026,4,5
노원구,월계동,삼호4,50.18,3,1987,20000,20,2026,4,4
노원구,상계동,상계주공11(고층),58.01,7,1988,22000,0,2026,4,3
노원구,상계동,상계주공10(고층),49.94,3,1988,3000,120,2026,4,4
노원구,상계동,상계주공10(고층),49.94,3,1988,3000,120,2026,4,2
노원구,상계동,상계1차현대아파트,83.92,2,1993,36750,0,2026,4,25
노원구,중계동,중계그린1단지,39.78,2,1990,1000,90,2026,4,4
노원구,중계동,주공2,44.52,13,1992,15500,0,2026,4,3
노원구,월계동,초안2,59.85,7,1997,15000,68,2026,4,30
노원구,상계동,"상계주공15(고층,공무원임대)",49.94,2,1988,16846,0,2026,4,2
노원구,상계동,상계주공4(고층),38,4,1988,13400,8,2026,4,20
노원구,상계동,상계주공4(고층),38,4,1988,13400,3,2026,4,20
노원구,상계동,보람아파트,54.59,4,1988,3000,100,2026,4,23
노원구,월계동,현대,59.95,9,2000,46000,0,2026,4,7
노원구,중계동,중계3벽산,85,13,1999,25000,180,2026,4,3
노원구,상계동,상계주공5(저층),31.98,4,1987,3000,30,2026,4,24
노원구,공릉동,태강아파트(아이파크),59.34,7,1999,40000,0,2026,4,18
노원구,상계동,상계주공14(고층),45.55,3,1989,2000,95,2026,4,18
노원구,상계동,상계주공6(고층),59.28,12,1988,35000,0,2026,4,10
노원구,상계동,상계주공11(고층),41.3,5,1988,3000,68,2026,4,22
노원구,공릉동,공릉동한보에센시티아파트,59.4,20,2000,28700,0,2026,4,23
노원구,상계동,상계주공14(고층),49.94,3,1989,3000,100,2026,4,11
노원구,상계동,상계주공16(고층),58.01,10,1988,5000,84,2026,4,23
노원구,상계동,"상계주공15(고층,공무원임대)",41.3,5,1988,13631,0,2026,4,15
노원구,월계동,한진한화그랑빌,59.94,10,2002,5000,190,2026,4,25
노원구,공릉동,태릉해링턴플레이스,74.95,15,2022,66000,0,2026,4,18
노원구,월계동,삼호3,59.22,8,1986,36000,0,2026,4,18
노원구,공릉동,삼익4단지아파트,39.6,7,1994,20500,0,2026,4,24
노원구,월계동,주공2,44.52,7,1992,22000,0,2026,4,13
노원구,상계동,상계주공16(고층),45.77,12,1988,23000,0,2026,4,4
노원구,상계동,상계주공10(고층),58.01,11,1988,22000,45,2026,4,29
노원구,상계동,상계주공4(고층),59.2,1,1988,3000,110,2026,4,27
노원구,상계동,상계주공4(고층),58.01,14,1988,3000,120,2026,4,13
노원구,상계동,두산,51.66,4,1994,35000,0,2026,4,28
노원구,월계동,삼호3,59.22,9,1986,31000,0,2026,4,25
노원구,월계동,삼호4,50.18,8,1987,19950,0,2026,4,30
노원구,상계동,상계주공7(고층),41.3,2,1988,24000,0,2026,4,20
노원구,공릉동,태강아파트(아이파크),49.6,13,1999,35000,0,2026,4,14
노원구,상계동,"상계주공15(고층,공무원임대)",49.94,5,1988,10107,15,2026,4,2
노원구,상계동,미라보(성림),60,7,2006,26000,0,2026,4,11
노원구,상계동,불암현대,84.9,3,1999,20000,55,2026,4,30
노원구,월계동,한진한화그랑빌,59.94,7,2002,5000,95,2026,4,10
노원구,상계동,상계주공12(고층),41.3,13,1988,1000,72,2026,4,9
노원구,상계동,상계주공7(고층),49.94,13,1988,2000,120,2026,4,20
노원구,상계동,상계주공3(고층),58.01,10,1987,36000,0,2026,4,25
노원구,상계동,상계주공2(고층),58.01,1,1987,26000,0,2026,4,19
노원구,상계동,상계주공6(고층),58.01,13,1988,4000,140,2026,4,29
노원구,상계동,상계주공1(고층),41.3,4,1988,3000,90,2026,4,11
노원구,상계동,상계주공7(고층),49.94,5,1988,3000,100,2026,4,15
노원구,상계동,상계주공5(저층),31.98,3,1987,1000,60,2026,4,25
노원구,중계동,중계그린1단지,49.85,15,1990,34000,0,2026,4,10
노원구,상계동,상계주공3(고층),58.01,10,1987,5000,140,2026,4,17
노원구,상계동,은빛2단지,39.7,15,1998,2000,85,2026,4,30
노원구,상계동,"상계주공15(고층,공무원임대)",49.94,15,1988,16846,0,2026,4,2
노원구,중계동,신안,84.93,14,1999,67000,0,2026,4,29
노원구,공릉동,미라쉘,16.69,20,2018,500,66,2026,4,27
노원구,월계동,미성,33.28,3,1986,1500,65,2026,4,21
노원구,월계동,삼호4,50.18,3,1987,20000,20,2026,4,4
노원구,중계동,현대(6차),59.84,6,2018,26250,0,2026,4,13
노원구,상계동,"상계주공15(고층,공무원임대)",41.3,3,1988,13631,0,2026,4,29
노원구,상계동,벽산,43.35,9,1989,1000,80,2026,4,15
노원구,상계동,상계주공2(고층),59.28,5,1987,3000,130,2026,4,20
노원구,중계동,주공7,44.1,10,1993,1000,69,2026,4,30
노원구,상계동,상계주공3(고층),58.01,5,1987,10000,120,2026,4,4
노원구,상계동,소담빌,14.65,4,2014,500,65,2026,4,30
노원구,상계동,상계주공7(고층),41.3,6,1988,3000,75,2026,4,3
노원구,중계동,염광,131.25,5,1996,31500,120,2026,4,25
노원구,상계동,상계주공2(고층),32.39,14,1987,12000,30,2026,4,16
노원구,상계동,수락현대,84.87,8,1995,10000,130,2026,4,3
노원구,월계동,삼호4,50.18,8,1987,28000,0,2026,4,27
노원구,상계동,상계주공7(고층),79.07,4,1988,45000,0,2026,4,10
노원구,중계동,현대(6차),59.84,18,2018,38000,0,2026,4,18
노원구,상계동,상계주공16(고층),59.39,7,1988,28000,12,2026,4,25
노원구,공릉동,청솔아파트9,84.99,10,2000,51000,0,2026,4,30
노원구,월계동,한진한화그랑빌,84.97,5,2002,5000,210,2026,4,28
노원구,월계동,미성,50.14,9,1986,1000,84,2026,4,17
노원구,중계동,주공2,44.52,7,1992,17850,0,2026,4,24
노원구,하계동,학여울청구,59.4,9,1999,25000,0,2026,4,27
노원구,중계동,경남,74.2,1,1989,38000,0,2026,4,27
노원구,상계동,보람아파트,79.25,14,1988,38000,0,2026,4,30
노원구,하계동,한신1,27,11,1988,13650,0,2026,4,27
노원구,중계동,중계3벽산,85,11,1999,62000,0,2026,4,25
노원구,상계동,한신2차,45.92,9,1988,15000,40,2026,4,30
노원구,상계동,상계주공12(고층),41.3,11,1988,2000,100,2026,4,1
노원구,상계동,은빛2단지,59.95,7,1998,5000,130,2026,4,27
노원구,상계동,보람아파트,79.25,14,1988,38000,0,2026,4,30
노원구,월계동,한진한화그랑빌,84.97,27,2002,60000,0,2026,4,29
노원구,월계동,월계역신도브래뉴,84.5133,1,2005,5000,180,2026,4,30
노원구,월계동,미륭,51.48,9,1986,3000,105,2026,4,29
노원구,상계동,상계주공12(고층),66.56,10,1988,38000,0,2026,4,22
노원구,공릉동,삼익4단지아파트,39.6,15,1994,2000,80,2026,4,29
노원구,상계동,보람아파트,44.33,5,1988,1500,85,2026,4,16
노원구,상계동,보람아파트,68.99,3,1988,7500,125,2026,4,25
노원구,상계동,상계주공2(고층),41.3,4,1987,2000,58,2026,4,4
노원구,상계동,보람아파트,79.25,12,1988,40000,0,2026,4,22
노원구,하계동,미성,57.97,14,1989,35000,0,2026,4,24
노원구,상계동,상계주공1(고층),41.3,5,1988,2000,90,2026,4,21
노원구,상계동,노원센트럴푸르지오,59.996,16,2021,15000,100,2026,4,16
노원구,상계동,상계주공2(고층),41.3,11,1987,2000,75,2026,4,8
노원구,공릉동,태강아파트(아이파크),49.6,6,1999,35000,0,2026,4,11
노원구,중계동,중계그린1단지,49.85,8,1990,6000,115,2026,4,25
노원구,상계동,상계주공4(고층),59.39,15,1988,21000,0,2026,4,29
노원구,상계동,"상계주공15(고층,공무원임대)",49.94,13,1988,3369,31,2026,4,15
노원구,상계동,상계주공11(고층),41.3,5,1988,1000,100,2026,4,17
노원구,중계동,주공5,38.64,11,1992,500,100,2026,4,29
노원구,상계동,상계주공7(고층),45.55,3,1988,24000,0,2026,4,6
노원구,상계동,상계주공4(고층),49.94,10,1988,3000,105,2026,4,24
노원구,상계동,상계주공10(고층),59.2,4,1988,5000,120,2026,4,6
노원구,상계동,상계주공12(고층),49.94,1,1988,23000,0,2026,4,28
노원구,상계동,상계주공3(고층),41.3,10,1987,2000,90,2026,4,1
노원구,상계동,비콘드림힐2,70.4,3,2005,48000,0,2026,4,24
노원구,공릉동,공릉동한보에센시티아파트,59.4,20,2000,28700,0,2026,4,23
노원구,상계동,상계주공3(고층),58.01,2,1987,10000,110,2026,4,3
노원구,상계동,상계주공2(고층),32.39,5,1987,10000,35,2026,4,7
노원구,상계동,상계주공4(고층),59.2,2,1988,23000,0,2026,4,29
노원구,중계동,중계그린1단지,49.5,2,1990,5000,100,2026,4,25
노원구,하계동,연해피빌,17.27,2,2019,1000,26,2026,4,8
노원구,월계동,삼호3,59.22,14,1986,16000,0,2026,4,29
노원구,월계동,한진한화그랑빌,84.97,10,2002,50000,10,2026,4,16
노원구,월계동,건양노블레스빌,84.659,6,2003,3000,179,2026,4,24
노원구,상계동,은빛1단지,49.77,4,1998,26000,0,2026,4,25
노원구,상계동,상계주공11(고층),49.94,5,1988,2000,79,2026,4,20
노원구,상계동,불암현대,59.4,1,1999,28000,0,2026,4,3
노원구,중계동,신동아(366),115.35,3,1993,85000,0,2026,4,29
노원구,상계동,상계주공3(고층),41.3,15,1987,23000,0,2026,4,11
노원구,상계동,상계주공16(고층),58.01,9,1988,5000,120,2026,4,25
노원구,월계동,주공2,38.64,8,1992,3000,72,2026,4,8
노원구,상계동,상록수1단지,53.656,6,2002,500,130,2026,4,6
노원구,공릉동,태강아파트(아이파크),49.6,8,1999,26460,0,2026,4,24
노원구,하계동,건영,65.43,10,1988,40000,0,2026,4,25
노원구,상계동,상계주공5(저층),31.98,5,1987,1000,50,2026,4,2
노원구,상계동,상계주공7(고층),45.9,14,1988,1000,75,2026,4,19
노원구,상계동,상계주공11(고층),41.3,2,1988,17850,0,2026,4,16
노원구,상계동,상계주공7(고층),49.94,7,1988,4000,110,2026,4,18
노원구,상계동,상계주공16(고층),45.77,1,1988,2000,80,2026,4,20
노원구,상계동,상계주공3(고층),59.2,12,1987,28500,0,2026,4,14
노원구,상계동,상계주공9(고층),79.07,6,1988,39900,0,2026,4,29
노원구,중계동,주공5,38.64,1,1992,1000,58,2026,4,3
노원구,상계동,상계주공4(고층),49.94,1,1988,2000,65,2026,4,11
노원구,상계동,상계주공6(고층),32.39,7,1988,1000,50,2026,4,29
노원구,중계동,중계무지개,39.82,12,1991,1000,100,2026,4,25
노원구,상계동,보람아파트,44.33,2,1988,20000,0,2026,4,7
노원구,중계동,중계그린1단지,44.1,5,1990,1500,80,2026,4,30
노원구,중계동,중계그린1단지,39.78,9,1990,2000,85,2026,4,30
노원구,상계동,은빛1단지,59.92,15,1998,36000,0,2026,4,25
노원구,상계동,상계주공4(고층),37.46,4,1988,20000,0,2026,4,13
노원구,상계동,상계주공7(고층),49.94,4,1988,31000,0,2026,4,23
노원구,중계동,주공5,38.64,2,1992,1000,68,2026,4,15
노원구,중계동,양지마을(대림)2,59.4,13,1999,36000,0,2026,4,25
노원구,중계동,롯데우성,115.26,7,1993,89000,0,2026,4,29
노원구,상계동,상계주공3(고층),84.2,15,1987,59000,0,2026,4,27
노원구,중계동,한화꿈에그린,84.902,11,2005,62000,0,2026,4,21
노원구,월계동,삼호3,59.22,6,1986,3000,120,2026,4,8
노원구,상계동,노원롯데캐슬시그니처,84.997,20,2023,70000,0,2026,4,29
노원구,상계동,소담빌,14.65,8,2014,500,60,2026,4,23
노원구,하계동,우성,84.91,1,1988,50000,0,2026,4,10
노원구,공릉동,태릉해링턴플레이스,74.95,8,2022,65000,0,2026,4,25
노원구,상계동,상계주공7(고층),41.3,8,1988,1050,70,2026,4,25
노원구,중계동,주공7,44.1,2,1993,1000,90,2026,4,24
노원구,하계동,청솔(시영7),59.22,6,1989,5000,150,2026,4,14
노원구,월계동,한진한화그랑빌,59.94,1,2002,34650,0,2026,4,11
노원구,공릉동,태릉입구역청년주택YNTOWER,16.3,12,2021,2902,10,2026,4,28
노원구,상계동,상계주공3(고층),59.2,4,1987,15000,120,2026,4,16
노원구,상계동,상계주공7(고층),45.9,9,1988,25000,0,2026,4,18
노원구,중계동,주공7,44.1,14,1993,1000,100,2026,4,10
노원구,중계동,중계3우성,59.94,13,1999,38850,0,2026,4,28
노원구,상계동,노원센트럴푸르지오,59.996,17,2021,5000,150,2026,4,21
노원구,상계동,포레나노원,59.9866,4,2020,15000,200,2026,4,22
노원구,월계동,롯데캐슬루나,127.0318,1,2006,60000,0,2026,4,4
노원구,상계동,중앙하이츠(5지역),84.87,7,1996,32000,45,2026,4,19
노원구,공릉동,효성아파트,84.66,2,1995,38550,0,2026,4,7
노원구,상계동,상계주공11(고층),58.01,7,1988,3000,125,2026,4,28
노원구,상계동,상계주공5(저층),31.98,4,1987,2000,50,2026,4,29
노원구,상계동,상계주공1(고층),58.01,12,1988,26000,0,2026,4,29
노원구,상계동,상계1차중앙하이츠,84.6,4,1997,57000,0,2026,4,25
노원구,상계동,포레나노원,59.9866,19,2020,55650,0,2026,4,30
노원구,월계동,동신,71.83,9,1983,1000,60,2026,4,13
노원구,공릉동,태릉해링턴플레이스,59.98,9,2022,52000,0,2026,4,17
노원구,월계동,주공2,58.65,11,1992,32000,0,2026,4,29
노원구,중계동,청구3,84.77,10,1996,73500,0,2026,4,25
노원구,상계동,상계주공12(고층),41.3,11,1988,2000,68,2026,4,11
노원구,중계동,금호타운(583),84.98,10,1997,63500,0,2026,4,30
노원구,월계동,초안2,39.6,2,1997,13650,7,2026,4,11
노원구,월계동,주공2,38.64,1,1992,19000,0,2026,4,29
노원구,중계동,주공7,44.1,12,1993,20000,25,2026,4,17
노원구,월계동,한진한화그랑빌,114.97,17,2002,63000,0,2026,4,23
노원구,상계동,미도,87.57,13,1988,44000,0,2026,4,29
노원구,중계동,신동아(366),115.35,3,1993,85000,0,2026,4,29
노원구,상계동,"상계주공15(고층,공무원임대)",49.94,15,1988,16524,0,2026,4,22
노원구,중계동,양지마을(대림)1,84.9,7,1998,10000,220,2026,4,30
노원구,중계동,성원1,59.75,4,1996,3000,120,2026,4,11
노원구,하계동,극동,55.72,12,1988,2000,105,2026,4,22
노원구,월계동,삼호3,59.22,9,1986,2000,100,2026,4,11
노원구,공릉동,삼익포레스트아파트,51.03,8,1995,30000,0,2026,4,23
노원구,상계동,상계주공6(고층),59.39,10,1988,23000,30,2026,4,9
노원구,중계동,주공7,44.1,15,1993,24000,0,2026,4,25
노원구,상계동,벽산,59.9,11,1989,28000,0,2026,4,12
노원구,월계동,한진한화그랑빌,114.97,20,2002,60000,0,2026,4,16
노원구,상계동,두산,51.66,4,1994,26250,0,2026,4,25
노원구,상계동,상계주공9(고층),49.94,2,1988,9000,45,2026,4,29
노원구,중계동,주공2,44.52,9,1992,2000,90,2026,4,3
노원구,중계동,주공2,44.52,9,1992,2000,90,2026,4,3
노원구,상계동,상계주공6(고층),49.94,15,1988,17500,0,2026,4,27
노원구,중계동,대호,84.93,12,2000,10000,160,2026,4,1
노원구,상계동,상계주공7(고층),49.94,2,1988,31000,0,2026,4,16
노원구,중계동,중계그린1단지,59.22,13,1990,5000,78,2026,4,18
노원구,상계동,상계주공4(고층),38,4,1988,13400,3,2026,4,20
노원구,중계동,중계무지개,39.82,3,1991,2000,100,2026,4,9
노원구,상계동,상계주공11(고층),49.94,11,1988,30000,0,2026,4,28
노원구,상계동,해링턴플레이스노원센트럴,48.3698,18,2025,6500,92,2026,4,8
노원구,공릉동,우성2차아파트101동,84.75,5,2005,20000,100,2026,4,1
노원구,상계동,상계주공1(고층),32.39,3,1988,14500,15,2026,4,28
노원구,상계동,상계주공9(고층),49.94,2,1988,9000,45,2026,4,29
노원구,상계동,불암현대아파트(106동),27,8,1999,389,15,2026,4,29
노원구,월계동,초안1,59.85,13,1998,3000,95,2026,4,10
노원구,월계동,주공2,38.64,7,1992,20000,0,2026,4,30
노원구,상계동,노원롯데캐슬시그니처,59.975,22,2023,30000,120,2026,4,18
노원구,중계동,중계그린1단지,49.5,12,1990,21000,40,2026,4,29
노원구,상계동,상계주공11(고층),58.01,7,1988,22000,0,2026,4,3
노원구,상계동,은빛2단지,59.95,2,1998,3000,100,2026,4,10
노원구,중계동,건영3,84.9,5,1995,71400,0,2026,4,17
노원구,월계동,삼호3,59.22,4,1986,30000,0,2026,4,23
노원구,상계동,"상계주공15(고층,공무원임대)",41.3,1,1988,8750,9,2026,4,2
노원구,공릉동,시영3차(라이프)아파트,49.5,8,1994,30000,0,2026,4,18
노원구,공릉동,태릉입구역청년주택YNTOWER,16.3,18,2021,4410,34,2026,4,7
노원구,공릉동,풍림아파트B,31.32,4,2001,2000,65,2026,4,25
노원구,공릉동,미라쉘,16.69,8,2018,1000,67,2026,4,28
노원구,월계동,성원(사슴4),49.92,14,1995,28000,0,2026,4,28
노원구,월계동,미륭,51.48,13,1986,4000,80,2026,4,18
노원구,중계동,주공6,44.1,2,1993,2000,90,2026,4,13
노원구,상계동,상계주공7(고층),45.9,15,1988,2000,100,2026,4,15
노원구,중계동,중계그린1단지,49.5,9,1990,5000,100,2026,4,18
노원구,공릉동,청솔아파트8,84.65,12,2000,36350,0,2026,4,25
노원구,월계동,삼호3,59.22,11,1986,2000,95,2026,4,30
노원구,상계동,현대4차,84.99,3,1995,32000,20,2026,4,13
노원구,중계동,성원2,56.97,7,1995,32000,0,2026,4,30
노원구,하계동,미성,57.97,13,1989,40000,0,2026,4,28
노원구,중계동,현대(6차),59.84,16,2018,38000,0,2026,4,24
노원구,상계동,상계주공3(고층),37.46,8,1987,22000,0,2026,4,25
노원구,하계동,현대,84.95,11,1988,20000,140,2026,4,25
노원구,중계동,중계무지개,39.96,11,1991,22000,0,2026,4,30
노원구,상계동,상계주공3(고층),41.3,12,1987,1000,73,2026,4,11
노원구,월계동,대동,59.76,4,1997,5000,100,2026,4,30
노원구,월계동,대동,59.76,13,1997,38000,0,2026,4,25
노원구,월계동,미륭,51.48,3,1986,2000,79,2026,4,6
노원구,월계동,삼호3,59.22,8,1986,5000,85,2026,4,17
노원구,상계동,해링턴플레이스노원센트럴,48.3698,19,2025,6500,92,2026,4,22
노원구,상계동,상계주공3(고층),58.01,12,1987,34000,0,2026,4,16
노원구,중계동,주공5,38.64,7,1992,1000,60,2026,4,18
노원구,하계동,장미(시영6),39.78,9,1989,1000,70,2026,4,20
노원구,공릉동,시영3차(라이프)아파트,34.44,13,1994,21000,0,2026,4,27
노원구,상계동,상계주공9(고층),45.55,13,1988,22050,0,2026,4,15
노원구,상계동,상계주공10(고층),45.9,14,1988,2000,90,2026,4,3
노원구,상계동,은빛2단지,49.77,8,1998,32000,0,2026,4,28
노원구,상계동,비콘드림힐3,84.978,8,2005,53000,0,2026,4,3
노원구,중계동,건영2,84.96,6,1991,22500,100,2026,4,22
노원구,상계동,해링턴플레이스노원센트럴,48.3698,17,2025,13100,69,2026,4,9
노원구,상계동,상계주공11(고층),49.94,7,1988,23000,0,2026,4,25
노원구,상계동,상계주공1(고층),32.39,3,1988,14500,15,2026,4,28
노원구,하계동,하계2현대,84.896,4,1997,63000,0,2026,4,18
노원구,상계동,상계주공6(고층),49.94,6,1988,5000,100,2026,4,15
노원구,상계동,상계주공10(고층),59.39,11,1988,15000,0,2026,4,30
노원구,상계동,포레나노원,59.9866,12,2020,10000,154,2026,4,24
노원구,하계동,벽산,84.85,10,1988,47250,0,2026,4,25
노원구,상계동,상계주공2(고층),32.39,14,1987,100,80,2026,4,8
노원구,월계동,미성,33.28,4,1986,1000,60,2026,4,28
노원구,공릉동,우방아파트,60.502,4,2000,32000,30,2026,4,18
노원구,상계동,벽산,59.9,11,1989,28000,0,2026,4,12
노원구,상계동,상계주공1(고층),32.39,7,1988,1500,65,2026,4,15
노원구,월계동,사슴3,33.18,6,1995,13000,15,2026,4,30
노원구,중계동,청구(366),115.47,10,1993,86000,0,2026,4,4
노원구,상계동,상계주공2(고층),32.39,13,1987,1000,80,2026,4,30
노원구,월계동,삼호3,59.22,4,1986,10000,60,2026,4,30
노원구,월계동,현대,84.98,5,2000,10000,165,2026,4,29
노원구,월계동,롯데캐슬루나,127.0318,2,2006,65000,0,2026,4,28
노원구,중계동,주공5,44.52,5,1992,1000,95,2026,4,28
노원구,중계동,주공5,38.64,1,1992,1000,80,2026,4,24
노원구,월계동,주공2,58.65,1,1992,23000,0,2026,4,11
노원구,공릉동,현대성우아파트,59.98,6,2000,36000,10,2026,4,27
노원구,하계동,장미(시영6),49.75,9,1989,24500,0,2026,4,25
노원구,중계동,동진신안,134.74,12,1993,10000,100,2026,4,29
노원구,공릉동,태강아파트(아이파크),59.38,11,1999,17000,82,2026,4,17
노원구,공릉동,시영3차(라이프)아파트,34.44,13,1994,3000,60,2026,4,30
노원구,월계동,사슴3,49.5,1,1995,27000,0,2026,4,28
노원구,상계동,상계주공10(고층),45.77,8,1988,23000,0,2026,4,16
노원구,하계동,청솔(시영7),39.78,10,1989,17640,18,2026,4,24
노원구,상계동,상계주공10(고층),45.9,12,1988,13000,0,2026,4,18
노원구,상계동,상계주공1(고층),32.39,7,1988,1000,70,2026,4,22
노원구,상계동,"상계주공15(고층,공무원임대)",49.94,11,1988,17103,0,2026,4,29
노원구,월계동,한진한화그랑빌,59.94,13,2002,5000,140,2026,4,30
노원구,상계동,상계주공1(고층),32.39,11,1988,15000,0,2026,4,30
노원구,상계동,"상계주공15(고층,공무원임대)",41.3,9,1988,6945,20,2026,4,30
노원구,상계동,상계주공6(고층),49.94,2,1988,27000,0,2026,4,30
노원구,상계동,상계주공2(고층),41.3,2,1987,17356,0,2026,4,25
노원구,상계동,상계주공4(고층),73.94,2,1988,34500,0,2026,4,30
노원구,상계동,상계주공4(고층),49.94,15,1988,3000,120,2026,4,2
노원구,상계동,수락리버시티3단지,49.93,7,2009,1730,35,2026,4,23
노원구,상계동,상계주공9(고층),58.01,11,1988,5000,85,2026,4,11
노원구,중계동,주공6,44.1,5,1993,2000,100,2026,4,25
노원구,상계동,상계주공7(고층),41.3,8,1988,2000,75,2026,4,30
노원구,공릉동,삼익포레스트아파트,51.03,6,1995,30000,0,2026,4,30
노원구,상계동,보람아파트,54.59,12,1988,5000,97,2026,4,8
노원구,중계동,동도센트리움(601),84.983,4,2005,53500,0,2026,4,29
노원구,상계동,상계주공14(고층),45.9,15,1989,18000,0,2026,4,24
노원구,하계동,하계2현대,75.35,9,1997,55000,0,2026,4,17
노원구,중계동,롯데(505),72.49,6,1989,42000,0,2026,4,30
노원구,공릉동,태강아파트(아이파크),49.6,11,1999,5000,90,2026,4,30
노원구,상계동,상계주공12(고층),49.94,10,1988,10000,0,2026,4,20
노원구,상계동,상계주공7(고층),49.94,13,1988,28000,0,2026,4,30
노원구,상계동,해링턴플레이스노원센트럴,49.2424,20,2025,13400,70,2026,4,30
노원구,하계동,한신동성,138.29,15,1993,80000,0,2026,4,29
노원구,상계동,상계주공7(고층),49.94,14,1988,3000,110,2026,4,2
노원구,중계동,주공2,44.52,4,1992,18900,0,2026,4,30
노원구,상계동,은빛2단지,59.95,8,1998,32000,0,2026,4,30
노원구,하계동,한신1,27,14,1988,13000,0,2026,4,26
노원구,상계동,"상계주공15(고층,공무원임대)",41.3,13,1988,13631,0,2026,4,30
노원구,상계동,은빛2단지,49.77,8,1998,32000,0,2026,4,28
노원구,하계동,청솔(시영7),49.85,12,1989,29000,0,2026,4,3
노원구,하계동,장미(시영6),39.78,5,1989,18900,0,2026,4,5
노원구,월계동,한진한화그랑빌,84.97,16,2002,50000,0,2026,4,29
노원구,상계동,상계주공9(고층),49.94,1,1988,21000,0,2026,4,30
노원구,하계동,현대,84.95,8,1988,5000,143,2026,4,16
노원구,상계동,상계주공3(고층),32.39,10,1987,1000,75,2026,4,20
노원구,월계동,사슴3,39.6,8,1995,3000,70,2026,4,10
노원구,중계동,주공4,59.39,4,1991,37800,0,2026,4,30
노원구,공릉동,건영장미아파트,59.87,8,1999,35700,0,2026,4,30
노원구,월계동,청백3,49.77,10,1998,28000,0,2026,4,29
노원구,월계동,한진한화그랑빌,59.94,6,2002,10000,150,2026,4,29
노원구,월계동,삼호4,59.49,9,1987,27000,0,2026,4,21
노원구,하계동,한신1,35.28,7,1988,25000,0,2026,4,18
노원구,하계동,건영,74.58,3,1988,35000,80,2026,4,30
노원구,중계동,중계그린1단지,49.5,3,1990,26000,0,2026,4,29
노원구,상계동,상계주공11(고층),58.01,5,1988,24000,0,2026,4,18
노원구,중계동,현대(6차),84.98,2,2018,42000,0,2026,4,29
노원구,월계동,주공2,44.52,2,1992,17000,0,2026,4,27
노원구,하계동,연해피빌,21.17,4,2019,1000,57,2026,4,29
노원구,상계동,"상계주공15(고층,공무원임대)",49.94,4,1988,17103,0,2026,4,28
노원구,하계동,장미(시영6),59.22,5,1989,2000,88,2026,4,30
노원구,상계동,상계주공9(고층),49.94,4,1988,34000,0,2026,4,29
노원구,상계동,상계주공14(고층),49.94,14,1989,1000,111,2026,4,24
노원구,중계동,금호타운(583),84.98,5,1997,56000,0,2026,4,26
노원구,하계동,한신1,27,11,1988,13650,0,2026,4,27
노원구,공릉동,태강아파트(아이파크),59.38,4,1999,39900,0,2026,4,22
노원구,상계동,"상계주공15(고층,공무원임대)",49.94,1,1988,15392,0,2026,4,29
노원구,상계동,"상계주공15(고층,공무원임대)",49.94,11,1988,8551,25,2026,4,15
노원구,상계동,"상계주공15(고층,공무원임대)",49.94,14,1988,17103,0,2026,4,15
노원구,상계동,상계주공10(고층),59.39,3,1988,2000,100,2026,4,11
노원구,상계동,청암2단지,49.77,3,2001,28500,0,2026,4,29
노원구,중계동,삼성,114.49,7,1999,70000,0,2026,4,29
노원구,하계동,현대,84.95,2,1988,25000,130,2026,4,29
노원구,상계동,상계주공3(고층),84.2,9,1987,53500,0,2026,4,29
노원구,월계동,주공2,44.52,3,1992,15000,9,2026,4,2
노원구,중계동,한화꿈에그린TheFIRST,59.98,4,2014,35568,0,2026,4,27
노원구,공릉동,공릉행복주택,40.32,14,2019,9200,37,2026,4,29
노원구,월계동,삼호3,59.22,12,1986,26500,0,2026,4,29
노원구,하계동,하계2현대,84.896,1,1997,57750,0,2026,4,11
노원구,중계동,주공5,44.94,13,1992,17325,0,2026,4,29
노원구,월계동,한진한화그랑빌,59.94,9,2002,5000,147,2026,4,29
노원구,상계동,청암1단지,84.8,16,2001,50000,0,2026,4,29
노원구,중계동,중계현대2,71.76,2,1991,31500,0,2026,4,4
노원구,공릉동,공릉행복주택,16.77,7,2019,3600,14,2026,4,29
노원구,상계동,상계대림,59.67,1,1989,29400,0,2026,4,29
노원구,상계동,상계주공13(고층),58.01,11,1989,27000,5,2026,4,20
노원구,상계동,상계주공9(고층),49.94,2,1988,9000,45,2026,4,29
노원구,월계동,월계센트럴아이파크,59.99,24,2020,29000,80,2026,4,29
노원구,상계동,상계주공4(고층),41.3,12,1988,2000,75,2026,4,22
노원구,상계동,상계대림,84.91,11,1989,3000,150,2026,4,11
노원구,상계동,상계주공14(고층),49.94,6,1989,2000,90,2026,4,25
노원구,중계동,주공5,58.46,14,1992,36500,0,2026,4,29
노원구,중계동,건영3,84.9,12,1995,55000,0,2026,4,29
노원구,월계동,미성,50.14,10,1986,21000,0,2026,4,29
노원구,중계동,주공5,44.52,9,1992,23000,0,2026,4,3
노원구,하계동,미성,57.97,1,1989,33000,0,2026,4,29
노원구,월계동,주공2,38.64,9,1992,13800,0,2026,4,29
노원구,상계동,상계주공6(고층),58.01,4,1988,5000,125,2026,4,29
노원구,월계동,미성,50.14,12,1986,17850,0,2026,4,29
노원구,중계동,한화꿈에그린TheFIRST,59.98,1,2014,35568,0,2026,4,28
노원구,중계동,주공4,84.79,10,1991,65000,0,2026,4,10
노원구,상계동,상계주공6(고층),58.01,4,1988,33000,0,2026,4,25
노원구,월계동,한진한화그랑빌,84.97,3,2002,55000,20,2026,4,25
노원구,상계동,벽산,46.8,12,1989,2000,95,2026,4,25
노원구,중계동,주공4,59.39,2,1991,5000,120,2026,4,15
노원구,상계동,상계주공14(고층),45.9,4,1989,20000,0,2026,4,14
노원구,상계동,상계주공9(고층),45.55,9,1988,19950,0,2026,4,28
노원구,상계동,청암1단지,84.8,18,2001,31000,40,2026,4,28
노원구,중계동,라이프,115.65,5,1993,89000,0,2026,4,27
노원구,상계동,극동늘푸른,84.514,1,2000,42000,0,2026,4,28
노원구,월계동,한진한화그랑빌,114.97,1,2002,55000,0,2026,4,28
노원구,상계동,상계주공2(고층),59.28,12,1987,35000,0,2026,4,24
노원구,중계동,주공10,58.14,10,1995,40950,0,2026,4,25
노원구,중계동,신안,59.97,17,1999,50000,0,2026,4,23
노원구,상계동,상계주공7(고층),49.94,1,1988,26000,0,2026,4,23
노원구,중계동,경남,50.97,10,1989,30500,0,2026,4,28
노원구,상계동,상계주공7(고층),49.94,7,1988,5000,120,2026,4,26
노원구,상계동,상계주공3(고층),41.3,4,1987,2000,90,2026,4,28
노원구,하계동,한신2,35.28,9,1988,25000,0,2026,4,25
노원구,공릉동,삼익4단지아파트,59.04,13,1994,38000,0,2026,4,27
노원구,공릉동,공릉행복주택,36.48,7,2019,8400,34,2026,4,28
노원구,중계동,주공4,59.39,10,1991,20000,50,2026,4,28
노원구,공릉동,동신아파트,114.98,5,1999,300,40,2026,4,28
노원구,상계동,상계주공11(고층),60.5,2,1988,9000,100,2026,4,28
노원구,하계동,청구,84.97,1,1988,34000,69,2026,4,27
노원구,상계동,극동늘푸른,59.958,5,2000,500,90,2026,4,27
노원구,상계동,상계주공4(고층),73.94,3,1988,40400,0,2026,4,28
노원구,상계동,상계주공3(고층),84.38,14,1987,19000,110,2026,4,28
노원구,중계동,주공2,44.52,12,1992,200,100,2026,4,17
노원구,상계동,상계주공3(고층),84.38,14,1987,19000,120,2026,4,28
노원구,상계동,상계주공5(저층),31.98,4,1987,11000,0,2026,4,25
노원구,하계동,극동,84.91,2,1988,43000,0,2026,4,25
노원구,중계동,중계그린1단지,49.5,3,1990,30000,15,2026,4,27
노원구,공릉동,풍림아파트A,84.99,19,2001,30000,60,2026,4,24
노원구,상계동,상계주공16(고층),58.01,8,1988,25200,0,2026,4,21
노원구,상계동,중계센트럴파크,49.9,10,2016,2554,46,2026,4,23
노원구,상계동,상계주공3(고층),41.3,4,1987,2000,90,2026,4,28
노원구,월계동,청백4,59.4,10,1998,1000,25,2026,4,28
노원구,상계동,상계주공10(저층),47.34,1,1988,2000,80,2026,4,28
노원구,중계동,성원2,84.78,7,1995,45000,0,2026,4,27
노원구,중계동,청구3,84.77,9,1996,80000,0,2026,4,25
노원구,상계동,상계주공14(고층),45.9,15,1989,18000,0,2026,4,24
노원구,상계동,상계주공1(고층),58.01,14,1988,5000,130,2026,4,25
노원구,상계동,중앙하이츠(5지역),59.99,5,1996,30000,0,2026,4,19
노원구,월계동,삼호3,59.22,4,1986,24675,0,2026,4,11
노원구,월계동,삼호4,50.18,2,1987,32000,0,2026,4,25
노원구,상계동,상계주공14(고층),49.94,13,1989,20000,0,2026,4,28
노원구,중계동,주공5,76.51,13,1992,10000,175,2026,4,28
노원구,월계동,월계흥화브라운빌,84.98,5,2004,33500,0,2026,4,28
노원구,공릉동,테라파크뷰,52.16,6,2022,43000,0,2026,4,28
노원구,공릉동,비선아파트,48.6,6,1999,5000,130,2026,4,23
노원구,공릉동,공릉행복주택,40.32,12,2019,9200,37,2026,4,27
노원구,상계동,상계주공9(고층),45.55,3,1988,1000,69,2026,4,11
노원구,중계동,중계무지개,39.96,6,1991,21000,0,2026,4,28
노원구,상계동,상계주공11(고층),58.01,15,1988,10000,37,2026,4,20
노원구,월계동,청백(774),34.44,3,1998,1013,12,2026,4,28
노원구,월계동,주공2,38.64,15,1992,3000,65,2026,4,23
노원구,하계동,극동,55.72,4,1988,35000,0,2026,4,25
노원구,월계동,삼호3,59.22,4,1986,19400,0,2026,4,28
노원구,상계동,상계주공12(고층),41.3,8,1988,2000,100,2026,4,17
노원구,상계동,상계주공4(고층),32.39,11,1988,500,60,2026,4,20
노원구,상계동,상계주공3(고층),84.38,14,1987,19000,120,2026,4,28
노원구,상계동,상계주공6(고층),41.3,9,1988,2000,90,2026,4,28
노원구,중계동,중계그린1단지,59.22,12,1990,28000,0,2026,4,28
노원구,중계동,중계무지개,49.54,3,1991,35000,0,2026,4,14
노원구,하계동,장미(시영6),39.78,8,1989,2000,84,2026,4,28
노원구,상계동,수락파크빌,84.62,4,2001,60000,0,2026,4,27
노원구,중계동,롯데(505),72.49,4,1989,14000,130,2026,4,27
노원구,월계동,미성,33.28,1,1986,20000,0,2026,4,27
노원구,상계동,상계주공6(고층),58.01,8,1988,3000,92,2026,4,17
노원구,상계동,상계주공2(고층),68.86,2,1987,30000,50,2026,4,25
노원구,상계동,"상계주공15(고층,공무원임대)",49.94,2,1988,5130,35,2026,4,27
노원구,월계동,현대,84.98,3,2000,12000,100,2026,4,25
노원구,하계동,청솔(시영7),59.22,4,1989,35000,35,2026,4,6
노원구,월계동,미성,33.28,3,1986,18000,0,2026,4,25
노원구,월계동,미륭,51.48,12,1986,32000,0,2026,4,25
노원구,중계동,중계무지개,49.54,10,1991,35000,0,2026,4,25
노원구,하계동,한신1,27,5,1988,1000,70,2026,4,25
노원구,월계동,현대,59.95,17,2000,45000,0,2026,4,27
노원구,상계동,벽산,46.8,15,1989,2000,90,2026,4,25
노원구,중계동,청구3,84.77,11,1996,84000,0,2026,4,25
노원구,중계동,중계무지개,49.54,3,1991,2000,120,2026,4,21
노원구,중계동,한화꿈에그린TheFIRST,84.97,7,2014,10000,220,2026,4,25
노원구,하계동,장미(시영6),39.78,1,1989,19950,0,2026,4,25
노원구,상계동,상계주공2(고층),58.01,12,1987,26250,0,2026,4,25
노원구,상계동,해링턴플레이스노원센트럴,49.2103,23,2025,13400,70,2026,4,27
노원구,공릉동,태릉우성아파트,84.97,5,1985,33000,0,2026,4,23
노원구,상계동,상계주공10(고층),49.94,3,1988,10000,40,2026,4,20
노원구,공릉동,삼익2차아파트,54.74,7,2004,27000,0,2026,4,11
노원구,중계동,주공5,44.94,1,1992,16170,0,2026,4,27
노원구,상계동,한양,86.62,10,1988,55000,0,2026,4,25
노원구,월계동,대우,99.98,16,1998,42000,0,2026,4,27
노원구,상계동,상계2차중앙하이츠,59.82,1,1998,33600,0,2026,4,27
노원구,상계동,은빛2단지,49.77,4,1998,25000,0,2026,4,24
노원구,상계동,상계주공11(고층),49.94,12,1988,21945,0,2026,4,26
노원구,상계동,상계주공7(고층),45.77,8,1988,25000,0,2026,4,27
노원구,중계동,현대(6차),59.84,18,2018,38000,0,2026,4,18
노원구,상계동,은빛1단지,59.95,8,1998,29500,0,2026,4,25
노원구,중계동,삼성,59.9,4,1999,30000,0,2026,4,27
노원구,상계동,상계주공13(고층),49.94,3,1989,29500,0,2026,4,27
노원구,공릉동,공릉행복주택,40.32,10,2019,9200,37,2026,4,27
노원구,상계동,상계주공9(고층),58.01,12,1988,32000,0,2026,4,25
노원구,월계동,미륭,51.48,13,1986,5000,80,2026,4,27
노원구,상계동,상계주공6(고층),58.01,4,1988,33000,0,2026,4,25
노원구,상계동,상계주공12(고층),41.3,3,1988,21000,0,2026,4,25
노원구,상계동,상계주공7(고층),49.94,2,1988,26250,0,2026,4,25
노원구,월계동,꿈의숲SKVIEW,59.92,3,2016,42000,0,2026,4,27
노원구,하계동,건영,45.55,3,1988,25000,0,2026,4,25
노원구,상계동,청암2단지,49.77,12,2001,2000,90,2026,4,19
노원구,상계동,상계주공6(고층),58.01,4,1988,24000,0,2026,4,4
노원구,월계동,사슴3,49.5,8,1995,23000,0,2026,4,22
노원구,상계동,포레나노원,84.9014,10,2020,85000,0,2026,4,13
노원구,상계동,상계주공3(고층),58.01,14,1987,27000,0,2026,4,25
노원구,상계동,상계주공14(고층),41.3,4,1989,6500,43,2026,4,11
노원구,공릉동,신도1차아파트,131.7554,4,2002,62000,0,2026,4,22
노원구,하계동,장미(시영6),39.92,9,1989,19100,0,2026,4,25
노원구,상계동,상계주공6(고층),58.01,5,1988,35000,0,2026,4,25
노원구,상계동,보람아파트,68.99,10,1988,8000,125,2026,4,17
노원구,상계동,상계주공14(고층),41.3,5,1989,20000,0,2026,4,27
노원구,상계동,포레나노원,84.9014,19,2020,80000,0,2026,4,25
노원구,상계동,포레나노원,84.9014,11,2020,73500,0,2026,4,25
노원구,상계동,상계주공4(고층),59.28,5,1988,34500,0,2026,4,11
노원구,중계동,양지마을(대림)2,84.88,17,1999,70000,0,2026,4,18
노원구,상계동,해링턴플레이스노원센트럴,23.5668,5,2025,3600,58,2026,4,27
노원구,상계동,상계주공2(고층),59.2,7,1987,5000,66,2026,4,10
노원구,월계동,성원(사슴4),39.6,1,1995,12500,0,2026,4,27
노원구,상계동,상계주공7(고층),49.94,6,1988,31000,0,2026,4,23
노원구,상계동,상계주공3(고층),58.01,3,1987,15000,63,2026,4,21
노원구,월계동,삼호4,59.49,10,1987,35000,0,2026,4,25
노원구,중계동,주공5,38.64,1,1992,3000,70,2026,4,23
노원구,하계동,하계2현대,84.896,7,1997,72000,0,2026,4,18
노원구,하계동,청솔(시영7),49.5,1,1989,29000,0,2026,4,25
노원구,하계동,건영,53.14,1,1988,32000,0,2026,4,25
노원구,중계동,중계무지개,49.89,10,1991,25600,0,2026,4,25
노원구,공릉동,비선아파트,59.74,10,1999,31300,0,2026,4,25
노원구,상계동,상계주공10(저층),47.34,4,1988,27000,0,2026,4,25
노원구,하계동,건영,45.55,3,1988,25000,0,2026,4,25
노원구,상계동,상계주공10(고층),45.77,7,1988,2000,70,2026,4,25
노원구,공릉동,태강아파트(아이파크),49.6,9,1999,29925,0,2026,4,22
노원구,중계동,신안,59.97,7,1999,46500,0,2026,4,24
노원구,중계동,중계그린1단지,49.5,11,1990,35000,0,2026,4,24
노원구,하계동,장미(시영6),59.22,6,1989,30400,0,2026,4,25
노원구,상계동,포레나노원,59.9428,5,2020,62000,0,2026,4,25
노원구,월계동,한진한화그랑빌,59.94,20,2002,45000,0,2026,4,25
노원구,상계동,상계주공1(고층),32.39,7,1988,2000,65,2026,4,18
노원구,상계동,상계1차현대아파트,83.92,2,1993,36750,0,2026,4,25
노원구,상계동,상계주공2(고층),58.01,11,1987,25000,0,2026,4,24
노원구,상계동,상계2차중앙하이츠,84.6,23,1998,45000,50,2026,4,25
노원구,중계동,신동아(366),115.35,3,1993,85000,0,2026,4,24
노원구,월계동,미성,50.14,13,1986,2000,95,2026,4,25
노원구,중계동,중계무지개,49.54,8,1991,25200,0,2026,4,22
노원구,상계동,상계주공14(고층),59.39,3,1989,37000,0,2026,4,24
노원구,월계동,현대,84.98,5,2000,49300,0,2026,4,25
노원구,상계동,"상계주공15(고층,공무원임대)",41.3,4,1988,6815,16,2026,4,20
노원구,공릉동,공릉해링턴플레이스,99.917,13,2000,65000,0,2026,4,18
노원구,상계동,"상계주공15(고층,공무원임대)",49.94,1,1988,12313,7,2026,4,24
노원구,상계동,노원롯데캐슬시그니처,39.038,15,2023,4045,9,2026,4,16
노원구,하계동,한신1,27,8,1988,1000,63,2026,4,25
노원구,상계동,상계주공7(고층),49.94,10,1988,30000,0,2026,4,24
노원구,월계동,한진한화그랑빌,84.97,17,2002,60000,0,2026,4,21
노원구,상계동,상계주공16(고층),45.77,4,1988,22000,0,2026,4,26
노원구,상계동,상계주공11(고층),60.5,3,1988,25000,0,2026,4,25
노원구,월계동,사슴3,33.18,2,1995,14000,0,2026,4,24
노원구,중계동,주공7,44.1,12,1993,19000,0,2026,4,23
노원구,상계동,상계주공6(고층),58.01,4,1988,5000,135,2026,4,24
노원구,상계동,상계주공6(고층),41.3,4,1988,24000,0,2026,4,11
노원구,월계동,삼호3,59.22,13,1986,33000,0,2026,4,24
노원구,상계동,상계2차중앙하이츠,84.6,18,1998,55000,0,2026,4,21
노원구,상계동,상계주공11(고층),68.86,9,1988,42000,0,2026,4,14
노원구,월계동,삼호4,50.18,11,1987,2000,90,2026,4,11
노원구,공릉동,신도1차아파트,72.8129,4,2002,30000,0,2026,4,3
노원구,중계동,중계그린1단지,39.78,4,1990,2000,80,2026,4,24
노원구,상계동,상계주공16(고층),45.77,7,1988,18000,0,2026,4,11
노원구,공릉동,신도1차아파트,81.2768,17,2002,45000,0,2026,4,24
노원구,상계동,상계주공7(고층),45.9,8,1988,24500,0,2026,4,11
노원구,중계동,주공2,44.52,11,1992,25000,0,2026,4,23
노원구,중계동,중계무지개,49.54,9,1991,12000,60,2026,4,23
노원구,하계동,극동,55.72,3,1988,2000,80,2026,4,24
노원구,월계동,한진한화그랑빌,139.08,21,2002,75000,0,2026,4,2
노원구,월계동,청백(774),34.44,9,1998,2284,5,2026,4,24
노원구,상계동,동양엔파트,84.88,17,2003,55000,0,2026,4,23
노원구,상계동,상계주공6(고층),59.2,8,1988,5000,95,2026,4,10
노원구,상계동,상계주공7(고층),45.9,13,1988,25000,0,2026,4,24
노원구,월계동,초안1,39.6,13,1998,210,74,2026,4,18
노원구,상계동,수락리버시티3단지,49.93,7,2009,1730,35,2026,4,22
노원구,중계동,주공7,44.1,8,1993,25000,0,2026,4,15
노원구,중계동,동진,38.79,3,1988,13000,10,2026,4,18
노원구,하계동,미성,118.52,2,1989,60000,0,2026,4,9
노원구,공릉동,태릉해링턴플레이스,74.95,4,2022,64500,0,2026,4,18
노원구,상계동,해링턴플레이스노원센트럴,59.9622,10,2025,17300,89,2026,4,6
노원구,상계동,상계우방유쉘,59.93,6,2000,30000,0,2026,4,24
노원구,중계동,양지마을(대림)2,114.81,7,1999,35000,150,2026,4,22
노원구,상계동,노원센트럴푸르지오,84.994,6,2021,61900,0,2026,4,11
노원구,공릉동,풍림아파트A,84.99,19,2001,30000,60,2026,4,24
노원구,공릉동,한일휴니스빌,20.6853,11,2013,14500,0,2026,4,19
노원구,상계동,상계주공11(고층),49.94,8,1988,23100,0,2026,4,22
노원구,중계동,중계그린1단지,49.5,14,1990,5000,105,2026,4,11
노원구,월계동,현대,59.95,20,2000,5000,180,2026,4,24
노원구,월계동,청백(774),34.44,2,1998,1013,12,2026,4,24
노원구,상계동,상계대림,84.91,2,1989,38800,0,2026,4,5
노원구,상계동,"상계주공15(고층,공무원임대)",41.3,8,1988,13890,0,2026,4,23
노원구,하계동,우성,127.22,12,1988,20000,160,2026,4,23
노원구,중계동,건영3,84.9,9,1995,34000,160,2026,4,22
노원구,상계동,상계주공3(고층),32.39,7,1987,17000,0,2026,4,11
노원구,월계동,청백(774),39.84,6,1998,3507,1,2026,4,24
노원구,월계동,삼호4,59.49,12,1987,17000,0,2026,4,11
노원구,하계동,하계1청구,84.6,11,1997,53000,0,2026,4,15
노원구,공릉동,태강아파트(아이파크),49.6,4,1999,3000,130,2026,4,18
노원구,중계동,금호타운(583),59.52,5,1997,32000,0,2026,4,24
노원구,공릉동,공릉행복주택,19.38,8,2019,4874,7,2026,4,23
노원구,하계동,미성,57.97,7,1989,3000,105,2026,4,23
노원구,상계동,벽산,59.9,4,1989,25200,0,2026,4,15
노원구,월계동,꿈의숲SKVIEW,59.92,16,2016,40000,23,2026,4,8
노원구,하계동,한신1,35.28,8,1988,2000,90,2026,4,18
노원구,상계동,벽산,46.8,3,1989,2000,65,2026,4,23
노원구,월계동,청백(774),34.44,4,1998,1013,12,2026,4,23
노원구,상계동,보람아파트,54.59,3,1988,21000,0,2026,4,23
노원구,하계동,미성,57.97,15,1989,5000,120,2026,4,11
노원구,월계동,청백(774),39.84,1,1998,495,16,2026,4,23
노원구,상계동,수락리버시티3단지,49.93,7,2009,4327,30,2026,4,23
노원구,중계동,상아,51.29,9,1989,3000,140,2026,4,23
노원구,상계동,대림,93.13,13,1988,52500,0,2026,4,23
노원구,상계동,상계주공4(고층),73.94,5,1988,10000,100,2026,4,10
노원구,상계동,상계주공14(고층),45.55,7,1989,0,100,2026,4,22
노원구,상계동,불암현대,84.9,1,1999,4000,140,2026,4,20
노원구,하계동,하계2현대,84.896,8,1997,70000,0,2026,4,18
노원구,상계동,상계주공7(고층),49.94,15,1988,23000,0,2026,4,14
노원구,상계동,상계주공9(고층),45.9,8,1988,2500,83,2026,4,9
노원구,상계동,중계센트럴파크,49.9,10,2016,6385,38,2026,4,23
노원구,공릉동,태릉해링턴플레이스,84.98,16,2022,70000,0,2026,4,23
노원구,상계동,상계주공10(고층),45.9,9,1988,15435,0,2026,4,23
노원구,상계동,상계주공7(고층),49.94,6,1988,31000,0,2026,4,23
노원구,월계동,청백(774),39.84,7,1998,2644,6,2026,4,23
노원구,상계동,벽산,59.9,4,1989,25200,0,2026,4,15
노원구,월계동,청백(774),39.84,15,1998,495,16,2026,4,23
노원구,월계동,청백(774),34.44,6,1998,2284,5,2026,4,23
노원구,월계동,청백(774),39.84,15,1998,495,16,2026,4,23
노원구,하계동,한신1,27,2,1988,1000,85,2026,4,21
노원구,공릉동,한일휴니스빌,15.555,16,2013,1000,60,2026,4,18
노원구,상계동,상계현대3차,84.96,4,1999,30385,48,2026,4,23
노원구,월계동,미륭,51.48,5,1986,2000,100,2026,4,22
노원구,상계동,상계주공6(고층),59.2,9,1988,30000,0,2026,4,14
노원구,중계동,주공5,38.64,14,1992,1000,74,2026,4,18
노원구,중계동,동진,41.85,4,1988,1000,42,2026,4,22
노원구,하계동,하계2현대,84.51,6,1997,61950,0,2026,4,6
노원구,중계동,건영2,84.96,6,1991,22500,100,2026,4,22
노원구,중계동,한화꿈에그린,84.902,11,2005,62000,0,2026,4,21
노원구,상계동,"상계주공15(고층,공무원임대)",49.94,9,1988,17103,0,2026,4,22
노원구,상계동,"상계주공15(고층,공무원임대)",41.3,5,1988,13890,0,2026,4,22
노원구,상계동,"상계주공15(고층,공무원임대)",49.94,12,1988,16846,0,2026,4,22
노원구,중계동,중계무지개,49.54,8,1991,25200,0,2026,4,22
노원구,월계동,동신,71.83,12,1983,1000,60,2026,4,21
노원구,상계동,상계대림e편한세상,83.87,12,2002,15000,110,2026,4,22
노원구,공릉동,태강아파트(아이파크),49.6,6,1999,28000,0,2026,4,20
노원구,상계동,불암현대,84.9,11,1999,34650,0,2026,4,22
노원구,상계동,상계주공2(저층),46.04,1,1987,3000,100,2026,4,2
노원구,중계동,양지마을(대림)2,114.81,19,1999,59000,0,2026,4,22
노원구,중계동,주공6,44.1,7,1993,16270,0,2026,4,18
노원구,상계동,현대2차,69.26,11,1993,31500,0,2026,4,10
노원구,중계동,건영3,84.9,9,1995,34000,160,2026,4,22
노원구,월계동,사슴3,33.18,2,1995,1000,80,2026,4,22
노원구,상계동,상계주공14(저층),84.41,4,1989,40000,0,2026,4,22
노원구,중계동,주공5,84.79,2,1992,65000,0,2026,4,22
노원구,하계동,한신1,35.28,3,1988,1000,80,2026,4,14
노원구,월계동,대우,134.64,5,1998,46000,0,2026,4,11
노원구,상계동,상계주공4(고층),59.2,7,1988,32000,0,2026,4,22
노원구,하계동,현대,84.95,2,1988,25000,130,2026,4,22
노원구,하계동,극동,70.56,3,1988,20000,80,2026,4,10
노원구,월계동,우남푸르미아,84.97,9,2006,33500,0,2026,4,22
노원구,상계동,수락리버시티3단지,49.93,7,2009,4327,30,2026,4,22
노원구,하계동,장미(시영6),39.92,8,1989,2000,79,2026,4,4
노원구,상계동,보람아파트,44.33,10,1988,19950,0,2026,4,20
노원구,공릉동,청솔아파트9,84.85,1,2000,39000,20,2026,4,17
노원구,상계동,상계주공2(고층),37.46,3,1987,300,80,2026,4,15
노원구,상계동,중계센트럴파크,49.9,10,2016,6385,38,2026,4,22
노원구,공릉동,태릉해링턴플레이스,74.95,22,2022,30000,115,2026,4,11
노원구,상계동,상계주공6(고층),58.01,12,1988,30000,0,2026,4,4
노원구,상계동,중계센트럴파크,49.9,6,2016,6385,38,2026,4,22
노원구,상계동,상계주공4(고층),73.94,14,1988,34500,0,2026,4,22
노원구,월계동,미륭,51.48,5,1986,25000,0,2026,4,18
노원구,상계동,상계주공7(고층),45.9,3,1988,2000,100,2026,4,8
노원구,중계동,주공5,44.94,1,1992,11400,19,2026,4,18
노원구,상계동,미라보(성림),60,7,2006,26000,0,2026,4,11
노원구,상계동,상계주공16(고층),45.77,1,1988,17000,0,2026,4,21
노원구,상계동,한신3차,84.59,13,1990,39000,5,2026,4,11
노원구,상계동,상계주공16(고층),59.39,1,1988,8000,105,2026,4,18
노원구,상계동,은빛1단지,49.77,9,1998,24500,0,2026,4,22
노원구,상계동,수락리버시티4단지,84.96,7,2009,42000,0,2026,4,22
노원구,상계동,은빛2단지,59.95,14,1998,32000,0,2026,4,22
노원구,상계동,상계주공1(고층),58.01,14,1988,28350,0,2026,4,20
노원구,상계동,상계주공14(고층),45.9,11,1989,18000,0,2026,4,22
노원구,중계동,주공2,44.52,5,1992,2000,95,2026,4,13
노원구,중계동,주공6,44.1,10,1993,2000,90,2026,4,13
노원구,하계동,벽산,57.71,5,1988,28350,0,2026,4,14
노원구,상계동,은빛2단지,49.77,14,1998,3000,84,2026,4,18
노원구,상계동,상계주공16(고층),58.01,6,1988,2000,79,2026,4,18
노원구,상계동,상계주공10(고층),61.52,6,1988,35000,0,2026,4,21
노원구,월계동,미륭,51.48,1,1986,18500,0,2026,4,13
노원구,상계동,상계주공12(고층),41.3,12,1988,21000,0,2026,4,21
노원구,상계동,상계주공10(고층),59.39,15,1988,5000,110,2026,4,21
노원구,중계동,주공6,44.1,1,1993,22000,0,2026,4,14
노원구,중계동,주공4,59.39,7,1991,35000,0,2026,4,18
노원구,월계동,주공2,44.52,2,1992,2000,80,2026,4,20
노원구,상계동,상계주공6(고층),58.01,5,1988,25000,0,2026,4,21
노원구,상계동,상계주공7(고층),41.3,12,1988,16800,0,2026,4,20
노원구,공릉동,삼익2차아파트,83.409,13,2004,5000,160,2026,4,18
노원구,공릉동,공릉아파트,39.84,3,1999,3489,8,2026,4,21
노원구,중계동,양지마을(대림)2,84.84,23,1999,28000,170,2026,4,16
노원구,상계동,상계주공16(고층),45.77,12,1988,23000,0,2026,4,15
노원구,상계동,은빛1단지,39.69,14,1998,24000,0,2026,4,21
노원구,공릉동,비선아파트,48.6,11,1999,30000,0,2026,4,1
노원구,월계동,삼호3,59.22,2,1986,22000,0,2026,4,18
노원구,상계동,은빛1단지,59.95,3,1998,3000,120,2026,4,20
노원구,상계동,상계주공4(고층),59.39,12,1988,3000,120,2026,4,1
노원구,상계동,노원센트럴푸르지오,59.996,18,2021,50000,0,2026,4,18
노원구,상계동,"상계주공15(고층,공무원임대)",41.3,10,1988,11112,8,2026,4,21
노원구,상계동,상계주공12(고층),58.01,12,1988,22000,0,2026,4,21
노원구,상계동,상계주공10(저층),54.54,4,1988,2000,90,2026,4,21
노원구,중계동,건영3,84.9,2,1995,73000,0,2026,4,17
노원구,중계동,주공8,49.72,3,1993,28350,0,2026,4,18
노원구,중계동,청구3,84.77,15,1996,83000,0,2026,4,20
노원구,상계동,한신4차,84.84,11,1995,27000,30,2026,4,10
노원구,상계동,수락리버시티4단지,39.81,7,2009,5255,10,2026,4,21
노원구,상계동,수락리버시티3단지,49.93,11,2009,4327,30,2026,4,21
노원구,상계동,상계주공9(고층),61.52,15,1988,23000,0,2026,4,17
노원구,중계동,건영3,84.9,1,1995,79000,0,2026,4,20
노원구,상계동,상계주공12(고층),66.56,10,1988,36750,0,2026,4,20
노원구,공릉동,시영3차(라이프)아파트,39.6,4,1994,17000,35,2026,4,18
노원구,월계동,미성,50.14,10,1986,26250,0,2026,4,18
노원구,중계동,주공7,44.1,13,1993,1000,85,2026,4,14
노원구,상계동,상계주공1(고층),58.01,12,1988,24000,0,2026,4,11
노원구,상계동,"상계주공15(고층,공무원임대)",49.94,6,1988,11972,15,2026,4,21
노원구,상계동,수락리버시티3단지,49.93,6,2009,3102,32,2026,4,21
노원구,상계동,"상계주공15(고층,공무원임대)",41.3,11,1988,13890,0,2026,4,20
노원구,하계동,극동,55.72,15,1988,25400,0,2026,4,20
노원구,상계동,상계주공16(고층),58.01,14,1988,27300,0,2026,4,17
노원구,공릉동,시영3차(라이프)아파트,49.5,7,1994,22000,0,2026,4,18
노원구,상계동,수락리버시티4단지,84.69,10,2009,30000,70,2026,4,20
노원구,하계동,장미(시영6),49.5,3,1989,23000,20,2026,4,18
노원구,상계동,노원센트럴푸르지오,48.373,9,2021,42000,0,2026,4,20
노원구,상계동,"상계주공15(고층,공무원임대)",41.3,12,1988,9541,9,2026,4,20
노원구,월계동,초안1,59.85,2,1998,25000,0,2026,4,20
노원구,상계동,상계2차중앙하이츠,59.82,25,1998,35500,10,2026,4,3
노원구,상계동,상계주공2(고층),58.01,6,1987,30975,0,2026,4,20
노원구,상계동,두산,51.66,12,1994,30970,0,2026,4,17
노원구,중계동,청구3,84.77,11,1996,83000,0,2026,4,18
노원구,상계동,상계주공12(고층),49.94,1,1988,35000,0,2026,4,20
노원구,상계동,상계주공9(고층),49.94,6,1988,30000,0,2026,4,11
노원구,상계동,상계주공2(저층),71.89,2,1987,25000,50,2026,4,11
노원구,공릉동,비선아파트,48.6,15,1999,5000,130,2026,4,18
노원구,공릉동,시영2단지(라이프)아파트,34.44,7,1994,21000,0,2026,4,20
노원구,월계동,미륭,51.48,10,1986,4000,90,2026,4,11
노원구,하계동,극동,55.72,6,1988,27000,24,2026,4,11
노원구,월계동,한진한화그랑빌,59.94,10,2002,34650,23,2026,4,17
노원구,상계동,상계주공7(고층),49.94,5,1988,21987,0,2026,4,18
노원구,상계동,상계주공13(고층),58.01,5,1989,30000,0,2026,4,6
노원구,상계동,상계주공4(고층),41.3,1,1988,3000,90,2026,4,2
노원구,상계동,불암현대,84.9,22,1999,50000,0,2026,4,18
노원구,상계동,상계주공4(고층),32.39,11,1988,3000,65,2026,4,7
노원구,상계동,상계주공9(고층),49.94,9,1988,25725,0,2026,4,18
노원구,상계동,청암2단지,59.4,8,2001,29500,0,2026,4,7
노원구,상계동,상계주공6(고층),58.01,12,1988,34000,0,2026,4,18
노원구,월계동,유원,59.93,16,1998,28000,0,2026,4,17
노원구,공릉동,청솔아파트8,84.83,7,2000,50000,0,2026,4,18
노원구,상계동,상계주공3(고층),58.01,10,1987,5000,140,2026,4,17
노원구,상계동,상계주공16(고층),79.07,10,1988,15000,130,2026,4,19
노원구,상계동,상계현대3차,84.96,10,1999,42000,0,2026,4,18
노원구,상계동,상계주공16(고층),59.39,1,1988,27000,0,2026,4,20
노원구,상계동,"상계주공15(고층,공무원임대)",41.3,1,1988,12501,0,2026,4,20
노원구,월계동,미성,50.14,12,1986,2000,95,2026,4,20
노원구,상계동,은빛2단지,49.77,4,1998,30000,0,2026,4,18
노원구,중계동,성원1,84.78,4,1996,58800,0,2026,4,18
노원구,상계동,"상계주공15(고층,공무원임대)",49.94,11,1988,17103,0,2026,4,20
노원구,상계동,상계주공16(고층),59.39,12,1988,33000,0,2026,4,13
노원구,공릉동,태릉해링턴플레이스,59.98,22,2022,49000,0,2026,4,19
노원구,중계동,현대그린,84.99,2,1998,47000,0,2026,4,17
노원구,상계동,상계주공9(고층),66.56,3,1988,36225,0,2026,4,18
노원구,중계동,중계그린1단지,49.5,2,1990,26770,0,2026,4,11
노원구,월계동,미륭,51.48,6,1986,21000,0,2026,4,18
노원구,월계동,미성,33.28,1,1986,2000,70,2026,4,18
노원구,중계동,건영3,84.9,6,1995,80000,0,2026,4,13
노원구,중계동,중계그린1단지,49.5,7,1990,21994,0,2026,4,18
노원구,상계동,상계주공3(고층),68.86,12,1987,10000,125,2026,4,16
노원구,중계동,건영3,84.9,1,1995,10000,250,2026,4,10
노원구,상계동,상계주공9(고층),58.01,4,1988,30000,0,2026,4,16
노원구,상계동,상계주공12(고층),61.52,8,1988,31000,0,2026,4,18
노원구,상계동,상계주공2(고층),58.01,11,1987,25000,0,2026,4,19
노원구,공릉동,화랑대디오베이션,59.9883,6,2021,49000,0,2026,4,18
노원구,상계동,상계주공9(고층),41.3,2,1988,2000,90,2026,4,18
노원구,월계동,주공2,44.52,15,1992,1000,85,2026,4,18
노원구,상계동,한신3차,84.59,5,1990,42000,0,2026,4,16
노원구,상계동,상계주공6(고층),41.3,10,1988,25000,0,2026,4,18
노원구,공릉동,시영3차(라이프)아파트,34.44,9,1994,2000,65,2026,4,6
노원구,공릉동,태릉해링턴플레이스,84.98,6,2022,66000,0,2026,4,4
노원구,상계동,상계주공10(고층),45.9,9,1988,21000,0,2026,4,18
노원구,상계동,상계주공10(고층),49.94,2,1988,32000,0,2026,4,18
노원구,상계동,노원IPARK,110.17,5,2009,46000,0,2026,4,18
노원구,월계동,미성,50.14,10,1986,3000,120,2026,4,16
노원구,중계동,청구3,84.77,4,1996,68000,0,2026,4,17
노원구,상계동,불암현대아파트(106동),27,2,1999,889,14,2026,4,17
노원구,공릉동,태강아파트(아이파크),49.6,6,1999,3000,125,2026,4,17
노원구,월계동,미성,33.28,2,1986,1000,75,2026,4,17
노원구,상계동,상계주공16(고층),58.01,14,1988,27300,0,2026,4,17
노원구,상계동,상계주공4(고층),59.39,3,1988,25000,0,2026,4,17
노원구,월계동,주공2,38.64,15,1992,19000,0,2026,4,16
노원구,공릉동,대동아파트,59.83,7,1999,30000,15,2026,4,4
노원구,월계동,녹천역두산위브아파트,84.9343,4,2017,55000,0,2026,4,16
노원구,상계동,해링턴플레이스노원센트럴,48.3698,10,2025,13100,69,2026,4,3
노원구,하계동,삼익선경,134.19,7,1993,63000,0,2026,4,11
노원구,하계동,한신1,27,5,1988,1000,65,2026,4,2
노원구,상계동,동아불암,59.4,10,1999,30000,0,2026,4,17
노원구,월계동,삼호3,59.22,4,1986,2000,115,2026,4,10
노원구,월계동,현대,59.95,22,2000,45000,0,2026,4,16
노원구,공릉동,현대성우아파트,84.96,18,2000,42000,30,2026,4,15
노원구,상계동,보람아파트,44.33,6,1988,24000,0,2026,4,17
노원구,중계동,주공6,44.1,7,1993,3000,100,2026,4,17
노원구,하계동,건영,74.58,4,1988,40000,0,2026,4,16
노원구,상계동,상계주공12(고층),49.94,11,1988,2000,84,2026,4,15
노원구,상계동,상계주공1(저층),84.41,3,1988,43000,0,2026,4,17
노원구,하계동,청구,84.97,5,1988,50000,0,2026,4,11
노원구,월계동,미륭,51.48,3,1986,2000,89,2026,4,15
노원구,상계동,"상계주공15(고층,공무원임대)",41.3,8,1988,13890,0,2026,4,16
노원구,상계동,"상계주공15(고층,공무원임대)",41.3,13,1988,13890,0,2026,4,16
노원구,월계동,성원(사슴4),49.92,6,1995,18000,0,2026,4,13
노원구,하계동,학여울청구118동(356),32.76,7,2002,908,14,2026,4,17
노원구,상계동,상계주공7(고층),45.9,11,1988,2750,64,2026,4,16
노원구,상계동,수락리버시티4단지,59.9,8,2009,34000,0,2026,4,16
노원구,중계동,주공5,44.52,8,1992,1000,75,2026,4,16
노원구,월계동,미성,50.14,12,1986,3000,107,2026,4,16
노원구,중계동,주공6,44.1,6,1993,2000,80,2026,4,16
노원구,하계동,청솔(시영7),39.92,5,1989,23000,0,2026,4,6
노원구,상계동,동아불암,84.9,2,1999,42000,0,2026,4,7
노원구,상계동,노원현대,84.78,11,1997,40000,0,2026,4,3
노원구,상계동,상계주공7(고층),59.39,1,1988,3000,130,2026,4,16
노원구,상계동,상계주공7(고층),58.01,2,1988,30000,0,2026,4,13
노원구,상계동,수락리버시티4단지,39.81,8,2009,5255,10,2026,4,16
노원구,중계동,주공4,59.39,5,1991,29000,0,2026,4,16
노원구,중계동,주공2,44.52,10,1992,25000,0,2026,4,14
노원구,상계동,상계주공11(고층),79.07,6,1988,10000,100,2026,4,4
노원구,월계동,한진한화그랑빌,139.08,4,2002,59000,0,2026,4,7
노원구,공릉동,태강아파트(아이파크),49.6,13,1999,35000,0,2026,4,14
노원구,상계동,상계주공5(저층),31.98,3,1987,1000,50,2026,4,16
노원구,상계동,"상계주공15(고층,공무원임대)",49.94,2,1988,17103,0,2026,4,16
노원구,상계동,소담빌,14.65,9,2014,11000,0,2026,4,15
노원구,월계동,주공2,58.65,11,1992,19000,0,2026,4,16
노원구,상계동,상계주공6(고층),49.94,2,1988,30000,0,2026,4,8
노원구,월계동,미성,33.28,4,1986,1000,55,2026,4,16
노원구,중계동,주공5,44.52,2,1992,1000,110,2026,4,12
노원구,상계동,상계주공5(저층),31.98,1,1987,1000,50,2026,4,11
노원구,상계동,상계주공4(고층),49.94,9,1988,28000,0,2026,4,15
노원구,상계동,상계주공6(고층),38,7,1988,2000,85,2026,4,11
노원구,월계동,미성,33.28,2,1986,11500,0,2026,4,15
노원구,상계동,수락리버시티4단지,84.81,6,2009,45000,0,2026,4,15
노원구,중계동,중계무지개,49.54,13,1991,2000,120,2026,4,8
노원구,상계동,상계주공6(고층),49.94,13,1988,24150,0,2026,4,16
노원구,상계동,수락리버시티4단지,39.81,2,2009,2968,23,2026,4,16
노원구,상계동,"상계주공15(고층,공무원임대)",49.94,3,1988,17103,0,2026,4,15
노원구,상계동,"상계주공15(고층,공무원임대)",41.3,15,1988,2778,32,2026,4,15
노원구,상계동,상계주공7(고층),49.94,3,1988,28350,0,2026,4,14
노원구,월계동,월계센트럴아이파크,84.99,10,2020,55650,0,2026,4,14
노원구,상계동,상계주공3(고층),38,3,1987,2000,48,2026,4,15
노원구,중계동,주공7,44.1,14,1993,18000,20,2026,4,15
노원구,상계동,상계주공9(고층),49.94,9,1988,32000,0,2026,4,14
노원구,상계동,"상계주공15(고층,공무원임대)",41.3,4,1988,10904,6,2026,4,3
노원구,상계동,"상계주공15(고층,공무원임대)",49.94,5,1988,17103,0,2026,4,15
노원구,월계동,삼호3,59.22,11,1986,31000,0,2026,4,15
노원구,중계동,중계그린1단지,39.78,10,1990,2000,85,2026,4,14
노원구,중계동,경남,50.97,10,1989,29400,0,2026,4,15
노원구,공릉동,진명비베레,13.0588,1,2012,500,45,2026,4,15
노원구,상계동,노원센트럴푸르지오,84.994,2,2021,58000,0,2026,4,8
노원구,공릉동,윤탁노블레스,84.96,6,2004,20000,64,2026,4,8
노원구,중계동,주공5,84.79,7,1992,64000,0,2026,4,15
노원구,월계동,꿈의숲SKVIEW,84.96,5,2016,49350,0,2026,4,11
노원구,상계동,상계주공10(고층),58.01,12,1988,26250,0,2026,4,11
노원구,월계동,청백4,39.84,5,1998,19000,0,2026,4,8
노원구,공릉동,공릉우성아파트,59.26,12,1995,5000,100,2026,4,15
노원구,공릉동,대동아파트,59.83,12,1999,38000,0,2026,4,15
노원구,상계동,상계주공16(고층),58.01,3,1988,33000,0,2026,4,15
노원구,상계동,포레나노원,74.9561,1,2020,31500,136,2026,4,15
노원구,월계동,청백4,39.84,15,1998,17850,0,2026,4,15
노원구,월계동,삼호4,50.18,7,1987,20000,35,2026,4,8
노원구,공릉동,태릉입구역청년주택YNTOWER,16.3,15,2021,5400,44,2026,4,15
노원구,하계동,한신1,35.28,5,1988,22000,0,2026,4,9
노원구,상계동,중앙하이츠(5지역),59.99,7,1996,30000,0,2026,4,14
노원구,월계동,우남그랜드,84.73,6,2001,45000,0,2026,4,14
노원구,공릉동,태릉우성아파트,66.87,5,1985,30000,15,2026,4,2
노원구,월계동,초안2,59.85,1,1997,28000,0,2026,4,14
노원구,하계동,학여울청구118동(356),32.76,8,2002,3311,4,2026,4,15
노원구,하계동,장미(시영6),49.5,13,1989,1000,85,2026,4,15
노원구,상계동,상계주공6(고층),59.2,3,1988,30000,0,2026,4,13
노원구,상계동,해링턴플레이스노원센트럴,59.9622,22,2025,17300,89,2026,4,15
노원구,중계동,주공6,44.1,5,1993,1000,100,2026,4,14
노원구,중계동,주공5,38.64,8,1992,23000,0,2026,4,11
노원구,상계동,"상계주공15(고층,공무원임대)",41.3,4,1988,2778,32,2026,4,14
노원구,중계동,청구(366),115.47,10,1993,100000,0,2026,4,15
노원구,상계동,상계주공10(고층),49.94,3,1988,21650,0,2026,4,14
노원구,하계동,청솔(시영7),59.7,5,1989,33000,0,2026,4,8
노원구,상계동,상계주공5(저층),31.98,1,1987,1000,60,2026,4,13
노원구,상계동,"상계주공15(고층,공무원임대)",41.3,7,1988,13890,0,2026,4,14
노원구,월계동,성북역신도브래뉴,84.8437,7,2005,45000,0,2026,4,14
노원구,중계동,중계무지개,39.82,4,1991,22000,0,2026,4,11
노원구,중계동,주공7,44.1,1,1993,3000,80,2026,4,11
노원구,상계동,상계주공6(고층),58.01,5,1988,5000,130,2026,4,13
노원구,상계동,상계주공2(고층),60.5,3,1987,28000,0,2026,4,11
노원구,상계동,상계주공6(고층),49.94,13,1988,23100,0,2026,4,9
노원구,중계동,중계그린1단지,49.5,5,1990,25000,25,2026,4,14
노원구,월계동,미성,50.14,14,1986,2000,90,2026,4,13
노원구,상계동,상계주공9(고층),41.3,10,1988,20000,0,2026,4,14
노원구,상계동,보람아파트,54.59,12,1988,28300,0,2026,4,14
노원구,상계동,"상계주공15(고층,공무원임대)",41.3,10,1988,6945,20,2026,4,14
노원구,상계동,상계주공16(고층),45.77,7,1988,18000,0,2026,4,11
노원구,하계동,극동,84.91,9,1988,50000,0,2026,4,3
노원구,상계동,해링턴플레이스노원센트럴,48.3698,22,2025,13100,69,2026,4,14
노원구,공릉동,시영3차(라이프)아파트,49.5,1,1994,24000,0,2026,4,10
노원구,상계동,상계주공2(고층),58.01,6,1987,34000,0,2026,4,11
노원구,상계동,상계주공4(고층),41.3,5,1988,1000,90,2026,4,9
노원구,상계동,해링턴플레이스노원센트럴,59.7419,10,2025,17300,89,2026,4,14
노원구,하계동,하계2현대,75.35,14,1997,10000,150,2026,4,14
노원구,상계동,상계1차중앙하이츠,134.97,3,1997,20000,150,2026,4,13
노원구,하계동,학여울청구118동(356),32.76,12,2002,3016,8,2026,4,14
노원구,중계동,중계무지개,49.89,7,1991,3000,66,2026,4,14
노원구,하계동,노원에너지제로주택,59.78,1,2017,15939,22,2026,4,14
노원구,월계동,대동,59.76,14,1997,30000,40,2026,4,11
노원구,월계동,한진한화그랑빌,59.94,25,2002,47250,0,2026,4,10
노원구,상계동,상계주공10(고층),59.39,13,1988,23000,30,2026,4,14
노원구,월계동,미성,50.14,2,1986,30000,0,2026,4,4
노원구,월계동,삼호4,50.18,1,1987,15750,0,2026,4,14
노원구,중계동,신안,84.93,1,1999,30000,45,2026,4,3
노원구,상계동,"상계주공15(고층,공무원임대)",41.3,9,1988,9723,12,2026,4,14
노원구,하계동,벽산,57.71,3,1988,3000,130,2026,4,9
노원구,상계동,벽산,46.8,13,1989,14000,40,2026,4,14
노원구,상계동,벽산,43.35,3,1989,23000,0,2026,4,7
노원구,중계동,주공5,84.79,6,1992,75000,0,2026,4,13
노원구,상계동,보람아파트,44.33,6,1988,3000,75,2026,4,8
노원구,상계동,상계주공1(고층),41.3,4,1988,23000,0,2026,4,13
노원구,공릉동,시영2단지(라이프)아파트,39.6,10,1994,2000,75,2026,4,14
노원구,상계동,"상계주공15(고층,공무원임대)",41.3,13,1988,2778,32,2026,4,13
노원구,상계동,대동황토방,60,7,2001,35000,0,2026,4,14
노원구,상계동,"상계주공15(고층,공무원임대)",49.94,2,1988,17103,0,2026,4,14
노원구,상계동,상계2차중앙하이츠,59.82,7,1998,17000,95,2026,4,13
노원구,상계동,상계주공7(고층),45.55,14,1988,27000,0,2026,4,3
노원구,중계동,현대(6차),59.84,4,2018,42200,0,2026,4,10
노원구,중계동,중계무지개,39.96,9,1991,1000,95,2026,4,4
노원구,상계동,"상계주공15(고층,공무원임대)",41.3,1,1988,12501,0,2026,4,13
노원구,상계동,상계주공2(고층),58.01,13,1987,32000,0,2026,4,12
노원구,상계동,은빛2단지,39.69,5,1998,20000,0,2026,4,8
노원구,월계동,미성,50.14,2,1986,2000,62,2026,4,13
노원구,상계동,상계주공6(고층),32.39,9,1988,1000,62,2026,4,10
노원구,상계동,상계주공7(고층),49.94,15,1988,19950,0,2026,4,11
노원구,상계동,우림루미아트201동,84.569,6,2004,45150,0,2026,4,11
노원구,상계동,상계주공4(고층),58.01,15,1988,23000,0,2026,4,11
노원구,상계동,두산,51.66,8,1994,5000,75,2026,4,1
노원구,중계동,주공5,38.64,2,1992,1000,73,2026,4,13
노원구,상계동,상계주공7(고층),41.3,2,1988,5000,75,2026,4,13
노원구,월계동,미성,33.28,4,1986,13000,10,2026,4,9
노원구,하계동,장미(시영6),39.78,4,1989,1000,80,2026,4,8
노원구,하계동,미성,84.94,9,1989,46000,0,2026,4,13
노원구,중계동,중계3단지주공영구임대,26.37,5,1991,1325,17,2026,4,10
노원구,공릉동,태강아파트(아이파크),49.6,7,1999,37000,0,2026,4,10
노원구,공릉동,두산힐스빌아파트,60,15,2000,43000,0,2026,4,11
노원구,상계동,상계주공1(고층),41.3,5,1988,21000,0,2026,4,13
노원구,상계동,포레나노원,84.9014,4,2020,80000,0,2026,4,13
노원구,월계동,롯데캐슬루나,84.9852,10,2006,5000,225,2026,4,13
노원구,공릉동,우방아파트,60.502,10,2000,0,38,2026,4,10
노원구,월계동,주공2,38.64,15,1992,1000,65,2026,4,12
노원구,중계동,주공5,44.52,10,1992,2000,70,2026,4,13
노원구,중계동,금호타운(583),59.52,2,1997,32500,0,2026,4,11
노원구,상계동,상계주공10(고층),59.39,2,1988,26000,0,2026,4,13
노원구,상계동,상계주공4(고층),41.3,6,1988,1000,79,2026,4,11
노원구,월계동,미성,50.14,7,1986,16800,3,2026,4,11
노원구,공릉동,태강아파트(아이파크),49.6,6,1999,35000,0,2026,4,11
노원구,상계동,상계주공10(고층),59.2,12,1988,22000,0,2026,4,13
노원구,하계동,건영,74.58,7,1988,40000,0,2026,4,11
노원구,상계동,노원롯데캐슬시그니처,52.873,8,2023,5621,9,2026,4,13
노원구,상계동,노원센트럴푸르지오,84.999,2,2021,66000,0,2026,4,11
노원구,공릉동,시영2단지(라이프)아파트,39.6,11,1994,3000,68,2026,4,13
노원구,상계동,상계주공16(고층),59.39,4,1988,27500,0,2026,4,13
노원구,상계동,상계주공9(고층),61.52,2,1988,23000,0,2026,4,11
노원구,월계동,한진한화그랑빌,84.97,19,2002,5000,139,2026,4,1
노원구,상계동,상계주공3(고층),32.39,7,1987,17000,0,2026,4,11
노원구,상계동,해링턴플레이스노원센트럴,59.9622,20,2025,8600,119,2026,4,13
노원구,중계동,주공5,58.46,4,1992,43000,0,2026,4,11
노원구,하계동,하계2현대,84.896,15,1997,56600,0,2026,4,11
노원구,상계동,상계주공6(고층),58.01,7,1988,31000,0,2026,4,10
노원구,공릉동,풍림아파트A,84.99,15,2001,40000,50,2026,4,11
노원구,공릉동,화랑해링턴플레이스아파트,59.84,3,1999,38000,0,2026,4,11
노원구,하계동,학여울청구,113.51,10,1999,52500,0,2026,4,11
노원구,월계동,장은하이빌,81.8788,6,2002,20000,100,2026,4,4
노원구,하계동,건영,65.43,8,1988,42000,0,2026,4,11
노원구,하계동,한신동성,112.24,10,1993,57750,0,2026,4,13
노원구,상계동,"상계주공15(고층,공무원임대)",49.94,2,1988,17103,0,2026,4,2
노원구,중계동,롯데(505),84.97,11,1989,10000,160,2026,4,1
노원구,상계동,상계주공9(고층),49.94,15,1988,25000,0,2026,4,13
노원구,상계동,"상계주공15(고층,공무원임대)",49.94,6,1988,17103,0,2026,4,13
노원구,상계동,중계센트럴파크,84.53,8,2016,58590,0,2026,4,11
노원구,중계동,주공8,49.72,14,1993,33000,0,2026,4,11
노원구,월계동,꿈의숲SKVIEW,59.96,2,2016,44100,0,2026,4,13
은평구,갈현동,대한웰빙홈,15.54,10,2018,13900,13,2026,4,3
은평구,응암동,녹번역센트레빌,84.9,17,2013,50935,0,2026,4,25
은평구,불광동,라이프미성,84.65,7,1988,39500,0,2026,4,3
은평구,응암동,녹번역e편한세상캐슬,59.97,2,2021,59850,0,2026,4,25
은평구,수색동,e편한세상 수색 에코포레,114.18,12,2003,65000,0,2026,4,15
은평구,응암동,백련산파크자이,59.789,3,2021,52500,0,2026,4,20
은평구,증산동,DMC우방,59.91,19,2000,49000,0,2026,4,17
은평구,진관동,박석고개1단지힐스테이트(116~131동)BL2-1,59.63,7,2009,57000,0,2026,4,13
은평구,녹번동,힐스테이트녹번,84.9,18,2019,30000,150,2026,4,10
은평구,응암동,녹번역e편한세상캐슬,59.97,23,2021,51700,0,2026,4,7
은평구,신사동,신성,61.32,13,1988,24500,0,2026,4,4
은평구,수색동,DMC롯데캐슬더퍼스트,84.93,16,2021,54000,0,2026,4,7
은평구,수색동,DMC파인시티자이,43.69,9,2025,3455,21,2026,4,6
은평구,응암동,백련산에스케이뷰아이파크,59.8545,9,2020,57750,0,2026,4,5
은평구,불광동,라이프미성,84.65,7,1988,39500,0,2026,4,3
은평구,진관동,구파발9단지래미안(901~915동)임대BL3-3,59.87,11,2010,2256,43,2026,4,22
은평구,응암동,녹번역e편한세상캐슬,59.96,5,2021,65000,0,2026,4,11
은평구,진관동,상림마을8단지롯데캐슬(810~820동)BL1-1,39.83,2,2008,5337,9,2026,4,22
은평구,진관동,폭포동4단지힐스테이트(408~422동)BL3-9,101.9,4,2010,65000,0,2026,4,1
은평구,진관동,구파발9단지래미안(901~915동)임대BL3-3,39.96,8,2010,1288,29,2026,4,22
은평구,불광동,북한산현대힐스테이트3차아파트,59.99,14,2010,30000,80,2026,4,8
은평구,응암동,신동아,52.71,5,1990,33000,0,2026,4,11
은평구,응암동,녹번역e편한세상캐슬,59.96,3,2021,25000,160,2026,4,18
은평구,불광동,북한산대창센시티,59.85,10,2004,34100,0,2026,4,11
은평구,불광동,삼익(217-9),84.71,14,1992,10000,125,2026,4,24
은평구,녹번동,래미안베라힐즈,84.98,1,2019,60000,70,2026,4,20
은평구,진관동,상림마을7단지아이파크(706~708동)BL1-3,59.8,4,2008,10251,15,2026,4,22
은평구,진관동,구파발9단지래미안(901~915동)임대BL3-3,59.91,9,2010,7820,24,2026,4,22
은평구,응암동,드림타워녹번역,64.42,4,2026,45000,0,2026,4,25
은평구,불광동,불광롯데캐슬,84.99,9,2018,68000,0,2026,4,1
은평구,진관동,폭포동4단지힐스테이트(408~422동)BL3-9,166.96,5,2010,84000,0,2026,4,4
은평구,진관동,구파발10단지어울림(1020~1028동)임대BL3-5,39.83,2,2012,3093,0,2026,4,22
은평구,대조동,나이스홈,29.98,11,2012,2000,90,2026,4,25
은평구,구산동,구산주택,17.6,4,2022,4800,32,2026,4,3
은평구,증산동,DMC센트럴자이(3단지),84.85,26,2023,85000,0,2026,4,25
은평구,진관동,폭포동4단지힐스테이트(408~422동)BL3-9,166.96,3,2010,90000,0,2026,4,24
은평구,진관동,상림마을8단지롯데캐슬(810~820동)BL1-1,39.83,6,2008,5337,9,2026,4,22
은평구,응암동,녹번역e편한세상캐슬,44.85,13,2021,51000,0,2026,4,30
은평구,대조동,뉴캐슬,15.16,9,2013,8500,0,2026,4,28
은평구,진관동,상림마을7단지아이파크(713~718동)BL1-11,39.83,4,2008,1193,26,2026,4,23
은평구,응암동,녹번역e편한세상캐슬,84.98,4,2021,80000,0,2026,4,30
은평구,진관동,상림마을7단지아이파크(706~708동)BL1-3,59.8,3,2008,10251,15,2026,4,22
은평구,진관동,상림마을8단지롯데캐슬(821~830동)BL1-12,39.94,3,2008,1193,26,2026,4,22
은평구,진관동,마고정3단지센트레빌(310~322동)BL2-3,59.36,1,2009,10414,15,2026,4,22
은평구,응암동,e편한세상백련산,59.98,4,2022,50000,0,2026,4,26
은평구,응암동,녹번역e편한세상캐슬,84.98,13,2021,50000,93,2026,4,25
은평구,불광동,북한산한양수자인아파트,59.91,5,2006,38850,0,2026,4,29
은평구,신사동,대광,78.21,2,2006,5000,150,2026,4,3
은평구,대조동,베르디움STAY1,36.2275,18,2022,9659,15,2026,4,27
은평구,응암동,백련산힐스테이트4차,59.98,15,2018,59000,0,2026,4,9
은평구,수색동,DMC롯데캐슬더퍼스트,99.93,1,2021,85000,0,2026,4,4
은평구,신사동,신사씨티,82.71,19,1993,10000,95,2026,4,19
은평구,불광동,북한산힐스테이트7차,84.947,10,2011,56000,0,2026,4,25
은평구,대조동,메트하임,14.03,13,2020,2000,70,2026,4,23
은평구,응암동,응암아네스트,15.2826,16,2014,3000,60,2026,4,25
은평구,진관동,박석고개1단지힐스테이트(116~131동)BL2-1,59.63,7,2009,57000,0,2026,4,13
은평구,진관동,상림마을7단지아이파크(709~712동)BL1-10,84.79,2,2008,10000,195,2026,4,29
은평구,응암동,응암아네스트,13.6793,15,2014,1000,60,2026,4,14
은평구,진관동,구파발9단지래미안(901~915동)임대BL3-3,39.96,2,2010,1288,29,2026,4,22
은평구,진관동,구파발9단지래미안(901~915동)임대BL3-3,59.86,5,2010,2256,43,2026,4,22
은평구,응암동,힐스테이트녹번역,84.99,14,2022,73000,0,2026,4,18
은평구,수색동,DMCSKVIEW,84.9965,9,2023,0,360,2026,4,27
은평구,수색동,DMCSKVIEW,112.8737,7,2023,101000,0,2026,4,30
은평구,응암동,녹번역e편한세상캐슬,114.94,16,2021,100000,0,2026,4,30
은평구,응암동,백련산힐스테이트3차,84.59,15,2011,39880,0,2026,4,20
은평구,증산동,DMC센트럴자이(3단지),84.88,20,2023,40000,120,2026,4,4
은평구,응암동,힐스테이트녹번역,59.99,5,2022,55000,0,2026,4,29
은평구,역촌동,아이언,84.93,3,2004,6000,140,2026,4,18
은평구,증산동,증산중앙하이츠,84.81,8,2001,51000,0,2026,4,28
은평구,불광동,북한산대창센시티,59.85,12,2004,31000,0,2026,4,29
은평구,증산동,DMC월드,83.151,7,2002,57000,0,2026,4,29
은평구,응암동,녹번역e편한세상캐슬,84.98,2,2021,52500,0,2026,4,17
은평구,갈현동,갈현건영,82.94,3,2001,30000,0,2026,4,18
은평구,갈현동,호림리슈리안아파트,56.7496,11,2022,56700,0,2026,4,15
은평구,불광동,북한산힐스테이트7차,84.947,1,2011,57000,0,2026,4,4
은평구,녹번동,대림아파트(276),84.68,6,1993,45000,0,2026,4,27
은평구,신사동,응암역효성해링턴플레이스,59.94,8,2019,10000,160,2026,4,3
은평구,증산동,DMC센트럴자이(2단지),59.97,7,2023,68250,0,2026,4,21
은평구,진관동,상림마을8단지롯데캐슬(821~830동)BL1-12,39.94,6,2008,5337,9,2026,4,22
은평구,녹번동,녹번2현대,84.94,3,2001,38000,0,2026,4,1
은평구,녹번동,북한산푸르지오,59.99,5,2015,30000,120,2026,4,25
은평구,증산동,DMC센트럴자이(3단지),84.97,16,2023,76650,0,2026,4,18
은평구,대조동,유진아이디움,14.03,10,2019,15000,0,2026,4,23
은평구,응암동,응암아네스트,13.6793,15,2014,1000,60,2026,4,14
은평구,증산동,DMC센트럴자이(3단지),84.88,16,2023,40000,180,2026,4,18
은평구,진관동,상림마을8단지롯데캐슬(810~820동)BL1-1,39.99,10,2008,1193,26,2026,4,23
은평구,진관동,상림마을8단지롯데캐슬(821~830동)BL1-12,39.94,2,2008,1193,26,2026,4,22
은평구,증산동,DMC센트럴자이(2단지),59.67,2,2023,74000,0,2026,4,28
은평구,진관동,상림마을7단지아이파크(713~718동)BL1-11,39.83,4,2008,2984,22,2026,4,22
은평구,증산동,DMC센트럴자이(2단지),59.97,3,2023,60000,0,2026,4,13
은평구,증산동,DMC센트럴자이(3단지),84.97,28,2023,40000,200,2026,4,27
은평구,수색동,청구,84.76,5,2000,50400,0,2026,4,29
은평구,갈현동,갈현건영,59.99,2,2001,24150,0,2026,4,25
은평구,응암동,백련산에스케이뷰아이파크,100.9852,4,2020,25000,250,2026,4,21
은평구,불광동,라이프미성,66.7,2,1988,28900,0,2026,4,11
은평구,진관동,상림마을8단지롯데캐슬(810~820동)BL1-1,39.94,2,2008,5337,9,2026,4,22
은평구,진관동,은평뉴타운솔하임,45.044,17,2017,39690,0,2026,4,25
은평구,불광동,라이프미성,66.7,4,1988,32500,0,2026,4,28
은평구,진관동,상림마을8단지롯데캐슬(810~820동)BL1-1,39.83,4,2008,2984,26,2026,4,22
은평구,갈현동,호림리슈리안아파트,56.7496,16,2022,56900,0,2026,4,29
은평구,응암동,녹번역e편한세상캐슬,44.85,7,2021,43000,40,2026,4,3
은평구,응암동,백련산힐스테이트3차,114.9,6,2011,53000,40,2026,4,15
은평구,수색동,e편한세상 수색 에코포레,84.951,13,2003,10000,180,2026,4,17
은평구,갈현동,플라잉캐슬,55.7,10,2019,500,50,2026,4,29
은평구,진관동,은평뉴타운기자촌11단지,84.94,10,2015,60000,0,2026,4,21
은평구,신사동,신사씨티,82.71,3,1993,10000,120,2026,4,13
은평구,응암동,녹번역e편한세상캐슬,84.98,5,2021,75600,0,2026,4,26
은평구,녹번동,래미안베라힐즈,59.99,11,2019,65000,0,2026,4,20
은평구,진관동,우물골2단지두산위브(204~208동)BL2-5,59.37,1,2009,6000,42,2026,4,24
은평구,수색동,DMC파인시티자이,84.96,12,2025,10000,320,2026,4,27
은평구,녹번동,북한산푸르지오,59.99,3,2015,10000,180,2026,4,20
은평구,갈현동,한솔,59.94,11,1997,30000,15,2026,4,29
은평구,진관동,박석고개1단지힐스테이트(116~131동)BL2-1,59.85,11,2009,15000,170,2026,4,25
은평구,증산동,DMC센트럴자이(3단지),84.96,18,2023,81900,0,2026,4,27
은평구,대조동,베르디움STAY1,36.2275,19,2022,5669,9,2026,4,21
은평구,응암동,백련산힐스테이트2차,59.63,5,2011,10000,155,2026,4,13
은평구,진관동,박석고개1단지힐스테이트(116~131동)BL2-1,59.63,7,2009,57000,0,2026,4,13
은평구,응암동,드림타워녹번역,66.19,3,2026,46000,0,2026,4,17
은평구,갈현동,골드스타,12.48,7,2014,500,47,2026,4,14
은평구,응암동,백련산해모로,59.93,1,2020,21000,126,2026,4,13
은평구,진관동,은평뉴타운 제각말 푸르지오(5-2단지),101.83,3,2010,20000,160,2026,4,17
은평구,진관동,은평뉴타운솔하임,45.044,17,2017,39690,0,2026,4,25
은평구,응암동,녹번역e편한세상캐슬,59.97,17,2021,48600,0,2026,4,25
은평구,응암동,백련산힐스테이트4차,59.98,10,2018,10000,180,2026,4,19
은평구,응암동,백련산힐스테이트3차,84.59,14,2011,58000,0,2026,4,4
은평구,구산동,갈현1단지e-편한세상,84.618,6,2004,20000,110,2026,4,14
은평구,불광동,북한산현대홈타운,84.9956,14,2004,50936,0,2026,4,19
은평구,수색동,DMC롯데캐슬더퍼스트,84.93,14,2021,71000,0,2026,4,29
은평구,수색동,DMC롯데캐슬더퍼스트,84.87,4,2021,40000,70,2026,4,23
은평구,응암동,백련산해모로,59.93,9,2020,46073,0,2026,4,26
은평구,응암동,백련산힐스테이트2차,84.37,2,2011,55000,0,2026,4,25
은평구,갈현동,한솔,39.96,9,1997,2000,80,2026,4,28
은평구,수색동,청구,59.83,12,2000,44000,0,2026,4,30
은평구,수색동,DMC롯데캐슬더퍼스트,84.87,4,2021,40000,150,2026,4,23
은평구,수색동,DMC파인시티자이,59.98,12,2025,30000,150,2026,4,30
은평구,수색동,DMCSK뷰아이파크포레,84.95,2,2025,78000,0,2026,4,16
은평구,수색동,DMC파인시티자이,84.94,14,2025,5000,320,2026,4,29
은평구,응암동,백련산힐스테이트2차,59.63,13,2011,27500,100,2026,4,25
은평구,응암동,녹번역e편한세상캐슬,59.96,7,2021,10000,220,2026,4,20
은평구,수색동,DMC파인시티자이,59.97,14,2025,40000,130,2026,4,29
은평구,불광동,북한산현대힐스테이트3차아파트,84.96,1,2010,52050,0,2026,4,11
은평구,대조동,뉴캐슬,15.16,9,2013,8500,0,2026,4,28
은평구,응암동,녹번역센트레빌,84.9,17,2013,50935,0,2026,4,25
은평구,응암동,녹번역e편한세상캐슬,59.94,1,2021,67000,0,2026,4,29
은평구,신사동,명남더블레스(19-162),54.41,13,2018,38000,0,2026,4,11
은평구,녹번동,래미안베라힐즈,84.95,13,2019,83000,0,2026,4,24
은평구,진관동,구파발9단지래미안(916~928동)BL3-2,166.75,8,2010,21000,268,2026,4,28
은평구,응암동,녹번역e편한세상캐슬,84.97,5,2021,15000,260,2026,4,2
은평구,응암동,경남,59.36,1,1995,26500,0,2026,4,14
은평구,구산동,구산주택,33.95,14,2022,9100,62,2026,4,17
은평구,수색동,DMC 진흥,78.2853,15,2003,48000,0,2026,4,30
은평구,진관동,상림마을7단지아이파크(730~742동)BL1-14,134.75,6,2008,50000,90,2026,4,11
은평구,불광동,에덴,66.24,4,2001,26500,0,2026,4,24
은평구,진관동,마고정3단지센트레빌(310~322동)BL2-3,134.96,12,2009,72500,0,2026,4,30
은평구,역촌동,리더스파크,82.45,11,2006,36000,0,2026,4,24
은평구,응암동,응암푸르지오,84.2,6,2008,51700,0,2026,4,30
은평구,진관동,상림마을6단지푸르지오(615~621동)BL1-6,84.79,2,2008,10000,160,2026,4,25
은평구,대조동,유진아이디움,14.03,11,2019,2000,80,2026,4,18
은평구,불광동,정익제이원(4차),24.39,14,2015,24600,0,2026,4,25
은평구,대조동,미래하임(6-19),30.62,6,2014,8000,80,2026,4,30
은평구,불광동,북한산힐스테이트7차,84.813,14,2011,14000,145,2026,4,18
은평구,수색동,DMC 진흥,78.2853,15,2003,48000,0,2026,4,30
은평구,대조동,베르디움STAY1,36.2275,15,2022,3439,36,2026,4,30
은평구,대조동,베르디움STAY1,36.2275,21,2022,2064,22,2026,4,30
은평구,응암동,뉴월드(403-32),72.31,6,2005,24000,0,2026,4,29
은평구,증산동,디오반,14.46,2,2011,8400,10,2026,4,15
은평구,응암동,백련산해모로,84.91,12,2020,70000,0,2026,4,30
은평구,진관동,은평뉴타운꿈에그린,59.92,8,2018,55000,0,2026,4,1
은평구,불광동,북한산현대힐스테이트3차아파트,59.99,3,2010,48000,0,2026,4,27
은평구,수색동,DMC자이1단지,116.92,8,2009,80000,0,2026,4,30
은평구,응암동,녹번역e편한세상캐슬,59.96,10,2021,40000,95,2026,4,30
은평구,진관동,구파발10단지어울림(1020~1028동)임대BL3-5,84.85,5,2012,25117,0,2026,4,30
은평구,진관동,구파발10단지어울림(1020~1028동)임대BL3-5,84.85,11,2012,25117,0,2026,4,30
은평구,응암동,위산일리온시티,19.42,12,2020,5000,100,2026,4,4
은평구,역촌동,센트레빌아스테리움시그니처,59.9976,6,2024,8000,210,2026,4,26
은평구,불광동,불광롯데캐슬,59.99,7,2018,10500,158,2026,4,15
은평구,응암동,녹번역e편한세상캐슬,59.96,11,2021,70000,0,2026,4,30
은평구,신사동,거성리젠시,46.56,8,2023,38000,0,2026,4,17
은평구,대조동,메트하임,14.03,11,2020,1000,75,2026,4,15
은평구,불광동,한화생명불광동사옥,17.12,3,2021,1000,70,2026,4,30
은평구,증산동,DMC센트럴자이(3단지),84.92,2,2023,76500,0,2026,4,30
은평구,진관동,구파발10단지어울림(1020~1028동)임대BL3-5,59.99,13,2012,17717,0,2026,4,30
은평구,대조동,베르디움STAY1,36.2415,8,2022,12990,57,2026,4,30
은평구,증산동,디오반,14.46,8,2011,8900,10,2026,4,11
은평구,진관동,구파발10단지어울림(1020~1028동)임대BL3-5,84.78,11,2012,25117,0,2026,4,30
은평구,녹번동,래미안베라힐즈,84.95,17,2019,75000,0,2026,4,25
은평구,대조동,서경아파트(15-58),24.11,8,2020,3000,105,2026,4,6
은평구,역촌동,역촌센트레빌,59.78,3,2011,1000,58,2026,4,1
은평구,증산동,DMC우방,59.91,19,2000,37800,0,2026,4,28
은평구,진관동,상림마을7단지아이파크(702~705동)BL1-4,167.69,4,2008,65940,0,2026,4,26
은평구,증산동,DMC센트럴자이(3단지),84.88,15,2023,77000,0,2026,4,20
은평구,구산동,구산그린빌,19.4,3,2009,278,4,2026,4,22
은평구,진관동,우물골2단지두산위브(201~203동)BL2-4,84.51,6,2009,67000,0,2026,4,6
은평구,진관동,상림마을6단지푸르지오(606~614동)BL1-7,84.79,8,2008,54000,0,2026,4,29
은평구,불광동,북한산대창센시티,59.85,12,2004,31000,0,2026,4,29
은평구,수색동,DMC파인시티자이,84.96,1,2025,50000,110,2026,4,29
은평구,녹번동,래미안베라힐즈,84.95,5,2019,65000,0,2026,4,29
은평구,진관동,구파발10단지어울림(1020~1028동)임대BL3-5,84.78,3,2012,25117,0,2026,4,29
은평구,수색동,DMC 진흥,57.5033,12,2003,50000,0,2026,4,28
은평구,진관동,마고정3단지센트레빌(310~322동)BL2-3,59.36,4,2009,4609,42,2026,4,22
은평구,응암동,드림타워녹번역,66.19,8,2026,49000,0,2026,4,29
은평구,증산동,DMC센트럴자이(2단지),59.67,5,2023,25000,180,2026,4,29
은평구,진관동,구파발10단지어울림(1020~1028동)임대BL3-5,84.85,6,2012,25117,0,2026,4,29
은평구,응암동,위산일리온시티,26.9,17,2020,8000,90,2026,4,3
은평구,증산동,DMC센트럴자이(2단지),59.97,2,2023,66000,0,2026,4,28
은평구,응암동,응암푸르지오,84.2,6,2008,51000,0,2026,4,28
은평구,대조동,베르디움STAY1,38.9758,18,2022,22200,11,2026,4,29
은평구,응암동,백련산힐스테이트3차,84.43,11,2011,30000,90,2026,4,20
은평구,진관동,폭포동4단지힐스테이트(426~428동)BL3-11,101.92,9,2010,20000,200,2026,4,18
은평구,진관동,마고정3단지센트레빌(301~309동)BL2-11,39.18,9,2009,2914,23,2026,4,29
은평구,진관동,폭포동4단지힐스테이트(426~428동)BL3-11,101.95,4,2010,20000,200,2026,4,21
은평구,역촌동,센트레빌아스테리움시그니처,70.6625,19,2024,15000,165,2026,4,18
은평구,응암동,백련산힐스테이트1차,59.63,12,2011,54000,0,2026,4,12
은평구,수색동,e편한세상 수색 에코포레,59.895,2,2003,34650,0,2026,4,29
은평구,불광동,북한산래미안아파트(1단지),114.9986,1,2010,63000,12,2026,4,27
은평구,응암동,백련산힐스테이트2차,59.95,5,2011,44000,40,2026,4,18
은평구,녹번동,리베하임,84.28,6,2007,1000,50,2026,4,25
은평구,신사동,신사동한신휴플러스,84.65,10,2003,35000,50,2026,4,28
은평구,증산동,DMC우방,59.91,6,2000,35000,0,2026,4,28
은평구,진관동,상림마을8단지롯데캐슬(821~830동)BL1-12,39.83,5,2008,5337,9,2026,4,22
은평구,신사동,은평자이더스타,49.9714,3,2026,30342,0,2026,4,28
은평구,신사동,은평자이더스타,49.8193,21,2026,30342,0,2026,4,27
은평구,응암동,응암푸르지오,84.2,5,2008,10000,200,2026,4,25
은평구,응암동,녹번역e편한세상캐슬,59.96,15,2021,57750,0,2026,4,27
은평구,대조동,대경홈타운,13.79,11,2014,1000,55,2026,4,13
은평구,신사동,은평자이더스타,49.999,16,2026,30342,0,2026,4,28
은평구,응암동,드림타워녹번역,66.19,6,2026,49000,0,2026,4,28
은평구,응암동,백련산에스케이뷰아이파크,100.9852,18,2020,55000,80,2026,4,27
은평구,대조동,베르디움STAY1,24.2466,18,2022,9500,36,2026,4,28
은평구,진관동,상림마을8단지롯데캐슬(810~820동)BL1-1,39.83,3,2008,1193,26,2026,4,22
은평구,진관동,구파발10단지어울림(1020~1028동)임대BL3-5,84.69,3,2012,25117,0,2026,4,28
은평구,진관동,박석고개1단지힐스테이트(101~111동)BL2-12,84.49,2,2009,57000,0,2026,4,28
은평구,수색동,DMC롯데캐슬더퍼스트,59.96,9,2021,30000,140,2026,4,27
은평구,진관동,마고정3단지센트레빌(310~322동)BL2-3,59.36,7,2009,2523,46,2026,4,22
은평구,응암동,녹번역e편한세상캐슬,59.97,23,2021,70000,0,2026,4,27
은평구,수색동,DMCSKVIEW,84.9926,19,2023,85000,0,2026,4,25
은평구,수색동,DMC롯데캐슬더퍼스트,84.93,2,2021,20000,230,2026,4,25
은평구,수색동,DMC파인시티자이,84.94,14,2025,77000,0,2026,4,26
은평구,대조동,베르디움STAY1,48.9148,24,2022,26100,16,2026,4,28
은평구,응암동,녹번역e편한세상캐슬,84.97,7,2021,73000,0,2026,4,25
은평구,응암동,녹번역e편한세상캐슬,59.96,11,2021,61950,0,2026,4,27
은평구,증산동,DMC센트럴자이(3단지),84.85,2,2023,65000,50,2026,4,25
은평구,응암동,백련산힐스테이트1차,114.9,13,2011,10000,180,2026,4,27
은평구,응암동,백련산해모로,59.93,7,2020,43122,9,2026,4,28
은평구,수색동,DMC롯데캐슬더퍼스트,84.87,8,2021,5000,300,2026,4,27
은평구,신사동,새절역두산위브트레지움,59.97,5,2025,60000,0,2026,4,27
은평구,신사동,은평자이더스타,49.8193,24,2026,30342,0,2026,4,27
은평구,신사동,은평자이더스타,49.8193,4,2026,30342,0,2026,4,27
은평구,신사동,은평자이더스타,49.9714,13,2026,30342,0,2026,4,27
은평구,신사동,은평자이더스타,49.8193,11,2026,30342,0,2026,4,27
은평구,진관동,구파발10단지어울림(1020~1028동)임대BL3-5,59.99,14,2012,16107,0,2026,4,27
은평구,진관동,상림마을8단지롯데캐슬(810~820동)BL1-1,39.99,3,2008,1193,26,2026,4,22
은평구,증산동,DMC센트럴자이(2단지),59.97,13,2023,65000,0,2026,4,25
은평구,신사동,은평자이더스타,49.8193,23,2026,30342,0,2026,4,27
은평구,녹번동,녹번현대아파트,79.52,4,1989,10000,120,2026,4,13
은평구,증산동,DMC우방,84.99,6,2000,52500,40,2026,4,24
은평구,녹번동,북한산푸르지오,59.99,5,2015,30000,120,2026,4,25
은평구,응암동,명남더블레스,77.67,14,2009,40000,0,2026,4,25
은평구,불광동,북한산현대힐스테이트3차아파트,84.98,12,2010,55000,0,2026,4,20
은평구,증산동,DMC센트럴자이(1단지),84.92,16,2023,57000,100,2026,4,27
은평구,신사동,은평자이더스타,49.8193,10,2026,30342,0,2026,4,27
은평구,녹번동,북한산푸르지오,40.93,12,2015,1844,7,2026,4,27
은평구,진관동,박석고개1단지힐스테이트(101~111동)임대BL2-12,84.49,3,2009,25413,0,2026,4,27
은평구,응암동,백련산힐스테이트4차,59.98,1,2018,37440,0,2026,4,27
은평구,진관동,구파발10단지어울림(1020~1028동)임대BL3-5,84.78,7,2012,25117,0,2026,4,27
은평구,진관동,구파발10단지어울림(1020~1028동)임대BL3-5,84.85,13,2012,25117,0,2026,4,27
은평구,대조동,나이스홈,29.98,11,2012,19000,15,2026,4,25
은평구,응암동,녹번역e편한세상캐슬,59.97,12,2021,61300,0,2026,4,25
은평구,역촌동,역촌센트레빌,59.86,9,2011,44000,0,2026,4,25
은평구,진관동,마고정3단지센트레빌(301~309동)BL2-11,39.18,3,2009,2914,23,2026,4,23
은평구,진관동,구파발10단지어울림(1020~1028동)임대BL3-5,84.85,13,2012,25117,0,2026,4,27
은평구,응암동,녹번역e편한세상캐슬,84.98,8,2021,70350,0,2026,4,27
은평구,응암동,상아,73.67,3,2002,23000,35,2026,4,25
은평구,불광동,북한산현대힐스테이트3차아파트,84.98,5,2010,63000,0,2026,4,11
은평구,신사동,신성,56.18,8,1988,30000,0,2026,4,25
은평구,갈현동,코오롱하늘채,84.9462,4,2003,20000,110,2026,4,26
은평구,불광동,라이프미성,84.65,6,1988,43000,0,2026,4,25
은평구,불광동,삼익(217-9),84.91,12,1992,34000,0,2026,4,25
은평구,진관동,마고정3단지센트레빌(310~322동)BL2-3,84.27,13,2009,55000,65,2026,4,24
은평구,진관동,구파발10단지어울림(1020~1028동)임대BL3-5,84.69,7,2012,25117,0,2026,4,26
은평구,진관동,구파발10단지어울림(1020~1028동)임대BL3-5,84.85,6,2012,25117,0,2026,4,22
은평구,진관동,상림마을6단지푸르지오(615~621동)BL1-6,49.32,6,2008,1836,33,2026,4,23
은평구,응암동,녹번역e편한세상캐슬,59.97,22,2021,67000,0,2026,4,25
은평구,진관동,구파발10단지어울림(1020~1028동)임대BL3-5,39.83,5,2012,6750,2,2026,4,25
은평구,대조동,베르디움STAY1,36.2275,18,2022,6699,30,2026,4,27
은평구,진관동,우물골2단지두산위브(209~222동)BL2-8,84.51,4,2009,57000,0,2026,4,27
은평구,대조동,대덕타워,15.56,9,2013,1000,70,2026,4,11
은평구,불광동,불광롯데캐슬,84.98,4,2018,66000,0,2026,4,25
은평구,녹번동,녹번JR아파트,59.866,13,2002,44000,0,2026,4,25
은평구,구산동,구산주택,33.95,10,2022,9100,62,2026,4,24
은평구,응암동,녹번역e편한세상캐슬,84.94,12,2021,31500,190,2026,4,10
은평구,대조동,베르디움STAY1,36.2275,8,2022,3979,18,2026,4,24
은평구,진관동,구파발10단지어울림(1001~1010동)장기전세BL3-4,59.98,11,2010,2247,43,2026,4,22
은평구,수색동,DMC롯데캐슬더퍼스트,59.96,2,2021,63000,0,2026,4,23
은평구,신사동,현대1,84.17,13,1997,34500,0,2026,4,15
은평구,대조동,주주베에이,12.9,8,2014,1000,65,2026,4,11
은평구,대조동,주주베에이,13.56,7,2014,1000,58,2026,4,19
은평구,대조동,효민아크로뷰,27.57,10,2018,25000,8,2026,4,15
은평구,대조동,베르디움STAY1,36.2275,22,2022,9449,15,2026,4,24
은평구,진관동,구파발10단지어울림(1011~1019동)BL3-1,84.78,2,2010,25000,130,2026,4,24
은평구,대조동,서경아파트,28.18,14,2017,22100,0,2026,4,17
은평구,진관동,박석고개1단지힐스테이트(116~131동)임대BL2-1,39.72,6,2009,6949,0,2026,4,24
은평구,대조동,제이타워4,12.29,7,2013,1000,50,2026,4,24
은평구,진관동,구파발10단지어울림(1020~1028동)임대BL3-5,84.85,3,2012,25117,0,2026,4,24
은평구,불광동,북한산현대힐스테이트3차아파트,115.41,6,2010,68000,0,2026,4,24
은평구,진관동,구파발10단지어울림(1020~1028동)임대BL3-5,84.69,2,2012,25117,0,2026,4,24
은평구,진관동,우물골2단지두산위브(201~203동)BL2-4,59.92,3,2009,2774,51,2026,4,22
은평구,진관동,우물골2단지두산위브(204~208동)BL2-5,59.37,1,2009,6768,40,2026,4,24
은평구,진관동,상림마을8단지롯데캐슬(810~820동)BL1-1,49.32,6,2008,2000,33,2026,4,22
은평구,진관동,구파발10단지어울림(1020~1028동)임대BL3-5,84.69,13,2012,25117,0,2026,4,24
은평구,진관동,상림마을8단지롯데캐슬(810~820동)BL1-1,59.42,7,2008,6593,41,2026,4,24
은평구,진관동,구파발10단지어울림(1020~1028동)임대BL3-5,39.83,5,2012,3093,22,2026,4,24
은평구,불광동,북한산현대힐스테이트3차아파트,84.97,13,2010,55600,0,2026,4,6
은평구,진관동,상림마을8단지롯데캐슬(801~809동)BL1-2,59.98,6,2008,4592,47,2026,4,23
은평구,대조동,베르디움STAY1,21.9733,7,2022,11500,23,2026,4,23
은평구,진관동,상림마을7단지아이파크(713~718동)BL1-11,39.83,5,2008,2984,22,2026,4,24
은평구,불광동,북한산현대홈타운,59.9765,5,2004,50000,0,2026,4,23
은평구,진관동,은평뉴타운기자촌11단지,59.78,7,2015,20000,115,2026,4,22
은평구,대조동,미래하임,31.16,7,2012,2000,100,2026,4,21
은평구,구산동,갈현1단지e-편한세상,84.618,2,2004,45000,0,2026,4,24
은평구,진관동,우물골2단지두산위브(204~208동)BL2-5,59.94,5,2009,2707,49,2026,4,23
은평구,진관동,구파발10단지어울림(1020~1028동)임대BL3-5,84.78,10,2012,25117,0,2026,4,23
은평구,대조동,모아아파트(104동),52.22,10,2015,35000,0,2026,4,24
은평구,대조동,유진아이디움,14.03,10,2019,15000,0,2026,4,23
은평구,갈현동,갈현동현대,111.38,7,1997,10000,180,2026,4,4
은평구,수색동,DMC롯데캐슬더퍼스트,84.87,11,2021,75000,0,2026,4,22
은평구,대조동,베르디움STAY1,36.2415,4,2022,9279,41,2026,4,23
은평구,진관동,구파발10단지어울림(1020~1028동)임대BL3-5,84.78,11,2012,25117,0,2026,4,24
은평구,진관동,우물골2단지두산위브(204~208동)BL2-5,59.37,5,2009,6768,40,2026,4,23
은평구,진관동,구파발10단지어울림(1001~1010동)장기전세BL3-4,84.78,10,2010,40057,0,2026,4,24
은평구,진관동,상림마을8단지롯데캐슬(810~820동)BL1-1,39.83,3,2008,2984,22,2026,4,24
은평구,응암동,녹번역e편한세상캐슬,59.96,4,2021,49000,0,2026,4,3
은평구,진관동,상림마을7단지아이파크(713~718동)BL1-11,39.99,3,2008,1193,26,2026,4,22
은평구,진관동,상림마을8단지롯데캐슬(801~809동)BL1-2,59.28,3,2008,25000,100,2026,4,23
은평구,진관동,상림마을8단지롯데캐슬(810~820동)BL1-1,39.99,10,2008,2984,22,2026,4,23
은평구,불광동,북한산힐스테이트7차,84.947,15,2011,63000,0,2026,4,23
은평구,진관동,구파발10단지어울림(1020~1028동)임대BL3-5,84.78,4,2012,25117,0,2026,4,23
은평구,불광동,북한산현대홈타운,84.9956,3,2004,10000,150,2026,4,23
은평구,진관동,상림마을6단지푸르지오(615~621동)BL1-6,49.32,8,2008,2892,31,2026,4,22
은평구,갈현동,THESTUDIO163,17.89,16,2024,6300,43,2026,4,23
은평구,진관동,구파발10단지어울림(1020~1028동)임대BL3-5,59.99,9,2012,16107,0,2026,4,23
은평구,진관동,상림마을8단지롯데캐슬(801~809동)BL1-2,59.98,6,2008,6992,42,2026,4,23
은평구,대조동,베르디움STAY1,21.9733,7,2022,11500,25,2026,4,23
은평구,진관동,상림마을7단지아이파크(709~712동)BL1-10,49.8,3,2008,1836,33,2026,4,22
은평구,진관동,우물골2단지두산위브(204~208동)BL2-5,59.36,3,2009,2707,49,2026,4,23
은평구,진관동,구파발10단지어울림(1020~1028동)임대BL3-5,84.85,9,2012,25117,0,2026,4,23
은평구,진관동,우물골2단지두산위브(204~208동)BL2-5,59.94,5,2009,6768,40,2026,4,23
은평구,증산동,DMC우방,59.91,19,2000,47000,0,2026,4,21
은평구,진관동,구파발10단지어울림(1020~1028동)임대BL3-5,84.85,14,2012,25117,0,2026,4,23
은평구,진관동,구파발9단지래미안(901~915동)임대BL3-3,59.86,6,2010,5641,36,2026,4,23
은평구,진관동,박석고개1단지힐스테이트(101~111동)임대BL2-12,49.74,5,2009,4235,25,2026,4,23
은평구,응암동,백련산힐스테이트2차,59.63,10,2011,49300,0,2026,4,22
은평구,진관동,상림마을7단지아이파크(713~718동)BL1-11,39.83,4,2008,2984,22,2026,4,23
은평구,진관동,상림마을8단지롯데캐슬(810~820동)BL1-1,49.32,6,2008,4592,28,2026,4,23
은평구,진관동,상림마을6단지푸르지오(615~621동)BL1-6,49.32,6,2008,4592,28,2026,4,23
은평구,갈현동,호림리슈리안아파트,56.7496,10,2022,46000,0,2026,4,23
은평구,진관동,구파발10단지어울림(1020~1028동)임대BL3-5,84.78,10,2012,25117,0,2026,4,23
은평구,진관동,구파발10단지어울림(1020~1028동)임대BL3-5,84.78,11,2012,25170,0,2026,4,23
은평구,신사동,형진,68.54,8,1997,35000,0,2026,4,18
은평구,진관동,구파발10단지어울림(1020~1028동)임대BL3-5,84.85,8,2012,25117,0,2026,4,23
은평구,불광동,연신내역루체스테이션,35.606,3,2024,9498,41,2026,4,22
은평구,수색동,DMCSKVIEW,84.9965,7,2023,70350,0,2026,4,11
은평구,수색동,DMC 진흥,78.2853,12,2003,45000,20,2026,4,22
은평구,진관동,구파발10단지어울림(1020~1028동)임대BL3-5,84.85,4,2012,25117,0,2026,4,23
은평구,진관동,구파발9단지래미안(901~915동)임대BL3-3,59.97,11,2010,5641,36,2026,4,23
은평구,진관동,상림마을6단지푸르지오(622~629동)BL1-5,59.85,2,2008,2798,50,2026,4,22
은평구,진관동,구파발10단지어울림(1020~1028동)임대BL3-5,84.78,14,2012,25117,0,2026,4,22
은평구,진관동,상림마을7단지아이파크(702~705동)BL1-4,59.8,6,2008,6527,39,2026,4,22
은평구,증산동,DMC센트럴자이(3단지),84.96,11,2023,82500,0,2026,4,21
은평구,진관동,상림마을6단지푸르지오(606~614동)BL1-7,39.83,3,2008,2984,22,2026,4,23
은평구,진관동,은뜨락,39.487,4,2019,10634,29,2026,4,23
은평구,진관동,구파발9단지래미안(901~915동)임대BL3-3,59.86,10,2010,5641,36,2026,4,22
은평구,수색동,DMCSK뷰아이파크포레,39.97,5,2025,10000,127,2026,4,22
은평구,진관동,구파발10단지어울림(1020~1028동)임대BL3-5,84.85,9,2012,25117,0,2026,4,22
은평구,진관동,우물골2단지두산위브(204~208동)BL2-5,59.14,3,2009,6768,40,2026,4,23
은평구,진관동,구파발10단지어울림(1020~1028동)임대BL3-5,84.85,10,2012,25117,0,2026,4,23
은평구,진관동,구파발10단지어울림(1020~1028동)임대BL3-5,84.69,6,2012,25117,0,2026,4,22
은평구,진관동,상림마을7단지아이파크(709~712동)BL1-10,59.8,2,2008,7438,44,2026,4,22
은평구,진관동,구파발9단지래미안(901~915동)임대BL3-3,39.96,3,2010,3222,25,2026,4,22
은평구,진관동,상림마을7단지아이파크(713~718동)BL1-11,39.99,3,2008,2984,22,2026,4,22
은평구,갈현동,호림리슈리안아파트,56.7496,8,2022,55800,0,2026,4,20
은평구,응암동,응암동금호,84.93,12,1998,48000,0,2026,4,17
은평구,진관동,구파발10단지어울림(1020~1028동)임대BL3-5,84.85,6,2012,25117,0,2026,4,22
은평구,진관동,구파발9단지래미안(901~915동)임대BL3-3,39.96,8,2010,3222,25,2026,4,22
은평구,증산동,DMC센트럴자이(2단지),59.97,7,2023,68250,0,2026,4,21
은평구,진관동,구파발10단지어울림(1020~1028동)임대BL3-5,59.99,15,2012,6139,38,2026,4,22
은평구,수색동,e편한세상 수색 에코포레,114.18,12,2003,65000,0,2026,4,15
은평구,응암동,드림타워녹번역,67.64,5,2026,48000,0,2026,4,17
은평구,진관동,구파발10단지어울림(1020~1028동)임대BL3-5,59.98,1,2012,6139,38,2026,4,22
은평구,진관동,구파발10단지어울림(1020~1028동)임대BL3-5,84.85,12,2012,25117,0,2026,4,22
은평구,진관동,상림마을7단지아이파크(709~712동)BL1-10,59.92,6,2008,2975,53,2026,4,22
은평구,진관동,우물골2단지두산위브(201~203동)BL2-4,59.92,3,2009,6935,42,2026,4,22
은평구,진관동,상림마을8단지롯데캐슬(810~820동)BL1-1,39.94,2,2008,2984,22,2026,4,22
은평구,진관동,마고정3단지센트레빌(323~335동)BL2-2,59.37,3,2009,6079,38,2026,4,22
은평구,진관동,구파발9단지래미안(901~915동)임대BL3-3,59.86,5,2010,5641,36,2026,4,22
은평구,진관동,상림마을6단지푸르지오(622~629동)BL1-5,59.85,2,2008,6997,41,2026,4,22
은평구,진관동,상림마을7단지아이파크(706~708동)BL1-3,59.8,3,2008,6206,38,2026,4,22
은평구,진관동,구파발10단지어울림(1020~1028동)임대BL3-5,84.85,8,2012,25117,0,2026,4,22
은평구,갈현동,대한웰빙홈,15.54,9,2018,12000,22,2026,4,16
은평구,진관동,구파발10단지어울림(1020~1028동)임대BL3-5,84.85,4,2012,25117,0,2026,4,22
은평구,진관동,마고정3단지센트레빌(310~322동)BL2-3,59.36,4,2009,6309,38,2026,4,22
은평구,진관동,구파발10단지어울림(1001~1010동)장기전세BL3-4,59.98,11,2010,5619,36,2026,4,22
은평구,진관동,상림마을7단지아이파크(706~708동)BL1-3,59.8,4,2008,6206,38,2026,4,22
은평구,진관동,우물골2단지두산위브(201~203동)BL2-4,59.89,4,2009,6000,44,2026,4,22
은평구,진관동,상림마을7단지아이파크(701동)임대BL1-9,49.8,5,2008,1836,33,2026,4,22
은평구,진관동,구파발10단지어울림(1001~1010동)장기전세BL3-4,84.85,3,2010,40057,0,2026,4,22
은평구,진관동,구파발10단지어울림(1020~1028동)임대BL3-5,84.85,7,2012,25117,0,2026,4,22
은평구,진관동,구파발9단지래미안(901~915동)임대BL3-3,59.87,11,2010,5641,36,2026,4,22
은평구,진관동,상림마을7단지아이파크(709~712동)BL1-10,49.8,3,2008,4592,28,2026,4,22
은평구,진관동,구파발10단지어울림(1020~1028동)임대BL3-5,84.78,9,2012,25117,0,2026,4,22
은평구,진관동,구파발9단지래미안(901~915동)임대BL3-3,59.91,9,2010,5641,36,2026,4,22
은평구,진관동,마고정3단지센트레빌(310~322동)BL2-3,59.37,3,2009,6309,38,2026,4,22
은평구,진관동,상림마을7단지아이파크(701동)임대BL1-9,59.8,3,2008,7988,46,2026,4,22
은평구,진관동,마고정3단지센트레빌(310~322동)BL2-3,59.37,4,2009,6309,38,2026,4,22
은평구,진관동,상림마을6단지푸르지오(622~629동)BL1-5,167.69,7,2008,10000,270,2026,4,22
은평구,진관동,구파발10단지어울림(1020~1028동)임대BL3-5,84.78,15,2012,25117,0,2026,4,22
은평구,진관동,우물골2단지두산위브(204~208동)BL2-5,59.92,4,2009,6768,40,2026,4,22
은평구,진관동,마고정3단지센트레빌(310~322동)BL2-3,59.36,1,2009,6309,38,2026,4,22
은평구,진관동,상림마을7단지아이파크(701동)임대BL1-9,59.8,4,2008,7988,46,2026,4,22
은평구,진관동,상림마을6단지푸르지오(622~629동)BL1-5,39.83,3,2008,2984,22,2026,4,22
은평구,진관동,상림마을6단지푸르지오(606~614동)BL1-7,39.83,6,2008,2984,22,2026,4,22
은평구,진관동,상림마을8단지롯데캐슬(810~820동)BL1-1,39.83,4,2008,1193,26,2026,4,22
은평구,진관동,상림마을8단지롯데캐슬(821~830동)BL1-12,39.83,2,2008,2984,22,2026,4,22
은평구,수색동,DMC롯데캐슬더퍼스트,59.96,7,2021,60000,0,2026,4,21
은평구,진관동,마고정3단지센트레빌(310~322동)BL2-3,59.36,7,2009,6309,38,2026,4,22
은평구,응암동,백련산힐스테이트3차,84.59,15,2011,39880,0,2026,4,20
은평구,진관동,상림마을7단지아이파크(701동)임대BL1-9,49.8,5,2008,4592,28,2026,4,22
은평구,진관동,상림마을8단지롯데캐슬(821~830동)BL1-12,39.94,6,2008,2984,22,2026,4,22
은평구,진관동,상림마을6단지푸르지오(615~621동)BL1-6,49.32,3,2008,4592,28,2026,4,22
은평구,진관동,상림마을8단지롯데캐슬(821~830동)BL1-12,39.83,5,2008,2984,22,2026,4,22
은평구,진관동,구파발9단지래미안(901~915동)임대BL3-3,39.96,2,2010,3222,25,2026,4,22
은평구,응암동,백련산파크자이,84.669,6,2021,62000,0,2026,4,21
은평구,진관동,구파발10단지어울림(1020~1028동)임대BL3-5,84.78,9,2012,25117,0,2026,4,22
은평구,진관동,마고정3단지센트레빌(301~309동)BL2-11,39.18,11,2009,2914,23,2026,4,22
은평구,갈현동,THESTUDIO163,19.92,12,2024,8600,39,2026,4,21
은평구,진관동,상림마을7단지아이파크(713~718동)BL1-11,39.83,6,2008,2984,22,2026,4,22
은평구,진관동,상림마을8단지롯데캐슬(821~830동)BL1-12,39.94,2,2008,2984,22,2026,4,22
은평구,대조동,베르디움STAY1,17.7316,8,2022,10800,22,2026,4,22
은평구,진관동,마고정3단지센트레빌(301~309동)BL2-11,39.18,15,2009,5145,10,2026,4,22
은평구,응암동,백련산해모로,59.93,5,2020,50000,40,2026,4,20
은평구,진관동,상림마을6단지푸르지오(615~621동)BL1-6,49.32,8,2008,4592,28,2026,4,22
은평구,진관동,상림마을6단지푸르지오(622~629동)BL1-5,59.94,6,2008,16137,0,2026,4,22
은평구,진관동,구파발10단지어울림(1020~1028동)임대BL3-5,59.99,10,2012,16107,0,2026,4,22
은평구,진관동,상림마을8단지롯데캐슬(810~820동)BL1-1,39.83,2,2008,2984,22,2026,4,22
은평구,진관동,상림마을8단지롯데캐슬(810~820동)BL1-1,39.83,6,2008,2984,22,2026,4,22
은평구,진관동,상림마을8단지롯데캐슬(810~820동)BL1-1,39.83,3,2008,2984,22,2026,4,22
은평구,진관동,구파발10단지어울림(1020~1028동)임대BL3-5,84.78,10,2012,25117,0,2026,4,21
은평구,진관동,구파발10단지어울림(1020~1028동)임대BL3-5,84.85,2,2012,25117,0,2026,4,21
은평구,진관동,마고정3단지센트레빌(310~322동)BL2-3,59.36,6,2009,14577,0,2026,4,22
은평구,진관동,박석고개1단지힐스테이트(101~111동)BL2-12,84.49,12,2009,70000,0,2026,4,18
은평구,진관동,구파발10단지어울림(1020~1028동)임대BL3-5,84.85,10,2012,25117,0,2026,4,21
은평구,진관동,구파발10단지어울림(1020~1028동)임대BL3-5,84.69,1,2012,25117,0,2026,4,21
은평구,진관동,구파발10단지어울림(1020~1028동)임대BL3-5,84.78,5,2012,25117,0,2026,4,21
은평구,진관동,구파발10단지어울림(1020~1028동)임대BL3-5,84.78,13,2012,25117,0,2026,4,22
은평구,진관동,구파발10단지어울림(1020~1028동)임대BL3-5,84.78,15,2012,25117,0,2026,4,21
은평구,진관동,구파발10단지어울림(1020~1028동)임대BL3-5,59.98,4,2012,19328,0,2026,4,21
은평구,진관동,상림마을8단지롯데캐슬(810~820동)BL1-1,39.99,3,2008,2984,22,2026,4,22
은평구,진관동,구파발10단지어울림(1020~1028동)임대BL3-5,84.69,7,2012,25117,0,2026,4,21
은평구,진관동,구파발10단지어울림(1020~1028동)임대BL3-5,84.78,12,2012,25117,0,2026,4,21
은평구,진관동,상림마을8단지롯데캐슬(810~820동)BL1-1,39.83,4,2008,2984,22,2026,4,22
은평구,진관동,구파발10단지어울림(1020~1028동)임대BL3-5,84.69,3,2012,25117,0,2026,4,22
은평구,진관동,구파발10단지어울림(1020~1028동)임대BL3-5,59.99,3,2012,19328,0,2026,4,21
은평구,불광동,삼익(217-9),84.71,6,1992,40000,0,2026,4,22
은평구,대조동,삼성타운,59.4,10,1997,32300,0,2026,4,18
은평구,진관동,구파발10단지어울림(1020~1028동)임대BL3-5,84.78,10,2012,25117,0,2026,4,21
은평구,응암동,녹번역e편한세상캐슬,59.94,4,2021,25000,107,2026,4,11
은평구,진관동,구파발10단지어울림(1020~1028동)임대BL3-5,84.69,7,2012,25117,0,2026,4,21
은평구,진관동,상림마을8단지롯데캐슬(810~820동)BL1-1,49.32,6,2008,4592,28,2026,4,22
은평구,응암동,녹번역e편한세상캐슬,59.94,18,2021,40000,83,2026,4,18
은평구,불광동,대호아파트,114.84,8,1999,21000,105,2026,4,22
은평구,진관동,상림마을8단지롯데캐슬(810~820동)BL1-1,39.83,2,2008,2984,22,2026,4,22
은평구,대조동,베르디움STAY1,21.9733,6,2022,8100,30,2026,4,22
은평구,진관동,상림마을8단지롯데캐슬(810~820동)BL1-1,39.83,6,2008,2984,22,2026,4,22
은평구,진관동,마고정3단지센트레빌(301~309동)BL2-11,39.18,11,2009,6968,0,2026,4,21
은평구,대조동,베르디움STAY1,36.4302,22,2022,21300,12,2026,4,21
은평구,진관동,우물골2단지두산위브(209~222동)BL2-8,84.49,7,2009,46950,30,2026,4,9
은평구,진관동,구파발10단지어울림(1020~1028동)임대BL3-5,84.78,15,2012,25117,0,2026,4,21
은평구,응암동,녹번역e편한세상캐슬,59.96,5,2021,59800,0,2026,4,18
은평구,진관동,구파발10단지어울림(1020~1028동)임대BL3-5,84.78,15,2012,25117,0,2026,4,21
은평구,대조동,하늘도시,11.99,7,2016,2000,47,2026,4,4
은평구,진관동,상림마을6단지푸르지오(622~629동)BL1-5,39.83,3,2008,2984,22,2026,4,21
은평구,진관동,우물골2단지두산위브(201~203동)BL2-4,59.94,3,2009,16203,0,2026,4,21
은평구,진관동,구파발10단지어울림(1020~1028동)임대BL3-5,84.78,14,2012,25117,0,2026,4,21
은평구,응암동,경남,59.36,15,1995,30000,0,2026,4,13
은평구,진관동,구파발10단지어울림(1020~1028동)임대BL3-5,84.78,4,2012,25117,0,2026,4,21
은평구,녹번동,북한산푸르지오,84.99,8,2015,72000,0,2026,4,21
은평구,녹번동,래미안베라힐즈,84.98,1,2019,60000,70,2026,4,20
은평구,진관동,박석고개1단지힐스테이트(116~131동)BL2-1,59.82,2,2009,45000,56,2026,4,21
은평구,진관동,구파발10단지어울림(1020~1028동)임대BL3-5,84.85,1,2012,25117,0,2026,4,21
은평구,진관동,구파발10단지어울림(1020~1028동)임대BL3-5,84.78,4,2012,25117,0,2026,4,21
은평구,응암동,드림타워녹번역,64.42,7,2026,47000,0,2026,4,21
은평구,진관동,구파발10단지어울림(1020~1028동)임대BL3-5,84.85,7,2012,25117,0,2026,4,21
은평구,진관동,구파발10단지어울림(1020~1028동)임대BL3-5,59.99,11,2012,17717,0,2026,4,21
은평구,증산동,DMC센트럴자이(2단지),59.97,20,2023,40000,110,2026,4,21
은평구,신사동,라이프씨티,83.04,8,1992,41000,0,2026,4,20
은평구,진관동,구파발10단지어울림(1020~1028동)임대BL3-5,84.78,15,2012,25117,0,2026,4,21
은평구,진관동,구파발10단지어울림(1020~1028동)임대BL3-5,59.99,9,2012,16107,0,2026,4,21
은평구,진관동,마고정3단지센트레빌(301~309동)BL2-11,39.18,14,2009,2914,23,2026,4,21
은평구,수색동,청구,59.83,17,2000,50000,0,2026,4,20
은평구,수색동,DMCSK뷰아이파크포레,84.94,9,2025,70000,0,2026,4,19
은평구,갈현동,THESTUDIO163,19.92,12,2024,8600,39,2026,4,20
은평구,진관동,구파발10단지어울림(1020~1028동)임대BL3-5,84.78,4,2012,25117,0,2026,4,21
은평구,진관동,구파발10단지어울림(1020~1028동)임대BL3-5,84.85,7,2012,25117,0,2026,4,21
은평구,진관동,구파발10단지어울림(1020~1028동)임대BL3-5,84.78,14,2012,25117,0,2026,4,21
은평구,불광동,한화생명불광동사옥,17.12,6,2021,1000,70,2026,4,15
은평구,역촌동,고도아파트,50.82,3,2021,43000,0,2026,4,17
은평구,증산동,DMC자이2단지,115.61,15,2009,60000,60,2026,4,16
은평구,진관동,구파발10단지어울림(1020~1028동)임대BL3-5,84.69,8,2012,25117,0,2026,4,21
은평구,진관동,구파발10단지어울림(1020~1028동)임대BL3-5,59.99,3,2012,16107,0,2026,4,21
은평구,진관동,구파발10단지어울림(1020~1028동)임대BL3-5,84.78,3,2012,25117,0,2026,4,20
은평구,진관동,우물골2단지두산위브(245~255동)BL2-6,101.42,4,2009,60000,0,2026,4,20
은평구,진관동,구파발10단지어울림(1020~1028동)임대BL3-5,59.99,4,2012,16107,0,2026,4,21
은평구,진관동,구파발10단지어울림(1020~1028동)임대BL3-5,84.78,9,2012,25117,0,2026,4,21
은평구,진관동,구파발10단지어울림(1020~1028동)임대BL3-5,84.78,12,2012,25117,0,2026,4,21
은평구,진관동,구파발10단지어울림(1020~1028동)임대BL3-5,84.69,9,2012,30140,0,2026,4,20
은평구,진관동,구파발10단지어울림(1020~1028동)임대BL3-5,84.78,10,2012,25117,0,2026,4,20
은평구,진관동,구파발10단지어울림(1020~1028동)임대BL3-5,59.99,3,2012,17717,0,2026,4,21
은평구,진관동,구파발10단지어울림(1020~1028동)임대BL3-5,84.78,13,2012,25117,0,2026,4,21
은평구,진관동,구파발10단지어울림(1020~1028동)임대BL3-5,84.85,6,2012,25117,0,2026,4,20
은평구,응암동,녹번역e편한세상캐슬,39.95,3,2021,10756,26,2026,4,20
은평구,진관동,구파발10단지어울림(1020~1028동)임대BL3-5,84.78,4,2012,25117,0,2026,4,21
은평구,진관동,구파발10단지어울림(1020~1028동)임대BL3-5,84.78,4,2012,25117,0,2026,4,20
은평구,진관동,구파발10단지어울림(1020~1028동)임대BL3-5,84.85,8,2012,25117,0,2026,4,20
은평구,진관동,구파발10단지어울림(1020~1028동)임대BL3-5,84.69,6,2012,25117,0,2026,4,20
은평구,진관동,구파발10단지어울림(1020~1028동)임대BL3-5,59.98,8,2012,16107,0,2026,4,20
은평구,진관동,구파발10단지어울림(1020~1028동)임대BL3-5,84.85,13,2012,25117,0,2026,4,20
은평구,녹번동,래미안베라힐즈,59.99,11,2019,65000,0,2026,4,20
은평구,증산동,DMC월드,80.931,16,2002,50000,0,2026,4,20
은평구,진관동,마고정3단지센트레빌(301~309동)BL2-11,39.18,3,2009,3587,19,2026,4,20
은평구,진관동,상림마을8단지롯데캐슬(821~830동)BL1-12,84.79,8,2008,56000,0,2026,4,18
은평구,진관동,구파발10단지어울림(1020~1028동)임대BL3-5,84.85,4,2012,25117,0,2026,4,20
은평구,응암동,경남,84.9,4,1995,38000,0,2026,4,18
은평구,증산동,DMC우방,114.97,10,2000,48000,55,2026,4,18
은평구,진관동,마고정3단지센트레빌(310~322동)BL2-3,84.04,2,2009,50000,0,2026,4,18
은평구,응암동,녹번역e편한세상캐슬,59.96,9,2021,70000,0,2026,4,20
은평구,진관동,구파발10단지어울림(1020~1028동)임대BL3-5,84.69,3,2012,25117,0,2026,4,20
은평구,진관동,구파발10단지어울림(1020~1028동)임대BL3-5,84.85,3,2012,25117,0,2026,4,20
은평구,진관동,구파발10단지어울림(1020~1028동)임대BL3-5,84.69,15,2012,25117,0,2026,4,20
은평구,진관동,구파발10단지어울림(1020~1028동)임대BL3-5,84.85,7,2012,25117,0,2026,4,20
은평구,진관동,구파발10단지어울림(1020~1028동)임대BL3-5,84.78,8,2012,25117,0,2026,4,20
은평구,진관동,구파발10단지어울림(1020~1028동)임대BL3-5,59.99,7,2012,17717,0,2026,4,20
은평구,구산동,구산그린빌,59.76,7,2009,15000,50,2026,4,17
은평구,진관동,상림마을8단지롯데캐슬(821~830동)BL1-12,84.79,8,2008,56000,0,2026,4,18
은평구,응암동,백련산힐스테이트3차,84.59,15,2011,39880,0,2026,4,20
은평구,증산동,선정(178),84.7472,7,2002,42300,0,2026,4,20
은평구,수색동,DMC롯데캐슬더퍼스트,84.93,25,2021,68000,0,2026,4,18
은평구,진관동,구파발10단지어울림(1020~1028동)임대BL3-5,84.85,2,2012,25117,0,2026,4,20
은평구,진관동,구파발10단지어울림(1020~1028동)임대BL3-5,59.99,3,2012,16912,0,2026,4,20
은평구,수색동,e편한세상 수색 에코포레,59.895,10,2003,22000,42,2026,4,18
은평구,진관동,구파발9단지래미안(916~928동)BL3-2,166.75,10,2010,8500,260,2026,4,5
은평구,진관동,상림마을6단지푸르지오(615~621동)BL1-6,101.61,7,2008,56500,0,2026,4,17
은평구,수색동,DMC아트포레자이,73.99,9,2023,73500,0,2026,4,18
은평구,신사동,은평자이더스타,49.999,25,2026,50000,0,2026,4,18
은평구,진관동,은평뉴타운기자촌11단지,59.78,11,2015,41895,0,2026,4,17
은평구,응암동,백련산에스케이뷰아이파크,84.9039,21,2020,34600,74,2026,4,18
은평구,역촌동,더미다스역촌,46.6,8,2024,43500,0,2026,4,13
은평구,응암동,백련산에스케이뷰아이파크,59.9335,9,2020,49000,40,2026,4,18
은평구,응암동,대주피오레,128.92,3,2003,60000,0,2026,4,20
은평구,응암동,백련산힐스테이트2차,59.95,5,2011,44000,40,2026,4,18
은평구,응암동,백련산해모로,59.93,7,2020,45000,0,2026,4,10
은평구,응암동,백련산파크자이,55.885,12,2021,39900,0,2026,4,18
은평구,갈현동,갈현건영,82.94,3,2001,30000,0,2026,4,18
은평구,진관동,구파발10단지어울림(1020~1028동)임대BL3-5,59.99,7,2012,16107,0,2026,4,20
은평구,응암동,e편한세상백련산,59.71,7,2022,57000,0,2026,4,18
은평구,불광동,북한산대창센시티,59.85,6,2004,40950,0,2026,4,14
은평구,대조동,주주베에이,12.25,4,2014,1000,60,2026,4,19
은평구,응암동,힐스테이트녹번역,39.12,1,2022,11916,30,2026,4,20
은평구,진관동,상림마을6단지푸르지오(601~605동)BL1-8,84.97,3,2008,56000,0,2026,4,17
은평구,진관동,구파발10단지어울림(1020~1028동)임대BL3-5,39.83,3,2012,5288,10,2026,4,20
은평구,진관동,은평뉴타운솔하임,45.034,6,2017,47500,0,2026,4,18
은평구,응암동,힐스테이트녹번역,59.99,8,2022,66000,0,2026,4,18
은평구,녹번동,녹번JR아파트,59.866,18,2002,39900,0,2026,4,6
은평구,녹번동,북한산푸르지오,84.99,8,2015,65500,0,2026,4,18
은평구,녹번동,북한산푸르지오,59.99,10,2015,54600,0,2026,4,18
은평구,진관동,구파발10단지어울림(1020~1028동)임대BL3-5,59.99,6,2012,16107,0,2026,4,20
은평구,진관동,은평뉴타운 제각말 푸르지오(5-1단지),134.84,3,2010,78000,0,2026,4,18
은평구,불광동,북한산현대힐스테이트3차아파트,59.99,9,2010,53000,0,2026,4,20
은평구,불광동,제이타워,15.05,7,2013,10650,6,2026,4,4
은평구,응암동,백련산해모로,59.93,11,2020,47400,0,2026,4,17
은평구,녹번동,힐스테이트녹번,59.938,8,2019,30000,135,2026,4,18
은평구,구산동,브라운스톤구산,84.89,4,2006,7000,150,2026,4,8
은평구,응암동,백련산힐스테이트1차,84.59,4,2011,50000,30,2026,4,8
은평구,증산동,DMC센트럴자이(2단지),59.67,11,2023,68250,0,2026,4,17
은평구,신사동,미성,63.53,12,1987,35000,0,2026,4,16
은평구,진관동,구파발9단지래미안(901~915동)임대BL3-3,84.84,10,2010,40057,0,2026,4,17
은평구,증산동,DMC센트럴자이(2단지),59.97,16,2023,75000,0,2026,4,9
은평구,신사동,응암역효성해링턴플레이스,59.99,6,2019,49000,0,2026,4,17
은평구,응암동,백련산힐스테이트3차,59.63,7,2011,12000,150,2026,4,5
은평구,불광동,LUMINO816,35.84,5,2024,9300,59,2026,4,17
은평구,응암동,백련산힐스테이트3차,59.63,10,2011,47000,0,2026,4,9
은평구,증산동,DMC센트럴자이(2단지),59.97,6,2023,73000,0,2026,4,15
은평구,수색동,DMC아트포레자이,84.99,15,2023,70000,0,2026,4,17
은평구,대조동,유진아이디움,14.03,9,2019,14500,0,2026,4,14
은평구,불광동,LUMINO816,35.84,7,2024,7000,68,2026,4,17
은평구,수색동,DMC아트포레자이,84.99,10,2023,74000,0,2026,4,15
은평구,진관동,상림마을8단지롯데캐슬(810~820동)BL1-1,84.79,6,2008,55000,0,2026,4,4
은평구,응암동,녹번역e편한세상캐슬,59.97,3,2021,64500,0,2026,4,17
은평구,대조동,베르디움STAY1,36.2275,6,2022,8742,59,2026,4,17
은평구,갈현동,호림리슈리안아파트,56.7496,15,2022,56900,0,2026,4,17
은평구,수색동,청구,59.97,13,2000,44100,0,2026,4,17
은평구,녹번동,녹번2현대,117.35,16,2001,50000,0,2026,4,17
은평구,수색동,DMCSK뷰아이파크포레,59.96,9,2025,64000,0,2026,4,16
은평구,응암동,백련산힐스테이트4차,84.98,6,2018,60000,0,2026,4,11
은평구,불광동,정익제이원5차,20.54,12,2016,20000,10,2026,4,9
은평구,갈현동,호림리슈리안아파트,56.7496,5,2022,55100,0,2026,4,17
은평구,구산동,갈현현대,84.83,11,1998,7000,100,2026,4,11
은평구,불광동,연신내역루체스테이션,35.606,9,2024,11000,49,2026,4,15
은평구,진관동,박석고개1단지힐스테이트(116~131동)BL2-1,59.63,7,2009,57000,0,2026,4,13
은평구,대조동,베르디움STAY1,36.2415,6,2022,13219,21,2026,4,16
은평구,대조동,베르디움STAY1,36.2275,10,2022,3439,36,2026,4,16
은평구,응암동,백련산힐스테이트1차,59.85,13,2011,44000,27,2026,4,6
은평구,대조동,베르디움STAY1,36.2415,9,2022,4814,50,2026,4,16
은평구,진관동,우물골2단지두산위브(204~208동)BL2-5,59.36,5,2009,10912,17,2026,4,16
은평구,진관동,우물골2단지두산위브(209~222동)BL2-8,167.64,9,2009,15000,300,2026,4,13
은평구,진관동,구파발10단지어울림(1020~1028동)임대BL3-5,59.99,1,2012,16107,0,2026,4,17
은평구,진관동,마고정3단지센트레빌(310~322동)BL2-3,84.17,5,2009,42997,0,2026,4,16
은평구,진관동,상림마을6단지푸르지오(601~605동)BL1-8,84.79,8,2008,52000,0,2026,4,15
은평구,대조동,베르디움STAY1,36.2415,11,2022,9279,41,2026,4,17
은평구,대조동,베르디움STAY1,36.2415,18,2022,4814,50,2026,4,16
은평구,대조동,베르디움STAY1,36.4302,11,2022,21300,13,2026,4,16
은평구,증산동,DMC센트럴자이(3단지),84.85,15,2023,79800,0,2026,4,14
은평구,구산동,갈현현대,84.83,5,1998,44000,0,2026,4,8
은평구,진관동,구파발10단지어울림(1020~1028동)임대BL3-5,84.78,2,2012,25117,0,2026,4,14
은평구,대조동,베르디움STAY1,36.2275,23,2022,5669,9,2026,4,16
은평구,대조동,베르디움STAY1,36.2275,9,2022,6629,29,2026,4,16
은평구,신사동,은평신사두산위브,84.997,6,2006,50000,0,2026,4,15
은평구,응암동,드림타워녹번역,67.54,5,2026,46000,0,2026,4,16
은평구,대조동,베르디움STAY1,21.9733,5,2022,11500,23,2026,4,16
은평구,진관동,우물골2단지두산위브(223~244동)BL2-7,101.53,8,2010,75000,0,2026,4,16
은평구,수색동,DMC 진흥,78.2853,10,2003,44100,0,2026,4,16
은평구,불광동,북한산힐스테이트7차,84.947,4,2011,54600,0,2026,4,14
은평구,갈현동,호림리슈리안아파트,56.7496,15,2022,45100,0,2026,4,16
은평구,불광동,연신내역루체스테이션,35.432,21,2024,6000,69,2026,4,10
은평구,구산동,뉴월드빌(16-28),84.96,5,2003,32000,0,2026,4,6
은평구,응암동,백련산해모로,59.93,3,2020,52000,0,2026,4,13
은평구,응암동,백련산해모로,59.93,15,2020,52400,0,2026,4,15
은평구,불광동,정익제이원5차,20.54,12,2016,20000,10,2026,4,9
은평구,응암동,힐스테이트녹번역,39.12,14,2022,11916,30,2026,4,15
은평구,응암동,백련산파크자이,84.669,5,2021,50000,50,2026,4,10
은평구,녹번동,힐스테이트녹번,59.938,5,2019,59850,0,2026,4,11
은평구,구산동,경향파크,124.81,9,1989,40000,0,2026,4,4
은평구,대조동,베르디움STAY1,24.2466,18,2022,10800,22,2026,4,15
은평구,대조동,베르디움STAY1,21.9733,11,2022,9000,35,2026,4,15
은평구,진관동,우물골2단지두산위브(223~244동)BL2-7,84.43,9,2010,63000,0,2026,4,4
은평구,녹번동,힐스테이트녹번,84.9,2,2019,76000,0,2026,4,15
은평구,불광동,북한산힐스테이트1차아파트,59.817,5,2009,5000,110,2026,4,1
은평구,신사동,미성,63.53,1,1987,5000,100,2026,4,11
은평구,수색동,DMCSKVIEW,84.9965,6,2023,73500,0,2026,4,14
은평구,진관동,구파발9단지래미안(901~915동)임대BL3-3,84.84,2,2010,40057,0,2026,4,15
은평구,응암동,녹번역e편한세상캐슬,114.94,17,2021,85100,20,2026,4,3
은평구,진관동,구파발9단지래미안(901~915동)임대BL3-3,84.84,7,2010,40057,0,2026,4,14
은평구,진관동,우물골2단지두산위브(204~208동)BL2-5,59.36,1,2009,10912,17,2026,4,14
은평구,진관동,구파발10단지어울림(1020~1028동)임대BL3-5,84.78,2,2012,25117,0,2026,4,14
은평구,진관동,우물골2단지두산위브(204~208동)BL2-5,59.37,5,2009,2859,48,2026,4,14
은평구,진관동,마고정3단지센트레빌(310~322동)BL2-3,84.04,9,2009,42997,0,2026,4,14
은평구,대조동,유진아이디움,14.03,9,2019,14500,0,2026,4,14
은평구,진관동,우물골2단지두산위브(204~208동)BL2-5,59.37,4,2009,11073,16,2026,4,14
은평구,진관동,우물골2단지두산위브(201~203동)BL2-4,84.51,4,2009,42997,0,2026,4,14
은평구,대조동,베르디움STAY1,36.2275,23,2022,3979,18,2026,4,15
은평구,녹번동,래미안베라힐즈,38.28,15,2019,15040,40,2026,4,14
은평구,증산동,DMC센트럴자이(1단지),84.96,6,2023,74970,0,2026,4,12
은평구,녹번동,래미안베라힐즈,38.28,11,2019,16364,45,2026,4,14
은평구,응암동,드림타워녹번역,66.19,4,2026,47000,0,2026,4,4
은평구,신사동,미래하임(아파트),44.96,7,2015,13000,80,2026,4,14
은평구,진관동,폭포동4단지힐스테이트(426~428동)BL3-11,101.92,4,2010,65000,0,2026,4,10
은평구,녹번동,래미안베라힐즈,38.28,6,2019,9077,23,2026,4,14
은평구,응암동,미소세상,29.99,2,2017,19000,40,2026,4,11
은평구,응암동,e편한세상백련산,84.72,7,2022,59000,0,2026,4,13
은평구,대조동,베르디움STAY1,21.9733,14,2022,11500,23,2026,4,14
은평구,대조동,정익제이원아파트(15-114),26.65,7,2015,22000,0,2026,4,13
은평구,불광동,연신내역루체스테이션,35.432,20,2024,9485,39,2026,4,10
은평구,수색동,DMCSK뷰아이파크포레,102.74,4,2025,30000,250,2026,4,9
은평구,응암동,미소세상,29.99,2,2017,19000,40,2026,4,11
은평구,응암동,녹번역e편한세상캐슬,59.97,11,2021,63000,0,2026,4,14
은평구,응암동,위산일리온시티,26.9,16,2020,24000,35,2026,4,13
은평구,진관동,마고정3단지센트레빌(301~309동)BL2-11,84.62,2,2009,42997,0,2026,4,13
은평구,갈현동,THESTUDIO163,17.89,5,2024,6300,43,2026,4,3
은평구,신사동,신사씨티,82.71,3,1993,10000,120,2026,4,13
은평구,불광동,북한산현대힐스테이트3차아파트,59.99,5,2010,10500,115,2026,4,8
은평구,진관동,은평뉴타운 제각말 푸르지오(5-3단지),84.89,6,2010,57700,0,2026,4,13
은평구,증산동,DMC월드,80.931,17,2002,31000,0,2026,4,11
은평구,대조동,베르디움STAY1,36.2275,11,2022,3979,18,2026,4,13
은평구,진관동,우물골2단지두산위브(204~208동)BL2-5,59.89,2,2009,52000,0,2026,4,12
은평구,응암동,백련산해모로,84.99,4,2020,58000,0,2026,4,11
은평구,응암동,녹번역e편한세상캐슬,59.96,9,2021,68000,0,2026,4,4
은평구,진관동,박석고개1단지힐스테이트(116~131동)BL2-1,59.63,5,2009,38000,45,2026,4,3
은평구,불광동,연신내역루체스테이션,35.432,18,2024,9000,41,2026,4,10
은평구,수색동,DMC자이1단지,37.97,1,2009,71500,0,2026,4,12
은평구,응암동,백련산힐스테이트2차,84.37,10,2011,53000,0,2026,4,3
은평구,대조동,베르디움STAY1,36.2415,15,2022,9279,41,2026,4,13
은평구,대조동,베르디움STAY1,21.9733,23,2022,11500,24,2026,4,13
은평구,불광동,라이프미성,66.7,1,1988,5000,100,2026,4,11
은평구,수색동,DMC롯데캐슬더퍼스트,59.96,6,2021,16500,200,2026,4,11
은평구,불광동,베로니스,28.84,7,2019,4000,75,2026,4,11
은평구,응암동,드림타워녹번역,64.42,6,2026,47000,0,2026,4,11
은평구,증산동,DMC센트럴자이(3단지),84.92,24,2023,70000,0,2026,4,13
은평구,응암동,힐스테이트녹번역,39.12,5,2022,12051,30,2026,4,13
은평구,대조동,디안(89-77),83.02,3,2005,36000,0,2026,4,4
은평구,응암동,백련산에스케이뷰아이파크,59.9335,9,2020,53500,0,2026,4,11
은평구,응암동,명진,90.52,3,2004,42000,0,2026,4,10
은평구,진관동,박석고개1단지힐스테이트(116~131동)임대BL2-1,49.74,6,2009,9390,1,2026,4,11
은평구,진관동,구파발10단지어울림(1011~1019동)BL3-1,84.8,3,2010,64000,0,2026,4,11
은평구,불광동,북한산힐스테이트7차,59.981,14,2011,50400,0,2026,4,8
은평구,응암동,백련산에스케이뷰아이파크,40.6525,7,2020,2805,17,2026,4,13
은평구,진관동,구파발10단지어울림(1011~1019동)BL3-1,101.84,8,2010,62000,0,2026,4,11
은평구,수색동,DMCSKVIEW,59.9865,2,2023,18000,200,2026,4,11
은평구,응암동,드림타워녹번역,67.54,8,2026,47000,0,2026,4,11
은평구,증산동,DMC센트럴자이(4단지),55.93,19,2023,20000,180,2026,4,11
은평구,응암동,녹번역e편한세상캐슬,59.97,13,2021,68000,0,2026,4,12
은평구,응암동,녹번역e편한세상캐슬,59.96,2,2021,53000,45,2026,4,11
은평구,대조동,베르디움STAY1,36.2275,11,2022,5669,9,2026,4,13
은평구,불광동,한화생명불광동사옥,17.12,12,2021,1000,80,2026,4,10
은평구,불광동,북한산현대홈타운,84.9956,6,2004,54000,0,2026,4,10
은평구,대조동,베르디움STAY1,21.9733,18,2022,9000,34,2026,4,13
은평구,대조동,베르디움STAY1,36.2415,24,2022,7949,35,2026,4,10
은평구,응암동,녹번역e편한세상캐슬,59.96,5,2021,65000,0,2026,4,11
은평구,수색동,e편한세상 수색 에코포레,59.895,5,2003,40000,0,2026,4,9
은평구,응암동,백련산에스케이뷰아이파크,84.9039,17,2020,18000,220,2026,4,11
은평구,수색동,DMC롯데캐슬더퍼스트,84.93,7,2021,30000,190,2026,4,11
은평구,역촌동,역촌센트레빌,84.99,7,2011,50000,0,2026,4,10
은평구,녹번동,힐스테이트녹번,40.02,14,2019,15636,43,2026,4,10
은평구,신사동,신성,61.32,5,1988,27300,0,2026,4,11
은평구,증산동,DMC센트럴자이(1단지),84.92,6,2023,78750,0,2026,4,11
은평구,대조동,베르디움STAY1,21.9733,19,2022,9000,34,2026,4,10
은평구,진관동,은평뉴타운기자촌11단지,59.88,11,2015,10000,160,2026,4,10
은평구,불광동,삼익(217-9),84.71,1,1992,37000,0,2026,4,10
은평구,녹번동,힐스테이트녹번,84.9,18,2019,30000,150,2026,4,10
은평구,응암동,녹번역e편한세상캐슬,99.76,21,2021,70000,70,2026,4,10
은평구,대조동,베르디움STAY1,17.7316,9,2022,8500,32,2026,4,10
은평구,녹번동,북한산푸르지오,84.99,19,2015,20000,180,2026,4,10
은평구,진관동,마고정3단지센트레빌(310~322동)BL2-3,84.27,2,2009,61000,0,2026,4,10
은평구,대조동,워너빌,14.85,6,2013,9030,0,2026,4,10
은평구,진관동,구파발10단지어울림(1020~1028동)임대BL3-5,84.78,8,2012,25117,0,2026,4,10
은평구,증산동,DMC센트럴자이(2단지),59.97,18,2023,60000,70,2026,4,4
은평구,대조동,메트하임,14.03,9,2020,1000,75,2026,4,8
은평구,대조동,DasHaus,20.05,6,2013,2000,52,2026,4,10
은평구,구산동,브라운스톤구산,84.89,5,2006,30000,50,2026,4,3
은평구,대조동,미르라이프,14.23,6,2013,1000,65,2026,4,9
은평구,대조동,베르디움STAY1,21.9733,24,2022,11500,23,2026,4,10
은평구,신사동,응암역효성해링턴플레이스,71.93,13,2019,30000,120,2026,4,9
은평구,응암동,녹번역e편한세상캐슬,59.94,15,2021,3000,200,2026,4,8
은평구,응암동,녹번역e편한세상캐슬,59.96,16,2021,60900,0,2026,4,8
은평구,신사동,신사동한신휴플러스,84.65,3,2003,48000,0,2026,4,8
은평구,증산동,DMC센트럴자이(2단지),59.97,10,2023,20000,220,2026,4,2
은평구,불광동,북한산현대힐스테이트3차아파트,59.99,10,2010,52000,0,2026,4,9
은평구,대조동,베르디움STAY1,36.2415,21,2022,13219,21,2026,4,10
은평구,대조동,베르디움STAY1,36.2415,7,2022,13219,21,2026,4,9
은평구,응암동,백련산해모로,54.64,8,2020,35000,55,2026,4,9
은평구,대조동,베르디움STAY1,36.2275,6,2022,5669,9,2026,4,9
은평구,대조동,주주베에이,13.56,7,2014,1000,60,2026,4,9
은평구,진관동,구파발10단지어울림(1020~1028동)임대BL3-5,84.85,8,2012,25117,0,2026,4,9
은평구,진관동,구파발10단지어울림(1020~1028동)임대BL3-5,84.78,3,2012,25117,0,2026,4,9
은평구,진관동,폭포동4단지힐스테이트(401~407동)임대BL2-10,84.96,14,2010,38587,0,2026,4,9
은평구,진관동,폭포동4단지힐스테이트(401~407동)임대BL2-10,84.95,16,2010,38587,0,2026,4,9
은평구,진관동,우물골2단지두산위브(223~244동)BL2-7,167.71,6,2010,85000,0,2026,4,8
은평구,녹번동,힐스테이트녹번,84.898,7,2019,63000,12,2026,4,4
은평구,불광동,불광롯데캐슬,59.99,12,2018,55000,0,2026,4,4
은평구,대조동,베르디움STAY1,36.2275,13,2022,9449,15,2026,4,9
은평구,신사동,응암역효성해링턴플레이스,75.72,3,2019,49000,0,2026,4,8
은평구,역촌동,센트레빌아스테리움시그니처,59.9995,8,2024,50000,0,2026,4,9
은평구,응암동,백련산힐스테이트2차,84.37,12,2011,10000,165,2026,4,7
은평구,구산동,구산주택,33.87,9,2022,8200,51,2026,4,8
은평구,대조동,베르디움STAY1,36.2415,6,2022,13219,21,2026,4,9
은평구,불광동,라이프미성,66.7,13,1988,30000,30,2026,4,8
은평구,대조동,베르디움STAY1,36.2275,27,2022,9449,15,2026,4,9
은평구,수색동,DMC롯데캐슬더퍼스트,49.86,12,2021,18323,47,2026,4,9
은평구,진관동,구파발10단지어울림(1020~1028동)임대BL3-5,84.78,2,2012,25117,0,2026,4,8
은평구,대조동,베르디움STAY1,36.2415,8,2022,13219,21,2026,4,9
은평구,불광동,북한산힐스테이트7차,84.947,14,2011,20000,150,2026,4,8
은평구,응암동,녹번역e편한세상캐슬,59.96,13,2021,66000,0,2026,4,3
은평구,구산동,은평서해그랑블,59.6483,6,2022,37500,0,2026,4,3
은평구,대조동,베르디움STAY1,36.2275,18,2022,6629,29,2026,4,9
은평구,대조동,베르디움STAY1,36.2275,20,2022,3439,36,2026,4,8
은평구,대조동,메트하임,14.03,12,2020,14500,0,2026,4,9
은평구,진관동,구파발10단지어울림(1011~1019동)BL3-1,84.78,6,2010,58000,0,2026,4,7
은평구,수색동,DMC롯데캐슬더퍼스트,59.96,12,2021,60000,11,2026,4,3
은평구,응암동,백련산해모로,39.1,8,2020,10248,26,2026,4,8
은평구,대조동,베르디움STAY1,36.2275,9,2022,3979,18,2026,4,8
은평구,녹번동,녹번JR아파트,59.866,8,2002,30975,0,2026,4,4
은평구,응암동,녹번역e편한세상캐슬,84.94,14,2021,80000,0,2026,4,8
은평구,응암동,백련산힐스테이트3차,59.63,6,2011,47000,0,2026,4,2
은평구,응암동,드림타워녹번역,66.19,7,2026,49000,0,2026,4,7
은평구,응암동,백련산해모로,39.1,5,2020,12364,32,2026,4,8
은평구,녹번동,녹번2현대,84.94,3,2001,38000,0,2026,4,1
은평구,대조동,베르디움STAY1,48.9148,22,2022,20300,40,2026,4,8
은평구,불광동,라이프미성,66.7,5,1988,10000,90,2026,4,3
은평구,불광동,북한산현대힐스테이트3차아파트,59.99,14,2010,30000,80,2026,4,8
은평구,불광동,남양구르미아파트,84.75,4,2005,30000,0,2026,4,8
은평구,불광동,정익제이원5차,16.07,6,2016,15600,0,2026,4,4
은평구,녹번동,힐스테이트녹번,39.006,14,2019,13696,38,2026,4,8
은평구,수색동,DMC롯데캐슬더퍼스트,39.83,11,2021,10615,26,2026,4,7
은평구,대조동,베르디움STAY1,36.2415,15,2022,13219,21,2026,4,7
은평구,진관동,폭포동4단지힐스테이트(408~422동)BL3-9,101.92,18,2010,63000,0,2026,4,7
은평구,수색동,DMC롯데캐슬더퍼스트,49.86,15,2021,12672,63,2026,4,7
은평구,수색동,DMCSK뷰아이파크포레,39.97,11,2025,3000,168,2026,4,6
은평구,수색동,DMCSKVIEW,112.8737,10,2023,101850,0,2026,4,7
은평구,진관동,은평뉴타운솔하임,45.044,15,2017,33000,0,2026,4,4
은평구,증산동,두산위브,118.8957,4,2005,68000,0,2026,4,7
은평구,대조동,베르디움STAY1,36.2415,9,2022,13219,21,2026,4,7
은평구,응암동,백련산파크자이,49.759,14,2021,8000,180,2026,4,7
은평구,신사동,미성,63.53,3,1987,30000,0,2026,4,2
은평구,진관동,상림마을8단지롯데캐슬(810~820동)BL1-1,84.79,9,2008,59850,0,2026,4,6
은평구,수색동,e편한세상 수색 에코포레,114.69,11,2003,20000,150,2026,4,6
은평구,응암동,녹번역e편한세상캐슬,84.94,23,2021,77000,0,2026,4,6
은평구,응암동,백련산에스케이뷰아이파크,40.6525,3,2020,1805,19,2026,4,7
은평구,진관동,상림마을7단지아이파크(719~729동)BL1-13,134.96,3,2008,68000,0,2026,4,5
은평구,불광동,라이프미성,84.65,12,1988,10000,145,2026,4,6
은평구,응암동,녹번역e편한세상캐슬,59.97,6,2021,50000,60,2026,4,6
은평구,증산동,DMC덕원,59.99,5,1997,35000,0,2026,4,5
은평구,대조동,베르디움STAY1,36.2415,16,2022,13219,21,2026,4,6
은평구,대조동,베르디움STAY1,36.2415,16,2022,9279,41,2026,4,6
은평구,녹번동,대림아파트(276),84.94,4,1993,50000,0,2026,4,6
은평구,응암동,백련산힐스테이트4차,59.98,9,2018,10000,103,2026,4,6
은평구,응암동,힐스테이트녹번역,84.99,18,2022,75000,0,2026,4,4
은평구,수색동,DMC파인시티자이,43.69,9,2025,3455,21,2026,4,6
은평구,응암동,녹번역e편한세상캐슬,59.97,20,2021,5000,200,2026,4,6
은평구,수색동,e편한세상 수색 에코포레,84.951,9,2003,50000,0,2026,4,4
은평구,대조동,베르디움STAY1,36.2415,13,2022,13219,21,2026,4,6
은평구,수색동,DMC롯데캐슬더퍼스트,49.86,4,2021,5000,200,2026,4,4
은평구,갈현동,한솔,114.98,5,1997,20000,100,2026,4,6
은평구,구산동,구산주택,17.6,19,2022,5300,39,2026,4,6
은평구,응암동,드림타워녹번역,64.42,5,2026,46000,0,2026,4,4
은평구,응암동,녹번역e편한세상캐슬,59.96,7,2021,35000,110,2026,4,4
은평구,대조동,베르디움STAY1,36.2275,18,2022,9449,15,2026,4,6
은평구,응암동,백련산에스케이뷰아이파크,59.8545,9,2020,57750,0,2026,4,5
은평구,진관동,우물골2단지두산위브(223~244동)BL2-7,134.43,2,2010,5000,132,2026,4,4
은평구,대조동,베르디움STAY1,36.2415,18,2022,13219,21,2026,4,5
은평구,대조동,베르디움STAY1,36.2415,10,2022,4124,43,2026,4,3
은평구,응암동,백련산힐스테이트4차,84.98,19,2018,40000,150,2026,4,3
은평구,응암동,드림타워녹번역,67.64,7,2026,49000,0,2026,4,4
은평구,응암동,녹번역e편한세상캐슬,59.96,7,2021,60000,0,2026,4,4
은평구,진관동,우물골2단지두산위브(223~244동)BL2-7,84.69,5,2010,65000,0,2026,4,3
은평구,증산동,DMC월드,80.931,3,2002,51000,0,2026,4,4
은평구,응암동,녹번역e편한세상캐슬,84.94,4,2021,59000,0,2026,4,4
은평구,수색동,DMC아트포레자이,59.9,10,2023,60900,0,2026,4,4
은평구,대조동,베르디움STAY1,36.2415,23,2022,13219,21,2026,4,4
은평구,진관동,박석고개1단지힐스테이트(101~111동)BL2-12,84.72,16,2009,35000,150,2026,4,5
은평구,응암동,백련산파크자이,84.901,1,2021,30000,140,2026,4,4
은평구,대조동,베르디움STAY1,36.2415,10,2022,13219,21,2026,4,3
은평구,대조동,베르디움STAY1,36.2275,25,2022,9449,15,2026,4,4
은평구,대조동,베르디움STAY1,36.2415,5,2022,13219,21,2026,4,5
은평구,진관동,폭포동4단지힐스테이트(408~422동)BL3-9,166.98,11,2010,40000,240,2026,4,5
은평구,증산동,DMC센트럴자이(1단지),84.96,5,2023,87000,0,2026,4,4
은평구,녹번동,녹번JR아파트,59.866,10,2002,44000,0,2026,4,5
은평구,녹번동,녹번JR아파트,59.866,5,2002,30450,30,2026,4,4
은평구,대조동,베르디움STAY1,36.2275,19,2022,5669,9,2026,4,5
은평구,대조동,베르디움STAY1,36.2275,17,2022,5669,9,2026,4,5
은평구,대조동,베르디움STAY1,36.2275,12,2022,3979,18,2026,4,4
은평구,대조동,베르디움STAY1,36.2415,17,2022,11959,28,2026,4,3
은평구,대조동,베르디움STAY1,36.2415,25,2022,13219,21,2026,4,3
은평구,응암동,백련산힐스테이트2차,59.63,7,2011,3000,128,2026,4,3
은평구,응암동,조이팰리스(90-23),84.32,10,2003,43800,0,2026,4,2
은평구,대조동,베르디움STAY1,36.2415,12,2022,13219,21,2026,4,3
은평구,대조동,베르디움STAY1,36.2275,13,2022,9449,15,2026,4,3
은평구,대조동,베르디움STAY1,36.2275,15,2022,2064,22,2026,4,3
은평구,진관동,폭포동4단지힐스테이트(408~422동)BL3-9,101.97,6,2010,60900,0,2026,4,3
은평구,진관동,폭포동4단지힐스테이트(408~422동)BL3-9,101.97,6,2010,60900,0,2026,4,3
은평구,응암동,녹번역e편한세상캐슬,84.94,5,2021,25000,140,2026,4,3
은평구,응암동,녹번역e편한세상캐슬,59.96,4,2021,49000,0,2026,4,3
은평구,불광동,불광롯데캐슬,84.98,12,2018,44000,0,2026,4,3
은평구,대조동,베르디움STAY1,36.2415,20,2022,9959,38,2026,4,3
은평구,대조동,베르디움STAY1,36.2275,17,2022,9449,15,2026,4,3
은평구,대조동,베르디움STAY1,36.2415,24,2022,13219,21,2026,4,3
은평구,진관동,폭포동4단지힐스테이트(408~422동)BL3-9,101.97,6,2010,60900,0,2026,4,3
은평구,대조동,베르디움STAY1,36.2275,16,2022,3979,18,2026,4,3
은평구,신사동,은평신사두산위브,84.997,1,2006,59000,0,2026,4,3
은평구,대조동,베르디움STAY1,36.2275,5,2022,9449,15,2026,4,3
은평구,응암동,백련산해모로,84.91,5,2020,40000,150,2026,4,3
은평구,대조동,베르디움STAY1,36.2275,9,2022,9449,15,2026,4,3
은평구,갈현동,호림리슈리안아파트,56.7496,7,2022,44300,0,2026,4,2
은평구,대조동,베르디움STAY1,36.2415,24,2022,13219,21,2026,4,3
은평구,신사동,현대2,84.83,8,1994,8000,110,2026,4,3
은평구,녹번동,래미안베라힐즈,59.92,16,2019,59000,0,2026,4,2
은평구,녹번동,래미안베라힐즈,38.28,4,2019,9667,34,2026,4,2
은평구,갈현동,우남,133.02,8,1998,40000,0,2026,4,2
은평구,응암동,녹번역e편한세상캐슬,84.98,10,2021,20000,198,2026,4,1
은평구,구산동,브라운스톤구산,84.89,12,2006,7000,155,2026,4,2
은평구,불광동,불광롯데캐슬,84.99,9,2018,68000,0,2026,4,1
은평구,응암동,백련산힐스테이트1차,59.63,2,2011,53000,0,2026,4,1
은평구,응암동,백련산힐스테이트1차,114.9,2,2011,60000,0,2026,4,1
은평구,증산동,DMC우방,84.99,13,2000,60000,0,2026,4,1
은평구,신사동,거성리젠시,46.56,8,2023,38000,0,2026,4,1
은평구,수색동,DMCSKVIEW,84.9965,21,2023,50000,135,2026,4,1
은평구,수색동,DMC파인시티자이,84.97,5,2025,30000,210,2026,4,1
은평구,대조동,정익제이원6차,29.57,13,2017,24000,0,2026,4,1
은평구,불광동,북한산힐스테이트7차,59.981,5,2011,53000,25,2026,4,1
은평구,신사동,신사코아,117.05,7,2004,49000,0,2026,4,1
은평구,불광동,LUMINO816,17.54,5,2024,5900,41,2026,4,1
은평구,응암동,녹번역e편한세상캐슬,59.96,18,2021,67000,0,2026,4,1
서대문구,북아현동,힐스테이트신촌,52.8449,14,2023,67000,0,2026,4,23
서대문구,북아현동,e편한세상신촌3단지,59.97,7,2018,10000,300,2026,4,4
서대문구,홍제동,청구3차,84.96,9,2001,55000,0,2026,4,8
서대문구,북가좌동,DMC휴먼빌아파트,84.21,10,2008,15000,130,2026,4,14
서대문구,홍제동,성원,55.35,3,1998,39000,0,2026,4,8
서대문구,북가좌동,DMC래미안e편한세상,84.92,30,2012,40000,150,2026,4,26
서대문구,북아현동,힐스테이트신촌,52.8449,1,2023,65000,0,2026,4,29
서대문구,북아현동,힐스테이트신촌,42.074,11,2023,60000,0,2026,4,25
서대문구,북아현동,두산,59.96,15,1999,40000,30,2026,4,24
서대문구,천연동,천연뜨란채,56.02,1,2006,39000,0,2026,4,1
서대문구,남가좌동,스타타워,30.97,12,2022,18050,41,2026,4,8
서대문구,홍제동,중앙하이츠,84.79,12,2001,32000,30,2026,4,13
서대문구,홍은동,북한산두산위브,59.42,7,2020,37000,50,2026,4,11
서대문구,홍제동,인왕산현대,59.93,9,2000,39000,30,2026,4,3
서대문구,북가좌동,DMC래미안e편한세상,59.97,14,2012,63000,0,2026,4,4
서대문구,연희동,흥연,52.23,1,1981,2000,80,2026,4,26
서대문구,천연동,천연뜨란채,56.02,12,2006,52000,0,2026,4,8
서대문구,북아현동,힐스테이트신촌,42.074,11,2023,60000,0,2026,4,25
서대문구,북아현동,힐스테이트신촌,84.9557,12,2023,86000,0,2026,4,18
서대문구,연희동,연희웨스트팰리스,13.12,3,2014,1000,71,2026,4,23
서대문구,북아현동,힐스테이트신촌,52.8449,14,2023,67000,0,2026,4,23
서대문구,대현동,혜우,129.27,18,1996,65500,0,2026,4,17
서대문구,남가좌동,DMC에코자이,59.79,19,2019,25000,160,2026,4,5
서대문구,남가좌동,DMC래미안클라시스,84.9,18,2000,10000,240,2026,4,25
서대문구,남가좌동,DMC파크뷰자이1단지,84.971,13,2015,15000,270,2026,4,6
서대문구,홍제동,유원하나,72.34,9,1996,4000,93,2026,4,28
서대문구,남가좌동,쌍용스윗닷홈,128.21,9,2005,73500,0,2026,4,25
서대문구,남가좌동,스타타워,30.97,12,2022,18050,41,2026,4,8
서대문구,홍제동,문화촌현대,59.94,2,2002,46000,0,2026,4,28
서대문구,남가좌동,남가좌동현대,59.4,10,1999,5000,155,2026,4,27
서대문구,홍제동,문화촌현대,59.94,2,2002,5000,170,2026,4,18
서대문구,연희동,연희자이엘라,13.642,8,2014,1000,75,2026,4,25
서대문구,홍제동,홍제역해링턴플레이스,48.21,5,2024,7317,9,2026,4,13
서대문구,북아현동,힐스테이트신촌,84.6043,13,2023,70000,0,2026,4,17
서대문구,연희동,대우푸르지오,59.584,1,2002,5000,200,2026,4,30
서대문구,남가좌동,남가좌동현대,114.9,6,1999,65000,0,2026,4,10
서대문구,북아현동,힐스테이트신촌,59.8404,11,2023,7000,230,2026,4,18
서대문구,홍은동,북한산두산위브,84.98,6,2020,57200,0,2026,4,16
서대문구,홍제동,성원,55.35,3,1998,39000,0,2026,4,8
서대문구,현저동,독립문극동(200-0),114.51,20,1998,20000,200,2026,4,29
서대문구,남가좌동,DMC파크뷰자이4단지,84.968,7,2015,72840,0,2026,4,23
서대문구,홍은동,북한산두산위브,84.98,6,2020,64000,0,2026,4,29
서대문구,홍제동,홍제한양,60.06,6,1993,10000,150,2026,4,17
서대문구,현저동,독립문파크빌,59.4,9,2000,3000,150,2026,4,12
서대문구,북아현동,북아현맨션,84.95,3,1975,1000,70,2026,4,27
서대문구,홍은동,북한산더샵,84.832,17,2017,65900,0,2026,4,25
서대문구,연희동,금보,75.09,4,2004,5000,140,2026,4,14
서대문구,홍제동,서울맨션,55.07,1,1972,2000,70,2026,4,23
서대문구,영천동,독립문삼호,75.66,1,1995,54000,0,2026,4,18
서대문구,남가좌동,DMC파크뷰자이2단지,84.909,23,2015,76000,0,2026,4,3
서대문구,북아현동,신촌푸르지오,59.8802,10,2015,5000,270,2026,4,30
서대문구,북아현동,힐스테이트신촌,119.958,1,2023,1000,100,2026,4,22
서대문구,연희동,대우푸르지오,59.584,18,2002,8000,130,2026,4,16
서대문구,남가좌동,디엠씨엘가,13.03,2,2017,500,75,2026,4,28
서대문구,남가좌동,DMC센트럴아이파크,84.98,17,2018,85000,0,2026,4,29
서대문구,현저동,독립문파크빌,59.4,3,2000,3000,150,2026,4,11
서대문구,홍제동,홍제센트럴IPARK,84.9644,11,2020,30000,230,2026,4,10
서대문구,충정로3가,동호,84.87,6,2003,5000,150,2026,4,1
서대문구,천연동,천연뜨란채,55.82,7,2006,40000,8,2026,4,24
서대문구,홍제동,청구3차,84.96,9,2001,55000,0,2026,4,8
서대문구,홍제동,홍제센트럴IPARK,84.9644,7,2020,40000,105,2026,4,25
서대문구,홍제동,홍제비콘드림힐,84.9,12,2006,52000,0,2026,4,3
서대문구,홍은동,풍림1차,56.61,10,1988,30000,0,2026,4,15
서대문구,북가좌동,DMC래미안e편한세상,84.92,8,2012,77000,0,2026,4,24
서대문구,홍제동,문화촌현대,59.94,15,2002,37000,0,2026,4,19
서대문구,홍제동,청구2차,59.89,12,1997,47250,0,2026,4,17
서대문구,북가좌동,DMC래미안e편한세상,84.95,6,2012,70000,0,2026,4,21
서대문구,남가좌동,DMC파크뷰자이4단지,84.968,11,2015,63660,0,2026,4,20
서대문구,북가좌동,DMC래미안e편한세상,84.95,6,2012,70000,0,2026,4,21
서대문구,남가좌동,DMC파크뷰자이1단지,120.492,23,2015,130000,0,2026,4,27
서대문구,홍제동,홍제역해링턴플레이스,59.99,6,2024,30000,130,2026,4,11
서대문구,남가좌동,래미안루센티아,84.83,16,2020,78000,0,2026,4,25
서대문구,창천동,광남캐스빌(512-5),137.87,7,2001,88000,0,2026,4,28
서대문구,현저동,독립문극동(200-0),114.51,18,1998,92400,0,2026,4,29
서대문구,북아현동,힐스테이트신촌,59.8404,11,2023,70000,0,2026,4,17
서대문구,연희동,대우푸르지오,84.706,2,2002,68000,0,2026,4,15
서대문구,북아현동,e편한세상신촌4단지,84.89,31,2018,105000,0,2026,4,25
서대문구,홍제동,홍제역해링턴플레이스,84.95,11,2024,78000,0,2026,4,21
서대문구,북가좌동,DMC래미안e편한세상,120.95,20,2012,30000,240,2026,4,29
서대문구,북아현동,힐스테이트신촌,84.6043,13,2023,60000,110,2026,4,24
서대문구,북아현동,힐스테이트신촌,59.8404,12,2023,72500,0,2026,4,11
서대문구,홍제동,홍제역해링턴플레이스,84.95,10,2024,72000,14,2026,4,14
서대문구,홍제동,홍제센트럴IPARK,84.9728,13,2020,83000,0,2026,4,4
서대문구,연희동,연희자이엘라,13.642,3,2014,1000,75,2026,4,28
서대문구,북가좌동,월드컵현대,59.76,10,1998,47000,0,2026,4,28
서대문구,홍제동,고은,62.48,1,1975,2000,70,2026,4,11
서대문구,연희동,연희에스엠,68.06,7,2011,23000,0,2026,4,11
서대문구,홍은동,홍은미성,83.61,6,1985,5000,150,2026,4,10
서대문구,홍은동,e편한세상서대문,59.991,25,2023,20000,180,2026,4,17
서대문구,연희동,선명(101동),66.77,4,2005,10000,100,2026,4,30
서대문구,홍제동,중앙하이츠,84.79,8,2001,20000,70,2026,4,25
서대문구,대현동,신촌럭키,83.38,9,1999,70000,0,2026,4,30
서대문구,북아현동,신촌푸르지오,59.9973,9,2015,72000,0,2026,4,18
서대문구,북가좌동,DMC래미안e편한세상,59.97,4,2012,62000,0,2026,4,30
서대문구,북아현동,e편한세상신촌2단지,84.93,3,2018,30000,280,2026,4,30
서대문구,남가좌동,디엠씨엘가,30.36,7,2017,3000,140,2026,4,10
서대문구,북아현동,힐스테이트신촌,59.8404,15,2023,50000,88,2026,4,4
서대문구,대현동,신촌럭키,83.38,5,1999,73000,0,2026,4,21
서대문구,충정로3가,더스타일하우스디센트럴,36.1962,15,2020,7720,80,2026,4,30
서대문구,홍제동,남양,59.94,18,1999,43000,0,2026,4,22
서대문구,홍제동,홍제역해링턴플레이스,84.95,9,2024,70000,100,2026,4,28
서대문구,연희동,연희파크푸르지오,59.9835,6,2018,63000,0,2026,4,28
서대문구,홍제동,서대문푸르지오센트럴파크,55.25,3,2023,40000,100,2026,4,10
서대문구,대현동,신촌럭키,83.38,14,1999,73000,0,2026,4,30
서대문구,대현동,신촌럭키,83.38,9,1999,71000,0,2026,4,30
서대문구,북아현동,e편한세상신촌2단지,84.98,11,2018,40000,280,2026,4,25
서대문구,남가좌동,DMC래미안클라시스,59.59,2,2000,10000,150,2026,4,6
서대문구,남가좌동,DMC에코자이,59.442,8,2019,65100,0,2026,4,25
서대문구,홍제동,문화촌현대,59.94,4,2002,40000,0,2026,4,15
서대문구,남가좌동,DMC에코자이,59.79,9,2019,61900,0,2026,4,27
서대문구,홍은동,유원,54.54,12,1987,31000,0,2026,4,29
서대문구,영천동,독립문삼호,84.78,6,1995,65000,0,2026,4,15
서대문구,남가좌동,남가좌동현대,59.4,4,1999,5000,160,2026,4,18
서대문구,홍제동,인왕산현대,59.93,3,2000,44000,0,2026,4,30
서대문구,연희동,우국한마음,77.02,4,2005,39000,0,2026,4,4
서대문구,남가좌동,DMC금호리첸시아,59.8295,29,2024,60000,13,2026,4,30
서대문구,남가좌동,DMC센트럴아이파크,84.95,9,2018,75000,0,2026,4,29
서대문구,북가좌동,DMC래미안e편한세상,84.92,15,2012,76650,0,2026,4,25
서대문구,남가좌동,DMC금호리첸시아,59.8295,29,2024,60000,45,2026,4,30
서대문구,대현동,신촌럭키,59.7,6,1999,2000,120,2026,4,30
서대문구,북아현동,두산,59.96,10,1999,60000,0,2026,4,18
서대문구,홍제동,홍제센트럴IPARK,84.9728,11,2020,30000,200,2026,4,30
서대문구,천연동,천연뜨란채,57.78,9,2006,50000,0,2026,4,30
서대문구,북가좌동,DMC래미안e편한세상,120.95,17,2012,40000,250,2026,4,28
서대문구,천연동,천연뜨란채,56.08,9,2006,47000,0,2026,4,30
서대문구,북가좌동,DMC한양,116.76,1,1987,46200,0,2026,4,30
서대문구,홍제동,홍제역해링턴플레이스,84.99,6,2024,3000,90,2026,4,25
서대문구,북가좌동,DMC래미안e편한세상,84.92,30,2012,40000,150,2026,4,26
서대문구,북아현동,힐스테이트신촌,52.8449,1,2023,65000,0,2026,4,29
서대문구,북아현동,삼우빌라,35.64,2,2002,1000,50,2026,4,13
서대문구,홍은동,홍은동풍림아이원,130.539,2,2002,8400,205,2026,4,10
서대문구,북가좌동,DMC래미안e편한세상,59.97,7,2012,74000,0,2026,4,17
서대문구,충정로3가,더스타일하우스디센트럴,17.6626,22,2020,5310,37,2026,4,29
서대문구,홍은동,두산,84.84,1,1997,46000,0,2026,4,6
서대문구,충정로3가,더스타일하우스디센트럴,16.0626,7,2020,3650,39,2026,4,29
서대문구,현저동,독립문극동(200-0),84.96,9,1998,40000,130,2026,4,27
서대문구,합동,에스케이뷰,84.98,15,2008,34000,160,2026,4,22
서대문구,충정로3가,더스타일하우스디센트럴,17.6626,9,2020,5310,37,2026,4,20
서대문구,충정로3가,더스타일하우스디센트럴,17.6626,5,2020,5310,36,2026,4,27
서대문구,홍제동,청구1차,84.78,9,1994,49000,0,2026,4,29
서대문구,홍은동,e편한세상서대문,84.994,21,2023,10000,270,2026,4,12
서대문구,천연동,산경,134.94,6,1994,30000,150,2026,4,29
서대문구,천연동,천연뜨란채,55.82,13,2006,50400,0,2026,4,28
서대문구,북아현동,두산,59.96,17,1999,47040,0,2026,4,29
서대문구,북아현동,e편한세상신촌1단지,59.85,12,2018,77700,0,2026,4,25
서대문구,홍제동,금호어울림,59.18,4,2016,37674,0,2026,4,28
서대문구,홍은동,북한산두산위브,84.98,3,2020,58800,0,2026,4,25
서대문구,천연동,천연뜨란채,57.78,5,2006,10000,200,2026,4,28
서대문구,남가좌동,DMC파크뷰자이1단지,84.968,4,2015,72400,0,2026,4,20
서대문구,홍제동,홍제역해링턴플레이스,59.99,5,2024,72000,0,2026,4,17
서대문구,냉천동,동부센트레빌,59.86,2,2002,3000,240,2026,4,14
서대문구,충정로3가,충정리시온,45.89,10,2004,43000,0,2026,4,28
서대문구,남가좌동,래미안루센티아,47.91,11,2020,5258,9,2026,4,10
서대문구,북가좌동,DMC래미안e편한세상,84.92,4,2012,50000,140,2026,4,21
서대문구,충정로3가,더스타일하우스디센트럴,16.0626,8,2020,3650,38,2026,4,27
서대문구,홍제동,홍제역해링턴플레이스,84.99,6,2024,3000,90,2026,4,25
서대문구,북가좌동,DMC이랜드해가든,84.91,4,2007,65000,0,2026,4,28
서대문구,냉천동,동부센트레빌,84.93,9,2002,70000,0,2026,4,28
서대문구,북가좌동,한울뉴타운,73.29,6,2004,39500,0,2026,4,9
서대문구,홍은동,북한산두산위브2차,56.9161,2,2021,20000,120,2026,4,28
서대문구,북아현동,북아현맨션,84.95,4,1975,15000,0,2026,4,18
서대문구,남가좌동,DMC에코자이,59.79,16,2019,30000,150,2026,4,25
서대문구,남가좌동,DMC센트럴아이파크,84.98,10,2018,66000,0,2026,4,22
서대문구,천연동,천연뜨란채,57.78,8,2006,45000,0,2026,4,27
서대문구,남가좌동,DMC파크뷰자이1단지,84.968,9,2015,90000,0,2026,4,26
서대문구,남가좌동,DMC파크뷰자이1단지,84.974,16,2015,50000,150,2026,4,25
서대문구,남가좌동,DMC에코자이,84.978,11,2019,75000,0,2026,4,25
서대문구,홍제동,청구2차,84.95,7,1997,17000,150,2026,4,8
서대문구,홍제동,홍제한양,84.77,1,1993,45000,50,2026,4,10
서대문구,남가좌동,DMC파크뷰자이1단지,84.971,28,2015,89000,0,2026,4,17
서대문구,남가좌동,DMC파크뷰자이2단지,84.968,14,2015,65000,0,2026,4,20
서대문구,현저동,독립문극동(200-0),59.58,9,1998,57700,0,2026,4,25
서대문구,홍은동,북한산두산위브,84.78,1,2020,57750,0,2026,4,26
서대문구,북아현동,힐스테이트신촌,59.8404,9,2023,40000,123,2026,4,26
서대문구,연희동,파크카운티,84.21,1,2003,27800,0,2026,4,25
서대문구,남가좌동,래미안루센티아,59.98,20,2020,10000,220,2026,4,20
서대문구,북아현동,e편한세상신촌4단지,59.9,24,2018,84000,0,2026,4,23
서대문구,남가좌동,남가좌동현대,59.4,8,1999,5000,155,2026,4,11
서대문구,홍제동,홍제한양,60.06,4,1993,10000,120,2026,4,18
서대문구,홍은동,극동,84.92,3,1995,24000,0,2026,4,25
서대문구,남가좌동,래미안루센티아,84.95,13,2020,45000,145,2026,4,22
서대문구,대현동,신촌럭키,59.7,12,1999,5000,180,2026,4,13
서대문구,홍은동,세한숲속마을,83.91,1,2002,2800,40,2026,4,19
서대문구,북아현동,e편한세상신촌1단지,59.85,6,2018,35000,190,2026,4,18
서대문구,홍제동,금호어울림,84.759,5,2016,56500,0,2026,4,27
서대문구,영천동,독립문삼호,84.78,6,1995,70000,0,2026,4,26
서대문구,남가좌동,DMC에코자이,59.79,1,2019,68000,0,2026,4,27
서대문구,북가좌동,DMC한양,84.33,5,1987,42000,0,2026,4,4
서대문구,대현동,신촌럭키,83.38,9,1999,65000,0,2026,4,16
서대문구,북아현동,e편한세상신촌1단지,84.93,9,2018,87500,0,2026,4,24
서대문구,북아현동,힐스테이트신촌,84.9136,15,2023,86000,0,2026,4,25
서대문구,북아현동,힐스테이트신촌,84.9154,5,2023,1000,100,2026,4,17
서대문구,홍은동,동원베네스트,59.9554,2,2012,29250,0,2026,4,27
서대문구,홍제동,홍제원현대(459-0),114.72,18,2000,75000,0,2026,4,24
서대문구,홍은동,극동,84.92,3,1995,38000,0,2026,4,25
서대문구,남가좌동,DMC에코자이,59.79,9,2019,61900,0,2026,4,27
서대문구,남가좌동,DMC에코자이,84.978,22,2019,48000,0,2026,4,22
서대문구,천연동,천연뜨란채,57.78,3,2006,52000,0,2026,4,25
서대문구,남가좌동,DMC래미안클라시스,84.9,18,2000,10000,240,2026,4,25
서대문구,홍제동,무악재한화,114.17,17,2001,85000,0,2026,4,25
서대문구,남가좌동,래미안루센티아,84.83,3,2020,20000,250,2026,4,25
서대문구,천연동,천연뜨란채,56.02,15,2006,50000,0,2026,4,25
서대문구,남가좌동,DMC에코자이,84.978,3,2019,73000,0,2026,4,24
서대문구,홍제동,홍제역해링턴플레이스,84.95,4,2024,40000,123,2026,4,14
서대문구,홍제동,태영으뜸(데시앙),43.72,11,1998,10000,0,2026,4,24
서대문구,홍제동,홍제현대,75.15,3,1992,60000,0,2026,4,11
서대문구,남가좌동,DMC센트럴아이파크,84.95,8,2018,71400,0,2026,4,23
서대문구,홍제동,홍제역해링턴플레이스,59.99,10,2024,63000,0,2026,4,16
서대문구,북아현동,수목아이엠,27.63,6,2003,7000,50,2026,4,1
서대문구,북아현동,힐스테이트신촌,55.9706,10,2023,17000,100,2026,4,23
서대문구,북가좌동,DMC래미안e편한세상,120.95,2,2012,105000,0,2026,4,15
서대문구,홍제동,청구1차,84.78,5,1994,20000,150,2026,4,14
서대문구,홍제동,태영으뜸(데시앙),54.58,18,1998,42000,0,2026,4,11
서대문구,홍제동,광산,52.53,6,1973,18000,0,2026,4,3
서대문구,연희동,대우푸르지오,84.706,7,2002,71500,0,2026,4,22
서대문구,북가좌동,DMC서부인터빌,59.93,9,2008,5000,150,2026,4,23
서대문구,남가좌동,DMC파크뷰자이1단지,84.971,6,2015,65000,0,2026,4,21
서대문구,남가좌동,DMC센트레빌,84.98,8,2009,60400,0,2026,4,23
서대문구,남가좌동,DMC금호리첸시아,59.8295,21,2024,50000,55,2026,4,4
서대문구,충정로3가,충정리시온,38.7,20,2004,1000,150,2026,4,16
서대문구,남가좌동,DMC에코자이,59.79,20,2019,64000,0,2026,4,23
서대문구,홍제동,홍제역해링턴플레이스,59.99,4,2024,49000,0,2026,4,18
서대문구,홍제동,홍제역해링턴플레이스,48.21,20,2024,53300,0,2026,4,21
서대문구,북가좌동,DMC래미안e편한세상,84.92,20,2012,10000,280,2026,4,23
서대문구,홍제동,성원,55.35,7,1998,35000,15,2026,4,23
서대문구,홍은동,홍은동풍림아이원,84.918,6,2002,30000,40,2026,4,23
서대문구,홍제동,홍제역해링턴플레이스,84.95,11,2024,85000,0,2026,4,23
서대문구,북아현동,신촌푸르지오,84.9892,4,2015,100000,0,2026,4,22
서대문구,홍은동,유원,84.6,1,1987,10000,150,2026,4,23
서대문구,남가좌동,남가좌동현대,59.4,17,1999,5000,130,2026,4,22
서대문구,북가좌동,DMC래미안e편한세상,84.95,9,2012,83000,0,2026,4,22
서대문구,북가좌동,DMC한양,84.33,1,1987,49000,0,2026,4,15
서대문구,북가좌동,DMC래미안e편한세상,84.95,9,2012,83000,0,2026,4,22
서대문구,홍제동,홍제역해링턴플레이스,59.99,9,2024,63000,0,2026,4,22
서대문구,남가좌동,DMC금호리첸시아,84.9901,25,2024,35000,164,2026,4,23
서대문구,북가좌동,DMC래미안e편한세상,120.91,15,2012,86000,0,2026,4,17
서대문구,북가좌동,DMC래미안e편한세상,120.91,15,2012,86000,0,2026,4,17
서대문구,홍은동,북한산더샵,84.956,14,2017,61000,0,2026,4,22
서대문구,현저동,독립문극동(200-0),84.87,1,1998,75000,0,2026,4,9
서대문구,남가좌동,래미안루센티아,47.91,8,2020,4040,16,2026,4,20
서대문구,홍제동,금호어울림,59.18,6,2016,29400,0,2026,4,22
서대문구,남가좌동,DMC퍼스트뷰,14.54,13,2024,1000,120,2026,4,15
서대문구,북아현동,e편한세상신촌3단지,84.93,16,2018,90000,45,2026,4,21
서대문구,현저동,독립문극동(200-0),84.87,1,1998,10000,191,2026,4,4
서대문구,홍은동,북한산두산위브,33.05,1,2020,9693,24,2026,4,22
서대문구,충정로3가,더스타일하우스디센트럴,17.6626,11,2020,4650,39,2026,4,21
서대문구,홍제동,홍제역해링턴플레이스,59.99,2,2024,70000,0,2026,4,20
서대문구,충정로3가,충정리시온,44.88,19,2004,3000,135,2026,4,22
서대문구,남가좌동,디엠씨엘가,17.23,7,2017,2000,79,2026,4,19
서대문구,북가좌동,DMC래미안e편한세상,84.92,4,2012,50000,140,2026,4,21
서대문구,북가좌동,DMC래미안e편한세상,84.95,10,2012,15000,250,2026,4,21
서대문구,창천동,3RU-City,12.08,8,2013,9900,33,2026,4,17
서대문구,북아현동,e편한세상신촌2단지,59.85,11,2018,25000,225,2026,4,10
서대문구,홍은동,북한산두산위브,84.98,19,2020,64000,0,2026,4,20
서대문구,남가좌동,DMC파크뷰자이2단지,84.99,13,2015,40000,160,2026,4,21
서대문구,홍은동,홍은동풍림아이원,130.539,5,2002,45000,0,2026,4,18
서대문구,북아현동,힐스테이트신촌,59.8404,4,2023,50000,150,2026,4,18
서대문구,남가좌동,DMC파크뷰자이3단지,84.909,16,2015,57700,11,2026,4,21
서대문구,홍제동,금호어울림,59.9138,6,2016,29400,0,2026,4,21
서대문구,연희동,성원,84.95,11,2001,55000,20,2026,4,15
서대문구,남가좌동,DMC파크뷰자이5단지,59.981,3,2015,66150,0,2026,4,21
서대문구,홍제동,홍제현대,75.15,7,1992,5000,210,2026,4,3
서대문구,홍제동,홍제센트럴IPARK,34.8921,10,2020,11727,30,2026,4,20
서대문구,남가좌동,래미안남가좌2차,59.788,8,2005,27000,115,2026,4,21
서대문구,홍제동,홍제센트럴IPARK,34.8921,2,2020,10699,37,2026,4,20
서대문구,북가좌동,요진,82.08,7,1998,41000,0,2026,4,13
서대문구,홍제동,홍제원현대(459-0),114.72,11,2000,65000,0,2026,4,21
서대문구,남가좌동,래미안루센티아,84.95,8,2020,20000,260,2026,4,20
서대문구,남가좌동,DMC센트레빌,84.87,8,2009,68000,0,2026,4,17
서대문구,북가좌동,DMC래미안e편한세상,84.95,8,2012,79500,0,2026,4,18
서대문구,북가좌동,DMC래미안e편한세상,84.95,8,2012,79500,0,2026,4,18
서대문구,남가좌동,래미안루센티아,52.23,8,2020,5736,10,2026,4,20
서대문구,홍은동,동원베네스트,59.9554,4,2012,17425,0,2026,4,20
서대문구,북가좌동,DMC래미안e편한세상,84.95,8,2012,79500,0,2026,4,18
서대문구,홍제동,홍제센트럴IPARK,34.8921,8,2020,11795,29,2026,4,20
서대문구,홍은동,홍은동아더프라임,74.8918,16,2014,59000,0,2026,4,11
서대문구,충정로3가,더스타일하우스디센트럴,16.0626,4,2020,4870,33,2026,4,16
서대문구,홍제동,홍제맨션,82.71,2,1971,29000,0,2026,4,18
서대문구,홍은동,동원베네스트,59.9554,3,2012,20910,0,2026,4,20
서대문구,남가좌동,DMC에코자이,72.969,7,2019,71000,0,2026,4,7
서대문구,북가좌동,신일해피트리,84.98,6,2005,48000,0,2026,4,20
서대문구,연희동,연희자이엘라,13.642,12,2014,1000,80,2026,4,7
서대문구,충정로3가,더스타일하우스디센트럴,16.0626,6,2020,4870,33,2026,4,20
서대문구,영천동,독립문삼호,84.78,12,1995,65000,0,2026,4,11
서대문구,남가좌동,래미안루센티아,84.95,4,2020,77700,0,2026,4,11
서대문구,북가좌동,DMC래미안e편한세상,39.96,2,2012,6275,2,2026,4,20
서대문구,합동,에스케이뷰,84.909,14,2008,700,367,2026,4,10
서대문구,연희동,성원,115.06,12,2001,30000,140,2026,4,16
서대문구,북아현동,e편한세상신촌3단지,84.93,13,2018,71900,28,2026,4,13
서대문구,북아현동,두산,59.96,11,1999,18000,56,2026,4,18
서대문구,홍은동,초원,49.26,4,1988,15200,0,2026,4,20
서대문구,홍제동,서대문푸르지오센트럴파크,114.85,5,2023,97650,0,2026,4,18
서대문구,남가좌동,DMC파크뷰자이2단지,84.968,18,2015,40000,115,2026,4,1
서대문구,홍은동,힐스테이트홍은포레스트,84.53,7,2023,65000,40,2026,4,17
서대문구,홍제동,서울맨션,54.94,2,1972,4000,50,2026,4,6
서대문구,홍제동,청구1차,84.78,8,1994,55000,0,2026,4,14
서대문구,충정로3가,더스타일하우스디센트럴,21.056,24,2020,4695,49,2026,4,17
서대문구,북아현동,북아현경남,59.92,1,1996,27500,0,2026,4,20
서대문구,홍은동,"현대(1,2차)",59.96,5,1988,30000,50,2026,4,8
서대문구,홍제동,홍제역해링턴플레이스,59.99,4,2024,63000,0,2026,4,18
서대문구,대현동,신촌럭키,83.38,12,1999,30000,120,2026,4,11
서대문구,남가좌동,DMC센트럴아이파크,84.94,14,2018,80000,0,2026,4,18
서대문구,천연동,천연뜨란채,56.02,15,2006,59500,0,2026,4,18
서대문구,남가좌동,DMC파크뷰자이2단지,84.968,4,2015,78000,0,2026,4,17
서대문구,남가좌동,DMC파크뷰자이2단지,59.981,9,2015,67000,0,2026,4,17
서대문구,북아현동,신촌푸르지오,84.9559,7,2015,97000,0,2026,4,9
서대문구,남가좌동,래미안남가좌2차,59.788,15,2005,10000,198,2026,4,13
서대문구,창천동,엘르빌2차,84.41,2,2002,10000,160,2026,4,17
서대문구,홍제동,중앙하이츠,84.79,12,2001,32000,30,2026,4,13
서대문구,천연동,천연뜨란채,56.02,7,2006,43000,30,2026,4,16
서대문구,홍제동,남양,114.99,23,1999,56000,0,2026,4,13
서대문구,북아현동,e편한세상신촌3단지,59.96,12,2018,10000,320,2026,4,17
서대문구,대현동,신촌럭키,83.38,4,1999,74000,0,2026,4,17
서대문구,북가좌동,DMC래미안e편한세상,120.95,2,2012,105000,0,2026,4,15
서대문구,충정로3가,더스타일하우스디센트럴,21.056,4,2020,4695,49,2026,4,17
서대문구,홍제동,홍제역해링턴플레이스,59.99,10,2024,15000,195,2026,4,4
서대문구,북가좌동,DMC래미안e편한세상,39.96,3,2012,2509,31,2026,4,15
서대문구,충정로3가,더스타일하우스디센트럴,26.5236,9,2020,7886,54,2026,4,16
서대문구,홍제동,서대문푸르지오센트럴파크,59.94,14,2023,75000,0,2026,4,16
서대문구,홍은동,북한산더샵,84.832,15,2017,64000,0,2026,4,11
서대문구,홍제동,홍제한양,120.14,8,1993,60000,0,2026,4,4
서대문구,남가좌동,DMC파크뷰자이2단지,84.968,10,2015,31500,162,2026,4,16
서대문구,홍제동,홍제역해링턴플레이스,84.95,20,2024,74000,14,2026,4,16
서대문구,충정로3가,더스타일하우스디센트럴,17.6626,8,2020,3990,42,2026,4,15
서대문구,충정로3가,더스타일하우스디센트럴,15.8101,10,2020,4850,34,2026,4,15
서대문구,충정로3가,더스타일하우스디센트럴,21.056,11,2020,6260,42,2026,4,16
서대문구,충정로3가,더스타일하우스디센트럴,16.0626,6,2020,4870,31,2026,4,15
서대문구,천연동,천연뜨란채,56.02,5,2006,54000,0,2026,4,15
서대문구,남가좌동,래미안루센티아,84.95,7,2020,53476,0,2026,4,15
서대문구,홍은동,북한산두산위브,84.98,9,2020,60000,0,2026,4,5
서대문구,충정로3가,더스타일하우스디센트럴,17.6626,20,2020,5310,37,2026,4,15
서대문구,남가좌동,DMC파크뷰자이2단지,84.968,16,2015,78750,0,2026,4,11
서대문구,북가좌동,DMC래미안e편한세상,39.96,3,2012,4484,12,2026,4,16
서대문구,홍제동,홍제삼성래미안,32.76,6,2001,34000,0,2026,4,15
서대문구,북아현동,e편한세상신촌2단지,59.85,3,2018,82000,0,2026,4,11
서대문구,남가좌동,DMC파크뷰자이1단지,84.968,12,2015,78750,0,2026,4,10
서대문구,남가좌동,래미안루센티아,84.95,6,2020,54000,0,2026,4,2
서대문구,홍은동,e편한세상서대문,59.991,9,2023,70000,0,2026,4,15
서대문구,남가좌동,래미안루센티아,84.95,6,2020,76500,0,2026,4,15
서대문구,홍은동,풍림1차,56.61,9,1988,30000,0,2026,4,15
서대문구,충정로3가,새롬,94.74,1,2003,36000,0,2026,4,4
서대문구,홍은동,홍은동벽산,142.98,8,1997,69000,0,2026,4,14
서대문구,홍은동,극동,84.92,3,1995,27760,0,2026,4,15
서대문구,북아현동,경남(2차),172.9,1,1999,35000,0,2026,4,14
서대문구,충정로3가,더스타일하우스디센트럴,21.056,11,2020,4695,49,2026,4,14
서대문구,충정로3가,더스타일하우스디센트럴,21.056,24,2020,4695,49,2026,4,13
서대문구,남가좌동,남가좌동현대,59.4,11,1999,36461,0,2026,4,4
서대문구,영천동,독립문삼호,75.66,11,1995,56000,0,2026,4,15
서대문구,북아현동,두산,59.96,1,1999,45000,10,2026,4,15
서대문구,남가좌동,래미안남가좌2차,59.788,12,2005,59000,0,2026,4,14
서대문구,남가좌동,DMC파크뷰자이5단지,59.981,9,2015,75000,0,2026,4,15
서대문구,홍은동,극동,84.98,14,1995,35000,0,2026,4,15
서대문구,북아현동,신촌푸르지오,84.9892,7,2015,84000,0,2026,4,15
서대문구,남가좌동,DMC센트레빌,32.86,4,2009,5048,11,2026,4,15
서대문구,남가좌동,래미안남가좌2차,59.788,8,2005,27000,115,2026,4,15
서대문구,북아현동,e편한세상신촌1단지,59.85,18,2018,83000,0,2026,4,14
서대문구,북가좌동,DMC래미안e편한세상,59.97,16,2012,20000,190,2026,4,14
서대문구,북가좌동,DMC래미안e편한세상,59.97,7,2012,61950,0,2026,4,15
서대문구,북아현동,e편한세상신촌3단지,59.85,2,2018,40000,160,2026,4,7
서대문구,북가좌동,DMC래미안e편한세상,84.97,15,2012,71000,0,2026,4,10
서대문구,북가좌동,신일해피트리,84.98,6,2005,48000,0,2026,4,14
서대문구,남가좌동,래미안루센티아,34.12,6,2020,3378,6,2026,4,13
서대문구,홍제동,홍제역해링턴플레이스,59.99,3,2024,500,33,2026,4,1
서대문구,홍제동,홍제역해링턴플레이스,84.95,13,2024,75000,0,2026,4,14
서대문구,홍은동,"현대(1,2차)",59.96,6,1988,32000,0,2026,4,14
서대문구,북가좌동,DMC래미안e편한세상,84.92,25,2012,40000,145,2026,4,13
서대문구,충정로3가,더스타일하우스디센트럴,21.056,8,2020,4695,48,2026,4,13
서대문구,대현동,이대경우타운,12.53,4,2018,12500,0,2026,4,4
서대문구,현저동,독립문극동(200-0),114.51,15,1998,30000,180,2026,4,11
서대문구,남가좌동,DMC파크뷰자이3단지,59.981,16,2015,63000,0,2026,4,11
서대문구,홍은동,극동,84.92,13,1995,36000,0,2026,4,11
서대문구,영천동,독립문삼호,84.78,11,1995,60000,40,2026,4,4
서대문구,홍제동,청구1차,84.78,12,1994,52500,0,2026,4,14
서대문구,홍제동,풍진베이스타운,84.09,1,2004,20000,0,2026,4,14
서대문구,북가좌동,우공팰리스,84.42,3,2007,28000,0,2026,4,14
서대문구,홍은동,홍은동풍림아이원,84.918,1,2002,41000,0,2026,4,11
서대문구,충정로3가,더스타일하우스디센트럴,21.056,25,2020,6260,43,2026,4,13
서대문구,북가좌동,DMC래미안e편한세상,39.96,7,2012,3052,20,2026,4,14
서대문구,남가좌동,DMC파크뷰자이1단지,84.98,22,2015,10000,253,2026,4,14
서대문구,충정로3가,충림예하임,84.6,1,2010,55000,0,2026,4,11
서대문구,남가좌동,래미안루센티아,84.84,10,2020,35000,153,2026,4,13
서대문구,충정로3가,더스타일하우스디센트럴,17.6626,16,2020,5310,37,2026,4,8
서대문구,충정로3가,더스타일하우스디센트럴,17.6626,15,2020,5310,37,2026,4,7
서대문구,홍제동,홍제역해링턴플레이스,48.21,5,2024,4898,23,2026,4,13
서대문구,남가좌동,DMC파크뷰자이1단지,84.98,8,2015,10000,300,2026,4,11
서대문구,남가좌동,DMC파크뷰자이1단지,84.974,22,2015,30000,210,2026,4,3
서대문구,남가좌동,DMC파크뷰자이1단지,84.968,9,2015,73500,0,2026,4,13
서대문구,홍은동,북한산두산위브,59.84,8,2020,45045,0,2026,4,11
서대문구,북가좌동,DMC래미안e편한세상,84.93,3,2012,40000,150,2026,4,11
서대문구,연희동,일진아이윌,84.794,12,2005,35000,0,2026,4,8
서대문구,홍은동,홍은미성,127.33,6,1985,15750,152,2026,4,13
서대문구,남가좌동,래미안루센티아,34.12,8,2020,3789,6,2026,4,10
서대문구,충정로3가,더스타일하우스디센트럴,26.5236,18,2020,7886,53,2026,4,8
서대문구,남가좌동,디엠씨엘가,13.03,3,2017,10000,15,2026,4,11
서대문구,북아현동,e편한세상신촌2단지,84.98,2,2018,72000,0,2026,4,13
서대문구,남가좌동,래미안루센티아,47.91,1,2020,5258,28,2026,4,13
서대문구,홍은동,나눔스타빌,84.23,1,2003,36750,0,2026,4,12
서대문구,홍제동,홍제역해링턴플레이스,59.99,5,2024,70000,0,2026,4,11
서대문구,북아현동,힐스테이트신촌,84.9557,4,2023,68400,12,2026,4,10
서대문구,남가좌동,DMC에코자이,59.656,19,2019,68250,0,2026,4,11
서대문구,홍제동,홍제한양,84.77,6,1993,55000,0,2026,4,8
서대문구,북가좌동,DMC래미안e편한세상,59.97,14,2012,63000,0,2026,4,4
서대문구,북가좌동,DMC래미안e편한세상,84.93,33,2012,10000,260,2026,4,1
서대문구,홍은동,홍은미성,84.96,3,1985,31500,0,2026,4,11
서대문구,충정로3가,더스타일하우스디센트럴,21.056,13,2020,4695,47,2026,4,10
서대문구,남가좌동,래미안남가좌2차,84.806,11,2005,56175,0,2026,4,11
서대문구,홍제동,홍제현대,106.18,2,1992,61000,0,2026,4,13
서대문구,홍은동,e편한세상서대문,59.986,10,2023,69000,0,2026,4,13
서대문구,남가좌동,DMC파크뷰자이1단지,84.971,18,2015,73000,0,2026,4,11
서대문구,홍제동,원일,68.76,4,1970,18000,0,2026,4,11
서대문구,홍제동,홍제센트럴IPARK,84.9644,6,2020,57050,0,2026,4,2
서대문구,남가좌동,DMC래미안클라시스,84.9,4,2000,62000,0,2026,4,7
서대문구,홍제동,서대문푸르지오센트럴파크,49.5,3,2023,40000,90,2026,4,11
서대문구,홍제동,청구2차,59.89,8,1997,48000,0,2026,4,9
서대문구,남가좌동,DMC파크뷰자이1단지,84.971,28,2015,40000,160,2026,4,8
서대문구,홍제동,홍제역해링턴플레이스,84.95,4,2024,81500,0,2026,4,11
서대문구,홍은동,"현대(1,2차)",59.97,11,1988,39350,0,2026,4,11
서대문구,북가좌동,DMC래미안e편한세상,84.95,11,2012,46000,100,2026,4,2
서대문구,천연동,천연뜨란채,56.08,3,2006,31500,32,2026,4,10
서대문구,충정로3가,충정리시온,33.32,9,2004,1500,120,2026,4,10
서대문구,북가좌동,DMC두산위브,84.9623,1,2007,52500,0,2026,4,10
서대문구,북가좌동,DMC래미안e편한세상,153.86,27,2012,100000,0,2026,4,9
서대문구,충정로3가,더스타일하우스디센트럴,15.8101,20,2020,3640,39,2026,4,10
서대문구,홍제동,인왕산벽산,59.82,14,2003,9000,150,2026,4,4
서대문구,남가좌동,DMC센트럴아이파크,84.94,18,2018,75000,0,2026,4,10
서대문구,현저동,독립문극동(200-0),84.87,19,1998,53000,40,2026,4,9
서대문구,남가좌동,래미안루센티아,47.91,6,2020,5433,8,2026,4,10
서대문구,북가좌동,DMC한양,84.33,2,1987,10000,120,2026,4,4
서대문구,남가좌동,래미안루센티아,47.91,1,2020,5258,9,2026,4,10
서대문구,충정로3가,더스타일하우스디센트럴,17.6626,21,2020,3990,42,2026,4,10
서대문구,북아현동,e편한세상신촌3단지,84.93,23,2018,35000,250,2026,4,9
서대문구,남가좌동,DMC에코자이,59.79,20,2019,46000,0,2026,4,7
서대문구,남가좌동,래미안루센티아,34.12,10,2020,9980,24,2026,4,9
서대문구,남가좌동,DMC래미안클라시스,59.93,9,2000,38000,40,2026,4,8
서대문구,북아현동,e편한세상신촌3단지,59.97,5,2018,55000,0,2026,4,2
서대문구,냉천동,동부센트레빌,59.86,14,2002,22000,34,2026,4,8
서대문구,북가좌동,DMC래미안e편한세상,84.92,6,2012,71400,0,2026,4,9
서대문구,북가좌동,대경아르체,33.62,2,2018,5000,100,2026,4,9
서대문구,홍제동,문화촌현대,84.99,16,2002,10000,140,2026,4,4
서대문구,충정로3가,더스타일하우스디센트럴,17.6626,14,2020,3990,42,2026,4,9
서대문구,충정로3가,더스타일하우스디센트럴,21.056,3,2020,6260,43,2026,4,9
서대문구,남가좌동,DMC파크뷰자이2단지,59.981,8,2015,55500,0,2026,4,9
서대문구,홍은동,"현대(1,2차)",59.97,10,1988,29700,0,2026,4,9
서대문구,홍제동,홍제한양,84.77,6,1993,55000,0,2026,4,8
서대문구,북아현동,두산,59.96,16,1999,40500,0,2026,4,8
서대문구,대현동,신촌럭키,59.7,8,1999,5000,160,2026,4,5
서대문구,남가좌동,DMC파크뷰자이3단지,84.968,15,2015,75000,0,2026,4,4
서대문구,북가좌동,DMC현대아파트,59.91,10,2000,40000,0,2026,4,9
서대문구,충정로3가,더스타일하우스디센트럴,16.0626,24,2020,4870,34,2026,4,8
서대문구,남가좌동,래미안루센티아,47.91,4,2020,3322,20,2026,4,9
서대문구,남가좌동,래미안루센티아,59.98,7,2020,58433,0,2026,4,8
서대문구,남가좌동,DMC래미안클라시스,59.59,17,2000,38850,0,2026,4,7
서대문구,남가좌동,래미안루센티아,34.12,4,2020,11570,29,2026,4,8
서대문구,홍은동,극동,84.92,10,1995,20000,40,2026,4,8
서대문구,남가좌동,래미안루센티아,84.95,11,2020,78500,0,2026,4,8
서대문구,홍은동,홍은동풍림아이원,130.539,10,2002,52500,0,2026,4,8
서대문구,현저동,독립문극동(200-0),84.87,2,1998,63000,0,2026,4,8
서대문구,남가좌동,DMC센트레빌,84.87,10,2009,20000,170,2026,4,6
서대문구,남가좌동,래미안루센티아,47.91,10,2020,5258,9,2026,4,8
서대문구,충정로3가,더스타일하우스디센트럴,35.3732,9,2020,7720,77,2026,4,7
서대문구,북가좌동,북가좌삼호,75.75,14,1996,56000,0,2026,4,4
서대문구,홍제동,유원하나,82.35,1,1996,15000,75,2026,4,7
서대문구,북아현동,수목아이엠,46.94,4,2003,24570,0,2026,4,8
서대문구,북가좌동,DMC래미안e편한세상,84.95,7,2012,20000,210,2026,4,8
서대문구,홍제동,홍제센트럴IPARK,84.9728,11,2020,30000,190,2026,4,7
서대문구,충정로3가,더스타일하우스디센트럴,16.0626,4,2020,4870,34,2026,4,3
서대문구,천연동,천연뜨란채,56.02,12,2006,52000,0,2026,4,8
서대문구,남가좌동,래미안루센티아,47.91,6,2020,5258,9,2026,4,7
서대문구,남가좌동,래미안루센티아,47.91,2,2020,3322,20,2026,4,7
서대문구,남가좌동,래미안루센티아,47.91,1,2020,5258,9,2026,4,8
서대문구,홍제동,홍일,54.31,1,1969,15000,0,2026,4,7
서대문구,남가좌동,DMC파크뷰자이2단지,59.981,3,2015,66000,0,2026,4,7
서대문구,북아현동,신촌헤리센트,29.86,3,2022,100,75,2026,4,6
서대문구,남가좌동,DMC파크뷰자이1단지,84.971,3,2015,82000,0,2026,4,1
서대문구,남가좌동,디엠씨엘가,30.36,10,2017,10000,79,2026,4,3
서대문구,남가좌동,래미안루센티아,47.91,2,2020,5258,9,2026,4,7
서대문구,남가좌동,래미안루센티아,47.91,11,2020,5258,9,2026,4,7
서대문구,홍제동,문화촌현대,59.94,19,2002,48000,0,2026,4,7
서대문구,남가좌동,디엠씨엘가,26.7,7,2017,25400,7,2026,4,2
서대문구,대현동,이대경우타운,12.12,3,2018,13500,0,2026,4,4
서대문구,홍제동,서대문푸르지오센트럴파크,59.98,5,2023,20000,166,2026,4,6
서대문구,남가좌동,래미안루센티아,47.91,12,2020,5258,9,2026,4,7
서대문구,북아현동,e편한세상신촌3단지,59.97,7,2018,10000,300,2026,4,4
서대문구,북아현동,신촌헤리센트,29.86,2,2022,100,75,2026,4,6
서대문구,연희동,성원,84.95,3,2001,55650,0,2026,4,5
서대문구,홍제동,서대문푸르지오센트럴파크,55.25,5,2023,50000,0,2026,4,4
서대문구,충정로3가,동호,79.52,2,2003,20000,90,2026,4,4
서대문구,충정로3가,더스타일하우스디센트럴,16.0626,20,2020,3650,37,2026,4,3
서대문구,홍제동,문화촌현대,84.99,19,2002,60000,0,2026,4,4
서대문구,홍은동,풍림2,58.5,7,1990,3000,150,2026,4,3
서대문구,북아현동,e편한세상신촌1단지,59.85,11,2018,10000,280,2026,4,4
서대문구,홍제동,홍제센트럴IPARK,59.9728,14,2020,68000,0,2026,4,6
서대문구,영천동,독립문삼호,75.66,2,1995,60000,0,2026,4,4
서대문구,홍은동,북한산더샵,84.747,5,2017,63000,0,2026,4,3
서대문구,홍은동,e편한세상서대문,59.991,21,2023,55000,0,2026,4,4
서대문구,남가좌동,래미안남가좌2차,59.788,7,2005,31000,110,2026,4,4
서대문구,천연동,천연뜨란채,57.78,14,2006,55000,0,2026,4,4
서대문구,홍제동,홍제원현대(459-0),59.93,2,2000,55000,0,2026,4,3
서대문구,홍은동,홍은미성,127.33,11,1985,55000,0,2026,4,3
서대문구,홍제동,홍제역해링턴플레이스,84.95,1,2024,65000,54,2026,4,3
서대문구,남가좌동,디엠씨엘가,13.03,15,2017,14500,0,2026,4,2
서대문구,남가좌동,남가좌동현대,84.9,2,1999,5000,170,2026,4,3
서대문구,현저동,독립문극동(200-0),84.87,16,1998,68250,0,2026,4,3
서대문구,북아현동,e편한세상신촌4단지,84.82,25,2018,105000,0,2026,4,2
서대문구,홍은동,홍은미성,83.61,11,1985,41000,0,2026,4,3
서대문구,홍제동,청구3차,84.96,16,2001,55000,0,2026,4,2
서대문구,북가좌동,DMC한양,84.33,12,1987,46000,0,2026,4,3
서대문구,홍제동,광산,52.53,6,1973,18000,0,2026,4,3
서대문구,북아현동,신촌푸르지오,109.0901,10,2015,107000,0,2026,4,2
서대문구,홍은동,북한산두산위브,42.15,2,2020,25000,30,2026,4,2
서대문구,대현동,신촌럭키,59.7,15,1999,20000,105,2026,4,2
서대문구,영천동,독립문삼호,84.78,13,1995,30000,145,2026,4,2
서대문구,홍제동,인왕산벽산,84.63,5,2003,40000,0,2026,4,2
서대문구,홍제동,청구1차,84.78,8,1994,36000,200,2026,4,1
서대문구,현저동,독립문극동(200-0),84.87,11,1998,65100,0,2026,4,1
서대문구,홍은동,초원,49.26,4,1988,16000,0,2026,4,2
서대문구,북아현동,e편한세상신촌3단지,59.97,5,2018,55000,0,2026,4,2
서대문구,남가좌동,DMC에코자이,84.978,8,2019,10000,250,2026,4,1
서대문구,남가좌동,DMC에코자이,59.656,11,2019,60000,30,2026,4,2
서대문구,홍은동,북한산두산위브,118.48,6,2020,75500,0,2026,4,1
서대문구,남가좌동,래미안남가좌2차,59.788,8,2005,52000,0,2026,4,1
서대문구,남가좌동,스타타워,30.97,14,2022,15450,54,2026,4,1
서대문구,홍은동,북한산삼부르네상스205동206동207동,84.159,7,2024,50000,0,2026,4,1
서대문구,북가좌동,북가좌삼호,84.57,8,1996,52000,0,2026,4,1
서대문구,충정로3가,동호,84.87,6,2003,10000,130,2026,4,1
서대문구,영천동,독립문삼호,75.66,9,1995,55150,0,2026,4,1
서대문구,영천동,독립문삼호,75.66,9,1995,55150,0,2026,4,1
마포구,염리동,상록,58.71,15,1997,10000,75,2026,4,28
마포구,성산동,성산시영(선경),50.54,14,1986,35000,0,2026,4,18
마포구,대흥동,대흥동태영아파트,84.77,12,1999,81500,0,2026,4,25
마포구,창전동,서강예가,84.988,6,2007,81900,0,2026,4,25
마포구,신수동,신수동성원,59.76,6,1998,52000,0,2026,4,18
마포구,신공덕동,신공덕1차삼성래미안1아파트,59.76,17,2000,70000,0,2026,4,25
마포구,대흥동,마포자이2차,84.95,14,2014,115000,0,2026,4,9
마포구,상암동,상암월드컵파크4단지,104.78,21,2006,70000,0,2026,4,18
마포구,성산동,성산시영(유원),59.43,6,1986,20000,0,2026,4,15
마포구,공덕동,래미안공덕4차,83.42,4,2005,78000,0,2026,4,20
마포구,용강동,마포용강삼성래미안,59.99,15,2003,20000,220,2026,4,6
마포구,공덕동,공덕1삼성래미안,84.94,17,1999,5000,300,2026,4,16
마포구,염리동,마포프레스티지자이,59.9286,15,2021,95000,0,2026,4,16
마포구,염리동,마포프레스티지자이,59.8981,10,2021,88200,0,2026,4,11
마포구,신정동,서강GS,59.98,5,1999,57000,0,2026,4,11
마포구,상암동,상암월드컵파크7단지,104.77,3,2005,79400,0,2026,4,9
마포구,아현동,마포래미안푸르지오3단지,59.9236,13,2014,40000,120,2026,4,11
마포구,성산동,월드컵아이파크(667),59.73,20,2009,35000,80,2026,4,11
마포구,도화동,한화오벨리스크,36.96,3,2004,10000,100,2026,4,20
마포구,망원동,솔루체2차아파트,45.51,7,2022,0,35,2026,4,15
마포구,성산동,성산시영(대우),50.03,10,1986,24000,0,2026,4,21
마포구,도화동,한화오벨리스크,38.08,8,2004,2000,150,2026,4,15
마포구,성산동,성산시영(대우),50.03,4,1986,2000,81,2026,4,12
마포구,신공덕동,신공덕래미안2차,59.48,7,2000,44200,0,2026,4,30
마포구,상암동,상암월드컵파크3단지,84.94,15,2003,74000,0,2026,4,27
마포구,도화동,도화동현대,128.26,15,1996,10000,300,2026,4,21
마포구,성산동,성산시영(선경),50.54,7,1986,36500,0,2026,4,28
마포구,염리동,마포프레스티지자이,59.8772,8,2021,40000,210,2026,4,16
마포구,염리동,마포프레스티지자이,59.8772,16,2021,18000,320,2026,4,11
마포구,신공덕동,펜트라우스,115.78,9,2011,8000,526,2026,4,18
마포구,신공덕동,대우메트로디오빌,29.11,25,2005,8000,80,2026,4,30
마포구,서교동,서교동효성해링턴타워,37.17,10,2020,13760,75,2026,4,3
마포구,상암동,상암월드컵파크9단지,59.73,9,2010,9930,15,2026,4,22
마포구,서교동,서교동효성해링턴타워,17.93,10,2020,6120,41,2026,4,13
마포구,상암동,상암월드컵파크2단지,59.92,9,2003,51000,0,2026,4,17
마포구,상암동,상암월드컵파크8단지,39.95,7,2008,1151,29,2026,4,22
마포구,서교동,대우미래사랑,34.29,9,2005,1000,95,2026,4,21
마포구,노고산동,빌리브디에이블,44.36,19,2025,70000,0,2026,4,27
마포구,신공덕동,신공덕1차삼성래미안1아파트,59.76,17,2000,70000,0,2026,4,25
마포구,상암동,상암월드컵파크12단지,59.73,6,2010,10657,15,2026,4,22
마포구,상암동,상암월드컵파크8단지,39.95,9,2008,1151,29,2026,4,22
마포구,서교동,서교동효성해링턴타워,37.17,8,2020,12240,82,2026,4,2
마포구,공덕동,공덕3삼성래미안,114.98,8,2004,110000,40,2026,4,25
마포구,상암동,DMC상암센트럴파크2단지,51.96,6,2009,20000,110,2026,4,11
마포구,성산동,대원,59.69,17,1999,4000,150,2026,4,18
마포구,서교동,엠제이더퍼스트홍대,14.97,5,2018,3300,93,2026,4,21
마포구,중동,건영월드컵,58.76,2,2002,17000,130,2026,4,24
마포구,성산동,성산시영(유원),59.43,1,1986,20000,0,2026,4,4
마포구,성산동,성산시영(유원),59.43,5,1986,38800,0,2026,4,11
마포구,서교동,서교동효성해링턴타워,37.17,8,2020,13760,74,2026,4,2
마포구,중동,건영월드컵,58.76,2,2002,17000,130,2026,4,24
마포구,성산동,성산시영(대우),50.03,4,1986,19000,0,2026,4,22
마포구,상수동,래미안밤섬리베뉴Ⅰ,59.99,7,2014,60000,100,2026,4,27
마포구,상암동,상암월드컵파크9단지,59.73,12,2010,9930,15,2026,4,22
마포구,창전동,창전래미안,59.94,8,1998,57500,0,2026,4,30
마포구,상암동,상암월드컵파크2단지,49.9,13,2003,3000,190,2026,4,28
마포구,하중동,한강밤섬자이,138.08,3,2010,110250,63,2026,4,1
마포구,서교동,메세나폴리스,122.867,29,2012,80000,315,2026,4,28
마포구,염리동,상록,57.88,5,1997,50000,0,2026,4,13
마포구,아현동,아르띠타워,18.48,14,2022,1000,99,2026,4,22
마포구,서교동,서교동효성해링턴타워,17.93,8,2020,6120,41,2026,4,13
마포구,서교동,서교동효성해링턴타워,37.17,15,2020,13760,75,2026,4,1
마포구,상암동,상암월드컵파크12단지,59.73,4,2010,9016,25,2026,4,22
마포구,상암동,상암월드컵파크2단지,59.92,6,2003,48600,0,2026,4,29
마포구,상암동,상암월드컵파크10단지,49.58,8,2010,8628,13,2026,4,24
마포구,창전동,서강예가,84.988,12,2007,87000,0,2026,4,4
마포구,노고산동,맹그로브신촌,30.49,9,2023,500,90,2026,4,30
마포구,염리동,마포자이,113.803,4,2003,135000,0,2026,4,17
마포구,상암동,상암월드컵파크10단지,49.71,1,2010,5005,34,2026,4,22
마포구,상암동,상암월드컵파크2단지,59.92,17,2003,4000,132,2026,4,8
마포구,염리동,상록,58.71,11,1997,3000,200,2026,4,15
마포구,상암동,상암월드컵파크8단지,39.97,10,2008,4916,14,2026,4,22
마포구,토정동,한강삼성,59.97,24,1997,59325,0,2026,4,22
마포구,아현동,마포래미안푸르지오2단지,84.5978,18,2014,60000,158,2026,4,23
마포구,신수동,마포경남아너스빌,84.95,8,2007,40000,120,2026,4,4
마포구,서교동,대우미래사랑,57.36,4,2005,44000,0,2026,4,12
마포구,용강동,이편한세상마포리버파크,59.98,2,2016,0,400,2026,4,26
마포구,염리동,상록임대,27.47,7,1997,2306,5,2026,4,20
마포구,창전동,이랜드PEER신촌,29.5193,12,2021,19096,9,2026,4,8
마포구,신수동,현대,84.47,4,1996,68500,0,2026,4,26
마포구,대흥동,마포그랑자이,84.99,6,2020,5000,110,2026,4,13
마포구,용강동,마포용강삼성래미안,84.2,12,2003,23333,156,2026,4,23
마포구,창전동,서강예가,84.988,14,2007,83000,0,2026,4,23
마포구,아현동,마포래미안푸르지오3단지,84.8919,2,2014,89250,0,2026,4,10
마포구,성산동,성산시영(유원),59.43,1,1986,3000,84,2026,4,2
마포구,아현동,마포래미안푸르지오4단지,59.9656,24,2014,43000,140,2026,4,25
마포구,상암동,상암월드컵파크4단지,84.89,7,2006,73000,0,2026,4,12
마포구,대흥동,대흥동태영아파트,84.77,13,1999,84000,0,2026,4,25
마포구,아현동,마포래미안푸르지오4단지,84.5978,9,2014,50000,165,2026,4,22
마포구,성산동,성산시영(유원),59.43,2,1986,40000,0,2026,4,4
마포구,상암동,상암월드컵파크4단지,104.78,21,2006,70000,0,2026,4,18
마포구,도화동,우성,79.97,1,1991,60000,0,2026,4,25
마포구,아현동,마포래미안푸르지오4단지,59.905,4,2014,92000,0,2026,4,11
마포구,토정동,한강삼성,84.96,1,1997,68250,0,2026,4,26
마포구,현석동,래미안웰스트림,84.9,14,2016,97650,0,2026,4,28
마포구,아현동,애오개아이파크,21.87,12,2016,30000,28,2026,4,18
마포구,창전동,해모로,83.85,2,2007,72900,0,2026,4,22
마포구,신공덕동,신공덕1차삼성래미안1아파트,59.76,22,2000,6000,148,2026,4,29
마포구,창전동,서강오벨리스크스위트,84.96,15,2007,74500,0,2026,4,11
마포구,신수동,대원칸타빌,84.96,1,2004,60000,43,2026,4,28
마포구,공덕동,래미안공덕4차,83.42,4,2005,78000,0,2026,4,20
마포구,신공덕동,kcc웰츠,118.64,17,2011,10000,600,2026,4,29
마포구,신수동,대원칸타빌,84.873,16,2004,67000,0,2026,4,21
마포구,염리동,염리삼성래미안,84.96,10,2001,90000,0,2026,4,25
마포구,신공덕동,대우월드마크마포,96.54,10,2011,92000,0,2026,4,10
마포구,창전동,창전래미안,84.93,5,1998,65000,0,2026,4,18
마포구,하중동,한강밤섬자이,138.08,3,2010,110250,63,2026,4,1
마포구,마포동,비체힐리버뷰,16.5186,1,2012,1000,57,2026,4,23
마포구,아현동,애오개아이파크,25.24,5,2016,10000,100,2026,4,7
마포구,중동,건영월드컵,58.76,2,2002,17000,130,2026,4,24
마포구,마포동,비체힐리버뷰,19.5986,1,2012,1000,60,2026,4,28
마포구,신수동,대원칸타빌,143.656,7,2004,3000,550,2026,4,13
마포구,신수동,대원칸타빌,143.656,7,2004,3000,550,2026,4,13
마포구,신수동,대원칸타빌,143.656,7,2004,3000,550,2026,4,13
마포구,신수동,대원칸타빌,143.656,7,2004,3000,550,2026,4,13
마포구,상암동,상암월드컵파크4단지,84.66,5,2006,76000,0,2026,4,30
마포구,성산동,성산시영(선경),50.54,10,1986,3000,120,2026,4,20
마포구,신공덕동,신공덕아이파크,49.7,4,2025,5000,320,2026,4,15
마포구,서교동,서교동효성해링턴타워,17.93,4,2020,6120,40,2026,4,7
마포구,현석동,강변힐스테이트,84.85,15,2004,35000,180,2026,4,25
마포구,신수동,세양청마루,57.44,4,2003,20000,170,2026,4,9
마포구,성산동,성산시영(유원),59.43,1,1986,20000,0,2026,4,4
마포구,노고산동,신촌포스빌,32.34,3,2004,5000,85,2026,4,21
마포구,망원동,태청,69.29,10,2003,20000,150,2026,4,1
마포구,아현동,마포래미안푸르지오4단지,84.5978,16,2014,105000,0,2026,4,30
마포구,공덕동,솔리스타,14.29,13,2018,1000,80,2026,4,30
마포구,아현동,마포래미안푸르지오3단지,114.7267,4,2014,128000,0,2026,4,18
마포구,상암동,상암월드컵파크2단지,59.92,3,2003,30000,95,2026,4,16
마포구,서교동,메세나폴리스,142.034,14,2012,90000,380,2026,4,21
마포구,대흥동,마포그랑자이,96.97,21,2020,40000,350,2026,4,9
마포구,성산동,성산시영(선경),50.54,8,1986,0,60,2026,4,25
마포구,공덕동,래미안공덕5차,59.959,5,2011,30000,170,2026,4,8
마포구,신정동,서강GS,59.98,12,1999,20000,170,2026,4,29
마포구,염리동,마포프레스티지자이,59.9286,15,2021,95000,0,2026,4,16
마포구,공덕동,래미안공덕5차,84.851,3,2011,20000,280,2026,4,11
마포구,공덕동,래미안공덕5차,59.959,8,2011,57500,0,2026,4,17
마포구,상암동,상암월드컵파크10단지,84.89,2,2010,45000,0,2026,4,24
마포구,상암동,상암월드컵파크3단지,84.94,15,2003,74000,0,2026,4,27
마포구,합정동,한강그린2차,59.66,3,2012,35000,40,2026,4,22
마포구,공덕동,마포공덕파크팰리스Ⅱ,141.46,11,2005,95000,0,2026,4,8
마포구,도화동,도화동현대,54.72,3,1996,38000,0,2026,4,27
마포구,염리동,마포프레스티지자이,84.9654,13,2021,112000,0,2026,4,22
마포구,신수동,대원칸타빌,84.873,16,2004,67000,0,2026,4,21
마포구,아현동,마포래미안푸르지오2단지,84.3884,20,2014,10000,280,2026,4,27
마포구,망원동,성원2,59.43,4,1999,41000,20,2026,4,17
마포구,도화동,현대홈타운,84.95,2,2000,60000,0,2026,4,4
마포구,용강동,마포대림1,131.85,21,2002,123000,0,2026,4,25
마포구,상암동,상암월드컵파크4단지,84.66,7,2006,77000,0,2026,4,17
마포구,성산동,성산시영(유원),59.43,6,1986,20000,0,2026,4,15
마포구,염리동,상록,49.8,16,1997,45000,0,2026,4,11
마포구,성산동,성산시영(선경),50.54,14,1986,20000,0,2026,4,15
마포구,상암동,상암월드컵파크4단지,84.76,8,2006,80000,0,2026,4,20
마포구,아현동,마포래미안푸르지오3단지,84.5978,16,2014,40000,280,2026,4,21
마포구,상암동,상암월드컵파크7단지,84.9,11,2005,38000,98,2026,4,13
마포구,용강동,강변그린,59.5,4,1999,31000,0,2026,4,27
마포구,신정동,서강GS,59.98,22,1999,63000,0,2026,4,13
마포구,염리동,마포자이더센트리지(102동~112동),59.994,9,2022,85000,0,2026,4,7
마포구,아현동,마포래미안푸르지오4단지,59.9236,9,2014,30000,180,2026,4,28
마포구,신공덕동,신공덕아이파크,49.58,25,2025,3000,320,2026,4,14
마포구,서교동,메세나폴리스,122.867,6,2012,20000,640,2026,4,17
마포구,상암동,DMCVILLE,84.15,3,2006,0,363,2026,4,27
마포구,신공덕동,kcc웰츠,118.64,17,2011,20000,550,2026,4,29
마포구,상암동,DMCVILLE,84.68,4,2006,0,363,2026,4,14
마포구,상암동,DMCVILLE,49.33,3,2006,0,235,2026,4,17
마포구,대흥동,마포그랑자이,59.98,14,2020,84000,0,2026,4,18
마포구,성산동,성산시영(선경),50.54,8,1986,3000,115,2026,4,24
마포구,용강동,래미안마포리버웰,84.97,4,2015,105000,0,2026,4,10
마포구,공덕동,공덕파크자이,84.9541,4,2015,125000,0,2026,4,25
마포구,성산동,성산시영(대우),50.03,8,1986,13000,70,2026,4,9
마포구,아현동,마포래미안푸르지오2단지,59.9796,1,2014,74550,0,2026,4,11
마포구,아현동,애오개아이파크,30.01,7,2016,39000,0,2026,4,13
마포구,상암동,상암월드컵파크12단지,59.73,10,2010,3300,45,2026,4,22
마포구,중동,강림월드타운,79.6,1,2002,44000,0,2026,4,18
마포구,염리동,마포프레스티지자이,59.8981,10,2021,40000,210,2026,4,18
마포구,망원동,참존1차(419-3),73.38,4,2005,45000,0,2026,4,14
마포구,도화동,도화동현대,79.83,2,1996,46000,0,2026,4,18
마포구,아현동,마포래미안푸르지오1단지,84.5978,15,2014,115000,0,2026,4,25
마포구,성산동,성산시영(대우),50.03,14,1986,27000,0,2026,4,29
마포구,도화동,한화오벨리스크,38.88,7,2004,15000,95,2026,4,27
마포구,염리동,마포프레스티지자이,84.9654,12,2021,125000,0,2026,4,18
마포구,염리동,마포프레스티지자이,42.9683,6,2021,64500,0,2026,4,4
마포구,대흥동,마포그랑자이,59.98,5,2020,30000,194,2026,4,18
마포구,아현동,마포래미안푸르지오3단지,59.9236,19,2014,10000,320,2026,4,30
마포구,공덕동,공덕3삼성래미안,84.98,15,2004,76500,30,2026,4,23
마포구,성산동,성산시영(대우),50.03,7,1986,10000,90,2026,4,16
마포구,성산동,성산시영(선경),50.54,5,1986,36000,0,2026,4,18
마포구,중동,DMC마포청구아파트,84.9,13,1994,50000,50,2026,4,28
마포구,도화동,한화오벨리스크,75.72,24,2004,35200,85,2026,4,28
마포구,서교동,대우미래사랑,34.29,7,2005,27000,0,2026,4,30
마포구,상암동,상암월드컵파크2단지,59.92,6,2003,48600,0,2026,4,29
마포구,신수동,신촌숲아이파크,111.024,3,2019,150000,0,2026,4,11
마포구,도화동,삼성,72.185,14,1997,82000,0,2026,4,8
마포구,성산동,성산시영(대우),50.03,8,1986,3000,120,2026,4,16
마포구,도화동,성지,84.24,6,1984,47250,0,2026,4,25
마포구,대흥동,마포자이2차,84.44,5,2014,6000,360,2026,4,21
마포구,상암동,상암월드컵파크4단지,84.76,2,2006,71400,0,2026,4,22
마포구,대흥동,마포그랑자이,59.96,8,2020,95000,0,2026,4,13
마포구,용강동,이편한세상마포리버파크,84.98,8,2016,110250,0,2026,4,20
마포구,도화동,현대홈타운,84.95,5,2000,67500,0,2026,4,18
마포구,성산동,성산시영(선경),50.54,6,1986,35000,0,2026,4,11
마포구,성산동,성산시영(대우),50.03,1,1986,2000,115,2026,4,6
마포구,도화동,도화동현대,68.22,12,1996,20000,150,2026,4,30
마포구,마포동,강변한신코아,51.48,2,1992,32000,0,2026,4,21
마포구,상암동,상암월드컵파크7단지,84.9,6,2005,68250,0,2026,4,30
마포구,염리동,마포자이더센트리지(102동~112동),84.987,7,2022,20000,410,2026,4,25
마포구,상암동,상암월드컵파크6단지,84.53,6,2005,65000,40,2026,4,17
마포구,상암동,상암월드컵파크11단지,59.37,7,2010,2280,45,2026,4,24
마포구,상암동,상암월드컵파크9단지,84.98,1,2010,52500,0,2026,4,30
마포구,현석동,래미안웰스트림,84.98,2,2016,90000,0,2026,4,4
마포구,망원동,솔루체2차아파트,48.13,5,2022,50100,0,2026,4,30
마포구,아현동,더클래시,59.5,15,2022,50000,160,2026,4,19
마포구,상암동,상암월드컵파크2단지,59.92,9,2003,50000,30,2026,4,30
마포구,신공덕동,kcc웰츠,118.64,17,2011,20000,550,2026,4,29
마포구,염리동,마포프레스티지자이,114.9159,11,2021,168000,0,2026,4,30
마포구,대흥동,마포자이2차,84.44,18,2014,120000,0,2026,4,30
마포구,노고산동,신촌포스빌,29.03,8,2004,1000,105,2026,4,21
마포구,도화동,삼성,84.985,5,1997,10000,320,2026,4,24
마포구,대흥동,마포그랑자이,84.99,17,2020,500,120,2026,4,11
마포구,성산동,성산시영(유원),59.43,2,1986,500,80,2026,4,20
마포구,상암동,상암월드컵파크2단지,59.92,20,2003,15000,150,2026,4,4
마포구,도화동,한화오벨리스크,79.9,25,2004,40000,160,2026,4,27
마포구,도화동,한화오벨리스크,75.72,24,2004,35200,85,2026,4,28
마포구,성산동,성산시영(선경),50.54,5,1986,1000,130,2026,4,24
마포구,도화동,도화동현대,68.22,7,1996,50000,30,2026,4,18
마포구,상암동,DMC상암센트럴파크2단지,51.98,10,2009,42000,0,2026,4,28
마포구,공덕동,래미안공덕4차,59.9,11,2005,69500,0,2026,4,30
마포구,아현동,더클래시,59.97,5,2022,89000,0,2026,4,18
마포구,상암동,상암월드컵파크3단지,84.94,3,2003,65000,0,2026,4,13
마포구,대흥동,마포그랑자이,59.96,16,2020,40000,200,2026,4,27
마포구,아현동,마포래미안푸르지오4단지,84.5978,5,2014,20000,330,2026,4,30
마포구,서교동,엠제이더퍼스트홍대,14.97,5,2018,1000,130,2026,4,30
마포구,신공덕동,신공덕1차삼성래미안1아파트,114.75,21,2000,20000,300,2026,4,10
마포구,노고산동,빌리브디에이블,40.73,17,2025,15000,220,2026,4,4
마포구,아현동,애오개아이파크,30.01,10,2016,44000,0,2026,4,18
마포구,염리동,염리삼성래미안,114.48,9,2001,20000,300,2026,4,18
마포구,공덕동,래미안공덕4차,59.9,1,2005,10000,250,2026,4,13
마포구,신공덕동,신공덕래미안2차,59.48,3,2000,30000,150,2026,4,24
마포구,망원동,한강2차대주피오레,84.97,4,2003,67000,0,2026,4,24
마포구,염리동,마포자이더센트리지(102동~112동),84.995,2,2022,95000,60,2026,4,29
마포구,서교동,서교동효성해링턴타워,37.17,17,2020,13760,75,2026,4,30
마포구,신수동,벽산솔렌스힐,84.9619,4,2007,25000,180,2026,4,20
마포구,신수동,벽산솔렌스힐,84.9657,7,2007,72000,0,2026,4,30
마포구,망원동,마포한강아이파크,84.5533,13,2019,20000,250,2026,4,3
마포구,도화동,한화오벨리스크,59,25,2004,0,300,2026,4,20
마포구,창전동,해모로,83.85,18,2007,45000,134,2026,4,29
마포구,노고산동,신촌포스빌,32.34,9,2004,1000,120,2026,4,16
마포구,성산동,성산시영(대우),50.03,10,1986,2000,110,2026,4,24
마포구,아현동,애오개아이파크,30.01,10,2016,44000,0,2026,4,18
마포구,공덕동,공덕더샵,84.9902,21,2018,500,460,2026,4,30
마포구,도화동,우성,141.515,3,1991,65000,0,2026,4,30
마포구,공덕동,래미안공덕5차,84.871,16,2011,10000,340,2026,4,30
마포구,아현동,서서울삼성,84.89,10,1998,3000,160,2026,4,24
마포구,중동,울트라월드컵(참누리),84.9406,20,2006,68000,0,2026,4,27
마포구,신수동,신촌숲아이파크,84.932,16,2019,119000,0,2026,4,17
마포구,서교동,서교동효성해링턴타워,37.17,14,2020,6048,20,2026,4,29
마포구,공덕동,공덕1삼성래미안,59.74,6,1999,60900,0,2026,4,25
마포구,도화동,도화동현대,54.72,2,1996,40500,0,2026,4,28
마포구,염리동,마포프레스티지자이,59.8772,7,2021,30000,250,2026,4,30
마포구,대흥동,대흥동태영아파트,59.4,5,1999,10000,200,2026,4,8
마포구,성산동,성산시영(선경),50.54,1,1986,35000,0,2026,4,28
마포구,대흥동,마포그랑자이(임대),39.99,11,2020,16535,75,2026,4,30
마포구,서교동,서교동효성해링턴타워,37.17,10,2020,13760,77,2026,4,29
마포구,망원동,휴먼빌,59.943,15,2004,60000,0,2026,4,1
마포구,창전동,이랜드PEER신촌,29.4038,15,2021,4243,22,2026,4,30
마포구,서교동,메세나폴리스,122.867,11,2012,110000,100,2026,4,28
마포구,도화동,현대홈타운,84.95,8,2000,9000,260,2026,4,24
마포구,서교동,서교동효성해링턴타워,37.17,17,2020,13760,74,2026,4,30
마포구,서교동,서교동효성해링턴타워,37.17,3,2020,7808,11,2026,4,30
마포구,성산동,세원,59.87,14,1996,41000,0,2026,4,11
마포구,성산동,성산시영(선경),50.54,3,1986,35000,0,2026,4,15
마포구,연남동,코오롱,102.158,5,2003,40000,120,2026,4,29
마포구,공덕동,공덕SK리더스뷰,84.93,6,2021,105000,19,2026,4,29
마포구,도화동,우성,79.97,8,1991,20000,160,2026,4,28
마포구,도화동,한화오벨리스크,36.49,15,2004,15000,90,2026,4,11
마포구,아현동,마포래미안푸르지오2단지,114.588,16,2014,145000,0,2026,4,28
마포구,아현동,아르띠타워,18.48,10,2022,2000,91,2026,4,24
마포구,염리동,마포프레스티지자이,59.8772,3,2021,89000,0,2026,4,29
마포구,아현동,마포래미안푸르지오4단지,84.9603,2,2014,126000,0,2026,4,14
마포구,합정동,두레,84.38,2,2004,65000,0,2026,4,30
마포구,염리동,상록,58.71,5,1997,45000,0,2026,4,17
마포구,공덕동,공덕더샵,84.9596,23,2018,90000,115,2026,4,27
마포구,성산동,성산시영(대우),50.03,12,1986,30000,0,2026,4,28
마포구,신공덕동,펜트라우스,84.95,17,2011,5000,389,2026,4,28
마포구,아현동,공덕자이,59.99,8,2015,85000,0,2026,4,29
마포구,신공덕동,신공덕1차삼성래미안1아파트,59.76,14,2000,60000,40,2026,4,29
마포구,도화동,현대홈타운,113.25,4,2000,5250,231,2026,4,9
마포구,도화동,도화동현대,68.22,14,1996,60000,0,2026,4,29
마포구,현석동,강변힐스테이트,114.99,3,2004,130000,0,2026,4,29
마포구,아현동,마포래미안푸르지오4단지,59.9656,29,2014,40000,200,2026,4,25
마포구,도화동,한화오벨리스크,38.08,8,2004,41000,0,2026,4,3
마포구,도화동,도화동현대,68.22,9,1996,56000,0,2026,4,16
마포구,하중동,한강밤섬자이,138.08,13,2010,120000,83,2026,4,25
마포구,상암동,상암월드컵파크12단지,59.73,8,2010,56500,0,2026,4,29
마포구,상수동,밤섬리버베르빌,174.319,18,2004,175000,0,2026,4,22
마포구,상암동,상암월드컵파크9단지,84.98,1,2010,52500,0,2026,4,6
마포구,마포동,강변한신코아,83.16,10,1992,55000,0,2026,4,22
마포구,상암동,상암월드컵파크10단지,49.58,4,2010,8327,15,2026,4,29
마포구,도화동,삼성,114.74,7,1997,10000,350,2026,4,1
마포구,서교동,서교동효성해링턴타워,37.17,20,2020,9160,93,2026,4,29
마포구,대흥동,마포그랑자이,59.96,1,2020,83000,0,2026,4,28
마포구,상수동,상수두산위브,84.79,3,2004,73500,0,2026,4,28
마포구,서교동,서교동효성해링턴타워,37.17,10,2020,12240,79,2026,4,29
마포구,서교동,서교동효성해링턴타워,37.17,14,2020,13760,74,2026,4,28
마포구,노고산동,빌리브디에이블,43.03,11,2025,20000,150,2026,4,25
마포구,공덕동,솔리스타,14.29,12,2018,15000,8,2026,4,27
마포구,성산동,노블에비뉴,31.728,2,2015,19000,54,2026,4,28
마포구,창전동,서강오벨리스크스위트,84.96,15,2007,76000,0,2026,4,26
마포구,상암동,상암월드컵파크2단지,59.92,11,2003,55600,0,2026,4,29
마포구,도화동,우성,79.97,7,1991,10000,220,2026,4,28
마포구,공덕동,래미안공덕5차,84.871,13,2011,85000,20,2026,4,25
마포구,신공덕동,공덕아이파크,84.96,3,2013,97000,0,2026,4,28
마포구,도화동,한화오벨리스크,75.7,28,2004,5000,300,2026,4,17
마포구,하중동,한강밤섬자이,132.54,18,2010,131400,0,2026,4,22
마포구,도화동,현대홈타운,84.95,5,2000,66000,0,2026,4,28
마포구,노고산동,현대벤처빌,34.64,9,2002,1000,100,2026,4,15
마포구,아현동,공덕자이,59.99,7,2015,38800,160,2026,4,24
마포구,도화동,마포동원베네스트,58.65,8,2010,20000,130,2026,4,28
마포구,현석동,강변힐스테이트,84.85,14,2004,85000,0,2026,4,4
마포구,신공덕동,펜트라우스,84.6,9,2011,3000,420,2026,4,24
마포구,염리동,상록,57.88,2,1997,50000,0,2026,4,27
마포구,신공덕동,신공덕래미안2차,59.48,14,2000,60000,0,2026,4,28
마포구,상암동,상암월드컵파크7단지,84.74,6,2005,70000,0,2026,4,26
마포구,현석동,래미안웰스트림,59.96,10,2016,10000,240,2026,4,28
마포구,성산동,가좌행복주택,16.19,15,2016,3960,17,2026,4,28
마포구,창전동,마포웨스트리버태영데시앙,102.7,4,2019,110000,0,2026,4,28
마포구,상수동,래미안밤섬리베뉴Ⅰ,84.99,22,2014,30000,290,2026,4,28
마포구,상암동,예인하우스,81.2,6,2012,40000,0,2026,4,11
마포구,아현동,더클래시,43.27,3,2022,70000,0,2026,4,23
마포구,합정동,KCC엠파이어리버,140.88,16,2006,95500,0,2026,4,28
마포구,아현동,마포래미안푸르지오2단지,59.9452,11,2014,80000,0,2026,4,28
마포구,서교동,서교동효성해링턴타워,37.17,15,2020,13760,75,2026,4,28
마포구,대흥동,서희스타힐스,33.76,17,2014,2000,150,2026,4,26
마포구,아현동,더클래시,59.97,6,2022,90000,0,2026,4,27
마포구,서교동,서교동효성해링턴타워,17.93,14,2020,6120,40,2026,4,27
마포구,공덕동,공덕2삼성래미안,59.97,3,2004,59325,0,2026,4,4
마포구,성산동,가좌행복주택,16.19,7,2016,3960,17,2026,4,28
마포구,신수동,신촌숲아이파크,84.665,24,2019,1000,130,2026,4,27
마포구,서교동,서교동효성해링턴타워,17.93,5,2020,5350,44,2026,4,28
마포구,아현동,삼환나띠르빌,84.9,1,2003,51300,70,2026,4,28
마포구,성산동,가좌행복주택,16.19,10,2016,3960,17,2026,4,28
마포구,창전동,신촌태영데시앙,84.97,4,2003,20000,200,2026,4,12
마포구,망원동,성신,48.3,1,1976,13000,0,2026,4,24
마포구,염리동,마포자이,84.692,17,2003,95000,60,2026,4,27
마포구,서교동,서교동효성해링턴타워,37.17,10,2020,9160,94,2026,4,27
마포구,중동,울트라월드컵(참누리),84.9406,14,2006,75000,0,2026,4,25
마포구,노고산동,맹그로브신촌,15.28,12,2023,500,130,2026,4,9
마포구,아현동,마포래미안푸르지오2단지,59.9656,10,2014,82000,0,2026,4,1
마포구,서교동,서교동효성해링턴타워,17.93,12,2020,6120,40,2026,4,24
마포구,창전동,창전래미안,114.82,5,1998,78700,0,2026,4,23
마포구,신수동,신촌숲아이파크,84.665,24,2019,1000,130,2026,4,27
마포구,대흥동,마포그랑자이,59.96,16,2020,30000,122,2026,4,27
마포구,성산동,노블에비뉴,31.728,6,2015,21000,46,2026,4,25
마포구,성산동,성산시영(선경),50.54,11,1986,28000,0,2026,4,25
마포구,아현동,마포래미안푸르지오4단지,84.5978,18,2014,5000,400,2026,4,7
마포구,염리동,마포프레스티지자이,59.7848,8,2021,10000,330,2026,4,1
마포구,상암동,상암월드컵파크7단지,84.9,2,2005,63000,0,2026,4,11
마포구,현석동,강변힐스테이트,84.85,20,2004,80000,0,2026,4,15
마포구,상암동,상암월드컵파크4단지,84.66,2,2006,10000,270,2026,4,3
마포구,상암동,상암월드컵파크7단지,104.77,6,2005,72450,0,2026,4,25
마포구,신공덕동,대우메트로디오빌,34.39,19,2005,1000,130,2026,4,18
마포구,성산동,성산시영(대우),50.03,12,1986,34650,0,2026,4,18
마포구,성산동,노블에비뉴,30.128,2,2015,22000,36,2026,4,25
마포구,성산동,성산시영(대우),50.03,14,1986,32000,0,2026,4,25
마포구,염리동,상록,58.71,19,1997,10500,158,2026,4,9
마포구,대흥동,마포그랑자이,84.98,4,2020,120000,0,2026,4,22
마포구,아현동,공덕자이,59.99,15,2015,10000,300,2026,4,4
마포구,창전동,창전동현대홈타운,84.978,15,2005,83000,0,2026,4,25
마포구,공덕동,마포현대,84.87,10,1988,26400,0,2026,4,27
마포구,아현동,더클래시,43.64,8,2022,5000,255,2026,4,23
마포구,성산동,성산시영(선경),50.54,9,1986,15000,75,2026,4,25
마포구,노고산동,신촌포스빌,29.03,5,2004,22000,0,2026,4,24
마포구,신공덕동,신공덕1차삼성래미안1아파트,59.76,8,2000,69000,0,2026,4,9
마포구,도화동,삼성,72.185,3,1997,60000,0,2026,4,25
마포구,아현동,더클래시,59.97,16,2022,20000,255,2026,4,25
마포구,아현동,마포래미안푸르지오3단지,84.8919,2,2014,94500,0,2026,4,24
마포구,공덕동,공덕3삼성래미안,59.97,19,2004,75600,0,2026,4,7
마포구,상암동,상암월드컵파크7단지,84.45,13,2005,66000,0,2026,4,11
마포구,도화동,마포아크로타워,116.52,15,2007,10000,526,2026,4,24
마포구,공덕동,래미안공덕4차,83.42,12,2005,40000,200,2026,4,25
마포구,노고산동,맹그로브신촌,30.49,3,2023,500,87,2026,4,22
마포구,중동,DMC마포청구아파트,84.6,16,1994,10000,170,2026,4,25
마포구,성산동,성산시영(유원),59.43,4,1986,31150,0,2026,4,25
마포구,도화동,도화동현대,68.22,9,1996,57750,0,2026,4,24
마포구,아현동,예미원,77.08,3,1970,53000,0,2026,4,18
마포구,공덕동,공덕SK리더스뷰,40.7,15,2021,21506,57,2026,4,26
마포구,망원동,솔루체2차아파트,46.11,7,2022,48500,0,2026,4,27
마포구,성산동,성산시영(유원),59.43,5,1986,39000,0,2026,4,25
마포구,도화동,우성,79.97,11,1991,56000,0,2026,4,18
마포구,서교동,메세나폴리스,148.981,22,2012,205000,0,2026,4,18
마포구,상암동,상암월드컵파크10단지,49.58,8,2010,5005,34,2026,4,24
마포구,대흥동,마포그랑자이,84.99,10,2020,76650,0,2026,4,2
마포구,대흥동,대흥동태영아파트,59.4,10,1999,15000,200,2026,4,18
마포구,공덕동,공덕1삼성래미안,84.94,11,1999,71400,0,2026,4,24
마포구,성산동,성산시영(선경),50.54,3,1986,5000,120,2026,4,3
마포구,서교동,서교동효성해링턴타워,37.17,10,2020,13760,77,2026,4,24
마포구,노고산동,신촌포스빌,29.03,5,2004,22000,0,2026,4,24
마포구,아현동,마포트라팰리스2차,104.89,6,2008,10000,306,2026,4,18
마포구,상암동,상암월드컵파크6단지,104.32,7,2005,70400,0,2026,4,4
마포구,상수동,상수두산위브,84.79,5,2004,78750,0,2026,4,24
마포구,서교동,서교동효성해링턴타워,37.17,24,2020,13760,75,2026,4,24
마포구,대흥동,마포그랑자이,84.99,4,2020,26618,0,2026,4,20
마포구,성산동,성산시영(유원),59.43,9,1986,25200,20,2026,4,24
마포구,공덕동,래미안공덕4차,83.42,1,2005,70612,0,2026,4,23
마포구,서교동,서교동효성해링턴타워,37.17,10,2020,13760,76,2026,4,24
마포구,공덕동,래미안공덕4차,83.42,1,2005,70612,0,2026,4,23
마포구,상암동,상암월드컵파크8단지,49.94,6,2008,4285,31,2026,4,23
마포구,아현동,마포래미안푸르지오2단지,84.5978,3,2014,60000,50,2026,4,24
마포구,상암동,상암월드컵파크4단지,84.81,26,2006,68000,0,2026,4,8
마포구,아현동,마포센트럴 아이파크,111.1083,7,2017,110000,0,2026,4,19
마포구,염리동,마포자이더센트리지(102동~112동),84.866,12,2022,94000,17,2026,4,23
마포구,아현동,마포래미안푸르지오1단지,84.5978,7,2014,60000,160,2026,4,19
마포구,공덕동,공덕3삼성래미안,59.97,13,2004,7000,165,2026,4,23
마포구,상암동,상암월드컵파크8단지,49.62,14,2008,4285,31,2026,4,24
마포구,상암동,상암월드컵파크11단지,59.37,7,2010,5702,38,2026,4,24
마포구,창전동,창전래미안,32.76,8,1998,1168,15,2026,4,23
마포구,상암동,상암월드컵파크9단지,84.98,10,2010,40000,100,2026,4,23
마포구,용강동,래미안마포리버웰,84.96,7,2015,125000,0,2026,4,20
마포구,아현동,더클래시,59.97,9,2022,89000,0,2026,4,23
마포구,노고산동,신촌포스빌,32.34,11,2004,1500,105,2026,4,11
마포구,마포동,비체힐리버뷰,18.3646,1,2012,850,60,2026,4,18
마포구,공덕동,공덕파크자이,84.996,18,2015,119000,0,2026,4,17
마포구,염리동,마포프레스티지자이,84.9654,25,2021,128000,0,2026,4,23
마포구,상암동,상암월드컵파크2단지,59.92,13,2003,60000,0,2026,4,23
마포구,서교동,메세나폴리스,142.034,34,2012,10000,880,2026,4,23
마포구,도화동,마포아크로타워,84.99,19,2007,5000,300,2026,4,14
마포구,서교동,서교동효성해링턴타워,17.93,12,2020,5350,43,2026,4,14
마포구,서교동,서교동효성해링턴타워,37.17,7,2020,9170,95,2026,4,23
마포구,중동,울트라월드컵(참누리),84.9572,4,2006,68250,0,2026,4,9
마포구,성산동,성산시영(선경),50.54,3,1986,33000,0,2026,4,23
마포구,도화동,우성,68.94,4,1991,42000,40,2026,4,23
마포구,노고산동,빌리브디에이블,44.3,21,2025,55000,0,2026,4,23
마포구,상암동,상암월드컵파크1단지,39.66,8,2003,1794,26,2026,4,23
마포구,서교동,서교동효성해링턴타워,37.17,23,2020,9170,94,2026,4,22
마포구,아현동,마포래미안푸르지오4단지,84.5978,24,2014,25000,320,2026,4,20
마포구,상수동,래미안밤섬리베뉴Ⅰ,84.99,23,2014,100000,0,2026,4,10
마포구,상암동,상암월드컵파크8단지,49.62,12,2008,1714,36,2026,4,22
마포구,상암동,상암월드컵파크8단지,39.97,8,2008,2878,25,2026,4,23
마포구,상암동,상암월드컵파크7단지,84.9,5,2005,53000,10,2026,4,21
마포구,서교동,서교푸르지오,92.448,19,2004,73500,0,2026,4,13
마포구,도화동,현대홈타운,113.25,18,2000,10000,300,2026,4,23
마포구,상암동,상암월드컵파크9단지,49.58,12,2010,4880,33,2026,4,22
마포구,상암동,상암월드컵파크3단지,84.94,9,2003,10000,165,2026,4,15
마포구,도화동,우성,141.515,9,1991,50000,160,2026,4,18
마포구,중동,건영월드컵,58.76,7,2002,45150,0,2026,4,4
마포구,망원동,함성드림빌,82.85,6,2004,50000,30,2026,4,6
마포구,창전동,서강예가,84.988,9,2007,10000,320,2026,4,22
마포구,아현동,마포래미안푸르지오4단지,84.5978,7,2014,99750,0,2026,4,18
마포구,상암동,상암월드컵파크8단지,39.95,1,2008,2878,25,2026,4,22
마포구,도화동,도화동현대,68.22,9,1996,56000,0,2026,4,16
마포구,상암동,상암월드컵파크8단지,39.95,9,2008,2878,25,2026,4,22
마포구,상암동,상암월드컵파크12단지,59.73,4,2010,6509,39,2026,4,22
마포구,창전동,이랜드PEER신촌,17.1491,11,2021,5337,27,2026,4,8
마포구,하중동,한강밤섬자이,84.99,13,2010,50000,220,2026,4,21
마포구,창전동,서강예가,84.988,7,2007,83000,0,2026,4,21
마포구,상암동,상암월드컵파크5단지,104.69,2,2005,5000,390,2026,4,22
마포구,상암동,상암월드컵파크9단지,59.73,9,2010,5836,38,2026,4,22
마포구,상암동,상암월드컵파크8단지,49.94,5,2008,4285,31,2026,4,22
마포구,상암동,상암월드컵파크9단지,49.58,13,2010,4880,33,2026,4,22
마포구,대흥동,마포그랑자이,59.96,7,2020,88000,0,2026,4,11
마포구,하중동,한강밤섬자이,84.99,13,2010,50000,220,2026,4,21
마포구,서교동,서교동효성해링턴타워,37.17,3,2020,13760,75,2026,4,22
마포구,성산동,성산시영(대우),50.03,4,1986,23000,0,2026,4,22
마포구,중동,울트라월드컵(참누리),84.9572,10,2006,58000,40,2026,4,15
마포구,상암동,상암월드컵파크12단지,59.73,6,2010,6509,39,2026,4,22
마포구,아현동,마포래미안푸르지오3단지,59.9236,14,2014,70000,55,2026,4,11
마포구,상암동,상암월드컵파크11단지,59.73,7,2010,5702,38,2026,4,22
마포구,상암동,상암월드컵파크9단지,59.73,12,2010,5836,38,2026,4,22
마포구,상암동,상암월드컵파크11단지,49.58,3,2010,4740,33,2026,4,22
마포구,상암동,상암월드컵파크4단지,84.76,16,2006,75000,0,2026,4,18
마포구,신공덕동,신공덕1차삼성래미안1아파트,84.9,18,2000,75000,0,2026,4,22
마포구,상암동,상암월드컵파크8단지,49.62,8,2008,2878,25,2026,4,22
마포구,공덕동,공덕1삼성래미안,59.74,8,1999,59850,0,2026,4,11
마포구,현석동,래미안웰스트림,114.95,22,2016,145000,0,2026,4,22
마포구,공덕동,공덕SK리더스뷰,84.94,18,2021,125000,0,2026,4,22
마포구,상암동,상암월드컵파크8단지,39.97,5,2008,2878,25,2026,4,22
마포구,대흥동,마포자이2차,84.95,14,2014,115000,0,2026,4,9
마포구,상암동,상암월드컵파크12단지,59.73,12,2010,6509,39,2026,4,22
마포구,상암동,상암월드컵파크8단지,49.62,12,2008,4285,31,2026,4,22
마포구,상암동,상암월드컵파크12단지,59.73,10,2010,6509,39,2026,4,22
마포구,용강동,이편한세상마포리버파크,59.98,8,2016,50000,150,2026,4,13
마포구,토정동,한강삼성,59.76,16,1997,65000,0,2026,4,19
마포구,도화동,도화동현대,112.09,5,1996,78000,0,2026,4,21
마포구,상암동,상암월드컵파크8단지,39.97,10,2008,2878,25,2026,4,22
마포구,망원동,대림1,84.96,7,2002,25000,150,2026,4,21
마포구,중동,DMC마포청구아파트,84.9,10,1994,1000,50,2026,4,11
마포구,신공덕동,펜트라우스,84.95,8,2011,100000,0,2026,4,11
마포구,아현동,공덕자이,114.99,17,2015,135000,0,2026,4,10
마포구,상암동,상암월드컵파크7단지,104.77,13,2005,73000,0,2026,4,10
마포구,상암동,상암월드컵파크11단지,59.69,3,2010,5702,38,2026,4,22
마포구,상암동,상암월드컵파크11단지,49.58,10,2010,4740,33,2026,4,22
마포구,상암동,상암월드컵파크11단지,59.37,11,2010,5702,38,2026,4,22
마포구,도화동,한화오벨리스크,38.88,6,2004,5000,127,2026,4,21
마포구,성산동,성산시영(선경),50.54,2,1986,35500,0,2026,4,21
마포구,성산동,성산시영(선경),50.54,12,1986,32000,0,2026,4,21
마포구,상암동,상암월드컵파크1단지,49.77,12,2003,2164,30,2026,4,22
마포구,신수동,신수동성원,59.76,12,1998,35000,80,2026,4,18
마포구,망원동,마포한강제이스카이,49.738,4,2019,50000,0,2026,4,20
마포구,염리동,마포프레스티지자이,84.8079,15,2021,107000,0,2026,4,17
마포구,창전동,창전래미안,84.93,10,1998,66500,0,2026,4,18
마포구,염리동,마포프레스티지자이,84.8079,16,2021,30000,330,2026,4,15
마포구,염리동,상록임대,26.81,5,1997,1030,11,2026,4,21
마포구,서교동,서교동효성해링턴타워,37.17,13,2020,13760,77,2026,4,21
마포구,창전동,창전래미안,59.94,14,1998,10000,140,2026,4,20
마포구,연남동,코오롱,114.88,13,2003,40000,140,2026,4,4
마포구,대흥동,마포그랑자이,84.99,7,2020,27000,0,2026,4,18
마포구,대흥동,마포그랑자이,84.99,4,2020,5000,350,2026,4,3
마포구,성산동,성산시영(대우),50.03,5,1986,3000,80,2026,4,15
마포구,서교동,대우미래사랑,34.29,3,2005,2000,82,2026,4,21
마포구,공덕동,공덕1삼성래미안,84.94,17,1999,5000,300,2026,4,16
마포구,공덕동,래미안공덕5차,84.871,14,2011,20000,280,2026,4,20
마포구,현석동,래미안웰스트림,49.16,4,2016,3130,19,2026,4,21
마포구,도화동,우성,68.94,1,1991,55000,0,2026,4,17
마포구,상암동,상암월드컵파크5단지,104.69,16,2005,30000,220,2026,4,21
마포구,공덕동,공덕2삼성래미안,59.97,5,2004,72000,0,2026,4,20
마포구,도화동,현대홈타운,59.17,7,2000,52500,0,2026,4,18
마포구,현석동,래미안웰스트림,49.16,14,2016,6584,19,2026,4,20
마포구,신수동,하나테크노빌,38.7,8,2002,1000,80,2026,4,15
마포구,성산동,성산시영(선경),50.54,5,1986,30000,0,2026,4,18
마포구,성산동,성사1차풍림아파트101동,59.85,17,2000,48000,0,2026,4,18
마포구,아현동,더클래시,84.98,3,2022,97600,0,2026,4,11
마포구,서교동,대우미래사랑,34.29,8,2005,26000,0,2026,4,13
마포구,상암동,상암월드컵파크10단지,49.58,10,2010,8327,15,2026,4,20
마포구,성산동,성산2차e-편한세상,59.76,12,2005,50000,0,2026,4,11
마포구,상암동,상암월드컵파크4단지,84.81,6,2006,70000,0,2026,4,17
마포구,성산동,성산시영(대우),50.03,7,1986,14000,50,2026,4,15
마포구,신공덕동,신공덕래미안3차,114.76,4,2003,85000,0,2026,4,14
마포구,상암동,상암월드컵파크4단지,84.76,8,2006,80000,0,2026,4,20
마포구,성산동,성산시영(대우),50.03,2,1986,31500,0,2026,4,18
마포구,공덕동,래미안공덕5차,84.871,6,2011,50000,160,2026,4,4
마포구,공덕동,래미안공덕4차,59.9,3,2005,75000,0,2026,4,15
마포구,아현동,더클래시,84.98,23,2022,117000,0,2026,4,18
마포구,아현동,더클래시,84.98,23,2022,114000,0,2026,4,20
마포구,아현동,애오개아이파크,30.01,5,2016,5000,123,2026,4,4
마포구,대흥동,마포그랑자이,84.98,7,2020,105000,0,2026,4,16
마포구,도화동,삼성,84.985,8,1997,10000,260,2026,4,15
마포구,하중동,한강밤섬자이,84.99,3,2010,95000,0,2026,4,17
마포구,공덕동,래미안공덕4차,112.71,20,2005,25000,320,2026,4,18
마포구,염리동,상록임대,27.47,7,1997,2262,5,2026,4,20
마포구,도화동,한화오벨리스크,38.88,8,2004,2000,140,2026,4,6
마포구,창전동,창전래미안,32.76,2,1998,3415,2,2026,4,20
마포구,중동,울트라월드컵(참누리),84.9572,20,2006,75000,0,2026,4,17
마포구,서교동,대우미래사랑,34.29,5,2005,11000,45,2026,4,18
마포구,망원동,한강2차대주피오레,84.97,6,2003,50000,0,2026,4,16
마포구,상암동,상암월드컵파크10단지,49.58,5,2010,8327,15,2026,4,18
마포구,공덕동,공덕3삼성래미안,59.97,16,2004,79000,0,2026,4,16
마포구,성산동,성산시영(대우),50.03,12,1986,35000,0,2026,4,18
마포구,상암동,상암월드컵파크2단지,59.92,18,2003,5000,210,2026,4,18
마포구,대흥동,대흥동태영아파트,59.4,13,1999,67000,0,2026,4,13
마포구,염리동,마포프레스티지자이,84.9422,17,2021,120000,0,2026,4,18
마포구,상암동,상암월드컵파크5단지,84.73,6,2005,40000,117,2026,4,17
마포구,아현동,마포래미안푸르지오4단지,84.5978,1,2014,77175,0,2026,4,18
마포구,용강동,마포용강삼성래미안,59.99,15,2003,20000,220,2026,4,6
마포구,공덕동,래미안공덕5차,59.959,10,2011,63000,0,2026,4,20
마포구,상암동,상암월드컵파크8단지,39.97,8,2008,4378,17,2026,4,20
마포구,염리동,마포프레스티지자이,59.8772,14,2021,30000,250,2026,4,4
마포구,대흥동,마포그랑자이(임대),39.99,5,2020,22104,62,2026,4,19
마포구,망원동,미원2,93.66,5,1997,55650,0,2026,4,18
마포구,신수동,(91-511),53.04,4,2011,42000,0,2026,4,18
마포구,대흥동,마포그랑자이,84.99,16,2020,110000,0,2026,4,18
마포구,성산동,성산시영(선경),50.54,1,1986,31000,0,2026,4,16
마포구,공덕동,공덕2삼성래미안,114.87,10,2004,80000,0,2026,4,20
마포구,중동,DMC마포청구아파트,84.9,13,1994,66000,0,2026,4,18
마포구,도화동,우성,128.315,1,1991,40000,120,2026,4,18
마포구,현석동,래미안웰스트림,39.4,7,2016,1170,20,2026,4,19
마포구,아현동,마포래미안푸르지오3단지,59.9796,15,2014,74500,0,2026,4,17
마포구,아현동,더클래시,59.5,16,2022,81900,0,2026,4,17
마포구,도화동,도화동현대,79.83,7,1996,63000,0,2026,4,16
마포구,상암동,상암월드컵파크4단지,84.66,7,2006,77000,0,2026,4,17
마포구,서교동,서교동효성해링턴타워,37.17,4,2020,9170,95,2026,4,17
마포구,서교동,서교동효성해링턴타워,37.17,17,2020,13760,74,2026,4,17
마포구,서교동,서교동효성해링턴타워,37.17,8,2020,13760,75,2026,4,17
마포구,서교동,서교동효성해링턴타워,37.17,13,2020,13760,75,2026,4,17
마포구,상암동,DMC상암센트럴파크2단지,51.96,1,2009,45000,0,2026,4,17
마포구,신수동,마포경남아너스빌,84.95,3,2007,75000,0,2026,4,14
마포구,성산동,성산시영(선경),50.54,12,1986,17600,0,2026,4,17
마포구,도화동,우성,68.94,8,1991,58000,0,2026,4,16
마포구,망원동,마포한강제이스카이,49.738,11,2019,36700,0,2026,4,17
마포구,성산동,성산시영(대우),50.03,1,1986,5000,100,2026,4,17
마포구,도화동,우성,68.94,1,1991,55000,0,2026,4,17
마포구,서교동,서교동효성해링턴타워,17.93,9,2020,6120,40,2026,4,17
마포구,서교동,서교동효성해링턴타워,37.17,18,2020,9160,93,2026,4,17
마포구,염리동,마포프레스티지자이,84.9422,25,2021,128000,0,2026,4,17
마포구,창전동,신촌태영데시앙,84.97,7,2003,30000,160,2026,4,17
마포구,상암동,상암월드컵파크10단지,59.73,10,2010,50000,0,2026,4,13
마포구,염리동,상록,58.71,13,1997,52000,0,2026,4,17
마포구,성산동,성산시영(대우),50.03,9,1986,31500,0,2026,4,6
마포구,상암동,상암월드컵파크9단지,49.71,1,2010,4880,33,2026,4,17
마포구,상암동,상암월드컵파크6단지,104.32,7,2005,84000,0,2026,4,16
마포구,창전동,마포웨스트리버태영데시앙,84.719,16,2019,100000,0,2026,4,17
마포구,연남동,코오롱,114.88,5,2003,76000,0,2026,4,6
마포구,공덕동,래미안공덕5차,59.959,8,2011,57500,0,2026,4,17
마포구,현석동,래미안웰스트림,49.16,9,2016,3130,19,2026,4,17
마포구,망원동,삼성화원,89.55,11,2002,65000,0,2026,4,16
마포구,성산동,성산시영(유원),59.43,7,1986,4500,150,2026,4,16
마포구,상수동,래미안밤섬리베뉴Ⅰ,84.99,6,2014,95000,0,2026,4,11
마포구,아현동,애오개아이파크,30.01,7,2016,39000,0,2026,4,13
마포구,성산동,성산시영(대우),50.03,1,1986,22200,0,2026,4,16
마포구,도화동,우성,79.97,11,1991,58000,0,2026,4,15
마포구,도화동,한화오벨리스크,75.72,28,2004,3000,320,2026,4,11
마포구,서교동,서교동효성해링턴타워,37.17,9,2020,13760,75,2026,4,16
마포구,신공덕동,대우메트로디오빌,28.96,20,2005,1000,115,2026,4,14
마포구,성산동,성산시영(유원),59.43,10,1986,40000,0,2026,4,7
마포구,용강동,이편한세상마포리버파크,84.98,17,2016,86100,100,2026,4,11
마포구,신수동,신촌숲아이파크,84.901,26,2019,110250,0,2026,4,16
마포구,용강동,대림2차,118.86,2,2004,70000,200,2026,4,16
마포구,서교동,메세나폴리스,142.034,12,2012,60000,500,2026,4,15
마포구,공덕동,공덕SK리더스뷰,40.7,17,2021,15515,72,2026,4,16
마포구,노고산동,현대벤처빌,31.57,9,2002,1000,95,2026,4,15
마포구,상암동,상암월드컵파크1단지,49.93,10,2003,5388,12,2026,4,16
마포구,공덕동,공덕헤리지움,29.09,6,2020,19280,21,2026,4,16
마포구,아현동,마포래미안푸르지오4단지,84.8919,14,2014,102500,0,2026,4,16
마포구,신공덕동,kcc웰츠,106.27,15,2011,10000,550,2026,4,4
마포구,서교동,대우미래사랑,57.36,9,2005,25000,78,2026,4,4
마포구,아현동,더클래시,59.97,10,2022,88000,0,2026,4,13
마포구,상암동,상암월드컵파크4단지,84.66,19,2006,77000,0,2026,4,16
마포구,아현동,마포래미안푸르지오2단지,114.588,14,2014,50000,360,2026,4,15
마포구,도화동,도화동현대,79.83,2,1996,64000,0,2026,4,13
마포구,성산동,성산시영(유원),59.43,13,1986,40000,0,2026,4,13
마포구,대흥동,대흥동태영아파트,59.4,5,1999,62400,0,2026,4,15
마포구,신수동,대원칸타빌,143.656,7,2004,3000,550,2026,4,13
마포구,성산동,성산시영(대우),50.03,7,1986,30000,0,2026,4,9
마포구,도화동,우성,79.97,11,1991,52500,0,2026,4,11
마포구,상암동,상암월드컵파크10단지,49.58,5,2010,11042,0,2026,4,16
마포구,도화동,도화동현대,79.83,8,1996,56000,0,2026,4,4
마포구,망원동,신부3차파스카,83.95,7,2002,55000,0,2026,4,6
마포구,공덕동,래미안공덕5차,113.866,13,2011,110000,0,2026,4,15
마포구,마포동,마포쌍용황금아파트,59.9,6,2000,52500,0,2026,4,15
마포구,상암동,상암월드컵파크9단지,39.33,10,2010,5748,12,2026,4,15
마포구,도화동,우성,68.94,6,1991,8000,180,2026,4,7
마포구,용강동,이편한세상마포리버파크,84.98,12,2016,10000,400,2026,4,11
마포구,창전동,이랜드PEER신촌,17.296,13,2021,5337,27,2026,4,15
마포구,현석동,강변힐스테이트,84.85,20,2004,80000,0,2026,4,15
마포구,아현동,마포래미안푸르지오1단지,59.9236,3,2014,10000,300,2026,4,4
마포구,대흥동,대흥동태영아파트,59.4,15,1999,55125,22,2026,4,14
마포구,대흥동,마포그랑자이,84.99,20,2020,1000,120,2026,4,13
마포구,상암동,상암월드컵파크9단지,49.71,1,2010,8334,14,2026,4,15
마포구,신공덕동,신공덕래미안2차,59.48,4,2000,60000,0,2026,4,14
마포구,상암동,상암월드컵파크9단지,84.89,6,2010,42262,0,2026,4,15
마포구,서교동,서교동효성해링턴타워,37.17,14,2020,8536,28,2026,4,15
마포구,성산동,성산시영(대우),50.03,7,1986,5000,120,2026,4,15
마포구,신공덕동,펜트라우스,103.04,12,2011,110000,0,2026,4,15
마포구,성산동,성산시영(대우),50.03,4,1986,2000,81,2026,4,12
마포구,서교동,서교동효성해링턴타워,17.93,13,2020,6120,41,2026,4,15
마포구,대흥동,마포그랑자이,84.98,10,2020,109700,0,2026,4,15
마포구,성산동,성산2차e-편한세상,84.95,4,2005,62000,0,2026,4,15
마포구,용강동,이편한세상마포리버파크,84.98,14,2016,125000,0,2026,4,15
마포구,도화동,성지,84.24,4,1984,10000,147,2026,4,15
마포구,상암동,상암월드컵파크10단지,59.69,10,2010,2498,45,2026,4,14
마포구,도화동,삼성,84.985,10,1997,86000,0,2026,4,14
마포구,신공덕동,펜트라우스,152.85,12,2011,143000,0,2026,4,14
마포구,대흥동,마포그랑자이(2단지),59.96,6,2020,73500,0,2026,4,8
마포구,대흥동,대흥동태영아파트,59.4,2,1999,60900,0,2026,4,4
마포구,망원동,참존1차(419-3),73.38,4,2005,45000,0,2026,4,14
마포구,상암동,상암월드컵파크2단지,59.84,5,2003,57700,0,2026,4,14
마포구,대흥동,마포그랑자이,84.98,3,2020,94500,0,2026,4,9
마포구,합정동,일신건영휴먼빌아파트,84.553,5,2005,30000,150,2026,4,14
마포구,상암동,상암월드컵파크2단지,59.92,17,2003,60000,0,2026,4,13
마포구,서교동,서교동효성해링턴타워,17.93,24,2020,6120,41,2026,4,13
마포구,서교동,서교동효성해링턴타워,37.17,14,2020,13760,75,2026,4,14
마포구,성산동,성산시영(선경),50.54,12,1986,5250,105,2026,4,11
마포구,서교동,서교동효성해링턴타워,37.17,9,2020,9170,94,2026,4,14
마포구,공덕동,공덕더샵,84.9598,15,2018,78750,116,2026,4,11
마포구,상암동,상암월드컵파크9단지,84.89,5,2010,60000,0,2026,4,11
마포구,성산동,성산시영(대우),50.03,3,1986,31500,0,2026,4,12
마포구,공덕동,래미안공덕5차,59.959,8,2011,35000,180,2026,4,14
마포구,도화동,현대홈타운,59.17,7,2000,44100,0,2026,4,4
마포구,망원동,성원2,114.74,14,1999,71000,0,2026,4,11
마포구,아현동,마포래미안푸르지오4단지,59.9656,18,2014,72700,0,2026,4,10
마포구,성산동,성산월드타운대림,84.689,9,2004,6000,190,2026,4,14
마포구,대흥동,대흥동태영아파트,84.77,4,1999,67095,0,2026,4,13
마포구,서교동,서교동효성해링턴타워,37.17,15,2020,13760,75,2026,4,13
마포구,상암동,상암월드컵파크4단지,84.66,18,2006,10000,250,2026,4,11
마포구,창전동,이랜드PEER신촌,29.5491,12,2021,12730,29,2026,4,13
마포구,염리동,마포프레스티지자이,59.7848,3,2021,92000,0,2026,4,11
마포구,신수동,밤섬경남아너스빌,84.83,10,2009,25000,172,2026,4,13
마포구,공덕동,공덕파크자이,84.9802,13,2015,120000,0,2026,4,10
마포구,상암동,DMCVILLE,49.41,9,2006,0,226,2026,4,5
마포구,상암동,DMCVILLE,84.15,3,2006,0,326,2026,4,4
마포구,상암동,DMCVILLE,49.33,2,2006,0,226,2026,4,5
마포구,상암동,DMCVILLE,84.57,3,2006,0,326,2026,4,4
마포구,상암동,DMCVILLE,84.15,6,2006,0,315,2026,4,5
마포구,상암동,DMCVILLE,84.15,4,2006,0,326,2026,4,4
마포구,상암동,DMCVILLE,84.57,6,2006,0,326,2026,4,4
마포구,서교동,서교동효성해링턴타워,17.93,11,2020,6120,41,2026,4,13
마포구,염리동,마포자이,113.803,9,2003,117600,0,2026,4,13
마포구,망원동,상암마젤란21,55.85,15,2005,40750,0,2026,4,11
마포구,성산동,노블에비뉴,43.668,4,2015,17000,77,2026,4,11
마포구,아현동,공덕자이,114.99,13,2015,9300,505,2026,4,13
마포구,도화동,도화동현대,79.83,10,1996,30000,150,2026,4,9
마포구,성산동,성산시영(선경),50.54,7,1986,28940,0,2026,4,13
마포구,망원동,솔루체2차아파트,38.42,7,2022,15000,90,2026,4,11
마포구,상암동,DMCVILLE,49.41,12,2006,0,226,2026,4,4
마포구,상암동,상암월드컵파크4단지,84.89,7,2006,73000,0,2026,4,12
마포구,도화동,삼성,84.985,8,1997,20000,230,2026,4,11
마포구,창전동,이랜드PEER신촌,17.296,9,2021,5337,27,2026,4,13
마포구,성산동,성산시영(유원),59.43,5,1986,38800,0,2026,4,11
마포구,염리동,마포프레스티지자이,84.9472,23,2021,125000,0,2026,4,10
마포구,공덕동,공덕1삼성래미안,84.94,2,1999,85000,0,2026,4,9
마포구,염리동,마포자이,84.692,13,2003,35000,320,2026,4,11
마포구,공덕동,래미안공덕4차,59.9,4,2005,78000,0,2026,4,11
마포구,용강동,마포용강삼성래미안,59.99,2,2003,71000,0,2026,4,3
마포구,염리동,상록,58.71,9,1997,5000,200,2026,4,13
마포구,창전동,이랜드PEER신촌,17.1491,9,2021,5337,27,2026,4,13
마포구,도화동,한화오벨리스크,38.88,9,2004,20000,95,2026,4,11
마포구,도화동,현대홈타운,84.95,10,2000,64000,0,2026,4,10
마포구,대흥동,마포그랑자이,59.98,10,2020,90000,0,2026,4,11
마포구,성산동,월드컵아이파크(666-0),94.32,14,2008,70000,0,2026,4,10
마포구,성산동,성산시영(대우),50.03,14,1986,30000,0,2026,4,11
마포구,창전동,마포웨스트리버태영데시앙,84.793,2,2019,84000,0,2026,4,12
마포구,신수동,신촌숲아이파크,84.932,10,2019,115000,0,2026,4,10
마포구,성산동,성산시영(선경),50.54,1,1986,3000,100,2026,4,8
마포구,서교동,서교동효성해링턴타워,37.17,6,2020,3060,117,2026,4,9
마포구,창전동,해모로,83.85,19,2007,77000,0,2026,4,7
마포구,서교동,서교동효성해링턴타워,37.17,18,2020,13760,76,2026,4,9
마포구,서교동,서교동효성해링턴타워,17.93,18,2020,6120,40,2026,4,10
마포구,서교동,서교동효성해링턴타워,37.17,15,2020,13760,77,2026,4,10
마포구,성산동,성산시영(선경),50.54,12,1986,32500,0,2026,4,9
마포구,도화동,한화오벨리스크,75.7,19,2004,50000,0,2026,4,2
마포구,성산동,성산시영(대우),50.03,9,1986,24000,30,2026,4,6
마포구,서교동,서교동효성해링턴타워,37.17,13,2020,13760,74,2026,4,10
마포구,망원동,상암마젤란21,82.39,10,2005,20000,160,2026,4,10
마포구,서교동,서교동효성해링턴타워,37.17,14,2020,9160,93,2026,4,10
마포구,아현동,서서울삼성,48.92,7,1998,49000,0,2026,4,1
마포구,신수동,신수동성원,59.76,2,1998,30000,87,2026,4,6
마포구,상암동,상암월드컵파크6단지,84.53,2,2005,65000,0,2026,4,10
마포구,현석동,래미안웰스트림,84.9,25,2016,110000,0,2026,4,10
마포구,대흥동,마포그랑자이,84.99,11,2020,27500,0,2026,4,9
마포구,아현동,더클래시,59.97,9,2022,77000,0,2026,4,10
마포구,공덕동,공덕2삼성래미안,114.87,7,2004,67000,70,2026,4,10
마포구,아현동,마포래미안푸르지오1단지,84.5978,5,2014,92000,0,2026,4,10
마포구,중동,울트라월드컵(참누리),84.9406,1,2006,50100,0,2026,4,10
마포구,신공덕동,대우메트로디오빌,29.11,22,2005,1000,110,2026,4,2
마포구,도화동,우성,79.97,10,1991,10000,180,2026,4,10
마포구,염리동,염리삼성래미안,59.52,1,2001,64050,0,2026,4,8
마포구,신공덕동,신공덕1차삼성래미안1아파트,84.9,6,2000,73000,0,2026,4,8
마포구,상암동,상암월드컵파크2단지,59.92,17,2003,4000,137,2026,4,8
마포구,도화동,삼성,136.65,12,1997,110000,0,2026,4,9
마포구,창전동,마포웨스트리버태영데시앙,84.785,8,2019,62500,70,2026,4,9
마포구,공덕동,래미안공덕5차,39.979,13,2011,1672,32,2026,4,9
마포구,창전동,이랜드PEER신촌,17.1491,11,2021,5337,27,2026,4,8
마포구,공덕동,래미안공덕4차,112.71,5,2005,90000,90,2026,4,9
마포구,서교동,서교동효성해링턴타워,37.17,22,2020,13760,74,2026,4,6
마포구,서교동,서교동효성해링턴타워,37.17,18,2020,12240,80,2026,4,8
마포구,서교동,서교동효성해링턴타워,17.93,4,2020,6120,40,2026,4,7
마포구,공덕동,공덕2삼성래미안,84.94,16,2004,79000,0,2026,4,9
마포구,상암동,상암월드컵파크5단지,84.73,6,2005,40000,117,2026,4,8
마포구,도화동,한화오벨리스크,38.08,7,2004,10000,107,2026,4,9
마포구,서교동,서교동효성해링턴타워,37.17,14,2020,13760,74,2026,4,7
마포구,서교동,서교동효성해링턴타워,37.17,18,2020,9170,94,2026,4,7
마포구,서교동,서교동효성해링턴타워,37.17,15,2020,13760,76,2026,4,8
마포구,서교동,서교동효성해링턴타워,37.17,13,2020,13760,76,2026,4,8
마포구,도화동,한화오벨리스크,38.08,6,2004,41000,0,2026,4,8
마포구,용강동,래미안마포리버웰,84.98,11,2015,30000,294,2026,4,6
마포구,도화동,우성,68.94,5,1991,60000,0,2026,4,5
마포구,중동,울트라월드컵(참누리),84.9572,19,2006,55000,55,2026,4,2
마포구,창전동,이랜드PEER신촌,29.4038,10,2021,318,34,2026,4,8
마포구,창전동,이랜드PEER신촌,29.4038,10,2021,318,34,2026,4,8
마포구,서교동,서교동효성해링턴타워,37.17,15,2020,9170,94,2026,4,7
마포구,서교동,서교동효성해링턴타워,17.93,11,2020,4580,47,2026,4,6
마포구,공덕동,공덕3삼성래미안,59.97,4,2004,40000,102,2026,4,5
마포구,용강동,래미안마포리버웰,84.98,8,2015,20000,380,2026,4,4
마포구,창전동,이랜드PEER신촌,29.5193,12,2021,19096,9,2026,4,8
마포구,신수동,현대,84.47,8,1996,52090,0,2026,4,4
마포구,창전동,이랜드PEER신촌,29.4038,11,2021,4243,22,2026,4,8
마포구,망원동,성원2,59.43,5,1999,5000,130,2026,4,3
마포구,신공덕동,브라운스톤공덕아파트,84.98,19,2009,95000,0,2026,4,8
마포구,상암동,상암월드컵파크11단지,49.71,1,2010,2002,39,2026,4,8
마포구,신공덕동,브라운스톤공덕아파트,84.98,16,2009,60000,130,2026,4,7
마포구,공덕동,래미안공덕4차,83.42,6,2005,60000,100,2026,4,8
마포구,창전동,이랜드PEER신촌,17.296,15,2021,5337,27,2026,4,8
마포구,아현동,더클래시,43.64,3,2022,58300,0,2026,4,8
마포구,아현동,더클래시,59.97,19,2022,88000,0,2026,4,8
마포구,성산동,성산시영(선경),50.54,3,1986,28300,0,2026,4,7
마포구,도화동,우성,54.72,10,1991,50000,0,2026,4,8
마포구,상암동,상암월드컵파크7단지,84.9,8,2005,57500,0,2026,4,8
마포구,아현동,공덕자이,59.99,7,2015,84000,0,2026,4,4
마포구,성산동,성산시영(유원),59.43,12,1986,40000,0,2026,4,4
마포구,도화동,한화오벨리스크,49.87,7,2004,2000,200,2026,4,3
마포구,공덕동,공덕3삼성래미안,59.97,2,2004,40000,140,2026,4,3
마포구,대흥동,마포그랑자이,59.98,10,2020,75240,0,2026,4,5
마포구,창전동,이랜드PEER신촌,17.296,9,2021,5337,27,2026,4,7
마포구,공덕동,래미안공덕4차,83.42,9,2005,82950,0,2026,4,3
마포구,성산동,성산시영(대우),50.03,4,1986,22000,50,2026,4,2
마포구,현석동,강변힐스테이트,59.54,2,2004,67000,0,2026,4,7
마포구,현석동,강변힐스테이트,59.78,15,2004,35000,100,2026,4,6
마포구,공덕동,래미안공덕4차,59.9,7,2005,28500,91,2026,4,4
마포구,아현동,마포래미안푸르지오4단지,59.9656,18,2014,82000,0,2026,4,5
마포구,노고산동,현대벤처빌,41.96,15,2002,1000,110,2026,4,7
마포구,창전동,이랜드PEER신촌,17.296,16,2021,5152,27,2026,4,7
마포구,창전동,창전래미안,84.93,18,1998,65000,0,2026,4,3
마포구,아현동,마포래미안푸르지오4단지,114.2802,20,2014,130000,0,2026,4,5
마포구,공덕동,공덕1삼성래미안,59.74,8,1999,10000,190,2026,4,7
마포구,아현동,마포래미안푸르지오4단지,114.2802,24,2014,45000,323,2026,4,7
마포구,중동,마포중동현대,59.88,8,2001,48000,0,2026,4,3
마포구,아현동,애오개아이파크,30.01,4,2016,34000,20,2026,4,1
마포구,성산동,성산시영(유원),59.43,8,1986,33300,0,2026,4,7
마포구,성산동,성산시영(유원),59.43,14,1986,41000,0,2026,4,6
마포구,신공덕동,신공덕래미안2차,59.48,14,2000,53000,0,2026,4,4
마포구,공덕동,공덕3삼성래미안,59.97,13,2004,75000,0,2026,4,4
마포구,공덕동,공덕1삼성래미안,114.88,17,1999,80000,0,2026,4,6
마포구,상수동,래미안밤섬리베뉴Ⅱ,84.92,17,2014,95000,0,2026,4,5
마포구,서교동,대우미래사랑,34.29,10,2005,2000,90,2026,4,4
마포구,창전동,해모로,83.871,13,2007,60000,80,2026,4,4
마포구,창전동,이랜드PEER신촌,17.1491,8,2021,4003,30,2026,4,3
마포구,신공덕동,신공덕래미안2차,84.73,11,2000,74000,0,2026,4,6
마포구,현석동,강변힐스테이트,114.99,6,2004,108000,0,2026,4,6
마포구,성산동,성사1차풍림아파트101동,59.85,10,2000,44100,0,2026,4,2
마포구,대흥동,마포그랑자이,59.96,3,2020,87000,0,2026,4,6
마포구,성산동,성산시영(대우),50.03,9,1986,9000,70,2026,4,6
마포구,성산동,성산시영(대우),50.03,1,1986,35000,0,2026,4,3
마포구,상암동,상암월드컵파크4단지,104.78,3,2006,89000,0,2026,4,6
마포구,도화동,우성,141.515,8,1991,78000,0,2026,4,6
마포구,대흥동,대흥동태영아파트,84.77,4,1999,100000,0,2026,4,6
마포구,창전동,창전래미안,59.94,12,1998,40000,55,2026,4,3
마포구,창전동,신촌태영데시앙,84.97,18,2003,5000,270,2026,4,4
마포구,공덕동,래미안공덕4차,83.42,2,2005,60000,100,2026,4,4
마포구,상암동,상암월드컵파크11단지,59.37,15,2010,9613,16,2026,4,6
마포구,성산동,성산시영(유원),59.43,11,1986,5000,116,2026,4,4
마포구,합정동,현대하이츠,71.44,6,2004,60000,0,2026,4,4
마포구,서교동,서교동효성해링턴타워,37.17,12,2020,9160,92,2026,4,3
마포구,서교동,서교동효성해링턴타워,17.93,14,2020,6120,40,2026,4,3
마포구,서교동,서교동효성해링턴타워,37.17,14,2020,13760,76,2026,4,3
마포구,성산동,월드컵아이파크(667),59.73,4,2009,56000,0,2026,4,6
마포구,서교동,서교동효성해링턴타워,37.17,12,2020,13760,76,2026,4,2
마포구,서교동,서교동효성해링턴타워,37.17,17,2020,9170,94,2026,4,3
마포구,대흥동,동양엔파트,84.893,8,2007,80000,0,2026,4,4
마포구,서교동,서교동효성해링턴타워,17.93,15,2020,6120,41,2026,4,3
마포구,용강동,대림2차,59.25,3,2004,63000,0,2026,4,4
마포구,아현동,마포래미안푸르지오4단지,59.9656,2,2014,74000,0,2026,4,4
마포구,도화동,현대홈타운,84.95,2,2000,60000,0,2026,4,4
마포구,마포동,보성,59.4,5,1996,49000,0,2026,4,4
마포구,신수동,대원칸타빌,117.183,14,2004,87100,0,2026,4,4
마포구,마포동,마포쌍용황금아파트,59.9,2,2000,49000,0,2026,4,3
마포구,도화동,우성,79.97,8,1991,59000,0,2026,4,4
마포구,중동,울트라월드컵(참누리),59.9882,12,2006,64000,0,2026,4,4
마포구,염리동,마포프레스티지자이,59.7848,23,2021,15000,330,2026,4,4
마포구,도화동,우성,68.94,12,1991,60000,0,2026,4,4
마포구,서교동,서교동효성해링턴타워,17.93,5,2020,6120,41,2026,4,3
마포구,신공덕동,브라운스톤공덕아파트,84.98,18,2009,45000,210,2026,4,4
마포구,신정동,서강GS,59.98,10,1999,50000,0,2026,4,4
마포구,아현동,마포래미안푸르지오1단지,84.8919,20,2014,30000,305,2026,4,3
마포구,대흥동,마포자이2차,84.95,22,2014,110000,0,2026,4,1
마포구,상암동,상암월드컵파크10단지,59.76,2,2010,9849,16,2026,4,3
마포구,상암동,상암월드컵파크10단지,84.89,10,2010,42262,0,2026,4,3
마포구,상암동,상암월드컵파크9단지,84.98,14,2010,64000,0,2026,4,1
마포구,중동,건영월드컵,79.58,5,2002,40000,93,2026,4,3
마포구,아현동,공덕자이,59.99,9,2015,83000,0,2026,4,2
마포구,아현동,공덕자이,59.99,9,2015,83000,0,2026,4,2
마포구,아현동,마포래미안푸르지오3단지,59.9452,4,2014,70560,0,2026,4,3
마포구,상암동,상암월드컵파크10단지,59.69,4,2010,9849,16,2026,4,2
마포구,도화동,도화동현대,54.72,13,1996,35000,60,2026,4,1
마포구,아현동,삼환나띠르빌,84.9,7,2003,72000,0,2026,4,1
마포구,망원동,대상3,59.61,8,2000,14000,120,2026,4,1
마포구,대흥동,대흥동세양,60,8,2000,65000,0,2026,4,2
마포구,중동,DMC마포청구아파트,84.9,16,1994,55600,0,2026,4,1
마포구,상암동,상암월드컵파크5단지,84.73,2,2005,64000,0,2026,4,2
마포구,합정동,합정한강아파트,52.62,3,2017,55000,0,2026,4,1
마포구,상암동,상암월드컵파크2단지,59.84,10,2003,30000,100,2026,4,1
마포구,망원동,한강2차대주피오레,99.16,6,2003,75000,0,2026,4,1
마포구,중동,울트라월드컵(참누리),84.9572,7,2006,35000,135,2026,4,1
마포구,공덕동,래미안공덕5차,84.871,1,2011,88000,0,2026,4,1
마포구,상암동,상암월드컵파크11단지,84.89,4,2010,60000,0,2026,4,1
마포구,성산동,성산동성,84.97,8,1999,10000,200,2026,4,1
마포구,성산동,성산시영(대우),50.03,2,1986,32500,0,2026,4,1
마포구,염리동,염리삼성래미안,114.48,7,2001,50000,188,2026,4,1
마포구,도화동,삼성,114.74,8,1997,50000,167,2026,4,1
마포구,신수동,마포경남아너스빌,84.95,4,2007,55000,41,2026,4,1
마포구,상암동,상암월드컵파크5단지,84.67,10,2005,69000,0,2026,4,1
양천구,목동,목동신시가지4,47.25,7,1986,40000,0,2026,4,30
양천구,목동,목동신시가지1,66,2,1985,47400,0,2026,4,29
양천구,신월동,신월시영,50.67,6,1988,3000,90,2026,4,16
양천구,신정동,이펜하우스1단지,59.93,3,2011,10000,120,2026,4,11
양천구,신정동,청구,84.99,6,1992,56700,0,2026,4,24
양천구,목동,목동신시가지6,65.1,16,1986,54000,0,2026,4,5
양천구,목동,목동신시가지1,66,8,1985,57700,0,2026,4,17
양천구,신정동,래미안목동아델리체(101동~118동),84.58,18,2021,96000,0,2026,4,18
양천구,목동,목동청구한신아파트,84.77,1,1997,67000,40,2026,4,18
양천구,신월동,롯데캐슬,59.747,6,2014,49000,0,2026,4,15
양천구,목동,목동신시가지7,53.88,13,1986,40517,0,2026,4,7
양천구,신월동,목동센트럴아이파크위브2단지,52.85,3,2020,46200,0,2026,4,11
양천구,목동,목동롯데캐슬마에스트로,77.2609,7,2019,35000,160,2026,4,3
양천구,목동,목동금호베스트빌,58.86,8,2002,62000,0,2026,4,5
양천구,신정동,목동신시가지13,53.9,10,1987,40000,0,2026,4,4
양천구,신정동,신정6현대,84.6,8,2000,10000,195,2026,4,24
양천구,신정동,이펜하우스3단지,59.88,9,2011,9096,15,2026,4,22
양천구,신월동,목동센트럴아이파크위브3단지,52.85,17,2020,48000,0,2026,4,20
양천구,신정동,이펜하우스4단지,59.83,7,2011,8771,15,2026,4,22
양천구,목동,목동신시가지2,95.67,5,1986,20000,280,2026,4,27
양천구,신정동,신정숲속마을,39.99,7,2016,1132,27,2026,4,22
양천구,목동,목동금호베스트빌,96.83,7,2002,45000,75,2026,4,18
양천구,목동,목동신시가지7,53.88,15,1986,40000,20,2026,4,10
양천구,신정동,목동신시가지14,55.02,8,1987,44000,0,2026,4,18
양천구,목동,극동늘푸른,114.65,9,1998,96500,0,2026,4,13
양천구,목동,하이페리온2,133.363,31,2006,120000,160,2026,4,27
양천구,신월동,목동센트럴아이파크위브2단지,59.88,9,2020,10000,180,2026,4,11
양천구,신월동,대방샤인힐,84.72,2,2003,20000,115,2026,4,6
양천구,신정동,이펜하우스3단지,59.94,7,2011,9096,15,2026,4,22
양천구,신월동,롯데캐슬,84.984,5,2014,55600,0,2026,4,25
양천구,목동,목동신시가지1,65.34,9,1985,20000,200,2026,4,9
양천구,목동,목동신시가지1,65.34,9,1985,20000,200,2026,4,9
양천구,신정동,목동신시가지10,105.58,2,1987,90000,0,2026,4,16
양천구,신정동,목동신시가지10,106.06,1,1987,78750,0,2026,4,28
양천구,신정동,이펜하우스5단지,59.88,6,2011,8648,15,2026,4,22
양천구,목동,신한이모르젠,112.51,9,2006,40000,90,2026,4,22
양천구,목동,목동신시가지7,66.6,3,1986,20000,150,2026,4,8
양천구,목동,목동신시가지4,47.25,7,1986,10000,150,2026,4,18
양천구,목동,삼익,84.88,16,1997,76000,0,2026,4,24
양천구,목동,목동신시가지3,64.98,13,1986,60000,0,2026,4,7
양천구,신정동,이펜하우스3단지,59.88,8,2011,3000,42,2026,4,22
양천구,목동,목동신시가지5,95.27,3,1986,23000,150,2026,4,30
양천구,목동,목동신시가지5,95.21,4,1986,60000,100,2026,4,30
양천구,목동,현대I-PARK,82.81,12,2003,30000,200,2026,4,30
양천구,신정동,목동신시가지14,74.19,14,1987,20000,140,2026,4,12
양천구,목동,목동신시가지3,64.98,10,1986,56500,0,2026,4,30
양천구,목동,목동동화옥시죤-7,76.38,6,2005,52000,0,2026,4,21
양천구,신정동,이펜하우스3단지,49.92,5,2011,1726,40,2026,4,23
양천구,신정동,이펜하우스3단지,59.94,11,2011,1995,44,2026,4,24
양천구,신정동,목동신시가지9,71.37,10,1987,55000,0,2026,4,1
양천구,신정동,목동신시가지9,106.93,4,1987,86100,0,2026,4,29
양천구,목동,목동신시가지3,64.98,10,1986,56500,0,2026,4,30
양천구,신정동,호반써밋목동,84.9828,9,2022,73500,0,2026,4,4
양천구,신월동,목동센트럴아이파크위브2단지,84.97,12,2020,30000,140,2026,4,21
양천구,신정동,이펜하우스3단지,59.88,7,2011,9096,15,2026,4,22
양천구,신정동,목동신시가지9,106.93,11,1987,81900,0,2026,4,29
양천구,목동,목동롯데캐슬마에스트로,59.9846,4,2019,65000,0,2026,4,27
양천구,목동,목동신시가지7,101.2,6,1986,96600,0,2026,4,3
양천구,신월동,신안파크,47.6,2,1987,2500,60,2026,4,25
양천구,신정동,수정,48.87,5,1987,500,50,2026,4,28
양천구,신정동,이펜하우스5단지,59.88,6,2011,8648,15,2026,4,22
양천구,목동,목동신시가지4,47.25,7,1986,40000,0,2026,4,30
양천구,신정동,이펜하우스5단지,59.88,8,2011,8648,15,2026,4,23
양천구,목동,금호아파트(768),59.67,3,1995,25000,70,2026,4,11
양천구,신정동,정은SKY빌,84.972,3,2003,40000,0,2026,4,23
양천구,목동,목동성원초원,84.96,15,1999,75000,0,2026,4,28
양천구,신정동,목동힐스테이트,84.88,13,2016,95550,0,2026,4,18
양천구,신정동,이펜하우스3단지,59.88,8,2011,8072,21,2026,4,22
양천구,신정동,목동신시가지11,51.48,4,1988,37800,0,2026,4,7
양천구,신정동,목동신시가지8,105.35,8,1987,105000,0,2026,4,30
양천구,신월동,신목동파라곤,74.6347,2,2024,50000,40,2026,4,10
양천구,신정동,이펜하우스2단지,59.88,5,2011,2345,47,2026,4,22
양천구,목동,목동신시가지3,95.74,4,1986,20000,190,2026,4,11
양천구,목동,목동신시가지5,142.51,7,1986,150000,0,2026,4,4
양천구,신정동,이펜하우스3단지,59.88,15,2011,9096,15,2026,4,22
양천구,신월동,신안약수,84.56,5,1985,30000,50,2026,4,5
양천구,신월동,보람,82.99,3,1996,10000,70,2026,4,12
양천구,목동,목동신시가지1,66,2,1985,47400,0,2026,4,29
양천구,목동,목동신시가지3,64.98,10,1986,65000,0,2026,4,18
양천구,신월동,목동센트럴아이파크위브4단지,84.97,10,2020,61950,0,2026,4,18
양천구,신정동,학마을1단지,59.98,8,2000,10000,72,2026,4,22
양천구,신정동,마이홈,114.99,5,1995,39200,0,2026,4,23
양천구,목동,금호1,59.88,17,1997,55500,0,2026,4,18
양천구,신정동,목동신시가지12,71.64,9,1988,45500,30,2026,4,28
양천구,신정동,이펜하우스1단지,84.86,2,2011,22397,0,2026,4,24
양천구,신정동,목동신시가지14,55.02,8,1987,44000,0,2026,4,18
양천구,목동,목동이-편한세상,134.77,8,2006,40000,320,2026,4,27
양천구,목동,목동청구한신아파트,84.76,9,1997,35000,180,2026,4,25
양천구,목동,목동신시가지1,47.52,3,1985,22000,32,2026,4,21
양천구,신월동,홍익아파트,86.9,6,2004,33000,0,2026,4,29
양천구,신정동,삼성쉐르빌,149.48,7,2003,150000,0,2026,4,23
양천구,신정동,이펜하우스5단지,59.88,3,2011,6230,28,2026,4,22
양천구,목동,목동신시가지3,64.98,3,1986,50400,0,2026,4,24
양천구,신정동,학마을1단지,49.99,1,2000,30000,0,2026,4,20
양천구,목동,벽산,84.71,14,1991,1000,60,2026,4,29
양천구,신정동,목동신시가지14,71.4,16,1987,49613,0,2026,4,29
양천구,신정동,목동신시가지11,51.48,5,1988,27700,0,2026,4,28
양천구,신정동,호반써밋목동,59.9488,11,2022,30000,140,2026,4,23
양천구,신월동,근상아트프리즘,71.18,4,2002,21000,0,2026,4,14
양천구,목동,수산팰리스,84.98,3,2005,46000,0,2026,4,15
양천구,신월동,신안파크,47.6,1,1987,3000,55,2026,4,17
양천구,신정동,목동신시가지9,106.93,9,1987,80500,0,2026,4,20
양천구,목동,대원칸타빌2,83.72,13,2003,61900,0,2026,4,20
양천구,목동,목4현대,84.99,5,1997,52500,10,2026,4,24
양천구,목동,목동신시가지7,53.88,7,1986,53000,0,2026,4,29
양천구,신정동,목동신시가지11,66.24,1,1988,50000,0,2026,4,29
양천구,신정동,목동신시가지12,71.64,13,1988,57500,0,2026,4,4
양천구,신정동,목동신시가지13,70.73,12,1987,20000,120,2026,4,16
양천구,목동,목동신시가지1,47.52,8,1985,48000,0,2026,4,14
양천구,목동,목동신시가지7,66.6,3,1986,40000,20,2026,4,17
양천구,신월동,롯데캐슬,116.375,11,2014,75000,0,2026,4,20
양천구,신정동,이펜하우스4단지,84.51,11,2011,50000,0,2026,4,20
양천구,신정동,신트리4,48.96,7,2000,7000,90,2026,4,29
양천구,신월동,목동센트럴아이파크위브4단지,84.98,20,2020,59850,0,2026,4,18
양천구,신정동,수정,51.3,3,1987,100,55,2026,4,24
양천구,신정동,목동신시가지9,53.82,12,1987,35700,0,2026,4,15
양천구,신정동,호반써밋목동,59.9488,10,2022,65000,0,2026,4,10
양천구,신정동,영림,58.14,3,2003,5000,90,2026,4,17
양천구,신정동,목동신시가지13,70.73,3,1987,65000,0,2026,4,30
양천구,목동,목동신시가지5,81.64,1,1986,84000,0,2026,4,25
양천구,신정동,목동신시가지11,51.48,5,1988,7000,125,2026,4,24
양천구,목동,목동신시가지1,99.15,5,1985,93000,0,2026,4,29
양천구,신정동,목동신시가지11,66.24,4,1988,71500,0,2026,4,28
양천구,신월동,보금자리,70.13,9,2004,29400,0,2026,4,30
양천구,신정동,목동신시가지9,106.93,13,1987,80000,0,2026,4,30
양천구,신정동,목동2삼성래미안,59.54,14,2001,10000,96,2026,4,18
양천구,신월동,신월시영,43.2,5,1988,2000,58,2026,4,3
양천구,목동,극동늘푸른,59.91,7,1998,51500,0,2026,4,18
양천구,신월동,목동센트럴아이파크위브4단지,84.97,12,2020,73000,0,2026,4,25
양천구,목동,목동신시가지3,64.98,9,1986,51450,0,2026,4,22
양천구,목동,목동신시가지7,53.88,8,1986,10000,150,2026,4,28
양천구,목동,극동늘푸른,59.91,4,1998,52500,0,2026,4,27
양천구,신월동,신월시영,43.2,1,1988,12000,0,2026,4,30
양천구,신정동,이펜하우스3단지,59.93,12,2011,2600,43,2026,4,22
양천구,신월동,목동센트럴아이파크위브2단지,59.97,2,2020,37000,90,2026,4,23
양천구,목동,목동신시가지4,47.25,9,1986,45000,0,2026,4,9
양천구,신정동,예지보금자리(101동),77.88,5,2004,10000,70,2026,4,15
양천구,신월동,신월시영,59.49,6,1988,7000,120,2026,4,3
양천구,신정동,신트리1,49.8,2,1999,38500,0,2026,4,18
양천구,목동,목동신시가지3,64.98,13,1986,67000,0,2026,4,27
양천구,신정동,신트리1,49.95,12,1999,4500,84,2026,4,25
양천구,신정동,목동신시가지14,74.19,2,1987,54600,0,2026,4,27
양천구,목동,대원칸타빌2,84.98,2,2003,82000,0,2026,4,29
양천구,목동,목동신시가지7,101.2,11,1986,45000,220,2026,4,18
양천구,신정동,목동신시가지10,53.82,5,1987,7000,68,2026,4,7
양천구,신정동,목동신시가지11,51.48,14,1988,35000,0,2026,4,29
양천구,신정동,목동신시가지14,108.28,15,1987,75000,35,2026,4,28
양천구,신정동,목동신시가지9,106.93,14,1987,70000,75,2026,4,25
양천구,신월동,보금자리,70.13,9,2004,29400,0,2026,4,30
양천구,목동,목동신시가지3,64.98,3,1986,63000,0,2026,4,17
양천구,신정동,목동신시가지9,126.53,1,1987,80000,0,2026,4,9
양천구,신정동,목동신시가지14,55.02,11,1987,20000,90,2026,4,25
양천구,신정동,목동신시가지9,126.53,14,1987,70000,140,2026,4,30
양천구,목동,롯데캐슬위너,84.98,2,2005,80000,0,2026,4,30
양천구,신정동,이펜하우스4단지,59.88,8,2011,8771,15,2026,4,22
양천구,신월동,목동센트럴아이파크위브4단지,52.85,16,2020,35000,59,2026,4,29
양천구,신정동,목동신시가지11,66.24,6,1988,39200,0,2026,4,12
양천구,신월동,청남,54.47,1,2003,17800,0,2026,4,30
양천구,신정동,목동신시가지13,70.73,15,1987,15000,190,2026,4,10
양천구,신정동,경남아너스빌,84.98,15,2004,84000,0,2026,4,27
양천구,신월동,은하아파트,81.22,5,1993,2000,70,2026,4,23
양천구,신정동,이펜하우스4단지,59.83,4,2011,1941,43,2026,4,22
양천구,신월동,신안파크,47.6,2,1987,1000,60,2026,4,9
양천구,신정동,이펜하우스1단지,84.86,2,2011,22397,0,2026,4,20
양천구,목동,목동대림,84.82,6,1994,79000,0,2026,4,11
양천구,목동,목동신시가지4,67.58,8,1986,72000,0,2026,4,24
양천구,목동,목동신시가지4,47.25,9,1986,30450,0,2026,4,21
양천구,신정동,목동신시가지9,71.37,11,1987,52000,0,2026,4,29
양천구,목동,목동신시가지2,65.82,10,1986,38000,100,2026,4,25
양천구,신월동,목동센트럴아이파크위브1단지,84.98,6,2020,58800,0,2026,4,25
양천구,목동,성원2,59.9,5,2000,10000,120,2026,4,11
양천구,신정동,롯데캐슬,84.73,13,2004,95000,0,2026,4,7
양천구,신정동,푸른마을2,59.91,11,2001,36000,0,2026,4,28
양천구,목동,목동신시가지5,81.64,1,1986,70000,23,2026,4,18
양천구,목동,목동신시가지5,95.28,2,1986,87000,0,2026,4,30
양천구,신정동,목동현대3차,101.91,13,1997,95000,0,2026,4,30
양천구,신정동,대림아크로빌,165.27,16,2003,105000,0,2026,4,29
양천구,신월동,신월시영,50.67,6,1988,3000,90,2026,4,16
양천구,신정동,목동경동미르웰,14.02,7,2017,2000,60,2026,4,22
양천구,신정동,목동신시가지8,71.77,3,1987,63000,0,2026,4,18
양천구,목동,성원2,59.9,13,2000,45000,0,2026,4,18
양천구,신정동,목동신시가지8,71.77,10,1987,69300,0,2026,4,29
양천구,신정동,목동신시가지8,105.35,2,1987,115000,0,2026,4,27
양천구,목동,목동신시가지6,65.1,6,1986,67000,0,2026,4,30
양천구,신정동,수정,48.87,2,1987,15000,0,2026,4,25
양천구,신정동,목동신시가지13,70.73,15,1987,65000,0,2026,4,28
양천구,신월동,목동센트럴아이파크위브3단지,59.88,3,2020,33600,84,2026,4,26
양천구,신정동,목동신시가지14,55.02,3,1987,50000,0,2026,4,30
양천구,목동,목동신시가지7,53.88,5,1986,48000,0,2026,4,25
양천구,목동,목동신시가지7,66.6,10,1986,5000,240,2026,4,6
양천구,신정동,목동신시가지8,54.94,16,1987,50000,0,2026,4,6
양천구,신월동,벽산블루밍2단지,84.9285,11,2003,41500,0,2026,4,25
양천구,신정동,어반클라쎄목동,59.65,7,2023,64000,0,2026,4,29
양천구,신정동,목동우성2,84.96,17,2000,60000,0,2026,4,28
양천구,신정동,목동신시가지10,70.2,14,1987,65000,0,2026,4,29
양천구,목동,목동미소래,84.95,3,2005,35000,70,2026,4,22
양천구,신정동,블레스빌,79.43,7,2002,68000,0,2026,4,28
양천구,신정동,목동신시가지9,106.93,4,1987,54500,136,2026,4,10
양천구,신월동,신안파크,56.78,2,1987,2000,60,2026,4,26
양천구,목동,목동신시가지5,115.47,12,1986,120000,0,2026,4,29
양천구,신정동,목동신시가지10,53.82,11,1987,42000,0,2026,4,30
양천구,신월동,탑건위너스빌,84.98,5,2002,33500,0,2026,4,30
양천구,신정동,목동신시가지13,53.9,15,1987,47000,0,2026,4,5
양천구,신정동,목동신시가지14,83.89,4,1987,64000,0,2026,4,30
양천구,신정동,목동신시가지12,56.76,2,1988,42000,0,2026,4,21
양천구,신월동,대방샤인힐,84.72,2,2003,20000,115,2026,4,6
양천구,신정동,목동신시가지11,51.48,4,1988,7000,120,2026,4,30
양천구,신정동,목동신시가지14,157.59,11,1987,114000,0,2026,4,24
양천구,신정동,목동우성2,84.96,10,2000,56000,0,2026,4,29
양천구,신월동,롯데캐슬,84.984,7,2014,45000,60,2026,4,25
양천구,신정동,목동힐스테이트,84.88,14,2016,80000,33,2026,4,18
양천구,신월동,신월6차보람,59.232,10,2005,32000,5,2026,4,30
양천구,신정동,호반써밋목동,84.9828,13,2022,79000,0,2026,4,29
양천구,신정동,신트리1,59.73,2,1999,42000,0,2026,4,28
양천구,목동,목동신시가지4,122.91,3,1986,115000,0,2026,4,30
양천구,신정동,목동신시가지11,51.48,14,1988,35000,0,2026,4,29
양천구,신월동,목동센트럴아이파크위브1단지,84.98,4,2020,60900,0,2026,4,25
양천구,신정동,목동신시가지14,55.02,8,1987,46000,0,2026,4,29
양천구,목동,대원칸타빌2,83.72,13,2003,61900,0,2026,4,20
양천구,신정동,목동신시가지14,55.02,5,1987,20000,110,2026,4,21
양천구,목동,목동신시가지4,65.34,7,1986,52000,0,2026,4,29
양천구,신정동,목동신시가지10,70.2,12,1987,60000,0,2026,4,29
양천구,목동,목동신시가지4,48.69,1,1986,8000,130,2026,4,23
양천구,신정동,목동2차우성(1단지),32.76,13,2000,2215,5,2026,4,29
양천구,신정동,목동우성2,113.91,10,2000,62000,0,2026,4,27
양천구,신정동,목동신시가지8,54.94,15,1987,43050,0,2026,4,18
양천구,신정동,푸른마을3,59.99,3,2001,35000,0,2026,4,29
양천구,신월동,신월성원,59.94,14,1996,27000,0,2026,4,28
양천구,신월동,신월시영,59.49,6,1988,7000,120,2026,4,3
양천구,신정동,목동신시가지9,53.82,14,1987,35000,40,2026,4,29
양천구,목동,목동신시가지7,101.2,5,1986,90000,100,2026,4,29
양천구,신정동,양천,33.62,12,1995,2941,11,2026,4,29
양천구,목동,목동신시가지7,53.88,4,1986,60000,0,2026,4,24
양천구,신정동,목동힐스테이트,84.98,17,2016,98700,0,2026,4,19
양천구,목동,목동신시가지6,47.94,10,1986,39500,0,2026,4,29
양천구,신정동,목동신시가지12,71.64,1,1988,20000,69,2026,4,29
양천구,신정동,목동신시가지13,70.73,5,1987,42400,0,2026,4,24
양천구,목동,웨스트빌,80.214,1,2004,50000,0,2026,4,23
양천구,목동,목동신시가지1,88.5,4,1985,105000,0,2026,4,28
양천구,신정동,이펜하우스3단지,49.52,5,2011,1726,40,2026,4,23
양천구,목동,목동신시가지1,88.5,1,1985,87150,0,2026,4,28
양천구,신정동,신정숲속마을,59.99,1,2016,24255,0,2026,4,9
양천구,신정동,래미안목동아델리체(101동~118동),84.94,5,2021,96000,0,2026,4,28
양천구,신정동,목동신시가지10,105.58,12,1987,82000,0,2026,4,17
양천구,목동,목동신시가지3,64.98,3,1986,60000,0,2026,4,29
양천구,목동,목동성원,59.85,2,2000,61000,0,2026,4,28
양천구,목동,목동신시가지2,95.67,2,1986,96000,0,2026,4,28
양천구,목동,목동신시가지6,47.94,19,1986,43000,0,2026,4,7
양천구,신정동,목동신시가지10,70.2,1,1987,43050,0,2026,4,24
양천구,목동,목동신시가지6,47.94,5,1986,42000,0,2026,4,28
양천구,신월동,롯데캐슬,84.984,5,2014,55600,0,2026,4,25
양천구,신정동,목동신시가지9,53.82,15,1987,10000,155,2026,4,22
양천구,신월동,정은스카이빌2차,84.979,4,2007,47500,0,2026,4,28
양천구,목동,목동롯데캐슬마에스트로,59.984,11,2019,66100,0,2026,4,25
양천구,신정동,정은SKY빌,84.972,3,2003,40000,0,2026,4,23
양천구,목동,목동신시가지2,83.52,1,1986,87000,0,2026,4,24
양천구,신정동,쌍용,84.63,1,1992,59000,0,2026,4,28
양천구,신월동,목동센트럴아이파크위브4단지,59.68,8,2020,20000,160,2026,4,28
양천구,신월동,목동센트럴아이파크위브2단지,84.97,10,2020,71400,0,2026,4,1
양천구,목동,목동이-편한세상,134.77,12,2006,70000,150,2026,4,25
양천구,목동,목동신시가지1,66,6,1985,35000,120,2026,4,9
양천구,신정동,목동신시가지13,70.73,8,1987,55600,0,2026,4,14
양천구,신정동,목동신시가지14,71.37,7,1987,62000,0,2026,4,18
양천구,신월동,신안파크,56.78,5,1987,19000,0,2026,4,22
양천구,신정동,목동신시가지13,98.63,6,1987,60000,105,2026,4,18
양천구,신월동,보아스청와,59.08,7,2004,19900,0,2026,4,24
양천구,목동,목동신시가지1,66,5,1985,63000,0,2026,4,15
양천구,신월동,신월시영,43.2,2,1988,17000,0,2026,4,28
양천구,신월동,신목동파라곤,59.7052,16,2024,40000,0,2026,4,24
양천구,목동,목동신시가지4,67.58,15,1986,50000,4,2026,4,27
양천구,목동,월드메르디앙2,84.3,5,2003,75900,0,2026,4,25
양천구,신월동,목동센트럴아이파크위브1단지,84.97,5,2020,61950,0,2026,4,25
양천구,신정동,목동신시가지13,122.3,10,1987,55000,140,2026,4,18
양천구,신정동,목동신시가지10,70.2,2,1987,10000,180,2026,4,17
양천구,신정동,목동신시가지12,56.76,3,1988,39000,0,2026,4,28
양천구,목동,목동신시가지5,65.08,3,1986,48500,0,2026,4,18
양천구,신정동,호반써밋목동,84.9224,14,2022,81900,0,2026,4,28
양천구,목동,목동노블레스,69.02,14,2007,20000,160,2026,4,28
양천구,신정동,신트리1,49.95,2,1999,39000,0,2026,4,27
양천구,신정동,푸른마을3,59.91,13,2001,37000,0,2026,4,27
양천구,신정동,목동신시가지10,53.82,7,1987,44000,0,2026,4,25
양천구,신월동,목동센트럴아이파크위브3단지,52.85,1,2020,48000,0,2026,4,22
양천구,신정동,목동신시가지14,71.37,1,1987,48000,0,2026,4,5
양천구,목동,목동신시가지5,95.06,3,1986,93000,0,2026,4,27
양천구,신월동,신월시영,50.67,1,1988,15000,0,2026,4,22
양천구,목동,목동신시가지1,125.44,2,1985,115500,0,2026,4,18
양천구,신월동,신월시영,43.2,1,1988,2000,80,2026,4,25
양천구,신정동,이펜하우스5단지,59.94,2,2011,1886,42,2026,4,22
양천구,신정동,목동신시가지12,71.64,6,1988,32000,60,2026,4,27
양천구,목동,진도2,59.46,8,1999,70000,0,2026,4,18
양천구,신월동,목동센트럴아이파크위브4단지,52.85,9,2020,41500,0,2026,4,25
양천구,신정동,마이홈,58.92,10,1995,20000,80,2026,4,10
양천구,신월동,신정두산위브,107.57,11,2012,74000,0,2026,4,27
양천구,신월동,신성미소지움,59.74,10,2003,38850,0,2026,4,23
양천구,신정동,푸른마을2,59.91,11,2001,10000,100,2026,4,17
양천구,신정동,목동힐스테이트,59.95,2,2016,50000,130,2026,4,25
양천구,목동,효원빌라트,158.04,9,1994,80000,0,2026,4,17
양천구,신월동,목동센트럴아이파크위브4단지,84.98,1,2020,63000,0,2026,4,25
양천구,신정동,목동신시가지11,66.24,8,1988,20000,109,2026,4,13
양천구,신정동,청구,84.99,6,1992,56700,0,2026,4,24
양천구,신월동,목동센트럴아이파크위브1단지,84.97,4,2020,61000,0,2026,4,22
양천구,신정동,래미안목동아델리체(119동~123동),59.82,8,2021,73000,0,2026,4,25
양천구,신정동,목동신시가지10,70.2,12,1987,48500,0,2026,4,10
양천구,신정동,학마을1단지,59.98,12,2000,20000,77,2026,4,25
양천구,신정동,목동신시가지12,53.46,3,1988,3000,130,2026,4,25
양천구,목동,목동센트럴푸르지오,84.9914,15,2015,89700,0,2026,4,27
양천구,목동,하이페리온2,133.363,31,2006,120000,160,2026,4,27
양천구,신정동,호반써밋목동,84.9828,2,2022,73000,0,2026,4,18
양천구,목동,목동신시가지2,122.31,4,1986,118000,0,2026,4,25
양천구,신월동,목동센트럴아이파크위브3단지,52.85,13,2020,44100,0,2026,4,14
양천구,목동,목동신시가지6,65.1,9,1986,52500,0,2026,4,25
양천구,신월동,신월보성,59.99,3,1996,18000,0,2026,4,21
양천구,신월동,장수마을2단지동원데쟈뷰,59.71,2,2007,27924,0,2026,4,27
양천구,신월동,목동센트럴아이파크위브4단지,52.85,4,2020,50000,0,2026,4,25
양천구,신월동,신월시영,43.2,5,1988,10000,55,2026,4,18
양천구,신월동,신정두산위브,75.63,2,2012,50000,0,2026,4,26
양천구,목동,힐타운,74.05,3,2004,31500,0,2026,4,25
양천구,목동,목동신시가지2,65.82,2,1986,5000,220,2026,4,27
양천구,신월동,목동센트럴아이파크위브2단지,59.88,4,2020,43000,22,2026,4,18
양천구,신월동,신안약수,70.16,10,1985,30450,0,2026,4,27
양천구,목동,목동신시가지4,95.67,5,1986,70000,80,2026,4,16
양천구,신정동,목동신시가지10,70.2,5,1987,20000,170,2026,4,27
양천구,목동,목동신시가지2,152.64,4,1986,104000,0,2026,4,27
양천구,목동,목동금호베스트빌,83.71,5,2002,47000,0,2026,4,25
양천구,신정동,신트리4,49.8,9,2000,36000,0,2026,4,11
양천구,목동,목동신시가지5,65.08,1,1986,60000,32,2026,4,21
양천구,목동,목동신시가지4,48.69,4,1986,42000,7,2026,4,18
양천구,목동,목동신시가지3,95.03,5,1986,50000,135,2026,4,18
양천구,목동,금호아파트(768),84.92,2,1995,69000,0,2026,4,24
양천구,신정동,중앙하이츠목동펠리시티,65.92,9,2021,75000,0,2026,4,25
양천구,신정동,신트리4,48.96,4,2000,29000,0,2026,4,25
양천구,목동,목동신시가지1,51.48,7,1985,42830,0,2026,4,24
양천구,신월동,목동센트럴아이파크위브3단지,52.85,4,2020,42500,0,2026,4,15
양천구,목동,트라팰리스이스턴에비뉴,127.65,15,2009,192000,0,2026,4,27
양천구,신정동,목동신시가지14,55.02,13,1987,37000,30,2026,4,22
양천구,신정동,목동신시가지14,55.02,14,1987,51000,0,2026,4,25
양천구,목동,목동신시가지7,66.6,9,1986,70000,0,2026,4,26
양천구,신월동,정원,72.36,4,1992,25200,0,2026,4,25
양천구,목동,목동신시가지2,65.25,12,1986,20000,200,2026,4,24
양천구,목동,목동신시가지7,101.2,11,1986,105000,0,2026,4,16
양천구,목동,목동신시가지3,145.13,5,1986,125000,0,2026,4,22
양천구,목동,목동신시가지7,66.6,5,1986,50000,65,2026,4,25
양천구,목동,목동노블레스,64.4,4,2007,59000,0,2026,4,18
양천구,목동,목동신시가지1,51.48,9,1985,41320,0,2026,4,24
양천구,신정동,신트리1,49.8,7,1999,10000,100,2026,4,22
양천구,신정동,푸른마을2,59.91,3,2001,29000,0,2026,4,24
양천구,신정동,신정6현대,59.4,8,2000,32000,0,2026,4,24
양천구,신정동,목동신시가지12,71.64,8,1988,65000,0,2026,4,24
양천구,신정동,신트리3,84.25,6,2000,60000,0,2026,4,21
양천구,신정동,이펜하우스3단지,59.94,11,2011,4988,38,2026,4,24
양천구,목동,목동신시가지5,142.51,9,1986,120000,100,2026,4,17
양천구,신월동,신월시영,50.67,9,1988,22000,0,2026,4,13
양천구,목동,목동현대1,84.9,15,1997,105000,20,2026,4,24
양천구,목동,진도2,108.69,11,1999,100000,40,2026,4,16
양천구,신정동,목동힐스테이트,84.98,13,2016,94500,0,2026,4,24
양천구,신정동,목동현대3차,84.77,19,1997,80000,0,2026,4,23
양천구,신월동,신월시영,59.49,10,1988,3000,115,2026,4,24
양천구,목동,목동신시가지1,154.44,9,1985,105000,0,2026,4,7
양천구,목동,효원빌라트,158.04,8,1994,80000,6,2026,4,21
양천구,목동,목동신시가지3,64.98,5,1986,68000,0,2026,4,23
양천구,신정동,목동신시가지13,70.73,7,1987,41600,0,2026,4,24
양천구,신정동,롯데캐슬,84.73,13,2004,95000,0,2026,4,7
양천구,목동,진도1,59.84,15,1998,66000,0,2026,4,24
양천구,목동,금호어울림,120.12,9,2004,93000,0,2026,4,24
양천구,신정동,이펜하우스3단지,59.88,5,2011,4988,38,2026,4,24
양천구,신월동,목동센트럴아이파크위브1단지,59.97,4,2020,43400,8,2026,4,24
양천구,신월동,방주기픈샘2,84.99,3,2007,40000,0,2026,4,17
양천구,목동,목동트윈빌,142.6,21,2000,120000,160,2026,4,24
양천구,신정동,이펜하우스4단지,59.88,8,2011,4854,36,2026,4,24
양천구,신정동,이펜하우스2단지,49.94,1,2011,11269,0,2026,4,24
양천구,신정동,목동신시가지11,51.48,8,1988,35500,0,2026,4,4
양천구,신정동,목동신시가지14,55.02,13,1987,10000,130,2026,4,4
양천구,신정동,이펜하우스3단지,49.92,5,2011,4316,35,2026,4,23
양천구,신정동,이펜하우스2단지,59.88,4,2011,5864,39,2026,4,23
양천구,목동,목동신시가지6,47.94,7,1986,30370,0,2026,4,21
양천구,신월동,목동센트럴아이파크위브4단지,84.97,1,2020,30000,190,2026,4,19
양천구,신정동,호반써밋목동,84.9828,13,2022,79000,0,2026,4,21
양천구,신정동,이펜하우스3단지,59.93,3,2011,1995,44,2026,4,23
양천구,목동,현대하이페리온,151.56,11,2003,220500,0,2026,4,22
양천구,신정동,이펜하우스3단지,49.52,5,2011,4316,35,2026,4,23
양천구,신정동,이펜하우스1단지,84.86,2,2011,22397,0,2026,4,22
양천구,신정동,이펜하우스3단지,49.92,9,2011,4316,35,2026,4,23
양천구,신월동,신월시영,43.2,11,1988,20000,0,2026,4,23
양천구,신정동,푸른마을2,59.85,5,2001,10000,120,2026,4,23
양천구,신정동,목동신시가지11,66.24,6,1988,54000,0,2026,4,17
양천구,신월동,목동센트럴아이파크위브3단지,84.98,8,2020,72000,0,2026,4,23
양천구,신정동,이펜하우스3단지,49.92,8,2011,4316,35,2026,4,23
양천구,신정동,목동신시가지14,55.02,1,1987,42000,0,2026,4,20
양천구,신정동,이펜하우스5단지,59.88,8,2011,4715,37,2026,4,23
양천구,목동,대원칸타빌,84.915,12,2001,85000,0,2026,4,21
양천구,신정동,목동신시가지12,56.76,4,1988,42500,0,2026,4,18
양천구,신정동,목동현대3차,114.93,5,1997,54110,0,2026,4,20
양천구,목동,성원2,59.9,10,2000,48000,0,2026,4,21
양천구,신월동,목동센트럴아이파크위브2단지,59.88,3,2020,52500,0,2026,4,18
양천구,신정동,목동신시가지14,55.02,9,1987,37000,0,2026,4,18
양천구,신정동,이펜하우스3단지,59.93,12,2011,4988,38,2026,4,22
양천구,신월동,목동센트럴아이파크위브2단지,59.88,20,2020,63000,0,2026,4,22
양천구,신월동,목동센트럴아이파크위브3단지,52.85,8,2020,49000,0,2026,4,22
양천구,신정동,이펜하우스3단지,59.88,13,2011,4988,38,2026,4,22
양천구,신정동,이펜하우스5단지,59.88,6,2011,4715,37,2026,4,22
양천구,신정동,이펜하우스2단지,59.88,7,2011,5864,39,2026,4,22
양천구,신정동,이펜하우스3단지,59.93,3,2011,4988,38,2026,4,23
양천구,신정동,이펜하우스3단지,49.52,5,2011,4316,35,2026,4,22
양천구,목동,목동신시가지1,47.52,3,1985,22000,32,2026,4,21
양천구,신정동,목동신시가지11,51.48,1,1988,4000,130,2026,4,22
양천구,신정동,목동파크자이(101동~108동),84.977,3,2019,25000,270,2026,4,22
양천구,목동,성원2,59.9,10,2000,48000,0,2026,4,21
양천구,신정동,이펜하우스4단지,59.88,8,2011,4854,36,2026,4,22
양천구,신정동,이펜하우스2단지,49.94,2,2011,4987,35,2026,4,22
양천구,신정동,이펜하우스3단지,59.88,8,2011,4988,38,2026,4,22
양천구,신정동,이펜하우스3단지,59.88,7,2011,4988,38,2026,4,22
양천구,신정동,이펜하우스3단지,49.92,3,2011,10504,0,2026,4,22
양천구,신정동,이펜하우스1단지,59.93,5,2011,4759,34,2026,4,22
양천구,신정동,신트리4,49.5,7,2000,31000,0,2026,4,18
양천구,신정동,목동신시가지12,72.75,5,1988,54000,0,2026,4,19
양천구,목동,목동신시가지6,47.94,18,1986,36500,0,2026,4,22
양천구,신정동,목동신시가지9,71.37,13,1987,51000,50,2026,4,6
양천구,신정동,신정숲속마을,39.99,7,2016,2832,24,2026,4,22
양천구,목동,부영2,144.83,14,2000,100000,80,2026,4,18
양천구,신정동,아이파크,114.756,2,2002,130000,0,2026,4,22
양천구,신정동,이펜하우스3단지,49.52,6,2011,4316,35,2026,4,22
양천구,신정동,이펜하우스3단지,59.88,9,2011,4988,38,2026,4,22
양천구,신정동,이펜하우스3단지,59.94,11,2011,4988,38,2026,4,22
양천구,신정동,이펜하우스3단지,59.93,12,2011,4988,38,2026,4,22
양천구,신정동,이펜하우스4단지,59.83,4,2011,4854,36,2026,4,22
양천구,신정동,이펜하우스4단지,59.83,7,2011,4854,36,2026,4,22
양천구,신정동,이펜하우스3단지,59.94,7,2011,4988,38,2026,4,22
양천구,신정동,이펜하우스3단지,59.93,15,2011,4988,38,2026,4,22
양천구,신정동,이펜하우스3단지,59.94,9,2011,4988,38,2026,4,22
양천구,신월동,목동센트럴아이파크위브1단지,84.98,20,2020,61000,60,2026,4,18
양천구,목동,목동효성,111.33,2,2003,70000,0,2026,4,21
양천구,신정동,목동신시가지12,56.76,4,1988,41000,0,2026,4,18
양천구,신정동,이펜하우스3단지,59.88,15,2011,4988,38,2026,4,22
양천구,신정동,신정숲속마을,39.99,7,2016,2832,24,2026,4,22
양천구,신정동,이펜하우스3단지,59.88,8,2011,4988,38,2026,4,22
양천구,신정동,목동신시가지9,53.82,10,1987,47250,0,2026,4,9
양천구,신정동,이펜하우스5단지,59.94,2,2011,4715,37,2026,4,22
양천구,신정동,이펜하우스5단지,59.88,3,2011,4715,37,2026,4,22
양천구,신정동,이펜하우스2단지,59.88,5,2011,5864,39,2026,4,22
양천구,신정동,학마을1단지,49.99,11,2000,31000,0,2026,4,18
양천구,신정동,이펜하우스3단지,49.92,4,2011,4316,35,2026,4,22
양천구,신정동,이펜하우스3단지,59.95,2,2011,14537,0,2026,4,22
양천구,신월동,목동센트럴아이파크위브2단지,84.98,7,2020,72000,0,2026,4,21
양천구,목동,현대,83.16,1,1996,90000,0,2026,4,22
양천구,신정동,목동신시가지8,54.94,17,1987,20000,120,2026,4,21
양천구,신정동,이펜하우스3단지,59.94,1,2011,4988,38,2026,4,22
양천구,신정동,목동2차우성(1단지),32.76,10,2000,888,13,2026,4,22
양천구,목동,목동신시가지3,145.13,3,1986,60000,200,2026,4,8
양천구,목동,목동청구한신아파트,84.77,6,1997,79000,10,2026,4,4
양천구,신월동,목동센트럴아이파크위브4단지,59.68,5,2020,39200,0,2026,4,2
양천구,신정동,목동신시가지10,53.82,10,1987,26000,20,2026,4,18
양천구,목동,월드메르디앙,84.1969,8,2001,69000,0,2026,4,20
양천구,신월동,목동센트럴아이파크위브4단지,59.68,5,2020,39200,0,2026,4,2
양천구,신정동,동림,84.47,4,2003,52000,0,2026,4,17
양천구,신정동,목동2차우성(1단지),32.76,4,2000,888,13,2026,4,21
양천구,신월동,롯데캐슬,84.984,15,2014,20000,160,2026,4,17
양천구,신정동,중앙하이츠,104.62,4,2010,30000,155,2026,4,7
양천구,목동,목동신시가지1,66,8,1985,57700,0,2026,4,17
양천구,신정동,목동신시가지14,74.19,9,1987,52500,0,2026,4,18
양천구,신정동,푸른마을3,59.91,4,2001,10000,120,2026,4,20
양천구,신정동,경남아너스빌,84.98,6,2004,28450,165,2026,4,18
양천구,신정동,목동신시가지12,53.46,14,1988,10000,130,2026,4,20
양천구,신정동,목동신시가지10,53.82,11,1987,35700,30,2026,4,18
양천구,목동,부영3,89.61,17,2000,80000,50,2026,4,15
양천구,신월동,수명산그린시아,83.25,3,2014,40000,0,2026,4,14
양천구,신정동,목동신시가지10,53.82,6,1987,50000,0,2026,4,20
양천구,신월동,목동센트럴아이파크위브2단지,52.85,8,2020,47000,0,2026,4,20
양천구,목동,대원칸타빌,84.915,2,2001,78000,0,2026,4,18
양천구,신월동,목동센트럴아이파크위브2단지,59.88,19,2020,50400,0,2026,4,18
양천구,목동,목동현대1,84.9,18,1997,127000,0,2026,4,18
양천구,목동,목동신시가지1,65.34,10,1985,50000,70,2026,4,20
양천구,신정동,목동신시가지11,51.48,7,1988,40420,0,2026,4,13
양천구,신정동,신트리1,49.95,15,1999,33000,0,2026,4,20
양천구,목동,롯데캐슬위너,84.97,15,2005,15000,240,2026,4,18
양천구,신정동,래미안목동아델리체(101동~118동),84.58,18,2021,96000,0,2026,4,18
양천구,신월동,청송,63.02,2,2002,20000,0,2026,4,20
양천구,신정동,목동신시가지10,53.82,8,1987,37000,30,2026,4,4
양천구,신월동,신월동금용,84.98,9,1998,44000,0,2026,4,18
양천구,목동,목동청구한신아파트,84.77,3,1997,90000,0,2026,4,20
양천구,신정동,수정,48.87,5,1987,200,40,2026,4,17
양천구,신정동,목동신시가지11,51.48,8,1988,35500,0,2026,4,4
양천구,목동,목동신시가지4,47.25,17,1986,42000,0,2026,4,1
양천구,신정동,목동신시가지11,51.48,14,1988,29000,0,2026,4,20
양천구,신정동,신트리1,59.73,5,1999,20000,50,2026,4,5
양천구,목동,목동신시가지6,95.03,5,1986,89250,0,2026,4,10
양천구,목동,목동신시가지5,95.06,3,1986,96600,0,2026,4,18
양천구,신월동,신월시영,43.2,5,1988,2000,80,2026,4,13
양천구,목동,목동신시가지7,66.6,4,1986,60000,45,2026,4,16
양천구,목동,목동신시가지3,64.98,14,1986,25000,160,2026,4,13
양천구,목동,목동신시가지4,65.34,10,1986,30000,94,2026,4,4
양천구,신월동,정은스카이빌(1044),79.96,5,2006,48000,0,2026,4,17
양천구,신정동,일진아이윌,84.982,8,2003,42000,0,2026,4,17
양천구,목동,목동신시가지4,95.34,3,1986,50000,170,2026,4,8
양천구,목동,삼익,59.87,3,1997,63000,0,2026,4,9
양천구,신정동,목동신시가지10,53.82,2,1987,46000,0,2026,4,17
양천구,목동,목동신시가지6,95.03,3,1986,90000,0,2026,4,18
양천구,신정동,호반써밋목동,84.9828,5,2022,73500,0,2026,4,18
양천구,목동,목동신시가지5,115.47,11,1986,120000,0,2026,4,11
양천구,목동,목동신시가지7,53.88,10,1986,51000,0,2026,4,15
양천구,목동,목동신시가지1,91.26,10,1985,98000,0,2026,4,18
양천구,신월동,우정,62.24,3,1988,15750,0,2026,4,14
양천구,신월동,목동센트럴아이파크위브2단지,84.96,18,2020,80000,0,2026,4,18
양천구,신월동,목동센트럴아이파크위브3단지,52.85,2,2020,44000,0,2026,4,19
양천구,목동,목동신시가지2,97.92,3,1986,15000,300,2026,4,18
양천구,신정동,목동신시가지11,51.48,2,1988,32303,0,2026,4,18
양천구,신정동,목동삼성쉐르빌Ⅱ,176.77,15,2004,110000,240,2026,4,2
양천구,신정동,목동신시가지13,70.73,12,1987,60000,0,2026,4,17
양천구,목동,목동신시가지7,59.39,2,1986,10000,190,2026,4,18
양천구,목동,목동신시가지7,66.6,9,1986,42400,48,2026,4,17
양천구,목동,목동신시가지5,65.08,2,1986,68000,0,2026,4,7
양천구,목동,부영그린타운1,147.95,14,1999,70000,200,2026,4,17
양천구,신정동,이펜하우스3단지,49.52,3,2011,10271,1,2026,4,17
양천구,신월동,신월동방원,84.86,9,2004,34650,0,2026,4,17
양천구,신정동,목동신시가지10,53.82,8,1987,12000,100,2026,4,17
양천구,신정동,로마아트빌,61.808,10,2003,41000,0,2026,4,16
양천구,신월동,서울가든,100.8,7,1985,40000,0,2026,4,17
양천구,신월동,신월시영,43.2,6,1988,3500,75,2026,4,16
양천구,신정동,목동신시가지9,53.82,3,1987,30000,80,2026,4,14
양천구,신정동,목동신시가지13,70.73,12,1987,52500,0,2026,4,16
양천구,목동,목동신시가지4,47.25,2,1986,3000,101,2026,4,16
양천구,신월동,신월시영,43.2,12,1988,2000,70,2026,4,1
양천구,신월동,목동센트럴아이파크위브3단지,59.88,4,2020,10000,210,2026,4,17
양천구,신정동,양천,33.62,1,1995,2170,6,2026,4,17
양천구,신정동,제일에비앙101동,82.64,5,2004,40790,0,2026,4,13
양천구,신정동,목동신시가지13,70.73,8,1987,25000,140,2026,4,16
양천구,신정동,이펜하우스3단지,59.94,9,2011,14537,0,2026,4,16
양천구,신정동,수정,47.16,4,1987,300,45,2026,4,2
양천구,목동,목동신시가지2,65.25,5,1986,58800,0,2026,4,17
양천구,신정동,목동신시가지11,66.24,13,1988,42000,0,2026,4,4
양천구,신정동,이스타팰리스,114.41,11,2004,81000,0,2026,4,16
양천구,신정동,목동2차우성(1단지),32.76,1,2000,2895,2,2026,4,16
양천구,신월동,신안약수,84.56,8,1985,37000,30,2026,4,16
양천구,신정동,목동신시가지14,157.59,1,1987,112000,0,2026,4,13
양천구,목동,목동청구한신아파트,84.77,5,1997,90000,0,2026,4,16
양천구,신월동,롯데캐슬,36.806,10,2014,3211,19,2026,4,16
양천구,신월동,신월시영,43.2,3,1988,13600,0,2026,4,6
양천구,신정동,학마을1단지,49.98,12,2000,31500,0,2026,4,16
양천구,신정동,양천,33.62,8,1995,900,11,2026,4,16
양천구,목동,목동신시가지2,95.67,2,1986,93000,0,2026,4,15
양천구,신정동,신정6현대,84.6,19,2000,45100,0,2026,4,16
양천구,목동,목동신시가지7,53.88,13,1986,40517,0,2026,4,7
양천구,목동,목동신시가지3,64.98,4,1986,55000,0,2026,4,14
양천구,신월동,코아루1단지,84.95,3,2009,40000,0,2026,4,11
양천구,신정동,목동신시가지13,151.76,8,1987,52500,165,2026,4,13
양천구,신정동,이펜하우스4단지,49.92,9,2011,7780,13,2026,4,16
양천구,신월동,신월시영,43.2,7,1988,20000,0,2026,4,16
양천구,신정동,목동신시가지11,66.24,11,1988,49000,0,2026,4,15
양천구,신정동,뉴목동,84.31,2,2001,60000,0,2026,4,15
양천구,신정동,이펜하우스3단지,49.52,10,2011,4316,35,2026,4,15
양천구,신정동,목동현대3차,84.77,3,1997,85000,0,2026,4,8
양천구,목동,목동신시가지7,59.39,4,1986,47000,0,2026,4,15
양천구,신정동,이펜하우스3단지,59.93,4,2011,15229,0,2026,4,15
양천구,신정동,이펜하우스3단지,59.94,11,2011,14537,0,2026,4,15
양천구,목동,목동가든스위트,144.16,19,1999,70000,155,2026,4,3
양천구,신월동,롯데캐슬,59.747,9,2014,55000,0,2026,4,15
양천구,신정동,양천,39.2,7,1995,1049,13,2026,4,15
양천구,신월동,삼구,69.13,5,1996,23000,0,2026,4,14
양천구,신정동,목동우성2,84.96,5,2000,40000,30,2026,4,1
양천구,신월동,신월휘버스,81.48,4,2004,35000,0,2026,4,3
양천구,신월동,롯데캐슬,36.806,6,2014,3211,19,2026,4,15
양천구,신정동,목동신시가지12,53.46,9,1988,10000,120,2026,4,15
양천구,신정동,호반써밋목동,59.9488,1,2022,58800,0,2026,4,15
양천구,신정동,목동신시가지10,53.82,14,1987,4000,87,2026,4,4
양천구,목동,목동신시가지7,66.6,7,1986,63000,0,2026,4,15
양천구,신정동,이펜하우스3단지,49.52,6,2011,6764,21,2026,4,15
양천구,신정동,대림e-편한세상,84.951,7,2004,25000,130,2026,4,8
양천구,목동,롯데캐슬위너,84.98,7,2005,60000,50,2026,4,15
양천구,신정동,목동신시가지11,66.24,9,1988,20000,95,2026,4,6
양천구,신정동,이펜하우스3단지,49.52,6,2011,7889,15,2026,4,15
양천구,신월동,목동센트럴아이파크위브2단지,52.85,7,2020,48000,0,2026,4,12
양천구,신월동,목동센트럴아이파크위브1단지,34.24,4,2020,3360,17,2026,4,15
양천구,신정동,신정숲속마을,74.97,9,2016,30000,68,2026,4,15
양천구,신월동,우정,62.24,5,1988,15400,0,2026,4,15
양천구,신정동,목동신시가지14,108.28,7,1987,83000,0,2026,4,14
양천구,신정동,MJ스위츠,49.92,5,2020,5000,132,2026,4,4
양천구,신정동,이펜하우스3단지,59.93,14,2011,14537,0,2026,4,15
양천구,목동,목동신시가지7,53.88,13,1986,58000,0,2026,4,14
양천구,목동,목동성원(926-8),58.05,12,1997,50000,0,2026,4,14
양천구,신월동,신성미소지움,84.57,9,2003,52000,0,2026,4,13
양천구,신정동,푸른마을1단지,49.16,10,2001,4151,10,2026,4,15
양천구,신정동,목동신시가지11,51.48,2,1988,28300,0,2026,4,14
양천구,신정동,목동신시가지9,126.53,1,1987,83900,0,2026,4,15
양천구,신정동,양천,33.62,5,1995,900,11,2026,4,15
양천구,신정동,이펜하우스3단지,59.93,12,2011,15229,0,2026,4,15
양천구,신정동,목동신시가지8,54.94,10,1987,50000,0,2026,4,13
양천구,신정동,푸른마을2,59.91,2,2001,33000,0,2026,4,14
양천구,신월동,목동센트럴아이파크위브4단지,84.97,2,2020,74000,0,2026,4,14
양천구,신정동,이펜하우스3단지,59.88,3,2011,14537,0,2026,4,15
양천구,신월동,우정,62.24,3,1988,15750,0,2026,4,14
양천구,신정동,이펜하우스1단지,84.86,2,2011,22397,0,2026,4,14
양천구,신정동,이펜하우스4단지,49.94,2,2011,4220,33,2026,4,14
양천구,신월동,롯데캐슬,36.806,11,2014,5281,9,2026,4,14
양천구,신정동,양천,39.36,1,1995,1054,13,2026,4,14
양천구,신월동,신월시영,43.2,3,1988,20000,0,2026,4,14
양천구,목동,목동신시가지5,65.08,10,1986,63000,0,2026,4,14
양천구,신정동,푸른마을1단지,49.16,13,2001,4151,10,2026,4,14
양천구,신정동,이펜하우스1단지,59.93,6,2011,14785,0,2026,4,14
양천구,신정동,목동우성2,113.91,3,2000,60000,0,2026,4,8
양천구,목동,목동센트럴푸르지오,110.3387,25,2015,144900,0,2026,4,10
양천구,신월동,롯데캐슬,36.806,5,2014,1500,24,2026,4,14
양천구,신정동,목동현대3차,84.77,12,1997,10000,270,2026,4,13
양천구,신월동,롯데캐슬,36.806,7,2014,3336,20,2026,4,14
양천구,신월동,목동센트럴아이파크위브4단지,50.46,5,2020,7180,10,2026,4,14
양천구,신정동,신정숲속마을,84.99,14,2016,46000,0,2026,4,14
양천구,신정동,양천,39.36,9,1995,2370,6,2026,4,14
양천구,목동,목동신시가지3,116.12,1,1986,105000,0,2026,4,13
양천구,목동,목동신시가지5,95.28,7,1986,50000,190,2026,4,3
양천구,목동,목동금호베스트빌,83.71,5,2002,63000,0,2026,4,11
양천구,신정동,목동신시가지12,53.46,12,1988,42000,0,2026,4,14
양천구,신정동,푸른마을1단지,39.08,7,2001,3557,9,2026,4,14
양천구,신정동,호반써밋목동,84.9224,12,2022,30000,190,2026,4,14
양천구,신정동,이펜하우스4단지,49.92,4,2011,7780,13,2026,4,14
양천구,신정동,푸른마을1단지,49.16,14,2001,4151,10,2026,4,14
양천구,신월동,신월시영,59.49,10,1988,27000,0,2026,4,13
양천구,신정동,목동우성2,84.96,11,2000,35000,65,2026,4,11
양천구,신정동,수정,48.87,4,1987,1000,45,2026,4,11
양천구,신정동,마이홈,58.92,10,1995,20000,80,2026,4,10
양천구,목동,목동신시가지5,65.08,11,1986,45000,70,2026,4,10
양천구,신정동,목동신시가지11,66.24,4,1988,10000,150,2026,4,8
양천구,목동,목동신시가지7,53.88,2,1986,35000,59,2026,4,11
양천구,신월동,신월시영,50.67,11,1988,4000,100,2026,4,11
양천구,신정동,목동현대3차,84.77,12,1997,30000,180,2026,4,9
양천구,신정동,목동신시가지14,55.02,4,1987,10000,130,2026,4,6
양천구,신월동,목동센트럴아이파크위브3단지,84.98,9,2020,60300,0,2026,4,13
양천구,신정동,아이파크,59.82,10,2002,83000,0,2026,4,4
양천구,신정동,래미안목동아델리체(101동~118동),59.82,21,2021,75000,0,2026,4,13
양천구,신정동,신트리4,59.73,6,2000,20000,65,2026,4,11
양천구,신정동,푸른마을3,59.99,11,2001,37000,0,2026,4,10
양천구,목동,목동신시가지6,115.19,4,1986,115000,0,2026,4,1
양천구,신월동,신월시영,50.67,6,1988,25000,0,2026,4,11
양천구,신정동,길훈로즈빌,84.95,14,2002,78500,0,2026,4,13
양천구,신정동,현대,84.84,9,1995,61000,0,2026,4,4
양천구,신월동,목동센트럴아이파크위브2단지,52.85,9,2020,35000,45,2026,4,13
양천구,신정동,목동신시가지14,55.02,15,1987,10000,120,2026,4,3
양천구,신월동,신월시영,50.67,6,1988,21000,0,2026,4,1
양천구,신월동,신목동파라곤,59.7052,6,2024,20000,150,2026,4,11
양천구,신정동,신트리1,49.95,4,1999,39000,0,2026,4,10
양천구,신월동,신월시영,43.2,10,1988,18175,0,2026,4,11
양천구,목동,목동신시가지3,95.74,4,1986,30000,150,2026,4,11
양천구,신월동,대주파크빌,59.98,15,2004,47000,0,2026,4,11
양천구,목동,목동현대1,84.9,11,1997,50000,220,2026,4,1
양천구,목동,목동신시가지3,145.13,4,1986,105000,0,2026,4,6
양천구,신월동,목동센트럴아이파크위브2단지,84.97,6,2020,75000,0,2026,4,11
양천구,신정동,목동신시가지9,71.37,3,1987,57000,0,2026,4,11
양천구,목동,목동신시가지6,47.94,1,1986,38500,0,2026,4,11
양천구,목동,목동신시가지3,95.74,4,1986,95000,0,2026,4,10
양천구,목동,목동신시가지2,95.22,4,1986,75600,0,2026,4,10
양천구,목동,목동신시가지1,51.48,5,1985,26000,80,2026,4,11
양천구,신월동,신월시영,50.67,6,1988,2500,81,2026,4,13
양천구,목동,목동신시가지2,95.67,6,1986,37000,200,2026,4,11
양천구,목동,목동신시가지2,65.25,5,1986,10000,240,2026,4,4
양천구,목동,목동신시가지7,66.6,3,1986,30000,160,2026,4,11
양천구,신정동,목동신시가지14,74.19,14,1987,52000,0,2026,4,11
양천구,목동,목동신시가지1,125.44,5,1985,90000,90,2026,4,10
양천구,신정동,목동현대3차,84.77,16,1997,85000,0,2026,4,11
양천구,목동,목동신시가지3,64.98,15,1986,58000,0,2026,4,10
양천구,신정동,목동신시가지11,51.48,1,1988,15000,70,2026,4,10
양천구,신정동,래미안목동아델리체(101동~118동),84.95,25,2021,60000,160,2026,4,10
양천구,신정동,목동신시가지13,53.9,12,1987,33000,40,2026,4,10
양천구,신정동,목동신시가지11,66.24,2,1988,45000,0,2026,4,4
양천구,신정동,학마을1단지,49.98,15,2000,28000,0,2026,4,10
양천구,신정동,호반써밋목동,59.9488,10,2022,65000,0,2026,4,10
양천구,목동,목동신시가지3,95.74,1,1986,40000,165,2026,4,10
양천구,신정동,목동신시가지13,53.9,10,1987,40000,0,2026,4,4
양천구,신정동,목동우성3,84.73,11,1999,48000,0,2026,4,10
양천구,신정동,목동신시가지12,71.64,6,1988,58000,0,2026,4,9
양천구,신정동,신트리1,49.95,7,1999,17000,80,2026,4,10
양천구,신월동,방주아크빌,76.57,8,2002,44000,0,2026,4,10
양천구,신월동,목동센트럴아이파크위브1단지,84.98,5,2020,76000,0,2026,4,9
양천구,신정동,호반써밋목동,59.9488,1,2022,59500,0,2026,4,10
양천구,목동,목동신시가지1,98.08,5,1985,88000,0,2026,4,9
양천구,신정동,목동신시가지9,71.37,7,1987,64000,0,2026,4,8
양천구,신월동,신안약수,68,9,1985,27000,0,2026,4,9
양천구,신월동,목동센트럴아이파크위브4단지,84.98,12,2020,67000,0,2026,4,8
양천구,목동,목동훼미리,80.55,7,2002,30000,60,2026,4,8
양천구,목동,목동신시가지7,66.6,8,1986,60000,20,2026,4,4
양천구,목동,목동신시가지3,64.98,13,1986,60000,0,2026,4,7
양천구,신정동,신트리2단지,39.6,8,2000,2365,10,2026,4,9
양천구,신정동,목동신시가지13,70.73,11,1987,55000,0,2026,4,8
양천구,목동,목동신시가지1,90.06,14,1985,57600,120,2026,4,9
양천구,신정동,이든채(101동~104동),39.48,3,2019,9392,26,2026,4,9
양천구,목동,목동신시가지7,64.4,1,1986,60100,0,2026,4,8
양천구,신정동,목동신시가지14,108.28,14,1987,80000,0,2026,4,4
양천구,목동,목동신시가지7,64.4,1,1986,60100,0,2026,4,9
양천구,신정동,이든채(101동~104동),39.48,3,2019,9124,25,2026,4,9
양천구,목동,목동신시가지5,65.08,6,1986,54600,0,2026,4,8
양천구,신정동,수정,47.16,5,1987,300,45,2026,4,4
양천구,목동,목동신시가지1,65.34,9,1985,65000,0,2026,4,9
양천구,신정동,목동신시가지9,53.82,13,1987,30000,60,2026,4,9
양천구,목동,목동신시가지7,53.88,10,1986,10000,150,2026,4,9
양천구,목동,목동대림,84.82,5,1994,75600,0,2026,4,9
양천구,신정동,호반써밋목동,84.9828,13,2022,80000,7,2026,4,8
양천구,신정동,목동우성2,84.96,18,2000,35000,20,2026,4,7
양천구,신정동,목동신시가지10,53.82,9,1987,34500,0,2026,4,8
양천구,신정동,신트리1,49.95,12,1999,35000,0,2026,4,8
양천구,신정동,이든채(101동~104동),39.48,11,2019,6262,34,2026,4,8
양천구,신정동,목동신시가지10,53.82,9,1987,53000,0,2026,4,8
양천구,신정동,목동신시가지12,71.64,6,1988,52000,0,2026,4,8
양천구,신월동,신월시영,50.67,9,1988,4000,75,2026,4,6
양천구,신월동,신월시영,43.2,3,1988,16500,0,2026,4,9
양천구,신정동,신트리2단지,39.6,14,2000,2890,7,2026,4,9
양천구,신정동,목동우성2,113.91,3,2000,60000,0,2026,4,8
양천구,목동,목동신시가지5,115.47,5,1986,120000,0,2026,4,8
양천구,목동,목동효성,84.87,19,2003,60000,0,2026,4,8
양천구,신정동,목동신시가지9,71.37,10,1987,65000,0,2026,4,8
양천구,신정동,이든채(101동~104동),39.62,11,2019,8644,24,2026,4,8
양천구,신정동,목동현대3차,84.77,8,1997,20000,250,2026,4,7
양천구,신정동,목동신시가지14,71.4,6,1987,70000,0,2026,4,8
양천구,신정동,목동우성2,84.96,3,2000,55000,0,2026,4,6
양천구,목동,목동신시가지7,59.39,4,1986,53000,0,2026,4,8
양천구,신정동,래미안목동아델리체(119동~123동),49.22,3,2021,5595,25,2026,4,8
양천구,목동,목동신시가지7,64.4,1,1986,60000,0,2026,4,8
양천구,신정동,신트리2단지,39.6,11,2000,2955,6,2026,4,8
양천구,신정동,목동2차우성(1단지),32.76,7,2000,1667,8,2026,4,8
양천구,신정동,목동신시가지14,108.28,11,1987,70000,0,2026,4,8
양천구,목동,목동신시가지3,64.98,8,1986,67000,0,2026,4,7
양천구,신정동,목동우성3,59.69,7,1999,15000,100,2026,4,4
양천구,신정동,목동2차우성(1단지),32.76,8,2000,2267,5,2026,4,8
양천구,목동,목동신시가지5,65.08,4,1986,65000,0,2026,4,7
양천구,목동,목동청구한신아파트,84.76,9,1997,10000,320,2026,4,7
양천구,신정동,목동신시가지14,71.4,13,1987,50000,0,2026,4,7
양천구,신정동,이든채(101동~104동),39.48,7,2019,8985,35,2026,4,7
양천구,신정동,목동신시가지8,54.94,19,1987,40500,0,2026,4,4
양천구,신정동,이든채(101동~104동),39.48,3,2019,8644,24,2026,4,7
양천구,신정동,목동신시가지13,70.73,4,1987,52093,0,2026,4,4
양천구,신정동,이든채(101동~104동),39.48,12,2019,9124,25,2026,4,7
양천구,신정동,이든채(101동~104동),39.62,14,2019,9124,25,2026,4,7
양천구,신정동,이든채(101동~104동),39.48,4,2019,8212,26,2026,4,8
양천구,신정동,이든채(101동~104동),26.94,1,2019,5932,16,2026,4,7
양천구,목동,삼성(766-1),76.29,4,1995,35700,0,2026,4,4
양천구,신정동,이펜하우스2단지,114.98,2,2011,44100,0,2026,4,7
양천구,신정동,목동삼성,84.77,15,1996,15000,185,2026,4,4
양천구,신정동,이든채(101동~104동),44.28,14,2019,10796,29,2026,4,7
양천구,목동,웨스트빌(102동),81.216,4,2005,53000,0,2026,4,6
양천구,신정동,학마을1단지,59.98,6,2000,36000,0,2026,4,6
양천구,신월동,목동센트럴아이파크위브3단지,52.85,3,2020,3000,190,2026,4,7
양천구,신정동,목동신시가지12,56.76,2,1988,10000,100,2026,4,6
양천구,목동,목동현대1,59.9,18,1997,69300,0,2026,4,7
양천구,신월동,세제뉴타운,74.86,6,2002,30000,0,2026,4,4
양천구,목동,목동신시가지4,47.25,3,1986,10000,140,2026,4,6
양천구,신정동,목동신시가지12,71.64,8,1988,53000,0,2026,4,7
양천구,신정동,목동우성2,84.96,13,2000,49000,0,2026,4,6
양천구,신정동,이든채(101동~104동),39.48,14,2019,8644,24,2026,4,7
양천구,신월동,대성유니드,84.3,1,2004,44500,0,2026,4,7
양천구,신월동,신정두산위브,107.57,2,2012,80000,0,2026,4,4
양천구,목동,목동신시가지6,47.94,17,1986,5000,130,2026,4,7
양천구,목동,목동청구한신아파트,84.77,4,1997,61000,100,2026,4,7
양천구,신월동,목동센트럴아이파크위브1단지,59.97,8,2020,37000,50,2026,4,3
양천구,목동,목동신시가지7,53.88,8,1986,5000,170,2026,4,1
양천구,신정동,이든채(101동~104동),26.94,10,2019,5604,15,2026,4,7
양천구,신정동,로얄스위트,59.73,2,2002,7000,63,2026,4,7
양천구,목동,목동금호베스트빌,58.86,8,2002,62000,0,2026,4,5
양천구,신정동,이든채(101동~104동),26.8,14,2019,5932,16,2026,4,7
양천구,신월동,목동센트럴아이파크위브2단지,59.88,14,2020,57000,0,2026,4,4
양천구,신월동,목동센트럴아이파크위브3단지,59.88,8,2020,50000,50,2026,4,4
양천구,목동,목동성원(926-8),59.4,13,1997,50000,65,2026,4,6
양천구,신월동,목동센트럴아이파크위브1단지,59.97,8,2020,37000,30,2026,4,3
양천구,신월동,신목동파라곤,59.7052,12,2024,30000,0,2026,4,4
양천구,목동,목동신시가지4,48.69,9,1986,36750,0,2026,4,4
양천구,신정동,래미안목동아델리체(101동~118동),115.97,20,2021,98000,0,2026,4,4
양천구,신월동,신목동파라곤,59.7052,12,2024,30000,75,2026,4,4
양천구,신정동,목동신시가지9,106.93,4,1987,80800,0,2026,4,4
양천구,신정동,목동파크자이(101동~108동),84.993,4,2019,50000,130,2026,4,4
양천구,신월동,신안약수,68,5,1985,36500,0,2026,4,4
양천구,목동,목동신시가지6,47.94,2,1986,10000,100,2026,4,4
양천구,신정동,태영데시앙,84.96,10,2002,30000,85,2026,4,1
양천구,신정동,목동신시가지9,53.82,11,1987,44100,0,2026,4,4
양천구,목동,롯데캐슬위너,84.97,14,2005,10000,250,2026,4,6
양천구,신정동,목동신시가지13,53.9,10,1987,42000,0,2026,4,4
양천구,목동,목동신시가지7,66.6,1,1986,20000,180,2026,4,6
양천구,신정동,목동신시가지10,70.2,7,1987,65000,0,2026,4,3
양천구,신정동,목동신시가지8,54.94,4,1987,52000,0,2026,4,3
양천구,신월동,롯데캐슬,59.747,5,2014,50000,0,2026,4,4
양천구,신월동,신목동비바힐스,58.9,14,2023,7000,130,2026,4,6
양천구,신정동,이펜하우스3단지,84.96,9,2011,51500,0,2026,4,4
양천구,신정동,목동신시가지11,66.24,12,1988,51000,0,2026,4,4
양천구,목동,금호아파트(768),84.92,7,1995,20000,190,2026,4,5
양천구,신월동,목동센트럴아이파크위브4단지,84.98,12,2020,55000,55,2026,4,4
양천구,목동,목동신시가지4,47.25,11,1986,45000,0,2026,4,2
양천구,신정동,호반써밋목동,84.9828,4,2022,76650,0,2026,4,4
양천구,신정동,학마을1단지,49.99,14,2000,28000,0,2026,4,4
양천구,신월동,스위트드림아파트,52.16,3,2020,33000,0,2026,4,3
양천구,목동,신목,74.64,1,1992,45000,0,2026,4,1
양천구,신월동,세제뉴타운,74.86,6,2002,30000,0,2026,4,4
양천구,신월동,롯데캐슬,84.984,8,2014,62500,0,2026,4,4
양천구,신월동,롯데캐슬,59.474,4,2014,53000,0,2026,4,4
양천구,신정동,목동2삼성래미안,59.92,2,2001,43989,0,2026,4,4
양천구,신월동,수명산롯데캐슬,84.96,3,2008,10000,205,2026,4,4
양천구,신정동,목동신시가지8,71.77,2,1987,50400,50,2026,4,4
양천구,목동,목동신시가지1,51.48,12,1985,43000,0,2026,4,4
양천구,신정동,푸른마을1단지,49.16,5,2001,700,26,2026,4,6
양천구,신월동,신월시영,59.49,6,1988,7000,120,2026,4,3
양천구,목동,목동신시가지4,95.34,11,1986,60000,140,2026,4,4
양천구,목동,목동신시가지6,95.03,12,1986,60000,140,2026,4,4
양천구,신정동,목동신시가지8,54.94,4,1987,49000,0,2026,4,5
양천구,목동,목동신시가지7,101.2,15,1986,90000,70,2026,4,4
양천구,목동,목동롯데캐슬마에스트로,59.9846,9,2019,66100,0,2026,4,3
양천구,목동,삼익,84.88,17,1997,81000,0,2026,4,3
양천구,신정동,신정6현대,59.4,18,2000,38000,0,2026,4,3
양천구,목동,롯데캐슬위너,59.98,18,2005,61000,0,2026,4,3
양천구,신월동,신월시영,43.2,11,1988,20000,0,2026,4,3
양천구,신정동,목동신시가지13,98.63,14,1987,35000,160,2026,4,3
양천구,목동,목동신시가지5,65.08,7,1986,44000,38,2026,4,3
양천구,신월동,명산그린빌,81.51,7,2002,39000,0,2026,4,3
양천구,목동,목동신시가지2,122.31,5,1986,94500,0,2026,4,2
양천구,신정동,목동신시가지9,100.33,2,1987,88000,0,2026,4,2
양천구,신정동,중앙하이츠목동펠리시티,65.92,12,2021,70000,0,2026,4,2
양천구,신월동,동방,75.42,2,1999,37000,0,2026,4,2
양천구,목동,목동대림,84.82,16,1994,90000,0,2026,4,3
양천구,목동,우성,84.44,13,1992,3000,130,2026,4,2
양천구,신월동,신안파크,47.6,1,1987,10000,0,2026,4,1
양천구,신월동,대방샤인힐,59.648,8,2003,36500,0,2026,4,3
양천구,신정동,목동신시가지9,71.37,10,1987,55000,0,2026,4,1
양천구,신정동,목동우성2,84.96,8,2000,50400,0,2026,4,2
양천구,신정동,대림,84.89,4,1992,66150,0,2026,4,1
양천구,신월동,신월시영,50.67,10,1988,26000,0,2026,4,2
양천구,신월동,목동센트럴아이파크위브2단지,84.97,3,2020,25000,180,2026,4,1
양천구,목동,목동신시가지7,101.2,9,1986,99700,0,2026,4,2
양천구,신월동,신월시영,50.67,2,1988,24000,0,2026,4,2
양천구,신월동,목동센트럴아이파크위브4단지,59.68,5,2020,39200,0,2026,4,2
양천구,신정동,세양청마루,84.98,15,2006,40000,100,2026,4,1
양천구,목동,목동신시가지3,95.74,2,1986,89000,0,2026,4,1
양천구,신정동,이든채(101동~104동),39.48,4,2019,8616,24,2026,4,2
양천구,신월동,목동센트럴아이파크위브2단지,59.68,22,2020,53550,0,2026,4,1
양천구,신정동,호반써밋목동,84.9828,14,2022,70000,55,2026,4,1
양천구,목동,목동신시가지6,115.19,4,1986,115000,0,2026,4,1
양천구,목동,목동신시가지5,65.08,3,1986,53000,0,2026,4,1
양천구,신정동,목동신시가지14,55.02,10,1987,10000,140,2026,4,1
양천구,신정동,목동신시가지13,98.63,11,1987,73500,0,2026,4,1
양천구,신정동,이든채(101동~104동),39.48,7,2019,7488,29,2026,4,1
양천구,신정동,목동신시가지9,126.53,4,1987,56000,135,2026,4,1
양천구,목동,성원2,59.9,12,2000,44000,0,2026,4,1
양천구,목동,목동신시가지7,66.6,4,1986,5000,270,2026,4,1
양천구,목동,목동신시가지4,65.34,12,1986,63000,0,2026,4,1
강서구,등촌동,주공3,58.14,1,1995,41000,0,2026,4,27
강서구,가양동,가양강나루현대,59.76,15,1999,50400,0,2026,4,11
강서구,가양동,가양도시개발9-2단지,39.6,12,1993,29000,0,2026,4,24
강서구,화곡동,리치아파트,20.61,12,2018,16700,0,2026,4,27
강서구,내발산동,우장산힐스테이트,84.98,8,2005,73000,0,2026,4,25
강서구,내발산동,우장산신일해피트리,29.93,5,2023,25000,0,2026,4,28
강서구,방화동,형제,76.83,2,1982,15700,0,2026,4,23
강서구,등촌동,대림,89.975,8,1995,59000,0,2026,4,25
강서구,가양동,가양도시개발9-2단지,34.44,1,1993,2000,80,2026,4,20
강서구,가양동,가양강나루현대,84.98,3,1999,5000,180,2026,4,17
강서구,가양동,대림경동아파트,131.4,12,1993,63000,0,2026,4,13
강서구,가양동,동신대아,164.25,5,1993,40000,0,2026,4,15
강서구,마곡동,마곡엠밸리9단지,84.65,9,2021,85000,0,2026,4,16
강서구,방화동,개화산경남아너스빌,82.53,7,2007,6000,185,2026,4,11
강서구,염창동,신동아,59.82,12,1995,45000,0,2026,4,11
강서구,등촌동,"등촌1,2단지주공아파트",41.85,15,1994,35000,0,2026,4,8
강서구,가양동,가양2단지(성지),34.44,1,1992,3000,70,2026,4,11
강서구,내발산동,길성그랑프리텔,75.497,7,2003,41700,0,2026,4,7
강서구,화곡동,초록,59.34,10,1998,50000,0,2026,4,7
강서구,내발산동,마곡수명산파크7단지,84.53,8,2008,20000,150,2026,4,6
강서구,마곡동,마곡엠벨리(15단지),59.79,9,2014,63110,0,2026,4,4
강서구,화곡동,우장산롯데캐슬,85,8,2003,65000,0,2026,4,2
강서구,가양동,강변,34.44,2,1992,23000,0,2026,4,3
강서구,염창동,동아3,59.7,13,1999,46700,0,2026,4,1
강서구,등촌동,서광등촌마을아파트,84.93,3,1999,60000,0,2026,4,18
강서구,마곡동,마곡13단지힐스테이트마스터,84.9881,15,2017,50000,160,2026,4,14
강서구,내발산동,마곡수명산파크7단지,84.53,8,2008,20000,150,2026,4,6
강서구,마곡동,마곡엠밸리5단지,59.79,11,2014,2648,51,2026,4,22
강서구,방화동,AirPalace(619-7),14.1,6,2013,4000,30,2026,4,21
강서구,화곡동,우장산청솔(992-10),84.88,6,2004,50000,0,2026,4,10
강서구,화곡동,화곡푸르지오,125.021,3,2002,83000,0,2026,4,9
강서구,가양동,강변,39.6,7,1992,29925,0,2026,4,17
강서구,등촌동,아임2030등촌역,15.17,4,2020,4600,30,2026,4,16
강서구,마곡동,마곡13단지힐스테이트마스터,84.9805,5,2017,60000,140,2026,4,11
강서구,염창동,아네스트염창,14.94,7,2019,1000,66,2026,4,17
강서구,염창동,센터스퀘어등촌,18,16,2020,2600,50,2026,4,30
강서구,염창동,현대2,82.74,1,1993,51000,0,2026,4,5
강서구,등촌동,아임2030등촌역,15.01,17,2020,6200,41,2026,4,16
강서구,방화동,마곡우촌아파트,22.3,3,2022,1000,95,2026,4,28
강서구,내발산동,마곡수명산파크1단지,84.82,4,2007,68000,0,2026,4,16
강서구,가양동,가양도시개발9-2단지,34.44,12,1993,26000,0,2026,4,25
강서구,화곡동,해평스퀘어,23.6,10,2018,17000,20,2026,4,30
강서구,마곡동,마곡엠밸리2단지,84.88,6,2014,80000,0,2026,4,28
강서구,등촌동,서광등촌마을아파트,59.67,8,1999,54500,0,2026,4,8
강서구,가양동,한강타운,84.99,1,1993,12000,160,2026,4,3
강서구,등촌동,아임2030등촌역,15.17,5,2020,4600,30,2026,4,15
강서구,염창동,아네스트염창,14.94,7,2019,12000,16,2026,4,8
강서구,마곡동,마곡힐스테이트,84.98,15,2017,1000,60,2026,4,28
강서구,내발산동,마곡수명산파크3단지,84.76,12,2007,67000,0,2026,4,19
강서구,화곡동,화곡동복지다동,53.94,3,1974,1000,65,2026,4,25
강서구,염창동,태진한솔,58.87,9,1994,49000,0,2026,4,4
강서구,등촌동,아임2030등촌역,15.01,17,2020,4600,30,2026,4,23
강서구,화곡동,청담라인씨티,25.74,11,2018,3000,68,2026,4,10
강서구,등촌동,부영,80.64,14,1994,7000,165,2026,4,25
강서구,염창동,센터스퀘어등촌,18.24,16,2020,3120,35,2026,4,17
강서구,가양동,강변,49.5,12,1992,2000,120,2026,4,5
강서구,마곡동,마곡엠밸리10단지,59.79,5,2016,2589,46,2026,4,22
강서구,등촌동,아임2030등촌역,15.01,16,2020,6200,41,2026,4,13
강서구,화곡동,중앙화곡하이츠,48.78,11,1988,28000,0,2026,4,27
강서구,화곡동,"우장산아이파크,이편한세상",84.97,18,2008,69280,0,2026,4,25
강서구,염창동,동아3,59.7,24,1999,55000,0,2026,4,22
강서구,등촌동,아임2030등촌역,15.17,15,2020,7500,36,2026,4,9
강서구,화곡동,M노블레스,29.88,5,2021,20664,0,2026,4,13
강서구,마곡동,마곡엠벨리(15단지),84.5,8,2014,57096,0,2026,4,27
강서구,방화동,방화그린,39.76,2,1993,100,90,2026,4,18
강서구,화곡동,우장산숲아이파크,84.9932,3,2022,81900,0,2026,4,8
강서구,화곡동,화곡3차보람,82.18,11,2004,34500,0,2026,4,28
강서구,가양동,한보구암마을,84.39,17,1999,40840,0,2026,4,30
강서구,염창동,삼현팰리채,84.58,1,2008,45000,80,2026,4,4
강서구,마곡동,마곡13단지힐스테이트마스터,84.9881,7,2017,84000,0,2026,4,26
강서구,가양동,강변,39.6,2,1992,2000,71,2026,4,28
강서구,가양동,가양2단지(성지),34.44,4,1992,2000,75,2026,4,25
강서구,가양동,한강타운,84.99,1,1993,43000,0,2026,4,10
강서구,화곡동,아델리아Ⅰ,15.18,6,2012,4000,30,2026,4,27
강서구,마곡동,마곡13단지힐스테이트마스터,59.9825,11,2017,44669,0,2026,4,29
강서구,염창동,삼성한마음,84.87,15,1995,52500,0,2026,4,28
강서구,염창동,한강동아,84.96,6,1998,25000,120,2026,4,23
강서구,등촌동,"등촌1,2단지주공아파트",41.85,11,1994,28000,0,2026,4,13
강서구,가양동,가양6단지,49.5,2,1992,35000,0,2026,4,3
강서구,내발산동,다울,73.14,3,2004,34000,0,2026,4,20
강서구,방화동,방화5,49.77,10,1994,33000,0,2026,4,25
강서구,염창동,현대3,59.92,7,1996,30000,20,2026,4,28
강서구,가양동,강변,34.44,12,1992,25000,0,2026,4,29
강서구,화곡동,화곡보람,59.24,9,2004,20000,90,2026,4,30
강서구,방화동,마곡우촌아파트,28.04,11,2022,1000,120,2026,4,23
강서구,방화동,마곡웨스트에비뉴,45.21,5,2022,1000,135,2026,4,25
강서구,등촌동,주공5,37.67,8,1995,22000,0,2026,4,20
강서구,염창동,센터스퀘어등촌,18.24,19,2020,2600,52,2026,4,13
강서구,등촌동,등촌동현대2차,94.69,15,1997,56500,0,2026,4,22
강서구,등촌동,마곡루나플라체,22.05,12,2021,20000,0,2026,4,21
강서구,등촌동,대림,89.975,1,1995,60000,0,2026,4,29
강서구,내발산동,우장산힐스테이트,84.98,1,2005,81000,0,2026,4,27
강서구,가양동,가양도시개발9-2단지,39.6,7,1993,28000,0,2026,4,29
강서구,내발산동,마곡수명산파크7단지,49.97,11,2008,3674,26,2026,4,23
강서구,화곡동,강서동도센트리움,14.677,6,2012,8500,10,2026,4,22
강서구,등촌동,아임2030등촌역,15.48,3,2020,3500,34,2026,4,23
강서구,염창동,아네스트염창,16.96,7,2019,11500,27,2026,4,1
강서구,방화동,방화5,33.18,9,1994,3000,90,2026,4,30
강서구,등촌동,등촌동아이파크,84.9766,17,2004,52500,0,2026,4,26
강서구,화곡동,경동엠파이어스테이트,18.915,3,2012,13000,17,2026,4,14
강서구,염창동,센터스퀘어등촌,18.24,6,2020,1248,43,2026,4,15
강서구,가양동,강변,39.6,3,1992,35000,0,2026,4,17
강서구,가양동,대림경동아파트,131.4,9,1993,60000,0,2026,4,25
강서구,등촌동,아임2030등촌역,15.17,10,2020,10000,26,2026,4,28
강서구,염창동,주상복합태진가람,58.86,7,1995,41000,0,2026,4,23
강서구,가양동,가양6단지,49.5,4,1992,36000,0,2026,4,3
강서구,가양동,강변,34.44,13,1992,3000,85,2026,4,15
강서구,염창동,현대1,84.34,7,1994,30000,85,2026,4,28
강서구,염창동,염창3우성,84.96,3,1993,30000,120,2026,4,11
강서구,마곡동,마곡엠밸리9단지,84.97,9,2021,87000,0,2026,4,7
강서구,등촌동,주공10,58.14,10,1995,5000,150,2026,4,25
강서구,화곡동,한양아이클래스,13.79,12,2013,500,43,2026,4,17
강서구,화곡동,행복타운(926-10),12.24,9,2012,6500,0,2026,4,27
강서구,마곡동,마곡힐스테이트,84.98,5,2017,81500,0,2026,4,11
강서구,가양동,강변,39.6,11,1992,24000,0,2026,4,19
강서구,염창동,현대1,84.34,1,1994,35000,80,2026,4,29
강서구,등촌동,주공3,58.14,6,1995,27000,55,2026,4,23
강서구,방화동,방화5,33.18,11,1994,1000,85,2026,4,29
강서구,화곡동,우장산한화꿈에그린,84.98,8,2004,30000,95,2026,4,23
강서구,가양동,가양2단지(성지),34.44,4,1992,25000,0,2026,4,29
강서구,등촌동,대림,123.72,17,1995,30000,168,2026,4,22
강서구,마곡동,마곡엠벨리(14단지),84.88,8,2014,40000,134,2026,4,30
강서구,등촌동,대림,123.72,17,1995,30000,168,2026,4,22
강서구,등촌동,엘크루발산,30.79,11,2022,5725,25,2026,4,23
강서구,가양동,가양도시개발9-2단지,49.5,9,1993,41000,0,2026,4,20
강서구,마곡동,마곡엠밸리10단지,84.89,1,2016,53800,100,2026,4,30
강서구,마곡동,마곡13단지힐스테이트마스터,59.9825,3,2017,35000,120,2026,4,20
강서구,방화동,삼정코아,83.74,8,2004,45000,0,2026,4,16
강서구,마곡동,마곡엠밸리4단지,49.77,6,2014,10469,16,2026,4,28
강서구,화곡동,블루힐(343-56),27.52,9,2011,1000,60,2026,4,16
강서구,내발산동,코이노니아스테이,47.25,4,2022,5000,155,2026,4,20
강서구,내발산동,마곡수명산파크1단지,39.8,9,2007,4831,9,2026,4,22
강서구,등촌동,서광등촌마을아파트,59.67,8,1999,50000,0,2026,4,15
강서구,염창동,센터스퀘어등촌,18.24,11,2020,2600,49,2026,4,1
강서구,염창동,삼현팰리채,65.35,7,2008,43000,30,2026,4,22
강서구,염창동,동아,114.84,5,1998,40000,150,2026,4,18
강서구,화곡동,dk182,33.72,6,2018,1000,97,2026,4,21
강서구,등촌동,신송타워,84.96,14,1997,31950,0,2026,4,21
강서구,화곡동,"우장산아이파크,이편한세상",84.97,17,2008,83000,0,2026,4,13
강서구,등촌동,부영,80.64,15,1994,10000,150,2026,4,28
강서구,화곡동,리치아파트103동,22.55,6,2020,20160,5,2026,4,9
강서구,화곡동,"우장산아이파크,이편한세상",59.98,13,2008,66000,0,2026,4,24
강서구,가양동,가양6단지,39.6,11,1992,21000,0,2026,4,25
강서구,화곡동,"우장산아이파크,이편한세상",101.65,10,2008,40000,130,2026,4,29
강서구,방화동,방화그린,33.18,5,1993,16800,0,2026,4,27
강서구,등촌동,주공10,37.67,1,1995,27000,0,2026,4,30
강서구,화곡동,M노블레스,27.01,7,2021,20030,0,2026,4,27
강서구,염창동,태영,59.97,12,1999,34000,65,2026,4,23
강서구,화곡동,강서힐스테이트,84.99,17,2015,80000,0,2026,4,27
강서구,등촌동,삼형.그레이스빌,55.178,12,2001,45000,0,2026,4,15
강서구,화곡동,"우장산아이파크,이편한세상",84.97,6,2008,5000,270,2026,4,17
강서구,마곡동,마곡13단지힐스테이트마스터,59.9825,5,2017,70000,0,2026,4,20
강서구,등촌동,대림,89.975,8,1995,59000,0,2026,4,25
강서구,화곡동,"우장산아이파크,이편한세상",59.98,9,2008,59000,0,2026,4,29
강서구,화곡동,화곡푸르지오,144.123,3,2002,10000,300,2026,4,23
강서구,등촌동,등촌동아이파크,84.9958,5,2004,65000,0,2026,4,29
강서구,염창동,극동,59.9,6,2000,49000,0,2026,4,25
강서구,화곡동,원타워(343-43),18.84,8,2014,1000,62,2026,4,1
강서구,마곡동,마곡엠밸리5단지,114.86,7,2014,89250,0,2026,4,11
강서구,가양동,한강타운,84.99,7,1993,60000,0,2026,4,25
강서구,방화동,마곡중앙하이츠아파트,51.03,1,1994,25000,30,2026,4,14
강서구,방화동,방화5,39.6,6,1994,3000,110,2026,4,25
강서구,방화동,신세계아파트,45.86,4,2018,26000,40,2026,4,16
강서구,내발산동,우장산힐스테이트,84.98,2,2005,25000,100,2026,4,27
강서구,내발산동,마곡수명산파크4단지,59.84,9,2008,38000,0,2026,4,30
강서구,화곡동,리치아파트,20.61,12,2018,16700,0,2026,4,27
강서구,화곡동,"우장산아이파크,이편한세상",84.97,4,2008,72500,0,2026,4,25
강서구,마곡동,마곡엠밸리9단지,84.97,9,2021,87000,0,2026,4,7
강서구,염창동,동아,114.84,3,1998,47000,95,2026,4,30
강서구,등촌동,대림,89.975,10,1995,61000,0,2026,4,27
강서구,화곡동,"우장산아이파크,이편한세상",59.98,2,2008,30000,120,2026,4,11
강서구,가양동,가양도시개발9-2단지,39.6,1,1993,24000,0,2026,4,13
강서구,마곡동,마곡금호어울림,84.948,8,2005,55000,0,2026,4,18
강서구,가양동,가양1차보람더하임,83.07,12,2006,1500,120,2026,4,1
강서구,등촌동,대림,123.72,13,1995,10000,250,2026,4,27
강서구,등촌동,다울,83.198,8,2002,53000,0,2026,4,15
강서구,화곡동,행복타운(926-10),12.24,10,2012,6800,0,2026,4,29
강서구,화곡동,우장산숲아이파크,84.9771,14,2022,64480,0,2026,4,24
강서구,등촌동,주공5,58.14,1,1995,5000,130,2026,4,29
강서구,화곡동,강서힐스테이트,128.81,2,2015,94500,0,2026,4,29
강서구,방화동,방화3차우림필유,99.62,10,2005,45000,0,2026,4,24
강서구,등촌동,부영,80.64,12,1994,5000,170,2026,4,28
강서구,마곡동,마곡엠밸리5단지,59.79,7,2014,2648,51,2026,4,22
강서구,등촌동,등촌동아이파크,84.9958,7,2004,67000,0,2026,4,16
강서구,등촌동,아임2030등촌역,15.17,11,2020,7500,34,2026,4,30
강서구,마곡동,마곡우림필유아파트,84.528,13,2003,52500,0,2026,4,30
강서구,마곡동,마곡엠밸리9단지,49.53,7,2021,2319,39,2026,4,23
강서구,등촌동,"등촌7,8단지주공아파트",41.85,1,1994,25000,0,2026,4,27
강서구,등촌동,엘크루발산,30.79,9,2022,8400,57,2026,4,21
강서구,등촌동,가양역두산위브,84.74,8,2022,78000,0,2026,4,29
강서구,가양동,가양6단지,39.6,12,1992,27000,0,2026,4,18
강서구,화곡동,"우장산아이파크,이편한세상",84.97,20,2008,87000,0,2026,4,24
강서구,가양동,가양강나루현대,84.98,6,1999,64000,0,2026,4,29
강서구,내발산동,신세계(697-5),84.7,7,2001,47000,0,2026,4,7
강서구,마곡동,마곡엠밸리2단지,49.77,5,2014,2364,47,2026,4,24
강서구,마곡동,마곡엠밸리4단지,59.79,7,2014,3556,53,2026,4,22
강서구,마곡동,마곡엠밸리9단지,84.54,7,2021,76000,0,2026,4,4
강서구,마곡동,마곡엠밸리7단지,114.91,15,2014,105000,0,2026,4,27
강서구,화곡동,강서힐스테이트,84.99,14,2015,30000,200,2026,4,15
강서구,등촌동,주공3,58.14,4,1995,50000,0,2026,4,30
강서구,등촌동,주공3,58.14,7,1995,45000,0,2026,4,27
강서구,가양동,가양도시개발9-2단지,39.6,15,1993,30000,0,2026,4,13
강서구,등촌동,"등촌7,8단지주공아파트",41.85,10,1994,5000,125,2026,4,30
강서구,방화동,방화그린,39.76,7,1993,25000,0,2026,4,21
강서구,화곡동,강서동도센트리움,14.677,5,2012,130,68,2026,4,29
강서구,방화동,마곡중앙하이츠아파트,51.03,14,1994,2000,100,2026,4,1
강서구,내발산동,마곡수명산파크1단지,84.53,14,2007,15000,220,2026,4,11
강서구,등촌동,주공3,58.14,10,1995,45000,0,2026,4,20
강서구,가양동,대림경동아파트,131.4,5,1993,70000,0,2026,4,30
강서구,방화동,방화5,49.77,11,1994,3000,130,2026,4,25
강서구,등촌동,주공5,37.67,15,1995,3000,110,2026,4,6
강서구,가양동,한강타운,84.99,2,1993,50000,0,2026,4,24
강서구,화곡동,화곡1차보람더하임,55.48,9,2003,3000,130,2026,4,20
강서구,가양동,가양우성,84.87,9,1990,57750,0,2026,4,30
강서구,등촌동,주공3,37.67,8,1995,10000,100,2026,4,15
강서구,방화동,방화메이빌,54.1546,8,2017,40500,0,2026,4,16
강서구,화곡동,서부인터빌아파트,84.1439,5,2002,39600,0,2026,4,27
강서구,가양동,가양2단지(성지),39.6,3,1992,11000,60,2026,4,29
강서구,염창동,삼정그린코아,108.255,5,2001,80000,0,2026,4,8
강서구,화곡동,강서힐스테이트,59.99,15,2015,40000,150,2026,4,29
강서구,가양동,동신대아,164.25,5,1993,40000,0,2026,4,15
강서구,방화동,마곡서광(치현마을),84.93,2,1998,47000,0,2026,4,30
강서구,가양동,가양2단지(성지),34.44,4,1992,25000,0,2026,4,29
강서구,화곡동,강서힐스테이트,128.81,11,2015,75000,0,2026,4,11
강서구,내발산동,덕현중앙타워빌,70.51,3,2003,45000,0,2026,4,29
강서구,방화동,마곡중앙하이츠아파트,51.03,2,1994,31500,0,2026,4,30
강서구,등촌동,대동황토방2,84.99,4,2003,10000,160,2026,4,28
강서구,화곡동,갤러리빌,12.54,4,2011,1000,50,2026,4,25
강서구,가양동,가양6단지,58.65,6,1992,44500,0,2026,4,25
강서구,등촌동,등촌파밀리에더클래식101동,49.77,6,2020,49000,0,2026,4,13
강서구,화곡동,dk182,18.26,3,2018,1000,64,2026,4,2
강서구,마곡동,마곡푸르지오,114.72,10,2008,15000,305,2026,4,25
강서구,가양동,대림경동아파트,131.4,5,1993,70000,0,2026,4,30
강서구,가양동,가양2단지(성지),39.6,13,1992,26250,0,2026,4,16
강서구,화곡동,동성아파트,25.65,8,2015,2000,84,2026,4,27
강서구,가양동,한강타운,84.99,4,1993,10000,200,2026,4,14
강서구,마곡동,마곡엠벨리(15단지),84.5,1,2014,59597,0,2026,4,29
강서구,가양동,가양6단지,39.6,8,1992,5000,100,2026,4,14
강서구,염창동,아네스트염창,14.94,9,2019,12000,31,2026,4,15
강서구,화곡동,우장산숲아이파크,84.9771,8,2022,85000,0,2026,4,30
강서구,가양동,가양2단지(성지),39.6,5,1992,25000,0,2026,4,25
강서구,등촌동,등촌동아이파크,84.9958,9,2004,40000,80,2026,4,29
강서구,방화동,경동팰리스힐,12.22,6,2014,500,47,2026,4,13
강서구,내발산동,우장산신일해피트리,43.58,3,2023,35000,7,2026,4,30
강서구,방화동,마곡중앙하이츠아파트,59.34,15,1994,31500,0,2026,4,14
강서구,등촌동,등촌퀸즈포디엄삼익,47.44,12,2020,35000,0,2026,4,30
강서구,가양동,한림타운,84.6,2,2003,7000,140,2026,4,23
강서구,염창동,루나클래식2,19.36,10,2023,5000,93,2026,4,19
강서구,마곡동,길훈,65.88,7,1989,40950,0,2026,4,25
강서구,내발산동,내발산우신웨스트빌,84.38,7,2005,49980,0,2026,4,30
강서구,등촌동,"등촌1,2단지주공아파트",41.85,9,1994,2000,120,2026,4,11
강서구,내발산동,우장산힐스테이트,59.98,6,2005,5000,230,2026,4,17
강서구,마곡동,마곡엠밸리9단지,84.65,7,2021,78000,0,2026,4,18
강서구,마곡동,마곡엠밸리9단지,59.86,13,2021,71000,0,2026,4,25
강서구,마곡동,마곡엠벨리(14단지),114.86,12,2014,45000,126,2026,4,18
강서구,등촌동,대동황토방2,59.96,5,2003,40500,0,2026,4,25
강서구,염창동,현대아이파크,78.86,7,2005,70350,0,2026,4,29
강서구,염창동,염창1차한화꿈에그린,59.94,15,2005,20000,180,2026,4,25
강서구,염창동,관음삼성,84.93,11,1997,65000,0,2026,4,30
강서구,가양동,강변,34.44,13,1992,3000,110,2026,4,28
강서구,마곡동,마곡엠밸리9단지,84.65,11,2021,62000,30,2026,4,21
강서구,가양동,강변,39.6,8,1992,31000,0,2026,4,30
강서구,방화동,방화5,49.77,6,1994,15000,37,2026,4,29
강서구,마곡동,벽산,59.98,10,1999,47000,0,2026,4,16
강서구,마곡동,마곡엠밸리6단지,84.88,15,2014,76500,0,2026,4,30
강서구,등촌동,아임2030등촌역,15.17,6,2020,4600,30,2026,4,30
강서구,화곡동,행복이꽃피는집,36.51,5,2014,13650,5,2026,4,30
강서구,염창동,아네스트염창,14.94,11,2019,11000,21,2026,4,7
강서구,방화동,마곡웨스트에비뉴,24.75,6,2022,700,75,2026,4,23
강서구,가양동,가양강나루현대,59.76,2,1999,35000,50,2026,4,3
강서구,내발산동,마곡수명산파크4단지,59.84,3,2008,33000,100,2026,4,30
강서구,화곡동,유진아파트(938-24),55.74,9,2015,19440,0,2026,4,10
강서구,가양동,가양우성,75.48,7,1990,30000,48,2026,4,21
강서구,가양동,한강타운,84.99,11,1993,10000,200,2026,4,11
강서구,가양동,가양도시개발9-2단지,39.6,12,1993,29000,0,2026,4,24
강서구,등촌동,"등촌7,8단지주공아파트",41.85,7,1994,34000,0,2026,4,30
강서구,화곡동,블루힐(343-56),12.52,7,2011,8400,0,2026,4,9
강서구,가양동,가양2단지(성지),39.6,12,1992,2000,100,2026,4,25
강서구,내발산동,우장산힐스테이트,126.65,3,2005,94500,0,2026,4,30
강서구,마곡동,마곡엠밸리6단지,84.88,14,2014,50000,130,2026,4,30
강서구,등촌동,주공3,58.14,7,1995,40000,0,2026,4,30
강서구,내발산동,롯데2,84.708,1,2003,30000,110,2026,4,24
강서구,방화동,노블하이츠,27.65,3,2013,1000,55,2026,4,25
강서구,화곡동,남광아파트,35.33,15,2017,15000,0,2026,4,17
강서구,등촌동,엘크루발산,30.79,9,2022,8400,57,2026,4,21
강서구,등촌동,"등촌7,8단지주공아파트",41.85,9,1994,5000,95,2026,4,27
강서구,등촌동,등촌동아이파크,84.7556,16,2004,64000,0,2026,4,29
강서구,내발산동,마곡수명산파크3단지,84.53,13,2007,38587,0,2026,4,30
강서구,등촌동,아임2030등촌역,15.01,16,2020,4600,30,2026,4,16
강서구,내발산동,우장산신일해피트리,29.93,5,2023,25000,0,2026,4,28
강서구,방화동,방화5,39.6,3,1994,19680,0,2026,4,30
강서구,등촌동,등촌라인(조합),84.78,19,1997,60000,0,2026,4,30
강서구,화곡동,강서힐스테이트,128.81,10,2015,20000,275,2026,4,25
강서구,등촌동,아임2030등촌역,15.17,10,2020,12000,18,2026,4,28
강서구,등촌동,등촌라인(조합),59.91,7,1997,42000,0,2026,4,8
강서구,방화동,방화5,39.6,13,1994,22500,0,2026,4,25
강서구,등촌동,코오롱하늘채,59.95,6,2003,42000,0,2026,4,30
강서구,내발산동,우장산힐스테이트,84.98,8,2005,73000,0,2026,4,25
강서구,화곡동,에스엠케이아파트,14.92,9,2020,13100,10,2026,4,29
강서구,화곡동,우장산역해링턴타워,23.68,6,2021,4544,31,2026,4,28
강서구,내발산동,우장산신일해피트리,43.58,3,2023,35000,7,2026,4,30
강서구,내발산동,마곡수명산파크4단지,59.84,9,2008,38000,0,2026,4,30
강서구,내발산동,강서월드메르디앙,84.8945,12,2006,52500,32,2026,4,27
강서구,화곡동,길성그랑프리텔,83.03,4,2005,39000,0,2026,4,22
강서구,등촌동,주공5,58.14,9,1995,36000,30,2026,4,29
강서구,내발산동,우장산힐스테이트,84.98,15,2005,85000,0,2026,4,25
강서구,등촌동,태진아름,84.81,1,1995,47000,0,2026,4,6
강서구,화곡동,메종드로제,34.75,10,2019,22500,25,2026,4,20
강서구,염창동,아네스트염창,16.96,10,2019,12000,26,2026,4,14
강서구,마곡동,마곡엠벨리(14단지),59.79,12,2014,48048,0,2026,4,29
강서구,마곡동,벽산,59.98,1,1999,30630,0,2026,4,28
강서구,내발산동,우장산힐스테이트,84.98,13,2005,50000,125,2026,4,29
강서구,내발산동,청솔샤르망1004동,84.67,4,2005,52500,0,2026,4,29
강서구,화곡동,일광2차,77.04,3,2002,24000,0,2026,4,29
강서구,화곡동,블루힐(343-56),12.18,6,2011,8550,10,2026,4,24
강서구,가양동,대림경동아파트,131.4,3,1993,63000,0,2026,4,29
강서구,내발산동,우장산힐스테이트,59.98,9,2005,72000,0,2026,4,24
강서구,염창동,리버펠리스2동,146.16,11,2001,90000,0,2026,4,11
강서구,등촌동,주공10,37.67,3,1995,29400,0,2026,4,25
강서구,가양동,가양2단지(성지),39.6,3,1992,3500,65,2026,4,29
강서구,방화동,동성,76.8,3,1993,46000,0,2026,4,29
강서구,마곡동,마곡엠밸리5단지,114.86,1,2014,90000,0,2026,4,29
강서구,마곡동,마곡13단지힐스테이트마스터,84.9881,15,2017,88000,0,2026,4,29
강서구,가양동,가양2단지(성지),49.56,5,1992,15000,75,2026,4,2
강서구,가양동,가양6단지,39.6,11,1992,26250,0,2026,4,29
강서구,염창동,우성2,84.7,10,1992,50000,0,2026,4,17
강서구,등촌동,주공3,37.67,1,1995,27000,0,2026,4,29
강서구,염창동,강변한솔솔파크,84.97,20,2005,60000,0,2026,4,25
강서구,화곡동,리치아파트,20.61,6,2018,16750,19,2026,4,28
강서구,내발산동,마곡수명산파크7단지,49.97,10,2008,3674,26,2026,4,22
강서구,마곡동,마곡엠벨리(14단지),59.79,15,2014,48048,0,2026,4,28
강서구,내발산동,마곡수명산파크7단지,49.93,4,2008,2200,29,2026,4,22
강서구,마곡동,마곡엠벨리(14단지),59.79,8,2014,48048,0,2026,4,28
강서구,등촌동,주공3,58.14,14,1995,43000,0,2026,4,24
강서구,가양동,강변,34.44,4,1992,19950,0,2026,4,29
강서구,방화동,마곡중앙하이츠아파트,39.58,4,1994,3000,53,2026,4,29
강서구,마곡동,마곡엠벨리(14단지),59.79,9,2014,48048,0,2026,4,28
강서구,마곡동,마곡엠밸리10단지,59.99,7,2016,48048,0,2026,4,29
강서구,마곡동,마곡엠벨리(14단지),84.85,9,2014,57096,0,2026,4,28
강서구,화곡동,삼성홈타운,75.35,2,2003,21500,0,2026,4,28
강서구,화곡동,"우장산아이파크,이편한세상",59.98,3,2008,65100,0,2026,4,7
강서구,화곡동,우장산역해링턴타워,43.04,10,2021,9977,69,2026,4,28
강서구,마곡동,마곡엠밸리9단지,59.86,12,2021,57750,0,2026,4,23
강서구,화곡동,우장산역해링턴타워,43.04,14,2021,8320,58,2026,4,27
강서구,마곡동,마곡엠벨리(14단지),84.85,15,2014,57096,0,2026,4,28
강서구,마곡동,마곡엠벨리(14단지),84.74,12,2014,57096,0,2026,4,28
강서구,가양동,한강타운,84.99,12,1993,54600,0,2026,4,27
강서구,가양동,가양6단지,49.5,12,1992,40000,0,2026,4,21
강서구,마곡동,마곡엠밸리9단지,59.86,12,2021,51012,0,2026,4,28
강서구,마곡동,마곡엠벨리(14단지),59.79,14,2014,48048,0,2026,4,28
강서구,가양동,강변,49.5,7,1992,5000,150,2026,4,21
강서구,마곡동,마곡엠밸리7단지,59.79,9,2014,48048,0,2026,4,28
강서구,마곡동,마곡엠벨리(15단지),59.79,10,2014,48048,0,2026,4,28
강서구,마곡동,마곡13단지힐스테이트마스터,84.9805,5,2017,60000,140,2026,4,4
강서구,방화동,방화6단지,24.05,8,1994,234,9,2026,4,28
강서구,등촌동,대동황토방,114.97,6,2000,68000,0,2026,4,28
강서구,화곡동,유진아파트(938-24),55.74,9,2015,19440,0,2026,4,10
강서구,마곡동,마곡엠밸리10단지,59.79,14,2016,48048,0,2026,4,28
강서구,마곡동,마곡힐스테이트,59.99,14,2017,48048,0,2026,4,28
강서구,내발산동,마곡수명산파크1단지,84.53,6,2007,53200,0,2026,4,27
강서구,마곡동,마곡엠밸리10단지,59.87,8,2016,48048,0,2026,4,28
강서구,화곡동,까치타운,13.98,6,2013,5000,34,2026,4,16
강서구,마곡동,마곡엠밸리2단지,84.47,5,2014,57096,0,2026,4,27
강서구,마곡동,마곡엠밸리9단지,59.86,3,2021,51012,0,2026,4,27
강서구,등촌동,주공10,58.14,4,1995,15000,110,2026,4,25
강서구,화곡동,화곡푸르지오,130.279,8,2002,80000,0,2026,4,6
강서구,등촌동,주공3,58.14,3,1995,49000,0,2026,4,21
강서구,화곡동,황제팰리체(And Pra space),12.026,10,2013,7640,0,2026,4,18
강서구,방화동,마곡드림힐,59.4396,15,2003,32000,50,2026,4,10
강서구,화곡동,리치아파트104동,24.46,11,2020,21290,2,2026,4,13
강서구,마곡동,마곡엠벨리(14단지),59.79,7,2014,48048,0,2026,4,27
강서구,마곡동,마곡엠밸리7단지,84.79,4,2014,57096,0,2026,4,27
강서구,내발산동,마곡수명산파크7단지,49.97,8,2008,1469,31,2026,4,22
강서구,마곡동,마곡엠밸리3단지,84.91,4,2014,57096,0,2026,4,27
강서구,화곡동,황제팰리체(And Pra space),12.031,5,2013,7620,0,2026,4,23
강서구,마곡동,마곡엠벨리(14단지),59.79,14,2014,48048,0,2026,4,27
강서구,등촌동,등촌동현대2차,84.95,8,1997,3000,130,2026,4,25
강서구,마곡동,마곡13단지힐스테이트마스터,84.9805,12,2017,90000,0,2026,4,25
강서구,마곡동,마곡엠벨리(14단지),59.79,10,2014,48048,0,2026,4,27
강서구,가양동,한강타운,84.99,10,1993,60000,0,2026,4,27
강서구,염창동,강변힐스테이트,59.9,6,2005,10000,170,2026,4,25
강서구,화곡동,우장산롯데캐슬,134.99,1,2003,80000,0,2026,4,27
강서구,화곡동,"우장산아이파크,이편한세상",59.98,3,2008,70000,0,2026,4,24
강서구,마곡동,마곡엠밸리2단지,84.92,10,2014,57096,0,2026,4,27
강서구,마곡동,마곡엠밸리12단지,59.79,5,2016,48048,0,2026,4,27
강서구,방화동,청솔,49.2,2,1994,28000,0,2026,4,25
강서구,마곡동,마곡엠밸리10단지,59.99,8,2016,48048,0,2026,4,27
강서구,내발산동,마곡수명산파크1단지,84.82,6,2007,40000,76,2026,4,25
강서구,마곡동,마곡엠밸리4단지,84.56,12,2014,83000,0,2026,4,27
강서구,마곡동,마곡엠벨리(14단지),59.99,8,2014,48048,0,2026,4,27
강서구,마곡동,마곡엠벨리(14단지),59.79,8,2014,48048,0,2026,4,27
강서구,내발산동,마곡수명산파크1단지,84.53,14,2007,25500,130,2026,4,25
강서구,마곡동,마곡엠벨리(14단지),59.79,9,2014,48048,0,2026,4,27
강서구,내발산동,수산오성,84.94,4,2002,6500,170,2026,4,3
강서구,마곡동,마곡엠벨리(15단지),59.79,12,2014,48048,0,2026,4,27
강서구,마곡동,마곡엠밸리3단지,84.95,7,2014,57096,0,2026,4,27
강서구,마곡동,마곡엠벨리(14단지),59.79,10,2014,48048,0,2026,4,27
강서구,마곡동,마곡엠벨리(14단지),59.79,11,2014,48048,0,2026,4,27
강서구,마곡동,마곡엠밸리10단지,59.79,16,2016,48048,0,2026,4,27
강서구,가양동,강변,39.6,2,1992,23150,0,2026,4,25
강서구,마곡동,마곡엠밸리11단지,59.79,9,2016,48048,0,2026,4,27
강서구,마곡동,마곡엠벨리(14단지),84.95,5,2014,10000,300,2026,4,25
강서구,내발산동,센터스퀘어발산,19.96,17,2025,5500,65,2026,4,23
강서구,마곡동,마곡엠벨리(15단지),59.79,6,2014,48048,0,2026,4,27
강서구,화곡동,(46-220),58.09,2,2002,21000,0,2026,4,2
강서구,염창동,삼천리,84.99,2,1992,35000,42,2026,4,27
강서구,화곡동,황제팰리체(And Pra space),12.031,5,2013,7620,0,2026,4,23
강서구,마곡동,마곡엠밸리9단지,59.86,14,2021,51012,0,2026,4,27
강서구,방화동,강서센트레빌3차(894-0),72.43,7,2009,54000,0,2026,4,27
강서구,내발산동,마곡수명산파크1단지,84.53,10,2007,68300,0,2026,4,25
강서구,염창동,염창1차보람더하임,84.97,3,2008,51714,0,2026,4,27
강서구,방화동,마곡서광(치현마을),59.67,6,1998,32000,0,2026,4,27
강서구,내발산동,마곡에이치밸리움,51.464,8,2023,5500,150,2026,4,26
강서구,등촌동,주공3,58.14,8,1995,43000,0,2026,4,25
강서구,화곡동,아델리아Ⅳ,16.5,8,2012,5000,40,2026,4,11
강서구,등촌동,가양역두산위브,50.09,10,2022,60000,0,2026,4,25
강서구,방화동,마곡중앙하이츠아파트,59.34,6,1994,40000,0,2026,4,23
강서구,가양동,가양6단지,58.65,6,1992,45000,0,2026,4,18
강서구,내발산동,강서월드메르디앙,84.8945,3,2006,65000,0,2026,4,4
강서구,화곡동,우장산숲아이파크,59.9877,3,2022,69000,0,2026,4,25
강서구,방화동,방화5,33.18,3,1994,22000,0,2026,4,25
강서구,마곡동,마곡엠벨리(15단지),59.97,11,2014,48048,0,2026,4,27
강서구,마곡동,마곡엠벨리(15단지),49.87,5,2014,9776,15,2026,4,23
강서구,방화동,방화5,33.18,9,1994,22000,0,2026,4,25
강서구,화곡동,리치아파트104동,21.85,7,2020,19782,5,2026,4,27
강서구,방화동,방화5,39.6,8,1994,28000,0,2026,4,25
강서구,방화동,방화5,39.6,8,1994,28000,0,2026,4,25
강서구,화곡동,우장산에스케이뷰,84.97,1,2006,55600,0,2026,4,25
강서구,가양동,가양우성,84.85,14,1990,52500,0,2026,4,7
강서구,가양동,가양2단지(성지),34.44,11,1992,20000,0,2026,4,19
강서구,가양동,가양2단지(성지),49.56,4,1992,35700,0,2026,4,25
강서구,가양동,대림경동아파트,131.4,15,1993,66150,0,2026,4,22
강서구,내발산동,우장산힐스테이트,84.98,1,2005,77000,0,2026,4,24
강서구,화곡동,"우장산아이파크,이편한세상",84.97,6,2008,35000,175,2026,4,21
강서구,화곡동,태흥그랑뷰,53.85,6,2002,3000,70,2026,4,21
강서구,마곡동,마곡엠밸리4단지,59.79,5,2014,48048,0,2026,4,27
강서구,가양동,가양6단지,49.5,12,1992,37000,0,2026,4,10
강서구,화곡동,강서힐스테이트,84.99,17,2015,73500,0,2026,4,23
강서구,마곡동,마곡엠밸리4단지,59.79,10,2014,48048,0,2026,4,27
강서구,방화동,형제,73.92,4,1982,6000,46,2026,4,25
강서구,방화동,방화3차우림필유,59.89,3,2005,37000,0,2026,4,24
강서구,마곡동,마곡힐스테이트,59.97,14,2017,40000,140,2026,4,23
강서구,방화동,마곡드림힐,84.5338,5,2003,40000,60,2026,4,25
강서구,등촌동,마곡루나플라체,21.79,8,2021,23400,0,2026,4,24
강서구,가양동,가양우성,84.87,11,1990,51500,4,2026,4,17
강서구,마곡동,마곡엠밸리9단지,84.89,2,2021,10000,250,2026,4,24
강서구,마곡동,마곡엠밸리9단지,59.94,11,2021,70000,0,2026,4,17
강서구,마곡동,마곡엠밸리9단지,59.86,10,2021,48800,0,2026,4,4
강서구,화곡동,강서힐스테이트,59.99,2,2015,59850,0,2026,4,25
강서구,염창동,e편한세상염창,84.9529,4,2019,40000,200,2026,4,15
강서구,등촌동,제일(코오롱),59.99,10,1999,12000,115,2026,4,25
강서구,화곡동,동성아파트,25.65,5,2015,2000,75,2026,4,23
강서구,화곡동,강서힐스테이트,128.81,13,2015,60000,116,2026,4,27
강서구,염창동,강변월드메르디앙,84.9102,1,2010,62000,0,2026,4,5
강서구,염창동,태진한솔,84.97,10,1994,20000,130,2026,4,26
강서구,마곡동,마곡엠밸리6단지,84.99,15,2014,87000,0,2026,4,20
강서구,염창동,동아3,59.83,13,1999,51450,0,2026,4,25
강서구,등촌동,부영,80.64,8,1994,35000,50,2026,4,21
강서구,가양동,가양도시개발9-2단지,39.6,15,1993,28350,0,2026,4,23
강서구,방화동,방화5,49.77,12,1994,35000,0,2026,4,2
강서구,마곡동,마곡엠밸리6단지,84.74,10,2014,78000,0,2026,4,15
강서구,마곡동,마곡우림필유아파트,84.897,1,2003,47000,0,2026,4,24
강서구,화곡동,청담라인씨티,28.8,7,2018,12000,32,2026,4,24
강서구,화곡동,강서힐스테이트,84.99,8,2015,10000,250,2026,4,24
강서구,염창동,현대1,84.34,1,1994,48300,0,2026,4,24
강서구,염창동,아네스트염창,14.94,11,2019,12000,17,2026,4,7
강서구,염창동,벽산늘푸른,84.94,1,1998,22000,180,2026,4,23
강서구,염창동,아네스트염창,14.94,9,2019,11000,21,2026,4,24
강서구,내발산동,마곡수명산파크4단지,59.84,7,2008,49500,0,2026,4,19
강서구,마곡동,마곡엠밸리2단지,49.77,5,2014,5911,40,2026,4,24
강서구,등촌동,대림아르빌아파트,72.73,6,2002,47250,0,2026,4,24
강서구,내발산동,마곡수명산파크1단지,39.73,11,2007,2451,22,2026,4,24
강서구,마곡동,벽산,59.98,11,1999,42000,0,2026,4,16
강서구,방화동,마곡중앙하이츠아파트,51.03,14,1994,24100,0,2026,4,24
강서구,화곡동,강서힐스테이트,59.99,13,2015,65000,0,2026,4,1
강서구,가양동,가양도시개발9-2단지,39.6,7,1993,24300,0,2026,4,13
강서구,방화동,방화그린,33.6,6,1993,3000,65,2026,4,20
강서구,마곡동,마곡13단지힐스테이트마스터,84.9805,16,2017,77000,0,2026,4,24
강서구,방화동,방화5,49.77,13,1994,35000,0,2026,4,24
강서구,화곡동,아델리아Ⅰ,15.18,4,2012,8000,23,2026,4,24
강서구,화곡동,리치아파트103동,22.55,11,2020,20160,12,2026,4,24
강서구,염창동,e편한세상염창,84.9529,9,2019,65000,100,2026,4,7
강서구,마곡동,마곡엠밸리6단지,59.83,6,2014,6467,42,2026,4,24
강서구,등촌동,주공3,58.14,15,1995,41000,0,2026,4,3
강서구,가양동,빛고을우방,59.97,13,1999,33600,14,2026,4,11
강서구,마곡동,마곡엠밸리6단지,49.77,9,2014,5591,38,2026,4,24
강서구,마곡동,마곡엠밸리9단지,49.53,7,2021,5799,32,2026,4,23
강서구,가양동,강서한강자이,127.1094,11,2013,100000,0,2026,4,23
강서구,가양동,가양2단지(성지),39.6,9,1992,2000,100,2026,4,15
강서구,화곡동,강서아이파크,83.077,5,2005,39000,0,2026,4,16
강서구,내발산동,마곡수명산파크4단지,59.87,9,2008,4323,32,2026,4,22
강서구,방화동,방화5,33.18,8,1994,2000,100,2026,4,22
강서구,마곡동,마곡엠벨리(15단지),49.87,6,2014,5619,39,2026,4,23
강서구,방화동,마곡중앙하이츠아파트,59.34,3,1994,27300,0,2026,4,21
강서구,가양동,가양6단지,49.5,4,1992,37000,0,2026,4,23
강서구,염창동,삼성한마음,84.87,15,1995,60000,0,2026,4,23
강서구,내발산동,우장산힐스테이트,59.98,6,2005,20500,180,2026,4,17
강서구,내발산동,마곡수명산파크2단지,59.87,13,2007,1600,34,2026,4,22
강서구,마곡동,마곡엠밸리6단지,49.77,6,2014,5591,38,2026,4,23
강서구,화곡동,"우장산아이파크,이편한세상",84.97,4,2008,83000,0,2026,4,22
강서구,등촌동,"진로,미주아파트",84.96,3,1994,40000,60,2026,4,8
강서구,가양동,한강타운,84.99,3,1993,53000,0,2026,4,23
강서구,화곡동,경일타운,12.38,13,2012,3000,40,2026,4,21
강서구,등촌동,월드메르디앙,84.97,12,2002,20000,160,2026,4,20
강서구,방화동,방화동2차태승훼미리,83.85,5,2005,10000,140,2026,4,22
강서구,내발산동,마곡수명산파크5단지,49.97,3,2008,1560,34,2026,4,22
강서구,마곡동,마곡엠밸리9단지,49.53,5,2021,5799,32,2026,4,23
강서구,내발산동,마곡수명산파크1단지,39.8,9,2007,980,25,2026,4,22
강서구,마곡동,마곡엠밸리3단지,59.79,5,2014,7525,46,2026,4,23
강서구,방화동,청성(877-0),69.539,6,2004,36700,0,2026,4,13
강서구,염창동,성원,84.81,7,2001,57500,0,2026,4,23
강서구,마곡동,마곡엠밸리8단지,59.79,4,2016,7366,39,2026,4,23
강서구,화곡동,우장산역해링턴타워,23.68,7,2021,5641,7,2026,4,23
강서구,화곡동,화곡푸르지오,156.876,12,2002,90000,0,2026,4,15
강서구,화곡동,"우장산아이파크,이편한세상",59.98,13,2008,66000,0,2026,4,20
강서구,화곡동,화곡보람,84.51,10,2004,30000,90,2026,4,17
강서구,화곡동,화곡푸르지오,156.876,12,2002,90000,0,2026,4,15
강서구,화곡동,강서힐스테이트,59.99,9,2015,61950,0,2026,4,23
강서구,마곡동,마곡엠벨리(14단지),49.87,8,2014,2225,45,2026,4,22
강서구,마곡동,마곡엠밸리5단지,84.92,5,2014,76100,0,2026,4,19
강서구,가양동,한강타운,84.99,4,1993,10000,150,2026,4,11
강서구,화곡동,리치아파트103동,22.55,12,2020,20160,11,2026,4,23
강서구,등촌동,삼성,84.12,2,2003,37000,0,2026,4,17
강서구,방화동,장미,39.96,11,1994,26000,0,2026,4,5
강서구,가양동,가양2단지(성지),39.6,10,1992,19800,0,2026,4,10
강서구,등촌동,가양역두산위브,59.98,16,2022,20000,150,2026,4,23
강서구,가양동,가양도시개발9-2단지,34.44,1,1993,2000,80,2026,4,20
강서구,등촌동,한사랑2삼성,84.96,4,1999,60000,0,2026,4,18
강서구,마곡동,마곡엠밸리10단지,59.79,5,2016,6474,38,2026,4,22
강서구,화곡동,리치아파트102동(924-24),21.42,11,2020,19656,20,2026,4,16
강서구,내발산동,마곡수명산파크5단지,49.97,5,2008,1560,34,2026,4,22
강서구,화곡동,우장산역해링턴타워,23.68,15,2021,2313,18,2026,4,22
강서구,마곡동,마곡엠밸리11단지,59.79,6,2016,2598,46,2026,4,22
강서구,화곡동,리치아파트103동,22.55,7,2020,20160,5,2026,4,10
강서구,화곡동,우장산롯데캐슬,85,8,2003,40000,133,2026,4,15
강서구,내발산동,마곡수명산파크5단지,49.97,5,2008,3900,29,2026,4,22
강서구,마곡동,마곡엠밸리8단지,84.49,11,2016,73000,0,2026,4,21
강서구,화곡동,은하수,99.34,5,2004,13000,110,2026,4,18
강서구,마곡동,마곡엠밸리4단지,59.79,7,2014,7358,45,2026,4,22
강서구,방화동,동부센트레빌,77.68,9,2003,52000,0,2026,4,16
강서구,마곡동,마곡엠벨리(14단지),59.96,4,2014,6565,43,2026,4,22
강서구,내발산동,마곡수명산파크1단지,39.8,9,2007,2451,22,2026,4,22
강서구,내발산동,마곡수명산파크1단지,39.73,8,2007,2451,22,2026,4,22
강서구,등촌동,아임2030등촌역,15.17,12,2020,7500,36,2026,4,22
강서구,마곡동,마곡엠밸리10단지,59.79,2,2016,6474,38,2026,4,22
강서구,방화동,청솔,39.36,14,1994,10000,80,2026,4,22
강서구,염창동,염창1차보람더하임,84.98,2,2008,19496,0,2026,4,22
강서구,가양동,가양도시개발9-2단지,39.6,7,1993,5000,90,2026,4,10
강서구,방화동,방화5,49.77,4,1994,5000,120,2026,4,2
강서구,내발산동,마곡수명산파크7단지,49.93,4,2008,3674,26,2026,4,22
강서구,마곡동,마곡엠밸리8단지,59.79,8,2016,7366,39,2026,4,22
강서구,마곡동,마곡엠밸리4단지,84.85,2,2014,75000,0,2026,4,21
강서구,방화동,방화4단지,100.35,3,1994,65000,0,2026,4,10
강서구,방화동,마곡서광(치현마을),84.93,14,1998,42000,0,2026,4,13
강서구,화곡동,우장산롯데캐슬,177.86,13,2003,30000,190,2026,4,11
강서구,마곡동,마곡엠밸리11단지,59.87,5,2016,6495,38,2026,4,22
강서구,방화동,방화그린,39.76,12,1993,28000,0,2026,4,22
강서구,내발산동,마곡수명산파크4단지,59.84,3,2008,4323,32,2026,4,22
강서구,방화동,방화5,39.6,7,1994,11000,45,2026,4,16
강서구,내발산동,다울,73.14,3,2004,34000,0,2026,4,20
강서구,방화동,마곡센트레빌,59.607,8,2021,63000,0,2026,4,22
강서구,내발산동,마곡수명산파크5단지,49.97,6,2008,3900,29,2026,4,22
강서구,내발산동,마곡수명산파크2단지,59.87,7,2007,4002,29,2026,4,22
강서구,등촌동,주공5,58.14,13,1995,20000,100,2026,4,2
강서구,내발산동,마곡수명산파크2단지,59.87,13,2007,4002,29,2026,4,22
강서구,마곡동,마곡엠밸리5단지,59.79,11,2014,6622,43,2026,4,22
강서구,염창동,염창1차보람더하임,84.98,2,2008,19496,0,2026,4,22
강서구,화곡동,"우장산아이파크,이편한세상",59.98,16,2008,56145,0,2026,4,11
강서구,내발산동,마곡수명산파크5단지,49.93,1,2008,3900,29,2026,4,22
강서구,화곡동,굿이모션(1103-3),72.09,3,2004,27400,0,2026,4,20
강서구,마곡동,마곡엠밸리5단지,59.79,7,2014,6622,43,2026,4,22
강서구,내발산동,마곡수명산파크4단지,59.76,5,2008,4323,32,2026,4,22
강서구,내발산동,마곡수명산파크5단지,49.97,3,2008,3900,29,2026,4,22
강서구,가양동,동신대아,134.88,9,1993,63000,0,2026,4,22
강서구,마곡동,마곡엠벨리(14단지),49.87,8,2014,5564,38,2026,4,22
강서구,가양동,가양2단지(성지),39.6,6,1992,15000,50,2026,4,22
강서구,내발산동,마곡수명산파크5단지,59.84,7,2008,51450,0,2026,4,20
강서구,내발산동,마곡수명산파크1단지,39.8,9,2007,2451,22,2026,4,22
강서구,화곡동,우장산역해링턴타워,23.68,11,2021,5680,39,2026,4,21
강서구,마곡동,마곡엠밸리9단지,84.97,4,2021,84000,0,2026,4,8
강서구,염창동,현대1,84.07,12,1994,20000,145,2026,4,17
강서구,내발산동,우장산힐스테이트,59.98,13,2005,63000,0,2026,4,21
강서구,내발산동,마곡수명산파크1단지,39.73,4,2007,2451,22,2026,4,22
강서구,마곡동,마곡엠밸리5단지,59.83,8,2014,6622,43,2026,4,22
강서구,가양동,동신대아,101.97,3,1993,64000,0,2026,4,15
강서구,내발산동,마곡수명산파크4단지,59.87,14,2008,4323,32,2026,4,22
강서구,내발산동,마곡수명산파크2단지,59.87,10,2007,4002,29,2026,4,22
강서구,마곡동,마곡엠벨리(15단지),59.79,13,2014,10000,190,2026,4,21
강서구,가양동,강서한강자이,59.9382,14,2013,78000,0,2026,4,8
강서구,화곡동,우장산역해링턴타워,23.34,5,2021,5680,39,2026,4,21
강서구,화곡동,GMValley,23.22,6,2018,15400,30,2026,4,18
강서구,화곡동,M노블레스,29.88,5,2021,20916,0,2026,4,13
강서구,가양동,강변,34.44,2,1992,23000,0,2026,4,3
강서구,등촌동,"등촌7,8단지주공아파트",41.85,3,1994,1000,85,2026,4,7
강서구,마곡동,마곡엠밸리7단지,114.86,1,2014,89250,0,2026,4,16
강서구,화곡동,송민,45.36,3,2003,14800,25,2026,4,21
강서구,등촌동,부영,80.64,8,1994,39500,0,2026,4,10
강서구,등촌동,주공3,58.14,10,1995,42500,0,2026,4,16
강서구,화곡동,남광아파트,32.07,15,2017,19360,10,2026,4,20
강서구,화곡동,메종드로제,34.75,10,2019,22500,25,2026,4,20
강서구,염창동,아네스트염창,16.96,11,2019,12000,23,2026,4,14
강서구,등촌동,주공3,58.14,14,1995,35090,0,2026,4,17
강서구,내발산동,원당,73.75,3,2002,34500,6,2026,4,21
강서구,화곡동,우장산역해링턴타워,23.68,4,2021,5680,40,2026,4,21
강서구,등촌동,엘크루발산,15.33,9,2022,5200,24,2026,4,17
강서구,화곡동,황제팰리체(And Pra space),12.074,8,2013,8080,0,2026,4,18
강서구,마곡동,마곡푸르지오,84.99,4,2008,40000,100,2026,4,21
강서구,등촌동,등촌퀸즈포디엄삼익,47.44,5,2020,35000,0,2026,4,21
강서구,등촌동,"등촌1,2단지주공아파트",41.85,7,1994,32000,0,2026,4,14
강서구,화곡동,우장산역해링턴타워,23.68,7,2021,4970,42,2026,4,20
강서구,화곡동,화성파크빌,63.41,3,2003,19000,0,2026,4,21
강서구,마곡동,마곡엠밸리9단지,59.86,3,2021,66000,0,2026,4,14
강서구,가양동,가양6단지,39.6,7,1992,8000,75,2026,4,21
강서구,가양동,가양강나루현대,59.76,4,1999,54000,0,2026,4,20
강서구,내발산동,마곡수명산파크2단지,84.68,15,2007,72000,0,2026,4,20
강서구,가양동,동신대아,164.25,9,1993,75000,0,2026,4,20
강서구,등촌동,서광등촌마을아파트,84.93,3,1999,60000,0,2026,4,18
강서구,등촌동,제일(코오롱),59.99,5,1999,10000,105,2026,4,5
강서구,등촌동,"등촌7,8단지주공아파트",41.85,12,1994,25400,0,2026,4,16
강서구,가양동,가양2단지(성지),49.65,11,1992,38000,0,2026,4,11
강서구,가양동,한보구암마을,84.39,10,1999,51000,0,2026,4,17
강서구,가양동,가양6단지,49.5,12,1992,39000,0,2026,4,14
강서구,마곡동,마곡엠밸리9단지,59.82,13,2021,48000,80,2026,4,18
강서구,마곡동,마곡금호어울림,84.948,8,2005,45000,35,2026,4,18
강서구,화곡동,"우장산아이파크,이편한세상",84.97,12,2008,32000,0,2026,4,17
강서구,마곡동,마곡금호어울림,84.948,8,2005,45000,35,2026,4,18
강서구,화곡동,우장산롯데캐슬,85,15,2003,5000,245,2026,4,13
강서구,마곡동,마곡엠밸리12단지,84.88,6,2016,78750,0,2026,4,1
강서구,염창동,대림,93.3,10,1999,20000,190,2026,4,20
강서구,등촌동,"등촌1,2단지주공아파트",41.85,15,1994,35000,0,2026,4,8
강서구,화곡동,"우장산아이파크,이편한세상",84.97,9,2008,78750,0,2026,4,15
강서구,화곡동,화곡푸르지오,84.94,7,2002,60000,0,2026,4,20
강서구,화곡동,까치타운,15.08,8,2013,3000,37,2026,4,9
강서구,염창동,염창1차한화꿈에그린,84.93,13,2005,80000,0,2026,4,11
강서구,화곡동,황제팰리체(And Pra space),12.074,8,2013,8080,0,2026,4,18
강서구,방화동,마곡중앙하이츠아파트,51.03,15,1994,33000,0,2026,4,7
강서구,가양동,마곡보타닉,59.8,5,2019,45500,0,2026,4,17
강서구,가양동,강변,39.6,3,1992,28000,0,2026,4,18
강서구,마곡동,마곡삼성아파트,59.95,13,1998,47000,0,2026,4,18
강서구,내발산동,마곡수명산파크4단지,59.84,10,2008,55000,0,2026,4,18
강서구,가양동,가양6단지,49.5,3,1992,37500,0,2026,4,12
강서구,마곡동,마곡엠밸리9단지,59.94,12,2021,57700,0,2026,4,14
강서구,염창동,강변한솔솔파크,84.97,18,2005,70000,0,2026,4,10
강서구,가양동,가양도시개발9-2단지,34.44,8,1993,1000,80,2026,4,20
강서구,화곡동,화곡푸르지오,104.75,6,2002,75000,0,2026,4,2
강서구,화곡동,포르투나블루,20.46,9,2022,18330,0,2026,4,19
강서구,등촌동,"등촌1,2단지주공아파트",41.85,1,1994,29000,0,2026,4,9
강서구,화곡동,우장산역해링턴타워,23.68,6,2021,5680,40,2026,4,18
강서구,등촌동,서광등촌마을아파트,59.67,11,1999,45000,0,2026,4,7
강서구,가양동,강변,49.5,6,1992,37000,0,2026,4,17
강서구,가양동,가양2단지(성지),34.44,4,1992,2000,90,2026,4,11
강서구,가양동,강변,49.5,3,1992,39000,0,2026,4,18
강서구,내발산동,청솔샤르망1002동,84.6565,2,2005,52000,0,2026,4,4
강서구,방화동,마곡중앙하이츠아파트,51.03,11,1994,30000,0,2026,4,18
강서구,화곡동,행복이꽃피는집,33.22,7,2014,7000,50,2026,4,20
강서구,가양동,강서한강자이,59.9382,19,2013,73000,0,2026,4,18
강서구,방화동,대림e-편한세상,84.67,9,2003,54000,0,2026,4,17
강서구,마곡동,마곡13단지힐스테이트마스터,59.9825,4,2017,73000,0,2026,4,18
강서구,화곡동,신도금잔디,84.09,3,1998,33500,0,2026,4,15
강서구,등촌동,등촌6차보람,61.908,7,2005,25000,100,2026,4,11
강서구,내발산동,마곡수명산파크2단지,84.68,3,2007,72000,0,2026,4,18
강서구,염창동,롯데캐슬,84.9519,10,2005,5000,220,2026,4,18
강서구,염창동,현대1,84.77,4,1994,68000,0,2026,4,17
강서구,염창동,현대아이파크,78.86,13,2005,70000,0,2026,4,18
강서구,염창동,관음삼성,59.96,13,1997,50000,0,2026,4,8
강서구,마곡동,벽산,84.97,11,1999,55000,0,2026,4,2
강서구,가양동,한강타운,84.99,13,1993,20000,120,2026,4,20
강서구,가양동,강서한강월드메르디앙,84.9,3,2006,15000,165,2026,4,19
강서구,염창동,e편한세상염창,59.9812,14,2019,50000,80,2026,4,17
강서구,염창동,아네스트염창,14.94,10,2019,12000,15,2026,4,17
강서구,염창동,현대2,84.54,4,1993,55000,0,2026,4,17
강서구,화곡동,리치아파트103동,22.55,7,2020,20160,9,2026,4,14
강서구,마곡동,마곡엠밸리8단지,59.79,6,2016,54000,0,2026,4,11
강서구,방화동,방화메이빌,50.5074,9,2017,34500,0,2026,4,13
강서구,화곡동,"우장산아이파크,이편한세상",84.97,5,2008,85000,0,2026,4,15
강서구,내발산동,우장산힐스테이트,84.98,14,2005,74000,0,2026,4,11
강서구,등촌동,대림아르빌아파트,84.6,7,2002,25000,100,2026,4,10
강서구,염창동,태영,59.97,11,1999,10000,120,2026,4,17
강서구,염창동,우성2,65.88,8,1992,42000,0,2026,4,17
강서구,염창동,현대1,84.96,4,1994,45990,0,2026,4,17
강서구,염창동,강변힐스테이트,84.99,22,2005,76000,0,2026,4,7
강서구,방화동,방화그린,33.6,10,1993,2000,80,2026,4,4
강서구,방화동,동성,64.65,5,1993,38000,0,2026,4,17
강서구,마곡동,마곡엠밸리8단지,84.89,7,2016,59000,100,2026,4,8
강서구,화곡동,무궁화,81.9,3,1992,25000,0,2026,4,9
강서구,등촌동,등촌라인(조합),59.91,5,1997,40000,0,2026,4,17
강서구,화곡동,에스엠케이아파트,14.92,15,2020,11600,10,2026,4,17
강서구,방화동,마곡서광(치현마을),84.93,3,1998,45000,0,2026,4,16
강서구,내발산동,천우네오젠5차,70.54,1,2007,38600,0,2026,4,15
강서구,등촌동,월드메르디앙,59.79,8,2002,38000,50,2026,4,16
강서구,가양동,가양2단지(성지),39.6,13,1992,27000,0,2026,4,16
강서구,화곡동,"우장산아이파크,이편한세상",84.97,15,2008,65000,80,2026,4,16
강서구,등촌동,태진아름,84.81,1,1995,47000,0,2026,4,16
강서구,화곡동,신일골드빌,78.83,8,2001,48000,20,2026,4,16
강서구,마곡동,마곡13단지힐스테이트마스터,59.9825,3,2017,72000,0,2026,4,16
강서구,가양동,강변,39.6,12,1992,28000,0,2026,4,16
강서구,염창동,삼정그린코아,84.358,9,2001,30000,150,2026,4,9
강서구,화곡동,라인씨티,14.91,12,2014,4700,29,2026,4,17
강서구,화곡동,성재센트리움아파트,21.74,5,2016,12400,20,2026,4,10
강서구,염창동,강변힐스테이트,84.99,16,2005,78000,0,2026,4,13
강서구,가양동,가양6단지,39.6,7,1992,10000,53,2026,4,16
강서구,마곡동,마곡13단지힐스테이트마스터,59.9825,3,2017,72000,0,2026,4,16
강서구,방화동,신세계아파트,65.69,6,2018,10000,120,2026,4,15
강서구,화곡동,리치아파트102동(924-24),21.84,7,2020,19650,10,2026,4,15
강서구,방화동,방화5,39.6,3,1994,26000,0,2026,4,16
강서구,가양동,강변,34.44,1,1992,24150,0,2026,4,14
강서구,등촌동,부영,80.64,8,1994,39500,0,2026,4,10
강서구,가양동,한강타운,84.99,2,1993,5000,180,2026,4,14
강서구,화곡동,디아인스,23.93,4,2018,23400,0,2026,4,11
강서구,염창동,삼성한마음,59.94,4,1995,39900,0,2026,4,16
강서구,등촌동,아임2030등촌역,15.17,11,2020,6200,41,2026,4,16
강서구,방화동,동일스위트리버2차,59.65,8,2009,39000,0,2026,4,16
강서구,등촌동,주공3,58.14,14,1995,43000,0,2026,4,9
강서구,가양동,가양6단지,49.5,15,1992,30000,0,2026,4,16
강서구,화곡동,화성파크빌,63.41,4,2003,17000,0,2026,4,13
강서구,화곡동,오케이B,67.18,4,2002,18000,0,2026,4,15
강서구,염창동,관음삼성,84.93,7,1997,20000,160,2026,4,13
강서구,내발산동,내발산우신웨스트빌,83.92,5,2005,40000,0,2026,4,15
강서구,방화동,방화동동부센트레빌(875번지),84.97,6,2003,5000,205,2026,4,14
강서구,마곡동,마곡엠밸리9단지,84.65,9,2021,85000,0,2026,4,16
강서구,마곡동,한솔솔파크,84.87,14,2005,59325,0,2026,4,11
강서구,방화동,마곡중앙하이츠아파트,51.03,1,1994,39375,0,2026,4,16
강서구,등촌동,월드메르디앙,84.97,13,2002,53000,0,2026,4,11
강서구,가양동,가양강나루현대,59.76,17,1999,10000,195,2026,4,14
강서구,등촌동,"등촌7,8단지주공아파트",41.85,4,1994,2000,120,2026,4,2
강서구,가양동,가양도시개발공사8단지(임대),34.44,3,1992,2662,2,2026,4,16
강서구,방화동,방화6단지,24.05,8,1994,1389,3,2026,4,15
강서구,화곡동,강서뉴타워,82.04,4,2013,35800,0,2026,4,14
강서구,등촌동,주공10,58.14,9,1995,40000,0,2026,4,9
강서구,가양동,한강타운,84.99,3,1993,48000,0,2026,4,6
강서구,마곡동,마곡엠벨리(15단지),49.87,12,2014,2374,45,2026,4,14
강서구,화곡동,드림시드아파트1차,32.71,6,2017,5000,85,2026,4,7
강서구,등촌동,등촌라인(조합),93.81,18,1997,50000,0,2026,4,15
강서구,화곡동,진성101동,84.89,3,2005,39000,0,2026,4,11
강서구,화곡동,강서힐스테이트,84.99,16,2015,59000,90,2026,4,13
강서구,화곡동,혜성오피아파트,29.44,6,2018,19400,0,2026,4,3
강서구,마곡동,마곡힐스테이트,84.98,5,2017,81500,0,2026,4,11
강서구,내발산동,마곡수명산파크4단지,59.84,4,2008,54000,0,2026,4,14
강서구,가양동,가양2단지(성지),34.44,8,1992,30000,0,2026,4,4
강서구,마곡동,마곡힐스테이트,59.99,12,2017,35000,160,2026,4,14
강서구,화곡동,중앙화곡하이츠,56.88,12,1988,3000,145,2026,4,15
강서구,방화동,방화그린,33.6,9,1993,14700,0,2026,4,4
강서구,등촌동,대림,123.72,16,1995,20000,200,2026,4,15
강서구,내발산동,마곡수명산파크4단지,59.84,14,2008,10000,149,2026,4,2
강서구,가양동,한강타운,84.99,3,1993,48000,0,2026,4,6
강서구,등촌동,"등촌1,2단지주공아파트",41.85,15,1994,2500,100,2026,4,9
강서구,마곡동,벽산,59.98,16,1999,35000,0,2026,4,10
강서구,화곡동,성재센트리움아파트,24.34,9,2016,17100,0,2026,4,7
강서구,등촌동,서광등촌마을아파트,84.93,7,1999,64000,0,2026,4,14
강서구,방화동,월드메르디앙101동,84.93,5,2004,40500,0,2026,4,11
강서구,방화동,방화6단지,24.05,1,1994,234,8,2026,4,15
강서구,화곡동,신도금잔디,84.09,3,1998,33500,0,2026,4,15
강서구,가양동,가양6단지,49.5,6,1992,30300,0,2026,4,14
강서구,가양동,강서한강월드메르디앙,84.9,2,2006,15000,144,2026,4,14
강서구,화곡동,리치아파트104동,24.46,7,2020,21294,4,2026,4,6
강서구,마곡동,마곡엠밸리6단지,84.84,12,2014,43410,0,2026,4,15
강서구,화곡동,우장산숲아이파크,59.9877,9,2022,20000,200,2026,4,9
강서구,내발산동,천우네오젠5차,70.54,1,2007,38600,0,2026,4,15
강서구,등촌동,지엠벨리,25.32,7,2019,24150,0,2026,4,15
강서구,마곡동,마곡엠벨리(14단지),49.87,7,2014,9350,17,2026,4,15
강서구,염창동,태진한솔,58.87,12,1994,45000,50,2026,4,14
강서구,방화동,방화5,33.18,6,1994,27000,0,2026,4,14
강서구,염창동,관음삼성,59.96,5,1997,49000,0,2026,4,11
강서구,마곡동,마곡엠밸리3단지,49.77,3,2014,6391,41,2026,4,14
강서구,등촌동,우성,66.9,9,1992,35700,0,2026,4,14
강서구,방화동,방화5,49.77,13,1994,40000,0,2026,4,8
강서구,방화동,방화5,33.18,9,1994,1000,75,2026,4,14
강서구,등촌동,"등촌7,8단지주공아파트",41.85,14,1994,33000,0,2026,4,11
강서구,등촌동,대림,123.72,4,1995,75000,0,2026,4,11
강서구,화곡동,유진아파트(938-24),55.74,7,2015,20370,0,2026,4,14
강서구,염창동,현대1,84.34,2,1994,38588,0,2026,4,14
강서구,화곡동,곰달래,84.42,4,1997,40000,0,2026,4,14
강서구,화곡동,청솔,84.3102,2,2003,36000,0,2026,4,13
강서구,방화동,마곡중앙하이츠아파트,39.58,8,1994,2000,64,2026,4,10
강서구,방화동,청솔,49.2,11,1994,32000,0,2026,4,10
강서구,방화동,마곡서광(치현마을),84.93,14,1998,41000,0,2026,4,13
강서구,염창동,삼성한마음,59.94,12,1995,5000,145,2026,4,1
강서구,내발산동,강서월드메르디앙,84.8945,11,2006,61000,0,2026,4,10
강서구,방화동,현대,84.99,11,1993,10000,80,2026,4,11
강서구,등촌동,제일(코오롱),59.95,4,1999,50000,0,2026,4,9
강서구,화곡동,화곡푸르지오,144.123,12,2002,90000,0,2026,4,11
강서구,화곡동,화곡푸르지오,144.123,12,2002,90000,0,2026,4,11
강서구,화곡동,유림노르웨이숲(919-1),64.05,10,2004,8000,110,2026,4,3
강서구,방화동,방화5,49.77,3,1994,5000,150,2026,4,11
강서구,방화동,방화5,33.18,10,1994,13000,30,2026,4,10
강서구,방화동,방화6단지,24.05,1,1994,557,7,2026,4,14
강서구,등촌동,주공3,58.14,15,1995,45000,0,2026,4,10
강서구,화곡동,초록,49.77,9,1998,39000,0,2026,4,11
강서구,내발산동,우장산힐스테이트,101.87,3,2005,90000,0,2026,4,11
강서구,내발산동,우장산힐스테이트,84.98,2,2005,69000,12,2026,4,14
강서구,염창동,염창1차보람더하임,84.98,15,2008,25000,200,2026,4,11
강서구,가양동,강변,34.44,2,1992,16000,30,2026,4,13
강서구,가양동,가양2단지(성지),49.65,11,1992,38000,0,2026,4,11
강서구,염창동,금호타운,59.88,10,1999,48300,0,2026,4,14
강서구,방화동,방화6단지,24.05,8,1994,1389,3,2026,4,14
강서구,내발산동,센터스퀘어발산,19.96,9,2025,2000,77,2026,4,14
강서구,화곡동,세교예지안2차,18.83,7,2013,1000,60,2026,4,14
강서구,화곡동,웰라이빌,84.85,8,2000,35000,0,2026,4,13
강서구,염창동,루나클래식2,19.36,9,2023,5000,95,2026,4,13
강서구,방화동,신마곡벽산블루밍,59.9205,13,2020,51000,0,2026,4,11
강서구,화곡동,"우장산아이파크,이편한세상",84.97,1,2008,20000,250,2026,4,13
강서구,등촌동,주공3,58.14,8,1995,40950,0,2026,4,13
강서구,등촌동,주공5,37.67,13,1995,30000,14,2026,4,11
강서구,마곡동,마곡엠벨리(15단지),84.86,5,2014,74500,0,2026,4,11
강서구,마곡동,양진마니아,80.97,5,2003,32300,0,2026,4,8
강서구,화곡동,강서힐스테이트,84.99,8,2015,76500,0,2026,4,11
강서구,등촌동,한사랑2삼성,59.37,13,1999,20000,110,2026,4,1
강서구,화곡동,강서동도센트리움,14.677,5,2012,8500,10,2026,4,11
강서구,마곡동,마곡엠벨리(15단지),49.87,9,2014,9620,16,2026,4,13
강서구,가양동,가양6단지,49.5,3,1992,36700,0,2026,4,11
강서구,화곡동,보눔하우스화곡,32.57,7,2021,8000,45,2026,4,13
강서구,화곡동,우장산청솔(992-10),84.88,6,2004,50000,0,2026,4,10
강서구,화곡동,화곡3차보람,84.79,4,2004,12810,82,2026,4,8
강서구,염창동,센터스퀘어등촌,18.24,18,2020,2794,9,2026,4,13
강서구,마곡동,마곡엠벨리(15단지),84.95,3,2014,15000,165,2026,4,12
강서구,마곡동,마곡엠밸리3단지,84.95,4,2014,48142,0,2026,4,13
강서구,화곡동,우영,62.47,9,2004,34000,0,2026,4,11
강서구,방화동,방화5,39.6,9,1994,30000,0,2026,4,4
강서구,등촌동,아임2030등촌역,15.17,4,2020,4600,31,2026,4,10
강서구,염창동,동아3,59.7,8,1999,45100,0,2026,4,11
강서구,방화동,방화5,49.77,1,1994,31000,0,2026,4,6
강서구,염창동,염창동예성그린캐슬,84.99,5,2005,55000,0,2026,4,13
강서구,화곡동,초록,84.07,5,1998,56000,0,2026,4,6
강서구,화곡동,태흥그랑뷰,53.85,6,2002,3000,70,2026,4,8
강서구,공항동,공항동부센트레빌,84.99,14,2009,40000,0,2026,4,10
강서구,염창동,e편한세상염창,51.756,2,2019,19138,25,2026,4,13
강서구,내발산동,마곡수명산파크5단지,59.76,3,2008,50000,0,2026,4,11
강서구,염창동,센터스퀘어등촌,18.24,19,2020,2600,52,2026,4,13
강서구,마곡동,마곡엠벨리(15단지),49.87,5,2014,5619,39,2026,4,13
강서구,방화동,방화5,33.18,10,1994,23100,0,2026,4,11
강서구,내발산동,마곡수명산파크5단지,49.93,2,2008,3900,29,2026,4,13
강서구,마곡동,마곡엠밸리2단지,59.83,8,2014,7005,45,2026,4,12
강서구,화곡동,리치아파트103동,22.55,12,2020,20160,9,2026,4,13
강서구,마곡동,마곡청구아파트,84.92,1,1998,50000,0,2026,4,10
강서구,마곡동,마곡일성트루엘아파트,78.352,16,2013,31500,45,2026,4,11
강서구,내발산동,신세계3차101동,84.873,1,2003,42300,25,2026,4,11
강서구,등촌동,등촌동아이파크,84.9766,5,2004,43000,50,2026,4,11
강서구,가양동,가양도시개발9-2단지,49.5,11,1993,38850,0,2026,4,10
강서구,가양동,가양6단지,39.6,1,1992,19448,0,2026,4,11
강서구,화곡동,화곡예다움,59.92,2,2005,28000,0,2026,4,11
강서구,마곡동,마곡엠밸리9단지,84.65,13,2021,20000,172,2026,4,10
강서구,마곡동,마곡13단지힐스테이트마스터,59.9855,11,2017,35000,150,2026,4,11
강서구,방화동,신마곡벽산블루밍,59.9205,13,2020,51000,0,2026,4,11
강서구,염창동,한강동아,84.96,12,1998,52500,0,2026,4,11
강서구,화곡동,강서힐스테이트,59.99,7,2015,60900,0,2026,4,11
강서구,내발산동,마곡수명산파크3단지,84.53,13,2007,38587,0,2026,4,10
강서구,염창동,삼정그린코아,84.358,6,2001,20000,220,2026,4,11
강서구,염창동,대림,84.87,1,1999,30000,72,2026,4,11
강서구,가양동,가양2단지(성지),34.44,10,1992,21000,0,2026,4,11
강서구,염창동,태영,59.97,8,1999,46000,0,2026,4,10
강서구,염창동,신동아,59.82,12,1995,45000,0,2026,4,11
강서구,내발산동,마곡수명산파크5단지,59.76,3,2008,50000,0,2026,4,11
강서구,가양동,한강타운,84.99,4,1993,58000,0,2026,4,12
강서구,내발산동,마곡수명산파크5단지,59.87,10,2008,57000,0,2026,4,11
강서구,마곡동,마곡엠벨리(14단지),49.87,9,2014,9906,21,2026,4,11
강서구,가양동,가양도시개발9-2단지,39.6,12,1993,29300,0,2026,4,11
강서구,염창동,아네스트염창,16.96,7,2019,14000,18,2026,4,1
강서구,화곡동,"우장산아이파크,이편한세상",59.98,2,2008,40000,100,2026,4,13
강서구,염창동,센터스퀘어등촌,18.24,17,2020,1397,12,2026,4,13
강서구,염창동,센터스퀘어등촌,18.24,7,2020,2794,9,2026,4,12
강서구,마곡동,마곡엠밸리7단지,84.79,11,2014,48142,0,2026,4,10
강서구,화곡동,삼성홈타운,80.37,4,2003,24800,0,2026,4,9
강서구,화곡동,"우장산아이파크,이편한세상",84.97,11,2008,78000,0,2026,4,4
강서구,화곡동,화곡푸르지오,104.75,6,2002,75000,0,2026,4,2
강서구,내발산동,우장산힐스테이트,101.87,12,2005,80000,20,2026,4,10
강서구,가양동,강변,49.5,15,1992,40000,0,2026,4,10
강서구,화곡동,강서힐스테이트,128.81,5,2015,87000,0,2026,4,4
강서구,염창동,이너스내안에,59.9,6,2004,48500,0,2026,4,10
강서구,방화동,방화5,49.77,6,1994,5000,67,2026,4,9
강서구,내발산동,마곡수명산파크5단지,59.76,8,2008,20000,130,2026,4,10
강서구,방화동,방화5,33.18,9,1994,1000,85,2026,4,5
강서구,화곡동,무궁화,72.98,8,1992,20000,0,2026,4,8
강서구,화곡동,우장산에스케이뷰,84.98,1,2006,49000,0,2026,4,7
강서구,화곡동,화곡푸르지오,104.75,6,2002,75000,0,2026,4,2
강서구,염창동,태진한솔,58.87,4,1994,45000,0,2026,4,10
강서구,화곡동,리치아파트103동,22.55,9,2020,20160,11,2026,4,1
강서구,마곡동,마곡엠밸리12단지,59.79,8,2016,40057,0,2026,4,10
강서구,가양동,가양2단지(성지),49.56,11,1992,37000,0,2026,4,10
강서구,방화동,"월드메르디앙201동,202동",84.93,7,2004,49000,0,2026,4,10
강서구,방화동,"월드메르디앙201동,202동",84.93,7,2004,49000,0,2026,4,10
강서구,등촌동,등촌라인(조합),59.91,19,1997,46000,0,2026,4,9
강서구,마곡동,마곡13단지힐스테이트마스터,59.9825,10,2017,64050,0,2026,4,7
강서구,방화동,힐스테이트신방화역,69.8933,7,2022,5000,230,2026,4,8
강서구,마곡동,마곡엠밸리6단지,49.77,6,2014,5591,38,2026,4,10
강서구,염창동,아네스트염창,16.96,5,2019,12000,21,2026,4,10
강서구,염창동,현대3,59.92,12,1996,3000,200,2026,4,1
강서구,방화동,청솔,59.04,13,1994,5000,77,2026,4,9
강서구,마곡동,마곡엠밸리10단지,84.89,10,2016,10000,260,2026,4,5
강서구,마곡동,마곡엠밸리6단지,59.79,7,2014,40057,0,2026,4,10
강서구,화곡동,세교예지안6차,25.97,11,2016,13000,25,2026,4,10
강서구,마곡동,마곡푸르지오,84.99,1,2008,57750,0,2026,4,10
강서구,마곡동,마곡엠밸리8단지,59.79,15,2016,40057,0,2026,4,10
강서구,가양동,가양2단지(성지),39.6,4,1992,6000,80,2026,4,9
강서구,마곡동,마곡엠밸리6단지,84.84,7,2014,48142,0,2026,4,9
강서구,염창동,현대1,84.34,2,1994,38588,0,2026,4,1
강서구,방화동,청솔,59.04,13,1994,5000,77,2026,4,9
강서구,마곡동,마곡엠벨리(14단지),49.87,7,2014,9540,16,2026,4,9
강서구,마곡동,마곡엠벨리(14단지),84.85,10,2014,48142,0,2026,4,10
강서구,화곡동,우장산롯데캐슬,134.99,12,2003,90000,0,2026,4,8
강서구,염창동,극동상록수,59.91,5,1999,47000,0,2026,4,6
강서구,내발산동,마곡수명산파크4단지,84.76,13,2008,70000,0,2026,4,9
강서구,등촌동,등촌동현대2차,94.69,13,1997,57000,0,2026,4,8
강서구,화곡동,태영방송인,59.94,2,2000,32000,0,2026,4,8
강서구,화곡동,"우장산아이파크,이편한세상",101.65,7,2008,50000,130,2026,4,1
강서구,화곡동,강서힐스테이트,128.81,17,2015,30000,300,2026,4,7
강서구,방화동,방화그린,39.76,11,1993,27000,0,2026,4,4
강서구,염창동,이너스5차동진,54.05,8,2007,15000,90,2026,4,9
강서구,마곡동,마곡엠밸리10단지,59.79,9,2016,10210,17,2026,4,9
강서구,내발산동,마곡수명산파크4단지,59.84,3,2008,54000,0,2026,4,9
강서구,화곡동,GMValley,24.6,8,2018,19800,0,2026,4,9
강서구,마곡동,마곡승윤노블리안아파트,84.66,6,2008,43000,0,2026,4,8
강서구,마곡동,마곡힐스테이트,59.99,10,2017,41160,0,2026,4,9
강서구,마곡동,마곡엠밸리6단지,84.88,15,2014,48142,0,2026,4,9
강서구,방화동,한미(286-1),40.02,5,1988,18000,0,2026,4,8
강서구,마곡동,마곡엠밸리7단지,59.79,8,2014,36030,0,2026,4,9
강서구,화곡동,우장산롯데캐슬,85,9,2003,69000,0,2026,4,8
강서구,마곡동,마곡엠밸리4단지,49.77,4,2014,10110,18,2026,4,9
강서구,마곡동,마곡엠벨리(14단지),49.87,6,2014,5564,38,2026,4,9
강서구,마곡동,마곡엠밸리4단지,59.96,3,2014,11826,20,2026,4,9
강서구,마곡동,마곡엠벨리(14단지),84.93,5,2014,48142,0,2026,4,9
강서구,내발산동,우장산힐스테이트,59.98,5,2005,51000,0,2026,4,8
강서구,방화동,방신서광,113.3376,3,2003,42000,0,2026,4,9
강서구,내발산동,마곡수명산파크1단지,84.82,6,2007,55000,0,2026,4,9
강서구,마곡동,마곡엠밸리8단지,59.79,7,2016,40057,0,2026,4,9
강서구,마곡동,마곡엠밸리6단지,84.84,6,2014,48142,0,2026,4,9
강서구,화곡동,우장산역해링턴타워,23.68,11,2021,4112,14,2026,4,9
강서구,가양동,가양6단지,49.5,8,1992,28930,0,2026,4,8
강서구,마곡동,마곡엠밸리1단지,59.96,7,2014,12089,21,2026,4,9
강서구,마곡동,마곡엠밸리6단지,49.77,10,2014,9549,16,2026,4,9
강서구,화곡동,리치아파트103동,22.55,9,2020,20160,5,2026,4,9
강서구,화곡동,화곡푸르지오,84.914,2,2002,65500,0,2026,4,6
강서구,등촌동,등촌동아이파크,84.9958,8,2004,65000,0,2026,4,8
강서구,등촌동,주공10,58.14,9,1995,40000,0,2026,4,9
강서구,가양동,가양강나루현대,59.76,2,1999,35000,50,2026,4,3
강서구,염창동,삼천리,84.99,6,1992,48300,0,2026,4,8
강서구,가양동,가양2단지(성지),39.6,8,1992,26000,0,2026,4,8
강서구,화곡동,중앙화곡하이츠,56.88,5,1988,12000,55,2026,4,8
강서구,염창동,현대3,83.71,8,1996,57000,0,2026,4,3
강서구,방화동,방화그린,33.6,2,1993,1000,84,2026,4,8
강서구,가양동,가양강나루현대,59.76,17,1999,50000,0,2026,4,8
강서구,내발산동,청솔해오름,84.8465,6,2005,39900,60,2026,4,8
강서구,염창동,동아3,59.83,5,1999,41000,20,2026,4,8
강서구,가양동,가양2단지(성지),39.6,14,1992,2000,100,2026,4,7
강서구,화곡동,화곡대진(1021-2),64.38,7,2007,28400,5,2026,4,6
강서구,화곡동,초록,59.34,10,1998,50000,0,2026,4,7
강서구,화곡동,리치아파트104동,24.46,7,2020,21294,4,2026,4,6
강서구,마곡동,마곡엠벨리(14단지),84.88,6,2014,60000,100,2026,4,7
강서구,화곡동,NS파크APT,28.74,6,2018,18000,20,2026,4,4
강서구,등촌동,주공5,37.67,15,1995,27000,0,2026,4,7
강서구,염창동,염창역동문디이스트,59.95,12,2025,67000,0,2026,4,8
강서구,화곡동,강서힐스테이트,152.1,9,2015,120000,0,2026,4,7
강서구,등촌동,삼성한사랑1,59.69,1,1997,39000,0,2026,4,8
강서구,가양동,가양우성,84.85,14,1990,52500,0,2026,4,7
강서구,마곡동,마곡엠밸리9단지,84.65,3,2021,80000,0,2026,4,7
강서구,마곡동,마곡우림필유아파트,84.528,6,2003,49350,0,2026,4,4
강서구,마곡동,마곡엠밸리9단지,84.97,9,2021,87000,0,2026,4,7
강서구,화곡동,리치아파트104동,24.46,8,2020,21290,3,2026,4,7
강서구,내발산동,마곡수명산파크4단지,59.84,1,2008,45150,0,2026,4,4
강서구,등촌동,"등촌1,2단지주공아파트",41.85,12,1994,2000,100,2026,4,1
강서구,방화동,개화,101.86,1,1994,46000,0,2026,4,7
강서구,방화동,방화5,33.18,4,1994,24500,0,2026,4,7
강서구,내발산동,마곡수명산파크2단지,84.82,5,2007,10000,135,2026,4,5
강서구,화곡동,우장산에스케이뷰,84.98,1,2006,49000,0,2026,4,7
강서구,내발산동,마곡수명산파크4단지,59.84,12,2008,58000,0,2026,4,7
강서구,가양동,강변,34.44,13,1992,2000,95,2026,4,3
강서구,등촌동,주공5,58.14,15,1995,47000,0,2026,4,7
강서구,화곡동,리치아파트102동(924-24),21.42,7,2020,19650,2,2026,4,7
강서구,등촌동,"등촌7,8단지주공아파트",41.85,12,1994,33500,0,2026,4,4
강서구,가양동,동신대아,134.88,15,1993,70000,0,2026,4,7
강서구,등촌동,주공3,58.14,2,1995,35000,40,2026,4,7
강서구,화곡동,"우장산아이파크,이편한세상",84.97,17,2008,78500,0,2026,4,3
강서구,방화동,홍익아파트,73.05,1,1999,31000,20,2026,4,4
강서구,방화동,새로나음,14.8,3,2015,8490,0,2026,4,4
강서구,방화동,방화5,39.6,5,1994,27000,0,2026,4,1
강서구,가양동,강서한강월드메르디앙,84.9,9,2006,34000,50,2026,4,3
강서구,방화동,새로나음,14.8,2,2015,8900,0,2026,4,4
강서구,마곡동,마곡엠벨리(14단지),84.5,7,2014,73000,0,2026,4,7
강서구,등촌동,"등촌1,2단지주공아파트",41.16,2,1994,28000,0,2026,4,5
강서구,염창동,한강동아,59.97,15,1998,45000,0,2026,4,3
강서구,염창동,강변힐스테이트,84.99,5,2005,30000,160,2026,4,3
강서구,염창동,염창힐스테이트,84.603,3,2009,75000,0,2026,4,1
강서구,염창동,삼현팰리채,84.58,1,2008,45000,80,2026,4,4
강서구,염창동,현대3,83.71,8,1996,57000,0,2026,4,3
강서구,염창동,삼성하나로,59.26,14,1994,45000,0,2026,4,6
강서구,염창동,등촌제이스카이,28.94,8,2021,20000,40,2026,4,6
강서구,방화동,방화그린,49.77,11,1993,26000,20,2026,4,4
강서구,방화동,방화6단지,24.05,6,1994,1389,3,2026,4,6
강서구,방화동,개화산경남아너스빌,82.53,12,2007,6000,190,2026,4,6
강서구,방화동,청솔,39.36,3,1994,29000,0,2026,4,4
강서구,마곡동,마곡엠벨리(15단지),59.79,9,2014,63110,0,2026,4,4
강서구,방화동,청솔,59.04,5,1994,30000,40,2026,4,4
강서구,화곡동,리치아파트104동,21.85,6,2020,19656,8,2026,4,1
강서구,내발산동,마곡수명산파크5단지,49.97,8,2008,6724,13,2026,4,6
강서구,방화동,홍익아파트,73.05,1,1999,31000,0,2026,4,4
강서구,화곡동,화곡푸르지오,125.021,3,2002,50000,90,2026,4,4
강서구,화곡동,우장산역해링턴타워,23.68,10,2021,4544,31,2026,4,4
강서구,가양동,가양2단지(성지),39.6,11,1992,1000,80,2026,4,5
강서구,내발산동,수산오성,84.94,4,2002,6500,170,2026,4,3
강서구,등촌동,가양역두산위브,59.98,5,2022,40000,85,2026,4,4
강서구,등촌동,주공3,58.14,9,1995,4000,130,2026,4,4
구로구,구로동,신도림역동문디이스트,59.73,6,2026,50000,0,2026,4,11
구로구,구로동,신도림역동문디이스트,59.73,6,2026,50000,0,2026,4,11
구로구,개봉동,센트레빌레우스1단지,74.9361,19,2020,25825,42,2026,4,27
구로구,고척동,삼환로즈빌,84.994,8,2004,10000,190,2026,4,25
구로구,구로동,한신,44.78,1,1988,26500,0,2026,4,30
구로구,구로동,신도림태영타운,84.87,6,2000,66000,0,2026,4,29
구로구,구로동,주공2,41.3,11,1987,2000,80,2026,4,11
구로구,항동,항동중흥에스클래스베르데카운티,84.9416,20,2019,50000,0,2026,4,11
구로구,개봉동,두산,59.69,27,1997,35000,0,2026,4,25
구로구,개봉동,현대,59.94,15,2001,51000,0,2026,4,20
구로구,신도림동,미성,52.45,2,1987,30000,0,2026,4,11
구로구,구로동,우성(23),64.4,11,1985,24000,70,2026,4,11
구로구,구로동,일신건영,84.66,1,1998,51000,0,2026,4,14
구로구,천왕동,천왕이펜하우스2단지,84.97,6,2011,56700,0,2026,4,3
구로구,신도림동,대림e-편한세상7,84.928,22,2004,83000,0,2026,4,1
구로구,구로동,우성(23),64.4,11,1985,24000,70,2026,4,11
구로구,구로동,한신,44.78,7,1988,2000,115,2026,4,16
구로구,신도림동,현대홈타운아파트,59.73,8,1999,10000,180,2026,4,16
구로구,항동,항동중흥에스클래스베르데카운티,84.9416,3,2019,39000,7,2026,4,10
구로구,개봉동,센트레빌레우스1단지,84.9625,18,2020,27891,48,2026,4,14
구로구,개봉동,한마을,59.57,8,1999,45000,0,2026,4,13
구로구,개봉동,센트레빌레우스1단지,74.9145,24,2020,25825,45,2026,4,3
구로구,개봉동,현대홈타운,59.49,9,2001,5000,140,2026,4,25
구로구,구로동,구로두산,44.64,5,1998,31000,0,2026,4,1
구로구,신도림동,SKVIEW,84.96,17,2006,70000,0,2026,4,22
구로구,구로동,구로두산위브,36.88,15,2006,31000,0,2026,4,27
구로구,고척동,고척아이파크(주상복합),64.93,6,2022,22700,48,2026,4,14
구로구,신도림동,대림2,84.95,15,2001,79000,0,2026,4,25
구로구,개봉동,센트레빌레우스1단지,84.9716,29,2020,27891,48,2026,4,29
구로구,신도림동,미성,52.45,2,1987,30000,0,2026,4,11
구로구,개봉동,두산,59.69,12,1997,35000,0,2026,4,25
구로구,오류동,오류동행복주택,29.76,2,2018,1422,55,2026,4,27
구로구,구로동,대영빌라,47.54,1,1996,1000,60,2026,4,8
구로구,구로동,현대,72.33,2,1988,39000,0,2026,4,28
구로구,고척동,고척아이파크(주상복합),79.92,31,2022,21500,50,2026,4,21
구로구,천왕동,천왕이펜하우스4단지,49.58,5,2011,8178,13,2026,4,22
구로구,구로동,구일우성,59.44,13,1998,5000,140,2026,4,3
구로구,구로동,로제리움2차,14.91,20,2014,1000,57,2026,4,16
구로구,천왕동,천왕연지타운1단지,49.89,13,2013,7133,32,2026,4,23
구로구,천왕동,천왕연지타운1단지,59.97,3,2013,7645,45,2026,4,23
구로구,항동,하버라인3단지,59.86,7,2019,10199,15,2026,4,23
구로구,천왕동,천왕연지타운1단지,49.89,8,2013,7312,31,2026,4,22
구로구,신도림동,대림2,59.88,5,2001,60000,0,2026,4,11
구로구,항동,항동하버라인8단지,49.86,13,2018,2250,41,2026,4,22
구로구,구로동,일신건영,84.66,18,1998,50000,20,2026,4,30
구로구,구로동,한신,44.78,1,1988,26500,0,2026,4,20
구로구,구로동,구로두산위브,50.14,9,2006,3000,135,2026,4,24
구로구,항동,하버라인2단지,59.86,17,2019,2389,45,2026,4,23
구로구,신도림동,대림1,134.99,7,1999,10000,280,2026,4,11
구로구,항동,항동하버라인8단지,39.91,3,2018,1515,32,2026,4,22
구로구,구로동,구로두산위브,50.14,15,2006,4000,150,2026,4,30
구로구,개봉동,개봉동현대아이파크,59.99,5,2006,10000,130,2026,4,29
구로구,개봉동,동도센트리움(70-12),114.286,12,2002,50000,0,2026,4,10
구로구,항동,하버라인3단지,59.86,10,2019,10199,15,2026,4,22
구로구,신도림동,동아3,60,8,2000,53300,0,2026,4,25
구로구,구로동,로제리움2차,14.91,17,2014,10000,15,2026,4,22
구로구,개봉동,센트레빌레우스1단지,84.9625,24,2020,27891,51,2026,4,28
구로구,구로동,럭키,56.11,7,1992,14000,70,2026,4,25
구로구,개봉동,거성,79.17,4,1988,5000,85,2026,4,25
구로구,신도림동,미성,37.91,5,1987,2000,58,2026,4,11
구로구,구로동,신도림로제리움,16.92,17,2012,1000,59,2026,4,28
구로구,구로동,신도림LG자이,84.952,18,2004,35000,120,2026,4,22
구로구,개봉동,호반써밋개봉,59.927,19,2024,10000,180,2026,4,2
구로구,구로동,주공1,73.08,14,1986,2000,110,2026,4,11
구로구,개봉동,현대,59.94,17,2001,5000,175,2026,4,28
구로구,구로동,파인마루오피스텔,15.75,12,2016,1000,65,2026,4,21
구로구,신도림동,동아1,84.908,13,1999,69300,0,2026,4,25
구로구,개봉동,영화아이닉스,84.98,5,2005,1000,160,2026,4,22
구로구,개봉동,개봉푸르지오,84.83,9,2014,56000,0,2026,4,22
구로구,구로동,하나세인스톤3차,19.99,13,2011,2000,58,2026,4,10
구로구,항동,항동하버라인8단지,59.86,7,2018,10906,16,2026,4,23
구로구,개봉동,개봉푸르지오,71.95,22,2014,10000,170,2026,4,16
구로구,구로동,주공2,41.3,11,1987,22000,0,2026,4,11
구로구,고척동,삼환로즈빌,84.994,10,2004,52000,0,2026,4,26
구로구,구로동,비즈트위트오렌지,15.6,3,2013,500,55,2026,4,23
구로구,개봉동,한양아이클래스구로,45.32,14,2018,26000,25,2026,4,1
구로구,개봉동,한마을,59.57,12,1999,32000,70,2026,4,22
구로구,구로동,삼호빌라,47.1,4,1996,2000,75,2026,4,11
구로구,신도림동,동아1,84.908,9,1999,10000,200,2026,4,26
구로구,개봉동,현대홈타운,115,1,2001,52000,0,2026,4,29
구로구,고척동,벽산베스트블루밍,84.887,2,2010,30000,100,2026,4,10
구로구,항동,하버라인2단지,59.86,3,2019,3000,44,2026,4,22
구로구,구로동,구로두산위브,36.88,18,2006,5000,90,2026,4,19
구로구,고척동,그랜드,57.74,12,1997,10000,60,2026,4,8
구로구,신도림동,신도림크라운빌,20.47,11,2015,1000,83,2026,4,27
구로구,고척동,삼환로즈빌,84.994,8,2004,10000,190,2026,4,25
구로구,구로동,구로오네뜨시티,25.07,18,2022,1000,90,2026,4,20
구로구,구로동,일신건영,84.66,1,1998,51000,0,2026,4,14
구로구,구로동,신도림현대,80.01,16,1994,10000,137,2026,4,22
구로구,고척동,고척아이파크(주상복합),79.92,23,2022,24000,56,2026,4,28
구로구,구로동,우성(23),51.44,10,1985,35000,0,2026,4,9
구로구,구로동,신도림LG자이,84.952,7,2004,30000,120,2026,4,16
구로구,오류동,포스시티,14.29,15,2014,500,55,2026,4,6
구로구,신도림동,대림1,59.88,15,1999,12000,120,2026,4,28
구로구,개봉동,개봉푸르지오,71.86,18,2014,50000,0,2026,4,27
구로구,구로동,금호,84.86,21,1997,46000,0,2026,4,25
구로구,고척동,라이프플러스,14.92,6,2012,9000,0,2026,4,20
구로구,구로동,신도림LG자이,84.952,9,2004,40000,100,2026,4,28
구로구,항동,하버라인2단지,59.86,11,2019,0,50,2026,4,23
구로구,고척동,고척아이파크(주상복합),79.93,19,2022,24000,55,2026,4,7
구로구,구로동,성호메이플라워멤버스빌,31.75,8,2002,7000,40,2026,4,10
구로구,고척동,고척아이파크(주상복합),79.93,9,2022,21500,47,2026,4,20
구로구,신도림동,대림1,59.9,21,1999,52500,0,2026,4,13
구로구,신도림동,신도림크라운빌,20.41,4,2015,1200,79,2026,4,28
구로구,구로동,(750-13),51.81,5,1996,11600,15,2026,4,27
구로구,신도림동,미성,52.45,2,1987,30000,0,2026,4,11
구로구,고척동,라이프플러스,33.525,7,2012,15500,0,2026,4,30
구로구,개봉동,센트레빌레우스2단지,59.948,2,2020,17561,41,2026,4,7
구로구,구로동,신도림태영타운,84.87,20,2000,30000,150,2026,4,15
구로구,개봉동,개봉동현대아이파크,84.98,17,2006,63000,0,2026,4,29
구로구,구로동,신도림LG자이,84.952,12,2004,63000,0,2026,4,24
구로구,오류동,루체비스타,29.98,15,2020,100,70,2026,4,24
구로구,오류동,동부골든,59.94,5,1998,4500,50,2026,4,19
구로구,구로동,(752-34),58.25,5,1998,5000,70,2026,4,17
구로구,오류동,이좋은집,36.69,4,2005,2000,70,2026,4,10
구로구,구로동,중앙하이츠(1269),82.3019,1,2001,49000,0,2026,4,18
구로구,구로동,한일유앤아이,84.962,9,2006,45000,0,2026,4,10
구로구,오류동,포스시티,17.75,15,2014,1000,60,2026,4,18
구로구,신도림동,대림1,84.95,8,1999,30000,170,2026,4,18
구로구,개봉동,한진,84.96,6,2000,40000,0,2026,4,6
구로구,신도림동,신도림 아르디에,18.95,6,2018,1000,70,2026,4,27
구로구,구로동,구로두산,44.64,15,1998,2000,120,2026,4,30
구로구,구로동,(717-23)함양주택,44.04,5,2000,12000,0,2026,4,25
구로구,항동,하버라인3단지,49.86,4,2019,8630,13,2026,4,22
구로구,신도림동,동아2,84.908,17,2000,78000,0,2026,4,11
구로구,고척동,대우,59.97,15,1999,36000,0,2026,4,30
구로구,구로동,구로두산위브,36.88,11,2006,5500,80,2026,4,10
구로구,신도림동,신도림아이파크,56.3121,21,2015,35000,40,2026,4,6
구로구,구로동,현대,56.49,13,1988,30000,0,2026,4,25
구로구,오류동,이좋은집,36.69,11,2005,2000,80,2026,4,29
구로구,신도림동,동아1,84.908,19,1999,80000,0,2026,4,4
구로구,신도림동,SKVIEW,84.96,17,2006,70000,0,2026,4,22
구로구,고척동,고척아이파크(주상복합),64.93,11,2022,17700,63,2026,4,29
구로구,구로동,승윤노블리안,58.109,5,2020,3000,120,2026,4,29
구로구,구로동,구로두산,44.64,8,1998,31000,0,2026,4,29
구로구,구로동,우성(23),51.44,6,1985,34000,0,2026,4,30
구로구,구로동,신도림롯데아파트,84.93,15,1999,57750,0,2026,4,24
구로구,구로동,구로두산,44.64,1,1998,2000,110,2026,4,6
구로구,천왕동,천왕연지타운2단지,101.99,8,2014,26028,0,2026,4,14
구로구,천왕동,천왕연지타운2단지,49.89,9,2014,11129,3,2026,4,27
구로구,신도림동,우성5,59.91,7,1994,10000,130,2026,4,29
구로구,구로동,주공2,32.39,2,1987,3700,38,2026,4,6
구로구,구로동,신도림현대,80.01,10,1994,60000,0,2026,4,23
구로구,개봉동,영화아이닉스,65.71,20,2005,40000,0,2026,4,25
구로구,구로동,럭키,84.9,13,1992,43500,0,2026,4,17
구로구,오류동,오류동행복주택,36.85,2,2018,3040,68,2026,4,22
구로구,오류동,금강(343),84.983,1,2003,44500,0,2026,4,4
구로구,신도림동,대림2,59.9,12,2001,50000,0,2026,4,29
구로구,신도림동,신도림크라운빌,20.41,8,2015,1200,79,2026,4,27
구로구,구로동,구로두산,44.64,20,1998,3000,70,2026,4,22
구로구,구로동,구로두산,51.84,10,1998,2000,140,2026,4,13
구로구,구로동,구로두산위브,57.1,8,2006,47000,0,2026,4,28
구로구,개봉동,센트레빌레우스1단지,84.9716,24,2020,27891,48,2026,4,28
구로구,오류동,오류동행복주택,29.76,5,2018,3076,48,2026,4,22
구로구,고척동,한효,69.87,1,1985,10000,80,2026,4,30
구로구,신도림동,대림1,59.9,9,1999,59000,0,2026,4,30
구로구,고척동,고척아이파크(주상복합),79.93,33,2022,14000,86,2026,4,28
구로구,고척동,고척아이파크(주상복합),79.92,7,2022,24000,54,2026,4,7
구로구,고척동,라이프플러스,14.92,11,2012,9300,0,2026,4,21
구로구,구로동,현대연예인,84.91,1,1989,36000,0,2026,4,30
구로구,고척동,고척LIG리가2차,59.95,3,2009,5000,170,2026,4,27
구로구,구로동,삼성래미안,78.665,13,2004,5000,160,2026,4,3
구로구,천왕동,천왕연지타운2단지,59.98,3,2014,19628,0,2026,4,30
구로구,오류동,오류동행복주택,44.83,6,2018,12425,19,2026,4,30
구로구,고척동,삼명,43.74,3,1977,1000,60,2026,4,18
구로구,신도림동,우성3,84.75,6,1993,25000,100,2026,4,29
구로구,신도림동,신도림크라운빌,20.47,3,2015,1000,83,2026,4,23
구로구,신도림동,신도림크라운빌,20.47,12,2015,1000,83,2026,4,23
구로구,신도림동,대림1,84.95,2,1999,45648,0,2026,4,25
구로구,천왕동,천왕연지타운2단지,59.86,18,2014,16357,0,2026,4,30
구로구,신도림동,동아2,59.595,20,2000,60000,0,2026,4,4
구로구,구로동,주공1,73.08,12,1986,4500,115,2026,4,30
구로구,구로동,(748-5),59.64,1,1972,2000,110,2026,4,1
구로구,고척동,라이프플러스,33.525,7,2012,15500,0,2026,4,30
구로구,천왕동,천왕연지타운2단지,49.89,7,2014,12731,7,2026,4,30
구로구,개봉동,센트레빌레우스1단지,74.9361,27,2020,25825,42,2026,4,30
구로구,신도림동,신도림크라운빌,20.81,8,2015,1000,74,2026,4,28
구로구,오류동,오류동행복주택,29.76,10,2018,7787,10,2026,4,30
구로구,고척동,라이프플러스,14.39,8,2012,9500,0,2026,4,15
구로구,천왕동,천왕연지타운2단지,49.34,4,2014,11129,3,2026,4,27
구로구,구로동,현대,72.33,5,1988,20000,60,2026,4,17
구로구,신도림동,SKVIEW,84.98,20,2006,70000,0,2026,4,12
구로구,항동,항동하버라인8단지,39.91,3,2018,6583,11,2026,4,30
구로구,궁동,궁동에스하임,48.31,5,2021,15497,0,2026,4,17
구로구,고척동,한성,64.26,1,1986,22000,0,2026,4,3
구로구,오류동,오류동행복주택,44.83,8,2018,12925,16,2026,4,30
구로구,고척동,대우,59.97,7,1999,5000,100,2026,4,25
구로구,구로동,미도빌라B동,43.43,2,1995,2000,70,2026,4,29
구로구,구로동,럭키,59.98,6,1992,35000,0,2026,4,6
구로구,구로동,현대연예인,84.91,10,1989,40000,0,2026,4,29
구로구,신도림동,대림1,59.88,8,1999,55000,0,2026,4,27
구로구,구로동,우성에비뉴,84.958,5,2008,30000,70,2026,4,24
구로구,온수동,온수힐스테이트,121.28,2,2010,47250,70,2026,4,25
구로구,구로동,보광,73.89,4,1984,1000,45,2026,4,17
구로구,개봉동,센트레빌레우스1단지,84.9716,16,2020,27891,48,2026,4,29
구로구,구로동,신도림현대,80.01,9,1994,15000,175,2026,4,25
구로구,구로동,구로오네뜨시티,16.71,17,2022,15750,0,2026,4,29
구로구,고척동,고척파크푸르지오,84.94,9,2009,71000,0,2026,4,27
구로구,천왕동,천왕연지타운2단지,59.86,4,2014,16357,0,2026,4,29
구로구,천왕동,천왕연지타운2단지,49.94,15,2014,2175,41,2026,4,22
구로구,천왕동,천왕이펜하우스6단지,49.58,6,2011,10525,3,2026,4,29
구로구,천왕동,천왕이펜하우스2단지,49.58,8,2011,5891,29,2026,4,29
구로구,구로동,하나세인스톤1차,21.7256,14,2011,1000,70,2026,4,29
구로구,고척동,청구,59.94,12,1999,34500,0,2026,4,25
구로구,신도림동,신도림크라운빌,20.47,6,2015,1200,79,2026,4,25
구로구,개봉동,한마을,123.46,9,1999,63000,0,2026,4,29
구로구,개봉동,센트레빌레우스1단지,74.9361,18,2020,25825,42,2026,4,29
구로구,구로동,한신휴플러스(1280-0),58.03,18,2007,50000,0,2026,4,25
구로구,구로동,신도림롯데아파트,84.93,18,1999,60000,0,2026,4,29
구로구,구로동,비즈트위트레드,20.54,2,2016,15000,15,2026,4,24
구로구,개봉동,센트레빌레우스1단지,74.9145,28,2020,25825,42,2026,4,29
구로구,구로동,대림역와이즈플레이스,24.647,17,2012,5000,50,2026,4,15
구로구,신도림동,대림2,84.95,25,2001,68000,0,2026,4,29
구로구,구로동,구로두산위브,50.14,19,2006,43000,0,2026,4,28
구로구,구로동,주공1,73.68,9,1986,15000,80,2026,4,29
구로구,구로동,신도림태영타운,84.87,1,2000,60900,0,2026,4,28
구로구,오류동,동부(101동~103동),59.98,18,1998,33600,0,2026,4,28
구로구,오류동,삼천리,59.73,23,1998,38000,0,2026,4,15
구로구,개봉동,개봉푸르지오,59.86,4,2014,33774,0,2026,4,27
구로구,구로동,구로오네뜨시티,16.71,17,2022,16000,0,2026,4,27
구로구,오류동,금강(343),84.983,4,2003,40500,0,2026,4,28
구로구,오류동,오류동행복주택,44.83,15,2018,12625,15,2026,4,28
구로구,구로동,대성,40.27,1,1995,10500,0,2026,4,21
구로구,구로동,현대,72.33,2,1988,39000,0,2026,4,28
구로구,구로동,신도림LG자이,84.952,5,2004,25000,150,2026,4,17
구로구,개봉동,센트레빌레우스1단지,74.9145,2,2020,25825,38,2026,4,23
구로구,오류동,오류동행복주택,16.84,9,2018,5040,21,2026,4,27
구로구,개봉동,센트레빌레우스1단지,84.9716,9,2020,27891,45,2026,4,22
구로구,구로동,우성(1058),59.34,9,1995,5000,120,2026,4,27
구로구,오류동,오류동금호어울림,84.93,7,2006,50000,0,2026,4,28
구로구,구로동,구로현대,56.49,12,1992,23000,40,2026,4,10
구로구,오류동,오류동행복주택,29.76,17,2018,9593,15,2026,4,28
구로구,구로동,현대,56.49,15,1988,3000,90,2026,4,11
구로구,구로동,주공1,84.87,9,1986,5000,150,2026,4,28
구로구,구로동,한신휴플러스(1280-1),84.94,12,2007,50400,0,2026,4,25
구로구,고척동,벽산,84.878,9,2003,52000,0,2026,4,28
구로구,개봉동,현대홈타운,59.49,15,2001,30000,42,2026,4,27
구로구,구로동,주공2,32.39,9,1987,17000,0,2026,4,25
구로구,구로동,주공1,73.08,3,1986,25000,50,2026,4,28
구로구,구로동,현대연예인,54.86,5,1989,28500,10,2026,4,28
구로구,개봉동,현대,84.96,20,2001,60000,0,2026,4,28
구로구,고척동,삼익(2단지),84.96,2,2001,44000,0,2026,4,27
구로구,개봉동,센트레빌레우스1단지,84.9716,17,2020,27891,48,2026,4,28
구로구,구로동,한신휴플러스(1280-1),84.94,12,2007,50400,0,2026,4,25
구로구,구로동,순영웰라이빌1차,59.5,7,2003,35000,0,2026,4,2
구로구,구로동,(792-10),56.18,5,1997,5000,50,2026,4,25
구로구,구로동,구로두산,51.84,10,1998,35000,0,2026,4,20
구로구,구로동,구로두산위브,36.88,18,2006,37000,0,2026,4,25
구로구,천왕동,천왕연지타운2단지,59.95,13,2014,16357,0,2026,4,28
구로구,구로동,현대연예인,54.86,1,1989,22000,20,2026,4,25
구로구,고척동,한효,63.57,2,1985,30000,0,2026,4,21
구로구,고척동,벽산,84.878,6,2003,54200,0,2026,4,25
구로구,신도림동,신도림크라운빌,44.84,3,2015,2200,128,2026,4,20
구로구,천왕동,천왕이펜하우스2단지,49.58,13,2011,4804,35,2026,4,27
구로구,고척동,삼환로즈빌,84.994,16,2004,52500,0,2026,4,20
구로구,구로동,럭키,71.4,11,1992,40000,0,2026,4,24
구로구,온수동,온수힐스테이트,59.96,4,2010,32058,0,2026,4,27
구로구,개봉동,호반써밋개봉,59.927,21,2024,6000,190,2026,4,22
구로구,항동,항동하버라인8단지,49.86,13,2018,5626,34,2026,4,27
구로구,개봉동,센트레빌레우스1단지,84.9716,15,2020,27891,48,2026,4,27
구로구,개봉동,센트레빌레우스1단지,84.9407,20,2020,27891,48,2026,4,27
구로구,오류동,오류동행복주택,44.83,10,2018,12525,18,2026,4,27
구로구,오류동,오류동행복주택,29.76,15,2018,7446,32,2026,4,27
구로구,구로동,아스타빌,84.99,6,2004,32000,0,2026,4,6
구로구,구로동,신도림롯데아파트,84.93,15,1999,47000,0,2026,4,25
구로구,천왕동,천왕연지타운2단지,59.98,8,2014,16357,0,2026,4,27
구로구,신도림동,미성,83.67,3,1987,47000,0,2026,4,27
구로구,구로동,현대연예인,84.91,11,1989,37800,0,2026,4,11
구로구,개봉동,영화아이닉스,84.98,21,2005,40000,0,2026,4,24
구로구,구로동,신도림현대,80.01,3,1994,57000,0,2026,4,25
구로구,오류동,오류동행복주택,16.84,7,2018,4760,20,2026,4,27
구로구,신도림동,디큐브시티,128.41,46,2011,120000,0,2026,4,27
구로구,항동,하버라인3단지,39.91,7,2019,1377,30,2026,4,22
구로구,천왕동,천왕연지타운2단지,49.89,12,2014,11644,0,2026,4,23
구로구,신도림동,미성,37.91,1,1987,19000,0,2026,4,15
구로구,개봉동,센트레빌레우스1단지,74.9145,23,2020,25825,44,2026,4,27
구로구,항동,하버라인3단지,59.86,11,2019,3000,45,2026,4,22
구로구,신도림동,동아2,59.595,5,2000,56000,0,2026,4,27
구로구,고척동,라이프플러스,17.57,9,2012,12500,0,2026,4,24
구로구,천왕동,천왕이펜하우스2단지,49.58,12,2011,4801,35,2026,4,27
구로구,개봉동,한마을,59.57,4,1999,20000,90,2026,4,25
구로구,오류동,오류동행복주택,16.84,6,2018,4760,20,2026,4,27
구로구,구로동,다솜금호,59.95,11,1995,5000,130,2026,4,25
구로구,오류동,오류동행복주택,29.76,10,2018,7884,34,2026,4,27
구로구,오류동,동보,59.72,2,1998,28300,0,2026,4,25
구로구,오류동,오류동행복주택,44.83,4,2018,11760,50,2026,4,27
구로구,신도림동,대림2,59.9,5,2001,15000,90,2026,4,27
구로구,구로동,신도림롯데아파트,59.68,19,1999,50000,30,2026,4,18
구로구,개봉동,현대,84.99,12,2001,39800,0,2026,4,23
구로구,개봉동,한진,59.95,13,2000,5000,120,2026,4,1
구로구,오류동,오류동행복주택,44.83,17,2018,11760,50,2026,4,27
구로구,신도림동,대림1,59.9,16,1999,10000,140,2026,4,9
구로구,오류동,오류동행복주택,16.84,13,2018,5040,21,2026,4,27
구로구,오류동,오류동행복주택,16.84,9,2018,5040,21,2026,4,27
구로구,개봉동,두산,59.69,27,1997,35000,0,2026,4,25
구로구,개봉동,동인,71.38,9,1989,31500,0,2026,4,24
구로구,고척동,라이프플러스,14.92,7,2012,9500,0,2026,4,26
구로구,고척동,고척파크푸르지오,59.89,10,2009,57000,0,2026,4,17
구로구,천왕동,천왕연지타운2단지,59.98,1,2014,16357,0,2026,4,22
구로구,오류동,삼천리,134.64,1,1998,60000,0,2026,4,11
구로구,천왕동,천왕연지타운2단지,59.95,3,2014,16357,0,2026,4,27
구로구,오류동,오류동행복주택,29.76,10,2018,11776,14,2026,4,27
구로구,오류동,오류동행복주택,44.83,18,2018,13025,16,2026,4,26
구로구,오류동,오류동행복주택,16.84,15,2018,5040,21,2026,4,27
구로구,구로동,구로두산,44.64,12,1998,28000,0,2026,4,2
구로구,구로동,우성(1058),84.38,6,1995,44000,0,2026,4,25
구로구,고척동,신원프라자,59.97,3,1997,30000,0,2026,4,27
구로구,신도림동,우성2,84.82,3,1996,60000,0,2026,4,22
구로구,오류동,길훈,53.94,2,1986,12000,0,2026,4,24
구로구,개봉동,센트레빌레우스1단지,74.9361,3,2020,25825,38,2026,4,27
구로구,오류동,오류동행복주택,29.76,12,2018,7884,34,2026,4,27
구로구,오류동,이좋은집,36.69,5,2005,3000,75,2026,4,25
구로구,구로동,주공1,73.68,7,1986,27000,0,2026,4,25
구로구,구로동,한신주택,47.16,1,1996,1000,65,2026,4,4
구로구,구로동,그린플러스구로해담채2,13.23,15,2013,1000,57,2026,4,3
구로구,오류동,오류동행복주택,29.76,10,2018,7884,34,2026,4,27
구로구,오류동,동부(105동~106동),59.79,19,1999,36000,0,2026,4,26
구로구,천왕동,천왕이펜하우스2단지,49.58,6,2011,4804,35,2026,4,25
구로구,천왕동,천왕이펜하우스4단지,49.58,1,2011,1871,38,2026,4,22
구로구,구로동,한신,45.563,3,1988,11300,60,2026,4,25
구로구,개봉동,청실,76.08,13,1987,10000,130,2026,4,23
구로구,천왕동,천왕연지타운1단지,49.94,5,2013,2476,45,2026,4,24
구로구,개봉동,센트레빌레우스1단지,84.9407,14,2020,17561,77,2026,4,24
구로구,천왕동,천왕이펜하우스5단지,59.95,2,2011,2086,43,2026,4,22
구로구,개봉동,센트레빌레우스1단지,84.9625,24,2020,22726,61,2026,4,24
구로구,개봉동,센트레빌레우스1단지,84.9716,34,2020,27891,48,2026,4,24
구로구,오류동,다청림(356),15.57,2,2013,1000,50,2026,4,8
구로구,구로동,신도림태영타운,171.22,9,2000,88000,0,2026,4,19
구로구,구로동,구로오네뜨시티,16.71,14,2022,8000,40,2026,4,18
구로구,신도림동,신도림크라운빌,20.47,16,2015,1200,81,2026,4,4
구로구,개봉동,현대,114.99,13,2001,59850,0,2026,4,24
구로구,천왕동,천왕이펜하우스3단지,49.85,13,2011,7576,15,2026,4,24
구로구,천왕동,천왕연지타운1단지,49.94,5,2013,6190,37,2026,4,24
구로구,천왕동,천왕이펜하우스3단지,59.95,4,2011,5190,37,2026,4,24
구로구,천왕동,천왕이펜하우스5단지,59.95,3,2011,5217,37,2026,4,24
구로구,천왕동,천왕이펜하우스6단지,59.95,8,2011,5730,38,2026,4,24
구로구,개봉동,센트레빌레우스1단지,74.9361,12,2020,25825,42,2026,4,24
구로구,개봉동,센트레빌레우스1단지,84.9625,10,2020,27891,45,2026,4,24
구로구,구로동,주공2,41.3,3,1987,23000,0,2026,4,24
구로구,천왕동,천왕연지타운2단지,101.99,12,2014,26028,0,2026,4,24
구로구,개봉동,센트레빌레우스1단지,84.9625,22,2020,27891,48,2026,4,24
구로구,신도림동,대림e-편한세상4,84.78,5,2003,86000,0,2026,4,24
구로구,항동,유한오크팰리스,84.921,2,2011,27000,0,2026,4,24
구로구,개봉동,현대,84.99,7,2001,60000,0,2026,4,24
구로구,항동,항동하버라인8단지,59.86,5,2018,6644,40,2026,4,24
구로구,개봉동,센트레빌레우스1단지,84.9625,3,2020,27891,43,2026,4,24
구로구,오류동,오류동푸르지오,115.299,1,2004,3000,230,2026,4,24
구로구,천왕동,천왕연지타운2단지,59.86,6,2014,6514,40,2026,4,24
구로구,천왕동,천왕연지타운2단지,59.95,7,2014,16357,0,2026,4,8
구로구,천왕동,천왕연지타운2단지,101.99,6,2014,26028,0,2026,4,24
구로구,개봉동,현대,59.94,15,2001,51000,0,2026,4,20
구로구,고척동,고척아이파크(주상복합),64.89,13,2022,22700,49,2026,4,24
구로구,천왕동,천왕이펜하우스5단지,114.85,18,2011,38021,0,2026,4,24
구로구,신도림동,대림2,59.9,1,2001,47250,0,2026,4,17
구로구,구로동,현대,56.49,2,1988,31500,0,2026,4,22
구로구,천왕동,천왕연지타운2단지,101.97,4,2014,26028,0,2026,4,24
구로구,개봉동,센트레빌레우스1단지,84.9407,10,2020,22726,60,2026,4,24
구로구,천왕동,천왕연지타운2단지,49.34,8,2014,11644,0,2026,4,22
구로구,고척동,동아한신,84.92,2,2000,3000,190,2026,4,18
구로구,항동,우남퍼스트빌더센트럴,84.9149,5,2020,47000,0,2026,4,18
구로구,오류동,금강(343),60.054,4,2003,42000,0,2026,4,8
구로구,천왕동,천왕연지타운2단지,84.94,6,2014,23719,0,2026,4,24
구로구,궁동,우남푸르미아,84.94,1,2007,10000,120,2026,4,9
구로구,항동,하버라인3단지,59.86,7,2019,2574,46,2026,4,23
구로구,구로동,구로현대,72.33,8,1992,20000,77,2026,4,18
구로구,구로동,삼성래미안,58.136,17,2004,43000,0,2026,4,1
구로구,구로동,구로현대,56.49,4,1992,36000,0,2026,4,23
구로구,천왕동,천왕연지타운2단지,49.34,15,2014,11644,0,2026,4,23
구로구,천왕동,천왕연지타운1단지,49.89,13,2013,6190,37,2026,4,23
구로구,개봉동,센트레빌레우스1단지,84.9625,29,2020,27891,48,2026,4,23
구로구,항동,항동제일풍경채포레스트,84.6614,12,2020,20000,160,2026,4,20
구로구,천왕동,천왕연지타운2단지,101.97,7,2014,26028,0,2026,4,22
구로구,신도림동,동아1,169.199,17,1999,25000,300,2026,4,20
구로구,오류동,오류동행복주택,44.83,12,2018,13025,15,2026,4,23
구로구,오류동,영풍마드레빌,84.741,23,2002,5000,155,2026,4,22
구로구,오류동,오류동행복주택,29.76,12,2018,10161,17,2026,4,23
구로구,천왕동,천왕연지타운2단지,59.98,9,2014,16357,0,2026,4,23
구로구,항동,하버라인3단지,59.94,13,2019,2437,46,2026,4,22
구로구,항동,하버라인3단지,59.86,7,2019,6093,38,2026,4,23
구로구,구로동,비즈트위트블루,16.04,8,2012,9000,13,2026,4,21
구로구,구로동,한신,44.78,11,1988,20000,30,2026,4,23
구로구,항동,하버라인3단지,59.86,7,2019,6093,38,2026,4,23
구로구,항동,항동하버라인8단지,49.86,4,2018,5626,34,2026,4,23
구로구,신도림동,미성,66.03,1,1987,28300,0,2026,4,22
구로구,구로동,한신휴플러스(1280-0),58.03,14,2007,30000,70,2026,4,23
구로구,개봉동,현대,84.99,15,2001,50000,0,2026,4,23
구로구,개봉동,영화아이닉스,84.98,5,2005,38850,0,2026,4,18
구로구,개봉동,센트레빌레우스1단지,74.9145,14,2020,25825,42,2026,4,23
구로구,개봉동,센트레빌레우스2단지,59.948,12,2020,17561,39,2026,4,17
구로구,고척동,한성,66.06,3,1986,1000,30,2026,4,22
구로구,항동,항동하버라인8단지,39.91,8,2018,3789,27,2026,4,23
구로구,천왕동,천왕연지타운2단지,84.97,16,2014,23719,0,2026,4,23
구로구,개봉동,센트레빌레우스1단지,84.9716,29,2020,27891,48,2026,4,23
구로구,구로동,럭키,84.9,13,1992,43500,0,2026,4,22
구로구,천왕동,천왕연지타운2단지,59.86,9,2014,16357,0,2026,4,23
구로구,항동,하버라인3단지,39.91,15,2019,3443,25,2026,4,23
구로구,구로동,한신휴플러스(1280-0),50.03,15,2007,45000,0,2026,4,22
구로구,천왕동,천왕연지타운2단지,101.99,10,2014,26028,0,2026,4,22
구로구,천왕동,천왕연지타운2단지,101.99,14,2014,26028,0,2026,4,22
구로구,천왕동,천왕이펜하우스1단지,59.94,3,2011,47000,0,2026,4,22
구로구,천왕동,천왕연지타운2단지,59.98,10,2014,16357,0,2026,4,23
구로구,항동,하버라인3단지,49.86,4,2019,5165,32,2026,4,22
구로구,항동,하버라인2단지,59.86,10,2019,5974,38,2026,4,22
구로구,천왕동,천왕이펜하우스2단지,49.58,8,2011,2161,40,2026,4,22
구로구,신도림동,대림1,59.88,17,1999,50000,0,2026,4,14
구로구,천왕동,천왕연지타운2단지,101.97,5,2014,26028,0,2026,4,22
구로구,개봉동,센트레빌레우스1단지,74.9361,24,2020,25825,42,2026,4,22
구로구,천왕동,천왕연지타운2단지,59.95,11,2014,17992,0,2026,4,22
구로구,항동,하버라인3단지,59.86,11,2019,6093,38,2026,4,22
구로구,신도림동,대림3,84.51,17,2001,62000,0,2026,4,22
구로구,항동,항동하버라인8단지,49.86,13,2018,5626,34,2026,4,22
구로구,천왕동,천왕연지타운2단지,59.98,5,2014,16357,0,2026,4,22
구로구,항동,하버라인2단지,59.86,9,2019,2389,45,2026,4,22
구로구,천왕동,천왕연지타운2단지,49.89,14,2014,11644,0,2026,4,22
구로구,천왕동,천왕연지타운2단지,49.34,10,2014,8854,16,2026,4,22
구로구,천왕동,천왕이펜하우스5단지,59.95,2,2011,5217,37,2026,4,22
구로구,구로동,구로두산,51.84,10,1998,2000,140,2026,4,13
구로구,개봉동,현대홈타운,84.915,24,2001,54000,0,2026,4,22
구로구,천왕동,천왕이펜하우스2단지,49.58,9,2011,12990,14,2026,4,22
구로구,신도림동,동아3,138.412,27,2000,109000,0,2026,4,18
구로구,천왕동,천왕연지타운2단지,59.98,17,2014,16357,0,2026,4,22
구로구,개봉동,현대,59.94,12,2001,40500,0,2026,4,4
구로구,개봉동,한진,59.95,4,2000,36000,0,2026,4,11
구로구,천왕동,천왕연지타운2단지,101.97,6,2014,26028,0,2026,4,22
구로구,항동,하버라인3단지,59.86,14,2019,6093,38,2026,4,22
구로구,천왕동,천왕이펜하우스3단지,59.95,3,2011,5190,37,2026,4,22
구로구,천왕동,천왕이펜하우스6단지,59.95,2,2011,5730,38,2026,4,22
구로구,천왕동,천왕이펜하우스2단지,49.58,9,2011,4804,35,2026,4,22
구로구,천왕동,천왕이펜하우스6단지,59.95,10,2011,5730,38,2026,4,22
구로구,천왕동,천왕이펜하우스3단지,49.85,8,2011,4371,33,2026,4,22
구로구,천왕동,천왕이펜하우스6단지,59.95,2,2011,5000,39,2026,4,22
구로구,천왕동,천왕이펜하우스2단지,49.58,7,2011,4804,35,2026,4,22
구로구,천왕동,천왕이펜하우스4단지,49.58,6,2011,4679,33,2026,4,22
구로구,신도림동,대림1,59.93,6,1999,47200,0,2026,4,22
구로구,구로동,하나세인스톤2차,19.33,14,2011,500,68,2026,4,1
구로구,천왕동,천왕이펜하우스5단지,59.95,14,2011,5217,37,2026,4,22
구로구,천왕동,천왕이펜하우스6단지,59.96,4,2011,5730,38,2026,4,22
구로구,천왕동,천왕이펜하우스3단지,59.95,8,2011,5190,37,2026,4,22
구로구,고척동,산업인,47.01,1,1976,8000,0,2026,4,15
구로구,오류동,오류동행복주택,29.76,11,2018,8255,12,2026,4,22
구로구,천왕동,천왕이펜하우스4단지,49.58,5,2011,4679,33,2026,4,22
구로구,천왕동,천왕연지타운2단지,49.94,15,2014,5439,35,2026,4,22
구로구,천왕동,천왕이펜하우스3단지,59.95,5,2011,5190,37,2026,4,22
구로구,천왕동,천왕연지타운2단지,49.34,16,2014,11644,0,2026,4,22
구로구,천왕동,천왕연지타운2단지,59.86,13,2014,16357,0,2026,4,22
구로구,구로동,(792-86),47.5,3,1996,9000,25,2026,4,20
구로구,천왕동,천왕연지타운2단지,59.86,14,2014,16357,0,2026,4,22
구로구,구로동,하나세인스톤3차,19.99,19,2011,1000,65,2026,4,4
구로구,천왕동,천왕연지타운2단지,49.94,14,2014,11129,3,2026,4,22
구로구,구로동,구일우성,59.44,18,1998,27300,0,2026,4,11
구로구,천왕동,천왕연지타운2단지,59.86,13,2014,16357,0,2026,4,22
구로구,항동,하버라인3단지,59.86,5,2019,6093,38,2026,4,22
구로구,항동,하버라인3단지,39.91,7,2019,3443,25,2026,4,22
구로구,항동,하버라인3단지,49.86,6,2019,5165,32,2026,4,22
구로구,구로동,구로두산,51.84,9,1998,36000,0,2026,4,22
구로구,항동,하버라인3단지,59.94,13,2019,6093,38,2026,4,22
구로구,천왕동,천왕연지타운2단지,59.98,17,2014,16357,0,2026,4,22
구로구,항동,하버라인2단지,59.86,3,2019,5974,38,2026,4,22
구로구,항동,항동하버라인8단지,49.86,14,2018,5626,34,2026,4,22
구로구,항동,하버라인3단지,59.86,10,2019,6093,38,2026,4,22
구로구,천왕동,천왕연지타운2단지,59.98,15,2014,16357,0,2026,4,22
구로구,천왕동,천왕연지타운2단지,59.86,1,2014,16357,0,2026,4,22
구로구,신도림동,신도림크라운빌,20.47,15,2015,1500,75,2026,4,13
구로구,구로동,(792-86),47.5,3,1996,9000,25,2026,4,20
구로구,천왕동,천왕연지타운2단지,49.89,13,2014,10054,9,2026,4,22
구로구,고척동,삼익(1단지),59.82,4,2001,5000,90,2026,4,15
구로구,천왕동,천왕연지타운2단지,59.95,14,2014,16357,0,2026,4,22
구로구,천왕동,천왕이펜하우스4단지,49.58,1,2011,4679,33,2026,4,22
구로구,천왕동,천왕이펜하우스2단지,49.58,7,2011,4804,35,2026,4,22
구로구,천왕동,천왕연지타운2단지,59.98,9,2014,6514,40,2026,4,22
구로구,천왕동,천왕이펜하우스3단지,49.85,12,2011,4371,33,2026,4,22
구로구,천왕동,천왕연지타운2단지,59.95,12,2014,17992,0,2026,4,21
구로구,신도림동,신도림크라운빌,20.47,16,2015,1000,77,2026,4,1
구로구,천왕동,천왕연지타운2단지,59.86,12,2014,15942,17,2026,4,21
구로구,오류동,금강(343),60.054,2,2003,36700,0,2026,4,22
구로구,구로동,현대파크빌,153.259,20,1999,65000,0,2026,4,22
구로구,구로동,코원,12.49,6,2014,500,40,2026,4,16
구로구,항동,하버라인2단지,59.86,16,2019,5974,38,2026,4,22
구로구,천왕동,천왕연지타운2단지,59.98,7,2014,16357,0,2026,4,21
구로구,개봉동,센트레빌레우스1단지,84.9625,23,2020,27891,48,2026,4,22
구로구,천왕동,천왕연지타운1단지,59.97,10,2013,7645,45,2026,4,22
구로구,천왕동,천왕연지타운2단지,59.98,10,2014,17174,0,2026,4,21
구로구,천왕동,천왕연지타운2단지,101.97,2,2014,26028,0,2026,4,21
구로구,구로동,우리유앤미,53.51,9,2004,38000,0,2026,4,17
구로구,천왕동,천왕이펜하우스2단지,49.58,9,2011,8251,16,2026,4,21
구로구,구로동,주공2,49.94,8,1987,20000,40,2026,4,21
구로구,천왕동,천왕연지타운2단지,84.97,12,2014,23719,0,2026,4,3
구로구,개봉동,센트레빌레우스1단지,84.9716,8,2020,17561,74,2026,4,17
구로구,오류동,비에이치수반애수목원아파트,49.58,5,2019,15840,18,2026,4,21
구로구,천왕동,천왕연지타운2단지,49.89,6,2014,12216,10,2026,4,21
구로구,고척동,고척아이파크(주상복합),64.93,7,2022,22700,48,2026,4,14
구로구,항동,하버라인3단지,59.86,7,2019,10045,16,2026,4,21
구로구,항동,항동제일풍경채포레스트,84.6614,14,2020,47000,0,2026,4,17
구로구,오류동,이좋은집,36.69,15,2005,2000,80,2026,4,14
구로구,항동,하버라인3단지,74.87,7,2019,30000,90,2026,4,21
구로구,천왕동,천왕이펜하우스2단지,49.58,1,2011,10547,3,2026,4,21
구로구,천왕동,천왕이펜하우스2단지,49.58,8,2011,4804,35,2026,4,21
구로구,천왕동,천왕연지타운2단지,59.98,11,2014,19628,0,2026,4,21
구로구,개봉동,현대,84.99,8,2001,5000,200,2026,4,21
구로구,구로동,(792-74),43.8,4,1995,2000,60,2026,4,8
구로구,천왕동,천왕연지타운2단지,59.98,3,2014,16357,0,2026,4,21
구로구,천왕동,천왕연지타운2단지,49.89,10,2014,5439,35,2026,4,21
구로구,개봉동,센트레빌레우스1단지,74.9361,20,2020,25825,42,2026,4,21
구로구,고척동,고척아이파크(주상복합),79.89,19,2022,24000,55,2026,4,6
구로구,오류동,오류동행복주택,29.76,9,2018,11284,14,2026,4,20
구로구,고척동,고척아이파크(주상복합),79.89,19,2022,24000,55,2026,4,6
구로구,구로동,주공2,41.3,7,1987,23000,0,2026,4,20
구로구,천왕동,천왕연지타운2단지,59.98,10,2014,16357,0,2026,4,20
구로구,구로동,주공1,73.68,7,1986,31500,0,2026,4,20
구로구,구로동,쌍용플래티넘노블,107.98,24,2006,53000,0,2026,4,20
구로구,신도림동,신도림크라운빌,20.41,7,2015,3000,64,2026,4,14
구로구,고척동,고척파크푸르지오,84.94,9,2009,25000,160,2026,4,8
구로구,고척동,대우,59.96,8,1999,37000,0,2026,4,17
구로구,개봉동,한마을,59.57,16,1999,49000,0,2026,4,18
구로구,항동,항동제일풍경채포레스트,84.6614,12,2020,46650,0,2026,4,18
구로구,개봉동,센트레빌레우스1단지,74.9361,17,2020,25825,42,2026,4,7
구로구,신도림동,대림1,59.88,26,1999,3000,100,2026,4,11
구로구,천왕동,천왕이펜하우스2단지,49.58,9,2011,4804,35,2026,4,20
구로구,구로동,우성(23),64.4,8,1985,40000,0,2026,4,16
구로구,천왕동,천왕이펜하우스5단지,84.96,1,2011,19892,0,2026,4,20
구로구,천왕동,천왕연지타운2단지,59.98,16,2014,16357,0,2026,4,20
구로구,고척동,삼명,43.74,2,1977,13000,0,2026,4,18
구로구,온수동,온수힐스테이트,102.6,4,2010,5000,160,2026,4,18
구로구,구로동,구로두산,51.84,5,1998,38000,0,2026,4,18
구로구,천왕동,천왕연지타운2단지,101.99,8,2014,26028,0,2026,4,20
구로구,구로동,주공1,73.68,9,1986,31500,0,2026,4,10
구로구,천왕동,천왕연지타운2단지,101.99,7,2014,26028,0,2026,4,20
구로구,구로동,구로두산,44.64,25,1998,27820,0,2026,4,18
구로구,천왕동,천왕연지타운2단지,101.99,5,2014,26028,0,2026,4,20
구로구,천왕동,천왕연지타운2단지,101.99,8,2014,44100,0,2026,4,20
구로구,천왕동,천왕연지타운2단지,59.86,14,2014,16357,0,2026,4,20
구로구,개봉동,센트레빌레우스1단지,84.9716,29,2020,27891,48,2026,4,10
구로구,개봉동,동인,67.36,11,1989,3000,75,2026,4,18
구로구,신도림동,대림1,59.88,5,1999,20000,55,2026,4,19
구로구,온수동,온수힐스테이트,59.98,1,2010,28665,0,2026,4,17
구로구,천왕동,천왕연지타운2단지,49.89,15,2014,10928,4,2026,4,20
구로구,개봉동,삼호,84.88,14,1996,47250,0,2026,4,18
구로구,개봉동,삼환,84.945,19,1995,41000,0,2026,4,4
구로구,천왕동,천왕연지타운2단지,49.34,1,2014,11335,2,2026,4,18
구로구,항동,하버라인3단지,59.86,3,2019,10045,16,2026,4,17
구로구,항동,하버라인2단지,84.88,16,2019,58000,0,2026,4,18
구로구,구로동,비즈트위트레드,21.49,4,2016,15000,20,2026,4,18
구로구,천왕동,천왕연지타운2단지,101.99,10,2014,26028,0,2026,4,19
구로구,천왕동,천왕연지타운2단지,59.86,4,2014,16357,0,2026,4,19
구로구,구로동,구로두산,44.64,9,1998,24248,0,2026,4,17
구로구,항동,항동제일풍경채포레스트,84.9813,7,2020,46500,0,2026,4,18
구로구,천왕동,천왕연지타운2단지,59.86,10,2014,16357,0,2026,4,17
구로구,천왕동,천왕연지타운2단지,101.99,9,2014,26028,0,2026,4,20
구로구,천왕동,천왕연지타운2단지,49.89,4,2014,11129,3,2026,4,18
구로구,신도림동,동아1,148.296,17,1999,86000,0,2026,4,10
구로구,개봉동,센트레빌레우스1단지,84.9716,23,2020,17561,77,2026,4,20
구로구,천왕동,천왕연지타운2단지,59.95,2,2014,16357,0,2026,4,18
구로구,오류동,포스시티,14.29,19,2014,500,50,2026,4,3
구로구,구로동,중앙하이츠(1269),59.73,6,2001,39900,0,2026,4,18
구로구,신도림동,대림2,84.95,27,2001,70000,0,2026,4,20
구로구,천왕동,천왕연지타운2단지,101.99,3,2014,26028,0,2026,4,20
구로구,천왕동,천왕연지타운2단지,101.97,1,2014,26028,0,2026,4,19
구로구,천왕동,천왕연지타운2단지,59.95,12,2014,16357,0,2026,4,19
구로구,천왕동,천왕연지타운2단지,59.97,5,2014,19628,0,2026,4,19
구로구,천왕동,천왕연지타운2단지,49.89,1,2014,11129,3,2026,4,17
구로구,구로동,극동,90.98,9,1984,34500,0,2026,4,18
구로구,구로동,(750-7),45,3,1994,5000,48,2026,4,18
구로구,천왕동,천왕연지타운2단지,101.99,4,2014,26028,0,2026,4,20
구로구,천왕동,천왕연지타운2단지,59.86,5,2014,17174,0,2026,4,18
구로구,항동,하버라인3단지,59.86,15,2019,42000,0,2026,4,17
구로구,구로동,구로현대,56.49,7,1992,35000,0,2026,4,18
구로구,개봉동,개봉동현대아이파크,59.99,11,2006,10000,130,2026,4,18
구로구,고척동,청구,59.94,3,1999,33000,0,2026,4,18
구로구,천왕동,천왕연지타운2단지,59.97,4,2014,16357,0,2026,4,19
구로구,천왕동,천왕연지타운2단지,49.34,9,2014,7367,24,2026,4,17
구로구,천왕동,천왕연지타운2단지,59.95,16,2014,16357,0,2026,4,20
구로구,온수동,온수힐스테이트,59.98,11,2010,7000,140,2026,4,17
구로구,개봉동,센트레빌레우스1단지,74.9361,9,2020,25825,40,2026,4,20
구로구,신도림동,대림e-편한세상6,84.816,14,2003,77000,0,2026,4,8
구로구,개봉동,한진,59.95,8,2000,41500,0,2026,4,14
구로구,천왕동,천왕연지타운2단지,84.97,11,2014,23719,0,2026,4,17
구로구,신도림동,미성,37.91,13,1987,17000,0,2026,4,19
구로구,천왕동,천왕연지타운2단지,59.95,8,2014,16357,0,2026,4,17
구로구,천왕동,천왕연지타운2단지,101.99,7,2014,26028,0,2026,4,18
구로구,천왕동,천왕연지타운2단지,59.95,20,2014,16357,0,2026,4,17
구로구,오류동,오류동행복주택,16.84,6,2018,826,32,2026,4,15
구로구,구로동,순영웰라이빌1차,59.5,9,2003,16000,90,2026,4,7
구로구,개봉동,센트레빌레우스1단지,84.9716,12,2020,27891,48,2026,4,17
구로구,고척동,고척아이파크(주상복합),79.92,44,2022,24000,59,2026,4,17
구로구,천왕동,천왕연지타운2단지,49.89,15,2014,5439,35,2026,4,17
구로구,천왕동,천왕연지타운2단지,49.34,6,2014,11129,3,2026,4,17
구로구,신도림동,신도림3차푸르지오,82.8,6,2007,64000,0,2026,4,10
구로구,개봉동,센트레빌레우스1단지,84.9625,3,2020,27891,43,2026,4,14
구로구,구로동,(716-22)우진빌라C,48.4,2,2000,15000,0,2026,4,10
구로구,고척동,고척아이파크(주상복합),64.89,39,2022,22700,52,2026,4,17
구로구,항동,하버라인3단지,74.87,1,2019,50000,0,2026,4,17
구로구,고척동,서울가든,64.39,1,1989,29400,0,2026,4,17
구로구,개봉동,두산,59.69,9,1997,28000,0,2026,4,15
구로구,구로동,한신휴플러스(1280-0),50.03,2,2007,10000,130,2026,4,17
구로구,천왕동,천왕연지타운2단지,101.97,2,2014,26028,0,2026,4,17
구로구,천왕동,천왕연지타운2단지,59.98,8,2014,16357,0,2026,4,17
구로구,천왕동,천왕연지타운2단지,59.95,10,2014,16357,0,2026,4,17
구로구,항동,유한오크팰리스,59.154,7,2011,22800,0,2026,4,13
구로구,항동,항동중흥에스클래스베르데카운티,84.9416,9,2019,57500,0,2026,4,17
구로구,구로동,(797-38),21.92,2,1998,300,40,2026,4,16
구로구,천왕동,천왕연지타운2단지,59.86,5,2014,16357,0,2026,4,17
구로구,구로동,삼성래미안,78.665,6,2004,48620,0,2026,4,13
구로구,구로동,(742-62),42.11,3,1994,2000,60,2026,4,11
구로구,고척동,고척아이파크(주상복합),64.78,43,2022,17700,67,2026,4,13
구로구,천왕동,천왕연지타운2단지,84.97,14,2014,23719,0,2026,4,17
구로구,구로동,새솔금호,84.89,11,1996,35000,28,2026,4,4
구로구,구로동,현대연예인,74.66,9,1989,2000,150,2026,4,17
구로구,천왕동,천왕연지타운2단지,101.99,16,2014,49296,0,2026,4,16
구로구,천왕동,천왕연지타운2단지,59.86,5,2014,16357,0,2026,4,16
구로구,개봉동,센트레빌레우스1단지,84.9625,6,2020,27891,45,2026,4,17
구로구,천왕동,천왕연지타운2단지,59.86,3,2014,16357,0,2026,4,16
구로구,천왕동,천왕연지타운2단지,101.99,10,2014,26028,0,2026,4,17
구로구,천왕동,천왕연지타운2단지,101.99,6,2014,26028,0,2026,4,16
구로구,천왕동,천왕이펜하우스3단지,49.85,12,2011,3071,35,2026,4,14
구로구,천왕동,천왕연지타운2단지,59.98,11,2014,17992,0,2026,4,16
구로구,천왕동,천왕연지타운2단지,59.98,10,2014,16357,0,2026,4,16
구로구,오류동,오류동행복주택,16.84,9,2018,904,34,2026,4,15
구로구,항동,하버라인3단지,59.86,5,2019,2574,46,2026,4,16
구로구,천왕동,천왕연지타운2단지,84.97,15,2014,23719,0,2026,4,16
구로구,천왕동,천왕연지타운2단지,59.95,5,2014,16357,0,2026,4,16
구로구,천왕동,천왕연지타운2단지,59.86,11,2014,16357,0,2026,4,16
구로구,천왕동,천왕연지타운2단지,49.89,15,2014,6472,29,2026,4,16
구로구,천왕동,천왕연지타운2단지,59.98,16,2014,16357,0,2026,4,16
구로구,천왕동,천왕연지타운2단지,101.99,9,2014,26028,0,2026,4,16
구로구,천왕동,천왕연지타운2단지,59.86,8,2014,16357,0,2026,4,16
구로구,천왕동,천왕연지타운2단지,59.98,9,2014,16357,0,2026,4,16
구로구,천왕동,천왕연지타운2단지,59.98,13,2014,16357,0,2026,4,16
구로구,천왕동,천왕연지타운2단지,59.98,19,2014,16357,0,2026,4,16
구로구,천왕동,천왕연지타운2단지,49.34,12,2014,11129,3,2026,4,16
구로구,천왕동,천왕연지타운2단지,59.95,8,2014,16357,0,2026,4,16
구로구,천왕동,천왕연지타운2단지,59.98,11,2014,17992,0,2026,4,16
구로구,천왕동,천왕연지타운2단지,49.89,10,2014,11129,3,2026,4,16
구로구,천왕동,천왕연지타운2단지,49.89,13,2014,5439,35,2026,4,16
구로구,천왕동,천왕연지타운2단지,101.99,3,2014,26028,0,2026,4,16
구로구,천왕동,천왕연지타운2단지,101.99,13,2014,26028,0,2026,4,16
구로구,천왕동,천왕연지타운2단지,101.99,5,2014,26028,0,2026,4,16
구로구,천왕동,천왕연지타운2단지,59.95,6,2014,16357,0,2026,4,16
구로구,천왕동,천왕연지타운2단지,59.98,20,2014,16357,0,2026,4,16
구로구,천왕동,천왕연지타운2단지,49.34,6,2014,6526,42,2026,4,16
구로구,천왕동,천왕연지타운2단지,59.98,4,2014,17992,0,2026,4,16
구로구,천왕동,천왕연지타운2단지,49.34,11,2014,13304,17,2026,4,16
구로구,천왕동,천왕연지타운2단지,59.95,7,2014,16357,0,2026,4,16
구로구,천왕동,천왕연지타운2단지,59.86,4,2014,16357,0,2026,4,16
구로구,항동,하버라인3단지,49.86,4,2019,8501,14,2026,4,16
구로구,천왕동,천왕연지타운2단지,59.98,14,2014,16357,0,2026,4,16
구로구,천왕동,천왕연지타운2단지,59.98,6,2014,16357,0,2026,4,16
구로구,천왕동,천왕연지타운2단지,59.95,7,2014,16357,0,2026,4,16
구로구,천왕동,천왕연지타운2단지,101.97,1,2014,26028,0,2026,4,16
구로구,천왕동,천왕연지타운2단지,101.99,15,2014,26028,0,2026,4,16
구로구,오류동,오류동행복주택,44.83,13,2018,3380,76,2026,4,15
구로구,신도림동,SKVIEW,84.99,11,2006,68250,0,2026,4,15
구로구,천왕동,천왕연지타운2단지,101.97,6,2014,26028,0,2026,4,16
구로구,고척동,라이프플러스,33.525,3,2012,15500,0,2026,4,7
구로구,구로동,구로두산,44.64,5,1998,31000,0,2026,4,1
구로구,천왕동,천왕연지타운2단지,49.34,10,2014,11129,3,2026,4,16
구로구,천왕동,천왕연지타운2단지,59.95,12,2014,16357,0,2026,4,16
구로구,천왕동,천왕연지타운2단지,59.95,14,2014,17992,0,2026,4,16
구로구,천왕동,천왕연지타운2단지,59.95,5,2014,17992,0,2026,4,16
구로구,오류동,오류동행복주택,44.83,2,2018,11825,22,2026,4,16
구로구,천왕동,천왕연지타운2단지,49.89,5,2014,8621,17,2026,4,15
구로구,천왕동,천왕연지타운1단지,49.89,11,2013,6190,37,2026,4,15
구로구,천왕동,천왕연지타운2단지,101.97,7,2014,26028,0,2026,4,16
구로구,천왕동,천왕이펜하우스6단지,84.95,1,2011,19892,0,2026,4,15
구로구,항동,한양수자인에듀힐즈,84.9544,2,2019,57000,0,2026,4,15
구로구,항동,하버라인3단지,49.86,7,2019,5165,32,2026,4,16
구로구,오류동,동부(101동~103동),59.98,8,1998,6000,100,2026,4,15
구로구,개봉동,센트레빌레우스1단지,74.9361,34,2020,15495,71,2026,4,15
구로구,천왕동,천왕연지타운2단지,59.98,6,2014,17174,0,2026,4,16
구로구,천왕동,천왕연지타운2단지,59.98,6,2014,16357,0,2026,4,16
구로구,오류동,오류동행복주택,29.76,13,2018,11284,14,2026,4,15
구로구,개봉동,현대,59.94,2,2001,11000,160,2026,4,15
구로구,오류동,오류동행복주택,29.76,4,2018,292,26,2026,4,15
구로구,고척동,산업인,48.04,1,1976,9000,0,2026,4,14
구로구,천왕동,천왕이펜하우스3단지,114.85,9,2011,38367,0,2026,4,15
구로구,천왕동,천왕연지타운1단지,39.97,1,2013,1755,34,2026,4,15
구로구,천왕동,천왕이펜하우스2단지,49.58,8,2011,11069,0,2026,4,15
구로구,개봉동,한진,84.96,2,2000,37000,0,2026,4,15
구로구,개봉동,센트레빌레우스1단지,84.9625,8,2020,17561,74,2026,4,13
구로구,천왕동,천왕연지타운2단지,59.95,4,2014,17992,0,2026,4,15
구로구,항동,우남퍼스트빌더센트럴,84.9149,18,2020,50000,0,2026,4,4
구로구,천왕동,천왕연지마을2단지,19.83,2,2017,4755,9,2026,4,15
구로구,구로동,(741-7),34.12,3,1997,1000,70,2026,4,11
구로구,항동,항동중흥에스클래스베르데카운티,84.9416,6,2019,53000,0,2026,4,4
구로구,개봉동,센트레빌레우스1단지,84.9716,31,2020,27891,48,2026,4,15
구로구,신도림동,대림2,59.93,13,2001,52500,0,2026,4,14
구로구,구로동,럭키,71.4,5,1992,37500,0,2026,4,11
구로구,천왕동,천왕이펜하우스6단지,49.58,9,2011,8506,14,2026,4,14
구로구,고척동,고척아이파크(주상복합),64.95,39,2022,20300,46,2026,4,14
구로구,천왕동,천왕이펜하우스2단지,49.58,5,2011,8251,16,2026,4,13
구로구,구로동,주공1,84.87,6,1986,29400,40,2026,4,14
구로구,구로동,신도림태영타운,171.22,11,2000,90300,0,2026,4,13
구로구,신도림동,미성,37.91,8,1987,2500,50,2026,4,4
구로구,신도림동,대림1,59.88,19,1999,30000,80,2026,4,14
구로구,천왕동,천왕이펜하우스3단지,114.85,12,2011,42840,0,2026,4,14
구로구,구로동,중앙하이츠(1269),82.3019,16,2001,42000,0,2026,4,14
구로구,구로동,중앙하이츠(1269),82.3019,24,2001,39690,0,2026,4,14
구로구,구로동,신도림롯데아파트,59.68,19,1999,50000,20,2026,4,14
구로구,구로동,주공1,84.165,13,1986,35100,0,2026,4,14
구로구,개봉동,센트레빌레우스1단지,74.9361,5,2020,15495,67,2026,4,8
구로구,천왕동,천왕이펜하우스3단지,84.96,3,2011,22149,0,2026,4,14
구로구,천왕동,천왕이펜하우스2단지,84.97,6,2011,56700,0,2026,4,3
구로구,구로동,현대로얄,68.63,7,1987,30000,0,2026,4,10
구로구,개봉동,대상,59.93,13,1999,32000,0,2026,4,13
구로구,천왕동,천왕이펜하우스3단지,114.85,4,2011,38367,0,2026,4,14
구로구,천왕동,천왕이펜하우스4단지,49.58,6,2011,7886,15,2026,4,13
구로구,오류동,오류동행복주택,44.83,14,2018,13025,16,2026,4,13
구로구,신도림동,동아2,84.908,4,2000,69000,0,2026,4,13
구로구,구로동,봉일(797-8),42.2,2,1995,2000,65,2026,4,12
구로구,개봉동,센트레빌레우스1단지,84.9407,4,2020,27891,45,2026,4,9
구로구,개봉동,한마을,59.57,18,1999,47000,0,2026,4,11
구로구,개봉동,한진,59.95,5,2000,19000,57,2026,4,6
구로구,온수동,온수힐스테이트,59.98,4,2010,47000,0,2026,4,11
구로구,구로동,우방,84.9,10,1993,5000,140,2026,4,12
구로구,구로동,현대연예인,54.86,3,1989,10000,24,2026,4,11
구로구,오류동,오류동행복주택,29.76,4,2018,4692,17,2026,4,13
구로구,고척동,고척아이파크(주상복합),79.92,10,2022,11500,76,2026,4,13
구로구,천왕동,천왕연지마을2단지,33.63,3,2017,7262,10,2026,4,13
구로구,오류동,영풍마드레빌,84.741,12,2002,52000,0,2026,4,11
구로구,천왕동,천왕연지타운2단지,59.95,4,2014,19628,0,2026,4,13
구로구,온수동,온수힐스테이트,84.97,2,2010,47250,0,2026,4,11
구로구,개봉동,현대홈타운,115,23,2001,65000,0,2026,4,13
구로구,개봉동,세이지움개봉,18.5506,11,2025,8400,32,2026,4,13
구로구,개봉동,LIPe-푸른아파트,83.02,5,2014,36200,0,2026,4,10
구로구,구로동,신도림현대,80.01,4,1994,45000,0,2026,4,10
구로구,고척동,대우,59.96,16,1999,5000,120,2026,4,10
구로구,고척동,고척아이파크(아파트),79.97,3,2022,24800,56,2026,4,13
구로구,구로동,현대연예인,54.86,4,1989,26250,0,2026,4,13
구로구,항동,항동중흥에스클래스베르데카운티,84.9416,17,2019,10000,180,2026,4,13
구로구,신도림동,동아1,84.908,11,1999,64000,0,2026,4,9
구로구,구로동,신도림태영타운,84.87,13,2000,58000,0,2026,4,10
구로구,신도림동,미성,37.91,13,1987,25000,0,2026,4,11
구로구,신도림동,SKVIEW,84.98,26,2006,40000,105,2026,4,11
구로구,구로동,중앙하이츠,79.97,4,1987,5000,145,2026,4,11
구로구,구로동,현대로얄,79.79,5,1987,15000,70,2026,4,10
구로구,천왕동,천왕이펜하우스3단지,39.45,9,2011,2825,37,2026,4,13
구로구,개봉동,개봉동현대아이파크,84.98,4,2006,56700,0,2026,4,11
구로구,신도림동,대림e-편한세상4,152.07,24,2003,99000,0,2026,4,13
구로구,구로동,신도림롯데아파트,131.3,7,1999,30000,152,2026,4,11
구로구,고척동,고척LIG리가1차,84.91,2,2009,55000,0,2026,4,10
구로구,신도림동,동아3,60,26,2000,62000,0,2026,4,11
구로구,구로동,주공2,41.3,6,1987,23000,0,2026,4,10
구로구,항동,항동중흥에스클래스베르데카운티,84.9416,20,2019,50000,0,2026,4,11
구로구,개봉동,현대홈타운,59.49,24,2001,5000,145,2026,4,10
구로구,구로동,파인마루오피스텔,18.9,11,2016,1000,70,2026,4,9
구로구,개봉동,센트레빌레우스1단지,74.9361,1,2020,20660,45,2026,4,13
구로구,항동,항동중흥에스클래스베르데카운티,84.9416,13,2019,57000,0,2026,4,12
구로구,신도림동,대림e-편한세상4,117.74,13,2003,88000,0,2026,4,11
구로구,개봉동,개봉푸르지오,59.9,4,2014,29841,0,2026,4,10
구로구,구로동,신도림태영타운,84.87,14,2000,5250,133,2026,4,10
구로구,천왕동,천왕연지타운2단지,59.95,10,2014,17174,0,2026,4,10
구로구,오류동,동부골든,105.21,5,1998,41600,0,2026,4,9
구로구,천왕동,천왕이펜하우스4단지,84.95,8,2011,36750,0,2026,4,10
구로구,개봉동,세이지움개봉,18.5506,6,2025,10000,26,2026,4,10
구로구,구로동,우민늘푸른,84.702,5,2004,44880,0,2026,4,10
구로구,고척동,경남2,59.96,8,1999,37000,0,2026,4,9
구로구,고척동,청구,59.94,21,1999,5000,80,2026,4,10
구로구,신도림동,미성,37.91,13,1987,25000,0,2026,4,10
구로구,구로동,(750-7),45,4,1994,14000,0,2026,4,5
구로구,개봉동,센트레빌레우스1단지,74.9145,17,2020,25825,42,2026,4,10
구로구,신도림동,동아3,84.99,7,2000,70000,0,2026,4,9
구로구,신도림동,동아1,59.978,10,1999,58000,0,2026,4,10
구로구,고척동,고척아이파크(주상복합),79.89,15,2022,21500,48,2026,4,10
구로구,천왕동,천왕연지타운2단지,59.95,10,2014,16357,0,2026,4,10
구로구,신도림동,미성,52.45,1,1987,27400,0,2026,4,3
구로구,천왕동,천왕연지타운2단지,59.98,16,2014,16357,0,2026,4,9
구로구,오류동,오류동행복주택,44.83,9,2018,9725,32,2026,4,10
구로구,천왕동,천왕연지타운2단지,84.97,13,2014,23719,0,2026,4,10
구로구,개봉동,세이지움개봉,18.5506,14,2025,10000,26,2026,4,9
구로구,개봉동,고운아파트,84.91,2,2002,38500,0,2026,4,8
구로구,구로동,주공1,83.805,7,1986,5000,95,2026,4,2
구로구,천왕동,천왕연지타운2단지,59.95,15,2014,16357,0,2026,4,10
구로구,오류동,오류동행복주택,44.83,2,2018,15953,25,2026,4,9
구로구,구로동,현대연예인,84.91,5,1989,36000,0,2026,4,3
구로구,온수동,온수힐스테이트,121.28,12,2010,80000,0,2026,4,8
구로구,천왕동,천왕연지타운2단지,59.86,8,2014,17992,0,2026,4,9
구로구,천왕동,천왕연지타운2단지,49.34,6,2014,6472,29,2026,4,8
구로구,오류동,오류동행복주택,44.83,13,2018,12800,15,2026,4,9
구로구,항동,하버라인3단지,84.88,9,2019,4000,70,2026,4,8
구로구,구로동,중앙하이츠(1269),82.3019,1,2001,5000,190,2026,4,2
구로구,신도림동,동아2,59.595,20,2000,60000,0,2026,4,4
구로구,구로동,주공2,32.39,4,1987,17000,0,2026,4,8
구로구,구로동,현대상선,79.98,1,1987,40950,0,2026,4,7
구로구,개봉동,현대,84.99,14,2001,52500,0,2026,4,8
구로구,신도림동,신도림3차푸르지오,82.8,5,2007,62000,0,2026,4,8
구로구,구로동,주공1,73.68,5,1986,35500,0,2026,4,7
구로구,구로동,신도림태영타운,84.87,15,2000,61000,0,2026,4,4
구로구,개봉동,한마을,59.57,13,1999,3000,100,2026,4,6
구로구,신도림동,신도림크라운빌,20.41,3,2015,1200,79,2026,4,6
구로구,오류동,오류동행복주택,44.83,17,2018,16680,27,2026,4,7
구로구,천왕동,천왕연지타운2단지,59.98,13,2014,16357,0,2026,4,8
구로구,천왕동,천왕이펜하우스6단지,49.58,3,2011,11033,0,2026,4,8
구로구,천왕동,천왕연지타운2단지,49.89,1,2014,5439,35,2026,4,8
구로구,개봉동,한진,84.96,6,2000,40000,0,2026,4,6
구로구,신도림동,신도림크라운빌,20.81,4,2015,2000,66,2026,4,1
구로구,신도림동,신도림크라운빌,20.47,2,2015,1200,79,2026,4,6
구로구,구로동,(751-26),59.65,1,1996,13000,0,2026,4,8
구로구,구로동,구로오네뜨시티,25.07,17,2022,21000,0,2026,4,8
구로구,구로동,주공1,73.68,12,1986,36500,0,2026,4,7
구로구,구로동,한신,44.78,11,1988,28350,0,2026,4,8
구로구,개봉동,한진,59.95,1,2000,32550,0,2026,4,7
구로구,신도림동,동아3,60,20,2000,10000,220,2026,4,2
구로구,신도림동,미성,83.67,12,1987,55000,0,2026,4,7
구로구,신도림동,신도림크라운빌,20.47,7,2015,1500,75,2026,4,6
구로구,구로동,승윤노블리안,58.109,14,2020,30000,23,2026,4,7
구로구,신도림동,신도림크라운빌,20.47,16,2015,1200,81,2026,4,4
구로구,개봉동,센트레빌레우스1단지,84.9716,23,2020,27891,48,2026,4,7
구로구,고척동,고척아이파크(아파트),64.92,18,2022,23400,51,2026,4,6
구로구,구로동,주공2,41.3,8,1987,22000,0,2026,4,7
구로구,신도림동,신도림아이파크,57.5728,14,2015,33500,45,2026,4,6
구로구,오류동,비에이치수반애수목원아파트,57.2,2,2019,17503,20,2026,4,7
구로구,구로동,승윤노블리안,59.2505,6,2020,39000,0,2026,4,6
구로구,구로동,한신,45.563,10,1988,28350,0,2026,4,3
구로구,개봉동,개봉동현대아이파크,84.98,6,2006,57000,0,2026,4,7
구로구,천왕동,천왕이펜하우스2단지,49.58,8,2011,8423,15,2026,4,7
구로구,구로동,새솔금호,84.89,19,1996,38700,0,2026,4,4
구로구,오류동,오류동삼전솔하임,37.759,7,2020,24300,0,2026,4,4
구로구,고척동,삼익(1단지),59.82,9,2001,30300,0,2026,4,4
구로구,구로동,한일유앤아이,84.962,19,2006,43000,0,2026,4,3
구로구,구로동,현대연예인,74.66,15,1989,3000,100,2026,4,5
구로구,구로동,한스타워,59.96,20,1996,28800,0,2026,4,4
구로구,오류동,계림웨스트벨리,49.97,1,2021,2807,29,2026,4,6
구로구,구로동,대림역포스큐,14.579,20,2015,3000,45,2026,4,3
구로구,구로동,한일유앤아이,84.962,3,2006,43000,0,2026,4,4
구로구,개봉동,신세기,92.04,4,2003,30000,0,2026,4,4
구로구,구로동,주공2,49.94,5,1987,5000,85,2026,4,2
구로구,오류동,라인,59.52,19,1995,35000,0,2026,4,4
구로구,고척동,서울가든,64.39,6,1989,32000,0,2026,4,6
구로구,구로동,(791-44),50.91,2,1994,14000,20,2026,4,4
구로구,고척동,벽산베스트블루밍,84.896,4,2010,50000,0,2026,4,3
구로구,항동,항동제일풍경채포레스트,84.6614,13,2020,15000,170,2026,4,4
구로구,항동,하버라인3단지,59.86,3,2019,45500,0,2026,4,4
구로구,천왕동,천왕연지타운2단지,59.97,2,2014,7588,34,2026,4,4
구로구,천왕동,천왕연지타운2단지,49.94,14,2014,10749,5,2026,4,3
구로구,개봉동,현대홈타운,84.915,21,2001,56000,0,2026,4,4
구로구,항동,하버라인3단지,59.86,13,2019,10000,150,2026,4,4
구로구,구로동,한신,45.563,7,1988,30000,0,2026,4,1
구로구,신도림동,동아1,84.908,22,1999,10000,210,2026,4,3
구로구,구로동,승윤노블리안,54.842,14,2020,3000,100,2026,4,1
구로구,개봉동,삼환,59.4,1,1995,33000,0,2026,4,1
구로구,구로동,구로현대,56.49,2,1992,5000,105,2026,4,3
구로구,구로동,럭키,71.4,2,1992,20000,57,2026,4,3
구로구,신도림동,신도림크라운빌,20.41,13,2015,1200,79,2026,4,2
구로구,천왕동,천왕연지타운2단지,49.34,6,2014,12216,10,2026,4,2
구로구,천왕동,천왕연지타운2단지,59.98,4,2014,16357,0,2026,4,3
구로구,항동,하버라인3단지,59.86,4,2019,10045,16,2026,4,3
구로구,천왕동,천왕연지타운2단지,59.98,7,2014,16357,0,2026,4,3
구로구,개봉동,한진,59.95,13,2000,5000,90,2026,4,2
구로구,구로동,중앙하이츠,79.97,8,1987,39000,0,2026,4,2
구로구,항동,하버라인3단지,84.87,3,2019,50000,20,2026,4,2
구로구,구로동,구로오네뜨시티,16.71,19,2022,15700,0,2026,4,1
구로구,천왕동,천왕연지타운2단지,49.34,2,2014,5439,35,2026,4,2
구로구,신도림동,디큐브시티,105.45,42,2011,10000,360,2026,4,2
구로구,구로동,주공1,84.165,10,1986,36000,0,2026,4,2
구로구,오류동,오류동푸르지오,84.936,20,2004,46000,0,2026,4,2
구로구,천왕동,천왕이펜하우스2단지,49.58,6,2011,8251,16,2026,4,1
구로구,오류동,오류동푸르지오,84.936,4,2004,50000,0,2026,4,1
구로구,오류동,오류동행복주택,29.76,8,2018,8143,10,2026,4,1
구로구,천왕동,천왕연지타운2단지,59.98,8,2014,16357,0,2026,4,1
구로구,항동,하버라인11단지,39.69,10,2019,3553,30,2026,4,1
구로구,천왕동,천왕연지타운2단지,59.86,4,2014,16357,0,2026,4,1
구로구,천왕동,천왕연지타운2단지,59.86,17,2014,16357,0,2026,4,1
구로구,천왕동,천왕연지타운2단지,59.98,5,2014,16357,0,2026,4,1
구로구,구로동,구로두산,51.84,20,1998,35000,0,2026,4,1
구로구,천왕동,천왕연지타운2단지,49.34,7,2014,11129,3,2026,4,1
구로구,신도림동,동아2,59.595,10,2000,58000,0,2026,4,1
구로구,신도림동,SKVIEW,84.96,6,2006,70000,0,2026,4,1
구로구,개봉동,센트레빌레우스1단지,84.9625,10,2020,27891,47,2026,4,1
구로구,고척동,경남2,84.85,11,1999,43000,0,2026,4,1
구로구,오류동,오류동행복주택,29.76,4,2018,8243,10,2026,4,1
금천구,독산동,금천롯데캐슬골드파크1차,84.4214,9,2016,40000,150,2026,4,26
금천구,독산동,e편한세상독산더타워,59.6222,27,2019,53000,0,2026,4,23
금천구,시흥동,관악산벽산타운5,84.97,20,2004,40000,8,2026,4,10
금천구,가산동,삼익,59.94,1,1998,5000,90,2026,4,29
금천구,시흥동,남서울건영2,61.23,11,1989,25000,35,2026,4,7
금천구,독산동,독산오르페움타워,37.806,7,2020,28800,0,2026,4,11
금천구,시흥동,백운한비치5,40.17,3,2018,19000,10,2026,4,18
금천구,시흥동,와이즈플레이스,14.22,16,2012,500,45,2026,4,24
금천구,가산동,가산지웰에스테이트2차,14.12,12,2018,1000,63,2026,4,29
금천구,시흥동,삼익,84.96,19,1999,40000,0,2026,4,24
금천구,시흥동,백운한비치5,40.17,3,2018,19000,10,2026,4,18
금천구,독산동,아이유하임(1159),26.23,5,2020,300,24,2026,4,9
금천구,시흥동,무지개,67.93,8,1980,15000,0,2026,4,10
금천구,시흥동,무지개,67.93,8,1980,15000,0,2026,4,10
금천구,독산동,독산동한양수자인,68.307,15,2011,10000,150,2026,4,29
금천구,시흥동,무지개,53.79,9,1980,10000,0,2026,4,29
금천구,독산동,금천롯데캐슬골드파크3차,59.968,42,2018,64000,0,2026,4,14
금천구,시흥동,럭키남서울아파트,41.22,5,1981,2000,75,2026,4,19
금천구,독산동,금천롯데캐슬골드파크3차,59.9672,23,2018,30000,90,2026,4,29
금천구,시흥동,럭키남서울아파트,41.22,9,1981,16500,0,2026,4,30
금천구,독산동,금천롯데캐슬골드파크3차,59.9672,23,2018,30000,90,2026,4,29
금천구,가산동,가산지웰에스테이트2차,14.12,7,2018,1000,63,2026,4,25
금천구,시흥동,무지개,85.29,4,1980,11000,10,2026,4,22
금천구,가산동,가산지웰에스테이트2차,14.12,7,2018,1000,58,2026,4,20
금천구,독산동,e편한세상독산더타워,74.9482,35,2019,54300,0,2026,4,25
금천구,가산동,비즈트위트바이올렛5차,12.19,14,2014,500,57,2026,4,6
금천구,시흥동,남서울건영2,41.34,14,1989,21000,0,2026,4,30
금천구,가산동,G밸리페트라힐스,13.76,14,2020,14900,4,2026,4,23
금천구,독산동,독산역롯데캐슬,59.9603,3,2021,23293,47,2026,4,20
금천구,독산동,진도1차,59.94,4,1996,32000,0,2026,4,10
금천구,독산동,금천현대,84.83,21,2002,20000,160,2026,4,24
금천구,독산동,한신아파트,89.46,13,1991,51000,0,2026,4,25
금천구,독산동,독산동중앙하이츠빌,84.8768,18,2004,5000,200,2026,4,10
금천구,가산동,가산피어니빌,14.0429,4,2017,500,55,2026,4,27
금천구,시흥동,남서울건영2,41.34,9,1989,5000,60,2026,4,8
금천구,가산동,두산,101.67,20,1998,5000,180,2026,4,18
금천구,시흥동,시흥베르빌,84.94,5,2004,10000,130,2026,4,17
금천구,시흥동,관악산벽산타운5,84.97,9,2004,41000,0,2026,4,29
금천구,독산동,독산주공14단지,44.94,15,1990,2000,85,2026,4,17
금천구,시흥동,힐캐슬,53.38,6,2012,10000,60,2026,4,23
금천구,시흥동,삼익,114.48,18,1999,45000,0,2026,4,14
금천구,가산동,가산지웰에스테이트2차,14.12,7,2018,2500,51,2026,4,29
금천구,시흥동,남서울힐스테이트,84.786,13,2014,62000,0,2026,4,10
금천구,시흥동,벽산3,59.94,4,1998,27000,0,2026,4,29
금천구,가산동,비즈트위트바이올렛5차,12.19,11,2014,500,54,2026,4,5
금천구,가산동,비즈트위트바이올렛5차,12.19,10,2014,1000,49,2026,4,28
금천구,가산동,가산지웰에스테이트2차,14.12,8,2018,3700,42,2026,4,24
금천구,시흥동,벽산,59.94,14,2000,25000,25,2026,4,23
금천구,시흥동,관악산벽산타운5,84.97,3,2004,5000,150,2026,4,24
금천구,가산동,가산지웰에스테이트2차,14.94,7,2018,9000,30,2026,4,11
금천구,시흥동,관악산벽산타운5,59.34,16,2004,31000,0,2026,4,30
금천구,가산동,하이펠리스,25.83,9,2021,1000,110,2026,4,23
금천구,시흥동,와이즈플레이스,14.22,20,2012,500,50,2026,4,30
금천구,가산동,가산지웰에스테이트2차,14.21,11,2018,800,61,2026,4,18
금천구,독산동,금천롯데캐슬골드파크3차,59.9672,38,2018,20000,160,2026,4,24
금천구,가산동,가산지웰에스테이트2차,14.12,7,2018,1000,59,2026,4,5
금천구,시흥동,백운플러스타워,29.49,11,2020,22000,0,2026,4,30
금천구,시흥동,남서울건영아파트,89.47,1,1982,3000,165,2026,4,18
금천구,시흥동,관악산신도브래뉴,84.8,11,2006,5000,125,2026,4,24
금천구,독산동,e편한세상독산더타워,59.8637,35,2019,56000,0,2026,4,30
금천구,독산동,독산주공14단지,38.64,12,1990,1500,83,2026,4,29
금천구,독산동,골드캐슬(1031-22),16.78,11,2014,11400,0,2026,4,30
금천구,독산동,태영아파트,59.86,4,2001,9100,65,2026,4,29
금천구,가산동,씨앤에스타워,23.86,3,2017,4500,72,2026,4,7
금천구,독산동,한신아파트,89.46,8,1991,48000,0,2026,4,23
금천구,독산동,한아프라임101동,76.25,6,2004,30000,0,2026,4,29
금천구,독산동,신도브래뉴,55.55,2,2002,38000,0,2026,4,25
금천구,독산동,금천롯데캐슬골드파크1차,84.8114,19,2016,65000,12,2026,4,27
금천구,시흥동,벽산3,59.94,9,1998,30000,0,2026,4,2
금천구,시흥동,골드리버,17.96,12,2021,16500,20,2026,4,28
금천구,독산동,금천롯데캐슬골드파크1차,59.9384,18,2016,43524,0,2026,4,29
금천구,가산동,한국후지필름복합주거시설,16.95,16,2017,1000,67,2026,4,28
금천구,독산동,독산역롯데캐슬,84.8665,19,2021,26000,66,2026,4,24
금천구,독산동,독산주공14단지,44.94,2,1990,23000,0,2026,4,24
금천구,독산동,한신아파트,89.46,24,1991,46000,0,2026,4,24
금천구,시흥동,우방,59.91,4,2002,34000,0,2026,4,28
금천구,시흥동,벽산,59.94,7,2000,28000,0,2026,4,28
금천구,독산동,금천롯데캐슬골드파크1차,84.4417,33,2016,51480,0,2026,4,28
금천구,독산동,세진(1037-31),84.45,2,2005,26000,50,2026,4,24
금천구,독산동,독산주공14단지,38.64,2,1990,14000,0,2026,4,28
금천구,시흥동,관악산벽산타운5,84.97,13,2004,40000,0,2026,4,25
금천구,가산동,가산지웰에스테이트,15.09,12,2013,400,53,2026,4,3
금천구,시흥동,관악산벽산타운5,84.97,6,2004,21000,68,2026,4,27
금천구,시흥동,럭키남서울아파트,41.22,3,1981,4500,55,2026,4,11
금천구,가산동,가산지웰에스테이트2차,14.12,10,2018,1000,60,2026,4,27
금천구,시흥동,관악산벽산타운5,114.84,2,2004,5000,165,2026,4,10
금천구,독산동,진도2차,59.95,5,1997,12000,90,2026,4,23
금천구,독산동,독산동한양수자인,67.925,12,2011,5000,130,2026,4,17
금천구,가산동,서울금천행복주택,16.13,4,2023,2736,10,2026,4,27
금천구,가산동,서울금천행복주택,36.53,8,2023,6084,23,2026,4,27
금천구,가산동,서울금천행복주택,36.53,16,2023,6084,23,2026,4,27
금천구,가산동,서울금천행복주택,16.13,7,2023,2736,10,2026,4,27
금천구,시흥동,우방,59.91,25,2002,33000,0,2026,4,26
금천구,시흥동,벽산,59.94,14,2000,25000,25,2026,4,23
금천구,독산동,진도2차,59.95,5,1997,12000,90,2026,4,23
금천구,독산동,독산동중앙하이츠빌,84.8768,7,2004,53000,0,2026,4,24
금천구,독산동,독산동중앙하이츠빌,84.8768,17,2004,46000,0,2026,4,23
금천구,시흥동,무지개,53.75,8,1980,5000,20,2026,4,9
금천구,시흥동,남서울건영2,61.14,6,1989,100,100,2026,4,17
금천구,가산동,씨앤에스타워,23.47,6,2017,16300,20,2026,4,22
금천구,독산동,독산주공14단지,38.64,11,1990,8000,35,2026,4,22
금천구,가산동,비즈트위트바이올렛5차,12.19,15,2014,500,57,2026,4,7
금천구,독산동,금천롯데캐슬골드파크1차,59.9384,13,2016,33222,0,2026,4,22
금천구,시흥동,SM엘루이,84.97,8,2012,50000,0,2026,4,17
금천구,시흥동,관악산벽산타운5,84.97,15,2004,25000,60,2026,4,14
금천구,시흥동,관악산벽산타운5,84.97,5,2004,8500,122,2026,4,10
금천구,시흥동,삼익,59.9,11,1999,32000,0,2026,4,11
금천구,독산동,금천롯데캐슬골드파크3차,59.968,17,2018,57000,0,2026,4,13
금천구,독산동,독산역롯데캐슬,59.5685,20,2021,19095,64,2026,4,21
금천구,독산동,독산역롯데캐슬,59.9603,11,2021,23293,50,2026,4,21
금천구,시흥동,럭키남서울아파트,49.79,7,1981,25000,0,2026,4,3
금천구,가산동,두산,59.84,24,1998,34500,0,2026,4,20
금천구,독산동,독산역롯데캐슬,59.799,22,2021,22902,55,2026,4,10
금천구,독산동,금천롯데캐슬골드파크1차,84.8114,8,2016,61000,60,2026,4,18
금천구,독산동,독산역롯데캐슬,84.9416,10,2021,27066,65,2026,4,15
금천구,시흥동,대도훼미리,59.01,5,1991,18000,0,2026,4,16
금천구,독산동,독산역롯데캐슬,59.5685,5,2021,23360,50,2026,4,20
금천구,시흥동,시흥목련,58.4,2,1996,5000,100,2026,4,20
금천구,독산동,금천롯데캐슬골드파크3차,59.968,13,2018,30000,130,2026,4,3
금천구,시흥동,남서울건영2,41.34,6,1989,10000,30,2026,4,10
금천구,시흥동,관악산벽산타운5,114.84,16,2004,46700,0,2026,4,18
금천구,시흥동,관악산벽산타운5,59.34,1,2004,31000,0,2026,4,17
금천구,가산동,비즈트위트바이올렛5차,12.19,8,2014,500,58,2026,4,6
금천구,시흥동,벽산,59.94,12,2000,29500,0,2026,4,18
금천구,시흥동,관악산벽산타운5,84.97,14,2004,33150,0,2026,4,20
금천구,독산동,독산역롯데캐슬,59.9603,3,2021,23293,47,2026,4,20
금천구,독산동,독산역롯데캐슬,59.9603,10,2021,23199,51,2026,4,20
금천구,독산동,금천롯데캐슬골드파크1차,84.4657,31,2016,75000,0,2026,4,7
금천구,시흥동,남서울건영아파트,77.02,13,1982,20000,40,2026,4,17
금천구,독산동,e편한세상독산더타워,84.9256,37,2019,65000,0,2026,4,18
금천구,시흥동,관악산벽산타운5,59.34,4,2004,10000,80,2026,4,18
금천구,시흥동,삼익,84.96,1,1999,33000,0,2026,4,16
금천구,시흥동,와이즈플레이스,14.22,17,2012,500,50,2026,4,17
금천구,가산동,비즈트위트바이올렛5차,12.19,9,2014,500,57,2026,4,13
금천구,독산동,금천롯데캐슬골드파크3차,84.408,10,2018,77000,0,2026,4,10
금천구,독산동,독산역롯데캐슬,59.799,2,2021,10557,76,2026,4,20
금천구,시흥동,무지개,67.93,8,1980,15000,0,2026,4,10
금천구,시흥동,관악산벽산타운5,114.84,7,2004,49000,0,2026,4,17
금천구,시흥동,SM엘루이,71.09,6,2012,1000,40,2026,4,3
금천구,시흥동,우방,59.91,9,2002,34000,0,2026,4,17
금천구,시흥동,남서울건영아파트,77.02,7,1982,3000,120,2026,4,16
금천구,시흥동,벽산,32.7,5,2000,1077,15,2026,4,16
금천구,독산동,한신아파트,89.46,6,1991,21000,95,2026,4,16
금천구,시흥동,시흥동월드메르디앙,82.81,1,2006,39000,0,2026,4,11
금천구,독산동,골드캐슬(1031-22),16.78,11,2014,11300,0,2026,4,16
금천구,시흥동,럭키남서울아파트,41.26,6,1981,18500,0,2026,4,4
금천구,시흥동,백운플러스타워,29.49,11,2020,22000,0,2026,4,15
금천구,가산동,한국후지필름복합주거시설,16.95,13,2017,1000,65,2026,4,15
금천구,시흥동,관악산벽산타운5,84.97,1,2004,35500,0,2026,4,15
금천구,시흥동,시흥목련,28.95,5,1996,2392,5,2026,4,15
금천구,독산동,독산역롯데캐슬,59.799,22,2021,22902,55,2026,4,15
금천구,독산동,독산역롯데캐슬,59.5685,3,2021,22000,52,2026,4,13
금천구,독산동,진도3차아파트,59.34,8,1999,35000,0,2026,4,14
금천구,가산동,가산양우내안에애플,12.04,10,2013,9100,2,2026,4,9
금천구,시흥동,럭키남서울아파트,49.79,8,1981,4000,47,2026,4,14
금천구,시흥동,시흥베르빌,81.16,18,2004,40000,23,2026,4,14
금천구,시흥동,삼익,59.9,11,1999,32000,0,2026,4,11
금천구,가산동,두산,59.84,20,1998,40000,0,2026,4,14
금천구,시흥동,무지개,84.96,10,1980,2000,60,2026,4,14
금천구,시흥동,남서울힐스테이트,84.677,13,2014,64000,0,2026,4,12
금천구,시흥동,관악산벽산타운5,59.34,2,2004,34500,0,2026,4,14
금천구,독산동,금천롯데캐슬골드파크1차,101.8346,2,2016,76000,0,2026,4,13
금천구,시흥동,관악산벽산타운5,114.84,7,2004,46000,0,2026,4,12
금천구,독산동,한신아파트,89.46,4,1991,43000,0,2026,4,13
금천구,시흥동,럭키남서울아파트,41.26,2,1981,20000,0,2026,4,11
금천구,가산동,비즈트위트바이올렛5차,12.19,14,2014,500,55,2026,4,2
금천구,시흥동,관악산벽산타운5,114.84,18,2004,45150,0,2026,4,11
금천구,가산동,가산지웰에스테이트2차,14.12,11,2018,500,58,2026,4,10
금천구,독산동,독산역롯데캐슬,84.8665,11,2021,26338,69,2026,4,13
금천구,독산동,금천롯데캐슬골드파크3차,84.408,8,2018,72450,0,2026,4,11
금천구,독산동,독산주공14단지,38.64,15,1990,5000,60,2026,4,11
금천구,가산동,가산지웰에스테이트2차,14.12,12,2018,11490,13,2026,4,10
금천구,시흥동,관악산벽산타운5,84.97,18,2004,36000,0,2026,4,10
금천구,독산동,금천롯데캐슬골드파크1차,59.9384,11,2016,60900,0,2026,4,11
금천구,가산동,가산지웰에스테이트2차,14.12,11,2018,500,58,2026,4,10
금천구,가산동,가산양우내안에애플,12.04,17,2013,8700,15,2026,4,5
금천구,시흥동,남서울힐스테이트,84.697,21,2014,55000,0,2026,4,1
금천구,가산동,가산지웰에스테이트,33.14,7,2013,2000,100,2026,4,8
금천구,시흥동,남서울힐스테이트,59.87,7,2014,43700,0,2026,4,9
금천구,시흥동,무지개,53.88,1,1980,1000,40,2026,4,2
금천구,독산동,계룡아파트,84.96,2,1998,20000,70,2026,4,9
금천구,독산동,금천롯데캐슬골드파크3차,59.9672,14,2018,64000,0,2026,4,8
금천구,독산동,독산역롯데캐슬,59.799,32,2021,22000,60,2026,4,8
금천구,독산동,라이프,84.74,13,1996,20000,70,2026,4,8
금천구,가산동,비즈트위트바이올렛5차,12.19,10,2014,500,57,2026,4,6
금천구,가산동,가산양우내안에애플,12.04,18,2013,9600,0,2026,4,7
금천구,시흥동,남서울건영2,61.23,8,1989,8000,30,2026,4,8
금천구,가산동,한국후지필름복합주거시설,16.95,10,2017,1000,65,2026,4,4
금천구,독산동,대덕트윈빌,59.56,3,2002,38000,0,2026,4,4
금천구,가산동,비즈트위트바이올렛5차,12.19,8,2014,500,57,2026,4,6
금천구,독산동,금천롯데캐슬골드파크3차,59.9662,28,2018,60000,0,2026,4,6
금천구,독산동,독산역롯데캐슬,59.9603,10,2021,19412,61,2026,4,6
금천구,시흥동,관악산벽산타운5,84.97,16,2004,34000,0,2026,4,4
금천구,시흥동,럭키남서울아파트,49.79,11,1981,21000,0,2026,4,4
금천구,시흥동,현대(209),82.53,3,1996,16000,75,2026,4,4
금천구,시흥동,벽산,84.99,15,2000,42000,0,2026,4,4
금천구,시흥동,남서울힐스테이트,84.786,19,2014,5000,160,2026,4,4
금천구,독산동,금천롯데캐슬골드파크3차,59.9662,14,2018,55000,0,2026,4,4
금천구,독산동,금천롯데캐슬골드파크1차,72.5249,9,2016,10000,220,2026,4,4
금천구,시흥동,금광,83.2925,2,2004,42000,0,2026,4,3
금천구,시흥동,삼익,84.96,5,1999,40000,0,2026,4,1
금천구,시흥동,삼익,84.96,21,1999,39000,0,2026,4,3
금천구,시흥동,무지개,67.93,7,1980,14300,0,2026,4,1
영등포구,양평동4가,삼호한숲,59.96,2,2000,37533,1,2026,4,5
영등포구,양평동3가,양평역미소지움,59.469,7,2018,53000,0,2026,4,17
영등포구,대림동,현대3차,43.92,2,1997,18000,40,2026,4,30
영등포구,당산동4가,당산삼성2차,59.76,3,1997,65000,0,2026,4,5
영등포구,여의도동,시범,118.12,3,1971,30000,50,2026,4,29
영등포구,영등포동8가,삼환,59.91,18,1999,43540,0,2026,4,25
영등포구,영등포동8가,삼환,84.87,3,1999,68250,0,2026,4,25
영등포구,신길동,건영,60.27,6,1985,33000,0,2026,4,14
영등포구,문래동4가,문래동삼환,59.85,19,2001,38000,0,2026,4,22
영등포구,양평동3가,우림루미아트,84.88,3,2004,65000,0,2026,4,18
영등포구,문래동3가,문래우정,114.93,5,1998,25000,150,2026,4,17
영등포구,양평동3가,삼호,59.96,21,1998,5000,148,2026,4,6
영등포구,신길동,신길센트럴자이아파트,59.98,13,2021,65000,0,2026,4,4
영등포구,대림동,e편한세상영등포아델포레,84.9948,8,2020,30000,180,2026,4,12
영등포구,양평동1가,영등포자이디그니티,84.906,4,2026,98000,0,2026,4,6
영등포구,당산동3가,삼익,82.65,7,1979,44000,0,2026,4,4
영등포구,영등포동,영등포푸르지오,73.133,20,2002,70000,0,2026,4,4
영등포구,양평동1가,영등포자이디그니티,59.9968,9,2026,80000,0,2026,4,4
영등포구,신길동,여의도리버뷰,12.96,4,2012,1000,50,2026,4,28
영등포구,문래동2가,남성,58.52,14,1983,25000,0,2026,4,7
영등포구,양평동4가,삼호한숲,59.96,2,2000,37533,1,2026,4,5
영등포구,신길동,삼성,60.48,4,1984,2000,100,2026,4,25
영등포구,여의도동,시범,79.24,11,1971,3000,160,2026,4,8
영등포구,문래동5가,문래모아미래도,84.81,8,2017,79000,0,2026,4,15
영등포구,여의도동,시범,79.24,2,1971,40000,0,2026,4,24
영등포구,문래동4가,문래동삼환,84.98,3,2001,58000,0,2026,4,7
영등포구,당산동3가,삼익,82.65,7,1979,44000,0,2026,4,4
영등포구,신길동,삼두,42.12,10,1987,3000,88,2026,4,18
영등포구,당산동4가,당산반도유보라팰리스,84.99,14,2010,95000,0,2026,4,4
영등포구,당산동2가,당산대우,31.73,5,1999,10000,55,2026,4,25
영등포구,당산동2가,당산대우,31.73,16,1999,5000,68,2026,4,6
영등포구,영등포동7가,아크로타워스퀘어,84.71,9,2017,94500,0,2026,4,8
영등포구,문래동6가,유원문래,84.98,3,1991,57000,0,2026,4,3
영등포구,신길동,우성3,64.4,8,1989,45000,0,2026,4,25
영등포구,당산동2가,당산대우,31.73,19,1999,2000,80,2026,4,25
영등포구,신길동,우성1,64.4,9,1986,32400,0,2026,4,19
영등포구,대림동,신동아,67.41,14,1987,36000,0,2026,4,6
영등포구,여의도동,삼부,92.13,15,1975,37200,50,2026,4,25
영등포구,문래동6가,현대1차,79.52,5,1986,32000,100,2026,4,21
영등포구,도림동,영등포아트자이,143.591,3,2014,79800,0,2026,4,18
영등포구,여의도동,진주,94.31,1,1977,50000,110,2026,4,30
영등포구,여의도동,삼익,123.27,10,1974,80000,0,2026,4,1
영등포구,신길동,여의도리버뷰,12.96,4,2012,1000,50,2026,4,28
영등포구,문래동3가,문래해태,84.8,1,1999,43000,0,2026,4,7
영등포구,신길동,보라매에스케이뷰,59.98,9,2020,80000,0,2026,4,30
영등포구,당산동4가,당산현대5차,59.75,13,2000,35000,110,2026,4,27
영등포구,신길동,여의도리버뷰,12.96,5,2012,500,58,2026,4,26
영등포구,문래동6가,문래롯데캐슬,52.62,3,2020,10000,107,2026,4,22
영등포구,당산동4가,한강아파트,84.98,18,1999,74000,0,2026,4,13
영등포구,당산동5가,당산디오빌,59.98,15,2005,59000,0,2026,4,28
영등포구,여의도동,롯데캐슬아이비,150.8,5,2005,125000,0,2026,4,17
영등포구,양평동1가,신동아,61.59,5,1982,40000,20,2026,4,2
영등포구,당산동,드림시드,64.02,5,2005,47250,0,2026,4,25
영등포구,여의도동,시범,118.12,3,1971,30000,50,2026,4,29
영등포구,신길동,경남,59.96,15,1999,55000,0,2026,4,17
영등포구,여의도동,시범,79.24,1,1971,3000,131,2026,4,6
영등포구,당산동6가,유탑유블레스,13.7067,5,2012,500,85,2026,4,28
영등포구,양평동6가,리츠뷰,58.08,4,2014,30000,100,2026,4,17
영등포구,영등포동1가,여의도이튼브라운,28.86,4,2022,36800,0,2026,4,14
영등포구,여의도동,시범,79.24,5,1971,31000,0,2026,4,14
영등포구,신길동,보라매에스케이뷰,84.98,7,2020,73500,0,2026,4,4
영등포구,여의도동,공작,91.97,4,1976,54000,0,2026,4,28
영등포구,문래동6가,유원문래,84.98,3,1991,57000,0,2026,4,3
영등포구,문래동6가,현대2차,79.72,12,1987,50400,0,2026,4,27
영등포구,영등포동1가,내이처해밀,14.24,5,2012,1000,60,2026,4,11
영등포구,영등포동1가,여의도더리브스타일,14.8376,22,2020,18225,14,2026,4,3
영등포구,양평동1가,신동아,50.81,10,1982,38000,0,2026,4,18
영등포구,도림동,한라,59.85,17,1998,43000,0,2026,4,21
영등포구,여의도동,시범,60.96,9,1971,33000,0,2026,4,25
영등포구,양평동4가,성원,84.66,19,1993,30000,120,2026,4,4
영등포구,대림동,영등포자이르네,49.01,4,2022,40000,55,2026,4,26
영등포구,신길동,광산로얄,84.77,5,2004,5000,140,2026,4,27
영등포구,여의도동,광장,150.71,7,1978,100000,0,2026,4,23
영등포구,여의도동,롯데캐슬아이비,137.09,10,2005,135000,0,2026,4,30
영등포구,양평동4가,성원,84.6,1,1993,60000,0,2026,4,1
영등포구,문래동6가,e편한세상 문래 에듀플라츠,59.9833,6,2020,40000,83,2026,4,24
영등포구,신길동,삼환,84.84,7,1997,45200,8,2026,4,21
영등포구,대림동,무림,69.95,2,1981,21800,0,2026,4,14
영등포구,문래동6가,문래미원,124.41,4,1996,66000,0,2026,4,18
영등포구,대림동,현대3차,59.83,23,1997,45150,0,2026,4,25
영등포구,당산동,래미안당산1차,59.97,16,1995,56700,0,2026,4,30
영등포구,여의도동,여의도자이,148.94,30,2008,10000,630,2026,4,28
영등포구,대림동,현대3차,43.92,19,1997,34459,0,2026,4,25
영등포구,당산동5가,성원,84.96,11,1997,55000,50,2026,4,5
영등포구,여의도동,롯데캐슬엠파이어,107.58,10,2005,125000,0,2026,4,27
영등포구,당산동5가,당산디오빌,29.23,6,2005,1000,90,2026,4,21
영등포구,여의도동,삼부,135.8,8,1975,20000,225,2026,4,11
영등포구,당산동,휴브리지빌딩,18.37,9,2012,11300,20,2026,4,20
영등포구,당산동,THESILK,16.93,8,2013,1000,69,2026,4,30
영등포구,여의도동,삼부,92.13,4,1975,63000,0,2026,4,28
영등포구,당산동4가,당산삼성2차,84.93,8,1997,75000,0,2026,4,30
영등포구,양평동1가,영등포중흥에스클래스,24.85,17,2021,2000,105,2026,4,22
영등포구,대림동,보라매 신동아 파밀리에,84.83,1,2016,10000,211,2026,4,28
영등포구,문래동6가,한신,107.46,5,1985,46000,0,2026,4,8
영등포구,영등포동7가,훼미리하우스117,16.98,13,2012,10000,15,2026,4,19
영등포구,영등포동1가,여의도의아침,12.32,5,2012,500,53,2026,4,18
영등포구,신길동,한성,134.33,3,1997,75000,0,2026,4,21
영등포구,여의도동,공작,93.06,4,1976,56000,0,2026,4,20
영등포구,신길동,신길센트럴아이파크,59.97,12,2019,30000,170,2026,4,24
영등포구,신길동,보라매에스케이뷰,84.98,7,2020,97000,0,2026,4,18
영등포구,신길동,신길파크자이,59.97,2,2022,20000,230,2026,4,27
영등포구,당산동4가,브라운스톤당산,84.005,12,2015,10000,280,2026,4,20
영등포구,당산동,THESILK,16.93,8,2013,1000,69,2026,4,30
영등포구,당산동,미진리버빌,19.39,8,2012,1000,56,2026,4,20
영등포구,신길동,래미안영등포프레비뉴,84.98,13,2015,68250,0,2026,4,4
영등포구,문래동6가,문래베어스타운,59.95,7,1997,46000,0,2026,4,25
영등포구,신길동,한성,134.33,17,1997,47250,30,2026,4,10
영등포구,신길동,래미안영등포프레비뉴,59.99,8,2015,61950,0,2026,4,23
영등포구,영등포동1가,여의도의아침,12.03,5,2012,1000,60,2026,4,5
영등포구,영등포동1가,헤렌어반,13.331,9,2011,1000,65,2026,4,22
영등포구,신길동,삼환,84.84,15,1997,10000,220,2026,4,19
영등포구,당산동5가,당산센트럴아이파크,71.98,26,2020,40000,200,2026,4,14
영등포구,신길동,우성3,53.24,14,1989,35000,0,2026,4,24
영등포구,문래동6가,현대2차,41.04,3,1987,5000,110,2026,4,28
영등포구,신길동,신풍두산위브,84.7,7,2005,53550,0,2026,4,14
영등포구,영등포동8가,영등포메이준2011,12.23,14,2012,500,60,2026,4,30
영등포구,영등포동2가,현대팰리스,57.15,12,2016,3000,105,2026,4,28
영등포구,당산동2가,당산2가현대홈타운,82.77,7,1994,65000,0,2026,4,17
영등포구,영등포동7가,아크로타워스퀘어,84.75,20,2017,94500,0,2026,4,22
영등포구,당산동4가,당산금호어울림,84.25,3,2002,75000,0,2026,4,25
영등포구,영등포동7가,엔비어스파크,16.645,15,2020,1000,72,2026,4,23
영등포구,대림동,쌍용플래티넘S,18.24,10,2013,1000,50,2026,4,13
영등포구,영등포동1가,여의도의아침,12.03,10,2012,1000,50,2026,4,29
영등포구,문래동2가,남성,58.52,12,1983,18900,0,2026,4,29
영등포구,여의도동,미성,92.56,13,1978,20000,210,2026,4,27
영등포구,당산동,드림리버빌,74.14,9,2002,20000,180,2026,4,20
영등포구,영등포동2가,경동미르웰여의도,14.03,6,2017,1000,68,2026,4,27
영등포구,당산동5가,당산센트럴아이파크,84.98,24,2020,45000,280,2026,4,17
영등포구,영등포동1가,프라다,12.18,7,2013,1000,47,2026,4,3
영등포구,영등포동2가,여의도리미티오148,26.1509,9,2022,33000,13,2026,4,28
영등포구,영등포동4가,영등포그랑그루,12.1,8,2012,500,70,2026,4,18
영등포구,영등포동8가,삼환,59.91,15,1999,48000,55,2026,4,27
영등포구,당산동,래미안당산1차,59.97,15,1995,47000,85,2026,4,25
영등포구,신길동,우성3,83.66,7,1989,55000,0,2026,4,1
영등포구,영등포동7가,아크로타워스퀘어,84.69,14,2017,86600,0,2026,4,18
영등포구,양평동3가,현대2차,80.92,6,1990,40000,90,2026,4,25
영등포구,신길동,보라매에스케이뷰,59.98,11,2020,73500,0,2026,4,18
영등포구,여의도동,대교,95.5,11,1975,6000,110,2026,4,3
영등포구,여의도동,시범,60.96,2,1971,3000,130,2026,4,13
영등포구,여의도동,삼익,123.27,4,1974,60000,130,2026,4,8
영등포구,도림동,에스제이팰리스,26.16,10,2019,3000,105,2026,4,27
영등포구,신길동,여의도리버뷰,12.96,6,2012,500,57,2026,4,24
영등포구,도림동,에스제이팰리스,26.16,10,2019,3000,105,2026,4,27
영등포구,신길동,비스타동원,28.7519,5,2024,19900,11,2026,4,30
영등포구,양평동5가,양평한신,84.87,14,1996,70000,0,2026,4,10
영등포구,여의도동,삼부,135.8,12,1975,70000,0,2026,4,6
영등포구,영등포동,두산위브,59.8,7,2004,47800,0,2026,4,18
영등포구,여의도동,시범,118.12,5,1971,70000,0,2026,4,30
영등포구,신길동,우성2,64.4,12,1986,32000,0,2026,4,25
영등포구,여의도동,목화,89.92,1,1977,20000,160,2026,4,30
영등포구,신길동,여의도리버뷰,12.96,4,2012,500,56,2026,4,26
영등포구,신길동,한성,134.33,17,1997,52000,30,2026,4,10
영등포구,여의도동,시범,60.96,3,1971,28000,0,2026,4,29
영등포구,대림동,한신휴1차,114.54,12,1998,60000,0,2026,4,10
영등포구,대림동,(1101-1),13.64,5,2012,500,57,2026,4,17
영등포구,당산동,강변래미안,79.43,14,2002,10000,165,2026,4,11
영등포구,양평동4가,삼호한숲,59.9,11,2000,50000,0,2026,4,25
영등포구,대림동,G밸리소홈,16.1,13,2018,1000,62,2026,4,11
영등포구,당산동,훼미리하우스138,14.28,8,2013,1000,68,2026,4,25
영등포구,대림동,한솔솔파크,84.89,1,2008,20000,160,2026,4,21
영등포구,대림동,(1101-1),14.46,4,2012,1000,60,2026,4,14
영등포구,당산동4가,현대2,80.07,9,1986,1000,25,2026,4,19
영등포구,대림동,현대3차,43.92,11,1997,3000,130,2026,4,17
영등포구,양평동1가,신동아,50.81,15,1982,35000,0,2026,4,18
영등포구,신길동,더샵파크프레스티지,84.9005,29,2022,59000,50,2026,4,30
영등포구,신길동,신길레전드힐스,13.74,6,2013,3000,50,2026,4,9
영등포구,대림동,e편한세상영등포아델포레,59.968,16,2020,30000,124,2026,4,25
영등포구,신길동,래미안에스티움,59.95,7,2017,48500,80,2026,4,15
영등포구,당산동,강변래미안,79.43,13,2002,10000,165,2026,4,29
영등포구,당산동4가,당산롯데캐슬프레스티지,84.98,9,2017,54000,170,2026,4,15
영등포구,여의도동,시범,118.12,12,1971,5000,100,2026,4,16
영등포구,영등포동,영등포푸르지오,84.84,11,2002,42000,50,2026,4,22
영등포구,여의도동,미성,92.56,11,1978,30000,100,2026,4,30
영등포구,신길동,우성4,84.95,12,1991,60000,0,2026,4,27
영등포구,당산동3가,당산계룡리슈빌3단지,49.993,18,2014,5000,170,2026,4,27
영등포구,영등포동1가,여의도이튼브라운,29.87,9,2022,37500,0,2026,4,26
영등포구,당산동2가,당산2가현대홈타운,82.77,1,1994,70000,0,2026,4,27
영등포구,신길동,신길자이,84.94,7,2011,55000,0,2026,4,14
영등포구,당산동5가,당산센트럴아이파크,71.98,25,2020,105000,0,2026,4,25
영등포구,영등포동,라르파크,30.1355,5,2021,39000,20,2026,4,18
영등포구,신길동,신길AK푸르지오,49.4552,24,2024,53000,0,2026,4,9
영등포구,도림동,한라,59.85,19,1998,15000,90,2026,4,18
영등포구,영등포동7가,아크로타워스퀘어,59.91,4,2017,80000,0,2026,4,11
영등포구,양평동6가,동양,59.86,7,2000,49000,0,2026,4,29
영등포구,당산동,래미안당산1차,84.99,2,1995,73000,8,2026,4,22
영등포구,문래동6가,대원,106.5,8,1998,52000,80,2026,4,30
영등포구,영등포동8가,삼환,59.91,21,1999,60000,0,2026,4,3
영등포구,영등포동,영등포푸르지오,73.133,16,2002,25000,140,2026,4,24
영등포구,당산동4가,당산반도유보라팰리스,84.99,16,2010,40000,170,2026,4,24
영등포구,당산동5가,성원,113.55,8,1997,76650,0,2026,4,27
영등포구,여의도동,롯데캐슬아이비,103.86,20,2005,120000,0,2026,4,16
영등포구,여의도동,대교,95.5,6,1975,3000,150,2026,4,9
영등포구,영등포동7가,경남아너스빌,59.9,16,1998,65000,0,2026,4,30
영등포구,문래동6가,문래미원,84.93,2,1996,50000,0,2026,4,2
영등포구,문래동3가,문래자이,121.53,3,2001,109000,0,2026,4,23
영등포구,당산동5가,당산삼성래미안4차,97.27,18,2003,38000,0,2026,4,30
영등포구,영등포동7가,경남아너스빌,59.9,20,1998,50000,30,2026,4,30
영등포구,당산동,강변래미안,79.05,15,2002,75000,0,2026,4,29
영등포구,신길동,신길레전드힐스,13.74,11,2013,2000,55,2026,4,2
영등포구,영등포동1가,여의도더리브스타일,14.8376,5,2020,17640,3,2026,4,25
영등포구,영등포동,영등포푸르지오,59.912,7,2002,60000,0,2026,4,26
영등포구,신길동,비스타동원,52.86,17,2024,40800,4,2026,4,29
영등포구,문래동5가,문래대림,59.96,17,2000,47250,0,2026,4,11
영등포구,당산동5가,당산효성1차,59.85,1,1999,59850,0,2026,4,6
영등포구,당산동5가,당산삼성래미안4차,97.27,18,2003,38000,100,2026,4,30
영등포구,양평동5가,양평한신,84.87,5,1996,14000,80,2026,4,30
영등포구,영등포동7가,훼미리하우스117,16.98,5,2012,500,73,2026,4,22
영등포구,당산동3가,당산계룡리슈빌3단지,49.993,15,2014,40000,17,2026,4,30
영등포구,여의도동,브라이튼여의도,84.132,7,2023,150000,170,2026,4,30
영등포구,대림동,영등포자이르네,49.01,3,2022,30000,85,2026,4,30
영등포구,신길동,더샵파크프레스티지,84.9005,27,2022,68000,0,2026,4,30
영등포구,신길동,삼환,84.84,6,1997,65000,0,2026,4,28
영등포구,문래동4가,문래동삼환,84.98,9,2001,60000,0,2026,4,2
영등포구,신길동,대방전철,71.73,3,1976,40000,0,2026,4,15
영등포구,당산동3가,당산SHVILLE,84.85,12,2005,12117,26,2026,4,30
영등포구,신길동,삼두,43.65,2,1987,20000,20,2026,4,28
영등포구,도림동,영등포아트자이,84.974,25,2014,12500,150,2026,4,18
영등포구,신길동,루나플라체,13.42,6,2019,1000,70,2026,4,15
영등포구,문래동3가,문래공원한신,58.96,14,1988,30000,47,2026,4,25
영등포구,신길동,우성4,84.95,7,1991,60000,0,2026,4,28
영등포구,당산동4가,당산현대3차,84.93,13,1988,65000,0,2026,4,11
영등포구,당산동,래미안당산1차,84.99,8,1995,73000,0,2026,4,11
영등포구,당산동5가,당산효성1차,59.85,1,1999,59850,0,2026,4,6
영등포구,대림동,성락,72.32,2,1989,12000,80,2026,4,19
영등포구,여의도동,한양,105.72,2,1975,2000,150,2026,4,2
영등포구,여의도동,리첸시아,119.21,13,2003,50000,300,2026,4,1
영등포구,영등포동2가,여의도리미티오148,23.8902,12,2022,25000,13,2026,4,29
영등포구,대림동,영등포자이르네,49.01,3,2022,30000,85,2026,4,30
영등포구,양평동2가,양평벽산블루밍,59.58,8,1990,45000,0,2026,4,25
영등포구,당산동6가,디마크당산,46.44,25,2025,80000,0,2026,4,17
영등포구,여의도동,대교,95.5,3,1975,33000,0,2026,4,6
영등포구,영등포동1가,여의도더리브스타일,14.8376,10,2020,16000,25,2026,4,11
영등포구,도림동,영등포아트자이,59.999,24,2014,56000,0,2026,4,4
영등포구,당산동,훼미리하우스138,13.64,4,2013,1000,65,2026,4,30
영등포구,신길동,삼환,59.53,13,1997,45000,60,2026,4,29
영등포구,당산동3가,당산한양,84.93,6,1986,63000,0,2026,4,17
영등포구,도림동,도림청구,84.96,15,1997,45000,8,2026,4,25
영등포구,여의도동,한양,149.59,4,1975,5000,280,2026,4,14
영등포구,대림동,영등포자이르네,49.01,12,2022,30000,90,2026,4,29
영등포구,당산동5가,당산센트럴아이파크,71.98,2,2020,89200,0,2026,4,29
영등포구,신길동,보라매에스케이뷰,59.98,13,2020,68000,13,2026,4,29
영등포구,당산동6가,유탑유블레스,13.3867,10,2012,1000,70,2026,4,6
영등포구,신길동,신길파크자이,59.97,11,2022,60000,70,2026,4,29
영등포구,당산동5가,당산삼성래미안4차,97.27,1,2003,50000,250,2026,4,24
영등포구,문래동6가,문래롯데캐슬,53.75,12,2020,10000,98,2026,4,8
영등포구,문래동3가,문래공원한신,58.96,15,1988,20000,118,2026,4,19
영등포구,당산동4가,당산현대5차,59.55,25,2000,55000,10,2026,4,29
영등포구,영등포동4가,영등포그랑그루,12.1,7,2012,500,75,2026,4,15
영등포구,신길동,신길센트럴자이아파트,48.03,10,2021,5924,10,2026,4,15
영등포구,여의도동,시범,156.99,10,1971,10000,270,2026,4,29
영등포구,당산동2가,당산2가현대홈타운,82.77,12,1994,69825,0,2026,4,28
영등포구,대림동,대림현대,59.76,6,1999,43000,0,2026,4,29
영등포구,대림동,G밸리소홈,16.1,11,2018,1000,63,2026,4,29
영등포구,도림동,영등포아트자이,84.854,18,2014,80000,0,2026,4,18
영등포구,대림동,영등포자이르네,49.01,15,2022,53000,0,2026,4,25
영등포구,여의도동,한양,109.42,6,1975,55000,0,2026,4,29
영등포구,여의도동,진주,94.31,1,1977,75000,0,2026,4,10
영등포구,당산동,강변래미안,55.91,1,2002,52500,0,2026,4,27
영등포구,신길동,비스타동원,15.3664,19,2024,16000,1,2026,4,21
영등포구,당산동5가,당산센트럴아이파크,59.98,15,2020,89000,0,2026,4,25
영등포구,도림동,동아에코빌,84.99,14,2000,57000,0,2026,4,29
영등포구,영등포동,영등포푸르지오,79.777,12,2002,69000,0,2026,4,29
영등포구,영등포동7가,엔비어스파크,16.645,6,2020,1000,70,2026,4,17
영등포구,당산동4가,당산반도유보라팰리스,124.62,8,2010,120000,0,2026,4,29
영등포구,당산동5가,당산센트럴아이파크,84.98,6,2020,115000,0,2026,4,12
영등포구,영등포동,영일,38.02,3,1969,1000,60,2026,4,28
영등포구,당산동5가,당산센트럴아이파크,84.98,20,2020,70000,160,2026,4,14
영등포구,도림동,영등포아트자이,84.974,26,2014,10000,240,2026,4,11
영등포구,양평동1가,영등포중흥에스클래스,24.85,3,2021,29000,0,2026,4,12
영등포구,영등포동7가,아크로타워스퀘어,84.69,10,2017,110000,0,2026,4,25
영등포구,영등포동,순영웰라이빌,84.88,17,2002,8000,0,2026,4,28
영등포구,신길동,신길센트럴자이아파트,59.98,8,2021,66150,0,2026,4,29
영등포구,당산동5가,당산센트럴아이파크,59.98,19,2020,13000,280,2026,4,10
영등포구,대림동,e편한세상영등포아델포레,84.9948,4,2020,30000,150,2026,4,18
영등포구,여의도동,진주,72,6,1977,48000,0,2026,4,20
영등포구,문래동6가,현대6차,50.55,1,1997,29650,0,2026,4,13
영등포구,여의도동,시범,156.99,3,1971,70000,30,2026,4,3
영등포구,문래동6가,문래롯데캐슬,59.9,2,2020,25000,65,2026,4,28
영등포구,여의도동,목화,89.26,8,1977,68000,0,2026,4,16
영등포구,양평동2가,상록수,59.99,12,1999,5000,130,2026,4,25
영등포구,신길동,더샵파크프레스티지,59.8635,12,2022,33200,130,2026,4,27
영등포구,신길동,신길AK푸르지오,49.6104,5,2024,60000,0,2026,4,28
영등포구,당산동3가,당산계룡리슈빌1단지,38.77,14,2014,51000,0,2026,4,11
영등포구,영등포동,영등포푸르지오,79.777,2,2002,10000,200,2026,4,26
영등포구,영등포동,영등포푸르지오,84.84,12,2002,70000,0,2026,4,26
영등포구,양평동3가,태승훼밀리,84.89,9,2008,73000,0,2026,4,28
영등포구,대림동,현대3차,43.92,8,1997,36750,0,2026,4,25
영등포구,여의도동,광장,102.35,5,1978,70000,0,2026,4,17
영등포구,당산동4가,한강아파트,84.98,18,1999,61000,45,2026,4,28
영등포구,대림동,현대3차,59.83,10,1997,53000,0,2026,4,25
영등포구,신길동,준타워,15.543,13,2023,7900,33,2026,4,10
영등포구,여의도동,시범,118.12,6,1971,63000,0,2026,4,15
영등포구,당산동3가,쌍용예가클래식,106.56,2,2010,77500,0,2026,4,28
영등포구,당산동1가,진로,84.87,12,1997,70000,0,2026,4,28
영등포구,영등포동2가,경동미르웰여의도,14.03,9,2017,10000,30,2026,4,7
영등포구,대림동,신동아,67.41,7,1987,2000,145,2026,4,2
영등포구,문래동5가,문래모아미래도,59.9,3,2017,42198,0,2026,4,28
영등포구,대림동,현대3차,43.92,25,1997,40000,0,2026,4,6
영등포구,당산동2가,당산대우,45.55,17,1999,31500,0,2026,4,11
영등포구,영등포동2가,이지리움S,13.35,4,2013,12100,5,2026,4,28
영등포구,영등포동7가,브라운스톤영등포,84.9,22,2004,65000,0,2026,4,24
영등포구,영등포동7가,아크로타워스퀘어,84.75,8,2017,100000,0,2026,4,24
영등포구,양평동1가,신동아,50.81,8,1982,5000,130,2026,4,27
영등포구,여의도동,수정,74.55,5,1976,54000,0,2026,4,26
영등포구,신길동,보라매에스케이뷰,49.98,7,2020,1765,29,2026,4,13
영등포구,영등포동1가,여의도이튼브라운,29.87,10,2022,34650,0,2026,4,27
영등포구,영등포동2가,명화오피스텔,31.36,10,2017,23800,0,2026,4,24
영등포구,영등포동1가,여의도더리브스타일,14.8376,6,2020,1000,90,2026,4,21
영등포구,당산동6가,디마크당산,37.33,10,2025,54000,0,2026,4,17
영등포구,신길동,신길센트럴자이아파트,48.03,9,2021,3790,22,2026,4,14
영등포구,당산동3가,당산계룡리슈빌3단지,49.987,14,2014,5000,200,2026,4,27
영등포구,영등포동2가,명화오피스텔,31.36,10,2017,23800,0,2026,4,24
영등포구,문래동6가,한신,40.04,10,1985,5000,90,2026,4,27
영등포구,문래동3가,문래자이,121.53,18,2001,97000,0,2026,4,25
영등포구,당산동3가,당산한양,84.93,3,1986,48510,0,2026,4,18
영등포구,양평동3가,삼호,84.92,9,1998,63000,0,2026,4,21
영등포구,당산동1가,진로,59.4,16,1997,10000,180,2026,4,25
영등포구,당산동,강변래미안,55.91,12,2002,55000,0,2026,4,27
영등포구,당산동5가,당산센트럴아이파크,71.98,3,2020,100000,0,2026,4,27
영등포구,당산동5가,당산센트럴아이파크,59.98,24,2020,80850,0,2026,4,27
영등포구,대림동,쌍용플래티넘S,18.24,2,2013,500,55,2026,4,25
영등포구,여의도동,롯데캐슬아이비,211.82,30,2005,225750,0,2026,4,27
영등포구,양평동4가,성원,84.6,10,1993,60000,0,2026,4,24
영등포구,문래동5가,문래모아미래도,84.81,8,2017,79000,0,2026,4,15
영등포구,신길동,신길AK푸르지오,49.4552,23,2024,40794,0,2026,4,27
영등포구,신길동,래미안영등포프레비뉴,59.99,2,2015,55000,0,2026,4,27
영등포구,문래동3가,문래공원한신,58.96,15,1988,49000,0,2026,4,23
영등포구,영등포동8가,삼환,84.87,3,1999,68250,0,2026,4,25
영등포구,영등포동1가,여의도더리브스타일,14.8376,5,2020,3000,76,2026,4,14
영등포구,여의도동,삼부,92.13,4,1975,15000,190,2026,4,22
영등포구,여의도동,은하,121.52,1,1974,85000,0,2026,4,25
영등포구,문래동6가,한신,40.04,11,1985,32000,0,2026,4,25
영등포구,영등포동,라르파크,30.2372,2,2021,40000,0,2026,4,24
영등포구,당산동,래미안당산1차,59.97,13,1995,55600,0,2026,4,25
영등포구,대림동,e편한세상영등포아델포레,59.968,5,2020,58000,0,2026,4,26
영등포구,영등포동,영등포푸르지오,79.777,14,2002,70000,0,2026,4,24
영등포구,신길동,신길센트럴아이파크,59.98,17,2019,60550,0,2026,4,24
영등포구,대림동,G밸리소홈,16.1,12,2018,11000,20,2026,4,24
영등포구,당산동,휴브리지빌딩,18.37,9,2012,11300,20,2026,4,20
영등포구,영등포동,영등포푸르지오,79.777,8,2002,70000,0,2026,4,24
영등포구,문래동6가,현대1차,79.52,1,1986,10000,180,2026,4,25
영등포구,영등포동7가,브라운스톤영등포,84.9,22,2004,65000,0,2026,4,24
영등포구,문래동5가,문래모아미래도,84.75,11,2017,72000,0,2026,4,17
영등포구,당산동4가,당산현대5차,59.75,2,2000,55500,0,2026,4,22
영등포구,도림동,동아에코빌,84.99,9,2000,55000,0,2026,4,26
영등포구,신길동,래미안에스티움,59.98,7,2017,75000,0,2026,4,23
영등포구,영등포동,영등포푸르지오,79.777,8,2002,30000,150,2026,4,12
영등포구,신길동,보라매에스케이뷰,59.98,22,2020,38200,55,2026,4,10
영등포구,양평동2가,상록수,59.54,5,1999,4000,135,2026,4,22
영등포구,신길동,보라매에스케이뷰,59.98,5,2020,80000,0,2026,4,4
영등포구,문래동6가,현대1차,64.38,12,1986,46000,0,2026,4,25
영등포구,여의도동,미성,101.29,9,1978,50000,70,2026,4,21
영등포구,영등포동1가,여의도씨티아이,12.59,17,2013,11700,0,2026,4,26
영등포구,영등포동8가,삼환,59.91,8,1999,55500,0,2026,4,25
영등포구,신길동,보라매에스케이뷰,59.98,3,2020,65000,50,2026,4,25
영등포구,신길동,우성2,84.47,3,1986,50000,0,2026,4,25
영등포구,신길동,래미안에스티움,59.95,5,2017,60000,70,2026,4,24
영등포구,영등포동1가,여의도더리브스타일,14.8376,4,2020,18400,20,2026,4,25
영등포구,양평동3가,거성파스텔,84.99,15,1999,63000,0,2026,4,23
영등포구,신길동,신길레전드힐스,13.55,15,2013,2000,55,2026,4,23
영등포구,신길동,신길파크자이,84.98,23,2022,20000,200,2026,4,21
영등포구,영등포동,영등포푸르지오,73.133,10,2002,8490,125,2026,4,24
영등포구,문래동6가,현대1차,64.38,15,1986,40500,0,2026,4,21
영등포구,여의도동,여의도자이,148.94,36,2008,63000,450,2026,4,13
영등포구,당산동3가,리마크빌당산,36.24,3,2025,2000,248,2026,4,10
영등포구,양평동3가,양평역미소지움,37.8,12,2018,20000,90,2026,4,24
영등포구,영등포동3가,포레스트힐시티,13.53,7,2014,1000,60,2026,4,20
영등포구,영등포동2가,이지리움S,13.35,4,2013,12100,5,2026,4,23
영등포구,대림동,성락,70.38,1,1989,5000,100,2026,4,16
영등포구,영등포동1가,여의도더리브스타일,14.8376,21,2020,18400,15,2026,4,23
영등포구,여의도동,시범,118.12,2,1971,70000,0,2026,4,3
영등포구,신길동,래미안영등포프레비뉴,59.99,8,2015,61950,0,2026,4,6
영등포구,신길동,건영,60.27,6,1985,33000,0,2026,4,14
영등포구,신길동,힐스테이트클래시안,42.68,14,2020,15000,160,2026,4,23
영등포구,대림동,현대3차,43.92,14,1997,6000,125,2026,4,23
영등포구,당산동,래미안당산1차,59.97,12,1995,70000,0,2026,4,24
영등포구,대림동,e편한세상영등포아델포레,84.9571,8,2020,77000,0,2026,4,22
영등포구,대림동,G밸리소홈,16.1,12,2018,12800,10,2026,4,23
영등포구,당산동,휴브리지빌딩,13.79,13,2012,1000,65,2026,4,4
영등포구,문래동3가,문래자이,121.53,24,2001,50000,155,2026,4,16
영등포구,신길동,보라매에스케이뷰,84.98,11,2020,78000,40,2026,4,3
영등포구,양평동4가,계명,58.67,6,2003,34500,0,2026,4,22
영등포구,영등포동7가,아크로타워스퀘어,59.7,30,2017,61700,0,2026,4,20
영등포구,영등포동1가,여의도씨티아이,12.59,16,2013,1000,65,2026,4,18
영등포구,신길동,삼환,59.53,9,1997,30000,110,2026,4,23
영등포구,여의도동,진주,94.31,1,1977,75000,0,2026,4,10
영등포구,영등포동8가,당산푸르지오,84.98,8,2004,65000,100,2026,4,13
영등포구,영등포동1가,여의도씨티아이,12.59,17,2013,500,65,2026,4,2
영등포구,양평동5가,양평한신,59.94,11,1996,65000,0,2026,4,22
영등포구,대림동,코오롱,59.94,11,1998,46000,0,2026,4,23
영등포구,여의도동,시범,156.99,4,1971,27000,135,2026,4,23
영등포구,영등포동8가,삼환,59.91,6,1999,3000,126,2026,4,16
영등포구,여의도동,진주,48.26,3,1977,37000,0,2026,4,23
영등포구,신길동,힐스테이트클래시안,59.98,9,2020,4235,26,2026,4,23
영등포구,양평동1가,신동아,50.81,5,1982,30000,0,2026,4,3
영등포구,당산동2가,당산2가현대홈타운,82.77,17,1994,50000,75,2026,4,2
영등포구,당산동6가,디마크당산,46.04,16,2025,68000,0,2026,4,15
영등포구,신길동,삼성래미안,59.54,17,2001,46000,0,2026,4,16
영등포구,여의도동,미성,92.56,8,1978,63000,0,2026,4,22
영등포구,여의도동,브라이튼여의도,101.9509,49,2023,220000,0,2026,4,6
영등포구,영등포동,순영웰라이빌,84.88,2,2002,55000,0,2026,4,21
영등포구,양평동1가,신동아,61.59,14,1982,31500,50,2026,4,21
영등포구,대림동,한신휴1차,59.89,12,1998,37000,0,2026,4,18
영등포구,대림동,신대림자이2단지,84.83,19,2007,20000,170,2026,4,22
영등포구,당산동5가,당산센트럴아이파크,84.98,28,2020,40000,245,2026,4,14
영등포구,여의도동,대교,95.5,11,1975,3000,150,2026,4,7
영등포구,여의도동,광장,117.36,2,1978,84000,0,2026,4,21
영등포구,양평동1가,신동아,50.81,12,1982,29000,0,2026,4,22
영등포구,영등포동7가,엔비어스파크,16.557,14,2020,1000,73,2026,4,13
영등포구,문래동6가,문래롯데캐슬,52.62,3,2020,10000,107,2026,4,22
영등포구,문래동6가,문래롯데캐슬,53.79,15,2020,25000,55,2026,4,21
영등포구,양평동5가,양평한신,59.94,16,1996,41500,0,2026,4,17
영등포구,문래동6가,문래미원,59.4,14,1996,5000,92,2026,4,22
영등포구,문래동6가,문래롯데캐슬,51.25,3,2020,25000,43,2026,4,16
영등포구,영등포동,영등포푸르지오,73.133,4,2002,68000,0,2026,4,9
영등포구,신길동,신길센트럴아이파크,84.98,27,2019,75000,0,2026,4,21
영등포구,문래동2가,남성,47.3,7,1983,18000,0,2026,4,15
영등포구,당산동1가,신동아파밀리에,59.4,6,2008,4000,200,2026,4,20
영등포구,여의도동,여의도자이,163.64,27,2008,95000,380,2026,4,18
영등포구,양평동3가,우림루미아트,84.88,3,2004,65000,0,2026,4,18
영등포구,대림동,현대3차,84.89,22,1997,47000,52,2026,4,20
영등포구,영등포동,영등포푸르지오,84.908,16,2002,55000,0,2026,4,21
영등포구,양평동3가,삼천리,84.94,9,2000,5000,170,2026,4,10
영등포구,양평동5가,양평한신,84.87,8,1996,68000,0,2026,4,18
영등포구,영등포동5가,현대프라자,68.06,10,1999,28000,50,2026,4,18
영등포구,문래동6가,문래롯데캐슬,53.75,20,2020,25000,55,2026,4,20
영등포구,당산동1가,진로,59.4,15,1997,10000,160,2026,4,20
영등포구,여의도동,시범,79.24,2,1971,36000,0,2026,4,21
영등포구,영등포동3가,포레스트힐시티,13.53,13,2014,1000,60,2026,4,15
영등포구,당산동3가,당산SHVILLE,84.83,15,2005,5094,65,2026,4,21
영등포구,대림동,코오롱,59.94,25,1998,29000,84,2026,4,11
영등포구,여의도동,대교,95.5,8,1975,5000,140,2026,4,7
영등포구,신길동,신길센트럴자이아파트,84.98,2,2021,27000,194,2026,4,10
영등포구,대림동,보라매 신동아 파밀리에,84.88,4,2016,61950,0,2026,4,18
영등포구,문래동3가,문래힐스테이트,137.82,13,2003,33500,250,2026,4,2
영등포구,영등포동,영등포푸르지오,84.84,20,2002,25000,180,2026,4,20
영등포구,문래동6가,문래베어스타운,59.95,3,1997,50000,0,2026,4,20
영등포구,영등포동,영등포푸르지오,73.133,15,2002,60900,0,2026,4,18
영등포구,당산동5가,당산센트럴아이파크,84.98,8,2020,63000,160,2026,4,17
영등포구,여의도동,광장,183.27,11,1978,115000,0,2026,4,16
영등포구,여의도동,브라이튼여의도,115.882,11,2023,233200,0,2026,4,20
영등포구,신길동,보라매에스케이뷰,84.98,12,2020,77500,0,2026,4,18
영등포구,신길동,루나플라체,14.54,13,2019,15000,0,2026,4,20
영등포구,도림동,한라,59.85,16,1998,39050,0,2026,4,20
영등포구,여의도동,진주,48.26,4,1977,42550,0,2026,4,3
영등포구,대림동,현대3차,63.48,13,1997,44000,0,2026,4,7
영등포구,대림동,신동아,67.41,13,1987,29172,0,2026,4,15
영등포구,양평동1가,삼환,84.66,5,1994,30000,0,2026,4,6
영등포구,당산동2가,당산대우,31.73,16,1999,1000,75,2026,4,13
영등포구,당산동4가,한강아파트,84.98,6,1999,66150,0,2026,4,18
영등포구,당산동4가,당산삼성2차,59.76,15,1997,66000,0,2026,4,8
영등포구,신길동,래미안에스티움,59.95,10,2017,72000,0,2026,4,18
영등포구,여의도동,시범,60.96,11,1971,25000,0,2026,4,18
영등포구,여의도동,순복음(초원),66.94,8,1971,38000,0,2026,4,13
영등포구,신길동,보라매경남아너스빌,84.79,20,2005,51750,0,2026,4,17
영등포구,여의도동,롯데캐슬아이비,113.59,19,2005,20000,460,2026,4,16
영등포구,문래동3가,문래우정,114.93,5,1998,25000,150,2026,4,17
영등포구,문래동3가,문래힐스테이트,84.92,17,2003,30000,250,2026,4,1
영등포구,문래동6가,문래베어스타운,59.95,8,1997,39359,0,2026,4,20
영등포구,신길동,보라매에스케이뷰,84.98,17,2020,89000,0,2026,4,18
영등포구,신길동,보라매에스케이뷰,84.98,3,2020,100000,0,2026,4,15
영등포구,신길동,대방전철,75.9,3,1976,37000,0,2026,4,18
영등포구,영등포동,영등포푸르지오,59.912,6,2002,60000,0,2026,4,19
영등포구,영등포동,두산위브,59.8,14,2004,55000,0,2026,4,10
영등포구,영등포동,영등포푸르지오,79.777,18,2002,70000,0,2026,4,17
영등포구,여의도동,공작,93.06,5,1976,48000,0,2026,4,17
영등포구,영등포동1가,여의도이튼브라운,43.37,7,2022,48000,0,2026,4,17
영등포구,영등포동,영등포푸르지오,59.912,7,2002,60000,0,2026,4,18
영등포구,영등포동2가,현대팰리스,39.53,12,2016,31000,20,2026,4,18
영등포구,당산동5가,당산삼성래미안4차,84.94,24,2003,100000,0,2026,4,14
영등포구,영등포동7가,아크로타워스퀘어,71.98,21,2017,10000,250,2026,4,19
영등포구,당산동4가,당산금호어울림,84.25,5,2002,68000,0,2026,4,16
영등포구,당산동4가,한강아파트,84.98,18,1999,74000,0,2026,4,13
영등포구,여의도동,광장,102.35,4,1978,80000,0,2026,4,17
영등포구,신길동,한성,134.33,6,1997,75000,0,2026,4,18
영등포구,신길동,삼성,60.48,7,1984,27550,0,2026,4,17
영등포구,양평동3가,양평역미소지움,59.469,9,2018,10000,210,2026,4,19
영등포구,여의도동,시범,60.96,11,1971,25000,0,2026,4,18
영등포구,문래동6가,현대2차,79.72,5,1987,18000,92,2026,4,16
영등포구,영등포동,영등포푸르지오,79.777,19,2002,65000,0,2026,4,14
영등포구,당산동4가,당산현대5차,84.69,6,2000,70000,0,2026,4,14
영등포구,신길동,삼성래미안,84.91,17,2001,51400,0,2026,4,17
영등포구,문래동6가,현대1차,79.52,1,1986,15000,50,2026,4,17
영등포구,당산동1가,신동아파밀리에,59.4,7,2008,55000,0,2026,4,11
영등포구,신길동,프리가,13.66,9,2013,1000,63,2026,4,17
영등포구,당산동,리버뷰,18.32,14,2015,15600,8,2026,4,6
영등포구,영등포동8가,영등포메이준2011,12.11,16,2012,1000,65,2026,4,11
영등포구,당산동4가,당산현대5차,84.69,17,2000,30000,160,2026,4,1
영등포구,문래동6가,현대2차,41.04,2,1987,32000,0,2026,4,16
영등포구,당산동4가,당산현대5차,84.69,17,2000,30000,160,2026,4,1
영등포구,영등포동,영등포푸르지오,84.84,17,2002,66000,0,2026,4,13
영등포구,여의도동,진주,48.26,2,1977,41000,0,2026,4,11
영등포구,여의도동,대우트럼프월드Ⅰ,90.29,5,2002,63000,137,2026,4,10
영등포구,양평동1가,신동아,61.59,10,1982,24500,0,2026,4,1
영등포구,문래동3가,문래건영,59.4,7,1998,47000,0,2026,4,16
영등포구,당산동3가,당산SHVILLE,84.85,12,2005,12117,26,2026,4,17
영등포구,대림동,현대1,84.75,10,1992,32000,50,2026,4,16
영등포구,문래동6가,문래롯데캐슬,59.9,18,2020,25000,70,2026,4,16
영등포구,당산동,강변래미안,108.15,7,2002,20000,240,2026,4,7
영등포구,대림동,e편한세상영등포아델포레,84.9948,8,2020,30000,180,2026,4,12
영등포구,신길동,포레나 신길,84.5802,10,2008,15000,200,2026,4,17
영등포구,신길동,힐스테이트클래시안,59.91,29,2020,80000,0,2026,4,13
영등포구,신길동,삼성래미안,84.91,2,2001,55000,0,2026,4,15
영등포구,도림동,도림청구,37.81,7,1997,20000,0,2026,4,16
영등포구,대림동,성락,38.24,10,1989,2000,60,2026,4,10
영등포구,여의도동,대우트럼프월드II,179.78,23,2003,200000,0,2026,4,13
영등포구,대림동,한신휴1차,59.89,18,1998,8400,115,2026,4,3
영등포구,양평동2가,상록수,59.99,8,1999,25000,40,2026,4,1
영등포구,양평동6가,한솔,84.13,1,1999,51000,0,2026,4,16
영등포구,여의도동,삼부,92.13,11,1975,70000,0,2026,4,16
영등포구,대림동,무림,69.92,3,1981,3500,120,2026,4,15
영등포구,당산동1가,진로,59.4,6,1997,20000,119,2026,4,11
영등포구,당산동5가,성원,59.94,17,1997,49350,0,2026,4,10
영등포구,여의도동,리첸시아,119.21,14,2003,30000,400,2026,4,15
영등포구,여의도동,진주,48.26,11,1977,37000,0,2026,4,15
영등포구,양평동1가,영등포중흥에스클래스,28.97,20,2021,3000,108,2026,4,15
영등포구,당산동3가,당산SHVILLE,84.83,16,2005,12100,26,2026,4,8
영등포구,당산동1가,신동아파밀리에,59.4,12,2008,40000,49,2026,4,15
영등포구,당산동2가,한화포레나당산,17.669,15,2022,11697,14,2026,4,15
영등포구,양평동4가,삼호한숲,84.99,12,2000,68000,0,2026,4,16
영등포구,대림동,e편한세상영등포아델포레,84.9571,4,2020,78500,0,2026,4,15
영등포구,문래동6가,문래롯데캐슬,53.9,5,2020,25000,53,2026,4,15
영등포구,당산동5가,유원제일2차,123.76,8,1984,50000,0,2026,4,11
영등포구,신길동,신길자이,84.94,7,2011,55000,0,2026,4,14
영등포구,당산동6가,디마크당산,40.43,19,2025,65000,0,2026,4,14
영등포구,영등포동,영등포푸르지오,79.777,5,2002,37000,130,2026,4,10
영등포구,당산동5가,당산삼성래미안4차,115.78,19,2003,120000,0,2026,4,12
영등포구,신길동,신길파크자이,59.97,14,2022,70000,10,2026,4,13
영등포구,문래동6가,문래롯데캐슬,53.79,15,2020,25000,55,2026,4,8
영등포구,당산동2가,당산대우,31.73,17,1999,17000,40,2026,4,14
영등포구,영등포동2가,여의도리미티오148,24.3859,13,2022,2000,130,2026,4,8
영등포구,당산동2가,당산2가현대홈타운,82.77,3,1994,65100,0,2026,4,11
영등포구,당산동3가,당산SHVILLE,59.87,4,2005,7546,16,2026,4,15
영등포구,당산동5가,당산센트럴아이파크,71.98,26,2020,40000,200,2026,4,14
영등포구,영등포동2가,이지리움S,13.35,4,2013,13500,0,2026,4,14
영등포구,당산동3가,당산계룡리슈빌2단지,42.294,4,2014,24000,100,2026,4,15
영등포구,신길동,보라매에스케이뷰,39.98,26,2020,15624,40,2026,4,15
영등포구,양평동4가,삼호한숲,59.9,3,2000,52500,0,2026,4,15
영등포구,양평동1가,신동아,50.81,10,1982,30000,0,2026,4,11
영등포구,영등포동2가,현대팰리스,29.67,6,2016,26000,0,2026,4,11
영등포구,문래동3가,문래공원한신,58.96,6,1988,39165,0,2026,4,6
영등포구,당산동2가,당산대우,32.62,23,1999,27000,0,2026,4,10
영등포구,여의도동,대교,133.65,4,1975,10000,240,2026,4,3
영등포구,당산동2가,한화포레나당산,17.669,12,2022,9829,29,2026,4,14
영등포구,양평동2가,양평벽산블루밍,59.58,9,1990,47000,0,2026,4,13
영등포구,대림동,무림,69.95,2,1981,21800,0,2026,4,14
영등포구,신길동,보라매에스케이뷰,39.98,2,2020,13864,49,2026,4,14
영등포구,신길동,보라매에스케이뷰,39.98,8,2020,14758,38,2026,4,14
영등포구,당산동,THESILK,27.36,10,2013,5000,69,2026,4,14
영등포구,영등포동,영등포푸르지오,79.777,6,2002,54693,0,2026,4,14
영등포구,문래동3가,문래공원한신,58.96,15,1988,55000,0,2026,4,13
영등포구,당산동3가,당산SHVILLE,84.85,8,2005,11531,29,2026,4,14
영등포구,신길동,포레나 신길,84.5802,16,2008,63000,0,2026,4,14
영등포구,여의도동,삼부,135.8,9,1975,73500,0,2026,4,6
영등포구,여의도동,광장,101.39,5,1978,20000,160,2026,4,14
영등포구,문래동5가,문래두산위브,65.46,6,1988,45000,0,2026,4,13
영등포구,영등포동4가,영등포그랑그루,12.1,7,2012,500,66,2026,4,14
영등포구,당산동3가,당산한양,73.87,11,1986,48300,0,2026,4,10
영등포구,당산동6가,디마크당산,37.33,16,2025,10000,200,2026,4,8
영등포구,문래동6가,문래롯데캐슬,59.9,15,2020,20700,79,2026,4,13
영등포구,문래동6가,현대2차,41.04,5,1987,28000,0,2026,4,3
영등포구,영등포동8가,당산푸르지오,133.34,10,2004,52000,180,2026,4,11
영등포구,신길동,힐스테이트클래시안,59.91,7,2020,68000,0,2026,4,8
영등포구,대림동,현대2,84.74,20,1992,13000,80,2026,4,11
영등포구,당산동1가,진로,162.21,7,1997,98000,0,2026,4,8
영등포구,신길동,래미안에스티움,59.98,7,2017,65000,40,2026,4,13
영등포구,신길동,신길센트럴자이아파트,84.98,23,2021,20000,230,2026,4,13
영등포구,당산동5가,성원,59.94,7,1997,60000,0,2026,4,13
영등포구,도림동,한라,59.85,17,1998,38850,0,2026,4,10
영등포구,신길동,신길센트럴자이아파트,48.03,8,2021,3790,22,2026,4,14
영등포구,당산동5가,성원,59.94,7,1997,60000,0,2026,4,13
영등포구,영등포동7가,브라운스톤영등포,84.9,5,2004,58800,0,2026,4,13
영등포구,신길동,신길파크자이,84.99,24,2022,80000,0,2026,4,10
영등포구,영등포동7가,아크로타워스퀘어,59.7,7,2017,82000,0,2026,4,4
영등포구,당산동6가,디마크당산,46.47,17,2025,63000,0,2026,4,7
영등포구,당산동3가,당산SHVILLE,84.85,23,2005,12117,26,2026,4,13
영등포구,양평동5가,양평한신,59.94,16,1996,65000,0,2026,4,6
영등포구,당산동3가,당산계룡리슈빌2단지,42.294,8,2014,60000,0,2026,4,8
영등포구,당산동2가,당산대우,32.62,23,1999,27000,0,2026,4,10
영등포구,신길동,삼환,84.84,12,1997,50000,70,2026,4,13
영등포구,당산동2가,당산2가현대홈타운,82.77,11,1994,5000,200,2026,4,3
영등포구,당산동,프리가,14.06,9,2013,3000,37,2026,4,3
영등포구,영등포동7가,경남아너스빌,114.77,13,1998,64050,0,2026,4,11
영등포구,당산동5가,당산디오빌,29.23,4,2005,1000,105,2026,4,10
영등포구,신길동,우성2,84.47,6,1986,43000,0,2026,4,11
영등포구,영등포동8가,당산푸르지오,84.98,20,2004,75000,0,2026,4,9
영등포구,당산동5가,당산삼성래미안4차,84.94,2,2003,87000,0,2026,4,10
영등포구,당산동4가,당산현대5차,59.37,13,2000,68000,0,2026,4,11
영등포구,당산동5가,당산센트럴아이파크,59.98,8,2020,26384,14,2026,4,10
영등포구,당산동,강변래미안,79.05,14,2002,71400,0,2026,4,5
영등포구,당산동,드림리버빌,74.14,16,2002,20000,160,2026,4,11
영등포구,신길동,보라매에스케이뷰,84.98,18,2020,78700,0,2026,4,13
영등포구,영등포동7가,여의휴젠느,36.85,16,2018,40690,0,2026,4,7
영등포구,당산동5가,유원제일2차,84.6,9,1984,10000,100,2026,4,11
영등포구,대림동,e편한세상영등포아델포레,59.968,13,2020,61500,0,2026,4,11
영등포구,문래동6가,현대2차,79.72,15,1987,46000,0,2026,4,10
영등포구,양평동2가,양평벽산블루밍,59.58,13,1990,33000,0,2026,4,11
영등포구,여의도동,여의도자이,148.94,17,2008,185000,0,2026,4,1
영등포구,당산동3가,삼익,60.83,11,1979,10000,130,2026,4,11
영등포구,신길동,래미안에스티움,118.03,12,2017,113000,0,2026,4,12
영등포구,대림동,G밸리소홈,16.1,15,2018,2000,60,2026,4,11
영등포구,양평동1가,영등포중흥에스클래스,24.85,22,2021,34000,0,2026,4,10
영등포구,대림동,신동아,67.41,2,1987,36000,0,2026,4,11
영등포구,도림동,한라,59.85,4,1998,41500,0,2026,4,11
영등포구,신길동,우성3,64.4,13,1989,33600,0,2026,4,13
영등포구,신길동,래미안에스티움,59.95,16,2017,76000,0,2026,4,4
영등포구,영등포동7가,경남아너스빌,59.9,18,1998,65000,0,2026,4,7
영등포구,신길동,힐스테이트클래시안,59.91,8,2020,66000,0,2026,4,10
영등포구,영등포동7가,경남아너스빌,84.93,7,1998,65000,0,2026,4,10
영등포구,영등포동,영등포푸르지오,59.912,5,2002,45139,0,2026,4,11
영등포구,신길동,신길센트럴자이아파트,48.03,3,2021,6118,9,2026,4,10
영등포구,신길동,보라매에스케이뷰,84.98,17,2020,78700,0,2026,4,10
영등포구,대림동,e편한세상영등포아델포레,59.968,17,2020,60000,0,2026,4,11
영등포구,영등포동7가,아크로타워스퀘어,84.65,17,2017,25000,300,2026,4,11
영등포구,당산동5가,당산효성1차,84.9,14,1999,85000,0,2026,4,11
영등포구,문래동6가,문래베어스타운,59.95,3,1997,50000,0,2026,4,11
영등포구,대림동,현대1,84.75,15,1992,57000,0,2026,4,11
영등포구,문래동4가,문래동삼환,59.85,21,2001,30000,60,2026,4,11
영등포구,문래동4가,문래동삼환,84.98,1,2001,30000,90,2026,4,11
영등포구,문래동3가,문래공원한신,83.96,13,1988,62000,0,2026,4,11
영등포구,영등포동,영등포푸르지오,73.133,7,2002,60000,0,2026,4,4
영등포구,당산동,브라보,17,4,2016,18900,0,2026,4,3
영등포구,당산동,브라보,15.46,4,2016,18300,0,2026,4,3
영등포구,여의도동,진주,94.31,1,1977,75000,0,2026,4,10
영등포구,신길동,준타워,15.543,13,2023,7900,33,2026,4,10
영등포구,신길동,신길센트럴아이파크,84.99,8,2019,63000,0,2026,4,7
영등포구,신길동,여의도더로드캐슬,27.76,10,2025,39000,0,2026,4,10
영등포구,당산동2가,한화포레나당산,36.71,12,2022,24217,25,2026,4,9
영등포구,당산동3가,당산SHVILLE,84.83,11,2005,12100,26,2026,4,10
영등포구,여의도동,한양,149.59,11,1975,10000,300,2026,4,4
영등포구,당산동,브라보,15.46,3,2016,18000,0,2026,4,3
영등포구,당산동,브라보,17,3,2016,18600,0,2026,4,3
영등포구,양평동5가,동보,132.15,15,1998,30000,250,2026,4,10
영등포구,신길동,힐스테이트클래시안,59.91,12,2020,20000,240,2026,4,10
영등포구,신길동,래미안에스티움,118.03,2,2017,119000,0,2026,4,10
영등포구,도림동,동아에코빌,84.99,12,2000,56000,0,2026,4,8
영등포구,당산동,리오팰리스,18.59,15,2015,2000,62,2026,4,2
영등포구,문래동3가,문래자이,84.98,20,2001,95000,0,2026,4,10
영등포구,신길동,우성3,64.4,8,1989,39900,0,2026,4,6
영등포구,신길동,신길센트럴자이아파트,59.98,23,2021,60000,0,2026,4,9
영등포구,당산동5가,당산센트럴아이파크,84.98,15,2020,113000,0,2026,4,10
영등포구,문래동6가,문래롯데캐슬,51.25,9,2020,25000,44,2026,4,7
영등포구,신길동,신길센트럴자이아파트,39.36,8,2021,3111,18,2026,4,10
영등포구,당산동5가,당산효성타운2차,84.38,4,2001,20000,270,2026,4,8
영등포구,당산동,브라보,32.28,10,2016,26000,0,2026,4,1
영등포구,문래동6가,문래롯데캐슬,53.75,6,2020,25000,54,2026,4,7
영등포구,문래동6가,현대1차,79.52,4,1986,60000,0,2026,4,9
영등포구,영등포동,영등포푸르지오,59.912,18,2002,58000,0,2026,4,9
영등포구,신길동,신길파크자이,59.95,4,2022,65000,0,2026,4,9
영등포구,신길동,신길센트럴자이아파트,39.36,3,2021,14480,36,2026,4,9
영등포구,당산동3가,당산SHVILLE,84.85,16,2005,12117,26,2026,4,9
영등포구,신길동,신길센트럴자이아파트,39.36,5,2021,4862,8,2026,4,9
영등포구,영등포동,두산위브,84.27,9,2004,57750,0,2026,4,8
영등포구,문래동6가,문래롯데캐슬,53.75,11,2020,25000,54,2026,4,7
영등포구,신길동,신길센트럴자이아파트,39.36,7,2021,4862,8,2026,4,9
영등포구,당산동3가,당산SHVILLE,84.83,15,2005,5094,65,2026,4,9
영등포구,대림동,성원(650),59.63,2,1995,10000,69,2026,4,9
영등포구,당산동4가,한강아파트,59.4,1,1999,40000,68,2026,4,8
영등포구,문래동5가,문래모아미래도,84.75,12,2017,69450,0,2026,4,3
영등포구,당산동5가,당산디오빌,29.23,15,2005,10000,100,2026,4,7
영등포구,대림동,성원(650),59.63,2,1995,13000,96,2026,4,9
영등포구,양평동3가,현대3차,84.62,15,1991,65000,0,2026,4,8
영등포구,신길동,비스타동원,52.86,23,2024,24500,65,2026,4,1
영등포구,영등포동1가,지엘리베라움,12.62,11,2014,14000,13,2026,4,7
영등포구,문래동6가,문래롯데캐슬,53.79,20,2020,25000,55,2026,4,7
영등포구,문래동6가,문래롯데캐슬,59.9,16,2020,20000,67,2026,4,7
영등포구,신길동,삼성,73.98,12,1984,30000,27,2026,4,3
영등포구,신길동,보라매경남아너스빌,84.79,7,2005,68000,0,2026,4,3
영등포구,영등포동8가,삼환,59.91,6,1999,44000,40,2026,4,8
영등포구,신길동,신길파크자이,59.97,12,2022,35000,140,2026,4,7
영등포구,당산동3가,당산SHVILLE,84.83,16,2005,11837,28,2026,4,8
영등포구,문래동6가,문래롯데캐슬,51.25,18,2020,25000,45,2026,4,7
영등포구,당산동4가,당산반도유보라팰리스,124.62,11,2010,120000,0,2026,4,1
영등포구,신길동,신길센트럴자이아파트,59.98,22,2021,68250,0,2026,4,8
영등포구,문래동5가,현대3차,84.55,1,1991,34600,0,2026,4,8
영등포구,당산동5가,당산디오빌,29.23,7,2005,2000,105,2026,4,8
영등포구,신길동,삼환,84.84,8,1997,55000,0,2026,4,8
영등포구,신길동,래미안에스티움,59.98,3,2017,10000,222,2026,4,4
영등포구,문래동6가,문래롯데캐슬,53.9,8,2020,25000,54,2026,4,7
영등포구,신길동,여의도리버뷰,12.96,6,2012,9600,0,2026,4,7
영등포구,대림동,G밸리소홈,16.1,14,2018,12800,0,2026,4,7
영등포구,양평동3가,양평현대6차,59.98,13,2000,47000,50,2026,4,5
영등포구,문래동6가,문래롯데캐슬,53.79,21,2020,25725,50,2026,4,7
영등포구,영등포동7가,경남아너스빌,59.9,16,1998,58000,0,2026,4,6
영등포구,당산동5가,당산센트럴아이파크,59.98,19,2020,80000,0,2026,4,7
영등포구,신길동,신길센트럴자이아파트,48.03,3,2021,5924,10,2026,4,7
영등포구,당산동2가,한화포레나당산,33.095,8,2022,22292,23,2026,4,7
영등포구,당산동4가,당산삼성2차,59.76,3,1997,65000,0,2026,4,5
영등포구,여의도동,목화,89.92,12,1977,65000,0,2026,4,7
영등포구,양평동3가,우림루미아트,84.92,4,2004,65000,0,2026,4,7
영등포구,영등포동7가,포레나영등포센트럴,59.8976,8,2020,72000,0,2026,4,4
영등포구,영등포동,영등포푸르지오,79.777,13,2002,55000,0,2026,4,4
영등포구,영등포동,영등포푸르지오,73.133,10,2002,20000,160,2026,4,4
영등포구,양평동5가,양평한신,84.87,19,1996,61900,0,2026,4,6
영등포구,영등포동7가,아크로타워스퀘어,59.7,18,2017,79000,0,2026,4,6
영등포구,문래동6가,대원,84.78,4,1998,20000,75,2026,4,7
영등포구,신길동,신길센트럴자이아파트,39.36,7,2021,3111,18,2026,4,7
영등포구,문래동4가,문래동삼환,84.98,3,2001,58000,0,2026,4,7
영등포구,영등포동1가,여의도더리브스타일,14.8376,13,2020,17500,19,2026,4,4
영등포구,신길동,신길센트럴자이아파트,39.36,6,2021,3111,18,2026,4,7
영등포구,양평동4가,성원,84.6,1,1993,60000,0,2026,4,1
영등포구,신길동,보라매경남아너스빌,84.79,24,2005,56000,10,2026,4,7
영등포구,대림동,e편한세상영등포아델포레,59.968,2,2020,17000,210,2026,4,7
영등포구,영등포동1가,여의도더리브스타일,14.8376,13,2020,17500,19,2026,4,4
영등포구,신길동,우성3,64.4,12,1989,40000,0,2026,4,4
영등포구,신길동,신길센트럴자이아파트,48.03,4,2021,5924,10,2026,4,7
영등포구,신길동,신길센트럴자이아파트,48.03,6,2021,5924,10,2026,4,7
영등포구,당산동,강변래미안,108.15,7,2002,20000,240,2026,4,7
영등포구,대림동,e편한세상영등포아델포레,59.968,9,2020,70000,0,2026,4,6
영등포구,신길동,경남,59.96,9,1999,10000,130,2026,4,3
영등포구,문래동3가,문래공원한신,58.96,5,1988,10000,90,2026,4,6
영등포구,신길동,신길센트럴자이아파트,48.03,9,2021,5924,10,2026,4,6
영등포구,신길동,신길센트럴자이아파트,48.03,8,2021,4839,16,2026,4,6
영등포구,신길동,여의도리버뷰,12.96,6,2012,9000,20,2026,4,5
영등포구,신길동,신길센트럴자이아파트,48.03,8,2021,5924,10,2026,4,6
영등포구,신길동,신길센트럴자이아파트,39.36,9,2021,4862,8,2026,4,6
영등포구,신길동,신길센트럴자이아파트,39.36,6,2021,4862,8,2026,4,6
영등포구,당산동5가,당산센트럴아이파크,59.98,11,2020,88000,0,2026,4,6
영등포구,신길동,래미안에스티움,84.93,12,2017,84000,0,2026,4,5
영등포구,신길동,더샵파크프레스티지,59.8635,12,2022,70000,0,2026,4,4
영등포구,문래동3가,국화맨션,84.71,13,1983,50000,0,2026,4,5
영등포구,양평동2가,양평벽산블루밍,51.24,6,1990,15000,50,2026,4,4
영등포구,당산동2가,한화포레나당산,33.095,11,2022,16500,45,2026,4,6
영등포구,당산동5가,성원,84.96,11,1997,55000,50,2026,4,5
영등포구,문래동5가,문래두산위브,79.86,8,1988,30000,100,2026,4,6
영등포구,당산동5가,당산센트럴아이파크,46.98,5,2020,68000,0,2026,4,6
영등포구,당산동2가,당산대우,31.73,10,1999,28000,0,2026,4,6
영등포구,문래동6가,문래롯데캐슬,59.9,15,2020,25000,69,2026,4,3
영등포구,신길동,신길센트럴자이아파트,39.36,5,2021,4862,8,2026,4,6
영등포구,신길동,삼두,43.65,9,1987,19000,0,2026,4,4
영등포구,신길동,신길센트럴자이아파트,39.36,7,2021,3111,18,2026,4,6
영등포구,양평동3가,삼호,59.96,12,1998,36650,0,2026,4,6
영등포구,여의도동,미성,101.29,8,1978,80000,0,2026,4,3
영등포구,신길동,신길센트럴자이아파트,39.36,3,2021,3111,18,2026,4,6
영등포구,영등포동1가,여의도더리브스타일,14.8376,22,2020,18400,15,2026,4,3
영등포구,신길동,신길센트럴자이아파트,48.03,5,2021,3790,22,2026,4,6
영등포구,신길동,신길센트럴자이아파트,39.36,5,2021,4862,8,2026,4,6
영등포구,신길동,신길센트럴자이아파트,48.03,11,2021,1705,26,2026,4,6
영등포구,양평동3가,양평현대6차,84.94,13,2000,30000,160,2026,4,4
영등포구,당산동,강변래미안,108.15,13,2002,53000,84,2026,4,6
영등포구,영등포동,영등포푸르지오,73.133,20,2002,70000,0,2026,4,4
영등포구,영등포동1가,여의도더리브스타일,30.2696,11,2020,41000,0,2026,4,4
영등포구,영등포동,영등포푸르지오,73.133,18,2002,62000,0,2026,4,4
영등포구,당산동3가,당산한양,84.93,7,1986,10000,150,2026,4,4
영등포구,신길동,래미안에스티움,84.97,15,2017,93000,0,2026,4,2
영등포구,문래동6가,유원문래,84.98,3,1991,57000,0,2026,4,3
영등포구,대림동,e편한세상영등포아델포레,59.968,12,2020,65000,0,2026,4,4
영등포구,문래동5가,문래대림,84.92,11,2000,30000,10,2026,4,4
영등포구,신길동,신길센트럴자이아파트,39.36,11,2021,5022,7,2026,4,6
영등포구,영등포동2가,센트레빌아스테리움영등포아파트,59.9953,20,2024,25000,190,2026,4,2
영등포구,양평동3가,양평역미소지움,59.469,17,2018,30000,120,2026,4,4
영등포구,영등포동7가,아크로타워스퀘어,59.7,6,2017,82000,0,2026,4,3
영등포구,양평동1가,신동아,50.81,14,1982,33500,0,2026,4,4
영등포구,양평동4가,에이스리버티움,83.6179,3,2006,52400,0,2026,4,6
영등포구,당산동3가,삼익,60.83,4,1979,30000,0,2026,4,5
영등포구,문래동6가,문래롯데캐슬,51.25,9,2020,25000,44,2026,4,3
영등포구,양평동1가,어반힐,26.25,7,2019,100,110,2026,4,4
영등포구,양평동1가,영등포중흥에스클래스,84.95,17,2021,84000,0,2026,4,3
영등포구,당산동5가,반도유보라,84.58,4,2002,75000,0,2026,4,3
영등포구,당산동2가,한화포레나당산,33.095,7,2022,22292,23,2026,4,3
영등포구,당산동5가,반도유보라,84.58,4,2002,75000,0,2026,4,3
영등포구,당산동3가,당산계룡리슈빌2단지,38.77,8,2014,51000,0,2026,4,2
영등포구,당산동,훼미리하우스138,14.28,7,2013,11400,13,2026,4,3
영등포구,당산동,훼미리하우스138,14.28,7,2013,11400,0,2026,4,3
영등포구,여의도동,시범,79.24,7,1971,5000,160,2026,4,2
영등포구,영등포동1가,여의도더리브스타일,14.8376,12,2020,18400,15,2026,4,3
영등포구,문래동6가,문래롯데캐슬,59.9,10,2020,25000,67,2026,4,2
영등포구,문래동6가,문래롯데캐슬,53.75,18,2020,26075,51,2026,4,3
영등포구,문래동3가,문래공원한신,58.96,5,1988,47200,0,2026,4,2
영등포구,당산동4가,당산삼성2차,84.93,17,1997,10000,190,2026,4,2
영등포구,당산동2가,한화포레나당산,17.669,17,2022,11770,13,2026,4,2
영등포구,당산동,강변래미안,55.91,16,2002,63000,0,2026,4,2
영등포구,양평동5가,양평한신,84.87,3,1996,44500,100,2026,4,2
영등포구,문래동3가,문래공원한신,79.46,1,1988,10000,200,2026,4,1
영등포구,영등포동7가,아크로타워스퀘어,84.75,24,2017,105000,0,2026,4,1
영등포구,문래동6가,문래미원,84.93,2,1996,50000,0,2026,4,2
영등포구,양평동1가,어반힐,25.58,9,2019,23620,32,2026,4,2
영등포구,영등포동1가,여의도의아침,12.38,4,2012,1000,55,2026,4,2
영등포구,영등포동7가,아크로타워스퀘어,84.69,5,2017,95000,0,2026,4,2
영등포구,당산동1가,진로,59.4,20,1997,20000,125,2026,4,1
영등포구,신길동,래미안영등포프레비뉴,84.98,6,2015,20000,240,2026,4,1
영등포구,신길동,삼두,42.12,2,1987,24000,0,2026,4,1
영등포구,당산동2가,한화포레나당산,17.669,6,2022,13071,16,2026,4,1
영등포구,양평동3가,우림루미아트,59.98,9,2004,40000,60,2026,4,1
영등포구,여의도동,삼부,92.13,13,1975,67500,0,2026,4,1
영등포구,당산동4가,당산현대5차,59.37,15,2000,65000,0,2026,4,1
동작구,대방동,대림아파트,84.92,18,1993,80000,0,2026,4,18
동작구,상도동,두산위브트레지움2차,84.8032,9,2016,77100,0,2026,4,7
동작구,동작동,금강KCC,84.95,5,2003,55000,60,2026,4,11
동작구,흑석동,아크로리버하임,84.9108,1,2019,49500,134,2026,4,4
동작구,사당동,래미안로이파크,59.98,3,2018,74000,0,2026,4,21
동작구,상도동,상도동래미안1차,84.959,9,2004,59800,0,2026,4,25
동작구,대방동,대림아파트,59.84,19,1993,10000,230,2026,4,25
동작구,흑석동,흑석한강센트레빌,84.84,18,2011,100000,0,2026,4,16
동작구,상도동,상도푸르지오클라베뉴,59.8166,16,2024,59850,0,2026,4,18
동작구,대방동,주공2,51.66,6,1995,33000,0,2026,4,17
동작구,사당동,사당롯데캐슬골든포레,59.9908,2,2021,68000,0,2026,4,16
동작구,신대방동,보라매자이더포레스트,59.8807,30,2021,76000,0,2026,4,11
동작구,상도동,현대(관악),58.59,5,1992,35000,30,2026,4,11
동작구,상도동,포스코더샵,59.99,4,2007,70000,0,2026,4,4
동작구,상도동,상도파크자이,72.328,2,2016,40000,150,2026,4,5
동작구,사당동,사당롯데캐슬골든포레,59.9775,10,2021,70000,0,2026,4,5
동작구,대방동,신일해피트리,59.8165,10,2005,10000,170,2026,4,25
동작구,상도동,상도동래미안1차,114.171,8,2004,40000,200,2026,4,1
동작구,사당동,스타팰리스이수,36.07,9,2026,19900,77,2026,4,23
동작구,사당동,사당롯데캐슬골든포레,84.9787,13,2021,78000,0,2026,4,15
동작구,상도동,상도더샵2차,84.98,9,2014,10000,190,2026,4,11
동작구,사당동,스타팰리스이수,19.53,8,2026,9600,37,2026,4,6
동작구,사당동,스타팰리스이수,19.53,14,2026,6800,62,2026,4,24
동작구,노량진동,힐스테이트장승배기역,59.8057,17,2026,85000,0,2026,4,15
동작구,흑석동,흑석한강센트레빌Ⅱ,146.487,4,2012,120000,0,2026,4,23
동작구,노량진동,힐스테이트장승배기역,84.8768,11,2026,10000,340,2026,4,15
동작구,상도동,현대(관악),84.78,9,1992,13000,165,2026,4,23
동작구,노량진동,더써밋타워,34.46,21,2024,20000,57,2026,4,29
동작구,본동,신동아,84.46,9,1993,44100,0,2026,4,14
동작구,사당동,스타팰리스이수,18.08,10,2026,7300,42,2026,4,21
동작구,사당동,대림(169-8),84.91,8,1990,63750,0,2026,4,25
동작구,상도동,힐스테이트 상도 프레스티지,84.951,10,2013,20000,260,2026,4,11
동작구,흑석동,흑석리버파크자이,84.94,6,2025,105000,0,2026,4,18
동작구,사당동,스타팰리스이수,19.53,11,2026,11400,44,2026,4,14
동작구,사당동,사당우성3,46.75,7,1993,10000,130,2026,4,30
동작구,사당동,두산위브트레지움,116.6177,3,2011,100800,0,2026,4,30
동작구,대방동,대림아파트,84.92,18,1993,80000,0,2026,4,18
동작구,사당동,사당롯데캐슬골든포레,84.9739,7,2021,75600,0,2026,4,30
동작구,흑석동,청호,59.85,4,1997,44000,0,2026,4,4
동작구,사당동,사당롯데캐슬골든포레,84.9739,7,2021,75600,0,2026,4,30
동작구,사당동,스타팰리스이수,19.53,9,2026,11400,44,2026,4,10
동작구,사당동,진흥아리엘,84.9713,5,2004,52500,0,2026,4,20
동작구,사당동,스타팰리스이수,18.08,14,2026,6500,59,2026,4,7
동작구,사당동,스타팰리스이수,36,10,2026,19800,77,2026,4,4
동작구,사당동,사당휴먼시아,84.73,11,2009,55000,40,2026,4,30
동작구,사당동,롯데캐슬,84.96,18,2003,69000,0,2026,4,18
동작구,대방동,대방동현대,84.96,8,1994,65000,0,2026,4,30
동작구,신대방동,보라매아카데미타워,115.54,35,1998,80000,0,2026,4,17
동작구,상도동,상도파크자이,84.918,23,2016,78540,0,2026,4,30
동작구,대방동,주공2,58.65,10,1995,36500,0,2026,4,27
동작구,상도동,상도파크자이,71.252,18,2016,61800,0,2026,4,14
동작구,상도동,상도푸르지오클라베뉴,59.8166,15,2024,58000,10,2026,4,18
동작구,사당동,스타팰리스이수,19.53,8,2026,11400,44,2026,4,5
동작구,사당동,스타팰리스이수,36.07,8,2026,11900,108,2026,4,4
동작구,사당동,경남아너스빌(대아3),42.63,1,1998,5000,160,2026,4,10
동작구,사당동,래미안로이파크,59.98,10,2018,65000,80,2026,4,4
동작구,상도동,상도휴엔하임,14.7,9,2016,1000,65,2026,4,20
동작구,신대방동,롯데낙천대,55.4561,5,2003,47000,7,2026,4,23
동작구,신대방동,롯데낙천대,55.4561,13,2003,44000,0,2026,4,21
동작구,흑석동,흑석리버파크자이,84.94,11,2025,107000,0,2026,4,22
동작구,상도동,상도푸르지오클라베뉴,59.8166,14,2024,70000,0,2026,4,22
동작구,사당동,사당우성2,46.75,15,1993,10000,140,2026,4,6
동작구,사당동,삼성래미안,84.967,16,2003,20000,200,2026,4,21
동작구,상도동,상도파크자이,71.252,18,2016,61800,0,2026,4,14
동작구,사당동,사당자이,84.49,10,1999,63000,0,2026,4,17
동작구,본동,극동강변,84.73,10,1992,50000,0,2026,4,22
동작구,대방동,주공2,59.97,14,1995,37000,65,2026,4,28
동작구,사당동,사당롯데캐슬골든포레,59.9908,2,2021,68000,0,2026,4,16
동작구,상도동,포스코더샵,59.99,7,2007,40000,120,2026,4,28
동작구,사당동,스타팰리스이수,36,5,2026,16700,65,2026,4,7
동작구,대방동,대림아파트,59.84,13,1993,52500,0,2026,4,25
동작구,상도동,상도휴엔하임,14.7,7,2016,2000,65,2026,4,14
동작구,동작동,이수스위첸포레힐즈,84.95,5,2022,60000,116,2026,4,15
동작구,상도동,상도푸르지오클라베뉴,84.6246,14,2024,73000,0,2026,4,3
동작구,흑석동,흑석리버파크자이,84.96,9,2025,20000,27,2026,4,15
동작구,흑석동,명수대현대,112.29,13,1988,78000,0,2026,4,1
동작구,흑석동,흑석동양아파트,84.985,7,2003,68000,0,2026,4,25
동작구,상도동,현대(관악),58.59,5,1992,35000,30,2026,4,11
동작구,사당동,대창센시티,84.9344,8,2005,63000,0,2026,4,21
동작구,신대방동,우성1차,66.69,15,1988,45000,0,2026,4,6
동작구,상도동,두산위브트레지움2차,84.8032,9,2016,77100,0,2026,4,7
동작구,사당동,사당롯데캐슬2차,84.614,7,2004,60000,0,2026,4,18
동작구,사당동,스타팰리스이수,18.08,9,2026,10800,42,2026,4,4
동작구,사당동,스타팰리스이수,19.53,13,2026,6800,62,2026,4,6
동작구,사당동,사당롯데캐슬2차,84.614,3,2004,30000,150,2026,4,25
동작구,사당동,라온시티,12.44,6,2014,3000,55,2026,4,24
동작구,상도동,대림아파트,84.89,8,1995,54500,0,2026,4,13
동작구,대방동,골든노블레스,36.01,5,2023,26880,0,2026,4,23
동작구,노량진동,힐스테이트장승배기역,84.6923,20,2026,60000,160,2026,4,18
동작구,사당동,삼성래미안,84.967,6,2003,65000,0,2026,4,15
동작구,상도동,포스코더샵,59.99,10,2007,60000,0,2026,4,24
동작구,노량진동,힐스테이트장승배기역,84.6923,15,2026,20000,350,2026,4,17
동작구,사당동,스타팰리스이수,36.07,5,2026,19900,77,2026,4,30
동작구,사당동,스타팰리스이수,18.08,4,2026,6500,59,2026,4,5
동작구,노량진동,더클래식동작,16.25,15,2020,5967,48,2026,4,17
동작구,상도동,상도역롯데캐슬파크엘,110.9996,4,2021,60000,155,2026,4,28
동작구,신대방동,현대,84.57,16,1996,54600,0,2026,4,17
동작구,사당동,사당롯데캐슬골든포레,84.9787,5,2021,75000,0,2026,4,13
동작구,사당동,케이씨씨,84.7472,5,2007,64000,0,2026,4,11
동작구,사당동,스타팰리스이수,18.08,10,2026,10800,42,2026,4,4
동작구,사당동,스타팰리스이수,36,5,2026,19800,77,2026,4,4
동작구,대방동,대림아파트,59.84,10,1993,60000,0,2026,4,11
동작구,신대방동,현대,84.57,3,1996,62000,0,2026,4,14
동작구,노량진동,우성,84.96,13,1997,73000,0,2026,4,29
동작구,상도동,상도푸르지오클라베뉴,74.9953,13,2024,30000,163,2026,4,17
동작구,상도동,대우유로카운티,142.129,5,2003,85000,0,2026,4,15
동작구,신대방동,신동아,37.74,11,1993,31000,0,2026,4,28
동작구,상도동,동원베네스트,84.953,5,2008,30000,160,2026,4,4
동작구,본동,극동강변,84.73,6,1992,46253,0,2026,4,20
동작구,사당동,사당우성2,84.66,15,1993,66000,0,2026,4,18
동작구,본동,유원강변,59.79,4,2000,30000,110,2026,4,11
동작구,노량진동,힐스테이트장승배기역,84.8768,11,2026,30000,280,2026,4,22
동작구,신대방동,보라매e편한세상,59.98,6,2010,65000,0,2026,4,11
동작구,본동,삼성래미안,114.9855,5,2004,45000,60,2026,4,15
동작구,사당동,대림(169-8),59.67,5,1990,50000,0,2026,4,25
동작구,상도동,상도휴엔하임,14.7,3,2016,14000,0,2026,4,13
동작구,사당동,사당우성2,46.75,3,1993,30000,0,2026,4,10
동작구,노량진동,힐스테이트장승배기역,84.8768,9,2026,30000,250,2026,4,13
동작구,노량진동,신동아리버파크,114.75,4,2001,75000,0,2026,4,30
동작구,사당동,스타팰리스이수,18.08,13,2026,7300,42,2026,4,7
동작구,사당동,대림(169-8),59.67,7,1990,46000,0,2026,4,20
동작구,상도동,e편한세상상도노빌리티,84.9704,1,2018,100000,0,2026,4,18
동작구,상도동,삼성래미안2,84.796,10,2003,25000,160,2026,4,30
동작구,상도동,상도동래미안1차,84.959,9,2004,59800,0,2026,4,25
동작구,사당동,사당롯데캐슬골든포레,59.9908,1,2021,51817,0,2026,4,28
동작구,상도동,힐스테이트 상도 프레스티지,84.951,16,2013,15000,300,2026,4,26
동작구,사당동,대림(169-8),59.67,11,1990,53000,0,2026,4,2
동작구,흑석동,명수대,87.17,5,1976,2000,170,2026,4,24
동작구,흑석동,흑석리버파크자이,59.98,1,2025,77000,0,2026,4,5
동작구,본동,한강쌍용,114.18,8,1999,78750,0,2026,4,1
동작구,사당동,스타팰리스이수,18.08,10,2026,10800,42,2026,4,6
동작구,흑석동,흑석리버파크자이,120.69,2,2025,60000,160,2026,4,13
동작구,흑석동,흑석한강센트레빌Ⅱ,84.994,5,2012,73700,20,2026,4,27
동작구,사당동,스타팰리스이수,18.08,9,2026,6500,59,2026,4,13
동작구,사당동,스타팰리스이수,19.53,6,2026,11400,44,2026,4,21
동작구,사당동,스타팰리스이수,36.07,6,2026,11900,108,2026,4,10
동작구,사당동,스타팰리스이수,18.08,11,2026,8600,50,2026,4,9
동작구,대방동,대방동현대,59.84,21,1994,5000,197,2026,4,18
동작구,흑석동,아크로리버하임,113.2377,4,2019,10000,560,2026,4,18
동작구,사당동,스타팰리스이수,36.07,3,2026,16700,65,2026,4,30
동작구,동작동,이수스위첸포레힐즈,74.95,13,2022,20000,280,2026,4,30
동작구,상도동,상도역롯데캐슬파크엘,59.9818,9,2021,71000,0,2026,4,29
동작구,본동,경동윈츠리버,110.04,1,2004,60900,0,2026,4,30
동작구,본동,한강쌍용,59.64,6,1999,13000,200,2026,4,9
동작구,사당동,사당롯데캐슬골든포레,49.4797,13,2021,70000,0,2026,4,4
동작구,사당동,스타팰리스이수,19.53,4,2026,6800,62,2026,4,27
동작구,사당동,스타팰리스이수,18.08,8,2026,6500,59,2026,4,28
동작구,흑석동,흑석리버파크자이,120.69,5,2025,2000,120,2026,4,23
동작구,사당동,스톤하우스,28.77,10,2016,22000,0,2026,4,24
동작구,노량진동,더클래식동작,14.23,18,2020,5318,46,2026,4,9
동작구,신대방동,롯데낙천대,55.4561,9,2003,49300,0,2026,4,29
동작구,신대방동,보라매자이더포레스트,59.9365,22,2021,68250,0,2026,4,11
동작구,노량진동,힐스테이트장승배기역,84.6923,8,2026,50000,220,2026,4,11
동작구,노량진동,힐스테이트장승배기역,44.9208,13,2026,66000,0,2026,4,10
동작구,동작동,금강KCC,84.95,5,2003,55000,60,2026,4,11
동작구,상도동,상도휴엔하임,14.7,4,2016,1000,65,2026,4,14
동작구,본동,한강쌍용,84.54,4,1999,53000,60,2026,4,7
동작구,노량진동,쌍용예가,84.913,9,2010,60000,0,2026,4,30
동작구,신대방동,동작상떼빌,132.43,14,2006,10000,243,2026,4,17
동작구,상도동,두산위브트레지움2차,84.9988,11,2016,86000,0,2026,4,30
동작구,신대방동,현대,84.57,3,1996,50000,3,2026,4,25
동작구,상도동,상도휴엔하임,14.7,3,2016,1000,60,2026,4,18
동작구,본동,경동윈츠리버,79.68,6,2004,61500,0,2026,4,26
동작구,흑석동,명수대현대,78.07,1,1988,10000,220,2026,4,10
동작구,상도동,상도효성해링턴플레이스,84.9506,16,2016,80000,0,2026,4,30
동작구,사당동,사당우성2,118.25,2,1993,63300,0,2026,4,29
동작구,대방동,신일해피트리,59.8165,10,2005,10000,170,2026,4,25
동작구,흑석동,아크로리버하임,84.7536,10,2019,20000,480,2026,4,15
동작구,신대방동,동작협성휴포레시그니처,84.9869,28,2022,80000,0,2026,4,25
동작구,노량진동,더써밋타워,17.84,12,2024,5500,57,2026,4,24
동작구,신대방동,현대,84.57,10,1996,50800,0,2026,4,25
동작구,상도동,상도푸르지오클라베뉴,59.8166,16,2024,63000,0,2026,4,11
동작구,대방동,아데나339,13.58,6,2012,1000,60,2026,4,6
동작구,상도동,씨티아모리움,14.1881,1,2012,1000,65,2026,4,18
동작구,상도동,현대201동,84.97,9,1995,10000,200,2026,4,29
동작구,사당동,이수역리가,84.9604,2,2013,75000,0,2026,4,30
동작구,신대방동,현대,84.57,4,1996,48500,9,2026,4,25
동작구,흑석동,흑석한강센트레빌,84.84,4,2011,102000,0,2026,4,30
동작구,상도동,포스코더샵,59.995,13,2007,40000,120,2026,4,30
동작구,본동,유원강변,84.28,5,2000,30000,160,2026,4,5
동작구,사당동,경남아너스빌(대아3),59.19,1,1998,34000,0,2026,4,22
동작구,신대방동,신대방,58.96,9,1995,39000,0,2026,4,3
동작구,사당동,두산위브트레지움,84.422,2,2011,30000,260,2026,4,25
동작구,사당동,사당롯데캐슬골든포레,59.8557,9,2021,60000,0,2026,4,29
동작구,사당동,스타팰리스이수,36.07,4,2026,11900,108,2026,4,6
동작구,흑석동,아크로리버하임,84.7536,21,2019,150000,0,2026,4,24
동작구,상도동,상도푸르지오클라베뉴,59.8166,10,2024,59800,0,2026,4,30
동작구,신대방동,보라매e편한세상,84.94,10,2010,69000,0,2026,4,6
동작구,사당동,두산위브트레지움,59.9893,16,2011,51558,0,2026,4,29
동작구,사당동,신동아4,46.75,5,1993,30000,40,2026,4,20
동작구,상도동,포스코더샵,59.99,9,2007,50000,90,2026,4,4
동작구,사당동,사당해그린,110.78,3,2004,10000,180,2026,4,6
동작구,대방동,보라매코오롱하늘채,84.7,15,2005,75000,0,2026,4,10
동작구,흑석동,흑석동양아파트,59.511,5,2003,10000,200,2026,4,20
동작구,흑석동,흑석한강푸르지오,115.84,2,2012,112350,0,2026,4,30
동작구,사당동,스타팰리스이수,18.08,6,2026,6500,59,2026,4,29
동작구,사당동,이수자이,120.17,23,2010,30000,430,2026,4,7
동작구,신대방동,동작상떼빌,132.43,15,2006,74000,0,2026,4,19
동작구,신대방동,롯데낙천대,80.2422,16,2003,63000,0,2026,4,24
동작구,상도동,포스코더샵,84.992,4,2007,60000,100,2026,4,27
동작구,상도동,아이파크,84.96,21,2004,70000,0,2026,4,30
동작구,흑석동,롯데캐슬에듀포레,84.9912,17,2018,120000,0,2026,4,25
동작구,사당동,삼성래미안,60.739,1,2003,57750,0,2026,4,11
동작구,상도동,힐스테이트 상도 프레스티지,84.884,3,2013,83000,0,2026,4,29
동작구,신대방동,동작상떼빌,128.61,12,2006,10000,280,2026,4,21
동작구,사당동,대림(169-8),84.91,5,1990,53000,0,2026,4,29
동작구,노량진동,힐스테이트장승배기역,84.6923,23,2026,94000,0,2026,4,27
동작구,흑석동,흑석리버파크자이,120.69,7,2025,10000,70,2026,4,1
동작구,상도동,래미안상도3차,59.97,6,2004,68000,0,2026,4,29
동작구,상도동,상도푸르지오클라베뉴,59.8166,2,2024,30000,82,2026,4,25
동작구,동작동,이수스위첸포레힐즈,84.95,1,2022,43900,195,2026,4,25
동작구,사당동,스타팰리스이수,19.53,3,2026,9100,53,2026,4,29
동작구,노량진동,힐스테이트장승배기역,59.8057,26,2026,84000,0,2026,4,29
동작구,본동,래미안트윈파크,84.76,9,2011,94000,0,2026,4,26
동작구,노량진동,힐스테이트장승배기역,44.9208,19,2026,69000,0,2026,4,24
동작구,흑석동,흑석동양아파트,84.99,13,2003,40000,115,2026,4,25
동작구,상도동,상도역롯데캐슬파크엘,110.9996,12,2021,1000,110,2026,4,20
동작구,사당동,사당롯데캐슬골든포레,84.984,17,2021,2000,78,2026,4,23
동작구,흑석동,명수대현대,78.07,8,1988,70000,0,2026,4,24
동작구,상도동,힐스테이트 상도 센트럴파크,84.6099,16,2012,88000,0,2026,4,28
동작구,사당동,신동아4,118.25,7,1993,76400,0,2026,4,29
동작구,노량진동,더클래식동작,14.17,3,2020,4480,38,2026,4,29
동작구,흑석동,흑석리버파크자이,59.76,12,2025,85000,0,2026,4,29
동작구,상도동,래미안상도3차,84.96,3,2004,10000,270,2026,4,29
동작구,노량진동,더클래식동작,14.23,15,2020,5318,46,2026,4,29
동작구,사당동,갑을명가,81.6491,11,2006,35000,100,2026,4,25
동작구,상도동,두산위브트레지움2차,84.8624,14,2016,15000,230,2026,4,5
동작구,사당동,사당롯데캐슬골든포레,84.9739,11,2021,76650,0,2026,4,3
동작구,노량진동,건영(103동-106동),84.94,4,1997,57500,0,2026,4,25
동작구,노량진동,더써밋타워,18.3,10,2024,9400,42,2026,4,28
동작구,사당동,극동(105),84.32,12,1993,60000,0,2026,4,28
동작구,노량진동,힐스테이트장승배기역,44.9692,25,2026,33228,0,2026,4,28
동작구,신대방동,우성2차,59.47,5,1995,24000,90,2026,4,27
동작구,상도동,힐스테이트 상도 센트럴파크,59.8758,1,2012,66150,0,2026,4,28
동작구,사당동,신동아4,59.89,14,1993,55000,0,2026,4,28
동작구,노량진동,더써밋타워,34.72,9,2024,16600,72,2026,4,28
동작구,사당동,스타팰리스이수,18.08,12,2026,10800,42,2026,4,28
동작구,대방동,대림아파트,164.79,10,1993,110000,0,2026,4,25
동작구,사당동,스타팰리스이수,19.53,4,2026,11400,44,2026,4,22
동작구,대방동,대방1차e-편한세상,84.32,2,2003,80000,0,2026,4,16
동작구,사당동,현대,59.96,1,1991,25000,45,2026,4,28
동작구,사당동,스타팰리스이수,19.53,9,2026,11400,44,2026,4,5
동작구,사당동,사당우성2,46.75,9,1993,5000,135,2026,4,11
동작구,상도동,상도효성해링턴플레이스,59.9769,5,2016,48828,0,2026,4,28
동작구,대방동,대림아파트,59.84,10,1993,5000,210,2026,4,25
동작구,사당동,스타팰리스이수,18.08,5,2026,5500,49,2026,4,7
동작구,본동,유원강변,84.63,24,2000,15000,210,2026,4,27
동작구,사당동,이수역리가,84.9827,8,2013,59000,70,2026,4,24
동작구,상도동,래미안상도3차,59.97,12,2004,65000,0,2026,4,25
동작구,사당동,사당롯데캐슬골든포레,59.9908,15,2021,66500,0,2026,4,18
동작구,대방동,대림아파트,164.79,4,1993,130000,0,2026,4,25
동작구,사당동,삼성,59.91,3,1999,4000,190,2026,4,15
동작구,흑석동,한강현대,66.225,6,1988,15000,185,2026,4,28
동작구,상도동,두산위브트레지움2차,59.7852,10,2016,49140,0,2026,4,28
동작구,노량진동,힐스테이트장승배기역,59.7944,25,2026,50466,0,2026,4,27
동작구,노량진동,더써밋타워,34.98,19,2024,16800,73,2026,4,13
동작구,노량진동,힐스테이트장승배기역,44.9692,17,2026,33228,0,2026,4,27
동작구,노량진동,힐스테이트장승배기역,44.9692,14,2026,33228,0,2026,4,27
동작구,신대방동,롯데낙천대,108.4848,9,2003,65000,0,2026,4,25
동작구,대방동,대림아파트,59.84,12,1993,10000,149,2026,4,17
동작구,신대방동,우성1차,126.16,15,1988,85000,0,2026,4,25
동작구,노량진동,힐스테이트장승배기역,44.9692,5,2026,33228,0,2026,4,27
동작구,노량진동,힐스테이트장승배기역,59.7944,11,2026,50466,0,2026,4,27
동작구,상도동,상도푸르지오클라베뉴,84.6246,11,2024,85000,0,2026,4,25
동작구,본동,신동아,46.75,2,1993,36750,0,2026,4,25
동작구,노량진동,힐스테이트장승배기역,59.7944,7,2026,50466,0,2026,4,27
동작구,노량진동,힐스테이트장승배기역,59.7944,8,2026,50466,0,2026,4,27
동작구,노량진동,힐스테이트장승배기역,44.9692,6,2026,33228,0,2026,4,27
동작구,상도동,두산위브트레지움2차,84.9988,10,2016,58266,0,2026,4,27
동작구,흑석동,흑석동양아파트,84.991,4,2003,70000,0,2026,4,20
동작구,사당동,사당자이,84.49,10,1999,63000,0,2026,4,17
동작구,상도동,두산위브트레지움2차,59.7852,15,2016,49140,0,2026,4,27
동작구,흑석동,한강현대,83.475,11,1988,69000,0,2026,4,19
동작구,노량진동,더써밋타워,34.46,23,2024,13200,83,2026,4,24
동작구,흑석동,아크로리버하임,84.9184,13,2019,120750,0,2026,4,4
동작구,상도동,상도파크자이,84.918,6,2016,93000,0,2026,4,21
동작구,사당동,사당자이,59.89,6,1999,49350,0,2026,4,22
동작구,상도동,상도푸르지오클라베뉴,59.8166,9,2024,60900,0,2026,4,24
동작구,사당동,사당우성3,46.75,10,1993,10000,135,2026,4,25
동작구,노량진동,더써밋타워,34.72,13,2024,16600,71,2026,4,27
동작구,상도동,힐스테이트 상도 센트럴파크,118.2086,10,2012,110000,0,2026,4,25
동작구,상도동,상도더샵2차,84.87,2,2014,66400,0,2026,4,16
동작구,사당동,신동아4,46.75,2,1993,45000,0,2026,4,25
동작구,흑석동,롯데캐슬에듀포레,84.9912,9,2018,40000,140,2026,4,27
동작구,상도동,힐스테이트 상도 프레스티지,120.004,9,2013,107100,0,2026,4,25
동작구,상도동,힐스테이트 상도 프레스티지,84.951,7,2013,83000,0,2026,4,25
동작구,동작동,금강KCC,84.95,8,2003,71800,0,2026,4,26
동작구,신대방동,우성1차,66.69,4,1988,50000,0,2026,4,22
동작구,노량진동,더클래식동작,14.17,7,2020,4564,48,2026,4,25
동작구,대방동,대방동현대,84.96,16,1994,70000,0,2026,4,18
동작구,흑석동,흑석한강푸르지오,84.98,2,2012,78750,0,2026,4,25
동작구,상도동,이수브라운스톤상도(527-0),84.91,14,2007,85000,0,2026,4,26
동작구,사당동,사당롯데캐슬골든포레,59.9908,1,2021,66000,0,2026,4,26
동작구,상도동,현대201동,59.91,8,1995,37800,0,2026,4,19
동작구,사당동,사당롯데캐슬골든포레,84.9787,8,2021,76000,0,2026,4,26
동작구,대방동,대림아파트,84.92,11,1993,78000,0,2026,4,25
동작구,사당동,스타팰리스이수,19.53,12,2026,5700,52,2026,4,6
동작구,사당동,스타팰리스이수,19.53,15,2026,9100,53,2026,4,13
동작구,상도동,상도역롯데캐슬파크엘,84.9952,3,2021,89250,0,2026,4,24
동작구,신대방동,현대,84.57,19,1996,60000,0,2026,4,22
동작구,사당동,삼익그린뷰,109.6954,2,2003,60000,0,2026,4,1
동작구,신대방동,동작상떼빌,128.61,5,2006,70000,0,2026,4,1
동작구,노량진동,더써밋타워,32.89,21,2024,31340,10,2026,4,24
동작구,사당동,사당롯데캐슬골든포레,84.984,1,2021,10000,210,2026,4,24
동작구,신대방동,한성아파트,130.13,7,1995,50000,120,2026,4,20
동작구,흑석동,흑석동양아파트,84.985,4,2003,71000,0,2026,4,24
동작구,사당동,사당휴먼시아,84.73,6,2009,30000,120,2026,4,24
동작구,노량진동,우성,59.82,12,1997,10000,160,2026,4,24
동작구,사당동,케이씨씨,84.7472,12,2007,59850,0,2026,4,24
동작구,흑석동,흑석리버파크자이,39.05,13,2025,3433,22,2026,4,24
동작구,흑석동,흑석한강센트레빌Ⅱ,84.951,13,2012,95000,0,2026,4,24
동작구,대방동,대방동현대,84.96,8,1994,39000,7,2026,4,11
동작구,노량진동,우성,59.82,2,1997,59000,0,2026,4,21
동작구,사당동,사당우성2,46.75,1,1993,45150,0,2026,4,20
동작구,노량진동,삼익,84.68,10,2001,20000,120,2026,4,22
동작구,노량진동,우성,59.82,10,1997,60000,0,2026,4,23
동작구,사당동,제일,60.03,1,1987,40000,0,2026,4,18
동작구,대방동,골든노블레스,36.01,5,2023,26880,0,2026,4,23
동작구,사당동,롯데캐슬,84.96,9,2003,74000,0,2026,4,18
동작구,신대방동,현대,84.57,17,1996,47400,9,2026,4,22
동작구,흑석동,한강현대,83.475,2,1988,60000,40,2026,4,18
동작구,상도동,두산위브트레지움2차,59.7852,1,2016,66465,0,2026,4,18
동작구,동작동,이수힐스테이트,59.9992,6,2013,57750,79,2026,4,9
동작구,노량진동,힐스테이트장승배기역,84.6923,14,2026,93000,0,2026,4,18
동작구,사당동,극동(105),59.25,5,1993,50000,0,2026,4,11
동작구,사당동,극동(105),119.91,1,1993,50000,60,2026,4,23
동작구,상도동,상도푸르지오클라베뉴,84.9198,12,2024,72450,0,2026,4,23
동작구,상도동,래미안상도3차,84.96,6,2004,76000,0,2026,4,9
동작구,사당동,스타팰리스이수,18.08,8,2026,9100,35,2026,4,21
동작구,상도동,상도푸르지오클라베뉴,59.8166,16,2024,59850,0,2026,4,16
동작구,사당동,래미안로이파크,84.98,14,2018,100000,0,2026,4,18
동작구,대방동,한국개나리,84.9,13,1997,30000,120,2026,4,23
동작구,상도동,삼환나우빌(520-0),124.837,8,2007,20000,240,2026,4,23
동작구,본동,신동아,46.75,4,1993,40000,0,2026,4,23
동작구,신대방동,우성1차,66.69,1,1988,22000,75,2026,4,22
동작구,신대방동,보라매자이더포레스트,59.8807,30,2021,76000,0,2026,4,11
동작구,흑석동,흑석한강센트레빌,84.84,3,2011,90000,0,2026,4,10
동작구,대방동,주공2,51.66,6,1995,33000,0,2026,4,17
동작구,흑석동,흑석한강센트레빌,84.84,14,2011,30000,280,2026,4,21
동작구,흑석동,흑석한강센트레빌Ⅱ,146.487,4,2012,120000,0,2026,4,23
동작구,상도동,포스코더샵,132.735,11,2007,100000,0,2026,4,20
동작구,상도동,포스코더샵,59.96,8,2007,62475,0,2026,4,22
동작구,노량진동,힐스테이트장승배기역,84.8768,14,2026,100000,0,2026,4,22
동작구,상도동,상도효성해링턴플레이스,84.9506,7,2016,76000,0,2026,4,11
동작구,상도동,상도휴엔하임,14.7,9,2016,1000,65,2026,4,13
동작구,신대방동,벽산,84.9,10,1997,18000,210,2026,4,20
동작구,사당동,사당자이,59.89,5,1999,48000,0,2026,4,22
동작구,신대방동,보라매자이더포레스트,59.9365,29,2021,79000,0,2026,4,9
동작구,본동,경동윈츠리버,79.68,6,2004,65000,0,2026,4,1
동작구,사당동,래미안로이파크,84.98,3,2018,90000,0,2026,4,21
동작구,사당동,스타팰리스이수,18.08,13,2026,8600,50,2026,4,22
동작구,상도동,상도푸르지오클라베뉴,59.8166,11,2024,61950,0,2026,4,11
동작구,상도동,포스코더샵,132.735,9,2007,98000,0,2026,4,21
동작구,흑석동,명수대현대,78.07,1,1988,60000,0,2026,4,18
동작구,상도동,상도휴엔하임,14.7,6,2016,1000,58,2026,4,6
동작구,노량진동,더써밋타워,34.72,10,2024,18000,66,2026,4,22
동작구,상도동,e편한세상상도노빌리티,59.9173,7,2018,75000,0,2026,4,21
동작구,사당동,사당롯데캐슬골든포레,84.9787,5,2021,72000,0,2026,4,21
동작구,사당동,스타팰리스이수,18.08,8,2026,6500,59,2026,4,7
동작구,신대방동,한성아파트,59.87,10,1995,35000,70,2026,4,6
동작구,상도동,힐스테이트 상도 프레스티지,84.884,18,2013,20000,192,2026,4,17
동작구,사당동,스타팰리스이수,36.07,3,2026,16700,65,2026,4,4
동작구,흑석동,롯데캐슬에듀포레,39.7899,3,2018,3130,17,2026,4,20
동작구,상도동,힐스테이트 상도 프레스티지,84.951,10,2013,20000,260,2026,4,11
동작구,상도동,두산위브트레지움2차,84.9988,15,2016,75000,0,2026,4,18
동작구,흑석동,흑석한강센트레빌Ⅱ,84.951,13,2012,100000,0,2026,4,12
동작구,대방동,대방주공(임대),31.32,10,1993,1807,20,2026,4,21
동작구,사당동,삼성래미안,84.967,5,2003,66000,0,2026,4,11
동작구,흑석동,명수대현대,84.33,15,1988,73000,0,2026,4,21
동작구,흑석동,아크로리버하임,84.9184,2,2019,45000,300,2026,4,18
동작구,흑석동,흑석리버파크자이,39.05,15,2025,5802,9,2026,4,6
동작구,사당동,사당롯데캐슬골든포레,59.9908,11,2021,67200,0,2026,4,11
동작구,사당동,스타팰리스이수,19.53,4,2026,11400,44,2026,4,20
동작구,사당동,사당자이,84.49,7,1999,52500,0,2026,4,20
동작구,대방동,주공2,59.97,10,1995,37485,0,2026,4,19
동작구,사당동,사당롯데캐슬골든포레,84.984,12,2021,9000,50,2026,4,20
동작구,상도동,상도푸르지오클라베뉴,59.8166,13,2024,61000,0,2026,4,18
동작구,사당동,사당롯데캐슬골든포레,84.9787,11,2021,77500,0,2026,4,15
동작구,상도동,이수브라운스톤상도(527-0),84.99,1,2007,60000,40,2026,4,18
동작구,사당동,사당우성3,46.75,1,1993,44000,0,2026,4,20
동작구,사당동,스타팰리스이수,18.08,7,2026,5500,49,2026,4,15
동작구,사당동,사당우성2,59.89,5,1993,54000,0,2026,4,20
동작구,사당동,스타팰리스이수,36,11,2026,19800,77,2026,4,10
동작구,본동,경동윈츠리버,56.68,9,2004,52500,0,2026,4,18
동작구,사당동,갑을명가,81.6491,2,2006,60000,0,2026,4,20
동작구,대방동,아데나339,17.25,8,2012,1000,75,2026,4,17
동작구,본동,신동아,46.75,3,1993,29700,0,2026,4,17
동작구,사당동,스타팰리스이수,19.53,7,2026,11400,44,2026,4,4
동작구,사당동,극동(105),59.25,15,1993,50400,0,2026,4,20
동작구,동작동,금강KCC,84.95,3,2003,35000,137,2026,4,1
동작구,대방동,주공2,59.97,10,1995,37485,0,2026,4,19
동작구,사당동,신동아4,59.89,14,1993,55000,0,2026,4,20
동작구,상도동,대림아파트,66.59,13,1995,5000,170,2026,4,2
동작구,사당동,두산위브트레지움,84.9706,11,2011,50000,170,2026,4,1
동작구,사당동,대림(169-8),59.67,12,1990,20000,120,2026,4,18
동작구,대방동,대방동현대,84.96,7,1994,60000,45,2026,4,20
동작구,사당동,삼호그린,59.96,5,1999,49000,0,2026,4,19
동작구,사당동,이수역리가,84.9827,6,2013,85000,0,2026,4,18
동작구,사당동,극동(105),59.25,10,1993,50000,0,2026,4,18
동작구,흑석동,흑석한강센트레빌Ⅱ,84.946,2,2012,80000,0,2026,4,6
동작구,흑석동,흑석한강센트레빌,114.83,19,2011,10000,370,2026,4,20
동작구,상도동,상도푸르지오클라베뉴,59.8166,8,2024,57750,0,2026,4,20
동작구,사당동,신동아4,46.75,7,1993,5000,170,2026,4,4
동작구,상도동,상도푸르지오클라베뉴,59.8166,17,2024,69000,0,2026,4,17
동작구,사당동,래미안로이파크,59.98,7,2018,80000,20,2026,4,18
동작구,흑석동,흑석동양아파트,59.511,9,2003,39000,40,2026,4,18
동작구,신대방동,현대,84.57,20,1996,25000,150,2026,4,17
동작구,상도동,힐스테이트 상도 프레스티지,84.884,18,2013,81000,0,2026,4,9
동작구,흑석동,흑석한강센트레빌,84.84,13,2011,25000,300,2026,4,18
동작구,사당동,제일,60.03,9,1987,42000,0,2026,4,18
동작구,상도동,상도역롯데캐슬파크엘,59.9851,3,2021,73500,0,2026,4,4
동작구,사당동,스타팰리스이수,36.07,14,2026,16700,65,2026,4,20
동작구,사당동,대림(169-8),59.67,6,1990,5000,150,2026,4,2
동작구,상도동,상도푸르지오클라베뉴,59.8166,5,2024,70000,0,2026,4,18
동작구,신대방동,경남교수,84.94,11,2001,75000,0,2026,4,6
동작구,사당동,이수역리가,84.847,12,2013,85000,0,2026,4,18
동작구,사당동,사당롯데캐슬골든포레,59.9908,12,2021,72000,0,2026,4,18
동작구,상도동,두산위브트레지움2차,84.8624,20,2016,87000,0,2026,4,18
동작구,상도동,힐스테이트 상도 센트럴파크,84.7835,9,2012,89000,0,2026,4,18
동작구,상도동,포스코더샵,59.99,13,2007,40000,130,2026,4,17
동작구,흑석동,흑석한강센트레빌Ⅱ,38.481,14,2012,3302,10,2026,4,16
동작구,흑석동,명수대현대,124.95,2,1988,75000,0,2026,4,17
동작구,사당동,사당휴먼시아,84.73,3,2009,65000,0,2026,4,17
동작구,사당동,스타팰리스이수,19.53,7,2026,11400,44,2026,4,7
동작구,사당동,사당롯데캐슬골든포레,59.8557,9,2021,57750,0,2026,4,4
동작구,사당동,삼익그린뷰,109.6954,5,2003,68000,0,2026,4,17
동작구,사당동,스톤하우스,31.725,9,2016,25900,5,2026,4,15
동작구,신대방동,골드타워,19.423,18,2025,7800,27,2026,4,17
동작구,신대방동,현대,84.57,7,1996,20000,130,2026,4,16
동작구,상도동,쌍용스윗닷홈(임대),33.685,11,2003,4316,17,2026,4,14
동작구,사당동,스타팰리스이수,19.53,15,2026,9100,53,2026,4,13
동작구,상도동,씨티아모리움,14.1881,3,2012,1000,68,2026,4,15
동작구,상도동,포스코더샵,59.99,4,2007,70000,0,2026,4,4
동작구,사당동,사당롯데캐슬골든포레,84.984,2,2021,10000,240,2026,4,3
동작구,사당동,사당자이,60,20,1999,12500,165,2026,4,16
동작구,노량진동,신동아리버파크,114.75,5,2001,74500,0,2026,4,15
동작구,상도동,래미안상도3차,134.98,2,2004,93000,0,2026,4,14
동작구,상도동,힐스테이트 상도 센트럴파크,118.2086,12,2012,117000,0,2026,4,16
동작구,상도동,힐스테이트 상도 프레스티지,84.884,17,2013,50000,150,2026,4,3
동작구,사당동,스타팰리스이수,18.08,14,2026,10800,42,2026,4,7
동작구,사당동,스타팰리스이수,36,9,2026,19800,77,2026,4,14
동작구,사당동,경남아너스빌(대아3),42.63,7,1998,43000,0,2026,4,11
동작구,흑석동,흑석한강센트레빌Ⅱ,38.481,14,2012,2555,16,2026,4,16
동작구,상도동,e편한세상상도노빌리티,108.9843,9,2018,77000,0,2026,4,11
동작구,상도동,삼환나우빌(520-0),126.362,6,2007,73500,0,2026,4,16
동작구,상도동,상도푸르지오클라베뉴,84.9198,4,2024,70350,0,2026,4,16
동작구,상도동,e편한세상상도노빌리티,84.9704,12,2018,105000,0,2026,4,16
동작구,사당동,대성유니드,84.96,2,2009,58275,0,2026,4,16
동작구,사당동,래미안로이파크,84.98,2,2018,99000,0,2026,4,15
동작구,사당동,신동아4,59.89,8,1993,30000,115,2026,4,16
동작구,상도동,상도휴엔하임,14.7,6,2016,2000,60,2026,4,10
동작구,사당동,극동(105),59.25,6,1993,48000,0,2026,4,12
동작구,사당동,스타팰리스이수,36,13,2026,16700,65,2026,4,14
동작구,상도동,래미안상도3차,84.96,7,2004,78000,0,2026,4,15
동작구,사당동,래미안로이파크,84.98,13,2018,82500,60,2026,4,11
동작구,흑석동,롯데캐슬에듀포레,39.7899,4,2018,12682,32,2026,4,15
동작구,흑석동,흑석리버파크자이,84.96,9,2025,20000,27,2026,4,15
동작구,노량진동,건영(103동-106동),84.94,3,1997,10000,130,2026,4,15
동작구,사당동,스타팰리스이수,36.07,15,2026,19900,77,2026,4,7
동작구,상도동,래미안상도3차,59.97,14,2004,10000,210,2026,4,2
동작구,상도동,상도더샵2차,84.97,11,2014,75000,0,2026,4,15
동작구,대방동,아데나339,15.36,3,2012,1000,60,2026,4,15
동작구,신대방동,휴마레,51.33,11,2025,10000,160,2026,4,15
동작구,사당동,사당롯데캐슬골든포레,59.9908,12,2021,70000,0,2026,4,4
동작구,상도동,씨티아모리움,12.7071,1,2012,1000,55,2026,4,15
동작구,사당동,사당롯데캐슬골든포레,84.9824,4,2021,75000,0,2026,4,15
동작구,흑석동,한강현대,114.44,6,1988,10000,300,2026,4,1
동작구,노량진동,더써밋타워,32.89,23,2024,12900,56,2026,4,1
동작구,사당동,사당롯데캐슬골든포레,84.9787,5,2021,50000,100,2026,4,14
동작구,본동,신동아,46.75,6,1993,33000,5,2026,4,11
동작구,상도동,힐스테이트 상도 프레스티지,84.951,2,2013,90000,0,2026,4,4
동작구,사당동,사당우성2,46.75,15,1993,45000,0,2026,4,11
동작구,사당동,롯데캐슬,84.96,2,2003,22000,160,2026,4,15
동작구,노량진동,삼익,84.68,12,2001,44000,0,2026,4,14
동작구,대방동,보라매센트럴타운,16.9036,12,2021,100,38,2026,4,15
동작구,상도동,현대(관악),84.78,9,1992,55000,0,2026,4,11
동작구,상도동,상도휴엔하임,14.7,4,2016,1000,65,2026,4,15
동작구,노량진동,우성,59.82,7,1997,43000,0,2026,4,11
동작구,노량진동,힐스테이트장승배기역,74.8752,17,2026,85000,0,2026,4,7
동작구,노량진동,더써밋타워,17.84,6,2024,7400,33,2026,4,13
동작구,본동,경동윈츠리버,56.68,4,2004,31500,49,2026,4,2
동작구,흑석동,흑석동양아파트,84.991,5,2003,25000,200,2026,4,8
동작구,사당동,스타팰리스이수,19.53,14,2026,11400,44,2026,4,13
동작구,사당동,이너스내안애,84.97,1,2012,30000,170,2026,4,14
동작구,사당동,스타팰리스이수,36,4,2026,11900,108,2026,4,14
동작구,본동,유원강변,84.66,18,2000,75000,0,2026,4,4
동작구,사당동,사당롯데캐슬골든포레,59.9775,10,2021,70000,0,2026,4,5
동작구,흑석동,한강현대,66.225,5,1988,58000,0,2026,4,11
동작구,사당동,스타팰리스이수,36,14,2026,11900,108,2026,4,14
동작구,노량진동,신동아리버파크,114.75,18,2001,73000,0,2026,4,11
동작구,대방동,주공2,59.97,10,1995,51000,0,2026,4,14
동작구,사당동,신동아4,59.89,1,1993,10000,155,2026,4,4
동작구,노량진동,메가스터디타워,16.01,18,2015,1000,70,2026,4,8
동작구,상도동,삼성래미안2,59.886,14,2003,54800,0,2026,4,14
동작구,상도동,상도푸르지오클라베뉴,59.8166,1,2024,57750,0,2026,4,13
동작구,신대방동,골드타워,19.423,21,2025,7800,27,2026,4,14
동작구,본동,신동아,59.89,7,1993,41000,0,2026,4,14
동작구,흑석동,청호,59.85,12,1997,35000,0,2026,4,13
동작구,사당동,대림(169-8),59.67,10,1990,43000,0,2026,4,11
동작구,사당동,극동(105),51.57,10,1993,55000,0,2026,4,12
동작구,사당동,삼성래미안,60.739,10,2003,64000,0,2026,4,11
동작구,대방동,경남아너스빌,84.805,13,2006,10000,190,2026,4,13
동작구,사당동,사당롯데캐슬골든포레,59.9908,3,2021,70000,0,2026,4,1
동작구,상도동,힐스테이트 상도 프레스티지,120.49,4,2013,100000,80,2026,4,14
동작구,본동,한강쌍용,84.9,7,1999,72000,0,2026,4,11
동작구,대방동,주공2,51.66,11,1995,34000,0,2026,4,11
동작구,상도동,상도파크자이,72.088,6,2016,72000,14,2026,4,7
동작구,본동,신동아,84.46,1,1993,42000,30,2026,4,11
동작구,상도동,상도파크자이,84.918,19,2016,90000,0,2026,4,13
동작구,사당동,삼성,84.86,5,1999,60000,0,2026,4,10
동작구,사당동,스타팰리스이수,36.07,12,2026,19900,77,2026,4,13
동작구,흑석동,흑석리버파크자이,39.05,12,2025,5714,9,2026,4,13
동작구,상도동,건영,32.8,16,1997,971,10,2026,4,13
동작구,상도동,상도푸르지오클라베뉴,59.8166,6,2024,20000,200,2026,4,11
동작구,노량진동,신동아리버파크,59.67,9,2001,10000,150,2026,4,4
동작구,노량진동,더써밋타워,18.3,11,2024,5600,58,2026,4,2
동작구,본동,한강쌍용,59.64,7,1999,60000,0,2026,4,12
동작구,신대방동,우성1차,66.69,5,1988,40950,0,2026,4,11
동작구,사당동,이수역리가,84.9827,11,2013,85000,0,2026,4,11
동작구,상도동,상도푸르지오클라베뉴,74.9953,12,2024,21000,189,2026,4,10
동작구,본동,유원강변,84.28,15,2000,78000,0,2026,4,11
동작구,상도동,상도파크자이,72.328,5,2016,15000,200,2026,4,10
동작구,사당동,스타팰리스이수,19.53,15,2026,7600,45,2026,4,6
동작구,노량진동,힐스테이트장승배기역,84.8768,24,2026,95000,0,2026,4,10
동작구,노량진동,힐스테이트장승배기역,44.9692,28,2026,33228,0,2026,4,13
동작구,상도동,중앙하이츠빌,84.9883,8,2003,70000,0,2026,4,13
동작구,노량진동,힐스테이트장승배기역,74.8752,21,2026,90000,0,2026,4,13
동작구,흑석동,명수대현대,78.07,12,1988,54390,0,2026,4,9
동작구,흑석동,흑석한강센트레빌,84.84,2,2011,94000,0,2026,4,11
동작구,흑석동,흑석동양아파트,84.985,13,2003,68000,0,2026,4,11
동작구,대방동,대림아파트,59.84,2,1993,38000,33,2026,4,10
동작구,노량진동,더써밋타워,34.72,11,2024,13300,84,2026,4,2
동작구,본동,신동아,84.46,5,1993,52500,0,2026,4,9
동작구,사당동,사당롯데캐슬골든포레,59.9908,1,2021,48000,23,2026,4,13
동작구,상도동,포스코더샵,59.99,1,2007,70000,0,2026,4,11
동작구,흑석동,흑석리버파크자이,59.98,4,2025,55000,140,2026,4,13
동작구,흑석동,흑석한강센트레빌Ⅱ,84.951,15,2012,85000,0,2026,4,13
동작구,사당동,극동(105),59.25,3,1993,35000,80,2026,4,10
동작구,사당동,신동아4,59.89,1,1993,50000,0,2026,4,12
동작구,대방동,아데나339,29.22,5,2012,17000,0,2026,4,2
동작구,상도동,상도파크자이,84.918,2,2016,84000,0,2026,4,11
동작구,대방동,대방1차e-편한세상,84.32,3,2003,80000,0,2026,4,11
동작구,상도동,중앙하이츠빌,84.9883,11,2003,20000,200,2026,4,1
동작구,사당동,두산위브트레지움,84.422,10,2011,30000,220,2026,4,1
동작구,본동,유원강변,84.28,11,2000,67200,0,2026,4,11
동작구,사당동,사당롯데캐슬골든포레,84.984,5,2021,20000,0,2026,4,10
동작구,노량진동,신동아리버파크,114.75,18,2001,73000,0,2026,4,11
동작구,상도동,상도역롯데캐슬파크엘,59.9818,15,2021,40000,170,2026,4,11
동작구,동작동,이수힐스테이트,84.9719,9,2013,90000,30,2026,4,11
동작구,상도동,힐스테이트 상도 프레스티지,84.951,1,2013,85000,0,2026,4,11
동작구,사당동,스타팰리스이수,36,8,2026,15800,93,2026,4,13
동작구,신대방동,현대,84.57,11,1996,50000,8,2026,4,11
동작구,흑석동,아크로리버하임,84.9184,3,2019,125000,0,2026,4,3
동작구,사당동,스타팰리스이수,18.08,7,2026,5500,49,2026,4,5
동작구,사당동,스타팰리스이수,18.08,4,2026,10800,42,2026,4,7
동작구,사당동,삼성아파트,59.275,10,2006,54000,0,2026,4,10
동작구,상도동,상도푸르지오클라베뉴,59.9425,8,2024,61425,0,2026,4,9
동작구,흑석동,흑석한강센트레빌,84.84,4,2011,95000,0,2026,4,10
동작구,상도동,힐스테이트 상도 센트럴파크,84.6099,17,2012,81500,0,2026,4,9
동작구,상도동,두산위브트레지움2차,84.9736,17,2016,55000,100,2026,4,10
동작구,상도동,래미안상도3차,84.96,6,2004,71000,0,2026,4,7
동작구,상도동,힐스테이트 상도 센트럴파크,59.7754,2,2012,68000,0,2026,4,10
동작구,사당동,이수푸르지오더프레티움,84.9243,12,2021,110000,0,2026,4,8
동작구,흑석동,청호,33.84,3,1997,2550,5,2026,4,10
동작구,흑석동,흑석리버파크자이,39.05,10,2025,3433,22,2026,4,9
동작구,사당동,사당롯데캐슬골든포레,59.9908,4,2021,63000,15,2026,4,9
동작구,대방동,대림아파트,59.84,1,1993,53000,0,2026,4,7
동작구,신대방동,롯데낙천대,55.4561,4,2003,53000,0,2026,4,7
동작구,상도동,상도푸르지오클라베뉴,59.8166,1,2024,52500,0,2026,4,7
동작구,사당동,스타팰리스이수,36.07,5,2026,19900,77,2026,4,7
동작구,사당동,사당우성2,59.89,3,1993,32000,80,2026,4,1
동작구,상도동,중앙하이츠빌,84.9883,7,2003,40000,110,2026,4,6
동작구,사당동,극동(105),46.75,8,1993,45000,0,2026,4,3
동작구,노량진동,신동아리버파크,84.88,17,2001,61950,0,2026,4,6
동작구,사당동,스타팰리스이수,18.08,11,2026,10800,42,2026,4,4
동작구,사당동,사당우성3,108.08,10,1993,60900,0,2026,4,9
동작구,흑석동,흑석한강센트레빌Ⅱ,84.951,3,2012,70000,23,2026,4,8
동작구,본동,래미안트윈파크,84.94,17,2011,5000,350,2026,4,5
동작구,사당동,스타팰리스이수,18.08,12,2026,8600,50,2026,4,7
동작구,흑석동,흑석리버파크자이,39.05,3,2025,5802,9,2026,4,8
동작구,상도동,e편한세상상도노빌리티,84.9704,7,2018,94500,0,2026,4,4
동작구,흑석동,흑석리버파크자이,39.05,8,2025,3433,22,2026,4,9
동작구,사당동,이수역리가,84.9827,3,2013,83000,0,2026,4,4
동작구,노량진동,더써밋타워,18.3,4,2024,7600,34,2026,4,7
동작구,사당동,스타팰리스이수,36.07,14,2026,19900,77,2026,4,5
동작구,사당동,스타팰리스이수,18.08,13,2026,8600,50,2026,4,6
동작구,상도동,상도푸르지오클라베뉴,59.8166,1,2024,57750,0,2026,4,4
동작구,사당동,스타팰리스이수,36,13,2026,19800,77,2026,4,4
동작구,흑석동,청호,59.85,5,1997,45000,0,2026,4,7
동작구,대방동,아데나339,15.36,6,2012,1000,65,2026,4,1
동작구,대방동,현대홈타운2,59.89,12,1999,5000,170,2026,4,6
동작구,사당동,사당휴먼시아,84.73,5,2009,50000,20,2026,4,5
동작구,흑석동,흑석리버파크자이,39.05,2,2025,5714,9,2026,4,7
동작구,흑석동,흑석리버파크자이,39.05,7,2025,1633,26,2026,4,7
동작구,사당동,스타팰리스이수,36.07,10,2026,19900,77,2026,4,7
동작구,동작동,이수스위첸포레힐즈,59.96,8,2022,20500,215,2026,4,7
동작구,사당동,스타팰리스이수,18.08,5,2026,5500,49,2026,4,7
동작구,사당동,이수푸르지오더프레티움,84.9885,12,2021,90000,0,2026,4,7
동작구,노량진동,필하우스(OH빌딩),14.4088,9,2012,10000,0,2026,4,6
동작구,대방동,우정,84.6,21,1999,30000,150,2026,4,7
동작구,사당동,스타팰리스이수,36,15,2026,16700,65,2026,4,4
동작구,동작동,이수스위첸포레힐즈,59.96,8,2022,20500,215,2026,4,7
동작구,사당동,사당우성2,59.89,3,1993,50000,0,2026,4,7
동작구,사당동,이수푸르지오더프레티움,84.9243,5,2021,105000,0,2026,4,7
동작구,사당동,사당롯데캐슬골든포레,59.9908,3,2021,55000,40,2026,4,7
동작구,흑석동,한강현대,66.225,4,1988,58000,0,2026,4,7
동작구,사당동,스타팰리스이수,18.08,6,2026,6500,59,2026,4,7
동작구,사당동,사당우성2,108.08,10,1993,85000,0,2026,4,7
동작구,본동,유원강변,84.63,23,2000,54500,0,2026,4,7
동작구,상도동,래미안상도3차,84.96,12,2004,10000,260,2026,4,7
동작구,사당동,사당우성3,118.25,4,1993,80000,0,2026,4,4
동작구,사당동,스타팰리스이수,19.53,9,2026,6800,62,2026,4,6
동작구,사당동,스타팰리스이수,18.08,14,2026,10800,42,2026,4,7
동작구,사당동,두산위브트레지움,84.9706,19,2011,93000,0,2026,4,4
동작구,동작동,이수스위첸포레힐즈,59.96,8,2022,20500,215,2026,4,7
동작구,상도동,힐스테이트 상도 프레스티지,84.953,5,2013,77000,0,2026,4,4
동작구,사당동,사당우성3,108.08,10,1993,68000,0,2026,4,6
동작구,사당동,스타팰리스이수,19.53,6,2026,9600,37,2026,4,4
동작구,상도동,상도푸르지오클라베뉴,59.9425,2,2024,58800,0,2026,4,3
동작구,노량진동,신동아리버파크,59.67,7,2001,42000,0,2026,4,6
동작구,흑석동,흑석리버파크자이,39.05,4,2025,5714,9,2026,4,7
동작구,사당동,스타팰리스이수,18.08,3,2026,10800,42,2026,4,5
동작구,노량진동,힐스테이트장승배기역,44.9208,16,2026,65000,0,2026,4,6
동작구,노량진동,더써밋타워,33.56,11,2024,9700,95,2026,4,3
동작구,사당동,스타팰리스이수,19.53,12,2026,9600,37,2026,4,6
동작구,사당동,극동(105),59.25,4,1993,49000,0,2026,4,6
동작구,사당동,신동아4,84.46,9,1993,52500,0,2026,4,4
동작구,사당동,스타팰리스이수,36.07,13,2026,11900,108,2026,4,5
동작구,노량진동,힐스테이트장승배기역,59.8057,14,2026,77000,0,2026,4,4
동작구,상도동,상도푸르지오클라베뉴,84.4744,9,2024,70000,40,2026,4,6
동작구,사당동,스타팰리스이수,18.08,11,2026,10800,42,2026,4,5
동작구,노량진동,신동아리버파크,114.75,9,2001,20000,220,2026,4,3
동작구,상도동,삼성래미안2,114.738,5,2003,71000,0,2026,4,4
동작구,상도동,상도푸르지오클라베뉴,59.8166,9,2024,58995,0,2026,4,5
동작구,상도동,중앙하이츠빌,84.9883,7,2003,40000,110,2026,4,6
동작구,사당동,스타팰리스이수,18.08,12,2026,5500,49,2026,4,5
동작구,흑석동,흑석리버파크자이,84.94,1,2025,25000,315,2026,4,4
동작구,흑석동,명수대현대,62.96,15,1988,55000,0,2026,4,4
동작구,사당동,래미안로이파크,84.98,1,2018,90000,0,2026,4,6
동작구,본동,신동아,46.75,9,1993,37000,0,2026,4,6
동작구,흑석동,롯데캐슬에듀포레,84.9912,23,2018,10000,245,2026,4,4
동작구,흑석동,흑석한강센트레빌,84.89,12,2011,88000,0,2026,4,6
동작구,대방동,신일해피트리,59.8165,6,2005,25000,130,2026,4,4
동작구,대방동,주공2,58.65,14,1995,50000,0,2026,4,4
동작구,사당동,사당롯데캐슬골든포레,59.9908,17,2021,45000,100,2026,4,4
동작구,대방동,한국개나리,84.9,15,1997,62000,0,2026,4,5
동작구,신대방동,동작상떼빌,132.43,17,2006,70000,70,2026,4,3
동작구,흑석동,흑석한강센트레빌Ⅱ,59.953,9,2012,68200,0,2026,4,5
동작구,사당동,스타팰리스이수,19.53,10,2026,11400,44,2026,4,4
동작구,상도동,건영,114.96,5,1997,15000,179,2026,4,3
동작구,신대방동,보라매파크빌,84.81,2,2002,78000,0,2026,4,4
동작구,상도동,힐스테이트 상도 센트럴파크,84.7835,17,2012,87000,0,2026,4,4
동작구,상도동,상도파크자이,72.328,2,2016,40000,150,2026,4,5
동작구,노량진동,쌍용예가,59.804,4,2010,65000,0,2026,4,3
동작구,사당동,갑을명가,81.6491,7,2006,60000,0,2026,4,3
동작구,상도동,상도역롯데캐슬파크엘,59.9818,6,2021,70000,0,2026,4,3
동작구,상도동,상도푸르지오클라베뉴,59.8166,9,2024,46000,0,2026,4,3
동작구,상도동,래미안상도3차,84.96,5,2004,75000,0,2026,4,2
동작구,대방동,성원,84.32,20,1994,63390,0,2026,4,2
동작구,상도동,대우유로카운티,133.67,5,2003,70000,50,2026,4,2
동작구,사당동,신동아4,59.89,9,1993,46000,0,2026,4,1
동작구,신대방동,우성1차,84.99,14,1988,10000,160,2026,4,2
동작구,본동,래미안트윈파크,84.94,21,2011,75000,90,2026,4,2
동작구,사당동,사당해그린,59.92,9,2004,45150,0,2026,4,2
동작구,흑석동,흑석리버파크자이,59.93,5,2025,50000,160,2026,4,2
동작구,노량진동,신동아리버파크,114.75,10,2001,65000,0,2026,4,1
동작구,신대방동,해태보라매타워,59.94,14,1996,45000,0,2026,4,1
동작구,상도동,상도푸르지오클라베뉴,59.8166,12,2024,57750,0,2026,4,1
동작구,본동,한강쌍용,59.64,5,1999,57500,0,2026,4,1
동작구,상도동,힐스테이트 상도 프레스티지,84.884,16,2013,85000,0,2026,4,1
동작구,상도동,상도푸르지오클라베뉴,59.8166,12,2024,57750,0,2026,4,1
관악구,봉천동,관악동부센트레빌,59.75,5,2004,5000,210,2026,4,20
관악구,신림동,LIG대학마을(건영아파트3차),84.82,7,1996,5000,160,2026,4,29
관악구,봉천동,e편한세상서울대입구2단지,84.92,1,2019,67500,0,2026,4,25
관악구,신림동,동부,78.43,12,1993,10000,145,2026,4,4
관악구,봉천동,관악푸르지오,59.58,15,2004,52000,0,2026,4,18
관악구,봉천동,관악파크푸르지오,59.98,6,2014,45150,0,2026,4,18
관악구,봉천동,관악파크푸르지오,84.99,5,2014,57750,0,2026,4,25
관악구,신림동,신림현대,59.85,13,1993,32211,0,2026,4,17
관악구,봉천동,현대(관악),58.59,11,1992,25000,55,2026,4,14
관악구,신림동,관악산휴먼시아2단지,84.97,8,2008,48000,0,2026,4,10
관악구,신림동,신림현대,34.86,12,1993,24600,0,2026,4,11
관악구,봉천동,봉천우성,59.76,6,2000,45000,0,2026,4,6
관악구,봉천동,봉천우성,59.76,11,2000,44100,0,2026,4,6
관악구,봉천동,관악푸르지오,59.58,10,2004,47000,0,2026,4,4
관악구,신림동,신림현대,34.86,7,1993,1000,95,2026,4,4
관악구,봉천동,관악드림(동아),59.85,21,2003,45000,0,2026,4,12
관악구,신림동,LIG대학마을(건영아파트3차),84.82,2,1996,0,37,2026,4,6
관악구,신림동,동부,60.38,19,1993,36000,0,2026,4,16
관악구,신림동,지붕위애,16.17,6,2012,1000,64,2026,4,2
관악구,봉천동,관악드림(동아),60,8,2003,50000,40,2026,4,25
관악구,봉천동,e편한세상서울대입구2차,84.31,9,2020,75000,0,2026,4,24
관악구,봉천동,아가토스9,21.32,3,2011,19000,17,2026,4,15
관악구,봉천동,관악동부센트레빌,59.75,5,2004,25000,133,2026,4,26
관악구,신림동,금호(1차),78.84,4,1997,10000,150,2026,4,22
관악구,신림동,LIG대학마을(건영아파트3차),84.82,8,1996,50000,0,2026,4,6
관악구,봉천동,벽산블루밍,59.99,7,2005,21000,0,2026,4,20
관악구,신림동,국제산장,84.15,15,1993,6000,155,2026,4,9
관악구,봉천동,관악동부센트레빌,59.75,5,2004,5000,210,2026,4,20
관악구,남현동,다청림라인씨티,36.68,8,2016,5000,145,2026,4,3
관악구,봉천동,벽산블루밍,59.99,18,2005,5000,116,2026,4,27
관악구,봉천동,관악드림(삼성),114.75,16,2003,15000,230,2026,4,22
관악구,봉천동,관악푸르지오,59.58,14,2004,10000,168,2026,4,25
관악구,신림동,로사이신림,17.98,4,2022,1000,115,2026,4,29
관악구,봉천동,현대(관악),68.8,6,1992,20000,110,2026,4,24
관악구,봉천동,관악푸르지오,84.75,13,2004,35000,80,2026,4,30
관악구,봉천동,서울대입구한양아이클래스,16.58,14,2018,16200,0,2026,4,18
관악구,봉천동,관악푸르지오,59.58,8,2004,38000,0,2026,4,30
관악구,신림동,G밸리마인드,14.96,10,2021,15000,25,2026,4,18
관악구,봉천동,카카오티,16.32,15,2017,1000,69,2026,4,23
관악구,신림동,푸리마타운,12.25,11,2014,3500,55,2026,4,28
관악구,봉천동,관악드림(삼성),84.96,12,2003,60380,0,2026,4,4
관악구,봉천동,벽산블루밍,101.95,4,2005,55000,0,2026,4,29
관악구,신림동,로사이신림,20.56,6,2022,1000,120,2026,4,22
관악구,봉천동,은천1,84.65,4,2001,32000,100,2026,4,8
관악구,봉천동,Q타워,21.45,20,2016,2000,87,2026,4,30
관악구,봉천동,라온,17.3,5,2013,5000,38,2026,4,30
관악구,봉천동,서울대역해담채,12.27,7,2012,1000,68,2026,4,18
관악구,봉천동,관악푸르지오,84.75,8,2004,25000,125,2026,4,11
관악구,봉천동,카카오티,35.24,16,2017,1000,80,2026,4,23
관악구,봉천동,(854-3),15.75,8,2022,6000,38,2026,4,10
관악구,봉천동,벽산블루밍,101.95,7,2005,56000,8,2026,4,18
관악구,봉천동,e편한세상서울대입구2차,116.72,12,2020,30000,260,2026,4,25
관악구,신림동,코스모그린,12.21,6,2012,500,50,2026,4,29
관악구,봉천동,봉천우성,84.96,18,2000,63000,0,2026,4,24
관악구,신림동,로사이신림,17.98,5,2022,1000,115,2026,4,20
관악구,신림동,관악산휴먼시아1단지,59.99,11,2008,7000,130,2026,4,20
관악구,신림동,관악산휴먼시아1단지,59.99,18,2008,3000,150,2026,4,22
관악구,봉천동,관악드림(동아),84.96,1,2003,56000,0,2026,4,25
관악구,봉천동,관악푸르지오,84.2,19,2004,10000,200,2026,4,27
관악구,봉천동,관악푸르지오,59.58,15,2004,10000,165,2026,4,18
관악구,봉천동,봉천우성,114.78,5,2000,20000,129,2026,4,10
관악구,남현동,흥화브라운빌,84.95,7,2003,12000,180,2026,4,20
관악구,신림동,국제산장,59.94,2,1993,15000,50,2026,4,20
관악구,봉천동,두산,59.92,3,2000,55000,0,2026,4,4
관악구,봉천동,두산,84.87,5,2000,20000,180,2026,4,24
관악구,봉천동,관악드림(삼성),84.96,20,2003,68000,0,2026,4,18
관악구,신림동,동부,78.43,12,1993,10000,145,2026,4,4
관악구,신림동,도안스위트빌,36.19,3,2012,14000,0,2026,4,30
관악구,신림동,LIG대학마을(건영아파트3차),84.82,7,1996,5000,160,2026,4,29
관악구,봉천동,프라비다1,14.38,15,2012,1000,72,2026,4,19
관악구,봉천동,건영6,82.75,3,1999,50000,50,2026,4,22
관악구,봉천동,관악드림(동아),114.75,13,2003,10000,210,2026,4,18
관악구,봉천동,두산,84.87,13,2000,68000,0,2026,4,21
관악구,신림동,힐스테이트뉴포레,59.9882,3,2022,40000,100,2026,4,25
관악구,봉천동,e편한세상서울대입구2단지,59.9,4,2019,60000,40,2026,4,25
관악구,신림동,신림더루나,25.92,10,2024,5000,140,2026,4,17
관악구,봉천동,관악드림(동아),59.85,21,2003,45000,0,2026,4,12
관악구,봉천동,관악드림(삼성),114.75,18,2003,74000,0,2026,4,25
관악구,신림동,태영,49.92,19,1997,5000,100,2026,4,11
관악구,신림동,동부,84.95,8,1993,66000,0,2026,4,17
관악구,신림동,신림동쌍용아파트,84.88,2,1998,30000,0,2026,4,17
관악구,봉천동,리마크빌,20.45,2,2016,1000,76,2026,4,7
관악구,신림동,건영1,74.13,7,1984,40000,0,2026,4,21
관악구,봉천동,관악드림(삼성),84.96,12,2003,60375,0,2026,4,4
관악구,신림동,로사이신림,17.84,10,2022,1000,100,2026,4,13
관악구,봉천동,아가토스9,21.32,3,2011,19000,17,2026,4,15
관악구,신림동,신림큐브,17.87,10,2015,1000,60,2026,4,20
관악구,신림동,신림큐브,17.87,10,2015,1000,60,2026,4,20
관악구,신림동,서초,77.2,5,2003,3000,118,2026,4,25
관악구,신림동,관악산휴먼시아2단지,114.7,7,2008,62000,0,2026,4,29
관악구,봉천동,동아타운,28.8,7,1999,3000,85,2026,4,25
관악구,신림동,아데나,17.94,4,2010,1000,57,2026,4,15
관악구,봉천동,현대(관악),58.59,2,1992,43000,0,2026,4,25
관악구,신림동,신림현대,59.85,8,1993,38000,0,2026,4,30
관악구,신림동,신림푸르지오,84.79,18,2005,30000,110,2026,4,25
관악구,신림동,센터스퀘어서울대점,22.96,15,2024,8700,59,2026,4,8
관악구,신림동,신림현대,105.36,4,1993,54000,0,2026,4,21
관악구,신림동,로사이신림,17.98,11,2022,1000,115,2026,4,10
관악구,신림동,로사이신림,17.98,6,2022,1000,115,2026,4,12
관악구,봉천동,브라운스톤관악,114.98,5,2005,74000,0,2026,4,29
관악구,봉천동,지안타워,15.2,8,2026,5000,90,2026,4,29
관악구,신림동,힐스테이트뉴포레,59.9882,16,2022,20000,200,2026,4,23
관악구,신림동,신안,55.21,5,1978,2000,100,2026,4,26
관악구,신림동,동문,84.75,1,1995,33000,0,2026,4,27
관악구,봉천동,관악중앙하이츠포레,79.1689,3,2022,20000,125,2026,4,11
관악구,신림동,로사이신림,19.92,4,2022,1000,120,2026,4,4
관악구,봉천동,골드하임,21.2,2,2013,4000,65,2026,4,9
관악구,봉천동,e편한세상서울대입구1단지,59.9,16,2019,21000,173,2026,4,30
관악구,봉천동,관악드림(삼성),59.85,2,2003,50000,0,2026,4,8
관악구,봉천동,벽산블루밍,59.99,25,2005,41000,0,2026,4,29
관악구,신림동,삼성산주공(주공3단지),113.31,4,2000,52000,0,2026,4,28
관악구,봉천동,e편한세상서울대입구2단지,84.92,1,2019,67500,0,2026,4,25
관악구,신림동,로사이신림,17.98,3,2022,1000,110,2026,4,1
관악구,봉천동,프라비다M,30.12,7,2014,2000,120,2026,4,5
관악구,신림동,로사이신림,19.92,9,2022,1000,115,2026,4,3
관악구,신림동,로사이신림,20.56,7,2022,1000,110,2026,4,5
관악구,봉천동,서울대입구아이원(1560-62),84.92,2,2006,60000,0,2026,4,29
관악구,신림동,로사이신림,20.56,6,2022,1000,115,2026,4,1
관악구,봉천동,낙성대현대아파트,136.11,4,1988,80000,0,2026,4,30
관악구,봉천동,관악동부센트레빌,84.7,15,2004,75000,0,2026,4,12
관악구,신림동,관악산휴먼시아1단지,59.96,4,2008,42000,0,2026,4,14
관악구,봉천동,벽산블루밍,101.95,4,2005,55000,0,2026,4,29
관악구,봉천동,관악푸르지오,84.75,9,2004,65000,0,2026,4,30
관악구,봉천동,하이캐슬102동,93.72,7,2003,10000,200,2026,4,8
관악구,봉천동,해태보라매타워,59.94,5,1996,11000,128,2026,4,25
관악구,봉천동,관악드림(삼성),84.96,14,2003,60900,0,2026,4,25
관악구,신림동,금호2,59.96,2,1998,34500,0,2026,4,26
관악구,봉천동,신봉,59.75,11,1999,43000,0,2026,4,29
관악구,신림동,센터스퀘어서울대점,22.96,6,2024,8700,59,2026,4,27
관악구,봉천동,관악파크푸르지오,84.98,16,2014,60000,0,2026,4,25
관악구,봉천동,현대(관악),58.59,14,1992,45000,0,2026,4,18
관악구,남현동,관악산대창센시티,84.9,6,2005,60000,0,2026,4,30
관악구,봉천동,지안타워,15.2,9,2026,3000,100,2026,4,30
관악구,봉천동,지안타워,15.2,14,2026,5000,95,2026,4,30
관악구,봉천동,현대(관악),123.29,4,1992,66000,0,2026,4,27
관악구,봉천동,지안타워,15.31,15,2026,3000,110,2026,4,28
관악구,봉천동,대우디오슈페리움2단지,84.76,13,2007,42000,100,2026,4,30
관악구,남현동,예성2차그린캐슬,84.1,5,2004,59000,0,2026,4,18
관악구,신림동,청화,84.58,5,2004,25000,50,2026,4,30
관악구,봉천동,관악드림(동아),59.85,25,2003,10000,180,2026,4,25
관악구,봉천동,갑을,80.7,11,1998,52500,10,2026,4,28
관악구,봉천동,벽산타운II,107.62,11,2003,20000,160,2026,4,29
관악구,신림동,동부,50.57,8,1993,10000,110,2026,4,28
관악구,봉천동,e편한세상서울대입구2차,59.72,11,2020,63500,0,2026,4,30
관악구,봉천동,늘푸른,82.04,4,2009,50000,0,2026,4,29
관악구,신림동,삼성산주공(주공3단지),113.31,4,2000,52000,0,2026,4,28
관악구,신림동,국제산장,59.94,5,1993,33000,0,2026,4,29
관악구,봉천동,벽산블루밍,84.99,7,2005,50900,0,2026,4,25
관악구,봉천동,관악드림(동아),84.96,5,2003,58800,0,2026,4,29
관악구,신림동,신림푸르지오,84.79,10,2005,66000,0,2026,4,28
관악구,봉천동,서울대입구아이원(1560-62),84.92,2,2006,60000,0,2026,4,29
관악구,봉천동,봉천우성,59.76,4,2000,32819,0,2026,4,28
관악구,신림동,삼성산주공(주공3단지),83.21,19,2000,29000,0,2026,4,27
관악구,봉천동,관악드림(동아),59.85,19,2003,42000,0,2026,4,25
관악구,신림동,관악산휴먼시아2단지,84.97,12,2008,40000,30,2026,4,29
관악구,신림동,센터스퀘어서울대점,22.96,15,2024,6500,67,2026,4,27
관악구,봉천동,신봉,59.75,11,1999,43000,0,2026,4,29
관악구,신림동,동부,50.57,8,1993,10000,110,2026,4,25
관악구,봉천동,봉천동아,84.87,19,2000,10000,200,2026,4,28
관악구,신림동,태영,49.92,8,1997,3000,140,2026,4,4
관악구,봉천동,e편한세상서울대입구1단지,84.93,17,2019,74550,0,2026,4,11
관악구,신림동,관악산휴먼시아2단지,84.97,5,2008,41000,13,2026,4,22
관악구,봉천동,봉천동아,59.76,18,2000,20000,95,2026,4,11
관악구,봉천동,e편한세상서울대입구2단지,84.92,9,2019,70000,10,2026,4,14
관악구,봉천동,관악파크푸르지오,59.98,6,2014,45150,0,2026,4,18
관악구,봉천동,벽산블루밍,59.99,15,2005,45000,0,2026,4,28
관악구,봉천동,뉴그린아파트,83.75,6,2011,55000,20,2026,4,28
관악구,신림동,LIG대학마을(건영아파트3차),69.17,15,1996,41000,0,2026,4,22
관악구,봉천동,관악동부센트레빌,84.7,14,2004,40000,85,2026,4,16
관악구,봉천동,관악드림(동아),60,16,2003,56000,0,2026,4,26
관악구,봉천동,서울대입구한양아이클래스,16.4,16,2018,1000,85,2026,4,27
관악구,봉천동,더블유에스타워,19.63,10,2013,1000,70,2026,4,27
관악구,봉천동,벽산블루밍,114.97,7,2005,63000,0,2026,4,25
관악구,봉천동,벽산블루밍3차,83.87,11,2004,10000,166,2026,4,27
관악구,신림동,삼성산주공(주공3단지),113.31,23,2000,49000,0,2026,4,25
관악구,신림동,신림현대,82.2,9,1993,50000,0,2026,4,27
관악구,남현동,다청림라인씨티,41.93,6,2016,5000,170,2026,4,15
관악구,신림동,LIG대학마을(건영아파트3차),58.9,9,1996,5000,138,2026,4,17
관악구,봉천동,관악드림(동아),60,9,2003,20000,140,2026,4,8
관악구,신림동,힐스테이트뉴포레,59.9882,32,2022,20000,195,2026,4,24
관악구,봉천동,관악드림(동아),60,9,2003,20000,140,2026,4,8
관악구,신림동,우정하이비전,84.58,17,2004,20000,120,2026,4,25
관악구,신림동,LIG대학마을(건영아파트3차),58.9,2,1996,40000,0,2026,4,8
관악구,신림동,LIG대학마을(건영아파트3차),58.9,4,1996,40000,0,2026,4,25
관악구,봉천동,브라운스톤관악,84.41,11,2005,60000,14,2026,4,13
관악구,봉천동,관악동부센트레빌,113.83,13,2004,38250,0,2026,4,13
관악구,신림동,관악산휴먼시아1단지,59.96,14,2008,41000,0,2026,4,24
관악구,봉천동,관악푸르지오,59.58,5,2004,13000,82,2026,4,13
관악구,봉천동,관악드림(동아),59.85,20,2003,5000,200,2026,4,24
관악구,봉천동,은천1,84.65,11,2001,45000,28,2026,4,24
관악구,봉천동,관악푸르지오,84.2,2,2004,73000,0,2026,4,25
관악구,봉천동,관악파크푸르지오,84.99,5,2014,57750,0,2026,4,25
관악구,봉천동,서울대입구역더하이브센트럴,59.74,10,2024,49350,0,2026,4,25
관악구,봉천동,관악드림(삼성),59.85,26,2003,47250,0,2026,4,20
관악구,봉천동,현대(관악),58.59,10,1992,28000,50,2026,4,26
관악구,신림동,LIG대학마을(건영아파트3차),58.9,4,1996,5000,130,2026,4,25
관악구,봉천동,관악드림(동아),59.83,20,2003,50400,0,2026,4,26
관악구,신림동,힐스테이트뉴포레,84.9433,16,2022,20000,280,2026,4,19
관악구,봉천동,e편한세상서울대입구2차,84.31,12,2020,72000,0,2026,4,23
관악구,신림동,신안,55.21,2,1978,17000,0,2026,4,24
관악구,봉천동,봉천동아,59.76,22,2000,39200,0,2026,4,24
관악구,신림동,관악산휴먼시아2단지,84.97,10,2008,22000,0,2026,4,24
관악구,신림동,한양,84.79,9,1992,10000,120,2026,4,22
관악구,신림동,우민조원,73.36,2,2003,40000,0,2026,4,21
관악구,신림동,힐스테이트뉴포레,59.9882,31,2022,55100,0,2026,4,22
관악구,봉천동,동아타운,32.76,6,1999,27000,0,2026,4,22
관악구,봉천동,봉천우성,84.96,6,2000,58800,0,2026,4,15
관악구,신림동,동부,84.95,8,1993,66000,0,2026,4,4
관악구,봉천동,현대(관악),68.8,13,1992,38000,50,2026,4,23
관악구,신림동,신림푸르지오,84.87,1,2005,65000,0,2026,4,24
관악구,봉천동,관악드림(삼성),114.75,11,2003,65100,0,2026,4,10
관악구,신림동,삼성산주공(주공3단지),113.31,24,2000,48000,0,2026,4,20
관악구,신림동,LIG대학마을(건영아파트3차),69.17,2,1996,38000,0,2026,4,24
관악구,봉천동,낙성대현대홈타운,84.923,14,2002,60000,0,2026,4,20
관악구,신림동,국제산장,84.15,11,1993,39500,0,2026,4,23
관악구,봉천동,금강아미움(101동),71.1203,4,2010,15000,150,2026,4,4
관악구,신림동,C&A빌딩,12.34,9,2014,500,47,2026,4,23
관악구,봉천동,관악푸르지오,59.58,7,2004,10000,160,2026,4,22
관악구,신림동,신림2단지주공(임대),39.01,12,2000,4821,12,2026,4,23
관악구,신림동,힐스테이트뉴포레,59.9882,27,2022,75000,0,2026,4,22
관악구,신림동,라이프,59.13,6,1996,32000,0,2026,4,23
관악구,신림동,관악산휴먼시아1단지,59.99,19,2008,3000,137,2026,4,11
관악구,봉천동,현대(관악),58.59,15,1992,44000,0,2026,4,23
관악구,신림동,프라비다트라움,14.06,7,2013,500,55,2026,4,1
관악구,신림동,관악산휴먼시아1단지,59.99,10,2008,7000,130,2026,4,20
관악구,신림동,신림푸르지오,114.84,8,2005,80000,0,2026,4,21
관악구,봉천동,은천2단지아파트,49.95,2,2000,30000,27,2026,4,22
관악구,봉천동,은천2단지아파트,49.95,5,2000,23000,60,2026,4,21
관악구,봉천동,관악드림(동아),84.96,19,2003,59000,0,2026,4,10
관악구,봉천동,벽산블루밍,59.99,22,2005,41000,0,2026,4,22
관악구,봉천동,은천2단지아파트,49.95,2,2000,30000,0,2026,4,22
관악구,남현동,M_STUDIO,15.32,5,2016,1000,64,2026,4,7
관악구,봉천동,캠브리지하우스,12.21,6,2012,1000,44,2026,4,1
관악구,봉천동,두산,59.92,3,2000,5000,190,2026,4,4
관악구,봉천동,은천2단지아파트,59.93,10,2000,42000,0,2026,4,1
관악구,봉천동,e편한세상서울대입구2차,59.87,10,2020,64500,0,2026,4,15
관악구,신림동,관악산휴먼시아2단지,84.97,17,2008,50000,0,2026,4,22
관악구,봉천동,더블유에스타워,19.63,7,2013,13200,10,2026,4,22
관악구,봉천동,서울대입구아이원(1560-61),84.89,9,2006,50000,80,2026,4,20
관악구,신림동,신림현대,34.86,14,1993,5000,85,2026,4,21
관악구,봉천동,은천2단지아파트,59.93,5,2000,47000,0,2026,4,21
관악구,봉천동,관악캠퍼스타워,26.76,10,1998,2000,60,2026,4,11
관악구,봉천동,봉천우성,84.96,14,2000,52500,0,2026,4,14
관악구,봉천동,두산,59.92,11,2000,20000,140,2026,4,10
관악구,신림동,주공1,59.5,7,1995,27300,0,2026,4,21
관악구,봉천동,골드하임,24.2,5,2013,5000,76,2026,4,1
관악구,봉천동,반석푸른숲,84.12,1,2006,60000,0,2026,4,21
관악구,봉천동,봉천우성,84.96,12,2000,63000,0,2026,4,18
관악구,신림동,관악,56.39,2,1983,22000,0,2026,4,18
관악구,봉천동,더블유에스타워,19.63,13,2013,15600,12,2026,4,18
관악구,봉천동,관악푸르지오,59.58,4,2004,24000,90,2026,4,20
관악구,봉천동,관악푸르지오,84.75,7,2004,68000,0,2026,4,14
관악구,신림동,최강타워,18.89,12,2023,4930,8,2026,4,21
관악구,봉천동,e편한세상서울대입구2단지,84.92,15,2019,20000,200,2026,4,4
관악구,신림동,신림현대,34.86,6,1993,23000,0,2026,4,11
관악구,신림동,신림현대,105.36,11,1993,52000,0,2026,4,10
관악구,봉천동,e편한세상서울대입구2단지,84.92,6,2019,60000,100,2026,4,18
관악구,봉천동,현대(관악),84.74,13,1992,55000,0,2026,4,20
관악구,봉천동,서울대입구아이원(1560-62),59.96,1,2006,53000,0,2026,4,10
관악구,봉천동,관악드림(삼성),84.96,15,2003,15000,135,2026,4,5
관악구,봉천동,닷컴힐즈(1653-3),51.08,3,2023,15000,129,2026,4,4
관악구,봉천동,벽산블루밍,84.99,11,2005,40000,100,2026,4,17
관악구,봉천동,해태보라매타워,59.94,15,1996,10000,110,2026,4,18
관악구,봉천동,현대(관악),58.59,6,1992,30000,50,2026,4,18
관악구,봉천동,신봉,59.75,4,1999,34000,0,2026,4,11
관악구,봉천동,보라매삼성,84.84,3,1996,57500,0,2026,4,18
관악구,봉천동,두산,84.87,16,2000,54350,40,2026,4,17
관악구,봉천동,관악푸르지오,59.58,8,2004,55000,0,2026,4,20
관악구,봉천동,봉천동아,59.76,21,2000,42000,0,2026,4,18
관악구,신림동,LIG대학마을(건영아파트3차),84.82,4,1996,47250,0,2026,4,18
관악구,신림동,신림큐브,13.97,10,2015,1000,50,2026,4,15
관악구,봉천동,관악푸르지오,59.58,18,2004,51000,0,2026,4,18
관악구,신림동,관악산휴먼시아2단지,59.96,6,2008,7000,130,2026,4,18
관악구,신림동,관악산휴먼시아1단지,59.99,17,2008,30000,30,2026,4,18
관악구,봉천동,봉천우성,84.96,15,2000,51450,0,2026,4,16
관악구,봉천동,관악푸르지오,84.75,18,2004,70500,0,2026,4,17
관악구,봉천동,현대(관악),58.59,7,1992,37800,0,2026,4,17
관악구,봉천동,현대(관악),68.8,11,1992,44100,0,2026,4,13
관악구,신림동,신림현대,59.85,4,1993,46000,0,2026,4,17
관악구,봉천동,봉천동아,114.69,21,2000,70000,0,2026,4,17
관악구,신림동,신림푸르지오,138.64,11,2005,50000,80,2026,4,16
관악구,신림동,신림현대,34.86,4,1993,21872,0,2026,4,17
관악구,봉천동,낙성대현대홈타운,114.919,4,2002,70000,40,2026,4,17
관악구,봉천동,e편한세상서울대입구1단지,84.97,6,2019,78000,0,2026,4,17
관악구,신림동,관악산휴먼시아2단지,59.96,5,2008,41000,0,2026,4,16
관악구,신림동,국제산장,59.94,8,1993,30000,0,2026,4,17
관악구,신림동,관악산휴먼시아2단지,59.99,18,2008,42000,0,2026,4,17
관악구,신림동,에셀비전21,84.64,6,2003,15000,80,2026,4,16
관악구,신림동,보라매팰리스,19.04,6,2012,11000,20,2026,4,17
관악구,신림동,라이프미성,91.24,4,1982,20000,50,2026,4,17
관악구,봉천동,현대(관악),58.59,2,1992,7000,110,2026,4,16
관악구,신림동,신림큐브,12.395,10,2015,500,55,2026,4,9
관악구,봉천동,힐스테이트관악센트씨엘,59.97,15,2024,65000,0,2026,4,12
관악구,신림동,삼성산주공(주공3단지),83.21,8,2000,38500,0,2026,4,13
관악구,봉천동,닷컴힐즈(1653-3),51.08,4,2023,46000,11,2026,4,7
관악구,봉천동,관악동부센트레빌,59.8,5,2004,60000,0,2026,4,4
관악구,봉천동,현대(관악),105.84,6,1992,51000,30,2026,4,16
관악구,봉천동,복권,47.61,6,1971,14000,20,2026,4,15
관악구,봉천동,e편한세상서울대입구2차,59.85,8,2020,10000,180,2026,4,9
관악구,봉천동,더블유에스타워,19.63,14,2013,14600,0,2026,4,15
관악구,신림동,힐스테이트뉴포레,59.9986,27,2022,50000,80,2026,4,13
관악구,봉천동,현대(관악),105.84,2,1992,59850,0,2026,4,16
관악구,봉천동,(854-3),15.75,10,2022,5400,31,2026,4,14
관악구,신림동,테라스시티,12.02,4,2013,500,85,2026,4,14
관악구,봉천동,지안타워,15.2,12,2026,5000,95,2026,4,1
관악구,신림동,지붕위애,16.63,7,2012,1000,64,2026,4,6
관악구,봉천동,관악드림(동아),60,16,2003,44000,0,2026,4,15
관악구,신림동,관악산휴먼시아2단지,84.97,4,2008,50000,0,2026,4,15
관악구,봉천동,e편한세상서울대입구2단지,84.92,4,2019,40000,150,2026,4,11
관악구,신림동,로사이신림,17.84,10,2022,1000,100,2026,4,13
관악구,신림동,신림현대,34.86,4,1993,21872,0,2026,4,15
관악구,봉천동,더블유에스타워,19.63,14,2013,14600,0,2026,4,15
관악구,신림동,힐스테이트뉴포레,59.9986,30,2022,10000,250,2026,4,15
관악구,봉천동,은천로제리움,16.92,3,2014,3000,75,2026,4,5
관악구,봉천동,더블유에스타워,19.63,13,2013,15500,0,2026,4,9
관악구,봉천동,봉천우성,59.76,22,2000,48000,0,2026,4,11
관악구,신림동,건영1,41.04,6,1984,23000,0,2026,4,8
관악구,봉천동,관악파크푸르지오,59.98,6,2014,55000,0,2026,4,14
관악구,봉천동,봉천동아,84.87,12,2000,25000,145,2026,4,14
관악구,신림동,관악산휴먼시아2단지,84.97,15,2008,46000,0,2026,4,11
관악구,봉천동,지안타워,15.31,16,2026,5000,100,2026,4,10
관악구,봉천동,(854-3),15.75,7,2022,5400,32,2026,4,14
관악구,봉천동,Q타워,21.45,16,2016,2000,83,2026,4,4
관악구,신림동,신림더루나,25.3,4,2024,5000,130,2026,4,13
관악구,봉천동,봉천우성,84.96,16,2000,46000,0,2026,4,14
관악구,봉천동,프라비다1,14.38,17,2012,1000,69,2026,4,5
관악구,신림동,C&A빌딩,12.8,4,2014,500,43,2026,4,8
관악구,봉천동,e편한세상서울대입구2단지,84.98,5,2019,73000,0,2026,4,14
관악구,봉천동,e편한세상서울대입구2차,84.31,10,2020,68250,0,2026,4,12
관악구,봉천동,관악드림(삼성),60,14,2003,52500,0,2026,4,11
관악구,봉천동,닷컴힐즈(1653-3),51.08,6,2023,8000,170,2026,4,7
관악구,봉천동,관전G타워,29.71,17,2019,22000,29,2026,4,13
관악구,남현동,예성2차그린캐슬,84.17,4,2004,72000,0,2026,4,13
관악구,봉천동,관악드림(삼성),59.85,18,2003,36300,0,2026,4,11
관악구,봉천동,봉천우성,84.96,26,2000,5000,210,2026,4,9
관악구,봉천동,두산,59.92,11,2000,55000,0,2026,4,13
관악구,신림동,동부,50.57,10,1993,41000,0,2026,4,11
관악구,봉천동,두산,59.92,23,2000,20000,140,2026,4,11
관악구,신림동,신림현대,34.86,6,1993,24000,0,2026,4,11
관악구,봉천동,e편한세상서울대입구1단지,84.93,12,2019,60000,75,2026,4,11
관악구,봉천동,더블유에스타워,19.63,10,2013,12000,40,2026,4,10
관악구,봉천동,보라매삼성,84.84,8,1996,5000,200,2026,4,11
관악구,신림동,신림현대,105.36,11,1993,52000,0,2026,4,10
관악구,봉천동,e편한세상서울대입구1단지,59.9,10,2019,25000,180,2026,4,12
관악구,봉천동,관악푸르지오,59.58,23,2004,10000,160,2026,4,4
관악구,신림동,성우,59.97,8,1998,50000,0,2026,4,4
관악구,신림동,관악산휴먼시아2단지,59.96,17,2008,33000,6,2026,4,10
관악구,봉천동,건영6,107.7,10,1999,65000,0,2026,4,9
관악구,신림동,신림큐브,12.96,9,2015,11000,17,2026,4,9
관악구,신림동,신림현대,59.85,3,1993,37000,0,2026,4,1
관악구,봉천동,e편한세상서울대입구2차,84.31,3,2020,40000,130,2026,4,5
관악구,봉천동,서울대입구역더하이브센트럴,59.74,3,2024,45000,0,2026,4,7
관악구,봉천동,(854-3),15.75,8,2022,6000,38,2026,4,10
관악구,신림동,코스모그린,12.21,11,2012,500,55,2026,4,8
관악구,신림동,신림현대,59.85,9,1993,40000,0,2026,4,9
관악구,봉천동,관악푸르지오,84.2,10,2004,55000,0,2026,4,1
관악구,봉천동,현대(관악),58.59,3,1992,40000,0,2026,4,9
관악구,봉천동,(854-3),31.5,12,2022,10000,67,2026,4,6
관악구,봉천동,보람(685-100),71.37,5,2004,30000,0,2026,4,8
관악구,봉천동,봉천동아,59.76,12,2000,39060,0,2026,4,8
관악구,봉천동,봉천우성,59.76,6,2000,45000,0,2026,4,6
관악구,봉천동,(854-3),15.75,4,2022,6000,39,2026,4,8
관악구,봉천동,보라매삼성,84.84,2,1996,54000,0,2026,4,8
관악구,신림동,관악산휴먼시아2단지,59.96,20,2008,39300,0,2026,4,8
관악구,신림동,푸리마타운,12.25,19,2014,1000,65,2026,4,6
관악구,봉천동,두산,114.99,7,2000,67200,0,2026,4,7
관악구,신림동,관악산휴먼시아2단지,84.97,3,2008,42000,0,2026,4,6
관악구,봉천동,낙성대늘푸른2차,74.89,6,2006,45000,0,2026,4,6
관악구,봉천동,관악푸르지오,59.58,8,2004,47250,0,2026,4,4
관악구,봉천동,e편한세상서울대입구1단지,84.98,17,2019,80500,0,2026,4,4
관악구,봉천동,벽산블루밍,114.97,13,2005,50000,0,2026,4,6
관악구,봉천동,서울대입구역더하이브센트럴,59.74,9,2024,50000,0,2026,4,4
관악구,신림동,LIG대학마을(건영아파트3차),69.17,4,1996,36000,0,2026,4,4
관악구,봉천동,은천2단지아파트,59.93,6,2000,45000,0,2026,4,4
관악구,봉천동,서희스타힐스,84.93,13,2015,60000,0,2026,4,6
관악구,신림동,그대家,59.6,16,2003,38500,0,2026,4,4
관악구,봉천동,늘푸른,81.72,9,2009,20000,150,2026,4,2
관악구,봉천동,관악유앤아이,84.866,3,2009,59000,0,2026,4,2
관악구,봉천동,벽산블루밍,84.99,18,2005,55000,0,2026,4,6
관악구,신림동,신림현대,34.86,11,1993,22000,25,2026,4,6
관악구,신림동,신림현대,82.2,9,1993,42000,0,2026,4,3
관악구,봉천동,관악푸르지오,84.75,18,2004,57000,0,2026,4,4
관악구,봉천동,벽산블루밍,114.97,20,2005,60900,0,2026,4,4
관악구,봉천동,벽산블루밍,114.97,11,2005,74000,0,2026,4,4
관악구,신림동,성우,59.97,8,1998,50000,0,2026,4,4
관악구,봉천동,두산,84.92,22,2000,10000,230,2026,4,4
관악구,신림동,관악산휴먼시아1단지,59.99,2,2008,31000,50,2026,4,4
관악구,봉천동,관악푸르지오,84.75,12,2004,15000,166,2026,4,3
관악구,신림동,청암두산위브센티움,83.64,10,2005,10000,180,2026,4,4
관악구,봉천동,관악드림(삼성),59.85,14,2003,48825,0,2026,4,4
관악구,봉천동,벽산블루밍,84.99,11,2005,55000,0,2026,4,4
관악구,봉천동,관악푸르지오,59.58,13,2004,42000,0,2026,4,4
관악구,봉천동,관악드림(삼성),59.85,17,2003,46200,0,2026,4,4
관악구,신림동,신림현대,34.86,7,1993,1000,95,2026,4,4
관악구,봉천동,서울대역해담채,15.02,12,2012,1000,65,2026,4,3
관악구,신림동,신림현대,59.85,2,1993,32000,0,2026,4,3
관악구,신림동,신림현대,59.85,3,1993,25000,31,2026,4,3
관악구,봉천동,e편한세상서울대입구1단지,84.97,11,2019,78600,0,2026,4,3
관악구,봉천동,낙성대현대(296),59.78,2,1998,15000,100,2026,4,3
관악구,봉천동,보라매삼성,84.84,7,1996,30000,120,2026,4,3
관악구,신림동,미래,59.54,10,1997,25000,0,2026,4,2
관악구,봉천동,e편한세상서울대입구1단지,59.9,5,2019,45000,80,2026,4,3
관악구,신림동,힐스테이트뉴포레,59.9882,7,2022,65000,10,2026,4,1
관악구,봉천동,e편한세상서울대입구1단지,59.9,10,2019,67000,0,2026,4,2
관악구,봉천동,(854-3),15.75,16,2022,5400,31,2026,4,2
관악구,봉천동,관악푸르지오,84.9,1,2004,54600,0,2026,4,2
관악구,봉천동,관악푸르지오,84.2,16,2004,35000,70,2026,4,2
관악구,신림동,최강타워,42.72,9,2023,5552,58,2026,4,1
관악구,봉천동,관악드림(동아),60,8,2003,30000,79,2026,4,1
관악구,신림동,관전GT타워,15.78,12,2022,1000,86,2026,4,1
관악구,봉천동,은천2단지아파트,59.93,10,2000,42000,0,2026,4,1
서초구,내곡동,서초더샵포레,84.41,4,2014,80000,80,2026,4,11
서초구,잠원동,동아,59.8,8,2002,90000,0,2026,4,18
서초구,잠원동,아크로리버뷰신반포,78.48,32,2018,175000,0,2026,4,8
서초구,서초동,서초블리스아파트,63.19,8,2020,47250,85,2026,4,26
서초구,서초동,서초한빛삼성,59.52,7,1999,10000,240,2026,4,29
서초구,잠원동,동아,84.91,11,2002,90000,80,2026,4,25
서초구,반포동,반포미도,84.96,8,1987,85000,20,2026,4,27
서초구,서초동,유원서초,84.82,6,1993,85000,40,2026,4,29
서초구,반포동,반포래미안아이파크,59.95,15,2018,99225,44,2026,4,18
서초구,방배동,방배1차현대홈타운,114.78,9,1999,110000,40,2026,4,4
서초구,반포동,반포리체,59.993,18,2010,74000,160,2026,4,5
서초구,방배동,방배1차현대홈타운,114.78,9,1999,110000,40,2026,4,4
서초구,잠원동,한신그린,84.89,5,1993,112000,0,2026,4,24
서초구,방배동,방배우성,117.19,4,1991,92400,0,2026,4,10
서초구,잠원동,강변,66.29,10,1987,70000,0,2026,4,17
서초구,서초동,삼풍아파트,130.73,6,1988,130000,0,2026,4,18
서초구,양재동,우성112,84.58,7,1991,79000,0,2026,4,18
서초구,잠원동,반포르엘,84.3465,17,2022,189000,0,2026,4,1
서초구,서초동,래미안서초에스티지S,84.8,3,2018,140000,0,2026,4,5
서초구,잠원동,신반포7,107.29,5,1980,78750,0,2026,4,4
서초구,잠원동,반포르엘,84.1127,27,2022,183000,0,2026,4,4
서초구,잠원동,래미안신반포팰리스,84.49,25,2016,20000,610,2026,4,23
서초구,서초동,우성아파트,76.67,11,1998,70000,100,2026,4,17
서초구,서초동,CONEST,23.7728,14,2023,11600,54,2026,4,9
서초구,반포동,래미안원펜타스,107.6378,9,2024,3000,1300,2026,4,28
서초구,잠원동,반포르엘,84.3465,17,2022,189000,0,2026,4,1
서초구,잠원동,신반포2,68.91,5,1978,45000,0,2026,4,21
서초구,반포동,래미안원펜타스,59.7832,32,2024,139000,0,2026,4,13
서초구,반포동,반포미도,84.96,4,1987,84000,0,2026,4,4
서초구,서초동,CONEST,23.9826,6,2023,11200,52,2026,4,8
서초구,서초동,서초꽃마을주얼리,32.41,8,2021,9000,79,2026,4,6
서초구,반포동,래미안원펜타스,59.7832,32,2024,139000,0,2026,4,13
서초구,잠원동,반포센트럴자이,59.98,10,2020,135000,0,2026,4,24
서초구,서초동,서초대우아이빌,32.647,11,2003,2000,100,2026,4,25
서초구,신원동,서초포레스타3단지,59.93,3,2014,60000,80,2026,4,22
서초구,서초동,서초노블레스아파트,26.74,11,2019,40000,0,2026,4,16
서초구,서초동,서초아트자이,165.5725,17,2009,100000,340,2026,4,27
서초구,내곡동,서초더샵포레,84.41,4,2014,80000,80,2026,4,11
서초구,방배동,대우로얄빌라트(1027-1),241.81,6,2002,230000,0,2026,4,24
서초구,잠원동,신반포자이,84.97,19,2018,147000,0,2026,4,15
서초구,반포동,반포미도,84.96,14,1987,100000,0,2026,4,4
서초구,잠원동,신반포4,100.11,2,1979,89250,0,2026,4,15
서초구,양재동,우성KBS(113동),84.69,11,1996,63000,13,2026,4,15
서초구,잠원동,대우아이빌,27.07,2,2001,1000,105,2026,4,15
서초구,잠원동,반포센트럴자이,114.96,9,2020,58000,661,2026,4,30
서초구,잠원동,신반포2,92.2,1,1978,65000,0,2026,4,13
서초구,신원동,서초포레스타5단지,84.81,4,2014,88000,70,2026,4,25
서초구,잠원동,신반포2,137.66,4,1978,125000,0,2026,4,28
서초구,서초동,CONEST,36.9571,12,2023,15900,72,2026,4,8
서초구,방배동,임광,84.78,7,1985,80000,0,2026,4,10
서초구,서초동,래미안서초에스티지S,84.8,16,2018,133000,50,2026,4,21
서초구,서초동,서초대성유니드,107.84,3,2005,90000,0,2026,4,22
서초구,우면동,서초네이처힐4단지,84.77,1,2011,88200,0,2026,4,16
서초구,서초동,CONEST,30.9661,17,2023,12300,48,2026,4,8
서초구,우면동,서초힐스,84.93,11,2012,110000,0,2026,4,21
서초구,서초동,서초그랑자이,115.99,31,2021,220500,0,2026,4,29
서초구,잠원동,반포센트럴자이,98.99,32,2020,220000,0,2026,4,10
서초구,반포동,래미안원베일리,59.96,1,2023,159000,0,2026,4,29
서초구,잠원동,한신타운,78.39,8,1989,75000,14,2026,4,28
서초구,서초동,삼풍아파트,79.47,13,1988,40000,200,2026,4,28
서초구,우면동,서초네이처힐4단지,49.91,2,2011,8315,13,2026,4,22
서초구,서초동,서초래미안,126.31,15,2003,160000,0,2026,4,28
서초구,잠원동,반포센트럴자이,84.95,28,2020,190000,0,2026,4,1
서초구,서초동,삼풍아파트,130.73,4,1988,128000,0,2026,4,28
서초구,내곡동,서초포레스타2단지,59.21,11,2015,73500,0,2026,4,25
서초구,반포동,반포서래월드메르디앙스칼라아파트A동,134.21,5,2005,110000,0,2026,4,30
서초구,우면동,서초네이처힐6단지,49.91,2,2013,2047,41,2026,4,23
서초구,양재동,우성,84.58,4,1991,40000,160,2026,4,11
서초구,서초동,CONEST,23.9826,5,2023,11200,52,2026,4,8
서초구,서초동,서초래미안,126.31,15,2003,160000,0,2026,4,28
서초구,우면동,서초네이처힐6단지,49.9,7,2013,8879,14,2026,4,22
서초구,방배동,방배블레스밸리,128.4,7,2003,125000,0,2026,4,28
서초구,반포동,반포푸르지오,84.82,1,2000,40000,220,2026,4,29
서초구,서초동,래미안서초에스티지S,84.8,3,2018,105000,80,2026,4,30
서초구,우면동,대림,130.89,9,1995,50000,200,2026,4,30
서초구,반포동,래미안원베일리,59.96,11,2023,10000,600,2026,4,25
서초구,우면동,서초네이처힐5단지,59.99,1,2011,9049,14,2026,4,22
서초구,방배동,서리풀e편한세상,84.97,1,2010,55000,200,2026,4,25
서초구,서초동,서초우방유쉘,84.85,9,2006,83000,0,2026,4,3
서초구,방배동,동부센트레빌,134.04,2,2004,185000,0,2026,4,28
서초구,반포동,반포푸르지오,58.88,12,2000,75000,60,2026,4,26
서초구,서초동,urbanplace,20.406,4,2014,17700,5,2026,4,29
서초구,방배동,서리풀e편한세상,59.94,2,2010,65000,0,2026,4,27
서초구,서초동,서초자이,148.83,6,2006,50000,430,2026,4,12
서초구,서초동,래미안서초유니빌,45.255,16,2003,5000,93,2026,4,4
서초구,반포동,아크로리버파크,84.95,8,2016,210000,0,2026,4,27
서초구,서초동,서초래미안,84.95,13,2003,99750,0,2026,4,18
서초구,서초동,urbanplace,20.406,3,2014,16600,10,2026,4,30
서초구,반포동,반포힐스테이트,155.38,26,2012,20000,1000,2026,4,12
서초구,잠원동,신반포2,135.97,12,1978,80000,150,2026,4,7
서초구,잠원동,메이플자이,165.2065,15,2025,120000,1000,2026,4,27
서초구,서초동,CONEST,30.9904,14,2023,12400,49,2026,4,8
서초구,서초동,서초대우아이빌,32.647,11,2003,1000,102,2026,4,25
서초구,반포동,반포리체,84.967,8,2010,90000,300,2026,4,27
서초구,서초동,서초그랑자이,119.41,34,2021,105000,420,2026,4,25
서초구,신원동,서초포레스타6단지,49.75,2,2015,4600,47,2026,4,23
서초구,서초동,대림서초리시온,49.92,4,2003,2000,155,2026,4,29
서초구,서초동,CONEST,36.9571,6,2023,15900,72,2026,4,8
서초구,내곡동,서초포레스타2단지,39.37,6,2015,6747,12,2026,4,22
서초구,반포동,래미안원펜타스,59.7832,25,2024,20000,520,2026,4,22
서초구,우면동,서초네이처힐6단지,114.98,11,2013,50000,260,2026,4,22
서초구,잠원동,래미안신반포팰리스,84.49,3,2016,138600,0,2026,4,19
서초구,반포동,래미안원펜타스,59.7832,25,2024,20000,525,2026,4,22
서초구,서초동,서초푸르지오써밋,97.7,10,2017,170000,0,2026,4,25
서초구,반포동,래미안원베일리,84.96,16,2023,173355,0,2026,4,9
서초구,반포동,반포대우멤버스카운티2차,183.31,4,2004,1000,1000,2026,4,23
서초구,서초동,서초교대e편한세상,110.32,6,2010,90000,280,2026,4,21
서초구,잠원동,한신로얄,81.05,11,1992,95000,0,2026,4,22
서초구,방배동,방배아트e-편한세상103,94.9,6,2005,50000,135,2026,4,28
서초구,반포동,반포자이,84.998,25,2009,160000,0,2026,4,18
서초구,신원동,서초포레스타3단지,84.34,6,2014,89250,0,2026,4,28
서초구,서초동,urbanplace,20.334,3,2014,1000,90,2026,4,30
서초구,잠원동,중앙하이츠,59.93,9,1998,34000,88,2026,4,15
서초구,방배동,임광,136.38,11,1985,96600,0,2026,4,11
서초구,반포동,래미안퍼스티지,59.89,5,2009,115000,84,2026,4,3
서초구,서초동,CONEST,23.7728,3,2023,11600,54,2026,4,8
서초구,서초동,CONEST,30.9904,20,2023,12400,49,2026,4,8
서초구,잠원동,대우아이빌,35.38,4,2001,2000,150,2026,4,21
서초구,서초동,서초푸르지오써밋,84.93,10,2017,30000,460,2026,4,15
서초구,서초동,CONEST,23.9228,7,2023,9100,44,2026,4,8
서초구,서초동,유원서초,84.82,6,1993,60000,180,2026,4,21
서초구,서초동,유원서초,84.82,10,1993,92000,0,2026,4,28
서초구,잠원동,반포센트럴자이,84.98,25,2020,20000,640,2026,4,24
서초구,잠원동,잠원시티아파트,21.17,7,2017,28665,0,2026,4,27
서초구,양재동,양재한신휴플러스,84.92,10,2005,86000,0,2026,4,21
서초구,잠원동,동아,84.91,8,2002,10000,360,2026,4,23
서초구,서초동,서초노블레스아파트,29.96,14,2019,42050,0,2026,4,25
서초구,서초동,삼환바우스,84.74,9,2006,20000,310,2026,4,25
서초구,우면동,서초네이처힐3단지,84.77,3,2013,40000,190,2026,4,24
서초구,서초동,서초푸르지오써밋,74.93,2,2017,20000,450,2026,4,21
서초구,서초동,서초동삼성쉐르빌2,35.22,18,2002,1000,120,2026,4,22
서초구,서초동,서초교대e편한세상,84.97,19,2010,120000,70,2026,4,28
서초구,우면동,우솔마을서초리슈빌S아파트,30.89,7,2014,1000,105,2026,4,30
서초구,잠원동,메이플자이,59.5368,27,2025,30000,520,2026,4,29
서초구,방배동,라파르오뜨서래,84.18,4,2024,5500,500,2026,4,30
서초구,서초동,CONEST,23.9228,18,2023,9100,44,2026,4,8
서초구,서초동,극동스타클래스2,72.5,5,2006,71000,15,2026,4,11
서초구,서초동,서초한빛삼성,99.06,1,1999,115000,0,2026,4,10
서초구,방배동,방배아크로리버,124.569,15,2004,13000,420,2026,4,17
서초구,반포동,반포자이,132.439,25,2009,236250,0,2026,4,11
서초구,반포동,반포대우멤버스카운티2차,148.29,2,2004,105000,0,2026,4,10
서초구,반포동,반포푸르지오,58.88,12,2000,75000,60,2026,4,26
서초구,방배동,방배래미안타워,102.93,10,2005,70000,150,2026,4,25
서초구,방배동,대우(효령),84.91,11,1992,82000,0,2026,4,28
서초구,반포동,현대동궁아파트,70.38,13,1991,17950,165,2026,4,16
서초구,서초동,진흥아파트,101.32,15,1979,61950,0,2026,4,14
서초구,방배동,서초이에스에이3차,59.4,1,2002,65000,0,2026,4,22
서초구,우면동,서초힐스,59.89,5,2012,10000,240,2026,4,17
서초구,반포동,래미안원베일리,133.91,16,2023,80000,1140,2026,4,21
서초구,잠원동,반포센트럴자이,59.97,15,2020,80000,250,2026,4,10
서초구,반포동,반포자이,84.943,23,2009,100000,260,2026,4,29
서초구,잠원동,메이플자이,49.2874,27,2025,138000,0,2026,4,23
서초구,서초동,서초벽산블루밍,120.27,7,2006,60000,230,2026,4,30
서초구,방배동,삼환나띠르빌(1002-10),92.93,6,2003,40000,200,2026,4,25
서초구,서초동,서린,75.33,7,2004,20000,190,2026,4,25
서초구,잠원동,반포센트럴자이,84.98,5,2020,157500,0,2026,4,21
서초구,서초동,urbanplace,20.334,7,2014,1000,100,2026,4,24
서초구,반포동,반포리체,138.257,28,2010,20000,875,2026,4,20
서초구,내곡동,서초더샵포레,59.94,4,2014,50000,140,2026,4,20
서초구,반포동,더샵반포리버파크,49.7795,3,2022,76650,0,2026,4,29
서초구,반포동,반포자이,84.943,1,2009,15000,590,2026,4,24
서초구,서초동,삼풍아파트,165.92,7,1988,110000,160,2026,4,6
서초구,반포동,반포미도2차아파트,71.49,4,1989,75000,0,2026,4,28
서초구,서초동,CONEST,23.7728,3,2023,11600,52,2026,4,10
서초구,서초동,지웰홈스서초,14.1,9,2019,1000,96,2026,4,27
서초구,반포동,반포리체,84.967,30,2010,10000,630,2026,4,11
서초구,잠원동,반포센트럴자이,84.95,4,2020,180000,30,2026,4,22
서초구,서초동,서초현대,54.45,5,1999,56800,53,2026,4,16
서초구,잠원동,훼미리,84.9,12,1992,5000,200,2026,4,21
서초구,잠원동,강변,84.53,9,1987,95000,0,2026,4,14
서초구,방배동,한신트리플,33.73,11,2004,2000,100,2026,4,11
서초구,반포동,아크로리버파크,112.93,8,2016,277000,0,2026,4,11
서초구,서초동,서초동프레스티지아파트,55.43,8,2017,71000,50,2026,4,24
서초구,방배동,임광,84.78,10,1985,40000,160,2026,4,25
서초구,서초동,서초3차e편한세상,158.24,10,2005,65000,270,2026,4,17
서초구,잠원동,신반포2,135.97,12,1978,80000,150,2026,4,7
서초구,서초동,제이씨라디앙,84.98,2,2005,30000,200,2026,4,14
서초구,우면동,서초힐스,84.96,8,2012,80000,30,2026,4,18
서초구,잠원동,동아,59.92,11,2002,20000,280,2026,4,14
서초구,잠원동,신반포2,107.31,2,1978,40000,60,2026,4,19
서초구,서초동,서초동삼성쉐르빌2,35.22,14,2002,1000,100,2026,4,16
서초구,잠원동,신반포2,107.31,1,1978,4000,245,2026,4,15
서초구,잠원동,신반포2,92.2,2,1978,5000,250,2026,4,25
서초구,서초동,동일하이빌,100.45,14,2006,10000,420,2026,4,4
서초구,방배동,방배1차현대홈타운,84.96,15,1999,40000,260,2026,4,16
서초구,서초동,래미안 리더스원,114.94,24,2020,150000,164,2026,4,16
서초구,서초동,서초이오빌,36.66,13,2003,1000,125,2026,4,15
서초구,잠원동,신반포12,105.36,3,1982,1000,150,2026,4,24
서초구,반포동,더샵반포리버파크,49.7576,3,2022,76650,0,2026,4,29
서초구,우면동,호반써밋서초파크뷰,59.99,14,2013,5000,270,2026,4,11
서초구,신원동,서초포레스타3단지,114.39,2,2014,100000,0,2026,4,27
서초구,우면동,서초힐스,74.96,11,2012,80000,0,2026,4,18
서초구,서초동,래미안서초스위트,84.9571,16,2009,10000,425,2026,4,11
서초구,반포동,반포써밋,84.4182,17,2018,10000,530,2026,4,15
서초구,방배동,윈저빌,234.27,5,2001,50000,700,2026,4,14
서초구,반포동,반포자이,59.98,5,2009,122745,0,2026,4,18
서초구,반포동,반포미도2차아파트,71.49,1,1989,50000,110,2026,4,3
서초구,방배동,삼호1동~3동,78.02,4,1975,30000,150,2026,4,25
서초구,서초동,서초푸르지오써밋,84.95,21,2017,60000,340,2026,4,30
서초구,서초동,서초현대타워아파트,179.03,28,1997,128000,0,2026,4,13
서초구,방배동,방배임광3차,67.47,4,1988,42000,35,2026,4,25
서초구,서초동,CONEST,36.9571,19,2023,15900,72,2026,4,8
서초구,서초동,래미안서초스위트,84.9571,20,2009,70000,115,2026,4,16
서초구,잠원동,반포센트럴자이,98.87,8,2020,196500,0,2026,4,13
서초구,잠원동,동아,84.91,17,2002,120000,0,2026,4,17
서초구,서초동,롯데캐슬클래식,74.3,11,2006,102000,0,2026,4,4
서초구,방배동,방배아트e-편한세상106,117.26,4,2005,71000,0,2026,4,25
서초구,방배동,상지리츠빌7차,174.37,1,2008,2000,998,2026,4,24
서초구,서초동,서초한빛삼성,59.52,7,1999,10000,240,2026,4,29
서초구,서초동,urbanplace,20.998,8,2014,5000,75,2026,4,21
서초구,서초동,삼풍아파트,79.47,2,1988,92000,0,2026,4,30
서초구,잠원동,메이플자이,84.2537,24,2025,198000,0,2026,4,29
서초구,서초동,초원현대,99.63,11,1998,100000,0,2026,4,1
서초구,반포동,래미안퍼스티지,84.93,21,2009,200000,0,2026,4,10
서초구,서초동,CONEST,23.7728,14,2023,11600,54,2026,4,8
서초구,반포동,반포써밋,59.9207,20,2018,85000,175,2026,4,24
서초구,방배동,방배우성,80.2,11,1991,65000,10,2026,4,18
서초구,서초동,동아빌라트2,211.67,9,1996,80000,360,2026,4,30
서초구,반포동,더샵반포리버파크,49.7795,4,2022,90000,0,2026,4,30
서초구,서초동,서초아트자이,165.5725,8,2009,185000,0,2026,4,29
서초구,반포동,반포리체,84.967,26,2010,80000,360,2026,4,16
서초구,반포동,더샵반포리버파크,49.986,3,2022,75000,0,2026,4,30
서초구,반포동,더샵반포리버파크,49.9281,3,2022,30000,205,2026,4,22
서초구,잠원동,래미안신반포팰리스,104.03,11,2016,185000,0,2026,4,18
서초구,잠원동,신반포2,150.58,2,1978,105000,0,2026,4,11
서초구,잠원동,신반포2,93.71,6,1978,30000,130,2026,4,22
서초구,반포동,반포미도,84.96,2,1987,80000,0,2026,4,20
서초구,방배동,방배자이,194.92,4,2003,182000,0,2026,4,29
서초구,잠원동,래미안신반포리오센트,84.92,10,2019,150000,0,2026,4,16
서초구,방배동,방배임광3차,84,4,1988,23000,127,2026,4,29
서초구,잠원동,반포센트럴자이,59.97,6,2020,138000,0,2026,4,18
서초구,우면동,호반써밋서초파크,74.97,1,2013,71400,0,2026,4,19
서초구,잠원동,아크로리버뷰신반포,84.82,24,2018,30000,680,2026,4,22
서초구,반포동,래미안원베일리,59.96,1,2023,147000,0,2026,4,18
서초구,서초동,DK밸리뷰서초2차,26.39,13,2022,3000,200,2026,4,24
서초구,서초동,한라비발디스튜디오193,22.72,7,2013,8000,84,2026,4,9
서초구,우면동,서초네이처힐3단지,114.79,4,2013,15000,400,2026,4,23
서초구,서초동,래미안서초유니빌,56.344,16,2003,8000,140,2026,4,1
서초구,서초동,CONEST,23.9826,14,2023,11200,52,2026,4,8
서초구,반포동,래미안원베일리,84.99,8,2023,10000,569,2026,4,16
서초구,잠원동,한강,84.53,15,1989,30000,260,2026,4,29
서초구,서초동,밀라텔쉐르빌,65.32,18,2001,2000,290,2026,4,23
서초구,잠원동,동아,59.92,13,2002,60000,140,2026,4,22
서초구,반포동,반포자이,84.943,8,2009,10000,600,2026,4,15
서초구,서초동,래미안서초에스티지S,84.96,16,2018,80000,260,2026,4,14
서초구,서초동,한라비발디스튜디오193,19.99,10,2013,10000,75,2026,4,18
서초구,서초동,두산위브(1362),57.15,4,2005,15000,200,2026,4,7
서초구,방배동,방배우성,117.19,11,1991,64000,0,2026,4,30
서초구,서초동,서초나산스위트,140.53,7,1996,20000,460,2026,4,25
서초구,반포동,래미안퍼스티지,198.22,21,2009,340000,0,2026,4,29
서초구,잠원동,신반포2,79.42,9,1978,62500,0,2026,4,4
서초구,방배동,엘루크방배서리풀,32.383,9,2024,52500,0,2026,4,4
서초구,잠원동,블루힐하우스,84.54,2,1999,108000,0,2026,4,25
서초구,잠원동,동아,59.92,12,2002,90000,0,2026,4,25
서초구,잠원동,반포센트럴자이,114.78,11,2020,0,960,2026,4,8
서초구,서초동,한라비발디스튜디오193,19.99,7,2013,23400,3,2026,4,24
서초구,반포동,반포자이,84.998,22,2009,10000,660,2026,4,30
서초구,반포동,어반빌리지,23.23,4,2012,19500,0,2026,4,30
서초구,서초동,서초래미안,84.95,15,2003,95000,90,2026,4,12
서초구,서초동,서초래미안,84.95,15,2003,95000,90,2026,4,12
서초구,서초동,서초동삼성쉐르빌2,35.22,9,2002,1000,130,2026,4,7
서초구,반포동,반포리체,84.967,24,2010,165000,0,2026,4,22
서초구,서초동,서초자이,133.47,13,2006,80000,270,2026,4,30
서초구,방배동,삼호1동~3동,81.39,11,1975,20000,160,2026,4,30
서초구,방배동,카사벨라(939-9),104.45,2,2005,57880,0,2026,4,28
서초구,반포동,반포힐스테이트,59.7,6,2012,40000,400,2026,4,25
서초구,서초동,현대아파트,84.33,14,1989,68000,0,2026,4,27
서초구,양재동,우성,84.88,15,1991,79000,0,2026,4,25
서초구,반포동,반포미도,84.96,3,1987,73500,0,2026,4,8
서초구,우면동,서초네이처힐3단지,84.61,3,2013,10000,200,2026,4,24
서초구,방배동,이연아마빌레,84.286,6,2006,91000,0,2026,4,24
서초구,서초동,서초푸르지오써밋,84.93,13,2017,20000,530,2026,4,30
서초구,서초동,서초푸르지오써밋,104.11,17,2017,140000,115,2026,4,30
서초구,서초동,서초푸르지오써밋,84.93,6,2017,70000,263,2026,4,30
서초구,신원동,서초포레스타3단지,59.93,3,2014,60000,80,2026,4,22
서초구,반포동,반포미도,84.96,5,1987,80000,80,2026,4,15
서초구,반포동,반포써밋,84.6849,9,2018,20000,490,2026,4,30
서초구,서초동,유원서초,84.82,6,1993,85000,40,2026,4,29
서초구,반포동,반포미도,84.96,8,1987,85000,20,2026,4,27
서초구,방배동,훼미리타운,20.04,1,2012,500,100,2026,4,24
서초구,방배동,방배그랑자이,84.972,14,2021,50000,314,2026,4,29
서초구,우면동,코오롱,52.47,1,1994,50000,0,2026,4,25
서초구,서초동,서초그랑자이,90.72,21,2021,105000,240,2026,4,24
서초구,서초동,아크로비스타,205.07,3,2004,289000,0,2026,4,16
서초구,방배동,상지리츠빌4차(843-13),136.87,3,2004,100000,200,2026,4,6
서초구,잠원동,메이플자이,59.5368,14,2025,40000,400,2026,4,4
서초구,우면동,우솔마을서초리슈빌S아파트,30.89,4,2014,3000,100,2026,4,27
서초구,서초동,두진한아름,59.97,2,1995,70000,0,2026,4,13
서초구,양재동,신영체르니,32.08,9,2002,31000,0,2026,4,19
서초구,잠원동,한강,84.53,12,1989,94500,0,2026,4,2
서초구,반포동,래미안퍼스티지,169.31,11,2009,30000,500,2026,4,30
서초구,서초동,J타워,33.31,11,2019,5000,150,2026,4,14
서초구,잠원동,신반포자이,59.93,12,2018,40000,400,2026,4,24
서초구,반포동,화천빌리지,29.22,2,2002,2000,95,2026,4,21
서초구,서초동,서초센트럴IPARK,80.5154,32,2020,120000,0,2026,4,5
서초구,서초동,서초쌍용플래티넘,82.46,17,2006,30000,270,2026,4,13
서초구,반포동,래미안원펜타스,59.7832,32,2024,139000,0,2026,4,13
서초구,방배동,래미안방배아트힐(1008-2),127.61,17,2004,110000,80,2026,4,29
서초구,서초동,서초한빛삼성,59.52,3,1999,80000,0,2026,4,7
서초구,우면동,호반써밋서초파크,84.95,3,2013,90000,0,2026,4,18
서초구,방배동,삼호2,127.94,2,1976,50000,89,2026,4,4
서초구,반포동,래미안퍼스티지,84.93,3,2009,180000,0,2026,4,25
서초구,서초동,서초동대우디오빌프라임,81.97,15,2005,90000,0,2026,4,21
서초구,방배동,롯데캐슬아르떼,121.6356,1,2013,147000,0,2026,4,3
서초구,반포동,래미안원베일리,59.96,31,2023,10000,620,2026,4,16
서초구,잠원동,반포센트럴자이,59.98,3,2020,155000,0,2026,4,30
서초구,서초동,래미안서초에스티지S,84.8,6,2018,100000,160,2026,4,25
서초구,서초동,래미안서초에스티지S,84.17,13,2018,130000,0,2026,4,30
서초구,우면동,엘에이치서초3단지,36.7,3,2013,2311,28,2026,4,30
서초구,서초동,CONEST,23.9826,11,2023,11200,52,2026,4,30
서초구,반포동,래미안퍼스티지,84.93,16,2009,180000,0,2026,4,10
서초구,서초동,래미안서초7차,148.08,3,2006,90000,117,2026,4,29
서초구,서초동,삼환바우스,84.74,8,2006,20000,320,2026,4,1
서초구,잠원동,신반포르엘,118.97,25,2023,220000,0,2026,4,4
서초구,잠원동,중앙하이츠,59.93,15,1998,78750,0,2026,4,25
서초구,서초동,urbanplace,20.998,8,2014,17100,10,2026,4,14
서초구,잠원동,한신로얄,81.23,8,1992,50000,95,2026,4,30
서초구,방배동,포렛빌,240.69,4,2001,0,900,2026,4,21
서초구,방배동,방배우성,84.95,2,1991,30000,125,2026,4,30
서초구,방배동,브라운스톤방배,84.96,3,2005,110000,0,2026,4,29
서초구,신원동,서초포레스타3단지,84.39,14,2014,90300,0,2026,4,29
서초구,서초동,삼풍아파트,79.47,10,1988,96000,0,2026,4,24
서초구,우면동,엘에이치서초3단지,51.32,4,2013,20634,0,2026,4,30
서초구,내곡동,서초더샵포레,59.94,2,2014,85000,0,2026,4,25
서초구,잠원동,신반포19,81,7,1982,10000,191,2026,4,11
서초구,신원동,서초포레스타7단지,59.94,3,2013,48828,0,2026,4,29
서초구,잠원동,아크로리버뷰신반포,84.79,7,2018,160000,210,2026,4,20
서초구,서초동,서초두산위브트레지움,130.3,6,2008,105000,160,2026,4,29
서초구,서초동,삼풍아파트,79.47,9,1988,95000,0,2026,4,30
서초구,방배동,래미안방배아트힐(1008-2),127.61,22,2004,52500,300,2026,4,29
서초구,방배동,방배아트자이,126.6226,6,2018,157500,0,2026,4,30
서초구,신원동,서초포레스타3단지,84.41,14,2014,62107,0,2026,4,29
서초구,서초동,서초롯데캐슬프레지던트,84.97,24,2014,20000,403,2026,4,15
서초구,방배동,엘루크방배서리풀,47.99,11,2024,83000,0,2026,4,23
서초구,서초동,CONEST,23.9228,15,2023,9100,44,2026,4,8
서초구,서초동,아남,84.96,5,1989,46000,0,2026,4,23
서초구,잠원동,반포센트럴자이,114.96,26,2020,214000,0,2026,4,25
서초구,잠원동,신반포4,107.39,12,1979,5000,221,2026,4,4
서초구,방배동,삼호한숲,59.98,12,1998,40000,118,2026,4,29
서초구,방배동,롯데캐슬파크(40),244.92,4,2003,220000,0,2026,4,29
서초구,서초동,서초한양수자인,84.32,4,2013,43000,74,2026,4,25
서초구,반포동,반포리체,59.993,14,2010,130000,20,2026,4,28
서초구,잠원동,신반포르엘,118.97,27,2023,65000,558,2026,4,20
서초구,서초동,롯데캐슬클래식,84.98,15,2006,135000,0,2026,4,29
서초구,잠원동,메이플자이,49.2874,16,2025,81900,0,2026,4,29
서초구,우면동,서초네이처힐3단지,84.61,5,2013,100000,0,2026,4,25
서초구,서초동,래미안서초에스티지S,84.17,12,2018,30000,450,2026,4,10
서초구,신원동,서초포레스타6단지,54.97,2,2015,46800,0,2026,4,29
서초구,서초동,아크로비스타,137.98,9,2004,80000,360,2026,4,29
서초구,반포동,래미안원펜타스,59.7832,17,2024,100000,176,2026,4,29
서초구,서초동,유원서초,84.82,5,1993,75000,80,2026,4,10
서초구,내곡동,서초더샵포레,59.69,15,2014,48828,0,2026,4,29
서초구,서초동,서초동삼성쉐르빌2,70.49,12,2002,60000,45,2026,4,21
서초구,잠원동,메이플자이,49.6998,17,2025,81900,0,2026,4,29
서초구,잠원동,메이플자이,49.2874,6,2025,81900,0,2026,4,29
서초구,잠원동,메이플자이,43.0502,21,2025,68640,0,2026,4,29
서초구,서초동,래미안서초에스티지S,84.17,27,2018,125000,100,2026,4,11
서초구,서초동,진흥아파트,131.07,14,1979,78000,0,2026,4,18
서초구,서초동,서초그랑자이,84.51,13,2021,180000,0,2026,4,27
서초구,잠원동,잠원시티아파트,22.77,5,2017,31500,0,2026,4,1
서초구,서초동,서초교대e편한세상,84.97,7,2010,125000,0,2026,4,27
서초구,반포동,반포자이,84.943,14,2009,130000,165,2026,4,29
서초구,서초동,서초아트빌,71.83,3,2003,26000,110,2026,4,5
서초구,서초동,현대홈타운,84.97,12,2005,21000,263,2026,4,24
서초구,잠원동,메이플자이,49.2874,4,2025,81900,0,2026,4,29
서초구,잠원동,메이플자이,49.6998,16,2025,81900,0,2026,4,29
서초구,신원동,서초포레스타5단지,59.96,6,2014,48828,0,2026,4,29
서초구,서초동,진흥아파트,131.07,14,1979,78000,0,2026,4,18
서초구,우면동,서초호반써밋,118.0474,13,2013,108000,0,2026,4,20
서초구,내곡동,서초더샵포레,59.94,6,2014,48828,0,2026,4,27
서초구,방배동,방배래미안타워,134.96,12,2005,60000,170,2026,4,16
서초구,신원동,서초포레스타7단지,49.39,6,2013,42510,0,2026,4,29
서초구,신원동,서초포레스타7단지,49.39,6,2013,42510,0,2026,4,28
서초구,서초동,한라비발디스튜디오193,19.99,6,2013,1000,96,2026,4,10
서초구,잠원동,성진준빌라트,62.23,5,2003,7000,160,2026,4,15
서초구,서초동,서초대우아이빌,35.307,5,2003,27500,0,2026,4,13
서초구,반포동,반포자이,84.984,22,2009,125000,177,2026,4,29
서초구,잠원동,반포센트럴자이,84.98,2,2020,175000,0,2026,4,29
서초구,신원동,서초포레스타3단지,84.39,11,2014,109000,0,2026,4,29
서초구,서초동,래미안서초7차,148.08,3,2006,90000,117,2026,4,29
서초구,신원동,서초포레스타5단지,59.96,13,2014,48828,0,2026,4,28
서초구,반포동,반포자이,84.943,4,2009,100000,280,2026,4,25
서초구,잠원동,신반포4,96.48,10,1979,68250,0,2026,4,18
서초구,잠원동,강변,84.53,5,1987,60000,95,2026,4,25
서초구,잠원동,메이플자이,49.2874,3,2025,81900,0,2026,4,28
서초구,잠원동,메이플자이,43.0502,14,2025,68640,0,2026,4,28
서초구,서초동,한라비발디스튜디오193,19.99,10,2013,1000,105,2026,4,28
서초구,잠원동,메이플자이,49.6998,23,2025,81900,0,2026,4,28
서초구,신원동,서초포레스타7단지,49.39,4,2013,42510,0,2026,4,28
서초구,신원동,서초포레스타7단지,49.39,6,2013,42510,0,2026,4,27
서초구,내곡동,서초더샵포레,59.88,10,2014,48828,0,2026,4,28
서초구,잠원동,메이플자이,43.0502,20,2025,68640,0,2026,4,29
서초구,내곡동,서초더샵포레,84.81,18,2014,113000,0,2026,4,24
서초구,양재동,금일,106.31,2,2002,20000,200,2026,4,1
서초구,반포동,반포래미안아이파크,59.95,15,2018,99225,44,2026,4,18
서초구,잠원동,반포센트럴자이,84.98,16,2020,170000,0,2026,4,3
서초구,우면동,동고,77.14,12,1995,10000,240,2026,4,18
서초구,내곡동,서초더샵포레,84.3,3,2014,20000,310,2026,4,10
서초구,신원동,서초포레스타7단지,49.39,3,2013,42510,0,2026,4,28
서초구,내곡동,서초더샵포레,59.88,12,2014,48828,0,2026,4,28
서초구,방배동,방배신삼호,164.97,8,1983,105000,0,2026,4,25
서초구,방배동,방배디오슈페리움Ⅰ,84.82,22,2006,110000,0,2026,4,24
서초구,서초동,래미안 리더스원,74.9,12,2020,130000,110,2026,4,28
서초구,잠원동,신반포자이,84.98,13,2018,150000,150,2026,4,28
서초구,서초동,서신,32.76,8,1995,25524,0,2026,4,28
서초구,양재동,휴먼씨티,79.54,2,2001,59000,0,2026,4,13
서초구,잠원동,반포센트럴자이,84.95,13,2020,165000,0,2026,4,25
서초구,잠원동,신반포2,150.58,12,1978,95000,0,2026,4,27
서초구,서초동,서초동대우디오빌프라임,84.92,10,2005,68000,0,2026,4,25
서초구,방배동,푸른마을,55.94,5,2003,48000,0,2026,4,27
서초구,우면동,한라,59.98,5,1994,42000,0,2026,4,27
서초구,잠원동,한신타워,59.81,10,1996,85000,0,2026,4,25
서초구,반포동,반포푸르지오,58.88,12,2000,75000,60,2026,4,26
서초구,잠원동,한강,84.53,2,1989,68000,50,2026,4,20
서초구,서초동,유원서초,84.87,6,1993,60000,110,2026,4,28
서초구,잠원동,메이플자이,43.0502,16,2025,68640,0,2026,4,28
서초구,서초동,서초동롯데캐슬리버티,117.87,9,2005,106850,0,2026,4,28
서초구,서초동,서초교대e편한세상,59.9,10,2010,101000,0,2026,4,28
서초구,서초동,서초래미안,127.66,13,2003,160000,0,2026,4,28
서초구,방배동,방배디오슈페리움Ⅰ,84.76,21,2006,105000,0,2026,4,27
서초구,잠원동,신반포2,79.42,8,1978,52000,10,2026,4,25
서초구,잠원동,월드메르디앙,84.78,13,2002,95000,0,2026,4,28
서초구,반포동,반포리체,59.993,20,2010,53000,240,2026,4,11
서초구,우면동,서초힐스,84.95,13,2012,95000,0,2026,4,10
서초구,방배동,방배호원,209.31,3,2002,120500,0,2026,4,24
서초구,서초동,삼풍아파트,79.47,11,1988,105000,0,2026,4,25
서초구,잠원동,신반포청구,59.91,3,1998,84000,0,2026,4,18
서초구,잠원동,메이플자이,43.0502,22,2025,68640,0,2026,4,28
서초구,잠원동,신화,57.33,14,1997,63000,0,2026,4,25
서초구,서초동,강남태영데시앙루브,94.69,11,2005,5000,390,2026,4,2
서초구,양재동,해청파인빌,129.4,1,2004,20000,250,2026,4,15
서초구,서초동,삼풍아파트,79.47,9,1988,77700,0,2026,4,3
서초구,방배동,방배그랑자이,112.961,5,2021,190000,0,2026,4,27
서초구,서초동,삼풍아파트,163.81,14,1988,126000,0,2026,4,28
서초구,신원동,서초포레스타7단지,49.39,5,2013,42510,0,2026,4,27
서초구,방배동,방배대우멤버스카운티501,172.28,2,2004,10000,580,2026,4,20
서초구,서초동,서초푸르지오써밋,59.92,26,2017,120000,0,2026,4,11
서초구,신원동,서초포레스타7단지,49.39,4,2013,42510,0,2026,4,28
서초구,신원동,서초포레스타7단지,59.94,5,2013,48828,0,2026,4,28
서초구,잠원동,신반포7,112.25,6,1980,90000,0,2026,4,28
서초구,내곡동,서초더샵포레,59.88,8,2014,48828,0,2026,4,28
서초구,서초동,서초동삼성쉐르빌2,35.17,16,2002,1000,99,2026,4,11
서초구,잠원동,블루힐하우스,84.54,5,1999,20000,410,2026,4,25
서초구,서초동,강남태영데시앙루브,94.69,11,2005,5000,390,2026,4,2
서초구,잠원동,잠원현대훼밀리,84.52,11,1997,103000,0,2026,4,27
서초구,잠원동,메이플자이,43.0502,12,2025,68640,0,2026,4,28
서초구,잠원동,메이플자이,43.0502,7,2025,68640,0,2026,4,28
서초구,신원동,서초포레스타5단지,59.96,6,2014,48828,0,2026,4,27
서초구,잠원동,메이플자이,43.0502,3,2025,68640,0,2026,4,28
서초구,잠원동,반포센트럴자이,84.98,24,2020,10000,670,2026,4,25
서초구,잠원동,메이플자이,49.7803,25,2025,81900,0,2026,4,27
서초구,잠원동,메이플자이,43.443,25,2025,68640,0,2026,4,27
서초구,반포동,반포푸르지오,84.82,6,2000,108000,40,2026,4,4
서초구,우면동,코오롱,52.47,4,1994,54000,0,2026,4,11
서초구,잠원동,신반포2,93.71,5,1978,70000,0,2026,4,8
서초구,잠원동,메이플자이,49.2874,19,2025,81900,0,2026,4,27
서초구,잠원동,동아,59.8,6,2002,84000,0,2026,4,27
서초구,잠원동,아크로리버뷰신반포,78.48,5,2018,170000,0,2026,4,17
서초구,잠원동,메이플자이,43.0502,22,2025,68640,0,2026,4,27
서초구,반포동,반포두산힐스빌,47.7,8,2001,5000,104,2026,4,26
서초구,잠원동,한신타워,59.81,13,1996,85000,0,2026,4,25
서초구,서초동,래미안서초에스티지S,84.8,16,2018,70000,300,2026,4,25
서초구,반포동,반포푸르지오,84.82,6,2000,10000,430,2026,4,11
서초구,신원동,서초포레스타7단지,49.39,5,2013,42510,0,2026,4,27
서초구,잠원동,메이플자이,43.0502,4,2025,68640,0,2026,4,27
서초구,우면동,엘에이치서초3단지,36.7,1,2013,3211,24,2026,4,27
서초구,서초동,한라비발디스튜디오193,19.99,11,2013,1000,103,2026,4,15
서초구,신원동,서초포레스타7단지,49.39,3,2013,42510,0,2026,4,27
서초구,신원동,서초포레스타7단지,49.39,7,2013,42510,0,2026,4,27
서초구,신원동,서초포레스타5단지,59.96,12,2014,48828,0,2026,4,27
서초구,신원동,서초포레스타7단지,49.39,4,2013,42510,0,2026,4,27
서초구,신원동,서초포레스타3단지,59.96,5,2014,48828,0,2026,4,27
서초구,내곡동,서초더샵포레,84.41,5,2014,62400,0,2026,4,27
서초구,서초동,서초자연인아파트(102동),21.29,6,2013,5500,73,2026,4,22
서초구,양재동,우성,73.15,5,1991,66000,0,2026,4,25
서초구,우면동,호반써밋서초파크뷰,59.93,18,2013,58800,0,2026,4,20
서초구,잠원동,메이플자이,43.0502,6,2025,68640,0,2026,4,27
서초구,신원동,서초포레스타6단지,54.97,3,2015,46800,0,2026,4,27
서초구,서초동,서초푸르지오써밋,59.92,7,2017,89700,0,2026,4,27
서초구,잠원동,동아,84.91,2,2002,94500,0,2026,4,18
서초구,잠원동,롯데캐슬갤럭시(50-1),110.11,16,2004,40000,380,2026,4,6
서초구,방배동,현대멤피스,133.31,15,2001,130000,0,2026,4,25
서초구,방배동,한신휴플러스,84.68,4,2006,110000,0,2026,4,25
서초구,신원동,서초포레스타6단지,54.84,5,2015,46800,0,2026,4,27
서초구,신원동,서초포레스타6단지,54.97,3,2015,46800,0,2026,4,27
서초구,신원동,서초포레스타5단지,59.96,10,2014,48828,0,2026,4,27
서초구,서초동,유원서초,84.82,7,1993,95000,0,2026,4,4
서초구,반포동,반포미도2차아파트,71.49,15,1989,2000,300,2026,4,11
서초구,우면동,서초네이처힐5단지,84.85,10,2011,53287,0,2026,4,27
서초구,서초동,서초대우아이빌,37.777,4,2003,1000,110,2026,4,24
서초구,방배동,방배래미안타워,103.34,11,2005,75000,110,2026,4,25
서초구,잠원동,한신그린,84.89,5,1993,112000,0,2026,4,24
서초구,방배동,방배아트자이,59.9938,9,2018,102000,0,2026,4,26
서초구,방배동,파세지아타,118.695,2,2023,150000,0,2026,4,25
서초구,서초동,래미안서초에스티지,139.99,15,2016,220000,0,2026,4,1
서초구,잠원동,메이플자이,59.1662,6,2025,90000,280,2026,4,25
서초구,잠원동,메이플자이,43.0502,5,2025,68640,0,2026,4,27
서초구,우면동,코오롱,52.47,4,1994,25000,130,2026,4,25
서초구,반포동,래미안퍼스티지,84.93,27,2009,80000,460,2026,4,25
서초구,반포동,반포리체,59.993,22,2010,120000,0,2026,4,25
서초구,방배동,방배2차현대홈타운,84.94,14,2001,110000,0,2026,4,24
서초구,서초동,urbanplace,20.998,5,2014,1000,90,2026,4,23
서초구,방배동,브라운스톤방배,84.96,3,2005,88500,0,2026,4,25
서초구,잠원동,메이플자이,49.6998,13,2025,81900,0,2026,4,27
서초구,서초동,래미안 리더스원,59.96,14,2020,30000,352,2026,4,21
서초구,우면동,호반써밋서초파크,84.97,6,2013,70000,80,2026,4,24
서초구,서초동,서초그랑자이,59.98,24,2021,119700,0,2026,4,25
서초구,우면동,서초힐스,59.91,15,2012,66000,0,2026,4,14
서초구,서초동,삼환바우스,84.98,6,2006,20000,260,2026,4,1
서초구,우면동,서초힐스,59.89,23,2012,71400,0,2026,4,24
서초구,잠원동,메이플자이,49.6998,15,2025,81900,0,2026,4,27
서초구,잠원동,메이플자이,49.6415,4,2025,81900,0,2026,4,27
서초구,반포동,래미안원베일리,59.96,29,2023,10000,589,2026,4,25
서초구,서초동,삼풍아파트,79.47,6,1988,50000,160,2026,4,24
서초구,잠원동,신화,57.33,12,1997,69000,0,2026,4,25
서초구,신원동,서초포레스타6단지,49.75,6,2015,6624,43,2026,4,24
서초구,잠원동,동아,84.91,9,2002,113000,0,2026,4,24
서초구,방배동,디오수페리움2,84.98,6,2006,92000,0,2026,4,21
서초구,잠원동,강변,66.29,5,1987,83000,0,2026,4,13
서초구,서초동,CONEST,30.9661,10,2023,9800,59,2026,4,8
서초구,우면동,서초네이처힐5단지,59.99,11,2011,5245,35,2026,4,24
서초구,반포동,디에이치반포라클라스,59.9897,33,2021,80000,280,2026,4,4
서초구,양재동,우성,73.15,10,1991,25000,160,2026,4,18
서초구,잠원동,신반포4,105.44,12,1979,5000,300,2026,4,2
서초구,잠원동,롯데캐슬갤럭시(50-1),110.11,26,2004,130000,100,2026,4,18
서초구,서초동,DK밸리뷰서초2차,28.65,16,2022,3000,200,2026,4,12
서초구,서초동,서초트라팰리스,133.05,4,2005,135000,0,2026,4,18
서초구,방배동,자현유하우스,46.25,7,2018,66600,0,2026,4,24
서초구,서초동,서초대성유니드,107.84,2,2005,66150,60,2026,4,16
서초구,서초동,서초동프레스티지아파트,56.14,4,2017,54000,10,2026,4,24
서초구,신원동,서초포레스타6단지,49.75,3,2015,6624,43,2026,4,24
서초구,서초동,서초중흥S-클래스(도시형생활주택),20.68,1,2013,2000,80,2026,4,8
서초구,우면동,호반써밋서초파크뷰,84.95,9,2013,60000,120,2026,4,24
서초구,잠원동,신반포25,84.49,10,1984,63000,0,2026,4,22
서초구,우면동,서초네이처힐5단지,59.99,14,2011,5245,35,2026,4,23
서초구,서초동,강남태영데시앙루브,94.69,14,2005,3000,370,2026,4,23
서초구,방배동,방배1차현대홈타운,59.94,6,1999,20000,240,2026,4,4
서초구,방배동,롯데캐슬아르떼,84.9145,12,2013,128000,0,2026,4,24
서초구,서초동,삼풍아파트,79.47,15,1988,110000,0,2026,4,24
서초구,우면동,서초네이처힐6단지,114.98,14,2013,65000,180,2026,4,10
서초구,내곡동,서초포레스타2단지,49.33,2,2015,5309,39,2026,4,23
서초구,우면동,서초네이처힐6단지,49.9,2,2013,2047,41,2026,4,23
서초구,방배동,오리엔트빌,179.6,2,2004,20000,540,2026,4,4
서초구,우면동,서초네이처힐7단지,49.9,15,2011,5260,35,2026,4,23
서초구,잠원동,아크로리버뷰신반포,84.82,31,2018,186000,0,2026,4,23
서초구,방배동,방배우성,117.19,4,1991,92400,0,2026,4,10
서초구,우면동,서초네이처힐3단지,59.99,11,2013,2153,44,2026,4,23
서초구,서초동,한라비발디스튜디오193,19.99,12,2013,1000,104,2026,4,23
서초구,방배동,방배아크로리버,149.225,18,2004,140000,0,2026,4,11
서초구,서초동,서초자이,133.47,17,2006,110000,160,2026,4,3
서초구,방배동,대우(효령),84.91,4,1992,66000,0,2026,4,2
서초구,잠원동,래미안신반포팰리스,104.08,20,2016,190000,0,2026,4,15
서초구,방배동,서리풀e편한세상,59.97,4,2010,89000,0,2026,4,18
서초구,잠원동,신반포4,100.11,3,1979,10000,306,2026,4,4
서초구,우면동,서초네이처힐6단지,59.99,4,2013,5918,38,2026,4,23
서초구,우면동,서초네이처힐6단지,49.9,2,2013,5118,35,2026,4,23
서초구,서초동,래미안 리더스원,84.94,19,2020,173000,0,2026,4,19
서초구,반포동,래미안원펜타스,59.794,17,2024,136500,0,2026,4,23
서초구,방배동,방배아트자이,84.9152,7,2018,129000,0,2026,4,16
서초구,반포동,더샵반포리버파크,49.9281,2,2022,30000,205,2026,4,22
서초구,우면동,서초힐스,84.97,15,2012,90000,0,2026,4,23
서초구,우면동,서초네이처힐3단지,114.79,4,2013,114450,0,2026,4,22
서초구,잠원동,동아,59.92,7,2002,70000,55,2026,4,2
서초구,서초동,래미안서초유니빌,35.383,15,2003,2000,120,2026,4,21
서초구,잠원동,신반포르엘,84.94,9,2023,120000,200,2026,4,20
서초구,서초동,롯데캐슬클래식,120.18,15,2006,10000,516,2026,4,18
서초구,우면동,서초네이처힐4단지,39.93,6,2011,1272,30,2026,4,22
서초구,우면동,서초네이처힐2단지,84.82,7,2012,500,70,2026,4,22
서초구,서초동,래미안 리더스원,84.94,34,2020,182000,0,2026,4,15
서초구,반포동,래미안퍼스티지,84.93,26,2009,175000,0,2026,4,11
서초구,잠원동,롯데캐슬갤럭시(50-1),110.11,26,2004,140000,0,2026,4,22
서초구,우면동,서초네이처힐5단지,59.99,1,2011,5245,35,2026,4,22
서초구,서초동,롯데캐슬클래식,84.98,18,2006,10000,430,2026,4,21
서초구,잠원동,래미안신반포리오센트,133.37,11,2019,200000,0,2026,4,22
서초구,우면동,서초네이처힐3단지,59.99,3,2013,2153,44,2026,4,22
서초구,내곡동,서초포레스타2단지,49.33,11,2015,5309,39,2026,4,22
서초구,방배동,방배아이파크,84.66,3,2006,110000,0,2026,4,16
서초구,잠원동,반포르엘,121.6097,13,2022,160000,360,2026,4,2
서초구,우면동,서초네이처힐4단지,59.99,6,2011,5556,37,2026,4,22
서초구,서초동,서초자이,148.83,4,2006,147000,0,2026,4,18
서초구,반포동,반포미도,84.96,2,1987,100000,0,2026,4,21
서초구,서초동,서초동삼성쉐르빌2,35.22,20,2002,500,109,2026,4,22
서초구,우면동,서초네이처힐6단지,59.99,5,2013,5918,38,2026,4,22
서초구,우면동,호반써밋서초파크뷰,84.99,23,2013,10000,320,2026,4,2
서초구,반포동,래미안원베일리,84.98,8,2023,20000,800,2026,4,22
서초구,우면동,서초네이처힐6단지,49.9,7,2013,5118,35,2026,4,22
서초구,우면동,서초네이처힐3단지,59.99,3,2013,2153,44,2026,4,22
서초구,잠원동,신반포19,107.01,3,1982,85000,0,2026,4,20
서초구,우면동,서초네이처힐3단지,59.99,7,2013,5383,37,2026,4,22
서초구,신원동,서초포레스타6단지,49.51,7,2015,6624,43,2026,4,22
서초구,우면동,서초호반써밋,101.0482,9,2013,90000,50,2026,4,21
서초구,서초동,J타워,40.32,10,2019,1000,150,2026,4,17
서초구,반포동,래미안원펜타스,59.7832,18,2024,10000,640,2026,4,21
서초구,방배동,방배씨티(보성),77.04,5,2000,53000,40,2026,4,17
서초구,우면동,서초네이처힐4단지,49.91,2,2011,4733,33,2026,4,22
서초구,잠원동,동아,59.8,5,2002,20000,290,2026,4,4
서초구,우면동,서초네이처힐4단지,39.93,6,2011,3181,26,2026,4,22
서초구,내곡동,서초포레스타2단지,39.37,6,2015,3506,30,2026,4,22
서초구,우면동,호반써밋서초파크,84.97,4,2013,73500,0,2026,4,11
서초구,방배동,서리풀프라젠아파트,59.97,5,2020,72400,0,2026,4,22
서초구,서초동,서초한일,84.98,4,1997,82000,0,2026,4,22
서초구,반포동,반포미도2차아파트,71.49,13,1989,65000,0,2026,4,20
서초구,반포동,아크로리버파크,59.98,1,2016,140000,0,2026,4,21
서초구,서초동,서초그랑자이,74.98,16,2021,144000,80,2026,4,20
서초구,반포동,반포자이,244.543,20,2009,390000,0,2026,4,21
서초구,잠원동,아크로리버뷰신반포,84.79,7,2018,160000,210,2026,4,20
서초구,서초동,현대슈퍼빌,185.02,19,2003,175000,0,2026,4,15
서초구,방배동,방배대우멤버스카운티(809-17),125.52,1,2003,134000,0,2026,4,16
서초구,방배동,방배래미안타워,134.96,18,2005,25000,340,2026,4,15
서초구,서초동,서초래미안,84.95,6,2003,20000,430,2026,4,21
서초구,서초동,동원베네스트아파트,84.9,8,2002,40000,220,2026,4,21
서초구,반포동,래미안퍼스티지,59.96,9,2009,130000,0,2026,4,21
서초구,양재동,우성112,84.58,7,1991,79000,0,2026,4,18
서초구,잠원동,아크로리버뷰신반포,84.82,16,2018,10000,770,2026,4,10
서초구,서초동,더샵서초,30.39,24,2006,47250,0,2026,4,19
서초구,우면동,서초네이처힐5단지,114.95,6,2011,44069,0,2026,4,21
서초구,서초동,삼풍아파트,79.47,5,1988,110000,0,2026,4,12
서초구,방배동,상지리츠빌6차,111.02,2,2004,100000,0,2026,4,20
서초구,반포동,반포미도,84.96,3,1987,95000,0,2026,4,17
서초구,잠원동,래미안신반포팰리스,84.49,6,2016,148000,48,2026,4,21
서초구,내곡동,서초포레스타2단지,84.41,2,2015,84000,0,2026,4,4
서초구,반포동,래미안퍼스티지,84.93,16,2009,100000,300,2026,4,21
서초구,서초동,서초쌍용플래티넘,72.47,17,2006,54100,0,2026,4,11
서초구,서초동,urbanplace,20.998,6,2014,1000,95,2026,4,17
서초구,반포동,래미안퍼스티지,84.93,3,2009,20000,640,2026,4,20
서초구,반포동,반포래미안아이파크,99.92,21,2018,200000,0,2026,4,17
서초구,우면동,동고,77.14,5,1995,25000,120,2026,4,18
서초구,서초동,서초동삼성쉐르빌2,35.22,11,2002,1000,94,2026,4,20
서초구,서초동,래미안서초에스티지S,84.96,14,2018,30000,400,2026,4,20
서초구,우면동,호반써밋서초파크뷰,59.99,1,2013,70000,0,2026,4,20
서초구,방배동,방배CJ나인빌2차,161.19,2,2005,137000,0,2026,4,13
서초구,서초동,서초이오빌,36.66,23,2003,2000,110,2026,4,16
서초구,서초동,서초롯데캐슬프레지던트,84.97,5,2014,130000,0,2026,4,20
서초구,반포동,어반빌리지,22.43,3,2012,300,120,2026,4,16
서초구,서초동,헤센파크힐,32.1,5,2018,50400,0,2026,4,20
서초구,반포동,래미안퍼스티지,198.04,20,2009,290000,54,2026,4,4
서초구,반포동,반포자이,84.998,19,2009,20000,500,2026,4,7
서초구,서초동,서초롯데캐슬프레지던트,149.45,14,2014,20000,640,2026,4,19
서초구,잠원동,중앙하이츠,59.93,3,1998,76650,0,2026,4,18
서초구,반포동,반포리체,59.994,10,2010,130000,0,2026,4,16
서초구,서초동,삼풍아파트,79.47,2,1988,90000,0,2026,4,20
서초구,우면동,서초네이처힐5단지,49.9,1,2011,4412,31,2026,4,18
서초구,신원동,서초포레스타6단지,49.51,4,2015,6624,43,2026,4,17
서초구,양재동,신영체르니,39.1,8,2002,42000,0,2026,4,14
서초구,양재동,우성,84.58,8,1991,79000,0,2026,4,4
서초구,잠원동,반포센트럴자이,114.96,8,2020,255000,0,2026,4,20
서초구,방배동,방배신삼호,185.46,3,1983,80000,95,2026,4,18
서초구,서초동,서초한일,59.96,6,1997,65000,40,2026,4,17
서초구,서초동,진흥아파트,101.32,6,1979,10000,200,2026,4,11
서초구,방배동,방배그랑자이,84.9386,14,2021,131250,0,2026,4,18
서초구,잠원동,신반포4,96.48,7,1979,70000,0,2026,4,4
서초구,잠원동,강변,66.29,13,1987,59850,0,2026,4,18
서초구,방배동,한신휴플러스,84.61,9,2006,110000,0,2026,4,17
서초구,반포동,디에이치반포라클라스,84.9671,29,2021,178500,0,2026,4,18
서초구,반포동,반포리체,84.967,14,2010,155000,0,2026,4,11
서초구,잠원동,신화,57.33,10,1997,20000,200,2026,4,10
서초구,반포동,디에이치반포라클라스,59.9951,31,2021,142000,0,2026,4,4
서초구,우면동,서초힐스,74.97,8,2012,85000,0,2026,4,18
서초구,잠원동,신반포자이,114.94,10,2018,230000,0,2026,4,20
서초구,서초동,서초중흥S-클래스(도시형생활주택),20.68,2,2013,1000,90,2026,4,18
서초구,잠원동,강변,84.53,12,1987,10000,245,2026,4,20
서초구,서초동,삼풍아파트,79.47,2,1988,90000,0,2026,4,20
서초구,양재동,우성KBS(113동),84.69,5,1996,67200,0,2026,4,17
서초구,서초동,삼풍아파트,163.81,9,1988,153000,0,2026,4,16
서초구,내곡동,서초포레스타2단지,49.33,15,2015,5309,39,2026,4,16
서초구,서초동,롯데캐슬클래식,74.3,15,2006,70000,135,2026,4,17
서초구,방배동,롯데캐슬아르떼,59.9742,17,2013,100000,0,2026,4,9
서초구,잠원동,신반포2,68.91,7,1978,10000,130,2026,4,16
서초구,양재동,우성,73.15,1,1991,31500,74,2026,4,17
서초구,방배동,방배우성,80.2,6,1991,75000,0,2026,4,14
서초구,서초동,래미안서초에스티지,83.6,16,2016,10000,500,2026,4,14
서초구,우면동,서초네이처힐2단지,39.93,1,2012,4149,28,2026,4,17
서초구,양재동,우성KBS(113동),84.69,4,1996,10000,230,2026,4,17
서초구,서초동,서초롯데캐슬프레지던트,84.97,27,2014,130000,0,2026,4,15
서초구,서초동,서초꽃마을주얼리,16.63,10,2021,6700,51,2026,4,17
서초구,방배동,한신트리플,39.31,7,2004,12000,60,2026,4,11
서초구,방배동,롯데캐슬아르떼,59.9902,6,2013,40000,165,2026,4,17
서초구,잠원동,한신,84.52,14,1992,94500,0,2026,4,6
서초구,서초동,서초그랑자이,84.84,5,2021,30000,560,2026,4,14
서초구,서초동,래미안서초7차,110.68,3,2006,88000,0,2026,4,17
서초구,반포동,래미안원베일리,59.96,8,2023,160000,0,2026,4,17
서초구,서초동,롯데캐슬클래식,74.3,11,2006,10000,380,2026,4,17
서초구,잠원동,강변,84.53,5,1987,20000,340,2026,4,17
서초구,서초동,유원서초,84.87,12,1993,81900,0,2026,4,16
서초구,반포동,래미안원베일리,84.99,13,2023,120000,390,2026,4,16
서초구,서초동,서초이오빌,36.66,22,2003,10000,75,2026,4,2
서초구,잠원동,래미안신반포리오센트,84.92,10,2019,150000,0,2026,4,16
서초구,우면동,서초호반써밋,118.0151,18,2013,50000,290,2026,4,4
서초구,잠원동,아크로리버뷰신반포,78.48,32,2018,160000,0,2026,4,8
서초구,잠원동,아크로리버뷰신반포,84.79,10,2018,70000,500,2026,4,7
서초구,우면동,서초네이처힐5단지,114.95,13,2011,44069,0,2026,4,17
서초구,서초동,대성유니드,122.111,11,2004,115500,0,2026,4,9
서초구,서초동,삼풍아파트,79.47,9,1988,82950,0,2026,4,17
서초구,양재동,우성KBS(113동),84.69,4,1996,10000,230,2026,4,17
서초구,방배동,방배1차현대홈타운,59.94,10,1999,20000,250,2026,4,16
서초구,내곡동,서초더샵포레,101.34,8,2014,90000,15,2026,4,16
서초구,서초동,서초두산위브트레지움,84.62,2,2008,108000,0,2026,4,11
서초구,반포동,반포자이,59.98,21,2009,130000,0,2026,4,3
서초구,잠원동,월드메르디앙,84.78,7,2002,8000,290,2026,4,8
서초구,서초동,롯데캐슬클래식,120.18,23,2006,75000,0,2026,4,14
서초구,방배동,삼호1동~3동,81.39,2,1975,65000,20,2026,4,16
서초구,양재동,양재리본타워,59.77,10,2014,40057,0,2026,4,15
서초구,양재동,양재리본타워,59.96,10,2014,40057,0,2026,4,16
서초구,잠원동,동아,84.91,16,2002,60000,200,2026,4,6
서초구,서초동,삼풍아파트,130.73,2,1988,110000,0,2026,4,16
서초구,잠원동,아크로리버뷰신반포,78.5,20,2018,70000,440,2026,4,8
서초구,잠원동,신반포2,68.91,12,1978,60000,0,2026,4,16
서초구,서초동,서초이오빌,36.66,23,2003,23000,0,2026,4,16
서초구,우면동,서초네이처힐4단지,39.93,14,2011,3181,26,2026,4,16
서초구,방배동,삼성래미안1,84.91,6,2003,88000,0,2026,4,16
서초구,양재동,양재리본타워,59.77,24,2014,37800,0,2026,4,15
서초구,신원동,서초포레스타3단지,114.39,15,2014,100000,0,2026,4,10
서초구,잠원동,킴스빌리지,30.9,9,1996,50000,0,2026,4,16
서초구,우면동,서초네이처힐7단지,49.9,16,2011,5260,35,2026,4,15
서초구,내곡동,서초포레스타2단지,49.33,6,2015,5309,39,2026,4,15
서초구,반포동,래미안원베일리,84.99,21,2023,100000,480,2026,4,14
서초구,서초동,래미안 리더스원,135.83,16,2020,256000,0,2026,4,16
서초구,서초동,서초그랑자이,59.98,22,2021,10000,495,2026,4,10
서초구,서초동,동원베네스트아파트,84.9,2,2002,90000,0,2026,4,15
서초구,내곡동,서초포레스타2단지,49.33,12,2015,9170,18,2026,4,15
서초구,서초동,서초벽산블루밍,84.39,4,2006,85000,0,2026,4,15
서초구,내곡동,서초포레스타2단지,59.09,2,2015,30718,0,2026,4,15
서초구,내곡동,서초포레스타2단지,49.33,10,2015,5309,39,2026,4,16
서초구,서초동,DK밸리뷰시티,23.88,5,2019,34650,0,2026,4,16
서초구,반포동,아크로리버파크,59.98,4,2016,79012,0,2026,4,15
서초구,잠원동,한강,84.53,13,1989,94500,0,2026,4,11
서초구,반포동,아크로리버파크,84.98,15,2016,90000,400,2026,4,11
서초구,방배동,방배신동아럭스빌,187.91,7,2003,100000,0,2026,4,15
서초구,방배동,방배타운하우스,78.86,3,2003,56700,0,2026,4,15
서초구,잠원동,반포센트럴자이,84.98,23,2020,15000,542,2026,4,15
서초구,신원동,서초포레스타7단지,59.94,7,2013,30777,0,2026,4,15
서초구,우면동,서초네이처힐5단지,114.95,6,2011,44069,0,2026,4,14
서초구,우면동,서초네이처힐7단지,39.79,3,2011,6316,13,2026,4,15
서초구,서초동,서초우방유쉘,116.04,3,2006,95000,0,2026,4,13
서초구,우면동,서초네이처힐6단지,59.99,14,2013,15052,0,2026,4,14
서초구,방배동,방배신동아럭스빌,187.91,7,2003,100000,0,2026,4,15
서초구,방배동,방배신동아럭스빌,187.91,7,2003,100000,0,2026,4,15
서초구,서초동,래미안 리더스원,84.94,11,2020,170000,0,2026,4,11
서초구,반포동,아크로리버파크,59.98,13,2016,79012,0,2026,4,15
서초구,잠원동,반포르엘2차,84.1269,23,2022,180000,0,2026,4,13
서초구,서초동,서초대우아이빌,26.947,12,2003,18600,15,2026,4,10
서초구,양재동,양재리본타워2단지,59.77,17,2014,40057,0,2026,4,15
서초구,서초동,서초블리스아파트,58.15,2,2020,52500,0,2026,4,10
서초구,반포동,아크로리버파크,84.97,10,2016,200000,0,2026,4,15
서초구,잠원동,반포센트럴자이,84.95,11,2020,115000,240,2026,4,4
서초구,반포동,반포자이,84.943,15,2009,20000,550,2026,4,9
서초구,서초동,서초래미안,111.32,25,2003,120000,100,2026,4,12
서초구,우면동,호반써밋서초파크,51.89,14,2013,68000,0,2026,4,14
서초구,잠원동,아크로리버뷰신반포,78.5,23,2018,173250,0,2026,4,15
서초구,반포동,반포미도,84.96,13,1987,83500,0,2026,4,10
서초구,반포동,디에이치반포라클라스,84.9671,21,2021,20000,650,2026,4,10
서초구,서초동,래미안서초스위트,95.7555,16,2009,131000,0,2026,4,8
서초구,잠원동,동아,84.91,11,2002,73500,115,2026,4,11
서초구,서초동,서초에스케이뷰,116.46,5,2006,125000,0,2026,4,14
서초구,서초동,서초금호어울림,146.13,13,2001,100000,60,2026,4,13
서초구,서초동,아크로비스타,123.4,28,2004,60000,370,2026,4,14
서초구,우면동,호반써밋서초파크,84.95,8,2013,76650,0,2026,4,11
서초구,양재동,리시본하우스,49.029,10,2020,62000,0,2026,4,8
서초구,서초동,래미안 리더스원,135.02,5,2020,247000,0,2026,4,14
서초구,서초동,롯데캐슬클래식,120.18,14,2006,141000,0,2026,4,14
서초구,양재동,양재한신휴플러스,84.89,7,2005,10000,150,2026,4,13
서초구,반포동,반포래미안아이파크,99.92,19,2018,20000,700,2026,4,14
서초구,내곡동,서초더샵포레,84.41,3,2014,40000,220,2026,4,6
서초구,잠원동,신반포7,107.29,3,1980,10000,250,2026,4,14
서초구,잠원동,신반포4,100.11,12,1979,60000,160,2026,4,6
서초구,양재동,리시본하우스,49.029,10,2020,62000,0,2026,4,8
서초구,반포동,반포자이,84.943,25,2009,30000,425,2026,4,8
서초구,방배동,방배2차현대홈타운,114.74,2,2001,131250,0,2026,4,11
서초구,잠원동,동아,84.91,11,2002,105000,0,2026,4,4
서초구,방배동,한신트리플,43.93,10,2004,5300,83,2026,4,5
서초구,우면동,서초네이처힐5단지,84.85,11,2011,53287,0,2026,4,14
서초구,잠원동,신반포4,105.89,12,1979,90000,0,2026,4,8
서초구,서초동,롯데캐슬클래식,84.98,21,2006,55000,260,2026,4,10
서초구,방배동,방배마에스트로,50.25,27,2019,20000,250,2026,4,10
서초구,잠원동,메이플자이,59.5368,9,2025,35000,500,2026,4,10
서초구,잠원동,메이플자이,59.1662,15,2025,170000,0,2026,4,14
서초구,서초동,롯데캐슬클래식,74.3,18,2006,10000,420,2026,4,2
서초구,서초동,신원아침도시(1420),84.34,8,2005,79000,0,2026,4,11
서초구,서초동,서초우방유쉘,116.04,3,2006,95000,0,2026,4,13
서초구,반포동,아크로리버파크,84.98,14,2016,192000,0,2026,4,13
서초구,서초동,더프레임서초,49.718,3,2023,5000,360,2026,4,9
서초구,반포동,래미안원베일리,116.93,2,2023,30000,824,2026,4,1
서초구,서초동,래미안 리더스원,59.96,27,2020,125990,0,2026,4,13
서초구,우면동,서초네이처힐4단지,39.93,3,2011,3181,26,2026,4,13
서초구,서초동,롯데캐슬클래식,84.98,19,2006,100000,0,2026,4,11
서초구,서초동,진흥아파트,101.32,2,1979,60000,30,2026,4,7
서초구,반포동,반포두산힐스빌,47.7,1,2001,20000,96,2026,4,3
서초구,잠원동,오페라하우스,198.04,2,1997,120700,168,2026,4,4
서초구,잠원동,신반포19,107.01,6,1982,70600,0,2026,4,10
서초구,잠원동,한신타운,78.39,6,1989,76250,0,2026,4,10
서초구,서초동,롯데캐슬클래식,133.45,16,2006,170000,0,2026,4,11
서초구,신원동,서초포레스타3단지,59.96,4,2014,43222,0,2026,4,13
서초구,잠원동,반포센트럴자이,84.95,28,2020,190000,0,2026,4,1
서초구,잠원동,신반포2,68.91,2,1978,30000,120,2026,4,6
서초구,서초동,지에스타워,26.43,9,2022,34000,28,2026,4,11
서초구,잠원동,동아,84.91,10,2002,82000,15,2026,4,10
서초구,반포동,래미안원베일리,59.96,7,2023,136500,0,2026,4,4
서초구,내곡동,서초더샵포레,114.71,2,2014,40000,350,2026,4,10
서초구,우면동,서초네이처힐1단지,49.87,4,2012,21763,0,2026,4,13
서초구,양재동,우성KBS(113동),84.69,6,1996,68200,0,2026,4,11
서초구,잠원동,아크로리버뷰신반포,78.48,32,2018,175000,0,2026,4,8
서초구,방배동,방배우성,80.2,9,1991,40000,155,2026,4,11
서초구,방배동,한신트리플,39.31,9,2004,3000,100,2026,4,12
서초구,서초동,두산위브(1362),57.15,3,2005,59000,30,2026,4,10
서초구,방배동,삼호한숲,114.46,2,1998,122000,0,2026,4,11
서초구,잠원동,한강,84.53,13,1989,10000,316,2026,4,11
서초구,서초동,우성아파트,59.93,14,1998,5000,280,2026,4,2
서초구,방배동,삼호2,127.94,8,1976,87000,0,2026,4,7
서초구,서초동,래미안서초에스티지S,84.96,4,2018,100000,140,2026,4,11
서초구,방배동,방배포레스트,147.94,2,2003,90600,62,2026,4,7
서초구,방배동,방배3차현대홈타운,84.982,5,2004,74500,80,2026,4,11
서초구,서초동,서초교대e편한세상,59.9,3,2010,79000,94,2026,4,9
서초구,서초동,래미안서초에스티지S,84.96,12,2018,20000,560,2026,4,10
서초구,반포동,현대동궁아파트,81.9,4,1991,80000,0,2026,4,11
서초구,방배동,서리풀프라젠아파트,78.19,1,2020,40000,190,2026,4,11
서초구,반포동,써니힐,66.49,4,2003,47250,0,2026,4,8
서초구,우면동,서초네이처힐7단지,59.99,9,2011,47800,50,2026,4,10
서초구,서초동,래미안서초에스티지S,111.89,2,2018,90000,400,2026,4,10
서초구,방배동,대우(효령),84.91,9,1992,78000,0,2026,4,10
서초구,방배동,방배아트자이,59.9938,6,2018,67000,50,2026,4,6
서초구,반포동,반포자이,84.984,22,2009,155000,0,2026,4,10
서초구,우면동,서초네이처힐4단지,84.77,2,2011,63000,80,2026,4,10
서초구,방배동,방배 서리풀 그랑블,84.9969,5,2019,104000,0,2026,4,4
서초구,양재동,힐하우스,163.98,6,1998,92000,0,2026,4,8
서초구,방배동,방배3차현대홈타운,84.982,3,2004,105000,0,2026,4,8
서초구,양재동,양재리본타워2단지,59.77,6,2014,39789,0,2026,4,10
서초구,반포동,반포자이,84.943,19,2009,80000,350,2026,4,8
서초구,잠원동,성진준빌라트,56.72,2,2003,20000,70,2026,4,10
서초구,서초동,삼풍아파트,79.47,7,1988,90000,0,2026,4,10
서초구,방배동,엘루크방배서리풀,47.99,13,2024,80000,0,2026,4,9
서초구,서초동,서초동삼성쉐르빌2,35.17,12,2002,27000,0,2026,4,8
서초구,반포동,디에이치반포라클라스,84.9858,21,2021,70000,440,2026,4,8
서초구,서초동,더샵서초,136.02,20,2006,150000,0,2026,4,1
서초구,잠원동,반포센트럴자이,114.96,23,2020,220500,0,2026,4,9
서초구,방배동,방배그랑자이,54.9954,10,2021,90000,0,2026,4,9
서초구,우면동,서초네이처힐2단지,114.71,7,2012,67987,0,2026,4,9
서초구,잠원동,잠원현대훼밀리,59.56,7,1997,87000,0,2026,4,5
서초구,우면동,서초네이처힐3단지,84.61,17,2013,53550,0,2026,4,8
서초구,서초동,대성유니드,122.111,11,2004,115500,0,2026,4,9
서초구,반포동,아크로리버파크,84.97,4,2016,168000,0,2026,4,7
서초구,양재동,양재리본타워2단지,59.77,20,2014,40057,0,2026,4,9
서초구,서초동,디아레나서초,27.92,14,2020,37000,0,2026,4,8
서초구,반포동,래미안퍼스티지,59.89,27,2009,115500,60,2026,4,9
서초구,서초동,삼풍아파트,165.92,11,1988,185000,0,2026,4,7
서초구,방배동,서리풀e편한세상,59.94,7,2010,98000,10,2026,4,8
서초구,서초동,서초현대,54.45,10,1999,66675,0,2026,4,4
서초구,서초동,더샵서초,136.02,21,2006,130000,0,2026,4,8
서초구,잠원동,롯데캐슬갤럭시(50-1),132.78,10,2004,60000,400,2026,4,4
서초구,반포동,래미안퍼스티지,59.96,27,2009,115500,60,2026,4,9
서초구,반포동,디에이치반포라클라스,59.9951,31,2021,142000,0,2026,4,4
서초구,반포동,래미안원베일리,74.97,15,2023,100000,360,2026,4,9
서초구,내곡동,서초포레스타2단지,59.09,7,2015,73500,0,2026,4,9
서초구,서초동,우정에쉐르,77.39,6,2004,70000,0,2026,4,9
서초구,방배동,롯데캐슬아르떼,84.9321,11,2013,60000,270,2026,4,6
서초구,방배동,롯데캐슬아르떼,84.9321,11,2013,60000,270,2026,4,3
서초구,서초동,아크로비스타,101.81,25,2004,100000,260,2026,4,3
서초구,방배동,방배그랑자이,133.8769,9,2021,205000,0,2026,4,7
서초구,방배동,방배대우(562-1),84.55,5,1992,5000,160,2026,4,7
서초구,우면동,서초네이처힐4단지,84.61,9,2011,94000,0,2026,4,8
서초구,서초동,삼풍아파트,79.47,7,1988,90000,0,2026,4,4
서초구,반포동,반포래미안아이파크,99.92,22,2018,190000,0,2026,4,8
서초구,서초동,롯데캐슬클래식,74.3,17,2006,35000,157,2026,4,7
서초구,서초동,래미안서초유니빌,45.255,3,2003,6000,105,2026,4,4
서초구,반포동,반포미도2차아파트,71.49,15,1989,72450,0,2026,4,6
서초구,서초동,아크로비스타,138.96,2,2004,110000,230,2026,4,4
서초구,잠원동,신반포25,84.49,5,1984,73500,0,2026,4,7
서초구,우면동,호반써밋서초파크뷰,84.95,14,2013,71400,0,2026,4,6
서초구,잠원동,동아,84.91,14,2002,110250,0,2026,4,4
서초구,반포동,래미안퍼스티지,136.65,24,2009,255000,0,2026,4,7
서초구,서초동,아크로비스타,151.61,22,2004,90000,320,2026,4,7
서초구,서초동,래미안서초에스티지S,84.96,14,2018,145000,0,2026,4,7
서초구,서초동,서초센트럴IPARK,80.5332,13,2020,110000,0,2026,4,6
서초구,반포동,래미안퍼스티지,84.93,15,2009,40000,510,2026,4,3
서초구,잠원동,반포센트럴자이,84.98,3,2020,20000,610,2026,4,3
서초구,방배동,방배아크로타워,52.18,9,2007,20000,140,2026,4,7
서초구,잠원동,신반포25,84.49,4,1984,40000,166,2026,4,6
서초구,방배동,방배그랑자이,84.972,8,2021,140000,0,2026,4,7
서초구,서초동,지에스타워,12.99,4,2022,130,110,2026,4,4
서초구,잠원동,킴스빌리지,30.9,7,1996,45000,0,2026,4,7
서초구,잠원동,킴스빌리지,30.18,13,1996,15000,180,2026,4,6
서초구,우면동,엘에이치서초3단지,46.76,7,2013,8997,16,2026,4,6
서초구,방배동,삼호3,181.6,12,1976,90000,80,2026,4,2
서초구,양재동,인랜드,73.28,5,2002,50715,0,2026,4,6
서초구,잠원동,신반포19,80.25,4,1982,60000,0,2026,4,6
서초구,방배동,삼호2,127.94,11,1976,78000,15,2026,4,4
서초구,서초동,삼풍아파트,79.47,9,1988,81900,0,2026,4,6
서초구,서초동,헤센파크힐,21.19,5,2018,33000,20,2026,4,6
서초구,잠원동,신반포2,107.31,3,1978,40000,123,2026,4,5
서초구,잠원동,신반포4,100.11,10,1979,80850,0,2026,4,6
서초구,잠원동,신반포2,92.2,5,1978,5000,270,2026,4,2
서초구,잠원동,반포센트럴자이,84.98,14,2020,157500,0,2026,4,4
서초구,잠원동,신반포2,68.91,9,1978,5000,210,2026,4,4
서초구,잠원동,반포센트럴자이,84.95,5,2020,100000,300,2026,4,6
서초구,양재동,우성,73.15,15,1991,72000,0,2026,4,3
서초구,잠원동,신반포7,107.29,5,1980,78750,0,2026,4,4
서초구,방배동,방배아트자이,126.6211,5,2018,177000,0,2026,4,4
서초구,방배동,금강프리빌,127.2,2,2001,110000,0,2026,4,4
서초구,서초동,서초래미안,127.66,1,2003,20000,465,2026,4,3
서초구,반포동,반포힐스테이트,84.77,26,2012,160000,0,2026,4,4
서초구,내곡동,서초더샵포레,84.36,1,2014,62107,0,2026,4,5
서초구,서초동,롯데캐슬클래식,133.45,22,2006,120000,155,2026,4,3
서초구,서초동,서초그랑자이,84.51,29,2021,190000,0,2026,4,3
서초구,서초동,서초동삼성쉐르빌2,70.49,7,2002,60000,0,2026,4,4
서초구,반포동,래미안원베일리,59.96,12,2023,140000,26,2026,4,4
서초구,우면동,서초네이처힐3단지,84.61,15,2013,44415,0,2026,4,3
서초구,우면동,서초네이처힐3단지,39.93,9,2013,5581,11,2026,4,5
서초구,서초동,DK밸리뷰서초2차,26.39,11,2022,1000,150,2026,4,3
서초구,방배동,롯데캐슬아르떼,147.7221,6,2013,160000,0,2026,4,3
서초구,우면동,서초네이처힐3단지,84.77,14,2013,52092,0,2026,4,2
서초구,서초동,롯데캐슬클래식,84.98,13,2006,115500,0,2026,4,3
서초구,반포동,반포미도,84.96,10,1987,60000,80,2026,4,3
서초구,서초동,현대서초3,84.49,6,1997,73000,14,2026,4,3
서초구,우면동,서초네이처힐3단지,84.77,9,2013,53287,0,2026,4,3
서초구,우면동,동고,77.14,7,1995,50700,0,2026,4,1
서초구,잠원동,한강,84.53,3,1989,65000,100,2026,4,2
서초구,반포동,래미안퍼스티지,59.96,12,2009,40000,420,2026,4,2
서초구,반포동,반포자이,84.943,22,2009,52500,410,2026,4,2
서초구,서초동,삼풍아파트,165.92,7,1988,60000,347,2026,4,1
서초구,서초동,대림서초리시온,48.96,8,2003,5000,120,2026,4,2
서초구,잠원동,한신로얄,81.23,7,1992,90000,0,2026,4,2
서초구,반포동,반포미도,84.96,7,1987,76650,0,2026,4,2
서초구,서초동,서초그랑자이,84.51,31,2021,164000,0,2026,4,1
서초구,방배동,대우(효령),84.91,4,1992,66000,0,2026,4,2
서초구,우면동,코오롱,52.47,6,1994,52000,0,2026,4,2
서초구,서초동,다우월드아파트,82.45,6,2003,64000,0,2026,4,1
서초구,우면동,서초네이처힐1단지,84.82,2,2012,53287,0,2026,4,1
서초구,서초동,서초동삼성쉐르빌2,35.22,4,2002,27500,0,2026,4,1
서초구,반포동,반포자이,84.943,20,2009,50000,480,2026,4,1
서초구,서초동,래미안 리더스원,114.94,16,2020,199500,0,2026,4,1
서초구,방배동,롯데캐슬아르떼,59.9742,9,2013,62475,0,2026,4,1
서초구,우면동,서초네이처힐1단지,49.87,1,2012,21763,0,2026,4,1
서초구,방배동,롯데캐슬아르떼,84.9321,15,2013,120000,0,2026,4,1
서초구,서초동,서초교대e편한세상,110.32,3,2010,120000,100,2026,4,1
서초구,내곡동,서초더샵포레,114.62,16,2014,110000,0,2026,4,1
강남구,대치동,은마,76.79,12,1979,66150,0,2026,4,29
강남구,개포동,디에이치아너힐즈,59.7479,25,2019,30000,320,2026,4,18
강남구,개포동,성원대치2단지아파트,49.86,14,1992,60000,0,2026,4,11
강남구,대치동,대치현대,59.82,22,1999,20000,220,2026,4,1
강남구,수서동,신동아,39.51,10,1992,36750,0,2026,4,17
강남구,수서동,수서한아름,97.63,6,1993,80000,0,2026,4,20
강남구,자곡동,래미안포레,101.51,3,2014,84000,0,2026,4,26
강남구,도곡동,삼성,54.81,9,1994,75000,0,2026,4,29
강남구,역삼동,역삼푸르지오,59.8848,17,2006,99750,0,2026,4,18
강남구,도곡동,삼익,104.01,12,1983,15000,165,2026,4,2
강남구,개포동,삼익대청아파트,60,1,1992,67200,0,2026,4,25
강남구,청담동,청담르엘,97.9241,7,2025,170000,400,2026,4,11
강남구,수서동,신동아,33.18,9,1992,30000,25,2026,4,25
강남구,도곡동,우성사원5,70.89,1,1986,70000,0,2026,4,25
강남구,수서동,까치마을,39.6,10,1993,45000,0,2026,4,25
강남구,개포동,성원대치2단지아파트,33.18,12,1992,42000,0,2026,4,24
강남구,수서동,신동아,39.51,10,1992,49000,0,2026,4,23
강남구,도곡동,럭키(963),84.97,6,1995,85000,0,2026,4,14
강남구,대치동,대치한신휴플러스,84.99,3,2005,10000,325,2026,4,20
강남구,대치동,대치현대,85,11,1999,75000,120,2026,4,4
강남구,도곡동,도곡렉슬,59.9772,10,2006,68500,0,2026,4,18
강남구,세곡동,강남엘에이치1단지,84.82,1,2013,84500,0,2026,4,16
강남구,삼성동,서광아파트,84.93,1,1998,85900,0,2026,4,11
강남구,개포동,개포현대200동,82.2,1,1986,35000,140,2026,4,13
강남구,개포동,성원대치2단지아파트,33.18,12,1992,45000,0,2026,4,11
강남구,개포동,삼익대청아파트,39.53,7,1992,42000,0,2026,4,11
강남구,삼성동,푸른솔아파트1동,59.4,13,1996,52080,0,2026,4,10
강남구,대치동,대치현대,101.6,1,1999,120000,0,2026,4,8
강남구,역삼동,개나리푸르지오,59.6851,12,2006,115000,0,2026,4,4
강남구,대치동,대치현대,85,11,1999,75000,120,2026,4,4
강남구,도곡동,우성사원5,70.89,1,1986,70000,0,2026,4,25
강남구,논현동,아츠논현,38.9885,14,2023,60000,0,2026,4,24
강남구,수서동,까치마을,49.5,7,1993,43000,0,2026,4,1
강남구,논현동,경남논현,59.56,7,1996,30000,160,2026,4,23
강남구,역삼동,에레프,14.31,10,2013,17640,22,2026,4,6
강남구,역삼동,한스빌(836),39.89,9,1996,3000,100,2026,4,27
강남구,압구정동,현대13차(208~211동),105.45,1,1983,10000,400,2026,4,18
강남구,대치동,래미안대치팰리스,84.99,9,2015,30000,551,2026,4,18
강남구,도곡동,한신(개포),59.48,2,1985,10000,40,2026,4,16
강남구,개포동,삼익대청아파트,60,5,1992,76000,0,2026,4,4
강남구,대치동,은마,76.79,12,1979,66150,0,2026,4,29
강남구,역삼동,강남센트럴아이파크,84.99,17,2022,50000,460,2026,4,28
강남구,삼성동,현대힐스테이트2단지,84.349,11,2008,100000,100,2026,4,29
강남구,대치동,개포우성2,84.69,14,1984,95000,120,2026,4,24
강남구,대치동,은마,84.43,9,1979,10000,270,2026,4,13
강남구,일원동,우성7,84.06,5,1987,90000,0,2026,4,7
강남구,세곡동,세곡리엔파크(4단지),49.83,8,2011,2029,42,2026,4,22
강남구,개포동,개포래미안포레스트,84.9,9,2020,50000,390,2026,4,26
강남구,개포동,삼익대청아파트,60,2,1992,50000,60,2026,4,18
강남구,도곡동,도곡렉슬,84.9984,3,2006,140000,0,2026,4,29
강남구,세곡동,강남신동아파밀리에1단지,49.74,10,2011,4000,35,2026,4,23
강남구,개포동,개포래미안포레스트,84.86,8,2020,80000,220,2026,4,25
강남구,청담동,휴먼스타빌,35.905,23,2005,42000,0,2026,4,3
강남구,대치동,한보미도맨션2,115.05,5,1985,120000,0,2026,4,18
강남구,논현동,논현동월드메르디앙,84.9914,1,2007,85000,0,2026,4,18
강남구,개포동,성원대치2단지아파트,49.86,14,1992,60000,0,2026,4,11
강남구,일원동,수서,39.98,11,1992,8000,130,2026,4,29
강남구,세곡동,세곡리엔파크(4단지),49.83,4,2011,4929,36,2026,4,23
강남구,일원동,상록수,74.54,4,1993,75000,0,2026,4,18
강남구,도곡동,도곡렉슬,84.9984,11,2006,140000,0,2026,4,24
강남구,도곡동,SK허브프리모,63.09,18,2006,65000,0,2026,4,4
강남구,대치동,은마,76.79,5,1979,70000,0,2026,4,10
강남구,신사동,강남상가,130.61,8,1974,3000,200,2026,4,1
강남구,개포동,디에이치아너힐즈,84.3558,17,2019,150000,0,2026,4,30
강남구,청담동,청담2차이-편한세상(205동),119.55,1,2006,20000,520,2026,4,8
강남구,청담동,삼성청담아파트,59.99,8,1999,83000,0,2026,4,25
강남구,압구정동,현대8차(성수현대:91~95동),107.64,3,1980,5000,330,2026,4,11
강남구,대치동,대치동우정에쉐르1,79.07,11,2004,80000,0,2026,4,15
강남구,개포동,삼익대청아파트,39.53,9,1992,42000,0,2026,4,30
강남구,개포동,성원대치2단지아파트,39.53,4,1992,37000,0,2026,4,25
강남구,논현동,선정릉역모아엘가퍼스트홈,22.65,2,2023,10028,51,2026,4,28
강남구,세곡동,강남신동아파밀리에1단지,59.97,9,2011,2214,46,2026,4,24
강남구,대치동,동부센트레빌,161.47,12,2005,330000,0,2026,4,14
강남구,역삼동,역삼동우정에쉐르1,71.78,11,2004,5000,230,2026,4,28
강남구,삼성동,삼성동한솔아파트,109.51,4,1998,100000,0,2026,4,25
강남구,논현동,선정릉역모아엘가퍼스트홈,48,14,2023,14832,75,2026,4,3
강남구,대치동,선릉역대우아이빌(890-49),25.42,12,2004,1000,85,2026,4,25
강남구,개포동,개포자이프레지던스,59.9751,24,2023,20000,440,2026,4,11
강남구,수서동,강남데시앙포레,59.74,7,2014,73000,0,2026,4,27
강남구,역삼동,강남한솔,74.61,1,2006,39000,0,2026,4,18
강남구,논현동,논현베르빌,111.08,8,2002,78700,0,2026,4,22
강남구,역삼동,역삼래미안,80.87,13,2005,15000,435,2026,4,18
강남구,청담동,청담현대3차아파트,109.53,21,1999,70000,320,2026,4,19
강남구,개포동,현대2,84.81,1,1986,74000,40,2026,4,25
강남구,개포동,개포더샵트리에,108.2017,12,2021,45000,360,2026,4,12
강남구,세곡동,세곡리엔파크(4단지),49.83,5,2011,8797,14,2026,4,23
강남구,수서동,강남 더샵 포레스트,146.7507,8,2016,50000,500,2026,4,6
강남구,도곡동,매봉삼성,59.82,16,1999,30000,210,2026,4,11
강남구,역삼동,EGSoulLeader,17.12,6,2012,10200,40,2026,4,30
강남구,역삼동,역삼이안애비,84.28,4,2004,75000,0,2026,4,13
강남구,논현동,동양파라곤,157.41,7,2004,70000,800,2026,4,9
강남구,역삼동,역삼I'PARK,28.246,16,2006,3000,160,2026,4,1
강남구,세곡동,세곡리엔파크(3단지),49.74,8,2011,8449,16,2026,4,21
강남구,청담동,래미안청담로이뷰,110.2,14,1992,150000,0,2026,4,30
강남구,개포동,경남1,96.98,5,1984,94000,0,2026,4,16
강남구,대치동,대치동더블유타워,28.52,5,2013,1000,115,2026,4,29
강남구,도곡동,도곡렉슬,120.8233,22,2006,158550,50,2026,4,22
강남구,수서동,까치마을,34.44,7,1993,31500,0,2026,4,15
강남구,압구정동,현대8차(성수현대:91~95동),107.64,12,1980,90000,0,2026,4,27
강남구,논현동,리스트강남,17.37,5,2022,9417,45,2026,4,17
강남구,역삼동,역삼푸르지오,59.8848,17,2006,99750,0,2026,4,18
강남구,대치동,개포우성1,84.81,15,1983,110000,0,2026,4,30
강남구,일원동,수서,51.76,15,1992,52500,0,2026,4,14
강남구,개포동,개포자이프레지던스,84.5978,10,2023,20000,550,2026,4,29
강남구,개포동,디에이치아너힐즈,59.7479,25,2019,30000,320,2026,4,18
강남구,대치동,은마,84.43,8,1979,20000,250,2026,4,24
강남구,대치동,은마,76.79,14,1979,20000,250,2026,4,1
강남구,삼성동,레미안삼성1차(101동),84.98,5,2005,21000,333,2026,4,20
강남구,개포동,개포더샵트리에,108.2017,4,2021,100000,110,2026,4,3
강남구,개포동,개포자이프레지던스,84.5978,13,2023,50000,257,2026,4,2
강남구,대치동,은마,84.43,13,1979,85000,0,2026,4,28
강남구,논현동,두산위브1단지,84.993,1,2004,100000,0,2026,4,29
강남구,역삼동,한양럭스,59.78,2,2003,5000,200,2026,4,28
강남구,자곡동,강남자곡 힐스테이트,59.93,6,2015,55000,10,2026,4,22
강남구,수서동,강남 더샵 포레스트,124.5792,4,2016,173000,0,2026,4,21
강남구,대치동,선릉역대우아이빌(890-49),25.42,15,2004,23000,0,2026,4,29
강남구,개포동,삼익대청아파트,51.12,6,1992,46000,40,2026,4,30
강남구,대치동,선릉역풍림아이원레몬,69.81,4,2006,3000,230,2026,4,21
강남구,역삼동,대우디오빌플러스,43.99,6,2004,1000,155,2026,4,28
강남구,논현동,선정릉역모아엘가퍼스트홈,22.65,6,2023,6017,71,2026,4,30
강남구,신사동,우찬,59.78,2,2004,53000,0,2026,4,30
강남구,역삼동,원에디션강남,38.1534,2,2024,53000,10,2026,4,22
강남구,대치동,은마,84.43,7,1979,79800,0,2026,4,18
강남구,대치동,선경1차(1동-7동),163.92,2,1983,190000,0,2026,4,24
강남구,개포동,경남1,123.28,4,1984,115500,0,2026,4,15
강남구,일원동,디에이치자이개포,84.73,20,2021,140000,0,2026,4,4
강남구,수서동,신동아,33.18,7,1992,35000,0,2026,4,28
강남구,청담동,청담4차이-편한세상,136.41,11,2011,175000,0,2026,4,5
강남구,개포동,성원대치2단지아파트,39.53,1,1992,32340,0,2026,4,22
강남구,대치동,개포우성2,127.78,8,1984,70000,320,2026,4,11
강남구,청담동,청담자이,50.316,27,2011,10000,450,2026,4,25
강남구,개포동,성원대치2단지아파트,33.18,12,1992,42000,0,2026,4,24
강남구,삼성동,삼성동마에스트로,22.866,8,2023,15300,47,2026,4,16
강남구,대치동,대치르엘,77.9767,5,2021,110000,168,2026,4,2
강남구,개포동,래미안블레스티지,59.967,21,2019,30000,320,2026,4,16
강남구,청담동,청담파라곤Ⅱ1단지,178.51,5,2010,250000,0,2026,4,29
강남구,역삼동,한스빌(836),48.21,2,1996,31000,0,2026,4,9
강남구,역삼동,쌍용플레티넘밸류,84.96,11,2007,1000,500,2026,4,22
강남구,도곡동,대우디오빌,25.89,13,2004,1000,90,2026,4,22
강남구,삼성동,현대힐스테이트2단지,84.236,11,2008,112200,0,2026,4,16
강남구,세곡동,세곡리엔파크(4단지),59.93,5,2011,2270,47,2026,4,23
강남구,도곡동,도곡지웰카운티102동,118.87,1,2010,118650,0,2026,4,20
강남구,수서동,까치마을,34.44,1,1993,31500,0,2026,4,23
강남구,수서동,까치마을,39.6,11,1993,20000,80,2026,4,13
강남구,일원동,디에이치자이개포,84.73,9,2021,150000,0,2026,4,25
강남구,세곡동,세곡리엔파크(3단지),49.74,2,2011,4980,35,2026,4,21
강남구,논현동,리스트강남,14.29,5,2022,8669,42,2026,4,6
강남구,도곡동,타워팰리스1,174.67,21,2002,70000,850,2026,4,20
강남구,청담동,청담4차이-편한세상,84.57,2,2011,125000,0,2026,4,1
강남구,삼성동,삼성동마에스트로,20.227,2,2023,14400,43,2026,4,17
강남구,역삼동,e-편한세상,59.606,12,2005,115000,0,2026,4,11
강남구,자곡동,강남브리즈힐,84.29,2,2014,75000,0,2026,4,25
강남구,도곡동,SK허브프리모,33.8,16,2006,3000,120,2026,4,21
강남구,삼성동,진흥아파트,207.82,8,1984,189000,0,2026,4,23
강남구,도곡동,우성4,126.46,4,1985,25000,340,2026,4,29
강남구,도곡동,도곡렉슬,84.9984,11,2006,140000,0,2026,4,24
강남구,삼성동,삼성동힐스테이트 1단지,84.419,22,2008,135000,0,2026,4,9
강남구,일원동,수서,39.98,6,1992,2000,105,2026,4,28
강남구,자곡동,강남한양수자인(4단지),84.89,9,2014,58968,0,2026,4,29
강남구,개포동,개포래미안포레스트,59.92,6,2020,97600,0,2026,4,4
강남구,압구정동,한양3,119.97,1,1978,105000,0,2026,4,18
강남구,역삼동,대명벨리온,17.684,3,2012,300,115,2026,4,30
강남구,역삼동,강남센트럴아이파크,84.99,14,2022,85000,280,2026,4,10
강남구,삼성동,삼성펠리스,174.1,4,2005,103600,0,2026,4,21
강남구,역삼동,대림역삼,59.66,12,1997,73000,0,2026,4,25
강남구,역삼동,원에디션강남,38.1534,6,2024,64000,0,2026,4,22
강남구,도곡동,한신엠비씨,58.46,11,1988,31500,140,2026,4,20
강남구,역삼동,테헤란아이파크,70.8391,21,2014,20000,430,2026,4,21
강남구,논현동,쌍용,84.87,2,1996,49613,38,2026,4,7
강남구,삼성동,삼부아파트(101동),103.43,8,1998,5000,375,2026,4,3
강남구,개포동,디에이치아너힐즈,59.8072,18,2019,123000,0,2026,4,18
강남구,청담동,청담자이,89.356,31,2011,110000,320,2026,4,20
강남구,논현동,아크로힐스논현,113.087,13,2014,140000,150,2026,4,30
강남구,논현동,펜트힐루논현,43.392,4,2021,20000,310,2026,4,21
강남구,삼성동,아크로삼성,92,11,2025,50000,780,2026,4,17
강남구,삼성동,삼성동힐스테이트 1단지,84.349,15,2008,125000,0,2026,4,18
강남구,도곡동,도곡동STAY77,29.2,4,2020,30000,17,2026,4,24
강남구,도곡동,도곡더써밋타워,36.17,7,2025,12900,117,2026,4,6
강남구,대치동,대치효성,59.84,1,1999,69300,0,2026,4,18
강남구,일원동,수서,50.82,6,1992,48600,0,2026,4,22
강남구,역삼동,한화진넥스빌,39.2,6,2001,13000,57,2026,4,29
강남구,논현동,"청학아파트에이동,비동,씨동",97.18,5,1976,5000,230,2026,4,28
강남구,논현동,브라이튼N40,84.0023,5,2022,20000,800,2026,4,15
강남구,청담동,청담자이,49.618,26,2011,110000,0,2026,4,24
강남구,역삼동,대우디오빌,59.505,19,2002,5000,270,2026,4,16
강남구,수서동,강남데시앙포레,59.97,5,2014,78700,0,2026,4,29
강남구,개포동,개포우성3차,161,2,1984,91500,0,2026,4,23
강남구,자곡동,래미안강남힐즈,101.94,11,2014,65000,0,2026,4,17
강남구,자곡동,래미안강남힐즈,101.94,11,2014,65000,0,2026,4,17
강남구,논현동,KIRINHILLS,21.55,12,2020,1000,124,2026,4,15
강남구,도곡동,도곡2차I'PARK,198.13,7,2006,178000,0,2026,4,21
강남구,수서동,까치마을,34.44,7,1993,31500,0,2026,4,15
강남구,개포동,경남1,166.48,9,1984,120000,0,2026,4,18
강남구,삼성동,래미안라클래시,101.98,14,2021,60000,620,2026,4,20
강남구,도곡동,SK허브프리모,67.57,13,2006,5000,250,2026,4,25
강남구,일원동,수서,39.98,2,1992,43000,0,2026,4,20
강남구,삼성동,동구싼타빌,78.21,2,2004,10000,190,2026,4,15
강남구,일원동,우성7,83.69,10,1987,78700,0,2026,4,25
강남구,역삼동,대우디오빌,30.03,8,2002,27000,0,2026,4,23
강남구,역삼동,e-편한세상,59.606,1,2005,90000,30,2026,4,28
강남구,삼성동,래미안삼성2차,164.72,6,2007,80000,500,2026,4,17
강남구,압구정동,현대8차(성수현대:91~95동),111.5,6,1980,20000,235,2026,4,30
강남구,수서동,까치마을,49.5,14,1993,49000,0,2026,4,18
강남구,도곡동,럭키(963),84.97,12,1995,85000,0,2026,4,25
강남구,대치동,풍림아이원2차201동,156.21,1,2003,115500,0,2026,4,3
강남구,개포동,디에이치아너힐즈,76.1709,18,2019,20000,480,2026,4,1
강남구,역삼동,한화진넥스빌,43.58,11,2001,34000,0,2026,4,16
강남구,역삼동,동원스위트뷰역삼,84.83,3,2017,88000,0,2026,4,27
강남구,논현동,쌍용,84.87,9,1996,50000,61,2026,4,27
강남구,일원동,상록스타힐스,46.855,14,2022,16715,114,2026,4,13
강남구,논현동,"청학아파트에이동,비동,씨동",85.12,3,1976,50000,0,2026,4,18
강남구,청담동,휴먼스타빌,35.905,16,2005,3000,220,2026,4,28
강남구,자곡동,래미안포레,101.51,3,2014,84000,0,2026,4,26
강남구,개포동,개포래미안포레스트,84.9,13,2020,20000,465,2026,4,13
강남구,논현동,학동,74.6,6,2005,5000,250,2026,4,6
강남구,대치동,선경1차(1동-7동),163.92,6,1983,160000,0,2026,4,11
강남구,수서동,신동아,39.51,10,1992,36750,0,2026,4,17
강남구,삼성동,풍림(1차),59.7,3,1998,70000,0,2026,4,19
강남구,역삼동,시티프라디움더강남2,49.3659,4,2022,68000,0,2026,4,20
강남구,수서동,신동아,39.53,6,1992,40000,8,2026,4,18
강남구,삼성동,현대힐스테이트2단지,84.236,17,2008,115000,0,2026,4,16
강남구,역삼동,한스빌(836),48.21,2,1996,31000,0,2026,4,9
강남구,청담동,청담자이,49.618,4,2011,10000,410,2026,4,18
강남구,일원동,푸른마을아파트101동~111동,84.93,5,1994,60000,95,2026,4,18
강남구,압구정동,현대3차(61~64동),82.5,1,1976,10000,320,2026,4,10
강남구,압구정동,신현대12차,122.27,1,1982,50000,155,2026,4,30
강남구,개포동,개포자이프레지던스,84.5978,15,2023,131250,0,2026,4,30
강남구,청담동,청담신원아침도시마인,27.7131,4,2013,1000,130,2026,4,30
강남구,청담동,삼성청담공원아파트,59.93,8,1999,30000,160,2026,4,4
강남구,자곡동,래미안포레,101.51,3,2014,84000,0,2026,4,26
강남구,도곡동,도곡동STAY77,29.2,9,2020,35000,24,2026,4,25
강남구,대치동,대치삼성,84.58,19,2000,154000,0,2026,4,24
강남구,수서동,삼익,49.2,7,1992,5000,210,2026,4,13
강남구,삼성동,아이파크,167.72,20,2004,375000,0,2026,4,18
강남구,수서동,삼성,59.86,10,1997,67000,0,2026,4,19
강남구,개포동,개포자이프레지던스,114.9973,23,2023,60000,515,2026,4,7
강남구,도곡동,도곡렉슬,59.9203,9,2006,94500,0,2026,4,28
강남구,개포동,개포자이프레지던스,78.7747,17,2023,50000,380,2026,4,29
강남구,개포동,개포주공6단지,53.06,14,1983,40000,0,2026,4,24
강남구,청담동,상지리츠빌4A,177.07,5,2000,20000,700,2026,4,16
강남구,압구정동,미성2차,118.63,5,1987,50000,390,2026,4,11
강남구,자곡동,래미안강남힐즈,91.96,3,2014,105000,0,2026,4,30
강남구,삼성동,삼성웰피아,98.57,4,2005,20000,300,2026,4,10
강남구,개포동,개포우성3차,104.43,8,1984,40000,197,2026,4,25
강남구,개포동,성원대치2단지아파트,33.18,12,1992,36700,0,2026,4,30
강남구,수서동,신동아,39.53,9,1992,5000,180,2026,4,9
강남구,논현동,브라이튼N40,125.8014,7,2022,50000,1420,2026,4,17
강남구,논현동,KIRINHILLS,21.55,12,2020,1000,121,2026,4,20
강남구,개포동,성원대치2단지아파트,39.53,7,1992,55000,0,2026,4,18
강남구,역삼동,한스빌(836),39.89,6,1996,200,150,2026,4,24
강남구,논현동,신동아(22),35.73,5,1997,40950,0,2026,4,6
강남구,개포동,개포자이프레지던스,84.5978,2,2023,145000,0,2026,4,27
강남구,세곡동,강남데시앙파크,84.95,4,2011,15000,260,2026,4,15
강남구,역삼동,에레프,14.31,9,2013,1000,87,2026,4,21
강남구,일원동,목련타운,134.71,12,1993,80000,320,2026,4,18
강남구,대치동,하이캐슬102동,145.34,7,2005,84000,284,2026,4,24
강남구,개포동,현대아파트3,163.85,6,1986,110000,0,2026,4,21
강남구,대치동,은마,76.79,2,1979,40000,100,2026,4,22
강남구,도곡동,한신엠비씨,84.74,12,1988,105000,0,2026,4,25
강남구,대치동,롯데캐슬,105.18,5,2002,10000,560,2026,4,25
강남구,삼성동,삼성동힐스테이트 1단지,84.349,3,2008,10000,440,2026,4,9
강남구,대치동,래미안대치팰리스,94.49,20,2015,210000,0,2026,4,13
강남구,압구정동,"현대2차(10,11,20,23,24,25동)",161.19,12,1976,40000,0,2026,4,28
강남구,개포동,삼익대청아파트,51.12,12,1992,55000,0,2026,4,19
강남구,압구정동,"현대2차(10,11,20,23,24,25동)",161.19,12,1976,0,160,2026,4,28
강남구,일원동,가람,84.95,1,1993,50000,150,2026,4,18
강남구,개포동,개포자이프레지던스,59.9751,19,2023,60000,250,2026,4,25
강남구,개포동,성원대치2단지아파트,49.86,8,1992,52000,0,2026,4,14
강남구,수서동,삼익,60,8,1992,68000,0,2026,4,29
강남구,대치동,래미안대치하이스턴,110.39,11,1989,158000,0,2026,4,2
강남구,개포동,개포더샵트리에,108.2017,12,2021,135000,0,2026,4,15
강남구,대치동,테헤란로대우아이빌(891-6),29.02,21,2004,1000,98,2026,4,29
강남구,역삼동,강남센트럴아이파크,125.462,15,2022,200000,200,2026,4,22
강남구,도곡동,도곡2차I'PARK,148.73,10,2006,80000,260,2026,4,30
강남구,도곡동,도곡동STAY77,29.2,7,2020,33000,22,2026,4,24
강남구,청담동,청담자이,49.619,13,2011,10000,430,2026,4,28
강남구,역삼동,역삼자이,84.993,18,2016,20000,530,2026,4,23
강남구,대치동,대치삼성,97.35,7,2000,147000,0,2026,4,11
강남구,논현동,우민,74.758,4,2002,35000,130,2026,4,27
강남구,역삼동,원에디션강남,46.3254,13,2024,55000,160,2026,4,27
강남구,일원동,상록수,74.54,4,1993,75000,0,2026,4,4
강남구,도곡동,한신엠비씨,58.46,6,1988,50000,110,2026,4,24
강남구,대치동,은마,84.43,9,1979,73000,0,2026,4,11
강남구,도곡동,도곡동STAY77,29.2,8,2020,30000,46,2026,4,23
강남구,일원동,디에이치자이개포,84.64,22,2021,120000,160,2026,4,14
강남구,논현동,신동아(22),114.34,3,1997,110000,0,2026,4,5
강남구,역삼동,이지마루역삼,24.6,11,2018,30000,30,2026,4,10
강남구,압구정동,한양5,102.35,4,1979,90000,0,2026,4,11
강남구,논현동,"청학아파트에이동,비동,씨동",97.18,5,1976,5000,230,2026,4,28
강남구,역삼동,원에디션강남,49.8109,7,2024,80000,0,2026,4,22
강남구,삼성동,현대타워(13층-27층),149.99,17,1998,15000,495,2026,4,10
강남구,일원동,수서,59.94,8,1992,52500,0,2026,4,27
강남구,청담동,청담자이,82.365,6,2011,160000,0,2026,4,20
강남구,역삼동,EGSoulLeader,13.61,3,2012,1500,100,2026,4,30
강남구,개포동,디에이치아너힐즈,59.8732,19,2019,135000,0,2026,4,9
강남구,개포동,성원대치2단지아파트,33.18,1,1992,3000,140,2026,4,4
강남구,청담동,청담자이,49.618,24,2011,74800,100,2026,4,30
강남구,청담동,청담스위트,12.449,5,2015,10000,40,2026,4,29
강남구,개포동,성원대치2단지아파트,33.18,14,1992,5000,160,2026,4,17
강남구,도곡동,경남,59.76,7,2005,75600,0,2026,4,25
강남구,대치동,대치삼성,109.04,2,2000,94500,210,2026,4,30
강남구,수서동,까치마을,39.6,3,1993,5250,76,2026,4,16
강남구,역삼동,역삼I'PARK,116.285,11,2006,161700,0,2026,4,13
강남구,대치동,테헤란로대우아이빌(891-6),33.11,21,2004,1000,104,2026,4,9
강남구,도곡동,도곡1차아이파크,134.789,17,2007,20000,800,2026,4,14
강남구,자곡동,강남자곡 힐스테이트,59.93,9,2015,20000,170,2026,4,25
강남구,청담동,대우유로카운티,121.48,11,2004,124000,0,2026,4,16
강남구,도곡동,도곡렉슬,114.9931,16,2006,30000,540,2026,4,9
강남구,개포동,현대2,84.81,2,1986,78750,0,2026,4,4
강남구,역삼동,한스빌(836),39.89,3,1996,1000,100,2026,4,18
강남구,압구정동,미성2차,74.4,9,1987,10000,400,2026,4,18
강남구,역삼동,역삼I'PARK,28.246,6,2006,2000,144,2026,4,11
강남구,개포동,래미안블레스티지,99.967,29,2019,100000,280,2026,4,30
강남구,대치동,대치삼성,97.35,7,2000,147000,0,2026,4,11
강남구,도곡동,도곡렉슬,138.3156,8,2006,225000,0,2026,4,30
강남구,도곡동,도곡렉슬,59.9772,21,2006,100000,0,2026,4,28
강남구,도곡동,도곡더써밋타워,18.33,10,2025,12800,50,2026,4,10
강남구,대치동,대치동우정에쉐르1,59.96,3,2004,55000,0,2026,4,1
강남구,율현동,강남한신휴플러스6단지,59.98,2,2015,27000,160,2026,4,27
강남구,개포동,디에이치아너힐즈,59.7479,24,2019,130000,0,2026,4,29
강남구,수서동,삼익,60,4,1992,40000,120,2026,4,10
강남구,일원동,목련타운,134.71,13,1993,160000,0,2026,4,11
강남구,역삼동,테헤란아이파크,59.7788,2,2014,5000,360,2026,4,13
강남구,삼성동,영무예다음,115.88,1,2006,50000,300,2026,4,30
강남구,개포동,개포주공7단지,83.7,1,1983,45000,30,2026,4,29
강남구,청담동,휴먼스타빌,39.95,12,2005,3000,220,2026,4,24
강남구,개포동,성원대치2단지아파트,33.18,2,1992,1000,130,2026,4,6
강남구,삼성동,래미안라클래시,59.99,6,2021,50000,340,2026,4,14
강남구,압구정동,"현대1차(12,13,21,22,31,32,33동)",131.48,3,1976,130000,83,2026,4,9
강남구,삼성동,롯데캐슬프레미어,101.81,15,2007,135000,0,2026,4,25
강남구,압구정동,현대4차저층(51~56동),117.91,2,1977,130000,0,2026,4,20
강남구,압구정동,신현대11차,183.41,13,1983,110000,200,2026,4,28
강남구,역삼동,역삼푸르지오,84.9097,14,2006,20000,430,2026,4,15
강남구,대치동,래미안대치팰리스,94.49,7,2015,205000,0,2026,4,23
강남구,개포동,개포래미안포레스트,84.86,14,2020,126000,0,2026,4,27
강남구,대치동,롯데캐슬리베,121.0894,3,2008,180000,0,2026,4,17
강남구,역삼동,역삼센트럴2차아이파크,19.932,6,2022,29000,0,2026,4,11
강남구,삼성동,롯데캐슬프레미어,121.931,15,2007,123000,0,2026,4,24
강남구,수서동,까치마을,49.5,9,1993,20000,160,2026,4,16
강남구,도곡동,삼성,54.81,9,1994,75000,0,2026,4,29
강남구,도곡동,도곡렉슬,84.9231,7,2006,67200,320,2026,4,15
강남구,역삼동,역삼동하나빌,50.47,15,2002,3000,250,2026,4,22
강남구,역삼동,역삼래미안,59.53,17,2005,10000,360,2026,4,24
강남구,삼성동,래미안삼성2차,101.38,11,2007,24000,72,2026,4,24
강남구,도곡동,대림,84.93,5,1992,20000,234,2026,4,24
강남구,역삼동,e-편한세상,84.991,8,2005,80000,162,2026,4,10
강남구,삼성동,삼성동힐스테이트 1단지,31.402,14,2008,5000,215,2026,4,24
강남구,역삼동,로얄빌리지,80.64,6,2002,5000,370,2026,4,7
강남구,논현동,펜트힐루논현,43.392,8,2021,63000,0,2026,4,27
강남구,청담동,청담자이,49.619,33,2011,50000,300,2026,4,24
강남구,청담동,빌폴라리스,166.01,4,2009,200000,1150,2026,4,11
강남구,삼성동,미켈란147,84.86,20,2004,10000,470,2026,4,18
강남구,압구정동,한양4,101.09,2,1978,70000,60,2026,4,11
강남구,도곡동,도곡렉슬,84.9231,4,2006,110000,188,2026,4,11
강남구,역삼동,시티프라디움더강남201동,70.54,10,2021,95000,0,2026,4,7
강남구,개포동,성원대치2단지아파트,49.86,2,1992,61000,0,2026,4,23
강남구,일원동,수서,59.96,15,1992,57750,0,2026,4,29
강남구,개포동,성원대치2단지아파트,33.18,2,1992,2000,130,2026,4,30
강남구,도곡동,아카데미스위트1,164.79,42,2004,10000,500,2026,4,24
강남구,개포동,성원대치2단지아파트,33.18,13,1992,4000,170,2026,4,18
강남구,대치동,대치하나빌,145.04,5,2003,180000,0,2026,4,25
강남구,삼성동,삼성동롯데아파트,84.87,1,2000,100000,0,2026,4,9
강남구,역삼동,역삼푸르지오,59.8848,7,2006,60000,170,2026,4,25
강남구,삼성동,그라나다,45.23,6,2002,3000,140,2026,4,23
강남구,삼성동,현대힐스테이트2단지,39.552,9,2008,67000,0,2026,4,23
강남구,논현동,펜트힐캐스케이드,43.01,10,2023,63000,0,2026,4,29
강남구,논현동,한양수자인어반게이트,16.2,2,2013,4000,55,2026,4,4
강남구,개포동,개포래미안포레스트,59.92,4,2020,40000,280,2026,4,28
강남구,개포동,개포래미안포레스트,59.92,13,2020,118000,0,2026,4,30
강남구,개포동,현대2,131.83,2,1986,114000,0,2026,4,25
강남구,수서동,신동아,39.51,10,1992,49000,0,2026,4,23
강남구,도곡동,도곡2차I'PARK,148.73,10,2006,80000,260,2026,4,30
강남구,도곡동,현대그린1,84.93,11,2006,91000,0,2026,4,25
강남구,역삼동,대림역삼,59.66,12,1997,73000,0,2026,4,25
강남구,대치동,은마,76.79,13,1979,10000,212,2026,4,29
강남구,삼성동,삼성동롯데아파트,84.87,1,2000,100000,0,2026,4,9
강남구,대치동,대치르엘,77.9769,4,2021,145000,40,2026,4,28
강남구,대치동,한보미도맨션1,84.48,10,1983,115000,0,2026,4,20
강남구,일원동,푸른마을아파트101동~111동,59.76,11,1994,50000,62,2026,4,29
강남구,압구정동,현대13차(208~211동),105.31,2,1983,90000,0,2026,4,14
강남구,청담동,삼성청담공원아파트,84.96,9,1999,60000,200,2026,4,20
강남구,대치동,은마,84.43,4,1979,65000,60,2026,4,20
강남구,수서동,삼성,59.86,2,1997,70350,0,2026,4,18
강남구,대치동,은마,76.79,12,1979,40000,80,2026,4,5
강남구,개포동,삼익대청아파트,51.12,1,1992,5000,180,2026,4,20
강남구,개포동,개포자이프레지던스,84.7509,19,2023,50000,380,2026,4,25
강남구,개포동,래미안블레스티지,49.909,16,2019,90000,17,2026,4,28
강남구,일원동,상록스타힐스,39.876,4,2022,35038,26,2026,4,29
강남구,개포동,디에이치아너힐즈,84.3558,17,2019,150000,0,2026,4,30
강남구,개포동,개포자이프레지던스,84.5978,3,2023,140000,0,2026,4,22
강남구,개포동,개포더샵트리에,107.1324,13,2021,145000,0,2026,4,30
강남구,삼성동,래미안라클래시,101.98,6,2021,235000,0,2026,4,30
강남구,일원동,디에이치자이개포,84.92,24,2021,165000,0,2026,4,14
강남구,압구정동,"현대7차(73~77,82,85동)",144.2,11,1979,5000,525,2026,4,14
강남구,개포동,개포자이프레지던스,78.7747,20,2023,126000,0,2026,4,11
강남구,역삼동,갤러리아트,99.56,5,2002,70000,0,2026,4,30
강남구,역삼동,역삼래미안,59.4,17,2005,89250,0,2026,4,30
강남구,역삼동,우림루미아트1,23.66,4,2003,1000,70,2026,4,22
강남구,삼성동,로프트원,45.67,6,2002,2000,150,2026,4,6
강남구,대치동,은마,84.43,1,1979,75000,0,2026,4,29
강남구,역삼동,e-편한세상,59.606,17,2005,25000,270,2026,4,25
강남구,역삼동,원에디션강남,38.1534,11,2024,5000,340,2026,4,10
강남구,청담동,진흥아파트,109.31,4,1984,68000,0,2026,4,27
강남구,역삼동,테헤란아이파크,70.8333,1,2014,105000,0,2026,4,21
강남구,청담동,진흥아파트,109.31,2,1984,85000,0,2026,4,9
강남구,역삼동,대우디오빌플러스,43.99,5,2004,2000,132,2026,4,7
강남구,삼성동,노바삼성,13.32,5,2023,1000,95,2026,4,30
강남구,삼성동,호산프라자,31.16,7,1997,2000,90,2026,4,23
강남구,수서동,까치마을,49.5,12,1993,3000,148,2026,4,18
강남구,도곡동,대우디오빌,31.81,5,2004,2000,100,2026,4,16
강남구,수서동,동익,84.46,13,1993,92000,0,2026,4,14
강남구,개포동,래미안블레스티지,59.888,7,2019,90000,0,2026,4,15
강남구,수서동,까치마을,39.6,14,1993,20000,120,2026,4,22
강남구,역삼동,개나리래미안,59.93,15,2006,113000,0,2026,4,8
강남구,개포동,현대2,84.81,7,1986,87000,0,2026,4,11
강남구,수서동,신동아,33.18,7,1992,3000,95,2026,4,18
강남구,대치동,래미안대치하이스턴,110.39,5,1989,120000,170,2026,4,27
강남구,도곡동,도곡렉슬,119.8906,11,2006,100000,270,2026,4,21
강남구,일원동,푸른마을아파트101동~111동,59.76,6,1994,65000,50,2026,4,8
강남구,대치동,은마,76.79,2,1979,66000,0,2026,4,22
강남구,도곡동,도곡렉슬,84.9984,15,2006,146000,0,2026,4,28
강남구,대치동,롯데캐슬리베,121.0894,9,2008,130000,190,2026,4,17
강남구,대치동,아름빌(889-74),30.46,7,2003,23000,0,2026,4,30
강남구,일원동,디에이치자이개포,103.86,9,2021,100000,370,2026,4,30
강남구,대치동,한보미도맨션1,84.48,5,1983,20000,350,2026,4,4
강남구,삼성동,LG선릉에클라트(A),36.16,3,2003,1000,120,2026,4,27
강남구,수서동,신동아,39.53,7,1992,38850,0,2026,4,29
강남구,청담동,청담린든그로브,84.9979,3,2017,10000,583,2026,4,29
강남구,역삼동,역삼I'PARK,144.641,20,2006,175000,0,2026,4,25
강남구,청담동,신동아,84.94,3,1997,65000,10,2026,4,7
강남구,개포동,삼익대청아파트,51.12,5,1992,15000,150,2026,4,18
강남구,청담동,휴먼스타빌,35.905,21,2005,1000,220,2026,4,18
강남구,역삼동,역삼래미안,59.4,9,2005,97000,0,2026,4,18
강남구,자곡동,강남에버시움,36.08,7,2013,50,35,2026,4,30
강남구,청담동,삼성청담아파트,59.99,8,1999,10000,300,2026,4,2
강남구,논현동,루시아도산208,41.15,4,2023,5000,350,2026,4,30
강남구,역삼동,시티프라디움더강남101동,59.99,17,2021,31500,326,2026,4,22
강남구,수서동,삼익,49.2,8,1992,5000,210,2026,4,10
강남구,자곡동,강남자곡 힐스테이트,46.91,2,2015,19256,0,2026,4,30
강남구,개포동,래미안블레스티지,59.897,4,2019,90000,80,2026,4,3
강남구,삼성동,삼성동힐스테이트 1단지,84.236,1,2008,30000,340,2026,4,4
강남구,수서동,까치마을,39.6,8,1993,42000,0,2026,4,25
강남구,개포동,개포래미안포레스트,59.92,11,2020,105000,0,2026,4,30
강남구,개포동,개포자이프레지던스,84.5978,4,2023,140000,0,2026,4,30
강남구,개포동,디에이치아너힐즈,59.8732,11,2019,30000,300,2026,4,6
강남구,수서동,삼성,84.97,7,1997,60000,105,2026,4,3
강남구,삼성동,삼성동힐스테이트 1단지,31.402,20,2008,60000,0,2026,4,4
강남구,삼성동,LG선릉에클라트(A),36.16,5,2003,1500,110,2026,4,30
강남구,도곡동,도곡렉슬,84.9984,7,2006,20000,510,2026,4,30
강남구,수서동,까치마을,34.44,5,1993,31500,0,2026,4,21
강남구,도곡동,타워팰리스3,141.648,32,2004,60000,600,2026,4,30
강남구,자곡동,LH수서2단지아파트,36.84,14,2024,12996,45,2026,4,30
강남구,자곡동,강남한양수자인(4단지),101.51,9,2014,110000,0,2026,4,29
강남구,논현동,펜트힐루논현,43.392,11,2021,67000,0,2026,4,30
강남구,수서동,까치마을,39.6,4,1993,2000,100,2026,4,30
강남구,압구정동,현대13차(208~211동),108.47,12,1983,88000,0,2026,4,17
강남구,수서동,까치마을,34.44,6,1993,15000,120,2026,4,15
강남구,대치동,은마,76.79,3,1979,10000,243,2026,4,28
강남구,역삼동,개나리푸르지오,59.9885,13,2006,110000,20,2026,4,25
강남구,대치동,대치푸르지오써밋,84.9747,11,2023,177000,0,2026,4,4
강남구,청담동,청담대림이-편한세상,81.84,7,2002,102900,0,2026,4,29
강남구,자곡동,LH수서2단지아파트,36.84,1,2024,12274,43,2026,4,30
강남구,자곡동,LH수서2단지아파트,36.84,3,2024,12996,45,2026,4,30
강남구,역삼동,우정에쉐르멤버스,22.12,5,2004,15000,40,2026,4,7
강남구,청담동,삼성청담아파트,59.99,8,1999,10000,300,2026,4,2
강남구,청담동,청담아이파크,110.18,15,1992,168000,0,2026,4,29
강남구,청담동,연세리버빌,236.42,7,1997,294000,0,2026,4,27
강남구,삼성동,삼성동센트럴아이파크,49.94,20,2018,108000,0,2026,4,3
강남구,자곡동,강남자곡아이파크,74.97,11,2014,37280,145,2026,4,29
강남구,역삼동,에레프,14.31,6,2013,1000,85,2026,4,1
강남구,삼성동,삼성동센트럴아이파크,84.99,3,2018,157500,0,2026,4,29
강남구,자곡동,LH수서2단지아파트,44.89,1,2024,17600,62,2026,4,30
강남구,도곡동,한신엠비씨,116.24,2,1988,100000,0,2026,4,17
강남구,압구정동,미성1차,153.36,2,1982,141750,0,2026,4,16
강남구,대치동,대치현대,85,17,1999,110000,0,2026,4,30
강남구,논현동,KIRINHILLS,21.55,13,2020,1000,122,2026,4,7
강남구,압구정동,현대13차(208~211동),108.47,8,1983,50000,180,2026,4,4
강남구,대치동,래미안대치팰리스,94.49,20,2015,220000,0,2026,4,27
강남구,일원동,상록스타힐스,59.592,5,2022,9703,113,2026,4,8
강남구,자곡동,LH수서2단지아파트,36.84,12,2024,100,83,2026,4,30
강남구,대치동,래미안대치팰리스,114.14,7,2015,280000,0,2026,4,3
강남구,논현동,펜트힐루논현,42.257,14,2021,65000,0,2026,4,30
강남구,청담동,"청담2차이-편한세상(201동,202동,203동)",84.97,2,2006,95000,0,2026,4,24
강남구,일원동,상록스타힐스,59.963,19,2022,43747,55,2026,4,28
강남구,청담동,연세리버빌,236.42,7,1997,294000,0,2026,4,27
강남구,수서동,강남데시앙포레,84.92,11,2014,50000,200,2026,4,16
강남구,자곡동,LH수서2단지아파트,36.84,12,2024,12274,43,2026,4,30
강남구,수서동,까치마을,39.6,8,1993,3000,116,2026,4,28
강남구,대치동,대치푸르지오써밋,59.9845,16,2023,150000,0,2026,4,28
강남구,역삼동,역삼I'PARK,116.285,16,2006,165000,0,2026,4,29
강남구,역삼동,진넥스빌2,23.85,11,2003,20000,5,2026,4,10
강남구,개포동,삼익대청아파트,39.53,12,1992,41270,0,2026,4,29
강남구,대치동,은마,76.79,13,1979,65000,0,2026,4,17
강남구,개포동,성원대치2단지아파트,49.86,3,1992,57000,0,2026,4,29
강남구,개포동,성원대치2단지아파트,39.53,4,1992,37000,0,2026,4,25
강남구,논현동,거평프리젠,31.295,3,1996,20000,25,2026,4,29
강남구,대치동,래미안대치팰리스,114.15,20,2015,290000,0,2026,4,29
강남구,일원동,상록스타힐스,46.855,3,2022,39765,29,2026,4,28
강남구,세곡동,세곡푸르지오,84.95,14,2012,40000,165,2026,4,27
강남구,삼성동,호산프라자,33.21,5,1997,2000,90,2026,4,29
강남구,일원동,상록스타힐스,46.855,10,2022,39003,49,2026,4,29
강남구,도곡동,현대아파트1동~3동,84.96,3,1994,78750,0,2026,4,27
강남구,개포동,개포자이프레지던스,39.945,8,2023,73500,0,2026,4,25
강남구,청담동,대우유로카운티,105.52,8,2004,10000,390,2026,4,3
강남구,개포동,성원대치2단지아파트,39.53,7,1992,2000,137,2026,4,17
강남구,개포동,디에이치아너힐즈,84.3558,7,2019,50000,360,2026,4,28
강남구,개포동,개포래미안포레스트,74.66,2,2020,44000,320,2026,4,11
강남구,압구정동,신현대9차,108.88,1,1982,5000,310,2026,4,14
강남구,삼성동,삼성동한솔아파트,58.57,8,1998,8000,300,2026,4,28
강남구,도곡동,럭키(963),84.97,9,1995,78750,0,2026,4,21
강남구,청담동,청담자이,82.952,26,2011,157500,0,2026,4,29
강남구,역삼동,이스턴오피스텔,15.25,14,2014,16600,10,2026,4,29
강남구,수서동,수서한아름,97.63,10,1993,65000,0,2026,4,12
강남구,삼성동,대우멤버스카운티501,119.86,4,2005,128000,0,2026,4,24
강남구,대치동,래미안대치팰리스,84.99,3,2015,180000,0,2026,4,28
강남구,역삼동,대우디오빌,59.145,7,2002,56000,0,2026,4,24
강남구,삼성동,금호어울림,84.32,2,2003,15000,315,2026,4,11
강남구,역삼동,래미안그레이튼(진달래2차),105.89,28,2010,60000,370,2026,4,29
강남구,수서동,강남 더샵 포레스트,124.5792,4,2016,50000,400,2026,4,14
강남구,대치동,대치현대,114.59,13,1999,147000,0,2026,4,4
강남구,역삼동,대우디오빌,59.145,16,2002,45000,83,2026,4,20
강남구,논현동,현대인텔렉스,133.49,21,1997,80000,90,2026,4,28
강남구,대치동,래미안대치팰리스,94.49,8,2015,150000,240,2026,4,28
강남구,개포동,개포자이프레지던스,59.9751,25,2023,10000,450,2026,4,9
강남구,개포동,래미안블레스티지,59.967,22,2019,110000,0,2026,4,25
강남구,개포동,삼익대청아파트,51.12,3,1992,57000,0,2026,4,18
강남구,개포동,현대2,84.81,7,1986,80000,38,2026,4,28
강남구,도곡동,도곡우성아파트,84.83,13,1986,20000,220,2026,4,28
강남구,도곡동,도곡더써밋타워,18.34,13,2025,10300,60,2026,4,10
강남구,일원동,디에이치자이개포,76.55,29,2021,140000,0,2026,4,19
강남구,삼성동,현대힐스테이트2단지,84.236,2,2008,70000,180,2026,4,17
강남구,개포동,개포더샵트리에,108.2017,13,2021,136000,0,2026,4,13
강남구,자곡동,래미안포레,84.99,9,2014,50000,180,2026,4,27
강남구,논현동,"청학아파트에이동,비동,씨동",97.18,2,1976,60000,0,2026,4,20
강남구,역삼동,e-편한세상,59.606,11,2005,89200,0,2026,4,28
강남구,대치동,대우아이빌명문가(891-23),34.2,11,2004,24000,0,2026,4,27
강남구,자곡동,래미안강남힐즈,101.94,12,2014,50000,280,2026,4,28
강남구,삼성동,호산프라자,28.8,6,1997,22000,0,2026,4,28
강남구,일원동,푸른마을아파트101동~111동,84.93,12,1994,43000,160,2026,4,18
강남구,수서동,신동아,39.53,8,1992,3000,160,2026,4,26
강남구,논현동,삼성빌라트,120.98,5,1998,58100,0,2026,4,28
강남구,일원동,디에이치자이개포,84.75,11,2021,150000,0,2026,4,28
강남구,대치동,대치아이파크,84.95,8,2008,115000,160,2026,4,25
강남구,신사동,로데오현대,55.08,8,1998,7000,230,2026,4,14
강남구,대치동,대치르엘,77.9767,3,2021,144900,0,2026,4,25
강남구,청담동,청담4차이-편한세상,136.41,11,2011,60000,400,2026,4,27
강남구,역삼동,원에디션강남,38.1534,8,2024,50000,75,2026,4,28
강남구,삼성동,LG선릉에클라트(B),36.35,11,2004,1000,115,2026,4,22
강남구,논현동,아크로힐스논현,84.208,28,2014,128000,0,2026,4,25
강남구,도곡동,도곡렉슬,120.8233,15,2006,165000,32,2026,4,23
강남구,역삼동,역삼래미안,59.4,12,2005,50000,200,2026,4,24
강남구,압구정동,미성2차,118.63,15,1987,130000,0,2026,4,28
강남구,대치동,선경1차(1동-7동),136.68,12,1983,70000,340,2026,4,28
강남구,논현동,논현한가람빌라트,84.83,1,2002,70000,0,2026,4,20
강남구,개포동,성원대치2단지아파트,49.86,5,1992,45000,80,2026,4,27
강남구,압구정동,한양1차(영동한양),63.87,3,1977,63000,0,2026,4,17
강남구,역삼동,세방하이빌1,59.77,5,2003,30000,150,2026,4,25
강남구,대치동,대치아이파크,114.97,7,2008,205000,0,2026,4,23
강남구,역삼동,한스빌(836),31.78,11,1996,26000,0,2026,4,18
강남구,압구정동,"현대2차(10,11,20,23,24,25동)",196.84,3,1976,171600,0,2026,4,28
강남구,역삼동,대명벨리온,17.684,4,2012,10000,55,2026,4,28
강남구,대치동,은마,76.79,10,1979,62000,0,2026,4,27
강남구,도곡동,우성4,126.46,1,1985,110000,0,2026,4,25
강남구,자곡동,강남자곡아이파크,74.97,1,2014,68000,20,2026,4,28
강남구,논현동,신동아(22),84.52,6,1997,82000,0,2026,4,21
강남구,압구정동,한양1차(영동한양),63.87,12,1977,5000,205,2026,4,28
강남구,세곡동,세곡리엔파크(3단지),84.96,7,2011,57018,0,2026,4,28
강남구,삼성동,풍림(1차),59.7,5,1998,70000,0,2026,4,25
강남구,압구정동,"현대1차(12,13,21,22,31,32,33동)",196.21,12,1976,260000,0,2026,4,28
강남구,대치동,대치동더블유타워,33.78,6,2013,300,150,2026,4,24
강남구,도곡동,대우디오빌,25.89,8,2004,5000,70,2026,4,28
강남구,대치동,대치삼성,84.58,9,2000,50000,310,2026,4,20
강남구,역삼동,역삼래미안,59.4,12,2005,20000,300,2026,4,24
강남구,대치동,한양팰리스,99.19,3,2004,83000,0,2026,4,20
강남구,자곡동,강남자곡아이파크,84.83,10,2014,10000,295,2026,4,20
강남구,도곡동,한신(개포),52.73,8,1985,20000,75,2026,4,11
강남구,도곡동,도곡렉슬,119.8906,25,2006,110000,200,2026,4,25
강남구,대치동,대치아이파크,59.96,15,2008,90000,120,2026,4,25
강남구,역삼동,래미안그레이튼(진달래2차),59.78,9,2010,74100,0,2026,4,27
강남구,삼성동,래미안라클래시,101.98,26,2021,200000,160,2026,4,22
강남구,도곡동,도곡렉슬,84.9984,10,2006,105000,160,2026,4,11
강남구,개포동,개포래미안포레스트,59.92,9,2020,10000,400,2026,4,25
강남구,개포동,성원대치2단지아파트,49.86,6,1992,44100,0,2026,4,24
강남구,대치동,대치동우정에쉐르1,58.86,2,2004,57100,0,2026,4,25
강남구,수서동,신동아,33.18,10,1992,26000,0,2026,4,16
강남구,개포동,래미안블레스티지,84.943,14,2019,5000,560,2026,4,8
강남구,압구정동,신현대12차,107.16,4,1982,84000,0,2026,4,15
강남구,개포동,성원대치2단지아파트,39.53,7,1992,10000,109,2026,4,25
강남구,역삼동,EGSoulLeader,19.37,1,2012,2000,120,2026,4,3
강남구,압구정동,한양1차(영동한양),63.87,8,1977,65000,0,2026,4,25
강남구,일원동,상록스타힐스,46.855,7,2022,49707,0,2026,4,17
강남구,개포동,성원대치2단지아파트,49.86,4,1992,52500,0,2026,4,18
강남구,도곡동,타워팰리스1,164.95,22,2002,270000,120,2026,4,27
강남구,도곡동,삼성래미안,84.76,20,2001,130000,0,2026,4,25
강남구,역삼동,세방하이빌2,66.86,2,2002,20000,190,2026,4,25
강남구,역삼동,e-편한세상,59.606,5,2005,30000,300,2026,4,11
강남구,역삼동,역삼푸르지오,59.8848,10,2006,105000,0,2026,4,4
강남구,삼성동,현대힐스테이트2단지,84.236,18,2008,10000,440,2026,4,9
강남구,수서동,동익,84.46,12,1993,70000,0,2026,4,26
강남구,도곡동,도곡렉슬,84.9984,5,2006,115000,80,2026,4,22
강남구,일원동,래미안 개포 루체하임,121.71,3,2018,120000,180,2026,4,26
강남구,대치동,대치르엘,84.7735,10,2021,100000,300,2026,4,27
강남구,삼성동,삼성동힐스테이트 1단지,84.236,2,2008,30000,290,2026,4,27
강남구,압구정동,"현대1차(12,13,21,22,31,32,33동)",161.18,7,1976,10000,789,2026,4,22
강남구,율현동,강남한신휴플러스6단지,59.68,3,2015,47892,0,2026,4,27
강남구,도곡동,매봉삼성,83.49,14,1999,83000,0,2026,4,25
강남구,도곡동,한신엠비씨,58.46,6,1988,50000,110,2026,4,24
강남구,논현동,논현동한화꿈에그린,67.671,4,2005,70000,0,2026,4,25
강남구,대치동,대치아이파크,84.95,8,2008,20000,507,2026,4,18
강남구,역삼동,e-편한세상,84.991,15,2005,20000,400,2026,4,8
강남구,도곡동,도곡렉슬,59.9937,19,2006,40000,270,2026,4,25
강남구,대치동,동부센트레빌,145.83,19,2005,330000,0,2026,4,25
강남구,역삼동,강남센트럴아이파크,84.99,12,2022,100000,220,2026,4,24
강남구,수서동,신동아,33.18,9,1992,30000,25,2026,4,25
강남구,일원동,목련타운,99.79,1,1993,110000,0,2026,4,24
강남구,논현동,거평프리젠,30.215,9,1996,20000,0,2026,4,24
강남구,대치동,대치현대,59.82,3,1999,73000,0,2026,4,23
강남구,대치동,대치현대,59.82,15,1999,72000,0,2026,4,26
강남구,삼성동,래미안라클래시,59.99,22,2021,123800,0,2026,4,18
강남구,압구정동,신현대12차,110.82,9,1982,10000,290,2026,4,20
강남구,자곡동,강남한양수자인(4단지),84.99,10,2014,58968,0,2026,4,27
강남구,일원동,상록스타힐스,29.497,7,2022,18058,35,2026,4,17
강남구,개포동,디에이치아너힐즈,59.7479,7,2019,107000,0,2026,4,24
강남구,도곡동,우성리빙텔,120.21,18,1996,30000,400,2026,4,24
강남구,대치동,은마,84.43,7,1979,78500,0,2026,4,20
강남구,일원동,우성7,68.39,2,1987,35000,160,2026,4,25
강남구,역삼동,역삼자이,84.993,20,2016,110000,94,2026,4,25
강남구,세곡동,강남데시앙파크,84.95,4,2011,15000,260,2026,4,15
강남구,일원동,푸른마을아파트101동~111동,59.76,14,1994,78000,0,2026,4,25
강남구,신사동,압구정대원칸타빌아파트,77.94,17,2001,60000,0,2026,4,22
강남구,개포동,성원대치2단지아파트,39.53,3,1992,35700,0,2026,4,25
강남구,신사동,압구정대원칸타빌아파트,97.08,11,2001,30000,400,2026,4,25
강남구,대치동,선경1차(1동-7동),84.35,1,1983,85000,78,2026,4,16
강남구,수서동,까치마을,39.6,10,1993,45000,0,2026,4,25
강남구,수서동,까치마을,39.6,4,1993,45000,0,2026,4,25
강남구,역삼동,원에디션강남,46.3254,8,2024,73500,0,2026,4,24
강남구,신사동,썬-타워빌딩,15.42,7,2015,2000,95,2026,4,21
강남구,역삼동,강남센트럴아이파크,84.99,14,2022,80000,320,2026,4,24
강남구,역삼동,역삼자이,84.993,7,2016,155000,0,2026,4,25
강남구,수서동,까치마을,39.6,5,1993,5000,120,2026,4,27
강남구,일원동,래미안 개포 루체하임,71.65,4,2018,129000,0,2026,4,25
강남구,일원동,상록스타힐스,59.963,1,2022,59371,0,2026,4,23
강남구,대치동,은마,76.79,6,1979,15000,200,2026,4,11
강남구,삼성동,래미안라클래시,59.99,7,2021,80000,200,2026,4,25
강남구,개포동,개포자이프레지던스,78.7747,3,2023,150000,0,2026,4,27
강남구,수서동,까치마을,39.6,9,1993,30000,45,2026,4,25
강남구,수서동,신동아,49.96,9,1992,50000,0,2026,4,25
강남구,수서동,강남데시앙포레,84.92,6,2014,98000,0,2026,4,25
강남구,청담동,구산,112.98,7,1993,10000,320,2026,4,14
강남구,일원동,상록스타힐스,46.855,4,2022,11143,130,2026,4,23
강남구,세곡동,세곡푸르지오,74.74,5,2012,67000,0,2026,4,25
강남구,역삼동,역삼푸르지오,59.8848,5,2006,60000,160,2026,4,25
강남구,역삼동,e-편한세상,84.991,16,2005,140000,0,2026,4,25
강남구,자곡동,래미안강남힐즈,101.95,13,2014,105000,0,2026,4,27
강남구,청담동,청담신원아침도시마인,27.7131,6,2013,26985,0,2026,4,24
강남구,개포동,개포래미안포레스트,59.92,6,2020,10000,400,2026,4,26
강남구,개포동,삼익대청아파트,39.53,11,1992,34729,0,2026,4,25
강남구,도곡동,한라비발디,84.9569,13,2016,120000,30,2026,4,24
강남구,대치동,풍림아이원아파트,84.87,4,2003,95000,0,2026,4,2
강남구,수서동,신동아,49.96,9,1992,55000,0,2026,4,3
강남구,청담동,청담자이,49.618,23,2011,40000,259,2026,4,24
강남구,세곡동,강남신동아파밀리에1단지,59.97,9,2011,5537,39,2026,4,24
강남구,도곡동,도곡렉슬,119.8906,25,2006,190000,0,2026,4,11
강남구,도곡동,도곡렉슬,59.9818,12,2006,100000,60,2026,4,7
강남구,수서동,신동아,39.51,10,1992,40000,0,2026,4,16
강남구,수서동,삼익,60,3,1992,67000,0,2026,4,24
강남구,세곡동,강남신동아파밀리에1단지,59.97,13,2011,5537,39,2026,4,24
강남구,수서동,까치마을,39.6,2,1993,3000,127,2026,4,18
강남구,논현동,쌍용,59.91,10,1996,45000,70,2026,4,24
강남구,수서동,수서한아름,97.63,11,1993,80000,0,2026,4,24
강남구,개포동,개포자이프레지던스,78.7747,20,2023,50000,326,2026,4,20
강남구,대치동,대치현대,59.82,20,1999,34000,120,2026,4,23
강남구,대치동,테헤란로대우아이빌(891-6),35.61,7,2004,1000,120,2026,4,20
강남구,압구정동,현대3차(61~64동),82.5,7,1976,30000,270,2026,4,7
강남구,일원동,상록수,84.95,2,1993,10000,360,2026,4,20
강남구,개포동,개포자이프레지던스,78.7747,20,2023,50000,326,2026,4,20
강남구,수서동,신동아,39.51,4,1992,2000,110,2026,4,10
강남구,삼성동,삼성동힐스테이트 1단지,31.402,17,2008,7000,195,2026,4,24
강남구,도곡동,조이너스도곡,84.98,1,2008,63000,35,2026,4,12
강남구,대치동,래미안대치하이스턴,110.39,5,1989,157500,0,2026,4,22
강남구,대치동,동부센트레빌,145.83,23,2005,155000,300,2026,4,24
강남구,역삼동,원에디션강남,38.1534,2,2024,55650,0,2026,4,22
강남구,대치동,선릉역대우아이빌(890-49),25.42,12,2004,1000,85,2026,4,15
강남구,일원동,래미안 개포 루체하임,84.97,5,2018,145000,0,2026,4,21
강남구,개포동,현대아파트3,84.87,5,1986,84000,0,2026,4,24
강남구,개포동,래미안블레스티지,59.967,7,2019,30000,173,2026,4,22
강남구,개포동,성원대치2단지아파트,39.53,7,1992,38850,0,2026,4,18
강남구,수서동,신동아,39.53,7,1992,47000,0,2026,4,11
강남구,일원동,우성7,83.69,8,1987,77700,0,2026,4,4
강남구,일원동,샘터마을,115.366,12,1994,80000,100,2026,4,23
강남구,개포동,삼익대청아파트,60,10,1992,10000,159,2026,4,5
강남구,삼성동,서광아파트,59.67,7,1998,85000,0,2026,4,24
강남구,삼성동,LG선릉에클라트(A),36.16,5,2003,2000,130,2026,4,10
강남구,자곡동,래미안포레,49.94,1,2014,5480,38,2026,4,23
강남구,개포동,래미안블레스티지,126.928,17,2019,130000,340,2026,4,7
강남구,개포동,성원대치2단지아파트,33.18,12,1992,45000,0,2026,4,11
강남구,역삼동,역삼푸르지오,84.9097,5,2006,130000,0,2026,4,24
강남구,역삼동,역삼푸르지오,84.9097,9,2006,10000,470,2026,4,4
강남구,논현동,신동아(22),114.34,6,1997,60000,155,2026,4,24
강남구,대치동,아티스톤,76.81,4,2022,94500,0,2026,4,11
강남구,개포동,개포6차우성아파트1동~8동,79.97,4,1987,50000,0,2026,4,23
강남구,개포동,디에이치아너힐즈,59.7479,18,2019,10000,440,2026,4,9
강남구,대치동,래미안대치팰리스,94.49,4,2015,210000,0,2026,4,23
강남구,도곡동,현대비젼21,32.65,17,1999,1000,130,2026,4,23
강남구,자곡동,강남브리즈힐,74.44,11,2014,66000,0,2026,4,18
강남구,대치동,래미안대치하이스턴,110.39,11,1989,177000,0,2026,4,16
강남구,청담동,대우유로카운티,120.89,15,2004,20000,600,2026,4,23
강남구,개포동,개포6차우성아파트1동~8동,79.97,4,1987,50000,35,2026,4,23
강남구,개포동,삼익대청아파트,51.12,9,1992,5000,240,2026,4,23
강남구,압구정동,한양1차(영동한양),49.98,5,1977,63000,0,2026,4,11
강남구,역삼동,테헤란아이파크,80.1995,18,2014,56200,280,2026,4,22
강남구,삼성동,삼성동힐스테이트 1단지,84.349,14,2008,120000,0,2026,4,14
강남구,삼성동,LG선릉에클라트(A),41.64,3,2003,1000,116,2026,4,20
강남구,개포동,디에이치아너힐즈,106.9877,32,2019,215000,0,2026,4,5
강남구,청담동,라테라스청담,21.23,3,2018,5000,93,2026,4,23
강남구,개포동,성원대치2단지아파트,49.86,14,1992,65000,0,2026,4,23
강남구,도곡동,삼익,153.71,5,1983,85000,0,2026,4,13
강남구,논현동,리스트강남,14.19,3,2022,8121,39,2026,4,15
강남구,청담동,삼성청담공원아파트,59.93,13,1999,70000,0,2026,4,4
강남구,세곡동,세곡리엔파크(4단지),39.97,3,2011,3279,27,2026,4,23
강남구,도곡동,도곡스타클래스,112.05,9,2007,30000,370,2026,4,6
강남구,도곡동,삼성래미안,122.81,18,2001,160000,0,2026,4,10
강남구,압구정동,한양1차(영동한양),63.87,11,1977,76000,0,2026,4,17
강남구,역삼동,동부센트레빌,84.97,21,1998,5000,440,2026,4,23
강남구,도곡동,도곡동STAY77,20.32,4,2020,2000,100,2026,4,10
강남구,개포동,삼익대청아파트,51.12,2,1992,39900,0,2026,4,17
강남구,대치동,은마,84.43,13,1979,10000,243,2026,4,18
강남구,청담동,래미안청담로이뷰,110.2,7,1992,110000,180,2026,4,20
강남구,대치동,선경1차(1동-7동),163.92,2,1983,150000,0,2026,4,22
강남구,세곡동,세곡리엔파크(4단지),49.83,8,2011,4929,36,2026,4,23
강남구,대치동,은마,84.43,14,1979,40000,200,2026,4,23
강남구,수서동,까치마을,39.6,15,1993,22000,100,2026,4,23
강남구,도곡동,경남,59.76,2,2005,71400,0,2026,4,4
강남구,도곡동,도곡렉슬,59.9937,3,2006,94500,0,2026,4,22
강남구,역삼동,원에디션강남,42.3842,3,2024,52500,0,2026,4,22
강남구,일원동,래미안 개포 루체하임,59.97,21,2018,90000,120,2026,4,17
강남구,도곡동,래미안도곡카운티,59.98,5,2016,50000,285,2026,4,17
강남구,역삼동,래미안그레이튼(진달래2차),105.89,16,2010,160000,40,2026,4,22
강남구,역삼동,역삼래미안,80.87,15,2005,130000,0,2026,4,18
강남구,개포동,개포래미안포레스트,102.41,23,2020,170000,0,2026,4,22
강남구,대치동,"대치우성아파트1동,2동,3동,5동,6동,7동",115.59,8,1984,98700,0,2026,4,12
강남구,대치동,은마,76.79,2,1979,40000,100,2026,4,22
강남구,세곡동,세곡리엔파크(4단지),49.83,8,2011,4929,36,2026,4,22
강남구,세곡동,세곡리엔파크(4단지),49.83,4,2011,4929,36,2026,4,22
강남구,세곡동,강남신동아파밀리에1단지,49.74,10,2011,4564,34,2026,4,23
강남구,대치동,대치현대,59.82,22,1999,20000,220,2026,4,1
강남구,대치동,선릉역대우아이빌(890-49),25.42,11,2004,1000,88,2026,4,7
강남구,도곡동,래미안도곡카운티,71.85,8,2016,143000,26,2026,4,21
강남구,삼성동,우림루미아트,127.18,4,2005,30000,440,2026,4,8
강남구,삼성동,그라나다,55.47,5,2002,54000,0,2026,4,21
강남구,삼성동,풍림(1차),113,11,1998,105000,0,2026,4,22
강남구,일원동,상록수,74.54,4,1993,75000,0,2026,4,18
강남구,자곡동,래미안강남힐즈,101.94,9,2014,99750,0,2026,4,18
강남구,대치동,대치아이파크,84.95,15,2008,120000,86,2026,4,8
강남구,자곡동,강남자곡아이파크,84.96,4,2014,92000,0,2026,4,20
강남구,세곡동,강남엘에이치1단지,59.89,1,2013,70300,0,2026,4,4
강남구,도곡동,한신엠비씨,84.74,9,1988,40000,144,2026,4,4
강남구,개포동,경남1,96.98,2,1984,90000,0,2026,4,18
강남구,일원동,목련타운,99.79,7,1993,115000,30,2026,4,18
강남구,청담동,래미안청담로이뷰,110.2,6,1992,40000,520,2026,4,15
강남구,삼성동,미켈란147,84.77,9,2004,85000,0,2026,4,22
강남구,대치동,개포우성1,158.54,13,1983,175000,0,2026,4,5
강남구,대치동,한보미도맨션1,84.48,11,1983,118000,0,2026,4,22
강남구,역삼동,래미안그레이튼,70.98,2,2009,20000,400,2026,4,22
강남구,대치동,래미안대치하이스턴,110.39,12,1989,160000,0,2026,4,21
강남구,역삼동,강남웅진베어스빌,17.69,15,2019,30000,0,2026,4,22
강남구,자곡동,래미안강남힐즈,101.94,9,2014,115000,0,2026,4,22
강남구,삼성동,레미안삼성1차(101동),125.8,4,2005,130000,24,2026,4,22
강남구,역삼동,대우디오빌플러스,43.99,13,2004,2000,150,2026,4,8
강남구,대치동,래미안대치하이스턴,110.39,8,1989,40000,470,2026,4,22
강남구,자곡동,강남한양수자인(4단지),101.51,6,2014,89250,0,2026,4,21
강남구,논현동,루시아도산208,43.26,8,2023,500,300,2026,4,21
강남구,역삼동,롯데캐슬노블,176.03,12,2007,156000,0,2026,4,18
강남구,개포동,디에이치아너힐즈,94.2875,31,2019,157500,0,2026,4,18
강남구,대치동,은마,84.43,6,1979,60000,100,2026,4,22
강남구,역삼동,원에디션강남,46.3254,8,2024,68000,0,2026,4,21
강남구,논현동,아크로힐스논현,84.074,30,2014,127000,0,2026,4,8
강남구,도곡동,럭키(963),84.97,6,1995,60000,137,2026,4,22
강남구,역삼동,한스빌(836),39.89,5,1996,200,150,2026,4,3
강남구,수서동,수서한아름,97.63,10,1993,65000,120,2026,4,12
강남구,세곡동,강남신동아파밀리에1단지,49.74,8,2011,4564,34,2026,4,22
강남구,일원동,수서,39.98,8,1992,10000,80,2026,4,21
강남구,역삼동,역삼래미안,59.4,15,2005,10000,350,2026,4,22
강남구,압구정동,"현대6차(78~81,83,84,86,87동)",144.2,9,1978,50000,400,2026,4,10
강남구,압구정동,현대4차저층(51~56동),117.91,4,1977,90000,0,2026,4,15
강남구,청담동,청담2차이-편한세상(204동),107.71,6,2005,89250,0,2026,4,22
강남구,개포동,개포주공6단지,53.06,7,1983,39700,0,2026,4,21
강남구,수서동,강남데시앙포레,59.81,8,2014,73500,0,2026,4,21
강남구,개포동,개포래미안포레스트,59.96,19,2020,5000,450,2026,4,21
강남구,청담동,연세리버빌,236.42,6,1997,220000,0,2026,4,14
강남구,압구정동,한양1차(영동한양),63.87,4,1977,10000,300,2026,4,22
강남구,압구정동,"현대2차(10,11,20,23,24,25동)",160.28,12,1976,147000,0,2026,4,17
강남구,역삼동,원에디션강남,46.3254,8,2024,68000,0,2026,4,21
강남구,개포동,성원대치2단지아파트,49.86,4,1992,50400,0,2026,4,11
강남구,일원동,상록스타힐스,18.877,6,2022,19646,0,2026,4,17
강남구,세곡동,세곡리엔파크(4단지),59.84,6,2011,6749,34,2026,4,21
강남구,도곡동,도곡렉슬,120.8233,16,2006,107600,200,2026,4,1
강남구,개포동,현대1차101동~106동,177.19,6,1984,130000,0,2026,4,21
강남구,논현동,아크로힐스논현,84.013,28,2014,10000,580,2026,4,16
강남구,수서동,삼익,60,1,1992,30000,140,2026,4,21
강남구,역삼동,트레벨,33.48,1,2002,33000,0,2026,4,21
강남구,개포동,개포주공7단지,53.46,1,1983,5000,100,2026,4,18
강남구,논현동,선정릉역모아엘가퍼스트홈,14.16,2,2023,5993,30,2026,4,17
강남구,삼성동,삼성동중앙하이츠빌리지,152.98,18,2004,160000,240,2026,4,22
강남구,대치동,한보미도맨션2,126.33,3,1985,130000,0,2026,4,6
강남구,개포동,개포자이프레지던스,84.5978,9,2023,50000,408,2026,4,19
강남구,삼성동,서광아파트,59.67,19,1998,80000,0,2026,4,4
강남구,삼성동,삼성동힐스테이트 1단지,84.236,15,2008,129000,0,2026,4,3
강남구,도곡동,도곡렉슬,84.9984,6,2006,100000,200,2026,4,19
강남구,청담동,휴먼스타빌,35.905,9,2005,41000,0,2026,4,20
강남구,세곡동,강남신동아파밀리에2단지,49.74,9,2011,8153,14,2026,4,21
강남구,대치동,대치삼성,97.35,18,2000,153000,0,2026,4,1
강남구,압구정동,한양1차(영동한양),78.05,9,1977,85000,0,2026,4,20
강남구,세곡동,강남엘에이치1단지,59.89,1,2013,10000,220,2026,4,7
강남구,일원동,수서,49.68,7,1992,3000,142,2026,4,9
강남구,수서동,삼익,84.48,8,1992,25000,80,2026,4,20
강남구,삼성동,LG선릉에클라트(B),36.35,13,2004,2000,130,2026,4,14
강남구,도곡동,럭키(963),124.66,1,1995,20000,360,2026,4,11
강남구,논현동,펜트힐루논현,43.392,8,2021,71000,0,2026,4,21
강남구,개포동,래미안블레스티지,49.909,15,2019,90000,0,2026,4,21
강남구,압구정동,한양4,208.65,9,1978,180000,0,2026,4,21
강남구,개포동,현대2,84.81,4,1986,85000,0,2026,4,7
강남구,논현동,동현아파트1~6,84.92,10,1985,49500,70,2026,4,21
강남구,일원동,수서1-1단지(임대),52.29,3,1992,3697,3,2026,4,21
강남구,역삼동,강남서해그랑블,80.2,3,2012,80000,0,2026,4,11
강남구,청담동,삼성청담아파트,84.98,4,1999,7000,410,2026,4,20
강남구,역삼동,역삼래미안,59.4,7,2005,35000,280,2026,4,21
강남구,대치동,은마,84.43,6,1979,60000,150,2026,4,20
강남구,수서동,수서한아름,129.45,14,1993,80000,100,2026,4,16
강남구,수서동,강남데시앙포레,84.81,10,2014,40000,220,2026,4,1
강남구,도곡동,도곡렉슬,59.9772,10,2006,68500,0,2026,4,18
강남구,대치동,개포우성2,127.78,15,1984,100000,200,2026,4,20
강남구,청담동,씨티2차(202동),84.37,2,1992,71400,0,2026,4,20
강남구,압구정동,미성2차,118.63,9,1987,134400,0,2026,4,4
강남구,도곡동,도곡렉슬,84.9984,1,2006,145000,0,2026,4,16
강남구,도곡동,한신엠비씨,58.46,11,1988,31500,165,2026,4,20
강남구,도곡동,삼익,104.01,3,1983,20000,270,2026,4,19
강남구,대치동,대치현대,85,11,1999,75000,120,2026,4,4
강남구,대치동,한보미도맨션2,115.05,13,1985,60100,200,2026,4,18
강남구,삼성동,청구아파트,84.99,4,1992,83000,0,2026,4,17
강남구,논현동,신동아(22),35.73,1,1997,44000,0,2026,4,17
강남구,일원동,가람,84.95,1,1993,89000,0,2026,4,18
강남구,개포동,경남2차,149.21,11,1984,135000,0,2026,4,18
강남구,도곡동,아카데미스위트1,164.87,5,2004,10000,470,2026,4,20
강남구,삼성동,삼성동힐스테이트 1단지,84.236,17,2008,100000,150,2026,4,20
강남구,대치동,은마,76.79,1,1979,63000,0,2026,4,16
강남구,개포동,성원대치2단지아파트,33.18,2,1992,40000,0,2026,4,15
강남구,청담동,청담현대3차아파트,59.95,8,1999,6000,220,2026,4,20
강남구,도곡동,현대비젼21,42.7,27,1999,10000,160,2026,4,18
강남구,일원동,목련타운,134.71,6,1993,130000,24,2026,4,18
강남구,역삼동,래미안그레이튼,84.97,13,2009,135000,0,2026,4,4
강남구,청담동,신동아,84.94,5,1997,78000,0,2026,4,18
강남구,역삼동,현대휴먼터치빌,35.88,7,1999,24000,0,2026,4,20
강남구,도곡동,도곡렉슬,59.9818,21,2006,80000,105,2026,4,20
강남구,일원동,목련타운,134.71,6,1993,147000,0,2026,4,20
강남구,역삼동,래미안그레이튼,84.97,15,2009,50000,360,2026,4,7
강남구,수서동,신동아,33.18,6,1992,30870,0,2026,4,20
강남구,수서동,동익,84.46,4,1993,66900,0,2026,4,18
강남구,신사동,래미안신사,84.89,6,2008,135000,0,2026,4,18
강남구,삼성동,한양립스,38.2471,5,2022,25000,170,2026,4,17
강남구,세곡동,강남엘에이치1단지,74.74,6,2013,73000,0,2026,4,17
강남구,도곡동,삼익,104.01,10,1983,73500,0,2026,4,15
강남구,역삼동,개나리래미안,114.65,3,2006,150000,0,2026,4,17
강남구,청담동,구산,59.4,4,1993,5000,250,2026,4,19
강남구,개포동,래미안블레스티지,84.943,22,2019,140000,0,2026,4,20
강남구,압구정동,한양1차(영동한양),63.87,2,1977,20000,220,2026,4,17
강남구,도곡동,한신엠비씨,117.57,14,1988,50000,200,2026,4,8
강남구,도곡동,현대비젼21,35.48,25,1999,32000,0,2026,4,18
강남구,개포동,개포주공6단지,60.13,2,1983,40000,0,2026,4,18
강남구,일원동,푸른마을아파트101동~111동,59.76,4,1994,63000,0,2026,4,18
강남구,개포동,성원대치2단지아파트,39.53,11,1992,23000,110,2026,4,18
강남구,수서동,까치마을,34.44,8,1993,5000,145,2026,4,19
강남구,역삼동,테헤란아이파크,59.7788,9,2014,51984,0,2026,4,19
강남구,일원동,래미안 개포 루체하임,84.99,21,2018,141750,0,2026,4,18
강남구,압구정동,신현대12차,182.95,13,1982,220000,0,2026,4,1
강남구,역삼동,역삼푸르지오,84.9097,15,2006,90000,160,2026,4,18
강남구,일원동,가람,75.16,1,1993,73500,0,2026,4,18
강남구,일원동,가람,75.16,2,1993,71400,0,2026,4,18
강남구,역삼동,테헤란아이파크,92.6232,15,2014,141750,0,2026,4,18
강남구,일원동,수서,52.29,7,1992,55500,10,2026,4,11
강남구,압구정동,현대13차(208~211동),108.47,12,1983,70000,160,2026,4,19
강남구,역삼동,동부센트레빌,59.97,7,1998,45000,200,2026,4,18
강남구,수서동,신동아,33.18,13,1992,34650,0,2026,4,18
강남구,일원동,상록스타힐스,59.963,16,2022,49996,36,2026,4,17
강남구,개포동,개포래미안포레스트,102.32,9,2020,160000,0,2026,4,18
강남구,대치동,대치효성,84.94,12,1999,114000,0,2026,4,18
강남구,대치동,풍림아이원아파트,83.65,5,2003,87000,0,2026,4,18
강남구,도곡동,도곡렉슬,120.8233,4,2006,200000,0,2026,4,18
강남구,도곡동,도곡렉슬,84.9984,5,2006,50000,390,2026,4,15
강남구,대치동,한보미도맨션1,128.01,3,1983,120000,90,2026,4,18
강남구,논현동,한양수자인어반게이트,16.2,2,2013,4000,55,2026,4,4
강남구,수서동,삼익,49.2,2,1992,44625,0,2026,4,11
강남구,수서동,신동아,39.53,11,1992,20000,100,2026,4,18
강남구,자곡동,강남자곡 힐스테이트,74.8,7,2015,65000,0,2026,4,17
강남구,논현동,신동아(22),35.73,1,1997,44000,0,2026,4,17
강남구,일원동,푸른마을아파트101동~111동,59.76,6,1994,10000,260,2026,4,15
강남구,삼성동,삼성동센트럴아이파크,84.99,3,2018,152000,0,2026,4,18
강남구,삼성동,풍림(1차),59.7,3,1998,70000,0,2026,4,19
강남구,역삼동,베스젠빌,157.49,5,2003,10000,450,2026,4,12
강남구,대치동,래미안대치팰리스,91.93,27,2015,175000,0,2026,4,16
강남구,압구정동,현대13차(208~211동),105.31,9,1983,100000,0,2026,4,18
강남구,논현동,펜트힐캐스케이드,48.03,6,2023,4000,400,2026,4,17
강남구,논현동,루시아도산208,41.15,5,2023,500,300,2026,4,16
강남구,역삼동,대우디오빌,59.505,23,2002,65000,0,2026,4,18
강남구,역삼동,개나리푸르지오,59.6851,4,2006,100000,0,2026,4,18
강남구,역삼동,역삼I'PARK,116.285,7,2006,50000,420,2026,4,11
강남구,도곡동,도곡렉슬,59.9818,13,2006,110000,0,2026,4,17
강남구,개포동,성원대치2단지아파트,49.86,8,1992,56000,16,2026,4,15
강남구,압구정동,한양1차(영동한양),49.98,5,1977,63000,0,2026,4,11
강남구,일원동,상록수,74.54,4,1993,50000,80,2026,4,18
강남구,대치동,은마,76.79,4,1979,55000,60,2026,4,19
강남구,수서동,신동아,33.18,5,1992,36500,0,2026,4,17
강남구,압구정동,한양1차(영동한양),49.98,12,1977,57000,0,2026,4,20
강남구,청담동,청담대우멤버스카운티10차,147.91,3,2004,50000,680,2026,4,1
강남구,신사동,현대아인빌,138.42,2,2004,115000,0,2026,4,9
강남구,일원동,가람,84.95,4,1993,71000,0,2026,4,4
강남구,개포동,개포주공7단지,73.26,10,1983,15000,120,2026,4,15
강남구,수서동,삼성,84.97,11,1997,87150,0,2026,4,3
강남구,일원동,목련타운,99.79,13,1993,80000,0,2026,4,17
강남구,도곡동,럭키(963),84.97,8,1995,30000,225,2026,4,17
강남구,신사동,유로미아파트A동,84.83,7,2004,69457,0,2026,4,16
강남구,역삼동,e-편한세상,59.947,9,2005,110000,0,2026,4,17
강남구,압구정동,신현대9차,109.24,6,1982,105000,0,2026,4,17
강남구,대치동,은마,84.43,4,1979,60000,90,2026,4,16
강남구,도곡동,한신엠비씨,116.24,2,1988,100000,0,2026,4,17
강남구,개포동,개포자이프레지던스,39.945,7,2023,10000,300,2026,4,10
강남구,역삼동,세방하이빌2,66.86,4,2002,65000,20,2026,4,9
강남구,세곡동,세곡푸르지오,74.74,4,2012,72450,0,2026,4,14
강남구,대치동,은마,76.79,9,1979,64000,0,2026,4,17
강남구,대치동,대치삼성,59.88,8,2000,50000,160,2026,4,14
강남구,일원동,우성7,84.06,2,1987,70350,0,2026,4,17
강남구,세곡동,세곡리엔파크(4단지),59.84,5,2011,8744,22,2026,4,17
강남구,개포동,개포래미안포레스트,84.86,8,2020,10000,520,2026,4,15
강남구,자곡동,강남자곡 힐스테이트,84.39,15,2015,73500,0,2026,4,15
강남구,논현동,동현아파트1~6,84.92,1,1985,60000,70,2026,4,16
강남구,개포동,삼익대청아파트,39.53,7,1992,35000,0,2026,4,11
강남구,세곡동,강남신동아파밀리에2단지,49.74,12,2011,7984,15,2026,4,17
강남구,대치동,대치아이파크,59.96,8,2008,40000,290,2026,4,11
강남구,도곡동,럭키(963),84.97,9,1995,76500,0,2026,4,17
강남구,논현동,거평프리젠,31.585,7,1996,1000,115,2026,4,17
강남구,개포동,래미안블레스티지,59.967,13,2019,115000,0,2026,4,4
강남구,세곡동,강남엘에이치1단지,84.82,1,2013,84500,0,2026,4,16
강남구,도곡동,래미안도곡카운티,84.67,5,2016,155000,0,2026,4,17
강남구,자곡동,강남한양수자인(4단지),59.88,10,2014,11022,20,2026,4,17
강남구,대치동,포스코더샵,164.88,9,2004,180000,0,2026,4,17
강남구,도곡동,타워팰리스2,195.83,35,2003,330000,0,2026,4,15
강남구,논현동,펜트힐루논현,43.392,11,2021,5000,340,2026,4,17
강남구,역삼동,역삼2차아이파크,59.368,10,2008,80000,0,2026,4,7
강남구,삼성동,래미안라클래시,71.95,19,2021,50000,380,2026,4,17
강남구,역삼동,역삼푸르지오,59.8848,23,2006,10000,370,2026,4,3
강남구,논현동,아크로힐스논현,84.208,7,2014,125000,0,2026,4,17
강남구,논현동,아크로힐스논현,84.208,7,2014,125000,0,2026,4,17
강남구,청담동,삼환(101동),57.78,6,1999,3000,250,2026,4,13
강남구,삼성동,푸른솔아파트1동,84.9,8,1996,90000,0,2026,4,17
강남구,역삼동,요진와이시티미니,12.94,5,2012,12000,40,2026,4,15
강남구,개포동,래미안블레스티지,84.943,5,2019,138000,0,2026,4,13
강남구,삼성동,삼성동센트럴아이파크,59.96,23,2018,55000,0,2026,4,10
강남구,개포동,개포래미안포레스트,74.66,16,2020,70000,190,2026,4,8
강남구,도곡동,대림아크로빌,177.255,24,1999,230000,0,2026,4,17
강남구,역삼동,역삼푸르지오,84.9097,4,2006,120000,23,2026,4,16
강남구,개포동,성원대치2단지아파트,39.53,8,1992,2000,147,2026,4,17
강남구,수서동,신동아,33.18,9,1992,3000,120,2026,4,16
강남구,일원동,래미안 개포 루체하임,121.71,4,2018,168900,70,2026,4,17
강남구,대치동,은마,76.79,8,1979,50000,60,2026,4,4
강남구,일원동,우성7,83.69,5,1987,68000,0,2026,4,17
강남구,대치동,은마,84.43,9,1979,75000,0,2026,4,15
강남구,세곡동,강남엘에이치1단지,84.84,3,2013,72420,0,2026,4,14
강남구,개포동,성원대치2단지아파트,39.53,2,1992,40000,50,2026,4,17
강남구,개포동,개포자이프레지던스,132.8195,18,2023,50000,1100,2026,4,17
강남구,역삼동,e-편한세상,84.991,6,2005,10000,432,2026,4,16
강남구,논현동,더원센트럴,51.88,10,2018,42000,100,2026,4,16
강남구,개포동,디에이치아너힐즈,59.8072,19,2019,80000,130,2026,4,17
강남구,도곡동,삼성래미안,59.96,3,2001,65000,75,2026,4,6
강남구,대치동,은마,84.43,4,1979,86000,0,2026,4,10
강남구,대치동,롯데캐슬,105.18,2,2002,136500,0,2026,4,4
강남구,일원동,수서,59.96,2,1992,20000,180,2026,4,11
강남구,도곡동,도곡렉슬,59.9772,6,2006,53000,162,2026,4,14
강남구,대치동,대치삼성,97.35,14,2000,20000,560,2026,4,15
강남구,자곡동,강남한양수자인(4단지),49.94,2,2014,7420,29,2026,4,16
강남구,삼성동,청구아파트,84.99,10,1992,89500,0,2026,4,15
강남구,논현동,더원센트럴,51.88,10,2018,42000,100,2026,4,16
강남구,개포동,개포자이프레지던스,59.9751,21,2023,120000,0,2026,4,16
강남구,역삼동,에스케이허브젠,84.99,14,2005,73000,0,2026,4,11
강남구,압구정동,미성2차,118.63,7,1987,115000,95,2026,4,16
강남구,대치동,개포우성1,84.81,15,1983,20000,350,2026,4,5
강남구,수서동,까치마을,34.44,8,1993,25000,30,2026,4,15
강남구,도곡동,도곡렉슬,134.9023,6,2006,250000,0,2026,4,11
강남구,대치동,은마,76.79,7,1979,37000,150,2026,4,16
강남구,수서동,까치마을,34.44,8,1993,25000,10,2026,4,15
강남구,수서동,까치마을,34.44,11,1993,1500,130,2026,4,16
강남구,역삼동,세방하이빌1,59.77,4,2003,10000,195,2026,4,16
강남구,역삼동,개나리래미안,84.93,3,2006,120000,80,2026,4,16
강남구,개포동,개포래미안포레스트,102.32,27,2020,130000,120,2026,4,14
강남구,청담동,청담동삼성1차(101동),84.3,9,1997,88000,0,2026,4,11
강남구,수서동,강남데시앙포레,84.86,12,2014,97000,0,2026,4,16
강남구,대치동,대치푸르지오써밋,84.9747,8,2023,90000,330,2026,4,15
강남구,수서동,신동아,33.18,2,1992,28600,0,2026,4,15
강남구,일원동,상록스타힐스,46.855,10,2022,11143,130,2026,4,15
강남구,대치동,래미안대치하이스턴,110.39,2,1989,100000,250,2026,4,16
강남구,청담동,청담자이,90.197,35,2011,60000,550,2026,4,15
송파구,잠실동,트리지움,84.83,6,2007,10000,390,2026,4,14
송파구,풍납동,동아한가람1,84.38,17,1995,64000,0,2026,4,28
송파구,장지동,송파파인타운3단지,84.98,4,2008,20000,200,2026,4,7
송파구,가락동,헬리오시티,84.99,20,2018,30000,380,2026,4,17
송파구,송파동,래미안송파파인탑,53.59,17,2012,60000,110,2026,4,22
송파구,거여동,포레나송파,75.6,3,2021,70000,0,2026,4,4
송파구,문정동,문정시영,35.46,3,1989,5000,85,2026,4,16
송파구,거여동,거여5단지,59.74,2,1997,34600,0,2026,4,24
송파구,문정동,올림픽훼밀리타운,136.325,14,1988,36000,100,2026,4,17
송파구,가락동,헬리오시티,84.99,7,2018,50000,280,2026,4,26
송파구,거여동,거여1단지,39.6,4,1997,37000,0,2026,4,9
송파구,거여동,거여1단지,59.73,6,1997,10000,180,2026,4,24
송파구,잠실동,주공아파트 5단지,76.5,2,1978,49000,0,2026,4,27
송파구,잠실동,잠실엘스,84.8,5,2008,75000,165,2026,4,27
송파구,오금동,송파더플래티넘,73.22,12,2024,63000,0,2026,4,25
송파구,가락동,가락(1차)쌍용아파트,59.92,4,1997,57750,0,2026,4,17
송파구,풍납동,송파현대힐스테이트,84.99,4,2006,30000,132,2026,4,1
송파구,풍납동,잠실올림픽공원아이파크,59.97,11,2019,70000,55,2026,4,25
송파구,마천동,송파파크데일2단지,114.91,7,2011,80000,0,2026,4,25
송파구,송파동,래미안송파파인탑,71.73,8,2012,84000,0,2026,4,24
송파구,오금동,송파더플래티넘,89.07,16,2024,63000,0,2026,4,11
송파구,가락동,가락(1차)쌍용아파트,84.69,16,1997,66000,0,2026,4,6
송파구,장지동,송파파인타운3단지,84.93,10,2008,68250,0,2026,4,18
송파구,가락동,헬리오시티,84.99,20,2018,30000,380,2026,4,17
송파구,가락동,헬리오시티,84.98,26,2018,90000,140,2026,4,18
송파구,장지동,송파파인타운3단지,84.94,11,2008,30000,200,2026,4,18
송파구,문정동,올림픽훼밀리타운,158.705,9,1988,117000,0,2026,4,17
송파구,거여동,송파시그니처롯데캐슬,59.98,19,2021,78000,0,2026,4,10
송파구,잠실동,리센츠,84.99,31,2008,120750,0,2026,4,11
송파구,문정동,문정시영,39.69,7,1989,4000,100,2026,4,4
송파구,가락동,가락(1차)쌍용아파트,84.69,16,1997,63000,0,2026,4,1
송파구,거여동,송파레이크파크호반써밋Ⅰ,108.8109,1,2022,42000,200,2026,4,9
송파구,풍납동,씨티극동1,80.15,6,1998,73000,0,2026,4,9
송파구,잠실동,잠실엘스,59.96,20,2008,92400,0,2026,4,10
송파구,풍납동,토성현대,57.24,4,1986,23000,46,2026,4,9
송파구,잠실동,레이크팰리스,116.19,18,2006,140000,0,2026,4,3
송파구,오금동,송파더플래티넘,89.07,13,2024,59000,0,2026,4,2
송파구,잠실동,트리지움,84.95,8,2007,25000,320,2026,4,7
송파구,잠실동,주공아파트 5단지,81.75,4,1978,47000,0,2026,4,4
송파구,신천동,파크리오,59.86,13,2008,78173,0,2026,4,4
송파구,가락동,헬리오시티,84.99,9,2018,30000,300,2026,4,1
송파구,마천동,송파파크데일2단지,59.91,13,2011,2230,44,2026,4,22
송파구,가락동,극동,59.4,11,1984,40000,0,2026,4,16
송파구,잠실동,주공아파트 5단지,82.51,9,1978,65000,0,2026,4,16
송파구,장지동,송파파인타운10단지,59.92,8,2007,9471,15,2026,4,22
송파구,잠실동,트리지움,84.95,15,2007,20000,400,2026,4,6
송파구,거여동,e편한세상송파파크센트럴,59.96,26,2021,66000,0,2026,4,4
송파구,잠실동,트리지움,84.83,23,2007,60000,220,2026,4,7
송파구,문정동,문정시영,39.69,2,1989,20000,35,2026,4,18
송파구,장지동,송파파인타운9단지,39.99,4,2007,1144,28,2026,4,22
송파구,장지동,위례포레샤인23단지,49.48,3,2017,4000,38,2026,4,22
송파구,오금동,현대(2-4차),130.93,2,1984,90000,0,2026,4,14
송파구,오금동,현대(2-4차),130.93,2,1984,90000,0,2026,4,14
송파구,신천동,잠실푸르지오월드마크,112.25,26,2013,10000,550,2026,4,14
송파구,방이동,올림픽선수기자촌1단지,83.06,19,1988,40000,220,2026,4,8
송파구,거여동,e편한세상송파파크센트럴,84.96,31,2021,89000,0,2026,4,28
송파구,문정동,파크하비오,84.9342,18,2016,89200,0,2026,4,4
송파구,장지동,송파파인타운4단지,59.67,8,2008,10077,15,2026,4,23
송파구,잠실동,잠실엘스,59.96,9,2008,52500,168,2026,4,23
송파구,신천동,파크리오,84.9,16,2008,70000,70,2026,4,25
송파구,풍납동,쌍용,84.85,12,1994,30000,85,2026,4,23
송파구,거여동,송파레이크파크호반써밋Ⅱ,108.8119,22,2022,110000,0,2026,4,25
송파구,거여동,송파시그니처롯데캐슬,84.98,7,2021,12000,30,2026,4,15
송파구,가락동,우성,58.46,14,1986,55000,0,2026,4,6
송파구,거여동,송파레이크파크호반써밋Ⅰ,108.8119,15,2022,90000,0,2026,4,11
송파구,가락동,우성,43.79,7,1986,32991,0,2026,4,11
송파구,문정동,올림픽훼밀리타운,84.751,10,1988,78750,0,2026,4,14
송파구,잠실동,리센츠,84.99,1,2008,120750,0,2026,4,25
송파구,잠실동,트리지움,84.83,6,2007,10000,390,2026,4,14
송파구,가락동,헬리오시티,84.99,17,2018,80000,160,2026,4,17
송파구,마천동,송파파크데일1단지,49.63,3,2011,7953,13,2026,4,22
송파구,장지동,송파파인타운5단지,49.91,17,2008,2015,36,2026,4,23
송파구,가락동,성원상떼빌,99.6,3,2006,10000,280,2026,4,21
송파구,거여동,위례포레샤인13단지,59.31,17,2020,11421,16,2026,4,23
송파구,풍납동,씨티극동1,80.15,6,1998,73000,0,2026,4,9
송파구,거여동,송파시그니처롯데캐슬,59.98,16,2021,55000,100,2026,4,30
송파구,마천동,송파파크데일2단지,49.6,2,2011,2636,37,2026,4,22
송파구,오금동,송파호반베르디움더퍼스트,101.4632,2,2018,100000,0,2026,4,22
송파구,풍납동,현대리버빌1지구,43.2,7,1999,34729,0,2026,4,25
송파구,신천동,롯데캐슬골드,166.7,13,2005,10000,700,2026,4,9
송파구,잠실동,리센츠,124.22,27,2008,185000,0,2026,4,22
송파구,마천동,송파파크데일1단지,49.63,6,2011,4516,32,2026,4,24
송파구,장지동,송파파인타운9단지,59.95,14,2007,9064,14,2026,4,22
송파구,신천동,파크리오,84.9,36,2008,10000,350,2026,4,25
송파구,신천동,파크리오,84.9,28,2008,20000,330,2026,4,13
송파구,오금동,상아2차아파트,45.77,3,1988,34000,0,2026,4,1
송파구,장지동,송파파인타운11단지,84.94,6,2007,75000,0,2026,4,14
송파구,신천동,장미3,134.16,2,1984,75000,40,2026,4,1
송파구,장지동,위례24단지(꿈에그린),75.92,5,2013,30000,200,2026,4,24
송파구,가락동,우성,109.25,5,1986,10000,240,2026,4,22
송파구,오금동,상아2차아파트,60,1,1988,42000,0,2026,4,4
송파구,신천동,파크리오,59.86,12,2008,20000,300,2026,4,25
송파구,가락동,헬리오시티,84.99,19,2018,40000,320,2026,4,8
송파구,거여동,위례포레샤인13단지,59.31,14,2020,7252,39,2026,4,24
송파구,장지동,송파파인타운3단지,84.94,11,2008,30000,200,2026,4,18
송파구,거여동,송파레이크파크호반써밋Ⅰ,108.8119,6,2022,70000,100,2026,4,25
송파구,장지동,송파와이즈더샵,97.0736,17,2016,100000,0,2026,4,30
송파구,송파동,온누리,56.51,2,2004,21000,90,2026,4,10
송파구,문정동,올림픽훼밀리타운,84.705,2,1988,75000,0,2026,4,30
송파구,장지동,위례2차아이파크,90.8877,14,2016,90000,0,2026,4,4
송파구,가락동,삼환,72.88,12,1984,2000,70,2026,4,29
송파구,거여동,거여1단지,49.8,11,1997,60000,0,2026,4,19
송파구,가락동,대림,68.78,11,1988,65000,0,2026,4,21
송파구,가락동,sk파크타워,84.85,16,2003,70000,0,2026,4,29
송파구,신천동,파크리오,59.86,4,2008,20000,287,2026,4,27
송파구,신천동,파크리오,59.86,1,2008,90000,0,2026,4,30
송파구,장지동,송파파인타운11단지,84.94,14,2007,85000,0,2026,4,30
송파구,가락동,헬리오시티,84.95,25,2018,120000,0,2026,4,30
송파구,풍납동,동아한가람1,84.38,13,1995,65100,0,2026,4,26
송파구,장지동,위례24단지(꿈에그린),54.12,14,2013,54075,0,2026,4,25
송파구,풍납동,연지토성,84.96,9,2000,57700,0,2026,4,18
송파구,거여동,위례포레샤인13단지,59.83,8,2020,11421,16,2026,4,24
송파구,마천동,송파파크데일2단지,59.91,1,2011,5576,38,2026,4,24
송파구,신천동,파크리오,84.9,1,2008,10000,450,2026,4,4
송파구,오금동,송파더플래티넘,66.94,2,2024,53550,0,2026,4,4
송파구,문정동,올림픽훼밀리타운,84.751,12,1988,40000,180,2026,4,30
송파구,석촌동,석촌호수효성해링턴타워,15.8307,8,2015,500,90,2026,4,25
송파구,가락동,두산위브,27.85,11,2004,1000,70,2026,4,29
송파구,신천동,한신잠실코아,41.99,3,1988,43000,0,2026,4,26
송파구,가락동,가락(1차)쌍용아파트,84.69,4,1997,60000,100,2026,4,25
송파구,잠실동,LH서울잠실행복주택,26.25,6,2022,12028,39,2026,4,30
송파구,장지동,송파파인타운10단지,59.96,8,2007,20000,160,2026,4,30
송파구,오금동,송파더플래티넘,89.07,10,2024,35000,112,2026,4,29
송파구,신천동,파크리오,84.79,2,2008,120000,0,2026,4,25
송파구,잠실동,레이크팰리스,116.19,11,2006,130000,0,2026,4,7
송파구,신천동,파크리오,121.63,26,2008,30000,420,2026,4,25
송파구,장지동,위례24단지(꿈에그린),51.77,7,2013,40000,100,2026,4,30
송파구,잠실동,잠실엘스,119.93,2,2008,20000,528,2026,4,14
송파구,장지동,위례2차아이파크,90.0588,16,2016,87000,0,2026,4,25
송파구,신천동,파크리오,35.24,14,2008,5000,175,2026,4,13
송파구,장지동,위례24단지(꿈에그린),59.63,18,2013,74000,0,2026,4,1
송파구,장지동,송파파인타운8단지,39.99,11,2008,3779,20,2026,4,23
송파구,삼전동,레이크시티,18.92,5,2013,3000,69,2026,4,7
송파구,장지동,위례아이파크,128.8347,23,2015,120750,0,2026,4,24
송파구,장지동,위례24단지(꿈에그린),51.77,10,2013,64000,0,2026,4,25
송파구,잠실동,잠실엘스,59.96,4,2008,40000,255,2026,4,29
송파구,장지동,송파파인타운3단지,84.98,16,2008,30000,210,2026,4,11
송파구,송파동,송파삼성래미안아파트,148.19,10,2001,125000,0,2026,4,25
송파구,거여동,송파시그니처롯데캐슬,59.98,17,2021,10000,250,2026,4,25
송파구,가락동,에스아이팰리스송파포레,35.45,9,2023,2000,205,2026,4,16
송파구,신천동,한신잠실코아,52.51,1,1988,10000,160,2026,4,18
송파구,풍납동,송파해모로아파트,84.96,5,2006,74000,0,2026,4,25
송파구,오금동,송파레미니스2단지,84.82,6,2018,81000,0,2026,4,8
송파구,문정동,올림픽훼밀리타운,84.705,2,1988,73500,0,2026,4,22
송파구,장지동,송파파인타운8단지,39.99,1,2008,1184,28,2026,4,24
송파구,잠실동,주공아파트 5단지,82.61,2,1978,54000,0,2026,4,4
송파구,마천동,송파파크데일2단지,49.63,6,2011,1854,38,2026,4,23
송파구,마천동,송파파크데일1단지,49.63,7,2011,1806,38,2026,4,22
송파구,거여동,송파시그니처롯데캐슬,59.98,10,2021,10000,200,2026,4,11
송파구,방이동,코오롱아파트,84.95,2,1991,80000,0,2026,4,20
송파구,잠실동,트리지움,59.88,2,2007,10000,340,2026,4,11
송파구,거여동,송파레이크파크호반써밋Ⅰ,108.8109,22,2022,30000,180,2026,4,11
송파구,방이동,우광아파트,71.95,4,2000,45000,0,2026,4,21
송파구,오금동,송파더플래티넘,106.24,5,2024,61950,0,2026,4,25
송파구,거여동,거여5단지,59.74,11,1997,42000,0,2026,4,18
송파구,잠실동,레이크팰리스,84.82,5,2006,20000,370,2026,4,4
송파구,송파동,송파센텀레이크,67.8257,3,2024,74500,0,2026,4,11
송파구,잠실동,NS파인트리,19.7,15,2021,1000,120,2026,4,11
송파구,문정동,문정래미안,84.96,2,2004,15000,300,2026,4,29
송파구,장지동,송파파인타운5단지,49.91,10,2008,6013,23,2026,4,22
송파구,오금동,상아2차아파트,45.77,1,1988,29400,0,2026,4,16
송파구,가락동,삼환,84.974,11,1984,2000,80,2026,4,29
송파구,장지동,위례24단지(꿈에그린),59.63,18,2013,74000,0,2026,4,1
송파구,잠실동,잠실엘스,59.96,25,2008,94500,0,2026,4,11
송파구,가락동,헬리오시티,110.66,12,2018,80000,280,2026,4,24
송파구,잠실동,주공아파트 5단지,81.75,6,1978,10000,170,2026,4,25
송파구,오금동,송파더플래티넘,106.23,9,2024,500,85,2026,4,30
송파구,가락동,우성,43.79,13,1986,45000,0,2026,4,14
송파구,신천동,장미2,99,13,1979,65000,62,2026,4,4
송파구,방이동,올림픽선수기자촌1단지,121.23,2,1988,120000,0,2026,4,20
송파구,잠실동,우성아파트,96.65,7,1981,90000,0,2026,4,23
송파구,풍납동,현대리버빌1지구,114.56,8,1999,70000,80,2026,4,22
송파구,신천동,한신잠실코아,52.51,1,1988,10000,160,2026,4,18
송파구,석촌동,석촌호수효성해링턴타워,15.8307,10,2015,1000,105,2026,4,30
송파구,풍납동,신성노바빌아파트,59.78,13,2000,47000,10,2026,4,4
송파구,신천동,파크리오,84.79,6,2008,20000,315,2026,4,11
송파구,오금동,상아2차아파트,50.72,2,1988,34500,0,2026,4,25
송파구,마천동,송파파크데일1단지,59.91,4,2011,2146,43,2026,4,23
송파구,가락동,대림,84.11,11,1988,15000,130,2026,4,30
송파구,송파동,트윈레이크팰리스빌,29.12,5,2018,10000,95,2026,4,11
송파구,가락동,헬리오시티,84.97,4,2018,20000,420,2026,4,24
송파구,잠실동,잠실엘스,84.8,14,2008,40000,255,2026,4,25
송파구,장지동,송파파인타운11단지,59.96,4,2007,2176,43,2026,4,22
송파구,장지동,송파와이즈더샵,97.1902,4,2016,81900,0,2026,4,10
송파구,신천동,파크리오,84.97,2,2008,60000,207,2026,4,16
송파구,장지동,송파와이즈더샵,97.2157,11,2016,98000,0,2026,4,25
송파구,오금동,송파두산위브,84.9703,13,2019,40000,137,2026,4,28
송파구,방이동,AQUADCASAS,59.3,2,2004,45000,0,2026,4,30
송파구,장지동,송파파인타운1단지,84.94,9,2010,44467,0,2026,4,23
송파구,풍납동,한강극동,114.76,9,1995,77700,0,2026,4,17
송파구,가락동,에스아이팰리스송파포레,32.71,5,2023,1000,215,2026,4,13
송파구,잠실동,잠실엘스,59.96,12,2008,20000,287,2026,4,21
송파구,신천동,장미1,120,3,1979,10000,295,2026,4,18
송파구,마천동,송파파크데일2단지,59.91,12,2011,6023,35,2026,4,23
송파구,거여동,송파시그니처롯데캐슬,59.98,17,2021,50000,110,2026,4,21
송파구,오금동,현대백조,78.39,4,1997,61000,60,2026,4,30
송파구,문정동,문정래미안,170.7,15,2004,125000,0,2026,4,30
송파구,잠실동,잠실엘스,84.8,7,2008,40000,300,2026,4,25
송파구,장지동,위례아이파크,100.8522,11,2015,90000,0,2026,4,29
송파구,잠실동,레이크팰리스,84.82,20,2006,10000,430,2026,4,25
송파구,잠실동,트리지움,59.88,6,2007,50000,180,2026,4,17
송파구,신천동,파크리오,35.24,14,2008,5000,175,2026,4,13
송파구,잠실동,리센츠,84.99,4,2008,50000,370,2026,4,25
송파구,거여동,거여4단지,59.73,4,1997,30000,0,2026,4,20
송파구,가락동,헬리오시티,59.96,3,2018,10000,350,2026,4,17
송파구,거여동,거여5단지,59.74,2,1997,34600,0,2026,4,24
송파구,거여동,거여5단지,59.74,11,1997,39900,0,2026,4,18
송파구,잠실동,잠실엘스,59.96,27,2008,40000,240,2026,4,20
송파구,마천동,송파파크데일2단지,84.86,14,2011,52500,0,2026,4,25
송파구,잠실동,잠실엘스,59.96,23,2008,10000,360,2026,4,11
송파구,문정동,올림픽훼밀리타운,84.705,8,1988,70000,50,2026,4,23
송파구,잠실동,잠실엘스,84.8,5,2008,105000,50,2026,4,13
송파구,오금동,송파더플래티넘,66.91,14,2024,58700,0,2026,4,25
송파구,방이동,올림픽선수기자촌2단지,83.06,21,1988,30000,210,2026,4,9
송파구,잠실동,레이크팰리스,135.82,1,2006,90000,270,2026,4,28
송파구,신천동,더샵스타리버,142.17,7,2006,115500,0,2026,4,27
송파구,방이동,인택파크랜드,126.79,9,2004,120000,0,2026,4,27
송파구,잠실동,잠실엘스,84.97,3,2008,60000,260,2026,4,16
송파구,잠실동,주공아파트 5단지,82.61,11,1978,5000,190,2026,4,15
송파구,거여동,거여2단지효성아파트,134.88,8,1997,69300,0,2026,4,29
송파구,장지동,위례신도시송파푸르지오,106.967,8,2015,105000,0,2026,4,11
송파구,문정동,문정래미안,133.29,1,2004,78750,0,2026,4,28
송파구,신천동,파크리오,35.24,1,2008,52000,0,2026,4,15
송파구,잠실동,주공아파트 5단지,76.5,12,1978,47000,10,2026,4,20
송파구,잠실동,트리지움,84.83,21,2007,130000,0,2026,4,30
송파구,가락동,헬리오시티,84.95,5,2018,70000,200,2026,4,25
송파구,신천동,파크리오,59.95,21,2008,98500,0,2026,4,3
송파구,가락동,헬리오시티,84.99,27,2018,10000,425,2026,4,17
송파구,잠실동,NS파인트리,35.77,14,2021,3000,200,2026,4,16
송파구,장지동,송파와이즈더샵,97.1656,6,2016,87000,30,2026,4,11
송파구,가락동,헬리오시티,84.98,21,2018,85000,120,2026,4,1
송파구,신천동,파크리오,84.79,12,2008,112000,0,2026,4,30
송파구,장지동,위례24단지(꿈에그린),51.77,7,2013,52500,0,2026,4,24
송파구,문정동,문정시영,35.46,3,1989,5000,85,2026,4,16
송파구,송파동,송파삼성래미안아파트,79.7,15,2001,78000,0,2026,4,28
송파구,장지동,송파파인타운10단지,59.96,11,2007,2500,43,2026,4,23
송파구,잠실동,트리지움,84.97,7,2007,115000,0,2026,4,10
송파구,신천동,파크리오,121.63,5,2008,141750,0,2026,4,7
송파구,문정동,문정래미안,120.97,15,2004,105000,0,2026,4,25
송파구,잠실동,잠실엘스,84.8,26,2008,90000,140,2026,4,20
송파구,가락동,가락(1차)쌍용아파트,59.92,5,1997,52000,0,2026,4,15
송파구,문정동,문정시영,46.26,10,1989,9000,75,2026,4,30
송파구,문정동,올림픽훼밀리타운,136.325,13,1988,89200,0,2026,4,30
송파구,거여동,송파시그니처롯데캐슬,84.98,20,2021,77700,0,2026,4,24
송파구,방이동,올림픽선수기자촌2단지,163.44,9,1988,100000,0,2026,4,23
송파구,잠실동,트리지움,84.83,11,2007,121000,0,2026,4,25
송파구,신천동,파크리오,144.77,19,2008,60000,0,2026,4,27
송파구,잠실동,주공아파트 5단지,81.75,15,1978,20000,120,2026,4,3
송파구,송파동,잠실더샵루벤,106.8873,3,2025,110000,0,2026,4,14
송파구,풍납동,케이앤피상상,110.48,4,2008,50000,0,2026,4,30
송파구,장지동,송파파인타운8단지,59.97,16,2008,3000,290,2026,4,17
송파구,장지동,송파파인타운8단지,59.95,17,2008,1983,40,2026,4,23
송파구,잠실동,리센츠,84.99,21,2008,10000,460,2026,4,4
송파구,문정동,힐스테이트e편한세상문정,59.94,7,2024,20000,210,2026,4,15
송파구,장지동,위례24단지(꿈에그린),84.98,9,2013,88000,0,2026,4,18
송파구,거여동,e편한세상송파파크센트럴,84.96,21,2021,90000,0,2026,4,27
송파구,거여동,현대1차,84.91,1,1992,70000,0,2026,4,29
송파구,거여동,송파시그니처롯데캐슬,84.98,11,2021,95000,0,2026,4,25
송파구,신천동,장미1,71.2,11,1979,40900,0,2026,4,20
송파구,가락동,우성,43.79,12,1986,5000,130,2026,4,3
송파구,가락동,한화오벨리스크,30.25,19,2004,20000,5,2026,4,12
송파구,잠실동,잠실엘스,84.8,8,2008,115000,0,2026,4,25
송파구,장지동,송파파인타운6단지,59.96,4,2008,1983,40,2026,4,22
송파구,잠실동,리센츠,27.68,10,2008,30000,80,2026,4,25
송파구,오금동,현대(2-4차),130.93,12,1984,90000,0,2026,4,11
송파구,방이동,올림픽선수기자촌2단지,83.06,15,1988,78750,0,2026,4,18
송파구,거여동,송파시그니처롯데캐슬,59.98,27,2021,68000,0,2026,4,25
송파구,가락동,가락금호아파트,59.91,7,1997,63000,0,2026,4,6
송파구,거여동,송파시그니처롯데캐슬,84.98,1,2021,2000,90,2026,4,11
송파구,잠실동,리센츠,27.68,12,2008,5000,210,2026,4,29
송파구,잠실동,잠실엘스,84.8,2,2008,110000,20,2026,4,17
송파구,가락동,헬리오시티,49.32,6,2018,64000,0,2026,4,8
송파구,가락동,헬리오시티,84.97,20,2018,20000,360,2026,4,15
송파구,장지동,송파파인타운2단지,49.77,6,2008,1886,36,2026,4,22
송파구,잠실동,잠실엘스,84.8,1,2008,10000,315,2026,4,22
송파구,잠실동,트리지움,84.97,4,2007,2000,400,2026,4,30
송파구,거여동,송파시그니처롯데캐슬,84.98,20,2021,80000,50,2026,4,25
송파구,문정동,현대2,84.96,1,1995,52000,0,2026,4,27
송파구,방이동,동광팰리스,25.27,10,2018,29000,0,2026,4,29
송파구,장지동,송파파인타운3단지,84.98,4,2008,20000,200,2026,4,7
송파구,풍납동,잠실올림픽공원아이파크,59.97,12,2019,87000,0,2026,4,4
송파구,잠실동,레이크팰리스,84.82,14,2006,10000,400,2026,4,6
송파구,신천동,파크리오,35.24,1,2008,37600,0,2026,4,27
송파구,거여동,거여4단지,49.8,11,1997,5000,150,2026,4,3
송파구,방이동,올림픽선수기자촌2단지,100.31,13,1988,78750,0,2026,4,16
송파구,신천동,파크리오,59.95,3,2008,85000,40,2026,4,23
송파구,신천동,잠실푸르지오월드마크,119.58,21,2013,138000,0,2026,4,30
송파구,신천동,파크리오,84.79,32,2008,30000,300,2026,4,30
송파구,신천동,파크리오,84.9,22,2008,20000,32,2026,4,11
송파구,가락동,헬리오시티,84.95,9,2018,110000,0,2026,4,25
송파구,장지동,송파파인타운10단지,59.92,4,2007,2226,43,2026,4,23
송파구,신천동,장미1,71.2,5,1979,68000,0,2026,4,18
송파구,장지동,송파와이즈더샵,97.1662,14,2016,10000,360,2026,4,4
송파구,가락동,헬리오시티,130.06,9,2018,55000,420,2026,4,30
송파구,가락동,헬리오시티,84.99,7,2018,50000,280,2026,4,26
송파구,잠실동,우성아파트,80.39,5,1981,54000,0,2026,4,25
송파구,가락동,한화오벨리스크,25.32,15,2004,2000,75,2026,4,3
송파구,문정동,올림픽훼밀리타운,84.751,11,1988,5000,250,2026,4,21
송파구,장지동,송파파인타운10단지,59.95,4,2007,50000,60,2026,4,18
송파구,문정동,힐스테이트e편한세상문정,59.94,4,2024,20000,165,2026,4,25
송파구,잠실동,잠실엘스,119.93,14,2008,120000,200,2026,4,7
송파구,문정동,올림픽훼밀리타운,84.751,7,1988,20005,220,2026,4,15
송파구,가락동,헬리오시티,84.98,23,2018,60000,169,2026,4,27
송파구,잠실동,잠실엘스,84.8,3,2008,90000,0,2026,4,28
송파구,가락동,가락쌍용(2차),59.88,22,1999,30000,150,2026,4,30
송파구,문정동,문정래미안,84.96,5,2004,6000,220,2026,4,29
송파구,가락동,헬리오시티,84.98,8,2018,50000,280,2026,4,29
송파구,거여동,e편한세상송파파크센트럴,84.96,23,2021,80000,45,2026,4,30
송파구,잠실동,주공아파트 5단지,76.5,8,1978,36000,25,2026,4,25
송파구,잠실동,잠실엘스,84.97,13,2008,130000,0,2026,4,11
송파구,방이동,올림픽선수기자촌3단지,135.99,13,1988,115500,0,2026,4,18
송파구,잠실동,주공아파트 5단지,81.75,4,1978,47000,0,2026,4,4
송파구,가락동,가락(1차)쌍용아파트,84.69,14,1997,42000,163,2026,4,27
송파구,잠실동,리센츠,84.99,12,2008,140000,0,2026,4,21
송파구,마천동,송파파크데일1단지,59.91,11,2011,2146,43,2026,4,23
송파구,송파동,송파센텀레이크,71.2734,3,2024,71400,0,2026,4,28
송파구,신천동,파크리오,35.24,5,2008,2000,151,2026,4,18
송파구,장지동,송파파인타운3단지,84.98,5,2008,80000,0,2026,4,20
송파구,가락동,가락(1차)쌍용아파트,84.69,22,1997,93000,0,2026,4,30
송파구,신천동,장미1,155.22,10,1979,105000,0,2026,4,30
송파구,장지동,송파파인타운4단지,84.94,2,2008,67200,0,2026,4,28
송파구,신천동,장미1,82.45,2,1979,23000,172,2026,4,18
송파구,거여동,송파시그니처롯데캐슬,59.98,7,2021,64000,45,2026,4,6
송파구,잠실동,잠실엘스,84.8,15,2008,120000,0,2026,4,25
송파구,잠실동,리센츠,124.22,22,2008,168000,0,2026,4,25
송파구,마천동,송파파크데일2단지,59.91,8,2011,6561,32,2026,4,24
송파구,잠실동,현대,84.68,4,1990,65000,0,2026,4,24
송파구,방이동,신동아타워,50.4,16,1995,38000,0,2026,4,25
송파구,신천동,잠실더샵스타파크,157.08,11,2008,10000,560,2026,4,17
송파구,신천동,파크리오,84.79,18,2008,120000,0,2026,4,25
송파구,신천동,파크리오,84.9,15,2008,110000,0,2026,4,30
송파구,거여동,e편한세상송파파크센트럴,84.97,23,2021,87000,0,2026,4,24
송파구,잠실동,잠실엘스,84.8,14,2008,30000,340,2026,4,25
송파구,잠실동,트리지움,84.95,32,2007,10000,440,2026,4,30
송파구,잠실동,잠실엘스,84.97,7,2008,119000,0,2026,4,29
송파구,거여동,송파시그니처롯데캐슬,59.98,19,2021,78000,0,2026,4,10
송파구,잠실동,트리지움,84.83,25,2007,20000,400,2026,4,16
송파구,잠실동,트리지움,84.95,6,2007,102900,0,2026,4,17
송파구,잠실동,주공아파트 5단지,76.5,5,1978,45100,0,2026,4,13
송파구,장지동,힐스테이트송파위례,101.8,11,2016,52500,210,2026,4,30
송파구,가락동,가락금호아파트,59.91,12,1997,20000,130,2026,4,25
송파구,신천동,파크리오,121.63,9,2008,137000,0,2026,4,30
송파구,장지동,위례24단지(꿈에그린),84.93,15,2013,72000,0,2026,4,10
송파구,가락동,헬리오시티,84.98,16,2018,50000,198,2026,4,25
송파구,신천동,파크리오,35.24,18,2008,55000,0,2026,4,22
송파구,신천동,장미1,71.2,12,1979,10000,230,2026,4,18
송파구,마천동,마천동금호타운1,84.79,4,1998,25000,59,2026,4,6
송파구,방이동,올림픽선수기자촌2단지,83.06,12,1988,40000,66,2026,4,30
송파구,방이동,올림픽선수기자촌3단지,100.31,4,1988,86000,0,2026,4,4
송파구,방이동,올림픽선수기자촌3단지,100.31,5,1988,73500,0,2026,4,28
송파구,삼전동,엘에스타워,15.54,12,2016,1000,79,2026,4,24
송파구,장지동,송파파인타운6단지,84.98,4,2008,90000,0,2026,4,29
송파구,장지동,송파더센트레,59.96,21,2013,63000,0,2026,4,30
송파구,거여동,송파시그니처롯데캐슬,59.98,19,2021,63000,0,2026,4,25
송파구,거여동,거여5단지,59.74,14,1997,40000,10,2026,4,4
송파구,송파동,래미안송파파인탑,71.73,4,2012,95000,0,2026,4,30
송파구,잠실동,잠실엘스,84.8,3,2008,115500,0,2026,4,30
송파구,거여동,거여1단지,38.9,10,1997,30000,0,2026,4,30
송파구,가락동,우성,43.79,4,1986,38000,0,2026,4,11
송파구,가락동,헬리오시티,49.21,22,2018,97000,0,2026,4,11
송파구,거여동,송파시그니처롯데캐슬,84.98,12,2021,10000,60,2026,4,30
송파구,가락동,한화오벨리스크,25.32,20,2004,2000,75,2026,4,8
송파구,풍납동,현대리버빌2지구,40.95,10,1999,35000,0,2026,4,30
송파구,잠실동,아시아선수촌아파트,134.485,10,1986,135000,0,2026,4,28
송파구,장지동,위례포레샤인23단지,59.66,4,2017,38587,0,2026,4,30
송파구,거여동,위례포레샤인13단지,39.76,17,2020,1639,31,2026,4,30
송파구,잠실동,우성아파트,96.65,8,1981,64000,0,2026,4,30
송파구,장지동,위례포레샤인23단지,59.97,10,2017,38587,0,2026,4,30
송파구,거여동,거여3단지,39.248,2,2000,2953,13,2026,4,30
송파구,거여동,송파시그니처롯데캐슬,84.98,24,2021,95000,0,2026,4,30
송파구,잠실동,주공아파트 5단지,82.61,3,1978,65000,0,2026,4,30
송파구,가락동,가락금호아파트,59.91,10,1997,56700,0,2026,4,18
송파구,잠실동,리센츠,27.68,27,2008,5000,220,2026,4,15
송파구,신천동,파크리오,121.63,3,2008,80000,200,2026,4,30
송파구,송파동,잠실더샵루벤,106.8873,6,2025,10000,440,2026,4,11
송파구,잠실동,리센츠,27.68,30,2008,40000,60,2026,4,30
송파구,신천동,파크리오,35.24,8,2008,15000,128,2026,4,30
송파구,신천동,파크리오,84.79,32,2008,30000,300,2026,4,30
송파구,풍납동,현대리버빌1지구,43.2,7,1999,34729,0,2026,4,25
송파구,방이동,현대홈타운스위트105,148.68,6,2004,20000,360,2026,4,23
송파구,잠실동,리센츠,84.99,22,2008,50000,280,2026,4,29
송파구,잠실동,LH서울잠실행복주택,14.99,3,2022,9845,12,2026,4,30
송파구,거여동,송파시그니처롯데캐슬,59.98,4,2021,80000,0,2026,4,29
송파구,잠실동,LH서울잠실행복주택,14.99,5,2022,6768,28,2026,4,30
송파구,풍납동,씨티극동1,59.95,5,1998,48300,0,2026,4,26
송파구,거여동,송파시그니처롯데캐슬,84.98,15,2021,53560,80,2026,4,29
송파구,장지동,송파파인타운3단지,84.93,11,2008,75000,0,2026,4,2
송파구,문정동,문정시영,39.69,9,1989,23000,0,2026,4,30
송파구,신천동,장미1,99,5,1979,30000,100,2026,4,30
송파구,오금동,상아2차아파트,45.77,10,1988,30000,0,2026,4,20
송파구,문정동,올림픽훼밀리타운,136.325,8,1988,78000,0,2026,4,29
송파구,장지동,송파더센트레,51.96,23,2013,61000,0,2026,4,29
송파구,거여동,e편한세상송파파크센트럴,59.96,6,2021,30000,200,2026,4,3
송파구,방이동,올림픽선수기자촌2단지,83.06,17,1988,40000,220,2026,4,29
송파구,마천동,송파파크데일2단지,84.86,6,2011,70000,0,2026,4,29
송파구,신천동,장미1,71.2,4,1979,57000,0,2026,4,24
송파구,신천동,파크리오,84.79,20,2008,103950,0,2026,4,23
송파구,문정동,문정시영,39.69,8,1989,2000,77,2026,4,3
송파구,오금동,우창,109.72,11,1985,80000,0,2026,4,29
송파구,가락동,래미안파크팰리스,84.936,22,2007,73500,0,2026,4,30
송파구,잠실동,리센츠,84.99,5,2008,40000,390,2026,4,25
송파구,거여동,힐트리움송파,40.311,6,2026,45000,0,2026,4,17
송파구,가락동,헬리오시티,84.99,13,2018,110200,0,2026,4,11
송파구,잠실동,LH서울잠실행복주택,14.99,4,2022,9168,10,2026,4,29
송파구,풍납동,한강극동,114.76,5,1995,90000,0,2026,4,15
송파구,잠실동,LH서울잠실행복주택,14.99,5,2022,1168,45,2026,4,30
송파구,오금동,쌍용스위닷홈(201동),143.82,1,2005,88000,0,2026,4,4
송파구,장지동,송파파인타운6단지,84.94,9,2008,32964,0,2026,4,30
송파구,장지동,힐스테이트송파위례,101.8,7,2016,60000,150,2026,4,29
송파구,잠실동,레이크팰리스,116.19,18,2006,140000,0,2026,4,3
송파구,신천동,파크리오,84.9,27,2008,50000,220,2026,4,27
송파구,잠실동,주공아파트 5단지,76.5,5,1978,48000,0,2026,4,25
송파구,가락동,헬리오시티,59.96,15,2018,68250,29,2026,4,23
송파구,가락동,우성,43.79,15,1986,13000,120,2026,4,28
송파구,잠실동,잠실엘스,84.97,11,2008,80000,160,2026,4,25
송파구,오금동,에스아이팰리스송파올림픽공원,16.6,13,2021,22600,5,2026,4,29
송파구,가락동,헬리오시티,110.66,1,2018,150000,20,2026,4,14
송파구,잠실동,트리지움,84.83,1,2007,40000,260,2026,4,29
송파구,신천동,파크리오,59.64,2,2008,86100,0,2026,4,25
송파구,신천동,더샵스타리버,142.17,7,2006,115500,0,2026,4,27
송파구,거여동,e편한세상송파파크센트럴,84.96,22,2021,40000,210,2026,4,17
송파구,장지동,위례24단지(꿈에그린),51.77,13,2013,63000,0,2026,4,28
송파구,문정동,건영1,77.68,12,1996,49000,0,2026,4,29
송파구,풍납동,드림스페이스II,13.16,3,2014,1000,60,2026,4,24
송파구,신천동,파크리오,59.95,10,2008,10000,340,2026,4,23
송파구,오금동,송파레미니스2단지,39.67,20,2018,6513,10,2026,4,22
송파구,장지동,위례아이파크,100.8522,18,2015,94500,0,2026,4,25
송파구,문정동,파크하비오,84.9725,7,2016,98000,0,2026,4,29
송파구,신천동,잠실푸르지오월드마크,112.25,26,2013,10000,550,2026,4,14
송파구,거여동,거여1단지,59.73,6,1997,10000,180,2026,4,24
송파구,풍납동,현대1,84,4,1995,80000,0,2026,4,12
송파구,거여동,송파시그니처롯데캐슬,59.98,4,2021,80000,0,2026,4,29
송파구,장지동,위례24단지(꿈에그린),84.96,12,2013,66000,0,2026,4,18
송파구,가락동,헬리오시티,84.99,34,2018,20000,150,2026,4,16
송파구,가락동,헬리오시티,84.99,21,2018,20000,430,2026,4,7
송파구,풍납동,갑을,59.4,9,1996,60000,0,2026,4,17
송파구,풍납동,한강극동,84.76,4,1995,35000,150,2026,4,28
송파구,잠실동,레이크팰리스,116.19,8,2006,126000,86,2026,4,14
송파구,방이동,올림픽선수기자촌1단지,83.06,20,1988,70000,60,2026,4,28
송파구,잠실동,리센츠,27.68,26,2008,2000,175,2026,4,25
송파구,잠실동,주공아파트 5단지,76.5,2,1978,47000,0,2026,4,28
송파구,장지동,위례포레샤인23단지,49.48,17,2017,6367,33,2026,4,28
송파구,잠실동,레이크팰리스,116.19,10,2006,50000,380,2026,4,25
송파구,거여동,현대1차,74.83,1,1992,10000,230,2026,4,25
송파구,석촌동,양지473,30.05,14,2021,45360,0,2026,4,27
송파구,문정동,올림픽훼밀리타운,117.585,11,1988,50000,155,2026,4,22
송파구,풍납동,극동,59.975,10,1987,55000,0,2026,4,28
송파구,장지동,송파파인타운1단지,84.94,3,2010,37771,0,2026,4,28
송파구,장지동,송파파인타운5단지,49.91,21,2008,1886,36,2026,4,24
송파구,거여동,e편한세상송파파크센트럴,84.96,31,2021,89000,0,2026,4,28
송파구,송파동,호수임광,84.87,6,1995,60000,0,2026,4,28
송파구,가락동,가락(1차)쌍용아파트,59.92,13,1997,4000,150,2026,4,16
송파구,오금동,송파레미니스,59.87,3,2017,42042,0,2026,4,28
송파구,가락동,주성드림아파트,82.46,2,2003,47000,0,2026,4,16
송파구,오금동,우창,132.86,7,1985,50000,150,2026,4,29
송파구,문정동,힐스테이트e편한세상문정,74.95,3,2024,87000,0,2026,4,24
송파구,신천동,파크리오,84.9,24,2008,110000,0,2026,4,25
송파구,거여동,거여1단지,39.6,4,1997,11000,85,2026,4,27
송파구,풍납동,쌍용,84.85,19,1994,65100,0,2026,4,29
송파구,잠실동,잠실엘스,84.8,13,2008,15000,340,2026,4,22
송파구,문정동,문정시영,39.69,10,1989,3000,100,2026,4,25
송파구,장지동,위례24단지(꿈에그린),51.77,11,2013,10000,190,2026,4,25
송파구,장지동,위례포레샤인23단지,74.95,10,2017,45937,0,2026,4,29
송파구,방이동,코오롱아파트,84.95,12,1991,63000,0,2026,4,24
송파구,방이동,올림픽선수기자촌1단지,100.82,8,1988,84000,0,2026,4,29
송파구,가락동,가락(1차)쌍용아파트,84.69,7,1997,58000,23,2026,4,1
송파구,잠실동,레이크팰리스,116.19,26,2006,160000,0,2026,4,11
송파구,가락동,가락(1차)쌍용아파트,84.69,2,1997,5000,231,2026,4,14
송파구,장지동,송파파인타운8단지,39.99,12,2008,5382,11,2026,4,29
송파구,문정동,올림픽훼밀리타운,136.325,14,1988,50000,110,2026,4,13
송파구,거여동,송파레이크파크호반써밋Ⅱ,108.8119,6,2022,56500,150,2026,4,11
송파구,오금동,송파레미니스,59.83,7,2017,42042,0,2026,4,28
송파구,풍납동,쌍용,84.85,1,1994,21900,150,2026,4,28
송파구,거여동,거여4단지,49.8,5,1997,42000,0,2026,4,25
송파구,신천동,파크리오,84.9,5,2008,106000,0,2026,4,28
송파구,거여동,송파시그니처롯데캐슬,59.98,3,2021,59850,0,2026,4,27
송파구,가락동,헬리오시티,84.98,17,2018,30000,139,2026,4,25
송파구,송파동,2차한양아파트,84.92,6,1984,20000,140,2026,4,28
송파구,거여동,송파레이크파크호반써밋Ⅰ,108.8119,3,2022,81000,55,2026,4,11
송파구,가락동,우성,43.79,13,1986,37800,0,2026,4,25
송파구,신천동,파크리오,84.9,28,2008,110000,0,2026,4,25
송파구,마천동,송파파크데일2단지,49.6,1,2011,8146,13,2026,4,23
송파구,잠실동,트리지움,59.88,15,2007,60000,160,2026,4,27
송파구,거여동,송파시그니처롯데캐슬,39.9,4,2021,14699,44,2026,4,28
송파구,거여동,e편한세상송파파크센트럴,84.96,26,2021,70000,0,2026,4,28
송파구,가락동,성원상떼빌,99.6,3,2006,10000,280,2026,4,21
송파구,가락동,가락금호아파트,85,5,1997,30000,225,2026,4,24
송파구,잠실동,트리지움,149.45,28,2007,153000,60,2026,4,28
송파구,송파동,레이크해모로,84.73,5,2005,77700,0,2026,4,28
송파구,가락동,헬리오시티,84.99,7,2018,122000,0,2026,4,28
송파구,잠실동,리센츠,84.99,12,2008,125000,0,2026,4,17
송파구,잠실동,우성아파트,96.65,5,1981,67000,0,2026,4,25
송파구,오금동,상아2차아파트,45.77,12,1988,2000,90,2026,4,15
송파구,잠실동,리센츠,27.68,18,2008,5000,190,2026,4,4
송파구,석촌동,잠실한솔,59.86,12,2000,30000,131,2026,4,25
송파구,잠실동,리센츠,27.68,18,2008,45000,0,2026,4,24
송파구,신천동,장미1,71.2,7,1979,45000,0,2026,4,18
송파구,신천동,장미1,71.2,11,1979,10000,260,2026,4,28
송파구,잠실동,리센츠,27.68,23,2008,40000,47,2026,4,25
송파구,신천동,파크리오,84.97,4,2008,45000,240,2026,4,23
송파구,신천동,한신잠실코아,52.51,5,1988,25000,60,2026,4,28
송파구,장지동,송파파인타운2단지,49.77,4,2008,1886,36,2026,4,22
송파구,장지동,송파파인타운5단지,49.91,21,2008,4715,30,2026,4,24
송파구,잠실동,주공아파트 5단지,76.5,11,1978,53000,0,2026,4,28
송파구,신천동,롯데캐슬골드,166.7,17,2005,173000,0,2026,4,24
송파구,문정동,세양청마루,59.91,11,2004,55000,0,2026,4,25
송파구,오금동,송파레미니스2단지,49.55,8,2018,9310,13,2026,4,22
송파구,가락동,헬리오시티,84.95,16,2018,110000,0,2026,4,27
송파구,가락동,현대(60동),82.16,9,1991,47200,0,2026,4,20
송파구,거여동,쌍용스윗닷홈거여역1차,84.95,6,2006,40000,90,2026,4,25
송파구,풍납동,잠실올림픽공원아이파크,59.97,11,2019,70000,55,2026,4,25
송파구,장지동,송파파인타운11단지,84.94,3,2007,82000,0,2026,4,24
송파구,가락동,헬리오시티,99.6,11,2018,145000,0,2026,4,27
송파구,가락동,헬리오시티,99.6,19,2018,140000,0,2026,4,2
송파구,가락동,대림,68.78,14,1988,40000,100,2026,4,25
송파구,장지동,송파더센트레,51.96,1,2013,5000,200,2026,4,11
송파구,장지동,송파파인타운10단지,49.93,5,2007,4547,30,2026,4,24
송파구,거여동,e편한세상송파파크센트럴,59.96,10,2021,30000,130,2026,4,25
송파구,거여동,거여1단지,49.8,6,1997,50000,0,2026,4,25
송파구,가락동,가락금호아파트,85,2,1997,90000,0,2026,4,27
송파구,거여동,e편한세상송파파크센트럴,84.96,4,2021,37000,210,2026,4,2
송파구,잠실동,잠실엘스,84.8,4,2008,10000,400,2026,4,22
송파구,송파동,송파삼성래미안아파트,126.4,14,2001,125000,0,2026,4,4
송파구,거여동,포레나송파,75.6,3,2021,80000,0,2026,4,24
송파구,장지동,위례포레샤인23단지,59.66,4,2017,38587,0,2026,4,28
송파구,거여동,송파레이크파크호반써밋Ⅱ,108.8119,18,2022,100000,0,2026,4,27
송파구,장지동,송파더센트레,59.96,5,2013,10000,260,2026,4,27
송파구,잠실동,트리지움,84.83,8,2007,105000,60,2026,4,4
송파구,신천동,파크리오,59.95,28,2008,10000,345,2026,4,25
송파구,송파동,레이크해모로,84.51,5,2005,77000,0,2026,4,24
송파구,잠실동,리센츠,27.68,2,2008,2000,146,2026,4,25
송파구,장지동,송파파인타운10단지,49.93,10,2007,8574,19,2026,4,27
송파구,신천동,파크리오,84.9,31,2008,114450,0,2026,4,27
송파구,송파동,한양아파트,137.28,4,1983,70000,0,2026,4,27
송파구,가락동,헬리오시티,84.95,9,2018,110000,0,2026,4,25
송파구,장지동,송파파인타운7단지,84.94,10,2007,73500,0,2026,4,16
송파구,거여동,송파레이크파크호반써밋Ⅰ,108.8119,6,2022,81900,0,2026,4,3
송파구,송파동,송파포트힐한샘인사이드,57.4275,5,2023,45000,50,2026,4,24
송파구,신천동,장미1,155.22,2,1979,75000,100,2026,4,25
송파구,가락동,우성,109.25,2,1986,70000,0,2026,4,25
송파구,잠실동,잠실엘스,84.97,8,2008,131000,0,2026,4,25
송파구,거여동,현대2차,82.96,4,1992,10000,106,2026,4,14
송파구,문정동,문정래미안,120.97,3,2004,100000,0,2026,4,27
송파구,잠실동,잠실엘스,84.8,23,2008,100000,80,2026,4,25
송파구,가락동,헬리오시티,84.99,27,2018,20000,360,2026,4,13
송파구,잠실동,트리지움,59.88,10,2007,105000,0,2026,4,24
송파구,마천동,송파파크데일2단지,114.91,7,2011,80000,0,2026,4,25
송파구,잠실동,잠실엘스,84.8,24,2008,40000,280,2026,4,27
송파구,장지동,위례24단지(꿈에그린),51.77,10,2013,10000,180,2026,4,25
송파구,잠실동,트리지움,114.7,1,2007,50000,387,2026,4,27
송파구,잠실동,트리지움,59.88,15,2007,60000,160,2026,4,27
송파구,신천동,파크리오,84.9,30,2008,10000,360,2026,4,25
송파구,신천동,파크리오,59.95,16,2008,85000,40,2026,4,25
송파구,방이동,올림픽선수기자촌1단지,83.06,2,1988,20000,260,2026,4,6
송파구,장지동,위례신도시송파푸르지오,106.967,27,2015,103000,0,2026,4,24
송파구,송파동,송파삼성래미안아파트,79.7,2,2001,59000,80,2026,4,25
송파구,잠실동,잠실엘스,84.8,20,2008,100000,85,2026,4,24
송파구,방이동,인택파크랜드,126.79,9,2004,120000,0,2026,4,27
송파구,오금동,삼성,73.59,12,1989,35000,70,2026,4,27
송파구,거여동,e편한세상송파파크센트럴,59.93,6,2021,70000,0,2026,4,11
송파구,가락동,가락미륭아파트,50,13,1986,2000,100,2026,4,23
송파구,장지동,위례아이파크,100.8522,13,2015,86000,0,2026,4,27
송파구,잠실동,트리지움,84.97,6,2007,80000,170,2026,4,25
송파구,잠실동,레이크팰리스,135.82,24,2006,190000,0,2026,4,23
송파구,가락동,헬리오시티,84.98,21,2018,88732,0,2026,4,27
송파구,문정동,힐스테이트e편한세상문정,74.95,7,2024,90000,0,2026,4,25
송파구,잠실동,잠실엘스,84.8,1,2008,80000,130,2026,4,25
송파구,신천동,한신잠실코아,52.51,9,1988,57000,0,2026,4,25
송파구,잠실동,잠실엘스,84.8,20,2008,10000,440,2026,4,27
송파구,문정동,문정대우푸르지오1차,84.86,15,1999,84000,0,2026,4,25
송파구,거여동,거여1단지,59.73,9,1997,56000,0,2026,4,27
송파구,송파동,송파삼성래미안아파트,79.7,9,2001,78750,0,2026,4,18
송파구,문정동,문정래미안,84.96,18,2004,81900,0,2026,4,25
송파구,신천동,파크리오,121.63,25,2008,145000,0,2026,4,25
송파구,가락동,래미안파크팰리스,84.924,22,2007,83000,0,2026,4,13
송파구,문정동,올림픽훼밀리타운,84.705,11,1988,6000,170,2026,4,26
송파구,거여동,현대2차,82.96,4,1992,62000,0,2026,4,25
송파구,가락동,대림,99.38,2,1988,80000,0,2026,4,22
송파구,잠실동,리센츠,84.99,8,2008,140000,0,2026,4,27
송파구,잠실동,주공아파트 5단지,82.61,5,1978,62000,0,2026,4,27
송파구,잠실동,레이크팰리스,59.97,23,2006,110000,0,2026,4,25
송파구,가락동,헬리오시티,84.99,23,2018,30000,360,2026,4,10
송파구,잠실동,잠실엘스,84.8,18,2008,40000,330,2026,4,17
송파구,거여동,거여4단지,59.73,3,1997,54000,0,2026,4,27
송파구,문정동,문정가락현대1차,84.98,3,1984,10000,50,2026,4,25
송파구,가락동,헬리오시티,59.96,9,2018,20000,320,2026,4,4
송파구,잠실동,리센츠,84.99,9,2008,126000,0,2026,4,27
송파구,오금동,송파호반베르디움더퍼스트,101.4632,14,2018,95000,0,2026,4,18
송파구,거여동,현대1차,84.64,6,1992,47000,0,2026,4,26
송파구,잠실동,리센츠,84.99,22,2008,139000,0,2026,4,25
송파구,문정동,문정래미안,120.97,13,2004,30000,260,2026,4,25
송파구,오금동,송파더플래티넘,106.24,14,2024,10000,70,2026,4,24
송파구,방이동,올림픽선수기자촌1단지,83.06,20,1988,50000,165,2026,4,24
송파구,거여동,송파시그니처롯데캐슬,59.98,26,2021,80000,0,2026,4,22
송파구,문정동,올림픽훼밀리타운,84.751,8,1988,10000,196,2026,4,14
송파구,가락동,쌍용스윗닷홈(104동),122.43,9,2005,91300,0,2026,4,1
송파구,송파동,래미안송파파인탑,71.58,15,2012,80850,0,2026,4,23
송파구,신천동,파크리오,84.9,36,2008,10000,350,2026,4,25
송파구,문정동,현대2,84.96,7,1995,60000,20,2026,4,24
송파구,방이동,올림픽선수기자촌2단지,148.77,8,1988,125000,0,2026,4,1
송파구,방이동,코오롱아파트,84.95,9,1991,68250,0,2026,4,24
송파구,거여동,송파시그니처롯데캐슬,84.98,21,2021,72450,0,2026,4,24
송파구,가락동,가락(1차)쌍용아파트,59.92,4,1997,73000,0,2026,4,18
송파구,가락동,한화오벨리스크,48.8,22,2004,30000,15,2026,4,25
송파구,잠실동,잠실엘스,84.97,2,2008,99200,0,2026,4,25
송파구,거여동,송파위례리슈빌,111.5354,9,2021,50000,165,2026,4,25
송파구,잠실동,잠실엘스,84.8,18,2008,20000,390,2026,4,25
송파구,거여동,e편한세상송파파크센트럴,59.94,4,2021,25000,162,2026,4,24
송파구,잠실동,리센츠,27.68,23,2008,70000,0,2026,4,25
송파구,장지동,위례24단지(꿈에그린),51.77,13,2013,30000,80,2026,4,24
송파구,송파동,금강KCC,84.7,3,2003,40000,165,2026,4,25
송파구,장지동,위례포레샤인23단지,49.48,3,2017,9642,15,2026,4,25
송파구,거여동,현대1차,84.91,9,1992,60000,0,2026,4,9
송파구,문정동,문정그린,71.93,5,2001,47200,0,2026,4,27
송파구,거여동,송파시그니처롯데캐슬,84.98,18,2021,70300,0,2026,4,26
송파구,잠실동,잠실엘스,59.96,21,2008,10000,327,2026,4,25
송파구,거여동,거여1단지,39.6,9,1997,21000,0,2026,4,13
송파구,거여동,송파시그니처롯데캐슬,84.98,9,2021,88000,0,2026,4,22
송파구,장지동,위례2차아이파크,90.8877,3,2016,80000,35,2026,4,24
송파구,문정동,올림픽훼밀리타운,84.751,6,1988,80000,0,2026,4,17
송파구,오금동,송파더플래티넘,52.6,3,2024,47250,0,2026,4,18
송파구,마천동,송파파크데일2단지,59.91,8,2011,5576,38,2026,4,24
송파구,신천동,더샵스타리버,171.53,7,2006,114500,0,2026,4,23
송파구,잠실동,잠실엘스,119.93,18,2008,189000,0,2026,4,9
송파구,가락동,헬리오시티,59.96,1,2018,95000,0,2026,4,24
송파구,가락동,헬리오시티,84.99,10,2018,118000,0,2026,4,24
송파구,신천동,파크리오,121.63,11,2008,140000,0,2026,4,24
송파구,문정동,힐스테이트e편한세상문정,59.94,11,2024,20000,210,2026,4,8
송파구,가락동,헬리오시티,59.96,9,2018,10000,325,2026,4,18
송파구,가락동,우성,127.75,1,1986,81000,0,2026,4,24
송파구,신천동,파크리오,84.79,18,2008,75000,120,2026,4,24
송파구,가락동,가락3차쌍용스윗닷홈(103동),84.94,3,2005,87000,0,2026,4,6
송파구,문정동,문정대우푸르지오1차,59.84,9,1999,30000,100,2026,4,21
송파구,문정동,문정시영,39.69,9,1989,27000,0,2026,4,23
송파구,장지동,송파파인타운7단지,49.93,11,2007,3907,28,2026,4,24
송파구,잠실동,주공아파트 5단지,82.61,14,1978,52500,0,2026,4,17
송파구,가락동,우성,58.46,7,1986,45150,0,2026,4,6
송파구,신천동,파크리오,121.63,18,2008,139000,0,2026,4,11
송파구,잠실동,잠실엘스,84.8,19,2008,125000,0,2026,4,24
송파구,가락동,헬리오시티,84.99,12,2018,20000,400,2026,4,20
송파구,신천동,장미1,82.45,5,1979,63000,0,2026,4,18
송파구,장지동,송파파인타운8단지,39.99,1,2008,2961,25,2026,4,24
송파구,가락동,보보스하우스B,33.71,6,2001,8000,25,2026,4,14
송파구,거여동,송파시그니처롯데캐슬,84.98,8,2021,73500,0,2026,4,23
송파구,문정동,문정래미안,133.29,10,2004,70000,100,2026,4,23
송파구,오금동,송파두산위브,84.9703,4,2019,73500,0,2026,4,15
송파구,잠실동,LH서울잠실행복주택,26.25,2,2022,15582,15,2026,4,24
송파구,장지동,위례포레샤인23단지,39.79,3,2017,4261,26,2026,4,24
송파구,가락동,에스아이팰리스송파포레,36.64,13,2023,1000,225,2026,4,6
송파구,거여동,위례포레샤인13단지,59.31,17,2020,7252,39,2026,4,23
송파구,장지동,송파파인타운8단지,39.99,4,2008,2961,25,2026,4,24
송파구,풍납동,신성노바빌아파트,84.96,15,2000,40000,145,2026,4,23
송파구,가락동,극동,59.4,3,1984,18000,65,2026,4,22
송파구,가락동,가락3차쌍용스윗닷홈(103동),84.94,9,2005,70613,0,2026,4,21
송파구,장지동,송파파인타운9단지,39.99,8,2007,5229,11,2026,4,24
송파구,마천동,송파파크데일1단지,49.63,8,2011,1806,38,2026,4,22
송파구,장지동,송파파인타운8단지,39.99,6,2008,2961,25,2026,4,24
송파구,마천동,송파파크데일1단지,59.91,4,2011,5365,36,2026,4,23
송파구,거여동,위례포레샤인13단지,59.83,8,2020,7252,39,2026,4,24
송파구,오금동,영풍,68.06,7,1998,54000,0,2026,4,23
송파구,장지동,송파파인타운7단지,49.93,5,2007,3907,28,2026,4,23
송파구,장지동,송파파인타운10단지,59.92,4,2007,5565,36,2026,4,23
송파구,장지동,송파파인타운5단지,49.91,17,2008,4715,30,2026,4,23
송파구,문정동,올림픽훼밀리타운,84.705,15,1988,70000,0,2026,4,22
송파구,가락동,가락미륭아파트,64.26,11,1986,1000,100,2026,4,23
송파구,장지동,송파파인타운11단지,59.96,4,2007,5440,36,2026,4,22
송파구,장지동,송파파인타운6단지,59.95,13,2008,4958,34,2026,4,23
송파구,장지동,송파파인타운4단지,59.67,8,2008,6107,37,2026,4,23
송파구,장지동,송파파인타운8단지,59.95,17,2008,4958,34,2026,4,23
송파구,장지동,송파파인타운5단지,49.91,10,2008,4715,30,2026,4,22
송파구,마천동,송파파크데일2단지,59.91,12,2011,5576,38,2026,4,23
송파구,마천동,송파파크데일1단지,59.91,12,2011,5365,36,2026,4,23
송파구,신천동,파크리오,84.79,2,2008,107000,0,2026,4,3
송파구,가락동,가락(1차)쌍용아파트,59.92,20,1997,55000,100,2026,4,23
송파구,장지동,송파파인타운11단지,59.96,2,2007,5440,36,2026,4,23
송파구,장지동,송파파인타운8단지,59.95,5,2008,4958,34,2026,4,22
송파구,오금동,송파레미니스2단지,59.85,12,2018,2860,49,2026,4,22
송파구,장지동,송파파인타운10단지,59.96,11,2007,5565,36,2026,4,23
송파구,장지동,송파파인타운6단지,59.95,6,2008,4958,34,2026,4,22
송파구,방이동,올림픽선수기자촌1단지,83.06,20,1988,10000,220,2026,4,20
송파구,잠실동,잠실엘스,84.8,21,2008,130000,0,2026,4,22
송파구,장지동,송파파인타운8단지,39.99,11,2008,2961,25,2026,4,23
송파구,송파동,송파삼성래미안아파트,105.99,2,2001,115000,0,2026,4,21
송파구,마천동,송파파크데일2단지,49.63,6,2011,4636,33,2026,4,23
송파구,마천동,송파파크데일1단지,59.91,11,2011,5365,36,2026,4,22
송파구,마천동,송파파크데일1단지,59.91,9,2011,5365,36,2026,4,22
송파구,신천동,한신잠실코아,52.51,6,1988,15000,160,2026,4,23
송파구,잠실동,잠실엘스,59.96,6,2008,112000,0,2026,4,21
송파구,마천동,송파파크데일2단지,49.6,1,2011,4636,33,2026,4,23
송파구,마천동,송파파크데일2단지,49.6,2,2011,4636,33,2026,4,22
송파구,오금동,송파호반베르디움더퍼스트,101.4632,2,2018,100000,0,2026,4,22
송파구,송파동,래미안송파파인탑,87.01,16,2012,94000,0,2026,4,16
송파구,오금동,오금아르미안,82.88,4,2003,45000,0,2026,4,23
송파구,가락동,우성,43.79,4,1986,10000,121,2026,4,6
송파구,마천동,송파파크데일2단지,49.6,6,2011,4636,33,2026,4,23
송파구,문정동,올림픽훼밀리타운,84.751,7,1988,85000,0,2026,4,22
송파구,잠실동,트리지움,59.88,24,2007,98000,33,2026,4,6
송파구,장지동,위례포레샤인23단지,39.79,8,2017,1704,31,2026,4,22
송파구,문정동,문정가락현대1차,123.61,7,1984,45000,0,2026,4,23
송파구,거여동,e편한세상송파파크센트럴,84.95,8,2021,70000,0,2026,4,23
송파구,거여동,송파시그니처롯데캐슬,59.98,16,2021,40000,150,2026,4,22
송파구,장지동,송파파인타운8단지,39.99,3,2008,2961,25,2026,4,23
송파구,잠실동,주공아파트 5단지,82.51,9,1978,5000,205,2026,4,23
송파구,석촌동,석촌호수효성해링턴타워,15.8307,13,2015,1000,95,2026,4,22
송파구,장지동,위례포레샤인23단지,49.48,9,2017,9642,15,2026,4,23
송파구,방이동,올림픽선수기자촌2단지,83.06,23,1988,60000,64,2026,4,17
송파구,가락동,송파동부쎈트레빌,84.98,9,2004,86000,0,2026,4,11
송파구,장지동,송파파인타운9단지,39.99,8,2007,5229,11,2026,4,23
송파구,마천동,송파파크데일1단지,59.91,11,2011,5365,36,2026,4,23
송파구,문정동,문정시영,35.46,4,1989,5500,47,2026,4,23
송파구,신천동,파크리오,84.9,30,2008,116000,0,2026,4,21
송파구,거여동,거여3단지,39.248,2,2000,3817,14,2026,4,23
송파구,잠실동,트리지움,84.97,25,2007,60000,210,2026,4,22
송파구,장지동,송파파인타운3단지,84.98,5,2008,80000,0,2026,4,20
송파구,거여동,거여3단지,39.248,4,2000,3648,9,2026,4,23
송파구,마천동,송파파크데일1단지,59.91,7,2011,5365,36,2026,4,22
송파구,마천동,송파파크데일1단지,59.91,11,2011,5365,36,2026,4,23
송파구,신천동,파크리오,84.97,3,2008,110000,0,2026,4,23
송파구,장지동,송파더센트레,51.77,4,2013,61000,0,2026,4,23
송파구,잠실동,아시아선수촌아파트,151.008,2,1986,115000,0,2026,4,23
송파구,가락동,헬리오시티,84.99,2,2018,105000,0,2026,4,15
송파구,신천동,파크리오,35.24,15,2008,5000,175,2026,4,1
송파구,신천동,한신잠실코아,59.85,9,1988,58000,0,2026,4,20
송파구,가락동,헬리오시티,84.98,7,2018,40000,300,2026,4,22
송파구,장지동,송파파인타운7단지,49.93,7,2007,3907,28,2026,4,23
송파구,거여동,현대1차,74.83,6,1992,62000,0,2026,4,13
송파구,가락동,헬리오시티,39.86,6,2018,65000,40,2026,4,22
송파구,가락동,래미안파크팰리스,59.968,15,2007,50000,0,2026,4,18
송파구,거여동,거여6단지,39.15,3,1997,1192,15,2026,4,23
송파구,신천동,장미2,82.45,9,1979,59850,0,2026,4,16
송파구,장지동,송파파인타운9단지,39.99,4,2007,2860,24,2026,4,22
송파구,잠실동,리센츠,84.99,28,2008,150000,0,2026,4,22
송파구,신천동,파크리오,59.64,9,2008,60000,170,2026,4,22
송파구,오금동,송파더플래티넘,106.24,9,2024,20000,213,2026,4,20
송파구,장지동,송파파인타운2단지,49.84,9,2008,4715,30,2026,4,22
송파구,가락동,대림,68.78,3,1988,53550,0,2026,4,17
송파구,방이동,올림픽선수기자촌3단지,135.99,11,1988,150000,0,2026,4,21
송파구,신천동,파크리오,84.9,15,2008,120000,0,2026,4,22
송파구,방이동,올림픽선수기자촌1단지,100.82,11,1988,95000,0,2026,4,22
송파구,마천동,송파파크데일2단지,59.91,13,2011,5576,38,2026,4,22
송파구,마천동,송파파크데일2단지,49.63,15,2011,4636,33,2026,4,22
송파구,문정동,문정시영,39.69,2,1989,13000,50,2026,4,5
송파구,장지동,송파파인타운9단지,59.95,2,2007,5187,36,2026,4,22
송파구,장지동,송파파인타운4단지,59.67,4,2008,6107,37,2026,4,22
송파구,방이동,올림픽선수기자촌3단지,83.06,17,1988,30000,160,2026,4,18
송파구,가락동,헬리오시티,110.66,24,2018,170000,0,2026,4,22
송파구,마천동,금호어울림,84.96,11,2006,57000,0,2026,4,18
송파구,장지동,송파파인타운8단지,59.97,1,2008,20000,130,2026,4,16
송파구,가락동,성원상떼빌,99.6,3,2006,10000,280,2026,4,21
송파구,마천동,송파파크데일2단지,49.6,3,2011,4636,33,2026,4,22
송파구,마천동,송파파크데일2단지,59.91,13,2011,5576,38,2026,4,22
송파구,마천동,송파파크데일2단지,49.63,10,2011,4636,33,2026,4,22
송파구,풍납동,동아한가람1,84.38,5,1995,75000,0,2026,4,18
송파구,석촌동,석촌호수효성해링턴타워,15.8307,20,2015,24000,0,2026,4,22
송파구,거여동,거여5단지,59.74,7,1997,40000,0,2026,4,9
송파구,가락동,대림,99.38,8,1988,79000,0,2026,4,22
송파구,장지동,송파파인타운8단지,59.95,13,2008,1983,40,2026,4,22
송파구,장지동,송파파인타운10단지,49.93,8,2007,2018,35,2026,4,22
송파구,장지동,송파파인타운2단지,49.77,6,2008,4715,30,2026,4,22
송파구,가락동,우성,43.79,14,1986,5000,130,2026,4,22
송파구,마천동,송파파크데일2단지,59.91,12,2011,5576,38,2026,4,22
송파구,마천동,송파파크데일1단지,49.63,3,2011,4516,32,2026,4,22
송파구,잠실동,리센츠,27.68,6,2008,66000,0,2026,4,21
송파구,장지동,송파파인타운9단지,39.99,7,2007,2860,24,2026,4,22
송파구,가락동,헬리오시티,99.6,8,2018,80000,240,2026,4,22
송파구,장지동,위례포레샤인23단지,49.48,3,2017,6367,33,2026,4,22
송파구,오금동,송파레미니스2단지,49.55,8,2018,5809,33,2026,4,22
송파구,잠실동,리센츠,84.99,26,2008,30000,350,2026,4,15
송파구,거여동,위례포레샤인13단지,59.83,7,2020,7252,39,2026,4,22
송파구,장지동,힐스테이트송파위례,101.8,19,2016,92400,0,2026,4,22
송파구,장지동,송파파인타운7단지,49.93,9,2007,3907,28,2026,4,22
송파구,거여동,삼호아파트,59.79,1,1999,45150,0,2026,4,22
송파구,장지동,송파파인타운2단지,49.77,4,2008,4715,30,2026,4,22
송파구,장지동,송파파인타운10단지,59.92,8,2007,5565,36,2026,4,22
송파구,장지동,위례포레샤인23단지,39.79,4,2017,4261,26,2026,4,22
송파구,가락동,헬리오시티,84.98,12,2018,125000,0,2026,4,22
송파구,거여동,위례포레샤인13단지,59.83,7,2020,2900,48,2026,4,22
송파구,거여동,송파레이크파크호반써밋Ⅱ,108.8119,12,2022,89000,0,2026,4,22
송파구,장지동,위례포레샤인23단지,39.79,8,2017,4261,26,2026,4,22
송파구,장지동,송파파인타운9단지,59.95,14,2007,5187,36,2026,4,22
송파구,가락동,래미안파크팰리스,84.885,3,2007,75000,31,2026,4,22
송파구,장지동,송파파인타운7단지,49.93,8,2007,3907,28,2026,4,22
송파구,장지동,위례신도시송파푸르지오,108.119,11,2015,100000,0,2026,4,22
송파구,장지동,송파파인타운6단지,59.96,4,2008,4958,34,2026,4,22
송파구,문정동,문정시영,39.69,4,1989,5000,100,2026,4,8
송파구,가락동,가락현대투웰브(102동),84.58,9,2005,68250,0,2026,4,18
송파구,가락동,헬리오시티,84.99,13,2018,73500,68,2026,4,18
송파구,장지동,송파파인타운9단지,39.99,7,2007,2860,24,2026,4,22
송파구,마천동,송파파크데일2단지,49.6,5,2011,4636,33,2026,4,22
송파구,마천동,송파파크데일1단지,49.63,7,2011,4516,32,2026,4,22
송파구,장지동,송파파인타운9단지,39.99,12,2007,2860,24,2026,4,22
송파구,잠실동,리센츠,84.99,3,2008,80000,180,2026,4,21
송파구,풍납동,현대리버빌1지구,43.2,11,1999,43000,0,2026,4,20
송파구,잠실동,잠실엘스,84.88,1,2008,10000,400,2026,4,21
송파구,거여동,송파시그니처롯데캐슬,59.98,22,2021,66000,0,2026,4,9
송파구,잠실동,주공아파트 5단지,82.61,2,1978,60000,0,2026,4,21
송파구,가락동,래미안파크팰리스,84.885,14,2007,79000,55,2026,4,18
송파구,가락동,헬리오시티,84.98,29,2018,40000,320,2026,4,16
송파구,오금동,금성리치몬드,83.74,3,2003,30000,30,2026,4,21
송파구,신천동,파크리오,84.97,5,2008,100000,70,2026,4,21
송파구,신천동,파크리오,121.63,3,2008,10000,420,2026,4,21
송파구,가락동,풍림1,59.94,4,1995,38500,21,2026,4,21
송파구,신천동,파크리오,121.63,3,2008,10000,420,2026,4,21
송파구,가락동,헬리오시티,59.96,9,2018,105000,0,2026,4,17
송파구,잠실동,주공아파트 5단지,76.5,7,1978,20000,100,2026,4,21
송파구,거여동,거여1단지,49.8,11,1997,60000,0,2026,4,19
송파구,풍납동,씨티극동1,59.95,2,1998,15000,150,2026,4,1
송파구,신천동,파크리오,59.95,23,2008,30000,250,2026,4,21
송파구,방이동,올림픽선수기자촌1단지,100.82,2,1988,86000,0,2026,4,1
송파구,문정동,문정시영,35.46,6,1989,19000,0,2026,4,21
송파구,장지동,송파와이즈더샵,97.0736,12,2016,60000,160,2026,4,16
송파구,방이동,신동아타워,50.4,12,1995,35000,0,2026,4,21
송파구,가락동,헬리오시티,39.1,21,2018,10000,160,2026,4,11
송파구,잠실동,갤러리아팰리스,123.291,12,2005,20000,530,2026,4,21
송파구,잠실동,리센츠,84.99,13,2008,80000,160,2026,4,18
송파구,문정동,힐스테이트e편한세상문정,74.95,10,2024,10000,300,2026,4,20
송파구,잠실동,주공아파트 5단지,82.61,10,1978,63000,0,2026,4,20
송파구,잠실동,주공아파트 5단지,82.51,5,1978,30000,90,2026,4,20
송파구,문정동,문정래미안,120.97,3,2004,99500,0,2026,4,6
송파구,잠실동,앙시레이크타워,30.9588,5,2020,37000,0,2026,4,20
송파구,오금동,송파더플래티넘,89.07,16,2024,63000,0,2026,4,11
송파구,가락동,대림,68.78,11,1988,65000,0,2026,4,21
송파구,신천동,장미1,99,9,1979,75000,0,2026,4,14
송파구,가락동,래미안파크팰리스,84.885,21,2007,85000,40,2026,4,21
송파구,잠실동,주공아파트 5단지,76.5,15,1978,49300,0,2026,4,15
송파구,잠실동,잠실엘스,84.8,8,2008,10000,400,2026,4,21
송파구,잠실동,잠실엘스,84.8,5,2008,130000,0,2026,4,21
송파구,신천동,파크리오,84.9,12,2008,103000,0,2026,4,8
송파구,잠실동,우성아파트,131.08,5,1981,100000,0,2026,4,17
송파구,가락동,우성,127.75,12,1986,60000,97,2026,4,1
송파구,송파동,한양아파트,64.26,4,1983,16000,100,2026,4,17
송파구,잠실동,리센츠,84.99,4,2008,126000,0,2026,4,21
송파구,가락동,래미안파크팰리스,59.968,7,2007,50000,160,2026,4,21
송파구,장지동,위례중앙푸르지오1단지,84.7809,5,2016,83000,0,2026,4,21
송파구,잠실동,리센츠,84.99,25,2008,5000,410,2026,4,13
송파구,잠실동,잠실엘스,84.8,3,2008,120000,0,2026,4,15
송파구,마천동,송파파크데일1단지,84.86,12,2011,42000,100,2026,4,20
송파구,신천동,한신잠실코아,41.99,1,1988,30000,0,2026,4,17
송파구,잠실동,트리지움,84.83,5,2007,118600,0,2026,4,21
송파구,잠실동,주공아파트 5단지,82.51,5,1978,30000,90,2026,4,16
송파구,가락동,래미안파크팰리스,114.756,21,2007,85000,70,2026,4,21
송파구,장지동,위례포레샤인23단지,39.79,11,2017,6958,11,2026,4,21
송파구,가락동,우성,127.75,12,1986,60000,97,2026,4,1
송파구,장지동,송파파인타운9단지,59.93,14,2007,15397,0,2026,4,21
송파구,오금동,송파레미니스2단지,49.55,18,2018,2454,40,2026,4,20
송파구,장지동,송파파인타운9단지,39.99,11,2007,5919,15,2026,4,20
송파구,가락동,가락금호아파트,59.91,9,1997,45000,80,2026,4,17
송파구,가락동,우성,58.46,11,1986,54000,0,2026,4,17
송파구,가락동,한신1,84.51,4,1993,54408,0,2026,4,18
송파구,거여동,거여3단지,39.248,2,2000,1388,22,2026,4,20
송파구,문정동,동궁리치웰(69-3),72.78,7,2004,53000,10,2026,4,18
송파구,장지동,송파파인타운10단지,59.96,2,2007,69500,0,2026,4,6
송파구,방이동,올림픽선수기자촌2단지,126.18,7,1988,95000,0,2026,4,10
송파구,가락동,헬리오시티,84.99,20,2018,30000,380,2026,4,17
송파구,잠실동,주공아파트 5단지,82.61,4,1978,55000,0,2026,4,20
송파구,잠실동,잠실엘스,59.96,27,2008,60000,166,2026,4,11
송파구,문정동,올림픽훼밀리타운,192.235,15,1988,2000,180,2026,4,16
송파구,풍납동,한강극동,114.76,9,1995,60000,100,2026,4,10
송파구,오금동,리오파크빌,60.97,5,2003,13000,120,2026,4,18
송파구,가락동,헬리오시티,39.12,6,2018,45000,61,2026,4,18
송파구,잠실동,레이크팰리스,59.97,12,2006,31000,112,2026,4,18
송파구,신천동,파크리오,59.95,5,2008,30000,260,2026,4,15
송파구,장지동,위례포레샤인23단지,74.95,7,2017,45937,0,2026,4,20
송파구,송파동,래미안송파파인탑,53.36,18,2012,70000,0,2026,4,18
송파구,오금동,우창,109.72,5,1985,80000,0,2026,4,11
송파구,잠실동,잠실엘스,59.96,26,2008,30000,240,2026,4,11
송파구,장지동,송파파인타운9단지,59.95,6,2007,73000,0,2026,4,19
송파구,문정동,문정가락현대1차,123.61,1,1984,48000,0,2026,4,13
송파구,오금동,송파레미니스2단지,49.55,4,2018,3309,38,2026,4,20
송파구,오금동,대림,125.79,3,1988,78750,0,2026,4,8
송파구,가락동,헬리오시티,39.12,6,2018,43000,150,2026,4,18
송파구,문정동,문정시영,39.69,10,1989,30000,0,2026,4,17
송파구,잠실동,리센츠,84.99,29,2008,10000,440,2026,4,14
송파구,잠실동,잠실엘스,84.88,10,2008,10500,410,2026,4,17
송파구,풍납동,한강극동,114.76,7,1995,60000,52,2026,4,10
송파구,가락동,헬리오시티,49.29,16,2018,88000,0,2026,4,8
송파구,장지동,위례24단지(꿈에그린),51.77,5,2013,50000,50,2026,4,18
송파구,잠실동,리센츠,27.68,14,2008,57750,0,2026,4,18
송파구,잠실동,리센츠,27.68,29,2008,2000,230,2026,4,3
송파구,장지동,송파파인타운3단지,84.98,2,2008,45000,95,2026,4,18
송파구,가락동,가락(1차)쌍용아파트,59.92,20,1997,10000,200,2026,4,11
송파구,문정동,올림픽훼밀리타운,84.705,6,1988,20000,250,2026,4,9
송파구,장지동,위례24단지(꿈에그린),51.77,15,2013,15000,180,2026,4,18
송파구,송파동,한양아파트,137.28,12,1983,6000,250,2026,4,9
송파구,거여동,송파레이크파크호반써밋Ⅰ,108.8119,3,2022,85000,0,2026,4,16
송파구,방이동,올림픽선수기자촌3단지,100.31,9,1988,63000,0,2026,4,18
송파구,잠실동,잠실엘스,84.8,19,2008,135000,0,2026,4,11
송파구,석촌동,석촌호수효성해링턴타워,15.8307,6,2015,20000,15,2026,4,18
송파구,가락동,가락(1차)쌍용아파트,59.92,15,1997,10000,180,2026,4,18
송파구,가락동,극동,59.4,10,1984,45000,0,2026,4,18
송파구,잠실동,리센츠,84.99,20,2008,50000,240,2026,4,11
송파구,잠실동,트리지움,59.88,20,2007,94500,0,2026,4,18
송파구,오금동,대림,125.79,15,1988,81900,0,2026,4,13
송파구,풍납동,동아한가람1,84.38,5,1995,75000,0,2026,4,18
송파구,잠실동,리센츠,27.68,28,2008,20000,130,2026,4,11
송파구,풍납동,현대1,83.02,16,1995,59850,0,2026,4,20
송파구,장지동,송파파인타운11단지,84.94,4,2007,67200,0,2026,4,18
송파구,거여동,거여5단지,59.74,8,1997,44000,0,2026,4,18
송파구,장지동,위례24단지(꿈에그린),51.77,15,2013,52815,0,2026,4,18
송파구,장지동,위례24단지(꿈에그린),51.77,3,2013,58500,0,2026,4,18
송파구,장지동,송파더센트레,59.96,1,2013,50000,100,2026,4,18
송파구,가락동,헬리오시티,59.96,10,2018,100000,0,2026,4,20
송파구,방이동,올림픽선수기자촌2단지,83.06,16,1988,78750,0,2026,4,4
송파구,잠실동,잠실엘스,59.96,1,2008,84000,0,2026,4,4
송파구,잠실동,잠실엘스,84.8,17,2008,120000,0,2026,4,19
송파구,장지동,송파와이즈더샵,96.9356,1,2016,80000,60,2026,4,17
송파구,장지동,송파와이즈더샵,97.3992,6,2016,50000,160,2026,4,17
송파구,방이동,한양3,84.92,12,1985,57000,0,2026,4,18
송파구,가락동,헬리오시티,84.98,26,2018,90000,140,2026,4,18
송파구,오금동,상아2차아파트,50.72,8,1988,50000,0,2026,4,4
송파구,가락동,헬리오시티,59.96,16,2018,75000,140,2026,4,18
송파구,잠실동,리센츠,84.99,26,2008,140000,0,2026,4,9
송파구,거여동,거여6단지,39.15,14,1997,2717,6,2026,4,17
송파구,오금동,상아2차아파트,84.98,4,1988,25000,120,2026,4,13
송파구,가락동,헬리오시티,84.99,12,2018,105000,0,2026,4,17
송파구,신천동,파크리오,35.24,23,2008,52500,0,2026,4,16
송파구,잠실동,리센츠,27.68,5,2008,70000,0,2026,4,17
송파구,문정동,문정래미안,120.97,9,2004,94500,0,2026,4,17
송파구,잠실동,리센츠,84.99,3,2008,70000,200,2026,4,15
송파구,장지동,위례2차아이파크,115.6488,10,2016,99000,0,2026,4,17
송파구,가락동,성원상떼빌,112.24,20,2006,90000,0,2026,4,16
송파구,장지동,위례2차아이파크,90.0588,20,2016,90000,0,2026,4,11
송파구,잠실동,리센츠,27.68,3,2008,10000,230,2026,4,11
송파구,송파동,송파센텀레이크,67.8257,3,2024,74500,0,2026,4,11
송파구,가락동,헬리오시티,84.98,27,2018,80000,63,2026,4,17
송파구,송파동,미성맨션,169.44,13,1985,50000,185,2026,4,16
송파구,잠실동,리센츠,124.22,25,2008,205000,0,2026,4,17
송파구,풍납동,현대1,71.17,13,1995,56170,0,2026,4,17
송파구,가락동,래미안파크팰리스,84.885,7,2007,102000,0,2026,4,16
송파구,오금동,상아2차아파트,84.98,4,1988,25000,120,2026,4,13
송파구,방이동,올림픽선수기자촌2단지,83.06,17,1988,71400,0,2026,4,17
송파구,가락동,헬리오시티,84.98,3,2018,107000,0,2026,4,17
송파구,잠실동,아시아선수촌아파트,99.385,6,1986,94500,0,2026,4,17
송파구,거여동,송파레이크파크호반써밋Ⅱ,108.8119,14,2022,86000,0,2026,4,17
송파구,가락동,래미안파크팰리스,84.924,10,2007,20000,320,2026,4,17
송파구,방이동,올림픽선수기자촌1단지,83.06,10,1988,10000,310,2026,4,16
송파구,잠실동,잠실엘스,84.8,10,2008,120000,0,2026,4,17
송파구,잠실동,트리지움,149.45,23,2007,40000,520,2026,4,17
송파구,잠실동,리센츠,59.99,16,2008,111000,0,2026,4,17
송파구,문정동,올림픽훼밀리타운,84.751,6,1988,80000,0,2026,4,17
송파구,잠실동,주공아파트 5단지,82.51,5,1978,30000,90,2026,4,16
송파구,방이동,올림픽선수기자촌3단지,83.06,4,1988,20000,280,2026,4,8
송파구,신천동,파크리오,121.63,21,2008,50000,340,2026,4,4
송파구,문정동,문정가락현대1차,84.98,1,1984,20000,66,2026,4,17
송파구,장지동,위례24단지(꿈에그린),84.96,20,2013,50000,114,2026,4,11
송파구,잠실동,리센츠,84.99,11,2008,115000,22,2026,4,17
송파구,잠실동,잠실엘스,119.93,26,2008,120000,0,2026,4,9
송파구,송파동,송정,77.4,2,2002,20000,160,2026,4,17
송파구,장지동,송파더센트레,51.77,15,2013,49600,0,2026,4,17
송파구,신천동,파크리오,84.9,13,2008,55000,200,2026,4,13
송파구,잠실동,아시아선수촌아파트,134.485,7,1986,126000,0,2026,4,8
송파구,풍납동,신성노바빌아파트,84.96,12,2000,73000,0,2026,4,4
송파구,잠실동,트리지움,84.97,4,2007,70000,120,2026,4,4
송파구,장지동,위례포레샤인23단지,74.95,7,2017,45937,0,2026,4,16
송파구,오금동,송파호반베르디움더퍼스트,101.4632,10,2018,80000,90,2026,4,4
송파구,장지동,송파와이즈더샵,97.1662,14,2016,85000,0,2026,4,16
송파구,잠실동,트리지움,84.97,31,2007,60000,149,2026,4,16
송파구,거여동,거여1단지,49.8,6,1997,39900,0,2026,4,4
송파구,송파동,송파센텀레이크,71.2734,4,2024,45000,0,2026,4,17
송파구,잠실동,레이크팰리스,84.82,1,2006,30000,310,2026,4,16
송파구,오금동,대림,125.79,8,1988,84000,0,2026,4,17
송파구,방이동,올림픽선수기자촌3단지,135.99,7,1988,110000,0,2026,4,15
송파구,장지동,송파파인타운2단지,49.77,13,2008,9583,26,2026,4,16
송파구,오금동,우창,132.86,9,1985,50000,120,2026,4,11
송파구,신천동,한빛웰리스,188.1,19,1996,120000,0,2026,4,16
송파구,문정동,올림픽훼밀리타운,117.585,5,1988,78750,0,2026,4,3
송파구,가락동,헬리오시티,49.21,29,2018,10000,310,2026,4,16
송파구,문정동,문정래미안,84.96,1,2004,71400,0,2026,4,11
송파구,송파동,래미안송파파인탑,64.66,20,2012,90000,0,2026,4,15
송파구,방이동,올림픽선수기자촌2단지,83.06,4,1988,81900,0,2026,4,16
송파구,장지동,위례24단지(꿈에그린),59.66,9,2013,10000,275,2026,4,16
송파구,거여동,송파시그니처롯데캐슬,84.98,21,2021,50000,200,2026,4,12
송파구,문정동,인택,84.99,8,2002,45000,66,2026,4,4
송파구,문정동,올림픽훼밀리타운,84.751,1,1988,35000,80,2026,4,14
송파구,풍납동,잠실올림픽공원아이파크,109.98,11,2019,130000,0,2026,4,16
송파구,가락동,헬리오시티,110.66,21,2018,133000,0,2026,4,16
송파구,가락동,헬리오시티,39.1,16,2018,5000,280,2026,4,16
송파구,장지동,위례포레샤인23단지,74.95,20,2017,45937,0,2026,4,16
송파구,잠실동,잠실엘스,84.8,6,2008,15000,390,2026,4,15
송파구,풍납동,동아한가람1,84.38,8,1995,27000,200,2026,4,15
송파구,신천동,잠실푸르지오월드마크,112.25,38,2013,10000,600,2026,4,16
송파구,거여동,거여6단지,39.15,4,1997,2646,7,2026,4,16
송파구,잠실동,잠실엘스,84.8,19,2008,120000,0,2026,4,11
송파구,방이동,올림픽선수기자촌2단지,128.97,1,1988,45000,420,2026,4,11
송파구,신천동,파크리오,59.86,1,2008,15000,300,2026,4,16
송파구,잠실동,잠실엘스,84.8,19,2008,120000,0,2026,4,11
송파구,오금동,상아2차아파트,50.72,7,1988,40000,0,2026,4,11
송파구,풍납동,현대리버빌1지구,84.95,1,1999,80000,0,2026,4,15
송파구,장지동,송파파인타운3단지,84.94,7,2008,68250,0,2026,4,16
송파구,잠실동,잠실엘스,84.8,19,2008,120000,0,2026,4,16
송파구,가락동,헬리오시티,110.66,1,2018,10000,560,2026,4,15
송파구,신천동,한신잠실코아,59.85,4,1988,55000,0,2026,4,8
송파구,송파동,한양아파트,137.1,10,1983,85000,0,2026,4,11
송파구,마천동,송파파크데일2단지,84.13,7,2011,32393,0,2026,4,15
송파구,마천동,송파파크데일1단지,49.63,11,2011,1907,37,2026,4,15
송파구,거여동,위례포레샤인13단지,39.76,3,2020,4258,27,2026,4,16
송파구,거여동,거여1단지,49.8,10,1997,3000,130,2026,4,12
송파구,풍납동,동아한가람1,84.38,9,1995,60900,0,2026,4,15
송파구,마천동,마천동금호타운1,84.92,1,1998,50000,0,2026,4,15
송파구,마천동,송파파크데일1단지,49.63,14,2011,5108,29,2026,4,15
강동구,둔촌동,현대3,69.3,3,1988,50000,0,2026,4,4
강동구,명일동,명일지에스아파트,59.79,11,1999,20000,120,2026,4,7
강동구,명일동,명일지에스아파트,59.79,11,1999,20000,120,2026,4,7
강동구,명일동,명일지에스아파트,59.79,11,1999,20000,120,2026,4,7
강동구,길동,이편한세상강동에코포레,59.97,8,2020,52500,0,2026,4,7
강동구,고덕동,아남1,50.2,6,1996,30900,15,2026,4,25
강동구,천호동,e편한세상강동프레스티지원,84.75,3,2026,87000,0,2026,4,25
강동구,고덕동,래미안힐스테이트고덕,84.94,19,2016,78700,0,2026,4,18
강동구,명일동,삼익그린2차,107.56,10,1983,68000,0,2026,4,18
강동구,상일동,고덕자이,59.9398,5,2021,77000,0,2026,4,18
강동구,성내동,SM엘루이,28.45,10,2019,29400,6,2026,4,16
강동구,성내동,라움포레,59.1,4,2020,20000,180,2026,4,16
강동구,암사동,현대홈타운,84.98,10,2004,75000,0,2026,4,4
강동구,고덕동,래미안힐스테이트고덕,59.23,33,2016,50000,100,2026,4,4
강동구,명일동,한양,84.92,11,1986,52500,0,2026,4,4
강동구,고덕동,래미안힐스테이트고덕,59.35,33,2016,76500,0,2026,4,4
강동구,명일동,래미안솔베뉴,59.11,18,2019,65000,60,2026,4,7
강동구,길동,강동헤리티지자이,59.98,18,2024,51450,0,2026,4,25
강동구,명일동,현대(명일),57.09,5,1988,37800,0,2026,4,19
강동구,길동,다성이즈빌(주상복합),39.92,11,2015,1000,100,2026,4,18
강동구,고덕동,고덕센트럴푸르지오,59.14,10,2020,70000,0,2026,4,4
강동구,길동,강동큐브(2차),15.12,13,2013,700,57,2026,4,28
강동구,암사동,선사현대아파트,72.85,1,2000,66000,0,2026,4,25
강동구,강일동,강일리버파크5단지,49.9,10,2009,7119,11,2026,4,22
강동구,강일동,강일리버파크4단지,49.9,15,2009,7119,11,2026,4,22
강동구,고덕동,래미안힐스테이트고덕,59.35,10,2016,78000,0,2026,4,4
강동구,상일동,고덕아르테온,59.98,13,2020,80000,0,2026,4,11
강동구,성내동,씨제이나인,84.79,14,2006,55000,0,2026,4,18
강동구,강일동,강동리버스트7단지,39.92,7,2021,6449,10,2026,4,22
강동구,강일동,힐스테이트리슈빌강일,84.6505,1,2023,40000,50,2026,4,28
강동구,길동,청광플러스원큐브2차,14.495,7,2013,500,58,2026,4,14
강동구,강일동,강일리버파크5단지,49.9,6,2009,4157,28,2026,4,22
강동구,강일동,강일리버파크9단지,59.92,8,2009,8646,13,2026,4,22
강동구,고덕동,래미안힐스테이트고덕,59.96,17,2016,75000,0,2026,4,11
강동구,천호동,강동이루미아파트,84.85,2,2005,58000,0,2026,4,25
강동구,길동,다성이즈빌(349-1),17.2,4,2012,1000,60,2026,4,7
강동구,천호동,하이브2,13.5,7,2013,13700,12,2026,4,5
강동구,강일동,고덕리엔파크2단지,84.83,10,2011,70000,0,2026,4,18
강동구,길동,K＆GTower,15.521,3,2013,1000,54,2026,4,27
강동구,길동,강동헤리티지자이,59.98,26,2024,49350,0,2026,4,19
강동구,길동,강동와이시티,13.97,8,2014,500,55,2026,4,25
강동구,강일동,강동리버스트7단지,29.35,3,2021,768,21,2026,4,22
강동구,길동,강동큐브(2차),15.12,10,2013,1000,55,2026,4,11
강동구,길동,도고하임,18.81,17,2014,500,74,2026,4,7
강동구,길동,강동큐브(2차),15.12,11,2013,500,68,2026,4,7
강동구,강일동,강일리버파크6단지,59.87,3,2009,7898,19,2026,4,23
강동구,강일동,강동리버스트8단지,59.97,22,2021,19000,164,2026,4,17
강동구,강일동,강동리버스트4단지,29.44,9,2020,1921,19,2026,4,22
강동구,명일동,원일타워,21.48,10,2020,2000,93,2026,4,16
강동구,고덕동,래미안힐스테이트고덕,59.35,21,2016,35000,160,2026,4,8
강동구,고덕동,래미안힐스테이트고덕,59.35,21,2016,35000,160,2026,4,8
강동구,강일동,강동리버스트4단지,39.65,9,2020,1482,31,2026,4,23
강동구,성내동,천호역효성해링턴타워,16.09,6,2023,5990,43,2026,4,14
강동구,둔촌동,라이프101동(544)102동(544-1),84.6,2,1993,25000,140,2026,4,4
강동구,암사동,중앙하이츠,59.52,5,1998,5000,150,2026,4,24
강동구,암사동,한강현대,59.94,11,1999,36000,50,2026,4,30
강동구,강일동,강일리버파크5단지,49.9,13,2009,6137,17,2026,4,22
강동구,길동,강동헤리티지자이,59.98,17,2024,57750,0,2026,4,18
강동구,강일동,강일리버파크3단지,39.9,8,2009,1220,28,2026,4,22
강동구,둔촌동,둔촌푸르지오,113.67,3,2010,72450,0,2026,4,27
강동구,강일동,강일리버파크5단지,49.9,6,2009,2000,32,2026,4,22
강동구,강일동,강일리버파크5단지,49.9,4,2009,2157,32,2026,4,22
강동구,길동,강동헤리티지자이,59.98,6,2024,20000,220,2026,4,30
강동구,성내동,중앙,165.28,4,1992,65000,0,2026,4,19
강동구,상일동,고덕센트럴IPARK,59.97,26,2019,62000,0,2026,4,22
강동구,명일동,삼익그린2차,84.755,5,1983,51000,40,2026,4,25
강동구,상일동,고덕아르테스미소지움,84.96,4,2022,87000,0,2026,4,10
강동구,상일동,고덕아르테온,84.97,15,2020,10000,320,2026,4,16
강동구,암사동,대은팰리스뷰(102),84.9,5,2007,8000,170,2026,4,28
강동구,성내동,에스케이허브진,33.71,11,2004,3000,100,2026,4,29
강동구,길동,강동큐브(2차),14.32,13,2013,500,60,2026,4,29
강동구,명일동,현대(고덕),84.91,13,1986,65000,0,2026,4,18
강동구,강일동,강일리버파크3단지,84.53,3,2009,17000,100,2026,4,25
강동구,강일동,강일리버파크5단지,49.9,10,2009,7119,11,2026,4,23
강동구,천호동,래미안강동팰리스,59.98,8,2017,74500,0,2026,4,25
강동구,강일동,강동리버스트6단지,49.86,4,2021,9010,13,2026,4,22
강동구,강일동,강일리버파크5단지,49.9,4,2009,7119,11,2026,4,22
강동구,강일동,강동리버스트4단지,39.65,4,2020,2005,30,2026,4,22
강동구,강일동,힐스테이트리슈빌강일,101.3957,8,2023,63000,0,2026,4,25
강동구,강일동,고덕리엔파크1단지,84.87,1,2011,49000,0,2026,4,30
강동구,길동,광남아파트102동,84.98,5,2003,55000,0,2026,4,14
강동구,암사동,현대홈타운,84.98,2,2004,65000,0,2026,4,22
강동구,강일동,강동리버스트7단지,49.36,8,2021,2176,40,2026,4,22
강동구,길동,이편한세상강동에코포레,59.97,17,2020,65000,0,2026,4,11
강동구,상일동,중앙하이츠,59.94,6,1992,39000,0,2026,4,28
강동구,강일동,강일리버파크3단지,39.9,6,2009,2552,25,2026,4,22
강동구,명일동,중앙,84.86,7,2001,7000,215,2026,4,13
강동구,상일동,고덕롯데캐슬베네루체,84.923,12,2019,10000,300,2026,4,27
강동구,고덕동,고덕그라시움,84.244,4,2019,105000,0,2026,4,24
강동구,강일동,강일리버파크9단지,59.87,5,2009,2066,39,2026,4,22
강동구,강일동,고덕리엔파크2단지,49.92,13,2011,7778,13,2026,4,16
강동구,명일동,삼환,84.93,2,1992,51000,0,2026,4,13
강동구,길동,경지Arium,14.12,7,2019,17000,30,2026,4,21
강동구,고덕동,고덕그라시움,59.785,13,2019,25000,0,2026,4,20
강동구,강일동,강일리버파크10단지,59.87,4,2009,2980,36,2026,4,22
강동구,강일동,힐스테이트리슈빌강일,101.7074,9,2023,85000,0,2026,4,19
강동구,고덕동,고덕센트럴푸르지오,59.09,34,2020,60000,40,2026,4,24
강동구,성내동,천호역효성해링턴타워,33.28,7,2023,11570,66,2026,4,16
강동구,고덕동,고덕그라시움,84.046,20,2019,40000,250,2026,4,11
강동구,명일동,래미안솔베뉴,59.11,8,2019,68250,0,2026,4,27
강동구,성내동,늘조은,65.06,3,2003,33600,60,2026,4,28
강동구,길동,강동역에스케이허브,59.66,9,2006,10000,150,2026,4,20
강동구,길동,현대웰하임(101동),16.959,6,2012,5000,23,2026,4,10
강동구,길동,청광플러스원큐브3차,13.265,18,2014,2000,45,2026,4,30
강동구,천호동,래미안강동팰리스,84.97,15,2017,92000,0,2026,4,22
강동구,둔촌동,올림픽파크포레온,109.98,32,2024,70000,440,2026,4,23
강동구,상일동,고덕아르테온,84.93,16,2020,40000,165,2026,4,28
강동구,상일동,고덕아르테스미소지움,84.96,5,2022,85000,0,2026,4,23
강동구,강일동,힐스테이트리슈빌강일,101.7074,7,2023,92500,0,2026,4,30
강동구,상일동,고덕아르테온,84.95,10,2020,10000,249,2026,4,14
강동구,강일동,강동리버스트7단지,29.37,6,2021,3968,8,2026,4,22
강동구,상일동,고덕아르테온,84.97,3,2020,92000,0,2026,4,24
강동구,고덕동,래미안힐스테이트고덕,59.96,15,2016,50000,130,2026,4,12
강동구,둔촌동,현대2,79.79,1,1988,50000,0,2026,4,25
강동구,강일동,힐스테이트리슈빌강일,84.8942,6,2023,10000,212,2026,4,14
강동구,둔촌동,신성둔촌미소지움1,59.78,9,1998,43050,0,2026,4,17
강동구,고덕동,고덕그라시움,84.24,24,2019,50000,200,2026,4,18
강동구,강일동,고덕리엔파크1단지,59.9,6,2011,5157,36,2026,4,22
강동구,고덕동,래미안힐스테이트고덕,84.88,18,2016,10000,340,2026,4,27
강동구,성내동,한솔애리즈202동,111.96,3,2004,68250,0,2026,4,23
강동구,강일동,힐스테이트리슈빌강일,101.7074,7,2023,92500,0,2026,4,30
강동구,성내동,아이퍼스트빌,15.94,10,2012,1000,61,2026,4,14
강동구,강일동,강동리버스트8단지,59.97,3,2021,30000,120,2026,4,27
강동구,명일동,삼익그린2차,84.76,7,1983,61000,0,2026,4,3
강동구,천호동,태천와이드빌,84.75,4,2000,3000,200,2026,4,18
강동구,강일동,강일리버파크9단지,49.9,13,2009,1662,33,2026,4,22
강동구,성내동,광남캐스빌3,73.58,5,2004,55000,0,2026,4,2
강동구,상일동,고덕리엔파크3단지,49.94,11,2011,4076,33,2026,4,22
강동구,고덕동,고덕그라시움,59.785,4,2019,52000,30,2026,4,5
강동구,암사동,선사현대아파트,59.64,18,2000,52500,0,2026,4,22
강동구,강일동,강동리버스트7단지,29.35,5,2021,3968,8,2026,4,22
강동구,강일동,강동리버스트6단지,29.94,3,2021,753,21,2026,4,22
강동구,명일동,삼익가든,146.54,2,1984,70000,0,2026,4,13
강동구,천호동,금호아파트,27.61,10,1987,24000,0,2026,4,15
강동구,강일동,강동리버스트6단지,39.89,5,2021,1441,30,2026,4,22
강동구,상일동,고덕아르테온,84.97,15,2020,90000,0,2026,4,22
강동구,둔촌동,신동아파밀리에,59.4,18,2002,62000,0,2026,4,8
강동구,암사동,롯데캐슬퍼스트,112.11,10,2008,84000,0,2026,4,25
강동구,상일동,고덕롯데캐슬베네루체,84.146,4,2019,82000,0,2026,4,25
강동구,길동,길동생활A,17.11,12,2024,4900,48,2026,4,10
강동구,강일동,강일리버파크10단지,59.71,1,2009,8433,13,2026,4,23
강동구,길동,K＆GTower,15.521,2,2013,1000,57,2026,4,29
강동구,강일동,강동리버스트4단지,29.44,7,2020,768,21,2026,4,22
강동구,길동,대상,84.98,9,1999,33000,0,2026,4,15
강동구,강일동,강일리버파크3단지,59.87,6,2009,9119,14,2026,4,22
강동구,상일동,고덕아르테온,84.97,10,2020,10000,300,2026,4,18
강동구,천호동,동아하이빌아파트,59.98,22,2000,55000,0,2026,4,27
강동구,명일동,고덕주공9,83.52,1,1985,60000,0,2026,4,21
강동구,상일동,강동리엔파크14단지,49.69,5,2021,5000,170,2026,4,22
강동구,성내동,천호역효성해링턴타워,35.37,24,2023,11970,66,2026,4,23
강동구,고덕동,고덕센트럴푸르지오,59.06,16,2020,75000,0,2026,4,29
강동구,성내동,둔촌역아치스톤(101동),84.96,7,2010,65000,0,2026,4,11
강동구,상일동,고덕자이,84.445,2,2021,85000,0,2026,4,28
강동구,길동,중앙하이츠강동,44.0651,18,2024,5000,166,2026,4,27
강동구,성내동,선광,84.98,9,1997,54600,0,2026,4,4
강동구,고덕동,래미안힐스테이트고덕,84.94,23,2016,65000,90,2026,4,12
강동구,성내동,힐스테이트천호역젠트리스,84.8422,9,2024,69000,0,2026,4,11
강동구,둔촌동,월드메르디앙올림픽파크,54.48,11,2024,55000,0,2026,4,19
강동구,성내동,집앤사비카,26.11,11,2020,1000,135,2026,4,25
강동구,고덕동,래미안힐스테이트고덕,84.94,21,2016,73500,0,2026,4,19
강동구,천호동,로데오팰리스,15.69,11,2022,1000,90,2026,4,13
강동구,상일동,고덕아르테온,59.98,8,2020,82000,0,2026,4,21
강동구,상일동,고덕아르테온,84.97,22,2020,75000,30,2026,4,8
강동구,고덕동,아남1,84.91,8,1996,55000,0,2026,4,20
강동구,고덕동,고덕풍경채어바니티,84.15,14,2024,30000,136,2026,4,7
강동구,성내동,성안마을청구,84.96,3,2002,10000,200,2026,4,11
강동구,천호동,로데오팰리스,14.41,8,2022,1000,80,2026,4,23
강동구,성내동,하나플러스ll,84.67,5,2004,75000,0,2026,4,25
강동구,성내동,갑지하이린,124.78,5,2001,60000,10,2026,4,11
강동구,천호동,로데오팰리스,14.41,6,2022,2000,75,2026,4,8
강동구,명일동,삼환,84.92,16,1992,42000,50,2026,4,4
강동구,천호동,현진리버파크,23.08,10,2017,25000,0,2026,4,18
강동구,성내동,중앙,165.28,4,1992,65000,0,2026,4,19
강동구,둔촌동,신성둔촌미소지움2,59.88,17,2000,35000,110,2026,4,25
강동구,둔촌동,성원,59.22,9,1995,6000,110,2026,4,17
강동구,고덕동,래미안힐스테이트고덕,84.94,20,2016,20000,300,2026,4,23
강동구,고덕동,아남1,84.91,16,1996,46000,0,2026,4,27
강동구,고덕동,래미안힐스테이트고덕,84.83,2,2016,87000,0,2026,4,3
강동구,둔촌동,신성둔촌미소지움1,59.78,7,1998,60000,0,2026,4,22
강동구,강일동,강일리버파크8단지,49.9,11,2009,1662,33,2026,4,22
강동구,암사동,롯데캐슬퍼스트,59.99,25,2008,60000,60,2026,4,25
강동구,강일동,강일리버파크4단지,84.74,11,2009,46200,0,2026,4,21
강동구,강일동,강일리버파크8단지,59.87,5,2009,9344,14,2026,4,22
강동구,성내동,힐스테이트천호역젠트리스,84.8422,13,2024,40000,150,2026,4,20
강동구,천호동,강동역두산위브센티움,25.96,14,2004,1000,70,2026,4,16
강동구,고덕동,고덕그라시움,59.785,21,2019,30000,200,2026,4,27
강동구,천호동,미사아름채아파트,12.995,14,2020,21900,0,2026,4,6
강동구,성내동,강동네스빌,30.8,4,2002,3000,55,2026,4,17
강동구,암사동,힐스테이트 강동 리버뷰,84.9921,21,2019,20000,250,2026,4,28
강동구,상일동,고덕롯데캐슬베네루체,84.146,4,2019,52500,0,2026,4,30
강동구,성내동,힐스테이트천호역젠트리스,84.8422,39,2024,73500,0,2026,4,30
강동구,상일동,고덕숲아이파크,84.85,21,2018,66150,0,2026,4,30
강동구,상일동,고덕아르테온,84.97,26,2020,70000,0,2026,4,4
강동구,상일동,고덕아르테온,59.98,9,2020,63000,0,2026,4,28
강동구,상일동,고덕아르테온,84.95,21,2020,70000,0,2026,4,20
강동구,길동,동남아이스타즈,12.22,5,2016,300,89,2026,4,28
강동구,길동,강동큐브(2차),15.12,15,2013,500,58,2026,4,4
강동구,성내동,성안마을청구,59.93,9,2002,47250,0,2026,4,30
강동구,길동,강동와이시티,13.99,14,2014,1000,50,2026,4,30
강동구,명일동,래미안솔베뉴,59.29,29,2019,82000,0,2026,4,18
강동구,고덕동,래미안힐스테이트고덕,84.9,8,2016,10000,254,2026,4,14
강동구,고덕동,래미안힐스테이트고덕,59.23,5,2016,78000,0,2026,4,25
강동구,상일동,고덕자이,84.445,18,2021,88000,0,2026,4,28
강동구,성내동,힐스테이트천호역젠트리스,84.8422,20,2024,70350,0,2026,4,6
강동구,상일동,고덕센트럴IPARK,84.91,15,2019,30000,210,2026,4,18
강동구,길동,삼익파크맨션,56.16,8,1982,500,70,2026,4,11
강동구,상일동,고덕아르테온,84.97,8,2020,84000,0,2026,4,28
강동구,길동,강동헤리티지자이,59.98,14,2024,10500,184,2026,4,30
강동구,길동,현대웰하임(201동),14.468,3,2012,5000,12,2026,4,10
강동구,고덕동,고덕풍경채어바니티,84.1,4,2024,5250,210,2026,4,11
강동구,상일동,고덕롯데캐슬베네루체,84.923,29,2019,65000,0,2026,4,30
강동구,고덕동,고덕 아이파크,59.99,5,2011,42262,0,2026,4,30
강동구,고덕동,래미안힐스테이트고덕,84.88,34,2016,93000,0,2026,4,27
강동구,상일동,고덕아르테온,84.97,2,2020,85000,0,2026,4,24
강동구,길동,이편한세상강동에코포레,59.99,11,2020,11000,210,2026,4,10
강동구,길동,강동렘브란트,15.86,10,2014,8000,25,2026,4,28
강동구,길동,강동LG자이,126.43,10,2003,80000,0,2026,4,20
강동구,성내동,세명아파트,47.28,5,2021,22000,78,2026,4,18
강동구,길동,이편한세상강동에코포레,59.99,17,2020,65000,0,2026,4,30
강동구,상일동,고덕아르테온,84.93,11,2020,95000,0,2026,4,28
강동구,길동,다성이즈빌,23.39,13,2018,24000,10,2026,4,30
강동구,둔촌동,현대4,114.9,1,1996,65000,0,2026,4,28
강동구,명일동,래미안솔베뉴,59.11,28,2019,66000,0,2026,4,25
강동구,천호동,래미안강동팰리스,59.98,30,2017,79000,0,2026,4,30
강동구,상일동,고덕아르테온,84.93,12,2020,90000,0,2026,4,30
강동구,상일동,고덕자이,59.7084,8,2021,78000,0,2026,4,28
강동구,천호동,로데오팰리스,14.41,10,2022,3000,85,2026,4,18
강동구,암사동,한강현대,59.94,11,1999,36000,50,2026,4,30
강동구,암사동,선사현대아파트,59.64,7,2000,37400,0,2026,4,29
강동구,길동,청광플러스원큐브3차,13.265,15,2014,8500,15,2026,4,25
강동구,암사동,힐스테이트 강동 리버뷰,84.9979,14,2019,10000,320,2026,4,20
강동구,강일동,힐스테이트리슈빌강일,84.8935,12,2023,57750,0,2026,4,30
강동구,암사동,롯데캐슬퍼스트,59.99,8,2008,30000,131,2026,4,24
강동구,강일동,강동리버스트8단지,59.97,2,2021,60000,20,2026,4,18
강동구,강일동,강일리버파크5단지,84.83,11,2009,37000,50,2026,4,11
강동구,강일동,힐스테이트리슈빌강일,84.8942,5,2023,32500,100,2026,4,25
강동구,암사동,선사현대아파트,72.85,7,2000,55650,0,2026,4,3
강동구,암사동,선사현대아파트,59.64,7,2000,37400,0,2026,4,29
강동구,강일동,강동리버스트4단지,29.39,2,2020,3819,7,2026,4,24
강동구,성내동,천호역효성해링턴타워,33.28,10,2023,4551,20,2026,4,30
강동구,길동,강동역에스케이허브,84.94,18,2006,44000,0,2026,4,29
강동구,고덕동,아남1,50.2,6,1996,30900,15,2026,4,23
강동구,천호동,강동밀레니얼중흥S-클래스,59.9751,22,2024,30000,185,2026,4,30
강동구,상일동,고덕아르테온,59.98,23,2020,20000,230,2026,4,18
강동구,성내동,힐스테이트천호역젠트리스,84.8422,17,2024,90000,0,2026,4,20
강동구,상일동,고덕아르테온,84.97,26,2020,70350,0,2026,4,30
강동구,성내동,힐스테이트천호역젠트리스,84.8422,9,2024,52500,74,2026,4,25
강동구,강일동,강동리버스트7단지,49.36,7,2021,8004,19,2026,4,22
강동구,성내동,신이모닝빌,73.87,9,2004,50000,0,2026,4,29
강동구,암사동,힐스테이트 강동 리버뷰,59.8917,9,2019,31689,0,2026,4,30
강동구,길동,이편한세상강동에코포레,59.97,12,2020,47000,0,2026,4,3
강동구,암사동,한강현대,59.94,11,1999,36000,50,2026,4,30
강동구,암사동,힐스테이트 강동 리버뷰,84.9979,21,2019,38201,0,2026,4,30
강동구,강일동,강일리버파크4단지,84.53,14,2009,38587,0,2026,4,30
강동구,상일동,고덕아르테온,59.98,5,2020,40000,150,2026,4,3
강동구,강일동,강일리버파크4단지,84.53,13,2009,47000,0,2026,4,30
강동구,암사동,프라이어팰리스,84.975,15,2007,75000,0,2026,4,30
강동구,명일동,래미안솔베뉴,59.11,31,2019,73500,0,2026,4,30
강동구,천호동,두산위브센티움,31.37,7,2004,13000,40,2026,4,29
강동구,고덕동,고덕그라시움,59.785,5,2019,80000,0,2026,4,18
강동구,길동,골드빌4차,84.92,3,2004,25000,80,2026,4,17
강동구,둔촌동,둔촌푸르지오,84.9,17,2010,80000,0,2026,4,29
강동구,고덕동,고덕그라시움,59.052,2,2019,60000,0,2026,4,29
강동구,성내동,SM엘루이,14.83,12,2019,18390,8,2026,4,29
강동구,고덕동,래미안힐스테이트고덕,84.88,25,2016,10000,201,2026,4,15
강동구,성내동,성내스테이,52.57,10,2018,52500,0,2026,4,30
강동구,암사동,힐스테이트 강동 리버뷰,59.8917,13,2019,31689,0,2026,4,29
강동구,길동,강동역에스케이허브,99.55,12,2006,25000,200,2026,4,29
강동구,암사동,선사현대아파트,59.64,1,2000,5000,200,2026,4,11
강동구,천호동,강동천호행복주택및천호3동공공복합청사,36.33,13,2024,10836,41,2026,4,30
강동구,천호동,강동천호행복주택및천호3동공공복합청사,26.04,9,2024,7776,29,2026,4,30
강동구,암사동,암사동한솔,105.82,12,2002,77000,0,2026,4,29
강동구,암사동,선사현대아파트,59.64,14,2000,56000,0,2026,4,29
강동구,상일동,고덕센트럴IPARK,59.99,5,2019,60900,0,2026,4,26
강동구,상일동,고덕숲아이파크,84.85,9,2018,5000,290,2026,4,29
강동구,상일동,고덕아르테온,59.98,3,2020,5000,165,2026,4,29
강동구,성내동,천호역효성해링턴타워,16.09,7,2023,2587,11,2026,4,29
강동구,암사동,힐스테이트 강동 리버뷰,59.9958,26,2019,33273,0,2026,4,29
강동구,암사동,롯데캐슬퍼스트,111.22,30,2008,50000,150,2026,4,29
강동구,천호동,래미안강동팰리스,59.98,10,2017,71400,0,2026,4,18
강동구,상일동,고덕센트럴IPARK,84.91,2,2019,71400,0,2026,4,27
강동구,강일동,고덕리엔파크1단지,84.87,7,2011,38587,0,2026,4,29
강동구,암사동,롯데캐슬퍼스트,84.98,17,2008,20000,182,2026,4,28
강동구,천호동,로데오팰리스,14.41,12,2022,1000,95,2026,4,29
강동구,암사동,힐스테이트 강동 리버뷰,59.8917,20,2019,31689,0,2026,4,29
강동구,암사동,힐스테이트 강동 리버뷰,59.8917,21,2019,31689,0,2026,4,29
강동구,상일동,고덕센트럴IPARK,74.99,13,2019,65500,0,2026,4,27
강동구,강일동,강일리버파크2단지,84.53,8,2009,65000,0,2026,4,18
강동구,상일동,고덕아르테온,59.98,9,2020,40000,92,2026,4,29
강동구,성내동,중앙하이츠,84.95,2,2001,48000,0,2026,4,26
강동구,천호동,현대코아아파트,119.04,6,1999,10000,320,2026,4,22
강동구,명일동,고덕주공9,83.21,10,1985,59000,0,2026,4,29
강동구,강일동,강일리버파크8단지,84.83,8,2009,50000,50,2026,4,29
강동구,고덕동,고덕풍경채어바니티,84.15,12,2024,65100,0,2026,4,17
강동구,명일동,명일지에스아파트,59.79,21,1999,55000,0,2026,4,18
강동구,명일동,래미안솔베뉴,78.84,11,2019,60000,140,2026,4,25
강동구,고덕동,고덕그라시움,84.046,19,2019,84000,0,2026,4,28
강동구,길동,청광플러스원(큐브1차),16.685,13,2012,500,60,2026,4,29
강동구,명일동,삼익그린2차,84.76,2,1983,55000,30,2026,4,4
강동구,고덕동,고덕그라시움,73.873,23,2019,83000,0,2026,4,29
강동구,상일동,고덕아르테온,84.94,13,2020,84000,0,2026,4,29
강동구,길동,삼익파크맨션,59.65,3,1982,1000,58,2026,4,17
강동구,강일동,강동리버스트8단지,59.55,18,2021,62000,0,2026,4,29
강동구,암사동,힐스테이트 강동 리버뷰,59.9958,19,2019,31689,0,2026,4,28
강동구,길동,강동헤리티지자이,59.98,6,2024,57700,0,2026,4,17
강동구,강일동,고덕리엔파크2단지,114.97,10,2011,73000,0,2026,4,28
강동구,성내동,다성이즈빌아파트,33.75,11,2016,29000,15,2026,4,28
강동구,상일동,고덕센트럴IPARK,59.97,2,2019,5000,275,2026,4,4
강동구,암사동,힐스테이트 강동 리버뷰,59.9958,22,2019,31689,0,2026,4,29
강동구,강일동,강일리버파크5단지,49.87,10,2009,4157,28,2026,4,29
강동구,강일동,강일리버파크1단지,59.71,1,2009,2566,45,2026,4,22
강동구,고덕동,고덕그라시움,59.052,6,2019,45000,0,2026,4,29
강동구,상일동,고덕아르테온,84.97,32,2020,96000,0,2026,4,24
강동구,암사동,힐스테이트 강동 리버뷰,59.8917,14,2019,31689,0,2026,4,29
강동구,상일동,고덕자이,84.9712,19,2021,30000,230,2026,4,18
강동구,강일동,강일리버파크7단지,59.88,8,2009,60000,0,2026,4,28
강동구,길동,강동LG자이,126.43,14,2003,90000,0,2026,4,27
강동구,성내동,늘조은,65.06,3,2003,33600,60,2026,4,28
강동구,강일동,강일리버파크10단지,114.81,9,2009,46620,0,2026,4,29
강동구,강일동,강일리버파크5단지,49.87,13,2009,1662,33,2026,4,22
강동구,상일동,고덕숲아이파크,84.85,4,2018,5000,253,2026,4,24
강동구,길동,강동큐브,12.49,18,2013,500,47,2026,4,22
강동구,성내동,그란츠리버파크,44.8835,28,2025,34476,0,2026,4,28
강동구,암사동,힐스테이트 강동 리버뷰,59.9958,26,2019,31689,0,2026,4,28
강동구,천호동,로데오팰리스,14.41,6,2022,1000,80,2026,4,3
강동구,강일동,강일리버파크5단지,84.83,11,2009,60000,0,2026,4,28
강동구,둔촌동,현대2,69.17,6,1988,40000,0,2026,4,10
강동구,성내동,천호역효성해링턴타워,16.09,4,2023,2587,11,2026,4,28
강동구,상일동,고덕센트럴IPARK,74.88,18,2019,68250,0,2026,4,25
강동구,명일동,래미안솔베뉴,59.11,17,2019,5000,232,2026,4,25
강동구,길동,이편한세상강동에코포레,59.97,8,2020,52500,0,2026,4,7
강동구,강일동,힐스테이트리슈빌강일,101.7074,8,2023,63000,0,2026,4,25
강동구,성내동,SM엘루이,28.45,10,2019,29400,6,2026,4,16
강동구,명일동,현대(명일),57.09,6,1988,55000,0,2026,4,28
강동구,강일동,힐스테이트리슈빌강일,84.8935,8,2023,66100,0,2026,4,27
강동구,성내동,청구빌라트,244.59,3,1999,150000,0,2026,4,27
강동구,천호동,유원아파트,84.3,12,1997,40000,0,2026,4,4
강동구,고덕동,고덕 아이파크,84.98,17,2011,65100,0,2026,4,7
강동구,길동,현대웰하임(101동),16.959,15,2012,10700,10,2026,4,20
강동구,명일동,현대(고덕),131.83,6,1986,59850,0,2026,4,27
강동구,상일동,고덕리엔파크3단지,59.72,6,2011,60000,0,2026,4,25
강동구,강일동,강동리버스트6단지,49.86,1,2021,8454,13,2026,4,20
강동구,명일동,삼익그린2차,54.81,2,1983,40950,0,2026,4,25
강동구,명일동,삼익그린2차,54.81,6,1983,44000,0,2026,4,27
강동구,길동,신암,84.51,5,2000,40000,8,2026,4,21
강동구,천호동,강동밀레니얼중흥S-클래스,47.8419,21,2024,1580,29,2026,4,16
강동구,길동,이편한세상강동에코포레,84.99,4,2020,67000,0,2026,4,28
강동구,천호동,강동밀레니얼중흥S-클래스,47.8419,11,2024,5597,15,2026,4,14
강동구,명일동,명일지에스아파트,84.9,12,1999,50000,50,2026,4,23
강동구,천호동,래미안강동팰리스,59.98,44,2017,75000,0,2026,4,28
강동구,고덕동,고덕풍경채어바니티,84.15,22,2024,5000,252,2026,4,25
강동구,강일동,강동리버스트7단지,49.36,3,2021,2176,40,2026,4,22
강동구,암사동,선사현대아파트,82.94,1,2000,50900,0,2026,4,28
강동구,천호동,강동이루미아파트,84.88,4,2005,47250,0,2026,4,25
강동구,강일동,강동리버스트4단지,59.99,4,2020,38532,0,2026,4,28
강동구,고덕동,고덕그라시움,97.801,5,2019,130000,0,2026,4,21
강동구,고덕동,래미안힐스테이트고덕,84.9,14,2016,84000,0,2026,4,25
강동구,고덕동,고덕그라시움,59.785,11,2019,20000,170,2026,4,24
강동구,성내동,태천해오름(412-1),84.94,5,2002,40000,90,2026,4,27
강동구,상일동,고덕센트럴IPARK,84.91,19,2019,50000,160,2026,4,20
강동구,고덕동,고덕그라시움,113.398,8,2019,134000,0,2026,4,17
강동구,상일동,고덕숲아이파크,59.97,2,2018,44382,0,2026,4,28
강동구,상일동,고덕아르테온,84.97,10,2020,70300,0,2026,4,25
강동구,고덕동,래미안힐스테이트고덕,59.35,30,2016,55000,100,2026,4,27
강동구,강일동,강일리버파크5단지,59.87,6,2009,2219,40,2026,4,22
강동구,강일동,강동리버스트4단지,74.63,11,2020,42354,0,2026,4,27
강동구,둔촌동,올림픽파크포레온,59.99,23,2024,30000,280,2026,4,25
강동구,천호동,로데오팰리스,14.41,8,2022,1000,80,2026,4,25
강동구,고덕동,래미안힐스테이트고덕,84.88,10,2016,95000,0,2026,4,27
강동구,성내동,천호역효성해링턴타워,16.09,31,2023,5990,43,2026,4,24
강동구,고덕동,아남1,84.91,6,1996,54000,0,2026,4,25
강동구,명일동,래미안솔베뉴,59.11,32,2019,75000,0,2026,4,25
강동구,암사동,롯데캐슬퍼스트,59.99,20,2008,74000,0,2026,4,25
강동구,고덕동,래미안힐스테이트고덕,84.74,23,2016,15000,280,2026,4,27
강동구,성내동,그란츠리버파크,44.8835,13,2025,34476,0,2026,4,27
강동구,천호동,힐데스하임천호아파트,84.9914,8,2023,83000,0,2026,4,25
강동구,암사동,힐스테이트 강동 리버뷰,59.9958,23,2019,31689,0,2026,4,26
강동구,암사동,힐스테이트 강동 리버뷰,84.9979,13,2019,38201,0,2026,4,26
강동구,고덕동,고덕 아이파크,59.99,1,2011,47268,0,2026,4,27
강동구,상일동,고덕아르테온,84.94,7,2020,10000,330,2026,4,20
강동구,암사동,힐스테이트 강동 리버뷰,59.9958,14,2019,45162,0,2026,4,27
강동구,천호동,강동밀레니얼중흥S-클래스,47.8419,38,2024,65000,0,2026,4,5
강동구,천호동,로데오팰리스,14.41,10,2022,1000,95,2026,4,23
강동구,길동,강동큐브(2차),14.32,9,2013,1000,55,2026,4,27
강동구,상일동,고덕아르테온,84.93,10,2020,76600,0,2026,4,18
강동구,명일동,현대(고덕),131.83,15,1986,80000,0,2026,4,13
강동구,명일동,한양,119.37,3,1986,35000,160,2026,4,24
강동구,길동,다성이즈빌(349-1),17.2,2,2012,10000,30,2026,4,25
강동구,성내동,SM엘루이,14.83,8,2019,18740,4,2026,4,27
강동구,길동,청광플러스원큐브3차,13.265,17,2014,500,57,2026,4,25
강동구,성내동,올림픽파크한양수자인,59.55,4,2016,49764,0,2026,4,27
강동구,암사동,새롬,68.45,2,2002,100,20,2026,4,27
강동구,성내동,그란츠리버파크,44.8835,4,2025,34476,0,2026,4,27
강동구,강일동,힐스테이트리슈빌강일,84.8942,5,2023,32500,100,2026,4,25
강동구,암사동,롯데캐슬퍼스트,84.98,13,2008,71400,0,2026,4,11
강동구,명일동,다성씨티(1차),66.84,4,2002,35175,0,2026,4,24
강동구,길동,강동헤리티지자이,59.98,13,2024,85000,0,2026,4,18
강동구,고덕동,고덕그라시움,73.873,21,2019,85000,0,2026,4,25
강동구,길동,길동생활A,34.05,20,2024,8900,66,2026,4,22
강동구,둔촌동,올림픽파크포레온,84.98,14,2024,10000,320,2026,4,11
강동구,성내동,광남캐스빌(443-26),54.68,6,2009,42000,0,2026,4,24
강동구,길동,강동큐브,12.49,20,2013,1000,60,2026,4,20
강동구,강일동,강일리버파크7단지,84.83,5,2009,51450,0,2026,4,25
강동구,명일동,고덕주공9,83.52,11,1985,60000,0,2026,4,25
강동구,상일동,고덕아르테온,59.98,15,2020,61900,0,2026,4,24
강동구,고덕동,래미안힐스테이트고덕,84.9,11,2016,70000,100,2026,4,11
강동구,둔촌동,세양청마루,102.45,4,2005,58000,12,2026,4,25
강동구,상일동,고덕아르테온,84.93,10,2020,50000,180,2026,4,25
강동구,상일동,고덕리엔파크3단지,49.95,1,2011,7596,14,2026,4,24
강동구,천호동,강변그대가갤럭시,84.96,6,2009,65000,0,2026,4,16
강동구,고덕동,고덕그라시움,84.244,23,2019,95000,0,2026,4,25
강동구,길동,동삼빌라트,81.16,6,1998,50000,50,2026,4,24
강동구,암사동,롯데캐슬퍼스트,84.98,8,2008,85000,0,2026,4,17
강동구,고덕동,래미안힐스테이트고덕,84.9,7,2016,85000,0,2026,4,17
강동구,강일동,강일리버파크7단지,84.53,4,2009,5000,230,2026,4,4
강동구,둔촌동,올림픽파크포레온,84.98,22,2024,5000,400,2026,4,24
강동구,상일동,고덕아르테온,59.98,3,2020,75000,0,2026,4,25
강동구,강일동,강동리버스트7단지,59.95,16,2021,33075,0,2026,4,26
강동구,강일동,강동리버스트8단지,59.97,9,2021,30000,120,2026,4,25
강동구,강일동,고덕리엔파크2단지,114.97,7,2011,55188,0,2026,4,27
강동구,고덕동,아남1,50.2,6,1996,30900,15,2026,4,25
강동구,명일동,래미안솔베뉴,59.11,30,2019,46300,38,2026,4,27
강동구,길동,강동헤리티지자이,59.98,10,2024,20000,220,2026,4,25
강동구,강일동,힐스테이트리슈빌강일,84.6505,1,2023,10000,185,2026,4,24
강동구,강일동,강일리버파크4단지,84.83,3,2009,65000,0,2026,4,24
강동구,성내동,천호역효성해링턴타워,16.09,30,2023,2587,11,2026,4,24
강동구,둔촌동,올림픽파크포레온,84.98,12,2024,100000,0,2026,4,24
강동구,길동,K＆GTower,22.834,6,2013,18000,0,2026,4,1
강동구,천호동,래미안강동팰리스,84.97,37,2017,96000,0,2026,4,15
강동구,성내동,에스케이허브진,33.71,10,2004,28000,0,2026,4,23
강동구,길동,신암가온,56.7,9,2002,5000,110,2026,4,3
강동구,암사동,롯데캐슬퍼스트,102.34,26,2008,78750,0,2026,4,4
강동구,성내동,아이퍼스트빌,15.94,8,2012,13000,18,2026,4,24
강동구,암사동,한강포스파크,80.65,14,2002,60000,0,2026,4,16
강동구,명일동,고덕주공9,83.52,15,1985,44100,0,2026,4,22
강동구,암사동,힐스테이트 강동 리버뷰,59.8917,8,2019,31689,0,2026,4,24
강동구,상일동,고덕롯데캐슬베네루체,84.923,10,2019,82000,0,2026,4,24
강동구,암사동,암사동한솔,84.73,3,2002,5000,165,2026,4,8
강동구,암사동,효정하나플러스,84.45,3,2003,5000,140,2026,4,10
강동구,명일동,삼익그린2차,42.93,15,1983,40000,0,2026,4,18
강동구,상일동,고덕아르테온,84.97,13,2020,95000,0,2026,4,24
강동구,상일동,고덕리엔파크3단지,49.92,7,2011,4442,32,2026,4,24
강동구,암사동,현대홈타운,84.98,17,2004,72000,0,2026,4,18
강동구,둔촌동,신성둔촌미소지움2,59.88,9,2000,48000,10,2026,4,18
강동구,강일동,강동리버스트4단지,29.39,2,2020,1849,18,2026,4,24
강동구,강일동,강동리버스트7단지,49.25,4,2021,5442,33,2026,4,24
강동구,강일동,강일리버파크3단지,59.87,11,2009,5408,35,2026,4,24
강동구,강일동,강일리버파크6단지,59.87,6,2009,2131,40,2026,4,23
강동구,둔촌동,올림픽파크포레온,84.99,6,2024,132000,0,2026,4,23
강동구,고덕동,고덕그라시움,59.052,6,2019,47000,0,2026,4,18
강동구,둔촌동,둔촌푸르지오,84.92,16,2010,83000,0,2026,4,24
강동구,천호동,강동밀레니얼중흥S-클래스,59.9751,5,2024,80000,0,2026,4,15
강동구,천호동,천호역마에스트로,33.2328,10,2025,58000,0,2026,4,23
강동구,명일동,삼익가든,71.2,12,1984,50000,0,2026,4,11
강동구,강일동,강동리버스트7단지,39.6,1,2021,3657,26,2026,4,24
강동구,천호동,집앤사스윗사이드아파트,14.02,5,2019,19000,0,2026,4,23
강동구,강일동,강동리버스트6단지,39.94,7,2021,1441,30,2026,4,22
강동구,성내동,천호역효성해링턴타워,35.37,24,2023,11970,66,2026,4,23
강동구,명일동,신동아,127.33,15,1986,80000,0,2026,4,24
강동구,암사동,삼성광나루,59.94,16,2002,5000,179,2026,4,24
강동구,강일동,강일리버파크3단지,59.87,3,2009,5408,35,2026,4,23
강동구,고덕동,래미안힐스테이트고덕,84.83,29,2016,69000,90,2026,4,17
강동구,명일동,원일타워,21.48,12,2020,8000,55,2026,4,24
강동구,강일동,강일리버파크3단지,59.87,8,2009,2163,41,2026,4,22
강동구,명일동,래미안솔베뉴,59.11,31,2019,30000,137,2026,4,24
강동구,천호동,동구햇살아파트,91.16,8,2002,48000,0,2026,4,18
강동구,강일동,강동리버스트7단지,49.36,8,2021,2176,40,2026,4,22
강동구,강일동,강동리버스트4단지,39.65,2,2020,1482,31,2026,4,22
강동구,강일동,강일리버파크3단지,59.7,5,2009,5408,35,2026,4,23
강동구,강일동,강동리버스트7단지,39.92,16,2021,1462,31,2026,4,22
강동구,강일동,강동리버스트4단지,39.65,3,2020,1482,31,2026,4,22
강동구,명일동,삼익그린2차,66.87,14,1983,5000,116,2026,4,9
강동구,강일동,강일리버파크6단지,59.87,3,2009,5328,33,2026,4,23
강동구,강일동,강일리버파크3단지,39.64,1,2009,3052,24,2026,4,23
강동구,상일동,고덕아르테온,84.97,6,2020,55000,120,2026,4,20
강동구,강일동,강동리버스트4단지,29.44,10,2020,768,21,2026,4,22
강동구,강일동,강일리버파크2단지,84.74,5,2009,49350,0,2026,4,23
강동구,성내동,천호역효성해링턴타워,16.09,25,2023,1342,14,2026,4,23
강동구,명일동,삼익그린2차,42.93,12,1983,10000,100,2026,4,23
강동구,길동,삼익파크맨션,63.32,12,1982,25000,0,2026,4,23
강동구,상일동,고덕자이,84.445,26,2021,87000,0,2026,4,23
강동구,고덕동,배재현대,84.9,6,1995,40000,86,2026,4,11
강동구,강일동,강일리버파크10단지,114.81,9,2009,55440,0,2026,4,23
강동구,강일동,강동리버스트7단지,29.35,5,2021,768,21,2026,4,22
강동구,상일동,고덕리엔파크3단지,49.92,12,2011,4442,32,2026,4,23
강동구,상일동,고덕아르테온,84.97,1,2020,71400,0,2026,4,20
강동구,성내동,신일유토빌(603-0),55.76,8,2004,47000,0,2026,4,15
강동구,길동,강동큐브(2차),12.52,8,2013,9400,10,2026,4,23
강동구,암사동,힐스테이트 강동 리버뷰,59.9958,13,2019,31689,0,2026,4,23
강동구,길동,강동헤리티지자이,59.98,23,2024,55650,0,2026,4,16
강동구,강일동,강동리버스트8단지,59.97,22,2021,43000,70,2026,4,22
강동구,강일동,강동리버스트4단지,39.65,9,2020,3705,26,2026,4,23
강동구,성내동,천호역효성해링턴타워,33.28,15,2023,2361,25,2026,4,23
강동구,강일동,강동리버스트6단지,49.86,5,2021,2184,40,2026,4,22
강동구,강일동,강일리버파크4단지,84.74,5,2009,38587,0,2026,4,23
강동구,명일동,삼익그린2차,66.87,12,1983,40000,0,2026,4,23
강동구,강일동,강일리버파크3단지,59.87,6,2009,4000,37,2026,4,22
강동구,강일동,강일리버파크3단지,59.87,12,2009,5408,35,2026,4,23
강동구,고덕동,래미안힐스테이트고덕,59.96,7,2016,10000,142,2026,4,23
강동구,고덕동,고덕그라시움,59.785,2,2019,50000,90,2026,4,23
강동구,강일동,강일리버파크4단지,84.74,5,2009,38587,0,2026,4,23
강동구,상일동,고덕숲아이파크,84.85,6,2018,80000,0,2026,4,23
강동구,강일동,강일리버파크6단지,84.53,15,2009,49000,0,2026,4,23
강동구,명일동,래미안솔베뉴,59.32,29,2019,82000,0,2026,4,16
강동구,둔촌동,올림픽파크포레온,39.95,11,2024,55000,100,2026,4,4
강동구,상일동,고덕아르테온,84.93,10,2020,76600,0,2026,4,18
강동구,명일동,삼익그린2차,54.81,8,1983,24000,60,2026,4,21
강동구,강일동,강일리버파크10단지,59.71,1,2009,4980,32,2026,4,23
강동구,상일동,고덕롯데캐슬베네루체,84.146,14,2019,30000,220,2026,4,13
강동구,강일동,강일리버파크6단지,59.87,6,2009,5328,33,2026,4,23
강동구,상일동,고덕아르테온,84.97,23,2020,90000,0,2026,4,20
강동구,강일동,강일리버파크7단지,84.53,15,2009,65000,0,2026,4,22
강동구,강일동,강일리버파크9단지,59.87,5,2009,5165,32,2026,4,22
강동구,강일동,강일리버파크5단지,59.87,6,2009,2219,40,2026,4,22
강동구,강일동,강일리버파크3단지,59.87,8,2009,5408,35,2026,4,22
강동구,강일동,강일리버파크9단지,49.9,4,2009,7008,12,2026,4,23
강동구,상일동,고덕아르테온,84.94,5,2020,73500,0,2026,4,19
강동구,강일동,강일리버파크5단지,49.9,10,2009,4157,28,2026,4,23
강동구,강일동,강일리버파크8단지,49.9,11,2009,4157,28,2026,4,22
강동구,강일동,강일리버파크5단지,49.9,13,2009,4157,28,2026,4,22
강동구,강일동,강일리버파크5단지,49.9,4,2009,4157,28,2026,4,22
강동구,상일동,강동리엔파크14단지,29.84,10,2021,2061,20,2026,4,22
강동구,강일동,강일리버파크3단지,39.9,3,2009,3052,24,2026,4,22
강동구,강일동,강동리버스트7단지,29.37,6,2021,1920,19,2026,4,22
강동구,강일동,강일리버파크5단지,49.9,11,2009,4157,28,2026,4,22
강동구,강일동,강일리버파크3단지,39.87,12,2009,3052,24,2026,4,22
강동구,강일동,강동리버스트4단지,29.44,10,2020,1921,19,2026,4,22
강동구,성내동,천호역효성해링턴타워,16.09,4,2023,5240,47,2026,4,21
강동구,강일동,강동리버스트7단지,49.36,8,2021,5442,33,2026,4,22
강동구,성내동,에스케이허브진,33.71,6,2004,1000,95,2026,4,6
강동구,강일동,강동리버스트7단지,29.35,5,2021,1920,19,2026,4,22
강동구,강일동,강동리버스트7단지,39.92,16,2021,3657,26,2026,4,22
강동구,성내동,그란츠리버파크,84.9869,17,2025,88000,0,2026,4,21
강동구,강일동,고덕리엔파크1단지,59.9,8,2011,5157,36,2026,4,22
강동구,강일동,강동리버스트7단지,29.35,4,2021,768,21,2026,4,22
강동구,강일동,강일리버파크3단지,39.9,8,2009,3052,24,2026,4,22
강동구,강일동,강동리버스트7단지,39.61,4,2021,3657,26,2026,4,22
강동구,강일동,강일리버파크5단지,49.87,1,2009,4157,28,2026,4,22
강동구,강일동,강일리버파크5단지,49.9,11,2009,4157,28,2026,4,22
강동구,길동,길동생활B,17.11,16,2024,5000,39,2026,4,22
강동구,강일동,강일리버파크10단지,59.7,4,2009,1992,38,2026,4,22
강동구,천호동,래미안강동팰리스,84.97,15,2017,92000,0,2026,4,22
강동구,강일동,강일리버파크8단지,59.87,5,2009,5675,34,2026,4,22
강동구,강일동,강일리버파크10단지,59.87,4,2009,4980,32,2026,4,22
강동구,길동,길동생활A,34.05,20,2024,8900,66,2026,4,22
강동구,둔촌동,KNP주상복합1,75.53,6,2002,22000,80,2026,4,22
강동구,상일동,고덕자이,84.9712,10,2021,15000,197,2026,4,22
강동구,천호동,강동밀레니얼중흥S-클래스,98.4933,15,2024,107000,0,2026,4,18
강동구,강일동,강동리버스트4단지,39.65,4,2020,3705,26,2026,4,22
강동구,천호동,래미안강동팰리스,84.97,42,2017,97000,0,2026,4,22
강동구,강일동,강일리버파크1단지,59.87,3,2009,6415,37,2026,4,22
강동구,암사동,힐스테이트 강동 리버뷰,59.8917,23,2019,31689,0,2026,4,21
강동구,강일동,강동리버스트7단지,39.61,4,2021,5621,15,2026,4,22
강동구,길동,경지Arium,14.12,10,2019,17000,30,2026,4,22
강동구,강일동,강일리버파크1단지,59.71,1,2009,6415,37,2026,4,22
강동구,강일동,강동리버스트7단지,39.61,4,2021,3657,26,2026,4,22
강동구,강일동,강일리버파크10단지,59.7,4,2009,4980,32,2026,4,22
강동구,강일동,강일리버파크7단지,39.64,1,2009,1289,27,2026,4,22
강동구,성내동,집앤사비디아파트,23.4,5,2019,19200,19,2026,4,21
강동구,암사동,선사현대아파트,58.68,5,2000,20000,98,2026,4,22
강동구,명일동,신동아,112.93,14,1986,59000,0,2026,4,11
강동구,명일동,중앙,84.86,7,2001,10000,200,2026,4,13
강동구,천호동,강동밀레니얼중흥S-클래스,102.9452,33,2024,135000,0,2026,4,22
강동구,명일동,삼익그린2차,66.87,9,1983,10010,140,2026,4,18
강동구,강일동,강동리버스트7단지,29.35,4,2021,1920,19,2026,4,22
강동구,강일동,강동리버스트7단지,49.36,3,2021,5442,33,2026,4,22
강동구,강일동,강일리버파크3단지,59.87,6,2009,5408,35,2026,4,22
강동구,강일동,강동리버스트6단지,29.98,5,2021,1884,18,2026,4,22
강동구,강일동,강동리버스트7단지,39.61,5,2021,3657,26,2026,4,22
강동구,상일동,강동리엔파크14단지,29.84,10,2021,2061,20,2026,4,22
강동구,고덕동,고덕센트럴푸르지오,59.14,26,2020,40000,75,2026,4,1
강동구,성내동,에스케이허브진,33.71,14,2004,1000,110,2026,4,15
강동구,둔촌동,신성둔촌미소지움2,84.78,10,2000,60000,0,2026,4,22
강동구,상일동,강동리엔파크14단지,59.94,3,2021,20000,150,2026,4,22
강동구,강일동,강일리버파크4단지,84.53,5,2009,49300,0,2026,4,22
강동구,강일동,강일리버파크3단지,59.87,7,2009,5408,35,2026,4,22
강동구,명일동,삼익가든,146.54,4,1984,66000,0,2026,4,21
강동구,상일동,고덕리엔파크3단지,49.94,6,2011,4587,31,2026,4,22
강동구,강일동,강일리버파크5단지,59.87,5,2009,5549,33,2026,4,22
강동구,강일동,강일리버파크3단지,59.87,6,2009,5408,35,2026,4,22
강동구,암사동,현대홈타운,84.98,2,2004,65000,0,2026,4,22
강동구,강일동,강동리버스트7단지,29.35,3,2021,1920,19,2026,4,22
강동구,강일동,강동리버스트6단지,39.89,5,2021,3603,25,2026,4,22
강동구,강일동,강동리버스트7단지,49.36,7,2021,5442,33,2026,4,22
강동구,강일동,강일리버파크3단지,39.9,6,2009,3052,24,2026,4,22
강동구,고덕동,래미안힐스테이트고덕,84.94,13,2016,78750,0,2026,4,18
강동구,강일동,강동리버스트7단지,29.37,7,2021,1920,19,2026,4,22
강동구,강일동,강일리버파크3단지,59.87,8,2009,5408,35,2026,4,22
강동구,강일동,강일리버파크5단지,49.87,13,2009,4157,28,2026,4,22
강동구,강일동,강일리버파크9단지,59.92,8,2009,5165,32,2026,4,22
강동구,강일동,힐스테이트리슈빌강일,84.8942,5,2023,10000,205,2026,4,10
강동구,강일동,강일리버파크9단지,59.87,10,2009,2066,39,2026,4,22
강동구,강일동,강동리버스트6단지,49.86,4,2021,5462,33,2026,4,22
강동구,강일동,강동리버스트7단지,49.36,8,2021,5442,33,2026,4,22
강동구,강일동,강일리버파크5단지,59.71,2,2009,5549,33,2026,4,22
강동구,천호동,현대코아아파트,59.9,18,1999,30000,47,2026,4,22
강동구,길동,길동생활A,36.49,17,2024,9300,68,2026,4,22
강동구,강일동,강동리버스트7단지,39.92,14,2021,3657,26,2026,4,22
강동구,상일동,고덕롯데캐슬베네루체,122.082,17,2019,93000,10,2026,4,18
강동구,암사동,롯데캐슬퍼스트,59.99,26,2008,5000,280,2026,4,18
강동구,강일동,강동리버스트4단지,39.65,2,2020,3705,26,2026,4,22
강동구,상일동,고덕리엔파크3단지,49.92,4,2011,4442,32,2026,4,22
강동구,명일동,삼익가든,71.2,8,1984,40000,0,2026,4,15
강동구,상일동,고덕아르테온,59.98,11,2020,57000,0,2026,4,18
강동구,강일동,강일리버파크4단지,49.9,15,2009,4157,28,2026,4,22
강동구,상일동,고덕아르테온,84.97,9,2020,90000,0,2026,4,21
강동구,강일동,강일리버파크5단지,49.9,6,2009,4157,28,2026,4,22
강동구,길동,강동와이시티,13.99,18,2014,1000,50,2026,4,15
강동구,상일동,고덕리엔파크3단지,49.92,5,2011,7753,14,2026,4,22
강동구,강일동,강동리버스트4단지,39.65,3,2020,3705,26,2026,4,22
강동구,명일동,삼환,84.93,4,1992,49000,0,2026,4,13
강동구,강일동,강동리버스트6단지,49.86,5,2021,5462,33,2026,4,22
강동구,천호동,천호동삼성아파트,59.86,16,1997,47200,0,2026,4,22
강동구,암사동,힐스테이트 강동 리버뷰,59.8917,19,2019,31689,0,2026,4,22
강동구,강일동,강일리버파크5단지,49.9,4,2009,4157,28,2026,4,22
강동구,강일동,강일리버파크10단지,84.53,7,2009,38587,0,2026,4,22
강동구,강일동,강일리버파크3단지,84.53,13,2009,30000,140,2026,4,21
강동구,강일동,강동리버스트6단지,39.94,7,2021,3603,25,2026,4,22
강동구,강일동,강일리버파크9단지,59.71,2,2009,16152,0,2026,4,21
강동구,강일동,강동리버스트6단지,29.94,3,2021,1884,18,2026,4,22
강동구,성내동,천호역효성해링턴타워,16.09,6,2023,2587,11,2026,4,21
강동구,길동,경지Arium,14.12,7,2019,17000,30,2026,4,21
강동구,천호동,미사아름채아파트,12.995,4,2020,19500,6,2026,4,20
강동구,천호동,래미안강동팰리스,84.97,19,2017,80000,50,2026,4,20
강동구,상일동,강동리엔파크11단지,17.97,7,2021,7056,12,2026,4,8
강동구,명일동,한양,106.64,14,1986,63000,0,2026,4,21
강동구,암사동,롯데캐슬퍼스트,59.99,19,2008,65100,0,2026,4,17
강동구,둔촌동,신성둔촌미소지움1,59.78,14,1998,45500,0,2026,4,21
강동구,상일동,고덕아르테온,59.98,3,2020,40000,97,2026,4,11
강동구,명일동,래미안솔베뉴,59.11,12,2019,66000,0,2026,4,18
강동구,성내동,천호역효성해링턴타워,16.09,14,2023,2587,11,2026,4,21
강동구,길동,동남아이스타즈,12.22,7,2016,500,88,2026,4,16
강동구,고덕동,래미안힐스테이트고덕,59.35,17,2016,58338,0,2026,4,16
강동구,성내동,광남캐스빌3,83.19,4,2004,49600,0,2026,4,11
강동구,천호동,강변그대가리버뷰,84.97,2,2007,69000,0,2026,4,3
강동구,천호동,강변그대가리버뷰,84.97,9,2007,56500,0,2026,4,20
강동구,암사동,힐스테이트 강동 리버뷰,59.9958,13,2019,31689,0,2026,4,16
강동구,강일동,강일리버파크10단지,114.81,6,2009,55440,0,2026,4,20
강동구,길동,강동헤리티지자이,45.795,8,2024,5000,168,2026,4,4
강동구,길동,강동헤리티지자이,59.98,18,2024,30000,160,2026,4,19
강동구,길동,다성이즈빌,20.85,11,2018,20000,16,2026,4,17
강동구,성내동,라움포레,59.1,4,2020,20000,180,2026,4,16
강동구,성내동,현대,54.06,4,1987,42000,0,2026,4,14
강동구,강일동,강일리버파크4단지,84.83,10,2009,65000,0,2026,4,16
강동구,상일동,고덕아르테온,59.98,6,2020,65000,0,2026,4,20
강동구,성내동,천호역효성해링턴타워,16.09,17,2023,2587,11,2026,4,20
강동구,성내동,천호역효성해링턴타워,16.09,11,2023,2587,11,2026,4,21
강동구,상일동,고덕리엔파크3단지,49.92,10,2011,7685,14,2026,4,20
강동구,천호동,천호역마에스트로,30.1316,8,2025,48700,0,2026,4,20
강동구,성내동,선광,84.98,10,1997,55000,0,2026,4,9
강동구,둔촌동,둔촌하이츠,59.79,2,1998,43000,35,2026,4,6
강동구,성내동,코오롱2,84.83,12,2002,10000,80,2026,4,10
강동구,성내동,성내2차e-편한세상,84.79,5,2004,60000,10,2026,4,18
강동구,천호동,한신아파트,58.08,3,1991,37000,0,2026,4,20
강동구,천호동,래미안강동팰리스,84.97,24,2017,94000,0,2026,4,11
강동구,암사동,힐스테이트 강동 리버뷰,59.8917,22,2019,31689,0,2026,4,20
강동구,암사동,힐스테이트 강동 리버뷰,59.8917,4,2019,31689,0,2026,4,20
강동구,암사동,힐스테이트 강동 리버뷰,59.8917,12,2019,31689,0,2026,4,17
강동구,둔촌동,올림픽파크포레온,39.95,21,2024,13000,215,2026,4,19
강동구,성내동,천호역효성해링턴타워,16.09,17,2023,2587,11,2026,4,20
강동구,길동,강동헤리티지자이,59.98,17,2024,53000,0,2026,4,18
강동구,강일동,힐스테이트리슈빌강일,84.8935,16,2023,50000,41,2026,4,20
강동구,성내동,광남벨라스타워,153.95,1,2002,55000,70,2026,4,20
강동구,천호동,미사아름채아파트,12.14,6,2020,16500,25,2026,4,18
강동구,성내동,천호역효성해링턴타워,35.63,3,2023,4759,21,2026,4,20
강동구,성내동,천호역효성해링턴타워,16.09,10,2023,2587,11,2026,4,20
강동구,천호동,어바니엘,13.4433,11,2019,1000,70,2026,4,17
강동구,천호동,어바니엘,13.4433,13,2019,1000,68,2026,4,17
강동구,상일동,고덕자이,84.7398,16,2021,40000,200,2026,4,17
강동구,상일동,고덕아르테온,84.97,21,2020,79000,0,2026,4,11
강동구,천호동,동아하이빌아파트,84.97,12,2000,63000,0,2026,4,19
강동구,명일동,삼익그린2차,54.81,9,1983,10000,110,2026,4,18
강동구,상일동,고덕자이,59.9398,5,2021,77000,0,2026,4,18
강동구,명일동,삼익그린2차,107.56,2,1983,65000,0,2026,4,17
강동구,고덕동,래미안힐스테이트고덕,59.35,19,2016,57500,0,2026,4,18
강동구,성내동,천호역효성해링턴타워,33.28,18,2023,2361,25,2026,4,20
강동구,명일동,래미안솔베뉴,49.68,18,2019,67000,0,2026,4,11
강동구,강일동,고덕리엔파크1단지,49.92,10,2011,4381,32,2026,4,17
강동구,강일동,강동리버스트4단지,49.82,14,2020,50000,0,2026,4,17
강동구,길동,강동큐브,12.49,11,2013,5000,40,2026,4,11
강동구,길동,강동LG자이,84.88,2,2003,70000,0,2026,4,5
강동구,성내동,천호역효성해링턴타워,16.09,32,2023,3687,6,2026,4,20
강동구,암사동,현대홈타운,114.07,5,2004,65000,0,2026,4,20
강동구,길동,드림하이츠,30.19,7,2015,1000,80,2026,4,3
강동구,고덕동,래미안힐스테이트고덕,84.94,35,2016,80000,0,2026,4,18
강동구,강일동,강일리버파크4단지,84.53,10,2009,38587,0,2026,4,19
강동구,상일동,고덕아르테온,84.97,6,2020,90000,0,2026,4,18
강동구,길동,강동헤리티지자이,74.974,3,2024,10000,200,2026,4,18
강동구,강일동,강동리버스트4단지,59.99,8,2020,58000,0,2026,4,18
강동구,강일동,힐스테이트리슈빌강일,84.6921,4,2023,51450,0,2026,4,18
강동구,상일동,고덕센트럴IPARK,84.91,14,2019,71400,0,2026,4,18
강동구,암사동,힐스테이트 강동 리버뷰,59.9958,7,2019,31689,0,2026,4,17
강동구,고덕동,아남1,84.91,8,1996,60000,0,2026,4,11
강동구,명일동,고덕주공9,83.52,13,1985,47000,70,2026,4,10
강동구,성내동,천호역효성해링턴타워,16.09,10,2023,2587,11,2026,4,19
강동구,성내동,천호역효성해링턴타워,35.63,4,2023,4759,21,2026,4,19
강동구,강일동,고덕리엔파크1단지,49.94,9,2011,5761,25,2026,4,18
강동구,암사동,힐스테이트 강동 리버뷰,59.9958,15,2019,31689,0,2026,4,13
강동구,강일동,힐스테이트리슈빌강일,101.7074,4,2023,58000,0,2026,4,17
강동구,강일동,고덕리엔파크2단지,49.92,5,2011,1862,37,2026,4,17
강동구,강일동,강동리버스트7단지,59.95,6,2021,33075,0,2026,4,17
강동구,성내동,천호역효성해링턴타워,33.28,8,2023,4551,20,2026,4,17
강동구,길동,강동헤리티지자이,74.974,22,2024,65100,0,2026,4,17
강동구,상일동,고덕아르테온,84.93,14,2020,75000,14,2026,4,7
강동구,성내동,에스케이허브진,30.26,11,2004,1500,110,2026,4,11
강동구,성내동,천호역효성해링턴타워,16.09,18,2023,2587,11,2026,4,17
강동구,강일동,강동리버스트4단지,59.99,6,2020,33075,0,2026,4,17
강동구,둔촌동,현대4,59.49,2,1996,44100,0,2026,4,17
강동구,상일동,중앙하이츠,59.94,13,1992,51000,0,2026,4,15
강동구,암사동,힐스테이트 강동 리버뷰,59.9958,18,2019,31689,0,2026,4,17
강동구,상일동,고덕리엔파크3단지,49.92,6,2011,8641,20,2026,4,17
강동구,암사동,롯데캐슬퍼스트,84.98,15,2008,84000,0,2026,4,16
강동구,천호동,로데오팰리스,14.41,7,2022,1000,80,2026,4,17
강동구,강일동,강일리버파크2단지,84.53,5,2009,59000,0,2026,4,17
강동구,암사동,현대홈타운,84.98,13,2004,10000,186,2026,4,15
강동구,상일동,고덕아르테온,84.97,9,2020,82500,0,2026,4,11
강동구,길동,현대웰하임(101동),16.959,15,2012,10450,15,2026,4,16
강동구,길동,청광플러스원큐브3차,13.265,19,2014,10080,7,2026,4,14
강동구,암사동,롯데캐슬퍼스트,102.34,9,2008,30000,194,2026,4,16
강동구,고덕동,고덕그라시움,59.052,12,2019,30000,190,2026,4,17
강동구,성내동,한솔애리즈1,84.89,1,2002,52500,0,2026,4,17
강동구,성내동,천호역효성해링턴타워,16.09,10,2023,2587,11,2026,4,17
강동구,강일동,강일리버파크4단지,84.53,8,2009,38587,0,2026,4,17
강동구,상일동,고덕숲아이파크,84.97,11,2018,89000,0,2026,4,16
강동구,상일동,중앙하이츠,59.94,2,1992,50000,0,2026,4,16
강동구,암사동,힐스테이트 강동 리버뷰,84.9921,26,2019,38201,0,2026,4,16
강동구,천호동,천호역한강청년주택,19.67,12,2021,8057,44,2026,4,17
강동구,고덕동,래미안힐스테이트고덕,84.83,34,2016,90000,0,2026,4,17
강동구,상일동,고덕센트럴IPARK,74.99,8,2019,70000,40,2026,4,4
강동구,명일동,삼익그린2차,66.87,15,1983,39900,0,2026,4,17
강동구,상일동,고덕아르테온,84.97,11,2020,66000,0,2026,4,7
강동구,고덕동,고덕 아이파크,59.99,5,2011,57750,0,2026,4,16
강동구,천호동,태천와이드빌,84.75,4,2000,3000,200,2026,4,1
강동구,길동,현대1,84.87,18,1996,62000,0,2026,4,16
강동구,고덕동,고덕그라시움,113.192,17,2019,145000,0,2026,4,10
강동구,성내동,천호역효성해링턴타워,16.09,16,2023,1342,14,2026,4,16
강동구,성내동,천호역효성해링턴타워,16.09,4,2023,3687,6,2026,4,16
강동구,성내동,로얄,75.68,2,2003,45000,0,2026,4,15
강동구,천호동,아스하임,12.88,19,2021,1000,85,2026,4,14
강동구,고덕동,래미안힐스테이트고덕,84.94,24,2016,40000,165,2026,4,16
강동구,성내동,천호역효성해링턴타워,16.09,9,2023,2587,11,2026,4,16
강동구,성내동,천호역효성해링턴타워,16.09,24,2023,3687,6,2026,4,16
강동구,강일동,강일리버파크4단지,84.83,14,2009,60000,0,2026,4,16
강동구,강일동,강동리버스트7단지,29.35,8,2021,811,21,2026,4,16
강동구,강일동,힐스테이트리슈빌강일,84.8942,3,2023,12900,185,2026,4,15
강동구,고덕동,래미안힐스테이트고덕,59.35,12,2016,30100,70,2026,4,16
강동구,성내동,천호역효성해링턴타워,16.09,5,2023,1342,14,2026,4,16
강동구,성내동,천호역효성해링턴타워,16.09,5,2023,4312,19,2026,4,16
강동구,강일동,힐스테이트리슈빌강일,84.7324,6,2023,23000,140,2026,4,9
강동구,강일동,강동리버스트4단지,49.82,20,2020,5000,200,2026,4,4
강동구,상일동,고덕아르테온,84.97,25,2020,73000,80,2026,4,6
강동구,성내동,천호역효성해링턴타워,16.09,9,2023,2587,11,2026,4,16
강동구,둔촌동,더샵둔촌포레,84.9818,5,1984,83500,0,2026,4,16
강동구,성내동,천호역효성해링턴타워,33.28,12,2023,6481,10,2026,4,16
강동구,고덕동,고덕그라시움,84.046,2,2019,93000,0,2026,4,15
강동구,상일동,고덕아르테온,84.94,12,2020,73500,0,2026,4,4
강동구,성내동,천호역효성해링턴타워,16.09,4,2023,2587,11,2026,4,16
강동구,암사동,선사현대아파트,59.64,18,2000,50400,0,2026,4,16
강동구,천호동,강동밀레니얼중흥S-클래스,47.8419,21,2024,3950,24,2026,4,16
강동구,천호동,엘림스퀘어II,17.58,4,2019,14700,14,2026,4,16
강동구,강일동,강일리버파크5단지,49.9,7,2009,5100,22,2026,4,16
강동구,성내동,올림픽파크한양수자인,59.55,9,2016,20000,150,2026,4,16
강동구,성내동,천호역효성해링턴타워,16.09,24,2023,3731,6,2026,4,16
강동구,암사동,힐스테이트 강동 리버뷰,84.9979,5,2019,38201,0,2026,4,16
강동구,암사동,힐스테이트 강동 리버뷰,59.8917,9,2019,31689,0,2026,4,16
강동구,성내동,천호역효성해링턴타워,33.28,28,2023,6481,10,2026,4,16
강동구,강일동,고덕리엔파크2단지,49.92,13,2011,7497,14,2026,4,16
강동구,강일동,강일리버파크7단지,59.7,8,2009,44000,0,2026,4,16
강동구,상일동,고덕롯데캐슬베네루체,122.082,25,2019,10000,420,2026,4,16
강동구,암사동,힐스테이트 강동 리버뷰,59.8917,17,2019,31689,0,2026,4,16
강동구,강일동,강동리버스트8단지,74.77,5,2021,36382,0,2026,4,16
강동구,상일동,고덕롯데캐슬베네루체,84.146,25,2019,68250,0,2026,4,16
강동구,명일동,신동아,81.07,9,1986,52500,0,2026,4,16
강동구,성내동,천호역효성해링턴타워,16.09,5,2023,2587,11,2026,4,16
강동구,성내동,강동네스빌,48.19,7,2002,27300,25,2026,4,16
강동구,암사동,현대홈타운,84.98,10,2004,30000,180,2026,4,11
강동구,고덕동,고덕그라시움,97.784,19,2019,124000,0,2026,4,15
강동구,성내동,천호역효성해링턴타워,16.09,23,2023,3687,6,2026,4,16
강동구,상일동,중앙하이츠,84.23,11,1992,63000,0,2026,4,16
강동구,고덕동,래미안힐스테이트고덕,59.35,2,2016,42262,0,2026,4,16
강동구,둔촌동,대경베일리,54.1117,4,2024,52500,0,2026,4,3
강동구,상일동,고덕리엔파크3단지,59.83,10,2011,63000,0,2026,4,15
강동구,상일동,강동리엔파크14단지,49.69,5,2021,10000,160,2026,4,1
강동구,길동,도고하임,18.81,13,2014,500,74,2026,4,13
강동구,성내동,천호역효성해링턴타워,35.63,11,2023,4298,43,2026,4,16
강동구,암사동,삼성광나루,59.69,23,2002,47250,0,2026,4,2
강동구,상일동,고덕리엔파크3단지,59.94,13,2011,14521,0,2026,4,16
강동구,강일동,고덕리엔파크2단지,59.72,12,2011,25000,104,2026,4,15
강동구,성내동,천호역효성해링턴타워,16.09,4,2023,3687,6,2026,4,16
강동구,암사동,힐스테이트 강동 리버뷰,59.8917,12,2019,31689,0,2026,4,15
강동구,암사동,힐스테이트 강동 리버뷰,59.9958,5,2019,31689,0,2026,4,15
강동구,길동,현대웰하임(201동),13.773,5,2012,1050,38,2026,4,13
강동구,암사동,롯데캐슬퍼스트,102.34,26,2008,78750,0,2026,4,4
강동구,명일동,삼익그린2차,107.555,15,1983,57000,20,2026,4,11
강동구,암사동,롯데캐슬퍼스트,102.34,26,2008,78750,0,2026,4,4
강동구,천호동,천호역한강청년주택,14.07,9,2021,6013,32,2026,4,15
강동구,암사동,선사현대아파트,59.64,21,2000,20000,140,2026,4,4
강동구,강일동,고덕리엔파크2단지,59.9,7,2011,14521,0,2026,4,15
강동구,천호동,강동밀레니얼중흥S-클래스,47.8419,15,2024,3000,26,2026,4,13
강동구,성내동,현대,59.36,2,1987,20000,100,2026,4,11
강동구,암사동,선사현대아파트,59.64,5,2000,53000,0,2026,4,15
강동구,암사동,힐스테이트 강동 리버뷰,59.8917,24,2019,31689,0,2026,4,15
강동구,길동,에이치비골드빌(103동),74.51,9,2004,48000,0,2026,4,11
강동구,성내동,힐스테이트천호역젠트리스,84.7668,33,2024,90000,0,2026,4,11
강동구,천호동,래미안강동팰리스,84.97,25,2017,89000,0,2026,4,11
강동구,명일동,삼익그린2차,42.93,14,1983,10000,100,2026,4,14
강동구,고덕동,고덕그라시움,84.046,23,2019,87150,0,2026,4,14
강동구,길동,경지Arium,19.39,15,2019,10000,80,2026,4,14
강동구,강일동,고덕리엔파크2단지,114.98,13,2011,55188,0,2026,4,15
강동구,천호동,두산위브센티움,31.37,8,2004,7000,50,2026,4,14
강동구,암사동,롯데캐슬퍼스트,84.98,11,2008,40000,160,2026,4,7
강동구,암사동,선사현대아파트,72.85,2,2000,57000,0,2026,4,13
강동구,강일동,힐스테이트리슈빌강일,84.6505,1,2023,48800,0,2026,4,15
강동구,명일동,현대(명일),57.09,5,1988,29000,80,2026,4,11
강동구,암사동,힐스테이트 강동 리버뷰,59.9958,18,2019,31689,0,2026,4,15
강동구,암사동,선사현대아파트,82.94,18,2000,25000,0,2026,4,15
강동구,상일동,고덕아르테온,84.97,18,2020,60900,50,2026,4,15
강동구,고덕동,고덕그라시움,59.785,11,2019,9000,270,2026,4,14
강동구,암사동,힐스테이트 강동 리버뷰,59.8917,25,2019,31689,0,2026,4,15
강동구,암사동,힐스테이트 강동 리버뷰,59.8917,26,2019,31689,0,2026,4,15
강동구,암사동,힐스테이트 강동 리버뷰,84.9979,15,2019,38201,0,2026,4,15
강동구,강일동,강동리버스트8단지,49.8,7,2021,5197,32,2026,4,15
강동구,암사동,선사현대아파트,82.94,5,2000,65000,0,2026,4,15
강동구,명일동,한양,119.37,13,1986,50000,140,2026,4,13
강동구,암사동,힐스테이트 강동 리버뷰,84.9921,13,2019,38201,0,2026,4,14
강동구,둔촌동,올림픽파크포레온,49.95,10,2024,66000,0,2026,4,9
강동구,둔촌동,올림픽파크포레온,49.95,20,2024,55000,70,2026,4,10
강동구,상일동,고덕롯데캐슬베네루체,59.981,17,2019,15000,240,2026,4,14
강동구,암사동,힐스테이트 강동 리버뷰,84.9628,7,2019,38201,0,2026,4,14
강동구,고덕동,고덕그라시움,84.244,6,2019,84000,0,2026,4,11
강동구,고덕동,배재현대,84.9,6,1995,40000,86,2026,4,11
강동구,성내동,씨제이나인,84.42,4,2006,50400,0,2026,4,13
강동구,강일동,강일리버파크1단지,84.74,10,2009,30000,150,2026,4,4
강동구,강일동,강동리버스트4단지,49.82,17,2020,52000,0,2026,4,14
강동구,천호동,강동밀레니얼중흥S-클래스,47.8419,11,2024,3950,24,2026,4,14
강동구,암사동,힐스테이트 강동 리버뷰,59.9958,12,2019,31689,0,2026,4,14
강동구,성내동,메이저,84.83,2,2001,53000,0,2026,4,14
강동구,상일동,고덕롯데캐슬베네루체,84.146,9,2019,70000,40,2026,4,11
강동구,상일동,고덕자이,84.445,20,2021,20000,220,2026,4,14
강동구,고덕동,고덕 아이파크,84.98,5,2011,88000,0,2026,4,13
강동구,상일동,고덕아르테온,59.98,13,2020,30000,142,2026,4,14
강동구,강일동,강동리버스트7단지,49.36,3,2021,2190,38,2026,4,14
강동구,암사동,롯데캐슬퍼스트,59.99,3,2008,58800,0,2026,4,4
강동구,고덕동,고덕그라시움,59.785,7,2019,63000,0,2026,4,9
강동구,둔촌동,올림픽파크포레온,84.99,21,2024,145000,0,2026,4,14
강동구,암사동,힐스테이트 강동 리버뷰,59.9958,4,2019,31689,0,2026,4,14
강동구,명일동,삼익그린2차,54.81,8,1983,40000,0,2026,4,13
강동구,강일동,강동리버스트7단지,59.95,8,2021,33075,0,2026,4,14
강동구,성내동,SM엘루이,28.45,11,2019,29400,6,2026,4,13
강동구,암사동,현대홈타운,84.98,10,2004,75000,0,2026,4,4
강동구,암사동,힐스테이트 강동 리버뷰,59.9958,14,2019,31689,0,2026,4,13
강동구,암사동,힐스테이트 강동 리버뷰,59.8917,16,2019,31689,0,2026,4,13
강동구,암사동,선사현대아파트,59.64,7,2000,55000,0,2026,4,11
강동구,성내동,에스아이팰리스센트럴성내,14.0075,6,2021,17200,18,2026,4,13
강동구,상일동,고덕아르테온,84.97,3,2020,85000,0,2026,4,11
강동구,암사동,힐스테이트 강동 리버뷰,59.9958,10,2019,31689,0,2026,4,13
강동구,암사동,롯데캐슬퍼스트,111.22,15,2008,87150,0,2026,4,10
강동구,길동,라인,59.94,6,1998,48000,0,2026,4,13
강동구,상일동,고덕센트럴IPARK,84.97,2,2019,85000,0,2026,4,11
강동구,상일동,고덕아르테온,84.97,9,2020,60000,120,2026,4,7
강동구,암사동,힐스테이트 강동 리버뷰,59.9958,15,2019,31689,0,2026,4,13
강동구,상일동,고덕롯데캐슬베네루체,84.923,14,2019,65000,12,2026,4,13
강동구,명일동,삼익그린2차,66.87,13,1983,3000,200,2026,4,11
강동구,명일동,삼익그린2차,66.87,15,1983,45000,0,2026,4,3
강동구,암사동,힐스테이트 강동 리버뷰,59.9958,11,2019,31689,0,2026,4,13
강동구,암사동,힐스테이트 강동 리버뷰,59.8917,6,2019,31689,0,2026,4,13
강동구,명일동,고덕주공9,83.52,2,1985,55000,0,2026,4,13
강동구,암사동,힐스테이트 강동 리버뷰,84.9921,3,2019,38201,0,2026,4,13
강동구,암사동,힐스테이트 강동 리버뷰,59.8917,24,2019,31689,0,2026,4,13
강동구,천호동,래미안강동팰리스,59.98,26,2017,79000,0,2026,4,13
강동구,암사동,힐스테이트 강동 리버뷰,59.9958,21,2019,31689,0,2026,4,13
강동구,암사동,힐스테이트 강동 리버뷰,59.9958,24,2019,31689,0,2026,4,13
강동구,암사동,힐스테이트 강동 리버뷰,59.8917,15,2019,31689,0,2026,4,13
강동구,명일동,현대(명일),57.09,8,1988,49000,0,2026,4,11
강동구,강일동,힐스테이트리슈빌강일,84.6921,4,2023,5000,242,2026,4,13
강동구,고덕동,고덕센트럴푸르지오,59.06,35,2020,77000,0,2026,4,1
강동구,성내동,동아1,59.72,7,1997,48000,0,2026,4,13
강동구,고덕동,래미안힐스테이트고덕,84.9,10,2016,30000,163,2026,4,11
강동구,암사동,힐스테이트 강동 리버뷰,59.8917,14,2019,31689,0,2026,4,13
강동구,길동,에스아이팰리스강동센텀I,38.56,10,2023,39000,0,2026,4,6
강동구,천호동,아스하임,12.88,16,2021,16000,32,2026,4,13
강동구,암사동,힐스테이트 강동 리버뷰,84.9979,19,2019,38201,0,2026,4,13
강동구,암사동,힐스테이트 강동 리버뷰,59.9958,6,2019,31689,0,2026,4,13
강동구,명일동,래미안솔베뉴,59.32,10,2019,75000,0,2026,4,12
강동구,천호동,래미안강동팰리스,84.97,41,2017,96000,0,2026,4,11
강동구,고덕동,고덕 아이파크,177.99,6,2011,110000,100,2026,4,7
강동구,천호동,강동밀레니얼중흥S-클래스,47.8419,15,2024,3950,24,2026,4,13
강동구,명일동,고덕주공9,83.93,9,1985,47000,0,2026,4,11
강동구,고덕동,고덕그라시움,84.24,4,2019,94500,0,2026,4,11
강동구,명일동,삼익그린2차,66.87,7,1983,51000,0,2026,4,13
강동구,천호동,다성이즈빌아파트(55-25),84.95,5,2006,43000,10,2026,4,11
강동구,암사동,프라이어팰리스,84.949,4,2007,78000,0,2026,4,11
강동구,상일동,고덕아르테온,84.94,16,2020,95000,0,2026,4,11
강동구,고덕동,고덕그라시움,97.784,7,2019,34500,300,2026,4,10
강동구,상일동,고덕롯데캐슬베네루체,84.923,5,2019,63000,0,2026,4,11
강동구,성내동,광남캐스빌3,83.19,4,2004,49600,0,2026,4,11
강동구,암사동,롯데캐슬퍼스트,59.99,10,2008,10000,257,2026,4,9
강동구,고덕동,고덕그라시움,59.785,17,2019,66150,0,2026,4,11
강동구,명일동,명일우성,133.65,5,1986,37500,160,2026,4,8
강동구,암사동,힐스테이트 강동 리버뷰,59.9958,20,2019,31689,0,2026,4,13
강동구,고덕동,고덕그라시움,59.785,7,2019,66150,0,2026,4,10
강동구,상일동,고덕자이,84.445,25,2021,74500,0,2026,4,13
강동구,상일동,중앙하이츠,84.23,11,1992,40000,85,2026,4,11
강동구,상일동,고덕롯데캐슬베네루체,84.923,19,2019,85000,0,2026,4,6
강동구,고덕동,래미안힐스테이트고덕,84.83,15,2016,76500,0,2026,4,11
강동구,암사동,프라이어팰리스,59.983,12,2007,66000,0,2026,4,11
강동구,천호동,현대코아아파트,136.77,17,1999,40000,145,2026,4,11
강동구,성내동,포레스(C동),78.4,4,2003,45100,29,2026,4,11
강동구,성내동,집앤사비카,26.69,10,2020,29200,40,2026,4,11
강동구,암사동,힐스테이트 강동 리버뷰,59.9958,16,2019,31689,0,2026,4,12
강동구,고덕동,래미안힐스테이트고덕,59.35,25,2016,30000,132,2026,4,10
강동구,상일동,고덕롯데캐슬베네루체,84.146,7,2019,82000,0,2026,4,10
강동구,길동,골드클래스,59.14,10,2022,44000,0,2026,4,10
강동구,암사동,롯데캐슬퍼스트,84.81,2,2008,87000,0,2026,4,11
강동구,성내동,에스아이팰리스센트럴성내,14.04,6,2021,16800,14,2026,4,10
강동구,상일동,고덕롯데캐슬베네루체,84.146,2,2019,80000,0,2026,4,3
강동구,강일동,강동리버스트4단지,59.99,1,2020,20000,98,2026,4,11
강동구,강일동,강일리버파크1단지,84.53,8,2009,62000,0,2026,4,11
강동구,암사동,힐스테이트 강동 리버뷰,84.9628,12,2019,38201,0,2026,4,11
강동구,상일동,고덕아르테온,84.97,25,2020,10000,243,2026,4,11
강동구,성내동,성안마을청구,59.93,8,2002,60000,0,2026,4,7
강동구,길동,경지Arium,14.12,7,2019,18000,25,2026,4,10
강동구,천호동,대우한강베네시티,114.63,15,2007,10000,300,2026,4,4
강동구,암사동,힐스테이트 강동 리버뷰,59.8917,26,2019,31689,0,2026,4,10
강동구,암사동,힐스테이트 강동 리버뷰,59.9958,8,2019,31689,0,2026,4,10
강동구,고덕동,고덕그라시움,59.028,13,2019,35000,180,2026,4,10
강동구,명일동,삼익그린2차,54.81,5,1983,31248,0,2026,4,9
강동구,둔촌동,올림픽파크포레온,39.95,4,2024,50000,50,2026,4,10
강동구,암사동,힐스테이트 강동 리버뷰,84.9921,12,2019,38201,0,2026,4,10
강동구,천호동,현대아파트,44.1,7,1990,5000,140,2026,4,10
강동구,고덕동,래미안힐스테이트고덕,84.74,12,2016,73500,0,2026,4,9
강동구,명일동,삼익그린2차,66.87,10,1983,39900,0,2026,4,1
강동구,고덕동,고덕그라시움,59.785,12,2019,20000,240,2026,4,1
강동구,길동,강동와이시티,13.97,9,2014,1000,50,2026,4,2
강동구,성내동,현대,84.56,1,1987,55600,0,2026,4,10
강동구,천호동,성원아파트,83.15,13,1998,52500,0,2026,4,10
강동구,성내동,SM엘루이,14.83,8,2019,18144,9,2026,4,10
강동구,암사동,힐스테이트 강동 리버뷰,59.8917,7,2019,31689,0,2026,4,10
강동구,길동,길동생활B,17.11,7,2024,4900,48,2026,4,10
강동구,상일동,고덕아르테온,114.86,7,2020,105000,0,2026,4,10
강동구,상일동,e편한세상고덕어반브릿지,84.0835,7,2024,61000,0,2026,4,8
강동구,명일동,삼익그린2차,54.81,11,1983,10000,140,2026,4,4
강동구,길동,동삼빌라트,81.16,3,1998,53500,0,2026,4,6
강동구,강일동,힐스테이트리슈빌강일,84.7324,6,2023,18000,160,2026,4,9
강동구,상일동,고덕센트럴IPARK,74.88,5,2019,66150,0,2026,4,10
강동구,고덕동,래미안힐스테이트고덕,59.35,3,2016,42262,0,2026,4,9
강동구,상일동,고덕아르테온,59.98,7,2020,80000,0,2026,4,2
강동구,고덕동,아남1,78.3,7,1996,50000,0,2026,4,9
강동구,암사동,힐스테이트 강동 리버뷰,84.9979,5,2019,38201,0,2026,4,9
강동구,길동,길동생활A,17.11,12,2024,4900,48,2026,4,10
강동구,고덕동,래미안힐스테이트고덕,97,26,2016,76650,0,2026,4,2
강동구,둔촌동,올림픽파크포레온,84.99,27,2024,95000,150,2026,4,8
강동구,암사동,힐스테이트 강동 리버뷰,59.9958,8,2019,31689,0,2026,4,9
강동구,길동,현대웰하임(201동),13.773,5,2012,1000,44,2026,4,1
강동구,천호동,로데오팰리스,14.41,7,2022,1000,85,2026,4,9
강동구,둔촌동,올림픽파크포레온,49.95,29,2024,66000,0,2026,4,9
강동구,길동,도고하임,18.81,12,2014,200,90,2026,4,9
강동구,둔촌동,올림픽파크포레온,39.95,33,2024,20000,180,2026,4,2
강동구,천호동,엘림스퀘어II,17.58,9,2019,1000,70,2026,4,6
강동구,상일동,고덕아르테온,59.98,19,2020,20000,172,2026,4,5
강동구,명일동,고덕주공9,83.52,6,1985,37800,0,2026,4,4
강동구,고덕동,고덕그라시움,59.052,14,2019,10000,240,2026,4,9
강동구,고덕동,고덕풍경채어바니티,84.1,10,2024,63000,0,2026,4,4
강동구,암사동,암사e편한세상,84.98,11,2005,57000,35,2026,4,7
강동구,길동,현대웰하임(101동),16.959,9,2012,10000,15,2026,4,8
강동구,상일동,고덕롯데캐슬베네루체,84.923,6,2019,68250,0,2026,4,4
강동구,길동,경지Arium,14.12,12,2019,19500,0,2026,4,9
강동구,천호동,현진리버파크,14.9,3,2017,18500,0,2026,4,8
강동구,고덕동,고덕그라시움,59.028,11,2019,68000,0,2026,4,8
강동구,상일동,e편한세상고덕어반브릿지,84.4162,9,2024,57700,0,2026,4,8
강동구,암사동,힐스테이트 강동 리버뷰,59.9958,4,2019,31689,0,2026,4,8
강동구,둔촌동,더샵파크솔레이유,42.84,5,2023,5000,100,2026,4,7
강동구,강일동,강동리버스트7단지,49.36,8,2021,7788,17,2026,4,8
강동구,강일동,강일리버파크9단지,84.74,10,2009,65000,0,2026,4,7
강동구,고덕동,래미안힐스테이트고덕,59.35,25,2016,50000,100,2026,4,8
강동구,길동,강동LG자이,84.88,12,2003,15000,210,2026,4,6
강동구,명일동,원일타워,14.25,14,2020,8000,41,2026,4,4
강동구,암사동,선사현대아파트,82.94,26,2000,62000,0,2026,4,4
강동구,성내동,아이퍼스트빌,15.94,16,2012,1000,65,2026,4,7
강동구,성내동,천호역효성해링턴타워,16.09,28,2023,3687,6,2026,4,8
강동구,암사동,롯데캐슬퍼스트,59.99,14,2008,12000,187,2026,4,8
강동구,둔촌동,올림픽파크포레온,39.95,24,2024,20000,160,2026,4,4
강동구,고덕동,고덕그라시움,59.028,16,2019,65000,0,2026,4,3
강동구,천호동,천호역한강청년주택,49.91,14,2021,20000,27,2026,4,8
강동구,고덕동,고덕그라시움,73.873,15,2019,85000,0,2026,4,8
강동구,명일동,래미안솔베뉴,59.11,22,2019,78000,0,2026,4,7
강동구,명일동,삼익그린2차,84.755,1,1983,58800,0,2026,4,2
강동구,길동,다성이즈빌(387-2),20.69,10,2019,19000,20,2026,4,7
강동구,성내동,에스아이팰리스센트럴성내,14.04,13,2021,22500,0,2026,4,7
강동구,고덕동,고덕센트럴푸르지오,59.14,30,2020,10000,260,2026,4,3
강동구,상일동,고덕아르테온,84.97,22,2020,10000,186,2026,4,7
강동구,둔촌동,둔촌푸르지오,113.67,2,2010,78000,0,2026,4,4
강동구,암사동,힐스테이트 강동 리버뷰,59.8917,22,2019,31689,0,2026,4,7
강동구,상일동,고덕롯데캐슬베네루체,84.923,6,2019,80000,0,2026,4,4
강동구,상일동,고덕롯데캐슬베네루체,84.923,15,2019,59300,0,2026,4,7
강동구,강일동,강동리버스트8단지,59.97,11,2021,48300,0,2026,4,7
강동구,암사동,힐스테이트 강동 리버뷰,59.8917,5,2019,31689,0,2026,4,6
강동구,암사동,힐스테이트 강동 리버뷰,59.9958,11,2019,31689,0,2026,4,7
강동구,암사동,힐스테이트 강동 리버뷰,59.9958,19,2019,31689,0,2026,4,6
강동구,둔촌동,올림픽파크포레온,84.99,18,2024,60000,300,2026,4,4
