구,법정동,아파트명,전용면적,층,건축년도,보증금,월세,년,월,일
종로구,창신동,창신쌍용1,54.7,4,1992,42000,0,2026,5,27
종로구,숭인동,블루버드숭인,27.3,10,2023,35000,0,2026,5,21
종로구,효제동,이지마루종로,24.44,7,2021,26800,26,2026,5,14
종로구,교북동,동아,59.98,2,1995,47000,0,2026,5,16
종로구,숭인동,영하우스,18.37,12,2015,4712,43,2026,5,27
종로구,창신동,창신쌍용1,54.7,8,1992,13000,80,2026,5,16
종로구,창신동,두산,59.95,14,1999,10000,137,2026,5,18
종로구,숭인동,종로아인스빌,12.15,10,2013,8400,21,2026,5,26
종로구,무악동,현대,60,4,2000,44961,0,2026,5,8
종로구,홍파동,경희궁자이(2단지),84.8359,17,2017,8000,500,2026,5,30
종로구,효제동,포레스트힐시티,16.672,8,2017,1000,85,2026,5,28
종로구,숭인동,종로센트레빌,114.67,4,2008,80000,0,2026,5,13
종로구,효제동,포레스트힐시티,14.1832,14,2017,1000,80,2026,5,28
종로구,효제동,이지마루종로,24.44,9,2021,3000,135,2026,5,30
종로구,창신동,두산,59.95,19,1999,5000,160,2026,5,30
종로구,숭인동,종로동광모닝스카이,15.855,11,2013,500,60,2026,5,28
종로구,숭인동,영하우스,21.91,7,2015,4940,45,2026,5,18
종로구,홍파동,경희궁자이(2단지),84.9071,14,2017,10000,490,2026,5,25
종로구,숭인동,숭인한양LEEPS,12.78,8,2014,500,65,2026,5,7
종로구,창신동,창신쌍용2,79.87,4,1993,33000,45,2026,5,27
종로구,숭인동,블루버드숭인,27.3,9,2023,3000,182,2026,5,22
종로구,숭인동,종로유케이201,12.01,9,2013,500,55,2026,5,25
종로구,숭인동,익성씨티하임,15.76,15,2013,500,67,2026,5,21
종로구,숭인동,청계로벤하임,39.995,12,2023,8640,87,2026,5,6
종로구,연건동,이화에수풀,16.98,4,2014,1000,87,2026,5,23
종로구,숭인동,종로유케이201,12.01,11,2013,500,55,2026,5,20
종로구,무악동,현대,84.92,5,2000,60000,0,2026,5,30
종로구,무악동,무악다온채,84.82,6,2011,57000,0,2026,5,25
종로구,숭인동,롯데캐슬천지인,112.54,17,2004,84000,0,2026,5,30
종로구,무악동,현대,84.92,2,2000,10000,270,2026,5,11
종로구,교북동,경희궁자이(4단지),37.2635,7,2017,53700,0,2026,5,29
종로구,효제동,포레스트힐시티,20.3861,7,2017,1000,100,2026,5,29
종로구,평동,경희궁자이(3단지),84.614,15,2017,60000,220,2026,5,22
종로구,숭인동,종로아인스빌,12.15,13,2013,500,65,2026,5,14
종로구,창신동,창신쌍용2,79.87,13,1993,49000,0,2026,5,16
종로구,충신동,힐스테이트창경궁,63.09,6,2022,25000,167,2026,5,20
종로구,명륜2가,아남1,84.9,14,1995,20000,188,2026,5,30
종로구,숭인동,삼전솔하임2차,15,9,2012,500,68,2026,5,19
종로구,창신동,창신쌍용2,106.62,4,1993,55000,0,2026,5,22
종로구,숭인동,청계로벤하임,30.96,5,2023,6645,11,2026,5,20
종로구,무악동,인왕산2차아이파크,84.0284,8,2015,85000,0,2026,5,16
종로구,효제동,포레스트힐시티,35.8451,14,2017,3000,160,2026,5,19
종로구,효제동,포레스트힐시티,35.8451,14,2017,3000,160,2026,5,19
종로구,익선동,현대뜨레비앙,48.54,6,2003,30000,0,2026,5,27
종로구,평동,경희궁자이(3단지),84.614,5,2017,112350,0,2026,5,23
종로구,견지동,대성스카이렉스,149.8,14,2008,5000,550,2026,5,30
종로구,숭인동,종로아인스빌,12.15,10,2013,8400,21,2026,5,26
종로구,무악동,경희궁롯데캐슬,84.8792,2,2019,94500,0,2026,5,27
종로구,숭인동,종로아인스빌,12.15,11,2013,500,65,2026,5,27
종로구,숭인동,청계로벤하임,20.247,7,2023,7470,35,2026,5,29
종로구,당주동,세종,102.89,5,1983,55000,0,2026,5,9
종로구,창신동,창신이수,68.06,2,2003,40500,0,2026,5,30
종로구,무악동,인왕산아이파크,84.858,13,2008,90000,0,2026,5,16
종로구,충신동,힐스테이트창경궁,76.82,10,2022,5000,289,2026,5,26
종로구,숭인동,버넷하임1,17.93,14,2013,500,70,2026,5,6
종로구,교북동,경희궁자이(4단지),37.2635,12,2017,20000,165,2026,5,20
종로구,평동,경희궁자이(3단지),84.8359,3,2017,10000,450,2026,5,22
종로구,익선동,현대뜨레비앙,45.5,4,2003,3000,130,2026,5,22
종로구,무악동,경희궁롯데캐슬,84.8792,2,2019,94500,0,2026,5,27
종로구,숭인동,삼전솔하임2차,14.69,10,2012,500,65,2026,5,22
종로구,평창동,갑을아파트,30.46,12,1997,1000,65,2026,5,8
종로구,숭인동,영하우스,20.27,18,2015,2000,58,2026,5,9
종로구,익선동,현대뜨레비앙,43.98,6,2003,1000,100,2026,5,4
종로구,숭인동,영하우스,20.27,18,2015,2000,58,2026,5,4
종로구,효제동,포레스트힐시티,16.672,8,2017,3000,75,2026,5,13
종로구,숭인동,에비뉴청계Ⅱ,17.04,12,2025,1000,125,2026,5,30
종로구,효제동,포레스트힐시티,16.672,8,2017,3000,75,2026,5,13
종로구,무악동,현대,114.9,18,2000,30000,220,2026,5,30
종로구,교북동,경희궁자이(4단지),37.2635,5,2017,60000,0,2026,5,29
종로구,명륜2가,아남1,84.9,7,1995,80000,0,2026,5,27
종로구,숭인동,영하우스,16.59,5,2015,2000,46,2026,5,26
종로구,숭인동,종로중흥S클래스,17.811,11,2013,500,70,2026,5,27
종로구,교북동,경희궁자이(4단지),37.2635,19,2017,25000,70,2026,5,29
종로구,내수동,경희궁의아침3단지,150.48,6,2004,20000,500,2026,5,11
종로구,교북동,동아,59.98,6,1995,10000,180,2026,5,29
종로구,평동,경희궁자이(3단지),59.9425,8,2017,55000,185,2026,5,25
종로구,홍파동,경희궁자이(2단지),84.8359,9,2017,20000,390,2026,5,14
종로구,명륜1가,건양하늘터,84.78,1,2006,68000,0,2026,5,23
종로구,숭인동,익성씨티하임,15.42,13,2013,1500,63,2026,5,9
종로구,창신동,창신쌍용1,54.7,4,1992,42000,0,2026,5,27
종로구,교북동,경희궁자이(4단지),37.2635,16,2017,60000,0,2026,5,27
종로구,평동,경희궁자이(3단지),84.614,4,2017,110000,0,2026,5,16
종로구,홍파동,경희궁자이(2단지),59.8547,19,2017,0,400,2026,5,13
종로구,통인동,효자,43.31,3,1999,2000,72,2026,5,13
종로구,숭인동,청계로벤하임,30.96,11,2023,6645,11,2026,5,27
종로구,창신동,창신쌍용1,54.7,5,1992,33000,0,2026,5,26
종로구,숭인동,종로중흥S클래스,19.466,10,2013,6000,45,2026,5,25
종로구,충신동,힐스테이트창경궁,76.82,10,2022,5000,289,2026,5,26
종로구,교북동,경희궁자이(4단지),37.2635,8,2017,60000,0,2026,5,23
종로구,낙원동,낙원,65.92,7,1968,30000,0,2026,5,4
종로구,무악동,현대,60,3,2000,52000,0,2026,5,23
종로구,무악동,현대,114.9,8,2000,85000,0,2026,5,22
종로구,창신동,두산,59.95,14,1999,10000,137,2026,5,18
종로구,익선동,현대뜨레비앙,48.54,6,2003,30000,0,2026,5,27
종로구,무악동,인왕산아이파크,157.289,11,2008,100000,0,2026,5,1
종로구,홍파동,경희궁자이(2단지),84.8359,19,2017,110000,100,2026,5,22
종로구,숭인동,종로청계힐스테이트,84.9478,5,2009,66000,0,2026,5,15
종로구,무악동,현대,84.92,16,2000,10000,233,2026,5,20
종로구,홍파동,경희궁자이(2단지),59.895,10,2017,15000,302,2026,5,26
종로구,홍파동,경희궁자이(2단지),59.895,11,2017,74500,100,2026,5,26
종로구,평동,경희궁자이(3단지),84.8359,3,2017,80000,165,2026,5,23
종로구,평동,경희궁자이(3단지),84.614,5,2017,123000,0,2026,5,22
종로구,무악동,인왕산아이파크,84.858,12,2008,87000,0,2026,5,22
종로구,명륜1가,건양하늘터,84.78,1,2006,68000,0,2026,5,23
종로구,홍파동,경희궁자이(2단지),84.8359,7,2017,115500,0,2026,5,23
종로구,당주동,세종,91.68,4,1983,39000,0,2026,5,16
종로구,홍파동,경희궁자이(2단지),59.895,5,2017,109000,0,2026,5,22
종로구,행촌동,경희궁자이(1단지),39.0561,15,2017,16795,47,2026,5,21
종로구,창신동,창림,58.62,1,1994,24000,0,2026,5,22
종로구,사직동,광화문스페이스본(101동~105동),126.34,3,2008,75600,160,2026,5,18
종로구,숭인동,종로청계힐스테이트,59.9426,1,2009,20000,120,2026,5,20
종로구,창신동,두산,59.95,12,1999,56000,0,2026,5,21
종로구,창신동,창신쌍용1,106.62,1,1992,35000,100,2026,5,19
종로구,숭인동,영하우스,20.27,10,2015,2000,55,2026,5,12
종로구,구기동,마운틴뷰,64.39,1,2019,42000,0,2026,5,18
종로구,당주동,세종,102.89,2,1983,5000,240,2026,5,14
종로구,홍파동,경희궁자이(2단지),59.8547,18,2017,30000,260,2026,5,12
종로구,인의동,효성쥬얼리시티,141.04,19,2006,80000,140,2026,5,18
종로구,효제동,이지마루종로,24.44,7,2021,26800,26,2026,5,14
종로구,숭인동,에비뉴청계Ⅰ,24.52,10,2023,4000,155,2026,5,14
종로구,창신동,창신쌍용1,54.7,3,1992,36750,0,2026,5,14
종로구,숭인동,종로중흥S클래스,19.466,12,2013,11400,15,2026,5,18
종로구,무악동,현대,114.9,14,2000,10000,290,2026,5,18
종로구,인의동,효성쥬얼리시티,141.04,19,2006,80000,140,2026,5,18
종로구,숭인동,익성씨티하임,15.76,14,2013,1000,65,2026,5,4
종로구,숭인동,종로센트레빌,114.67,4,2008,80000,0,2026,5,13
종로구,숭인동,블루버드숭인,28.21,14,2023,25000,50,2026,5,18
종로구,내수동,경희궁의아침4단지,124.17,4,2004,126000,0,2026,5,1
종로구,창신동,MID그린(1동),59.55,1,2002,23000,0,2026,5,16
종로구,행촌동,경희궁자이(1단지),39.0561,4,2017,15759,42,2026,5,15
종로구,무악동,인왕산아이파크,84.858,17,2008,82000,0,2026,5,9
종로구,숭인동,영하우스,16.59,16,2015,2000,51,2026,5,12
종로구,창신동,창신쌍용1,54.7,10,1992,33500,0,2026,5,15
종로구,숭인동,삼전솔하임2차,15,4,2012,500,60,2026,5,12
종로구,충신동,힐스테이트창경궁,63.09,11,2022,5000,250,2026,5,13
종로구,숭인동,종로센트레빌,59.92,1,2008,43500,0,2026,5,9
종로구,숭인동,숭인모범102동,59.8,7,2000,30050,10,2026,5,14
종로구,숭인동,종로센트레빌,114.67,4,2008,80000,0,2026,5,13
종로구,내수동,세종로대우,109.91,10,1994,90000,0,2026,5,13
종로구,평창동,삼성,59.97,14,1998,36500,0,2026,5,13
종로구,효제동,포레스트힐시티,18.274,14,2017,2000,100,2026,5,11
종로구,숭인동,청계로벤하임,20.321,3,2023,4480,49,2026,5,13
종로구,평창동,갑을아파트,32.54,11,1997,1000,65,2026,5,12
종로구,숭인동,블루버드숭인,27.3,5,2023,3000,155,2026,5,12
종로구,평동,경희궁자이(3단지),84.614,3,2017,20000,400,2026,5,12
종로구,인의동,효성쥬얼리시티,98.39,12,2006,5500,95,2026,5,12
종로구,숭인동,영하우스,20.27,16,2015,3700,42,2026,5,12
종로구,숭인동,COZY빌딩,15.306,7,2013,1000,60,2026,5,9
종로구,무악동,현대,84.92,18,2000,73000,0,2026,5,9
종로구,사직동,광화문스페이스본(101동~105동),151.81,1,2008,135000,0,2026,5,7
종로구,창신동,두산,59.95,13,1999,55000,0,2026,5,11
종로구,숭인동,청계로벤하임,20.247,3,2023,14940,1,2026,5,7
종로구,교북동,경희궁자이(4단지),45.879,14,2017,60000,63,2026,5,9
종로구,숭인동,종로청계힐스테이트,59.9426,7,2009,46000,70,2026,5,7
종로구,충신동,힐스테이트창경궁,84.95,10,2022,100000,0,2026,5,8
종로구,홍파동,경희궁자이(2단지),84.8359,14,2017,4000,440,2026,5,5
종로구,평창동,갑을아파트,30.46,6,1997,17000,0,2026,5,8
종로구,숭인동,청계로벤하임,30.96,11,2023,23590,2,2026,5,6
종로구,창신동,덕산,59.28,3,1999,29000,0,2026,5,6
종로구,창신동,창신쌍용2,64.66,11,1993,5000,160,2026,5,7
종로구,숭인동,숭인모범104동,54.72,1,2000,16000,10,2026,5,7
종로구,충신동,힐스테이트창경궁,76.82,5,2022,66000,0,2026,5,6
종로구,효제동,포레스트힐시티,14.6825,9,2017,1000,82,2026,5,6
종로구,숭인동,숭인모범104동,59.74,3,2000,25000,20,2026,5,7
종로구,내수동,경희궁의아침2단지,124.17,5,2004,125000,0,2026,5,6
종로구,숭인동,청계로벤하임,29.797,8,2023,16520,33,2026,5,6
종로구,창신동,창신쌍용2,54.7,9,1993,34372,0,2026,5,4
종로구,창신동,창신쌍용2,79.87,11,1993,47000,0,2026,5,2
종로구,창신동,두산,59.95,1,1999,47000,0,2026,5,4
종로구,명륜2가,명륜동주상복합아남아파트,59.36,2,1999,45000,0,2026,5,2
종로구,무악동,인왕산2차아이파크,84.3367,1,2015,70000,0,2026,5,2
종로구,평동,경희궁자이(3단지),59.7547,8,2017,105000,0,2026,5,1
종로구,효제동,포레스트힐시티,14.1832,7,2017,1000,78,2026,5,4
종로구,창신동,창신쌍용2,54.7,9,1993,34372,0,2026,5,4
종로구,무악동,인왕산아이파크,84.858,14,2008,80000,0,2026,5,4
중구,중림동,삼성사이버빌리지,114.77,15,2001,105000,0,2026,5,17
중구,만리동2가,서울역센트럴자이,72.9965,15,2017,69630,13,2026,5,19
중구,신당동,남산타운,59.94,13,2002,10000,200,2026,5,22
중구,황학동,롯데캐슬,59.91,17,2008,65000,0,2026,5,18
중구,인현동2가,세운푸르지오헤리시티,28.4064,25,2023,3000,140,2026,5,27
중구,회현동2가,쌍용남산플래티넘,139.8,4,2010,65000,300,2026,5,25
중구,신당동,신당역솔하임,16.37,17,2016,13900,50,2026,5,23
중구,신당동,남산타운,84.88,4,2002,10000,280,2026,5,20
중구,입정동,힐스테이트세운센트럴2단지,45.9844,19,2023,5000,250,2026,5,19
중구,황학동,롯데캐슬,84.97,31,2008,5000,270,2026,5,28
중구,충무로4가,남산센트럴자이,80.473,11,2009,75600,0,2026,5,27
중구,황학동,청계리버팰리스A,26.14,13,2019,15000,48,2026,5,11
중구,입정동,힐스테이트세운센트럴2단지,45.9844,13,2023,62500,25,2026,5,21
중구,신당동,남산타운,84.88,8,2002,73000,0,2026,5,30
중구,만리동2가,서울역센트럴자이,39.9541,6,2017,1514,21,2026,5,14
중구,황학동,위너빌(Winnervill),28.78,6,2018,26500,0,2026,5,4
중구,신당동,약수하이츠,57.63,9,1999,15000,170,2026,5,28
중구,장충동2가,파크원빌,13.12,6,2011,1000,65,2026,5,18
중구,충무로4가,남산센트럴자이,135.533,6,2009,10000,520,2026,5,30
중구,신당동,남산타운,84.88,16,2002,45000,100,2026,5,26
중구,신당동,남산타운,59.94,7,2002,5000,220,2026,5,16
중구,정동,삼정아트테라스정동,18.0824,2,2020,5000,90,2026,5,11
중구,신당동,청구e편한세상,59.89,3,2011,62730,0,2026,5,23
중구,신당동,약수역더시티,18.86,8,2021,3000,105,2026,5,20
중구,만리동2가,서울역센트럴자이,72.9932,24,2017,93000,0,2026,5,13
중구,신당동,남산타운,59.94,18,2002,60000,0,2026,5,21
중구,신당동,신당푸르지오,84.39,12,2005,20000,200,2026,5,28
중구,만리동2가,서울역센트럴자이,84.972,11,2017,10000,350,2026,5,23
중구,신당동,현대,66.6,15,1993,40000,0,2026,5,30
중구,신당동,현대,122.275,3,1993,64000,0,2026,5,30
중구,황학동,롯데캐슬,84.9,33,2008,5000,232,2026,5,22
중구,순화동,바비엥3,65.71,13,2006,3000,230,2026,5,25
중구,신당동,청구e편한세상,59.89,3,2011,62730,0,2026,5,23
중구,신당동,남산타운,114.88,7,2002,90000,0,2026,5,11
중구,장충동2가,파크원빌,13.51,5,2011,1000,65,2026,5,29
중구,흥인동,위더스하임,16.18,12,2018,18600,0,2026,5,5
중구,회현동1가,SK리더스뷰남산,205.62,12,2010,0,1225,2026,5,26
중구,남대문로5가,남산트라팰리스,142.23,16,2010,10000,800,2026,5,13
중구,신당동,청구e편한세상,59.88,7,2011,35000,0,2026,5,26
중구,중림동,더플레이스충정로,22.67,2,2012,1000,78,2026,5,23
중구,만리동2가,서울역센트럴자이,84.9918,12,2017,1000,85,2026,5,1
중구,만리동2가,서울역센트럴자이,84.9918,12,2017,1000,85,2026,5,1
중구,신당동,신당푸르지오,84.76,5,2005,15000,240,2026,5,16
중구,인현동2가,세운푸르지오헤리시티,29.4564,15,2023,2000,145,2026,5,30
중구,입정동,힐스테이트세운센트럴2단지,49.7623,23,2023,5000,350,2026,5,15
중구,인현동2가,세운푸르지오헤리시티,28.4064,26,2023,2000,170,2026,5,11
중구,신당동,남산타운,59.94,18,2002,55650,0,2026,5,11
중구,신당동,래미안하이베르,117,7,2011,60001,116,2026,5,28
중구,신당동,남산타운,114.88,1,2002,85000,0,2026,5,23
중구,신당동,삼성,84.96,4,1999,35000,140,2026,5,29
중구,신당동,래미안하이베르,117,5,2011,40000,170,2026,5,28
중구,인현동2가,세운푸르지오헤리시티,29.4564,21,2023,2000,160,2026,5,22
중구,신당동,남산타운,59.94,11,2002,30000,140,2026,5,23
중구,황학동,한양I-Class,16.37,15,2013,1000,72,2026,5,25
중구,신당동,약수하이츠,84.88,19,1999,75000,0,2026,5,30
중구,충무로4가,남산센트럴자이,137.166,21,2009,10000,474,2026,5,15
중구,장충동1가,상지리츠빌장충동카일룸,244.75,3,2008,450000,0,2026,5,27
중구,만리동2가,서울역센트럴자이,39.9541,8,2017,5536,7,2026,5,15
중구,신당동,남산타운,59.94,6,2002,45000,0,2026,5,25
중구,만리동2가,서울역센트럴자이,84.9918,8,2017,71400,0,2026,5,29
중구,인현동2가,인현상가/신성아파트,49.88,8,1968,17850,0,2026,5,7
중구,순화동,덕수궁롯데캐슬,42.3686,10,2016,25000,100,2026,5,11
중구,신당동,약수하이츠,57.63,5,1999,55000,0,2026,5,30
중구,황학동,롯데캐슬,84.97,21,2008,3000,210,2026,5,30
중구,입정동,힐스테이트세운센트럴2단지,49.2134,15,2023,62000,0,2026,5,12
중구,신당동,약수하이츠,84.88,10,1999,10000,250,2026,5,5
중구,회현동1가,삼풍,63.87,6,1975,300,130,2026,5,25
중구,인현동2가,세운푸르지오헤리시티,24.5533,14,2023,2000,150,2026,5,24
중구,신당동,현대,79.11,14,1993,56500,0,2026,5,29
중구,황학동,청계리버팰리스A,26.14,13,2019,15000,48,2026,5,11
중구,순화동,덕수궁롯데캐슬,56.2897,7,2016,67000,0,2026,5,14
중구,신당동,삼성,84.96,14,1999,73000,0,2026,5,29
중구,신당동,약수하이츠,65.37,8,1999,30000,100,2026,5,30
중구,만리동2가,서울역한라비발디센트럴,84.9774,4,2018,80000,0,2026,5,31
중구,순화동,순화동더샵,84.9,8,2007,5000,380,2026,5,30
중구,입정동,힐스테이트세운센트럴1단지,46.6997,9,2023,5000,250,2026,5,9
중구,신당동,래미안하이베르,59.95,5,2011,66150,0,2026,5,19
중구,인현동2가,세운푸르지오헤리시티,29.4564,20,2023,34000,0,2026,5,29
중구,정동,삼정아트테라스정동,23.4274,5,2020,36000,0,2026,5,10
중구,신당동,남산타운,84.88,5,2002,1000,100,2026,5,29
중구,중림동,리하우스(LEEHAUS),43.056,8,2011,10000,77,2026,5,14
중구,신당동,남산타운,59.94,8,2002,43000,0,2026,5,28
중구,정동,삼정아트테라스정동,24.2849,8,2020,2000,184,2026,5,1
중구,황학동,롯데캐슬,59.94,19,2008,5000,220,2026,5,8
중구,신당동,남산타운,84.88,18,2002,5000,230,2026,5,26
중구,신당동,한스아파트,16.64,7,2011,15000,0,2026,5,4
중구,회현동2가,쌍용남산플래티넘,166.24,23,2010,165000,0,2026,5,28
중구,만리동2가,서울역센트럴자이,39.9541,4,2017,5536,7,2026,5,18
중구,흥인동,동대문와이즈캐슬,15.55,13,2014,1000,74,2026,5,12
중구,황학동,신당블루카운티,59.56,2,2016,44000,50,2026,5,23
중구,황학동,롯데캐슬,114.9,27,2008,81500,0,2026,5,28
중구,황학동,롯데캐슬,59.94,20,2008,50000,40,2026,5,16
중구,황학동,청계리버팰리스A,34.26,11,2019,5000,110,2026,5,28
중구,신당동,삼성,84.96,17,1999,71000,0,2026,5,21
중구,신당동,약수하이츠,114.92,6,1999,10000,170,2026,5,23
중구,입정동,힐스테이트세운센트럴2단지,49.9902,21,2023,75000,0,2026,5,7
중구,황학동,그랜드힐오피스텔,24.48,10,2017,2000,70,2026,5,21
중구,신당동,남산타운,59.94,12,2002,45000,70,2026,5,1
중구,신당동,약수하이츠,65.37,1,1999,65000,0,2026,5,25
중구,신당동,약수하이츠,57.63,10,1999,43050,0,2026,5,23
중구,신당동,약수하이츠,84.88,2,1999,30000,130,2026,5,26
중구,묵정동,힐스테이트남산,49.22,6,2024,62000,0,2026,5,23
중구,황학동,한양I-Class,24.67,13,2013,3700,83,2026,5,27
중구,황학동,그랜드힐오피스텔,21.72,11,2017,13500,20,2026,5,15
중구,신당동,그린빌,69.2,3,2003,26000,80,2026,5,27
중구,흥인동,동대문와이즈캐슬,16.55,12,2014,2000,70,2026,5,11
중구,신당동,약수하이츠,84.88,14,1999,7000,265,2026,5,25
중구,충무로5가,이지마루충무로,28.43,14,2020,18000,60,2026,5,16
중구,신당동,신당역솔하임,16.37,17,2016,13900,50,2026,5,23
중구,순화동,덕수궁롯데캐슬,82.3212,15,2016,101850,0,2026,5,26
중구,신당동,남산타운,84.88,4,2002,75000,0,2026,5,23
중구,만리동1가,LIG서울역리가,84.9866,8,2012,65800,0,2026,5,23
중구,인현동2가,세운푸르지오헤리시티,29.4564,10,2023,500,150,2026,5,22
중구,신당동,약수하이츠,84.88,16,1999,80000,0,2026,5,8
중구,인현동2가,세운푸르지오헤리시티,28.4064,15,2023,20000,55,2026,5,23
중구,순화동,덕수궁롯데캐슬,56.2897,5,2016,45000,81,2026,5,19
중구,만리동2가,서울역센트럴자이,72.9733,22,2017,95000,0,2026,5,25
중구,신당동,남산타운,84.88,11,2002,74500,0,2026,5,23
중구,묵정동,힐스테이트남산,38.95,9,2024,52500,0,2026,5,16
중구,신당동,남산타운,114.88,6,2002,76000,0,2026,5,9
중구,인현동2가,세운푸르지오헤리시티,24.5533,16,2023,3000,160,2026,5,23
중구,신당동,동산,41.37,-1,2001,2000,60,2026,5,6
중구,신당동,남산타운,114.88,18,2002,85000,0,2026,5,22
중구,입정동,힐스테이트세운센트럴2단지,49.9619,19,2023,5000,300,2026,5,15
중구,신당동,남산타운,84.88,9,2002,60760,0,2026,5,21
중구,만리동2가,서울역한라비발디센트럴,84.9774,11,2018,10000,340,2026,5,22
중구,중림동,리하우스(LEEHAUS),43.056,4,2011,10000,77,2026,5,7
중구,충무로5가,충무로엘크루메크로시티2차,22.75,20,2016,10000,45,2026,5,22
중구,만리동2가,서울역센트럴자이,59.9808,16,2017,10000,320,2026,5,14
중구,황학동,청계리버팰리스A,26.14,13,2019,15000,48,2026,5,11
중구,신당동,신당동파라다이스,59.9,5,2000,49000,0,2026,5,15
중구,만리동2가,서울역한라비발디센트럴,84.9774,2,2018,90000,0,2026,5,7
중구,오장동,오렌지카운티을지로,12.43,13,2020,1000,69,2026,5,16
중구,인현동2가,세운푸르지오헤리시티,28.4064,11,2023,30000,16,2026,5,9
중구,신당동,현대,121.14,10,1993,43000,38,2026,5,21
중구,만리동1가,LIG서울역리가,84.9566,7,2012,87000,0,2026,5,21
중구,만리동2가,서울역센트럴자이,84.9918,18,2017,5000,315,2026,5,12
중구,충무로4가,남산센트럴자이,89.307,6,2009,1500,420,2026,5,1
중구,신당동,청구e편한세상,118.47,4,2011,115500,0,2026,5,20
중구,광희동1가,광희동1가166외7필지청년주택신축,14.17,13,2023,9450,33,2026,5,21
중구,신당동,신당푸르지오,145.1,1,2005,95000,0,2026,5,20
중구,만리동2가,서울역센트럴자이,84.9918,18,2017,1000,85,2026,5,20
중구,신당동,남산타운,114.88,2,2002,78000,0,2026,5,14
중구,신당동,다다아파트,59.95,1,2000,18000,15,2026,5,19
중구,신당동,신당푸르지오,145.1,1,2005,95000,0,2026,5,20
중구,신당동,약수역더시티,18.86,8,2021,2000,105,2026,5,18
중구,신당동,약수하이츠,84.88,6,1999,68250,0,2026,5,2
중구,황학동,롯데캐슬,33.62,21,2008,6063,10,2026,5,18
중구,황학동,롯데캐슬,33.62,33,2008,2480,26,2026,5,18
중구,순화동,바비엥3,46.61,19,2006,2000,250,2026,5,4
중구,만리동2가,서울역센트럴자이,59.943,3,2017,85000,0,2026,5,17
중구,신당동,약수하이츠,57.63,19,1999,60000,0,2026,5,4
중구,신당동,현대,79.11,6,1993,57000,0,2026,5,16
중구,흥인동,위더스하임,23.82,7,2018,23000,20,2026,5,18
중구,충무로5가,충무로엘크루메크로시티2차,22.75,14,2016,19000,0,2026,5,16
중구,황학동,롯데캐슬,33.62,28,2008,2382,27,2026,5,18
중구,만리동2가,서울역센트럴자이,39.9541,4,2017,3785,16,2026,5,18
중구,신당동,남산타운,84.88,1,2002,75000,0,2026,5,11
중구,신당동,남산타운,59.94,13,2002,50000,0,2026,5,16
중구,황학동,한양I-Class,16.37,17,2013,11500,12,2026,5,16
중구,신당동,삼성,84.96,2,1999,65000,0,2026,5,16
중구,신당동,약수하이츠,57.63,10,1999,30000,80,2026,5,7
중구,황학동,롯데캐슬,33.62,15,2008,4093,13,2026,5,18
중구,신당동,청구e편한세상,84.95,4,2011,80000,80,2026,5,15
중구,입정동,힐스테이트세운센트럴2단지,49.9902,12,2023,63000,20,2026,5,16
중구,신당동,남산타운,59.94,11,2002,57750,0,2026,5,16
중구,만리동1가,LIG서울역리가,84.9866,1,2012,78000,0,2026,5,16
중구,흥인동,우일타운,56.43,17,1994,42000,0,2026,5,15
중구,황학동,한양I-Class,16.37,15,2013,1000,70,2026,5,15
중구,황학동,그랜드힐오피스텔,21.72,11,2017,13500,20,2026,5,15
중구,인현동2가,세운푸르지오헤리시티,28.4064,19,2023,5500,100,2026,5,15
중구,인현동2가,세운푸르지오헤리시티,29.4564,16,2023,3000,150,2026,5,5
중구,황학동,한양I-Class,16.37,14,2013,11300,15,2026,5,15
중구,신당동,신당동파라다이스,59.9,5,2000,49000,0,2026,5,15
중구,입정동,힐스테이트세운센트럴1단지,49.9668,15,2023,66600,0,2026,5,11
중구,황학동,위너빌(Winnervill),28.78,8,2018,26500,0,2026,5,11
중구,황학동,롯데캐슬,84.97,13,2008,74000,0,2026,5,14
중구,만리동2가,서울역센트럴자이,72.8899,3,2017,50100,60,2026,5,14
중구,중림동,삼성사이버빌리지,84.95,3,2001,10000,280,2026,5,13
중구,신당동,신당파인힐하나유보라,30.2477,9,2019,4112,76,2026,5,6
중구,만리동2가,서울역센트럴자이,39.9541,6,2017,3785,16,2026,5,14
중구,황학동,롯데캐슬,84.89,30,2008,72000,0,2026,5,14
중구,신당동,남산타운,114.88,2,2002,78750,0,2026,5,14
중구,신당동,청구e편한세상,84.95,3,2011,73500,60,2026,5,6
중구,신당동,약수하이츠,84.88,7,1999,75000,0,2026,5,14
중구,묵정동,힐스테이트남산,44.55,1,2024,5000,250,2026,5,8
중구,신당동,약수하이츠,114.92,16,1999,5000,250,2026,5,13
중구,황학동,DUO302,15.97,9,2014,1000,80,2026,5,13
중구,입정동,힐스테이트세운센트럴2단지,49.2134,14,2023,35000,150,2026,5,9
중구,정동,삼정아트테라스정동,14.2664,6,2020,23000,0,2026,5,12
중구,신당동,약수하이츠,84.88,3,1999,67000,15,2026,5,13
중구,만리동1가,LIG서울역리가,84.9788,10,2012,10000,310,2026,5,9
중구,묵정동,힐스테이트남산,49.22,1,2024,46450,45,2026,5,1
중구,황학동,롯데캐슬,84.92,16,2008,50000,100,2026,5,11
중구,신당동,한스아파트,14.07,10,2011,12000,0,2026,5,9
중구,순화동,덕수궁롯데캐슬,82.3212,17,2016,50000,280,2026,5,12
중구,황학동,황학아크로타워,111.224,15,2010,36750,165,2026,5,7
중구,신당동,현대,79.11,6,1993,30000,50,2026,5,1
중구,신당동,남산타운,84.88,9,2002,10000,250,2026,5,1
중구,충무로5가,이지마루충무로,27.8,11,2020,28000,10,2026,5,11
중구,신당동,삼성,59.97,1,1999,55000,0,2026,5,8
중구,만리동2가,서울역센트럴자이,84.9918,5,2017,89000,0,2026,5,9
중구,묵정동,묵정,52.46,2,1981,35000,0,2026,5,5
중구,신당동,남산타운,84.88,10,2002,75000,0,2026,5,8
중구,신당동,약수하이츠,84.88,2,1999,61400,0,2026,5,9
중구,황학동,DUO302,15.97,11,2014,500,77,2026,5,9
중구,신당동,남산타운,114.88,13,2002,40000,200,2026,5,8
중구,신당동,현대,83.97,4,1993,60000,0,2026,5,9
중구,신당동,대성드림,54.4,6,2002,3000,110,2026,5,5
중구,인현동2가,세운푸르지오헤리시티,28.4064,13,2023,35000,0,2026,5,9
중구,황학동,위너빌(Winnervill),25.42,10,2018,23000,20,2026,5,7
중구,신당동,약수하이츠,84.88,16,1999,40000,160,2026,5,4
중구,신당동,삼성V아파트B동,84.84,3,2007,30000,80,2026,5,2
중구,만리동2가,서울역센트럴자이,84.972,3,2017,110000,0,2026,5,8
중구,황학동,황학동코아루,84.95,2,2010,9000,220,2026,5,1
중구,회현동2가,쌍용남산플래티넘,166.24,10,2010,100000,300,2026,5,2
중구,충무로4가,남산센트럴자이,114.84,12,2009,40000,300,2026,5,7
중구,충무로5가,이지마루충무로,27.8,11,2020,28000,10,2026,5,6
중구,입정동,힐스테이트세운센트럴2단지,42.998,23,2023,62000,0,2026,5,7
중구,황학동,위너빌(Winnervill),25.42,10,2018,23000,20,2026,5,7
중구,입정동,힐스테이트세운센트럴2단지,42.998,18,2023,30000,120,2026,5,7
중구,신당동,토토타워(5차),57.86,2,2001,21000,0,2026,5,5
중구,황학동,롯데캐슬,59.94,9,2008,57750,0,2026,5,6
중구,인현동2가,세운푸르지오헤리시티,28.4064,20,2023,30000,0,2026,5,5
중구,신당동,남산타운,84.88,2,2002,67200,0,2026,5,3
중구,인현동2가,세운푸르지오헤리시티,29.4564,25,2023,21000,60,2026,5,1
중구,신당동,현대,66.6,2,1993,15000,130,2026,5,4
중구,신당동,남산타운,59.94,14,2002,50000,9,2026,5,1
중구,신당동,남산타운,59.94,10,2002,49000,9,2026,5,2
중구,신당동,삼성,59.97,20,1999,63000,0,2026,5,1
중구,신당동,신당푸르지오,84.39,3,2005,58200,0,2026,5,2
용산구,이촌동,한가람,59.88,16,1998,72000,0,2026,5,30
용산구,이촌동,현대한강,59.55,15,1997,22000,180,2026,5,19
용산구,이촌동,한강(대우),84.98,5,2000,70000,160,2026,5,24
용산구,이촌동,동아그린,48.76,2,1999,47000,0,2026,5,22
용산구,이촌동,이촌코오롱(A),59.82,1,1999,10000,200,2026,5,8
용산구,이촌동,한강맨숀,120.56,3,1971,52000,0,2026,5,8
용산구,한강로3가,용산시티파크(1단지),116.31,13,2007,10000,630,2026,5,20
용산구,이촌동,한강(대우),84.98,5,2000,70000,160,2026,5,24
용산구,원효로1가,용산더프라임,114.218,26,2014,100000,100,2026,5,30
용산구,용문동,브라운스톤,59.94,5,2011,63000,0,2026,5,17
용산구,보광동,신동아1,84.93,3,1992,55000,0,2026,5,28
용산구,문배동,이안용산1차(101동),84.99,13,2005,5000,280,2026,5,30
용산구,한강로3가,센트럴파크,114.8905,16,2020,198000,0,2026,5,30
용산구,이촌동,한가람,84.89,20,1998,20000,320,2026,5,23
용산구,서빙고동,신동아,140.81,8,1984,65000,150,2026,5,9
용산구,한강로3가,우림필유,84.99,3,2006,40000,120,2026,5,30
용산구,한남동,한남동동원베네스트,76.07,4,2010,59000,0,2026,5,1
용산구,이촌동,동부센트레빌,100.92,10,2001,115500,0,2026,5,11
용산구,한강로3가,센트럴파크,114.8905,9,2020,192000,0,2026,5,9
용산구,이촌동,강촌,106.645,12,1998,110250,0,2026,5,9
용산구,한남동,한남아이파크애비뉴,46.2439,9,2017,65000,0,2026,5,15
용산구,이촌동,강촌,106.645,8,1998,80000,160,2026,5,22
용산구,용문동,브라운스톤,59.94,5,2011,63000,0,2026,5,17
용산구,이촌동,강촌,106.645,12,1998,110250,0,2026,5,9
용산구,한남동,한남더힐,235.312,6,2011,640000,0,2026,5,27
용산구,원효로1가,리첸시아용산A,122.85,10,2010,120000,0,2026,5,28
용산구,이촌동,북한강(성원),59.55,20,2001,52500,0,2026,5,2
용산구,한강로3가,센트럴파크,114.5011,15,2020,0,1000,2026,5,22
용산구,원효로1가,용산더프라임,123.673,34,2014,5000,700,2026,5,26
용산구,효창동,용산롯데캐슬센터포레,84.8757,1,2019,5000,65,2026,5,13
용산구,이촌동,LG한강자이,171.74,20,2003,29400,630,2026,5,29
용산구,신계동,용산e편한세상,158.26,23,2011,20000,790,2026,5,29
용산구,한강로3가,센트럴파크,92.7398,30,2020,0,750,2026,5,15
용산구,이촌동,현대한강,84.88,6,1997,66150,0,2026,5,9
용산구,한강로3가,센트럴파크,92.9164,26,2020,20000,850,2026,5,23
용산구,도원동,삼성래미안,84.92,5,2001,84000,0,2026,5,23
용산구,원효로1가,용산더프라임,142.901,24,2014,140000,0,2026,5,15
용산구,도원동,삼성래미안,59.94,7,2001,62000,0,2026,5,22
용산구,이촌동,이촌동삼성리버스위트,234.53,8,2002,178500,0,2026,5,29
용산구,원효로4가,산호,40.46,3,1977,2000,60,2026,5,17
용산구,이태원동,마운틴뷰,104.02,2,1999,5000,400,2026,5,28
용산구,용산동5가,용산파크타워(24-0),134.02,16,2009,20000,600,2026,5,26
용산구,이촌동,래미안첼리투스,124.02,33,2015,100000,530,2026,5,30
용산구,이태원동,주공1,84.66,5,1993,5000,220,2026,5,23
용산구,효창동,효창파크푸르지오,84.45,16,2010,92400,0,2026,5,23
용산구,원효로1가,용산원효루미니,43.9656,25,2022,17344,79,2026,5,29
용산구,원효로1가,용산원효루미니,33.9588,19,2022,13533,62,2026,5,29
용산구,이촌동,한가람,59.88,13,1998,30000,160,2026,5,30
용산구,한남동,한남더힐,208.478,6,2011,50000,2500,2026,5,2
용산구,효창동,용산롯데캐슬센터포레,59.79,5,2019,87000,0,2026,5,23
용산구,보광동,신동아1,84.93,9,1992,44100,30,2026,5,18
용산구,이촌동,동부센트레빌,100.92,23,2001,140000,0,2026,5,30
용산구,이촌동,현대한강,59.55,12,1997,63000,0,2026,5,28
용산구,산천동,리버힐삼성,84.98,18,2001,70000,50,2026,5,27
용산구,효창동,용산케이씨씨스위첸,84.91,8,2018,91000,0,2026,5,16
용산구,한강로3가,용산시티파크(1단지),146.56,37,2007,20000,700,2026,5,26
용산구,이촌동,대림,114.96,4,1994,8000,274,2026,5,26
용산구,한남동,한성1,40.63,4,1974,2000,42,2026,5,26
용산구,이촌동,이촌코오롱(A),59.82,21,1999,58000,0,2026,5,2
용산구,한남동,한남동리첸시아,72.06,13,2004,3000,282,2026,5,28
용산구,이촌동,이촌동삼성리버스위트,137.37,2,2002,40000,420,2026,5,23
용산구,한남동,신성미소시티,139.96,4,2006,10000,430,2026,5,27
용산구,한강로3가,센트럴파크,92.9164,26,2020,20000,850,2026,5,23
용산구,서빙고동,신동아,140.81,4,1984,100000,0,2026,5,15
용산구,한강로3가,센트럴파크,114.5011,11,2020,20000,1000,2026,5,29
용산구,문배동,지오베르크,76.1,6,2004,54200,0,2026,5,2
용산구,문배동,이안용산1차(103동),68.5,11,2005,10000,220,2026,5,12
용산구,한강로2가,용산베르디움프렌즈,49.9933,14,2021,19707,36,2026,5,22
용산구,이태원동,남산대림,59.92,3,1994,52500,0,2026,5,4
용산구,서빙고동,신동아,140.81,9,1984,20000,530,2026,5,19
용산구,보광동,신동아1,84.93,10,1992,55000,0,2026,5,30
용산구,한강로3가,센트럴파크,102.8617,12,2020,120000,300,2026,5,23
용산구,한남동,리버탑,59.57,2,2001,54000,0,2026,5,21
용산구,한강로3가,센트럴파크,114.8905,25,2020,10000,950,2026,5,25
용산구,이촌동,삼익,145.19,11,1979,40000,200,2026,5,15
용산구,한남동,형우베스트빌3차,228.21,1,2000,270000,0,2026,5,12
용산구,한남동,리버티하우스,82.75,14,2001,500,350,2026,5,25
용산구,효창동,용산케이씨씨스위첸,84.91,2,2018,95900,0,2026,5,12
용산구,원효로1가,용산더프라임,142.901,24,2014,140000,0,2026,5,15
용산구,이촌동,한강(대우),134.13,17,2000,20000,480,2026,5,23
용산구,원효로1가,용산더프라임,142.901,32,2014,145000,0,2026,5,21
용산구,한강로3가,한강대우트럼프월드3,126.19,14,2004,158000,0,2026,5,16
용산구,이촌동,강촌,59.12,8,1998,80000,0,2026,5,19
용산구,한강로3가,센트럴파크,114.5011,31,2020,194000,0,2026,5,19
용산구,도원동,삼성래미안,84.69,16,2001,10000,210,2026,5,26
용산구,동자동,센트레빌아스테리움서울,145.2,18,2013,150000,0,2026,5,28
용산구,문배동,이안용산프리미어,84.98,29,2007,80000,0,2026,5,27
용산구,효창동,용산롯데캐슬센터포레,59.9525,8,2019,89000,0,2026,5,16
용산구,이촌동,현대한강,59.55,5,1997,51200,0,2026,5,12
용산구,이촌동,현대한강,84.88,10,1997,50000,100,2026,5,2
용산구,문배동,이안용산1차(101동),84.95,7,2005,70000,0,2026,5,30
용산구,한강로3가,용산시티파크(1단지),114.17,41,2007,20000,500,2026,5,23
용산구,한남동,한남동동원베네스트,59.98,7,2010,58000,0,2026,5,13
용산구,효창동,용산롯데캐슬센터포레,59.79,12,2019,30000,240,2026,5,14
용산구,효창동,용산데시앙포레,59.7642,7,2022,84000,0,2026,5,30
용산구,효창동,용산데시앙포레,59.8391,3,2022,73000,0,2026,5,30
용산구,이촌동,한강맨숀,120.56,2,1971,70000,0,2026,5,27
용산구,이촌동,강촌,59.12,20,1998,55100,0,2026,5,23
용산구,산천동,리버힐삼성,59.55,18,2001,20000,150,2026,5,1
용산구,한강로2가,용산파크e-편한세상,84.67,22,2007,81500,0,2026,5,22
용산구,문배동,용산KCC웰츠타워,84.68,11,2015,86000,25,2026,5,30
용산구,한강로3가,센트럴파크,114.8905,16,2020,198000,0,2026,5,30
용산구,한강로2가,래미안용산더센트럴,181.01,28,2017,0,1400,2026,5,27
용산구,이촌동,미주B,149.12,2,1976,89250,0,2026,5,11
용산구,이촌동,한가람,114.96,6,1998,70000,170,2026,5,15
용산구,한남동,한남힐스테이트,84.757,12,2003,88000,0,2026,5,24
용산구,이촌동,타워맨션,202.45,8,1973,170000,0,2026,5,13
용산구,한강로2가,래미안용산더센트럴,161.48,38,2017,0,1280,2026,5,20
용산구,이촌동,대림,84.78,21,1994,83000,0,2026,5,31
용산구,이촌동,동아그린,48.76,2,1999,47000,0,2026,5,22
용산구,이촌동,한가람,59.88,11,1998,20000,260,2026,5,16
용산구,이촌동,강촌,59.12,4,1998,20000,110,2026,5,28
용산구,이태원동,이태원(이테크빌),76.48,6,2002,57000,0,2026,5,9
용산구,이촌동,강촌,59.12,4,1998,20000,210,2026,5,28
용산구,신계동,용산e편한세상,84.21,13,2011,99000,0,2026,5,30
용산구,용산동5가,용산파크타워(24-0),100.29,15,2009,20000,520,2026,5,19
용산구,서빙고동,금호베스트빌1,84.94,10,2002,5000,300,2026,5,22
용산구,신계동,용산e편한세상,84.21,22,2011,103000,0,2026,5,30
용산구,용산동5가,용산파크타워(24-0),118.2,32,2009,140000,0,2026,5,19
용산구,한강로3가,한강대우트럼프월드3,126.19,14,2004,158000,0,2026,5,16
용산구,이촌동,강변,66.08,3,1971,25500,0,2026,5,8
용산구,이촌동,현대한강,59.55,5,1997,60000,40,2026,5,27
용산구,한강로2가,한강로대우아이빌,32.39,12,2004,30000,0,2026,5,12
용산구,이촌동,타워맨션,152.73,1,1973,100000,0,2026,5,23
용산구,한남동,한남동리첸시아,37.53,14,2004,3000,170,2026,5,12
용산구,이촌동,이촌코오롱(A),84.78,21,1999,102900,0,2026,5,20
용산구,한강로2가,래미안용산더센트럴,135.27,30,2017,150000,270,2026,5,14
용산구,이촌동,강촌,84.905,15,1998,30000,255,2026,5,9
용산구,서빙고동,신동아,140.92,1,1984,90000,0,2026,5,9
용산구,이촌동,한강맨숀,120.56,3,1971,40300,0,2026,5,27
용산구,이태원동,청화1,174.38,3,1982,5000,400,2026,5,12
용산구,이촌동,강촌,84.77,1,1998,10500,304,2026,5,22
용산구,용산동2가,한신,78.43,3,1981,55000,0,2026,5,8
용산구,후암동,후암미주,63.31,1,1980,27000,30,2026,5,2
용산구,한강로2가,아스테리움용산,141.08,18,2012,20000,1200,2026,5,20
용산구,효창동,용산롯데캐슬센터포레,59.79,12,2019,30000,240,2026,5,14
용산구,용산동5가,용산파크타워(24-0),118.2,19,2009,20000,600,2026,5,15
용산구,원효로4가,산호,86.12,6,1977,3000,100,2026,5,15
용산구,이촌동,대림,84.78,8,1994,10000,300,2026,5,5
용산구,한남동,대성이태리하우스,169.77,5,2006,230000,0,2026,5,11
용산구,한남동,한남해피트리,65.82,7,2016,80000,0,2026,5,7
용산구,이촌동,이촌코오롱(A),59.82,5,1999,30000,80,2026,5,30
용산구,이촌동,이촌코오롱(A),59.82,5,1999,30000,80,2026,5,30
용산구,원효로1가,용산더프라임,84.976,30,2014,100000,0,2026,5,16
용산구,한남동,한남힐스테이트,130.898,11,2003,5000,450,2026,5,14
용산구,이촌동,한강(대우),60,17,2000,79000,0,2026,5,20
용산구,산천동,리버힐삼성,84.98,7,2001,50300,35,2026,5,26
용산구,효창동,용산데시앙포레,45.6424,9,2022,5204,21,2026,5,14
용산구,용산동5가,용산파크타워(24-0),100.29,35,2009,135000,0,2026,5,16
용산구,용문동,브라운스톤,114.93,2,2011,90000,0,2026,5,15
용산구,이촌동,동원베네스트,84.973,1,2005,35000,100,2026,5,31
용산구,이태원동,남산대림,59.92,3,1994,54650,0,2026,5,20
용산구,효창동,용산데시앙포레,59.7642,10,2022,73500,0,2026,5,14
용산구,이촌동,왕궁,102.48,2,1974,75000,0,2026,5,14
용산구,한강로2가,벽산메가트리움,84.87,19,2005,83000,0,2026,5,30
용산구,한남동,한성1,32.73,5,1974,15000,0,2026,5,30
용산구,원효로1가,용산원효루미니,43.9656,7,2022,13875,96,2026,5,29
용산구,한강로2가,벽산메가트리움,84.87,18,2005,80000,0,2026,5,30
용산구,용산동2가,한신,81.7,4,1981,5000,130,2026,5,30
용산구,이촌동,강촌,84.77,9,1998,100000,20,2026,5,20
용산구,원효로1가,용산원효루미니,43.9656,19,2022,17344,81,2026,5,29
용산구,이촌동,이촌코오롱(A),114.69,11,1999,116000,0,2026,5,30
용산구,문배동,프라임펠리스,13.69,14,2012,14300,5,2026,5,26
용산구,이촌동,왕궁,102.48,5,1974,42000,50,2026,5,23
용산구,한남동,한남해피트리,65.17,3,2016,10000,350,2026,5,30
용산구,이촌동,한강맨숀,101.95,3,1971,47000,0,2026,5,16
용산구,문배동,G&P용산파크,28.61,5,2018,31000,0,2026,5,30
용산구,이촌동,한강(대우),60,14,2000,80000,0,2026,5,29
용산구,이촌동,이촌코오롱(A),59.82,6,1999,5000,270,2026,5,30
용산구,이촌동,한가람,59.88,8,1998,30000,200,2026,5,30
용산구,효창동,용산롯데캐슬센터포레,84.909,20,2019,10000,400,2026,5,15
용산구,이촌동,한가람,59.88,8,1998,70000,0,2026,5,31
용산구,신계동,용산e편한세상,59.66,6,2011,63500,0,2026,5,16
용산구,이촌동,한가람,84.89,11,1998,50000,300,2026,5,30
용산구,이촌동,한가람,59.88,16,1998,72000,0,2026,5,30
용산구,원효로1가,용산파크뷰(46-3),15.13,14,2018,19800,0,2026,5,26
용산구,원효로1가,용산원효루미니,43.9656,22,2022,15610,86,2026,5,29
용산구,원효로3가,용산소미글로벌리버파크,24.62,12,2022,29000,0,2026,5,16
용산구,이촌동,래미안첼리투스,124.02,53,2015,285000,0,2026,5,29
용산구,원효로1가,시온캐슬용산,19.33,19,2021,45000,0,2026,5,28
용산구,산천동,리버힐삼성,114.48,9,2001,20000,280,2026,5,27
용산구,한남동,현대하이페리온,199.92,17,2002,230000,0,2026,5,29
용산구,한강로2가,용산베르디움프렌즈,49.9403,19,2021,19707,38,2026,5,29
용산구,효창동,용산데시앙포레,45.6424,8,2022,7408,9,2026,5,29
용산구,원효로1가,용산더프라임,114.218,22,2014,10000,550,2026,5,1
용산구,이촌동,래미안첼리투스,124.02,3,2015,231000,0,2026,5,23
용산구,이촌동,한가람,59.88,10,1998,50000,115,2026,5,29
용산구,효창동,용산데시앙포레,84.9003,5,2022,90000,0,2026,5,29
용산구,신계동,용산e편한세상,84.89,9,2011,65000,140,2026,5,29
용산구,원효로1가,용산파크뷰(46-3),15.13,14,2018,19800,0,2026,5,26
용산구,원효로1가,용산원효루미니,33.9588,21,2022,13533,63,2026,5,27
용산구,효창동,용산데시앙포레,39.438,2,2022,18613,55,2026,5,29
용산구,이촌동,보람더하임,84.5343,7,2009,79008,0,2026,5,27
용산구,서빙고동,신동아,210.25,12,1984,21000,260,2026,5,15
용산구,이촌동,제일,132.23,2,1976,94500,0,2026,5,18
용산구,산천동,리버힐삼성,114.48,10,2001,75000,14,2026,5,21
용산구,문배동,이안용산3차,84.8,7,2006,5000,310,2026,5,26
용산구,원효로1가,용산원효루미니,33.9588,4,2022,6376,33,2026,5,27
용산구,신계동,용산e편한세상,84.21,2,2011,94500,0,2026,5,6
용산구,이촌동,현대한강,84.88,16,1997,73500,0,2026,5,16
용산구,원효로1가,용산원효루미니,43.9656,24,2022,17344,79,2026,5,28
용산구,원효로1가,용산원효루미니,15.965,29,2022,6543,30,2026,5,28
용산구,한강로3가,우림필유,84.99,6,2006,10000,260,2026,5,28
용산구,원효로1가,용산더프라임,46.004,3,2014,0,300,2026,5,27
용산구,이촌동,우성,58.2,1,1995,57750,0,2026,5,26
용산구,용문동,브라운스톤,84.98,1,2011,90000,0,2026,5,22
용산구,한강로2가,용산베르디움프렌즈,49.9403,12,2021,19707,36,2026,5,28
용산구,산천동,한강타운,59.69,1,2001,39500,0,2026,5,28
용산구,이촌동,한가람,114.96,4,1998,126000,0,2026,5,16
용산구,원효로2가,리버파크뷰,26.03,17,2024,30000,37,2026,5,18
용산구,이태원동,창덕아파트,84.54,2,1996,43000,0,2026,5,28
용산구,문배동,이안용산1차(102동),84.72,5,2005,70000,0,2026,5,4
용산구,원효로1가,용산원효루미니,43.9656,14,2022,17344,81,2026,5,27
용산구,원효로1가,용산원효루미니,43.9656,17,2022,17344,81,2026,5,27
용산구,이촌동,한가람,84.96,13,1998,10000,350,2026,5,20
용산구,원효로1가,용산원효루미니,33.9588,25,2022,13533,63,2026,5,27
용산구,원효로1가,용산원효루미니,43.9656,19,2022,17344,81,2026,5,27
용산구,원효로1가,용산원효루미니,33.9588,17,2022,13533,63,2026,5,27
용산구,한강로2가,용산베르디움프렌즈,49.9933,5,2021,8446,71,2026,5,28
용산구,한강로2가,용산파크e-편한세상,84.67,11,2007,82000,0,2026,5,7
용산구,원효로1가,용산원효루미니,33.9588,25,2022,13533,63,2026,5,27
용산구,원효로1가,용산원효루미니,33.9588,5,2022,12106,56,2026,5,28
용산구,원효로1가,용산원효루미니,33.9588,4,2022,6376,27,2026,5,27
용산구,원효로1가,용산원효루미니,43.9656,15,2022,17344,81,2026,5,27
용산구,신계동,용산e편한세상,33.85,18,2011,5341,9,2026,5,28
용산구,이촌동,삼익,104.86,11,1979,62000,0,2026,5,27
용산구,원효로1가,용산더프라임,84.976,32,2014,95000,0,2026,5,12
용산구,이태원동,청화1,105.75,6,1982,10000,230,2026,5,11
용산구,이촌동,한강(대우),84.98,18,2000,55000,220,2026,5,27
용산구,도원동,삼성래미안,84.92,5,2001,84000,0,2026,5,23
용산구,한강로2가,용산베르디움프렌즈,49.9933,30,2021,19707,36,2026,5,27
용산구,이촌동,동아그린,59.58,4,1999,53500,0,2026,5,23
용산구,이촌동,이촌코오롱(B),59.82,1,1999,65000,0,2026,5,27
용산구,한강로2가,용산베르디움프렌즈,19.6951,16,2021,2639,9,2026,5,26
용산구,한강로2가,용산베르디움프렌즈,19.6951,29,2021,8316,13,2026,5,27
용산구,원효로1가,용산원효루미니,43.9656,21,2022,13875,96,2026,5,26
용산구,이태원동,주공1,84.57,1,1993,68000,0,2026,5,27
용산구,원효로1가,용산원효루미니,43.9656,25,2022,13875,95,2026,5,21
용산구,한강로3가,시티하우스,19,8,2011,20000,0,2026,5,15
용산구,이촌동,동아그린,59.58,11,1999,30000,100,2026,5,25
용산구,한강로2가,용산베르디움프렌즈,19.6951,30,2021,8316,15,2026,5,27
용산구,한강로3가,용산시티파크(1단지),114.17,22,2007,70000,450,2026,5,14
용산구,원효로1가,용산원효루미니,43.9485,24,2022,18480,85,2026,5,21
용산구,원효로1가,용산원효루미니,43.9656,28,2022,17344,79,2026,5,26
용산구,동자동,센트레빌아스테리움서울,145.2,23,2013,0,630,2026,5,21
용산구,이촌동,한강(대우),84.98,3,2000,108000,0,2026,5,12
용산구,이촌동,한강(대우),84.98,3,2000,108000,0,2026,5,12
용산구,서빙고동,금호베스트빌1,84.95,12,2002,70000,0,2026,5,14
용산구,원효로1가,용산원효루미니,43.9656,6,2022,17344,81,2026,5,26
용산구,원효로1가,용산원효루미니,43.9656,13,2022,17344,81,2026,5,26
용산구,후암동,명남아띠팰리스,76.27,2,2006,27000,30,2026,5,8
용산구,효창동,용산롯데캐슬센터포레,84.909,11,2019,30000,320,2026,5,26
용산구,보광동,리버빌(삼성),84.74,13,2000,85000,0,2026,5,26
용산구,이촌동,동원베네스트,84.973,6,2005,20000,200,2026,5,14
용산구,한강로2가,한강로대우아이빌,28.22,11,2004,1000,95,2026,5,25
용산구,한강로2가,한강로대우아이빌,32.39,11,2004,1000,110,2026,5,26
용산구,한남동,한남동리첸시아,37.53,8,2004,2000,200,2026,5,18
용산구,서빙고동,신동아,95.66,10,1984,78000,0,2026,5,22
용산구,효창동,용산데시앙포레,45.6424,7,2022,17635,48,2026,5,26
용산구,이촌동,한가람,59.88,12,1998,5000,250,2026,5,4
용산구,이촌동,대림,59.22,9,1994,10000,200,2026,5,25
용산구,원효로3가,용산소미글로벌리버파크,24.68,13,2022,30000,0,2026,5,22
용산구,이촌동,한가람,59.88,4,1998,75000,0,2026,5,13
용산구,이촌동,대림,114.96,4,1994,70000,13,2026,5,13
용산구,효창동,효창파크푸르지오,84.45,13,2010,85000,40,2026,5,25
용산구,한강로2가,용산베르디움프렌즈,49.9933,22,2021,19707,37,2026,5,14
용산구,동자동,센트레빌아스테리움서울,149.05,20,2013,20000,592,2026,5,18
용산구,한강로3가,센트럴파크,114.8905,5,2020,140000,278,2026,5,22
용산구,한강로2가,용산베르디움프렌즈,39.8036,21,2021,16080,30,2026,5,26
용산구,효창동,용산롯데캐슬센터포레,38.1752,13,2019,1798,24,2026,5,26
용산구,원효로4가,산호,86.12,10,1977,3000,179,2026,5,1
용산구,동자동,센트레빌아스테리움서울,181.5,29,2013,10000,800,2026,5,16
용산구,이촌동,이촌코오롱(B),84.78,10,1999,10000,330,2026,5,15
용산구,동자동,센트레빌아스테리움서울,145.2,8,2013,10000,670,2026,5,16
용산구,한남동,리버탑,59.57,2,2001,54000,0,2026,5,21
용산구,이촌동,점보,175.97,2,1974,108000,0,2026,5,22
용산구,원효로1가,용산원효루미니,43.9656,20,2022,17344,79,2026,5,21
용산구,이촌동,래미안첼리투스,124.02,4,2015,220000,0,2026,5,20
용산구,원효로1가,용산원효루미니,33.9588,6,2022,12106,57,2026,5,21
용산구,도원동,삼성래미안,59.94,19,2001,30000,125,2026,5,22
용산구,문배동,이안용산1차(103동),84.67,8,2005,55000,80,2026,5,12
용산구,효창동,용산데시앙포레,84.9417,2,2022,85000,0,2026,5,22
용산구,효창동,용산데시앙포레,45.195,9,2022,55000,0,2026,5,22
용산구,한강로2가,용산베르디움프렌즈,49.9933,14,2021,19707,36,2026,5,22
용산구,이촌동,북한강(성원),59.55,11,2001,51000,0,2026,5,16
용산구,원효로1가,용산더프라임,142.901,14,2014,20000,580,2026,5,22
용산구,효창동,효창파크푸르지오,59.41,7,2010,20000,240,2026,5,12
용산구,효창동,용산데시앙포레,59.7642,6,2022,40000,120,2026,5,19
용산구,서빙고동,신동아,166.98,3,1984,100000,0,2026,5,20
용산구,원효로1가,용산원효루미니,33.9588,17,2022,13533,63,2026,5,21
용산구,용산동2가,용암한신,72.66,3,1982,33900,0,2026,5,21
용산구,이태원동,청화1,174.38,11,1982,85000,0,2026,5,6
용산구,한강로3가,시티하우스,19.9,5,2011,20000,5,2026,5,18
용산구,원효로1가,용산원효루미니,43.9656,17,2022,15610,86,2026,5,21
용산구,원효로4가,풍전,81.72,3,1971,30000,0,2026,5,21
용산구,한강로2가,용산푸르지오써밋(420),152.4741,17,2017,30000,1000,2026,5,20
용산구,한강로2가,벽산메가트리움,125.68,26,2005,10000,369,2026,5,15
용산구,원효로1가,용산원효루미니,43.9656,23,2022,17344,79,2026,5,21
용산구,용산동5가,용산파크타워(24-1),99.09,5,2009,135000,0,2026,5,19
용산구,도원동,삼성래미안,84.69,22,2001,56700,90,2026,5,21
용산구,이촌동,LG한강자이,169.71,20,2003,220500,0,2026,5,18
용산구,원효로1가,용산원효루미니,43.9656,24,2022,17344,81,2026,5,21
용산구,이촌동,한가람,59.88,22,1998,10000,250,2026,5,21
용산구,원효로1가,용산원효루미니,43.9656,27,2022,17344,81,2026,5,21
용산구,이촌동,한가람,59.88,22,1998,10000,250,2026,5,21
용산구,도원동,삼성래미안,59.94,8,2001,39000,0,2026,5,21
용산구,원효로1가,용산원효루미니,33.9588,12,2022,9685,67,2026,5,21
용산구,이촌동,강촌,114.595,10,1998,5000,410,2026,5,19
용산구,이태원동,용산동아파트,44.76,3,1969,24000,0,2026,5,14
용산구,이촌동,제일,132.23,2,1976,94500,0,2026,5,18
용산구,원효로1가,용산더프라임,84.976,21,2014,60000,180,2026,5,19
용산구,이촌동,한가람,114.96,1,1998,80000,170,2026,5,7
용산구,한강로2가,용산푸르지오써밋(420),124.2293,23,2017,45000,725,2026,5,11
용산구,한강로2가,용산베르디움프렌즈,49.6573,35,2021,8446,68,2026,5,20
용산구,이촌동,이촌코오롱(A),59.82,8,1999,52000,85,2026,5,20
용산구,보광동,신동아1,84.93,6,1992,58000,0,2026,5,19
용산구,한남동,한남더힐,235.312,4,2011,30000,2625,2026,5,19
용산구,이촌동,한강(대우),135.87,1,2000,125000,0,2026,5,20
용산구,한남동,나인원한남,206.8953,5,2019,680000,0,2026,5,16
용산구,문배동,CJ나인파크,84.98,15,2007,67095,0,2026,5,16
용산구,한강로3가,우림필유,84.99,4,2006,50000,100,2026,5,14
용산구,원효로1가,용산원효루미니,43.9656,16,2022,17344,80,2026,5,20
용산구,산천동,리버힐삼성,84.98,18,2001,67000,0,2026,5,19
용산구,신계동,용산e편한세상,84.89,18,2011,100000,0,2026,5,19
용산구,산천동,리버힐삼성,114.48,20,2001,15000,300,2026,5,19
용산구,이촌동,강촌,84.85,9,1998,20000,330,2026,5,15
용산구,원효로1가,용산원효루미니,33.9588,23,2022,13533,62,2026,5,18
용산구,원효로1가,용산원효루미니,43.9656,20,2022,17344,79,2026,5,18
용산구,한강로1가,대우월드마크용산,141.945,31,2007,115000,0,2026,5,1
용산구,문배동,이안용산3차,107.78,9,2006,20000,450,2026,5,6
용산구,한강로3가,시티하우스,19.9,5,2011,20000,5,2026,5,18
용산구,효창동,용산데시앙포레,39.438,3,2022,14911,42,2026,5,19
용산구,서빙고동,신동아,140.81,2,1984,110000,0,2026,5,16
용산구,이촌동,한강맨숀,120.56,5,1971,50000,0,2026,5,19
용산구,한강로2가,래미안용산더센트럴,181.01,35,2017,0,1500,2026,5,6
용산구,이촌동,래미안첼리투스,124.02,34,2015,250000,0,2026,5,18
용산구,이촌동,강변,66.08,4,1971,22000,0,2026,5,16
용산구,원효로1가,용산더프라임,38.61,4,2014,45000,0,2026,5,18
용산구,문배동,이안용산3차,84.8,10,2006,70000,0,2026,5,15
용산구,한강로3가,시티파크(2단지),184.49,16,2007,20000,850,2026,5,4
용산구,원효로1가,용산원효루미니,17.9822,15,2022,3461,13,2026,5,18
용산구,이촌동,대림,84.78,20,1994,75000,0,2026,5,18
용산구,신계동,용산e편한세상,124.08,5,2011,123900,0,2026,5,17
용산구,한강로3가,에피소드용산,40.6902,6,2024,5000,405,2026,5,14
용산구,이촌동,한가람,59.88,11,1998,30000,190,2026,5,18
용산구,원효로1가,용산원효루미니,43.9656,27,2022,17344,81,2026,5,18
용산구,원효로1가,용산원효루미니,33.9588,20,2022,13533,63,2026,5,18
용산구,이촌동,이촌동삼성리버스위트,180.82,10,2002,40000,650,2026,5,18
용산구,원효로1가,용산원효루미니,33.9588,6,2022,12106,56,2026,5,18
용산구,효창동,용산데시앙포레,39.438,4,2022,13787,37,2026,5,18
용산구,원효로1가,용산원효루미니,43.9656,14,2022,17344,79,2026,5,18
용산구,원효로1가,용산원효루미니,33.9588,16,2022,10826,74,2026,5,18
용산구,원효로1가,용산원효루미니,43.9656,20,2022,17344,79,2026,5,18
용산구,보광동,리버빌(삼성),84.74,2,2000,3000,265,2026,5,14
용산구,문배동,리첸시아용산B,84.98,21,2010,77000,0,2026,5,16
용산구,이촌동,LG한강자이,66.39,19,2003,110000,0,2026,5,1
용산구,후암동,남산애지앙,90.52,4,2003,30000,110,2026,5,16
용산구,이촌동,LG한강자이,66.39,19,2003,110000,0,2026,5,1
용산구,원효로1가,용산원효루미니,33.9588,23,2022,13533,63,2026,5,18
용산구,이촌동,강변,64.43,2,1971,23100,0,2026,5,16
용산구,산천동,리버힐삼성,59.55,1,2001,58000,0,2026,5,16
용산구,한강로2가,용산파크e-편한세상,84.67,15,2007,70000,32,2026,5,16
용산구,이촌동,LG한강자이,66.39,19,2003,110000,0,2026,5,1
용산구,원효로1가,용산더프라임,142.901,24,2014,140000,0,2026,5,15
용산구,문배동,아크로타워,84.97,5,2007,55000,120,2026,5,18
용산구,원효로1가,용산원효루미니,15.965,29,2022,5889,33,2026,5,15
용산구,이촌동,현대한강,84.88,11,1997,70000,0,2026,5,9
용산구,한강로3가,용산시티파크(1단지),146.56,26,2007,160000,30,2026,5,9
용산구,이촌동,한가람,59.88,17,1998,62500,0,2026,5,14
용산구,이촌동,래미안첼리투스,124.02,49,2015,10000,1200,2026,5,2
용산구,이촌동,동아그린,84.82,15,1999,10000,230,2026,5,6
용산구,신계동,용산e편한세상,124.96,1,2011,65000,274,2026,5,15
용산구,이촌동,동원베네스트,84.973,3,2005,60000,0,2026,5,15
용산구,원효로1가,용산원효루미니,33.9588,14,2022,13533,62,2026,5,15
용산구,용문동,브라운스톤,84.98,2,2011,75600,0,2026,5,9
용산구,효창동,용산케이씨씨스위첸,84.91,7,2018,100000,0,2026,5,15
용산구,이촌동,한강맨숀,120.56,2,1971,30000,40,2026,5,1
용산구,이촌동,대림,59.22,17,1994,12000,160,2026,5,14
용산구,원효로1가,용산원효루미니,33.9588,12,2022,10896,61,2026,5,15
용산구,이촌동,이촌코오롱(A),59.82,9,1999,3000,174,2026,5,7
용산구,이촌동,LG한강자이,66.39,4,2003,5000,315,2026,5,9
용산구,효창동,용산데시앙포레,45.6424,2,2022,17635,48,2026,5,14
용산구,한강로3가,용산시티파크(1단지),146.56,12,2007,167000,0,2026,5,14
용산구,한강로2가,용산베르디움프렌즈,49.9933,32,2021,19707,37,2026,5,14
용산구,이촌동,강촌,84.905,9,1998,102000,0,2026,5,13
용산구,한남동,한남아이파크애비뉴,49.6971,13,2017,30000,165,2026,5,13
용산구,이촌동,한가람,114.96,20,1998,33000,300,2026,5,10
용산구,이촌동,점보,177.62,9,1974,105000,0,2026,5,13
용산구,효창동,용산데시앙포레,45.195,5,2022,5147,21,2026,5,14
용산구,원효로1가,용산원효루미니,43.9656,3,2022,17344,80,2026,5,14
용산구,원효로1가,용산원효루미니,43.9656,11,2022,17344,80,2026,5,14
용산구,한강로2가,용산베르디움프렌즈,49.9933,22,2021,19707,37,2026,5,14
용산구,한강로2가,용산파크e-편한세상,84.67,22,2007,80000,0,2026,5,12
용산구,이촌동,동아그린,84.82,9,1999,60900,0,2026,5,6
용산구,문배동,용산큐브,13.01,14,2013,1000,80,2026,5,6
용산구,산천동,리버힐삼성,59.55,1,2001,57000,0,2026,5,12
용산구,산천동,한강타운,59.69,3,2001,11000,150,2026,5,9
용산구,원효로1가,용산원효루미니,33.9588,13,2022,12106,57,2026,5,13
용산구,원효로1가,용산원효루미니,33.9588,19,2022,10826,74,2026,5,13
용산구,원효로1가,용산원효루미니,43.9656,6,2022,17344,80,2026,5,12
용산구,원효로1가,용산원효루미니,43.9656,27,2022,15610,89,2026,5,12
용산구,효창동,용산데시앙포레,45.195,6,2022,7412,8,2026,5,13
용산구,효창동,용산데시앙포레,39.438,6,2022,13787,37,2026,5,13
용산구,신계동,용산e편한세상,33.85,5,2011,7008,0,2026,5,13
용산구,원효로1가,용산원효루미니,43.9656,9,2022,17344,81,2026,5,12
용산구,원효로1가,용산원효루미니,33.9588,15,2022,10826,74,2026,5,12
용산구,원효로1가,용산원효루미니,43.9485,23,2022,18480,85,2026,5,12
용산구,원효로1가,용산원효루미니,33.9588,12,2022,12106,57,2026,5,12
용산구,원효로1가,용산원효루미니,33.9588,24,2022,13533,62,2026,5,6
용산구,원효로1가,용산원효루미니,43.9485,11,2022,18480,85,2026,5,12
용산구,원효로1가,용산원효루미니,43.9656,25,2022,17344,81,2026,5,12
용산구,원효로1가,용산원효루미니,33.9588,17,2022,13533,62,2026,5,12
용산구,원효로1가,용산원효루미니,43.9656,22,2022,13875,96,2026,5,12
용산구,이태원동,청화1,174.38,8,1982,80500,43,2026,5,10
용산구,이촌동,한강(대우),135.5,14,2000,126000,0,2026,5,13
용산구,효창동,용산데시앙포레,39.438,7,2022,13787,37,2026,5,13
용산구,이촌동,한가람,59.88,19,1998,75000,0,2026,5,12
용산구,원효로1가,용산원효루미니,43.9656,20,2022,13875,95,2026,5,12
용산구,원효로1가,용산원효루미니,43.9656,7,2022,17344,81,2026,5,12
용산구,원효로1가,용산원효루미니,43.9656,28,2022,17344,82,2026,5,12
용산구,원효로1가,용산원효루미니,33.9588,26,2022,13533,62,2026,5,12
용산구,한강로2가,용산베르디움프렌즈,49.9403,35,2021,19707,38,2026,5,13
용산구,원효로1가,용산원효루미니,43.9656,18,2022,17344,79,2026,5,12
용산구,원효로1가,용산원효루미니,43.9656,22,2022,17344,81,2026,5,12
용산구,원효로1가,용산원효루미니,43.9656,8,2022,13875,95,2026,5,12
용산구,원효로1가,용산원효루미니,33.9588,17,2022,13533,62,2026,5,12
용산구,원효로1가,용산원효루미니,43.9485,21,2022,18480,85,2026,5,12
용산구,원효로1가,용산원효루미니,43.9656,9,2022,17344,81,2026,5,12
용산구,산천동,리버힐삼성,59.55,6,2001,49770,0,2026,5,12
용산구,문배동,용산큐브,13.01,17,2013,15000,20,2026,5,12
용산구,서빙고동,신동아,166.98,8,1984,135000,0,2026,5,7
용산구,이촌동,한강(대우),59.98,16,2000,5000,290,2026,5,12
용산구,보광동,리버빌(삼성),84.74,11,2000,53500,100,2026,5,12
용산구,이촌동,한가람,84.89,8,1998,10000,364,2026,5,12
용산구,이촌동,북한강(성원),59.55,18,2001,5000,200,2026,5,11
용산구,한강로2가,용산베르디움프렌즈,19.6951,7,2021,8316,13,2026,5,12
용산구,이촌동,대림,59.22,15,1994,51000,0,2026,5,12
용산구,신계동,용산e편한세상,84.89,22,2011,107000,0,2026,5,12
용산구,산천동,리버힐삼성,59.55,16,2001,59000,0,2026,5,12
용산구,효창동,용산데시앙포레,84.9956,6,2022,94500,0,2026,5,9
용산구,이촌동,동아그린,59.58,18,1999,54600,0,2026,5,6
용산구,효창동,용산롯데캐슬센터포레,59.79,8,2019,87000,0,2026,5,7
용산구,이촌동,이촌시범,49.59,2,1970,500,60,2026,5,1
용산구,이촌동,점보,177.62,13,1974,115500,0,2026,5,2
용산구,한남동,한남아이파크애비뉴,49.6971,13,2017,75000,0,2026,5,8
용산구,문배동,프라임펠리스,13.51,14,2012,14800,0,2026,5,11
용산구,도원동,삼성래미안,84.69,4,2001,75000,0,2026,5,9
용산구,이촌동,한가람,84.96,6,1998,100000,0,2026,5,2
용산구,도원동,삼성래미안,84.69,7,2001,65000,0,2026,5,10
용산구,한남동,한남아이파크애비뉴,49.9061,17,2017,5000,330,2026,5,6
용산구,한강로3가,시티하우스,19.89,2,2011,20000,4,2026,5,1
용산구,이촌동,대림,84.78,3,1994,60000,0,2026,5,9
용산구,한남동,한남아이파크애비뉴,49.6971,17,2017,3000,310,2026,5,9
용산구,문배동,CJ나인파크,84.98,16,2007,82000,0,2026,5,9
용산구,이촌동,동부센트레빌,100.8,2,2001,20000,318,2026,5,2
용산구,한남동,한남아이파크애비뉴,47.8105,12,2017,60500,0,2026,5,7
용산구,원효로1가,용산더프라임,55.325,4,2014,70000,0,2026,5,9
용산구,이촌동,래미안첼리투스,124.35,10,2015,10000,1050,2026,5,8
용산구,이촌동,한가람,114.96,5,1998,135000,0,2026,5,9
용산구,이촌동,동부센트레빌,100.92,1,2001,20000,420,2026,5,10
용산구,원효로1가,용산더프라임,142.901,8,2014,125000,0,2026,5,1
용산구,이촌동,동부센트레빌,100.8,23,2001,125000,0,2026,5,1
용산구,이촌동,한가람,84.89,11,1998,5000,360,2026,5,7
용산구,이촌동,한강(대우),59.98,12,2000,2000,300,2026,5,7
용산구,한남동,한남아이파크애비뉴,49.087,12,2017,55650,0,2026,5,6
용산구,원효로1가,용산파크뷰(46-3),15.13,10,2018,15000,22,2026,5,8
용산구,산천동,리버힐삼성,59.55,6,2001,10000,200,2026,5,8
용산구,문배동,삼라마이다스빌2,84.44,5,2004,61000,0,2026,5,7
용산구,한남동,한남해피트리,63.12,7,2016,100000,0,2026,5,7
용산구,문배동,용산KCC웰츠타워,84.03,35,2015,10000,425,2026,5,6
용산구,도원동,삼성래미안,59.94,20,2001,20000,170,2026,5,7
용산구,한강로2가,용산푸르지오써밋(420),152.4741,21,2017,20000,1000,2026,5,6
용산구,효창동,효창파크푸르지오,84.45,5,2010,100000,0,2026,5,7
용산구,한남동,한성1,66.81,6,1974,20000,0,2026,5,6
용산구,한강로3가,쌍용스윗닷홈,84.97,12,2003,70000,50,2026,5,7
용산구,이태원동,남산대림,59.92,2,1994,3500,250,2026,5,6
용산구,서빙고동,신동아,140.92,1,1984,105000,0,2026,5,1
용산구,용산동5가,용산파크타워(24-1),139.7,5,2009,170000,0,2026,5,7
용산구,효창동,효창파크푸르지오,59.41,11,2010,76650,0,2026,5,1
용산구,한강로1가,대우월드마크용산,114.676,10,2007,10000,600,2026,5,4
용산구,도원동,삼성래미안,59.94,16,2001,62000,0,2026,5,1
용산구,한남동,한남아이파크애비뉴,49.9061,11,2017,5000,260,2026,5,6
용산구,이촌동,현대한강,59.55,6,1997,10000,235,2026,5,6
용산구,문배동,이안용산1차(102동),84.72,5,2005,70000,0,2026,5,4
용산구,후암동,브라운스톤남산,166.56,5,2004,94500,0,2026,5,6
용산구,서빙고동,그린파크(코오롱하늘채),104.7,7,2000,80000,0,2026,5,5
용산구,이촌동,현대한강,84.88,10,1997,50000,100,2026,5,2
용산구,한강로2가,용산푸르지오써밋(420),137.5778,9,2017,160000,0,2026,5,2
용산구,이태원동,청화1,142.68,9,1982,30000,230,2026,5,1
용산구,원효로1가,용산원효루미니,33.9588,11,2022,12106,55,2026,5,4
용산구,이촌동,강촌,84.85,15,1998,90000,0,2026,5,1
용산구,산천동,리버힐삼성,59.55,10,2001,59000,0,2026,5,1
용산구,효창동,용산롯데캐슬센터포레,84.8757,18,2019,4000,60,2026,5,2
용산구,문배동,아크로타워,84.97,31,2007,80850,0,2026,5,3
용산구,이촌동,강촌,59.12,1,1998,10500,179,2026,5,2
용산구,산천동,리버힐삼성,59.55,6,2001,61000,0,2026,5,1
용산구,문배동,지오베르크,76.1,6,2004,54200,0,2026,5,2
용산구,원효로1가,용산더프라임,123.673,14,2014,135000,0,2026,5,2
용산구,이촌동,한가람,84.89,22,1998,115000,0,2026,5,2
용산구,원효로1가,용산더프라임,84.976,18,2014,100000,0,2026,5,2
성동구,옥수동,옥수삼성,59.7,8,1999,63000,0,2026,5,30
성동구,옥수동,래미안 옥수 리버젠,59.25,2,2012,25700,200,2026,5,20
성동구,금호동1가,금호삼성래미안,59.95,2,2001,3000,154,2026,5,1
성동구,금호동2가,래미안하이리버,59.99,18,2012,76000,0,2026,5,15
성동구,하왕십리동,왕십리자이,59.99,1,2017,56400,0,2026,5,30
성동구,상왕십리동,텐즈힐(2단지),55.2,4,2014,55000,75,2026,5,30
성동구,금호동3가,금호자이2차,59.9167,1,2012,25000,156,2026,5,30
성동구,응봉동,대림(1차),75.51,8,1986,20000,145,2026,5,30
성동구,하왕십리동,센트라스,40.94,26,2016,10000,180,2026,5,9
성동구,사근동,중앙하이츠,71.85,15,1989,5000,200,2026,5,2
성동구,하왕십리동,왕십리KCC스위첸,64.244,3,2016,64000,0,2026,5,23
성동구,행당동,행당한진타운,84.71,11,2000,25000,178,2026,5,16
성동구,금호동3가,두산,124.19,3,1994,79000,0,2026,5,16
성동구,응봉동,금호현대,59.91,12,1990,35125,0,2026,5,1
성동구,금호동3가,두산,79.08,4,1994,39900,0,2026,5,11
성동구,하왕십리동,벽산,84.94,18,1996,20000,200,2026,5,5
성동구,금호동4가,서울숲2차푸르지오,59.907,5,2012,66600,0,2026,5,2
성동구,용답동,청계SKVIEW,59.8109,5,2025,74500,0,2026,5,17
성동구,행당동,서울숲리버뷰자이,59.97,20,2018,75000,60,2026,5,28
성동구,옥수동,옥수삼성,59.7,8,1999,5000,182,2026,5,30
성동구,옥수동,옥수삼성,59.7,5,1999,10000,200,2026,5,1
성동구,행당동,서울숲더샵,92.24,8,2014,10000,240,2026,5,10
성동구,행당동,대림e-편한세상,114.94,8,2000,80500,0,2026,5,30
성동구,옥수동,옥수삼성,59.7,10,1999,5000,250,2026,5,11
성동구,옥수동,옥수하이츠,84.86,6,1998,20000,270,2026,5,16
성동구,행당동,서울숲리버뷰자이,108.93,30,2018,80000,240,2026,5,11
성동구,금호동4가,대우,59.97,12,2001,62000,0,2026,5,15
성동구,금호동1가,신금호두산위브,116.8,11,2006,71000,0,2026,5,21
성동구,하왕십리동,왕십리KCC스위첸,64.236,9,2016,25000,145,2026,5,15
성동구,성수동1가,금호,84.98,2,2003,70000,0,2026,5,26
성동구,성수동1가,아크로서울포레스트,159.603,9,2020,350000,185,2026,5,18
성동구,금호동1가,벽산,59.9,13,2001,5000,185,2026,5,26
성동구,행당동,서울숲리버뷰자이,59.97,20,2018,75000,60,2026,5,28
성동구,상왕십리동,텐즈힐(2단지),84.92,8,2014,75000,120,2026,5,31
성동구,성수동1가,서울숲한양현대,84.81,15,1999,10000,300,2026,5,15
성동구,금호동4가,대우,59.97,9,2001,53000,0,2026,5,19
성동구,마장동,왕십리금호어울림,84.97,13,2006,50000,85,2026,5,30
성동구,성수동1가,서울숲아이파크리버포레2차,59.9566,13,2025,10000,530,2026,5,15
성동구,상왕십리동,텐즈힐(2단지),84.93,14,2014,91300,0,2026,5,5
성동구,송정동,건영,59.83,13,2000,53000,0,2026,5,8
성동구,상왕십리동,센트럴큐브,19.42,19,2019,1000,98,2026,5,23
성동구,응봉동,대림(1차),126.66,3,1986,68250,0,2026,5,16
성동구,성수동1가,서울숲대림,59.885,9,2000,10000,200,2026,5,30
성동구,옥수동,래미안 옥수 리버젠,59.84,16,2012,45000,160,2026,5,19
성동구,옥수동,옥수파크힐스101동~116동,115.9,2,2016,115000,160,2026,5,28
성동구,금호동4가,서울숲2차푸르지오,59.907,5,2012,87000,0,2026,5,5
성동구,하왕십리동,왕십리지음재,16.76,4,2020,100,42,2026,5,27
성동구,행당동,행당한진타운,114.62,12,2000,90000,0,2026,5,30
성동구,하왕십리동,금호베스트빌,84.97,4,2001,65000,0,2026,5,20
성동구,금호동3가,금호한신,59.99,7,2005,58800,0,2026,5,30
성동구,하왕십리동,센트라스,84.99,20,2016,10000,400,2026,5,22
성동구,금호동4가,힐스테이트서울숲리버,84.83,1,2018,10000,420,2026,5,30
성동구,마장동,마장동해맑은아파트,84.5,6,2004,55000,0,2026,5,27
성동구,상왕십리동,텐즈힐(2단지),127.44,7,2014,125000,0,2026,5,27
성동구,행당동,서울숲리버뷰자이,84.9,2,2018,100000,0,2026,5,30
성동구,옥수동,옥수삼성,114.666,1,1999,60000,150,2026,5,29
성동구,행당동,서울숲 한신 더 휴,84.95,17,2003,85000,0,2026,5,30
성동구,금호동4가,힐스테이트서울숲리버,84.69,2,2018,60000,150,2026,5,7
성동구,성수동1가,동아,96.18,1,1983,60000,0,2026,5,31
성동구,성수동1가,트리마제,25.3284,2,2017,10000,270,2026,5,30
성동구,금호동1가,벽산,84.82,9,2001,60000,0,2026,5,15
성동구,행당동,행당한진타운,59.96,14,2000,63000,0,2026,5,30
성동구,금호동2가,신금호파크자이,84.98,15,2016,105000,0,2026,5,22
성동구,행당동,서울숲 한신 더 휴,114.97,8,2003,20000,360,2026,5,30
성동구,옥수동,옥수파크힐스117동~125동,59.59,3,2016,40000,190,2026,5,23
성동구,옥수동,옥수파크힐스117동~125동,59.91,4,2016,64000,100,2026,5,5
성동구,옥수동,옥수어울림,84.699,17,2011,72000,89,2026,5,16
성동구,성수동2가,신성미소지움,59.4,3,2001,41327,0,2026,5,9
성동구,행당동,행당한진타운,59.96,17,2000,40000,90,2026,5,30
성동구,하왕십리동,센트라스,59.93,16,2016,90000,0,2026,5,10
성동구,행당동,대림e-편한세상,59.96,12,2000,48600,0,2026,5,1
성동구,마장동,왕십리금호어울림,84.97,13,2006,50000,85,2026,5,30
성동구,성수동1가,아크로서울포레스트,97.485,7,2020,20000,1350,2026,5,20
성동구,성수동1가,한진타운,59.4,6,1994,20000,180,2026,5,5
성동구,성수동2가,서울숲힐스테이트,84.78,19,2009,114000,0,2026,5,11
성동구,금호동3가,금호자이2차,84.9796,15,2012,85000,0,2026,5,27
성동구,옥수동,극동옥정,84.93,12,1998,10000,260,2026,5,8
성동구,금호동1가,푸른마을(8차),89.8,6,2002,40000,100,2026,5,23
성동구,응봉동,금호현대,79.8,2,1990,58000,0,2026,5,7
성동구,옥수동,현대,84.9,11,1990,10000,280,2026,5,26
성동구,성수동1가,트리마제,49.6683,9,2017,10000,630,2026,5,27
성동구,금호동3가,두산,59.97,13,1994,48000,0,2026,5,31
성동구,행당동,행당두산위브,70.76,10,2009,5000,290,2026,5,22
성동구,옥수동,옥수파크힐스101동~116동,84.64,4,2016,130000,0,2026,5,23
성동구,하왕십리동,왕십리KCC스위첸,64.236,12,2016,64000,0,2026,5,31
성동구,성수동1가,동아그린,58.32,5,1999,12160,125,2026,5,23
성동구,옥수동,옥수파크힐스101동~116동,59.88,9,2016,84000,0,2026,5,19
성동구,옥수동,옥수삼성,84.822,4,1999,80000,0,2026,5,20
성동구,금호동1가,이편한세상금호파크힐스,59.983,19,2019,8448,242,2026,5,20
성동구,하왕십리동,왕십리풍림아이원,84.417,8,2004,50000,0,2026,5,14
성동구,사근동,중앙하이츠,71.85,15,1989,5000,200,2026,5,2
성동구,행당동,행당한진타운,59.96,19,2000,5000,179,2026,5,23
성동구,성수동1가,트리마제,25.3284,16,2017,5000,320,2026,5,27
성동구,옥수동,옥수하이츠,114.78,1,1998,80000,0,2026,5,20
성동구,금호동1가,벽산,84.82,1,2001,50000,30,2026,5,23
성동구,금호동4가,서울숲2차푸르지오,84.776,6,2012,10000,375,2026,5,26
성동구,금호동3가,두산,116.81,15,1994,82000,0,2026,5,29
성동구,하왕십리동,왕십리KCC스위첸,84.897,13,2016,10000,300,2026,5,19
성동구,성수동1가,서울숲대림,84.015,1,2000,75000,0,2026,5,22
성동구,옥수동,래미안 옥수 리버젠,84.73,14,2012,20000,360,2026,5,30
성동구,금호동4가,서울숲2차푸르지오,59.907,4,2012,79000,0,2026,5,30
성동구,금호동4가,대우,84.71,2,2001,66000,0,2026,5,16
성동구,옥수동,현대,75.37,9,1990,43000,0,2026,5,22
성동구,행당동,대림e-편한세상,84.87,14,2000,5000,253,2026,5,21
성동구,금호동2가,래미안하이리버,84.98,17,2012,10000,340,2026,5,21
성동구,마장동,삼성홈타운,14.45,4,2015,1000,71,2026,5,16
성동구,마장동,세림,72.84,15,1986,43000,0,2026,5,16
성동구,성수동1가,서울숲아이파크리버포레2차,59.986,17,2025,10000,530,2026,5,18
성동구,금호동2가,신금호파크자이,59.98,2,2016,40000,147,2026,5,19
성동구,성수동2가,금호타운2차아파트,59.94,18,1997,52000,0,2026,5,30
성동구,금호동1가,벽산,84.82,15,2001,3000,185,2026,5,22
성동구,옥수동,옥수파크힐스101동~116동,59.88,14,2016,87150,0,2026,5,13
성동구,성수동1가,뚝섬현대,84.22,10,1992,25000,165,2026,5,25
성동구,옥수동,극동그린,84.92,15,1997,60000,0,2026,5,30
성동구,금호동2가,래미안하이리버,84.99,4,2012,78750,0,2026,5,22
성동구,하왕십리동,센트라스,84.99,15,2016,30000,280,2026,5,19
성동구,하왕십리동,벽산,114.46,2,1996,74000,0,2026,5,10
성동구,금호동1가,이편한세상금호파크힐스,84.932,17,2019,50000,177,2026,5,19
성동구,금호동1가,벽산,59.9,2,2001,5000,180,2026,5,14
성동구,행당동,서울숲더샵,101.45,8,2014,30000,400,2026,5,15
성동구,하왕십리동,왕십리KCC스위첸,64.244,5,2016,10000,250,2026,5,29
성동구,옥수동,극동,84.74,14,1986,10000,200,2026,5,27
성동구,금호동2가,래미안하이리버,59.99,5,2012,75000,0,2026,5,23
성동구,응봉동,대림(2차),59.91,4,1989,45000,0,2026,5,18
성동구,금호동1가,푸른마을(8차),89.8,6,2002,40000,100,2026,5,23
성동구,응봉동,대림강변타운,84.42,6,2001,74500,0,2026,5,17
성동구,금호동4가,서울숲푸르지오,59.9,6,2007,60000,0,2026,5,27
성동구,응봉동,대림강변타운,59.76,21,2001,56000,11,2026,5,30
성동구,성수동1가,서울숲아이파크리버포레2차,59.9566,31,2025,40000,160,2026,5,13
성동구,행당동,행당두산위브,84.99,6,2009,84000,0,2026,5,16
성동구,하왕십리동,센트라스,59.59,23,2016,35000,200,2026,5,28
성동구,응봉동,금호현대,59.91,9,1990,5000,180,2026,5,6
성동구,마장동,현대,84.91,18,1998,63000,0,2026,5,26
성동구,하왕십리동,금호베스트빌,84.97,19,2001,45000,65,2026,5,21
성동구,응봉동,금호현대,79.8,4,1990,20000,140,2026,5,16
성동구,행당동,지웰홈스왕십리,16.41,5,2020,1000,106,2026,5,11
성동구,금호동2가,신금호파크자이,84.98,4,2016,80000,100,2026,5,12
성동구,행당동,대림e-편한세상,114.94,8,2000,95000,0,2026,5,30
성동구,옥수동,옥수하이츠,114.78,13,1998,127000,0,2026,5,19
성동구,금호동2가,금호자이1차,59.99,5,2012,75000,0,2026,5,16
성동구,응봉동,대림강변타운,59.76,5,2001,5000,230,2026,5,2
성동구,금호동2가,금호자이1차,59.99,5,2012,10000,254,2026,5,23
성동구,행당동,서울숲리버뷰자이,84.96,2,2018,105000,0,2026,5,13
성동구,옥수동,극동,84.74,3,1986,57750,0,2026,5,8
성동구,금호동4가,힐스테이트서울숲리버,84.69,8,2018,100000,0,2026,5,14
성동구,옥수동,옥수하이츠,114.78,13,1998,127000,0,2026,5,19
성동구,성수동2가,서울숲힐스테이트,143,1,2009,103000,209,2026,5,29
성동구,마장동,현대,59.91,15,1998,47250,0,2026,5,26
성동구,행당동,행당한진타운,59.96,15,2000,52660,0,2026,5,30
성동구,성수동1가,서울숲대림,59.885,9,2000,10000,200,2026,5,30
성동구,성수동1가,한진타운,59.4,14,1994,5000,240,2026,5,29
성동구,금호동1가,이편한세상금호파크힐스,59.983,19,2019,8448,242,2026,5,20
성동구,마장동,현대,59.91,23,1998,53000,0,2026,5,16
성동구,성수동1가,강변동양,84.95,3,2001,25000,183,2026,5,19
성동구,금호동2가,금호자이1차,84.98,18,2012,73500,0,2026,5,30
성동구,응봉동,신동아,59.97,2,1996,5000,180,2026,5,20
성동구,금호동2가,신금호파크자이,59.98,13,2016,10000,320,2026,5,4
성동구,행당동,대림e-편한세상,114.94,2,2000,98000,0,2026,5,16
성동구,마장동,세림,72.84,2,1986,41000,0,2026,5,28
성동구,성수동1가,강변건영아파트,84.941,17,2002,50000,180,2026,5,10
성동구,성수동2가,성수동두산위브,131.2,11,2006,110000,0,2026,5,18
성동구,금호동4가,힐스테이트서울숲리버,59.96,4,2018,78500,0,2026,5,13
성동구,행당동,서울숲리버뷰자이,84.96,6,2018,99700,0,2026,5,26
성동구,금호동1가,이편한세상금호파크힐스,59.983,8,2019,87000,0,2026,5,28
성동구,성수동1가,트리마제,69.7244,40,2017,40000,750,2026,5,30
성동구,사근동,인암빌,18.6555,3,2018,10000,35,2026,5,27
성동구,옥수동,옥수파크힐스101동~116동,59.91,9,2016,90000,0,2026,5,23
성동구,옥수동,옥수파크힐스101동~116동,115.9,1,2016,165000,0,2026,5,6
성동구,행당동,두산,84.87,9,1997,4000,225,2026,5,13
성동구,행당동,행당한진타운,84.71,12,2000,42000,150,2026,5,28
성동구,용답동,청계SKVIEW,59.8109,5,2025,74500,0,2026,5,17
성동구,하왕십리동,벽산,114.46,3,1996,30000,200,2026,5,14
성동구,금호동4가,힐스테이트서울숲리버,84.88,7,2018,105000,0,2026,5,28
성동구,성수동1가,동아,52.68,6,1983,22000,70,2026,5,16
성동구,행당동,서울숲리버뷰자이,84.9,13,2018,110000,0,2026,5,30
성동구,성수동1가,트리마제,84.5402,25,2017,220000,0,2026,5,18
성동구,금호동4가,대우,84.71,10,2001,52500,0,2026,5,31
성동구,성수동1가,서울숲아이파크리버포레1차,84.959,9,2024,50000,500,2026,5,29
성동구,성수동1가,트리마제,35.4442,20,2017,15000,530,2026,5,14
성동구,행당동,대림e-편한세상,84.87,15,2000,10000,264,2026,5,12
성동구,응봉동,대림(1차),75.51,8,1986,42800,35,2026,5,30
성동구,옥수동,한남하이츠,89.19,3,1982,13000,90,2026,5,28
성동구,금호동1가,이편한세상금호파크힐스,59.983,7,2019,85000,0,2026,5,25
성동구,응봉동,서울숲리버그린동아아파트,84.83,12,2003,80000,0,2026,5,13
성동구,행당동,행당한진타운,59.96,22,2000,51450,0,2026,5,9
성동구,성수동1가,트리마제,25.3284,17,2017,10000,300,2026,5,29
성동구,하왕십리동,벽산,84.94,1,1996,73000,0,2026,5,19
성동구,금호동2가,래미안하이리버,59.99,18,2012,76000,0,2026,5,15
성동구,성수동1가,강변건영아파트,84.941,12,2002,60000,200,2026,5,25
성동구,금호동2가,래미안하이리버,84.98,12,2012,95000,0,2026,5,15
성동구,성수동1가,한진타운,59.4,4,1994,10000,250,2026,5,29
성동구,상왕십리동,텐즈힐(2단지),84.92,14,2014,65000,150,2026,5,30
성동구,도선동,삼성쉐르빌,84.93,17,2006,73000,0,2026,5,30
성동구,옥수동,옥수삼성,59.7,8,1999,5000,182,2026,5,30
성동구,금호동3가,금호한신,59.99,4,2005,5000,250,2026,5,25
성동구,금호동1가,이편한세상금호파크힐스,84.932,13,2019,90000,0,2026,5,23
성동구,옥수동,래미안 옥수 리버젠,59.25,2,2012,82000,0,2026,5,9
성동구,금호동4가,서울숲2차푸르지오,84.776,10,2012,125000,0,2026,5,9
성동구,금호동1가,벽산,84.82,2,2001,60000,0,2026,5,28
성동구,옥수동,옥수파크힐스101동~116동,84.51,8,2016,90000,150,2026,5,9
성동구,행당동,서울숲더샵,84.18,22,2014,105000,0,2026,5,21
성동구,옥수동,래미안 옥수 리버젠,84.81,13,2012,50000,190,2026,5,6
성동구,하왕십리동,극동미라주,59.4,13,2001,3000,160,2026,5,27
성동구,행당동,행당두산위브,59.99,9,2009,30000,160,2026,5,21
성동구,사근동,한양마이라움,18.36,3,2018,1000,68,2026,5,20
성동구,성수동2가,청구강변1,84.87,2,1994,49600,0,2026,5,19
성동구,성수동1가,서울숲대림,59.885,8,2000,68000,0,2026,5,30
성동구,행당동,서울숲리버뷰자이,59.97,23,2018,93000,0,2026,5,19
성동구,행당동,서울숲한신더휴(임대),28.08,4,2003,618,20,2026,5,14
성동구,성수동1가,동아그린,84.91,11,1999,56700,0,2026,5,31
성동구,금호동2가,신금호파크자이,84.98,6,2016,20000,300,2026,5,23
성동구,금호동1가,이편한세상금호파크힐스,59.983,13,2019,80000,0,2026,5,30
성동구,행당동,대림e-편한세상,84.87,1,2000,63000,0,2026,5,30
성동구,응봉동,서울숲리버그린동아아파트,84.65,7,2003,73000,0,2026,5,30
성동구,성수동1가,현대그린,56.97,9,1994,10000,240,2026,5,4
성동구,옥수동,옥수파크힐스101동~116동,84.3,2,2016,50000,280,2026,5,23
성동구,옥수동,옥수파크힐스101동~116동,84.3,15,2016,10000,440,2026,5,4
성동구,하왕십리동,극동미라주,84.33,10,2001,50000,10,2026,5,29
성동구,성수동1가,중앙하이츠빌,84.9673,1,2003,95000,0,2026,5,30
성동구,금호동4가,서울숲푸르지오,59.9,1,2007,52520,40,2026,5,18
성동구,성수동1가,강변동양,59.9,7,2001,49000,0,2026,5,29
성동구,금호동4가,브라운스톤금호,84.838,13,2007,10000,320,2026,5,30
성동구,옥수동,옥수삼성,114.666,16,1999,20000,333,2026,5,27
성동구,금호동4가,브라운스톤금호,84.838,10,2007,10000,330,2026,5,29
성동구,옥수동,현대,71.05,11,1990,55000,50,2026,5,29
성동구,성수동1가,쌍용,59.76,13,1997,15000,190,2026,5,23
성동구,옥수동,옥수삼성,84.822,16,1999,78750,0,2026,5,30
성동구,행당동,대림e-편한세상,84.87,10,2000,80000,0,2026,5,12
성동구,행당동,행당한진타운,59.96,17,2000,40000,90,2026,5,30
성동구,응봉동,대림(2차),59.91,12,1989,58000,0,2026,5,30
성동구,하왕십리동,왕십리자이,84.99,19,2017,50000,135,2026,5,20
성동구,옥수동,옥수삼성,114.666,5,1999,100000,0,2026,5,23
성동구,사근동,드림시드,84.97,9,2001,3000,20,2026,5,29
성동구,성수동1가,강변동양,84.95,3,2001,75000,0,2026,5,14
성동구,금호동4가,힐스테이트서울숲리버,84.88,14,2018,110000,0,2026,5,29
성동구,금호동1가,이편한세상금호파크힐스,84.932,1,2019,10000,324,2026,5,29
성동구,행당동,대림e-편한세상,84.87,5,2000,45000,100,2026,5,30
성동구,행당동,행당한진타운,84.71,19,2000,60000,70,2026,5,30
성동구,옥수동,래미안 옥수 리버젠,59.25,16,2012,78750,0,2026,5,30
성동구,금호동1가,벽산,84.82,4,2001,5000,200,2026,5,30
성동구,성수동1가,강변건영아파트,84.941,5,2002,102000,0,2026,5,30
성동구,하왕십리동,센트라스,84.99,18,2016,40000,280,2026,5,29
성동구,하왕십리동,센트라스,115.99,14,2016,123900,0,2026,5,29
성동구,옥수동,래미안 옥수 리버젠,59.84,15,2012,84000,0,2026,5,29
성동구,사근동,한양마이라움,18.36,7,2018,1000,80,2026,5,29
성동구,송정동,성동리버뷰,41.25,1,2004,24500,0,2026,5,29
성동구,성수동1가,동아,53.14,9,1983,23000,100,2026,5,29
성동구,하왕십리동,센트라스,40.94,26,2016,10000,180,2026,5,9
성동구,금호동4가,서울숲푸르지오,59.9,6,2007,60000,0,2026,5,27
성동구,옥수동,래미안 옥수 리버젠,59.25,11,2012,79000,0,2026,5,16
성동구,옥수동,옥수하이츠,84.86,7,1998,82000,0,2026,5,2
성동구,행당동,신동아,59.97,14,1995,20000,63,2026,5,28
성동구,행당동,신동아,76.41,8,1995,65000,0,2026,5,11
성동구,행당동,행당한진타운,84.71,23,2000,76600,0,2026,5,23
성동구,성수동1가,서울숲대림,84.015,14,2000,50000,130,2026,5,23
성동구,금호동3가,두산,84.99,11,1994,1000,50,2026,5,29
성동구,상왕십리동,텐즈힐(2단지),84.95,8,2014,89250,0,2026,5,23
성동구,옥수동,래미안 옥수 리버젠,59.25,4,2012,10000,310,2026,5,20
성동구,마장동,신성미소지움,84.99,1,2004,15000,180,2026,5,12
성동구,금호동2가,신금호파크자이,84.98,8,2016,91350,0,2026,5,29
성동구,성수동1가,서울숲한양현대,59.89,12,1999,65000,0,2026,5,28
성동구,금호동2가,신금호파크자이,59.98,17,2016,79000,0,2026,5,27
성동구,하왕십리동,센트라스,59.59,15,2016,79800,0,2026,5,29
성동구,금호동4가,대우,84.71,18,2001,30000,215,2026,5,27
성동구,옥수동,극동,148.23,7,1986,80000,0,2026,5,26
성동구,옥수동,옥수삼성,59.7,5,1999,10000,200,2026,5,1
성동구,하왕십리동,센트라스,84.96,1,2016,100000,0,2026,5,8
성동구,하왕십리동,왕십리KCC스위첸,84.89,3,2016,71000,0,2026,5,16
성동구,응봉동,대림(2차),59.91,13,1989,47000,0,2026,5,20
성동구,응봉동,신동아,76.67,8,1996,5000,118,2026,5,13
성동구,응봉동,대림(1차),113.71,8,1986,68000,0,2026,5,28
성동구,마장동,우성에비뉴,60.4,4,2017,28000,65,2026,5,19
성동구,성수동1가,트리마제,49.6683,12,2017,10000,620,2026,5,26
성동구,금호동1가,금호삼성래미안,84.45,12,2001,75600,0,2026,5,20
성동구,성수동1가,서울숲아이파크리버포레2차,59.9566,13,2025,10000,530,2026,5,15
성동구,행당동,서울숲리버뷰자이,84.95,24,2018,95000,45,2026,5,26
성동구,행당동,서울숲리버뷰자이,84.95,28,2018,99750,0,2026,5,19
성동구,성수동1가,쌍용,59.76,3,1997,5000,155,2026,5,26
성동구,옥수동,옥수하이츠,114.78,8,1998,25000,400,2026,5,23
성동구,성수동1가,서울숲대림,59.885,6,2000,67000,0,2026,5,27
성동구,성수동1가,서울숲대림,59.885,5,2000,70000,0,2026,5,23
성동구,금호동1가,이편한세상금호파크힐스,84.932,19,2019,70350,0,2026,5,28
성동구,금호동1가,벽산,84.82,16,2001,51000,0,2026,5,23
성동구,하왕십리동,왕십리자이,59.99,10,2017,80000,0,2026,5,28
성동구,금호동4가,대우,84.71,18,2001,30000,215,2026,5,27
성동구,금호동2가,신금호파크자이,59.98,13,2016,85000,0,2026,5,23
성동구,금호동2가,래미안하이리버,84.97,2,2012,65000,100,2026,5,27
성동구,금호동1가,벽산,84.82,19,2001,63000,0,2026,5,27
성동구,행당동,행당한진타운,84.71,3,2000,75600,0,2026,5,27
성동구,행당동,서울숲리버뷰자이,84.9,26,2018,20000,400,2026,5,6
성동구,성수동1가,쌍용,84.78,9,1997,72450,0,2026,5,27
성동구,행당동,대림e-편한세상,84.87,3,2000,42000,95,2026,5,6
성동구,응봉동,서울숲리버그린동아아파트,59.98,18,2003,45000,75,2026,5,23
성동구,성수동1가,대우2,59.83,9,1999,15000,145,2026,5,16
성동구,행당동,서울숲리버뷰자이,59.97,16,2018,95000,0,2026,5,15
성동구,성수동1가,대우2,84.97,18,1999,75000,0,2026,5,9
성동구,성수동2가,서울숲힐스테이트,143,8,2009,30000,583,2026,5,27
성동구,상왕십리동,텐즈힐(2단지),84.92,1,2014,85000,50,2026,5,25
성동구,금호동1가,이편한세상금호파크힐스,84.957,9,2019,87150,0,2026,5,21
성동구,금호동2가,래미안하이리버,84.98,3,2012,10000,320,2026,5,2
성동구,옥수동,화이트캐슬,138.93,1,2005,3000,610,2026,5,26
성동구,성수동1가,서울숲아이파크리버포레2차,59.9566,28,2025,128000,0,2026,5,27
성동구,금호동4가,브라운스톤금호,84.838,11,2007,90000,0,2026,5,16
성동구,마장동,현대,59.94,12,1998,35000,75,2026,5,25
성동구,성수동1가,트리마제,35.4442,5,2017,98000,0,2026,5,18
성동구,금호동2가,신금호파크자이,84.98,2,2016,97000,0,2026,5,26
성동구,옥수동,현대,63.13,9,1990,20000,95,2026,5,25
성동구,성수동2가,강변금호타운,84.96,9,1994,31500,0,2026,5,15
성동구,성수동1가,금호,84.98,7,2003,79000,0,2026,5,25
성동구,성수동2가,금호타운2차아파트,59.94,3,1997,64000,0,2026,5,27
성동구,하왕십리동,센트라스,84.96,13,2016,95000,0,2026,5,26
성동구,성수동1가,강변건영아파트,84.952,17,2002,90000,0,2026,5,23
성동구,성수동1가,서울숲아이파크리버포레1차,59.9925,13,2024,40000,350,2026,5,25
성동구,행당동,대림e-편한세상,59.96,2,2000,15000,160,2026,5,12
성동구,성수동1가,서울숲아이파크리버포레2차,59.9919,6,2025,40000,0,2026,5,22
성동구,성수동1가,강변건영아파트,84.941,8,2002,90000,0,2026,5,25
성동구,성수동1가,한진타운,59.4,11,1994,60000,32,2026,5,23
성동구,성수동1가,강변건영아파트,84.941,5,2002,80800,0,2026,5,14
성동구,하왕십리동,벽산,84.94,5,1996,73000,0,2026,5,23
성동구,도선동,삼성쉐르빌,84.74,22,2006,25000,167,2026,5,20
성동구,행당동,지웰홈스왕십리,21.81,14,2020,500,135,2026,5,8
성동구,행당동,행당한진타운,59.96,13,2000,62000,0,2026,5,23
성동구,성수동2가,한신한강,84.97,4,2000,55650,0,2026,5,16
성동구,행당동,행당한진타운,114.62,9,2000,90000,0,2026,5,19
성동구,성수동2가,성수동두산위브,84.34,10,2006,59850,0,2026,5,22
성동구,하왕십리동,센트라스,84.99,7,2016,105000,0,2026,5,22
성동구,마장동,현대,84.91,4,1998,10000,250,2026,5,14
성동구,성수동2가,강변현대,84.94,7,1994,25000,49,2026,5,1
성동구,성수동2가,성동상가,49.82,3,1978,15000,0,2026,5,20
성동구,금호동1가,벽산,114.57,10,2001,70000,0,2026,5,23
성동구,마장동,마장동해맑은아파트,84.5,6,2004,55000,0,2026,5,21
성동구,송정동,서울숲아이파크,64.21,8,2009,27348,0,2026,5,26
성동구,성수동1가,서울숲성수현대,84.73,8,1990,73000,0,2026,5,23
성동구,금호동2가,신금호파크자이,84.98,16,2016,20000,320,2026,5,26
성동구,금호동2가,래미안하이리버,59.99,17,2012,79000,0,2026,5,9
성동구,금호동4가,서울숲2차푸르지오,59.839,3,2012,10000,340,2026,5,22
성동구,금호동4가,힐스테이트서울숲리버,59.98,2,2018,75100,0,2026,5,16
성동구,하왕십리동,센트라스,84.96,13,2016,10000,350,2026,5,21
성동구,옥수동,풍림아이원,84.767,15,2004,110000,0,2026,5,26
성동구,성수동1가,현대그린,56.97,10,1994,60000,0,2026,5,25
성동구,금호동2가,래미안하이리버,84.99,11,2012,96000,0,2026,5,23
성동구,하왕십리동,왕십리풍림아이원,84.417,6,2004,5000,260,2026,5,9
성동구,금호동1가,이편한세상금호파크힐스,84.982,8,2019,42000,200,2026,5,23
성동구,응봉동,대림강변타운,84.42,1,2001,65000,40,2026,5,23
성동구,응봉동,대림강변타운,59.76,13,2001,70000,0,2026,5,23
성동구,옥수동,래미안 옥수 리버젠,59.25,5,2012,60000,120,2026,5,24
성동구,옥수동,옥수파크힐스117동~125동,59.77,9,2016,95000,0,2026,5,23
성동구,행당동,행당한진타운,59.96,20,2000,57000,0,2026,5,23
성동구,옥수동,옥수파크힐스117동~125동,59.91,11,2016,87150,0,2026,5,23
성동구,행당동,지웰홈스왕십리,21.81,17,2020,1000,132,2026,5,26
성동구,응봉동,대림강변타운,84.42,7,2001,3000,250,2026,5,19
성동구,금호동1가,이편한세상금호파크힐스,59.949,9,2019,70600,0,2026,5,9
성동구,옥수동,옥수파크힐스117동~125동,59.91,7,2016,95000,0,2026,5,25
성동구,응봉동,대림강변타운,84.42,14,2001,40000,200,2026,5,25
성동구,옥수동,옥수삼성,59.7,14,1999,72000,0,2026,5,23
성동구,옥수동,래미안 옥수 리버젠,59.25,2,2012,10000,320,2026,5,25
성동구,금호동1가,벽산,114.57,2,2001,25000,180,2026,5,9
성동구,금호동1가,벽산,114.57,18,2001,70000,0,2026,5,23
성동구,금호동2가,래미안하이리버,84.97,3,2012,80000,25,2026,5,20
성동구,성수동1가,트리마제,140.3099,25,2017,30000,1650,2026,5,11
성동구,금호동3가,두산,59.97,10,1994,43000,0,2026,5,21
성동구,행당동,서울숲삼부아파트,122.01,8,1998,84000,0,2026,5,22
성동구,성수동1가,트리마제,136.5606,6,2017,120000,1250,2026,5,18
성동구,옥수동,한남하이츠,102.08,1,1982,55000,0,2026,5,22
성동구,금호동2가,신금호파크자이,84.98,15,2016,105000,0,2026,5,22
성동구,옥수동,옥수파크힐스101동~116동,59.78,6,2016,91350,0,2026,5,16
성동구,성수동1가,서울숲아이파크리버포레1차,59.9925,25,2024,50000,340,2026,5,15
성동구,하왕십리동,센트라스,59.94,2,2016,30000,210,2026,5,21
성동구,성수동2가,롯데캐슬파크,81.567,18,2003,90000,0,2026,5,21
성동구,응봉동,대림(1차),126.66,3,1986,70000,0,2026,5,20
성동구,옥수동,옥수파크힐스117동~125동,59.59,6,2016,90000,0,2026,5,21
성동구,금호동4가,서울숲푸르지오,84.87,1,2007,80000,0,2026,5,21
성동구,옥수동,극동,142.26,1,1986,73000,0,2026,5,21
성동구,금호동2가,신금호파크자이,84.98,14,2016,8000,255,2026,5,12
성동구,옥수동,한남하이츠,149.39,8,1982,56700,0,2026,5,21
성동구,금호동1가,이편한세상금호파크힐스,59.983,9,2019,81900,0,2026,5,21
성동구,성수동1가,서울숲아이파크리버포레1차,59.949,12,2024,90000,0,2026,5,16
성동구,옥수동,극동그린,59.9,17,1997,5000,230,2026,5,21
성동구,행당동,행당두산위브,59.99,9,2009,30000,160,2026,5,21
성동구,행당동,서울숲리버뷰자이,84.95,32,2018,105000,0,2026,5,21
성동구,옥수동,한남하이츠,149.39,8,1982,56700,0,2026,5,21
성동구,하왕십리동,왕십리자이,59.99,6,2017,48000,93,2026,5,21
성동구,사근동,중앙하이츠,71.85,1,1989,45150,0,2026,5,9
성동구,행당동,서울숲더샵,114.4,28,2014,70000,240,2026,5,21
성동구,금호동1가,이편한세상금호파크힐스,30.324,11,2019,3946,7,2026,5,21
성동구,응봉동,대림(2차),84.53,7,1989,5000,250,2026,5,21
성동구,마장동,대성유니드,59.7,7,2004,53000,0,2026,5,8
성동구,성수동2가,현대I-PARK,104.56,2,2003,70000,55,2026,5,20
성동구,금호동2가,래미안하이리버,84.97,2,2012,77000,0,2026,5,21
성동구,금호동1가,이편한세상금호파크힐스,84.932,4,2019,10500,368,2026,5,20
성동구,성수동2가,서울숲금강아미움,80.89,8,2004,75000,0,2026,5,9
성동구,옥수동,한남하이츠,101.09,6,1982,47000,0,2026,5,21
성동구,금호동4가,삼산금호,49.45,5,1975,20000,40,2026,5,16
성동구,옥수동,옥수파크힐스117동~125동,59.78,12,2016,93000,0,2026,5,17
성동구,옥수동,현대,71.05,2,1990,10000,190,2026,5,21
성동구,금호동2가,금호자이1차,84.97,3,2012,70000,0,2026,5,16
성동구,옥수동,옥수파크힐스101동~116동,59.88,14,2016,95000,0,2026,5,2
성동구,송정동,서울숲아이파크,84.88,8,2009,18222,0,2026,5,20
성동구,행당동,서울숲리버뷰자이,84.9,38,2018,110000,0,2026,5,20
성동구,하왕십리동,센트라스,84.99,23,2016,20000,340,2026,5,11
성동구,행당동,신동아,59.97,4,1995,49350,0,2026,5,16
성동구,금호동1가,이편한세상금호파크힐스,84.957,4,2019,97000,0,2026,5,8
성동구,응봉동,금호현대,79.8,9,1990,58000,0,2026,5,19
성동구,하왕십리동,텐즈힐(1단지),84.88,12,2015,65000,110,2026,5,20
성동구,용답동,청계SKVIEW,59.8279,5,2025,30000,150,2026,5,20
성동구,금호동4가,서울숲푸르지오,59.9,2,2007,5000,280,2026,5,20
성동구,옥수동,옥수파크힐스101동~116동,59.88,9,2016,84000,0,2026,5,19
성동구,행당동,서울숲리버뷰자이,59.97,5,2018,84000,0,2026,5,20
성동구,성수동2가,롯데캐슬파크,81.567,1,2003,30000,240,2026,5,8
성동구,금호동2가,신금호파크자이,59.98,8,2016,72000,30,2026,5,12
성동구,성수동1가,갤러리아포레,195.2,19,2011,400000,0,2026,5,14
성동구,하왕십리동,금호베스트빌,114.73,18,2001,78000,0,2026,5,1
성동구,성수동2가,E-아름다운세상,70.71,5,2014,10000,165,2026,5,8
성동구,상왕십리동,텐즈힐(2단지),157.29,15,2014,10000,500,2026,5,7
성동구,성수동1가,트리마제,25.3284,5,2017,70000,0,2026,5,14
성동구,금호동1가,이편한세상금호파크힐스,84.932,6,2019,79000,75,2026,5,19
성동구,성수동2가,서울숲힐스테이트,42.22,16,2009,73000,0,2026,5,14
성동구,성수동2가,우성2차,70.17,6,2006,57750,0,2026,5,13
성동구,상왕십리동,텐즈힐(2단지),84.92,17,2014,30000,220,2026,5,19
성동구,금호동4가,브라운스톤금호,84.838,5,2007,89250,0,2026,5,11
성동구,마장동,왕십리금호어울림,84.97,3,2006,65000,50,2026,5,19
성동구,옥수동,래미안 옥수 리버젠,59.97,6,2012,40000,180,2026,5,19
성동구,금호동1가,이편한세상금호파크힐스,40.381,10,2019,5862,10,2026,5,18
성동구,하왕십리동,왕십리지음재,16.76,10,2020,15500,30,2026,5,19
성동구,마장동,마장동중앙하이츠,84.8,10,1999,55500,0,2026,5,11
성동구,옥수동,옥수삼성,59.7,15,1999,5000,220,2026,5,19
성동구,옥수동,래미안 옥수 리버젠,59.25,13,2012,78000,0,2026,5,16
성동구,금호동3가,두산,59.97,2,1994,15000,150,2026,5,16
성동구,성수동1가,트리마제,84.8213,32,2017,20000,1150,2026,5,19
성동구,상왕십리동,텐즈힐(2단지),84.9,4,2014,90000,0,2026,5,19
성동구,성수동1가,강변건영아파트,84.941,20,2002,20000,360,2026,5,16
성동구,상왕십리동,텐즈힐(2단지),84.9,24,2014,15000,315,2026,5,19
성동구,금호동1가,벽산,84.82,15,2001,60000,0,2026,5,11
성동구,하왕십리동,금호베스트빌,59.79,6,2001,45500,0,2026,5,9
성동구,하왕십리동,금호베스트빌,114.93,3,2001,67500,0,2026,5,18
성동구,하왕십리동,센트라스,59.59,25,2016,10000,280,2026,5,19
성동구,행당동,서울숲리버뷰자이,128.52,3,2018,162700,0,2026,5,19
성동구,행당동,대림e-편한세상,59.96,11,2000,20000,160,2026,5,16
성동구,응봉동,대림(2차),59.91,4,1989,45000,0,2026,5,18
성동구,송정동,히페리온리버팰리스,83.4672,2,2022,15000,240,2026,5,9
성동구,성수동1가,서울숲아이파크리버포레1차,59.9304,2,2024,100000,0,2026,5,15
성동구,행당동,서울숲리버뷰자이,59.97,13,2018,30000,275,2026,5,16
성동구,금호동1가,이편한세상금호파크힐스,59.949,3,2019,73000,0,2026,5,15
성동구,성수동2가,현대I-PARK,84.98,6,2003,40000,145,2026,5,4
성동구,성수동1가,대우2,84.97,2,1999,43500,5,2026,5,18
성동구,금호동2가,래미안하이리버,59.99,10,2012,76500,0,2026,5,17
성동구,금호동3가,두산,59.97,5,1994,55000,0,2026,5,16
성동구,금호동1가,벽산,84.82,1,2001,47000,0,2026,5,8
성동구,하왕십리동,센트라스,84.99,13,2016,97000,0,2026,5,16
성동구,금호동3가,두산,124.19,3,1994,79000,0,2026,5,16
성동구,상왕십리동,텐즈힐(2단지),127.44,17,2014,20000,400,2026,5,15
성동구,금호동3가,두산,79.08,7,1994,66000,0,2026,5,16
성동구,금호동2가,래미안하이리버,59.99,7,2012,60000,65,2026,5,16
성동구,성수동1가,쌍용,84.78,17,1997,70000,0,2026,5,14
성동구,행당동,신동아,59.97,4,1995,49350,0,2026,5,16
성동구,성수동1가,서울숲대림,84.015,5,2000,69600,0,2026,5,12
성동구,행당동,서울숲삼부아파트,84.09,13,1998,76000,0,2026,5,16
성동구,응봉동,서울숲리버그린동아아파트,84.83,8,2003,80000,0,2026,5,18
성동구,금호동2가,신금호파크자이,59.98,4,2016,57800,0,2026,5,18
성동구,옥수동,래미안 옥수 리버젠,59.97,6,2012,40000,180,2026,5,16
성동구,옥수동,래미안 옥수 리버젠,59.25,8,2012,87000,0,2026,5,16
성동구,옥수동,옥수삼성,84.822,5,1999,75600,0,2026,5,16
성동구,옥수동,극동,84.74,14,1986,78000,0,2026,5,17
성동구,행당동,서울숲행당푸르지오,59.81,6,2011,68250,0,2026,5,16
성동구,행당동,행당한진타운,59.96,10,2000,62000,0,2026,5,16
성동구,성수동2가,롯데캐슬파크,81.567,8,2003,84000,0,2026,5,16
성동구,행당동,대림e-편한세상,84.87,6,2000,33000,160,2026,5,16
성동구,금호동1가,벽산,59.9,17,2001,49000,0,2026,5,14
성동구,행당동,서울숲행당푸르지오,59.81,5,2011,50000,90,2026,5,16
성동구,응봉동,신동아,84.81,5,1996,55000,0,2026,5,18
성동구,응봉동,대림(1차),126.66,2,1986,65000,0,2026,5,16
성동구,옥수동,옥수하이츠,84.86,11,1998,85000,0,2026,5,15
성동구,옥수동,한남하이츠,87.67,11,1982,41000,0,2026,5,16
성동구,옥수동,옥수파크힐스117동~125동,59.78,11,2016,89250,0,2026,5,16
성동구,행당동,서울숲행당푸르지오,84.74,13,2011,45000,140,2026,5,16
성동구,하왕십리동,왕십리자이,59.99,11,2017,79000,0,2026,5,16
성동구,옥수동,래미안 옥수 리버젠,84.81,7,2012,80000,78,2026,5,12
성동구,하왕십리동,왕십리자이,51.94,15,2017,70000,0,2026,5,16
성동구,성수동2가,성수우방2차아파트,84.645,8,1999,70000,0,2026,5,15
성동구,마장동,왕십리삼성아파트,59.76,1,1996,55000,0,2026,5,16
성동구,성수동1가,대우2,59.83,9,1999,15000,145,2026,5,16
성동구,성수동1가,서울숲아이파크리버포레1차,59.949,12,2024,90000,0,2026,5,16
성동구,하왕십리동,센트라스,59.59,20,2016,80850,0,2026,5,16
성동구,하왕십리동,센트라스,59.99,19,2016,90000,0,2026,5,14
성동구,옥수동,옥수삼성,59.7,3,1999,52000,80,2026,5,9
성동구,옥수동,옥수삼성,84.822,3,1999,80000,0,2026,5,12
성동구,행당동,서울숲 한신 더 휴,114.97,3,2003,85000,14,2026,5,15
성동구,금호동4가,서울숲푸르지오,114.8,8,2007,120000,0,2026,5,15
성동구,금호동1가,이편한세상금호파크힐스,84.932,18,2019,98700,0,2026,5,15
성동구,행당동,서울숲삼부아파트,84.93,11,1998,20000,250,2026,5,15
성동구,금호동3가,금호자이2차,115.9341,9,2012,93000,0,2026,5,9
성동구,행당동,서울숲 한신 더 휴,59.91,15,2003,35000,110,2026,5,15
성동구,행당동,행당한진타운,59.96,7,2000,57700,0,2026,5,9
성동구,하왕십리동,왕십리자이,59.99,2,2017,52900,0,2026,5,12
성동구,용답동,드래곤힐,19.99,7,2013,2000,64,2026,5,11
성동구,금호동1가,이편한세상금호파크힐스,84.932,7,2019,105000,0,2026,5,3
성동구,옥수동,옥수삼성,59.7,1,1999,70000,0,2026,5,15
성동구,행당동,행당한진타운,59.96,16,2000,10000,190,2026,5,14
성동구,성수동2가,서울숲힐스테이트,143,25,2009,10000,615,2026,5,8
성동구,금호동1가,금호삼성래미안,84.45,1,2001,65000,0,2026,5,15
성동구,금호동3가,두산,59.97,6,1994,52500,0,2026,5,15
성동구,행당동,행당한진타운,59.96,4,2000,10000,210,2026,5,15
성동구,하왕십리동,텐즈힐(1단지),59.88,3,2015,75000,30,2026,5,15
성동구,응봉동,대림(1차),113.71,1,1986,20000,161,2026,5,15
성동구,성수동2가,롯데캐슬파크,101.995,24,2003,100000,0,2026,5,12
성동구,행당동,행당한진타운,59.96,3,2000,53450,0,2026,5,7
성동구,옥수동,옥수삼성,84.822,7,1999,75600,0,2026,5,13
성동구,하왕십리동,센트라스,40.94,10,2016,60000,0,2026,5,14
성동구,금호동4가,대우,114.71,1,2001,105000,0,2026,5,14
성동구,행당동,대림e-편한세상,114.94,5,2000,89000,0,2026,5,14
성동구,성수동2가,서울숲힐스테이트,143,11,2009,172000,0,2026,5,14
성동구,행당동,행당한진타운,59.96,14,2000,35000,50,2026,5,9
성동구,성수동1가,서울숲대림,84.015,2,2000,65000,70,2026,5,5
성동구,금호동3가,두산,84.99,13,1994,70000,0,2026,5,9
성동구,하왕십리동,텐즈힐(1단지),148.94,21,2015,30000,400,2026,5,10
성동구,행당동,서울숲 한신 더 휴,59.91,12,2003,70000,0,2026,5,14
성동구,도선동,삼성쉐르빌,84.93,3,2006,70000,0,2026,5,9
성동구,행당동,행당한진타운,114.62,6,2000,35000,50,2026,5,14
성동구,하왕십리동,센트라스,59.99,19,2016,90000,0,2026,5,14
성동구,금호동2가,신금호파크자이,59.98,2,2016,8000,320,2026,5,14
성동구,응봉동,신동아,59.97,5,1996,48000,0,2026,5,13
성동구,성수동1가,트리마제,136.5606,10,2017,30000,1850,2026,5,11
성동구,성수동1가,트리마제,35.4442,15,2017,90000,90,2026,5,13
성동구,금호동1가,이편한세상금호파크힐스,84.932,12,2019,105000,0,2026,5,13
성동구,옥수동,래미안 옥수 리버젠,113.52,14,2012,100000,0,2026,5,14
성동구,마장동,마장에스에이치빌,39.84,7,2006,4957,11,2026,5,7
성동구,하왕십리동,한신무학,75.2,5,1989,51450,0,2026,5,7
성동구,성수동2가,현대I-PARK,84.98,1,2003,70000,0,2026,5,12
성동구,하왕십리동,센트라스,84.99,6,2016,89130,0,2026,5,14
성동구,하왕십리동,극동미라주,59.4,5,2001,30000,100,2026,5,13
성동구,금호동4가,서울숲르씨엘,59.5075,13,2023,74000,0,2026,5,13
성동구,하왕십리동,센트라스,59.94,6,2016,90000,0,2026,5,14
성동구,금호동1가,이편한세상금호파크힐스,84.932,10,2019,10000,390,2026,5,1
성동구,금호동2가,래미안하이리버,59.99,5,2012,13000,250,2026,5,1
성동구,행당동,서울숲리버뷰자이,108.93,18,2018,133000,0,2026,5,12
성동구,옥수동,옥수삼성,114.666,3,1999,95000,0,2026,5,13
성동구,행당동,서울숲행당푸르지오,59.81,12,2011,50000,100,2026,5,13
성동구,마장동,세림,84.93,12,1986,35000,50,2026,5,9
성동구,성수동2가,현대I-PARK,116.22,7,2003,95000,0,2026,5,12
성동구,금호동3가,금호자이2차,59.9167,11,2012,68000,0,2026,5,13
성동구,행당동,대림e-편한세상,114.94,1,2000,50000,115,2026,5,9
성동구,금호동3가,금호자이2차,84.7313,4,2012,71400,0,2026,5,9
성동구,행당동,신동아,76.71,7,1995,58000,10,2026,5,12
성동구,성수동1가,서울숲해오름(717-0),84.89,5,2005,75000,0,2026,5,13
성동구,금호동1가,이편한세상금호파크힐스,59.983,8,2019,80000,0,2026,5,13
성동구,응봉동,금호현대,59.91,7,1990,46000,0,2026,5,13
성동구,금호동1가,이편한세상금호파크힐스,40.381,4,2019,3728,22,2026,5,13
성동구,금호동4가,서울숲푸르지오,59.99,3,2007,73500,0,2026,5,11
성동구,성수동1가,동아,53.14,6,1983,26000,75,2026,5,12
성동구,하왕십리동,센트라스,59.94,12,2016,30000,230,2026,5,9
성동구,옥수동,래미안 옥수 리버젠,113.74,12,2012,135000,0,2026,5,13
성동구,금호동1가,이편한세상금호파크힐스,50.197,4,2019,7264,12,2026,5,13
성동구,응봉동,대림강변타운,59.76,6,2001,5000,220,2026,5,12
성동구,옥수동,래미안 옥수 리버젠,84.81,7,2012,40000,270,2026,5,9
성동구,성수동2가,서울숲힐스테이트,57.46,20,2009,30000,230,2026,5,11
성동구,옥수동,래미안 옥수 리버젠,59.98,13,2012,80000,0,2026,5,12
성동구,옥수동,래미안 옥수 리버젠,84.73,3,2012,10000,400,2026,5,9
성동구,금호동1가,이편한세상금호파크힐스,40.381,9,2019,3728,22,2026,5,13
성동구,행당동,서울숲리버뷰자이,108.93,13,2018,144900,0,2026,5,13
성동구,응봉동,신동아,59.97,14,1996,45000,0,2026,5,12
성동구,성수동2가,롯데캐슬파크,117.174,5,2003,40000,280,2026,5,12
성동구,하왕십리동,금호베스트빌,114.93,9,2001,85000,0,2026,5,12
성동구,상왕십리동,텐즈힐(2단지),127.44,9,2014,120000,0,2026,5,12
성동구,상왕십리동,텐즈힐(2단지),84.9,18,2014,90000,0,2026,5,12
성동구,응봉동,신동아,59.97,12,1996,48000,0,2026,5,9
성동구,성수동1가,금호,84.98,5,2003,79000,0,2026,5,6
성동구,행당동,서울숲더샵,101.45,18,2014,50000,450,2026,5,5
성동구,성수동2가,현대I-PARK,84.98,8,2003,40000,180,2026,5,9
성동구,마장동,세림,72.84,1,1986,38000,0,2026,5,11
성동구,옥수동,극동그린,59.9,14,1997,56000,0,2026,5,11
성동구,옥수동,옥수삼성,114.666,4,1999,89000,0,2026,5,9
성동구,금호동1가,이편한세상금호파크힐스,59.949,17,2019,77000,0,2026,5,12
성동구,금호동3가,금호한신,59.99,7,2005,32000,150,2026,5,9
성동구,응봉동,대림강변타운,84.42,21,2001,78000,0,2026,5,11
성동구,옥수동,래미안 옥수 리버젠,59.84,12,2012,25000,280,2026,5,4
성동구,하왕십리동,센트라스,59.59,14,2016,30000,210,2026,5,9
성동구,하왕십리동,텐즈힐(1단지),84.96,10,2015,10000,340,2026,5,9
성동구,금호동1가,벽산,59.9,12,2001,51000,0,2026,5,10
성동구,응봉동,금호현대,79.8,4,1990,49000,0,2026,5,11
성동구,금호동1가,이편한세상금호파크힐스,59.983,14,2019,84000,0,2026,5,9
성동구,성수동2가,서울숲힐스테이트,143,15,2009,50000,510,2026,5,7
성동구,하왕십리동,벽산,84.94,18,1996,20000,200,2026,5,5
성동구,옥수동,옥수파크힐스101동~116동,59.88,9,2016,60000,126,2026,5,9
성동구,성수동2가,성수우방2차아파트,84.645,6,1999,35000,130,2026,5,11
성동구,성수동1가,동아,96.18,9,1983,70000,0,2026,5,9
성동구,하왕십리동,센트라스,59.95,20,2016,80500,0,2026,5,11
성동구,용답동,중앙하이츠,59.74,16,1995,25000,30,2026,5,4
성동구,금호동4가,브라운스톤금호,84.838,2,2007,30000,210,2026,5,11
성동구,성수동1가,강변동양,84.56,18,2001,65000,0,2026,5,11
성동구,성수동1가,서울숲아이파크리버포레2차,59.9566,34,2025,60000,400,2026,5,11
성동구,성수동1가,서울숲아이파크리버포레2차,59.9566,34,2025,60000,400,2026,5,11
성동구,행당동,대림e-편한세상,84.87,13,2000,40000,150,2026,5,11
성동구,성수동1가,서울숲대림,84.015,12,2000,76500,0,2026,5,11
성동구,용답동,청계SKVIEW,44.9997,25,2025,34398,0,2026,5,11
성동구,마장동,왕십리금호어울림,84.97,23,2006,73500,0,2026,5,11
성동구,금호동1가,이편한세상금호파크힐스,30.324,15,2019,2811,16,2026,5,11
성동구,성수동2가,성수1차대우아파트,84.6,5,1999,57000,0,2026,5,11
성동구,금호동2가,금호자이1차,84.98,8,2012,80850,0,2026,5,9
성동구,성수동1가,대우2,59.83,8,1999,56000,0,2026,5,10
성동구,하왕십리동,무학현대,84.675,11,1996,50000,40,2026,5,9
성동구,금호동1가,벽산,114.57,10,2001,70000,0,2026,5,9
성동구,마장동,대성유니드,84.71,2,2004,57000,20,2026,5,1
성동구,행당동,대림e-편한세상,84.87,1,2000,66000,0,2026,5,7
성동구,금호동2가,금호자이1차,59.99,6,2012,75000,0,2026,5,8
성동구,금호동2가,신금호파크자이,59.98,8,2016,50000,110,2026,5,11
성동구,용답동,드래곤힐,19.99,7,2013,1000,69,2026,5,4
성동구,금호동2가,래미안하이리버,84.98,10,2012,77000,50,2026,5,8
성동구,응봉동,금호현대,79.8,8,1990,58000,0,2026,5,9
성동구,금호동4가,서울숲2차푸르지오,84.898,15,2012,105000,0,2026,5,8
성동구,하왕십리동,왕십리자이,59.99,2,2017,76000,0,2026,5,8
성동구,성수동1가,서울숲성수현대,59.13,4,1990,10000,170,2026,5,9
성동구,금호동2가,래미안하이리버,84.98,7,2012,30000,270,2026,5,8
성동구,옥수동,극동그린,84.92,12,1997,73000,0,2026,5,9
성동구,옥수동,옥수삼성,59.7,16,1999,63000,0,2026,5,9
성동구,하왕십리동,금호베스트빌,59.79,6,2001,45000,0,2026,5,9
성동구,응봉동,신동아,59.97,12,1996,48000,0,2026,5,8
성동구,성수동1가,한진타운,59.4,13,1994,51800,9,2026,5,2
성동구,행당동,서울숲행당푸르지오,84.74,12,2011,57000,120,2026,5,9
성동구,옥수동,옥수파크힐스101동~116동,84.3,2,2016,80000,110,2026,5,9
성동구,행당동,행당한진타운,114.62,15,2000,75600,0,2026,5,9
성동구,마장동,왕십리삼성아파트,84.93,6,1996,65000,0,2026,5,9
성동구,성수동1가,강변건영아파트,84.941,1,2002,20000,310,2026,5,7
성동구,응봉동,대림(1차),113.71,2,1986,32000,50,2026,5,8
성동구,금호동1가,이편한세상금호파크힐스,84.957,4,2019,97000,0,2026,5,8
성동구,금호동1가,이편한세상금호파크힐스,59.983,18,2019,30000,240,2026,5,8
성동구,금호동4가,대우,84.71,17,2001,87000,0,2026,5,8
성동구,옥수동,옥수삼성,114.666,1,1999,100000,0,2026,5,5
성동구,상왕십리동,텐즈힐(2단지),84.92,10,2014,70000,100,2026,5,5
성동구,옥수동,옥수파크힐스101동~116동,84.92,17,2016,110000,20,2026,5,8
성동구,금호동2가,신금호파크자이,84.98,3,2016,63000,110,2026,5,8
성동구,금호동1가,이편한세상금호파크힐스,84.957,1,2019,52600,137,2026,5,7
성동구,행당동,행당한진타운,59.96,21,2000,57750,0,2026,5,6
성동구,송정동,건영,59.21,12,2000,47200,0,2026,5,7
성동구,금호동1가,신금호두산위브,116.79,6,2006,88200,0,2026,5,6
성동구,금호동1가,이편한세상금호파크힐스,124.625,1,2019,2000,90,2026,5,7
성동구,성수동1가,트리마제,84.8111,9,2017,20000,810,2026,5,7
성동구,금호동2가,신금호파크자이,59.98,4,2016,5000,320,2026,5,2
성동구,옥수동,옥수파크힐스101동~116동,84.64,11,2016,123000,0,2026,5,7
성동구,마장동,왕십리금호어울림,74.46,6,2006,55000,60,2026,5,3
성동구,금호동4가,힐스테이트서울숲리버,84.69,2,2018,60000,150,2026,5,7
성동구,상왕십리동,텐즈힐(2단지),127.44,19,2014,110000,0,2026,5,7
성동구,상왕십리동,텐즈힐(2단지),84.9,3,2014,100000,0,2026,5,7
성동구,마장동,마장에스에이치빌,39.84,7,2006,4957,11,2026,5,7
성동구,금호동3가,금호한신,59.99,6,2005,70000,0,2026,5,1
성동구,마장동,삼성홈타운,14.45,2,2015,10000,40,2026,5,7
성동구,응봉동,금호현대,79.8,12,1990,60000,0,2026,5,6
성동구,행당동,행당한진타운,84.71,14,2000,25000,160,2026,5,5
성동구,성수동2가,한신한강,59.95,1,2000,6000,210,2026,5,4
성동구,응봉동,대림(1차),75.51,8,1986,41890,0,2026,5,1
성동구,응봉동,대림강변타운,59.76,19,2001,71000,0,2026,5,6
성동구,금호동2가,신금호파크자이,59.98,5,2016,30000,215,2026,5,6
성동구,행당동,두산,59.94,10,1997,57000,0,2026,5,6
성동구,금호동2가,신금호파크자이,59.98,12,2016,50000,130,2026,5,5
성동구,성수동2가,청구강변1,59.94,6,1994,42000,0,2026,5,2
성동구,하왕십리동,센트라스,59.99,8,2016,10000,285,2026,5,2
성동구,행당동,행당한진타운,114.62,9,2000,50000,140,2026,5,6
성동구,금호동4가,힐스테이트서울숲리버,141.86,12,2018,180000,200,2026,5,5
성동구,금호동4가,대우,59.97,19,2001,10000,255,2026,5,1
성동구,행당동,행당두산위브,59.99,5,2009,61000,40,2026,5,1
성동구,옥수동,옥수파크힐스117동~125동,59.78,12,2016,83000,0,2026,5,5
성동구,옥수동,옥수삼성,59.7,12,1999,63000,0,2026,5,5
성동구,행당동,서울숲삼부아파트,122.01,11,1998,110000,0,2026,5,5
성동구,행당동,행당브라운스톤,114.76,10,2005,98000,0,2026,5,4
성동구,상왕십리동,텐즈힐(2단지),84.92,8,2014,75000,95,2026,5,5
성동구,응봉동,대림강변타운,59.76,13,2001,5000,250,2026,5,5
성동구,금호동1가,이편한세상금호파크힐스,59.983,7,2019,85000,0,2026,5,2
성동구,금호동2가,금호자이1차,84.98,5,2012,15000,300,2026,5,2
성동구,금호동1가,이편한세상금호파크힐스,84.932,7,2019,105000,0,2026,5,3
성동구,금호동3가,두산,59.97,15,1994,50000,0,2026,5,4
성동구,금호동4가,브라운스톤2차,84.99,6,2010,80000,0,2026,5,4
성동구,행당동,서울숲 한신 더 휴,59.91,1,2003,15000,170,2026,5,4
성동구,행당동,신동아,59.97,6,1995,10000,160,2026,5,1
성동구,행당동,서울숲 한신 더 휴,59.91,8,2003,67000,0,2026,5,4
성동구,하왕십리동,센트라스,40.94,27,2016,62000,0,2026,5,2
성동구,옥수동,옥수삼성,84.822,14,1999,70000,0,2026,5,1
성동구,용답동,드래곤힐,19.99,3,2013,2000,66,2026,5,4
성동구,옥수동,옥수어울림,84.65,6,2011,50000,200,2026,5,4
성동구,행당동,서울숲리버뷰자이,59.97,9,2018,89000,0,2026,5,1
성동구,성수동1가,우방,84.96,4,1997,60000,0,2026,5,1
성동구,옥수동,극동,142.26,4,1986,68250,0,2026,5,1
성동구,금호동1가,이편한세상금호파크힐스,59.949,7,2019,87000,0,2026,5,1
성동구,마장동,현대,59.94,28,1998,45000,0,2026,5,1
성동구,옥수동,풍림아이원,84.767,13,2004,90000,0,2026,5,2
성동구,하왕십리동,금호베스트빌,114.73,18,2001,78000,0,2026,5,1
성동구,응봉동,대림강변타운,84.42,16,2001,60100,0,2026,5,2
성동구,옥수동,래미안 옥수 리버젠,59.98,10,2012,27000,100,2026,5,2
성동구,금호동4가,대우,59.97,7,2001,70000,0,2026,5,2
성동구,옥수동,옥수파크힐스101동~116동,59.78,7,2016,95000,0,2026,5,2
성동구,행당동,서울숲 한신 더 휴,59.91,8,2003,67000,0,2026,5,4
성동구,옥수동,현대,71.05,3,1990,57750,0,2026,5,3
성동구,옥수동,래미안 옥수 리버젠,59.98,12,2012,86000,0,2026,5,2
성동구,금호동1가,벽산,59.9,10,2001,49500,0,2026,5,1
성동구,응봉동,대림(1차),75.51,5,1986,57000,0,2026,5,1
성동구,성수동2가,성동상가,64.13,5,1978,18000,0,2026,5,1
광진구,구의동,센텀힐스한강,18.04,12,2023,10000,39,2026,5,18
광진구,중곡동,타워캐슬,12.37,2,2012,9500,5,2026,5,16
광진구,자양동,한라아파트,59.96,8,1996,45000,0,2026,5,27
광진구,중곡동,랜드,81.66,5,2002,29000,0,2026,5,6
광진구,화양동,화양동동도센트리움캠퍼스파크,12.874,10,2019,10000,50,2026,5,19
광진구,광장동,극동2,84.55,8,1989,75000,0,2026,5,16
광진구,구의동,e편한세상광진그랜드파크,84.9716,10,2021,89000,0,2026,5,1
광진구,광장동,현대5,59.67,19,1989,61000,0,2026,5,7
광진구,구의동,삼성쉐르빌,84.69,6,2001,79000,0,2026,5,14
광진구,광장동,워커힐푸르지오,92.4,4,1987,45000,180,2026,5,4
광진구,광장동,현대파크빌,59.55,6,2000,35000,140,2026,5,16
광진구,구의동,구의현대6단지,84.92,9,1994,75000,0,2026,5,26
광진구,광장동,현대파크빌,84.81,4,2000,90000,100,2026,5,16
광진구,광장동,현대8(803동),84.95,2,1996,95000,0,2026,5,20
광진구,화양동,광진코지웰,14.71,12,2014,1000,70,2026,5,5
광진구,화양동,광진코지웰,16.53,6,2014,1000,75,2026,5,13
광진구,광장동,현대3,59.67,1,1990,5000,200,2026,5,30
광진구,자양동,명성,64.85,3,2018,50000,40,2026,5,26
광진구,구의동,e편한세상광진그랜드파크,84.8289,10,2021,92000,28,2026,5,30
광진구,광장동,광장힐스테이트,59.99,17,2012,50000,240,2026,5,23
광진구,구의동,구의현대2단지,84.75,13,1996,20000,280,2026,5,22
광진구,자양동,경남아너스빌,59.79,10,1997,40000,40,2026,5,30
광진구,자양동,롯데캐슬리버파크시그니쳐,101.99,27,2023,150000,0,2026,5,27
광진구,구의동,e편한세상광진그랜드파크,84.8289,12,2021,125000,0,2026,5,26
광진구,구의동,현대프라임,59.82,3,1997,49720,0,2026,5,30
광진구,자양동,자양우성7,59.94,17,1998,30000,180,2026,5,9
광진구,구의동,리마크빌구의,19.66,11,2025,4100,63,2026,5,22
광진구,구의동,구의현대6단지,84.92,9,1994,75000,0,2026,5,26
광진구,자양동,롯데캐슬리버파크시그니쳐,84.9,5,2023,20000,440,2026,5,29
광진구,구의동,e편한세상광진그랜드파크,115.9843,1,2021,130000,0,2026,5,27
광진구,화양동,(20-3),23.56,4,2015,11000,20,2026,5,23
광진구,구의동,래미안파크스위트,59.98,8,2018,20000,230,2026,5,19
광진구,광장동,현대파크빌,84.81,19,2000,55000,180,2026,5,16
광진구,구의동,리마크빌구의,19.66,7,2025,6200,55,2026,5,14
광진구,자양동,한양,157.87,4,1983,78000,0,2026,5,23
광진구,자양동,이스트폴,74.92,43,2025,50000,166,2026,5,14
광진구,광장동,광장힐스테이트,59.99,17,2012,50000,240,2026,5,23
광진구,구의동,리마크빌구의,39.48,9,2025,15900,61,2026,5,15
광진구,광장동,현대3,59.67,16,1990,25000,95,2026,5,30
광진구,광장동,워커힐푸르지오,65.66,2,1987,65000,0,2026,5,10
광진구,자양동,우성2,64.79,12,1989,52500,0,2026,5,3
광진구,광장동,청구,59.95,1,1996,68000,0,2026,5,29
광진구,광장동,삼성광장1,66.03,14,1987,5000,190,2026,5,30
광진구,자양동,자양동현대,83.11,3,1993,65000,0,2026,5,29
광진구,구의동,센텀힐스한강,18.04,12,2023,10000,39,2026,5,18
광진구,구의동,성동강변파크빌101(강변타워),84.51,7,2001,30000,150,2026,5,16
광진구,광장동,광장현대9단지,84.96,7,1999,72000,50,2026,5,28
광진구,자양동,더샵스타시티,96.98,16,2007,120000,0,2026,5,30
광진구,자양동,우성3,84.91,14,1989,15000,176,2026,5,16
광진구,광장동,삼성광장1,66.03,7,1987,68000,0,2026,5,11
광진구,자양동,더샵스타시티,163.53,33,2007,20000,700,2026,5,13
광진구,중곡동,타워캐슬,12.22,6,2012,1000,54,2026,5,9
광진구,중곡동,중곡1단지,57.88,1,1976,2000,60,2026,5,30
광진구,화양동,화양동동도센트리움캠퍼스파크,17.248,16,2019,1000,100,2026,5,20
광진구,구의동,리마크빌구의,19.66,14,2025,6200,55,2026,5,6
광진구,광장동,극동2,84.55,11,1989,7500,220,2026,5,21
광진구,화양동,아스하임(111-102),14.11,14,2018,5000,80,2026,5,26
광진구,구의동,현대프라임,59.82,30,1997,63000,0,2026,5,25
광진구,화양동,광진코지웰,24.85,9,2014,1000,110,2026,5,15
광진구,광장동,"현대8(801동,802동)",84.92,19,1995,30000,260,2026,5,20
광진구,화양동,신원리브웰화양동주상복합,22.56,5,2019,17000,30,2026,5,24
광진구,구의동,파크타운,59.6,6,2015,42525,8,2026,5,12
광진구,자양동,한강우성,84.72,11,1993,20000,250,2026,5,30
광진구,화양동,화양현대,59.99,15,1999,30000,79,2026,5,23
광진구,자양동,자양우성7,59.94,3,1998,26000,135,2026,5,14
광진구,구의동,구의현대6단지,84.92,11,1994,42900,100,2026,5,15
광진구,자양동,한강우성,84.72,11,1993,20000,250,2026,5,30
광진구,화양동,광진코지웰,15.63,7,2014,2000,65,2026,5,23
광진구,구의동,구의현대2단지,84.91,3,1996,0,150,2026,5,31
광진구,광장동,극동2,75.55,8,1989,65000,0,2026,5,30
광진구,자양동,자양하늘채베르,46.973,18,2023,20000,140,2026,5,13
광진구,자양동,한강극동,84.45,11,1991,40000,130,2026,5,30
광진구,광장동,극동2,75.55,4,1989,75000,0,2026,5,30
광진구,구의동,비바힐스강변,15.87,8,2021,5500,51,2026,5,24
광진구,구의동,현대프라임,59.82,29,1997,68000,0,2026,5,23
광진구,자양동,자양삼성,84.96,13,1999,60000,0,2026,5,25
광진구,자양동,한강성원,84.12,4,1997,70000,50,2026,5,30
광진구,자양동,이튼타워리버3차,84.96,5,2007,60000,0,2026,5,19
광진구,화양동,씨즈건대힐스,14.23,9,2017,1000,85,2026,5,7
광진구,구의동,구의현대7단지현대홈타운,84.99,1,1997,50000,46,2026,5,16
광진구,구의동,구의현대2단지,84.91,19,1996,78700,0,2026,5,23
광진구,광장동,워커힐푸르지오,65.66,3,1987,70000,0,2026,5,1
광진구,구의동,현대프라임,59.82,21,1997,20000,160,2026,5,30
광진구,구의동,e편한세상광진그랜드파크,84.9839,16,2021,30000,320,2026,5,30
광진구,광장동,극동2,84.55,14,1989,56227,0,2026,5,30
광진구,자양동,이튼타워리버2차,84.61,24,2006,45000,170,2026,5,25
광진구,자양동,자양2현대,84.88,14,1995,76500,0,2026,5,30
광진구,구의동,현대프라임,59.82,15,1997,58800,0,2026,5,30
광진구,광장동,광장현대9단지,84.96,24,1999,75600,0,2026,5,23
광진구,구의동,구의현대2단지,84.75,3,1996,66700,0,2026,5,31
광진구,자양동,자양8차현대홈타운,80.47,5,2002,79275,0,2026,5,30
광진구,광장동,현대파크빌,84.81,16,2000,35000,150,2026,5,16
광진구,화양동,씨즈건대힐스,14.23,9,2017,1000,85,2026,5,30
광진구,자양동,한강우성,84.72,16,1993,80000,0,2026,5,31
광진구,구의동,구의현대2단지,84.91,3,1996,100000,12,2026,5,11
광진구,광장동,워커힐,166.91,6,1978,95000,0,2026,5,23
광진구,구의동,현대프라임,126.66,1,1997,115500,0,2026,5,12
광진구,광장동,현대5,74.88,3,1989,54000,50,2026,5,12
광진구,자양동,한강현대,83.45,18,1993,78000,0,2026,5,30
광진구,자양동,한라아파트,59.96,7,1996,45000,40,2026,5,30
광진구,구의동,구의강변우성아파트,84.76,2,1992,65500,0,2026,5,30
광진구,구의동,현대프라임,59.82,26,1997,68000,0,2026,5,30
광진구,자양동,우성1,79.75,4,1988,60000,0,2026,5,29
광진구,능동,이듬빌,23.9,4,2021,23940,0,2026,5,21
광진구,광장동,현대파크빌,84.81,4,2000,90000,100,2026,5,16
광진구,구의동,현대13차폴라트리움,127.91,9,2006,105000,0,2026,5,29
광진구,광장동,극동2,75.55,6,1989,75000,0,2026,5,9
광진구,광장동,현대파크빌,84.81,15,2000,96000,0,2026,5,5
광진구,광장동,신동아파밀리에,84.78,4,2007,75000,0,2026,5,16
광진구,광장동,극동2,84.55,10,1989,60000,0,2026,5,23
광진구,광장동,워커힐푸르지오,65.66,3,1987,70000,0,2026,5,1
광진구,자양동,더샵스타시티,139.54,53,2007,40000,0,2026,5,22
광진구,구의동,해성아파트,77.66,1,2002,32000,0,2026,5,24
광진구,자양동,우성1,51.57,7,1988,29000,0,2026,5,30
광진구,자양동,더샵스타시티,100.32,20,2007,10000,440,2026,5,30
광진구,구의동,구의현대2단지,84.91,8,1996,75000,0,2026,5,30
광진구,자양동,롯데캐슬리버파크시그니쳐,84.99,21,2023,20000,500,2026,5,13
광진구,자양동,우성3,84.91,6,1989,70000,0,2026,5,29
광진구,광장동,현대5,59.67,7,1989,60000,0,2026,5,29
광진구,자양동,우성1,51.57,3,1988,45000,0,2026,5,29
광진구,자양동,광진트라팰리스,119.11,18,2006,145000,0,2026,5,27
광진구,자양동,이튼타워리버5차,159.89,6,2009,147000,0,2026,5,1
광진구,자양동,자양7차현대홈타운,84.7,6,2001,60000,80,2026,5,29
광진구,중곡동,리마크빌군자,30.22,14,2022,9200,56,2026,5,21
광진구,광장동,현대5,84.53,16,1989,93000,0,2026,5,29
광진구,구의동,구의현대2단지,84.91,17,1996,20000,280,2026,5,21
광진구,화양동,광진코지웰,13.83,8,2014,1000,66,2026,5,14
광진구,자양동,현대3,84.9,23,1996,70100,0,2026,5,27
광진구,중곡동,중곡2단지,55.9,4,1976,18000,0,2026,5,28
광진구,자양동,한라아파트,59.96,3,1996,60000,0,2026,5,23
광진구,구의동,e편한세상광진그랜드파크,115.9468,32,2021,155000,0,2026,5,28
광진구,광장동,광장힐스테이트,59.99,14,2012,113000,0,2026,5,23
광진구,자양동,자양호반써밋,40.2751,24,2021,10000,260,2026,5,23
광진구,광장동,삼성광장1,66.03,6,1987,43050,0,2026,5,16
광진구,자양동,한솔리베르,61.26,22,2002,32000,0,2026,5,28
광진구,광장동,극동2,84.55,3,1989,68250,0,2026,5,28
광진구,자양동,더샵스타시티,139.6,9,2007,62500,0,2026,5,28
광진구,광장동,현대5,59.67,13,1989,70000,0,2026,5,27
광진구,광장동,신동아파밀리에,84.69,5,2007,91000,0,2026,5,27
광진구,광장동,극동2,84.55,13,1989,85000,0,2026,5,16
광진구,자양동,우성3,51.39,4,1989,8000,160,2026,5,28
광진구,화양동,화양타워,15.6,2,1999,1000,55,2026,5,27
광진구,자양동,자양우성7,59.94,15,1998,10000,240,2026,5,27
광진구,자양동,더샵스타시티,119.41,10,2007,120000,50,2026,5,26
광진구,구의동,e편한세상광진그랜드파크,115.9468,32,2021,147000,0,2026,5,23
광진구,구의동,e편한세상광진그랜드파크,115.9843,13,2021,136500,0,2026,5,27
광진구,광장동,광장현대9단지,84.96,17,1999,60000,84,2026,5,23
광진구,자양동,경남,59.96,11,1999,55000,0,2026,5,23
광진구,구의동,아차산포레안,84.76,10,2010,25000,240,2026,5,12
광진구,자양동,자양호반써밋,40.2673,19,2021,20000,209,2026,5,22
광진구,광장동,현대파크빌,84.81,4,2000,30000,310,2026,5,10
광진구,광장동,포제스한강,223.7193,10,2025,100000,2500,2026,5,13
광진구,구의동,광진파크하우스,44.2079,10,2023,45000,0,2026,5,19
광진구,광장동,현대5,84.53,15,1989,76550,0,2026,5,26
광진구,광장동,현대5,59.67,3,1989,70000,0,2026,5,26
광진구,광장동,청구,84.86,9,1996,50000,160,2026,5,19
광진구,중곡동,그린트리,84.87,2,2004,50000,0,2026,5,21
광진구,자양동,우성1,79.75,13,1988,30000,80,2026,5,16
광진구,구의동,래미안파크스위트,84.98,6,2018,20000,350,2026,5,26
광진구,자양동,광진트라팰리스,84.96,16,2006,60000,130,2026,5,16
광진구,자양동,자양10차현대홈타운,84.46,7,2002,78750,0,2026,5,23
광진구,자양동,한라아파트,59.96,6,1996,60000,0,2026,5,13
광진구,구의동,구의현대2단지,84.91,12,1996,70000,13,2026,5,23
광진구,구의동,현대프라임,59.82,29,1997,68000,0,2026,5,23
광진구,중곡동,욱현하이브Ⅲ,15.69,5,2012,12500,0,2026,5,25
광진구,구의동,현대프라임,59.82,1,1997,60000,0,2026,5,9
광진구,광장동,현대3,74.92,11,1990,58800,0,2026,5,23
광진구,자양동,롯데캐슬리버파크시그니쳐,84.99,14,2023,40000,400,2026,5,17
광진구,광장동,워커힐푸르지오,69,10,1987,70000,0,2026,5,17
광진구,자양동,이튼타워리버3차,84.96,13,2007,70000,120,2026,5,23
광진구,광장동,현대3,84.97,18,1990,78750,0,2026,5,16
광진구,자양동,자양호반써밋,40.2673,21,2021,67000,0,2026,5,25
광진구,자양동,더포디엄830,42.167,19,2025,14100,95,2026,5,22
광진구,광장동,현대파크빌,59.76,6,2000,40000,125,2026,5,23
광진구,광장동,극동1,156.92,7,1985,123000,0,2026,5,23
광진구,광장동,극동2,84.55,10,1989,54560,0,2026,5,25
광진구,구의동,e편한세상광진그랜드파크,115.9979,16,2021,135000,17,2026,5,22
광진구,군자동,광진동양파라곤1단지,127.56,13,2008,50000,150,2026,5,10
광진구,구의동,e편한세상광진그랜드파크,115.9468,26,2021,145000,0,2026,5,20
광진구,구의동,리마크빌구의,19.66,20,2025,8200,47,2026,5,22
광진구,자양동,자양2현대,84.88,8,1995,10000,210,2026,5,21
광진구,자양동,자양우성7,84.93,6,1998,95000,0,2026,5,22
광진구,광장동,현대5,59.67,9,1989,55000,0,2026,5,11
광진구,자양동,자양호반써밋,84.0374,5,2021,120000,0,2026,5,9
광진구,구의동,현대프라임,59.82,8,1997,20000,150,2026,5,21
광진구,구의동,스위트빌(71-1),16.25,5,2013,3000,44,2026,5,1
광진구,구의동,리마크빌구의,19.66,17,2025,8200,47,2026,5,21
광진구,광장동,청구,84.86,4,1996,80000,40,2026,5,19
광진구,구의동,e편한세상광진그랜드파크,115.9843,6,2021,123900,0,2026,5,21
광진구,자양동,이튼타워리버1차,59.99,10,2006,93000,0,2026,5,19
광진구,자양동,더샵스타시티,163.53,5,2007,160000,0,2026,5,19
광진구,광장동,극동1,84.55,14,1985,60900,0,2026,5,18
광진구,광장동,현대파크빌,84.81,2,2000,105000,0,2026,5,19
광진구,광장동,현대파크빌,84.81,12,2000,100000,0,2026,5,20
광진구,중곡동,중곡1단지,48.46,5,1976,10500,0,2026,5,20
광진구,구의동,구의현대2단지,84.91,8,1996,30000,210,2026,5,18
광진구,구의동,한영해시안아파트,59.93,6,2020,50000,30,2026,5,16
광진구,화양동,더메종건대,18.22,6,2022,20000,0,2026,5,20
광진구,자양동,자양우성7,59.94,10,1998,55600,0,2026,5,13
광진구,중곡동,욱현하이브Ⅲ,15.69,3,2012,12000,20,2026,5,20
광진구,자양동,자양10차현대홈타운,98.33,12,2002,99500,0,2026,5,20
광진구,자양동,우방리버파크,59.87,7,2003,30000,135,2026,5,4
광진구,광장동,신동아파밀리에,84.78,5,2007,93000,0,2026,5,20
광진구,광장동,"현대8(801동,802동)",84.92,19,1995,30000,260,2026,5,20
광진구,구의동,e편한세상광진그랜드파크,115.9979,17,2021,133400,0,2026,5,19
광진구,광장동,극동1,84.55,5,1985,60900,0,2026,5,9
광진구,구의동,현대프라임,84.99,1,1997,70000,0,2026,5,19
광진구,광장동,현대3,84.97,10,1990,93000,0,2026,5,14
광진구,광장동,삼성광장1,66.03,1,1987,36000,0,2026,5,16
광진구,구의동,광진파크하우스,44.2079,10,2023,45000,0,2026,5,19
광진구,자양동,자양현대5,84.96,11,1998,55000,60,2026,5,17
광진구,자양동,자양현대6,59.98,13,1999,50000,0,2026,5,16
광진구,자양동,자양7차현대홈타운,84.7,9,2001,79000,0,2026,5,19
광진구,구의동,래미안파크스위트,59.98,8,2018,20000,230,2026,5,19
광진구,구의동,구의강변우성아파트,84.76,7,1992,10000,250,2026,5,9
광진구,구의동,현대프라임,59.82,19,1997,58000,40,2026,5,15
광진구,자양동,우방리버파크,84.99,20,2003,91000,0,2026,5,18
광진구,화양동,광진코지웰,15.63,3,2014,1000,75,2026,5,19
광진구,광장동,현대파크빌,84.81,12,2000,78750,0,2026,5,19
광진구,중곡동,타워캐슬,12.62,4,2012,8000,10,2026,5,9
광진구,자양동,한강우성,84.72,8,1993,5000,240,2026,5,14
광진구,화양동,더메종건대,18.19,11,2022,2000,100,2026,5,18
광진구,자양동,청정(B),83.46,5,2004,25000,180,2026,5,12
광진구,자양동,로얄동아,71.82,18,1999,40000,0,2026,5,18
광진구,자양동,우성3,72.34,13,1989,56000,40,2026,5,16
광진구,구의동,구의강변우성아파트,84.76,20,1992,80000,0,2026,5,16
광진구,구의동,아크로리버,150.6416,15,2004,125000,0,2026,5,15
광진구,구의동,광진파크프라이빗,51.01,4,2020,50000,0,2026,5,16
광진구,구의동,현대프라임,84.99,2,1997,73500,0,2026,5,16
광진구,구의동,퓨전빌,83.69,4,2003,58000,0,2026,5,16
광진구,자양동,한양,124.93,2,1983,65000,0,2026,5,14
광진구,구의동,리마크빌구의,19.66,5,2025,6200,55,2026,5,12
광진구,광장동,극동2,75.55,3,1989,65000,0,2026,5,16
광진구,광장동,현대5,59.67,2,1989,30000,150,2026,5,16
광진구,광장동,현대파크빌,84.81,3,2000,92000,35,2026,5,14
광진구,자양동,더샵스타시티,163.53,32,2007,180000,0,2026,5,16
광진구,자양동,광진트라팰리스,119.11,15,2006,130000,0,2026,5,16
광진구,자양동,로얄동아,59.91,3,1999,50000,0,2026,5,16
광진구,광장동,워커힐,196,1,1978,89500,0,2026,5,8
광진구,자양동,자양동삼성,84.83,1,2001,40000,0,2026,5,16
광진구,광장동,극동2,126.94,9,1989,65000,0,2026,5,13
광진구,구의동,현대프라임,59.82,19,1997,50935,0,2026,5,16
광진구,광장동,포제스한강,84.9825,7,2025,30000,800,2026,5,7
광진구,자양동,우성1,59.91,8,1988,45000,0,2026,5,15
광진구,구의동,리마크빌구의,19.66,12,2025,4100,63,2026,5,14
광진구,자양동,자양호반써밋,40.2673,22,2021,20000,220,2026,5,10
광진구,화양동,화양현대,84.77,7,1999,58000,30,2026,5,15
광진구,광장동,현대파크빌,84.81,16,2000,85000,0,2026,5,9
광진구,구의동,우남위시빌,80.86,3,2003,54600,0,2026,5,4
광진구,광장동,삼성광장1,66.03,7,1987,68000,0,2026,5,11
광진구,구의동,리마크빌구의,19.66,10,2025,8200,47,2026,5,15
광진구,중곡동,욱현,80.88,4,2002,10000,136,2026,5,14
광진구,구의동,아차산한라아파트,71.82,2,2009,24228,0,2026,5,14
광진구,구의동,래미안파크스위트,84.98,16,2018,88000,40,2026,5,9
광진구,구의동,삼성쉐르빌,84.69,6,2001,79000,0,2026,5,14
광진구,자양동,우성1,51.57,3,1988,21000,60,2026,5,14
광진구,구의동,래미안파크스위트,59.98,6,2018,68000,0,2026,5,1
광진구,자양동,한강극동,84.45,5,1991,57000,0,2026,5,13
광진구,자양동,더샵스타시티,119.41,11,2007,10000,463,2026,5,11
광진구,광장동,현대5,59.67,10,1989,65000,0,2026,5,13
광진구,화양동,씨즈건대힐스,14.23,2,2017,14800,0,2026,5,6
광진구,구의동,구의현대2단지,84.91,4,1996,10000,249,2026,5,13
광진구,광장동,현대5,59.67,9,1989,55000,0,2026,5,11
광진구,구의동,현대프라임,84.99,6,1997,80000,10,2026,5,6
광진구,자양동,대동,59.54,5,1999,62000,0,2026,5,5
광진구,자양동,더샵스타시티,139.6,25,2007,156000,0,2026,5,13
광진구,광장동,현대5,84.53,5,1989,50000,120,2026,5,9
광진구,광장동,현대5,59.67,17,1989,60900,0,2026,5,9
광진구,화양동,광진스위트엠아파트,84.51,12,2021,1000,70,2026,5,10
광진구,광장동,극동2,84.55,2,1989,65000,0,2026,5,9
광진구,광장동,극동2,75.55,4,1989,47408,0,2026,5,12
광진구,광장동,신동아파밀리에,84.55,7,2007,92000,0,2026,5,12
광진구,자양동,더샵스타시티,139.6,25,2007,156000,0,2026,5,12
광진구,광장동,광장현대9단지,84.96,18,1999,96000,0,2026,5,9
광진구,자양동,이튼타워리버1차,84.59,9,2006,100000,0,2026,5,12
광진구,자양동,더샵스타시티,139.6,16,2007,141700,0,2026,5,11
광진구,자양동,우성1,59.91,13,1988,45000,0,2026,5,11
광진구,구의동,e편한세상광진그랜드파크,84.8289,21,2021,107000,0,2026,5,9
광진구,구의동,현대프라임,59.82,7,1997,25000,150,2026,5,11
광진구,구의동,현대프라임,59.82,6,1997,10000,159,2026,5,2
광진구,화양동,씨즈건대힐스,14.23,2,2017,1000,80,2026,5,9
광진구,구의동,현대프라임,84.99,8,1997,30000,220,2026,5,9
광진구,자양동,진넥스빌,115.24,9,2001,80000,0,2026,5,1
광진구,자양동,자양7차현대홈타운,59.94,10,2001,70000,0,2026,5,9
광진구,자양동,현대3,84.9,9,1996,65000,0,2026,5,9
광진구,자양동,자양2현대,84.88,6,1995,80000,0,2026,5,9
광진구,자양동,로얄동아,59.91,7,1999,52000,0,2026,5,8
광진구,자양동,우성3,51.39,9,1989,53000,0,2026,5,7
광진구,화양동,더메종건대,18.22,3,2022,18000,10,2026,5,8
광진구,자양동,자양10차현대홈타운,84.46,5,2002,90000,0,2026,5,8
광진구,화양동,광진코지웰,15.63,3,2014,500,69,2026,5,7
광진구,광장동,광나루현대,84.59,2,1996,50000,100,2026,5,7
광진구,구의동,아크로리버,150.6416,26,2004,110000,0,2026,5,1
광진구,자양동,자양호반써밋,40.2751,23,2021,65000,0,2026,5,2
광진구,구의동,현대프라임,84.99,22,1997,65000,50,2026,5,1
광진구,광장동,극동2,84.55,13,1989,63000,0,2026,5,1
광진구,자양동,이스트폴,84.73,25,2025,130000,0,2026,5,5
광진구,자양동,경남아너스빌,84.86,2,1997,46500,0,2026,5,2
광진구,구의동,구의강변우성아파트,84.76,13,1992,20000,240,2026,5,1
광진구,자양동,자양호반써밋,40.2673,24,2021,64800,0,2026,5,1
광진구,군자동,일성파크,84.96,17,1996,30000,90,2026,5,5
광진구,자양동,래미안프리미어팰리스,84.92,27,2017,100000,0,2026,5,5
광진구,자양동,한라아파트,84.6,1,1996,65000,0,2026,5,2
광진구,자양동,광진하나플러스,84.64,8,2005,65000,0,2026,5,1
광진구,광장동,"현대8(801동,802동)",84.92,6,1995,75000,0,2026,5,1
광진구,광장동,청구,59.95,17,1996,57750,0,2026,5,2
광진구,구의동,e편한세상광진그랜드파크,84.9957,18,2021,98700,0,2026,5,4
광진구,구의동,래미안파크스위트,75.82,7,2018,30000,142,2026,5,2
광진구,구의동,현대프라임,84.99,27,1997,40000,200,2026,5,2
동대문구,제기동,한신아파트,59.84,18,2004,10000,150,2026,5,13
동대문구,휘경동,휘경자이디센시아,59.93,9,2025,10000,250,2026,5,4
동대문구,답십리동,힐스테이트청계,59.86,21,2018,47000,0,2026,5,22
동대문구,답십리동,청계벽산메가트리움,59.93,12,2006,53000,0,2026,5,27
동대문구,답십리동,래미안위브,84.99,10,2014,76650,0,2026,5,31
동대문구,휘경동,회기역하트리움역세권청년주택,15.8871,13,2023,8900,36,2026,5,11
동대문구,답십리동,힐스테이트청계,48.98,11,2018,52500,0,2026,5,25
동대문구,청량리동,한신,84.92,20,1997,47000,0,2026,5,20
동대문구,답십리동,두산위브,59.91,2,2007,53000,0,2026,5,16
동대문구,휘경동,휘경베스트빌현대,59.92,2,2000,32550,0,2026,5,15
동대문구,전농동,전농동삼성래미안,59.93,5,2000,30000,35,2026,5,26
동대문구,답십리동,동아,84.72,14,2001,65000,0,2026,5,9
동대문구,전농동,청량리역롯데캐슬 SKY-L65,84.975,43,2023,5000,399,2026,5,11
동대문구,이문동,래미안라그란데,44.03,24,2025,6504,10,2026,5,13
동대문구,답십리동,동서울한양,59.67,4,1989,30000,20,2026,5,21
동대문구,청량리동,청량리신주,66.13,4,2004,30000,0,2026,5,16
동대문구,장안동,현대썬앤빌601,18.35,14,2015,500,63,2026,5,20
동대문구,장안동,장안뉴시티,17.63,9,2012,500,55,2026,5,19
동대문구,답십리동,답십리동아(임대),31.77,7,2001,444,17,2026,5,12
동대문구,용두동,래미안 허브리츠,59.96,6,2011,15000,200,2026,5,9
동대문구,휘경동,회기역하트리움역세권청년주택,33.7442,15,2023,22200,17,2026,5,12
동대문구,이문동,래미안라그란데,34.33,6,2025,1196,23,2026,5,12
동대문구,신설동,신설동역자이르네,43.851,15,2024,10000,220,2026,5,29
동대문구,제기동,안암골벽산,84.98,1,2003,33000,110,2026,5,9
동대문구,용두동,신동아,58.59,1,1994,3500,100,2026,5,28
동대문구,답십리동,청계푸르지오시티,18.92,9,2015,2000,65,2026,5,19
동대문구,답십리동,답십리파크자이,59.91,11,2019,70000,0,2026,5,19
동대문구,휘경동,휘경해모로프레스티지,84.99,6,2021,70000,0,2026,5,13
동대문구,휘경동,회기역하트리움역세권청년주택,33.7442,17,2023,17200,36,2026,5,9
동대문구,답십리동,래미안미드카운티,84.97,3,2019,68250,0,2026,5,29
동대문구,답십리동,답십리엘림퍼스트,52.7678,11,2020,53500,0,2026,5,16
동대문구,장안동,래미안장안2차,81.05,11,2007,10000,240,2026,5,11
동대문구,장안동,양우내안애애플,15.3388,7,2014,8000,15,2026,5,19
동대문구,이문동,현대,59.92,8,2000,51000,0,2026,5,30
동대문구,답십리동,두산위브,84.91,6,2007,73000,0,2026,5,31
동대문구,답십리동,답십리엘림퍼스트,52.7678,11,2020,53500,0,2026,5,16
동대문구,이문동,래미안이문2차,59.79,5,2004,59500,0,2026,5,21
동대문구,회기동,베라체캠퍼스,24.319,9,2013,1000,110,2026,5,23
동대문구,답십리동,동아,84.72,3,2001,49000,0,2026,5,6
동대문구,답십리동,동서울한양,59.67,4,1989,30000,20,2026,5,21
동대문구,회기동,베라체캠퍼스,24.011,12,2013,1000,110,2026,5,6
동대문구,이문동,래미안이문2차,84.61,10,2004,15000,200,2026,5,15
동대문구,답십리동,힐스테이트청계,48.98,3,2018,40500,0,2026,5,16
동대문구,휘경동,주공1,114.73,16,2001,65000,0,2026,5,20
동대문구,답십리동,그린힐스아파트,56.796,4,2025,10000,160,2026,5,20
동대문구,휘경동,회기역하트리움역세권청년주택,33.7442,19,2023,17200,37,2026,5,11
동대문구,장안동,장안트윈A동,84.34,6,2009,10000,170,2026,5,25
동대문구,회기동,민족통일MJ캠퍼스경희대2차,17.67,9,2021,1000,120,2026,5,6
동대문구,휘경동,서울휘경행복아파트,14.97,7,2021,2072,20,2026,5,28
동대문구,답십리동,답십리청솔우성,59.74,19,2000,42000,0,2026,5,17
동대문구,답십리동,동아,84.72,16,2001,57500,0,2026,5,30
동대문구,전농동,래미안크레시티,59.99,7,2014,70000,0,2026,5,21
동대문구,휘경동,서울휘경행복아파트,14.97,4,2021,672,24,2026,5,21
동대문구,전농동,동대문롯데캐슬노블레스,84.98,27,2018,15000,290,2026,5,14
동대문구,용두동,힐스테이트청량리메트로블,44.2455,9,2025,6253,8,2026,5,22
동대문구,장안동,파히나더그로브,21.12,8,2023,21000,0,2026,5,23
동대문구,휘경동,서울휘경행복아파트,14.97,3,2021,672,24,2026,5,27
동대문구,답십리동,답십리두산(임대),32.93,3,2000,1000,18,2026,5,12
동대문구,이문동,민족통일MJ캠퍼스외대3차,18.24,11,2022,1000,99,2026,5,30
동대문구,휘경동,휘경자이디센시아,39.83,6,2025,4788,47,2026,5,27
동대문구,용두동,동대문베네스트,18.36,18,2020,1000,90,2026,5,30
동대문구,장안동,공감대5차(334-5),144.66,5,2004,36000,80,2026,5,19
동대문구,용두동,래미안엘리니티,59.96,7,2022,30000,180,2026,5,20
동대문구,장안동,신일해피트리3차(568),84.97,4,2005,8000,170,2026,5,30
동대문구,답십리동,보광타워,14.69,15,2019,12100,10,2026,5,2
동대문구,이문동,래미안라그란데,59.98,8,2025,35000,140,2026,5,8
동대문구,회기동,신현대,60.48,8,1989,44000,0,2026,5,27
동대문구,청량리동,청량리롯데캐슬하이루체,59.9314,16,2026,25000,150,2026,5,18
동대문구,전농동,전농동삼성래미안,59.93,16,2000,45000,0,2026,5,16
동대문구,장안동,프라하임장안1,21.34,9,2020,15000,42,2026,5,15
동대문구,이문동,쌍용,59.99,25,2000,40000,0,2026,5,9
동대문구,전농동,아코모회기바이홈즈,11.56,16,2024,500,211,2026,5,26
동대문구,전농동,전농우성,84.84,3,1992,46000,0,2026,5,16
동대문구,전농동,청량리역롯데캐슬 SKY-L65,84.975,17,2023,98000,0,2026,5,20
동대문구,이문동,민족통일MJ캠퍼스외대3차,18.24,11,2022,1000,99,2026,5,30
동대문구,청량리동,홍릉동부,59.7,7,2001,30000,80,2026,5,7
동대문구,청량리동,미주,101.65,9,1978,36500,0,2026,5,29
동대문구,청량리동,미주,101.62,10,1978,5000,180,2026,5,23
동대문구,청량리동,청량리롯데캐슬하이루체,51.4261,5,2026,60000,0,2026,5,20
동대문구,답십리동,센시티16,14.244,6,2013,1000,50,2026,5,28
동대문구,전농동,청량리역롯데캐슬 SKY-L65,84.983,56,2023,10000,400,2026,5,22
동대문구,전농동,동아,57.9,5,1997,42000,0,2026,5,15
동대문구,청량리동,홍릉동부,59.85,10,2001,42000,0,2026,5,29
동대문구,장안동,U포그니2차,55.06,7,2018,5000,200,2026,5,22
동대문구,회기동,민족통일MJ캠퍼스경희대2차,17.31,11,2021,1000,115,2026,5,23
동대문구,전농동,청량리역롯데캐슬 SKY-L65,84.971,18,2023,20000,300,2026,5,16
동대문구,장안동,유니트125,37.88,12,2026,14390,84,2026,5,26
동대문구,장안동,장안현대홈타운(336),133.72,14,2003,500,60,2026,5,4
동대문구,이문동,이문아이파크자이,84.95,19,2025,97000,0,2026,5,25
동대문구,답십리동,센시티16,14.244,3,2013,8600,0,2026,5,22
동대문구,이문동,래미안라그란데,34.33,4,2025,1196,23,2026,5,14
동대문구,답십리동,청계한신휴플러스,73.96,20,2010,5000,230,2026,5,23
동대문구,이문동,대림e-편한세상,84.972,18,2003,30000,89,2026,5,19
동대문구,장안동,래미안장안2차,81.05,20,2007,40000,120,2026,5,23
동대문구,전농동,래미안크레시티,84.96,9,2014,70000,0,2026,5,21
동대문구,장안동,래미안장안,59.86,21,2003,6500,170,2026,5,12
동대문구,용두동,동대문베네스트,18.36,15,2020,6000,45,2026,5,30
동대문구,전농동,래미안아름숲,114.9,5,2012,79000,0,2026,5,20
동대문구,이문동,이문아이파크자이,30.49,4,2025,9148,13,2026,5,6
동대문구,장안동,동대문더퍼스트데시앙,84.9375,12,2019,40000,130,2026,5,16
동대문구,휘경동,휘경자이디센시아,84.97,24,2025,10000,320,2026,5,27
동대문구,용두동,래미안엘리니티,59.96,6,2022,33500,150,2026,5,19
동대문구,답십리동,래미안위브,59.97,12,2014,30000,180,2026,5,24
동대문구,답십리동,센시티16,14.244,3,2013,8900,0,2026,5,22
동대문구,용두동,신동아,58.59,3,1994,7350,105,2026,5,30
동대문구,전농동,청량리역롯데캐슬 SKY-L65,84.981,32,2023,50000,200,2026,5,28
동대문구,답십리동,래미안엘파인아파트,114.82,13,2011,54000,0,2026,5,15
동대문구,장안동,장안솔렌시아6,19.62,12,2021,24000,0,2026,5,31
동대문구,회기동,(57-30),52.48,2,2013,1000,135,2026,5,26
동대문구,용두동,래미안엘리니티,59.96,12,2022,69500,0,2026,5,25
동대문구,답십리동,청계푸르지오시티,18.92,10,2015,1000,70,2026,5,11
동대문구,전농동,전농우성,84.84,3,1992,46000,0,2026,5,16
동대문구,답십리동,래미안위브,84.99,2,2014,58000,62,2026,5,9
동대문구,답십리동,동서울한양,59.67,11,1989,28800,0,2026,5,18
동대문구,답십리동,래미안위브,84.98,4,2014,81000,0,2026,5,11
동대문구,전농동,래미안아름숲,114.9,13,2012,80500,0,2026,5,16
동대문구,장안동,형인휴아름101동,83.16,7,2013,50000,10,2026,5,14
동대문구,답십리동,청계한신휴플러스,59.74,1,2010,39900,0,2026,5,29
동대문구,휘경동,회기역하트리움역세권청년주택,33.7442,17,2023,22200,17,2026,5,8
동대문구,전농동,래미안아름숲,114.92,6,2012,77000,0,2026,5,30
동대문구,답십리동,보광타워,14.69,11,2019,1000,60,2026,5,16
동대문구,답십리동,래미안위브,59.97,10,2014,30000,170,2026,5,9
동대문구,답십리동,래미안위브,84.98,6,2014,10000,222,2026,5,16
동대문구,답십리동,답십리파크자이,59.91,1,2019,25000,57,2026,5,30
동대문구,신설동,포레스트힐시티,14.7,20,2018,1000,73,2026,5,21
동대문구,휘경동,휘경미소지움,59.84,14,1999,10000,150,2026,5,21
동대문구,답십리동,답십리청솔우성,114.76,7,2000,57750,0,2026,5,26
동대문구,이문동,현대,114.6,11,2000,15000,185,2026,5,1
동대문구,답십리동,래미안위브,59.97,10,2014,30000,170,2026,5,9
동대문구,전농동,전농SK,84.95,9,2000,65000,0,2026,5,26
동대문구,장안동,래미안장안2차,64.85,8,2007,65000,0,2026,5,15
동대문구,장안동,장안동사회주택,33.9566,7,2024,15000,50,2026,5,6
동대문구,답십리동,래미안위브,84.99,13,2014,30600,190,2026,5,22
동대문구,이문동,쌍용,114.35,12,2000,65000,0,2026,5,9
동대문구,답십리동,답십리파크자이,59.91,9,2019,5000,250,2026,5,10
동대문구,장안동,장안뉴시티,17.63,8,2012,500,57,2026,5,27
동대문구,전농동,전농동삼성래미안,59.93,7,2000,45000,0,2026,5,9
동대문구,이문동,래미안라그란데,34.33,3,2025,1196,23,2026,5,14
동대문구,용두동,동대문베네스트,18.36,19,2020,18800,5,2026,5,27
동대문구,이문동,신이문금호어울림,84.84,3,2008,53000,0,2026,5,28
동대문구,장안동,양우내안애애플,15.3388,4,2014,3000,45,2026,5,20
동대문구,전농동,전농우성,84.84,7,1992,39900,0,2026,5,4
동대문구,장안동,양우내안애애플,15.3388,5,2014,500,58,2026,5,27
동대문구,이문동,이문아이파크자이,84.95,3,2025,88000,0,2026,5,23
동대문구,장안동,동대문더퍼스트데시앙,59.8074,14,2019,60000,0,2026,5,28
동대문구,용두동,청량리역해링턴플레이스,84.873,18,2023,84000,0,2026,5,14
동대문구,회기동,신현대,84.96,15,1989,43000,0,2026,5,24
동대문구,용두동,래미안엘리니티,59.96,8,2022,60000,65,2026,5,27
동대문구,용두동,롯데캐슬피렌체,30.4,7,2009,29400,0,2026,5,30
동대문구,전농동,전농SK,59.96,11,2000,42000,0,2026,5,16
동대문구,장안동,장안푸르미에,12.5803,9,2013,9600,10,2026,5,6
동대문구,장안동,래미안장안2차,81.05,17,2007,75000,0,2026,5,6
동대문구,전농동,전농SK,59.34,21,2000,45000,0,2026,5,27
동대문구,답십리동,답십리파크자이,59.91,3,2019,30000,155,2026,5,15
동대문구,장안동,파히나더그로브,21.12,8,2023,19500,0,2026,5,23
동대문구,이문동,쌍용,84.89,3,2000,10000,126,2026,5,28
동대문구,답십리동,래미안엘파인아파트,84.94,7,2011,58800,0,2026,5,30
동대문구,장안동,래미안장안2차,64.85,17,2007,37500,58,2026,5,16
동대문구,용두동,롯데캐슬피렌체,26.08,4,2009,4000,70,2026,5,6
동대문구,전농동,동대문롯데캐슬노블레스,59.98,18,2018,15000,230,2026,5,29
동대문구,답십리동,힐스테이트청계,59.94,9,2018,68000,0,2026,5,31
동대문구,답십리동,청계한신휴플러스,84.73,2,2010,65000,0,2026,5,19
동대문구,청량리동,청량리롯데캐슬하이루체,51.4261,3,2026,40000,60,2026,5,10
동대문구,답십리동,답십리파크자이,59.91,5,2019,10000,138,2026,5,6
동대문구,이문동,래미안라그란데,34.33,4,2025,1196,23,2026,5,11
동대문구,답십리동,청계푸르지오시티,18.92,13,2015,8000,50,2026,5,25
동대문구,장안동,유니트125,37.88,12,2026,14390,84,2026,5,26
동대문구,휘경동,서울가든,85.92,2,1985,31000,0,2026,5,30
동대문구,용두동,신동아,49.68,8,1994,3000,140,2026,5,25
동대문구,청량리동,청량리롯데캐슬하이루체,59.9753,12,2026,65000,0,2026,5,29
동대문구,답십리동,래미안미드카운티,59.98,2,2019,70000,0,2026,5,4
동대문구,용두동,이편한세상청계센트럴포레,59.96,22,2021,78000,0,2026,5,30
동대문구,휘경동,휘경SK뷰,84.31,5,2019,60900,0,2026,5,30
동대문구,청량리동,청량리롯데캐슬하이루체,51.4261,12,2026,60000,0,2026,5,30
동대문구,용두동,롯데캐슬피렌체,37.73,8,2009,2000,120,2026,5,4
동대문구,휘경동,롯데,59.94,2,2000,10000,150,2026,5,30
동대문구,휘경동,휘경해모로프레스티지,84.86,2,2021,63000,0,2026,5,30
동대문구,휘경동,휘경자이디센시아,59.96,26,2025,73000,0,2026,5,28
동대문구,이문동,래미안라그란데,34.33,3,2025,1196,23,2026,5,11
동대문구,장안동,장안현대홈타운(336),84.87,6,2003,30000,120,2026,5,16
동대문구,이문동,래미안이문2차,84.61,9,2004,67000,0,2026,5,30
동대문구,장안동,에스아이팰리스장안센텀,14.139,9,2020,16000,15,2026,5,31
동대문구,휘경동,이문휘경지웰에스테이트,14.1448,9,2021,500,87,2026,5,23
동대문구,장안동,홍해오크펠리스3차,100.9,8,2012,27000,0,2026,5,22
동대문구,답십리동,청계지웰에스테이트,18.585,14,2012,1000,70,2026,5,12
동대문구,용두동,청량리역해링턴플레이스,84.873,31,2023,10000,300,2026,5,29
동대문구,청량리동,청량리롯데캐슬하이루체,59.9314,3,2026,65000,0,2026,5,30
동대문구,휘경동,휘경자이디센시아,59.93,18,2025,10000,250,2026,5,30
동대문구,이문동,이문아이파크자이,20.8,33,2025,2000,120,2026,5,6
동대문구,답십리동,두산,59.96,11,2000,40000,34,2026,5,30
동대문구,장안동,현대홈타운2차,84.97,12,2005,30000,120,2026,5,23
동대문구,장안동,태솔아파트3차,57.98,13,2018,40660,0,2026,5,30
동대문구,장안동,장안현대홈타운(336),133.72,6,2003,70000,0,2026,5,23
동대문구,답십리동,래미안위브,84.98,11,2014,73500,0,2026,5,14
동대문구,답십리동,두산위브,84.91,6,2007,73000,0,2026,5,31
동대문구,장안동,장안솔렌시아6,19.62,7,2021,22400,10,2026,5,30
동대문구,답십리동,한일노벨리아,16.64,12,2016,1000,70,2026,5,7
동대문구,답십리동,동아,101.94,5,2001,65000,0,2026,5,30
동대문구,답십리동,청계한신휴플러스,84.73,22,2010,10000,280,2026,5,30
동대문구,답십리동,래미안위브,84.98,13,2014,80000,0,2026,5,30
동대문구,답십리동,힐스테이트청계,48.98,4,2018,45000,70,2026,5,30
동대문구,용두동,청량리역한양수자인그라시엘,84.97,30,2023,89000,0,2026,5,30
동대문구,이문동,민족통일MJ캠퍼스외대3차,18.24,11,2022,1000,100,2026,5,30
동대문구,답십리동,래미안위브,59.97,2,2014,73000,0,2026,5,30
동대문구,전농동,동대문롯데캐슬노블레스,84.98,15,2018,83000,0,2026,5,30
동대문구,이문동,현대,84.56,2,2000,50000,0,2026,5,23
동대문구,전농동,래미안크레시티,84.98,14,2014,76650,0,2026,5,27
동대문구,청량리동,청량리롯데캐슬하이루체,59.9753,9,2026,20000,195,2026,5,29
동대문구,회기동,민족통일MJ캠퍼스경희대,20.63,7,2017,3000,80,2026,5,26
동대문구,제기동,한신아파트,84.76,4,2004,30000,120,2026,5,29
동대문구,장안동,유니트125,18.03,11,2026,11030,47,2026,5,29
동대문구,휘경동,롯데낙천대,82.82,4,2003,20000,120,2026,5,29
동대문구,장안동,신일해피트리2차(567),79.51,2,2005,15000,160,2026,5,29
동대문구,장안동,장안뉴시티,17.63,6,2012,500,55,2026,5,15
동대문구,청량리동,청량리롯데캐슬하이루체,59.9753,5,2026,35000,140,2026,5,16
동대문구,답십리동,동아,84.72,6,2001,10000,157,2026,5,20
동대문구,전농동,청량리역롯데캐슬 SKY-L65,84.971,22,2023,89000,0,2026,5,29
동대문구,용두동,이편한세상청계센트럴포레,74.98,13,2021,78700,0,2026,5,25
동대문구,장안동,래미안장안2차,81.05,9,2007,40000,120,2026,5,28
동대문구,용두동,래미안엘리니티,59.96,4,2022,71000,0,2026,5,29
동대문구,청량리동,청량리롯데캐슬하이루체,59.9753,9,2026,35000,120,2026,5,23
동대문구,장안동,장안삼성쉐르빌,119.05,15,2002,19000,200,2026,5,26
동대문구,장안동,장안현대,95.39,9,1984,3000,45,2026,5,29
동대문구,답십리동,힐스테이트청계,84.85,25,2018,73500,0,2026,5,14
동대문구,휘경동,휘경SK뷰,59.39,23,2019,60000,0,2026,5,6
동대문구,장안동,장안현대홈타운(336),112.78,21,2003,65000,0,2026,5,7
동대문구,답십리동,우성그린,84.98,15,1997,50000,0,2026,5,23
동대문구,이문동,쌍용,59.99,12,2000,42000,0,2026,5,25
동대문구,답십리동,동답한신,82.39,9,1992,44100,0,2026,5,29
동대문구,이문동,래미안라그란데,44.03,11,2025,1523,30,2026,5,13
동대문구,전농동,전농동신성미소지움,55.371,5,2005,30000,100,2026,5,28
동대문구,용두동,이편한세상청계센트럴포레,74.98,20,2021,73500,8,2026,5,8
동대문구,장안동,래미안장안2차,64.85,6,2007,60000,0,2026,5,28
동대문구,전농동,래미안크레시티,84.98,14,2014,76650,0,2026,5,27
동대문구,전농동,동대문롯데캐슬노블레스,59.98,14,2018,64000,0,2026,5,28
동대문구,전농동,청량리역롯데캐슬 SKY-L65,84.993,17,2023,98000,0,2026,5,25
동대문구,청량리동,청량리롯데캐슬하이루체,59.9753,7,2026,40000,115,2026,5,12
동대문구,휘경동,주공1,114.73,1,2001,1000,50,2026,5,9
동대문구,장안동,글로벌팰리스,26.81,16,2019,24400,15,2026,5,28
동대문구,장안동,장안현대홈타운(336),112.78,21,2003,65000,0,2026,5,7
동대문구,이문동,삼익,84.95,16,1997,50000,0,2026,5,27
동대문구,휘경동,주공1,114.73,10,2001,54600,0,2026,5,28
동대문구,용두동,힐스테이트청량리메트로블,44.2455,20,2025,6253,8,2026,5,18
동대문구,답십리동,래미안위브,84.98,20,2014,78700,0,2026,5,27
동대문구,휘경동,주공2,39.98,14,2001,28350,0,2026,5,27
동대문구,이문동,신이문금호어울림,84.84,6,2008,40000,100,2026,5,28
동대문구,용두동,용두롯데캐슬리치,84.8378,4,2015,30000,190,2026,5,19
동대문구,이문동,이문아이파크자이,59.95,27,2025,50000,120,2026,5,27
동대문구,전농동,동대문롯데캐슬노블레스,59.98,14,2018,64000,0,2026,5,28
동대문구,회기동,베라체캠퍼스,16.396,14,2013,17850,0,2026,5,22
동대문구,휘경동,휘경자이디센시아,39.83,6,2025,9576,37,2026,5,27
동대문구,장안동,아르떼하임,53.34,13,2019,30000,20,2026,5,20
동대문구,전농동,동아,70.03,22,1997,52500,0,2026,5,27
동대문구,제기동,한신아파트,59.84,6,2004,46000,0,2026,5,23
동대문구,용두동,용두두산위브,105.6,22,2009,72400,0,2026,5,23
동대문구,답십리동,두산위브,59.91,5,2007,20000,160,2026,5,9
동대문구,회기동,베라체캠퍼스,24.319,4,2013,15000,30,2026,5,19
동대문구,신설동,신설동지웰홈스,13.75,10,2017,700,68,2026,5,22
동대문구,이문동,대우,84.891,4,2001,55000,0,2026,5,23
동대문구,장안동,래미안장안2차,81.05,10,2007,65000,0,2026,5,27
동대문구,회기동,신현대,60.48,13,1989,3000,145,2026,5,22
동대문구,답십리동,보광타워,24.46,11,2019,15000,50,2026,5,15
동대문구,이문동,현대,84.56,2,2000,50000,0,2026,5,23
동대문구,청량리동,청량리롯데캐슬하이루체,59.9753,10,2026,62500,0,2026,5,23
동대문구,전농동,전농우성,115.56,3,1992,62000,0,2026,5,25
동대문구,답십리동,힐스테이트청계,48.98,12,2018,41895,0,2026,5,23
동대문구,이문동,쌍용,59.99,9,2000,38850,0,2026,5,23
동대문구,휘경동,효자워너빌,84.64,8,2006,15000,120,2026,5,23
동대문구,청량리동,청량리롯데캐슬하이루체,59.9753,9,2026,30000,150,2026,5,23
동대문구,이문동,래미안라그란데,44.03,16,2025,6504,10,2026,5,11
동대문구,휘경동,주공1,114.73,12,2001,500,68,2026,5,16
동대문구,전농동,씨티빌라트,84.68,5,1999,33400,0,2026,5,14
동대문구,이문동,래미안이문2차,59.79,7,2004,35000,90,2026,5,26
동대문구,회기동,신현대,84.96,4,1989,47250,0,2026,5,26
동대문구,휘경동,주공2,39.98,6,2001,3000,100,2026,5,23
동대문구,장안동,아르떼하임,29.53,15,2019,20200,30,2026,5,26
동대문구,전농동,동대문롯데캐슬노블레스,84.98,27,2018,15000,290,2026,5,14
동대문구,전농동,전농SK,84.84,7,2000,20000,200,2026,5,25
동대문구,청량리동,홍릉동부,114.91,9,2001,90000,0,2026,5,14
동대문구,답십리동,답십리청솔우성,84.94,20,2000,8000,160,2026,5,13
동대문구,용두동,이편한세상청계센트럴포레,59.96,12,2021,70350,0,2026,5,20
동대문구,전농동,와이시티휘경,16.71,7,2012,500,54,2026,5,19
동대문구,장안동,유니트125,22.01,3,2026,12580,53,2026,5,26
동대문구,제기동,현대,84.99,12,1999,10000,150,2026,5,5
동대문구,답십리동,힐스테이트청계,84.85,4,2018,80000,0,2026,5,15
동대문구,답십리동,청계푸르지오시티,18.92,13,2015,13000,25,2026,5,25
동대문구,휘경동,브라운스톤휘경,59.78,15,2013,49000,0,2026,5,26
동대문구,답십리동,래미안미드카운티,59.98,20,2019,76000,0,2026,5,23
동대문구,답십리동,힐스테이트청계,48.98,11,2018,52500,0,2026,5,25
동대문구,신설동,신설동지웰홈스,26.88,16,2017,1400,125,2026,5,13
동대문구,답십리동,래미안미드카운티,59.98,7,2019,35000,160,2026,5,26
동대문구,제기동,한신아파트,59.84,10,2004,50000,0,2026,5,23
동대문구,답십리동,힐스테이트청계,59.81,13,2018,30000,160,2026,5,23
동대문구,전농동,래미안크레시티,84.96,13,2014,80000,0,2026,5,24
동대문구,장안동,래미안장안2차,81.05,17,2007,47250,50,2026,5,18
동대문구,청량리동,샹그레빌아파트,79.984,14,2004,47100,0,2026,5,22
동대문구,답십리동,힐스테이트청계,84.85,6,2018,68250,0,2026,5,26
동대문구,제기동,어진재,15.61,3,2014,1000,80,2026,5,14
동대문구,청량리동,청량리롯데캐슬하이루체,59.9314,17,2026,40000,0,2026,5,10
동대문구,답십리동,한신휴플러스그린파크,84.98,4,2010,61950,0,2026,5,21
동대문구,용두동,래미안엘리니티,59.96,6,2022,25000,220,2026,5,22
동대문구,전농동,래미안크레시티,59.99,9,2014,70000,0,2026,5,22
동대문구,장안동,동대문더퍼스트데시앙,84.8605,14,2019,63000,0,2026,5,25
동대문구,이문동,쌍용,59.99,12,2000,10000,107,2026,5,23
동대문구,용두동,래미안허브리츠(임대),39.94,5,2011,2961,28,2026,5,19
동대문구,휘경동,휘경해모로프레스티지,59.82,14,2021,65000,0,2026,5,23
동대문구,이문동,대림e-편한세상,59.958,19,2003,42000,0,2026,5,11
동대문구,장안동,장안힐스테이트,84.568,22,2007,65000,0,2026,5,23
동대문구,이문동,이문아이파크자이,59.95,17,2025,65000,0,2026,5,23
동대문구,답십리동,답십리파크자이,59.91,16,2019,30000,160,2026,5,23
동대문구,전농동,래미안크레시티,59.99,3,2014,70000,0,2026,5,23
동대문구,용두동,힐스테이트청량리메트로블,44.2455,9,2025,4138,20,2026,5,22
동대문구,답십리동,래미안위브,59.99,14,2014,67200,0,2026,5,15
동대문구,이문동,래미안이문2차,59.79,15,2004,1000,190,2026,5,16
동대문구,답십리동,한신휴플러스그린파크,84.98,6,2010,200,40,2026,5,21
동대문구,이문동,래미안이문2차,59.79,9,2004,65000,0,2026,5,9
동대문구,회기동,베라체캠퍼스,24.011,8,2013,1000,100,2026,5,22
동대문구,용두동,동대문푸르지오시티(도시형생활주택),30.11,16,2016,36000,0,2026,5,22
동대문구,이문동,대림e-편한세상,59.958,4,2003,5000,150,2026,5,21
동대문구,답십리동,두산,84.83,4,2000,60000,0,2026,5,22
동대문구,답십리동,힐스테이트청계,48.98,5,2018,42000,73,2026,5,2
동대문구,회기동,신현대,84.96,4,1989,15000,100,2026,5,16
동대문구,전농동,래미안아름숲,84.7,2,2012,43400,0,2026,5,6
동대문구,휘경동,휘경SK뷰,84.72,26,2019,10000,250,2026,5,20
동대문구,답십리동,센시티16,14.244,9,2013,1000,59,2026,5,20
동대문구,용두동,래미안허브리츠(임대),39.94,11,2011,8029,0,2026,5,22
동대문구,청량리동,미주,101.62,4,1978,26250,0,2026,5,20
동대문구,제기동,안암골벽산,84.98,15,2003,10000,200,2026,5,21
동대문구,답십리동,래미안위브,121.64,5,2014,85000,0,2026,5,20
동대문구,답십리동,청계지웰에스테이트,18.585,11,2012,2100,63,2026,5,2
동대문구,용두동,신동아,49.68,2,1994,30000,0,2026,5,18
동대문구,답십리동,래미안위브,59.99,4,2014,51400,0,2026,5,14
동대문구,청량리동,청량리롯데캐슬하이루체,59.9753,4,2026,50000,90,2026,5,21
동대문구,장안동,래미안장안2차,81.05,11,2007,10000,250,2026,5,11
동대문구,이문동,이문아이파크자이,84.95,13,2025,20000,240,2026,5,21
동대문구,휘경동,휘경센트레빌,84.64,4,2011,57000,0,2026,5,18
동대문구,답십리동,답십리청솔우성,84.94,4,2000,5000,200,2026,5,13
동대문구,휘경동,주공1,114.73,16,2001,65000,0,2026,5,20
동대문구,전농동,래미안아름숲,84.7,2,2012,43400,0,2026,5,6
동대문구,장안동,래미안장안2차,81.05,17,2007,75000,0,2026,5,6
동대문구,회기동,민족통일MJ캠퍼스경희대,20.63,9,2017,1000,100,2026,5,9
동대문구,전농동,동대문롯데캐슬노블레스,59.98,17,2018,58430,60,2026,5,5
동대문구,제기동,안암골벽산,84.98,1,2003,33000,110,2026,5,9
동대문구,이문동,중앙하이츠빌,59.4,11,2002,45000,0,2026,5,21
동대문구,전농동,래미안크레시티,84.96,11,2014,40000,160,2026,5,20
동대문구,제기동,한신아파트,84.76,24,2004,59000,0,2026,5,20
동대문구,청량리동,청량리롯데캐슬하이루체,59.9753,8,2026,30000,120,2026,5,21
동대문구,답십리동,힐스테이트청계,84.85,25,2018,81000,0,2026,5,19
동대문구,청량리동,청량리롯데캐슬하이루체,51.4261,5,2026,60000,0,2026,5,20
동대문구,답십리동,동아,84.72,4,2001,47250,0,2026,5,19
동대문구,답십리동,답십리파크자이,59.91,8,2019,10000,148,2026,5,13
동대문구,전농동,전농SK,59.96,10,2000,51000,0,2026,5,19
동대문구,전농동,전농동삼성래미안,59.93,4,2000,45000,0,2026,5,20
동대문구,용두동,이편한세상청계센트럴포레,84.95,10,2021,89000,0,2026,5,14
동대문구,장안동,장안동하트리움,36.2645,6,2025,13700,73,2026,5,20
동대문구,답십리동,현대썬앤빌청계,14.82,13,2016,10000,22,2026,5,8
동대문구,휘경동,현대,84.94,5,1992,37800,0,2026,5,1
동대문구,답십리동,래미안엘파인아파트,84.9,4,2011,30000,110,2026,5,20
동대문구,전농동,전농우성,59.78,4,1992,40000,0,2026,5,20
동대문구,청량리동,미주,124.76,11,1978,20000,200,2026,5,20
동대문구,용두동,래미안 허브리츠,84.96,3,2011,72000,0,2026,5,20
동대문구,전농동,래미안아름숲,84.92,1,2012,75000,0,2026,5,19
동대문구,답십리동,힐스테이트청계,84.85,3,2018,72400,0,2026,5,20
동대문구,답십리동,답십리청솔우성(임대),32.86,9,2000,465,16,2026,5,20
동대문구,제기동,이수브라운스톤,84.9,14,2005,55600,0,2026,5,19
동대문구,청량리동,미주,102.15,12,1978,48000,0,2026,5,18
동대문구,이문동,민족통일MJ캠퍼스외대,23.51,12,2016,12000,50,2026,5,19
동대문구,용두동,청량리역한양수자인그라시엘,84.94,16,2023,10000,320,2026,5,17
동대문구,이문동,그레이스힐타운,10.865,13,2019,1000,73,2026,5,15
동대문구,답십리동,청계지웰에스테이트,18.585,11,2012,1000,70,2026,5,14
동대문구,용두동,신동아,58.59,3,1994,45000,0,2026,5,16
동대문구,전농동,전농동삼성래미안,59.93,20,2000,40000,15,2026,5,19
동대문구,용두동,용두롯데캐슬리치,114.7715,3,2015,2000,110,2026,5,12
동대문구,용두동,용두두산위브,105.6,5,2009,66000,0,2026,5,8
동대문구,전농동,전농우성,84.84,6,1992,40000,0,2026,5,11
동대문구,청량리동,청량리롯데캐슬하이루체,59.9753,15,2026,63000,0,2026,5,14
동대문구,청량리동,청량리롯데캐슬하이루체,51.4261,2,2026,60000,0,2026,5,11
동대문구,답십리동,래미안미드카운티,75.01,13,2019,55000,80,2026,5,8
동대문구,용두동,동대문베네스트,18.81,17,2020,21300,10,2026,5,8
동대문구,청량리동,청량리롯데캐슬하이루체,59.9753,13,2026,10000,250,2026,5,18
동대문구,제기동,한신아파트,59.84,12,2004,53000,0,2026,5,1
동대문구,용두동,청량리역한양수자인그라시엘,84.95,6,2023,90000,0,2026,5,12
동대문구,전농동,래미안크레시티,59.99,4,2014,57700,0,2026,5,18
동대문구,장안동,태솔에버빌3차,59.94,10,2015,28350,40,2026,5,17
동대문구,이문동,현대,114.6,23,2000,47500,0,2026,5,18
동대문구,청량리동,청량리롯데캐슬하이루체,59.9753,6,2026,20000,200,2026,5,17
동대문구,회기동,베라체캠퍼스,24.319,14,2013,10000,60,2026,5,18
동대문구,장안동,우성3차(562),84.26,10,2005,50000,0,2026,5,16
동대문구,이문동,신이문금호어울림,59.92,6,2008,26478,0,2026,5,18
동대문구,휘경동,이문휘경지웰에스테이트,14.1448,5,2021,1000,85,2026,5,15
동대문구,회기동,베라체캠퍼스,24.319,14,2013,10000,60,2026,5,18
동대문구,이문동,쌍용,114.35,11,2000,52500,0,2026,5,9
동대문구,이문동,쌍용아파트(임대),30.36,6,2000,3378,4,2026,5,18
동대문구,이문동,대림e-편한세상,84.972,10,2003,60000,0,2026,5,18
동대문구,휘경동,휘경센트레빌,84.64,4,2011,57000,0,2026,5,18
동대문구,장안동,태솔아파트4차,54.53,5,2019,41660,0,2026,5,18
동대문구,회기동,신현대,84.96,14,1989,40450,0,2026,5,16
동대문구,답십리동,두산위브,114.96,2,2007,34500,0,2026,5,18
동대문구,청량리동,청량리롯데캐슬하이루체,59.9753,8,2026,5000,270,2026,5,15
동대문구,답십리동,답십리엘림퍼스트,52.7678,11,2020,53500,0,2026,5,16
동대문구,장안동,동대문더퍼스트데시앙,119.4172,14,2019,2000,100,2026,5,17
동대문구,용두동,이편한세상청계센트럴포레,74.98,20,2021,73500,8,2026,5,8
동대문구,용두동,래미안 허브리츠,59.98,7,2011,73000,0,2026,5,16
동대문구,용두동,힐스테이트청량리메트로블,44.2455,20,2025,4138,20,2026,5,18
동대문구,답십리동,래미안위브,59.97,9,2014,59000,40,2026,5,16
동대문구,전농동,동대문롯데캐슬노블레스,59.98,15,2018,70000,0,2026,5,15
동대문구,답십리동,두산위브,59.91,14,2007,62000,0,2026,5,16
동대문구,청량리동,청량리롯데캐슬하이루체,59.9753,15,2026,7000,260,2026,5,14
동대문구,답십리동,래미안미드카운티,75.01,9,2019,78000,0,2026,5,16
동대문구,답십리동,신답경남,59.24,11,1991,33000,0,2026,5,16
동대문구,용두동,동대문베네스트,18.36,18,2020,1000,84,2026,5,14
동대문구,용두동,롯데캐슬피렌체,37.73,5,2009,2000,120,2026,5,15
동대문구,청량리동,청량리롯데캐슬하이루체,59.9753,9,2026,65000,0,2026,5,16
동대문구,답십리동,래미안미드카운티,84.97,5,2019,73500,0,2026,5,16
동대문구,용두동,청량리역한양수자인그라시엘,84.97,28,2023,20000,320,2026,5,16
동대문구,답십리동,두산위브,59.91,2,2007,53000,0,2026,5,16
동대문구,답십리동,동서울한양,59.67,2,1989,26100,0,2026,5,17
동대문구,장안동,래미안장안,84.774,21,2003,19000,160,2026,5,15
동대문구,이문동,삼익,59.95,9,1997,35000,0,2026,5,18
동대문구,답십리동,청계한신휴플러스,84.73,20,2010,66000,0,2026,5,16
동대문구,전농동,전농SK,114.3,9,2000,63000,0,2026,5,16
동대문구,장안동,장안삼성쉐르빌,100.7,13,2002,40000,100,2026,5,16
동대문구,답십리동,청계한신휴플러스,84.73,3,2010,55000,40,2026,5,8
동대문구,장안동,글로벌팰리스,27,14,2019,3000,110,2026,5,1
동대문구,장안동,장안힐스테이트,59.539,25,2007,27000,130,2026,5,15
동대문구,장안동,동대문더퍼스트데시앙,59.8074,4,2019,5996,56,2026,5,15
동대문구,답십리동,청계푸르지오시티,18.92,12,2015,1000,69,2026,5,2
동대문구,용두동,이편한세상청계센트럴포레,59.96,4,2021,75000,0,2026,5,4
동대문구,답십리동,래미안위브,121.64,9,2014,10000,380,2026,5,15
동대문구,전농동,래미안크레시티,59.99,17,2014,68500,0,2026,5,15
동대문구,답십리동,현대썬앤빌청계,14.82,8,2016,1000,63,2026,5,15
동대문구,이문동,래미안라그란데,34.33,15,2025,2990,20,2026,5,15
동대문구,장안동,장안힐스테이트,59.928,5,2007,5000,180,2026,5,13
동대문구,장안동,래미안장안2차,81.05,24,2007,60000,0,2026,5,15
동대문구,답십리동,두산,59.96,2,2000,44000,0,2026,5,15
동대문구,답십리동,우성그린,59.36,1,1997,2000,105,2026,5,1
동대문구,전농동,전농SK(임대),32.77,10,2000,1215,15,2026,5,14
동대문구,제기동,한신아파트,59.84,18,2004,10000,150,2026,5,13
동대문구,청량리동,현대,66.91,7,1987,37800,0,2026,5,12
동대문구,전농동,동대문롯데캐슬노블레스,84.98,25,2018,74550,0,2026,5,14
동대문구,이문동,신이문금호어울림,59.92,2,2008,26478,0,2026,5,13
동대문구,회기동,베라체캠퍼스,24.011,11,2013,15000,30,2026,5,11
동대문구,이문동,이문아이파크자이,59.96,19,2025,75000,0,2026,5,14
동대문구,용두동,KYTOWER,19.93,7,2017,1000,55,2026,5,11
동대문구,이문동,래미안라그란데,34.33,15,2025,2990,20,2026,5,15
동대문구,이문동,래미안라그란데,34.33,4,2025,2990,20,2026,5,14
동대문구,장안동,래미안장안2차,81.05,6,2007,3000,148,2026,5,12
동대문구,답십리동,청계벽산메가트리움,59.93,13,2006,5000,137,2026,5,14
동대문구,답십리동,래미안위브,121.94,11,2014,116000,0,2026,5,13
동대문구,용두동,래미안허브리츠(임대),39.94,18,2011,8029,0,2026,5,7
동대문구,이문동,현대아파트(임대),32.29,5,2000,590,19,2026,5,11
동대문구,전농동,래미안크레시티,84.96,8,2014,65000,0,2026,5,14
동대문구,청량리동,현대,82.18,4,1987,45000,0,2026,5,9
동대문구,답십리동,래미안미드카운티,84.99,15,2019,63000,0,2026,5,14
동대문구,답십리동,래미안위브,59.99,7,2014,68250,0,2026,5,13
동대문구,청량리동,청량리롯데캐슬하이루체,59.9314,16,2026,68000,0,2026,5,12
동대문구,이문동,이문아이파크자이,59.91,6,2025,30000,170,2026,5,9
동대문구,청량리동,미주,86.74,6,1978,35700,0,2026,5,13
동대문구,휘경동,휘경해모로프레스티지,59.77,16,2021,65000,0,2026,5,13
동대문구,장안동,월튼파크뷰(342-21),54.23,7,2016,27000,0,2026,5,13
동대문구,답십리동,청계지웰에스테이트,19.525,13,2012,1000,70,2026,5,4
동대문구,청량리동,한신,84.92,8,1997,50000,0,2026,5,13
동대문구,이문동,이문아이파크자이,30.49,16,2025,9052,17,2026,5,6
동대문구,이문동,래미안라그란데,44.03,24,2025,3809,25,2026,5,13
동대문구,이문동,래미안라그란데,44.03,11,2025,3809,25,2026,5,13
동대문구,이문동,래미안라그란데,44.03,12,2025,3809,25,2026,5,13
동대문구,장안동,글로벌팰리스,27.29,10,2019,2000,120,2026,5,13
동대문구,전농동,전농우성,59.78,7,1992,39000,0,2026,5,9
동대문구,이문동,래미안라그란데,34.33,7,2025,2990,20,2026,5,13
동대문구,답십리동,힐스테이트청계,40.6,14,2018,13980,18,2026,5,11
동대문구,답십리동,힐스테이트청계,40.6,6,2018,12328,31,2026,5,13
동대문구,청량리동,청량리롯데캐슬하이루체,84.8999,17,2026,80000,0,2026,5,10
동대문구,전농동,래미안크레시티,59.99,7,2014,70000,0,2026,5,13
동대문구,이문동,이문아이파크자이,84.92,2,2025,45000,170,2026,5,5
동대문구,답십리동,래미안엘파인아파트,59.95,16,2011,50400,0,2026,5,12
동대문구,휘경동,회기역하트리움역세권청년주택,33.7442,6,2023,22200,17,2026,5,13
동대문구,제기동,안암골벽산,59.94,4,2003,30000,70,2026,5,12
동대문구,장안동,파히나더그로브,21.12,11,2023,5000,110,2026,5,9
동대문구,장안동,월튼파크뷰(342-21),54.23,7,2016,27000,0,2026,5,13
동대문구,장안동,푸른마을(284-3),60.36,6,2004,32000,0,2026,5,12
동대문구,휘경동,서울가든,85.6,5,1985,31000,20,2026,5,7
동대문구,청량리동,청량리롯데캐슬하이루체,59.9753,9,2026,25000,160,2026,5,12
동대문구,이문동,래미안라그란데,44.03,14,2025,1523,30,2026,5,12
동대문구,답십리동,래미안엘파인(임대),30.13,7,2011,5971,12,2026,5,12
동대문구,답십리동,힐스테이트청계,40.6,21,2018,13988,23,2026,5,12
동대문구,이문동,래미안라그란데,44.03,2,2025,2300,28,2026,5,12
동대문구,이문동,삼익,84.95,16,1997,40000,0,2026,5,11
동대문구,용두동,서안팰리스,75.07,6,2011,48000,0,2026,5,11
동대문구,청량리동,청량리롯데캐슬하이루체,59.9753,13,2026,65000,0,2026,5,12
동대문구,이문동,현대,59.92,20,2000,5000,125,2026,5,12
동대문구,이문동,래미안라그란데,44.03,7,2025,1523,30,2026,5,12
동대문구,용두동,이편한세상청계센트럴포레,39.92,7,2021,11749,31,2026,5,12
동대문구,전농동,래미안크레시티,59.99,18,2014,15000,166,2026,5,11
동대문구,이문동,래미안라그란데,44.03,2,2025,3809,25,2026,5,12
동대문구,이문동,래미안라그란데,34.33,6,2025,2990,20,2026,5,12
동대문구,전농동,전농SK,84.95,19,2000,52500,0,2026,5,1
동대문구,휘경동,동일스위트리버,84.973,14,2007,55000,0,2026,5,10
동대문구,장안동,한신아파트,84.9,12,1996,52000,0,2026,5,12
동대문구,장안동,아르떼하임,29.53,11,2019,20000,0,2026,5,12
동대문구,이문동,래미안라그란데,34.33,16,2025,1196,23,2026,5,12
동대문구,청량리동,청량리롯데캐슬하이루체,59.9753,16,2026,10000,240,2026,5,9
동대문구,이문동,래미안라그란데,44.03,7,2025,3809,25,2026,5,12
동대문구,장안동,장안평월드메르디앙2차,84.5,5,2007,30000,80,2026,5,12
동대문구,용두동,용두아파트,87.57,-1,1974,0,40,2026,5,12
동대문구,장안동,동대문더퍼스트데시앙,59.8074,4,2019,14736,25,2026,5,12
동대문구,전농동,전농SK,114.3,4,2000,63000,0,2026,5,12
동대문구,이문동,래미안라그란데,34.33,2,2025,1196,23,2026,5,11
동대문구,청량리동,청량리롯데캐슬하이루체,84.8999,10,2026,50000,150,2026,5,11
동대문구,이문동,래미안라그란데,44.03,14,2025,3809,25,2026,5,12
동대문구,답십리동,동답한신,44.35,10,1992,33000,0,2026,5,11
동대문구,답십리동,래미안위브,59.97,3,2014,66000,0,2026,5,11
동대문구,이문동,래미안라그란데,44.03,26,2025,3809,25,2026,5,12
동대문구,답십리동,래미안위브,84.98,4,2014,81000,0,2026,5,11
동대문구,이문동,래미안라그란데,34.33,16,2025,2990,20,2026,5,12
동대문구,전농동,전농동삼성래미안,59.93,21,2000,5000,146,2026,5,7
동대문구,답십리동,래미안위브,59.96,14,2014,75000,0,2026,5,1
동대문구,이문동,래미안라그란데,34.05,13,2025,2972,20,2026,5,12
동대문구,장안동,동대문더퍼스트데시앙,59.8781,4,2019,10556,46,2026,5,12
동대문구,장안동,동대문더퍼스트데시앙,59.8074,4,2019,14736,25,2026,5,11
동대문구,제기동,이수브라운스톤,59.73,9,2005,5000,170,2026,5,5
동대문구,답십리동,답십리파크자이,49.27,9,2019,35000,100,2026,5,4
동대문구,이문동,래미안라그란데,34.33,4,2025,2990,20,2026,5,11
동대문구,이문동,래미안라그란데,74.99,15,2025,1000,110,2026,5,11
동대문구,장안동,동대문더퍼스트데시앙,59.8074,4,2019,14736,25,2026,5,11
동대문구,이문동,래미안라그란데,34.33,2,2025,2990,20,2026,5,11
동대문구,장안동,동대문더퍼스트데시앙,59.8074,5,2019,14736,25,2026,5,11
동대문구,이문동,래미안라그란데,44.03,16,2025,1523,30,2026,5,11
동대문구,이문동,쌍용,84.89,8,2000,48500,0,2026,5,7
동대문구,이문동,래미안라그란데,34.33,3,2025,2990,20,2026,5,11
동대문구,장안동,동대문더퍼스트데시앙,59.9942,4,2019,10556,46,2026,5,11
동대문구,전농동,전농SK,114.3,5,2000,45000,50,2026,5,9
동대문구,답십리동,답십리파크자이,84.83,5,2019,80000,0,2026,5,9
동대문구,이문동,이문삼성래미안아파트,84.954,7,2001,51900,0,2026,5,9
동대문구,답십리동,보광타워,22.96,11,2019,3000,100,2026,5,2
동대문구,이문동,래미안라그란데,44.03,16,2025,3809,25,2026,5,11
동대문구,청량리동,청량리롯데캐슬하이루체,59.9753,2,2026,40000,110,2026,5,10
동대문구,장안동,동대문더퍼스트데시앙,59.8074,5,2019,14736,25,2026,5,11
동대문구,장안동,동대문더퍼스트데시앙,59.9942,5,2019,11611,51,2026,5,11
동대문구,청량리동,청량리롯데캐슬하이루체,59.9314,5,2026,64000,0,2026,5,10
동대문구,이문동,래미안라그란데,34.05,17,2025,2972,20,2026,5,11
동대문구,답십리동,답십리파크자이,49.54,1,2019,55000,0,2026,5,2
동대문구,이문동,래미안라그란데,44.03,16,2025,3809,25,2026,5,11
동대문구,용두동,이편한세상청계센트럴포레,59.96,4,2021,12764,63,2026,5,11
동대문구,제기동,어진재,15.61,5,2014,1000,72,2026,5,2
동대문구,답십리동,힐스테이트청계,40.6,13,2018,13988,23,2026,5,11
동대문구,이문동,래미안라그란데,34.05,8,2025,2972,20,2026,5,11
동대문구,장안동,동대문더퍼스트데시앙,59.9942,5,2019,14736,25,2026,5,11
동대문구,용두동,이편한세상청계센트럴포레,46.92,14,2021,15342,40,2026,5,11
동대문구,장안동,동대문더퍼스트데시앙,59.9942,5,2019,14736,25,2026,5,11
동대문구,이문동,이문아이파크자이,59.95,23,2025,75000,0,2026,5,9
동대문구,청량리동,청량리롯데캐슬하이루체,51.4261,5,2026,55000,0,2026,5,10
동대문구,청량리동,청량리롯데캐슬하이루체,59.9314,9,2026,69500,0,2026,5,9
동대문구,답십리동,동아,101.94,17,2001,65000,0,2026,5,8
동대문구,답십리동,힐스테이트청계,40.6,14,2018,14494,16,2026,5,11
동대문구,장안동,동대문더퍼스트데시앙,59.8074,5,2019,14736,25,2026,5,11
동대문구,답십리동,래미안위브,140.62,10,2014,105000,0,2026,5,11
동대문구,장안동,동대문더퍼스트데시앙,59.9942,4,2019,14736,25,2026,5,11
동대문구,장안동,동대문더퍼스트데시앙,59.9942,4,2019,14736,25,2026,5,11
동대문구,전농동,전농동삼성래미안,59.93,7,2000,45000,0,2026,5,9
동대문구,청량리동,청량리롯데캐슬하이루체,59.9753,9,2026,25000,160,2026,5,9
동대문구,답십리동,힐스테이트청계,40.6,15,2018,13988,23,2026,5,11
동대문구,답십리동,힐스테이트청계,40.6,13,2018,5099,49,2026,5,11
동대문구,전농동,전농동삼성래미안,59.93,13,2000,50000,0,2026,5,9
동대문구,용두동,동대문베네스트,18.81,17,2020,21300,10,2026,5,8
동대문구,장안동,동대문더퍼스트데시앙,59.8781,5,2019,14736,25,2026,5,11
동대문구,청량리동,청량리롯데캐슬하이루체,59.9314,13,2026,68000,0,2026,5,9
동대문구,청량리동,미주,152.2,15,1978,50000,0,2026,5,8
동대문구,장안동,파히나더그로브,20.85,8,2023,5000,110,2026,5,8
동대문구,청량리동,미주,101.62,4,1978,42000,0,2026,5,8
동대문구,장안동,장안현대홈타운(336),133.72,18,2003,110000,0,2026,5,8
동대문구,답십리동,청계한신휴플러스,73.96,13,2010,10000,230,2026,5,2
동대문구,용두동,래미안허브리츠(임대),39.94,17,2011,2961,28,2026,5,7
동대문구,답십리동,동답한신,44.35,12,1992,37000,0,2026,5,7
동대문구,답십리동,래미안위브,59.99,14,2014,63000,0,2026,5,2
동대문구,청량리동,청량리롯데캐슬하이루체,59.9314,5,2026,62000,0,2026,5,8
동대문구,답십리동,래미안위브,84.98,13,2014,85000,0,2026,5,8
동대문구,전농동,동대문롯데캐슬노블레스,84.98,5,2018,85000,0,2026,5,8
동대문구,이문동,래미안라그란데,59.98,8,2025,35000,140,2026,5,8
동대문구,청량리동,미주,101.65,9,1978,8000,155,2026,5,7
동대문구,답십리동,래미안위브,84.99,6,2014,35000,190,2026,5,1
동대문구,답십리동,래미안미드카운티,59.98,15,2019,48000,0,2026,5,8
동대문구,장안동,가우디트윈캐슬1,48.31,14,2016,12000,95,2026,5,7
동대문구,답십리동,우성그린,59.36,2,1997,45000,0,2026,5,4
동대문구,답십리동,래미안위브,84.98,12,2014,73500,0,2026,5,8
동대문구,청량리동,홍릉동부,59.7,7,2001,40000,8,2026,5,5
동대문구,이문동,세진빌딩,24.7,6,2020,1500,140,2026,5,7
동대문구,청량리동,한신,84.92,10,1997,5000,120,2026,5,7
동대문구,장안동,장안현대홈타운(336),112.78,21,2003,65000,0,2026,5,7
동대문구,이문동,이문아이파크자이,59.91,29,2025,35000,160,2026,5,3
동대문구,장안동,래미안장안2차,64.85,3,2007,65000,0,2026,5,7
동대문구,장안동,장안현대,95.4,1,1984,26500,0,2026,5,6
동대문구,답십리동,두산위브,84.91,8,2007,0,50,2026,5,4
동대문구,답십리동,래미안위브,59.97,4,2014,75000,0,2026,5,5
동대문구,회기동,신현대,84.96,2,1989,100,75,2026,5,4
동대문구,전농동,씨티빌라트,84.68,9,1999,37000,0,2026,5,7
동대문구,청량리동,청량리롯데캐슬하이루체,59.9753,13,2026,40000,120,2026,5,7
동대문구,전농동,전농동삼성래미안,84.98,11,2000,47500,0,2026,5,7
동대문구,이문동,현대,84.56,20,2000,5000,180,2026,5,7
동대문구,휘경동,주공2,39.98,7,2001,27700,0,2026,5,7
동대문구,이문동,래미안라그란데,52.98,9,2025,64000,0,2026,5,6
동대문구,전농동,전농SK,84.95,5,2000,10000,200,2026,5,7
동대문구,전농동,래미안크레시티,84.96,2,2014,63900,0,2026,5,7
동대문구,청량리동,미주,101.65,8,1978,36000,20,2026,5,4
동대문구,용두동,래미안허브리츠(임대),39.94,14,2011,7608,2,2026,5,7
동대문구,용두동,래미안허브리츠(임대),39.94,3,2011,8029,0,2026,5,7
동대문구,전농동,래미안크레시티,84.96,7,2014,10000,250,2026,5,3
동대문구,이문동,이문아이파크자이,30.49,6,2025,3648,37,2026,5,6
동대문구,답십리동,래미안미드카운티,84.97,4,2019,70000,40,2026,5,1
동대문구,용두동,래미안엘리니티,51.91,10,2022,10000,250,2026,5,4
동대문구,휘경동,휘경자이디센시아,59.96,30,2025,65000,0,2026,5,5
동대문구,청량리동,청량리롯데캐슬하이루체,59.9753,4,2026,60000,0,2026,5,6
동대문구,이문동,이문아이파크자이,30.49,6,2025,7296,29,2026,5,6
동대문구,전농동,씨티빌라트,77.71,6,1999,33000,0,2026,5,2
동대문구,이문동,이문아이파크자이,30.49,4,2025,6528,26,2026,5,6
동대문구,전농동,전농우성,115.56,8,1992,44100,0,2026,5,5
동대문구,용두동,이편한세상청계센트럴포레,59.96,3,2021,7920,78,2026,5,4
동대문구,용두동,이편한세상청계센트럴포레,84.95,3,2021,90000,0,2026,5,6
동대문구,회기동,신현대,84.96,9,1989,51000,0,2026,5,2
동대문구,답십리동,답십리파크자이,49.54,14,2019,44100,0,2026,5,2
동대문구,청량리동,청량리롯데캐슬하이루체,59.9314,5,2026,50000,80,2026,5,4
동대문구,용두동,이편한세상청계센트럴포레,74.98,15,2021,90000,0,2026,5,4
동대문구,용두동,이편한세상청계센트럴포레,59.96,5,2021,21130,33,2026,5,4
동대문구,이문동,이문아이파크자이,30.49,16,2025,6912,28,2026,5,6
동대문구,청량리동,청량리롯데캐슬하이루체,59.9314,5,2026,75000,0,2026,5,6
동대문구,용두동,이편한세상청계센트럴포레,39.92,14,2021,9897,38,2026,5,4
동대문구,용두동,래미안허브리츠(임대),39.94,4,2011,2961,28,2026,5,6
동대문구,청량리동,한신,114.95,18,1997,26000,95,2026,5,4
동대문구,청량리동,청량리롯데캐슬하이루체,59.9753,13,2026,70000,0,2026,5,3
동대문구,용두동,용두아파트,47.5,1,1974,22000,0,2026,5,1
동대문구,휘경동,휘경자이디센시아,59.96,31,2025,75000,0,2026,5,4
동대문구,장안동,장안현대홈타운(336),58.42,22,2003,35000,55,2026,5,4
동대문구,답십리동,보광타워,14.69,11,2019,1500,58,2026,5,2
동대문구,용두동,용두롯데캐슬리치,59.8273,13,2015,5000,220,2026,5,1
동대문구,장안동,장안힐스테이트,84.789,9,2007,64000,0,2026,5,4
동대문구,답십리동,청계한신휴플러스,90.62,2,2010,68000,0,2026,5,4
동대문구,이문동,현대,59.92,2,2000,3000,120,2026,5,2
중랑구,신내동,성원,84.91,11,1994,39900,0,2026,5,23
중랑구,상봉동,건영2차아파트,84.96,7,1996,47250,0,2026,5,23
중랑구,묵동,신안3,104.79,14,2000,49000,0,2026,5,12
중랑구,중화동,한신아파트상가동유치원동(103~109),59.76,14,1997,42000,0,2026,5,16
중랑구,중화동,한신아파트상가동유치원동(103~109),84.03,3,1997,10000,150,2026,5,2
중랑구,신내동,망우역신원아침도시,48.798,17,2023,42000,0,2026,5,9
중랑구,망우동,신내역힐데스하임참좋은아파트,84.8456,15,2021,59000,0,2026,5,3
중랑구,신내동,동성1,59.4,15,1993,12000,70,2026,5,22
중랑구,면목동,사가정센트럴아이파크,84.87,1,2020,75000,0,2026,5,17
중랑구,상봉동,상봉동양엔파트,18.2202,16,2024,14400,16,2026,5,28
중랑구,묵동,신내,39.84,9,1996,2000,90,2026,5,11
중랑구,상봉동,건영1,84.96,6,1997,5000,158,2026,5,1
중랑구,면목동,면목한신,45.44,10,1987,2000,90,2026,5,2
중랑구,신내동,신내11대명,39.76,12,1996,2000,73,2026,5,14
중랑구,묵동,브라운스톤태릉,101.9481,19,2004,65000,0,2026,5,19
중랑구,신내동,신내11대명,39.76,14,1996,3000,81,2026,5,30
중랑구,면목동,두산4,84.87,1,2000,55000,0,2026,5,7
중랑구,상봉동,상봉베스트원,22.14,5,2019,18350,0,2026,5,9
중랑구,망우동,신내역힐데스하임참좋은아파트,84.8456,15,2021,59000,0,2026,5,3
중랑구,면목동,현대휴온,18.17,2,2013,1000,45,2026,5,1
중랑구,신내동,동성1,59.4,6,1993,10000,115,2026,5,30
중랑구,면목동,신영,14.43,7,2013,3500,30,2026,5,15
중랑구,신내동,신내6대주,39.84,3,1996,2000,90,2026,5,21
중랑구,묵동,브라운스톤태릉,83.5358,11,2004,20000,130,2026,5,15
중랑구,신내동,신내9진흥,33.18,9,1996,2000,70,2026,5,12
중랑구,면목동,사가정센트럴아이파크,114.931,23,2020,55000,150,2026,5,9
중랑구,망우동,양원금호어울림포레스트,84.7154,8,2021,24000,32,2026,5,26
중랑구,묵동,로프트원태릉입구역,15.35,14,2020,500,58,2026,5,21
중랑구,신내동,신내6대주,39.84,4,1996,27000,0,2026,5,9
중랑구,면목동,라온프라이빗,84.9672,12,2020,77000,0,2026,5,30
중랑구,상봉동,레그노시티,25.451,4,2020,4000,95,2026,5,27
중랑구,상봉동,봄작시티24,16.93,5,2023,5000,78,2026,5,26
중랑구,면목동,경남아너스빌,51.429,4,2006,43000,0,2026,5,27
중랑구,상봉동,건영1,84.96,7,1997,5000,180,2026,5,1
중랑구,묵동,브라운스톤태릉,101.9481,2,2004,20000,180,2026,5,4
중랑구,망우동,(506-14),18,10,2012,2000,50,2026,5,30
중랑구,면목동,라온프라이빗,68.1667,18,2020,30000,140,2026,5,29
중랑구,신내동,신내6대주,59.76,4,1996,32500,0,2026,5,1
중랑구,망우동,금호어울림(580),84.93,4,2006,5000,190,2026,5,27
중랑구,상봉동,세이지움상봉,23.9838,19,2025,4700,74,2026,5,15
중랑구,신내동,동성1,59.4,6,1993,10000,115,2026,5,30
중랑구,신내동,화성.두산아파트,66.96,12,1995,5000,140,2026,5,21
중랑구,망우동,신내역프라디움더테라스,84.9713,31,2023,53711,0,2026,5,13
중랑구,면목동,용마한신,82.39,2,1990,40000,15,2026,5,20
중랑구,신내동,신내(10단지),39.59,6,1996,2424,5,2026,5,18
중랑구,중화동,한신아파트상가동유치원동(103~109),59.76,16,1997,37800,0,2026,5,16
중랑구,신내동,신내11대명,39.76,15,1996,2000,70,2026,5,22
중랑구,면목동,면목한신,84.92,2,1987,31500,0,2026,5,17
중랑구,묵동,신내,39.84,3,1996,2000,90,2026,5,20
중랑구,신내동,신내6대주,49.77,2,1996,17000,40,2026,5,12
중랑구,상봉동,세이지움상봉,23.9838,17,2025,9500,55,2026,5,11
중랑구,묵동,금호어울림,84.85,9,2003,10000,150,2026,5,20
중랑구,상봉동,상봉동양엔파트,38.5912,5,2024,26400,3,2026,5,27
중랑구,면목동,한양수자인사가정파크,59.9816,11,2019,20000,170,2026,5,31
중랑구,상봉동,포시티,14.855,4,2014,500,50,2026,5,30
중랑구,묵동,신안2,59.845,2,2000,46000,0,2026,5,15
중랑구,묵동,로프트원태릉입구역,14.09,6,2020,6000,35,2026,5,12
중랑구,신내동,신내6대주,49.77,12,1996,12000,100,2026,5,30
중랑구,면목동,면목한신,84.92,11,1987,37000,28,2026,5,22
중랑구,상봉동,세이지움상봉,23.9838,12,2025,8000,47,2026,5,21
중랑구,상봉동,동부아파트,54,2,1999,34000,0,2026,5,12
중랑구,신내동,신내9진흥,33.18,10,1996,18480,0,2026,5,16
중랑구,면목동,마젤란21,78.941,10,2007,54000,0,2026,5,28
중랑구,묵동,우성,50.25,4,1975,2000,80,2026,5,5
중랑구,신내동,성원,84.91,11,1994,39900,0,2026,5,23
중랑구,신내동,동성아파트,84.08,2,1997,20000,150,2026,5,28
중랑구,신내동,신내6대주,39.84,6,1996,24000,0,2026,5,26
중랑구,면목동,라온프라이빗,84.9814,18,2020,30000,180,2026,5,23
중랑구,망우동,양원금호어울림포레스트,84.7154,8,2021,24000,32,2026,5,26
중랑구,중화동,한신아파트상가동유치원동(103~109),59.76,5,1997,33540,0,2026,5,25
중랑구,신내동,신내6대주,39.84,5,1996,10000,45,2026,5,29
중랑구,망우동,한일써너스빌리젠시2단지,84.48,7,2008,9000,170,2026,5,1
중랑구,신내동,석탑,84.6,2,1997,36750,0,2026,5,30
중랑구,묵동,브라운스톤태릉,83.5358,1,2004,52500,0,2026,5,2
중랑구,묵동,위더스빌,84.98,9,2010,52500,0,2026,5,13
중랑구,중화동,범양프레체,17.94,11,2012,1000,60,2026,5,15
중랑구,신내동,신내6대주,39.84,3,1996,2000,90,2026,5,21
중랑구,신내동,중앙하이츠,84.97,2,1996,30000,0,2026,5,23
중랑구,중화동,한신아파트상가동유치원동(103~109),59.76,18,1997,40000,0,2026,5,29
중랑구,신내동,망우역신원아침도시,48.798,3,2023,36200,0,2026,5,21
중랑구,상봉동,태영데시앙1,84.9353,7,2003,52500,0,2026,5,25
중랑구,상봉동,우정아파트,110.2786,1,2002,56000,0,2026,5,28
중랑구,면목동,라온프라이빗,84.9672,14,2020,65000,0,2026,5,30
중랑구,신내동,신내9진흥,33.18,10,1996,5000,60,2026,5,25
중랑구,망우동,금호어울림(580),84.93,14,2006,15000,165,2026,5,26
중랑구,중화동,범양프레체,17.94,9,2012,1000,60,2026,5,12
중랑구,중화동,한신아파트상가동유치원동(103~109),50.37,23,1997,29190,0,2026,5,4
중랑구,신내동,성원,84.32,12,1994,55000,0,2026,5,26
중랑구,중화동,한신아파트상가동유치원동(103~109),59.76,18,1997,40000,0,2026,5,29
중랑구,면목동,면목한신,44.5,11,1987,28000,0,2026,5,30
중랑구,면목동,사가정센트럴아이파크,114.853,9,2020,45250,165,2026,5,18
중랑구,면목동,라온프라이빗,59.9803,14,2020,57750,0,2026,5,30
중랑구,면목동,면목한신,84.92,10,1987,20000,150,2026,5,30
중랑구,신내동,신내6대주,39.84,1,1996,21000,0,2026,5,11
중랑구,망우동,양원금호어울림포레스트,84.7154,15,2021,20000,43,2026,5,29
중랑구,상봉동,포시티,14.855,16,2014,1000,65,2026,5,27
중랑구,상봉동,리더스,29.57,9,2019,1000,115,2026,5,8
중랑구,상봉동,동부아파트,54,6,1999,28200,0,2026,5,11
중랑구,면목동,사가정센트럴아이파크,59.78,7,2020,60000,0,2026,5,23
중랑구,면목동,사가정센트럴아이파크,84.956,3,2020,73500,0,2026,5,28
중랑구,신내동,새한,59.57,5,1998,33500,0,2026,5,30
중랑구,망우동,중랑숲시티프라디움,55.95,1,2022,5000,147,2026,5,21
중랑구,신내동,신내11대명,49.77,7,1996,3000,100,2026,5,1
중랑구,상봉동,건영2차아파트,74.25,20,1996,39350,0,2026,5,30
중랑구,신내동,동성1,84.98,1,1993,50000,0,2026,5,28
중랑구,묵동,이편한세상화랑대,59.953,7,2017,56500,0,2026,5,30
중랑구,상봉동,포시티,14.855,9,2014,4352,45,2026,5,26
중랑구,상봉동,"엘지,쌍용아파트",68.12,8,1996,39900,0,2026,5,28
중랑구,면목동,늘푸른동아,59.65,15,2002,35000,50,2026,5,30
중랑구,상봉동,주함해븐타워,14.4,7,2015,1000,60,2026,5,2
중랑구,상봉동,동부아파트,54,6,1999,32000,0,2026,5,29
중랑구,망우동,LH서울양원1단지,14.96,12,2022,563,22,2026,5,18
중랑구,면목동,용마한신,59.22,12,1990,33000,0,2026,5,26
중랑구,신내동,진로아파트,101.86,10,1995,54000,0,2026,5,30
중랑구,중화동,한신아파트상가동유치원동(103~109),59.76,17,1997,20000,90,2026,5,30
중랑구,묵동,신내두산아파트,102.7,1,1995,62000,0,2026,5,29
중랑구,묵동,로프트원태릉입구역,14.09,5,2020,500,59,2026,5,7
중랑구,망우동,해븐타워,35.21,12,2020,24400,14,2026,5,29
중랑구,신내동,신내9진흥,39.84,14,1996,23000,0,2026,5,29
중랑구,신내동,중앙하이츠,84.97,1,1996,35000,0,2026,5,29
중랑구,신내동,새한,59.77,8,1998,26000,0,2026,5,16
중랑구,상봉동,와이센트럴시티상봉,20.06,10,2025,9100,53,2026,5,29
중랑구,상봉동,와이센트럴시티상봉,20.06,17,2025,9100,53,2026,5,29
중랑구,상봉동,프레미어스엠코,134.87,38,2013,95000,0,2026,5,29
중랑구,신내동,신내우디안1단지,39.93,10,2014,6270,30,2026,5,29
중랑구,상봉동,상봉동양엔파트,18.0282,20,2024,18000,2,2026,5,22
중랑구,상봉동,상봉동양엔파트,18.0282,18,2024,7200,45,2026,5,8
중랑구,면목동,라온프라이빗,68.1667,18,2020,30000,140,2026,5,29
중랑구,묵동,신안1,84.99,2,1999,40850,0,2026,5,23
중랑구,면목동,신영,14.43,7,2013,1000,50,2026,5,23
중랑구,신내동,신내9진흥,39.84,10,1996,2000,90,2026,5,23
중랑구,묵동,로프트원태릉입구역,14.09,9,2020,3000,49,2026,5,15
중랑구,상봉동,상봉동양엔파트,18.0282,19,2024,5400,52,2026,5,29
중랑구,신내동,신내9진흥,49.82,5,1996,30000,0,2026,5,28
중랑구,상봉동,봄작시티24,16.93,18,2023,5000,82,2026,5,21
중랑구,신내동,데시앙,59.98,9,2010,2044,37,2026,5,29
중랑구,망우동,해븐타워,30.62,16,2020,15000,55,2026,5,29
중랑구,신내동,신내11대명,49.77,9,1996,33600,0,2026,5,23
중랑구,상봉동,상봉동양엔파트,18.0282,14,2024,7200,45,2026,5,29
중랑구,신내동,신내우디안1단지,49.69,13,2014,7041,23,2026,5,29
중랑구,상봉동,"엘지,쌍용아파트",68.12,15,1996,38325,0,2026,5,29
중랑구,상봉동,"엘지,쌍용아파트",68.12,1,1996,40000,15,2026,5,27
중랑구,신내동,동성아파트,59.4,10,1997,20000,85,2026,5,22
중랑구,신내동,데시앙,84.81,9,2010,32462,0,2026,5,29
중랑구,면목동,두원,84.96,11,1998,49000,0,2026,5,28
중랑구,묵동,이편한세상화랑대,96.399,16,2017,85000,0,2026,5,18
중랑구,면목동,대원칸타빌,79.5359,8,2003,45000,8,2026,5,27
중랑구,상봉동,상봉어반뷰,15.31,14,2018,1000,60,2026,5,29
중랑구,상봉동,세이지움상봉,23.9838,21,2025,9500,55,2026,5,29
중랑구,망우동,LH서울양원1단지,44.55,16,2022,13242,16,2026,5,28
중랑구,신내동,동성1,84.98,1,1993,50000,0,2026,5,28
중랑구,상봉동,"엘지,쌍용아파트",68.12,5,1996,32550,0,2026,5,28
중랑구,묵동,이편한세상화랑대,59.953,3,2017,31395,0,2026,5,28
중랑구,상봉동,상봉동양엔파트,18.2202,4,2024,7100,30,2026,5,13
중랑구,상봉동,상봉동양엔파트,18.2202,7,2024,7200,45,2026,5,6
중랑구,면목동,사가정센트럴아이파크,84.87,10,2020,82000,0,2026,5,23
중랑구,상봉동,상봉동양엔파트,38.6354,8,2024,26400,3,2026,5,28
중랑구,신내동,신내6대주,59.76,1,1996,30000,25,2026,5,21
중랑구,면목동,사가정센트럴아이파크,59.92,10,2020,62500,0,2026,5,28
중랑구,상봉동,상봉힐스테이,16.94,3,2021,20500,0,2026,5,28
중랑구,묵동,묵동자이(2단지),101.9,29,2010,75000,0,2026,5,28
중랑구,신내동,건영2차,84.96,17,1996,47000,0,2026,5,20
중랑구,신내동,데시앙,84.81,8,2010,31689,0,2026,5,28
중랑구,상봉동,상봉동양엔파트,38.559,15,2024,25100,25,2026,5,15
중랑구,신내동,동성1,84.08,8,1993,40000,0,2026,5,1
중랑구,묵동,묵동자이(1단지),112.23,16,2010,70000,80,2026,5,27
중랑구,상봉동,건영1,84.96,6,1997,55000,0,2026,5,8
중랑구,상봉동,상봉동양엔파트,18.2202,5,2024,14300,2,2026,5,28
중랑구,신내동,우디안4단지,21.96,7,2018,5271,8,2026,5,27
중랑구,상봉동,상봉동양엔파트,38.6354,6,2024,13200,49,2026,5,27
중랑구,신내동,신내우디안1단지,84.65,10,2014,48000,0,2026,5,16
중랑구,면목동,봄작시티201,16.66,13,2022,16500,17,2026,5,27
중랑구,신내동,우디안3단지,29.84,4,2017,8936,5,2026,5,26
중랑구,신내동,신내9진흥,33.18,8,1996,1000,70,2026,5,2
중랑구,면목동,현대,84.99,17,1994,60000,0,2026,5,8
중랑구,신내동,동성1,59.4,15,1993,12000,70,2026,5,22
중랑구,상봉동,상봉동양엔파트,38.5912,4,2024,21100,21,2026,5,27
중랑구,묵동,칼튼테라스,33.7437,4,2021,9545,41,2026,5,21
중랑구,신내동,경원,55.89,3,1989,6000,80,2026,5,14
중랑구,면목동,면목한신,35.3,3,1987,1000,59,2026,5,25
중랑구,망우동,양원금호어울림포레스트,69.7799,2,2021,15000,40,2026,5,26
중랑구,망우동,금호어울림(580),84.93,14,2006,15000,165,2026,5,26
중랑구,신내동,신내(10단지),24.05,6,1996,184,4,2026,5,27
중랑구,면목동,라온프라이빗,84.9672,22,2020,30000,175,2026,5,14
중랑구,신내동,성원,84.32,12,1994,55000,0,2026,5,26
중랑구,면목동,면목한신,35.3,9,1987,1000,85,2026,5,17
중랑구,묵동,칼튼테라스,33.7437,7,2021,13363,27,2026,5,26
중랑구,묵동,칼튼테라스,33.7437,7,2021,13363,27,2026,5,26
중랑구,면목동,면목한신,35.3,14,1987,20000,0,2026,5,21
중랑구,묵동,헤르만스테이트,13.77,7,2013,600,52,2026,5,20
중랑구,면목동,형진,84.18,3,1996,30100,30,2026,5,26
중랑구,신내동,신내6대주,49.77,6,1996,37000,0,2026,5,20
중랑구,면목동,용마산모아엘가파크포레,84.9,9,2023,50000,0,2026,5,8
중랑구,망우동,중랑숲리가,59.978,7,2012,40950,0,2026,5,24
중랑구,신내동,신내11대명,49.77,6,1996,18000,55,2026,5,23
중랑구,신내동,화성.두산아파트,84.99,7,1995,43400,8,2026,5,22
중랑구,신내동,신내(10단지),24.05,11,1996,184,4,2026,5,26
중랑구,신내동,신내9진흥,39.84,6,1996,21300,0,2026,5,26
중랑구,면목동,면목루브루,48.67,5,2021,34600,0,2026,5,23
중랑구,상봉동,상봉듀오트리스,117.07,26,2016,75000,0,2026,5,22
중랑구,망우동,신내역금강펜테리움센트럴파크,84.9871,7,2021,55000,0,2026,5,22
중랑구,신내동,신내6대주,59.76,12,1996,31500,0,2026,5,25
중랑구,신내동,동성1,59.4,3,1993,31500,0,2026,5,7
중랑구,면목동,사가정센트럴아이파크,84.956,29,2020,83000,0,2026,5,26
중랑구,면목동,면목한신,44.5,2,1987,3000,100,2026,5,8
중랑구,면목동,용마산하늘채,84.7961,6,2015,58800,0,2026,5,25
중랑구,신내동,신내우디안1단지,59.6,9,2014,7044,30,2026,5,23
중랑구,묵동,신내,39.84,2,1996,1500,80,2026,5,26
중랑구,신내동,중앙하이츠,84.97,2,1996,30000,0,2026,5,23
중랑구,면목동,면목한신,44.5,8,1987,4000,69,2026,5,20
중랑구,신내동,신내9진흥,49.93,5,1996,2000,83,2026,5,8
중랑구,상봉동,세이지움상봉,23.9838,16,2025,9500,55,2026,5,13
중랑구,면목동,쌍용더플래티넘용마산,59.9676,2,2020,63000,0,2026,5,23
중랑구,중화동,한신아파트상가동유치원동(103~109),59.76,4,1997,42000,0,2026,5,23
중랑구,신내동,신내9진흥,39.84,6,1996,10000,40,2026,5,25
중랑구,상봉동,상봉동양엔파트,38.6022,10,2024,31300,4,2026,5,22
중랑구,상봉동,세이지움상봉,23.9838,10,2025,8000,47,2026,5,20
중랑구,신내동,신내9진흥,33.18,1,1996,16200,0,2026,5,2
중랑구,면목동,신성,84.98,1,1998,39900,0,2026,5,22
중랑구,상봉동,와이센트럴시티상봉,20.06,8,2025,9100,53,2026,5,22
중랑구,상봉동,상봉동양엔파트,18.0282,4,2024,14300,2,2026,5,22
중랑구,상봉동,와이센트럴시티상봉,20.06,23,2025,9100,53,2026,5,22
중랑구,묵동,로프트원태릉입구역,14.09,6,2020,6000,35,2026,5,15
중랑구,망우동,한일써너스빌리젠시1단지(101동),84.74,14,2008,10000,180,2026,5,21
중랑구,상봉동,상봉동양엔파트,18.0282,13,2024,14400,16,2026,5,22
중랑구,묵동,신내,49.77,2,1996,3000,110,2026,5,4
중랑구,신내동,신내6대주,39.84,8,1996,25000,0,2026,5,22
중랑구,상봉동,상봉어반뷰,15.31,17,2018,1000,45,2026,5,1
중랑구,면목동,현대,84.81,6,1994,43500,0,2026,5,18
중랑구,상봉동,상봉동양엔파트,38.6354,18,2024,25100,25,2026,5,22
중랑구,묵동,신내두산아파트,126.28,7,1995,64000,0,2026,5,22
중랑구,신내동,중앙하이츠,84.97,11,1996,15000,100,2026,5,7
중랑구,신내동,동성1,59.4,10,1993,31000,0,2026,5,21
중랑구,상봉동,상봉동양엔파트,18.2202,4,2024,14300,2,2026,5,22
중랑구,면목동,용마한신,44.35,8,1990,20000,40,2026,5,3
중랑구,상봉동,세이지움상봉,23.9838,22,2025,9500,55,2026,5,21
중랑구,상봉동,세이지움상봉,23.9838,15,2025,9500,55,2026,5,21
중랑구,신내동,중앙하이츠,84.97,8,1996,15000,140,2026,5,21
중랑구,면목동,신성,59.91,12,1998,33000,0,2026,5,20
중랑구,망우동,금호어울림(580),84.94,6,2006,5000,180,2026,5,21
중랑구,신내동,신내9진흥,49.93,9,1996,32000,0,2026,5,21
중랑구,신내동,경남아너스빌,84.93,3,2007,48000,0,2026,5,15
중랑구,상봉동,상봉동양엔파트,38.559,20,2024,25100,25,2026,5,21
중랑구,상봉동,상봉동양엔파트,18.0282,8,2024,7200,45,2026,5,21
중랑구,면목동,IS아파트,64.52,7,2012,30000,50,2026,5,6
중랑구,상봉동,세이지움상봉,23.9838,19,2025,4700,74,2026,5,15
중랑구,중화동,한신아파트상가동유치원동(103~109),59.76,15,1997,44000,0,2026,5,14
중랑구,상봉동,"엘지,쌍용아파트",84.67,5,1996,46000,0,2026,5,18
중랑구,망우동,해븐타워,30.62,13,2020,22800,19,2026,5,19
중랑구,신내동,신내11대명,59.76,15,1996,5000,125,2026,5,20
중랑구,신내동,신내 데시앙포레,114.54,6,2013,36233,0,2026,5,20
중랑구,신내동,대성유니트,95.89,9,2005,58000,0,2026,5,19
중랑구,상봉동,세이지움상봉,23.9838,10,2025,8000,47,2026,5,20
중랑구,묵동,신내,59.76,11,1996,32500,0,2026,5,20
중랑구,상봉동,세이지움상봉,23.9838,19,2025,9500,55,2026,5,15
중랑구,신내동,진로아파트,101.86,4,1995,48000,0,2026,5,16
중랑구,묵동,헤르만스테이트,13.77,11,2013,2000,40,2026,5,2
중랑구,상봉동,상봉동양엔파트,18.0282,4,2024,7100,30,2026,5,20
중랑구,상봉동,"엘지,쌍용아파트",68.12,4,1996,37800,0,2026,5,15
중랑구,신내동,우디안4단지,21.96,2,2018,4972,8,2026,5,20
중랑구,신내동,새한,59.57,8,1998,31100,0,2026,5,20
중랑구,망우동,(506-14),18,10,2012,1000,55,2026,5,15
중랑구,망우동,해븐타워,14.24,14,2020,12000,19,2026,5,20
중랑구,면목동,봄작시티201,16.66,8,2022,14000,14,2026,5,20
중랑구,면목동,용마한신,44.35,8,1990,20000,40,2026,5,3
중랑구,면목동,주함해븐타워원(면목동),27.4,5,2020,20000,7,2026,5,11
중랑구,상봉동,상봉베스트원,13.265,3,2019,11000,15,2026,5,14
중랑구,면목동,면목한신,27,15,1987,17000,0,2026,5,20
중랑구,면목동,면목임대,25.2,11,1991,844,0,2026,5,20
중랑구,중화동,리버센SKVIEW롯데캐슬,84.99,11,2025,60000,0,2026,5,19
중랑구,망우동,중랑숲시티프라디움,55.8,3,2022,51000,0,2026,5,20
중랑구,신내동,진로아파트,101.86,1,1995,58000,0,2026,5,19
중랑구,신내동,신내6대주,39.84,7,1996,23000,0,2026,5,16
중랑구,신내동,신내 데시앙포레,49.77,13,2013,3259,37,2026,5,19
중랑구,면목동,두산4,84.86,3,2000,41013,0,2026,5,15
중랑구,상봉동,세이지움상봉,23.9838,7,2025,9500,55,2026,5,11
중랑구,상봉동,상봉어반뷰,13.26,6,2018,1000,60,2026,5,19
중랑구,상봉동,상봉동양엔파트,18.2202,6,2024,14300,2,2026,5,19
중랑구,면목동,쌍용더플래티넘용마산,59.9676,12,2020,60000,0,2026,5,16
중랑구,상봉동,상봉동양엔파트,18.2202,14,2024,7200,45,2026,5,12
중랑구,면목동,용마동아,84.87,5,1993,50000,0,2026,5,17
중랑구,묵동,이편한세상화랑대,59.953,2,2017,31395,0,2026,5,19
중랑구,신내동,동성1,59.4,12,1993,33000,0,2026,5,14
중랑구,면목동,용마금호타운,84.9,4,1992,20000,130,2026,5,9
중랑구,면목동,두산4,84.87,17,2000,46000,0,2026,5,4
중랑구,신내동,신내(10단지),39.59,3,1996,1103,12,2026,5,19
중랑구,신내동,신내(10단지),39.59,1,1996,1103,12,2026,5,19
중랑구,중화동,한신아파트상가동유치원동(103~109),59.76,15,1997,44000,0,2026,5,11
중랑구,신내동,신내9진흥,49.93,1,1996,10000,70,2026,5,11
중랑구,신내동,중앙하이츠,84.97,12,1996,5000,126,2026,5,19
중랑구,신내동,신내9진흥,49.93,3,1996,29000,0,2026,5,6
중랑구,상봉동,상봉어반뷰,15.31,15,2018,1000,58,2026,5,15
중랑구,망우동,경남,52.71,2,1989,24000,0,2026,5,16
중랑구,신내동,신내(10단지),39.59,6,1996,1103,12,2026,5,18
중랑구,신내동,동성1,125.48,8,1993,50000,80,2026,5,18
중랑구,묵동,현대아이파크,84.9416,5,2002,35000,80,2026,5,16
중랑구,망우동,금호어울림(580),115.28,4,2006,20000,120,2026,5,17
중랑구,신내동,망우역신원아침도시,49.668,9,2023,42000,0,2026,5,17
중랑구,상봉동,와이센트럴시티상봉,34.52,4,2025,9400,82,2026,5,18
중랑구,신내동,새한,84.4,22,1998,46000,0,2026,5,16
중랑구,면목동,면목루브루,51.85,2,2021,38000,0,2026,5,18
중랑구,신내동,신내우디안1단지,84.65,15,2014,49350,0,2026,5,16
중랑구,면목동,면목한신,45.44,2,1987,26000,0,2026,5,18
중랑구,면목동,용마산모아엘가파크포레,59.5,2,2023,40000,0,2026,5,16
중랑구,신내동,새한,84.4,22,1998,46000,0,2026,5,16
중랑구,면목동,늘푸른동아,84.97,6,2002,47700,0,2026,5,18
중랑구,상봉동,상봉동양엔파트,18.0282,14,2024,18000,2,2026,5,18
중랑구,신내동,데시앙,114.48,13,2010,45864,0,2026,5,18
중랑구,상봉동,상봉동양엔파트,18.0282,5,2024,14300,2,2026,5,18
중랑구,신내동,동성1,84.08,6,1993,50000,0,2026,5,1
중랑구,신내동,동성3,59.4,12,1997,31000,0,2026,5,8
중랑구,면목동,면목한신,44.5,9,1987,29000,0,2026,5,12
중랑구,면목동,사가정센트럴아이파크,59.78,27,2020,30000,120,2026,5,16
중랑구,신내동,신내우디안1단지,59.49,21,2014,42000,0,2026,5,16
중랑구,면목동,면목한신,27,3,1987,1000,58,2026,5,4
중랑구,묵동,한국,59.64,16,1999,40000,0,2026,5,15
중랑구,면목동,면목한신,84.92,1,1987,42000,0,2026,5,15
중랑구,상봉동,"엘지,쌍용아파트",68.12,14,1996,30000,60,2026,5,16
중랑구,묵동,금호어울림,101.97,7,2003,62000,0,2026,5,16
중랑구,망우동,중랑숲리가,84.961,2,2012,10000,107,2026,5,16
중랑구,신내동,데시앙,84.99,9,2010,32462,0,2026,5,17
중랑구,신내동,데시앙,84.99,9,2010,32462,0,2026,5,15
중랑구,중화동,한신아파트상가동유치원동(103~109),84.03,3,1997,10000,150,2026,5,2
중랑구,신내동,데시앙,84.99,5,2010,32462,0,2026,5,15
중랑구,신내동,데시앙,84.99,7,2010,32462,0,2026,5,15
중랑구,신내동,데시앙,84.99,4,2010,32462,0,2026,5,15
중랑구,상봉동,와이센트럴시티상봉,30.09,11,2025,12400,46,2026,5,15
중랑구,상봉동,건영캐스빌,84.6475,10,2006,55000,0,2026,5,15
중랑구,묵동,(174-26),27.66,5,2016,17000,0,2026,5,13
중랑구,신내동,데시앙,84.3,12,2010,31689,0,2026,5,15
중랑구,신내동,경남아너스빌,84.98,13,2007,58000,0,2026,5,15
중랑구,신내동,데시앙,59.99,5,2010,13856,0,2026,5,15
중랑구,신내동,중앙하이츠,84.97,8,1996,20000,55,2026,5,8
중랑구,신내동,데시앙,59.99,8,2010,15241,0,2026,5,15
중랑구,중화동,한신아파트상가동유치원동(103~109),84.03,1,1997,44100,0,2026,5,15
중랑구,신내동,데시앙,59.7,13,2010,8457,14,2026,5,15
중랑구,신내동,신내 데시앙포레,49.69,8,2013,4859,34,2026,5,15
중랑구,신내동,데시앙,59.99,6,2010,5080,33,2026,5,15
중랑구,신내동,데시앙,84.99,9,2010,32462,0,2026,5,15
중랑구,신내동,데시앙,84.81,7,2010,31689,0,2026,5,15
중랑구,신내동,데시앙,59.98,12,2010,2285,40,2026,5,15
중랑구,면목동,용마한신,35.44,4,1990,4000,75,2026,5,13
중랑구,묵동,신내,49.77,10,1996,32000,0,2026,5,15
중랑구,상봉동,프레미어스엠코,79.73,25,2013,20000,200,2026,5,14
중랑구,신내동,데시앙,84.45,2,2010,20000,100,2026,5,13
중랑구,신내동,데시앙,59.7,8,2010,5080,33,2026,5,15
중랑구,상봉동,세이지움상봉,23.9838,18,2025,9500,55,2026,5,13
중랑구,상봉동,상봉동양엔파트,18.0282,9,2024,14400,16,2026,5,15
중랑구,상봉동,세이지움상봉,23.9838,8,2025,9500,55,2026,5,4
중랑구,신내동,신내11대명,39.76,10,1996,24500,0,2026,5,14
중랑구,신내동,새한,84.4,4,1998,45000,0,2026,5,14
중랑구,묵동,공감대,59.959,12,2005,10000,150,2026,5,1
중랑구,상봉동,상봉동양엔파트,18.0282,18,2024,14400,16,2026,5,11
중랑구,중화동,한신아파트상가동유치원동(103~109),50.37,25,1997,43000,0,2026,5,14
중랑구,신내동,신내 데시앙포레,59.56,1,2013,5854,39,2026,5,13
중랑구,망우동,중랑숲시티프라디움,55.8,14,2022,55000,0,2026,5,13
중랑구,면목동,현대,84.81,4,1994,48000,0,2026,5,13
중랑구,상봉동,상봉동양엔파트,18.0282,14,2024,7200,45,2026,5,4
중랑구,상봉동,와이센트럴시티상봉,30.01,15,2025,11800,66,2026,5,13
중랑구,망우동,해븐타워,19.08,4,2020,14700,12,2026,5,13
중랑구,상봉동,우정아파트,81.783,22,2002,5000,150,2026,5,11
중랑구,상봉동,상봉동양엔파트,38.5912,9,2024,15700,56,2026,5,13
중랑구,면목동,면목동금호어울림아파트,84.0827,15,2005,55000,0,2026,5,13
중랑구,상봉동,상봉동양엔파트,18.2202,15,2024,18000,2,2026,5,13
중랑구,망우동,EGSoulLeader,13.55,13,2012,500,55,2026,5,13
중랑구,상봉동,상봉동양엔파트,18.2202,11,2024,7200,45,2026,5,13
중랑구,묵동,이편한세상화랑대,75.914,6,2017,67000,0,2026,5,11
중랑구,상봉동,상봉동양엔파트,18.0282,17,2024,14400,16,2026,5,13
중랑구,상봉동,상봉동양엔파트,18.2202,10,2024,14400,16,2026,5,13
중랑구,망우동,중랑숲리가,59.978,2,2012,18875,31,2026,5,8
중랑구,면목동,신영,14.43,4,2013,100,50,2026,5,1
중랑구,망우동,금호어울림(580),84.94,5,2006,34650,0,2026,5,13
중랑구,상봉동,상봉동양엔파트,18.2202,5,2024,7100,30,2026,5,13
중랑구,상봉동,상봉동양엔파트,18.0282,8,2024,18000,2,2026,5,13
중랑구,신내동,신내6대주,59.76,7,1996,5000,105,2026,5,12
중랑구,상봉동,레그노시티,26.908,14,2020,24000,30,2026,5,9
중랑구,신내동,동성타워프라자,59.01,15,1996,32000,15,2026,5,11
중랑구,묵동,이편한세상화랑대,84.956,14,2017,65500,0,2026,5,9
중랑구,신내동,신내우디안1단지,49.64,11,2014,4944,35,2026,5,12
중랑구,신내동,신내우디안1단지,84.65,12,2014,30820,0,2026,5,12
중랑구,신내동,신내우디안1단지,39.93,11,2014,1430,31,2026,5,12
중랑구,상봉동,태영데시앙1,84.9353,7,2003,300,50,2026,5,4
중랑구,상봉동,상봉동양엔파트,18.2202,12,2024,18000,2,2026,5,12
중랑구,면목동,진로,59.76,9,2001,7000,70,2026,5,11
중랑구,상봉동,상봉동양엔파트,18.2202,20,2024,14400,16,2026,5,12
중랑구,망우동,해븐타워,25.64,16,2020,18000,4,2026,5,12
중랑구,신내동,신내6대주,59.76,4,1996,45000,0,2026,5,12
중랑구,상봉동,상봉동양엔파트,18.2202,9,2024,5400,52,2026,5,12
중랑구,상봉동,상봉동양엔파트,18.0282,19,2024,14400,16,2026,5,12
중랑구,상봉동,역세권청년주택,17.75,7,2021,5300,42,2026,5,8
중랑구,신내동,우디안4단지,31.85,7,2018,8712,5,2026,5,12
중랑구,묵동,고덕골든빌(103동),84.21,10,2012,14000,110,2026,5,11
중랑구,신내동,우디안3단지,29.71,2,2017,7936,12,2026,5,11
중랑구,신내동,신내6대주,59.76,5,1996,38000,0,2026,5,9
중랑구,상봉동,와이센트럴시티상봉,34.52,10,2025,15700,58,2026,5,11
중랑구,신내동,신내9진흥,49.82,1,1996,27300,0,2026,5,9
중랑구,망우동,해븐타워,22.74,6,2020,15500,15,2026,5,11
중랑구,신내동,성원,84.32,8,1994,55000,0,2026,5,9
중랑구,상봉동,상봉동양엔파트,18.0282,15,2024,5400,52,2026,5,11
중랑구,상봉동,세이지움상봉,23.9838,22,2025,7100,65,2026,5,11
중랑구,중화동,한신아파트상가동유치원동(103~109),50.37,12,1997,7000,60,2026,5,7
중랑구,신내동,동성3,59.4,12,1997,31000,0,2026,5,8
중랑구,상봉동,상봉동양엔파트,18.0282,15,2024,14400,16,2026,5,11
중랑구,망우동,해븐타워,14.24,6,2020,12000,13,2026,5,7
중랑구,상봉동,건영2차아파트,84.96,20,1996,7000,140,2026,5,7
중랑구,면목동,두산2,134.2,18,1995,30000,76,2026,5,9
중랑구,상봉동,상봉힐스테이,14.75,13,2021,20900,0,2026,5,8
중랑구,신내동,우디안4단지,21.96,6,2018,4972,8,2026,5,11
중랑구,면목동,면목한신,27,3,1987,1000,63,2026,5,5
중랑구,묵동,칼튼테라스,33.7437,5,2021,9545,42,2026,5,11
중랑구,중화동,범양프레체,17.94,8,2012,10500,10,2026,5,8
중랑구,묵동,신안3,59.86,2,2000,35000,0,2026,5,8
중랑구,중화동,한신아파트상가동유치원동(103~109),50.37,9,1997,40000,0,2026,5,9
중랑구,신내동,신내우디안1단지,59.6,16,2014,5606,38,2026,5,11
중랑구,신내동,라이프미성,59.6,7,1992,4000,120,2026,5,9
중랑구,망우동,금호어울림(580),84.93,10,2006,25000,80,2026,5,8
중랑구,신내동,우디안4단지,31.85,1,2018,3045,27,2026,5,11
중랑구,면목동,라온프라이빗,59.9841,8,2020,47250,0,2026,5,7
중랑구,신내동,신내글로리움,44.68,17,2019,11312,17,2026,5,10
중랑구,상봉동,솔렌시아3(85-1),49.84,9,2018,29000,0,2026,5,9
중랑구,면목동,한양수자인사가정파크,74.9394,6,2019,70000,0,2026,5,9
중랑구,면목동,한양수자인사가정파크,23.1074,2,2019,23000,0,2026,5,10
중랑구,상봉동,와이센트럴시티상봉,34.52,10,2025,15700,58,2026,5,8
중랑구,면목동,용마산하늘채,84.7054,3,2015,60000,0,2026,5,1
중랑구,상봉동,문수해오름,80.97,8,2003,41000,0,2026,5,8
중랑구,면목동,면목삼익아파트,84.99,15,1997,21000,95,2026,5,8
중랑구,신내동,신내9진흥,39.84,15,1996,5000,80,2026,5,8
중랑구,상봉동,상봉동양엔파트,18.0282,5,2024,14300,2,2026,5,8
중랑구,신내동,신내우디안1단지,84.82,4,2014,44000,0,2026,5,7
중랑구,상봉동,와이센트럴시티상봉,30.09,17,2025,12400,46,2026,5,8
중랑구,면목동,주함해븐타워원(면목동),16.6,6,2020,12000,23,2026,5,8
중랑구,상봉동,세이지움상봉,23.9838,15,2025,9500,55,2026,5,7
중랑구,신내동,신내9진흥,39.84,10,1996,27000,0,2026,5,7
중랑구,신내동,신내 데시앙포레,49.69,8,2013,2052,39,2026,5,7
중랑구,면목동,두산4,84.87,1,2000,55000,0,2026,5,7
중랑구,신내동,신내글로리움,44.68,10,2019,13220,17,2026,5,7
중랑구,망우동,신내역힐데스하임참좋은아파트,84.8456,6,2021,49000,0,2026,5,2
중랑구,상봉동,상봉동양엔파트,18.0282,13,2024,7200,45,2026,5,6
중랑구,묵동,칼튼테라스,16.8132,4,2021,4140,30,2026,5,6
중랑구,상봉동,상봉동양엔파트,18.2202,5,2024,14300,2,2026,5,6
중랑구,면목동,현대휴온,35.5,6,2013,18000,30,2026,5,5
중랑구,상봉동,상봉동양엔파트,18.0282,15,2024,14400,16,2026,5,6
중랑구,면목동,신영,18.12,7,2013,1000,53,2026,5,5
중랑구,중화동,한신아파트상가동유치원동(103~109),59.76,23,1997,35000,35,2026,5,1
중랑구,신내동,신내9진흥,33.18,10,1996,23000,0,2026,5,5
중랑구,신내동,벽산,59.783,9,2000,38000,0,2026,5,5
중랑구,망우동,LH서울양원1단지,33.95,1,2022,4709,8,2026,5,1
중랑구,상봉동,상봉동양엔파트,18.0282,4,2024,14300,2,2026,5,4
중랑구,망우동,신내역힐데스하임참좋은아파트,84.8456,11,2021,60000,0,2026,5,2
중랑구,망우동,신원,59.62,17,1999,33000,0,2026,5,1
중랑구,중화동,한신아파트상가동유치원동(103~109),59.76,1,1997,42000,0,2026,5,4
중랑구,면목동,면목삼호101,83.08,8,2000,55000,0,2026,5,4
중랑구,망우동,해븐타워,14.24,12,2020,12000,21,2026,5,4
중랑구,망우동,(506-14),18,12,2012,5000,30,2026,5,4
중랑구,망우동,월드102,78.75,8,2003,40000,0,2026,5,4
중랑구,신내동,우디안4단지,21.96,6,2018,1944,18,2026,5,4
중랑구,상봉동,와이센트럴시티상봉,34.52,15,2025,15700,58,2026,5,4
중랑구,신내동,성원,84.32,8,1994,10000,160,2026,5,4
중랑구,면목동,면목동금호어울림아파트,84.8726,7,2005,45000,0,2026,5,4
중랑구,묵동,SM해그린,84.32,1,2006,46000,0,2026,5,1
중랑구,신내동,신내9진흥,49.93,15,1996,30000,0,2026,5,1
중랑구,상봉동,상봉베스트원,12.95,9,2019,5000,30,2026,5,1
중랑구,중화동,한신아파트상가동유치원동(103~109),50.37,24,1997,10000,75,2026,5,2
중랑구,상봉동,상봉동양엔파트,18.2202,19,2024,7200,45,2026,5,4
성북구,길음동,길음역롯데캐슬트윈골드,59.54,16,2024,63000,0,2026,5,30
성북구,하월곡동,월곡래미안루나밸리,59.98,3,2007,55000,0,2026,5,30
성북구,돈암동,범양,114.93,2,1998,50000,0,2026,5,29
성북구,길음동,길음뉴타운1단지(래미안길음1차),59.99,20,2003,50000,0,2026,5,30
성북구,종암동,아이파크종암동1차,59.73,17,2004,47000,0,2026,5,8
성북구,하월곡동,동신,59.88,11,1998,34650,0,2026,5,27
성북구,하월곡동,래미안월곡,84.589,1,2006,65000,0,2026,5,6
성북구,길음동,래미안길음센터피스,59.97,8,2019,30000,150,2026,5,23
성북구,길음동,래미안길음센터피스,59.99,13,2019,60000,0,2026,5,8
성북구,석관동,래미안아트리치,84.98,17,2019,66150,0,2026,5,12
성북구,동소문동6가,보미리즌빌,14.18,10,2012,1000,83,2026,5,11
성북구,장위동,꿈의숲아이파크,59.1,6,2022,55650,0,2026,5,16
성북구,석관동,코오롱,114.84,15,1999,63000,0,2026,5,10
성북구,길음동,롯데캐슬클라시아,59.7812,4,2022,75000,0,2026,5,1
성북구,하월곡동,월곡두산위브,84.843,20,2003,40000,100,2026,5,25
성북구,장위동,장위자이레디언트(2단지),49.98,7,2025,6830,10,2026,5,19
성북구,정릉동,정릉풍림아이원,59.88,4,2005,33500,0,2026,5,11
성북구,돈암동,범양,59.79,12,1998,5000,115,2026,5,21
성북구,길음동,길음뉴타운8단지(래미안),114.99,14,2010,100000,0,2026,5,26
성북구,정릉동,정릉e-편한세상,59.77,1,2006,43000,0,2026,5,2
성북구,하월곡동,월곡래미안루나밸리,114.93,11,2007,52500,53,2026,5,12
성북구,돈암동,한진(609-1),59.58,12,1998,10000,120,2026,5,26
성북구,석관동,장위아트포레,15.64,13,2025,1000,80,2026,5,6
성북구,길음동,길음뉴타운1단지(래미안길음1차),84.96,11,2003,47500,30,2026,5,30
성북구,길음동,롯데캐슬클라시아,84.7694,34,2022,15000,370,2026,5,20
성북구,길음동,롯데캐슬클라시아,84.9757,2,2022,78700,0,2026,5,3
성북구,돈암동,범양,59.79,6,1998,5000,155,2026,5,16
성북구,돈암동,한진(609-1),59.58,6,1998,20000,90,2026,5,25
성북구,길음동,길음뉴타운1단지(래미안길음1차),84.96,11,2003,47500,30,2026,5,30
성북구,동소문동7가,한신플러스C,59.91,20,2004,5000,158,2026,5,27
성북구,장위동,H하우스장위,18.3902,7,2020,7700,15,2026,5,19
성북구,하월곡동,길음서희스타힐스,84.96,15,2011,51000,0,2026,5,18
성북구,정릉동,정릉힐스테이트,84.92,5,2004,52500,0,2026,5,31
성북구,종암동,래미안라센트,84.99,4,2011,68000,0,2026,5,23
성북구,종암동,래미안세레니티,84.98,14,2009,20000,160,2026,5,13
성북구,돈암동,돈암현대아파트,41.58,3,1991,1000,74,2026,5,28
성북구,길음동,길음뉴타운4단지(e편한세상),114.88,5,2005,72000,0,2026,5,7
성북구,안암동3가,대광,54.45,1,1971,1500,55,2026,5,28
성북구,석관동,래미안아트리치,59.98,5,2019,64000,0,2026,5,23
성북구,정릉동,정릉2차e-편한세상,84.09,12,2009,65000,0,2026,5,1
성북구,돈암동,한신,68.13,5,1998,40000,30,2026,5,27
성북구,하월곡동,삼전솔하임3차,15.55,8,2013,1000,63,2026,5,15
성북구,삼선동2가,삼선푸르지오,84.83,6,2008,62000,0,2026,5,3
성북구,길음동,길음뉴타운8단지(래미안),59.99,5,2010,68000,0,2026,5,27
성북구,장위동,석계역한일노벨리아시티,14.7145,11,2019,3000,50,2026,5,19
성북구,돈암동,돈암코오롱하늘채,84.869,10,2016,85000,0,2026,5,28
성북구,하월곡동,래미안월곡,114.678,17,2006,100,200,2026,5,24
성북구,길음동,길음뉴타운2단지푸르지오,59.77,13,2005,53500,0,2026,5,16
성북구,돈암동,돈암동삼성,59.4,14,1999,44000,0,2026,5,23
성북구,하월곡동,래미안월곡,114.678,10,2006,63000,30,2026,5,29
성북구,장위동,래미안포레카운티,59.92,21,2021,60000,0,2026,5,21
성북구,길음동,길음뉴타운9단지(래미안),84.96,8,2010,20000,280,2026,5,23
성북구,하월곡동,동신,59.88,2,1998,42000,0,2026,5,29
성북구,종암동,아이파크종암동1차,59.73,15,2004,55000,0,2026,5,23
성북구,동소문동5가,돈암동일하이빌,84.958,14,2006,20000,240,2026,5,23
성북구,보문동4가,보문하우스토리,59.754,10,2011,45000,50,2026,5,30
성북구,하월곡동,꿈의숲푸르지오,59.65,8,2010,55000,0,2026,5,16
성북구,길음동,길음뉴타운5단지(래미안),84.96,11,2006,60000,0,2026,5,17
성북구,돈암동,한진(609-1),84.87,9,1998,56700,0,2026,5,16
성북구,돈암동,돈암동해피트리,84.98,2,2013,57750,0,2026,5,23
성북구,정릉동,정릉2차e-편한세상,84.4,5,2009,30000,160,2026,5,22
성북구,안암동3가,대광,54.45,1,1971,1500,55,2026,5,28
성북구,상월곡동,동아에코빌,84.97,2,2003,51900,0,2026,5,14
성북구,하월곡동,꿈의숲푸르지오,59.65,7,2010,37000,33,2026,5,20
성북구,돈암동,한신,132.96,8,1998,20000,260,2026,5,19
성북구,석관동,장위아트포레,22.19,10,2025,3000,120,2026,5,17
성북구,정릉동,쌍용2,59.9,12,1999,38850,0,2026,5,23
성북구,하월곡동,광남캐스빌,84.78,15,2008,36750,0,2026,5,23
성북구,하월곡동,월곡래미안루나밸리,84.88,10,2007,61000,0,2026,5,28
성북구,정릉동,중앙하이츠빌1단지,84.98,6,2004,5000,158,2026,5,15
성북구,돈암동,성일우리미,84.95,5,2004,2000,162,2026,5,12
성북구,길음동,길음뉴타운5단지(래미안),84.96,13,2006,85000,0,2026,5,20
성북구,길음동,길음역롯데캐슬트윈골드,59.87,23,2024,74000,0,2026,5,24
성북구,상월곡동,한솔,68.57,5,2003,5000,150,2026,5,30
성북구,길음동,길음역롯데캐슬트윈골드,84.69,24,2024,10000,317,2026,5,6
성북구,길음동,삼부컨비니언,59.94,3,1998,40950,0,2026,5,16
성북구,정릉동,정릉힐스테이트,84.92,20,2004,43000,0,2026,5,18
성북구,장위동,꿈의숲아이파크,84.48,21,2022,68500,0,2026,5,29
성북구,동소문동7가,한신플러스C,59.91,10,2004,5000,180,2026,5,27
성북구,돈암동,범양,59.79,16,1998,48000,0,2026,5,29
성북구,돈암동,돈암동삼성,84.59,23,1999,7000,190,2026,5,13
성북구,하월곡동,성북힐스테이트(101동),84.69,9,2007,5000,189,2026,5,13
성북구,동소문동7가,한신플러스C,59.91,11,2004,5000,130,2026,5,24
성북구,길음동,길음뉴타운1단지(래미안길음1차),59.99,17,2003,65000,0,2026,5,23
성북구,돈암동,범양,59.79,1,1998,5000,145,2026,5,15
성북구,길음동,길음역롯데캐슬트윈골드,59.87,12,2024,10000,200,2026,5,16
성북구,정릉동,정릉푸르지오,59.98,10,2005,45000,0,2026,5,21
성북구,종암동,래미안세레니티,84.99,18,2009,57700,0,2026,5,1
성북구,길음동,롯데캐슬클라시아,59.8826,11,2022,66000,0,2026,5,27
성북구,길음동,길음뉴타운8단지(래미안),59.99,5,2010,32000,100,2026,5,6
성북구,하월곡동,동일하이빌뉴시티,126.6,23,2011,81000,0,2026,5,7
성북구,길음동,길음뉴타운6단지(래미안),59.373,18,2007,52000,0,2026,5,23
성북구,돈암동,한진(609-1),132.96,16,1998,80000,0,2026,5,29
성북구,보문동6가,보문파크뷰자이,45.81,7,2017,30000,105,2026,5,23
성북구,하월곡동,래미안월곡,59.754,11,2006,5000,185,2026,5,28
성북구,안암동3가,대광,54.88,5,1971,5000,40,2026,5,16
성북구,장위동,래미안장위퍼스트하이,84.94,24,2020,65100,0,2026,5,29
성북구,동소문동6가,시티플레이스,14.01,17,2015,1000,75,2026,5,27
성북구,석관동,두산,59.97,13,1998,20000,85,2026,5,11
성북구,석관동,래미안아트리치,39.01,8,2019,5125,8,2026,5,13
성북구,하월곡동,월곡래미안루나밸리,59.98,9,2007,52000,0,2026,5,8
성북구,길음동,길음역롯데캐슬트윈골드,59.87,19,2024,59850,0,2026,5,23
성북구,길음동,길음뉴타운4단지(e편한세상),114.88,2,2005,73500,0,2026,5,12
성북구,정릉동,정릉푸른마을동아,84.96,8,2003,13000,76,2026,5,23
성북구,길음동,롯데캐슬클라시아,59.8745,5,2022,63000,0,2026,5,2
성북구,하월곡동,꿈의숲푸르지오,84.73,12,2010,3500,160,2026,5,29
성북구,삼선동2가,삼선푸르지오,84.83,2,2008,10000,250,2026,5,11
성북구,상월곡동,동아에코빌,114.66,8,2003,50000,0,2026,5,21
성북구,정릉동,정릉스카이쌍용아파트,59.9,16,1999,35700,0,2026,5,26
성북구,상월곡동,동아에코빌,84.97,2,2003,45500,0,2026,5,21
성북구,정릉동,정릉우성아파트 101~105동,84.96,2,2000,50000,0,2026,5,8
성북구,상월곡동,동아에코빌,59.95,9,2003,5000,150,2026,5,30
성북구,안암동3가,대광,42.61,6,1971,13000,0,2026,5,28
성북구,길음동,래미안길음센터피스,33.46,17,2019,710,14,2026,5,12
성북구,돈암동,한진(609-1),59.58,15,1998,36750,0,2026,5,12
성북구,길음동,길음뉴타운2단지푸르지오,84.97,3,2005,10000,165,2026,5,23
성북구,길음동,길음뉴타운8단지(래미안),59.99,2,2010,38000,60,2026,5,25
성북구,종암동,래미안라센트,84.99,22,2011,79700,0,2026,5,30
성북구,장위동,꿈의숲코오롱하늘채,84.71,7,2017,57000,0,2026,5,2
성북구,길음동,길음역롯데캐슬트윈골드,59.36,28,2024,63000,0,2026,5,26
성북구,돈암동,이수브라운스톤돈암,59.99,3,2004,56000,0,2026,5,16
성북구,종암동,래미안크리시엘,59.99,15,2004,5000,145,2026,5,30
성북구,길음동,길음현대,32.98,2,2000,38000,0,2026,5,30
성북구,안암동1가,안암동삼성래미안,84.8681,15,2005,64000,0,2026,5,4
성북구,길음동,길음뉴타운1단지(래미안길음1차),59.99,20,2003,50000,0,2026,5,30
성북구,석관동,두산,59.97,17,1998,3000,137,2026,5,23
성북구,정릉동,정릉푸르지오,59.98,5,2005,500,45,2026,5,26
성북구,하월곡동,동신,59.88,11,1998,34650,0,2026,5,27
성북구,돈암동,범양,114.93,2,1998,50000,0,2026,5,29
성북구,정릉동,피오레,104.65,8,2004,53000,0,2026,5,30
성북구,석관동,중앙하이츠,59.79,5,1994,31500,7,2026,5,17
성북구,돈암동,한진(609-1),113.67,8,1998,66150,0,2026,5,30
성북구,장위동,꿈의숲아이파크,59.1,12,2022,25000,180,2026,5,11
성북구,길음동,길음뉴타운2단지푸르지오,84.97,13,2005,70000,0,2026,5,29
성북구,장위동,래미안포레카운티,59.92,15,2021,59000,0,2026,5,30
성북구,돈암동,돈암현대아파트,41.58,8,1991,20000,40,2026,5,30
성북구,길음동,길음뉴타운6단지(래미안),59.373,5,2007,20000,160,2026,5,16
성북구,길음동,길음뉴타운신안파크아파트,68.14,12,1988,26000,35,2026,5,30
성북구,길음동,길음현대,59.98,7,2000,47000,0,2026,5,29
성북구,정릉동,정릉푸른마을동아,59.4,8,2003,34500,0,2026,5,13
성북구,하월곡동,꿈의숲푸르지오,59.65,7,2010,23000,65,2026,5,10
성북구,석관동,두산,59.97,7,1998,40900,0,2026,5,30
성북구,장위동,장위지웰에스테이트,39.975,10,2022,34000,0,2026,5,30
성북구,정릉동,정릉풍림아이원,84.09,4,2005,33500,0,2026,5,31
성북구,하월곡동,아남,84.69,19,1996,43000,0,2026,5,7
성북구,장위동,래미안장위퍼스트하이,59.99,15,2020,52000,0,2026,5,30
성북구,길음동,길음뉴타운3단지푸르지오,84.97,8,2005,51500,0,2026,5,28
성북구,보문동1가,보문리슈빌하우트,59.7918,5,2022,65000,0,2026,5,30
성북구,보문동6가,보문파크뷰자이,84.99,8,2017,55650,0,2026,5,21
성북구,석관동,두산,164.92,21,1998,20000,240,2026,5,16
성북구,하월곡동,월곡래미안루나밸리,59.98,23,2007,49000,0,2026,5,30
성북구,길음동,삼부컨비니언,59.94,3,1998,41500,0,2026,5,29
성북구,종암동,종암에스케이,114.75,11,1999,63000,0,2026,5,15
성북구,장위동,래미안포레카운티,59.92,9,2021,66000,0,2026,5,15
성북구,길음동,롯데캐슬클라시아,59.8826,24,2022,50000,80,2026,5,27
성북구,장위동,삼익아파트,79.91,3,2006,48000,0,2026,5,18
성북구,하월곡동,꿈의숲푸르지오,84.73,7,2010,25000,130,2026,5,20
성북구,길음동,길음뉴타운6단지(래미안),59.373,9,2007,42000,120,2026,5,23
성북구,석관동,장위아트포레,31.99,7,2025,5000,125,2026,5,16
성북구,삼선동4가,코오롱,59.94,6,1999,20000,105,2026,5,28
성북구,길음동,삼부컨비니언,59.94,9,1998,39900,0,2026,5,28
성북구,정릉동,정릉힐스테이트3차,59.98,2,2008,44000,0,2026,5,29
성북구,정릉동,정릉힐스테이트3차,59.98,5,2008,44100,0,2026,5,27
성북구,정릉동,정릉우성아파트 101~105동,46.65,1,2000,20000,50,2026,5,17
성북구,상월곡동,동아에코빌,59.95,11,2003,29000,30,2026,5,29
성북구,길음동,길음뉴타운8단지(래미안),114.99,14,2010,100000,0,2026,5,26
성북구,보문동3가,현대I-PARK,59.49,7,2003,20000,100,2026,5,29
성북구,정릉동,길음뉴타운경남아너스빌,59.59,21,1999,32000,50,2026,5,23
성북구,길음동,길음역롯데캐슬트윈골드,59.87,29,2024,63000,0,2026,5,28
성북구,장위동,래미안장위퍼스트하이,36.14,14,2020,9173,25,2026,5,28
성북구,보문동6가,보문파크뷰자이,45.81,4,2017,40000,0,2026,5,28
성북구,하월곡동,꿈의숲푸르지오,59.65,11,2010,10000,95,2026,5,14
성북구,길음동,길음뉴타운9단지(래미안),84.96,19,2010,75000,0,2026,5,29
성북구,돈암동,돈암동삼성,84.59,15,1999,62000,0,2026,5,28
성북구,길음동,삼부컨비니언,59.94,13,1998,48000,0,2026,5,19
성북구,돈암동,돈암동삼성,84.59,8,1999,10000,200,2026,5,28
성북구,길음동,길음동동부센트레빌(1278-0),114.912,19,2003,74000,0,2026,5,23
성북구,하월곡동,월곡두산위브,59.855,9,2003,15000,170,2026,5,28
성북구,장위동,석계역한일노벨리아시티,15.2144,7,2019,1000,70,2026,5,14
성북구,종암동,래미안크리시엘,59.99,15,2004,4000,190,2026,5,28
성북구,종암동,래미안크리시엘,114.98,6,2004,70000,0,2026,5,28
성북구,삼선동2가,삼선푸르지오,59.95,8,2008,47250,0,2026,5,23
성북구,길음동,길음뉴타운8단지(래미안),59.99,10,2010,50000,60,2026,5,28
성북구,하월곡동,래미안월곡,84.589,1,2006,65000,0,2026,5,6
성북구,길음동,길음뉴타운8단지(래미안),114.98,21,2010,55000,170,2026,5,16
성북구,길음동,삼부컨비니언,59.94,15,1998,44000,0,2026,5,19
성북구,돈암동,돈암동더샵아파트,84.817,5,2006,50000,0,2026,5,18
성북구,장위동,장위자이레디언트(2단지),49.98,6,2025,14560,56,2026,5,28
성북구,하월곡동,꿈의숲푸르지오,84.73,11,2010,47000,0,2026,5,28
성북구,정릉동,대우,43.11,8,2001,3000,80,2026,5,15
성북구,안암동3가,대광,51.93,3,1971,4000,30,2026,5,25
성북구,길음동,길음뉴타운8단지(래미안),84.82,2,2010,15000,260,2026,5,27
성북구,길음동,길음뉴타운8단지(래미안),84.82,2,2010,15000,260,2026,5,27
성북구,석관동,신동아파밀리에,115.43,2,2011,67000,0,2026,5,27
성북구,하월곡동,월곡두산위브,84.843,5,2003,57000,0,2026,5,27
성북구,종암동,극동,59.67,1,2000,25000,57,2026,5,18
성북구,길음동,길음뉴타운2단지푸르지오,114.73,7,2005,7000,185,2026,5,22
성북구,돈암동,한진(609-1),132.96,13,1998,80000,0,2026,5,27
성북구,돈암동,돈암동삼성,84.59,21,1999,54600,0,2026,5,23
성북구,길음동,길음뉴타운2단지푸르지오,114.73,1,2005,50000,0,2026,5,26
성북구,보문동3가,이편한세상보문,116.721,14,2013,68000,0,2026,5,27
성북구,돈암동,동부센트레빌,80.54,1,2003,55500,0,2026,5,26
성북구,장위동,래미안포레카운티,39.9,7,2021,10663,29,2026,5,27
성북구,장위동,래미안포레카운티,59.92,12,2021,70000,0,2026,5,27
성북구,길음동,길음뉴타운2단지푸르지오,114.73,1,2005,70000,0,2026,5,26
성북구,하월곡동,동신,59.88,21,1998,33600,0,2026,5,25
성북구,종암동,래미안크리시엘,59.99,9,2004,55000,0,2026,5,26
성북구,길음동,길음뉴타운1단지(래미안길음1차),84.96,14,2003,55500,0,2026,5,23
성북구,돈암동,동부센트레빌,80.54,16,2003,67000,0,2026,5,26
성북구,석관동,두산,84.95,13,1998,49300,0,2026,5,23
성북구,길음동,길음뉴타운3단지푸르지오,84.97,10,2005,10000,195,2026,5,9
성북구,안암동3가,해링턴플레이스안암,84.95,11,2024,10000,45,2026,5,23
성북구,길음동,길음뉴타운8단지(래미안),59.99,13,2010,16000,118,2026,5,26
성북구,길음동,길음역롯데캐슬트윈골드,84.69,19,2024,30000,237,2026,5,26
성북구,하월곡동,래미안월곡,84.589,14,2006,43000,35,2026,5,26
성북구,장위동,장위자이레디언트(2단지),49.98,3,2025,14560,56,2026,5,26
성북구,석관동,두산,54.55,18,1998,45000,0,2026,5,23
성북구,길음동,길음뉴타운8단지(래미안),59.99,13,2010,16000,118,2026,5,26
성북구,길음동,길음역롯데캐슬트윈골드,59.54,11,2024,75000,0,2026,5,17
성북구,장위동,꿈의숲대명루첸아파트,122.021,16,2008,75000,0,2026,5,23
성북구,정릉동,정릉풍림아이원,114.75,11,2005,55000,0,2026,5,25
성북구,하월곡동,삼전솔하임3차,15.62,7,2013,1000,70,2026,5,23
성북구,길음동,삼부컨비니언,84.13,3,1998,10000,200,2026,5,13
성북구,장위동,래미안장위퍼스트하이,101.72,21,2020,85000,0,2026,5,23
성북구,길음동,롯데캐슬클라시아,59.7812,21,2022,63000,0,2026,5,22
성북구,길음동,길음역롯데캐슬트윈골드,59.36,29,2024,10000,190,2026,5,9
성북구,길음동,길음뉴타운1단지(래미안길음1차),59.99,4,2003,20000,150,2026,5,23
성북구,하월곡동,샹그레빌아파트,79.248,17,2004,10000,149,2026,5,23
성북구,정릉동,정릉풍림아이원,59.88,18,2005,35000,0,2026,5,19
성북구,하월곡동,동일하이빌뉴시티,178.84,28,2011,15000,450,2026,5,25
성북구,길음동,삼부컨비니언,59.94,15,1998,49000,0,2026,5,20
성북구,길음동,길음뉴타운4단지(e편한세상),84.64,3,2005,60638,0,2026,5,18
성북구,돈암동,한진(609-1),59.58,2,1998,45000,0,2026,5,23
성북구,길음동,길음역롯데캐슬트윈골드,59.54,21,2024,10000,235,2026,5,12
성북구,길음동,길음역롯데캐슬트윈골드,59.54,15,2024,34000,110,2026,5,23
성북구,정릉동,정릉풍림아이원,59.88,11,2005,5000,150,2026,5,23
성북구,돈암동,동소문현대,84.72,4,1994,40000,0,2026,5,13
성북구,정릉동,정릉2차e-편한세상,59.37,6,2009,10000,180,2026,5,7
성북구,돈암동,이수브라운스톤돈암,84.97,12,2004,55000,10,2026,5,22
성북구,장위동,래미안포레카운티,84.97,20,2021,82000,0,2026,5,5
성북구,하월곡동,꿈의숲푸르지오,84.73,9,2010,64000,0,2026,5,22
성북구,돈암동,범양,84.92,7,1998,49000,0,2026,5,9
성북구,돈암동,범양,84.92,7,1998,49000,0,2026,5,9
성북구,길음동,길음역롯데캐슬트윈골드,59.54,28,2024,55000,0,2026,5,2
성북구,하월곡동,월곡래미안루나밸리,114.93,2,2007,67000,0,2026,5,22
성북구,하월곡동,꿈의숲푸르지오,59.65,3,2010,38700,0,2026,5,22
성북구,하월곡동,래미안월곡,84.589,18,2006,60000,0,2026,5,8
성북구,정릉동,길음뉴타운경남아너스빌,45.77,7,1999,9000,100,2026,5,7
성북구,보문동6가,보문파크뷰자이,84.99,8,2017,55650,0,2026,5,21
성북구,정릉동,정릉2차e-편한세상,59.37,7,2009,57000,0,2026,5,22
성북구,길음동,길음뉴타운8단지(래미안),59.99,11,2010,6000,190,2026,5,20
성북구,길음동,길음뉴타운9단지(래미안),84.96,26,2010,70000,0,2026,5,22
성북구,종암동,래미안세레니티,84.98,2,2009,63000,0,2026,5,22
성북구,석관동,래미안아트리치,84.98,7,2019,70000,0,2026,5,21
성북구,돈암동,돈암현대아파트,41.58,8,1991,5000,90,2026,5,16
성북구,삼선동2가,삼선푸르지오,84.83,7,2008,59850,0,2026,5,21
성북구,하월곡동,월곡두산위브,84.647,13,2003,55000,0,2026,5,21
성북구,정릉동,대우,43.11,14,2001,2000,90,2026,5,9
성북구,장위동,꿈의숲코오롱하늘채,32.22,9,2017,7684,40,2026,5,21
성북구,하월곡동,성북펠릭스,20.08,11,2025,6200,43,2026,5,21
성북구,길음동,길음뉴타운2단지푸르지오,114.73,15,2005,60900,0,2026,5,14
성북구,정릉동,쌍용2,59.9,4,1999,45000,0,2026,5,21
성북구,정릉동,중앙하이츠빌2단지,84.6824,20,2005,8000,235,2026,5,21
성북구,하월곡동,성북펠릭스,20.08,18,2025,6200,43,2026,5,21
성북구,길음동,길음뉴타운6단지(래미안),59.373,12,2007,64000,0,2026,5,21
성북구,돈암동,한신,132.96,10,1998,80000,0,2026,5,21
성북구,종암동,종암2차SKVIEW,84.97,14,2010,10000,210,2026,5,21
성북구,길음동,길음뉴타운5단지(래미안),84.96,13,2006,85000,0,2026,5,20
성북구,장위동,래미안장위퍼스트하이,46.35,5,2020,12936,36,2026,5,21
성북구,장위동,래미안장위퍼스트하이,36.14,1,2020,9173,25,2026,5,21
성북구,하월곡동,월곡래미안루나밸리,59.98,8,2007,53000,0,2026,5,20
성북구,하월곡동,월곡두산위브,84.843,8,2003,63000,10,2026,5,8
성북구,돈암동,돈암코오롱하늘채,84.757,5,2016,71400,0,2026,5,16
성북구,장위동,래미안장위퍼스트하이,36.14,15,2020,10797,31,2026,5,20
성북구,하월곡동,성북펠릭스,38.39,21,2025,9800,66,2026,5,20
성북구,장위동,래미안장위퍼스트하이,36.14,7,2020,9173,25,2026,5,20
성북구,석관동,두산,84.9,2,1998,20000,145,2026,5,16
성북구,하월곡동,길음서희스타힐스,84.54,20,2011,59000,0,2026,5,12
성북구,장위동,래미안장위퍼스트하이,36.14,3,2020,9685,27,2026,5,20
성북구,장위동,래미안장위퍼스트하이,46.35,5,2020,12935,36,2026,5,20
성북구,길음동,길음뉴타운8단지(래미안),59.99,3,2010,15000,200,2026,5,20
성북구,돈암동,돈암힐스테이트,59.38,6,2007,56000,0,2026,5,18
성북구,길음동,길음현대,32.98,10,2000,27000,0,2026,5,19
성북구,하월곡동,래미안월곡,84.589,18,2006,65000,0,2026,5,19
성북구,길음동,래미안길음센터피스,59.97,18,2019,61950,0,2026,5,20
성북구,종암동,래미안세레니티,59.97,23,2009,5000,177,2026,5,16
성북구,돈암동,이수브라운스톤돈암,59.99,3,2004,60000,0,2026,5,20
성북구,석관동,장위아트포레,31.99,15,2025,25000,0,2026,5,12
성북구,돈암동,일신건영휴먼빌아파트,84.98,13,2005,57250,0,2026,5,20
성북구,길음동,길음역롯데캐슬트윈골드,59.36,27,2024,20000,160,2026,5,8
성북구,보문동1가,보문리슈빌하우트,59.7918,16,2022,70000,0,2026,5,20
성북구,길음동,래미안길음센터피스,59.97,2,2019,33686,0,2026,5,20
성북구,종암동,종암2차SKVIEW,119.87,10,2010,20000,150,2026,5,8
성북구,하월곡동,베로니스,52.61,4,2020,39795,0,2026,5,15
성북구,석관동,래미안아트리치,59.98,10,2019,10500,158,2026,5,20
성북구,길음동,길음동동부센트레빌(1278-0),59.998,2,2003,50000,0,2026,5,19
성북구,돈암동,돈암동삼성,59.4,11,1999,40900,0,2026,5,15
성북구,석관동,두산,134.97,18,1998,10000,250,2026,5,14
성북구,동소문동5가,성신여대역솔하임,14.022,18,2018,1000,89,2026,5,19
성북구,돈암동,돈암현대아파트,55.89,3,1991,31500,0,2026,5,19
성북구,장위동,래미안장위퍼스트하이,59.99,15,2020,65000,0,2026,5,18
성북구,석관동,코오롱,59.94,1,1999,28875,0,2026,5,19
성북구,장위동,래미안포레카운티,84.97,7,2021,0,57,2026,5,1
성북구,길음동,래미안길음센터피스,33.46,4,2019,3016,5,2026,5,12
성북구,정릉동,우정에쉐르,83.71,2,2009,50000,0,2026,5,16
성북구,돈암동,길음역금호어울림센터힐,84.88,7,2014,60000,60,2026,5,16
성북구,길음동,래미안길음센터피스,59.9,1,2019,33686,0,2026,5,19
성북구,하월곡동,월곡래미안루나밸리,59.98,8,2007,53000,0,2026,5,18
성북구,길음동,래미안길음센터피스,59.9,28,2019,64050,0,2026,5,15
성북구,정릉동,중앙하이츠빌2단지,59.9786,15,2005,41000,0,2026,5,18
성북구,길음동,래미안길음센터피스,33.46,13,2019,20754,0,2026,5,19
성북구,길음동,래미안길음센터피스,33.46,4,2019,20754,0,2026,5,19
성북구,길음동,롯데캐슬클라시아,84.7694,2,2022,78750,0,2026,5,19
성북구,길음동,래미안길음센터피스,84.95,1,2019,42194,0,2026,5,18
성북구,길음동,래미안길음센터피스,33.46,8,2019,20754,0,2026,5,19
성북구,돈암동,돈암코오롱하늘채,84.8778,15,2016,85000,0,2026,5,16
성북구,종암동,래미안라센트,84.99,5,2011,80000,0,2026,5,18
성북구,길음동,래미안길음센터피스,33.46,4,2019,22829,0,2026,5,18
성북구,길음동,래미안길음센터피스,33.46,9,2019,20754,0,2026,5,18
성북구,동소문동4가,송산아파트,58.59,1,1998,35000,20,2026,5,14
성북구,장위동,래미안장위퍼스트하이,84.94,10,2020,47222,0,2026,5,18
성북구,길음동,길음뉴타운7단지(두산위브),114.99,17,2010,90000,0,2026,5,16
성북구,종암동,우림카이저팰리스,84.54,13,2008,20000,150,2026,5,16
성북구,하월곡동,성북펠릭스,38.39,23,2025,9800,66,2026,5,18
성북구,하월곡동,래미안월곡,59.754,14,2006,38500,50,2026,5,16
성북구,장위동,래미안포레카운티,84.97,7,2021,0,57,2026,5,1
성북구,종암동,종암에스케이,84.72,11,1999,64000,0,2026,5,13
성북구,하월곡동,성북펠릭스,20.08,9,2025,6200,43,2026,5,18
성북구,길음동,래미안길음센터피스,59.97,3,2019,33686,0,2026,5,18
성북구,길음동,래미안길음센터피스,84.66,2,2019,42194,0,2026,5,18
성북구,길음동,래미안길음센터피스,33.46,12,2019,20754,0,2026,5,18
성북구,돈암동,한진(609-1),59.58,15,1998,5000,127,2026,5,9
성북구,돈암동,동소문현대,84.72,4,1994,40000,0,2026,5,13
성북구,길음동,래미안길음센터피스,84.95,3,2019,42194,0,2026,5,18
성북구,길음동,래미안길음센터피스,73.92,9,2019,38634,0,2026,5,18
성북구,장위동,래미안장위퍼스트하이,59.99,5,2020,49000,0,2026,5,6
성북구,길음동,래미안길음센터피스,33.46,14,2019,20754,0,2026,5,18
성북구,길음동,래미안길음센터피스,33.46,6,2019,20754,0,2026,5,18
성북구,길음동,래미안길음센터피스,59.9,2,2019,33686,0,2026,5,18
성북구,길음동,래미안길음센터피스,59.97,2,2019,33686,0,2026,5,18
성북구,길음동,래미안길음센터피스,73.92,8,2019,38634,0,2026,5,18
성북구,정릉동,대동아파트,81.09,6,2003,35000,50,2026,5,3
성북구,종암동,래미안라센트,84.99,19,2011,70000,0,2026,5,12
성북구,길음동,래미안길음센터피스,84.9,2,2019,42194,0,2026,5,18
성북구,정릉동,정릉e-편한세상,85,6,2006,45000,0,2026,5,18
성북구,길음동,길음뉴타운6단지(래미안),59.373,15,2007,65000,0,2026,5,17
성북구,길음동,래미안길음센터피스,59.99,1,2019,33686,0,2026,5,18
성북구,길음동,래미안길음센터피스,84.66,2,2019,42194,0,2026,5,18
성북구,하월곡동,월곡두산위브,59.855,14,2003,45000,50,2026,5,16
성북구,길음동,길음뉴타운2단지푸르지오,114.73,4,2005,56000,0,2026,5,9
성북구,길음동,길음뉴타운6단지(래미안),59.373,9,2007,70000,0,2026,5,16
성북구,정릉동,길음뉴타운경남아너스빌,59.59,21,1999,12000,97,2026,5,16
성북구,석관동,래미안아트리치,59.98,14,2019,65000,0,2026,5,16
성북구,길음동,길음뉴타운1단지(래미안길음1차),59.99,7,2003,63000,0,2026,5,15
성북구,장위동,래미안장위퍼스트하이,84.94,27,2020,30000,200,2026,5,16
성북구,길음동,길음뉴타운4단지(e편한세상),59.97,2,2005,49800,0,2026,5,12
성북구,장위동,꿈의숲코오롱하늘채,84.84,11,2017,65000,0,2026,5,17
성북구,장위동,래미안포레카운티,84.98,6,2021,80000,0,2026,5,16
성북구,길음동,롯데캐슬클라시아,84.9757,6,2022,100000,0,2026,5,16
성북구,돈암동,한진(609-1),84.87,20,1998,72000,0,2026,5,17
성북구,장위동,꿈의숲아이파크,59.1,5,2022,45000,100,2026,5,16
성북구,하월곡동,월곡래미안루나밸리,114.93,12,2007,30000,160,2026,5,6
성북구,안암동1가,안암동삼성래미안,59.6983,8,2005,25000,75,2026,5,12
성북구,돈암동,돈암현대아파트,55.89,8,1991,30000,0,2026,5,11
성북구,길음동,길음역롯데캐슬트윈골드,59.87,8,2024,70000,0,2026,5,14
성북구,종암동,우림카이저팰리스,84.6,17,2008,65000,0,2026,5,15
성북구,길음동,래미안길음센터피스,33.46,11,2019,799,14,2026,5,18
성북구,종암동,고려,65.46,4,1983,20000,0,2026,5,8
성북구,보문동6가,보문파크뷰자이,59.19,8,2017,61000,0,2026,5,16
성북구,길음동,래미안길음센터피스,84.99,2,2019,42194,0,2026,5,18
성북구,하월곡동,베로니스,52.9,7,2020,45000,0,2026,5,16
성북구,안암동1가,안암동삼성래미안,84.8681,9,2005,68000,0,2026,5,16
성북구,하월곡동,월곡래미안루나밸리,59.98,5,2007,41890,0,2026,5,14
성북구,석관동,두산,59.97,25,1998,50000,0,2026,5,13
성북구,석관동,코오롱,84.87,10,1999,55000,0,2026,5,14
성북구,장위동,꿈의숲아이파크,59.49,1,2022,75000,0,2026,5,4
성북구,종암동,래미안세레니티,114.99,3,2009,60000,60,2026,5,15
성북구,길음동,길음뉴타운7단지(두산위브),114.99,22,2010,50000,160,2026,5,15
성북구,장위동,꿈의숲아이파크,84.48,29,2022,68000,0,2026,5,15
성북구,장위동,래미안장위퍼스트하이,84.94,9,2020,5000,320,2026,5,13
성북구,돈암동,한진(609-1),59.58,19,1998,16000,85,2026,5,15
성북구,장위동,래미안포레카운티,84.97,6,2021,45000,100,2026,5,14
성북구,하월곡동,아남,84.69,3,1996,35000,0,2026,5,7
성북구,장위동,석계역한일노벨리아시티,14.7145,15,2019,9400,18,2026,5,14
성북구,돈암동,한신,113.67,9,1998,41800,90,2026,5,13
성북구,보문동6가,보문파크뷰자이,84.99,8,2017,73000,0,2026,5,7
성북구,길음동,길음역롯데캐슬트윈골드,59.87,13,2024,71000,0,2026,5,13
성북구,삼선동2가,삼선푸르지오,84.83,5,2008,53000,35,2026,5,14
성북구,길음동,래미안길음센터피스,59.97,9,2019,75000,0,2026,5,14
성북구,안암동3가,해링턴플레이스안암,84.95,8,2024,2000,95,2026,5,13
성북구,하월곡동,성북힐스테이트(102동),84.99,4,2007,44000,0,2026,5,13
성북구,석관동,두산,54.55,4,1998,3000,105,2026,5,14
성북구,정릉동,정릉풍림아이원,114.75,10,2005,51500,0,2026,5,14
성북구,길음동,삼부컨비니언,111.71,8,1998,65000,0,2026,5,13
성북구,길음동,길음뉴타운4단지(e편한세상),59.97,8,2005,15000,180,2026,5,14
성북구,돈암동,돈암동더샵아파트,84.817,1,2006,52500,0,2026,5,8
성북구,길음동,길음뉴타운3단지푸르지오,59.99,4,2005,12000,155,2026,5,7
성북구,정릉동,대우,43.11,1,2001,24000,0,2026,5,14
성북구,길음동,길음뉴타운4단지(e편한세상),59.86,4,2005,15000,100,2026,5,14
성북구,길음동,롯데캐슬클라시아,59.7812,20,2022,66150,0,2026,5,14
성북구,정릉동,정릉풍림아이원,59.88,4,2005,33500,0,2026,5,11
성북구,길음동,롯데캐슬클라시아,59.7812,10,2022,75000,0,2026,5,13
성북구,돈암동,길음역금호어울림센터힐,59.84,3,2014,65000,0,2026,5,13
성북구,종암동,종암에스케이,59.86,25,1999,33000,50,2026,5,14
성북구,길음동,길음동동부센트레빌(1278-0),84.844,3,2003,51450,0,2026,5,13
성북구,길음동,길음역롯데캐슬트윈골드,59.36,5,2024,63000,0,2026,5,9
성북구,정릉동,길음뉴타운데시앙,59.42,4,1999,30000,0,2026,5,13
성북구,길음동,길음뉴타운5단지(래미안),59.75,13,2006,55000,0,2026,5,5
성북구,석관동,장위아트포레,17,12,2025,17000,0,2026,5,13
성북구,보문동3가,현대I-PARK,59.49,5,2003,10000,158,2026,5,9
성북구,장위동,래미안장위퍼스트하이,36.14,3,2020,9745,37,2026,5,13
성북구,길음동,길음뉴타운6단지(래미안),59.373,9,2007,55000,0,2026,5,13
성북구,장위동,"장월에스에이치빌1단지(국민임대,SH소유",39.34,12,2006,1449,22,2026,5,13
성북구,종암동,래미안크리시엘,59.99,9,2004,44000,0,2026,5,12
성북구,하월곡동,동신,84.78,5,1998,49000,0,2026,5,12
성북구,석관동,래미안아트리치,39.01,8,2019,3035,19,2026,5,13
성북구,길음동,길음뉴타운8단지(래미안),84.92,9,2010,43983,70,2026,5,13
성북구,돈암동,길음역금호어울림센터힐,84.77,9,2014,74000,0,2026,5,13
성북구,길음동,길음뉴타운4단지(e편한세상),84.64,8,2005,30000,175,2026,5,12
성북구,길음동,삼부컨비니언,59.94,10,1998,39900,0,2026,5,7
성북구,길음동,롯데캐슬클라시아,59.7812,20,2022,70000,0,2026,5,13
성북구,동소문동4가,양지,83.46,6,2004,40000,0,2026,5,10
성북구,길음동,래미안길음센터피스,33.46,4,2019,1777,12,2026,5,12
성북구,길음동,래미안길음센터피스,33.46,17,2019,1777,12,2026,5,12
성북구,동소문동6가,보미리즌빌,14.18,15,2012,5000,62,2026,5,11
성북구,보문동6가,보문파크뷰자이,84.96,1,2017,71000,0,2026,5,12
성북구,길음동,길음뉴타운2단지푸르지오,59.77,6,2005,40000,8,2026,5,8
성북구,길음동,길음뉴타운6단지(래미안),84.049,6,2007,35000,200,2026,5,12
성북구,삼선동3가,삼선에스케이뷰,122.44,3,2012,89250,0,2026,5,12
성북구,길음동,롯데캐슬클라시아,59.8826,7,2022,75000,0,2026,5,12
성북구,장위동,래미안장위퍼스트하이,84.94,14,2020,79000,0,2026,5,12
성북구,돈암동,한신,152.25,10,1998,70000,0,2026,5,7
성북구,석관동,코오롱,59.94,13,1999,32000,60,2026,5,11
성북구,보문동1가,보문리슈빌하우트,59.7918,17,2022,20000,209,2026,5,12
성북구,길음동,길음역롯데캐슬트윈골드,59.36,24,2024,65100,0,2026,5,9
성북구,종암동,아이파크종암동2차,84.73,11,2005,60000,0,2026,5,4
성북구,길음동,길음뉴타운1단지(래미안길음1차),114.98,14,2003,65980,0,2026,5,9
성북구,길음동,롯데캐슬클라시아,84.7694,17,2022,15000,230,2026,5,12
성북구,길음동,롯데캐슬클라시아,84.9756,16,2022,20000,300,2026,5,12
성북구,돈암동,동부센트레빌,80.54,8,2003,55000,0,2026,5,2
성북구,정릉동,중앙하이츠빌2단지,84.95,12,2005,40000,0,2026,5,9
성북구,석관동,석관래미안,114.97,17,2009,77000,0,2026,5,11
성북구,석관동,래미안아트리치,39.01,10,2019,3035,19,2026,5,11
성북구,길음동,길음뉴타운8단지(래미안),84.92,20,2010,65000,0,2026,5,7
성북구,돈암동,한진(609-1),84.87,8,1998,53000,70,2026,5,11
성북구,하월곡동,래미안월곡,59.754,9,2006,30000,100,2026,5,7
성북구,정릉동,"산장아파트가동,나동",52.89,11,1977,27000,0,2026,5,10
성북구,돈암동,돈암현대아파트,41.58,2,1991,29400,0,2026,5,6
성북구,석관동,래미안아트리치,59.98,7,2019,52500,40,2026,5,9
성북구,종암동,래미안세레니티,59.97,11,2009,52500,0,2026,5,11
성북구,길음동,길음뉴타운2단지푸르지오,84.97,5,2005,51400,0,2026,5,5
성북구,석관동,래미안아트리치,59.98,1,2019,55000,0,2026,5,9
성북구,석관동,래미안아트리치,59.96,12,2019,30000,150,2026,5,9
성북구,석관동,두산,59.97,17,1998,15000,130,2026,5,11
성북구,정릉동,대우,114.84,12,2001,20000,150,2026,5,8
성북구,장위동,래미안장위퍼스트하이,59.99,1,2020,31400,80,2026,5,1
성북구,안암동3가,대광,44.96,6,1971,12000,0,2026,5,9
성북구,동소문동4가,송산아파트,58.59,4,1998,40000,0,2026,5,9
성북구,석관동,래미안아트리치,39.01,7,2019,3035,19,2026,5,11
성북구,길음동,래미안길음센터피스,59.9,6,2019,30000,150,2026,5,9
성북구,길음동,롯데캐슬클라시아,84.9757,37,2022,110000,0,2026,5,9
성북구,길음동,롯데캐슬클라시아,84.9757,23,2022,104000,0,2026,5,9
성북구,길음동,롯데캐슬클라시아,59.7812,24,2022,75000,0,2026,5,9
성북구,길음동,롯데캐슬클라시아,59.7812,22,2022,63000,0,2026,5,9
성북구,삼선동3가,삼선에스케이뷰,59.94,11,2012,65000,0,2026,5,8
성북구,상월곡동,동아에코빌,59.95,1,2003,10000,130,2026,5,9
성북구,하월곡동,월곡두산위브,84.843,15,2003,47250,0,2026,5,9
성북구,정릉동,정릉풍림아이원,84.09,12,2005,40000,0,2026,5,9
성북구,길음동,래미안길음센터피스,59.97,6,2019,15000,230,2026,5,9
성북구,보문동6가,보문파크뷰자이,59.19,13,2017,52500,15,2026,5,7
성북구,정릉동,정릉2차e-편한세상,84.09,12,2009,65000,0,2026,5,1
성북구,길음동,길음역롯데캐슬트윈골드,59.36,33,2024,75000,0,2026,5,9
성북구,돈암동,돈암동삼성,84.59,5,1999,50400,0,2026,5,5
성북구,석관동,래미안아트리치,39.01,9,2019,9812,28,2026,5,9
성북구,정릉동,정릉e-편한세상,59.77,1,2006,43000,0,2026,5,2
성북구,돈암동,돈암현대아파트,84.8,8,1991,42000,0,2026,5,1
성북구,장위동,래미안포레카운티,59.92,8,2021,20000,170,2026,5,9
성북구,길음동,길음뉴타운1단지(래미안길음1차),59.99,10,2003,50900,0,2026,5,2
성북구,길음동,롯데캐슬골든힐스,84.93,10,2019,66000,0,2026,5,5
성북구,길음동,길음뉴타운4단지(e편한세상),114.88,5,2005,72000,0,2026,5,7
성북구,정릉동,중앙하이츠빌1단지,84.98,9,2004,53000,0,2026,5,8
성북구,돈암동,한신,68.13,12,1998,52000,0,2026,5,7
성북구,길음동,래미안길음센터피스,59.9,11,2019,64000,0,2026,5,8
성북구,석관동,두산,84.9,12,1998,15700,120,2026,5,7
성북구,정릉동,정릉e-편한세상,59.77,5,2006,38000,0,2026,5,6
성북구,석관동,래미안아트리치,59.98,10,2019,63000,0,2026,5,8
성북구,돈암동,한진(609-1),132.96,6,1998,73000,25,2026,5,8
성북구,길음동,길음뉴타운4단지(e편한세상),59.97,2,2005,45150,0,2026,5,8
성북구,석관동,석관래미안,59.9,9,2009,48300,0,2026,5,1
성북구,상월곡동,동아에코빌,59.95,14,2003,5000,160,2026,5,2
성북구,길음동,길음뉴타운8단지(래미안),59.99,5,2010,65000,0,2026,5,7
성북구,길음동,롯데캐슬클라시아,59.7812,23,2022,62000,0,2026,5,2
성북구,종암동,극동,114.75,15,2000,10000,240,2026,5,6
성북구,길음동,길음뉴타운4단지(e편한세상),59.97,8,2005,13000,105,2026,5,2
성북구,상월곡동,동아에코빌,114.66,14,2003,50000,0,2026,5,8
성북구,길음동,길음뉴타운9단지(래미안),59.96,5,2010,60000,0,2026,5,8
성북구,정릉동,정릉힐스테이트3차,84.97,5,2008,52500,0,2026,5,6
성북구,종암동,고려,52.56,1,1983,12000,0,2026,5,6
성북구,길음동,롯데캐슬골든힐스,84.93,21,2019,65100,0,2026,5,6
성북구,길음동,길음뉴타운3단지푸르지오,59.77,6,2005,60000,0,2026,5,7
성북구,보문동1가,보문리슈빌하우트,59.7918,14,2022,60000,30,2026,5,7
성북구,정릉동,정릉풍림아이원,59.88,14,2005,37000,0,2026,5,7
성북구,돈암동,범양,84.92,19,1998,50000,0,2026,5,7
성북구,하월곡동,래미안월곡,84.589,7,2006,65000,0,2026,5,6
성북구,돈암동,길음역금호어울림센터힐,84.8,17,2014,72000,0,2026,5,7
성북구,길음동,길음뉴타운5단지(래미안),84.96,13,2006,64000,0,2026,5,6
성북구,장위동,꿈의숲대명루첸아파트,84.843,14,2008,55000,0,2026,5,4
성북구,종암동,래미안크리시엘,59.99,2,2004,36750,0,2026,5,1
성북구,석관동,장위아트포레,15.64,13,2025,1000,90,2026,5,6
성북구,하월곡동,성북펠릭스,38.39,19,2025,9800,66,2026,5,6
성북구,돈암동,범양,84.92,10,1998,51450,0,2026,5,5
성북구,보문동3가,이편한세상보문,59.663,13,2013,13000,127,2026,5,2
성북구,하월곡동,래미안월곡,84.589,7,2006,65000,0,2026,5,6
성북구,길음동,길음역롯데캐슬트윈골드,59.54,15,2024,58000,0,2026,5,2
성북구,길음동,길음뉴타운9단지(래미안),84.78,20,2010,55000,0,2026,5,5
성북구,길음동,래미안길음센터피스,59.97,4,2019,30000,94,2026,5,5
성북구,정릉동,중앙하이츠빌1단지,84.98,4,2004,40000,50,2026,5,5
성북구,하월곡동,길음서희스타힐스,84.54,19,2011,53000,0,2026,5,2
성북구,하월곡동,래미안월곡,59.754,2,2006,45000,0,2026,5,2
성북구,정릉동,길음뉴타운경남아너스빌,84.88,12,1999,20000,100,2026,5,2
성북구,길음동,길음뉴타운9단지(래미안),84.96,8,2010,40000,160,2026,5,1
성북구,길음동,길음뉴타운6단지(래미안),59.373,7,2007,60000,0,2026,5,2
성북구,길음동,길음뉴타운8단지(래미안),84.82,13,2010,20000,240,2026,5,2
성북구,석관동,석관래미안,59.9,3,2009,20000,120,2026,5,2
성북구,길음동,길음역롯데캐슬트윈골드,59.87,24,2024,63000,0,2026,5,2
성북구,길음동,길음뉴타운9단지(래미안),84.96,8,2010,40000,160,2026,5,1
성북구,길음동,길음뉴타운신안파크아파트,68.14,7,1988,40000,0,2026,5,1
성북구,정릉동,정릉e-편한세상,85,6,2006,20000,100,2026,5,1
성북구,종암동,종암에스케이,84.72,1,1999,30000,0,2026,5,4
성북구,돈암동,일신건영휴먼빌아파트,84.98,8,2005,15000,170,2026,5,4
성북구,돈암동,돈암동삼성,114.66,12,1999,10000,200,2026,5,1
성북구,종암동,래미안크리시엘,84.95,13,2004,10000,195,2026,5,1
성북구,종암동,래미안세레니티,59.97,16,2009,60000,0,2026,5,1
성북구,길음동,롯데캐슬클라시아,59.7812,4,2022,75000,0,2026,5,1
성북구,길음동,길음뉴타운4단지(e편한세상),59.97,17,2005,34000,0,2026,5,2
성북구,하월곡동,광남캐스빌,84.78,12,2008,14000,140,2026,5,1
성북구,돈암동,한진(609-1),113.67,8,1998,59800,0,2026,5,4
성북구,돈암동,한진(609-1),59.58,9,1998,43000,0,2026,5,2
성북구,돈암동,돈암코오롱하늘채,59.9342,4,2016,54600,0,2026,5,1
성북구,장위동,장위자이레디언트(2단지),84.99,20,2025,40000,180,2026,5,1
성북구,길음동,래미안길음센터피스,59.97,6,2019,15000,191,2026,5,1
강북구,번동,주공1단지,41.3,9,1991,18000,0,2026,5,16
강북구,미아동,에스케이북한산시티,84.76,13,2004,45000,0,2026,5,9
강북구,수유동,수유벽산1차,63.78,8,1993,3000,100,2026,5,18
강북구,미아동,미아동부센트레빌,59.96,8,2006,47000,0,2026,5,27
강북구,수유동,삼성쉐르빌(50-31),54.23,7,2019,12775,20,2026,5,27
강북구,미아동,에스케이북한산시티,84.76,9,2004,5000,168,2026,5,18
강북구,번동,주공4단지,44.89,3,1991,2000,80,2026,5,29
강북구,미아동,푸르지오시티,18.6479,9,2014,3000,55,2026,5,27
강북구,수유동,에피소드수유838,42.8764,4,2021,3000,308,2026,5,12
강북구,미아동,벽산라이브파크,60,13,2004,10000,120,2026,5,28
강북구,미아동,에스케이북한산시티,59.98,2,2004,50000,0,2026,5,30
강북구,수유동,비젼캐슬,18.58,8,2022,1000,85,2026,5,19
강북구,미아동,두산위브트레지움,84.95,5,2011,65000,0,2026,5,14
강북구,미아동,벽산라이브파크,84.89,10,2004,54000,0,2026,5,23
강북구,수유동,수유프리미어엠,23.4,12,2016,2000,70,2026,5,12
강북구,번동,주공1단지,41.3,13,1991,7000,40,2026,5,30
강북구,미아동,요진,84.44,12,2005,10000,120,2026,5,30
강북구,미아동,꿈의숲해링턴플레이스,59.36,8,2019,55000,0,2026,5,20
강북구,번동,주공1단지,41.3,3,1991,1500,85,2026,5,29
강북구,수유동,에피소드수유838,22.4869,6,2021,1000,112,2026,5,13
강북구,미아동,삼각산아이원,84.705,10,2003,45100,0,2026,5,23
강북구,번동,선경타워,25.98,15,2023,1000,160,2026,5,28
강북구,미아동,푸르지오시티,18.6479,15,2014,1000,70,2026,5,23
강북구,수유동,비젼캐슬,18.58,11,2022,300,100,2026,5,30
강북구,수유동,유경와이케이빌,18.68,13,2020,17800,0,2026,5,8
강북구,미아동,벽산라이브파크,84.89,12,2004,20000,150,2026,5,25
강북구,미아동,래미안트리베라1단지(임대),44.85,4,2010,6871,13,2026,5,11
강북구,미아동,벽산라이브파크,59.67,6,2004,22000,0,2026,5,28
강북구,수유동,비젼캐슬,17.23,11,2022,500,95,2026,5,23
강북구,수유동,에피소드수유838,11.1019,20,2021,1000,71,2026,5,29
강북구,미아동,미아동부센트레빌,84.93,15,2006,62000,0,2026,5,30
강북구,미아동,삼성래미안트리베라2단지,84.18,17,2010,68000,0,2026,5,30
강북구,미아동,에스케이북한산시티,59.98,7,2004,45000,0,2026,5,30
강북구,번동,주공1단지,49.94,8,1991,23000,0,2026,5,13
강북구,미아동,삼성래미안트리베라2단지,59.33,2,2010,5000,200,2026,5,21
강북구,번동,주공4단지,41.3,5,1991,21000,0,2026,5,4
강북구,미아동,꿈의숲한신더휴,59.9812,6,2022,42000,0,2026,5,14
강북구,미아동,래미안트리베라1단지,59.6,3,2010,25000,100,2026,5,12
강북구,수유동,에피소드수유838,17.6418,15,2021,1000,78,2026,5,20
강북구,미아동,래미안트리베라1단지(임대),44.85,13,2010,5135,23,2026,5,11
강북구,번동,주공4단지,41.3,5,1991,2500,70,2026,5,11
강북구,미아동,에스케이북한산시티,84.92,7,2004,44000,0,2026,5,31
강북구,미아동,미아동부센트레빌,84.93,1,2006,48800,0,2026,5,20
강북구,번동,주공1단지,49.94,8,1991,21415,0,2026,5,29
강북구,번동,주공1단지,41.3,12,1991,14400,30,2026,5,30
강북구,미아동,삼각산아이원,84.705,17,2003,45000,0,2026,5,30
강북구,수유동,수유역하이씨티,12.19,6,2014,6600,20,2026,5,13
강북구,미아동,벽산라이브파크,60,13,2004,10000,120,2026,5,28
강북구,미아동,송천센트레빌,84.965,11,2010,52000,70,2026,5,30
강북구,미아동,에스케이북한산시티,114.85,18,2004,52000,0,2026,5,25
강북구,번동,주공1단지,41.3,14,1991,18000,0,2026,5,30
강북구,미아동,경남아너스빌(1356-0),114.922,4,2003,47000,0,2026,5,30
강북구,미아동,경남아너스빌(1356-0),84.873,16,2003,30000,105,2026,5,21
강북구,번동,주공1단지,41.3,3,1991,1500,85,2026,5,29
강북구,수유동,수유벽산1차,63.78,3,1993,31000,0,2026,5,2
강북구,미아동,꿈의숲한신더휴,75.9625,11,2022,20000,160,2026,5,25
강북구,수유동,영남,84.9,7,1997,5000,140,2026,5,20
강북구,수유동,래미안수유,114.78,17,2001,60000,0,2026,5,29
강북구,미아동,두산위브트레지움,114.88,8,2011,60900,0,2026,5,29
강북구,미아동,삼각산아이원,84.705,2,2003,41000,0,2026,5,22
강북구,번동,주공4단지,49.94,3,1991,30000,0,2026,5,27
강북구,수유동,수유벽산2차,84.22,9,1994,42000,0,2026,5,28
강북구,미아동,푸르지오시티,18.6479,14,2014,500,68,2026,5,28
강북구,미아동,꿈의숲롯데캐슬,59.98,3,2017,50000,0,2026,5,28
강북구,번동,주공4단지,59.22,1,1991,22000,0,2026,5,28
강북구,수유동,궁전,65.61,4,2003,5000,95,2026,5,4
강북구,번동,주공4단지,41.3,10,1991,23000,0,2026,5,28
강북구,번동,주공1단지,41.3,12,1991,19000,0,2026,5,27
강북구,수유동,수유벽산2차,114.24,1,1994,10000,100,2026,5,27
강북구,수유동,에피소드수유838,17.5418,17,2021,1000,92,2026,5,15
강북구,미아동,꿈의숲해링턴플레이스,49.48,9,2019,14210,22,2026,5,27
강북구,수유동,수유벽산1차,63.78,5,1993,36700,0,2026,5,27
강북구,미아동,꿈의숲한신더휴,59.9894,5,2022,50000,0,2026,5,27
강북구,미아동,푸르지오시티,18.6479,9,2014,1000,68,2026,5,26
강북구,번동,주공1단지,49.94,7,1991,24000,0,2026,5,15
강북구,미아동,한화포레나미아,74.9676,23,2025,15000,200,2026,5,9
강북구,번동,주공1단지,41.3,7,1991,2000,90,2026,5,16
강북구,미아동,꿈의숲해링턴플레이스,59.36,9,2019,30000,90,2026,5,22
강북구,미아동,경남아너스빌(1356-0),84.873,14,2003,45000,0,2026,5,26
강북구,미아동,래미안트리베라1단지,59.6,2,2010,42000,0,2026,5,19
강북구,수유동,유경와이케이빌,16.86,4,2020,16500,3,2026,5,19
강북구,미아동,미아동부센트레빌,59.96,5,2006,50000,0,2026,5,19
강북구,미아동,송천센트레빌,59.762,6,2010,38800,0,2026,5,22
강북구,미아동,에스케이북한산시티,59.98,7,2004,5000,180,2026,5,16
강북구,미아동,송천센트레빌,84.867,6,2010,66000,0,2026,5,20
강북구,번동,주공1단지,41.3,12,1991,20000,0,2026,5,25
강북구,번동,주공1단지,41.3,9,1991,17000,0,2026,5,25
강북구,미아동,꿈의숲롯데캐슬,84.98,2,2017,30000,110,2026,5,21
강북구,번동,번동솔그린,84.6,8,1999,18000,63,2026,5,22
강북구,미아동,미아한일유앤아이,84.552,5,2002,500,50,2026,5,20
강북구,미아동,경남아너스빌(1356-0),84.873,1,2003,43000,0,2026,5,22
강북구,수유동,에피소드수유838,17.5418,16,2021,1000,91,2026,5,12
강북구,미아동,벽산라이브파크,59.67,9,2004,36200,0,2026,5,22
강북구,미아동,한화포레나미아,39.9969,19,2025,3000,150,2026,5,16
강북구,번동,유경와이케이라이마,18.47,11,2021,22000,4,2026,5,16
강북구,수유동,에피소드수유838,18.3316,8,2021,1000,80,2026,5,15
강북구,미아동,한화포레나미아,80.8489,29,2025,5000,300,2026,5,4
강북구,미아동,꿈의숲롯데캐슬,84.98,3,2017,65000,0,2026,5,21
강북구,미아동,한화포레나미아,84.9706,16,2025,85000,0,2026,5,21
강북구,미아동,에스케이북한산시티,84.76,4,2004,10000,116,2026,5,2
강북구,미아동,두산위브트레지움,84.99,21,2011,53100,0,2026,5,20
강북구,수유동,수유벽산1차,63.78,1,1993,25000,20,2026,5,21
강북구,수유동,에피소드수유838,17.9852,14,2021,1000,76,2026,5,11
강북구,미아동,삼성래미안트리베라2단지,84.29,14,2010,40000,12,2026,5,19
강북구,미아동,두산위브트레지움,114.88,2,2011,63000,0,2026,5,20
강북구,번동,주공1단지,84.41,4,1991,33000,0,2026,5,21
강북구,미아동,에스케이북한산시티,84.76,17,2004,20000,100,2026,5,4
강북구,번동,주공1단지,41.3,8,1991,12100,0,2026,5,16
강북구,미아동,에스케이북한산시티,84.86,2,2004,47550,0,2026,5,20
강북구,수유동,다온시티,28.19,4,2024,1000,155,2026,5,15
강북구,수유동,수유벽산1차,63.78,9,1993,38000,0,2026,5,1
강북구,미아동,벽산라이브파크,84.89,18,2004,6000,115,2026,5,13
강북구,수유동,유경와이케이빌,18.68,9,2020,18000,3,2026,5,20
강북구,미아동,삼각산아이원,114.88,15,2003,61000,0,2026,5,11
강북구,미아동,벽산라이브파크,84.89,13,2004,53000,0,2026,5,8
강북구,미아동,벽산라이브파크,60,16,2004,48000,0,2026,5,20
강북구,미아동,미아동부센트레빌,84.93,2,2006,10000,200,2026,5,19
강북구,미아동,꿈의숲해링턴플레이스,49.48,5,2019,10863,19,2026,5,19
강북구,미아동,헤리움,29.89,11,2024,32000,0,2026,5,18
강북구,수유동,한원힐트리움수유,27.39,9,2020,10000,60,2026,5,16
강북구,번동,주공3단지,26.37,8,1990,4760,20,2026,5,19
강북구,미아동,꿈의숲한신더휴,59.9894,9,2022,51000,0,2026,5,16
강북구,미아동,에스케이북한산시티,84.76,13,2004,45000,0,2026,5,9
강북구,미아동,두산위브트레지움,59.82,8,2011,25000,85,2026,5,12
강북구,번동,오동공원현대,117.9794,4,2001,49000,0,2026,5,18
강북구,번동,번동솔그린,59.82,20,1999,10000,80,2026,5,16
강북구,번동,유경와이케이라이마,23.16,12,2021,23000,3,2026,5,18
강북구,미아동,한화포레나미아,80.8489,13,2025,10000,275,2026,5,16
강북구,미아동,에스케이북한산시티,59.98,2,2004,49000,0,2026,5,16
강북구,수유동,예도팔라티움,13.47,10,2020,1000,75,2026,5,6
강북구,번동,주공1단지,49.94,7,1991,25000,0,2026,5,16
강북구,수유동,수유벽산1차,63.78,5,1993,26500,25,2026,5,15
강북구,미아동,래미안트리베라1단지,84.97,21,2010,10000,175,2026,5,15
강북구,미아동,래미안트리베라1단지,59.6,10,2010,25000,100,2026,5,9
강북구,번동,주공3단지,26.37,5,1990,5040,21,2026,5,15
강북구,미아동,미아1차래미안,84.58,15,2006,49000,0,2026,5,15
강북구,수유동,에피소드수유838,17.5418,18,2021,1000,81,2026,5,7
강북구,미아동,두산위브트레지움,39.98,8,2011,4489,7,2026,5,11
강북구,수유동,유경와이케이빌,19.96,12,2020,17850,3,2026,5,13
강북구,번동,주공3단지,26.37,13,1990,5040,21,2026,5,15
강북구,미아동,에스케이북한산시티,84.76,3,2004,43989,0,2026,5,9
강북구,미아동,송천센트레빌,59.818,8,2010,65000,0,2026,5,13
강북구,미아동,래미안트리베라1단지,84.97,18,2010,67000,0,2026,5,11
강북구,미아동,신대상,61.22,1,2002,3000,80,2026,5,13
강북구,미아동,경남아너스빌,84.9134,1,2008,51000,0,2026,5,13
강북구,미아동,삼각산아이원,59.758,11,2003,42000,0,2026,5,2
강북구,수유동,유경와이케이빌,14.07,11,2020,15700,0,2026,5,6
강북구,번동,주공3단지,26.37,6,1990,4760,20,2026,5,14
강북구,미아동,푸르지오시티,18.6479,7,2014,1000,70,2026,5,9
강북구,번동,주공3단지,26.37,8,1990,11360,48,2026,5,14
강북구,번동,주공1단지,49.94,4,1991,24000,0,2026,5,14
강북구,번동,주공1단지,49.94,3,1991,26000,0,2026,5,9
강북구,미아동,꿈의숲롯데캐슬,39.74,7,2017,10685,28,2026,5,13
강북구,미아동,래미안트리베라1단지,114.98,12,2010,70100,0,2026,5,7
강북구,번동,주공3단지,26.37,7,1990,3672,16,2026,5,13
강북구,미아동,삼성래미안트리베라2단지,84.29,8,2010,31500,120,2026,5,13
강북구,번동,번동솔그린,59.82,11,1999,35000,0,2026,5,13
강북구,번동,주공3단지,26.37,11,1990,860,32,2026,5,13
강북구,번동,주공3단지,26.37,6,1990,4760,20,2026,5,13
강북구,수유동,수유벽산1차,63.78,10,1993,25000,60,2026,5,11
강북구,번동,주공3단지,26.37,11,1990,4760,20,2026,5,13
강북구,미아동,래미안트리베라1단지,84.97,3,2010,25000,130,2026,5,12
강북구,번동,한솔솔파크,84.88,12,2005,47000,0,2026,5,9
강북구,미아동,두예파크빌,32.94,4,2005,5500,0,2026,5,12
강북구,번동,선경타워,18.93,6,2023,5000,110,2026,5,7
강북구,미아동,꿈의숲해링턴플레이스,84.67,4,2019,55650,0,2026,5,4
강북구,미아동,두산위브트레지움,39.98,10,2011,1048,21,2026,5,11
강북구,미아동,래미안트리베라1단지(임대),44.85,13,2010,3293,33,2026,5,11
강북구,미아동,래미안트리베라1단지(임대),44.85,8,2010,3293,33,2026,5,11
강북구,미아동,두산위브트레지움,39.98,4,2011,2495,17,2026,5,11
강북구,미아동,미아1차래미안,84.58,1,2006,59000,0,2026,5,11
강북구,미아동,두산위브트레지움,39.98,8,2011,2620,17,2026,5,11
강북구,미아동,송천센트레빌,84.867,1,2010,62500,0,2026,5,9
강북구,수유동,엘리브,35.79,7,2022,3000,130,2026,5,11
강북구,미아동,한화포레나미아,80.8489,14,2025,5000,260,2026,5,5
강북구,미아동,꿈의숲해링턴플레이스,84.88,12,2019,30000,160,2026,5,9
강북구,미아동,두산위브트레지움,39.98,10,2011,2620,17,2026,5,11
강북구,미아동,에스케이북한산시티,84.76,15,2004,55000,0,2026,5,9
강북구,미아동,래미안트리베라1단지(임대),44.85,4,2010,3293,33,2026,5,11
강북구,미아동,에스케이북한산시티,84.76,15,2004,48000,0,2026,5,6
강북구,미아동,한화포레나미아,84.9706,8,2025,5000,310,2026,5,9
강북구,미아동,삼성래미안트리베라2단지,84.29,5,2010,20000,119,2026,5,8
강북구,미아동,미아신구,59.415,5,2000,26000,0,2026,5,7
강북구,미아동,삼성래미안트리베라2단지,58.99,8,2010,46000,0,2026,5,5
강북구,번동,동문,84.86,3,1998,40000,0,2026,5,5
강북구,미아동,에스케이북한산시티,84.86,20,2004,20000,150,2026,5,5
강북구,미아동,꿈의숲롯데캐슬,39.74,10,2017,10387,29,2026,5,7
강북구,미아동,래미안트리베라1단지,59.6,1,2010,42000,0,2026,5,7
강북구,미아동,경남아너스빌(1356-0),84.873,5,2003,40000,60,2026,5,7
강북구,미아동,래미안트리베라1단지,59.6,3,2010,57000,0,2026,5,1
강북구,미아동,미아동부센트레빌,59.96,5,2006,25000,100,2026,5,1
강북구,수유동,수유벽산1차,84.92,12,1993,45000,0,2026,5,2
강북구,미아동,두산위브트레지움,84.99,9,2011,52500,0,2026,5,6
강북구,번동,파크에비뉴,12.36,5,2014,1000,45,2026,5,2
강북구,수유동,수유벽산1차,122.58,2,1993,46500,0,2026,5,4
강북구,번동,번동솔그린,59.82,11,1999,32550,0,2026,5,1
강북구,미아동,에스케이북한산시티,84.71,13,2004,10000,195,2026,5,6
강북구,미아동,벽산라이브파크,84.89,8,2004,10000,130,2026,5,4
강북구,미아동,한화포레나미아,59.9877,15,2025,30000,110,2026,5,4
강북구,미아동,두산위브트레지움,84.99,1,2011,62000,0,2026,5,1
강북구,미아동,벽산라이브파크,84.89,8,2004,10000,130,2026,5,4
강북구,미아동,한화포레나미아,74.9676,13,2025,65000,0,2026,5,4
강북구,미아동,한화포레나미아,53.985,26,2025,5000,185,2026,5,1
강북구,미아동,경남아너스빌(1356-0),59.964,7,2003,46000,0,2026,5,1
강북구,미아동,한화포레나미아,74.9676,6,2025,66000,0,2026,5,1
강북구,미아동,미아동부센트레빌,84.92,5,2006,52000,0,2026,5,2
강북구,미아동,경남아너스빌,84.9898,1,2008,48000,0,2026,5,2
도봉구,도봉동,서원,49.77,3,1996,2000,85,2026,5,31
도봉구,쌍문동,한양1,66.33,6,1986,26000,0,2026,5,30
도봉구,창동,창동주공4단지,41.3,3,1991,3000,80,2026,5,14
도봉구,도봉동,삼환도봉,83.97,8,1987,15000,80,2026,5,9
도봉구,도봉동,한신,84.94,13,1995,5000,125,2026,5,6
도봉구,방학동,삼익세라믹아파트,42.93,3,1988,18000,0,2026,5,16
도봉구,창동,엘리시아,53.42,6,2020,31000,0,2026,5,29
도봉구,방학동,대상타운현대아파트,84.78,19,2001,10000,170,2026,5,12
도봉구,창동,태영데시앙,84.995,3,2003,53500,0,2026,5,11
도봉구,도봉동,서원,49.77,3,1996,2000,85,2026,5,31
도봉구,쌍문동,에드가쌍문,23.1866,4,2022,200,44,2026,5,20
도봉구,도봉동,삼환도봉,73.89,11,1987,12000,44,2026,5,22
도봉구,방학동,신동아아파트1,43.35,4,1986,1500,75,2026,5,11
도봉구,쌍문동,삼익세라믹,40.11,8,1988,1000,73,2026,5,13
도봉구,쌍문동,에드가쌍문,21.1866,4,2022,200,42,2026,5,6
도봉구,쌍문동,에덴,67.404,2,2001,30000,0,2026,5,29
도봉구,창동,주공17단지,36.16,6,1989,18900,0,2026,5,22
도봉구,쌍문동,대웅,44.82,5,1989,1500,60,2026,5,18
도봉구,쌍문동,도봉금강아미움파크타운,62.438,10,2018,20000,55,2026,5,11
도봉구,방학동,신동아아파트1,126.89,3,1986,30000,105,2026,5,14
도봉구,방학동,대상타운현대아파트,133.97,5,2001,77000,0,2026,5,5
도봉구,도봉동,삼환도봉,83.97,8,1987,15000,80,2026,5,9
도봉구,방학동,성원105동,109.17,6,1998,38000,0,2026,5,16
도봉구,쌍문동,쌍문동LG트윈빌1,240.97,5,1999,58000,0,2026,5,21
도봉구,창동,스마트트라움,16.42,11,2021,5000,40,2026,5,16
도봉구,방학동,퍼스티안,13.6794,13,2013,500,60,2026,5,25
도봉구,방학동,대상타운현대아파트,84.78,7,2001,63000,0,2026,5,16
도봉구,창동,창동주공1단지,44.89,6,1990,2000,85,2026,5,17
도봉구,창동,스마트트라움,16.42,11,2021,2000,65,2026,5,26
도봉구,쌍문동,에드가쌍문,21.1866,5,2022,200,42,2026,5,26
도봉구,쌍문동,에드가쌍문,23.1866,7,2022,200,44,2026,5,18
도봉구,창동,창동주공4단지,41.3,3,1991,3000,80,2026,5,14
도봉구,창동,주공17단지,36.16,4,1989,2000,75,2026,5,31
도봉구,창동,넥스젠하우스,12.09,7,2011,1500,50,2026,5,22
도봉구,방학동,성원아파트,59.94,2,1996,15000,33,2026,5,30
도봉구,창동,동아,89.45,11,1988,15000,150,2026,5,26
도봉구,창동,대림e-편한세상,113.271,17,2003,74000,0,2026,5,23
도봉구,창동,창동현대4차,101.9957,10,2003,60000,0,2026,5,28
도봉구,창동,창동주공18단지,59.39,9,1988,3000,60,2026,5,6
도봉구,방학동,벽산아파트1,52.36,3,1991,23000,0,2026,5,18
도봉구,창동,북한산아이파크5차,84.4516,4,2004,60000,0,2026,5,15
도봉구,도봉동,유원도봉,84.93,1,1990,28000,0,2026,5,27
도봉구,방학동,라벨라,53.95,7,2021,3500,108,2026,5,7
도봉구,방학동,브라운스톤방학아파트,84.9,20,2003,20000,150,2026,5,6
도봉구,쌍문동,에드가쌍문,30.0311,2,2022,200,55,2026,5,29
도봉구,쌍문동,한양2,48.96,4,1988,3000,95,2026,5,6
도봉구,쌍문동,한양2,84.9,9,1988,41000,0,2026,5,21
도봉구,쌍문동,삼익세라믹,58.77,2,1988,27300,0,2026,5,11
도봉구,창동,창동주공3단지(해등마을),59.39,11,1990,3000,95,2026,5,14
도봉구,쌍문동,한양2,28.71,12,1988,1000,65,2026,5,13
도봉구,창동,주공19단지(창동리버타운),90.94,15,1988,35000,0,2026,5,16
도봉구,방학동,신동아아파트5,59.4,9,1998,28000,0,2026,5,18
도봉구,쌍문동,신원2,84.99,9,1998,35000,0,2026,5,30
도봉구,도봉동,한신,84.94,16,1995,42000,0,2026,5,30
도봉구,쌍문동,대웅,55.5,2,1989,15500,0,2026,5,28
도봉구,창동,삼성래미안,84.87,11,1992,40500,0,2026,5,15
도봉구,쌍문동,금호1,36.36,13,1990,20000,0,2026,5,22
도봉구,쌍문동,현대1,84.66,14,1990,6300,126,2026,5,27
도봉구,창동,스마트트라움,16.42,5,2021,1000,80,2026,5,13
도봉구,창동,창동현대4차,101.9957,2,2003,40000,130,2026,5,23
도봉구,쌍문동,한양2,28.71,6,1988,1000,70,2026,5,20
도봉구,창동,신창,39.6,13,1998,1000,63,2026,5,30
도봉구,창동,창동신도브래뉴1차,84.989,15,2003,20000,160,2026,5,22
도봉구,창동,창동주공3단지(해등마을),49.94,8,1990,5000,105,2026,5,15
도봉구,쌍문동,에덴,67.404,2,2001,30000,0,2026,5,29
도봉구,창동,주공17단지,36.16,10,1989,5000,55,2026,5,28
도봉구,방학동,청구아파트,84.97,6,1994,5000,180,2026,5,12
도봉구,창동,창동주공3단지(해등마을),79.07,1,1990,5000,170,2026,5,22
도봉구,방학동,청구아파트,84.97,1,1994,45000,0,2026,5,19
도봉구,방학동,신동아아파트5,59.4,9,1998,28000,0,2026,5,18
도봉구,창동,창동주공4단지,41.3,5,1991,1000,68,2026,5,19
도봉구,방학동,퍼스티안,13.6794,12,2013,170,70,2026,5,21
도봉구,창동,창동주공3단지(해등마을),49.94,2,1990,3000,80,2026,5,25
도봉구,창동,주공19단지(창동리버타운),68.86,1,1988,31500,0,2026,5,1
도봉구,쌍문동,삼익세라믹,40.11,10,1988,13600,0,2026,5,22
도봉구,창동,창동주공18단지,45.77,11,1988,2000,95,2026,5,7
도봉구,창동,창동주공4단지,41.3,9,1991,2000,85,2026,5,21
도봉구,창동,동아청솔,134.94,21,1997,20000,280,2026,5,29
도봉구,창동,주공19단지(창동리버타운),60.5,2,1988,26000,0,2026,5,14
도봉구,쌍문동,한양2,35.1,14,1988,1000,77,2026,5,27
도봉구,창동,주공17단지,36.34,12,1989,2000,65,2026,5,8
도봉구,창동,주공19단지(창동리버타운),68.86,7,1988,16000,87,2026,5,26
도봉구,쌍문동,한양2,35.1,6,1988,1000,78,2026,5,18
도봉구,창동,신창,39.6,9,1998,2000,70,2026,5,11
도봉구,창동,삼성래미안,84.87,1,1992,20000,100,2026,5,28
도봉구,창동,창동주공3단지(해등마을),58.01,13,1990,4000,100,2026,5,27
도봉구,창동,창동역블루핀1동,65.83,3,2020,40000,0,2026,5,15
도봉구,창동,창동주공3단지(해등마을),44.89,11,1990,21000,0,2026,5,16
도봉구,방학동,한원힐트리움아레나,31.29,14,2021,3000,120,2026,5,9
도봉구,창동,창동주공4단지,41.3,10,1991,19000,0,2026,5,30
도봉구,방학동,방학동삼성래미안1,118.381,21,2002,70000,0,2026,5,28
도봉구,창동,창동주공18단지,32.34,12,1988,1000,60,2026,5,7
도봉구,창동,주공17단지,41.3,12,1989,16800,0,2026,5,30
도봉구,쌍문동,한양6,83.86,6,2002,4000,200,2026,5,30
도봉구,쌍문동,한양2,48.96,9,1988,3000,77,2026,5,21
도봉구,창동,창동주공4단지,36.16,14,1991,17000,0,2026,5,30
도봉구,도봉동,유원도봉,84.93,10,1990,40000,0,2026,5,30
도봉구,도봉동,한신,84.94,15,1995,5000,110,2026,5,30
도봉구,창동,창동주공3단지(해등마을),49.94,8,1990,23000,0,2026,5,30
도봉구,창동,창동주공1단지,49.94,12,1990,28200,0,2026,5,30
도봉구,창동,주공19단지(창동리버타운),59.39,13,1988,29400,0,2026,5,15
도봉구,창동,창동주공3단지(해등마을),41.3,2,1990,2000,90,2026,5,4
도봉구,창동,주공17단지,36.16,11,1989,18000,0,2026,5,29
도봉구,도봉동,한신,84.94,9,1995,40950,0,2026,5,29
도봉구,쌍문동,한양7,84.92,15,1993,50000,0,2026,5,30
도봉구,창동,주공17단지,36.16,13,1989,1000,68,2026,5,15
도봉구,창동,주공17단지,36.34,3,1989,1000,55,2026,5,28
도봉구,창동,창동주공3단지(해등마을),58.01,13,1990,31000,0,2026,5,20
도봉구,방학동,신동아아파트1,70.62,11,1986,29400,0,2026,5,29
도봉구,방학동,방학지음재힐스,14.86,12,2018,2000,60,2026,5,16
도봉구,창동,동아청솔,59.445,7,1997,40000,0,2026,5,29
도봉구,창동,쌍용,84.76,23,1997,48500,0,2026,5,27
도봉구,창동,창동주공3단지(해등마을),61.52,14,1990,15000,70,2026,5,26
도봉구,창동,호신빌딩,16.64,6,2017,1000,49,2026,5,26
도봉구,창동,창동주공3단지(해등마을),61.52,6,1990,35000,0,2026,5,11
도봉구,창동,창동주공3단지(해등마을),49.94,13,1990,24150,0,2026,5,23
도봉구,도봉동,서원,40.02,10,1996,18000,0,2026,5,26
도봉구,창동,새울(715-25),38.94,5,2014,25000,0,2026,5,19
도봉구,도봉동,한신,84.94,17,1995,33000,0,2026,5,28
도봉구,창동,주공19단지(창동리버타운),99.75,7,1988,55000,0,2026,5,28
도봉구,창동,창동주공2단지,41.3,15,1990,2000,90,2026,5,28
도봉구,창동,창동주공3단지(해등마을),49.94,15,1990,2000,84,2026,5,28
도봉구,도봉동,서원,49.77,5,1996,20000,0,2026,5,2
도봉구,창동,태영데시앙,84.995,7,2003,47000,0,2026,5,28
도봉구,창동,태영데시앙,84.995,16,2003,61000,0,2026,5,27
도봉구,도봉동,한신,84.94,4,1995,42000,0,2026,5,26
도봉구,쌍문동,금호1,54.48,5,1990,6000,85,2026,5,28
도봉구,창동,주공17단지,36.16,7,1989,1000,70,2026,5,11
도봉구,방학동,신동아아파트4,59.92,13,1995,29000,0,2026,5,27
도봉구,도봉동,한신,84.94,5,1995,37800,0,2026,5,16
도봉구,창동,동아,88.23,7,1988,42000,0,2026,5,28
도봉구,쌍문동,한양2,59.67,1,1988,29000,0,2026,5,27
도봉구,쌍문동,동익미라벨,84.39,2,1987,2000,100,2026,5,25
도봉구,창동,주공19단지(창동리버타운),59.39,6,1988,37000,0,2026,5,27
도봉구,창동,동아청솔,84.97,2,1997,36000,0,2026,5,26
도봉구,도봉동,한신,84.94,5,1995,38000,0,2026,5,27
도봉구,쌍문동,금호1,70.13,7,1990,26250,0,2026,5,27
도봉구,창동,창동주공3단지(해등마을),49.94,11,1990,3000,89,2026,5,27
도봉구,쌍문동,현대1,44.55,10,1990,19000,0,2026,5,27
도봉구,창동,창동주공1단지,49.94,1,1990,5000,105,2026,5,22
도봉구,창동,동아청솔,84.97,17,1997,55000,0,2026,5,22
도봉구,방학동,이에스에이아파트2,84.98,18,2003,55000,0,2026,5,22
도봉구,창동,상아1차아파트,69.03,13,1987,27000,0,2026,5,27
도봉구,쌍문동,한양2,35.1,4,1988,1000,51,2026,5,6
도봉구,창동,창동주공4단지,36.16,12,1991,9000,25,2026,5,22
도봉구,방학동,대원그린아파트,53.7,11,1987,8000,50,2026,5,20
도봉구,방학동,신동아아파트1,43.35,5,1986,19500,0,2026,5,20
도봉구,방학동,거성학마을아파트,59.99,17,1994,13000,60,2026,5,22
도봉구,도봉동,유원도봉,84.93,1,1990,28000,0,2026,5,26
도봉구,방학동,신동아아파트1,70.62,1,1986,25000,0,2026,5,20
도봉구,방학동,거성학마을아파트,84.93,10,1994,32000,0,2026,5,22
도봉구,방학동,신동아아파트1,43.35,12,1986,17500,0,2026,5,26
도봉구,창동,창동주공2단지,41.3,6,1990,22000,0,2026,5,26
도봉구,창동,창동한승미메이드,112.9242,5,2004,50000,0,2026,5,26
도봉구,창동,월가타워,15,9,2013,6800,14,2026,5,6
도봉구,쌍문동,현대1,44.55,11,1990,19000,0,2026,5,8
도봉구,도봉동,한신,84.94,3,1995,5000,130,2026,5,2
도봉구,창동,창동주공2단지,41.3,3,1990,2000,44,2026,5,23
도봉구,창동,북한산아이파크5차,101.9176,20,2004,65000,0,2026,5,11
도봉구,창동,창동주공3단지(해등마을),61.52,14,1990,15000,0,2026,5,26
도봉구,창동,넥스젠하우스,12.16,9,2011,2000,35,2026,5,19
도봉구,도봉동,서원,40.02,10,1996,18000,0,2026,5,26
도봉구,창동,창동주공1단지,49.94,2,1990,33000,0,2026,5,25
도봉구,방학동,청구아파트,84.97,7,1994,42000,0,2026,5,18
도봉구,방학동,대상타운현대아파트,84.78,19,2001,10000,170,2026,5,12
도봉구,쌍문동,한양6,83.86,15,2002,48600,0,2026,5,22
도봉구,도봉동,서원,49.77,10,1996,3000,65,2026,5,26
도봉구,창동,창동주공18단지,45.9,8,1988,19000,0,2026,5,24
도봉구,창동,창동주공3단지(해등마을),61.52,4,1990,24150,10,2026,5,12
도봉구,도봉동,한신,84.94,1,1995,37000,0,2026,5,23
도봉구,창동,주공19단지(창동리버타운),59.39,10,1988,2000,80,2026,5,24
도봉구,도봉동,도봉파크빌3,84.155,11,2002,46000,0,2026,5,23
도봉구,창동,창동주공3단지(해등마을),59.39,14,1990,15000,35,2026,5,22
도봉구,창동,동아청솔,84.97,15,1997,49350,0,2026,5,16
도봉구,쌍문동,한양6,83.86,15,2002,48600,0,2026,5,22
도봉구,도봉동,동아에코빌,84.967,8,2003,43500,0,2026,5,22
도봉구,도봉동,동아에코빌,123.687,5,2003,45000,0,2026,5,16
도봉구,쌍문동,금호1,70.13,7,1990,10000,100,2026,5,22
도봉구,쌍문동,e편한세상,84.754,6,2007,42300,0,2026,5,22
도봉구,쌍문동,한양2,59.67,10,1988,32000,0,2026,5,22
도봉구,방학동,방학동삼성래미안1,84.937,13,2002,61000,0,2026,5,12
도봉구,방학동,이에스에이아파트1,124.66,15,2003,61000,0,2026,5,22
도봉구,쌍문동,한양2,28.71,7,1988,1000,70,2026,5,21
도봉구,창동,창동주공1단지,49.94,9,1990,35000,0,2026,5,22
도봉구,창동,북한산아이파크5차,84.4516,22,2004,57750,0,2026,5,21
도봉구,창동,스마트트라움,16.42,5,2021,14000,0,2026,5,18
도봉구,창동,유디하우스창동,39.99,5,2023,15000,51,2026,5,20
도봉구,방학동,효성하이타운아파트,84.86,6,2002,40000,0,2026,5,18
도봉구,방학동,신동아아파트4,84.9,3,1995,25000,50,2026,5,20
도봉구,창동,창동주공4단지,41.3,15,1991,13000,10,2026,5,20
도봉구,방학동,신동아아파트1,53.16,4,1986,3000,80,2026,5,21
도봉구,방학동,신동아아파트1,43.35,5,1986,1950,0,2026,5,20
도봉구,창동,창동주공4단지,41.3,6,1991,16000,20,2026,5,16
도봉구,창동,창동현대4차,101.9957,1,2003,5000,200,2026,5,20
도봉구,창동,주공19단지(창동리버타운),61.52,15,1988,3000,120,2026,5,15
도봉구,도봉동,한신,84.94,14,1995,35000,0,2026,5,13
도봉구,쌍문동,삼익세라믹,58.77,5,1988,5000,100,2026,5,11
도봉구,방학동,우성아파트1,51.91,10,1992,3000,100,2026,5,13
도봉구,창동,창동주공3단지(해등마을),41.3,1,1990,23000,0,2026,5,18
도봉구,쌍문동,한양6,83.86,5,2002,42000,0,2026,5,21
도봉구,창동,주공19단지(창동리버타운),68.86,14,1988,20000,75,2026,5,21
도봉구,방학동,신동아아파트4,59.92,9,1995,2000,70,2026,5,19
도봉구,창동,창동주공4단지,49.94,10,1991,18000,0,2026,5,20
도봉구,쌍문동,쌍문동LG트윈빌1,240.97,3,1999,50000,0,2026,5,20
도봉구,창동,창동주공2단지,36.34,13,1990,4000,70,2026,5,20
도봉구,방학동,청구아파트,84.97,11,1994,37500,0,2026,5,20
도봉구,창동,넥스젠하우스,12.95,5,2011,3000,25,2026,5,19
도봉구,창동,창동주공1단지,58.01,5,1990,2000,110,2026,5,18
도봉구,도봉동,서광,59.91,1,1999,24000,0,2026,5,19
도봉구,창동,창동주공4단지,41.3,14,1991,1000,65,2026,5,14
도봉구,창동,주공19단지(창동리버타운),60.5,6,1988,25300,0,2026,5,20
도봉구,창동,창동주공3단지(해등마을),49.94,15,1990,35000,0,2026,5,20
도봉구,방학동,청구아파트,84.97,1,1994,45000,0,2026,5,19
도봉구,창동,북한산아이파크5차,84.4516,20,2004,48600,0,2026,5,9
도봉구,도봉동,한신,84.94,13,1995,38850,0,2026,5,18
도봉구,방학동,우성아파트1,72.06,3,1992,35000,0,2026,5,19
도봉구,도봉동,도봉파크빌2,84.354,4,2002,13000,85,2026,5,19
도봉구,창동,창동주공2단지,49.94,3,1990,29400,0,2026,5,19
도봉구,쌍문동,한양6,83.86,7,2002,40000,30,2026,5,14
도봉구,창동,주공19단지(창동리버타운),61.52,12,1988,3000,105,2026,5,16
도봉구,쌍문동,삼익세라믹,42.93,6,1988,22000,0,2026,5,15
도봉구,창동,창동주공4단지,41.3,1,1991,20000,0,2026,5,19
도봉구,방학동,벽산아파트1,63.38,3,1991,30000,0,2026,5,15
도봉구,방학동,신동아아파트1,53.16,15,1986,23000,0,2026,5,15
도봉구,창동,창동주공3단지(해등마을),66.56,2,1990,25000,0,2026,5,19
도봉구,창동,주공19단지(창동리버타운),60.5,12,1988,1000,40,2026,5,19
도봉구,창동,주공17단지,36.16,14,1989,1000,42,2026,5,19
도봉구,창동,창동주공4단지,49.94,2,1991,19845,0,2026,5,16
도봉구,쌍문동,금호1,54.48,13,1990,26000,0,2026,5,11
도봉구,도봉동,서원,49.77,1,1996,22000,0,2026,5,16
도봉구,방학동,신동아아파트1,53.16,7,1986,3000,90,2026,5,11
도봉구,창동,쌍용,59.88,5,1997,42000,0,2026,5,18
도봉구,도봉동,삼환도봉,73.89,2,1987,5000,100,2026,5,7
도봉구,쌍문동,대웅,44.82,1,1989,2000,65,2026,5,18
도봉구,창동,주공19단지(창동리버타운),68.86,6,1988,34650,0,2026,5,15
도봉구,쌍문동,한양2,35.1,9,1988,15000,15,2026,5,15
도봉구,쌍문동,에드가쌍문,30.0311,5,2022,200,55,2026,5,8
도봉구,방학동,신동아아파트1,53.16,9,1986,24000,0,2026,5,18
도봉구,창동,주공17단지,41.3,6,1989,15000,0,2026,5,14
도봉구,도봉동,한신,84.94,11,1995,35000,0,2026,5,16
도봉구,방학동,우성아파트2,84.98,10,1993,34650,0,2026,5,8
도봉구,창동,창동주공4단지,41.3,11,1991,15750,0,2026,5,16
도봉구,쌍문동,삼익세라믹,42.93,10,1988,1000,90,2026,5,6
도봉구,창동,신창,59.4,8,1998,33000,0,2026,5,16
도봉구,쌍문동,삼익세라믹,40.11,6,1988,10000,40,2026,5,15
도봉구,방학동,대상타운현대아파트,84.78,7,2001,63000,0,2026,5,16
도봉구,창동,상아1차아파트,69.03,3,1987,28000,14,2026,5,14
도봉구,쌍문동,삼익세라믹,42.93,14,1988,20000,0,2026,5,13
도봉구,방학동,신동아아파트1,62.22,15,1986,28000,0,2026,5,16
도봉구,방학동,방학동삼성래미안1,118.381,7,2002,60000,20,2026,5,15
도봉구,창동,주공19단지(창동리버타운),59.39,6,1988,35000,0,2026,5,1
도봉구,창동,창동주공1단지,59.22,7,1990,37000,0,2026,5,10
도봉구,창동,태영데시앙,84.995,15,2003,47000,0,2026,5,16
도봉구,창동,주공17단지,36.16,12,1989,18000,0,2026,5,9
도봉구,도봉동,서원,49.77,8,1996,20000,0,2026,5,13
도봉구,쌍문동,삼익세라믹,40.11,6,1988,2000,75,2026,5,15
도봉구,창동,창동주공1단지,49.94,5,1990,27000,0,2026,5,15
도봉구,창동,현대조합,84.21,15,2000,21000,84,2026,5,15
도봉구,창동,삼성래미안,66.48,11,1992,35000,0,2026,5,12
도봉구,창동,태영데시앙,84.995,15,2003,53000,0,2026,5,15
도봉구,방학동,퍼스티안,13.6794,6,2013,500,45,2026,5,2
도봉구,쌍문동,삼익세라믹,58.77,15,1988,26250,0,2026,5,14
도봉구,도봉동,삼환도봉,83.97,7,1987,28000,0,2026,5,14
도봉구,도봉동,삼환도봉,83.97,7,1987,28000,0,2026,5,14
도봉구,창동,삼성래미안,84.87,18,1992,35000,60,2026,5,7
도봉구,쌍문동,파라다이스빌,59.33,14,2004,38000,0,2026,5,15
도봉구,도봉동,서원,40.02,11,1996,20000,0,2026,5,12
도봉구,도봉동,서원,40.02,11,1996,20000,0,2026,5,12
도봉구,창동,주공17단지,36.16,6,1989,20000,0,2026,5,14
도봉구,방학동,대상타운현대아파트,84.78,5,2001,30000,100,2026,5,2
도봉구,창동,금용,59.97,19,1997,20000,50,2026,5,2
도봉구,창동,창동주공3단지(해등마을),59.39,7,1990,24150,0,2026,5,8
도봉구,도봉동,한신,84.94,12,1995,35400,0,2026,5,14
도봉구,쌍문동,한양5,76.405,12,1991,20000,70,2026,5,14
도봉구,쌍문동,청구,84.63,15,1996,5000,190,2026,5,14
도봉구,창동,창동주공3단지(해등마을),49.94,8,1990,3000,80,2026,5,1
도봉구,창동,쌍용,59.88,7,1997,36750,0,2026,5,14
도봉구,창동,대림e-편한세상,78.284,12,2003,10000,170,2026,5,14
도봉구,창동,창동주공2단지,49.94,7,1990,3000,120,2026,5,13
도봉구,창동,LIG건영캐스빌,80.1498,4,2002,50000,0,2026,5,13
도봉구,창동,쌍용,84.76,14,1997,45000,0,2026,5,13
도봉구,창동,대우,59.86,6,1995,20000,45,2026,5,13
도봉구,방학동,청구아파트,84.97,6,1994,5000,180,2026,5,12
도봉구,방학동,삼익세라믹아파트,58.77,12,1988,20000,0,2026,5,12
도봉구,쌍문동,성원,84.98,8,1989,27300,42,2026,5,13
도봉구,창동,창동주공1단지,49.94,10,1990,35000,0,2026,5,9
도봉구,창동,창동주공4단지,49.94,2,1991,26000,0,2026,5,9
도봉구,창동,창동주공3단지(해등마을),49.94,6,1990,23000,0,2026,5,12
도봉구,창동,주공17단지,36.16,8,1989,13000,18,2026,5,6
도봉구,창동,창동주공4단지,41.3,7,1991,1000,65,2026,5,13
도봉구,창동,주공19단지(창동리버타운),59.39,7,1988,26000,0,2026,5,9
도봉구,쌍문동,삼익세라믹,42.93,5,1988,18000,0,2026,5,12
도봉구,쌍문동,금호2,69.82,6,1991,35700,0,2026,5,11
도봉구,창동,호신빌딩,16.64,9,2017,2000,44,2026,5,11
도봉구,창동,호신빌딩,25.29,10,2017,2000,60,2026,5,11
도봉구,창동,호신빌딩,16.64,6,2017,2000,45,2026,5,8
도봉구,창동,주공17단지,36.16,4,1989,17000,0,2026,5,9
도봉구,창동,창동신도브래뉴1차,84.989,6,2003,25000,90,2026,5,6
도봉구,방학동,삼익세라믹아파트,74.105,7,1988,3150,105,2026,5,11
도봉구,쌍문동,삼익세라믹,42.93,3,1988,3000,90,2026,5,12
도봉구,창동,대우,84.88,4,1995,31000,40,2026,5,12
도봉구,창동,창동주공3단지(해등마을),58.01,6,1990,30000,0,2026,5,7
도봉구,도봉동,한신,84.94,9,1995,47500,0,2026,5,8
도봉구,방학동,벽산아파트1,52.36,9,1991,2000,80,2026,5,11
도봉구,창동,주공17단지,36.16,5,1989,16500,0,2026,5,12
도봉구,방학동,신동아아파트1,70.62,11,1986,3000,80,2026,5,8
도봉구,창동,대림e-편한세상,84.976,10,2003,20000,150,2026,5,10
도봉구,도봉동,중흥에스-클래스,84.996,6,2004,40000,15,2026,5,11
도봉구,도봉동,럭키,84.86,11,1992,7000,95,2026,5,11
도봉구,창동,창동주공1단지,49.94,7,1990,23150,0,2026,5,1
도봉구,창동,주공19단지(창동리버타운),59.39,13,1988,33000,0,2026,5,11
도봉구,창동,주공17단지,49.94,14,1989,2000,75,2026,5,8
도봉구,방학동,신동아아파트1,43.35,4,1986,2000,70,2026,5,11
도봉구,쌍문동,삼익세라믹,58.77,7,1988,20000,50,2026,5,8
도봉구,창동,창동주공1단지,44.89,9,1990,3000,95,2026,5,1
도봉구,창동,창동주공3단지(해등마을),49.94,3,1990,28000,0,2026,5,11
도봉구,창동,창동주공18단지,45.9,3,1988,13000,33,2026,5,5
도봉구,창동,주공19단지(창동리버타운),60.5,2,1988,30450,0,2026,5,9
도봉구,쌍문동,북한산코오롱하늘채,84.98,9,2014,55000,0,2026,5,9
도봉구,창동,삼성래미안,84.87,7,1992,10000,155,2026,5,5
도봉구,방학동,퍼스티안,13.6794,8,2013,8400,5,2026,5,8
도봉구,방학동,이에스에이아파트1,84.98,11,2003,44000,0,2026,5,8
도봉구,도봉동,서울가든,75.33,1,1987,32000,0,2026,5,1
도봉구,창동,창동주공3단지(해등마을),41.3,10,1990,2000,75,2026,5,8
도봉구,쌍문동,한양2,76.92,5,1988,33600,0,2026,5,8
도봉구,방학동,삼익세라믹아파트,84.96,6,1988,6000,90,2026,5,7
도봉구,창동,주공17단지,36.16,10,1989,15300,0,2026,5,2
도봉구,창동,동아그린,59.96,15,1996,37800,0,2026,5,5
도봉구,창동,주공17단지,36.16,3,1989,18000,0,2026,5,6
도봉구,쌍문동,삼익세라믹,42.93,14,1988,10000,50,2026,5,6
도봉구,방학동,대상타운현대아파트,133.97,5,2001,77000,0,2026,5,5
도봉구,방학동,신동아아파트1,70.62,6,1986,29400,0,2026,5,4
도봉구,방학동,신동아아파트1,43.35,10,1986,17000,0,2026,5,7
도봉구,창동,주공19단지(창동리버타운),61.52,12,1988,2000,110,2026,5,6
도봉구,방학동,신동아아파트2,84.86,12,1992,33000,0,2026,5,7
도봉구,창동,미소애,45.466,9,2005,29500,0,2026,5,5
도봉구,쌍문동,성원,84.98,14,1989,39000,0,2026,5,6
도봉구,창동,창동주공3단지(해등마을),58.01,2,1990,35000,0,2026,5,1
도봉구,도봉동,래미안도봉,84.55,11,2005,45000,0,2026,5,6
도봉구,방학동,청구아파트,84.97,11,1994,46000,0,2026,5,6
도봉구,창동,주공19단지(창동리버타운),68.86,10,1988,25000,0,2026,5,6
도봉구,도봉동,중흥에스-클래스,84.951,2,2004,10000,130,2026,5,6
도봉구,창동,주공17단지,49.94,3,1989,28000,0,2026,5,4
도봉구,방학동,신동아아파트1,84.87,8,1986,24675,0,2026,5,6
도봉구,창동,동아그린,84.94,1,1996,61000,0,2026,5,6
도봉구,창동,창동주공18단지,45.55,14,1988,3000,85,2026,5,6
도봉구,도봉동,한신,84.94,7,1995,48000,0,2026,5,6
도봉구,창동,창동신도브래뉴1차,121.852,3,2003,57000,0,2026,5,6
도봉구,도봉동,삼환도봉,73.89,4,1987,23000,0,2026,5,6
도봉구,창동,주공19단지(창동리버타운),59.39,11,1988,24000,30,2026,5,6
도봉구,방학동,신동아아파트1,53.16,2,1986,17000,20,2026,5,4
도봉구,창동,수산트리플,84.89,6,2004,46000,0,2026,5,4
도봉구,도봉동,양우내안애,84.92,11,2005,41000,0,2026,5,4
도봉구,창동,창동주공18단지,45.9,9,1988,25000,0,2026,5,4
도봉구,방학동,방학동삼성래미안2,84.937,11,2002,35000,100,2026,5,2
도봉구,창동,창동주공4단지,41.3,3,1991,2000,85,2026,5,4
도봉구,쌍문동,한양5,84.635,11,1991,30500,37,2026,5,4
도봉구,창동,창동주공3단지(해등마을),66.56,11,1990,2000,100,2026,5,4
도봉구,창동,주공17단지,36.16,11,1989,16000,0,2026,5,4
도봉구,쌍문동,극동아파트,84.9,2,1996,40000,0,2026,5,4
도봉구,창동,창동주공2단지,41.3,5,1990,16000,0,2026,5,1
도봉구,창동,주공19단지(창동리버타운),68.86,8,1988,12000,130,2026,5,1
도봉구,창동,창동현대타운,47.79,2,1999,2000,60,2026,5,2
도봉구,창동,창동주공2단지,49.94,10,1990,25000,0,2026,5,2
도봉구,쌍문동,삼익세라믹,40.11,9,1988,18000,0,2026,5,4
도봉구,도봉동,중흥에스-클래스,84.951,1,2004,39900,0,2026,5,2
도봉구,창동,상아2차아파트,58.59,6,1988,33000,0,2026,5,2
도봉구,도봉동,서원,49.77,5,1996,20000,0,2026,5,2
도봉구,창동,동아청솔,134.94,5,1997,57750,0,2026,5,2
노원구,상계동,상계주공2(고층),32.39,1,1987,1000,75,2026,5,24
노원구,하계동,청솔(시영7),49.5,3,1989,10000,57,2026,5,23
노원구,상계동,상계주공1(고층),41.3,11,1988,19950,0,2026,5,30
노원구,상계동,상계주공9(고층),49.94,6,1988,27300,0,2026,5,30
노원구,공릉동,태릉우성아파트,66.87,8,1985,35000,0,2026,5,26
노원구,중계동,주공8,49.72,8,1993,30000,30,2026,5,30
노원구,월계동,미성,33.28,5,1986,2000,42,2026,5,27
노원구,상계동,현대4차,84.73,11,1995,19000,0,2026,5,17
노원구,공릉동,시영2단지(라이프)아파트,39.6,10,1994,23000,0,2026,5,22
노원구,하계동,건영,53.14,15,1988,35000,0,2026,5,21
노원구,공릉동,미라쉘,16.69,7,2018,3500,56,2026,5,22
노원구,중계동,청구3,84.77,15,1996,70300,0,2026,5,23
노원구,중계동,주공8,49.72,12,1993,1000,100,2026,5,9
노원구,상계동,상계주공10(고층),49.94,1,1988,26000,0,2026,5,18
노원구,월계동,동원베네스트,59.854,9,2005,40000,0,2026,5,15
노원구,상계동,상계주공11(고층),49.94,12,1988,30000,0,2026,5,16
노원구,월계동,꿈의숲SKVIEW,59.96,11,2016,44100,0,2026,5,16
노원구,월계동,삼호4,50.18,14,1987,20000,0,2026,5,9
노원구,상계동,상계대림e편한세상,83.87,3,2002,28350,0,2026,5,8
노원구,상계동,"상계주공15(고층,공무원임대)",41.3,5,1988,2778,32,2026,5,7
노원구,상계동,상계주공6(고층),58.01,9,1988,22000,0,2026,5,7
노원구,상계동,현대4차,84.73,11,1995,19000,0,2026,5,7
노원구,월계동,삼호4,50.18,14,1987,2000,90,2026,5,26
노원구,중계동,중계무지개,59.26,3,1991,2100,116,2026,5,8
노원구,공릉동,공릉아파트,33.18,9,1999,2974,7,2026,5,19
노원구,상계동,상계주공14(고층),41.3,11,1989,21000,0,2026,5,15
노원구,상계동,상계주공7(고층),58.01,10,1988,15000,60,2026,5,18
노원구,공릉동,화랑타운아파트,84.65,2,2000,60000,0,2026,5,10
노원구,상계동,상계주공7(고층),49.94,5,1988,30000,0,2026,5,15
노원구,중계동,현대(6차),84.98,3,2018,53000,0,2026,5,23
노원구,상계동,"상계주공15(고층,공무원임대)",49.94,2,1988,11568,7,2026,5,21
노원구,공릉동,시영3차(라이프)아파트,34.44,1,1994,16000,0,2026,5,6
노원구,중계동,중계현대2,84.34,5,1991,48300,0,2026,5,7
노원구,상계동,은빛2단지,39.7,6,1998,4000,80,2026,5,26
노원구,상계동,상계주공6(고층),37.46,4,1988,2000,65,2026,5,9
노원구,상계동,상계주공6(고층),37.46,4,1988,2000,65,2026,5,9
노원구,중계동,중계현대2,84.34,5,1991,48300,0,2026,5,7
노원구,월계동,사슴2,24.12,8,1995,1448,3,2026,5,18
노원구,하계동,노원에너지제로주택,39.96,7,2017,12480,10,2026,5,29
노원구,중계동,청구(366),115.47,5,1993,90000,0,2026,5,16
노원구,공릉동,화랑타운아파트,84.65,2,2000,60000,0,2026,5,10
노원구,상계동,상계주공5(저층),31.98,1,1987,1000,60,2026,5,30
노원구,월계동,꿈의숲SKVIEW,84.95,7,2016,44970,0,2026,5,2
노원구,중계동,중계현대2,84.34,5,1991,48300,0,2026,5,7
노원구,상계동,상계주공5(저층),31.98,4,1987,1000,60,2026,5,15
노원구,공릉동,두산힐스빌아파트,60,2,2000,42000,0,2026,5,7
노원구,상계동,한신2차,84.92,4,1988,40000,0,2026,5,23
노원구,상계동,상계주공10(고층),60.5,7,1988,5000,87,2026,5,12
노원구,월계동,현대,59.95,6,2000,14000,0,2026,5,7
노원구,하계동,한신1,27,5,1988,19000,0,2026,5,15
노원구,공릉동,한일휴니스빌,15.555,18,2013,1000,60,2026,5,18
노원구,상계동,노원롯데캐슬시그니처,84.997,8,2023,63000,0,2026,5,16
노원구,상계동,은빛1단지,49.77,13,1998,24150,0,2026,5,30
노원구,상계동,상계주공2(고층),58.01,14,1987,32000,0,2026,5,16
노원구,상계동,상계주공3(고층),84.38,6,1987,48485,0,2026,5,20
노원구,공릉동,미라쉘,16.69,7,2018,3500,56,2026,5,22
노원구,상계동,상계주공3(고층),58.01,11,1987,4000,140,2026,5,21
노원구,중계동,중계무지개,39.82,10,1991,2000,80,2026,5,9
노원구,월계동,청백3,39.84,1,1998,10000,30,2026,5,8
노원구,중계동,현대(3차),66.47,11,1992,31400,0,2026,5,19
노원구,공릉동,태강아파트(아이파크),49.6,10,1999,31500,0,2026,5,23
노원구,상계동,상계주공12(고층),41.3,10,1988,1000,61,2026,5,30
노원구,상계동,상계주공3(고층),41.3,1,1987,10000,22,2026,5,22
노원구,상계동,동아불암(1286-0),27,22,1999,539,15,2026,5,12
노원구,상계동,벽산,43.35,2,1989,2000,90,2026,5,9
노원구,공릉동,시영3차(라이프)아파트,34.44,12,1994,2000,65,2026,5,8
노원구,상계동,상계주공16(고층),45.77,1,1988,1000,60,2026,5,31
노원구,상계동,상계주공14(고층),41.3,11,1989,21000,0,2026,5,15
노원구,상계동,상계주공9(고층),45.9,2,1988,1000,79,2026,5,30
노원구,월계동,한진한화그랑빌,84.97,22,2002,55000,0,2026,5,12
노원구,상계동,청암2단지,49.77,7,2001,5000,90,2026,5,30
노원구,월계동,월계센트럴아이파크,59.99,23,2020,10000,240,2026,5,19
노원구,상계동,상계주공7(고층),45.55,11,1988,25000,0,2026,5,30
노원구,하계동,학여울청구,113.51,9,1999,64000,0,2026,5,30
노원구,공릉동,한일휴니스빌,13.62,9,2013,1000,65,2026,5,28
노원구,하계동,한신1,44.52,15,1988,2000,110,2026,5,6
노원구,상계동,두산,84.09,6,1994,20000,110,2026,5,27
노원구,공릉동,공릉동한보에센시티아파트,84.93,5,2000,45000,0,2026,5,26
노원구,상계동,상계주공6(고층),59.2,11,1988,1500,85,2026,5,18
노원구,공릉동,태강아파트(아이파크),49.6,11,1999,10000,110,2026,5,29
노원구,월계동,미성,50.14,3,1986,10100,50,2026,5,25
노원구,상계동,상계주공9(고층),45.9,3,1988,1000,80,2026,5,22
노원구,상계동,상계주공6(고층),32.39,4,1988,2000,70,2026,5,27
노원구,상계동,금호타운,84.66,13,1995,10000,125,2026,5,30
노원구,월계동,미륭,51.48,12,1986,2000,120,2026,5,29
노원구,중계동,주공2,44.52,10,1992,19100,0,2026,5,26
노원구,상계동,노원롯데캐슬시그니처,59.975,2,2023,64000,0,2026,5,29
노원구,중계동,주공8,49.72,3,1993,5000,100,2026,5,16
노원구,상계동,상계주공9(고층),49.94,2,1988,3000,84,2026,5,21
노원구,중계동,주공2,44.52,10,1992,19100,0,2026,5,26
노원구,중계동,중계무지개,49.89,8,1991,2000,110,2026,5,1
노원구,중계동,주공2,44.52,14,1992,2000,95,2026,5,30
노원구,상계동,은빛3단지,39.84,3,1998,1992,11,2026,5,18
노원구,상계동,상계2차중앙하이츠,84.6,10,1998,10000,120,2026,5,17
노원구,공릉동,태강아파트(아이파크),59.34,6,1999,20000,100,2026,5,28
노원구,상계동,상계주공7(고층),58.01,6,1988,4000,130,2026,5,31
노원구,상계동,상계주공2(고층),37.46,4,1987,10000,45,2026,5,19
노원구,중계동,신안,84.93,2,1999,54000,40,2026,5,29
노원구,상계동,상계2차중앙하이츠,59.82,23,1998,38500,0,2026,5,18
노원구,월계동,주공2,44.94,7,1992,2000,85,2026,5,30
노원구,상계동,"상계주공15(고층,공무원임대)",41.3,1,1988,8750,11,2026,5,29
노원구,상계동,"상계주공15(고층,공무원임대)",49.94,11,1988,17103,0,2026,5,7
노원구,상계동,상계주공7(고층),59.39,1,1988,3000,140,2026,5,22
노원구,상계동,상계주공11(고층),41.3,5,1988,1000,53,2026,5,27
노원구,상계동,은빛3단지,33.87,4,1998,1114,13,2026,5,18
노원구,월계동,청백3,39.84,2,1998,2000,80,2026,5,21
노원구,상계동,상계주공7(고층),58.01,1,1988,3000,100,2026,5,31
노원구,중계동,중계무지개,49.89,13,1991,30000,0,2026,5,30
노원구,상계동,상계주공6(고층),41.3,15,1988,2000,95,2026,5,2
노원구,상계동,상계주공9(고층),45.9,12,1988,3000,100,2026,5,1
노원구,상계동,포레나노원,114.9123,16,2020,94500,0,2026,5,23
노원구,중계동,중계무지개,49.54,9,1991,24000,0,2026,5,30
노원구,상계동,두산,59.97,2,1994,36000,0,2026,5,26
노원구,중계동,청구3,84.77,8,1996,66000,0,2026,5,18
노원구,월계동,삼호4,50.18,5,1987,3000,90,2026,5,22
노원구,상계동,보람아파트,44.33,8,1988,4000,90,2026,5,30
노원구,월계동,삼호3,59.22,8,1986,2000,130,2026,5,23
노원구,중계동,중계무지개,39.96,2,1991,23000,0,2026,5,30
노원구,하계동,건영,45.55,12,1988,3000,80,2026,5,8
노원구,월계동,미성,50.14,5,1986,2000,105,2026,5,23
노원구,상계동,상계주공6(고층),58.01,2,1988,28000,0,2026,5,29
노원구,상계동,상계주공9(고층),49.94,6,1988,2000,110,2026,5,25
노원구,월계동,월계센트럴아이파크,84.99,9,2020,57500,0,2026,5,16
노원구,월계동,삼호4,50.18,7,1987,24000,0,2026,5,14
노원구,중계동,건영3,84.9,3,1995,67000,0,2026,5,18
노원구,상계동,상계주공2(저층),84.41,5,1987,39900,0,2026,5,18
노원구,중계동,주공10,58.14,2,1995,12000,170,2026,5,23
노원구,하계동,극동,55.72,15,1988,38500,0,2026,5,20
노원구,상계동,"상계주공15(고층,공무원임대)",49.94,12,1988,16846,0,2026,5,29
노원구,중계동,주공2,44.52,10,1992,19000,0,2026,5,26
노원구,상계동,상계주공11(고층),58.01,10,1988,24255,0,2026,5,26
노원구,상계동,상계주공10(고층),49.94,3,1988,21635,0,2026,5,20
노원구,중계동,주공2,44.52,1,1992,10000,60,2026,5,26
노원구,월계동,성원(사슴4),49.92,13,1995,32000,0,2026,5,27
노원구,상계동,상계주공14(고층),45.9,3,1989,13000,0,2026,5,18
노원구,하계동,미성,72.17,3,1989,38400,0,2026,5,27
노원구,상계동,상계주공6(고층),58.01,11,1988,30000,0,2026,5,18
노원구,하계동,한신1,44.52,11,1988,1000,85,2026,5,29
노원구,월계동,현대,114.99,17,2000,2000,100,2026,5,26
노원구,월계동,꿈의숲SKVIEW,59.96,10,2016,37485,0,2026,5,16
노원구,상계동,상계주공4(고층),38,4,1988,4000,75,2026,5,25
노원구,하계동,우성,84.91,6,1988,49000,0,2026,5,22
노원구,공릉동,비선아파트,48.6,9,1999,15000,75,2026,5,26
노원구,상계동,상계주공12(고층),49.94,13,1988,26250,0,2026,5,28
노원구,상계동,상계주공9(고층),49.94,8,1988,2000,67,2026,5,15
노원구,중계동,주공8,49.72,5,1993,38000,0,2026,5,22
노원구,하계동,청솔(시영7),39.78,15,1989,25000,0,2026,5,26
노원구,상계동,불암현대아파트(106동),27,16,1999,355,15,2026,5,14
노원구,상계동,벽산,46.8,10,1989,2000,90,2026,5,25
노원구,상계동,상계주공2(고층),41.3,15,1987,6000,75,2026,5,27
노원구,중계동,성원1,59.75,4,1996,48000,0,2026,5,29
노원구,상계동,상계대림,59.67,12,1989,20000,50,2026,5,29
노원구,상계동,상계주공12(고층),41.3,9,1988,2000,80,2026,5,30
노원구,상계동,상계주공11(고층),58.01,3,1988,3000,125,2026,5,16
노원구,상계동,은빛1단지,49.77,5,1998,1000,110,2026,5,30
노원구,상계동,상계주공2(고층),32.39,5,1987,1000,70,2026,5,1
노원구,상계동,은빛2단지,39.69,5,1998,3000,85,2026,5,21
노원구,상계동,상계주공10(고층),45.9,15,1988,27000,0,2026,5,8
노원구,상계동,"상계주공15(고층,공무원임대)",49.94,11,1988,10122,10,2026,5,21
노원구,상계동,상계주공5(저층),31.98,5,1987,1000,50,2026,5,30
노원구,상계동,두산,84.09,3,1994,45000,0,2026,5,7
노원구,중계동,한화꿈에그린TheFIRST,121.284,17,2014,82000,0,2026,5,23
노원구,상계동,불암현대아파트(106동),27,3,1999,2352,5,2026,5,13
노원구,상계동,보람아파트,54.59,12,1988,25200,0,2026,5,23
노원구,하계동,한신1,27,2,1988,1000,75,2026,5,8
노원구,중계동,주공5,44.52,2,1992,2000,75,2026,5,25
노원구,상계동,상계주공12(고층),41.3,9,1988,17800,0,2026,5,22
노원구,상계동,상계주공6(고층),58.01,7,1988,5000,77,2026,5,9
노원구,상계동,상계대림,84.91,15,1989,55000,0,2026,5,20
노원구,공릉동,한일휴니스빌,15.555,12,2013,1000,60,2026,5,31
노원구,상계동,상계주공2(고층),32.39,10,1987,17000,0,2026,5,22
노원구,상계동,상계주공6(고층),58.01,12,1988,35000,0,2026,5,21
노원구,월계동,청백(774),39.84,11,1998,2701,6,2026,5,18
노원구,하계동,청솔(시영7),39.92,2,1989,3000,85,2026,5,5
노원구,하계동,청솔(시영7),49.5,7,1989,13000,50,2026,5,21
노원구,중계동,중계그린1단지,44.1,11,1990,20000,0,2026,5,30
노원구,월계동,한일1,59.953,1,1999,35500,0,2026,5,28
노원구,공릉동,우방아파트,84.881,5,2000,45000,0,2026,5,23
노원구,공릉동,공릉아파트,39.84,9,1999,3569,8,2026,5,19
노원구,상계동,상계주공14(고층),49.94,5,1989,30000,0,2026,5,16
노원구,중계동,중계그린1단지,49.5,10,1990,34000,0,2026,5,14
노원구,월계동,미륭,51.48,4,1986,2000,65,2026,5,23
노원구,중계동,중계그린1단지,49.5,12,1990,1000,105,2026,5,22
노원구,상계동,상계주공2(고층),32.39,13,1987,500,70,2026,5,15
노원구,상계동,상계주공5(저층),31.98,3,1987,1000,60,2026,5,12
노원구,공릉동,67디벨리움,17.27,13,2016,2000,65,2026,5,30
노원구,상계동,한일유앤아이,59.877,14,2005,5000,160,2026,5,30
노원구,하계동,우성,84.91,11,1988,5000,115,2026,5,26
노원구,상계동,상계주공16(고층),45.77,5,1988,2000,80,2026,5,20
노원구,하계동,하계2현대,84.896,4,1997,72000,0,2026,5,30
노원구,중계동,주공5,38.64,11,1992,2000,49,2026,5,15
노원구,하계동,미성,72.17,3,1989,38400,0,2026,5,27
노원구,월계동,한진한화그랑빌,114.97,3,2002,56000,0,2026,5,28
노원구,공릉동,풍림아파트A,59.94,6,2001,25000,55,2026,5,28
노원구,공릉동,공릉아파트,33.18,8,1999,2974,7,2026,5,18
노원구,중계동,주공4,45.77,11,1991,2000,100,2026,5,20
노원구,상계동,노원롯데캐슬시그니처,39.038,5,2023,4369,7,2026,5,12
노원구,상계동,우림루미아트201동,84.569,10,2004,40000,40,2026,5,25
노원구,월계동,롯데캐슬루나,84.9852,3,2006,47000,0,2026,5,19
노원구,상계동,상계주공10(고층),49.94,5,1988,2000,75,2026,5,30
노원구,중계동,중계3벽산,85,18,1999,55650,0,2026,5,13
노원구,상계동,상계주공7(고층),49.94,8,1988,26000,0,2026,5,13
노원구,상계동,벽산,59.9,3,1989,21000,0,2026,5,10
노원구,중계동,건영3,84.9,7,1995,50000,88,2026,5,17
노원구,중계동,주공5,44.52,8,1992,2000,100,2026,5,8
노원구,상계동,상계주공7(고층),41.3,12,1988,1000,90,2026,5,22
노원구,월계동,미성,50.14,9,1986,16500,0,2026,5,16
노원구,중계동,성원2,56.97,3,1995,34000,0,2026,5,25
노원구,하계동,학여울청구,113.51,12,1999,59000,0,2026,5,20
노원구,공릉동,현대성우아파트,84.96,4,2000,49000,0,2026,5,8
노원구,월계동,한진한화그랑빌,114.97,11,2002,30000,165,2026,5,30
노원구,상계동,보미,84.81,4,2002,32000,17,2026,5,15
노원구,공릉동,공릉아파트,39.84,8,1999,3569,8,2026,5,18
노원구,하계동,청솔(시영7),39.92,12,1989,20000,0,2026,5,30
노원구,중계동,주공2,44.52,1,1992,12000,50,2026,5,29
노원구,중계동,중계그린1단지,44.1,7,1990,22573,0,2026,5,23
노원구,공릉동,태승훼미리아파트,83.7,5,2009,48000,0,2026,5,15
노원구,상계동,상계주공13(고층),41.3,10,1989,400,85,2026,5,13
노원구,하계동,장미(시영6),39.78,8,1989,2000,90,2026,5,7
노원구,월계동,미성,50.14,2,1986,30000,0,2026,5,17
노원구,월계동,한진한화그랑빌,84.97,17,2002,40000,76,2026,5,26
노원구,중계동,경남아너스빌,79.098,2,2002,25000,120,2026,5,29
노원구,중계동,경남아너스빌,59.9868,16,2002,12000,66,2026,5,16
노원구,중계동,동진,38.79,3,1988,2000,50,2026,5,31
노원구,상계동,"상계주공15(고층,공무원임대)",41.3,12,1988,13631,0,2026,5,21
노원구,중계동,경남아너스빌,59.9868,16,2002,12000,66,2026,5,16
노원구,공릉동,태강아파트(아이파크),49.6,12,1999,4000,120,2026,5,18
노원구,월계동,미성,33.28,1,1986,7500,0,2026,5,25
노원구,중계동,신안,59.97,6,1999,53000,0,2026,5,29
노원구,중계동,경남,50.97,11,1989,3000,130,2026,5,30
노원구,상계동,상계주공2(고층),32.39,7,1987,2000,75,2026,5,19
노원구,상계동,"상계주공15(고층,공무원임대)",41.3,7,1988,13890,0,2026,5,27
노원구,상계동,상계주공2(고층),32.39,6,1987,500,60,2026,5,15
노원구,상계동,은빛1단지,39.7,2,1998,20000,0,2026,5,13
노원구,상계동,미라보(성림),60,11,2006,34000,0,2026,5,28
노원구,중계동,청구3,84.77,4,1996,75000,0,2026,5,15
노원구,중계동,중계무지개,49.54,1,1991,4000,120,2026,5,26
노원구,월계동,삼호4,50.18,12,1987,28000,0,2026,5,30
노원구,중계동,현대(6차),122.685,4,2018,38000,100,2026,5,29
노원구,공릉동,삼익4단지아파트,49.5,4,1994,34000,0,2026,5,27
노원구,공릉동,동신아파트,59.99,5,1999,3000,100,2026,5,23
노원구,상계동,상계주공2(고층),58.01,5,1987,35000,0,2026,5,23
노원구,상계동,은빛1단지,39.7,9,1998,15000,40,2026,5,16
노원구,상계동,상계주공4(고층),32.39,10,1988,1000,46,2026,5,25
노원구,공릉동,공릉아파트,39.84,10,1999,3569,8,2026,5,18
노원구,상계동,상계주공7(고층),59.39,14,1988,34500,0,2026,5,9
노원구,상계동,상계주공7(고층),45.9,15,1988,1000,61,2026,5,20
노원구,상계동,상계주공14(고층),45.9,11,1989,1000,63,2026,5,9
노원구,상계동,상계주공11(고층),41.3,3,1988,19950,0,2026,5,9
노원구,하계동,건영,53.14,15,1988,35000,0,2026,5,21
노원구,월계동,현대,59.95,25,2000,38850,0,2026,5,30
노원구,하계동,극동,70.56,9,1988,10000,130,2026,5,30
노원구,상계동,상계주공10(고층),58.01,15,1988,11000,25,2026,5,22
노원구,월계동,미성,50.14,10,1986,15000,60,2026,5,23
노원구,상계동,상계주공14(고층),41.3,1,1989,12000,50,2026,5,21
노원구,월계동,미륭,51.48,8,1986,28000,0,2026,5,23
노원구,월계동,삼호4,50.18,12,1987,28000,0,2026,5,30
노원구,상계동,상계주공7(고층),45.9,12,1988,26000,0,2026,5,29
노원구,월계동,미성,33.28,1,1986,14500,0,2026,5,23
노원구,하계동,한신1,35.28,2,1988,2000,68,2026,5,22
노원구,월계동,미성,33.28,1,1986,12155,0,2026,5,23
노원구,공릉동,풍림아파트B,31.32,4,2001,1000,75,2026,5,16
노원구,상계동,은빛2단지,39.7,7,1998,2000,90,2026,5,8
노원구,상계동,상계주공4(고층),59.39,5,1988,1000,97,2026,5,25
노원구,상계동,상계주공3(고층),41.3,14,1987,27000,0,2026,5,15
노원구,중계동,주공5,44.52,2,1992,3000,80,2026,5,29
노원구,상계동,동아불암(1286-0),27,10,1999,375,15,2026,5,12
노원구,상계동,상계주공14(저층),84.41,5,1989,19000,26,2026,5,20
노원구,공릉동,태릉우성아파트,66.87,8,1985,5000,100,2026,5,5
노원구,월계동,주공2,44.52,8,1992,7000,32,2026,5,22
노원구,중계동,중계그린1단지,39.91,1,1990,16500,10,2026,5,20
노원구,상계동,상계주공14(고층),45.9,1,1989,25000,0,2026,5,25
노원구,상계동,우림루미아트1,84.795,6,2004,48000,0,2026,5,28
노원구,하계동,학여울청구,59.4,10,1999,34635,0,2026,5,14
노원구,중계동,동진,38.79,5,1988,15000,0,2026,5,23
노원구,월계동,월계센트럴아이파크,59.99,19,2020,52000,0,2026,5,29
노원구,상계동,"상계주공15(고층,공무원임대)",49.94,6,1988,17103,0,2026,5,21
노원구,하계동,벽산,84.85,8,1988,53000,0,2026,5,16
노원구,월계동,삼호3,59.22,11,1986,20000,0,2026,5,7
노원구,중계동,주공4,59.39,12,1991,5000,150,2026,5,15
노원구,중계동,양지대림2(임대),29.67,3,1999,406,15,2026,5,12
노원구,상계동,상계주공10(고층),59.28,2,1988,29000,0,2026,5,21
노원구,하계동,삼익선경,107.95,7,1993,57000,9,2026,5,31
노원구,상계동,상계주공6(고층),49.94,15,1988,20150,0,2026,5,9
노원구,공릉동,시영2단지(라이프)아파트,39.6,9,1994,2000,90,2026,5,3
노원구,하계동,한신1,35.28,15,1988,5000,80,2026,5,29
노원구,중계동,중계무지개,49.54,6,1991,34000,0,2026,5,29
노원구,상계동,상계불암대림,59.22,20,2000,35000,0,2026,5,25
노원구,상계동,상계주공16(고층),59.39,4,1988,32000,0,2026,5,12
노원구,상계동,상계주공9(고층),66.56,1,1988,10000,115,2026,5,30
노원구,중계동,청구3,84.77,9,1996,81000,0,2026,5,23
노원구,공릉동,삼익4단지아파트,39.6,2,1994,5000,50,2026,5,12
노원구,상계동,상계주공3(고층),32.39,5,1987,10000,19,2026,5,23
노원구,상계동,중계센트럴파크,49.87,1,2016,6385,38,2026,5,14
노원구,중계동,중계무지개,39.82,10,1991,2000,105,2026,5,14
노원구,상계동,상계주공16(고층),58.01,7,1988,20000,0,2026,5,15
노원구,중계동,주공8,49.72,15,1993,30000,0,2026,5,28
노원구,중계동,중계무지개,39.82,3,1991,24000,0,2026,5,30
노원구,월계동,현대,114.99,15,2000,50400,0,2026,5,15
노원구,하계동,청구,70.69,12,1988,50000,0,2026,5,30
노원구,상계동,상계주공7(고층),45.9,3,1988,1000,100,2026,5,16
노원구,상계동,상계주공14(고층),41.3,6,1989,13860,0,2026,5,22
노원구,상계동,상계주공11(고층),49.94,6,1988,33000,0,2026,5,11
노원구,하계동,건영,53.14,6,1988,26200,0,2026,5,30
노원구,월계동,삼호4,50.18,5,1987,10000,0,2026,5,30
노원구,상계동,상계주공7(고층),41.3,12,1988,1000,78,2026,5,30
노원구,하계동,노원에너지제로주택,39.96,7,2017,12480,10,2026,5,28
노원구,중계동,중계그린1단지,39.91,5,1990,2000,80,2026,5,3
노원구,상계동,상계주공16(고층),45.77,5,1988,18900,0,2026,5,30
노원구,중계동,주공6,44.1,8,1993,1000,110,2026,5,21
노원구,공릉동,윤탁노블레스,84.96,6,2004,20000,77,2026,5,9
노원구,중계동,중계무지개,49.54,12,1991,29900,0,2026,5,20
노원구,중계동,대림벽산(363),114.39,5,1993,50000,90,2026,5,6
노원구,중계동,중계그린1단지,39.91,5,1990,2000,80,2026,5,3
노원구,중계동,주공8,49.72,8,1993,30000,30,2026,5,30
노원구,중계동,주공2,44.52,1,1992,2000,60,2026,5,27
노원구,중계동,삼창타워주상프라자,59.39,5,1997,30000,0,2026,5,30
노원구,상계동,상계주공2(고층),58.01,9,1987,28000,0,2026,5,26
노원구,중계동,주공2,44.52,11,1992,17015,0,2026,5,27
노원구,상계동,상계주공9(고층),45.9,14,1988,16785,0,2026,5,27
노원구,하계동,청솔(시영7),49.85,8,1989,30000,0,2026,5,30
노원구,중계동,주공2,44.52,7,1992,19000,30,2026,5,30
노원구,상계동,상계주공3(고층),58.01,3,1987,26500,20,2026,5,26
노원구,공릉동,시영3차(라이프)아파트,49.5,6,1994,2000,95,2026,5,7
노원구,공릉동,공릉해링턴플레이스,99.917,4,2000,63000,0,2026,5,30
노원구,상계동,"상계주공15(고층,공무원임대)",49.94,13,1988,8551,25,2026,5,27
노원구,상계동,상계주공16(고층),59.39,4,1988,28350,0,2026,5,18
노원구,상계동,상계주공6(고층),59.28,5,1988,40000,0,2026,5,27
노원구,상계동,상계주공4(고층),32.39,1,1988,15000,0,2026,5,25
노원구,상계동,상계주공3(고층),37.46,6,1987,22000,0,2026,5,29
노원구,상계동,상계주공12(고층),49.94,3,1988,27500,0,2026,5,25
노원구,상계동,상계주공4(고층),59.28,7,1988,27000,0,2026,5,30
노원구,상계동,임광,122.18,4,1989,70000,0,2026,5,31
노원구,상계동,상계주공1(고층),32.39,2,1988,21000,0,2026,5,31
노원구,중계동,주공5,84.79,2,1992,55000,0,2026,5,27
노원구,하계동,하계1청구,84.6,2,1997,20000,150,2026,5,30
노원구,월계동,현대,84.98,26,2000,10000,180,2026,5,30
노원구,상계동,상계주공14(고층),45.9,15,1989,25000,0,2026,5,4
노원구,중계동,중계그린1단지,49.5,9,1990,28000,0,2026,5,27
노원구,중계동,중계무지개,49.54,9,1991,29000,0,2026,5,30
노원구,중계동,삼성,59.9,6,1999,37000,0,2026,5,30
노원구,상계동,상계주공4(고층),32.39,6,1988,1000,70,2026,5,22
노원구,상계동,상계주공5(저층),31.98,2,1987,3000,40,2026,5,30
노원구,상계동,상계주공1(고층),32.39,2,1988,21000,0,2026,5,31
노원구,중계동,중계그린1단지,49.5,6,1990,2000,90,2026,5,10
노원구,상계동,상계주공6(고층),58.01,7,1988,35000,0,2026,5,30
노원구,상계동,상계주공4(고층),32.39,1,1988,500,50,2026,5,24
노원구,중계동,건영3,84.9,10,1995,85000,0,2026,5,30
노원구,중계동,주공2,44.52,7,1992,18900,0,2026,5,16
노원구,중계동,중계3우성,84.87,21,1999,47250,0,2026,5,29
노원구,상계동,상계주공6(고층),58.01,2,1988,35000,0,2026,5,30
노원구,상계동,상계주공2(고층),32.39,1,1987,1000,75,2026,5,24
노원구,공릉동,동신아파트,114.98,18,1999,40000,100,2026,5,30
노원구,상계동,상계주공10(고층),59.39,10,1988,36000,0,2026,5,16
노원구,월계동,한진한화그랑빌,59.94,1,2002,53000,0,2026,5,30
노원구,월계동,미성,50.14,8,1986,1000,67,2026,5,23
노원구,하계동,장미(시영6),49.5,4,1989,7000,70,2026,5,4
노원구,상계동,상계주공2(고층),32.39,2,1987,2000,60,2026,5,30
노원구,하계동,장미(시영6),39.78,10,1989,2000,90,2026,5,30
노원구,중계동,건영2,75.02,14,1991,48000,0,2026,5,30
노원구,상계동,양우,79.4198,10,2002,52500,0,2026,5,30
노원구,하계동,현대,84.95,3,1988,47250,0,2026,5,30
노원구,중계동,주공6,44.1,2,1993,2000,100,2026,5,23
노원구,중계동,중계무지개,39.96,11,1991,24000,0,2026,5,30
노원구,상계동,상계주공13(고층),41.3,15,1989,11000,22,2026,5,31
노원구,상계동,상계주공11(고층),49.94,7,1988,1000,78,2026,5,16
노원구,하계동,현대,84.95,1,1988,61000,0,2026,5,30
노원구,상계동,상계주공11(고층),49.94,2,1988,2000,90,2026,5,6
노원구,월계동,롯데캐슬루나,59.9927,6,2006,38850,0,2026,5,26
노원구,상계동,상계주공9(고층),49.94,6,1988,26000,0,2026,5,30
노원구,상계동,보람아파트,79.25,12,1988,45000,0,2026,5,30
노원구,월계동,미륭,51.48,9,1986,25200,0,2026,5,29
노원구,상계동,상계주공10(저층),47.34,1,1988,25000,0,2026,5,26
노원구,월계동,삼호4,50.18,2,1987,2000,84,2026,5,29
노원구,상계동,"상계주공15(고층,공무원임대)",49.94,1,1988,15392,0,2026,5,29
노원구,상계동,상계주공16(고층),79.07,8,1988,53000,0,2026,5,30
노원구,상계동,"상계주공15(고층,공무원임대)",49.94,15,1988,3420,40,2026,5,31
노원구,상계동,"상계주공15(고층,공무원임대)",49.94,9,1988,13682,10,2026,5,31
노원구,상계동,"상계주공15(고층,공무원임대)",49.94,10,1988,17103,0,2026,5,26
노원구,상계동,"상계주공15(고층,공무원임대)",41.3,14,1988,10904,6,2026,5,29
노원구,상계동,"상계주공15(고층,공무원임대)",49.94,5,1988,17103,0,2026,5,29
노원구,상계동,"상계주공15(고층,공무원임대)",41.3,11,1988,4167,28,2026,5,31
노원구,상계동,상계주공7(고층),45.9,12,1988,2000,84,2026,5,15
노원구,상계동,상계주공2(고층),41.3,5,1987,22000,0,2026,5,29
노원구,상계동,상계주공10(고층),45.9,15,1988,15000,0,2026,5,29
노원구,하계동,장미(시영6),39.78,8,1989,1000,56,2026,5,13
노원구,상계동,상계주공12(고층),41.3,14,1988,26000,0,2026,5,29
노원구,상계동,상계주공7(고층),58.01,12,1988,15000,58,2026,5,29
노원구,상계동,한신2차,45.92,4,1988,19000,20,2026,5,19
노원구,상계동,"상계주공15(고층,공무원임대)",49.94,11,1988,3420,40,2026,5,28
노원구,상계동,상계주공4(고층),59.28,15,1988,32000,0,2026,5,29
노원구,하계동,장미(시영6),39.78,10,1989,1000,90,2026,5,29
노원구,월계동,주공2,44.94,14,1992,3150,58,2026,5,22
노원구,상계동,한신2차,45.92,4,1988,19000,20,2026,5,19
노원구,월계동,풍림아이원,59.149,24,2005,29000,60,2026,5,29
노원구,공릉동,동신아파트,59.99,23,1999,37500,0,2026,5,27
노원구,중계동,주공4,59.39,15,1991,45000,0,2026,5,26
노원구,월계동,한진한화그랑빌,84.97,8,2002,10000,160,2026,5,5
노원구,중계동,주공4,45.77,2,1991,16800,0,2026,5,29
노원구,상계동,동양엔파트,84.88,8,2003,55600,0,2026,5,21
노원구,상계동,상계주공9(고층),66.56,13,1988,34600,0,2026,5,25
노원구,상계동,은빛1단지,59.95,7,1998,34000,0,2026,5,29
노원구,상계동,상계주공2(고층),41.3,5,1987,22000,0,2026,5,29
노원구,상계동,상계주공14(고층),41.3,8,1989,20000,30,2026,5,29
노원구,하계동,건영,53.14,15,1988,3000,135,2026,5,29
노원구,공릉동,태승훼미리아파트,83.7,6,2009,45000,0,2026,5,27
노원구,하계동,학여울청구,84.77,16,1999,55000,0,2026,5,23
노원구,공릉동,화랑타운아파트,84.74,3,2000,41000,50,2026,5,17
노원구,상계동,상계주공7(고층),49.94,10,1988,1500,100,2026,5,15
노원구,상계동,상계주공16(고층),45.77,8,1988,2000,95,2026,5,7
노원구,상계동,상계주공14(고층),41.3,2,1989,5000,75,2026,5,29
노원구,중계동,청구3,84.77,14,1996,84000,0,2026,5,2
노원구,중계동,상아,51.29,8,1989,27000,0,2026,5,9
노원구,공릉동,태릉입구역청년주택YNTOWER,16.3,7,2021,4410,34,2026,5,11
노원구,상계동,상계주공6(고층),59.39,5,1988,32000,0,2026,5,8
노원구,중계동,금호타운(583),84.98,2,1997,58000,0,2026,5,29
노원구,상계동,한양,86.62,4,1988,55000,0,2026,5,29
노원구,상계동,상계주공12(고층),49.94,13,1988,19800,0,2026,5,29
노원구,상계동,"상계주공15(고층,공무원임대)",49.94,6,1988,3369,31,2026,5,20
노원구,공릉동,공릉1단지아파트,24.79,13,1994,178,4,2026,5,14
노원구,상계동,상계주공9(고층),58.01,10,1988,3000,105,2026,5,23
노원구,중계동,주공2,44.52,14,1992,1000,75,2026,5,18
노원구,상계동,청암2단지,59.96,9,2001,35000,0,2026,5,26
노원구,월계동,사슴3,33.18,13,1995,500,70,2026,5,26
노원구,상계동,상계주공2(고층),60.5,1,1987,10000,55,2026,5,9
노원구,공릉동,동신아파트,59.99,1,1999,28000,0,2026,5,13
노원구,월계동,현대,59.95,9,2000,43000,0,2026,5,15
노원구,중계동,건영2,84.96,9,1991,58000,0,2026,5,28
노원구,상계동,중계센트럴파크,59.75,7,2016,20331,0,2026,5,29
노원구,중계동,신안,84.93,10,1999,63000,0,2026,5,23
노원구,상계동,"상계주공15(고층,공무원임대)",49.94,8,1988,3420,40,2026,5,29
노원구,상계동,상계주공7(고층),59.39,11,1988,27000,0,2026,5,7
노원구,중계동,동진,41.85,3,1988,13000,20,2026,5,22
노원구,상계동,상계주공6(고층),59.39,5,1988,32000,0,2026,5,8
노원구,상계동,상계주공13(고층),45.9,4,1989,5000,75,2026,5,6
노원구,상계동,상계주공14(고층),45.9,9,1989,4000,70,2026,5,28
노원구,상계동,상계주공6(고층),58.01,8,1988,31000,0,2026,5,29
노원구,상계동,은빛3단지,39.84,12,1998,2902,6,2026,5,18
노원구,상계동,상계주공1(고층),59.39,6,1988,2000,100,2026,5,23
노원구,상계동,상계주공16(고층),59.39,14,1988,27000,0,2026,5,25
노원구,월계동,삼호3,59.22,10,1986,27000,0,2026,5,29
노원구,상계동,"상계주공15(고층,공무원임대)",41.3,15,1988,6945,20,2026,5,29
노원구,중계동,주공4,59.39,15,1991,35000,0,2026,5,7
노원구,상계동,중계센트럴파크,59.75,10,2016,20331,0,2026,5,28
노원구,공릉동,공릉해링턴플레이스,134.914,9,2000,78000,0,2026,5,16
노원구,중계동,현대(6차),59.84,4,2018,21000,30,2026,5,28
노원구,중계동,청구3,84.77,14,1996,80000,0,2026,5,28
노원구,공릉동,우방아파트,84.881,14,2000,10000,160,2026,5,11
노원구,상계동,상계주공12(고층),49.94,13,1988,26250,0,2026,5,28
노원구,중계동,중계무지개,59.26,11,1991,13000,60,2026,5,26
노원구,월계동,월계센트럴아이파크,59.99,6,2020,6154,52,2026,5,28
노원구,상계동,해링턴플레이스노원센트럴,59.7419,5,2025,17300,89,2026,5,28
노원구,상계동,우림루미아트1,114.747,4,2004,10000,175,2026,5,13
노원구,상계동,상계주공7(고층),41.3,3,1988,26000,0,2026,5,28
노원구,상계동,상계주공7(고층),45.9,11,1988,5000,100,2026,5,28
노원구,상계동,상계주공10(저층),47.34,3,1988,2000,65,2026,5,27
노원구,상계동,"상계주공15(고층,공무원임대)",49.94,13,1988,8551,25,2026,5,27
노원구,상계동,벽산,46.8,8,1989,9000,60,2026,5,28
노원구,상계동,상계주공7(고층),49.94,4,1988,2000,120,2026,5,3
노원구,하계동,우성,84.91,3,1988,60000,10,2026,5,17
노원구,상계동,상계주공11(고층),58.01,2,1988,18000,0,2026,5,1
노원구,중계동,주공7,44.1,5,1993,18900,0,2026,5,27
노원구,상계동,중계센트럴파크,49.9,6,2016,10979,12,2026,5,28
노원구,상계동,상계주공3(고층),58.01,4,1987,3000,105,2026,5,23
노원구,공릉동,공릉아파트,33.18,6,1999,472,18,2026,5,18
노원구,월계동,월계센트럴아이파크,84.99,19,2020,60900,0,2026,5,28
노원구,상계동,은빛2단지,39.7,2,1998,3000,80,2026,5,28
노원구,하계동,한신1,27,2,1988,1000,52,2026,5,8
노원구,상계동,미도,87.57,1,1988,50000,0,2026,5,25
노원구,하계동,미성,57.97,12,1989,40000,0,2026,5,25
노원구,상계동,"상계주공15(고층,공무원임대)",49.94,2,1988,17103,0,2026,5,28
노원구,월계동,사슴1,24.12,11,1995,174,4,2026,5,28
노원구,중계동,건영2,75.02,6,1991,5000,110,2026,5,15
노원구,상계동,"상계주공15(고층,공무원임대)",49.94,12,1988,16846,0,2026,5,28
노원구,월계동,현대,114.99,7,2000,30000,160,2026,5,23
노원구,상계동,중계센트럴파크,49.9,7,2016,11133,11,2026,5,28
노원구,상계동,상계주공1(고층),68.86,5,1988,33600,0,2026,5,28
노원구,중계동,주공6,44.1,7,1993,1000,66,2026,5,25
노원구,월계동,미성,50.14,3,1986,1000,66,2026,5,26
노원구,월계동,삼호3,59.22,5,1986,25000,0,2026,5,16
노원구,상계동,상계주공2(저층),46.04,5,1987,2000,95,2026,5,27
노원구,상계동,벽산,43.35,2,1989,17800,0,2026,5,28
노원구,공릉동,미라쉘,16.69,17,2018,1000,67,2026,5,24
노원구,중계동,주공4,59.39,8,1991,5500,80,2026,5,28
노원구,상계동,상계주공9(고층),61.52,6,1988,25000,0,2026,5,20
노원구,상계동,상계주공16(고층),45.77,1,1988,2000,80,2026,5,27
노원구,공릉동,태강아파트(아이파크),49.6,9,1999,5000,115,2026,5,23
노원구,상계동,상계주공11(고층),59.39,8,1988,2000,72,2026,5,28
노원구,하계동,한신동성,138.29,4,1993,60000,110,2026,5,28
노원구,상계동,노원현대,84.78,5,1997,47200,0,2026,5,27
노원구,상계동,"상계주공15(고층,공무원임대)",49.94,1,1988,15392,0,2026,5,6
노원구,월계동,꿈의숲SKVIEW,59.96,10,2016,37485,0,2026,5,16
노원구,상계동,상계주공13(고층),58.01,2,1989,10000,95,2026,5,27
노원구,상계동,은빛3단지,39.84,7,1998,2902,6,2026,5,18
노원구,상계동,상계주공14(고층),41.3,5,1989,1500,73,2026,5,27
노원구,중계동,주공5,58.46,5,1992,3000,155,2026,5,23
노원구,공릉동,노원프레미어스엠코,84.0261,20,2016,65000,0,2026,5,9
노원구,월계동,미성,50.14,2,1986,30000,0,2026,5,16
노원구,월계동,미성,33.28,2,1986,2000,65,2026,5,26
노원구,중계동,상아,72.73,2,1989,15000,150,2026,5,21
노원구,상계동,보람아파트,54.59,6,1988,19600,0,2026,5,23
노원구,상계동,상계주공7(고층),49.94,11,1988,3000,70,2026,5,27
노원구,하계동,장미(시영6),49.5,9,1989,21000,0,2026,5,27
노원구,상계동,중계센트럴파크,49.9,7,2016,13778,4,2026,5,27
노원구,중계동,중계그린1단지,44.1,2,1990,26775,0,2026,5,27
노원구,상계동,상계주공14(고층),45.9,7,1989,1000,58,2026,5,18
노원구,공릉동,공릉1단지아파트,24.79,8,1994,178,4,2026,5,27
노원구,하계동,노원에너지제로주택,39.96,6,2017,12480,10,2026,5,27
노원구,하계동,극동,84.91,11,1988,7000,125,2026,5,25
노원구,하계동,청솔(시영7),39.78,1,1989,3000,70,2026,5,25
노원구,중계동,중계그린1단지,39.78,3,1990,3000,90,2026,5,21
노원구,상계동,상계주공3(고층),41.3,2,1987,20000,15,2026,5,21
노원구,상계동,벽산,43.35,14,1989,23000,0,2026,5,25
노원구,상계동,상계주공12(고층),41.3,12,1988,2000,100,2026,5,6
노원구,중계동,삼창타워주상프라자,59.39,9,1997,1000,50,2026,5,6
노원구,중계동,주공4,45.77,2,1991,22000,0,2026,5,7
노원구,월계동,미륭,51.48,2,1986,35000,0,2026,5,27
노원구,상계동,상계주공9(고층),58.01,2,1988,35000,0,2026,5,18
노원구,상계동,상계주공14(고층),45.55,12,1989,23000,0,2026,5,2
노원구,중계동,주공6,44.1,4,1993,1000,100,2026,5,6
노원구,공릉동,시영2단지(라이프)아파트,49.5,4,1994,21000,0,2026,5,20
노원구,상계동,중계센트럴파크,59.75,12,2016,45200,0,2026,5,27
노원구,월계동,성원(사슴4),59.94,3,1995,27300,0,2026,5,27
노원구,상계동,상계주공3(고층),59.28,15,1987,28875,0,2026,5,13
노원구,중계동,주공5,44.52,10,1992,18900,0,2026,5,9
노원구,상계동,상계주공6(고층),58.01,11,1988,33000,0,2026,5,18
노원구,상계동,상계주공3(고층),58.01,15,1987,20559,0,2026,5,23
노원구,중계동,중계그린1단지,39.78,6,1990,21000,0,2026,5,23
노원구,상계동,우림루미아트1,84.887,5,2004,45000,40,2026,5,18
노원구,중계동,양지마을(대림)2,59.4,15,1999,55000,0,2026,5,26
노원구,상계동,중계센트럴파크,59.75,7,2016,20331,0,2026,5,26
노원구,공릉동,태강아파트(아이파크),49.6,6,1999,20000,57,2026,5,23
노원구,월계동,건양노블레스빌,84.659,2,2003,50000,0,2026,5,23
노원구,월계동,서광,59.96,2,1994,28200,0,2026,5,16
노원구,월계동,주공2,44.52,15,1992,18690,0,2026,5,21
노원구,상계동,한신4차,84.84,8,1995,20000,100,2026,5,26
노원구,월계동,꿈의숲SKVIEW,84.95,19,2016,50400,0,2026,5,19
노원구,상계동,노원롯데캐슬시그니처,84.999,14,2023,20000,152,2026,5,2
노원구,상계동,상계주공3(고층),58.01,7,1987,35000,0,2026,5,26
노원구,공릉동,태강아파트(아이파크),49.6,11,1999,3000,130,2026,5,13
노원구,월계동,주공2,58.65,1,1992,7000,78,2026,5,2
노원구,상계동,"상계주공15(고층,공무원임대)",49.94,8,1988,16846,0,2026,5,26
노원구,월계동,미성,50.14,7,1986,32000,0,2026,5,26
노원구,상계동,한신4차,84.84,13,1995,39000,0,2026,5,21
노원구,하계동,우성,127.22,2,1988,75000,0,2026,5,10
노원구,상계동,상계주공6(고층),58.01,4,1988,26250,0,2026,5,22
노원구,공릉동,풍림아파트A,84.99,13,2001,52500,0,2026,5,23
노원구,상계동,중계센트럴파크,49.9,3,2016,13778,4,2026,5,26
노원구,공릉동,시영2단지(라이프)아파트,34.44,8,1994,20000,0,2026,5,14
노원구,공릉동,공릉1단지아파트,24.79,9,1994,178,4,2026,5,26
노원구,상계동,상계주공4(고층),32.39,4,1988,14730,0,2026,5,25
노원구,상계동,상계주공10(고층),58.01,2,1988,9700,60,2026,5,23
노원구,상계동,벽산,38.71,7,1989,17500,0,2026,5,15
노원구,중계동,성원1,59.75,4,1996,45000,0,2026,5,25
노원구,공릉동,태릉해링턴플레이스,74.95,3,2022,61000,0,2026,5,22
노원구,상계동,청암2단지,49.77,9,2001,5000,100,2026,5,23
노원구,상계동,"상계주공15(고층,공무원임대)",49.94,8,1988,11792,12,2026,5,26
노원구,중계동,주공6,44.1,12,1993,1000,100,2026,5,26
노원구,상계동,상계주공7(고층),41.3,6,1988,3000,65,2026,5,15
노원구,상계동,대동황토방,60,20,2001,38850,0,2026,5,26
노원구,공릉동,시영2단지(라이프)아파트,39.6,10,1994,23000,0,2026,5,22
노원구,상계동,상계주공14(고층),45.9,15,1989,2000,58,2026,5,23
노원구,월계동,사슴1,24.12,13,1995,174,4,2026,5,26
노원구,상계동,상계주공14(고층),45.9,11,1989,13000,50,2026,5,14
노원구,상계동,청암1단지,84.8,18,2001,49500,0,2026,5,22
노원구,월계동,월계센트럴아이파크,59.99,15,2020,14654,23,2026,5,26
노원구,월계동,사슴2,24.12,7,1995,1448,3,2026,5,18
노원구,상계동,"상계주공15(고층,공무원임대)",41.3,1,1988,2500,29,2026,5,26
노원구,상계동,상계주공14(고층),90.94,5,1989,44500,0,2026,5,25
노원구,상계동,"상계주공15(고층,공무원임대)",41.3,2,1988,2778,32,2026,5,26
노원구,상계동,상계주공3(고층),58.01,11,1987,5000,150,2026,5,23
노원구,중계동,주공8,49.72,15,1993,5000,130,2026,5,22
노원구,중계동,주공7,44.1,8,1993,1000,90,2026,5,21
노원구,공릉동,공릉1단지아파트,24.79,5,1994,178,4,2026,5,26
노원구,상계동,상계대림,84.91,11,1989,5000,150,2026,5,26
노원구,공릉동,공릉1단지아파트,24.79,12,1994,178,4,2026,5,26
노원구,상계동,상계주공1(고층),32.39,12,1988,16600,5,2026,5,1
노원구,월계동,한진한화그랑빌,59.94,14,2002,6000,130,2026,5,1
노원구,공릉동,공릉1단지아파트,24.79,6,1994,534,7,2026,5,26
노원구,상계동,상계주공6(고층),32.39,2,1988,12000,30,2026,5,26
노원구,상계동,상계주공3(고층),75.2,11,1987,15000,150,2026,5,9
노원구,월계동,초안2,59.85,2,1997,15000,60,2026,5,26
노원구,월계동,미성,50.14,7,1986,32000,0,2026,5,23
노원구,월계동,대동,59.76,12,1997,27000,0,2026,5,26
노원구,상계동,상계주공7(고층),45.55,1,1988,7000,80,2026,5,26
노원구,중계동,동진신안,134.74,12,1993,30000,100,2026,5,22
노원구,월계동,사슴1,24.12,10,1995,174,4,2026,5,26
노원구,상계동,은빛2단지,59.95,4,1998,40000,0,2026,5,14
노원구,월계동,풍림아이원,84.303,11,2005,5000,200,2026,5,23
노원구,상계동,상계주공4(고층),41.3,1,1988,20800,0,2026,5,23
노원구,상계동,"상계주공15(고층,공무원임대)",49.94,12,1988,17103,0,2026,5,26
노원구,중계동,라이프,115.65,12,1993,88500,0,2026,5,23
노원구,중계동,건영3,84.9,11,1995,39000,200,2026,5,26
노원구,상계동,미도,87.57,2,1988,47000,0,2026,5,26
노원구,상계동,보람아파트,54.59,2,1988,5000,100,2026,5,25
노원구,하계동,극동,55.72,4,1988,27300,0,2026,5,21
노원구,공릉동,삼익포레스트아파트,114.88,13,1995,60000,0,2026,5,23
노원구,월계동,현대,59.95,27,2000,43000,0,2026,5,25
노원구,상계동,상계주공9(고층),49.94,3,1988,10500,45,2026,5,11
노원구,상계동,상계주공1(고층),58.01,13,1988,32500,0,2026,5,23
노원구,상계동,중계센트럴파크,49.9,3,2016,4065,43,2026,5,24
노원구,하계동,우성,127.22,5,1988,80000,0,2026,5,25
노원구,상계동,상계주공12(고층),49.94,6,1988,30000,0,2026,5,23
노원구,공릉동,태강아파트(아이파크),59.34,10,1999,5000,92,2026,5,23
노원구,하계동,학여울청구,113.51,2,1999,55000,0,2026,5,25
노원구,월계동,사슴3,39.6,2,1995,20000,0,2026,5,22
노원구,공릉동,태릉우성아파트,66.87,2,1985,34600,0,2026,5,23
노원구,상계동,상계주공6(고층),59.2,15,1988,27000,0,2026,5,23
노원구,상계동,상계주공6(고층),59.2,15,1988,27000,0,2026,5,23
노원구,하계동,삼익선경,107.95,11,1993,62000,0,2026,5,24
노원구,하계동,장미(시영6),49.5,8,1989,1000,60,2026,5,1
노원구,중계동,상아,51.29,4,1989,27300,0,2026,5,23
노원구,상계동,상계주공2(고층),59.2,11,1987,24000,0,2026,5,23
노원구,상계동,상계주공7(고층),49.94,13,1988,23100,0,2026,5,5
노원구,상계동,상계주공14(저층),71.89,4,1989,40000,0,2026,5,23
노원구,상계동,포레나노원,84.9014,22,2020,70000,50,2026,5,23
노원구,월계동,미륭,51.48,4,1986,25000,0,2026,5,1
노원구,공릉동,화랑타운아파트,84.65,9,2000,27000,90,2026,5,12
노원구,공릉동,공릉1단지아파트,24.79,5,1994,178,4,2026,5,26
노원구,월계동,월계센트럴아이파크,59.99,4,2020,11874,37,2026,5,25
노원구,중계동,중계무지개,49.89,2,1991,5000,105,2026,5,23
노원구,중계동,금호타운(583),84.98,5,1997,39990,60,2026,5,21
노원구,상계동,해링턴플레이스노원센트럴,23.5668,9,2025,6500,48,2026,5,26
노원구,상계동,상계주공1(고층),32.39,5,1988,16800,0,2026,5,23
노원구,상계동,"상계주공15(고층,공무원임대)",49.94,3,1988,3420,40,2026,5,21
노원구,상계동,은빛1단지,49.77,13,1998,30000,0,2026,5,23
노원구,상계동,상계주공12(고층),61.52,2,1988,28300,0,2026,5,23
노원구,상계동,청암2단지,59.4,12,2001,33600,0,2026,5,21
노원구,상계동,상계주공9(고층),79.07,10,1988,45000,0,2026,5,15
노원구,상계동,상계주공11(고층),41.3,3,1988,26000,0,2026,5,23
노원구,중계동,주공2,44.52,2,1992,2000,90,2026,5,11
노원구,월계동,청백3,39.84,6,1998,2000,90,2026,5,22
노원구,월계동,월계센트럴아이파크,59.99,11,2020,5674,53,2026,5,24
노원구,상계동,상계주공14(고층),49.94,10,1989,2000,79,2026,5,25
노원구,상계동,"상계주공15(고층,공무원임대)",49.94,7,1988,11568,7,2026,5,21
노원구,상계동,"상계주공15(고층,공무원임대)",49.94,9,1988,3420,40,2026,5,25
노원구,중계동,중계무지개,59.26,10,1991,45000,0,2026,5,23
노원구,중계동,현대1(4차),84.99,4,1993,45000,0,2026,5,23
노원구,하계동,청솔(시영7),39.92,11,1989,19000,0,2026,5,20
노원구,공릉동,광덕파크빌아파트,84.7,12,2003,0,40,2026,5,25
노원구,상계동,"상계주공15(고층,공무원임대)",41.3,14,1988,13890,0,2026,5,21
노원구,상계동,"상계주공15(고층,공무원임대)",49.94,12,1988,17103,0,2026,5,21
노원구,하계동,극동,70.56,4,1988,46500,0,2026,5,23
노원구,상계동,은빛2단지,49.77,3,1998,25000,0,2026,5,23
노원구,상계동,상계주공3(고층),68.86,12,1987,27300,0,2026,5,13
노원구,상계동,"상계주공15(고층,공무원임대)",49.94,1,1988,15392,0,2026,5,25
노원구,상계동,"상계주공15(고층,공무원임대)",41.3,8,1988,13890,0,2026,5,25
노원구,상계동,상계주공2(저층),84.41,5,1987,38850,0,2026,5,14
노원구,상계동,상계주공2(고층),60.5,5,1987,18000,50,2026,5,23
노원구,상계동,상계주공9(고층),66.56,12,1988,36750,0,2026,5,25
노원구,상계동,상계주공10(고층),49.94,4,1988,4000,100,2026,5,23
노원구,상계동,상계주공4(고층),59.28,11,1988,31000,0,2026,5,22
노원구,하계동,청솔(시영7),39.78,3,1989,26000,0,2026,5,23
노원구,하계동,한신1,27,14,1988,1000,75,2026,5,23
노원구,상계동,건영,84.77,5,2003,33800,0,2026,5,22
노원구,상계동,극동늘푸른,59.958,8,2000,10500,79,2026,5,19
노원구,공릉동,삼익4단지아파트,39.6,13,1994,24000,0,2026,5,21
노원구,상계동,상계주공14(고층),49.94,6,1989,2000,80,2026,5,22
노원구,월계동,미성,33.28,3,1986,11500,0,2026,5,22
노원구,상계동,상계2차중앙하이츠,84.6,20,1998,43050,0,2026,5,15
노원구,중계동,중계무지개,39.82,7,1991,21000,0,2026,5,22
노원구,중계동,염광,59.34,6,1996,33000,0,2026,5,20
노원구,중계동,염광,59.34,6,1996,33000,0,2026,5,20
노원구,하계동,청솔(시영7),39.92,1,1989,3000,75,2026,5,5
노원구,상계동,벽산,43.35,2,1989,11950,30,2026,5,21
노원구,중계동,중계그린1단지,49.5,14,1990,27300,0,2026,5,22
노원구,상계동,상계주공1(고층),41.3,3,1988,16500,0,2026,5,19
노원구,월계동,사슴3,49.5,9,1995,3000,110,2026,5,5
노원구,상계동,상계주공12(고층),49.94,14,1988,25000,0,2026,5,18
노원구,공릉동,시영3차(라이프)아파트,34.44,5,1994,21000,0,2026,5,16
노원구,중계동,대림벽산(363),114.39,15,1993,83430,0,2026,5,21
노원구,중계동,중계그린1단지,49.85,9,1990,6000,85,2026,5,13
노원구,월계동,주공2,84.815,7,1992,34650,0,2026,5,22
노원구,상계동,노원센트럴푸르지오,84.994,3,2021,57425,30,2026,5,20
노원구,상계동,보람아파트,68.99,14,1988,10000,0,2026,5,22
노원구,공릉동,태강아파트(아이파크),49.6,11,1999,5000,110,2026,5,21
노원구,상계동,건영,84.77,5,2003,33800,0,2026,5,22
노원구,상계동,한신1차,53.96,14,1987,4000,100,2026,5,20
노원구,상계동,해링턴플레이스노원센트럴,59.6793,5,2025,7700,106,2026,5,22
노원구,월계동,청백(774),39.84,12,1998,1172,14,2026,5,22
노원구,상계동,상계주공14(고층),49.94,3,1989,12000,27,2026,5,21
노원구,월계동,월계센트럴아이파크,59.99,8,2020,14654,23,2026,5,22
노원구,상계동,상계주공14(고층),41.3,4,1989,1000,100,2026,5,22
노원구,중계동,중계그린1단지,39.92,9,1990,17850,0,2026,5,22
노원구,하계동,학여울청구,113.51,11,1999,60000,0,2026,5,9
노원구,상계동,상계주공1(고층),59.2,6,1988,8000,0,2026,5,1
노원구,상계동,상계주공6(고층),58.01,9,1988,35000,0,2026,5,21
노원구,상계동,"상계주공15(고층,공무원임대)",49.94,13,1988,10261,20,2026,5,22
노원구,상계동,상계주공6(고층),58.01,5,1988,3000,95,2026,5,2
노원구,상계동,해링턴플레이스노원센트럴,59.7419,6,2025,17300,89,2026,5,14
노원구,상계동,상계주공6(고층),58.01,9,1988,35000,0,2026,5,21
노원구,중계동,중계그린1단지,49.85,14,1990,26250,0,2026,5,20
노원구,월계동,미륭,51.48,8,1986,27300,0,2026,5,22
노원구,월계동,한진한화그랑빌,59.94,17,2002,42000,0,2026,5,22
노원구,상계동,청암2단지,49.77,4,2001,10000,62,2026,5,1
노원구,상계동,중계센트럴파크,59.75,7,2016,20331,0,2026,5,21
노원구,중계동,주공4,59.39,15,1991,35000,0,2026,5,7
노원구,중계동,주공2,44.52,11,1992,2000,95,2026,5,18
노원구,상계동,중계센트럴파크,49.9,5,2016,7500,31,2026,5,22
노원구,하계동,청솔(시영7),49.85,5,1989,2000,110,2026,5,22
노원구,하계동,삼익선경,107.95,3,1993,61000,0,2026,5,22
노원구,중계동,주공5,76.51,13,1992,65000,0,2026,5,15
노원구,월계동,월계센트럴아이파크,59.99,14,2020,14654,23,2026,5,21
노원구,상계동,"상계주공15(고층,공무원임대)",41.3,11,1988,2726,25,2026,5,21
노원구,공릉동,동신아파트,59.99,8,1999,40000,0,2026,5,21
노원구,월계동,월계센트럴아이파크,59.99,4,2020,14654,23,2026,5,21
노원구,하계동,청솔(시영7),49.85,4,1989,21000,0,2026,5,16
노원구,상계동,"상계주공15(고층,공무원임대)",49.94,8,1988,3369,31,2026,5,21
노원구,공릉동,대아2차아파트,59.88,1,2000,25000,47,2026,5,18
노원구,중계동,중계무지개,59.26,2,1991,12000,90,2026,5,14
노원구,월계동,미성,33.28,5,1986,11460,0,2026,5,21
노원구,중계동,주공8,49.72,11,1993,26500,5,2026,5,16
노원구,월계동,성원(사슴4),39.6,15,1995,9000,50,2026,5,20
노원구,상계동,"상계주공15(고층,공무원임대)",49.94,8,1988,10261,20,2026,5,21
노원구,중계동,주공2,44.52,3,1992,10000,50,2026,5,14
노원구,상계동,상계주공6(고층),41.3,12,1988,3000,95,2026,5,9
노원구,월계동,주공2,58.65,2,1992,5000,85,2026,5,21
노원구,상계동,"상계주공15(고층,공무원임대)",49.94,3,1988,16846,0,2026,5,21
노원구,월계동,월계센트럴아이파크,59.99,8,2020,14654,23,2026,5,21
노원구,월계동,월계센트럴아이파크,59.99,10,2020,17904,36,2026,5,21
노원구,상계동,상계주공3(고층),73.94,4,1987,42000,0,2026,5,20
노원구,상계동,중계센트럴파크,49.9,4,2016,12804,2,2026,5,21
노원구,상계동,벽산,46.8,9,1989,23000,0,2026,5,19
노원구,상계동,소담빌,14.65,8,2014,500,60,2026,5,13
노원구,상계동,상계주공10(고층),58.01,8,1988,36000,0,2026,5,16
노원구,월계동,월계센트럴아이파크,59.99,8,2020,14654,23,2026,5,21
노원구,중계동,현대(6차),122.685,6,2018,75000,0,2026,5,18
노원구,하계동,건영,53.14,15,1988,35000,0,2026,5,21
노원구,월계동,삼호3,59.22,13,1986,35000,0,2026,5,21
노원구,상계동,불암대림(207동),33,11,2000,2895,4,2026,5,21
노원구,상계동,상계주공16(고층),59.39,7,1988,27300,0,2026,5,9
노원구,상계동,상계주공6(고층),49.94,13,1988,27000,0,2026,5,7
노원구,월계동,주공2,38.64,14,1992,4000,50,2026,5,16
노원구,상계동,상계주공2(고층),68.86,12,1987,38000,0,2026,5,21
노원구,월계동,한진한화그랑빌,84.97,17,2002,40000,110,2026,5,11
노원구,월계동,월계센트럴아이파크,59.99,13,2020,16820,31,2026,5,21
노원구,월계동,월계센트럴아이파크,59.99,12,2020,14654,23,2026,5,21
노원구,월계동,사슴2,24.12,2,1995,234,8,2026,5,18
노원구,상계동,한신1차,53.96,8,1987,22000,0,2026,5,5
노원구,상계동,"상계주공15(고층,공무원임대)",49.94,11,1988,13476,8,2026,5,21
노원구,상계동,"상계주공15(고층,공무원임대)",41.3,14,1988,13890,0,2026,5,21
노원구,상계동,상계주공14(고층),49.94,7,1989,500,50,2026,5,15
노원구,상계동,상계주공6(고층),41.3,12,1988,3000,95,2026,5,9
노원구,중계동,주공6,44.1,15,1993,1000,90,2026,5,21
노원구,상계동,상계주공6(고층),58.01,7,1988,35000,0,2026,5,20
노원구,공릉동,비선아파트,59.74,4,1999,30000,0,2026,5,20
노원구,월계동,월계센트럴아이파크,59.99,13,2020,14654,23,2026,5,21
노원구,월계동,월계센트럴아이파크,59.99,6,2020,10834,42,2026,5,21
노원구,하계동,하계2현대,84.896,13,1997,25000,160,2026,5,21
노원구,월계동,월계센트럴아이파크,59.99,3,2020,10834,42,2026,5,21
노원구,월계동,월계센트럴아이파크,59.99,6,2020,14654,23,2026,5,21
노원구,상계동,"상계주공15(고층,공무원임대)",49.94,8,1988,3420,40,2026,5,21
노원구,상계동,"상계주공15(고층,공무원임대)",41.3,14,1988,13890,0,2026,5,21
노원구,월계동,월계센트럴아이파크,59.99,12,2020,14654,23,2026,5,21
노원구,월계동,월계센트럴아이파크,59.99,5,2020,14654,23,2026,5,21
노원구,중계동,중계무지개,59.26,4,1991,27300,0,2026,5,21
노원구,상계동,상계주공7(고층),49.94,6,1988,31500,0,2026,5,21
노원구,월계동,월계센트럴아이파크,59.99,9,2020,14654,23,2026,5,20
노원구,월계동,월계센트럴아이파크,59.99,8,2020,14654,23,2026,5,20
노원구,월계동,월계센트럴아이파크,59.99,6,2020,14654,23,2026,5,20
노원구,공릉동,태강아파트(아이파크),49.6,11,1999,31000,0,2026,5,9
노원구,월계동,월계센트럴아이파크,59.99,13,2020,14654,23,2026,5,20
노원구,중계동,주공5,44.52,10,1992,22000,30,2026,5,20
노원구,월계동,월계센트럴아이파크,59.99,9,2020,14654,23,2026,5,20
노원구,월계동,월계센트럴아이파크,59.99,4,2020,14654,23,2026,5,20
노원구,상계동,상계주공13(고층),45.9,11,1989,7000,32,2026,5,21
노원구,상계동,"상계주공15(고층,공무원임대)",49.94,9,1988,5053,25,2026,5,21
노원구,공릉동,태릉우성아파트,66.87,1,1985,35000,0,2026,5,2
노원구,월계동,월계센트럴아이파크,59.99,12,2020,14654,23,2026,5,20
노원구,상계동,상계주공3(고층),84.2,12,1987,42000,0,2026,5,21
노원구,월계동,월계센트럴아이파크,59.99,5,2020,13474,29,2026,5,20
노원구,상계동,"상계주공15(고층,공무원임대)",49.94,10,1988,13476,8,2026,5,19
노원구,상계동,"상계주공15(고층,공무원임대)",41.3,3,1988,13890,0,2026,5,20
노원구,월계동,월계센트럴아이파크,59.99,8,2020,14654,23,2026,5,20
노원구,월계동,월계센트럴아이파크,59.99,13,2020,15046,21,2026,5,20
노원구,상계동,상계주공11(고층),49.94,4,1988,3000,85,2026,5,14
노원구,중계동,청구3,84.77,3,1996,68250,0,2026,5,10
노원구,상계동,상계주공3(고층),73.94,15,1987,43000,0,2026,5,20
노원구,월계동,월계센트럴아이파크,59.99,13,2020,14654,23,2026,5,20
노원구,월계동,월계센트럴아이파크,59.99,5,2020,15737,27,2026,5,20
노원구,월계동,꿈의숲SKVIEW,84.93,17,2016,67000,0,2026,5,20
노원구,상계동,중계센트럴파크,59.75,8,2016,20331,0,2026,5,20
노원구,월계동,한진한화그랑빌,59.94,9,2002,44100,0,2026,5,21
노원구,월계동,월계센트럴아이파크,59.99,3,2020,14654,23,2026,5,21
노원구,월계동,월계센트럴아이파크,59.99,5,2020,14654,23,2026,5,21
노원구,월계동,월계센트럴아이파크,59.99,11,2020,14654,23,2026,5,20
노원구,월계동,월계센트럴아이파크,59.99,14,2020,14654,23,2026,5,20
노원구,중계동,중계무지개,39.96,5,1991,16000,35,2026,5,20
노원구,하계동,하계2현대,84.896,7,1997,70000,0,2026,5,20
노원구,상계동,상계주공6(고층),38,7,1988,2000,85,2026,5,20
노원구,공릉동,테라파크뷰,55.2,3,2022,42500,0,2026,5,20
노원구,공릉동,태강아파트(아이파크),59.38,3,1999,5000,100,2026,5,16
노원구,중계동,주공5,44.52,12,1992,2000,79,2026,5,9
노원구,하계동,한신1,35.28,8,1988,22050,0,2026,5,20
노원구,중계동,중계무지개,39.96,1,1991,25000,0,2026,5,16
노원구,공릉동,비선아파트,59.74,4,1999,30000,0,2026,5,20
노원구,중계동,동진신안,101.99,2,1993,80000,0,2026,5,19
노원구,상계동,상계주공2(고층),37.46,7,1987,1500,71,2026,5,20
노원구,상계동,"상계주공15(고층,공무원임대)",41.3,2,1988,9723,12,2026,5,20
노원구,중계동,주공5,44.52,6,1992,1000,73,2026,5,16
노원구,상계동,해링턴플레이스노원센트럴,26.8359,12,2025,3900,63,2026,5,6
노원구,공릉동,청솔아파트8,84.65,15,2000,49000,0,2026,5,20
노원구,상계동,상계주공9(고층),41.3,11,1988,17325,0,2026,5,17
노원구,중계동,주공5,38.64,2,1992,3000,80,2026,5,2
노원구,하계동,청솔(시영7),59.22,7,1989,35000,0,2026,5,20
노원구,월계동,한진한화그랑빌,84.97,10,2002,56000,0,2026,5,20
노원구,상계동,상계주공2(고층),37.46,7,1987,1500,71,2026,5,20
노원구,상계동,해링턴플레이스노원센트럴,46.107,5,2025,11200,59,2026,5,20
노원구,월계동,한진한화그랑빌,84.97,3,2002,47250,0,2026,5,11
노원구,월계동,청백3,39.84,11,1998,3000,50,2026,5,20
노원구,상계동,상계주공12(고층),41.3,15,1988,13650,0,2026,5,20
노원구,하계동,청구,70.69,2,1988,42000,0,2026,5,20
노원구,중계동,중계무지개,49.54,6,1991,2000,110,2026,5,20
노원구,상계동,불암현대,59.4,21,1999,5000,120,2026,5,20
노원구,상계동,상계주공9(고층),79.07,12,1988,55000,0,2026,5,19
노원구,상계동,상계주공1(고층),58.01,2,1988,22000,0,2026,5,19
노원구,월계동,미륭,51.48,12,1986,2000,80,2026,5,20
노원구,하계동,학여울청구,113.51,18,1999,50715,0,2026,5,15
노원구,중계동,신안,59.97,9,1999,47000,0,2026,5,15
노원구,하계동,청구,70.69,9,1988,40000,0,2026,5,20
노원구,공릉동,태강아파트(아이파크),59.34,4,1999,45000,0,2026,5,19
노원구,상계동,해링턴플레이스노원센트럴,46.107,4,2025,11200,59,2026,5,8
노원구,월계동,미륭,51.48,7,1986,22000,0,2026,5,19
노원구,월계동,한진한화그랑빌,59.94,17,2002,39200,0,2026,5,9
노원구,상계동,상계주공14(고층),45.9,7,1989,13500,0,2026,5,16
노원구,상계동,상계주공12(고층),49.94,4,1988,3000,130,2026,5,19
노원구,하계동,우성,84.91,10,1988,49000,0,2026,5,13
노원구,상계동,상계주공6(고층),58.01,14,1988,10000,85,2026,5,19
노원구,상계동,상계주공11(고층),49.94,12,1988,30000,0,2026,5,16
노원구,월계동,롯데캐슬루나,84.9852,3,2006,47000,0,2026,5,19
노원구,상계동,상계주공14(고층),49.94,5,1989,30000,0,2026,5,19
노원구,상계동,상계주공14(고층),49.94,6,1989,3000,90,2026,5,14
노원구,상계동,상계주공9(고층),45.9,14,1988,1050,80,2026,5,19
노원구,월계동,청백(774),39.84,15,1998,2701,6,2026,5,18
노원구,상계동,상계주공2(고층),58.01,8,1987,26000,0,2026,5,18
노원구,월계동,한진한화그랑빌,84.97,18,2002,53000,0,2026,5,15
노원구,상계동,보람아파트,54.59,12,1988,24150,0,2026,5,19
노원구,상계동,상계주공14(고층),45.55,6,1989,2500,90,2026,5,2
노원구,공릉동,청솔아파트9,84.9,5,2000,49000,15,2026,5,19
노원구,상계동,상계주공4(고층),41.3,13,1988,3000,90,2026,5,9
노원구,중계동,중계무지개,49.54,8,1991,32500,0,2026,5,9
노원구,중계동,양지마을(대림)2,59.4,10,1999,42000,0,2026,5,11
노원구,하계동,한신1,27,9,1988,1000,60,2026,5,19
노원구,하계동,한신1,27,11,1988,19000,0,2026,5,15
노원구,공릉동,공릉아파트,33.18,9,1999,1180,17,2026,5,19
노원구,상계동,상계주공11(고층),41.3,7,1988,3000,75,2026,5,14
노원구,월계동,월계센트럴아이파크,59.99,13,2020,63000,0,2026,5,19
노원구,상계동,상계주공7(고층),79.07,9,1988,50000,0,2026,5,15
노원구,상계동,상계주공6(고층),58.01,1,1988,23625,0,2026,5,15
노원구,월계동,사슴2,24.12,10,1995,587,8,2026,5,19
노원구,상계동,"상계주공15(고층,공무원임대)",49.94,3,1988,13476,8,2026,5,19
노원구,상계동,상계주공11(고층),68.86,9,1988,22500,0,2026,5,16
노원구,상계동,상계주공16(고층),59.39,12,1988,23100,0,2026,5,16
노원구,상계동,상계주공5(저층),31.98,3,1987,1000,50,2026,5,19
노원구,중계동,중앙하이츠아쿠아,84.4675,1,2008,20000,170,2026,5,16
노원구,상계동,상계주공7(고층),49.94,5,1988,30000,0,2026,5,15
노원구,월계동,동원베네스트,59.854,9,2005,40000,0,2026,5,15
노원구,공릉동,공릉아파트,39.84,9,1999,1415,20,2026,5,19
노원구,공릉동,삼익4단지아파트,49.5,4,1994,5000,85,2026,5,17
노원구,상계동,한신2차,45.92,13,1988,10000,25,2026,5,19
노원구,상계동,중계센트럴파크,49.9,5,2016,17763,0,2026,5,14
노원구,월계동,사슴2,24.12,3,1995,587,8,2026,5,19
노원구,상계동,상계주공11(고층),59.28,4,1988,36000,0,2026,5,19
노원구,월계동,성원(사슴4),59.94,15,1995,25200,0,2026,5,16
노원구,중계동,중계무지개,49.89,15,1991,30000,0,2026,5,16
노원구,중계동,중계무지개,49.89,10,1991,32000,0,2026,5,14
노원구,상계동,중계센트럴파크,59.88,6,2016,20331,0,2026,5,15
노원구,공릉동,공릉아파트,32.79,1,1999,1164,17,2026,5,18
노원구,공릉동,공릉아파트,33.18,13,1999,1180,17,2026,5,18
노원구,상계동,불암현대아파트(106동),27,11,1999,355,15,2026,5,11
노원구,상계동,상계주공12(고층),41.3,3,1988,21000,0,2026,5,17
노원구,상계동,상계주공3(고층),73.94,1,1987,42000,0,2026,5,16
노원구,공릉동,태강아파트(아이파크),49.6,14,1999,31400,0,2026,5,16
노원구,중계동,주공4,45.77,15,1991,1000,60,2026,5,1
노원구,월계동,사슴2,24.12,7,1995,587,8,2026,5,18
노원구,상계동,상계주공10(고층),49.94,9,1988,20000,40,2026,5,9
노원구,월계동,청백(774),39.84,15,1998,1172,14,2026,5,18
노원구,상계동,상계주공14(고층),41.3,14,1989,500,57,2026,5,12
노원구,월계동,꿈의숲SKVIEW,84.95,7,2016,44970,0,2026,5,2
노원구,월계동,롯데캐슬루나,127.0318,8,2006,68000,0,2026,5,15
노원구,상계동,은빛1단지,49.77,12,1998,26250,0,2026,5,16
노원구,중계동,염광,84.5,2,1996,50000,0,2026,5,7
노원구,중계동,주공6,44.1,6,1993,5000,55,2026,5,15
노원구,상계동,상계주공1(고층),58.01,10,1988,23000,0,2026,5,7
노원구,공릉동,공릉아파트,32.79,3,1999,1164,17,2026,5,18
노원구,중계동,삼성,59.9,1,1999,33600,0,2026,5,16
노원구,월계동,미성,33.28,3,1986,1000,60,2026,5,13
노원구,하계동,삼익선경,134.19,1,1993,60000,0,2026,5,2
노원구,월계동,초안1,59.85,2,1998,28000,0,2026,5,18
노원구,월계동,녹천역두산위브아파트,49.5347,4,2017,2472,16,2026,5,18
노원구,공릉동,공릉아파트,39.84,10,1999,1415,20,2026,5,18
노원구,상계동,은빛3단지,39.84,13,1998,1312,15,2026,5,18
노원구,월계동,청백(774),34.44,4,1998,1013,12,2026,5,18
노원구,중계동,염광,84.5,18,1996,65000,0,2026,5,16
노원구,중계동,주공4,76.51,2,1991,30000,80,2026,5,18
노원구,상계동,은빛3단지,39.84,7,1998,1312,15,2026,5,18
노원구,상계동,해링턴플레이스노원센트럴,23.5668,13,2025,5400,51,2026,5,18
노원구,월계동,현대,59.95,17,2000,10000,70,2026,5,15
노원구,상계동,중계센트럴파크,59.75,10,2016,20331,0,2026,5,18
노원구,상계동,상계주공16(고층),59.39,3,1988,25000,0,2026,5,18
노원구,상계동,중계센트럴파크,59.75,7,2016,20331,0,2026,5,18
노원구,하계동,벽산,57.71,10,1988,28350,0,2026,5,16
노원구,상계동,해링턴플레이스노원센트럴,23.5668,16,2025,3600,58,2026,5,12
노원구,상계동,상계주공9(고층),49.94,3,1988,2000,73,2026,5,7
노원구,중계동,양지마을(대림)2,59.4,6,1999,20000,125,2026,5,15
노원구,상계동,중계센트럴파크,49.73,3,2016,17763,0,2026,5,18
노원구,월계동,청백(774),39.84,11,1998,1172,14,2026,5,18
노원구,중계동,양지마을(대림)2,84.88,8,1999,12000,150,2026,5,15
노원구,하계동,건영,45.55,13,1988,1000,73,2026,5,4
노원구,상계동,노원현대,84.78,15,1997,45000,0,2026,5,16
노원구,공릉동,공릉아파트,39.84,8,1999,1415,20,2026,5,18
노원구,월계동,월계흥화브라운빌,84.91,10,2004,40000,0,2026,5,16
노원구,월계동,미성,50.14,5,1986,20000,0,2026,5,16
노원구,하계동,극동,70.56,12,1988,10000,130,2026,5,18
노원구,상계동,상계주공6(고층),59.39,10,1988,23300,25,2026,5,6
노원구,공릉동,공릉아파트,33.18,8,1999,1180,17,2026,5,18
노원구,월계동,사슴2,24.12,8,1995,587,8,2026,5,18
노원구,공릉동,태릉해링턴플레이스,74.95,25,2022,65000,0,2026,5,16
노원구,상계동,상계대림,59.67,4,1989,14000,65,2026,5,15
노원구,중계동,중계무지개,39.96,6,1991,23000,0,2026,5,16
노원구,상계동,상계주공14(고층),59.39,13,1989,20000,70,2026,5,14
노원구,중계동,중계무지개,49.54,3,1991,27500,0,2026,5,13
노원구,상계동,"상계주공15(고층,공무원임대)",49.94,1,1988,15392,0,2026,5,18
노원구,월계동,월계센트럴아이파크,84.99,15,2020,50000,90,2026,5,16
노원구,중계동,중계무지개,49.89,15,1991,25000,0,2026,5,16
노원구,월계동,삼호3,59.22,8,1986,2000,67,2026,5,9
노원구,중계동,한화꿈에그린TheFIRST,121.284,16,2014,75000,0,2026,5,16
노원구,상계동,상계주공4(고층),75.2,10,1988,25000,50,2026,5,18
노원구,상계동,청암2단지,49.77,7,2001,27300,0,2026,5,16
노원구,상계동,은빛2단지,49.77,3,1998,25000,0,2026,5,16
노원구,월계동,주공2,44.52,8,1992,19400,0,2026,5,16
노원구,하계동,청솔(시영7),49.5,14,1989,30000,0,2026,5,16
노원구,상계동,우림루미아트201동,84.569,1,2004,38900,7,2026,5,12
노원구,상계동,상계주공6(고층),41.3,14,1988,2000,95,2026,5,16
노원구,중계동,주공5,44.52,1,1992,17000,0,2026,5,2
노원구,중계동,주공5,76.51,12,1992,45000,80,2026,5,15
노원구,상계동,상계주공12(고층),49.94,3,1988,19677,0,2026,5,13
노원구,중계동,중계3우성,84.87,2,1999,46488,0,2026,5,13
노원구,공릉동,공릉아파트,33.18,6,1999,1180,17,2026,5,18
노원구,중계동,주공5,84.79,15,1992,70000,0,2026,5,12
노원구,중계동,주공8,49.72,1,1993,25350,0,2026,5,15
노원구,월계동,청백3,49.77,1,1998,20490,0,2026,5,16
노원구,상계동,상계주공6(고층),41.3,12,1988,21000,0,2026,5,18
노원구,공릉동,청솔아파트8,84.65,10,2000,50000,0,2026,5,16
노원구,공릉동,태강아파트(아이파크),49.6,14,1999,31400,0,2026,5,16
노원구,월계동,미륭,51.48,14,1986,23000,0,2026,5,16
노원구,상계동,중계센트럴파크,49.9,4,2016,14417,8,2026,5,15
노원구,상계동,상계주공7(고층),41.3,9,1988,24000,0,2026,5,16
노원구,월계동,꿈의숲SKVIEW,59.96,11,2016,44100,0,2026,5,16
노원구,월계동,사슴2,24.12,2,1995,587,7,2026,5,18
노원구,상계동,"상계주공15(고층,공무원임대)",49.94,4,1988,17103,0,2026,5,17
노원구,상계동,"상계주공15(고층,공무원임대)",49.94,11,1988,17103,0,2026,5,18
노원구,상계동,"상계주공15(고층,공무원임대)",49.94,6,1988,3420,40,2026,5,18
노원구,상계동,상계주공1(고층),49.94,8,1988,18522,0,2026,5,16
노원구,중계동,한화꿈에그린,84.902,4,2005,60000,0,2026,5,16
노원구,상계동,"상계주공15(고층,공무원임대)",49.94,9,1988,17103,0,2026,5,18
노원구,상계동,"상계주공15(고층,공무원임대)",49.94,15,1988,17103,0,2026,5,17
노원구,상계동,"상계주공15(고층,공무원임대)",49.94,1,1988,3078,36,2026,5,17
노원구,상계동,중계센트럴파크,59.75,8,2016,20331,0,2026,5,16
노원구,상계동,상계주공14(고층),49.94,4,1989,5000,100,2026,5,15
노원구,월계동,성원(사슴4),59.94,1,1995,21200,0,2026,5,15
노원구,상계동,"상계주공15(고층,공무원임대)",49.94,8,1988,3420,40,2026,5,15
노원구,하계동,한신1,44.52,11,1988,2000,110,2026,5,9
노원구,상계동,"상계주공15(고층,공무원임대)",41.3,8,1988,13890,0,2026,5,14
노원구,중계동,성원1,59.75,1,1996,44100,0,2026,5,14
노원구,월계동,현대,59.95,17,2000,41000,0,2026,5,1
노원구,월계동,미성,33.28,1,1986,1000,70,2026,5,14
노원구,상계동,중계센트럴파크,59.75,5,2016,20331,0,2026,5,14
노원구,상계동,상계주공5(저층),31.98,2,1987,1000,60,2026,5,15
노원구,상계동,중계센트럴파크,49.6,6,2016,17763,0,2026,5,15
노원구,상계동,현대2차,83.33,9,1993,49700,0,2026,5,12
노원구,상계동,상계주공6(고층),32.39,2,1988,18000,0,2026,5,15
노원구,상계동,"상계주공15(고층,공무원임대)",41.3,12,1988,6945,20,2026,5,13
노원구,상계동,상계주공14(고층),41.3,12,1989,22000,0,2026,5,15
노원구,상계동,상계주공9(고층),49.94,5,1988,2000,70,2026,5,15
노원구,월계동,미성,50.14,9,1986,20000,0,2026,5,15
노원구,공릉동,태강아파트(아이파크),49.6,7,1999,31500,0,2026,5,8
노원구,월계동,한진한화그랑빌,84.97,17,2002,49350,0,2026,5,15
노원구,상계동,상계주공2(고층),41.3,15,1987,23100,0,2026,5,8
노원구,상계동,중계센트럴파크,59.75,8,2016,17763,0,2026,5,15
노원구,상계동,중계센트럴파크,59.75,14,2016,20331,0,2026,5,15
노원구,상계동,중계센트럴파크,49.6,8,2016,17763,0,2026,5,15
노원구,상계동,대림,93.13,9,1988,38535,0,2026,5,15
노원구,상계동,대창센시티,84.8577,9,2002,10000,150,2026,5,14
노원구,중계동,중계그린1단지,49.85,4,1990,27000,38,2026,5,15
노원구,중계동,중계그린1단지,39.78,3,1990,2000,100,2026,5,15
노원구,상계동,상계주공4(고층),58.01,9,1988,32000,0,2026,5,2
노원구,중계동,주공4,45.77,6,1991,12000,50,2026,5,15
노원구,월계동,미성,50.14,11,1986,10000,50,2026,5,15
노원구,상계동,상계주공9(고층),49.94,1,1988,23000,0,2026,5,15
노원구,상계동,상계주공3(고층),58.01,8,1987,2100,105,2026,5,14
노원구,상계동,"상계주공15(고층,공무원임대)",49.94,10,1988,13476,8,2026,5,7
노원구,월계동,한진한화그랑빌,84.97,24,2002,60000,0,2026,5,14
노원구,상계동,중계센트럴파크,49.9,7,2016,17763,0,2026,5,15
노원구,상계동,중계센트럴파크,59.75,5,2016,20331,0,2026,5,14
노원구,상계동,상계2차중앙하이츠,59.82,7,1998,48000,0,2026,5,14
노원구,상계동,중계센트럴파크,59.75,9,2016,20331,0,2026,5,14
노원구,상계동,상계주공4(고층),32.39,14,1988,1000,75,2026,5,2
노원구,상계동,수락리버시티4단지,59.9,3,2009,14658,0,2026,5,14
노원구,공릉동,미라쉘,17.58,7,2018,500,63,2026,5,12
은평구,응암동,녹번역e편한세상캐슬,84.92,17,2021,68200,0,2026,5,26
은평구,증산동,두산위브,84.4215,15,2005,50000,0,2026,5,24
은평구,증산동,DMC우방,84.99,21,2000,38500,0,2026,5,30
은평구,진관동,상림마을7단지아이파크(713~718동)BL1-11,101.61,10,2008,65000,0,2026,5,30
은평구,응암동,백련산힐스테이트1차,59.93,11,2011,55500,0,2026,5,23
은평구,녹번동,힐스테이트녹번,84.898,18,2019,73500,0,2026,5,24
은평구,증산동,두산위브,84.4215,15,2005,50000,0,2026,5,24
은평구,녹번동,힐스테이트녹번,84.9,4,2019,67200,0,2026,5,23
은평구,진관동,구파발10단지어울림(1020~1028동)임대BL3-5,84.78,6,2012,36030,0,2026,5,20
은평구,대조동,뉴캐슬,14.66,10,2014,9500,0,2026,5,11
은평구,응암동,녹번역e편한세상캐슬,59.97,9,2021,40000,83,2026,5,6
은평구,진관동,서울은평뉴타운디에트르더퍼스트,84.9922,15,2025,75050,0,2026,5,13
은평구,신사동,현대1,84.17,5,1997,44000,0,2026,5,12
은평구,수색동,DMC롯데캐슬더퍼스트,59.96,14,2021,60900,0,2026,5,1
은평구,수색동,DMC롯데캐슬더퍼스트,59.96,12,2021,10000,210,2026,5,1
은평구,신사동,은평자이더스타,49.999,24,2026,20000,110,2026,5,16
은평구,응암동,녹번역e편한세상캐슬,59.96,3,2021,60900,0,2026,5,23
은평구,응암동,녹번역센트레빌,84.97,12,2013,67000,0,2026,5,23
은평구,응암동,녹번역e편한세상캐슬,59.94,10,2021,67000,0,2026,5,4
은평구,응암동,신동아,52.71,6,1990,5000,100,2026,5,16
은평구,신사동,경남,84.98,8,1996,33000,0,2026,5,14
은평구,갈현동,대한웰빙홈,31.15,5,2018,22000,0,2026,5,23
은평구,불광동,불광롯데캐슬,59.99,18,2018,5000,190,2026,5,5
은평구,진관동,구파발10단지어울림(1011~1019동)BL3-1,84.85,4,2010,68000,0,2026,5,1
은평구,진관동,구파발10단지어울림(1011~1019동)BL3-1,84.85,4,2010,68000,0,2026,5,1
은평구,진관동,구파발10단지어울림(1011~1019동)BL3-1,84.85,4,2010,68000,0,2026,5,1
은평구,진관동,구파발10단지어울림(1011~1019동)BL3-1,84.85,4,2010,68000,0,2026,5,1
은평구,불광동,라이프미성,84.65,2,1988,29000,0,2026,5,27
은평구,갈현동,호림리슈리안아파트,56.7496,9,2022,42000,0,2026,5,13
은평구,진관동,서울은평뉴타운디에트르더퍼스트,59.986,12,2025,46410,0,2026,5,13
은평구,진관동,서울은평뉴타운디에트르더퍼스트,59.986,12,2025,46410,0,2026,5,13
은평구,증산동,DMC센트럴자이(3단지),84.97,6,2023,75500,0,2026,5,15
은평구,증산동,DMC센트럴자이(2단지),59.97,14,2023,61000,0,2026,5,5
은평구,응암동,백련산에스케이뷰아이파크,59.8545,10,2020,60000,0,2026,5,16
은평구,진관동,우물골2단지두산위브(209~222동)BL2-8,84.54,13,2009,65000,0,2026,5,13
은평구,응암동,백련산힐스테이트2차,84.37,3,2011,5000,220,2026,5,28
은평구,증산동,디오반,14.46,8,2011,1000,60,2026,5,29
은평구,응암동,녹번역e편한세상캐슬,84.97,19,2021,62500,50,2026,5,27
은평구,불광동,라이프미성,66.7,9,1988,35000,7,2026,5,28
은평구,신사동,은평자이더스타,49.9714,4,2026,40000,0,2026,5,23
은평구,증산동,DMC센트럴자이(3단지),84.85,21,2023,55000,140,2026,5,27
은평구,응암동,백련산에스케이뷰아이파크,59.9335,25,2020,10000,220,2026,5,23
은평구,증산동,문영마운틴(167-1),84.69,5,2004,100,50,2026,5,15
은평구,신사동,이랜드타운아파트,59.982,3,2004,37000,0,2026,5,24
은평구,역촌동,한국리치빌,84.8408,9,2003,45000,0,2026,5,28
은평구,구산동,브라운스톤구산,84.89,1,2006,5000,150,2026,5,28
은평구,응암동,응암아네스트,13.6793,13,2014,10500,15,2026,5,20
은평구,응암동,백련산해모로,59.97,8,2020,54600,0,2026,5,2
은평구,수색동,DMC파인시티자이,74.78,6,2025,75000,0,2026,5,30
은평구,응암동,녹번역e편한세상캐슬,59.96,2,2021,48000,0,2026,5,20
은평구,신사동,은평자이더스타,49.8193,23,2026,7000,200,2026,5,28
은평구,응암동,녹번역e편한세상캐슬,59.96,2,2021,38000,90,2026,5,23
은평구,응암동,응암아네스트,13.6793,12,2014,1000,60,2026,5,25
은평구,응암동,자선메르시안(400),84.58,9,2005,42000,0,2026,5,23
은평구,응암동,녹번역e편한세상캐슬,59.97,11,2021,60000,0,2026,5,23
은평구,증산동,DMC센트럴자이(1단지),84.92,1,2023,53000,85,2026,5,22
은평구,진관동,마고정3단지센트레빌(323~335동)BL2-2,84.02,6,2009,10000,210,2026,5,30
은평구,녹번동,녹번JR아파트,59.866,3,2002,42000,0,2026,5,30
은평구,응암동,녹번역e편한세상캐슬,84.92,17,2021,68200,0,2026,5,26
은평구,역촌동,더미다스역촌,43.36,10,2024,43000,0,2026,5,18
은평구,진관동,박석고개1단지힐스테이트(116~131동)임대BL2-1,84.49,11,2009,37332,0,2026,5,26
은평구,진관동,구파발10단지어울림(1001~1010동)장기전세BL3-4,84.69,9,2010,34315,0,2026,5,26
은평구,신사동,현대1,84.17,2,1997,30000,0,2026,5,3
은평구,불광동,북한산힐스테이트7차,59.981,5,2011,6000,185,2026,5,25
은평구,불광동,북한산현대힐스테이트3차아파트,59.99,7,2010,50000,0,2026,5,22
은평구,응암동,녹번역e편한세상캐슬,84.98,15,2021,65000,0,2026,5,14
은평구,대조동,정익제이원6차,28.65,8,2017,3000,85,2026,5,30
은평구,대조동,해오름시티,19.34,5,2012,8400,32,2026,5,13
은평구,응암동,응암아네스트,13.6793,16,2014,8800,26,2026,5,30
은평구,증산동,DMC센트럴자이(3단지),84.85,21,2023,50000,130,2026,5,30
은평구,대조동,메트하임,14.03,13,2020,1000,75,2026,5,30
은평구,역촌동,위산엘리시움,41.79,10,2018,26500,20,2026,5,19
은평구,진관동,상림마을6단지푸르지오(615~621동)BL1-6,84.79,1,2008,43000,0,2026,5,30
은평구,대조동,YS홈타운,16.52,8,2013,500,55,2026,5,16
은평구,응암동,백련산에스케이뷰아이파크,59.8545,12,2020,65000,0,2026,5,16
은평구,대조동,H빌딩,18.74,8,2013,5000,32,2026,5,1
은평구,응암동,백련산힐스테이트1차,84.42,12,2011,40000,80,2026,5,23
은평구,갈현동,한솔,39.96,7,1997,18680,0,2026,5,18
은평구,녹번동,북한산푸르지오,59.99,4,2015,46000,0,2026,5,1
은평구,갈현동,호림리슈리안아파트,56.7496,4,2022,54200,0,2026,5,13
은평구,진관동,구파발9단지래미안(916~928동)BL3-2,101.92,4,2010,65000,0,2026,5,12
은평구,응암동,녹번역e편한세상캐슬,84.92,12,2021,50000,120,2026,5,13
은평구,대조동,정익제이원아파트(15-114),25.68,11,2015,19480,16,2026,5,30
은평구,신사동,세민하이파크,40.88,5,2017,33000,0,2026,5,23
은평구,증산동,디오반,14.46,3,2011,3000,40,2026,5,6
은평구,수색동,DMC롯데캐슬더퍼스트,84.97,15,2021,61900,0,2026,5,12
은평구,증산동,디오반,14.46,3,2011,1000,50,2026,5,20
은평구,응암동,미가마하나임응암I,57.89,14,2022,5000,170,2026,5,26
은평구,진관동,은평뉴타운솔하임,45.034,8,2017,47000,0,2026,5,20
은평구,응암동,백련산해모로,74.94,16,2020,58000,0,2026,5,30
은평구,진관동,우물골2단지두산위브(201~203동)BL2-4,84.49,7,2009,65000,0,2026,5,30
은평구,진관동,상림마을7단지아이파크(730~742동)BL1-14,167.69,11,2008,70000,0,2026,5,10
은평구,증산동,디오반,14.46,5,2011,1000,53,2026,5,28
은평구,진관동,구파발9단지래미안(901~915동)임대BL3-3,84.84,3,2010,36030,0,2026,5,20
은평구,대조동,메트하임,14.03,11,2020,1000,63,2026,5,23
은평구,응암동,녹번역e편한세상캐슬,59.96,3,2021,50000,40,2026,5,22
은평구,불광동,북한산현대힐스테이트3차아파트,84.96,3,2010,21000,105,2026,5,16
은평구,증산동,삼성베스트빌,82.245,6,2008,36000,0,2026,5,30
은평구,대조동,워너빌,14.85,5,2013,8500,8,2026,5,24
은평구,응암동,백련산힐스테이트1차,84.59,15,2011,40000,85,2026,5,23
은평구,대조동,워너빌,14.85,10,2013,8500,6,2026,5,7
은평구,대조동,메트하임,14.03,11,2020,15000,0,2026,5,14
은평구,대조동,YS홈타운,12.23,11,2013,1000,50,2026,5,18
은평구,증산동,두산위브,84.4215,15,2005,50000,0,2026,5,24
은평구,신사동,은평자이더스타,49.9714,15,2026,42000,0,2026,5,11
은평구,수색동,DMCSK뷰아이파크포레,59.96,5,2025,58800,0,2026,5,30
은평구,응암동,백련산힐스테이트3차,84.43,10,2011,56175,0,2026,5,9
은평구,진관동,상림마을8단지롯데캐슬(810~820동)BL1-1,84.84,2,2008,40000,100,2026,5,15
은평구,응암동,녹번역e편한세상캐슬,84.92,6,2021,78750,0,2026,5,9
은평구,응암동,녹번역e편한세상캐슬,59.97,21,2021,50000,0,2026,5,30
은평구,응암동,녹번역e편한세상캐슬,84.98,6,2021,80000,0,2026,5,30
은평구,불광동,북한산현대홈타운,84.9956,11,2004,15000,160,2026,5,28
은평구,응암동,엘엔씨레반트,66.3,6,2003,7000,100,2026,5,16
은평구,녹번동,힐스테이트녹번,84.9,1,2019,50000,60,2026,5,23
은평구,응암동,백련산힐스테이트3차,84.59,6,2011,47000,70,2026,5,27
은평구,갈현동,유호루하스,17.098,5,2018,10000,15,2026,5,29
은평구,증산동,DMC월드,80.931,11,2002,50000,0,2026,5,29
은평구,응암동,백련산힐스테이트1차,84.59,14,2011,38000,40,2026,5,25
은평구,진관동,구파발9단지래미안(916~928동)BL3-2,84.83,3,2010,63000,0,2026,5,15
은평구,응암동,녹번역e편한세상캐슬,84.92,9,2021,80000,0,2026,5,7
은평구,녹번동,북한산푸르지오,84.99,4,2015,20000,180,2026,5,28
은평구,불광동,북한산현대힐스테이트3차아파트,84.98,11,2010,65000,0,2026,5,27
은평구,증산동,DMC센트럴자이(4단지),55.93,17,2023,10000,200,2026,5,25
은평구,신사동,은평자이더스타,49.9714,11,2026,45000,0,2026,5,21
은평구,증산동,태광,84.844,5,2002,50000,13,2026,5,23
은평구,갈현동,THESTUDIO163,17.89,5,2024,7800,36,2026,5,30
은평구,대조동,YS홈타운,12.96,6,2013,8000,0,2026,5,25
은평구,응암동,녹번역e편한세상캐슬,59.96,10,2021,58800,0,2026,5,26
은평구,응암동,미가마하나임응암I,57.89,20,2022,5000,170,2026,5,13
은평구,갈현동,THESTUDIO163,19.17,15,2024,8300,38,2026,5,30
은평구,응암동,백련산에스케이뷰아이파크,59.9335,11,2020,63000,0,2026,5,23
은평구,증산동,DMC자이2단지,135.58,8,2009,70000,75,2026,5,23
은평구,신사동,현대2,84.83,7,1994,40000,0,2026,5,15
은평구,응암동,힐스테이트녹번역,59.99,3,2022,66000,0,2026,5,30
은평구,갈현동,THESTUDIO163,19.17,5,2024,5600,39,2026,5,30
은평구,수색동,DMCSKVIEW,59.9865,8,2023,28000,125,2026,5,30
은평구,진관동,우물골2단지두산위브(223~244동)BL2-7,84.54,6,2010,69000,0,2026,5,30
은평구,수색동,DMCSK뷰아이파크포레,59.96,5,2025,65000,0,2026,5,22
은평구,수색동,DMCSK뷰아이파크포레,84.95,6,2025,59850,0,2026,5,30
은평구,수색동,DMCSK뷰아이파크포레,39.97,6,2025,45000,0,2026,5,30
은평구,진관동,우물골2단지두산위브(223~244동)BL2-7,134.43,3,2010,80000,0,2026,5,30
은평구,응암동,백련산힐스테이트2차,84.59,10,2011,55000,0,2026,5,24
은평구,수색동,DMCSKVIEW,59.9865,7,2023,75000,0,2026,5,31
은평구,갈현동,THESTUDIO163,17.89,14,2024,7800,36,2026,5,30
은평구,응암동,녹번역e편한세상캐슬,84.98,9,2021,75000,0,2026,5,29
은평구,녹번동,대림아파트(276),84.94,15,1993,10000,140,2026,5,9
은평구,대조동,정익제이원아파트(15-114),25.68,12,2015,3000,95,2026,5,19
은평구,응암동,백련산파크자이,59.789,10,2021,45000,50,2026,5,30
은평구,녹번동,북한산푸르지오,84.99,14,2015,66000,0,2026,5,23
은평구,증산동,DMC센트럴자이(2단지),59.97,1,2023,66100,0,2026,5,13
은평구,진관동,은평뉴타운 제각말 푸르지오(5-4단지),84.89,6,2010,54600,0,2026,5,26
은평구,응암동,녹번역e편한세상캐슬,59.97,6,2021,70000,0,2026,5,30
은평구,응암동,녹번역e편한세상캐슬,84.94,15,2021,76000,0,2026,5,30
은평구,응암동,녹번역e편한세상캐슬,59.96,5,2021,10000,220,2026,5,30
은평구,수색동,e편한세상 수색 에코포레,59.895,7,2003,45000,0,2026,5,23
은평구,응암동,녹번역e편한세상캐슬,59.96,9,2021,10000,180,2026,5,31
은평구,신사동,은평자이더스타,49.9714,9,2026,44000,0,2026,5,16
은평구,갈현동,코오롱하늘채,84.9462,2,2003,45000,0,2026,5,26
은평구,수색동,e편한세상 수색 에코포레,59.895,10,2003,45000,0,2026,5,30
은평구,녹번동,북한산푸르지오,59.99,3,2015,30000,120,2026,5,24
은평구,신사동,은평자이더스타,49.9714,11,2026,45000,0,2026,5,29
은평구,불광동,라이프미성,66.7,6,1988,29000,0,2026,5,30
은평구,대조동,YS홈타운,13.89,5,2013,1000,50,2026,5,16
은평구,신사동,세민하이파크,44.94,4,2017,29000,30,2026,5,29
은평구,응암동,백련산힐스테이트4차,59.98,3,2018,10000,200,2026,5,28
은평구,응암동,우성,64.62,9,1988,33000,0,2026,5,22
은평구,진관동,구파발9단지래미안(916~928동)BL3-2,84.84,5,2010,55000,0,2026,5,29
은평구,불광동,북한산현대힐스테이트3차아파트,84.98,15,2010,20000,170,2026,5,3
은평구,신사동,은평자이더스타,49.9714,14,2026,15000,130,2026,5,19
은평구,대조동,베르디움STAY1,36.2275,9,2022,6629,29,2026,5,19
은평구,수색동,DMC롯데캐슬더퍼스트,114.95,24,2021,100000,0,2026,5,16
은평구,응암동,백련산해모로,59.93,4,2020,60000,0,2026,5,29
은평구,응암동,백련산에스케이뷰아이파크,84.9039,9,2020,73000,0,2026,5,29
은평구,증산동,DMC센트럴자이(3단지),84.96,27,2023,88000,0,2026,5,29
은평구,녹번동,래미안베라힐즈,84.98,12,2019,82000,0,2026,5,29
은평구,대조동,베르디움STAY1,36.2275,7,2022,2064,22,2026,5,29
은평구,진관동,상림마을8단지롯데캐슬(821~830동)BL1-12,84.79,3,2008,10000,200,2026,5,19
은평구,응암동,백련산에스케이뷰아이파크,59.9335,6,2020,54500,0,2026,5,28
은평구,응암동,백련산힐스테이트3차,59.87,11,2011,53000,0,2026,5,29
은평구,녹번동,해주드림빌,78.8,2,2001,53500,0,2026,5,12
은평구,수색동,DMCSKVIEW,59.9865,15,2023,75000,0,2026,5,28
은평구,응암동,백련산힐스테이트3차,59.63,9,2011,5000,158,2026,5,18
은평구,응암동,녹번역e편한세상캐슬,59.94,5,2021,44100,60,2026,5,22
은평구,증산동,DMC자이2단지,113.66,11,2009,72450,0,2026,5,20
은평구,진관동,힐데스하임,40.63,8,2017,39000,0,2026,5,21
은평구,불광동,북한산힐스테이트1차아파트,59.817,3,2009,47000,0,2026,5,16
은평구,수색동,DMC 진흥,57.5033,12,2003,36750,0,2026,5,23
은평구,갈현동,THESTUDIO163,19.69,18,2024,8500,39,2026,5,29
은평구,수색동,DMC롯데캐슬더퍼스트,59.96,9,2021,45150,19,2026,5,28
은평구,응암동,백련산힐스테이트2차,84.59,11,2011,57000,0,2026,5,28
은평구,갈현동,대한웰빙홈,15.54,11,2018,16250,1,2026,5,19
은평구,진관동,마고정3단지센트레빌(310~322동)BL2-3,59.37,3,2009,10260,16,2026,5,28
은평구,녹번동,녹번JR아파트,59.866,6,2002,39375,0,2026,5,26
은평구,증산동,DMC자이2단지,135.58,8,2009,70000,75,2026,5,23
은평구,수색동,DMC롯데캐슬더퍼스트,59.96,15,2021,68000,0,2026,5,28
은평구,수색동,DMCSK뷰아이파크포레,59.96,14,2025,63000,0,2026,5,27
은평구,불광동,라이프미성,66.7,11,1988,35000,0,2026,5,9
은평구,진관동,폭포동4단지힐스테이트(401~407동)임대BL2-10,84.95,4,2010,34294,0,2026,5,28
은평구,신사동,새절역두산위브트레지움,84.98,16,2025,40000,160,2026,5,16
은평구,신사동,뉴월드,84.9,5,2004,45000,0,2026,5,23
은평구,신사동,현대2,84.83,9,1994,20000,110,2026,5,25
은평구,진관동,구파발10단지어울림(1001~1010동)장기전세BL3-4,59.98,3,2010,15030,0,2026,5,28
은평구,수색동,DMC아트포레자이,59.9,9,2026,5000,220,2026,5,2
은평구,응암동,녹번역센트레빌,39.87,10,2013,4945,0,2026,5,21
은평구,응암동,백련산힐스테이트4차,84.98,7,2018,55000,0,2026,5,16
은평구,신사동,신성수정,59.63,8,1996,5000,130,2026,5,13
은평구,응암동,녹번역e편한세상캐슬,59.97,20,2021,59850,0,2026,5,27
은평구,응암동,밝은문,43.82,6,2014,8000,100,2026,5,8
은평구,응암동,백련산힐스테이트1차,84.21,12,2011,54600,0,2026,5,1
은평구,응암동,백련산힐스테이트1차,59.93,11,2011,55500,0,2026,5,23
은평구,불광동,한화생명불광동사옥,17.12,10,2021,1000,70,2026,5,21
은평구,진관동,구파발10단지어울림(1001~1010동)장기전세BL3-4,84.78,11,2010,37745,0,2026,5,27
은평구,구산동,동익파크2동(355-98),84.95,2,1991,33000,10,2026,5,27
은평구,갈현동,호림리슈리안아파트,56.7496,2,2022,49000,0,2026,5,20
은평구,응암동,백련산해모로,43.13,6,2020,3169,19,2026,5,19
은평구,진관동,상림마을8단지롯데캐슬(801~809동)BL1-2,134.89,9,2008,75000,0,2026,5,27
은평구,신사동,뉴신사신성,84.42,9,1993,30000,0,2026,5,26
은평구,불광동,라이프미성,84.65,13,1988,44000,0,2026,5,27
은평구,수색동,DMCSK뷰아이파크포레,59.96,13,2025,66000,0,2026,5,27
은평구,응암동,녹번역e편한세상캐슬,59.96,3,2021,57700,0,2026,5,16
은평구,대조동,북한산포레스트,19.08,3,2021,20000,0,2026,5,8
은평구,진관동,마고정3단지센트레빌(301~309동)BL2-11,39.18,7,2009,5256,10,2026,5,27
은평구,응암동,우성,80.99,11,1988,44600,0,2026,5,24
은평구,응암동,백련산해모로,43.13,10,2020,5075,9,2026,5,19
은평구,불광동,북한산힐스테이트1차아파트,84.734,6,2009,10000,200,2026,5,23
은평구,진관동,은평뉴타운 제각말 푸르지오(5-1단지),101.83,9,2010,20000,160,2026,5,21
은평구,갈현동,호림리슈리안아파트,56.7496,11,2022,45600,0,2026,5,14
은평구,불광동,한화생명불광동사옥,16.18,7,2021,1000,67,2026,5,24
은평구,불광동,북한산현대홈타운,114.9984,5,2004,50000,130,2026,5,2
은평구,녹번동,대림아파트(276),84.94,14,1993,51000,0,2026,5,18
은평구,불광동,북한산힐스테이트7차,84.947,9,2011,55000,50,2026,5,23
은평구,응암동,녹번역e편한세상캐슬,59.96,13,2021,60000,0,2026,5,26
은평구,진관동,상림마을7단지아이파크(730~742동)BL1-14,167.69,3,2008,70000,0,2026,5,22
은평구,진관동,마고정3단지센트레빌(310~322동)BL2-3,59.37,1,2009,9310,21,2026,5,26
은평구,녹번동,북한산푸르지오,84.99,9,2015,60900,0,2026,5,26
은평구,응암동,녹번역e편한세상캐슬,59.97,15,2021,70000,0,2026,5,14
은평구,수색동,DMCSKVIEW,84.9965,9,2023,10000,268,2026,5,26
은평구,진관동,서울은평뉴타운디에트르더퍼스트,84.9922,10,2025,68685,0,2026,5,14
은평구,응암동,백련산힐스테이트1차,84.21,11,2011,47500,20,2026,5,23
은평구,진관동,은평뉴타운 제각말 푸르지오(5-2단지),134.84,9,2010,75000,0,2026,5,10
은평구,진관동,은평뉴타운솔하임,14.235,17,2017,1000,67,2026,5,22
은평구,대조동,아이안빌,31.32,6,2012,3000,100,2026,5,25
은평구,갈현동,THESTUDIO163,17.89,13,2024,7800,36,2026,5,24
은평구,응암동,백련산힐스테이트2차,59.63,7,2011,50000,0,2026,5,25
은평구,응암동,녹번역e편한세상캐슬,44.85,11,2021,52000,0,2026,5,22
은평구,신사동,응암역효성해링턴플레이스,59.94,11,2019,50000,0,2026,5,23
은평구,응암동,녹번역e편한세상캐슬,59.96,16,2021,20000,160,2026,5,9
은평구,대조동,메트하임,14.03,11,2020,15000,0,2026,5,14
은평구,진관동,은평뉴타운솔하임,14.235,16,2017,1000,68,2026,5,16
은평구,진관동,박석고개1단지힐스테이트(101~111동)BL2-12,84.49,14,2009,67200,0,2026,5,23
은평구,진관동,상림마을7단지아이파크(706~708동)BL1-3,84.79,6,2008,40000,80,2026,5,23
은평구,진관동,은평뉴타운 제각말 푸르지오(5-3단지),101.9,3,2010,70000,0,2026,5,23
은평구,응암동,백련산힐스테이트2차,59.95,10,2011,55000,0,2026,5,23
은평구,응암동,녹번역e편한세상캐슬,59.97,13,2021,70000,0,2026,5,23
은평구,수색동,DMC아트포레자이,84.99,16,2026,40000,160,2026,5,25
은평구,진관동,박석고개1단지힐스테이트(116~131동)BL2-1,59.85,10,2009,28616,43,2026,5,23
은평구,수색동,청구,59.97,4,2000,40000,40,2026,5,26
은평구,응암동,녹번역e편한세상캐슬,84.94,18,2021,55000,100,2026,5,23
은평구,진관동,박석고개1단지힐스테이트(116~131동)임대BL2-1,84.49,11,2009,37332,0,2026,5,26
은평구,진관동,구파발10단지어울림(1001~1010동)장기전세BL3-4,84.69,9,2010,34315,0,2026,5,26
은평구,불광동,북한산힐스테이트7차,84.947,4,2011,56700,0,2026,5,25
은평구,녹번동,힐스테이트녹번,84.9,4,2019,67200,0,2026,5,23
은평구,역촌동,코아,80.35,4,2003,33600,0,2026,5,22
은평구,역촌동,SM벨리체,56.59,7,2020,40000,0,2026,5,21
은평구,응암동,백련산힐스테이트1차,59.93,3,2011,52000,0,2026,5,25
은평구,녹번동,힐스테이트녹번,84.898,18,2019,73500,0,2026,5,24
은평구,녹번동,래미안베라힐즈,84.95,7,2019,80000,0,2026,5,23
은평구,진관동,우물골2단지두산위브(204~208동)BL2-5,84.04,5,2009,30000,140,2026,5,22
은평구,응암동,녹번역e편한세상캐슬,59.96,2,2021,68000,0,2026,5,22
은평구,불광동,북한산현대홈타운,84.9956,9,2004,55000,0,2026,5,22
은평구,응암동,녹번역e편한세상캐슬,59.96,6,2021,42000,70,2026,5,18
은평구,불광동,라이프미성,66.7,12,1988,39000,0,2026,5,11
은평구,불광동,한화생명불광동사옥,17.12,10,2021,1000,70,2026,5,20
은평구,불광동,정익제이원5차,22.14,9,2016,2000,84,2026,5,22
은평구,수색동,DMC자이1단지,116.92,11,2009,60000,70,2026,5,22
은평구,응암동,진흥펠리체,57.89,9,2015,9000,100,2026,5,1
은평구,응암동,백련산해모로,43.13,9,2020,5075,9,2026,5,22
은평구,대조동,베르디움STAY1,21.9733,18,2022,9000,34,2026,5,22
은평구,불광동,북한산래미안아파트(1단지),59.9932,9,2010,51400,0,2026,5,21
은평구,증산동,럭스빌(102동),82.58,4,2004,4600,110,2026,5,19
은평구,응암동,백련산힐스테이트3차,84.43,5,2011,53000,0,2026,5,22
은평구,응암동,백련산해모로,43.13,8,2020,5075,9,2026,5,22
은평구,불광동,북한산현대힐스테이트3차아파트,59.99,15,2010,15000,100,2026,5,22
은평구,증산동,DMC우방,59.91,17,2000,50000,0,2026,5,21
은평구,녹번동,녹번JR아파트,59.866,10,2002,42000,0,2026,5,21
은평구,갈현동,미미,59.595,5,1997,40000,0,2026,5,20
은평구,진관동,구파발10단지어울림(1020~1028동)임대BL3-5,84.78,6,2012,36030,0,2026,5,20
은평구,수색동,DMCSK뷰아이파크포레,76.65,3,2025,69000,0,2026,5,21
은평구,갈현동,유호루하스,16.768,5,2018,9400,15,2026,5,14
은평구,수색동,e편한세상 수색 에코포레,59.895,1,2003,42000,0,2026,5,16
은평구,신사동,뉴신사신성,84.42,2,1993,36000,0,2026,5,17
은평구,응암동,백련산파크자이,59.789,3,2021,60000,0,2026,5,21
은평구,진관동,우물골2단지두산위브(245~255동)BL2-6,167.25,3,2009,83000,0,2026,5,22
은평구,증산동,DMC센트럴자이(3단지),84.88,30,2023,83000,0,2026,5,21
은평구,갈현동,호림리슈리안아파트,56.7496,3,2022,54200,0,2026,5,21
은평구,갈현동,호림리슈리안아파트,56.7496,4,2022,54200,0,2026,5,21
은평구,불광동,북한산현대힐스테이트3차아파트,84.96,11,2010,56000,0,2026,5,20
은평구,응암동,미소세상,29.99,2,2017,19000,40,2026,5,9
은평구,응암동,백련산힐스테이트1차,59.63,2,2011,52000,0,2026,5,21
은평구,진관동,상림마을7단지아이파크(706~708동)BL1-3,59.8,6,2008,16137,0,2026,5,21
은평구,진관동,상림마을6단지푸르지오(606~614동)BL1-7,84.97,8,2008,55000,0,2026,5,21
은평구,수색동,DMC롯데캐슬더퍼스트,99.93,4,2021,30000,265,2026,5,21
은평구,수색동,DMC아트포레자이,59.9,17,2026,63000,0,2026,5,21
은평구,수색동,DMCSK뷰아이파크포레,49.92,11,2025,3217,23,2026,5,21
은평구,불광동,북한산현대힐스테이트3차아파트,59.99,4,2010,5000,165,2026,5,19
은평구,갈현동,THESTUDIO163,19.92,11,2024,8600,39,2026,5,21
은평구,불광동,북한산래미안아파트(2단지),59.9932,3,2010,20000,120,2026,5,20
은평구,수색동,DMCSKVIEW,84.9926,9,2023,84000,0,2026,5,20
은평구,응암동,녹번역e편한세상캐슬,59.96,8,2021,59850,0,2026,5,15
은평구,증산동,DMC센트럴자이(3단지),84.97,25,2023,79800,0,2026,5,20
은평구,불광동,북한산힐스테이트7차,59.981,2,2011,10000,180,2026,5,9
은평구,대조동,서교아르체빌,32.11,6,2013,2000,68,2026,5,12
은평구,진관동,박석고개1단지힐스테이트(101~111동)임대BL2-12,49.74,1,2009,4619,28,2026,5,21
은평구,진관동,구파발10단지어울림(1020~1028동)임대BL3-5,59.99,11,2012,9862,17,2026,5,20
은평구,진관동,구파발10단지어울림(1020~1028동)임대BL3-5,84.69,9,2012,36030,0,2026,5,20
은평구,대조동,주주베B,13.35,5,2014,1000,54,2026,5,20
은평구,불광동,북한산현대힐스테이트3차아파트,59.99,5,2010,20000,130,2026,5,16
은평구,진관동,우물골2단지두산위브(204~208동)BL2-5,84.04,2,2009,63000,0,2026,5,16
은평구,진관동,은평뉴타운솔하임,14.235,18,2017,1000,68,2026,5,1
은평구,진관동,상림마을6단지푸르지오(601~605동)BL1-8,101.61,7,2008,65000,0,2026,5,18
은평구,진관동,상림마을8단지롯데캐슬(810~820동)BL1-1,84.79,7,2008,58000,0,2026,5,19
은평구,진관동,상림마을6단지푸르지오(615~621동)BL1-6,59.75,10,2008,12919,34,2026,5,20
은평구,대조동,베르디움STAY1,21.9733,20,2022,11500,24,2026,5,20
은평구,진관동,상림마을7단지아이파크(730~742동)BL1-14,101.94,7,2008,63000,0,2026,5,20
은평구,녹번동,힐스테이트녹번,84.898,5,2019,80000,0,2026,5,18
은평구,진관동,은평뉴타운꿈에그린,59.98,16,2018,52000,0,2026,5,20
은평구,증산동,DMC센트럴자이(3단지),84.96,27,2023,89000,0,2026,5,20
은평구,갈현동,한솔,84.93,8,1997,35000,30,2026,5,2
은평구,불광동,북한산힐스테이트7차,59.981,2,2011,20000,109,2026,5,19
은평구,진관동,폭포동4단지힐스테이트(408~422동)BL3-9,101.9,4,2010,65000,0,2026,5,20
은평구,녹번동,녹번2현대,84.94,1,2001,41000,0,2026,5,13
은평구,녹번동,힐스테이트녹번,59.938,12,2019,57750,0,2026,5,20
은평구,갈현동,동광갈현베르빌,59.73,6,2004,35000,0,2026,5,13
은평구,진관동,구파발9단지래미안(901~915동)임대BL3-3,39.96,2,2010,5890,9,2026,5,20
은평구,진관동,상림마을7단지아이파크(709~712동)BL1-10,59.8,3,2008,16137,0,2026,5,20
은평구,증산동,DMC자이2단지,104.37,17,2009,68250,0,2026,5,20
은평구,신사동,은평자이더스타,49.999,24,2026,20000,110,2026,5,16
은평구,불광동,삼익(217-9),84.71,2,1992,34000,0,2026,5,13
은평구,응암동,백련산해모로,43.13,7,2020,5075,9,2026,5,20
은평구,대조동,베르디움STAY1,36.2415,10,2022,13219,21,2026,5,20
은평구,진관동,마고정3단지센트레빌(323~335동)BL2-2,84.04,2,2009,36030,0,2026,5,19
은평구,녹번동,녹번JR아파트,59.866,4,2002,40000,8,2026,5,16
은평구,수색동,e편한세상 수색 에코포레,84.951,3,2003,18500,40,2026,5,16
은평구,대조동,베르디움STAY1,36.2415,8,2022,13219,21,2026,5,19
은평구,진관동,은평뉴타운기자촌11단지,84.94,3,2015,34294,0,2026,5,20
은평구,진관동,은평스카이뷰자이,84.7488,30,2019,80000,0,2026,5,11
은평구,진관동,마고정3단지센트레빌(301~309동)BL2-11,84.53,14,2009,37831,0,2026,5,19
은평구,신사동,응암역효성해링턴플레이스,71.99,1,2019,56000,0,2026,5,19
은평구,응암동,백련산해모로,59.92,14,2020,60000,0,2026,5,19
은평구,진관동,우물골2단지두산위브(204~208동)BL2-5,84.04,4,2009,24375,0,2026,5,19
은평구,대조동,베르디움STAY1,21.9733,22,2022,9000,35,2026,5,19
은평구,진관동,은평스카이뷰자이,84.7488,22,2019,75000,0,2026,5,19
은평구,불광동,북한산래미안아파트(2단지),84.9929,12,2010,69000,0,2026,5,19
은평구,응암동,녹번역e편한세상캐슬,84.98,16,2021,77700,0,2026,5,19
은평구,응암동,백련산힐스테이트4차,59.98,8,2018,55000,0,2026,5,19
은평구,수색동,DMCSK뷰아이파크포레,49.92,3,2025,3217,23,2026,5,19
은평구,수색동,DMCSKVIEW,84.9926,5,2023,85000,0,2026,5,19
은평구,신사동,삼부,86.55,3,2001,45000,0,2026,5,18
은평구,대조동,주주베B,13.35,7,2014,9200,0,2026,5,19
은평구,진관동,구파발10단지어울림(1020~1028동)임대BL3-5,39.83,4,2012,5288,10,2026,5,19
은평구,진관동,박석고개1단지힐스테이트(101~111동)임대BL2-12,49.74,7,2009,6836,15,2026,5,19
은평구,응암동,e편한세상백련산,84.31,10,2022,20000,180,2026,5,19
은평구,응암동,백련산힐스테이트4차,84.98,8,2018,31500,105,2026,5,16
은평구,진관동,구파발10단지어울림(1020~1028동)임대BL3-5,84.85,13,2012,36030,0,2026,5,19
은평구,녹번동,북한산푸르지오,84.99,13,2015,72000,0,2026,5,19
은평구,진관동,마고정3단지센트레빌(310~322동)BL2-3,134.96,6,2009,78000,0,2026,5,19
은평구,진관동,구파발9단지래미안(901~915동)임대BL3-3,84.84,2,2010,36030,0,2026,5,19
은평구,응암동,녹번역e편한세상캐슬,59.97,20,2021,69000,0,2026,5,19
은평구,응암동,녹번역e편한세상캐슬,39.95,6,2021,7660,36,2026,5,19
은평구,응암동,백련산해모로,43.13,12,2020,3170,19,2026,5,19
은평구,불광동,LUMINO816,17.54,5,2024,5900,41,2026,5,18
은평구,진관동,구파발10단지어울림(1001~1010동)장기전세BL3-4,59.98,2,2010,9168,16,2026,5,18
은평구,갈현동,코오롱하늘채,84.9729,8,2003,10000,150,2026,5,19
은평구,대조동,베르디움STAY1,24.2466,22,2022,12100,25,2026,5,19
은평구,응암동,힐스테이트녹번역,39.12,2,2022,16144,45,2026,5,19
은평구,수색동,e편한세상 수색 에코포레,114.18,12,2003,50400,0,2026,5,15
은평구,역촌동,역촌센트레빌,84.89,1,2011,43000,0,2026,5,15
은평구,응암동,위산일리온시티,18.43,18,2020,17800,15,2026,5,6
은평구,신사동,은평자이더스타,49.9714,14,2026,15000,130,2026,5,19
은평구,갈현동,호림리슈리안아파트,56.7496,10,2022,56700,0,2026,5,9
은평구,응암동,백련산힐스테이트1차,59.63,4,2011,49350,0,2026,5,18
은평구,대조동,베르디움STAY1,21.9733,25,2022,10300,20,2026,5,19
은평구,진관동,구파발10단지어울림(1001~1010동)장기전세BL3-4,84.69,3,2010,36607,0,2026,5,18
은평구,불광동,북한산힐스테이트7차,84.813,8,2011,65000,20,2026,5,13
은평구,구산동,구산그린빌,19.4,4,2009,278,4,2026,5,18
은평구,녹번동,힐스테이트녹번,84.898,8,2019,69300,0,2026,5,16
은평구,녹번동,힐스테이트녹번,84.9,12,2019,71900,0,2026,5,16
은평구,응암동,백련산힐스테이트4차,84.98,10,2018,73000,0,2026,5,18
은평구,증산동,DMC센트럴자이(4단지),55.74,18,2023,65000,0,2026,5,16
은평구,갈현동,THESTUDIO163,19.92,7,2024,8600,39,2026,5,18
은평구,갈현동,THESTUDIO163,19.69,19,2024,8500,39,2026,5,18
은평구,진관동,구파발10단지어울림(1001~1010동)장기전세BL3-4,84.69,10,2010,34315,0,2026,5,18
은평구,대조동,베르디움STAY1,17.7316,6,2022,9700,19,2026,5,18
은평구,대조동,베르디움STAY1,21.9733,6,2022,11500,24,2026,5,18
은평구,불광동,북한산래미안아파트(2단지),84.9929,6,2010,57750,0,2026,5,13
은평구,신사동,신성,56.18,8,1988,21000,0,2026,5,16
은평구,증산동,DMC센트럴자이(2단지),59.97,8,2023,74000,0,2026,5,16
은평구,갈현동,호림리슈리안아파트,56.7496,11,2022,56700,0,2026,5,6
은평구,대조동,베르디움STAY1,36.2275,14,2022,5669,9,2026,5,18
은평구,갈현동,THESTUDIO163,19.92,19,2024,7200,33,2026,5,18
은평구,진관동,상림마을7단지아이파크(706~708동)BL1-3,84.97,2,2008,5000,200,2026,5,13
은평구,진관동,폭포동4단지힐스테이트(426~428동)BL3-11,134.87,7,2010,83000,0,2026,5,14
은평구,진관동,마고정3단지센트레빌(310~322동)BL2-3,84.04,5,2009,36030,0,2026,5,18
은평구,진관동,상림마을8단지롯데캐슬(801~809동)BL1-2,59.93,2,2008,3146,50,2026,5,18
은평구,진관동,구파발10단지어울림(1001~1010동)장기전세BL3-4,84.78,4,2010,36030,0,2026,5,18
은평구,구산동,구산그린빌,29.55,5,2009,412,5,2026,5,18
은평구,대조동,하늘도시,12.46,5,2016,2000,45,2026,5,6
은평구,수색동,청구,59.97,6,2000,50000,0,2026,5,16
은평구,수색동,DMCSK뷰아이파크포레,59.96,12,2025,10000,210,2026,5,15
은평구,응암동,녹번역e편한세상캐슬,59.97,1,2021,10000,222,2026,5,16
은평구,진관동,상림마을7단지아이파크(701동)임대BL1-9,84.97,3,2008,31689,0,2026,5,16
은평구,진관동,상림마을6단지푸르지오(622~629동)BL1-5,59.9,3,2008,6997,41,2026,5,16
은평구,진관동,상림마을7단지아이파크(701동)임대BL1-9,59.99,7,2008,3435,36,2026,5,16
은평구,증산동,DMC센트럴자이(1단지),84.92,12,2023,76650,0,2026,5,16
은평구,수색동,DMC롯데캐슬더퍼스트,59.96,8,2021,10000,230,2026,5,16
은평구,녹번동,북한산푸르지오,59.99,6,2015,65000,0,2026,5,15
은평구,응암동,녹번역e편한세상캐슬,59.96,5,2021,57750,0,2026,5,16
은평구,수색동,DMC파인시티자이,84.98,27,2025,10000,330,2026,5,16
은평구,응암동,백련산에스케이뷰아이파크,84.9039,5,2020,10000,198,2026,5,16
은평구,증산동,DMC센트럴자이(3단지),84.85,20,2023,85000,0,2026,5,17
은평구,응암동,백련산에스케이뷰아이파크,59.8545,12,2020,65000,0,2026,5,16
은평구,응암동,녹번역e편한세상캐슬,59.96,5,2021,67000,0,2026,5,16
은평구,증산동,두산위브,84.5399,9,2005,55650,0,2026,5,16
은평구,수색동,DMC파인시티자이,43.69,9,2025,3455,21,2026,5,16
은평구,응암동,녹번역e편한세상캐슬,59.97,13,2021,50000,0,2026,5,8
은평구,응암동,녹번역e편한세상캐슬,59.96,7,2021,4000,190,2026,5,14
은평구,수색동,DMC파인시티자이,84.94,12,2025,71400,0,2026,5,7
은평구,수색동,DMC롯데캐슬더퍼스트,99.95,2,2021,73500,0,2026,5,15
은평구,불광동,LUMINO816,17.65,15,2024,5900,41,2026,5,15
은평구,불광동,라이프미성,84.65,12,1988,41000,0,2026,5,15
은평구,불광동,LUMINO816,17.65,16,2024,5900,41,2026,5,15
은평구,응암동,백련산해모로,54.64,5,2020,3996,24,2026,5,15
은평구,갈현동,호림리슈리안아파트,56.7496,9,2022,44100,0,2026,5,14
은평구,대조동,DasHaus,16.35,7,2013,2000,48,2026,5,14
은평구,진관동,구파발10단지어울림(1011~1019동)BL3-1,101.84,1,2010,68000,0,2026,5,9
은평구,수색동,DMC롯데캐슬더퍼스트,114.95,8,2021,89250,0,2026,5,15
은평구,대조동,유진아이디움,14.03,10,2019,15000,0,2026,5,13
은평구,대조동,베르디움STAY1,36.2275,10,2022,9449,15,2026,5,15
은평구,수색동,DMC롯데캐슬더퍼스트,84.93,10,2021,84000,0,2026,5,13
은평구,대조동,삼성타운,59.4,7,1997,34000,0,2026,5,15
은평구,응암동,우성,64.62,11,1988,33500,0,2026,5,8
은평구,진관동,마고정3단지센트레빌(310~322동)BL2-3,167.14,3,2009,84000,0,2026,5,6
은평구,대조동,베르디움STAY1,36.2275,22,2022,5669,9,2026,5,14
은평구,응암동,힐스테이트녹번역,59.99,14,2022,65100,0,2026,5,13
은평구,역촌동,더미다스역촌,45.39,7,2024,42500,8,2026,5,11
은평구,증산동,DMC센트럴자이(3단지),84.97,17,2023,85000,0,2026,5,13
은평구,대조동,베르디움STAY1,36.2275,5,2022,14752,39,2026,5,14
은평구,응암동,응암동금호,59.82,7,1998,34500,0,2026,5,13
은평구,대조동,베르디움STAY1,36.2275,5,2022,14752,53,2026,5,14
은평구,응암동,백련산파크자이,84.779,14,2021,63000,0,2026,5,9
은평구,응암동,백련산해모로,50.74,10,2020,45000,0,2026,5,14
은평구,녹번동,힐스테이트녹번,59.938,9,2019,58000,25,2026,5,14
은평구,진관동,상림마을6단지푸르지오(606~614동)BL1-7,84.97,5,2008,46000,0,2026,5,11
은평구,진관동,서울은평뉴타운디에트르더퍼스트,84.9922,7,2025,66358,0,2026,5,14
은평구,응암동,백련산힐스테이트4차,59.98,3,2018,31941,0,2026,5,14
은평구,증산동,청록,81.48,4,2004,3000,150,2026,5,14
은평구,진관동,마고정3단지센트레빌(323~335동)BL2-2,101.43,6,2009,10000,220,2026,5,14
은평구,응암동,녹번역e편한세상캐슬,59.96,11,2021,63000,0,2026,5,9
은평구,응암동,백련산힐스테이트4차,59.98,2,2018,30180,0,2026,5,14
은평구,대조동,베르디움STAY1,36.2275,21,2022,9449,15,2026,5,14
은평구,응암동,녹번역e편한세상캐슬,59.97,6,2021,25000,140,2026,5,11
은평구,진관동,구파발9단지래미안(901~915동)임대BL3-3,59.86,2,2010,11785,29,2026,5,13
은평구,응암동,녹번역센트레빌,84.97,12,2013,30000,65,2026,5,13
은평구,진관동,구파발10단지어울림(1001~1010동)장기전세BL3-4,84.69,7,2010,36030,0,2026,5,13
은평구,녹번동,북한산푸르지오,114.98,11,2015,73500,0,2026,5,13
은평구,불광동,효민아크로뷰,15.09,14,2021,17600,0,2026,5,5
은평구,대조동,대덕타워,14.66,8,2013,10000,28,2026,5,13
은평구,역촌동,더미다스역촌,45.39,6,2024,42500,0,2026,5,13
은평구,진관동,은평뉴타운엘크루,59.98,16,2017,50000,0,2026,5,13
은평구,응암동,백련산힐스테이트3차,59.63,10,2011,48000,30,2026,5,13
은평구,녹번동,북한산푸르지오,84.99,4,2015,59850,0,2026,5,13
은평구,응암동,대주피오레,67.02,10,2003,20000,55,2026,5,13
은평구,진관동,마고정3단지센트레빌(310~322동)BL2-3,84.04,2,2009,37507,0,2026,5,13
은평구,응암동,녹번역e편한세상캐슬,44.85,8,2021,35000,90,2026,5,13
은평구,역촌동,라움,43.72,4,2019,2385,31,2026,5,13
은평구,진관동,박석고개1단지힐스테이트(116~131동)BL2-1,59.85,7,2009,30000,110,2026,5,9
은평구,응암동,백련산에스케이뷰아이파크,36.082,8,2020,2505,15,2026,5,13
은평구,갈현동,THESTUDIO163,17.89,19,2024,7800,36,2026,5,11
은평구,진관동,구파발9단지래미안(901~915동)임대BL3-3,84.98,10,2010,36030,0,2026,5,12
은평구,진관동,폭포동4단지힐스테이트(401~407동)임대BL2-10,84.96,16,2010,37878,0,2026,5,13
은평구,불광동,극동메트로타워,108.36,23,2001,52500,0,2026,5,13
은평구,녹번동,래미안베라힐즈,84.95,9,2019,73000,0,2026,5,11
은평구,진관동,구파발9단지래미안(901~915동)임대BL3-3,49.89,7,2010,4743,32,2026,5,13
은평구,진관동,마고정3단지센트레빌(301~309동)BL2-11,84.53,3,2009,37831,0,2026,5,12
은평구,진관동,우물골2단지두산위브(209~222동)BL2-8,84.54,13,2009,65000,0,2026,5,13
은평구,진관동,상림마을7단지아이파크(701동)임대BL1-9,84.99,4,2008,31689,0,2026,5,12
은평구,대조동,베르디움STAY1,36.2275,11,2022,9449,15,2026,5,12
은평구,응암동,녹번역센트레빌,114.99,6,2013,72000,0,2026,5,9
은평구,진관동,구파발9단지래미안(901~915동)임대BL3-3,84.84,4,2010,36030,0,2026,5,12
은평구,응암동,위산일리온시티,26.9,12,2020,24000,0,2026,5,12
은평구,대조동,베르디움STAY1,36.2275,26,2022,5669,9,2026,5,12
은평구,불광동,북한산대창센시티,59.85,9,2004,5000,160,2026,5,12
은평구,녹번동,해주드림빌,78.8,2,2001,53500,0,2026,5,12
은평구,진관동,폭포동4단지힐스테이트(408~422동)BL3-9,101.93,11,2010,63000,0,2026,5,11
은평구,녹번동,래미안베라힐즈,84.93,8,2019,40000,125,2026,5,12
은평구,진관동,상림마을7단지아이파크(713~718동)BL1-11,84.79,2,2008,33156,0,2026,5,12
은평구,진관동,마고정3단지센트레빌(310~322동)BL2-3,84.04,2,2009,35885,0,2026,5,12
은평구,진관동,구파발9단지래미안(901~915동)임대BL3-3,84.84,9,2010,36030,0,2026,5,12
은평구,진관동,마고정3단지센트레빌(310~322동)BL2-3,84.04,6,2009,35885,0,2026,5,12
은평구,응암동,백련산힐스테이트1차,84.59,13,2011,55000,0,2026,5,8
은평구,대조동,베르디움STAY1,36.2275,26,2022,3979,18,2026,5,12
은평구,대조동,베르디움STAY1,36.2275,22,2022,5669,9,2026,5,12
은평구,신사동,현대2,84.83,5,1994,20000,70,2026,5,10
은평구,신사동,삼부,101.88,3,2001,42000,0,2026,5,9
은평구,수색동,DMC롯데캐슬더퍼스트,59.96,14,2021,60900,0,2026,5,1
은평구,진관동,상림마을7단지아이파크(709~712동)BL1-10,59.92,7,2008,11783,20,2026,5,12
은평구,증산동,DMC우방,84.99,12,2000,10000,190,2026,5,12
은평구,불광동,북한산힐스테이트1차아파트,84.734,6,2009,57750,0,2026,5,9
은평구,진관동,상림마을6단지푸르지오(622~629동)BL1-5,59.98,3,2008,11084,19,2026,5,12
은평구,진관동,구파발9단지래미안(901~915동)임대BL3-3,39.96,4,2010,3222,25,2026,5,12
은평구,대조동,베르디움STAY1,36.2415,9,2022,11329,18,2026,5,12
은평구,증산동,자선메르시안(102),65.17,6,2003,10000,60,2026,5,1
은평구,대조동,뉴캐슬,14.66,11,2014,9500,0,2026,5,11
은평구,진관동,폭포동4단지힐스테이트(401~407동)임대BL2-10,84.98,11,2010,34294,0,2026,5,12
은평구,수색동,DMC롯데캐슬더퍼스트,59.96,9,2021,65000,0,2026,5,9
은평구,대조동,베르디움STAY1,36.2415,13,2022,8379,43,2026,5,12
은평구,진관동,상림마을7단지아이파크(701동)임대BL1-9,59.8,3,2008,12494,21,2026,5,12
은평구,진관동,마고정3단지센트레빌(310~322동)BL2-3,84.04,5,2009,37507,0,2026,5,12
은평구,녹번동,월든힐스,80.43,4,2013,26700,30,2026,5,9
은평구,녹번동,북한산푸르지오,59.99,11,2015,30000,100,2026,5,7
은평구,응암동,백련산해모로,59.93,4,2020,5000,135,2026,5,7
은평구,진관동,박석고개1단지힐스테이트(116~131동)BL2-1,59.85,9,2009,12000,160,2026,5,11
은평구,응암동,백련산힐스테이트4차,59.98,19,2018,48000,0,2026,5,8
은평구,진관동,박석고개1단지힐스테이트(116~131동)BL2-1,84.72,2,2009,60000,0,2026,5,9
은평구,응암동,경남,74.21,1,1995,36300,0,2026,5,9
은평구,응암동,백련산힐스테이트1차,59.63,10,2011,55000,0,2026,5,9
은평구,응암동,미소세상,59.96,7,2017,37670,0,2026,5,9
은평구,녹번동,북한산푸르지오,84.99,3,2015,60900,0,2026,5,11
은평구,응암동,백련산힐스테이트4차,59.98,12,2018,20000,150,2026,5,2
은평구,불광동,라이프미성,84.65,9,1988,45000,0,2026,5,9
은평구,불광동,북한산래미안아파트(1단지),114.9986,12,2010,68000,0,2026,5,11
은평구,응암동,녹번역e편한세상캐슬,44.85,12,2021,55000,0,2026,5,9
은평구,응암동,녹번역e편한세상캐슬,59.97,4,2021,63000,0,2026,5,9
은평구,증산동,DMC월드,80.931,13,2002,10000,170,2026,5,10
은평구,불광동,북한산대창센시티,59.85,15,2004,39000,0,2026,5,8
은평구,진관동,상림마을7단지아이파크(702~705동)BL1-4,59.8,6,2008,16137,0,2026,5,11
은평구,응암동,녹번역e편한세상캐슬,59.97,2,2021,59850,0,2026,5,8
은평구,역촌동,한국리치빌,84.2164,10,2003,38000,0,2026,5,11
은평구,응암동,녹번역e편한세상캐슬,59.97,2,2021,59850,0,2026,5,8
은평구,대조동,주주베B,14.89,7,2014,1000,68,2026,5,8
은평구,진관동,박석고개1단지힐스테이트(116~131동)임대BL2-1,84.72,10,2009,37332,0,2026,5,11
은평구,불광동,효민아크로뷰,15.09,20,2021,16000,0,2026,5,6
은평구,구산동,동익파크1동(355-95),84.98,5,1991,35500,0,2026,5,9
은평구,진관동,박석고개1단지힐스테이트(116~131동)임대BL2-1,84.72,6,2009,39771,0,2026,5,11
은평구,불광동,북한산현대힐스테이트3차아파트,59.99,5,2010,40700,0,2026,5,10
은평구,구산동,구산주택,17.7,13,2022,5300,39,2026,5,11
은평구,진관동,은평뉴타운솔하임,14.235,16,2017,12000,18,2026,5,9
은평구,진관동,상림마을6단지푸르지오(606~614동)BL1-7,134.7,5,2008,60000,0,2026,5,10
은평구,수색동,DMCSK뷰아이파크포레,39.97,14,2025,39500,0,2026,5,9
은평구,진관동,상림마을6단지푸르지오(615~621동)BL1-6,49.32,6,2008,7305,12,2026,5,9
은평구,진관동,마고정3단지센트레빌(310~322동)BL2-3,59.37,5,2009,47000,0,2026,5,9
은평구,불광동,불광롯데캐슬,59.99,2,2018,52500,0,2026,5,9
은평구,대조동,베르디움STAY1,36.2415,28,2022,13219,21,2026,5,8
은평구,대조동,베르디움STAY1,36.2415,5,2022,13219,21,2026,5,10
은평구,신사동,삼부,86.55,8,2001,45000,0,2026,5,9
은평구,수색동,DMC롯데캐슬더퍼스트,49.86,9,2021,52000,0,2026,5,9
은평구,진관동,우물골2단지두산위브(209~222동)BL2-8,101.49,2,2009,73000,0,2026,5,8
은평구,응암동,백련산힐스테이트4차,59.98,10,2018,56000,0,2026,5,9
은평구,응암동,백련산에스케이뷰아이파크,59.8545,6,2020,55000,0,2026,5,11
은평구,불광동,북한산현대힐스테이트3차아파트,59.99,2,2010,46200,0,2026,5,9
은평구,대조동,베르디움STAY1,36.2275,16,2022,9449,15,2026,5,10
은평구,응암동,녹번역e편한세상캐슬,84.98,6,2021,5000,221,2026,5,9
은평구,응암동,녹번역e편한세상캐슬,59.97,2,2021,59850,0,2026,5,8
은평구,진관동,우물골2단지두산위브(245~255동)BL2-6,84.54,10,2009,52000,0,2026,5,1
은평구,응암동,백련산힐스테이트2차,84.59,5,2011,30000,100,2026,5,8
은평구,응암동,경남,59.36,8,1995,35000,0,2026,5,5
은평구,진관동,상림마을6단지푸르지오(615~621동)BL1-6,59.7,10,2008,10347,18,2026,5,8
은평구,증산동,DMC센트럴자이(1단지),84.92,14,2023,77700,0,2026,5,8
은평구,진관동,힐데스하임,40.63,12,2017,30000,90,2026,5,7
은평구,신사동,홍익,84.5,7,1995,35000,30,2026,5,2
은평구,수색동,DMC롯데캐슬더퍼스트,59.96,14,2021,10000,220,2026,5,5
은평구,수색동,DMC롯데캐슬더퍼스트,84.93,15,2021,80000,0,2026,5,3
은평구,수색동,DMCSK뷰아이파크포레,59.96,7,2025,45000,80,2026,5,7
은평구,진관동,구파발10단지어울림(1001~1010동)장기전세BL3-4,84.85,5,2010,34315,0,2026,5,7
은평구,대조동,베르디움STAY1,48.9148,16,2022,26100,16,2026,5,8
은평구,응암동,녹번역e편한세상캐슬,59.97,23,2021,5000,200,2026,5,7
은평구,불광동,북한산힐스테이트1차아파트,84.369,1,2009,60000,0,2026,5,8
은평구,응암동,백련산에스케이뷰아이파크,59.8545,20,2020,20000,139,2026,5,6
은평구,응암동,백련산에스케이뷰아이파크,40.6525,7,2020,11923,31,2026,5,7
은평구,응암동,백련산에스케이뷰아이파크,36.082,17,2020,9750,24,2026,5,7
은평구,불광동,라이프미성,66.7,8,1988,37500,0,2026,5,7
은평구,응암동,힐스테이트녹번역,84.99,20,2022,80000,0,2026,5,7
은평구,진관동,우물골2단지두산위브(245~255동)BL2-6,84.54,11,2009,58600,0,2026,5,5
은평구,녹번동,래미안베라힐즈,84.95,7,2019,15000,250,2026,5,5
은평구,수색동,e편한세상 수색 에코포레,59.895,12,2003,36750,0,2026,5,6
은평구,불광동,라이프미성,66.7,15,1988,20000,90,2026,5,6
은평구,응암동,백련산힐스테이트2차,59.63,3,2011,40000,28,2026,5,5
은평구,수색동,DMC파인시티자이,74.84,18,2025,75000,0,2026,5,6
은평구,응암동,녹번역e편한세상캐슬,59.96,3,2021,56000,0,2026,5,6
은평구,수색동,e편한세상 수색 에코포레,59.895,11,2003,44000,0,2026,5,5
은평구,증산동,증산중앙하이츠,84.81,1,2001,45000,0,2026,5,6
은평구,응암동,백련산힐스테이트4차,59.98,7,2018,58000,0,2026,5,4
은평구,수색동,e편한세상 수색 에코포레,59.895,11,2003,44000,0,2026,5,5
은평구,응암동,백련산힐스테이트3차,59.63,5,2011,55000,0,2026,5,5
은평구,불광동,북한산힐스테이트1차아파트,84.369,8,2009,22000,105,2026,5,2
은평구,대조동,삼성타운,59.4,19,1997,0,29,2026,5,6
은평구,응암동,힐스테이트녹번역,74.99,4,2022,71000,0,2026,5,5
은평구,응암동,녹번역e편한세상캐슬,59.96,10,2021,23000,150,2026,5,2
은평구,응암동,녹번역e편한세상캐슬,59.96,6,2021,60900,0,2026,5,2
은평구,진관동,구파발9단지래미안(916~928동)BL3-2,84.84,10,2010,55600,0,2026,5,2
은평구,갈현동,호림리슈리안아파트,56.7496,11,2022,53000,0,2026,5,6
은평구,대조동,베르디움STAY1,24.2466,4,2022,10800,22,2026,5,6
은평구,수색동,DMCSK뷰아이파크포레,76.65,4,2025,3000,300,2026,5,4
은평구,수색동,e편한세상 수색 에코포레,59.895,14,2003,43000,0,2026,5,2
은평구,수색동,DMC롯데캐슬더퍼스트,84.93,11,2021,80000,0,2026,5,1
은평구,증산동,DMC센트럴자이(2단지),59.97,14,2023,61000,0,2026,5,5
은평구,응암동,백련산해모로,84.99,7,2020,56000,0,2026,5,1
은평구,증산동,DMC센트럴자이(1단지),84.92,11,2023,80000,0,2026,5,1
은평구,응암동,녹번역e편한세상캐슬,59.96,3,2021,30000,125,2026,5,1
은평구,불광동,대광월드,83.88,2,2003,27000,30,2026,5,2
은평구,대조동,유성아이비아파트,40.76,7,2014,30000,0,2026,5,4
은평구,불광동,한화생명불광동사옥,17.12,9,2021,1000,65,2026,5,1
은평구,대조동,베르디움STAY1,21.9733,4,2022,11500,23,2026,5,4
은평구,응암동,녹번역e편한세상캐슬,59.96,8,2021,10000,220,2026,5,2
은평구,신사동,은평자이더스타,49.999,15,2026,47000,0,2026,5,2
은평구,불광동,북한산힐스테이트7차,59.981,16,2011,45090,0,2026,5,1
은평구,진관동,상림마을7단지아이파크(730~742동)BL1-14,167.69,9,2008,74000,0,2026,5,4
은평구,대조동,포도하우스,12.53,8,2013,6900,0,2026,5,1
은평구,응암동,녹번역e편한세상캐슬,59.96,10,2021,59800,0,2026,5,4
은평구,수색동,DMC파인시티자이,84.97,20,2025,39000,150,2026,5,4
은평구,신사동,현대2,84.83,18,1994,46500,0,2026,5,2
은평구,대조동,베르디움STAY1,36.2275,17,2022,14752,39,2026,5,4
은평구,응암동,녹번역센트레빌,59.97,10,2013,47250,0,2026,5,4
은평구,대조동,메트하임,14.03,12,2020,14500,0,2026,5,3
은평구,응암동,백련산힐스테이트4차,59.98,12,2018,55000,0,2026,5,1
은평구,증산동,DMC센트럴자이(3단지),84.85,18,2023,88000,0,2026,5,2
은평구,진관동,구파발10단지어울림(1011~1019동)BL3-1,84.85,4,2010,68000,0,2026,5,1
서대문구,남가좌동,스타타워,17.18,15,2022,8600,43,2026,5,27
서대문구,북아현동,신촌푸르지오,44.9554,2,2015,25000,105,2026,5,23
서대문구,북아현동,e편한세상신촌3단지,84.93,4,2018,10000,380,2026,5,13
서대문구,홍제동,고은,58.84,2,1975,15000,20,2026,5,22
서대문구,홍제동,성원,41.5,3,1998,28000,0,2026,5,27
서대문구,홍제동,홍제센트럴IPARK,59.9837,8,2020,15000,200,2026,5,29
서대문구,남가좌동,스타타워,22.28,16,2022,9940,51,2026,5,9
서대문구,남가좌동,스타타워,22.28,16,2022,9940,51,2026,5,9
서대문구,남가좌동,스타타워,22.28,16,2022,9940,51,2026,5,9
서대문구,남가좌동,스타타워,17.18,15,2022,8600,43,2026,5,27
서대문구,남가좌동,DMC파크뷰자이1단지,84.971,14,2015,85000,0,2026,5,30
서대문구,북아현동,두산,59.96,8,1999,60000,0,2026,5,30
서대문구,남가좌동,스타타워,30.97,13,2022,18050,41,2026,5,23
서대문구,남가좌동,DMC래미안클라시스,114.88,4,2000,60000,0,2026,5,16
서대문구,남가좌동,스타타워,22.28,16,2022,9940,51,2026,5,9
서대문구,북아현동,힐스테이트신촌,59.8404,7,2023,25000,150,2026,5,1
서대문구,홍은동,극동,84.92,11,1995,1000,240,2026,5,4
서대문구,홍제동,홍제한양,84.77,1,1993,45000,0,2026,5,11
서대문구,현저동,독립문극동(200-0),84.87,1,1998,10000,190,2026,5,10
서대문구,홍제동,홍제한양,60.06,3,1993,10000,150,2026,5,14
서대문구,북가좌동,DMC래미안e편한세상,84.94,13,2012,73500,0,2026,5,16
서대문구,남가좌동,DMC금호리첸시아,84.9901,27,2024,20000,280,2026,5,27
서대문구,남가좌동,스타타워,22.28,16,2022,9940,51,2026,5,9
서대문구,북가좌동,DMC래미안e편한세상,84.95,7,2012,35000,180,2026,5,9
서대문구,홍제동,성원,41.5,3,1998,28500,0,2026,5,15
서대문구,북아현동,두산,59.96,4,1999,10000,190,2026,5,14
서대문구,홍제동,인왕산현대,84.9,2,2000,62000,0,2026,5,2
서대문구,홍제동,고은,58.84,1,1975,23000,0,2026,5,29
서대문구,남가좌동,DMC파크뷰자이2단지,84.968,7,2015,68000,48,2026,5,29
서대문구,북아현동,두산,59.96,5,1999,54000,0,2026,5,18
서대문구,남가좌동,DMC센트럴아이파크,84.94,12,2018,50000,93,2026,5,28
서대문구,남가좌동,DMC래미안클라시스,114.93,5,2000,65000,0,2026,5,26
서대문구,충정로3가,충정리시온,44.88,20,2004,20000,90,2026,5,7
서대문구,남가좌동,DMC파크뷰자이1단지,175.078,17,2015,10000,800,2026,5,1
서대문구,홍제동,홍제삼성래미안,60,8,2001,46200,0,2026,5,15
서대문구,남가좌동,DMC금호리첸시아,84.9901,27,2024,20000,280,2026,5,27
서대문구,홍제동,홍제원현대(459-0),114.72,10,2000,65100,0,2026,5,15
서대문구,현저동,독립문극동(200-0),84.87,8,1998,20000,113,2026,5,16
서대문구,남가좌동,래미안루센티아,84.84,3,2020,42000,126,2026,5,1
서대문구,북아현동,힐스테이트신촌,59.8404,13,2023,72450,0,2026,5,12
서대문구,홍제동,고은,58.84,2,1975,15000,20,2026,5,22
서대문구,홍제동,홍제센트럴IPARK,59.9837,8,2020,15000,200,2026,5,29
서대문구,북아현동,e편한세상신촌2단지,84.93,14,2018,5000,400,2026,5,30
서대문구,북가좌동,DMC래미안e편한세상,59.97,10,2012,59850,0,2026,5,23
서대문구,북아현동,힐스테이트신촌,59.8404,13,2023,71800,0,2026,5,23
서대문구,연희동,성원,59.61,16,2001,4000,150,2026,5,24
서대문구,대현동,파라타워,15.792,4,2020,22000,0,2026,5,21
서대문구,북가좌동,DMC래미안e편한세상,84.94,3,2012,30000,185,2026,5,19
서대문구,영천동,독립문삼호,108.63,7,1995,20000,220,2026,5,30
서대문구,홍제동,조한,84.94,12,2000,39000,34,2026,5,23
서대문구,남가좌동,DMC파크뷰자이1단지,84.968,4,2015,76650,0,2026,5,28
서대문구,대현동,파라타워,15.792,4,2020,22000,0,2026,5,21
서대문구,현저동,독립문극동(200-0),84.87,20,1998,75000,0,2026,5,29
서대문구,홍제동,홍제역해링턴플레이스,59.99,1,2024,63000,0,2026,5,16
서대문구,북아현동,그린빌,97.03,3,2003,41000,0,2026,5,16
서대문구,홍은동,서강1차(1동),62.17,5,1988,26000,0,2026,5,31
서대문구,북아현동,e편한세상신촌2단지,84.93,8,2018,30000,330,2026,5,18
서대문구,연희동,대우푸르지오,59.584,11,2002,15000,100,2026,5,16
서대문구,대현동,신촌럭키,83.38,11,1999,40000,120,2026,5,14
서대문구,북가좌동,대경아르체,50.77,11,2018,35000,0,2026,5,16
서대문구,홍제동,홍제센트럴IPARK,84.9728,14,2020,50000,120,2026,5,25
서대문구,북아현동,e편한세상신촌3단지,84.93,1,2018,10000,350,2026,5,29
서대문구,홍제동,청구1차,84.78,1,1994,30000,120,2026,5,19
서대문구,홍제동,홍일,65.19,1,1969,25000,0,2026,5,18
서대문구,연희동,연희파크푸르지오,84.8003,6,2018,10000,220,2026,5,25
서대문구,남가좌동,디엠씨엘가,13.03,5,2017,2000,60,2026,5,25
서대문구,남가좌동,디엠씨엘가,13.03,6,2017,1000,66,2026,5,25
서대문구,남가좌동,DMC에코자이,84.823,12,2019,73500,0,2026,5,23
서대문구,홍은동,e편한세상서대문,39.983,8,2023,36380,0,2026,5,30
서대문구,남가좌동,DMC파크뷰자이2단지,84.968,4,2015,71660,0,2026,5,23
서대문구,현저동,독립문극동(200-0),84.87,7,1998,66000,0,2026,5,16
서대문구,남가좌동,DMC파크뷰자이1단지,84.968,5,2015,82000,40,2026,5,16
서대문구,남가좌동,DMC에코자이,59.79,7,2019,65000,0,2026,5,14
서대문구,남가좌동,남가좌동현대,114.9,1,1999,63000,0,2026,5,2
서대문구,북가좌동,DMC래미안e편한세상,84.92,25,2012,51000,0,2026,5,26
서대문구,남가좌동,디엠씨엘가,13.03,5,2017,2000,60,2026,5,25
서대문구,홍은동,e편한세상서대문,84.994,13,2023,74000,0,2026,5,31
서대문구,북아현동,e편한세상신촌1단지,84.93,5,2018,10000,370,2026,5,30
서대문구,홍제동,성원,41.5,3,1998,28500,0,2026,5,15
서대문구,남가좌동,DMC래미안클라시스,114.88,3,2000,40000,90,2026,5,23
서대문구,홍은동,북한산두산위브2차,56.9161,3,2021,45000,0,2026,5,21
서대문구,대현동,신촌럭키,83.38,9,1999,5000,200,2026,5,9
서대문구,북아현동,힐스테이트신촌,84.6043,14,2023,97000,0,2026,5,12
서대문구,남가좌동,남가좌동현대,59.4,7,1999,39900,0,2026,5,25
서대문구,홍제동,인왕산현대,59.93,7,2000,47250,0,2026,5,23
서대문구,북가좌동,DMC래미안e편한세상,84.92,8,2012,76600,0,2026,5,7
서대문구,북아현동,힐스테이트신촌,59.8404,3,2023,75000,0,2026,5,28
서대문구,북아현동,화신,124.92,1,2004,50000,0,2026,5,16
서대문구,북아현동,힐스테이트신촌,84.9715,1,2023,70000,110,2026,5,16
서대문구,남가좌동,DMC에코자이,59.79,10,2019,65000,0,2026,5,6
서대문구,연희동,연희자이엘라,13.642,12,2014,1000,80,2026,5,27
서대문구,연희동,은하,16.53,5,1971,500,57,2026,5,22
서대문구,대현동,신촌럭키,83.38,15,1999,45000,26,2026,5,30
서대문구,연희동,연희웨스트팰리스,13.12,8,2014,1000,70,2026,5,7
서대문구,남가좌동,디엠씨엘가,13.03,3,2017,3000,60,2026,5,29
서대문구,북아현동,e편한세상신촌3단지,84.93,14,2018,85000,0,2026,5,30
서대문구,북가좌동,DMC래미안e편한세상,84.95,16,2012,65598,0,2026,5,9
서대문구,대현동,파라타워,15.792,5,2020,1000,130,2026,5,19
서대문구,홍제동,홍제현대,83.05,15,1992,55000,0,2026,5,29
서대문구,홍제동,홍제역해링턴플레이스,84.95,11,2024,80000,0,2026,5,30
서대문구,남가좌동,DMC파크뷰자이1단지,120.492,21,2015,128000,0,2026,5,23
서대문구,현저동,독립문극동(200-0),114.51,13,1998,27000,212,2026,5,30
서대문구,남가좌동,DMC금호리첸시아,74.343,14,2024,50000,120,2026,5,19
서대문구,북아현동,두산,59.96,11,1999,60000,0,2026,5,31
서대문구,북가좌동,DMC래미안e편한세상,84.92,2,2012,78000,0,2026,5,10
서대문구,북가좌동,DMC래미안e편한세상,84.92,13,2012,70000,0,2026,5,30
서대문구,현저동,독립문파크빌,59.4,11,2000,44000,0,2026,5,25
서대문구,북아현동,힐스테이트신촌,84.9715,9,2023,79800,0,2026,5,12
서대문구,남가좌동,래미안루센티아,84.84,6,2020,72000,0,2026,5,5
서대문구,북아현동,e편한세상신촌3단지,84.93,1,2018,10000,350,2026,5,29
서대문구,남가좌동,DMC파크뷰자이1단지,84.971,14,2015,85000,0,2026,5,30
서대문구,연희동,연희웨스트팰리스,13.12,5,2014,1000,75,2026,5,22
서대문구,북가좌동,DMC아이파크,59.96,4,2009,57750,0,2026,5,11
서대문구,홍은동,홍은미성,83.61,6,1985,43000,0,2026,5,23
서대문구,연희동,일진아이윌,84.794,10,2005,5000,190,2026,5,27
서대문구,홍제동,홍제원현대(459-0),114.72,8,2000,75000,0,2026,5,30
서대문구,홍제동,인왕산한신휴플러스,108.806,12,2009,68250,0,2026,5,5
서대문구,북아현동,힐스테이트신촌,84.9154,2,2023,42000,105,2026,5,21
서대문구,대현동,신촌럭키,59.7,3,1999,47000,0,2026,5,29
서대문구,북아현동,e편한세상신촌2단지,84.95,19,2018,20000,338,2026,5,29
서대문구,홍제동,홍제역해링턴플레이스,84.95,13,2024,87000,0,2026,5,30
서대문구,북가좌동,DMC아이파크,114.92,15,2009,73000,0,2026,5,30
서대문구,북아현동,신촌푸르지오,59.9973,11,2015,63900,0,2026,5,29
서대문구,북가좌동,DMC래미안e편한세상,153.86,24,2012,85000,100,2026,5,30
서대문구,홍제동,홍제역해링턴플레이스,84.99,12,2024,20000,0,2026,5,28
서대문구,홍제동,홍제역해링턴플레이스,59.99,1,2024,63000,0,2026,5,16
서대문구,홍제동,홍제한양,60.06,13,1993,20000,100,2026,5,29
서대문구,천연동,천연뜨란채,55.82,16,2006,5000,180,2026,5,31
서대문구,홍제동,홍제역해링턴플레이스,84.95,16,2024,20000,234,2026,5,16
서대문구,현저동,독립문극동(200-0),84.87,7,1998,65000,0,2026,5,29
서대문구,남가좌동,DMC래미안클라시스,84.9,10,2000,65000,0,2026,5,30
서대문구,북가좌동,DMC래미안e편한세상,153.86,24,2012,8500,100,2026,5,30
서대문구,북아현동,e편한세상신촌1단지,59.85,8,2018,77500,0,2026,5,30
서대문구,남가좌동,DMC센트럴아이파크,84.97,15,2018,65000,70,2026,5,30
서대문구,남가좌동,DMC파크뷰자이1단지,120.492,7,2015,125000,0,2026,5,29
서대문구,홍은동,풍림2,58.5,10,1990,41000,0,2026,5,30
서대문구,남가좌동,DMC래미안클라시스,59.93,10,2000,46200,0,2026,5,30
서대문구,남가좌동,DMC센트럴아이파크,84.95,13,2018,85000,0,2026,5,20
서대문구,홍제동,서대문푸르지오센트럴파크,59.94,1,2023,75000,0,2026,5,30
서대문구,연희동,성원,84.95,7,2001,59850,0,2026,5,30
서대문구,남가좌동,DMC파크뷰자이1단지,84.968,9,2015,75600,0,2026,5,30
서대문구,홍제동,홍제맨션,88.72,4,1971,31500,0,2026,5,28
서대문구,홍제동,홍제역해링턴플레이스,84.95,14,2024,21000,210,2026,5,21
서대문구,충정로3가,더스타일하우스디센트럴,35.3732,3,2020,7550,80,2026,5,29
서대문구,북가좌동,DMC이랜드해가든,65.77,10,2007,32000,50,2026,5,15
서대문구,대현동,신촌럭키,59.7,4,1999,56000,0,2026,5,28
서대문구,현저동,독립문극동(200-0),84.87,6,1998,44000,100,2026,5,10
서대문구,홍제동,태영으뜸(데시앙),48.97,1,1998,3000,90,2026,5,11
서대문구,홍제동,홍제현대,106.18,2,1992,61950,0,2026,5,28
서대문구,북가좌동,DMC래미안e편한세상,84.92,6,2012,74550,0,2026,5,7
서대문구,충정로3가,더스타일하우스디센트럴,39.8291,20,2020,8500,84,2026,5,29
서대문구,현저동,독립문극동(200-0),84.87,5,1998,67000,0,2026,5,28
서대문구,홍제동,홍제현대,106.18,2,1992,61950,0,2026,5,28
서대문구,홍제동,홍제역해링턴플레이스,84.95,1,2024,83000,0,2026,5,25
서대문구,홍은동,힐스테이트홍은포레스트,72.79,14,2023,70000,0,2026,5,26
서대문구,충정로3가,더스타일하우스디센트럴,26.5236,10,2020,5914,62,2026,5,26
서대문구,충정로3가,더스타일하우스디센트럴,17.6626,7,2020,5310,37,2026,5,26
서대문구,홍제동,남양,59.94,13,1999,30350,0,2026,5,28
서대문구,북가좌동,DMC한양,65.34,12,1987,8000,100,2026,5,27
서대문구,북가좌동,대경아르체,54.78,11,2018,36000,0,2026,5,24
서대문구,홍제동,청구1차,84.78,11,1994,41542,9,2026,5,1
서대문구,남가좌동,DMC센트럴아이파크,84.97,11,2018,50000,100,2026,5,9
서대문구,충정로3가,더스타일하우스디센트럴,17.6626,4,2020,5310,37,2026,5,26
서대문구,남가좌동,DMC파크뷰자이1단지,84.974,17,2015,90000,0,2026,5,28
서대문구,충정로3가,미동,55.57,3,1969,25000,0,2026,5,12
서대문구,북가좌동,대경아르체,28.36,7,2018,15000,54,2026,5,21
서대문구,남가좌동,남가좌동현대,59.4,14,1999,44500,0,2026,5,27
서대문구,홍은동,북한산두산위브2차,59.7501,11,2021,7480,71,2026,5,28
서대문구,홍제동,홍제한양,60.06,1,1993,34500,0,2026,5,27
서대문구,남가좌동,DMC파크뷰자이2단지,84.968,15,2015,20000,240,2026,5,7
서대문구,남가좌동,DMC에코자이,59.79,6,2019,63000,0,2026,5,27
서대문구,홍제동,인왕산현대,59.93,17,2000,46200,0,2026,5,23
서대문구,현저동,독립문극동(200-0),102.45,19,1998,70000,80,2026,5,12
서대문구,북아현동,두산,59.96,11,1999,50000,0,2026,5,27
서대문구,남가좌동,DMC파크뷰자이2단지,84.968,15,2015,75000,0,2026,5,27
서대문구,충정로3가,더스타일하우스디센트럴,36.1962,23,2020,8980,74,2026,5,27
서대문구,충정로3가,더스타일하우스디센트럴,17.6626,7,2020,5310,37,2026,5,12
서대문구,충정로3가,더스타일하우스디센트럴,17.6626,9,2020,5310,37,2026,5,26
서대문구,영천동,독립문삼호,108.63,7,1995,52500,84,2026,5,26
서대문구,남가좌동,DMC파크뷰자이2단지,84.968,16,2015,90000,0,2026,5,26
서대문구,충정로3가,더스타일하우스디센트럴,26.5236,14,2020,6900,57,2026,5,20
서대문구,연희동,우국한마음,77.02,4,2005,39000,0,2026,5,20
서대문구,북아현동,힐스테이트신촌,84.6043,13,2023,82900,0,2026,5,23
서대문구,남가좌동,DMC파크뷰자이3단지,59.981,14,2015,10000,230,2026,5,27
서대문구,충정로3가,더스타일하우스디센트럴,21.056,23,2020,4695,51,2026,5,26
서대문구,충정로3가,더스타일하우스디센트럴,26.5236,7,2020,7886,54,2026,5,12
서대문구,북아현동,화신,107.61,4,2004,35000,0,2026,5,21
서대문구,냉천동,돈의문센트레빌,114.98,1,2011,40000,280,2026,5,6
서대문구,홍은동,홍은동벽산,84.78,3,1997,30000,80,2026,5,25
서대문구,북아현동,두산,59.96,6,1999,54000,0,2026,5,23
서대문구,남가좌동,DMC에코자이,59.79,10,2019,20000,200,2026,5,16
서대문구,홍은동,풍림2,58.5,14,1990,35000,20,2026,5,16
서대문구,남가좌동,DMC파크뷰자이1단지,84.968,5,2015,82000,40,2026,5,16
서대문구,연희동,대우푸르지오,84.706,12,2002,10000,250,2026,5,11
서대문구,홍은동,힐스테이트홍은포레스트,59.84,5,2023,52000,0,2026,5,26
서대문구,미근동,서소문,42.64,5,1971,1000,70,2026,5,20
서대문구,북아현동,e편한세상신촌1단지,84.93,16,2018,89000,0,2026,5,23
서대문구,남가좌동,DMC파크뷰자이1단지,84.971,7,2015,35100,150,2026,5,26
서대문구,북가좌동,DMC이랜드해가든,65.77,10,2007,32000,50,2026,5,15
서대문구,연희동,성원,59.61,5,2001,10000,104,2026,5,12
서대문구,홍제동,홍제원현대(459-0),114.72,17,2000,74000,0,2026,5,25
서대문구,홍은동,북한산두산위브,84.98,17,2020,62000,0,2026,5,23
서대문구,북가좌동,DMC래미안e편한세상,39.96,5,2012,1228,22,2026,5,26
서대문구,남가좌동,DMC에코자이,59.79,7,2019,7000,250,2026,5,14
서대문구,남가좌동,DMC파크뷰자이1단지,59.977,17,2015,71400,0,2026,5,20
서대문구,남가좌동,DMC센트럴아이파크,84.95,5,2018,71400,0,2026,5,25
서대문구,북가좌동,DMC한양,84.33,9,1987,43000,0,2026,5,24
서대문구,대현동,신촌럭키,83.38,7,1999,13000,179,2026,5,4
서대문구,홍제동,서대문푸르지오센트럴파크,55.25,10,2023,55000,0,2026,5,5
서대문구,홍제동,서대문푸르지오센트럴파크,49.5,13,2023,51450,0,2026,5,23
서대문구,홍은동,북한산두산위브,59.85,5,2020,48000,20,2026,5,16
서대문구,북가좌동,DMC래미안e편한세상,84.95,8,2012,60000,58,2026,5,25
서대문구,북가좌동,대경아르체,28.36,7,2018,15000,54,2026,5,21
서대문구,냉천동,돈의문센트레빌,59.98,4,2011,71000,0,2026,5,23
서대문구,현저동,독립문극동(200-0),59.58,17,1998,10000,150,2026,5,25
서대문구,남가좌동,DMC래미안클라시스,84.9,14,2000,65000,0,2026,5,7
서대문구,남가좌동,DMC파크뷰자이1단지,120.492,21,2015,128000,0,2026,5,23
서대문구,홍제동,청구1차,84.78,4,1994,57750,0,2026,5,19
서대문구,북아현동,e편한세상신촌4단지,84.89,15,2018,92400,0,2026,5,22
서대문구,북아현동,두산,59.96,15,1999,35000,70,2026,5,22
서대문구,대현동,신촌럭키,83.38,1,1999,30000,155,2026,5,22
서대문구,홍제동,서울맨션,48.69,5,1972,19000,0,2026,5,11
서대문구,남가좌동,래미안남가좌2차,59.788,5,2005,55000,0,2026,5,22
서대문구,남가좌동,DMC파크뷰자이2단지,84.968,18,2015,40000,180,2026,5,18
서대문구,충정로3가,더스타일하우스디센트럴,36.1962,20,2020,7720,80,2026,5,22
서대문구,남가좌동,DMC래미안클라시스,59.59,14,2000,55000,0,2026,5,13
서대문구,충정로3가,더스타일하우스디센트럴,17.6626,23,2020,3990,41,2026,5,22
서대문구,충정로3가,더스타일하우스디센트럴,26.5236,21,2020,5914,60,2026,5,22
서대문구,남가좌동,DMC센트럴아이파크,84.9,4,2018,69300,0,2026,5,20
서대문구,연희동,연희자이엘라,13.642,6,2014,1000,76,2026,5,20
서대문구,홍은동,힐스테이트홍은포레스트,84.53,3,2023,60900,0,2026,5,21
서대문구,남가좌동,남가좌동현대,59.4,4,1999,40950,0,2026,5,16
서대문구,홍은동,북한산두산위브,59.96,6,2020,47250,0,2026,5,16
서대문구,홍은동,북한산두산위브2차,56.9161,3,2021,45000,0,2026,5,21
서대문구,연희동,대우푸르지오,84.706,12,2002,10000,190,2026,5,20
서대문구,북가좌동,DMC래미안e편한세상,59.97,7,2012,74000,0,2026,5,21
서대문구,홍제동,홍제역해링턴플레이스,84.95,9,2024,84000,0,2026,5,21
서대문구,북아현동,두산,59.96,9,1999,4000,140,2026,5,21
서대문구,북아현동,e편한세상신촌3단지,84.93,4,2018,10000,380,2026,5,13
서대문구,대현동,신촌럭키,83.38,13,1999,65000,0,2026,5,21
서대문구,홍제동,청구1차,84.78,6,1994,55000,10,2026,5,9
서대문구,홍은동,힐스테이트홍은포레스트,84.53,7,2023,30000,150,2026,5,21
서대문구,남가좌동,DMC파크뷰자이3단지,84.968,15,2015,75000,0,2026,5,21
서대문구,남가좌동,DMC에코자이,59.79,15,2019,64000,0,2026,5,4
서대문구,홍제동,홍제현대,119.32,14,1992,30000,130,2026,5,20
서대문구,남가좌동,래미안남가좌2차,59.788,12,2005,5000,230,2026,5,21
서대문구,충정로3가,더스타일하우스디센트럴,21.056,10,2020,4695,49,2026,5,20
서대문구,홍은동,힐스테이트홍은포레스트,59.84,8,2023,60000,0,2026,5,21
서대문구,충정로3가,새롬,94.74,2,2003,10000,80,2026,5,3
서대문구,홍제동,홍제역해링턴플레이스,48.21,20,2024,61000,0,2026,5,20
서대문구,충정로3가,더스타일하우스디센트럴,36.1962,3,2020,7720,80,2026,5,20
서대문구,남가좌동,래미안남가좌2차,59.788,6,2005,30000,0,2026,5,20
서대문구,남가좌동,DMC파크뷰자이2단지,84.99,23,2015,80800,0,2026,5,18
서대문구,북아현동,e편한세상신촌2단지,84.93,15,2018,98000,0,2026,5,16
서대문구,홍은동,e편한세상서대문,84.994,22,2023,80000,0,2026,5,19
서대문구,북가좌동,DMC래미안e편한세상,84.95,3,2012,61185,0,2026,5,20
서대문구,홍제동,유원하나,82.35,10,1996,42500,0,2026,5,1
서대문구,남가좌동,DMC에코자이,72.969,2,2019,72000,0,2026,5,16
서대문구,북가좌동,DMC래미안e편한세상,59.97,9,2012,63000,0,2026,5,20
서대문구,북아현동,e편한세상신촌2단지,59.85,4,2018,78200,0,2026,5,15
서대문구,북아현동,힐스테이트신촌,55.9706,2,2023,64000,10,2026,5,15
서대문구,홍제동,서대문푸르지오센트럴파크,59.94,15,2023,67000,0,2026,5,19
서대문구,냉천동,돈의문센트레빌,59.98,7,2011,68250,0,2026,5,7
서대문구,홍제동,인왕산현대,114.72,16,2000,73500,0,2026,5,6
서대문구,남가좌동,래미안루센티아,59.98,6,2020,65000,0,2026,5,16
서대문구,남가좌동,DMC래미안클라시스,114.88,4,2000,60000,0,2026,5,16
서대문구,홍은동,동원베네스트,59.9554,4,2012,23546,0,2026,5,19
서대문구,북아현동,힐스테이트신촌,37.969,6,2023,1669,22,2026,5,19
서대문구,홍제동,홍제역해링턴플레이스,59.99,10,2024,72000,0,2026,5,19
서대문구,냉천동,돈의문센트레빌,84.99,10,2011,10000,310,2026,5,7
서대문구,연희동,연희자이엘라,13.642,11,2014,1000,78,2026,5,1
서대문구,대현동,신촌럭키,59.7,4,1999,8000,150,2026,5,18
서대문구,북아현동,신촌푸르지오,84.9572,10,2015,100000,0,2026,5,18
서대문구,남가좌동,DMC파크뷰자이1단지,84.971,25,2015,30000,220,2026,5,16
서대문구,남가좌동,남가좌동현대,59.4,8,1999,42500,0,2026,5,16
서대문구,충정로3가,충정리시온,44.88,20,2004,20000,90,2026,5,7
서대문구,충정로3가,더스타일하우스디센트럴,26.5236,20,2020,7886,54,2026,5,14
서대문구,남가좌동,남가좌동현대,59.4,11,1999,5775,131,2026,5,4
서대문구,북가좌동,DMC래미안e편한세상,59.97,12,2012,75000,0,2026,5,15
서대문구,충정로3가,더스타일하우스디센트럴,16.0626,9,2020,4870,33,2026,5,14
서대문구,현저동,독립문극동(200-0),59.58,9,1998,50000,60,2026,5,18
서대문구,연희동,성원,84.95,8,2001,60000,0,2026,5,9
서대문구,영천동,독립문삼호,75.66,11,1995,5000,157,2026,5,16
서대문구,충정로3가,더스타일하우스디센트럴,15.8101,24,2020,3640,38,2026,5,15
서대문구,홍제동,청구2차,59.89,10,1997,45000,0,2026,5,16
서대문구,홍제동,인왕산현대,114.72,17,2000,68250,0,2026,5,16
서대문구,남가좌동,디엠씨엘가,13.03,9,2017,1000,67,2026,5,16
서대문구,남가좌동,DMC파크뷰자이1단지,120.492,32,2015,120000,0,2026,5,18
서대문구,홍제동,청구1차,84.78,10,1994,60900,0,2026,5,15
서대문구,홍제동,홍제원현대(459-0),84.9,2,2000,54400,0,2026,5,18
서대문구,남가좌동,남가좌동현대,59.4,8,1999,42500,0,2026,5,16
서대문구,현저동,독립문극동(200-0),84.87,5,1998,68250,0,2026,5,18
서대문구,홍제동,서울맨션,48.69,5,1972,19000,0,2026,5,11
서대문구,남가좌동,DMC에코자이,59.656,1,2019,30000,135,2026,5,16
서대문구,남가좌동,DMC에코자이,59.656,3,2019,30000,160,2026,5,17
서대문구,연희동,연희자이엘라,13.642,7,2014,3000,70,2026,5,16
서대문구,홍은동,"현대(1,2차)",59.96,13,1988,36000,0,2026,5,16
서대문구,남가좌동,DMC파크뷰자이5단지,59.981,8,2015,60900,0,2026,5,15
서대문구,홍제동,문화촌현대,59.94,14,2002,40000,0,2026,5,16
서대문구,홍은동,홍은미성,127.33,7,1985,20000,170,2026,5,15
서대문구,홍은동,힐스테이트홍은포레스트,59.84,2,2023,59000,0,2026,5,8
서대문구,충정로3가,충정솔레디움(101동),83.09,3,2005,42000,0,2026,5,17
서대문구,냉천동,돈의문센트레빌,84.99,9,2011,90000,0,2026,5,15
서대문구,냉천동,돈의문센트레빌,84.99,10,2011,85000,0,2026,5,14
서대문구,충정로3가,미동,33.06,5,1969,8500,0,2026,5,16
서대문구,북가좌동,DMC래미안e편한세상,84.92,8,2012,83000,0,2026,5,15
서대문구,남가좌동,디엠씨엘가,13.03,4,2017,1000,63,2026,5,15
서대문구,홍제동,중앙하이츠,59.23,4,2001,38000,0,2026,5,15
서대문구,남가좌동,디엠씨엘가,13.03,11,2017,1000,65,2026,5,13
서대문구,홍제동,홍제역해링턴플레이스,59.99,9,2024,25000,140,2026,5,11
서대문구,충정로3가,더스타일하우스디센트럴,17.6626,3,2020,3990,42,2026,5,14
서대문구,홍은동,홍은센트레빌,84.84,5,2009,57000,0,2026,5,5
서대문구,남가좌동,DMC에코자이,84.978,19,2019,52500,74,2026,5,14
서대문구,남가좌동,DMC센트레빌,32.86,1,2009,4354,11,2026,5,14
서대문구,북가좌동,DMC래미안e편한세상,84.92,1,2012,7000,240,2026,5,14
서대문구,남가좌동,남가좌동현대,84.9,8,1999,3000,179,2026,5,9
서대문구,충정로3가,더스타일하우스디센트럴,26.5236,6,2020,7886,55,2026,5,13
서대문구,남가좌동,DMC파크뷰자이1단지,84.971,24,2015,10000,310,2026,5,5
서대문구,연희동,성원,84.95,3,2001,20000,150,2026,5,13
서대문구,홍은동,유원,54.54,10,1987,5000,100,2026,5,9
서대문구,연희동,연희파크푸르지오,84.4317,14,2018,5000,300,2026,5,14
서대문구,충정로3가,더스타일하우스디센트럴,26.5236,20,2020,7886,55,2026,5,13
서대문구,남가좌동,DMC래미안클라시스,59.59,2,2000,34000,50,2026,5,13
서대문구,홍은동,북한산두산위브,84.98,12,2020,64000,0,2026,5,2
서대문구,북아현동,e편한세상신촌1단지,84.98,2,2018,95000,0,2026,5,13
서대문구,남가좌동,남가좌동현대,84.78,1,1999,54600,0,2026,5,2
서대문구,충정로3가,더스타일하우스디센트럴,26.5236,4,2020,7886,55,2026,5,12
서대문구,합동,에스케이뷰,84.909,6,2008,5000,350,2026,5,12
서대문구,홍제동,홍제역해링턴플레이스,84.99,3,2024,70000,0,2026,5,7
서대문구,남가좌동,DMC래미안클라시스,59.59,14,2000,55000,0,2026,5,13
서대문구,북가좌동,DMC래미안e편한세상,84.94,5,2012,10000,250,2026,5,9
서대문구,영천동,독립문삼호,108.63,4,1995,77000,0,2026,5,13
서대문구,북아현동,e편한세상신촌1단지,84.95,17,2018,86000,0,2026,5,12
서대문구,홍제동,홍제현대,106.18,1,1992,65000,10,2026,5,12
서대문구,남가좌동,DMC파크뷰자이2단지,84.968,18,2015,50000,120,2026,5,9
서대문구,창천동,3RU-City,25.06,5,2013,19300,0,2026,5,6
서대문구,충정로3가,더스타일하우스디센트럴,15.8101,14,2020,4850,34,2026,5,7
서대문구,천연동,천연뜨란채,57.78,3,2006,20000,120,2026,5,2
서대문구,홍은동,홍은동벽산,142.98,6,1997,62000,0,2026,5,9
서대문구,남가좌동,DMC파크뷰자이1단지,59.992,13,2015,70000,0,2026,5,11
서대문구,현저동,독립문극동(200-0),59.58,5,1998,60000,0,2026,5,11
서대문구,홍은동,"현대(1,2차)",84.77,7,1988,50000,0,2026,5,12
서대문구,충정로3가,더스타일하우스디센트럴,16.0626,7,2020,2468,4,2026,5,12
서대문구,북가좌동,북가좌삼호,84.57,6,1996,51500,0,2026,5,9
서대문구,창천동,3RU-City,25.06,5,2013,19500,0,2026,5,6
서대문구,남가좌동,DMC파크뷰자이2단지,84.968,18,2015,50000,120,2026,5,9
서대문구,현저동,독립문극동(200-0),114.51,19,1998,65000,80,2026,5,7
서대문구,북아현동,e편한세상신촌3단지,84.93,9,2018,5000,400,2026,5,8
서대문구,북아현동,e편한세상신촌4단지,59.9,26,2018,86000,0,2026,5,9
서대문구,홍제동,인왕산벽산,116.28,3,2003,70000,0,2026,5,11
서대문구,북가좌동,DMC래미안e편한세상,84.95,14,2012,63000,40,2026,5,4
서대문구,홍제동,남양,84.71,16,1999,44000,0,2026,5,11
서대문구,북아현동,e편한세상신촌1단지,59.85,15,2018,25000,240,2026,5,9
서대문구,남가좌동,DMC파크뷰자이3단지,59.981,10,2015,5000,260,2026,5,1
서대문구,충정로3가,더스타일하우스디센트럴,39.8291,4,2020,8500,85,2026,5,8
서대문구,충정로3가,더스타일하우스디센트럴,16.0626,14,2020,3650,37,2026,5,8
서대문구,남가좌동,래미안루센티아,84.83,4,2020,73500,0,2026,5,9
서대문구,홍제동,홍제역해링턴플레이스,84.99,3,2024,70000,0,2026,5,7
서대문구,천연동,천연뜨란채,59.47,1,2006,25000,95,2026,5,10
서대문구,북가좌동,DMC래미안e편한세상,84.94,3,2012,75600,0,2026,5,4
서대문구,홍은동,풍림2,58.5,1,1990,5000,140,2026,5,7
서대문구,남가좌동,DMC파크뷰자이1단지,84.971,6,2015,40000,180,2026,5,6
서대문구,천연동,천연뜨란채,56.02,11,2006,47250,0,2026,5,10
서대문구,홍은동,홍은동벽산,84.96,2,1997,42000,0,2026,5,9
서대문구,홍은동,홍은동벽산,142.98,6,1997,57000,0,2026,5,9
서대문구,남가좌동,DMC에코자이,59.656,20,2019,7000,250,2026,5,6
서대문구,영천동,독립문삼호,108.63,13,1995,65625,0,2026,5,11
서대문구,북아현동,두산,59.96,10,1999,50000,0,2026,5,8
서대문구,연희동,대우푸르지오,59.584,9,2002,50000,0,2026,5,10
서대문구,홍제동,홍제역해링턴플레이스,59.99,12,2024,76000,0,2026,5,7
서대문구,홍제동,홍제원현대(459-0),84.9,5,2000,59000,0,2026,5,8
서대문구,홍제동,홍제역해링턴플레이스,59.96,5,2024,73000,0,2026,5,2
서대문구,대현동,신촌럭키,83.38,2,1999,54600,0,2026,5,6
서대문구,연희동,대우푸르지오,59.584,16,2002,2500,157,2026,5,2
서대문구,홍은동,제이씨라디앙,171.72,7,2005,20000,200,2026,5,6
서대문구,현저동,독립문극동(200-0),84.87,2,1998,20000,182,2026,5,8
서대문구,대현동,신촌럭키,83.38,2,1999,54600,0,2026,5,6
서대문구,홍제동,홍제현대,75.15,4,1992,9000,160,2026,5,1
서대문구,남가좌동,래미안루센티아,34.12,12,2020,10458,26,2026,5,7
서대문구,홍제동,서대문푸르지오센트럴파크,84.98,4,2023,50000,160,2026,5,7
서대문구,남가좌동,DMC센트레빌,84.87,1,2009,59500,0,2026,5,2
서대문구,남가좌동,DMC파크뷰자이2단지,84.968,15,2015,50000,120,2026,5,6
서대문구,홍은동,"현대(1,2차)",84.77,10,1988,48000,0,2026,5,7
서대문구,북아현동,e편한세상신촌1단지,59.85,9,2018,88000,0,2026,5,7
서대문구,홍제동,홍제역해링턴플레이스,84.99,3,2024,70000,0,2026,5,7
서대문구,남가좌동,래미안남가좌2차,59.788,3,2005,30000,90,2026,5,7
서대문구,남가좌동,래미안루센티아,84.95,2,2020,77000,0,2026,5,4
서대문구,홍제동,홍제역해링턴플레이스,59.99,7,2024,10000,185,2026,5,7
서대문구,충정로3가,더스타일하우스디센트럴,17.6626,20,2020,3990,42,2026,5,7
서대문구,남가좌동,디엠씨엘가,13.03,6,2017,12500,15,2026,5,4
서대문구,남가좌동,DMC래미안클라시스,114.93,17,2000,20000,125,2026,5,7
서대문구,남가좌동,래미안남가좌2차,59.788,5,2005,20000,160,2026,5,2
서대문구,대현동,신촌럭키,83.38,2,1999,54600,0,2026,5,6
서대문구,현저동,독립문극동(200-0),59.58,15,1998,35000,60,2026,5,2
서대문구,홍제동,홍제역해링턴플레이스,59.99,2,2024,70000,0,2026,5,4
서대문구,홍은동,북한산두산위브,84.98,8,2020,63000,0,2026,5,6
서대문구,북가좌동,DMC래미안e편한세상,84.95,3,2012,10000,230,2026,5,5
서대문구,남가좌동,DMC센트레빌,59.95,7,2009,20000,165,2026,5,6
서대문구,홍제동,청구2차,59.89,3,1997,48300,0,2026,5,6
서대문구,홍제동,청구3차,59.4,9,2001,45150,0,2026,5,5
서대문구,북가좌동,DMC한양,84.33,2,1987,38000,0,2026,5,6
서대문구,현저동,독립문파크빌,59.4,9,2000,44000,0,2026,5,4
서대문구,홍제동,문화촌현대,59.94,2,2002,15000,80,2026,5,6
서대문구,남가좌동,DMC에코자이,59.79,2,2019,64000,0,2026,5,1
서대문구,남가좌동,DMC파크뷰자이1단지,59.977,13,2015,55000,80,2026,5,4
서대문구,충정로3가,충정솔레디움(101동),82.37,7,2005,45000,0,2026,5,1
서대문구,홍은동,북한산두산위브,84.98,9,2020,58800,0,2026,5,4
서대문구,홍제동,현대그린,84.96,5,1996,5200,105,2026,5,2
서대문구,남가좌동,디엠씨엘가,13.03,6,2017,1000,70,2026,5,4
서대문구,천연동,천연뜨란채,55.85,7,2006,51000,0,2026,5,3
서대문구,홍은동,힐스테이트홍은포레스트,84.53,9,2023,61000,0,2026,5,4
서대문구,홍은동,북한산두산위브,59.96,6,2020,48000,0,2026,5,1
서대문구,남가좌동,DMC파크뷰자이4단지,59.981,6,2015,66000,0,2026,5,1
서대문구,홍제동,성원,41.5,6,1998,22000,10,2026,5,1
서대문구,남가좌동,남가좌동현대,84.78,1,1999,54600,0,2026,5,2
서대문구,북가좌동,DMC아이파크,59.96,12,2009,58000,0,2026,5,1
마포구,도화동,마포동원베네스트,58.65,11,2010,57750,0,2026,5,30
마포구,상암동,DMC상암센트럴파크2단지,51.98,9,2009,43000,0,2026,5,9
마포구,현석동,강변힐스테이트,114.99,7,2004,86000,0,2026,5,27
마포구,창전동,서강예가,84.988,1,2007,10000,300,2026,5,23
마포구,창전동,서강오벨리스크스위트,84.96,5,2007,70000,0,2026,5,25
마포구,아현동,마포래미안푸르지오1단지,59.9236,13,2014,75000,14,2026,5,7
마포구,성산동,성산2차e-편한세상,59.76,10,2005,30000,58,2026,5,20
마포구,도화동,도화현대,59.4,12,1998,42440,0,2026,5,13
마포구,서교동,서교동효성해링턴타워,37.17,16,2020,13760,77,2026,5,15
마포구,하중동,한강밤섬자이,168.15,3,2010,177000,0,2026,5,5
마포구,하중동,한강밤섬자이,168.63,3,2010,177000,0,2026,5,5
마포구,도화동,우성,68.94,6,1991,10000,190,2026,5,5
마포구,아현동,마포래미안푸르지오2단지,114.2802,14,2014,120000,100,2026,5,1
마포구,공덕동,래미안공덕4차,59.9,5,2005,10000,220,2026,5,23
마포구,도화동,우성,68.94,7,1991,10000,210,2026,5,2
마포구,상암동,상암월드컵파크12단지,84.89,6,2010,5000,320,2026,5,29
마포구,공덕동,마포현대,59.95,3,1988,50000,0,2026,5,30
마포구,노고산동,맹그로브신촌,14.44,10,2023,500,148,2026,5,14
마포구,현석동,반도유보라아일랜드,122.6843,5,2008,135000,0,2026,5,16
마포구,서교동,서교동효성해링턴타워,37.17,16,2020,13760,76,2026,5,15
마포구,염리동,상록,58.71,5,1997,55000,0,2026,5,11
마포구,상수동,래미안밤섬리베뉴Ⅱ,84.82,10,2014,89000,0,2026,5,5
마포구,성산동,노블에비뉴,31.728,4,2015,19500,51,2026,5,6
마포구,창전동,서강예가,84.988,9,2007,82000,15,2026,5,7
마포구,도화동,한화오벨리스크,59,36,2004,62000,0,2026,5,9
마포구,상암동,DMC상암센트럴파크1단지,84.91,4,2009,67000,0,2026,5,30
마포구,대흥동,대흥동태영아파트,59.4,5,1999,30000,55,2026,5,26
마포구,염리동,상록임대,27.47,8,1997,2055,6,2026,5,18
마포구,서교동,서교동효성해링턴타워,37.17,15,2020,13760,77,2026,5,15
마포구,아현동,아르띠타워,18.48,19,2022,1000,94,2026,5,16
마포구,상암동,상암월드컵파크7단지,84.74,11,2005,72000,0,2026,5,16
마포구,서교동,메세나폴리스,122.867,37,2012,145000,50,2026,5,28
마포구,연남동,코오롱,114.88,1,2003,73000,0,2026,5,22
마포구,아현동,더클래시,59.97,8,2022,65000,110,2026,5,20
마포구,현석동,래미안웰스트림,84.98,27,2016,20000,280,2026,5,23
마포구,상수동,래미안밤섬리베뉴Ⅰ,84.99,2,2014,88000,0,2026,5,7
마포구,망원동,대림2,84.73,10,2002,63000,0,2026,5,9
마포구,상암동,상암월드컵파크1단지,39.66,19,2003,4605,10,2026,5,18
마포구,상암동,상암월드컵파크5단지,84.75,2,2005,70000,0,2026,5,9
마포구,성산동,월드컵아이파크(667),84.7,24,2009,60000,50,2026,5,1
마포구,창전동,신촌태영데시앙,84.97,2,2003,10000,250,2026,5,15
마포구,도화동,삼성,72.185,8,1997,30000,180,2026,5,11
마포구,마포동,마포쌍용황금아파트,59.9,6,2000,45000,0,2026,5,30
마포구,대흥동,마포그랑자이,59.96,5,2020,60000,108,2026,5,9
마포구,성산동,성산월드타운대림,84.689,2,2004,71000,0,2026,5,26
마포구,서교동,서교동효성해링턴타워,37.17,7,2020,11196,14,2026,5,31
마포구,신공덕동,대우월드마크마포,136.18,8,2011,140000,0,2026,5,29
마포구,아현동,아르띠타워,18.48,17,2022,1000,91,2026,5,26
마포구,노고산동,에피소드신촌캠퍼스,33.39,4,2025,500,130,2026,5,25
마포구,염리동,상록임대,26.81,4,1997,2253,5,2026,5,18
마포구,아현동,마포래미안푸르지오1단지,84.5978,3,2014,70000,160,2026,5,18
마포구,신수동,현대,84.47,5,1996,63000,0,2026,5,9
마포구,아현동,애오개아이파크,20.75,4,2016,29000,0,2026,5,27
마포구,아현동,마포래미안푸르지오4단지,84.8919,28,2014,28000,155,2026,5,28
마포구,노고산동,에피소드신촌캠퍼스,55.27,16,2025,500,160,2026,5,22
마포구,신공덕동,신공덕래미안3차,59.96,20,2003,40000,110,2026,5,23
마포구,신공덕동,대우메트로디오빌,35.14,28,2005,5000,105,2026,5,27
마포구,서교동,메세나폴리스,148.981,37,2012,178500,0,2026,5,25
마포구,합정동,마포한강푸르지오,84.64,37,2015,125000,0,2026,5,30
마포구,신공덕동,펜트라우스,104.29,20,2011,10000,550,2026,5,15
마포구,합정동,마포한강2차푸르지오,83.45,14,2016,30000,410,2026,5,20
마포구,아현동,공덕자이,59.99,5,2015,59500,0,2026,5,30
마포구,신공덕동,대우메트로디오빌,34.39,19,2005,1000,135,2026,5,30
마포구,대흥동,마포자이2차,84.44,7,2014,115000,0,2026,5,31
마포구,노고산동,현대벤처빌,32.8,14,2002,1000,80,2026,5,31
마포구,염리동,마포자이,113.803,17,2003,114000,45,2026,5,27
마포구,상암동,상암월드컵파크6단지,84.53,12,2005,10000,267,2026,5,21
마포구,노고산동,현대벤처빌,42.64,17,2002,1000,110,2026,5,22
마포구,공덕동,공덕SK리더스뷰,84.94,14,2021,90000,120,2026,5,20
마포구,성산동,성산시영(선경),50.54,2,1986,35000,0,2026,5,16
마포구,성산동,성산시영(유원),59.43,7,1986,36000,0,2026,5,30
마포구,신정동,서강GS,114.87,13,1999,62000,75,2026,5,28
마포구,서교동,메세나폴리스,148.981,33,2012,140000,250,2026,5,13
마포구,신공덕동,대우월드마크마포,113.24,11,2011,125000,0,2026,5,2
마포구,상수동,래미안밤섬리베뉴Ⅰ,84.99,5,2014,20000,290,2026,5,15
마포구,신공덕동,펜트라우스,115.78,12,2011,45000,380,2026,5,20
마포구,중동,마포중동현대,114.93,10,2001,55000,50,2026,5,30
마포구,도화동,한화오벨리스크,38.88,6,2004,2000,140,2026,5,10
마포구,망원동,솔루체2차아파트,48.31,2,2022,5000,180,2026,5,13
마포구,노고산동,현대벤처빌,32.8,8,2002,1000,95,2026,5,25
마포구,합정동,정원쉐르빌,80.76,6,2001,60000,0,2026,5,29
마포구,공덕동,공덕SK리더스뷰,84.93,3,2021,111300,0,2026,5,27
마포구,중동,DMC마포청구아파트,84.9,3,1994,63000,0,2026,5,30
마포구,공덕동,공덕더샵,84.9598,14,2018,110000,0,2026,5,30
마포구,아현동,더클래시,84.98,23,2022,75000,0,2026,5,29
마포구,용강동,마포용강삼성래미안,59.98,6,2003,68250,0,2026,5,30
마포구,아현동,마포센트럴 아이파크,84.9668,3,2017,50000,180,2026,5,23
마포구,아현동,마포센트럴 아이파크,111.1083,13,2017,5000,320,2026,5,16
마포구,성산동,성산시영(대우),50.03,8,1986,2000,95,2026,5,21
마포구,신공덕동,신공덕아이파크,49.58,24,2025,1500,370,2026,5,18
마포구,성산동,성산시영(대우),50.03,4,1986,34000,0,2026,5,31
마포구,도화동,삼성,72.185,10,1997,10000,165,2026,5,5
마포구,창전동,창전래미안,32.76,11,1998,2742,6,2026,5,11
마포구,성산동,성산시영(대우),50.03,5,1986,30000,0,2026,5,22
마포구,노고산동,빌리브디에이블,38.31,18,2025,3000,260,2026,5,12
마포구,신수동,신촌숲아이파크,84.901,10,2019,99200,0,2026,5,21
마포구,공덕동,래미안공덕5차,59.959,9,2011,19000,206,2026,5,16
마포구,신수동,신촌숲아이파크,84.901,20,2019,93000,0,2026,5,16
마포구,대흥동,마포그랑자이,84.99,13,2020,1000,130,2026,5,16
마포구,성산동,성산시영(대우),50.03,3,1986,29400,0,2026,5,25
마포구,신공덕동,공덕아이파크,84.96,5,2013,30000,310,2026,5,16
마포구,도화동,한화오벨리스크,59,20,2004,3000,240,2026,5,2
마포구,아현동,공덕자이,59.99,5,2015,59500,0,2026,5,30
마포구,서교동,대우미래사랑,34.29,10,2005,1000,95,2026,5,27
마포구,도화동,마포동원베네스트,58.65,11,2010,57750,0,2026,5,30
마포구,망원동,마포한강아이파크,84.5533,12,2019,108000,0,2026,5,30
마포구,망원동,마포한강아이파크,111.3958,10,2019,130000,0,2026,5,15
마포구,상암동,상암월드컵파크4단지,84.66,5,2006,10000,260,2026,5,5
마포구,아현동,마포래미안푸르지오3단지,114.7267,3,2014,80000,152,2026,5,23
마포구,신공덕동,펜트라우스,84.95,11,2011,89040,0,2026,5,14
마포구,중동,마포중동현대,114.93,1,2001,57700,0,2026,5,30
마포구,망원동,솔루체2차아파트,47.16,3,2022,4000,170,2026,5,13
마포구,상수동,래미안밤섬리베뉴Ⅱ,84.82,5,2014,97650,0,2026,5,13
마포구,망원동,휴먼빌,84.963,7,2004,80000,0,2026,5,8
마포구,대흥동,서희스타힐스,12.85,12,2014,1000,95,2026,5,11
마포구,아현동,마포래미안푸르지오4단지,59.9236,6,2014,82000,0,2026,5,12
마포구,상암동,DMCVILLE,84.68,11,2006,0,363,2026,5,31
마포구,마포동,마포쌍용황금아파트,114.84,14,2000,59850,0,2026,5,22
마포구,공덕동,솔리스타,14.29,15,2018,15400,0,2026,5,29
마포구,상암동,DMCVILLE,49.41,8,2006,0,235,2026,5,30
마포구,노고산동,신촌포스빌,32.34,4,2004,1000,110,2026,5,15
마포구,아현동,공덕자이,59.99,11,2015,30000,173,2026,5,9
마포구,서교동,대우미래사랑,34.29,6,2005,27000,0,2026,5,23
마포구,성산동,성산시영(대우),50.03,9,1986,1000,130,2026,5,20
마포구,염리동,마포자이더센트리지(102동~112동),84.866,12,2022,94500,0,2026,5,30
마포구,아현동,더클래시,59.97,12,2022,60900,0,2026,5,24
마포구,도화동,한화오벨리스크,75.7,19,2004,3000,280,2026,5,11
마포구,상수동,래미안밤섬리베뉴Ⅱ,84.82,1,2014,80000,0,2026,5,30
마포구,아현동,공덕자이,84.99,4,2015,20000,260,2026,5,10
마포구,공덕동,롯데캐슬프레지던트,191.532,15,2009,157500,0,2026,5,15
마포구,상암동,DMC상암센트럴파크2단지,51.98,9,2009,43000,0,2026,5,9
마포구,성산동,성산시영(유원),59.43,1,1986,15000,48,2026,5,29
마포구,노고산동,신촌다올노블리움,34.33,8,2017,500,95,2026,5,3
마포구,성산동,성산시영(선경),50.54,7,1986,3000,120,2026,5,9
마포구,상암동,상암월드컵파크3단지,84.84,8,2003,53000,0,2026,5,15
마포구,상수동,상수크리원,16.9,9,2021,6100,59,2026,5,21
마포구,상수동,상수크리원,16.9,6,2021,6100,59,2026,5,6
마포구,신공덕동,대우메트로디오빌,34.39,28,2005,30000,10,2026,5,24
마포구,토정동,한강삼성,84.96,6,1997,65000,60,2026,5,22
마포구,상암동,DMCVILLE,84.15,3,2006,0,363,2026,5,27
마포구,성산동,성산시영(대우),50.03,11,1986,29000,0,2026,5,19
마포구,공덕동,공덕1삼성래미안,59.74,4,1999,10000,230,2026,5,20
마포구,염리동,마포자이더센트리지(102동~112동),59.99,16,2022,50000,160,2026,5,30
마포구,상암동,DMCVILLE,84.15,10,2006,0,363,2026,5,29
마포구,상암동,DMCVILLE,84.15,6,2006,0,363,2026,5,29
마포구,도화동,한화오벨리스크,75.72,36,2004,5000,310,2026,5,29
마포구,성산동,성산시영(선경),50.54,7,1986,30000,0,2026,5,9
마포구,아현동,마포래미안푸르지오3단지,84.5978,19,2014,98000,0,2026,5,21
마포구,염리동,마포자이더센트리지(102동~112동),84.987,8,2022,108000,0,2026,5,3
마포구,성산동,성산시영(대우),50.03,1,1986,30000,0,2026,5,28
마포구,도화동,우성,68.94,7,1991,47250,0,2026,5,30
마포구,신수동,밤섬경남아너스빌,84.83,3,2009,80000,20,2026,5,30
마포구,신공덕동,신공덕1차삼성래미안1아파트,84.9,21,2000,81500,0,2026,5,23
마포구,신공덕동,공덕프로포즈Ⅱ,14.03,15,2015,12500,17,2026,5,23
마포구,상암동,상암월드컵파크7단지,104.77,14,2005,80000,0,2026,5,28
마포구,성산동,성산시영(대우),50.03,8,1986,1000,86,2026,5,20
마포구,염리동,마포자이더센트리지(102동~112동),59.99,19,2022,80000,0,2026,5,27
마포구,성산동,성산시영(선경),50.54,2,1986,3000,100,2026,5,22
마포구,현석동,래미안웰스트림,59.96,18,2016,5000,320,2026,5,6
마포구,신정동,서강GS,59.98,19,1999,57500,0,2026,5,29
마포구,성산동,성산시영(대우),50.03,6,1986,5600,76,2026,5,28
마포구,아현동,마포래미안푸르지오4단지,84.8919,6,2014,50000,166,2026,5,16
마포구,대흥동,마포그랑자이,84.98,15,2020,70000,149,2026,5,28
마포구,염리동,상록임대,26.81,3,1997,412,13,2026,5,18
마포구,망원동,강림스위트빌,81.71,3,2004,10000,150,2026,5,12
마포구,아현동,마포센트럴 아이파크,84.9668,29,2017,100000,0,2026,5,27
마포구,아현동,마포래미안푸르지오2단지,84.3884,9,2014,95000,0,2026,5,8
마포구,노고산동,신촌포스빌,32.34,5,2004,24000,0,2026,5,13
마포구,성산동,성산시영(유원),59.43,5,1986,39900,0,2026,5,30
마포구,망원동,뉴성신아파트,59.27,2,2021,30000,50,2026,5,29
마포구,아현동,예미원,67.9,3,1970,10000,170,2026,5,7
마포구,노고산동,신촌다올노블리움,30.27,7,2017,1000,100,2026,5,20
마포구,성산동,성산시영(대우),50.03,7,1986,30000,0,2026,5,14
마포구,상수동,상수크리원,30.81,3,2021,10800,59,2026,5,20
마포구,성산동,성산시영(대우),50.03,5,1986,25000,0,2026,5,4
마포구,도화동,마포아크로타워,84.99,9,2007,30000,100,2026,5,11
마포구,도화동,한화오벨리스크,79.9,26,2004,60000,80,2026,5,8
마포구,염리동,마포자이더센트리지(102동~112동),59.99,3,2022,80500,0,2026,5,30
마포구,염리동,마포자이,84.692,14,2003,105000,0,2026,5,30
마포구,공덕동,공덕파크자이,84.9802,8,2015,0,450,2026,5,28
마포구,공덕동,마포현대,59.95,12,1988,45150,0,2026,5,16
마포구,창전동,신촌태영데시앙,84.97,5,2003,10000,240,2026,5,24
마포구,신공덕동,공덕프로포즈Ⅱ,14.03,13,2015,3000,65,2026,5,29
마포구,아현동,더클래시,59.97,13,2022,93500,0,2026,5,30
마포구,상수동,래미안밤섬리베뉴Ⅱ,84.92,5,2014,89250,0,2026,5,14
마포구,연남동,홍익하이빌,57.06,3,2004,1500,120,2026,5,1
마포구,중동,울트라월드컵(참누리),84.9572,19,2006,65000,0,2026,5,29
마포구,상암동,상암월드컵파크5단지,84.67,10,2005,73500,0,2026,5,30
마포구,아현동,공덕자이,59.99,9,2015,90000,0,2026,5,6
마포구,공덕동,마포현대,72.49,7,1988,42000,90,2026,5,18
마포구,성산동,성산시영(선경),50.54,4,1986,5000,106,2026,5,11
마포구,공덕동,래미안공덕5차,59.959,16,2011,60000,35,2026,5,30
마포구,대흥동,서희스타힐스,12.85,20,2014,1000,82,2026,5,29
마포구,도화동,도화동현대,68.22,13,1996,57750,0,2026,5,28
마포구,창전동,창전래미안,84.93,15,1998,72000,0,2026,5,9
마포구,도화동,도화현대,84.42,5,1998,63000,0,2026,5,30
마포구,상암동,상암월드컵파크2단지,59.92,8,2003,15000,180,2026,5,23
마포구,신공덕동,펜트라우스,152.85,21,2011,132000,0,2026,5,21
마포구,대흥동,마포그랑자이,84.99,12,2020,30000,250,2026,5,4
마포구,공덕동,마포현대,59.95,3,1988,50000,0,2026,5,30
마포구,공덕동,마포현대,59.95,2,1988,20000,87,2026,5,9
마포구,공덕동,래미안공덕4차,59.9,5,2005,66000,0,2026,5,27
마포구,용강동,이편한세상마포리버파크,59.98,4,2016,10000,340,2026,5,29
마포구,현석동,래미안웰스트림,59.96,15,2016,80000,0,2026,5,16
마포구,망원동,리버뷰,84.12,4,2005,49000,0,2026,5,30
마포구,망원동,휴먼빌,59.955,10,2004,68000,0,2026,5,30
마포구,대흥동,대흥동태영아파트,59.4,14,1999,20000,200,2026,5,30
마포구,공덕동,래미안공덕5차,84.871,2,2011,95000,0,2026,5,30
마포구,서교동,서교동효성해링턴타워,37.17,11,2020,13760,76,2026,5,28
마포구,염리동,마포자이더센트리지(102동~112동),119.315,12,2022,135000,20,2026,5,30
마포구,공덕동,래미안공덕5차,84.871,10,2011,5000,347,2026,5,18
마포구,대흥동,마포그랑자이,84.99,13,2020,29500,0,2026,5,6
마포구,신공덕동,공덕아이파크,84.96,12,2013,33000,250,2026,5,30
마포구,신수동,신촌숲아이파크,84.901,15,2019,105000,0,2026,5,26
마포구,서교동,서교동효성해링턴타워,37.17,20,2020,13760,76,2026,5,29
마포구,창전동,서강예가,84.988,10,2007,85000,0,2026,5,30
마포구,신수동,경남아너스빌,84.97,1,2005,5000,211,2026,5,1
마포구,창전동,서강예가,84.988,1,2007,10000,300,2026,5,23
마포구,마포동,비체힐리버뷰,22.073,5,2012,1000,57,2026,5,15
마포구,창전동,해모로,83.871,9,2007,10000,245,2026,5,20
마포구,신수동,신촌숲아이파크,59.751,27,2019,30000,240,2026,5,28
마포구,대흥동,성신,61.81,3,2006,5000,190,2026,5,9
마포구,공덕동,공덕1삼성래미안,59.74,1,1999,57700,0,2026,5,23
마포구,현석동,래미안웰스트림,59.96,13,2016,80000,0,2026,5,29
마포구,창전동,중앙하이츠104동,47.01,4,2007,3600,150,2026,5,2
마포구,하중동,한강밤섬자이,160.39,23,2010,190000,0,2026,5,10
마포구,아현동,마포래미안푸르지오1단지,84.8919,19,2014,10000,350,2026,5,27
마포구,도화동,우성,68.94,10,1991,30810,27,2026,5,21
마포구,상암동,상암월드컵파크10단지,59.37,4,2010,5913,38,2026,5,29
마포구,아현동,아르띠타워,18.48,13,2022,1000,93,2026,5,26
마포구,공덕동,공덕SK리더스뷰,84.93,24,2021,133000,0,2026,5,13
마포구,도화동,삼성,72.185,16,1997,65000,0,2026,5,19
마포구,상암동,상암월드컵파크7단지,104.68,9,2005,78000,0,2026,5,27
마포구,상암동,DMC상암센트럴파크2단지,36.69,12,2009,10000,110,2026,5,22
마포구,서교동,서교동효성해링턴타워,17.93,7,2020,3921,5,2026,5,29
마포구,상암동,상암월드컵파크8단지,39.97,8,2008,7045,2,2026,5,14
마포구,성산동,성산시영(유원),59.43,14,1986,36000,0,2026,5,29
마포구,공덕동,래미안공덕5차,84.871,11,2011,57000,160,2026,5,28
마포구,노고산동,현대벤처빌,25.42,16,2002,1000,90,2026,5,10
마포구,염리동,마포자이더센트리지(102동~112동),84.995,20,2022,15000,390,2026,5,7
마포구,창전동,창전래미안,59.94,10,1998,57000,0,2026,5,27
마포구,도화동,삼성,84.985,8,1997,40000,150,2026,5,28
마포구,도화동,도화동현대,128.26,12,1996,70000,0,2026,5,28
마포구,상암동,상암월드컵파크8단지,39.97,6,2008,7253,1,2026,5,28
마포구,서교동,서교동효성해링턴타워,37.17,12,2020,12240,80,2026,5,29
마포구,공덕동,공덕1삼성래미안,84.94,14,1999,70000,50,2026,5,15
마포구,성산동,만민하늘애,53.61,4,2023,52500,0,2026,5,4
마포구,신정동,서강GS,59.98,4,1999,51800,0,2026,5,12
마포구,신수동,신촌숲아이파크,59.376,17,2019,71545,0,2026,5,16
마포구,공덕동,공덕1삼성래미안,84.94,14,1999,40000,210,2026,5,23
마포구,현석동,래미안웰스트림,84.98,28,2016,1000,130,2026,5,29
마포구,대흥동,대흥동태영아파트,59.4,1,1999,20000,108,2026,5,26
마포구,아현동,마포래미안푸르지오4단지,59.9656,3,2014,86000,0,2026,5,28
마포구,신공덕동,공덕아이파크,84.96,14,2013,95000,0,2026,5,16
마포구,망원동,마포한강제이스카이,31.551,6,2019,28000,5,2026,5,28
마포구,상암동,DMCVILLE,117.02,4,2006,0,482,2026,5,23
마포구,도화동,현대홈타운,113.25,7,2000,63000,0,2026,5,16
마포구,신공덕동,펜트라우스,115.04,6,2011,60000,300,2026,5,28
마포구,염리동,상록,57.88,14,1997,51975,0,2026,5,28
마포구,현석동,래미안웰스트림,84.98,34,2016,20000,0,2026,5,28
마포구,아현동,공덕자이,114.99,4,2015,70000,150,2026,5,28
마포구,신공덕동,신공덕1차삼성래미안1아파트,59.76,13,2000,5000,250,2026,5,1
마포구,현석동,래미안웰스트림,84.98,28,2016,95000,0,2026,5,28
마포구,망원동,함성드림빌,82.85,3,2004,50000,40,2026,5,23
마포구,상수동,래미안밤섬리베뉴Ⅱ,84.92,23,2014,30000,320,2026,5,28
마포구,공덕동,공덕2삼성래미안,114.87,8,2004,100000,0,2026,5,26
마포구,대흥동,대흥동태영아파트,84.77,5,1999,70000,100,2026,5,5
마포구,상수동,래미안밤섬리베뉴Ⅱ,84.92,23,2014,30000,320,2026,5,28
마포구,상암동,DMCVILLE,84.15,10,2006,0,363,2026,5,21
마포구,망원동,휴먼빌,59.955,5,2004,30000,70,2026,5,26
마포구,현석동,래미안웰스트림,84.98,12,2016,103950,0,2026,5,21
마포구,아현동,마포래미안푸르지오4단지,84.8919,9,2014,55000,220,2026,5,23
마포구,서교동,서교동효성해링턴타워,37.17,8,2020,13760,75,2026,5,26
마포구,상암동,상암월드컵파크4단지,84.66,14,2006,70000,40,2026,5,26
마포구,도화동,우성,79.97,9,1991,55650,0,2026,5,16
마포구,공덕동,공덕1삼성래미안,59.74,4,1999,10000,230,2026,5,20
마포구,중동,마포중동현대,114.93,12,2001,72000,0,2026,5,25
마포구,성산동,성산시영(선경),50.54,12,1986,2000,117,2026,5,21
마포구,도화동,한화오벨리스크,38.88,3,2004,5000,140,2026,5,13
마포구,성산동,성산시영(대우),50.03,10,1986,5000,130,2026,5,25
마포구,대흥동,서희스타힐스,12.85,14,2014,500,98,2026,5,23
마포구,도화동,도화동현대,68.22,7,1996,22000,119,2026,5,22
마포구,성산동,성산2차e-편한세상,59.78,9,2005,58000,0,2026,5,26
마포구,마포동,마포쌍용황금아파트,84.9,4,2000,56450,0,2026,5,20
마포구,상암동,상암월드컵파크8단지,49.94,13,2008,4285,31,2026,5,27
마포구,신공덕동,브라운스톤공덕아파트,114.74,15,2009,20000,410,2026,5,27
마포구,성산동,성산월드타운대림,84.689,2,2004,71000,0,2026,5,26
마포구,망원동,영화블렌하임,103.86,5,2009,20000,240,2026,5,14
마포구,상암동,상암월드컵파크4단지,84.66,14,2006,70000,40,2026,5,26
마포구,성산동,대원,59.69,5,1999,42000,0,2026,5,27
마포구,서교동,서교동효성해링턴타워,37.17,23,2020,7808,11,2026,5,26
마포구,노고산동,맹그로브신촌,14.44,13,2023,500,155,2026,5,16
마포구,신공덕동,대우메트로디오빌,29.11,22,2005,5000,84,2026,5,20
마포구,상암동,DMC상암센트럴파크2단지,51.98,1,2009,33000,0,2026,5,25
마포구,염리동,염리삼성래미안,84.96,4,2001,40000,160,2026,5,1
마포구,공덕동,공덕더샵,84.9902,4,2018,40000,300,2026,5,23
마포구,대흥동,마포자이2차,84.95,23,2014,107000,0,2026,5,16
마포구,아현동,공덕자이,84.99,2,2015,98000,0,2026,5,26
마포구,공덕동,마포현대,84.87,8,1988,15000,62,2026,5,23
마포구,아현동,마포래미안푸르지오1단지,84.8919,22,2014,120000,0,2026,5,26
마포구,망원동,뉴성신아파트,59.27,3,2021,40000,20,2026,5,16
마포구,대흥동,마포그랑자이,59.96,6,2020,80000,16,2026,5,23
마포구,신수동,신촌삼익,84.85,17,1997,68000,0,2026,5,9
마포구,현석동,밤섬힐스테이트,59.4,22,1999,55650,0,2026,5,26
마포구,대흥동,대흥동태영아파트,59.4,21,1999,63000,0,2026,5,26
마포구,염리동,마포자이더센트리지(102동~112동),84.995,22,2022,91000,0,2026,5,3
마포구,망원동,휴먼빌,59.955,6,2004,52000,0,2026,5,22
마포구,성산동,성산월드타운대림,84.549,6,2004,68000,0,2026,5,26
마포구,성산동,월드컵아이파크(667),59.73,7,2009,54000,0,2026,5,10
마포구,공덕동,공덕SK리더스뷰,59.92,23,2021,92000,0,2026,5,2
마포구,용강동,마포대림1,131.85,13,2002,120000,0,2026,5,13
마포구,공덕동,공덕3삼성래미안,84.98,12,2004,81000,0,2026,5,25
마포구,창전동,창전래미안,84.93,7,1998,72000,0,2026,5,23
마포구,창전동,마포웨스트리버태영데시앙,74.791,11,2019,65000,90,2026,5,23
마포구,서교동,대우미래사랑,34.29,9,2005,1000,95,2026,5,13
마포구,신공덕동,펜트라우스,152.85,10,2011,143000,0,2026,5,23
마포구,염리동,염리삼성래미안,114.48,12,2001,100000,70,2026,5,19
마포구,도화동,현대홈타운,113.25,3,2000,10000,300,2026,5,26
마포구,서교동,서교동효성해링턴타워,37.17,6,2020,13760,75,2026,5,22
마포구,창전동,서강오벨리스크스위트,84.96,5,2007,70000,0,2026,5,25
마포구,성산동,성산시영(대우),50.03,7,1986,31000,0,2026,5,26
마포구,상암동,상암월드컵파크10단지,59.69,8,2010,5913,38,2026,5,23
마포구,성산동,성산시영(선경),50.54,1,1986,17000,50,2026,5,7
마포구,상암동,상암월드컵파크2단지,59.92,11,2003,65000,0,2026,5,22
마포구,서교동,서교동효성해링턴타워,37.17,9,2020,9170,94,2026,5,22
마포구,서교동,서교동효성해링턴타워,37.17,10,2020,6110,106,2026,5,26
마포구,서교동,서교동효성해링턴타워,37.17,5,2020,13760,75,2026,5,22
마포구,신공덕동,신공덕아이파크,49.51,32,2025,70000,0,2026,5,5
마포구,용강동,래미안마포리버웰,84.97,16,2015,95700,90,2026,5,24
마포구,서교동,서교동효성해링턴타워,37.17,8,2020,13760,76,2026,5,22
마포구,서교동,서교동효성해링턴타워,37.17,7,2020,13760,76,2026,5,22
마포구,서교동,서교동효성해링턴타워,37.17,13,2020,13760,76,2026,5,22
마포구,염리동,염리동세양청마루아파트101동,84.47,3,2005,80000,0,2026,5,25
마포구,토정동,한강삼성,59.76,8,1997,42000,0,2026,5,22
마포구,아현동,더클래시,59.5,18,2022,95000,0,2026,5,23
마포구,아현동,마포래미안푸르지오4단지,59.9656,11,2014,90000,0,2026,5,18
마포구,현석동,래미안웰스트림,59.96,3,2016,68187,0,2026,5,24
마포구,염리동,상록,58.71,17,1997,50000,0,2026,5,23
마포구,아현동,더클래시,59.97,22,2022,5000,350,2026,5,22
마포구,염리동,마포프레스티지자이,59.8772,3,2021,82950,0,2026,5,24
마포구,염리동,마포프레스티지자이,59.7848,4,2021,90000,0,2026,5,23
마포구,상암동,상암월드컵파크9단지,84.89,12,2010,65000,0,2026,5,23
마포구,노고산동,빌리브디에이블,38.39,19,2025,55000,0,2026,5,10
마포구,공덕동,공덕더샵,84.9902,16,2018,123000,0,2026,5,25
마포구,아현동,마포래미안푸르지오4단지,59.9236,20,2014,15000,300,2026,5,21
마포구,대흥동,마포자이2차,84.44,21,2014,30000,340,2026,5,23
마포구,연남동,코오롱,114.88,1,2003,73000,0,2026,5,22
마포구,공덕동,공덕3삼성래미안,84.98,11,2004,30000,280,2026,5,15
마포구,아현동,마포센트럴 아이파크,59.9718,5,2017,10000,250,2026,5,21
마포구,아현동,더클래시,43.64,8,2022,70000,0,2026,5,11
마포구,신공덕동,신공덕래미안2차,84.73,13,2000,67000,50,2026,5,23
마포구,상암동,상암월드컵파크3단지,84.84,5,2003,10000,210,2026,5,23
마포구,공덕동,래미안공덕5차,59.968,14,2011,81000,0,2026,5,16
마포구,용강동,래미안마포리버웰,84.99,8,2015,105000,0,2026,5,22
마포구,도화동,한화오벨리스크,38.08,12,2004,2000,140,2026,5,5
마포구,서교동,서교동효성해링턴타워,37.17,7,2020,9160,93,2026,5,22
마포구,서교동,서교동효성해링턴타워,37.17,7,2020,12240,81,2026,5,22
마포구,상암동,상암월드컵파크5단지,84.73,15,2005,5000,270,2026,5,14
마포구,창전동,이랜드PEER신촌,29.4038,15,2021,4243,22,2026,5,22
마포구,신수동,세양청마루,111.88,7,2003,80000,0,2026,5,20
마포구,창전동,해모로,83.871,23,2007,43000,92,2026,5,20
마포구,서교동,서교동효성해링턴타워,37.17,21,2020,9160,93,2026,5,21
마포구,성산동,성산시영(선경),50.54,12,1986,10000,100,2026,5,21
마포구,성산동,성산시영(대우),50.03,8,1986,31000,0,2026,5,7
마포구,서교동,서교동효성해링턴타워,17.93,6,2020,5350,44,2026,5,13
마포구,상암동,DMCVILLE,49.33,3,2006,0,200,2026,5,20
마포구,상암동,DMCVILLE,84.15,2,2006,0,363,2026,5,8
마포구,성산동,성산시영(선경),50.54,8,1986,33500,0,2026,5,16
마포구,상암동,DMCVILLE,49.24,4,2006,0,235,2026,5,20
마포구,아현동,애오개아이파크,30.01,4,2016,39000,0,2026,5,18
마포구,상암동,상암월드컵파크8단지,39.95,8,2008,7423,0,2026,5,19
마포구,아현동,공덕자이,84.99,21,2015,20000,300,2026,5,4
마포구,망원동,우림루미아트,59.9488,2,2003,47000,0,2026,5,22
마포구,공덕동,공덕3삼성래미안,59.97,11,2004,63000,0,2026,5,6
마포구,상암동,DMCVILLE,49.41,10,2006,0,235,2026,5,15
마포구,신수동,신촌삼익,59.85,24,1997,51500,0,2026,5,22
마포구,성산동,성산시영(대우),50.03,7,1986,31000,0,2026,5,22
마포구,도화동,우성,68.94,6,1991,10000,190,2026,5,5
마포구,상수동,상수크리원,18.83,10,2021,9600,49,2026,5,21
마포구,도화동,도화동현대,54.72,10,1996,5000,120,2026,5,12
마포구,성산동,성산시영(유원),59.43,8,1986,40000,0,2026,5,21
마포구,용강동,대림2차,59.81,12,2004,10000,270,2026,5,21
마포구,현석동,밤섬힐스테이트,59.4,8,1999,30000,95,2026,5,22
마포구,서교동,서교동효성해링턴타워,17.93,9,2020,6120,40,2026,5,21
마포구,창전동,이랜드PEER신촌,29.5193,10,2021,19096,9,2026,5,22
마포구,도화동,삼성,72.185,7,1997,10000,200,2026,5,15
마포구,망원동,마포한강제이스카이,31.551,2,2019,29000,10,2026,5,22
마포구,대흥동,마포그랑자이,84.99,11,2020,1000,130,2026,5,19
마포구,서교동,서교동효성해링턴타워,37.17,13,2020,3060,120,2026,5,20
마포구,서교동,서교동효성해링턴타워,37.17,15,2020,13760,75,2026,5,20
마포구,서교동,서교동효성해링턴타워,37.17,22,2020,9170,94,2026,5,21
마포구,서교동,서교동효성해링턴타워,37.17,7,2020,13760,76,2026,5,20
마포구,서교동,서교동효성해링턴타워,37.17,6,2020,13760,75,2026,5,20
마포구,서교동,서교동효성해링턴타워,37.17,10,2020,13760,76,2026,5,20
마포구,신공덕동,펜트라우스,115.04,4,2011,120000,0,2026,5,18
마포구,성산동,성산시영(선경),50.54,13,1986,26900,0,2026,5,22
마포구,상수동,상수크리원,18.83,3,2021,5400,52,2026,5,21
마포구,도화동,도화동현대,128.26,4,1996,50000,100,2026,5,19
마포구,서교동,서교동효성해링턴타워,37.17,6,2020,9170,94,2026,5,20
마포구,현석동,밤섬힐스테이트,59.4,23,1999,25000,160,2026,5,9
마포구,용강동,대림2차,84.88,13,2004,20000,308,2026,5,18
마포구,성산동,성산월드타운대림,84.689,3,2004,30000,110,2026,5,15
마포구,성산동,노블에비뉴,33.933,7,2015,25000,46,2026,5,21
마포구,서교동,서교동효성해링턴타워,17.93,18,2020,1562,0,2026,5,11
마포구,성산동,성산시영(대우),50.03,5,1986,33000,0,2026,5,21
마포구,도화동,한화오벨리스크,59,20,2004,5000,240,2026,5,15
마포구,용강동,이편한세상마포리버파크,84.98,7,2016,90000,150,2026,5,20
마포구,창전동,이랜드PEER신촌,17.296,13,2021,5337,27,2026,5,21
마포구,아현동,마포래미안푸르지오1단지,59.9236,1,2014,73000,40,2026,5,20
마포구,연남동,코오롱,59.76,13,2003,5000,200,2026,5,8
마포구,창전동,창전동현대홈타운,84.978,16,2005,10500,170,2026,5,16
마포구,염리동,상록임대,27.47,3,1997,1055,12,2026,5,21
마포구,성산동,성산2차e-편한세상,59.76,10,2005,30000,58,2026,5,20
마포구,아현동,서서울삼성,48.92,8,1998,49000,0,2026,5,11
마포구,상암동,상암월드컵파크1단지,49.53,2,2003,5345,12,2026,5,18
마포구,창전동,이랜드PEER신촌,17.296,7,2021,4003,31,2026,5,20
마포구,대흥동,서희스타힐스,12.85,16,2014,1000,93,2026,5,14
마포구,공덕동,마포현대,59.95,11,1988,30000,69,2026,5,19
마포구,망원동,망원동동원데쟈뷰,82.9,8,2008,40740,0,2026,5,19
마포구,현석동,반도유보라아일랜드,122.6843,5,2008,135000,0,2026,5,16
마포구,아현동,마포래미안푸르지오2단지,114.7267,13,2014,135000,0,2026,5,16
마포구,도화동,우성,79.97,9,1991,46200,0,2026,5,20
마포구,상암동,상암월드컵파크10단지,49.58,7,2010,11542,3,2026,5,20
마포구,도화동,마포동원베네스트,58.65,10,2010,65000,0,2026,5,20
마포구,공덕동,래미안공덕4차,59.9,3,2005,60000,50,2026,5,12
마포구,신정동,서강GS,59.98,12,1999,65000,0,2026,5,20
마포구,망원동,광남캐스빌,84.73,4,2001,42000,0,2026,5,20
마포구,용강동,래미안마포리버웰,84.97,5,2015,80000,100,2026,5,19
마포구,성산동,성산시영(선경),50.54,9,1986,30000,0,2026,5,15
마포구,아현동,마포래미안푸르지오3단지,59.9656,17,2014,20000,260,2026,5,18
마포구,상암동,상암월드컵파크6단지,104.32,5,2005,95000,0,2026,5,15
마포구,서교동,서교동효성해링턴타워,37.17,11,2020,7808,11,2026,5,20
마포구,창전동,이랜드PEER신촌,17.296,16,2021,5337,27,2026,5,20
마포구,대흥동,대흥동태영아파트,84.77,7,1999,35000,210,2026,5,20
마포구,상암동,상암월드컵파크12단지,84.66,5,2010,56680,0,2026,5,4
마포구,상암동,상암월드컵파크8단지,39.97,9,2008,2878,25,2026,5,20
마포구,망원동,마포한강제이스카이,49.664,7,2019,50000,0,2026,5,15
마포구,아현동,마포래미안푸르지오3단지,59.9236,22,2014,80000,0,2026,5,19
마포구,성산동,노블에비뉴,43.668,5,2015,30000,20,2026,5,8
마포구,서교동,서교동효성해링턴타워,37.17,15,2020,13760,76,2026,5,19
마포구,마포동,강변한신코아,77.22,7,1992,47250,0,2026,5,13
마포구,대흥동,마포그랑자이,84.99,14,2020,29000,0,2026,5,1
마포구,망원동,성신,47.58,2,1976,2000,85,2026,5,19
마포구,서교동,서교동효성해링턴타워,37.17,10,2020,13760,76,2026,5,19
마포구,상암동,상암월드컵파크11단지,49.58,5,2010,2002,39,2026,5,19
마포구,상암동,상암월드컵파크10단지,59.37,9,2010,5913,38,2026,5,19
마포구,상암동,상암월드컵파크10단지,59.73,10,2010,5913,38,2026,5,19
마포구,대흥동,마포그랑자이,59.98,18,2020,89000,0,2026,5,19
마포구,염리동,상록,49.8,10,1997,20000,109,2026,5,19
마포구,중동,DMC마포청구아파트,84.9,3,1994,42000,110,2026,5,18
마포구,염리동,상록,58.71,6,1997,52000,0,2026,5,16
마포구,도화동,우성,128.315,6,1991,82000,0,2026,5,4
마포구,도화동,현대홈타운,113.25,11,2000,66000,0,2026,5,15
마포구,상암동,상암월드컵파크5단지,84.73,5,2005,70000,0,2026,5,19
마포구,아현동,공덕자이,84.99,5,2015,75000,120,2026,5,1
마포구,성산동,블룸에비뉴,30.005,2,2016,10000,81,2026,5,18
마포구,상암동,상암월드컵파크1단지,39.66,19,2003,1794,26,2026,5,18
마포구,상암동,상암월드컵파크1단지,39.66,3,2003,1794,26,2026,5,18
마포구,상수동,래미안밤섬리베뉴Ⅱ,59.99,4,2014,5000,300,2026,5,11
마포구,상암동,상암월드컵파크11단지,59.69,13,2010,9613,16,2026,5,18
마포구,상암동,상암월드컵파크12단지,84.89,8,2010,4000,310,2026,5,16
마포구,서교동,서교동효성해링턴타워,37.17,19,2020,13760,76,2026,5,18
마포구,상암동,상암월드컵파크9단지,39.48,1,2010,4833,17,2026,5,18
마포구,도화동,우성,68.94,13,1991,57000,0,2026,5,18
마포구,염리동,마포자이더센트리지(102동~112동),84.987,9,2022,50000,198,2026,5,16
마포구,상암동,상암월드컵파크7단지,84.74,12,2005,60000,0,2026,5,18
마포구,서교동,서교동효성해링턴타워,17.93,8,2020,3795,6,2026,5,18
마포구,상암동,상암월드컵파크1단지,49.53,2,2003,2154,30,2026,5,18
마포구,신공덕동,kcc웰츠,118.31,20,2011,130000,0,2026,5,16
마포구,신공덕동,신공덕래미안2차,59.48,2,2000,50100,30,2026,5,17
마포구,염리동,상록임대,26.81,4,1997,1030,11,2026,5,18
마포구,도화동,한화오벨리스크,39.91,9,2004,30000,70,2026,5,13
마포구,아현동,더클래시,43.64,8,2022,68000,0,2026,5,9
마포구,서교동,서교동효성해링턴타워,17.93,3,2020,3795,6,2026,5,18
마포구,아현동,공덕자이,59.99,12,2015,84000,0,2026,5,14
마포구,서교동,서교동효성해링턴타워,37.17,9,2020,9170,94,2026,5,18
마포구,창전동,창전쌍용스윗닷홈,84.983,12,2005,50000,80,2026,5,16
마포구,염리동,상록임대,26.81,3,1997,1030,11,2026,5,18
마포구,연남동,코오롱,59.76,3,2003,5000,200,2026,5,1
마포구,신공덕동,신공덕1차삼성래미안1아파트,59.76,13,2000,12000,155,2026,5,16
마포구,서교동,서교동효성해링턴타워,37.17,3,2020,7808,11,2026,5,15
마포구,서교동,서교동효성해링턴타워,37.17,17,2020,13760,76,2026,5,15
마포구,서교동,서교동효성해링턴타워,37.17,14,2020,13760,75,2026,5,18
마포구,성산동,성산시영(유원),59.43,9,1986,33400,0,2026,5,16
마포구,아현동,공덕자이,59.99,17,2015,80000,40,2026,5,16
마포구,아현동,더클래시,59.97,19,2022,12000,190,2026,5,13
마포구,도화동,삼성,72.185,17,1997,10000,280,2026,5,15
마포구,중동,마포중동현대,84.9,13,2001,48000,50,2026,5,17
마포구,창전동,신촌태영데시앙,84.97,17,2003,70000,0,2026,5,16
마포구,서교동,서교동효성해링턴타워,37.17,12,2020,9160,93,2026,5,15
마포구,상암동,상암월드컵파크4단지,84.7,5,2006,80000,0,2026,5,17
마포구,성산동,성산시영(선경),50.54,9,1986,30000,0,2026,5,15
마포구,신공덕동,신공덕래미안2차,114.5,19,2000,75600,0,2026,5,11
마포구,아현동,더클래시,43.27,8,2022,30000,160,2026,5,16
마포구,상암동,상암월드컵파크8단지,39.95,6,2008,7045,2,2026,5,15
마포구,용강동,이편한세상마포리버파크,84.98,9,2016,115000,0,2026,5,16
마포구,도화동,한화오벨리스크,75.72,34,2004,3000,252,2026,5,1
마포구,상암동,상암월드컵파크11단지,49.58,13,2010,4514,31,2026,5,15
마포구,상암동,상암월드컵파크8단지,49.94,5,2008,6658,18,2026,5,15
마포구,합정동,마포한강푸르지오,137.04,22,2015,180000,0,2026,5,16
마포구,합정동,두레,83.89,4,2004,67000,0,2026,5,16
마포구,아현동,마포래미안푸르지오4단지,59.9236,18,2014,84000,0,2026,5,15
마포구,아현동,마포래미안푸르지오1단지,59.9236,12,2014,38000,100,2026,5,13
마포구,도화동,도화동현대,128.26,2,1996,75600,0,2026,5,16
마포구,성산동,성산시영(선경),50.54,6,1986,35000,0,2026,5,16
마포구,하중동,한강밤섬자이,84.99,8,2010,100000,0,2026,5,16
마포구,노고산동,빌리브디에이블,43.82,16,2025,4101,22,2026,5,18
마포구,서교동,서교동효성해링턴타워,37.17,6,2020,13760,76,2026,5,18
마포구,아현동,마포래미안푸르지오2단지,84.8919,7,2014,10000,365,2026,5,16
마포구,염리동,상록,58.71,7,1997,10000,180,2026,5,18
마포구,상암동,상암월드컵파크9단지,49.58,14,2010,8334,14,2026,5,15
마포구,대흥동,대흥동태영아파트,59.4,18,1999,48500,0,2026,5,16
마포구,서교동,서교동효성해링턴타워,37.17,6,2020,3408,26,2026,5,17
마포구,현석동,래미안웰스트림,84.98,28,2016,3000,110,2026,5,17
마포구,서교동,서교동효성해링턴타워,37.17,3,2020,2720,9,2026,5,17
마포구,창전동,중앙하이츠103동,57.86,4,2007,38000,0,2026,5,14
마포구,성산동,성산시영(유원),59.43,14,1986,1000,120,2026,5,15
마포구,서교동,서교동효성해링턴타워,37.17,13,2020,12240,80,2026,5,15
마포구,망원동,함성월드빌2차,84.61,8,2004,55000,0,2026,5,15
마포구,상암동,상암월드컵파크8단지,49.94,17,2008,4285,31,2026,5,15
마포구,노고산동,빌리브디에이블,44.3,6,2025,55000,0,2026,5,2
마포구,서교동,서교동효성해링턴타워,37.17,3,2020,7808,11,2026,5,14
마포구,신공덕동,대우메트로디오빌,29.11,28,2005,3000,100,2026,5,11
마포구,서교동,서교동효성해링턴타워,37.17,6,2020,13760,75,2026,5,14
마포구,서교동,서교동효성해링턴타워,37.17,24,2020,7808,11,2026,5,14
마포구,공덕동,한화꿈에그린,84.939,7,2004,80000,0,2026,5,9
마포구,서교동,서교동효성해링턴타워,37.17,6,2020,7808,11,2026,5,13
마포구,토정동,한강삼성,84.96,2,1997,65000,0,2026,5,14
마포구,공덕동,래미안공덕4차,59.9,8,2005,80000,0,2026,5,13
마포구,도화동,도화동현대,54.72,6,1996,52500,0,2026,5,5
마포구,대흥동,마포자이2차,84.95,13,2014,30000,330,2026,5,14
마포구,창전동,창전래미안,32.76,15,1998,1168,15,2026,5,15
마포구,공덕동,래미안공덕4차,59.9,8,2005,80000,0,2026,5,13
마포구,상암동,상암월드컵파크8단지,39.97,2,2008,5380,11,2026,5,15
마포구,하중동,한강밤섬자이,132.54,4,2010,148000,0,2026,5,4
마포구,아현동,마포래미안푸르지오4단지,59.9236,8,2014,10000,320,2026,5,14
마포구,현석동,래미안웰스트림,114.95,7,2016,131200,0,2026,5,14
마포구,상암동,상암월드컵파크8단지,39.97,13,2008,2878,25,2026,5,14
마포구,현석동,밤섬예가클래식,82.36,9,1989,10000,260,2026,5,12
마포구,성산동,성산시영(대우),50.03,9,1986,31500,0,2026,5,14
마포구,염리동,유풍,96.88,6,2002,57500,0,2026,5,14
마포구,성산동,성산시영(선경),50.54,3,1986,3000,130,2026,5,14
마포구,대흥동,대흥동태영아파트,114.93,5,1999,52500,155,2026,5,9
마포구,현석동,래미안웰스트림,84.9,4,2016,99700,0,2026,5,14
마포구,상암동,상암월드컵파크8단지,49.62,13,2008,7320,14,2026,5,14
마포구,중동,울트라월드컵(참누리),59.9882,14,2006,60000,0,2026,5,14
마포구,신수동,대원칸타빌,84.96,6,2004,35000,111,2026,5,12
마포구,상암동,상암월드컵파크11단지,59.37,13,2010,2409,45,2026,5,13
마포구,성산동,성산시영(대우),50.03,10,1986,35000,0,2026,5,12
마포구,상암동,상암월드컵파크8단지,49.62,2,2008,5033,27,2026,5,14
마포구,신공덕동,신공덕래미안2차,59.48,5,2000,60000,0,2026,5,9
마포구,신수동,밤섬경남아너스빌,84.83,19,2009,45000,145,2026,5,12
마포구,성산동,성산시영(대우),50.03,2,1986,31500,0,2026,5,7
마포구,서교동,서교동효성해링턴타워,17.93,16,2020,1501,12,2026,5,14
마포구,상암동,상암월드컵파크8단지,39.95,3,2008,5612,10,2026,5,14
마포구,서교동,서교동효성해링턴타워,17.93,13,2020,4115,13,2026,5,14
마포구,서교동,서교동효성해링턴타워,37.17,3,2020,3510,5,2026,5,13
마포구,도화동,우성,141.515,11,1991,78750,0,2026,5,10
마포구,서교동,서교동효성해링턴타워,37.17,10,2020,7168,12,2026,5,13
마포구,성산동,성산시영(유원),59.43,12,1986,29000,0,2026,5,13
마포구,창전동,마포웨스트리버태영데시앙,59.989,2,2019,19902,31,2026,5,13
마포구,상암동,상암월드컵파크5단지,84.73,15,2005,67200,0,2026,5,13
마포구,아현동,마포래미안푸르지오2단지,59.9656,25,2014,70000,80,2026,5,13
마포구,서교동,서교동효성해링턴타워,17.93,7,2020,3582,5,2026,5,13
마포구,서교동,서교동효성해링턴타워,37.17,7,2020,2720,9,2026,5,13
마포구,서교동,서교동효성해링턴타워,17.93,3,2020,3582,5,2026,5,13
마포구,상암동,상암월드컵파크8단지,39.76,3,2008,2638,26,2026,5,11
마포구,신수동,신촌숲아이파크,59.376,31,2019,90000,0,2026,5,12
마포구,서교동,서교동효성해링턴타워,37.17,8,2020,12240,81,2026,5,12
마포구,서교동,서교동효성해링턴타워,37.17,18,2020,7808,11,2026,5,12
마포구,창전동,해모로,59.867,8,2007,10000,180,2026,5,12
마포구,서교동,서교동효성해링턴타워,37.17,13,2020,7988,10,2026,5,12
마포구,노고산동,신촌포스빌,32.34,15,2004,2000,105,2026,5,9
마포구,서교동,서교동효성해링턴타워,37.17,12,2020,7808,11,2026,5,12
마포구,서교동,서교동효성해링턴타워,37.17,3,2020,13760,75,2026,5,13
마포구,서교동,서교동효성해링턴타워,37.17,12,2020,8064,10,2026,5,13
마포구,상암동,상암월드컵파크7단지,84.74,12,2005,58000,0,2026,5,13
마포구,신공덕동,펜트라우스,152.85,5,2011,143000,0,2026,5,13
마포구,대흥동,마포그랑자이,84.98,6,2020,130000,0,2026,5,8
마포구,신공덕동,신공덕1차삼성래미안1아파트,59.76,9,2000,62000,40,2026,5,13
마포구,아현동,공덕자이,84.99,3,2015,1000,393,2026,5,9
마포구,대흥동,마포그랑자이,84.98,10,2020,110000,0,2026,5,13
마포구,노고산동,빌리브디에이블,38.39,7,2025,5000,250,2026,5,11
마포구,공덕동,공덕3삼성래미안,59.97,5,2004,50000,38,2026,5,9
마포구,서교동,서교동효성해링턴타워,37.17,7,2020,6110,104,2026,5,11
마포구,아현동,마포래미안푸르지오4단지,84.3884,15,2014,115000,0,2026,5,13
마포구,상암동,상암월드컵파크8단지,39.95,5,2008,4029,19,2026,5,13
마포구,신공덕동,공덕아이파크,59.98,5,2013,70000,38,2026,5,7
마포구,상암동,상암월드컵파크4단지,84.66,21,2006,15000,270,2026,5,11
마포구,상암동,상암월드컵파크11단지,59.69,9,2010,2409,45,2026,5,12
마포구,서교동,서교동효성해링턴타워,37.17,4,2020,6048,20,2026,5,13
마포구,상암동,상암월드컵파크8단지,39.97,5,2008,7878,2,2026,5,13
마포구,상암동,상암월드컵파크8단지,39.95,11,2008,2878,25,2026,5,12
마포구,상암동,상암월드컵파크8단지,39.97,13,2008,5605,10,2026,5,12
마포구,서교동,서교동효성해링턴타워,37.17,20,2020,1532,12,2026,5,12
마포구,대흥동,대흥동태영아파트,84.77,12,1999,65000,75,2026,5,9
마포구,공덕동,마포현대,59.95,10,1988,3000,117,2026,5,9
마포구,망원동,마포한강제이스카이,31.551,3,2019,28350,0,2026,5,12
마포구,도화동,도화동현대,54.72,4,1996,48300,0,2026,5,1
마포구,서교동,서교동효성해링턴타워,37.17,20,2020,2720,9,2026,5,12
마포구,서교동,서교동효성해링턴타워,37.17,10,2020,13760,76,2026,5,12
마포구,신정동,서강GS,84.4,13,1999,68000,0,2026,5,12
마포구,아현동,공덕자이,84.99,4,2015,102000,0,2026,5,11
마포구,창전동,이랜드PEER신촌,17.296,10,2021,5337,27,2026,5,12
마포구,도화동,도화동현대,68.22,14,1996,50000,0,2026,5,12
마포구,망원동,광남캐스빌C,74.53,2,2002,48000,0,2026,5,12
마포구,성산동,성산시영(대우),50.03,7,1986,26460,0,2026,5,12
마포구,상암동,상암월드컵파크8단지,49.94,9,2008,7320,14,2026,5,12
마포구,상암동,상암월드컵파크8단지,39.97,6,2008,1216,29,2026,5,12
마포구,아현동,마포래미안푸르지오2단지,114.2802,14,2014,120000,100,2026,5,1
마포구,아현동,마포래미안푸르지오1단지,59.9236,15,2014,40000,147,2026,5,8
마포구,상암동,상암월드컵파크8단지,39.97,10,2008,1216,29,2026,5,12
마포구,성산동,성산시영(선경),50.54,11,1986,32550,0,2026,5,9
마포구,서교동,서교동효성해링턴타워,17.93,8,2020,3582,5,2026,5,12
마포구,신수동,경남아너스빌,84.97,11,2005,80000,0,2026,5,12
마포구,공덕동,래미안공덕5차,59.959,14,2011,20000,250,2026,5,12
마포구,아현동,더클래시,84.98,1,2022,74000,0,2026,5,12
마포구,성산동,성산시영(대우),50.03,2,1986,30000,0,2026,5,6
마포구,노고산동,신촌포스빌,32.34,15,2004,2000,107,2026,5,9
마포구,서교동,서교동효성해링턴타워,37.17,12,2020,9170,95,2026,5,11
마포구,토정동,한강삼성,59.76,3,1997,65000,0,2026,5,11
마포구,상암동,상암월드컵파크8단지,39.97,1,2008,7253,1,2026,5,12
마포구,상암동,상암월드컵파크8단지,39.95,10,2008,2878,25,2026,5,12
마포구,성산동,가좌행복주택,29.66,6,2016,10228,13,2026,5,8
마포구,공덕동,공덕3삼성래미안,59.97,15,2004,80000,0,2026,5,11
마포구,공덕동,공덕1삼성래미안,59.74,15,1999,50000,80,2026,5,11
마포구,아현동,더클래시,43.64,8,2022,18780,28,2026,5,11
마포구,상암동,상암월드컵파크8단지,39.97,6,2008,4896,14,2026,5,12
마포구,상암동,상암월드컵파크8단지,39.76,1,2008,8661,1,2026,5,11
마포구,공덕동,마포현대,84.87,5,1988,52250,0,2026,5,9
마포구,노고산동,현대벤처빌,31.57,3,2002,1000,95,2026,5,7
마포구,연남동,코오롱,84.936,12,2003,10000,150,2026,5,11
마포구,서교동,서교동효성해링턴타워,37.17,11,2020,12240,82,2026,5,11
마포구,아현동,마포래미안푸르지오4단지,59.9656,12,2014,50000,130,2026,5,10
마포구,창전동,이랜드PEER신촌,17.296,4,2021,5152,28,2026,5,8
마포구,상암동,상암월드컵파크8단지,39.76,2,2008,2878,25,2026,5,11
마포구,상암동,상암월드컵파크8단지,39.97,10,2008,5955,16,2026,5,12
마포구,염리동,염리동세양청마루아파트101동,56.24,13,2005,70000,0,2026,5,11
마포구,신공덕동,대우메트로디오빌,29.11,24,2005,3000,105,2026,5,5
마포구,창전동,해모로,83.871,13,2007,53000,130,2026,5,11
마포구,상암동,상암월드컵파크8단지,39.97,11,2008,2878,25,2026,5,11
마포구,합정동,한강동원아파트,84.92,7,2003,40000,150,2026,5,7
마포구,마포동,보성,59.4,10,1996,5000,200,2026,5,2
마포구,상암동,상암월드컵파크8단지,39.95,4,2008,5380,11,2026,5,11
마포구,상암동,상암월드컵파크8단지,39.95,11,2008,5955,16,2026,5,11
마포구,창전동,창전래미안,32.76,11,1998,1168,15,2026,5,11
마포구,성산동,성산시영(유원),59.43,5,1986,42000,0,2026,5,8
마포구,상암동,DMC상암센트럴파크2단지,36.69,7,2009,20000,100,2026,5,9
마포구,망원동,탑건진선미,84.95,6,2004,60000,0,2026,5,10
마포구,공덕동,롯데캐슬프레지던트,191.872,19,2009,180000,0,2026,5,9
마포구,아현동,마포래미안푸르지오1단지,59.9796,18,2014,85000,0,2026,5,11
마포구,창전동,서강예가,59.983,1,2007,53000,40,2026,5,9
마포구,창전동,해모로,83.871,17,2007,60000,80,2026,5,9
마포구,현석동,래미안웰스트림,84.9,14,2016,97500,0,2026,5,11
마포구,공덕동,공덕1삼성래미안,59.74,13,1999,45000,70,2026,5,8
마포구,아현동,마포래미안푸르지오1단지,84.8919,16,2014,99750,0,2026,5,1
마포구,신공덕동,신공덕1차삼성래미안1아파트,59.76,8,2000,30000,95,2026,5,9
마포구,용강동,마포용강삼성래미안,59.98,2,2003,20000,165,2026,5,8
마포구,대흥동,대흥동태영아파트,84.77,12,1999,60000,110,2026,5,9
마포구,염리동,마포프레스티지자이,59.8772,16,2021,89250,0,2026,5,7
마포구,성산동,노블에비뉴,43.668,5,2015,30000,20,2026,5,8
마포구,망원동,대상3,59.61,6,2000,42000,0,2026,5,11
마포구,대흥동,대흥동태영아파트,84.77,19,1999,20000,234,2026,5,7
마포구,신수동,마포경남아너스빌,84.95,6,2007,88000,0,2026,5,8
마포구,상암동,상암월드컵파크8단지,39.97,12,2008,2878,25,2026,5,11
마포구,상암동,상암월드컵파크8단지,49.94,12,2008,5225,26,2026,5,11
마포구,성산동,노블에비뉴,31.728,7,2015,17000,70,2026,5,10
마포구,서교동,서교동효성해링턴타워,37.17,13,2020,9170,94,2026,5,8
마포구,서교동,서교동효성해링턴타워,37.17,23,2020,9170,94,2026,5,8
마포구,서교동,서교동효성해링턴타워,17.93,15,2020,6120,41,2026,5,8
마포구,공덕동,공덕파크자이,84.9802,3,2015,82000,0,2026,5,8
마포구,신수동,신촌숲아이파크,84.932,21,2019,110250,0,2026,5,8
마포구,서교동,서교푸르지오,92.448,3,2004,50000,45,2026,5,8
마포구,창전동,이랜드PEER신촌,17.296,13,2021,5337,27,2026,5,7
마포구,신정동,서강GS,59.98,20,1999,59000,0,2026,5,8
마포구,서교동,서교동효성해링턴타워,37.17,15,2020,13760,76,2026,5,8
마포구,상암동,상암월드컵파크11단지,59.73,14,2010,5702,38,2026,5,8
마포구,창전동,이랜드PEER신촌,17.296,2,2021,5337,27,2026,5,8
마포구,도화동,도화동현대,68.22,16,1996,66000,0,2026,5,7
마포구,망원동,마포한강아이파크,59.3813,5,2019,73000,0,2026,5,3
마포구,대흥동,대흥동태영아파트,114.93,2,1999,120500,0,2026,5,6
마포구,상암동,상암월드컵파크12단지,59.73,3,2010,10501,16,2026,5,8
마포구,상암동,상암월드컵파크2단지,59.92,10,2003,55650,0,2026,5,1
마포구,상암동,상암월드컵파크9단지,49.58,9,2010,8469,13,2026,5,7
마포구,상암동,상암월드컵파크10단지,59.76,2,2010,9849,16,2026,5,7
마포구,창전동,신촌태영데시앙,84.97,6,2003,70000,0,2026,5,7
마포구,대흥동,마포그랑자이,59.98,17,2020,10000,330,2026,5,6
마포구,염리동,상록,49.02,13,1997,52000,0,2026,5,7
마포구,염리동,마포프레스티지자이,84.9422,8,2021,90000,155,2026,5,7
마포구,상암동,DMCVILLE,84.15,9,2006,0,306,2026,5,1
마포구,창전동,이랜드PEER신촌,17.296,11,2021,5337,27,2026,5,8
마포구,상암동,상암월드컵파크2단지,59.92,2,2003,52500,0,2026,5,1
마포구,창전동,이랜드PEER신촌,17.296,7,2021,5337,27,2026,5,8
마포구,상암동,상암월드컵파크10단지,59.85,2,2010,5913,38,2026,5,7
마포구,서교동,메세나폴리스,148.981,18,2012,190000,0,2026,5,1
마포구,염리동,염리삼성래미안,114.48,11,2001,20000,360,2026,5,7
마포구,상암동,상암월드컵파크4단지,84.66,4,2006,60000,40,2026,5,1
마포구,상암동,상암월드컵파크10단지,49.58,10,2010,8492,14,2026,5,7
마포구,서교동,서교동효성해링턴타워,17.93,8,2020,5350,42,2026,5,7
마포구,하중동,한강밤섬자이,160.39,8,2010,40000,533,2026,5,1
마포구,창전동,이랜드PEER신촌,17.296,8,2021,4003,32,2026,5,7
마포구,현석동,래미안웰스트림,84.96,24,2016,100000,0,2026,5,7
마포구,성산동,노블에비뉴,31.728,4,2015,19500,51,2026,5,6
마포구,공덕동,공덕1삼성래미안,84.94,16,1999,75000,0,2026,5,5
마포구,성산동,성산시영(선경),50.54,1,1986,35000,0,2026,5,7
마포구,상암동,상암월드컵파크5단지,84.67,9,2005,75000,0,2026,5,5
마포구,성산동,성산시영(대우),50.03,4,1986,6300,56,2026,5,7
마포구,창전동,이랜드PEER신촌,17.296,10,2021,5337,27,2026,5,7
마포구,상암동,DMC상암센트럴파크2단지,36.69,4,2009,10000,100,2026,5,1
마포구,서교동,서교동효성해링턴타워,37.17,23,2020,12240,81,2026,5,7
마포구,공덕동,마포현대,59.34,4,1988,32000,6,2026,5,1
마포구,성산동,성산시영(선경),50.54,12,1986,31000,0,2026,5,6
마포구,망원동,성원1,59.4,1,1998,45000,0,2026,5,6
마포구,창전동,창전동현대홈타운,84.978,1,2005,84000,0,2026,5,2
마포구,신수동,신촌삼익,59.85,22,1997,65000,0,2026,5,6
마포구,신공덕동,신공덕래미안2차,59.48,11,2000,52500,0,2026,5,6
마포구,성산동,성산시영(유원),59.43,12,1986,38000,0,2026,5,6
마포구,성산동,성산시영(유원),59.43,11,1986,9000,120,2026,5,6
마포구,하중동,한강밤섬자이,132.54,4,2010,148000,0,2026,5,4
마포구,상암동,상암월드컵파크10단지,49.58,7,2010,13096,13,2026,5,6
마포구,상암동,상암월드컵파크12단지,59.73,12,2010,10501,16,2026,5,6
마포구,서교동,서교동효성해링턴타워,37.17,7,2020,8064,10,2026,5,6
마포구,상수동,래미안밤섬리베뉴Ⅱ,84.92,13,2014,99500,0,2026,5,2
마포구,서교동,대우미래사랑,57.36,2,2005,11000,95,2026,5,4
마포구,성산동,성산시영(대우),50.03,7,1986,26000,20,2026,5,2
마포구,망원동,휴먼빌,59.943,11,2004,62000,0,2026,5,5
마포구,서교동,서교동효성해링턴타워,37.17,17,2020,7808,11,2026,5,6
마포구,서교동,서교동효성해링턴타워,37.17,6,2020,11096,59,2026,5,6
마포구,용강동,이편한세상마포리버파크,84.98,16,2016,60000,280,2026,5,6
마포구,서교동,서교동효성해링턴타워,17.93,18,2020,6120,39,2026,5,6
마포구,성산동,성산시영(대우),50.03,5,1986,3000,83,2026,5,4
마포구,성산동,성산시영(선경),50.54,5,1986,12000,70,2026,5,1
마포구,대흥동,마포그랑자이,59.96,9,2020,90000,0,2026,5,2
마포구,공덕동,래미안공덕5차,84.859,17,2011,95000,0,2026,5,2
마포구,창전동,신촌금호,59.21,11,2001,59000,0,2026,5,4
마포구,도화동,도화동현대,79.83,13,1996,62000,0,2026,5,4
마포구,성산동,블룸에비뉴,30.005,6,2016,17000,41,2026,5,1
마포구,도화동,삼성,84.985,17,1997,84000,0,2026,5,4
마포구,현석동,래미안웰스트림,84.98,24,2016,1000,130,2026,5,4
마포구,신공덕동,신공덕e편한세상,59.85,3,2007,66000,0,2026,5,4
마포구,공덕동,공덕1삼성래미안,59.74,14,1999,10000,180,2026,5,2
마포구,망원동,성원1,67.5,15,1998,48700,0,2026,5,4
마포구,연남동,청기와,70.6,8,2000,300,220,2026,5,1
마포구,현석동,강변힐스테이트,84.85,16,2004,70000,40,2026,5,1
마포구,상암동,상암월드컵파크2단지,59.92,15,2003,35000,90,2026,5,1
마포구,상암동,상암월드컵파크5단지,84.67,1,2005,68000,0,2026,5,1
마포구,상암동,DMC상암센트럴파크1단지,84.91,12,2009,80000,0,2026,5,1
마포구,상암동,상암월드컵파크3단지,84.94,4,2003,68000,0,2026,5,3
마포구,중동,마포중동현대,59.88,11,2001,15000,120,2026,5,1
마포구,상암동,상암월드컵파크12단지,59.73,6,2010,50000,0,2026,5,2
마포구,대흥동,마포그랑자이,84.98,1,2020,100000,0,2026,5,1
마포구,대흥동,마포그랑자이,84.98,22,2020,50000,290,2026,5,2
마포구,창전동,마포웨스트리버태영데시앙,74.784,11,2019,88000,0,2026,5,4
마포구,대흥동,마포그랑자이,84.99,19,2020,10000,70,2026,5,2
마포구,상암동,상암월드컵파크8단지,39.95,10,2008,2878,25,2026,5,4
마포구,상암동,DMC상암센트럴파크2단지,36.69,6,2009,1500,90,2026,5,4
마포구,신공덕동,펜트라우스,84.95,18,2011,79700,0,2026,5,2
마포구,성산동,성산월드타운대림,59.888,17,2004,20000,70,2026,5,2
마포구,중동,건영월드컵,79.58,13,2002,15000,160,2026,5,1
마포구,서교동,카라(카라),82.7,4,2023,10000,220,2026,5,1
마포구,공덕동,공덕1삼성래미안,59.74,3,1999,15000,150,2026,5,1
마포구,서교동,서교동효성해링턴타워,37.17,11,2020,7808,11,2026,5,3
마포구,망원동,광남캐스빌,84.73,2,2001,39000,0,2026,5,2
마포구,대흥동,대흥동태영아파트,59.4,14,1999,54000,10,2026,5,1
마포구,신수동,밤섬경남아너스빌,84.83,15,2009,72500,0,2026,5,1
마포구,망원동,마포한강제이스카이,31.551,2,2019,28000,0,2026,5,4
마포구,염리동,염리삼성래미안,59.52,1,2001,64000,0,2026,5,4
마포구,아현동,마포래미안푸르지오3단지,59.9796,19,2014,85000,0,2026,5,1
마포구,중동,DMC마포청구아파트,84.9,14,1994,30000,89,2026,5,1
마포구,창전동,해모로,83.85,4,2007,68000,30,2026,5,2
마포구,신공덕동,신공덕e편한세상,59.58,2,2007,40000,100,2026,5,2
마포구,아현동,공덕자이,84.99,14,2015,100000,0,2026,5,1
마포구,창전동,신촌태영데시앙,84.97,15,2003,70000,0,2026,5,1
마포구,성산동,월드컵아이파크(667),84.7,24,2009,60000,50,2026,5,1
마포구,신공덕동,브라운스톤공덕아파트,59.89,11,2009,78000,0,2026,5,2
마포구,신수동,신촌삼익,114.5,9,1997,60900,70,2026,5,2
마포구,상수동,상수두산위브,84.79,16,2004,10000,250,2026,5,1
마포구,서교동,서교동효성해링턴타워,17.93,14,2020,4115,13,2026,5,2
양천구,목동,목동청구한신아파트,84.77,4,1997,90000,0,2026,5,22
양천구,신정동,신트리4,49.5,6,2000,32000,0,2026,5,2
양천구,신정동,목동신시가지8,54.94,17,1987,45000,0,2026,5,30
양천구,신정동,목동신시가지14,74.19,14,1987,60000,0,2026,5,23
양천구,신정동,목동신시가지11,51.48,15,1988,10000,120,2026,5,21
양천구,목동,현대I-PARK,82.81,15,2003,65000,0,2026,5,28
양천구,신정동,목동2삼성래미안,59.54,5,2001,47250,0,2026,5,22
양천구,신정동,목동신시가지8,54.94,7,1987,43000,0,2026,5,23
양천구,신월동,수명산롯데캐슬,84.96,9,2008,58000,0,2026,5,5
양천구,신월동,신월시영,59.49,1,1988,5000,0,2026,5,21
양천구,신월동,목동센트럴아이파크위브3단지,52.85,17,2020,45150,0,2026,5,21
양천구,신정동,목동우성2,84.96,5,2000,52000,0,2026,5,15
양천구,목동,목동신시가지3,95.74,4,1986,88000,0,2026,5,13
양천구,목동,부영3,89.61,13,2000,89300,0,2026,5,15
양천구,목동,삼익,59.87,3,1997,49800,0,2026,5,9
양천구,목동,목동현대1,84.9,2,1997,99700,0,2026,5,1
양천구,신월동,성우,84.98,12,1998,47000,0,2026,5,7
양천구,신월동,신월시영,43.2,12,1988,4000,70,2026,5,4
양천구,신월동,목동센트럴아이파크위브1단지,84.97,11,2020,60900,0,2026,5,3
양천구,신정동,아이파크,59.82,1,2002,30000,140,2026,5,8
양천구,신정동,신트리4,49.5,6,2000,32000,0,2026,5,2
양천구,신정동,양천,33.62,12,1995,900,11,2026,5,19
양천구,신정동,목동힐스테이트,84.98,10,2016,110000,0,2026,5,16
양천구,목동,목동롯데캐슬마에스트로,59.9846,6,2019,70000,0,2026,5,30
양천구,목동,목동청구한신아파트,84.77,4,1997,90000,0,2026,5,22
양천구,목동,목동신시가지3,95.74,1,1986,95000,0,2026,5,11
양천구,목동,목동롯데캐슬마에스트로,84.9779,14,2019,85000,0,2026,5,8
양천구,목동,목동신시가지5,122.46,3,1986,120000,0,2026,5,13
양천구,신정동,양천,39.2,1,1995,2481,5,2026,5,18
양천구,신정동,삼성,61.98,1,2000,27000,0,2026,5,23
양천구,목동,극동늘푸른,84.21,5,1998,56590,0,2026,5,11
양천구,목동,래디앙아파트,84.17,1,2003,70000,5,2026,5,13
양천구,신정동,학마을2,39.95,10,2000,3970,9,2026,5,19
양천구,신정동,학마을2,49.99,9,2000,4615,10,2026,5,19
양천구,신정동,래미안목동아델리체(101동~118동),84.72,25,2021,100000,0,2026,5,18
양천구,신정동,목동신시가지10,70.2,7,1987,65000,0,2026,5,26
양천구,목동,목동신시가지1,65.34,1,1985,62000,0,2026,5,22
양천구,신월동,목동센트럴아이파크위브2단지,84.96,14,2020,35000,133,2026,5,16
양천구,목동,롯데캐슬위너,59.98,15,2005,62500,0,2026,5,22
양천구,목동,목동신시가지3,82.43,1,1986,50000,120,2026,5,16
양천구,목동,대원칸타빌3,84.98,4,2003,85000,0,2026,5,16
양천구,목동,목동신시가지5,81.64,1,1986,85000,0,2026,5,22
양천구,신정동,로얄스위트,17.27,5,2002,3000,33,2026,5,16
양천구,신월동,롯데캐슬,84.984,4,2014,64000,0,2026,5,17
양천구,목동,목동현대아파트(931),32.76,6,1997,416,13,2026,5,11
양천구,신정동,목동현대3차,71.16,7,1997,10000,201,2026,5,30
양천구,신월동,신안파크,56.78,2,1987,2000,67,2026,5,30
양천구,신정동,이든채(101동~104동),39.62,6,2019,3564,26,2026,5,8
양천구,신정동,목동신시가지12,71.64,6,1988,35000,44,2026,5,29
양천구,신정동,수정,48.6,1,1987,200,50,2026,5,20
양천구,신정동,푸른마을1단지,49.16,3,2001,4247,10,2026,5,18
양천구,신월동,삼성,157.25,6,2002,3000,150,2026,5,30
양천구,신월동,길훈,42.57,5,1987,15000,0,2026,5,2
양천구,목동,금호1,59.88,6,1997,80000,0,2026,5,30
양천구,신정동,목동신시가지12,56.76,5,1988,38850,0,2026,5,30
양천구,신정동,목동신시가지14,55.02,14,1987,44100,0,2026,5,30
양천구,신정동,목동신시가지11,51.48,15,1988,10000,120,2026,5,21
양천구,신월동,목동센트럴아이파크위브4단지,45.96,15,2020,6642,9,2026,5,12
양천구,신정동,목동힐스테이트,59.87,4,2016,74550,0,2026,5,30
양천구,신월동,목동센트럴아이파크위브2단지,84.97,7,2020,63000,0,2026,5,27
양천구,신월동,목동센트럴아이파크위브3단지,59.88,5,2020,51450,0,2026,5,16
양천구,신정동,목동신시가지14,84.87,8,1987,63000,0,2026,5,20
양천구,신정동,목동신시가지13,70.73,11,1987,61950,0,2026,5,23
양천구,신월동,목동센트럴아이파크위브2단지,59.97,14,2020,40000,60,2026,5,26
양천구,신정동,팰리스필,80.11,1,2002,43000,0,2026,5,28
양천구,신정동,양천,33.62,2,1995,2125,5,2026,5,19
양천구,신월동,신안약수,68,1,1985,29400,0,2026,5,29
양천구,신정동,학마을2,39.95,3,2000,606,25,2026,5,18
양천구,신월동,롯데캐슬,84.984,17,2014,53500,0,2026,5,8
양천구,목동,목동신시가지2,152.64,3,1986,126000,0,2026,5,22
양천구,신정동,목동신시가지9,71.37,14,1987,59850,0,2026,5,30
양천구,신정동,목동신시가지10,105.58,6,1987,82000,0,2026,5,28
양천구,목동,목동가든스위트,144.16,15,1999,3000,150,2026,5,20
양천구,신정동,목동신시가지12,71.64,12,1988,60000,0,2026,5,9
양천구,신정동,수정,48.87,1,1987,500,45,2026,5,9
양천구,목동,목동신시가지7,66.6,7,1986,30000,140,2026,5,11
양천구,신정동,푸른마을1단지,39.08,6,2001,3642,8,2026,5,18
양천구,신정동,청구,84.99,1,1992,20000,180,2026,5,22
양천구,목동,목동신시가지2,65.25,6,1986,50000,90,2026,5,9
양천구,목동,목동신시가지6,115.19,8,1986,120000,0,2026,5,28
양천구,신정동,목동신시가지11,66.24,4,1988,40000,0,2026,5,22
양천구,목동,목동신시가지4,48.69,12,1986,34030,0,2026,5,30
양천구,신정동,현대,84.84,16,1995,70000,0,2026,5,28
양천구,신정동,목동신시가지14,74.19,4,1987,57000,0,2026,5,30
양천구,신월동,목동센트럴아이파크위브4단지,45.96,7,2020,4320,22,2026,5,27
양천구,신정동,푸른마을1단지,39.08,1,2001,3006,12,2026,5,18
양천구,목동,진도1,59.84,18,1998,25000,140,2026,5,18
양천구,신정동,신트리1,49.8,4,1999,5000,120,2026,5,31
양천구,신정동,양천,33.62,8,1995,2125,5,2026,5,18
양천구,신정동,목동신시가지9,106.93,1,1987,55000,120,2026,5,30
양천구,신정동,목동삼성쉐르빌Ⅱ,133.71,24,2004,94500,210,2026,5,8
양천구,신정동,래미안목동아델리체(119동~123동),59.82,15,2021,70000,0,2026,5,30
양천구,신정동,목동신시가지11,51.48,15,1988,30000,35,2026,5,28
양천구,신정동,래미안목동아델리체(101동~118동),84.94,6,2021,100000,0,2026,5,30
양천구,목동,목동현대1,59.9,16,1997,75600,0,2026,5,16
양천구,신정동,수정,47.16,1,1987,200,40,2026,5,21
양천구,신정동,목동신시가지12,56.76,2,1988,5000,140,2026,5,16
양천구,신월동,목동센트럴아이파크위브1단지,59.88,20,2020,10000,190,2026,5,23
양천구,목동,목동가든스위트,144.16,15,1999,3000,150,2026,5,20
양천구,목동,목동신시가지4,47.25,10,1986,33000,0,2026,5,26
양천구,신정동,목동신시가지9,71.37,10,1987,45150,0,2026,5,20
양천구,신정동,푸른마을3,59.85,8,2001,37000,0,2026,5,30
양천구,신정동,목동신시가지14,108.28,5,1987,75000,30,2026,5,30
양천구,신정동,정은스카이빌3차,84.88,5,2004,48000,0,2026,5,29
양천구,신정동,이펜하우스2단지,84.51,4,2011,10000,170,2026,5,26
양천구,목동,롯데캐슬위너,59.98,8,2005,10000,150,2026,5,15
양천구,신월동,목동센트럴아이파크위브1단지,84.98,10,2020,64000,0,2026,5,30
양천구,목동,목동대림,84.82,20,1994,88000,0,2026,5,30
양천구,신정동,목동신시가지8,54.94,16,1987,50000,0,2026,5,16
양천구,목동,목동금호베스트빌,96.83,6,2002,78000,0,2026,5,14
양천구,목동,목동신시가지1,47.52,1,1985,38800,0,2026,5,30
양천구,신정동,신트리2단지,32.76,15,2000,2324,6,2026,5,13
양천구,목동,극동늘푸른,84.21,11,1998,81000,0,2026,5,20
양천구,신월동,목동센트럴아이파크위브1단지,84.97,10,2020,60690,0,2026,5,18
양천구,목동,목동신시가지7,66.6,7,1986,58000,40,2026,5,12
양천구,신정동,목동신시가지10,53.82,8,1987,3000,175,2026,5,29
양천구,목동,목동신시가지7,66.6,6,1986,66000,0,2026,5,30
양천구,신월동,조양휴캐슬,62.41,4,2023,3000,145,2026,5,11
양천구,신정동,목동신시가지14,55.02,14,1987,39900,0,2026,5,30
양천구,목동,목동신시가지5,65.08,9,1986,68000,0,2026,5,23
양천구,신월동,목동센트럴아이파크위브4단지,84.97,5,2020,55000,0,2026,5,23
양천구,목동,목동신시가지6,47.94,8,1986,10000,125,2026,5,22
양천구,목동,목동청구한신아파트,84.76,15,1997,90000,0,2026,5,30
양천구,신정동,목동힐스테이트,59.95,2,2016,73500,0,2026,5,21
양천구,신정동,목동신시가지13,151.76,1,1987,65000,130,2026,5,16
양천구,신정동,목동신시가지13,98.63,10,1987,25000,200,2026,5,19
양천구,목동,목동신시가지7,101.2,2,1986,95000,0,2026,5,8
양천구,신월동,목동센트럴아이파크위브3단지,84.98,6,2020,20000,235,2026,5,15
양천구,목동,목동신시가지7,66.6,11,1986,59000,0,2026,5,30
양천구,신정동,목동신시가지8,71.77,5,1987,67000,0,2026,5,21
양천구,신정동,청구,84.99,3,1992,60000,0,2026,5,26
양천구,신정동,목동신시가지8,71.77,19,1987,65000,0,2026,5,30
양천구,신정동,목동신시가지14,55.02,1,1987,5000,180,2026,5,30
양천구,목동,목동신시가지7,66.6,7,1986,63000,0,2026,5,16
양천구,목동,목동신시가지7,53.88,4,1986,40000,44,2026,5,30
양천구,신정동,양천,39.36,12,1995,2490,5,2026,5,18
양천구,목동,극동늘푸른,114.65,10,1998,95000,0,2026,5,28
양천구,신정동,목동신시가지12,71.64,12,1988,57700,0,2026,5,30
양천구,신정동,목동현대3차,84.77,4,1997,83000,0,2026,5,28
양천구,신정동,목동신시가지9,53.82,14,1987,40517,0,2026,5,31
양천구,신정동,목동2차우성(1단지),32.76,2,2000,2267,5,2026,5,11
양천구,목동,목동신시가지1,125.44,4,1985,105000,0,2026,5,7
양천구,신월동,양천벽산블루밍1단지,84.77,7,2006,42000,0,2026,5,30
양천구,신월동,목동센트럴아이파크위브4단지,34.24,9,2020,10602,24,2026,5,6
양천구,신월동,목동센트럴아이파크위브2단지,59.88,13,2020,36500,0,2026,5,20
양천구,신정동,목동신시가지11,66.24,2,1988,20000,130,2026,5,8
양천구,목동,세종그랑시아,111.1,4,2003,68000,0,2026,5,23
양천구,신정동,동일하이빌1단지,84.955,9,2005,58000,0,2026,5,30
양천구,목동,목동신시가지1,47.52,6,1985,40950,0,2026,5,6
양천구,신정동,목동신시가지13,98.63,13,1987,87000,0,2026,5,12
양천구,신정동,목동신시가지14,55.02,4,1987,20000,120,2026,5,30
양천구,목동,목동신시가지7,66.6,13,1986,66150,0,2026,5,29
양천구,목동,목동신시가지7,66.6,11,1986,37000,115,2026,5,30
양천구,신정동,학마을1단지,59.98,2,2000,42500,0,2026,5,19
양천구,신정동,목동신시가지13,53.9,1,1987,42000,0,2026,5,29
양천구,목동,목동신시가지7,89.05,1,1986,93000,20,2026,5,28
양천구,신정동,목동신시가지12,53.46,2,1988,1400,77,2026,5,15
양천구,목동,목동청구한신아파트,84.76,10,1997,48000,152,2026,5,30
양천구,목동,목동신시가지6,47.94,7,1986,9000,150,2026,5,16
양천구,신정동,청구,84.99,1,1992,10000,220,2026,5,27
양천구,신정동,목동신시가지14,55.02,11,1987,10000,78,2026,5,30
양천구,신정동,목동신시가지11,51.48,9,1988,3000,145,2026,5,30
양천구,신정동,목동힐스테이트,84.98,7,2016,94500,0,2026,5,30
양천구,신월동,양천홈타운1차,40.15,6,2019,22000,0,2026,5,15
양천구,목동,웨스트빌(102동),81.262,7,2005,41000,50,2026,5,23
양천구,신정동,호반써밋목동,59.9488,16,2022,20000,130,2026,5,27
양천구,신월동,목동센트럴아이파크위브1단지,84.98,13,2020,68000,0,2026,5,17
양천구,목동,목동신시가지2,65.82,12,1986,53300,22,2026,5,30
양천구,목동,목동신시가지7,64.4,1,1986,72000,0,2026,5,14
양천구,목동,롯데캐슬위너,84.97,19,2005,84000,0,2026,5,19
양천구,목동,목동신시가지7,66.6,8,1986,40000,120,2026,5,1
양천구,목동,동구햇살아파트,84.96,7,2003,53000,0,2026,5,30
양천구,목동,목동신시가지6,47.94,14,1986,50000,0,2026,5,22
양천구,목동,금호1,59.88,7,1997,82000,0,2026,5,16
양천구,목동,성원2,59.9,12,2000,5000,120,2026,5,6
양천구,목동,목동신시가지7,66.6,6,1986,65000,15,2026,5,30
양천구,목동,목동신시가지1,65.34,11,1985,40000,120,2026,5,16
양천구,신정동,래미안목동아델리체(101동~118동),84.72,3,2021,85050,0,2026,5,30
양천구,신정동,신정현대5,102.79,5,1999,65000,0,2026,5,8
양천구,신정동,목동신시가지8,54.94,10,1987,46700,0,2026,5,29
양천구,목동,목동신시가지5,95.06,4,1986,90000,0,2026,5,28
양천구,신정동,목동신시가지10,70.2,14,1987,65000,0,2026,5,28
양천구,목동,목동신시가지7,66.6,8,1986,60000,0,2026,5,13
양천구,신정동,목동신시가지9,71.37,12,1987,67000,0,2026,5,23
양천구,신정동,양천,39.36,7,1995,421,15,2026,5,21
양천구,신정동,목동신시가지13,70.73,13,1987,64000,0,2026,5,28
양천구,신월동,길훈,49.77,1,1987,3000,115,2026,5,6
양천구,신정동,목동신시가지11,66.24,6,1988,50500,0,2026,5,20
양천구,신정동,대성유니드2차,59.95,14,2004,35000,0,2026,5,29
양천구,신정동,목동신시가지10,53.82,8,1987,10000,165,2026,5,28
양천구,신월동,신월시영,43.2,9,1988,23000,0,2026,5,30
양천구,신정동,동일하이빌2단지,84.955,1,2005,54600,0,2026,5,14
양천구,신정동,목동신시가지8,54.94,17,1987,45000,0,2026,5,30
양천구,신정동,푸른마을1단지,39.08,9,2001,648,23,2026,5,18
양천구,신정동,푸른마을1단지,39.08,9,2001,1371,21,2026,5,18
양천구,신정동,목동신시가지12,71.64,5,1988,60000,0,2026,5,21
양천구,목동,목동성원(926-8),84.31,4,1997,50000,166,2026,5,21
양천구,신정동,목동신시가지14,129.33,11,1987,95000,0,2026,5,16
양천구,목동,금강에스쁘아,82.615,1,2002,65000,0,2026,5,30
양천구,신정동,목동신시가지14,71.4,5,1987,50000,0,2026,5,30
양천구,신월동,신월시영,50.67,5,1988,21000,0,2026,5,29
양천구,신월동,목동센트럴아이파크위브4단지,84.97,17,2020,50000,70,2026,5,31
양천구,신정동,삼성쉐르빌,216.29,7,2003,100000,270,2026,5,30
양천구,신정동,목동신시가지12,71.64,15,1988,46179,0,2026,5,16
양천구,목동,목동신시가지6,95.03,4,1986,89000,0,2026,5,29
양천구,신정동,호반써밋목동,84.9705,8,2022,84000,0,2026,5,16
양천구,신월동,목동센트럴아이파크위브4단지,59.68,7,2020,36000,0,2026,5,2
양천구,목동,부영그린타운1,133.36,19,1999,120000,0,2026,5,23
양천구,신정동,신트리1,59.73,15,1999,7000,130,2026,5,16
양천구,신정동,목동신시가지8,54.94,4,1987,45000,0,2026,5,29
양천구,신월동,신월시영,50.67,11,1988,4000,68,2026,5,21
양천구,신월동,우정,62.24,4,1988,2500,70,2026,5,18
양천구,목동,목동신시가지7,53.88,5,1986,15000,78,2026,5,26
양천구,신정동,명지해드는터,84.98,12,2003,10000,270,2026,5,7
양천구,목동,목4현대,59.91,5,1997,25000,90,2026,5,30
양천구,신월동,목동센트럴아이파크위브1단지,84.98,19,2020,53900,0,2026,5,28
양천구,신정동,목동신시가지10,70.2,15,1987,68000,0,2026,5,26
양천구,목동,목동신시가지1,66,9,1985,30000,180,2026,5,30
양천구,신정동,제일에비앙101동,82.22,4,2004,44000,0,2026,5,25
양천구,신정동,목동힐스테이트,100.84,21,2016,120000,0,2026,5,30
양천구,신월동,신월시영,50.67,3,1988,7000,40,2026,5,22
양천구,목동,목동청구한신아파트,84.77,4,1997,90000,0,2026,5,26
양천구,신정동,목동신시가지9,156.84,4,1987,105000,0,2026,5,30
양천구,신월동,목동센트럴아이파크위브2단지,84.98,16,2020,66150,0,2026,5,15
양천구,신정동,현대,84.84,18,1995,68000,0,2026,5,16
양천구,신정동,대림,84.89,8,1992,65000,30,2026,5,29
양천구,신정동,청구,84.99,3,1992,68000,0,2026,5,28
양천구,신정동,목동신시가지10,127.21,11,1987,115000,0,2026,5,30
양천구,신정동,대림e-편한세상,109.905,18,2004,55000,0,2026,5,4
양천구,신월동,목동센트럴아이파크위브1단지,59.97,12,2020,10000,220,2026,5,29
양천구,신월동,목동센트럴아이파크위브2단지,84.97,14,2020,70000,0,2026,5,30
양천구,목동,성원2,59.9,2,2000,43000,0,2026,5,30
양천구,목동,목동센트럴푸르지오,84.9808,25,2015,144000,0,2026,5,30
양천구,신월동,목동센트럴아이파크위브4단지,45.96,6,2020,6449,10,2026,5,29
양천구,목동,목동신시가지4,95.34,9,1986,45000,150,2026,5,30
양천구,목동,목동청구한신아파트,84.77,2,1997,40000,200,2026,5,23
양천구,신정동,목동신시가지13,70.73,13,1987,58900,0,2026,5,1
양천구,목동,대원칸타빌3,84.98,15,2003,75600,0,2026,5,29
양천구,신정동,이펜하우스4단지,84.51,6,2011,10000,152,2026,5,16
양천구,목동,하이페리온2,119.523,29,2006,120000,149,2026,5,29
양천구,목동,목동신시가지1,51.48,10,1985,45150,0,2026,5,6
양천구,신정동,목동신시가지10,105.58,15,1987,80000,0,2026,5,28
양천구,신월동,길훈,42.57,1,1987,2000,55,2026,5,15
양천구,신월동,목동센트럴아이파크위브3단지,84.98,10,2020,65000,0,2026,5,29
양천구,목동,목동신시가지4,48.69,10,1986,5000,150,2026,5,1
양천구,신정동,목동신시가지12,71.64,15,1988,31500,80,2026,5,22
양천구,목동,현대하이페리온,180.42,33,2003,270000,0,2026,5,22
양천구,신월동,신월시영,50.67,6,1988,21000,0,2026,5,27
양천구,신월동,신월2차미소지움,83.74,10,2005,30000,0,2026,5,29
양천구,목동,목동신시가지7,74.12,4,1986,60000,105,2026,5,4
양천구,신정동,래미안목동아델리체(101동~118동),115.97,9,2021,113000,0,2026,5,9
양천구,신월동,목동센트럴아이파크위브2단지,84.97,12,2020,79000,0,2026,5,25
양천구,신월동,목동센트럴아이파크위브1단지,84.97,10,2020,36500,60,2026,5,23
양천구,목동,현대I-PARK,82.81,15,2003,65000,0,2026,5,28
양천구,목동,롯데캐슬위너,84.97,17,2005,67000,0,2026,5,28
양천구,신정동,목동신시가지13,70.73,10,1987,52500,0,2026,5,26
양천구,목동,목동신시가지3,64.98,6,1986,30000,110,2026,5,27
양천구,목동,목동신시가지3,95.74,5,1986,91000,0,2026,5,15
양천구,목동,목동신시가지1,51.48,7,1985,42830,0,2026,5,28
양천구,신정동,경남아너스빌,103.45,4,2004,89000,0,2026,5,8
양천구,목동,금호1,84.96,8,1997,40000,0,2026,5,29
양천구,신정동,호반써밋목동,84.9224,3,2022,78750,0,2026,5,28
양천구,신정동,목동신시가지10,70.2,4,1987,63000,0,2026,5,29
양천구,신정동,목동신시가지11,66.24,9,1988,36700,40,2026,5,29
양천구,신정동,목동신시가지13,122.3,2,1987,20000,200,2026,5,28
양천구,목동,목동신시가지1,154.44,3,1985,140000,0,2026,5,20
양천구,목동,목동신시가지5,95.22,5,1986,60500,30,2026,5,29
양천구,목동,목동청구한신아파트,84.77,5,1997,95000,30,2026,5,21
양천구,목동,목동트윈빌,112.73,9,2000,60000,155,2026,5,28
양천구,신정동,정은스카이빌2차,59.98,8,2004,45000,0,2026,5,9
양천구,목동,목동신시가지5,65.08,13,1986,43200,95,2026,5,27
양천구,신정동,목동신시가지9,71.37,5,1987,54600,0,2026,5,27
양천구,신월동,목동센트럴아이파크위브4단지,45.96,14,2020,6449,10,2026,5,26
양천구,목동,목동신시가지7,74.12,5,1986,71000,0,2026,5,28
양천구,신정동,목동신시가지14,157.59,6,1987,120000,0,2026,5,22
양천구,목동,대원칸타빌2,83.72,15,2003,7000,40,2026,5,28
양천구,신월동,목동센트럴아이파크위브4단지,45.96,9,2020,4320,22,2026,5,26
양천구,신정동,호반써밋목동,84.9735,5,2022,85000,0,2026,5,19
양천구,신월동,성우,84.98,3,1998,43000,0,2026,5,27
양천구,신정동,현대,84.84,3,1995,70000,0,2026,5,8
양천구,목동,목동신시가지3,145.13,8,1986,135000,0,2026,5,28
양천구,목동,목동신시가지7,66.6,7,1986,70000,0,2026,5,28
양천구,목동,목동신시가지4,47.25,3,1986,50000,0,2026,5,28
양천구,신월동,목동센트럴아이파크위브2단지,59.88,5,2020,55650,0,2026,5,26
양천구,신월동,목동센트럴아이파크위브4단지,50.46,6,2020,7180,10,2026,5,27
양천구,신월동,목동센트럴아이파크위브3단지,52.85,17,2020,45150,0,2026,5,21
양천구,목동,목동신시가지7,53.88,10,1986,47000,0,2026,5,4
양천구,신정동,푸른마을1단지,39.08,13,2001,1371,21,2026,5,26
양천구,목동,목동신시가지3,95.74,1,1986,89250,0,2026,5,27
양천구,신정동,이펜하우스3단지,59.88,15,2011,8942,16,2026,5,27
양천구,목동,현대,83.16,12,1996,73000,0,2026,5,28
양천구,신정동,목동신시가지8,54.94,1,1987,55000,0,2026,5,28
양천구,신정동,목동신시가지11,66.24,12,1988,46200,0,2026,5,20
양천구,목동,목동신시가지2,97.92,4,1986,88500,0,2026,5,11
양천구,신정동,태영데시앙,84.98,3,2002,45150,0,2026,5,22
양천구,목동,목동신시가지1,88.5,14,1985,95000,0,2026,5,13
양천구,신월동,신월시영,59.49,6,1988,5000,70,2026,5,23
양천구,신월동,신정두산위브,31.93,14,2012,4530,1,2026,5,28
양천구,신월동,목동센트럴아이파크위브4단지,84.98,4,2020,59000,30,2026,5,1
양천구,신월동,목동센트럴아이파크위브4단지,45.96,9,2020,4320,22,2026,5,27
양천구,신월동,신월시영,59.49,1,1988,29000,0,2026,5,27
양천구,신정동,목동신시가지8,54.94,12,1987,46200,0,2026,5,28
양천구,신정동,목동신시가지14,71.37,9,1987,54600,0,2026,5,16
양천구,목동,래디앙아파트,84.17,1,2003,73500,0,2026,5,13
양천구,신정동,호반써밋목동,84.9828,11,2022,20000,225,2026,5,20
양천구,신정동,목동현대3차,84.77,9,1997,20000,147,2026,5,1
양천구,신정동,양천,39.2,2,1995,2481,5,2026,5,18
양천구,신정동,목동파크자이(101동~108동),84.977,13,2019,95000,0,2026,5,7
양천구,목동,목동신시가지3,64.98,5,1986,10000,160,2026,5,7
양천구,신정동,목동신시가지14,74.19,14,1987,60000,0,2026,5,23
양천구,신정동,목동신시가지13,70.73,7,1987,3000,169,2026,5,7
양천구,신정동,아이파크,84.88,16,2002,50000,100,2026,5,27
양천구,목동,목동현대아파트(931),32.76,1,1997,1263,10,2026,5,27
양천구,신정동,학마을1단지,49.99,2,2000,33000,0,2026,5,27
양천구,신정동,목동신시가지11,51.48,7,1988,30098,0,2026,5,19
양천구,목동,목동신시가지4,67.58,12,1986,38000,59,2026,5,22
양천구,목동,명지해드는터,84.82,12,2005,54000,0,2026,5,12
양천구,신정동,목동신시가지11,51.48,2,1988,30350,25,2026,5,26
양천구,신정동,학마을1단지,49.99,6,2000,25400,0,2026,5,14
양천구,신정동,학마을2,39.95,1,2000,3970,9,2026,5,18
양천구,신정동,현대,84.84,3,1995,66000,0,2026,5,23
양천구,목동,목동청구한신아파트,84.76,11,1997,10000,310,2026,5,1
양천구,목동,목동신시가지2,97.92,7,1986,53000,103,2026,5,21
양천구,목동,목동신시가지4,48.69,15,1986,10000,150,2026,5,27
양천구,신월동,신목동파라곤,84.9582,4,2024,75000,0,2026,5,26
양천구,신정동,학마을1단지,49.99,9,2000,33000,0,2026,5,26
양천구,신정동,목동현대3차,71.16,13,1997,20000,150,2026,5,14
양천구,신정동,신트리4,48.96,14,2000,38000,0,2026,5,19
양천구,목동,목동신시가지7,53.88,4,1986,5000,170,2026,5,4
양천구,목동,목동신시가지3,95.74,2,1986,60000,160,2026,5,22
양천구,목동,목동신시가지5,95.28,14,1986,90000,0,2026,5,27
양천구,목동,목동신시가지1,65.34,1,1985,50000,0,2026,5,27
양천구,신정동,목동신시가지9,106.93,15,1987,85000,0,2026,5,23
양천구,목동,목동신시가지1,99.15,2,1985,80000,0,2026,5,9
양천구,신정동,신트리4,59.73,5,2000,20000,90,2026,5,26
양천구,신월동,목동센트럴아이파크위브3단지,52.85,5,2020,51000,0,2026,5,16
양천구,신정동,목동신시가지8,54.94,16,1987,46000,0,2026,5,23
양천구,신정동,호반써밋목동,84.9828,10,2022,78000,0,2026,5,26
양천구,신정동,목동신시가지9,53.82,1,1987,12000,160,2026,5,23
양천구,신정동,목동신시가지14,108.28,15,1987,85000,0,2026,5,27
양천구,신정동,푸른마을1단지,49.16,2,2001,4247,10,2026,5,18
양천구,신월동,신정두산위브,107.57,7,2012,31000,0,2026,5,15
양천구,목동,목동신시가지4,47.25,5,1986,45000,0,2026,5,20
양천구,신정동,목동우성2,84.96,5,2000,52000,0,2026,5,15
양천구,신정동,호반써밋목동,84.9828,7,2022,73200,0,2026,5,26
양천구,신정동,대림e-편한세상,84.985,15,2004,20000,150,2026,5,23
양천구,신정동,목동신시가지11,66.24,11,1988,57000,0,2026,5,13
양천구,신월동,양천벽산블루밍1단지,59.98,5,2006,43000,0,2026,5,23
양천구,신월동,수명산롯데캐슬,84.96,9,2008,58000,0,2026,5,5
양천구,신정동,심미,57.14,8,2002,24000,0,2026,5,26
양천구,신정동,목동신시가지9,71.37,5,1987,70000,0,2026,5,3
양천구,신월동,목동센트럴아이파크위브4단지,45.96,15,2020,4320,22,2026,5,21
양천구,신정동,세양청마루,59.98,6,2006,54500,0,2026,5,22
양천구,신정동,목동신시가지10,70.2,9,1987,55650,0,2026,5,23
양천구,목동,대원칸타빌3,84.98,4,2003,85000,0,2026,5,16
양천구,신월동,목동센트럴아이파크위브4단지,45.96,10,2020,4320,22,2026,5,26
양천구,신정동,이연에버리치,84.93,2,2007,50000,0,2026,5,26
양천구,신정동,중앙하이츠,134.98,7,2010,80000,0,2026,5,23
양천구,목동,목동신시가지1,47.52,14,1985,5000,100,2026,5,15
양천구,신월동,신월시영,50.67,9,1988,26000,0,2026,5,23
양천구,신정동,목동2삼성래미안,59.92,1,2001,54000,0,2026,5,23
양천구,신정동,목동신시가지11,66.24,12,1988,51500,0,2026,5,8
양천구,신월동,목동센트럴아이파크위브1단지,34.24,6,2020,3491,17,2026,5,26
양천구,목동,목동신시가지4,94.86,1,1986,60000,95,2026,5,26
양천구,신정동,목동신시가지13,53.9,1,1987,48000,0,2026,5,22
양천구,신정동,목동우성2,84.96,5,2000,40000,70,2026,5,4
양천구,신월동,벽산블루밍1단지,84.0145,4,2003,50000,15,2026,5,23
양천구,신월동,동원데자뷰,76.2081,3,2012,45000,0,2026,5,23
양천구,신월동,신월동방원,109.35,11,2004,33000,0,2026,5,26
양천구,신정동,목동신시가지10,70.2,12,1987,60000,0,2026,5,16
양천구,신정동,목동신시가지14,71.4,12,1987,54000,0,2026,5,20
양천구,신정동,세양청마루,84.98,9,2006,73000,0,2026,5,23
양천구,신정동,목동우성2,84.96,9,2000,55000,0,2026,5,23
양천구,신월동,신월시영,43.2,10,1988,20000,0,2026,5,26
양천구,신정동,목동신시가지10,105.58,4,1987,80000,0,2026,5,26
양천구,목동,목동신시가지4,47.25,7,1986,5000,110,2026,5,25
양천구,신정동,래미안목동아델리체(101동~118동),84.9,12,2021,93000,0,2026,5,21
양천구,신정동,목동신시가지9,106.93,4,1987,87000,0,2026,5,22
양천구,신월동,목동센트럴아이파크위브4단지,45.96,17,2020,6449,10,2026,5,26
양천구,목동,목동신시가지3,64.98,11,1986,57750,0,2026,5,16
양천구,신정동,신트리1,49.8,3,1999,45000,0,2026,5,22
양천구,신정동,목동삼성,114.93,2,1996,50000,150,2026,5,10
양천구,신정동,목동현대3차,84.77,2,1997,71000,0,2026,5,23
양천구,신정동,래미안목동아델리체(101동~118동),84.95,1,2021,79000,13,2026,5,26
양천구,신월동,목동센트럴아이파크위브2단지,59.88,20,2020,61000,0,2026,5,25
양천구,목동,목동신시가지1,154.44,3,1985,130000,0,2026,5,23
양천구,신월동,신월시영,43.2,5,1988,21000,0,2026,5,23
양천구,신월동,목동센트럴아이파크위브4단지,45.96,11,2020,6449,10,2026,5,26
양천구,신정동,신트리4,59.73,3,2000,41000,0,2026,5,26
양천구,신월동,수명산롯데캐슬,59.98,2,2008,21712,0,2026,5,20
양천구,목동,목동신시가지2,65.25,6,1986,50000,90,2026,5,9
양천구,목동,목동신시가지5,81.64,1,1986,85000,0,2026,5,22
양천구,목동,목동청구한신아파트,84.77,6,1997,92000,0,2026,5,22
양천구,신정동,푸른마을2,59.91,4,2001,35000,0,2026,5,16
양천구,목동,스카이빌아파트,84.51,3,2002,53000,40,2026,5,25
양천구,목동,진도2,84.75,10,1999,80000,85,2026,5,23
양천구,신정동,목동신시가지8,54.94,5,1987,60000,0,2026,5,10
양천구,신월동,예건미예뜰1동,71.72,3,2004,38000,0,2026,5,23
양천구,목동,목동신시가지5,152.85,2,1986,150000,0,2026,5,24
양천구,신정동,푸른마을3,59.91,8,2001,20000,56,2026,5,12
양천구,신정동,목동신시가지10,105.58,8,1987,85000,0,2026,5,16
양천구,목동,목동신시가지4,95.27,3,1986,40000,180,2026,5,16
양천구,목동,목동신시가지1,98.08,3,1985,100000,0,2026,5,21
양천구,신정동,목동힐스테이트,59.95,2,2016,50000,130,2026,5,22
양천구,목동,목동신시가지3,95.74,5,1986,70000,80,2026,5,5
양천구,신정동,동일하이빌1단지,115.321,1,2005,71000,0,2026,5,22
양천구,목동,삼익,58.76,4,1997,48300,0,2026,5,16
양천구,신월동,목동센트럴아이파크위브4단지,45.96,10,2020,6449,10,2026,5,22
양천구,신월동,목동센트럴아이파크위브4단지,45.96,12,2020,5369,13,2026,5,22
양천구,신정동,목동신시가지12,53.46,10,1988,34034,0,2026,5,16
양천구,신정동,목동신시가지12,71.64,4,1988,34000,65,2026,5,22
양천구,신정동,목동신시가지9,53.82,1,1987,43000,0,2026,5,22
양천구,신월동,신월2차보람쉬움,59.43,2,2005,43000,0,2026,5,22
양천구,목동,목동신시가지7,59.39,4,1986,10000,170,2026,5,19
양천구,신월동,목동센트럴아이파크위브4단지,45.96,2,2020,6642,9,2026,5,22
양천구,목동,목동신시가지5,95.27,2,1986,93000,0,2026,5,22
양천구,신정동,이펜하우스3단지,84.51,9,2011,51000,0,2026,5,22
양천구,신정동,목동신시가지9,126.53,1,1987,91000,0,2026,5,7
양천구,신월동,롯데캐슬,116.375,1,2014,85000,0,2026,5,4
양천구,신정동,목동현대3차,84.77,18,1997,10000,225,2026,5,22
양천구,신정동,목동신시가지8,54.94,16,1987,4800,150,2026,5,11
양천구,신월동,목동센트럴아이파크위브4단지,45.96,8,2020,6449,10,2026,5,22
양천구,신정동,목동힐스테이트,84.98,8,2016,70000,100,2026,5,22
양천구,목동,목동신시가지7,53.88,13,1986,40400,0,2026,5,11
양천구,목동,목동신시가지1,47.52,15,1985,40400,0,2026,5,22
양천구,신월동,목동센트럴아이파크위브3단지,50.46,2,2020,7113,11,2026,5,22
양천구,신정동,롯데캐슬,84.73,2,2004,10000,280,2026,5,11
양천구,목동,목동신시가지7,53.88,11,1986,47250,0,2026,5,12
양천구,목동,목동신시가지1,47.52,7,1985,3500,137,2026,5,15
양천구,목동,목동신시가지3,64.98,12,1986,30000,140,2026,5,13
양천구,신월동,목동센트럴아이파크위브2단지,59.88,10,2020,10000,220,2026,5,19
양천구,신월동,목동센트럴아이파크위브4단지,45.96,8,2020,4320,22,2026,5,22
양천구,목동,목동신시가지2,65.25,1,1986,60400,0,2026,5,21
양천구,신정동,목동신시가지11,51.48,3,1988,35000,0,2026,5,21
양천구,목동,목동신시가지5,65.08,8,1986,20010,171,2026,5,20
양천구,목동,목동신시가지3,95.03,2,1986,97600,0,2026,5,8
양천구,신정동,목동힐스테이트,84.98,10,2016,110000,0,2026,5,16
양천구,목동,목동금호베스트빌,83.71,1,2002,60000,0,2026,5,20
양천구,신정동,목동2차우성(1단지),32.76,3,2000,888,13,2026,5,11
양천구,신월동,목동센트럴아이파크위브4단지,45.96,14,2020,4320,22,2026,5,22
양천구,신정동,신트리2단지,39.6,1,2000,1259,16,2026,5,22
양천구,목동,목동신시가지1,47.52,5,1985,10000,130,2026,5,21
양천구,신월동,목동센트럴아이파크위브4단지,45.96,16,2020,6449,10,2026,5,21
양천구,신월동,목동센트럴아이파크위브3단지,52.85,2,2020,44100,0,2026,5,2
양천구,신정동,목동신시가지14,74.19,6,1987,49000,0,2026,5,18
양천구,신월동,목동센트럴아이파크위브1단지,34.24,6,2020,3491,17,2026,5,21
양천구,신정동,목동신시가지8,54.94,16,1987,44000,0,2026,5,16
양천구,신월동,세아쎄닛빌,84.29,9,2002,42000,0,2026,5,20
양천구,신월동,목동센트럴아이파크위브4단지,45.96,3,2020,4122,22,2026,5,18
양천구,목동,목동신시가지5,95.21,5,1986,50000,135,2026,5,19
양천구,목동,목동신시가지7,66.6,15,1986,20000,210,2026,5,21
양천구,신월동,목동센트럴아이파크위브3단지,50.46,3,2020,4765,24,2026,5,21
양천구,신정동,목동신시가지12,71.64,15,1988,55000,0,2026,5,21
양천구,신월동,목동센트럴아이파크위브3단지,50.46,2,2020,7113,11,2026,5,21
양천구,목동,목동성원초원,84.96,1,1999,68000,0,2026,5,12
양천구,신정동,대성유니드2차,84.67,2,2004,51000,0,2026,5,16
양천구,목동,목동신시가지5,65.08,5,1986,68000,0,2026,5,4
양천구,신정동,양천,39.36,7,1995,1054,13,2026,5,21
양천구,신정동,목동신시가지14,55.02,10,1987,45000,0,2026,5,21
양천구,신월동,목동센트럴아이파크위브3단지,50.46,7,2020,7113,11,2026,5,21
양천구,신정동,목동신시가지10,70.2,5,1987,60000,0,2026,5,16
양천구,신정동,목동경동미르웰,14.02,7,2017,1000,65,2026,5,2
양천구,신월동,목동센트럴아이파크위브3단지,45.96,14,2020,4349,22,2026,5,21
양천구,신정동,목동힐스테이트,59.95,13,2016,80000,0,2026,5,16
양천구,신정동,주안펌니스아파트,89.44,8,2002,36750,0,2026,5,18
양천구,신정동,목동신시가지9,106.93,7,1987,87000,0,2026,5,14
양천구,신정동,목동신시가지8,105.35,15,1987,70000,150,2026,5,14
양천구,신정동,양천,33.62,8,1995,2125,5,2026,5,18
양천구,목동,목동롯데캐슬마에스트로,59.9846,10,2019,72000,0,2026,5,20
양천구,신월동,상아아름,98.31,10,2005,20000,65,2026,5,20
양천구,신월동,목동센트럴아이파크위브2단지,84.98,23,2020,68000,0,2026,5,17
양천구,목동,목동신시가지7,101.2,5,1986,75000,160,2026,5,20
양천구,신정동,신트리2단지,32.76,11,2000,2440,5,2026,5,18
양천구,신정동,양천,39.2,5,1995,1049,13,2026,5,20
양천구,신정동,목동신시가지12,71.64,2,1988,48000,0,2026,5,16
양천구,신정동,양천,33.62,13,1995,2125,5,2026,5,18
양천구,신월동,목동센트럴아이파크위브2단지,59.97,11,2020,50000,70,2026,5,20
양천구,신정동,목동신시가지12,56.76,1,1988,44000,0,2026,5,11
양천구,목동,목동롯데캐슬마에스트로,84.9779,11,2019,60000,80,2026,5,20
양천구,목동,목동신시가지1,66,3,1985,63000,0,2026,5,16
양천구,신월동,목동센트럴아이파크위브3단지,50.46,6,2020,5630,17,2026,5,20
양천구,목동,목동신시가지5,95.22,2,1986,45000,200,2026,5,20
양천구,목동,목동트윈빌,158.4,8,2000,115500,0,2026,5,15
양천구,신정동,래미안목동아델리체(101동~118동),84.72,7,2021,89250,0,2026,5,19
양천구,목동,롯데캐슬위너,59.98,5,2005,61950,0,2026,5,19
양천구,목동,목동롯데캐슬마에스트로,59.9846,4,2019,25000,135,2026,5,18
양천구,신월동,신도신월1차,84.85,6,2004,50300,0,2026,5,19
양천구,신정동,학마을1단지,49.99,1,2000,25000,0,2026,5,19
양천구,신정동,신트리2단지,32.76,6,2000,1040,13,2026,5,19
양천구,신정동,푸른마을1단지,39.08,9,2001,1371,21,2026,5,19
양천구,신정동,목동신시가지12,71.64,3,1988,63000,0,2026,5,16
양천구,신정동,푸른마을1단지,39.08,1,2001,1371,21,2026,5,19
양천구,신정동,양천,33.62,14,1995,2125,5,2026,5,18
양천구,신정동,목동신시가지13,98.63,4,1987,78000,0,2026,5,16
양천구,목동,목동신시가지3,82.43,1,1986,50000,120,2026,5,16
양천구,신정동,학마을2,39.95,10,2000,1517,23,2026,5,19
양천구,신정동,양천,33.62,5,1995,900,11,2026,5,19
양천구,신월동,대림(주상복합),84.78,10,1998,32200,0,2026,5,14
양천구,신정동,목동신시가지12,56.76,5,1988,24000,0,2026,5,19
양천구,신정동,제이월드,75.0676,6,2001,30000,65,2026,5,18
양천구,신정동,학마을2,49.99,9,2000,1820,26,2026,5,19
양천구,신정동,목동신시가지11,51.48,7,1988,40900,0,2026,5,18
양천구,신정동,신정6현대,114.8,5,2000,65000,0,2026,5,5
양천구,신정동,목동삼성쉐르빌Ⅱ,103.08,19,2004,120000,0,2026,5,6
양천구,신정동,목동신시가지10,106.06,5,1987,15000,260,2026,5,15
양천구,신정동,목동신시가지14,55.02,11,1987,10000,135,2026,5,19
양천구,신정동,양천,33.62,2,1995,900,11,2026,5,19
양천구,신정동,목동신시가지11,51.48,7,1988,40900,0,2026,5,18
양천구,목동,목동청구한신아파트,84.77,2,1997,93000,0,2026,5,16
양천구,신정동,목동신시가지11,51.48,8,1988,25000,60,2026,5,16
양천구,신정동,래미안목동아델리체(101동~118동),84.72,25,2021,100000,0,2026,5,18
양천구,신정동,신트리2단지,39.6,14,2000,1259,16,2026,5,19
양천구,신정동,래미안목동아델리체(101동~118동),84.9,4,2021,87150,0,2026,5,18
양천구,신정동,양천,39.36,2,1995,1054,13,2026,5,19
양천구,목동,목동신시가지2,65.25,9,1986,63000,0,2026,5,13
양천구,신정동,양천,39.2,1,1995,1049,13,2026,5,18
양천구,신정동,푸른마을1단지,39.08,7,2001,1371,21,2026,5,19
양천구,신정동,신트리2단지,39.6,3,2000,1259,16,2026,5,18
양천구,신정동,신트리2단지,39.6,4,2000,2955,6,2026,5,18
양천구,신정동,양천,39.36,11,1995,1054,13,2026,5,18
양천구,신정동,아이파크,84.74,1,2002,57500,190,2026,5,8
양천구,신정동,목동2차우성(1단지),32.76,15,2000,355,14,2026,5,11
양천구,목동,건영,84.27,3,1994,8000,160,2026,5,15
양천구,신정동,현대,84.84,19,1995,63000,0,2026,5,15
양천구,목동,목동성원초원,84.96,9,1999,67000,0,2026,5,16
양천구,신월동,목동센트럴아이파크위브4단지,84.98,1,2020,57750,0,2026,5,16
양천구,신정동,학마을2,39.95,2,2000,606,25,2026,5,18
양천구,신정동,신트리4,49.8,13,2000,37000,0,2026,5,15
양천구,신정동,양천,33.62,8,1995,900,11,2026,5,18
양천구,신정동,목동신시가지14,108.28,7,1987,75600,60,2026,5,16
양천구,신정동,목동신시가지9,106.93,12,1987,89000,0,2026,5,6
양천구,신정동,대림아크로빌,113.1,16,2003,75000,0,2026,5,16
양천구,신월동,엘림(986-13),65.52,7,2010,25000,0,2026,5,18
양천구,목동,금호아파트(768),59.67,3,1995,38000,30,2026,5,3
양천구,신정동,양천,33.62,11,1995,900,11,2026,5,18
양천구,신정동,동일하이빌1단지,84.955,2,2005,63000,0,2026,5,18
양천구,목동,목동신시가지2,95.22,3,1986,91000,0,2026,5,18
양천구,신정동,푸른마을1단지,39.08,6,2001,1371,21,2026,5,18
양천구,신월동,청솔,83.37,7,2001,20000,90,2026,5,17
양천구,신정동,목동신시가지12,71.64,9,1988,49770,0,2026,5,16
양천구,신정동,양천,39.36,13,1995,1054,13,2026,5,18
양천구,신정동,신트리2단지,32.76,3,2000,2440,5,2026,5,18
양천구,신월동,신월시영,50.67,1,1988,4000,70,2026,5,6
양천구,신정동,양천,39.36,12,1995,1054,13,2026,5,18
양천구,신정동,학마을2,39.95,2,2000,1517,23,2026,5,18
양천구,목동,목동신시가지3,95.16,1,1986,92000,0,2026,5,12
양천구,신정동,양천,33.62,10,1995,900,11,2026,5,18
양천구,신정동,푸른마을1단지,39.08,1,2001,1371,21,2026,5,18
양천구,신정동,목동신시가지13,70.73,12,1987,10000,210,2026,5,18
양천구,신정동,목동신시가지14,84.87,2,1987,10000,175,2026,5,18
양천구,신정동,신정숲속마을,49.99,6,2016,17797,0,2026,5,18
양천구,신정동,푸른마을1단지,49.16,2,2001,1658,24,2026,5,18
양천구,신월동,목동센트럴아이파크위브1단지,59.68,16,2020,54600,0,2026,5,18
양천구,신정동,중앙하이츠목동펠리시티,65.16,6,2021,68000,20,2026,5,15
양천구,신월동,수명,67.52,4,1998,21500,0,2026,5,12
양천구,신정동,양천,33.62,2,1995,900,11,2026,5,18
양천구,신정동,푸른마을1단지,49.16,1,2001,1658,24,2026,5,18
양천구,신정동,학마을2,39.95,3,2000,1517,23,2026,5,18
양천구,신월동,목동센트럴아이파크위브4단지,101.47,13,2020,68000,50,2026,5,15
양천구,신월동,목동센트럴아이파크위브3단지,84.98,2,2020,75000,0,2026,5,18
양천구,신정동,신트리2단지,39.6,15,2000,1259,16,2026,5,18
양천구,신정동,대림,84.89,13,1992,54000,15,2026,5,15
양천구,목동,목동신시가지5,65.08,8,1986,68000,0,2026,5,2
양천구,신월동,목동센트럴아이파크위브2단지,84.96,14,2020,35000,133,2026,5,16
양천구,신정동,푸른마을1단지,49.16,3,2001,1658,24,2026,5,18
양천구,신정동,양천,33.62,8,1995,900,11,2026,5,18
양천구,신정동,목동신시가지13,53.9,5,1987,44000,0,2026,5,1
양천구,목동,목동신시가지7,53.88,10,1986,48000,0,2026,5,16
양천구,신정동,양천,33.62,8,1995,900,11,2026,5,18
양천구,신정동,학마을2,39.95,1,2000,1517,23,2026,5,18
양천구,신월동,목동센트럴아이파크위브2단지,59.68,12,2020,40000,75,2026,5,18
양천구,신정동,양천,33.62,6,1995,900,11,2026,5,18
양천구,목동,부영3,89.61,13,2000,89300,0,2026,5,15
양천구,신정동,양천,33.62,11,1995,900,11,2026,5,18
양천구,신정동,목동파크자이(101동~108동),84.977,11,2019,95000,0,2026,5,15
양천구,신월동,신월시영,59.49,9,1988,5000,90,2026,5,7
양천구,신정동,신트리2단지,32.76,3,2000,1040,13,2026,5,18
양천구,목동,목동신시가지7,53.88,7,1986,48000,0,2026,5,15
양천구,목동,수산팰리스,84.81,4,2005,45000,20,2026,5,14
양천구,신정동,신트리2단지,32.76,1,2000,1040,13,2026,5,18
양천구,목동,목동신시가지1,65.34,1,1985,10000,200,2026,5,13
양천구,신정동,신트리2단지,39.6,6,2000,1259,16,2026,5,18
양천구,목동,목동신시가지7,101.2,13,1986,20000,330,2026,5,1
양천구,목동,목동신시가지6,47.94,10,1986,38800,0,2026,5,16
양천구,신정동,신트리2단지,32.76,11,2000,1040,13,2026,5,18
양천구,신정동,양천,39.2,2,1995,1049,13,2026,5,18
양천구,신월동,목동센트럴아이파크위브2단지,84.98,7,2020,59800,0,2026,5,16
양천구,신정동,양천,33.62,14,1995,900,11,2026,5,18
양천구,신정동,신트리2단지,39.6,4,2000,1259,16,2026,5,18
양천구,신정동,현대,84.84,19,1995,64000,0,2026,5,15
양천구,신월동,목동센트럴아이파크위브2단지,59.97,8,2020,55600,0,2026,5,16
양천구,신월동,목동센트럴아이파크위브3단지,84.98,9,2020,40000,140,2026,5,16
양천구,신정동,목동신시가지11,51.48,9,1988,36500,0,2026,5,14
양천구,목동,목동신시가지1,51.48,11,1985,50000,0,2026,5,15
양천구,목동,현대I-PARK,82.81,1,2003,79000,0,2026,5,16
양천구,신정동,신트리3,84.8,7,2000,61000,0,2026,5,16
양천구,신정동,양천,33.62,13,1995,900,11,2026,5,18
양천구,신정동,양천,39.36,5,1995,1054,13,2026,5,18
양천구,신정동,목동신시가지14,108.28,13,1987,82500,0,2026,5,16
양천구,신정동,목동신시가지8,54.94,10,1987,10000,160,2026,5,16
양천구,목동,목동신시가지3,64.98,7,1986,50000,0,2026,5,16
양천구,신정동,목동신시가지14,55.02,14,1987,48000,0,2026,5,16
양천구,목동,금호1,84.96,22,1997,85000,15,2026,5,16
양천구,목동,목동신시가지2,65.82,3,1986,6000,220,2026,5,13
양천구,목동,목동신시가지5,81.64,1,1986,30000,174,2026,5,14
양천구,신정동,목동신시가지10,106.06,1,1987,78470,0,2026,5,7
양천구,목동,목동신시가지6,47.94,17,1986,48300,0,2026,5,14
양천구,신월동,목동센트럴아이파크위브3단지,50.46,16,2020,7113,11,2026,5,13
양천구,신월동,장수마을2단지동원데쟈뷰,59.71,3,2007,24774,0,2026,5,15
양천구,신정동,목동신시가지11,66.24,13,1988,53000,0,2026,5,14
양천구,목동,목4현대,84.99,11,1997,63000,0,2026,5,15
양천구,신월동,목동센트럴아이파크위브4단지,45.96,10,2020,4320,22,2026,5,15
양천구,목동,목동청구한신아파트,84.76,13,1997,85000,0,2026,5,15
양천구,신정동,목동신시가지13,53.9,12,1987,3000,120,2026,5,15
양천구,신월동,신월시영,50.67,7,1988,23000,0,2026,5,15
양천구,목동,목동신시가지7,53.88,11,1986,50000,40,2026,5,15
양천구,신월동,목동센트럴아이파크위브2단지,84.98,1,2020,68000,0,2026,5,15
양천구,신월동,대주파크빌,59.98,14,2004,10000,120,2026,5,8
양천구,신정동,목동파크자이(101동~108동),84.977,7,2019,50000,180,2026,5,15
양천구,신정동,아이파크,84.88,19,2002,109000,0,2026,5,15
양천구,신월동,롯데캐슬(1057-1),59.72,10,2010,35000,60,2026,5,15
양천구,신월동,신월시영,50.67,12,1988,5000,75,2026,5,4
양천구,신정동,신트리1,49.8,7,1999,39000,0,2026,5,15
양천구,신정동,이펜하우스3단지,59.88,15,2011,16751,0,2026,5,15
양천구,신정동,대성유니드1차,59.87,12,2004,36750,0,2026,5,15
양천구,신정동,목동신시가지13,70.73,11,1987,57750,0,2026,5,15
양천구,신정동,이펜하우스3단지,49.52,3,2011,7889,15,2026,5,15
양천구,목동,목동신시가지7,59.39,1,1986,65000,0,2026,5,15
양천구,신정동,목동신시가지10,53.82,14,1987,33900,0,2026,5,15
양천구,신정동,목동신시가지14,55.02,1,1987,40000,0,2026,5,9
양천구,신월동,목동센트럴아이파크위브2단지,59.88,4,2020,55000,0,2026,5,13
양천구,신정동,아이파크,84.88,2,2002,110000,0,2026,5,3
양천구,신정동,MJ스위츠,49.92,5,2020,3000,126,2026,5,11
양천구,목동,목동현대아파트(931),32.76,2,1997,3131,12,2026,5,15
양천구,목동,하이페리온2,155.586,10,2006,70000,422,2026,5,14
양천구,신정동,이펜하우스3단지,49.92,4,2011,10271,1,2026,5,14
양천구,목동,목동청구한신아파트,84.76,12,1997,50000,160,2026,5,14
양천구,신월동,목동센트럴아이파크위브3단지,50.46,13,2020,7113,11,2026,5,14
양천구,신월동,목동센트럴아이파크위브1단지,34.24,1,2020,3491,17,2026,5,14
양천구,신정동,이펜하우스3단지,49.52,8,2011,4316,35,2026,5,14
양천구,신정동,아이파크,114.756,15,2002,135000,0,2026,5,12
양천구,신정동,목동신시가지12,71.64,2,1988,58000,0,2026,5,13
양천구,목동,현대I-PARK,100.45,4,2003,60000,105,2026,5,11
양천구,신월동,목동센트럴아이파크위브3단지,50.46,6,2020,4765,24,2026,5,14
양천구,신정동,이펜하우스4단지,84.95,6,2011,30576,0,2026,5,14
양천구,목동,대원칸타빌2,83.72,7,2003,25000,225,2026,5,14
양천구,신정동,목동신시가지11,51.48,14,1988,26835,0,2026,5,14
양천구,신월동,길훈,42.57,1,1987,1000,68,2026,5,13
양천구,신정동,이펜하우스3단지,59.94,10,2011,8942,16,2026,5,14
양천구,신정동,목동신시가지14,108.28,2,1987,80000,0,2026,5,13
양천구,신정동,목동신시가지12,71.64,5,1988,55000,0,2026,5,7
양천구,신정동,목동신시가지14,108.28,14,1987,60000,110,2026,5,13
양천구,신정동,이펜하우스4단지,84.95,9,2011,30576,0,2026,5,14
양천구,신정동,이펜하우스3단지,59.93,14,2011,8517,15,2026,5,13
양천구,목동,목동신시가지3,95.74,5,1986,93000,0,2026,5,14
양천구,신정동,이펜하우스3단지,49.78,1,2011,10271,1,2026,5,13
양천구,목동,수산팰리스,84.81,7,2005,45000,20,2026,5,14
양천구,신정동,이펜하우스1단지,49.92,3,2011,6926,12,2026,5,12
양천구,신정동,이든채(101동~104동),39.48,6,2019,9624,26,2026,5,13
양천구,목동,목동신시가지5,65.08,9,1986,20000,190,2026,5,8
양천구,신정동,목동신시가지8,105.35,7,1987,100000,0,2026,5,8
양천구,신월동,서울가든,81,7,1985,8000,65,2026,5,13
양천구,신정동,신정6현대,59.4,11,2000,40000,0,2026,5,13
양천구,신월동,목동센트럴아이파크위브3단지,59.88,2,2020,60000,0,2026,5,12
양천구,신정동,목동신시가지13,99.26,4,1987,80000,0,2026,5,9
양천구,신정동,목동신시가지11,51.48,8,1988,18743,32,2026,5,7
양천구,신정동,이펜하우스1단지,59.93,4,2011,8054,13,2026,5,13
양천구,신정동,이펜하우스3단지,84.86,10,2011,30576,0,2026,5,13
양천구,목동,목동신시가지5,122.46,3,1986,120000,0,2026,5,13
양천구,신정동,이펜하우스1단지,59.93,10,2011,4532,33,2026,5,13
양천구,신월동,목동센트럴아이파크위브4단지,50.46,12,2020,7063,11,2026,5,13
양천구,신정동,경남아너스빌,84.98,17,2004,88500,0,2026,5,11
양천구,신정동,이펜하우스3단지,59.9,2,2011,6204,31,2026,5,13
양천구,신월동,신안파크,60.2,1,1987,15500,0,2026,5,13
양천구,신정동,신정6현대,114.8,19,2000,68000,0,2026,5,8
양천구,신월동,수명산롯데캐슬,84.96,7,2008,35148,0,2026,5,13
양천구,신월동,목동센트럴아이파크위브4단지,45.96,12,2020,4320,22,2026,5,13
양천구,신월동,목동센트럴아이파크위브4단지,45.96,10,2020,4320,22,2026,5,13
양천구,신정동,이펜하우스3단지,59.94,2,2011,2107,44,2026,5,13
양천구,신정동,이펜하우스3단지,84.86,9,2011,30180,0,2026,5,13
양천구,신정동,이펜하우스3단지,84.68,11,2011,30180,0,2026,5,13
양천구,신월동,목동센트럴아이파크위브3단지,45.96,11,2020,6492,10,2026,5,13
양천구,신월동,목동센트럴아이파크위브3단지,50.46,12,2020,7113,11,2026,5,13
양천구,신정동,목동신시가지14,129.33,12,1987,102000,0,2026,5,13
양천구,신정동,이펜하우스3단지,49.63,3,2011,5793,26,2026,5,13
양천구,신정동,이펜하우스3단지,84.68,7,2011,30576,0,2026,5,13
양천구,신정동,이펜하우스1단지,49.92,3,2011,6809,12,2026,5,12
양천구,목동,금호어울림,84.93,3,2004,66150,0,2026,5,13
양천구,신정동,목동신시가지9,71.37,12,1987,65000,0,2026,5,12
양천구,신월동,목동센트럴아이파크위브4단지,45.96,6,2020,6449,10,2026,5,12
양천구,신월동,목동센트럴아이파크위브4단지,45.96,7,2020,6449,10,2026,5,12
양천구,신월동,롯데캐슬,84.966,12,2014,62000,0,2026,5,8
양천구,신정동,이펜하우스3단지,84.86,14,2011,30180,0,2026,5,13
양천구,신정동,이펜하우스1단지,84.86,5,2011,30180,0,2026,5,12
양천구,신월동,목동센트럴아이파크위브3단지,84.98,1,2020,42000,58,2026,5,8
양천구,목동,목동신시가지1,99.15,2,1985,80000,0,2026,5,9
양천구,신월동,목동센트럴아이파크위브4단지,59.68,12,2020,24000,140,2026,5,8
양천구,신월동,목동센트럴아이파크위브3단지,50.46,5,2020,7113,11,2026,5,13
양천구,신정동,이펜하우스3단지,84.86,4,2011,30576,0,2026,5,13
양천구,신월동,목동센트럴아이파크위브4단지,45.96,12,2020,4320,22,2026,5,13
양천구,신정동,이펜하우스4단지,84.96,3,2011,30576,0,2026,5,12
양천구,신정동,목동신시가지10,127.21,3,1987,95000,0,2026,5,12
양천구,신정동,이펜하우스2단지,84.51,6,2011,30429,0,2026,5,12
양천구,신월동,목동센트럴아이파크위브4단지,45.96,2,2020,2320,26,2026,5,13
양천구,목동,목동신시가지3,95.74,2,1986,89250,0,2026,5,11
양천구,신월동,목동센트럴아이파크위브2단지,84.97,11,2020,61900,0,2026,5,12
양천구,신정동,이펜하우스4단지,84.95,11,2011,30429,0,2026,5,12
양천구,신월동,목동센트럴아이파크위브4단지,45.96,7,2020,4320,22,2026,5,13
양천구,신월동,목동센트럴아이파크위브2단지,84.97,20,2020,56700,0,2026,5,8
양천구,신정동,목동2차우성(1단지),32.76,14,2000,888,13,2026,5,12
양천구,신월동,목동센트럴아이파크위브3단지,50.46,9,2020,4765,24,2026,5,12
양천구,신정동,목동2차우성(1단지),32.76,7,2000,888,13,2026,5,12
양천구,신정동,목동우성2,84.96,5,2000,48000,0,2026,5,9
양천구,신월동,양천홈타운1차,40.15,6,2019,22000,0,2026,5,11
양천구,신월동,삼구,83.85,2,1996,45000,0,2026,5,8
양천구,신정동,롯데캐슬,84.73,1,2004,20000,170,2026,5,11
양천구,신정동,이펜하우스2단지,49.92,3,2011,10209,6,2026,5,12
양천구,신정동,호반써밋목동,59.9488,2,2022,8148,12,2026,5,12
양천구,신정동,목동우성3,59.69,4,1999,48000,0,2026,5,1
양천구,신월동,목동센트럴아이파크위브2단지,84.97,5,2020,72000,0,2026,5,10
양천구,신정동,이펜하우스1단지,84.86,9,2011,30180,0,2026,5,12
양천구,신정동,호반써밋목동,49.7548,13,2022,5358,25,2026,5,12
양천구,목동,목동신시가지6,115.19,4,1986,124000,0,2026,5,9
양천구,신정동,목동신시가지13,122.3,4,1987,94000,0,2026,5,2
양천구,신정동,목동2차우성(1단지),32.76,12,2000,888,13,2026,5,12
양천구,신정동,이펜하우스2단지,59.88,5,2011,9468,16,2026,5,11
양천구,신정동,목동신시가지14,108.28,5,1987,140000,0,2026,5,12
양천구,신정동,이펜하우스2단지,59.88,3,2011,9468,16,2026,5,11
양천구,신정동,목동신시가지9,106.93,7,1987,101850,0,2026,5,9
양천구,목동,롯데캐슬위너,84.97,14,2005,75600,0,2026,5,11
양천구,신월동,목동센트럴아이파크위브4단지,45.96,15,2020,4320,22,2026,5,12
양천구,신월동,목동센트럴아이파크위브1단지,34.24,3,2020,3491,17,2026,5,12
양천구,신월동,목동센트럴아이파크위브3단지,45.96,13,2020,4349,22,2026,5,12
양천구,신정동,목동신시가지8,54.94,4,1987,26000,80,2026,5,1
양천구,신월동,목동센트럴아이파크위브4단지,45.96,14,2020,6555,9,2026,5,12
양천구,신월동,목동센트럴아이파크위브4단지,45.96,7,2020,4320,22,2026,5,12
양천구,목동,목동신시가지3,64.98,15,1986,20000,180,2026,5,7
양천구,목동,목동현대아파트(931),32.76,6,1997,1041,12,2026,5,11
양천구,신월동,신안파크,47.6,3,1987,16000,0,2026,5,9
양천구,신정동,목동신시가지11,66.24,7,1988,44000,0,2026,5,11
양천구,목동,목동신시가지1,66,12,1985,63000,0,2026,5,11
양천구,신정동,목동2차우성(1단지),32.76,14,2000,888,13,2026,5,11
양천구,신월동,신월시영,50.67,3,1988,2000,70,2026,5,11
양천구,목동,목동현대아파트(931),32.76,6,1997,1041,12,2026,5,11
양천구,신정동,호반써밋목동,84.9224,13,2022,83000,0,2026,5,11
양천구,신월동,덕현해밀(101동),84.98,4,2013,40000,0,2026,5,4
양천구,신월동,은성마을승윤노블리안,84.5714,3,2013,49000,0,2026,5,9
양천구,신월동,목동센트럴아이파크위브2단지,84.97,22,2020,64000,0,2026,5,10
양천구,신월동,목동센트럴아이파크위브2단지,59.68,4,2020,52000,10,2026,5,9
양천구,신정동,목동신시가지11,51.48,2,1988,31000,0,2026,5,10
양천구,신정동,목동2차우성(1단지),32.76,7,2000,888,13,2026,5,11
양천구,신월동,목동센트럴아이파크위브4단지,101.47,2,2020,81000,0,2026,5,9
양천구,신정동,호반써밋목동,59.9182,5,2022,62000,0,2026,5,11
양천구,목동,상진지오벨리,84.8,7,2004,43000,0,2026,5,8
양천구,신정동,목동삼성,84.77,3,1996,65500,0,2026,5,11
양천구,목동,목동현대아파트(931),32.76,1,1997,1041,12,2026,5,11
양천구,신월동,태진,72.42,14,1998,33000,0,2026,5,11
양천구,신정동,학마을1단지,49.99,9,2000,34000,0,2026,5,3
양천구,신월동,롯데캐슬,84.966,16,2014,20000,170,2026,5,9
양천구,신정동,목동2차우성(1단지),32.76,15,2000,888,13,2026,5,11
양천구,목동,목동신시가지6,47.94,2,1986,43000,0,2026,5,9
양천구,신정동,이펜하우스2단지,59.94,1,2011,3257,45,2026,5,9
양천구,신정동,목동2차우성(1단지),32.76,8,2000,888,13,2026,5,11
양천구,신정동,목동2차우성(1단지),32.76,2,2000,888,13,2026,5,11
양천구,신정동,목동신시가지14,74.19,12,1987,55000,0,2026,5,8
양천구,목동,목동신시가지5,81.64,1,1986,75000,0,2026,5,10
양천구,목동,목동센트럴푸르지오,84.9914,3,2015,68250,0,2026,5,9
양천구,목동,삼익,59.87,3,1997,49800,0,2026,5,9
양천구,신월동,목동센트럴아이파크위브1단지,84.98,8,2020,60900,0,2026,5,7
양천구,목동,목동신시가지2,95.67,11,1986,85000,0,2026,5,8
양천구,목동,목동신시가지7,53.88,15,1986,54000,0,2026,5,7
양천구,신정동,목동신시가지14,55.02,8,1987,39900,0,2026,5,8
양천구,신정동,신정현대5,102.79,5,1999,65000,0,2026,5,8
양천구,목동,목동현대1,84.9,2,1997,99700,0,2026,5,1
양천구,신정동,팰리스필,80.11,7,2002,40500,0,2026,5,8
양천구,신정동,목동신시가지14,71.37,5,1987,59000,0,2026,5,7
양천구,신정동,이펜하우스2단지,59.94,2,2011,7821,28,2026,5,8
양천구,목동,목동두산위브,112.209,3,2005,84000,0,2026,5,3
양천구,신정동,이든채(101동~104동),39.62,6,2019,3996,25,2026,5,8
양천구,신정동,목동신시가지9,71.37,15,1987,59500,0,2026,5,7
양천구,신월동,신월시영,50.67,6,1988,25000,0,2026,5,8
양천구,신정동,목동신시가지9,71.37,5,1987,62000,0,2026,5,7
양천구,목동,목동신시가지5,65.08,3,1986,59800,0,2026,5,8
양천구,신월동,목동센트럴아이파크위브2단지,59.88,5,2020,50000,50,2026,5,7
양천구,목동,목동이-편한세상,134.77,8,2006,60000,160,2026,5,6
양천구,신월동,목동센트럴아이파크위브2단지,34.24,3,2020,9382,31,2026,5,7
양천구,목동,목동신시가지7,66.6,4,1986,60000,40,2026,5,7
양천구,신정동,이펜하우스2단지,49.92,4,2011,11033,1,2026,5,7
양천구,신정동,목동신시가지11,51.48,2,1988,38500,0,2026,5,6
양천구,신정동,호반써밋목동,39.9445,9,2022,11188,42,2026,5,7
양천구,신정동,신트리1,59.73,4,1999,41500,0,2026,5,7
양천구,신정동,호반써밋목동,49.7548,6,2022,8049,10,2026,5,7
양천구,신정동,호반써밋목동,49.7548,5,2022,8049,10,2026,5,7
양천구,신정동,현대,84.84,18,1995,70000,0,2026,5,8
양천구,신월동,롯데캐슬(1057-0),59.88,10,2010,42000,10,2026,5,1
양천구,신정동,목동신시가지13,70.73,13,1987,20000,160,2026,5,7
양천구,신정동,쌍용,84.65,12,1992,68000,0,2026,5,8
양천구,신정동,아이파크,84.74,10,2002,102900,0,2026,5,7
양천구,신월동,신정두산위브,31.93,7,2012,2265,14,2026,5,7
양천구,신정동,유원목동,75.3,5,1990,56000,0,2026,5,6
양천구,신월동,롯데캐슬,84.966,6,2014,59500,0,2026,5,7
양천구,신정동,목동신시가지11,66.24,9,1988,39900,0,2026,5,2
양천구,신정동,래미안목동아델리체(101동~118동),84.94,18,2021,20000,280,2026,5,7
양천구,신정동,호반써밋목동,49.7548,12,2022,7827,11,2026,5,7
양천구,목동,목동청구한신아파트,84.77,2,1997,50000,160,2026,5,6
양천구,목동,목동센트럴푸르지오,57.9649,2,2015,42107,0,2026,5,7
양천구,신정동,경남아너스빌,96.17,14,2004,105000,0,2026,5,6
양천구,목동,목동센트럴푸르지오,57.8803,4,2015,42831,0,2026,5,7
양천구,목동,극동늘푸른,84.21,4,1998,73000,0,2026,5,4
양천구,신정동,호반써밋목동,49.7548,10,2022,8049,10,2026,5,7
양천구,신정동,이펜하우스3단지,84.86,10,2011,50000,0,2026,5,4
양천구,신월동,목동센트럴아이파크위브2단지,84.97,13,2020,71000,0,2026,5,7
양천구,신월동,동원데자뷰,71.0856,7,2012,37500,0,2026,5,4
양천구,신정동,호반써밋목동,39.9445,10,2022,14144,38,2026,5,7
양천구,목동,목동대림,84.82,18,1994,70000,55,2026,5,7
양천구,목동,목동신시가지1,65.34,7,1985,30000,160,2026,5,7
양천구,신정동,호반써밋목동,39.9445,7,2022,6470,8,2026,5,7
양천구,신정동,이든채(101동~104동),39.48,5,2019,5347,29,2026,5,7
양천구,신정동,목동신시가지13,151.76,2,1987,100000,0,2026,5,7
양천구,신정동,호반써밋목동,39.9445,1,2022,12728,34,2026,5,7
양천구,신정동,호반써밋목동,39.9445,3,2022,13620,41,2026,5,7
양천구,목동,목동신시가지6,47.94,17,1986,43050,0,2026,5,7
양천구,신정동,호반써밋목동,39.9445,1,2022,14230,38,2026,5,7
양천구,목동,목동신시가지1,154.44,1,1985,130000,0,2026,5,1
양천구,신정동,목동파크자이(101동~108동),84.993,6,2019,90000,0,2026,5,6
양천구,신정동,호반써밋목동,39.9445,4,2022,12432,47,2026,5,7
양천구,신정동,이든채(101동~104동),44.28,7,2019,7756,29,2026,5,6
양천구,신월동,신월2차보람쉬움,59.43,1,2005,37000,0,2026,5,1
양천구,신정동,신정현대5,102.79,4,1999,35000,101,2026,5,2
양천구,신정동,호반써밋목동,39.9445,5,2022,17873,52,2026,5,6
양천구,신정동,호반써밋목동,59.9182,3,2022,57000,0,2026,5,7
양천구,신정동,목동신시가지8,71.77,2,1987,60000,20,2026,5,6
양천구,목동,목동신시가지7,53.88,6,1986,50000,0,2026,5,6
양천구,목동,목동신시가지2,122.31,4,1986,106000,0,2026,5,6
양천구,신월동,목동센트럴아이파크위브1단지,59.68,1,2020,45000,0,2026,5,6
양천구,신정동,목동경동미르웰,14.02,15,2017,3000,55,2026,5,5
양천구,신정동,선영에비앙,20.9,13,2019,2000,86,2026,5,1
양천구,신정동,목동신시가지9,71.37,13,1987,68600,0,2026,5,1
양천구,목동,목동신시가지1,65.34,10,1985,60300,0,2026,5,3
양천구,신월동,신월시영,50.67,3,1988,20000,0,2026,5,6
양천구,신월동,목동센트럴아이파크위브4단지,52.85,2,2020,49000,0,2026,5,6
양천구,신월동,목동센트럴아이파크위브4단지,52.85,10,2020,25000,110,2026,5,5
양천구,신월동,목동센트럴아이파크위브4단지,45.96,12,2020,4320,22,2026,5,6
양천구,신정동,목동현대3차,84.77,9,1997,20000,147,2026,5,1
양천구,신정동,신트리4,49.5,6,2000,32000,0,2026,5,2
양천구,신월동,목동센트럴아이파크위브4단지,34.24,9,2020,9382,31,2026,5,6
양천구,목동,목동신시가지3,95.03,5,1986,30000,280,2026,5,6
양천구,신월동,우영아파트,84.93,4,2008,37000,0,2026,5,6
양천구,신정동,중앙하이츠,104.62,5,2010,20000,200,2026,5,2
양천구,신정동,신트리4,49.08,15,2000,33000,0,2026,5,2
양천구,목동,목동가든스위트,144.16,14,1999,108000,0,2026,5,4
양천구,신정동,목동우성2,84.96,8,2000,55000,0,2026,5,2
양천구,신정동,목동신시가지14,71.4,13,1987,62000,0,2026,5,2
양천구,목동,목동신시가지7,66.6,10,1986,68000,0,2026,5,5
양천구,신정동,목동우성2,113.91,4,2000,62000,0,2026,5,1
양천구,신정동,호반써밋목동,59.9488,2,2022,8380,10,2026,5,4
양천구,신정동,이든채(101동~104동),39.48,13,2019,7624,29,2026,5,4
양천구,신정동,목동힐스테이트,59.95,3,2016,68250,0,2026,5,1
양천구,목동,목동트윈빌,112.73,15,2000,93000,0,2026,5,4
양천구,목동,롯데캐슬위너,84.99,16,2005,83000,0,2026,5,4
양천구,신정동,정은SKY빌,68.098,2,2003,37800,0,2026,5,4
양천구,목동,목동청구한신아파트,84.76,9,1997,58000,126,2026,5,2
양천구,신월동,목동센트럴아이파크위브1단지,84.98,2,2020,71000,0,2026,5,4
양천구,목동,목동신시가지5,65.08,5,1986,68000,0,2026,5,4
양천구,신정동,이펜하우스5단지,59.88,3,2011,8501,15,2026,5,4
양천구,신정동,호반써밋목동,59.9182,7,2022,64050,0,2026,5,4
양천구,신월동,목동센트럴아이파크위브4단지,84.98,13,2020,63000,0,2026,5,4
양천구,신월동,목동센트럴아이파크위브4단지,84.98,18,2020,75000,0,2026,5,2
양천구,신월동,목동센트럴아이파크위브4단지,50.46,3,2020,7063,11,2026,5,4
양천구,신월동,수명산롯데캐슬,84.96,6,2008,58000,0,2026,5,1
양천구,신정동,목동힐스테이트,59.95,3,2016,68250,0,2026,5,1
양천구,신정동,대림아크로빌,113.1,16,2003,98000,0,2026,5,2
양천구,목동,목4현대,84.99,8,1997,35000,150,2026,5,1
양천구,목동,목동신시가지4,47.25,7,1986,45000,0,2026,5,2
양천구,신정동,학마을1단지,49.98,13,2000,30450,0,2026,5,3
양천구,목동,목동신시가지6,65.1,9,1986,59000,0,2026,5,2
양천구,신월동,목동센트럴아이파크위브2단지,84.98,14,2020,70000,0,2026,5,3
양천구,목동,목동신시가지4,65.34,18,1986,63000,0,2026,5,2
양천구,목동,진도2,59.46,11,1999,67200,0,2026,5,2
양천구,신정동,목동우성2,84.96,7,2000,51450,0,2026,5,2
양천구,신정동,신트리1,49.95,8,1999,26000,30,2026,5,1
양천구,신월동,대주파크빌,59.98,6,2004,32800,0,2026,5,1
양천구,신월동,길훈,42.57,5,1987,15000,0,2026,5,2
양천구,목동,목동신시가지7,66.6,9,1986,73000,0,2026,5,2
양천구,목동,목동신시가지7,66.6,8,1986,40000,120,2026,5,1
강서구,가양동,가양6단지,39.6,10,1992,31000,0,2026,5,23
강서구,내발산동,마곡수명산파크7단지,84.68,6,2008,57500,0,2026,5,14
강서구,염창동,센터스퀘어등촌,39,19,2020,2904,94,2026,5,29
강서구,가양동,가양우성,84.85,15,1990,50000,50,2026,5,29
강서구,등촌동,태진아름,84.81,1,1995,20000,95,2026,5,4
강서구,마곡동,마곡나루경남아파트,84.29,3,1991,10000,200,2026,5,22
강서구,화곡동,강서힐스테이트,59.99,10,2015,72000,0,2026,5,25
강서구,가양동,가양도시개발9-2단지,39.6,8,1993,28000,0,2026,5,30
강서구,등촌동,태영,59.97,8,1998,5000,160,2026,5,30
강서구,화곡동,화곡푸르지오,156.876,7,2002,20000,300,2026,5,26
강서구,공항동,공항동부센트레빌,84.99,5,2009,54200,0,2026,5,19
강서구,가양동,가양2단지(성지),49.56,8,1992,33000,20,2026,5,9
강서구,마곡동,신안,59.98,1,1993,38000,0,2026,5,27
강서구,화곡동,탑건진선미,84.97,2,2005,48000,0,2026,5,26
강서구,가양동,강변,39.6,5,1992,22601,0,2026,5,23
강서구,내발산동,마곡수명산파크4단지,59.84,2,2008,10000,160,2026,5,26
강서구,화곡동,청담라인씨티,25.74,7,2018,12000,27,2026,5,14
강서구,염창동,무학,84.64,1,1999,30000,0,2026,5,26
강서구,등촌동,주공10,37.67,11,1995,12000,60,2026,5,8
강서구,마곡동,마곡우림필유아파트,84.528,11,2003,58000,0,2026,5,23
강서구,가양동,강변,39.6,7,1992,19000,35,2026,5,8
강서구,방화동,청솔,39.36,3,1994,28000,0,2026,5,16
강서구,등촌동,"등촌1,2단지주공아파트",49.94,2,1994,36000,0,2026,5,15
강서구,가양동,가양2단지(성지),34.44,5,1992,10000,60,2026,5,16
강서구,마곡동,마곡엠벨리(14단지),84.86,13,2014,75000,0,2026,5,10
강서구,마곡동,마곡엠벨리(14단지),84.86,13,2014,75000,0,2026,5,10
강서구,등촌동,대동황토방,59.94,17,2000,52000,0,2026,5,8
강서구,방화동,동성,64.65,9,1993,10000,100,2026,5,9
강서구,마곡동,마곡엠밸리11단지,84.88,12,2016,65000,45,2026,5,9
강서구,등촌동,삼성한사랑1,59.73,3,1997,37480,0,2026,5,6
강서구,가양동,가양강나루현대,59.76,4,1999,42000,0,2026,5,3
강서구,등촌동,주공10,58.14,14,1995,50000,0,2026,5,18
강서구,염창동,센터스퀘어등촌,18.24,13,2020,1248,43,2026,5,26
강서구,방화동,강서센트레빌3차(894-0),84.4,6,2009,65000,0,2026,5,15
강서구,화곡동,계명(350-33),62.33,6,2000,1000,100,2026,5,16
강서구,가양동,가양우성,84.85,6,1990,10000,190,2026,5,9
강서구,화곡동,금호,94.5,7,2002,40000,0,2026,5,23
강서구,가양동,가양6단지,58.65,7,1992,20000,80,2026,5,14
강서구,가양동,빛고을우방,84.87,6,1999,52000,25,2026,5,23
강서구,화곡동,화곡푸르지오,156.876,7,2002,20000,300,2026,5,26
강서구,가양동,가양도시개발공사8단지(임대),39.6,8,1992,2274,5,2026,5,18
강서구,가양동,가양도시개발공사8단지(임대),34.44,11,1992,297,13,2026,5,18
강서구,등촌동,주공5,58.14,9,1995,50000,0,2026,5,27
강서구,내발산동,마곡에이치밸리움,51.464,10,2023,53000,0,2026,5,30
강서구,마곡동,마곡엠밸리5단지,114.98,3,2014,96000,0,2026,5,16
강서구,방화동,방화5,39.6,3,1994,25000,0,2026,5,30
강서구,가양동,강변,49.5,9,1992,40000,0,2026,5,20
강서구,방화동,방화그린,39.76,13,1993,3000,110,2026,5,6
강서구,화곡동,디아인스(899-19),20.685,5,2019,1000,83,2026,5,22
강서구,화곡동,"우장산아이파크,이편한세상",101.65,3,2008,5000,310,2026,5,29
강서구,등촌동,아임2030등촌역,15.01,17,2020,9000,14,2026,5,8
강서구,방화동,방화그린,33.6,5,1993,2000,80,2026,5,30
강서구,마곡동,마곡보타닉경남아너스빌,59.7672,4,2005,40000,30,2026,5,26
강서구,염창동,현대2,82.74,1,1993,51000,0,2026,5,5
강서구,가양동,가양강나루현대,59.76,3,1999,30000,100,2026,5,9
강서구,화곡동,초록,49.77,2,1998,29700,0,2026,5,19
강서구,방화동,치현마을동일스위트리버,84.9829,2,2004,42000,0,2026,5,29
강서구,화곡동,"우장산아이파크,이편한세상",84.97,9,2008,37500,190,2026,5,13
강서구,등촌동,태영,59.97,3,1998,3000,150,2026,5,14
강서구,방화동,장미,39.96,14,1994,5500,120,2026,5,30
강서구,방화동,다우하임더프라임아파트,72.57,2,2023,42000,0,2026,5,31
강서구,가양동,가양2단지(성지),34.44,11,1992,20200,0,2026,5,9
강서구,화곡동,에코빌리지,98.78,3,2008,9000,54,2026,5,27
강서구,가양동,강변,34.44,8,1992,3000,100,2026,5,26
강서구,내발산동,마곡수명산파크1단지,84.82,3,2007,49000,0,2026,5,30
강서구,방화동,신동아,59.4,5,1995,30000,0,2026,5,28
강서구,등촌동,아임2030등촌역,15.17,6,2020,4600,31,2026,5,27
강서구,가양동,가양주공7단지(임대),26.37,11,1992,20000,22,2026,5,6
강서구,염창동,염창1차한화꿈에그린,59.94,11,2005,50000,80,2026,5,27
강서구,등촌동,아임2030등촌역,15.17,9,2020,7500,36,2026,5,22
강서구,등촌동,아임2030등촌역,15.17,7,2020,7500,36,2026,5,27
강서구,가양동,가양6단지,49.5,1,1992,25000,0,2026,5,1
강서구,방화동,방화동동부센트레빌(875번지),84.97,1,2003,45000,50,2026,5,26
강서구,가양동,가양6단지,39.6,3,1992,28000,0,2026,5,27
강서구,등촌동,등촌동아이파크,165.8299,3,2004,6000,335,2026,5,8
강서구,염창동,아르체움등촌,25.03,12,2025,11800,57,2026,5,30
강서구,공항동,해태,84.27,16,2000,50000,0,2026,5,9
강서구,등촌동,현대,84.62,17,1995,52000,50,2026,5,9
강서구,염창동,e편한세상염창,84.6352,2,2019,100000,0,2026,5,25
강서구,화곡동,삼도,70.84,3,1999,3000,97,2026,5,28
강서구,방화동,삼성꽃마을,84.41,11,1997,47000,0,2026,5,21
강서구,방화동,방화그린,39.76,12,1993,24000,0,2026,5,17
강서구,등촌동,계명위너스,29.97,5,2011,3000,90,2026,5,25
강서구,화곡동,한양아이클래스,13.79,6,2013,2000,36,2026,5,28
강서구,방화동,방화5,49.77,5,1994,29350,0,2026,5,30
강서구,내발산동,마곡수명산파크1단지,84.68,12,2007,65100,0,2026,5,28
강서구,화곡동,신도금잔디,84.09,1,1998,5000,150,2026,5,30
강서구,가양동,가양2단지(성지),39.6,14,1992,5000,90,2026,5,27
강서구,등촌동,등촌센트럴르씨엘,66.29,3,2026,59500,0,2026,5,1
강서구,등촌동,등촌동현대2차,59.97,15,1997,42000,0,2026,5,23
강서구,방화동,개화,101.86,6,1994,60000,0,2026,5,27
강서구,화곡동,"우장산아이파크,이편한세상",59.98,14,2008,65000,40,2026,5,26
강서구,화곡동,초록,59.34,3,1998,30000,60,2026,5,25
강서구,내발산동,마곡수명산파크1단지,39.8,5,2007,2506,22,2026,5,19
강서구,등촌동,아임2030등촌역,15.17,8,2020,7500,36,2026,5,22
강서구,화곡동,까치산(102동),93.51,2,2003,0,40,2026,5,28
강서구,등촌동,아임2030등촌역,15.17,14,2020,6200,41,2026,5,13
강서구,등촌동,"등촌7,8단지주공아파트",41.85,13,1994,32500,0,2026,5,23
강서구,내발산동,마곡수명산파크4단지,84.76,14,2008,15000,157,2026,5,25
강서구,등촌동,주공5,37.67,10,1995,38000,0,2026,5,27
강서구,마곡동,마곡엠밸리2단지,84.95,10,2014,35000,140,2026,5,30
강서구,가양동,강변,39.6,13,1992,20000,0,2026,5,20
강서구,마곡동,마곡엠벨리(14단지),84.88,13,2014,10000,260,2026,5,30
강서구,마곡동,벽산,84.97,5,1999,50000,9,2026,5,30
강서구,화곡동,세교예지안,18.07,6,2013,9500,25,2026,5,9
강서구,염창동,성원,114.12,3,2001,83000,0,2026,5,23
강서구,방화동,신안네트빌1단지,57.7467,1,2002,100,30,2026,5,26
강서구,화곡동,리치아파트103동,22.55,5,2020,20160,11,2026,5,24
강서구,염창동,강변한솔솔파크,84.97,7,2005,35000,130,2026,5,26
강서구,화곡동,"동서1,2호(381-11)",20.99,1,2003,300,28,2026,5,12
강서구,가양동,가양2단지(성지),34.44,2,1992,2000,100,2026,5,31
강서구,마곡동,마곡힐스테이트,84.98,5,2017,81500,0,2026,5,13
강서구,방화동,현대,84.99,8,1993,55000,0,2026,5,29
강서구,내발산동,천우네오젠아파트,83.32,7,2006,42000,0,2026,5,24
강서구,가양동,가양2단지(성지),34.69,5,1992,1000,85,2026,5,29
강서구,화곡동,"우장산아이파크,이편한세상",59.98,3,2008,65100,0,2026,5,29
강서구,염창동,강변힐스테이트,84.99,9,2005,68000,0,2026,5,31
강서구,염창동,센터스퀘어등촌,18.24,20,2020,2600,51,2026,5,29
강서구,등촌동,"등촌1,2단지주공아파트",41.85,7,1994,3000,105,2026,5,23
강서구,염창동,동아3,59.7,4,1999,40400,0,2026,5,30
강서구,가양동,강변,34.44,4,1992,2000,95,2026,5,27
강서구,화곡동,라인씨티,14.91,6,2014,4000,38,2026,5,13
강서구,가양동,가양2단지(성지),34.44,7,1992,2000,100,2026,5,23
강서구,염창동,강변월드메르디앙,122.1243,2,2010,83000,0,2026,5,21
강서구,가양동,강변,39.6,13,1992,3000,110,2026,5,29
강서구,등촌동,등촌동아이파크,134.8836,11,2004,83000,0,2026,5,15
강서구,화곡동,엠타워,14.118,11,2011,1000,48,2026,5,30
강서구,등촌동,주공5,37.67,6,1995,32000,0,2026,5,23
강서구,등촌동,아임2030등촌역,15.48,3,2020,10000,10,2026,5,26
강서구,가양동,가양우성,84.87,11,1990,22000,60,2026,5,19
강서구,화곡동,강서동도센트리움,14.677,2,2012,500,48,2026,5,8
강서구,등촌동,아임2030등촌역,15.01,16,2020,6200,41,2026,5,26
강서구,염창동,아네스트염창,14.94,10,2019,11000,23,2026,5,19
강서구,화곡동,강서힐스테이트,59.99,14,2015,45000,85,2026,5,12
강서구,가양동,가양도시개발9-2단지,39.6,4,1993,2000,110,2026,5,30
강서구,등촌동,부영,80.64,3,1994,8000,140,2026,5,27
강서구,등촌동,서광등촌마을아파트,59.96,8,1999,6000,155,2026,5,1
강서구,등촌동,주공5,37.67,5,1995,33000,0,2026,5,30
강서구,등촌동,아임2030등촌역,15.17,6,2020,4600,31,2026,5,19
강서구,가양동,대림경동아파트,131.4,5,1993,15000,230,2026,5,28
강서구,등촌동,등촌라인(조합),59.91,17,1997,51000,0,2026,5,23
강서구,등촌동,마곡루나플라체,21.79,2,2021,5000,85,2026,5,22
강서구,등촌동,주공5,58.14,10,1995,10000,100,2026,5,25
강서구,염창동,현대3,83.71,2,1996,50400,0,2026,5,22
강서구,마곡동,마곡엠밸리6단지,49.79,7,2014,9396,17,2026,5,26
강서구,마곡동,마곡엠밸리8단지,84.74,7,2016,40000,150,2026,5,13
강서구,마곡동,마곡엠밸리5단지,114.86,4,2014,80000,80,2026,5,15
강서구,화곡동,강서힐스테이트,59.99,16,2015,55000,40,2026,5,15
강서구,방화동,방화5,33.18,5,1994,17200,0,2026,5,18
강서구,방화동,신마곡벽산블루밍,59.9205,8,2020,20630,27,2026,5,6
강서구,화곡동,보눔하우스화곡,14.35,9,2021,4700,36,2026,5,16
강서구,등촌동,주공10,58.14,14,1995,50000,0,2026,5,18
강서구,화곡동,화곡푸르지오,144.123,2,2002,10000,260,2026,5,16
강서구,마곡동,벽산,84.97,2,1999,47250,0,2026,5,26
강서구,염창동,태진한솔,84.97,15,1994,40000,90,2026,5,25
강서구,마곡동,마곡엠밸리10단지,59.87,3,2016,36030,0,2026,5,29
강서구,염창동,아르체움등촌,25.03,4,2025,11800,57,2026,5,30
강서구,화곡동,삼성다빈치(917-14),14.35,7,2015,500,55,2026,5,4
강서구,방화동,치현마을동일스위트리버,84.9829,2,2004,42000,0,2026,5,29
강서구,마곡동,마곡힐스테이트,84.98,5,2017,81500,0,2026,5,13
강서구,화곡동,아델리아Ⅰ,15.18,8,2012,8000,24,2026,5,9
강서구,가양동,가양6단지,58.65,4,1992,45000,0,2026,5,31
강서구,가양동,강변,39.6,5,1992,4500,80,2026,5,19
강서구,마곡동,벽산,84.97,13,1999,44000,30,2026,5,10
강서구,등촌동,"등촌1,2단지주공아파트",26.37,1,1994,276,5,2026,5,22
강서구,등촌동,태영,59.97,8,1998,5000,160,2026,5,30
강서구,방화동,마곡중앙하이츠아파트,39.58,12,1994,2000,80,2026,5,29
강서구,방화동,동성,84.95,7,1993,10000,170,2026,5,30
강서구,마곡동,마곡엠밸리11단지,59.79,3,2016,20000,190,2026,5,18
강서구,가양동,강변,34.44,3,1992,2000,95,2026,5,27
강서구,방화동,방화그린,39.76,5,1993,5000,115,2026,5,21
강서구,화곡동,M노블레스,27.01,8,2021,20034,0,2026,5,27
강서구,방화동,방화5,39.6,7,1994,20837,0,2026,5,28
강서구,가양동,강변,39.6,10,1992,32000,0,2026,5,29
강서구,방화동,도시개발공사,24.42,7,1994,169,4,2026,5,27
강서구,등촌동,"등촌7,8단지주공아파트",41.85,5,1994,3000,130,2026,5,23
강서구,가양동,가양2단지(성지),34.44,12,1992,1000,78,2026,5,22
강서구,염창동,금호타운,84.84,6,1999,57000,0,2026,5,18
강서구,마곡동,마곡13단지힐스테이트마스터,84.9805,16,2017,50000,150,2026,5,12
강서구,방화동,마곡우촌아파트,28.04,7,2022,1000,112,2026,5,22
강서구,내발산동,마곡수명산파크4단지,84.96,13,2008,57500,0,2026,5,27
강서구,내발산동,마곡수명산파크1단지,84.68,11,2007,72000,0,2026,5,20
강서구,등촌동,"등촌1,2단지주공아파트",41.85,4,1994,25000,0,2026,5,19
강서구,화곡동,경동엠파이어시티102동,12.01,7,2014,500,50,2026,5,27
강서구,염창동,무학,84.64,5,1999,57750,0,2026,5,30
강서구,가양동,강변,49.5,12,1992,32000,5,2026,5,30
강서구,방화동,청솔,39.36,2,1994,2500,100,2026,5,23
강서구,마곡동,마곡힐스테이트,84.89,7,2017,85000,0,2026,5,30
강서구,마곡동,마곡엠밸리1단지,84.88,5,2014,80000,0,2026,5,30
강서구,마곡동,마곡엠밸리6단지,114.98,6,2014,105000,0,2026,5,30
강서구,화곡동,리치아파트,19.81,5,2018,16000,22,2026,5,21
강서구,염창동,길훈,59.94,10,1999,29000,75,2026,5,26
강서구,등촌동,"진로,미주아파트",84.96,10,1994,50000,40,2026,5,23
강서구,가양동,마곡보타닉,59.14,7,2019,43000,0,2026,5,31
강서구,화곡동,초록,59.34,5,1998,38500,0,2026,5,11
강서구,화곡동,화곡푸르지오,156.876,9,2002,100000,0,2026,5,30
강서구,방화동,마곡중앙하이츠아파트,51.03,12,1994,5000,110,2026,5,9
강서구,마곡동,마곡13단지힐스테이트마스터,84.9805,8,2017,75600,0,2026,5,30
강서구,화곡동,청담라인씨티,25.74,13,2018,9000,40,2026,5,4
강서구,가양동,강서한강자이,59.9882,6,2013,20000,205,2026,5,29
강서구,염창동,삼성한마음,59.94,7,1995,17000,140,2026,5,12
강서구,가양동,가양2단지(성지),39.6,10,1992,25000,40,2026,5,18
강서구,화곡동,중앙화곡하이츠,56.88,2,1988,15000,28,2026,5,23
강서구,방화동,방화5,39.6,4,1994,20100,0,2026,5,20
강서구,화곡동,강서힐스테이트,128.81,7,2015,104000,0,2026,5,23
강서구,화곡동,아델리아Ⅲ,14.85,7,2012,8600,20,2026,5,30
강서구,내발산동,마곡수명산파크2단지,84.53,2,2007,63000,0,2026,5,17
강서구,등촌동,등촌동아이파크,134.8836,9,2004,85000,0,2026,5,7
강서구,방화동,현대,84.99,3,1993,47000,0,2026,5,28
강서구,방화동,방화그린,39.76,13,1993,17850,0,2026,5,20
강서구,염창동,현대1,84.34,4,1994,50000,0,2026,5,18
강서구,마곡동,마곡엠벨리(14단지),59.96,3,2014,2626,43,2026,5,11
강서구,공항동,공항동부센트레빌,84.99,5,2009,54200,0,2026,5,19
강서구,내발산동,우장산힐스테이트,59.98,4,2005,65000,60,2026,5,14
강서구,내발산동,마곡수명산파크2단지,84.68,8,2007,76000,0,2026,5,29
강서구,마곡동,마곡엠밸리5단지,114.86,3,2014,40000,175,2026,5,26
강서구,등촌동,등촌파밀리에더클래식201동,66.8,5,2020,15000,122,2026,5,29
강서구,가양동,가양강나루현대,59.76,3,1999,30000,40,2026,5,9
강서구,가양동,가양6단지,49.5,3,1992,29518,0,2026,5,29
강서구,화곡동,우장산역해링턴타워,43.04,7,2021,9800,71,2026,5,26
강서구,내발산동,우장산힐스테이트,126.65,13,2005,30000,250,2026,5,2
강서구,염창동,염창동한강우성,65.88,1,1990,36750,0,2026,5,24
강서구,화곡동,강서힐스테이트,59.99,6,2015,72000,0,2026,5,8
강서구,등촌동,아임2030등촌역,15.48,3,2020,4600,31,2026,5,15
강서구,염창동,아네스트염창,14.94,5,2019,12000,18,2026,5,12
강서구,등촌동,한사랑2삼성,84.96,8,1999,49150,0,2026,5,4
강서구,내발산동,마곡수명산파크5단지,59.87,9,2008,40900,30,2026,5,30
강서구,화곡동,한울에이치밸리움A동,22.81,9,2019,21200,0,2026,5,29
강서구,화곡동,초록,59.34,8,1998,10000,105,2026,5,30
강서구,염창동,일신건영휴먼빌,84.93,4,2004,61110,0,2026,5,26
강서구,내발산동,다울,72.9,7,2004,35000,0,2026,5,10
강서구,염창동,한울밸리움,21.54,4,2020,26000,0,2026,5,23
강서구,염창동,강변월드메르디앙,84.9102,13,2010,60000,0,2026,5,19
강서구,방화동,방신서광,84.3819,9,2003,30000,43,2026,5,20
강서구,등촌동,"등촌1,2단지주공아파트",41.85,13,1994,30000,0,2026,5,23
강서구,가양동,가양2단지(성지),49.56,2,1992,5000,130,2026,5,28
강서구,염창동,동아,84.95,11,1998,30000,130,2026,5,15
강서구,방화동,대림e-편한세상,68.47,9,2003,43000,0,2026,5,29
강서구,가양동,동신대아,164.25,13,1993,65000,40,2026,5,27
강서구,화곡동,우장산역해링턴타워,23.68,6,2021,5680,39,2026,5,27
강서구,마곡동,마곡엠밸리9단지,59.86,11,2021,30000,170,2026,5,16
강서구,등촌동,주공5,37.67,7,1995,40000,0,2026,5,15
강서구,가양동,가양도시개발9-2단지,34.44,9,1993,26000,0,2026,5,30
강서구,가양동,가양2단지(성지),34.44,10,1992,2000,90,2026,5,1
강서구,마곡동,마곡청구아파트,84.92,8,1998,53000,0,2026,5,6
강서구,화곡동,드림시드아파트1차,44.53,8,2017,25000,20,2026,5,28
강서구,마곡동,마곡13단지힐스테이트마스터,59.9825,6,2017,75000,0,2026,5,30
강서구,마곡동,마곡13단지힐스테이트마스터,84.9805,10,2017,78000,0,2026,5,29
강서구,화곡동,임탑-B,42.3,5,2009,5000,115,2026,5,30
강서구,화곡동,황제팰리체(And Pra space),12.074,10,2013,7960,0,2026,5,29
강서구,방화동,방화6단지,24.05,6,1994,1422,3,2026,5,20
강서구,화곡동,우장산역해링턴타워,43.04,4,2021,8320,57,2026,5,29
강서구,내발산동,우장산힐스테이트,59.98,5,2005,60000,0,2026,5,9
강서구,내발산동,광성금강,59.1712,7,2001,43000,0,2026,5,30
강서구,마곡동,마곡엠벨리(14단지),84.86,4,2014,30000,163,2026,5,30
강서구,내발산동,마곡수명산파크7단지,84.68,6,2008,57500,0,2026,5,14
강서구,가양동,가양2단지(성지),34.44,7,1992,20000,30,2026,5,13
강서구,염창동,동아3,59.83,2,1999,52500,0,2026,5,22
강서구,염창동,태영,59.97,13,1999,47250,0,2026,5,23
강서구,염창동,현대아이파크,84.84,14,2005,64000,0,2026,5,27
강서구,방화동,마곡 한진해모로,59.92,2,2004,15000,65,2026,5,31
강서구,등촌동,주공5,58.14,5,1995,30000,50,2026,5,29
강서구,등촌동,주공5,58.14,6,1995,55000,0,2026,5,23
강서구,내발산동,청솔샤르망1002동,68.2067,11,2005,35000,10,2026,5,10
강서구,내발산동,마곡수명산파크1단지,84.53,9,2007,63000,0,2026,5,30
강서구,화곡동,화곡푸르지오,156.876,5,2002,76650,0,2026,5,29
강서구,가양동,한강타운,84.99,6,1993,65000,0,2026,5,10
강서구,화곡동,대진,67.29,6,2002,23800,20,2026,5,29
강서구,등촌동,신원,84.95,14,1997,62000,0,2026,5,29
강서구,마곡동,마곡엠밸리7단지,84.55,8,2014,77000,0,2026,5,23
강서구,화곡동,"우장산아이파크,이편한세상",84.97,6,2008,79000,0,2026,5,30
강서구,가양동,가양도시개발공사8단지(임대),49.5,10,1992,1058,17,2026,5,19
강서구,가양동,가양6단지,58.65,14,1992,45000,0,2026,5,31
강서구,방화동,마곡중앙하이츠아파트,59.34,10,1994,30000,40,2026,5,31
강서구,방화동,신안네트빌2단지,57.1659,5,2002,36000,10,2026,5,26
강서구,마곡동,마곡우림필유아파트,84.528,3,2003,55000,0,2026,5,31
강서구,내발산동,마곡에이치밸리움,51.464,10,2023,53000,0,2026,5,30
강서구,화곡동,강서힐스테이트,59.99,2,2015,54200,0,2026,5,30
강서구,화곡동,강서힐스테이트,59.99,3,2015,60000,30,2026,5,29
강서구,등촌동,삼형.그레이스빌,79.799,12,2001,39000,28,2026,5,30
강서구,마곡동,마곡힐스테이트,84.98,3,2017,80000,0,2026,5,29
강서구,등촌동,등촌동아이파크,84.9958,6,2004,5000,230,2026,5,15
강서구,가양동,가양6단지,58.65,12,1992,33070,0,2026,5,30
강서구,화곡동,중앙화곡하이츠,74.16,11,1988,31000,0,2026,5,31
강서구,가양동,가양도시개발9-2단지,39.6,10,1993,1000,84,2026,5,29
강서구,가양동,가양우성,84.85,4,1990,10000,200,2026,5,30
강서구,방화동,방화5,49.77,5,1994,29350,0,2026,5,30
강서구,화곡동,강서힐스테이트,59.99,1,2015,64000,0,2026,5,16
강서구,가양동,한강타운,84.99,5,1993,10000,165,2026,5,26
강서구,염창동,강변힐스테이트,84.99,21,2005,75000,0,2026,5,12
강서구,내발산동,마곡수명산파크4단지,59.84,2,2008,10000,160,2026,5,26
강서구,화곡동,"우장산아이파크,이편한세상",84.97,18,2008,52500,84,2026,5,27
강서구,내발산동,우장산힐스테이트,59.98,2,2005,20000,200,2026,5,22
강서구,화곡동,강서동도센트리움,14.677,3,2012,5000,30,2026,5,29
강서구,화곡동,신영,80.61,5,2002,24000,10,2026,5,6
강서구,방화동,마곡중앙하이츠아파트,51.03,6,1994,10000,100,2026,5,29
강서구,염창동,동아,59.97,7,1998,35224,0,2026,5,22
강서구,마곡동,마곡엠밸리6단지,84.88,3,2014,88000,0,2026,5,25
강서구,가양동,가양2단지(성지),34.44,12,1992,7000,80,2026,5,6
강서구,염창동,한강동아,114.78,4,1998,60000,80,2026,5,8
강서구,방화동,동성,76.8,13,1993,45000,0,2026,5,23
강서구,염창동,아르체움등촌,20.12,10,2025,9900,54,2026,5,29
강서구,마곡동,마곡힐스테이트,84.98,11,2017,30000,89,2026,5,26
강서구,방화동,AirPalace(619-7),14.5,6,2013,500,50,2026,5,13
강서구,마곡동,마곡힐스테이트,84.89,12,2017,75000,50,2026,5,26
강서구,방화동,신마곡벽산블루밍,49.6538,11,2020,6042,55,2026,5,6
강서구,화곡동,강서크라운팰리스,19.91,14,2019,22500,4,2026,5,28
강서구,마곡동,마곡엠밸리9단지,59.82,12,2021,68250,0,2026,5,28
강서구,등촌동,아임2030등촌역,15.01,17,2020,4600,31,2026,5,27
강서구,방화동,방화그린,33.6,13,1993,18000,0,2026,5,24
강서구,방화동,장미,39.96,4,1994,28000,0,2026,5,7
강서구,등촌동,삼성한사랑1,59.73,14,1997,26000,62,2026,5,11
강서구,염창동,DH팰리스,57.38,5,2022,50000,0,2026,5,29
강서구,화곡동,"우장산아이파크,이편한세상",114.98,11,2008,100000,0,2026,5,18
강서구,마곡동,마곡엠밸리10단지,59.87,4,2016,36030,0,2026,5,29
강서구,등촌동,주공10,37.67,3,1995,30000,0,2026,5,8
강서구,염창동,아네스트염창,16.96,5,2019,11000,26,2026,5,29
강서구,방화동,장미,49.2,5,1994,36750,0,2026,5,27
강서구,등촌동,마곡루나플라체,22.05,12,2021,23400,0,2026,5,9
강서구,마곡동,마곡엠밸리7단지,114.87,9,2014,115000,0,2026,5,25
강서구,마곡동,신안,84.97,4,1993,43000,45,2026,5,28
강서구,방화동,청솔,49.2,6,1994,5000,130,2026,5,27
강서구,마곡동,마곡금호어울림,84.948,15,2005,40000,0,2026,5,26
강서구,가양동,가양도시개발9-2단지,39.6,11,1993,21500,12,2026,5,12
강서구,방화동,치현마을동일스위트리버,84.9829,5,2004,53000,0,2026,5,28
강서구,염창동,삼성한마음,84.87,8,1995,48600,0,2026,5,12
강서구,등촌동,주공3,58.14,4,1995,45100,0,2026,5,27
강서구,염창동,현대1,84.34,4,1994,30000,0,2026,5,28
강서구,방화동,현대,84.99,3,1993,47000,0,2026,5,28
강서구,등촌동,현대,84.55,10,1995,50400,0,2026,5,28
강서구,마곡동,마곡엠밸리10단지,59.87,15,2016,36030,0,2026,5,28
강서구,화곡동,리치아파트104동,19.93,7,2020,19020,8,2026,5,28
강서구,방화동,치현마을동일스위트리버,84.9588,12,2004,52500,0,2026,5,23
강서구,방화동,마곡우촌아파트,28.04,4,2022,1000,120,2026,5,18
강서구,화곡동,황제팰리체(And Pra space),12.049,7,2013,8070,0,2026,5,27
강서구,가양동,가양2단지(성지),34.44,12,1992,1000,78,2026,5,22
강서구,마곡동,마곡엠밸리2단지,84.92,5,2014,80000,0,2026,5,18
강서구,가양동,가양도시개발공사8단지(임대),34.44,6,1992,1509,8,2026,5,18
강서구,등촌동,등촌라인(조합),59.91,12,1997,50000,0,2026,5,27
강서구,마곡동,마곡우림필유아파트,84.528,3,2003,49000,0,2026,5,27
강서구,마곡동,마곡엠벨리(15단지),59.79,11,2014,15000,200,2026,5,1
강서구,등촌동,주공3,58.14,8,1995,32000,48,2026,5,28
강서구,등촌동,주공5,58.14,9,1995,50000,0,2026,5,27
강서구,내발산동,마곡수명산파크4단지,59.84,13,2008,14907,0,2026,5,28
강서구,마곡동,마곡엠밸리5단지,114.86,4,2014,60000,200,2026,5,27
강서구,마곡동,마곡엠벨리(15단지),84.5,5,2014,83000,0,2026,5,27
강서구,가양동,강변,49.5,11,1992,35000,0,2026,5,11
강서구,염창동,강변한솔솔파크,84.73,9,2005,70000,0,2026,5,14
강서구,마곡동,마곡힐스테이트,84.98,4,2017,75000,0,2026,5,23
강서구,염창동,삼천리,74.52,2,1992,35000,0,2026,5,23
강서구,공항동,공항동부센트레빌,118.21,3,2009,59000,0,2026,5,22
강서구,화곡동,초록,84.33,2,1998,60000,0,2026,5,23
강서구,화곡동,라인씨티,14.91,6,2014,7500,11,2026,5,27
강서구,방화동,신마곡벽산블루밍,49.6538,5,2020,17208,25,2026,5,27
강서구,마곡동,마곡엠밸리9단지,84.65,11,2021,90000,0,2026,5,20
강서구,가양동,가양도시개발9-2단지,49.5,6,1993,30000,0,2026,5,25
강서구,화곡동,유림노르웨이숲(919-1),76.23,7,2004,7000,150,2026,5,4
강서구,방화동,마곡우림1차아파트,84.971,4,2003,53000,0,2026,5,26
강서구,내발산동,우장산힐스테이트,84.98,10,2005,80000,0,2026,5,9
강서구,가양동,가양도시개발공사4단지(임대),41.16,11,1992,274,7,2026,5,27
강서구,화곡동,우장산한화꿈에그린,120.11,12,2004,63000,0,2026,5,1
강서구,가양동,강변,34.44,3,1992,24000,0,2026,5,27
강서구,등촌동,대동황토방2,84.99,9,2003,30000,68,2026,5,23
강서구,가양동,한강타운,84.99,9,1993,62000,0,2026,5,26
강서구,화곡동,M노블레스,44.2,3,2021,25830,0,2026,5,27
강서구,가양동,강변,49.5,8,1992,40000,0,2026,5,6
강서구,등촌동,주공5,58.14,8,1995,10000,125,2026,5,14
강서구,방화동,도시개발공사,24.42,8,1994,169,4,2026,5,27
강서구,마곡동,마곡13단지힐스테이트마스터,84.9805,11,2017,89000,0,2026,5,26
강서구,마곡동,마곡엠벨리(14단지),84.88,1,2014,80000,0,2026,5,26
강서구,염창동,삼성하나로,84.78,2,1994,51400,0,2026,5,23
강서구,마곡동,마곡보타닉경남아너스빌,59.7672,4,2005,40000,30,2026,5,26
강서구,마곡동,마곡우림필유아파트,84.528,11,2003,58000,0,2026,5,23
강서구,방화동,방화그린,39.76,13,1993,17850,0,2026,5,20
강서구,가양동,강나루2현대,59.97,5,2001,55000,0,2026,5,1
강서구,등촌동,아임2030등촌역,15.17,10,2020,6200,41,2026,5,26
강서구,염창동,현대1,84.34,5,1994,70000,0,2026,5,26
강서구,염창동,일신건영휴먼빌,84.93,3,2004,20000,180,2026,5,21
강서구,화곡동,엠타워,14.118,11,2011,1000,47,2026,5,24
강서구,화곡동,우장산역해링턴타워,43.04,6,2021,8320,57,2026,5,26
강서구,내발산동,우장산힐스테이트,59.98,11,2005,55000,0,2026,5,26
강서구,화곡동,우장산역해링턴타워,43.04,7,2021,9800,71,2026,5,26
강서구,가양동,가양도시개발9-2단지,49.5,6,1993,30000,0,2026,5,25
강서구,등촌동,아임2030등촌역,15.17,4,2020,4600,31,2026,5,26
강서구,등촌동,아임2030등촌역,15.48,3,2020,10000,11,2026,5,26
강서구,등촌동,동성,150.05,14,1995,70000,0,2026,5,16
강서구,등촌동,동성,150.05,14,1995,70000,0,2026,5,16
강서구,가양동,가양도시개발공사5단지(임대),41.16,12,1992,274,7,2026,5,26
강서구,가양동,가양우성,84.85,9,1990,65000,0,2026,5,23
강서구,가양동,한강타운,84.99,15,1993,56000,0,2026,5,2
강서구,화곡동,"우장산아이파크,이편한세상",84.97,9,2008,37500,190,2026,5,13
강서구,방화동,개화,101.86,7,1994,58000,0,2026,5,23
강서구,가양동,강변,49.5,12,1992,33500,0,2026,5,25
강서구,화곡동,디아인스,23.93,13,2018,23600,0,2026,5,26
강서구,방화동,동성,64.65,1,1993,300,30,2026,5,26
강서구,내발산동,강서월드메르디앙,84.8945,12,2006,63000,0,2026,5,21
강서구,화곡동,웰라이빌,111.21,12,2000,3000,150,2026,5,9
강서구,내발산동,우장산힐스테이트,84.98,2,2005,85000,0,2026,5,22
강서구,가양동,일신건영휴먼빌,84.95,12,2004,54000,0,2026,5,26
강서구,화곡동,강서힐스테이트,59.99,11,2015,68000,0,2026,5,23
강서구,가양동,가양2단지(성지),39.6,4,1992,26000,0,2026,5,13
강서구,방화동,방화5,49.77,8,1994,10000,140,2026,5,14
강서구,등촌동,다울,83.286,4,2002,40000,0,2026,5,22
강서구,화곡동,남광아파트,32.07,5,2017,18000,0,2026,5,26
강서구,방화동,도시개발공사,24.42,5,1994,169,4,2026,5,26
강서구,화곡동,강서동도센트리움,14.677,8,2012,500,42,2026,5,15
강서구,내발산동,우장산힐스테이트,59.98,8,2005,60000,0,2026,5,22
강서구,방화동,방화그린,49.77,6,1993,5000,130,2026,5,25
강서구,염창동,성원,59.91,17,2001,15000,139,2026,5,26
강서구,화곡동,우장산롯데캐슬,134.99,10,2003,70000,90,2026,5,23
강서구,마곡동,마곡엠밸리7단지,84.55,5,2014,74000,0,2026,5,23
강서구,화곡동,아델리아Ⅲ,15.53,4,2012,7400,12,2026,5,4
강서구,화곡동,아델리아Ⅰ,15.18,5,2012,8400,16,2026,5,26
강서구,내발산동,우장산힐스테이트,101.87,5,2005,90000,0,2026,5,23
강서구,화곡동,우장산롯데캐슬,134.99,10,2003,70000,0,2026,5,23
강서구,가양동,강변,34.44,12,1992,5000,90,2026,5,23
강서구,가양동,가양1차보람더하임,59.96,4,2006,37020,0,2026,5,26
강서구,화곡동,초록,59.34,10,1998,42000,0,2026,5,25
강서구,화곡동,우장산롯데캐슬,134.99,10,2003,70000,90,2026,5,23
강서구,등촌동,임광,71.01,14,2000,5000,170,2026,5,25
강서구,등촌동,주공10,58.14,9,1995,45000,0,2026,5,24
강서구,화곡동,"우장산아이파크,이편한세상",84.97,16,2008,70000,13,2026,5,11
강서구,등촌동,주공10,58.14,9,1995,45000,0,2026,5,24
강서구,마곡동,벽산,59.98,14,1999,43050,0,2026,5,16
강서구,내발산동,마곡수명산파크1단지,84.53,14,2007,70000,0,2026,5,23
강서구,가양동,가양6단지,58.65,6,1992,45000,0,2026,5,22
강서구,등촌동,주공3,58.14,1,1995,50000,0,2026,5,23
강서구,가양동,강변,39.6,15,1992,28500,0,2026,5,19
강서구,마곡동,마곡13단지힐스테이트마스터,84.9805,9,2017,30000,194,2026,5,7
강서구,등촌동,"등촌7,8단지주공아파트",41.85,14,1994,33000,0,2026,5,22
강서구,가양동,가양2단지(성지),34.44,7,1992,23000,0,2026,5,21
강서구,등촌동,주공3,58.14,6,1995,5000,90,2026,5,22
강서구,화곡동,초록,49.77,2,1998,29700,0,2026,5,19
강서구,마곡동,한솔솔파크,59.81,14,2005,55000,0,2026,5,12
강서구,방화동,강서센트레빌3차(894-0),84.4,2,2009,53000,0,2026,5,26
강서구,마곡동,마곡엠밸리9단지,59.89,6,2021,70000,0,2026,5,23
강서구,등촌동,"등촌1,2단지주공아파트",41.85,13,1994,29000,0,2026,5,21
강서구,등촌동,월드메르디앙,84.97,14,2002,56000,0,2026,5,26
강서구,마곡동,마곡엠밸리9단지,59.89,8,2021,66000,0,2026,5,23
강서구,마곡동,한솔솔파크,59.81,3,2005,47000,0,2026,5,25
강서구,염창동,동아3,84.87,6,1999,64000,0,2026,5,22
강서구,염창동,염창1차한화꿈에그린,59.94,8,2005,40000,110,2026,5,23
강서구,염창동,강변힐스테이트,84.99,2,2005,80000,0,2026,5,23
강서구,염창동,무학,59.38,10,1999,52000,0,2026,5,23
강서구,염창동,극동,85,18,2000,60000,0,2026,5,23
강서구,염창동,극동,104.15,8,2000,69000,30,2026,5,21
강서구,화곡동,성재센트리움아파트(343-35),22.52,8,2015,2000,75,2026,5,7
강서구,가양동,가양2단지(성지),49.56,13,1992,37000,0,2026,5,23
강서구,염창동,강변한솔솔파크,84.73,9,2005,70000,0,2026,5,14
강서구,염창동,동아,114.84,10,1998,82000,0,2026,5,24
강서구,가양동,강서한강자이,59.9382,3,2013,70000,0,2026,5,25
강서구,염창동,동아,84.95,3,1998,52000,40,2026,5,24
강서구,방화동,방화메이빌,50.5074,10,2017,41500,0,2026,5,11
강서구,방화동,마곡중앙하이츠아파트,51.03,6,1994,4000,120,2026,5,20
강서구,등촌동,주공3,37.67,2,1995,14000,50,2026,5,8
강서구,등촌동,아임2030등촌역,15.17,14,2020,7500,36,2026,5,8
강서구,화곡동,계명가동(343-65),64.74,2,2001,28000,0,2026,5,21
강서구,화곡동,성재센트리움아파트,34.22,12,2017,17600,14,2026,5,22
강서구,등촌동,아임2030등촌역,15.17,11,2020,7500,36,2026,5,22
강서구,가양동,가양2단지(성지),49.65,3,1992,5000,120,2026,5,22
강서구,등촌동,등촌동현대2차,84.95,9,1997,10000,190,2026,5,13
강서구,가양동,가양6단지,39.6,11,1992,32000,0,2026,5,4
강서구,가양동,강서한강자이,98.9994,7,2013,90000,0,2026,5,21
강서구,화곡동,강서힐스테이트,59.99,3,2015,71000,0,2026,5,12
강서구,염창동,성원,59.91,15,2001,30400,0,2026,5,22
강서구,가양동,중앙하이츠,119.85,7,1999,10000,230,2026,5,14
강서구,등촌동,주공5,58.14,3,1995,44100,0,2026,5,22
강서구,등촌동,등촌라인(조합),59.91,4,1997,49000,0,2026,5,20
강서구,마곡동,마곡엠벨리(14단지),84.92,9,2014,41239,0,2026,5,22
강서구,마곡동,마곡엠밸리9단지,59.89,6,2021,72000,0,2026,5,9
강서구,내발산동,마곡수명산파크1단지,39.8,10,2007,2451,22,2026,5,19
강서구,등촌동,서광등촌마을아파트,59.67,16,1999,24900,58,2026,5,20
강서구,마곡동,마곡13단지힐스테이트마스터,84.9881,10,2017,75600,0,2026,5,21
강서구,등촌동,아임2030등촌역,15.17,12,2020,6200,41,2026,5,20
강서구,내발산동,마곡수명산파크3단지,84.53,11,2007,38083,0,2026,5,21
강서구,방화동,방화그린,33.18,2,1993,21000,0,2026,5,18
강서구,마곡동,마곡엠밸리10단지,59.79,9,2016,36030,0,2026,5,21
강서구,마곡동,마곡청구아파트,59.91,11,1998,43000,0,2026,5,21
강서구,방화동,방화5,33.18,2,1994,4000,100,2026,5,2
강서구,화곡동,리치아파트104동,24.46,7,2020,21290,4,2026,5,20
강서구,내발산동,우장산힐스테이트,59.98,13,2005,60000,25,2026,5,15
강서구,가양동,가양도시개발9-2단지,34.44,15,1993,24000,0,2026,5,12
강서구,마곡동,마곡엠밸리9단지,84.97,5,2021,87000,0,2026,5,16
강서구,가양동,가양2단지(성지),49.56,8,1992,12000,100,2026,5,10
강서구,화곡동,성재센트리움아파트,24.34,8,2016,17130,10,2026,5,12
강서구,내발산동,마곡수명산파크4단지,59.84,15,2008,10000,180,2026,5,17
강서구,방화동,삼성꽃마을,84.41,11,1997,47000,0,2026,5,21
강서구,화곡동,청담라인씨티,19.27,6,2018,9700,25,2026,5,8
강서구,화곡동,강서힐스테이트,84.99,13,2015,55000,130,2026,5,21
강서구,염창동,무학,84.64,6,1999,40000,100,2026,5,20
강서구,방화동,동성,76.8,7,1993,47000,0,2026,5,21
강서구,가양동,가양2단지(성지),49.56,11,1992,12000,100,2026,5,16
강서구,마곡동,마곡현대아파트,84.95,4,1999,50000,0,2026,5,16
강서구,방화동,현대,84.99,1,1993,20000,100,2026,5,21
강서구,가양동,한강타운,84.99,14,1993,15000,180,2026,5,21
강서구,화곡동,원타워(343-43),18.84,12,2014,1000,68,2026,5,4
강서구,가양동,가양2단지(성지),49.56,8,1992,13000,80,2026,5,21
강서구,등촌동,주공5,37.67,4,1995,1000,73,2026,5,18
강서구,가양동,강서한강자이,98.9994,7,2013,90000,0,2026,5,21
강서구,가양동,가양도시개발9-2단지,49.5,1,1993,33000,0,2026,5,15
강서구,방화동,마곡중앙하이츠아파트,59.34,4,1994,15000,88,2026,5,21
강서구,마곡동,마곡엠밸리3단지,49.77,1,2014,12901,5,2026,5,21
강서구,등촌동,대림,89.975,19,1995,50000,60,2026,5,17
강서구,방화동,방화메이빌,48.8686,10,2017,8000,85,2026,5,21
강서구,마곡동,마곡엠밸리5단지,114.86,4,2014,80000,80,2026,5,15
강서구,등촌동,월드메르디앙,84.97,6,2002,53000,0,2026,5,12
강서구,공항동,스카이,74.65,4,2000,28000,0,2026,5,20
강서구,내발산동,마곡수명산파크2단지,59.84,4,2007,6890,13,2026,5,20
강서구,마곡동,마곡엠벨리(15단지),59.97,16,2014,36030,0,2026,5,20
강서구,염창동,강변한솔솔파크,84.97,8,2005,75000,0,2026,5,6
강서구,가양동,가양6단지,39.6,8,1992,22457,0,2026,5,17
강서구,내발산동,마곡수명산파크3단지,84.76,13,2007,65000,0,2026,5,20
강서구,방화동,강서센트레빌3차(894-0),84.4,9,2009,40000,130,2026,5,21
강서구,등촌동,서광등촌마을아파트,59.67,4,1999,47000,0,2026,5,19
강서구,등촌동,"등촌1,2단지주공아파트",41.85,6,1994,24150,0,2026,5,20
강서구,방화동,방화그린,33.6,5,1993,3000,65,2026,5,11
강서구,등촌동,주공3,58.14,14,1995,50000,0,2026,5,20
강서구,염창동,벽산늘푸른,59.97,2,1998,44000,0,2026,5,8
강서구,가양동,가양도시개발9-2단지,49.5,2,1993,36000,0,2026,5,18
강서구,화곡동,우장산역해링턴타워,23.68,6,2021,5680,39,2026,5,20
강서구,화곡동,유림노르웨이숲(919-1),64.05,2,2004,37000,0,2026,5,14
강서구,화곡동,우장산역해링턴타워,23.68,5,2021,5830,39,2026,5,20
강서구,마곡동,마곡엠밸리9단지,59.86,10,2021,47000,0,2026,5,20
강서구,염창동,벽산늘푸른,59.97,6,1998,10000,140,2026,5,19
강서구,가양동,가양도시개발9-1단지,49.5,7,1992,1062,17,2026,5,20
강서구,방화동,새로나음,14.8,2,2015,8500,0,2026,5,19
강서구,방화동,방화그린,33.6,2,1993,20500,0,2026,5,20
강서구,화곡동,강서힐스테이트,59.99,3,2015,69000,0,2026,5,20
강서구,가양동,가양도시개발공사8단지(임대),39.6,4,1992,840,13,2026,5,20
강서구,가양동,가양2단지(성지),34.44,11,1992,2000,89,2026,5,20
강서구,염창동,강서쌍용예가,84.9025,4,2014,67000,0,2026,5,19
강서구,등촌동,다울,83.198,8,2002,53000,0,2026,5,20
강서구,마곡동,마곡엠벨리(15단지),84.5,13,2014,76600,0,2026,5,11
강서구,방화동,방화동진로아파트,84.96,3,1994,42000,10,2026,5,20
강서구,가양동,강서한강월드메르디앙,84.9,6,2006,70000,0,2026,5,20
강서구,내발산동,우장산힐스테이트,59.98,10,2005,56000,0,2026,5,19
강서구,방화동,개화,133.98,6,1994,65000,0,2026,5,10
강서구,염창동,극동상록수,59.91,16,1999,50000,0,2026,5,20
강서구,방화동,대림e-편한세상,84.67,12,2003,55000,0,2026,5,8
강서구,염창동,관음삼성,59.96,1,1997,38000,0,2026,5,9
강서구,등촌동,아임2030등촌역,15.17,5,2020,4600,31,2026,5,11
강서구,가양동,가양도시개발9-2단지,49.5,4,1993,40000,0,2026,5,20
강서구,화곡동,강서힐스테이트,84.99,20,2015,30000,130,2026,5,19
강서구,가양동,강변,39.6,12,1992,29400,0,2026,5,9
강서구,내발산동,마곡수명산파크6단지,49.97,3,2007,8179,4,2026,5,20
강서구,마곡동,마곡엠밸리10단지,59.87,13,2016,36030,0,2026,5,20
강서구,방화동,방화6단지,24.05,6,1994,557,8,2026,5,20
강서구,공항동,공항동부센트레빌,118.21,15,2009,10000,240,2026,5,19
강서구,방화동,마곡중앙하이츠아파트,59.34,6,1994,40000,0,2026,5,12
강서구,등촌동,"등촌7,8단지주공아파트",41.85,8,1994,28000,0,2026,5,19
강서구,염창동,염창2차보람,84.97,14,2005,50000,90,2026,5,13
강서구,내발산동,마곡수명산파크1단지,39.73,9,2007,6418,0,2026,5,19
강서구,염창동,벽산늘푸른,84.94,3,1998,69000,0,2026,5,19
강서구,화곡동,GMValley,24.6,6,2018,15000,22,2026,5,19
강서구,가양동,가양도시개발공사8단지(임대),39.6,15,1992,336,13,2026,5,19
강서구,화곡동,중앙화곡하이츠,56.88,9,1988,30000,0,2026,5,16
강서구,화곡동,보눔하우스화곡,30.01,8,2021,7000,49,2026,5,16
강서구,내발산동,마곡수명산파크1단지,39.73,2,2007,6088,2,2026,5,19
강서구,가양동,가양도시개발공사8단지(임대),39.6,15,1992,840,12,2026,5,19
강서구,내발산동,우장산힐스테이트,84.98,2,2005,85000,0,2026,5,18
강서구,마곡동,마곡엠밸리2단지,84.95,8,2014,40000,160,2026,5,5
강서구,화곡동,리치아파트102동(924-24),22.82,8,2020,20410,13,2026,5,19
강서구,내발산동,마곡수명산파크1단지,39.8,13,2007,6418,0,2026,5,19
강서구,가양동,가양도시개발9-2단지,39.6,7,1993,3000,100,2026,5,19
강서구,내발산동,마곡수명산파크1단지,39.92,11,2007,2451,22,2026,5,19
강서구,내발산동,마곡수명산파크1단지,39.8,10,2007,3941,14,2026,5,19
강서구,가양동,가양강나루현대,84.98,10,1999,42000,60,2026,5,15
강서구,염창동,e편한세상염창,84.9783,19,2019,100000,0,2026,5,2
강서구,염창동,신동아,59.82,11,1995,45000,0,2026,5,11
강서구,방화동,청솔,39.36,3,1994,28000,0,2026,5,16
강서구,가양동,가양도시개발공사8단지(임대),39.6,5,1992,360,14,2026,5,18
강서구,방화동,방화그린,49.77,3,1993,30000,0,2026,5,19
강서구,염창동,아네스트염창,14.94,10,2019,11000,23,2026,5,19
강서구,화곡동,청우(391-2),51.96,2,2007,3000,85,2026,5,19
강서구,방화동,방화6단지,24.05,9,1994,557,8,2026,5,19
강서구,가양동,가양도시개발9-2단지,39.6,5,1993,22000,30,2026,5,18
강서구,화곡동,한양아이클래스,13.79,8,2013,500,47,2026,5,4
강서구,가양동,강변,39.6,6,1992,29000,0,2026,5,18
강서구,가양동,가양도시개발공사8단지(임대),39.6,5,1992,840,13,2026,5,18
강서구,등촌동,아임2030등촌역,15.48,3,2020,10000,10,2026,5,18
강서구,염창동,염창1차보람더하임,84.98,1,2008,46872,0,2026,5,18
강서구,화곡동,우장산롯데캐슬,85,8,2003,83000,0,2026,5,15
강서구,가양동,일신건영휴먼빌,84.95,7,2004,40000,80,2026,5,16
강서구,방화동,강서센트레빌3차(894-0),84.4,5,2009,54500,0,2026,5,18
강서구,가양동,강변,49.5,12,1992,50000,0,2026,5,6
강서구,화곡동,에이원,48.36,5,2005,18100,0,2026,5,18
강서구,화곡동,라인씨티,14.91,5,2014,6000,17,2026,5,18
강서구,가양동,가양강나루현대,59.76,14,1999,51450,0,2026,5,18
강서구,내발산동,마곡수명산파크5단지,59.87,14,2008,42500,0,2026,5,5
강서구,화곡동,"우장산아이파크,이편한세상",84.97,6,2008,80000,0,2026,5,15
강서구,방화동,새로나음,14.8,3,2015,8300,0,2026,5,18
강서구,방화동,신마곡벽산블루밍,49.9788,4,2020,17208,25,2026,5,18
강서구,화곡동,우장산역해링턴타워,43.04,12,2021,10400,71,2026,5,18
강서구,방화동,방화5,33.18,5,1994,17200,0,2026,5,18
강서구,등촌동,등촌동아이파크,134.8836,1,2004,75000,0,2026,5,15
강서구,화곡동,한백e,57.06,4,2002,21700,0,2026,5,15
강서구,가양동,가양2단지(성지),34.44,5,1992,10000,60,2026,5,16
강서구,등촌동,"등촌7,8단지주공아파트",41.85,2,1994,3000,120,2026,5,11
강서구,가양동,가양도시개발공사8단지(임대),39.6,12,1992,840,13,2026,5,18
강서구,화곡동,청담라인씨티,28.8,10,2018,3400,62,2026,5,18
강서구,가양동,가양도시개발공사8단지(임대),34.44,11,1992,297,13,2026,5,18
강서구,가양동,강변,34.44,5,1992,23000,0,2026,5,16
강서구,가양동,가양도시개발공사8단지(임대),39.6,4,1992,2231,5,2026,5,18
강서구,가양동,가양도시개발9-1단지,34.44,7,1992,738,12,2026,5,18
강서구,가양동,가양도시개발공사8단지(임대),39.6,8,1992,840,13,2026,5,18
강서구,방화동,지니스힐,84.72,4,2008,27000,0,2026,5,16
강서구,방화동,대림e-편한세상,84.67,12,2003,35000,75,2026,5,17
강서구,가양동,가양도시개발공사8단지(임대),39.6,4,1992,840,13,2026,5,18
강서구,가양동,대림경동아파트,131.4,6,1993,20000,140,2026,5,13
강서구,방화동,대림e-편한세상,67.68,3,2003,50000,0,2026,5,18
강서구,등촌동,아임2030등촌역,15.48,3,2020,10000,10,2026,5,15
강서구,방화동,방화6단지,39.6,8,1994,922,13,2026,5,18
강서구,염창동,주상복합태진가람,58.86,5,1995,33000,30,2026,5,17
강서구,화곡동,강서힐스테이트,84.99,2,2015,60000,63,2026,5,15
강서구,방화동,신마곡벽산블루밍,59.7592,9,2020,10500,63,2026,5,6
강서구,가양동,가양도시개발공사8단지(임대),34.44,11,1992,743,12,2026,5,18
강서구,염창동,염창1차보람더하임,84.98,15,2008,19496,0,2026,5,18
강서구,가양동,강변,49.5,9,1992,32000,0,2026,5,15
강서구,마곡동,마곡13단지힐스테이트마스터,84.9805,12,2017,10000,320,2026,5,15
강서구,가양동,강변,39.6,7,1992,19000,35,2026,5,8
강서구,방화동,장미,39.96,10,1994,1500,71,2026,5,16
강서구,염창동,강변힐스테이트,59.9,10,2005,58000,0,2026,5,16
강서구,염창동,염창1차한화꿈에그린,84.93,16,2005,83000,0,2026,5,16
강서구,염창동,동아3,59.7,5,1999,52000,0,2026,5,16
강서구,내발산동,우장산힐스테이트,59.98,5,2005,53500,0,2026,5,16
강서구,방화동,한오,47.06,3,1988,15000,0,2026,5,2
강서구,등촌동,주공3,37.67,3,1995,30450,0,2026,5,15
강서구,등촌동,아임2030등촌역,15.17,4,2020,4600,31,2026,5,13
강서구,등촌동,아임2030등촌역,15.48,3,2020,4600,31,2026,5,15
강서구,화곡동,프라임팰리스(1024-23),83.31,9,2008,40000,0,2026,5,5
강서구,등촌동,"등촌7,8단지주공아파트",41.85,9,1994,35000,0,2026,5,4
강서구,마곡동,마곡힐스테이트,84.98,3,2017,73500,0,2026,5,15
강서구,가양동,동신대아,134.88,11,1993,75000,0,2026,5,15
강서구,화곡동,리치아파트103동,22.55,8,2020,20160,5,2026,5,15
강서구,화곡동,미주,48.3,1,1988,16000,8,2026,5,14
강서구,가양동,한강타운,84.99,15,1993,5000,190,2026,5,9
강서구,화곡동,강서힐스테이트,84.99,9,2015,50000,120,2026,5,15
강서구,등촌동,주공3,58.14,9,1995,10000,150,2026,5,15
강서구,염창동,금호타운,59.88,6,1999,50900,0,2026,5,15
강서구,화곡동,아델리아ll,17.28,6,2012,8000,17,2026,5,9
강서구,방화동,방화5,49.77,1,1994,41000,0,2026,5,15
강서구,방화동,방화5,33.18,4,1994,25000,0,2026,5,14
강서구,방화동,방신서광,113.3376,8,2003,56000,0,2026,5,7
강서구,가양동,가양6단지,39.6,3,1992,25000,0,2026,5,9
강서구,가양동,강변,39.6,6,1992,27300,0,2026,5,12
강서구,화곡동,강서힐스테이트,84.99,13,2015,10000,280,2026,5,9
강서구,등촌동,주공5,37.67,7,1995,28000,0,2026,5,5
강서구,가양동,가양6단지,49.5,12,1992,20000,80,2026,5,14
강서구,내발산동,우장산힐스테이트,59.98,8,2005,65000,0,2026,5,1
강서구,마곡동,마곡13단지힐스테이트마스터,59.9825,10,2017,68250,0,2026,5,15
강서구,방화동,방화동동부센트레빌(875번지),84.98,4,2003,59000,0,2026,5,12
강서구,염창동,동아,59.97,15,1998,20000,81,2026,5,13
강서구,방화동,마곡서광(치현마을),59.67,12,1998,25100,32,2026,5,6
강서구,가양동,가양2단지(성지),34.44,6,1992,26100,0,2026,5,14
강서구,내발산동,우장산힐스테이트,126.65,3,2005,98700,0,2026,5,13
강서구,화곡동,라인씨티,14.91,12,2014,6000,23,2026,5,11
강서구,방화동,힐스테이트신방화역,59.9652,7,2022,53700,0,2026,5,14
강서구,화곡동,성재센트리움아파트(343-35),21.09,7,2015,15750,40,2026,5,14
강서구,염창동,송촌,92.94,8,2005,63000,0,2026,5,13
강서구,등촌동,"등촌1,2단지주공아파트",41.85,12,1994,32000,0,2026,5,13
강서구,내발산동,우장산힐스테이트,84.98,1,2005,50000,100,2026,5,13
강서구,염창동,센터스퀘어등촌,39,10,2020,2904,94,2026,5,14
강서구,등촌동,아임2030등촌역,15.17,10,2020,6200,41,2026,5,14
강서구,화곡동,라인씨티,14.91,10,2014,8000,8,2026,5,14
강서구,방화동,현대,84.99,11,1993,53000,0,2026,5,9
강서구,등촌동,주공3,58.14,10,1995,10000,150,2026,5,14
강서구,가양동,가양6단지,39.6,6,1992,15000,60,2026,5,14
강서구,등촌동,등촌동현대2차,84.95,9,1997,10000,150,2026,5,1
강서구,방화동,동성,64.65,10,1993,45000,0,2026,5,13
강서구,방화동,방화메이빌,51.8976,4,2017,39900,0,2026,5,13
강서구,마곡동,마곡13단지힐스테이트마스터,84.9881,11,2017,55000,30,2026,5,13
강서구,등촌동,대림아르빌아파트,84.6,7,2002,48000,0,2026,5,14
강서구,등촌동,주공3,58.14,11,1995,12000,107,2026,5,12
강서구,염창동,e편한세상염창,51.5045,8,2019,14562,23,2026,5,14
강서구,화곡동,행복타운(926-10),12.24,11,2012,5000,7,2026,5,11
강서구,가양동,대림경동아파트,131.4,4,1993,60000,0,2026,5,9
강서구,등촌동,대림,123.72,14,1995,45000,100,2026,5,8
강서구,가양동,강변,34.44,2,1992,26250,0,2026,5,14
강서구,방화동,방화6단지,24.05,2,1994,1271,3,2026,5,13
강서구,등촌동,제일(코오롱),59.95,18,1999,38580,0,2026,5,4
강서구,염창동,e편한세상염창,51.756,4,2019,14562,23,2026,5,13
강서구,등촌동,등촌동아이파크,84.9958,5,2004,65000,0,2026,5,13
강서구,화곡동,우장산롯데캐슬,85,1,2003,62000,0,2026,5,12
강서구,화곡동,초록,49.77,4,1998,43000,0,2026,5,8
강서구,염창동,관음삼성,59.96,11,1997,47250,0,2026,5,9
강서구,마곡동,마곡엠벨리(14단지),114.86,15,2014,87000,0,2026,5,10
강서구,내발산동,마곡수명산파크3단지,84.76,3,2007,34294,0,2026,5,12
강서구,내발산동,우장산힐스테이트,84.98,9,2005,70000,50,2026,5,13
강서구,등촌동,"등촌7,8단지주공아파트",41.85,11,1994,30450,0,2026,5,13
강서구,화곡동,태민빌딩(143-40),23.47,7,2013,13000,14,2026,5,12
강서구,등촌동,아임2030등촌역,15.17,6,2020,4600,31,2026,5,13
강서구,염창동,대림,84.87,7,1999,35000,90,2026,5,12
강서구,화곡동,태민빌딩(143-40),23.47,7,2013,13000,13,2026,5,12
강서구,내발산동,마곡수명산파크1단지,39.8,14,2007,4743,9,2026,5,13
강서구,염창동,강변힐스테이트,84.99,7,2005,78000,0,2026,5,9
강서구,염창동,강서쌍용예가,84.9025,2,2014,75100,0,2026,5,13
강서구,마곡동,마곡엠밸리7단지,84.68,2,2014,50000,220,2026,5,1
강서구,화곡동,"우장산아이파크,이편한세상",59.98,5,2008,57750,0,2026,5,5
강서구,염창동,금호타운,59.88,11,1999,50400,0,2026,5,12
강서구,가양동,강변,49.5,3,1992,34000,0,2026,5,7
강서구,내발산동,덕현중앙타워빌,61.64,4,2003,40900,0,2026,5,12
강서구,마곡동,마곡보타닉경남아너스빌,84.9941,5,2005,55000,0,2026,5,9
강서구,화곡동,리치아파트104동,21.85,11,2020,19650,11,2026,5,10
강서구,화곡동,유림노르웨이숲(919-1),64.05,11,2004,5000,60,2026,5,11
강서구,화곡동,강서크라운팰리스,29.85,16,2019,26000,0,2026,5,9
강서구,마곡동,마곡13단지힐스테이트마스터,84.9881,9,2017,78000,0,2026,5,12
강서구,염창동,대림,84.87,7,1999,35000,90,2026,5,12
강서구,화곡동,리치아파트104동,19.93,5,2020,19020,9,2026,5,12
강서구,화곡동,우장산에스케이뷰,84.97,2,2006,48000,0,2026,5,12
강서구,마곡동,마곡엠밸리11단지,59.79,7,2016,31873,0,2026,5,12
강서구,마곡동,마곡엠밸리10단지,59.79,13,2016,36030,0,2026,5,12
강서구,마곡동,마곡일성트루엘아파트,59.978,4,2013,44000,0,2026,5,9
강서구,화곡동,삼성홈타운,75.35,1,2003,17600,0,2026,5,9
강서구,방화동,경동팰리스힐,12.22,3,2014,2000,39,2026,5,9
강서구,염창동,극동,104.15,11,2000,20000,250,2026,5,9
강서구,가양동,가양6단지,58.65,10,1992,42000,0,2026,5,10
강서구,등촌동,아임2030등촌역,15.01,17,2020,4600,31,2026,5,12
강서구,마곡동,마곡13단지힐스테이트마스터,84.9881,14,2017,76600,0,2026,5,12
강서구,염창동,아네스트염창,14.94,9,2019,1000,67,2026,5,12
강서구,등촌동,대동황토방,84.95,14,2000,50000,0,2026,5,12
강서구,등촌동,가양역두산위브,50.09,19,2022,61000,0,2026,5,11
강서구,등촌동,등촌파밀리에더클래식201동,56.9,6,2020,56000,0,2026,5,8
강서구,가양동,가양강나루현대,59.76,19,1999,23000,125,2026,5,4
강서구,방화동,방화5,49.77,8,1994,2000,140,2026,5,1
강서구,마곡동,마곡엠벨리(14단지),59.79,13,2014,36030,0,2026,5,12
강서구,등촌동,"등촌7,8단지주공아파트",41.85,2,1994,26400,0,2026,5,10
강서구,가양동,가양6단지,49.5,4,1992,5000,105,2026,5,9
강서구,방화동,동성,84.95,3,1993,45090,0,2026,5,9
강서구,등촌동,주공10,37.67,13,1995,20000,28,2026,5,9
강서구,방화동,청솔,39.36,5,1994,25000,5,2026,5,9
강서구,마곡동,마곡엠밸리6단지,84.88,4,2014,50000,150,2026,5,5
강서구,가양동,가양6단지,39.6,15,1992,32000,0,2026,5,8
강서구,등촌동,마곡루나플라체,21.79,10,2021,500,130,2026,5,11
강서구,염창동,한울밸리움,24.08,7,2020,31000,0,2026,5,9
강서구,염창동,롯데캐슬,84.9519,2,2005,44100,79,2026,5,1
강서구,염창동,삼성한마음,59.94,8,1995,52000,0,2026,5,9
강서구,마곡동,마곡엠밸리11단지,59.97,14,2016,10388,16,2026,5,11
강서구,가양동,가양2단지(성지),49.56,7,1992,6800,120,2026,5,6
강서구,염창동,금호타운,59.88,17,1999,52000,0,2026,5,8
강서구,염창동,e편한세상염창,84.9529,2,2019,57700,0,2026,5,9
강서구,염창동,삼성한마음,59.94,1,1995,39000,48,2026,5,9
강서구,가양동,동신대아,101.97,15,1993,65000,0,2026,5,10
강서구,마곡동,마곡엠벨리(14단지),59.79,10,2014,34315,0,2026,5,11
강서구,등촌동,대동황토방,59.94,17,2000,52000,0,2026,5,6
강서구,마곡동,마곡엠밸리11단지,59.79,14,2016,10388,16,2026,5,11
강서구,방화동,방화5,33.18,13,1994,1000,84,2026,5,9
강서구,화곡동,우장산청솔(992-10),84.88,5,2004,40000,50,2026,5,6
강서구,가양동,강변,39.6,14,1992,24000,30,2026,5,6
강서구,등촌동,아임2030등촌역,15.01,17,2020,4600,31,2026,5,11
강서구,가양동,가양2단지(성지),49.65,7,1992,37000,0,2026,5,10
강서구,가양동,가양도시개발9-2단지,34.44,6,1993,25000,0,2026,5,9
강서구,내발산동,마곡수명산파크1단지,84.53,7,2007,56000,11,2026,5,11
강서구,방화동,방화5,33.18,11,1994,18000,0,2026,5,11
강서구,등촌동,동성,101.88,10,1995,15000,220,2026,5,9
강서구,가양동,강변,49.5,10,1992,40000,0,2026,5,9
강서구,방화동,마곡중앙하이츠아파트,39.58,4,1994,3000,100,2026,5,11
강서구,등촌동,서광등촌마을아파트,84.93,15,1999,65000,0,2026,5,8
강서구,마곡동,마곡엠밸리6단지,84.88,11,2014,75600,0,2026,5,9
강서구,마곡동,마곡나루경남아파트,84.29,7,1991,52300,0,2026,5,6
강서구,내발산동,우장산힐스테이트,59.98,5,2005,60000,0,2026,5,9
강서구,화곡동,우장산역해링턴타워,43.04,11,2021,9800,71,2026,5,8
강서구,등촌동,등촌라인(조합),59.91,3,1997,5000,160,2026,5,8
강서구,가양동,가양6단지,49.5,11,1992,38000,0,2026,5,9
강서구,마곡동,마곡엠밸리8단지,84.88,1,2016,79000,0,2026,5,8
강서구,마곡동,마곡엠밸리7단지,84.79,13,2014,41239,0,2026,5,9
강서구,마곡동,마곡엠밸리2단지,59.79,10,2014,36030,0,2026,5,8
강서구,화곡동,디아인스(899-19),20.685,6,2019,1000,83,2026,5,11
강서구,마곡동,마곡엠밸리11단지,84.88,12,2016,65000,45,2026,5,9
강서구,마곡동,마곡엠밸리11단지,59.79,10,2016,35161,0,2026,5,11
강서구,가양동,가양6단지,39.6,12,1992,2500,79,2026,5,9
강서구,화곡동,우장산롯데캐슬,117.19,3,2003,42000,150,2026,5,8
강서구,마곡동,마곡엠밸리1단지,49.77,6,2014,10817,18,2026,5,8
강서구,내발산동,마곡수명산파크3단지,84.96,15,2007,38083,0,2026,5,8
강서구,내발산동,마곡수명산파크3단지,84.53,3,2007,34294,0,2026,5,8
강서구,화곡동,"우장산아이파크,이편한세상",84.97,5,2008,82000,0,2026,5,11
강서구,마곡동,마곡푸르지오,59.87,3,2008,62000,0,2026,5,10
강서구,가양동,가양6단지,39.6,5,1992,19000,0,2026,5,9
강서구,화곡동,강서힐스테이트,59.99,13,2015,10000,201,2026,5,9
강서구,화곡동,"우장산아이파크,이편한세상",59.98,5,2008,52500,37,2026,5,9
강서구,마곡동,마곡엠밸리6단지,59.79,10,2014,36030,0,2026,5,8
강서구,마곡동,마곡엠밸리11단지,59.87,6,2016,10388,16,2026,5,9
강서구,내발산동,마곡수명산파크1단지,39.8,12,2007,7249,10,2026,5,9
강서구,마곡동,마곡엠밸리6단지,84.84,8,2014,41239,0,2026,5,8
강서구,마곡동,마곡엠밸리6단지,84.6,10,2014,41239,0,2026,5,8
강서구,등촌동,가양역두산위브,59.98,17,2022,40000,110,2026,5,9
강서구,내발산동,마곡수명산파크3단지,84.75,11,2007,38083,0,2026,5,9
강서구,공항동,해태,84.27,16,2000,50000,0,2026,5,9
강서구,마곡동,마곡엠밸리11단지,59.79,3,2016,35161,0,2026,5,11
강서구,마곡동,마곡13단지힐스테이트마스터,84.9805,10,2017,30000,240,2026,5,9
강서구,방화동,신마곡벽산블루밍,49.775,8,2020,17080,25,2026,5,8
강서구,마곡동,마곡엠벨리(15단지),59.97,10,2014,36030,0,2026,5,9
강서구,마곡동,마곡엠밸리6단지,84.88,3,2014,41239,0,2026,5,8
강서구,가양동,가양강나루현대,59.76,4,1999,50400,0,2026,5,9
강서구,마곡동,마곡엠밸리3단지,59.79,9,2014,16225,6,2026,5,8
강서구,화곡동,M노블레스,29.88,4,2021,20664,0,2026,5,9
강서구,방화동,방화5,49.77,12,1994,15000,30,2026,5,6
강서구,내발산동,마곡수명산파크3단지,84.96,6,2007,38083,0,2026,5,10
강서구,마곡동,마곡엠밸리4단지,59.79,8,2014,36030,0,2026,5,8
강서구,마곡동,마곡엠밸리4단지,59.79,15,2014,36030,0,2026,5,8
강서구,가양동,강서한강자이,84.9903,17,2013,41632,0,2026,5,8
강서구,마곡동,마곡엠밸리3단지,59.79,10,2014,35161,0,2026,5,8
강서구,등촌동,부영,80.64,4,1994,5000,160,2026,5,9
강서구,내발산동,우장산힐스테이트,126.65,10,2005,105000,0,2026,5,7
강서구,마곡동,마곡엠밸리3단지,59.79,12,2014,36030,0,2026,5,8
강서구,가양동,가양6단지,58.65,1,1992,38000,0,2026,5,9
강서구,방화동,마곡중앙하이츠아파트,51.03,15,1994,3150,95,2026,5,8
강서구,마곡동,마곡엠밸리7단지,59.79,6,2014,6106,39,2026,5,8
강서구,방화동,힐스테이트신방화역,69.9291,3,2022,5000,205,2026,5,9
강서구,마곡동,마곡엠밸리6단지,84.84,8,2014,10000,300,2026,5,6
강서구,가양동,가양우성,84.87,12,1990,69000,0,2026,5,9
강서구,화곡동,"우장산아이파크,이편한세상",84.97,7,2008,83000,0,2026,5,9
강서구,등촌동,"등촌7,8단지주공아파트",41.85,13,1994,3000,110,2026,5,10
강서구,방화동,방화4단지,134.65,1,1994,65000,0,2026,5,9
강서구,내발산동,마곡수명산파크3단지,84.96,8,2007,38083,0,2026,5,10
강서구,내발산동,마곡수명산파크4단지,59.87,15,2008,7493,14,2026,5,10
강서구,내발산동,마곡수명산파크1단지,39.73,12,2007,4634,10,2026,5,10
강서구,내발산동,마곡수명산파크1단지,39.92,1,2007,2451,22,2026,5,10
강서구,등촌동,주공5,58.14,1,1995,25935,11,2026,5,8
강서구,내발산동,마곡수명산파크3단지,84.53,13,2007,38083,0,2026,5,8
강서구,염창동,현대아이파크,84.84,3,2005,70000,0,2026,5,8
강서구,마곡동,마곡엠밸리10단지,59.79,14,2016,8042,29,2026,5,8
강서구,등촌동,태영,59.97,10,1998,50000,0,2026,5,8
강서구,내발산동,마곡수명산파크3단지,84.75,7,2007,38083,0,2026,5,8
강서구,마곡동,마곡푸르지오,114.72,7,2008,40000,150,2026,5,7
강서구,내발산동,마곡수명산파크3단지,84.75,9,2007,38083,0,2026,5,8
강서구,마곡동,마곡엠밸리12단지,59.79,13,2016,35161,0,2026,5,8
강서구,등촌동,아임2030등촌역,15.01,17,2020,9000,14,2026,5,8
강서구,가양동,가양6단지,49.5,1,1992,26000,0,2026,5,2
강서구,내발산동,마곡수명산파크1단지,39.73,12,2007,2451,22,2026,5,8
강서구,방화동,월드메르디앙101동,76.21,7,2004,6000,150,2026,5,1
강서구,내발산동,마곡수명산파크3단지,84.76,8,2007,38083,0,2026,5,8
강서구,마곡동,마곡엠벨리(14단지),59.79,8,2014,36030,0,2026,5,8
강서구,가양동,강서한강자이,84.9903,14,2013,78000,0,2026,5,7
강서구,화곡동,"우장산아이파크,이편한세상",84.97,10,2008,60000,50,2026,5,6
강서구,마곡동,마곡엠밸리12단지,59.99,6,2016,31873,0,2026,5,8
강서구,방화동,삼성꽃마을,84.68,13,1997,44000,0,2026,5,8
강서구,가양동,가양2단지(성지),49.56,9,1992,5000,120,2026,5,7
강서구,내발산동,마곡수명산파크1단지,84.53,5,2007,25000,180,2026,5,5
강서구,화곡동,M노블레스,27.01,4,2021,19656,0,2026,5,6
강서구,내발산동,마곡수명산파크3단지,84.76,14,2007,38083,0,2026,5,8
강서구,내발산동,마곡수명산파크3단지,84.75,7,2007,38083,0,2026,5,8
강서구,내발산동,마곡수명산파크3단지,84.53,7,2007,38083,0,2026,5,8
강서구,마곡동,마곡엠밸리10단지,59.87,6,2016,36030,0,2026,5,8
강서구,마곡동,마곡엠밸리10단지,59.87,8,2016,36030,0,2026,5,8
강서구,등촌동,주공3,58.14,6,1995,36350,0,2026,5,5
강서구,내발산동,마곡수명산파크1단지,39.8,8,2007,2451,22,2026,5,8
강서구,방화동,대림e-편한세상,84.67,4,2003,52500,0,2026,5,8
강서구,가양동,강변,39.6,12,1992,27000,0,2026,5,7
강서구,등촌동,문원Stay,16.88,8,2018,3000,56,2026,5,8
강서구,방화동,신마곡벽산블루밍,49.6062,10,2020,17080,25,2026,5,8
강서구,내발산동,마곡수명산파크1단지,39.8,8,2007,2941,27,2026,5,8
강서구,화곡동,M노블레스,27.01,7,2021,20030,0,2026,5,7
강서구,내발산동,마곡수명산파크1단지,39.73,5,2007,5909,3,2026,5,8
강서구,마곡동,마곡힐스테이트,84.98,7,2017,75600,0,2026,5,8
강서구,가양동,강변,34.44,10,1992,10000,54,2026,5,1
강서구,방화동,동부센트레빌,84.96,13,2003,57500,0,2026,5,6
강서구,화곡동,M노블레스,27.01,7,2021,20030,0,2026,5,7
강서구,내발산동,원당,73.75,4,2002,29600,40,2026,5,8
강서구,화곡동,강서힐스테이트,59.99,10,2015,72000,0,2026,5,6
강서구,마곡동,마곡엠밸리7단지,114.91,10,2014,110000,0,2026,5,7
강서구,염창동,아네스트염창,14.94,13,2019,11000,23,2026,5,1
강서구,내발산동,마곡수명산파크3단지,84.76,4,2007,38083,0,2026,5,8
강서구,내발산동,마곡수명산파크3단지,84.96,7,2007,38083,0,2026,5,8
강서구,염창동,e편한세상염창,59.8873,2,2019,80000,0,2026,5,6
강서구,방화동,방화5,39.6,4,1994,27000,0,2026,5,7
강서구,마곡동,마곡엠밸리10단지,59.79,11,2016,6474,38,2026,5,8
강서구,방화동,치현마을동일스위트리버,84.9829,2,2004,36750,0,2026,5,4
강서구,등촌동,"등촌1,2단지주공아파트",41.85,13,1994,3000,95,2026,5,2
강서구,마곡동,마곡13단지힐스테이트마스터,84.9805,6,2017,89000,0,2026,5,7
강서구,가양동,가양강나루현대,84.98,11,1999,15000,165,2026,5,7
강서구,가양동,가양6단지,58.65,10,1992,1500,112,2026,5,7
강서구,등촌동,"등촌1,2단지주공아파트",41.85,4,1994,3000,100,2026,5,1
강서구,화곡동,우장산숲아이파크,59.9983,14,2022,73000,0,2026,5,1
강서구,화곡동,블루힐(343-56),14.9,6,2011,10200,5,2026,5,7
강서구,마곡동,마곡13단지힐스테이트마스터,84.9805,4,2017,50300,135,2026,5,1
강서구,화곡동,동성아파트,25.65,10,2015,1000,72,2026,5,6
강서구,염창동,염창1차보람더하임,84.98,1,2008,46872,0,2026,5,7
강서구,화곡동,블루힐(343-56),16.03,8,2011,10060,0,2026,5,7
강서구,화곡동,청담라인씨티,25.74,8,2018,9500,45,2026,5,7
강서구,방화동,신마곡벽산블루밍,59.7592,9,2020,15280,54,2026,5,6
강서구,방화동,신마곡벽산블루밍,49.6538,11,2020,12084,42,2026,5,6
강서구,방화동,개화,133.98,3,1994,52500,0,2026,5,7
강서구,가양동,빛고을우방,84.9,1,1999,62000,0,2026,5,7
강서구,내발산동,광성금강,64.1121,2,2001,40000,0,2026,5,7
강서구,화곡동,성재센트리움,28.39,10,2016,17100,0,2026,5,6
강서구,마곡동,마곡엠벨리(15단지),59.84,13,2014,36030,0,2026,5,6
강서구,내발산동,마곡수명산파크4단지,84.76,7,2008,68000,0,2026,5,6
강서구,방화동,마곡중앙하이츠아파트,39.58,3,1994,20370,15,2026,5,7
강서구,화곡동,"우장산아이파크,이편한세상",84.97,14,2008,80000,0,2026,5,5
강서구,화곡동,상진지오벨리,67.17,7,2010,27600,40,2026,5,5
강서구,마곡동,신안,108.35,3,1993,55000,0,2026,5,6
강서구,화곡동,"우장산아이파크,이편한세상",84.97,13,2008,73500,0,2026,5,2
강서구,마곡동,마곡엠밸리7단지,84.95,14,2014,90000,0,2026,5,5
강서구,내발산동,내츄럴아파트3차,84.4,8,2006,15000,200,2026,5,6
강서구,화곡동,화곡푸르지오,144.123,3,2002,84000,0,2026,5,6
강서구,염창동,강서쌍용예가,59.9194,3,2014,27000,81,2026,5,1
강서구,가양동,가양2단지(성지),34.69,14,1992,22000,0,2026,5,5
강서구,가양동,가양2단지(성지),34.44,10,1992,2000,90,2026,5,1
강서구,염창동,염창1차보람더하임,84.98,3,2008,46872,0,2026,5,6
강서구,마곡동,마곡엠벨리(15단지),59.79,13,2014,10000,190,2026,5,6
강서구,방화동,신마곡벽산블루밍,59.9205,8,2020,15280,54,2026,5,6
강서구,가양동,강변,39.6,11,1992,5000,69,2026,5,5
강서구,마곡동,길훈,51.28,3,1989,26019,0,2026,5,4
강서구,마곡동,마곡13단지힐스테이트마스터,84.9805,13,2017,60900,0,2026,5,5
강서구,마곡동,마곡푸르지오,59.87,2,2008,32247,0,2026,5,4
강서구,방화동,신안네트빌2단지,57.1659,2,2002,42000,0,2026,5,3
강서구,등촌동,마곡루나플라체,22.05,12,2021,2000,105,2026,5,5
강서구,등촌동,태진아름,84.81,1,1995,20000,95,2026,5,4
강서구,화곡동,우장산역해링턴타워,23.68,5,2021,5680,39,2026,5,4
강서구,가양동,강변,39.6,2,1992,19500,0,2026,5,5
강서구,가양동,강변,39.6,8,1992,15000,65,2026,5,5
강서구,등촌동,아임2030등촌역,15.17,4,2020,4600,30,2026,5,4
강서구,가양동,가양6단지,58.65,2,1992,27300,45,2026,5,4
강서구,등촌동,"진로,미주아파트",84.96,3,1994,52000,0,2026,5,4
강서구,화곡동,한양아이클래스,13.79,7,2013,500,50,2026,5,2
강서구,염창동,동아,59.97,13,1998,50000,0,2026,5,4
강서구,내발산동,마곡수명산파크2단지,84.68,13,2007,75000,0,2026,5,1
강서구,가양동,가양우성,84.85,4,1990,10000,200,2026,5,1
강서구,염창동,이너스내안에201동,84.74,9,2006,59000,0,2026,5,4
강서구,염창동,일신건영휴먼빌,84.93,12,2004,55650,0,2026,5,2
강서구,등촌동,주공3,58.14,8,1995,33400,0,2026,5,1
강서구,내발산동,마곡수명산파크4단지,59.84,7,2008,7650,14,2026,5,4
강서구,가양동,가양2단지(성지),49.56,9,1992,3000,150,2026,5,4
강서구,화곡동,세림,21.64,9,2015,1000,88,2026,5,2
강서구,염창동,일신건영휴먼빌,84.93,10,2004,52500,0,2026,5,2
강서구,화곡동,초록,49.77,11,1998,5000,95,2026,5,2
강서구,가양동,가양2단지(성지),39.6,13,1992,24000,0,2026,5,1
강서구,내발산동,마곡수명산파크4단지,84.76,8,2008,57750,0,2026,5,1
강서구,마곡동,한솔솔파크,84.87,7,2005,65000,0,2026,5,1
강서구,방화동,현대,59.89,1,1993,40000,0,2026,5,2
강서구,가양동,가양강나루현대,84.98,4,1999,63000,0,2026,5,2
강서구,염창동,강변한솔솔파크,84.69,14,2005,75000,0,2026,5,1
강서구,화곡동,우장산역해링턴타워,23.68,9,2021,5680,40,2026,5,1
강서구,내발산동,우장산힐스테이트,101.87,13,2005,95000,0,2026,5,1
강서구,염창동,염창1차한화꿈에그린,59.94,8,2005,65000,0,2026,5,1
강서구,염창동,염창1차보람더하임,116.92,2,2008,90000,0,2026,5,3
강서구,방화동,방화3차우림필유,83.35,8,2005,43000,0,2026,5,1
구로구,개봉동,현대홈타운,59.49,16,2001,40000,40,2026,5,31
구로구,신도림동,동아3,60,7,2000,67000,0,2026,5,18
구로구,신도림동,디큐브시티,59.6,9,2011,60000,0,2026,5,19
구로구,신도림동,대림e-편한세상4,117.74,3,2003,82000,90,2026,5,15
구로구,구로동,한신,35.277,4,1988,21000,0,2026,5,23
구로구,고척동,"우성,현대아파트",79.32,3,1987,40000,0,2026,5,23
구로구,신도림동,신도림아이파크,57.9753,10,2015,35000,39,2026,5,8
구로구,신도림동,동아1,59.978,25,1999,63000,0,2026,5,8
구로구,개봉동,센트레빌레우스1단지,84.9625,30,2020,17561,77,2026,5,18
구로구,개봉동,현대홈타운,59.49,28,2001,42000,0,2026,5,13
구로구,구로동,현대상선,64.55,14,1987,33000,0,2026,5,2
구로구,개봉동,두산,84.96,11,1997,43000,0,2026,5,7
구로구,신도림동,동아1,59.978,19,1999,55000,40,2026,5,9
구로구,개봉동,한마을,123.46,1,1999,30500,30,2026,5,2
구로구,고척동,벽산베스트블루밍,59.962,2,2010,37800,0,2026,5,15
구로구,개봉동,센트레빌레우스1단지,84.9716,26,2020,27891,48,2026,5,6
구로구,고척동,고척아이파크(주상복합),64.93,18,2022,22700,49,2026,5,18
구로구,고척동,청구,59.94,3,1999,5000,80,2026,5,2
구로구,신도림동,우성5,59.91,10,1994,34500,0,2026,5,19
구로구,개봉동,센트레빌레우스1단지,84.9716,6,2020,17561,74,2026,5,28
구로구,개봉동,센트레빌레우스2단지,59.948,5,2020,17561,38,2026,5,19
구로구,개봉동,센트레빌레우스1단지,74.9361,12,2020,25825,42,2026,5,28
구로구,구로동,현대연예인,54.86,11,1989,27783,0,2026,5,21
구로구,개봉동,센트레빌레우스1단지,84.9407,25,2020,22726,62,2026,5,8
구로구,신도림동,미성,66.03,2,1987,30400,0,2026,5,18
구로구,개봉동,센트레빌레우스2단지,59.948,7,2020,17561,38,2026,5,15
구로구,신도림동,미성,52.45,9,1987,4000,100,2026,5,30
구로구,신도림동,대림1,59.88,12,1999,50000,0,2026,5,14
구로구,항동,한양수자인에듀힐즈,76.9519,15,2019,55000,0,2026,5,16
구로구,개봉동,센트레빌레우스1단지,74.9361,24,2020,25825,42,2026,5,19
구로구,오류동,금강(343),60.054,3,2003,39900,0,2026,5,22
구로구,항동,항동하버라인8단지,49.86,7,2018,9177,15,2026,5,6
구로구,개봉동,센트레빌레우스1단지,74.9361,5,2020,20660,45,2026,5,11
구로구,개봉동,센트레빌레우스2단지,59.948,11,2020,17561,38,2026,5,12
구로구,궁동,대명하이빌102동,84.7,3,2009,33000,0,2026,5,23
구로구,구로동,로제리움2차,14.91,19,2014,1000,57,2026,5,26
구로구,개봉동,한마을,59.57,23,1999,50000,0,2026,5,7
구로구,구로동,성락,57.33,9,1988,31000,0,2026,5,25
구로구,개봉동,센트레빌레우스1단지,74.9361,15,2020,25825,42,2026,5,15
구로구,구로동,아스타빌,67.97,5,2004,35000,0,2026,5,22
구로구,구로동,신도림태영타운,59.88,14,2000,64000,0,2026,5,1
구로구,개봉동,센트레빌레우스1단지,74.9145,3,2020,20660,48,2026,5,19
구로구,고척동,한일유앤아이,59.647,2,2005,35000,0,2026,5,12
구로구,개봉동,센트레빌레우스1단지,74.9361,24,2020,25825,42,2026,5,22
구로구,개봉동,율포그레이스빌,84.78,2,2002,10000,100,2026,5,16
구로구,오류동,썬앤빌,14.064,9,2014,500,45,2026,5,18
구로구,항동,한양수자인에듀힐즈,76.9519,14,2019,17840,142,2026,5,22
구로구,항동,현대홈타운스위트,84.9852,1,2004,40000,0,2026,5,25
구로구,구로동,성호메이플라워멤버스빌,31.75,9,2002,3000,50,2026,5,30
구로구,오류동,썬앤빌,14.064,15,2014,500,45,2026,5,6
구로구,구로동,구로두산,63.33,7,1998,40000,0,2026,5,28
구로구,구로동,구로두산,44.64,2,1998,27500,0,2026,5,20
구로구,개봉동,센트레빌레우스1단지,74.9361,23,2020,20660,57,2026,5,18
구로구,신도림동,까사펠리체,31.09,5,2025,3000,125,2026,5,16
구로구,구로동,성산E동,36.44,1,1995,8300,0,2026,5,27
구로구,구로동,(752-9),32.92,3,1996,1000,60,2026,5,29
구로구,구로동,대림역대성스카이렉스,114.23,10,2006,55000,0,2026,5,25
구로구,천왕동,천왕연지타운1단지,59.97,1,2013,50000,0,2026,5,30
구로구,구로동,파인마루오피스텔,18.9,12,2016,11800,23,2026,5,17
구로구,항동,항동제일풍경채포레스트,84.6614,10,2020,45000,0,2026,5,15
구로구,개봉동,센트레빌레우스1단지,74.9361,18,2020,25825,42,2026,5,27
구로구,구로동,신도림현대,80.01,19,1994,58000,0,2026,5,12
구로구,오류동,오류동삼전솔하임,15.943,6,2020,1000,63,2026,5,26
구로구,고척동,고척아이파크(아파트),79.97,26,2022,22000,54,2026,5,6
구로구,신도림동,우성1,84.96,1,1992,10000,180,2026,5,20
구로구,개봉동,센트레빌레우스1단지,74.9145,5,2020,25825,38,2026,5,6
구로구,온수동,온수힐스테이트,84.97,6,2010,52500,0,2026,5,30
구로구,개봉동,개봉푸르지오,84.94,9,2014,46000,0,2026,5,6
구로구,항동,우남퍼스트빌더센트럴,84.9817,6,2020,30000,85,2026,5,15
구로구,오류동,동선,58.2159,17,2004,5000,100,2026,5,14
구로구,구로동,(744-19),39.11,2,1996,2000,60,2026,5,25
구로구,신도림동,디큐브시티,59.16,3,2011,27000,102,2026,5,30
구로구,구로동,럭키,71.4,5,1992,45000,0,2026,5,23
구로구,고척동,고척월드메르디앙,84.92,3,2011,57000,0,2026,5,21
구로구,구로동,(745-56),55.8,1,1997,2000,72,2026,5,18
구로구,개봉동,현대,84.99,22,2001,33000,70,2026,5,27
구로구,구로동,(748-31),39.6,3,1998,2000,55,2026,5,16
구로구,구로동,순영웰라이빌2차,66.63,6,2005,5000,110,2026,5,16
구로구,신도림동,대림2,134.99,4,2001,78500,0,2026,5,27
구로구,구로동,영화참마음,84.63,12,2001,33000,8,2026,5,15
구로구,신도림동,신도림아이파크,56.3121,4,2015,32000,51,2026,5,13
구로구,개봉동,삼환,84.945,21,1995,20000,0,2026,5,2
구로구,오류동,오류동행복주택,29.76,12,2018,9211,10,2026,5,28
구로구,개봉동,현대,84.99,13,2001,40000,0,2026,5,19
구로구,개봉동,현대,84.99,12,2001,39800,0,2026,5,29
구로구,개봉동,삼호,84.88,13,1996,47000,0,2026,5,3
구로구,신도림동,동아3,60,7,2000,67000,0,2026,5,18
구로구,항동,항동제일풍경채포레스트,84.6614,3,2020,5500,210,2026,5,20
구로구,고척동,한효,69.87,5,1985,10000,80,2026,5,8
구로구,고척동,고척파크푸르지오,84.94,5,2009,71000,0,2026,5,27
구로구,고척동,고척아이파크(아파트),79.97,34,2022,22000,55,2026,5,6
구로구,오류동,동선,58.2159,17,2004,5000,100,2026,5,14
구로구,구로동,(749-46),35.31,5,1996,12000,0,2026,5,18
구로구,개봉동,센트레빌레우스1단지,74.9361,24,2020,25825,42,2026,5,27
구로구,천왕동,천왕연지마을2단지,22.23,4,2017,3248,16,2026,5,13
구로구,오류동,오류동푸르지오,84.936,14,2004,57000,0,2026,5,30
구로구,고척동,고척아이파크(아파트),79.97,27,2022,24800,60,2026,5,14
구로구,구로동,코원,12.49,5,2014,500,33,2026,5,29
구로구,오류동,영풍마드레빌,84.741,7,2002,52500,0,2026,5,25
구로구,구로동,구로두산,44.64,12,1998,23000,0,2026,5,26
구로구,고척동,라이프플러스,28.78,8,2012,14600,0,2026,5,13
구로구,구로동,부일빌라,53.67,3,1997,3000,64,2026,5,30
구로구,고척동,"우성,현대아파트",68.7,3,1987,38000,0,2026,5,13
구로구,구로동,구로두산위브,50.14,2,2006,43000,0,2026,5,23
구로구,구로동,(745-14),43.34,2,1998,2000,60,2026,5,26
구로구,신도림동,동아3,60,13,2000,29600,39,2026,5,13
구로구,오류동,오류동역솔리스타,19.27,12,2016,1500,45,2026,5,23
구로구,고척동,청구,59.94,14,1999,30000,0,2026,5,13
구로구,개봉동,센트레빌레우스1단지,74.9361,16,2020,15495,73,2026,5,13
구로구,구로동,현대연예인,54.86,8,1989,3000,80,2026,5,25
구로구,고척동,고척아이파크(아파트),79.97,2,2022,24800,56,2026,5,26
구로구,신도림동,대림2,134.99,13,2001,76000,0,2026,5,2
구로구,오류동,금강(343),84.983,1,2003,49000,0,2026,5,31
구로구,개봉동,센트레빌레우스2단지,59.948,4,2020,17561,38,2026,5,27
구로구,구로동,케이디타워,16.67,15,2023,100,105,2026,5,31
구로구,고척동,한효,83.2,9,1985,20000,70,2026,5,16
구로구,구로동,삼성래미안,58.136,16,2004,47000,0,2026,5,8
구로구,고척동,한효,63.57,9,1985,10000,100,2026,5,28
구로구,신도림동,신도림아이파크,57.5728,20,2015,34000,98,2026,5,18
구로구,개봉동,개봉동상우,82.8,12,2005,47000,0,2026,5,28
구로구,개봉동,센트레빌레우스1단지,84.9625,2,2020,22726,58,2026,5,28
구로구,구로동,한신,44.78,9,1988,1500,110,2026,5,28
구로구,고척동,"우성,현대아파트",79.32,2,1987,35700,0,2026,5,28
구로구,신도림동,디큐브시티,59.6,9,2011,60000,0,2026,5,19
구로구,구로동,주공2,32.39,5,1987,21000,0,2026,5,14
구로구,구로동,비즈트위트레인보우,15.58,4,2012,3000,47,2026,5,19
구로구,구로동,새솔금호,59.9,10,1996,10000,100,2026,5,30
구로구,구로동,우성(23),51.44,11,1985,5000,130,2026,5,18
구로구,구로동,비즈트위트그린,14.86,16,2012,500,50,2026,5,26
구로구,신도림동,동아1,84.908,8,1999,35000,100,2026,5,19
구로구,구로동,영화참마음,84.63,12,2001,33000,8,2026,5,15
구로구,신도림동,우성3,84.75,12,1993,60000,0,2026,5,12
구로구,항동,한양수자인에듀힐즈,76.9519,4,2019,49300,0,2026,5,16
구로구,신도림동,동아1,169.199,19,1999,100000,0,2026,5,21
구로구,개봉동,신영지웰에스테이트개봉역,59.9717,6,2024,54500,0,2026,5,23
구로구,신도림동,동아3,60,4,2000,65000,0,2026,5,9
구로구,오류동,오류동금호어울림,84.93,15,2006,39900,0,2026,5,4
구로구,오류동,라인,84.36,11,1995,20000,75,2026,5,31
구로구,구로동,성호메이플라워멤버스빌,31.75,7,2002,13200,10,2026,5,25
구로구,개봉동,센트레빌레우스1단지,74.9145,30,2020,25825,42,2026,5,26
구로구,구로동,비즈트위트그린,15.11,15,2012,500,55,2026,5,11
구로구,신도림동,우성2,84.82,14,1996,40000,8,2026,5,25
구로구,고척동,청구,59.94,6,1999,6000,100,2026,5,11
구로구,항동,우남퍼스트빌더센트럴,79.9913,19,2020,5000,200,2026,5,23
구로구,신도림동,대림1,59.88,17,1999,35000,80,2026,5,26
구로구,오류동,오류동역솔리스타,18.32,5,2016,8800,0,2026,5,19
구로구,항동,한양수자인에듀힐즈,84.9591,13,2019,5000,150,2026,5,30
구로구,개봉동,센트레빌레우스1단지,84.9716,18,2020,27891,48,2026,5,29
구로구,개봉동,센트레빌레우스1단지,74.9361,27,2020,25825,42,2026,5,26
구로구,고척동,고척아이파크(아파트),79.97,8,2022,24800,57,2026,5,12
구로구,구로동,하나세인스톤2차,19.33,11,2011,12600,10,2026,5,13
구로구,개봉동,두산,59.69,3,1997,30300,0,2026,5,12
구로구,개봉동,센트레빌레우스1단지,84.9625,16,2020,27891,48,2026,5,22
구로구,신도림동,대림2,59.82,10,2001,12000,180,2026,5,25
구로구,구로동,삼성래미안,110.188,18,2004,50000,60,2026,5,29
구로구,구로동,구로현대,84.57,6,1992,41000,0,2026,5,19
구로구,구로동,주공1,73.68,3,1986,39000,0,2026,5,29
구로구,구로동,주공1,83.805,10,1986,30000,50,2026,5,26
구로구,고척동,고척아이파크(주상복합),79.92,29,2022,14000,85,2026,5,20
구로구,신도림동,동아3,60,1,2000,58000,0,2026,5,4
구로구,구로동,성락,57.33,9,1988,31000,0,2026,5,25
구로구,개봉동,센트레빌레우스1단지,74.9361,29,2020,25825,42,2026,5,29
구로구,고척동,고척아이파크(주상복합),64.95,27,2022,22700,50,2026,5,20
구로구,오류동,영풍마드레빌,84.741,7,2002,52500,0,2026,5,25
구로구,신도림동,동아2,59.595,8,2000,52000,0,2026,5,5
구로구,신도림동,SKVIEW,84.98,27,2006,70000,0,2026,5,22
구로구,개봉동,센트레빌레우스1단지,84.9716,12,2020,27891,48,2026,5,29
구로구,구로동,대림우성2,43.79,7,1987,24000,0,2026,5,8
구로구,구로동,신도림역동문디이스트,74.9,7,2026,67000,0,2026,5,6
구로구,신도림동,대림2,84.95,10,2001,75000,0,2026,5,30
구로구,신도림동,신도림크라운빌,20.41,11,2015,2000,75,2026,5,29
구로구,구로동,대림역와이즈플레이스,24.647,14,2012,1000,70,2026,5,6
구로구,구로동,순영웰라이빌2차,64.45,8,2005,37000,0,2026,5,29
구로구,구로동,구일우성,59.44,19,1998,35000,0,2026,5,30
구로구,고척동,고척파크푸르지오,59.89,10,2009,62000,0,2026,5,30
구로구,구로동,우방,84.9,6,1993,40000,0,2026,5,30
구로구,신도림동,동아1,84.908,20,1999,25000,180,2026,5,26
구로구,개봉동,센트레빌레우스1단지,84.9625,22,2020,27891,48,2026,5,28
구로구,온수동,온수힐스테이트,84.97,1,2010,47200,0,2026,5,31
구로구,개봉동,센트레빌레우스1단지,74.9145,6,2020,20660,45,2026,5,8
구로구,항동,한양수자인에듀힐즈,84.9591,4,2019,51000,0,2026,5,30
구로구,고척동,라이프플러스,15.45,3,2012,9000,0,2026,5,15
구로구,구로동,일신건영,59.97,14,1998,30000,56,2026,5,30
구로구,개봉동,청실,64.56,9,1987,10000,95,2026,5,23
구로구,고척동,대우,84.99,14,1999,40950,0,2026,5,24
구로구,개봉동,현대,84.99,13,2001,20000,160,2026,5,18
구로구,개봉동,한마을,123.46,1,1999,30500,30,2026,5,2
구로구,개봉동,현대,84.99,9,2001,10000,150,2026,5,28
구로구,구로동,우성(23),51.44,10,1985,5000,130,2026,5,23
구로구,구로동,신도림태영타운,84.87,14,2000,64050,0,2026,5,30
구로구,구로동,신도림롯데아파트,59.68,4,1999,55000,0,2026,5,19
구로구,개봉동,현대,59.94,7,2001,4500,180,2026,5,11
구로구,구로동,대림역대성스카이렉스,114.23,8,2006,60000,0,2026,5,30
구로구,구로동,한신,35.277,3,1988,2000,80,2026,5,14
구로구,오류동,포스시티,14.29,12,2014,500,55,2026,5,6
구로구,고척동,청구,59.94,15,1999,42000,0,2026,5,29
구로구,신도림동,동아1,84.908,14,1999,67000,0,2026,5,29
구로구,개봉동,신영지웰에스테이트개봉역,59.9717,20,2024,30000,100,2026,5,29
구로구,개봉동,현대홈타운,59.49,20,2001,52000,0,2026,5,30
구로구,구로동,신구로자이,84.94,15,2007,30000,30,2026,5,1
구로구,구로동,극동,55.57,5,1984,28000,0,2026,5,30
구로구,신도림동,SKVIEW,84.96,9,2006,71000,0,2026,5,30
구로구,구로동,케이디타워,16.67,15,2023,2000,99,2026,5,7
구로구,항동,항동중흥에스클래스베르데카운티,84.9416,8,2019,55650,0,2026,5,30
구로구,고척동,한효,69.87,1,1985,26000,0,2026,5,29
구로구,고척동,고척아이파크(주상복합),79.92,29,2022,14000,85,2026,5,20
구로구,구로동,구로현대,63.98,10,1992,42000,0,2026,5,23
구로구,개봉동,센트레빌레우스1단지,84.9716,10,2020,27891,45,2026,5,29
구로구,개봉동,한마을,84.57,4,1999,10000,157,2026,5,27
구로구,신도림동,신도림크라운빌,40.46,14,2015,2000,116,2026,5,27
구로구,구로동,비즈트위트레인보우,15.58,5,2012,1000,57,2026,5,2
구로구,고척동,고척아이파크(아파트),79.97,13,2022,24800,57,2026,5,12
구로구,신도림동,신도림크라운빌,20.41,14,2015,2000,75,2026,5,28
구로구,구로동,파인마루오피스텔,18.9,17,2016,1000,69,2026,5,28
구로구,개봉동,현대,114.99,15,2001,9710,100,2026,5,28
구로구,천왕동,천왕연지마을1단지,32.64,5,2017,6604,9,2026,5,29
구로구,구로동,럭키,56.11,3,1992,3000,110,2026,5,15
구로구,구로동,코원,12.49,5,2014,500,50,2026,5,29
구로구,오류동,루체비스타,28.81,9,2020,100,50,2026,5,23
구로구,구로동,비즈트위트그린,15.11,11,2012,500,53,2026,5,7
구로구,신도림동,대림1,59.9,23,1999,60000,0,2026,5,21
구로구,항동,하버라인11단지,29.69,10,2019,4117,27,2026,5,29
구로구,개봉동,센트레빌레우스1단지,84.9407,5,2020,27891,43,2026,5,29
구로구,개봉동,센트레빌레우스2단지,59.948,3,2020,17561,38,2026,5,27
구로구,고척동,산업인,48.04,4,1976,1000,50,2026,5,28
구로구,오류동,오류동행복주택,36.85,14,2018,15000,19,2026,5,29
구로구,천왕동,천왕연지마을2단지,31.06,4,2017,7640,11,2026,5,28
구로구,구로동,구로두산위브,50.14,12,2006,30000,40,2026,5,17
구로구,오류동,오류동행복주택,16.84,13,2018,7540,9,2026,5,29
구로구,신도림동,미성,52.45,10,1987,30450,0,2026,5,9
구로구,구로동,대림역포스큐,14.579,20,2015,11000,5,2026,5,29
구로구,천왕동,천왕이펜하우스3단지,84.96,7,2011,32193,0,2026,5,29
구로구,천왕동,천왕연지마을1단지,32.31,4,2017,2500,23,2026,5,29
구로구,구로동,신도림태영타운,59.88,16,2000,55000,0,2026,5,6
구로구,개봉동,센트레빌레우스1단지,74.9361,18,2020,25825,42,2026,5,28
구로구,개봉동,센트레빌레우스1단지,84.9716,2,2020,27891,43,2026,5,28
구로구,개봉동,두산,111.69,26,1997,47000,0,2026,5,4
구로구,개봉동,센트레빌레우스1단지,84.9407,26,2020,27891,48,2026,5,28
구로구,고척동,신원프라자,65.37,8,1997,28000,0,2026,5,25
구로구,신도림동,우성2,84.82,10,1996,55000,0,2026,5,14
구로구,개봉동,창동,46.08,5,1987,1000,60,2026,5,20
구로구,신도림동,대림2,84.95,9,2001,75000,0,2026,5,28
구로구,개봉동,현대,84.99,2,2001,60000,0,2026,5,28
구로구,고척동,서울가든,84.99,3,1989,43000,0,2026,5,27
구로구,개봉동,개봉동상우,82.8,19,2005,40000,0,2026,5,28
구로구,개봉동,센트레빌레우스1단지,74.9361,16,2020,25825,42,2026,5,26
구로구,개봉동,두산,84.96,11,1997,43000,0,2026,5,7
구로구,가리봉동,남구로역동일센타시아,43.14,2,2024,38000,0,2026,5,19
구로구,구로동,성호메이플라워멤버스빌,31.75,8,2002,1000,70,2026,5,27
구로구,개봉동,센트레빌레우스1단지,84.9625,17,2020,27891,50,2026,5,22
구로구,구로동,이화우성,114.92,6,1998,47000,0,2026,5,2
구로구,개봉동,센트레빌레우스1단지,74.9361,22,2020,25825,42,2026,5,28
구로구,개봉동,센트레빌레우스1단지,84.9625,4,2020,27891,43,2026,5,27
구로구,구로동,신도림태영타운,84.87,4,2000,60000,0,2026,5,27
구로구,신도림동,신도림크라운빌,20.47,9,2015,1000,83,2026,5,15
구로구,구로동,한신,35.277,7,1988,1000,90,2026,5,21
구로구,오류동,오류동행복주택,16.84,15,2018,2540,29,2026,5,25
구로구,천왕동,천왕이펜하우스2단지,39.45,2,2011,6123,11,2026,5,27
구로구,개봉동,세이지움개봉,18.5506,9,2025,10000,26,2026,5,27
구로구,오류동,오류동행복주택,29.76,12,2018,9011,11,2026,5,27
구로구,신도림동,동아2,84.908,9,2000,73000,0,2026,5,7
구로구,구로동,구로아트빌라4동(806-33),59.93,5,2002,18000,0,2026,5,27
구로구,고척동,고척LIG리가2차,59.95,12,2009,40000,20,2026,5,27
구로구,오류동,오류동행복주택,16.84,7,2018,860,32,2026,5,20
구로구,구로동,희훈타워빌,127.05,18,1998,48300,0,2026,5,16
구로구,개봉동,센트레빌레우스1단지,84.9407,3,2020,27891,43,2026,5,27
구로구,구로동,(744-5),58.96,4,1996,2000,85,2026,5,27
구로구,오류동,오류동행복주택,29.76,10,2018,11284,14,2026,5,27
구로구,개봉동,센트레빌레우스1단지,74.9361,18,2020,25825,42,2026,5,27
구로구,구로동,신도림태영타운,84.87,19,2000,10000,210,2026,5,23
구로구,개봉동,센트레빌레우스1단지,74.9361,18,2020,25825,42,2026,5,21
구로구,구로동,신도림롯데아파트,170.3,9,1999,68250,0,2026,5,19
구로구,고척동,고척월드메르디앙,84.96,13,2011,47250,0,2026,5,25
구로구,천왕동,천왕이펜하우스4단지,49.58,9,2011,7886,15,2026,5,27
구로구,오류동,삼천리,84.75,22,1998,51500,0,2026,5,22
구로구,신도림동,대림e-편한세상7,84.928,11,2004,55000,75,2026,5,27
구로구,천왕동,천왕이펜하우스1단지,39.45,5,2011,8690,0,2026,5,27
구로구,구로동,(717-15)경원주택5동,49.83,5,1999,13000,20,2026,5,20
구로구,오류동,오류동행복주택,16.84,13,2018,4562,11,2026,5,27
구로구,개봉동,한양아이클래스구로,44.4,15,2018,29000,0,2026,5,22
구로구,구로동,(745-69),45.6,2,1997,5000,30,2026,5,26
구로구,신도림동,상림빌딩,17.9146,6,2021,1000,99,2026,5,16
구로구,온수동,온수힐스테이트,59.98,1,2010,27319,0,2026,5,27
구로구,오류동,오류동금호어울림,84.93,9,2006,47000,0,2026,5,27
구로구,고척동,라이프플러스,15.45,8,2012,9500,0,2026,5,16
구로구,구로동,우성(1058),84.38,2,1995,35000,50,2026,5,27
구로구,천왕동,천왕이펜하우스8단지,36.87,6,2018,8151,27,2026,5,21
구로구,개봉동,센트레빌레우스1단지,84.9625,12,2020,27891,48,2026,5,26
구로구,개봉동,센트레빌레우스1단지,84.9716,7,2020,27891,45,2026,5,11
구로구,개봉동,센트레빌레우스1단지,74.9361,3,2020,25825,38,2026,5,26
구로구,고척동,경남2,84.85,12,1999,50000,0,2026,5,23
구로구,개봉동,삼환,84.945,18,1995,45000,8,2026,5,5
구로구,오류동,동부골든,105.21,7,1998,44000,0,2026,5,23
구로구,오류동,영풍마드레빌,84.741,13,2002,57000,0,2026,5,23
구로구,구로동,(748-5),58.02,1,1972,1000,70,2026,5,15
구로구,천왕동,천왕이펜하우스5단지,114.85,10,2011,38021,0,2026,5,26
구로구,신도림동,대림e-편한세상4,117.74,18,2003,115000,0,2026,5,23
구로구,구로동,현대로얄,52.46,1,1987,29500,0,2026,5,12
구로구,개봉동,센트레빌레우스1단지,74.9361,9,2020,15495,60,2026,5,26
구로구,구로동,비즈트위트레인보우,15.17,3,2012,150,67,2026,5,11
구로구,오류동,동보,84.96,4,1998,34800,0,2026,5,26
구로구,개봉동,거성,58.23,5,1988,4000,65,2026,5,23
구로구,고척동,한효,70.78,6,1985,37000,0,2026,5,19
구로구,구로동,성호메이플라워멤버스빌,36.98,14,2002,1000,80,2026,5,4
구로구,구로동,신도림롯데아파트,84.93,14,1999,60000,0,2026,5,23
구로구,온수동,온수힐스테이트,121.26,2,2010,51800,0,2026,5,23
구로구,온수동,온수힐스테이트,59.98,1,2010,10000,140,2026,5,23
구로구,구로동,미래타워,59.94,5,2003,32000,0,2026,5,23
구로구,오류동,루체비스타,29.98,11,2020,19980,0,2026,5,26
구로구,천왕동,천왕이펜하우스2단지,49.58,9,2011,4804,35,2026,5,26
구로구,구로동,우성(23),64.4,4,1985,27000,60,2026,5,13
구로구,구로동,구로현대,56.49,11,1992,31500,0,2026,5,23
구로구,천왕동,천왕이펜하우스7단지,29.96,14,2017,6027,8,2026,5,24
구로구,구로동,럭키,71.4,5,1992,45000,0,2026,5,23
구로구,신도림동,미성,83.67,7,1987,50000,0,2026,5,22
구로구,구로동,주공1,73.08,12,1986,35000,0,2026,5,21
구로구,신도림동,동아1,84.908,15,1999,50000,41,2026,5,23
구로구,구로동,이화우성,59.82,7,1998,6000,135,2026,5,19
구로구,개봉동,한진,59.95,1,2000,35000,0,2026,5,7
구로구,고척동,삼익(1단지),59.82,12,2001,33600,0,2026,5,25
구로구,오류동,동부골든,59.94,11,1998,3000,110,2026,5,5
구로구,구로동,주공2,54.9,2,1987,30000,10,2026,5,15
구로구,구로동,현대상선,64.55,12,1987,35000,0,2026,5,23
구로구,신도림동,대림1,59.93,1,1999,47000,0,2026,5,11
구로구,신도림동,신도림크라운빌,20.41,2,2015,1200,79,2026,5,22
구로구,개봉동,세이지움개봉,18.8878,24,2025,10000,26,2026,5,22
구로구,구로동,신도림현대,80.01,1,1994,50000,0,2026,5,25
구로구,구로동,주공2,49.94,9,1987,28000,0,2026,5,23
구로구,개봉동,한진,84.96,7,2000,41000,0,2026,5,16
구로구,개봉동,센트레빌레우스1단지,74.9361,6,2020,20660,45,2026,5,22
구로구,구로동,신도림롯데아파트,59.68,6,1999,55000,0,2026,5,22
구로구,구로동,신도림태영타운,134.88,10,2000,84000,0,2026,5,22
구로구,개봉동,삼환,84.945,19,1995,50000,0,2026,5,20
구로구,개봉동,센트레빌레우스1단지,84.9716,19,2020,27891,48,2026,5,22
구로구,온수동,온수힐스테이트,59.98,3,2010,18512,0,2026,5,22
구로구,천왕동,천왕연지마을1단지,32.31,7,2017,8736,18,2026,5,22
구로구,개봉동,센트레빌레우스1단지,84.9625,26,2020,27891,48,2026,5,22
구로구,구로동,(745-43),48.12,3,1996,5000,50,2026,5,4
구로구,항동,하버라인3단지,59.94,3,2019,10045,16,2026,5,22
구로구,고척동,산업인,47.01,3,1976,10000,0,2026,5,19
구로구,고척동,라이프플러스,14.39,6,2012,8500,0,2026,5,15
구로구,개봉동,센트레빌레우스1단지,84.9716,11,2020,27891,48,2026,5,22
구로구,구로동,주공2,32.39,6,1987,2000,47,2026,5,22
구로구,개봉동,센트레빌레우스1단지,84.9716,27,2020,27891,48,2026,5,22
구로구,개봉동,센트레빌레우스1단지,74.9361,15,2020,25825,42,2026,5,22
구로구,개봉동,센트레빌레우스1단지,74.9361,30,2020,25825,42,2026,5,22
구로구,천왕동,천왕이펜하우스7단지,29.96,9,2017,5240,12,2026,5,22
구로구,구로동,주공1,73.08,3,1986,30000,0,2026,5,22
구로구,개봉동,한마을,84.57,17,1999,20000,94,2026,5,22
구로구,항동,하버라인3단지,74.87,6,2019,48500,0,2026,5,21
구로구,개봉동,센트레빌레우스1단지,84.9407,35,2020,27891,48,2026,5,22
구로구,천왕동,천왕이펜하우스7단지,29.96,12,2017,6024,8,2026,5,21
구로구,신도림동,미성,66.03,8,1987,40000,0,2026,5,14
구로구,천왕동,천왕이펜하우스6단지,84.95,11,2011,32193,0,2026,5,21
구로구,고척동,대우,84.98,16,1999,5000,126,2026,5,15
구로구,구로동,현대연예인,84.91,4,1989,37200,0,2026,5,21
구로구,개봉동,센트레빌레우스1단지,84.9716,11,2020,27891,48,2026,5,21
구로구,개봉동,센트레빌레우스1단지,84.9716,31,2020,27891,48,2026,5,21
구로구,천왕동,천왕연지타운2단지,49.34,2,2014,2447,42,2026,5,21
구로구,개봉동,센트레빌레우스1단지,84.9407,8,2020,17561,74,2026,5,19
구로구,개봉동,센트레빌레우스1단지,74.9361,16,2020,25825,42,2026,5,21
구로구,개봉동,센트레빌레우스1단지,74.9361,10,2020,25825,40,2026,5,21
구로구,고척동,고척아이파크(주상복합),79.92,29,2022,14000,85,2026,5,20
구로구,고척동,고척아이파크(아파트),64.92,7,2022,23400,50,2026,5,13
구로구,구로동,케이디타워,24.95,14,2023,3000,139,2026,5,20
구로구,신도림동,대림e-편한세상7,84.928,17,2004,71400,0,2026,5,21
구로구,개봉동,센트레빌레우스1단지,84.9625,11,2020,27891,48,2026,5,21
구로구,개봉동,센트레빌레우스1단지,84.9716,25,2020,27891,48,2026,5,21
구로구,개봉동,센트레빌레우스1단지,84.9407,7,2020,27891,45,2026,5,21
구로구,구로동,구로두산,63.33,12,1998,30000,39,2026,5,15
구로구,신도림동,대림1,59.88,7,1999,45000,0,2026,5,21
구로구,고척동,고척아이파크(주상복합),79.92,14,2022,24000,55,2026,5,20
구로구,개봉동,현대홈타운,151.41,11,2001,68000,0,2026,5,17
구로구,천왕동,천왕이펜하우스2단지,49.58,3,2011,4804,35,2026,5,21
구로구,구로동,한일유앤아이,84.962,4,2006,45000,0,2026,5,21
구로구,온수동,온수힐스테이트,59.98,8,2010,18512,0,2026,5,20
구로구,개봉동,삼호,84.88,1,1996,46000,0,2026,5,20
구로구,구로동,극동,55.57,10,1984,30000,0,2026,5,20
구로구,구로동,삼성래미안,78.665,7,2004,5000,175,2026,5,15
구로구,구로동,구로두산위브,50.14,16,2006,18000,66,2026,5,13
구로구,개봉동,센트레빌레우스1단지,74.9361,13,2020,25825,42,2026,5,21
구로구,개봉동,현대홈타운,59.49,18,2001,47000,0,2026,5,19
구로구,구로동,태영빌라2,58.06,5,1997,3000,58,2026,5,21
구로구,신도림동,우성5,59.91,3,1994,30000,60,2026,5,11
구로구,신도림동,동아2,84.908,10,2000,73500,0,2026,5,1
구로구,오류동,동부골든,71.06,14,1998,15000,70,2026,5,16
구로구,구로동,구로오네뜨시티,25.07,15,2022,1000,90,2026,5,7
구로구,항동,하버라인3단지,49.86,10,2019,8344,15,2026,5,21
구로구,개봉동,센트레빌레우스1단지,84.9716,7,2020,27891,45,2026,5,20
구로구,항동,우남퍼스트빌더센트럴,117.9344,3,2020,40000,90,2026,5,1
구로구,천왕동,천왕연지타운2단지,101.99,8,2014,37163,0,2026,5,20
구로구,오류동,영풍마드레빌,84.741,9,2002,25000,130,2026,5,20
구로구,온수동,온수힐스테이트,59.98,6,2010,18512,0,2026,5,20
구로구,개봉동,세이지움개봉,18.8878,22,2025,5000,45,2026,5,20
구로구,천왕동,천왕이펜하우스6단지,84.95,13,2011,32193,0,2026,5,19
구로구,신도림동,동아1,59.978,14,1999,66000,0,2026,5,6
구로구,항동,하버라인11단지,29.69,3,2019,7186,10,2026,5,21
구로구,신도림동,대림e-편한세상4,84.78,16,2003,92000,0,2026,5,8
구로구,고척동,한효,63.57,10,1985,32000,0,2026,5,9
구로구,구로동,신도림롯데아파트,59.68,17,1999,10000,125,2026,5,20
구로구,천왕동,천왕이펜하우스5단지,84.96,10,2011,32193,0,2026,5,21
구로구,항동,하버라인3단지,59.86,10,2019,10045,16,2026,5,20
구로구,항동,하버라인3단지,59.86,8,2019,6093,38,2026,5,20
구로구,천왕동,천왕이펜하우스6단지,49.58,6,2011,2210,40,2026,5,21
구로구,구로동,SR친오애,84.973,14,2009,46200,0,2026,5,20
구로구,구로동,주공2,49.94,11,1987,26100,0,2026,5,9
구로구,신도림동,미성,52.45,5,1987,5000,70,2026,5,14
구로구,천왕동,천왕이펜하우스1단지,59.95,12,2011,5993,39,2026,5,20
구로구,개봉동,현대,114.99,24,2001,23000,170,2026,5,18
구로구,개봉동,센트레빌레우스1단지,84.9716,12,2020,27891,48,2026,5,20
구로구,개봉동,세이지움개봉,36.6617,9,2025,15000,49,2026,5,20
구로구,구로동,케이디타워,16.67,11,2023,1000,98,2026,5,20
구로구,개봉동,센트레빌레우스1단지,74.9361,8,2020,25825,40,2026,5,13
구로구,오류동,삼천리,59.73,24,1998,5000,100,2026,5,4
구로구,구로동,코원,12.49,2,2014,500,40,2026,5,16
구로구,개봉동,센트레빌레우스1단지,74.9361,21,2020,25825,42,2026,5,20
구로구,개봉동,센트레빌레우스1단지,74.9361,22,2020,25825,42,2026,5,20
구로구,천왕동,천왕이펜하우스7단지,29.96,5,2017,2336,20,2026,5,20
구로구,천왕동,천왕이펜하우스5단지,84.96,6,2011,32193,0,2026,5,20
구로구,신도림동,미성,37.91,1,1987,20000,20,2026,5,19
구로구,구로동,순영웰라이빌2차,64.45,11,2005,41000,0,2026,5,7
구로구,구로동,청우아트빌리지(738-39),48.06,3,1994,3000,60,2026,5,13
구로구,구로동,신도림롯데아파트,170.3,9,1999,68250,0,2026,5,19
구로구,천왕동,천왕이펜하우스6단지,84.95,7,2011,32193,0,2026,5,19
구로구,신도림동,우성5,59.91,10,1994,34500,0,2026,5,19
구로구,고척동,벽산베스트블루밍,35.48,2,2010,1012,27,2026,5,12
구로구,구로동,신안타워,84.95,17,1998,42000,0,2026,5,16
구로구,구로동,신도림롯데아파트,59.96,17,1999,5000,220,2026,5,13
구로구,천왕동,천왕이펜하우스2단지,49.58,12,2011,10547,3,2026,5,19
구로구,구로동,신도림역동문디이스트,74.9,1,2026,59500,0,2026,5,16
구로구,천왕동,천왕이펜하우스7단지,29.96,13,2017,6024,8,2026,5,19
구로구,항동,항동하버라인8단지,39.91,9,2018,1600,32,2026,5,19
구로구,오류동,삼천리,84.75,12,1998,32500,60,2026,5,19
구로구,구로동,현대상선,64.55,10,1987,30500,0,2026,5,19
구로구,오류동,썬앤빌,14.064,8,2014,500,43,2026,5,4
구로구,구로동,파인마루오피스텔,15.75,15,2016,1000,65,2026,5,1
구로구,신도림동,신도림크라운빌,20.47,4,2015,2000,75,2026,5,15
구로구,천왕동,천왕이펜하우스7단지,29.96,8,2017,5692,7,2026,5,19
구로구,구로동,(744-8),38.32,2,1996,1000,70,2026,5,9
구로구,개봉동,영화,84.96,15,1998,20000,85,2026,5,17
구로구,고척동,라이프플러스,14.92,6,2012,7000,15,2026,5,7
구로구,개봉동,센트레빌레우스1단지,84.9625,4,2020,17561,72,2026,5,19
구로구,천왕동,천왕이펜하우스7단지,29.96,10,2017,5692,7,2026,5,19
구로구,천왕동,천왕이펜하우스7단지,29.96,5,2017,6024,8,2026,5,19
구로구,천왕동,천왕이펜하우스7단지,29.96,15,2017,6024,8,2026,5,19
구로구,천왕동,천왕이펜하우스7단지,29.96,13,2017,6024,8,2026,5,19
구로구,천왕동,천왕연지타운1단지,39.97,17,2013,7184,12,2026,5,19
구로구,구로동,주공1,83.87,11,1986,30000,0,2026,5,19
구로구,온수동,온수힐스테이트,59.98,3,2010,18512,0,2026,5,19
구로구,구로동,주공1,83.805,1,1986,25000,50,2026,5,18
구로구,천왕동,천왕이펜하우스7단지,29.96,6,2017,5588,10,2026,5,19
구로구,구로동,(796-56),27.6,2,1997,1000,45,2026,5,6
구로구,천왕동,천왕이펜하우스6단지,84.95,6,2011,32193,0,2026,5,19
구로구,고척동,동아한신,59.77,2,2000,35000,0,2026,5,19
구로구,고척동,한일유앤아이,84.98,11,2005,15000,145,2026,5,18
구로구,신도림동,SKVIEW,84.96,14,2006,30000,180,2026,5,18
구로구,천왕동,천왕이펜하우스7단지,29.96,2,2017,2466,21,2026,5,19
구로구,신도림동,미성,66.03,8,1987,40000,0,2026,5,14
구로구,고척동,라이프플러스,14.92,11,2012,9500,0,2026,5,15
구로구,신도림동,동아2,59.595,18,2000,58000,0,2026,5,1
구로구,천왕동,천왕이펜하우스1단지,39.45,9,2011,5217,19,2026,5,18
구로구,신도림동,우성3,84.75,12,1993,70000,0,2026,5,17
구로구,오류동,동부골든,113.43,11,1998,45000,0,2026,5,14
구로구,항동,하버라인2단지,59.86,10,2019,9697,17,2026,5,18
구로구,고척동,벽산베스트블루밍,84.895,8,2010,46500,30,2026,5,18
구로구,신도림동,대림1,84.95,12,1999,75000,0,2026,5,12
구로구,개봉동,한마을,59.57,23,1999,50000,0,2026,5,7
구로구,천왕동,천왕이펜하우스6단지,84.95,13,2011,33988,0,2026,5,6
구로구,고척동,라이프플러스,14.39,2,2012,8000,0,2026,5,15
구로구,구로동,신도림역동문디이스트,84.98,5,2026,10000,215,2026,5,2
구로구,구로동,구로두산,51.84,10,1998,3000,130,2026,5,15
구로구,항동,하버라인11단지,39.69,5,2019,9632,13,2026,5,18
구로구,구로동,구로두산,44.64,22,1998,24700,0,2026,5,15
구로구,고척동,고척파크푸르지오,84.94,8,2009,57260,0,2026,5,16
구로구,구로동,금호,59.96,22,1997,35000,0,2026,5,15
구로구,신도림동,신도림아이파크,57.5728,20,2015,34000,98,2026,5,18
구로구,구로동,구로두산위브,50.14,2,2006,39900,0,2026,5,15
구로구,구로동,극동,91.09,2,1984,30000,50,2026,5,18
구로구,구로동,구로두산위브,50.14,3,2006,40000,0,2026,5,3
구로구,신도림동,대림2,59.88,6,2001,5000,160,2026,5,17
구로구,구로동,한신,59.88,6,1988,25000,40,2026,5,14
구로구,고척동,라이프플러스,15.45,8,2012,9500,0,2026,5,16
구로구,구로동,구로두산,44.64,6,1998,3000,100,2026,5,6
구로구,천왕동,천왕이펜하우스1단지,59.95,1,2011,5993,39,2026,5,16
구로구,신도림동,대림1,59.9,12,1999,10000,180,2026,5,13
구로구,구로동,럭키,59.98,3,1992,3000,130,2026,5,17
구로구,고척동,벽산,84.878,4,2003,55000,0,2026,5,16
구로구,천왕동,천왕이펜하우스8단지,29.38,7,2018,8158,14,2026,5,16
구로구,고척동,벽산,84.878,3,2003,58000,0,2026,5,16
구로구,구로동,구로두산위브,36.88,7,2006,30000,0,2026,5,7
구로구,항동,한양수자인에듀힐즈,76.9519,15,2019,55000,0,2026,5,16
구로구,개봉동,영화,59.78,9,1998,35000,0,2026,5,7
구로구,고척동,벽산베스트블루밍,84.895,3,2010,58000,0,2026,5,16
구로구,신도림동,미성,37.91,1,1987,30000,0,2026,5,18
구로구,구로동,한신,45.563,3,1988,3000,67,2026,5,1
구로구,항동,하버라인2단지,59.86,7,2019,10000,155,2026,5,16
구로구,개봉동,센트레빌레우스1단지,84.9625,2,2020,27891,43,2026,5,15
구로구,신도림동,미성,83.67,3,1987,45000,0,2026,5,15
구로구,개봉동,센트레빌레우스1단지,84.9407,8,2020,22726,60,2026,5,15
구로구,구로동,현대상선,79.98,12,1987,41000,0,2026,5,15
구로구,개봉동,상우,84.06,18,1997,22000,105,2026,5,14
구로구,오류동,오류동행복주택,29.76,18,2018,9211,10,2026,5,15
구로구,신도림동,대림2,59.88,17,2001,39900,0,2026,5,2
구로구,개봉동,센트레빌레우스1단지,74.9361,17,2020,15495,71,2026,5,15
구로구,고척동,라이프플러스,33.525,4,2012,15500,0,2026,5,15
구로구,개봉동,센트레빌레우스1단지,84.9716,10,2020,17561,74,2026,5,7
구로구,개봉동,센트레빌레우스1단지,84.9407,17,2020,27891,48,2026,5,15
구로구,구로동,신도림역동문디이스트,74.9,2,2026,63000,0,2026,5,5
구로구,신도림동,대림e-편한세상6,84.816,9,2003,73500,0,2026,5,2
구로구,신도림동,대림1,59.88,12,1999,50000,0,2026,5,14
구로구,항동,항동하버라인8단지,39.91,12,2018,6692,11,2026,5,14
구로구,고척동,벽산,84.878,22,2003,55000,0,2026,5,15
구로구,천왕동,천왕이펜하우스1단지,59.95,12,2011,9743,15,2026,5,15
구로구,개봉동,센트레빌레우스1단지,74.9361,14,2020,25825,42,2026,5,15
구로구,천왕동,천왕연지마을1단지,32.31,10,2017,5040,20,2026,5,14
구로구,고척동,라이프플러스,14.39,11,2012,8500,0,2026,5,14
구로구,오류동,계림웨스트벨리,49.81,1,2021,10791,11,2026,5,14
구로구,고척동,고척아이파크(주상복합),64.95,16,2022,22700,49,2026,5,14
구로구,천왕동,천왕이펜하우스8단지,36.87,4,2018,7712,11,2026,5,13
구로구,구로동,구일우성,59.44,24,1998,32500,0,2026,5,14
구로구,오류동,오류동행복주택,29.76,5,2018,9883,12,2026,5,14
구로구,개봉동,개봉푸르지오,59.86,9,2014,27534,0,2026,5,12
구로구,구로동,구로현대,84.57,4,1992,5000,140,2026,5,14
구로구,천왕동,천왕연지타운1단지,59.98,5,2013,18797,0,2026,5,14
구로구,구로동,신도림태영타운,84.87,16,2000,72000,0,2026,5,9
구로구,개봉동,개봉푸르지오,59.86,8,2014,27405,0,2026,5,12
구로구,구로동,서원빌라,40.57,4,2010,11340,10,2026,5,12
구로구,구로동,이화우성,59.82,5,1998,31500,15,2026,5,14
구로구,천왕동,천왕이펜하우스3단지,49.85,4,2011,2871,36,2026,5,14
구로구,고척동,삼익(1단지),107.91,11,2001,1500,70,2026,5,12
구로구,개봉동,센트레빌레우스1단지,84.9625,19,2020,27891,48,2026,5,14
구로구,천왕동,천왕이펜하우스8단지,36.87,14,2018,3426,27,2026,5,14
구로구,온수동,온수힐스테이트,59.98,2,2010,27319,0,2026,5,13
구로구,개봉동,한진,59.95,14,2000,33600,0,2026,5,13
구로구,구로동,신도림롯데아파트,84.93,5,1999,65000,0,2026,5,13
구로구,항동,하버라인11단지,29.69,3,2019,6790,10,2026,5,13
구로구,온수동,온수힐스테이트,59.98,1,2010,18512,0,2026,5,14
구로구,오류동,오류동행복주택,16.84,12,2018,5027,21,2026,5,13
구로구,천왕동,천왕연지마을2단지,31.06,4,2017,2124,26,2026,5,13
구로구,천왕동,천왕연지마을2단지,31.06,2,2017,6764,11,2026,5,13
구로구,구로동,하나세인스톤2차,19.33,11,2011,12600,10,2026,5,13
구로구,천왕동,천왕이펜하우스8단지,36.87,13,2018,8160,11,2026,5,13
구로구,천왕동,천왕이펜하우스8단지,36.87,8,2018,8373,11,2026,5,13
구로구,천왕동,천왕이펜하우스7단지,29.96,7,2017,6024,8,2026,5,13
구로구,고척동,고척파크푸르지오,59.89,2,2009,5000,170,2026,5,13
구로구,항동,하버라인2단지,59.86,16,2019,2687,46,2026,5,13
구로구,구로동,극동,90.98,4,1984,3000,140,2026,5,13
구로구,구로동,주공1,73.08,3,1986,36000,0,2026,5,13
구로구,구로동,월드,84.94,5,1998,36000,0,2026,5,9
구로구,온수동,온수힐스테이트,59.98,1,2010,18512,0,2026,5,12
구로구,항동,하버라인2단지,59.74,11,2019,9697,17,2026,5,13
구로구,개봉동,한마을,59.57,11,1999,47200,0,2026,5,1
구로구,천왕동,천왕연지타운1단지,39.97,7,2013,7302,12,2026,5,13
구로구,천왕동,천왕이펜하우스3단지,49.85,15,2011,5502,26,2026,5,13
구로구,구로동,(717-10),45.89,3,1999,15000,0,2026,5,12
구로구,천왕동,천왕이펜하우스4단지,49.58,8,2011,7886,15,2026,5,12
구로구,항동,하버라인11단지,29.69,14,2019,7197,10,2026,5,12
구로구,구로동,(791-2)태영빌라,43.94,1,2001,1200,65,2026,5,4
구로구,구로동,신도림역동문디이스트,74.9,4,2026,68000,0,2026,5,8
구로구,신도림동,신도림크라운빌,20.41,13,2015,1500,75,2026,5,7
구로구,개봉동,센트레빌레우스1단지,84.9716,7,2020,17561,74,2026,5,12
구로구,구로동,서원빌라,40.57,4,2010,11340,10,2026,5,12
구로구,항동,현대홈타운스위트,84.9852,4,2004,30000,6,2026,5,4
구로구,개봉동,센트레빌레우스1단지,84.9625,10,2020,27891,45,2026,5,12
구로구,항동,하버라인3단지,59.86,11,2019,30000,55,2026,5,9
구로구,천왕동,천왕이펜하우스3단지,49.85,5,2011,7576,15,2026,5,12
구로구,항동,하버라인11단지,29.69,12,2019,7270,10,2026,5,12
구로구,항동,하버라인11단지,29.69,5,2019,7186,10,2026,5,12
구로구,구로동,현대,56.49,8,1988,32000,0,2026,5,12
구로구,구로동,극동,58.19,10,1984,4000,100,2026,5,1
구로구,신도림동,동아3,138.412,5,2000,70000,86,2026,5,5
구로구,천왕동,천왕이펜하우스3단지,84.96,3,2011,32193,0,2026,5,12
구로구,구로동,한신,45.563,2,1988,26500,0,2026,5,9
구로구,오류동,동부(105동~106동),59.58,3,1999,38000,0,2026,5,12
구로구,구로동,삼성래미안,58.136,16,2004,47000,0,2026,5,8
구로구,구로동,주공1,84.165,1,1986,30000,0,2026,5,9
구로구,고척동,동아한신,84.92,2,2000,3000,168,2026,5,11
구로구,오류동,경남아너스빌,84.98,13,2003,49000,0,2026,5,6
구로구,항동,하버라인11단지,39.69,15,2019,10161,14,2026,5,11
구로구,신도림동,동아1,59.978,19,1999,55000,40,2026,5,9
구로구,구로동,(797-23),41.67,4,1997,1000,60,2026,5,5
구로구,항동,한양수자인에듀힐즈,84.9544,10,2019,54000,0,2026,5,11
구로구,고척동,벽산베스트블루밍,35.48,2,2010,2532,23,2026,5,12
구로구,천왕동,천왕연지마을2단지,22.23,2,2017,4726,8,2026,5,11
구로구,구로동,구일우성,114.47,16,1998,49300,0,2026,5,8
구로구,개봉동,센트레빌레우스1단지,84.9625,24,2020,27891,48,2026,5,11
구로구,개봉동,영화아이닉스,84.98,7,2005,36700,0,2026,5,8
구로구,개봉동,개봉푸르지오,71.95,23,2014,51000,0,2026,5,2
구로구,개봉동,한진,84.96,15,2000,49000,0,2026,5,9
구로구,개봉동,센트레빌레우스1단지,74.9361,7,2020,20660,45,2026,5,11
구로구,구로동,구로두산,44.64,9,1998,28000,0,2026,5,9
구로구,구로동,삼성래미안,78.665,8,2004,57750,0,2026,5,5
구로구,온수동,온수힐스테이트,59.98,4,2010,18512,0,2026,5,8
구로구,개봉동,센트레빌레우스1단지,84.9625,23,2020,27891,48,2026,5,11
구로구,온수동,온수힐스테이트,59.98,1,2010,27319,0,2026,5,8
구로구,항동,항동하버라인8단지,39.91,8,2018,3789,27,2026,5,11
구로구,구로동,주공2,49.94,2,1987,19000,30,2026,5,11
구로구,개봉동,상우,59.4,1,1997,30000,0,2026,5,11
구로구,개봉동,센트레빌레우스1단지,74.9361,21,2020,25825,42,2026,5,11
구로구,천왕동,천왕연지마을1단지,32.31,3,2017,6994,10,2026,5,11
구로구,신도림동,디큐브시티,105.45,39,2011,115000,0,2026,5,9
구로구,개봉동,센트레빌레우스1단지,74.9361,10,2020,20660,45,2026,5,11
구로구,개봉동,상우,59.4,22,1997,33000,0,2026,5,9
구로구,신도림동,동아2,84.908,22,2000,75000,0,2026,5,4
구로구,항동,하버라인11단지,29.69,8,2019,6790,10,2026,5,10
구로구,항동,항동하버라인8단지,49.86,3,2018,2377,41,2026,5,9
구로구,구로동,신도림태영타운,101.74,18,2000,75000,0,2026,5,11
구로구,구로동,주공2,32.39,8,1987,17000,0,2026,5,11
구로구,개봉동,현대,84.99,7,2001,55000,0,2026,5,8
구로구,고척동,동아한신,84.92,21,2000,46800,0,2026,5,9
구로구,개봉동,진로,59.82,3,2000,25000,15,2026,5,9
구로구,항동,항동하버라인8단지,39.91,4,2018,6583,11,2026,5,4
구로구,개봉동,센트레빌레우스1단지,74.9361,16,2020,25825,42,2026,5,11
구로구,개봉동,현대홈타운,115,11,2001,63000,0,2026,5,9
구로구,항동,하버라인11단지,39.69,2,2019,9632,13,2026,5,9
구로구,천왕동,천왕연지마을2단지,31.06,5,2017,6764,11,2026,5,11
구로구,천왕동,천왕이펜하우스8단지,45.77,11,2018,12310,18,2026,5,10
구로구,구로동,주공2,41.3,11,1987,23000,0,2026,5,9
구로구,천왕동,천왕이펜하우스8단지,45.77,6,2018,10040,29,2026,5,10
구로구,천왕동,천왕이펜하우스8단지,45.77,9,2018,11307,16,2026,5,8
구로구,천왕동,천왕이펜하우스8단지,45.77,10,2018,13044,22,2026,5,8
구로구,구로동,현대,72.33,3,1988,28000,30,2026,5,9
구로구,구로동,비즈트위트블루,15.12,2,2012,8600,8,2026,5,8
구로구,항동,항동하버라인8단지,39.91,4,2018,3789,27,2026,5,11
구로구,구로동,주공1,84.87,1,1986,28000,0,2026,5,8
구로구,구로동,(777-3)두암호은리버빌,54.48,5,2002,20400,0,2026,5,8
구로구,구로동,신도림태영타운,84.87,14,2000,20000,160,2026,5,8
구로구,신도림동,신도림아이파크,56.2646,12,2015,33500,42,2026,5,8
구로구,구로동,주공1,84.87,6,1986,42000,0,2026,5,8
구로구,개봉동,개봉푸르지오,84.94,13,2014,10000,200,2026,5,4
구로구,항동,하버라인11단지,39.69,11,2019,3790,35,2026,5,4
구로구,개봉동,센트레빌레우스1단지,74.9145,31,2020,25825,42,2026,5,8
구로구,신도림동,신도림크라운빌,20.47,15,2015,2000,75,2026,5,6
구로구,개봉동,센트레빌레우스1단지,74.9361,1,2020,20660,45,2026,5,8
구로구,개봉동,센트레빌레우스1단지,84.9716,27,2020,27891,48,2026,5,8
구로구,오류동,오류동행복주택,16.84,10,2018,4725,9,2026,5,8
구로구,신도림동,대림2,134.99,13,2001,76000,0,2026,5,2
구로구,개봉동,현대,84.99,17,2001,52500,0,2026,5,7
구로구,개봉동,두산,111.69,5,1997,35000,70,2026,5,4
구로구,구로동,현대상선,64.55,10,1987,5000,120,2026,5,1
구로구,개봉동,현대,84.99,4,2001,47400,0,2026,5,8
구로구,개봉동,센트레빌레우스1단지,84.9625,17,2020,27891,48,2026,5,7
구로구,고척동,라이프플러스,14.39,13,2012,8500,0,2026,5,7
구로구,항동,항동하버라인8단지,39.91,6,2018,3789,27,2026,5,8
구로구,천왕동,천왕연지마을2단지,31.06,4,2017,6584,11,2026,5,8
구로구,천왕동,천왕이펜하우스4단지,49.58,5,2011,7886,15,2026,5,7
구로구,천왕동,천왕연지마을2단지,31.06,4,2017,7246,13,2026,5,7
구로구,천왕동,천왕이펜하우스7단지,29.96,6,2017,6024,8,2026,5,7
구로구,천왕동,천왕연지마을2단지,31.06,5,2017,3224,24,2026,5,7
구로구,고척동,라이프플러스,14.39,6,2012,8000,0,2026,5,7
구로구,구로동,한신휴플러스(1280-0),50.03,9,2007,39600,0,2026,5,7
구로구,고척동,라이프플러스,14.92,13,2012,9500,0,2026,5,7
구로구,천왕동,천왕연지마을2단지,31.06,3,2017,4824,19,2026,5,7
구로구,고척동,고척파크푸르지오,84.94,9,2009,73000,0,2026,5,7
구로구,구로동,주공1,83.805,9,1986,40000,0,2026,5,7
구로구,고척동,고척LIG리가2차,59.95,8,2009,42000,0,2026,5,6
구로구,천왕동,천왕연지마을2단지,31.06,2,2017,6584,11,2026,5,7
구로구,고척동,라이프플러스,15.45,5,2012,9000,0,2026,5,7
구로구,신도림동,대림e-편한세상5,84.789,17,2003,79000,0,2026,5,6
구로구,오류동,라인,59.52,2,1995,7000,80,2026,5,6
구로구,고척동,라이프플러스,30.285,5,2012,14000,0,2026,5,6
구로구,개봉동,센트레빌레우스1단지,84.9407,7,2020,27891,45,2026,5,7
구로구,오류동,경남아너스빌,84.98,13,2003,49000,0,2026,5,6
구로구,신도림동,신성은하수,59.88,16,1997,48000,0,2026,5,1
구로구,천왕동,천왕연지마을1단지,32.64,3,2017,6994,10,2026,5,6
구로구,고척동,마젤란,84.923,6,2008,31941,0,2026,5,6
구로구,천왕동,천왕이펜하우스8단지,29.38,9,2018,7146,10,2026,5,6
구로구,항동,하버라인3단지,74.85,11,2019,49350,0,2026,5,6
구로구,구로동,(748-5),58.56,1,1972,2000,53,2026,5,2
구로구,구로동,한신,59.88,4,1988,32500,0,2026,5,6
구로구,개봉동,개봉동현대아이파크,59.99,10,2006,51000,0,2026,5,6
구로구,개봉동,센트레빌레우스2단지,59.948,5,2020,17561,38,2026,5,6
구로구,고척동,고척파크푸르지오,59.89,9,2009,5000,200,2026,5,6
구로구,개봉동,한마을,59.57,15,1999,50000,0,2026,5,5
구로구,고척동,고척아이파크(아파트),79.97,9,2022,22000,50,2026,5,4
구로구,구로동,신도림태영타운,59.88,14,2000,64000,0,2026,5,1
구로구,천왕동,천왕연지마을1단지,20.57,3,2017,4152,6,2026,5,6
구로구,천왕동,천왕연지마을1단지,20.57,8,2017,2700,11,2026,5,6
구로구,개봉동,센트레빌레우스1단지,74.9361,15,2020,20660,57,2026,5,6
구로구,천왕동,천왕연지마을1단지,20.57,8,2017,1350,14,2026,5,6
구로구,고척동,마젤란,84.923,2,2008,31941,0,2026,5,4
구로구,신도림동,신도림크라운빌,20.47,6,2015,2000,75,2026,5,6
구로구,구로동,구로두산위브,36.88,18,2006,5000,90,2026,5,6
구로구,고척동,한성,66.06,1,1986,23000,0,2026,5,5
구로구,신도림동,동아2,59.595,21,2000,10000,145,2026,5,5
구로구,천왕동,천왕이펜하우스3단지,114.85,12,2011,49980,0,2026,5,4
구로구,구로동,(803-13)구로아트빌라8,59.44,5,1997,16000,0,2026,5,4
구로구,오류동,오류동푸르지오,61.257,19,2004,30000,0,2026,5,4
구로구,구로동,주공1,84.165,11,1986,40000,0,2026,5,4
구로구,구로동,구로두산위브,36.88,20,2006,30000,0,2026,5,4
구로구,구로동,중앙하이츠,70.52,6,1987,33000,0,2026,5,1
구로구,개봉동,개봉푸르지오,59.86,11,2014,27534,0,2026,5,4
구로구,항동,하버라인3단지,74.87,2,2019,42000,50,2026,5,4
구로구,개봉동,개봉푸르지오,59.86,6,2014,27405,0,2026,5,4
구로구,항동,하버라인11단지,39.69,11,2019,3971,35,2026,5,4
구로구,항동,우남퍼스트빌더센트럴,79.9913,14,2020,49300,0,2026,5,2
구로구,개봉동,개봉푸르지오,59.86,17,2014,27405,0,2026,5,4
구로구,개봉동,개봉푸르지오,84.88,13,2014,20000,180,2026,5,4
구로구,구로동,신도림롯데아파트,59.96,2,1999,45000,0,2026,5,1
구로구,개봉동,한마을,59.57,21,1999,35000,0,2026,5,4
구로구,구로동,럭키,56.11,7,1992,30000,0,2026,5,4
구로구,천왕동,천왕연지타운2단지,101.99,6,2014,26028,0,2026,5,1
구로구,천왕동,천왕연지타운2단지,101.99,6,2014,26028,0,2026,5,1
구로구,개봉동,한마을,59.57,2,1999,35000,0,2026,5,2
구로구,구로동,한일유앤아이,84.962,14,2006,41500,0,2026,5,1
구로구,구로동,구로현대,56.49,15,1992,10000,100,2026,5,1
구로구,신도림동,동아1,84.908,15,1999,68000,0,2026,5,1
구로구,개봉동,삼환,59.4,8,1995,15000,50,2026,5,4
구로구,구로동,일신건영,59.97,1,1998,43000,0,2026,5,4
구로구,천왕동,천왕연지마을2단지,40.28,4,2017,3220,35,2026,5,4
금천구,가산동,하이펠리스,18.73,9,2021,5000,65,2026,5,28
금천구,독산동,금천롯데캐슬골드파크1차,84.8114,5,2016,30000,180,2026,5,18
금천구,가산동,씨앤에스타워,17.8,4,2017,16000,5,2026,5,14
금천구,독산동,금천현대,59.82,16,2002,5000,135,2026,5,29
금천구,시흥동,한빛무궁화101동,74.252,3,2004,2000,90,2026,5,30
금천구,가산동,하이펠리스,17.94,10,2021,500,90,2026,5,29
금천구,가산동,하이펠리스,19.03,8,2021,1000,85,2026,5,30
금천구,독산동,금천롯데캐슬골드파크3차,59.968,44,2018,30000,140,2026,5,9
금천구,독산동,독산역롯데캐슬,59.9603,14,2021,18666,66,2026,5,26
금천구,시흥동,시흥목련,59.21,5,1996,5000,100,2026,5,29
금천구,시흥동,벽산,114.84,1,2000,42000,0,2026,5,12
금천구,시흥동,무지개,67.93,6,1980,650,65,2026,5,23
금천구,독산동,서초파레스,84.11,3,2005,15000,120,2026,5,30
금천구,독산동,라이프,74.72,2,1996,30000,0,2026,5,29
금천구,독산동,금천롯데캐슬골드파크1차,84.8114,25,2016,85000,0,2026,5,22
금천구,시흥동,벽산,59.94,18,2000,5000,100,2026,5,9
금천구,시흥동,관악산벽산타운5,114.84,18,2004,46125,0,2026,5,7
금천구,독산동,금천현대,84.83,5,2002,42500,0,2026,5,31
금천구,시흥동,영광아파트,120.4,5,1994,5000,165,2026,5,11
금천구,시흥동,관악산벽산타운5,84.97,5,2004,41000,0,2026,5,29
금천구,독산동,금천롯데캐슬골드파크1차,84.4657,31,2016,10000,260,2026,5,5
금천구,시흥동,무지개,67.6,1,1980,3000,45,2026,5,14
금천구,시흥동,럭키남서울아파트,41.22,3,1981,18000,0,2026,5,20
금천구,시흥동,와이즈플레이스,14.22,15,2012,500,50,2026,5,21
금천구,독산동,금천롯데캐슬골드파크2차201동202동,59.27,22,2017,58000,0,2026,5,20
금천구,시흥동,벽산,32.7,6,2000,430,16,2026,5,13
금천구,시흥동,관악산벽산타운5,84.97,11,2004,5000,140,2026,5,18
금천구,시흥동,무지개,53.79,3,1980,1000,40,2026,5,9
금천구,독산동,e편한세상독산더타워,59.6222,5,2019,53000,0,2026,5,15
금천구,시흥동,벽산,59.94,7,2000,5000,100,2026,5,30
금천구,독산동,금천롯데캐슬골드파크3차,84.2236,37,2018,73500,0,2026,5,30
금천구,시흥동,남서울힐스테이트,115.801,17,2014,73000,0,2026,5,20
금천구,시흥동,삼익,84.96,17,1999,40000,0,2026,5,18
금천구,가산동,하이펠리스,25.83,8,2021,1000,110,2026,5,2
금천구,가산동,씨앤에스타워,17.8,3,2017,2000,74,2026,5,13
금천구,시흥동,럭키남서울아파트,49.75,11,1981,28500,0,2026,5,30
금천구,독산동,동은6차,85.58,1,2004,10000,100,2026,5,29
금천구,가산동,씨앤에스타워,17.8,4,2017,13400,18,2026,5,12
금천구,시흥동,관악산벽산타운5,84.97,13,2004,3000,160,2026,5,6
금천구,독산동,독산주공14단지,59.22,10,1990,22000,50,2026,5,23
금천구,시흥동,와이즈플레이스,14.22,19,2012,500,50,2026,5,1
금천구,가산동,가산지웰에스테이트2차,14.12,12,2018,2000,50,2026,5,30
금천구,독산동,독산역롯데캐슬,59.799,3,2021,18648,63,2026,5,27
금천구,독산동,한신아파트,129.66,12,1991,47000,0,2026,5,27
금천구,가산동,가산양우내안에애플,12.04,16,2013,500,50,2026,5,7
금천구,독산동,금천롯데캐슬골드파크1차,84.8114,14,2016,3500,260,2026,5,16
금천구,시흥동,벽산,84.99,2,2000,37000,0,2026,5,10
금천구,가산동,두산,59.84,11,1998,32000,3,2026,5,30
금천구,시흥동,남서울건영아파트,88.83,3,1982,3000,130,2026,5,5
금천구,독산동,리치힐(976-37),84.99,2,2004,20000,70,2026,5,12
금천구,시흥동,럭키남서울아파트,49.75,3,1981,26000,0,2026,5,7
금천구,독산동,금천롯데캐슬골드파크3차,59.9662,37,2018,42950,0,2026,5,11
금천구,독산동,e편한세상독산더타워,84.9256,11,2019,50000,100,2026,5,21
금천구,독산동,독산역롯데캐슬,59.5685,34,2021,23795,53,2026,5,20
금천구,독산동,독산주공14단지,38.64,12,1990,20000,0,2026,5,30
금천구,시흥동,남서울건영2,61.14,12,1989,29400,0,2026,5,31
금천구,독산동,독산주공13단지,26.37,5,1990,275,6,2026,5,27
금천구,독산동,금천롯데캐슬골드파크1차,101.814,25,2016,84000,0,2026,5,23
금천구,시흥동,삼익,59.76,12,1999,33000,0,2026,5,28
금천구,독산동,대덕트윈빌,59.56,6,2002,38000,0,2026,5,15
금천구,시흥동,럭키남서울아파트,49.75,11,1981,28500,0,2026,5,30
금천구,독산동,독산주공14단지,44.94,6,1990,5000,60,2026,5,9
금천구,독산동,독산주공14단지,44.94,13,1990,2000,85,2026,5,13
금천구,가산동,가산지웰에스테이트2차,14.12,12,2018,10000,20,2026,5,31
금천구,가산동,G밸리페트라힐스,13.76,7,2020,10000,26,2026,5,29
금천구,시흥동,금강,59.95,15,2000,37000,0,2026,5,2
금천구,시흥동,남서울힐스테이트,59.817,16,2014,53000,0,2026,5,28
금천구,가산동,가산피어니빌,14.0429,4,2017,500,55,2026,5,25
금천구,독산동,금천롯데캐슬골드파크1차,59.9384,23,2016,33680,0,2026,5,29
금천구,가산동,G밸리페트라힐스,13.76,20,2020,14900,7,2026,5,15
금천구,시흥동,우방,59.91,17,2002,36000,0,2026,5,11
금천구,시흥동,관악산벽산타운5,59.34,10,2004,34000,0,2026,5,29
금천구,시흥동,럭키남서울아파트,49.75,1,1981,21840,0,2026,5,19
금천구,독산동,독산주공14단지,59.22,8,1990,31000,0,2026,5,23
금천구,독산동,골드캐슬(1031-22),13.47,11,2014,9200,0,2026,5,28
금천구,독산동,독산주공14단지,38.64,13,1990,2000,78,2026,5,7
금천구,독산동,e편한세상독산더타워,76.2935,24,2019,48500,0,2026,5,26
금천구,시흥동,관악산벽산타운5,84.97,2,2004,5000,160,2026,5,2
금천구,시흥동,럭키남서울아파트,41.23,1,1981,16500,0,2026,5,27
금천구,가산동,G밸리페트라힐스,13.76,17,2020,14000,5,2026,5,26
금천구,독산동,금천롯데캐슬골드파크1차,59.9935,2,2016,32992,0,2026,5,26
금천구,가산동,G밸리페트라힐스,13.76,17,2020,14000,5,2026,5,26
금천구,시흥동,관악산벽산타운5,59.34,3,2004,35000,0,2026,5,25
금천구,가산동,가산피어니빌,13.8029,7,2017,500,60,2026,5,12
금천구,독산동,신도브래뉴,73.2,4,2002,44000,0,2026,5,27
금천구,시흥동,벽산,84.99,12,2000,11000,100,2026,5,19
금천구,독산동,독산주공14단지,38.64,15,1990,2000,80,2026,5,26
금천구,독산동,금천롯데캐슬골드파크3차,59.968,8,2018,45885,0,2026,5,2
금천구,가산동,씨앤에스타워,17.8,5,2017,16000,0,2026,5,26
금천구,독산동,금천현대,59.82,1,2002,40000,0,2026,5,26
금천구,독산동,독산역롯데캐슬,59.9603,14,2021,18666,66,2026,5,26
금천구,독산동,e편한세상독산더타워,59.8637,32,2019,55000,0,2026,5,15
금천구,시흥동,우방,114.89,2,2002,53000,0,2026,5,26
금천구,독산동,금천롯데캐슬골드파크1차,84.8114,27,2016,67500,0,2026,5,22
금천구,시흥동,남서울힐스테이트,59.973,18,2014,50000,0,2026,5,26
금천구,독산동,금천롯데캐슬골드파크1차,72.5195,20,2016,35000,30,2026,5,21
금천구,독산동,e편한세상독산더타워,74.9482,19,2019,51266,0,2026,5,23
금천구,독산동,금천롯데캐슬골드파크3차,59.9662,37,2018,20000,150,2026,5,23
금천구,시흥동,삼익,59.9,8,1999,17000,60,2026,5,12
금천구,시흥동,우방,84.84,5,2002,5000,150,2026,5,26
금천구,시흥동,남서울힐스테이트,59.973,18,2014,50000,0,2026,5,23
금천구,독산동,금천현대,84.83,4,2002,50000,0,2026,5,23
금천구,시흥동,럭키남서울아파트,49.75,2,1981,10000,70,2026,5,23
금천구,시흥동,금광,83.2925,1,2004,43000,0,2026,5,23
금천구,시흥동,벽산,32.7,18,2000,3512,1,2026,5,23
금천구,독산동,금천롯데캐슬골드파크1차,59.9384,28,2016,33680,0,2026,5,22
금천구,시흥동,남서울힐스테이트,59.817,17,2014,45100,0,2026,5,22
금천구,독산동,진도3차아파트,59.34,6,1999,10000,130,2026,5,16
금천구,시흥동,남서울건영2,61.14,3,1989,24150,20,2026,5,22
금천구,시흥동,럭키남서울아파트,49.75,11,1981,28000,0,2026,5,18
금천구,가산동,씨앤에스타워,17.8,3,2017,12900,25,2026,5,20
금천구,가산동,G밸리페트라힐스,13.76,15,2020,14900,5,2026,5,12
금천구,독산동,독산주공14단지,38.64,9,1990,23000,0,2026,5,14
금천구,독산동,금천롯데캐슬골드파크2차201동202동,59.98,34,2017,59850,0,2026,5,21
금천구,독산동,이랜드해가든,84.935,3,2008,47250,0,2026,5,9
금천구,독산동,영진힐탑,39.99,7,2003,17700,0,2026,5,21
금천구,시흥동,남서울힐스테이트,115.801,18,2014,68000,0,2026,5,15
금천구,시흥동,무지개,84.96,4,1980,15500,0,2026,5,21
금천구,시흥동,남서울건영2,61.23,13,1989,32000,0,2026,5,18
금천구,시흥동,벽산,59.94,9,2000,7000,100,2026,5,9
금천구,시흥동,남서울건영아파트,53.39,6,1982,2000,68,2026,5,19
금천구,독산동,금천롯데캐슬골드파크1차,59.9384,1,2016,33680,0,2026,5,19
금천구,가산동,비즈트위트바이올렛5차,12.19,12,2014,500,52,2026,5,15
금천구,가산동,(139-14),13.92,15,2021,14900,8,2026,5,8
금천구,독산동,독산역롯데캐슬,59.5685,11,2021,10000,81,2026,5,18
금천구,시흥동,관악산벽산타운5,59.34,19,2004,34000,0,2026,5,16
금천구,독산동,독산역롯데캐슬,59.799,10,2021,23249,48,2026,5,19
금천구,독산동,금천롯데캐슬골드파크1차,84.8114,2,2016,39068,0,2026,5,19
금천구,독산동,금천롯데캐슬골드파크1차,59.9384,21,2016,32992,0,2026,5,19
금천구,시흥동,남서울건영2,61.23,9,1989,34000,0,2026,5,16
금천구,가산동,씨앤에스타워,23.86,4,2017,18000,10,2026,5,5
금천구,가산동,두산,84.9,11,1998,36000,0,2026,5,19
금천구,독산동,한신아파트,129.66,7,1991,47250,0,2026,5,9
금천구,시흥동,관악산벽산타운5,84.97,6,2004,40000,0,2026,5,16
금천구,독산동,금천롯데캐슬골드파크1차,59.9384,3,2016,33680,0,2026,5,19
금천구,독산동,독산주공14단지,38.64,12,1990,1000,90,2026,5,6
금천구,시흥동,벽산,59.94,8,2000,30000,0,2026,5,18
금천구,독산동,금천롯데캐슬골드파크1차,59.9384,9,2016,33680,0,2026,5,19
금천구,독산동,독산역롯데캐슬,59.799,16,2021,23360,52,2026,5,18
금천구,시흥동,남서울건영2,41.34,1,1989,3000,70,2026,5,4
금천구,독산동,금천롯데캐슬골드파크3차,59.9672,6,2018,67000,0,2026,5,9
금천구,가산동,가산피어니빌,13.8029,7,2017,500,60,2026,5,11
금천구,가산동,비즈트위트바이올렛5차,12.1,14,2014,500,43,2026,5,9
금천구,독산동,독산역롯데캐슬,59.5685,11,2021,10000,81,2026,5,18
금천구,시흥동,벽산,32.7,1,2000,430,16,2026,5,14
금천구,시흥동,럭키남서울아파트,49.75,12,1981,15000,26,2026,5,1
금천구,독산동,독산역롯데캐슬,59.9603,2,2021,18576,61,2026,5,18
금천구,시흥동,남서울힐스테이트,59.973,17,2014,57000,0,2026,5,17
금천구,독산동,진도3차아파트,59.34,5,1999,39000,0,2026,5,14
금천구,독산동,진도3차아파트,79.71,7,1999,45000,0,2026,5,15
금천구,독산동,금천롯데캐슬골드파크1차,59.9935,5,2016,33680,0,2026,5,15
금천구,시흥동,무지개,53.75,10,1980,9000,0,2026,5,14
금천구,가산동,가산지웰에스테이트2차,14.12,7,2018,1000,61,2026,5,1
금천구,시흥동,금광,83.2925,3,2004,37000,0,2026,5,14
금천구,독산동,독산역롯데캐슬,84.9416,6,2021,26000,66,2026,5,15
금천구,시흥동,삼익,84.96,7,1999,40000,0,2026,5,15
금천구,시흥동,성지,55.3,12,1986,20000,0,2026,5,13
금천구,독산동,금천롯데캐슬골드파크1차,59.9384,16,2016,33680,0,2026,5,15
금천구,독산동,금천롯데캐슬골드파크1차,84.3963,4,2016,39068,0,2026,5,15
금천구,가산동,한국후지필름복합주거시설,16.95,14,2017,1000,65,2026,5,14
금천구,가산동,씨앤에스타워,17.8,4,2017,17000,0,2026,5,14
금천구,독산동,독산역롯데캐슬,59.5685,12,2021,23680,50,2026,5,7
금천구,가산동,가산지웰에스테이트2차,14.94,7,2018,9000,30,2026,5,4
금천구,시흥동,무지개,53.92,1,1980,1000,37,2026,5,12
금천구,독산동,금천롯데캐슬골드파크3차,59.968,28,2018,58800,0,2026,5,13
금천구,독산동,금천롯데캐슬골드파크1차,72.5249,27,2016,70000,0,2026,5,9
금천구,독산동,독산주공14단지,38.64,4,1990,19000,0,2026,5,13
금천구,독산동,독산역롯데캐슬,59.799,30,2021,22000,56,2026,5,14
금천구,시흥동,벽산,32.7,1,2000,1077,15,2026,5,14
금천구,독산동,독산역롯데캐슬,84.8665,8,2021,26936,62,2026,5,14
금천구,시흥동,벽산,32.7,6,2000,1077,15,2026,5,13
금천구,독산동,독산역롯데캐슬,59.9603,12,2021,23335,50,2026,5,7
금천구,시흥동,벽산,32.7,11,2000,430,16,2026,5,11
금천구,가산동,씨앤에스타워,17.8,4,2017,13400,18,2026,5,12
금천구,독산동,금천롯데캐슬골드파크3차,59.9662,42,2018,70000,0,2026,5,12
금천구,시흥동,벽산,32.7,1,2000,1077,15,2026,5,13
금천구,시흥동,럭키남서울아파트,49.75,7,1981,27000,0,2026,5,7
금천구,독산동,금천롯데캐슬골드파크3차,59.968,42,2018,40000,100,2026,5,4
금천구,독산동,이랜드해가든,84.935,7,2008,49350,0,2026,5,12
금천구,시흥동,우방,114.89,15,2002,43000,0,2026,5,12
금천구,시흥동,골드리버,16.87,10,2021,16200,30,2026,5,12
금천구,독산동,금천롯데캐슬골드파크3차,59.9672,7,2018,53200,0,2026,5,11
금천구,시흥동,벽산,32.7,1,2000,1077,15,2026,5,12
금천구,독산동,금천롯데캐슬골드파크3차,59.9662,12,2018,59850,0,2026,5,9
금천구,가산동,G밸리페트라힐스,13.76,11,2020,12970,8,2026,5,4
금천구,시흥동,벽산,32.7,11,2000,1077,15,2026,5,11
금천구,독산동,금천롯데캐슬골드파크1차,59.9384,16,2016,10000,190,2026,5,11
금천구,가산동,두산,59.84,6,1998,28000,0,2026,5,9
금천구,독산동,라이프,84.74,14,1996,45010,0,2026,5,4
금천구,독산동,독산주공14단지,38.64,4,1990,13000,10,2026,5,7
금천구,시흥동,벽산,32.7,5,2000,430,16,2026,5,11
금천구,시흥동,벽산,32.7,12,2000,2671,6,2026,5,11
금천구,시흥동,벽산,114.84,15,2000,45000,0,2026,5,9
금천구,시흥동,벽산,32.7,12,2000,1077,15,2026,5,11
금천구,시흥동,벽산,32.7,5,2000,1077,15,2026,5,11
금천구,시흥동,럭키남서울아파트,41.22,9,1981,20000,0,2026,5,6
금천구,가산동,가산지웰에스테이트2차,14.94,12,2018,9900,33,2026,5,9
금천구,시흥동,럭키남서울아파트,49.75,10,1981,23000,0,2026,5,7
금천구,가산동,주상복합두산,59.25,9,1998,5000,100,2026,5,9
금천구,가산동,가산지웰에스테이트2차,14.12,9,2018,9500,20,2026,5,9
금천구,시흥동,관악산벽산타운5,59.34,10,2004,33000,0,2026,5,7
금천구,시흥동,럭키남서울아파트,49.75,7,1981,27000,0,2026,5,7
금천구,독산동,독산동중앙하이츠빌,84.8768,11,2004,50000,0,2026,5,8
금천구,가산동,가산지웰에스테이트2차,14.12,11,2018,10000,10,2026,5,2
금천구,독산동,금천현대,59.82,10,2002,35700,0,2026,5,4
금천구,가산동,G밸리페트라힐스,13.76,11,2020,14175,0,2026,5,4
금천구,독산동,라이프,84.74,14,1996,45010,0,2026,5,4
금천구,독산동,e편한세상독산더타워,59.6222,10,2019,20000,150,2026,5,2
금천구,독산동,독산동중앙하이츠빌,84.8768,14,2004,53000,0,2026,5,4
금천구,독산동,아이유하임,29.0615,4,2022,9696,9,2026,5,7
금천구,독산동,라이프,84.74,14,1996,45010,0,2026,5,4
금천구,시흥동,남서울힐스테이트,59.973,3,2014,46200,0,2026,5,5
금천구,독산동,금천롯데캐슬골드파크1차,84.8114,27,2016,67500,0,2026,5,2
금천구,가산동,가산지웰에스테이트2차,14.12,11,2018,10000,10,2026,5,2
금천구,시흥동,무지개,53.79,10,1980,2000,35,2026,5,5
금천구,시흥동,럭키남서울아파트,62.11,5,1981,10000,85,2026,5,4
금천구,시흥동,벽산,114.84,7,2000,5000,170,2026,5,6
금천구,독산동,금천롯데캐슬골드파크1차,59.9384,27,2016,60000,0,2026,5,4
금천구,시흥동,벽산,114.84,5,2000,37000,10,2026,5,2
금천구,독산동,독산오르페움타워,37.806,3,2020,5000,100,2026,5,2
금천구,가산동,가산피어니빌,14.0429,4,2017,500,55,2026,5,2
금천구,가산동,G밸리페트라힐스,13.76,11,2020,14175,0,2026,5,4
금천구,시흥동,관악산벽산타운5,59.34,2,2004,36000,0,2026,5,1
금천구,시흥동,무지개,53.75,2,1980,1000,32,2026,5,2
금천구,시흥동,벽산,59.94,12,2000,30450,0,2026,5,2
금천구,독산동,리치힐101동(993-25),105.09,1,2003,15000,75,2026,5,4
금천구,가산동,가산지웰에스테이트2차,14.12,11,2018,10000,10,2026,5,2
금천구,시흥동,럭키남서울아파트,62.11,5,1981,10000,85,2026,5,4
금천구,가산동,가산지웰에스테이트2차,14.12,7,2018,9600,22,2026,5,2
금천구,시흥동,럭키남서울아파트,62.15,11,1981,30000,0,2026,5,4
금천구,시흥동,벽산,84.99,4,2000,36000,0,2026,5,2
금천구,가산동,비즈트위트바이올렛5차,12.19,9,2014,500,54,2026,5,2
금천구,시흥동,남서울힐스테이트,115.801,10,2014,45000,100,2026,5,2
금천구,시흥동,관악산벽산타운5,84.97,10,2004,40000,0,2026,5,2
금천구,시흥동,루체클래식,58.883,2,2019,31500,0,2026,5,2
금천구,독산동,독산오르페움타워,37.806,6,2020,25000,0,2026,5,2
금천구,시흥동,럭키남서울아파트,49.75,4,1981,24150,0,2026,5,4
영등포구,당산동3가,당산계룡리슈빌3단지,49.987,16,2014,56000,0,2026,5,11
영등포구,양평동5가,양평한신,59.94,7,1996,55000,0,2026,5,6
영등포구,당산동,강변래미안,79.43,7,2002,75000,0,2026,5,13
영등포구,양평동5가,양평한신,59.94,8,1996,47000,0,2026,5,23
영등포구,당산동5가,당산센트럴아이파크,46.98,22,2020,25000,180,2026,5,30
영등포구,문래동6가,현대2차,59.85,11,1987,45000,0,2026,5,11
영등포구,대림동,브라이튼디엘,58.43,4,2023,32508,0,2026,5,18
영등포구,여의도동,시범,79.24,10,1971,40000,0,2026,5,16
영등포구,신길동,우성1,49.64,8,1986,26000,0,2026,5,31
영등포구,신길동,비스타동원,15.3664,8,2024,16000,1,2026,5,26
영등포구,신길동,우성3,53.24,7,1989,15000,100,2026,5,30
영등포구,신길동,보라매경남아너스빌,59.78,1,2005,45000,0,2026,5,15
영등포구,당산동4가,한강아파트,84.98,7,1999,68640,0,2026,5,22
영등포구,신길동,더샵파크프레스티지,59.8635,23,2022,20000,160,2026,5,27
영등포구,신길동,준타워,15.377,9,2023,7800,33,2026,5,22
영등포구,당산동4가,당산반도유보라팰리스,124.62,14,2010,94830,25,2026,5,19
영등포구,당산동5가,당산센트럴아이파크,59.98,19,2020,90000,0,2026,5,22
영등포구,대림동,대림동갑을명가아파트,84.87,14,2005,30000,75,2026,5,10
영등포구,신길동,준타워,15.543,13,2023,7800,33,2026,5,21
영등포구,당산동5가,당산센트럴아이파크,46.98,14,2020,69000,0,2026,5,20
영등포구,당산동5가,당산센트럴아이파크,59.98,10,2020,71773,0,2026,5,15
영등포구,대림동,현대3차,59.83,8,1997,48000,0,2026,5,16
영등포구,당산동4가,당산현대5차,59.37,17,2000,55000,0,2026,5,16
영등포구,당산동3가,당산계룡리슈빌3단지,49.987,16,2014,56000,0,2026,5,11
영등포구,신길동,더샵파크프레스티지,59.8635,12,2022,50000,90,2026,5,6
영등포구,영등포동8가,삼환,84.87,3,1999,68250,0,2026,5,5
영등포구,당산동4가,당산현대3차,84.93,15,1988,60000,0,2026,5,4
영등포구,당산동4가,당산반도유보라팰리스,84.99,2,2010,10000,250,2026,5,9
영등포구,당산동6가,유탑유블레스,13.7067,9,2012,1000,75,2026,5,29
영등포구,당산동,THESILK,20.51,10,2013,1000,68,2026,5,29
영등포구,당산동2가,당산2가현대홈타운,82.77,17,1994,75000,0,2026,5,28
영등포구,영등포동,영등포푸르지오,79.777,17,2002,57750,0,2026,5,25
영등포구,양평동3가,양평현대6차,84.94,5,2000,66000,0,2026,5,4
영등포구,당산동,강변래미안,79.43,7,2002,75000,0,2026,5,13
영등포구,여의도동,여의도자이,148.94,34,2008,60000,400,2026,5,18
영등포구,양평동3가,거성파스텔,131.34,14,1999,65000,12,2026,5,23
영등포구,문래동3가,국화맨션,84.71,4,1983,57000,0,2026,5,14
영등포구,문래동3가,문래해태,59.8,8,1999,5000,150,2026,5,15
영등포구,신길동,보라매에스케이뷰,136.39,16,2020,108000,0,2026,5,1
영등포구,문래동5가,문래두산위브,65.46,13,1988,35800,0,2026,5,29
영등포구,신길동,메트하임,49.026,6,2017,47000,0,2026,5,22
영등포구,당산동,프리가,12.73,8,2013,3000,37,2026,5,2
영등포구,여의도동,삼부,146.68,6,1975,95000,0,2026,5,19
영등포구,당산동5가,당산센트럴아이파크,59.98,25,2020,84000,0,2026,5,28
영등포구,신길동,우성2,64.4,13,1986,3000,115,2026,5,30
영등포구,신길동,비스타동원,15.3664,8,2024,16000,1,2026,5,26
영등포구,문래동5가,문래두산위브,65.46,13,1988,35800,0,2026,5,29
영등포구,신길동,비스타동원,15.3664,10,2024,9600,28,2026,5,8
영등포구,신길동,준타워,15.543,5,2023,7800,33,2026,5,22
영등포구,당산동6가,디마크당산,37.33,15,2025,50000,0,2026,5,20
영등포구,당산동5가,당산디오빌,28.86,4,2005,1000,92,2026,5,21
영등포구,도림동,도림청구,37.81,1,1997,24000,0,2026,5,22
영등포구,여의도동,화랑,95.8,2,1977,63000,0,2026,5,11
영등포구,양평동3가,월드메르디앙,84.44,2,2005,40000,120,2026,5,23
영등포구,당산동4가,당산현대5차,84.69,21,2000,81000,0,2026,5,23
영등포구,여의도동,한양,105.72,4,1975,10000,160,2026,5,29
영등포구,신길동,비스타동원,51.4619,18,2024,36700,18,2026,5,27
영등포구,당산동4가,당산삼성2차,59.76,18,1997,20000,160,2026,5,1
영등포구,양평동5가,양평한신,59.94,7,1996,55000,0,2026,5,6
영등포구,여의도동,삼부,135.8,4,1975,90000,0,2026,5,30
영등포구,문래동3가,문래해태,59.4,3,1999,10000,130,2026,5,31
영등포구,신길동,준타워,15.377,9,2023,7800,33,2026,5,22
영등포구,여의도동,대교,95.5,8,1975,2000,185,2026,5,29
영등포구,양평동3가,양평현대6차,84.94,15,2000,30000,166,2026,5,31
영등포구,영등포동8가,삼환,59.91,9,1999,20000,170,2026,5,30
영등포구,신길동,신길센트럴자이아파트,59.98,5,2021,64000,0,2026,5,15
영등포구,신길동,삼두,34.92,9,1987,7000,60,2026,5,9
영등포구,양평동3가,월드메르디앙,59.16,4,2005,62000,0,2026,5,27
영등포구,문래동4가,리버뷰신안인스빌2단지,84.995,1,2008,52000,0,2026,5,24
영등포구,문래동5가,문래대림,84.92,12,2000,61800,0,2026,5,1
영등포구,당산동,강변래미안,79.43,10,2002,73500,0,2026,5,30
영등포구,영등포동,영등포푸르지오,79.777,6,2002,59300,0,2026,5,30
영등포구,신길동,신길AK푸르지오,49.4666,12,2024,5000,230,2026,5,23
영등포구,신길동,신길AK푸르지오,49.4552,18,2024,52000,0,2026,5,4
영등포구,문래동3가,국화맨션,84.71,9,1983,57000,0,2026,5,23
영등포구,신길동,신길AK푸르지오,49.4666,12,2024,5000,230,2026,5,23
영등포구,문래동3가,문래해태,59.41,6,1999,10000,140,2026,5,27
영등포구,당산동,리첸트,17.07,6,2012,4000,50,2026,5,26
영등포구,당산동2가,당산2가현대홈타운,82.77,15,1994,30000,131,2026,5,29
영등포구,영등포동,두산위브,59.8,15,2004,51000,0,2026,5,25
영등포구,문래동5가,문래모아미래도,84.75,9,2017,74000,0,2026,5,30
영등포구,양평동1가,한신공영,59.98,6,1996,3000,175,2026,5,23
영등포구,영등포동1가,여의도더리브스타일,14.8376,19,2020,1000,90,2026,5,12
영등포구,여의도동,은하,121.52,10,1974,5000,350,2026,5,28
영등포구,문래동3가,문래해태,59.4,3,1999,10000,130,2026,5,31
영등포구,여의도동,은하,121.52,1,1974,78500,0,2026,5,20
영등포구,당산동5가,당산센트럴아이파크,71.98,17,2020,63000,90,2026,5,30
영등포구,여의도동,삼부,135.8,12,1975,100000,0,2026,5,27
영등포구,신길동,신길자이,84.94,7,2011,55000,0,2026,5,20
영등포구,당산동5가,당산센트럴아이파크,71.98,28,2020,60000,160,2026,5,26
영등포구,영등포동1가,여의도이튼브라운,29.87,3,2022,35000,0,2026,5,5
영등포구,여의도동,미성,114.48,11,1978,30000,320,2026,5,22
영등포구,당산동5가,당산디오빌,28.86,7,2005,29000,0,2026,5,22
영등포구,신길동,신길자이,84.94,7,2011,55000,0,2026,5,20
영등포구,영등포동7가,엔비어스파크,24.403,14,2020,1500,104,2026,5,28
영등포구,여의도동,롯데캐슬아이비,103.86,14,2005,10000,500,2026,5,5
영등포구,당산동,THESILK,20.51,10,2013,1000,68,2026,5,29
영등포구,여의도동,목화,51.07,2,1977,10000,117,2026,5,19
영등포구,신길동,더샵파크프레스티지,84.9005,18,2022,92000,0,2026,5,29
영등포구,당산동3가,당산계룡리슈빌1단지,38.77,8,2014,43800,0,2026,5,16
영등포구,신길동,우성3,64.4,9,1989,10000,120,2026,5,23
영등포구,영등포동1가,지엘리베라움,12.62,16,2014,14000,17,2026,5,16
영등포구,신길동,래미안영등포프레비뉴,84.98,10,2015,69300,0,2026,5,23
영등포구,당산동4가,당산반도유보라팰리스,127.09,13,2010,120000,0,2026,5,30
영등포구,신길동,삼성래미안,59.33,10,2001,30500,95,2026,5,29
영등포구,대림동,브라이튼디엘,67.02,2,2023,34272,0,2026,5,6
영등포구,신길동,준타워,15.377,5,2023,7800,33,2026,5,21
영등포구,도림동,도림브라보역세권청년주택,32.02,4,2021,11300,44,2026,5,10
영등포구,여의도동,미성,92.56,8,1978,10000,300,2026,5,23
영등포구,대림동,e편한세상영등포아델포레,84.995,9,2020,20000,240,2026,5,16
영등포구,영등포동1가,헤렌어반,13.331,2,2011,10000,15,2026,5,21
영등포구,영등포동,두산위브,59.8,13,2004,58000,0,2026,5,22
영등포구,영등포동7가,여의휴젠느,22.62,15,2018,21800,0,2026,5,30
영등포구,영등포동8가,삼환,59.91,12,1999,21000,130,2026,5,30
영등포구,신길동,신길센트럴자이아파트,52.95,3,2021,10000,245,2026,5,30
영등포구,양평동3가,삼호,84.92,5,1998,10000,200,2026,5,15
영등포구,대림동,G밸리소홈,16.1,8,2018,1000,70,2026,5,9
영등포구,여의도동,순복음(초원),66.94,14,1971,39000,0,2026,5,28
영등포구,대림동,성원(650),59.63,13,1995,5000,120,2026,5,26
영등포구,당산동,강변래미안,55.91,8,2002,46000,85,2026,5,23
영등포구,문래동6가,대원,59.99,10,1998,40000,30,2026,5,13
영등포구,당산동,리스빌,12.48,10,2012,5000,59,2026,5,27
영등포구,영등포동3가,포레스트힐시티,13.53,12,2014,760,60,2026,5,9
영등포구,영등포동8가,당산푸르지오,114.51,6,2004,94000,0,2026,5,30
영등포구,대림동,현대1,84.75,13,1992,47200,0,2026,5,16
영등포구,여의도동,공작,91.97,4,1976,54000,0,2026,5,20
영등포구,대림동,쌍용플래티넘S,18.24,5,2013,500,55,2026,5,24
영등포구,신길동,여의도리버뷰,12.96,2,2012,500,55,2026,5,9
영등포구,영등포동1가,여의도이튼브라운,18.89,9,2022,27200,5,2026,5,26
영등포구,영등포동2가,센트레빌아스테리움영등포아파트,59.9953,25,2024,71000,0,2026,5,13
영등포구,신길동,여의도리버뷰,12.96,5,2012,1000,50,2026,5,16
영등포구,여의도동,삼부,92.13,3,1975,49350,0,2026,5,29
영등포구,신길동,보라매에스케이뷰,59.98,13,2020,50000,120,2026,5,25
영등포구,신길동,보라매경남아너스빌,84.79,4,2005,32800,100,2026,5,26
영등포구,영등포동7가,아크로타워스퀘어,84.69,6,2017,98000,0,2026,5,16
영등포구,문래동3가,문래해태,59.8,8,1999,5000,150,2026,5,15
영등포구,신길동,래미안영등포프레비뉴,84.98,11,2015,76125,0,2026,5,15
영등포구,여의도동,대교,133.65,5,1975,10000,150,2026,5,16
영등포구,대림동,코오롱,84.93,20,1998,40000,60,2026,5,23
영등포구,여의도동,미성,92.56,5,1978,5000,250,2026,5,14
영등포구,당산동4가,당산현대5차,59.75,10,2000,40000,95,2026,5,13
영등포구,당산동4가,당산현대3차,84.93,11,1988,35000,135,2026,5,13
영등포구,신길동,신길센트럴아이파크,59.97,11,2019,75000,0,2026,5,2
영등포구,영등포동1가,헤렌어반,13.331,2,2011,2000,40,2026,5,19
영등포구,영등포동2가,센트레빌아스테리움영등포아파트,59.9953,23,2024,71000,0,2026,5,30
영등포구,여의도동,브라이튼여의도,84.132,22,2023,200000,0,2026,5,27
영등포구,여의도동,시범,79.24,5,1971,44000,0,2026,5,18
영등포구,신길동,우성2,84.47,1,1986,37800,0,2026,5,18
영등포구,신길동,삼환,59.53,4,1997,56000,0,2026,5,31
영등포구,대림동,G밸리소홈,16.1,16,2018,1000,70,2026,5,14
영등포구,문래동6가,문래베어스타운,84.82,13,1997,41000,50,2026,5,26
영등포구,당산동2가,당산2가현대홈타운,82.77,19,1994,70000,0,2026,5,29
영등포구,영등포동7가,경남아너스빌,84.93,15,1998,80000,0,2026,5,16
영등포구,여의도동,대교,95.5,9,1975,3000,150,2026,5,26
영등포구,영등포동,영등포푸르지오,84.908,22,2002,63000,0,2026,5,14
영등포구,여의도동,시범,79.24,10,1971,40000,0,2026,5,16
영등포구,대림동,(1101-1),14.46,7,2012,3000,45,2026,5,25
영등포구,대림동,신동아,67.41,2,1987,37000,0,2026,5,15
영등포구,여의도동,한양,149.59,12,1975,10000,280,2026,5,14
영등포구,당산동4가,브라운스톤당산,84.005,3,2015,70000,30,2026,5,13
영등포구,당산동3가,당산계룡리슈빌2단지,38.77,19,2014,49000,0,2026,5,8
영등포구,영등포동1가,헤렌어반,13.331,5,2011,1000,55,2026,5,13
영등포구,신길동,신길센트럴자이아파트,59.98,3,2021,66150,0,2026,5,30
영등포구,당산동4가,당산금호어울림,84.25,15,2002,73500,0,2026,5,19
영등포구,양평동5가,양평한신,84.87,7,1996,30000,130,2026,5,23
영등포구,도림동,영등포아트자이,143.591,24,2014,88000,0,2026,5,17
영등포구,신길동,삼성,41.58,4,1984,1000,71,2026,5,30
영등포구,영등포동1가,여의도이튼브라운,18.89,14,2022,2000,140,2026,5,27
영등포구,양평동5가,양평한신,59.94,19,1996,35000,50,2026,5,28
영등포구,문래동2가,남성,47.3,15,1983,18000,0,2026,5,7
영등포구,당산동,미진리버빌,22.23,10,2012,1000,65,2026,5,27
영등포구,문래동3가,문래자이,84.98,9,2001,84000,0,2026,5,9
영등포구,여의도동,은하,121.52,12,1974,78700,0,2026,5,12
영등포구,신길동,래미안에스티움,59.95,13,2017,66000,0,2026,5,14
영등포구,도림동,도림청구,37.81,12,1997,14000,45,2026,5,11
영등포구,도림동,도림청구,84.96,13,1997,53000,0,2026,5,30
영등포구,신길동,삼환,84.84,19,1997,40000,50,2026,5,30
영등포구,여의도동,삼부,77.69,4,1975,40000,113,2026,5,15
영등포구,문래동3가,국화맨션,84.71,11,1983,10000,155,2026,5,23
영등포구,신길동,래미안영등포프레비뉴,84.98,10,2015,69300,0,2026,5,23
영등포구,신길동,삼환,84.84,9,1997,57000,0,2026,5,17
영등포구,영등포동8가,삼환,59.91,13,1999,55600,0,2026,5,15
영등포구,신길동,한성,59.87,13,1997,48000,9,2026,5,27
영등포구,당산동,훼미리하우스138,14.28,11,2013,1000,65,2026,5,30
영등포구,양평동3가,양평현대6차,59.98,13,2000,15000,180,2026,5,23
영등포구,문래동3가,문래힐스테이트,137.82,11,2003,100000,0,2026,5,13
영등포구,여의도동,삼부,77.69,9,1975,73000,0,2026,5,27
영등포구,양평동5가,양평한신,59.94,10,1996,52500,0,2026,5,2
영등포구,신길동,삼성래미안,84.91,13,2001,54000,0,2026,5,23
영등포구,신길동,우성1,49.64,8,1986,26000,0,2026,5,31
영등포구,양평동3가,삼호,84.92,8,1998,8000,190,2026,5,16
영등포구,여의도동,시범,79.24,2,1971,35000,50,2026,5,30
영등포구,영등포동,영등포푸르지오,73.133,14,2002,70000,0,2026,5,16
영등포구,영등포동1가,내이처해밀,14.24,7,2012,3000,60,2026,5,11
영등포구,신길동,더샵파크프레스티지,84.9005,18,2022,92000,0,2026,5,29
영등포구,여의도동,대교,95.5,7,1975,5000,135,2026,5,8
영등포구,대림동,G밸리소홈,16.1,8,2018,3500,50,2026,5,12
영등포구,여의도동,시범,60.96,4,1971,26400,0,2026,5,14
영등포구,영등포동2가,이지리움S,13.37,11,2013,1000,64,2026,5,12
영등포구,당산동,래미안당산1차,84.99,8,1995,20000,97,2026,5,11
영등포구,신길동,여의도리버뷰,12.96,5,2012,1000,55,2026,5,15
영등포구,당산동6가,디마크당산,46.47,20,2025,40000,85,2026,5,23
영등포구,신길동,힐스테이트클래시안,59.91,17,2020,68000,0,2026,5,27
영등포구,신길동,준타워,34.44,12,2023,8600,49,2026,5,28
영등포구,당산동5가,당산디오빌,38.97,15,2005,3000,150,2026,5,30
영등포구,영등포동,영등포푸르지오,79.777,23,2002,59850,0,2026,5,29
영등포구,여의도동,은하,121.52,11,1974,20000,150,2026,5,27
영등포구,문래동6가,문래베어스타운,59.95,10,1997,50400,0,2026,5,22
영등포구,당산동5가,당산디오빌,33.09,9,2005,32000,0,2026,5,21
영등포구,당산동6가,디마크당산,46.44,9,2025,60000,0,2026,5,22
영등포구,양평동4가,성원,84.6,10,1993,55000,0,2026,5,23
영등포구,영등포동7가,경남아너스빌,59.9,19,1998,5000,106,2026,5,20
영등포구,당산동5가,성원,59.94,18,1997,59850,0,2026,5,30
영등포구,신길동,삼환,59.53,16,1997,60000,0,2026,5,20
영등포구,여의도동,장미,133.72,10,1978,76650,0,2026,5,30
영등포구,대림동,신대림신동아파밀리에,84.9563,12,2013,10000,150,2026,5,29
영등포구,여의도동,삼부,92.13,15,1975,67000,0,2026,5,30
영등포구,영등포동8가,삼환,84.87,20,1999,62000,0,2026,5,23
영등포구,여의도동,시범,156.99,10,1971,57700,0,2026,5,21
영등포구,영등포동8가,삼환,59.91,6,1999,62000,0,2026,5,29
영등포구,대림동,G밸리소홈,16.1,8,2018,1000,70,2026,5,30
영등포구,여의도동,대교,133.65,9,1975,45000,30,2026,5,12
영등포구,신길동,힐스테이트클래시안,59.87,15,2020,71400,0,2026,5,28
영등포구,여의도동,브라이튼여의도,101.9509,38,2023,30000,1000,2026,5,30
영등포구,당산동4가,당산삼성2차,84.93,8,1997,25000,180,2026,5,18
영등포구,여의도동,롯데캐슬엠파이어,165.15,10,2005,130000,0,2026,5,30
영등포구,문래동3가,문래공원한신,58.96,4,1988,34000,30,2026,5,18
영등포구,문래동3가,문래금호어울림,84.97,7,2006,74550,0,2026,5,15
영등포구,신길동,힐스테이트클래시안,59.87,6,2020,69300,0,2026,5,30
영등포구,양평동6가,동양,59.86,6,2000,30000,110,2026,5,29
영등포구,영등포동7가,아크로타워스퀘어,59.91,12,2017,84000,0,2026,5,30
영등포구,양평동5가,양평한신,84.87,7,1996,65100,0,2026,5,30
영등포구,양평동3가,양평역미소지움,59.469,2,2018,30000,110,2026,5,30
영등포구,대림동,현대3차,59.83,8,1997,48000,0,2026,5,16
영등포구,신길동,신길파크자이,84.99,13,2022,84000,0,2026,5,30
영등포구,영등포동1가,헤렌어반,18.931,7,2011,15000,0,2026,5,1
영등포구,신길동,우창,66.82,9,1983,30000,0,2026,5,23
영등포구,도림동,영등포아트자이,84.974,18,2014,30000,200,2026,5,28
영등포구,도림동,도림청구,37.81,1,1997,24000,0,2026,5,22
영등포구,당산동3가,당산계룡리슈빌3단지,49.987,13,2014,37000,57,2026,5,29
영등포구,대림동,e편한세상영등포아델포레,59.968,10,2020,70000,0,2026,5,30
영등포구,신길동,삼성래미안,84.91,21,2001,65000,0,2026,5,30
영등포구,여의도동,공작,93.06,10,1976,3000,165,2026,5,10
영등포구,여의도동,목화,89.92,2,1977,5000,150,2026,5,19
영등포구,대림동,현대3차,140.54,3,1997,25000,0,2026,5,30
영등포구,영등포동1가,지엘리베라움,12.62,11,2014,14000,17,2026,5,15
영등포구,당산동5가,당산삼성래미안4차,84.94,9,2003,30000,177,2026,5,28
영등포구,영등포동7가,엔비어스파크,16.645,6,2020,1000,67,2026,5,22
영등포구,신길동,보라매길성그랑프리텔,84.99,6,2005,53000,0,2026,5,29
영등포구,여의도동,진주,48.26,3,1977,41000,0,2026,5,29
영등포구,양평동1가,창건애드웰,84.69,2,2006,55650,0,2026,5,29
영등포구,신길동,더샵파크프레스티지,84.9005,18,2022,92000,0,2026,5,29
영등포구,도림동,영등포아트자이,84.974,2,2014,80000,0,2026,5,29
영등포구,신길동,삼성,41.58,10,1984,1000,60,2026,5,29
영등포구,영등포동,영등포푸르지오,73.133,11,2002,64000,0,2026,5,14
영등포구,당산동4가,당산현대3차,59.26,8,1988,50000,30,2026,5,26
영등포구,여의도동,한양,192.73,1,1975,25000,240,2026,5,25
영등포구,양평동3가,삼천리,84.94,9,2000,69500,0,2026,5,19
영등포구,당산동2가,당산2가현대홈타운,82.77,17,1994,75000,0,2026,5,28
영등포구,여의도동,한양,193.03,7,1975,5000,310,2026,5,12
영등포구,신길동,보라매경남아너스빌,59.78,1,2005,45000,0,2026,5,15
영등포구,신길동,우성2,84.47,12,1986,45000,0,2026,5,28
영등포구,대림동,보라매 신동아 파밀리에,84.9,10,2016,70000,0,2026,5,16
영등포구,신길동,더샵파크프레스티지,84.9005,16,2022,90000,0,2026,5,27
영등포구,당산동2가,당산2가현대홈타운,82.77,8,1994,20000,180,2026,5,29
영등포구,신길동,루나플라체,13.8,8,2019,2000,63,2026,5,29
영등포구,신길동,준타워,15.543,5,2023,7800,33,2026,5,20
영등포구,문래동6가,문래롯데캐슬,59.9,11,2020,25000,68,2026,5,28
영등포구,대림동,현대3차,59.83,14,1997,47000,0,2026,5,29
영등포구,문래동5가,문래대림,59.96,21,2000,30000,70,2026,5,28
영등포구,도림동,영등포아트자이,84.854,21,2014,85000,0,2026,5,16
영등포구,문래동3가,문래공원한신,58.96,11,1988,10000,180,2026,5,5
영등포구,신길동,신풍두산위브,84.7,5,2005,55000,0,2026,5,27
영등포구,영등포동2가,여의도리미티오148,26.1509,14,2022,10000,140,2026,5,10
영등포구,대림동,현대3차,43.92,6,1997,35000,0,2026,5,27
영등포구,대림동,G밸리소홈,16.1,12,2018,1000,64,2026,5,12
영등포구,신길동,보라매경남아너스빌,84.79,20,2005,77000,0,2026,5,28
영등포구,문래동6가,e편한세상 문래 에듀플라츠,59.9854,13,2020,75000,0,2026,5,23
영등포구,도림동,영등포아트자이,84.854,21,2014,85000,0,2026,5,16
영등포구,양평동3가,우림루미아트,84.91,7,2004,64000,0,2026,5,28
영등포구,여의도동,여의도자이,148.94,16,2008,170000,0,2026,5,26
영등포구,당산동4가,한강아파트,84.98,7,1999,68640,0,2026,5,28
영등포구,양평동3가,월드메르디앙,84.44,2,2005,40000,120,2026,5,23
영등포구,여의도동,삼부,92.13,1,1975,65000,0,2026,5,23
영등포구,당산동,강변래미안,79.43,18,2002,75000,0,2026,5,9
영등포구,도림동,도림청구,37.81,8,1997,23000,0,2026,5,27
영등포구,당산동3가,동부센트레빌,114.96,21,2003,69000,50,2026,5,28
영등포구,당산동5가,당산디오빌,29.23,10,2005,19000,40,2026,5,28
영등포구,신길동,힐스테이트클래시안,59.91,22,2020,20000,230,2026,5,28
영등포구,문래동5가,문래두산위브,65.46,5,1988,30000,40,2026,5,10
영등포구,영등포동1가,여의도더리브스타일,14.8376,22,2020,19300,14,2026,5,19
영등포구,신길동,보라매에스케이뷰,59.98,28,2020,69300,0,2026,5,15
영등포구,당산동3가,쌍용예가클래식,106.56,6,2010,75000,12,2026,5,27
영등포구,문래동6가,현대6차,50.55,4,1997,2000,105,2026,5,4
영등포구,신길동,삼성래미안,84.91,20,2001,55000,0,2026,5,28
영등포구,당산동,대우,82.13,6,2004,20000,135,2026,5,23
영등포구,영등포동2가,여의도리미티오148,26.1509,14,2022,10000,140,2026,5,10
영등포구,신길동,삼성,73.98,12,1984,30000,27,2026,5,27
영등포구,영등포동1가,여의도더리브스타일,14.8376,12,2020,10000,50,2026,5,26
영등포구,여의도동,진주,48.26,5,1977,2000,110,2026,5,23
영등포구,양평동3가,월드메르디앙,59.16,4,2005,62000,0,2026,5,27
영등포구,신길동,삼환,84.83,7,1997,57000,0,2026,5,26
영등포구,신길동,메트하임,49.026,4,2017,44000,0,2026,5,27
영등포구,여의도동,시범,79.24,7,1971,50000,0,2026,5,27
영등포구,신길동,신길자이,59.99,2,2011,42000,0,2026,5,23
영등포구,여의도동,시범,118.12,11,1971,50000,80,2026,5,25
영등포구,신길동,삼두,43.65,3,1987,24150,0,2026,5,26
영등포구,양평동5가,양평한신,59.94,11,1996,59000,0,2026,5,28
영등포구,여의도동,삼부,106.38,10,1975,93000,0,2026,5,19
영등포구,영등포동,영등포푸르지오,79.777,3,2002,65000,0,2026,5,27
영등포구,여의도동,대교,95.5,8,1975,39000,0,2026,5,15
영등포구,당산동,미진리버빌,19.39,5,2012,1000,54,2026,5,9
영등포구,신길동,우성2,64.4,13,1986,38000,0,2026,5,26
영등포구,영등포동,영등포푸르지오,73.133,12,2002,53200,0,2026,5,23
영등포구,문래동6가,문래롯데캐슬,51.25,6,2020,20000,67,2026,5,22
영등포구,여의도동,공작,103.41,1,1976,20000,160,2026,5,27
영등포구,당산동2가,당산2가현대홈타운,82.77,1,1994,63100,0,2026,5,26
영등포구,영등포동,영등포푸르지오,73.133,12,2002,53200,0,2026,5,23
영등포구,당산동,조인타운,19.6,9,2013,15000,8,2026,5,27
영등포구,영등포동7가,아크로타워스퀘어,84.65,18,2017,20000,320,2026,5,27
영등포구,영등포동1가,여의도더리브스타일,14.8376,7,2020,1000,80,2026,5,15
영등포구,당산동2가,당산대우,31.73,7,1999,18000,30,2026,5,27
영등포구,영등포동8가,영등포메이준2011,12.11,15,2012,2000,46,2026,5,25
영등포구,신길동,더샵파크프레스티지,84.9626,24,2022,30000,163,2026,5,8
영등포구,당산동,강변한솔그라치아,98.07,9,2003,49250,80,2026,5,27
영등포구,대림동,e편한세상영등포아델포레,84.9948,15,2020,20000,230,2026,5,23
영등포구,신길동,우창,66.82,9,1983,30000,0,2026,5,23
영등포구,당산동,브라보,33.76,13,2016,24000,0,2026,5,27
영등포구,여의도동,진주,94.31,6,1977,79000,0,2026,5,27
영등포구,당산동3가,당산한양,84.93,4,1986,60900,0,2026,5,23
영등포구,양평동1가,신동아,61.59,7,1982,44000,0,2026,5,25
영등포구,영등포동8가,당산푸르지오,114.51,11,2004,30000,240,2026,5,13
영등포구,영등포동8가,삼환,59.91,22,1999,27000,130,2026,5,2
영등포구,신길동,더샵파크프레스티지,59.8943,19,2022,40000,120,2026,5,20
영등포구,신길동,더샵파크프레스티지,84.9005,21,2022,77700,0,2026,5,2
영등포구,당산동,리첸트,14.77,5,2012,4000,50,2026,5,22
영등포구,당산동6가,유탑유블레스,13.7067,7,2012,500,85,2026,5,6
영등포구,당산동,강변래미안,55.91,2,2002,67000,0,2026,5,11
영등포구,당산동5가,당산삼성래미안4차,115.78,7,2003,120000,0,2026,5,23
영등포구,문래동6가,문래롯데캐슬,51.25,10,2020,25000,43,2026,5,22
영등포구,당산동,래미안당산1차,84.99,10,1995,90000,0,2026,5,25
영등포구,당산동3가,당산계룡리슈빌2단지,38.77,11,2014,5000,150,2026,5,23
영등포구,대림동,G밸리소홈,16.1,16,2018,3000,58,2026,5,25
영등포구,당산동5가,당산센트럴아이파크,71.98,4,2020,98000,0,2026,5,14
영등포구,당산동5가,당산센트럴아이파크,71.98,3,2020,103000,0,2026,5,23
영등포구,영등포동8가,삼환,59.91,11,1999,60900,0,2026,5,23
영등포구,당산동4가,당산삼성2차,59.76,13,1997,60000,0,2026,5,23
영등포구,당산동4가,당산삼성2차,59.76,21,1997,44100,0,2026,5,22
영등포구,당산동5가,당산센트럴아이파크,46.98,18,2020,35000,160,2026,5,25
영등포구,양평동1가,영등포중흥에스클래스,84.85,16,2021,3000,100,2026,5,1
영등포구,영등포동7가,아크로타워스퀘어,84.65,14,2017,60000,200,2026,5,24
영등포구,당산동5가,당산센트럴아이파크,84.98,3,2020,120000,0,2026,5,23
영등포구,대림동,코오롱,84.93,1,1998,10000,160,2026,5,9
영등포구,여의도동,목화,90.91,1,1977,62600,0,2026,5,15
영등포구,당산동6가,디마크당산,46.34,15,2025,69500,0,2026,5,20
영등포구,영등포동7가,아크로타워스퀘어,84.65,13,2017,50000,167,2026,5,22
영등포구,여의도동,롯데캐슬아이비,187.24,10,2005,30000,650,2026,5,18
영등포구,당산동5가,당산삼성래미안4차,115.78,23,2003,80000,150,2026,5,11
영등포구,당산동,훼미리하우스138,14.28,6,2013,1000,63,2026,5,8
영등포구,여의도동,순복음(초원),66.94,2,1971,40000,0,2026,5,26
영등포구,당산동5가,당산효성1차,84.9,15,1999,58000,0,2026,5,23
영등포구,당산동3가,삼익,82.65,3,1979,8000,140,2026,5,20
영등포구,당산동3가,리마크빌당산,27.4,2,2025,2000,169,2026,5,7
영등포구,영등포동7가,아크로타워스퀘어,71.98,21,2017,80000,40,2026,5,13
영등포구,당산동4가,당산현대3차,59.26,3,1988,55000,0,2026,5,13
영등포구,양평동1가,신동아,61.59,2,1982,36300,0,2026,5,23
영등포구,도림동,영등포아트자이,84.974,16,2014,75000,0,2026,5,24
영등포구,대림동,G밸리소홈,16.1,7,2018,1400,60,2026,5,23
영등포구,당산동5가,당산센트럴아이파크,84.98,16,2020,110000,0,2026,5,16
영등포구,대림동,e편한세상영등포아델포레,84.995,4,2020,35000,150,2026,5,22
영등포구,양평동1가,신동아,61.59,2,1982,36300,0,2026,5,23
영등포구,신길동,여의도리버뷰,12.96,2,2012,500,60,2026,5,12
영등포구,당산동2가,당산대우,31.73,8,1999,2000,54,2026,5,23
영등포구,양평동4가,성원,84.6,10,1993,55000,0,2026,5,23
영등포구,양평동3가,양평현대6차,59.98,8,2000,30000,120,2026,5,17
영등포구,신길동,신길파크자이,59.97,8,2022,65000,12,2026,5,11
영등포구,당산동5가,반도유보라,74.76,8,2002,52000,30,2026,5,21
영등포구,영등포동7가,아크로타워스퀘어,84.75,13,2017,20000,290,2026,5,23
영등포구,신길동,신길AK푸르지오,49.4666,18,2024,60000,0,2026,5,9
영등포구,문래동3가,문래힐스테이트,137.82,14,2003,97000,0,2026,5,7
영등포구,문래동5가,문래두산위브,79.86,12,1988,49000,0,2026,5,6
영등포구,당산동2가,당산대우,45.55,18,1999,10000,90,2026,5,25
영등포구,대림동,코오롱,59.94,24,1998,46000,30,2026,5,25
영등포구,영등포동7가,경남아너스빌,59.9,7,1998,61000,0,2026,5,23
영등포구,신길동,래미안에스티움,84.97,12,2017,92000,0,2026,5,23
영등포구,영등포동,라르파크,30.1355,10,2021,30000,80,2026,5,23
영등포구,대림동,현대3차,59.83,24,1997,42997,0,2026,5,22
영등포구,양평동1가,신동아,50.81,1,1982,40000,0,2026,5,22
영등포구,대림동,e편한세상영등포아델포레,84.995,11,2020,72450,0,2026,5,23
영등포구,당산동6가,디마크당산,40.43,4,2025,55000,0,2026,5,2
영등포구,양평동1가,신동아,50.81,1,1982,10000,65,2026,5,23
영등포구,양평동3가,현대3차,71.5,10,1991,30000,150,2026,5,22
영등포구,대림동,신동아,84.85,8,1987,42000,0,2026,5,9
영등포구,문래동6가,문래롯데캐슬,59.9,14,2020,25850,66,2026,5,22
영등포구,영등포동,영등포푸르지오,79.777,10,2002,50000,80,2026,5,17
영등포구,신길동,준타워,15.543,14,2023,4800,46,2026,5,22
영등포구,당산동4가,당산롯데캐슬프레스티지,84.99,14,2017,32550,220,2026,5,22
영등포구,당산동4가,한강아파트,84.98,7,1999,68640,0,2026,5,22
영등포구,문래동3가,문래힐스테이트,119.47,4,2003,70000,70,2026,5,21
영등포구,여의도동,광장,116.53,9,1978,89250,0,2026,5,22
영등포구,당산동5가,당산디오빌,33.09,9,2005,1000,120,2026,5,22
영등포구,대림동,현대3차,59.83,7,1997,31000,60,2026,5,9
영등포구,영등포동,영등포푸르지오,79.777,22,2002,70000,0,2026,5,21
영등포구,영등포동7가,아크로타워스퀘어,84.65,4,2017,110000,0,2026,5,20
영등포구,당산동2가,당산대우,32.62,24,1999,21800,0,2026,5,19
영등포구,영등포동,라르파크,30.2372,5,2021,8000,150,2026,5,20
영등포구,신길동,힐스테이트클래시안,84.99,19,2020,30000,260,2026,5,16
영등포구,신길동,준타워,15.377,5,2023,7800,33,2026,5,21
영등포구,영등포동7가,훼미리하우스117,16.98,13,2012,1000,64,2026,5,17
영등포구,영등포동7가,아크로타워스퀘어,84.65,26,2017,90000,0,2026,5,21
영등포구,신길동,경남,59.96,10,1999,60000,0,2026,5,16
영등포구,양평동4가,성원,84.66,5,1993,55650,0,2026,5,18
영등포구,당산동4가,당산현대5차,59.85,6,2000,53200,0,2026,5,21
영등포구,영등포동1가,여의도이튼브라운,28.86,17,2022,38000,0,2026,5,1
영등포구,당산동5가,당산센트럴아이파크,84.98,18,2020,73000,160,2026,5,19
영등포구,문래동6가,문래롯데캐슬,53.9,9,2020,25000,53,2026,5,21
영등포구,신길동,더샵파크프레스티지,84.9626,8,2022,71500,80,2026,5,21
영등포구,영등포동4가,영등포그랑그루,12.1,12,2012,1000,60,2026,5,18
영등포구,당산동4가,브라운스톤당산,84.035,7,2015,77000,0,2026,5,20
영등포구,양평동1가,신동아,50.81,15,1982,27300,0,2026,5,19
영등포구,신길동,준타워,15.543,6,2023,7800,33,2026,5,20
영등포구,당산동3가,당산SHVILLE,84.85,18,2005,12117,26,2026,5,18
영등포구,양평동3가,현대2차,80.92,8,1990,16000,140,2026,5,15
영등포구,영등포동,영등포푸르지오,73.133,23,2002,62000,0,2026,5,20
영등포구,영등포동1가,헤렌어반,13.331,2,2011,10100,13,2026,5,21
영등포구,양평동6가,동양,84.85,3,2000,20000,200,2026,5,21
영등포구,당산동4가,당산현대5차,59.37,17,2000,55000,0,2026,5,16
영등포구,여의도동,대교,95.5,3,1975,51000,0,2026,5,21
영등포구,대림동,현대3차,63.48,14,1997,38000,35,2026,5,21
영등포구,신길동,우성3,83.66,10,1989,25000,130,2026,5,20
영등포구,당산동2가,당산대우,45.55,7,1999,31800,0,2026,5,20
영등포구,당산동4가,당산반도유보라팰리스,84.79,7,2010,82950,0,2026,5,18
영등포구,신길동,보라매길성그랑프리텔,84.99,5,2005,52000,0,2026,5,18
영등포구,당산동6가,디마크당산,46.43,20,2025,66000,0,2026,5,20
영등포구,여의도동,한양,109.42,4,1975,10000,190,2026,5,18
영등포구,영등포동1가,여의도이튼브라운,18.89,3,2022,26700,0,2026,5,18
영등포구,양평동3가,현대3차,84.55,13,1991,57750,0,2026,5,4
영등포구,여의도동,진주,63.83,9,1977,56000,0,2026,5,15
영등포구,신길동,준타워,15.543,5,2023,7800,33,2026,5,20
영등포구,대림동,e편한세상영등포아델포레,84.9571,14,2020,30000,180,2026,5,17
영등포구,영등포동,라르파크,30.7084,8,2021,38000,20,2026,5,19
영등포구,당산동4가,당산삼성2차,59.76,16,1997,55000,0,2026,5,6
영등포구,신길동,래미안에스티움,84.97,9,2017,84000,0,2026,5,19
영등포구,여의도동,광장,102.35,5,1978,66150,0,2026,5,11
영등포구,당산동,래미안당산1차,59.97,18,1995,55650,0,2026,5,19
영등포구,대림동,신동아,67.41,9,1987,34000,0,2026,5,16
영등포구,영등포동1가,헤렌어반,13.331,2,2011,10100,13,2026,5,19
영등포구,당산동5가,당산효성타운2차,84.38,7,2001,36750,165,2026,5,15
영등포구,영등포동8가,삼환,59.91,6,1999,60000,0,2026,5,19
영등포구,문래동3가,문래자이,84.98,3,2001,78000,0,2026,5,4
영등포구,양평동4가,계명,77.24,4,2003,5000,165,2026,5,13
영등포구,영등포동,라르파크,30.2372,7,2021,5000,160,2026,5,19
영등포구,영등포동1가,여의도더리브스타일,14.8376,6,2020,1000,83,2026,5,4
영등포구,양평동4가,삼호한숲,74.31,18,2000,50000,0,2026,5,18
영등포구,당산동4가,당산현대5차,59.75,2,2000,67000,0,2026,5,12
영등포구,양평동1가,신동아,50.81,4,1982,5000,130,2026,5,16
영등포구,당산동4가,당산현대5차,59.75,20,2000,25000,160,2026,5,17
영등포구,영등포동,영등포푸르지오,84.908,2,2002,63000,0,2026,5,16
영등포구,문래동6가,문래베어스타운,84.9,13,1997,54000,0,2026,5,8
영등포구,당산동5가,당산센트럴아이파크,59.98,28,2020,70000,0,2026,5,15
영등포구,대림동,e편한세상영등포아델포레,84.9948,4,2020,76000,0,2026,5,18
영등포구,여의도동,목화,67.11,2,1977,48000,0,2026,5,1
영등포구,도림동,동아에코빌,59.93,11,2000,45000,0,2026,5,9
영등포구,양평동2가,삼성래미안,59.4,17,1998,55000,0,2026,5,2
영등포구,신길동,래미안영등포프레비뉴,59.99,9,2015,30000,120,2026,5,8
영등포구,당산동4가,당산현대3차,84.5,3,1988,10000,270,2026,5,15
영등포구,당산동2가,당산대우,31.73,5,1999,1000,60,2026,5,16
영등포구,당산동,훼미리하우스138,14.28,10,2013,1000,65,2026,5,18
영등포구,신길동,신길센트럴자이아파트,84.98,12,2021,100000,0,2026,5,18
영등포구,당산동4가,당산금호어울림,59.91,3,2002,66000,0,2026,5,8
영등포구,신길동,삼성,60.48,7,1984,38000,0,2026,5,15
영등포구,양평동3가,경남아너스빌,59.9,17,1998,55000,0,2026,5,15
영등포구,여의도동,롯데캐슬아이비,150.8,13,2005,135000,0,2026,5,14
영등포구,신길동,경남,59.96,14,1999,20000,120,2026,5,11
영등포구,신길동,신길센트럴아이파크,49.68,25,2019,23212,59,2026,5,6
영등포구,신길동,우성1,49.64,6,1986,37000,0,2026,5,16
영등포구,영등포동,영등포푸르지오,84.908,4,2002,72000,0,2026,5,11
영등포구,여의도동,여의도자이,148.94,34,2008,60000,400,2026,5,18
영등포구,신길동,신길AK푸르지오,49.4552,9,2024,50000,0,2026,5,18
영등포구,당산동2가,당산2가현대홈타운,82.77,2,1994,62475,0,2026,5,16
영등포구,영등포동,영등포푸르지오,59.912,7,2002,58000,0,2026,5,16
영등포구,대림동,영등포자이르네,49.47,13,2022,20000,140,2026,5,15
영등포구,문래동6가,현대6차,84.72,2,1997,100,30,2026,5,15
영등포구,당산동4가,당산현대5차,59.75,9,2000,69000,0,2026,5,2
영등포구,신길동,더샵파크프레스티지,59.8635,12,2022,10000,180,2026,5,16
영등포구,신길동,보라매경남아너스빌,84.79,6,2005,60000,20,2026,5,16
영등포구,신길동,래미안에스티움,84.92,9,2017,30000,210,2026,5,17
영등포구,신길동,우성4,75.36,7,1991,5000,200,2026,5,13
영등포구,양평동6가,리츠뷰,57.01,6,2014,30000,100,2026,5,16
영등포구,대림동,e편한세상영등포아델포레,59.968,15,2020,20000,200,2026,5,14
영등포구,신길동,보라매경남아너스빌,84.79,19,2005,60900,0,2026,5,16
영등포구,영등포동7가,포레나영등포센트럴,59.8976,14,2020,75000,0,2026,5,15
영등포구,당산동4가,당산반도유보라팰리스,124.62,8,2010,74000,160,2026,5,9
영등포구,신길동,보라매에스케이뷰,59.98,6,2020,73500,0,2026,5,16
영등포구,신길동,보라매에스케이뷰,84.98,7,2020,40000,240,2026,5,16
영등포구,신길동,보라매에스케이뷰,84.98,3,2020,100000,0,2026,5,16
영등포구,당산동3가,당산SHVILLE,84.85,18,2005,5100,65,2026,5,18
영등포구,영등포동1가,헤렌어반,12.988,3,2011,10500,3,2026,5,2
영등포구,영등포동1가,헤렌어반,12.988,3,2011,10350,4,2026,5,2
영등포구,문래동6가,현대6차,50.55,6,1997,46000,0,2026,5,14
영등포구,여의도동,미성,92.53,3,1978,15000,200,2026,5,16
영등포구,신길동,삼환,59.53,13,1997,55000,0,2026,5,16
영등포구,당산동3가,당산한양,84.93,6,1986,65000,0,2026,5,15
영등포구,문래동6가,문래롯데캐슬,51.25,7,2020,15510,87,2026,5,11
영등포구,신길동,힐스테이트클래시안,59.91,16,2020,81000,0,2026,5,16
영등포구,양평동3가,양평역미소지움,37.8,13,2018,15000,120,2026,5,16
영등포구,문래동6가,문래롯데캐슬,51.25,20,2020,15000,82,2026,5,15
영등포구,문래동6가,현대6차,50.55,8,1997,20000,95,2026,5,15
영등포구,영등포동8가,당산푸르지오,163.68,4,2004,52500,137,2026,5,4
영등포구,도림동,영등포아트자이,84.762,24,2014,50000,90,2026,5,5
영등포구,영등포동7가,엔비어스파크,16.645,12,2020,1000,73,2026,5,6
영등포구,대림동,현대3차,84.89,3,1997,55000,0,2026,5,11
영등포구,대림동,성원(650),59.63,2,1995,37800,0,2026,5,15
영등포구,대림동,현대3차,84.89,3,1997,55500,0,2026,5,11
영등포구,여의도동,삼부,77.69,9,1975,67000,0,2026,5,9
영등포구,양평동5가,양평한신,59.94,14,1996,61000,0,2026,5,10
영등포구,당산동4가,당산현대3차,59.26,8,1988,10000,200,2026,5,2
영등포구,신길동,삼성래미안,59.33,5,2001,5500,150,2026,5,2
영등포구,여의도동,롯데캐슬엠파이어,213.84,36,2005,173000,0,2026,5,15
영등포구,문래동3가,문래힐스테이트,84.92,11,2003,84000,0,2026,5,9
영등포구,신길동,보라매에스케이뷰,84.98,15,2020,10000,300,2026,5,8
영등포구,여의도동,시범,79.24,10,1971,45000,0,2026,5,7
영등포구,신길동,래미안영등포프레비뉴,59.99,14,2015,58900,0,2026,5,15
영등포구,양평동1가,신동아,50.81,13,1982,37000,0,2026,5,14
영등포구,문래동3가,문래건영,59.4,1,1998,36380,0,2026,5,14
영등포구,양평동6가,동양,59.86,12,2000,33050,0,2026,5,14
영등포구,문래동3가,문래힐스테이트,119.47,9,2003,96000,0,2026,5,11
영등포구,당산동5가,당산삼성래미안4차,115.78,2,2003,500,75,2026,5,6
영등포구,영등포동7가,아크로타워스퀘어,26.78,14,2017,9071,26,2026,5,15
영등포구,신길동,신길파크자이,84.99,19,2022,79500,0,2026,5,11
영등포구,문래동3가,문래건영,59.4,1,1998,36380,0,2026,5,14
영등포구,여의도동,시범,60.96,8,1971,3000,130,2026,5,8
영등포구,당산동1가,진로,59.4,6,1997,60000,0,2026,5,14
영등포구,문래동3가,문래공원한신,58.96,3,1988,53000,0,2026,5,14
영등포구,문래동5가,문래모아미래도,84.75,13,2017,68290,0,2026,5,14
영등포구,영등포동7가,아크로타워스퀘어,84.75,21,2017,30000,255,2026,5,13
영등포구,문래동3가,국화맨션,84.71,4,1983,57000,0,2026,5,14
영등포구,문래동6가,대원,59.99,10,1998,40000,30,2026,5,13
영등포구,당산동5가,당산센트럴아이파크,59.98,21,2020,20000,138,2026,5,12
영등포구,여의도동,은하,121.52,11,1974,100000,0,2026,5,14
영등포구,문래동4가,문래동삼환,84.98,17,2001,35000,0,2026,5,5
영등포구,여의도동,시범,79.24,2,1971,35280,0,2026,5,14
영등포구,양평동5가,양평한신,84.87,11,1996,65000,0,2026,5,14
영등포구,신길동,비스타동원,15.3664,22,2024,16000,1,2026,5,11
영등포구,영등포동7가,아크로타워스퀘어,84.69,4,2017,40000,240,2026,5,12
영등포구,영등포동2가,명화오피스텔,31.36,12,2017,23800,6,2026,5,6
영등포구,양평동3가,양평현대6차,84.94,2,2000,15000,104,2026,5,9
영등포구,문래동6가,문래롯데캐슬,53.79,14,2020,25850,52,2026,5,12
영등포구,대림동,보라매 신동아 파밀리에,84.91,9,2016,70000,0,2026,5,14
영등포구,신길동,신길센트럴아이파크,59.98,19,2019,61000,0,2026,5,14
영등포구,신길동,래미안에스티움,39.85,10,2017,55000,0,2026,5,13
영등포구,당산동5가,당산센트럴아이파크,84.98,13,2020,101000,50,2026,5,13
영등포구,영등포동2가,명화오피스텔,31.36,12,2017,23100,8,2026,5,6
영등포구,당산동5가,당산센트럴아이파크,84.98,17,2020,110000,0,2026,5,13
영등포구,문래동3가,문래공원한신,58.96,13,1988,55000,0,2026,5,1
영등포구,당산동5가,유원제일2차,123.76,1,1984,50000,0,2026,5,13
영등포구,신길동,삼두,34.92,9,1987,7000,60,2026,5,9
영등포구,문래동6가,유원문래,84.98,2,1991,63000,0,2026,5,13
영등포구,당산동4가,당산현대5차,59.75,15,2000,37000,91,2026,5,5
영등포구,당산동4가,당산삼성2차,84.93,6,1997,73000,0,2026,5,6
영등포구,양평동5가,양평한신,59.94,11,1996,59000,0,2026,5,12
영등포구,대림동,현대3차,140.54,12,1997,80000,0,2026,5,7
영등포구,여의도동,공작,91.97,11,1976,35000,70,2026,5,5
영등포구,여의도동,진주,63.83,9,1977,60000,0,2026,5,13
영등포구,양평동3가,현대2차,80.92,3,1990,57000,0,2026,5,4
영등포구,여의도동,대교,95.5,8,1975,36000,0,2026,5,7
영등포구,당산동2가,당산2가현대홈타운,82.77,13,1994,72000,0,2026,5,5
영등포구,신길동,대방전철,45.98,2,1976,32000,0,2026,5,10
영등포구,영등포동7가,아크로타워스퀘어,84.75,6,2017,89760,0,2026,5,13
영등포구,대림동,e편한세상영등포아델포레,59.968,18,2020,59700,0,2026,5,9
영등포구,당산동2가,당산대우,31.73,22,1999,28000,0,2026,5,13
영등포구,당산동2가,당산대우,45.55,19,1999,33000,0,2026,5,12
영등포구,당산동5가,당산삼성래미안4차,115.78,12,2003,105000,0,2026,5,12
영등포구,문래동6가,문래롯데캐슬,59.9,16,2020,25000,69,2026,5,11
영등포구,당산동2가,당산대우,32.62,23,1999,10000,55,2026,5,9
영등포구,영등포동7가,아크로타워스퀘어,26.78,24,2017,9071,26,2026,5,12
영등포구,당산동1가,진로,59.4,22,1997,53000,0,2026,5,12
영등포구,영등포동1가,스테이72여의도,12.4,5,2013,1000,60,2026,5,9
영등포구,문래동6가,문래롯데캐슬,52.62,6,2020,25875,48,2026,5,7
영등포구,신길동,힐스테이트클래시안,39.96,8,2020,4958,7,2026,5,12
영등포구,영등포동2가,여의도리미티오148,26.1509,9,2022,33000,13,2026,5,11
영등포구,영등포동3가,포레스트힐시티,13.53,6,2014,3000,50,2026,5,12
영등포구,영등포동1가,내이처해밀,15.076,3,2012,13000,0,2026,5,11
영등포구,신길동,삼환,84.84,8,1997,52500,0,2026,5,7
영등포구,영등포동8가,삼환,59.91,11,1999,46085,0,2026,5,1
영등포구,대림동,HHouse대림뉴스테이,31.888,12,2017,10000,71,2026,5,12
영등포구,영등포동1가,지엘리베라움,12.62,13,2014,14000,12,2026,5,8
영등포구,양평동3가,양평현대6차,84.94,7,2000,56000,50,2026,5,11
영등포구,당산동5가,당산디오빌,29.23,12,2005,1000,110,2026,5,6
영등포구,여의도동,브라이튼여의도,84.132,28,2023,182000,0,2026,5,7
영등포구,당산동4가,당산현대5차,59.75,17,2000,10000,220,2026,5,4
영등포구,양평동2가,삼성래미안,84.69,21,1998,49450,0,2026,5,12
영등포구,신길동,신길파크자이,84.98,3,2022,85000,0,2026,5,10
영등포구,영등포동1가,여의도더리브스타일,14.8376,16,2020,17500,15,2026,5,8
영등포구,영등포동1가,헤렌어반,13.331,5,2011,10500,10,2026,5,11
영등포구,양평동1가,이너스삼성,71.2,1,2005,50000,0,2026,5,12
영등포구,신길동,신길파크자이,84.99,15,2022,100000,0,2026,5,11
영등포구,도림동,에스제이팰리스,28.67,14,2019,3000,103,2026,5,5
영등포구,양평동5가,양평한신,84.87,18,1996,47600,32,2026,5,9
영등포구,영등포동2가,경동미르웰여의도,14.03,8,2017,12000,0,2026,5,12
영등포구,당산동3가,리마크빌당산,20.13,5,2025,2000,137,2026,5,12
영등포구,여의도동,시범,118.12,6,1971,5000,200,2026,5,9
영등포구,문래동6가,문래롯데캐슬,53.79,9,2020,10000,113,2026,5,7
영등포구,문래동6가,문래롯데캐슬,51.25,17,2020,25850,41,2026,5,7
영등포구,문래동3가,문래자이,84.98,5,2001,25000,220,2026,5,8
영등포구,당산동5가,당산센트럴아이파크,84.98,23,2020,105000,0,2026,5,9
영등포구,양평동1가,신동아,50.81,13,1982,35000,0,2026,5,9
영등포구,신길동,삼두,43.65,5,1987,25000,0,2026,5,11
영등포구,당산동1가,진로,59.4,22,1997,53000,0,2026,5,8
영등포구,양평동1가,신동아,50.81,13,1982,35000,0,2026,5,9
영등포구,신길동,우성1,49.64,9,1986,30000,0,2026,5,9
영등포구,대림동,현대3차,84.89,11,1997,57750,0,2026,5,9
영등포구,신길동,신길자이,84.94,2,2011,50000,40,2026,5,11
영등포구,대림동,보라매 신동아 파밀리에,84.88,3,2016,63000,0,2026,5,9
영등포구,당산동3가,당산계룡리슈빌2단지,39.986,6,2014,58000,0,2026,5,9
영등포구,양평동4가,경남아너스빌,70.94,6,2000,44950,0,2026,5,10
영등포구,양평동1가,신동아,50.81,11,1982,10000,60,2026,5,9
영등포구,여의도동,브라이튼여의도,101.9509,48,2023,209000,0,2026,5,9
영등포구,영등포동7가,포레나영등포센트럴,84.8025,12,2020,95000,0,2026,5,10
영등포구,영등포동1가,여의도이튼브라운,29.87,3,2022,35000,0,2026,5,5
영등포구,대림동,G밸리소홈,16.1,7,2018,12000,10,2026,5,9
영등포구,당산동4가,당산현대5차,59.37,11,2000,69000,0,2026,5,9
영등포구,신길동,우성3,53.24,12,1989,33000,80,2026,5,9
영등포구,양평동4가,약산,36.55,3,1984,2000,42,2026,5,8
영등포구,영등포동,영등포푸르지오,59.912,14,2002,60000,0,2026,5,8
영등포구,대림동,e편한세상영등포아델포레,59.9792,4,2020,65000,0,2026,5,8
영등포구,대림동,신대림자이1단지,116.03,3,2007,20000,170,2026,5,9
영등포구,당산동4가,당산롯데캐슬프레스티지,84.99,23,2017,110000,0,2026,5,8
영등포구,영등포동8가,영등포메이준2011,12.11,13,2012,10500,20,2026,5,9
영등포구,양평동3가,양평역미소지움,37.8,4,2018,20000,100,2026,5,9
영등포구,대림동,신동아,84.85,15,1987,33568,0,2026,5,9
영등포구,대림동,e편한세상영등포아델포레,59.968,9,2020,70000,0,2026,5,10
영등포구,여의도동,광장,136.63,4,1978,90000,0,2026,5,11
영등포구,여의도동,진주,48.26,5,1977,15000,118,2026,5,8
영등포구,당산동5가,유원제일2차,84.6,4,1984,48000,0,2026,5,4
영등포구,양평동6가,한솔,69.03,10,1999,54000,0,2026,5,9
영등포구,문래동6가,문래롯데캐슬,51.25,3,2020,25850,40,2026,5,7
영등포구,문래동4가,리버뷰신안인스빌2단지,84.995,4,2008,46200,0,2026,5,9
영등포구,문래동6가,현대2차,59.85,4,1987,10000,99,2026,5,9
영등포구,문래동6가,e편한세상 문래 에듀플라츠,59.9854,13,2020,73000,0,2026,5,9
영등포구,신길동,래미안에스티움,84.92,20,2017,55000,130,2026,5,8
영등포구,당산동2가,당산2가현대홈타운,82.77,6,1994,55120,0,2026,5,8
영등포구,양평동5가,양평한신,59.94,2,1996,47000,9,2026,5,7
영등포구,당산동5가,당산효성1차,59.85,12,1999,70000,0,2026,5,7
영등포구,당산동4가,당산현대5차,59.85,12,2000,63000,0,2026,5,7
영등포구,양평동5가,양평한신,84.87,1,1996,63000,0,2026,5,7
영등포구,신길동,우성3,53.24,13,1989,35000,0,2026,5,8
영등포구,대림동,신대림신동아파밀리에,59.9754,9,2013,10000,160,2026,5,7
영등포구,당산동3가,당산계룡리슈빌2단지,38.77,19,2014,49000,0,2026,5,8
영등포구,양평동1가,창건애드웰,84.69,5,2006,58000,0,2026,5,7
영등포구,신길동,보라매에스케이뷰,59.98,25,2020,70350,0,2026,5,7
영등포구,당산동,강변래미안,108.15,11,2002,63000,86,2026,5,7
영등포구,양평동3가,양평현대6차,59.98,10,2000,57000,0,2026,5,5
영등포구,문래동4가,리버뷰신안인스빌2단지,84.995,13,2008,60000,0,2026,5,4
영등포구,문래동5가,문래모아미래도,59.9,17,2017,42198,0,2026,5,7
영등포구,당산동,조인타운,22.31,12,2013,17000,0,2026,5,6
영등포구,당산동5가,당산센트럴아이파크,59.98,20,2020,77400,0,2026,5,1
영등포구,문래동6가,현대2차,41.04,15,1987,30970,0,2026,5,1
영등포구,신길동,신길파크자이,59.97,13,2022,47000,120,2026,5,7
영등포구,신길동,더샵파크프레스티지,59.8635,12,2022,50000,90,2026,5,6
영등포구,대림동,코오롱,134.91,19,1998,32000,150,2026,5,2
영등포구,신길동,래미안에스티움,84.92,8,2017,100000,0,2026,5,6
영등포구,신길동,힐스테이트클래시안,59.91,2,2020,55000,36,2026,5,1
영등포구,영등포동1가,여의도씨티아이,12.59,17,2013,11700,5,2026,5,6
영등포구,신길동,보라매에스케이뷰,117.59,13,2020,114000,0,2026,5,6
영등포구,당산동3가,당산한양,73.87,6,1986,55000,0,2026,5,6
영등포구,당산동5가,당산센트럴아이파크,59.98,14,2020,13891,53,2026,5,7
영등포구,신길동,보라매에스케이뷰,136.39,16,2020,103500,0,2026,5,1
영등포구,영등포동2가,명화오피스텔,31.36,12,2017,23800,6,2026,5,6
영등포구,당산동2가,당산대우,32.62,24,1999,10000,45,2026,5,1
영등포구,여의도동,진주,48.26,1,1977,39480,0,2026,5,4
영등포구,문래동6가,문래롯데캐슬,59.9,9,2020,15000,104,2026,5,6
영등포구,신길동,대성유니드,83.5,6,2003,30000,0,2026,5,1
영등포구,신길동,우성2,53.24,2,1986,28000,0,2026,5,1
영등포구,신길동,힐스테이트클래시안,59.91,2,2020,55000,36,2026,5,1
영등포구,양평동2가,삼성래미안,114.63,17,1998,68000,0,2026,5,1
영등포구,영등포동2가,이지리움S,13.35,4,2013,12100,5,2026,5,6
영등포구,신길동,신길센트럴아이파크,49.68,25,2019,20280,73,2026,5,6
영등포구,양평동5가,양평한신,84.87,7,1996,63000,0,2026,5,1
영등포구,여의도동,미성,101.26,2,1978,10000,159,2026,5,6
영등포구,여의도동,목화,89.92,7,1977,57000,0,2026,5,6
영등포구,신길동,힐스테이트클래시안,59.87,3,2020,20000,260,2026,5,4
영등포구,양평동2가,양평벽산블루밍,51.24,2,1990,41000,0,2026,5,1
영등포구,당산동5가,유원제일2차,84.6,5,1984,45000,0,2026,5,5
영등포구,당산동4가,당산반도유보라팰리스,124.62,15,2010,115000,0,2026,5,6
영등포구,양평동1가,신동아,50.81,1,1982,5000,115,2026,5,5
영등포구,당산동4가,당산현대3차,84.93,15,1988,60000,0,2026,5,4
영등포구,양평동6가,동양,59.86,2,2000,52000,0,2026,5,5
영등포구,대림동,현대3차,140.54,7,1997,64000,0,2026,5,3
영등포구,영등포동,영등포푸르지오,59.912,19,2002,38000,110,2026,5,5
영등포구,영등포동1가,헤렌어반,12.988,3,2011,10500,3,2026,5,2
영등포구,양평동3가,양평현대6차,84.94,5,2000,66000,0,2026,5,4
영등포구,영등포동1가,여의도이튼브라운,29.87,3,2022,33000,0,2026,5,5
영등포구,신길동,우성2,53.24,11,1986,15000,50,2026,5,5
영등포구,양평동5가,양평한신,59.94,14,1996,48000,0,2026,5,4
영등포구,영등포동8가,삼환,59.91,4,1999,60900,0,2026,5,5
영등포구,신길동,래미안에스티움,49.97,7,2017,52500,0,2026,5,4
영등포구,신길동,삼성래미안,114.87,18,2001,67000,0,2026,5,5
영등포구,신길동,삼성래미안,84.91,13,2001,53000,0,2026,5,5
영등포구,양평동4가,경남아너스빌,59.84,1,2000,53000,0,2026,5,4
영등포구,신길동,삼두,43.65,3,1987,25000,0,2026,5,1
영등포구,양평동5가,양평한신,59.94,10,1996,52500,0,2026,5,2
영등포구,여의도동,브라이튼여의도,84.132,13,2023,180000,0,2026,5,2
영등포구,도림동,도림청구,37.63,11,1997,26250,0,2026,5,1
영등포구,당산동4가,당산현대3차,73.27,10,1988,60000,0,2026,5,1
영등포구,신길동,메트하임,49.026,8,2017,42000,0,2026,5,2
영등포구,당산동2가,당산2가현대홈타운,82.77,1,1994,50000,30,2026,5,4
영등포구,신길동,래미안에스티움,84.92,9,2017,100000,0,2026,5,3
영등포구,신길동,신길센트럴아이파크,59.97,11,2019,75000,0,2026,5,2
영등포구,신길동,래미안에스티움,84.95,10,2017,75600,0,2026,5,2
영등포구,신길동,힐스테이트클래시안,84.86,21,2020,85000,15,2026,5,2
영등포구,당산동,강변래미안,108.15,11,2002,20000,250,2026,5,4
영등포구,당산동5가,당산센트럴아이파크,59.98,22,2020,65000,0,2026,5,1
영등포구,신길동,신길센트럴자이아파트,59.98,24,2021,68000,0,2026,5,1
영등포구,당산동5가,당산센트럴아이파크,46.98,12,2020,30000,190,2026,5,1
영등포구,신길동,래미안에스티움,59.95,14,2017,53235,0,2026,5,1
영등포구,당산동,래미안당산1차,84.99,20,1995,75000,0,2026,5,2
영등포구,문래동5가,문래대림,84.92,12,2000,61800,0,2026,5,1
영등포구,영등포동8가,영등포메이준2011,12.11,16,2012,1000,60,2026,5,2
영등포구,영등포동8가,삼환,59.91,11,1999,46085,0,2026,5,1
영등포구,신길동,대성유니드,83.5,2,2003,20100,90,2026,5,2
영등포구,영등포동7가,경남아너스빌,59.9,12,1998,35000,67,2026,5,1
영등포구,대림동,보라매 신동아 파밀리에,84.88,13,2016,65000,0,2026,5,1
영등포구,문래동3가,문래공원한신,58.96,13,1988,55000,0,2026,5,1
동작구,본동,신동아,84.46,5,1993,53500,0,2026,5,30
동작구,사당동,극동(105),46.75,6,1993,30000,60,2026,5,15
동작구,신대방동,동작협성휴포레시그니처,84.9464,28,2022,80000,0,2026,5,23
동작구,상도동,상도역롯데캐슬파크엘,59.9818,18,2021,20000,160,2026,5,11
동작구,신대방동,우성1차,127.02,6,1988,80000,0,2026,5,30
동작구,신대방동,롯데낙천대,80.1726,5,2003,52500,0,2026,5,29
동작구,상도동,두산위브트레지움2차,84.9736,17,2016,88000,0,2026,5,14
동작구,노량진동,우성,84.96,10,1997,10000,124,2026,5,23
동작구,본동,경동윈츠리버,79.68,12,2004,67000,0,2026,5,25
동작구,상도동,상도동래미안1차,84.959,16,2004,61950,0,2026,5,16
동작구,신대방동,보라매파크빌,84.81,5,2002,60000,0,2026,5,23
동작구,상도동,힐스테이트 상도 센트럴파크,84.7835,12,2012,50000,160,2026,5,16
동작구,흑석동,흑석동양아파트,84.991,13,2003,59500,0,2026,5,17
동작구,흑석동,흑석한강센트레빌,84.89,5,2011,84000,0,2026,5,16
동작구,상도동,경향렉스빌,84.9832,3,2002,40500,40,2026,5,13
동작구,신대방동,보라매자이더포레스트,59.9365,30,2021,30000,80,2026,5,9
동작구,동작동,이수힐스테이트,59.998,4,2013,80000,0,2026,5,9
동작구,본동,유원강변,84.28,12,2000,77000,0,2026,5,9
동작구,노량진동,우성,59.82,6,1997,20000,130,2026,5,9
동작구,상도동,힐스테이트 상도 센트럴파크,59.7754,5,2012,67000,14,2026,5,5
동작구,신대방동,롯데낙천대,80.2422,7,2003,58800,0,2026,5,1
동작구,본동,신동아,84.46,12,1993,48000,0,2026,5,1
동작구,흑석동,흑석동양아파트,84.985,7,2003,30000,66,2026,5,9
동작구,상도동,상도휴엔하임,14.7,8,2016,500,65,2026,5,17
동작구,사당동,스타팰리스이수,18.08,4,2026,6500,59,2026,5,30
동작구,신대방동,경남교수,84.94,10,2001,15000,215,2026,5,31
동작구,본동,래미안트윈파크,84.76,6,2011,50000,200,2026,5,9
동작구,노량진동,우성,84.84,15,1997,69000,0,2026,5,12
동작구,노량진동,더써밋타워,34.46,19,2024,16500,72,2026,5,8
동작구,대방동,대림아파트,59.84,6,1993,62000,0,2026,5,12
동작구,상도동,상도푸르지오클라베뉴,74.9953,7,2024,73000,0,2026,5,9
동작구,사당동,사당롯데캐슬2차,84.614,14,2004,57000,40,2026,5,17
동작구,상도동,씨티아모리움,14.1881,4,2012,1000,70,2026,5,3
동작구,상도동,상도역롯데캐슬파크엘,74.9587,11,2021,82000,0,2026,5,15
동작구,상도동,힐스테이트 상도 센트럴파크,59.7754,4,2012,30000,180,2026,5,17
동작구,사당동,이수푸르지오더프레티움,84.9243,7,2021,20000,360,2026,5,20
동작구,상도동,래미안상도3차,84.96,14,2004,73000,0,2026,5,30
동작구,상도동,상도역롯데캐슬파크엘,74.9853,2,2021,73500,0,2026,5,19
동작구,흑석동,흑석리버파크자이,39.05,15,2025,1450,26,2026,5,11
동작구,흑석동,롯데캐슬에듀포레,84.9912,3,2018,2000,130,2026,5,25
동작구,신대방동,현대,84.57,12,1996,65000,0,2026,5,12
동작구,상도동,쌍용스윗닷홈,59.578,9,2003,20000,165,2026,5,18
동작구,사당동,삼성래미안,84.967,15,2003,5000,270,2026,5,12
동작구,사당동,사당롯데캐슬2차,84.614,14,2004,57000,40,2026,5,17
동작구,상도동,이수브라운스톤상도(527-0),84.84,6,2007,20000,193,2026,5,28
동작구,상도동,e편한세상상도노빌리티,59.9173,17,2018,52500,0,2026,5,9
동작구,흑석동,흑석동양아파트,59.511,5,2003,42900,0,2026,5,14
동작구,상도동,상도에스에이치빌,32.43,4,2006,3949,8,2026,5,11
동작구,사당동,사당롯데캐슬골든포레,59.9908,16,2021,63500,0,2026,5,17
동작구,사당동,스타팰리스이수,18.08,5,2026,6500,59,2026,5,8
동작구,본동,유원강변,84.28,6,2000,60000,0,2026,5,11
동작구,흑석동,한강현대,114.44,3,1988,80000,0,2026,5,25
동작구,노량진동,메가스터디타워,15.974,18,2015,1000,76,2026,5,2
동작구,사당동,사당롯데캐슬골든포레,84.9739,15,2021,30000,200,2026,5,1
동작구,사당동,사당롯데캐슬골든포레,84.9787,3,2021,81000,0,2026,5,1
동작구,상도동,상도휴엔하임,14.7,10,2016,1000,70,2026,5,28
동작구,노량진동,더클래식동작,16.25,13,2020,5967,48,2026,5,14
동작구,신대방동,우성1차,84.99,12,1988,60000,0,2026,5,16
동작구,상도동,씨티아모리움,31.179,7,2012,2000,150,2026,5,19
동작구,노량진동,더써밋타워,34.98,21,2024,16800,71,2026,5,21
동작구,본동,신동아,84.46,12,1993,48000,0,2026,5,1
동작구,대방동,경남아너스빌,84.805,6,2006,60000,75,2026,5,4
동작구,사당동,이수푸르지오더프레티움,59.9494,10,2021,30000,160,2026,5,26
동작구,사당동,사당우성3,59.89,6,1993,55000,0,2026,5,30
동작구,흑석동,흑석한강센트레빌Ⅱ,84.99,9,2012,98000,0,2026,5,28
동작구,상도동,힐스테이트 상도 프레스티지,84.884,9,2013,20000,240,2026,5,21
동작구,사당동,사당휴먼시아,84.73,13,2009,40000,145,2026,5,28
동작구,사당동,사당우성3,59.89,6,1993,55000,0,2026,5,30
동작구,대방동,주공2,59.97,2,1995,54000,0,2026,5,1
동작구,노량진동,더클래식동작,14.17,7,2020,4564,48,2026,5,18
동작구,본동,유원강변,84.28,12,2000,77000,0,2026,5,9
동작구,상도동,포스코더샵,161.481,12,2007,120000,0,2026,5,31
동작구,동작동,이수힐스테이트,108.3358,6,2013,70000,150,2026,5,25
동작구,사당동,두산위브트레지움,84.422,3,2011,42500,210,2026,5,25
동작구,노량진동,더클래식동작,14.17,7,2020,4564,48,2026,5,18
동작구,사당동,사당롯데캐슬2차,84.614,14,2004,60000,20,2026,5,17
동작구,상도동,상도효성해링턴플레이스,59.9769,27,2016,70000,0,2026,5,1
동작구,본동,신동아,104.7,12,1993,55000,0,2026,5,23
동작구,대방동,경남아너스빌,84.805,5,2006,20000,260,2026,5,31
동작구,사당동,사당우성2,59.89,9,1993,60000,0,2026,5,31
동작구,신대방동,우성1차,84.99,2,1988,45000,5,2026,5,30
동작구,상도동,포스코더샵,59.99,12,2007,40000,150,2026,5,22
동작구,사당동,삼성래미안,84.967,10,2003,68000,0,2026,5,16
동작구,노량진동,더써밋타워,18.3,18,2024,9400,41,2026,5,20
동작구,흑석동,아크로리버하임,84.7536,2,2019,108150,0,2026,5,20
동작구,사당동,삼성래미안,84.967,12,2003,20000,240,2026,5,26
동작구,사당동,이수푸르지오더프레티움,84.9243,6,2021,10000,327,2026,5,23
동작구,신대방동,펭귄,63.04,5,1978,28000,0,2026,5,30
동작구,동작동,이수스위첸포레힐즈,84.97,9,2022,50000,180,2026,5,22
동작구,본동,경동윈츠리버,79.68,12,2004,67000,0,2026,5,25
동작구,흑석동,흑석한강푸르지오,84.98,2,2012,73500,0,2026,5,23
동작구,노량진동,더클래식동작,31.77,3,2020,5000,78,2026,5,14
동작구,대방동,주공2,59.97,15,1995,55000,0,2026,5,20
동작구,신대방동,보라매자이더포레스트,84.7739,18,2021,50000,165,2026,5,30
동작구,노량진동,더써밋타워,34.46,21,2024,26500,33,2026,5,7
동작구,신대방동,보라매e편한세상,59.98,12,2010,5000,240,2026,5,16
동작구,상도동,대우유로카운티,142.129,11,2003,78750,0,2026,5,25
동작구,흑석동,롯데캐슬에듀포레,84.9912,17,2018,60000,50,2026,5,20
동작구,대방동,주공2,59.97,15,1995,55000,0,2026,5,20
동작구,상도동,포스코더샵,59.96,1,2007,51500,13,2026,5,29
동작구,흑석동,흑석한강센트레빌Ⅱ,84.946,4,2012,86100,0,2026,5,22
동작구,노량진동,더써밋타워,32.61,19,2024,10000,67,2026,5,28
동작구,상도동,힐스테이트 상도 센트럴파크,84.7835,12,2012,50000,160,2026,5,16
동작구,대방동,대방1차e-편한세상,84.32,7,2003,88000,0,2026,5,16
동작구,상도동,상도동래미안1차,84.959,10,2004,52500,40,2026,5,16
동작구,흑석동,아크로리버하임,59.9154,18,2019,55000,165,2026,5,16
동작구,사당동,스타팰리스이수,19.53,3,2026,9100,53,2026,5,12
동작구,본동,래미안트윈파크,115.5,7,2011,10000,580,2026,5,20
동작구,사당동,사당롯데캐슬골든포레,84.9787,14,2021,82000,0,2026,5,11
동작구,상도동,상도역롯데캐슬파크엘,59.9818,18,2021,20000,160,2026,5,11
동작구,상도동,건영,32.8,8,1997,33600,0,2026,5,16
동작구,흑석동,명수대현대,78.07,13,1988,10000,250,2026,5,23
동작구,사당동,제일,60.03,6,1987,36000,0,2026,5,30
동작구,사당동,사당휴먼시아,84.73,13,2009,70000,0,2026,5,19
동작구,신대방동,현대,84.57,18,1996,63000,0,2026,5,9
동작구,흑석동,흑석한강센트레빌Ⅱ,84.99,15,2012,80000,45,2026,5,30
동작구,상도동,현대201동,84.97,9,1995,10000,220,2026,5,29
동작구,노량진동,더써밋타워,18.3,16,2024,14970,20,2026,5,13
동작구,흑석동,롯데캐슬에듀포레,59.8718,22,2018,60000,120,2026,5,23
동작구,신대방동,삼성보라매옴니타워,164.76,20,1997,50000,170,2026,5,30
동작구,사당동,스타팰리스이수,18.08,5,2026,10800,42,2026,5,13
동작구,사당동,래미안로이파크,84.98,3,2018,97000,0,2026,5,26
동작구,사당동,극동(105),119.5,17,1993,60670,40,2026,5,24
동작구,신대방동,동작협성휴포레시그니처,84.9464,25,2022,40000,113,2026,5,19
동작구,흑석동,흑석동양아파트,84.985,7,2003,30000,66,2026,5,9
동작구,대방동,대림아파트,59.84,14,1993,4000,105,2026,5,30
동작구,상도동,힐스테이트 상도 센트럴파크,59.7754,14,2012,80000,0,2026,5,30
동작구,대방동,대방동현대,84.96,20,1994,78000,0,2026,5,30
동작구,본동,래미안트윈파크,115.42,11,2011,5000,420,2026,5,13
동작구,대방동,경남아너스빌,84.805,4,2006,71400,0,2026,5,29
동작구,사당동,이수역리가,84.956,10,2013,76500,0,2026,5,22
동작구,흑석동,흑석한강푸르지오,84.98,1,2012,81900,0,2026,5,14
동작구,본동,삼성래미안,114.9855,5,2004,75000,0,2026,5,8
동작구,대방동,성원,84.32,3,1994,73500,0,2026,5,2
동작구,흑석동,흑석리버파크자이,84.94,10,2025,86100,0,2026,5,25
동작구,본동,삼성래미안,84.2261,3,2004,68250,0,2026,5,15
동작구,흑석동,한강현대,131.06,1,1988,60000,0,2026,5,26
동작구,사당동,극동(105),109.7,5,1993,40000,120,2026,5,25
동작구,상도동,상도파크자이,71.252,15,2016,78700,0,2026,5,16
동작구,사당동,래미안로이파크,84.98,12,2018,105000,0,2026,5,15
동작구,신대방동,롯데낙천대,80.1726,5,2003,52500,0,2026,5,29
동작구,사당동,신동아4,84.46,15,1993,68000,0,2026,5,18
동작구,본동,신동아,84.46,8,1993,50000,0,2026,5,31
동작구,흑석동,흑석동양아파트,84.99,11,2003,5000,221,2026,5,27
동작구,상도동,약수맨션,131.5,4,1980,65000,0,2026,5,22
동작구,본동,삼성래미안,84.2261,3,2004,68250,0,2026,5,15
동작구,사당동,경남아너스빌1차,59.9,5,1997,49350,0,2026,5,16
동작구,신대방동,보라매자이더포레스트,84.75,15,2021,95000,0,2026,5,21
동작구,본동,삼성래미안,84.2261,3,2004,68250,0,2026,5,15
동작구,상도동,상도푸르지오클라베뉴,84.6246,10,2024,78750,0,2026,5,9
동작구,흑석동,흑석한강푸르지오,84.98,2,2012,77700,0,2026,5,8
동작구,사당동,두산위브트레지움,84.9706,26,2011,30000,200,2026,5,16
동작구,사당동,사당자이,84.49,10,1999,70000,0,2026,5,17
동작구,본동,신동아,84.46,5,1993,53500,0,2026,5,30
동작구,신대방동,벽산,84.9,3,1997,60000,0,2026,5,11
동작구,상도동,상도파크자이,84.888,19,2016,95000,0,2026,5,23
동작구,본동,유원강변,84.63,17,2000,63000,0,2026,5,3
동작구,대방동,대림아파트,164.79,6,1993,105000,0,2026,5,15
동작구,상도동,힐스테이트 상도 센트럴파크,59.7754,14,2012,80000,0,2026,5,30
동작구,대방동,주공2,51.66,3,1995,46200,0,2026,5,29
동작구,노량진동,힐스테이트장승배기역,84.6923,22,2026,85000,100,2026,5,21
동작구,사당동,스타팰리스이수,18.08,4,2026,10800,42,2026,5,27
동작구,노량진동,더클래식동작,14.17,8,2020,5318,44,2026,5,13
동작구,대방동,대림아파트,84.92,15,1993,77700,0,2026,5,19
동작구,상도동,힐스테이트 상도 센트럴파크,59.7754,4,2012,30000,180,2026,5,17
동작구,상도동,래미안상도3차,114.97,2,2004,20000,320,2026,5,10
동작구,상도동,상도휴엔하임,14.7,7,2016,1000,70,2026,5,30
동작구,사당동,극동(105),46.75,2,1993,43000,0,2026,5,26
동작구,본동,래미안트윈파크,59.72,27,2011,45000,70,2026,5,11
동작구,상도동,두산위브트레지움2차,84.9736,17,2016,88000,0,2026,5,14
동작구,신대방동,골드타워,19.423,5,2025,7640,12,2026,5,18
동작구,상도동,현대(관악),58.59,14,1992,46000,0,2026,5,30
동작구,흑석동,아크로리버하임,72.951,16,2019,2000,110,2026,5,16
동작구,본동,신동아,46.75,7,1993,30000,50,2026,5,29
동작구,상도동,상도효성해링턴플레이스,59.9769,9,2016,10000,230,2026,5,8
동작구,노량진동,우성,59.82,6,1997,20000,130,2026,5,9
동작구,흑석동,롯데캐슬에듀포레,84.9778,17,2018,92400,0,2026,5,30
동작구,흑석동,우리유앤미,59.9404,12,2003,5000,210,2026,5,29
동작구,노량진동,우성,84.96,8,1997,10000,250,2026,5,3
동작구,동작동,이수스위첸포레힐즈,84.95,15,2022,92000,0,2026,5,10
동작구,신대방동,롯데낙천대,108.4848,7,2003,70000,20,2026,5,30
동작구,노량진동,힐스테이트장승배기역,84.8768,12,2026,105000,0,2026,5,30
동작구,사당동,경남아너스빌(대아3),84.63,2,1998,60000,40,2026,5,23
동작구,사당동,스타팰리스이수,36,3,2026,19800,77,2026,5,22
동작구,상도동,상도푸르지오클라베뉴,84.6246,11,2024,10000,243,2026,5,30
동작구,상도동,삼성래미안2,84.796,1,2003,40000,100,2026,5,30
동작구,신대방동,롯데낙천대,55.4561,1,2003,45000,0,2026,5,29
동작구,사당동,사당우성3,59.89,6,1993,55000,0,2026,5,30
동작구,상도동,상도휴엔하임,14.7,7,2016,5000,40,2026,5,11
동작구,상도동,상도동삼호아파트,114.63,4,1994,73000,0,2026,5,30
동작구,상도동,상도푸르지오클라베뉴,74.9953,9,2024,18600,220,2026,5,6
동작구,상도동,상도푸르지오클라베뉴,59.8166,6,2024,60900,0,2026,5,16
동작구,본동,유원강변,84.66,15,2000,48000,0,2026,5,27
동작구,상도동,힐스테이트 상도 프레스티지,84.951,9,2013,82000,0,2026,5,30
동작구,사당동,사당휴먼시아,84.73,14,2009,66000,0,2026,5,31
동작구,사당동,롯데캐슬,117.68,15,2003,90000,0,2026,5,8
동작구,상도동,상도휴엔하임,14.7,5,2016,1000,60,2026,5,9
동작구,노량진동,메가스터디타워,15.974,17,2015,1000,70,2026,5,7
동작구,흑석동,흑석한강센트레빌,84.91,11,2011,114000,0,2026,5,30
동작구,상도동,상도역롯데캐슬파크엘,59.9818,11,2021,80000,0,2026,5,30
동작구,사당동,사당롯데캐슬골든포레,59.9908,2,2021,60000,0,2026,5,30
동작구,동작동,이수힐스테이트,108.3358,5,2013,10000,430,2026,5,30
동작구,신대방동,현진에버빌,59.6216,11,2003,45000,0,2026,5,30
동작구,대방동,성원,84.32,5,1994,50000,90,2026,5,30
동작구,사당동,사당롯데캐슬골든포레,59.8557,5,2021,62000,35,2026,5,28
동작구,신대방동,롯데관악타워,160.19,28,1996,82000,0,2026,5,30
동작구,사당동,신동아4,46.75,10,1993,5000,157,2026,5,1
동작구,사당동,사당롯데캐슬2차,84.766,6,2004,75000,0,2026,5,21
동작구,노량진동,더클래식동작,16.25,9,2020,5967,48,2026,5,28
동작구,상도동,e편한세상상도노빌리티,84.9704,19,2018,105000,0,2026,5,9
동작구,대방동,주공2,51.66,3,1995,32000,40,2026,5,26
동작구,상도1동,한주에코,53.41,7,2003,5000,90,2026,5,11
동작구,신대방동,우성1차,66.69,11,1988,42000,0,2026,5,23
동작구,사당동,사당휴브리지(206-127),12.49,2,2015,12800,15,2026,5,20
동작구,사당동,사당해그린,84.98,12,2004,50000,90,2026,5,27
동작구,사당동,사당자이,114.94,10,1999,66000,0,2026,5,22
동작구,사당동,현대,51.66,2,1991,3000,130,2026,5,16
동작구,대방동,보라매코오롱하늘채,84.7,6,2005,73000,0,2026,5,13
동작구,사당동,래미안로이파크,59.98,2,2018,73500,0,2026,5,9
동작구,노량진동,신동아리버파크,59.67,11,2001,43000,9,2026,5,13
동작구,사당동,신동아4,59.89,10,1993,20000,140,2026,5,9
동작구,신대방동,현대,84.57,17,1996,62000,0,2026,5,28
동작구,노량진동,더써밋타워,18.3,15,2024,7500,49,2026,5,27
동작구,노량진동,더써밋타워,36.48,21,2024,17000,74,2026,5,19
동작구,상도1동,한주에코,53.41,7,2003,5000,90,2026,5,26
동작구,사당동,사당롯데캐슬골든포레,59.9908,13,2021,71000,0,2026,5,22
동작구,흑석동,흑석리버파크자이,84.94,3,2025,89250,0,2026,5,29
동작구,본동,삼성래미안,84.2261,12,2004,45000,130,2026,5,6
동작구,상도동,씨티아모리움,12.7071,5,2012,1000,65,2026,5,16
동작구,상도동,상도푸르지오클라베뉴,59.9425,13,2024,57750,0,2026,5,8
동작구,동작동,이수교신동아아파트,56.48,3,2001,33000,55,2026,5,14
동작구,사당동,대림(169-8),125.4,5,1990,50000,150,2026,5,28
동작구,사당동,제일,60.03,1,1987,36750,0,2026,5,27
동작구,상도동,상도효성해링턴플레이스,84.8136,2,2016,50400,0,2026,5,28
동작구,대방동,대림아파트,59.84,5,1993,40000,135,2026,5,26
동작구,상도동,대우유로카운티,142.129,16,2003,88000,0,2026,5,28
동작구,사당동,래미안로이파크,84.98,15,2018,105000,0,2026,5,25
동작구,흑석동,흑석한강센트레빌,84.84,7,2011,85585,0,2026,5,28
동작구,노량진동,우성,59.82,14,1997,57000,0,2026,5,13
동작구,노량진동,신동아리버파크,59.67,10,2001,47250,0,2026,5,28
동작구,노량진동,더써밋타워,33.56,16,2024,16200,67,2026,5,28
동작구,흑석동,흑석리버파크자이,84.99,10,2025,15000,420,2026,5,27
동작구,상도동,중앙하이츠빌,84.9883,1,2003,67000,0,2026,5,2
동작구,노량진동,건영(103동-106동),114.96,10,1997,81000,0,2026,5,7
동작구,상도동,현산푸른숲,144.84,7,2007,20000,100,2026,5,28
동작구,사당동,대림(169-8),84.91,15,1990,50000,140,2026,5,27
동작구,노량진동,우성,84.96,10,1997,10000,124,2026,5,23
동작구,사당동,래미안로이파크,59.98,14,2018,22092,48,2026,5,28
동작구,대방동,주공2,51.66,2,1995,5000,125,2026,5,27
동작구,상도동,상도동삼호아파트,83.89,9,1994,50000,20,2026,5,26
동작구,흑석동,명수대현대,84.33,14,1988,15000,103,2026,5,16
동작구,흑석동,명수대현대,62.96,13,1988,53500,0,2026,5,23
동작구,사당동,스타팰리스이수,18.08,4,2026,10800,42,2026,5,27
동작구,사당동,사당자이,59.89,13,1999,50400,0,2026,5,9
동작구,대방동,골든노블레스,18.01,6,2023,2732,12,2026,5,27
동작구,노량진동,더클래식동작,16.25,10,2020,5022,40,2026,5,8
동작구,사당동,갑을명가,81.6491,12,2006,10000,170,2026,5,26
동작구,사당동,래미안로이파크,59.98,4,2018,77000,0,2026,5,23
동작구,노량진동,신동아리버파크,114.75,25,2001,90000,0,2026,5,27
동작구,사당동,사당자이,59.89,13,1999,50400,0,2026,5,9
동작구,사당동,사당롯데캐슬골든포레,59.9908,16,2021,30000,142,2026,5,9
동작구,상도동,래미안상도3차,84.96,13,2004,80000,0,2026,5,27
동작구,상도동,두산위브트레지움2차,84.864,6,2016,54600,0,2026,5,26
동작구,상도동,상도파크자이,84.918,19,2016,60000,150,2026,5,27
동작구,사당동,신동아5,84.66,10,1998,65000,0,2026,5,27
동작구,노량진동,우성,59.82,1,1997,15000,150,2026,5,13
동작구,흑석동,흑석한강센트레빌Ⅱ,84.951,2,2012,95000,0,2026,5,26
동작구,사당동,삼성래미안,114.502,2,2003,73500,0,2026,5,25
동작구,사당동,래미안로이파크,59.98,6,2018,23752,39,2026,5,26
동작구,사당동,스타팰리스이수,36.07,9,2026,19900,77,2026,5,27
동작구,사당동,래미안로이파크,59.98,2,2018,24650,35,2026,5,24
동작구,상도동,아이파크,84.96,22,2004,71000,0,2026,5,16
동작구,사당동,사당롯데캐슬골든포레,59.9908,7,2021,63000,0,2026,5,22
동작구,사당동,래미안로이파크,84.98,15,2018,105000,0,2026,5,9
동작구,상도동,두산위브트레지움2차,84.8032,7,2016,47642,0,2026,5,27
동작구,동작동,이수스위첸포레힐즈,75.95,4,2022,85000,0,2026,5,8
동작구,노량진동,쌍용예가,59.957,1,2010,64500,0,2026,5,24
동작구,사당동,대림(169-8),59.67,4,1990,42000,0,2026,5,15
동작구,본동,유원강변,84.28,7,2000,73000,0,2026,5,16
동작구,노량진동,엘리안,12.1,5,2012,1000,60,2026,5,4
동작구,사당동,신동아4,59.89,2,1993,59000,0,2026,5,17
동작구,흑석동,흑석동양아파트,59.511,5,2003,43000,0,2026,5,14
동작구,사당동,두산위브트레지움,118.4843,25,2011,31500,273,2026,5,26
동작구,신대방동,롯데낙천대,55.4561,6,2003,55000,0,2026,5,23
동작구,상도동,상도푸르지오클라베뉴,84.9198,12,2024,40000,154,2026,5,18
동작구,사당동,대림(169-8),59.67,7,1990,18000,0,2026,5,25
동작구,상도동,상도푸르지오클라베뉴,74.9953,7,2024,73000,0,2026,5,9
동작구,상도동,상도역롯데캐슬파크엘,110.9878,11,2021,135000,0,2026,5,23
동작구,상도동,상도푸르지오클라베뉴,59.9425,2,2024,52500,0,2026,5,20
동작구,사당동,신동아4,84.46,10,1993,50000,60,2026,5,22
동작구,대방동,성원,84.32,14,1994,75000,0,2026,5,22
동작구,사당동,신동아4,59.89,4,1993,59000,0,2026,5,23
동작구,흑석동,아크로리버하임,84.9184,9,2019,15000,400,2026,5,23
동작구,본동,극동강변,84.73,2,1992,47000,0,2026,5,26
동작구,흑석동,명수대현대,70.2,9,1988,10000,220,2026,5,16
동작구,본동,삼성래미안,84.2261,9,2004,80000,0,2026,5,8
동작구,사당동,이수푸르지오더프레티움,84.9243,7,2021,20000,360,2026,5,20
동작구,흑석동,아크로리버하임,84.7536,16,2019,110000,0,2026,5,15
동작구,상도동,현대(관악),58.59,13,1992,45000,0,2026,5,22
동작구,대방동,대림아파트,59.84,13,1993,51000,0,2026,5,11
동작구,상도동,힐스테이트 상도 센트럴파크,59.7754,6,2012,10000,200,2026,5,16
동작구,상도동,두산위브트레지움2차,84.9736,7,2016,54600,0,2026,5,26
동작구,상도동,상도효성해링턴플레이스,59.9769,23,2016,42042,0,2026,5,26
동작구,상도동,e편한세상상도노빌리티,59.7827,18,2018,40000,160,2026,5,23
동작구,대방동,현대홈타운2,59.89,7,1999,13000,128,2026,5,25
동작구,동작동,이수힐스테이트,108.3358,5,2013,50000,250,2026,5,1
동작구,대방동,대방1차e-편한세상,84.32,11,2003,79800,0,2026,5,20
동작구,사당동,제일,60.03,1,1987,42000,0,2026,5,23
동작구,상도동,상도푸르지오클라베뉴,84.9198,6,2024,71400,0,2026,5,23
동작구,사당동,스타팰리스이수,36.07,4,2026,11900,108,2026,5,6
동작구,노량진동,신동아리버파크,84.88,18,2001,64000,0,2026,5,23
동작구,노량진동,신동아리버파크,59.67,22,2001,5000,190,2026,5,23
동작구,상도동,힐스테이트 상도 센트럴파크,84.7835,6,2012,90000,0,2026,5,23
동작구,사당동,사당휴먼시아,84.9,8,2009,56000,11,2026,5,23
동작구,신대방동,신대방경남,78.19,14,2003,65000,0,2026,5,22
동작구,대방동,주공2,59.97,11,1995,60000,0,2026,5,16
동작구,상도동,e편한세상상도노빌리티,59.7827,5,2018,40000,160,2026,5,25
동작구,상도동,상도효성해링턴플레이스,59.9769,22,2016,40131,0,2026,5,22
동작구,대방동,대림아파트,59.84,6,1993,55000,0,2026,5,22
동작구,상도동,상도푸르지오클라베뉴,84.6246,13,2024,73500,0,2026,5,22
동작구,흑석동,흑석리버파크자이,59.93,6,2025,77500,0,2026,5,15
동작구,상도동,상도푸르지오클라베뉴,84.9198,9,2024,70000,60,2026,5,22
동작구,상도동,상도푸르지오클라베뉴,74.9953,12,2024,69000,0,2026,5,21
동작구,동작동,이수힐스테이트,59.998,10,2013,87000,0,2026,5,2
동작구,사당동,래미안로이파크,84.98,18,2018,93000,0,2026,5,20
동작구,신대방동,보라매파크빌,84.84,11,2002,71300,0,2026,5,21
동작구,대방동,보라매코오롱하늘채,84.67,4,2005,10000,170,2026,5,22
동작구,사당동,삼성래미안,114.502,15,2003,76650,0,2026,5,15
동작구,사당동,사당휴브리지(206-127),12.81,10,2015,500,60,2026,5,19
동작구,사당동,래미안로이파크,84.98,6,2018,89000,0,2026,5,10
동작구,상도동,래미안상도3차,84.96,11,2004,65000,82,2026,5,22
동작구,상도동,힐스테이트 상도 센트럴파크,84.6099,16,2012,90000,0,2026,5,22
동작구,상도동,e편한세상상도노빌리티,59.7827,7,2018,45500,120,2026,5,21
동작구,상도동,힐스테이트 상도 센트럴파크,84.6099,16,2012,90000,0,2026,5,22
동작구,상도동,힐스테이트 상도 프레스티지,84.951,2,2013,5000,310,2026,5,10
동작구,상도동,상도푸르지오클라베뉴,84.6246,7,2024,73500,0,2026,5,21
동작구,사당동,사당휴먼시아,84.73,5,2009,40000,100,2026,5,21
동작구,노량진동,더써밋타워,34.98,21,2024,16800,71,2026,5,21
동작구,사당동,사당휴브리지(206-127),12.42,13,2015,11500,10,2026,5,16
동작구,노량진동,힐스테이트장승배기역,74.8752,9,2026,72000,140,2026,5,14
동작구,상도동,힐스테이트 상도 프레스티지,84.884,12,2013,30000,230,2026,5,17
동작구,상도동,힐스테이트 상도 프레스티지,84.951,4,2013,40000,180,2026,5,21
동작구,노량진동,신동아리버파크,59.67,4,2001,10000,170,2026,5,18
동작구,상도동,상도역롯데캐슬파크엘,59.9818,18,2021,75000,14,2026,5,21
동작구,흑석동,명수대현대,112.29,3,1988,5000,300,2026,5,4
동작구,흑석동,아크로리버하임,72.951,21,2019,10000,320,2026,5,1
동작구,흑석동,흑석한강푸르지오,84.91,5,2012,89000,0,2026,5,16
동작구,상도동,상도두산위브,84.909,12,2010,70000,0,2026,5,21
동작구,사당동,극동(105),109.7,18,1993,40000,100,2026,5,19
동작구,대방동,주공2,51.66,5,1995,50000,0,2026,5,20
동작구,노량진동,삼익,84.68,3,2001,300,38,2026,5,20
동작구,흑석동,명수대현대,78.07,2,1988,65000,0,2026,5,21
동작구,노량진동,더써밋타워,32.61,21,2024,12900,55,2026,5,18
동작구,사당동,사당우성2,84.66,1,1993,50000,80,2026,5,20
동작구,신대방동,벽산,59.76,11,1997,43000,0,2026,5,1
동작구,상도동,상도푸르지오클라베뉴,74.9953,15,2024,68250,0,2026,5,21
동작구,상도동,두산위브트레지움2차,84.8032,5,2016,54600,0,2026,5,21
동작구,사당동,신동아4,118.25,1,1993,30000,200,2026,5,19
동작구,신대방동,한성아파트,130.13,2,1995,80000,0,2026,5,20
동작구,상도동,두산위브트레지움2차,59.7852,5,2016,39585,0,2026,5,20
동작구,사당동,사당롯데캐슬골든포레,59.9908,5,2021,57800,0,2026,5,19
동작구,상도동,두산위브트레지움2차,59.7852,15,2016,39585,0,2026,5,20
동작구,노량진동,더클래식동작,14.17,8,2020,4564,49,2026,5,20
동작구,신대방동,롯데낙천대,55.4561,5,2003,55000,0,2026,5,20
동작구,사당동,스타팰리스이수,18.08,11,2026,6500,59,2026,5,19
동작구,사당동,스타팰리스이수,18.08,8,2026,10800,42,2026,5,20
동작구,사당동,사당롯데캐슬골든포레,59.9908,4,2021,65000,20,2026,5,5
동작구,노량진동,더클래식동작,16.25,10,2020,5022,40,2026,5,8
동작구,노량진동,우성,59.82,15,1997,42240,0,2026,5,20
동작구,흑석동,흑석리버파크자이,59.93,7,2025,88000,0,2026,5,19
동작구,사당동,두산위브트레지움,118.4843,11,2011,115000,0,2026,5,20
동작구,사당동,사당우성2,46.75,6,1993,45000,0,2026,5,10
동작구,상도동,래미안상도3차,59.97,6,2004,55000,50,2026,5,20
동작구,사당동,사당롯데캐슬골든포레,59.9908,4,2021,65000,22,2026,5,5
동작구,신대방동,보라매파크빌,84.73,4,2002,40000,110,2026,5,16
동작구,상도동,e편한세상상도노빌리티,59.7827,25,2018,66000,70,2026,5,16
동작구,사당동,사당롯데캐슬2차,84.766,8,2004,70000,0,2026,5,19
동작구,본동,래미안트윈파크,35.81,24,2011,4871,4,2026,5,19
동작구,사당동,래미안로이파크,84.98,3,2018,83000,15,2026,5,15
동작구,노량진동,더써밋타워,18.3,10,2024,17800,10,2026,5,14
동작구,본동,극동강변,84.73,1,1992,42000,0,2026,5,16
동작구,노량진동,신동아리버파크,59.67,11,2001,51450,0,2026,5,17
동작구,신대방동,롯데낙천대,80.2422,1,2003,70000,0,2026,5,19
동작구,흑석동,흑석리버파크자이,84.96,15,2025,20000,200,2026,5,16
동작구,흑석동,흑석한강푸르지오,84.79,10,2012,95000,0,2026,5,17
동작구,사당동,대림(169-8),125.4,15,1990,68000,0,2026,5,19
동작구,사당동,사당우성3,108.08,10,1993,75000,0,2026,5,19
동작구,노량진동,더써밋타워,32.61,21,2024,17000,39,2026,5,14
동작구,사당동,사당휴먼시아,84.73,4,2009,60000,0,2026,5,19
동작구,사당동,사당자이,114.94,14,1999,68250,0,2026,5,8
동작구,흑석동,한강현대,114.44,5,1988,85000,0,2026,5,16
동작구,상도동,상도푸르지오클라베뉴,84.6246,9,2024,71400,0,2026,5,19
동작구,동작동,이수힐스테이트,84.9817,2,2013,92000,9,2026,5,9
동작구,상도동,힐스테이트 상도 센트럴파크,84.6099,13,2012,90000,0,2026,5,18
동작구,사당동,극동(105),51.57,8,1993,53000,0,2026,5,18
동작구,사당동,사당우성2,59.89,4,1993,62000,0,2026,5,1
동작구,노량진동,더써밋타워,34.72,14,2024,16600,72,2026,5,6
동작구,상도동,e편한세상상도노빌리티,84.9704,19,2018,105000,0,2026,5,16
동작구,신대방동,동작협성휴포레시그니처,84.9869,22,2022,76600,0,2026,5,18
동작구,대방동,대림아파트,59.84,6,1993,62000,0,2026,5,12
동작구,본동,한강쌍용,59.64,3,1999,53550,0,2026,5,2
동작구,사당동,극동(105),46.75,6,1993,30000,60,2026,5,15
동작구,상도동,상도동삼호아파트,114.63,9,1994,75000,0,2026,5,15
동작구,신대방동,우성1차,84.99,12,1988,60000,0,2026,5,16
동작구,동작동,이수힐스테이트,59.9992,5,2013,90000,0,2026,5,16
동작구,대방동,대림아파트,59.84,8,1993,64000,0,2026,5,16
동작구,노량진동,필하우스(OH빌딩),12.0378,5,2012,10400,0,2026,5,12
동작구,사당동,신동아4,84.46,4,1993,63000,0,2026,5,2
동작구,사당동,현대,59.96,1,1991,27000,22,2026,5,14
동작구,사당동,삼성래미안,60.739,13,2003,65000,0,2026,5,16
동작구,사당동,래미안로이파크,84.98,8,2018,50000,220,2026,5,16
동작구,신대방동,동작상떼빌,84.98,24,2006,65000,0,2026,5,14
동작구,상도동,상도푸르지오클라베뉴,84.4744,18,2024,73500,0,2026,5,14
동작구,사당동,신동아4,84.46,3,1993,70000,0,2026,5,16
동작구,사당동,신동아4,59.89,5,1993,56000,0,2026,5,16
동작구,상도동,힐스테이트 상도 프레스티지,84.884,12,2013,30000,230,2026,5,17
동작구,대방동,보라매코오롱하늘채,84.7,3,2005,5450,60,2026,5,9
동작구,상도동,상도타워A동,81.06,5,2005,38000,0,2026,5,14
동작구,사당동,사당우성3,46.75,13,1993,3000,150,2026,5,16
동작구,사당동,사당우성3,59.89,12,1993,57000,0,2026,5,16
동작구,대방동,주공2,58.65,2,1995,48000,16,2026,5,18
동작구,사당동,래미안로이파크,84.98,9,2018,92000,0,2026,5,18
동작구,흑석동,아크로리버하임,84.7536,8,2019,122000,0,2026,5,8
동작구,사당동,이수푸르지오더프레티움,105.9799,12,2021,125000,0,2026,5,18
동작구,사당동,사당휴브리지(206-127),12.42,11,2015,12800,17,2026,5,16
동작구,사당동,사당롯데캐슬골든포레,84.9787,14,2021,84000,0,2026,5,11
동작구,노량진동,우성,84.96,14,1997,44100,65,2026,5,16
동작구,흑석동,흑석한강센트레빌,84.84,10,2011,112000,0,2026,5,17
동작구,흑석동,흑석한강푸르지오,84.79,4,2012,40000,127,2026,5,15
동작구,사당동,삼호그린,59.58,15,1999,58000,0,2026,5,16
동작구,신대방동,보라매e편한세상,84.94,4,2010,85000,0,2026,5,15
동작구,신대방동,벽산,84.9,8,1997,56000,0,2026,5,14
동작구,대방동,대림아파트,59.84,12,1993,40000,145,2026,5,16
동작구,상도동,아이파크,84.96,2,2004,70000,0,2026,5,16
동작구,사당동,사당롯데캐슬골든포레,59.9908,8,2021,21000,158,2026,5,16
동작구,사당동,이수역리가,84.7236,7,2013,90000,0,2026,5,16
동작구,상도동,현대(관악),84.78,15,1992,50400,0,2026,5,9
동작구,상도동,상도효성해링턴플레이스,84.8136,23,2016,80000,0,2026,5,16
동작구,상도동,e편한세상상도노빌리티,84.9704,22,2018,97600,0,2026,5,16
동작구,노량진동,더써밋타워,18.3,4,2024,10000,24,2026,5,12
동작구,흑석동,롯데캐슬에듀포레,59.8718,8,2018,88000,0,2026,5,16
동작구,상도동,상도더샵2차,84.99,10,2014,71400,0,2026,5,16
동작구,사당동,이수역리가,84.9826,9,2013,69000,70,2026,5,12
동작구,상도동,이수브라운스톤상도(527-0),84.99,1,2007,15000,225,2026,5,15
동작구,신대방동,롯데낙천대,80.2422,1,2003,50000,80,2026,5,12
동작구,본동,신동아,59.89,9,1993,47000,0,2026,5,15
동작구,사당동,극동(105),46.75,12,1993,40000,20,2026,5,15
동작구,흑석동,흑석한강센트레빌Ⅱ,84.99,12,2012,5000,320,2026,5,15
동작구,흑석동,아크로리버하임,84.7536,12,2019,121000,0,2026,5,8
동작구,노량진동,더써밋타워,19.58,4,2024,10200,28,2026,5,14
동작구,사당동,스타팰리스이수,36.07,15,2026,16700,65,2026,5,13
동작구,노량진동,신동아리버파크,114.75,22,2001,73000,0,2026,5,11
동작구,사당동,사당롯데캐슬골든포레,84.9787,1,2021,70000,13,2026,5,14
동작구,노량진동,더써밋타워,18.3,10,2024,17800,10,2026,5,14
동작구,흑석동,흑석리버파크자이,84.96,15,2025,90000,9,2026,5,15
동작구,노량진동,더써밋타워,33.56,18,2024,16200,69,2026,5,15
동작구,상도동,래미안상도3차,84.96,15,2004,20000,234,2026,5,14
동작구,사당동,사당롯데캐슬골든포레,59.9908,14,2021,60000,0,2026,5,14
동작구,사당동,사당롯데캐슬골든포레,59.9908,14,2021,60000,0,2026,5,14
동작구,본동,신동아,104.7,2,1993,56000,0,2026,5,3
동작구,사당동,사당휴먼시아,84.73,13,2009,70000,0,2026,5,7
동작구,사당동,이수역리가,84.847,6,2013,86000,0,2026,5,14
동작구,노량진동,더클래식동작,16.25,13,2020,5967,48,2026,5,14
동작구,사당동,삼호그린,59.96,15,1999,45000,0,2026,5,14
동작구,사당동,사당우성2,108.08,2,1993,66000,0,2026,5,9
동작구,사당동,사당우성2,59.89,12,1993,60000,0,2026,5,14
동작구,상도동,건영,114.96,1,1997,68000,0,2026,5,4
동작구,대방동,대림아파트,84.92,2,1993,70000,0,2026,5,14
동작구,노량진동,더써밋타워,19.58,18,2024,10000,44,2026,5,12
동작구,사당동,극동(105),46.75,5,1993,43890,0,2026,5,5
동작구,노량진동,더써밋타워,22.22,27,2024,16200,37,2026,5,14
동작구,사당동,스타팰리스이수,18.08,5,2026,10800,42,2026,5,13
동작구,상도동,경향렉스빌,84.9832,3,2002,40500,40,2026,5,13
동작구,흑석동,흑석한강푸르지오,84.98,12,2012,100000,0,2026,5,13
동작구,사당동,삼성래미안,60.739,19,2003,64000,0,2026,5,8
동작구,신대방동,현대,84.57,3,1996,54000,20,2026,5,12
동작구,흑석동,흑석리버파크자이,59.98,9,2025,20000,285,2026,5,13
동작구,흑석동,흑석리버파크자이,84.96,6,2025,70000,160,2026,5,12
동작구,노량진동,더클래식동작,16.25,8,2020,5967,51,2026,5,12
동작구,사당동,사당우성2,46.75,9,1993,45000,0,2026,5,9
동작구,동작동,이수스위첸포레힐즈,84.97,4,2022,92000,0,2026,5,12
동작구,사당동,반석블레스,59.86,12,2016,49000,0,2026,5,13
동작구,상도동,상도푸르지오클라베뉴,59.8166,9,2024,61000,0,2026,5,13
동작구,상도동,상도푸르지오클라베뉴,59.8166,14,2024,57750,0,2026,5,12
동작구,신대방동,현대,84.57,12,1996,65000,0,2026,5,12
동작구,신대방동,우성1차,84.99,17,1988,48400,0,2026,5,12
동작구,본동,신동아,59.89,5,1993,10000,130,2026,5,8
동작구,사당동,사당우성2,46.75,13,1993,45000,0,2026,5,13
동작구,상도동,두산위브트레지움2차,84.864,7,2016,80000,35,2026,5,12
동작구,신대방동,보라매자이더포레스트,59.9365,5,2021,73500,0,2026,5,3
동작구,사당동,사당롯데캐슬골든포레,59.9908,2,2021,66000,0,2026,5,12
동작구,상도동,상도푸르지오클라베뉴,59.8166,10,2024,51000,40,2026,5,6
동작구,본동,신동아,59.89,4,1993,42000,0,2026,5,10
동작구,흑석동,아크로리버하임,39.7717,12,2019,5033,7,2026,5,12
동작구,상도동,e편한세상상도노빌리티,59.9173,17,2018,52500,0,2026,5,9
동작구,사당동,사당롯데캐슬골든포레,84.9787,7,2021,80000,0,2026,5,12
동작구,사당동,극동(105),110.14,8,1993,68000,0,2026,5,12
동작구,상도동,삼성래미안2,84.796,8,2003,63000,0,2026,5,12
동작구,사당동,현대,59.96,14,1991,37800,0,2026,5,11
동작구,상도동,두산위브트레지움2차,59.7852,14,2016,39585,0,2026,5,12
동작구,대방동,신한토탈,84.64,3,1997,30000,85,2026,5,12
동작구,사당동,사당롯데캐슬골든포레,59.9908,10,2021,71000,0,2026,5,11
동작구,사당동,사당롯데캐슬골든포레,59.9908,2,2021,50000,80,2026,5,1
동작구,상도동,상도에스에이치빌,32.43,3,2006,1902,19,2026,5,12
동작구,대방동,성원,84.32,17,1994,78750,0,2026,5,11
동작구,사당동,삼성래미안,84.967,12,2003,70000,0,2026,5,5
동작구,상도동,두산위브트레지움2차,59.7852,13,2016,39585,0,2026,5,12
동작구,노량진동,신동아리버파크,84.88,8,2001,55000,50,2026,5,11
동작구,사당동,사당롯데캐슬골든포레,59.9908,10,2021,71000,0,2026,5,11
동작구,사당동,두산위브트레지움,84.422,5,2011,93000,0,2026,5,4
동작구,상도동,힐스테이트 상도 프레스티지,84.884,11,2013,90000,0,2026,5,9
동작구,대방동,보라매센트럴타운,16.9036,7,2021,100,37,2026,5,11
동작구,신대방동,펭귄,57.69,2,1978,6000,0,2026,5,4
동작구,사당동,삼성래미안,60.739,18,2003,66000,0,2026,5,1
동작구,흑석동,흑석한강푸르지오,115.98,3,2012,75000,135,2026,5,11
동작구,사당동,이수역리가,84.847,1,2013,85000,0,2026,5,9
동작구,상도동,e편한세상상도노빌리티,84.9704,21,2018,94500,0,2026,5,11
동작구,상도동,상도에스에이치빌,32.43,7,2006,1902,19,2026,5,11
동작구,노량진동,더써밋타워,33.56,17,2024,16200,69,2026,5,11
동작구,상도동,삼성래미안2,59.886,11,2003,60000,0,2026,5,9
동작구,노량진동,더써밋타워,18.3,12,2024,9400,42,2026,5,7
동작구,사당동,스타팰리스이수,18.08,5,2026,6500,59,2026,5,7
동작구,대방동,우정,84.6,23,1999,25000,180,2026,5,11
동작구,사당동,르메이에르,84.75,4,2001,15000,180,2026,5,2
동작구,사당동,스타팰리스이수,18.08,14,2026,6500,59,2026,5,7
동작구,사당동,사당롯데캐슬골든포레,84.9787,4,2021,71400,0,2026,5,11
동작구,신대방동,동작협성휴포레시그니처,84.9464,24,2022,80000,0,2026,5,9
동작구,신대방동,롯데낙천대,55.4561,13,2003,56000,0,2026,5,9
동작구,상도동,삼성래미안2,59.886,2,2003,51950,0,2026,5,11
동작구,사당동,신동아4,59.89,9,1993,59000,0,2026,5,1
동작구,사당동,극동(105),119.5,16,1993,78000,0,2026,5,11
동작구,사당동,극동(105),110.14,7,1993,47000,90,2026,5,11
동작구,사당동,제일,60.03,7,1987,33500,30,2026,5,9
동작구,상도동,두산위브트레지움2차,84.8624,23,2016,20000,220,2026,5,9
동작구,노량진동,더써밋타워,18.3,5,2024,16500,0,2026,5,11
동작구,사당동,사당우성3,108.08,14,1993,73500,0,2026,5,10
동작구,흑석동,흑석한강푸르지오,84.98,2,2012,77700,0,2026,5,8
동작구,흑석동,흑석리버파크자이,59.93,3,2025,82000,0,2026,5,8
동작구,상도동,씨티아모리움,14.1881,1,2012,1000,67,2026,5,11
동작구,사당동,삼성래미안,60.739,1,2003,55000,0,2026,5,9
동작구,사당동,신동아5,59.67,1,1998,55000,0,2026,5,10
동작구,상도동,래미안상도3차,84.96,8,2004,30000,200,2026,5,9
동작구,상도동,상도에스에이치빌,32.43,4,2006,1902,19,2026,5,11
동작구,상도동,상도파크자이,72.088,7,2016,80000,0,2026,5,10
동작구,본동,한신휴플러스,59.9,13,2004,50000,0,2026,5,9
동작구,사당동,극동(105),109.7,19,1993,58000,0,2026,5,9
동작구,신대방동,우성1차,126.16,6,1988,68250,0,2026,5,11
동작구,상도동,포스코더샵,59.96,5,2007,70000,0,2026,5,9
동작구,대방동,대림아파트,59.84,13,1993,54600,0,2026,5,11
동작구,대방동,대림아파트,59.84,6,1993,46000,0,2026,5,9
동작구,상도동,상도에스에이치빌,32.43,13,2006,1902,19,2026,5,11
동작구,흑석동,흑석리버파크자이,84.94,2,2025,90300,0,2026,5,1
동작구,상도동,삼성래미안2,84.796,8,2003,63000,0,2026,5,11
동작구,사당동,사당롯데캐슬골든포레,84.9787,11,2021,85000,0,2026,5,9
동작구,사당동,사당우성2,84.66,11,1993,50000,80,2026,5,11
동작구,흑석동,흑석리버파크자이,39.05,2,2025,5714,9,2026,5,9
동작구,대방동,성원,84.32,19,1994,45000,110,2026,5,7
동작구,대방동,대림아파트,59.84,9,1993,62000,0,2026,5,1
동작구,노량진동,더클래식동작,16.25,10,2020,5022,51,2026,5,8
동작구,노량진동,신동아리버파크,84.88,27,2001,70000,0,2026,5,7
동작구,사당동,르메이에르,84.75,8,2001,57000,0,2026,5,8
동작구,노량진동,더클래식동작,16.25,7,2020,5967,48,2026,5,8
동작구,상도동,상도역롯데캐슬파크엘,84.9952,8,2021,100000,0,2026,5,8
동작구,흑석동,흑석한강센트레빌Ⅱ,84.99,15,2012,78750,0,2026,5,1
동작구,사당동,스타팰리스이수,18.08,5,2026,6500,59,2026,5,8
동작구,상도동,힐스테이트 상도 센트럴파크,59.8758,7,2012,10000,154,2026,5,8
동작구,상도동,두산위브트레지움2차,84.8624,23,2016,20000,220,2026,5,4
동작구,상도동,힐스테이트 상도 프레스티지,84.884,1,2013,85000,0,2026,5,2
동작구,사당동,사당자이,59.89,6,1999,49350,0,2026,5,7
동작구,본동,삼성래미안,84.2261,18,2004,28000,150,2026,5,8
동작구,사당동,이수역리가,84.847,8,2013,76650,0,2026,5,2
동작구,신대방동,동작상떼빌,84.98,8,2006,10000,230,2026,5,6
동작구,노량진동,신동아리버파크,114.75,15,2001,74000,0,2026,5,5
동작구,노량진동,더써밋타워,33.56,13,2024,18300,39,2026,5,7
동작구,신대방동,신대방경남,56,15,2003,52400,0,2026,5,7
동작구,노량진동,신동아리버파크,59.67,1,2001,48000,0,2026,5,7
동작구,상도동,두산위브트레지움2차,84.864,3,2016,45477,0,2026,5,7
동작구,상도동,래미안상도3차,59.97,8,2004,20000,150,2026,5,7
동작구,노량진동,우성,59.82,14,1997,59000,0,2026,5,7
동작구,상도동,현대(관악),84.78,14,1992,51000,0,2026,5,7
동작구,사당동,사당우성2,84.66,8,1993,45000,80,2026,5,6
동작구,노량진동,더써밋타워,34.72,8,2024,35560,0,2026,5,7
동작구,대방동,주공2,51.66,14,1995,5000,132,2026,5,7
동작구,흑석동,흑석리버파크자이,39.05,14,2025,3433,22,2026,5,7
동작구,대방동,대림아파트,84.92,16,1993,85000,0,2026,5,6
동작구,사당동,사당우성2,84.66,5,1993,70000,0,2026,5,2
동작구,상도동,상도푸르지오클라베뉴,59.8166,11,2024,59325,0,2026,5,5
동작구,상도동,래미안상도3차,84.96,10,2004,71000,0,2026,5,4
동작구,사당동,사당우성3,118.25,12,1993,68000,12,2026,5,6
동작구,상도동,힐스테이트 상도 센트럴파크,59.8758,1,2012,50000,100,2026,5,6
동작구,대방동,아데나339,15.36,2,2012,10000,17,2026,5,5
동작구,흑석동,흑석한강푸르지오,84.98,11,2012,95000,0,2026,5,5
동작구,사당동,래미안로이파크,59.98,19,2018,75000,0,2026,5,2
동작구,신대방동,롯데낙천대,80.2422,9,2003,63000,0,2026,5,2
동작구,상도동,상도푸르지오클라베뉴,84.9198,15,2024,82000,0,2026,5,4
동작구,흑석동,흑석한강센트레빌Ⅱ,84.978,13,2012,65000,12,2026,5,1
동작구,사당동,극동(105),119.91,6,1993,62000,50,2026,5,4
동작구,상도동,힐스테이트 상도 프레스티지,59.928,3,2013,40000,81,2026,5,5
동작구,사당동,사당우성3,59.89,15,1993,25000,120,2026,5,1
동작구,동작동,이수힐스테이트,84.9817,8,2013,103000,0,2026,5,4
동작구,상도동,e편한세상상도노빌리티,84.9704,6,2018,70000,80,2026,5,6
동작구,사당동,사당자이,59.89,14,1999,10000,170,2026,5,2
동작구,사당동,사당우성2,59.89,2,1993,58000,0,2026,5,4
동작구,상도동,상도푸르지오클라베뉴,74.9953,11,2024,73000,0,2026,5,3
동작구,노량진동,힐스테이트장승배기역,44.9208,8,2026,65000,0,2026,5,1
동작구,사당동,극동(105),46.75,11,1993,7000,155,2026,5,2
동작구,대방동,대방1차e-편한세상,84.32,16,2003,50000,93,2026,5,1
동작구,사당동,롯데캐슬,105.53,16,2003,73500,0,2026,5,2
동작구,흑석동,우리유앤미,83.5859,1,2003,73000,0,2026,5,2
동작구,사당동,두산위브트레지움,118.4843,7,2011,111000,0,2026,5,2
동작구,상도동,두산위브트레지움2차,84.9736,8,2016,86000,0,2026,5,2
동작구,상도동,e편한세상상도노빌리티,84.8746,2,2018,92000,0,2026,5,2
동작구,상도동,e편한세상상도노빌리티,84.9704,17,2018,10000,350,2026,5,1
동작구,상도동,상도푸르지오클라베뉴,74.9953,6,2024,20000,220,2026,5,2
동작구,사당동,사당우성2,46.75,12,1993,45000,0,2026,5,2
동작구,사당동,경남아너스빌1차,59.9,4,1997,48800,0,2026,5,2
동작구,흑석동,청호,59.85,5,1997,42000,0,2026,5,2
동작구,상도동,중앙하이츠빌,84.9883,1,2003,67000,0,2026,5,2
동작구,사당동,극동(105),84.32,9,1993,57000,0,2026,5,1
동작구,상도동,아이파크,84.96,2,2004,40000,30,2026,5,1
동작구,신대방동,경남교수,84.94,10,2001,6100,30,2026,5,2
관악구,남현동,우림루미아트,84.51,1,2004,52000,50,2026,5,29
관악구,신림동,관악산휴먼시아2단지,59.96,17,2008,10000,98,2026,5,23
관악구,봉천동,은천2단지아파트,49.95,2,2000,36000,0,2026,5,7
관악구,봉천동,벽산블루밍,59.99,14,2005,42000,0,2026,5,26
관악구,봉천동,은천2단지아파트,49.95,3,2000,30000,30,2026,5,22
관악구,봉천동,두산,59.92,12,2000,42000,40,2026,5,30
관악구,봉천동,갑을,59.86,1,1998,30000,40,2026,5,30
관악구,봉천동,벽산블루밍3차,59.8,1,2004,53000,0,2026,5,30
관악구,신림동,힐스테이트뉴포레,59.9986,29,2022,68000,0,2026,5,30
관악구,봉천동,관악푸르지오,59.58,4,2004,47250,0,2026,5,15
관악구,봉천동,벽산블루밍,59.99,8,2005,47000,0,2026,5,11
관악구,봉천동,두산,59.92,4,2000,12000,180,2026,5,2
관악구,봉천동,현대(관악),84.74,3,1992,48000,0,2026,5,30
관악구,봉천동,일두(1021),38.92,4,1985,5000,70,2026,5,28
관악구,봉천동,두산,114.99,6,2000,75000,0,2026,5,14
관악구,신림동,힐스테이트뉴포레,59.9882,5,2022,70000,0,2026,5,2
관악구,봉천동,낙성대현대(296),59.78,16,1998,50000,0,2026,5,23
관악구,신림동,센터스퀘어서울대점,22.96,15,2024,5500,56,2026,5,29
관악구,봉천동,봉천우성,84.96,20,2000,63000,0,2026,5,29
관악구,남현동,M_STUDIO,13.7,3,2016,1000,72,2026,5,11
관악구,봉천동,Q타워,21.45,18,2016,2000,88,2026,5,29
관악구,신림동,라이프미성,71.31,7,1982,25000,0,2026,5,1
관악구,신림동,삼성산주공(주공3단지),58.55,12,2000,32000,0,2026,5,13
관악구,봉천동,서울대입구삼성,114.98,11,1999,80000,0,2026,5,1
관악구,봉천동,관악푸르지오,59.58,6,2004,50000,0,2026,5,20
관악구,신림동,관악산휴먼시아2단지,84.96,3,2008,23000,100,2026,5,23
관악구,봉천동,두산,59.92,12,2000,42000,400,2026,5,30
관악구,신림동,신림2차푸르지오,84.8098,4,2007,33770,0,2026,5,14
관악구,봉천동,서울대역해담채,12.27,6,2012,1000,70,2026,5,30
관악구,봉천동,관악캠퍼스타워,35.76,15,1998,2000,80,2026,5,23
관악구,봉천동,지안타워,15.2,12,2026,3000,105,2026,5,2
관악구,봉천동,벽산블루밍,84.99,12,2005,52000,23,2026,5,24
관악구,봉천동,관악파크푸르지오,84.98,9,2014,59850,0,2026,5,5
관악구,신림동,힐스테이트뉴포레,84.9433,14,2022,73500,0,2026,5,30
관악구,신림동,로사이신림,19.92,8,2022,1000,115,2026,5,29
관악구,신림동,로사이신림,20.56,5,2022,1000,120,2026,5,31
관악구,봉천동,카카오티,17.62,14,2017,1000,75,2026,5,8
관악구,신림동,로사이신림,20.56,3,2022,1000,115,2026,5,23
관악구,신림동,로사이신림,17.84,3,2022,500,105,2026,5,26
관악구,신림동,힐스테이트뉴포레,44.9796,7,2022,5000,200,2026,5,21
관악구,봉천동,두산,84.87,14,2000,60000,0,2026,5,29
관악구,신림동,삼성산주공(주공3단지),113.31,21,2000,49000,0,2026,5,30
관악구,봉천동,프라비다2,15.98,11,2013,1000,75,2026,5,11
관악구,봉천동,관악드림(동아),114.75,15,2003,20000,260,2026,5,27
관악구,봉천동,벽산블루밍3차,84.72,12,2004,62000,0,2026,5,6
관악구,봉천동,은천2단지아파트,59.93,5,2000,32550,50,2026,5,8
관악구,봉천동,은천로제리움,45.59,4,2014,3000,160,2026,5,19
관악구,신림동,힐스테이트뉴포레,59.9882,19,2022,51450,0,2026,5,16
관악구,봉천동,현대(관악),68.8,13,1992,45000,0,2026,5,25
관악구,봉천동,더블유에스타워,19.63,14,2013,12000,40,2026,5,23
관악구,봉천동,리마크빌,20.45,4,2016,1000,77,2026,5,27
관악구,신림동,뉴서울,51.27,2,1984,1000,60,2026,5,26
관악구,신림동,그대家,59.6,12,2003,30000,0,2026,5,6
관악구,봉천동,관악파크푸르지오,84.98,9,2014,58800,0,2026,5,29
관악구,신림동,벽산블루밍,59.96,11,2005,2000,150,2026,5,20
관악구,봉천동,e편한세상서울대입구2차,59.85,4,2020,60000,0,2026,5,23
관악구,신림동,로사이신림,20.56,8,2022,1000,120,2026,5,17
관악구,봉천동,e편한세상서울대입구2차,84.31,14,2020,10000,257,2026,5,30
관악구,신림동,C&A빌딩,12.34,3,2014,1000,43,2026,5,30
관악구,남현동,우림루미아트,84.51,1,2004,52000,50,2026,5,29
관악구,봉천동,라온,15.8,11,2013,3000,71,2026,5,30
관악구,남현동,네스코수피아아파트,35.52,9,2021,36000,20,2026,5,23
관악구,봉천동,두산,59.92,17,2000,6000,195,2026,5,30
관악구,신림동,힐스테이트뉴포레,59.9882,33,2022,72000,0,2026,5,18
관악구,신림동,신림현대,82.2,6,1993,53000,0,2026,5,20
관악구,봉천동,동아타운,28.08,9,1999,5000,75,2026,5,30
관악구,신림동,힐스테이트뉴포레,59.9882,26,2022,60000,40,2026,5,30
관악구,신림동,로사이신림,19.92,6,2022,1000,115,2026,5,15
관악구,신림동,아데나,18.25,9,2010,200,55,2026,5,9
관악구,봉천동,코스모블루,13.09,7,2012,4000,45,2026,5,28
관악구,신림동,지붕위애,16.17,6,2012,1000,64,2026,5,11
관악구,남현동,다청림라인씨티,32.15,9,2016,15000,80,2026,5,8
관악구,봉천동,서울대역마에스트로,20.52,16,2012,13000,35,2026,5,15
관악구,봉천동,e편한세상서울대입구2단지,59.96,9,2019,50000,27,2026,5,1
관악구,신림동,로사이신림,20.56,4,2022,1000,115,2026,5,11
관악구,신림동,로사이신림,20.56,8,2022,1000,120,2026,5,13
관악구,신림동,파로스프라자,84.17,5,2009,27000,0,2026,5,26
관악구,봉천동,서울대입구삼성,59.78,6,1999,9000,140,2026,5,30
관악구,봉천동,지안타워,15.2,16,2026,5000,100,2026,5,5
관악구,봉천동,보라매삼성,84.84,7,1996,50000,40,2026,5,15
관악구,신림동,국제산장,84.15,7,1993,35000,0,2026,5,16
관악구,신림동,관악산휴먼시아2단지,114.7,1,2008,55000,0,2026,5,9
관악구,남현동,예성그린캐슬1차,84.76,1,2003,70000,0,2026,5,12
관악구,신림동,힐스테이트뉴포레,59.9882,7,2022,67000,0,2026,5,30
관악구,신림동,삼성산주공(주공3단지),58.55,17,2000,38000,0,2026,5,9
관악구,신림동,힐스테이트뉴포레,59.9986,25,2022,59850,0,2026,5,23
관악구,봉천동,은천2단지아파트,49.95,3,2000,30000,30,2026,5,22
관악구,신림동,최강타워,42.86,5,2023,10800,85,2026,5,4
관악구,봉천동,관악푸르지오,59.58,4,2004,47250,0,2026,5,15
관악구,봉천동,e편한세상서울대입구2차,84.31,8,2020,80000,0,2026,5,23
관악구,신림동,지붕위애,15.38,11,2012,1000,64,2026,5,9
관악구,신림동,지붕위애,19.26,7,2012,1000,67,2026,5,15
관악구,봉천동,서울대입구삼성,59.78,18,1999,49000,0,2026,5,26
관악구,봉천동,은천로제리움,45.59,2,2014,14000,100,2026,5,22
관악구,봉천동,금강아미움(102동),71.3453,7,2010,10000,155,2026,5,25
관악구,봉천동,지안타워,15.2,12,2026,5000,95,2026,5,31
관악구,신림동,힐스테이트뉴포레,59.9986,17,2022,40000,120,2026,5,21
관악구,신림동,힐스테이트뉴포레,59.9882,33,2022,72000,0,2026,5,18
관악구,봉천동,은천로제리움,13.49,4,2014,3000,70,2026,5,11
관악구,신림동,온누리,13.07,6,2013,1000,62,2026,5,25
관악구,봉천동,관악파크푸르지오,59.98,11,2014,25000,110,2026,5,25
관악구,봉천동,두산,84.87,2,2000,54000,15,2026,5,10
관악구,신림동,관전GT타워,16.08,14,2022,1000,78,2026,5,15
관악구,봉천동,낙성대현대(296),59.78,16,1998,50000,0,2026,5,23
관악구,봉천동,골드하임,18.75,6,2013,5000,81,2026,5,28
관악구,봉천동,봉천동아,59.76,14,2000,12000,150,2026,5,23
관악구,봉천동,관악캠퍼스타워,26.76,8,1998,2000,75,2026,5,8
관악구,봉천동,지안타워,15.2,11,2026,2000,110,2026,5,25
관악구,봉천동,관악드림(동아),84.96,3,2003,67000,0,2026,5,22
관악구,신림동,지붕위애,18.26,3,2012,1000,67,2026,5,12
관악구,봉천동,벽산블루밍,59.99,10,2005,42200,15,2026,5,30
관악구,봉천동,관악푸르지오,114.69,10,2004,68000,0,2026,5,30
관악구,봉천동,봉천동아,84.87,21,2000,67000,0,2026,5,29
관악구,신림동,쎄븐스에비뉴,21.18,4,2011,19440,0,2026,5,27
관악구,남현동,로미아트빌,98.44,4,2003,49400,0,2026,5,19
관악구,신림동,신림동쌍용아파트,59.26,12,1998,35000,0,2026,5,27
관악구,봉천동,봉천우성,84.96,12,2000,10000,220,2026,5,30
관악구,신림동,신림2단지주공(임대),39.01,14,2000,2221,27,2026,5,6
관악구,봉천동,벽산블루밍,59.99,2,2005,10000,150,2026,5,21
관악구,봉천동,e편한세상서울대입구2차,116.72,4,2020,3000,60,2026,5,29
관악구,봉천동,보라매삼성,84.84,4,1996,64000,0,2026,5,30
관악구,신림동,블루밍하우스(1432-108),14.22,7,2014,500,60,2026,5,10
관악구,봉천동,지안타워,15.2,12,2026,5000,90,2026,5,25
관악구,봉천동,e편한세상서울대입구1단지,84.93,6,2019,10000,270,2026,5,30
관악구,봉천동,갑을,59.86,1,1998,30000,40,2026,5,30
관악구,신림동,신림푸르지오,114.84,15,2005,66000,0,2026,5,28
관악구,봉천동,e편한세상서울대입구2차,59.85,5,2020,60000,0,2026,5,31
관악구,신림동,신림푸르지오,59.95,6,2005,60000,0,2026,5,19
관악구,봉천동,관악중앙하이츠포레,63.3633,1,2022,5000,175,2026,5,12
관악구,봉천동,건영6,82.75,4,1999,46000,0,2026,5,16
관악구,봉천동,관악푸르지오,84.75,13,2004,59000,0,2026,5,30
관악구,신림동,C&A빌딩,12.8,9,2014,500,43,2026,5,18
관악구,봉천동,현대(관악),116.86,4,1992,69000,0,2026,5,23
관악구,신림동,프라비다트라움,14.06,8,2013,4000,42,2026,5,29
관악구,신림동,신림현대,34.86,3,1993,2000,90,2026,5,11
관악구,신림동,로사이신림,17.98,10,2022,1000,125,2026,5,4
관악구,신림동,위드비엠3,45.01,11,2021,10000,120,2026,5,30
관악구,신림동,보라매갑을,74.7,17,2003,43000,0,2026,5,30
관악구,신림동,쎄븐스에비뉴,30.07,10,2011,21420,0,2026,5,29
관악구,봉천동,은천2단지아파트,59.93,5,2000,30000,60,2026,5,28
관악구,신림동,푸리마타운,12.25,18,2014,1000,64,2026,5,26
관악구,봉천동,e편한세상서울대입구1단지,84.93,5,2019,76600,0,2026,5,30
관악구,신림동,건영4,84.89,5,1997,8000,150,2026,5,30
관악구,봉천동,봉천동아,84.87,4,2000,69000,0,2026,5,21
관악구,봉천동,두산,59.92,13,2000,30000,110,2026,5,27
관악구,봉천동,관악푸르지오,59.58,9,2004,10000,170,2026,5,9
관악구,봉천동,관악드림(삼성),114.75,25,2003,63000,0,2026,5,30
관악구,봉천동,관악드림(동아),59.85,25,2003,5000,200,2026,5,30
관악구,신림동,태영,49.92,9,1997,4000,120,2026,5,8
관악구,남현동,로미아트빌,98.44,4,2003,49400,0,2026,5,19
관악구,봉천동,e편한세상서울대입구2차,84.31,18,2020,76000,0,2026,5,30
관악구,신림동,신림현대,34.86,10,1993,27000,0,2026,5,21
관악구,봉천동,관악파크푸르지오,84.99,4,2014,40000,70,2026,5,21
관악구,봉천동,벽산블루밍3차,59.8,1,2004,53000,0,2026,5,30
관악구,봉천동,현대(관악),58.59,2,1992,43500,0,2026,5,30
관악구,봉천동,현대(관악),68.8,14,1992,45000,0,2026,5,9
관악구,봉천동,벽산블루밍,59.99,12,2005,32500,30,2026,5,30
관악구,남현동,남현동한일유앤아이,59.91,3,2005,52000,0,2026,5,30
관악구,봉천동,두산,59.92,5,2000,8000,200,2026,5,18
관악구,봉천동,관악푸르지오,59.58,10,2004,10000,130,2026,5,29
관악구,신림동,힐스테이트뉴포레,59.9986,31,2022,60000,60,2026,5,29
관악구,봉천동,e편한세상서울대입구2차,59.85,5,2020,60000,0,2026,5,31
관악구,봉천동,건영6,59.9,4,1999,50000,0,2026,5,27
관악구,봉천동,e편한세상서울대입구2단지,84.93,17,2019,50000,140,2026,5,30
관악구,봉천동,서울대입구한양아이클래스,18.09,17,2018,3000,74,2026,5,15
관악구,봉천동,두산,114.99,22,2000,77000,0,2026,5,23
관악구,봉천동,관악푸르지오,59.58,3,2004,55000,0,2026,5,30
관악구,신림동,라이프미성,91.24,9,1982,30000,0,2026,5,29
관악구,봉천동,현대(관악),84.74,7,1992,52500,0,2026,5,30
관악구,봉천동,e편한세상서울대입구1단지,84.93,6,2019,10000,270,2026,5,30
관악구,신림동,G밸리마인드,14.96,13,2021,15000,20,2026,5,19
관악구,신림동,힐스테이트뉴포레,59.9986,29,2022,68000,0,2026,5,30
관악구,봉천동,봉천동아,59.76,9,2000,5000,190,2026,5,26
관악구,봉천동,봉천우성,59.76,10,2000,48300,0,2026,5,23
관악구,봉천동,e편한세상서울대입구2차,84.31,9,2020,75000,0,2026,5,29
관악구,신림동,삼성산주공(주공3단지),83.21,17,2000,34000,0,2026,5,20
관악구,봉천동,두산,59.92,11,2000,54600,0,2026,5,16
관악구,봉천동,봉천우성,84.96,20,2000,63000,0,2026,5,29
관악구,봉천동,봉천우성,114.78,18,2000,67200,0,2026,5,23
관악구,봉천동,지안타워,15.2,14,2026,5000,95,2026,5,17
관악구,남현동,관악산대창센시티2차,84.46,4,2008,31500,71,2026,5,1
관악구,신림동,삼성산주공(주공3단지),83.21,4,2000,15000,100,2026,5,22
관악구,봉천동,서희스타힐스,84.93,13,2015,60000,0,2026,5,29
관악구,봉천동,봉천우성,114.78,3,2000,40000,80,2026,5,26
관악구,신림동,신림현대,59.85,9,1993,30000,0,2026,5,23
관악구,봉천동,벽산타운II,79.28,11,2003,20000,160,2026,5,25
관악구,봉천동,서울대입구삼성,114.98,11,1999,75000,20,2026,5,1
관악구,봉천동,e편한세상서울대입구1단지,84.92,3,2019,95000,0,2026,5,29
관악구,봉천동,관악파크푸르지오,84.99,6,2014,25000,170,2026,5,28
관악구,신림동,신림동신도브래뉴,115.62,12,2003,21000,0,2026,5,17
관악구,신림동,신림큐브,12.96,6,2015,1000,50,2026,5,8
관악구,봉천동,새진(1619-27),84.99,4,2004,45000,0,2026,5,27
관악구,신림동,힐스테이트뉴포레,59.9882,25,2022,60000,40,2026,5,26
관악구,봉천동,은천2단지아파트,49.95,3,2000,39000,0,2026,5,23
관악구,신림동,신림현대,119.49,8,1993,49100,0,2026,5,28
관악구,신림동,힐스테이트뉴포레,59.9986,14,2022,75000,0,2026,5,16
관악구,신림동,푸리마타운,12.95,14,2014,9900,13,2026,5,19
관악구,신림동,삼성산주공(주공3단지),113.31,24,2000,53000,0,2026,5,25
관악구,신림동,주공1,38.07,21,1995,1799,22,2026,5,28
관악구,신림동,힐스테이트뉴포레,59.9882,11,2022,30000,132,2026,5,23
관악구,봉천동,현대(관악),116.72,6,1992,62000,0,2026,5,25
관악구,봉천동,봉천우성,114.78,11,2000,71000,0,2026,5,9
관악구,봉천동,현대(관악),116.72,3,1992,45250,40,2026,5,23
관악구,봉천동,낙성대현대아파트,84.69,5,1988,50000,0,2026,5,11
관악구,봉천동,프라비다M,15.66,9,2014,1000,69,2026,5,17
관악구,봉천동,관악드림(동아),84.96,4,2003,64000,0,2026,5,23
관악구,신림동,청광,59.91,1,2000,5000,100,2026,5,19
관악구,신림동,푸리마타운,13.66,11,2014,2000,60,2026,5,27
관악구,봉천동,지안타워,15.2,11,2026,5000,95,2026,5,7
관악구,신림동,관악산휴먼시아2단지,114.7,3,2008,55500,0,2026,5,27
관악구,봉천동,봉천우성,114.78,25,2000,10000,149,2026,5,23
관악구,남현동,풍산캐슬,90.69,4,2004,45000,0,2026,5,25
관악구,봉천동,낙성대현대홈타운,84.923,4,2002,65000,0,2026,5,26
관악구,신림동,힐스테이트뉴포레,59.9882,25,2022,60000,50,2026,5,26
관악구,봉천동,봉천우성,114.78,24,2000,60000,0,2026,5,23
관악구,봉천동,관악드림(동아),60,14,2003,49000,0,2026,5,23
관악구,봉천동,관악드림(동아),59.83,3,2003,46500,0,2026,5,23
관악구,봉천동,지안타워,15.31,11,2026,3000,105,2026,5,3
관악구,봉천동,벽산블루밍,59.99,21,2005,45150,0,2026,5,23
관악구,봉천동,벽산블루밍,84.99,19,2005,54000,0,2026,5,18
관악구,신림동,신림현대,82.2,6,1993,46200,0,2026,5,25
관악구,봉천동,벽산블루밍3차,59.8,13,2004,55000,0,2026,5,22
관악구,봉천동,무학,59.38,3,1998,35000,0,2026,5,20
관악구,봉천동,벽산블루밍,84.99,8,2005,63000,0,2026,5,23
관악구,신림동,관악산휴먼시아2단지,84.97,10,2008,44000,0,2026,5,23
관악구,봉천동,관악드림(삼성),59.83,4,2003,49000,0,2026,5,21
관악구,신림동,신림푸르지오,138.74,6,2005,18000,230,2026,5,23
관악구,봉천동,관악푸르지오,59.58,11,2004,50000,9,2026,5,24
관악구,신림동,관악산휴먼시아2단지,114.7,8,2008,22000,130,2026,5,26
관악구,신림동,관악산휴먼시아2단지,84.97,11,2008,20000,100,2026,5,23
관악구,신림동,신림더루나,26.01,5,2024,4000,125,2026,5,14
관악구,봉천동,현대(관악),58.59,6,1992,30000,30,2026,5,1
관악구,봉천동,e편한세상서울대입구2차,84.31,11,2020,50000,120,2026,5,22
관악구,봉천동,관악푸르지오,59.58,7,2004,49000,0,2026,5,25
관악구,봉천동,신봉,59.74,2,1999,43000,0,2026,5,25
관악구,봉천동,현대(관악),68.8,3,1992,52000,0,2026,5,22
관악구,신림동,관악산휴먼시아2단지,59.99,19,2008,42000,0,2026,5,23
관악구,봉천동,e편한세상서울대입구1단지,84.93,8,2019,50000,135,2026,5,23
관악구,신림동,힐스테이트뉴포레,44.9796,13,2022,50000,0,2026,5,23
관악구,봉천동,건영6,82.75,5,1999,60000,0,2026,5,20
관악구,신림동,우정하이비전,84.58,3,2004,48000,0,2026,5,25
관악구,봉천동,두산,84.92,11,2000,68250,0,2026,5,20
관악구,봉천동,지안타워,15.2,16,2026,5000,100,2026,5,22
관악구,봉천동,캠브리지하우스,12.62,4,2012,1000,51,2026,5,22
관악구,신림동,동부,50.57,5,1993,41000,0,2026,5,21
관악구,봉천동,벽산타운II,57.36,13,2003,40000,0,2026,5,22
관악구,봉천동,봉천동아,114.69,14,2000,35500,100,2026,5,7
관악구,신림동,힐스테이트뉴포레,84.9433,29,2022,70000,60,2026,5,21
관악구,봉천동,e편한세상서울대입구2차,84.31,10,2020,10000,300,2026,5,21
관악구,봉천동,관악드림(삼성),59.83,7,2003,15000,135,2026,5,21
관악구,봉천동,두산,59.92,4,2000,12000,180,2026,5,2
관악구,신림동,동부,60.38,2,1993,20000,110,2026,5,21
관악구,신림동,최강타워,39.97,13,2023,9200,71,2026,5,20
관악구,봉천동,관악청광플러스원,59.81,3,2009,26010,95,2026,5,21
관악구,신림동,LIG대학마을(건영아파트3차),69.17,7,1996,39000,0,2026,5,21
관악구,봉천동,관악푸르지오,114.69,10,2004,80000,0,2026,5,16
관악구,봉천동,관악파크푸르지오,59.98,1,2014,48000,0,2026,5,13
관악구,봉천동,관악드림(삼성),84.96,22,2003,5000,179,2026,5,19
관악구,봉천동,벽산블루밍,59.99,11,2005,50000,0,2026,5,20
관악구,봉천동,관악푸르지오,59.58,4,2004,35000,60,2026,5,20
관악구,봉천동,서희스타힐스,52.6,4,2015,47000,0,2026,5,9
관악구,봉천동,관악드림(동아),84.96,2,2003,1000,50,2026,5,18
관악구,봉천동,두산,59.92,22,2000,55000,30,2026,5,19
관악구,봉천동,지안타워,15.2,12,2026,2000,105,2026,5,2
관악구,봉천동,아티크빌딩,28.63,9,2018,27800,0,2026,5,19
관악구,봉천동,지안타워,15.2,8,2026,5000,85,2026,5,11
관악구,봉천동,e편한세상서울대입구2차,84.31,7,2020,79000,0,2026,5,20
관악구,봉천동,새진(645-0),84.84,1,2005,30000,30,2026,5,16
관악구,봉천동,현대(관악),68.8,14,1992,47250,0,2026,5,19
관악구,신림동,건영1,60.27,6,1984,29400,0,2026,5,10
관악구,봉천동,두산,59.92,21,2000,45000,20,2026,5,19
관악구,신림동,LIG대학마을(건영아파트3차),58.9,10,1996,29170,0,2026,5,17
관악구,봉천동,관악드림(삼성),84.96,9,2003,59800,0,2026,5,16
관악구,신림동,신림푸르지오,59.95,6,2005,60000,0,2026,5,19
관악구,신림동,삼성산주공(주공3단지),58.55,11,2000,31000,0,2026,5,18
관악구,봉천동,관악푸르지오,84.2,8,2004,10000,200,2026,5,18
관악구,신림동,삼성산주공(주공3단지),83.21,20,2000,39000,0,2026,5,13
관악구,봉천동,관악드림(삼성),84.96,11,2003,63000,0,2026,5,19
관악구,신림동,국제산장,84.15,4,1993,10000,120,2026,5,19
관악구,신림동,프라비다트라움,14.06,10,2013,500,53,2026,5,17
관악구,봉천동,코스모블루,14.25,6,2012,10200,25,2026,5,15
관악구,남현동,예성그랑펠리체,83.45,9,2007,63000,0,2026,5,15
관악구,봉천동,봉천우성,59.76,6,2000,5000,120,2026,5,14
관악구,봉천동,두산,114.99,1,2000,68250,0,2026,5,14
관악구,봉천동,관악드림(동아),84.96,8,2003,10000,175,2026,5,18
관악구,봉천동,두산,84.87,14,2000,63000,0,2026,5,16
관악구,봉천동,벽산블루밍,84.99,6,2005,65000,0,2026,5,1
관악구,봉천동,관악드림(동아),59.83,16,2003,10000,180,2026,5,18
관악구,신림동,힐스테이트뉴포레,59.9986,4,2022,25100,42,2026,5,18
관악구,봉천동,봉천우성,59.76,22,2000,5000,155,2026,5,5
관악구,신림동,그대家,59.6,9,2003,37000,0,2026,5,16
관악구,신림동,C&A빌딩,15.26,7,2014,500,48,2026,5,14
관악구,봉천동,두산,84.87,5,2000,70000,0,2026,5,18
관악구,봉천동,두산,84.92,11,2000,50000,60,2026,5,15
관악구,남현동,우림루미아트,84.53,4,2004,37000,140,2026,5,14
관악구,신림동,신림스카이아파트,38.34,3,2021,29000,0,2026,5,16
관악구,봉천동,서울대입구삼성,59.78,5,1999,54000,0,2026,5,18
관악구,봉천동,관악푸르지오,84.2,16,2004,50000,0,2026,5,16
관악구,봉천동,Q타워,21.45,15,2016,10000,45,2026,5,16
관악구,봉천동,벽산블루밍,59.99,24,2005,5000,124,2026,5,17
관악구,봉천동,봉천우성,59.76,11,2000,45000,0,2026,5,15
관악구,신림동,건영1,41.04,6,1984,25000,0,2026,5,1
관악구,신림동,온누리,16.78,5,2013,1000,56,2026,5,6
관악구,신림동,지붕위애,19.26,4,2012,1000,67,2026,5,7
관악구,봉천동,e편한세상서울대입구2차,116.72,11,2020,40000,120,2026,5,16
관악구,봉천동,관악드림(동아),60,4,2003,52000,0,2026,5,16
관악구,봉천동,e편한세상서울대입구2단지,84.97,8,2019,73000,0,2026,5,9
관악구,봉천동,e편한세상서울대입구2차,59.87,2,2020,40000,100,2026,5,15
관악구,봉천동,은천2단지아파트,49.95,2,2000,38000,0,2026,5,15
관악구,봉천동,동아타운,28.8,11,1999,1000,50,2026,5,1
관악구,봉천동,두산,59.92,4,2000,15000,120,2026,5,15
관악구,봉천동,벽산블루밍,59.99,17,2005,40950,0,2026,5,14
관악구,신림동,코스모그린,12.21,6,2012,7300,15,2026,5,8
관악구,봉천동,더블유에스타워,19.63,15,2013,16500,0,2026,5,15
관악구,신림동,관악산휴먼시아2단지,114.7,13,2008,55500,0,2026,5,15
관악구,봉천동,e편한세상서울대입구2차,59.87,8,2020,64000,0,2026,5,15
관악구,봉천동,관악푸르지오,84.2,9,2004,25000,130,2026,5,13
관악구,봉천동,현대(관악),105.84,13,1992,50000,0,2026,5,9
관악구,신림동,신림2차푸르지오,84.8098,11,2007,48000,0,2026,5,8
관악구,신림동,힐스테이트뉴포레,59.9882,35,2022,72000,0,2026,5,12
관악구,신림동,신림현대,34.86,8,1993,25000,0,2026,5,14
관악구,신림동,힐스테이트뉴포레,59.9986,35,2022,20000,190,2026,5,13
관악구,신림동,삼성산주공(주공3단지),83.21,12,2000,40000,0,2026,5,13
관악구,신림동,관악산휴먼시아2단지,84.97,8,2008,43500,0,2026,5,13
관악구,신림동,신림2차푸르지오,84.8098,9,2007,46000,0,2026,5,7
관악구,봉천동,e편한세상서울대입구3단지(임대),40.28,5,2019,5233,9,2026,5,13
관악구,봉천동,관악드림(동아),84.96,17,2003,57000,30,2026,5,13
관악구,신림동,관악산휴먼시아1단지,84.97,9,2008,50000,0,2026,5,13
관악구,봉천동,벽산블루밍,84.99,17,2005,57000,0,2026,5,9
관악구,신림동,파로스프라자,84.17,6,2009,13000,90,2026,5,13
관악구,봉천동,봉천우성,59.76,7,2000,42000,0,2026,5,11
관악구,봉천동,반석블레스빌,84.61,4,2001,40000,50,2026,5,13
관악구,봉천동,서울대입구아이원(1560-61),59.96,15,2006,10000,145,2026,5,1
관악구,신림동,신림푸르지오,84.79,22,2005,57000,0,2026,5,12
관악구,신림동,LIG대학마을(건영아파트3차),58.9,13,1996,5000,135,2026,5,9
관악구,신림동,건영1,41.04,1,1984,5000,30,2026,5,12
관악구,봉천동,관악푸르지오,59.58,6,2004,50000,0,2026,5,13
관악구,신림동,신림현대,59.85,10,1993,32250,0,2026,5,8
관악구,봉천동,관전G타워,29.71,13,2019,6000,113,2026,5,4
관악구,봉천동,관악파크푸르지오,59.98,16,2014,55000,0,2026,5,12
관악구,봉천동,e편한세상서울대입구3단지(임대),40.28,2,2019,5233,9,2026,5,12
관악구,봉천동,은천아이비테라스,23.32,6,2013,2000,60,2026,5,9
관악구,봉천동,벽산블루밍,59.99,8,2005,47000,0,2026,5,11
관악구,신림동,관악산휴먼시아2단지,84.97,13,2008,48500,0,2026,5,12
관악구,봉천동,보라매우성,113.08,7,1995,65000,0,2026,5,11
관악구,봉천동,지안타워,15.2,17,2026,5000,100,2026,5,5
관악구,봉천동,봉천동아,59.76,14,2000,20000,120,2026,5,9
관악구,봉천동,두산,59.92,3,2000,61000,0,2026,5,8
관악구,봉천동,벽산블루밍,59.99,6,2005,7000,160,2026,5,11
관악구,봉천동,Q타워,22.37,19,2016,5000,80,2026,5,8
관악구,봉천동,벽산블루밍,84.99,6,2005,57000,0,2026,5,8
관악구,봉천동,벽산블루밍,84.99,15,2005,30000,88,2026,5,9
관악구,신림동,쎄븐스에비뉴,46.65,8,2011,20660,0,2026,5,2
관악구,신림동,지붕위애,16.17,7,2012,1000,64,2026,5,3
관악구,봉천동,Q타워,19.01,18,2016,3000,57,2026,5,9
관악구,신림동,신림현대,59.85,1,1993,7350,84,2026,5,6
관악구,봉천동,보라매삼성,84.84,3,1996,47250,0,2026,5,6
관악구,신림동,관악산휴먼시아2단지,84.97,5,2008,50000,0,2026,5,9
관악구,봉천동,두산,59.92,14,2000,5000,200,2026,5,11
관악구,봉천동,코스모블루,14.25,8,2012,1000,70,2026,5,8
관악구,신림동,아데나,18,5,2010,12600,0,2026,5,10
관악구,신림동,관악산휴먼시아2단지,114.7,1,2008,55000,0,2026,5,9
관악구,봉천동,현대(관악),58.59,15,1992,44000,0,2026,5,9
관악구,봉천동,현대(관악),58.59,9,1992,20000,70,2026,5,9
관악구,봉천동,벽산블루밍,84.99,11,2005,57500,0,2026,5,9
관악구,봉천동,(854-3),31.5,18,2022,10000,69,2026,5,4
관악구,봉천동,라온,13.31,6,2013,3000,58,2026,5,9
관악구,신림동,신림현대,34.86,5,1993,29000,0,2026,5,9
관악구,봉천동,e편한세상서울대입구2차,84.31,3,2020,66000,0,2026,5,9
관악구,봉천동,보라매삼성,84.84,4,1996,60000,0,2026,5,8
관악구,신림동,힐스테이트뉴포레,59.9882,16,2022,60000,0,2026,5,8
관악구,봉천동,관악푸르지오,59.58,18,2004,10000,170,2026,5,8
관악구,봉천동,벽산타운II,79.28,15,2003,47000,0,2026,5,8
관악구,봉천동,벽산블루밍3차,84.72,4,2004,55400,0,2026,5,8
관악구,신림동,신림현대,82.2,15,1993,39000,0,2026,5,3
관악구,신림동,건영2,59.76,13,1988,25000,0,2026,5,4
관악구,봉천동,은천2단지아파트,49.95,2,2000,36000,0,2026,5,7
관악구,봉천동,건영6,59.9,10,1999,25000,115,2026,5,7
관악구,봉천동,봉천동아,114.69,7,2000,62000,0,2026,5,7
관악구,신림동,최강타워,39.66,9,2023,9200,71,2026,5,7
관악구,신림동,관악산휴먼시아1단지,84.97,14,2008,8000,200,2026,5,2
관악구,봉천동,e편한세상서울대입구2차,84.31,5,2020,80000,0,2026,5,6
관악구,봉천동,브라운스톤관악,84.41,13,2005,13000,190,2026,5,7
관악구,봉천동,은천2단지아파트,49.95,4,2000,41000,0,2026,5,4
관악구,봉천동,관악푸르지오,84.75,11,2004,10000,190,2026,5,2
관악구,봉천동,두산,59.92,22,2000,55000,30,2026,5,6
관악구,봉천동,e편한세상서울대입구1단지,84.95,13,2019,80000,0,2026,5,4
관악구,봉천동,노들리안3,31.54,7,2015,10000,42,2026,5,1
관악구,봉천동,봉천우성,84.96,6,2000,53000,40,2026,5,1
관악구,신림동,관악산휴먼시아3단지,39.82,18,2008,6300,14,2026,5,6
관악구,봉천동,Q타워,23.3,19,2016,10000,26,2026,5,6
관악구,봉천동,e편한세상서울대입구2차,84.31,7,2020,78000,0,2026,5,2
관악구,봉천동,힐스테이트관악센트씨엘,84.98,9,2024,87000,0,2026,5,5
관악구,봉천동,은천2단지아파트,49.95,3,2000,40000,0,2026,5,5
관악구,봉천동,벽산블루밍,59.99,16,2005,52000,0,2026,5,6
관악구,봉천동,힐스테이트관악센트씨엘,84.98,14,2024,80000,0,2026,5,4
관악구,봉천동,관악드림(동아),59.85,13,2003,46000,0,2026,5,2
관악구,신림동,신림푸르지오,59.95,10,2005,40000,0,2026,5,4
관악구,신림동,C&A빌딩,15.26,8,2014,500,49,2026,5,2
관악구,봉천동,관악캠퍼스타워,24.96,12,1998,1000,60,2026,5,4
관악구,봉천동,관악푸르지오,59.58,12,2004,48000,0,2026,5,1
관악구,봉천동,반석푸른숲,58.67,8,2006,41000,20,2026,5,2
관악구,봉천동,e편한세상서울대입구2단지,84.97,4,2019,80000,0,2026,5,1
관악구,봉천동,관악드림(삼성),84.96,25,2003,5000,260,2026,5,1
관악구,봉천동,벽산타운II,57.36,9,2003,42000,0,2026,5,1
관악구,신림동,힐스테이트뉴포레,84.9433,25,2022,85000,0,2026,5,4
관악구,봉천동,현대(관악),68.8,15,1992,42000,0,2026,5,2
관악구,봉천동,두산,59.92,18,2000,60000,0,2026,5,3
관악구,봉천동,e편한세상서울대입구1단지,84.93,13,2019,40000,180,2026,5,1
관악구,봉천동,두산,59.92,22,2000,62000,0,2026,5,1
서초구,서초동,래미안서초에스티지,83.99,8,2016,80000,250,2026,5,16
서초구,반포동,래미안원베일리,84.94,24,2023,70000,0,2026,5,20
서초구,서초동,서초래미안,84.95,21,2003,94500,0,2026,5,2
서초구,서초동,서초그랑자이,59.98,9,2021,20000,490,2026,5,1
서초구,반포동,래미안원베일리,59.96,21,2023,180000,0,2026,5,26
서초구,반포동,반포래미안아이파크,84.93,12,2018,166950,0,2026,5,16
서초구,잠원동,신반포청구,59.91,13,1998,55000,100,2026,5,16
서초구,반포동,반포자이,59.98,25,2009,137000,0,2026,5,30
서초구,내곡동,서초더샵포레,101.95,8,2014,100000,0,2026,5,28
서초구,반포동,반포미도,84.96,1,1987,73500,0,2026,5,27
서초구,잠원동,동아,59.8,2,2002,40000,190,2026,5,21
서초구,서초동,진흥아파트,131.07,4,1979,70000,0,2026,5,15
서초구,양재동,우성,84.88,8,1991,30000,140,2026,5,23
서초구,잠원동,동아,59.8,12,2002,20000,280,2026,5,2
서초구,서초동,서초그랑자이,84.87,16,2021,30000,580,2026,5,15
서초구,방배동,방배자이,194.92,6,2003,175000,0,2026,5,16
서초구,우면동,코오롱,52.47,6,1994,48300,0,2026,5,16
서초구,우면동,코오롱,52.47,2,1994,58000,0,2026,5,14
서초구,서초동,서초꽃마을주얼리,16.63,5,2021,6000,46,2026,5,13
서초구,양재동,우성,84.58,10,1991,73000,0,2026,5,9
서초구,우면동,엘에이치서초3단지,51.32,6,2013,20634,0,2026,5,8
서초구,서초동,신원아침도시(1420),84.34,4,2005,71500,0,2026,5,8
서초구,방배동,방배마에스트로,35.37,26,2019,40000,23,2026,5,9
서초구,서초동,서초푸르지오써밋,84.95,11,2017,20000,510,2026,5,4
서초구,서초동,대림서초리시온,36.48,10,2003,2000,140,2026,5,2
서초구,방배동,서리풀e편한세상,59.94,3,2010,20000,100,2026,5,4
서초구,서초동,밀라텔쉐르빌,32.66,15,2001,27000,0,2026,5,19
서초구,잠원동,반포센트럴자이,59.98,24,2020,136500,0,2026,5,16
서초구,잠원동,롯데캐슬갤럭시(50-1),110.11,4,2004,105000,120,2026,5,2
서초구,잠원동,신반포자이,59.86,18,2018,28320,52,2026,5,6
서초구,서초동,CONEST,23.7728,11,2023,11600,54,2026,5,21
서초구,양재동,양재테크노5,80.86,5,2003,64000,0,2026,5,13
서초구,반포동,래미안원펜타스,137.9925,23,2024,110000,730,2026,5,30
서초구,반포동,반포자이,244.543,23,2009,375000,0,2026,5,21
서초구,잠원동,신반포자이,59.35,10,2018,30320,42,2026,5,6
서초구,신원동,힐스테이트서초젠트리스,84.95,9,2014,39000,240,2026,5,29
서초구,서초동,서초푸르지오써밋,97.94,19,2017,170000,0,2026,5,21
서초구,신원동,서초포레스타5단지,84.39,3,2014,94500,0,2026,5,8
서초구,잠원동,신반포자이,59.35,8,2018,30320,42,2026,5,6
서초구,방배동,방배아크로리버,124.569,10,2004,140000,0,2026,5,14
서초구,반포동,반포자이,84.943,17,2009,10000,640,2026,5,20
서초구,서초동,서초그랑자이,59.98,9,2021,20000,490,2026,5,1
서초구,우면동,동고,84.96,6,1995,75000,0,2026,5,16
서초구,서초동,서초트라팰리스,133.05,11,2005,143000,0,2026,5,13
서초구,우면동,코오롱,52.47,2,1994,58000,0,2026,5,14
서초구,우면동,서초네이처힐1단지,114.71,2,2012,117000,0,2026,5,9
서초구,우면동,대림,130.89,10,1995,97000,0,2026,5,6
서초구,우면동,대림,130.89,10,1995,97000,0,2026,5,6
서초구,우면동,서초힐스,84.95,16,2012,55000,80,2026,5,27
서초구,방배동,방배마에스트로,29.28,8,2019,10000,200,2026,5,13
서초구,잠원동,신반포4,105.44,11,1979,25000,250,2026,5,16
서초구,반포동,래미안원펜타스,59.7832,11,2024,15000,569,2026,5,26
서초구,서초동,대림서초리시온,48.96,6,2003,2000,160,2026,5,28
서초구,방배동,방배1차현대홈타운,59.94,7,1999,80000,0,2026,5,16
서초구,서초동,더프레임서초,49.4236,2,2023,5000,360,2026,5,21
서초구,서초동,서초꽃마을주얼리,16.63,4,2021,6700,51,2026,5,20
서초구,잠원동,훼미리,84.83,9,1992,66000,0,2026,5,9
서초구,서초동,서초그랑자이,59.98,31,2021,30440,42,2026,5,6
서초구,잠원동,신반포자이,84.92,12,2018,20000,595,2026,5,1
서초구,우면동,코오롱,52.47,1,1994,60000,0,2026,5,5
서초구,서초동,서초그랑자이,59.99,22,2021,30440,42,2026,5,6
서초구,잠원동,반포르엘,59.9446,34,2022,136500,0,2026,5,20
서초구,반포동,래미안원베일리,59.96,21,2023,180000,0,2026,5,30
서초구,반포동,래미안원펜타스,137.9925,23,2024,110000,730,2026,5,30
서초구,잠원동,신반포자이,59.93,10,2018,30320,42,2026,5,6
서초구,반포동,디에이치반포라클라스,59.9897,22,2021,80000,200,2026,5,30
서초구,우면동,코오롱,52.47,6,1994,47250,0,2026,5,23
서초구,서초동,SUITEHILL,20.466,4,2012,1000,87,2026,5,19
서초구,잠원동,신반포19,80.25,5,1982,20000,240,2026,5,18
서초구,반포동,아크로리버파크,84.97,4,2016,20000,680,2026,5,30
서초구,방배동,대우(효령),84.91,7,1992,20000,240,2026,5,23
서초구,서초동,래미안서초스위트,59.9958,7,2009,98700,0,2026,5,27
서초구,서초동,대림서초리시온,49.92,3,2003,2000,175,2026,5,22
서초구,반포동,아크로리버파크,59.97,15,2016,150000,0,2026,5,15
서초구,서초동,서초아트빌,72.06,3,2003,29000,70,2026,5,12
서초구,반포동,반포자이,84.998,2,2009,166900,0,2026,5,27
서초구,방배동,방배그랑자이,84.972,15,2021,20000,490,2026,5,30
서초구,방배동,방배대우멤버스카운티502,172.97,3,2004,25000,529,2026,5,13
서초구,방배동,삼호1동~3동,81.39,3,1975,20000,160,2026,5,27
서초구,잠원동,래미안신반포팰리스,104.02,5,2016,155000,110,2026,5,30
서초구,반포동,래미안퍼스티지,59.89,23,2009,141000,0,2026,5,18
서초구,서초동,서초이오빌,43.2,4,2003,28000,0,2026,5,22
서초구,서초동,에피소드강남262,19.32,20,2021,1000,188,2026,5,26
서초구,잠원동,대우아이빌,27.07,5,2001,27300,0,2026,5,18
서초구,우면동,대림,130.89,9,1995,105000,0,2026,5,23
서초구,우면동,대림,130.89,9,1995,105000,0,2026,5,23
서초구,방배동,롯데캐슬아르떼,59.9742,1,2013,98000,0,2026,5,30
서초구,잠원동,신반포2,79.42,5,1978,50000,0,2026,5,25
서초구,서초동,서초파라곤,109.73,9,2005,110000,0,2026,5,27
서초구,잠원동,새서울맨션,148.3,1,1975,93000,0,2026,5,25
서초구,잠원동,신반포자이,59.35,17,2018,30320,42,2026,5,6
서초구,서초동,래미안서초에스티지S,84.17,13,2018,136500,0,2026,5,23
서초구,우면동,한라,59.98,5,1994,30000,58,2026,5,30
서초구,방배동,방배대우멤버스카운티502,172.97,3,2004,25000,529,2026,5,13
서초구,잠원동,신반포자이,59.86,22,2018,40000,0,2026,5,1
서초구,반포동,래미안원베일리,116.93,8,2023,335000,0,2026,5,16
서초구,잠원동,한강,84.53,6,1989,90000,0,2026,5,30
서초구,서초동,서초동삼성쉐르빌2,35.17,18,2002,8000,70,2026,5,14
서초구,서초동,서초그랑자이,59.98,6,2021,25000,230,2026,5,21
서초구,서초동,밀라텔쉐르빌,45.62,14,2001,45000,0,2026,5,24
서초구,반포동,반포래미안아이파크,99.92,29,2018,170880,0,2026,5,21
서초구,잠원동,반포센트럴자이,98.99,33,2020,190000,36,2026,5,25
서초구,양재동,우면파크아파트,74.52,4,2003,13000,160,2026,5,7
서초구,잠원동,롯데캐슬갤럭시(50-1),132.16,4,2004,152500,0,2026,5,22
서초구,반포동,래미안원펜타스,59.7832,19,2024,10000,580,2026,5,19
서초구,반포동,반포래미안아이파크,84.93,12,2018,166950,0,2026,5,16
서초구,서초동,밀라텔쉐르빌,66.99,6,2001,10000,180,2026,5,27
서초구,서초동,래미안 리더스원,74.93,13,2020,80000,300,2026,5,30
서초구,방배동,방배디오슈페리움Ⅰ,84.82,14,2006,10000,350,2026,5,25
서초구,방배동,신한엔시모,244.2,5,2005,0,1155,2026,5,21
서초구,서초동,urbanplace,20.998,7,2014,17100,5,2026,5,21
서초구,방배동,서리풀e편한세상,59.97,8,2010,5000,330,2026,5,21
서초구,서초동,더샵서초,152.99,21,2006,100000,228,2026,5,20
서초구,서초동,서초푸르지오써밋,74.93,28,2017,129150,0,2026,5,30
서초구,잠원동,신반포25,84.49,5,1984,84000,0,2026,5,26
서초구,잠원동,훼미리,84.9,11,1992,73500,0,2026,5,28
서초구,잠원동,잠원시티아파트,21.17,8,2017,29400,0,2026,5,20
서초구,반포동,아크로리버파크,84.94,3,2016,50000,350,2026,5,20
서초구,반포동,반포리체,84.967,18,2010,148000,48,2026,5,28
서초구,서초동,서초이오빌,43.2,3,2003,29400,0,2026,5,15
서초구,내곡동,서초더샵포레,59.94,3,2014,30000,173,2026,5,29
서초구,반포동,래미안원베일리,84.95,6,2023,120000,440,2026,5,23
서초구,잠원동,반포센트럴자이,98.99,15,2020,200000,0,2026,5,14
서초구,잠원동,아크로리버뷰신반포,78.48,13,2018,100000,0,2026,5,14
서초구,반포동,반포리체,59.994,21,2010,70000,200,2026,5,30
서초구,반포동,래미안퍼스티지,169.31,13,2009,20000,1340,2026,5,29
서초구,잠원동,신반포4,137.1,12,1979,130000,0,2026,5,28
서초구,반포동,반포미도,84.96,11,1987,75600,0,2026,5,9
서초구,서초동,서초센트럴IPARK,80.5154,14,2020,40000,300,2026,5,23
서초구,양재동,노블하우스,71.12,2,2001,17000,170,2026,5,4
서초구,잠원동,신반포청구,59.91,3,1998,18000,247,2026,5,13
서초구,서초동,삼풍아파트,79.47,9,1988,10000,440,2026,5,13
서초구,서초동,서초그랑자이,59.98,18,2021,120000,20,2026,5,30
서초구,반포동,반포써밋,59.3264,12,2018,103000,0,2026,5,16
서초구,잠원동,신반포2,92.2,10,1978,68250,0,2026,5,22
서초구,반포동,래미안원펜타스,59.7832,28,2024,152200,0,2026,5,16
서초구,서초동,래미안서초유니빌,49.744,19,2003,2000,147,2026,5,15
서초구,잠원동,대우아이빌,35.38,8,2001,2000,115,2026,5,18
서초구,반포동,래미안퍼스티지,84.76,7,2009,198000,0,2026,5,30
서초구,서초동,대림서초리시온,49.92,3,2003,2000,150,2026,5,28
서초구,반포동,반포자이,84.984,5,2009,165000,0,2026,5,20
서초구,잠원동,한신타워,59.81,11,1996,79000,0,2026,5,29
서초구,서초동,한라비발디스튜디오193,19.99,6,2013,1000,105,2026,5,16
서초구,잠원동,반포센트럴자이,84.95,34,2020,0,150,2026,5,25
서초구,서초동,서초현대,54.45,8,1999,57750,0,2026,5,27
서초구,잠원동,반포센트럴자이,84.98,19,2020,170000,0,2026,5,30
서초구,서초동,urbanplace,23.456,3,2014,1000,100,2026,5,27
서초구,서초동,서리아,58.6773,16,2026,3000,292,2026,5,29
서초구,반포동,반포자이,59.98,7,2009,86000,160,2026,5,14
서초구,반포동,반포미도2차아파트,59.07,12,1989,53300,0,2026,5,30
서초구,반포동,아크로리버파크,84.95,19,2016,168000,0,2026,5,30
서초구,내곡동,서초더샵포레,101.34,2,2014,10000,330,2026,5,30
서초구,서초동,래미안 리더스원,84.97,16,2020,10000,640,2026,5,7
서초구,방배동,방배아크로타워,84.45,10,2007,5000,240,2026,5,29
서초구,잠원동,신반포청구,84.86,12,1998,105000,0,2026,5,30
서초구,우면동,서초힐스,84.97,9,2012,84000,0,2026,5,13
서초구,우면동,호반써밋서초파크,59.93,6,2013,70000,0,2026,5,26
서초구,서초동,한승미메이드,107.53,5,2004,90000,0,2026,5,28
서초구,방배동,브라운스톤효령아파트,120.566,3,2005,10000,480,2026,5,22
서초구,잠원동,동아,59.92,13,2002,10000,330,2026,5,26
서초구,잠원동,동아,84.91,1,2002,80000,130,2026,5,30
서초구,서초동,밀라텔쉐르빌,32.66,17,2001,1000,130,2026,5,29
서초구,잠원동,신반포4,100.11,7,1979,10000,300,2026,5,16
서초구,잠원동,한신로얄,81.23,6,1992,50000,170,2026,5,15
서초구,반포동,래미안원펜타스,155.8754,9,2024,300000,423,2026,5,13
서초구,잠원동,한강,84.53,3,1989,89200,80,2026,5,11
서초구,신원동,서초포레스타5단지,101.35,3,2014,110000,0,2026,5,26
서초구,서초동,서초이오빌,45.96,14,2003,16000,70,2026,5,21
서초구,양재동,우성,73.15,5,1991,68250,0,2026,5,24
서초구,서초동,한라비발디스튜디오193,35.91,10,2013,1500,142,2026,5,19
서초구,서초동,서초자연인아파트(101동),24.14,3,2012,20200,0,2026,5,28
서초구,서초동,DK밸리뷰서초2차,26.39,14,2022,10000,150,2026,5,15
서초구,잠원동,반포센트럴자이,84.95,34,2020,60000,420,2026,5,15
서초구,서초동,래미안서초유니빌,35.383,9,2003,1000,110,2026,5,15
서초구,서초동,서초이오빌,43.2,10,2003,2000,170,2026,5,18
서초구,잠원동,신반포청구,84.86,12,1998,65000,160,2026,5,11
서초구,방배동,방배마에스트로,35.37,26,2019,40000,23,2026,5,9
서초구,반포동,아크로리버파크,112.99,9,2016,90000,660,2026,5,9
서초구,서초동,서초래미안,84.97,3,2003,130000,0,2026,5,11
서초구,서초동,서초이오빌,36.66,10,2003,1000,98,2026,5,20
서초구,방배동,방배동동양파라곤,209.33,3,2004,10000,750,2026,5,31
서초구,잠원동,반포센트럴자이,84.95,14,2020,120000,190,2026,5,28
서초구,신원동,서초포레스타6단지,59.93,4,2015,85000,0,2026,5,24
서초구,반포동,반포자이,59.98,3,2009,5000,443,2026,5,20
서초구,반포동,래미안원펜타스,155.8754,15,2024,378000,0,2026,5,30
서초구,반포동,반포푸르지오,84.82,8,2000,50000,280,2026,5,25
서초구,잠원동,동아,84.91,5,2002,54200,130,2026,5,29
서초구,잠원동,아크로리버뷰신반포,78.5,27,2018,188395,0,2026,5,19
서초구,서초동,삼풍아파트,79.47,2,1988,39800,160,2026,5,27
서초구,서초동,CONEST,36.9571,3,2023,15900,72,2026,5,8
서초구,방배동,방배아크로타워,75.26,5,2007,30000,147,2026,5,9
서초구,반포동,신구노빌리티,243.83,6,2003,280000,0,2026,5,19
서초구,잠원동,래미안신반포팰리스,84.46,23,2016,5000,450,2026,5,30
서초구,우면동,서초힐스,59.89,15,2012,35000,143,2026,5,19
서초구,반포동,한신서래,64.53,5,1987,63000,0,2026,5,15
서초구,우면동,서초힐스,84.96,16,2012,10000,320,2026,5,16
서초구,우면동,서초힐스,84.96,16,2012,10000,320,2026,5,16
서초구,우면동,호반써밋서초파크,59.93,17,2013,61950,0,2026,5,2
서초구,우면동,서초힐스,84.96,16,2012,10000,320,2026,5,16
서초구,잠원동,신반포자이,59.93,16,2018,131250,0,2026,5,27
서초구,방배동,브라운스톤효령아파트,120.566,3,2005,10000,480,2026,5,22
서초구,양재동,신영체르니,35.91,3,2002,5000,40,2026,5,12
서초구,잠원동,월드메르디앙,84.78,1,2002,85000,0,2026,5,11
서초구,신원동,서초포레스타3단지,59.96,11,2014,44278,0,2026,5,22
서초구,방배동,방배1차현대홈타운,59.94,3,1999,10000,200,2026,5,12
서초구,서초동,강남태영데시앙루브,83.54,14,2005,5000,400,2026,5,21
서초구,반포동,반포자이,244.543,23,2009,375000,0,2026,5,21
서초구,서초동,삼환바우스,84.98,9,2006,90000,0,2026,5,31
서초구,잠원동,신사레전드,18.2,6,2012,2000,68,2026,5,30
서초구,잠원동,신반포19,108.01,1,1982,5000,300,2026,5,6
서초구,서초동,래미안서초스위트,59.9958,9,2009,65000,150,2026,5,16
서초구,서초동,서초동삼성쉐르빌2,51.08,18,2002,250,200,2026,5,26
서초구,서초동,서초꽃마을주얼리,16.63,4,2021,6700,51,2026,5,14
서초구,반포동,래미안원펜타스,59.7832,13,2024,106000,148,2026,5,30
서초구,서초동,서초대우아이빌,35.307,13,2003,1000,105,2026,5,2
서초구,서초동,스위트빌,84.66,2,2003,25000,200,2026,5,21
서초구,서초동,서초삼성래미안,84.97,13,2001,65000,120,2026,5,20
서초구,반포동,반포써밋,84.4182,27,2018,105000,195,2026,5,31
서초구,양재동,양재테크노5,61.82,5,2003,51000,0,2026,5,25
서초구,반포동,디에이치반포라클라스,84.9671,28,2021,180000,0,2026,5,30
서초구,서초동,DK밸리뷰서초2차,28.78,18,2022,39000,15,2026,5,11
서초구,서초동,삼풍아파트,79.47,10,1988,115000,0,2026,5,16
서초구,서초동,서초푸르지오써밋,104.11,8,2017,125000,180,2026,5,30
서초구,우면동,서초네이처힐3단지,114.79,9,2013,120000,0,2026,5,26
서초구,서초동,서초푸르지오써밋,104.11,8,2017,125000,180,2026,5,30
서초구,내곡동,서초더샵포레,84.81,8,2014,100000,0,2026,5,18
서초구,방배동,래미안방배에버뉴,181.481,12,1977,140000,0,2026,5,28
서초구,반포동,반포써밋,59.3264,17,2018,130000,0,2026,5,4
서초구,반포동,어반빌리지,21.96,2,2012,250,76,2026,5,30
서초구,잠원동,래미안신반포리오센트,133.37,15,2019,110000,165,2026,5,8
서초구,반포동,래미안원베일리,46.93,4,2023,80000,59,2026,5,23
서초구,서초동,지에스타워,12.56,11,2022,18000,0,2026,5,12
서초구,반포동,현대동궁아파트,82.35,2,1991,73000,0,2026,5,16
서초구,방배동,정석빌라,98.73,1,2004,5000,50,2026,5,7
서초구,반포동,반포자이,59.98,23,2009,80000,173,2026,5,22
서초구,반포동,반포리체,106.148,8,2010,73000,410,2026,5,30
서초구,반포동,노블하우스2,164.14,4,2003,15000,750,2026,5,30
서초구,반포동,래미안원베일리,84.94,24,2023,70000,640,2026,5,20
서초구,서초동,서초이오빌,36.66,20,2003,3000,110,2026,5,22
서초구,방배동,서리풀프라젠아파트,78.69,6,2020,30000,215,2026,5,8
서초구,서초동,서초동아이파크,192.63,8,2003,10000,550,2026,5,27
서초구,우면동,대림,130.89,14,1995,80000,70,2026,5,31
서초구,잠원동,신반포2,68.91,10,1978,30000,60,2026,5,29
서초구,우면동,대림,130.89,8,1995,100000,0,2026,5,22
서초구,반포동,더샵반포리버파크,49.986,7,2022,31500,252,2026,5,28
서초구,서초동,대림서초리시온,36.48,10,2003,2000,140,2026,5,2
서초구,반포동,신성리더스카운티,155.88,3,2003,40000,160,2026,5,11
서초구,서초동,두진한아름,84.96,6,1995,78700,0,2026,5,25
서초구,반포동,반포자이,59.98,25,2009,137000,0,2026,5,19
서초구,잠원동,신반포7,107.29,5,1980,88000,0,2026,5,30
서초구,우면동,호반써밋서초파크,84.99,19,2013,42000,152,2026,5,14
서초구,서초동,urbanplace,21.007,6,2014,1000,90,2026,5,6
서초구,서초동,서초동삼성쉐르빌2,35.22,11,2002,2000,100,2026,5,22
서초구,잠원동,훼미리,84.83,14,1992,25000,260,2026,5,29
서초구,잠원동,동아,84.91,15,2002,90000,69,2026,5,30
서초구,서초동,서초동삼성쉐르빌2,70.49,5,2002,68000,0,2026,5,29
서초구,서초동,서초이오빌,36.66,10,2003,1000,92,2026,5,18
서초구,서초동,우성아파트,76.67,20,1998,70000,80,2026,5,25
서초구,잠원동,메이플자이,49.6998,13,2025,133000,0,2026,5,20
서초구,잠원동,훼미리,84.9,1,1992,88000,0,2026,5,9
서초구,잠원동,현대,84.87,16,1993,89250,0,2026,5,23
서초구,반포동,반포훼미리(104동),115.43,6,2004,20000,284,2026,5,8
서초구,방배동,방배1차현대홈타운,59.94,3,1999,10000,200,2026,5,12
서초구,서초동,서초동대우디오빌프라임,81.97,11,2005,10000,300,2026,5,18
서초구,서초동,지에스타워,24.22,5,2022,31700,35,2026,5,26
서초구,반포동,래미안원베일리,101.97,28,2023,170000,400,2026,5,21
서초구,우면동,호반써밋서초파크,59.93,10,2013,65000,40,2026,5,29
서초구,양재동,우성,84.58,9,1991,80000,0,2026,5,18
서초구,서초동,서초대우아이빌,35.307,5,2003,1000,110,2026,5,13
서초구,반포동,반포자이,132.439,5,2009,110000,560,2026,5,30
서초구,내곡동,서초더샵포레,101.95,8,2014,100000,0,2026,5,28
서초구,신원동,서초포레스타5단지,59.93,14,2014,88000,0,2026,5,23
서초구,방배동,방배마에스트로,25.48,11,2019,10000,134,2026,5,31
서초구,서초동,더프레임서초,49.7493,8,2023,5000,380,2026,5,28
서초구,반포동,아크로리버파크,84.98,3,2016,168000,0,2026,5,22
서초구,서초동,서초동삼성쉐르빌2,35.22,15,2002,200,120,2026,5,26
서초구,방배동,롯데캐슬아르떼,84.9145,5,2013,55000,300,2026,5,9
서초구,반포동,아크로리버파크,59.98,18,2016,150000,0,2026,5,30
서초구,우면동,코오롱,52.47,6,1994,48300,0,2026,5,16
서초구,반포동,아크로리버파크,84.98,14,2016,173250,0,2026,5,11
서초구,방배동,임광,136.38,2,1985,73500,110,2026,5,27
서초구,양재동,우성,84.58,2,1991,80000,0,2026,5,18
서초구,반포동,래미안원베일리,59.96,15,2023,110000,200,2026,5,31
서초구,서초동,CONEST,23.7728,5,2023,11600,54,2026,5,8
서초구,잠원동,신반포청구,59.91,3,1998,84000,0,2026,5,22
서초구,서초동,서초쌍용플래티넘,68.21,14,2006,5000,200,2026,5,23
서초구,잠원동,신반포4,96.48,12,1979,65000,0,2026,5,15
서초구,반포동,체리빌리지,111.16,5,2004,0,700,2026,5,27
서초구,서초동,서초프라임헤센아파트,73.1369,6,2021,50000,185,2026,5,14
서초구,잠원동,동아,84.91,16,2002,10000,360,2026,5,13
서초구,방배동,롯데캐슬헤론,174.89,18,2006,155000,0,2026,5,29
서초구,서초동,래미안 리더스원,114.94,14,2020,220000,0,2026,5,19
서초구,잠원동,반포르엘2차,84.1269,21,2022,180000,0,2026,5,30
서초구,신원동,서초포레스타3단지,59.96,7,2014,80000,0,2026,5,30
서초구,신원동,서초포레스타5단지,84.81,14,2014,98000,0,2026,5,30
서초구,방배동,엘루크방배서리풀,32.383,5,2024,52500,0,2026,5,30
서초구,잠원동,동아,59.92,10,2002,85000,0,2026,5,29
서초구,우면동,서초힐스,59.89,12,2012,75000,0,2026,5,30
서초구,잠원동,신반포2,92.2,11,1978,50000,50,2026,5,30
서초구,잠원동,한신로얄,81.05,3,1992,75000,60,2026,5,30
서초구,반포동,다우탑스빌라트,128.88,6,1997,115000,0,2026,5,27
서초구,반포동,반포힐스테이트,84.77,15,2012,80000,324,2026,5,30
서초구,방배동,방배대우디오빌,28.84,4,2005,18000,35,2026,5,29
서초구,방배동,삼호3,181.6,6,1976,98000,70,2026,5,30
서초구,반포동,래미안원베일리,59.96,4,2023,152250,0,2026,5,9
서초구,서초동,삼풍아파트,130.73,9,1988,150000,0,2026,5,30
서초구,방배동,서리풀래디앙아파트,82,3,2020,120000,0,2026,5,31
서초구,잠원동,동아,84.91,16,2002,10000,360,2026,5,13
서초구,방배동,방배신삼호,105.04,7,1983,85000,0,2026,5,11
서초구,잠원동,신반포20,143.95,10,1983,100000,20,2026,5,25
서초구,서초동,동아아파트,19.51,7,2015,12000,43,2026,5,31
서초구,반포동,더샵반포리버파크,49.9281,6,2022,30000,208,2026,5,29
서초구,반포동,래미안퍼스티지,59.89,30,2009,20000,510,2026,5,30
서초구,서초동,서초동삼성쉐르빌2,70.49,5,2002,68000,0,2026,5,29
서초구,반포동,래미안원베일리,101.97,24,2023,262500,0,2026,5,28
서초구,반포동,아크로리버파크,84.98,4,2016,175000,0,2026,5,20
서초구,잠원동,아크로리버뷰신반포,78.48,26,2018,190000,0,2026,5,29
서초구,반포동,반포힐스테이트,84.77,24,2012,180000,0,2026,5,11
서초구,서초동,서초한빛삼성,110.59,11,1999,30000,320,2026,5,1
서초구,서초동,서초한빛삼성,99.09,14,1999,73500,0,2026,5,29
서초구,방배동,삼호한숲,59.98,10,1998,70000,0,2026,5,29
서초구,서초동,래미안서초에스티지S,59.36,2,2018,28450,39,2026,5,7
서초구,우면동,서초네이처힐4단지,59.99,8,2011,15275,0,2026,5,29
서초구,방배동,자현유하우스,47.47,8,2018,62300,0,2026,5,25
서초구,잠원동,중앙하이츠,59.93,7,1998,50000,48,2026,5,29
서초구,내곡동,서초더샵포레,59.94,10,2014,68000,0,2026,5,29
서초구,잠원동,롯데캐슬갤럭시,106.15,11,2002,141250,0,2026,5,27
서초구,잠원동,반포센트럴자이,98.87,19,2020,100000,400,2026,5,12
서초구,잠원동,반포르엘2차,84.1269,4,2022,157500,0,2026,5,21
서초구,반포동,래미안퍼스티지,84.93,15,2009,175000,0,2026,5,28
서초구,반포동,래미안원베일리,84.99,14,2023,50000,740,2026,5,27
서초구,양재동,한아름,135.76,6,2003,40000,240,2026,5,18
서초구,반포동,래미안원펜타스,59.7832,8,2024,42000,367,2026,5,29
서초구,방배동,방배래미안타워,134.96,21,2005,121430,0,2026,5,28
서초구,잠원동,롯데캐슬갤럭시(50-1),109.56,15,2004,80000,230,2026,5,1
서초구,잠원동,신반포4,100.11,5,1979,30100,160,2026,5,16
서초구,반포동,래미안원펜타스,59.7832,16,2024,40000,500,2026,5,7
서초구,서초동,진흥아파트,101.32,12,1979,30000,120,2026,5,25
서초구,잠원동,래미안신반포팰리스,84.49,21,2016,80000,267,2026,5,22
서초구,반포동,디에이치반포라클라스,84.9671,26,2021,180000,0,2026,5,29
서초구,반포동,반포자이,84.943,6,2009,130000,160,2026,5,18
서초구,우면동,한라,59.98,5,1994,53000,0,2026,5,23
서초구,방배동,방배1차현대홈타운,59.94,7,1999,80000,0,2026,5,16
서초구,방배동,방배 서리풀 그랑블,84.9969,6,2019,103450,0,2026,5,27
서초구,서초동,서초푸르지오써밋,59.62,29,2017,115500,0,2026,5,3
서초구,서초동,삼풍아파트,130.23,1,1988,110000,70,2026,5,21
서초구,잠원동,신반포4,137.1,7,1979,75000,0,2026,5,2
서초구,우면동,서초호반써밋,118.0474,10,2013,105000,0,2026,5,28
서초구,잠원동,롯데캐슬갤럭시,106.15,8,2002,60000,300,2026,5,23
서초구,우면동,서초네이처힐3단지,49.9,10,2013,7752,15,2026,5,27
서초구,서초동,서초교대e편한세상,59.9,8,2010,37702,0,2026,5,29
서초구,서초동,CONEST,23.7728,4,2023,9300,64,2026,5,29
서초구,서초동,서초그랑자이,59.98,13,2021,18304,137,2026,5,28
서초구,잠원동,메이플자이,124.4237,7,2025,285000,0,2026,5,13
서초구,잠원동,메이플자이,49.6998,11,2025,40000,390,2026,5,25
서초구,우면동,호반써밋서초파크,51.89,13,2013,68000,0,2026,5,23
서초구,잠원동,잠원현대훼밀리,59.56,14,1997,80000,0,2026,5,28
서초구,서초동,우성아파트,59.93,5,1998,10000,250,2026,5,22
서초구,서초동,우성아파트,59.93,21,1998,5000,270,2026,5,4
서초구,잠원동,동아,84.91,11,2002,115000,0,2026,5,27
서초구,잠원동,신반포7,107.29,7,1980,75000,60,2026,5,27
서초구,방배동,렉스빌,244.68,2,2002,300000,0,2026,5,19
서초구,잠원동,신반포2,68.91,3,1978,52000,0,2026,5,26
서초구,서초동,서초푸르지오써밋,84.93,13,2017,150000,0,2026,5,28
서초구,방배동,방배그랑자이,59.9609,18,2021,5000,400,2026,5,19
서초구,양재동,신영체르니,39.1,7,2002,2000,126,2026,5,1
서초구,잠원동,동아,59.8,7,2002,84000,0,2026,5,16
서초구,우면동,서초네이처힐5단지,114.95,3,2011,64082,0,2026,5,27
서초구,방배동,렉스빌,244.68,2,2002,300000,0,2026,5,19
서초구,잠원동,반포센트럴자이,59.98,20,2020,125000,0,2026,5,22
서초구,방배동,방배신삼호,105.04,10,1983,40000,160,2026,5,26
서초구,반포동,래미안원펜타스,59.7832,23,2024,160000,0,2026,5,28
서초구,우면동,호반써밋서초파크뷰,84.95,5,2013,82000,0,2026,5,27
서초구,양재동,신영체르니,39.1,7,2002,40000,0,2026,5,7
서초구,방배동,서리풀프라젠아파트,78.19,4,2020,87000,0,2026,5,23
서초구,잠원동,신반포2,79.42,6,1978,54000,0,2026,5,27
서초구,신원동,서초포레스타3단지,84.34,18,2014,108000,0,2026,5,23
서초구,반포동,반포자이,59.98,18,2009,108000,0,2026,5,27
서초구,서초동,래미안 리더스원,84.93,6,2020,168000,0,2026,5,28
서초구,반포동,반포자이,84.998,23,2009,165000,0,2026,5,4
서초구,잠원동,롯데캐슬갤럭시(50-1),148.86,14,2004,20000,590,2026,5,27
서초구,방배동,롯데캐슬아르떼,59.9742,3,2013,80000,75,2026,5,27
서초구,방배동,방배아트자이,84.9383,14,2018,50000,320,2026,5,21
서초구,잠원동,두산위브,46.95,9,2003,15000,180,2026,5,27
서초구,잠원동,신반포자이,98.45,14,2018,57881,322,2026,5,18
서초구,방배동,방배2차현대홈타운,59.86,13,2001,84000,0,2026,5,27
서초구,반포동,반포래미안아이파크,112.95,10,2018,219000,0,2026,5,23
서초구,서초동,서초이오빌,45.96,22,2003,2000,155,2026,5,14
서초구,서초동,서초푸르지오써밋,74.96,3,2017,10000,500,2026,5,27
서초구,서초동,삼풍아파트,79.47,2,1988,55000,90,2026,5,6
서초구,잠원동,신화,84.85,6,1997,40000,250,2026,5,27
서초구,방배동,엘루크방배서리풀,32.383,2,2024,57500,0,2026,5,27
서초구,신원동,서초포레스타3단지,59.96,8,2014,30000,170,2026,5,25
서초구,우면동,엘에이치서초3단지,36.7,6,2013,2311,28,2026,5,28
서초구,방배동,삼호3,183.16,1,1976,40000,270,2026,5,26
서초구,신원동,서초포레스타6단지,54.97,1,2015,41239,0,2026,5,27
서초구,서초동,서초푸르지오써밋,74.96,19,2017,75000,250,2026,5,8
서초구,우면동,대림,130.89,2,1995,100000,0,2026,5,27
서초구,서초동,래미안서초에스티지S,111.01,4,2018,178500,0,2026,5,23
서초구,서초동,서초래미안,111.32,2,2003,126000,0,2026,5,23
서초구,우면동,서초네이처힐3단지,84.61,12,2013,80000,70,2026,5,26
서초구,잠원동,반포르엘,97.4743,10,2022,105000,441,2026,5,25
서초구,방배동,브라운스톤효령아파트,141.647,7,2005,50000,275,2026,5,23
서초구,우면동,서초호반써밋,101.0107,23,2013,95000,40,2026,5,2
서초구,반포동,반포미도,84.96,14,1987,30000,245,2026,5,7
서초구,잠원동,강변,66.29,9,1987,10000,280,2026,5,23
서초구,신원동,서초포레스타6단지,54.97,4,2015,41239,0,2026,5,27
서초구,우면동,코오롱,52.47,3,1994,46000,0,2026,5,8
서초구,잠원동,신반포19,107.93,6,1982,45000,165,2026,5,16
서초구,서초동,서초중흥S-클래스(도시형생활주택),20.68,3,2013,16500,0,2026,5,27
서초구,서초동,에피소드강남262,19.61,18,2021,3000,215,2026,5,19
서초구,반포동,래미안원베일리,84.95,2,2023,40000,670,2026,5,23
서초구,잠원동,신사레전드,31.89,4,2012,15700,0,2026,5,6
서초구,우면동,서초네이처힐6단지,49.91,12,2013,8737,15,2026,5,26
서초구,반포동,반포자이,59.98,2,2009,123900,0,2026,5,26
서초구,양재동,우성,73.15,1,1991,5000,174,2026,5,16
서초구,서초동,서초이오빌,58.48,18,2003,50900,0,2026,5,27
서초구,반포동,반포자이,59.98,20,2009,40000,360,2026,5,11
서초구,서초동,서초트라팰리스,133.05,6,2005,126000,80,2026,5,9
서초구,우면동,서초힐스,84.97,6,2012,79800,0,2026,5,26
서초구,서초동,DK밸리뷰서초2차,27.74,17,2022,7000,150,2026,5,8
서초구,반포동,래미안원베일리,116.88,10,2023,400000,0,2026,5,23
서초구,양재동,우성,84.88,8,1991,30000,140,2026,5,23
서초구,방배동,리전트가든,231.07,4,2003,110000,640,2026,5,1
서초구,서초동,삼풍아파트,165.92,10,1988,150000,0,2026,5,5
서초구,반포동,디에이치반포라클라스,59.9928,16,2021,40000,410,2026,5,23
서초구,우면동,서초힐스,59.97,17,2012,78000,0,2026,5,26
서초구,서초동,서초센트럴IPARK,80.5332,3,2020,120000,0,2026,5,25
서초구,잠원동,신반포4,105.89,2,1979,75000,60,2026,5,23
서초구,우면동,서초네이처힐1단지,84.78,5,2012,30000,240,2026,5,16
서초구,우면동,서초네이처힐5단지,114.95,10,2011,64082,0,2026,5,26
서초구,서초동,서초그랑자이,59.98,32,2021,10868,106,2026,5,26
서초구,서초동,서초자연인아파트(102동),31.43,4,2013,2000,98,2026,5,15
서초구,잠원동,훼미리,84.9,4,1992,5000,330,2026,5,16
서초구,잠원동,아크로리버뷰신반포,84.79,29,2018,210000,0,2026,5,22
서초구,방배동,한신트리플,28.81,12,2004,8000,70,2026,5,25
서초구,반포동,반포자이,84.943,25,2009,57500,380,2026,5,21
서초구,잠원동,신반포4,100.11,3,1979,30000,170,2026,5,23
서초구,반포동,반포리체,59.993,32,2010,135000,0,2026,5,25
서초구,잠원동,동아,84.91,9,2002,111000,0,2026,5,23
서초구,방배동,삼호한숲,59.98,11,1998,60000,0,2026,5,20
서초구,우면동,서초네이처힐3단지,49.9,13,2013,7911,14,2026,5,26
서초구,방배동,롯데캐슬아르떼,84.9321,9,2013,130000,0,2026,5,25
서초구,서초동,진흥아파트,101.32,8,1979,26000,165,2026,5,23
서초구,반포동,반포리체,59.993,20,2010,30000,400,2026,5,4
서초구,내곡동,서초더샵포레,84.81,7,2014,105000,0,2026,5,23
서초구,반포동,궁전,146.81,1,1984,20000,250,2026,5,22
서초구,잠원동,반포센트럴자이,84.95,7,2020,90000,173,2026,5,9
서초구,방배동,롯데캐슬아르떼,84.974,5,2013,145000,0,2026,5,24
서초구,반포동,반포미도2차아파트,59.07,1,1989,25000,160,2026,5,23
서초구,잠원동,아크로리버뷰신반포,84.82,7,2018,175000,0,2026,5,23
서초구,반포동,반포자이,194.515,15,2009,294000,0,2026,5,15
서초구,잠원동,동아,84.91,18,2002,99750,0,2026,5,23
서초구,신원동,서초포레스타3단지,114.81,2,2014,115000,0,2026,5,26
서초구,서초동,레미안서초6차(1520-9),130.13,3,2006,121000,0,2026,5,18
서초구,서초동,월드메르디앙,196.9,3,2002,120000,80,2026,5,21
서초구,반포동,반포자이,59.98,9,2009,73368,0,2026,5,26
서초구,방배동,한진로즈힐,84.376,10,2005,25000,270,2026,5,22
서초구,서초동,경남아너스빌201동,84.95,2,2006,105000,0,2026,5,18
서초구,잠원동,동아,59.92,20,2002,80000,0,2026,5,22
서초구,신원동,서초포레스타6단지,59.98,7,2015,30000,230,2026,5,22
서초구,서초동,서초한일,59.96,2,1997,35000,140,2026,5,25
서초구,잠원동,대우아이빌,34.72,5,2001,2000,150,2026,5,25
서초구,방배동,래미안방배아트힐(1008-2),114.18,4,2004,80000,162,2026,5,25
서초구,반포동,반포미도,84.96,13,1987,78000,0,2026,5,18
서초구,반포동,반포미도2차아파트,59.07,4,1989,70000,0,2026,5,25
서초구,서초동,유원서초,84.87,6,1993,87150,0,2026,5,23
서초구,잠원동,롯데캐슬갤럭시,106.15,8,2002,60000,300,2026,5,23
서초구,서초동,서초타운트라팰리스,82.9,13,2006,90000,0,2026,5,7
서초구,반포동,래미안원펜타스,59.7832,15,2024,160000,0,2026,5,13
서초구,서초동,진흥아파트,101.32,2,1979,3000,260,2026,5,22
서초구,반포동,아크로리버파크,84.99,22,2016,80000,410,2026,5,1
서초구,서초동,우성아파트,76.67,11,1998,40000,240,2026,5,20
서초구,서초동,지웰홈스서초,14.1,12,2019,1000,88,2026,5,13
서초구,우면동,호반써밋서초파크,51.89,1,2013,50000,55,2026,5,23
서초구,서초동,서초벽산블루밍,120.27,6,2006,70000,240,2026,5,23
서초구,잠원동,훼미리,84.9,15,1992,10000,350,2026,5,20
서초구,잠원동,롯데캐슬갤럭시(50-1),110.11,4,2004,105000,120,2026,5,2
서초구,방배동,라파예트,273.37,5,2001,0,1275,2026,5,11
서초구,서초동,동일하이빌,100.45,13,2006,110000,50,2026,5,4
서초구,잠원동,메이플자이,84.2537,10,2025,200000,0,2026,5,9
서초구,잠원동,반포르엘,97.4743,14,2022,10000,650,2026,5,16
서초구,서초동,서신,54.03,2,1995,31377,0,2026,5,22
서초구,잠원동,한신,84.52,6,1992,70000,220,2026,5,21
서초구,양재동,양재리본타워2단지,59.96,8,2014,38614,0,2026,5,22
서초구,잠원동,신반포2,79.42,10,1978,45000,50,2026,5,22
서초구,서초동,서초화원그랑빌,79.7,4,2002,64600,0,2026,5,11
서초구,방배동,방배한화,84.7,4,2001,81000,0,2026,5,13
서초구,서초동,서초동대우디오빌프라임,84.92,11,2005,10000,330,2026,5,22
서초구,서초동,한라비발디스튜디오193,19.99,6,2013,23400,10,2026,5,21
서초구,잠원동,신반포4,100.11,4,1979,81900,0,2026,5,7
서초구,반포동,궁전,117.11,2,1984,92400,0,2026,5,18
서초구,잠원동,동아,59.8,2,2002,40000,190,2026,5,21
서초구,신원동,서초포레스타7단지,49.39,7,2013,43953,0,2026,5,22
서초구,잠원동,킴스빌리지,37.38,11,1996,2000,150,2026,5,22
서초구,잠원동,신반포2,137.66,11,1978,105000,0,2026,5,22
서초구,우면동,서초네이처힐7단지,84.77,16,2011,95000,0,2026,5,6
서초구,내곡동,서초더샵포레,84.41,4,2014,62790,0,2026,5,22
서초구,서초동,롯데캐슬메디치,103.24,7,2010,110000,0,2026,5,10
서초구,반포동,래미안원베일리,59.96,7,2023,165000,0,2026,5,22
서초구,방배동,바흐하우스반포캐슬,84.519,15,2024,135450,0,2026,5,15
서초구,잠원동,신반포4,137.1,3,1979,135000,0,2026,5,4
서초구,우면동,한라,59.98,3,1994,47460,0,2026,5,16
서초구,반포동,반포미도,84.96,11,1987,75600,0,2026,5,9
서초구,잠원동,한강,76.68,7,1989,5000,294,2026,5,21
서초구,서초동,아크로비스타,205.07,10,2004,260000,0,2026,5,14
서초구,신원동,서초포레스타3단지,114.81,11,2014,115000,0,2026,5,21
서초구,방배동,서리풀e편한세상,84.97,4,2010,126000,0,2026,5,22
서초구,방배동,삼호한숲,84.87,6,1998,40000,230,2026,5,22
서초구,반포동,반포미도2차아파트,71.49,1,1989,20000,215,2026,5,15
서초구,방배동,방배1차현대홈타운,59.94,15,1999,20000,240,2026,5,22
서초구,우면동,서초네이처힐7단지,84.77,16,2011,95000,0,2026,5,6
서초구,양재동,우성,73.15,1,1991,5000,174,2026,5,16
서초구,서초동,서초현대,53.01,2,1999,59800,0,2026,5,22
서초구,방배동,벨루체팰리스,131.65,1,2007,30000,370,2026,5,16
서초구,반포동,반포자이,132.439,18,2009,106000,540,2026,5,16
서초구,내곡동,서초포레스타2단지,49.33,14,2015,2388,45,2026,5,21
서초구,반포동,브리앙뜨3차,189.7,6,2003,0,1000,2026,5,18
서초구,반포동,반포미도,84.96,14,1987,75000,0,2026,5,2
서초구,반포동,래미안퍼스티지,84.93,18,2009,175000,0,2026,5,21
서초구,방배동,방배우성,80.2,1,1991,50000,90,2026,5,21
서초구,방배동,삼호한숲,59.98,5,1998,67000,0,2026,5,9
서초구,잠원동,한신타워,59.4,7,1996,70300,0,2026,5,2
서초구,서초동,래미안서초에스티지,83.6,5,2016,150000,0,2026,5,21
서초구,잠원동,신반포19,107.93,9,1982,20000,255,2026,5,19
서초구,반포동,한신서래,64.53,12,1987,47500,40,2026,5,21
서초구,서초동,서초그랑자이,119.41,10,2021,199500,0,2026,5,20
서초구,방배동,서리풀e편한세상,148.56,6,2010,65000,450,2026,5,21
서초구,서초동,삼풍아파트,79.47,2,1988,79000,0,2026,5,15
서초구,잠원동,데뜨아르,84.94,4,2008,94500,0,2026,5,7
서초구,잠원동,반포르엘,84.9818,18,2022,165000,57,2026,5,21
서초구,잠원동,킴스빌리지,30.9,9,1996,40950,0,2026,5,21
서초구,서초동,CONEST,36.9698,11,2023,13200,60,2026,5,6
서초구,잠원동,반포르엘,121.6097,16,2022,100000,550,2026,5,11
서초구,방배동,태림,97.65,7,2004,78000,0,2026,5,21
서초구,방배동,세양아르비채101동,166.223,4,2006,30000,340,2026,5,21
서초구,우면동,코오롱,52.47,5,1994,5000,133,2026,5,21
서초구,반포동,래미안원베일리,59.96,1,2023,29500,57,2026,5,21
서초구,서초동,서초두산위브2,144.14,10,2005,179000,0,2026,5,9
서초구,서초동,래미안서초에스티지,83.6,5,2016,150000,0,2026,5,20
서초구,서초동,서초두산위브트레지움,130.3,3,2008,161000,0,2026,5,21
서초구,신원동,서초포레스타3단지,59.96,3,2014,44278,0,2026,5,20
서초구,서초동,서초1차e-편한세상,130.53,7,2004,132000,0,2026,5,19
서초구,우면동,서초네이처힐3단지,84.84,9,2013,52092,0,2026,5,20
서초구,양재동,선경에버빌,80.15,2,2002,20000,150,2026,5,16
서초구,방배동,방배자이,194.92,6,2003,175000,0,2026,5,16
서초구,우면동,호반써밋서초파크,51.89,10,2013,10000,230,2026,5,20
서초구,잠원동,반포센트럴자이,98.96,10,2020,185500,0,2026,5,20
서초구,서초동,CONEST,23.9228,20,2023,10100,39,2026,5,6
서초구,서초동,밀라텔쉐르빌,66.99,21,2001,73000,0,2026,5,20
서초구,우면동,서초네이처힐5단지,84.85,12,2011,52092,0,2026,5,20
서초구,서초동,롯데캐슬클래식,84.98,12,2006,10000,420,2026,5,6
서초구,신원동,서초포레스타3단지,114.81,1,2014,120000,0,2026,5,6
서초구,양재동,신영체르니,35.91,6,2002,30000,0,2026,5,19
서초구,반포동,아크로리버파크,59.98,12,2016,84000,0,2026,5,20
서초구,반포동,반포리체,84.972,13,2010,80000,280,2026,5,17
서초구,반포동,한신서래,64.53,4,1987,52000,0,2026,5,16
서초구,잠원동,반포센트럴자이,98.87,25,2020,205000,0,2026,5,14
서초구,신원동,서초포레스타5단지,59.96,8,2014,45146,0,2026,5,20
서초구,잠원동,강변,66.29,5,1987,68000,0,2026,5,19
서초구,반포동,반포미도,84.96,7,1987,75000,0,2026,5,5
서초구,반포동,래미안퍼스티지,169.31,14,2009,245000,160,2026,5,20
서초구,잠원동,아크로리버뷰신반포,84.82,13,2018,30000,680,2026,5,9
서초구,방배동,임광,84.78,10,1985,82000,0,2026,5,14
서초구,신원동,서초포레스타7단지,59.81,1,2013,80000,0,2026,5,15
서초구,잠원동,롯데캐슬갤럭시(50-1),109.56,5,2004,20000,540,2026,5,7
서초구,우면동,서초네이처힐5단지,49.9,12,2011,7115,11,2026,5,20
서초구,반포동,반포리체,59.993,18,2010,70000,250,2026,5,9
서초구,서초동,래미안서초스위트,84.9571,8,2009,125000,0,2026,5,16
서초구,서초동,서초동롯데캐슬리버티,125.79,2,2005,125000,0,2026,5,20
서초구,반포동,래미안원베일리,84.98,5,2023,100000,440,2026,5,11
서초구,서초동,서초푸르지오써밋,84.95,17,2017,20000,500,2026,5,19
서초구,반포동,아크로리버파크,129.97,29,2016,283500,0,2026,5,20
서초구,우면동,엘에이치서초3단지,59.88,1,2013,23511,0,2026,5,19
서초구,반포동,래미안퍼스티지,84.85,2,2009,105105,0,2026,5,19
서초구,서초동,CONEST,23.7728,15,2023,11600,54,2026,5,19
서초구,반포동,반포써밋,84.6849,2,2018,142800,0,2026,5,9
서초구,잠원동,신반포4,155,11,1979,65000,240,2026,5,1
서초구,서초동,진흥아파트,101.32,2,1979,61740,0,2026,5,18
서초구,신원동,서초포레스타6단지,49.34,7,2015,6624,43,2026,5,18
서초구,우면동,동고,84.96,6,1995,68000,0,2026,5,19
서초구,잠원동,미주파스텔,84.64,4,2002,90000,0,2026,5,8
서초구,방배동,방배2차현대홈타운,147.26,16,2001,100000,160,2026,5,9
서초구,우면동,서초네이처힐2단지,59.99,2,2012,77000,0,2026,5,13
서초구,반포동,한신서래,118.32,10,1987,85000,58,2026,5,18
서초구,서초동,삼풍아파트,165.92,13,1988,150000,0,2026,5,19
서초구,우면동,코오롱,52.47,6,1994,52000,0,2026,5,19
서초구,우면동,서초네이처힐6단지,59.99,10,2013,6204,36,2026,5,19
서초구,방배동,엘루크방배서리풀,48.16,12,2024,68000,0,2026,5,18
서초구,서초동,현대아파트,84.34,1,1989,80000,0,2026,5,12
서초구,서초동,래미안 리더스원,84.94,22,2020,175000,0,2026,5,19
서초구,서초동,서초센트럴IPARK,80.5098,19,2020,55100,200,2026,5,16
서초구,잠원동,잠원시티아파트,21.17,4,2017,100,130,2026,5,18
서초구,잠원동,신반포4,105.89,11,1979,85000,0,2026,5,16
서초구,반포동,래미안원베일리,116.97,18,2023,60000,1140,2026,5,19
서초구,서초동,진흥아파트,131.07,14,1979,85000,0,2026,5,18
서초구,반포동,래미안원펜타스,59.7832,16,2024,136500,0,2026,5,19
서초구,서초동,서신,32.76,3,1995,24257,0,2026,5,16
서초구,방배동,방배브라운가,84.94,6,2006,92000,0,2026,5,18
서초구,서초동,더샵서초,136.02,23,2006,125000,36,2026,5,9
서초구,잠원동,신반포19,80.25,5,1982,20000,240,2026,5,18
서초구,방배동,그랑씨엘2000,185.11,2,2000,131000,0,2026,5,9
서초구,서초동,삼풍아파트,130.73,14,1988,100000,65,2026,5,16
서초구,방배동,롯데캐슬아르떼,121.6356,12,2013,164000,0,2026,5,19
서초구,서초동,우성아파트,59.93,20,1998,84000,0,2026,5,16
서초구,반포동,아크로리버파크,112.93,8,2016,241000,0,2026,5,15
서초구,잠원동,한신,84.52,12,1992,112000,0,2026,5,18
서초구,서초동,두산위브(1362),78.63,10,2005,30000,210,2026,5,15
서초구,양재동,우성,73.15,7,1991,62500,0,2026,5,16
서초구,반포동,반포미도,84.96,9,1987,40000,160,2026,5,16
서초구,양재동,우성,84.88,4,1991,50000,95,2026,5,17
서초구,서초동,풍림아이원플러스,34.4237,13,2004,1000,120,2026,5,7
서초구,우면동,엘에이치서초3단지,46.96,2,2013,9397,17,2026,5,8
서초구,반포동,래미안퍼스티지,198.04,4,2009,360000,0,2026,5,13
서초구,서초동,DK밸리뷰시티,28.14,9,2019,10000,110,2026,5,17
서초구,반포동,래미안원베일리,133.91,27,2023,304500,0,2026,5,16
서초구,잠원동,메이플자이,84.8456,8,2025,190000,0,2026,5,16
서초구,반포동,반포써밋,49.8098,17,2018,25420,37,2026,5,18
서초구,반포동,반포미도,84.96,3,1987,72400,0,2026,5,14
서초구,서초동,래미안서초에스티지S,111.95,15,2018,50000,520,2026,5,6
서초구,방배동,방배아크로타워,59.37,3,2007,50000,30,2026,5,16
서초구,서초동,래미안서초에스티지,83.99,8,2016,80000,250,2026,5,16
서초구,서초동,서초지웰,84.74,10,2005,95000,0,2026,5,9
서초구,내곡동,서초포레스타2단지,59.09,14,2015,52500,0,2026,5,18
서초구,서초동,"마제스타시티(힐스테이트서리풀101,102동)",59.95,8,2017,105000,0,2026,5,2
서초구,반포동,라인,59.97,6,1995,47300,0,2026,5,9
서초구,반포동,래미안퍼스티지,84.93,17,2009,100000,290,2026,5,16
서초구,서초동,서초두산위브트레지움,84.62,14,2008,128000,0,2026,5,16
서초구,반포동,한신서래,45.72,5,1987,47408,0,2026,5,14
서초구,서초동,서초롯데캐슬프레지던트,84.97,9,2014,70000,175,2026,5,18
서초구,서초동,서초이오빌,50.77,24,2003,48000,0,2026,5,16
서초구,서초동,DK밸리뷰서초2차,28.78,5,2022,3000,200,2026,5,4
서초구,반포동,아크로리버파크,129.97,37,2016,120000,750,2026,5,16
서초구,우면동,서초힐스,74.97,18,2012,77000,0,2026,5,7
서초구,우면동,서초힐스,74.97,20,2012,50000,150,2026,5,17
서초구,방배동,방배그랑자이,54.9954,10,2021,90000,70,2026,5,16
서초구,방배동,방배3차현대홈타운,122.825,5,2004,140000,0,2026,5,16
서초구,서초동,롯데캐슬클래식,74.3,13,2006,100800,0,2026,5,16
서초구,잠원동,메이플자이,84.2537,28,2025,20000,800,2026,5,4
서초구,서초동,삼풍아파트,79.47,10,1988,115000,0,2026,5,16
서초구,우면동,엘에이치서초3단지,59.88,5,2013,23511,0,2026,5,15
서초구,서초동,래미안서초스위트,95.8079,2,2009,130000,0,2026,5,6
서초구,잠원동,신화,81.37,2,1997,95000,0,2026,5,16
서초구,서초동,삼풍아파트,79.47,2,1988,79000,0,2026,5,15
서초구,신원동,서초포레스타3단지,59.64,2,2014,52500,0,2026,5,18
서초구,잠원동,신반포청구,59.91,13,1998,55000,100,2026,5,4
서초구,서초동,래미안 리더스원,114.94,33,2020,178500,85,2026,5,14
서초구,반포동,한신서래,64.53,4,1987,30000,90,2026,5,16
서초구,반포동,반포미도2차아파트,71.49,1,1989,30000,160,2026,5,16
서초구,반포동,래미안원펜타스,59.794,9,2024,136500,0,2026,5,16
서초구,반포동,반포리체,84.967,15,2010,130000,150,2026,5,16
서초구,서초동,래미안 리더스원,114.94,12,2020,180000,220,2026,5,7
서초구,잠원동,훼미리,84.83,17,1992,100000,0,2026,5,16
서초구,반포동,래미안퍼스티지,84.93,19,2009,170000,0,2026,5,16
서초구,방배동,방배신삼호,105.04,7,1983,85000,0,2026,5,9
서초구,반포동,아크로리버파크,84.95,13,2016,240000,0,2026,5,12
서초구,잠원동,신반포2,79.42,4,1978,4000,195,2026,5,6
서초구,서초동,래미안서초스위트,95.7555,16,2009,140000,0,2026,5,16
서초구,신원동,서초포레스타3단지,114.81,19,2014,108000,0,2026,5,8
서초구,내곡동,서초더샵포레,84.81,3,2014,90000,0,2026,5,16
서초구,반포동,래미안원베일리,116.93,27,2023,340000,0,2026,5,16
서초구,잠원동,강변,84.53,15,1987,15000,250,2026,5,6
서초구,반포동,반포리체,59.994,2,2010,62800,0,2026,5,16
서초구,방배동,삼호1동~3동,116.13,10,1975,82000,0,2026,5,11
서초구,잠원동,신반포4,105.89,3,1979,82900,0,2026,5,15
서초구,잠원동,메이플자이,84.2537,8,2025,200000,0,2026,5,18
서초구,방배동,엘루크방배서리풀,32.383,13,2024,65000,0,2026,5,16
서초구,서초동,서초대우아이빌,35.307,7,2003,27300,0,2026,5,16
서초구,잠원동,래미안신반포리오센트,133.37,11,2019,220000,0,2026,5,9
서초구,방배동,방배아트자이,59.9938,6,2018,100000,0,2026,5,16
서초구,잠원동,신반포2,68.91,5,1978,40000,50,2026,5,16
서초구,방배동,방배마에스트로,35.37,14,2019,30000,120,2026,5,16
서초구,잠원동,반포르엘2차,54.9891,25,2022,130000,0,2026,5,18
서초구,반포동,래미안원베일리,84.98,31,2023,200000,0,2026,5,16
서초구,서초동,래미안서초에스티지S,84.8,5,2018,85000,225,2026,5,16
서초구,서초동,서초이오빌,45.96,14,2003,29400,0,2026,5,9
서초구,잠원동,한신로얄,81.23,6,1992,50000,180,2026,5,15
서초구,우면동,엘에이치서초3단지,59.88,5,2013,23511,0,2026,5,15
서초구,서초동,지웰홈스서초,14.1,17,2019,1000,87,2026,5,15
서초구,잠원동,신반포자이,84.97,5,2018,155400,0,2026,5,15
서초구,잠원동,대우아이빌,35.38,11,2001,42000,0,2026,5,13
서초구,방배동,엘루크방배서리풀,32.383,10,2024,64000,0,2026,5,15
서초구,잠원동,래미안신반포리오센트,59.92,19,2019,26226,37,2026,5,15
서초구,서초동,더샵서초,152.99,9,2006,170000,0,2026,5,15
서초구,반포동,디에이치반포라클라스,59.9928,25,2021,145000,0,2026,5,6
서초구,방배동,방배아크로리버,149.225,10,2004,138000,0,2026,5,12
서초구,반포동,반포자이,59.98,9,2009,73368,0,2026,5,15
서초구,서초동,우성아파트,76.67,19,1998,50000,0,2026,5,14
서초구,반포동,반포리체,84.967,5,2010,80000,350,2026,5,6
서초구,방배동,예림,62.82,5,2003,55000,0,2026,5,15
서초구,서초동,서초한신리빙타워,47.87,6,1999,45000,0,2026,5,14
서초구,방배동,방배 서리풀 그랑블,84.9969,6,2019,110000,0,2026,5,15
서초구,서초동,래미안 리더스원,84.93,10,2020,170000,0,2026,5,15
서초구,서초동,서초한빛삼성,59.52,5,1999,90000,0,2026,5,15
서초구,서초동,지에스타워,26.43,7,2022,33700,28,2026,5,15
서초구,신원동,힐스테이트서초젠트리스,84.95,3,2014,100000,0,2026,5,7
서초구,내곡동,서초더샵포레,114.62,14,2014,15000,296,2026,5,12
서초구,방배동,임광,136.38,1,1985,90000,0,2026,5,15
서초구,서초동,서초현대,114.84,13,1999,105000,0,2026,5,15
서초구,서초동,서초한신,95.88,13,2001,120000,0,2026,5,14
서초구,서초동,대림서초리시온,49.92,4,2003,38850,0,2026,5,13
서초구,반포동,래미안원펜타스,59.7832,9,2024,138000,26,2026,5,15
서초구,반포동,아크로리버파크,59.97,13,2016,85083,0,2026,5,15
서초구,반포동,현대동궁아파트,81.9,9,1991,70000,0,2026,5,15
서초구,신원동,서초포레스타3단지,59.96,11,2014,44278,0,2026,5,14
서초구,우면동,서초네이처힐1단지,49.87,1,2012,41384,0,2026,5,14
서초구,잠원동,래미안신반포팰리스,84.49,5,2016,158000,0,2026,5,15
서초구,양재동,양재리본타워,84.97,21,2014,48371,0,2026,5,15
서초구,서초동,서초래미안,111.32,3,2003,106000,120,2026,5,9
서초구,양재동,양재리본타워2단지,59.77,25,2014,39789,0,2026,5,14
서초구,잠원동,래미안신반포리오센트,59.92,5,2019,11360,113,2026,5,14
서초구,반포동,라인,59.97,8,1995,57750,0,2026,5,8
서초구,내곡동,서초포레스타2단지,49.33,1,2015,9363,17,2026,5,14
서초구,방배동,롯데캐슬아르떼,84.9145,5,2013,130000,0,2026,5,8
서초구,내곡동,서초포레스타2단지,49.33,8,2015,5617,37,2026,5,14
서초구,서초동,현대슈퍼빌,164.87,14,2003,155000,0,2026,5,14
서초구,서초동,서초에버빌,128.33,5,2003,85000,0,2026,5,14
서초구,방배동,방배힐1차,180.48,5,2000,0,1120,2026,5,11
서초구,서초동,서초교대e편한세상,59.9,3,2010,37702,0,2026,5,14
서초구,잠원동,반포센트럴자이,84.98,3,2020,25000,570,2026,5,8
서초구,잠원동,반포센트럴자이,98.99,5,2020,190000,70,2026,5,6
서초구,반포동,반포미도,84.96,10,1987,100000,0,2026,5,9
서초구,양재동,신영체르니,39.1,3,2002,40000,0,2026,5,9
서초구,잠원동,래미안신반포팰리스,84.49,20,2016,70000,310,2026,5,6
서초구,방배동,방배래미안타워,102.93,13,2005,90000,33,2026,5,5
서초구,내곡동,서초포레스타2단지,49.33,1,2015,3309,43,2026,5,13
서초구,잠원동,반포르엘,84.3465,3,2022,30000,590,2026,5,9
서초구,잠원동,반포센트럴자이,84.95,22,2020,100000,320,2026,5,1
서초구,서초동,래미안서초에스티지S,84.96,6,2018,130000,120,2026,5,14
서초구,서초동,서초꽃마을주얼리,16.63,5,2021,6000,46,2026,5,13
서초구,서초동,진흥아파트,131.07,12,1979,80000,0,2026,5,14
서초구,잠원동,래미안신반포리오센트,59.95,5,2019,26226,37,2026,5,13
서초구,우면동,서초네이처힐1단지,114.71,2,2012,107100,0,2026,5,13
서초구,우면동,서초호반써밋,101.0109,6,2013,83000,10,2026,5,14
서초구,잠원동,아크로리버뷰신반포,78.5,21,2018,152250,158,2026,5,14
서초구,서초동,서초교대e편한세상,59.9,2,2010,37702,0,2026,5,13
서초구,서초동,서초프라임헤센아파트,73.1369,6,2021,50000,185,2026,5,14
서초구,방배동,방배브라운가,84.94,7,2006,94000,0,2026,5,11
서초구,잠원동,반포센트럴자이,84.98,11,2020,190000,0,2026,5,13
서초구,반포동,반포자이,59.98,6,2009,137000,0,2026,5,9
서초구,방배동,방배그랑자이,74.9939,6,2021,130000,0,2026,5,6
서초구,서초동,밀라텔쉐르빌,50.28,7,2001,2000,210,2026,5,12
서초구,방배동,한신트리플,43.93,9,2004,3000,120,2026,5,7
서초구,방배동,삼호1동~3동,116.13,10,1975,70000,0,2026,5,5
서초구,양재동,양재리본타워2단지,84.97,12,2014,48371,0,2026,5,13
서초구,서초동,서초2차e-편한세상,116.745,10,2005,130000,0,2026,5,13
서초구,신원동,서초포레스타6단지,54.97,7,2015,41239,0,2026,5,11
서초구,양재동,양재리본타워,59.77,24,2014,37800,0,2026,5,13
서초구,양재동,양재리본타워2단지,114.78,4,2014,64837,0,2026,5,13
서초구,반포동,래미안원베일리,133.91,26,2023,420000,0,2026,5,12
서초구,서초동,서초금호어울림,124.35,8,2001,110500,0,2026,5,10
서초구,반포동,반포래미안아이파크,99.92,28,2018,40000,560,2026,5,13
서초구,방배동,방배신삼호,105.04,13,1983,65000,80,2026,5,11
서초구,서초동,삼성서초가든스위트,244.02,18,2000,50000,840,2026,5,12
서초구,방배동,방배아트자이,84.9152,2,2018,120750,0,2026,5,8
서초구,반포동,아크로리버파크,59.98,1,2016,84000,0,2026,5,13
서초구,우면동,서초네이처힐5단지,114.95,3,2011,64082,0,2026,5,13
서초구,우면동,엘에이치서초3단지,46.76,8,2013,6996,55,2026,5,13
서초구,잠원동,래미안신반포팰리스,84.49,27,2016,135000,150,2026,5,13
서초구,신원동,서초포레스타5단지,59.96,4,2014,52500,0,2026,5,13
서초구,신원동,서초포레스타5단지,59.96,6,2014,52500,0,2026,5,13
서초구,잠원동,한신타워,84.93,8,1996,110000,80,2026,5,12
서초구,잠원동,반포센트럴자이,59.98,15,2020,20000,550,2026,5,13
서초구,반포동,래미안원베일리,101.99,16,2023,220000,0,2026,5,12
서초구,우면동,서초네이처힐3단지,84.84,13,2013,30000,280,2026,5,12
서초구,우면동,서초네이처힐3단지,49.91,10,2013,1918,38,2026,5,12
서초구,방배동,방배1차현대홈타운,84.96,19,1999,110000,0,2026,5,1
서초구,우면동,서초호반써밋,101.0482,6,2013,90000,60,2026,5,11
서초구,내곡동,서초포레스타2단지,49.33,8,2015,9363,17,2026,5,13
서초구,서초동,대성유니드,122.111,7,2004,117600,0,2026,5,4
서초구,우면동,엘에이치서초3단지,51.32,6,2013,20634,0,2026,5,8
서초구,내곡동,서초더샵포레,84.41,15,2014,52526,0,2026,5,13
서초구,신원동,서초포레스타3단지,84.39,11,2014,88200,0,2026,5,13
서초구,양재동,우성,73.15,3,1991,67000,0,2026,5,7
서초구,내곡동,서초더샵포레,84.36,1,2014,52526,0,2026,5,12
서초구,반포동,반포자이,84.943,13,2009,130000,160,2026,5,12
서초구,서초동,대성유니드,84.991,4,2004,84000,0,2026,5,12
서초구,반포동,래미안원베일리,59.96,19,2023,170000,0,2026,5,7
서초구,신원동,서초포레스타3단지,59.96,3,2014,30000,150,2026,5,12
서초구,서초동,서초벽산블루밍,120.27,8,2006,52500,158,2026,5,12
서초구,잠원동,신반포2,150.58,7,1978,25000,70,2026,5,8
서초구,방배동,롯데캐슬아르떼,84.974,7,2013,113000,0,2026,5,12
서초구,서초동,삼환바우스,84.74,12,2006,40000,240,2026,5,12
서초구,서초동,브라운스톤서초(1677-1),80.09,15,2006,30000,180,2026,5,12
서초구,서초동,대림서초리시온,49.92,6,2003,43000,0,2026,5,12
서초구,잠원동,킴스빌리지,30.18,7,1996,37800,0,2026,5,12
서초구,반포동,한신서래,64.53,3,1987,44100,70,2026,5,12
서초구,반포동,반포자이,59.971,14,2009,73368,0,2026,5,12
서초구,서초동,삼풍아파트,79.47,5,1988,88500,0,2026,5,9
서초구,서초동,서초래미안,84.97,16,2003,20000,329,2026,5,7
서초구,신원동,서초포레스타6단지,49.51,1,2015,6992,41,2026,5,11
서초구,잠원동,메이플자이,135.5113,16,2025,260000,200,2026,5,7
서초구,우면동,서초네이처힐3단지,84.61,4,2013,61620,0,2026,5,12
서초구,서초동,삼성서초가든스위트,176.24,17,2000,50000,500,2026,5,12
서초구,서초동,서초한빛삼성,99.09,3,1999,105000,0,2026,5,5
서초구,서초동,래미안서초에스티지S,84.8,2,2018,140000,0,2026,5,12
서초구,우면동,엘에이치서초3단지,51.32,19,2013,20634,0,2026,5,12
서초구,방배동,래미안방배아트힐(1008-2),127.31,4,2004,20000,284,2026,5,1
서초구,방배동,롯데캐슬아르떼,59.9742,13,2013,56723,0,2026,5,11
서초구,서초동,유원서초,84.82,13,1993,110000,0,2026,5,11
서초구,반포동,아크로리버파크,59.98,7,2016,84000,0,2026,5,12
서초구,반포동,래미안원베일리,84.99,5,2023,115000,420,2026,5,12
서초구,신원동,서초포레스타3단지,59.96,13,2014,44278,0,2026,5,11
서초구,반포동,반포자이,59.98,5,2009,73368,0,2026,5,11
서초구,방배동,삼호1동~3동,81.39,11,1975,35000,110,2026,5,11
서초구,서초동,SUITEHILL,20.466,4,2012,17500,0,2026,5,8
서초구,서초동,롯데캐슬클래식,120.18,11,2006,75000,300,2026,5,11
서초구,잠원동,반포센트럴자이,98.99,10,2020,200000,0,2026,5,11
서초구,우면동,서초네이처힐5단지,49.9,9,2011,7635,13,2026,5,11
서초구,잠원동,신반포7,140.04,10,1980,115500,0,2026,5,11
서초구,잠원동,신반포25,84.49,6,1984,80000,0,2026,5,8
서초구,반포동,일신반포빌라트,201.42,4,1995,160000,0,2026,5,11
서초구,방배동,방배아트자이,84.9152,7,2018,70000,115,2026,5,11
서초구,서초동,삼풍아파트,79.47,4,1988,84000,0,2026,5,9
서초구,우면동,코오롱,52.47,3,1994,56000,0,2026,5,9
서초구,서초동,에피소드강남262,23,18,2021,3000,261,2026,5,6
서초구,방배동,쌍용예가클래식,155.4471,9,2006,135000,0,2026,5,11
서초구,우면동,서초네이처힐6단지,39.79,3,2013,8092,2,2026,5,11
서초구,양재동,동원그린,81.99,5,2002,70000,0,2026,5,11
서초구,잠원동,메이플자이,84.8456,15,2025,190000,0,2026,5,9
서초구,양재동,우성,84.58,1,1991,78500,0,2026,5,9
서초구,잠원동,신반포2,68.91,5,1978,56000,0,2026,5,6
서초구,우면동,서초힐스,84.95,4,2012,10000,340,2026,5,9
서초구,신원동,서초포레스타6단지,49.51,7,2015,11031,18,2026,5,11
서초구,방배동,임광,84.78,4,1985,85000,0,2026,5,9
서초구,서초동,현대아파트,74.13,3,1989,54000,0,2026,5,8
서초구,잠원동,반포센트럴자이,84.98,7,2020,190000,0,2026,5,8
서초구,잠원동,래미안신반포팰리스,84.49,9,2016,155000,0,2026,5,2
서초구,잠원동,현대,84.87,14,1993,30000,70,2026,5,10
서초구,신원동,서초포레스타5단지,59.96,3,2014,45146,0,2026,5,10
서초구,신원동,서초포레스타6단지,59.93,3,2015,60000,120,2026,5,9
서초구,잠원동,반포르엘2차,54.9891,23,2022,28490,40,2026,5,11
서초구,신원동,서초포레스타3단지,59.96,9,2014,35000,145,2026,5,9
서초구,신원동,서초포레스타3단지,59.96,9,2014,52500,0,2026,5,11
서초구,서초동,헤센파크힐,18.34,3,2018,34300,0,2026,5,6
서초구,서초동,서초트라팰리스,81.76,18,2005,105000,0,2026,5,4
서초구,우면동,서초힐스,84.97,3,2012,78500,0,2026,5,9
서초구,잠원동,래미안신반포팰리스,84.46,2,2016,131250,0,2026,5,9
서초구,반포동,래미안퍼스티지,59.89,25,2009,70336,0,2026,5,8
서초구,반포동,반포미도,84.96,5,1987,50000,150,2026,5,6
서초구,서초동,진흥아파트,101.32,6,1979,5000,230,2026,5,9
서초구,잠원동,금호베스트빌,140.36,10,2002,148000,0,2026,5,5
서초구,우면동,호반써밋서초파크뷰,84.95,5,2013,87000,0,2026,5,8
서초구,방배동,방배우성,84.99,4,1991,52500,95,2026,5,9
서초구,서초동,래미안 리더스원,59.97,17,2020,131200,0,2026,5,9
서초구,서초동,래미안 리더스원,114.94,8,2020,189000,0,2026,5,9
서초구,반포동,래미안원베일리,84.98,15,2023,20000,695,2026,5,9
서초구,잠원동,신반포2,68.91,8,1978,35000,70,2026,5,9
서초구,잠원동,신반포르엘,49.98,7,2023,85000,50,2026,5,9
서초구,방배동,SK리더스뷰(파스텔시티),84.8,18,2006,110000,0,2026,5,8
서초구,반포동,래미안원베일리,59.96,12,2023,140000,0,2026,5,9
서초구,서초동,서초트라팰리스,107.69,3,2005,60000,220,2026,5,5
서초구,우면동,서초네이처힐2단지,84.82,3,2012,53550,0,2026,5,11
서초구,우면동,한라,59.98,6,1994,20000,83,2026,5,8
서초구,서초동,서초동삼성쉐르빌2,35.22,10,2002,1500,120,2026,5,6
서초구,방배동,삼호1동~3동,81.39,3,1975,10000,200,2026,5,7
서초구,서초동,서초한신리빙타워,84.86,11,1999,50000,200,2026,5,6
서초구,잠원동,반포센트럴자이,98.96,12,2020,203000,0,2026,5,8
서초구,잠원동,반포센트럴자이,114.78,19,2020,218500,0,2026,5,8
서초구,방배동,현대멤피스,159.47,14,2001,60000,160,2026,5,7
서초구,서초동,래미안서초에스티지S,59.36,2,2018,20560,79,2026,5,7
서초구,우면동,호반써밋서초파크뷰,59.99,3,2013,70000,0,2026,5,7
서초구,잠원동,래미안신반포리오센트,108.37,13,2019,20000,650,2026,5,7
서초구,우면동,코오롱,52.47,5,1994,40000,15,2026,5,7
서초구,양재동,우성,84.88,6,1991,75000,0,2026,5,6
서초구,반포동,반포리체,59.993,20,2010,30000,400,2026,5,4
서초구,잠원동,반포센트럴자이,114.96,11,2020,250000,0,2026,5,7
서초구,반포동,래미안퍼스티지,59.89,20,2009,84000,0,2026,5,7
서초구,서초동,서초동대우디오빌프라임,84.97,14,2005,85000,0,2026,5,7
서초구,서초동,서초동프레스티지아파트,82.21,5,2017,75000,20,2026,5,7
서초구,서초동,서초교대e편한세상,59.9,12,2010,37702,0,2026,5,7
서초구,잠원동,신반포자이,59.35,10,2018,21920,84,2026,5,6
서초구,반포동,래미안원베일리,59.96,2,2023,32020,44,2026,5,6
서초구,잠원동,래미안신반포팰리스,133.01,14,2016,130000,400,2026,5,6
서초구,서초동,서초동삼성쉐르빌2,52.83,6,2002,2000,150,2026,5,1
서초구,반포동,래미안원베일리,84.95,2,2023,210000,0,2026,5,6
서초구,방배동,삼호1동~3동,81.39,12,1975,35000,80,2026,5,6
서초구,잠원동,신반포자이,59.86,18,2018,21920,84,2026,5,6
서초구,잠원동,신반포자이,59.35,17,2018,21920,84,2026,5,6
서초구,잠원동,신반포자이,59.93,22,2018,21920,84,2026,5,6
서초구,반포동,반포리체,84.967,2,2010,160000,0,2026,5,4
서초구,서초동,DK밸리뷰시티,16.25,10,2019,23800,9,2026,5,6
서초구,서초동,래미안 리더스원,84.94,15,2020,175000,0,2026,5,6
서초구,서초동,CONEST,30.9661,13,2023,12300,47,2026,5,6
서초구,양재동,신영체르니,39.1,5,2002,2000,140,2026,5,3
서초구,서초동,서초대우아이빌,35.307,11,2003,1000,115,2026,5,1
서초구,서초동,서초그랑자이,59.98,22,2021,22000,84,2026,5,6
서초구,서초동,서초그랑자이,59.99,22,2021,22000,84,2026,5,6
서초구,서초동,서초그랑자이,59.98,31,2021,22000,84,2026,5,6
서초구,서초동,서초현대,84.78,13,1999,93400,0,2026,5,1
서초구,잠원동,신반포자이,59.93,10,2018,21920,84,2026,5,6
서초구,서초동,J타워,40.32,6,2019,1000,200,2026,5,4
서초구,반포동,반포써밋,49.8098,8,2018,25420,37,2026,5,5
서초구,방배동,신원아침도시,132.731,2,2004,108000,0,2026,5,2
서초구,잠원동,신반포자이,59.35,8,2018,21920,84,2026,5,6
서초구,우면동,한라,59.98,4,1994,10000,110,2026,5,1
서초구,반포동,반포래미안아이파크,84.93,7,2018,100000,330,2026,5,2
서초구,잠원동,아크로리버뷰신반포,84.79,9,2018,190000,0,2026,5,4
서초구,양재동,갤럭시타운,47.7,4,2001,30400,0,2026,5,2
서초구,서초동,서초프라임헤센아파트,73.1369,7,2021,26000,250,2026,5,1
서초구,반포동,래미안원베일리,59.96,9,2023,32020,44,2026,5,4
서초구,우면동,서초네이처힐1단지,114.71,3,2012,64082,0,2026,5,4
서초구,서초동,진흥아파트,101.32,2,1979,65000,0,2026,5,4
서초구,서초동,현대슈퍼빌,164.87,19,2003,110000,240,2026,5,1
서초구,서초동,서초푸르지오써밋,84.95,11,2017,20000,510,2026,5,4
서초구,서초동,삼풍아파트,79.47,3,1988,60000,170,2026,5,4
서초구,반포동,산호아파트,64.23,3,2001,48000,0,2026,5,4
서초구,반포동,래미안원베일리,59.96,3,2023,50000,440,2026,5,1
서초구,방배동,삼성래미안1,84.91,10,2003,88000,0,2026,5,2
서초구,반포동,한신서래,64.53,11,1987,65000,0,2026,5,4
서초구,방배동,삼성래미안1,84.91,3,2003,79800,0,2026,5,4
서초구,우면동,서초네이처힐3단지,49.9,5,2013,7752,15,2026,5,4
서초구,서초동,서초래미안,111.32,22,2003,113000,190,2026,5,1
서초구,서초동,진흥아파트,101.32,14,1979,35000,120,2026,5,1
서초구,신원동,서초포레스타5단지,59.96,8,2014,52500,0,2026,5,4
서초구,방배동,방배우성,80.2,2,1991,30000,160,2026,5,2
서초구,서초동,롯데캐슬클래식,84.98,14,2006,110000,50,2026,5,4
서초구,서초동,서초그랑자이,59.98,2,2021,11440,112,2026,5,4
서초구,서초동,더샵서초,152.95,7,2006,135000,0,2026,5,2
서초구,서초동,서초동삼성쉐르빌2,70.49,3,2002,64900,0,2026,5,1
서초구,서초동,지에스타워,12.99,6,2022,18000,0,2026,5,2
서초구,서초동,대림서초리시온,36.48,10,2003,2000,140,2026,5,2
서초구,서초동,동원베네스트아파트,84.9,11,2002,88000,0,2026,5,1
서초구,잠원동,반포르엘,84.1127,33,2022,173000,0,2026,5,1
서초구,신원동,서초포레스타7단지,49.39,3,2013,43953,0,2026,5,2
서초구,반포동,래미안원펜타스,107.6378,8,2024,110000,600,2026,5,2
서초구,반포동,래미안퍼스티지,84.93,18,2009,173000,0,2026,5,4
서초구,서초동,강남태영데시앙루브,84.43,12,2005,5000,350,2026,5,1
서초구,반포동,래미안원펜타스,107.6378,9,2024,250000,0,2026,5,1
서초구,반포동,래미안원베일리,84.98,3,2023,175000,0,2026,5,2
강남구,삼성동,삼성동센트럴아이파크,84.99,11,2018,170000,0,2026,5,12
강남구,개포동,삼익대청아파트,60,2,1992,67200,0,2026,5,30
강남구,도곡동,삼익,104.01,2,1983,58000,0,2026,5,11
강남구,대치동,대치르엘,84.7735,9,2021,10000,360,2026,5,16
강남구,개포동,디에이치아너힐즈,59.7479,16,2019,110200,0,2026,5,23
강남구,압구정동,"현대5차(71,72동)",82.23,2,1977,90000,0,2026,5,14
강남구,대치동,은마,76.79,9,1979,66000,30,2026,5,26
강남구,일원동,상록수,84.95,2,1993,84000,0,2026,5,26
강남구,삼성동,석탑아파트101동,84.6,15,1996,50000,210,2026,5,24
강남구,자곡동,강남브리즈힐,84.29,2,2014,20200,230,2026,5,15
강남구,도곡동,럭키(963),124.1,1,1995,20000,360,2026,5,12
강남구,개포동,개포래미안포레스트,84.86,5,2020,133000,0,2026,5,9
강남구,도곡동,도곡렉슬,120.8233,1,2006,131250,126,2026,5,16
강남구,대치동,한보미도맨션1,84.48,12,1983,99750,0,2026,5,12
강남구,대치동,은마,84.43,9,1979,78000,0,2026,5,16
강남구,수서동,신동아,49.96,11,1992,46200,0,2026,5,9
강남구,수서동,신동아,39.51,10,1992,30000,70,2026,5,5
강남구,논현동,동현아파트1~6,84.92,14,1985,72000,0,2026,5,14
강남구,신사동,래미안신사,84.89,10,2008,130000,0,2026,5,21
강남구,대치동,대우아이빌명문가(891-23),52.84,10,2004,45000,0,2026,5,12
강남구,압구정동,"현대6차(78~81,83,84,86,87동)",157.36,4,1978,126000,0,2026,5,27
강남구,논현동,요진보네르,129.24,1,2003,57000,130,2026,5,13
강남구,삼성동,삼성동힐스테이트 1단지,84.236,9,2008,10000,450,2026,5,18
강남구,삼성동,현대힐스테이트2단지,84.236,6,2008,50000,180,2026,5,29
강남구,청담동,청담자이,49.619,31,2011,50000,250,2026,5,18
강남구,개포동,개포우성3차,161,7,1984,105000,0,2026,5,7
강남구,수서동,까치마을,39.6,12,1993,36750,0,2026,5,12
강남구,논현동,학동역이안테라디움,25.335,13,2022,2000,173,2026,5,21
강남구,개포동,경남1,96.98,2,1984,70000,95,2026,5,23
강남구,대치동,은마,76.79,8,1979,10000,250,2026,5,15
강남구,삼성동,현대힐스테이트2단지,84.236,7,2008,125000,0,2026,5,30
강남구,도곡동,한신엠비씨,84.74,5,1988,87000,50,2026,5,23
강남구,논현동,리스트강남,42.18,13,2022,17140,78,2026,5,11
강남구,논현동,신동아(22),84.52,12,1997,5000,370,2026,5,18
강남구,대치동,대우아이빌명문가(891-23),34.2,9,2004,1000,100,2026,5,28
강남구,일원동,상록스타힐스,39.876,10,2022,43798,0,2026,5,18
강남구,대치동,은마,84.43,11,1979,96000,0,2026,5,30
강남구,도곡동,현대아이리스1,135.03,1,2004,74700,90,2026,5,15
강남구,도곡동,도곡렉슬,84.9984,7,2006,60000,350,2026,5,4
강남구,대치동,은마,84.43,14,1979,78750,0,2026,5,21
강남구,삼성동,삼성동센트럴아이파크,84.99,11,2018,170000,0,2026,5,12
강남구,세곡동,강남신동아파밀리에2단지,84.97,9,2011,20000,260,2026,5,7
강남구,논현동,논현프라임아파트,122.44,3,2006,60000,140,2026,5,2
강남구,역삼동,역삼푸르지오,84.9097,8,2006,131000,0,2026,5,16
강남구,대치동,은마,76.79,9,1979,66000,30,2026,5,26
강남구,세곡동,세곡리엔파크(3단지),84.96,7,2011,60000,90,2026,5,30
강남구,개포동,경남1,123.28,10,1984,100000,90,2026,5,16
강남구,도곡동,도곡렉슬,114.9931,13,2006,80000,304,2026,5,13
강남구,논현동,마일스디오빌,36.29,6,2004,3000,130,2026,5,16
강남구,도곡동,타워팰리스1,301.47,59,2002,300000,1000,2026,5,4
강남구,논현동,"청학아파트에이동,비동,씨동",85.12,4,1976,50000,0,2026,5,12
강남구,청담동,래미안청담로이뷰,110.2,9,1992,160000,0,2026,5,14
강남구,삼성동,삼성동드림하우스,123.54,7,2003,95000,0,2026,5,14
강남구,청담동,래미안청담로이뷰,110.2,12,1992,165000,0,2026,5,27
강남구,대치동,은마,76.79,1,1979,84000,0,2026,5,30
강남구,일원동,상록수,84.95,4,1993,80000,0,2026,5,16
강남구,청담동,청담린든그로브,176.8495,4,2017,290000,0,2026,5,8
강남구,대치동,한보미도맨션1,128.01,10,1983,138000,0,2026,5,4
강남구,역삼동,역삼우정에쉐르2,43.17,10,2004,3000,165,2026,5,11
강남구,논현동,마일스디오빌,36.29,11,2004,2000,160,2026,5,20
강남구,삼성동,삼성동한솔아파트,109.51,11,1998,105000,0,2026,5,22
강남구,개포동,개포주공6단지,83.21,1,1983,70000,0,2026,5,8
강남구,신사동,신사동씨티빌,63.486,1,2002,5000,240,2026,5,26
강남구,수서동,까치마을,39.6,8,1993,50000,0,2026,5,1
강남구,삼성동,로프트원,45.66,3,2002,2000,150,2026,5,28
강남구,삼성동,삼성동센트럴아이파크,142.93,6,2018,240000,160,2026,5,18
강남구,도곡동,도곡1차아이파크,130.259,10,2007,150000,0,2026,5,30
강남구,압구정동,신현대9차,152.39,3,1982,150000,0,2026,5,19
강남구,도곡동,도곡렉슬,134.9023,2,2006,210000,0,2026,5,20
강남구,논현동,신동아(22),35.73,6,1997,43000,0,2026,5,12
강남구,일원동,한솔마을,84.73,5,1994,50000,135,2026,5,21
강남구,개포동,래미안블레스티지,84.943,6,2019,131000,0,2026,5,31
강남구,논현동,학동역이안테라디움,25.414,11,2022,2000,192,2026,5,7
강남구,수서동,까치마을,34.44,8,1993,2000,126,2026,5,22
강남구,도곡동,타워팰리스3,124.641,48,2004,60000,600,2026,5,6
강남구,압구정동,"현대2차(10,11,20,23,24,25동)",160.28,5,1976,160000,0,2026,5,15
강남구,대치동,개포우성1,127.61,14,1983,165000,0,2026,5,15
강남구,개포동,개포6차우성아파트1동~8동,67.28,3,1987,10000,180,2026,5,17
강남구,삼성동,대우멤버스카운티201,145.73,1,2004,20000,400,2026,5,4
강남구,역삼동,역삼I'PARK,28.246,15,2006,44500,0,2026,5,27
강남구,압구정동,"현대2차(10,11,20,23,24,25동)",161.19,12,1976,160000,0,2026,5,28
강남구,논현동,동현아파트1~6,84.92,11,1985,5000,410,2026,5,25
강남구,삼성동,래미안라클래시,71.95,35,2021,148625,0,2026,5,8
강남구,개포동,개포6차우성아파트1동~8동,54.98,3,1987,30000,0,2026,5,13
강남구,압구정동,"현대14차(203,204,205,206동)",84.98,1,1987,10000,350,2026,5,31
강남구,삼성동,삼성동센트럴아이파크,59.96,24,2018,65000,274,2026,5,23
강남구,대치동,래미안대치하이스턴,110.39,2,1989,130000,80,2026,5,9
강남구,역삼동,역삼푸르지오,59.8848,19,2006,10000,350,2026,5,20
강남구,역삼동,진넥스빌2,29.44,11,2003,1000,110,2026,5,23
강남구,대치동,동양,97.34,2,1999,60000,116,2026,5,23
강남구,대치동,선릉역풍림아이원레몬,76.73,10,2006,3000,300,2026,5,9
강남구,개포동,래미안블레스티지,84.94,15,2019,60000,325,2026,5,15
강남구,도곡동,한신엠비씨,84.74,11,1988,82000,40,2026,5,16
강남구,논현동,선정릉역모아엘가퍼스트홈,14.16,12,2023,7217,36,2026,5,27
강남구,개포동,디에이치아너힐즈,59.8072,12,2019,127000,0,2026,5,23
강남구,개포동,래미안블레스티지,99.967,13,2019,170000,0,2026,5,30
강남구,대치동,래미안대치하이스턴,110.39,12,1989,170000,0,2026,5,23
강남구,역삼동,원에디션강남,46.7893,4,2024,75000,40,2026,5,11
강남구,역삼동,래미안그레이튼(진달래2차),84.81,2,2010,123800,0,2026,5,30
강남구,삼성동,로프트원,54.98,6,2002,2000,150,2026,5,4
강남구,일원동,디에이치자이개포,84.94,9,2021,152250,0,2026,5,30
강남구,개포동,성원대치2단지아파트,33.18,12,1992,33600,0,2026,5,27
강남구,논현동,동부센트레빌,84.9875,9,2003,10000,380,2026,5,29
강남구,대치동,대치아이파크,119.58,4,2008,155000,260,2026,5,14
강남구,논현동,리스트강남,14.19,3,2022,8121,39,2026,5,29
강남구,도곡동,타워팰리스1,84.16,26,2002,175000,0,2026,5,29
강남구,도곡동,타워팰리스2,115.63,26,2003,180000,0,2026,5,12
강남구,개포동,개포주공7단지,73.26,13,1983,20000,80,2026,5,30
강남구,수서동,까치마을,49.5,6,1993,60000,0,2026,5,29
강남구,대치동,은마,76.79,6,1979,20000,225,2026,5,30
강남구,개포동,리치타운,78.42,4,2004,20000,180,2026,5,4
강남구,논현동,논현아이파크,47.46,13,2020,78000,0,2026,5,30
강남구,개포동,래미안블레스티지,84.94,3,2019,80000,200,2026,5,1
강남구,삼성동,대우멤버스카운티(101동),152.45,2,2004,50000,380,2026,5,29
강남구,논현동,신동아(22),84.52,13,1997,83000,0,2026,5,19
강남구,수서동,신동아,33.18,2,1992,45000,0,2026,5,22
강남구,논현동,한화꿈에그린2차,117.335,4,2006,120000,0,2026,5,28
강남구,세곡동,강남엘에이치1단지,74.74,4,2013,73500,0,2026,5,29
강남구,일원동,상록수,74.54,5,1993,80000,0,2026,5,30
강남구,도곡동,럭키(963),84.97,4,1995,94000,0,2026,5,30
강남구,청담동,루시아청담546더리버,136.95,15,2025,400000,0,2026,5,26
강남구,청담동,삼성청담공원아파트,59.93,15,1999,10000,260,2026,5,26
강남구,도곡동,SK허브프리모,67.57,10,2006,4000,250,2026,5,26
강남구,개포동,현대2,131.83,1,1986,102000,0,2026,5,7
강남구,삼성동,LG선릉에클라트(B),36.47,10,2004,2000,110,2026,5,28
강남구,개포동,현대2,131.83,6,1986,60000,200,2026,5,14
강남구,압구정동,한양1차(영동한양),63.87,6,1977,5000,270,2026,5,30
강남구,역삼동,역삼동우정에쉐르1,71.78,13,2004,20000,166,2026,5,20
강남구,삼성동,래미안라클래시,101.98,21,2021,100000,540,2026,5,26
강남구,개포동,개포래미안포레스트,102.32,12,2020,100000,280,2026,5,26
강남구,세곡동,강남신동아파밀리에1단지,49.74,10,2011,4792,35,2026,5,29
강남구,신사동,로데오현대,84.96,2,1998,30000,250,2026,5,28
강남구,역삼동,강남서해그랑블,80.2,6,2012,75000,0,2026,5,20
강남구,도곡동,도곡렉슬,59.9772,11,2006,70000,95,2026,5,9
강남구,청담동,한신오페라하우스,84.89,8,2003,108000,0,2026,5,6
강남구,압구정동,미성2차,74.4,1,1987,90000,0,2026,5,22
강남구,압구정동,신현대12차,110.82,8,1982,92400,0,2026,5,30
강남구,압구정동,한양1차(영동한양),78.05,5,1977,78500,0,2026,5,28
강남구,청담동,씨티3차,149.77,3,1996,80000,280,2026,5,26
강남구,신사동,래미안신사,84.89,10,2008,130000,0,2026,5,21
강남구,논현동,논현동한화꿈에그린,67.671,3,2005,10000,280,2026,5,23
강남구,도곡동,한라비발디,84.8861,4,2016,73000,150,2026,5,30
강남구,도곡동,래미안도곡카운티,84.67,1,2016,90000,240,2026,5,29
강남구,개포동,현대1차101동~106동,177.19,3,1984,130000,0,2026,5,20
강남구,삼성동,LG선릉에클라트(A),36.16,5,2003,10000,90,2026,5,28
강남구,개포동,현대2,84.81,9,1986,85000,0,2026,5,14
강남구,역삼동,동부센트레빌,59.97,13,1998,88000,0,2026,5,9
강남구,압구정동,현대8차(성수현대:91~95동),107.64,1,1980,20000,182,2026,5,11
강남구,논현동,신동아(22),35.73,8,1997,1000,126,2026,5,31
강남구,역삼동,대우디오빌,30.03,17,2002,1000,120,2026,5,30
강남구,대치동,하이캐슬,84.27,7,2008,120000,0,2026,5,30
강남구,도곡동,대림,84.95,7,1992,115000,0,2026,5,25
강남구,논현동,인본,22.29,3,2014,1000,78,2026,5,22
강남구,역삼동,역삼자이,114.5958,25,2016,20000,690,2026,5,22
강남구,일원동,상록스타힐스,59.592,5,2022,34624,25,2026,5,18
강남구,도곡동,현대비젼21,32.65,12,1999,1000,95,2026,5,13
강남구,도곡동,도곡렉슬,84.9984,10,2006,110000,160,2026,5,23
강남구,삼성동,현대아파트101동,59.83,12,1999,40000,144,2026,5,23
강남구,수서동,까치마을,39.6,10,1993,42000,0,2026,5,15
강남구,수서동,신동아,39.53,3,1992,31500,0,2026,5,30
강남구,압구정동,한양5,115.24,6,1979,115500,0,2026,5,30
강남구,도곡동,경남,59.76,20,2005,75000,0,2026,5,30
강남구,압구정동,한양1차(영동한양),49.98,9,1977,5000,210,2026,5,26
강남구,도곡동,한신엠비씨,84.74,11,1988,90000,0,2026,5,30
강남구,개포동,현대1차101동~106동,95.4,10,1984,20000,320,2026,5,29
강남구,압구정동,한양1차(영동한양),63.87,3,1977,59000,0,2026,5,23
강남구,삼성동,진흥아파트,104.31,1,1984,78750,0,2026,5,7
강남구,일원동,상록수,84.95,5,1993,35000,150,2026,5,14
강남구,도곡동,현대비젼21,33.1,23,1999,34000,0,2026,5,16
강남구,도곡동,대우디오빌,25.89,15,2004,2000,85,2026,5,6
강남구,대치동,한보미도맨션2,115.05,4,1985,118000,0,2026,5,18
강남구,일원동,샘터마을,134.438,7,1994,150000,0,2026,5,25
강남구,개포동,래미안블레스티지,84.794,8,2019,138600,0,2026,5,29
강남구,도곡동,우성4,126.46,9,1985,50000,280,2026,5,22
강남구,삼성동,위레벤646,31.2057,16,2021,4000,340,2026,5,19
강남구,삼성동,현대힐스테이트2단지,84.236,14,2008,15000,440,2026,5,30
강남구,청담동,삼성청담공원아파트,107.22,14,1999,120000,0,2026,5,28
강남구,개포동,개포자이프레지던스,84.5978,8,2023,165000,0,2026,5,26
강남구,도곡동,중명하니빌,24.86,6,1997,5000,74,2026,5,29
강남구,일원동,디에이치자이개포,84.71,21,2021,150000,0,2026,5,25
강남구,대치동,삼성2차,162.51,2,1999,150000,0,2026,5,1
강남구,압구정동,현대8차(성수현대:91~95동),163.67,8,1980,20000,550,2026,5,16
강남구,압구정동,한양7,110.25,1,1981,85000,0,2026,5,9
강남구,대치동,한보미도맨션1,128.01,4,1983,120000,80,2026,5,15
강남구,수서동,신동아,39.51,13,1992,10000,72,2026,5,6
강남구,역삼동,역삼동우정에쉐르1,57.98,5,2004,3000,200,2026,5,20
강남구,수서동,강남데시앙포레,101.88,7,2014,60000,230,2026,5,30
강남구,압구정동,현대8차(성수현대:91~95동),107.64,1,1980,20000,182,2026,5,11
강남구,자곡동,래미안강남힐즈,101.94,7,2014,107000,0,2026,5,9
강남구,압구정동,미성2차,74.4,8,1987,30000,320,2026,5,22
강남구,개포동,성원대치2단지아파트,39.53,12,1992,33000,0,2026,5,24
강남구,개포동,개포주공6단지,73.02,7,1983,10000,165,2026,5,29
강남구,개포동,개포래미안포레스트,96.91,5,2020,90000,200,2026,5,25
강남구,압구정동,한양1차(영동한양),63.87,9,1977,68250,0,2026,5,27
강남구,역삼동,역삼2차아이파크,59.946,6,2008,90000,40,2026,5,13
강남구,대치동,래미안대치팰리스,94.49,20,2015,30000,700,2026,5,28
강남구,대치동,래미안대치팰리스,94.49,20,2015,30000,700,2026,5,28
강남구,신사동,신성아파트101동,59.67,3,1996,73500,0,2026,5,23
강남구,압구정동,"현대1차(12,13,21,22,31,32,33동)",196.21,14,1976,186500,0,2026,5,25
강남구,청담동,삼성청담공원아파트,107.22,7,1999,80000,100,2026,5,23
강남구,청담동,삼성청담공원아파트,59.93,13,1999,75000,0,2026,5,23
강남구,대치동,선경2차(8동-12동),127.75,8,1985,160000,0,2026,5,23
강남구,청담동,삼성청담아파트,84.98,15,1999,10000,332,2026,5,11
강남구,청담동,에비뉴나인티,49.65,3,2020,30000,200,2026,5,25
강남구,개포동,개포래미안포레스트,59.92,6,2020,10000,400,2026,5,23
강남구,대치동,한보미도맨션2,126.33,2,1985,136500,0,2026,5,20
강남구,청담동,청담현대3차아파트,85,5,1999,105000,0,2026,5,9
강남구,대치동,대치삼성,97.35,7,2000,147000,0,2026,5,15
강남구,삼성동,노바삼성,15,5,2023,1000,105,2026,5,28
강남구,대치동,한보미도맨션2,126.33,7,1985,140000,0,2026,5,25
강남구,압구정동,신현대12차,155.52,9,1982,157000,0,2026,5,26
강남구,대치동,한보미도맨션1,128.01,4,1983,80000,183,2026,5,26
강남구,대치동,선릉역대우아이빌(890-49),28.34,11,2004,1000,95,2026,5,26
강남구,삼성동,삼성동드림하우스,93.31,2,2003,68000,0,2026,5,9
강남구,대치동,테헤란로대우아이빌(891-6),65.24,15,2004,1000,115,2026,5,11
강남구,수서동,삼익,49.2,6,1992,40000,80,2026,5,22
강남구,일원동,수서,49.68,15,1992,55000,0,2026,5,23
강남구,역삼동,개나리푸르지오,84.6815,11,2006,10000,432,2026,5,29
강남구,역삼동,강남역우정에쉐르,17.13,6,2004,1000,95,2026,5,23
강남구,개포동,성원대치2단지아파트,39.53,5,1992,6000,150,2026,5,23
강남구,역삼동,한스빌(836),39.89,3,1996,31500,0,2026,5,17
강남구,자곡동,강남자곡 힐스테이트,84.39,9,2015,15000,231,2026,5,16
강남구,대치동,은마,76.79,6,1979,63000,0,2026,5,30
강남구,압구정동,한양2,147.41,13,1978,75000,300,2026,5,18
강남구,일원동,수서1-1단지(임대),39.98,11,1992,2249,5,2026,5,18
강남구,역삼동,한화진넥스빌,42.52,25,2001,29400,0,2026,5,15
강남구,일원동,디에이치자이개포,118.68,6,2021,230000,0,2026,5,26
강남구,자곡동,래미안강남힐즈,101.94,1,2014,110000,0,2026,5,17
강남구,대치동,은마,76.79,10,1979,10000,196,2026,5,15
강남구,일원동,상록스타힐스,46.855,6,2022,14912,101,2026,5,18
강남구,역삼동,브라운스톤역삼,59.96,1,2004,5000,250,2026,5,27
강남구,역삼동,e-편한세상,59.606,6,2005,95000,0,2026,5,22
강남구,역삼동,역삼래미안,59.4,19,2005,10000,360,2026,5,29
강남구,논현동,신동아(22),84.52,9,1997,50000,160,2026,5,29
강남구,삼성동,그라나다,77.77,6,2002,10000,210,2026,5,6
강남구,개포동,개포자이프레지던스,49.9528,4,2023,68200,0,2026,5,23
강남구,대치동,은마,84.43,7,1979,54200,130,2026,5,30
강남구,수서동,신동아,49.96,11,1992,46200,0,2026,5,9
강남구,대치동,선경1차(1동-7동),84.35,14,1983,84000,126,2026,5,16
강남구,역삼동,역삼푸르지오,59.8848,17,2006,10000,360,2026,5,16
강남구,신사동,강남상가,130.61,8,1974,5000,300,2026,5,29
강남구,삼성동,현대힐스테이트2단지,84.236,10,2008,20000,460,2026,5,13
강남구,도곡동,타워팰리스3,141.648,26,2004,200000,130,2026,5,27
강남구,역삼동,역삼푸르지오,59.8848,9,2006,68000,140,2026,5,30
강남구,일원동,상록스타힐스,18.877,4,2022,19646,0,2026,5,14
강남구,도곡동,SK허브프리모,33.8,15,2006,3000,130,2026,5,19
강남구,도곡동,럭키(963),124.1,5,1995,115000,0,2026,5,16
강남구,일원동,상록스타힐스,46.855,4,2022,11143,130,2026,5,13
강남구,역삼동,시티프라디움더강남201동,70.54,11,2021,96000,0,2026,5,23
강남구,대치동,선릉역대우아이빌(890-49),28.34,10,2004,10000,70,2026,5,13
강남구,도곡동,삼익,104.01,2,1983,58000,0,2026,5,11
강남구,개포동,개포래미안포레스트,84.59,16,2020,100000,20,2026,5,29
강남구,개포동,성원대치2단지아파트,39.53,14,1992,42000,0,2026,5,28
강남구,역삼동,개나리래미안,59.95,5,2006,30000,270,2026,5,21
강남구,대치동,선경1차(1동-7동),136.68,3,1983,200000,0,2026,5,30
강남구,삼성동,삼성동센트럴아이파크,103.32,1,2018,80000,420,2026,5,30
강남구,일원동,상록수,74.54,1,1993,50000,82,2026,5,28
강남구,삼성동,삼성동중앙하이츠빌리지,84.55,12,2004,109935,0,2026,5,30
강남구,개포동,성원대치2단지아파트,39.53,1,1992,15000,79,2026,5,30
강남구,도곡동,삼성래미안,59.96,9,2001,99750,0,2026,5,23
강남구,압구정동,한양3,116.94,7,1978,20000,450,2026,5,30
강남구,삼성동,삼성동힐스테이트 1단지,31.402,22,2008,5000,230,2026,5,22
강남구,대치동,하이캐슬,84.27,7,2008,120000,0,2026,5,30
강남구,자곡동,강남한양수자인(4단지),59.93,6,2014,2662,53,2026,5,27
강남구,도곡동,삼경하이빌1,95.24,5,2000,42000,12,2026,5,30
강남구,대치동,한보미도맨션1,84.48,9,1983,80000,47,2026,5,1
강남구,역삼동,역삼래미안,59.53,12,2005,2000,500,2026,5,21
강남구,대치동,은마,84.43,5,1979,35000,174,2026,5,16
강남구,도곡동,삼익,104.01,2,1983,58000,0,2026,5,11
강남구,수서동,까치마을,39.6,9,1993,2000,100,2026,5,30
강남구,도곡동,도곡렉슬,120.8233,3,2006,173250,0,2026,5,30
강남구,개포동,래미안블레스티지,49.909,9,2019,80000,60,2026,5,29
강남구,삼성동,현대힐스테이트2단지,84.236,21,2008,100000,100,2026,5,30
강남구,도곡동,도곡렉슬,59.9937,19,2006,105000,0,2026,5,22
강남구,삼성동,롯데캐슬프레미어,84.484,8,2007,124800,0,2026,5,11
강남구,일원동,우성7,68.39,1,1987,70000,0,2026,5,23
강남구,역삼동,역삼우정에쉐르2,50.72,5,2004,10000,220,2026,5,16
강남구,역삼동,e-편한세상,59.606,4,2005,10000,355,2026,5,22
강남구,신사동,유로미아파트A동,111.62,3,2004,85000,100,2026,5,28
강남구,대치동,은마,76.79,6,1979,70000,0,2026,5,27
강남구,개포동,개포현대200동,82.2,8,1986,85000,0,2026,5,23
강남구,도곡동,도곡렉슬,119.8906,3,2006,150000,160,2026,5,29
강남구,삼성동,현대힐스테이트2단지,84.236,3,2008,57000,300,2026,5,8
강남구,삼성동,현대힐스테이트2단지,84.236,14,2008,125000,0,2026,5,12
강남구,대치동,대치삼성,59.88,21,2000,10000,360,2026,5,12
강남구,대치동,쌍용대치2,84.49,10,1983,52500,130,2026,5,12
강남구,역삼동,거평빌라트,209.79,1,1996,125000,0,2026,5,29
강남구,개포동,개포우성3차,104.43,9,1984,80000,0,2026,5,22
강남구,도곡동,삼성래미안,59.96,4,2001,95000,0,2026,5,8
강남구,역삼동,지석천평대,85.99,4,2003,50000,80,2026,5,12
강남구,도곡동,삼경하이빌2,59.14,4,2000,30000,0,2026,5,30
강남구,역삼동,개나리SK뷰,84.98,25,2012,75000,330,2026,5,27
강남구,수서동,삼익,60,6,1992,70000,0,2026,5,26
강남구,대치동,선경1차(1동-7동),136.68,14,1983,140000,40,2026,5,31
강남구,역삼동,현대까르띠에710,149.7,3,2001,165000,0,2026,5,16
강남구,개포동,현대2,131.83,1,1986,85000,140,2026,5,29
강남구,역삼동,프리빌리지,49.9,3,2017,2000,240,2026,5,11
강남구,압구정동,한양7,110.25,1,1981,85000,0,2026,5,9
강남구,삼성동,한일,61.23,7,2001,30000,190,2026,5,25
강남구,삼성동,삼성동힐스테이트 1단지,31.402,22,2008,5000,230,2026,5,22
강남구,일원동,래미안 개포 루체하임,59.99,10,2018,120000,0,2026,5,26
강남구,개포동,개포래미안포레스트,74.66,9,2020,126000,0,2026,5,20
강남구,압구정동,한양1차(영동한양),91.21,10,1977,50000,166,2026,5,16
강남구,도곡동,한라비발디,84.8861,5,2016,70000,300,2026,5,29
강남구,삼성동,삼부아파트(101동),69.24,3,1998,67000,0,2026,5,29
강남구,개포동,래미안블레스티지,99.919,18,2019,150000,0,2026,5,26
강남구,도곡동,한신엠비씨,84.74,15,1988,77700,0,2026,5,23
강남구,논현동,한진로즈힐,84.94,9,2004,90000,0,2026,5,23
강남구,삼성동,LG선릉에클라트(B),36.35,14,2004,32000,0,2026,5,30
강남구,삼성동,레미안삼성1차(101동),84.98,3,2005,20000,350,2026,5,7
강남구,역삼동,테헤란아이파크,92.6232,17,2014,20000,510,2026,5,13
강남구,논현동,신동아(22),35.73,4,1997,45000,0,2026,5,26
강남구,도곡동,래미안도곡카운티,84.67,21,2016,147000,0,2026,5,23
강남구,세곡동,강남신동아파밀리에1단지,59.97,11,2011,12667,163,2026,5,29
강남구,도곡동,도곡렉슬,114.9931,17,2006,20000,685,2026,5,21
강남구,일원동,샘터마을,101.97,11,1994,60000,240,2026,5,26
강남구,개포동,개포자이프레지던스,84.7509,21,2023,50000,460,2026,5,13
강남구,도곡동,럭키(963),84.97,2,1995,90000,0,2026,5,13
강남구,삼성동,현대힐스테이트2단지,40.763,19,2008,75000,0,2026,5,30
강남구,수서동,강남데시앙포레,84.92,4,2014,50000,159,2026,5,29
강남구,청담동,청담스위트,14.224,5,2015,1000,96,2026,5,15
강남구,논현동,마일스디오빌,36.29,10,2004,1000,145,2026,5,18
강남구,역삼동,테헤란아이파크,92.6232,17,2014,10000,565,2026,5,16
강남구,청담동,청담자이,49.618,29,2011,110000,0,2026,5,11
강남구,역삼동,역삼래미안,59.4,9,2005,10000,365,2026,5,27
강남구,청담동,청담자이,89.356,33,2011,210000,0,2026,5,20
강남구,청담동,청담자이,89.356,19,2011,10000,900,2026,5,14
강남구,대치동,은마,84.43,3,1979,30000,235,2026,5,14
강남구,개포동,래미안블레스티지,59.837,16,2019,120000,0,2026,5,14
강남구,역삼동,역삼예명,67.08,3,2001,3000,250,2026,5,21
강남구,세곡동,세곡푸르지오,84.83,10,2012,87000,0,2026,5,14
강남구,자곡동,강남한양수자인(4단지),101.51,2,2014,20000,330,2026,5,26
강남구,삼성동,현대힐스테이트2단지,84.236,2,2008,22000,413,2026,5,23
강남구,삼성동,한일,80.29,13,2001,95000,0,2026,5,30
강남구,압구정동,신현대12차,170.38,2,1982,115000,127,2026,5,27
강남구,개포동,삼익대청아파트,39.53,1,1992,34100,0,2026,5,16
강남구,논현동,논현동한화꿈에그린,67.671,3,2005,5000,270,2026,5,22
강남구,대치동,대치주성,83.87,7,2004,30000,260,2026,5,31
강남구,수서동,까치마을,49.5,10,1993,54600,0,2026,5,16
강남구,역삼동,역삼푸르지오,84.9097,3,2006,50000,310,2026,5,9
강남구,삼성동,그라나다,63.36,4,2002,27000,160,2026,5,23
강남구,도곡동,삼익,104.01,10,1983,80000,0,2026,5,11
강남구,대치동,대치현대,59.82,5,1999,30000,190,2026,5,2
강남구,대치동,은마,76.79,10,1979,71400,0,2026,5,30
강남구,도곡동,아카데미스위트1,128.74,9,2004,150000,0,2026,5,6
강남구,개포동,개포래미안포레스트,59.92,8,2020,20000,380,2026,5,23
강남구,자곡동,래미안강남힐즈,101.94,10,2014,101850,0,2026,5,29
강남구,대치동,대치아이파크,149.78,17,2008,241500,0,2026,5,19
강남구,수서동,까치마을,49.5,13,1993,44000,50,2026,5,16
강남구,개포동,삼익대청아파트,39.53,12,1992,55000,0,2026,5,25
강남구,삼성동,아크로삼성,167.2,23,2025,300000,720,2026,5,26
강남구,개포동,개포자이프레지던스,59.9751,17,2023,30000,248,2026,5,20
강남구,개포동,경남2차,182.2,10,1984,137000,0,2026,5,16
강남구,대치동,대치아이파크,119.58,17,2008,105000,280,2026,5,27
강남구,삼성동,서광아파트,59.67,11,1998,20000,230,2026,5,20
강남구,삼성동,세방타운하우스,134.4,4,1998,0,760,2026,5,29
강남구,역삼동,대우디오빌플러스,34.41,7,2004,23000,0,2026,5,22
강남구,압구정동,현대3차(61~64동),82.5,5,1976,87500,0,2026,5,25
강남구,자곡동,래미안포레,59.92,6,2014,29015,0,2026,5,29
강남구,압구정동,한양1차(영동한양),78.05,8,1977,88000,0,2026,5,30
강남구,역삼동,원에디션강남,32.2786,4,2024,20000,235,2026,5,12
강남구,대치동,대치한신휴플러스,84.99,8,2005,88000,0,2026,5,23
강남구,일원동,상록스타힐스,59.921,3,2022,31248,91,2026,5,18
강남구,대치동,은마,76.79,3,1979,20000,160,2026,5,11
강남구,삼성동,삼성동힐스테이트 1단지,31.402,5,2008,10000,220,2026,5,29
강남구,개포동,개포자이프레지던스,84.5978,13,2023,52500,305,2026,5,30
강남구,삼성동,아크로삼성,104.94,24,2025,270000,0,2026,5,13
강남구,역삼동,원에디션강남,33.8229,14,2024,55000,0,2026,5,29
강남구,삼성동,삼성동센트럴아이파크,84.95,10,2018,160000,0,2026,5,29
강남구,대치동,은마,76.79,10,1979,25000,200,2026,5,22
강남구,개포동,삼익대청아파트,39.53,9,1992,45000,0,2026,5,23
강남구,수서동,동익,60.01,7,1993,30000,140,2026,5,11
강남구,일원동,목련타운,134.71,15,1993,133000,0,2026,5,6
강남구,압구정동,한양5,100.5,8,1979,80000,0,2026,5,30
강남구,일원동,상록스타힐스,59.592,17,2022,48515,0,2026,5,29
강남구,청담동,청담자이,82.365,26,2011,115500,126,2026,5,6
강남구,압구정동,현대3차(61~64동),82.5,1,1976,120000,0,2026,5,25
강남구,개포동,삼익대청아파트,51.12,12,1992,52000,0,2026,5,30
강남구,개포동,개포래미안포레스트,84.83,28,2020,20000,490,2026,5,6
강남구,청담동,청담자이,49.618,17,2011,10000,440,2026,5,15
강남구,대치동,은마,76.79,10,1979,40000,150,2026,5,23
강남구,개포동,성원대치2단지아파트,49.86,9,1992,49500,0,2026,5,23
강남구,자곡동,강남자곡 힐스테이트,84.39,11,2015,84000,0,2026,5,18
강남구,수서동,강남데시앙포레,84.86,4,2014,94000,0,2026,5,30
강남구,역삼동,역삼자이,84.993,2,2016,136500,0,2026,5,15
강남구,대치동,한보미도맨션1,128.01,7,1983,140000,0,2026,5,30
강남구,도곡동,대림아크로빌,172.467,11,1999,235000,0,2026,5,30
강남구,논현동,아크로힐스논현,113.087,11,2014,20000,680,2026,5,14
강남구,개포동,개포래미안포레스트,59.92,14,2020,50000,208,2026,5,29
강남구,대치동,선경1차(1동-7동),117.7,7,1983,143000,0,2026,5,30
강남구,도곡동,현대비젼21,34.995,24,1999,2000,140,2026,5,18
강남구,대치동,선경1차(1동-7동),84.35,13,1983,100000,0,2026,5,23
강남구,도곡동,한라비발디,84.9569,7,2016,118000,0,2026,5,30
강남구,삼성동,삼성동중앙하이츠빌리지,59.92,17,2004,30000,268,2026,5,22
강남구,도곡동,우성사원5,70.89,5,1986,75000,0,2026,5,30
강남구,삼성동,삼성동중앙하이츠빌리지,59.98,8,2004,100000,40,2026,5,20
강남구,개포동,개포래미안포레스트,59.92,15,2020,10000,400,2026,5,20
강남구,대치동,대우아이빌명문가(891-23),33.06,8,2004,13000,37,2026,5,6
강남구,도곡동,도곡동STAY77,28.45,9,2020,35000,15,2026,5,27
강남구,대치동,"쌍용대치아파트1동,2동,3동,5동,6동",148.8,10,1983,80000,105,2026,5,21
강남구,압구정동,미성2차,74.4,17,1987,87000,0,2026,5,30
강남구,대치동,은마,76.79,9,1979,65000,12,2026,5,29
강남구,일원동,푸른마을아파트101동~111동,84.93,14,1994,94500,0,2026,5,16
강남구,역삼동,래미안그레이튼,84.97,1,2009,130000,0,2026,5,30
강남구,개포동,래미안블레스티지,84.943,6,2019,50000,324,2026,5,15
강남구,개포동,디에이치아너힐즈,84.6348,11,2019,10000,357,2026,5,26
강남구,개포동,디에이치아너힐즈,94.2875,31,2019,170000,0,2026,5,30
강남구,개포동,래미안블레스티지,84.943,18,2019,40000,323,2026,5,23
강남구,수서동,까치마을,49.5,10,1993,5000,230,2026,5,22
강남구,역삼동,쌍용플레티넘밸류,84.96,7,2007,30000,270,2026,5,27
강남구,논현동,두산위브1단지,84.873,9,2004,103000,0,2026,5,9
강남구,논현동,선정릉역모아엘가퍼스트홈,41.24,15,2023,13218,66,2026,5,18
강남구,대치동,한보미도맨션1,161.36,3,1983,145000,0,2026,5,22
강남구,청담동,동양파라곤,244.925,9,2006,50000,1400,2026,5,28
강남구,삼성동,현대힐스테이트2단지,84.236,13,2008,30000,400,2026,5,13
강남구,삼성동,월성빌라트,82.02,4,1994,60000,0,2026,5,4
강남구,개포동,래미안블레스티지,84.943,9,2019,30000,330,2026,5,19
강남구,도곡동,대우디오빌,31.81,9,2004,11400,70,2026,5,29
강남구,개포동,삼익대청아파트,51.12,12,1992,51000,0,2026,5,29
강남구,역삼동,역삼래미안,59.4,14,2005,92400,0,2026,5,30
강남구,대치동,한보미도맨션2,84.96,2,1985,50000,125,2026,5,27
강남구,개포동,삼익대청아파트,51.12,12,1992,51000,0,2026,5,29
강남구,대치동,은마,84.43,14,1979,65000,45,2026,5,27
강남구,개포동,개포래미안포레스트,96.93,5,2020,90000,350,2026,5,29
강남구,수서동,신동아,39.53,4,1992,12000,130,2026,5,13
강남구,대치동,은마,76.79,1,1979,65000,0,2026,5,29
강남구,개포동,삼익대청아파트,39.53,4,1992,10000,135,2026,5,29
강남구,청담동,청담자이,49.593,29,2011,50000,250,2026,5,6
강남구,삼성동,삼성동롯데아파트,59.4,14,2000,60000,74,2026,5,30
강남구,역삼동,테헤란아이파크,70.8333,22,2014,10000,440,2026,5,23
강남구,대치동,하이캐슬,84.27,11,2008,90000,70,2026,5,28
강남구,도곡동,도곡렉슬,84.9984,16,2006,115000,100,2026,5,9
강남구,개포동,경남1,123.28,12,1984,80000,160,2026,5,20
강남구,압구정동,한양3,161.9,3,1978,90000,240,2026,5,26
강남구,역삼동,역삼디오슈페리움,84.34,21,2006,300,150,2026,5,3
강남구,청담동,청담아르지움,23.54,3,2015,5000,95,2026,5,30
강남구,역삼동,역삼디오슈페리움,46.9,18,2006,2000,185,2026,5,13
강남구,대치동,롯데캐슬리베,121.0894,17,2008,140000,150,2026,5,9
강남구,개포동,래미안블레스티지,84.943,6,2019,131000,0,2026,5,31
강남구,논현동,논현파라곤,120.21,8,2007,20000,480,2026,5,23
강남구,대치동,대치삼성,59.88,3,2000,91350,0,2026,5,20
강남구,일원동,상록스타힐스,59.592,13,2022,38812,28,2026,5,28
강남구,대치동,은마,84.43,10,1979,60000,140,2026,5,16
강남구,세곡동,강남신동아파밀리에1단지,59.97,4,2011,25000,60,2026,5,29
강남구,대치동,래미안대치하이스턴,110.39,7,1989,168000,0,2026,5,29
강남구,압구정동,"현대2차(10,11,20,23,24,25동)",196.84,10,1976,85000,365,2026,5,20
강남구,도곡동,도곡월드메르디앙아파트,73.78,11,2023,110000,0,2026,5,15
강남구,역삼동,e-편한세상,84.991,1,2005,10000,470,2026,5,30
강남구,수서동,까치마을,34.44,5,1993,1000,91,2026,5,12
강남구,도곡동,매봉삼성,59.82,1,1999,78000,0,2026,5,19
강남구,역삼동,시티프라디움더강남101동,59.93,12,2021,85000,0,2026,5,21
강남구,개포동,개포자이프레지던스,84.5978,17,2023,150000,120,2026,5,26
강남구,개포동,개포자이프레지던스,84.5978,2,2023,80000,340,2026,5,19
강남구,수서동,까치마을,39.6,15,1993,50000,0,2026,5,23
강남구,삼성동,롯데캐슬프레미어,101.81,16,2007,60000,0,2026,5,30
강남구,신사동,썬-타워빌딩,16.4,8,2015,2000,100,2026,5,8
강남구,압구정동,미성2차,74.4,11,1987,89250,0,2026,5,23
강남구,논현동,논현아이파크,84.89,19,2020,20000,650,2026,5,1
강남구,도곡동,도곡렉슬,59.9818,19,2006,60000,200,2026,5,9
강남구,청담동,청담현대3차아파트,109.53,6,1999,10000,650,2026,5,15
강남구,수서동,까치마을,39.6,10,1993,33500,0,2026,5,14
강남구,대치동,한보미도맨션1,84.48,1,1983,103000,0,2026,5,30
강남구,도곡동,파크힐,58.05,2,2005,30000,140,2026,5,4
강남구,역삼동,강남센트럴아이파크,125.462,26,2022,150000,320,2026,5,9
강남구,삼성동,삼부아파트(101동),83.39,7,1998,85000,0,2026,5,30
강남구,일원동,래미안 개포 루체하임,101.97,21,2018,120000,180,2026,5,21
강남구,도곡동,도곡1차아이파크,84.122,9,2007,69000,150,2026,5,5
강남구,압구정동,한양1차(영동한양),78.05,2,1977,87000,0,2026,5,30
강남구,압구정동,"현대1차(12,13,21,22,31,32,33동)",161.19,2,1976,170000,0,2026,5,25
강남구,청담동,삼성청담아파트,84.86,4,1999,105000,0,2026,5,29
강남구,삼성동,삼성동중앙하이츠빌리지,152.98,15,2004,220000,0,2026,5,6
강남구,대치동,대치삼성,97.35,13,2000,50000,520,2026,5,27
강남구,대치동,대치현대,101.6,2,1999,9000,470,2026,5,30
강남구,청담동,삼성청담공원아파트,107.22,14,1999,105000,0,2026,5,21
강남구,대치동,한보미도맨션2,126.33,5,1985,130000,0,2026,5,11
강남구,대치동,개포우성1,84.81,15,1983,155000,0,2026,5,30
강남구,일원동,상록수,84.95,4,1993,80000,0,2026,5,16
강남구,개포동,개포래미안포레스트,84.83,33,2020,103000,165,2026,5,21
강남구,청담동,청담2차이-편한세상(205동),100.53,10,2006,127000,0,2026,5,15
강남구,대치동,테헤란로대우아이빌(891-6),33.11,4,2004,10000,90,2026,5,15
강남구,역삼동,래미안그레이튼(진달래2차),84.81,2,2010,123800,0,2026,5,30
강남구,청담동,청담동삼성1차(101동),59.4,1,1997,10000,290,2026,5,18
강남구,역삼동,원에디션강남,38.1534,7,2024,60900,0,2026,5,25
강남구,개포동,래미안블레스티지,59.888,7,2019,118000,0,2026,5,23
강남구,일원동,상록스타힐스,59.963,16,2022,62496,0,2026,5,7
강남구,개포동,성원대치2단지아파트,49.86,8,1992,29100,64,2026,5,23
강남구,역삼동,대우디오빌,59.15,22,2002,10000,220,2026,5,19
강남구,도곡동,삼성래미안,122.81,1,2001,50000,455,2026,5,30
강남구,역삼동,역삼I'PARK,116.285,12,2006,130000,165,2026,5,30
강남구,대치동,"대치우성아파트1동,2동,3동,5동,6동,7동",115.59,6,1984,80100,80,2026,5,30
강남구,수서동,까치마을,34.44,14,1993,30000,40,2026,5,30
강남구,수서동,신동아,39.51,10,1992,20000,33,2026,5,20
강남구,논현동,휴먼스페이스,31.96,12,2003,32500,0,2026,5,29
강남구,개포동,현대2,165.08,9,1986,120000,0,2026,5,30
강남구,개포동,래미안블레스티지,59.888,5,2019,20000,390,2026,5,26
강남구,개포동,개포자이프레지던스,59.9751,14,2023,10000,368,2026,5,28
강남구,대치동,은마,76.79,2,1979,5000,270,2026,5,16
강남구,도곡동,삼성래미안,84.89,15,2001,130000,0,2026,5,13
강남구,율현동,강남한신휴플러스6단지,84.83,8,2015,73500,0,2026,5,28
강남구,일원동,상록스타힐스,46.855,6,2022,24853,72,2026,5,18
강남구,도곡동,중명하니빌,34.1,3,1997,2000,90,2026,5,9
강남구,대치동,래미안대치팰리스,94.49,14,2015,156750,166,2026,5,16
강남구,개포동,디에이치아너힐즈,84.357,12,2019,152000,0,2026,5,29
강남구,일원동,푸른마을아파트101동~111동,59.76,12,1994,20000,190,2026,5,30
강남구,역삼동,역삼래미안,59.4,1,2005,68000,0,2026,5,23
강남구,역삼동,e-편한세상,59.606,10,2005,86400,44,2026,5,30
강남구,개포동,래미안블레스티지,84.95,29,2019,138600,0,2026,5,27
강남구,일원동,샘터마을,101.97,9,1994,70000,200,2026,5,30
강남구,압구정동,한양6,154.12,9,1980,66000,260,2026,5,9
강남구,역삼동,래미안그레이튼,59.97,8,2009,110000,0,2026,5,30
강남구,개포동,성원대치2단지아파트,39.53,1,1992,33000,70,2026,5,29
강남구,압구정동,현대3차(61~64동),82.5,6,1976,70000,0,2026,5,30
강남구,일원동,디에이치자이개포,84.94,26,2021,130000,110,2026,5,30
강남구,삼성동,삼성동힐스테이트 1단지,84.236,16,2008,85000,160,2026,5,30
강남구,일원동,디에이치자이개포,84.71,30,2021,164850,0,2026,5,23
강남구,개포동,개포우성3차,133.46,11,1984,60000,0,2026,5,25
강남구,도곡동,도곡렉슬,84.9984,11,2006,70000,350,2026,5,5
강남구,삼성동,현대빌라트,100.39,3,2004,13950,260,2026,5,23
강남구,수서동,삼익,60,2,1992,70000,0,2026,5,23
강남구,청담동,진흥아파트,145.69,14,1984,60000,280,2026,5,23
강남구,수서동,신동아,39.51,15,1992,40000,0,2026,5,30
강남구,수서동,까치마을,39.6,15,1993,46000,0,2026,5,26
강남구,개포동,성원대치2단지아파트,33.18,14,1992,5000,150,2026,5,28
강남구,개포동,현대2,84.81,4,1986,50000,110,2026,5,22
강남구,수서동,강남데시앙포레,84.92,1,2014,90000,20,2026,5,30
강남구,대치동,한보미도맨션2,84.96,2,1985,100000,0,2026,5,30
강남구,자곡동,래미안강남힐즈,101.94,4,2014,98000,0,2026,5,23
강남구,삼성동,래미안삼성1차(103-22),84.95,14,2006,70000,100,2026,5,28
강남구,개포동,개포주공7단지,60.76,6,1983,10000,120,2026,5,30
강남구,개포동,개포래미안포레스트,59.92,15,2020,60000,180,2026,5,13
강남구,논현동,펜트힐루논현,43.392,3,2021,65000,0,2026,5,28
강남구,도곡동,아카데미스위트1,122.07,30,2004,160000,0,2026,5,29
강남구,대치동,테헤란로대우아이빌(891-6),59.83,18,2004,70000,0,2026,5,29
강남구,수서동,신동아,33.18,3,1992,39000,0,2026,5,30
강남구,자곡동,래미안포레,59.92,10,2014,29015,0,2026,5,29
강남구,수서동,신동아,49.96,9,1992,42000,0,2026,5,30
강남구,도곡동,도곡1차아이파크,130.259,10,2007,150000,0,2026,5,30
강남구,개포동,개포래미안포레스트,59.92,8,2020,105000,0,2026,5,23
강남구,일원동,상록스타힐스,59.592,17,2022,48515,0,2026,5,29
강남구,일원동,디에이치자이개포,63.76,25,2021,123900,0,2026,5,28
강남구,일원동,래미안 개포 루체하임,121.71,22,2018,50000,500,2026,5,18
강남구,도곡동,대림,84.95,4,1992,70000,160,2026,5,28
강남구,수서동,까치마을,49.5,12,1993,51000,10,2026,5,26
강남구,도곡동,타워팰리스2,115.63,23,2003,110000,293,2026,5,2
강남구,수서동,까치마을,34.44,3,1993,2000,120,2026,5,9
강남구,개포동,개포래미안포레스트,49.92,3,2020,18720,67,2026,5,29
강남구,삼성동,미켈란147,84.77,7,2004,20000,320,2026,5,12
강남구,삼성동,삼성동헤렌하우스2(82-4),113.45,2,2010,165000,0,2026,5,21
강남구,역삼동,역삼푸르지오,59.8848,20,2006,87000,0,2026,5,29
강남구,역삼동,테헤란아이파크,70.8333,9,2014,120000,0,2026,5,29
강남구,대치동,대치삼성,59.88,12,2000,94500,0,2026,5,11
강남구,논현동,펜트힐루논현,43.392,4,2021,58800,0,2026,5,29
강남구,개포동,성원대치2단지아파트,33.18,9,1992,31200,0,2026,5,22
강남구,도곡동,대우디오빌,31.81,9,2004,92,88,2026,5,22
강남구,청담동,이니그마빌,244.77,1,2001,10000,1150,2026,5,10
강남구,도곡동,럭키(963),84.97,6,1995,40000,220,2026,5,22
강남구,개포동,래미안블레스티지,84.943,11,2019,135000,40,2026,5,16
강남구,압구정동,한양1차(영동한양),63.87,12,1977,70000,0,2026,5,21
강남구,대치동,대치현대,59.82,13,1999,70000,0,2026,5,2
강남구,일원동,수서,59.94,12,1992,57750,0,2026,5,16
강남구,역삼동,래미안그레이튼(진달래2차),105.89,3,2010,100000,220,2026,5,23
강남구,압구정동,신현대12차,155.52,4,1982,145000,0,2026,5,29
강남구,대치동,대치아이파크,59.96,11,2008,127000,0,2026,5,21
강남구,일원동,상록수,84.95,2,1993,84000,0,2026,5,26
강남구,역삼동,트레벨,33.48,3,2002,2000,125,2026,5,9
강남구,역삼동,대우디오빌,30.03,10,2002,27000,15,2026,5,29
강남구,삼성동,래미안삼성1차(105-0),177.47,11,2005,126000,150,2026,5,29
강남구,삼성동,롯데캐슬프레미어,84.484,16,2007,20000,470,2026,5,22
강남구,대치동,대치삼성,84.58,12,2000,100000,102,2026,5,16
강남구,청담동,진흥아파트,109.31,12,1984,6000,330,2026,5,23
강남구,역삼동,역삼래미안,59.73,5,2005,5000,360,2026,5,29
강남구,대치동,대치동더블유타워,28.5,4,2013,1000,120,2026,5,14
강남구,대치동,은마,84.43,2,1979,96000,0,2026,5,29
강남구,도곡동,아카데미스위트1,122.07,8,2004,190000,0,2026,5,29
강남구,삼성동,삼성동힐스테이트 1단지,31.402,7,2008,40000,90,2026,5,23
강남구,청담동,현대아파트,84.78,9,1988,72450,0,2026,5,29
강남구,역삼동,원에디션강남,33.7343,8,2024,58000,0,2026,5,21
강남구,삼성동,현대삼성동1차,159.69,5,2005,115000,0,2026,5,20
강남구,자곡동,래미안포레,59.97,10,2014,31916,0,2026,5,11
강남구,자곡동,강남자곡 힐스테이트,84.05,11,2015,5000,320,2026,5,1
강남구,수서동,신동아,49.96,14,1992,40000,10,2026,5,29
강남구,논현동,현대넥서스A동,242.48,6,1997,150000,0,2026,5,26
강남구,삼성동,삼성동센트럴아이파크,103.32,23,2018,40000,448,2026,5,29
강남구,역삼동,대우디오빌플러스,43.99,10,2004,36000,0,2026,5,28
강남구,개포동,성원대치2단지아파트,39.53,7,1992,25000,100,2026,5,19
강남구,청담동,삼성청담공원아파트,107.22,14,1999,105000,0,2026,5,21
강남구,역삼동,테헤란아이파크,80.1995,20,2014,100000,60,2026,5,7
강남구,삼성동,삼성동센트럴아이파크,84.98,23,2018,40000,448,2026,5,29
강남구,논현동,리스트강남,14.29,5,2022,8669,42,2026,5,28
강남구,도곡동,삼성,73.41,8,1994,100000,0,2026,5,15
강남구,역삼동,강남센트럴아이파크,115.216,7,2022,225000,0,2026,5,25
강남구,수서동,까치마을,49.5,10,1993,20000,160,2026,5,16
강남구,도곡동,도곡렉슬,84.9984,4,2006,110000,240,2026,5,27
강남구,자곡동,강남에버시움,36.08,11,2013,6531,26,2026,5,29
강남구,대치동,은마,76.79,5,1979,40000,140,2026,5,29
강남구,개포동,개포주공7단지,53.46,6,1983,35000,0,2026,5,28
강남구,자곡동,래미안포레,84.99,6,2014,70000,37,2026,5,29
강남구,역삼동,역삼래미안,59.4,3,2005,104000,0,2026,5,27
강남구,자곡동,강남한양수자인(4단지),59.93,3,2014,14961,6,2026,5,28
강남구,자곡동,래미안포레,59.97,5,2014,31916,0,2026,5,28
강남구,논현동,N168,18.897,5,2021,2000,101,2026,5,26
강남구,일원동,상록수,74.54,3,1993,73500,0,2026,5,27
강남구,자곡동,강남자곡아이파크,59.96,6,2014,40000,140,2026,5,14
강남구,개포동,디에이치아너힐즈,84.6348,13,2019,155000,0,2026,5,28
강남구,수서동,신동아,39.53,6,1992,31500,0,2026,5,11
강남구,청담동,청담자이,49.618,26,2011,10000,430,2026,5,26
강남구,도곡동,도곡1차아이파크,84.122,4,2007,110000,0,2026,5,5
강남구,압구정동,"현대1차(12,13,21,22,31,32,33동)",131.48,9,1976,131250,0,2026,5,25
강남구,압구정동,현대8차(성수현대:91~95동),163.67,5,1980,170000,0,2026,5,16
강남구,자곡동,강남한양수자인(4단지),114.46,5,2014,30000,350,2026,5,21
강남구,역삼동,래미안그레이튼(진달래2차),59.91,6,2010,58170,0,2026,5,26
강남구,자곡동,래미안포레,59.97,8,2014,29015,0,2026,5,28
강남구,도곡동,럭키(963),84.97,7,1995,20000,330,2026,5,28
강남구,압구정동,미성2차,74.4,14,1987,70000,40,2026,5,23
강남구,청담동,현대아파트,84.78,5,1988,78000,0,2026,5,23
강남구,대치동,래미안대치팰리스,94.49,20,2015,30000,700,2026,5,28
강남구,세곡동,강남신동아파밀리에1단지,49.74,4,2011,1916,41,2026,5,27
강남구,도곡동,도곡렉슬,59.9818,2,2006,99750,0,2026,5,28
강남구,개포동,성원대치2단지아파트,39.53,10,1992,3000,118,2026,5,16
강남구,압구정동,한양6,164.69,1,1980,20000,400,2026,5,27
강남구,대치동,선릉역풍림아이원레몬,69.81,8,2006,70000,0,2026,5,28
강남구,자곡동,강남한양수자인(4단지),49.94,7,2014,1966,1,2026,5,27
강남구,개포동,래미안블레스티지,84.943,13,2019,10000,530,2026,5,1
강남구,도곡동,럭키(963),84.97,8,1995,60000,160,2026,5,9
강남구,자곡동,강남자곡 힐스테이트,46.91,9,2015,19256,0,2026,5,28
강남구,자곡동,래미안포레,49.94,3,2014,12103,1,2026,5,28
강남구,일원동,상록스타힐스,59.592,13,2022,38812,28,2026,5,28
강남구,자곡동,강남에버시움,46.01,2,2013,9196,22,2026,5,26
강남구,자곡동,LH수서2단지아파트,36.6,5,2024,100,82,2026,5,28
강남구,삼성동,래미안라클래시,59.99,20,2021,11760,118,2026,5,28
강남구,개포동,성원대치2단지아파트,33.18,4,1992,31500,0,2026,5,28
강남구,대치동,대치동더블유타워,28.74,5,2013,300,140,2026,5,22
강남구,논현동,거평프리젠,42.395,4,1996,32000,0,2026,5,28
강남구,개포동,래미안블레스티지,84.943,16,2019,144000,0,2026,5,28
강남구,수서동,신동아,49.96,2,1992,14000,118,2026,5,23
강남구,수서동,신동아,39.53,1,1992,25000,100,2026,5,16
강남구,삼성동,이안애2차,84.25,7,2004,85000,0,2026,5,2
강남구,삼성동,현대힐스테이트2단지,84.236,9,2008,107100,0,2026,5,16
강남구,자곡동,강남한양수자인(4단지),49.94,4,2014,460,9,2026,5,28
강남구,자곡동,강남에버시움,46.01,2,2013,4947,41,2026,5,28
강남구,자곡동,래미안포레,49.94,1,2014,2315,45,2026,5,28
강남구,역삼동,요진와이시티미니,12.47,6,2012,12000,40,2026,5,25
강남구,세곡동,강남엘에이치1단지,84.84,10,2013,77700,0,2026,5,23
강남구,자곡동,LH수서2단지아파트,36.6,2,2024,100,82,2026,5,28
강남구,자곡동,래미안포레,59.97,3,2014,29015,0,2026,5,28
강남구,도곡동,도곡렉슬,134.9023,16,2006,105000,439,2026,5,27
강남구,대치동,선릉역대우아이빌(890-49),28.34,11,2004,1000,100,2026,5,1
강남구,자곡동,강남에버시움,36.62,2,2013,2310,29,2026,5,28
강남구,논현동,우민,74.758,1,2002,65100,0,2026,5,15
강남구,자곡동,LH수서2단지아파트,14.69,5,2024,5220,18,2026,5,28
강남구,일원동,상록스타힐스,46.855,15,2022,11143,130,2026,5,27
강남구,도곡동,도곡렉슬,84.9984,3,2006,50000,400,2026,5,16
강남구,도곡동,타워팰리스1,164.97,48,2002,50000,790,2026,5,18
강남구,대치동,대치르엘,43.9965,1,2021,20400,47,2026,5,28
강남구,대치동,한보미도맨션2,115.05,4,1985,130000,20,2026,5,25
강남구,자곡동,LH수서2단지아파트,14.69,6,2024,5220,18,2026,5,28
강남구,자곡동,LH수서2단지아파트,36.84,8,2024,12996,45,2026,5,28
강남구,자곡동,강남자곡 힐스테이트,46.91,7,2015,19256,0,2026,5,28
강남구,역삼동,강남서해그랑블,70.57,7,2012,65000,0,2026,5,28
강남구,자곡동,래미안포레,59.92,7,2014,29015,0,2026,5,27
강남구,자곡동,LH수서2단지아파트,36.84,5,2024,14440,51,2026,5,28
강남구,자곡동,래미안포레,84.85,3,2014,35753,0,2026,5,28
강남구,자곡동,LH수서2단지아파트,36.84,6,2024,12996,45,2026,5,28
강남구,대치동,테헤란로대우아이빌(891-6),35.51,13,2004,31500,0,2026,5,28
강남구,일원동,한솔마을,84.73,4,1994,60000,115,2026,5,23
강남구,삼성동,현대힐스테이트2단지,84.236,9,2008,107100,0,2026,5,16
강남구,압구정동,한양1차(영동한양),63.87,8,1977,63000,0,2026,5,28
강남구,개포동,성원대치2단지아파트,33.18,2,1992,37500,0,2026,5,28
강남구,역삼동,강남역우정에쉐르,16.78,5,2004,1000,90,2026,5,11
강남구,자곡동,래미안포레,59.97,5,2014,29015,0,2026,5,28
강남구,도곡동,삼경하이빌1,39.22,2,2000,21000,0,2026,5,27
강남구,자곡동,강남한양수자인(4단지),59.93,6,2014,13933,4,2026,5,27
강남구,압구정동,현대8차(성수현대:91~95동),163.67,4,1980,155000,0,2026,5,11
강남구,대치동,대치현대,59.82,11,1999,70000,0,2026,5,25
강남구,자곡동,강남자곡 힐스테이트,46.91,8,2015,19256,0,2026,5,28
강남구,논현동,동현아파트1~6,84.92,7,1985,75000,0,2026,5,18
강남구,개포동,개포래미안포레스트,84.86,6,2020,70000,280,2026,5,6
강남구,개포동,래미안블레스티지,49.909,6,2019,50000,190,2026,5,26
강남구,일원동,현대4,84.98,9,1987,78750,0,2026,5,27
강남구,논현동,펜트힐루논현,43.392,8,2021,66000,0,2026,5,27
강남구,일원동,상록수,74.54,3,1993,85000,0,2026,5,26
강남구,자곡동,래미안강남힐즈,101.94,7,2014,15000,126,2026,5,23
강남구,역삼동,역삼자이,59.9977,10,2016,62434,0,2026,5,26
강남구,일원동,샘터마을,101.97,7,1994,126000,0,2026,5,16
강남구,개포동,삼익대청아파트,51.12,11,1992,65000,0,2026,5,27
강남구,압구정동,신현대12차,155.52,9,1982,157000,0,2026,5,26
강남구,세곡동,강남신동아파밀리에1단지,49.74,8,2011,3800,37,2026,5,27
강남구,역삼동,e-편한세상,84.991,14,2005,145000,0,2026,5,22
강남구,세곡동,강남신동아파밀리에1단지,49.74,8,2011,4792,35,2026,5,27
강남구,논현동,더원센트럴,27.09,8,2018,14000,120,2026,5,27
강남구,도곡동,럭키(963),84.97,15,1995,93000,0,2026,5,27
강남구,삼성동,삼성풍림2차아파트,59.94,6,1998,73000,0,2026,5,22
강남구,대치동,"쌍용대치아파트1동,2동,3동,5동,6동",83.56,5,1983,80000,0,2026,5,19
강남구,논현동,"청학아파트에이동,비동,씨동",85.12,4,1976,50000,0,2026,5,12
강남구,대치동,대치아이파크,84.98,4,2008,30000,540,2026,5,9
강남구,삼성동,래미안라클래시,59.99,8,2021,20276,144,2026,5,27
강남구,역삼동,개나리SK뷰,127.27,20,2012,200000,0,2026,5,22
강남구,세곡동,강남신동아파밀리에1단지,49.74,8,2011,4792,35,2026,5,27
강남구,삼성동,삼성동센트럴아이파크,103.32,26,2018,200000,50,2026,5,15
강남구,대치동,은마,76.79,2,1979,67200,0,2026,5,25
강남구,일원동,래미안 개포 루체하임,84.99,16,2018,148000,0,2026,5,27
강남구,대치동,대치삼성,59.88,8,2000,55000,220,2026,5,21
강남구,일원동,상록수,84.95,3,1993,88000,0,2026,5,12
강남구,개포동,개포래미안포레스트,59.92,17,2020,89783,40,2026,5,23
강남구,자곡동,강남한양수자인(4단지),59.97,9,2014,15924,9,2026,5,27
강남구,일원동,디에이치자이개포,76.48,13,2021,136500,0,2026,5,23
강남구,개포동,삼익대청아파트,51.12,2,1992,62000,0,2026,5,25
강남구,개포동,삼익대청아파트,60,1,1992,68250,0,2026,5,27
강남구,대치동,한보미도맨션1,128.01,9,1983,143500,0,2026,5,27
강남구,자곡동,강남한양수자인(4단지),84.89,6,2014,35753,0,2026,5,27
강남구,역삼동,동부센트레빌,84.97,5,1998,74500,190,2026,5,27
강남구,압구정동,"현대1차(12,13,21,22,31,32,33동)",131.48,8,1976,140000,0,2026,5,15
강남구,자곡동,래미안포레,59.97,8,2014,29015,0,2026,5,27
강남구,청담동,청담자이,82.952,12,2011,143000,0,2026,5,14
강남구,수서동,강남데시앙포레,84.92,13,2014,20000,300,2026,5,22
강남구,대치동,쌍용대치2,120.76,8,1983,40000,300,2026,5,6
강남구,개포동,성원대치2단지아파트,33.18,14,1992,40000,0,2026,5,15
강남구,역삼동,대명벨리온,17.684,6,2012,14000,0,2026,5,27
강남구,개포동,성원대치2단지아파트,33.18,13,1992,3000,160,2026,5,9
강남구,대치동,대치아이파크,84.93,13,2008,85000,280,2026,5,27
강남구,자곡동,강남한양수자인(4단지),59.97,2,2014,11241,19,2026,5,27
강남구,일원동,디에이치포레센트,101.94,21,2021,125000,160,2026,5,11
강남구,세곡동,강남신동아파밀리에1단지,49.74,4,2011,4792,35,2026,5,27
강남구,압구정동,한양5,102.35,10,1979,40000,90,2026,5,22
강남구,역삼동,역삼푸르지오,84.9097,14,2006,30000,400,2026,5,27
강남구,자곡동,래미안포레,59.92,9,2014,29015,0,2026,5,27
강남구,수서동,까치마을,49.5,5,1993,52500,0,2026,5,8
강남구,도곡동,도곡렉슬,84.9984,13,2006,150000,0,2026,5,23
강남구,개포동,개포자이프레지던스,84.5978,29,2023,30000,500,2026,5,16
강남구,자곡동,래미안포레,59.97,5,2014,29015,0,2026,5,26
강남구,압구정동,"현대6차(78~81,83,84,86,87동)",144.2,4,1978,50000,400,2026,5,23
강남구,대치동,개포우성1,127.61,12,1983,140000,0,2026,5,13
강남구,개포동,성원대치2단지아파트,39.53,8,1992,37800,0,2026,5,25
강남구,일원동,디에이치포레센트,59.92,1,2021,30670,44,2026,5,26
강남구,개포동,성원대치2단지아파트,49.86,8,1992,20000,160,2026,5,23
강남구,일원동,디에이치자이개포,84.64,16,2021,165000,0,2026,5,22
강남구,청담동,청담자이,49.618,30,2011,94500,0,2026,5,23
강남구,대치동,대치삼성,97.35,9,2000,60000,370,2026,5,26
강남구,청담동,청담린든그로브,84.9979,1,2017,130000,0,2026,5,1
강남구,개포동,삼익대청아파트,60,14,1992,80000,0,2026,5,23
강남구,자곡동,래미안포레,84.85,6,2014,35753,0,2026,5,26
강남구,대치동,은마,84.43,13,1979,59000,120,2026,5,26
강남구,자곡동,강남한양수자인(4단지),84.89,8,2014,35753,0,2026,5,26
강남구,개포동,래미안블레스티지,59.837,20,2019,60000,179,2026,5,22
강남구,역삼동,원에디션강남,49.6878,10,2024,84000,55,2026,5,21
강남구,수서동,신동아,39.51,10,1992,30000,70,2026,5,5
강남구,자곡동,강남한양수자인(4단지),59.93,8,2014,11022,20,2026,5,26
강남구,자곡동,래미안포레,84.85,7,2014,35753,0,2026,5,26
강남구,역삼동,e-편한세상,59.606,9,2005,94500,0,2026,5,25
강남구,대치동,대치삼성,97.35,4,2000,150000,0,2026,5,9
강남구,청담동,청담현대3차아파트,109.53,9,1999,120000,0,2026,5,7
강남구,자곡동,래미안포레,84.85,9,2014,35753,0,2026,5,27
강남구,율현동,강남한신휴플러스6단지,59.98,5,2015,63000,0,2026,5,19
강남구,역삼동,e-편한세상,84.991,8,2005,10000,480,2026,5,23
강남구,대치동,개포우성2,127.78,9,1984,165000,0,2026,5,14
강남구,도곡동,한신엠비씨,84.74,5,1988,87000,50,2026,5,23
강남구,삼성동,우정에쉐르2,59.54,6,2004,4000,260,2026,5,26
강남구,대치동,은마,84.43,14,1979,70000,0,2026,5,23
강남구,자곡동,강남한양수자인(4단지),59.93,3,2014,16958,19,2026,5,26
강남구,자곡동,강남자곡 힐스테이트,59.93,9,2015,23595,0,2026,5,26
강남구,역삼동,e-편한세상,59.606,23,2005,114000,0,2026,5,20
강남구,대치동,한보미도맨션1,84.48,9,1983,110000,0,2026,5,14
강남구,자곡동,래미안포레,59.97,8,2014,29015,0,2026,5,26
강남구,일원동,수서,59.94,2,1992,5000,179,2026,5,23
강남구,압구정동,미성2차,140.9,7,1987,30000,520,2026,5,14
강남구,삼성동,레미안삼성1차(101동),101.34,4,2005,115000,0,2026,5,15
강남구,대치동,한보미도맨션2,126.33,8,1985,133000,0,2026,5,8
강남구,역삼동,원에디션강남,39.2805,7,2024,30000,245,2026,5,26
강남구,압구정동,미성1차,106.48,1,1982,10000,450,2026,5,24
강남구,대치동,풍림아이원4차(1007-2),111.54,10,2004,113000,0,2026,5,16
강남구,개포동,상지리츠빌,161.07,7,2003,2000,833,2026,5,20
강남구,수서동,까치마을,49.5,1,1993,47775,0,2026,5,21
강남구,삼성동,풍림(1차),113,1,1998,99000,0,2026,5,26
강남구,역삼동,역삼래미안,80.87,16,2005,10000,442,2026,5,12
강남구,개포동,개포래미안포레스트,84.83,23,2020,106000,40,2026,5,21
강남구,대치동,대치아이파크,84.98,14,2008,160000,0,2026,5,23
강남구,삼성동,현대아파트101동,84.87,16,1999,65000,160,2026,5,18
강남구,개포동,개포래미안포레스트,59.92,11,2020,105000,0,2026,5,23
강남구,일원동,푸른마을아파트101동~111동,84.93,12,1994,80000,0,2026,5,16
강남구,일원동,상록스타힐스,59.963,17,2022,12499,146,2026,5,18
강남구,수서동,강남데시앙포레,101.81,5,2014,130000,0,2026,5,22
강남구,도곡동,타워팰리스2,162.6,20,2003,245000,0,2026,5,15
강남구,도곡동,타워팰리스1,301.47,59,2002,300000,1000,2026,5,22
강남구,대치동,은마,76.79,12,1979,40000,130,2026,5,21
강남구,압구정동,현대65동(대림아크로빌아파트),243.23,2,1979,304500,0,2026,5,15
강남구,자곡동,래미안포레,59.97,8,2014,29015,0,2026,5,26
강남구,도곡동,타워팰리스3,124.641,34,2004,20000,750,2026,5,22
강남구,대치동,대우아이빌명문가(891-23),34.2,10,2004,26000,0,2026,5,20
강남구,개포동,개포자이프레지던스,84.5978,15,2023,73500,220,2026,5,23
강남구,삼성동,현대힐스테이트2단지,84.236,3,2008,120000,0,2026,5,22
강남구,역삼동,강남역우정에쉐르,17.23,7,2004,18000,10,2026,5,26
강남구,대치동,동부센트레빌,145.83,11,2005,240000,40,2026,5,26
강남구,대치동,대치르엘,35.9645,2,2021,17028,24,2026,5,26
강남구,자곡동,래미안포레,84.85,4,2014,35753,0,2026,5,26
강남구,도곡동,타워팰리스2,144.63,26,2003,230000,0,2026,5,17
강남구,압구정동,미성1차,105.65,12,1982,99700,0,2026,5,22
강남구,일원동,상록스타힐스,18.877,3,2022,3929,46,2026,5,7
강남구,대치동,선경2차(8동-12동),84.55,9,1985,120000,0,2026,5,16
강남구,일원동,디에이치자이개포,44.84,6,2021,22140,40,2026,5,26
강남구,수서동,수서한아름,129.45,10,1993,50000,190,2026,5,15
강남구,삼성동,LG선릉에클라트(B),36.35,14,2004,2000,140,2026,5,15
강남구,수서동,수서6,39.93,3,1992,803,11,2026,5,26
강남구,개포동,디에이치아너힐즈,76.1709,5,2019,10000,500,2026,5,26
강남구,개포동,삼익대청아파트,60,8,1992,73500,0,2026,5,26
강남구,도곡동,도곡렉슬,84.9231,15,2006,150000,0,2026,5,23
강남구,도곡동,도곡렉슬,84.9984,16,2006,115000,100,2026,5,9
강남구,도곡동,도곡렉슬,134.9023,9,2006,210000,0,2026,5,10
강남구,일원동,수서,59.96,15,1992,57750,0,2026,5,11
강남구,도곡동,도곡렉슬,59.9772,2,2006,70000,63,2026,5,22
강남구,삼성동,삼성동힐스테이트 1단지,84.236,13,2008,100000,120,2026,5,15
강남구,대치동,대치아이파크,59.96,7,2008,80000,160,2026,5,23
강남구,율현동,강남한신휴플러스6단지,84.83,8,2015,82000,0,2026,5,16
강남구,대치동,은마,76.79,5,1979,10000,250,2026,5,1
강남구,개포동,디에이치아너힐즈,84.6348,8,2019,160000,0,2026,5,22
강남구,역삼동,e-편한세상,84.675,19,2005,120700,0,2026,5,26
강남구,역삼동,에벤에셀빌라트,102.86,5,2001,70000,0,2026,5,23
강남구,역삼동,이스턴오피스텔,14.92,9,2014,1000,85,2026,5,14
강남구,개포동,개포6차우성아파트1동~8동,54.98,4,1987,35000,0,2026,5,23
강남구,청담동,청담3차이-편한세상(301동),84.97,3,2007,107100,0,2026,5,23
강남구,자곡동,래미안포레,59.97,11,2014,29015,0,2026,5,26
강남구,도곡동,아카데미스위트1,122.07,35,2004,150000,0,2026,5,21
강남구,수서동,까치마을,49.5,1,1993,25000,109,2026,5,23
강남구,개포동,래미안블레스티지,113.96,29,2019,200000,0,2026,5,25
강남구,대치동,대치삼성,97.35,14,2000,150000,0,2026,5,18
강남구,대치동,선경2차(8동-12동),84.55,13,1985,42000,280,2026,5,26
강남구,압구정동,"현대6차(78~81,83,84,86,87동)",144.2,7,1978,136500,0,2026,5,23
강남구,청담동,휴먼스타빌,39.95,8,2005,5000,220,2026,5,16
강남구,수서동,까치마을,34.44,11,1993,5000,105,2026,5,12
강남구,자곡동,래미안포레,59.71,5,2014,29015,0,2026,5,21
강남구,자곡동,래미안포레,84.83,10,2014,35753,0,2026,5,26
강남구,자곡동,강남자곡아이파크,84.92,9,2014,85000,0,2026,5,7
강남구,압구정동,한양5,100.5,3,1979,85000,0,2026,5,15
강남구,자곡동,래미안포레,84.85,4,2014,35753,0,2026,5,26
강남구,수서동,삼성,84.97,12,1997,100000,0,2026,5,23
강남구,자곡동,래미안포레,59.97,6,2014,29015,0,2026,5,22
강남구,개포동,개포우성3차,104.43,2,1984,76250,20,2026,5,23
강남구,도곡동,도곡렉슬,59.9772,17,2006,89200,0,2026,5,20
강남구,역삼동,역삼센트럴2차아이파크,19.685,4,2022,30000,0,2026,5,22
강남구,개포동,현대아파트3,163.85,5,1986,140000,0,2026,5,8
강남구,수서동,신동아,33.18,11,1992,45000,0,2026,5,24
강남구,역삼동,강남센트럴아이파크,84.915,17,2022,80000,320,2026,5,9
강남구,자곡동,래미안포레,59.71,5,2014,29015,0,2026,5,26
강남구,개포동,개포자이프레지던스,59.8363,11,2023,80000,220,2026,5,25
강남구,일원동,디에이치자이개포,84.71,6,2021,126000,105,2026,5,23
강남구,도곡동,경남,84.94,11,2005,105000,0,2026,5,20
강남구,자곡동,래미안포레,59.92,2,2014,29015,0,2026,5,18
강남구,자곡동,강남한양수자인(4단지),49.94,7,2014,5642,39,2026,5,22
강남구,수서동,신동아,33.18,13,1992,2000,135,2026,5,18
강남구,수서동,신동아,33.18,3,1992,12000,100,2026,5,23
강남구,대치동,삼성2차,162.51,2,1999,80000,250,2026,5,21
강남구,도곡동,삼성,84.81,2,1994,110000,0,2026,5,9
강남구,일원동,수서,39.98,10,1992,5000,155,2026,5,2
강남구,삼성동,레미안삼성1차(101동),125.8,4,2005,140000,0,2026,5,22
강남구,개포동,성원대치2단지아파트,49.86,6,1992,52500,0,2026,5,22
강남구,자곡동,래미안포레,84.99,10,2014,84000,0,2026,5,16
강남구,대치동,래미안대치하이스턴,110.39,10,1989,170000,0,2026,5,22
강남구,개포동,성원대치2단지아파트,49.86,2,1992,45000,80,2026,5,15
강남구,개포동,경남1,123.28,8,1984,90000,120,2026,5,19
강남구,도곡동,타워팰리스3,124.641,36,2004,20000,720,2026,5,22
강남구,삼성동,엘에이치삼성도시형생활주택,29.08,7,2013,2000,130,2026,5,1
강남구,자곡동,래미안포레,59.88,1,2014,29015,0,2026,5,22
강남구,역삼동,에스케이허브젠,84.99,13,2005,5000,360,2026,5,7
강남구,청담동,삼환(101동),84.76,2,1999,10000,330,2026,5,22
강남구,삼성동,현대힐스테이트2단지,84.349,6,2008,75000,200,2026,5,22
강남구,자곡동,래미안포레,59.92,6,2014,29015,0,2026,5,22
강남구,역삼동,래미안그레이튼(진달래2차),84.81,19,2010,80000,200,2026,5,16
강남구,역삼동,진넥스빌2,23.85,7,2003,1000,80,2026,5,13
강남구,역삼동,래미안그레이튼,59.97,2,2009,37132,0,2026,5,22
강남구,개포동,개포자이프레지던스,114.8054,28,2023,270000,0,2026,5,20
강남구,역삼동,e-편한세상,59.606,14,2005,115000,0,2026,5,22
강남구,대치동,래미안대치팰리스,84.99,17,2015,170000,80,2026,5,22
강남구,수서동,까치마을,49.5,5,1993,68000,0,2026,5,21
강남구,역삼동,래미안그레이튼,59.97,1,2009,62107,0,2026,5,22
강남구,도곡동,도곡렉슬,59.9818,2,2006,100000,70,2026,5,18
강남구,자곡동,강남한양수자인(4단지),59.93,5,2014,13933,4,2026,5,22
강남구,수서동,까치마을,34.44,15,1993,5000,106,2026,5,12
강남구,압구정동,미성2차,74.4,16,1987,73500,0,2026,5,16
강남구,대치동,은마,84.43,11,1979,40000,159,2026,5,21
강남구,도곡동,한신엠비씨,58.46,1,1988,59850,0,2026,5,22
강남구,자곡동,래미안포레,49.94,10,2014,9610,15,2026,5,21
강남구,청담동,청담현대3차아파트,59.95,17,1999,78000,0,2026,5,22
강남구,수서동,까치마을,49.5,4,1993,47000,0,2026,5,20
강남구,자곡동,래미안포레,59.88,4,2014,29015,0,2026,5,22
강남구,개포동,성원대치2단지아파트,49.86,4,1992,60000,0,2026,5,7
강남구,삼성동,노바삼성,15,5,2023,300,120,2026,5,22
강남구,신사동,로데오현대,84.96,4,1998,90000,0,2026,5,16
강남구,압구정동,현대4차저층(51~56동),117.91,2,1977,128000,0,2026,5,19
강남구,자곡동,강남한양수자인(4단지),84.89,5,2014,35753,0,2026,5,22
강남구,자곡동,래미안포레,59.97,10,2014,29015,0,2026,5,21
강남구,개포동,뉴현대파크빌,83.46,2,2001,60000,0,2026,5,21
강남구,자곡동,래미안강남힐즈,91.96,5,2014,10000,350,2026,5,18
강남구,자곡동,강남자곡 힐스테이트,74.8,6,2015,65000,0,2026,5,22
강남구,자곡동,래미안포레,59.92,6,2014,29015,0,2026,5,22
강남구,역삼동,대우디오빌플러스,43.99,3,2004,36700,0,2026,5,16
강남구,자곡동,강남한양수자인(4단지),49.94,7,2014,9877,16,2026,5,22
강남구,자곡동,강남한양수자인(4단지),49.94,6,2014,7157,51,2026,5,22
강남구,수서동,까치마을,34.44,11,1993,42000,0,2026,5,22
강남구,역삼동,e-편한세상,59.606,7,2005,10000,355,2026,5,22
강남구,개포동,래미안블레스티지,84.943,9,2019,145000,0,2026,5,16
강남구,역삼동,역삼동우정에쉐르1,57.98,5,2004,2500,177,2026,5,7
강남구,논현동,두산위브2단지,84.721,10,2004,95000,0,2026,5,21
강남구,도곡동,삼익,104.01,3,1983,70000,90,2026,5,21
강남구,자곡동,래미안포레,59.97,9,2014,29015,0,2026,5,22
강남구,도곡동,럭키(963),124.1,1,1995,20000,360,2026,5,12
강남구,삼성동,삼성동롯데아파트,84.87,6,2000,93700,0,2026,5,8
강남구,자곡동,래미안포레,59.92,11,2014,34818,0,2026,5,22
강남구,자곡동,래미안포레,49.94,9,2014,3219,41,2026,5,21
강남구,삼성동,청구아파트,84.99,7,1992,68000,0,2026,5,4
강남구,자곡동,래미안포레,49.94,7,2014,6017,35,2026,5,22
강남구,역삼동,이스턴오피스텔,15.25,14,2014,16600,10,2026,5,22
강남구,자곡동,래미안포레,59.92,5,2014,29015,0,2026,5,22
강남구,개포동,성원대치2단지아파트,33.18,11,1992,39000,0,2026,5,22
강남구,도곡동,도곡렉슬,59.9203,18,2006,87000,16,2026,5,21
강남구,수서동,수서한아름,163.68,12,1993,140000,0,2026,5,1
강남구,도곡동,도곡렉슬,84.9231,11,2006,140000,70,2026,5,21
강남구,자곡동,래미안포레,59.97,6,2014,39583,0,2026,5,21
강남구,자곡동,강남한양수자인(4단지),49.94,8,2014,5642,39,2026,5,22
강남구,개포동,삼익대청아파트,39.53,4,1992,50000,0,2026,5,21
강남구,자곡동,강남한양수자인(4단지),59.93,3,2014,14303,2,2026,5,22
강남구,자곡동,래미안포레,84.85,9,2014,35753,0,2026,5,22
강남구,개포동,디에이치아너힐즈,59.7479,20,2019,80000,160,2026,5,20
강남구,자곡동,강남한양수자인(4단지),59.97,6,2014,15627,11,2026,5,21
강남구,삼성동,대우멤버스카운티501,119.41,4,2005,60000,296,2026,5,21
강남구,자곡동,래미안포레,59.92,6,2014,29015,0,2026,5,22
강남구,압구정동,한양3,116.94,13,1978,95000,0,2026,5,9
강남구,대치동,은마,84.43,10,1979,38000,165,2026,5,21
강남구,자곡동,강남한양수자인(4단지),84.89,3,2014,35753,0,2026,5,21
강남구,삼성동,풍림(1차),59.7,17,1998,70000,0,2026,5,16
강남구,세곡동,세곡리엔파크(4단지),59.75,9,2011,17477,0,2026,5,21
강남구,자곡동,래미안포레,59.92,5,2014,29015,0,2026,5,21
강남구,역삼동,한스빌(836),41.95,8,1996,2000,120,2026,5,8
강남구,개포동,개포래미안포레스트,84.86,5,2020,133000,0,2026,5,9
강남구,자곡동,래미안포레,59.92,6,2014,29015,0,2026,5,21
강남구,삼성동,삼성동힐스테이트 1단지,84.349,13,2008,5000,460,2026,5,21
강남구,자곡동,래미안포레,49.94,8,2014,12103,1,2026,5,21
강남구,자곡동,강남한양수자인(4단지),59.88,2,2014,6728,44,2026,5,21
강남구,역삼동,강남센트럴아이파크,84.99,29,2022,50000,470,2026,5,20
강남구,신사동,래미안신사,84.89,10,2008,130000,0,2026,5,21
강남구,대치동,은마,84.43,14,1979,78750,0,2026,5,18
강남구,자곡동,강남에버시움,36.62,2,2013,2310,29,2026,5,21
강남구,삼성동,대우멤버스카운티501,119.41,2,2005,100000,240,2026,5,15
강남구,자곡동,강남한양수자인(4단지),59.93,5,2014,16595,21,2026,5,21
강남구,자곡동,래미안포레,59.97,7,2014,29015,0,2026,5,21
강남구,수서동,까치마을,34.44,4,1993,30000,0,2026,5,16
강남구,자곡동,래미안포레,59.92,5,2014,29015,0,2026,5,21
강남구,자곡동,강남한양수자인(4단지),59.97,4,2014,14296,2,2026,5,21
강남구,도곡동,럭키(963),124.66,1,1995,25000,320,2026,5,15
강남구,자곡동,래미안포레,59.97,7,2014,29015,0,2026,5,21
강남구,자곡동,강남한양수자인(4단지),59.93,8,2014,6656,44,2026,5,21
강남구,자곡동,강남한양수자인(4단지),59.88,4,2014,14296,2,2026,5,21
강남구,개포동,개포자이프레지던스,78.3265,4,2023,152000,0,2026,5,15
강남구,자곡동,래미안포레,84.85,4,2014,35753,0,2026,5,21
강남구,세곡동,강남엘에이치1단지,74.74,2,2013,80000,0,2026,5,16
강남구,자곡동,래미안포레,59.97,3,2014,29015,0,2026,5,21
강남구,삼성동,미켈란107,83,18,2003,85000,0,2026,5,21
강남구,역삼동,강남센트럴아이파크,84.99,29,2022,50000,470,2026,5,20
강남구,일원동,래미안 개포 루체하임,49.99,19,2018,14912,113,2026,5,21
강남구,압구정동,현대13차(208~211동),105.31,5,1983,90000,0,2026,5,6
강남구,대치동,대치동더블유타워,33.78,5,2013,1000,130,2026,5,18
강남구,도곡동,경남,84.94,13,2005,90000,50,2026,5,21
강남구,청담동,휴먼스타빌,35.905,23,2005,42000,0,2026,5,21
강남구,역삼동,역삼I'PARK,28.246,5,2006,2000,168,2026,5,20
강남구,자곡동,강남한양수자인(4단지),49.94,9,2014,4742,41,2026,5,14
강남구,삼성동,서광아파트,59.67,11,1998,20000,230,2026,5,19
강남구,수서동,삼익,60,5,1992,10000,190,2026,5,21
강남구,일원동,푸른마을아파트101동~111동,59.76,9,1994,77000,0,2026,5,21
강남구,자곡동,강남한양수자인(4단지),49.94,6,2014,12113,3,2026,5,21
강남구,도곡동,우성4,126.46,7,1985,125000,0,2026,5,21
강남구,압구정동,한양1차(영동한양),91.21,12,1977,105000,0,2026,5,9
강남구,도곡동,삼성래미안,89.88,13,2001,125000,0,2026,5,18
강남구,자곡동,강남한양수자인(4단지),59.97,10,2014,7132,42,2026,5,21
강남구,개포동,개포자이프레지던스,59.9751,22,2023,150000,0,2026,5,21
강남구,자곡동,래미안포레,59.97,4,2014,29015,0,2026,5,21
강남구,대치동,대치삼성,84.58,11,2000,118650,0,2026,5,20
강남구,자곡동,강남한양수자인(4단지),84.89,8,2014,35753,0,2026,5,21
강남구,대치동,은마,84.43,2,1979,50000,140,2026,5,20
강남구,세곡동,강남엘에이치1단지,84.83,14,2013,25000,250,2026,5,18
강남구,자곡동,래미안포레,84.85,11,2014,35753,0,2026,5,21
강남구,대치동,대치푸르지오써밋,84.9664,7,2023,147000,0,2026,5,20
강남구,도곡동,우성사원5,78.99,5,1986,10000,340,2026,5,2
강남구,자곡동,강남한양수자인(4단지),59.88,4,2014,14593,44,2026,5,21
강남구,수서동,수서한아름,129.45,14,1993,130000,0,2026,5,11
강남구,대치동,은마,76.79,8,1979,77000,0,2026,5,20
강남구,자곡동,래미안포레,59.92,7,2014,29015,0,2026,5,20
강남구,자곡동,래미안포레,49.94,6,2014,11788,3,2026,5,21
강남구,자곡동,강남한양수자인(4단지),59.93,2,2014,11022,20,2026,5,20
강남구,대치동,한보미도맨션1,84.48,9,1983,100000,0,2026,5,1
강남구,자곡동,강남한양수자인(4단지),84.89,1,2014,35753,0,2026,5,21
강남구,도곡동,도곡렉슬,119.8906,5,2006,162700,0,2026,5,1
강남구,자곡동,강남한양수자인(4단지),59.97,8,2014,6656,44,2026,5,20
강남구,자곡동,강남한양수자인(4단지),59.93,4,2014,9937,26,2026,5,21
강남구,율현동,강남한신휴플러스6단지,39.86,3,2015,4159,30,2026,5,20
강남구,자곡동,강남한양수자인(4단지),59.97,2,2014,11241,19,2026,5,21
강남구,자곡동,래미안포레,84.85,7,2014,35753,0,2026,5,21
강남구,자곡동,래미안포레,49.94,3,2014,11788,3,2026,5,21
강남구,개포동,개포래미안포레스트,84.86,3,2020,130000,0,2026,5,21
강남구,자곡동,래미안포레,59.97,4,2014,29015,0,2026,5,15
강남구,역삼동,e-편한세상,59.606,6,2005,97600,0,2026,5,20
강남구,개포동,개포자이프레지던스,78.7747,29,2023,90000,120,2026,5,19
강남구,자곡동,래미안포레,84.85,7,2014,35753,0,2026,5,20
송파구,가락동,헬리오시티,84.98,1,2018,90000,130,2026,5,30
송파구,가락동,현대(6차),84.8,4,1991,50000,0,2026,5,8
송파구,장지동,송파더센트레,51.77,14,2013,53200,0,2026,5,4
송파구,풍납동,미성,116.965,6,1985,52500,10,2026,5,2
송파구,신천동,파크리오,84.9,8,2008,115000,0,2026,5,23
송파구,신천동,파크리오,35.24,3,2008,5000,160,2026,5,2
송파구,가락동,우성,43.79,6,1986,41000,0,2026,5,29
송파구,방이동,올림픽선수기자촌2단지,83.06,2,1988,73868,0,2026,5,30
송파구,장지동,위례24단지(꿈에그린),84.93,18,2013,44000,160,2026,5,23
송파구,장지동,위례24단지(꿈에그린),59.85,9,2013,56500,0,2026,5,17
송파구,풍납동,신성노바빌아파트,59.78,12,2000,20000,100,2026,5,31
송파구,잠실동,잠실엘스,84.88,2,2008,60000,153,2026,5,27
송파구,신천동,파크리오,84.9,8,2008,99750,0,2026,5,30
송파구,가락동,헬리오시티,59.96,18,2018,40000,186,2026,5,30
송파구,문정동,문정시영,35.46,5,1989,20000,0,2026,5,22
송파구,잠실동,리센츠,124.22,21,2008,120000,270,2026,5,29
송파구,가락동,헬리오시티,84.98,4,2018,110200,0,2026,5,12
송파구,거여동,송파레이크파크호반써밋Ⅰ,108.8119,2,2022,45000,104,2026,5,27
송파구,장지동,위례2차아이파크,90.8877,17,2016,95000,0,2026,5,23
송파구,송파동,송파삼성래미안아파트,79.7,7,2001,85000,0,2026,5,16
송파구,가락동,우성,43.79,3,1986,35000,50,2026,5,23
송파구,장지동,위례24단지(꿈에그린),59.66,16,2013,13400,220,2026,5,23
송파구,장지동,송파더센트레,59.96,15,2013,40000,120,2026,5,2
송파구,마천동,금호어울림,84.96,7,2006,56700,0,2026,5,16
송파구,신천동,파크리오,59.95,5,2008,105000,0,2026,5,15
송파구,오금동,송파더플래티넘,106.23,9,2024,73500,0,2026,5,2
송파구,장지동,위례24단지(꿈에그린),59.66,11,2013,71000,0,2026,5,9
송파구,장지동,위례24단지(꿈에그린),59.63,9,2013,40000,155,2026,5,9
송파구,잠실동,리센츠,27.68,20,2008,5000,220,2026,5,7
송파구,풍납동,신성노바빌아파트,59.78,10,2000,55000,0,2026,5,9
송파구,가락동,래미안파크팰리스,59.968,16,2007,62400,60,2026,5,10
송파구,거여동,송파시그니처롯데캐슬,84.98,22,2021,95000,0,2026,5,4
송파구,가락동,현대(5차),54,8,1989,27300,0,2026,5,2
송파구,잠실동,잠실엘스,59.96,20,2008,75000,140,2026,5,1
송파구,가락동,헬리오시티,84.99,3,2018,102000,60,2026,5,1
송파구,문정동,문정시영,46.26,14,1989,25200,0,2026,5,1
송파구,신천동,파크리오,84.9,4,2008,25000,280,2026,5,30
송파구,장지동,위례24단지(꿈에그린),51.77,12,2013,15000,160,2026,5,27
송파구,잠실동,잠실엘스,84.88,12,2008,45000,280,2026,5,2
송파구,가락동,래미안파크팰리스,59.968,2,2007,10000,260,2026,5,14
송파구,마천동,우방아파트,79.07,1,2002,10000,165,2026,5,30
송파구,방이동,올림픽선수기자촌1단지,83.06,10,1988,60000,130,2026,5,14
송파구,마천동,신동아,84.71,14,2001,65000,0,2026,5,23
송파구,장지동,위례24단지(꿈에그린),51.77,9,2013,10000,200,2026,5,23
송파구,잠실동,트리지움,84.83,24,2007,10000,450,2026,5,12
송파구,장지동,위례24단지(꿈에그린),51.77,1,2013,61000,0,2026,5,25
송파구,신천동,파크리오,35.24,4,2008,3000,189,2026,5,9
송파구,잠실동,잠실엘스,84.8,18,2008,90000,150,2026,5,1
송파구,거여동,송파레이크파크호반써밋Ⅱ,108.8119,6,2022,97000,0,2026,5,16
송파구,가락동,가락(1차)쌍용아파트,59.92,8,1997,65000,0,2026,5,30
송파구,송파동,현대,84.96,12,1997,50000,120,2026,5,9
송파구,거여동,거여6단지,38.32,6,1997,466,16,2026,5,18
송파구,장지동,위례24단지(꿈에그린),84.96,12,2013,85000,0,2026,5,28
송파구,신천동,파크리오,84.79,27,2008,85000,100,2026,5,12
송파구,장지동,힐스테이트송파위례,101.8,23,2016,97000,0,2026,5,6
송파구,가락동,헬리오시티,84.99,30,2018,110000,0,2026,5,24
송파구,잠실동,리센츠,84.99,21,2008,136500,0,2026,5,23
송파구,신천동,파크리오,59.95,5,2008,87150,0,2026,5,30
송파구,문정동,문정역마에스트로,34.8651,20,2024,23200,27,2026,5,20
송파구,가락동,헬리오시티,49.21,15,2018,22580,29,2026,5,8
송파구,장지동,송파파인타운10단지,59.95,6,2007,40000,125,2026,5,30
송파구,장지동,송파파인타운10단지,59.95,6,2007,40000,125,2026,5,30
송파구,가락동,헬리오시티,49.21,6,2018,22580,29,2026,5,6
송파구,장지동,송파더센트레,51.77,14,2013,53200,0,2026,5,4
송파구,신천동,파크리오,59.95,15,2008,96000,0,2026,5,9
송파구,거여동,송파레이크파크호반써밋Ⅱ,110.8519,13,2022,10000,450,2026,5,28
송파구,가락동,가락(1차)쌍용아파트,59.92,16,1997,43500,70,2026,5,26
송파구,잠실동,리센츠,27.68,10,2008,75000,0,2026,5,22
송파구,장지동,위례신도시송파푸르지오,106.967,18,2015,100000,0,2026,5,30
송파구,문정동,동부브리앙뜨1,83.07,4,2003,15000,200,2026,5,23
송파구,문정동,올림픽훼밀리타운,136.325,2,1988,80000,100,2026,5,15
송파구,가락동,헬리오시티,39.1,5,2018,16622,22,2026,5,7
송파구,마천동,한보1,49.54,3,1998,5000,120,2026,5,8
송파구,신천동,잠실시그마타워,208.72,14,1996,100000,0,2026,5,8
송파구,가락동,우성,43.79,3,1986,35000,50,2026,5,23
송파구,방이동,올림픽선수기자촌3단지,135.99,3,1988,120000,0,2026,5,30
송파구,가락동,헬리오시티,59.96,2,2018,10000,390,2026,5,11
송파구,문정동,건영1,84.39,8,1996,20000,150,2026,5,12
송파구,잠실동,우성아파트,80.35,2,1981,54000,0,2026,5,30
송파구,거여동,거여1단지,49.8,5,1997,35000,0,2026,5,23
송파구,잠실동,잠실엘스,84.88,10,2008,120750,0,2026,5,11
송파구,가락동,헬리오시티,84.98,10,2018,120000,0,2026,5,12
송파구,마천동,마천동금호타운1,84.79,17,1998,66000,0,2026,5,21
송파구,문정동,문정래미안,84.96,3,2004,90000,0,2026,5,14
송파구,오금동,대림,84.91,5,1988,81000,0,2026,5,26
송파구,방이동,올림픽선수기자촌3단지,83.06,11,1988,30000,152,2026,5,30
송파구,거여동,거여6단지,38.32,15,1997,1167,14,2026,5,18
송파구,문정동,파크하비오,84.9648,9,2016,90000,20,2026,5,23
송파구,잠실동,주공아파트 5단지,76.5,5,1978,60000,0,2026,5,30
송파구,장지동,송파파인타운4단지,84.95,6,2008,70350,0,2026,5,30
송파구,오금동,우방,84.95,19,2001,15000,200,2026,5,20
송파구,가락동,헬리오시티,110.44,21,2018,20000,530,2026,5,26
송파구,신천동,파크리오,84.79,11,2008,10000,460,2026,5,23
송파구,신천동,잠실더샵스타파크,186.46,31,2008,200000,0,2026,5,29
송파구,풍납동,씨티극동1,59.69,15,1998,60000,0,2026,5,23
송파구,방이동,올림픽선수기자촌2단지,126.18,1,1988,90000,200,2026,5,29
송파구,장지동,송파더센트레,59.85,24,2013,69000,0,2026,5,27
송파구,신천동,잠실푸르지오월드마크,84.39,34,2013,20000,400,2026,5,23
송파구,신천동,파크리오,84.79,2,2008,115500,0,2026,5,25
송파구,거여동,송파시그니처롯데캐슬,84.98,10,2021,15000,300,2026,5,22
송파구,신천동,파크리오,84.9,3,2008,110200,0,2026,5,5
송파구,석촌동,양지473,30.05,10,2021,44870,0,2026,5,26
송파구,거여동,송파레이크파크호반써밋Ⅰ,108.0459,5,2022,70000,35,2026,5,23
송파구,가락동,삼환,121.04,9,1984,1000,150,2026,5,13
송파구,송파동,2차한양아파트,108.68,3,1984,63000,0,2026,5,21
송파구,가락동,헬리오시티,84.98,8,2018,20000,400,2026,5,22
송파구,마천동,금호어울림,84.96,5,2006,52500,0,2026,5,31
송파구,가락동,헬리오시티,39.17,11,2018,7000,150,2026,5,15
송파구,가락동,헬리오시티,49.21,29,2018,90000,0,2026,5,25
송파구,가락동,헬리오시티,84.98,3,2018,20000,425,2026,5,30
송파구,문정동,힐스테이트e편한세상문정,49.92,9,2024,72500,0,2026,5,25
송파구,장지동,송파와이즈더샵,97.0756,9,2016,80850,0,2026,5,23
송파구,잠실동,트리지움,84.83,26,2007,20000,410,2026,5,28
송파구,문정동,올림픽훼밀리타운,84.751,5,1988,49600,20,2026,5,23
송파구,잠실동,우성4차,81.14,5,1983,3000,150,2026,5,27
송파구,거여동,거여6단지,38.32,4,1997,2721,6,2026,5,18
송파구,장지동,위례중앙푸르지오2단지,84.7809,9,2016,90000,0,2026,5,23
송파구,방이동,대림,125.075,5,1985,75000,0,2026,5,30
송파구,가락동,헬리오시티,84.98,22,2018,58000,200,2026,5,30
송파구,가락동,금성프라자1,155.08,7,1992,69000,0,2026,5,1
송파구,신천동,파크리오,121.63,26,2008,140000,0,2026,5,21
송파구,가락동,가락쌍용(2차),84.42,11,1999,80000,0,2026,5,16
송파구,잠실동,잠실엘스,84.88,23,2008,60000,320,2026,5,28
송파구,문정동,성해,75.83,2,2003,55000,30,2026,5,16
송파구,거여동,송파레이크파크호반써밋Ⅱ,108.8119,12,2022,90000,16,2026,5,30
송파구,잠실동,잠실엘스,84.8,3,2008,60000,210,2026,5,19
송파구,거여동,거여5단지,59.74,3,1997,10000,150,2026,5,21
송파구,가락동,한화오벨리스크,30.25,20,2004,21000,0,2026,5,16
송파구,잠실동,레이크팰리스,116.19,1,2006,140000,0,2026,5,6
송파구,거여동,송파레이크파크호반써밋Ⅱ,108.8119,13,2022,30000,215,2026,5,20
송파구,송파동,트윈레이크팰리스빌,29.12,4,2018,3000,150,2026,5,23
송파구,장지동,힐스테이트송파위례,101.8,17,2016,10000,380,2026,5,7
송파구,문정동,힐스테이트e편한세상문정,59.94,17,2024,40000,160,2026,5,23
송파구,오금동,상아2차아파트,50.72,9,1988,40000,0,2026,5,25
송파구,장지동,송파파인타운6단지,84.98,10,2008,71400,0,2026,5,20
송파구,오금동,에스아이팰리스송파올림픽공원,16.6,15,2021,3000,95,2026,5,19
송파구,잠실동,주공아파트 5단지,76.5,1,1978,25000,90,2026,5,12
송파구,잠실동,트리지움,59.88,25,2007,70000,160,2026,5,23
송파구,문정동,문정래미안,150.58,20,2004,90000,135,2026,5,22
송파구,잠실동,트리지움,84.83,6,2007,130000,0,2026,5,19
송파구,송파동,송파삼성래미안아파트,79.7,3,2001,100000,0,2026,5,30
송파구,거여동,우방1,84.9,5,1999,65000,0,2026,5,2
송파구,가락동,에스아이팰리스송파포레,32.71,6,2023,1000,215,2026,5,22
송파구,문정동,문정대우푸르지오3차,84.96,4,2002,15000,110,2026,5,20
송파구,신천동,파크리오,144.77,9,2008,30000,404,2026,5,8
송파구,잠실동,주공아파트 5단지,81.75,1,1978,27000,73,2026,5,21
송파구,잠실동,리센츠,124.22,26,2008,20000,680,2026,5,23
송파구,송파동,송파센텀레이크,68.6612,4,2024,73000,15,2026,5,25
송파구,장지동,위례24단지(꿈에그린),84.93,20,2013,55000,120,2026,5,20
송파구,잠실동,주공아파트 5단지,76.5,13,1978,5000,240,2026,5,20
송파구,장지동,송파파인타운3단지,84.94,7,2008,82000,0,2026,5,22
송파구,송파동,갑오빌라트,75.13,4,2003,45000,45,2026,5,16
송파구,문정동,파크하비오,84.9342,13,2016,92000,0,2026,5,30
송파구,장지동,위례24단지(꿈에그린),84.96,11,2013,30000,240,2026,5,20
송파구,장지동,송파파인타운6단지,84.94,14,2008,83000,0,2026,5,23
송파구,잠실동,레이크팰리스,59.97,20,2006,118000,0,2026,5,4
송파구,거여동,포레나송파,80.41,10,2021,70000,0,2026,5,16
송파구,잠실동,잠실엘스,84.8,6,2008,95000,160,2026,5,23
송파구,신천동,한신잠실코아,50.76,10,1988,5000,190,2026,5,16
송파구,가락동,헬리오시티,59.96,4,2018,10000,380,2026,5,11
송파구,신천동,파크리오,59.95,13,2008,2000,330,2026,5,14
송파구,장지동,송파파인타운10단지,59.96,9,2007,63000,0,2026,5,23
송파구,장지동,송파파인타운3단지,84.94,2,2008,30000,210,2026,5,16
송파구,문정동,현대2,59.91,6,1995,63000,0,2026,5,13
송파구,오금동,현대(2-4차),84.98,7,1984,55000,50,2026,5,15
송파구,거여동,송파시그니처롯데캐슬,84.98,29,2021,75500,0,2026,5,30
송파구,가락동,헬리오시티,39.1,14,2018,20000,220,2026,5,30
송파구,잠실동,트리지움,84.83,14,2007,30000,380,2026,5,25
송파구,신천동,파크리오,35.24,10,2008,3000,208,2026,5,30
송파구,마천동,송파파크데일1단지,84.13,9,2011,20000,230,2026,5,28
송파구,가락동,가락(1차)쌍용아파트,84.69,8,1997,40000,180,2026,5,29
송파구,잠실동,트리지움,59.88,1,2007,20000,270,2026,5,23
송파구,잠실동,트리지움,59.88,20,2007,60000,126,2026,5,29
송파구,잠실동,레이크팰리스,59.97,22,2006,60000,137,2026,5,9
송파구,잠실동,트리지움,84.83,17,2007,113000,0,2026,5,23
송파구,장지동,위례24단지(꿈에그린),84.93,9,2013,81400,0,2026,5,16
송파구,가락동,송파동부쎈트레빌,84.98,12,2004,85000,0,2026,5,20
송파구,거여동,송파시그니처롯데캐슬,84.98,21,2021,2000,85,2026,5,26
송파구,장지동,송파더센트레,51.77,2,2013,44000,0,2026,5,4
송파구,잠실동,트리지움,114.7,10,2007,20000,550,2026,5,22
송파구,송파동,2차한양아파트,108.68,3,1984,30000,100,2026,5,30
송파구,거여동,거여3단지,39.936,1,2000,3801,9,2026,5,19
송파구,신천동,파크리오,84.79,4,2008,5000,360,2026,5,13
송파구,문정동,파크하비오,116.1338,4,2016,125000,0,2026,5,21
송파구,풍납동,미성,116.965,5,1985,15000,200,2026,5,13
송파구,오금동,상아2차아파트,45.77,11,1988,27563,17,2026,5,21
송파구,가락동,한신1,84.53,7,1993,60000,0,2026,5,22
송파구,오금동,상아2차아파트,84.98,5,1988,66000,0,2026,5,25
송파구,문정동,문정래미안,170.7,15,2004,110250,0,2026,5,28
송파구,가락동,헬리오시티,84.98,13,2018,75246,0,2026,5,25
송파구,신천동,파크리오,84.9,3,2008,27000,330,2026,5,16
송파구,방이동,현대주상복합,30.8,3,1998,18375,0,2026,5,15
송파구,풍납동,현대리버빌1지구,43.2,1,1999,34650,0,2026,5,30
송파구,오금동,상아2차아파트,84.98,5,1988,66000,0,2026,5,25
송파구,잠실동,우성아파트,82.06,7,1981,50000,0,2026,5,13
송파구,풍납동,쌍용,84.86,19,1994,59000,0,2026,5,30
송파구,장지동,위례신도시송파푸르지오,106.967,29,2015,96600,0,2026,5,30
송파구,장지동,송파파인타운12단지,84.92,1,2011,20000,200,2026,5,5
송파구,방이동,해동아파트A동(134-5),64.55,6,2007,42000,0,2026,5,16
송파구,잠실동,리센츠,84.99,8,2008,131250,0,2026,5,19
송파구,장지동,송파파인타운3단지,84.94,9,2008,35000,165,2026,5,29
송파구,잠실동,잠실엘스,59.96,10,2008,99750,0,2026,5,19
송파구,장지동,위례24단지(꿈에그린),51.77,1,2013,10000,115,2026,5,24
송파구,잠실동,잠실엘스,59.96,8,2008,10000,316,2026,5,28
송파구,가락동,헬리오시티,84.99,16,2018,15000,410,2026,5,16
송파구,신천동,파크리오,84.79,24,2008,115000,0,2026,5,28
송파구,풍납동,올림픽레아아파트,40.283,7,2024,57000,0,2026,5,6
송파구,방이동,이스턴잠실,23.93,7,2020,30800,0,2026,5,30
송파구,신천동,파크리오,144.77,18,2008,152000,0,2026,5,21
송파구,거여동,송파시그니처롯데캐슬,59.98,26,2021,60000,43,2026,5,11
송파구,오금동,오금아르미안,82.88,4,2003,10000,120,2026,5,21
송파구,풍납동,한강극동,59.26,3,1995,50000,0,2026,5,11
송파구,잠실동,잠실엘스,84.8,5,2008,60000,240,2026,5,30
송파구,장지동,송파파인타운10단지,59.96,7,2007,10000,190,2026,5,21
송파구,가락동,헬리오시티,39.86,6,2018,25000,188,2026,5,20
송파구,오금동,송파호반베르디움더퍼스트,101.4632,14,2018,85000,25,2026,5,26
송파구,풍납동,올림픽레아아파트,29.2211,5,2024,35000,0,2026,5,12
송파구,잠실동,리센츠,84.99,26,2008,10000,490,2026,5,23
송파구,신천동,파크리오,84.9,8,2008,115000,0,2026,5,23
송파구,오금동,현대백조,78.59,6,1997,60000,10,2026,5,23
송파구,풍납동,현대1,83.02,3,1995,40000,150,2026,5,1
송파구,풍납동,현대리버빌1지구,187.12,13,1999,100000,0,2026,5,29
송파구,마천동,한보1,39.1,5,1998,16000,0,2026,5,16
송파구,문정동,건영1,84.39,1,1996,45000,20,2026,5,16
송파구,잠실동,주공아파트 5단지,76.5,9,1978,52500,0,2026,5,30
송파구,문정동,올림픽훼밀리타운,158.705,3,1988,115000,0,2026,5,14
송파구,풍납동,강변현대,83.19,1,1991,50000,0,2026,5,16
송파구,마천동,성영,80.13,1,2000,41000,0,2026,5,9
송파구,신천동,잠실푸르지오월드마크,119.58,16,2013,30000,500,2026,5,30
송파구,문정동,문정시영,39.69,12,1989,24000,0,2026,5,30
송파구,거여동,포레나송파,80.69,11,2021,88000,0,2026,5,26
송파구,잠실동,주공아파트 5단지,82.51,10,1978,60500,0,2026,5,18
송파구,잠실동,우성4차,81.14,1,1983,22000,40,2026,5,15
송파구,가락동,헬리오시티,84.98,11,2018,60000,240,2026,5,16
송파구,잠실동,리센츠,84.99,7,2008,149000,0,2026,5,20
송파구,신천동,장미2,71.2,5,1979,50000,9,2026,5,30
송파구,가락동,헬리오시티,84.98,5,2018,20000,420,2026,5,23
송파구,가락동,래미안파크팰리스,84.885,25,2007,95000,0,2026,5,30
송파구,가락동,두산위브,32.87,8,2004,21000,0,2026,5,20
송파구,문정동,문정래미안,150.58,10,2004,94500,0,2026,5,18
송파구,장지동,송파와이즈더샵,96.5326,13,2016,5000,400,2026,5,23
송파구,잠실동,트리지움,84.95,12,2007,30000,345,2026,5,7
송파구,가락동,성원상떼빌,108.65,5,2006,98000,0,2026,5,26
송파구,가락동,헬리오시티,84.99,22,2018,60000,260,2026,5,27
송파구,가락동,헬리오시티,110.44,6,2018,165000,0,2026,5,1
송파구,풍납동,드림스페이스II,14.71,5,2014,1000,65,2026,5,28
송파구,문정동,올림픽훼밀리타운,136.325,12,1988,80000,0,2026,5,27
송파구,신천동,파크리오,84.9,7,2008,10000,400,2026,5,14
송파구,신천동,파크리오,144.77,13,2008,150000,0,2026,5,20
송파구,잠실동,우성아파트,96.65,2,1981,11000,210,2026,5,23
송파구,장지동,위례24단지(꿈에그린),84.93,18,2013,44000,160,2026,5,23
송파구,송파동,현대,59.91,1,1997,65000,0,2026,5,29
송파구,문정동,문정시영,39.69,1,1989,27000,0,2026,5,16
송파구,잠실동,레이크팰리스,116.19,4,2006,155000,0,2026,5,22
송파구,잠실동,주공아파트 5단지,76.5,8,1978,3000,160,2026,5,27
송파구,잠실동,잠실엘스,119.93,4,2008,160000,0,2026,5,8
송파구,가락동,대림,69.74,14,1988,40000,120,2026,5,27
송파구,거여동,송파레이크파크호반써밋Ⅱ,108.8119,11,2022,105000,0,2026,5,31
송파구,문정동,문정시영,25.65,9,1989,2000,60,2026,5,28
송파구,가락동,헬리오시티,39.1,13,2018,18470,24,2026,5,6
송파구,가락동,헬리오시티,59.96,14,2018,73500,0,2026,5,16
송파구,가락동,헬리오시티,39.86,9,2018,20000,260,2026,5,8
송파구,잠실동,리센츠,84.99,19,2008,140000,0,2026,5,22
송파구,가락동,헬리오시티,39.1,20,2018,10000,280,2026,5,30
송파구,잠실동,잠실엘스,59.96,12,2008,103000,0,2026,5,20
송파구,잠실동,잠실엘스,59.96,12,2008,103000,0,2026,5,20
송파구,잠실동,리센츠,84.99,20,2008,10000,470,2026,5,14
송파구,가락동,현대(6차),84.8,5,1991,20000,50,2026,5,3
송파구,풍납동,극동,79.945,13,1987,5000,165,2026,5,7
송파구,가락동,헬리오시티,49.21,8,2018,22580,29,2026,5,6
송파구,신천동,파크리오,35.24,1,2008,2000,185,2026,5,16
송파구,신천동,파크리오,84.79,29,2008,99700,0,2026,5,23
송파구,장지동,위례24단지(꿈에그린),51.77,14,2013,10000,220,2026,5,20
송파구,잠실동,레이크팰리스,59.97,26,2006,105000,0,2026,5,11
송파구,잠실동,주공아파트 5단지,76.5,12,1978,62000,0,2026,5,30
송파구,거여동,e편한세상송파파크센트럴,84.96,12,2021,70000,0,2026,5,30
송파구,장지동,위례24단지(꿈에그린),51.77,1,2013,61000,0,2026,5,25
송파구,거여동,송파레이크파크호반써밋Ⅱ,108.8119,7,2022,88000,0,2026,5,11
송파구,장지동,송파파인타운10단지,59.96,8,2007,65600,0,2026,5,30
송파구,장지동,송파파인타운6단지,84.98,14,2008,83000,0,2026,5,23
송파구,가락동,헬리오시티,84.95,11,2018,50000,320,2026,5,30
송파구,신천동,파크리오,84.9,15,2008,101800,0,2026,5,30
송파구,잠실동,리센츠,59.99,29,2008,70000,160,2026,5,13
송파구,문정동,올림픽훼밀리타운,117.585,5,1988,89250,0,2026,5,28
송파구,가락동,헬리오시티,59.96,20,2018,108000,0,2026,5,30
송파구,장지동,송파파인타운8단지,59.97,16,2008,57750,0,2026,5,30
송파구,문정동,문정시영,46.26,8,1989,30400,0,2026,5,12
송파구,송파동,래미안송파파인탑,64.99,12,2012,25000,250,2026,5,23
송파구,잠실동,리센츠,84.99,7,2008,122850,0,2026,5,26
송파구,장지동,송파파인타운5단지,84.93,16,2008,73500,0,2026,5,13
송파구,잠실동,리센츠,84.99,23,2008,50000,330,2026,5,18
송파구,풍납동,잠실올림픽공원아이파크,84.99,5,2019,20000,370,2026,5,26
송파구,잠실동,주공아파트 5단지,81.75,9,1978,5000,195,2026,5,30
송파구,잠실동,주공아파트 5단지,76.5,2,1978,8000,166,2026,5,26
송파구,가락동,우성,58.46,12,1986,39000,60,2026,5,30
송파구,가락동,래미안파크팰리스,59.968,7,2007,60000,120,2026,5,16
송파구,석촌동,잠실한솔,84.87,5,2000,20000,250,2026,5,9
송파구,풍납동,올림픽레아아파트,29.2211,5,2024,35000,0,2026,5,12
송파구,풍납동,잠실올림픽공원아이파크,59.97,3,2019,22199,31,2026,5,29
송파구,잠실동,트리지움,59.88,8,2007,10000,337,2026,5,23
송파구,가락동,헬리오시티,84.99,28,2018,40000,320,2026,5,5
송파구,풍납동,잠실올림픽공원아이파크,59.97,7,2019,32926,53,2026,5,29
송파구,문정동,문정래미안,84.96,10,2004,83000,0,2026,5,28
송파구,방이동,드림팰리스,114.98,1,2003,65000,0,2026,5,15
송파구,풍납동,잠실올림픽공원아이파크,59.97,2,2019,20446,68,2026,5,29
송파구,가락동,삼환,72.88,6,1984,2000,100,2026,5,6
송파구,풍납동,현대리버빌1지구,84.95,1,1999,50000,36,2026,5,16
송파구,방이동,현대주상복합,27.23,6,1998,12000,45,2026,5,27
송파구,마천동,기영,84.33,4,1998,45000,0,2026,5,23
송파구,잠실동,리센츠,84.99,4,2008,10000,460,2026,5,22
송파구,오금동,우창,76.42,7,1985,70000,0,2026,5,31
송파구,송파동,래미안송파파인탑,53.36,10,2012,85000,0,2026,5,14
송파구,가락동,래미안파크팰리스,114.756,12,2007,113000,0,2026,5,30
송파구,풍납동,극동,59.975,14,1987,55000,0,2026,5,22
송파구,잠실동,잠실엘스,59.96,11,2008,112000,0,2026,5,25
송파구,신천동,파크리오,84.79,16,2008,107000,20,2026,5,30
송파구,잠실동,트리지움,59.88,28,2007,84340,0,2026,5,30
송파구,가락동,우성,58.46,7,1986,60000,0,2026,5,23
송파구,거여동,거여1단지,49.8,10,1997,39900,0,2026,5,25
송파구,방이동,올림픽선수기자촌1단지,100.82,8,1988,83500,0,2026,5,30
송파구,잠실동,트리지움,149.45,26,2007,100000,200,2026,5,29
송파구,가락동,우성,43.79,4,1986,45000,0,2026,5,30
송파구,거여동,현대2차,82.96,12,1992,50000,60,2026,5,20
송파구,신천동,장미1,71.2,4,1979,65000,0,2026,5,28
송파구,방이동,올림픽선수기자촌1단지,121.23,8,1988,120750,0,2026,5,30
송파구,문정동,파크하비오,84.9072,1,2016,10000,360,2026,5,9
송파구,가락동,헬리오시티,59.96,1,2018,5000,200,2026,5,27
송파구,거여동,송파레이크파크호반써밋Ⅰ,108.0459,19,2022,85000,0,2026,5,23
송파구,신천동,롯데캐슬골드,166.91,29,2005,70000,165,2026,5,8
송파구,장지동,위례24단지(꿈에그린),84.96,18,2013,84000,0,2026,5,23
송파구,가락동,에스아이팰리스송파포레,36.64,10,2023,1000,220,2026,5,2
송파구,거여동,e편한세상송파파크센트럴,84.96,18,2021,72450,0,2026,5,30
송파구,잠실동,잠실엘스,84.8,4,2008,120000,0,2026,5,30
송파구,가락동,헬리오시티,59.96,12,2018,50000,150,2026,5,30
송파구,잠실동,주공아파트 5단지,82.61,12,1978,2000,120,2026,5,29
송파구,오금동,대림,84.91,6,1988,80000,0,2026,5,23
송파구,거여동,거여1단지,39.6,5,1997,3000,85,2026,5,15
송파구,신천동,파크리오,84.9,8,2008,99750,0,2026,5,30
송파구,신천동,파크리오,84.9,2,2008,94500,0,2026,5,23
송파구,가락동,래미안파크팰리스,84.885,7,2007,40000,127,2026,5,30
송파구,신천동,파크리오,84.9,7,2008,20000,202,2026,5,30
송파구,신천동,파크리오,144.77,31,2008,160000,0,2026,5,28
송파구,방이동,올림픽선수기자촌3단지,135.99,13,1988,89250,0,2026,5,30
송파구,가락동,헬리오시티,84.98,1,2018,90000,130,2026,5,30
송파구,신천동,한신잠실코아,41.99,11,1988,35000,30,2026,5,21
송파구,신천동,잠실푸르지오월드마크,110.72,33,2013,140000,0,2026,5,29
송파구,송파동,호수임광,84.87,3,1995,60000,80,2026,5,30
송파구,잠실동,리센츠,59.99,7,2008,100000,40,2026,5,30
송파구,가락동,헬리오시티,84.98,6,2018,105000,0,2026,5,30
송파구,석촌동,잠실한솔,59.86,10,2000,10000,125,2026,5,30
송파구,가락동,헬리오시티,59.96,18,2018,40000,186,2026,5,30
송파구,잠실동,주공아파트 5단지,82.51,14,1978,10000,240,2026,5,23
송파구,가락동,헬리오시티,84.99,18,2018,127000,0,2026,5,29
송파구,신천동,장미2,82.45,6,1979,15000,213,2026,5,30
송파구,가락동,가락쌍용(2차),59.88,26,1999,55650,0,2026,5,29
송파구,신천동,파크리오,84.79,34,2008,120000,0,2026,5,23
송파구,가락동,가락금호아파트,59.91,1,1997,30000,140,2026,5,29
송파구,잠실동,리센츠,84.99,31,2008,115500,0,2026,5,30
송파구,잠실동,주공아파트 5단지,82.51,12,1978,10000,155,2026,5,29
송파구,신천동,파크리오,84.97,3,2008,30000,340,2026,5,30
송파구,잠실동,트리지움,84.95,18,2007,115750,0,2026,5,13
송파구,잠실동,잠실엘스,84.88,2,2008,60000,153,2026,5,27
송파구,가락동,가락(1차)쌍용아파트,59.92,20,1997,66000,0,2026,5,29
송파구,가락동,헬리오시티,84.99,16,2018,99200,0,2026,5,9
송파구,방이동,올림픽선수기자촌2단지,83.06,10,1988,95000,0,2026,5,30
송파구,송파동,래미안송파파인탑,64.66,23,2012,88200,0,2026,5,9
송파구,잠실동,트리지움,84.97,11,2007,120000,0,2026,5,31
송파구,잠실동,트리지움,84.83,4,2007,130000,0,2026,5,26
송파구,잠실동,우성아파트,80.35,2,1981,15000,110,2026,5,30
송파구,잠실동,트리지움,84.97,22,2007,120000,0,2026,5,30
송파구,잠실동,주공아파트 5단지,76.5,7,1978,62000,0,2026,5,30
송파구,거여동,거여1단지,49.8,9,1997,50000,0,2026,5,29
송파구,마천동,우방아파트,79.31,8,2002,47200,0,2026,5,29
송파구,잠실동,리센츠,124.22,21,2008,120000,270,2026,5,29
송파구,거여동,거여5단지,59.74,6,1997,46000,0,2026,5,30
송파구,풍납동,신성노바빌아파트,84.96,18,2000,54000,0,2026,5,23
송파구,가락동,헬리오시티,84.98,32,2018,20000,450,2026,5,27
송파구,가락동,우성,127.75,2,1986,50000,130,2026,5,28
송파구,장지동,송파와이즈더샵,96.7642,18,2016,95000,0,2026,5,30
송파구,거여동,e편한세상송파파크센트럴,84.96,29,2021,65000,80,2026,5,30
송파구,방이동,올림픽선수기자촌1단지,131.76,7,1988,130000,0,2026,5,30
송파구,가락동,우성,58.46,15,1986,45150,0,2026,5,22
송파구,장지동,위례신도시송파푸르지오,112.1156,10,2015,60000,100,2026,5,30
송파구,가락동,가락미륭아파트,60.72,8,1986,30000,25,2026,5,22
송파구,문정동,문정대우푸르지오1차,59.84,19,1999,49700,0,2026,5,30
송파구,가락동,에스아이팰리스송파포레,36.64,8,2023,1000,210,2026,5,8
송파구,오금동,우방,59.92,10,2001,36000,85,2026,5,24
송파구,방이동,올림픽선수기자촌1단지,83.06,14,1988,85000,0,2026,5,30
송파구,문정동,문정시영,35.46,5,1989,20000,0,2026,5,22
송파구,신천동,파크리오,84.79,3,2008,110000,0,2026,5,29
송파구,마천동,마천대성,59.62,5,1995,23000,0,2026,5,30
송파구,거여동,송파레이크파크호반써밋Ⅱ,108.8119,15,2022,80000,50,2026,5,23
송파구,잠실동,잠실엘스,84.88,17,2008,20000,392,2026,5,9
송파구,잠실동,트리지움,84.83,28,2007,120700,0,2026,5,23
송파구,가락동,헬리오시티,84.99,4,2018,107100,0,2026,5,30
송파구,신천동,파크리오,35.24,3,2008,3000,180,2026,5,14
송파구,방이동,올림픽선수기자촌2단지,83.06,15,1988,75000,80,2026,5,28
송파구,풍납동,드림스페이스II,14.71,2,2014,1000,61,2026,5,29
송파구,문정동,올림픽훼밀리타운,136.325,15,1988,95000,0,2026,5,18
송파구,잠실동,트리지움,84.83,14,2007,130000,0,2026,5,19
송파구,가락동,헬리오시티,49.21,25,2018,20000,265,2026,5,23
송파구,송파동,현대,59.91,1,1997,65000,0,2026,5,29
송파구,잠실동,잠실엘스,84.8,17,2008,115500,0,2026,5,7
송파구,거여동,포레나송파,75.91,15,2021,85000,0,2026,5,29
송파구,잠실동,주공아파트 5단지,82.51,10,1978,65000,0,2026,5,22
송파구,문정동,올림픽훼밀리타운,84.751,12,1988,75600,0,2026,5,20
송파구,방이동,신동아타워,50.4,19,1995,5000,170,2026,5,30
송파구,송파동,2차한양아파트,84.92,12,1984,57000,0,2026,5,30
송파구,가락동,헬리오시티,84.98,7,2018,100000,70,2026,5,30
송파구,오금동,현대(2-4차),84.98,11,1984,10500,210,2026,5,7
송파구,방이동,올림픽선수기자촌1단지,121.23,6,1988,118000,0,2026,5,30
송파구,가락동,두산위브,32.87,8,2004,21000,0,2026,5,20
송파구,송파동,송파삼성래미안아파트,105.99,16,2001,80000,0,2026,5,30
송파구,송파동,래미안송파파인탑,53.36,12,2012,68250,0,2026,5,30
송파구,거여동,현대1차,84.86,5,1992,36000,120,2026,5,30
송파구,잠실동,리센츠,84.99,16,2008,136500,0,2026,5,30
송파구,잠실동,잠실엘스,84.8,6,2008,2000,400,2026,5,29
송파구,풍납동,한강극동,59.26,3,1995,54600,0,2026,5,30
송파구,거여동,e편한세상송파파크센트럴,113.63,13,2021,110000,0,2026,5,29
송파구,장지동,송파파인타운1단지,84.94,5,2010,80000,0,2026,5,30
송파구,잠실동,잠실엘스,84.88,15,2008,15000,391,2026,5,26
송파구,마천동,송파파크데일2단지,84.99,3,2011,70000,0,2026,5,9
송파구,장지동,위례중앙푸르지오1단지,84.4323,8,2016,85000,0,2026,5,10
송파구,방이동,올림픽선수기자촌3단지,100.31,3,1988,92400,0,2026,5,30
송파구,방이동,한양3,84.92,11,1985,1000,100,2026,5,30
송파구,가락동,헬리오시티,84.99,21,2018,42000,105,2026,5,5
송파구,가락동,헬리오시티,84.98,13,2018,20000,440,2026,5,14
송파구,장지동,송파파인타운9단지,39.99,9,2007,5347,10,2026,5,29
송파구,잠실동,주공아파트 5단지,82.61,3,1978,49500,0,2026,5,29
송파구,가락동,헬리오시티,84.95,23,2018,128000,0,2026,5,23
송파구,가락동,보보스하우스B,31.59,3,2001,7000,42,2026,5,23
송파구,거여동,현대3차,84.94,1,1993,53500,0,2026,5,29
송파구,잠실동,리센츠,84.99,25,2008,30000,440,2026,5,23
송파구,신천동,파크리오,84.9,10,2008,10000,400,2026,5,28
송파구,잠실동,리센츠,84.99,25,2008,30000,440,2026,5,23
송파구,가락동,헬리오시티,39.1,6,2018,8160,65,2026,5,29
송파구,문정동,문정시영,39.69,4,1989,27000,0,2026,5,13
송파구,거여동,송파레이크파크호반써밋Ⅱ,108.8119,19,2022,70000,40,2026,5,1
송파구,가락동,한화오벨리스크,25.32,21,2004,1000,80,2026,5,26
송파구,가락동,헬리오시티,84.98,4,2018,110200,0,2026,5,12
송파구,가락동,헬리오시티,99.6,31,2018,160000,0,2026,5,29
송파구,가락동,헬리오시티,84.99,15,2018,10000,358,2026,5,29
송파구,잠실동,레이크팰리스,84.82,22,2006,100000,66,2026,5,29
송파구,잠실동,LH서울잠실행복주택,14.99,2,2022,940,37,2026,5,29
송파구,거여동,e편한세상송파파크센트럴,59.96,14,2021,73500,0,2026,5,29
송파구,방이동,올림픽선수기자촌3단지,135.99,13,1988,90000,35,2026,5,29
송파구,문정동,파크하비오,84.9725,17,2016,97000,0,2026,5,14
송파구,잠실동,잠실엘스,84.88,8,2008,155000,0,2026,5,28
송파구,문정동,올림픽훼밀리타운,136.325,4,1988,110000,0,2026,5,27
송파구,잠실동,레이크팰리스,84.82,10,2006,125000,0,2026,5,29
송파구,마천동,금호어울림,84.96,6,2006,77000,0,2026,5,29
송파구,잠실동,트리지움,84.83,27,2007,100000,0,2026,5,22
송파구,잠실동,트리지움,84.83,2,2007,100000,65,2026,5,23
송파구,문정동,문정가락현대1차,123.61,1,1984,46000,0,2026,5,4
송파구,풍납동,씨티극동1,84.22,19,1998,70000,0,2026,5,28
송파구,가락동,동부썬빌,135.5,12,1998,85000,0,2026,5,24
송파구,잠실동,아시아선수촌아파트,139.668,1,1986,115000,0,2026,5,29
송파구,마천동,송파파크데일2단지,84.99,8,2011,70000,0,2026,5,22
송파구,방이동,올림픽파크리움,20.693,19,2016,20000,16,2026,5,26
송파구,잠실동,레이크팰리스,116.19,17,2006,155000,0,2026,5,26
송파구,신천동,파크리오,84.9,9,2008,60000,200,2026,5,29
송파구,가락동,가락쌍용(2차),59.88,3,1999,54600,0,2026,5,14
송파구,풍납동,극동,79.945,10,1987,50000,0,2026,5,15
송파구,거여동,거여6단지,38.5,8,1997,1173,15,2026,5,18
송파구,신천동,파크리오,84.79,30,2008,125000,0,2026,5,29
송파구,잠실동,주공아파트 5단지,82.51,13,1978,60000,0,2026,5,28
송파구,오금동,송파레미니스,49.55,11,2017,32123,0,2026,5,28
송파구,잠실동,잠실엘스,84.97,3,2008,10000,410,2026,5,5
송파구,송파동,현대,84.96,9,1997,82000,0,2026,5,29
송파구,잠실동,잠실엘스,84.97,3,2008,111500,0,2026,5,29
송파구,오금동,송파레미니스2단지,59.85,14,2018,7152,40,2026,5,28
송파구,가락동,한신1,84.53,12,1993,37500,60,2026,5,27
송파구,신천동,파크리오,84.9,25,2008,100000,19,2026,5,29
송파구,잠실동,우성아파트,160.74,5,1981,106000,0,2026,5,13
송파구,잠실동,잠실엘스,59.96,6,2008,95000,18,2026,5,26
송파구,송파동,래미안송파파인탑,53.36,9,2012,35000,165,2026,5,27
송파구,문정동,힐스테이트e편한세상문정,59.94,17,2024,40000,160,2026,5,23
송파구,오금동,대림,84.91,11,1988,70000,0,2026,5,16
송파구,거여동,송파시그니처롯데캐슬,84.98,30,2021,55000,160,2026,5,28
송파구,잠실동,잠실엘스,84.97,5,2008,90000,150,2026,5,20
송파구,잠실동,레이크팰리스,135.82,21,2006,190000,0,2026,5,27
송파구,잠실동,잠실엘스,84.97,3,2008,111500,0,2026,5,29
송파구,잠실동,잠실엘스,59.96,9,2008,60000,160,2026,5,29
송파구,풍납동,잠실올림픽공원아이파크,59.97,6,2019,22199,31,2026,5,29
송파구,오금동,송파더플래티넘,66.94,13,2024,75000,0,2026,5,9
송파구,신천동,파크리오,59.64,28,2008,90300,0,2026,5,21
송파구,풍납동,송파N-suite,77.61,5,2007,48000,9,2026,5,23
송파구,가락동,가락금호아파트,59.91,15,1997,10000,230,2026,5,1
송파구,가락동,헬리오시티,84.99,13,2018,129000,0,2026,5,28
송파구,석촌동,잠실한솔,84.86,9,2000,56300,0,2026,5,9
송파구,가락동,가락금호아파트,85,22,1997,60630,0,2026,5,23
송파구,잠실동,트리지움,84.83,1,2007,10000,420,2026,5,14
송파구,거여동,e편한세상송파파크센트럴,59.96,7,2021,78000,0,2026,5,27
송파구,신천동,장미2,99,2,1979,42900,80,2026,5,9
송파구,신천동,파크리오,121.63,9,2008,132300,0,2026,5,23
송파구,방이동,올림픽선수기자촌1단지,83.06,17,1988,66150,0,2026,5,28
송파구,거여동,송파레이크파크호반써밋Ⅰ,108.8119,11,2022,80000,80,2026,5,16
송파구,잠실동,LH서울잠실행복주택,14.99,2,2022,5640,24,2026,5,28
송파구,석촌동,석촌호수효성해링턴타워,15.8307,7,2015,1000,100,2026,5,10
송파구,신천동,장미1,99,8,1979,72000,0,2026,5,28
송파구,장지동,송파파인타운9단지,39.99,8,2007,7167,0,2026,5,28
송파구,장지동,위례포레샤인23단지,39.93,3,2017,4261,26,2026,5,26
송파구,가락동,극동,149.74,15,1984,60000,70,2026,5,11
송파구,잠실동,리센츠,27.68,12,2008,3000,179,2026,5,26
송파구,신천동,파크리오,84.79,25,2008,110000,50,2026,5,13
송파구,풍납동,현대리버빌1지구,84.95,3,1999,75000,14,2026,5,28
송파구,가락동,헬리오시티,84.98,9,2018,10000,450,2026,5,28
송파구,잠실동,잠실엘스,84.8,19,2008,10000,410,2026,5,28
송파구,장지동,위례중앙푸르지오2단지,84.7809,16,2016,50000,160,2026,5,28
송파구,거여동,e편한세상송파파크센트럴,84.96,19,2021,71400,0,2026,5,28
송파구,잠실동,잠실엘스,119.93,7,2008,175000,0,2026,5,28
송파구,가락동,헬리오시티,84.95,27,2018,123000,0,2026,5,16
송파구,가락동,쌍용노블래스,72.27,5,2003,47000,0,2026,5,7
송파구,거여동,거여1단지,49.8,6,1997,10000,106,2026,5,1
송파구,방이동,올림픽선수기자촌3단지,100.31,12,1988,105000,0,2026,5,28
송파구,가락동,삼환,84.704,5,1984,39000,0,2026,5,8
송파구,가락동,헬리오시티,84.99,6,2018,120000,0,2026,5,28
송파구,잠실동,잠실엘스,84.8,22,2008,20000,390,2026,5,13
송파구,거여동,송파레이크파크호반써밋Ⅰ,108.8109,8,2022,80000,0,2026,5,28
송파구,오금동,현대(2-4차),84.98,13,1984,67000,0,2026,5,23
송파구,풍납동,잠실올림픽공원아이파크,75.99,7,2019,106000,0,2026,5,27
송파구,잠실동,잠실엘스,84.88,22,2008,124950,0,2026,5,28
송파구,잠실동,잠실엘스,84.8,17,2008,90700,115,2026,5,19
송파구,가락동,가락(1차)쌍용아파트,59.92,5,1997,60000,60,2026,5,27
송파구,거여동,거여5단지,84.17,5,1997,49000,0,2026,5,9
송파구,잠실동,잠실엘스,84.8,21,2008,140000,0,2026,5,27
송파구,오금동,송파레미니스,49.55,10,2017,32123,0,2026,5,28
송파구,문정동,올림픽훼밀리타운,84.705,7,1988,95000,0,2026,5,18
송파구,오금동,송파호반베르디움더퍼스트,101.4632,9,2018,90000,0,2026,5,23
송파구,장지동,위례포레샤인23단지,74.95,4,2017,41239,0,2026,5,27
송파구,신천동,파크리오,35.24,6,2008,3000,200,2026,5,27
송파구,장지동,송파파인타운3단지,84.93,3,2008,72000,40,2026,5,27
송파구,신천동,장미2,82.45,13,1979,85000,0,2026,5,15
송파구,신천동,파크리오,84.79,20,2008,130000,0,2026,5,23
송파구,장지동,송파파인타운2단지,84.95,13,2008,58000,90,2026,5,27
송파구,잠실동,리센츠,84.99,7,2008,153000,0,2026,5,27
송파구,거여동,e편한세상송파파크센트럴,59.96,7,2021,78000,0,2026,5,27
송파구,장지동,위례포레샤인23단지,39.79,2,2017,6626,10,2026,5,28
송파구,방이동,코오롱아파트,84.95,6,1991,65000,0,2026,5,3
송파구,풍납동,잠실올림픽공원아이파크,59.97,3,2019,22199,31,2026,5,27
송파구,방이동,올림픽선수기자촌2단지,163.44,9,1988,94500,0,2026,5,28
송파구,잠실동,아시아선수촌아파트,99.385,15,1986,120000,0,2026,5,21
송파구,가락동,헬리오시티,84.99,5,2018,40000,360,2026,5,27
송파구,가락동,가락미륭아파트,64.26,2,1986,2000,100,2026,5,19
송파구,잠실동,주공아파트 5단지,76.5,4,1978,50000,0,2026,5,15
송파구,잠실동,리센츠,27.68,10,2008,5000,180,2026,5,4
송파구,풍납동,신성노바빌아파트,59.78,9,2000,59000,0,2026,5,25
송파구,장지동,위례포레샤인23단지,59.66,8,2017,34679,0,2026,5,22
송파구,장지동,송파와이즈더샵,97.1902,3,2016,73500,0,2026,5,16
송파구,문정동,힐스테이트e편한세상문정,59.94,7,2024,58000,0,2026,5,27
송파구,거여동,거여4단지,59.73,5,1997,49000,0,2026,5,20
송파구,잠실동,잠실엘스,84.8,10,2008,120700,0,2026,5,26
송파구,석촌동,양지473,30.05,16,2021,46410,0,2026,5,26
송파구,거여동,거여4단지,59.73,6,1997,42000,0,2026,5,27
송파구,문정동,올림픽훼밀리타운,136.325,1,1988,88200,0,2026,5,23
송파구,거여동,SP센트리움시티,69.64,7,2022,56700,0,2026,5,23
송파구,오금동,송파레미니스,49.55,9,2017,31421,0,2026,5,27
송파구,잠실동,주공아파트 5단지,82.51,3,1978,10000,150,2026,5,26
송파구,잠실동,트리지움,59.88,27,2007,90000,0,2026,5,18
송파구,가락동,우성,43.79,3,1986,35000,50,2026,5,23
송파구,풍납동,신동아파밀리에,59.36,5,1993,39900,0,2026,5,22
송파구,가락동,헬리오시티,110.66,27,2018,0,660,2026,5,18
송파구,풍납동,극동,59.975,15,1987,45150,0,2026,5,27
송파구,문정동,문정대우푸르지오1차,84.86,10,1999,30000,150,2026,5,21
송파구,잠실동,리센츠,124.22,8,2008,80000,410,2026,5,22
송파구,방이동,올림픽선수기자촌2단지,83.06,4,1988,20000,160,2026,5,13
송파구,가락동,헬리오시티,110.66,23,2018,150000,0,2026,5,13
송파구,잠실동,트리지움,59.88,23,2007,103000,0,2026,5,27
송파구,풍납동,잠실올림픽공원아이파크,59.97,5,2019,24070,64,2026,5,27
송파구,신천동,장미1,99,3,1979,0,250,2026,5,20
송파구,잠실동,앙시레이크타워,18.6538,4,2020,2000,77,2026,5,2
송파구,문정동,문정가락현대1차,84.98,1,1984,40000,0,2026,5,23
송파구,가락동,헬리오시티,84.98,30,2018,40000,260,2026,5,27
송파구,잠실동,현대,84.68,14,1990,65000,0,2026,5,27
송파구,가락동,헬리오시티,84.99,26,2018,107000,52,2026,5,27
송파구,송파동,홍익봄마을,82.7,3,2004,30000,150,2026,5,19
송파구,풍납동,잠실올림픽공원아이파크,59.97,1,2019,29542,51,2026,5,26
송파구,송파동,송파삼성래미안아파트,126.4,23,2001,130000,0,2026,5,27
송파구,신천동,파크리오,84.9,25,2008,103000,0,2026,5,27
송파구,송파동,한양아파트,105.52,5,1983,15000,200,2026,5,13
송파구,오금동,송파레미니스,49.55,13,2017,31421,0,2026,5,27
송파구,문정동,올림픽훼밀리타운,84.751,5,1988,70300,0,2026,5,11
송파구,잠실동,한영해시안아파트,43.38,2,2017,51000,0,2026,5,27
송파구,오금동,송파더플래티넘,106.23,9,2024,73500,0,2026,5,2
송파구,방이동,옥산크리스탈,74.53,1,2001,6000,160,2026,5,11
송파구,신천동,장미2,82.45,4,1979,65100,0,2026,5,25
송파구,잠실동,리센츠,84.99,15,2008,50000,330,2026,5,13
송파구,잠실동,잠실엘스,59.96,13,2008,105000,0,2026,5,23
송파구,풍납동,신성노바빌아파트,59.78,9,2000,59000,0,2026,5,25
송파구,마천동,송파파크데일2단지,114.91,14,2011,84000,0,2026,5,26
송파구,장지동,위례포레샤인23단지,59.66,14,2017,35161,0,2026,5,27
송파구,가락동,헬리오시티,84.95,12,2018,60000,260,2026,5,19
송파구,가락동,래미안파크팰리스,114.756,3,2007,60000,230,2026,5,20
송파구,잠실동,현대,84.68,15,1990,85000,0,2026,5,26
송파구,풍납동,현대리버빌1지구,43.2,9,1999,43000,0,2026,5,22
송파구,거여동,송파시그니처롯데캐슬,41.96,7,2021,7567,59,2026,5,27
송파구,잠실동,잠실엘스,84.8,17,2008,120000,20,2026,5,23
송파구,오금동,송파레미니스,59.87,11,2017,38640,0,2026,5,27
송파구,신천동,파크리오,59.86,27,2008,91000,0,2026,5,22
송파구,거여동,거여5단지,59.74,15,1997,42000,0,2026,5,23
송파구,잠실동,주공아파트 5단지,76.5,10,1978,49000,0,2026,5,23
송파구,문정동,올림픽훼밀리타운,117.585,4,1988,95000,0,2026,5,23
송파구,잠실동,레이크팰리스,84.82,23,2006,60000,230,2026,5,23
송파구,거여동,송파레이크파크호반써밋Ⅱ,108.8119,19,2022,70000,100,2026,5,1
송파구,문정동,올림픽훼밀리타운,158.705,14,1988,10000,306,2026,5,14
송파구,잠실동,리센츠,84.99,24,2008,60000,310,2026,5,27
송파구,오금동,우방,84.95,4,2001,20000,180,2026,5,5
송파구,잠실동,트리지움,84.83,17,2007,113000,0,2026,5,23
송파구,거여동,현대3차,84.94,7,1993,20000,180,2026,5,23
송파구,장지동,송파파인타운11단지,59.96,10,2007,8259,17,2026,5,26
송파구,가락동,헬리오시티,84.98,5,2018,95000,100,2026,5,25
송파구,가락동,헬리오시티,39.1,6,2018,19524,26,2026,5,23
송파구,장지동,위례포레샤인23단지,59.97,4,2017,35161,0,2026,5,26
송파구,가락동,헬리오시티,84.97,8,2018,105000,70,2026,5,26
송파구,가락동,가락금호아파트,59.91,3,1997,5000,200,2026,5,7
송파구,송파동,한양아파트,105.52,12,1983,55650,0,2026,5,23
송파구,잠실동,리센츠,59.99,18,2008,76650,120,2026,5,26
송파구,장지동,송파파인타운2단지,84.95,3,2008,67000,0,2026,5,13
송파구,가락동,우성,43.79,5,1986,25000,60,2026,5,25
송파구,잠실동,레이크팰리스,59.97,11,2006,98000,0,2026,5,3
송파구,장지동,위례포레샤인23단지,74.95,4,2017,41239,0,2026,5,26
송파구,오금동,송파레미니스,59.87,18,2017,38640,0,2026,5,26
송파구,문정동,올림픽훼밀리타운,84.751,13,1988,95000,0,2026,5,26
송파구,거여동,거여5단지,59.74,5,1997,55000,0,2026,5,26
송파구,마천동,송파파크데일1단지,49.63,14,2011,4516,32,2026,5,26
송파구,오금동,우방,102.96,4,2001,58800,0,2026,5,19
송파구,가락동,성원상떼빌,141.17,16,2006,100000,0,2026,5,11
송파구,방이동,올림픽선수기자촌2단지,126.18,3,1988,88200,0,2026,5,26
송파구,가락동,헬리오시티,84.98,5,2018,100000,80,2026,5,2
송파구,가락동,우성,58.46,14,1986,45000,30,2026,5,9
송파구,장지동,송파파인타운9단지,39.99,1,2007,1924,25,2026,5,26
송파구,잠실동,잠실엘스,84.8,7,2008,10000,440,2026,5,26
송파구,거여동,현대1차,84.91,15,1992,10000,210,2026,5,26
송파구,신천동,장미2,71.2,10,1979,20000,215,2026,5,12
송파구,장지동,송파파인타운9단지,39.99,12,2007,2560,25,2026,5,26
송파구,신천동,장미2,82.45,12,1979,43300,100,2026,5,12
송파구,잠실동,주공아파트 5단지,82.61,5,1978,52500,0,2026,5,13
송파구,잠실동,리센츠,124.22,2,2008,20000,600,2026,5,26
송파구,문정동,힐스테이트e편한세상문정,74.96,15,2024,15000,300,2026,5,26
송파구,마천동,송파파크데일2단지,59.91,11,2011,7562,26,2026,5,26
송파구,잠실동,리센츠,27.68,20,2008,5000,220,2026,5,7
송파구,가락동,우성,43.79,11,1986,47000,0,2026,5,23
송파구,거여동,e편한세상송파파크센트럴,59.96,16,2021,25000,162,2026,5,9
송파구,잠실동,잠실엘스,59.96,3,2008,10000,338,2026,5,23
송파구,잠실동,트리지움,84.83,15,2007,117500,0,2026,5,21
송파구,장지동,위례2차아이파크,115.6488,11,2016,40000,270,2026,5,25
송파구,마천동,송파파크데일2단지,49.63,7,2011,4636,33,2026,5,26
송파구,문정동,인택,59.94,12,2002,50400,0,2026,5,22
송파구,문정동,문정시영,46.26,10,1989,33000,0,2026,5,23
송파구,가락동,헬리오시티,39.1,2,2018,80000,0,2026,5,19
송파구,장지동,위례아이파크,87.8869,3,2015,73000,0,2026,5,14
송파구,송파동,송파센텀레이크,71.2734,5,2024,40000,170,2026,5,15
송파구,가락동,헬리오시티,84.98,10,2018,70000,205,2026,5,23
송파구,잠실동,잠실엘스,84.8,5,2008,50000,247,2026,5,22
송파구,풍납동,잠실올림픽공원아이파크,59.97,4,2019,17039,57,2026,5,26
송파구,장지동,위례2차아이파크,90.8877,23,2016,73000,0,2026,5,15
송파구,가락동,우성,43.79,5,1986,32413,0,2026,5,23
송파구,거여동,송파시그니처롯데캐슬,59.98,22,2021,70000,0,2026,5,9
송파구,오금동,현대(2-4차),130.93,14,1984,90000,0,2026,5,14
송파구,잠실동,잠실엘스,84.97,2,2008,115000,0,2026,5,26
송파구,풍납동,갑을,59.73,4,1996,44000,0,2026,5,26
송파구,문정동,올림픽훼밀리타운,84.705,15,1988,76600,0,2026,5,4
송파구,잠실동,잠실엘스,84.8,21,2008,115000,21,2026,5,23
송파구,가락동,현대(6차),84.8,4,1991,45000,75,2026,5,22
송파구,신천동,파크리오,84.79,26,2008,40000,300,2026,5,26
송파구,신천동,파크리오,144.77,2,2008,123000,0,2026,5,23
송파구,가락동,헬리오시티,59.96,8,2018,90000,60,2026,5,23
송파구,가락동,헬리오시티,110.66,5,2018,128000,165,2026,5,26
송파구,풍납동,현대리버빌2지구,84.97,10,1999,63000,40,2026,5,23
송파구,장지동,위례24단지(꿈에그린),51.77,9,2013,64000,0,2026,5,23
송파구,가락동,현대(6차),84.8,1,1991,36000,50,2026,5,22
송파구,오금동,상아2차아파트,84.98,5,1988,66000,0,2026,5,25
송파구,풍납동,잠실올림픽공원아이파크,59.97,4,2019,22199,31,2026,5,24
송파구,풍납동,잠실올림픽공원아이파크,59.93,6,2019,9311,73,2026,5,23
송파구,가락동,가락금호아파트,59.91,5,1997,55100,0,2026,5,23
송파구,오금동,대림,84.91,12,1988,55000,110,2026,5,9
송파구,오금동,대림,84.91,6,1988,80000,0,2026,5,22
송파구,마천동,송파파크데일3단지,21.92,6,2017,7560,10,2026,5,25
송파구,장지동,위례24단지(꿈에그린),84.93,6,2013,77500,0,2026,5,23
송파구,장지동,송파파인타운4단지,59.67,2,2008,16818,0,2026,5,22
송파구,장지동,송파파인타운6단지,84.93,7,2008,82000,0,2026,5,23
송파구,장지동,송파와이즈더샵,97.1662,11,2016,100000,0,2026,5,23
송파구,거여동,거여1단지,39.6,10,1997,36000,0,2026,5,23
송파구,거여동,거여4단지,49.8,4,1997,58000,0,2026,5,19
송파구,마천동,송파파크데일2단지,39.96,11,2011,3020,24,2026,5,26
송파구,마천동,산성,84.92,3,2003,45000,0,2026,5,11
송파구,거여동,SP센트리움시티,69.64,7,2022,56700,0,2026,5,23
송파구,풍납동,잠실올림픽공원아이파크,59.93,4,2019,22199,31,2026,5,26
송파구,잠실동,트리지움,84.83,23,2007,127000,0,2026,5,25
송파구,잠실동,트리지움,84.95,15,2007,130000,0,2026,5,22
송파구,방이동,올림픽선수기자촌1단지,83.06,9,1988,82950,0,2026,5,25
송파구,가락동,가락(1차)쌍용아파트,84.69,3,1997,71400,0,2026,5,25
송파구,방이동,올림픽선수기자촌2단지,83.06,4,1988,85000,0,2026,5,16
송파구,송파동,래미안송파파인탑,64.99,24,2012,70000,40,2026,5,23
송파구,거여동,송파시그니처롯데캐슬,59.98,20,2021,20000,235,2026,5,20
송파구,문정동,올림픽훼밀리타운,84.751,7,1988,78750,0,2026,5,23
송파구,거여동,거여1단지,49.8,9,1997,37800,0,2026,5,24
송파구,잠실동,우성아파트,131.08,6,1981,105000,0,2026,5,25
송파구,신천동,파크리오,35.24,22,2008,55000,0,2026,5,23
송파구,신천동,파크리오,84.97,25,2008,10000,500,2026,5,5
송파구,신천동,파크리오,144.77,31,2008,140500,0,2026,5,23
송파구,송파동,래미안송파파인탑,87.01,2,2012,100000,0,2026,5,23
송파구,신천동,장미2,82.45,13,1979,59850,0,2026,5,9
송파구,잠실동,리센츠,84.99,7,2008,100000,160,2026,5,23
송파구,거여동,포레나송파,80.41,10,2021,70000,0,2026,5,16
송파구,장지동,송파더센트레,51.77,4,2013,58000,0,2026,5,23
송파구,잠실동,잠실엘스,84.97,18,2008,80750,150,2026,5,13
송파구,잠실동,리센츠,59.99,22,2008,10000,400,2026,5,23
송파구,잠실동,주공아파트 5단지,76.5,14,1978,44000,0,2026,5,13
송파구,신천동,장미1,71.2,3,1979,10000,280,2026,5,8
송파구,신천동,파크리오,59.95,17,2008,110000,0,2026,5,22
송파구,장지동,송파파인타운8단지,59.95,1,2008,4222,33,2026,5,22
송파구,잠실동,잠실엘스,84.8,13,2008,140000,0,2026,5,18
송파구,풍납동,극동,59.975,14,1987,2000,84,2026,5,17
송파구,풍납동,잠실올림픽공원아이파크,59.97,7,2019,22199,31,2026,5,22
송파구,풍납동,잠실올림픽공원아이파크,59.97,6,2019,27568,47,2026,5,21
송파구,마천동,송파파크데일3단지,21.92,4,2017,5730,7,2026,5,22
송파구,거여동,송파레이크파크호반써밋Ⅱ,108.8109,5,2022,98000,0,2026,5,9
송파구,잠실동,레이크팰리스,84.82,3,2006,132000,0,2026,5,22
송파구,잠실동,트리지움,84.83,21,2007,130000,0,2026,5,22
송파구,문정동,문정래미안,133.29,9,2004,100000,0,2026,5,22
송파구,마천동,우방아파트,79.31,5,2002,70000,0,2026,5,21
송파구,가락동,헬리오시티,84.99,27,2018,125000,0,2026,5,22
송파구,풍납동,잠실올림픽공원아이파크,59.97,3,2019,22199,31,2026,5,22
송파구,가락동,우성,58.46,5,1986,47250,0,2026,5,7
송파구,풍납동,잠실올림픽공원아이파크,59.97,2,2019,22199,31,2026,5,22
송파구,가락동,헬리오시티,84.98,18,2018,40000,320,2026,5,22
송파구,신천동,장미2,99,5,1979,70000,0,2026,5,20
송파구,가락동,헬리오시티,84.96,7,2018,20000,337,2026,5,13
송파구,잠실동,잠실엘스,84.8,14,2008,80000,115,2026,5,4
송파구,가락동,우성,43.79,3,1986,48000,0,2026,5,16
송파구,거여동,송파시그니처롯데캐슬,59.98,23,2021,62500,12,2026,5,22
송파구,거여동,e편한세상송파파크센트럴,84.96,23,2021,68200,0,2026,5,19
송파구,신천동,장미2,99,10,1979,30000,200,2026,5,21
송파구,마천동,송파파크데일1단지,59.91,4,2011,9102,15,2026,5,22
송파구,신천동,파크리오,35.24,7,2008,10000,170,2026,5,5
송파구,잠실동,트리지움,59.88,23,2007,99750,0,2026,5,16
송파구,방이동,올림픽선수기자촌3단지,163.44,7,1988,170000,0,2026,5,22
송파구,장지동,위례24단지(꿈에그린),51.77,7,2013,54000,0,2026,5,16
송파구,마천동,송파파크데일3단지,21.92,7,2017,7650,9,2026,5,22
송파구,방이동,올림픽선수기자촌1단지,83.06,21,1988,68250,0,2026,5,7
송파구,가락동,현대(60동),82.16,2,1991,50000,0,2026,5,11
송파구,거여동,거여1단지,49.8,8,1997,30000,40,2026,5,16
송파구,잠실동,잠실엘스,59.96,1,2008,105000,0,2026,5,22
송파구,장지동,송파파인타운4단지,59.67,6,2008,16818,0,2026,5,22
송파구,오금동,송파두산위브,59.9823,2,2019,25000,93,2026,5,12
송파구,문정동,올림픽훼밀리타운,84.705,5,1988,60000,50,2026,5,22
송파구,문정동,올림픽훼밀리타운,117.585,6,1988,95000,0,2026,5,22
송파구,문정동,올림픽훼밀리타운,84.751,8,1988,85000,20,2026,5,9
송파구,신천동,장미2,99,13,1979,40000,130,2026,5,5
송파구,오금동,더뷰21,54.943,4,2021,65000,0,2026,5,1
송파구,문정동,올림픽훼밀리타운,117.585,8,1988,45000,185,2026,5,21
송파구,잠실동,우성4차,81.14,6,1983,26585,0,2026,5,8
송파구,잠실동,리센츠,27.68,26,2008,10000,138,2026,5,4
송파구,신천동,파크리오,59.86,8,2008,37000,125,2026,5,22
송파구,방이동,파라다이스빌(40-0),84.66,4,2006,55000,100,2026,5,22
송파구,가락동,헬리오시티,110.44,29,2018,100000,200,2026,5,16
송파구,방이동,올림픽선수기자촌3단지,163.44,3,1988,65500,230,2026,5,22
송파구,장지동,송파파인타운9단지,59.95,10,2007,8989,18,2026,5,22
송파구,장지동,송파파인타운1단지,84.94,5,2010,40805,0,2026,5,22
송파구,거여동,거여6단지,38.5,14,1997,3444,15,2026,5,22
송파구,마천동,송파파크데일2단지,49.6,7,2011,8015,14,2026,5,21
송파구,장지동,송파더센트레,59.96,15,2013,40000,120,2026,5,2
송파구,가락동,헬리오시티,84.98,19,2018,30000,360,2026,5,21
송파구,잠실동,리센츠,84.99,25,2008,125000,0,2026,5,22
송파구,잠실동,잠실엘스,84.8,15,2008,130000,0,2026,5,1
송파구,장지동,송파파인타운6단지,84.93,7,2008,70000,13,2026,5,6
송파구,거여동,송파시그니처롯데캐슬,84.98,5,2021,81500,0,2026,5,20
송파구,잠실동,리센츠,27.68,10,2008,75000,0,2026,5,22
송파구,잠실동,리센츠,124.22,5,2008,120000,190,2026,5,15
송파구,마천동,송파파크데일1단지,49.63,3,2011,4516,32,2026,5,21
송파구,마천동,송파파크데일3단지,21.92,4,2017,7024,8,2026,5,21
송파구,가락동,헬리오시티,39.17,27,2018,19524,26,2026,5,11
송파구,잠실동,주공아파트 5단지,82.61,12,1978,48300,0,2026,5,22
송파구,마천동,송파파크데일2단지,39.96,1,2011,5809,11,2026,5,21
송파구,잠실동,리센츠,124.22,12,2008,190000,0,2026,5,21
송파구,잠실동,리센츠,84.99,9,2008,115000,0,2026,5,21
송파구,잠실동,갤러리아팰리스,84.445,35,2005,3000,410,2026,5,14
송파구,풍납동,잠실올림픽공원아이파크,59.92,5,2019,17039,57,2026,5,20
송파구,거여동,송파시그니처롯데캐슬,84.98,22,2021,74550,0,2026,5,20
송파구,잠실동,잠실엘스,84.97,19,2008,129000,0,2026,5,20
송파구,장지동,송파파인타운9단지,59.95,15,2007,5187,36,2026,5,21
송파구,잠실동,우성아파트,96.65,3,1981,50000,115,2026,5,16
송파구,마천동,마천동금호타운1,84.79,17,1998,66000,0,2026,5,21
송파구,풍납동,잠실올림픽공원아이파크,59.97,1,2019,22199,31,2026,5,21
송파구,거여동,e편한세상송파파크센트럴,59.69,14,2021,26294,32,2026,5,21
송파구,잠실동,주공아파트 5단지,81.75,11,1978,46305,0,2026,5,21
송파구,문정동,파크하비오,84.9942,16,2016,103000,0,2026,5,20
송파구,마천동,송파파크데일3단지,21.92,6,2017,7560,10,2026,5,21
송파구,풍납동,잠실올림픽공원아이파크,59.97,4,2019,27310,48,2026,5,20
송파구,풍납동,잠실올림픽공원아이파크,59.92,4,2019,22199,31,2026,5,21
송파구,풍납동,잠실올림픽공원아이파크,59.93,7,2019,22199,31,2026,5,21
송파구,마천동,송파파크데일2단지,59.91,5,2011,5576,38,2026,5,21
송파구,장지동,위례신도시송파푸르지오,106.967,7,2015,10000,315,2026,5,12
송파구,가락동,헬리오시티,39.17,6,2018,19524,26,2026,5,18
송파구,잠실동,리센츠,84.99,10,2008,110000,100,2026,5,19
송파구,풍납동,잠실올림픽공원아이파크,59.97,5,2019,22199,31,2026,5,21
송파구,풍납동,잠실올림픽공원아이파크,59.97,3,2019,22199,31,2026,5,21
송파구,신천동,파크리오,84.79,1,2008,10000,400,2026,5,21
송파구,신천동,파크리오,84.79,23,2008,70000,140,2026,5,14
송파구,장지동,위례포레샤인23단지,39.93,8,2017,2161,30,2026,5,21
송파구,거여동,e편한세상송파파크센트럴,59.93,17,2021,10000,170,2026,5,7
송파구,신천동,한신잠실코아,41.99,2,1988,2000,105,2026,5,14
송파구,문정동,올림픽훼밀리타운,84.705,13,1988,52000,140,2026,5,20
송파구,문정동,올림픽훼밀리타운,84.705,13,1988,52000,70,2026,5,20
송파구,오금동,현대(2-4차),130.93,6,1984,81900,0,2026,5,17
송파구,잠실동,리센츠,84.99,5,2008,118600,0,2026,5,21
송파구,마천동,마천대성,59.38,1,1995,25000,0,2026,5,8
송파구,장지동,송파파인타운13단지,84.9,15,2011,80000,0,2026,5,21
송파구,거여동,송파시그니처롯데캐슬,84.98,7,2021,95000,0,2026,5,21
송파구,오금동,에스아이팰리스송파올림픽공원,16.6,15,2021,3000,95,2026,5,19
송파구,장지동,송파더센트레,59.73,4,2013,63000,0,2026,5,9
송파구,문정동,힐스테이트e편한세상문정,49.92,15,2024,74000,0,2026,5,1
송파구,문정동,세양청마루,59.91,14,2004,3000,50,2026,5,15
송파구,장지동,위례포레샤인23단지,49.48,5,2017,5167,36,2026,5,21
송파구,잠실동,잠실엘스,84.8,2,2008,20000,400,2026,5,11
송파구,잠실동,우성아파트,80.35,7,1981,52000,0,2026,5,16
송파구,오금동,현대(2-4차),130.93,14,1984,92000,0,2026,5,14
송파구,잠실동,리센츠,84.99,5,2008,95000,155,2026,5,20
송파구,가락동,헬리오시티,59.96,22,2018,99750,0,2026,5,20
송파구,오금동,송파더플래티넘,106.23,11,2024,76650,0,2026,5,19
송파구,마천동,송파파크데일2단지,84.13,11,2011,35161,0,2026,5,20
송파구,장지동,송파파인타운4단지,84.95,14,2008,10000,190,2026,5,12
송파구,장지동,위례포레샤인23단지,59.97,11,2017,35161,0,2026,5,20
송파구,문정동,문정시영,46.26,10,1989,6000,80,2026,5,21
송파구,마천동,송파파크데일1단지,59.91,7,2011,15670,0,2026,5,21
송파구,방이동,이스턴잠실,29.57,9,2020,33500,0,2026,5,21
송파구,장지동,위례포레샤인23단지,39.93,9,2017,4261,26,2026,5,21
송파구,거여동,현대1차,74.83,8,1992,50000,30,2026,5,18
송파구,장지동,송파파인타운10단지,49.93,5,2007,7299,12,2026,5,20
송파구,가락동,우성,58.46,1,1986,30000,90,2026,5,20
송파구,마천동,송파파크데일3단지,21.92,2,2017,3360,24,2026,5,20
송파구,신천동,장미2,71.2,12,1979,52100,0,2026,5,20
송파구,잠실동,잠실엘스,84.8,24,2008,90000,150,2026,5,20
송파구,잠실동,리센츠,84.99,8,2008,145000,0,2026,5,20
송파구,문정동,파크하비오,84.9725,2,2016,81000,0,2026,5,16
송파구,마천동,송파파크데일1단지,49.63,7,2011,1907,37,2026,5,20
송파구,오금동,현대(2-4차),130.93,11,1984,85000,0,2026,5,18
송파구,가락동,대림,99.38,7,1988,30000,175,2026,5,20
송파구,풍납동,현대1,84,12,1995,40900,0,2026,5,16
송파구,장지동,위례24단지(꿈에그린),84.96,11,2013,30000,240,2026,5,20
송파구,석촌동,미켈란호수가,136.8,19,2007,135000,0,2026,5,16
송파구,거여동,포레나송파,80.77,8,2021,75000,0,2026,5,16
송파구,잠실동,주공아파트 5단지,76.5,3,1978,53000,0,2026,5,20
송파구,가락동,헬리오시티,84.99,17,2018,30000,380,2026,5,19
송파구,거여동,e편한세상송파파크센트럴,84.96,25,2021,71400,0,2026,5,15
송파구,장지동,송파더센트레,59.85,1,2013,75000,0,2026,5,20
송파구,송파동,호수임광,84.87,8,1995,65000,0,2026,5,1
송파구,문정동,파크하비오,84.9725,1,2016,84000,0,2026,5,16
송파구,거여동,송파시그니처롯데캐슬,84.98,26,2021,90000,0,2026,5,20
송파구,장지동,위례중앙푸르지오2단지,106.0944,12,2016,105000,0,2026,5,20
송파구,거여동,송파시그니처롯데캐슬,84.98,30,2021,97000,0,2026,5,19
송파구,잠실동,리센츠,84.99,17,2008,126000,0,2026,5,20
송파구,방이동,올림픽선수기자촌3단지,83.06,18,1988,90000,0,2026,5,20
송파구,방이동,올림픽선수기자촌1단지,100.82,9,1988,73500,0,2026,5,16
송파구,거여동,송파시그니처롯데캐슬,84.98,14,2021,73500,0,2026,5,16
송파구,잠실동,리센츠,84.99,13,2008,30000,420,2026,5,18
송파구,풍납동,미성,116.965,6,1985,52500,10,2026,5,2
송파구,장지동,송파파인타운9단지,59.93,2,2007,8919,15,2026,5,20
송파구,풍납동,한강극동,59.26,6,1995,5000,165,2026,5,16
송파구,거여동,거여1단지,49.8,12,1997,50000,0,2026,5,18
송파구,장지동,힐스테이트송파위례,112.89,5,2016,90000,80,2026,5,16
송파구,잠실동,주공아파트 5단지,76.5,1,1978,28580,65,2026,5,20
송파구,가락동,헬리오시티,84.98,32,2018,125000,0,2026,5,19
송파구,가락동,헬리오시티,39.12,11,2018,74500,0,2026,5,18
송파구,거여동,위례포레샤인13단지,59.31,2,2020,11704,17,2026,5,20
송파구,거여동,거여3단지,39.248,5,2000,3540,10,2026,5,20
송파구,잠실동,리센츠,84.99,22,2008,68000,230,2026,5,9
송파구,장지동,위례포레샤인23단지,49.48,12,2017,9805,14,2026,5,20
송파구,마천동,송파파크데일1단지,49.63,15,2011,1907,37,2026,5,20
송파구,거여동,송파레이크파크호반써밋Ⅰ,108.8119,13,2022,50000,175,2026,5,8
송파구,마천동,송파파크데일2단지,49.6,5,2011,7854,15,2026,5,19
송파구,장지동,송파파인타운7단지,49.93,5,2007,6627,12,2026,5,19
송파구,신천동,파크리오,144.77,10,2008,80000,240,2026,5,16
송파구,장지동,송파파인타운4단지,59.67,8,2008,16818,0,2026,5,19
송파구,장지동,위례포레샤인23단지,49.48,5,2017,2690,41,2026,5,19
송파구,잠실동,잠실엘스,84.8,4,2008,110000,9,2026,5,6
송파구,마천동,송파파크데일1단지,49.63,6,2011,7824,14,2026,5,20
송파구,가락동,헬리오시티,49.21,3,2018,14216,90,2026,5,20
송파구,거여동,송파시그니처롯데캐슬,59.98,3,2021,62500,0,2026,5,13
송파구,잠실동,잠실엘스,84.8,18,2008,95000,100,2026,5,9
송파구,거여동,거여6단지,39.15,1,1997,2777,6,2026,5,18
송파구,마천동,송파파크데일2단지,59.91,10,2011,9455,16,2026,5,19
송파구,풍납동,잠실올림픽공원아이파크,59.97,6,2019,22199,31,2026,5,19
송파구,풍납동,잠실올림픽공원아이파크,59.97,1,2019,22199,31,2026,5,19
송파구,풍납동,잠실올림픽공원아이파크,59.93,4,2019,22199,31,2026,5,19
송파구,풍납동,잠실올림픽공원아이파크,59.97,6,2019,22199,31,2026,5,18
송파구,잠실동,잠실엘스,84.88,7,2008,105000,10,2026,5,9
송파구,잠실동,리센츠,84.99,19,2008,126000,0,2026,5,19
송파구,풍납동,잠실올림픽공원아이파크,59.97,1,2019,21475,35,2026,5,19
송파구,풍납동,잠실올림픽공원아이파크,59.97,5,2019,22199,31,2026,5,19
송파구,신천동,파크리오,144.77,20,2008,160000,0,2026,5,15
송파구,장지동,힐스테이트송파위례,101.8,24,2016,80000,80,2026,5,19
송파구,송파동,래미안송파파인탑,87.05,10,2012,99000,0,2026,5,16
송파구,잠실동,리센츠,84.99,16,2008,129000,0,2026,5,19
송파구,풍납동,잠실올림픽공원아이파크,59.97,7,2019,22199,31,2026,5,19
송파구,잠실동,리센츠,124.22,9,2008,182700,0,2026,5,19
송파구,문정동,올림픽훼밀리타운,84.751,11,1988,75000,0,2026,5,15
송파구,장지동,송파파인타운4단지,59.68,8,2008,7224,27,2026,5,19
송파구,풍납동,잠실올림픽공원아이파크,59.92,1,2019,22199,31,2026,5,18
송파구,문정동,힐스테이트e편한세상문정,49.92,13,2024,52000,60,2026,5,19
송파구,거여동,거여6단지,38.5,1,1997,1173,15,2026,5,19
송파구,거여동,위례포레샤인13단지,59.31,16,2020,11147,16,2026,5,19
송파구,마천동,송파파크데일2단지,59.91,9,2011,5576,38,2026,5,19
송파구,잠실동,리센츠,27.68,19,2008,52500,0,2026,5,9
송파구,거여동,송파레이크파크호반써밋Ⅰ,108.8119,4,2022,84000,0,2026,5,19
송파구,장지동,위례포레샤인23단지,59.97,18,2017,35161,0,2026,5,19
송파구,잠실동,트리지움,84.83,10,2007,10000,330,2026,5,1
송파구,석촌동,잠실한솔,84.87,6,2000,75000,0,2026,5,19
송파구,풍납동,잠실올림픽공원아이파크,59.92,3,2019,22199,31,2026,5,18
송파구,마천동,송파파크데일1단지,59.91,2,2011,5365,36,2026,5,19
송파구,마천동,송파파크데일2단지,59.91,8,2011,5576,38,2026,5,19
송파구,잠실동,잠실엘스,59.96,21,2008,10000,370,2026,5,19
송파구,거여동,거여6단지,38.5,12,1997,1173,15,2026,5,19
송파구,신천동,파크리오,84.9,24,2008,45000,260,2026,5,15
송파구,마천동,송파파크데일3단지,21.92,2,2017,2475,18,2026,5,19
송파구,마천동,송파파크데일2단지,59.91,14,2011,9455,16,2026,5,19
송파구,마천동,송파파크데일2단지,84.13,9,2011,35161,0,2026,5,19
송파구,마천동,송파파크데일2단지,49.6,3,2011,8015,14,2026,5,19
송파구,마천동,송파파크데일3단지,21.92,4,2017,7560,10,2026,5,19
송파구,마천동,송파파크데일2단지,49.63,12,2011,1958,38,2026,5,19
송파구,장지동,위례24단지(꿈에그린),84.93,9,2013,81400,0,2026,5,16
송파구,거여동,거여3단지,39.936,1,2000,1412,22,2026,5,19
송파구,마천동,송파파크데일2단지,39.96,14,2011,5239,14,2026,5,19
송파구,신천동,파크리오,59.95,21,2008,10000,330,2026,5,4
송파구,거여동,송파시그니처롯데캐슬,84.98,9,2021,73500,0,2026,5,16
송파구,송파동,한양파크뷰,84.28,7,2004,60900,0,2026,5,11
송파구,신천동,파크리오,84.9,4,2008,10000,360,2026,5,8
송파구,거여동,현대1차,84.91,13,1992,47300,0,2026,5,19
송파구,마천동,송파파크데일1단지,49.63,4,2011,7824,14,2026,5,19
송파구,장지동,위례포레샤인23단지,39.79,2,2017,5652,16,2026,5,19
송파구,오금동,상아2차아파트,60,6,1988,32000,40,2026,5,18
송파구,문정동,올림픽훼밀리타운,158.705,6,1988,135000,0,2026,5,18
송파구,신천동,장미1,71.2,12,1979,70000,0,2026,5,13
송파구,오금동,송파더플래티넘,106.23,14,2024,73500,0,2026,5,18
송파구,가락동,가락금호아파트,59.91,19,1997,74000,0,2026,5,18
송파구,가락동,헬리오시티,59.96,5,2018,100000,0,2026,5,19
송파구,잠실동,리센츠,84.99,15,2008,120000,0,2026,5,14
송파구,가락동,헬리오시티,84.98,4,2018,20000,400,2026,5,18
송파구,장지동,송파파인타운4단지,84.95,10,2008,83000,0,2026,5,2
송파구,신천동,파크리오,84.9,26,2008,115000,0,2026,5,16
송파구,송파동,한양아파트,158.61,5,1983,80000,80,2026,5,15
송파구,오금동,현대(2-4차),130.93,8,1984,90000,0,2026,5,1
송파구,장지동,송파파인타운6단지,84.94,10,2008,47775,0,2026,5,19
송파구,장지동,송파파인타운3단지,84.94,8,2008,73500,0,2026,5,16
송파구,잠실동,리센츠,27.68,8,2008,65000,0,2026,5,18
송파구,장지동,위례24단지(꿈에그린),59.63,10,2013,66000,0,2026,5,16
송파구,거여동,거여3단지,59.673,11,2000,2001,27,2026,5,18
송파구,잠실동,우성아파트,96.65,7,1981,63000,0,2026,5,16
송파구,장지동,위례아이파크,100.7848,14,2015,10000,380,2026,5,18
송파구,가락동,현대(6차),84.8,10,1991,57500,0,2026,5,18
송파구,가락동,동부센트레빌,143.02,3,2001,100000,0,2026,5,18
송파구,장지동,위례포레샤인23단지,49.48,5,2017,6367,33,2026,5,18
송파구,장지동,송파파인타운2단지,49.77,1,2008,7472,12,2026,5,18
송파구,장지동,송파파인타운8단지,59.95,12,2008,1995,38,2026,5,18
송파구,거여동,송파시그니처롯데캐슬,84.98,21,2021,94000,0,2026,5,18
송파구,문정동,문정시영,39.69,2,1989,25000,0,2026,5,18
송파구,신천동,파크리오,35.24,9,2008,5000,170,2026,5,1
송파구,송파동,미성맨션,84.95,2,1985,60000,0,2026,5,9
송파구,잠실동,우성아파트,96.65,9,1981,50000,80,2026,5,16
송파구,거여동,e편한세상송파파크센트럴,59.94,7,2021,30000,210,2026,5,16
송파구,잠실동,리센츠,27.68,17,2008,8000,180,2026,5,14
송파구,가락동,우성,58.46,8,1986,30000,36,2026,5,16
송파구,방이동,올림픽선수기자촌3단지,83.06,20,1988,89000,0,2026,5,17
송파구,가락동,가락쌍용(2차),84.42,11,1999,80000,0,2026,5,16
송파구,신천동,파크리오,59.95,8,2008,15000,300,2026,5,18
송파구,문정동,문정역마에스트로,30.1939,12,2024,21300,24,2026,5,12
송파구,신천동,파크리오,35.24,20,2008,10000,70,2026,5,15
송파구,신천동,파크리오,144.77,14,2008,136500,0,2026,5,16
송파구,장지동,송파파인타운9단지,59.93,2,2007,8495,15,2026,5,18
송파구,문정동,문정시영,39.69,10,1989,30000,0,2026,5,16
송파구,삼전동,엘에스타워,15.54,10,2016,1000,82,2026,5,15
송파구,잠실동,트리지움,59.88,10,2007,115000,0,2026,5,18
송파구,풍납동,잠실올림픽공원아이파크,59.92,6,2019,17039,57,2026,5,18
송파구,풍납동,잠실올림픽공원아이파크,59.97,2,2019,22199,31,2026,5,18
송파구,가락동,극동,59.4,5,1984,30000,65,2026,5,16
송파구,신천동,장미3,134.16,7,1984,100000,0,2026,5,16
송파구,오금동,현대(2-4차),130.93,4,1984,80000,0,2026,5,11
송파구,거여동,거여6단지,38.32,6,1997,1167,14,2026,5,18
송파구,석촌동,석촌호수효성해링턴타워,15.8307,17,2015,1000,100,2026,5,2
송파구,잠실동,잠실엘스,84.8,16,2008,20000,440,2026,5,9
송파구,장지동,송파파인타운3단지,84.98,6,2008,40000,165,2026,5,16
송파구,거여동,거여6단지,38.32,5,1997,1167,14,2026,5,18
송파구,송파동,래미안송파파인탑,87.01,21,2012,95000,80,2026,5,16
송파구,거여동,거여6단지,38.32,4,1997,1167,14,2026,5,18
송파구,신천동,파크리오,59.95,5,2008,105000,0,2026,5,15
송파구,거여동,송파레이크파크호반써밋Ⅰ,108.8119,2,2022,60100,115,2026,5,15
송파구,장지동,송파더센트레,59.73,9,2013,63000,0,2026,5,16
송파구,가락동,우성,58.46,11,1986,51000,0,2026,5,9
송파구,방이동,코오롱아파트,84.95,6,1991,70000,0,2026,5,16
송파구,풍납동,현대1,84,4,1995,71000,0,2026,5,15
송파구,잠실동,리센츠,124.22,24,2008,40000,550,2026,5,7
송파구,장지동,송파파인타운3단지,84.93,6,2008,66000,0,2026,5,15
송파구,오금동,에스아이팰리스송파올림픽공원,16.6,8,2021,20000,15,2026,5,14
송파구,방이동,올림픽선수기자촌3단지,100.31,4,1988,40000,141,2026,5,16
송파구,송파동,래미안송파파인탑,64.99,3,2012,96000,0,2026,5,9
송파구,풍납동,잠실올림픽공원아이파크,59.97,2,2019,22199,31,2026,5,17
송파구,장지동,위례24단지(꿈에그린),59.66,17,2013,49350,0,2026,5,16
송파구,장지동,송파파인타운4단지,84.95,5,2008,50000,120,2026,5,16
송파구,방이동,올림픽선수기자촌3단지,83.06,2,1988,10000,320,2026,5,18
강동구,상일동,고덕아르테온,84.95,4,2020,30000,240,2026,5,12
강동구,둔촌동,올림픽파크포레온,39.95,17,2024,67000,0,2026,5,14
강동구,강일동,강동리버스트8단지,49.8,12,2021,20000,150,2026,5,29
강동구,상일동,강동리엔파크14단지,49.69,3,2021,10000,140,2026,5,31
강동구,고덕동,고덕센트럴푸르지오,59.14,36,2020,62000,0,2026,5,30
강동구,상일동,고덕아르테온,59.98,4,2020,50000,51,2026,5,4
강동구,상일동,고덕아르테온,59.98,4,2020,50000,51,2026,5,4
강동구,명일동,삼환,84.92,12,1992,60000,70,2026,5,9
강동구,성내동,성내1차e-편한세상,84.49,10,2003,61950,0,2026,5,19
강동구,상일동,고덕아르테온,84.93,18,2020,75000,50,2026,5,6
강동구,천호동,금호아파트,27.61,4,1987,16500,0,2026,5,17
강동구,성내동,올림픽파크한양수자인,59.55,16,2016,56100,60,2026,5,16
강동구,둔촌동,올림픽파크포레온,39.95,11,2024,55000,97,2026,5,12
강동구,고덕동,래미안힐스테이트고덕,59.35,23,2016,50000,36,2026,5,9
강동구,상일동,고덕센트럴IPARK,59.99,12,2019,18078,26,2026,5,11
강동구,고덕동,고덕그라시움,84.244,4,2019,105000,0,2026,5,9
강동구,상일동,고덕롯데캐슬베네루체,59.981,8,2019,54350,0,2026,5,6
강동구,성내동,올림픽파크한양수자인,59.55,7,2016,75000,0,2026,5,1
강동구,상일동,고덕아르테온,59.83,11,2020,66150,0,2026,5,12
강동구,고덕동,고덕센트럴푸르지오,59.06,32,2020,10000,280,2026,5,16
강동구,천호동,다성이즈빌(320),57.78,5,2017,10000,200,2026,5,27
강동구,상일동,고덕센트럴IPARK,74.99,9,2019,85000,0,2026,5,2
강동구,상일동,고덕아르테온,84.97,21,2020,99000,0,2026,5,29
강동구,강일동,강일리버파크4단지,84.74,4,2009,65000,0,2026,5,16
강동구,상일동,고덕아르테온,84.97,11,2020,10000,320,2026,5,14
강동구,고덕동,고덕풍경채어바니티,84.03,12,2024,80000,0,2026,5,22
강동구,성내동,미랜드프레임빌,122.64,7,2006,80000,0,2026,5,12
강동구,명일동,삼환,84.92,9,1992,50000,120,2026,5,28
강동구,길동,강동헤리티지자이,45.795,7,2024,21000,105,2026,5,23
강동구,고덕동,고덕그라시움,59.785,14,2019,66000,0,2026,5,12
강동구,암사동,한솔솔파크,84.98,8,2009,63000,0,2026,5,21
강동구,상일동,고덕센트럴IPARK,59.97,13,2019,30000,160,2026,5,28
강동구,상일동,고덕아르테온,84.97,5,2020,79800,0,2026,5,2
강동구,둔촌동,올림픽파크포레온,59.99,25,2024,40000,270,2026,5,30
강동구,상일동,고덕센트럴IPARK,74.99,9,2019,85000,0,2026,5,2
강동구,길동,강동헤리티지자이,59.98,27,2024,57300,0,2026,5,29
강동구,상일동,고덕아르테온,84.97,21,2020,99000,0,2026,5,29
강동구,고덕동,배재현대,84.9,1,1995,72000,0,2026,5,1
강동구,천호동,금호아파트,27.61,9,1987,3000,70,2026,5,19
강동구,길동,동남아이스타즈,12.22,15,2016,1000,86,2026,5,17
강동구,길동,강동큐브,12.49,20,2013,1000,65,2026,5,25
강동구,길동,백천이스트하임,17.39,4,2012,8000,23,2026,5,26
강동구,천호동,강동밀레니얼중흥S-클래스,47.4496,31,2024,1572,29,2026,5,12
강동구,고덕동,고덕센트럴푸르지오,59.14,11,2020,30000,150,2026,5,16
강동구,강일동,강일리버파크6단지,84.74,6,2009,10000,210,2026,5,9
강동구,고덕동,래미안힐스테이트고덕,59.92,1,2016,10000,300,2026,5,13
강동구,둔촌동,올림픽파크포레온,39.95,21,2024,30000,240,2026,5,29
강동구,고덕동,래미안힐스테이트고덕,84.9,10,2016,10000,350,2026,5,25
강동구,천호동,강동밀레니얼중흥S-클래스,47.4496,9,2024,1572,29,2026,5,15
강동구,천호동,아스하임,12.88,12,2021,1000,90,2026,5,28
강동구,둔촌동,올림픽파크포레온,84.99,28,2024,150000,0,2026,5,29
강동구,암사동,선사현대아파트,72.85,8,2000,45000,90,2026,5,25
강동구,고덕동,고덕그라시움,84.244,7,2019,87150,0,2026,5,30
강동구,천호동,미사아름채아파트,12.62,12,2020,17700,25,2026,5,22
강동구,암사동,선사현대아파트,83.79,21,2000,68000,0,2026,5,23
강동구,암사동,롯데캐슬퍼스트,84.98,31,2008,70000,30,2026,5,25
강동구,둔촌동,둔촌푸르지오,84.91,3,2010,85000,0,2026,5,23
강동구,고덕동,래미안힐스테이트고덕,59.35,8,2016,55850,0,2026,5,31
강동구,상일동,고덕센트럴IPARK,84.91,3,2019,10000,300,2026,5,1
강동구,명일동,현대(고덕),84.91,10,1986,40000,0,2026,5,26
강동구,고덕동,고덕 아이파크,114.98,14,2011,85000,19,2026,5,16
강동구,명일동,삼익그린2차,54.81,8,1983,45000,0,2026,5,29
강동구,암사동,선사현대아파트,59.64,7,2000,30000,105,2026,5,2
강동구,고덕동,래미안힐스테이트고덕,84.83,33,2016,93000,0,2026,5,30
강동구,성내동,건영아모리움,11.6657,11,2017,11700,0,2026,5,11
강동구,명일동,신동아,127.33,9,1986,100000,0,2026,5,24
강동구,명일동,고덕주공9,83.34,9,1985,32150,0,2026,5,31
강동구,명일동,현대(명일),84.66,6,1988,44100,0,2026,5,2
강동구,성내동,힐스테이트천호역젠트리스,84.7668,28,2024,10000,340,2026,5,28
강동구,길동,길동3차이룸,60.52,7,2005,41000,36,2026,5,28
강동구,암사동,현대홈타운,84.98,8,2004,10000,180,2026,5,30
강동구,암사동,롯데캐슬퍼스트,59.99,23,2008,66150,0,2026,5,1
강동구,길동,청광플러스원(큐브1차),17.075,7,2012,500,60,2026,5,23
강동구,성내동,강동네스빌,48.19,8,2002,27000,31,2026,5,23
강동구,강일동,힐스테이트리슈빌강일,84.6921,4,2023,49350,0,2026,5,20
강동구,상일동,고덕롯데캐슬베네루체,84.923,2,2019,50000,136,2026,5,16
강동구,암사동,롯데캐슬퍼스트,133.97,19,2008,120000,0,2026,5,29
강동구,천호동,현진에스페랑스,81.38,2,2004,30000,75,2026,5,30
강동구,길동,강동헤리티지자이,74.974,7,2024,10000,300,2026,5,16
강동구,길동,강동헤리티지자이,59.98,22,2024,54000,100,2026,5,15
강동구,상일동,고덕롯데캐슬베네루체,84.923,27,2019,80000,40,2026,5,30
강동구,강일동,힐스테이트리슈빌강일,101.7074,9,2023,63000,0,2026,5,16
강동구,상일동,고덕아르테스미소지움,59.97,3,2022,84000,0,2026,5,15
강동구,암사동,선사현대아파트,59.64,21,2000,49875,0,2026,5,2
강동구,길동,강동큐브,12.49,9,2013,2000,50,2026,5,29
강동구,천호동,천호태영아파트,114.83,14,1999,44100,0,2026,5,16
강동구,천호동,다성이즈빌(320),48.82,3,2017,47250,0,2026,5,9
강동구,명일동,삼익가든,66.87,3,1984,7000,96,2026,5,19
강동구,고덕동,래미안힐스테이트고덕,59.35,23,2016,50000,36,2026,5,9
강동구,성내동,그란츠리버파크,59.8256,11,2025,67000,0,2026,5,15
강동구,암사동,선사현대아파트,72.85,4,2000,65000,0,2026,5,23
강동구,성내동,힐스테이트천호역젠트리스,84.9482,29,2024,84000,0,2026,5,30
강동구,성내동,천호역효성해링턴타워,16.09,18,2023,5990,43,2026,5,19
강동구,강일동,강동리버스트8단지,49.74,4,2021,15000,160,2026,5,24
강동구,강일동,힐스테이트리슈빌강일,101.7074,9,2023,63000,0,2026,5,16
강동구,천호동,강동밀레니얼중흥S-클래스,47.4496,13,2024,6521,10,2026,5,12
강동구,명일동,삼익가든,66.87,3,1984,38500,0,2026,5,22
강동구,고덕동,고덕센트럴푸르지오,59.09,30,2020,75000,0,2026,5,29
강동구,상일동,고덕아르테온,59.98,14,2020,83000,0,2026,5,26
강동구,고덕동,고덕그라시움,59.785,20,2019,83000,0,2026,5,23
강동구,강일동,힐스테이트리슈빌강일,84.6505,1,2023,52000,0,2026,5,11
강동구,강일동,강동리버스트8단지,49.8,12,2021,20000,150,2026,5,29
강동구,명일동,고덕주공9,83.52,7,1985,52725,0,2026,5,16
강동구,둔촌동,더샵파크솔레이유,84.88,6,2023,78750,0,2026,5,30
강동구,천호동,동아코아아파트,107.01,11,1997,8500,235,2026,5,15
강동구,고덕동,고덕그라시움,59.785,4,2019,70000,46,2026,5,21
강동구,둔촌동,올림픽파크포레온,84.99,21,2024,80000,160,2026,5,18
강동구,고덕동,고덕그라시움,59.785,6,2019,61950,0,2026,5,23
강동구,강일동,강일리버파크6단지,39.9,6,2009,2852,24,2026,5,20
강동구,암사동,선사현대아파트,59.64,5,2000,46000,40,2026,5,27
강동구,길동,강동헤리티지자이,84.977,21,2024,77700,0,2026,5,28
강동구,강일동,강일리버파크11단지,29.96,7,2015,7988,12,2026,5,21
강동구,상일동,강동리엔파크14단지,29.84,11,2021,10618,20,2026,5,26
강동구,명일동,고덕주공9,83.34,9,1985,32150,0,2026,5,31
강동구,둔촌동,더샵파크솔레이유,53.24,4,2023,75000,0,2026,5,25
강동구,고덕동,아남1,84.91,10,1996,67000,0,2026,5,30
강동구,강일동,강동리버스트7단지,39.92,5,2021,3657,26,2026,5,21
강동구,길동,동남아이스타즈,16.89,11,2016,1000,123,2026,5,15
강동구,암사동,선사현대아파트,58.68,22,2000,47000,0,2026,5,13
강동구,명일동,래미안솔베뉴,78.07,8,2019,60700,0,2026,5,19
강동구,길동,백천이스트하임,17.39,8,2012,1000,58,2026,5,19
강동구,상일동,고덕아르테온,84.95,18,2020,10000,254,2026,5,30
강동구,천호동,중앙하이츠,59.85,15,1998,15000,160,2026,5,12
강동구,천호동,태천해오름아파트,84.24,10,2002,25000,120,2026,5,15
강동구,성내동,현대,59.36,11,1987,3000,126,2026,5,16
강동구,상일동,고덕아르테온,84.97,15,2020,45000,170,2026,5,7
강동구,천호동,강동역두산위브센티움,59.96,15,2004,22000,0,2026,5,30
강동구,둔촌동,올림픽파크포레온,39.95,17,2024,67000,0,2026,5,14
강동구,천호동,우정아파트,59.94,6,1996,34000,25,2026,5,28
강동구,고덕동,고덕그라시움,59.785,6,2019,61950,0,2026,5,23
강동구,길동,강동큐브(2차),14.32,6,2013,500,60,2026,5,19
강동구,길동,삼익세라믹,84.85,1,1992,39900,0,2026,5,31
강동구,상일동,고덕센트럴IPARK,84.91,25,2019,72000,0,2026,5,29
강동구,길동,하나플러스,84.7,7,2004,55000,0,2026,5,11
강동구,길동,청광플러스원큐브3차,15.243,11,2014,1000,60,2026,5,30
강동구,성내동,집앤사비카,16.66,4,2020,24000,0,2026,5,30
강동구,길동,강동헤리티지자이,59.98,6,2024,50000,35,2026,5,23
강동구,상일동,고덕아르테온,84.97,15,2020,93000,0,2026,5,25
강동구,명일동,래미안솔베뉴,59.32,23,2019,95000,0,2026,5,28
강동구,천호동,두산위브센티움,31.37,3,2004,1000,70,2026,5,24
강동구,강일동,힐스테이트리슈빌강일,84.6331,4,2023,84000,0,2026,5,25
강동구,상일동,고덕리엔파크3단지,59.83,3,2011,5000,220,2026,5,12
강동구,상일동,고덕자이,59.7084,13,2021,5500,260,2026,5,27
강동구,명일동,명일지에스아파트,84.9,6,1999,18000,120,2026,5,8
강동구,성내동,현대,84.56,9,1987,25000,90,2026,5,7
강동구,암사동,롯데캐슬퍼스트,84.81,14,2008,73500,0,2026,5,13
강동구,고덕동,고덕그라시움,59.052,11,2019,57750,0,2026,5,30
강동구,둔촌동,더샵둔촌포레,95.2435,4,1984,97000,0,2026,5,29
강동구,둔촌동,둔촌푸르지오,59.98,5,2010,10000,180,2026,5,16
강동구,상일동,강동리엔파크14단지,49.69,3,2021,10000,140,2026,5,31
강동구,고덕동,래미안힐스테이트고덕,59.92,1,2016,10000,300,2026,5,13
강동구,강일동,힐스테이트리슈빌강일,84.6921,4,2023,49350,0,2026,5,20
강동구,성내동,성안마을청구,59.93,8,2002,10000,200,2026,5,18
강동구,길동,동남아이스타즈,12.22,11,2016,300,89,2026,5,1
강동구,강일동,고덕리엔파크2단지,114.97,7,2011,90000,0,2026,5,19
강동구,명일동,신동아,127.33,8,1986,72000,100,2026,5,29
강동구,명일동,래미안솔베뉴,59.11,6,2019,23000,200,2026,5,28
강동구,상일동,고덕아르테온,84.97,3,2020,75600,0,2026,5,25
강동구,암사동,힐스테이트 강동 리버뷰,84.9628,4,2019,81000,0,2026,5,26
강동구,고덕동,래미안힐스테이트고덕,59.96,8,2016,20000,260,2026,5,23
강동구,명일동,KNP,84.6,5,2002,52500,0,2026,5,9
강동구,강일동,강일리버파크3단지,84.74,13,2009,5250,189,2026,5,20
강동구,강일동,강일리버파크3단지,84.74,13,2009,5220,189,2026,5,20
강동구,천호동,현대아파트,60.76,2,1990,39900,0,2026,5,16
강동구,성내동,코오롱(1차),59.96,18,1999,50000,0,2026,5,17
강동구,길동,현대1,84.87,11,1996,10000,200,2026,5,26
강동구,천호동,늘푸른아파트,57.08,5,2006,100,20,2026,5,29
강동구,명일동,고덕주공9,83.34,2,1985,32000,50,2026,5,30
강동구,암사동,중앙하이츠,59.52,3,1998,40000,0,2026,5,29
강동구,암사동,선사현대아파트,83.67,5,2000,62200,0,2026,5,23
강동구,암사동,롯데캐슬퍼스트,59.99,23,2008,48000,90,2026,5,6
강동구,고덕동,고덕센트럴푸르지오,59.09,23,2020,56175,0,2026,5,23
강동구,상일동,고덕롯데캐슬베네루체,84.923,9,2019,83000,0,2026,5,30
강동구,암사동,동양넥스빌,84.68,10,1999,36900,15,2026,5,21
강동구,암사동,롯데캐슬퍼스트,59.99,6,2008,66150,0,2026,5,23
강동구,성내동,SM엘루이,23.65,3,2019,28660,5,2026,5,28
강동구,길동,청광플러스원큐브2차,14.495,8,2013,500,60,2026,5,27
강동구,상일동,고덕롯데캐슬베네루체,122.082,27,2019,70000,190,2026,5,6
강동구,강일동,강동리버스트4단지,49.82,18,2020,20000,120,2026,5,23
강동구,고덕동,고덕풍경채어바니티,101.05,10,2024,50000,85,2026,5,23
강동구,명일동,삼환,84.92,12,1992,60000,70,2026,5,9
강동구,명일동,고덕삼환아파트,84.644,4,1987,44000,0,2026,5,29
강동구,천호동,다성이즈빌(320),57.78,5,2017,20000,160,2026,5,27
강동구,고덕동,고덕그라시움,59.785,10,2019,12128,122,2026,5,30
강동구,천호동,미사아름채아파트,12.995,14,2020,21750,0,2026,5,15
강동구,암사동,현대홈타운,84.98,25,2004,54900,0,2026,5,28
강동구,길동,강동헤리티지자이,59.98,7,2024,50400,0,2026,5,30
강동구,상일동,고덕자이,59.9398,7,2021,60000,0,2026,5,30
강동구,길동,다성이즈빌,17.38,10,2018,14000,24,2026,5,22
강동구,명일동,명일우성,84.93,1,1986,49200,0,2026,5,26
강동구,성내동,에스케이허브진,33.71,8,2004,1000,93,2026,5,2
강동구,명일동,원일타워,21.48,8,2020,7000,59,2026,5,28
강동구,둔촌동,둔촌푸르지오,84.9,8,2010,45000,120,2026,5,11
강동구,암사동,프라이어팰리스,84.949,24,2007,39000,170,2026,5,23
강동구,암사동,선사현대아파트,59.64,5,2000,46000,40,2026,5,27
강동구,고덕동,고덕 아이파크,59.99,8,2011,20000,210,2026,5,16
강동구,길동,이편한세상강동에코포레,59.99,7,2020,80000,0,2026,5,20
강동구,천호동,로데오팰리스,14.41,9,2022,1000,85,2026,5,7
강동구,강일동,강일리버파크9단지,84.53,10,2009,52500,0,2026,5,29
강동구,상일동,고덕롯데캐슬베네루체,84.146,3,2019,67000,0,2026,5,15
강동구,상일동,고덕롯데캐슬베네루체,59.981,10,2019,70000,20,2026,5,30
강동구,상일동,고덕롯데캐슬베네루체,84.923,10,2019,75000,0,2026,5,30
강동구,암사동,선사현대아파트,59.64,5,2000,46000,40,2026,5,27
강동구,상일동,강동리엔파크14단지,49.69,5,2021,20000,120,2026,5,29
강동구,고덕동,고덕그라시움,59.052,8,2019,63000,80,2026,5,30
강동구,길동,다성이즈빌,23.39,20,2018,24000,25,2026,5,31
강동구,천호동,래미안강동팰리스,59.98,39,2017,30000,210,2026,5,16
강동구,둔촌동,올림픽파크포레온,84.99,8,2024,100000,160,2026,5,30
강동구,길동,강동큐브(2차),15.12,12,2013,1000,55,2026,5,12
강동구,성내동,힐스테이트천호역젠트리스,84.8422,7,2024,70000,0,2026,5,30
강동구,성내동,힐스테이트천호역젠트리스,84.8422,29,2024,72000,0,2026,5,23
강동구,천호동,로데오팰리스,14.41,12,2022,1000,90,2026,5,22
강동구,둔촌동,한솔솔파크,84.49,5,2003,30000,120,2026,5,28
강동구,명일동,삼익그린2차,84.755,6,1983,20000,150,2026,5,1
강동구,상일동,고덕아르테온,59.98,5,2020,64000,80,2026,5,30
강동구,강일동,강일리버파크1단지,84.53,9,2009,5000,260,2026,5,23
강동구,상일동,고덕자이,59.7084,15,2021,75000,0,2026,5,16
강동구,암사동,프라이어팰리스,59.983,14,2007,55000,0,2026,5,30
강동구,고덕동,래미안힐스테이트고덕,59.96,19,2016,70000,13,2026,5,16
강동구,고덕동,고덕그라시움,59.508,6,2019,83000,0,2026,5,30
강동구,명일동,고덕주공9,83.52,3,1985,31500,60,2026,5,30
강동구,상일동,고덕아르테온,84.95,22,2020,78750,0,2026,5,30
강동구,고덕동,고덕그라시움,59.785,9,2019,58000,11,2026,5,18
강동구,천호동,래미안강동팰리스,84.97,19,2017,93000,0,2026,5,12
강동구,상일동,고덕리엔파크3단지,84.96,8,2011,60000,7,2026,5,29
강동구,고덕동,래미안힐스테이트고덕,84.9,23,2016,91000,0,2026,5,30
강동구,길동,강동헤리티지자이,59.98,16,2024,20000,146,2026,5,29
강동구,명일동,삼익가든,66.87,6,1984,40000,0,2026,5,29
강동구,강일동,힐스테이트리슈빌강일,101.8406,27,2023,70000,0,2026,5,30
강동구,천호동,천호역한강청년주택,49.87,15,2021,11700,72,2026,5,29
강동구,고덕동,래미안힐스테이트고덕,72.02,2,2016,75000,50,2026,5,29
강동구,고덕동,고덕 아이파크,59.99,5,2011,75000,0,2026,5,30
강동구,상일동,고덕아르테온,59.98,9,2020,80000,0,2026,5,29
강동구,천호동,금호아파트,27.61,9,1987,19000,0,2026,5,18
강동구,성내동,포레스(C동),77.45,2,2003,58000,0,2026,5,29
강동구,암사동,롯데캐슬퍼스트,84.98,4,2008,90000,0,2026,5,29
강동구,길동,청광플러스원큐브2차,14.495,15,2013,1000,58,2026,5,30
강동구,고덕동,고덕 아이파크,59.99,9,2011,25133,0,2026,5,29
강동구,길동,골드클래스,59.91,8,2022,42000,20,2026,5,31
강동구,고덕동,고덕 아이파크,59.99,5,2011,25133,0,2026,5,30
강동구,길동,동삼빌라트,81.16,2,1998,60000,0,2026,5,29
강동구,길동,강동헤리티지자이,59.98,13,2024,59850,0,2026,5,30
강동구,성내동,다성이즈빌아파트,54.48,7,2016,48000,0,2026,5,30
강동구,둔촌동,다원애버니아,84.93,3,2004,44000,0,2026,5,22
강동구,명일동,현대(고덕),131.83,8,1986,73000,0,2026,5,22
강동구,상일동,고덕롯데캐슬베네루체,84.146,3,2019,82000,0,2026,5,16
강동구,상일동,e편한세상고덕어반브릿지,84.2515,4,2024,10000,200,2026,5,30
강동구,상일동,고덕자이,84.9712,24,2021,88000,0,2026,5,30
강동구,명일동,고덕주공9,83.52,6,1985,35000,130,2026,5,30
강동구,상일동,고덕센트럴IPARK,59.91,7,2019,16454,28,2026,5,29
강동구,강일동,고덕리엔파크2단지,49.92,9,2011,6870,18,2026,5,30
강동구,암사동,롯데캐슬퍼스트,59.99,25,2008,68000,0,2026,5,30
강동구,성내동,강동네스빌,24.45,7,2002,2000,75,2026,5,29
강동구,길동,광남캐스빌610V,75.93,3,2003,55000,0,2026,5,8
강동구,명일동,고덕주공9,83.21,3,1985,70000,0,2026,5,29
강동구,상일동,고덕롯데캐슬베네루체,59.984,9,2019,17945,26,2026,5,29
강동구,둔촌동,대경베일리,54.1117,3,2024,52500,0,2026,5,29
강동구,상일동,고덕센트럴IPARK,59.97,12,2019,14558,43,2026,5,29
강동구,성내동,에스케이허브진,33.71,7,2004,1000,100,2026,5,27
강동구,고덕동,고덕그라시움,73.873,21,2019,84000,0,2026,5,29
강동구,천호동,금호아파트,27.61,9,1987,3000,70,2026,5,19
강동구,둔촌동,신동아파밀리에,103.72,1,2002,69000,0,2026,5,25
강동구,고덕동,배재현대,84.9,12,1995,67000,0,2026,5,29
강동구,길동,강동디아테온,59.9982,5,2026,70000,0,2026,5,26
강동구,둔촌동,올림픽파크포레온,49.95,19,2024,75000,0,2026,5,29
강동구,천호동,천호1차우림루미아트,84.69,6,2004,56000,0,2026,5,13
강동구,성내동,천호역효성해링턴타워,35.63,28,2023,4759,21,2026,5,29
강동구,강일동,강일리버파크4단지,49.9,12,2009,4157,28,2026,5,29
강동구,상일동,중앙하이츠,59.94,13,1992,40000,10,2026,5,29
강동구,고덕동,고덕그라시움,84.244,18,2019,81200,0,2026,5,19
강동구,상일동,고덕숲아이파크,84.85,7,2018,88000,0,2026,5,27
강동구,고덕동,고덕 아이파크,59.99,4,2011,25133,0,2026,5,29
강동구,고덕동,고덕 아이파크,59.99,1,2011,25133,0,2026,5,29
강동구,고덕동,고덕센트럴푸르지오,59.14,12,2020,7000,295,2026,5,9
강동구,상일동,고덕롯데캐슬베네루체,84.146,13,2019,68200,0,2026,5,15
강동구,둔촌동,신성둔촌미소지움1,109.73,2,1998,78700,0,2026,5,28
강동구,강일동,강동리버스트8단지,49.74,9,2021,55000,0,2026,5,15
강동구,명일동,삼익가든,106.65,8,1984,70000,0,2026,5,16
강동구,고덕동,래미안힐스테이트고덕,84.9,9,2016,78700,0,2026,5,22
강동구,고덕동,래미안힐스테이트고덕,84.88,27,2016,75000,40,2026,5,16
강동구,상일동,고덕리엔파크3단지,84.83,19,2011,35518,0,2026,5,29
강동구,암사동,프라이어팰리스,84.988,22,2007,50000,100,2026,5,13
강동구,성내동,아이퍼스트빌,15.94,12,2012,14000,13,2026,5,16
강동구,강일동,강동리버스트8단지,49.74,8,2021,10000,160,2026,5,11
강동구,상일동,고덕아르테온,84.97,21,2020,99000,0,2026,5,29
강동구,고덕동,고덕 아이파크,84.98,9,2011,80000,55,2026,5,23
강동구,고덕동,고덕그라시움,84.046,15,2019,103000,0,2026,5,22
강동구,고덕동,고덕그라시움,59.785,18,2019,20000,210,2026,5,8
강동구,고덕동,고덕그라시움,59.785,12,2019,20000,260,2026,5,29
강동구,천호동,두산위브센티움,31.37,3,2004,12000,30,2026,5,1
강동구,고덕동,고덕 아이파크,114.98,9,2011,130000,0,2026,5,28
강동구,암사동,롯데캐슬퍼스트,102.34,16,2008,74800,0,2026,5,9
강동구,길동,길동우성,84.75,10,1994,58000,0,2026,5,29
강동구,고덕동,래미안힐스테이트고덕,59.23,26,2016,60000,105,2026,5,28
강동구,암사동,힐스테이트 강동 리버뷰,59.8917,9,2019,31689,0,2026,5,29
강동구,상일동,고덕아르테온,59.98,4,2020,15000,180,2026,5,23
강동구,상일동,고덕숲아이파크,59.97,2,2018,37220,0,2026,5,28
강동구,둔촌동,올림픽파크포레온,84.99,19,2024,50000,300,2026,5,23
강동구,암사동,롯데캐슬퍼스트,133.97,13,2008,120000,0,2026,5,28
강동구,둔촌동,신성둔촌미소지움2,59.88,7,2000,43050,0,2026,5,13
강동구,상일동,고덕아르테온,114.86,15,2020,104000,0,2026,5,3
강동구,상일동,강동리엔파크11단지,17.98,22,2021,6822,10,2026,5,28
강동구,강일동,강일리버파크4단지,84.53,14,2009,500,260,2026,5,7
강동구,천호동,강동밀레니얼중흥S-클래스,47.8419,21,2024,50000,60,2026,5,2
강동구,천호동,아스하임,11.33,7,2021,15300,40,2026,5,27
강동구,천호동,강동밀레니얼중흥S-클래스,47.8419,8,2024,3050,26,2026,5,13
강동구,둔촌동,올림픽파크포레온,109.99,26,2024,175000,0,2026,5,26
강동구,명일동,고덕주공9,83.52,15,1985,40000,80,2026,5,21
강동구,천호동,강동천호행복주택및천호3동공공복합청사,26.04,10,2024,7776,29,2026,5,28
강동구,고덕동,고덕그라시움,84.244,16,2019,90000,0,2026,5,28
강동구,상일동,고덕아르테온,84.97,12,2020,50000,190,2026,5,27
강동구,암사동,힐스테이트 강동 리버뷰,84.9628,3,2019,10000,350,2026,5,28
강동구,상일동,강동리엔파크11단지,17.97,2,2021,3128,21,2026,5,28
강동구,성내동,천호역효성해링턴타워,16.09,16,2023,5990,43,2026,5,18
강동구,천호동,천호역한강청년주택,14.07,6,2021,4086,40,2026,5,28
강동구,상일동,고덕아르테온,114.86,7,2020,108000,0,2026,5,28
강동구,성내동,한솔애리즈,84.74,2,2010,30000,120,2026,5,28
강동구,암사동,현대홈타운,84.98,11,2004,10000,200,2026,5,23
강동구,둔촌동,더샵파크솔레이유,84.85,8,2023,90000,0,2026,5,6
강동구,고덕동,고덕 아이파크,59.99,3,2011,25133,0,2026,5,28
강동구,명일동,현대(고덕),131.83,3,1986,64000,0,2026,5,28
강동구,상일동,고덕숲아이파크,84.85,15,2018,85000,0,2026,5,16
강동구,천호동,현대코아아파트,59.9,18,1999,8000,130,2026,5,26
강동구,상일동,고덕롯데캐슬베네루체,59.981,12,2019,75000,0,2026,5,28
강동구,천호동,중앙하이츠,59.85,4,1998,5000,180,2026,5,25
강동구,상일동,중앙하이츠,59.94,11,1992,4000,106,2026,5,28
강동구,암사동,동원베네스트,84.82,7,2002,55000,0,2026,5,16
강동구,암사동,리치,74.81,2,2007,2000,35,2026,5,28
강동구,명일동,삼익그린2차,42.93,11,1983,2000,90,2026,5,28
강동구,명일동,래미안솔베뉴,49.68,12,2019,67000,0,2026,5,28
강동구,상일동,고덕센트럴IPARK,59.97,17,2019,30000,160,2026,5,23
강동구,길동,도림씨티빌1,84.69,6,2001,48000,60,2026,5,27
강동구,길동,강동헤리티지자이,59.98,12,2024,57750,0,2026,5,9
강동구,상일동,고덕센트럴IPARK,59.97,3,2019,5000,290,2026,5,15
강동구,상일동,고덕자이,52.9662,6,2021,14320,57,2026,5,27
강동구,상일동,고덕리엔파크3단지,49.94,7,2011,9698,3,2026,5,28
강동구,성내동,성내1차e-편한세상,84.18,7,2003,57700,0,2026,5,25
강동구,상일동,고덕롯데캐슬베네루체,59.984,5,2019,13705,47,2026,5,27
강동구,길동,강동헤리티지자이,45.795,21,2024,49350,0,2026,5,23
강동구,길동,예전이룸1차,76.57,7,2004,55000,35,2026,5,1
강동구,암사동,한강현대,84.93,7,1999,68000,0,2026,5,16
강동구,상일동,강동리엔파크14단지,49.69,8,2021,10000,180,2026,5,23
강동구,상일동,강동리엔파크11단지,17.98,16,2021,7004,9,2026,5,27
강동구,고덕동,고덕 아이파크,59.99,3,2011,25133,0,2026,5,27
강동구,성내동,하나플러스ll,84.7,3,2004,52500,0,2026,5,27
강동구,상일동,고덕리엔파크3단지,59.89,2,2011,8939,15,2026,5,27
강동구,천호동,강변그대가리버뷰,84.97,6,2007,60000,0,2026,5,27
강동구,천호동,아스하임,11.33,17,2021,15000,50,2026,5,5
강동구,상일동,강동리엔파크14단지,29.84,2,2021,1984,19,2026,5,27
강동구,천호동,중앙하이츠,59.85,5,1998,53000,0,2026,5,26
강동구,강일동,강일리버파크10단지,49.9,5,2009,8682,2,2026,5,27
강동구,상일동,고덕센트럴IPARK,59.99,16,2019,18078,26,2026,5,27
강동구,상일동,고덕리엔파크3단지,49.95,2,2011,7753,14,2026,5,27
강동구,강일동,강일리버파크9단지,49.9,9,2009,4157,28,2026,5,27
강동구,암사동,선사현대아파트,59.64,5,2000,46000,40,2026,5,27
강동구,고덕동,고덕그라시움,73.873,20,2019,76650,0,2026,5,8
강동구,천호동,동아하이빌아파트,59.98,17,2000,10000,140,2026,5,9
강동구,명일동,삼익그린2차,42.93,14,1983,33000,0,2026,5,18
강동구,명일동,래미안솔베뉴,59.11,27,2019,85000,0,2026,5,26
강동구,상일동,강동리엔파크14단지,29.84,8,2021,2863,16,2026,5,27
강동구,상일동,고덕자이,52.9662,3,2021,14320,57,2026,5,27
강동구,상일동,고덕롯데캐슬베네루체,59.984,6,2019,17945,26,2026,5,27
강동구,명일동,삼익가든,82.45,4,1984,57000,0,2026,5,23
강동구,성내동,미랜드프레임빌,122.64,7,2006,80000,0,2026,5,12
강동구,강일동,고덕리엔파크1단지,49.92,8,2011,1850,38,2026,5,27
강동구,천호동,고려아파트(A동),84.69,7,2000,30000,130,2026,5,20
강동구,상일동,강동리엔파크11단지,29.98,6,2021,11306,17,2026,5,26
강동구,상일동,고덕롯데캐슬베네루체,59.984,7,2019,17945,26,2026,5,26
강동구,암사동,힐스테이트 강동 리버뷰,84.9979,20,2019,90000,0,2026,5,27
강동구,성내동,SM엘루이,28.45,10,2019,28980,9,2026,5,15
강동구,길동,청광플러스원큐브3차,13.265,14,2014,1000,55,2026,5,25
강동구,암사동,롯데캐슬퍼스트,84.98,30,2008,20000,182,2026,5,27
강동구,강일동,강일리버파크10단지,84.59,2,2009,32247,0,2026,5,27
강동구,성내동,천호역효성해링턴타워,16.09,6,2023,6142,10,2026,5,27
강동구,강일동,강일리버파크11단지,29.97,10,2015,8086,11,2026,5,26
강동구,천호동,한신아파트,58.08,10,1991,10000,70,2026,5,19
강동구,천호동,현진리버파크,23.24,10,2017,27500,5,2026,5,13
강동구,명일동,삼익그린11차,66.87,5,1986,48000,0,2026,5,25
강동구,고덕동,고덕그라시움,59.785,9,2019,10000,290,2026,5,26
강동구,상일동,강동리엔파크11단지,17.98,18,2021,6822,10,2026,5,26
강동구,강일동,고덕리엔파크2단지,49.92,11,2011,4408,31,2026,5,20
강동구,둔촌동,더샵파크솔레이유,73.9,9,2023,85000,0,2026,5,24
강동구,성내동,천호역효성해링턴타워,16.09,8,2023,6142,10,2026,5,26
강동구,고덕동,고덕 아이파크,59.99,3,2011,25133,0,2026,5,26
강동구,길동,경지Arium,13.45,6,2019,18500,0,2026,5,15
강동구,상일동,고덕센트럴IPARK,59.97,19,2019,18078,26,2026,5,26
강동구,상일동,고덕롯데캐슬베네루체,59.984,19,2019,17945,26,2026,5,26
강동구,상일동,고덕롯데캐슬베네루체,59.984,15,2019,17945,26,2026,5,26
강동구,암사동,선사현대아파트,58.68,18,2000,65000,0,2026,5,20
강동구,천호동,아스하임,12.88,15,2021,16000,35,2026,5,12
강동구,상일동,강동리엔파크14단지,29.84,11,2021,8424,31,2026,5,26
강동구,성내동,집앤사비키아파트,103.88,12,2019,15000,350,2026,5,26
강동구,길동,길동우성,84.75,5,1994,52500,0,2026,5,23
강동구,강일동,강일리버파크6단지,39.9,12,2009,3345,26,2026,5,26
강동구,고덕동,래미안힐스테이트고덕,59.35,13,2016,80000,0,2026,5,14
강동구,상일동,강동리엔파크14단지,17.81,12,2021,6660,10,2026,5,26
강동구,상일동,강동리엔파크14단지,29.84,5,2021,11234,17,2026,5,26
강동구,상일동,고덕아르테온,59.98,25,2020,65000,0,2026,5,1
강동구,상일동,강동리엔파크14단지,17.81,12,2021,2520,25,2026,5,26
강동구,천호동,천호동1차예전이룸아파트,84.3,1,2004,50000,0,2026,5,1
강동구,길동,강동헤리티지자이,84.977,17,2024,40000,210,2026,5,26
강동구,명일동,래미안솔베뉴,49.68,21,2019,40000,100,2026,5,26
강동구,명일동,래미안솔베뉴,49.62,2,2019,75000,0,2026,5,9
강동구,성내동,동아2,84.71,3,1996,45000,0,2026,5,26
강동구,고덕동,래미안힐스테이트고덕,84.9,13,2016,88000,0,2026,5,9
강동구,길동,길동우성,84.75,11,1994,20000,84,2026,5,25
강동구,명일동,고덕주공9,83.93,15,1985,37800,60,2026,5,20
강동구,고덕동,고덕그라시움,84.244,18,2019,84000,0,2026,5,26
강동구,고덕동,고덕그라시움,59.785,10,2019,77000,0,2026,5,23
강동구,고덕동,래미안힐스테이트고덕,59.35,11,2016,40000,160,2026,5,25
강동구,천호동,대우한강베네시티,132.44,15,2007,80000,0,2026,5,26
강동구,천호동,강동밀레니얼중흥S-클래스,50.4856,40,2024,62000,0,2026,5,23
강동구,상일동,고덕롯데캐슬베네루체,59.984,5,2019,17945,26,2026,5,26
강동구,명일동,현대(고덕),84.91,8,1986,40000,50,2026,5,22
강동구,길동,이편한세상강동에코포레,59.97,5,2020,46200,0,2026,5,26
강동구,상일동,고덕숲아이파크,84.85,3,2018,54500,70,2026,5,24
강동구,길동,강동헤리티지자이,59.98,21,2024,30000,130,2026,5,13
강동구,길동,다성이즈빌,14.07,7,2021,18450,4,2026,5,23
강동구,암사동,선사현대아파트,72.85,8,2000,45000,90,2026,5,25
강동구,암사동,힐스테이트 강동 리버뷰,59.9958,17,2019,31689,0,2026,5,24
강동구,천호동,강동밀레니얼중흥S-클래스,47.4496,15,2024,6521,10,2026,5,11
강동구,명일동,명일지에스아파트,59.79,2,1999,27000,130,2026,5,9
강동구,길동,이편한세상강동에코포레,84.99,17,2020,75000,0,2026,5,26
강동구,상일동,고덕아르테온,59.83,11,2020,66150,0,2026,5,12
강동구,길동,다성이즈빌,27.58,16,2021,34650,0,2026,5,21
강동구,상일동,고덕롯데캐슬베네루체,84.923,6,2019,67000,50,2026,5,12
강동구,고덕동,배재현대,59.94,14,1995,58000,0,2026,5,2
강동구,상일동,고덕자이,59.7084,3,2021,77000,0,2026,5,26
강동구,고덕동,고덕그라시움,59.785,4,2019,63000,0,2026,5,21
강동구,명일동,래미안솔베뉴,78.84,15,2019,86700,0,2026,5,23
강동구,천호동,강동역두산위브센티움,59.96,13,2004,49350,0,2026,5,23
강동구,천호동,래미안강동팰리스,59.98,12,2017,55000,90,2026,5,23
강동구,상일동,고덕자이,74.3069,22,2021,71400,0,2026,5,23
강동구,상일동,고덕롯데캐슬베네루체,84.923,2,2019,50000,136,2026,5,16
강동구,길동,강동헤리티지자이,59.98,5,2024,55650,0,2026,5,18
강동구,길동,이편한세상강동에코포레,84.99,10,2020,73000,0,2026,5,26
강동구,고덕동,배재현대,84.9,8,1995,63000,0,2026,5,22
강동구,길동,삼익세라믹,84.85,3,1992,30000,73,2026,5,22
강동구,길동,현대웰하임(101동),16.959,11,2012,10800,10,2026,5,23
강동구,천호동,어바니엘,13.4433,4,2019,1000,60,2026,5,22
강동구,상일동,고덕센트럴IPARK,74.99,8,2019,85000,0,2026,5,23
강동구,천호동,현진리버파크,23.24,9,2017,22500,0,2026,5,23
강동구,고덕동,고덕그라시움,84.244,6,2019,80000,15,2026,5,25
강동구,천호동,천호e-편한세상,103.97,12,2005,80000,0,2026,5,23
강동구,상일동,고덕센트럴IPARK,84.91,13,2019,90000,0,2026,5,23
강동구,상일동,고덕숲아이파크,84.97,4,2018,65000,0,2026,5,19
강동구,강일동,강일리버파크5단지,84.83,2,2009,60000,0,2026,5,5
강동구,강일동,강일리버파크4단지,84.83,6,2009,52500,0,2026,5,23
강동구,강일동,강일리버파크6단지,84.74,1,2009,60000,0,2026,5,23
강동구,천호동,어바니엘,13.4433,17,2019,1000,68,2026,5,22
강동구,성내동,힐스테이트천호역젠트리스,84.9482,22,2024,77000,0,2026,5,22
강동구,상일동,강동리엔파크14단지,17.81,2,2021,6660,10,2026,5,22
강동구,강일동,강동리버스트4단지,49.82,4,2020,42000,0,2026,5,23
강동구,상일동,고덕아르테온,59.98,19,2020,67200,0,2026,5,23
강동구,상일동,고덕숲아이파크,84.85,22,2018,65000,0,2026,5,23
강동구,명일동,삼익그린2차,42.93,6,1983,39000,0,2026,5,19
강동구,명일동,명일우성,133.65,8,1986,45000,110,2026,5,23
강동구,강일동,강동리버스트6단지,29.94,5,2021,795,21,2026,5,26
강동구,강일동,강동리버스트8단지,49.74,5,2021,53000,0,2026,5,23
강동구,상일동,고덕센트럴IPARK,59.97,2,2019,17178,25,2026,5,22
강동구,상일동,고덕센트럴IPARK,59.97,3,2019,18078,26,2026,5,22
강동구,상일동,고덕리엔파크3단지,59.9,10,2011,5228,36,2026,5,22
강동구,고덕동,고덕그라시움,84.244,9,2019,10000,320,2026,5,21
강동구,천호동,강동밀레니얼중흥S-클래스,47.4496,13,2024,6521,10,2026,5,11
강동구,암사동,삼성광나루,59.69,6,2002,49500,0,2026,5,16
강동구,명일동,고덕주공9,83.52,3,1985,50000,17,2026,5,22
강동구,고덕동,고덕그라시움,84.244,21,2019,10000,330,2026,5,14
강동구,상일동,고덕자이,118.4471,7,2021,105000,0,2026,5,11
강동구,강일동,강일리버파크7단지,39.9,8,2009,5605,18,2026,5,22
강동구,고덕동,고덕그라시움,84.244,6,2019,76650,0,2026,5,22
강동구,상일동,고덕롯데캐슬베네루체,59.984,9,2019,17945,26,2026,5,22
강동구,상일동,고덕롯데캐슬베네루체,59.981,15,2019,73000,0,2026,5,22
강동구,강일동,강일리버파크11단지,29.96,7,2015,8094,11,2026,5,22
강동구,둔촌동,신성둔촌미소지움1,59.78,16,1998,62000,0,2026,5,8
강동구,고덕동,고덕그라시움,59.052,5,2019,68000,0,2026,5,22
강동구,강일동,강일리버파크4단지,49.9,12,2009,4157,28,2026,5,19
강동구,상일동,고덕센트럴IPARK,59.99,12,2019,18078,26,2026,5,22
강동구,길동,백천이스트하임,17.39,2,2012,11000,8,2026,5,4
강동구,강일동,강일리버파크7단지,39.9,8,2009,5604,9,2026,5,22
강동구,성내동,코오롱(1차),59.96,6,1999,48000,0,2026,5,21
강동구,성내동,신이모닝빌,73.87,7,2004,45000,0,2026,5,22
강동구,고덕동,래미안힐스테이트고덕,109.81,6,2016,25000,370,2026,5,22
강동구,상일동,고덕센트럴IPARK,74.88,18,2019,48000,120,2026,5,22
강동구,상일동,고덕아르테온,84.94,5,2020,20000,0,2026,5,7
강동구,천호동,집앤사스윗사이드아파트,14.02,7,2019,18900,0,2026,5,21
강동구,상일동,고덕아르테온,84.93,15,2020,68250,0,2026,5,21
강동구,천호동,지원G델타아파트,84.6,7,2004,8000,190,2026,5,20
강동구,천호동,강동밀레니얼중흥S-클래스,114.8148,23,2024,20000,100,2026,5,21
강동구,고덕동,래미안힐스테이트고덕,84.83,14,2016,105000,0,2026,5,20
강동구,둔촌동,다원애버니아,84.93,3,2004,44000,0,2026,5,22
강동구,성내동,천호역효성해링턴타워,16.09,16,2023,5990,43,2026,5,18
강동구,상일동,고덕롯데캐슬베네루체,59.984,7,2019,17945,26,2026,5,22
강동구,강일동,강일리버파크11단지,29.97,10,2015,10513,20,2026,5,22
강동구,고덕동,래미안힐스테이트고덕,59.96,30,2016,66150,0,2026,5,4
강동구,천호동,미사아름채아파트,13.0175,7,2020,19000,20,2026,5,21
강동구,암사동,프라이어팰리스,84.949,30,2007,68250,0,2026,5,22
강동구,상일동,고덕롯데캐슬베네루체,59.984,2,2019,17945,26,2026,5,21
강동구,천호동,삼익아파트,59.58,8,1997,40950,0,2026,5,22
강동구,암사동,롯데캐슬퍼스트,103.01,15,2008,70000,40,2026,5,16
강동구,암사동,선사현대아파트,83.79,9,2000,31600,100,2026,5,15
강동구,상일동,고덕자이,52.9662,3,2021,40000,95,2026,5,21
강동구,명일동,고덕주공9,83.93,9,1985,20000,200,2026,5,9
강동구,천호동,천호역한강청년주택,19.67,4,2021,7970,39,2026,5,21
강동구,암사동,한강현대,84.93,12,1999,54000,30,2026,5,15
강동구,길동,강동헤리티지자이,74.974,20,2024,61425,0,2026,5,21
강동구,강일동,강동리버스트6단지,39.94,6,2021,6205,11,2026,5,21
강동구,강일동,강일리버파크8단지,49.9,10,2009,4157,28,2026,5,21
강동구,강일동,강일리버파크11단지,29.96,4,2015,7988,12,2026,5,21
강동구,강일동,강일리버파크9단지,59.87,12,2009,14049,0,2026,5,21
강동구,상일동,고덕아르테온,84.97,12,2020,73500,0,2026,5,21
강동구,천호동,천호e-편한세상,84.95,4,2005,60000,0,2026,5,1
강동구,천호동,강동밀레니얼중흥S-클래스,47.8419,13,2024,1580,29,2026,5,18
강동구,고덕동,고덕센트럴푸르지오,40.09,7,2020,14780,23,2026,5,21
강동구,암사동,힐스테이트 강동 리버뷰,59.9958,5,2019,31689,0,2026,5,21
강동구,성내동,그란츠리버파크,84.9994,9,2025,50000,138,2026,5,21
강동구,강일동,강일리버파크7단지,39.9,4,2009,3052,24,2026,5,20
강동구,상일동,강동리엔파크11단지,17.98,6,2021,6878,9,2026,5,21
강동구,강일동,힐스테이트리슈빌강일,101.7074,10,2023,60000,0,2026,5,16
강동구,명일동,삼익그린2차,107.56,10,1983,75000,0,2026,5,21
강동구,고덕동,래미안힐스테이트고덕,84.83,8,2016,104000,0,2026,5,21
강동구,암사동,프라이어팰리스,84.988,8,2007,65000,0,2026,5,21
강동구,고덕동,고덕 아이파크,59.99,3,2011,25133,0,2026,5,21
강동구,고덕동,고덕 아이파크,59.99,6,2011,38945,0,2026,5,20
강동구,상일동,고덕아르테온,84.93,3,2020,55000,150,2026,5,20
강동구,강일동,강동리버스트6단지,59.97,19,2021,28361,0,2026,5,20
강동구,상일동,고덕아르테온,59.98,5,2020,63000,0,2026,5,21
강동구,길동,강동렘브란트,15.86,11,2014,9450,19,2026,5,13
강동구,길동,거산유팰리스2차,36.45,8,2022,100,69,2026,5,21
강동구,암사동,롯데캐슬퍼스트,84.98,5,2008,81000,0,2026,5,16
강동구,고덕동,래미안힐스테이트고덕,84.88,3,2016,99000,0,2026,5,20
강동구,고덕동,고덕 아이파크,59.99,2,2011,25133,0,2026,5,20
강동구,상일동,고덕리엔파크3단지,49.94,4,2011,2342,36,2026,5,20
강동구,강일동,강동리버스트6단지,39.94,3,2021,1522,29,2026,5,21
강동구,둔촌동,세양청마루,84.42,7,2005,42000,0,2026,5,2
강동구,명일동,명일지에스아파트,84.96,10,1999,20000,180,2026,5,20
강동구,천호동,동아하이빌아파트,84.97,1,2000,63000,0,2026,5,9
강동구,상일동,고덕센트럴IPARK,59.97,2,2019,13108,45,2026,5,20
강동구,강일동,강동리버스트7단지,29.35,4,2021,3891,8,2026,5,20
강동구,고덕동,래미안힐스테이트고덕,97.26,14,2016,105000,0,2026,5,20
강동구,상일동,고덕롯데캐슬베네루체,122.082,1,2019,45000,187,2026,5,20
강동구,강일동,강일리버파크11단지,29.97,8,2015,8592,14,2026,5,20
강동구,길동,한빛골드빌1차,72.41,8,2001,45000,0,2026,5,19
강동구,길동,강동렘브란트,15.86,12,2014,9000,20,2026,5,19
강동구,성내동,천호역효성해링턴타워,16.09,30,2023,5990,43,2026,5,19
강동구,천호동,동성아파트,84.28,3,2002,15000,85,2026,5,20
강동구,상일동,고덕롯데캐슬베네루체,84.146,1,2019,52500,0,2026,5,20
강동구,상일동,고덕리엔파크3단지,84.83,1,2011,40000,140,2026,5,20
강동구,강일동,강일리버파크7단지,39.9,6,2009,5392,11,2026,5,20
강동구,명일동,삼익그린2차,66.87,10,1983,20000,135,2026,5,9
강동구,고덕동,고덕그라시움,59.785,8,2019,75000,0,2026,5,18
강동구,암사동,선사현대아파트,59.64,5,2000,60000,0,2026,5,17
강동구,천호동,동아하이빌아파트,84.97,20,2000,65000,0,2026,5,20
강동구,강일동,강일리버파크11단지,29.96,8,2015,3384,29,2026,5,20
강동구,강일동,강일리버파크5단지,49.9,4,2009,6175,16,2026,5,20
강동구,강일동,강일리버파크7단지,39.9,8,2009,7303,0,2026,5,18
강동구,암사동,롯데캐슬퍼스트,59.99,26,2008,70000,0,2026,5,19
강동구,길동,강동렘브란트,15.86,11,2014,10300,15,2026,5,13
강동구,길동,강동LG자이,84.88,19,2003,60000,0,2026,5,19
강동구,상일동,고덕아르테온,84.93,13,2020,95000,0,2026,5,16
강동구,강일동,강일리버파크7단지,39.9,8,2009,3052,24,2026,5,20
강동구,상일동,고덕아르테온,59.96,3,2020,63000,0,2026,5,14
강동구,강일동,강일리버파크6단지,84.83,13,2009,32247,0,2026,5,20
강동구,상일동,고덕아르테온,84.97,5,2020,73500,0,2026,5,1
강동구,상일동,고덕리엔파크3단지,49.94,5,2011,7596,14,2026,5,19
강동구,길동,다성이즈빌,15.96,10,2018,13700,12,2026,5,9
강동구,강일동,강일리버파크9단지,49.87,6,2009,1870,33,2026,5,19
강동구,강일동,강일리버파크7단지,39.9,8,2009,5697,13,2026,5,20
강동구,강일동,강일리버파크11단지,29.96,9,2015,7988,12,2026,5,19
강동구,명일동,명일지에스아파트,84.9,1,1999,30000,150,2026,5,19
강동구,길동,다성이즈빌(349-1),16.88,8,2012,1000,63,2026,5,15
강동구,길동,현대웰하임(201동),14.468,1,2012,7930,8,2026,5,14
강동구,천호동,천호태영아파트,84.88,16,1999,68000,0,2026,5,19
강동구,상일동,고덕리엔파크3단지,84.83,6,2011,35518,0,2026,5,19
강동구,성내동,한솔애리즈1,84.89,6,2002,30000,50,2026,5,1
강동구,천호동,하이브2,13.5,7,2013,12600,14,2026,5,16
강동구,고덕동,고덕풍경채어바니티,84.1,13,2024,65100,0,2026,5,19
강동구,고덕동,고덕그라시움,84.244,21,2019,60000,160,2026,5,19
강동구,고덕동,고덕풍경채어바니티,84.15,8,2024,10000,230,2026,5,19
강동구,천호동,브라운스톤암사아파트,84.97,2,2005,50000,60,2026,5,13
강동구,강일동,강일리버파크11단지,29.96,9,2015,8094,11,2026,5,19
강동구,명일동,삼익그린2차,66.87,10,1983,40000,0,2026,5,16
강동구,강일동,강일리버파크7단지,39.9,7,2009,2908,23,2026,5,19
강동구,강일동,고덕리엔파크1단지,114.97,5,2011,85000,0,2026,5,7
강동구,암사동,선사현대아파트,82.94,15,2000,80000,0,2026,5,12
강동구,고덕동,고덕센트럴푸르지오,59.14,13,2020,20000,160,2026,5,8
강동구,상일동,강동리엔파크11단지,17.97,5,2021,6996,9,2026,5,19
강동구,상일동,고덕센트럴IPARK,59.97,6,2019,18078,26,2026,5,19
강동구,길동,강동큐브(2차),12.52,7,2013,500,55,2026,5,11
강동구,고덕동,고덕그라시움,73.873,9,2019,73000,0,2026,5,16
강동구,상일동,고덕자이,74.3069,22,2021,10000,300,2026,5,14
강동구,상일동,고덕센트럴IPARK,59.97,28,2019,20000,140,2026,5,16
강동구,상일동,고덕아르테온,84.97,8,2020,87500,0,2026,5,13
강동구,상일동,강동리엔파크14단지,17.81,4,2021,7060,10,2026,5,18
강동구,둔촌동,둔촌푸르지오,84.92,6,2010,65000,60,2026,5,16
강동구,천호동,강동밀레니얼중흥S-클래스,47.4496,28,2024,1572,29,2026,5,14
강동구,상일동,강동리엔파크14단지,17.81,8,2021,7060,10,2026,5,18
강동구,상일동,고덕아르테온,84.93,18,2020,75000,50,2026,5,6
강동구,고덕동,고덕그라시움,73.566,5,2019,90000,0,2026,5,16
강동구,고덕동,고덕그라시움,84.244,13,2019,89000,0,2026,5,18
강동구,강일동,강일리버파크4단지,49.9,13,2009,6175,16,2026,5,18
강동구,상일동,고덕센트럴IPARK,59.91,2,2019,18078,26,2026,5,19
강동구,길동,경지Arium,14.12,7,2019,17000,30,2026,5,16
강동구,상일동,강동리엔파크11단지,17.98,16,2021,2728,22,2026,5,18
강동구,고덕동,고덕센트럴푸르지오,59.14,29,2020,76000,0,2026,5,16
강동구,성내동,한솔애리즈501동,83.86,1,2004,10000,180,2026,5,16
강동구,상일동,강동리엔파크14단지,59.94,3,2021,20000,170,2026,5,9
강동구,성내동,영풍마드레빌,80.31,13,2002,57500,0,2026,5,12
강동구,천호동,동구햇살아파트,84.54,7,2002,47000,0,2026,5,16
강동구,길동,이편한세상강동에코포레,59.99,11,2020,75000,0,2026,5,11
강동구,고덕동,래미안힐스테이트고덕,84.74,11,2016,10000,280,2026,5,9
강동구,길동,청광플러스원(큐브1차),17.075,13,2012,1000,55,2026,5,9
강동구,암사동,롯데캐슬퍼스트,59.99,13,2008,61950,0,2026,5,16
강동구,강일동,강일리버파크7단지,39.9,11,2009,3052,24,2026,5,18
강동구,상일동,고덕아르테스미소지움,84.96,6,2022,78750,0,2026,5,15
강동구,상일동,강동리엔파크11단지,17.98,17,2021,6878,9,2026,5,18
강동구,천호동,로데오팰리스,14.41,13,2022,1000,90,2026,5,16
강동구,강일동,강일리버파크6단지,84.74,13,2009,53000,50,2026,5,18
강동구,상일동,고덕아르테온,59.98,11,2020,83000,0,2026,5,16
강동구,천호동,어바니엘,13.5673,15,2019,1000,73,2026,5,18
강동구,암사동,힐스테이트 강동 리버뷰,59.9958,21,2019,31689,0,2026,5,18
강동구,상일동,고덕아르테온,84.97,9,2020,83000,0,2026,5,14
강동구,성내동,천호역효성해링턴타워,16.09,13,2023,5990,42,2026,5,15
강동구,길동,이편한세상강동에코포레,84.99,7,2020,50000,20,2026,5,18
강동구,성내동,천호역효성해링턴타워,33.28,27,2023,6481,10,2026,5,18
강동구,암사동,금정우리가,29.4676,7,2018,26560,0,2026,5,11
강동구,천호동,두산위브센티움,31.37,3,2004,14300,20,2026,5,18
강동구,고덕동,고덕그라시움,59.785,14,2019,57750,0,2026,5,10
강동구,길동,골드클래스,59.14,13,2022,46000,0,2026,5,16
강동구,상일동,강동리엔파크14단지,59.94,12,2021,60000,0,2026,5,15
강동구,명일동,삼익그린2차,42.93,14,1983,33000,0,2026,5,18
강동구,둔촌동,올림픽파크포레온,84.99,26,2024,135000,0,2026,5,16
강동구,고덕동,고덕그라시움,59.785,6,2019,80000,0,2026,5,16
강동구,성내동,늘조은,43.43,9,2003,32000,15,2026,5,16
강동구,상일동,강동리엔파크11단지,17.98,18,2021,6822,10,2026,5,18
강동구,강일동,강일리버파크4단지,49.9,5,2009,4157,28,2026,5,18
강동구,상일동,고덕센트럴IPARK,59.97,5,2019,17178,25,2026,5,15
강동구,고덕동,고덕그라시움,73.873,13,2019,90000,0,2026,5,16
강동구,성내동,해가든,128.53,4,2004,60000,0,2026,5,15
강동구,암사동,롯데캐슬퍼스트,59.99,5,2008,45000,0,2026,5,16
강동구,암사동,롯데캐슬퍼스트,112.11,5,2008,115000,0,2026,5,13
강동구,천호동,태천해오름아파트,84.24,4,2002,50000,30,2026,5,15
강동구,암사동,현대홈타운,84.98,22,2004,80000,0,2026,5,16
강동구,고덕동,고덕그라시움,73.873,8,2019,73500,0,2026,5,14
강동구,강일동,힐스테이트리슈빌강일,101.8406,11,2023,63000,0,2026,5,2
강동구,상일동,고덕리엔파크3단지,84.98,14,2011,55000,0,2026,5,16
강동구,상일동,강동리엔파크11단지,17.98,19,2021,6878,9,2026,5,18
강동구,길동,강동헤리티지자이,45.795,6,2024,25000,150,2026,5,15
강동구,성내동,집앤사비카,18.45,7,2020,21525,0,2026,5,16
강동구,명일동,고덕주공9,83.21,4,1985,42000,90,2026,5,16
강동구,고덕동,래미안힐스테이트고덕,84.74,7,2016,50000,165,2026,5,16
강동구,상일동,고덕아르테온,59.98,21,2020,82000,0,2026,5,7
강동구,성내동,올림픽파크한양수자인,59.55,16,2016,56100,60,2026,5,16
강동구,상일동,중앙하이츠,84.23,1,1992,65000,0,2026,5,13
강동구,상일동,고덕아르테온,84.97,21,2020,85000,0,2026,5,16
강동구,암사동,선사현대아파트,59.64,5,2000,52500,0,2026,5,16
강동구,천호동,현대코아아파트,59.9,7,1999,52500,0,2026,5,16
강동구,천호동,엘림스퀘어II,17.58,7,2019,1000,70,2026,5,18
강동구,길동,강동와이시티,13.97,15,2014,8300,10,2026,5,15
강동구,고덕동,고덕그라시움,84.244,9,2019,100000,0,2026,5,16
강동구,천호동,강동밀레니얼중흥S-클래스,84.1946,13,2024,90000,0,2026,5,18
강동구,명일동,한양,84.92,11,1986,55000,40,2026,5,16
강동구,길동,강동헤리티지자이,74.974,27,2024,63000,0,2026,5,16
강동구,성내동,건영아모리움,11.6657,11,2017,11700,0,2026,5,11
강동구,강일동,강일리버파크4단지,84.74,10,2009,32413,0,2026,5,15
강동구,성내동,성안마을청구,59.93,13,2002,54000,0,2026,5,5
강동구,성내동,천호역효성해링턴타워,16.09,16,2023,6142,10,2026,5,17
강동구,암사동,프라이어팰리스,84.988,17,2007,31000,50,2026,5,9
강동구,강일동,힐스테이트리슈빌강일,84.7324,13,2023,58800,0,2026,5,16
강동구,상일동,고덕리엔파크3단지,49.92,3,2011,5482,26,2026,5,18
강동구,상일동,고덕숲아이파크,59.87,3,2018,5000,275,2026,5,16
강동구,강일동,강일리버파크4단지,84.74,4,2009,65000,0,2026,5,16
강동구,상일동,고덕아르테스미소지움,84.96,11,2022,90000,20,2026,5,11
강동구,성내동,집앤사비카,18.45,7,2020,21525,0,2026,5,16
강동구,강일동,강동리버스트8단지,39.41,15,2021,1516,30,2026,5,16
강동구,명일동,삼익가든,57.01,5,1984,35000,0,2026,5,15
강동구,강일동,강일리버파크7단지,39.87,6,2009,5392,11,2026,5,15
강동구,상일동,고덕센트럴IPARK,59.97,20,2019,60000,0,2026,5,2
강동구,길동,강동역에스케이허브,84.81,11,2006,57700,0,2026,5,15
강동구,길동,에이치비골드빌(103동),57.31,14,2004,46750,0,2026,5,15
강동구,길동,길동우성,84.75,9,1994,50000,0,2026,5,15
강동구,고덕동,고덕 아이파크,84.98,13,2011,73500,0,2026,5,15
강동구,암사동,삼성광나루,84.89,16,2002,63000,0,2026,5,15
강동구,고덕동,고덕그라시움,84.046,19,2019,100000,0,2026,5,14
강동구,명일동,삼익그린2차,54.81,12,1983,24000,90,2026,5,15
강동구,강일동,강일리버파크8단지,49.9,6,2009,4157,28,2026,5,15
강동구,성내동,천호역효성해링턴타워,16.09,29,2023,6142,10,2026,5,15
강동구,상일동,고덕아르테온,59.98,9,2020,10000,270,2026,5,15
강동구,상일동,고덕롯데캐슬베네루체,59.984,18,2019,19315,30,2026,5,15
강동구,상일동,고덕리엔파크3단지,84.83,14,2011,35518,0,2026,5,15
강동구,천호동,강동밀레니얼중흥S-클래스,47.4496,16,2024,6521,10,2026,5,11
강동구,암사동,현대홈타운,84.98,6,2004,79000,0,2026,5,14
강동구,암사동,선사현대아파트,59.64,2,2000,20000,150,2026,5,14
강동구,상일동,고덕센트럴IPARK,59.97,5,2019,7446,64,2026,5,12
강동구,강일동,강일리버파크1단지,59.87,5,2009,3309,41,2026,5,15
강동구,길동,희훈리치파크1,74.34,14,2002,60000,0,2026,5,14
강동구,길동,이편한세상강동에코포레,84.99,2,2020,30000,120,2026,5,15
강동구,강일동,강일리버파크7단지,84.53,5,2009,48000,0,2026,5,9
강동구,강일동,힐스테이트리슈빌강일,84.8935,6,2023,57750,0,2026,5,9
강동구,고덕동,고덕그라시움,59.785,9,2019,37500,150,2026,5,14
강동구,성내동,천호역효성해링턴타워,16.09,32,2023,6142,10,2026,5,15
강동구,고덕동,고덕풍경채어바니티,84.1,9,2024,5250,210,2026,5,15
강동구,강일동,강동리버스트8단지,59.97,11,2021,48300,0,2026,5,14
강동구,강일동,강동리버스트4단지,59.99,8,2020,56000,0,2026,5,7
강동구,천호동,대우한강베네시티,114.63,14,2007,86000,0,2026,5,12
강동구,암사동,현대홈타운,84.98,14,2004,70000,0,2026,5,15
강동구,길동,백천이스트하임,17.39,3,2012,1000,59,2026,5,15
강동구,상일동,고덕아르테온,84.97,6,2020,70000,100,2026,5,13
강동구,상일동,고덕센트럴IPARK,84.91,2,2019,68775,0,2026,5,12
강동구,상일동,강동리엔파크11단지,17.97,5,2021,4828,19,2026,5,15
강동구,길동,강동헤리티지자이,74.974,30,2024,60900,0,2026,5,15
강동구,길동,라인,59.94,3,1998,25000,57,2026,5,15
강동구,상일동,강동리엔파크14단지,49.69,8,2021,50000,0,2026,5,14
강동구,천호동,강동밀레니얼중흥S-클래스,47.4496,9,2024,3932,24,2026,5,15
강동구,상일동,고덕센트럴IPARK,59.97,2,2019,13798,47,2026,5,14
강동구,암사동,프라이어팰리스,59.983,16,2007,45000,100,2026,5,13
강동구,명일동,래미안솔베뉴,59.32,8,2019,45000,120,2026,5,7
강동구,강일동,강동리버스트4단지,49.82,13,2020,10000,160,2026,5,1
강동구,상일동,고덕센트럴IPARK,59.97,9,2019,20000,139,2026,5,15
강동구,강일동,강일리버파크11단지,29.96,2,2015,7740,10,2026,5,14
강동구,상일동,강동리엔파크11단지,17.98,4,2021,6822,10,2026,5,14
강동구,고덕동,고덕그라시움,84.244,23,2019,84000,0,2026,5,13
강동구,상일동,고덕센트럴IPARK,59.99,3,2019,17178,25,2026,5,14
강동구,강일동,강일리버파크11단지,29.96,7,2015,8086,11,2026,5,15
강동구,강일동,강일리버파크4단지,84.59,2,2009,21121,0,2026,5,15
강동구,강일동,강일리버파크11단지,29.96,4,2015,7988,12,2026,5,14
강동구,강일동,강일리버파크5단지,49.9,11,2009,8682,2,2026,5,14
강동구,명일동,고덕주공9,83.52,15,1985,40000,80,2026,5,14
강동구,강일동,고덕리엔파크1단지,84.98,12,2011,73500,0,2026,5,12
강동구,고덕동,래미안힐스테이트고덕,97,21,2016,105000,0,2026,5,13
강동구,암사동,선사현대아파트,72.85,15,2000,58000,0,2026,5,14
강동구,둔촌동,신성둔촌미소지움1,84.86,14,1998,57700,0,2026,5,1
강동구,길동,길동생활B,17.11,17,2024,5800,36,2026,5,14
강동구,길동,강동헤리티지자이,59.98,11,2024,15000,168,2026,5,14
강동구,고덕동,고덕그라시움,84.046,7,2019,81900,0,2026,5,14
강동구,상일동,고덕롯데캐슬베네루체,59.984,4,2019,17945,26,2026,5,14
강동구,상일동,고덕센트럴IPARK,59.97,2,2019,17178,25,2026,5,14
강동구,길동,현대1,59.88,14,1996,56000,0,2026,5,14
강동구,암사동,롯데캐슬퍼스트,111.22,17,2008,84000,0,2026,5,12
강동구,강일동,강일리버파크11단지,29.97,7,2015,7988,12,2026,5,14
강동구,강일동,강일리버파크11단지,29.96,9,2015,7988,12,2026,5,14
강동구,길동,강동와이시티,13.97,10,2014,7600,30,2026,5,13
강동구,강일동,강일리버파크11단지,29.97,4,2015,3168,27,2026,5,14
강동구,강일동,강일리버파크2단지,84.53,7,2009,5000,137,2026,5,14
강동구,강일동,고덕리엔파크1단지,84.87,3,2011,35518,0,2026,5,14
강동구,천호동,신주아파트(102동),63.7,7,2002,29700,50,2026,5,12
강동구,암사동,롯데캐슬퍼스트,84.81,16,2008,20000,240,2026,5,14
강동구,성내동,올림픽파크한양수자인,59.55,2,2016,39068,0,2026,5,14
강동구,상일동,고덕리엔파크3단지,84.87,1,2011,37406,0,2026,5,14
강동구,고덕동,고덕 아이파크,114.98,10,2011,115000,0,2026,5,14
강동구,성내동,백룡도원,130.41,6,2001,25000,30,2026,5,14
강동구,상일동,고덕아르테온,59.98,9,2020,62000,50,2026,5,4
강동구,상일동,강동리엔파크11단지,17.97,7,2021,7152,10,2026,5,13
강동구,상일동,고덕리엔파크3단지,49.92,10,2011,7753,14,2026,5,14
강동구,강일동,강일리버파크7단지,39.9,3,2009,5507,10,2026,5,14
강동구,상일동,강동리엔파크11단지,17.98,21,2021,6448,10,2026,5,13
강동구,상일동,고덕롯데캐슬베네루체,59.984,2,2019,17945,26,2026,5,14
강동구,강일동,고덕리엔파크1단지,59.72,3,2011,8921,15,2026,5,14
강동구,천호동,로데오팰리스,14.41,16,2022,1000,95,2026,5,13
강동구,암사동,선사현대아파트,83.67,21,2000,20000,210,2026,5,11
강동구,길동,길동생활B,17.11,15,2024,6500,41,2026,5,14
강동구,천호동,강동밀레니얼중흥S-클래스,47.4496,28,2024,3932,24,2026,5,14
강동구,성내동,천호역효성해링턴타워,16.09,21,2023,4312,19,2026,5,14
강동구,상일동,강동리엔파크14단지,17.81,8,2021,7060,10,2026,5,13
강동구,상일동,고덕리엔파크3단지,49.92,7,2011,4442,32,2026,5,14
강동구,상일동,강동리엔파크11단지,17.97,6,2021,6822,10,2026,5,14
강동구,명일동,래미안솔베뉴,78.07,21,2019,50000,119,2026,5,14
강동구,암사동,힐스테이트 강동 리버뷰,59.9958,20,2019,31689,0,2026,5,13
강동구,암사동,선사현대아파트,59.64,18,2000,63000,0,2026,5,13
강동구,명일동,한양,119.37,10,1986,25000,180,2026,5,9
강동구,고덕동,고덕그라시움,84.244,11,2019,40000,160,2026,5,9
강동구,강일동,고덕리엔파크2단지,59.94,10,2011,8913,15,2026,5,14
강동구,상일동,고덕센트럴IPARK,59.97,3,2019,20837,35,2026,5,13
강동구,강일동,고덕리엔파크2단지,59.9,14,2011,8913,15,2026,5,13
강동구,고덕동,래미안힐스테이트고덕,97,21,2016,105000,0,2026,5,13
강동구,고덕동,고덕센트럴푸르지오,40.09,23,2020,14780,23,2026,5,14
강동구,상일동,고덕센트럴IPARK,59.91,4,2019,17178,25,2026,5,14
강동구,상일동,고덕아르테온,84.97,12,2020,85000,0,2026,5,12
강동구,상일동,고덕아르테온,84.95,5,2020,76650,0,2026,5,12
강동구,상일동,고덕롯데캐슬베네루체,59.984,14,2019,6820,57,2026,5,13
강동구,암사동,롯데캐슬퍼스트,84.81,27,2008,71000,0,2026,5,13
강동구,암사동,선사현대아파트,58.68,13,2000,47775,0,2026,5,13
강동구,상일동,중앙하이츠,84.23,1,1992,65000,0,2026,5,13
강동구,상일동,고덕센트럴IPARK,59.99,4,2019,21051,34,2026,5,13
강동구,성내동,한솔애리즈3차,75.75,3,2003,46200,0,2026,5,1
강동구,상일동,강동리엔파크11단지,36.22,7,2021,9819,13,2026,5,13
강동구,상일동,고덕리엔파크3단지,84.83,16,2011,35518,0,2026,5,13
강동구,상일동,강동리엔파크11단지,36.22,7,2021,14534,19,2026,5,13
강동구,상일동,강동리엔파크14단지,49.69,11,2021,53000,0,2026,5,9
강동구,상일동,강동리엔파크11단지,17.98,21,2021,6878,9,2026,5,13
강동구,암사동,현대홈타운,114.07,5,2004,80000,0,2026,5,13
강동구,암사동,힐스테이트 강동 리버뷰,59.8917,15,2019,31689,0,2026,5,13
강동구,상일동,강동리엔파크11단지,36.22,1,2021,14534,19,2026,5,13
강동구,상일동,고덕센트럴IPARK,59.97,2,2019,18078,26,2026,5,13
강동구,고덕동,고덕그라시움,59.028,9,2019,22436,34,2026,5,13
강동구,강일동,강일리버파크9단지,84.53,8,2009,70000,0,2026,5,1
강동구,강일동,강일리버파크9단지,84.53,8,2009,70000,0,2026,5,1
강동구,길동,현대웰하임(101동),16.959,9,2012,9979,17,2026,5,12
강동구,둔촌동,더샵둔촌포레,93.8499,10,1984,95000,0,2026,5,9
강동구,상일동,고덕자이,84.9712,25,2021,30000,240,2026,5,13
강동구,상일동,고덕롯데캐슬베네루체,59.984,1,2019,17945,26,2026,5,13
강동구,상일동,고덕센트럴IPARK,59.97,2,2019,18078,26,2026,5,13
강동구,둔촌동,광남아파트101동,84.24,3,2004,60000,0,2026,5,13
강동구,암사동,선사현대아파트,59.64,14,2000,63000,0,2026,5,13
강동구,상일동,고덕롯데캐슬베네루체,59.984,11,2019,17945,26,2026,5,13
강동구,고덕동,래미안힐스테이트고덕,84.88,21,2016,63000,40,2026,5,1
강동구,상일동,강동리엔파크11단지,36.22,5,2021,14534,19,2026,5,13
강동구,암사동,롯데캐슬퍼스트,103.01,6,2008,95000,0,2026,5,5
강동구,강일동,고덕리엔파크2단지,49.92,13,2011,6231,21,2026,5,13
강동구,천호동,천호태영아파트,84.88,6,1999,50000,0,2026,5,13
강동구,상일동,강동리엔파크11단지,17.98,18,2021,6448,10,2026,5,13
강동구,고덕동,고덕그라시움,59.785,13,2019,40000,28,2026,5,13
강동구,길동,다성이즈빌,69.98,2,2003,43000,0,2026,5,13
강동구,상일동,고덕센트럴IPARK,59.99,5,2019,8411,62,2026,5,13
강동구,고덕동,래미안힐스테이트고덕,59.35,4,2016,60000,25,2026,5,13
강동구,둔촌동,아인리베,83.94,6,2005,62000,0,2026,5,7
강동구,고덕동,고덕그라시움,59.785,9,2019,63660,0,2026,5,8
강동구,천호동,강동밀레니얼중흥S-클래스,47.8419,8,2024,3950,24,2026,5,13
강동구,상일동,고덕센트럴IPARK,59.97,3,2019,17178,25,2026,5,13
강동구,상일동,고덕센트럴IPARK,59.97,4,2019,17178,25,2026,5,13
강동구,상일동,고덕센트럴IPARK,59.97,1,2019,18078,26,2026,5,12
강동구,고덕동,고덕풍경채어바니티,101.04,26,2024,73500,0,2026,5,9
강동구,상일동,강동리엔파크11단지,17.97,4,2021,2956,25,2026,5,13
강동구,고덕동,고덕그라시움,73.566,26,2019,78700,0,2026,5,7
강동구,상일동,고덕아르테온,84.95,4,2020,30000,240,2026,5,12
강동구,성내동,천호역효성해링턴타워,16.09,11,2023,6142,10,2026,5,12
강동구,상일동,고덕롯데캐슬베네루체,59.984,16,2019,17945,26,2026,5,12
강동구,명일동,고덕주공9,83.21,7,1985,48300,0,2026,5,10
강동구,고덕동,고덕그라시움,59.028,16,2019,77000,0,2026,5,9
강동구,고덕동,고덕그라시움,73.873,16,2019,35000,200,2026,5,6
강동구,상일동,고덕센트럴IPARK,59.91,5,2019,13108,45,2026,5,13
강동구,상일동,고덕롯데캐슬베네루체,59.984,15,2019,18379,23,2026,5,13
강동구,상일동,고덕센트럴IPARK,59.99,11,2019,17178,25,2026,5,12
강동구,강일동,힐스테이트리슈빌강일,84.8935,19,2023,20000,193,2026,5,12
강동구,강일동,강일리버파크10단지,84.83,8,2009,65000,0,2026,5,13
강동구,천호동,태천아파트,84.75,4,2003,45150,0,2026,5,12
강동구,강일동,강일리버파크3단지,59.87,14,2009,42500,0,2026,5,7
강동구,천호동,강변그대가갤럭시,84.96,9,2009,75000,0,2026,5,12
강동구,명일동,현대(명일),84.66,14,1988,60000,0,2026,5,12
강동구,고덕동,고덕풍경채어바니티,84.1,12,2024,63000,0,2026,5,7
강동구,상일동,고덕센트럴IPARK,59.99,14,2019,18078,26,2026,5,12
강동구,강일동,강일리버파크6단지,84.53,6,2009,63000,0,2026,5,9
강동구,강일동,강일리버파크6단지,84.53,6,2009,63000,0,2026,5,9
강동구,길동,강동헤리티지자이,84.977,20,2024,75600,0,2026,5,10
강동구,상일동,고덕롯데캐슬베네루체,59.984,8,2019,17945,26,2026,5,12
강동구,상일동,고덕롯데캐슬베네루체,59.984,13,2019,22056,40,2026,5,12
강동구,상일동,고덕롯데캐슬베네루체,59.984,18,2019,17945,26,2026,5,12
강동구,암사동,힐스테이트 강동 리버뷰,59.8917,6,2019,31689,0,2026,5,12
강동구,명일동,명일지에스아파트,59.79,5,1999,42000,0,2026,5,8
강동구,천호동,강동밀레니얼중흥S-클래스,47.4496,31,2024,3932,24,2026,5,12
강동구,천호동,강동밀레니얼중흥S-클래스,47.4496,13,2024,3932,24,2026,5,12
강동구,강일동,힐스테이트리슈빌강일,84.6921,4,2023,57700,0,2026,5,1
강동구,상일동,고덕롯데캐슬베네루체,59.984,7,2019,17945,26,2026,5,12
강동구,둔촌동,라이프101동(544)102동(544-1),84.6,5,1993,45150,0,2026,5,1
강동구,상일동,고덕센트럴IPARK,59.97,6,2019,18078,26,2026,5,11
강동구,상일동,고덕센트럴IPARK,59.97,3,2019,17178,25,2026,5,11
강동구,상일동,고덕센트럴IPARK,74.88,1,2019,65000,50,2026,5,11
강동구,상일동,고덕센트럴IPARK,59.99,13,2019,18078,26,2026,5,11
강동구,상일동,고덕롯데캐슬베네루체,59.984,10,2019,17945,26,2026,5,11
강동구,상일동,고덕롯데캐슬베네루체,59.984,5,2019,17945,26,2026,5,11
강동구,상일동,고덕롯데캐슬베네루체,59.984,8,2019,17945,26,2026,5,11
강동구,상일동,고덕센트럴IPARK,59.97,18,2019,17178,25,2026,5,11
강동구,상일동,고덕아르테온,84.97,19,2020,94000,0,2026,5,11
강동구,상일동,고덕롯데캐슬베네루체,59.984,3,2019,17945,26,2026,5,11
강동구,상일동,고덕롯데캐슬베네루체,59.984,3,2019,17945,26,2026,5,11
강동구,상일동,고덕롯데캐슬베네루체,59.984,19,2019,7378,60,2026,5,11
강동구,길동,강동헤리티지자이,59.98,18,2024,47250,0,2026,5,12
강동구,암사동,선사현대아파트,58.68,12,2000,10000,200,2026,5,5
강동구,명일동,래미안솔베뉴,84.63,12,2019,60000,0,2026,5,9
강동구,상일동,고덕센트럴IPARK,59.97,7,2019,18078,26,2026,5,11
강동구,명일동,현대(명일),57.09,6,1988,36750,0,2026,5,12
강동구,상일동,고덕롯데캐슬베네루체,59.984,5,2019,17945,26,2026,5,11
강동구,상일동,고덕센트럴IPARK,59.91,10,2019,18516,24,2026,5,11
강동구,상일동,고덕롯데캐슬베네루체,59.984,11,2019,17945,26,2026,5,11
강동구,강일동,강동리버스트4단지,49.82,18,2020,40000,0,2026,5,9
강동구,상일동,고덕롯데캐슬베네루체,59.984,1,2019,18157,24,2026,5,11
강동구,상일동,고덕센트럴IPARK,59.97,5,2019,13798,47,2026,5,11
강동구,강일동,강일리버파크10단지,84.74,13,2009,65000,0,2026,5,11
강동구,상일동,고덕롯데캐슬베네루체,59.984,16,2019,18157,24,2026,5,11
강동구,상일동,고덕아르테온,84.95,10,2020,60000,90,2026,5,10
강동구,상일동,고덕롯데캐슬베네루체,59.984,14,2019,17050,24,2026,5,11
강동구,상일동,고덕센트럴IPARK,59.99,12,2019,18078,26,2026,5,11
강동구,상일동,고덕롯데캐슬베네루체,59.984,4,2019,17945,26,2026,5,11
강동구,길동,다성이즈빌(387-4),14.75,7,2018,1000,68,2026,5,4
강동구,암사동,힐스테이트 강동 리버뷰,59.8917,10,2019,31689,0,2026,5,11
강동구,천호동,강동밀레니얼중흥S-클래스,47.4496,21,2024,1572,29,2026,5,11
강동구,천호동,강동밀레니얼중흥S-클래스,47.4496,13,2024,3932,24,2026,5,11
강동구,천호동,강동밀레니얼중흥S-클래스,47.4496,18,2024,3932,24,2026,5,11
강동구,암사동,롯데캐슬퍼스트,59.99,7,2008,61950,0,2026,5,9
강동구,상일동,고덕롯데캐슬베네루체,59.984,9,2019,17945,26,2026,5,11
강동구,성내동,광남캐스빌(448-5),84.48,6,2001,52500,0,2026,5,9
강동구,둔촌동,현대4,83.88,6,1996,57700,0,2026,5,10
강동구,명일동,삼익그린2차,66.87,12,1983,45000,0,2026,5,9
강동구,명일동,고덕주공9,83.93,12,1985,42000,0,2026,5,9
강동구,암사동,힐스테이트 강동 리버뷰,84.9921,17,2019,38201,0,2026,5,11
강동구,상일동,고덕아르테온,59.98,4,2020,30000,200,2026,5,6
강동구,고덕동,고덕그라시움,84.24,6,2019,100000,0,2026,5,9
강동구,성내동,건영아모리움,11.6657,11,2017,11700,0,2026,5,11
강동구,천호동,강동밀레니얼중흥S-클래스,47.4496,15,2024,3932,24,2026,5,11
강동구,명일동,현대(명일),84.66,13,1988,30000,130,2026,5,5
강동구,명일동,삼익그린2차,84.755,2,1983,62000,0,2026,5,9
강동구,성내동,에스아이팰리스센트럴성내,14.0075,9,2021,17800,17,2026,5,9
강동구,고덕동,고덕그라시움,59.028,18,2019,30000,120,2026,5,9
강동구,암사동,롯데캐슬퍼스트,84.81,6,2008,83000,0,2026,5,9
강동구,천호동,강동밀레니얼중흥S-클래스,47.4496,16,2024,3932,24,2026,5,11
강동구,성내동,그란츠리버파크,59.8256,15,2025,25000,240,2026,5,11
강동구,암사동,선사현대아파트,72.85,19,2000,10000,220,2026,5,9
강동구,명일동,현대(고덕),131.83,13,1986,95000,0,2026,5,7
강동구,암사동,선사현대아파트,83.18,18,2000,72000,0,2026,5,9
강동구,암사동,선사현대아파트,59.64,20,2000,51400,0,2026,5,11
강동구,고덕동,고덕그라시움,59.785,10,2019,79000,0,2026,5,8
강동구,암사동,선사현대아파트,58.68,23,2000,59000,0,2026,5,9
강동구,상일동,고덕센트럴IPARK,59.97,2,2019,17178,25,2026,5,11
강동구,암사동,선사현대아파트,114.42,8,2000,10000,0,2026,5,6
강동구,둔촌동,현대4,59.49,6,1996,43000,0,2026,5,8
강동구,성내동,에스케이허브진,33.71,7,2004,28000,0,2026,5,7
강동구,천호동,현진리버파크,23.24,5,2017,19000,25,2026,5,11
강동구,고덕동,래미안힐스테이트고덕,84.88,21,2016,100000,0,2026,5,5
강동구,길동,강동역에스케이허브,84.94,24,2006,15000,190,2026,5,9
강동구,상일동,고덕아르테온,84.97,9,2020,72000,0,2026,5,9
강동구,천호동,동아하이빌아파트,59.98,9,2000,40000,40,2026,5,11
강동구,암사동,롯데캐슬퍼스트,112.11,3,2008,73500,20,2026,5,9
강동구,고덕동,고덕그라시움,59.785,2,2019,8160,82,2026,5,11
강동구,고덕동,고덕그라시움,59.052,14,2019,11000,280,2026,5,7
강동구,천호동,천호태영아파트,59.63,5,1999,60000,0,2026,5,9
강동구,명일동,래미안솔베뉴,59.25,15,2019,67000,0,2026,5,5
강동구,강일동,힐스테이트리슈빌강일,84.6331,6,2023,75000,0,2026,5,9
강동구,천호동,집앤사스윗사이드아파트,14.01,6,2019,17900,20,2026,5,6
강동구,상일동,고덕센트럴IPARK,59.97,5,2019,70000,40,2026,5,9
강동구,천호동,강동밀레니얼중흥S-클래스,47.4496,21,2024,3932,24,2026,5,11
강동구,둔촌동,초원동아,59.63,4,1997,10000,180,2026,5,4
강동구,상일동,고덕아르테온,59.98,4,2020,81000,0,2026,5,4
강동구,성내동,힐스테이트천호역젠트리스,84.8422,26,2024,78500,0,2026,5,9
강동구,천호동,베스트빌,114.85,2,2002,40000,0,2026,5,1
강동구,길동,강동헤리티지자이,59.98,15,2024,18000,190,2026,5,10
강동구,상일동,고덕롯데캐슬베네루체,84.923,17,2019,64050,0,2026,5,9
강동구,고덕동,고덕그라시움,84.244,21,2019,80000,80,2026,5,11
강동구,상일동,고덕센트럴IPARK,59.97,7,2019,75000,0,2026,5,4
강동구,고덕동,배재현대,59.94,10,1995,10000,180,2026,5,2
강동구,상일동,고덕아르테온,84.93,24,2020,20000,280,2026,5,6
강동구,천호동,엘림스퀘어II,14.92,13,2019,1000,70,2026,5,7
강동구,상일동,강동리엔파크14단지,17.81,9,2021,7060,10,2026,5,11
강동구,강일동,강일리버파크1단지,84.74,4,2009,45300,0,2026,5,7
강동구,암사동,선사현대아파트,59.64,2,2000,47250,0,2026,5,8
강동구,상일동,고덕센트럴IPARK,59.97,6,2019,18078,26,2026,5,11
강동구,천호동,강변그대가리버뷰,84.97,3,2007,68250,0,2026,5,1
강동구,둔촌동,현대3,79.99,4,1988,39000,7,2026,5,9
강동구,상일동,고덕롯데캐슬베네루체,84.146,6,2019,5000,237,2026,5,9
강동구,상일동,고덕아르테온,84.94,1,2020,68000,0,2026,5,11
강동구,강일동,강일리버파크4단지,84.53,1,2009,46200,0,2026,5,9
강동구,고덕동,래미안힐스테이트고덕,59.23,5,2016,60000,100,2026,5,9
강동구,고덕동,아남1,84.91,2,1996,20000,120,2026,5,9
강동구,강일동,강동리버스트4단지,29.44,6,2020,3891,8,2026,5,10
강동구,상일동,고덕아르테온,59.98,7,2020,60000,50,2026,5,8
강동구,상일동,고덕롯데캐슬베네루체,84.923,22,2019,82000,0,2026,5,8
강동구,고덕동,고덕그라시움,97.801,30,2019,94500,0,2026,5,6
강동구,길동,청광플러스원큐브3차,13.265,7,2014,9200,0,2026,5,8
강동구,천호동,어바니엘,13.4433,7,2019,1000,65,2026,5,7
강동구,성내동,SM엘루이,14.83,4,2019,17890,6,2026,5,7
강동구,상일동,고덕아르테온,84.97,20,2020,90000,0,2026,5,7
강동구,상일동,강동리엔파크14단지,49.69,9,2021,20000,120,2026,5,7
강동구,천호동,천호태영아파트,59.63,13,1999,60000,0,2026,5,2
강동구,강일동,강일리버파크2단지,84.83,2,2009,60000,0,2026,5,8
강동구,천호동,현진리버파크,24.77,8,2017,26200,6,2026,5,7
강동구,천호동,래미안강동팰리스,84.97,32,2017,97000,0,2026,5,6
강동구,명일동,래미안솔베뉴,59.32,8,2019,45000,120,2026,5,7
강동구,고덕동,배재현대,59.94,18,1995,56000,0,2026,5,7
강동구,강일동,강동리버스트4단지,49.82,5,2020,55000,0,2026,5,7
강동구,길동,길동우성,40.36,6,1994,29150,0,2026,5,8
강동구,성내동,성안마을청구,59.93,12,2002,30000,50,2026,5,6
강동구,암사동,롯데캐슬퍼스트,84.98,7,2008,72450,0,2026,5,5
강동구,암사동,롯데캐슬퍼스트,59.99,25,2008,30000,170,2026,5,5
강동구,길동,강동헤리티지자이,84.977,20,2024,52500,105,2026,5,7
강동구,암사동,삼성광나루,84.93,22,2002,82000,0,2026,5,7
강동구,상일동,고덕자이,59.9398,6,2021,77000,0,2026,5,6
강동구,둔촌동,프라자,109.07,6,1984,40793,0,2026,5,5
강동구,길동,이편한세상강동에코포레,84.99,2,2020,63000,0,2026,5,7
강동구,천호동,강변그대가리버뷰,84.97,6,2007,75000,0,2026,5,6
강동구,고덕동,고덕그라시움,59.785,9,2019,80000,0,2026,5,1
강동구,고덕동,고덕센트럴푸르지오,40.09,17,2020,14510,20,2026,5,6
강동구,강일동,강동리버스트4단지,49.82,13,2020,10000,160,2026,5,3
강동구,강일동,강일리버파크5단지,59.87,3,2009,40000,80,2026,5,4
강동구,명일동,현대(명일),57.09,14,1988,50000,0,2026,5,6
강동구,길동,중앙하이츠강동,44.0651,9,2024,42000,0,2026,5,1
강동구,성내동,천호역효성해링턴타워,16.09,3,2023,6142,10,2026,5,6
강동구,명일동,삼익그린2차,66.87,13,1983,45000,0,2026,5,7
강동구,암사동,금정우리가,29.4676,4,2018,26550,0,2026,5,1
강동구,명일동,래미안솔베뉴,49.68,15,2019,57750,0,2026,5,6
강동구,강일동,힐스테이트리슈빌강일,84.8942,4,2023,70000,0,2026,5,6
강동구,암사동,선사현대아파트,59.64,16,2000,55000,0,2026,5,6
강동구,천호동,어바니엘,13.4433,13,2019,1000,71,2026,5,6
강동구,상일동,고덕센트럴IPARK,84.97,4,2019,10000,300,2026,5,5
강동구,고덕동,래미안힐스테이트고덕,84.9,5,2016,62400,0,2026,5,6
강동구,천호동,천호태영아파트,84.88,4,1999,70000,0,2026,5,2
강동구,천호동,어바니엘,13.4433,8,2019,1000,65,2026,5,6
강동구,강일동,힐스테이트리슈빌강일,84.9399,5,2023,75000,0,2026,5,6
강동구,둔촌동,올림픽파크포레온,84.99,26,2024,135000,0,2026,5,6
강동구,천호동,어바니엘,13.2865,10,2019,1000,72,2026,5,6
강동구,상일동,고덕롯데캐슬베네루체,59.981,15,2019,62000,0,2026,5,6
강동구,고덕동,래미안힐스테이트고덕,72.02,2,2016,61950,0,2026,5,6
강동구,상일동,고덕자이,84.9712,11,2021,69000,13,2026,5,6
